timestamp, index, clocks.current.sm [MHz], clocks.current.memory [MHz], power.draw [W], temperature.gpu
2026/10/07 23:33:14.401, 0, 120 MHz, 3996 MHz, 184.47 W, 33
2026/10/07 23:33:14.403, 1, 120 MHz, 3996 MHz, 186.32 W, 36
2026/10/07 23:33:14.405, 2, 120 MHz, 3996 MHz, 184.09 W, 31
2026/10/07 23:33:14.406, 3, 120 MHz, 3996 MHz, 182.68 W, 31
2026/10/07 23:33:14.408, 4, 120 MHz, 3996 MHz, 182.72 W, 36
2026/10/07 23:33:14.409, 5, 120 MHz, 3996 MHz, 182.65 W, 34
2026/10/07 23:33:14.414, 6, 120 MHz, 3996 MHz, 184.83 W, 31
2026/10/07 23:33:14.416, 7, 120 MHz, 3996 MHz, 185.27 W, 30
2026/10/07 23:33:15.417, 0, 120 MHz, 3996 MHz, 184.47 W, 33
2026/10/07 23:33:15.418, 1, 120 MHz, 3996 MHz, 186.36 W, 36
2026/10/07 23:33:15.418, 2, 120 MHz, 3996 MHz, 184.09 W, 31
2026/10/07 23:33:15.418, 3, 120 MHz, 3996 MHz, 182.54 W, 31
2026/10/07 23:33:15.418, 4, 120 MHz, 3996 MHz, 182.65 W, 36
2026/10/07 23:33:15.418, 5, 120 MHz, 3996 MHz, 182.65 W, 34
2026/10/07 23:33:15.418, 6, 120 MHz, 3996 MHz, 184.83 W, 31
2026/10/07 23:33:15.418, 7, 120 MHz, 3996 MHz, 185.78 W, 30
2026/10/07 23:33:16.418, 0, 120 MHz, 3996 MHz, 184.47 W, 33
2026/10/07 23:33:16.418, 1, 120 MHz, 3996 MHz, 186.29 W, 36
2026/10/07 23:33:16.418, 2, 120 MHz, 3996 MHz, 184.09 W, 31
2026/10/07 23:33:16.418, 3, 120 MHz, 3996 MHz, 183.06 W, 31
2026/10/07 23:33:16.418, 4, 120 MHz, 3996 MHz, 182.80 W, 36
2026/10/07 23:33:16.418, 5, 120 MHz, 3996 MHz, 182.65 W, 34
2026/10/07 23:33:16.418, 6, 120 MHz, 3996 MHz, 184.83 W, 31
2026/10/07 23:33:16.418, 7, 120 MHz, 3996 MHz, 185.63 W, 30
2026/10/07 23:33:17.418, 0, 120 MHz, 3996 MHz, 185.23 W, 34
2026/10/07 23:33:17.418, 1, 120 MHz, 3996 MHz, 186.59 W, 36
2026/10/07 23:33:17.418, 2, 120 MHz, 3996 MHz, 184.09 W, 31
2026/10/07 23:33:17.418, 3, 120 MHz, 3996 MHz, 182.93 W, 31
2026/10/07 23:33:17.418, 4, 120 MHz, 3996 MHz, 182.65 W, 36
2026/10/07 23:33:17.418, 5, 120 MHz, 3996 MHz, 182.65 W, 34
2026/10/07 23:33:17.418, 6, 120 MHz, 3996 MHz, 184.83 W, 31
2026/10/07 23:33:17.418, 7, 120 MHz, 3996 MHz, 185.62 W, 30
2026/10/07 23:33:18.418, 0, 120 MHz, 3996 MHz, 185.16 W, 34
2026/10/07 23:33:18.418, 1, 120 MHz, 3996 MHz, 186.44 W, 36
2026/10/07 23:33:18.418, 2, 120 MHz, 3996 MHz, 184.09 W, 31
2026/10/07 23:33:18.418, 3, 120 MHz, 3996 MHz, 183.16 W, 32
2026/10/07 23:33:18.418, 4, 120 MHz, 3996 MHz, 182.68 W, 36
2026/10/07 23:33:18.418, 5, 120 MHz, 3996 MHz, 182.68 W, 34
2026/10/07 23:33:18.418, 6, 120 MHz, 3996 MHz, 184.83 W, 31
2026/10/07 23:33:18.418, 7, 120 MHz, 3996 MHz, 185.95 W, 30
2026/10/07 23:33:19.419, 0, 120 MHz, 3996 MHz, 184.51 W, 34
2026/10/07 23:33:19.419, 1, 120 MHz, 3996 MHz, 186.51 W, 36
2026/10/07 23:33:19.419, 2, 120 MHz, 3996 MHz, 184.09 W, 31
2026/10/07 23:33:19.419, 3, 120 MHz, 3996 MHz, 183.74 W, 32
2026/10/07 23:33:19.419, 4, 120 MHz, 3996 MHz, 182.65 W, 36
2026/10/07 23:33:19.419, 5, 120 MHz, 3996 MHz, 182.65 W, 34
2026/10/07 23:33:19.419, 6, 120 MHz, 3996 MHz, 184.83 W, 31
2026/10/07 23:33:19.419, 7, 120 MHz, 3996 MHz, 186.46 W, 30
2026/10/07 23:33:20.419, 0, 120 MHz, 3996 MHz, 184.47 W, 34
2026/10/07 23:33:20.419, 1, 120 MHz, 3996 MHz, 186.48 W, 36
2026/10/07 23:33:20.419, 2, 120 MHz, 3996 MHz, 184.09 W, 32
2026/10/07 23:33:20.419, 3, 120 MHz, 3996 MHz, 183.63 W, 32
2026/10/07 23:33:20.419, 4, 120 MHz, 3996 MHz, 182.65 W, 36
2026/10/07 23:33:20.419, 5, 120 MHz, 3996 MHz, 182.65 W, 34
2026/10/07 23:33:20.419, 6, 120 MHz, 3996 MHz, 184.91 W, 31
2026/10/07 23:33:20.419, 7, 120 MHz, 3996 MHz, 186.54 W, 30
2026/10/07 23:33:21.419, 0, 120 MHz, 3996 MHz, 184.51 W, 34
2026/10/07 23:33:21.419, 1, 120 MHz, 3996 MHz, 188.11 W, 36
2026/10/07 23:33:21.419, 2, 120 MHz, 3996 MHz, 184.09 W, 32
2026/10/07 23:33:21.419, 3, 120 MHz, 3996 MHz, 182.76 W, 32
2026/10/07 23:33:21.419, 4, 120 MHz, 3996 MHz, 182.65 W, 36
2026/10/07 23:33:21.419, 5, 120 MHz, 3996 MHz, 182.65 W, 34
2026/10/07 23:33:21.419, 6, 120 MHz, 3996 MHz, 184.99 W, 31
2026/10/07 23:33:21.419, 7, 120 MHz, 3996 MHz, 186.55 W, 30
2026/10/07 23:33:22.420, 0, 120 MHz, 3996 MHz, 184.47 W, 34
2026/10/07 23:33:22.420, 1, 120 MHz, 3996 MHz, 188.19 W, 36
2026/10/07 23:33:22.420, 2, 120 MHz, 3996 MHz, 184.09 W, 32
2026/10/07 23:33:22.420, 3, 120 MHz, 3996 MHz, 182.85 W, 32
2026/10/07 23:33:22.420, 4, 120 MHz, 3996 MHz, 182.65 W, 36
2026/10/07 23:33:22.420, 5, 120 MHz, 3996 MHz, 182.65 W, 34
2026/10/07 23:33:22.420, 6, 120 MHz, 3996 MHz, 184.83 W, 31
2026/10/07 23:33:22.420, 7, 120 MHz, 3996 MHz, 186.54 W, 30
2026/10/07 23:33:23.420, 0, 120 MHz, 3996 MHz, 184.51 W, 34
2026/10/07 23:33:23.420, 1, 120 MHz, 3996 MHz, 186.32 W, 36
2026/10/07 23:33:23.420, 2, 120 MHz, 3996 MHz, 184.09 W, 32
2026/10/07 23:33:23.420, 3, 120 MHz, 3996 MHz, 183.00 W, 32
2026/10/07 23:33:23.420, 4, 120 MHz, 3996 MHz, 182.65 W, 36
2026/10/07 23:33:23.420, 5, 120 MHz, 3996 MHz, 182.65 W, 34
2026/10/07 23:33:23.420, 6, 120 MHz, 3996 MHz, 184.83 W, 31
2026/10/07 23:33:23.420, 7, 120 MHz, 3996 MHz, 186.55 W, 30
2026/10/07 23:33:24.420, 0, 120 MHz, 3996 MHz, 184.47 W, 34
2026/10/07 23:33:24.420, 1, 120 MHz, 3996 MHz, 186.32 W, 36
2026/10/07 23:33:24.420, 2, 120 MHz, 3996 MHz, 184.09 W, 32
2026/10/07 23:33:24.420, 3, 120 MHz, 3996 MHz, 182.77 W, 32
2026/10/07 23:33:24.420, 4, 120 MHz, 3996 MHz, 182.65 W, 36
2026/10/07 23:33:24.420, 5, 120 MHz, 3996 MHz, 182.65 W, 34
2026/10/07 23:33:24.421, 6, 120 MHz, 3996 MHz, 184.83 W, 31
2026/10/07 23:33:24.421, 7, 120 MHz, 3996 MHz, 186.54 W, 30
2026/10/07 23:33:25.421, 0, 120 MHz, 3996 MHz, 184.50 W, 34
2026/10/07 23:33:25.421, 1, 120 MHz, 3996 MHz, 186.29 W, 36
2026/10/07 23:33:25.421, 2, 120 MHz, 3996 MHz, 184.09 W, 32
2026/10/07 23:33:25.421, 3, 120 MHz, 3996 MHz, 182.92 W, 32
2026/10/07 23:33:25.421, 4, 120 MHz, 3996 MHz, 182.65 W, 36
2026/10/07 23:33:25.421, 5, 120 MHz, 3996 MHz, 182.65 W, 34
2026/10/07 23:33:25.421, 6, 120 MHz, 3996 MHz, 184.83 W, 31
2026/10/07 23:33:25.421, 7, 120 MHz, 3996 MHz, 186.57 W, 31
2026/10/07 23:33:26.421, 0, 120 MHz, 3996 MHz, 184.51 W, 34
2026/10/07 23:33:26.421, 1, 120 MHz, 3996 MHz, 186.32 W, 36
2026/10/07 23:33:26.421, 2, 120 MHz, 3996 MHz, 184.09 W, 32
2026/10/07 23:33:26.421, 3, 120 MHz, 3996 MHz, 182.81 W, 32
2026/10/07 23:33:26.421, 4, 120 MHz, 3996 MHz, 182.65 W, 36
2026/10/07 23:33:26.421, 5, 120 MHz, 3996 MHz, 182.65 W, 35
2026/10/07 23:33:26.421, 6, 120 MHz, 3996 MHz, 184.83 W, 31
2026/10/07 23:33:26.421, 7, 120 MHz, 3996 MHz, 186.57 W, 31
2026/10/07 23:33:27.421, 0, 120 MHz, 3996 MHz, 184.47 W, 34
2026/10/07 23:33:27.421, 1, 120 MHz, 3996 MHz, 186.32 W, 36
2026/10/07 23:33:27.421, 2, 120 MHz, 3996 MHz, 184.09 W, 32
2026/10/07 23:33:27.421, 3, 120 MHz, 3996 MHz, 183.11 W, 32
2026/10/07 23:33:27.422, 4, 120 MHz, 3996 MHz, 182.65 W, 36
2026/10/07 23:33:27.422, 5, 120 MHz, 3996 MHz, 182.65 W, 35
2026/10/07 23:33:27.422, 6, 120 MHz, 3996 MHz, 184.83 W, 31
2026/10/07 23:33:27.422, 7, 120 MHz, 3996 MHz, 186.55 W, 31
2026/10/07 23:33:28.422, 0, 120 MHz, 3996 MHz, 184.47 W, 34
2026/10/07 23:33:28.422, 1, 120 MHz, 3996 MHz, 186.32 W, 36
2026/10/07 23:33:28.422, 2, 120 MHz, 3996 MHz, 184.09 W, 32
2026/10/07 23:33:28.422, 3, 120 MHz, 3996 MHz, 183.19 W, 32
2026/10/07 23:33:28.422, 4, 120 MHz, 3996 MHz, 182.65 W, 36
2026/10/07 23:33:28.422, 5, 120 MHz, 3996 MHz, 182.65 W, 35
2026/10/07 23:33:28.422, 6, 120 MHz, 3996 MHz, 184.87 W, 32
2026/10/07 23:33:28.422, 7, 120 MHz, 3996 MHz, 186.55 W, 31
2026/10/07 23:33:29.422, 0, 120 MHz, 3996 MHz, 184.58 W, 34
2026/10/07 23:33:29.422, 1, 120 MHz, 3996 MHz, 186.44 W, 36
2026/10/07 23:33:29.422, 2, 120 MHz, 3996 MHz, 184.09 W, 32
2026/10/07 23:33:29.422, 3, 120 MHz, 3996 MHz, 183.21 W, 32
2026/10/07 23:33:29.422, 4, 120 MHz, 3996 MHz, 182.65 W, 36
2026/10/07 23:33:29.422, 5, 120 MHz, 3996 MHz, 182.65 W, 35
2026/10/07 23:33:29.422, 6, 120 MHz, 3996 MHz, 184.99 W, 32
2026/10/07 23:33:29.422, 7, 120 MHz, 3996 MHz, 186.54 W, 31
2026/10/07 23:33:30.422, 0, 120 MHz, 3996 MHz, 184.70 W, 34
2026/10/07 23:33:30.422, 1, 120 MHz, 3996 MHz, 187.10 W, 36
2026/10/07 23:33:30.422, 2, 120 MHz, 3996 MHz, 184.09 W, 32
2026/10/07 23:33:30.422, 3, 120 MHz, 3996 MHz, 183.50 W, 32
2026/10/07 23:33:30.423, 4, 120 MHz, 3996 MHz, 182.65 W, 36
2026/10/07 23:33:30.423, 5, 120 MHz, 3996 MHz, 182.65 W, 35
2026/10/07 23:33:30.423, 6, 120 MHz, 3996 MHz, 185.25 W, 32
2026/10/07 23:33:30.423, 7, 120 MHz, 3996 MHz, 186.54 W, 31
2026/10/07 23:33:31.425, 0, 120 MHz, 3996 MHz, 186.26 W, 34
2026/10/07 23:33:31.425, 1, 120 MHz, 3996 MHz, 187.16 W, 36
2026/10/07 23:33:31.425, 2, 120 MHz, 3996 MHz, 184.13 W, 32
2026/10/07 23:33:31.425, 3, 120 MHz, 3996 MHz, 183.55 W, 32
2026/10/07 23:33:31.425, 4, 120 MHz, 3996 MHz, 182.65 W, 36
2026/10/07 23:33:31.425, 5, 120 MHz, 3996 MHz, 182.65 W, 35
2026/10/07 23:33:31.425, 6, 120 MHz, 3996 MHz, 185.38 W, 32
2026/10/07 23:33:31.426, 7, 120 MHz, 3996 MHz, 186.54 W, 31
2026/10/07 23:33:32.426, 0, 120 MHz, 3996 MHz, 186.33 W, 34
2026/10/07 23:33:32.426, 1, 120 MHz, 3996 MHz, 187.20 W, 36
2026/10/07 23:33:32.426, 2, 120 MHz, 3996 MHz, 184.09 W, 32
2026/10/07 23:33:32.426, 3, 120 MHz, 3996 MHz, 184.01 W, 32
2026/10/07 23:33:32.426, 4, 120 MHz, 3996 MHz, 182.65 W, 36
2026/10/07 23:33:32.426, 5, 120 MHz, 3996 MHz, 182.65 W, 35
2026/10/07 23:33:32.426, 6, 120 MHz, 3996 MHz, 185.44 W, 32
2026/10/07 23:33:32.426, 7, 120 MHz, 3996 MHz, 186.54 W, 31
2026/10/07 23:33:33.426, 0, 120 MHz, 3996 MHz, 184.86 W, 34
2026/10/07 23:33:33.426, 1, 120 MHz, 3996 MHz, 187.57 W, 36
2026/10/07 23:33:33.426, 2, 120 MHz, 3996 MHz, 184.13 W, 32
2026/10/07 23:33:33.426, 3, 120 MHz, 3996 MHz, 184.00 W, 32
2026/10/07 23:33:33.426, 4, 120 MHz, 3996 MHz, 182.65 W, 36
2026/10/07 23:33:33.426, 5, 120 MHz, 3996 MHz, 182.65 W, 35
2026/10/07 23:33:33.426, 6, 120 MHz, 3996 MHz, 185.79 W, 32
2026/10/07 23:33:33.426, 7, 120 MHz, 3996 MHz, 186.54 W, 31
2026/10/07 23:33:34.426, 0, 120 MHz, 3996 MHz, 185.91 W, 34
2026/10/07 23:33:34.426, 1, 120 MHz, 3996 MHz, 188.08 W, 36
2026/10/07 23:33:34.426, 2, 120 MHz, 3996 MHz, 184.32 W, 32
2026/10/07 23:33:34.427, 3, 120 MHz, 3996 MHz, 184.05 W, 32
2026/10/07 23:33:34.427, 4, 120 MHz, 3996 MHz, 182.65 W, 36
2026/10/07 23:33:34.427, 5, 120 MHz, 3996 MHz, 182.65 W, 35
2026/10/07 23:33:34.427, 6, 120 MHz, 3996 MHz, 186.32 W, 32
2026/10/07 23:33:34.427, 7, 120 MHz, 3996 MHz, 186.54 W, 31
2026/10/07 23:33:35.427, 0, 120 MHz, 3996 MHz, 186.41 W, 34
2026/10/07 23:33:35.427, 1, 120 MHz, 3996 MHz, 188.19 W, 36
2026/10/07 23:33:35.427, 2, 120 MHz, 3996 MHz, 184.36 W, 32
2026/10/07 23:33:35.427, 3, 120 MHz, 3996 MHz, 184.11 W, 32
2026/10/07 23:33:35.427, 4, 120 MHz, 3996 MHz, 182.65 W, 36
2026/10/07 23:33:35.427, 5, 120 MHz, 3996 MHz, 182.65 W, 35
2026/10/07 23:33:35.427, 6, 120 MHz, 3996 MHz, 186.70 W, 32
2026/10/07 23:33:35.427, 7, 120 MHz, 3996 MHz, 186.55 W, 31
2026/10/07 23:33:36.427, 0, 120 MHz, 3996 MHz, 186.41 W, 34
2026/10/07 23:33:36.427, 1, 120 MHz, 3996 MHz, 188.23 W, 36
2026/10/07 23:33:36.427, 2, 120 MHz, 3996 MHz, 184.70 W, 32
2026/10/07 23:33:36.427, 3, 120 MHz, 3996 MHz, 184.09 W, 32
2026/10/07 23:33:36.427, 4, 120 MHz, 3996 MHz, 182.65 W, 36
2026/10/07 23:33:36.427, 5, 120 MHz, 3996 MHz, 182.65 W, 35
2026/10/07 23:33:36.427, 6, 120 MHz, 3996 MHz, 186.74 W, 32
2026/10/07 23:33:36.427, 7, 120 MHz, 3996 MHz, 186.53 W, 31
2026/10/07 23:33:37.427, 0, 120 MHz, 3996 MHz, 186.41 W, 34
2026/10/07 23:33:37.428, 1, 120 MHz, 3996 MHz, 188.19 W, 36
2026/10/07 23:33:37.428, 2, 120 MHz, 3996 MHz, 184.16 W, 32
2026/10/07 23:33:37.428, 3, 120 MHz, 3996 MHz, 184.10 W, 32
2026/10/07 23:33:37.428, 4, 120 MHz, 3996 MHz, 182.65 W, 36
2026/10/07 23:33:37.428, 5, 120 MHz, 3996 MHz, 182.66 W, 35
2026/10/07 23:33:37.428, 6, 120 MHz, 3996 MHz, 186.15 W, 32
2026/10/07 23:33:37.428, 7, 120 MHz, 3996 MHz, 186.54 W, 31
2026/10/07 23:33:38.428, 0, 120 MHz, 3996 MHz, 185.90 W, 34
2026/10/07 23:33:38.428, 1, 120 MHz, 3996 MHz, 187.85 W, 36
2026/10/07 23:33:38.428, 2, 120 MHz, 3996 MHz, 184.21 W, 32
2026/10/07 23:33:38.428, 3, 120 MHz, 3996 MHz, 183.89 W, 32
2026/10/07 23:33:38.428, 4, 120 MHz, 3996 MHz, 182.65 W, 36
2026/10/07 23:33:38.428, 5, 120 MHz, 3996 MHz, 182.65 W, 35
2026/10/07 23:33:38.428, 6, 120 MHz, 3996 MHz, 186.05 W, 32
2026/10/07 23:33:38.428, 7, 120 MHz, 3996 MHz, 186.53 W, 31
2026/10/07 23:33:39.428, 0, 120 MHz, 3996 MHz, 184.85 W, 34
2026/10/07 23:33:39.428, 1, 120 MHz, 3996 MHz, 187.92 W, 37
2026/10/07 23:33:39.428, 2, 120 MHz, 3996 MHz, 184.09 W, 32
2026/10/07 23:33:39.428, 3, 120 MHz, 3996 MHz, 184.02 W, 32
2026/10/07 23:33:39.429, 4, 120 MHz, 3996 MHz, 182.65 W, 36
2026/10/07 23:33:39.429, 5, 120 MHz, 3996 MHz, 182.65 W, 35
2026/10/07 23:33:39.429, 6, 120 MHz, 3996 MHz, 184.83 W, 32
2026/10/07 23:33:39.429, 7, 120 MHz, 3996 MHz, 186.55 W, 31
2026/10/07 23:33:40.429, 0, 2032 MHz, 3996 MHz, 223.59 W, 35
2026/10/07 23:33:40.429, 1, 120 MHz, 3996 MHz, 187.98 W, 37
2026/10/07 23:33:40.429, 2, 120 MHz, 3996 MHz, 184.09 W, 32
2026/10/07 23:33:40.429, 3, 120 MHz, 3996 MHz, 184.09 W, 32
2026/10/07 23:33:40.429, 4, 120 MHz, 3996 MHz, 182.64 W, 36
2026/10/07 23:33:40.429, 5, 120 MHz, 3996 MHz, 182.66 W, 35
2026/10/07 23:33:40.429, 6, 120 MHz, 3996 MHz, 184.83 W, 32
2026/10/07 23:33:40.429, 7, 120 MHz, 3996 MHz, 186.54 W, 31
2026/10/07 23:33:41.430, 0, 2032 MHz, 3996 MHz, 236.74 W, 35
2026/10/07 23:33:41.430, 1, 120 MHz, 3996 MHz, 187.99 W, 37
2026/10/07 23:33:41.430, 2, 120 MHz, 3996 MHz, 184.09 W, 32
2026/10/07 23:33:41.431, 3, 120 MHz, 3996 MHz, 184.08 W, 32
2026/10/07 23:33:41.431, 4, 120 MHz, 3996 MHz, 182.65 W, 36
2026/10/07 23:33:41.431, 5, 120 MHz, 3996 MHz, 182.65 W, 35
2026/10/07 23:33:41.431, 6, 120 MHz, 3996 MHz, 184.83 W, 32
2026/10/07 23:33:41.431, 7, 120 MHz, 3996 MHz, 186.54 W, 31
2026/10/07 23:33:42.431, 0, 2032 MHz, 3996 MHz, 236.74 W, 36
2026/10/07 23:33:42.431, 1, 120 MHz, 3996 MHz, 188.10 W, 37
2026/10/07 23:33:42.431, 2, 120 MHz, 3996 MHz, 184.09 W, 32
2026/10/07 23:33:42.431, 3, 120 MHz, 3996 MHz, 184.12 W, 32
2026/10/07 23:33:42.431, 4, 120 MHz, 3996 MHz, 182.65 W, 36
2026/10/07 23:33:42.431, 5, 120 MHz, 3996 MHz, 182.72 W, 35
2026/10/07 23:33:42.431, 6, 120 MHz, 3996 MHz, 184.91 W, 32
2026/10/07 23:33:42.431, 7, 120 MHz, 3996 MHz, 186.53 W, 31
2026/10/07 23:33:43.431, 0, 2032 MHz, 3996 MHz, 237.20 W, 36
2026/10/07 23:33:43.431, 1, 120 MHz, 3996 MHz, 188.10 W, 37
2026/10/07 23:33:43.431, 2, 120 MHz, 3996 MHz, 184.13 W, 32
2026/10/07 23:33:43.431, 3, 120 MHz, 3996 MHz, 184.07 W, 33
2026/10/07 23:33:43.431, 4, 120 MHz, 3996 MHz, 182.65 W, 36
2026/10/07 23:33:43.431, 5, 120 MHz, 3996 MHz, 182.76 W, 35
2026/10/07 23:33:43.431, 6, 120 MHz, 3996 MHz, 184.91 W, 32
2026/10/07 23:33:43.431, 7, 120 MHz, 3996 MHz, 186.53 W, 31
2026/10/07 23:33:44.432, 0, 2032 MHz, 3996 MHz, 238.68 W, 36
2026/10/07 23:33:44.432, 1, 120 MHz, 3996 MHz, 188.10 W, 37
2026/10/07 23:33:44.432, 2, 2032 MHz, 3996 MHz, 215.44 W, 33
2026/10/07 23:33:44.432, 3, 120 MHz, 3996 MHz, 183.99 W, 33
2026/10/07 23:33:44.432, 4, 120 MHz, 3996 MHz, 182.65 W, 36
2026/10/07 23:33:44.432, 5, 120 MHz, 3996 MHz, 182.65 W, 35
2026/10/07 23:33:44.432, 6, 120 MHz, 3996 MHz, 184.87 W, 32
2026/10/07 23:33:44.432, 7, 120 MHz, 3996 MHz, 186.56 W, 31
2026/10/07 23:33:45.432, 0, 2032 MHz, 3996 MHz, 238.60 W, 36
2026/10/07 23:33:45.432, 1, 120 MHz, 3996 MHz, 188.06 W, 37
2026/10/07 23:33:45.432, 2, 2032 MHz, 3996 MHz, 236.81 W, 34
2026/10/07 23:33:45.432, 3, 120 MHz, 3996 MHz, 183.97 W, 33
2026/10/07 23:33:45.432, 4, 120 MHz, 3996 MHz, 182.65 W, 37
2026/10/07 23:33:45.432, 5, 120 MHz, 3996 MHz, 182.73 W, 35
2026/10/07 23:33:45.432, 6, 120 MHz, 3996 MHz, 184.91 W, 32
2026/10/07 23:33:45.432, 7, 120 MHz, 3996 MHz, 186.56 W, 31
2026/10/07 23:33:46.432, 0, 2032 MHz, 3996 MHz, 237.39 W, 36
2026/10/07 23:33:46.432, 1, 120 MHz, 3996 MHz, 188.06 W, 37
2026/10/07 23:33:46.432, 2, 2032 MHz, 3996 MHz, 236.81 W, 34
2026/10/07 23:33:46.432, 3, 120 MHz, 3996 MHz, 183.97 W, 33
2026/10/07 23:33:46.432, 4, 120 MHz, 3996 MHz, 182.65 W, 37
2026/10/07 23:33:46.432, 5, 120 MHz, 3996 MHz, 182.73 W, 35
2026/10/07 23:33:46.433, 6, 120 MHz, 3996 MHz, 184.99 W, 32
2026/10/07 23:33:46.433, 7, 120 MHz, 3996 MHz, 186.55 W, 31
2026/10/07 23:33:47.433, 0, 2032 MHz, 3996 MHz, 256.94 W, 36
2026/10/07 23:33:47.433, 1, 120 MHz, 3996 MHz, 188.06 W, 37
2026/10/07 23:33:47.433, 2, 2032 MHz, 3996 MHz, 237.70 W, 34
2026/10/07 23:33:47.433, 3, 120 MHz, 3996 MHz, 183.97 W, 33
2026/10/07 23:33:47.433, 4, 120 MHz, 3996 MHz, 182.65 W, 37
2026/10/07 23:33:47.433, 5, 120 MHz, 3996 MHz, 182.72 W, 35
2026/10/07 23:33:47.433, 6, 120 MHz, 3996 MHz, 184.83 W, 32
2026/10/07 23:33:47.433, 7, 120 MHz, 3996 MHz, 186.55 W, 31
2026/10/07 23:33:48.433, 0, 2032 MHz, 3996 MHz, 244.50 W, 36
2026/10/07 23:33:48.433, 1, 120 MHz, 3996 MHz, 188.09 W, 37
2026/10/07 23:33:48.433, 2, 2032 MHz, 3996 MHz, 238.32 W, 34
2026/10/07 23:33:48.433, 3, 2032 MHz, 3996 MHz, 204.37 W, 33
2026/10/07 23:33:48.433, 4, 120 MHz, 3996 MHz, 182.65 W, 37
2026/10/07 23:33:48.433, 5, 120 MHz, 3996 MHz, 182.68 W, 35
2026/10/07 23:33:48.433, 6, 2032 MHz, 3996 MHz, 231.73 W, 33
2026/10/07 23:33:48.433, 7, 120 MHz, 3996 MHz, 186.43 W, 31
2026/10/07 23:33:49.433, 0, 2032 MHz, 3996 MHz, 238.32 W, 36
2026/10/07 23:33:49.433, 1, 2032 MHz, 3996 MHz, 213.49 W, 38
2026/10/07 23:33:49.433, 2, 2032 MHz, 3996 MHz, 238.10 W, 34
2026/10/07 23:33:49.433, 3, 2032 MHz, 3996 MHz, 236.77 W, 34
2026/10/07 23:33:49.433, 4, 120 MHz, 3996 MHz, 182.64 W, 37
2026/10/07 23:33:49.434, 5, 120 MHz, 3996 MHz, 182.68 W, 35
2026/10/07 23:33:49.434, 6, 2032 MHz, 3996 MHz, 238.78 W, 33
2026/10/07 23:33:49.434, 7, 2032 MHz, 3996 MHz, 233.09 W, 32
2026/10/07 23:33:50.434, 0, 2032 MHz, 3996 MHz, 297.24 W, 37
2026/10/07 23:33:50.434, 1, 2032 MHz, 3996 MHz, 248.64 W, 38
2026/10/07 23:33:50.434, 2, 2032 MHz, 3996 MHz, 255.42 W, 34
2026/10/07 23:33:50.434, 3, 2032 MHz, 3996 MHz, 237.03 W, 34
2026/10/07 23:33:50.434, 4, 120 MHz, 3996 MHz, 182.65 W, 37
2026/10/07 23:33:50.434, 5, 120 MHz, 3996 MHz, 182.65 W, 35
2026/10/07 23:33:50.434, 6, 2032 MHz, 3996 MHz, 238.99 W, 33
2026/10/07 23:33:50.434, 7, 2032 MHz, 3996 MHz, 238.45 W, 33
2026/10/07 23:33:51.434, 0, 2032 MHz, 3996 MHz, 312.89 W, 37
2026/10/07 23:33:51.434, 1, 2032 MHz, 3996 MHz, 249.52 W, 38
2026/10/07 23:33:51.434, 2, 2032 MHz, 3996 MHz, 244.36 W, 34
2026/10/07 23:33:51.434, 3, 2032 MHz, 3996 MHz, 238.75 W, 34
2026/10/07 23:33:51.434, 4, 120 MHz, 3996 MHz, 182.65 W, 37
2026/10/07 23:33:51.434, 5, 120 MHz, 3996 MHz, 182.72 W, 35
2026/10/07 23:33:51.434, 6, 2032 MHz, 3996 MHz, 240.37 W, 34
2026/10/07 23:33:51.434, 7, 2032 MHz, 3996 MHz, 239.55 W, 33
2026/10/07 23:33:52.434, 0, 2032 MHz, 3996 MHz, 299.27 W, 37
2026/10/07 23:33:52.434, 1, 2032 MHz, 3996 MHz, 250.08 W, 38
2026/10/07 23:33:52.434, 2, 2032 MHz, 3996 MHz, 237.17 W, 34
2026/10/07 23:33:52.434, 3, 2032 MHz, 3996 MHz, 239.20 W, 34
2026/10/07 23:33:52.434, 4, 120 MHz, 3996 MHz, 182.64 W, 37
2026/10/07 23:33:52.434, 5, 120 MHz, 3996 MHz, 182.76 W, 35
2026/10/07 23:33:52.434, 6, 2032 MHz, 3996 MHz, 240.47 W, 34
2026/10/07 23:33:52.434, 7, 2032 MHz, 3996 MHz, 240.08 W, 33
2026/10/07 23:33:53.435, 0, 2032 MHz, 3996 MHz, 259.33 W, 37
2026/10/07 23:33:53.435, 1, 2032 MHz, 3996 MHz, 250.51 W, 38
2026/10/07 23:33:53.435, 2, 2032 MHz, 3996 MHz, 253.54 W, 35
2026/10/07 23:33:53.435, 3, 2032 MHz, 3996 MHz, 256.43 W, 35
2026/10/07 23:33:53.435, 4, 120 MHz, 3996 MHz, 182.72 W, 37
2026/10/07 23:33:53.435, 5, 120 MHz, 3996 MHz, 182.76 W, 35
2026/10/07 23:33:53.435, 6, 2032 MHz, 3996 MHz, 239.37 W, 34
2026/10/07 23:33:53.435, 7, 2032 MHz, 3996 MHz, 238.98 W, 33
2026/10/07 23:33:54.435, 0, 2032 MHz, 3996 MHz, 259.13 W, 37
2026/10/07 23:33:54.435, 1, 2032 MHz, 3996 MHz, 269.01 W, 40
2026/10/07 23:33:54.435, 2, 2032 MHz, 3996 MHz, 322.27 W, 36
2026/10/07 23:33:54.435, 3, 2032 MHz, 3996 MHz, 239.16 W, 34
2026/10/07 23:33:54.435, 4, 120 MHz, 3996 MHz, 182.68 W, 37
2026/10/07 23:33:54.435, 5, 120 MHz, 3996 MHz, 182.87 W, 35
2026/10/07 23:33:54.435, 6, 2032 MHz, 3996 MHz, 257.68 W, 34
2026/10/07 23:33:54.435, 7, 2032 MHz, 3996 MHz, 257.27 W, 33
2026/10/07 23:33:55.435, 0, 2032 MHz, 3996 MHz, 252.00 W, 37
2026/10/07 23:33:55.435, 1, 2032 MHz, 3996 MHz, 250.14 W, 39
2026/10/07 23:33:55.435, 2, 2032 MHz, 3996 MHz, 295.90 W, 35
2026/10/07 23:33:55.435, 3, 2032 MHz, 3996 MHz, 245.60 W, 34
2026/10/07 23:33:55.435, 4, 120 MHz, 3996 MHz, 182.80 W, 37
2026/10/07 23:33:55.436, 5, 120 MHz, 3996 MHz, 183.03 W, 35
2026/10/07 23:33:55.436, 6, 2032 MHz, 3996 MHz, 245.33 W, 34
2026/10/07 23:33:55.436, 7, 2032 MHz, 3996 MHz, 245.85 W, 33
2026/10/07 23:33:56.436, 0, 2032 MHz, 3996 MHz, 242.25 W, 37
2026/10/07 23:33:56.436, 1, 2032 MHz, 3996 MHz, 257.05 W, 39
2026/10/07 23:33:56.436, 2, 2032 MHz, 3996 MHz, 283.43 W, 35
2026/10/07 23:33:56.436, 3, 2032 MHz, 3996 MHz, 258.55 W, 36
2026/10/07 23:33:56.436, 4, 120 MHz, 3996 MHz, 182.76 W, 37
2026/10/07 23:33:56.436, 5, 120 MHz, 3996 MHz, 182.72 W, 35
2026/10/07 23:33:56.436, 6, 2032 MHz, 3996 MHz, 239.11 W, 34
2026/10/07 23:33:56.436, 7, 2032 MHz, 3996 MHz, 238.95 W, 33
2026/10/07 23:33:57.436, 0, 2032 MHz, 3996 MHz, 244.93 W, 37
2026/10/07 23:33:57.436, 1, 2032 MHz, 3996 MHz, 268.19 W, 39
2026/10/07 23:33:57.436, 2, 2032 MHz, 3996 MHz, 252.61 W, 35
2026/10/07 23:33:57.436, 3, 2032 MHz, 3996 MHz, 300.96 W, 36
2026/10/07 23:33:57.436, 4, 120 MHz, 3996 MHz, 182.65 W, 37
2026/10/07 23:33:57.436, 5, 120 MHz, 3996 MHz, 182.84 W, 35
2026/10/07 23:33:57.436, 6, 2032 MHz, 3996 MHz, 297.10 W, 36
2026/10/07 23:33:57.436, 7, 2032 MHz, 3996 MHz, 293.99 W, 34
2026/10/07 23:33:58.436, 0, 2032 MHz, 3996 MHz, 238.23 W, 37
2026/10/07 23:33:58.436, 1, 2032 MHz, 3996 MHz, 316.48 W, 40
2026/10/07 23:33:58.436, 2, 2032 MHz, 3996 MHz, 254.06 W, 35
2026/10/07 23:33:58.436, 3, 2032 MHz, 3996 MHz, 302.92 W, 36
2026/10/07 23:33:58.436, 4, 120 MHz, 3996 MHz, 182.80 W, 37
2026/10/07 23:33:58.437, 5, 120 MHz, 3996 MHz, 182.84 W, 36
2026/10/07 23:33:58.437, 6, 2032 MHz, 3996 MHz, 314.29 W, 35
2026/10/07 23:33:58.437, 7, 2032 MHz, 3996 MHz, 315.09 W, 34
2026/10/07 23:33:59.437, 0, 2032 MHz, 3996 MHz, 238.34 W, 37
2026/10/07 23:33:59.437, 1, 2032 MHz, 3996 MHz, 307.86 W, 40
2026/10/07 23:33:59.437, 2, 2032 MHz, 3996 MHz, 249.24 W, 35
2026/10/07 23:33:59.437, 3, 2032 MHz, 3996 MHz, 291.12 W, 35
2026/10/07 23:33:59.437, 4, 120 MHz, 3996 MHz, 182.92 W, 37
2026/10/07 23:33:59.437, 5, 120 MHz, 3996 MHz, 183.35 W, 36
2026/10/07 23:33:59.437, 6, 2032 MHz, 3996 MHz, 294.13 W, 35
2026/10/07 23:33:59.437, 7, 2032 MHz, 3996 MHz, 293.76 W, 34
2026/10/07 23:34:00.437, 0, 2032 MHz, 3996 MHz, 238.28 W, 37
2026/10/07 23:34:00.437, 1, 2032 MHz, 3996 MHz, 304.73 W, 40
2026/10/07 23:34:00.437, 2, 2032 MHz, 3996 MHz, 243.84 W, 35
2026/10/07 23:34:00.437, 3, 2032 MHz, 3996 MHz, 256.00 W, 35
2026/10/07 23:34:00.437, 4, 120 MHz, 3996 MHz, 182.80 W, 37
2026/10/07 23:34:00.437, 5, 120 MHz, 3996 MHz, 183.07 W, 36
2026/10/07 23:34:00.437, 6, 2032 MHz, 3996 MHz, 267.42 W, 34
2026/10/07 23:34:00.437, 7, 2032 MHz, 3996 MHz, 264.98 W, 34
2026/10/07 23:34:01.437, 0, 2032 MHz, 3996 MHz, 246.72 W, 37
2026/10/07 23:34:01.437, 1, 2032 MHz, 3996 MHz, 269.19 W, 39
2026/10/07 23:34:01.437, 2, 2032 MHz, 3996 MHz, 242.77 W, 35
2026/10/07 23:34:01.437, 3, 2032 MHz, 3996 MHz, 259.21 W, 35
2026/10/07 23:34:01.437, 4, 120 MHz, 3996 MHz, 182.91 W, 37
2026/10/07 23:34:01.437, 5, 120 MHz, 3996 MHz, 182.92 W, 36
2026/10/07 23:34:01.437, 6, 2032 MHz, 3996 MHz, 255.39 W, 34
2026/10/07 23:34:01.438, 7, 2032 MHz, 3996 MHz, 257.57 W, 34
2026/10/07 23:34:02.438, 0, 2032 MHz, 3996 MHz, 238.42 W, 37
2026/10/07 23:34:02.438, 1, 2032 MHz, 3996 MHz, 270.64 W, 40
2026/10/07 23:34:02.438, 2, 2032 MHz, 3996 MHz, 238.56 W, 35
2026/10/07 23:34:02.438, 3, 2032 MHz, 3996 MHz, 252.21 W, 35
2026/10/07 23:34:02.438, 4, 120 MHz, 3996 MHz, 182.92 W, 37
2026/10/07 23:34:02.438, 5, 120 MHz, 3996 MHz, 183.27 W, 36
2026/10/07 23:34:02.438, 6, 2032 MHz, 3996 MHz, 257.79 W, 34
2026/10/07 23:34:02.438, 7, 2032 MHz, 3996 MHz, 257.27 W, 34
2026/10/07 23:34:03.438, 0, 2032 MHz, 3996 MHz, 238.41 W, 37
2026/10/07 23:34:03.438, 1, 2032 MHz, 3996 MHz, 267.27 W, 40
2026/10/07 23:34:03.438, 2, 2032 MHz, 3996 MHz, 238.60 W, 35
2026/10/07 23:34:03.438, 3, 2032 MHz, 3996 MHz, 242.51 W, 35
2026/10/07 23:34:03.438, 4, 120 MHz, 3996 MHz, 183.22 W, 37
2026/10/07 23:34:03.438, 5, 120 MHz, 3996 MHz, 183.06 W, 36
2026/10/07 23:34:03.438, 6, 2032 MHz, 3996 MHz, 247.79 W, 34
2026/10/07 23:34:03.438, 7, 2032 MHz, 3996 MHz, 244.93 W, 34
2026/10/07 23:34:04.438, 0, 2032 MHz, 3996 MHz, 238.44 W, 37
2026/10/07 23:34:04.438, 1, 2032 MHz, 3996 MHz, 254.91 W, 39
2026/10/07 23:34:04.438, 2, 2032 MHz, 3996 MHz, 238.59 W, 35
2026/10/07 23:34:04.438, 3, 2032 MHz, 3996 MHz, 245.65 W, 35
2026/10/07 23:34:04.438, 4, 120 MHz, 3996 MHz, 182.80 W, 37
2026/10/07 23:34:04.439, 5, 120 MHz, 3996 MHz, 183.08 W, 36
2026/10/07 23:34:04.439, 6, 2032 MHz, 3996 MHz, 247.08 W, 34
2026/10/07 23:34:04.439, 7, 2032 MHz, 3996 MHz, 246.60 W, 34
2026/10/07 23:34:05.439, 0, 2032 MHz, 3996 MHz, 238.44 W, 37
2026/10/07 23:34:05.439, 1, 2032 MHz, 3996 MHz, 257.38 W, 39
2026/10/07 23:34:05.439, 2, 2032 MHz, 3996 MHz, 246.80 W, 35
2026/10/07 23:34:05.439, 3, 2032 MHz, 3996 MHz, 238.59 W, 35
2026/10/07 23:34:05.439, 4, 120 MHz, 3996 MHz, 182.68 W, 37
2026/10/07 23:34:05.439, 5, 120 MHz, 3996 MHz, 183.12 W, 36
2026/10/07 23:34:05.439, 6, 2032 MHz, 3996 MHz, 240.51 W, 34
2026/10/07 23:34:05.439, 7, 2032 MHz, 3996 MHz, 239.92 W, 34
2026/10/07 23:34:06.439, 0, 2032 MHz, 3996 MHz, 238.51 W, 37
2026/10/07 23:34:06.439, 1, 2032 MHz, 3996 MHz, 250.93 W, 39
2026/10/07 23:34:06.439, 2, 2032 MHz, 3996 MHz, 238.61 W, 35
2026/10/07 23:34:06.439, 3, 2032 MHz, 3996 MHz, 238.77 W, 35
2026/10/07 23:34:06.439, 4, 120 MHz, 3996 MHz, 182.76 W, 37
2026/10/07 23:34:06.439, 5, 120 MHz, 3996 MHz, 183.22 W, 36
2026/10/07 23:34:06.439, 6, 2032 MHz, 3996 MHz, 240.35 W, 34
2026/10/07 23:34:06.439, 7, 2032 MHz, 3996 MHz, 239.88 W, 34
2026/10/07 23:34:07.439, 0, 2032 MHz, 3996 MHz, 238.48 W, 37
2026/10/07 23:34:07.439, 1, 2032 MHz, 3996 MHz, 251.25 W, 40
2026/10/07 23:34:07.439, 2, 2032 MHz, 3996 MHz, 238.61 W, 35
2026/10/07 23:34:07.439, 3, 2032 MHz, 3996 MHz, 238.76 W, 35
2026/10/07 23:34:07.439, 4, 120 MHz, 3996 MHz, 182.75 W, 37
2026/10/07 23:34:07.440, 5, 120 MHz, 3996 MHz, 183.29 W, 36
2026/10/07 23:34:07.440, 6, 2032 MHz, 3996 MHz, 240.71 W, 34
2026/10/07 23:34:07.440, 7, 2032 MHz, 3996 MHz, 240.09 W, 34
2026/10/07 23:34:08.440, 0, 2032 MHz, 3996 MHz, 238.50 W, 37
2026/10/07 23:34:08.440, 1, 2032 MHz, 3996 MHz, 251.53 W, 40
2026/10/07 23:34:08.440, 2, 2032 MHz, 3996 MHz, 238.61 W, 35
2026/10/07 23:34:08.440, 3, 2032 MHz, 3996 MHz, 239.11 W, 35
2026/10/07 23:34:08.440, 4, 120 MHz, 3996 MHz, 182.72 W, 37
2026/10/07 23:34:08.440, 5, 120 MHz, 3996 MHz, 183.53 W, 36
2026/10/07 23:34:08.440, 6, 2032 MHz, 3996 MHz, 240.97 W, 34
2026/10/07 23:34:08.440, 7, 2032 MHz, 3996 MHz, 240.47 W, 34
2026/10/07 23:34:09.440, 0, 2032 MHz, 3996 MHz, 238.48 W, 37
2026/10/07 23:34:09.440, 1, 2032 MHz, 3996 MHz, 251.93 W, 40
2026/10/07 23:34:09.440, 2, 2032 MHz, 3996 MHz, 238.58 W, 35
2026/10/07 23:34:09.440, 3, 2032 MHz, 3996 MHz, 247.10 W, 35
2026/10/07 23:34:09.440, 4, 120 MHz, 3996 MHz, 182.83 W, 37
2026/10/07 23:34:09.440, 5, 120 MHz, 3996 MHz, 183.29 W, 36
2026/10/07 23:34:09.440, 6, 2032 MHz, 3996 MHz, 249.62 W, 35
2026/10/07 23:34:09.440, 7, 2032 MHz, 3996 MHz, 248.60 W, 34
2026/10/07 23:34:10.440, 0, 2032 MHz, 3996 MHz, 238.49 W, 37
2026/10/07 23:34:10.440, 1, 2032 MHz, 3996 MHz, 259.83 W, 40
2026/10/07 23:34:10.440, 2, 2032 MHz, 3996 MHz, 238.61 W, 35
2026/10/07 23:34:10.440, 3, 2032 MHz, 3996 MHz, 239.04 W, 35
2026/10/07 23:34:10.441, 4, 120 MHz, 3996 MHz, 183.19 W, 37
2026/10/07 23:34:10.441, 5, 120 MHz, 3996 MHz, 183.93 W, 36
2026/10/07 23:34:10.441, 6, 2032 MHz, 3996 MHz, 240.86 W, 34
2026/10/07 23:34:10.441, 7, 2032 MHz, 3996 MHz, 240.58 W, 34
2026/10/07 23:34:11.441, 0, 2032 MHz, 3996 MHz, 269.25 W, 37
2026/10/07 23:34:11.441, 1, 2032 MHz, 3996 MHz, 281.99 W, 40
2026/10/07 23:34:11.441, 2, 2032 MHz, 3996 MHz, 271.76 W, 35
2026/10/07 23:34:11.441, 3, 2032 MHz, 3996 MHz, 269.29 W, 36
2026/10/07 23:34:11.441, 4, 120 MHz, 3996 MHz, 183.02 W, 37
2026/10/07 23:34:11.441, 5, 120 MHz, 3996 MHz, 183.87 W, 36
2026/10/07 23:34:11.441, 6, 2032 MHz, 3996 MHz, 240.78 W, 34
2026/10/07 23:34:11.441, 7, 2032 MHz, 3996 MHz, 240.39 W, 34
2026/10/07 23:34:12.441, 0, 2032 MHz, 3996 MHz, 238.49 W, 37
2026/10/07 23:34:12.441, 1, 2032 MHz, 3996 MHz, 249.93 W, 40
2026/10/07 23:34:12.441, 2, 2032 MHz, 3996 MHz, 238.07 W, 35
2026/10/07 23:34:12.441, 3, 2032 MHz, 3996 MHz, 238.69 W, 35
2026/10/07 23:34:12.441, 4, 120 MHz, 3996 MHz, 183.02 W, 37
2026/10/07 23:34:12.441, 5, 120 MHz, 3996 MHz, 183.52 W, 36
2026/10/07 23:34:12.441, 6, 2032 MHz, 3996 MHz, 240.82 W, 34
2026/10/07 23:34:12.441, 7, 2032 MHz, 3996 MHz, 240.35 W, 34
2026/10/07 23:34:13.442, 0, 2032 MHz, 3996 MHz, 238.50 W, 37
2026/10/07 23:34:13.442, 1, 2032 MHz, 3996 MHz, 249.94 W, 40
2026/10/07 23:34:13.442, 2, 2032 MHz, 3996 MHz, 237.58 W, 35
2026/10/07 23:34:13.442, 3, 2032 MHz, 3996 MHz, 238.65 W, 35
2026/10/07 23:34:13.442, 4, 120 MHz, 3996 MHz, 182.80 W, 38
2026/10/07 23:34:13.442, 5, 120 MHz, 3996 MHz, 183.17 W, 36
2026/10/07 23:34:13.442, 6, 2032 MHz, 3996 MHz, 240.86 W, 34
2026/10/07 23:34:13.442, 7, 2032 MHz, 3996 MHz, 240.35 W, 34
2026/10/07 23:34:14.442, 0, 2032 MHz, 3996 MHz, 238.48 W, 37
2026/10/07 23:34:14.442, 1, 2032 MHz, 3996 MHz, 249.91 W, 40
2026/10/07 23:34:14.442, 2, 2032 MHz, 3996 MHz, 237.46 W, 35
2026/10/07 23:34:14.442, 3, 2032 MHz, 3996 MHz, 238.61 W, 35
2026/10/07 23:34:14.442, 4, 120 MHz, 3996 MHz, 183.07 W, 38
2026/10/07 23:34:14.442, 5, 120 MHz, 3996 MHz, 182.77 W, 36
2026/10/07 23:34:14.442, 6, 1830 MHz, 3996 MHz, 362.83 W, 45
2026/10/07 23:34:14.442, 7, 2032 MHz, 3996 MHz, 240.11 W, 34
2026/10/07 23:34:15.443, 0, 2032 MHz, 3996 MHz, 238.47 W, 38
2026/10/07 23:34:15.443, 1, 2032 MHz, 3996 MHz, 249.89 W, 40
2026/10/07 23:34:15.443, 2, 2032 MHz, 3996 MHz, 237.24 W, 35
2026/10/07 23:34:15.443, 3, 2032 MHz, 3996 MHz, 238.61 W, 35
2026/10/07 23:34:15.443, 4, 120 MHz, 3996 MHz, 183.03 W, 38
2026/10/07 23:34:15.443, 5, 120 MHz, 3996 MHz, 182.90 W, 36
2026/10/07 23:34:15.443, 6, 2032 MHz, 3996 MHz, 756.59 W, 43
2026/10/07 23:34:15.443, 7, 2032 MHz, 3996 MHz, 239.47 W, 34
2026/10/07 23:34:16.443, 0, 2032 MHz, 3996 MHz, 238.49 W, 38
2026/10/07 23:34:16.443, 1, 2032 MHz, 3996 MHz, 249.92 W, 40
2026/10/07 23:34:16.443, 2, 2032 MHz, 3996 MHz, 237.58 W, 35
2026/10/07 23:34:16.443, 3, 2032 MHz, 3996 MHz, 238.61 W, 35
2026/10/07 23:34:16.443, 4, 120 MHz, 3996 MHz, 183.18 W, 38
2026/10/07 23:34:16.443, 5, 120 MHz, 3996 MHz, 182.70 W, 36
2026/10/07 23:34:16.443, 6, 2032 MHz, 3996 MHz, 656.64 W, 42
2026/10/07 23:34:16.443, 7, 2032 MHz, 3996 MHz, 239.21 W, 34
2026/10/07 23:34:17.443, 0, 2032 MHz, 3996 MHz, 238.48 W, 38
2026/10/07 23:34:17.443, 1, 2032 MHz, 3996 MHz, 249.93 W, 40
2026/10/07 23:34:17.443, 2, 2032 MHz, 3996 MHz, 237.60 W, 35
2026/10/07 23:34:17.444, 3, 2032 MHz, 3996 MHz, 238.61 W, 35
2026/10/07 23:34:17.444, 4, 120 MHz, 3996 MHz, 183.27 W, 38
2026/10/07 23:34:17.444, 5, 120 MHz, 3996 MHz, 182.89 W, 36
2026/10/07 23:34:17.444, 6, 2032 MHz, 3996 MHz, 661.57 W, 42
2026/10/07 23:34:17.444, 7, 2032 MHz, 3996 MHz, 239.20 W, 34
2026/10/07 23:34:18.444, 0, 2025 MHz, 3996 MHz, 599.62 W, 49
2026/10/07 23:34:18.444, 1, 2032 MHz, 3996 MHz, 767.16 W, 53
2026/10/07 23:34:18.444, 2, 2032 MHz, 3996 MHz, 267.69 W, 45
2026/10/07 23:34:18.444, 3, 1545 MHz, 3996 MHz, 354.08 W, 46
2026/10/07 23:34:18.444, 4, 120 MHz, 3996 MHz, 183.49 W, 38
2026/10/07 23:34:18.444, 5, 120 MHz, 3996 MHz, 182.82 W, 36
2026/10/07 23:34:18.444, 6, 2032 MHz, 3996 MHz, 641.39 W, 42
2026/10/07 23:34:18.444, 7, 2032 MHz, 3996 MHz, 239.27 W, 34
2026/10/07 23:34:19.444, 0, 2032 MHz, 3996 MHz, 409.35 W, 40
2026/10/07 23:34:19.444, 1, 2032 MHz, 3996 MHz, 257.76 W, 41
2026/10/07 23:34:19.444, 2, 2032 MHz, 3996 MHz, 730.14 W, 39
2026/10/07 23:34:19.444, 3, 2032 MHz, 3996 MHz, 628.63 W, 39
2026/10/07 23:34:19.444, 4, 120 MHz, 3996 MHz, 183.25 W, 38
2026/10/07 23:34:19.444, 5, 120 MHz, 3996 MHz, 182.97 W, 36
2026/10/07 23:34:19.444, 6, 2032 MHz, 3996 MHz, 653.82 W, 42
2026/10/07 23:34:19.444, 7, 2032 MHz, 3996 MHz, 239.21 W, 34
2026/10/07 23:34:20.445, 0, 1320 MHz, 3996 MHz, 789.48 W, 55
2026/10/07 23:34:20.445, 1, 1312 MHz, 3996 MHz, 1007.22 W, 58
2026/10/07 23:34:20.445, 2, 1387 MHz, 3996 MHz, 405.03 W, 49
2026/10/07 23:34:20.445, 3, 1402 MHz, 3996 MHz, 473.08 W, 49
2026/10/07 23:34:20.445, 4, 120 MHz, 3996 MHz, 183.83 W, 38
2026/10/07 23:34:20.445, 5, 120 MHz, 3996 MHz, 182.85 W, 36
2026/10/07 23:34:20.445, 6, 2032 MHz, 3996 MHz, 411.87 W, 38
2026/10/07 23:34:20.445, 7, 2032 MHz, 3996 MHz, 548.82 W, 43
2026/10/07 23:34:21.445, 0, 1342 MHz, 3996 MHz, 1087.25 W, 57
2026/10/07 23:34:21.445, 1, 1282 MHz, 3996 MHz, 1090.10 W, 59
2026/10/07 23:34:21.445, 2, 1327 MHz, 3996 MHz, 1091.75 W, 54
2026/10/07 23:34:21.445, 3, 1312 MHz, 3996 MHz, 1088.15 W, 55
2026/10/07 23:34:21.445, 4, 120 MHz, 3996 MHz, 183.81 W, 38
2026/10/07 23:34:21.445, 5, 120 MHz, 3996 MHz, 182.65 W, 36
2026/10/07 23:34:21.445, 6, 2032 MHz, 3996 MHz, 242.65 W, 37
2026/10/07 23:34:21.445, 7, 2032 MHz, 3996 MHz, 737.63 W, 41
2026/10/07 23:34:22.445, 0, 1335 MHz, 3996 MHz, 1088.34 W, 57
2026/10/07 23:34:22.445, 1, 1275 MHz, 3996 MHz, 1009.08 W, 59
2026/10/07 23:34:22.445, 2, 1327 MHz, 3996 MHz, 1088.27 W, 55
2026/10/07 23:34:22.445, 3, 1335 MHz, 3996 MHz, 1090.23 W, 55
2026/10/07 23:34:22.446, 4, 120 MHz, 3996 MHz, 183.67 W, 38
2026/10/07 23:34:22.446, 5, 120 MHz, 3996 MHz, 182.84 W, 36
2026/10/07 23:34:22.446, 6, 2032 MHz, 3996 MHz, 253.34 W, 36
2026/10/07 23:34:22.446, 7, 2032 MHz, 3996 MHz, 643.01 W, 41
2026/10/07 23:34:23.446, 0, 1327 MHz, 3996 MHz, 1086.81 W, 58
2026/10/07 23:34:23.446, 1, 1297 MHz, 3996 MHz, 1086.67 W, 60
2026/10/07 23:34:23.446, 2, 1357 MHz, 3996 MHz, 1088.63 W, 56
2026/10/07 23:34:23.446, 3, 1342 MHz, 3996 MHz, 1087.02 W, 56
2026/10/07 23:34:23.446, 4, 120 MHz, 3996 MHz, 183.79 W, 38
2026/10/07 23:34:23.446, 5, 120 MHz, 3996 MHz, 182.92 W, 36
2026/10/07 23:34:23.446, 6, 2032 MHz, 3996 MHz, 241.63 W, 36
2026/10/07 23:34:23.446, 7, 2032 MHz, 3996 MHz, 642.47 W, 41
2026/10/07 23:34:24.446, 0, 1320 MHz, 3996 MHz, 1088.23 W, 58
2026/10/07 23:34:24.446, 1, 1305 MHz, 3996 MHz, 1088.96 W, 60
2026/10/07 23:34:24.446, 2, 1365 MHz, 3996 MHz, 1091.22 W, 56
2026/10/07 23:34:24.446, 3, 1342 MHz, 3996 MHz, 1088.62 W, 56
2026/10/07 23:34:24.446, 4, 120 MHz, 3996 MHz, 184.06 W, 38
2026/10/07 23:34:24.446, 5, 120 MHz, 3996 MHz, 183.02 W, 37
2026/10/07 23:34:24.446, 6, 660 MHz, 3996 MHz, 216.03 W, 35
2026/10/07 23:34:24.446, 7, 2032 MHz, 3996 MHz, 640.56 W, 41
2026/10/07 23:34:25.446, 0, 1350 MHz, 3996 MHz, 1087.34 W, 59
2026/10/07 23:34:25.446, 1, 1305 MHz, 3996 MHz, 1087.39 W, 60
2026/10/07 23:34:25.446, 2, 1350 MHz, 3996 MHz, 1090.09 W, 57
2026/10/07 23:34:25.446, 3, 1357 MHz, 3996 MHz, 1089.75 W, 57
2026/10/07 23:34:25.446, 4, 120 MHz, 3996 MHz, 183.93 W, 38
2026/10/07 23:34:25.446, 5, 120 MHz, 3996 MHz, 183.20 W, 37
2026/10/07 23:34:25.446, 6, 420 MHz, 3996 MHz, 190.53 W, 35
2026/10/07 23:34:25.446, 7, 2032 MHz, 3996 MHz, 647.53 W, 41
2026/10/07 23:34:26.447, 0, 1342 MHz, 3996 MHz, 1086.88 W, 59
2026/10/07 23:34:26.447, 1, 1312 MHz, 3996 MHz, 1089.78 W, 61
2026/10/07 23:34:26.447, 2, 1372 MHz, 3996 MHz, 1087.83 W, 57
2026/10/07 23:34:26.447, 3, 1342 MHz, 3996 MHz, 1088.73 W, 57
2026/10/07 23:34:26.447, 4, 120 MHz, 3996 MHz, 184.06 W, 38
2026/10/07 23:34:26.447, 5, 120 MHz, 3996 MHz, 183.34 W, 37
2026/10/07 23:34:26.447, 6, 262 MHz, 3996 MHz, 188.88 W, 35
2026/10/07 23:34:26.447, 7, 2032 MHz, 3996 MHz, 251.93 W, 36
2026/10/07 23:34:27.447, 0, 1350 MHz, 3996 MHz, 1084.78 W, 59
2026/10/07 23:34:27.447, 1, 1305 MHz, 3996 MHz, 1087.40 W, 61
2026/10/07 23:34:27.447, 2, 1350 MHz, 3996 MHz, 1091.99 W, 57
2026/10/07 23:34:27.447, 3, 1365 MHz, 3996 MHz, 1087.10 W, 58
2026/10/07 23:34:27.447, 4, 120 MHz, 3996 MHz, 184.19 W, 38
2026/10/07 23:34:27.447, 5, 120 MHz, 3996 MHz, 183.03 W, 37
2026/10/07 23:34:27.447, 6, 165 MHz, 3996 MHz, 188.10 W, 35
2026/10/07 23:34:27.447, 7, 2032 MHz, 3996 MHz, 241.90 W, 36
2026/10/07 23:34:28.447, 0, 1365 MHz, 3996 MHz, 1089.02 W, 60
2026/10/07 23:34:28.447, 1, 1312 MHz, 3996 MHz, 1087.00 W, 62
2026/10/07 23:34:28.447, 2, 1357 MHz, 3996 MHz, 1089.85 W, 58
2026/10/07 23:34:28.447, 3, 1357 MHz, 3996 MHz, 1088.38 W, 58
2026/10/07 23:34:28.447, 4, 120 MHz, 3996 MHz, 184.23 W, 38
2026/10/07 23:34:28.447, 5, 120 MHz, 3996 MHz, 183.37 W, 37
2026/10/07 23:34:28.447, 6, 120 MHz, 3996 MHz, 188.03 W, 35
2026/10/07 23:34:28.447, 7, 2032 MHz, 3996 MHz, 252.11 W, 36
2026/10/07 23:34:29.447, 0, 2032 MHz, 3996 MHz, 1062.62 W, 56
2026/10/07 23:34:29.447, 1, 2002 MHz, 3996 MHz, 1070.49 W, 58
2026/10/07 23:34:29.448, 2, 1875 MHz, 3996 MHz, 1072.74 W, 52
2026/10/07 23:34:29.448, 3, 2032 MHz, 3996 MHz, 1059.51 W, 53
2026/10/07 23:34:29.448, 4, 120 MHz, 3996 MHz, 184.26 W, 38
2026/10/07 23:34:29.448, 5, 120 MHz, 3996 MHz, 183.57 W, 37
2026/10/07 23:34:29.448, 6, 120 MHz, 3996 MHz, 187.43 W, 34
2026/10/07 23:34:29.448, 7, 2032 MHz, 3996 MHz, 240.78 W, 35
2026/10/07 23:34:30.448, 0, 2032 MHz, 3996 MHz, 1080.65 W, 56
2026/10/07 23:34:30.448, 1, 2010 MHz, 3996 MHz, 1093.52 W, 58
2026/10/07 23:34:30.448, 2, 2032 MHz, 3996 MHz, 1066.13 W, 53
2026/10/07 23:34:30.448, 3, 2032 MHz, 3996 MHz, 1063.42 W, 53
2026/10/07 23:34:30.448, 4, 120 MHz, 3996 MHz, 184.38 W, 38
2026/10/07 23:34:30.448, 5, 120 MHz, 3996 MHz, 183.16 W, 37
2026/10/07 23:34:30.448, 6, 120 MHz, 3996 MHz, 187.04 W, 34
2026/10/07 23:34:30.448, 7, 2032 MHz, 3996 MHz, 240.78 W, 35
2026/10/07 23:34:31.448, 0, 2032 MHz, 3996 MHz, 1081.93 W, 56
2026/10/07 23:34:31.448, 1, 2010 MHz, 3996 MHz, 1093.26 W, 59
2026/10/07 23:34:31.448, 2, 2032 MHz, 3996 MHz, 1075.88 W, 53
2026/10/07 23:34:31.448, 3, 2032 MHz, 3996 MHz, 1063.56 W, 54
2026/10/07 23:34:31.448, 4, 120 MHz, 3996 MHz, 184.46 W, 38
2026/10/07 23:34:31.448, 5, 120 MHz, 3996 MHz, 183.53 W, 37
2026/10/07 23:34:31.448, 6, 120 MHz, 3996 MHz, 187.95 W, 34
2026/10/07 23:34:31.448, 7, 2032 MHz, 3996 MHz, 240.78 W, 35
2026/10/07 23:34:32.448, 0, 2032 MHz, 3996 MHz, 1081.91 W, 57
2026/10/07 23:34:32.448, 1, 2017 MHz, 3996 MHz, 1093.82 W, 59
2026/10/07 23:34:32.448, 2, 2032 MHz, 3996 MHz, 1075.11 W, 54
2026/10/07 23:34:32.448, 3, 2032 MHz, 3996 MHz, 1063.23 W, 54
2026/10/07 23:34:32.448, 4, 120 MHz, 3996 MHz, 184.53 W, 38
2026/10/07 23:34:32.448, 5, 120 MHz, 3996 MHz, 183.45 W, 37
2026/10/07 23:34:32.448, 6, 120 MHz, 3996 MHz, 187.86 W, 34
2026/10/07 23:34:32.449, 7, 2032 MHz, 3996 MHz, 240.78 W, 35
2026/10/07 23:34:33.449, 0, 2032 MHz, 3996 MHz, 1082.38 W, 57
2026/10/07 23:34:33.449, 1, 2025 MHz, 3996 MHz, 1093.64 W, 59
2026/10/07 23:34:33.449, 2, 2032 MHz, 3996 MHz, 1075.25 W, 54
2026/10/07 23:34:33.449, 3, 2032 MHz, 3996 MHz, 1063.79 W, 54
2026/10/07 23:34:33.449, 4, 120 MHz, 3996 MHz, 184.54 W, 38
2026/10/07 23:34:33.449, 5, 120 MHz, 3996 MHz, 183.32 W, 37
2026/10/07 23:34:33.449, 6, 120 MHz, 3996 MHz, 187.38 W, 34
2026/10/07 23:34:33.449, 7, 2032 MHz, 3996 MHz, 240.82 W, 35
2026/10/07 23:34:34.449, 0, 2032 MHz, 3996 MHz, 1081.97 W, 58
2026/10/07 23:34:34.449, 1, 2002 MHz, 3996 MHz, 1095.04 W, 60
2026/10/07 23:34:34.449, 2, 2032 MHz, 3996 MHz, 1075.14 W, 54
2026/10/07 23:34:34.449, 3, 2032 MHz, 3996 MHz, 1062.69 W, 54
2026/10/07 23:34:34.449, 4, 120 MHz, 3996 MHz, 184.51 W, 38
2026/10/07 23:34:34.449, 5, 120 MHz, 3996 MHz, 183.71 W, 37
2026/10/07 23:34:34.449, 6, 120 MHz, 3996 MHz, 187.51 W, 34
2026/10/07 23:34:34.449, 7, 2032 MHz, 3996 MHz, 240.62 W, 35
2026/10/07 23:34:35.449, 0, 2032 MHz, 3996 MHz, 1085.91 W, 58
2026/10/07 23:34:35.450, 1, 2017 MHz, 3996 MHz, 1092.11 W, 60
2026/10/07 23:34:35.450, 2, 2032 MHz, 3996 MHz, 1077.11 W, 54
2026/10/07 23:34:35.450, 3, 2032 MHz, 3996 MHz, 1066.58 W, 55
2026/10/07 23:34:35.450, 4, 120 MHz, 3996 MHz, 184.53 W, 38
2026/10/07 23:34:35.450, 5, 120 MHz, 3996 MHz, 183.43 W, 37
2026/10/07 23:34:35.450, 6, 120 MHz, 3996 MHz, 186.85 W, 34
2026/10/07 23:34:35.450, 7, 427 MHz, 3996 MHz, 237.83 W, 35
2026/10/07 23:34:36.450, 0, 2032 MHz, 3996 MHz, 1087.77 W, 59
2026/10/07 23:34:36.450, 1, 2010 MHz, 3996 MHz, 1091.43 W, 61
2026/10/07 23:34:36.450, 2, 2032 MHz, 3996 MHz, 1080.09 W, 55
2026/10/07 23:34:36.450, 3, 2032 MHz, 3996 MHz, 1067.58 W, 55
2026/10/07 23:34:36.450, 4, 120 MHz, 3996 MHz, 184.53 W, 38
2026/10/07 23:34:36.450, 5, 120 MHz, 3996 MHz, 183.27 W, 37
2026/10/07 23:34:36.450, 6, 120 MHz, 3996 MHz, 186.77 W, 34
2026/10/07 23:34:36.450, 7, 270 MHz, 3996 MHz, 189.54 W, 34
2026/10/07 23:34:37.450, 0, 2032 MHz, 3996 MHz, 1087.68 W, 59
2026/10/07 23:34:37.450, 1, 2002 MHz, 3996 MHz, 1092.23 W, 61
2026/10/07 23:34:37.450, 2, 2032 MHz, 3996 MHz, 1079.56 W, 55
2026/10/07 23:34:37.450, 3, 2032 MHz, 3996 MHz, 1067.94 W, 55
2026/10/07 23:34:37.450, 4, 120 MHz, 3996 MHz, 184.56 W, 39
2026/10/07 23:34:37.450, 5, 120 MHz, 3996 MHz, 183.56 W, 37
2026/10/07 23:34:37.450, 6, 120 MHz, 3996 MHz, 186.78 W, 34
2026/10/07 23:34:37.450, 7, 172 MHz, 3996 MHz, 188.36 W, 34
2026/10/07 23:34:38.450, 0, 2032 MHz, 3996 MHz, 1090.42 W, 59
2026/10/07 23:34:38.450, 1, 2002 MHz, 3996 MHz, 1092.57 W, 61
2026/10/07 23:34:38.450, 2, 2032 MHz, 3996 MHz, 1079.33 W, 55
2026/10/07 23:34:38.450, 3, 2032 MHz, 3996 MHz, 1067.34 W, 55
2026/10/07 23:34:38.450, 4, 120 MHz, 3996 MHz, 184.57 W, 39
2026/10/07 23:34:38.450, 5, 120 MHz, 3996 MHz, 183.26 W, 37
2026/10/07 23:34:38.450, 6, 120 MHz, 3996 MHz, 186.78 W, 34
2026/10/07 23:34:38.450, 7, 120 MHz, 3996 MHz, 187.33 W, 34
2026/10/07 23:34:39.451, 0, 2025 MHz, 3996 MHz, 1090.65 W, 60
2026/10/07 23:34:39.451, 1, 2010 MHz, 3996 MHz, 1090.62 W, 62
2026/10/07 23:34:39.451, 2, 2032 MHz, 3996 MHz, 1080.11 W, 55
2026/10/07 23:34:39.451, 3, 2032 MHz, 3996 MHz, 1068.36 W, 56
2026/10/07 23:34:39.451, 4, 120 MHz, 3996 MHz, 184.57 W, 39
2026/10/07 23:34:39.451, 5, 120 MHz, 3996 MHz, 183.71 W, 37
2026/10/07 23:34:39.451, 6, 120 MHz, 3996 MHz, 186.78 W, 34
2026/10/07 23:34:39.451, 7, 120 MHz, 3996 MHz, 186.88 W, 33
2026/10/07 23:34:40.451, 0, 2032 MHz, 3996 MHz, 1090.74 W, 60
2026/10/07 23:34:40.451, 1, 2002 MHz, 3996 MHz, 1093.65 W, 62
2026/10/07 23:34:40.451, 2, 2032 MHz, 3996 MHz, 1080.96 W, 56
2026/10/07 23:34:40.451, 3, 2032 MHz, 3996 MHz, 1067.81 W, 56
2026/10/07 23:34:40.451, 4, 120 MHz, 3996 MHz, 184.58 W, 39
2026/10/07 23:34:40.451, 5, 120 MHz, 3996 MHz, 183.84 W, 37
2026/10/07 23:34:40.451, 6, 120 MHz, 3996 MHz, 186.78 W, 34
2026/10/07 23:34:40.451, 7, 120 MHz, 3996 MHz, 187.86 W, 33
2026/10/07 23:34:41.451, 0, 2032 MHz, 3996 MHz, 1092.30 W, 61
2026/10/07 23:34:41.451, 1, 2002 MHz, 3996 MHz, 1091.16 W, 62
2026/10/07 23:34:41.451, 2, 2032 MHz, 3996 MHz, 1079.71 W, 56
2026/10/07 23:34:41.451, 3, 2032 MHz, 3996 MHz, 1069.96 W, 56
2026/10/07 23:34:41.451, 4, 120 MHz, 3996 MHz, 184.57 W, 39
2026/10/07 23:34:41.451, 5, 120 MHz, 3996 MHz, 183.72 W, 37
2026/10/07 23:34:41.451, 6, 120 MHz, 3996 MHz, 186.78 W, 34
2026/10/07 23:34:41.451, 7, 120 MHz, 3996 MHz, 188.40 W, 33
2026/10/07 23:34:42.451, 0, 2032 MHz, 3996 MHz, 1093.39 W, 61
2026/10/07 23:34:42.452, 1, 1995 MHz, 3996 MHz, 1090.73 W, 63
2026/10/07 23:34:42.452, 2, 2032 MHz, 3996 MHz, 1082.65 W, 56
2026/10/07 23:34:42.452, 3, 2032 MHz, 3996 MHz, 1072.59 W, 56
2026/10/07 23:34:42.452, 4, 120 MHz, 3996 MHz, 184.56 W, 39
2026/10/07 23:34:42.452, 5, 120 MHz, 3996 MHz, 183.82 W, 37
2026/10/07 23:34:42.452, 6, 120 MHz, 3996 MHz, 186.78 W, 34
2026/10/07 23:34:42.452, 7, 120 MHz, 3996 MHz, 188.36 W, 33
2026/10/07 23:34:43.452, 0, 2017 MHz, 3996 MHz, 1092.62 W, 61
2026/10/07 23:34:43.452, 1, 1995 MHz, 3996 MHz, 1090.58 W, 63
2026/10/07 23:34:43.452, 2, 2032 MHz, 3996 MHz, 1083.04 W, 56
2026/10/07 23:34:43.452, 3, 2032 MHz, 3996 MHz, 1072.17 W, 57
2026/10/07 23:34:43.452, 4, 120 MHz, 3996 MHz, 184.58 W, 39
2026/10/07 23:34:43.452, 5, 120 MHz, 3996 MHz, 183.58 W, 37
2026/10/07 23:34:43.452, 6, 120 MHz, 3996 MHz, 186.78 W, 33
2026/10/07 23:34:43.452, 7, 120 MHz, 3996 MHz, 188.36 W, 33
2026/10/07 23:34:44.452, 0, 2025 MHz, 3996 MHz, 1093.14 W, 62
2026/10/07 23:34:44.452, 1, 2002 MHz, 3996 MHz, 1089.93 W, 63
2026/10/07 23:34:44.452, 2, 2032 MHz, 3996 MHz, 1083.99 W, 56
2026/10/07 23:34:44.452, 3, 2032 MHz, 3996 MHz, 1072.33 W, 57
2026/10/07 23:34:44.452, 4, 120 MHz, 3996 MHz, 184.57 W, 39
2026/10/07 23:34:44.452, 5, 120 MHz, 3996 MHz, 183.95 W, 37
2026/10/07 23:34:44.452, 6, 120 MHz, 3996 MHz, 186.78 W, 33
2026/10/07 23:34:44.452, 7, 120 MHz, 3996 MHz, 188.17 W, 33
2026/10/07 23:34:45.452, 0, 2017 MHz, 3996 MHz, 1093.37 W, 62
2026/10/07 23:34:45.452, 1, 2002 MHz, 3996 MHz, 1090.61 W, 64
2026/10/07 23:34:45.452, 2, 2032 MHz, 3996 MHz, 1083.02 W, 56
2026/10/07 23:34:45.452, 3, 2032 MHz, 3996 MHz, 1072.25 W, 57
2026/10/07 23:34:45.452, 4, 120 MHz, 3996 MHz, 184.57 W, 39
2026/10/07 23:34:45.452, 5, 120 MHz, 3996 MHz, 183.30 W, 37
2026/10/07 23:34:45.452, 6, 120 MHz, 3996 MHz, 186.78 W, 33
2026/10/07 23:34:45.452, 7, 120 MHz, 3996 MHz, 187.74 W, 33
2026/10/07 23:34:46.453, 0, 2032 MHz, 3996 MHz, 1093.12 W, 62
2026/10/07 23:34:46.453, 1, 2002 MHz, 3996 MHz, 1092.09 W, 64
2026/10/07 23:34:46.453, 2, 2032 MHz, 3996 MHz, 1082.63 W, 57
2026/10/07 23:34:46.453, 3, 2032 MHz, 3996 MHz, 1072.47 W, 57
2026/10/07 23:34:46.453, 4, 120 MHz, 3996 MHz, 184.57 W, 39
2026/10/07 23:34:46.453, 5, 120 MHz, 3996 MHz, 183.55 W, 37
2026/10/07 23:34:46.453, 6, 120 MHz, 3996 MHz, 186.78 W, 33
2026/10/07 23:34:46.453, 7, 120 MHz, 3996 MHz, 188.09 W, 33
2026/10/07 23:34:47.453, 0, 2025 MHz, 3996 MHz, 1092.41 W, 63
2026/10/07 23:34:47.453, 1, 1995 MHz, 3996 MHz, 1089.50 W, 64
2026/10/07 23:34:47.453, 2, 2032 MHz, 3996 MHz, 1082.75 W, 57
2026/10/07 23:34:47.453, 3, 2032 MHz, 3996 MHz, 1071.73 W, 57
2026/10/07 23:34:47.453, 4, 120 MHz, 3996 MHz, 184.58 W, 39
2026/10/07 23:34:47.453, 5, 120 MHz, 3996 MHz, 183.75 W, 37
2026/10/07 23:34:47.453, 6, 120 MHz, 3996 MHz, 186.78 W, 33
2026/10/07 23:34:47.453, 7, 120 MHz, 3996 MHz, 188.17 W, 33
2026/10/07 23:34:48.453, 0, 2025 MHz, 3996 MHz, 1094.18 W, 63
2026/10/07 23:34:48.453, 1, 1987 MHz, 3996 MHz, 1088.48 W, 65
2026/10/07 23:34:48.453, 2, 2032 MHz, 3996 MHz, 1086.32 W, 57
2026/10/07 23:34:48.453, 3, 2032 MHz, 3996 MHz, 1074.75 W, 57
2026/10/07 23:34:48.453, 4, 120 MHz, 3996 MHz, 184.59 W, 39
2026/10/07 23:34:48.453, 5, 120 MHz, 3996 MHz, 184.10 W, 37
2026/10/07 23:34:48.453, 6, 120 MHz, 3996 MHz, 186.78 W, 33
2026/10/07 23:34:48.453, 7, 120 MHz, 3996 MHz, 187.94 W, 33
2026/10/07 23:34:49.453, 0, 2010 MHz, 3996 MHz, 1094.99 W, 63
2026/10/07 23:34:49.454, 1, 1987 MHz, 3996 MHz, 1086.57 W, 65
2026/10/07 23:34:49.454, 2, 2032 MHz, 3996 MHz, 1086.55 W, 57
2026/10/07 23:34:49.454, 3, 2032 MHz, 3996 MHz, 1075.96 W, 57
2026/10/07 23:34:49.454, 4, 120 MHz, 3996 MHz, 184.57 W, 39
2026/10/07 23:34:49.454, 5, 120 MHz, 3996 MHz, 183.37 W, 37
2026/10/07 23:34:49.454, 6, 120 MHz, 3996 MHz, 186.78 W, 33
2026/10/07 23:34:49.454, 7, 120 MHz, 3996 MHz, 187.64 W, 33
2026/10/07 23:34:50.454, 0, 2025 MHz, 3996 MHz, 1093.48 W, 64
2026/10/07 23:34:50.454, 1, 1987 MHz, 3996 MHz, 1087.96 W, 65
2026/10/07 23:34:50.454, 2, 2032 MHz, 3996 MHz, 1086.38 W, 57
2026/10/07 23:34:50.454, 3, 2032 MHz, 3996 MHz, 1074.66 W, 58
2026/10/07 23:34:50.454, 4, 120 MHz, 3996 MHz, 184.57 W, 39
2026/10/07 23:34:50.454, 5, 120 MHz, 3996 MHz, 183.48 W, 37
2026/10/07 23:34:50.454, 6, 120 MHz, 3996 MHz, 186.78 W, 33
2026/10/07 23:34:50.454, 7, 120 MHz, 3996 MHz, 187.43 W, 33
2026/10/07 23:34:51.454, 0, 2025 MHz, 3996 MHz, 1094.32 W, 64
2026/10/07 23:34:51.454, 1, 1987 MHz, 3996 MHz, 1088.17 W, 66
2026/10/07 23:34:51.454, 2, 2032 MHz, 3996 MHz, 1086.93 W, 57
2026/10/07 23:34:51.454, 3, 2032 MHz, 3996 MHz, 1076.85 W, 58
2026/10/07 23:34:51.454, 4, 120 MHz, 3996 MHz, 184.58 W, 39
2026/10/07 23:34:51.454, 5, 120 MHz, 3996 MHz, 183.74 W, 37
2026/10/07 23:34:51.454, 6, 120 MHz, 3996 MHz, 186.78 W, 33
2026/10/07 23:34:51.454, 7, 120 MHz, 3996 MHz, 187.03 W, 32
2026/10/07 23:34:52.454, 0, 2017 MHz, 3996 MHz, 1094.01 W, 64
2026/10/07 23:34:52.454, 1, 1987 MHz, 3996 MHz, 1088.79 W, 66
2026/10/07 23:34:52.454, 2, 2032 MHz, 3996 MHz, 1087.84 W, 57
2026/10/07 23:34:52.454, 3, 2032 MHz, 3996 MHz, 1077.41 W, 58
2026/10/07 23:34:52.454, 4, 120 MHz, 3996 MHz, 184.58 W, 39
2026/10/07 23:34:52.454, 5, 120 MHz, 3996 MHz, 183.80 W, 37
2026/10/07 23:34:52.454, 6, 120 MHz, 3996 MHz, 186.78 W, 33
2026/10/07 23:34:52.454, 7, 120 MHz, 3996 MHz, 186.61 W, 32
2026/10/07 23:34:53.455, 0, 2010 MHz, 3996 MHz, 1092.53 W, 65
2026/10/07 23:34:53.455, 1, 2017 MHz, 3996 MHz, 1089.01 W, 66
2026/10/07 23:34:53.455, 2, 2032 MHz, 3996 MHz, 1087.39 W, 58
2026/10/07 23:34:53.455, 3, 2032 MHz, 3996 MHz, 1076.59 W, 58
2026/10/07 23:34:53.455, 4, 120 MHz, 3996 MHz, 184.57 W, 39
2026/10/07 23:34:53.455, 5, 120 MHz, 3996 MHz, 183.89 W, 37
2026/10/07 23:34:53.455, 6, 120 MHz, 3996 MHz, 186.78 W, 33
2026/10/07 23:34:53.455, 7, 120 MHz, 3996 MHz, 186.53 W, 32
2026/10/07 23:34:54.455, 0, 2032 MHz, 3996 MHz, 927.76 W, 60
2026/10/07 23:34:54.455, 1, 2032 MHz, 3996 MHz, 639.24 W, 58
2026/10/07 23:34:54.455, 2, 2032 MHz, 3996 MHz, 1059.83 W, 57
2026/10/07 23:34:54.455, 3, 2032 MHz, 3996 MHz, 909.66 W, 51
2026/10/07 23:34:54.455, 4, 120 MHz, 3996 MHz, 184.59 W, 39
2026/10/07 23:34:54.455, 5, 120 MHz, 3996 MHz, 184.32 W, 37
2026/10/07 23:34:54.455, 6, 120 MHz, 3996 MHz, 186.78 W, 33
2026/10/07 23:34:54.455, 7, 120 MHz, 3996 MHz, 186.53 W, 32
2026/10/07 23:34:55.455, 0, 2032 MHz, 3996 MHz, 257.34 W, 54
2026/10/07 23:34:55.456, 1, 2032 MHz, 3996 MHz, 279.73 W, 56
2026/10/07 23:34:55.456, 2, 2032 MHz, 3996 MHz, 328.08 W, 46
2026/10/07 23:34:55.456, 3, 2032 MHz, 3996 MHz, 252.01 W, 46
2026/10/07 23:34:55.456, 4, 120 MHz, 3996 MHz, 184.59 W, 39
2026/10/07 23:34:55.456, 5, 120 MHz, 3996 MHz, 183.92 W, 37
2026/10/07 23:34:55.456, 6, 120 MHz, 3996 MHz, 186.78 W, 33
2026/10/07 23:34:55.456, 7, 120 MHz, 3996 MHz, 186.53 W, 32
2026/10/07 23:34:56.456, 0, 2032 MHz, 3996 MHz, 266.54 W, 53
2026/10/07 23:34:56.457, 1, 2032 MHz, 3996 MHz, 265.27 W, 55
2026/10/07 23:34:56.457, 2, 2032 MHz, 3996 MHz, 248.24 W, 45
2026/10/07 23:34:56.457, 3, 2032 MHz, 3996 MHz, 261.04 W, 45
2026/10/07 23:34:56.457, 4, 120 MHz, 3996 MHz, 184.59 W, 39
2026/10/07 23:34:56.457, 5, 120 MHz, 3996 MHz, 183.93 W, 37
2026/10/07 23:34:56.457, 6, 120 MHz, 3996 MHz, 186.78 W, 33
2026/10/07 23:34:56.457, 7, 120 MHz, 3996 MHz, 186.53 W, 32
2026/10/07 23:34:57.457, 0, 2032 MHz, 3996 MHz, 253.17 W, 52
2026/10/07 23:34:57.457, 1, 2032 MHz, 3996 MHz, 265.17 W, 54
2026/10/07 23:34:57.457, 2, 2032 MHz, 3996 MHz, 258.24 W, 44
2026/10/07 23:34:57.457, 3, 2032 MHz, 3996 MHz, 248.15 W, 44
2026/10/07 23:34:57.457, 4, 120 MHz, 3996 MHz, 184.59 W, 39
2026/10/07 23:34:57.457, 5, 120 MHz, 3996 MHz, 184.14 W, 37
2026/10/07 23:34:57.457, 6, 120 MHz, 3996 MHz, 186.78 W, 33
2026/10/07 23:34:57.457, 7, 120 MHz, 3996 MHz, 186.54 W, 32
2026/10/07 23:34:58.457, 0, 2032 MHz, 3996 MHz, 251.97 W, 52
2026/10/07 23:34:58.457, 1, 2032 MHz, 3996 MHz, 264.58 W, 54
2026/10/07 23:34:58.457, 2, 2032 MHz, 3996 MHz, 244.84 W, 44
2026/10/07 23:34:58.457, 3, 2032 MHz, 3996 MHz, 247.08 W, 44
2026/10/07 23:34:58.457, 4, 120 MHz, 3996 MHz, 184.59 W, 39
2026/10/07 23:34:58.457, 5, 120 MHz, 3996 MHz, 183.63 W, 37
2026/10/07 23:34:58.457, 6, 120 MHz, 3996 MHz, 186.78 W, 32
2026/10/07 23:34:58.457, 7, 120 MHz, 3996 MHz, 186.55 W, 32
2026/10/07 23:34:59.457, 0, 2032 MHz, 3996 MHz, 251.93 W, 51
2026/10/07 23:34:59.457, 1, 2032 MHz, 3996 MHz, 263.42 W, 54
2026/10/07 23:34:59.457, 2, 2032 MHz, 3996 MHz, 244.32 W, 43
2026/10/07 23:34:59.457, 3, 2032 MHz, 3996 MHz, 246.51 W, 43
2026/10/07 23:34:59.457, 4, 120 MHz, 3996 MHz, 184.59 W, 39
2026/10/07 23:34:59.457, 5, 120 MHz, 3996 MHz, 183.90 W, 37
2026/10/07 23:34:59.457, 6, 120 MHz, 3996 MHz, 186.78 W, 32
2026/10/07 23:34:59.457, 7, 120 MHz, 3996 MHz, 186.56 W, 32
2026/10/07 23:35:00.458, 0, 2032 MHz, 3996 MHz, 251.93 W, 51
2026/10/07 23:35:00.458, 1, 2032 MHz, 3996 MHz, 263.50 W, 53
2026/10/07 23:35:00.458, 2, 2032 MHz, 3996 MHz, 244.34 W, 42
2026/10/07 23:35:00.458, 3, 2032 MHz, 3996 MHz, 246.39 W, 43
2026/10/07 23:35:00.458, 4, 120 MHz, 3996 MHz, 184.59 W, 39
2026/10/07 23:35:00.458, 5, 120 MHz, 3996 MHz, 183.72 W, 37
2026/10/07 23:35:00.458, 6, 120 MHz, 3996 MHz, 186.78 W, 32
2026/10/07 23:35:00.458, 7, 120 MHz, 3996 MHz, 186.54 W, 32
2026/10/07 23:35:01.458, 0, 2032 MHz, 3996 MHz, 251.93 W, 51
2026/10/07 23:35:01.458, 1, 2032 MHz, 3996 MHz, 263.65 W, 53
2026/10/07 23:35:01.458, 2, 2032 MHz, 3996 MHz, 244.34 W, 42
2026/10/07 23:35:01.458, 3, 2032 MHz, 3996 MHz, 246.44 W, 42
2026/10/07 23:35:01.458, 4, 120 MHz, 3996 MHz, 184.59 W, 39
2026/10/07 23:35:01.458, 5, 120 MHz, 3996 MHz, 183.65 W, 37
2026/10/07 23:35:01.458, 6, 120 MHz, 3996 MHz, 186.78 W, 32
2026/10/07 23:35:01.458, 7, 120 MHz, 3996 MHz, 186.53 W, 31
2026/10/07 23:35:02.458, 0, 2032 MHz, 3996 MHz, 251.24 W, 50
2026/10/07 23:35:02.458, 1, 382 MHz, 3996 MHz, 239.48 W, 51
2026/10/07 23:35:02.458, 2, 2032 MHz, 3996 MHz, 243.20 W, 41
2026/10/07 23:35:02.458, 3, 2032 MHz, 3996 MHz, 245.29 W, 41
2026/10/07 23:35:02.458, 4, 120 MHz, 3996 MHz, 184.59 W, 39
2026/10/07 23:35:02.458, 5, 120 MHz, 3996 MHz, 183.59 W, 37
2026/10/07 23:35:02.458, 6, 120 MHz, 3996 MHz, 186.78 W, 32
2026/10/07 23:35:02.458, 7, 120 MHz, 3996 MHz, 186.54 W, 31
2026/10/07 23:35:03.459, 0, 322 MHz, 3996 MHz, 215.49 W, 49
2026/10/07 23:35:03.459, 1, 240 MHz, 3996 MHz, 197.88 W, 51
2026/10/07 23:35:03.459, 2, 375 MHz, 3996 MHz, 223.84 W, 40
2026/10/07 23:35:03.459, 3, 367 MHz, 3996 MHz, 221.23 W, 40
2026/10/07 23:35:03.459, 4, 120 MHz, 3996 MHz, 184.59 W, 38
2026/10/07 23:35:03.459, 5, 120 MHz, 3996 MHz, 183.52 W, 37
2026/10/07 23:35:03.459, 6, 120 MHz, 3996 MHz, 186.78 W, 32
2026/10/07 23:35:03.459, 7, 120 MHz, 3996 MHz, 186.53 W, 31
2026/10/07 23:35:04.459, 0, 202 MHz, 3996 MHz, 194.45 W, 48
2026/10/07 23:35:04.459, 1, 157 MHz, 3996 MHz, 196.37 W, 50
2026/10/07 23:35:04.459, 2, 240 MHz, 3996 MHz, 190.42 W, 39
2026/10/07 23:35:04.459, 3, 232 MHz, 3996 MHz, 189.96 W, 39
2026/10/07 23:35:04.459, 4, 120 MHz, 3996 MHz, 184.59 W, 38
2026/10/07 23:35:04.459, 5, 120 MHz, 3996 MHz, 183.32 W, 37
2026/10/07 23:35:04.459, 6, 120 MHz, 3996 MHz, 186.78 W, 32
2026/10/07 23:35:04.459, 7, 120 MHz, 3996 MHz, 186.54 W, 31
2026/10/07 23:35:05.459, 0, 577 MHz, 3996 MHz, 194.86 W, 48
2026/10/07 23:35:05.459, 1, 120 MHz, 3996 MHz, 196.03 W, 50
2026/10/07 23:35:05.459, 2, 150 MHz, 3996 MHz, 189.16 W, 39
2026/10/07 23:35:05.459, 3, 150 MHz, 3996 MHz, 188.47 W, 39
2026/10/07 23:35:05.459, 4, 120 MHz, 3996 MHz, 184.28 W, 38
2026/10/07 23:35:05.459, 5, 120 MHz, 3996 MHz, 182.82 W, 37
2026/10/07 23:35:05.459, 6, 120 MHz, 3996 MHz, 185.80 W, 32
2026/10/07 23:35:05.459, 7, 120 MHz, 3996 MHz, 186.19 W, 31
2026/10/07 23:35:06.460, 0, 577 MHz, 3996 MHz, 197.63 W, 47
2026/10/07 23:35:06.460, 1, 120 MHz, 3996 MHz, 195.99 W, 49
2026/10/07 23:35:06.460, 2, 510 MHz, 3996 MHz, 191.49 W, 38
2026/10/07 23:35:06.460, 3, 120 MHz, 3996 MHz, 188.04 W, 38
2026/10/07 23:35:06.460, 4, 120 MHz, 3996 MHz, 183.37 W, 38
2026/10/07 23:35:06.460, 5, 120 MHz, 3996 MHz, 182.80 W, 36
2026/10/07 23:35:06.460, 6, 120 MHz, 3996 MHz, 184.83 W, 32
2026/10/07 23:35:06.460, 7, 120 MHz, 3996 MHz, 185.74 W, 31
2026/10/07 23:35:07.460, 0, 120 MHz, 3996 MHz, 194.80 W, 47
2026/10/07 23:35:07.460, 1, 120 MHz, 3996 MHz, 195.99 W, 49
2026/10/07 23:35:07.460, 2, 510 MHz, 3996 MHz, 191.92 W, 38
2026/10/07 23:35:07.460, 3, 120 MHz, 3996 MHz, 187.97 W, 38
2026/10/07 23:35:07.460, 4, 120 MHz, 3996 MHz, 183.50 W, 38
2026/10/07 23:35:07.460, 5, 120 MHz, 3996 MHz, 182.72 W, 36
2026/10/07 23:35:07.460, 6, 120 MHz, 3996 MHz, 184.83 W, 31
2026/10/07 23:35:07.460, 7, 120 MHz, 3996 MHz, 186.56 W, 31
2026/10/07 23:35:08.460, 0, 120 MHz, 3996 MHz, 192.23 W, 47
2026/10/07 23:35:08.460, 1, 120 MHz, 3996 MHz, 195.83 W, 48
2026/10/07 23:35:08.460, 2, 120 MHz, 3996 MHz, 188.20 W, 38
2026/10/07 23:35:08.460, 3, 120 MHz, 3996 MHz, 187.86 W, 38
2026/10/07 23:35:08.460, 4, 120 MHz, 3996 MHz, 183.34 W, 38
2026/10/07 23:35:08.460, 5, 120 MHz, 3996 MHz, 182.77 W, 36
2026/10/07 23:35:08.460, 6, 120 MHz, 3996 MHz, 184.83 W, 31
2026/10/07 23:35:08.460, 7, 120 MHz, 3996 MHz, 186.57 W, 30
2026/10/07 23:35:09.461, 0, 120 MHz, 3996 MHz, 192.23 W, 46
2026/10/07 23:35:09.461, 1, 120 MHz, 3996 MHz, 194.89 W, 48
2026/10/07 23:35:09.461, 2, 120 MHz, 3996 MHz, 188.01 W, 37
2026/10/07 23:35:09.461, 3, 120 MHz, 3996 MHz, 187.51 W, 37
2026/10/07 23:35:09.461, 4, 120 MHz, 3996 MHz, 182.99 W, 38
2026/10/07 23:35:09.461, 5, 120 MHz, 3996 MHz, 182.78 W, 36
2026/10/07 23:35:09.461, 6, 120 MHz, 3996 MHz, 184.83 W, 31
2026/10/07 23:35:09.461, 7, 120 MHz, 3996 MHz, 186.47 W, 30
2026/10/07 23:35:10.461, 0, 120 MHz, 3996 MHz, 192.23 W, 46
2026/10/07 23:35:10.461, 1, 120 MHz, 3996 MHz, 194.05 W, 48
2026/10/07 23:35:10.461, 2, 120 MHz, 3996 MHz, 188.01 W, 37
2026/10/07 23:35:10.461, 3, 120 MHz, 3996 MHz, 186.83 W, 37
2026/10/07 23:35:10.461, 4, 120 MHz, 3996 MHz, 183.03 W, 38
2026/10/07 23:35:10.461, 5, 120 MHz, 3996 MHz, 182.85 W, 36
2026/10/07 23:35:10.461, 6, 120 MHz, 3996 MHz, 184.83 W, 31
2026/10/07 23:35:10.461, 7, 120 MHz, 3996 MHz, 186.37 W, 30
2026/10/07 23:35:11.461, 0, 120 MHz, 3996 MHz, 192.23 W, 46
2026/10/07 23:35:11.461, 1, 120 MHz, 3996 MHz, 194.05 W, 47
2026/10/07 23:35:11.461, 2, 120 MHz, 3996 MHz, 188.01 W, 36
2026/10/07 23:35:11.461, 3, 120 MHz, 3996 MHz, 186.32 W, 36
2026/10/07 23:35:11.461, 4, 120 MHz, 3996 MHz, 182.88 W, 38
2026/10/07 23:35:11.461, 5, 120 MHz, 3996 MHz, 182.69 W, 36
2026/10/07 23:35:11.461, 6, 120 MHz, 3996 MHz, 184.83 W, 31
2026/10/07 23:35:11.461, 7, 120 MHz, 3996 MHz, 186.34 W, 30
2026/10/07 23:35:12.462, 0, 120 MHz, 3996 MHz, 192.23 W, 45
2026/10/07 23:35:12.462, 1, 120 MHz, 3996 MHz, 194.05 W, 47
2026/10/07 23:35:12.462, 2, 120 MHz, 3996 MHz, 188.01 W, 36
2026/10/07 23:35:12.462, 3, 120 MHz, 3996 MHz, 186.16 W, 36
2026/10/07 23:35:12.462, 4, 120 MHz, 3996 MHz, 182.76 W, 38
2026/10/07 23:35:12.462, 5, 120 MHz, 3996 MHz, 182.73 W, 36
2026/10/07 23:35:12.462, 6, 120 MHz, 3996 MHz, 184.83 W, 31
2026/10/07 23:35:12.462, 7, 120 MHz, 3996 MHz, 186.45 W, 30
2026/10/07 23:35:13.462, 0, 120 MHz, 3996 MHz, 192.23 W, 45
2026/10/07 23:35:13.462, 1, 120 MHz, 3996 MHz, 194.05 W, 47
2026/10/07 23:35:13.462, 2, 120 MHz, 3996 MHz, 188.01 W, 36
2026/10/07 23:35:13.462, 3, 120 MHz, 3996 MHz, 186.05 W, 36
2026/10/07 23:35:13.462, 4, 120 MHz, 3996 MHz, 182.72 W, 37
2026/10/07 23:35:13.462, 5, 120 MHz, 3996 MHz, 182.66 W, 36
2026/10/07 23:35:13.462, 6, 120 MHz, 3996 MHz, 184.83 W, 31
2026/10/07 23:35:13.462, 7, 120 MHz, 3996 MHz, 186.24 W, 30
2026/10/07 23:35:14.462, 0, 120 MHz, 3996 MHz, 192.20 W, 44
2026/10/07 23:35:14.462, 1, 120 MHz, 3996 MHz, 194.05 W, 46
2026/10/07 23:35:14.462, 2, 120 MHz, 3996 MHz, 188.01 W, 35
2026/10/07 23:35:14.462, 3, 120 MHz, 3996 MHz, 186.06 W, 35
2026/10/07 23:35:14.462, 4, 120 MHz, 3996 MHz, 182.65 W, 37
2026/10/07 23:35:14.462, 5, 120 MHz, 3996 MHz, 182.66 W, 36
2026/10/07 23:35:14.463, 6, 120 MHz, 3996 MHz, 184.83 W, 31
2026/10/07 23:35:14.463, 7, 120 MHz, 3996 MHz, 185.80 W, 30
2026/10/07 23:35:15.463, 0, 120 MHz, 3996 MHz, 191.88 W, 44
2026/10/07 23:35:15.463, 1, 120 MHz, 3996 MHz, 194.05 W, 46
2026/10/07 23:35:15.463, 2, 120 MHz, 3996 MHz, 188.01 W, 35
2026/10/07 23:35:15.463, 3, 120 MHz, 3996 MHz, 186.05 W, 35
2026/10/07 23:35:15.463, 4, 120 MHz, 3996 MHz, 182.65 W, 37
2026/10/07 23:35:15.463, 5, 120 MHz, 3996 MHz, 182.71 W, 36
2026/10/07 23:35:15.463, 6, 120 MHz, 3996 MHz, 184.83 W, 31
2026/10/07 23:35:15.463, 7, 120 MHz, 3996 MHz, 185.34 W, 30
2026/10/07 23:35:16.463, 0, 120 MHz, 3996 MHz, 191.81 W, 44
2026/10/07 23:35:16.463, 1, 120 MHz, 3996 MHz, 194.05 W, 46
2026/10/07 23:35:16.463, 2, 120 MHz, 3996 MHz, 188.01 W, 35
2026/10/07 23:35:16.463, 3, 120 MHz, 3996 MHz, 186.06 W, 35
2026/10/07 23:35:16.463, 4, 120 MHz, 3996 MHz, 182.65 W, 37
2026/10/07 23:35:16.464, 5, 120 MHz, 3996 MHz, 182.66 W, 36
2026/10/07 23:35:16.464, 6, 120 MHz, 3996 MHz, 184.83 W, 31
2026/10/07 23:35:16.464, 7, 120 MHz, 3996 MHz, 185.14 W, 30
2026/10/07 23:35:17.464, 0, 120 MHz, 3996 MHz, 191.27 W, 44
2026/10/07 23:35:17.464, 1, 120 MHz, 3996 MHz, 194.05 W, 45
2026/10/07 23:35:17.464, 2, 120 MHz, 3996 MHz, 187.30 W, 35
2026/10/07 23:35:17.464, 3, 120 MHz, 3996 MHz, 186.06 W, 35
2026/10/07 23:35:17.464, 4, 120 MHz, 3996 MHz, 182.65 W, 37
2026/10/07 23:35:17.464, 5, 120 MHz, 3996 MHz, 182.66 W, 36
2026/10/07 23:35:17.464, 6, 120 MHz, 3996 MHz, 184.83 W, 31
2026/10/07 23:35:17.464, 7, 120 MHz, 3996 MHz, 185.34 W, 30
2026/10/07 23:35:18.468, 0, 120 MHz, 3996 MHz, 190.63 W, 43
2026/10/07 23:35:18.468, 1, 120 MHz, 3996 MHz, 194.05 W, 45
2026/10/07 23:35:18.468, 2, 120 MHz, 3996 MHz, 186.12 W, 35
2026/10/07 23:35:18.468, 3, 120 MHz, 3996 MHz, 186.05 W, 35
2026/10/07 23:35:18.469, 4, 120 MHz, 3996 MHz, 182.65 W, 37
2026/10/07 23:35:18.469, 5, 120 MHz, 3996 MHz, 182.65 W, 35
2026/10/07 23:35:18.469, 6, 120 MHz, 3996 MHz, 184.83 W, 31
2026/10/07 23:35:18.469, 7, 120 MHz, 3996 MHz, 184.87 W, 29
2026/10/07 23:35:19.469, 0, 120 MHz, 3996 MHz, 190.29 W, 43
2026/10/07 23:35:19.469, 1, 120 MHz, 3996 MHz, 194.05 W, 45
2026/10/07 23:35:19.469, 2, 120 MHz, 3996 MHz, 186.05 W, 34
2026/10/07 23:35:19.469, 3, 120 MHz, 3996 MHz, 186.02 W, 34
2026/10/07 23:35:19.469, 4, 120 MHz, 3996 MHz, 182.69 W, 37
2026/10/07 23:35:19.469, 5, 120 MHz, 3996 MHz, 182.61 W, 35
2026/10/07 23:35:19.469, 6, 120 MHz, 3996 MHz, 184.83 W, 31
2026/10/07 23:35:19.469, 7, 120 MHz, 3996 MHz, 184.72 W, 29
2026/10/07 23:35:20.469, 0, 120 MHz, 3996 MHz, 190.29 W, 43
2026/10/07 23:35:20.469, 1, 120 MHz, 3996 MHz, 193.97 W, 45
2026/10/07 23:35:20.469, 2, 120 MHz, 3996 MHz, 186.05 W, 34
2026/10/07 23:35:20.469, 3, 120 MHz, 3996 MHz, 185.98 W, 34
2026/10/07 23:35:20.469, 4, 120 MHz, 3996 MHz, 182.65 W, 37
2026/10/07 23:35:20.469, 5, 120 MHz, 3996 MHz, 182.70 W, 35
2026/10/07 23:35:20.469, 6, 120 MHz, 3996 MHz, 184.83 W, 30
2026/10/07 23:35:20.469, 7, 120 MHz, 3996 MHz, 184.67 W, 29
2026/10/07 23:35:21.470, 0, 120 MHz, 3996 MHz, 190.29 W, 43
2026/10/07 23:35:21.470, 1, 120 MHz, 3996 MHz, 193.70 W, 45
2026/10/07 23:35:21.470, 2, 120 MHz, 3996 MHz, 185.99 W, 34
2026/10/07 23:35:21.470, 3, 2032 MHz, 3996 MHz, 208.15 W, 35
2026/10/07 23:35:21.470, 4, 120 MHz, 3996 MHz, 182.65 W, 37
2026/10/07 23:35:21.470, 5, 120 MHz, 3996 MHz, 182.66 W, 35
2026/10/07 23:35:21.470, 6, 120 MHz, 3996 MHz, 184.83 W, 30
2026/10/07 23:35:21.470, 7, 120 MHz, 3996 MHz, 184.71 W, 29
2026/10/07 23:35:22.470, 0, 120 MHz, 3996 MHz, 190.29 W, 43
2026/10/07 23:35:22.470, 1, 120 MHz, 3996 MHz, 192.90 W, 44
2026/10/07 23:35:22.470, 2, 120 MHz, 3996 MHz, 185.93 W, 34
2026/10/07 23:35:22.470, 3, 2032 MHz, 3996 MHz, 238.77 W, 35
2026/10/07 23:35:22.470, 4, 120 MHz, 3996 MHz, 182.65 W, 37
2026/10/07 23:35:22.470, 5, 120 MHz, 3996 MHz, 182.70 W, 35
2026/10/07 23:35:22.470, 6, 120 MHz, 3996 MHz, 184.83 W, 30
2026/10/07 23:35:22.470, 7, 120 MHz, 3996 MHz, 184.64 W, 29
2026/10/07 23:35:23.470, 0, 2032 MHz, 3996 MHz, 191.48 W, 42
2026/10/07 23:35:23.470, 1, 120 MHz, 3996 MHz, 192.26 W, 44
2026/10/07 23:35:23.470, 2, 120 MHz, 3996 MHz, 185.93 W, 34
2026/10/07 23:35:23.470, 3, 2032 MHz, 3996 MHz, 238.77 W, 35
2026/10/07 23:35:23.470, 4, 120 MHz, 3996 MHz, 182.65 W, 37
2026/10/07 23:35:23.470, 5, 120 MHz, 3996 MHz, 182.62 W, 35
2026/10/07 23:35:23.471, 6, 120 MHz, 3996 MHz, 184.83 W, 30
2026/10/07 23:35:23.471, 7, 120 MHz, 3996 MHz, 184.64 W, 29
2026/10/07 23:35:24.471, 0, 2032 MHz, 3996 MHz, 242.99 W, 43
2026/10/07 23:35:24.471, 1, 2032 MHz, 3996 MHz, 228.80 W, 45
2026/10/07 23:35:24.471, 2, 120 MHz, 3996 MHz, 185.93 W, 34
2026/10/07 23:35:24.471, 3, 2032 MHz, 3996 MHz, 240.07 W, 35
2026/10/07 23:35:24.471, 4, 120 MHz, 3996 MHz, 182.65 W, 37
2026/10/07 23:35:24.471, 5, 120 MHz, 3996 MHz, 182.65 W, 35
2026/10/07 23:35:24.471, 6, 120 MHz, 3996 MHz, 184.83 W, 30
2026/10/07 23:35:24.471, 7, 120 MHz, 3996 MHz, 184.63 W, 29
2026/10/07 23:35:25.471, 0, 2032 MHz, 3996 MHz, 243.83 W, 43
2026/10/07 23:35:25.471, 1, 2032 MHz, 3996 MHz, 255.49 W, 45
2026/10/07 23:35:25.471, 2, 120 MHz, 3996 MHz, 185.93 W, 33
2026/10/07 23:35:25.471, 3, 2032 MHz, 3996 MHz, 240.10 W, 35
2026/10/07 23:35:25.471, 4, 120 MHz, 3996 MHz, 182.65 W, 37
2026/10/07 23:35:25.471, 5, 120 MHz, 3996 MHz, 182.65 W, 35
2026/10/07 23:35:25.471, 6, 120 MHz, 3996 MHz, 184.83 W, 30
2026/10/07 23:35:25.471, 7, 120 MHz, 3996 MHz, 184.63 W, 29
2026/10/07 23:35:26.471, 0, 2032 MHz, 3996 MHz, 244.37 W, 43
2026/10/07 23:35:26.471, 1, 2032 MHz, 3996 MHz, 254.98 W, 45
2026/10/07 23:35:26.471, 2, 120 MHz, 3996 MHz, 185.93 W, 33
2026/10/07 23:35:26.471, 3, 2032 MHz, 3996 MHz, 239.46 W, 34
2026/10/07 23:35:26.471, 4, 120 MHz, 3996 MHz, 182.65 W, 37
2026/10/07 23:35:26.471, 5, 120 MHz, 3996 MHz, 182.65 W, 35
2026/10/07 23:35:26.471, 6, 120 MHz, 3996 MHz, 184.83 W, 30
2026/10/07 23:35:26.471, 7, 120 MHz, 3996 MHz, 184.63 W, 29
2026/10/07 23:35:27.472, 0, 2032 MHz, 3996 MHz, 250.23 W, 43
2026/10/07 23:35:27.472, 1, 2032 MHz, 3996 MHz, 255.81 W, 45
2026/10/07 23:35:27.472, 2, 120 MHz, 3996 MHz, 185.88 W, 33
2026/10/07 23:35:27.472, 3, 2032 MHz, 3996 MHz, 257.35 W, 34
2026/10/07 23:35:27.472, 4, 120 MHz, 3996 MHz, 182.65 W, 37
2026/10/07 23:35:27.472, 5, 120 MHz, 3996 MHz, 182.65 W, 35
2026/10/07 23:35:27.472, 6, 120 MHz, 3996 MHz, 184.83 W, 30
2026/10/07 23:35:27.472, 7, 120 MHz, 3996 MHz, 184.71 W, 29
2026/10/07 23:35:28.472, 0, 2032 MHz, 3996 MHz, 269.92 W, 43
2026/10/07 23:35:28.472, 1, 2032 MHz, 3996 MHz, 255.73 W, 45
2026/10/07 23:35:28.472, 2, 120 MHz, 3996 MHz, 185.91 W, 33
2026/10/07 23:35:28.472, 3, 2032 MHz, 3996 MHz, 245.71 W, 34
2026/10/07 23:35:28.472, 4, 120 MHz, 3996 MHz, 182.65 W, 37
2026/10/07 23:35:28.472, 5, 120 MHz, 3996 MHz, 182.68 W, 35
2026/10/07 23:35:28.472, 6, 120 MHz, 3996 MHz, 184.83 W, 30
2026/10/07 23:35:28.472, 7, 120 MHz, 3996 MHz, 184.64 W, 29
2026/10/07 23:35:29.472, 0, 2032 MHz, 3996 MHz, 262.71 W, 43
2026/10/07 23:35:29.472, 1, 2032 MHz, 3996 MHz, 255.78 W, 45
2026/10/07 23:35:29.472, 2, 120 MHz, 3996 MHz, 185.92 W, 33
2026/10/07 23:35:29.472, 3, 2032 MHz, 3996 MHz, 239.05 W, 34
2026/10/07 23:35:29.472, 4, 120 MHz, 3996 MHz, 182.65 W, 37
2026/10/07 23:35:29.472, 5, 120 MHz, 3996 MHz, 182.72 W, 35
2026/10/07 23:35:29.473, 6, 120 MHz, 3996 MHz, 184.83 W, 30
2026/10/07 23:35:29.473, 7, 120 MHz, 3996 MHz, 184.63 W, 29
2026/10/07 23:35:30.473, 0, 2032 MHz, 3996 MHz, 357.05 W, 44
2026/10/07 23:35:30.473, 1, 2032 MHz, 3996 MHz, 274.52 W, 45
2026/10/07 23:35:30.473, 2, 2032 MHz, 3996 MHz, 188.25 W, 33
2026/10/07 23:35:30.473, 3, 2032 MHz, 3996 MHz, 274.72 W, 35
2026/10/07 23:35:30.473, 4, 120 MHz, 3996 MHz, 182.65 W, 37
2026/10/07 23:35:30.473, 5, 120 MHz, 3996 MHz, 182.72 W, 35
2026/10/07 23:35:30.473, 6, 120 MHz, 3996 MHz, 184.83 W, 30
2026/10/07 23:35:30.473, 7, 120 MHz, 3996 MHz, 184.62 W, 29
2026/10/07 23:35:31.473, 0, 2032 MHz, 3996 MHz, 313.77 W, 44
2026/10/07 23:35:31.473, 1, 2032 MHz, 3996 MHz, 255.53 W, 44
2026/10/07 23:35:31.473, 2, 2032 MHz, 3996 MHz, 237.39 W, 33
2026/10/07 23:35:31.473, 3, 2032 MHz, 3996 MHz, 305.95 W, 35
2026/10/07 23:35:31.473, 4, 120 MHz, 3996 MHz, 182.65 W, 37
2026/10/07 23:35:31.473, 5, 120 MHz, 3996 MHz, 182.65 W, 35
2026/10/07 23:35:31.473, 6, 120 MHz, 3996 MHz, 184.83 W, 30
2026/10/07 23:35:31.473, 7, 120 MHz, 3996 MHz, 184.60 W, 29
2026/10/07 23:35:32.473, 0, 2032 MHz, 3996 MHz, 275.07 W, 43
2026/10/07 23:35:32.473, 1, 2032 MHz, 3996 MHz, 261.05 W, 44
2026/10/07 23:35:32.473, 2, 2032 MHz, 3996 MHz, 236.54 W, 33
2026/10/07 23:35:32.473, 3, 2032 MHz, 3996 MHz, 297.34 W, 35
2026/10/07 23:35:32.473, 4, 120 MHz, 3996 MHz, 182.65 W, 36
2026/10/07 23:35:32.473, 5, 120 MHz, 3996 MHz, 182.65 W, 35
2026/10/07 23:35:32.473, 6, 120 MHz, 3996 MHz, 184.83 W, 30
2026/10/07 23:35:32.473, 7, 120 MHz, 3996 MHz, 184.61 W, 29
2026/10/07 23:35:33.474, 0, 2032 MHz, 3996 MHz, 266.20 W, 42
2026/10/07 23:35:33.474, 1, 2032 MHz, 3996 MHz, 273.46 W, 45
2026/10/07 23:35:33.474, 2, 2032 MHz, 3996 MHz, 237.25 W, 33
2026/10/07 23:35:33.474, 3, 2032 MHz, 3996 MHz, 286.26 W, 34
2026/10/07 23:35:33.474, 4, 120 MHz, 3996 MHz, 182.65 W, 36
2026/10/07 23:35:33.474, 5, 120 MHz, 3996 MHz, 182.65 W, 35
2026/10/07 23:35:33.474, 6, 120 MHz, 3996 MHz, 184.83 W, 30
2026/10/07 23:35:33.474, 7, 120 MHz, 3996 MHz, 184.60 W, 29
2026/10/07 23:35:34.474, 0, 2032 MHz, 3996 MHz, 250.05 W, 42
2026/10/07 23:35:34.474, 1, 2032 MHz, 3996 MHz, 331.14 W, 46
2026/10/07 23:35:34.474, 2, 2032 MHz, 3996 MHz, 238.32 W, 33
2026/10/07 23:35:34.474, 3, 2032 MHz, 3996 MHz, 251.13 W, 34
2026/10/07 23:35:34.474, 4, 120 MHz, 3996 MHz, 182.65 W, 36
2026/10/07 23:35:34.474, 5, 120 MHz, 3996 MHz, 182.65 W, 35
2026/10/07 23:35:34.474, 6, 120 MHz, 3996 MHz, 184.83 W, 30
2026/10/07 23:35:34.474, 7, 120 MHz, 3996 MHz, 184.62 W, 29
2026/10/07 23:35:35.474, 0, 2032 MHz, 3996 MHz, 242.59 W, 42
2026/10/07 23:35:35.474, 1, 2032 MHz, 3996 MHz, 317.74 W, 45
2026/10/07 23:35:35.474, 2, 2032 MHz, 3996 MHz, 237.89 W, 33
2026/10/07 23:35:35.474, 3, 2032 MHz, 3996 MHz, 255.16 W, 34
2026/10/07 23:35:35.474, 4, 120 MHz, 3996 MHz, 182.65 W, 36
2026/10/07 23:35:35.474, 5, 120 MHz, 3996 MHz, 182.65 W, 35
2026/10/07 23:35:35.474, 6, 120 MHz, 3996 MHz, 184.83 W, 30
2026/10/07 23:35:35.474, 7, 120 MHz, 3996 MHz, 184.61 W, 29
2026/10/07 23:35:36.474, 0, 2032 MHz, 3996 MHz, 242.56 W, 42
2026/10/07 23:35:36.475, 1, 2032 MHz, 3996 MHz, 302.63 W, 45
2026/10/07 23:35:36.475, 2, 2032 MHz, 3996 MHz, 255.92 W, 33
2026/10/07 23:35:36.475, 3, 2032 MHz, 3996 MHz, 250.17 W, 34
2026/10/07 23:35:36.475, 4, 120 MHz, 3996 MHz, 182.65 W, 36
2026/10/07 23:35:36.475, 5, 120 MHz, 3996 MHz, 182.65 W, 35
2026/10/07 23:35:36.475, 6, 120 MHz, 3996 MHz, 184.83 W, 30
2026/10/07 23:35:36.475, 7, 120 MHz, 3996 MHz, 184.60 W, 29
2026/10/07 23:35:37.475, 0, 2032 MHz, 3996 MHz, 251.30 W, 42
2026/10/07 23:35:37.475, 1, 2032 MHz, 3996 MHz, 268.63 W, 44
2026/10/07 23:35:37.475, 2, 2032 MHz, 3996 MHz, 243.92 W, 33
2026/10/07 23:35:37.475, 3, 2032 MHz, 3996 MHz, 243.97 W, 34
2026/10/07 23:35:37.475, 4, 120 MHz, 3996 MHz, 182.65 W, 36
2026/10/07 23:35:37.475, 5, 120 MHz, 3996 MHz, 182.69 W, 35
2026/10/07 23:35:37.475, 6, 120 MHz, 3996 MHz, 184.83 W, 30
2026/10/07 23:35:37.475, 7, 120 MHz, 3996 MHz, 184.60 W, 29
2026/10/07 23:35:38.475, 0, 2032 MHz, 3996 MHz, 242.27 W, 41
2026/10/07 23:35:38.475, 1, 2032 MHz, 3996 MHz, 274.69 W, 44
2026/10/07 23:35:38.475, 2, 2032 MHz, 3996 MHz, 309.73 W, 36
2026/10/07 23:35:38.475, 3, 2032 MHz, 3996 MHz, 239.94 W, 33
2026/10/07 23:35:38.475, 4, 120 MHz, 3996 MHz, 182.65 W, 36
2026/10/07 23:35:38.475, 5, 120 MHz, 3996 MHz, 182.65 W, 35
2026/10/07 23:35:38.475, 6, 120 MHz, 3996 MHz, 184.83 W, 30
2026/10/07 23:35:38.475, 7, 120 MHz, 3996 MHz, 184.63 W, 29
2026/10/07 23:35:39.476, 0, 2032 MHz, 3996 MHz, 242.26 W, 41
2026/10/07 23:35:39.476, 1, 2032 MHz, 3996 MHz, 268.93 W, 44
2026/10/07 23:35:39.476, 2, 2032 MHz, 3996 MHz, 319.42 W, 34
2026/10/07 23:35:39.476, 3, 2032 MHz, 3996 MHz, 238.36 W, 33
2026/10/07 23:35:39.476, 4, 120 MHz, 3996 MHz, 182.65 W, 36
2026/10/07 23:35:39.476, 5, 120 MHz, 3996 MHz, 182.65 W, 35
2026/10/07 23:35:39.476, 6, 120 MHz, 3996 MHz, 184.83 W, 30
2026/10/07 23:35:39.476, 7, 120 MHz, 3996 MHz, 184.67 W, 29
2026/10/07 23:35:40.476, 0, 2032 MHz, 3996 MHz, 242.24 W, 41
2026/10/07 23:35:40.476, 1, 2032 MHz, 3996 MHz, 260.21 W, 43
2026/10/07 23:35:40.476, 2, 2032 MHz, 3996 MHz, 290.31 W, 34
2026/10/07 23:35:40.476, 3, 2032 MHz, 3996 MHz, 238.44 W, 33
2026/10/07 23:35:40.476, 4, 120 MHz, 3996 MHz, 182.65 W, 36
2026/10/07 23:35:40.476, 5, 120 MHz, 3996 MHz, 182.65 W, 35
2026/10/07 23:35:40.476, 6, 120 MHz, 3996 MHz, 184.83 W, 30
2026/10/07 23:35:40.476, 7, 120 MHz, 3996 MHz, 184.66 W, 28
2026/10/07 23:35:41.476, 0, 2032 MHz, 3996 MHz, 242.25 W, 41
2026/10/07 23:35:41.476, 1, 2032 MHz, 3996 MHz, 260.75 W, 43
2026/10/07 23:35:41.476, 2, 2032 MHz, 3996 MHz, 268.63 W, 34
2026/10/07 23:35:41.476, 3, 2032 MHz, 3996 MHz, 238.77 W, 33
2026/10/07 23:35:41.476, 4, 120 MHz, 3996 MHz, 182.65 W, 36
2026/10/07 23:35:41.476, 5, 120 MHz, 3996 MHz, 182.65 W, 35
2026/10/07 23:35:41.477, 6, 120 MHz, 3996 MHz, 184.83 W, 30
2026/10/07 23:35:41.477, 7, 120 MHz, 3996 MHz, 184.65 W, 28
2026/10/07 23:35:42.477, 0, 2032 MHz, 3996 MHz, 242.26 W, 41
2026/10/07 23:35:42.477, 1, 2032 MHz, 3996 MHz, 253.74 W, 43
2026/10/07 23:35:42.477, 2, 2032 MHz, 3996 MHz, 249.63 W, 33
2026/10/07 23:35:42.477, 3, 2032 MHz, 3996 MHz, 247.59 W, 33
2026/10/07 23:35:42.477, 4, 120 MHz, 3996 MHz, 182.65 W, 36
2026/10/07 23:35:42.477, 5, 120 MHz, 3996 MHz, 182.65 W, 35
2026/10/07 23:35:42.477, 6, 120 MHz, 3996 MHz, 184.83 W, 30
2026/10/07 23:35:42.477, 7, 120 MHz, 3996 MHz, 184.68 W, 28
2026/10/07 23:35:43.477, 0, 2032 MHz, 3996 MHz, 242.25 W, 41
2026/10/07 23:35:43.477, 1, 2032 MHz, 3996 MHz, 253.71 W, 43
2026/10/07 23:35:43.477, 2, 2032 MHz, 3996 MHz, 242.67 W, 33
2026/10/07 23:35:43.477, 3, 2032 MHz, 3996 MHz, 238.42 W, 33
2026/10/07 23:35:43.477, 4, 120 MHz, 3996 MHz, 182.65 W, 36
2026/10/07 23:35:43.477, 5, 120 MHz, 3996 MHz, 182.65 W, 35
2026/10/07 23:35:43.477, 6, 120 MHz, 3996 MHz, 184.83 W, 30
2026/10/07 23:35:43.477, 7, 120 MHz, 3996 MHz, 184.65 W, 28
2026/10/07 23:35:44.477, 0, 2032 MHz, 3996 MHz, 242.25 W, 41
2026/10/07 23:35:44.478, 1, 2032 MHz, 3996 MHz, 253.71 W, 43
2026/10/07 23:35:44.478, 2, 2032 MHz, 3996 MHz, 239.18 W, 33
2026/10/07 23:35:44.478, 3, 2032 MHz, 3996 MHz, 238.18 W, 33
2026/10/07 23:35:44.478, 4, 120 MHz, 3996 MHz, 182.65 W, 36
2026/10/07 23:35:44.478, 5, 120 MHz, 3996 MHz, 182.65 W, 35
2026/10/07 23:35:44.478, 6, 120 MHz, 3996 MHz, 184.83 W, 30
2026/10/07 23:35:44.478, 7, 120 MHz, 3996 MHz, 184.66 W, 28
2026/10/07 23:35:45.478, 0, 2032 MHz, 3996 MHz, 242.23 W, 41
2026/10/07 23:35:45.478, 1, 2032 MHz, 3996 MHz, 254.05 W, 43
2026/10/07 23:35:45.478, 2, 2032 MHz, 3996 MHz, 236.89 W, 33
2026/10/07 23:35:45.478, 3, 2032 MHz, 3996 MHz, 238.07 W, 33
2026/10/07 23:35:45.478, 4, 120 MHz, 3996 MHz, 182.65 W, 36
2026/10/07 23:35:45.478, 5, 120 MHz, 3996 MHz, 182.65 W, 35
2026/10/07 23:35:45.478, 6, 120 MHz, 3996 MHz, 184.83 W, 30
2026/10/07 23:35:45.478, 7, 120 MHz, 3996 MHz, 184.66 W, 28
2026/10/07 23:35:46.478, 0, 2032 MHz, 3996 MHz, 242.05 W, 40
2026/10/07 23:35:46.478, 1, 2032 MHz, 3996 MHz, 262.76 W, 43
2026/10/07 23:35:46.478, 2, 2032 MHz, 3996 MHz, 237.36 W, 33
2026/10/07 23:35:46.478, 3, 2032 MHz, 3996 MHz, 238.15 W, 33
2026/10/07 23:35:46.478, 4, 120 MHz, 3996 MHz, 182.65 W, 36
2026/10/07 23:35:46.478, 5, 120 MHz, 3996 MHz, 182.65 W, 35
2026/10/07 23:35:46.478, 6, 120 MHz, 3996 MHz, 184.83 W, 30
2026/10/07 23:35:46.478, 7, 120 MHz, 3996 MHz, 184.67 W, 28
2026/10/07 23:35:47.479, 0, 2032 MHz, 3996 MHz, 241.91 W, 40
2026/10/07 23:35:47.479, 1, 2032 MHz, 3996 MHz, 253.72 W, 43
2026/10/07 23:35:47.479, 2, 2032 MHz, 3996 MHz, 237.27 W, 33
2026/10/07 23:35:47.479, 3, 2032 MHz, 3996 MHz, 237.63 W, 33
2026/10/07 23:35:47.479, 4, 120 MHz, 3996 MHz, 182.65 W, 36
2026/10/07 23:35:47.479, 5, 120 MHz, 3996 MHz, 182.69 W, 34
2026/10/07 23:35:47.479, 6, 120 MHz, 3996 MHz, 184.83 W, 30
2026/10/07 23:35:47.479, 7, 120 MHz, 3996 MHz, 184.62 W, 28
2026/10/07 23:35:48.479, 0, 2032 MHz, 3996 MHz, 241.86 W, 40
2026/10/07 23:35:48.479, 1, 2032 MHz, 3996 MHz, 253.73 W, 42
2026/10/07 23:35:48.479, 2, 2032 MHz, 3996 MHz, 244.82 W, 33
2026/10/07 23:35:48.479, 3, 2032 MHz, 3996 MHz, 237.82 W, 33
2026/10/07 23:35:48.479, 4, 120 MHz, 3996 MHz, 182.65 W, 36
2026/10/07 23:35:48.479, 5, 120 MHz, 3996 MHz, 182.65 W, 34
2026/10/07 23:35:48.479, 6, 120 MHz, 3996 MHz, 184.83 W, 30
2026/10/07 23:35:48.479, 7, 120 MHz, 3996 MHz, 184.62 W, 28
2026/10/07 23:35:49.479, 0, 2032 MHz, 3996 MHz, 241.51 W, 40
2026/10/07 23:35:49.479, 1, 2032 MHz, 3996 MHz, 253.72 W, 42
2026/10/07 23:35:49.479, 2, 2032 MHz, 3996 MHz, 236.77 W, 32
2026/10/07 23:35:49.479, 3, 2032 MHz, 3996 MHz, 237.73 W, 33
2026/10/07 23:35:49.479, 4, 120 MHz, 3996 MHz, 182.64 W, 36
2026/10/07 23:35:49.479, 5, 120 MHz, 3996 MHz, 182.65 W, 34
2026/10/07 23:35:49.479, 6, 120 MHz, 3996 MHz, 184.83 W, 30
2026/10/07 23:35:49.480, 7, 120 MHz, 3996 MHz, 184.63 W, 28
2026/10/07 23:35:50.480, 0, 1957 MHz, 3996 MHz, 265.24 W, 40
2026/10/07 23:35:50.480, 1, 2032 MHz, 3996 MHz, 253.72 W, 42
2026/10/07 23:35:50.480, 2, 2032 MHz, 3996 MHz, 270.62 W, 33
2026/10/07 23:35:50.480, 3, 2032 MHz, 3996 MHz, 271.59 W, 33
2026/10/07 23:35:50.480, 4, 120 MHz, 3996 MHz, 182.65 W, 36
2026/10/07 23:35:50.480, 5, 120 MHz, 3996 MHz, 182.65 W, 34
2026/10/07 23:35:50.480, 6, 120 MHz, 3996 MHz, 184.83 W, 29
2026/10/07 23:35:50.480, 7, 120 MHz, 3996 MHz, 184.63 W, 28
2026/10/07 23:35:51.480, 0, 2032 MHz, 3996 MHz, 244.60 W, 40
2026/10/07 23:35:51.480, 1, 2032 MHz, 3996 MHz, 285.17 W, 42
2026/10/07 23:35:51.480, 2, 2032 MHz, 3996 MHz, 236.66 W, 32
2026/10/07 23:35:51.480, 3, 2032 MHz, 3996 MHz, 236.73 W, 33
2026/10/07 23:35:51.480, 4, 120 MHz, 3996 MHz, 182.65 W, 36
2026/10/07 23:35:51.480, 5, 120 MHz, 3996 MHz, 182.65 W, 34
2026/10/07 23:35:51.480, 6, 120 MHz, 3996 MHz, 184.83 W, 29
2026/10/07 23:35:51.480, 7, 120 MHz, 3996 MHz, 184.63 W, 28
2026/10/07 23:35:52.480, 0, 2032 MHz, 3996 MHz, 240.38 W, 40
2026/10/07 23:35:52.481, 1, 2032 MHz, 3996 MHz, 251.97 W, 42
2026/10/07 23:35:52.481, 2, 2032 MHz, 3996 MHz, 236.66 W, 32
2026/10/07 23:35:52.481, 3, 2032 MHz, 3996 MHz, 236.66 W, 32
2026/10/07 23:35:52.481, 4, 120 MHz, 3996 MHz, 182.65 W, 36
2026/10/07 23:35:52.481, 5, 120 MHz, 3996 MHz, 182.61 W, 34
2026/10/07 23:35:52.481, 6, 120 MHz, 3996 MHz, 184.83 W, 29
2026/10/07 23:35:52.481, 7, 120 MHz, 3996 MHz, 184.63 W, 28
2026/10/07 23:35:53.481, 0, 2032 MHz, 3996 MHz, 240.37 W, 40
2026/10/07 23:35:53.481, 1, 2032 MHz, 3996 MHz, 251.84 W, 42
2026/10/07 23:35:53.481, 2, 2032 MHz, 3996 MHz, 236.66 W, 32
2026/10/07 23:35:53.481, 3, 2032 MHz, 3996 MHz, 236.66 W, 32
2026/10/07 23:35:53.481, 4, 120 MHz, 3996 MHz, 182.65 W, 36
2026/10/07 23:35:53.481, 5, 120 MHz, 3996 MHz, 182.65 W, 34
2026/10/07 23:35:53.481, 6, 120 MHz, 3996 MHz, 184.83 W, 29
2026/10/07 23:35:53.481, 7, 120 MHz, 3996 MHz, 184.64 W, 28
2026/10/07 23:35:54.481, 0, 2032 MHz, 3996 MHz, 240.35 W, 40
2026/10/07 23:35:54.481, 1, 2032 MHz, 3996 MHz, 251.81 W, 42
2026/10/07 23:35:54.481, 2, 2032 MHz, 3996 MHz, 236.66 W, 32
2026/10/07 23:35:54.481, 3, 2032 MHz, 3996 MHz, 236.66 W, 32
2026/10/07 23:35:54.481, 4, 120 MHz, 3996 MHz, 182.64 W, 36
2026/10/07 23:35:54.482, 5, 120 MHz, 3996 MHz, 182.65 W, 34
2026/10/07 23:35:54.482, 6, 120 MHz, 3996 MHz, 184.83 W, 29
2026/10/07 23:35:54.482, 7, 120 MHz, 3996 MHz, 184.68 W, 28
2026/10/07 23:35:55.482, 0, 2032 MHz, 3996 MHz, 240.37 W, 40
2026/10/07 23:35:55.482, 1, 2032 MHz, 3996 MHz, 251.85 W, 42
2026/10/07 23:35:55.482, 2, 2032 MHz, 3996 MHz, 236.66 W, 32
2026/10/07 23:35:55.482, 3, 2032 MHz, 3996 MHz, 236.66 W, 32
2026/10/07 23:35:55.482, 4, 120 MHz, 3996 MHz, 182.65 W, 36
2026/10/07 23:35:55.482, 5, 120 MHz, 3996 MHz, 182.65 W, 34
2026/10/07 23:35:55.482, 6, 120 MHz, 3996 MHz, 184.83 W, 29
2026/10/07 23:35:55.482, 7, 120 MHz, 3996 MHz, 184.66 W, 28
2026/10/07 23:35:56.482, 0, 2032 MHz, 3996 MHz, 240.38 W, 39
2026/10/07 23:35:56.482, 1, 2032 MHz, 3996 MHz, 251.84 W, 42
2026/10/07 23:35:56.482, 2, 2032 MHz, 3996 MHz, 236.66 W, 32
2026/10/07 23:35:56.482, 3, 2032 MHz, 3996 MHz, 236.66 W, 32
2026/10/07 23:35:56.482, 4, 120 MHz, 3996 MHz, 182.65 W, 36
2026/10/07 23:35:56.482, 5, 120 MHz, 3996 MHz, 182.66 W, 34
2026/10/07 23:35:56.482, 6, 120 MHz, 3996 MHz, 184.83 W, 29
2026/10/07 23:35:56.482, 7, 120 MHz, 3996 MHz, 184.67 W, 28
2026/10/07 23:35:57.482, 0, 1342 MHz, 3996 MHz, 410.52 W, 51
2026/10/07 23:35:57.482, 1, 2032 MHz, 3996 MHz, 253.84 W, 42
2026/10/07 23:35:57.482, 2, 1642 MHz, 3996 MHz, 348.09 W, 45
2026/10/07 23:35:57.482, 3, 2032 MHz, 3996 MHz, 744.16 W, 36
2026/10/07 23:35:57.483, 4, 120 MHz, 3996 MHz, 182.65 W, 36
2026/10/07 23:35:57.483, 5, 120 MHz, 3996 MHz, 182.69 W, 34
2026/10/07 23:35:57.483, 6, 120 MHz, 3996 MHz, 184.83 W, 29
2026/10/07 23:35:57.483, 7, 120 MHz, 3996 MHz, 184.65 W, 28
2026/10/07 23:35:58.483, 0, 2032 MHz, 3996 MHz, 590.74 W, 42
2026/10/07 23:35:58.483, 1, 2032 MHz, 3996 MHz, 759.87 W, 46
2026/10/07 23:35:58.483, 2, 2032 MHz, 3996 MHz, 635.30 W, 34
2026/10/07 23:35:58.483, 3, 1350 MHz, 3996 MHz, 369.10 W, 44
2026/10/07 23:35:58.483, 4, 120 MHz, 3996 MHz, 182.65 W, 36
2026/10/07 23:35:58.483, 5, 120 MHz, 3996 MHz, 182.65 W, 34
2026/10/07 23:35:58.483, 6, 120 MHz, 3996 MHz, 184.83 W, 29
2026/10/07 23:35:58.483, 7, 120 MHz, 3996 MHz, 184.64 W, 28
2026/10/07 23:35:59.483, 0, 1327 MHz, 3996 MHz, 586.43 W, 54
2026/10/07 23:35:59.483, 1, 1335 MHz, 3996 MHz, 395.63 W, 52
2026/10/07 23:35:59.483, 2, 1365 MHz, 3996 MHz, 492.13 W, 47
2026/10/07 23:35:59.483, 3, 1335 MHz, 3996 MHz, 1090.33 W, 51
2026/10/07 23:35:59.483, 4, 120 MHz, 3996 MHz, 182.65 W, 36
2026/10/07 23:35:59.483, 5, 120 MHz, 3996 MHz, 182.61 W, 34
2026/10/07 23:35:59.483, 6, 120 MHz, 3996 MHz, 184.83 W, 29
2026/10/07 23:35:59.483, 7, 120 MHz, 3996 MHz, 184.65 W, 28
2026/10/07 23:36:00.483, 0, 1312 MHz, 3996 MHz, 1082.22 W, 57
2026/10/07 23:36:00.483, 1, 1312 MHz, 3996 MHz, 1086.25 W, 59
2026/10/07 23:36:00.483, 2, 1320 MHz, 3996 MHz, 1087.77 W, 50
2026/10/07 23:36:00.483, 3, 1357 MHz, 3996 MHz, 1085.61 W, 52
2026/10/07 23:36:00.483, 4, 120 MHz, 3996 MHz, 182.64 W, 35
2026/10/07 23:36:00.483, 5, 120 MHz, 3996 MHz, 182.61 W, 34
2026/10/07 23:36:00.483, 6, 120 MHz, 3996 MHz, 184.83 W, 29
2026/10/07 23:36:00.483, 7, 120 MHz, 3996 MHz, 184.62 W, 28
2026/10/07 23:36:01.484, 0, 1312 MHz, 3996 MHz, 1081.26 W, 58
2026/10/07 23:36:01.484, 1, 1312 MHz, 3996 MHz, 1084.08 W, 60
2026/10/07 23:36:01.484, 2, 1312 MHz, 3996 MHz, 1084.88 W, 51
2026/10/07 23:36:01.484, 3, 1357 MHz, 3996 MHz, 1083.20 W, 52
2026/10/07 23:36:01.484, 4, 120 MHz, 3996 MHz, 182.64 W, 35
2026/10/07 23:36:01.484, 5, 120 MHz, 3996 MHz, 182.65 W, 34
2026/10/07 23:36:01.484, 6, 120 MHz, 3996 MHz, 184.83 W, 29
2026/10/07 23:36:01.484, 7, 120 MHz, 3996 MHz, 184.63 W, 28
2026/10/07 23:36:02.484, 0, 1312 MHz, 3996 MHz, 1086.22 W, 59
2026/10/07 23:36:02.484, 1, 1327 MHz, 3996 MHz, 1084.93 W, 60
2026/10/07 23:36:02.484, 2, 1320 MHz, 3996 MHz, 1083.97 W, 52
2026/10/07 23:36:02.484, 3, 1350 MHz, 3996 MHz, 1085.57 W, 53
2026/10/07 23:36:02.484, 4, 120 MHz, 3996 MHz, 182.64 W, 35
2026/10/07 23:36:02.484, 5, 120 MHz, 3996 MHz, 182.65 W, 34
2026/10/07 23:36:02.484, 6, 120 MHz, 3996 MHz, 184.83 W, 29
2026/10/07 23:36:02.484, 7, 120 MHz, 3996 MHz, 184.63 W, 28
2026/10/07 23:36:03.484, 0, 1327 MHz, 3996 MHz, 1086.28 W, 59
2026/10/07 23:36:03.484, 1, 1335 MHz, 3996 MHz, 1086.94 W, 60
2026/10/07 23:36:03.484, 2, 1335 MHz, 3996 MHz, 1087.40 W, 52
2026/10/07 23:36:03.484, 3, 1342 MHz, 3996 MHz, 1086.26 W, 53
2026/10/07 23:36:03.484, 4, 120 MHz, 3996 MHz, 182.64 W, 35
2026/10/07 23:36:03.484, 5, 120 MHz, 3996 MHz, 182.61 W, 34
2026/10/07 23:36:03.484, 6, 120 MHz, 3996 MHz, 184.83 W, 29
2026/10/07 23:36:03.484, 7, 120 MHz, 3996 MHz, 184.61 W, 28
2026/10/07 23:36:04.484, 0, 1335 MHz, 3996 MHz, 1087.13 W, 59
2026/10/07 23:36:04.485, 1, 1320 MHz, 3996 MHz, 1087.76 W, 61
2026/10/07 23:36:04.485, 2, 1320 MHz, 3996 MHz, 1086.48 W, 53
2026/10/07 23:36:04.485, 3, 1357 MHz, 3996 MHz, 1085.92 W, 54
2026/10/07 23:36:04.485, 4, 120 MHz, 3996 MHz, 182.64 W, 35
2026/10/07 23:36:04.485, 5, 120 MHz, 3996 MHz, 182.65 W, 34
2026/10/07 23:36:04.485, 6, 120 MHz, 3996 MHz, 184.83 W, 29
2026/10/07 23:36:04.485, 7, 120 MHz, 3996 MHz, 184.60 W, 28
2026/10/07 23:36:05.485, 0, 1327 MHz, 3996 MHz, 1084.43 W, 59
2026/10/07 23:36:05.485, 1, 1327 MHz, 3996 MHz, 1088.33 W, 61
2026/10/07 23:36:05.485, 2, 1320 MHz, 3996 MHz, 1088.29 W, 53
2026/10/07 23:36:05.485, 3, 1372 MHz, 3996 MHz, 1086.80 W, 54
2026/10/07 23:36:05.485, 4, 120 MHz, 3996 MHz, 182.64 W, 35
2026/10/07 23:36:05.485, 5, 120 MHz, 3996 MHz, 182.65 W, 34
2026/10/07 23:36:05.485, 6, 120 MHz, 3996 MHz, 184.83 W, 29
2026/10/07 23:36:05.485, 7, 120 MHz, 3996 MHz, 184.61 W, 28
2026/10/07 23:36:06.485, 0, 1320 MHz, 3996 MHz, 1088.20 W, 60
2026/10/07 23:36:06.485, 1, 1335 MHz, 3996 MHz, 1085.29 W, 61
2026/10/07 23:36:06.485, 2, 1335 MHz, 3996 MHz, 1087.51 W, 53
2026/10/07 23:36:06.485, 3, 1365 MHz, 3996 MHz, 1085.43 W, 54
2026/10/07 23:36:06.485, 4, 120 MHz, 3996 MHz, 182.64 W, 35
2026/10/07 23:36:06.485, 5, 120 MHz, 3996 MHz, 182.65 W, 34
2026/10/07 23:36:06.485, 6, 120 MHz, 3996 MHz, 184.83 W, 29
2026/10/07 23:36:06.485, 7, 120 MHz, 3996 MHz, 184.62 W, 28
2026/10/07 23:36:07.485, 0, 1327 MHz, 3996 MHz, 1086.28 W, 60
2026/10/07 23:36:07.485, 1, 1327 MHz, 3996 MHz, 1086.32 W, 62
2026/10/07 23:36:07.485, 2, 1350 MHz, 3996 MHz, 1088.29 W, 54
2026/10/07 23:36:07.485, 3, 1522 MHz, 3996 MHz, 1078.76 W, 51
2026/10/07 23:36:07.486, 4, 120 MHz, 3996 MHz, 182.64 W, 35
2026/10/07 23:36:07.486, 5, 120 MHz, 3996 MHz, 182.64 W, 34
2026/10/07 23:36:07.486, 6, 120 MHz, 3996 MHz, 184.83 W, 29
2026/10/07 23:36:07.486, 7, 120 MHz, 3996 MHz, 184.64 W, 28
2026/10/07 23:36:08.486, 0, 2032 MHz, 3996 MHz, 1062.86 W, 56
2026/10/07 23:36:08.486, 1, 1327 MHz, 3996 MHz, 1086.18 W, 62
2026/10/07 23:36:08.486, 2, 2032 MHz, 3996 MHz, 1060.95 W, 48
2026/10/07 23:36:08.486, 3, 2032 MHz, 3996 MHz, 1043.66 W, 49
2026/10/07 23:36:08.486, 4, 120 MHz, 3996 MHz, 182.63 W, 35
2026/10/07 23:36:08.486, 5, 120 MHz, 3996 MHz, 182.65 W, 34
2026/10/07 23:36:08.486, 6, 120 MHz, 3996 MHz, 184.83 W, 29
2026/10/07 23:36:08.486, 7, 120 MHz, 3996 MHz, 184.64 W, 28
2026/10/07 23:36:09.486, 0, 2032 MHz, 3996 MHz, 1082.24 W, 56
2026/10/07 23:36:09.486, 1, 2017 MHz, 3996 MHz, 1069.59 W, 58
2026/10/07 23:36:09.486, 2, 2032 MHz, 3996 MHz, 1069.34 W, 49
2026/10/07 23:36:09.486, 3, 2032 MHz, 3996 MHz, 1057.62 W, 49
2026/10/07 23:36:09.486, 4, 120 MHz, 3996 MHz, 182.64 W, 35
2026/10/07 23:36:09.486, 5, 120 MHz, 3996 MHz, 182.65 W, 34
2026/10/07 23:36:09.486, 6, 120 MHz, 3996 MHz, 184.83 W, 29
2026/10/07 23:36:09.486, 7, 120 MHz, 3996 MHz, 184.63 W, 28
2026/10/07 23:36:10.486, 0, 2032 MHz, 3996 MHz, 1084.74 W, 56
2026/10/07 23:36:10.486, 1, 2010 MHz, 3996 MHz, 1093.46 W, 58
2026/10/07 23:36:10.486, 2, 2032 MHz, 3996 MHz, 1069.31 W, 49
2026/10/07 23:36:10.486, 3, 2032 MHz, 3996 MHz, 1057.44 W, 50
2026/10/07 23:36:10.486, 4, 120 MHz, 3996 MHz, 182.64 W, 35
2026/10/07 23:36:10.486, 5, 120 MHz, 3996 MHz, 182.65 W, 34
2026/10/07 23:36:10.486, 6, 120 MHz, 3996 MHz, 184.83 W, 29
2026/10/07 23:36:10.486, 7, 120 MHz, 3996 MHz, 184.63 W, 28
2026/10/07 23:36:11.487, 0, 2032 MHz, 3996 MHz, 1083.34 W, 57
2026/10/07 23:36:11.487, 1, 2017 MHz, 3996 MHz, 1094.33 W, 58
2026/10/07 23:36:11.487, 2, 2032 MHz, 3996 MHz, 1068.95 W, 49
2026/10/07 23:36:11.487, 3, 2032 MHz, 3996 MHz, 1057.89 W, 50
2026/10/07 23:36:11.487, 4, 120 MHz, 3996 MHz, 182.64 W, 35
2026/10/07 23:36:11.487, 5, 120 MHz, 3996 MHz, 182.61 W, 34
2026/10/07 23:36:11.487, 6, 120 MHz, 3996 MHz, 184.83 W, 29
2026/10/07 23:36:11.487, 7, 120 MHz, 3996 MHz, 184.66 W, 28
2026/10/07 23:36:12.487, 0, 2032 MHz, 3996 MHz, 1083.48 W, 57
2026/10/07 23:36:12.487, 1, 2002 MHz, 3996 MHz, 1093.38 W, 59
2026/10/07 23:36:12.487, 2, 2032 MHz, 3996 MHz, 1069.16 W, 50
2026/10/07 23:36:12.487, 3, 2032 MHz, 3996 MHz, 1057.15 W, 50
2026/10/07 23:36:12.487, 4, 120 MHz, 3996 MHz, 182.64 W, 35
2026/10/07 23:36:12.487, 5, 120 MHz, 3996 MHz, 182.65 W, 34
2026/10/07 23:36:12.487, 6, 120 MHz, 3996 MHz, 184.83 W, 29
2026/10/07 23:36:12.487, 7, 120 MHz, 3996 MHz, 184.62 W, 28
2026/10/07 23:36:13.487, 0, 2032 MHz, 3996 MHz, 1083.36 W, 57
2026/10/07 23:36:13.487, 1, 2017 MHz, 3996 MHz, 1094.13 W, 59
2026/10/07 23:36:13.487, 2, 2032 MHz, 3996 MHz, 1068.54 W, 50
2026/10/07 23:36:13.487, 3, 2032 MHz, 3996 MHz, 1059.36 W, 50
2026/10/07 23:36:13.487, 4, 120 MHz, 3996 MHz, 182.63 W, 35
2026/10/07 23:36:13.487, 5, 120 MHz, 3996 MHz, 182.65 W, 34
2026/10/07 23:36:13.487, 6, 120 MHz, 3996 MHz, 184.83 W, 29
2026/10/07 23:36:13.487, 7, 120 MHz, 3996 MHz, 184.65 W, 28
2026/10/07 23:36:14.487, 0, 2032 MHz, 3996 MHz, 1085.91 W, 58
2026/10/07 23:36:14.487, 1, 2002 MHz, 3996 MHz, 1093.35 W, 59
2026/10/07 23:36:14.487, 2, 2032 MHz, 3996 MHz, 1070.94 W, 50
2026/10/07 23:36:14.487, 3, 2032 MHz, 3996 MHz, 1062.41 W, 51
2026/10/07 23:36:14.487, 4, 120 MHz, 3996 MHz, 182.63 W, 35
2026/10/07 23:36:14.487, 5, 120 MHz, 3996 MHz, 182.61 W, 34
2026/10/07 23:36:14.487, 6, 120 MHz, 3996 MHz, 184.83 W, 29
2026/10/07 23:36:14.488, 7, 120 MHz, 3996 MHz, 184.64 W, 28
2026/10/07 23:36:15.488, 0, 2032 MHz, 3996 MHz, 1087.14 W, 58
2026/10/07 23:36:15.488, 1, 2017 MHz, 3996 MHz, 1093.35 W, 60
2026/10/07 23:36:15.488, 2, 2032 MHz, 3996 MHz, 1072.66 W, 50
2026/10/07 23:36:15.488, 3, 2032 MHz, 3996 MHz, 1062.41 W, 51
2026/10/07 23:36:15.488, 4, 120 MHz, 3996 MHz, 182.64 W, 35
2026/10/07 23:36:15.488, 5, 120 MHz, 3996 MHz, 182.61 W, 34
2026/10/07 23:36:15.488, 6, 120 MHz, 3996 MHz, 184.83 W, 29
2026/10/07 23:36:15.488, 7, 120 MHz, 3996 MHz, 184.62 W, 28
2026/10/07 23:36:16.488, 0, 2032 MHz, 3996 MHz, 1087.12 W, 58
2026/10/07 23:36:16.488, 1, 2002 MHz, 3996 MHz, 1093.10 W, 60
2026/10/07 23:36:16.488, 2, 2032 MHz, 3996 MHz, 1072.47 W, 51
2026/10/07 23:36:16.488, 3, 2032 MHz, 3996 MHz, 1061.53 W, 51
2026/10/07 23:36:16.488, 4, 120 MHz, 3996 MHz, 182.64 W, 35
2026/10/07 23:36:16.488, 5, 120 MHz, 3996 MHz, 182.61 W, 34
2026/10/07 23:36:16.488, 6, 120 MHz, 3996 MHz, 184.83 W, 29
2026/10/07 23:36:16.488, 7, 120 MHz, 3996 MHz, 184.60 W, 27
2026/10/07 23:36:17.488, 0, 2032 MHz, 3996 MHz, 1086.93 W, 59
2026/10/07 23:36:17.488, 1, 2002 MHz, 3996 MHz, 1091.73 W, 60
2026/10/07 23:36:17.488, 2, 2032 MHz, 3996 MHz, 1072.84 W, 51
2026/10/07 23:36:17.488, 3, 2032 MHz, 3996 MHz, 1061.94 W, 51
2026/10/07 23:36:17.488, 4, 120 MHz, 3996 MHz, 182.64 W, 35
2026/10/07 23:36:17.488, 5, 120 MHz, 3996 MHz, 182.65 W, 34
2026/10/07 23:36:17.488, 6, 120 MHz, 3996 MHz, 184.83 W, 29
2026/10/07 23:36:17.488, 7, 120 MHz, 3996 MHz, 184.63 W, 27
2026/10/07 23:36:18.489, 0, 2032 MHz, 3996 MHz, 1087.45 W, 59
2026/10/07 23:36:18.489, 1, 2010 MHz, 3996 MHz, 1093.06 W, 61
2026/10/07 23:36:18.489, 2, 2032 MHz, 3996 MHz, 1074.38 W, 51
2026/10/07 23:36:18.489, 3, 2032 MHz, 3996 MHz, 1061.66 W, 52
2026/10/07 23:36:18.489, 4, 120 MHz, 3996 MHz, 182.64 W, 35
2026/10/07 23:36:18.489, 5, 120 MHz, 3996 MHz, 182.61 W, 34
2026/10/07 23:36:18.489, 6, 120 MHz, 3996 MHz, 184.83 W, 29
2026/10/07 23:36:18.489, 7, 120 MHz, 3996 MHz, 184.62 W, 27
2026/10/07 23:36:19.489, 0, 2032 MHz, 3996 MHz, 1086.95 W, 59
2026/10/07 23:36:19.489, 1, 2002 MHz, 3996 MHz, 1091.54 W, 61
2026/10/07 23:36:19.489, 2, 2032 MHz, 3996 MHz, 1071.97 W, 51
2026/10/07 23:36:19.489, 3, 2032 MHz, 3996 MHz, 1062.78 W, 52
2026/10/07 23:36:19.489, 4, 120 MHz, 3996 MHz, 182.65 W, 35
2026/10/07 23:36:19.489, 5, 120 MHz, 3996 MHz, 182.53 W, 34
2026/10/07 23:36:19.489, 6, 120 MHz, 3996 MHz, 184.83 W, 29
2026/10/07 23:36:19.489, 7, 120 MHz, 3996 MHz, 184.62 W, 27
2026/10/07 23:36:20.489, 0, 2032 MHz, 3996 MHz, 1089.94 W, 59
2026/10/07 23:36:20.489, 1, 2002 MHz, 3996 MHz, 1092.90 W, 61
2026/10/07 23:36:20.489, 2, 2032 MHz, 3996 MHz, 1073.54 W, 52
2026/10/07 23:36:20.489, 3, 2032 MHz, 3996 MHz, 1063.71 W, 52
2026/10/07 23:36:20.489, 4, 120 MHz, 3996 MHz, 182.64 W, 35
2026/10/07 23:36:20.489, 5, 120 MHz, 3996 MHz, 182.57 W, 34
2026/10/07 23:36:20.489, 6, 120 MHz, 3996 MHz, 184.83 W, 29
2026/10/07 23:36:20.489, 7, 120 MHz, 3996 MHz, 184.60 W, 27
2026/10/07 23:36:21.490, 0, 2032 MHz, 3996 MHz, 1091.89 W, 60
2026/10/07 23:36:21.490, 1, 2002 MHz, 3996 MHz, 1090.97 W, 61
2026/10/07 23:36:21.490, 2, 2032 MHz, 3996 MHz, 1075.57 W, 52
2026/10/07 23:36:21.490, 3, 2032 MHz, 3996 MHz, 1065.54 W, 52
2026/10/07 23:36:21.490, 4, 120 MHz, 3996 MHz, 182.64 W, 35
2026/10/07 23:36:21.490, 5, 120 MHz, 3996 MHz, 182.49 W, 34
2026/10/07 23:36:21.490, 6, 120 MHz, 3996 MHz, 184.83 W, 29
2026/10/07 23:36:21.490, 7, 120 MHz, 3996 MHz, 184.60 W, 27
2026/10/07 23:36:22.490, 0, 2025 MHz, 3996 MHz, 1092.15 W, 60
2026/10/07 23:36:22.490, 1, 2002 MHz, 3996 MHz, 1090.65 W, 62
2026/10/07 23:36:22.490, 2, 2032 MHz, 3996 MHz, 1075.77 W, 52
2026/10/07 23:36:22.490, 3, 2032 MHz, 3996 MHz, 1065.33 W, 52
2026/10/07 23:36:22.490, 4, 120 MHz, 3996 MHz, 182.64 W, 35
2026/10/07 23:36:22.490, 5, 120 MHz, 3996 MHz, 182.57 W, 33
2026/10/07 23:36:22.490, 6, 120 MHz, 3996 MHz, 184.83 W, 29
2026/10/07 23:36:22.490, 7, 120 MHz, 3996 MHz, 184.59 W, 27
2026/10/07 23:36:23.490, 0, 2017 MHz, 3996 MHz, 1091.54 W, 60
2026/10/07 23:36:23.490, 1, 2002 MHz, 3996 MHz, 1090.65 W, 62
2026/10/07 23:36:23.490, 2, 2032 MHz, 3996 MHz, 1075.74 W, 52
2026/10/07 23:36:23.490, 3, 2032 MHz, 3996 MHz, 1064.62 W, 53
2026/10/07 23:36:23.490, 4, 120 MHz, 3996 MHz, 182.65 W, 35
2026/10/07 23:36:23.490, 5, 120 MHz, 3996 MHz, 182.65 W, 33
2026/10/07 23:36:23.490, 6, 120 MHz, 3996 MHz, 184.83 W, 29
2026/10/07 23:36:23.490, 7, 120 MHz, 3996 MHz, 184.59 W, 27
2026/10/07 23:36:24.490, 0, 2032 MHz, 3996 MHz, 1092.50 W, 61
2026/10/07 23:36:24.490, 1, 2002 MHz, 3996 MHz, 1091.86 W, 62
2026/10/07 23:36:24.490, 2, 2032 MHz, 3996 MHz, 1076.19 W, 52
2026/10/07 23:36:24.490, 3, 2032 MHz, 3996 MHz, 1065.16 W, 53
2026/10/07 23:36:24.490, 4, 120 MHz, 3996 MHz, 182.64 W, 35
2026/10/07 23:36:24.490, 5, 120 MHz, 3996 MHz, 182.57 W, 33
2026/10/07 23:36:24.490, 6, 120 MHz, 3996 MHz, 184.83 W, 29
2026/10/07 23:36:24.490, 7, 120 MHz, 3996 MHz, 184.60 W, 27
2026/10/07 23:36:25.491, 0, 2032 MHz, 3996 MHz, 1092.65 W, 61
2026/10/07 23:36:25.491, 1, 2002 MHz, 3996 MHz, 1090.53 W, 62
2026/10/07 23:36:25.491, 2, 2032 MHz, 3996 MHz, 1075.78 W, 52
2026/10/07 23:36:25.491, 3, 2032 MHz, 3996 MHz, 1065.04 W, 53
2026/10/07 23:36:25.491, 4, 120 MHz, 3996 MHz, 182.65 W, 35
2026/10/07 23:36:25.491, 5, 120 MHz, 3996 MHz, 182.60 W, 33
2026/10/07 23:36:25.491, 6, 120 MHz, 3996 MHz, 184.79 W, 29
2026/10/07 23:36:25.491, 7, 120 MHz, 3996 MHz, 184.59 W, 27
2026/10/07 23:36:26.491, 0, 2025 MHz, 3996 MHz, 1092.25 W, 61
2026/10/07 23:36:26.491, 1, 1995 MHz, 3996 MHz, 1091.85 W, 62
2026/10/07 23:36:26.491, 2, 2032 MHz, 3996 MHz, 1075.63 W, 53
2026/10/07 23:36:26.491, 3, 2032 MHz, 3996 MHz, 1066.54 W, 53
2026/10/07 23:36:26.491, 4, 120 MHz, 3996 MHz, 182.65 W, 35
2026/10/07 23:36:26.491, 5, 120 MHz, 3996 MHz, 182.53 W, 33
2026/10/07 23:36:26.491, 6, 120 MHz, 3996 MHz, 184.83 W, 29
2026/10/07 23:36:26.491, 7, 120 MHz, 3996 MHz, 184.61 W, 27
2026/10/07 23:36:27.491, 0, 2025 MHz, 3996 MHz, 1093.85 W, 61
2026/10/07 23:36:27.491, 1, 1995 MHz, 3996 MHz, 1091.14 W, 63
2026/10/07 23:36:27.491, 2, 2032 MHz, 3996 MHz, 1079.46 W, 53
2026/10/07 23:36:27.491, 3, 2032 MHz, 3996 MHz, 1068.36 W, 53
2026/10/07 23:36:27.491, 4, 120 MHz, 3996 MHz, 182.65 W, 35
2026/10/07 23:36:27.491, 5, 120 MHz, 3996 MHz, 182.57 W, 33
2026/10/07 23:36:27.491, 6, 120 MHz, 3996 MHz, 184.76 W, 29
2026/10/07 23:36:27.491, 7, 120 MHz, 3996 MHz, 184.61 W, 27
2026/10/07 23:36:28.492, 0, 2032 MHz, 3996 MHz, 1093.69 W, 62
2026/10/07 23:36:28.492, 1, 1995 MHz, 3996 MHz, 1088.83 W, 63
2026/10/07 23:36:28.492, 2, 2032 MHz, 3996 MHz, 1079.12 W, 53
2026/10/07 23:36:28.492, 3, 2032 MHz, 3996 MHz, 1069.34 W, 53
2026/10/07 23:36:28.492, 4, 120 MHz, 3996 MHz, 182.65 W, 35
2026/10/07 23:36:28.492, 5, 120 MHz, 3996 MHz, 182.42 W, 33
2026/10/07 23:36:28.492, 6, 120 MHz, 3996 MHz, 184.76 W, 29
2026/10/07 23:36:28.492, 7, 120 MHz, 3996 MHz, 184.59 W, 27
2026/10/07 23:36:29.492, 0, 2025 MHz, 3996 MHz, 1094.04 W, 62
2026/10/07 23:36:29.492, 1, 2002 MHz, 3996 MHz, 1090.10 W, 63
2026/10/07 23:36:29.492, 2, 2032 MHz, 3996 MHz, 1079.15 W, 53
2026/10/07 23:36:29.492, 3, 2032 MHz, 3996 MHz, 1068.03 W, 54
2026/10/07 23:36:29.492, 4, 120 MHz, 3996 MHz, 182.65 W, 35
2026/10/07 23:36:29.492, 5, 120 MHz, 3996 MHz, 182.50 W, 33
2026/10/07 23:36:29.492, 6, 120 MHz, 3996 MHz, 184.75 W, 29
2026/10/07 23:36:29.492, 7, 120 MHz, 3996 MHz, 184.60 W, 27
2026/10/07 23:36:30.492, 0, 2025 MHz, 3996 MHz, 1093.16 W, 62
2026/10/07 23:36:30.492, 1, 1987 MHz, 3996 MHz, 1090.13 W, 63
2026/10/07 23:36:30.492, 2, 2032 MHz, 3996 MHz, 1078.29 W, 53
2026/10/07 23:36:30.492, 3, 2032 MHz, 3996 MHz, 1067.76 W, 54
2026/10/07 23:36:30.492, 4, 120 MHz, 3996 MHz, 182.65 W, 35
2026/10/07 23:36:30.492, 5, 120 MHz, 3996 MHz, 182.53 W, 33
2026/10/07 23:36:30.492, 6, 120 MHz, 3996 MHz, 184.79 W, 29
2026/10/07 23:36:30.492, 7, 120 MHz, 3996 MHz, 184.61 W, 27
2026/10/07 23:36:31.493, 0, 2032 MHz, 3996 MHz, 1093.62 W, 62
2026/10/07 23:36:31.493, 1, 1995 MHz, 3996 MHz, 1089.53 W, 64
2026/10/07 23:36:31.493, 2, 2032 MHz, 3996 MHz, 1078.31 W, 53
2026/10/07 23:36:31.493, 3, 2032 MHz, 3996 MHz, 1067.84 W, 54
2026/10/07 23:36:31.493, 4, 120 MHz, 3996 MHz, 182.64 W, 35
2026/10/07 23:36:31.493, 5, 120 MHz, 3996 MHz, 182.46 W, 33
2026/10/07 23:36:31.493, 6, 120 MHz, 3996 MHz, 184.75 W, 29
2026/10/07 23:36:31.493, 7, 120 MHz, 3996 MHz, 184.59 W, 27
2026/10/07 23:36:32.493, 0, 2032 MHz, 3996 MHz, 1094.18 W, 62
2026/10/07 23:36:32.493, 1, 1987 MHz, 3996 MHz, 1090.02 W, 64
2026/10/07 23:36:32.493, 2, 2032 MHz, 3996 MHz, 1077.87 W, 53
2026/10/07 23:36:32.493, 3, 2032 MHz, 3996 MHz, 1048.16 W, 53
2026/10/07 23:36:32.493, 4, 120 MHz, 3996 MHz, 182.65 W, 35
2026/10/07 23:36:32.493, 5, 120 MHz, 3996 MHz, 182.41 W, 33
2026/10/07 23:36:32.493, 6, 120 MHz, 3996 MHz, 184.83 W, 29
2026/10/07 23:36:32.493, 7, 120 MHz, 3996 MHz, 184.60 W, 27
2026/10/07 23:36:33.493, 0, 2032 MHz, 3996 MHz, 943.46 W, 56
2026/10/07 23:36:33.493, 1, 2032 MHz, 3996 MHz, 1087.56 W, 64
2026/10/07 23:36:33.493, 2, 2032 MHz, 3996 MHz, 941.15 W, 47
2026/10/07 23:36:33.493, 3, 2032 MHz, 3996 MHz, 377.82 W, 43
2026/10/07 23:36:33.493, 4, 120 MHz, 3996 MHz, 182.65 W, 35
2026/10/07 23:36:33.493, 5, 120 MHz, 3996 MHz, 182.38 W, 33
2026/10/07 23:36:33.493, 6, 120 MHz, 3996 MHz, 184.71 W, 29
2026/10/07 23:36:33.493, 7, 120 MHz, 3996 MHz, 184.66 W, 27
2026/10/07 23:36:34.494, 0, 2032 MHz, 3996 MHz, 255.39 W, 51
2026/10/07 23:36:34.494, 1, 2032 MHz, 3996 MHz, 480.69 W, 54
2026/10/07 23:36:34.494, 2, 2032 MHz, 3996 MHz, 245.90 W, 42
2026/10/07 23:36:34.494, 3, 2032 MHz, 3996 MHz, 257.13 W, 41
2026/10/07 23:36:34.494, 4, 120 MHz, 3996 MHz, 182.65 W, 35
2026/10/07 23:36:34.494, 5, 120 MHz, 3996 MHz, 182.38 W, 33
2026/10/07 23:36:34.494, 6, 120 MHz, 3996 MHz, 184.76 W, 29
2026/10/07 23:36:34.494, 7, 120 MHz, 3996 MHz, 184.65 W, 27
2026/10/07 23:36:35.494, 0, 2032 MHz, 3996 MHz, 264.00 W, 50
2026/10/07 23:36:35.494, 1, 2032 MHz, 3996 MHz, 273.36 W, 53
2026/10/07 23:36:35.494, 2, 2032 MHz, 3996 MHz, 255.21 W, 41
2026/10/07 23:36:35.494, 3, 2032 MHz, 3996 MHz, 244.47 W, 40
2026/10/07 23:36:35.494, 4, 120 MHz, 3996 MHz, 182.65 W, 35
2026/10/07 23:36:35.494, 5, 120 MHz, 3996 MHz, 182.33 W, 33
2026/10/07 23:36:35.494, 6, 120 MHz, 3996 MHz, 184.75 W, 29
2026/10/07 23:36:35.494, 7, 120 MHz, 3996 MHz, 184.65 W, 27
2026/10/07 23:36:36.494, 0, 2032 MHz, 3996 MHz, 250.66 W, 50
2026/10/07 23:36:36.494, 1, 2032 MHz, 3996 MHz, 266.23 W, 52
2026/10/07 23:36:36.494, 2, 2032 MHz, 3996 MHz, 242.44 W, 40
2026/10/07 23:36:36.494, 3, 2032 MHz, 3996 MHz, 243.97 W, 40
2026/10/07 23:36:36.494, 4, 120 MHz, 3996 MHz, 182.65 W, 35
2026/10/07 23:36:36.495, 5, 120 MHz, 3996 MHz, 182.20 W, 33
2026/10/07 23:36:36.495, 6, 120 MHz, 3996 MHz, 184.57 W, 28
2026/10/07 23:36:36.495, 7, 120 MHz, 3996 MHz, 184.65 W, 27
2026/10/07 23:36:37.495, 0, 2032 MHz, 3996 MHz, 249.99 W, 49
2026/10/07 23:36:37.495, 1, 2032 MHz, 3996 MHz, 261.45 W, 52
2026/10/07 23:36:37.495, 2, 2032 MHz, 3996 MHz, 242.35 W, 39
2026/10/07 23:36:37.495, 3, 2032 MHz, 3996 MHz, 242.86 W, 39
2026/10/07 23:36:37.495, 4, 120 MHz, 3996 MHz, 182.65 W, 34
2026/10/07 23:36:37.495, 5, 120 MHz, 3996 MHz, 182.26 W, 33
2026/10/07 23:36:37.495, 6, 120 MHz, 3996 MHz, 184.71 W, 28
2026/10/07 23:36:37.495, 7, 120 MHz, 3996 MHz, 184.61 W, 27
2026/10/07 23:36:38.495, 0, 2032 MHz, 3996 MHz, 249.99 W, 49
2026/10/07 23:36:38.495, 1, 2032 MHz, 3996 MHz, 261.45 W, 51
2026/10/07 23:36:38.495, 2, 2032 MHz, 3996 MHz, 241.54 W, 39
2026/10/07 23:36:38.495, 3, 2032 MHz, 3996 MHz, 242.52 W, 39
2026/10/07 23:36:38.495, 4, 120 MHz, 3996 MHz, 182.65 W, 34
2026/10/07 23:36:38.495, 5, 120 MHz, 3996 MHz, 182.49 W, 33
2026/10/07 23:36:38.495, 6, 120 MHz, 3996 MHz, 184.49 W, 28
2026/10/07 23:36:38.495, 7, 120 MHz, 3996 MHz, 184.64 W, 27
2026/10/07 23:36:39.495, 0, 2032 MHz, 3996 MHz, 249.99 W, 49
2026/10/07 23:36:39.495, 1, 2032 MHz, 3996 MHz, 261.45 W, 51
2026/10/07 23:36:39.495, 2, 2032 MHz, 3996 MHz, 241.46 W, 39
2026/10/07 23:36:39.495, 3, 2032 MHz, 3996 MHz, 242.95 W, 39
2026/10/07 23:36:39.495, 4, 120 MHz, 3996 MHz, 182.65 W, 34
2026/10/07 23:36:39.495, 5, 120 MHz, 3996 MHz, 182.16 W, 33
2026/10/07 23:36:39.495, 6, 120 MHz, 3996 MHz, 184.60 W, 28
2026/10/07 23:36:39.495, 7, 120 MHz, 3996 MHz, 184.66 W, 27
2026/10/07 23:36:40.496, 0, 2032 MHz, 3996 MHz, 249.72 W, 48
2026/10/07 23:36:40.496, 1, 2032 MHz, 3996 MHz, 261.41 W, 51
2026/10/07 23:36:40.496, 2, 2032 MHz, 3996 MHz, 241.77 W, 38
2026/10/07 23:36:40.496, 3, 2032 MHz, 3996 MHz, 242.26 W, 38
2026/10/07 23:36:40.496, 4, 120 MHz, 3996 MHz, 182.65 W, 34
2026/10/07 23:36:40.496, 5, 120 MHz, 3996 MHz, 182.24 W, 33
2026/10/07 23:36:40.496, 6, 120 MHz, 3996 MHz, 184.68 W, 28
2026/10/07 23:36:40.496, 7, 120 MHz, 3996 MHz, 184.64 W, 27
