timestamp, index, clocks.current.sm [MHz], clocks.current.memory [MHz], power.draw [W], temperature.gpu
2026/10/08 04:17:57.066, 0, 120 MHz, 3996 MHz, 186.41 W, 33
2026/10/08 04:17:57.068, 1, 120 MHz, 3996 MHz, 188.23 W, 36
2026/10/08 04:17:57.070, 2, 120 MHz, 3996 MHz, 184.17 W, 31
2026/10/08 04:17:57.071, 3, 120 MHz, 3996 MHz, 184.07 W, 31
2026/10/08 04:17:57.073, 4, 120 MHz, 3996 MHz, 184.51 W, 35
2026/10/08 04:17:57.074, 5, 120 MHz, 3996 MHz, 183.46 W, 34
2026/10/08 04:17:57.075, 6, 120 MHz, 3996 MHz, 186.51 W, 31
2026/10/08 04:17:57.078, 7, 120 MHz, 3996 MHz, 186.22 W, 29
2026/10/08 04:17:58.079, 0, 120 MHz, 3996 MHz, 186.41 W, 33
2026/10/08 04:17:58.080, 1, 120 MHz, 3996 MHz, 188.23 W, 36
2026/10/08 04:17:58.080, 2, 120 MHz, 3996 MHz, 184.24 W, 31
2026/10/08 04:17:58.080, 3, 120 MHz, 3996 MHz, 184.10 W, 31
2026/10/08 04:17:58.080, 4, 120 MHz, 3996 MHz, 184.50 W, 35
2026/10/08 04:17:58.080, 5, 120 MHz, 3996 MHz, 183.35 W, 34
2026/10/08 04:17:58.080, 6, 120 MHz, 3996 MHz, 186.58 W, 31
2026/10/08 04:17:58.080, 7, 120 MHz, 3996 MHz, 186.38 W, 30
2026/10/08 04:17:59.080, 0, 120 MHz, 3996 MHz, 186.41 W, 33
2026/10/08 04:17:59.080, 1, 120 MHz, 3996 MHz, 188.23 W, 36
2026/10/08 04:17:59.080, 2, 120 MHz, 3996 MHz, 184.48 W, 31
2026/10/08 04:17:59.080, 3, 120 MHz, 3996 MHz, 184.11 W, 31
2026/10/08 04:17:59.080, 4, 120 MHz, 3996 MHz, 184.51 W, 35
2026/10/08 04:17:59.080, 5, 120 MHz, 3996 MHz, 183.63 W, 34
2026/10/08 04:17:59.080, 6, 120 MHz, 3996 MHz, 186.55 W, 31
2026/10/08 04:17:59.080, 7, 120 MHz, 3996 MHz, 186.14 W, 30
2026/10/08 04:18:00.080, 0, 120 MHz, 3996 MHz, 186.41 W, 33
2026/10/08 04:18:00.080, 1, 120 MHz, 3996 MHz, 188.23 W, 36
2026/10/08 04:18:00.080, 2, 120 MHz, 3996 MHz, 184.41 W, 31
2026/10/08 04:18:00.080, 3, 120 MHz, 3996 MHz, 184.10 W, 31
2026/10/08 04:18:00.080, 4, 120 MHz, 3996 MHz, 184.51 W, 36
2026/10/08 04:18:00.080, 5, 120 MHz, 3996 MHz, 183.55 W, 34
2026/10/08 04:18:00.080, 6, 120 MHz, 3996 MHz, 186.39 W, 31
2026/10/08 04:18:00.080, 7, 120 MHz, 3996 MHz, 186.34 W, 30
2026/10/08 04:18:01.080, 0, 120 MHz, 3996 MHz, 184.70 W, 33
2026/10/08 04:18:01.080, 1, 120 MHz, 3996 MHz, 186.56 W, 36
2026/10/08 04:18:01.080, 2, 120 MHz, 3996 MHz, 185.24 W, 31
2026/10/08 04:18:01.080, 3, 120 MHz, 3996 MHz, 184.09 W, 31
2026/10/08 04:18:01.080, 4, 120 MHz, 3996 MHz, 183.06 W, 36
2026/10/08 04:18:01.080, 5, 120 MHz, 3996 MHz, 182.92 W, 34
2026/10/08 04:18:01.080, 6, 120 MHz, 3996 MHz, 185.86 W, 31
2026/10/08 04:18:01.080, 7, 120 MHz, 3996 MHz, 185.95 W, 30
2026/10/08 04:18:02.081, 0, 120 MHz, 3996 MHz, 184.47 W, 33
2026/10/08 04:18:02.081, 1, 120 MHz, 3996 MHz, 186.32 W, 36
2026/10/08 04:18:02.081, 2, 120 MHz, 3996 MHz, 186.05 W, 31
2026/10/08 04:18:02.081, 3, 120 MHz, 3996 MHz, 184.09 W, 31
2026/10/08 04:18:02.081, 4, 120 MHz, 3996 MHz, 182.58 W, 36
2026/10/08 04:18:02.081, 5, 120 MHz, 3996 MHz, 183.33 W, 34
2026/10/08 04:18:02.081, 6, 120 MHz, 3996 MHz, 185.69 W, 31
2026/10/08 04:18:02.081, 7, 120 MHz, 3996 MHz, 186.26 W, 30
2026/10/08 04:18:03.081, 0, 120 MHz, 3996 MHz, 184.47 W, 33
2026/10/08 04:18:03.081, 1, 120 MHz, 3996 MHz, 186.29 W, 36
2026/10/08 04:18:03.081, 2, 120 MHz, 3996 MHz, 185.16 W, 31
2026/10/08 04:18:03.081, 3, 120 MHz, 3996 MHz, 184.09 W, 31
2026/10/08 04:18:03.081, 4, 120 MHz, 3996 MHz, 182.57 W, 36
2026/10/08 04:18:03.081, 5, 120 MHz, 3996 MHz, 183.40 W, 34
2026/10/08 04:18:03.081, 6, 120 MHz, 3996 MHz, 186.11 W, 31
2026/10/08 04:18:03.081, 7, 120 MHz, 3996 MHz, 186.14 W, 30
2026/10/08 04:18:04.081, 0, 120 MHz, 3996 MHz, 184.47 W, 33
2026/10/08 04:18:04.081, 1, 120 MHz, 3996 MHz, 186.29 W, 36
2026/10/08 04:18:04.081, 2, 120 MHz, 3996 MHz, 185.05 W, 31
2026/10/08 04:18:04.081, 3, 120 MHz, 3996 MHz, 184.09 W, 31
2026/10/08 04:18:04.081, 4, 120 MHz, 3996 MHz, 182.56 W, 36
2026/10/08 04:18:04.081, 5, 120 MHz, 3996 MHz, 183.34 W, 34
2026/10/08 04:18:04.081, 6, 120 MHz, 3996 MHz, 186.04 W, 31
2026/10/08 04:18:04.081, 7, 120 MHz, 3996 MHz, 186.26 W, 30
2026/10/08 04:18:05.082, 0, 120 MHz, 3996 MHz, 184.47 W, 33
2026/10/08 04:18:05.082, 1, 120 MHz, 3996 MHz, 186.48 W, 36
2026/10/08 04:18:05.082, 2, 120 MHz, 3996 MHz, 185.27 W, 31
2026/10/08 04:18:05.082, 3, 120 MHz, 3996 MHz, 184.09 W, 31
2026/10/08 04:18:05.082, 4, 120 MHz, 3996 MHz, 182.57 W, 36
2026/10/08 04:18:05.082, 5, 120 MHz, 3996 MHz, 183.46 W, 34
2026/10/08 04:18:05.082, 6, 120 MHz, 3996 MHz, 186.42 W, 31
2026/10/08 04:18:05.082, 7, 120 MHz, 3996 MHz, 186.45 W, 30
2026/10/08 04:18:06.082, 0, 120 MHz, 3996 MHz, 184.47 W, 34
2026/10/08 04:18:06.082, 1, 120 MHz, 3996 MHz, 186.32 W, 36
2026/10/08 04:18:06.082, 2, 120 MHz, 3996 MHz, 185.32 W, 31
2026/10/08 04:18:06.082, 3, 120 MHz, 3996 MHz, 184.09 W, 31
2026/10/08 04:18:06.082, 4, 120 MHz, 3996 MHz, 182.57 W, 36
2026/10/08 04:18:06.082, 5, 120 MHz, 3996 MHz, 183.29 W, 34
2026/10/08 04:18:06.082, 6, 120 MHz, 3996 MHz, 186.47 W, 31
2026/10/08 04:18:06.082, 7, 120 MHz, 3996 MHz, 186.46 W, 30
2026/10/08 04:18:07.082, 0, 120 MHz, 3996 MHz, 184.47 W, 34
2026/10/08 04:18:07.082, 1, 120 MHz, 3996 MHz, 186.36 W, 36
2026/10/08 04:18:07.082, 2, 120 MHz, 3996 MHz, 185.40 W, 31
2026/10/08 04:18:07.082, 3, 120 MHz, 3996 MHz, 184.10 W, 31
2026/10/08 04:18:07.082, 4, 120 MHz, 3996 MHz, 182.56 W, 36
2026/10/08 04:18:07.082, 5, 120 MHz, 3996 MHz, 183.07 W, 34
2026/10/08 04:18:07.082, 6, 120 MHz, 3996 MHz, 186.62 W, 31
2026/10/08 04:18:07.082, 7, 120 MHz, 3996 MHz, 186.46 W, 30
2026/10/08 04:18:08.083, 0, 120 MHz, 3996 MHz, 184.47 W, 34
2026/10/08 04:18:08.083, 1, 120 MHz, 3996 MHz, 186.36 W, 36
2026/10/08 04:18:08.083, 2, 120 MHz, 3996 MHz, 185.42 W, 31
2026/10/08 04:18:08.083, 3, 120 MHz, 3996 MHz, 184.09 W, 31
2026/10/08 04:18:08.083, 4, 120 MHz, 3996 MHz, 182.56 W, 36
2026/10/08 04:18:08.083, 5, 120 MHz, 3996 MHz, 183.37 W, 34
2026/10/08 04:18:08.083, 6, 120 MHz, 3996 MHz, 186.74 W, 31
2026/10/08 04:18:08.083, 7, 120 MHz, 3996 MHz, 186.42 W, 30
2026/10/08 04:18:09.083, 0, 120 MHz, 3996 MHz, 184.47 W, 34
2026/10/08 04:18:09.083, 1, 120 MHz, 3996 MHz, 186.36 W, 36
2026/10/08 04:18:09.083, 2, 120 MHz, 3996 MHz, 185.51 W, 31
2026/10/08 04:18:09.083, 3, 120 MHz, 3996 MHz, 184.09 W, 31
2026/10/08 04:18:09.083, 4, 120 MHz, 3996 MHz, 182.57 W, 36
2026/10/08 04:18:09.083, 5, 120 MHz, 3996 MHz, 183.48 W, 34
2026/10/08 04:18:09.083, 6, 120 MHz, 3996 MHz, 186.63 W, 31
2026/10/08 04:18:09.083, 7, 120 MHz, 3996 MHz, 186.38 W, 30
2026/10/08 04:18:10.083, 0, 120 MHz, 3996 MHz, 184.47 W, 34
2026/10/08 04:18:10.083, 1, 120 MHz, 3996 MHz, 186.40 W, 36
2026/10/08 04:18:10.083, 2, 120 MHz, 3996 MHz, 185.74 W, 31
2026/10/08 04:18:10.083, 3, 120 MHz, 3996 MHz, 184.09 W, 31
2026/10/08 04:18:10.083, 4, 120 MHz, 3996 MHz, 182.57 W, 36
2026/10/08 04:18:10.083, 5, 120 MHz, 3996 MHz, 183.45 W, 34
2026/10/08 04:18:10.083, 6, 120 MHz, 3996 MHz, 186.58 W, 31
2026/10/08 04:18:10.083, 7, 120 MHz, 3996 MHz, 186.42 W, 30
2026/10/08 04:18:11.084, 0, 120 MHz, 3996 MHz, 184.47 W, 34
2026/10/08 04:18:11.084, 1, 120 MHz, 3996 MHz, 186.44 W, 36
2026/10/08 04:18:11.084, 2, 120 MHz, 3996 MHz, 185.70 W, 31
2026/10/08 04:18:11.084, 3, 120 MHz, 3996 MHz, 184.09 W, 32
2026/10/08 04:18:11.084, 4, 120 MHz, 3996 MHz, 182.58 W, 36
2026/10/08 04:18:11.084, 5, 120 MHz, 3996 MHz, 183.46 W, 34
2026/10/08 04:18:11.084, 6, 120 MHz, 3996 MHz, 186.70 W, 31
2026/10/08 04:18:11.084, 7, 120 MHz, 3996 MHz, 186.49 W, 30
2026/10/08 04:18:12.084, 0, 120 MHz, 3996 MHz, 184.47 W, 34
2026/10/08 04:18:12.084, 1, 120 MHz, 3996 MHz, 186.56 W, 36
2026/10/08 04:18:12.084, 2, 120 MHz, 3996 MHz, 185.69 W, 31
2026/10/08 04:18:12.084, 3, 120 MHz, 3996 MHz, 184.09 W, 32
2026/10/08 04:18:12.084, 4, 120 MHz, 3996 MHz, 182.61 W, 36
2026/10/08 04:18:12.084, 5, 120 MHz, 3996 MHz, 183.97 W, 34
2026/10/08 04:18:12.084, 6, 120 MHz, 3996 MHz, 186.62 W, 31
2026/10/08 04:18:12.084, 7, 120 MHz, 3996 MHz, 186.53 W, 30
2026/10/08 04:18:13.084, 0, 120 MHz, 3996 MHz, 184.47 W, 34
2026/10/08 04:18:13.084, 1, 120 MHz, 3996 MHz, 186.40 W, 36
2026/10/08 04:18:13.084, 2, 120 MHz, 3996 MHz, 185.85 W, 31
2026/10/08 04:18:13.084, 3, 120 MHz, 3996 MHz, 184.09 W, 32
2026/10/08 04:18:13.084, 4, 120 MHz, 3996 MHz, 182.65 W, 36
2026/10/08 04:18:13.084, 5, 120 MHz, 3996 MHz, 183.80 W, 34
2026/10/08 04:18:13.084, 6, 120 MHz, 3996 MHz, 186.70 W, 31
2026/10/08 04:18:13.084, 7, 120 MHz, 3996 MHz, 186.53 W, 30
2026/10/08 04:18:14.085, 0, 120 MHz, 3996 MHz, 184.54 W, 34
2026/10/08 04:18:14.085, 1, 120 MHz, 3996 MHz, 186.82 W, 36
2026/10/08 04:18:14.085, 2, 120 MHz, 3996 MHz, 185.93 W, 31
2026/10/08 04:18:14.085, 3, 120 MHz, 3996 MHz, 184.09 W, 32
2026/10/08 04:18:14.085, 4, 120 MHz, 3996 MHz, 182.62 W, 36
2026/10/08 04:18:14.085, 5, 120 MHz, 3996 MHz, 183.81 W, 34
2026/10/08 04:18:14.085, 6, 120 MHz, 3996 MHz, 186.74 W, 31
2026/10/08 04:18:14.085, 7, 120 MHz, 3996 MHz, 186.53 W, 30
2026/10/08 04:18:15.085, 0, 120 MHz, 3996 MHz, 185.80 W, 34
2026/10/08 04:18:15.085, 1, 120 MHz, 3996 MHz, 187.96 W, 36
2026/10/08 04:18:15.085, 2, 120 MHz, 3996 MHz, 185.78 W, 32
2026/10/08 04:18:15.085, 3, 120 MHz, 3996 MHz, 184.09 W, 32
2026/10/08 04:18:15.085, 4, 120 MHz, 3996 MHz, 182.79 W, 36
2026/10/08 04:18:15.085, 5, 120 MHz, 3996 MHz, 183.80 W, 34
2026/10/08 04:18:15.085, 6, 120 MHz, 3996 MHz, 186.66 W, 31
2026/10/08 04:18:15.085, 7, 120 MHz, 3996 MHz, 186.53 W, 30
2026/10/08 04:18:16.085, 0, 120 MHz, 3996 MHz, 185.26 W, 34
2026/10/08 04:18:16.085, 1, 120 MHz, 3996 MHz, 187.92 W, 36
2026/10/08 04:18:16.085, 2, 120 MHz, 3996 MHz, 185.93 W, 32
2026/10/08 04:18:16.085, 3, 120 MHz, 3996 MHz, 184.09 W, 32
2026/10/08 04:18:16.085, 4, 120 MHz, 3996 MHz, 183.49 W, 36
2026/10/08 04:18:16.085, 5, 120 MHz, 3996 MHz, 184.04 W, 34
2026/10/08 04:18:16.085, 6, 120 MHz, 3996 MHz, 186.78 W, 31
2026/10/08 04:18:16.085, 7, 120 MHz, 3996 MHz, 186.38 W, 30
2026/10/08 04:18:17.085, 0, 120 MHz, 3996 MHz, 184.54 W, 34
2026/10/08 04:18:17.086, 1, 120 MHz, 3996 MHz, 186.70 W, 36
2026/10/08 04:18:17.086, 2, 120 MHz, 3996 MHz, 185.93 W, 32
2026/10/08 04:18:17.086, 3, 120 MHz, 3996 MHz, 184.09 W, 32
2026/10/08 04:18:17.086, 4, 120 MHz, 3996 MHz, 182.62 W, 36
2026/10/08 04:18:17.086, 5, 120 MHz, 3996 MHz, 182.68 W, 34
2026/10/08 04:18:17.086, 6, 120 MHz, 3996 MHz, 185.63 W, 31
2026/10/08 04:18:17.086, 7, 120 MHz, 3996 MHz, 185.87 W, 30
2026/10/08 04:18:18.086, 0, 120 MHz, 3996 MHz, 184.47 W, 34
2026/10/08 04:18:18.086, 1, 120 MHz, 3996 MHz, 186.60 W, 36
2026/10/08 04:18:18.086, 2, 120 MHz, 3996 MHz, 186.05 W, 32
2026/10/08 04:18:18.086, 3, 120 MHz, 3996 MHz, 184.05 W, 32
2026/10/08 04:18:18.086, 4, 120 MHz, 3996 MHz, 182.55 W, 36
2026/10/08 04:18:18.086, 5, 120 MHz, 3996 MHz, 182.63 W, 35
2026/10/08 04:18:18.086, 6, 120 MHz, 3996 MHz, 185.41 W, 31
2026/10/08 04:18:18.086, 7, 120 MHz, 3996 MHz, 185.91 W, 30
2026/10/08 04:18:19.086, 0, 120 MHz, 3996 MHz, 184.47 W, 34
2026/10/08 04:18:19.086, 1, 120 MHz, 3996 MHz, 186.66 W, 36
2026/10/08 04:18:19.086, 2, 120 MHz, 3996 MHz, 185.97 W, 32
2026/10/08 04:18:19.086, 3, 120 MHz, 3996 MHz, 184.09 W, 32
2026/10/08 04:18:19.086, 4, 120 MHz, 3996 MHz, 182.60 W, 36
2026/10/08 04:18:19.086, 5, 120 MHz, 3996 MHz, 182.64 W, 35
2026/10/08 04:18:19.086, 6, 120 MHz, 3996 MHz, 185.40 W, 31
2026/10/08 04:18:19.086, 7, 120 MHz, 3996 MHz, 185.81 W, 30
2026/10/08 04:18:20.087, 0, 120 MHz, 3996 MHz, 184.47 W, 34
2026/10/08 04:18:20.087, 1, 120 MHz, 3996 MHz, 186.75 W, 36
2026/10/08 04:18:20.087, 2, 120 MHz, 3996 MHz, 186.05 W, 32
2026/10/08 04:18:20.087, 3, 120 MHz, 3996 MHz, 184.09 W, 32
2026/10/08 04:18:20.087, 4, 120 MHz, 3996 MHz, 182.57 W, 36
2026/10/08 04:18:20.087, 5, 120 MHz, 3996 MHz, 182.64 W, 35
2026/10/08 04:18:20.087, 6, 120 MHz, 3996 MHz, 185.79 W, 31
2026/10/08 04:18:20.087, 7, 120 MHz, 3996 MHz, 186.07 W, 30
2026/10/08 04:18:21.087, 0, 120 MHz, 3996 MHz, 184.47 W, 34
2026/10/08 04:18:21.087, 1, 120 MHz, 3996 MHz, 186.95 W, 36
2026/10/08 04:18:21.087, 2, 120 MHz, 3996 MHz, 186.05 W, 32
2026/10/08 04:18:21.087, 3, 120 MHz, 3996 MHz, 184.09 W, 32
2026/10/08 04:18:21.087, 4, 120 MHz, 3996 MHz, 182.60 W, 36
2026/10/08 04:18:21.087, 5, 120 MHz, 3996 MHz, 182.64 W, 35
2026/10/08 04:18:21.087, 6, 120 MHz, 3996 MHz, 185.80 W, 31
2026/10/08 04:18:21.087, 7, 120 MHz, 3996 MHz, 186.18 W, 31
2026/10/08 04:18:22.087, 0, 120 MHz, 3996 MHz, 184.58 W, 34
2026/10/08 04:18:22.087, 1, 120 MHz, 3996 MHz, 186.97 W, 36
2026/10/08 04:18:22.087, 2, 120 MHz, 3996 MHz, 186.05 W, 32
2026/10/08 04:18:22.087, 3, 120 MHz, 3996 MHz, 184.09 W, 32
2026/10/08 04:18:22.087, 4, 120 MHz, 3996 MHz, 182.63 W, 36
2026/10/08 04:18:22.087, 5, 120 MHz, 3996 MHz, 182.64 W, 35
2026/10/08 04:18:22.087, 6, 120 MHz, 3996 MHz, 186.01 W, 31
2026/10/08 04:18:22.087, 7, 120 MHz, 3996 MHz, 186.29 W, 31
2026/10/08 04:18:23.088, 0, 120 MHz, 3996 MHz, 184.54 W, 34
2026/10/08 04:18:23.088, 1, 120 MHz, 3996 MHz, 186.95 W, 36
2026/10/08 04:18:23.088, 2, 120 MHz, 3996 MHz, 186.05 W, 32
2026/10/08 04:18:23.088, 3, 120 MHz, 3996 MHz, 184.09 W, 32
2026/10/08 04:18:23.088, 4, 120 MHz, 3996 MHz, 182.69 W, 36
2026/10/08 04:18:23.088, 5, 120 MHz, 3996 MHz, 182.64 W, 35
2026/10/08 04:18:23.088, 6, 120 MHz, 3996 MHz, 186.01 W, 31
2026/10/08 04:18:23.088, 7, 120 MHz, 3996 MHz, 186.30 W, 31
2026/10/08 04:18:24.088, 0, 120 MHz, 3996 MHz, 184.51 W, 34
2026/10/08 04:18:24.088, 1, 120 MHz, 3996 MHz, 186.98 W, 36
2026/10/08 04:18:24.088, 2, 120 MHz, 3996 MHz, 186.05 W, 32
2026/10/08 04:18:24.088, 3, 120 MHz, 3996 MHz, 184.10 W, 32
2026/10/08 04:18:24.088, 4, 120 MHz, 3996 MHz, 182.71 W, 36
2026/10/08 04:18:24.088, 5, 120 MHz, 3996 MHz, 182.63 W, 35
2026/10/08 04:18:24.088, 6, 120 MHz, 3996 MHz, 185.84 W, 31
2026/10/08 04:18:24.088, 7, 120 MHz, 3996 MHz, 186.15 W, 31
2026/10/08 04:18:25.088, 0, 120 MHz, 3996 MHz, 184.62 W, 34
2026/10/08 04:18:25.088, 1, 120 MHz, 3996 MHz, 187.06 W, 36
2026/10/08 04:18:25.088, 2, 120 MHz, 3996 MHz, 186.01 W, 32
2026/10/08 04:18:25.088, 3, 120 MHz, 3996 MHz, 184.09 W, 32
2026/10/08 04:18:25.088, 4, 120 MHz, 3996 MHz, 182.73 W, 36
2026/10/08 04:18:25.088, 5, 120 MHz, 3996 MHz, 182.64 W, 35
2026/10/08 04:18:25.088, 6, 120 MHz, 3996 MHz, 186.23 W, 32
2026/10/08 04:18:25.088, 7, 120 MHz, 3996 MHz, 186.49 W, 31
2026/10/08 04:18:26.089, 0, 120 MHz, 3996 MHz, 184.51 W, 34
2026/10/08 04:18:26.089, 1, 120 MHz, 3996 MHz, 187.02 W, 36
2026/10/08 04:18:26.089, 2, 120 MHz, 3996 MHz, 186.04 W, 32
2026/10/08 04:18:26.089, 3, 2032 MHz, 3996 MHz, 185.91 W, 32
2026/10/08 04:18:26.089, 4, 120 MHz, 3996 MHz, 182.66 W, 36
2026/10/08 04:18:26.089, 5, 120 MHz, 3996 MHz, 182.65 W, 35
2026/10/08 04:18:26.089, 6, 120 MHz, 3996 MHz, 186.36 W, 32
2026/10/08 04:18:26.089, 7, 120 MHz, 3996 MHz, 186.42 W, 31
2026/10/08 04:18:27.089, 0, 120 MHz, 3996 MHz, 184.62 W, 34
2026/10/08 04:18:27.089, 1, 120 MHz, 3996 MHz, 187.22 W, 36
2026/10/08 04:18:27.089, 2, 2032 MHz, 3996 MHz, 217.64 W, 33
2026/10/08 04:18:27.089, 3, 2032 MHz, 3996 MHz, 236.92 W, 33
2026/10/08 04:18:27.089, 4, 120 MHz, 3996 MHz, 182.83 W, 36
2026/10/08 04:18:27.089, 5, 120 MHz, 3996 MHz, 182.64 W, 35
2026/10/08 04:18:27.089, 6, 120 MHz, 3996 MHz, 186.54 W, 32
2026/10/08 04:18:27.089, 7, 120 MHz, 3996 MHz, 186.49 W, 31
2026/10/08 04:18:28.089, 0, 120 MHz, 3996 MHz, 184.66 W, 34
2026/10/08 04:18:28.089, 1, 120 MHz, 3996 MHz, 187.16 W, 36
2026/10/08 04:18:28.089, 2, 2032 MHz, 3996 MHz, 236.66 W, 33
2026/10/08 04:18:28.089, 3, 2032 MHz, 3996 MHz, 236.66 W, 33
2026/10/08 04:18:28.089, 4, 120 MHz, 3996 MHz, 182.75 W, 36
2026/10/08 04:18:28.089, 5, 120 MHz, 3996 MHz, 182.64 W, 35
2026/10/08 04:18:28.089, 6, 120 MHz, 3996 MHz, 186.43 W, 32
2026/10/08 04:18:28.089, 7, 120 MHz, 3996 MHz, 186.30 W, 31
2026/10/08 04:18:29.089, 0, 120 MHz, 3996 MHz, 184.54 W, 34
2026/10/08 04:18:29.090, 1, 120 MHz, 3996 MHz, 186.83 W, 36
2026/10/08 04:18:29.090, 2, 2032 MHz, 3996 MHz, 236.77 W, 33
2026/10/08 04:18:29.090, 3, 2032 MHz, 3996 MHz, 237.54 W, 34
2026/10/08 04:18:29.090, 4, 120 MHz, 3996 MHz, 182.80 W, 36
2026/10/08 04:18:29.090, 5, 120 MHz, 3996 MHz, 182.64 W, 35
2026/10/08 04:18:29.090, 6, 120 MHz, 3996 MHz, 186.54 W, 32
2026/10/08 04:18:29.090, 7, 120 MHz, 3996 MHz, 186.49 W, 31
2026/10/08 04:18:30.090, 0, 120 MHz, 3996 MHz, 184.69 W, 34
2026/10/08 04:18:30.090, 1, 120 MHz, 3996 MHz, 186.29 W, 36
2026/10/08 04:18:30.090, 2, 2032 MHz, 3996 MHz, 238.57 W, 33
2026/10/08 04:18:30.090, 3, 2032 MHz, 3996 MHz, 238.61 W, 34
2026/10/08 04:18:30.090, 4, 120 MHz, 3996 MHz, 182.93 W, 36
2026/10/08 04:18:30.090, 5, 120 MHz, 3996 MHz, 182.64 W, 35
2026/10/08 04:18:30.090, 6, 120 MHz, 3996 MHz, 186.50 W, 32
2026/10/08 04:18:30.090, 7, 120 MHz, 3996 MHz, 186.53 W, 31
2026/10/08 04:18:31.090, 0, 120 MHz, 3996 MHz, 185.20 W, 34
2026/10/08 04:18:31.090, 1, 120 MHz, 3996 MHz, 186.36 W, 37
2026/10/08 04:18:31.090, 2, 2032 MHz, 3996 MHz, 238.24 W, 33
2026/10/08 04:18:31.090, 3, 2032 MHz, 3996 MHz, 238.77 W, 34
2026/10/08 04:18:31.090, 4, 120 MHz, 3996 MHz, 183.65 W, 36
2026/10/08 04:18:31.090, 5, 120 MHz, 3996 MHz, 182.71 W, 35
2026/10/08 04:18:31.090, 6, 120 MHz, 3996 MHz, 186.78 W, 32
2026/10/08 04:18:31.090, 7, 120 MHz, 3996 MHz, 186.53 W, 31
2026/10/08 04:18:32.090, 0, 120 MHz, 3996 MHz, 185.30 W, 34
2026/10/08 04:18:32.090, 1, 120 MHz, 3996 MHz, 186.29 W, 37
2026/10/08 04:18:32.090, 2, 2032 MHz, 3996 MHz, 254.46 W, 34
2026/10/08 04:18:32.090, 3, 2032 MHz, 3996 MHz, 256.09 W, 34
2026/10/08 04:18:32.090, 4, 120 MHz, 3996 MHz, 183.92 W, 36
2026/10/08 04:18:32.090, 5, 120 MHz, 3996 MHz, 182.71 W, 35
2026/10/08 04:18:32.090, 6, 120 MHz, 3996 MHz, 186.78 W, 32
2026/10/08 04:18:32.090, 7, 120 MHz, 3996 MHz, 186.53 W, 31
2026/10/08 04:18:33.091, 0, 120 MHz, 3996 MHz, 185.44 W, 34
2026/10/08 04:18:33.091, 1, 120 MHz, 3996 MHz, 186.32 W, 37
2026/10/08 04:18:33.091, 2, 2032 MHz, 3996 MHz, 237.24 W, 34
2026/10/08 04:18:33.091, 3, 2032 MHz, 3996 MHz, 254.81 W, 34
2026/10/08 04:18:33.091, 4, 120 MHz, 3996 MHz, 184.04 W, 36
2026/10/08 04:18:33.091, 5, 120 MHz, 3996 MHz, 182.80 W, 35
2026/10/08 04:18:33.091, 6, 120 MHz, 3996 MHz, 186.78 W, 32
2026/10/08 04:18:33.091, 7, 120 MHz, 3996 MHz, 186.53 W, 31
2026/10/08 04:18:34.091, 0, 120 MHz, 3996 MHz, 185.12 W, 34
2026/10/08 04:18:34.091, 1, 120 MHz, 3996 MHz, 186.36 W, 37
2026/10/08 04:18:34.091, 2, 2032 MHz, 3996 MHz, 259.65 W, 34
2026/10/08 04:18:34.091, 3, 2032 MHz, 3996 MHz, 255.60 W, 34
2026/10/08 04:18:34.091, 4, 120 MHz, 3996 MHz, 184.04 W, 36
2026/10/08 04:18:34.091, 5, 120 MHz, 3996 MHz, 182.78 W, 35
2026/10/08 04:18:34.091, 6, 120 MHz, 3996 MHz, 186.78 W, 32
2026/10/08 04:18:34.091, 7, 120 MHz, 3996 MHz, 186.53 W, 31
2026/10/08 04:18:35.091, 0, 120 MHz, 3996 MHz, 185.65 W, 34
2026/10/08 04:18:35.091, 1, 120 MHz, 3996 MHz, 186.36 W, 37
2026/10/08 04:18:35.091, 2, 2032 MHz, 3996 MHz, 244.08 W, 34
2026/10/08 04:18:35.091, 3, 2032 MHz, 3996 MHz, 246.33 W, 34
2026/10/08 04:18:35.091, 4, 120 MHz, 3996 MHz, 184.15 W, 36
2026/10/08 04:18:35.091, 5, 120 MHz, 3996 MHz, 182.91 W, 35
2026/10/08 04:18:35.091, 6, 120 MHz, 3996 MHz, 186.78 W, 32
2026/10/08 04:18:35.091, 7, 120 MHz, 3996 MHz, 186.53 W, 31
2026/10/08 04:18:36.091, 0, 120 MHz, 3996 MHz, 185.44 W, 35
2026/10/08 04:18:36.091, 1, 120 MHz, 3996 MHz, 186.40 W, 37
2026/10/08 04:18:36.091, 2, 2032 MHz, 3996 MHz, 243.17 W, 34
2026/10/08 04:18:36.091, 3, 2032 MHz, 3996 MHz, 245.54 W, 34
2026/10/08 04:18:36.091, 4, 120 MHz, 3996 MHz, 184.14 W, 36
2026/10/08 04:18:36.091, 5, 120 MHz, 3996 MHz, 182.90 W, 35
2026/10/08 04:18:36.091, 6, 120 MHz, 3996 MHz, 186.78 W, 32
2026/10/08 04:18:36.091, 7, 120 MHz, 3996 MHz, 186.53 W, 31
2026/10/08 04:18:37.092, 0, 120 MHz, 3996 MHz, 185.77 W, 35
2026/10/08 04:18:37.092, 1, 120 MHz, 3996 MHz, 186.44 W, 37
2026/10/08 04:18:37.092, 2, 2032 MHz, 3996 MHz, 238.00 W, 34
2026/10/08 04:18:37.092, 3, 2032 MHz, 3996 MHz, 238.61 W, 34
2026/10/08 04:18:37.092, 4, 120 MHz, 3996 MHz, 184.33 W, 37
2026/10/08 04:18:37.092, 5, 120 MHz, 3996 MHz, 182.87 W, 35
2026/10/08 04:18:37.092, 6, 120 MHz, 3996 MHz, 186.78 W, 32
2026/10/08 04:18:37.092, 7, 120 MHz, 3996 MHz, 186.53 W, 31
2026/10/08 04:18:38.092, 0, 120 MHz, 3996 MHz, 185.90 W, 35
2026/10/08 04:18:38.092, 1, 120 MHz, 3996 MHz, 186.36 W, 37
2026/10/08 04:18:38.092, 2, 2032 MHz, 3996 MHz, 238.53 W, 34
2026/10/08 04:18:38.092, 3, 2032 MHz, 3996 MHz, 238.61 W, 34
2026/10/08 04:18:38.092, 4, 120 MHz, 3996 MHz, 184.31 W, 37
2026/10/08 04:18:38.092, 5, 120 MHz, 3996 MHz, 183.07 W, 35
2026/10/08 04:18:38.092, 6, 120 MHz, 3996 MHz, 186.78 W, 32
2026/10/08 04:18:38.092, 7, 120 MHz, 3996 MHz, 186.53 W, 31
2026/10/08 04:18:39.092, 0, 120 MHz, 3996 MHz, 185.68 W, 35
2026/10/08 04:18:39.092, 1, 120 MHz, 3996 MHz, 186.36 W, 37
2026/10/08 04:18:39.092, 2, 2032 MHz, 3996 MHz, 239.44 W, 34
2026/10/08 04:18:39.092, 3, 2032 MHz, 3996 MHz, 245.44 W, 34
2026/10/08 04:18:39.092, 4, 120 MHz, 3996 MHz, 184.26 W, 37
2026/10/08 04:18:39.092, 5, 120 MHz, 3996 MHz, 183.24 W, 35
2026/10/08 04:18:39.092, 6, 120 MHz, 3996 MHz, 186.78 W, 32
2026/10/08 04:18:39.092, 7, 120 MHz, 3996 MHz, 186.53 W, 31
2026/10/08 04:18:40.093, 0, 120 MHz, 3996 MHz, 185.94 W, 35
2026/10/08 04:18:40.093, 1, 120 MHz, 3996 MHz, 186.59 W, 37
2026/10/08 04:18:40.093, 2, 2032 MHz, 3996 MHz, 245.66 W, 34
2026/10/08 04:18:40.093, 3, 2032 MHz, 3996 MHz, 245.99 W, 34
2026/10/08 04:18:40.093, 4, 120 MHz, 3996 MHz, 184.11 W, 37
2026/10/08 04:18:40.093, 5, 120 MHz, 3996 MHz, 183.51 W, 35
2026/10/08 04:18:40.093, 6, 120 MHz, 3996 MHz, 186.78 W, 32
2026/10/08 04:18:40.093, 7, 120 MHz, 3996 MHz, 186.53 W, 31
2026/10/08 04:18:41.093, 0, 120 MHz, 3996 MHz, 185.42 W, 35
2026/10/08 04:18:41.093, 1, 120 MHz, 3996 MHz, 186.48 W, 37
2026/10/08 04:18:41.093, 2, 2032 MHz, 3996 MHz, 238.20 W, 34
2026/10/08 04:18:41.093, 3, 2032 MHz, 3996 MHz, 238.61 W, 34
2026/10/08 04:18:41.093, 4, 120 MHz, 3996 MHz, 183.98 W, 37
2026/10/08 04:18:41.093, 5, 120 MHz, 3996 MHz, 182.99 W, 35
2026/10/08 04:18:41.093, 6, 120 MHz, 3996 MHz, 186.78 W, 32
2026/10/08 04:18:41.093, 7, 120 MHz, 3996 MHz, 185.91 W, 31
2026/10/08 04:18:42.093, 0, 120 MHz, 3996 MHz, 185.80 W, 35
2026/10/08 04:18:42.093, 1, 120 MHz, 3996 MHz, 186.32 W, 37
2026/10/08 04:18:42.093, 2, 2032 MHz, 3996 MHz, 243.76 W, 34
2026/10/08 04:18:42.093, 3, 2032 MHz, 3996 MHz, 245.32 W, 34
2026/10/08 04:18:42.093, 4, 120 MHz, 3996 MHz, 184.04 W, 37
2026/10/08 04:18:42.093, 5, 120 MHz, 3996 MHz, 183.30 W, 35
2026/10/08 04:18:42.093, 6, 120 MHz, 3996 MHz, 185.59 W, 32
2026/10/08 04:18:42.093, 7, 120 MHz, 3996 MHz, 185.40 W, 31
2026/10/08 04:18:43.094, 0, 120 MHz, 3996 MHz, 185.99 W, 35
2026/10/08 04:18:43.094, 1, 120 MHz, 3996 MHz, 186.44 W, 37
2026/10/08 04:18:43.094, 2, 2032 MHz, 3996 MHz, 236.81 W, 34
2026/10/08 04:18:43.094, 3, 2032 MHz, 3996 MHz, 238.61 W, 34
2026/10/08 04:18:43.094, 4, 120 MHz, 3996 MHz, 184.24 W, 37
2026/10/08 04:18:43.094, 5, 120 MHz, 3996 MHz, 183.26 W, 35
2026/10/08 04:18:43.094, 6, 120 MHz, 3996 MHz, 185.57 W, 32
2026/10/08 04:18:43.094, 7, 120 MHz, 3996 MHz, 185.27 W, 31
2026/10/08 04:18:44.094, 0, 120 MHz, 3996 MHz, 186.18 W, 35
2026/10/08 04:18:44.094, 1, 120 MHz, 3996 MHz, 186.40 W, 37
2026/10/08 04:18:44.094, 2, 2032 MHz, 3996 MHz, 236.70 W, 34
2026/10/08 04:18:44.094, 3, 2032 MHz, 3996 MHz, 238.61 W, 34
2026/10/08 04:18:44.094, 4, 120 MHz, 3996 MHz, 184.21 W, 37
2026/10/08 04:18:44.094, 5, 120 MHz, 3996 MHz, 183.11 W, 35
2026/10/08 04:18:44.094, 6, 120 MHz, 3996 MHz, 185.71 W, 32
2026/10/08 04:18:44.094, 7, 120 MHz, 3996 MHz, 185.73 W, 32
2026/10/08 04:18:45.094, 0, 120 MHz, 3996 MHz, 185.82 W, 35
2026/10/08 04:18:45.094, 1, 120 MHz, 3996 MHz, 186.36 W, 37
2026/10/08 04:18:45.094, 2, 2032 MHz, 3996 MHz, 236.66 W, 34
2026/10/08 04:18:45.094, 3, 2032 MHz, 3996 MHz, 238.49 W, 35
2026/10/08 04:18:45.094, 4, 120 MHz, 3996 MHz, 184.24 W, 37
2026/10/08 04:18:45.094, 5, 120 MHz, 3996 MHz, 183.29 W, 35
2026/10/08 04:18:45.094, 6, 120 MHz, 3996 MHz, 185.63 W, 32
2026/10/08 04:18:45.094, 7, 120 MHz, 3996 MHz, 185.83 W, 32
2026/10/08 04:18:46.095, 0, 120 MHz, 3996 MHz, 185.87 W, 35
2026/10/08 04:18:46.095, 1, 120 MHz, 3996 MHz, 186.48 W, 37
2026/10/08 04:18:46.095, 2, 2032 MHz, 3996 MHz, 236.77 W, 34
2026/10/08 04:18:46.095, 3, 2032 MHz, 3996 MHz, 238.53 W, 35
2026/10/08 04:18:46.095, 4, 120 MHz, 3996 MHz, 184.35 W, 37
2026/10/08 04:18:46.095, 5, 120 MHz, 3996 MHz, 183.25 W, 35
2026/10/08 04:18:46.095, 6, 120 MHz, 3996 MHz, 185.88 W, 32
2026/10/08 04:18:46.095, 7, 120 MHz, 3996 MHz, 185.88 W, 32
2026/10/08 04:18:47.095, 0, 120 MHz, 3996 MHz, 186.02 W, 35
2026/10/08 04:18:47.095, 1, 120 MHz, 3996 MHz, 186.67 W, 37
2026/10/08 04:18:47.095, 2, 2032 MHz, 3996 MHz, 236.69 W, 34
2026/10/08 04:18:47.095, 3, 2032 MHz, 3996 MHz, 238.57 W, 35
2026/10/08 04:18:47.095, 4, 120 MHz, 3996 MHz, 184.22 W, 37
2026/10/08 04:18:47.095, 5, 120 MHz, 3996 MHz, 183.34 W, 35
2026/10/08 04:18:47.095, 6, 120 MHz, 3996 MHz, 185.92 W, 32
2026/10/08 04:18:47.095, 7, 120 MHz, 3996 MHz, 185.78 W, 32
2026/10/08 04:18:48.095, 0, 120 MHz, 3996 MHz, 186.18 W, 35
2026/10/08 04:18:48.095, 1, 120 MHz, 3996 MHz, 186.75 W, 37
2026/10/08 04:18:48.095, 2, 2032 MHz, 3996 MHz, 512.00 W, 38
2026/10/08 04:18:48.095, 3, 2032 MHz, 3996 MHz, 238.20 W, 35
2026/10/08 04:18:48.095, 4, 120 MHz, 3996 MHz, 184.53 W, 37
2026/10/08 04:18:48.095, 5, 120 MHz, 3996 MHz, 183.08 W, 35
2026/10/08 04:18:48.095, 6, 120 MHz, 3996 MHz, 185.63 W, 32
2026/10/08 04:18:48.095, 7, 120 MHz, 3996 MHz, 185.69 W, 32
2026/10/08 04:18:49.096, 0, 120 MHz, 3996 MHz, 186.37 W, 35
2026/10/08 04:18:49.096, 1, 120 MHz, 3996 MHz, 186.86 W, 37
2026/10/08 04:18:49.096, 2, 2032 MHz, 3996 MHz, 318.19 W, 36
2026/10/08 04:18:49.096, 3, 2032 MHz, 3996 MHz, 544.76 W, 40
2026/10/08 04:18:49.096, 4, 120 MHz, 3996 MHz, 184.45 W, 37
2026/10/08 04:18:49.096, 5, 120 MHz, 3996 MHz, 183.40 W, 35
2026/10/08 04:18:49.096, 6, 120 MHz, 3996 MHz, 185.88 W, 32
2026/10/08 04:18:49.096, 7, 120 MHz, 3996 MHz, 186.11 W, 32
2026/10/08 04:18:50.096, 0, 120 MHz, 3996 MHz, 186.21 W, 35
2026/10/08 04:18:50.096, 1, 120 MHz, 3996 MHz, 186.91 W, 37
2026/10/08 04:18:50.096, 2, 1350 MHz, 3996 MHz, 505.40 W, 50
2026/10/08 04:18:50.096, 3, 2032 MHz, 3996 MHz, 285.72 W, 36
2026/10/08 04:18:50.096, 4, 120 MHz, 3996 MHz, 184.41 W, 37
2026/10/08 04:18:50.096, 5, 120 MHz, 3996 MHz, 183.37 W, 35
2026/10/08 04:18:50.096, 6, 120 MHz, 3996 MHz, 186.32 W, 32
2026/10/08 04:18:50.096, 7, 120 MHz, 3996 MHz, 186.00 W, 32
2026/10/08 04:18:51.096, 0, 120 MHz, 3996 MHz, 186.37 W, 35
2026/10/08 04:18:51.096, 1, 120 MHz, 3996 MHz, 187.02 W, 37
2026/10/08 04:18:51.096, 2, 1312 MHz, 3996 MHz, 1084.84 W, 54
2026/10/08 04:18:51.096, 3, 1312 MHz, 3996 MHz, 878.81 W, 53
2026/10/08 04:18:51.096, 4, 120 MHz, 3996 MHz, 184.49 W, 37
2026/10/08 04:18:51.096, 5, 120 MHz, 3996 MHz, 183.50 W, 35
2026/10/08 04:18:51.096, 6, 120 MHz, 3996 MHz, 186.24 W, 32
2026/10/08 04:18:51.096, 7, 120 MHz, 3996 MHz, 186.18 W, 32
2026/10/08 04:18:52.096, 0, 120 MHz, 3996 MHz, 186.37 W, 35
2026/10/08 04:18:52.096, 1, 120 MHz, 3996 MHz, 187.12 W, 37
2026/10/08 04:18:52.096, 2, 2025 MHz, 3996 MHz, 1053.68 W, 48
2026/10/08 04:18:52.096, 3, 1350 MHz, 3996 MHz, 1088.10 W, 54
2026/10/08 04:18:52.096, 4, 120 MHz, 3996 MHz, 184.49 W, 37
2026/10/08 04:18:52.096, 5, 120 MHz, 3996 MHz, 183.60 W, 36
2026/10/08 04:18:52.096, 6, 120 MHz, 3996 MHz, 186.47 W, 33
2026/10/08 04:18:52.096, 7, 120 MHz, 3996 MHz, 186.30 W, 32
2026/10/08 04:18:53.097, 0, 120 MHz, 3996 MHz, 186.37 W, 35
2026/10/08 04:18:53.097, 1, 120 MHz, 3996 MHz, 187.47 W, 37
2026/10/08 04:18:53.097, 2, 2032 MHz, 3996 MHz, 958.82 W, 48
2026/10/08 04:18:53.097, 3, 2032 MHz, 3996 MHz, 989.50 W, 48
2026/10/08 04:18:53.097, 4, 120 MHz, 3996 MHz, 184.54 W, 37
2026/10/08 04:18:53.097, 5, 120 MHz, 3996 MHz, 183.62 W, 36
2026/10/08 04:18:53.097, 6, 120 MHz, 3996 MHz, 186.70 W, 33
2026/10/08 04:18:53.097, 7, 120 MHz, 3996 MHz, 186.34 W, 32
2026/10/08 04:18:54.097, 0, 120 MHz, 3996 MHz, 186.37 W, 35
2026/10/08 04:18:54.097, 1, 120 MHz, 3996 MHz, 187.49 W, 37
2026/10/08 04:18:54.097, 2, 2032 MHz, 3996 MHz, 959.80 W, 48
2026/10/08 04:18:54.097, 3, 2032 MHz, 3996 MHz, 954.59 W, 48
2026/10/08 04:18:54.097, 4, 120 MHz, 3996 MHz, 184.57 W, 37
2026/10/08 04:18:54.097, 5, 120 MHz, 3996 MHz, 183.46 W, 36
2026/10/08 04:18:54.097, 6, 120 MHz, 3996 MHz, 186.66 W, 33
2026/10/08 04:18:54.097, 7, 120 MHz, 3996 MHz, 186.30 W, 32
2026/10/08 04:18:55.097, 0, 120 MHz, 3996 MHz, 186.37 W, 35
2026/10/08 04:18:55.097, 1, 120 MHz, 3996 MHz, 187.61 W, 38
2026/10/08 04:18:55.097, 2, 2032 MHz, 3996 MHz, 964.90 W, 48
2026/10/08 04:18:55.097, 3, 2032 MHz, 3996 MHz, 953.07 W, 48
2026/10/08 04:18:55.097, 4, 120 MHz, 3996 MHz, 184.58 W, 37
2026/10/08 04:18:55.097, 5, 120 MHz, 3996 MHz, 183.85 W, 36
2026/10/08 04:18:55.097, 6, 120 MHz, 3996 MHz, 186.74 W, 33
2026/10/08 04:18:55.097, 7, 120 MHz, 3996 MHz, 186.46 W, 32
2026/10/08 04:18:56.097, 0, 120 MHz, 3996 MHz, 186.41 W, 35
2026/10/08 04:18:56.097, 1, 120 MHz, 3996 MHz, 187.88 W, 38
2026/10/08 04:18:56.097, 2, 2032 MHz, 3996 MHz, 964.60 W, 49
2026/10/08 04:18:56.097, 3, 2032 MHz, 3996 MHz, 955.80 W, 49
2026/10/08 04:18:56.097, 4, 120 MHz, 3996 MHz, 184.54 W, 37
2026/10/08 04:18:56.097, 5, 120 MHz, 3996 MHz, 183.64 W, 36
2026/10/08 04:18:56.097, 6, 120 MHz, 3996 MHz, 186.62 W, 33
2026/10/08 04:18:56.098, 7, 120 MHz, 3996 MHz, 186.38 W, 32
2026/10/08 04:18:57.098, 0, 120 MHz, 3996 MHz, 186.41 W, 36
2026/10/08 04:18:57.098, 1, 120 MHz, 3996 MHz, 187.76 W, 38
2026/10/08 04:18:57.098, 2, 2032 MHz, 3996 MHz, 970.71 W, 49
2026/10/08 04:18:57.098, 3, 2032 MHz, 3996 MHz, 956.29 W, 49
2026/10/08 04:18:57.098, 4, 120 MHz, 3996 MHz, 184.59 W, 37
2026/10/08 04:18:57.098, 5, 120 MHz, 3996 MHz, 183.50 W, 36
2026/10/08 04:18:57.098, 6, 120 MHz, 3996 MHz, 186.66 W, 33
2026/10/08 04:18:57.098, 7, 120 MHz, 3996 MHz, 186.42 W, 32
2026/10/08 04:18:58.098, 0, 120 MHz, 3996 MHz, 186.41 W, 36
2026/10/08 04:18:58.098, 1, 120 MHz, 3996 MHz, 188.07 W, 38
2026/10/08 04:18:58.098, 2, 2032 MHz, 3996 MHz, 968.08 W, 50
2026/10/08 04:18:58.098, 3, 2032 MHz, 3996 MHz, 958.89 W, 50
2026/10/08 04:18:58.098, 4, 120 MHz, 3996 MHz, 184.59 W, 37
2026/10/08 04:18:58.098, 5, 120 MHz, 3996 MHz, 183.82 W, 36
2026/10/08 04:18:58.098, 6, 120 MHz, 3996 MHz, 186.62 W, 33
2026/10/08 04:18:58.098, 7, 120 MHz, 3996 MHz, 186.46 W, 32
2026/10/08 04:18:59.098, 0, 120 MHz, 3996 MHz, 186.41 W, 36
2026/10/08 04:18:59.098, 1, 120 MHz, 3996 MHz, 188.15 W, 38
2026/10/08 04:18:59.098, 2, 2032 MHz, 3996 MHz, 968.94 W, 50
2026/10/08 04:18:59.098, 3, 2032 MHz, 3996 MHz, 960.41 W, 50
2026/10/08 04:18:59.098, 4, 120 MHz, 3996 MHz, 184.59 W, 37
2026/10/08 04:18:59.098, 5, 120 MHz, 3996 MHz, 183.74 W, 36
2026/10/08 04:18:59.098, 6, 120 MHz, 3996 MHz, 186.74 W, 33
2026/10/08 04:18:59.098, 7, 120 MHz, 3996 MHz, 186.53 W, 32
2026/10/08 04:19:00.098, 0, 120 MHz, 3996 MHz, 186.41 W, 36
2026/10/08 04:19:00.099, 1, 120 MHz, 3996 MHz, 188.23 W, 38
2026/10/08 04:19:00.099, 2, 2032 MHz, 3996 MHz, 970.52 W, 50
2026/10/08 04:19:00.099, 3, 2032 MHz, 3996 MHz, 961.94 W, 50
2026/10/08 04:19:00.099, 4, 120 MHz, 3996 MHz, 184.59 W, 37
2026/10/08 04:19:00.099, 5, 120 MHz, 3996 MHz, 183.66 W, 36
2026/10/08 04:19:00.099, 6, 120 MHz, 3996 MHz, 186.78 W, 33
2026/10/08 04:19:00.099, 7, 120 MHz, 3996 MHz, 186.54 W, 32
2026/10/08 04:19:01.099, 0, 120 MHz, 3996 MHz, 186.41 W, 36
2026/10/08 04:19:01.099, 1, 120 MHz, 3996 MHz, 188.23 W, 38
2026/10/08 04:19:01.099, 2, 1312 MHz, 3996 MHz, 1094.30 W, 58
2026/10/08 04:19:01.099, 3, 1327 MHz, 3996 MHz, 1029.01 W, 58
2026/10/08 04:19:01.099, 4, 120 MHz, 3996 MHz, 184.59 W, 37
2026/10/08 04:19:01.099, 5, 120 MHz, 3996 MHz, 184.06 W, 36
2026/10/08 04:19:01.099, 6, 120 MHz, 3996 MHz, 186.74 W, 33
2026/10/08 04:19:01.099, 7, 120 MHz, 3996 MHz, 186.53 W, 32
2026/10/08 04:19:02.099, 0, 120 MHz, 3996 MHz, 186.41 W, 36
2026/10/08 04:19:02.099, 1, 120 MHz, 3996 MHz, 188.23 W, 38
2026/10/08 04:19:02.099, 2, 1305 MHz, 3996 MHz, 1090.22 W, 59
2026/10/08 04:19:02.099, 3, 1335 MHz, 3996 MHz, 1086.95 W, 59
2026/10/08 04:19:02.099, 4, 120 MHz, 3996 MHz, 184.59 W, 37
2026/10/08 04:19:02.099, 5, 120 MHz, 3996 MHz, 183.97 W, 36
2026/10/08 04:19:02.099, 6, 120 MHz, 3996 MHz, 186.78 W, 33
2026/10/08 04:19:02.099, 7, 120 MHz, 3996 MHz, 186.53 W, 32
2026/10/08 04:19:03.099, 0, 120 MHz, 3996 MHz, 186.41 W, 36
2026/10/08 04:19:03.099, 1, 120 MHz, 3996 MHz, 188.23 W, 38
2026/10/08 04:19:03.099, 2, 2032 MHz, 3996 MHz, 977.88 W, 52
2026/10/08 04:19:03.099, 3, 2032 MHz, 3996 MHz, 1041.85 W, 53
2026/10/08 04:19:03.099, 4, 120 MHz, 3996 MHz, 184.59 W, 37
2026/10/08 04:19:03.099, 5, 120 MHz, 3996 MHz, 183.79 W, 36
2026/10/08 04:19:03.099, 6, 120 MHz, 3996 MHz, 186.78 W, 33
2026/10/08 04:19:03.099, 7, 120 MHz, 3996 MHz, 186.53 W, 32
2026/10/08 04:19:04.100, 0, 120 MHz, 3996 MHz, 186.41 W, 36
2026/10/08 04:19:04.100, 1, 120 MHz, 3996 MHz, 188.23 W, 38
2026/10/08 04:19:04.100, 2, 2032 MHz, 3996 MHz, 971.82 W, 52
2026/10/08 04:19:04.100, 3, 2032 MHz, 3996 MHz, 959.03 W, 52
2026/10/08 04:19:04.100, 4, 120 MHz, 3996 MHz, 184.59 W, 37
2026/10/08 04:19:04.100, 5, 120 MHz, 3996 MHz, 183.24 W, 36
2026/10/08 04:19:04.100, 6, 120 MHz, 3996 MHz, 186.78 W, 33
2026/10/08 04:19:04.100, 7, 120 MHz, 3996 MHz, 186.53 W, 32
2026/10/08 04:19:05.100, 0, 120 MHz, 3996 MHz, 186.41 W, 36
2026/10/08 04:19:05.100, 1, 120 MHz, 3996 MHz, 188.23 W, 38
2026/10/08 04:19:05.100, 2, 2032 MHz, 3996 MHz, 971.60 W, 52
2026/10/08 04:19:05.100, 3, 2032 MHz, 3996 MHz, 960.11 W, 52
2026/10/08 04:19:05.100, 4, 120 MHz, 3996 MHz, 184.59 W, 37
2026/10/08 04:19:05.100, 5, 120 MHz, 3996 MHz, 182.85 W, 36
2026/10/08 04:19:05.100, 6, 120 MHz, 3996 MHz, 186.78 W, 33
2026/10/08 04:19:05.100, 7, 120 MHz, 3996 MHz, 186.50 W, 32
2026/10/08 04:19:06.100, 0, 120 MHz, 3996 MHz, 186.41 W, 36
2026/10/08 04:19:06.100, 1, 120 MHz, 3996 MHz, 188.23 W, 39
2026/10/08 04:19:06.100, 2, 2032 MHz, 3996 MHz, 970.84 W, 52
2026/10/08 04:19:06.100, 3, 2032 MHz, 3996 MHz, 962.61 W, 52
2026/10/08 04:19:06.100, 4, 120 MHz, 3996 MHz, 184.59 W, 38
2026/10/08 04:19:06.100, 5, 120 MHz, 3996 MHz, 182.81 W, 36
2026/10/08 04:19:06.100, 6, 120 MHz, 3996 MHz, 186.78 W, 33
2026/10/08 04:19:06.100, 7, 120 MHz, 3996 MHz, 186.53 W, 32
2026/10/08 04:19:07.100, 0, 120 MHz, 3996 MHz, 186.41 W, 37
2026/10/08 04:19:07.100, 1, 120 MHz, 3996 MHz, 188.23 W, 39
2026/10/08 04:19:07.100, 2, 2032 MHz, 3996 MHz, 972.55 W, 53
2026/10/08 04:19:07.100, 3, 2032 MHz, 3996 MHz, 963.34 W, 53
2026/10/08 04:19:07.100, 4, 120 MHz, 3996 MHz, 184.59 W, 38
2026/10/08 04:19:07.100, 5, 120 MHz, 3996 MHz, 182.78 W, 36
2026/10/08 04:19:07.101, 6, 120 MHz, 3996 MHz, 186.78 W, 33
2026/10/08 04:19:07.101, 7, 120 MHz, 3996 MHz, 186.53 W, 32
2026/10/08 04:19:08.101, 0, 120 MHz, 3996 MHz, 186.41 W, 37
2026/10/08 04:19:08.101, 1, 120 MHz, 3996 MHz, 188.23 W, 39
2026/10/08 04:19:08.101, 2, 2032 MHz, 3996 MHz, 974.22 W, 53
2026/10/08 04:19:08.101, 3, 2032 MHz, 3996 MHz, 964.66 W, 53
2026/10/08 04:19:08.101, 4, 120 MHz, 3996 MHz, 184.59 W, 38
2026/10/08 04:19:08.101, 5, 120 MHz, 3996 MHz, 182.91 W, 36
2026/10/08 04:19:08.101, 6, 120 MHz, 3996 MHz, 186.78 W, 33
2026/10/08 04:19:08.101, 7, 120 MHz, 3996 MHz, 186.54 W, 32
2026/10/08 04:19:09.101, 0, 120 MHz, 3996 MHz, 186.41 W, 37
2026/10/08 04:19:09.101, 1, 120 MHz, 3996 MHz, 188.23 W, 39
2026/10/08 04:19:09.101, 2, 2032 MHz, 3996 MHz, 974.79 W, 53
2026/10/08 04:19:09.101, 3, 2032 MHz, 3996 MHz, 966.62 W, 53
2026/10/08 04:19:09.101, 4, 120 MHz, 3996 MHz, 184.58 W, 38
2026/10/08 04:19:09.101, 5, 120 MHz, 3996 MHz, 182.85 W, 36
2026/10/08 04:19:09.101, 6, 120 MHz, 3996 MHz, 186.78 W, 33
2026/10/08 04:19:09.101, 7, 120 MHz, 3996 MHz, 186.53 W, 32
2026/10/08 04:19:10.101, 0, 120 MHz, 3996 MHz, 186.41 W, 37
2026/10/08 04:19:10.101, 1, 120 MHz, 3996 MHz, 188.23 W, 39
2026/10/08 04:19:10.101, 2, 2032 MHz, 3996 MHz, 980.27 W, 53
2026/10/08 04:19:10.101, 3, 2032 MHz, 3996 MHz, 969.71 W, 53
2026/10/08 04:19:10.101, 4, 120 MHz, 3996 MHz, 184.59 W, 38
2026/10/08 04:19:10.101, 5, 120 MHz, 3996 MHz, 182.79 W, 36
2026/10/08 04:19:10.101, 6, 120 MHz, 3996 MHz, 186.78 W, 33
2026/10/08 04:19:10.101, 7, 120 MHz, 3996 MHz, 186.49 W, 32
2026/10/08 04:19:11.101, 0, 120 MHz, 3996 MHz, 186.41 W, 37
2026/10/08 04:19:11.102, 1, 120 MHz, 3996 MHz, 188.23 W, 39
2026/10/08 04:19:11.102, 2, 1312 MHz, 3996 MHz, 1061.92 W, 60
2026/10/08 04:19:11.102, 3, 1837 MHz, 3996 MHz, 983.54 W, 54
2026/10/08 04:19:11.102, 4, 120 MHz, 3996 MHz, 184.59 W, 38
2026/10/08 04:19:11.102, 5, 120 MHz, 3996 MHz, 182.82 W, 36
2026/10/08 04:19:11.102, 6, 120 MHz, 3996 MHz, 186.78 W, 33
2026/10/08 04:19:11.102, 7, 120 MHz, 3996 MHz, 186.54 W, 32
2026/10/08 04:19:12.102, 0, 120 MHz, 3996 MHz, 186.41 W, 37
2026/10/08 04:19:12.102, 1, 120 MHz, 3996 MHz, 188.23 W, 39
2026/10/08 04:19:12.102, 2, 1320 MHz, 3996 MHz, 1087.78 W, 61
2026/10/08 04:19:12.102, 3, 1320 MHz, 3996 MHz, 1098.09 W, 61
2026/10/08 04:19:12.102, 4, 120 MHz, 3996 MHz, 184.59 W, 38
2026/10/08 04:19:12.102, 5, 120 MHz, 3996 MHz, 183.05 W, 36
2026/10/08 04:19:12.102, 6, 120 MHz, 3996 MHz, 186.78 W, 33
2026/10/08 04:19:12.102, 7, 120 MHz, 3996 MHz, 186.53 W, 32
2026/10/08 04:19:13.102, 0, 120 MHz, 3996 MHz, 186.41 W, 37
2026/10/08 04:19:13.102, 1, 120 MHz, 3996 MHz, 188.23 W, 39
2026/10/08 04:19:13.102, 2, 2032 MHz, 3996 MHz, 1023.83 W, 54
2026/10/08 04:19:13.102, 3, 1327 MHz, 3996 MHz, 1087.01 W, 62
2026/10/08 04:19:13.102, 4, 120 MHz, 3996 MHz, 184.59 W, 38
2026/10/08 04:19:13.102, 5, 120 MHz, 3996 MHz, 182.81 W, 36
2026/10/08 04:19:13.102, 6, 120 MHz, 3996 MHz, 186.74 W, 33
2026/10/08 04:19:13.102, 7, 120 MHz, 3996 MHz, 186.54 W, 32
2026/10/08 04:19:14.102, 0, 120 MHz, 3996 MHz, 186.41 W, 38
2026/10/08 04:19:14.102, 1, 120 MHz, 3996 MHz, 188.23 W, 40
2026/10/08 04:19:14.102, 2, 2032 MHz, 3996 MHz, 971.14 W, 54
2026/10/08 04:19:14.102, 3, 2032 MHz, 3996 MHz, 958.20 W, 54
2026/10/08 04:19:14.102, 4, 120 MHz, 3996 MHz, 184.59 W, 38
2026/10/08 04:19:14.102, 5, 120 MHz, 3996 MHz, 182.81 W, 36
2026/10/08 04:19:14.102, 6, 120 MHz, 3996 MHz, 186.78 W, 33
2026/10/08 04:19:14.102, 7, 120 MHz, 3996 MHz, 186.54 W, 32
2026/10/08 04:19:15.103, 0, 120 MHz, 3996 MHz, 186.41 W, 38
2026/10/08 04:19:15.103, 1, 120 MHz, 3996 MHz, 188.23 W, 40
2026/10/08 04:19:15.103, 2, 2032 MHz, 3996 MHz, 975.29 W, 54
2026/10/08 04:19:15.103, 3, 2032 MHz, 3996 MHz, 965.85 W, 55
2026/10/08 04:19:15.103, 4, 120 MHz, 3996 MHz, 184.59 W, 38
2026/10/08 04:19:15.103, 5, 120 MHz, 3996 MHz, 183.10 W, 36
2026/10/08 04:19:15.103, 6, 120 MHz, 3996 MHz, 186.78 W, 33
2026/10/08 04:19:15.103, 7, 120 MHz, 3996 MHz, 186.53 W, 32
2026/10/08 04:19:16.103, 0, 120 MHz, 3996 MHz, 186.41 W, 38
2026/10/08 04:19:16.103, 1, 120 MHz, 3996 MHz, 188.23 W, 40
2026/10/08 04:19:16.103, 2, 2032 MHz, 3996 MHz, 973.99 W, 54
2026/10/08 04:19:16.103, 3, 2032 MHz, 3996 MHz, 968.12 W, 55
2026/10/08 04:19:16.103, 4, 120 MHz, 3996 MHz, 184.59 W, 38
2026/10/08 04:19:16.103, 5, 120 MHz, 3996 MHz, 182.73 W, 36
2026/10/08 04:19:16.103, 6, 120 MHz, 3996 MHz, 186.78 W, 33
2026/10/08 04:19:16.103, 7, 120 MHz, 3996 MHz, 186.53 W, 32
2026/10/08 04:19:17.103, 0, 120 MHz, 3996 MHz, 186.41 W, 38
2026/10/08 04:19:17.103, 1, 120 MHz, 3996 MHz, 188.23 W, 40
2026/10/08 04:19:17.103, 2, 2032 MHz, 3996 MHz, 974.46 W, 55
2026/10/08 04:19:17.103, 3, 2032 MHz, 3996 MHz, 969.28 W, 55
2026/10/08 04:19:17.103, 4, 120 MHz, 3996 MHz, 184.58 W, 38
2026/10/08 04:19:17.103, 5, 120 MHz, 3996 MHz, 182.85 W, 36
2026/10/08 04:19:17.103, 6, 120 MHz, 3996 MHz, 186.78 W, 33
2026/10/08 04:19:17.103, 7, 120 MHz, 3996 MHz, 186.53 W, 32
2026/10/08 04:19:18.103, 0, 120 MHz, 3996 MHz, 186.41 W, 38
2026/10/08 04:19:18.103, 1, 120 MHz, 3996 MHz, 188.23 W, 40
2026/10/08 04:19:18.103, 2, 2032 MHz, 3996 MHz, 977.86 W, 55
2026/10/08 04:19:18.103, 3, 2032 MHz, 3996 MHz, 969.99 W, 55
2026/10/08 04:19:18.103, 4, 120 MHz, 3996 MHz, 184.59 W, 38
2026/10/08 04:19:18.103, 5, 120 MHz, 3996 MHz, 183.04 W, 36
2026/10/08 04:19:18.103, 6, 120 MHz, 3996 MHz, 186.78 W, 33
2026/10/08 04:19:18.103, 7, 120 MHz, 3996 MHz, 186.53 W, 32
2026/10/08 04:19:19.104, 0, 120 MHz, 3996 MHz, 186.41 W, 38
2026/10/08 04:19:19.104, 1, 120 MHz, 3996 MHz, 188.23 W, 40
2026/10/08 04:19:19.104, 2, 2032 MHz, 3996 MHz, 979.00 W, 55
2026/10/08 04:19:19.104, 3, 2032 MHz, 3996 MHz, 971.44 W, 55
2026/10/08 04:19:19.104, 4, 120 MHz, 3996 MHz, 184.59 W, 38
2026/10/08 04:19:19.104, 5, 120 MHz, 3996 MHz, 183.12 W, 36
2026/10/08 04:19:19.104, 6, 120 MHz, 3996 MHz, 186.78 W, 33
2026/10/08 04:19:19.104, 7, 120 MHz, 3996 MHz, 186.53 W, 32
2026/10/08 04:19:20.104, 0, 120 MHz, 3996 MHz, 186.41 W, 38
2026/10/08 04:19:20.104, 1, 120 MHz, 3996 MHz, 188.27 W, 40
2026/10/08 04:19:20.104, 2, 2032 MHz, 3996 MHz, 979.28 W, 55
2026/10/08 04:19:20.104, 3, 2032 MHz, 3996 MHz, 971.75 W, 55
2026/10/08 04:19:20.104, 4, 120 MHz, 3996 MHz, 184.59 W, 38
2026/10/08 04:19:20.104, 5, 120 MHz, 3996 MHz, 182.93 W, 36
2026/10/08 04:19:20.104, 6, 120 MHz, 3996 MHz, 186.78 W, 33
2026/10/08 04:19:20.104, 7, 120 MHz, 3996 MHz, 186.54 W, 32
2026/10/08 04:19:21.104, 0, 120 MHz, 3996 MHz, 186.41 W, 38
2026/10/08 04:19:21.104, 1, 120 MHz, 3996 MHz, 188.38 W, 40
2026/10/08 04:19:21.104, 2, 1297 MHz, 3996 MHz, 1020.99 W, 62
2026/10/08 04:19:21.104, 3, 2032 MHz, 3996 MHz, 974.28 W, 55
2026/10/08 04:19:21.104, 4, 120 MHz, 3996 MHz, 184.59 W, 38
2026/10/08 04:19:21.104, 5, 120 MHz, 3996 MHz, 182.89 W, 36
2026/10/08 04:19:21.104, 6, 120 MHz, 3996 MHz, 186.74 W, 33
2026/10/08 04:19:21.104, 7, 120 MHz, 3996 MHz, 186.49 W, 32
2026/10/08 04:19:22.104, 0, 120 MHz, 3996 MHz, 186.41 W, 39
2026/10/08 04:19:22.104, 1, 120 MHz, 3996 MHz, 188.45 W, 41
2026/10/08 04:19:22.104, 2, 1312 MHz, 3996 MHz, 1085.79 W, 62
2026/10/08 04:19:22.104, 3, 1327 MHz, 3996 MHz, 1067.87 W, 63
2026/10/08 04:19:22.104, 4, 120 MHz, 3996 MHz, 184.59 W, 38
2026/10/08 04:19:22.104, 5, 120 MHz, 3996 MHz, 183.12 W, 36
2026/10/08 04:19:22.105, 6, 120 MHz, 3996 MHz, 186.70 W, 33
2026/10/08 04:19:22.105, 7, 120 MHz, 3996 MHz, 186.42 W, 32
2026/10/08 04:19:23.105, 0, 120 MHz, 3996 MHz, 186.41 W, 39
2026/10/08 04:19:23.105, 1, 120 MHz, 3996 MHz, 188.61 W, 41
2026/10/08 04:19:23.105, 2, 1822 MHz, 3996 MHz, 1074.64 W, 58
2026/10/08 04:19:23.105, 3, 1327 MHz, 3996 MHz, 1090.03 W, 63
2026/10/08 04:19:23.105, 4, 120 MHz, 3996 MHz, 184.59 W, 38
2026/10/08 04:19:23.105, 5, 120 MHz, 3996 MHz, 182.86 W, 36
2026/10/08 04:19:23.105, 6, 120 MHz, 3996 MHz, 186.70 W, 33
2026/10/08 04:19:23.105, 7, 120 MHz, 3996 MHz, 186.46 W, 32
2026/10/08 04:19:24.105, 0, 120 MHz, 3996 MHz, 186.41 W, 39
2026/10/08 04:19:24.105, 1, 120 MHz, 3996 MHz, 189.17 W, 41
2026/10/08 04:19:24.105, 2, 2032 MHz, 3996 MHz, 967.95 W, 55
2026/10/08 04:19:24.105, 3, 2032 MHz, 3996 MHz, 1006.53 W, 56
2026/10/08 04:19:24.105, 4, 120 MHz, 3996 MHz, 184.59 W, 38
2026/10/08 04:19:24.105, 5, 120 MHz, 3996 MHz, 183.34 W, 36
2026/10/08 04:19:24.105, 6, 120 MHz, 3996 MHz, 186.62 W, 33
2026/10/08 04:19:24.105, 7, 120 MHz, 3996 MHz, 186.42 W, 32
2026/10/08 04:19:25.105, 0, 120 MHz, 3996 MHz, 186.41 W, 39
2026/10/08 04:19:25.105, 1, 120 MHz, 3996 MHz, 189.08 W, 41
2026/10/08 04:19:25.105, 2, 2032 MHz, 3996 MHz, 975.35 W, 55
2026/10/08 04:19:25.105, 3, 2032 MHz, 3996 MHz, 968.23 W, 56
2026/10/08 04:19:25.105, 4, 120 MHz, 3996 MHz, 184.59 W, 38
2026/10/08 04:19:25.105, 5, 120 MHz, 3996 MHz, 183.10 W, 36
2026/10/08 04:19:25.105, 6, 120 MHz, 3996 MHz, 186.70 W, 33
2026/10/08 04:19:25.105, 7, 120 MHz, 3996 MHz, 186.26 W, 32
2026/10/08 04:19:26.105, 0, 120 MHz, 3996 MHz, 186.52 W, 39
2026/10/08 04:19:26.106, 1, 120 MHz, 3996 MHz, 189.64 W, 41
2026/10/08 04:19:26.106, 2, 2032 MHz, 3996 MHz, 977.90 W, 55
2026/10/08 04:19:26.106, 3, 2032 MHz, 3996 MHz, 968.34 W, 56
2026/10/08 04:19:26.106, 4, 120 MHz, 3996 MHz, 184.59 W, 38
2026/10/08 04:19:26.106, 5, 120 MHz, 3996 MHz, 183.13 W, 36
2026/10/08 04:19:26.106, 6, 120 MHz, 3996 MHz, 186.54 W, 32
2026/10/08 04:19:26.106, 7, 120 MHz, 3996 MHz, 186.45 W, 32
2026/10/08 04:19:27.106, 0, 120 MHz, 3996 MHz, 186.56 W, 39
2026/10/08 04:19:27.106, 1, 120 MHz, 3996 MHz, 189.74 W, 41
2026/10/08 04:19:27.106, 2, 2032 MHz, 3996 MHz, 979.74 W, 55
2026/10/08 04:19:27.106, 3, 2032 MHz, 3996 MHz, 970.20 W, 56
2026/10/08 04:19:27.106, 4, 120 MHz, 3996 MHz, 184.59 W, 38
2026/10/08 04:19:27.106, 5, 120 MHz, 3996 MHz, 183.04 W, 36
2026/10/08 04:19:27.106, 6, 120 MHz, 3996 MHz, 186.39 W, 32
2026/10/08 04:19:27.106, 7, 120 MHz, 3996 MHz, 186.23 W, 32
2026/10/08 04:19:28.106, 0, 120 MHz, 3996 MHz, 186.80 W, 39
2026/10/08 04:19:28.106, 1, 120 MHz, 3996 MHz, 190.13 W, 41
2026/10/08 04:19:28.106, 2, 2032 MHz, 3996 MHz, 981.18 W, 55
2026/10/08 04:19:28.106, 3, 2032 MHz, 3996 MHz, 972.34 W, 56
2026/10/08 04:19:28.106, 4, 120 MHz, 3996 MHz, 184.59 W, 38
2026/10/08 04:19:28.106, 5, 120 MHz, 3996 MHz, 183.38 W, 36
2026/10/08 04:19:28.106, 6, 120 MHz, 3996 MHz, 186.36 W, 32
2026/10/08 04:19:28.106, 7, 120 MHz, 3996 MHz, 185.87 W, 32
2026/10/08 04:19:29.106, 0, 120 MHz, 3996 MHz, 187.21 W, 39
2026/10/08 04:19:29.106, 1, 120 MHz, 3996 MHz, 190.09 W, 41
2026/10/08 04:19:29.106, 2, 2032 MHz, 3996 MHz, 981.01 W, 55
2026/10/08 04:19:29.106, 3, 2032 MHz, 3996 MHz, 974.80 W, 56
2026/10/08 04:19:29.106, 4, 120 MHz, 3996 MHz, 184.59 W, 38
2026/10/08 04:19:29.106, 5, 120 MHz, 3996 MHz, 182.94 W, 36
2026/10/08 04:19:29.106, 6, 120 MHz, 3996 MHz, 186.00 W, 32
2026/10/08 04:19:29.106, 7, 120 MHz, 3996 MHz, 185.91 W, 31
2026/10/08 04:19:30.107, 0, 120 MHz, 3996 MHz, 187.57 W, 40
2026/10/08 04:19:30.107, 1, 120 MHz, 3996 MHz, 190.13 W, 41
2026/10/08 04:19:30.107, 2, 2032 MHz, 3996 MHz, 980.35 W, 55
2026/10/08 04:19:30.107, 3, 2032 MHz, 3996 MHz, 972.85 W, 56
2026/10/08 04:19:30.107, 4, 120 MHz, 3996 MHz, 184.59 W, 38
2026/10/08 04:19:30.107, 5, 120 MHz, 3996 MHz, 183.02 W, 36
2026/10/08 04:19:30.107, 6, 120 MHz, 3996 MHz, 185.90 W, 32
2026/10/08 04:19:30.107, 7, 120 MHz, 3996 MHz, 185.58 W, 31
2026/10/08 04:19:31.107, 0, 120 MHz, 3996 MHz, 188.16 W, 40
2026/10/08 04:19:31.107, 1, 120 MHz, 3996 MHz, 190.17 W, 42
2026/10/08 04:19:31.107, 2, 2032 MHz, 3996 MHz, 982.32 W, 55
2026/10/08 04:19:31.107, 3, 2032 MHz, 3996 MHz, 974.19 W, 56
2026/10/08 04:19:31.107, 4, 120 MHz, 3996 MHz, 184.59 W, 38
2026/10/08 04:19:31.107, 5, 120 MHz, 3996 MHz, 183.02 W, 36
2026/10/08 04:19:31.107, 6, 120 MHz, 3996 MHz, 185.96 W, 32
2026/10/08 04:19:31.107, 7, 120 MHz, 3996 MHz, 185.83 W, 31
2026/10/08 04:19:32.107, 0, 120 MHz, 3996 MHz, 188.00 W, 40
2026/10/08 04:19:32.107, 1, 120 MHz, 3996 MHz, 190.13 W, 42
2026/10/08 04:19:32.107, 2, 1320 MHz, 3996 MHz, 1086.72 W, 63
2026/10/08 04:19:32.107, 3, 1305 MHz, 3996 MHz, 1026.08 W, 63
2026/10/08 04:19:32.107, 4, 120 MHz, 3996 MHz, 184.59 W, 38
2026/10/08 04:19:32.107, 5, 120 MHz, 3996 MHz, 182.76 W, 36
2026/10/08 04:19:32.107, 6, 120 MHz, 3996 MHz, 185.53 W, 32
2026/10/08 04:19:32.107, 7, 120 MHz, 3996 MHz, 185.13 W, 31
2026/10/08 04:19:33.107, 0, 120 MHz, 3996 MHz, 188.23 W, 40
2026/10/08 04:19:33.107, 1, 120 MHz, 3996 MHz, 190.17 W, 42
2026/10/08 04:19:33.107, 2, 1320 MHz, 3996 MHz, 1087.68 W, 63
2026/10/08 04:19:33.107, 3, 1312 MHz, 3996 MHz, 1087.51 W, 63
2026/10/08 04:19:33.107, 4, 120 MHz, 3996 MHz, 184.59 W, 38
2026/10/08 04:19:33.107, 5, 120 MHz, 3996 MHz, 182.82 W, 36
2026/10/08 04:19:33.107, 6, 120 MHz, 3996 MHz, 185.48 W, 32
2026/10/08 04:19:33.107, 7, 120 MHz, 3996 MHz, 185.31 W, 31
2026/10/08 04:19:34.108, 0, 120 MHz, 3996 MHz, 188.27 W, 40
2026/10/08 04:19:34.108, 1, 120 MHz, 3996 MHz, 190.17 W, 42
2026/10/08 04:19:34.108, 2, 2032 MHz, 3996 MHz, 997.22 W, 56
2026/10/08 04:19:34.108, 3, 2002 MHz, 3996 MHz, 1059.65 W, 57
2026/10/08 04:19:34.108, 4, 120 MHz, 3996 MHz, 184.58 W, 38
2026/10/08 04:19:34.108, 5, 120 MHz, 3996 MHz, 182.90 W, 36
2026/10/08 04:19:34.108, 6, 120 MHz, 3996 MHz, 185.26 W, 32
2026/10/08 04:19:34.108, 7, 120 MHz, 3996 MHz, 185.16 W, 31
2026/10/08 04:19:35.108, 0, 120 MHz, 3996 MHz, 188.35 W, 40
2026/10/08 04:19:35.108, 1, 120 MHz, 3996 MHz, 190.17 W, 42
2026/10/08 04:19:35.108, 2, 2032 MHz, 3996 MHz, 976.30 W, 56
2026/10/08 04:19:35.108, 3, 2032 MHz, 3996 MHz, 968.40 W, 56
2026/10/08 04:19:35.108, 4, 120 MHz, 3996 MHz, 184.59 W, 38
2026/10/08 04:19:35.108, 5, 120 MHz, 3996 MHz, 182.99 W, 36
2026/10/08 04:19:35.108, 6, 120 MHz, 3996 MHz, 185.02 W, 32
2026/10/08 04:19:35.108, 7, 120 MHz, 3996 MHz, 184.98 W, 31
2026/10/08 04:19:36.108, 0, 120 MHz, 3996 MHz, 188.35 W, 40
2026/10/08 04:19:36.108, 1, 120 MHz, 3996 MHz, 190.17 W, 42
2026/10/08 04:19:36.108, 2, 2032 MHz, 3996 MHz, 976.77 W, 56
2026/10/08 04:19:36.108, 3, 2032 MHz, 3996 MHz, 970.38 W, 56
2026/10/08 04:19:36.108, 4, 120 MHz, 3996 MHz, 184.59 W, 38
2026/10/08 04:19:36.108, 5, 120 MHz, 3996 MHz, 182.91 W, 36
2026/10/08 04:19:36.108, 6, 120 MHz, 3996 MHz, 184.91 W, 32
2026/10/08 04:19:36.108, 7, 120 MHz, 3996 MHz, 184.94 W, 31
2026/10/08 04:19:37.108, 0, 120 MHz, 3996 MHz, 188.35 W, 40
2026/10/08 04:19:37.109, 1, 120 MHz, 3996 MHz, 190.17 W, 42
2026/10/08 04:19:37.109, 2, 2032 MHz, 3996 MHz, 982.64 W, 56
2026/10/08 04:19:37.109, 3, 2032 MHz, 3996 MHz, 972.07 W, 56
2026/10/08 04:19:37.109, 4, 120 MHz, 3996 MHz, 184.59 W, 38
2026/10/08 04:19:37.109, 5, 120 MHz, 3996 MHz, 182.83 W, 36
2026/10/08 04:19:37.109, 6, 120 MHz, 3996 MHz, 184.87 W, 32
2026/10/08 04:19:37.109, 7, 120 MHz, 3996 MHz, 184.86 W, 31
2026/10/08 04:19:38.109, 0, 120 MHz, 3996 MHz, 188.35 W, 40
2026/10/08 04:19:38.109, 1, 120 MHz, 3996 MHz, 190.17 W, 42
2026/10/08 04:19:38.109, 2, 2032 MHz, 3996 MHz, 983.11 W, 56
2026/10/08 04:19:38.109, 3, 2032 MHz, 3996 MHz, 972.47 W, 56
2026/10/08 04:19:38.109, 4, 120 MHz, 3996 MHz, 184.59 W, 38
2026/10/08 04:19:38.109, 5, 120 MHz, 3996 MHz, 182.98 W, 36
2026/10/08 04:19:38.109, 6, 120 MHz, 3996 MHz, 184.95 W, 32
2026/10/08 04:19:38.109, 7, 120 MHz, 3996 MHz, 184.74 W, 31
2026/10/08 04:19:39.109, 0, 120 MHz, 3996 MHz, 188.35 W, 40
2026/10/08 04:19:39.109, 1, 120 MHz, 3996 MHz, 190.17 W, 42
2026/10/08 04:19:39.109, 2, 2032 MHz, 3996 MHz, 984.15 W, 56
2026/10/08 04:19:39.109, 3, 2032 MHz, 3996 MHz, 974.17 W, 56
2026/10/08 04:19:39.109, 4, 120 MHz, 3996 MHz, 184.59 W, 38
2026/10/08 04:19:39.109, 5, 120 MHz, 3996 MHz, 182.73 W, 36
2026/10/08 04:19:39.109, 6, 120 MHz, 3996 MHz, 184.83 W, 32
2026/10/08 04:19:39.109, 7, 120 MHz, 3996 MHz, 184.74 W, 31
2026/10/08 04:19:40.109, 0, 120 MHz, 3996 MHz, 188.35 W, 41
2026/10/08 04:19:40.109, 1, 120 MHz, 3996 MHz, 190.17 W, 42
2026/10/08 04:19:40.109, 2, 2032 MHz, 3996 MHz, 984.05 W, 56
2026/10/08 04:19:40.109, 3, 2032 MHz, 3996 MHz, 974.70 W, 56
2026/10/08 04:19:40.109, 4, 120 MHz, 3996 MHz, 184.59 W, 38
2026/10/08 04:19:40.109, 5, 120 MHz, 3996 MHz, 182.78 W, 36
2026/10/08 04:19:40.109, 6, 120 MHz, 3996 MHz, 184.83 W, 31
2026/10/08 04:19:40.109, 7, 120 MHz, 3996 MHz, 184.63 W, 31
2026/10/08 04:19:41.110, 0, 120 MHz, 3996 MHz, 188.35 W, 41
2026/10/08 04:19:41.110, 1, 120 MHz, 3996 MHz, 190.17 W, 42
2026/10/08 04:19:41.110, 2, 2032 MHz, 3996 MHz, 982.53 W, 56
2026/10/08 04:19:41.110, 3, 2032 MHz, 3996 MHz, 976.09 W, 56
2026/10/08 04:19:41.110, 4, 120 MHz, 3996 MHz, 184.59 W, 38
2026/10/08 04:19:41.110, 5, 120 MHz, 3996 MHz, 182.90 W, 36
2026/10/08 04:19:41.110, 6, 120 MHz, 3996 MHz, 185.85 W, 31
2026/10/08 04:19:41.110, 7, 120 MHz, 3996 MHz, 185.76 W, 31
2026/10/08 04:19:42.110, 0, 120 MHz, 3996 MHz, 188.35 W, 41
2026/10/08 04:19:42.110, 1, 120 MHz, 3996 MHz, 190.17 W, 43
2026/10/08 04:19:42.110, 2, 2032 MHz, 3996 MHz, 697.64 W, 48
2026/10/08 04:19:42.110, 3, 2032 MHz, 3996 MHz, 977.24 W, 56
2026/10/08 04:19:42.110, 4, 120 MHz, 3996 MHz, 184.59 W, 38
2026/10/08 04:19:42.110, 5, 120 MHz, 3996 MHz, 182.85 W, 36
2026/10/08 04:19:42.110, 6, 120 MHz, 3996 MHz, 186.59 W, 31
2026/10/08 04:19:42.110, 7, 120 MHz, 3996 MHz, 186.42 W, 30
2026/10/08 04:19:43.110, 0, 120 MHz, 3996 MHz, 188.35 W, 41
2026/10/08 04:19:43.110, 1, 120 MHz, 3996 MHz, 190.17 W, 43
2026/10/08 04:19:43.110, 2, 2032 MHz, 3996 MHz, 252.28 W, 45
2026/10/08 04:19:43.110, 3, 2032 MHz, 3996 MHz, 364.80 W, 46
2026/10/08 04:19:43.110, 4, 120 MHz, 3996 MHz, 184.59 W, 38
2026/10/08 04:19:43.110, 5, 120 MHz, 3996 MHz, 182.84 W, 36
2026/10/08 04:19:43.110, 6, 120 MHz, 3996 MHz, 186.00 W, 31
2026/10/08 04:19:43.110, 7, 120 MHz, 3996 MHz, 186.07 W, 30
2026/10/08 04:19:44.111, 0, 120 MHz, 3996 MHz, 188.35 W, 41
2026/10/08 04:19:44.111, 1, 120 MHz, 3996 MHz, 190.17 W, 43
2026/10/08 04:19:44.111, 2, 2032 MHz, 3996 MHz, 255.29 W, 44
2026/10/08 04:19:44.111, 3, 2032 MHz, 3996 MHz, 261.46 W, 45
2026/10/08 04:19:44.111, 4, 120 MHz, 3996 MHz, 184.59 W, 38
2026/10/08 04:19:44.111, 5, 120 MHz, 3996 MHz, 182.80 W, 36
2026/10/08 04:19:44.111, 6, 120 MHz, 3996 MHz, 186.43 W, 31
2026/10/08 04:19:44.111, 7, 120 MHz, 3996 MHz, 186.19 W, 30
2026/10/08 04:19:45.111, 0, 120 MHz, 3996 MHz, 188.35 W, 41
2026/10/08 04:19:45.111, 1, 120 MHz, 3996 MHz, 190.17 W, 43
2026/10/08 04:19:45.111, 2, 2032 MHz, 3996 MHz, 245.93 W, 44
2026/10/08 04:19:45.111, 3, 2032 MHz, 3996 MHz, 248.08 W, 44
2026/10/08 04:19:45.111, 4, 120 MHz, 3996 MHz, 184.59 W, 38
2026/10/08 04:19:45.111, 5, 120 MHz, 3996 MHz, 182.94 W, 36
2026/10/08 04:19:45.111, 6, 120 MHz, 3996 MHz, 185.82 W, 31
2026/10/08 04:19:45.111, 7, 120 MHz, 3996 MHz, 185.92 W, 30
2026/10/08 04:19:46.111, 0, 120 MHz, 3996 MHz, 188.35 W, 41
2026/10/08 04:19:46.111, 1, 120 MHz, 3996 MHz, 190.17 W, 43
2026/10/08 04:19:46.111, 2, 2032 MHz, 3996 MHz, 244.87 W, 43
2026/10/08 04:19:46.111, 3, 2032 MHz, 3996 MHz, 247.16 W, 44
2026/10/08 04:19:46.111, 4, 120 MHz, 3996 MHz, 184.59 W, 38
2026/10/08 04:19:46.111, 5, 120 MHz, 3996 MHz, 182.82 W, 36
2026/10/08 04:19:46.111, 6, 120 MHz, 3996 MHz, 185.79 W, 31
2026/10/08 04:19:46.111, 7, 120 MHz, 3996 MHz, 185.88 W, 30
2026/10/08 04:19:47.112, 0, 120 MHz, 3996 MHz, 188.35 W, 41
2026/10/08 04:19:47.112, 1, 120 MHz, 3996 MHz, 190.17 W, 43
2026/10/08 04:19:47.112, 2, 2032 MHz, 3996 MHz, 244.32 W, 43
2026/10/08 04:19:47.112, 3, 2032 MHz, 3996 MHz, 246.40 W, 43
2026/10/08 04:19:47.112, 4, 120 MHz, 3996 MHz, 184.59 W, 38
2026/10/08 04:19:47.112, 5, 120 MHz, 3996 MHz, 182.83 W, 36
2026/10/08 04:19:47.112, 6, 120 MHz, 3996 MHz, 185.65 W, 31
2026/10/08 04:19:47.112, 7, 120 MHz, 3996 MHz, 185.54 W, 30
2026/10/08 04:19:48.112, 0, 120 MHz, 3996 MHz, 188.35 W, 41
2026/10/08 04:19:48.112, 1, 120 MHz, 3996 MHz, 190.17 W, 43
2026/10/08 04:19:48.112, 2, 2032 MHz, 3996 MHz, 244.40 W, 42
2026/10/08 04:19:48.112, 3, 2032 MHz, 3996 MHz, 246.38 W, 43
2026/10/08 04:19:48.112, 4, 120 MHz, 3996 MHz, 184.59 W, 38
2026/10/08 04:19:48.112, 5, 120 MHz, 3996 MHz, 182.75 W, 36
2026/10/08 04:19:48.112, 6, 120 MHz, 3996 MHz, 185.21 W, 31
2026/10/08 04:19:48.112, 7, 120 MHz, 3996 MHz, 185.68 W, 30
2026/10/08 04:19:49.112, 0, 120 MHz, 3996 MHz, 188.35 W, 41
2026/10/08 04:19:49.112, 1, 120 MHz, 3996 MHz, 190.17 W, 43
2026/10/08 04:19:49.112, 2, 2032 MHz, 3996 MHz, 244.48 W, 42
2026/10/08 04:19:49.112, 3, 2032 MHz, 3996 MHz, 246.41 W, 42
2026/10/08 04:19:49.112, 4, 120 MHz, 3996 MHz, 184.59 W, 38
2026/10/08 04:19:49.112, 5, 120 MHz, 3996 MHz, 182.72 W, 36
2026/10/08 04:19:49.112, 6, 120 MHz, 3996 MHz, 185.25 W, 31
2026/10/08 04:19:49.112, 7, 120 MHz, 3996 MHz, 185.52 W, 30
2026/10/08 04:19:50.112, 0, 120 MHz, 3996 MHz, 188.35 W, 41
2026/10/08 04:19:50.112, 1, 120 MHz, 3996 MHz, 190.17 W, 43
2026/10/08 04:19:50.112, 2, 2025 MHz, 3996 MHz, 243.17 W, 41
2026/10/08 04:19:50.112, 3, 2032 MHz, 3996 MHz, 245.82 W, 42
2026/10/08 04:19:50.112, 4, 120 MHz, 3996 MHz, 184.59 W, 38
2026/10/08 04:19:50.113, 5, 120 MHz, 3996 MHz, 182.83 W, 36
2026/10/08 04:19:50.113, 6, 120 MHz, 3996 MHz, 185.06 W, 31
2026/10/08 04:19:50.113, 7, 120 MHz, 3996 MHz, 185.12 W, 30
2026/10/08 04:19:51.113, 0, 120 MHz, 3996 MHz, 188.35 W, 41
2026/10/08 04:19:51.113, 1, 120 MHz, 3996 MHz, 190.17 W, 43
2026/10/08 04:19:51.113, 2, 322 MHz, 3996 MHz, 202.56 W, 40
2026/10/08 04:19:51.113, 3, 2017 MHz, 3996 MHz, 244.32 W, 41
2026/10/08 04:19:51.113, 4, 120 MHz, 3996 MHz, 184.59 W, 38
2026/10/08 04:19:51.113, 5, 120 MHz, 3996 MHz, 182.82 W, 36
2026/10/08 04:19:51.113, 6, 120 MHz, 3996 MHz, 184.95 W, 31
2026/10/08 04:19:51.113, 7, 120 MHz, 3996 MHz, 184.93 W, 30
2026/10/08 04:19:52.113, 0, 120 MHz, 3996 MHz, 188.35 W, 41
2026/10/08 04:19:52.113, 1, 120 MHz, 3996 MHz, 190.17 W, 43
2026/10/08 04:19:52.113, 2, 202 MHz, 3996 MHz, 190.03 W, 40
2026/10/08 04:19:52.113, 3, 840 MHz, 3996 MHz, 210.78 W, 40
2026/10/08 04:19:52.113, 4, 120 MHz, 3996 MHz, 184.59 W, 37
2026/10/08 04:19:52.113, 5, 120 MHz, 3996 MHz, 182.90 W, 36
2026/10/08 04:19:52.113, 6, 120 MHz, 3996 MHz, 184.98 W, 31
2026/10/08 04:19:52.113, 7, 120 MHz, 3996 MHz, 184.91 W, 30
2026/10/08 04:19:53.113, 0, 120 MHz, 3996 MHz, 188.35 W, 41
2026/10/08 04:19:53.113, 1, 120 MHz, 3996 MHz, 190.17 W, 43
2026/10/08 04:19:53.113, 2, 360 MHz, 3996 MHz, 190.90 W, 39
2026/10/08 04:19:53.113, 3, 840 MHz, 3996 MHz, 195.57 W, 40
2026/10/08 04:19:53.113, 4, 120 MHz, 3996 MHz, 184.59 W, 37
2026/10/08 04:19:53.113, 5, 120 MHz, 3996 MHz, 182.87 W, 36
2026/10/08 04:19:53.113, 6, 120 MHz, 3996 MHz, 184.87 W, 31
2026/10/08 04:19:53.113, 7, 120 MHz, 3996 MHz, 184.75 W, 30
2026/10/08 04:19:54.114, 0, 120 MHz, 3996 MHz, 188.35 W, 41
2026/10/08 04:19:54.114, 1, 120 MHz, 3996 MHz, 190.17 W, 43
2026/10/08 04:19:54.114, 2, 360 MHz, 3996 MHz, 190.78 W, 39
2026/10/08 04:19:54.114, 3, 202 MHz, 3996 MHz, 193.38 W, 39
2026/10/08 04:19:54.114, 4, 120 MHz, 3996 MHz, 184.59 W, 37
2026/10/08 04:19:54.114, 5, 120 MHz, 3996 MHz, 182.74 W, 36
2026/10/08 04:19:54.114, 6, 120 MHz, 3996 MHz, 184.83 W, 31
2026/10/08 04:19:54.114, 7, 120 MHz, 3996 MHz, 184.68 W, 30
2026/10/08 04:19:55.114, 0, 120 MHz, 3996 MHz, 188.35 W, 41
2026/10/08 04:19:55.114, 1, 120 MHz, 3996 MHz, 190.17 W, 43
2026/10/08 04:19:55.114, 2, 120 MHz, 3996 MHz, 188.51 W, 38
2026/10/08 04:19:55.114, 3, 135 MHz, 3996 MHz, 188.01 W, 39
2026/10/08 04:19:55.114, 4, 120 MHz, 3996 MHz, 184.59 W, 37
2026/10/08 04:19:55.114, 5, 120 MHz, 3996 MHz, 182.78 W, 36
2026/10/08 04:19:55.114, 6, 120 MHz, 3996 MHz, 184.83 W, 30
2026/10/08 04:19:55.114, 7, 120 MHz, 3996 MHz, 184.60 W, 29
2026/10/08 04:19:56.114, 0, 120 MHz, 3996 MHz, 188.35 W, 41
2026/10/08 04:19:56.114, 1, 120 MHz, 3996 MHz, 190.17 W, 43
2026/10/08 04:19:56.114, 2, 120 MHz, 3996 MHz, 188.01 W, 38
2026/10/08 04:19:56.114, 3, 120 MHz, 3996 MHz, 188.01 W, 38
2026/10/08 04:19:56.114, 4, 120 MHz, 3996 MHz, 184.59 W, 37
2026/10/08 04:19:56.114, 5, 120 MHz, 3996 MHz, 182.73 W, 36
2026/10/08 04:19:56.114, 6, 120 MHz, 3996 MHz, 184.83 W, 30
2026/10/08 04:19:56.114, 7, 120 MHz, 3996 MHz, 184.60 W, 29
2026/10/08 04:19:57.114, 0, 120 MHz, 3996 MHz, 188.35 W, 41
2026/10/08 04:19:57.114, 1, 120 MHz, 3996 MHz, 190.17 W, 43
2026/10/08 04:19:57.114, 2, 120 MHz, 3996 MHz, 188.01 W, 38
2026/10/08 04:19:57.115, 3, 120 MHz, 3996 MHz, 188.01 W, 38
2026/10/08 04:19:57.115, 4, 120 MHz, 3996 MHz, 184.59 W, 37
2026/10/08 04:19:57.115, 5, 120 MHz, 3996 MHz, 182.71 W, 35
2026/10/08 04:19:57.115, 6, 120 MHz, 3996 MHz, 184.83 W, 30
2026/10/08 04:19:57.115, 7, 120 MHz, 3996 MHz, 184.59 W, 29
2026/10/08 04:19:58.115, 0, 120 MHz, 3996 MHz, 188.35 W, 41
2026/10/08 04:19:58.115, 1, 120 MHz, 3996 MHz, 190.17 W, 43
2026/10/08 04:19:58.115, 2, 120 MHz, 3996 MHz, 188.01 W, 37
2026/10/08 04:19:58.115, 3, 120 MHz, 3996 MHz, 187.69 W, 38
2026/10/08 04:19:58.115, 4, 120 MHz, 3996 MHz, 184.59 W, 37
2026/10/08 04:19:58.115, 5, 120 MHz, 3996 MHz, 182.69 W, 35
2026/10/08 04:19:58.115, 6, 120 MHz, 3996 MHz, 184.83 W, 30
2026/10/08 04:19:58.115, 7, 120 MHz, 3996 MHz, 184.60 W, 29
2026/10/08 04:19:59.115, 0, 120 MHz, 3996 MHz, 188.35 W, 41
2026/10/08 04:19:59.115, 1, 120 MHz, 3996 MHz, 190.17 W, 43
2026/10/08 04:19:59.115, 2, 120 MHz, 3996 MHz, 188.01 W, 37
2026/10/08 04:19:59.115, 3, 120 MHz, 3996 MHz, 187.07 W, 37
2026/10/08 04:19:59.115, 4, 120 MHz, 3996 MHz, 184.59 W, 37
2026/10/08 04:19:59.115, 5, 120 MHz, 3996 MHz, 182.71 W, 35
2026/10/08 04:19:59.115, 6, 120 MHz, 3996 MHz, 184.83 W, 30
2026/10/08 04:19:59.115, 7, 120 MHz, 3996 MHz, 184.59 W, 29
2026/10/08 04:20:00.115, 0, 120 MHz, 3996 MHz, 188.35 W, 41
2026/10/08 04:20:00.115, 1, 120 MHz, 3996 MHz, 190.17 W, 43
2026/10/08 04:20:00.115, 2, 120 MHz, 3996 MHz, 188.01 W, 37
2026/10/08 04:20:00.115, 3, 120 MHz, 3996 MHz, 186.59 W, 37
2026/10/08 04:20:00.115, 4, 120 MHz, 3996 MHz, 184.59 W, 37
2026/10/08 04:20:00.115, 5, 120 MHz, 3996 MHz, 182.69 W, 35
2026/10/08 04:20:00.115, 6, 120 MHz, 3996 MHz, 184.83 W, 30
2026/10/08 04:20:00.115, 7, 120 MHz, 3996 MHz, 184.59 W, 29
2026/10/08 04:20:01.115, 0, 120 MHz, 3996 MHz, 188.35 W, 41
2026/10/08 04:20:01.116, 1, 120 MHz, 3996 MHz, 190.17 W, 43
2026/10/08 04:20:01.116, 2, 120 MHz, 3996 MHz, 188.01 W, 36
2026/10/08 04:20:01.116, 3, 120 MHz, 3996 MHz, 186.31 W, 37
2026/10/08 04:20:01.116, 4, 120 MHz, 3996 MHz, 184.59 W, 37
2026/10/08 04:20:01.116, 5, 120 MHz, 3996 MHz, 182.73 W, 35
2026/10/08 04:20:01.116, 6, 120 MHz, 3996 MHz, 184.83 W, 30
2026/10/08 04:20:01.116, 7, 120 MHz, 3996 MHz, 184.60 W, 29
2026/10/08 04:20:02.116, 0, 120 MHz, 3996 MHz, 188.35 W, 41
2026/10/08 04:20:02.116, 1, 120 MHz, 3996 MHz, 190.17 W, 42
2026/10/08 04:20:02.116, 2, 120 MHz, 3996 MHz, 188.01 W, 36
2026/10/08 04:20:02.116, 3, 120 MHz, 3996 MHz, 186.36 W, 36
2026/10/08 04:20:02.116, 4, 120 MHz, 3996 MHz, 184.59 W, 37
2026/10/08 04:20:02.116, 5, 120 MHz, 3996 MHz, 182.69 W, 35
2026/10/08 04:20:02.116, 6, 120 MHz, 3996 MHz, 184.83 W, 30
2026/10/08 04:20:02.116, 7, 120 MHz, 3996 MHz, 184.60 W, 29
2026/10/08 04:20:03.116, 0, 120 MHz, 3996 MHz, 188.35 W, 41
2026/10/08 04:20:03.116, 1, 120 MHz, 3996 MHz, 190.17 W, 42
2026/10/08 04:20:03.116, 2, 120 MHz, 3996 MHz, 187.97 W, 36
2026/10/08 04:20:03.116, 3, 120 MHz, 3996 MHz, 186.12 W, 36
2026/10/08 04:20:03.116, 4, 120 MHz, 3996 MHz, 184.47 W, 37
2026/10/08 04:20:03.116, 5, 120 MHz, 3996 MHz, 182.68 W, 35
2026/10/08 04:20:03.116, 6, 120 MHz, 3996 MHz, 184.83 W, 30
2026/10/08 04:20:03.116, 7, 120 MHz, 3996 MHz, 184.60 W, 29
2026/10/08 04:20:04.117, 0, 120 MHz, 3996 MHz, 188.35 W, 41
2026/10/08 04:20:04.117, 1, 120 MHz, 3996 MHz, 190.17 W, 42
2026/10/08 04:20:04.117, 2, 120 MHz, 3996 MHz, 187.81 W, 36
2026/10/08 04:20:04.117, 3, 120 MHz, 3996 MHz, 186.13 W, 36
2026/10/08 04:20:04.117, 4, 120 MHz, 3996 MHz, 184.32 W, 37
2026/10/08 04:20:04.117, 5, 120 MHz, 3996 MHz, 182.76 W, 35
2026/10/08 04:20:04.117, 6, 120 MHz, 3996 MHz, 184.83 W, 30
2026/10/08 04:20:04.117, 7, 120 MHz, 3996 MHz, 184.60 W, 29
2026/10/08 04:20:05.117, 0, 120 MHz, 3996 MHz, 188.35 W, 40
2026/10/08 04:20:05.117, 1, 120 MHz, 3996 MHz, 190.17 W, 42
2026/10/08 04:20:05.117, 2, 120 MHz, 3996 MHz, 187.13 W, 35
2026/10/08 04:20:05.117, 3, 120 MHz, 3996 MHz, 186.05 W, 36
2026/10/08 04:20:05.117, 4, 120 MHz, 3996 MHz, 184.13 W, 37
2026/10/08 04:20:05.117, 5, 120 MHz, 3996 MHz, 182.77 W, 35
2026/10/08 04:20:05.117, 6, 120 MHz, 3996 MHz, 184.83 W, 30
2026/10/08 04:20:05.117, 7, 120 MHz, 3996 MHz, 184.60 W, 29
2026/10/08 04:20:06.117, 0, 120 MHz, 3996 MHz, 188.35 W, 40
2026/10/08 04:20:06.117, 1, 120 MHz, 3996 MHz, 190.17 W, 42
2026/10/08 04:20:06.117, 2, 120 MHz, 3996 MHz, 186.75 W, 35
2026/10/08 04:20:06.117, 3, 120 MHz, 3996 MHz, 186.05 W, 35
2026/10/08 04:20:06.117, 4, 120 MHz, 3996 MHz, 183.90 W, 37
2026/10/08 04:20:06.117, 5, 120 MHz, 3996 MHz, 182.76 W, 35
2026/10/08 04:20:06.117, 6, 120 MHz, 3996 MHz, 184.83 W, 30
2026/10/08 04:20:06.117, 7, 120 MHz, 3996 MHz, 184.59 W, 29
2026/10/08 04:20:07.117, 0, 120 MHz, 3996 MHz, 188.35 W, 40
2026/10/08 04:20:07.118, 1, 120 MHz, 3996 MHz, 190.17 W, 42
2026/10/08 04:20:07.118, 2, 120 MHz, 3996 MHz, 187.61 W, 35
2026/10/08 04:20:07.118, 3, 120 MHz, 3996 MHz, 186.05 W, 35
2026/10/08 04:20:07.118, 4, 120 MHz, 3996 MHz, 183.75 W, 37
2026/10/08 04:20:07.118, 5, 120 MHz, 3996 MHz, 182.72 W, 35
2026/10/08 04:20:07.118, 6, 120 MHz, 3996 MHz, 184.83 W, 30
2026/10/08 04:20:07.118, 7, 120 MHz, 3996 MHz, 184.61 W, 29
2026/10/08 04:20:08.118, 0, 120 MHz, 3996 MHz, 188.35 W, 40
2026/10/08 04:20:08.118, 1, 120 MHz, 3996 MHz, 190.17 W, 42
2026/10/08 04:20:08.118, 2, 120 MHz, 3996 MHz, 187.19 W, 35
2026/10/08 04:20:08.118, 3, 120 MHz, 3996 MHz, 186.05 W, 35
2026/10/08 04:20:08.118, 4, 120 MHz, 3996 MHz, 183.35 W, 37
2026/10/08 04:20:08.118, 5, 120 MHz, 3996 MHz, 182.65 W, 35
2026/10/08 04:20:08.118, 6, 120 MHz, 3996 MHz, 184.83 W, 30
2026/10/08 04:20:08.118, 7, 120 MHz, 3996 MHz, 184.59 W, 29
2026/10/08 04:20:09.118, 0, 120 MHz, 3996 MHz, 188.35 W, 40
2026/10/08 04:20:09.118, 1, 120 MHz, 3996 MHz, 190.17 W, 42
2026/10/08 04:20:09.118, 2, 120 MHz, 3996 MHz, 186.51 W, 34
2026/10/08 04:20:09.118, 3, 120 MHz, 3996 MHz, 186.05 W, 35
2026/10/08 04:20:09.118, 4, 120 MHz, 3996 MHz, 183.41 W, 36
2026/10/08 04:20:09.118, 5, 120 MHz, 3996 MHz, 182.69 W, 35
2026/10/08 04:20:09.118, 6, 120 MHz, 3996 MHz, 184.83 W, 30
2026/10/08 04:20:09.118, 7, 120 MHz, 3996 MHz, 184.62 W, 28
2026/10/08 04:20:10.118, 0, 120 MHz, 3996 MHz, 188.23 W, 40
2026/10/08 04:20:10.119, 1, 120 MHz, 3996 MHz, 190.17 W, 42
2026/10/08 04:20:10.119, 2, 120 MHz, 3996 MHz, 186.20 W, 34
2026/10/08 04:20:10.119, 3, 120 MHz, 3996 MHz, 186.05 W, 34
2026/10/08 04:20:10.119, 4, 120 MHz, 3996 MHz, 183.29 W, 36
2026/10/08 04:20:10.119, 5, 120 MHz, 3996 MHz, 182.69 W, 35
2026/10/08 04:20:10.119, 6, 120 MHz, 3996 MHz, 184.83 W, 30
2026/10/08 04:20:10.119, 7, 120 MHz, 3996 MHz, 184.60 W, 28
2026/10/08 04:20:11.119, 0, 120 MHz, 3996 MHz, 188.27 W, 40
2026/10/08 04:20:11.119, 1, 120 MHz, 3996 MHz, 190.17 W, 42
2026/10/08 04:20:11.119, 2, 120 MHz, 3996 MHz, 186.09 W, 34
2026/10/08 04:20:11.119, 3, 120 MHz, 3996 MHz, 186.05 W, 34
2026/10/08 04:20:11.119, 4, 120 MHz, 3996 MHz, 183.11 W, 36
2026/10/08 04:20:11.119, 5, 120 MHz, 3996 MHz, 182.65 W, 35
2026/10/08 04:20:11.119, 6, 120 MHz, 3996 MHz, 184.83 W, 29
2026/10/08 04:20:11.119, 7, 120 MHz, 3996 MHz, 184.62 W, 28
2026/10/08 04:20:12.119, 0, 120 MHz, 3996 MHz, 188.16 W, 40
2026/10/08 04:20:12.119, 1, 120 MHz, 3996 MHz, 190.17 W, 41
2026/10/08 04:20:12.119, 2, 120 MHz, 3996 MHz, 186.05 W, 34
2026/10/08 04:20:12.119, 3, 120 MHz, 3996 MHz, 185.97 W, 34
2026/10/08 04:20:12.119, 4, 120 MHz, 3996 MHz, 183.12 W, 36
2026/10/08 04:20:12.119, 5, 120 MHz, 3996 MHz, 182.73 W, 35
2026/10/08 04:20:12.119, 6, 120 MHz, 3996 MHz, 184.83 W, 29
2026/10/08 04:20:12.119, 7, 120 MHz, 3996 MHz, 184.61 W, 28
2026/10/08 04:20:13.119, 0, 120 MHz, 3996 MHz, 187.93 W, 39
2026/10/08 04:20:13.120, 1, 120 MHz, 3996 MHz, 190.13 W, 41
2026/10/08 04:20:13.120, 2, 120 MHz, 3996 MHz, 185.99 W, 34
2026/10/08 04:20:13.120, 3, 2032 MHz, 3996 MHz, 212.28 W, 35
2026/10/08 04:20:13.120, 4, 120 MHz, 3996 MHz, 183.03 W, 36
2026/10/08 04:20:13.120, 5, 120 MHz, 3996 MHz, 182.65 W, 35
2026/10/08 04:20:13.120, 6, 120 MHz, 3996 MHz, 184.83 W, 29
2026/10/08 04:20:13.120, 7, 120 MHz, 3996 MHz, 184.64 W, 28
2026/10/08 04:20:14.120, 0, 120 MHz, 3996 MHz, 187.82 W, 39
2026/10/08 04:20:14.120, 1, 120 MHz, 3996 MHz, 190.13 W, 41
2026/10/08 04:20:14.120, 2, 120 MHz, 3996 MHz, 185.93 W, 33
2026/10/08 04:20:14.120, 3, 2032 MHz, 3996 MHz, 238.77 W, 35
2026/10/08 04:20:14.120, 4, 120 MHz, 3996 MHz, 182.92 W, 36
2026/10/08 04:20:14.120, 5, 120 MHz, 3996 MHz, 182.65 W, 34
2026/10/08 04:20:14.120, 6, 120 MHz, 3996 MHz, 184.83 W, 29
2026/10/08 04:20:14.120, 7, 120 MHz, 3996 MHz, 184.62 W, 28
2026/10/08 04:20:15.120, 0, 120 MHz, 3996 MHz, 187.53 W, 39
2026/10/08 04:20:15.120, 1, 120 MHz, 3996 MHz, 190.09 W, 41
2026/10/08 04:20:15.120, 2, 120 MHz, 3996 MHz, 185.93 W, 33
2026/10/08 04:20:15.120, 3, 2032 MHz, 3996 MHz, 238.77 W, 34
2026/10/08 04:20:15.120, 4, 120 MHz, 3996 MHz, 182.88 W, 36
2026/10/08 04:20:15.120, 5, 120 MHz, 3996 MHz, 182.65 W, 34
2026/10/08 04:20:15.120, 6, 120 MHz, 3996 MHz, 184.83 W, 29
2026/10/08 04:20:15.120, 7, 120 MHz, 3996 MHz, 184.61 W, 28
2026/10/08 04:20:16.120, 0, 120 MHz, 3996 MHz, 187.21 W, 39
2026/10/08 04:20:16.120, 1, 120 MHz, 3996 MHz, 190.01 W, 41
2026/10/08 04:20:16.120, 2, 2032 MHz, 3996 MHz, 221.97 W, 34
2026/10/08 04:20:16.120, 3, 2032 MHz, 3996 MHz, 239.75 W, 34
2026/10/08 04:20:16.120, 4, 120 MHz, 3996 MHz, 184.55 W, 36
2026/10/08 04:20:16.120, 5, 120 MHz, 3996 MHz, 182.61 W, 34
2026/10/08 04:20:16.120, 6, 120 MHz, 3996 MHz, 184.83 W, 29
2026/10/08 04:20:16.120, 7, 120 MHz, 3996 MHz, 184.60 W, 28
2026/10/08 04:20:17.121, 0, 120 MHz, 3996 MHz, 186.88 W, 39
2026/10/08 04:20:17.121, 1, 120 MHz, 3996 MHz, 189.52 W, 41
2026/10/08 04:20:17.121, 2, 2032 MHz, 3996 MHz, 237.18 W, 34
2026/10/08 04:20:17.121, 3, 2032 MHz, 3996 MHz, 239.63 W, 34
2026/10/08 04:20:17.121, 4, 120 MHz, 3996 MHz, 184.59 W, 36
2026/10/08 04:20:17.121, 5, 120 MHz, 3996 MHz, 182.65 W, 34
2026/10/08 04:20:17.121, 6, 120 MHz, 3996 MHz, 184.83 W, 29
2026/10/08 04:20:17.121, 7, 120 MHz, 3996 MHz, 184.60 W, 28
2026/10/08 04:20:18.121, 0, 120 MHz, 3996 MHz, 186.52 W, 39
2026/10/08 04:20:18.121, 1, 120 MHz, 3996 MHz, 189.27 W, 41
2026/10/08 04:20:18.121, 2, 2032 MHz, 3996 MHz, 237.15 W, 34
2026/10/08 04:20:18.121, 3, 2032 MHz, 3996 MHz, 239.16 W, 34
2026/10/08 04:20:18.121, 4, 120 MHz, 3996 MHz, 184.47 W, 36
2026/10/08 04:20:18.121, 5, 120 MHz, 3996 MHz, 182.65 W, 34
2026/10/08 04:20:18.121, 6, 120 MHz, 3996 MHz, 184.83 W, 29
2026/10/08 04:20:18.121, 7, 120 MHz, 3996 MHz, 184.63 W, 28
2026/10/08 04:20:19.121, 0, 120 MHz, 3996 MHz, 186.45 W, 39
2026/10/08 04:20:19.121, 1, 120 MHz, 3996 MHz, 188.53 W, 41
2026/10/08 04:20:19.121, 2, 2032 MHz, 3996 MHz, 238.70 W, 34
2026/10/08 04:20:19.121, 3, 2032 MHz, 3996 MHz, 257.03 W, 34
2026/10/08 04:20:19.121, 4, 120 MHz, 3996 MHz, 184.59 W, 36
2026/10/08 04:20:19.121, 5, 120 MHz, 3996 MHz, 182.65 W, 34
2026/10/08 04:20:19.121, 6, 120 MHz, 3996 MHz, 184.83 W, 29
2026/10/08 04:20:19.121, 7, 120 MHz, 3996 MHz, 184.62 W, 28
2026/10/08 04:20:20.121, 0, 120 MHz, 3996 MHz, 186.41 W, 39
2026/10/08 04:20:20.121, 1, 120 MHz, 3996 MHz, 188.69 W, 40
2026/10/08 04:20:20.121, 2, 2032 MHz, 3996 MHz, 238.61 W, 34
2026/10/08 04:20:20.121, 3, 2032 MHz, 3996 MHz, 238.81 W, 34
2026/10/08 04:20:20.121, 4, 120 MHz, 3996 MHz, 184.44 W, 36
2026/10/08 04:20:20.121, 5, 120 MHz, 3996 MHz, 182.65 W, 34
2026/10/08 04:20:20.121, 6, 120 MHz, 3996 MHz, 184.83 W, 29
2026/10/08 04:20:20.122, 7, 120 MHz, 3996 MHz, 184.64 W, 28
2026/10/08 04:20:21.122, 0, 120 MHz, 3996 MHz, 186.41 W, 38
2026/10/08 04:20:21.122, 1, 120 MHz, 3996 MHz, 188.42 W, 40
2026/10/08 04:20:21.122, 2, 2032 MHz, 3996 MHz, 256.69 W, 34
2026/10/08 04:20:21.122, 3, 2032 MHz, 3996 MHz, 238.71 W, 34
2026/10/08 04:20:21.122, 4, 120 MHz, 3996 MHz, 184.14 W, 36
2026/10/08 04:20:21.122, 5, 120 MHz, 3996 MHz, 182.62 W, 34
2026/10/08 04:20:21.122, 6, 120 MHz, 3996 MHz, 184.83 W, 29
2026/10/08 04:20:21.122, 7, 120 MHz, 3996 MHz, 184.66 W, 28
2026/10/08 04:20:22.122, 0, 120 MHz, 3996 MHz, 186.41 W, 38
2026/10/08 04:20:22.122, 1, 120 MHz, 3996 MHz, 188.23 W, 40
2026/10/08 04:20:22.122, 2, 2032 MHz, 3996 MHz, 237.10 W, 33
2026/10/08 04:20:22.122, 3, 2032 MHz, 3996 MHz, 257.03 W, 34
2026/10/08 04:20:22.122, 4, 120 MHz, 3996 MHz, 184.24 W, 36
2026/10/08 04:20:22.122, 5, 120 MHz, 3996 MHz, 182.69 W, 34
2026/10/08 04:20:22.122, 6, 120 MHz, 3996 MHz, 184.83 W, 29
2026/10/08 04:20:22.122, 7, 120 MHz, 3996 MHz, 184.65 W, 28
2026/10/08 04:20:23.122, 0, 120 MHz, 3996 MHz, 186.41 W, 38
2026/10/08 04:20:23.122, 1, 120 MHz, 3996 MHz, 188.23 W, 40
2026/10/08 04:20:23.122, 2, 2032 MHz, 3996 MHz, 253.05 W, 33
2026/10/08 04:20:23.122, 3, 2032 MHz, 3996 MHz, 242.81 W, 34
2026/10/08 04:20:23.122, 4, 120 MHz, 3996 MHz, 183.98 W, 36
2026/10/08 04:20:23.122, 5, 120 MHz, 3996 MHz, 182.65 W, 34
2026/10/08 04:20:23.122, 6, 120 MHz, 3996 MHz, 184.83 W, 29
2026/10/08 04:20:23.122, 7, 120 MHz, 3996 MHz, 184.66 W, 28
2026/10/08 04:20:24.122, 0, 120 MHz, 3996 MHz, 186.41 W, 38
2026/10/08 04:20:24.123, 1, 120 MHz, 3996 MHz, 188.27 W, 40
2026/10/08 04:20:24.123, 2, 2032 MHz, 3996 MHz, 256.74 W, 36
2026/10/08 04:20:24.123, 3, 2032 MHz, 3996 MHz, 243.73 W, 34
2026/10/08 04:20:24.123, 4, 120 MHz, 3996 MHz, 184.28 W, 36
2026/10/08 04:20:24.123, 5, 120 MHz, 3996 MHz, 182.65 W, 34
2026/10/08 04:20:24.123, 6, 120 MHz, 3996 MHz, 184.83 W, 29
2026/10/08 04:20:24.123, 7, 120 MHz, 3996 MHz, 184.62 W, 28
2026/10/08 04:20:25.123, 0, 120 MHz, 3996 MHz, 186.41 W, 38
2026/10/08 04:20:25.123, 1, 120 MHz, 3996 MHz, 188.23 W, 40
2026/10/08 04:20:25.123, 2, 2032 MHz, 3996 MHz, 241.55 W, 33
2026/10/08 04:20:25.123, 3, 2032 MHz, 3996 MHz, 240.21 W, 33
2026/10/08 04:20:25.123, 4, 120 MHz, 3996 MHz, 183.87 W, 36
2026/10/08 04:20:25.123, 5, 120 MHz, 3996 MHz, 182.65 W, 34
2026/10/08 04:20:25.123, 6, 120 MHz, 3996 MHz, 184.83 W, 29
2026/10/08 04:20:25.123, 7, 120 MHz, 3996 MHz, 184.61 W, 28
2026/10/08 04:20:26.123, 0, 120 MHz, 3996 MHz, 186.41 W, 38
2026/10/08 04:20:26.123, 1, 120 MHz, 3996 MHz, 188.23 W, 40
2026/10/08 04:20:26.123, 2, 2032 MHz, 3996 MHz, 241.04 W, 33
2026/10/08 04:20:26.123, 3, 2032 MHz, 3996 MHz, 238.41 W, 33
2026/10/08 04:20:26.123, 4, 120 MHz, 3996 MHz, 183.74 W, 35
2026/10/08 04:20:26.123, 5, 120 MHz, 3996 MHz, 182.65 W, 34
2026/10/08 04:20:26.123, 6, 120 MHz, 3996 MHz, 184.83 W, 29
2026/10/08 04:20:26.123, 7, 120 MHz, 3996 MHz, 184.60 W, 28
2026/10/08 04:20:27.123, 0, 120 MHz, 3996 MHz, 186.41 W, 38
2026/10/08 04:20:27.123, 1, 120 MHz, 3996 MHz, 188.23 W, 40
2026/10/08 04:20:27.123, 2, 2032 MHz, 3996 MHz, 241.67 W, 33
2026/10/08 04:20:27.123, 3, 2032 MHz, 3996 MHz, 238.19 W, 33
2026/10/08 04:20:27.123, 4, 120 MHz, 3996 MHz, 183.55 W, 35
2026/10/08 04:20:27.123, 5, 120 MHz, 3996 MHz, 182.65 W, 34
2026/10/08 04:20:27.123, 6, 120 MHz, 3996 MHz, 184.83 W, 29
2026/10/08 04:20:27.124, 7, 120 MHz, 3996 MHz, 184.60 W, 28
2026/10/08 04:20:28.124, 0, 120 MHz, 3996 MHz, 186.41 W, 38
2026/10/08 04:20:28.124, 1, 120 MHz, 3996 MHz, 188.23 W, 40
2026/10/08 04:20:28.124, 2, 2032 MHz, 3996 MHz, 238.43 W, 33
2026/10/08 04:20:28.124, 3, 2032 MHz, 3996 MHz, 238.88 W, 33
2026/10/08 04:20:28.124, 4, 120 MHz, 3996 MHz, 183.52 W, 35
2026/10/08 04:20:28.124, 5, 120 MHz, 3996 MHz, 182.61 W, 34
2026/10/08 04:20:28.124, 6, 120 MHz, 3996 MHz, 184.83 W, 29
2026/10/08 04:20:28.124, 7, 120 MHz, 3996 MHz, 184.61 W, 28
2026/10/08 04:20:29.124, 0, 120 MHz, 3996 MHz, 186.41 W, 38
2026/10/08 04:20:29.124, 1, 120 MHz, 3996 MHz, 188.23 W, 39
2026/10/08 04:20:29.124, 2, 2032 MHz, 3996 MHz, 236.64 W, 33
2026/10/08 04:20:29.124, 3, 2032 MHz, 3996 MHz, 246.41 W, 34
2026/10/08 04:20:29.124, 4, 120 MHz, 3996 MHz, 183.54 W, 35
2026/10/08 04:20:29.124, 5, 120 MHz, 3996 MHz, 182.65 W, 34
2026/10/08 04:20:29.124, 6, 120 MHz, 3996 MHz, 184.83 W, 29
2026/10/08 04:20:29.124, 7, 120 MHz, 3996 MHz, 184.60 W, 28
2026/10/08 04:20:30.124, 0, 120 MHz, 3996 MHz, 186.41 W, 37
2026/10/08 04:20:30.124, 1, 120 MHz, 3996 MHz, 188.23 W, 39
2026/10/08 04:20:30.124, 2, 2032 MHz, 3996 MHz, 236.95 W, 33
2026/10/08 04:20:30.124, 3, 2032 MHz, 3996 MHz, 238.48 W, 33
2026/10/08 04:20:30.124, 4, 120 MHz, 3996 MHz, 183.31 W, 35
2026/10/08 04:20:30.124, 5, 120 MHz, 3996 MHz, 182.65 W, 34
2026/10/08 04:20:30.124, 6, 120 MHz, 3996 MHz, 184.83 W, 29
2026/10/08 04:20:30.124, 7, 120 MHz, 3996 MHz, 184.59 W, 28
2026/10/08 04:20:31.125, 0, 120 MHz, 3996 MHz, 186.41 W, 37
2026/10/08 04:20:31.125, 1, 120 MHz, 3996 MHz, 188.23 W, 39
2026/10/08 04:20:31.125, 2, 2032 MHz, 3996 MHz, 237.03 W, 32
2026/10/08 04:20:31.125, 3, 2032 MHz, 3996 MHz, 237.77 W, 33
2026/10/08 04:20:31.125, 4, 120 MHz, 3996 MHz, 182.87 W, 35
2026/10/08 04:20:31.125, 5, 120 MHz, 3996 MHz, 182.65 W, 34
2026/10/08 04:20:31.125, 6, 120 MHz, 3996 MHz, 184.83 W, 29
2026/10/08 04:20:31.125, 7, 120 MHz, 3996 MHz, 184.59 W, 28
2026/10/08 04:20:32.125, 0, 120 MHz, 3996 MHz, 186.41 W, 37
2026/10/08 04:20:32.125, 1, 120 MHz, 3996 MHz, 188.23 W, 39
2026/10/08 04:20:32.125, 2, 2032 MHz, 3996 MHz, 245.26 W, 33
2026/10/08 04:20:32.125, 3, 2032 MHz, 3996 MHz, 237.67 W, 33
2026/10/08 04:20:32.125, 4, 120 MHz, 3996 MHz, 182.91 W, 35
2026/10/08 04:20:32.125, 5, 120 MHz, 3996 MHz, 182.64 W, 34
2026/10/08 04:20:32.125, 6, 120 MHz, 3996 MHz, 184.83 W, 29
2026/10/08 04:20:32.125, 7, 120 MHz, 3996 MHz, 184.60 W, 28
2026/10/08 04:20:33.125, 0, 120 MHz, 3996 MHz, 186.41 W, 37
2026/10/08 04:20:33.125, 1, 120 MHz, 3996 MHz, 188.23 W, 39
2026/10/08 04:20:33.125, 2, 2032 MHz, 3996 MHz, 236.70 W, 32
2026/10/08 04:20:33.125, 3, 2032 MHz, 3996 MHz, 237.44 W, 32
2026/10/08 04:20:33.125, 4, 120 MHz, 3996 MHz, 182.72 W, 35
2026/10/08 04:20:33.125, 5, 120 MHz, 3996 MHz, 182.61 W, 34
2026/10/08 04:20:33.125, 6, 120 MHz, 3996 MHz, 184.83 W, 29
2026/10/08 04:20:33.125, 7, 120 MHz, 3996 MHz, 184.61 W, 28
2026/10/08 04:20:34.125, 0, 120 MHz, 3996 MHz, 186.41 W, 37
2026/10/08 04:20:34.125, 1, 120 MHz, 3996 MHz, 188.23 W, 39
2026/10/08 04:20:34.125, 2, 2032 MHz, 3996 MHz, 242.63 W, 32
2026/10/08 04:20:34.125, 3, 2032 MHz, 3996 MHz, 237.22 W, 32
2026/10/08 04:20:34.126, 4, 120 MHz, 3996 MHz, 182.65 W, 35
2026/10/08 04:20:34.126, 5, 120 MHz, 3996 MHz, 182.65 W, 34
2026/10/08 04:20:34.126, 6, 120 MHz, 3996 MHz, 184.83 W, 29
2026/10/08 04:20:34.126, 7, 120 MHz, 3996 MHz, 184.60 W, 27
2026/10/08 04:20:35.126, 0, 120 MHz, 3996 MHz, 186.41 W, 37
2026/10/08 04:20:35.126, 1, 120 MHz, 3996 MHz, 188.23 W, 39
2026/10/08 04:20:35.126, 2, 2032 MHz, 3996 MHz, 239.20 W, 32
2026/10/08 04:20:35.126, 3, 2032 MHz, 3996 MHz, 244.29 W, 32
2026/10/08 04:20:35.126, 4, 120 MHz, 3996 MHz, 182.68 W, 35
2026/10/08 04:20:35.126, 5, 120 MHz, 3996 MHz, 182.65 W, 33
2026/10/08 04:20:35.126, 6, 120 MHz, 3996 MHz, 184.83 W, 29
2026/10/08 04:20:35.126, 7, 120 MHz, 3996 MHz, 184.61 W, 27
2026/10/08 04:20:36.126, 0, 120 MHz, 3996 MHz, 186.41 W, 37
2026/10/08 04:20:36.126, 1, 120 MHz, 3996 MHz, 188.23 W, 39
2026/10/08 04:20:36.126, 2, 2032 MHz, 3996 MHz, 236.66 W, 32
2026/10/08 04:20:36.126, 3, 2032 MHz, 3996 MHz, 236.70 W, 32
2026/10/08 04:20:36.126, 4, 120 MHz, 3996 MHz, 182.64 W, 35
2026/10/08 04:20:36.126, 5, 120 MHz, 3996 MHz, 182.61 W, 33
2026/10/08 04:20:36.126, 6, 120 MHz, 3996 MHz, 184.83 W, 29
2026/10/08 04:20:36.126, 7, 120 MHz, 3996 MHz, 184.61 W, 27
2026/10/08 04:20:37.126, 0, 120 MHz, 3996 MHz, 186.41 W, 37
2026/10/08 04:20:37.126, 1, 120 MHz, 3996 MHz, 188.23 W, 39
2026/10/08 04:20:37.126, 2, 2032 MHz, 3996 MHz, 236.66 W, 32
2026/10/08 04:20:37.126, 3, 2032 MHz, 3996 MHz, 236.66 W, 32
2026/10/08 04:20:37.126, 4, 120 MHz, 3996 MHz, 182.65 W, 35
2026/10/08 04:20:37.126, 5, 120 MHz, 3996 MHz, 182.61 W, 33
2026/10/08 04:20:37.126, 6, 120 MHz, 3996 MHz, 184.83 W, 29
2026/10/08 04:20:37.126, 7, 120 MHz, 3996 MHz, 184.65 W, 27
2026/10/08 04:20:38.127, 0, 120 MHz, 3996 MHz, 186.41 W, 37
2026/10/08 04:20:38.127, 1, 120 MHz, 3996 MHz, 188.23 W, 38
2026/10/08 04:20:38.127, 2, 2032 MHz, 3996 MHz, 236.62 W, 32
2026/10/08 04:20:38.127, 3, 2032 MHz, 3996 MHz, 236.66 W, 32
2026/10/08 04:20:38.127, 4, 120 MHz, 3996 MHz, 182.64 W, 35
2026/10/08 04:20:38.127, 5, 120 MHz, 3996 MHz, 182.65 W, 33
2026/10/08 04:20:38.127, 6, 120 MHz, 3996 MHz, 184.83 W, 29
2026/10/08 04:20:38.127, 7, 120 MHz, 3996 MHz, 184.64 W, 27
2026/10/08 04:20:39.127, 0, 120 MHz, 3996 MHz, 186.41 W, 36
2026/10/08 04:20:39.127, 1, 120 MHz, 3996 MHz, 188.23 W, 38
2026/10/08 04:20:39.127, 2, 2032 MHz, 3996 MHz, 236.58 W, 32
2026/10/08 04:20:39.127, 3, 2032 MHz, 3996 MHz, 236.66 W, 32
2026/10/08 04:20:39.127, 4, 120 MHz, 3996 MHz, 182.64 W, 35
2026/10/08 04:20:39.127, 5, 120 MHz, 3996 MHz, 182.65 W, 33
2026/10/08 04:20:39.127, 6, 120 MHz, 3996 MHz, 184.83 W, 29
2026/10/08 04:20:39.127, 7, 120 MHz, 3996 MHz, 184.63 W, 27
2026/10/08 04:20:40.127, 0, 120 MHz, 3996 MHz, 186.41 W, 36
2026/10/08 04:20:40.127, 1, 120 MHz, 3996 MHz, 188.23 W, 38
2026/10/08 04:20:40.127, 2, 2032 MHz, 3996 MHz, 236.50 W, 32
2026/10/08 04:20:40.127, 3, 2032 MHz, 3996 MHz, 236.62 W, 32
2026/10/08 04:20:40.127, 4, 120 MHz, 3996 MHz, 182.64 W, 35
2026/10/08 04:20:40.127, 5, 120 MHz, 3996 MHz, 182.65 W, 33
2026/10/08 04:20:40.127, 6, 120 MHz, 3996 MHz, 184.83 W, 29
2026/10/08 04:20:40.127, 7, 120 MHz, 3996 MHz, 184.61 W, 27
2026/10/08 04:20:41.128, 0, 120 MHz, 3996 MHz, 186.41 W, 36
2026/10/08 04:20:41.128, 1, 120 MHz, 3996 MHz, 188.23 W, 38
2026/10/08 04:20:41.128, 2, 2032 MHz, 3996 MHz, 510.28 W, 35
2026/10/08 04:20:41.128, 3, 2032 MHz, 3996 MHz, 236.34 W, 32
2026/10/08 04:20:41.128, 4, 120 MHz, 3996 MHz, 182.64 W, 35
2026/10/08 04:20:41.128, 5, 120 MHz, 3996 MHz, 182.65 W, 33
2026/10/08 04:20:41.128, 6, 120 MHz, 3996 MHz, 184.83 W, 29
2026/10/08 04:20:41.128, 7, 120 MHz, 3996 MHz, 184.60 W, 27
2026/10/08 04:20:42.128, 0, 120 MHz, 3996 MHz, 186.33 W, 36
2026/10/08 04:20:42.128, 1, 120 MHz, 3996 MHz, 188.23 W, 38
2026/10/08 04:20:42.128, 2, 2032 MHz, 3996 MHz, 314.98 W, 33
2026/10/08 04:20:42.128, 3, 2032 MHz, 3996 MHz, 494.03 W, 37
2026/10/08 04:20:42.128, 4, 120 MHz, 3996 MHz, 182.64 W, 35
2026/10/08 04:20:42.128, 5, 120 MHz, 3996 MHz, 182.65 W, 33
2026/10/08 04:20:42.128, 6, 120 MHz, 3996 MHz, 184.83 W, 29
2026/10/08 04:20:42.128, 7, 120 MHz, 3996 MHz, 184.62 W, 27
2026/10/08 04:20:43.128, 0, 120 MHz, 3996 MHz, 186.33 W, 36
2026/10/08 04:20:43.128, 1, 120 MHz, 3996 MHz, 188.23 W, 38
2026/10/08 04:20:43.128, 2, 1357 MHz, 3996 MHz, 526.33 W, 47
2026/10/08 04:20:43.128, 3, 2032 MHz, 3996 MHz, 340.25 W, 33
2026/10/08 04:20:43.128, 4, 120 MHz, 3996 MHz, 182.64 W, 35
2026/10/08 04:20:43.128, 5, 120 MHz, 3996 MHz, 182.61 W, 33
2026/10/08 04:20:43.128, 6, 120 MHz, 3996 MHz, 184.83 W, 29
2026/10/08 04:20:43.128, 7, 120 MHz, 3996 MHz, 184.64 W, 27
2026/10/08 04:20:44.129, 0, 120 MHz, 3996 MHz, 186.41 W, 36
2026/10/08 04:20:44.129, 1, 120 MHz, 3996 MHz, 188.23 W, 38
2026/10/08 04:20:44.129, 2, 1320 MHz, 3996 MHz, 1086.42 W, 50
2026/10/08 04:20:44.129, 3, 1387 MHz, 3996 MHz, 331.07 W, 43
2026/10/08 04:20:44.129, 4, 120 MHz, 3996 MHz, 182.64 W, 35
2026/10/08 04:20:44.129, 5, 120 MHz, 3996 MHz, 182.58 W, 33
2026/10/08 04:20:44.129, 6, 120 MHz, 3996 MHz, 184.83 W, 29
2026/10/08 04:20:44.129, 7, 120 MHz, 3996 MHz, 184.63 W, 27
2026/10/08 04:20:45.129, 0, 120 MHz, 3996 MHz, 186.37 W, 36
2026/10/08 04:20:45.129, 1, 120 MHz, 3996 MHz, 188.23 W, 38
2026/10/08 04:20:45.129, 2, 2032 MHz, 3996 MHz, 1046.80 W, 44
2026/10/08 04:20:45.129, 3, 1320 MHz, 3996 MHz, 1092.49 W, 50
2026/10/08 04:20:45.129, 4, 120 MHz, 3996 MHz, 182.65 W, 35
2026/10/08 04:20:45.129, 5, 120 MHz, 3996 MHz, 182.50 W, 33
2026/10/08 04:20:45.129, 6, 120 MHz, 3996 MHz, 184.83 W, 29
2026/10/08 04:20:45.129, 7, 120 MHz, 3996 MHz, 184.63 W, 27
2026/10/08 04:20:46.129, 0, 120 MHz, 3996 MHz, 186.26 W, 36
2026/10/08 04:20:46.129, 1, 120 MHz, 3996 MHz, 188.23 W, 38
2026/10/08 04:20:46.129, 2, 2032 MHz, 3996 MHz, 958.24 W, 44
2026/10/08 04:20:46.129, 3, 1372 MHz, 3996 MHz, 1081.47 W, 51
2026/10/08 04:20:46.129, 4, 120 MHz, 3996 MHz, 182.65 W, 35
2026/10/08 04:20:46.129, 5, 120 MHz, 3996 MHz, 182.57 W, 33
2026/10/08 04:20:46.129, 6, 120 MHz, 3996 MHz, 184.83 W, 29
2026/10/08 04:20:46.129, 7, 120 MHz, 3996 MHz, 184.66 W, 27
2026/10/08 04:20:47.129, 0, 120 MHz, 3996 MHz, 186.25 W, 36
2026/10/08 04:20:47.129, 1, 120 MHz, 3996 MHz, 188.23 W, 38
2026/10/08 04:20:47.129, 2, 2032 MHz, 3996 MHz, 957.86 W, 44
2026/10/08 04:20:47.129, 3, 2032 MHz, 3996 MHz, 939.67 W, 44
2026/10/08 04:20:47.129, 4, 120 MHz, 3996 MHz, 182.64 W, 35
2026/10/08 04:20:47.129, 5, 120 MHz, 3996 MHz, 182.57 W, 33
2026/10/08 04:20:47.129, 6, 120 MHz, 3996 MHz, 184.83 W, 29
2026/10/08 04:20:47.129, 7, 120 MHz, 3996 MHz, 184.63 W, 27
2026/10/08 04:20:48.130, 0, 120 MHz, 3996 MHz, 186.18 W, 36
2026/10/08 04:20:48.130, 1, 120 MHz, 3996 MHz, 188.23 W, 38
2026/10/08 04:20:48.130, 2, 2032 MHz, 3996 MHz, 960.14 W, 45
2026/10/08 04:20:48.130, 3, 2032 MHz, 3996 MHz, 945.97 W, 44
2026/10/08 04:20:48.130, 4, 120 MHz, 3996 MHz, 182.65 W, 35
2026/10/08 04:20:48.130, 5, 120 MHz, 3996 MHz, 182.53 W, 33
2026/10/08 04:20:48.130, 6, 120 MHz, 3996 MHz, 184.83 W, 29
2026/10/08 04:20:48.130, 7, 120 MHz, 3996 MHz, 184.65 W, 27
2026/10/08 04:20:49.130, 0, 120 MHz, 3996 MHz, 186.10 W, 36
2026/10/08 04:20:49.130, 1, 120 MHz, 3996 MHz, 188.19 W, 38
2026/10/08 04:20:49.130, 2, 2032 MHz, 3996 MHz, 960.93 W, 45
2026/10/08 04:20:49.130, 3, 2032 MHz, 3996 MHz, 948.41 W, 45
2026/10/08 04:20:49.130, 4, 120 MHz, 3996 MHz, 182.64 W, 35
2026/10/08 04:20:49.130, 5, 120 MHz, 3996 MHz, 182.49 W, 33
2026/10/08 04:20:49.130, 6, 120 MHz, 3996 MHz, 184.83 W, 29
2026/10/08 04:20:49.130, 7, 120 MHz, 3996 MHz, 184.61 W, 27
2026/10/08 04:20:50.130, 0, 120 MHz, 3996 MHz, 186.10 W, 36
2026/10/08 04:20:50.130, 1, 120 MHz, 3996 MHz, 188.15 W, 38
2026/10/08 04:20:50.130, 2, 2032 MHz, 3996 MHz, 962.90 W, 45
2026/10/08 04:20:50.130, 3, 2032 MHz, 3996 MHz, 949.34 W, 45
2026/10/08 04:20:50.130, 4, 120 MHz, 3996 MHz, 182.64 W, 34
2026/10/08 04:20:50.130, 5, 120 MHz, 3996 MHz, 182.57 W, 33
2026/10/08 04:20:50.130, 6, 120 MHz, 3996 MHz, 184.83 W, 29
2026/10/08 04:20:50.130, 7, 120 MHz, 3996 MHz, 184.60 W, 27
2026/10/08 04:20:51.130, 0, 120 MHz, 3996 MHz, 185.98 W, 36
2026/10/08 04:20:51.130, 1, 120 MHz, 3996 MHz, 188.15 W, 38
2026/10/08 04:20:51.130, 2, 2032 MHz, 3996 MHz, 963.91 W, 46
2026/10/08 04:20:51.130, 3, 2032 MHz, 3996 MHz, 950.51 W, 45
2026/10/08 04:20:51.130, 4, 120 MHz, 3996 MHz, 182.65 W, 34
2026/10/08 04:20:51.130, 5, 120 MHz, 3996 MHz, 182.61 W, 33
2026/10/08 04:20:51.130, 6, 120 MHz, 3996 MHz, 184.83 W, 29
2026/10/08 04:20:51.130, 7, 120 MHz, 3996 MHz, 184.62 W, 27
2026/10/08 04:20:52.131, 0, 120 MHz, 3996 MHz, 186.29 W, 36
2026/10/08 04:20:52.131, 1, 120 MHz, 3996 MHz, 188.15 W, 38
2026/10/08 04:20:52.131, 2, 2032 MHz, 3996 MHz, 965.87 W, 46
2026/10/08 04:20:52.131, 3, 2032 MHz, 3996 MHz, 952.60 W, 46
2026/10/08 04:20:52.131, 4, 120 MHz, 3996 MHz, 182.65 W, 34
2026/10/08 04:20:52.131, 5, 120 MHz, 3996 MHz, 182.46 W, 33
2026/10/08 04:20:52.131, 6, 120 MHz, 3996 MHz, 184.83 W, 29
2026/10/08 04:20:52.131, 7, 120 MHz, 3996 MHz, 184.60 W, 27
2026/10/08 04:20:53.131, 0, 120 MHz, 3996 MHz, 186.41 W, 36
2026/10/08 04:20:53.131, 1, 120 MHz, 3996 MHz, 188.04 W, 38
2026/10/08 04:20:53.131, 2, 2032 MHz, 3996 MHz, 966.94 W, 46
2026/10/08 04:20:53.131, 3, 2032 MHz, 3996 MHz, 954.05 W, 46
2026/10/08 04:20:53.131, 4, 120 MHz, 3996 MHz, 182.63 W, 34
2026/10/08 04:20:53.131, 5, 120 MHz, 3996 MHz, 182.46 W, 33
2026/10/08 04:20:53.131, 6, 120 MHz, 3996 MHz, 184.83 W, 29
2026/10/08 04:20:53.131, 7, 120 MHz, 3996 MHz, 184.62 W, 27
2026/10/08 04:20:54.131, 0, 120 MHz, 3996 MHz, 186.41 W, 36
2026/10/08 04:20:54.131, 1, 120 MHz, 3996 MHz, 188.15 W, 38
2026/10/08 04:20:54.131, 2, 1312 MHz, 3996 MHz, 1093.86 W, 54
2026/10/08 04:20:54.131, 3, 2032 MHz, 3996 MHz, 956.57 W, 46
2026/10/08 04:20:54.131, 4, 120 MHz, 3996 MHz, 182.64 W, 34
2026/10/08 04:20:54.131, 5, 120 MHz, 3996 MHz, 182.65 W, 33
2026/10/08 04:20:54.131, 6, 120 MHz, 3996 MHz, 184.83 W, 29
2026/10/08 04:20:54.131, 7, 120 MHz, 3996 MHz, 184.61 W, 27
2026/10/08 04:20:55.131, 0, 120 MHz, 3996 MHz, 186.41 W, 36
2026/10/08 04:20:55.131, 1, 120 MHz, 3996 MHz, 188.11 W, 38
2026/10/08 04:20:55.131, 2, 1312 MHz, 3996 MHz, 1085.18 W, 55
2026/10/08 04:20:55.131, 3, 1327 MHz, 3996 MHz, 1073.45 W, 54
2026/10/08 04:20:55.131, 4, 120 MHz, 3996 MHz, 182.65 W, 34
2026/10/08 04:20:55.131, 5, 120 MHz, 3996 MHz, 182.61 W, 33
2026/10/08 04:20:55.131, 6, 120 MHz, 3996 MHz, 184.83 W, 29
2026/10/08 04:20:55.131, 7, 120 MHz, 3996 MHz, 184.65 W, 27
2026/10/08 04:20:56.132, 0, 120 MHz, 3996 MHz, 186.41 W, 36
2026/10/08 04:20:56.132, 1, 120 MHz, 3996 MHz, 188.11 W, 38
2026/10/08 04:20:56.132, 2, 2032 MHz, 3996 MHz, 973.64 W, 47
2026/10/08 04:20:56.132, 3, 1342 MHz, 3996 MHz, 1084.08 W, 55
2026/10/08 04:20:56.132, 4, 120 MHz, 3996 MHz, 182.65 W, 34
2026/10/08 04:20:56.132, 5, 120 MHz, 3996 MHz, 182.49 W, 33
2026/10/08 04:20:56.132, 6, 120 MHz, 3996 MHz, 184.83 W, 29
2026/10/08 04:20:56.132, 7, 120 MHz, 3996 MHz, 184.64 W, 27
2026/10/08 04:20:57.132, 0, 120 MHz, 3996 MHz, 186.41 W, 36
2026/10/08 04:20:57.132, 1, 120 MHz, 3996 MHz, 188.11 W, 38
2026/10/08 04:20:57.132, 2, 2032 MHz, 3996 MHz, 967.81 W, 47
2026/10/08 04:20:57.132, 3, 2032 MHz, 3996 MHz, 992.97 W, 48
2026/10/08 04:20:57.132, 4, 120 MHz, 3996 MHz, 182.64 W, 34
2026/10/08 04:20:57.132, 5, 120 MHz, 3996 MHz, 182.45 W, 33
2026/10/08 04:20:57.132, 6, 120 MHz, 3996 MHz, 184.83 W, 29
2026/10/08 04:20:57.132, 7, 120 MHz, 3996 MHz, 184.61 W, 27
2026/10/08 04:20:58.132, 0, 120 MHz, 3996 MHz, 186.41 W, 36
2026/10/08 04:20:58.132, 1, 120 MHz, 3996 MHz, 188.11 W, 38
2026/10/08 04:20:58.132, 2, 2032 MHz, 3996 MHz, 969.97 W, 48
2026/10/08 04:20:58.132, 3, 2032 MHz, 3996 MHz, 951.84 W, 47
2026/10/08 04:20:58.132, 4, 120 MHz, 3996 MHz, 182.64 W, 34
2026/10/08 04:20:58.132, 5, 120 MHz, 3996 MHz, 182.57 W, 33
2026/10/08 04:20:58.132, 6, 120 MHz, 3996 MHz, 184.83 W, 29
2026/10/08 04:20:58.132, 7, 120 MHz, 3996 MHz, 184.60 W, 27
2026/10/08 04:20:59.132, 0, 120 MHz, 3996 MHz, 186.41 W, 36
2026/10/08 04:20:59.132, 1, 120 MHz, 3996 MHz, 188.00 W, 38
2026/10/08 04:20:59.132, 2, 2032 MHz, 3996 MHz, 970.61 W, 48
2026/10/08 04:20:59.132, 3, 2032 MHz, 3996 MHz, 953.43 W, 48
2026/10/08 04:20:59.132, 4, 120 MHz, 3996 MHz, 182.63 W, 34
2026/10/08 04:20:59.132, 5, 120 MHz, 3996 MHz, 182.30 W, 33
2026/10/08 04:20:59.132, 6, 120 MHz, 3996 MHz, 184.83 W, 29
2026/10/08 04:20:59.132, 7, 120 MHz, 3996 MHz, 184.62 W, 27
2026/10/08 04:21:00.133, 0, 120 MHz, 3996 MHz, 186.41 W, 36
2026/10/08 04:21:00.133, 1, 120 MHz, 3996 MHz, 188.11 W, 38
2026/10/08 04:21:00.133, 2, 2032 MHz, 3996 MHz, 972.14 W, 48
2026/10/08 04:21:00.133, 3, 2032 MHz, 3996 MHz, 956.04 W, 48
2026/10/08 04:21:00.133, 4, 120 MHz, 3996 MHz, 182.64 W, 34
2026/10/08 04:21:00.133, 5, 120 MHz, 3996 MHz, 182.57 W, 33
2026/10/08 04:21:00.133, 6, 120 MHz, 3996 MHz, 184.83 W, 29
2026/10/08 04:21:00.133, 7, 120 MHz, 3996 MHz, 184.61 W, 27
2026/10/08 04:21:01.133, 0, 120 MHz, 3996 MHz, 186.41 W, 36
2026/10/08 04:21:01.133, 1, 120 MHz, 3996 MHz, 188.19 W, 38
2026/10/08 04:21:01.133, 2, 2032 MHz, 3996 MHz, 968.67 W, 48
2026/10/08 04:21:01.133, 3, 2032 MHz, 3996 MHz, 959.02 W, 48
2026/10/08 04:21:01.133, 4, 120 MHz, 3996 MHz, 182.64 W, 34
2026/10/08 04:21:01.133, 5, 120 MHz, 3996 MHz, 182.41 W, 33
2026/10/08 04:21:01.133, 6, 120 MHz, 3996 MHz, 184.83 W, 29
2026/10/08 04:21:01.133, 7, 120 MHz, 3996 MHz, 184.62 W, 27
2026/10/08 04:21:02.133, 0, 120 MHz, 3996 MHz, 186.41 W, 36
2026/10/08 04:21:02.133, 1, 120 MHz, 3996 MHz, 188.23 W, 38
2026/10/08 04:21:02.133, 2, 2032 MHz, 3996 MHz, 969.34 W, 48
2026/10/08 04:21:02.133, 3, 2032 MHz, 3996 MHz, 957.30 W, 48
2026/10/08 04:21:02.133, 4, 120 MHz, 3996 MHz, 182.65 W, 34
2026/10/08 04:21:02.133, 5, 120 MHz, 3996 MHz, 182.49 W, 33
2026/10/08 04:21:02.133, 6, 120 MHz, 3996 MHz, 184.83 W, 29
2026/10/08 04:21:02.133, 7, 120 MHz, 3996 MHz, 184.61 W, 27
2026/10/08 04:21:03.133, 0, 120 MHz, 3996 MHz, 186.41 W, 36
2026/10/08 04:21:03.133, 1, 120 MHz, 3996 MHz, 188.19 W, 38
2026/10/08 04:21:03.133, 2, 2032 MHz, 3996 MHz, 971.28 W, 49
2026/10/08 04:21:03.133, 3, 2032 MHz, 3996 MHz, 957.97 W, 49
2026/10/08 04:21:03.133, 4, 120 MHz, 3996 MHz, 182.65 W, 34
2026/10/08 04:21:03.133, 5, 120 MHz, 3996 MHz, 182.41 W, 33
2026/10/08 04:21:03.134, 6, 120 MHz, 3996 MHz, 184.83 W, 29
2026/10/08 04:21:03.134, 7, 120 MHz, 3996 MHz, 184.60 W, 27
2026/10/08 04:21:04.134, 0, 120 MHz, 3996 MHz, 186.41 W, 36
2026/10/08 04:21:04.134, 1, 120 MHz, 3996 MHz, 188.23 W, 38
2026/10/08 04:21:04.134, 2, 1312 MHz, 3996 MHz, 1058.55 W, 56
2026/10/08 04:21:04.134, 3, 2032 MHz, 3996 MHz, 960.08 W, 49
2026/10/08 04:21:04.134, 4, 120 MHz, 3996 MHz, 182.65 W, 34
2026/10/08 04:21:04.134, 5, 120 MHz, 3996 MHz, 182.61 W, 33
2026/10/08 04:21:04.134, 6, 120 MHz, 3996 MHz, 184.83 W, 29
2026/10/08 04:21:04.134, 7, 120 MHz, 3996 MHz, 184.62 W, 27
2026/10/08 04:21:05.134, 0, 120 MHz, 3996 MHz, 186.41 W, 36
2026/10/08 04:21:05.134, 1, 120 MHz, 3996 MHz, 188.23 W, 38
2026/10/08 04:21:05.134, 2, 1320 MHz, 3996 MHz, 1088.66 W, 57
2026/10/08 04:21:05.134, 3, 1320 MHz, 3996 MHz, 1028.76 W, 56
2026/10/08 04:21:05.134, 4, 120 MHz, 3996 MHz, 182.65 W, 34
2026/10/08 04:21:05.134, 5, 120 MHz, 3996 MHz, 182.61 W, 33
2026/10/08 04:21:05.134, 6, 120 MHz, 3996 MHz, 184.83 W, 29
2026/10/08 04:21:05.134, 7, 120 MHz, 3996 MHz, 184.59 W, 27
2026/10/08 04:21:06.134, 0, 120 MHz, 3996 MHz, 186.41 W, 36
2026/10/08 04:21:06.134, 1, 120 MHz, 3996 MHz, 188.23 W, 38
2026/10/08 04:21:06.134, 2, 2032 MHz, 3996 MHz, 1020.09 W, 50
2026/10/08 04:21:06.134, 3, 1350 MHz, 3996 MHz, 1085.12 W, 57
2026/10/08 04:21:06.134, 4, 120 MHz, 3996 MHz, 182.65 W, 34
2026/10/08 04:21:06.134, 5, 120 MHz, 3996 MHz, 182.53 W, 33
2026/10/08 04:21:06.134, 6, 120 MHz, 3996 MHz, 184.83 W, 29
2026/10/08 04:21:06.134, 7, 120 MHz, 3996 MHz, 184.60 W, 27
2026/10/08 04:21:07.134, 0, 120 MHz, 3996 MHz, 186.41 W, 36
2026/10/08 04:21:07.135, 1, 120 MHz, 3996 MHz, 188.23 W, 38
2026/10/08 04:21:07.135, 2, 2032 MHz, 3996 MHz, 973.51 W, 50
2026/10/08 04:21:07.135, 3, 2032 MHz, 3996 MHz, 1040.51 W, 50
2026/10/08 04:21:07.135, 4, 120 MHz, 3996 MHz, 182.65 W, 34
2026/10/08 04:21:07.135, 5, 120 MHz, 3996 MHz, 182.30 W, 33
2026/10/08 04:21:07.135, 6, 120 MHz, 3996 MHz, 184.83 W, 29
2026/10/08 04:21:07.135, 7, 120 MHz, 3996 MHz, 184.60 W, 27
2026/10/08 04:21:08.135, 0, 120 MHz, 3996 MHz, 186.41 W, 36
2026/10/08 04:21:08.135, 1, 120 MHz, 3996 MHz, 188.23 W, 38
2026/10/08 04:21:08.135, 2, 2032 MHz, 3996 MHz, 973.71 W, 50
2026/10/08 04:21:08.135, 3, 2032 MHz, 3996 MHz, 960.03 W, 50
2026/10/08 04:21:08.135, 4, 120 MHz, 3996 MHz, 182.65 W, 34
2026/10/08 04:21:08.135, 5, 120 MHz, 3996 MHz, 182.38 W, 33
2026/10/08 04:21:08.135, 6, 120 MHz, 3996 MHz, 184.83 W, 29
2026/10/08 04:21:08.135, 7, 120 MHz, 3996 MHz, 184.61 W, 27
2026/10/08 04:21:09.135, 0, 120 MHz, 3996 MHz, 186.86 W, 36
2026/10/08 04:21:09.135, 1, 120 MHz, 3996 MHz, 188.23 W, 38
2026/10/08 04:21:09.135, 2, 2032 MHz, 3996 MHz, 968.93 W, 50
2026/10/08 04:21:09.135, 3, 2032 MHz, 3996 MHz, 962.69 W, 50
2026/10/08 04:21:09.135, 4, 120 MHz, 3996 MHz, 182.65 W, 34
2026/10/08 04:21:09.135, 5, 120 MHz, 3996 MHz, 182.53 W, 33
2026/10/08 04:21:09.135, 6, 120 MHz, 3996 MHz, 184.83 W, 29
2026/10/08 04:21:09.135, 7, 120 MHz, 3996 MHz, 184.61 W, 27
2026/10/08 04:21:10.135, 0, 2032 MHz, 3996 MHz, 238.11 W, 37
2026/10/08 04:21:10.135, 1, 120 MHz, 3996 MHz, 188.11 W, 38
2026/10/08 04:21:10.135, 2, 2032 MHz, 3996 MHz, 971.55 W, 50
2026/10/08 04:21:10.135, 3, 2032 MHz, 3996 MHz, 958.18 W, 50
2026/10/08 04:21:10.135, 4, 120 MHz, 3996 MHz, 182.65 W, 34
2026/10/08 04:21:10.135, 5, 120 MHz, 3996 MHz, 182.41 W, 33
2026/10/08 04:21:10.135, 6, 120 MHz, 3996 MHz, 184.83 W, 29
2026/10/08 04:21:10.135, 7, 120 MHz, 3996 MHz, 184.64 W, 27
2026/10/08 04:21:11.136, 0, 2032 MHz, 3996 MHz, 244.50 W, 38
2026/10/08 04:21:11.136, 1, 120 MHz, 3996 MHz, 188.10 W, 38
2026/10/08 04:21:11.136, 2, 2032 MHz, 3996 MHz, 971.51 W, 50
2026/10/08 04:21:11.136, 3, 2032 MHz, 3996 MHz, 959.07 W, 50
2026/10/08 04:21:11.136, 4, 120 MHz, 3996 MHz, 182.65 W, 34
2026/10/08 04:21:11.136, 5, 120 MHz, 3996 MHz, 182.41 W, 33
2026/10/08 04:21:11.136, 6, 120 MHz, 3996 MHz, 184.83 W, 29
2026/10/08 04:21:11.136, 7, 120 MHz, 3996 MHz, 184.63 W, 27
2026/10/08 04:21:12.136, 0, 2032 MHz, 3996 MHz, 244.57 W, 38
2026/10/08 04:21:12.136, 1, 120 MHz, 3996 MHz, 188.10 W, 38
2026/10/08 04:21:12.136, 2, 2032 MHz, 3996 MHz, 972.11 W, 50
2026/10/08 04:21:12.136, 3, 2032 MHz, 3996 MHz, 960.14 W, 50
2026/10/08 04:21:12.136, 4, 120 MHz, 3996 MHz, 182.65 W, 34
2026/10/08 04:21:12.136, 5, 120 MHz, 3996 MHz, 182.41 W, 33
2026/10/08 04:21:12.136, 6, 120 MHz, 3996 MHz, 184.83 W, 29
2026/10/08 04:21:12.136, 7, 120 MHz, 3996 MHz, 184.62 W, 27
2026/10/08 04:21:13.136, 0, 2032 MHz, 3996 MHz, 244.50 W, 38
2026/10/08 04:21:13.136, 1, 120 MHz, 3996 MHz, 188.10 W, 38
2026/10/08 04:21:13.136, 2, 2032 MHz, 3996 MHz, 973.98 W, 51
2026/10/08 04:21:13.136, 3, 2032 MHz, 3996 MHz, 962.25 W, 51
2026/10/08 04:21:13.136, 4, 120 MHz, 3996 MHz, 182.65 W, 34
2026/10/08 04:21:13.136, 5, 120 MHz, 3996 MHz, 182.46 W, 33
2026/10/08 04:21:13.136, 6, 120 MHz, 3996 MHz, 184.83 W, 29
2026/10/08 04:21:13.136, 7, 120 MHz, 3996 MHz, 184.62 W, 27
2026/10/08 04:21:14.136, 0, 2032 MHz, 3996 MHz, 244.54 W, 38
2026/10/08 04:21:14.136, 1, 120 MHz, 3996 MHz, 188.10 W, 39
2026/10/08 04:21:14.136, 2, 1320 MHz, 3996 MHz, 1024.48 W, 58
2026/10/08 04:21:14.136, 3, 2032 MHz, 3996 MHz, 968.27 W, 51
2026/10/08 04:21:14.136, 4, 120 MHz, 3996 MHz, 182.65 W, 34
2026/10/08 04:21:14.136, 5, 120 MHz, 3996 MHz, 182.34 W, 33
2026/10/08 04:21:14.136, 6, 120 MHz, 3996 MHz, 184.83 W, 29
2026/10/08 04:21:14.136, 7, 120 MHz, 3996 MHz, 184.60 W, 27
2026/10/08 04:21:15.137, 0, 2032 MHz, 3996 MHz, 381.10 W, 40
2026/10/08 04:21:15.137, 1, 120 MHz, 3996 MHz, 187.80 W, 39
2026/10/08 04:21:15.137, 2, 1320 MHz, 3996 MHz, 1085.49 W, 58
2026/10/08 04:21:15.137, 3, 2032 MHz, 3996 MHz, 964.77 W, 51
2026/10/08 04:21:15.137, 4, 120 MHz, 3996 MHz, 182.65 W, 34
2026/10/08 04:21:15.137, 5, 120 MHz, 3996 MHz, 182.46 W, 33
2026/10/08 04:21:15.137, 6, 120 MHz, 3996 MHz, 184.83 W, 29
2026/10/08 04:21:15.137, 7, 120 MHz, 3996 MHz, 184.61 W, 27
2026/10/08 04:21:16.137, 0, 2032 MHz, 3996 MHz, 244.69 W, 39
2026/10/08 04:21:16.137, 1, 120 MHz, 3996 MHz, 188.10 W, 39
2026/10/08 04:21:16.137, 2, 1972 MHz, 3996 MHz, 1063.18 W, 52
2026/10/08 04:21:16.137, 3, 1312 MHz, 3996 MHz, 1108.52 W, 59
2026/10/08 04:21:16.137, 4, 120 MHz, 3996 MHz, 182.65 W, 34
2026/10/08 04:21:16.137, 5, 120 MHz, 3996 MHz, 182.53 W, 33
2026/10/08 04:21:16.137, 6, 120 MHz, 3996 MHz, 184.83 W, 29
2026/10/08 04:21:16.137, 7, 120 MHz, 3996 MHz, 184.61 W, 27
2026/10/08 04:21:17.137, 0, 2032 MHz, 3996 MHz, 244.50 W, 39
2026/10/08 04:21:17.137, 1, 120 MHz, 3996 MHz, 188.10 W, 39
2026/10/08 04:21:17.137, 2, 2032 MHz, 3996 MHz, 975.22 W, 52
2026/10/08 04:21:17.137, 3, 1342 MHz, 3996 MHz, 1086.77 W, 59
2026/10/08 04:21:17.137, 4, 120 MHz, 3996 MHz, 182.65 W, 34
2026/10/08 04:21:17.137, 5, 120 MHz, 3996 MHz, 182.49 W, 33
2026/10/08 04:21:17.137, 6, 120 MHz, 3996 MHz, 184.83 W, 29
2026/10/08 04:21:17.137, 7, 120 MHz, 3996 MHz, 184.59 W, 27
2026/10/08 04:21:18.137, 0, 2032 MHz, 3996 MHz, 244.50 W, 39
2026/10/08 04:21:18.137, 1, 120 MHz, 3996 MHz, 188.10 W, 39
2026/10/08 04:21:18.137, 2, 2032 MHz, 3996 MHz, 972.16 W, 52
2026/10/08 04:21:18.137, 3, 2032 MHz, 3996 MHz, 964.47 W, 52
2026/10/08 04:21:18.137, 4, 120 MHz, 3996 MHz, 182.65 W, 34
2026/10/08 04:21:18.137, 5, 120 MHz, 3996 MHz, 182.49 W, 33
2026/10/08 04:21:18.137, 6, 120 MHz, 3996 MHz, 184.83 W, 29
2026/10/08 04:21:18.137, 7, 120 MHz, 3996 MHz, 184.61 W, 28
2026/10/08 04:21:19.138, 0, 2032 MHz, 3996 MHz, 244.87 W, 39
2026/10/08 04:21:19.138, 1, 120 MHz, 3996 MHz, 188.10 W, 39
2026/10/08 04:21:19.138, 2, 2032 MHz, 3996 MHz, 973.23 W, 52
2026/10/08 04:21:19.138, 3, 2032 MHz, 3996 MHz, 960.80 W, 52
2026/10/08 04:21:19.138, 4, 120 MHz, 3996 MHz, 182.65 W, 34
2026/10/08 04:21:19.138, 5, 120 MHz, 3996 MHz, 182.34 W, 33
2026/10/08 04:21:19.138, 6, 120 MHz, 3996 MHz, 184.83 W, 29
2026/10/08 04:21:19.138, 7, 120 MHz, 3996 MHz, 184.62 W, 28
2026/10/08 04:21:20.138, 0, 2032 MHz, 3996 MHz, 244.50 W, 39
2026/10/08 04:21:20.138, 1, 120 MHz, 3996 MHz, 188.10 W, 39
2026/10/08 04:21:20.138, 2, 2032 MHz, 3996 MHz, 973.42 W, 52
2026/10/08 04:21:20.138, 3, 2032 MHz, 3996 MHz, 960.74 W, 52
2026/10/08 04:21:20.138, 4, 120 MHz, 3996 MHz, 182.65 W, 34
2026/10/08 04:21:20.138, 5, 120 MHz, 3996 MHz, 182.33 W, 33
2026/10/08 04:21:20.138, 6, 120 MHz, 3996 MHz, 184.83 W, 29
2026/10/08 04:21:20.138, 7, 120 MHz, 3996 MHz, 184.61 W, 28
2026/10/08 04:21:21.138, 0, 345 MHz, 3996 MHz, 219.25 W, 38
2026/10/08 04:21:21.138, 1, 120 MHz, 3996 MHz, 188.16 W, 39
2026/10/08 04:21:21.138, 2, 2032 MHz, 3996 MHz, 974.30 W, 52
2026/10/08 04:21:21.138, 3, 2032 MHz, 3996 MHz, 963.14 W, 52
2026/10/08 04:21:21.138, 4, 120 MHz, 3996 MHz, 182.65 W, 34
2026/10/08 04:21:21.138, 5, 120 MHz, 3996 MHz, 182.61 W, 33
2026/10/08 04:21:21.138, 6, 120 MHz, 3996 MHz, 184.83 W, 29
2026/10/08 04:21:21.138, 7, 120 MHz, 3996 MHz, 184.61 W, 28
2026/10/08 04:21:22.138, 0, 217 MHz, 3996 MHz, 188.81 W, 38
2026/10/08 04:21:22.139, 1, 120 MHz, 3996 MHz, 188.23 W, 39
2026/10/08 04:21:22.139, 2, 2032 MHz, 3996 MHz, 975.55 W, 52
2026/10/08 04:21:22.139, 3, 2032 MHz, 3996 MHz, 963.16 W, 52
2026/10/08 04:21:22.139, 4, 120 MHz, 3996 MHz, 182.65 W, 34
2026/10/08 04:21:22.139, 5, 120 MHz, 3996 MHz, 182.53 W, 33
2026/10/08 04:21:22.139, 6, 120 MHz, 3996 MHz, 184.83 W, 29
2026/10/08 04:21:22.139, 7, 120 MHz, 3996 MHz, 184.61 W, 28
2026/10/08 04:21:23.139, 0, 142 MHz, 3996 MHz, 188.35 W, 38
2026/10/08 04:21:23.139, 1, 120 MHz, 3996 MHz, 188.23 W, 39
2026/10/08 04:21:23.139, 2, 2032 MHz, 3996 MHz, 976.71 W, 52
2026/10/08 04:21:23.139, 3, 2032 MHz, 3996 MHz, 965.45 W, 52
2026/10/08 04:21:23.139, 4, 120 MHz, 3996 MHz, 182.65 W, 34
2026/10/08 04:21:23.139, 5, 120 MHz, 3996 MHz, 182.46 W, 33
2026/10/08 04:21:23.139, 6, 120 MHz, 3996 MHz, 184.83 W, 29
2026/10/08 04:21:23.139, 7, 120 MHz, 3996 MHz, 184.62 W, 28
2026/10/08 04:21:24.139, 0, 120 MHz, 3996 MHz, 188.16 W, 38
2026/10/08 04:21:24.139, 1, 120 MHz, 3996 MHz, 188.23 W, 39
2026/10/08 04:21:24.139, 2, 2032 MHz, 3996 MHz, 981.92 W, 52
2026/10/08 04:21:24.139, 3, 2032 MHz, 3996 MHz, 965.82 W, 52
2026/10/08 04:21:24.139, 4, 120 MHz, 3996 MHz, 182.65 W, 34
2026/10/08 04:21:24.139, 5, 120 MHz, 3996 MHz, 182.58 W, 33
2026/10/08 04:21:24.139, 6, 120 MHz, 3996 MHz, 184.83 W, 29
2026/10/08 04:21:24.139, 7, 120 MHz, 3996 MHz, 184.60 W, 28
2026/10/08 04:21:25.139, 0, 120 MHz, 3996 MHz, 188.35 W, 38
2026/10/08 04:21:25.139, 1, 120 MHz, 3996 MHz, 188.23 W, 39
2026/10/08 04:21:25.139, 2, 1320 MHz, 3996 MHz, 1091.02 W, 60
2026/10/08 04:21:25.139, 3, 2032 MHz, 3996 MHz, 968.16 W, 52
2026/10/08 04:21:25.139, 4, 120 MHz, 3996 MHz, 182.65 W, 34
2026/10/08 04:21:25.139, 5, 120 MHz, 3996 MHz, 182.57 W, 33
2026/10/08 04:21:25.139, 6, 120 MHz, 3996 MHz, 184.83 W, 29
2026/10/08 04:21:25.139, 7, 120 MHz, 3996 MHz, 184.60 W, 28
2026/10/08 04:21:26.139, 0, 120 MHz, 3996 MHz, 188.35 W, 38
2026/10/08 04:21:26.140, 1, 120 MHz, 3996 MHz, 188.23 W, 40
2026/10/08 04:21:26.140, 2, 1312 MHz, 3996 MHz, 1087.50 W, 60
2026/10/08 04:21:26.140, 3, 1335 MHz, 3996 MHz, 1064.06 W, 60
2026/10/08 04:21:26.140, 4, 120 MHz, 3996 MHz, 182.65 W, 34
2026/10/08 04:21:26.140, 5, 120 MHz, 3996 MHz, 182.57 W, 33
2026/10/08 04:21:26.140, 6, 120 MHz, 3996 MHz, 184.83 W, 29
2026/10/08 04:21:26.140, 7, 120 MHz, 3996 MHz, 184.59 W, 28
2026/10/08 04:21:27.140, 0, 120 MHz, 3996 MHz, 188.35 W, 38
2026/10/08 04:21:27.140, 1, 120 MHz, 3996 MHz, 188.23 W, 40
2026/10/08 04:21:27.140, 2, 2032 MHz, 3996 MHz, 978.04 W, 53
2026/10/08 04:21:27.140, 3, 1342 MHz, 3996 MHz, 1087.05 W, 60
2026/10/08 04:21:27.140, 4, 120 MHz, 3996 MHz, 182.64 W, 34
2026/10/08 04:21:27.140, 5, 120 MHz, 3996 MHz, 182.49 W, 33
2026/10/08 04:21:27.140, 6, 120 MHz, 3996 MHz, 184.83 W, 29
2026/10/08 04:21:27.140, 7, 120 MHz, 3996 MHz, 184.59 W, 28
2026/10/08 04:21:28.140, 0, 120 MHz, 3996 MHz, 188.35 W, 38
2026/10/08 04:21:28.140, 1, 120 MHz, 3996 MHz, 188.23 W, 40
2026/10/08 04:21:28.140, 2, 2032 MHz, 3996 MHz, 975.89 W, 53
2026/10/08 04:21:28.140, 3, 2032 MHz, 3996 MHz, 1011.86 W, 53
2026/10/08 04:21:28.140, 4, 120 MHz, 3996 MHz, 182.65 W, 34
2026/10/08 04:21:28.140, 5, 120 MHz, 3996 MHz, 182.46 W, 33
2026/10/08 04:21:28.140, 6, 120 MHz, 3996 MHz, 184.83 W, 29
2026/10/08 04:21:28.140, 7, 120 MHz, 3996 MHz, 184.60 W, 28
2026/10/08 04:21:29.140, 0, 120 MHz, 3996 MHz, 188.35 W, 38
2026/10/08 04:21:29.140, 1, 120 MHz, 3996 MHz, 188.23 W, 40
2026/10/08 04:21:29.140, 2, 2032 MHz, 3996 MHz, 976.34 W, 53
2026/10/08 04:21:29.140, 3, 2032 MHz, 3996 MHz, 962.63 W, 53
2026/10/08 04:21:29.140, 4, 120 MHz, 3996 MHz, 182.65 W, 34
2026/10/08 04:21:29.140, 5, 120 MHz, 3996 MHz, 182.49 W, 33
2026/10/08 04:21:29.140, 6, 120 MHz, 3996 MHz, 184.83 W, 29
2026/10/08 04:21:29.140, 7, 120 MHz, 3996 MHz, 184.60 W, 28
2026/10/08 04:21:30.141, 0, 120 MHz, 3996 MHz, 188.35 W, 38
2026/10/08 04:21:30.141, 1, 120 MHz, 3996 MHz, 188.23 W, 40
2026/10/08 04:21:30.141, 2, 2032 MHz, 3996 MHz, 980.78 W, 53
2026/10/08 04:21:30.141, 3, 2032 MHz, 3996 MHz, 964.44 W, 53
2026/10/08 04:21:30.141, 4, 120 MHz, 3996 MHz, 182.65 W, 34
2026/10/08 04:21:30.141, 5, 120 MHz, 3996 MHz, 182.57 W, 33
2026/10/08 04:21:30.141, 6, 120 MHz, 3996 MHz, 184.83 W, 29
2026/10/08 04:21:30.141, 7, 120 MHz, 3996 MHz, 184.59 W, 28
2026/10/08 04:21:31.141, 0, 120 MHz, 3996 MHz, 188.35 W, 38
2026/10/08 04:21:31.141, 1, 120 MHz, 3996 MHz, 188.23 W, 40
2026/10/08 04:21:31.141, 2, 2032 MHz, 3996 MHz, 982.76 W, 53
2026/10/08 04:21:31.141, 3, 2032 MHz, 3996 MHz, 972.91 W, 53
2026/10/08 04:21:31.141, 4, 120 MHz, 3996 MHz, 182.65 W, 34
2026/10/08 04:21:31.141, 5, 120 MHz, 3996 MHz, 182.53 W, 33
2026/10/08 04:21:31.141, 6, 120 MHz, 3996 MHz, 184.83 W, 29
2026/10/08 04:21:31.141, 7, 120 MHz, 3996 MHz, 184.59 W, 28
2026/10/08 04:21:32.141, 0, 120 MHz, 3996 MHz, 188.35 W, 39
2026/10/08 04:21:32.141, 1, 120 MHz, 3996 MHz, 188.23 W, 40
2026/10/08 04:21:32.141, 2, 2032 MHz, 3996 MHz, 980.29 W, 53
2026/10/08 04:21:32.141, 3, 2032 MHz, 3996 MHz, 970.79 W, 53
2026/10/08 04:21:32.141, 4, 120 MHz, 3996 MHz, 182.64 W, 34
2026/10/08 04:21:32.141, 5, 120 MHz, 3996 MHz, 182.57 W, 33
2026/10/08 04:21:32.141, 6, 120 MHz, 3996 MHz, 184.83 W, 29
2026/10/08 04:21:32.141, 7, 120 MHz, 3996 MHz, 184.59 W, 28
2026/10/08 04:21:33.141, 0, 120 MHz, 3996 MHz, 188.35 W, 39
2026/10/08 04:21:33.141, 1, 120 MHz, 3996 MHz, 188.23 W, 40
2026/10/08 04:21:33.141, 2, 2032 MHz, 3996 MHz, 977.25 W, 53
2026/10/08 04:21:33.141, 3, 2032 MHz, 3996 MHz, 967.78 W, 53
2026/10/08 04:21:33.141, 4, 120 MHz, 3996 MHz, 182.65 W, 34
2026/10/08 04:21:33.141, 5, 120 MHz, 3996 MHz, 182.57 W, 33
2026/10/08 04:21:33.141, 6, 120 MHz, 3996 MHz, 184.83 W, 29
2026/10/08 04:21:33.142, 7, 120 MHz, 3996 MHz, 184.60 W, 28
2026/10/08 04:21:34.142, 0, 120 MHz, 3996 MHz, 188.35 W, 39
2026/10/08 04:21:34.142, 1, 120 MHz, 3996 MHz, 188.23 W, 40
2026/10/08 04:21:34.142, 2, 2032 MHz, 3996 MHz, 978.89 W, 53
2026/10/08 04:21:34.142, 3, 2032 MHz, 3996 MHz, 969.26 W, 54
2026/10/08 04:21:34.142, 4, 120 MHz, 3996 MHz, 182.64 W, 34
2026/10/08 04:21:34.142, 5, 120 MHz, 3996 MHz, 182.54 W, 33
2026/10/08 04:21:34.142, 6, 120 MHz, 3996 MHz, 184.83 W, 29
2026/10/08 04:21:34.142, 7, 120 MHz, 3996 MHz, 184.59 W, 28
2026/10/08 04:21:35.142, 0, 120 MHz, 3996 MHz, 188.35 W, 39
2026/10/08 04:21:35.142, 1, 120 MHz, 3996 MHz, 188.34 W, 40
2026/10/08 04:21:35.142, 2, 2032 MHz, 3996 MHz, 638.83 W, 45
2026/10/08 04:21:35.142, 3, 2032 MHz, 3996 MHz, 971.41 W, 54
2026/10/08 04:21:35.142, 4, 120 MHz, 3996 MHz, 182.65 W, 34
2026/10/08 04:21:35.142, 5, 120 MHz, 3996 MHz, 182.45 W, 33
2026/10/08 04:21:35.142, 6, 120 MHz, 3996 MHz, 184.83 W, 29
2026/10/08 04:21:35.142, 7, 120 MHz, 3996 MHz, 184.60 W, 28
2026/10/08 04:21:36.142, 0, 120 MHz, 3996 MHz, 188.35 W, 39
2026/10/08 04:21:36.142, 1, 120 MHz, 3996 MHz, 188.30 W, 40
2026/10/08 04:21:36.142, 2, 2032 MHz, 3996 MHz, 253.26 W, 43
2026/10/08 04:21:36.142, 3, 2032 MHz, 3996 MHz, 822.37 W, 48
2026/10/08 04:21:36.142, 4, 120 MHz, 3996 MHz, 182.65 W, 34
2026/10/08 04:21:36.142, 5, 120 MHz, 3996 MHz, 182.53 W, 33
2026/10/08 04:21:36.142, 6, 120 MHz, 3996 MHz, 184.83 W, 29
2026/10/08 04:21:36.142, 7, 120 MHz, 3996 MHz, 184.60 W, 28
2026/10/08 04:21:37.142, 0, 120 MHz, 3996 MHz, 188.35 W, 39
2026/10/08 04:21:37.143, 1, 120 MHz, 3996 MHz, 188.38 W, 41
2026/10/08 04:21:37.143, 2, 2032 MHz, 3996 MHz, 249.36 W, 42
2026/10/08 04:21:37.143, 3, 2032 MHz, 3996 MHz, 249.32 W, 43
2026/10/08 04:21:37.143, 4, 120 MHz, 3996 MHz, 182.65 W, 34
2026/10/08 04:21:37.143, 5, 120 MHz, 3996 MHz, 182.57 W, 33
2026/10/08 04:21:37.143, 6, 120 MHz, 3996 MHz, 184.83 W, 29
2026/10/08 04:21:37.143, 7, 120 MHz, 3996 MHz, 184.62 W, 28
2026/10/08 04:21:38.143, 0, 120 MHz, 3996 MHz, 188.35 W, 39
2026/10/08 04:21:38.143, 1, 120 MHz, 3996 MHz, 188.46 W, 41
2026/10/08 04:21:38.143, 2, 2032 MHz, 3996 MHz, 244.21 W, 42
2026/10/08 04:21:38.143, 3, 2032 MHz, 3996 MHz, 258.19 W, 43
2026/10/08 04:21:38.143, 4, 120 MHz, 3996 MHz, 182.65 W, 35
2026/10/08 04:21:38.143, 5, 120 MHz, 3996 MHz, 182.53 W, 33
2026/10/08 04:21:38.143, 6, 120 MHz, 3996 MHz, 184.83 W, 30
2026/10/08 04:21:38.143, 7, 120 MHz, 3996 MHz, 184.62 W, 28
2026/10/08 04:21:39.143, 0, 120 MHz, 3996 MHz, 188.35 W, 39
2026/10/08 04:21:39.143, 1, 120 MHz, 3996 MHz, 188.62 W, 41
2026/10/08 04:21:39.143, 2, 2032 MHz, 3996 MHz, 243.05 W, 41
2026/10/08 04:21:39.143, 3, 2032 MHz, 3996 MHz, 245.55 W, 42
2026/10/08 04:21:39.143, 4, 120 MHz, 3996 MHz, 182.65 W, 35
2026/10/08 04:21:39.143, 5, 120 MHz, 3996 MHz, 182.53 W, 33
2026/10/08 04:21:39.143, 6, 120 MHz, 3996 MHz, 184.83 W, 30
2026/10/08 04:21:39.143, 7, 120 MHz, 3996 MHz, 184.62 W, 28
2026/10/08 04:21:40.143, 0, 120 MHz, 3996 MHz, 188.35 W, 39
2026/10/08 04:21:40.143, 1, 120 MHz, 3996 MHz, 189.10 W, 41
2026/10/08 04:21:40.143, 2, 2032 MHz, 3996 MHz, 242.56 W, 41
2026/10/08 04:21:40.143, 3, 2032 MHz, 3996 MHz, 244.66 W, 41
2026/10/08 04:21:40.143, 4, 120 MHz, 3996 MHz, 182.65 W, 35
2026/10/08 04:21:40.143, 5, 120 MHz, 3996 MHz, 182.42 W, 33
2026/10/08 04:21:40.143, 6, 120 MHz, 3996 MHz, 184.83 W, 30
2026/10/08 04:21:40.143, 7, 120 MHz, 3996 MHz, 184.60 W, 28
2026/10/08 04:21:41.144, 0, 120 MHz, 3996 MHz, 188.35 W, 39
2026/10/08 04:21:41.144, 1, 120 MHz, 3996 MHz, 188.85 W, 41
2026/10/08 04:21:41.144, 2, 2032 MHz, 3996 MHz, 242.48 W, 40
2026/10/08 04:21:41.144, 3, 2032 MHz, 3996 MHz, 244.48 W, 41
2026/10/08 04:21:41.144, 4, 120 MHz, 3996 MHz, 182.65 W, 35
2026/10/08 04:21:41.144, 5, 120 MHz, 3996 MHz, 182.37 W, 33
2026/10/08 04:21:41.144, 6, 120 MHz, 3996 MHz, 184.83 W, 30
2026/10/08 04:21:41.144, 7, 120 MHz, 3996 MHz, 184.61 W, 28
2026/10/08 04:21:42.144, 0, 120 MHz, 3996 MHz, 188.35 W, 39
2026/10/08 04:21:42.144, 1, 120 MHz, 3996 MHz, 189.25 W, 41
2026/10/08 04:21:42.144, 2, 2032 MHz, 3996 MHz, 242.90 W, 40
2026/10/08 04:21:42.144, 3, 2032 MHz, 3996 MHz, 244.63 W, 41
2026/10/08 04:21:42.144, 4, 120 MHz, 3996 MHz, 182.65 W, 35
2026/10/08 04:21:42.144, 5, 120 MHz, 3996 MHz, 182.61 W, 33
2026/10/08 04:21:42.144, 6, 120 MHz, 3996 MHz, 184.83 W, 30
2026/10/08 04:21:42.144, 7, 120 MHz, 3996 MHz, 184.63 W, 28
