timestamp, index, clocks.current.sm [MHz], clocks.current.memory [MHz], power.draw [W], temperature.gpu
2026/10/08 04:04:17.651, 0, 120 MHz, 3996 MHz, 186.41 W, 38
2026/10/08 04:04:17.656, 1, 120 MHz, 3996 MHz, 188.38 W, 40
2026/10/08 04:04:17.660, 2, 2032 MHz, 3996 MHz, 239.79 W, 36
2026/10/08 04:04:17.664, 3, 2032 MHz, 3996 MHz, 240.57 W, 36
2026/10/08 04:04:17.668, 4, 120 MHz, 3996 MHz, 184.59 W, 37
2026/10/08 04:04:17.672, 5, 120 MHz, 3996 MHz, 182.65 W, 35
2026/10/08 04:04:17.677, 6, 2032 MHz, 3996 MHz, 248.75 W, 34
2026/10/08 04:04:17.681, 7, 2032 MHz, 3996 MHz, 238.95 W, 33
2026/10/08 04:04:18.685, 0, 120 MHz, 3996 MHz, 186.41 W, 38
2026/10/08 04:04:18.685, 1, 120 MHz, 3996 MHz, 188.46 W, 40
2026/10/08 04:04:18.685, 2, 2032 MHz, 3996 MHz, 240.20 W, 36
2026/10/08 04:04:18.685, 3, 2032 MHz, 3996 MHz, 240.57 W, 36
2026/10/08 04:04:18.685, 4, 120 MHz, 3996 MHz, 184.59 W, 37
2026/10/08 04:04:18.685, 5, 120 MHz, 3996 MHz, 182.73 W, 36
2026/10/08 04:04:18.685, 6, 2032 MHz, 3996 MHz, 248.64 W, 34
2026/10/08 04:04:18.685, 7, 2032 MHz, 3996 MHz, 238.95 W, 33
2026/10/08 04:04:19.685, 0, 120 MHz, 3996 MHz, 186.41 W, 38
2026/10/08 04:04:19.685, 1, 120 MHz, 3996 MHz, 188.26 W, 40
2026/10/08 04:04:19.685, 2, 2032 MHz, 3996 MHz, 240.18 W, 36
2026/10/08 04:04:19.685, 3, 2032 MHz, 3996 MHz, 240.45 W, 36
2026/10/08 04:04:19.685, 4, 120 MHz, 3996 MHz, 184.58 W, 37
2026/10/08 04:04:19.685, 5, 120 MHz, 3996 MHz, 182.81 W, 36
2026/10/08 04:04:19.685, 6, 2032 MHz, 3996 MHz, 248.77 W, 34
2026/10/08 04:04:19.685, 7, 2032 MHz, 3996 MHz, 238.95 W, 33
2026/10/08 04:04:20.686, 0, 120 MHz, 3996 MHz, 186.45 W, 38
2026/10/08 04:04:20.686, 1, 120 MHz, 3996 MHz, 188.65 W, 40
2026/10/08 04:04:20.686, 2, 2032 MHz, 3996 MHz, 248.56 W, 36
2026/10/08 04:04:20.686, 3, 2032 MHz, 3996 MHz, 240.57 W, 36
2026/10/08 04:04:20.686, 4, 120 MHz, 3996 MHz, 184.27 W, 37
2026/10/08 04:04:20.686, 5, 120 MHz, 3996 MHz, 184.28 W, 36
2026/10/08 04:04:20.686, 6, 2032 MHz, 3996 MHz, 252.17 W, 35
2026/10/08 04:04:20.686, 7, 2032 MHz, 3996 MHz, 239.25 W, 33
2026/10/08 04:04:21.686, 0, 120 MHz, 3996 MHz, 186.41 W, 38
2026/10/08 04:04:21.686, 1, 120 MHz, 3996 MHz, 188.53 W, 40
2026/10/08 04:04:21.686, 2, 2032 MHz, 3996 MHz, 240.05 W, 36
2026/10/08 04:04:21.686, 3, 2032 MHz, 3996 MHz, 240.57 W, 36
2026/10/08 04:04:21.686, 4, 120 MHz, 3996 MHz, 184.66 W, 37
2026/10/08 04:04:21.686, 5, 120 MHz, 3996 MHz, 184.59 W, 36
2026/10/08 04:04:21.686, 6, 2032 MHz, 3996 MHz, 250.35 W, 35
2026/10/08 04:04:21.686, 7, 2032 MHz, 3996 MHz, 239.40 W, 33
2026/10/08 04:04:22.686, 0, 120 MHz, 3996 MHz, 186.41 W, 38
2026/10/08 04:04:22.686, 1, 120 MHz, 3996 MHz, 188.30 W, 40
2026/10/08 04:04:22.686, 2, 2032 MHz, 3996 MHz, 246.65 W, 36
2026/10/08 04:04:22.686, 3, 2032 MHz, 3996 MHz, 247.69 W, 36
2026/10/08 04:04:22.686, 4, 120 MHz, 3996 MHz, 184.58 W, 37
2026/10/08 04:04:22.686, 5, 120 MHz, 3996 MHz, 184.59 W, 36
2026/10/08 04:04:22.686, 6, 2032 MHz, 3996 MHz, 252.19 W, 35
2026/10/08 04:04:22.686, 7, 2032 MHz, 3996 MHz, 240.44 W, 33
2026/10/08 04:04:23.686, 0, 120 MHz, 3996 MHz, 186.41 W, 38
2026/10/08 04:04:23.687, 1, 120 MHz, 3996 MHz, 188.30 W, 40
2026/10/08 04:04:23.687, 2, 2032 MHz, 3996 MHz, 238.80 W, 36
2026/10/08 04:04:23.687, 3, 2032 MHz, 3996 MHz, 240.45 W, 36
2026/10/08 04:04:23.687, 4, 120 MHz, 3996 MHz, 184.58 W, 37
2026/10/08 04:04:23.687, 5, 120 MHz, 3996 MHz, 184.55 W, 36
2026/10/08 04:04:23.687, 6, 2032 MHz, 3996 MHz, 253.15 W, 35
2026/10/08 04:04:23.687, 7, 2032 MHz, 3996 MHz, 240.79 W, 33
2026/10/08 04:04:24.687, 0, 120 MHz, 3996 MHz, 186.41 W, 38
2026/10/08 04:04:24.687, 1, 120 MHz, 3996 MHz, 188.34 W, 40
2026/10/08 04:04:24.687, 2, 2032 MHz, 3996 MHz, 238.68 W, 36
2026/10/08 04:04:24.687, 3, 2032 MHz, 3996 MHz, 240.02 W, 36
2026/10/08 04:04:24.687, 4, 120 MHz, 3996 MHz, 184.58 W, 37
2026/10/08 04:04:24.687, 5, 120 MHz, 3996 MHz, 184.51 W, 36
2026/10/08 04:04:24.687, 6, 2032 MHz, 3996 MHz, 249.12 W, 35
2026/10/08 04:04:24.687, 7, 2032 MHz, 3996 MHz, 240.99 W, 33
2026/10/08 04:04:25.687, 0, 120 MHz, 3996 MHz, 186.41 W, 38
2026/10/08 04:04:25.687, 1, 120 MHz, 3996 MHz, 188.26 W, 40
2026/10/08 04:04:25.687, 2, 2032 MHz, 3996 MHz, 238.60 W, 36
2026/10/08 04:04:25.687, 3, 2032 MHz, 3996 MHz, 239.72 W, 36
2026/10/08 04:04:25.687, 4, 120 MHz, 3996 MHz, 184.59 W, 37
2026/10/08 04:04:25.687, 5, 120 MHz, 3996 MHz, 184.55 W, 36
2026/10/08 04:04:25.687, 6, 2032 MHz, 3996 MHz, 249.29 W, 35
2026/10/08 04:04:25.687, 7, 2032 MHz, 3996 MHz, 244.32 W, 33
2026/10/08 04:04:26.687, 0, 120 MHz, 3996 MHz, 186.41 W, 38
2026/10/08 04:04:26.688, 1, 120 MHz, 3996 MHz, 188.42 W, 40
2026/10/08 04:04:26.688, 2, 2032 MHz, 3996 MHz, 238.61 W, 36
2026/10/08 04:04:26.688, 3, 2032 MHz, 3996 MHz, 239.59 W, 36
2026/10/08 04:04:26.688, 4, 120 MHz, 3996 MHz, 184.58 W, 37
2026/10/08 04:04:26.688, 5, 120 MHz, 3996 MHz, 184.55 W, 36
2026/10/08 04:04:26.688, 6, 2032 MHz, 3996 MHz, 249.54 W, 35
2026/10/08 04:04:26.688, 7, 2032 MHz, 3996 MHz, 239.51 W, 33
2026/10/08 04:04:27.688, 0, 120 MHz, 3996 MHz, 186.41 W, 38
2026/10/08 04:04:27.688, 1, 120 MHz, 3996 MHz, 188.38 W, 40
2026/10/08 04:04:27.688, 2, 2032 MHz, 3996 MHz, 238.65 W, 36
2026/10/08 04:04:27.688, 3, 2032 MHz, 3996 MHz, 239.57 W, 36
2026/10/08 04:04:27.688, 4, 120 MHz, 3996 MHz, 184.57 W, 37
2026/10/08 04:04:27.688, 5, 120 MHz, 3996 MHz, 184.59 W, 36
2026/10/08 04:04:27.688, 6, 2032 MHz, 3996 MHz, 250.04 W, 35
2026/10/08 04:04:27.688, 7, 2032 MHz, 3996 MHz, 239.57 W, 33
2026/10/08 04:04:28.688, 0, 120 MHz, 3996 MHz, 186.41 W, 38
2026/10/08 04:04:28.688, 1, 120 MHz, 3996 MHz, 188.23 W, 40
2026/10/08 04:04:28.688, 2, 2032 MHz, 3996 MHz, 238.60 W, 36
2026/10/08 04:04:28.688, 3, 2032 MHz, 3996 MHz, 239.53 W, 36
2026/10/08 04:04:28.688, 4, 120 MHz, 3996 MHz, 184.58 W, 37
2026/10/08 04:04:28.688, 5, 120 MHz, 3996 MHz, 184.55 W, 36
2026/10/08 04:04:28.688, 6, 2032 MHz, 3996 MHz, 249.88 W, 35
2026/10/08 04:04:28.688, 7, 2032 MHz, 3996 MHz, 239.97 W, 34
2026/10/08 04:04:29.689, 0, 120 MHz, 3996 MHz, 186.41 W, 38
2026/10/08 04:04:29.689, 1, 120 MHz, 3996 MHz, 188.34 W, 40
2026/10/08 04:04:29.689, 2, 1552 MHz, 3996 MHz, 339.93 W, 47
2026/10/08 04:04:29.689, 3, 2032 MHz, 3996 MHz, 479.13 W, 45
2026/10/08 04:04:29.689, 4, 120 MHz, 3996 MHz, 184.62 W, 37
2026/10/08 04:04:29.689, 5, 120 MHz, 3996 MHz, 184.59 W, 36
2026/10/08 04:04:29.689, 6, 2032 MHz, 3996 MHz, 250.13 W, 35
2026/10/08 04:04:29.689, 7, 2032 MHz, 3996 MHz, 240.05 W, 34
2026/10/08 04:04:30.689, 0, 120 MHz, 3996 MHz, 186.41 W, 38
2026/10/08 04:04:30.689, 1, 120 MHz, 3996 MHz, 188.46 W, 40
2026/10/08 04:04:30.689, 2, 2032 MHz, 3996 MHz, 471.37 W, 39
2026/10/08 04:04:30.689, 3, 2032 MHz, 3996 MHz, 358.98 W, 39
2026/10/08 04:04:30.689, 4, 120 MHz, 3996 MHz, 184.58 W, 37
2026/10/08 04:04:30.689, 5, 120 MHz, 3996 MHz, 184.59 W, 36
2026/10/08 04:04:30.689, 6, 2032 MHz, 3996 MHz, 250.40 W, 35
2026/10/08 04:04:30.689, 7, 2032 MHz, 3996 MHz, 240.39 W, 34
2026/10/08 04:04:31.689, 0, 120 MHz, 3996 MHz, 186.41 W, 38
2026/10/08 04:04:31.689, 1, 120 MHz, 3996 MHz, 188.85 W, 40
2026/10/08 04:04:31.689, 2, 2032 MHz, 3996 MHz, 267.58 W, 37
2026/10/08 04:04:31.689, 3, 2032 MHz, 3996 MHz, 241.09 W, 37
2026/10/08 04:04:31.689, 4, 120 MHz, 3996 MHz, 184.58 W, 37
2026/10/08 04:04:31.689, 5, 120 MHz, 3996 MHz, 184.21 W, 36
2026/10/08 04:04:31.689, 6, 2032 MHz, 3996 MHz, 250.46 W, 35
2026/10/08 04:04:31.690, 7, 2032 MHz, 3996 MHz, 240.47 W, 34
2026/10/08 04:04:32.690, 0, 120 MHz, 3996 MHz, 186.41 W, 38
2026/10/08 04:04:32.690, 1, 120 MHz, 3996 MHz, 188.26 W, 40
2026/10/08 04:04:32.690, 2, 1402 MHz, 3996 MHz, 788.54 W, 53
2026/10/08 04:04:32.690, 3, 1320 MHz, 3996 MHz, 875.93 W, 54
2026/10/08 04:04:32.690, 4, 120 MHz, 3996 MHz, 184.58 W, 37
2026/10/08 04:04:32.690, 5, 120 MHz, 3996 MHz, 184.01 W, 36
2026/10/08 04:04:32.690, 6, 2032 MHz, 3996 MHz, 250.43 W, 35
2026/10/08 04:04:32.690, 7, 2032 MHz, 3996 MHz, 240.51 W, 34
2026/10/08 04:04:33.690, 0, 120 MHz, 3996 MHz, 186.41 W, 38
2026/10/08 04:04:33.690, 1, 120 MHz, 3996 MHz, 188.34 W, 40
2026/10/08 04:04:33.690, 2, 1320 MHz, 3996 MHz, 1090.49 W, 55
2026/10/08 04:04:33.690, 3, 1327 MHz, 3996 MHz, 1089.44 W, 56
2026/10/08 04:04:33.690, 4, 120 MHz, 3996 MHz, 184.58 W, 37
2026/10/08 04:04:33.690, 5, 120 MHz, 3996 MHz, 184.29 W, 36
2026/10/08 04:04:33.690, 6, 2032 MHz, 3996 MHz, 253.32 W, 35
2026/10/08 04:04:33.690, 7, 2032 MHz, 3996 MHz, 240.45 W, 34
2026/10/08 04:04:34.691, 0, 120 MHz, 3996 MHz, 186.41 W, 38
2026/10/08 04:04:34.691, 1, 120 MHz, 3996 MHz, 188.30 W, 40
2026/10/08 04:04:34.691, 2, 2032 MHz, 3996 MHz, 1011.25 W, 49
2026/10/08 04:04:34.691, 3, 2032 MHz, 3996 MHz, 989.73 W, 49
2026/10/08 04:04:34.691, 4, 120 MHz, 3996 MHz, 184.59 W, 37
2026/10/08 04:04:34.691, 5, 120 MHz, 3996 MHz, 184.16 W, 36
2026/10/08 04:04:34.691, 6, 2032 MHz, 3996 MHz, 248.75 W, 35
2026/10/08 04:04:34.691, 7, 2032 MHz, 3996 MHz, 240.39 W, 34
2026/10/08 04:04:35.691, 0, 120 MHz, 3996 MHz, 186.41 W, 38
2026/10/08 04:04:35.691, 1, 120 MHz, 3996 MHz, 188.34 W, 40
2026/10/08 04:04:35.691, 2, 2032 MHz, 3996 MHz, 963.68 W, 49
2026/10/08 04:04:35.691, 3, 2032 MHz, 3996 MHz, 953.82 W, 49
2026/10/08 04:04:35.691, 4, 120 MHz, 3996 MHz, 184.58 W, 37
2026/10/08 04:04:35.691, 5, 120 MHz, 3996 MHz, 184.07 W, 36
2026/10/08 04:04:35.691, 6, 2032 MHz, 3996 MHz, 248.72 W, 35
2026/10/08 04:04:35.691, 7, 2032 MHz, 3996 MHz, 240.58 W, 34
2026/10/08 04:04:36.691, 0, 120 MHz, 3996 MHz, 186.41 W, 38
2026/10/08 04:04:36.691, 1, 120 MHz, 3996 MHz, 188.53 W, 40
2026/10/08 04:04:36.691, 2, 2032 MHz, 3996 MHz, 968.39 W, 50
2026/10/08 04:04:36.692, 3, 2032 MHz, 3996 MHz, 954.17 W, 50
2026/10/08 04:04:36.692, 4, 120 MHz, 3996 MHz, 184.57 W, 38
2026/10/08 04:04:36.692, 5, 120 MHz, 3996 MHz, 184.03 W, 36
2026/10/08 04:04:36.692, 6, 2032 MHz, 3996 MHz, 249.01 W, 35
2026/10/08 04:04:36.692, 7, 2032 MHz, 3996 MHz, 240.54 W, 34
2026/10/08 04:04:37.692, 0, 120 MHz, 3996 MHz, 186.41 W, 38
2026/10/08 04:04:37.692, 1, 120 MHz, 3996 MHz, 188.34 W, 40
2026/10/08 04:04:37.692, 2, 2032 MHz, 3996 MHz, 967.10 W, 50
2026/10/08 04:04:37.692, 3, 2032 MHz, 3996 MHz, 961.17 W, 50
2026/10/08 04:04:37.692, 4, 120 MHz, 3996 MHz, 184.59 W, 38
2026/10/08 04:04:37.692, 5, 120 MHz, 3996 MHz, 183.94 W, 36
2026/10/08 04:04:37.692, 6, 2032 MHz, 3996 MHz, 249.03 W, 35
2026/10/08 04:04:37.692, 7, 2032 MHz, 3996 MHz, 243.86 W, 34
2026/10/08 04:04:38.692, 0, 120 MHz, 3996 MHz, 186.41 W, 38
2026/10/08 04:04:38.692, 1, 120 MHz, 3996 MHz, 188.42 W, 40
2026/10/08 04:04:38.692, 2, 2032 MHz, 3996 MHz, 968.45 W, 50
2026/10/08 04:04:38.692, 3, 2032 MHz, 3996 MHz, 958.71 W, 50
2026/10/08 04:04:38.692, 4, 120 MHz, 3996 MHz, 184.58 W, 38
2026/10/08 04:04:38.692, 5, 120 MHz, 3996 MHz, 183.88 W, 36
2026/10/08 04:04:38.692, 6, 2032 MHz, 3996 MHz, 250.63 W, 35
2026/10/08 04:04:38.692, 7, 2032 MHz, 3996 MHz, 238.83 W, 34
2026/10/08 04:04:39.692, 0, 120 MHz, 3996 MHz, 187.66 W, 38
2026/10/08 04:04:39.698, 1, 120 MHz, 3996 MHz, 188.65 W, 41
2026/10/08 04:04:39.698, 2, 2032 MHz, 3996 MHz, 969.46 W, 51
2026/10/08 04:04:39.698, 3, 2032 MHz, 3996 MHz, 961.44 W, 51
2026/10/08 04:04:39.698, 4, 120 MHz, 3996 MHz, 184.58 W, 38
2026/10/08 04:04:39.698, 5, 120 MHz, 3996 MHz, 184.15 W, 36
2026/10/08 04:04:39.698, 6, 2032 MHz, 3996 MHz, 250.53 W, 35
2026/10/08 04:04:39.698, 7, 2032 MHz, 3996 MHz, 239.15 W, 34
2026/10/08 04:04:40.699, 0, 120 MHz, 3996 MHz, 188.35 W, 38
2026/10/08 04:04:40.699, 1, 120 MHz, 3996 MHz, 189.44 W, 41
2026/10/08 04:04:40.699, 2, 2032 MHz, 3996 MHz, 971.76 W, 51
2026/10/08 04:04:40.699, 3, 2032 MHz, 3996 MHz, 966.59 W, 51
2026/10/08 04:04:40.699, 4, 120 MHz, 3996 MHz, 184.59 W, 38
2026/10/08 04:04:40.699, 5, 120 MHz, 3996 MHz, 183.83 W, 36
2026/10/08 04:04:40.699, 6, 2032 MHz, 3996 MHz, 250.52 W, 35
2026/10/08 04:04:40.699, 7, 2032 MHz, 3996 MHz, 238.94 W, 34
2026/10/08 04:04:41.699, 0, 120 MHz, 3996 MHz, 188.35 W, 38
2026/10/08 04:04:41.699, 1, 120 MHz, 3996 MHz, 190.17 W, 41
2026/10/08 04:04:41.699, 2, 2032 MHz, 3996 MHz, 973.02 W, 52
2026/10/08 04:04:41.699, 3, 2032 MHz, 3996 MHz, 964.20 W, 51
2026/10/08 04:04:41.699, 4, 120 MHz, 3996 MHz, 184.58 W, 38
2026/10/08 04:04:41.699, 5, 120 MHz, 3996 MHz, 184.32 W, 36
2026/10/08 04:04:41.699, 6, 2032 MHz, 3996 MHz, 250.53 W, 35
2026/10/08 04:04:41.699, 7, 2032 MHz, 3996 MHz, 239.32 W, 34
2026/10/08 04:04:42.699, 0, 120 MHz, 3996 MHz, 188.35 W, 39
2026/10/08 04:04:42.699, 1, 120 MHz, 3996 MHz, 190.17 W, 41
2026/10/08 04:04:42.700, 2, 1320 MHz, 3996 MHz, 1028.03 W, 59
2026/10/08 04:04:42.700, 3, 1305 MHz, 3996 MHz, 1021.74 W, 59
2026/10/08 04:04:42.700, 4, 120 MHz, 3996 MHz, 184.49 W, 38
2026/10/08 04:04:42.700, 5, 2032 MHz, 3996 MHz, 220.15 W, 37
2026/10/08 04:04:42.700, 6, 2032 MHz, 3996 MHz, 250.53 W, 36
2026/10/08 04:04:42.700, 7, 2032 MHz, 3996 MHz, 240.12 W, 34
2026/10/08 04:04:43.700, 0, 120 MHz, 3996 MHz, 188.35 W, 39
2026/10/08 04:04:43.700, 1, 120 MHz, 3996 MHz, 190.17 W, 41
2026/10/08 04:04:43.700, 2, 1320 MHz, 3996 MHz, 1086.07 W, 60
2026/10/08 04:04:43.700, 3, 1320 MHz, 3996 MHz, 1085.11 W, 60
2026/10/08 04:04:43.700, 4, 120 MHz, 3996 MHz, 184.46 W, 38
2026/10/08 04:04:43.700, 5, 2032 MHz, 3996 MHz, 237.92 W, 38
2026/10/08 04:04:43.700, 6, 2032 MHz, 3996 MHz, 250.56 W, 36
2026/10/08 04:04:43.700, 7, 2032 MHz, 3996 MHz, 240.62 W, 34
2026/10/08 04:04:44.700, 0, 120 MHz, 3996 MHz, 188.35 W, 39
2026/10/08 04:04:44.700, 1, 120 MHz, 3996 MHz, 190.17 W, 41
2026/10/08 04:04:44.700, 2, 2017 MHz, 3996 MHz, 1056.61 W, 53
2026/10/08 04:04:44.700, 3, 2032 MHz, 3996 MHz, 1051.20 W, 54
2026/10/08 04:04:44.700, 4, 120 MHz, 3996 MHz, 184.46 W, 38
2026/10/08 04:04:44.700, 5, 2032 MHz, 3996 MHz, 238.03 W, 38
2026/10/08 04:04:44.700, 6, 2032 MHz, 3996 MHz, 250.55 W, 36
2026/10/08 04:04:44.700, 7, 2032 MHz, 3996 MHz, 240.62 W, 34
2026/10/08 04:04:45.700, 0, 120 MHz, 3996 MHz, 188.35 W, 39
2026/10/08 04:04:45.701, 1, 120 MHz, 3996 MHz, 190.17 W, 41
2026/10/08 04:04:45.701, 2, 2032 MHz, 3996 MHz, 968.62 W, 53
2026/10/08 04:04:45.701, 3, 2032 MHz, 3996 MHz, 964.78 W, 53
2026/10/08 04:04:45.701, 4, 120 MHz, 3996 MHz, 184.46 W, 38
2026/10/08 04:04:45.701, 5, 2032 MHz, 3996 MHz, 238.38 W, 38
2026/10/08 04:04:45.701, 6, 2032 MHz, 3996 MHz, 250.56 W, 36
2026/10/08 04:04:45.701, 7, 2032 MHz, 3996 MHz, 240.62 W, 34
2026/10/08 04:04:46.701, 0, 120 MHz, 3996 MHz, 188.35 W, 39
2026/10/08 04:04:46.701, 1, 120 MHz, 3996 MHz, 190.17 W, 41
2026/10/08 04:04:46.701, 2, 2032 MHz, 3996 MHz, 971.27 W, 53
2026/10/08 04:04:46.701, 3, 2032 MHz, 3996 MHz, 965.15 W, 53
2026/10/08 04:04:46.701, 4, 2032 MHz, 3996 MHz, 202.32 W, 39
2026/10/08 04:04:46.701, 5, 2032 MHz, 3996 MHz, 238.63 W, 38
2026/10/08 04:04:46.701, 6, 2032 MHz, 3996 MHz, 250.55 W, 36
2026/10/08 04:04:46.701, 7, 2032 MHz, 3996 MHz, 240.62 W, 34
2026/10/08 04:04:47.701, 0, 2032 MHz, 3996 MHz, 210.60 W, 40
2026/10/08 04:04:47.701, 1, 120 MHz, 3996 MHz, 190.11 W, 41
2026/10/08 04:04:47.701, 2, 2032 MHz, 3996 MHz, 973.54 W, 53
2026/10/08 04:04:47.701, 3, 2032 MHz, 3996 MHz, 965.79 W, 53
2026/10/08 04:04:47.701, 4, 2032 MHz, 3996 MHz, 246.12 W, 39
2026/10/08 04:04:47.701, 5, 2032 MHz, 3996 MHz, 238.55 W, 38
2026/10/08 04:04:47.701, 6, 2032 MHz, 3996 MHz, 250.54 W, 36
2026/10/08 04:04:47.701, 7, 2032 MHz, 3996 MHz, 240.62 W, 34
2026/10/08 04:04:48.702, 0, 2032 MHz, 3996 MHz, 245.02 W, 40
2026/10/08 04:04:48.702, 1, 120 MHz, 3996 MHz, 190.04 W, 41
2026/10/08 04:04:48.702, 2, 2032 MHz, 3996 MHz, 974.47 W, 54
2026/10/08 04:04:48.702, 3, 2032 MHz, 3996 MHz, 971.06 W, 54
2026/10/08 04:04:48.702, 4, 2032 MHz, 3996 MHz, 245.40 W, 39
2026/10/08 04:04:48.702, 5, 2032 MHz, 3996 MHz, 238.60 W, 38
2026/10/08 04:04:48.702, 6, 2032 MHz, 3996 MHz, 250.56 W, 36
2026/10/08 04:04:48.702, 7, 2032 MHz, 3996 MHz, 240.62 W, 34
2026/10/08 04:04:49.702, 0, 2032 MHz, 3996 MHz, 247.74 W, 40
2026/10/08 04:04:49.702, 1, 120 MHz, 3996 MHz, 190.04 W, 41
2026/10/08 04:04:49.702, 2, 2032 MHz, 3996 MHz, 975.86 W, 54
2026/10/08 04:04:49.702, 3, 2032 MHz, 3996 MHz, 972.65 W, 54
2026/10/08 04:04:49.702, 4, 2032 MHz, 3996 MHz, 245.35 W, 40
2026/10/08 04:04:49.702, 5, 2032 MHz, 3996 MHz, 238.67 W, 38
2026/10/08 04:04:49.702, 6, 2032 MHz, 3996 MHz, 250.58 W, 36
2026/10/08 04:04:49.702, 7, 2032 MHz, 3996 MHz, 240.62 W, 34
2026/10/08 04:04:50.702, 0, 2032 MHz, 3996 MHz, 246.69 W, 41
2026/10/08 04:04:50.702, 1, 120 MHz, 3996 MHz, 190.04 W, 41
2026/10/08 04:04:50.702, 2, 2032 MHz, 3996 MHz, 978.09 W, 54
2026/10/08 04:04:50.702, 3, 2032 MHz, 3996 MHz, 968.54 W, 54
2026/10/08 04:04:50.702, 4, 2032 MHz, 3996 MHz, 245.82 W, 40
2026/10/08 04:04:50.702, 5, 2032 MHz, 3996 MHz, 238.61 W, 38
2026/10/08 04:04:50.702, 6, 2032 MHz, 3996 MHz, 250.53 W, 36
2026/10/08 04:04:50.702, 7, 2032 MHz, 3996 MHz, 240.62 W, 35
2026/10/08 04:04:51.703, 0, 2032 MHz, 3996 MHz, 266.20 W, 41
2026/10/08 04:04:51.703, 1, 2032 MHz, 3996 MHz, 199.82 W, 42
2026/10/08 04:04:51.703, 2, 2032 MHz, 3996 MHz, 981.07 W, 54
2026/10/08 04:04:51.703, 3, 2032 MHz, 3996 MHz, 968.55 W, 54
2026/10/08 04:04:51.703, 4, 2032 MHz, 3996 MHz, 246.20 W, 40
2026/10/08 04:04:51.703, 5, 2032 MHz, 3996 MHz, 238.86 W, 38
2026/10/08 04:04:51.703, 6, 2032 MHz, 3996 MHz, 250.55 W, 36
2026/10/08 04:04:51.703, 7, 2032 MHz, 3996 MHz, 240.62 W, 35
2026/10/08 04:04:52.703, 0, 2032 MHz, 3996 MHz, 282.23 W, 41
2026/10/08 04:04:52.703, 1, 2032 MHz, 3996 MHz, 252.38 W, 43
2026/10/08 04:04:52.703, 2, 2032 MHz, 3996 MHz, 984.63 W, 55
2026/10/08 04:04:52.703, 3, 2032 MHz, 3996 MHz, 970.15 W, 55
2026/10/08 04:04:52.703, 4, 2032 MHz, 3996 MHz, 246.28 W, 40
2026/10/08 04:04:52.703, 5, 2032 MHz, 3996 MHz, 238.74 W, 38
2026/10/08 04:04:52.703, 6, 2032 MHz, 3996 MHz, 250.54 W, 36
2026/10/08 04:04:52.703, 7, 2032 MHz, 3996 MHz, 240.62 W, 35
2026/10/08 04:04:53.703, 0, 2032 MHz, 3996 MHz, 272.36 W, 41
2026/10/08 04:04:53.703, 1, 2032 MHz, 3996 MHz, 252.18 W, 43
2026/10/08 04:04:53.703, 2, 1312 MHz, 3996 MHz, 1095.09 W, 62
2026/10/08 04:04:53.703, 3, 1327 MHz, 3996 MHz, 1098.12 W, 62
2026/10/08 04:04:53.703, 4, 2032 MHz, 3996 MHz, 246.28 W, 40
2026/10/08 04:04:53.703, 5, 2032 MHz, 3996 MHz, 238.67 W, 38
2026/10/08 04:04:53.703, 6, 2032 MHz, 3996 MHz, 250.57 W, 36
2026/10/08 04:04:53.703, 7, 2032 MHz, 3996 MHz, 240.62 W, 35
2026/10/08 04:04:54.703, 0, 2032 MHz, 3996 MHz, 259.08 W, 41
2026/10/08 04:04:54.704, 1, 2032 MHz, 3996 MHz, 253.79 W, 43
2026/10/08 04:04:54.704, 2, 1312 MHz, 3996 MHz, 1089.99 W, 62
2026/10/08 04:04:54.704, 3, 1320 MHz, 3996 MHz, 1090.43 W, 63
2026/10/08 04:04:54.704, 4, 2032 MHz, 3996 MHz, 246.28 W, 40
2026/10/08 04:04:54.704, 5, 2032 MHz, 3996 MHz, 238.76 W, 39
2026/10/08 04:04:54.704, 6, 2032 MHz, 3996 MHz, 250.54 W, 36
2026/10/08 04:04:54.704, 7, 2032 MHz, 3996 MHz, 240.62 W, 35
2026/10/08 04:04:55.704, 0, 2032 MHz, 3996 MHz, 253.39 W, 41
2026/10/08 04:04:55.704, 1, 2032 MHz, 3996 MHz, 254.21 W, 43
2026/10/08 04:04:55.704, 2, 2032 MHz, 3996 MHz, 985.12 W, 56
2026/10/08 04:04:55.704, 3, 2032 MHz, 3996 MHz, 973.92 W, 56
2026/10/08 04:04:55.704, 4, 2032 MHz, 3996 MHz, 246.28 W, 40
2026/10/08 04:04:55.704, 5, 2032 MHz, 3996 MHz, 238.90 W, 39
2026/10/08 04:04:55.704, 6, 2032 MHz, 3996 MHz, 250.55 W, 36
2026/10/08 04:04:55.704, 7, 2032 MHz, 3996 MHz, 240.62 W, 35
2026/10/08 04:04:56.704, 0, 2032 MHz, 3996 MHz, 252.23 W, 42
2026/10/08 04:04:56.704, 1, 2032 MHz, 3996 MHz, 272.41 W, 44
2026/10/08 04:04:56.704, 2, 2032 MHz, 3996 MHz, 976.39 W, 56
2026/10/08 04:04:56.704, 3, 2032 MHz, 3996 MHz, 966.84 W, 56
2026/10/08 04:04:56.704, 4, 2032 MHz, 3996 MHz, 246.28 W, 40
2026/10/08 04:04:56.704, 5, 2032 MHz, 3996 MHz, 238.62 W, 39
2026/10/08 04:04:56.704, 6, 2032 MHz, 3996 MHz, 252.26 W, 36
2026/10/08 04:04:56.704, 7, 2032 MHz, 3996 MHz, 240.61 W, 35
2026/10/08 04:04:57.704, 0, 2032 MHz, 3996 MHz, 264.51 W, 42
2026/10/08 04:04:57.705, 1, 2032 MHz, 3996 MHz, 258.69 W, 44
2026/10/08 04:04:57.705, 2, 2032 MHz, 3996 MHz, 977.36 W, 56
2026/10/08 04:04:57.705, 3, 2032 MHz, 3996 MHz, 967.50 W, 56
2026/10/08 04:04:57.705, 4, 2032 MHz, 3996 MHz, 246.35 W, 40
2026/10/08 04:04:57.705, 5, 2032 MHz, 3996 MHz, 238.51 W, 39
2026/10/08 04:04:57.705, 6, 2032 MHz, 3996 MHz, 258.70 W, 36
2026/10/08 04:04:57.705, 7, 2032 MHz, 3996 MHz, 240.59 W, 35
2026/10/08 04:04:58.705, 0, 1770 MHz, 3996 MHz, 383.61 W, 43
2026/10/08 04:04:58.705, 1, 2032 MHz, 3996 MHz, 287.29 W, 44
2026/10/08 04:04:58.705, 2, 2032 MHz, 3996 MHz, 979.37 W, 56
2026/10/08 04:04:58.705, 3, 2032 MHz, 3996 MHz, 970.89 W, 56
2026/10/08 04:04:58.705, 4, 2032 MHz, 3996 MHz, 246.28 W, 40
2026/10/08 04:04:58.705, 5, 2032 MHz, 3996 MHz, 238.52 W, 39
2026/10/08 04:04:58.705, 6, 2032 MHz, 3996 MHz, 250.51 W, 36
2026/10/08 04:04:58.705, 7, 2032 MHz, 3996 MHz, 240.62 W, 35
2026/10/08 04:04:59.705, 0, 2032 MHz, 3996 MHz, 460.12 W, 48
2026/10/08 04:04:59.705, 1, 2032 MHz, 3996 MHz, 273.35 W, 44
2026/10/08 04:04:59.705, 2, 2032 MHz, 3996 MHz, 983.79 W, 56
2026/10/08 04:04:59.705, 3, 2032 MHz, 3996 MHz, 972.36 W, 56
2026/10/08 04:04:59.705, 4, 2032 MHz, 3996 MHz, 246.28 W, 40
2026/10/08 04:04:59.705, 5, 2032 MHz, 3996 MHz, 238.88 W, 39
2026/10/08 04:04:59.705, 6, 2032 MHz, 3996 MHz, 250.53 W, 36
2026/10/08 04:04:59.705, 7, 2032 MHz, 3996 MHz, 240.62 W, 35
2026/10/08 04:05:00.705, 0, 2032 MHz, 3996 MHz, 811.41 W, 52
2026/10/08 04:05:00.706, 1, 2032 MHz, 3996 MHz, 260.47 W, 44
2026/10/08 04:05:00.706, 2, 2032 MHz, 3996 MHz, 982.12 W, 56
2026/10/08 04:05:00.706, 3, 2032 MHz, 3996 MHz, 972.46 W, 56
2026/10/08 04:05:00.706, 4, 2032 MHz, 3996 MHz, 246.28 W, 40
2026/10/08 04:05:00.706, 5, 2032 MHz, 3996 MHz, 240.32 W, 39
2026/10/08 04:05:00.706, 6, 2032 MHz, 3996 MHz, 250.52 W, 36
2026/10/08 04:05:00.706, 7, 2032 MHz, 3996 MHz, 242.29 W, 35
2026/10/08 04:05:01.706, 0, 2032 MHz, 3996 MHz, 816.64 W, 53
2026/10/08 04:05:01.706, 1, 2032 MHz, 3996 MHz, 275.29 W, 45
2026/10/08 04:05:01.706, 2, 2032 MHz, 3996 MHz, 982.91 W, 56
2026/10/08 04:05:01.706, 3, 2032 MHz, 3996 MHz, 973.04 W, 57
2026/10/08 04:05:01.706, 4, 2032 MHz, 3996 MHz, 246.28 W, 40
2026/10/08 04:05:01.706, 5, 2032 MHz, 3996 MHz, 239.86 W, 39
2026/10/08 04:05:01.706, 6, 2032 MHz, 3996 MHz, 250.51 W, 36
2026/10/08 04:05:01.706, 7, 2032 MHz, 3996 MHz, 247.61 W, 35
2026/10/08 04:05:02.706, 0, 2032 MHz, 3996 MHz, 818.30 W, 53
2026/10/08 04:05:02.706, 1, 2032 MHz, 3996 MHz, 266.21 W, 44
2026/10/08 04:05:02.706, 2, 2032 MHz, 3996 MHz, 988.18 W, 57
2026/10/08 04:05:02.706, 3, 2032 MHz, 3996 MHz, 975.26 W, 57
2026/10/08 04:05:02.706, 4, 2032 MHz, 3996 MHz, 246.28 W, 40
2026/10/08 04:05:02.706, 5, 2032 MHz, 3996 MHz, 239.39 W, 39
2026/10/08 04:05:02.706, 6, 2032 MHz, 3996 MHz, 250.53 W, 36
2026/10/08 04:05:02.706, 7, 2032 MHz, 3996 MHz, 240.62 W, 35
2026/10/08 04:05:03.706, 0, 2032 MHz, 3996 MHz, 816.77 W, 54
2026/10/08 04:05:03.706, 1, 2032 MHz, 3996 MHz, 257.81 W, 44
2026/10/08 04:05:03.706, 2, 1320 MHz, 3996 MHz, 1059.08 W, 63
2026/10/08 04:05:03.706, 3, 1327 MHz, 3996 MHz, 1061.16 W, 64
2026/10/08 04:05:03.706, 4, 2032 MHz, 3996 MHz, 246.33 W, 41
2026/10/08 04:05:03.706, 5, 2032 MHz, 3996 MHz, 256.82 W, 39
2026/10/08 04:05:03.706, 6, 2032 MHz, 3996 MHz, 250.66 W, 36
2026/10/08 04:05:03.706, 7, 2032 MHz, 3996 MHz, 240.62 W, 35
2026/10/08 04:05:04.707, 0, 2032 MHz, 3996 MHz, 820.12 W, 54
2026/10/08 04:05:04.707, 1, 2032 MHz, 3996 MHz, 260.89 W, 45
2026/10/08 04:05:04.707, 2, 1312 MHz, 3996 MHz, 1090.28 W, 64
2026/10/08 04:05:04.707, 3, 1312 MHz, 3996 MHz, 1091.02 W, 64
2026/10/08 04:05:04.707, 4, 2032 MHz, 3996 MHz, 246.63 W, 41
2026/10/08 04:05:04.707, 5, 2032 MHz, 3996 MHz, 238.63 W, 39
2026/10/08 04:05:04.707, 6, 2032 MHz, 3996 MHz, 250.52 W, 36
2026/10/08 04:05:04.707, 7, 2032 MHz, 3996 MHz, 240.62 W, 35
2026/10/08 04:05:05.707, 0, 2032 MHz, 3996 MHz, 816.81 W, 54
2026/10/08 04:05:05.707, 1, 2032 MHz, 3996 MHz, 254.34 W, 45
2026/10/08 04:05:05.707, 2, 2032 MHz, 3996 MHz, 1032.15 W, 58
2026/10/08 04:05:05.707, 3, 2032 MHz, 3996 MHz, 999.53 W, 58
2026/10/08 04:05:05.707, 4, 2032 MHz, 3996 MHz, 248.14 W, 41
2026/10/08 04:05:05.707, 5, 2032 MHz, 3996 MHz, 238.65 W, 39
2026/10/08 04:05:05.707, 6, 2032 MHz, 3996 MHz, 250.52 W, 36
2026/10/08 04:05:05.707, 7, 2032 MHz, 3996 MHz, 240.70 W, 35
2026/10/08 04:05:06.707, 0, 2032 MHz, 3996 MHz, 820.53 W, 55
2026/10/08 04:05:06.707, 1, 2032 MHz, 3996 MHz, 262.90 W, 45
2026/10/08 04:05:06.707, 2, 2032 MHz, 3996 MHz, 979.97 W, 57
2026/10/08 04:05:06.707, 3, 2032 MHz, 3996 MHz, 972.27 W, 57
2026/10/08 04:05:06.707, 4, 2032 MHz, 3996 MHz, 248.10 W, 41
2026/10/08 04:05:06.707, 5, 2032 MHz, 3996 MHz, 238.67 W, 39
2026/10/08 04:05:06.707, 6, 2032 MHz, 3996 MHz, 250.53 W, 36
2026/10/08 04:05:06.707, 7, 2032 MHz, 3996 MHz, 240.62 W, 35
2026/10/08 04:05:07.707, 0, 2032 MHz, 3996 MHz, 821.52 W, 55
2026/10/08 04:05:07.708, 1, 2032 MHz, 3996 MHz, 263.04 W, 45
2026/10/08 04:05:07.708, 2, 2032 MHz, 3996 MHz, 981.83 W, 57
2026/10/08 04:05:07.708, 3, 2032 MHz, 3996 MHz, 973.02 W, 57
2026/10/08 04:05:07.708, 4, 2032 MHz, 3996 MHz, 264.91 W, 42
2026/10/08 04:05:07.708, 5, 2032 MHz, 3996 MHz, 238.58 W, 39
2026/10/08 04:05:07.708, 6, 2032 MHz, 3996 MHz, 250.53 W, 36
2026/10/08 04:05:07.708, 7, 2032 MHz, 3996 MHz, 240.62 W, 35
2026/10/08 04:05:08.708, 0, 2032 MHz, 3996 MHz, 678.43 W, 51
2026/10/08 04:05:08.708, 1, 2032 MHz, 3996 MHz, 284.12 W, 46
2026/10/08 04:05:08.708, 2, 2032 MHz, 3996 MHz, 982.44 W, 57
2026/10/08 04:05:08.708, 3, 2032 MHz, 3996 MHz, 972.06 W, 58
2026/10/08 04:05:08.708, 4, 2032 MHz, 3996 MHz, 247.91 W, 41
2026/10/08 04:05:08.708, 5, 2032 MHz, 3996 MHz, 238.71 W, 39
2026/10/08 04:05:08.708, 6, 2032 MHz, 3996 MHz, 250.52 W, 36
2026/10/08 04:05:08.708, 7, 2032 MHz, 3996 MHz, 240.62 W, 35
2026/10/08 04:05:09.708, 0, 2032 MHz, 3996 MHz, 253.77 W, 47
2026/10/08 04:05:09.708, 1, 2032 MHz, 3996 MHz, 269.67 W, 45
2026/10/08 04:05:09.708, 2, 2032 MHz, 3996 MHz, 983.44 W, 58
2026/10/08 04:05:09.708, 3, 2032 MHz, 3996 MHz, 974.05 W, 58
2026/10/08 04:05:09.708, 4, 2032 MHz, 3996 MHz, 246.35 W, 41
2026/10/08 04:05:09.708, 5, 2032 MHz, 3996 MHz, 238.85 W, 39
2026/10/08 04:05:09.708, 6, 2032 MHz, 3996 MHz, 276.48 W, 36
2026/10/08 04:05:09.708, 7, 2032 MHz, 3996 MHz, 267.46 W, 35
2026/10/08 04:05:10.708, 0, 2032 MHz, 3996 MHz, 251.97 W, 46
2026/10/08 04:05:10.708, 1, 1387 MHz, 3996 MHz, 471.46 W, 57
2026/10/08 04:05:10.708, 2, 2032 MHz, 3996 MHz, 985.42 W, 58
2026/10/08 04:05:10.708, 3, 2032 MHz, 3996 MHz, 973.93 W, 58
2026/10/08 04:05:10.708, 4, 2032 MHz, 3996 MHz, 246.28 W, 41
2026/10/08 04:05:10.709, 5, 2032 MHz, 3996 MHz, 238.68 W, 39
2026/10/08 04:05:10.709, 6, 2032 MHz, 3996 MHz, 250.54 W, 36
2026/10/08 04:05:10.709, 7, 2032 MHz, 3996 MHz, 240.62 W, 35
2026/10/08 04:05:11.709, 0, 2032 MHz, 3996 MHz, 252.06 W, 46
2026/10/08 04:05:11.709, 1, 2032 MHz, 3996 MHz, 314.48 W, 46
2026/10/08 04:05:11.709, 2, 2032 MHz, 3996 MHz, 986.09 W, 58
2026/10/08 04:05:11.709, 3, 2032 MHz, 3996 MHz, 974.87 W, 58
2026/10/08 04:05:11.709, 4, 2032 MHz, 3996 MHz, 246.32 W, 41
2026/10/08 04:05:11.709, 5, 2032 MHz, 3996 MHz, 239.30 W, 39
2026/10/08 04:05:11.709, 6, 2032 MHz, 3996 MHz, 255.10 W, 36
2026/10/08 04:05:11.709, 7, 2032 MHz, 3996 MHz, 245.29 W, 35
2026/10/08 04:05:12.709, 0, 2032 MHz, 3996 MHz, 263.85 W, 46
2026/10/08 04:05:12.709, 1, 1987 MHz, 3996 MHz, 415.37 W, 51
2026/10/08 04:05:12.709, 2, 2032 MHz, 3996 MHz, 986.83 W, 58
2026/10/08 04:05:12.709, 3, 2032 MHz, 3996 MHz, 975.97 W, 58
2026/10/08 04:05:12.709, 4, 2032 MHz, 3996 MHz, 246.28 W, 41
2026/10/08 04:05:12.709, 5, 2032 MHz, 3996 MHz, 238.80 W, 39
2026/10/08 04:05:12.709, 6, 2032 MHz, 3996 MHz, 250.55 W, 36
2026/10/08 04:05:12.709, 7, 2032 MHz, 3996 MHz, 240.58 W, 35
2026/10/08 04:05:13.709, 0, 412 MHz, 3996 MHz, 249.99 W, 46
2026/10/08 04:05:13.710, 1, 2032 MHz, 3996 MHz, 935.83 W, 58
2026/10/08 04:05:13.710, 2, 1380 MHz, 3996 MHz, 1026.58 W, 65
2026/10/08 04:05:13.710, 3, 1410 MHz, 3996 MHz, 1020.58 W, 64
2026/10/08 04:05:13.710, 4, 2032 MHz, 3996 MHz, 246.28 W, 41
2026/10/08 04:05:13.710, 5, 2032 MHz, 3996 MHz, 238.91 W, 39
2026/10/08 04:05:13.710, 6, 2032 MHz, 3996 MHz, 250.56 W, 36
2026/10/08 04:05:13.710, 7, 2032 MHz, 3996 MHz, 240.62 W, 35
2026/10/08 04:05:14.710, 0, 262 MHz, 3996 MHz, 193.90 W, 45
2026/10/08 04:05:14.710, 1, 2032 MHz, 3996 MHz, 944.48 W, 59
2026/10/08 04:05:14.710, 2, 1312 MHz, 3996 MHz, 1080.33 W, 65
2026/10/08 04:05:14.710, 3, 1320 MHz, 3996 MHz, 1088.32 W, 65
2026/10/08 04:05:14.710, 4, 2032 MHz, 3996 MHz, 246.28 W, 41
2026/10/08 04:05:14.710, 5, 2032 MHz, 3996 MHz, 239.17 W, 39
2026/10/08 04:05:14.710, 6, 2032 MHz, 3996 MHz, 250.62 W, 36
2026/10/08 04:05:14.710, 7, 2032 MHz, 3996 MHz, 240.62 W, 35
2026/10/08 04:05:15.710, 0, 165 MHz, 3996 MHz, 192.24 W, 45
2026/10/08 04:05:15.710, 1, 2032 MHz, 3996 MHz, 946.48 W, 60
2026/10/08 04:05:15.710, 2, 1312 MHz, 3996 MHz, 1080.27 W, 62
2026/10/08 04:05:15.710, 3, 1357 MHz, 3996 MHz, 1075.13 W, 65
2026/10/08 04:05:15.710, 4, 2032 MHz, 3996 MHz, 246.28 W, 41
2026/10/08 04:05:15.710, 5, 2032 MHz, 3996 MHz, 238.75 W, 39
2026/10/08 04:05:15.710, 6, 2032 MHz, 3996 MHz, 250.48 W, 36
2026/10/08 04:05:15.710, 7, 2032 MHz, 3996 MHz, 240.47 W, 35
2026/10/08 04:05:16.710, 0, 120 MHz, 3996 MHz, 192.18 W, 45
2026/10/08 04:05:16.710, 1, 2032 MHz, 3996 MHz, 950.85 W, 60
2026/10/08 04:05:16.710, 2, 2032 MHz, 3996 MHz, 966.89 W, 58
2026/10/08 04:05:16.710, 3, 2032 MHz, 3996 MHz, 961.73 W, 58
2026/10/08 04:05:16.710, 4, 2032 MHz, 3996 MHz, 246.28 W, 41
2026/10/08 04:05:16.710, 5, 2032 MHz, 3996 MHz, 238.87 W, 39
2026/10/08 04:05:16.710, 6, 2032 MHz, 3996 MHz, 250.54 W, 36
2026/10/08 04:05:16.710, 7, 2032 MHz, 3996 MHz, 240.46 W, 35
2026/10/08 04:05:17.711, 0, 120 MHz, 3996 MHz, 192.23 W, 45
2026/10/08 04:05:17.711, 1, 2032 MHz, 3996 MHz, 948.49 W, 61
2026/10/08 04:05:17.711, 2, 2032 MHz, 3996 MHz, 984.26 W, 58
2026/10/08 04:05:17.711, 3, 2032 MHz, 3996 MHz, 975.22 W, 58
2026/10/08 04:05:17.711, 4, 2032 MHz, 3996 MHz, 246.28 W, 41
2026/10/08 04:05:17.711, 5, 2032 MHz, 3996 MHz, 239.11 W, 40
2026/10/08 04:05:17.711, 6, 2032 MHz, 3996 MHz, 250.54 W, 36
2026/10/08 04:05:17.711, 7, 2032 MHz, 3996 MHz, 240.31 W, 35
2026/10/08 04:05:18.711, 0, 120 MHz, 3996 MHz, 192.23 W, 45
2026/10/08 04:05:18.711, 1, 2032 MHz, 3996 MHz, 948.89 W, 61
2026/10/08 04:05:18.711, 2, 2032 MHz, 3996 MHz, 990.22 W, 58
2026/10/08 04:05:18.711, 3, 2032 MHz, 3996 MHz, 974.86 W, 58
2026/10/08 04:05:18.711, 4, 2032 MHz, 3996 MHz, 246.28 W, 41
2026/10/08 04:05:18.711, 5, 2032 MHz, 3996 MHz, 238.96 W, 39
2026/10/08 04:05:18.711, 6, 2032 MHz, 3996 MHz, 250.61 W, 36
2026/10/08 04:05:18.711, 7, 2032 MHz, 3996 MHz, 240.61 W, 35
2026/10/08 04:05:19.711, 0, 120 MHz, 3996 MHz, 192.21 W, 45
2026/10/08 04:05:19.711, 1, 2032 MHz, 3996 MHz, 952.34 W, 61
2026/10/08 04:05:19.711, 2, 2032 MHz, 3996 MHz, 985.66 W, 58
2026/10/08 04:05:19.711, 3, 2032 MHz, 3996 MHz, 975.30 W, 58
2026/10/08 04:05:19.711, 4, 2032 MHz, 3996 MHz, 246.28 W, 41
2026/10/08 04:05:19.711, 5, 2032 MHz, 3996 MHz, 239.26 W, 39
2026/10/08 04:05:19.711, 6, 2032 MHz, 3996 MHz, 250.47 W, 36
2026/10/08 04:05:19.711, 7, 2032 MHz, 3996 MHz, 240.58 W, 34
2026/10/08 04:05:20.712, 0, 120 MHz, 3996 MHz, 192.21 W, 45
2026/10/08 04:05:20.712, 1, 2032 MHz, 3996 MHz, 953.82 W, 62
2026/10/08 04:05:20.712, 2, 2032 MHz, 3996 MHz, 985.40 W, 58
2026/10/08 04:05:20.712, 3, 2032 MHz, 3996 MHz, 981.54 W, 58
2026/10/08 04:05:20.712, 4, 2032 MHz, 3996 MHz, 246.28 W, 41
2026/10/08 04:05:20.712, 5, 2032 MHz, 3996 MHz, 239.04 W, 40
2026/10/08 04:05:20.712, 6, 2032 MHz, 3996 MHz, 250.38 W, 36
2026/10/08 04:05:20.712, 7, 2032 MHz, 3996 MHz, 240.31 W, 34
2026/10/08 04:05:21.712, 0, 120 MHz, 3996 MHz, 192.22 W, 45
2026/10/08 04:05:21.712, 1, 2032 MHz, 3996 MHz, 950.66 W, 62
2026/10/08 04:05:21.712, 2, 2032 MHz, 3996 MHz, 985.85 W, 58
2026/10/08 04:05:21.712, 3, 2032 MHz, 3996 MHz, 983.34 W, 58
2026/10/08 04:05:21.712, 4, 2032 MHz, 3996 MHz, 246.28 W, 41
2026/10/08 04:05:21.712, 5, 2032 MHz, 3996 MHz, 238.88 W, 39
2026/10/08 04:05:21.712, 6, 2032 MHz, 3996 MHz, 250.16 W, 36
2026/10/08 04:05:21.712, 7, 2032 MHz, 3996 MHz, 240.28 W, 34
2026/10/08 04:05:22.712, 0, 120 MHz, 3996 MHz, 192.23 W, 45
2026/10/08 04:05:22.712, 1, 2032 MHz, 3996 MHz, 953.18 W, 63
2026/10/08 04:05:22.712, 2, 2032 MHz, 3996 MHz, 986.55 W, 58
2026/10/08 04:05:22.712, 3, 2032 MHz, 3996 MHz, 978.36 W, 58
2026/10/08 04:05:22.712, 4, 2032 MHz, 3996 MHz, 246.28 W, 41
2026/10/08 04:05:22.712, 5, 2032 MHz, 3996 MHz, 239.03 W, 40
2026/10/08 04:05:22.712, 6, 2032 MHz, 3996 MHz, 250.05 W, 35
2026/10/08 04:05:22.712, 7, 2032 MHz, 3996 MHz, 240.12 W, 34
2026/10/08 04:05:23.712, 0, 120 MHz, 3996 MHz, 192.06 W, 45
2026/10/08 04:05:23.713, 1, 2032 MHz, 3996 MHz, 564.30 W, 53
2026/10/08 04:05:23.713, 2, 2032 MHz, 3996 MHz, 987.66 W, 58
2026/10/08 04:05:23.713, 3, 2032 MHz, 3996 MHz, 979.10 W, 58
2026/10/08 04:05:23.713, 4, 2032 MHz, 3996 MHz, 246.35 W, 41
2026/10/08 04:05:23.713, 5, 2032 MHz, 3996 MHz, 239.03 W, 39
2026/10/08 04:05:23.713, 6, 1425 MHz, 3996 MHz, 529.24 W, 44
2026/10/08 04:05:23.713, 7, 2032 MHz, 3996 MHz, 329.03 W, 44
2026/10/08 04:05:24.713, 0, 120 MHz, 3996 MHz, 192.06 W, 45
2026/10/08 04:05:24.713, 1, 2032 MHz, 3996 MHz, 261.81 W, 51
2026/10/08 04:05:24.713, 2, 2032 MHz, 3996 MHz, 458.88 W, 48
2026/10/08 04:05:24.713, 3, 2032 MHz, 3996 MHz, 445.93 W, 48
2026/10/08 04:05:24.713, 4, 2032 MHz, 3996 MHz, 246.28 W, 41
2026/10/08 04:05:24.713, 5, 2032 MHz, 3996 MHz, 238.88 W, 39
2026/10/08 04:05:24.713, 6, 2032 MHz, 3996 MHz, 504.64 W, 38
2026/10/08 04:05:24.713, 7, 2032 MHz, 3996 MHz, 660.57 W, 38
2026/10/08 04:05:25.713, 0, 120 MHz, 3996 MHz, 192.05 W, 45
2026/10/08 04:05:25.713, 1, 2032 MHz, 3996 MHz, 260.87 W, 51
2026/10/08 04:05:25.713, 2, 2032 MHz, 3996 MHz, 261.16 W, 47
2026/10/08 04:05:25.713, 3, 2032 MHz, 3996 MHz, 262.19 W, 47
2026/10/08 04:05:25.713, 4, 2032 MHz, 3996 MHz, 246.28 W, 41
2026/10/08 04:05:25.713, 5, 2032 MHz, 3996 MHz, 238.82 W, 39
2026/10/08 04:05:25.713, 6, 2032 MHz, 3996 MHz, 297.82 W, 36
2026/10/08 04:05:25.713, 7, 2032 MHz, 3996 MHz, 241.40 W, 35
2026/10/08 04:05:26.713, 0, 120 MHz, 3996 MHz, 192.05 W, 45
2026/10/08 04:05:26.713, 1, 2032 MHz, 3996 MHz, 260.11 W, 51
2026/10/08 04:05:26.713, 2, 2032 MHz, 3996 MHz, 248.15 W, 46
2026/10/08 04:05:26.713, 3, 2032 MHz, 3996 MHz, 252.83 W, 46
2026/10/08 04:05:26.713, 4, 2032 MHz, 3996 MHz, 246.63 W, 41
2026/10/08 04:05:26.713, 5, 2032 MHz, 3996 MHz, 238.85 W, 39
2026/10/08 04:05:26.713, 6, 1275 MHz, 3996 MHz, 920.59 W, 52
2026/10/08 04:05:26.713, 7, 1282 MHz, 3996 MHz, 888.37 W, 51
2026/10/08 04:05:27.714, 0, 120 MHz, 3996 MHz, 192.03 W, 45
2026/10/08 04:05:27.714, 1, 2032 MHz, 3996 MHz, 273.26 W, 51
2026/10/08 04:05:27.714, 2, 2032 MHz, 3996 MHz, 246.61 W, 45
2026/10/08 04:05:27.714, 3, 2032 MHz, 3996 MHz, 248.79 W, 45
2026/10/08 04:05:27.714, 4, 2032 MHz, 3996 MHz, 246.35 W, 41
2026/10/08 04:05:27.714, 5, 2032 MHz, 3996 MHz, 239.09 W, 39
2026/10/08 04:05:27.714, 6, 1297 MHz, 3996 MHz, 1088.86 W, 55
2026/10/08 04:05:27.714, 7, 1320 MHz, 3996 MHz, 1083.10 W, 52
2026/10/08 04:05:28.714, 0, 120 MHz, 3996 MHz, 192.04 W, 45
2026/10/08 04:05:28.714, 1, 2032 MHz, 3996 MHz, 260.52 W, 50
2026/10/08 04:05:28.714, 2, 2032 MHz, 3996 MHz, 246.31 W, 44
2026/10/08 04:05:28.714, 3, 2032 MHz, 3996 MHz, 248.25 W, 45
2026/10/08 04:05:28.714, 4, 2032 MHz, 3996 MHz, 246.32 W, 41
2026/10/08 04:05:28.714, 5, 2032 MHz, 3996 MHz, 239.10 W, 39
2026/10/08 04:05:28.714, 6, 1320 MHz, 3996 MHz, 1090.03 W, 55
2026/10/08 04:05:28.714, 7, 1320 MHz, 3996 MHz, 1082.23 W, 53
2026/10/08 04:05:29.714, 0, 120 MHz, 3996 MHz, 192.16 W, 45
2026/10/08 04:05:29.714, 1, 690 MHz, 3996 MHz, 221.71 W, 49
2026/10/08 04:05:29.714, 2, 2032 MHz, 3996 MHz, 246.27 W, 44
2026/10/08 04:05:29.714, 3, 2032 MHz, 3996 MHz, 248.17 W, 44
2026/10/08 04:05:29.714, 4, 2032 MHz, 3996 MHz, 246.28 W, 41
2026/10/08 04:05:29.714, 5, 2032 MHz, 3996 MHz, 238.75 W, 39
2026/10/08 04:05:29.714, 6, 1320 MHz, 3996 MHz, 1091.22 W, 56
2026/10/08 04:05:29.714, 7, 1335 MHz, 3996 MHz, 1084.60 W, 54
2026/10/08 04:05:30.715, 0, 120 MHz, 3996 MHz, 192.23 W, 45
2026/10/08 04:05:30.715, 1, 435 MHz, 3996 MHz, 200.22 W, 49
2026/10/08 04:05:30.715, 2, 2032 MHz, 3996 MHz, 246.31 W, 43
2026/10/08 04:05:30.715, 3, 2032 MHz, 3996 MHz, 247.90 W, 44
2026/10/08 04:05:30.715, 4, 2032 MHz, 3996 MHz, 246.32 W, 41
2026/10/08 04:05:30.715, 5, 2032 MHz, 3996 MHz, 239.34 W, 39
2026/10/08 04:05:30.715, 6, 1320 MHz, 3996 MHz, 1088.70 W, 56
2026/10/08 04:05:30.715, 7, 1335 MHz, 3996 MHz, 1089.67 W, 54
2026/10/08 04:05:31.715, 0, 120 MHz, 3996 MHz, 192.23 W, 45
2026/10/08 04:05:31.715, 1, 270 MHz, 3996 MHz, 197.21 W, 49
2026/10/08 04:05:31.715, 2, 2032 MHz, 3996 MHz, 245.22 W, 43
2026/10/08 04:05:31.715, 3, 2032 MHz, 3996 MHz, 247.50 W, 43
2026/10/08 04:05:31.715, 4, 2032 MHz, 3996 MHz, 246.32 W, 41
2026/10/08 04:05:31.715, 5, 2032 MHz, 3996 MHz, 239.22 W, 39
2026/10/08 04:05:31.715, 6, 1327 MHz, 3996 MHz, 1089.05 W, 56
2026/10/08 04:05:31.715, 7, 1350 MHz, 3996 MHz, 1084.31 W, 54
2026/10/08 04:05:32.715, 0, 120 MHz, 3996 MHz, 192.23 W, 44
2026/10/08 04:05:32.715, 1, 172 MHz, 3996 MHz, 195.91 W, 48
2026/10/08 04:05:32.715, 2, 412 MHz, 3996 MHz, 236.80 W, 42
2026/10/08 04:05:32.715, 3, 2032 MHz, 3996 MHz, 246.35 W, 43
2026/10/08 04:05:32.715, 4, 2032 MHz, 3996 MHz, 246.27 W, 41
2026/10/08 04:05:32.715, 5, 2032 MHz, 3996 MHz, 240.67 W, 39
2026/10/08 04:05:32.715, 6, 1327 MHz, 3996 MHz, 1092.49 W, 57
2026/10/08 04:05:32.715, 7, 1350 MHz, 3996 MHz, 1087.64 W, 54
2026/10/08 04:05:33.715, 0, 120 MHz, 3996 MHz, 192.23 W, 44
2026/10/08 04:05:33.715, 1, 120 MHz, 3996 MHz, 194.69 W, 48
2026/10/08 04:05:33.716, 2, 262 MHz, 3996 MHz, 191.54 W, 41
2026/10/08 04:05:33.716, 3, 322 MHz, 3996 MHz, 210.07 W, 41
2026/10/08 04:05:33.716, 4, 2032 MHz, 3996 MHz, 246.32 W, 41
2026/10/08 04:05:33.716, 5, 2032 MHz, 3996 MHz, 239.86 W, 39
2026/10/08 04:05:33.716, 6, 1312 MHz, 3996 MHz, 1088.89 W, 57
2026/10/08 04:05:33.716, 7, 1320 MHz, 3996 MHz, 1087.16 W, 55
2026/10/08 04:05:34.716, 0, 120 MHz, 3996 MHz, 192.23 W, 44
2026/10/08 04:05:34.716, 1, 120 MHz, 3996 MHz, 194.09 W, 48
2026/10/08 04:05:34.716, 2, 165 MHz, 3996 MHz, 189.93 W, 41
2026/10/08 04:05:34.716, 3, 202 MHz, 3996 MHz, 189.62 W, 41
2026/10/08 04:05:34.716, 4, 2032 MHz, 3996 MHz, 246.32 W, 41
2026/10/08 04:05:34.716, 5, 2032 MHz, 3996 MHz, 239.62 W, 39
2026/10/08 04:05:34.716, 6, 1327 MHz, 3996 MHz, 1090.91 W, 57
2026/10/08 04:05:34.716, 7, 1342 MHz, 3996 MHz, 1084.50 W, 55
2026/10/08 04:05:35.716, 0, 120 MHz, 3996 MHz, 192.23 W, 44
2026/10/08 04:05:35.716, 1, 120 MHz, 3996 MHz, 194.05 W, 48
2026/10/08 04:05:35.716, 2, 120 MHz, 3996 MHz, 189.52 W, 40
2026/10/08 04:05:35.716, 3, 135 MHz, 3996 MHz, 188.04 W, 40
2026/10/08 04:05:35.716, 4, 2032 MHz, 3996 MHz, 246.28 W, 41
2026/10/08 04:05:35.716, 5, 2032 MHz, 3996 MHz, 239.59 W, 39
2026/10/08 04:05:35.716, 6, 2032 MHz, 3996 MHz, 1071.51 W, 52
2026/10/08 04:05:35.716, 7, 2032 MHz, 3996 MHz, 1051.50 W, 50
2026/10/08 04:05:36.716, 0, 120 MHz, 3996 MHz, 192.23 W, 44
2026/10/08 04:05:36.716, 1, 120 MHz, 3996 MHz, 194.05 W, 48
2026/10/08 04:05:36.716, 2, 120 MHz, 3996 MHz, 189.53 W, 40
2026/10/08 04:05:36.716, 3, 120 MHz, 3996 MHz, 188.04 W, 40
2026/10/08 04:05:36.716, 4, 2032 MHz, 3996 MHz, 246.89 W, 41
2026/10/08 04:05:36.716, 5, 2032 MHz, 3996 MHz, 239.30 W, 39
2026/10/08 04:05:36.716, 6, 2032 MHz, 3996 MHz, 1093.04 W, 53
2026/10/08 04:05:36.716, 7, 2032 MHz, 3996 MHz, 1062.91 W, 50
2026/10/08 04:05:37.717, 0, 120 MHz, 3996 MHz, 192.20 W, 44
2026/10/08 04:05:37.717, 1, 120 MHz, 3996 MHz, 194.05 W, 47
2026/10/08 04:05:37.717, 2, 120 MHz, 3996 MHz, 188.83 W, 39
2026/10/08 04:05:37.717, 3, 120 MHz, 3996 MHz, 188.01 W, 39
2026/10/08 04:05:37.717, 4, 2032 MHz, 3996 MHz, 247.25 W, 41
2026/10/08 04:05:37.717, 5, 2032 MHz, 3996 MHz, 239.73 W, 40
2026/10/08 04:05:37.717, 6, 2025 MHz, 3996 MHz, 1094.25 W, 53
2026/10/08 04:05:37.717, 7, 2032 MHz, 3996 MHz, 1062.30 W, 50
2026/10/08 04:05:38.717, 0, 120 MHz, 3996 MHz, 191.57 W, 44
2026/10/08 04:05:38.717, 1, 120 MHz, 3996 MHz, 194.05 W, 47
2026/10/08 04:05:38.717, 2, 120 MHz, 3996 MHz, 188.23 W, 39
2026/10/08 04:05:38.717, 3, 120 MHz, 3996 MHz, 188.01 W, 39
2026/10/08 04:05:38.717, 4, 2032 MHz, 3996 MHz, 246.98 W, 41
2026/10/08 04:05:38.717, 5, 2032 MHz, 3996 MHz, 239.62 W, 40
2026/10/08 04:05:38.717, 6, 2032 MHz, 3996 MHz, 1094.74 W, 53
2026/10/08 04:05:38.717, 7, 2032 MHz, 3996 MHz, 1062.99 W, 50
2026/10/08 04:05:39.717, 0, 120 MHz, 3996 MHz, 190.79 W, 44
2026/10/08 04:05:39.717, 1, 120 MHz, 3996 MHz, 194.05 W, 47
2026/10/08 04:05:39.717, 2, 120 MHz, 3996 MHz, 188.01 W, 38
2026/10/08 04:05:39.717, 3, 120 MHz, 3996 MHz, 187.97 W, 39
2026/10/08 04:05:39.717, 4, 2032 MHz, 3996 MHz, 246.58 W, 41
2026/10/08 04:05:39.717, 5, 2032 MHz, 3996 MHz, 239.49 W, 40
2026/10/08 04:05:39.717, 6, 2032 MHz, 3996 MHz, 1095.00 W, 53
2026/10/08 04:05:39.717, 7, 2032 MHz, 3996 MHz, 1062.22 W, 50
2026/10/08 04:05:40.717, 0, 120 MHz, 3996 MHz, 190.64 W, 43
2026/10/08 04:05:40.718, 1, 120 MHz, 3996 MHz, 194.05 W, 47
2026/10/08 04:05:40.718, 2, 120 MHz, 3996 MHz, 188.00 W, 38
2026/10/08 04:05:40.718, 3, 120 MHz, 3996 MHz, 187.93 W, 38
2026/10/08 04:05:40.718, 4, 2032 MHz, 3996 MHz, 246.59 W, 41
2026/10/08 04:05:40.718, 5, 2032 MHz, 3996 MHz, 239.78 W, 40
2026/10/08 04:05:40.718, 6, 2025 MHz, 3996 MHz, 1093.76 W, 53
2026/10/08 04:05:40.718, 7, 2032 MHz, 3996 MHz, 1063.14 W, 50
2026/10/08 04:05:41.718, 0, 120 MHz, 3996 MHz, 190.63 W, 43
2026/10/08 04:05:41.718, 1, 120 MHz, 3996 MHz, 194.05 W, 46
2026/10/08 04:05:41.718, 2, 120 MHz, 3996 MHz, 188.01 W, 38
2026/10/08 04:05:41.718, 3, 120 MHz, 3996 MHz, 187.73 W, 38
2026/10/08 04:05:41.718, 4, 2032 MHz, 3996 MHz, 247.33 W, 41
2026/10/08 04:05:41.718, 5, 2032 MHz, 3996 MHz, 239.97 W, 40
2026/10/08 04:05:41.718, 6, 2032 MHz, 3996 MHz, 1093.17 W, 53
2026/10/08 04:05:41.718, 7, 2032 MHz, 3996 MHz, 1065.04 W, 51
2026/10/08 04:05:42.718, 0, 120 MHz, 3996 MHz, 190.29 W, 43
2026/10/08 04:05:42.718, 1, 120 MHz, 3996 MHz, 194.05 W, 46
2026/10/08 04:05:42.718, 2, 120 MHz, 3996 MHz, 188.00 W, 37
2026/10/08 04:05:42.718, 3, 120 MHz, 3996 MHz, 187.85 W, 38
2026/10/08 04:05:42.718, 4, 2032 MHz, 3996 MHz, 247.49 W, 41
2026/10/08 04:05:42.718, 5, 2032 MHz, 3996 MHz, 239.52 W, 40
2026/10/08 04:05:42.718, 6, 2032 MHz, 3996 MHz, 1093.11 W, 54
2026/10/08 04:05:42.718, 7, 2032 MHz, 3996 MHz, 1065.63 W, 51
2026/10/08 04:05:43.718, 0, 120 MHz, 3996 MHz, 190.29 W, 43
2026/10/08 04:05:43.718, 1, 120 MHz, 3996 MHz, 194.05 W, 46
2026/10/08 04:05:43.718, 2, 120 MHz, 3996 MHz, 188.00 W, 37
2026/10/08 04:05:43.718, 3, 120 MHz, 3996 MHz, 187.70 W, 37
2026/10/08 04:05:43.718, 4, 2032 MHz, 3996 MHz, 247.23 W, 41
2026/10/08 04:05:43.718, 5, 2032 MHz, 3996 MHz, 240.06 W, 40
2026/10/08 04:05:43.718, 6, 2025 MHz, 3996 MHz, 1093.15 W, 54
2026/10/08 04:05:43.718, 7, 2032 MHz, 3996 MHz, 1065.76 W, 51
2026/10/08 04:05:44.719, 0, 120 MHz, 3996 MHz, 190.29 W, 43
2026/10/08 04:05:44.719, 1, 120 MHz, 3996 MHz, 194.05 W, 46
2026/10/08 04:05:44.719, 2, 120 MHz, 3996 MHz, 188.01 W, 37
2026/10/08 04:05:44.719, 3, 120 MHz, 3996 MHz, 187.35 W, 37
2026/10/08 04:05:44.719, 4, 2032 MHz, 3996 MHz, 247.01 W, 41
2026/10/08 04:05:44.719, 5, 2032 MHz, 3996 MHz, 239.58 W, 40
2026/10/08 04:05:44.719, 6, 2025 MHz, 3996 MHz, 1093.22 W, 54
2026/10/08 04:05:44.719, 7, 2032 MHz, 3996 MHz, 1065.40 W, 51
2026/10/08 04:05:45.719, 0, 120 MHz, 3996 MHz, 190.29 W, 43
2026/10/08 04:05:45.719, 1, 120 MHz, 3996 MHz, 194.05 W, 45
2026/10/08 04:05:45.719, 2, 120 MHz, 3996 MHz, 188.01 W, 36
2026/10/08 04:05:45.719, 3, 120 MHz, 3996 MHz, 186.97 W, 37
2026/10/08 04:05:45.719, 4, 2032 MHz, 3996 MHz, 247.09 W, 41
2026/10/08 04:05:45.719, 5, 2032 MHz, 3996 MHz, 239.88 W, 40
2026/10/08 04:05:45.719, 6, 2032 MHz, 3996 MHz, 1093.21 W, 54
2026/10/08 04:05:45.719, 7, 2032 MHz, 3996 MHz, 1064.79 W, 51
2026/10/08 04:05:46.719, 0, 120 MHz, 3996 MHz, 190.29 W, 42
2026/10/08 04:05:46.719, 1, 120 MHz, 3996 MHz, 194.05 W, 45
2026/10/08 04:05:46.719, 2, 120 MHz, 3996 MHz, 188.01 W, 36
2026/10/08 04:05:46.719, 3, 120 MHz, 3996 MHz, 186.56 W, 36
2026/10/08 04:05:46.719, 4, 2032 MHz, 3996 MHz, 247.76 W, 41
2026/10/08 04:05:46.719, 5, 2032 MHz, 3996 MHz, 240.29 W, 40
2026/10/08 04:05:46.719, 6, 2025 MHz, 3996 MHz, 1091.76 W, 54
2026/10/08 04:05:46.719, 7, 2032 MHz, 3996 MHz, 1064.58 W, 51
2026/10/08 04:05:47.720, 0, 120 MHz, 3996 MHz, 190.29 W, 42
2026/10/08 04:05:47.720, 1, 120 MHz, 3996 MHz, 194.05 W, 45
2026/10/08 04:05:47.720, 2, 120 MHz, 3996 MHz, 188.00 W, 36
2026/10/08 04:05:47.720, 3, 120 MHz, 3996 MHz, 186.20 W, 36
2026/10/08 04:05:47.720, 4, 2032 MHz, 3996 MHz, 247.09 W, 41
2026/10/08 04:05:47.720, 5, 2032 MHz, 3996 MHz, 240.86 W, 40
2026/10/08 04:05:47.720, 6, 2025 MHz, 3996 MHz, 1091.96 W, 54
2026/10/08 04:05:47.720, 7, 2032 MHz, 3996 MHz, 1066.96 W, 51
2026/10/08 04:05:48.720, 0, 120 MHz, 3996 MHz, 190.29 W, 42
2026/10/08 04:05:48.720, 1, 120 MHz, 3996 MHz, 193.97 W, 45
2026/10/08 04:05:48.720, 2, 120 MHz, 3996 MHz, 188.01 W, 36
2026/10/08 04:05:48.720, 3, 120 MHz, 3996 MHz, 186.05 W, 36
2026/10/08 04:05:48.720, 4, 2032 MHz, 3996 MHz, 247.27 W, 41
2026/10/08 04:05:48.720, 5, 2032 MHz, 3996 MHz, 240.50 W, 40
2026/10/08 04:05:48.720, 6, 2025 MHz, 3996 MHz, 1091.26 W, 54
2026/10/08 04:05:48.720, 7, 2032 MHz, 3996 MHz, 1068.14 W, 51
2026/10/08 04:05:49.720, 0, 120 MHz, 3996 MHz, 190.29 W, 42
2026/10/08 04:05:49.721, 1, 120 MHz, 3996 MHz, 193.45 W, 45
2026/10/08 04:05:49.721, 2, 120 MHz, 3996 MHz, 188.01 W, 35
2026/10/08 04:05:49.721, 3, 120 MHz, 3996 MHz, 186.05 W, 35
2026/10/08 04:05:49.721, 4, 2032 MHz, 3996 MHz, 247.76 W, 41
2026/10/08 04:05:49.721, 5, 2032 MHz, 3996 MHz, 240.47 W, 40
2026/10/08 04:05:49.721, 6, 2025 MHz, 3996 MHz, 1091.68 W, 54
2026/10/08 04:05:49.721, 7, 2032 MHz, 3996 MHz, 1068.08 W, 51
2026/10/08 04:05:50.721, 0, 120 MHz, 3996 MHz, 190.29 W, 42
2026/10/08 04:05:50.721, 1, 120 MHz, 3996 MHz, 192.69 W, 44
2026/10/08 04:05:50.721, 2, 120 MHz, 3996 MHz, 188.01 W, 35
2026/10/08 04:05:50.721, 3, 120 MHz, 3996 MHz, 186.05 W, 35
2026/10/08 04:05:50.721, 4, 2032 MHz, 3996 MHz, 248.10 W, 42
2026/10/08 04:05:50.721, 5, 2032 MHz, 3996 MHz, 240.48 W, 40
2026/10/08 04:05:50.721, 6, 2025 MHz, 3996 MHz, 1092.05 W, 54
2026/10/08 04:05:50.721, 7, 2032 MHz, 3996 MHz, 1067.50 W, 52
2026/10/08 04:05:51.721, 0, 120 MHz, 3996 MHz, 190.25 W, 41
2026/10/08 04:05:51.721, 1, 120 MHz, 3996 MHz, 192.26 W, 44
2026/10/08 04:05:51.721, 2, 120 MHz, 3996 MHz, 188.01 W, 35
2026/10/08 04:05:51.721, 3, 120 MHz, 3996 MHz, 186.05 W, 35
2026/10/08 04:05:51.721, 4, 2032 MHz, 3996 MHz, 247.88 W, 42
2026/10/08 04:05:51.721, 5, 2032 MHz, 3996 MHz, 240.35 W, 40
2026/10/08 04:05:51.721, 6, 2025 MHz, 3996 MHz, 1092.33 W, 54
2026/10/08 04:05:51.721, 7, 2032 MHz, 3996 MHz, 1067.06 W, 52
2026/10/08 04:05:52.721, 0, 120 MHz, 3996 MHz, 190.06 W, 41
2026/10/08 04:05:52.722, 1, 120 MHz, 3996 MHz, 192.13 W, 44
2026/10/08 04:05:52.722, 2, 120 MHz, 3996 MHz, 187.97 W, 35
2026/10/08 04:05:52.722, 3, 120 MHz, 3996 MHz, 186.05 W, 35
2026/10/08 04:05:52.722, 4, 2032 MHz, 3996 MHz, 248.22 W, 42
2026/10/08 04:05:52.722, 5, 2032 MHz, 3996 MHz, 240.56 W, 40
2026/10/08 04:05:52.722, 6, 2025 MHz, 3996 MHz, 1092.48 W, 54
2026/10/08 04:05:52.722, 7, 2032 MHz, 3996 MHz, 1067.00 W, 52
2026/10/08 04:05:53.722, 0, 120 MHz, 3996 MHz, 189.48 W, 41
2026/10/08 04:05:53.722, 1, 120 MHz, 3996 MHz, 192.11 W, 44
2026/10/08 04:05:53.722, 2, 120 MHz, 3996 MHz, 187.73 W, 34
2026/10/08 04:05:53.722, 3, 120 MHz, 3996 MHz, 186.05 W, 34
2026/10/08 04:05:53.722, 4, 2032 MHz, 3996 MHz, 248.19 W, 42
2026/10/08 04:05:53.722, 5, 2032 MHz, 3996 MHz, 259.67 W, 40
2026/10/08 04:05:53.722, 6, 2017 MHz, 3996 MHz, 1089.54 W, 54
2026/10/08 04:05:53.722, 7, 2032 MHz, 3996 MHz, 1067.48 W, 52
2026/10/08 04:05:54.722, 0, 120 MHz, 3996 MHz, 189.55 W, 41
2026/10/08 04:05:54.722, 1, 120 MHz, 3996 MHz, 192.11 W, 43
2026/10/08 04:05:54.722, 2, 120 MHz, 3996 MHz, 187.10 W, 34
2026/10/08 04:05:54.722, 3, 120 MHz, 3996 MHz, 186.05 W, 34
2026/10/08 04:05:54.722, 4, 2032 MHz, 3996 MHz, 248.16 W, 42
2026/10/08 04:05:54.722, 5, 2032 MHz, 3996 MHz, 258.25 W, 40
2026/10/08 04:05:54.722, 6, 2025 MHz, 3996 MHz, 1091.89 W, 55
2026/10/08 04:05:54.722, 7, 2032 MHz, 3996 MHz, 1069.26 W, 52
2026/10/08 04:05:55.722, 0, 120 MHz, 3996 MHz, 188.58 W, 41
2026/10/08 04:05:55.723, 1, 120 MHz, 3996 MHz, 192.11 W, 43
2026/10/08 04:05:55.723, 2, 120 MHz, 3996 MHz, 186.78 W, 34
2026/10/08 04:05:55.723, 3, 120 MHz, 3996 MHz, 186.05 W, 34
2026/10/08 04:05:55.723, 4, 2032 MHz, 3996 MHz, 248.22 W, 42
2026/10/08 04:05:55.723, 5, 2032 MHz, 3996 MHz, 240.62 W, 40
2026/10/08 04:05:55.723, 6, 2017 MHz, 3996 MHz, 1091.38 W, 55
2026/10/08 04:05:55.723, 7, 2032 MHz, 3996 MHz, 1069.82 W, 52
2026/10/08 04:05:56.723, 0, 120 MHz, 3996 MHz, 188.51 W, 40
2026/10/08 04:05:56.723, 1, 120 MHz, 3996 MHz, 192.11 W, 43
2026/10/08 04:05:56.723, 2, 120 MHz, 3996 MHz, 186.28 W, 34
2026/10/08 04:05:56.723, 3, 120 MHz, 3996 MHz, 186.01 W, 34
2026/10/08 04:05:56.723, 4, 2032 MHz, 3996 MHz, 248.22 W, 42
2026/10/08 04:05:56.723, 5, 2032 MHz, 3996 MHz, 240.58 W, 40
2026/10/08 04:05:56.723, 6, 2017 MHz, 3996 MHz, 1091.53 W, 55
2026/10/08 04:05:56.723, 7, 2032 MHz, 3996 MHz, 1069.32 W, 52
2026/10/08 04:05:57.723, 0, 120 MHz, 3996 MHz, 188.35 W, 40
2026/10/08 04:05:57.723, 1, 120 MHz, 3996 MHz, 192.11 W, 43
2026/10/08 04:05:57.723, 2, 120 MHz, 3996 MHz, 186.05 W, 33
2026/10/08 04:05:57.723, 3, 120 MHz, 3996 MHz, 185.82 W, 34
2026/10/08 04:05:57.723, 4, 2032 MHz, 3996 MHz, 248.22 W, 42
2026/10/08 04:05:57.723, 5, 2032 MHz, 3996 MHz, 240.43 W, 40
2026/10/08 04:05:57.723, 6, 2025 MHz, 3996 MHz, 1091.96 W, 55
2026/10/08 04:05:57.723, 7, 2032 MHz, 3996 MHz, 1068.91 W, 52
2026/10/08 04:05:58.723, 0, 120 MHz, 3996 MHz, 188.35 W, 40
2026/10/08 04:05:58.723, 1, 120 MHz, 3996 MHz, 192.11 W, 42
2026/10/08 04:05:58.723, 2, 120 MHz, 3996 MHz, 186.05 W, 33
2026/10/08 04:05:58.723, 3, 120 MHz, 3996 MHz, 185.62 W, 33
2026/10/08 04:05:58.723, 4, 2032 MHz, 3996 MHz, 252.54 W, 42
2026/10/08 04:05:58.723, 5, 2032 MHz, 3996 MHz, 240.41 W, 40
2026/10/08 04:05:58.723, 6, 2025 MHz, 3996 MHz, 1090.91 W, 55
2026/10/08 04:05:58.724, 7, 2032 MHz, 3996 MHz, 1068.96 W, 52
2026/10/08 04:05:59.724, 0, 120 MHz, 3996 MHz, 188.35 W, 40
2026/10/08 04:05:59.724, 1, 120 MHz, 3996 MHz, 192.11 W, 42
2026/10/08 04:05:59.724, 2, 120 MHz, 3996 MHz, 186.05 W, 33
2026/10/08 04:05:59.724, 3, 120 MHz, 3996 MHz, 185.43 W, 33
2026/10/08 04:05:59.724, 4, 2032 MHz, 3996 MHz, 248.22 W, 42
2026/10/08 04:05:59.724, 5, 2032 MHz, 3996 MHz, 240.23 W, 40
2026/10/08 04:05:59.724, 6, 2032 MHz, 3996 MHz, 1087.06 W, 55
2026/10/08 04:05:59.724, 7, 2032 MHz, 3996 MHz, 1059.00 W, 52
2026/10/08 04:06:00.724, 0, 120 MHz, 3996 MHz, 188.35 W, 40
2026/10/08 04:06:00.724, 1, 120 MHz, 3996 MHz, 192.11 W, 42
2026/10/08 04:06:00.724, 2, 120 MHz, 3996 MHz, 186.05 W, 33
2026/10/08 04:06:00.724, 3, 120 MHz, 3996 MHz, 185.09 W, 33
2026/10/08 04:06:00.724, 4, 2032 MHz, 3996 MHz, 264.33 W, 42
2026/10/08 04:06:00.724, 5, 2032 MHz, 3996 MHz, 240.30 W, 40
2026/10/08 04:06:00.724, 6, 2032 MHz, 3996 MHz, 620.40 W, 44
2026/10/08 04:06:00.724, 7, 2032 MHz, 3996 MHz, 553.90 W, 42
2026/10/08 04:06:01.724, 0, 120 MHz, 3996 MHz, 188.35 W, 39
2026/10/08 04:06:01.724, 1, 120 MHz, 3996 MHz, 192.11 W, 42
2026/10/08 04:06:01.724, 2, 120 MHz, 3996 MHz, 186.05 W, 33
2026/10/08 04:06:01.724, 3, 120 MHz, 3996 MHz, 184.76 W, 33
2026/10/08 04:06:01.724, 4, 2032 MHz, 3996 MHz, 248.22 W, 42
2026/10/08 04:06:01.724, 5, 2032 MHz, 3996 MHz, 240.24 W, 40
2026/10/08 04:06:01.725, 6, 2032 MHz, 3996 MHz, 269.90 W, 42
2026/10/08 04:06:01.725, 7, 2032 MHz, 3996 MHz, 247.37 W, 40
2026/10/08 04:06:02.725, 0, 120 MHz, 3996 MHz, 188.35 W, 39
2026/10/08 04:06:02.725, 1, 120 MHz, 3996 MHz, 192.11 W, 42
2026/10/08 04:06:02.725, 2, 120 MHz, 3996 MHz, 186.05 W, 33
2026/10/08 04:06:02.725, 3, 120 MHz, 3996 MHz, 184.72 W, 33
2026/10/08 04:06:02.725, 4, 2032 MHz, 3996 MHz, 248.22 W, 42
2026/10/08 04:06:02.725, 5, 2032 MHz, 3996 MHz, 240.36 W, 40
2026/10/08 04:06:02.725, 6, 2032 MHz, 3996 MHz, 255.48 W, 41
2026/10/08 04:06:02.725, 7, 2032 MHz, 3996 MHz, 256.44 W, 39
2026/10/08 04:06:03.725, 0, 120 MHz, 3996 MHz, 188.35 W, 39
2026/10/08 04:06:03.725, 1, 120 MHz, 3996 MHz, 191.96 W, 41
2026/10/08 04:06:03.725, 2, 120 MHz, 3996 MHz, 186.05 W, 32
2026/10/08 04:06:03.725, 3, 120 MHz, 3996 MHz, 184.25 W, 33
2026/10/08 04:06:03.725, 4, 2032 MHz, 3996 MHz, 248.29 W, 42
2026/10/08 04:06:03.725, 5, 2032 MHz, 3996 MHz, 240.17 W, 40
2026/10/08 04:06:03.725, 6, 2032 MHz, 3996 MHz, 254.39 W, 40
2026/10/08 04:06:03.725, 7, 2032 MHz, 3996 MHz, 244.49 W, 39
2026/10/08 04:06:04.725, 0, 120 MHz, 3996 MHz, 188.35 W, 39
2026/10/08 04:06:04.725, 1, 120 MHz, 3996 MHz, 191.41 W, 41
2026/10/08 04:06:04.725, 2, 120 MHz, 3996 MHz, 186.05 W, 32
2026/10/08 04:06:04.725, 3, 120 MHz, 3996 MHz, 184.21 W, 32
2026/10/08 04:06:04.725, 4, 2032 MHz, 3996 MHz, 248.22 W, 42
2026/10/08 04:06:04.725, 5, 2032 MHz, 3996 MHz, 240.32 W, 40
2026/10/08 04:06:04.725, 6, 2032 MHz, 3996 MHz, 254.30 W, 39
2026/10/08 04:06:04.725, 7, 2032 MHz, 3996 MHz, 243.99 W, 38
2026/10/08 04:06:05.726, 0, 120 MHz, 3996 MHz, 188.35 W, 39
2026/10/08 04:06:05.726, 1, 120 MHz, 3996 MHz, 190.70 W, 41
2026/10/08 04:06:05.726, 2, 120 MHz, 3996 MHz, 186.05 W, 32
2026/10/08 04:06:05.726, 3, 120 MHz, 3996 MHz, 184.09 W, 32
2026/10/08 04:06:05.726, 4, 2032 MHz, 3996 MHz, 248.22 W, 42
2026/10/08 04:06:05.726, 5, 2032 MHz, 3996 MHz, 240.35 W, 40
2026/10/08 04:06:05.726, 6, 2032 MHz, 3996 MHz, 252.98 W, 39
2026/10/08 04:06:05.726, 7, 2032 MHz, 3996 MHz, 242.77 W, 38
2026/10/08 04:06:06.726, 0, 120 MHz, 3996 MHz, 188.35 W, 38
2026/10/08 04:06:06.726, 1, 120 MHz, 3996 MHz, 190.40 W, 41
2026/10/08 04:06:06.726, 2, 120 MHz, 3996 MHz, 186.05 W, 32
2026/10/08 04:06:06.726, 3, 120 MHz, 3996 MHz, 184.09 W, 32
2026/10/08 04:06:06.726, 4, 2032 MHz, 3996 MHz, 248.18 W, 42
2026/10/08 04:06:06.726, 5, 2032 MHz, 3996 MHz, 240.25 W, 40
2026/10/08 04:06:06.726, 6, 2032 MHz, 3996 MHz, 252.66 W, 38
2026/10/08 04:06:06.726, 7, 2032 MHz, 3996 MHz, 242.70 W, 37
2026/10/08 04:06:07.726, 0, 120 MHz, 3996 MHz, 188.35 W, 38
2026/10/08 04:06:07.726, 1, 120 MHz, 3996 MHz, 190.21 W, 41
2026/10/08 04:06:07.726, 2, 120 MHz, 3996 MHz, 186.05 W, 32
2026/10/08 04:06:07.726, 3, 120 MHz, 3996 MHz, 184.09 W, 32
2026/10/08 04:06:07.726, 4, 2032 MHz, 3996 MHz, 248.18 W, 42
2026/10/08 04:06:07.726, 5, 2032 MHz, 3996 MHz, 240.31 W, 40
2026/10/08 04:06:07.726, 6, 2032 MHz, 3996 MHz, 252.87 W, 38
2026/10/08 04:06:07.727, 7, 2032 MHz, 3996 MHz, 242.95 W, 37
2026/10/08 04:06:08.727, 0, 120 MHz, 3996 MHz, 188.35 W, 38
2026/10/08 04:06:08.727, 1, 120 MHz, 3996 MHz, 190.17 W, 40
2026/10/08 04:06:08.727, 2, 120 MHz, 3996 MHz, 186.05 W, 32
2026/10/08 04:06:08.727, 3, 120 MHz, 3996 MHz, 184.09 W, 32
2026/10/08 04:06:08.727, 4, 2032 MHz, 3996 MHz, 248.18 W, 42
2026/10/08 04:06:08.727, 5, 2032 MHz, 3996 MHz, 240.14 W, 40
2026/10/08 04:06:08.727, 6, 405 MHz, 3996 MHz, 239.24 W, 37
2026/10/08 04:06:08.727, 7, 2032 MHz, 3996 MHz, 242.52 W, 36
2026/10/08 04:06:09.727, 0, 120 MHz, 3996 MHz, 188.35 W, 38
2026/10/08 04:06:09.727, 1, 120 MHz, 3996 MHz, 190.17 W, 40
2026/10/08 04:06:09.727, 2, 120 MHz, 3996 MHz, 186.05 W, 31
2026/10/08 04:06:09.727, 3, 120 MHz, 3996 MHz, 184.09 W, 32
2026/10/08 04:06:09.727, 4, 2032 MHz, 3996 MHz, 248.18 W, 42
2026/10/08 04:06:09.727, 5, 2032 MHz, 3996 MHz, 240.27 W, 40
2026/10/08 04:06:09.727, 6, 255 MHz, 3996 MHz, 191.38 W, 36
2026/10/08 04:06:09.727, 7, 322 MHz, 3996 MHz, 207.59 W, 35
2026/10/08 04:06:10.727, 0, 120 MHz, 3996 MHz, 188.35 W, 38
2026/10/08 04:06:10.727, 1, 120 MHz, 3996 MHz, 190.17 W, 40
2026/10/08 04:06:10.727, 2, 120 MHz, 3996 MHz, 186.05 W, 31
2026/10/08 04:06:10.727, 3, 120 MHz, 3996 MHz, 184.09 W, 32
2026/10/08 04:06:10.727, 4, 2032 MHz, 3996 MHz, 248.18 W, 42
2026/10/08 04:06:10.727, 5, 2032 MHz, 3996 MHz, 240.23 W, 40
2026/10/08 04:06:10.727, 6, 165 MHz, 3996 MHz, 190.17 W, 36
2026/10/08 04:06:10.727, 7, 202 MHz, 3996 MHz, 190.22 W, 35
2026/10/08 04:06:11.728, 0, 120 MHz, 3996 MHz, 188.35 W, 38
2026/10/08 04:06:11.728, 1, 120 MHz, 3996 MHz, 190.17 W, 40
2026/10/08 04:06:11.728, 2, 120 MHz, 3996 MHz, 186.05 W, 31
2026/10/08 04:06:11.728, 3, 120 MHz, 3996 MHz, 184.09 W, 31
2026/10/08 04:06:11.728, 4, 2032 MHz, 3996 MHz, 248.10 W, 42
2026/10/08 04:06:11.728, 5, 2032 MHz, 3996 MHz, 240.17 W, 40
2026/10/08 04:06:11.728, 6, 120 MHz, 3996 MHz, 189.54 W, 35
2026/10/08 04:06:11.728, 7, 135 MHz, 3996 MHz, 188.56 W, 34
2026/10/08 04:06:12.728, 0, 120 MHz, 3996 MHz, 188.35 W, 37
2026/10/08 04:06:12.728, 1, 120 MHz, 3996 MHz, 190.17 W, 40
2026/10/08 04:06:12.728, 2, 120 MHz, 3996 MHz, 186.05 W, 31
2026/10/08 04:06:12.728, 3, 120 MHz, 3996 MHz, 184.09 W, 31
2026/10/08 04:06:12.728, 4, 2032 MHz, 3996 MHz, 248.07 W, 42
2026/10/08 04:06:12.728, 5, 2032 MHz, 3996 MHz, 240.06 W, 40
2026/10/08 04:06:12.728, 6, 120 MHz, 3996 MHz, 188.72 W, 35
2026/10/08 04:06:12.728, 7, 120 MHz, 3996 MHz, 188.48 W, 34
2026/10/08 04:06:13.728, 0, 120 MHz, 3996 MHz, 188.35 W, 37
2026/10/08 04:06:13.728, 1, 120 MHz, 3996 MHz, 190.17 W, 40
2026/10/08 04:06:13.728, 2, 120 MHz, 3996 MHz, 186.05 W, 31
2026/10/08 04:06:13.728, 3, 120 MHz, 3996 MHz, 184.09 W, 31
2026/10/08 04:06:13.728, 4, 2032 MHz, 3996 MHz, 247.83 W, 42
2026/10/08 04:06:13.728, 5, 2032 MHz, 3996 MHz, 240.18 W, 40
2026/10/08 04:06:13.729, 6, 120 MHz, 3996 MHz, 188.72 W, 35
2026/10/08 04:06:13.729, 7, 120 MHz, 3996 MHz, 188.48 W, 34
2026/10/08 04:06:14.729, 0, 120 MHz, 3996 MHz, 188.31 W, 37
2026/10/08 04:06:14.729, 1, 120 MHz, 3996 MHz, 190.17 W, 39
2026/10/08 04:06:14.729, 2, 120 MHz, 3996 MHz, 186.05 W, 31
2026/10/08 04:06:14.729, 3, 120 MHz, 3996 MHz, 184.09 W, 31
2026/10/08 04:06:14.729, 4, 2032 MHz, 3996 MHz, 247.32 W, 41
2026/10/08 04:06:14.729, 5, 2032 MHz, 3996 MHz, 240.25 W, 40
2026/10/08 04:06:14.729, 6, 120 MHz, 3996 MHz, 188.72 W, 34
2026/10/08 04:06:14.729, 7, 120 MHz, 3996 MHz, 188.47 W, 33
2026/10/08 04:06:15.729, 0, 120 MHz, 3996 MHz, 188.23 W, 37
2026/10/08 04:06:15.729, 1, 120 MHz, 3996 MHz, 190.17 W, 39
2026/10/08 04:06:15.729, 2, 120 MHz, 3996 MHz, 186.01 W, 31
2026/10/08 04:06:15.729, 3, 120 MHz, 3996 MHz, 184.09 W, 31
2026/10/08 04:06:15.729, 4, 2032 MHz, 3996 MHz, 247.19 W, 41
2026/10/08 04:06:15.729, 5, 2032 MHz, 3996 MHz, 240.06 W, 40
2026/10/08 04:06:15.729, 6, 120 MHz, 3996 MHz, 188.72 W, 34
2026/10/08 04:06:15.729, 7, 120 MHz, 3996 MHz, 188.40 W, 33
2026/10/08 04:06:16.730, 0, 120 MHz, 3996 MHz, 187.99 W, 37
2026/10/08 04:06:16.730, 1, 120 MHz, 3996 MHz, 190.17 W, 39
2026/10/08 04:06:16.730, 2, 120 MHz, 3996 MHz, 185.89 W, 31
2026/10/08 04:06:16.730, 3, 120 MHz, 3996 MHz, 184.09 W, 31
2026/10/08 04:06:16.730, 4, 2032 MHz, 3996 MHz, 247.13 W, 41
2026/10/08 04:06:16.730, 5, 2032 MHz, 3996 MHz, 239.79 W, 40
2026/10/08 04:06:16.730, 6, 120 MHz, 3996 MHz, 188.72 W, 34
2026/10/08 04:06:16.730, 7, 120 MHz, 3996 MHz, 188.48 W, 33
2026/10/08 04:06:17.730, 0, 120 MHz, 3996 MHz, 187.62 W, 37
2026/10/08 04:06:17.730, 1, 120 MHz, 3996 MHz, 190.17 W, 39
2026/10/08 04:06:17.730, 2, 120 MHz, 3996 MHz, 185.66 W, 31
2026/10/08 04:06:17.730, 3, 120 MHz, 3996 MHz, 184.09 W, 31
2026/10/08 04:06:17.730, 4, 2032 MHz, 3996 MHz, 246.71 W, 41
2026/10/08 04:06:17.730, 5, 2032 MHz, 3996 MHz, 239.71 W, 40
2026/10/08 04:06:17.730, 6, 120 MHz, 3996 MHz, 188.72 W, 34
2026/10/08 04:06:17.730, 7, 120 MHz, 3996 MHz, 188.48 W, 32
2026/10/08 04:06:18.730, 0, 120 MHz, 3996 MHz, 187.13 W, 37
2026/10/08 04:06:18.730, 1, 120 MHz, 3996 MHz, 190.17 W, 39
2026/10/08 04:06:18.730, 2, 120 MHz, 3996 MHz, 185.35 W, 30
2026/10/08 04:06:18.730, 3, 120 MHz, 3996 MHz, 184.09 W, 31
2026/10/08 04:06:18.730, 4, 2032 MHz, 3996 MHz, 246.66 W, 41
2026/10/08 04:06:18.730, 5, 2032 MHz, 3996 MHz, 239.82 W, 40
2026/10/08 04:06:18.730, 6, 120 MHz, 3996 MHz, 188.72 W, 33
2026/10/08 04:06:18.730, 7, 120 MHz, 3996 MHz, 188.44 W, 32
2026/10/08 04:06:19.731, 0, 120 MHz, 3996 MHz, 187.19 W, 36
2026/10/08 04:06:19.731, 1, 120 MHz, 3996 MHz, 190.17 W, 39
2026/10/08 04:06:19.731, 2, 120 MHz, 3996 MHz, 185.30 W, 30
2026/10/08 04:06:19.731, 3, 120 MHz, 3996 MHz, 184.09 W, 31
2026/10/08 04:06:19.731, 4, 2032 MHz, 3996 MHz, 246.39 W, 41
2026/10/08 04:06:19.731, 5, 2032 MHz, 3996 MHz, 239.65 W, 40
2026/10/08 04:06:19.731, 6, 120 MHz, 3996 MHz, 188.72 W, 33
2026/10/08 04:06:19.731, 7, 120 MHz, 3996 MHz, 188.09 W, 32
2026/10/08 04:06:20.731, 0, 120 MHz, 3996 MHz, 186.52 W, 36
2026/10/08 04:06:20.731, 1, 120 MHz, 3996 MHz, 190.17 W, 38
2026/10/08 04:06:20.731, 2, 120 MHz, 3996 MHz, 185.17 W, 30
2026/10/08 04:06:20.731, 3, 120 MHz, 3996 MHz, 184.09 W, 30
2026/10/08 04:06:20.731, 4, 2032 MHz, 3996 MHz, 246.39 W, 41
2026/10/08 04:06:20.731, 5, 2032 MHz, 3996 MHz, 239.52 W, 39
2026/10/08 04:06:20.731, 6, 120 MHz, 3996 MHz, 188.72 W, 33
2026/10/08 04:06:20.731, 7, 120 MHz, 3996 MHz, 187.97 W, 32
2026/10/08 04:06:21.731, 0, 120 MHz, 3996 MHz, 187.79 W, 36
2026/10/08 04:06:21.731, 1, 120 MHz, 3996 MHz, 190.09 W, 38
2026/10/08 04:06:21.731, 2, 120 MHz, 3996 MHz, 184.99 W, 30
2026/10/08 04:06:21.731, 3, 120 MHz, 3996 MHz, 184.09 W, 30
2026/10/08 04:06:21.731, 4, 2032 MHz, 3996 MHz, 246.31 W, 41
2026/10/08 04:06:21.731, 5, 2032 MHz, 3996 MHz, 239.57 W, 39
2026/10/08 04:06:21.731, 6, 120 MHz, 3996 MHz, 188.72 W, 33
2026/10/08 04:06:21.731, 7, 120 MHz, 3996 MHz, 187.42 W, 32
2026/10/08 04:06:22.732, 0, 120 MHz, 3996 MHz, 188.27 W, 36
2026/10/08 04:06:22.732, 1, 120 MHz, 3996 MHz, 189.86 W, 38
2026/10/08 04:06:22.732, 2, 120 MHz, 3996 MHz, 184.56 W, 30
2026/10/08 04:06:22.732, 3, 120 MHz, 3996 MHz, 184.09 W, 30
2026/10/08 04:06:22.732, 4, 2032 MHz, 3996 MHz, 246.28 W, 41
2026/10/08 04:06:22.732, 5, 2032 MHz, 3996 MHz, 239.13 W, 39
2026/10/08 04:06:22.732, 6, 120 MHz, 3996 MHz, 188.53 W, 32
2026/10/08 04:06:22.732, 7, 120 MHz, 3996 MHz, 186.80 W, 31
2026/10/08 04:06:23.732, 0, 120 MHz, 3996 MHz, 188.08 W, 36
2026/10/08 04:06:23.732, 1, 120 MHz, 3996 MHz, 189.82 W, 38
2026/10/08 04:06:23.732, 2, 120 MHz, 3996 MHz, 184.44 W, 30
2026/10/08 04:06:23.732, 3, 120 MHz, 3996 MHz, 184.09 W, 30
2026/10/08 04:06:23.732, 4, 2032 MHz, 3996 MHz, 246.28 W, 41
2026/10/08 04:06:23.732, 5, 2032 MHz, 3996 MHz, 238.92 W, 39
2026/10/08 04:06:23.732, 6, 120 MHz, 3996 MHz, 188.22 W, 32
2026/10/08 04:06:23.732, 7, 120 MHz, 3996 MHz, 186.61 W, 31
2026/10/08 04:06:24.732, 0, 120 MHz, 3996 MHz, 187.70 W, 36
2026/10/08 04:06:24.732, 1, 120 MHz, 3996 MHz, 189.08 W, 38
2026/10/08 04:06:24.732, 2, 120 MHz, 3996 MHz, 184.29 W, 30
2026/10/08 04:06:24.732, 3, 120 MHz, 3996 MHz, 184.09 W, 30
2026/10/08 04:06:24.732, 4, 2032 MHz, 3996 MHz, 246.28 W, 41
2026/10/08 04:06:24.732, 5, 2032 MHz, 3996 MHz, 239.05 W, 39
2026/10/08 04:06:24.732, 6, 120 MHz, 3996 MHz, 187.34 W, 32
2026/10/08 04:06:24.732, 7, 120 MHz, 3996 MHz, 186.53 W, 31
2026/10/08 04:06:25.733, 0, 120 MHz, 3996 MHz, 187.29 W, 36
2026/10/08 04:06:25.733, 1, 120 MHz, 3996 MHz, 188.88 W, 38
2026/10/08 04:06:25.733, 2, 120 MHz, 3996 MHz, 184.21 W, 30
2026/10/08 04:06:25.733, 3, 120 MHz, 3996 MHz, 184.09 W, 30
2026/10/08 04:06:25.733, 4, 2032 MHz, 3996 MHz, 246.28 W, 40
2026/10/08 04:06:25.733, 5, 2032 MHz, 3996 MHz, 238.98 W, 39
2026/10/08 04:06:25.733, 6, 120 MHz, 3996 MHz, 187.00 W, 32
2026/10/08 04:06:25.733, 7, 120 MHz, 3996 MHz, 186.95 W, 31
2026/10/08 04:06:26.733, 0, 120 MHz, 3996 MHz, 187.07 W, 35
2026/10/08 04:06:26.733, 1, 120 MHz, 3996 MHz, 188.81 W, 38
2026/10/08 04:06:26.733, 2, 120 MHz, 3996 MHz, 184.13 W, 30
2026/10/08 04:06:26.733, 3, 120 MHz, 3996 MHz, 184.09 W, 30
2026/10/08 04:06:26.733, 4, 2032 MHz, 3996 MHz, 246.28 W, 40
2026/10/08 04:06:26.733, 5, 2032 MHz, 3996 MHz, 238.82 W, 39
2026/10/08 04:06:26.733, 6, 120 MHz, 3996 MHz, 186.86 W, 32
2026/10/08 04:06:26.733, 7, 120 MHz, 3996 MHz, 187.18 W, 31
2026/10/08 04:06:27.733, 0, 120 MHz, 3996 MHz, 186.87 W, 35
2026/10/08 04:06:27.733, 1, 120 MHz, 3996 MHz, 188.38 W, 37
2026/10/08 04:06:27.733, 2, 120 MHz, 3996 MHz, 184.17 W, 30
2026/10/08 04:06:27.733, 3, 120 MHz, 3996 MHz, 184.09 W, 30
2026/10/08 04:06:27.733, 4, 2032 MHz, 3996 MHz, 246.28 W, 40
2026/10/08 04:06:27.733, 5, 2032 MHz, 3996 MHz, 239.12 W, 39
2026/10/08 04:06:27.733, 6, 120 MHz, 3996 MHz, 188.22 W, 32
2026/10/08 04:06:27.733, 7, 120 MHz, 3996 MHz, 186.85 W, 30
2026/10/08 04:06:28.734, 0, 120 MHz, 3996 MHz, 186.68 W, 35
2026/10/08 04:06:28.734, 1, 120 MHz, 3996 MHz, 188.30 W, 37
2026/10/08 04:06:28.734, 2, 120 MHz, 3996 MHz, 184.13 W, 30
2026/10/08 04:06:28.734, 3, 120 MHz, 3996 MHz, 184.09 W, 30
2026/10/08 04:06:28.734, 4, 2032 MHz, 3996 MHz, 246.28 W, 40
2026/10/08 04:06:28.734, 5, 2032 MHz, 3996 MHz, 238.81 W, 39
2026/10/08 04:06:28.734, 6, 120 MHz, 3996 MHz, 187.76 W, 31
2026/10/08 04:06:28.734, 7, 120 MHz, 3996 MHz, 186.61 W, 30
2026/10/08 04:06:29.734, 0, 120 MHz, 3996 MHz, 186.57 W, 35
2026/10/08 04:06:29.734, 1, 120 MHz, 3996 MHz, 188.23 W, 37
2026/10/08 04:06:29.734, 2, 120 MHz, 3996 MHz, 184.09 W, 29
2026/10/08 04:06:29.734, 3, 120 MHz, 3996 MHz, 184.09 W, 30
2026/10/08 04:06:29.734, 4, 2032 MHz, 3996 MHz, 246.28 W, 40
2026/10/08 04:06:29.734, 5, 2032 MHz, 3996 MHz, 238.65 W, 38
2026/10/08 04:06:29.734, 6, 120 MHz, 3996 MHz, 187.39 W, 31
2026/10/08 04:06:29.734, 7, 120 MHz, 3996 MHz, 186.57 W, 30
2026/10/08 04:06:30.734, 0, 120 MHz, 3996 MHz, 186.45 W, 35
2026/10/08 04:06:30.734, 1, 120 MHz, 3996 MHz, 188.23 W, 37
2026/10/08 04:06:30.734, 2, 120 MHz, 3996 MHz, 184.09 W, 29
2026/10/08 04:06:30.734, 3, 120 MHz, 3996 MHz, 184.05 W, 30
2026/10/08 04:06:30.734, 4, 2032 MHz, 3996 MHz, 246.28 W, 40
2026/10/08 04:06:30.734, 5, 2032 MHz, 3996 MHz, 238.71 W, 38
2026/10/08 04:06:30.734, 6, 120 MHz, 3996 MHz, 187.17 W, 31
2026/10/08 04:06:30.734, 7, 120 MHz, 3996 MHz, 186.53 W, 30
2026/10/08 04:06:31.735, 0, 120 MHz, 3996 MHz, 186.41 W, 35
2026/10/08 04:06:31.735, 1, 120 MHz, 3996 MHz, 188.23 W, 37
2026/10/08 04:06:31.735, 2, 120 MHz, 3996 MHz, 184.09 W, 29
2026/10/08 04:06:31.735, 3, 120 MHz, 3996 MHz, 184.05 W, 30
2026/10/08 04:06:31.735, 4, 2032 MHz, 3996 MHz, 246.28 W, 40
2026/10/08 04:06:31.735, 5, 2032 MHz, 3996 MHz, 238.60 W, 38
2026/10/08 04:06:31.735, 6, 120 MHz, 3996 MHz, 186.82 W, 31
2026/10/08 04:06:31.735, 7, 120 MHz, 3996 MHz, 186.53 W, 30
2026/10/08 04:06:32.735, 0, 120 MHz, 3996 MHz, 186.41 W, 35
2026/10/08 04:06:32.735, 1, 120 MHz, 3996 MHz, 188.23 W, 37
2026/10/08 04:06:32.735, 2, 120 MHz, 3996 MHz, 184.09 W, 29
2026/10/08 04:06:32.735, 3, 120 MHz, 3996 MHz, 184.09 W, 29
2026/10/08 04:06:32.735, 4, 2032 MHz, 3996 MHz, 246.28 W, 40
2026/10/08 04:06:32.735, 5, 2032 MHz, 3996 MHz, 238.62 W, 38
2026/10/08 04:06:32.735, 6, 120 MHz, 3996 MHz, 186.82 W, 31
2026/10/08 04:06:32.735, 7, 120 MHz, 3996 MHz, 186.53 W, 30
2026/10/08 04:06:33.735, 0, 120 MHz, 3996 MHz, 186.41 W, 35
2026/10/08 04:06:33.735, 1, 120 MHz, 3996 MHz, 188.23 W, 37
2026/10/08 04:06:33.735, 2, 120 MHz, 3996 MHz, 184.09 W, 29
2026/10/08 04:06:33.735, 3, 120 MHz, 3996 MHz, 184.05 W, 29
2026/10/08 04:06:33.735, 4, 2032 MHz, 3996 MHz, 246.28 W, 40
2026/10/08 04:06:33.735, 5, 2032 MHz, 3996 MHz, 238.56 W, 38
2026/10/08 04:06:33.735, 6, 120 MHz, 3996 MHz, 186.78 W, 31
2026/10/08 04:06:33.735, 7, 120 MHz, 3996 MHz, 186.53 W, 29
2026/10/08 04:06:34.736, 0, 120 MHz, 3996 MHz, 186.41 W, 34
2026/10/08 04:06:34.736, 1, 120 MHz, 3996 MHz, 188.23 W, 37
2026/10/08 04:06:34.736, 2, 120 MHz, 3996 MHz, 184.09 W, 29
2026/10/08 04:06:34.736, 3, 120 MHz, 3996 MHz, 184.09 W, 29
2026/10/08 04:06:34.736, 4, 2032 MHz, 3996 MHz, 246.28 W, 39
2026/10/08 04:06:34.736, 5, 2032 MHz, 3996 MHz, 238.48 W, 38
2026/10/08 04:06:34.736, 6, 120 MHz, 3996 MHz, 186.78 W, 31
2026/10/08 04:06:34.736, 7, 120 MHz, 3996 MHz, 186.53 W, 29
2026/10/08 04:06:35.736, 0, 120 MHz, 3996 MHz, 186.41 W, 34
2026/10/08 04:06:35.736, 1, 120 MHz, 3996 MHz, 188.23 W, 36
2026/10/08 04:06:35.736, 2, 120 MHz, 3996 MHz, 184.09 W, 29
2026/10/08 04:06:35.736, 3, 120 MHz, 3996 MHz, 183.97 W, 29
2026/10/08 04:06:35.736, 4, 2032 MHz, 3996 MHz, 246.24 W, 39
2026/10/08 04:06:35.736, 5, 2032 MHz, 3996 MHz, 238.26 W, 38
2026/10/08 04:06:35.736, 6, 120 MHz, 3996 MHz, 186.78 W, 30
2026/10/08 04:06:35.736, 7, 120 MHz, 3996 MHz, 186.53 W, 29
2026/10/08 04:06:36.736, 0, 120 MHz, 3996 MHz, 186.41 W, 34
2026/10/08 04:06:36.736, 1, 120 MHz, 3996 MHz, 188.23 W, 36
2026/10/08 04:06:36.736, 2, 120 MHz, 3996 MHz, 184.09 W, 29
2026/10/08 04:06:36.736, 3, 120 MHz, 3996 MHz, 183.94 W, 29
2026/10/08 04:06:36.736, 4, 2032 MHz, 3996 MHz, 246.24 W, 39
2026/10/08 04:06:36.736, 5, 2032 MHz, 3996 MHz, 238.39 W, 38
2026/10/08 04:06:36.736, 6, 120 MHz, 3996 MHz, 186.78 W, 30
2026/10/08 04:06:36.736, 7, 120 MHz, 3996 MHz, 186.53 W, 29
2026/10/08 04:06:37.737, 0, 120 MHz, 3996 MHz, 186.41 W, 34
2026/10/08 04:06:37.737, 1, 120 MHz, 3996 MHz, 188.23 W, 36
2026/10/08 04:06:37.737, 2, 120 MHz, 3996 MHz, 184.09 W, 29
2026/10/08 04:06:37.737, 3, 120 MHz, 3996 MHz, 183.97 W, 29
2026/10/08 04:06:37.737, 4, 2032 MHz, 3996 MHz, 246.16 W, 39
2026/10/08 04:06:37.737, 5, 2032 MHz, 3996 MHz, 238.26 W, 38
2026/10/08 04:06:37.737, 6, 120 MHz, 3996 MHz, 186.78 W, 30
2026/10/08 04:06:37.737, 7, 120 MHz, 3996 MHz, 186.53 W, 29
2026/10/08 04:06:38.737, 0, 120 MHz, 3996 MHz, 186.41 W, 34
2026/10/08 04:06:38.737, 1, 120 MHz, 3996 MHz, 188.23 W, 36
2026/10/08 04:06:38.737, 2, 120 MHz, 3996 MHz, 184.09 W, 29
2026/10/08 04:06:38.737, 3, 120 MHz, 3996 MHz, 183.85 W, 29
2026/10/08 04:06:38.737, 4, 2032 MHz, 3996 MHz, 245.75 W, 39
2026/10/08 04:06:38.737, 5, 2032 MHz, 3996 MHz, 238.21 W, 37
2026/10/08 04:06:38.737, 6, 120 MHz, 3996 MHz, 186.78 W, 30
2026/10/08 04:06:38.737, 7, 120 MHz, 3996 MHz, 186.53 W, 29
2026/10/08 04:06:39.737, 0, 120 MHz, 3996 MHz, 186.41 W, 34
2026/10/08 04:06:39.737, 1, 120 MHz, 3996 MHz, 188.23 W, 36
2026/10/08 04:06:39.737, 2, 120 MHz, 3996 MHz, 184.09 W, 29
2026/10/08 04:06:39.737, 3, 120 MHz, 3996 MHz, 183.98 W, 29
2026/10/08 04:06:39.737, 4, 2032 MHz, 3996 MHz, 245.58 W, 39
2026/10/08 04:06:39.737, 5, 2032 MHz, 3996 MHz, 237.92 W, 37
2026/10/08 04:06:39.737, 6, 120 MHz, 3996 MHz, 186.78 W, 30
2026/10/08 04:06:39.737, 7, 120 MHz, 3996 MHz, 186.53 W, 29
2026/10/08 04:06:40.738, 0, 120 MHz, 3996 MHz, 186.41 W, 34
2026/10/08 04:06:40.738, 1, 120 MHz, 3996 MHz, 188.23 W, 36
2026/10/08 04:06:40.738, 2, 120 MHz, 3996 MHz, 184.09 W, 29
2026/10/08 04:06:40.738, 3, 120 MHz, 3996 MHz, 183.81 W, 29
2026/10/08 04:06:40.738, 4, 2032 MHz, 3996 MHz, 245.27 W, 39
2026/10/08 04:06:40.738, 5, 2032 MHz, 3996 MHz, 237.94 W, 37
2026/10/08 04:06:40.738, 6, 120 MHz, 3996 MHz, 186.78 W, 30
2026/10/08 04:06:40.738, 7, 120 MHz, 3996 MHz, 186.53 W, 29
2026/10/08 04:06:41.738, 0, 120 MHz, 3996 MHz, 186.41 W, 34
2026/10/08 04:06:41.738, 1, 120 MHz, 3996 MHz, 188.23 W, 36
2026/10/08 04:06:41.738, 2, 120 MHz, 3996 MHz, 184.09 W, 29
2026/10/08 04:06:41.738, 3, 120 MHz, 3996 MHz, 183.86 W, 29
2026/10/08 04:06:41.738, 4, 2032 MHz, 3996 MHz, 245.54 W, 39
2026/10/08 04:06:41.738, 5, 2032 MHz, 3996 MHz, 237.91 W, 37
2026/10/08 04:06:41.738, 6, 120 MHz, 3996 MHz, 186.78 W, 30
2026/10/08 04:06:41.738, 7, 120 MHz, 3996 MHz, 186.53 W, 29
2026/10/08 04:06:42.738, 0, 120 MHz, 3996 MHz, 186.41 W, 34
2026/10/08 04:06:42.738, 1, 120 MHz, 3996 MHz, 188.23 W, 36
2026/10/08 04:06:42.738, 2, 120 MHz, 3996 MHz, 184.09 W, 29
2026/10/08 04:06:42.738, 3, 120 MHz, 3996 MHz, 183.74 W, 29
2026/10/08 04:06:42.738, 4, 2032 MHz, 3996 MHz, 244.92 W, 39
2026/10/08 04:06:42.738, 5, 2032 MHz, 3996 MHz, 237.55 W, 37
2026/10/08 04:06:42.738, 6, 120 MHz, 3996 MHz, 186.78 W, 30
2026/10/08 04:06:42.738, 7, 120 MHz, 3996 MHz, 186.53 W, 28
2026/10/08 04:06:43.739, 0, 120 MHz, 3996 MHz, 186.41 W, 34
2026/10/08 04:06:43.739, 1, 120 MHz, 3996 MHz, 188.23 W, 36
2026/10/08 04:06:43.739, 2, 120 MHz, 3996 MHz, 184.09 W, 29
2026/10/08 04:06:43.739, 3, 120 MHz, 3996 MHz, 183.46 W, 29
2026/10/08 04:06:43.739, 4, 2032 MHz, 3996 MHz, 244.68 W, 39
2026/10/08 04:06:43.739, 5, 2032 MHz, 3996 MHz, 237.63 W, 37
2026/10/08 04:06:43.739, 6, 120 MHz, 3996 MHz, 186.78 W, 30
2026/10/08 04:06:43.739, 7, 120 MHz, 3996 MHz, 186.53 W, 28
2026/10/08 04:06:44.739, 0, 120 MHz, 3996 MHz, 186.41 W, 34
2026/10/08 04:06:44.739, 1, 120 MHz, 3996 MHz, 188.23 W, 36
2026/10/08 04:06:44.739, 2, 120 MHz, 3996 MHz, 184.09 W, 29
2026/10/08 04:06:44.739, 3, 120 MHz, 3996 MHz, 183.59 W, 29
2026/10/08 04:06:44.739, 4, 2032 MHz, 3996 MHz, 244.72 W, 38
2026/10/08 04:06:44.739, 5, 2032 MHz, 3996 MHz, 237.39 W, 37
2026/10/08 04:06:44.739, 6, 120 MHz, 3996 MHz, 186.78 W, 30
2026/10/08 04:06:44.739, 7, 120 MHz, 3996 MHz, 186.53 W, 28
2026/10/08 04:06:45.739, 0, 120 MHz, 3996 MHz, 186.41 W, 34
2026/10/08 04:06:45.739, 1, 120 MHz, 3996 MHz, 188.23 W, 36
2026/10/08 04:06:45.739, 2, 120 MHz, 3996 MHz, 184.09 W, 29
2026/10/08 04:06:45.739, 3, 120 MHz, 3996 MHz, 183.35 W, 29
2026/10/08 04:06:45.739, 4, 2032 MHz, 3996 MHz, 244.57 W, 38
2026/10/08 04:06:45.739, 5, 2032 MHz, 3996 MHz, 237.49 W, 37
2026/10/08 04:06:45.739, 6, 120 MHz, 3996 MHz, 186.78 W, 30
2026/10/08 04:06:45.739, 7, 120 MHz, 3996 MHz, 186.53 W, 28
2026/10/08 04:06:46.740, 0, 120 MHz, 3996 MHz, 186.41 W, 33
2026/10/08 04:06:46.740, 1, 120 MHz, 3996 MHz, 188.23 W, 36
2026/10/08 04:06:46.740, 2, 120 MHz, 3996 MHz, 184.09 W, 29
2026/10/08 04:06:46.740, 3, 120 MHz, 3996 MHz, 183.46 W, 29
2026/10/08 04:06:46.740, 4, 2032 MHz, 3996 MHz, 244.68 W, 38
2026/10/08 04:06:46.740, 5, 2032 MHz, 3996 MHz, 237.48 W, 37
2026/10/08 04:06:46.740, 6, 120 MHz, 3996 MHz, 186.78 W, 29
2026/10/08 04:06:46.740, 7, 120 MHz, 3996 MHz, 186.53 W, 28
2026/10/08 04:06:47.740, 0, 120 MHz, 3996 MHz, 186.41 W, 33
2026/10/08 04:06:47.740, 1, 120 MHz, 3996 MHz, 188.23 W, 35
2026/10/08 04:06:47.740, 2, 120 MHz, 3996 MHz, 184.09 W, 29
2026/10/08 04:06:47.740, 3, 120 MHz, 3996 MHz, 183.48 W, 29
2026/10/08 04:06:47.740, 4, 2032 MHz, 3996 MHz, 244.41 W, 38
2026/10/08 04:06:47.740, 5, 2032 MHz, 3996 MHz, 237.17 W, 37
2026/10/08 04:06:47.740, 6, 120 MHz, 3996 MHz, 186.78 W, 29
2026/10/08 04:06:47.740, 7, 120 MHz, 3996 MHz, 186.53 W, 28
2026/10/08 04:06:48.740, 0, 120 MHz, 3996 MHz, 186.41 W, 33
2026/10/08 04:06:48.740, 1, 120 MHz, 3996 MHz, 188.23 W, 35
2026/10/08 04:06:48.740, 2, 120 MHz, 3996 MHz, 184.09 W, 29
2026/10/08 04:06:48.740, 3, 120 MHz, 3996 MHz, 183.21 W, 29
2026/10/08 04:06:48.740, 4, 2032 MHz, 3996 MHz, 244.34 W, 38
2026/10/08 04:06:48.740, 5, 2032 MHz, 3996 MHz, 236.93 W, 37
2026/10/08 04:06:48.740, 6, 120 MHz, 3996 MHz, 186.78 W, 29
2026/10/08 04:06:48.740, 7, 120 MHz, 3996 MHz, 186.53 W, 28
2026/10/08 04:06:49.741, 0, 120 MHz, 3996 MHz, 186.41 W, 33
2026/10/08 04:06:49.741, 1, 120 MHz, 3996 MHz, 188.23 W, 35
2026/10/08 04:06:49.741, 2, 120 MHz, 3996 MHz, 184.09 W, 29
2026/10/08 04:06:49.741, 3, 120 MHz, 3996 MHz, 183.07 W, 29
2026/10/08 04:06:49.741, 4, 2032 MHz, 3996 MHz, 244.34 W, 38
2026/10/08 04:06:49.741, 5, 2032 MHz, 3996 MHz, 236.94 W, 37
2026/10/08 04:06:49.741, 6, 120 MHz, 3996 MHz, 186.78 W, 29
2026/10/08 04:06:49.741, 7, 120 MHz, 3996 MHz, 186.53 W, 28
2026/10/08 04:06:50.741, 0, 120 MHz, 3996 MHz, 186.41 W, 33
2026/10/08 04:06:50.741, 1, 120 MHz, 3996 MHz, 188.23 W, 35
2026/10/08 04:06:50.741, 2, 120 MHz, 3996 MHz, 184.09 W, 29
2026/10/08 04:06:50.741, 3, 120 MHz, 3996 MHz, 183.24 W, 29
2026/10/08 04:06:50.741, 4, 2032 MHz, 3996 MHz, 244.34 W, 38
2026/10/08 04:06:50.741, 5, 2032 MHz, 3996 MHz, 237.36 W, 37
2026/10/08 04:06:50.741, 6, 120 MHz, 3996 MHz, 186.78 W, 29
2026/10/08 04:06:50.741, 7, 120 MHz, 3996 MHz, 186.53 W, 28
2026/10/08 04:06:51.741, 0, 120 MHz, 3996 MHz, 186.41 W, 33
2026/10/08 04:06:51.741, 1, 120 MHz, 3996 MHz, 188.23 W, 35
2026/10/08 04:06:51.741, 2, 120 MHz, 3996 MHz, 184.09 W, 29
2026/10/08 04:06:51.741, 3, 120 MHz, 3996 MHz, 183.09 W, 29
2026/10/08 04:06:51.741, 4, 2032 MHz, 3996 MHz, 244.34 W, 38
2026/10/08 04:06:51.741, 5, 2032 MHz, 3996 MHz, 237.21 W, 36
2026/10/08 04:06:51.741, 6, 120 MHz, 3996 MHz, 186.78 W, 29
2026/10/08 04:06:51.741, 7, 120 MHz, 3996 MHz, 186.53 W, 28
2026/10/08 04:06:52.742, 0, 120 MHz, 3996 MHz, 186.41 W, 33
2026/10/08 04:06:52.742, 1, 120 MHz, 3996 MHz, 188.23 W, 35
2026/10/08 04:06:52.742, 2, 120 MHz, 3996 MHz, 184.09 W, 28
2026/10/08 04:06:52.742, 3, 120 MHz, 3996 MHz, 182.93 W, 29
2026/10/08 04:06:52.742, 4, 2032 MHz, 3996 MHz, 244.34 W, 38
2026/10/08 04:06:52.742, 5, 2032 MHz, 3996 MHz, 237.13 W, 36
2026/10/08 04:06:52.742, 6, 120 MHz, 3996 MHz, 186.78 W, 29
2026/10/08 04:06:52.742, 7, 120 MHz, 3996 MHz, 186.53 W, 28
2026/10/08 04:06:53.742, 0, 120 MHz, 3996 MHz, 186.41 W, 33
2026/10/08 04:06:53.742, 1, 120 MHz, 3996 MHz, 188.23 W, 35
2026/10/08 04:06:53.742, 2, 120 MHz, 3996 MHz, 184.09 W, 28
2026/10/08 04:06:53.742, 3, 120 MHz, 3996 MHz, 182.96 W, 29
2026/10/08 04:06:53.742, 4, 2032 MHz, 3996 MHz, 244.34 W, 38
2026/10/08 04:06:53.742, 5, 2032 MHz, 3996 MHz, 237.01 W, 36
2026/10/08 04:06:53.742, 6, 120 MHz, 3996 MHz, 186.78 W, 29
2026/10/08 04:06:53.742, 7, 120 MHz, 3996 MHz, 186.53 W, 28
2026/10/08 04:06:54.742, 0, 120 MHz, 3996 MHz, 186.41 W, 33
2026/10/08 04:06:54.742, 1, 120 MHz, 3996 MHz, 188.23 W, 35
2026/10/08 04:06:54.742, 2, 120 MHz, 3996 MHz, 184.09 W, 28
2026/10/08 04:06:54.742, 3, 120 MHz, 3996 MHz, 182.82 W, 29
2026/10/08 04:06:54.742, 4, 2032 MHz, 3996 MHz, 244.34 W, 38
2026/10/08 04:06:54.742, 5, 2032 MHz, 3996 MHz, 237.00 W, 36
2026/10/08 04:06:54.742, 6, 120 MHz, 3996 MHz, 186.78 W, 29
2026/10/08 04:06:54.742, 7, 120 MHz, 3996 MHz, 186.53 W, 28
2026/10/08 04:06:55.743, 0, 120 MHz, 3996 MHz, 186.41 W, 33
2026/10/08 04:06:55.743, 1, 120 MHz, 3996 MHz, 188.23 W, 35
2026/10/08 04:06:55.743, 2, 120 MHz, 3996 MHz, 184.09 W, 28
2026/10/08 04:06:55.743, 3, 120 MHz, 3996 MHz, 182.95 W, 29
2026/10/08 04:06:55.743, 4, 2032 MHz, 3996 MHz, 244.34 W, 38
2026/10/08 04:06:55.743, 5, 2032 MHz, 3996 MHz, 236.94 W, 36
2026/10/08 04:06:55.743, 6, 120 MHz, 3996 MHz, 186.78 W, 29
2026/10/08 04:06:55.743, 7, 120 MHz, 3996 MHz, 186.50 W, 28
2026/10/08 04:06:56.743, 0, 120 MHz, 3996 MHz, 186.41 W, 33
2026/10/08 04:06:56.743, 1, 120 MHz, 3996 MHz, 188.23 W, 35
2026/10/08 04:06:56.743, 2, 120 MHz, 3996 MHz, 184.09 W, 28
2026/10/08 04:06:56.743, 3, 120 MHz, 3996 MHz, 182.71 W, 29
2026/10/08 04:06:56.743, 4, 2032 MHz, 3996 MHz, 244.34 W, 38
2026/10/08 04:06:56.743, 5, 2032 MHz, 3996 MHz, 236.86 W, 36
2026/10/08 04:06:56.743, 6, 120 MHz, 3996 MHz, 186.74 W, 29
2026/10/08 04:06:56.743, 7, 120 MHz, 3996 MHz, 186.53 W, 28
2026/10/08 04:06:57.743, 0, 120 MHz, 3996 MHz, 186.41 W, 33
2026/10/08 04:06:57.743, 1, 120 MHz, 3996 MHz, 188.23 W, 35
2026/10/08 04:06:57.743, 2, 120 MHz, 3996 MHz, 184.09 W, 28
2026/10/08 04:06:57.743, 3, 120 MHz, 3996 MHz, 182.80 W, 29
2026/10/08 04:06:57.743, 4, 2032 MHz, 3996 MHz, 244.34 W, 38
2026/10/08 04:06:57.743, 5, 2032 MHz, 3996 MHz, 236.73 W, 36
2026/10/08 04:06:57.743, 6, 120 MHz, 3996 MHz, 186.74 W, 29
2026/10/08 04:06:57.743, 7, 120 MHz, 3996 MHz, 186.54 W, 28
2026/10/08 04:06:58.744, 0, 120 MHz, 3996 MHz, 186.41 W, 33
2026/10/08 04:06:58.744, 1, 120 MHz, 3996 MHz, 188.23 W, 35
2026/10/08 04:06:58.744, 2, 120 MHz, 3996 MHz, 184.09 W, 28
2026/10/08 04:06:58.744, 3, 120 MHz, 3996 MHz, 182.74 W, 29
2026/10/08 04:06:58.744, 4, 2032 MHz, 3996 MHz, 244.34 W, 38
2026/10/08 04:06:58.744, 5, 2032 MHz, 3996 MHz, 236.86 W, 36
2026/10/08 04:06:58.744, 6, 120 MHz, 3996 MHz, 186.78 W, 29
2026/10/08 04:06:58.744, 7, 120 MHz, 3996 MHz, 186.53 W, 28
2026/10/08 04:06:59.744, 0, 120 MHz, 3996 MHz, 186.41 W, 33
2026/10/08 04:06:59.744, 1, 120 MHz, 3996 MHz, 188.23 W, 35
2026/10/08 04:06:59.744, 2, 120 MHz, 3996 MHz, 184.09 W, 28
2026/10/08 04:06:59.744, 3, 120 MHz, 3996 MHz, 182.68 W, 29
2026/10/08 04:06:59.744, 4, 2032 MHz, 3996 MHz, 244.34 W, 38
2026/10/08 04:06:59.744, 5, 2032 MHz, 3996 MHz, 236.91 W, 36
2026/10/08 04:06:59.744, 6, 120 MHz, 3996 MHz, 186.70 W, 29
2026/10/08 04:06:59.744, 7, 120 MHz, 3996 MHz, 186.53 W, 28
2026/10/08 04:07:00.744, 0, 120 MHz, 3996 MHz, 186.41 W, 33
2026/10/08 04:07:00.744, 1, 120 MHz, 3996 MHz, 188.23 W, 35
2026/10/08 04:07:00.744, 2, 120 MHz, 3996 MHz, 184.09 W, 28
2026/10/08 04:07:00.744, 3, 120 MHz, 3996 MHz, 182.63 W, 29
2026/10/08 04:07:00.744, 4, 2032 MHz, 3996 MHz, 244.34 W, 38
2026/10/08 04:07:00.744, 5, 2032 MHz, 3996 MHz, 237.02 W, 36
2026/10/08 04:07:00.744, 6, 120 MHz, 3996 MHz, 186.74 W, 29
2026/10/08 04:07:00.744, 7, 120 MHz, 3996 MHz, 186.54 W, 28
2026/10/08 04:07:01.745, 0, 120 MHz, 3996 MHz, 186.41 W, 33
2026/10/08 04:07:01.745, 1, 120 MHz, 3996 MHz, 188.23 W, 35
2026/10/08 04:07:01.745, 2, 120 MHz, 3996 MHz, 184.09 W, 28
2026/10/08 04:07:01.745, 3, 120 MHz, 3996 MHz, 182.72 W, 28
2026/10/08 04:07:01.745, 4, 2032 MHz, 3996 MHz, 244.34 W, 38
2026/10/08 04:07:01.745, 5, 2032 MHz, 3996 MHz, 236.81 W, 36
2026/10/08 04:07:01.745, 6, 120 MHz, 3996 MHz, 186.74 W, 29
2026/10/08 04:07:01.745, 7, 120 MHz, 3996 MHz, 186.49 W, 28
2026/10/08 04:07:02.745, 0, 120 MHz, 3996 MHz, 186.41 W, 33
2026/10/08 04:07:02.745, 1, 120 MHz, 3996 MHz, 188.23 W, 35
2026/10/08 04:07:02.745, 2, 120 MHz, 3996 MHz, 184.09 W, 28
2026/10/08 04:07:02.745, 3, 120 MHz, 3996 MHz, 182.55 W, 28
2026/10/08 04:07:02.745, 4, 2032 MHz, 3996 MHz, 244.34 W, 38
2026/10/08 04:07:02.745, 5, 2032 MHz, 3996 MHz, 237.04 W, 36
2026/10/08 04:07:02.745, 6, 120 MHz, 3996 MHz, 186.74 W, 29
2026/10/08 04:07:02.745, 7, 120 MHz, 3996 MHz, 186.53 W, 28
2026/10/08 04:07:03.745, 0, 120 MHz, 3996 MHz, 186.41 W, 33
2026/10/08 04:07:03.745, 1, 120 MHz, 3996 MHz, 188.23 W, 35
2026/10/08 04:07:03.745, 2, 120 MHz, 3996 MHz, 184.09 W, 28
2026/10/08 04:07:03.745, 3, 120 MHz, 3996 MHz, 182.60 W, 28
2026/10/08 04:07:03.745, 4, 2032 MHz, 3996 MHz, 244.34 W, 38
2026/10/08 04:07:03.745, 5, 2032 MHz, 3996 MHz, 236.75 W, 36
2026/10/08 04:07:03.745, 6, 120 MHz, 3996 MHz, 186.74 W, 29
2026/10/08 04:07:03.745, 7, 120 MHz, 3996 MHz, 186.54 W, 28
2026/10/08 04:07:04.745, 0, 120 MHz, 3996 MHz, 186.41 W, 33
2026/10/08 04:07:04.746, 1, 120 MHz, 3996 MHz, 188.23 W, 35
2026/10/08 04:07:04.746, 2, 120 MHz, 3996 MHz, 184.09 W, 28
2026/10/08 04:07:04.746, 3, 120 MHz, 3996 MHz, 182.37 W, 28
2026/10/08 04:07:04.746, 4, 2032 MHz, 3996 MHz, 244.34 W, 38
2026/10/08 04:07:04.746, 5, 2032 MHz, 3996 MHz, 236.66 W, 36
2026/10/08 04:07:04.746, 6, 120 MHz, 3996 MHz, 186.62 W, 29
2026/10/08 04:07:04.746, 7, 120 MHz, 3996 MHz, 186.42 W, 27
2026/10/08 04:07:05.746, 0, 120 MHz, 3996 MHz, 186.41 W, 33
2026/10/08 04:07:05.746, 1, 120 MHz, 3996 MHz, 188.23 W, 35
2026/10/08 04:07:05.746, 2, 120 MHz, 3996 MHz, 184.09 W, 28
2026/10/08 04:07:05.746, 3, 120 MHz, 3996 MHz, 182.59 W, 28
2026/10/08 04:07:05.746, 4, 2032 MHz, 3996 MHz, 244.34 W, 37
2026/10/08 04:07:05.746, 5, 2032 MHz, 3996 MHz, 236.79 W, 36
2026/10/08 04:07:05.746, 6, 120 MHz, 3996 MHz, 186.74 W, 29
2026/10/08 04:07:05.746, 7, 120 MHz, 3996 MHz, 186.39 W, 27
2026/10/08 04:07:06.746, 0, 120 MHz, 3996 MHz, 186.41 W, 33
2026/10/08 04:07:06.746, 1, 120 MHz, 3996 MHz, 188.23 W, 35
2026/10/08 04:07:06.746, 2, 120 MHz, 3996 MHz, 184.09 W, 28
2026/10/08 04:07:06.746, 3, 120 MHz, 3996 MHz, 182.64 W, 28
2026/10/08 04:07:06.746, 4, 2032 MHz, 3996 MHz, 244.34 W, 37
2026/10/08 04:07:06.746, 5, 2032 MHz, 3996 MHz, 236.90 W, 36
2026/10/08 04:07:06.746, 6, 120 MHz, 3996 MHz, 186.62 W, 29
2026/10/08 04:07:06.746, 7, 120 MHz, 3996 MHz, 186.19 W, 27
2026/10/08 04:07:07.746, 0, 120 MHz, 3996 MHz, 186.41 W, 33
2026/10/08 04:07:07.746, 1, 120 MHz, 3996 MHz, 188.23 W, 35
2026/10/08 04:07:07.746, 2, 120 MHz, 3996 MHz, 184.09 W, 28
2026/10/08 04:07:07.746, 3, 120 MHz, 3996 MHz, 182.60 W, 28
2026/10/08 04:07:07.746, 4, 2032 MHz, 3996 MHz, 244.38 W, 37
2026/10/08 04:07:07.746, 5, 2032 MHz, 3996 MHz, 236.88 W, 36
2026/10/08 04:07:07.747, 6, 120 MHz, 3996 MHz, 185.96 W, 29
2026/10/08 04:07:07.747, 7, 120 MHz, 3996 MHz, 185.52 W, 27
2026/10/08 04:07:08.747, 0, 120 MHz, 3996 MHz, 186.41 W, 33
2026/10/08 04:07:08.747, 1, 120 MHz, 3996 MHz, 188.23 W, 35
2026/10/08 04:07:08.747, 2, 120 MHz, 3996 MHz, 184.09 W, 28
2026/10/08 04:07:08.747, 3, 120 MHz, 3996 MHz, 182.71 W, 28
2026/10/08 04:07:08.747, 4, 2032 MHz, 3996 MHz, 244.41 W, 37
2026/10/08 04:07:08.747, 5, 2032 MHz, 3996 MHz, 236.79 W, 36
2026/10/08 04:07:08.747, 6, 120 MHz, 3996 MHz, 185.45 W, 29
2026/10/08 04:07:08.747, 7, 120 MHz, 3996 MHz, 185.46 W, 27
2026/10/08 04:07:09.747, 0, 120 MHz, 3996 MHz, 186.41 W, 33
2026/10/08 04:07:09.747, 1, 120 MHz, 3996 MHz, 188.23 W, 35
2026/10/08 04:07:09.747, 2, 120 MHz, 3996 MHz, 184.09 W, 28
2026/10/08 04:07:09.747, 3, 120 MHz, 3996 MHz, 182.59 W, 28
2026/10/08 04:07:09.747, 4, 2032 MHz, 3996 MHz, 244.35 W, 37
2026/10/08 04:07:09.747, 5, 2032 MHz, 3996 MHz, 254.72 W, 36
2026/10/08 04:07:09.747, 6, 120 MHz, 3996 MHz, 185.82 W, 29
2026/10/08 04:07:09.747, 7, 120 MHz, 3996 MHz, 185.16 W, 27
2026/10/08 04:07:10.747, 0, 120 MHz, 3996 MHz, 186.41 W, 33
2026/10/08 04:07:10.747, 1, 120 MHz, 3996 MHz, 188.23 W, 35
2026/10/08 04:07:10.747, 2, 120 MHz, 3996 MHz, 184.09 W, 28
2026/10/08 04:07:10.747, 3, 120 MHz, 3996 MHz, 182.52 W, 28
2026/10/08 04:07:10.747, 4, 2032 MHz, 3996 MHz, 244.31 W, 37
2026/10/08 04:07:10.747, 5, 2032 MHz, 3996 MHz, 248.22 W, 36
2026/10/08 04:07:10.747, 6, 120 MHz, 3996 MHz, 185.57 W, 29
2026/10/08 04:07:10.747, 7, 120 MHz, 3996 MHz, 185.26 W, 27
2026/10/08 04:07:11.748, 0, 120 MHz, 3996 MHz, 186.37 W, 33
2026/10/08 04:07:11.748, 1, 120 MHz, 3996 MHz, 188.23 W, 35
2026/10/08 04:07:11.748, 2, 120 MHz, 3996 MHz, 184.09 W, 28
2026/10/08 04:07:11.748, 3, 120 MHz, 3996 MHz, 182.13 W, 28
2026/10/08 04:07:11.748, 4, 2032 MHz, 3996 MHz, 244.34 W, 37
2026/10/08 04:07:11.748, 5, 2032 MHz, 3996 MHz, 237.51 W, 36
2026/10/08 04:07:11.748, 6, 120 MHz, 3996 MHz, 185.44 W, 29
2026/10/08 04:07:11.748, 7, 120 MHz, 3996 MHz, 185.20 W, 27
2026/10/08 04:07:12.748, 0, 120 MHz, 3996 MHz, 186.37 W, 32
2026/10/08 04:07:12.748, 1, 120 MHz, 3996 MHz, 188.23 W, 35
2026/10/08 04:07:12.748, 2, 120 MHz, 3996 MHz, 184.09 W, 28
2026/10/08 04:07:12.748, 3, 120 MHz, 3996 MHz, 182.37 W, 28
2026/10/08 04:07:12.748, 4, 2032 MHz, 3996 MHz, 244.34 W, 37
2026/10/08 04:07:12.748, 5, 2032 MHz, 3996 MHz, 237.49 W, 36
2026/10/08 04:07:12.748, 6, 120 MHz, 3996 MHz, 185.49 W, 29
2026/10/08 04:07:12.748, 7, 120 MHz, 3996 MHz, 185.20 W, 27
2026/10/08 04:07:13.748, 0, 120 MHz, 3996 MHz, 186.37 W, 32
2026/10/08 04:07:13.748, 1, 120 MHz, 3996 MHz, 188.23 W, 35
2026/10/08 04:07:13.748, 2, 120 MHz, 3996 MHz, 184.09 W, 28
2026/10/08 04:07:13.748, 3, 120 MHz, 3996 MHz, 182.57 W, 28
2026/10/08 04:07:13.748, 4, 2032 MHz, 3996 MHz, 244.34 W, 37
2026/10/08 04:07:13.748, 5, 2032 MHz, 3996 MHz, 236.99 W, 36
2026/10/08 04:07:13.748, 6, 120 MHz, 3996 MHz, 185.30 W, 29
2026/10/08 04:07:13.748, 7, 120 MHz, 3996 MHz, 184.99 W, 27
2026/10/08 04:07:14.749, 0, 120 MHz, 3996 MHz, 186.41 W, 32
2026/10/08 04:07:14.749, 1, 120 MHz, 3996 MHz, 188.23 W, 35
2026/10/08 04:07:14.749, 2, 120 MHz, 3996 MHz, 184.09 W, 28
2026/10/08 04:07:14.749, 3, 120 MHz, 3996 MHz, 182.25 W, 28
2026/10/08 04:07:14.749, 4, 2032 MHz, 3996 MHz, 244.34 W, 37
2026/10/08 04:07:14.749, 5, 2032 MHz, 3996 MHz, 237.42 W, 36
2026/10/08 04:07:14.749, 6, 120 MHz, 3996 MHz, 185.33 W, 29
2026/10/08 04:07:14.749, 7, 120 MHz, 3996 MHz, 185.08 W, 27
2026/10/08 04:07:15.749, 0, 120 MHz, 3996 MHz, 186.33 W, 32
2026/10/08 04:07:15.749, 1, 120 MHz, 3996 MHz, 188.23 W, 35
2026/10/08 04:07:15.749, 2, 120 MHz, 3996 MHz, 184.09 W, 28
2026/10/08 04:07:15.749, 3, 120 MHz, 3996 MHz, 182.33 W, 28
2026/10/08 04:07:15.749, 4, 2032 MHz, 3996 MHz, 244.34 W, 37
2026/10/08 04:07:15.749, 5, 2032 MHz, 3996 MHz, 240.79 W, 36
2026/10/08 04:07:15.749, 6, 120 MHz, 3996 MHz, 185.46 W, 28
2026/10/08 04:07:15.749, 7, 120 MHz, 3996 MHz, 184.83 W, 27
2026/10/08 04:07:16.749, 0, 120 MHz, 3996 MHz, 186.37 W, 32
2026/10/08 04:07:16.749, 1, 120 MHz, 3996 MHz, 188.23 W, 35
2026/10/08 04:07:16.749, 2, 120 MHz, 3996 MHz, 184.09 W, 28
2026/10/08 04:07:16.749, 3, 120 MHz, 3996 MHz, 182.44 W, 28
2026/10/08 04:07:16.749, 4, 2032 MHz, 3996 MHz, 261.59 W, 37
2026/10/08 04:07:16.749, 5, 2032 MHz, 3996 MHz, 236.94 W, 36
2026/10/08 04:07:16.749, 6, 120 MHz, 3996 MHz, 186.12 W, 28
2026/10/08 04:07:16.749, 7, 120 MHz, 3996 MHz, 184.85 W, 27
2026/10/08 04:07:17.750, 0, 120 MHz, 3996 MHz, 185.04 W, 32
2026/10/08 04:07:17.750, 1, 120 MHz, 3996 MHz, 186.99 W, 35
2026/10/08 04:07:17.750, 2, 120 MHz, 3996 MHz, 184.09 W, 28
2026/10/08 04:07:17.750, 3, 120 MHz, 3996 MHz, 182.13 W, 28
2026/10/08 04:07:17.750, 4, 2032 MHz, 3996 MHz, 246.88 W, 37
2026/10/08 04:07:17.750, 5, 2032 MHz, 3996 MHz, 243.60 W, 36
2026/10/08 04:07:17.750, 6, 120 MHz, 3996 MHz, 184.83 W, 28
2026/10/08 04:07:17.750, 7, 120 MHz, 3996 MHz, 184.95 W, 27
2026/10/08 04:07:18.750, 0, 120 MHz, 3996 MHz, 184.51 W, 32
2026/10/08 04:07:18.750, 1, 120 MHz, 3996 MHz, 186.51 W, 35
2026/10/08 04:07:18.750, 2, 120 MHz, 3996 MHz, 184.09 W, 28
2026/10/08 04:07:18.750, 3, 120 MHz, 3996 MHz, 182.21 W, 28
2026/10/08 04:07:18.750, 4, 2032 MHz, 3996 MHz, 254.97 W, 37
2026/10/08 04:07:18.750, 5, 2032 MHz, 3996 MHz, 237.34 W, 36
2026/10/08 04:07:18.750, 6, 120 MHz, 3996 MHz, 184.83 W, 28
2026/10/08 04:07:18.750, 7, 120 MHz, 3996 MHz, 185.10 W, 27
2026/10/08 04:07:19.750, 0, 120 MHz, 3996 MHz, 184.47 W, 32
2026/10/08 04:07:19.750, 1, 120 MHz, 3996 MHz, 186.48 W, 35
2026/10/08 04:07:19.750, 2, 120 MHz, 3996 MHz, 184.09 W, 28
2026/10/08 04:07:19.750, 3, 120 MHz, 3996 MHz, 182.13 W, 28
2026/10/08 04:07:19.750, 4, 2032 MHz, 3996 MHz, 246.07 W, 37
2026/10/08 04:07:19.750, 5, 2032 MHz, 3996 MHz, 237.27 W, 36
2026/10/08 04:07:19.750, 6, 120 MHz, 3996 MHz, 184.83 W, 28
2026/10/08 04:07:19.750, 7, 120 MHz, 3996 MHz, 185.76 W, 27
2026/10/08 04:07:20.751, 0, 120 MHz, 3996 MHz, 184.54 W, 32
2026/10/08 04:07:20.751, 1, 120 MHz, 3996 MHz, 186.71 W, 34
2026/10/08 04:07:20.751, 2, 120 MHz, 3996 MHz, 184.09 W, 28
2026/10/08 04:07:20.751, 3, 120 MHz, 3996 MHz, 182.21 W, 28
2026/10/08 04:07:20.751, 4, 2032 MHz, 3996 MHz, 244.38 W, 37
2026/10/08 04:07:20.751, 5, 2032 MHz, 3996 MHz, 237.03 W, 35
2026/10/08 04:07:20.751, 6, 120 MHz, 3996 MHz, 184.83 W, 28
2026/10/08 04:07:20.751, 7, 120 MHz, 3996 MHz, 185.64 W, 27
2026/10/08 04:07:21.751, 0, 120 MHz, 3996 MHz, 184.47 W, 32
2026/10/08 04:07:21.751, 1, 120 MHz, 3996 MHz, 186.29 W, 34
2026/10/08 04:07:21.751, 2, 120 MHz, 3996 MHz, 184.09 W, 28
2026/10/08 04:07:21.751, 3, 120 MHz, 3996 MHz, 182.17 W, 28
2026/10/08 04:07:21.751, 4, 2032 MHz, 3996 MHz, 244.41 W, 37
2026/10/08 04:07:21.751, 5, 2032 MHz, 3996 MHz, 237.00 W, 35
2026/10/08 04:07:21.751, 6, 120 MHz, 3996 MHz, 184.83 W, 28
2026/10/08 04:07:21.751, 7, 120 MHz, 3996 MHz, 185.25 W, 27
2026/10/08 04:07:22.751, 0, 120 MHz, 3996 MHz, 184.47 W, 32
2026/10/08 04:07:22.751, 1, 120 MHz, 3996 MHz, 186.29 W, 34
2026/10/08 04:07:22.751, 2, 120 MHz, 3996 MHz, 184.09 W, 28
2026/10/08 04:07:22.751, 3, 120 MHz, 3996 MHz, 182.13 W, 28
2026/10/08 04:07:22.751, 4, 2032 MHz, 3996 MHz, 244.34 W, 37
2026/10/08 04:07:22.751, 5, 2032 MHz, 3996 MHz, 236.99 W, 35
2026/10/08 04:07:22.751, 6, 120 MHz, 3996 MHz, 184.83 W, 28
2026/10/08 04:07:22.751, 7, 120 MHz, 3996 MHz, 185.29 W, 27
2026/10/08 04:07:23.752, 0, 120 MHz, 3996 MHz, 184.47 W, 32
2026/10/08 04:07:23.752, 1, 120 MHz, 3996 MHz, 186.29 W, 34
2026/10/08 04:07:23.752, 2, 120 MHz, 3996 MHz, 184.09 W, 28
2026/10/08 04:07:23.752, 3, 120 MHz, 3996 MHz, 182.17 W, 28
2026/10/08 04:07:23.752, 4, 2032 MHz, 3996 MHz, 244.34 W, 37
2026/10/08 04:07:23.752, 5, 2032 MHz, 3996 MHz, 236.98 W, 35
2026/10/08 04:07:23.752, 6, 120 MHz, 3996 MHz, 184.83 W, 28
2026/10/08 04:07:23.752, 7, 120 MHz, 3996 MHz, 184.94 W, 27
2026/10/08 04:07:24.752, 0, 120 MHz, 3996 MHz, 184.47 W, 32
2026/10/08 04:07:24.752, 1, 120 MHz, 3996 MHz, 186.29 W, 34
2026/10/08 04:07:24.752, 2, 120 MHz, 3996 MHz, 184.09 W, 28
2026/10/08 04:07:24.752, 3, 120 MHz, 3996 MHz, 182.13 W, 28
2026/10/08 04:07:24.752, 4, 2032 MHz, 3996 MHz, 244.33 W, 37
2026/10/08 04:07:24.752, 5, 2032 MHz, 3996 MHz, 239.44 W, 35
2026/10/08 04:07:24.752, 6, 120 MHz, 3996 MHz, 184.83 W, 28
2026/10/08 04:07:24.752, 7, 120 MHz, 3996 MHz, 184.79 W, 27
2026/10/08 04:07:25.752, 0, 120 MHz, 3996 MHz, 184.47 W, 32
2026/10/08 04:07:25.752, 1, 120 MHz, 3996 MHz, 186.29 W, 34
2026/10/08 04:07:25.753, 2, 120 MHz, 3996 MHz, 184.09 W, 28
2026/10/08 04:07:25.753, 3, 120 MHz, 3996 MHz, 182.13 W, 28
2026/10/08 04:07:25.753, 4, 2032 MHz, 3996 MHz, 244.34 W, 37
2026/10/08 04:07:25.753, 5, 2032 MHz, 3996 MHz, 236.79 W, 35
2026/10/08 04:07:25.753, 6, 120 MHz, 3996 MHz, 184.83 W, 28
2026/10/08 04:07:25.753, 7, 120 MHz, 3996 MHz, 184.92 W, 27
2026/10/08 04:07:26.753, 0, 120 MHz, 3996 MHz, 184.47 W, 32
2026/10/08 04:07:26.753, 1, 120 MHz, 3996 MHz, 186.29 W, 34
2026/10/08 04:07:26.753, 2, 120 MHz, 3996 MHz, 184.09 W, 28
2026/10/08 04:07:26.753, 3, 120 MHz, 3996 MHz, 182.14 W, 28
2026/10/08 04:07:26.753, 4, 2032 MHz, 3996 MHz, 244.34 W, 37
2026/10/08 04:07:26.753, 5, 2032 MHz, 3996 MHz, 236.53 W, 35
2026/10/08 04:07:26.753, 6, 120 MHz, 3996 MHz, 184.83 W, 28
2026/10/08 04:07:26.753, 7, 120 MHz, 3996 MHz, 184.84 W, 27
2026/10/08 04:07:27.753, 0, 120 MHz, 3996 MHz, 184.47 W, 32
2026/10/08 04:07:27.753, 1, 120 MHz, 3996 MHz, 186.29 W, 34
2026/10/08 04:07:27.753, 2, 2032 MHz, 3996 MHz, 195.35 W, 29
2026/10/08 04:07:27.753, 3, 120 MHz, 3996 MHz, 182.18 W, 28
2026/10/08 04:07:27.753, 4, 2032 MHz, 3996 MHz, 244.34 W, 37
2026/10/08 04:07:27.753, 5, 2032 MHz, 3996 MHz, 237.32 W, 35
2026/10/08 04:07:27.753, 6, 120 MHz, 3996 MHz, 184.83 W, 28
2026/10/08 04:07:27.753, 7, 120 MHz, 3996 MHz, 184.75 W, 27
2026/10/08 04:07:28.753, 0, 120 MHz, 3996 MHz, 184.47 W, 32
2026/10/08 04:07:28.754, 1, 120 MHz, 3996 MHz, 186.29 W, 34
2026/10/08 04:07:28.754, 2, 2032 MHz, 3996 MHz, 234.51 W, 29
2026/10/08 04:07:28.754, 3, 120 MHz, 3996 MHz, 182.13 W, 28
2026/10/08 04:07:28.754, 4, 2032 MHz, 3996 MHz, 247.79 W, 37
2026/10/08 04:07:28.754, 5, 2032 MHz, 3996 MHz, 236.84 W, 35
2026/10/08 04:07:28.754, 6, 120 MHz, 3996 MHz, 184.83 W, 28
2026/10/08 04:07:28.754, 7, 120 MHz, 3996 MHz, 184.98 W, 27
2026/10/08 04:07:29.754, 0, 120 MHz, 3996 MHz, 184.47 W, 32
2026/10/08 04:07:29.754, 1, 120 MHz, 3996 MHz, 186.29 W, 34
2026/10/08 04:07:29.754, 2, 2032 MHz, 3996 MHz, 234.24 W, 29
2026/10/08 04:07:29.754, 3, 120 MHz, 3996 MHz, 182.01 W, 28
2026/10/08 04:07:29.754, 4, 2032 MHz, 3996 MHz, 244.34 W, 37
2026/10/08 04:07:29.754, 5, 2032 MHz, 3996 MHz, 236.96 W, 35
2026/10/08 04:07:29.754, 6, 120 MHz, 3996 MHz, 184.83 W, 28
2026/10/08 04:07:29.754, 7, 120 MHz, 3996 MHz, 184.82 W, 27
2026/10/08 04:07:30.754, 0, 120 MHz, 3996 MHz, 184.47 W, 32
2026/10/08 04:07:30.754, 1, 120 MHz, 3996 MHz, 186.29 W, 34
2026/10/08 04:07:30.754, 2, 2032 MHz, 3996 MHz, 234.85 W, 29
2026/10/08 04:07:30.754, 3, 120 MHz, 3996 MHz, 182.05 W, 28
2026/10/08 04:07:30.754, 4, 2032 MHz, 3996 MHz, 249.54 W, 37
2026/10/08 04:07:30.754, 5, 2032 MHz, 3996 MHz, 236.97 W, 35
2026/10/08 04:07:30.754, 6, 120 MHz, 3996 MHz, 184.83 W, 28
2026/10/08 04:07:30.754, 7, 120 MHz, 3996 MHz, 184.99 W, 27
2026/10/08 04:07:31.754, 0, 120 MHz, 3996 MHz, 184.47 W, 32
2026/10/08 04:07:31.755, 1, 120 MHz, 3996 MHz, 186.29 W, 34
2026/10/08 04:07:31.755, 2, 2032 MHz, 3996 MHz, 234.99 W, 29
2026/10/08 04:07:31.755, 3, 2032 MHz, 3996 MHz, 189.70 W, 29
2026/10/08 04:07:31.755, 4, 2032 MHz, 3996 MHz, 246.01 W, 37
2026/10/08 04:07:31.755, 5, 2032 MHz, 3996 MHz, 236.90 W, 35
2026/10/08 04:07:31.755, 6, 120 MHz, 3996 MHz, 184.83 W, 28
2026/10/08 04:07:31.755, 7, 120 MHz, 3996 MHz, 184.83 W, 27
2026/10/08 04:07:32.755, 0, 120 MHz, 3996 MHz, 184.47 W, 32
2026/10/08 04:07:32.755, 1, 120 MHz, 3996 MHz, 186.29 W, 34
2026/10/08 04:07:32.755, 2, 2032 MHz, 3996 MHz, 235.84 W, 29
2026/10/08 04:07:32.755, 3, 2032 MHz, 3996 MHz, 234.39 W, 29
2026/10/08 04:07:32.755, 4, 2032 MHz, 3996 MHz, 244.34 W, 37
2026/10/08 04:07:32.755, 5, 2032 MHz, 3996 MHz, 237.05 W, 35
2026/10/08 04:07:32.755, 6, 120 MHz, 3996 MHz, 184.83 W, 28
2026/10/08 04:07:32.755, 7, 120 MHz, 3996 MHz, 184.79 W, 27
2026/10/08 04:07:33.755, 0, 120 MHz, 3996 MHz, 184.47 W, 32
2026/10/08 04:07:33.755, 1, 120 MHz, 3996 MHz, 186.29 W, 34
2026/10/08 04:07:33.755, 2, 2032 MHz, 3996 MHz, 253.21 W, 30
2026/10/08 04:07:33.755, 3, 2032 MHz, 3996 MHz, 234.49 W, 29
2026/10/08 04:07:33.755, 4, 2032 MHz, 3996 MHz, 244.42 W, 37
2026/10/08 04:07:33.755, 5, 2032 MHz, 3996 MHz, 237.05 W, 35
2026/10/08 04:07:33.755, 6, 120 MHz, 3996 MHz, 184.83 W, 28
2026/10/08 04:07:33.755, 7, 120 MHz, 3996 MHz, 184.79 W, 27
2026/10/08 04:07:34.755, 0, 120 MHz, 3996 MHz, 184.47 W, 32
2026/10/08 04:07:34.755, 1, 120 MHz, 3996 MHz, 186.29 W, 34
2026/10/08 04:07:34.755, 2, 2032 MHz, 3996 MHz, 235.01 W, 30
2026/10/08 04:07:34.755, 3, 2032 MHz, 3996 MHz, 235.12 W, 30
2026/10/08 04:07:34.755, 4, 2032 MHz, 3996 MHz, 244.34 W, 37
2026/10/08 04:07:34.755, 5, 2032 MHz, 3996 MHz, 236.77 W, 35
2026/10/08 04:07:34.756, 6, 120 MHz, 3996 MHz, 184.83 W, 28
2026/10/08 04:07:34.756, 7, 120 MHz, 3996 MHz, 184.79 W, 27
2026/10/08 04:07:35.756, 0, 120 MHz, 3996 MHz, 184.47 W, 32
2026/10/08 04:07:35.756, 1, 120 MHz, 3996 MHz, 186.29 W, 34
2026/10/08 04:07:35.756, 2, 2032 MHz, 3996 MHz, 234.70 W, 30
2026/10/08 04:07:35.756, 3, 2032 MHz, 3996 MHz, 235.32 W, 30
2026/10/08 04:07:35.756, 4, 2032 MHz, 3996 MHz, 244.34 W, 37
2026/10/08 04:07:35.756, 5, 2032 MHz, 3996 MHz, 237.09 W, 35
2026/10/08 04:07:35.756, 6, 120 MHz, 3996 MHz, 184.83 W, 28
2026/10/08 04:07:35.756, 7, 120 MHz, 3996 MHz, 184.80 W, 27
2026/10/08 04:07:36.756, 0, 120 MHz, 3996 MHz, 184.47 W, 32
2026/10/08 04:07:36.756, 1, 120 MHz, 3996 MHz, 186.29 W, 34
2026/10/08 04:07:36.756, 2, 2032 MHz, 3996 MHz, 250.59 W, 30
2026/10/08 04:07:36.756, 3, 2032 MHz, 3996 MHz, 235.97 W, 30
2026/10/08 04:07:36.756, 4, 2032 MHz, 3996 MHz, 244.34 W, 37
2026/10/08 04:07:36.756, 5, 2032 MHz, 3996 MHz, 236.78 W, 35
2026/10/08 04:07:36.756, 6, 120 MHz, 3996 MHz, 184.83 W, 28
2026/10/08 04:07:36.756, 7, 120 MHz, 3996 MHz, 184.72 W, 27
2026/10/08 04:07:37.756, 0, 120 MHz, 3996 MHz, 184.47 W, 32
2026/10/08 04:07:37.756, 1, 120 MHz, 3996 MHz, 186.29 W, 34
2026/10/08 04:07:37.756, 2, 2032 MHz, 3996 MHz, 238.84 W, 30
2026/10/08 04:07:37.756, 3, 2032 MHz, 3996 MHz, 252.54 W, 30
2026/10/08 04:07:37.756, 4, 2032 MHz, 3996 MHz, 244.34 W, 37
2026/10/08 04:07:37.756, 5, 2032 MHz, 3996 MHz, 238.43 W, 35
2026/10/08 04:07:37.756, 6, 120 MHz, 3996 MHz, 184.83 W, 28
2026/10/08 04:07:37.756, 7, 120 MHz, 3996 MHz, 185.00 W, 27
2026/10/08 04:07:38.757, 0, 120 MHz, 3996 MHz, 184.47 W, 32
2026/10/08 04:07:38.757, 1, 120 MHz, 3996 MHz, 186.29 W, 34
2026/10/08 04:07:38.757, 2, 2032 MHz, 3996 MHz, 238.35 W, 30
2026/10/08 04:07:38.757, 3, 2032 MHz, 3996 MHz, 251.20 W, 31
2026/10/08 04:07:38.757, 4, 2032 MHz, 3996 MHz, 244.36 W, 37
2026/10/08 04:07:38.757, 5, 2032 MHz, 3996 MHz, 243.52 W, 35
2026/10/08 04:07:38.757, 6, 120 MHz, 3996 MHz, 184.83 W, 28
2026/10/08 04:07:38.757, 7, 120 MHz, 3996 MHz, 184.82 W, 27
2026/10/08 04:07:39.757, 0, 120 MHz, 3996 MHz, 184.47 W, 32
2026/10/08 04:07:39.757, 1, 120 MHz, 3996 MHz, 186.29 W, 34
2026/10/08 04:07:39.757, 2, 2032 MHz, 3996 MHz, 241.52 W, 30
2026/10/08 04:07:39.757, 3, 2032 MHz, 3996 MHz, 235.01 W, 30
2026/10/08 04:07:39.757, 4, 2032 MHz, 3996 MHz, 248.32 W, 37
2026/10/08 04:07:39.757, 5, 2032 MHz, 3996 MHz, 236.86 W, 35
2026/10/08 04:07:39.757, 6, 120 MHz, 3996 MHz, 184.83 W, 28
2026/10/08 04:07:39.757, 7, 120 MHz, 3996 MHz, 184.83 W, 27
2026/10/08 04:07:40.757, 0, 120 MHz, 3996 MHz, 184.47 W, 32
2026/10/08 04:07:40.757, 1, 120 MHz, 3996 MHz, 186.29 W, 34
2026/10/08 04:07:40.757, 2, 2032 MHz, 3996 MHz, 234.76 W, 30
2026/10/08 04:07:40.757, 3, 2032 MHz, 3996 MHz, 253.66 W, 30
2026/10/08 04:07:40.757, 4, 2032 MHz, 3996 MHz, 244.36 W, 37
2026/10/08 04:07:40.757, 5, 2032 MHz, 3996 MHz, 252.17 W, 35
2026/10/08 04:07:40.757, 6, 120 MHz, 3996 MHz, 184.83 W, 28
2026/10/08 04:07:40.757, 7, 120 MHz, 3996 MHz, 184.76 W, 27
2026/10/08 04:07:41.758, 0, 120 MHz, 3996 MHz, 184.47 W, 32
2026/10/08 04:07:41.758, 1, 120 MHz, 3996 MHz, 186.29 W, 34
2026/10/08 04:07:41.758, 2, 2032 MHz, 3996 MHz, 234.76 W, 30
2026/10/08 04:07:41.758, 3, 2032 MHz, 3996 MHz, 239.26 W, 30
2026/10/08 04:07:41.758, 4, 2032 MHz, 3996 MHz, 244.34 W, 37
2026/10/08 04:07:41.758, 5, 2032 MHz, 3996 MHz, 237.12 W, 35
2026/10/08 04:07:41.758, 6, 120 MHz, 3996 MHz, 184.83 W, 28
2026/10/08 04:07:41.758, 7, 120 MHz, 3996 MHz, 184.80 W, 27
2026/10/08 04:07:42.758, 0, 120 MHz, 3996 MHz, 184.47 W, 32
2026/10/08 04:07:42.758, 1, 120 MHz, 3996 MHz, 186.29 W, 34
2026/10/08 04:07:42.758, 2, 2032 MHz, 3996 MHz, 235.00 W, 30
2026/10/08 04:07:42.758, 3, 2032 MHz, 3996 MHz, 238.99 W, 30
2026/10/08 04:07:42.758, 4, 2032 MHz, 3996 MHz, 244.33 W, 37
2026/10/08 04:07:42.758, 5, 2032 MHz, 3996 MHz, 239.60 W, 35
2026/10/08 04:07:42.758, 6, 120 MHz, 3996 MHz, 184.83 W, 28
2026/10/08 04:07:42.758, 7, 120 MHz, 3996 MHz, 184.87 W, 27
2026/10/08 04:07:43.758, 0, 120 MHz, 3996 MHz, 184.47 W, 32
2026/10/08 04:07:43.758, 1, 120 MHz, 3996 MHz, 186.29 W, 34
2026/10/08 04:07:43.758, 2, 2032 MHz, 3996 MHz, 235.07 W, 30
2026/10/08 04:07:43.758, 3, 2032 MHz, 3996 MHz, 242.12 W, 30
2026/10/08 04:07:43.758, 4, 2032 MHz, 3996 MHz, 244.34 W, 37
2026/10/08 04:07:43.758, 5, 2032 MHz, 3996 MHz, 236.57 W, 35
2026/10/08 04:07:43.759, 6, 120 MHz, 3996 MHz, 184.83 W, 28
2026/10/08 04:07:43.759, 7, 120 MHz, 3996 MHz, 184.84 W, 27
2026/10/08 04:07:44.759, 0, 120 MHz, 3996 MHz, 184.47 W, 32
2026/10/08 04:07:44.759, 1, 120 MHz, 3996 MHz, 186.29 W, 34
2026/10/08 04:07:44.759, 2, 2032 MHz, 3996 MHz, 243.79 W, 30
2026/10/08 04:07:44.759, 3, 2032 MHz, 3996 MHz, 235.10 W, 30
2026/10/08 04:07:44.759, 4, 2032 MHz, 3996 MHz, 244.61 W, 37
2026/10/08 04:07:44.759, 5, 2032 MHz, 3996 MHz, 236.53 W, 35
2026/10/08 04:07:44.759, 6, 120 MHz, 3996 MHz, 184.83 W, 29
2026/10/08 04:07:44.759, 7, 120 MHz, 3996 MHz, 184.79 W, 27
2026/10/08 04:07:45.759, 0, 120 MHz, 3996 MHz, 184.47 W, 32
2026/10/08 04:07:45.759, 1, 120 MHz, 3996 MHz, 186.29 W, 34
2026/10/08 04:07:45.759, 2, 2032 MHz, 3996 MHz, 234.82 W, 30
2026/10/08 04:07:45.759, 3, 2032 MHz, 3996 MHz, 235.01 W, 30
2026/10/08 04:07:45.759, 4, 2032 MHz, 3996 MHz, 244.34 W, 37
2026/10/08 04:07:45.759, 5, 2032 MHz, 3996 MHz, 236.39 W, 35
2026/10/08 04:07:45.759, 6, 120 MHz, 3996 MHz, 184.83 W, 29
2026/10/08 04:07:45.759, 7, 120 MHz, 3996 MHz, 185.10 W, 27
2026/10/08 04:07:46.759, 0, 120 MHz, 3996 MHz, 184.47 W, 32
2026/10/08 04:07:46.759, 1, 120 MHz, 3996 MHz, 186.29 W, 34
2026/10/08 04:07:46.759, 2, 2032 MHz, 3996 MHz, 234.82 W, 30
2026/10/08 04:07:46.759, 3, 2032 MHz, 3996 MHz, 235.77 W, 30
2026/10/08 04:07:46.760, 4, 2032 MHz, 3996 MHz, 244.38 W, 37
2026/10/08 04:07:46.760, 5, 2032 MHz, 3996 MHz, 236.52 W, 35
2026/10/08 04:07:46.760, 6, 120 MHz, 3996 MHz, 184.83 W, 29
2026/10/08 04:07:46.760, 7, 120 MHz, 3996 MHz, 185.06 W, 27
2026/10/08 04:07:47.760, 0, 120 MHz, 3996 MHz, 184.47 W, 32
2026/10/08 04:07:47.760, 1, 120 MHz, 3996 MHz, 186.29 W, 34
2026/10/08 04:07:47.760, 2, 2032 MHz, 3996 MHz, 234.85 W, 30
2026/10/08 04:07:47.760, 3, 2032 MHz, 3996 MHz, 235.84 W, 30
2026/10/08 04:07:47.760, 4, 2032 MHz, 3996 MHz, 244.34 W, 37
2026/10/08 04:07:47.760, 5, 2032 MHz, 3996 MHz, 236.74 W, 35
2026/10/08 04:07:47.760, 6, 120 MHz, 3996 MHz, 184.83 W, 29
2026/10/08 04:07:47.760, 7, 120 MHz, 3996 MHz, 184.99 W, 27
2026/10/08 04:07:48.760, 0, 120 MHz, 3996 MHz, 184.47 W, 32
2026/10/08 04:07:48.760, 1, 120 MHz, 3996 MHz, 186.29 W, 34
2026/10/08 04:07:48.760, 2, 2032 MHz, 3996 MHz, 234.79 W, 30
2026/10/08 04:07:48.760, 3, 2032 MHz, 3996 MHz, 243.90 W, 30
2026/10/08 04:07:48.760, 4, 2032 MHz, 3996 MHz, 244.34 W, 37
2026/10/08 04:07:48.760, 5, 2032 MHz, 3996 MHz, 236.60 W, 35
2026/10/08 04:07:48.760, 6, 120 MHz, 3996 MHz, 184.83 W, 29
2026/10/08 04:07:48.760, 7, 120 MHz, 3996 MHz, 184.99 W, 27
2026/10/08 04:07:49.760, 0, 120 MHz, 3996 MHz, 184.47 W, 32
2026/10/08 04:07:49.761, 1, 120 MHz, 3996 MHz, 186.29 W, 34
2026/10/08 04:07:49.761, 2, 2032 MHz, 3996 MHz, 234.82 W, 30
2026/10/08 04:07:49.761, 3, 2032 MHz, 3996 MHz, 235.43 W, 30
2026/10/08 04:07:49.761, 4, 2032 MHz, 3996 MHz, 244.34 W, 37
2026/10/08 04:07:49.761, 5, 2032 MHz, 3996 MHz, 236.71 W, 35
2026/10/08 04:07:49.761, 6, 120 MHz, 3996 MHz, 184.83 W, 29
2026/10/08 04:07:49.761, 7, 120 MHz, 3996 MHz, 185.14 W, 27
2026/10/08 04:07:50.761, 0, 120 MHz, 3996 MHz, 184.47 W, 32
2026/10/08 04:07:50.761, 1, 120 MHz, 3996 MHz, 186.29 W, 34
2026/10/08 04:07:50.761, 2, 2032 MHz, 3996 MHz, 396.29 W, 36
2026/10/08 04:07:50.761, 3, 2032 MHz, 3996 MHz, 235.35 W, 30
2026/10/08 04:07:50.761, 4, 2032 MHz, 3996 MHz, 244.41 W, 37
2026/10/08 04:07:50.761, 5, 2032 MHz, 3996 MHz, 427.03 W, 41
2026/10/08 04:07:50.761, 6, 120 MHz, 3996 MHz, 184.83 W, 29
2026/10/08 04:07:50.761, 7, 120 MHz, 3996 MHz, 184.90 W, 27
2026/10/08 04:07:51.761, 0, 120 MHz, 3996 MHz, 184.47 W, 32
2026/10/08 04:07:51.761, 1, 120 MHz, 3996 MHz, 186.29 W, 34
2026/10/08 04:07:51.761, 2, 2032 MHz, 3996 MHz, 362.83 W, 34
2026/10/08 04:07:51.761, 3, 2032 MHz, 3996 MHz, 235.62 W, 30
2026/10/08 04:07:51.761, 4, 2032 MHz, 3996 MHz, 244.37 W, 37
2026/10/08 04:07:51.761, 5, 2032 MHz, 3996 MHz, 416.37 W, 37
2026/10/08 04:07:51.761, 6, 120 MHz, 3996 MHz, 184.83 W, 29
2026/10/08 04:07:51.761, 7, 120 MHz, 3996 MHz, 184.98 W, 28
2026/10/08 04:07:52.761, 0, 120 MHz, 3996 MHz, 184.47 W, 32
2026/10/08 04:07:52.761, 1, 120 MHz, 3996 MHz, 186.29 W, 34
2026/10/08 04:07:52.761, 2, 2032 MHz, 3996 MHz, 359.55 W, 32
2026/10/08 04:07:52.761, 3, 2032 MHz, 3996 MHz, 235.69 W, 30
2026/10/08 04:07:52.761, 4, 2032 MHz, 3996 MHz, 244.52 W, 37
2026/10/08 04:07:52.762, 5, 1642 MHz, 3996 MHz, 595.97 W, 41
2026/10/08 04:07:52.762, 6, 120 MHz, 3996 MHz, 184.83 W, 29
2026/10/08 04:07:52.762, 7, 120 MHz, 3996 MHz, 185.18 W, 28
2026/10/08 04:07:53.762, 0, 120 MHz, 3996 MHz, 184.47 W, 32
2026/10/08 04:07:53.762, 1, 120 MHz, 3996 MHz, 186.29 W, 35
2026/10/08 04:07:53.762, 2, 2032 MHz, 3996 MHz, 382.62 W, 34
2026/10/08 04:07:53.762, 3, 2032 MHz, 3996 MHz, 235.98 W, 30
2026/10/08 04:07:53.762, 4, 2032 MHz, 3996 MHz, 245.16 W, 37
2026/10/08 04:07:53.762, 5, 1342 MHz, 3996 MHz, 1095.85 W, 54
2026/10/08 04:07:53.762, 6, 120 MHz, 3996 MHz, 184.83 W, 29
2026/10/08 04:07:53.762, 7, 120 MHz, 3996 MHz, 185.10 W, 28
2026/10/08 04:07:54.762, 0, 120 MHz, 3996 MHz, 184.47 W, 32
2026/10/08 04:07:54.762, 1, 120 MHz, 3996 MHz, 186.29 W, 35
2026/10/08 04:07:54.762, 2, 2032 MHz, 3996 MHz, 375.50 W, 33
2026/10/08 04:07:54.762, 3, 2032 MHz, 3996 MHz, 428.93 W, 33
2026/10/08 04:07:54.762, 4, 2032 MHz, 3996 MHz, 245.19 W, 37
2026/10/08 04:07:54.762, 5, 1357 MHz, 3996 MHz, 1091.37 W, 55
2026/10/08 04:07:54.762, 6, 120 MHz, 3996 MHz, 184.83 W, 29
2026/10/08 04:07:54.762, 7, 120 MHz, 3996 MHz, 185.30 W, 28
2026/10/08 04:07:55.762, 0, 120 MHz, 3996 MHz, 184.47 W, 32
2026/10/08 04:07:55.762, 1, 120 MHz, 3996 MHz, 186.29 W, 35
2026/10/08 04:07:55.762, 2, 2032 MHz, 3996 MHz, 399.32 W, 34
2026/10/08 04:07:55.762, 3, 2032 MHz, 3996 MHz, 369.77 W, 33
2026/10/08 04:07:55.762, 4, 2032 MHz, 3996 MHz, 245.18 W, 37
2026/10/08 04:07:55.762, 5, 1365 MHz, 3996 MHz, 1088.37 W, 56
2026/10/08 04:07:55.762, 6, 120 MHz, 3996 MHz, 184.83 W, 29
2026/10/08 04:07:55.762, 7, 120 MHz, 3996 MHz, 185.46 W, 28
2026/10/08 04:07:56.762, 0, 120 MHz, 3996 MHz, 184.47 W, 32
2026/10/08 04:07:56.763, 1, 120 MHz, 3996 MHz, 186.29 W, 35
2026/10/08 04:07:56.763, 2, 2032 MHz, 3996 MHz, 380.98 W, 33
2026/10/08 04:07:56.763, 3, 2032 MHz, 3996 MHz, 370.51 W, 33
2026/10/08 04:07:56.763, 4, 2032 MHz, 3996 MHz, 244.98 W, 37
2026/10/08 04:07:56.763, 5, 2025 MHz, 3996 MHz, 1059.89 W, 50
2026/10/08 04:07:56.763, 6, 120 MHz, 3996 MHz, 184.83 W, 29
2026/10/08 04:07:56.763, 7, 120 MHz, 3996 MHz, 185.27 W, 28
2026/10/08 04:07:57.763, 0, 120 MHz, 3996 MHz, 184.47 W, 32
2026/10/08 04:07:57.763, 1, 120 MHz, 3996 MHz, 186.29 W, 35
2026/10/08 04:07:57.763, 2, 2032 MHz, 3996 MHz, 427.95 W, 34
2026/10/08 04:07:57.763, 3, 2032 MHz, 3996 MHz, 391.65 W, 34
2026/10/08 04:07:57.763, 4, 2032 MHz, 3996 MHz, 243.92 W, 37
2026/10/08 04:07:57.763, 5, 2032 MHz, 3996 MHz, 1000.86 W, 50
2026/10/08 04:07:57.763, 6, 120 MHz, 3996 MHz, 184.83 W, 29
2026/10/08 04:07:57.763, 7, 120 MHz, 3996 MHz, 185.35 W, 28
2026/10/08 04:07:58.763, 0, 120 MHz, 3996 MHz, 184.47 W, 32
2026/10/08 04:07:58.763, 1, 120 MHz, 3996 MHz, 186.29 W, 35
2026/10/08 04:07:58.763, 2, 2032 MHz, 3996 MHz, 416.13 W, 34
2026/10/08 04:07:58.763, 3, 2032 MHz, 3996 MHz, 370.04 W, 33
2026/10/08 04:07:58.763, 4, 2032 MHz, 3996 MHz, 244.10 W, 37
2026/10/08 04:07:58.763, 5, 2032 MHz, 3996 MHz, 1001.29 W, 50
2026/10/08 04:07:58.763, 6, 120 MHz, 3996 MHz, 184.83 W, 29
2026/10/08 04:07:58.763, 7, 120 MHz, 3996 MHz, 185.39 W, 28
2026/10/08 04:07:59.763, 0, 120 MHz, 3996 MHz, 184.47 W, 32
2026/10/08 04:07:59.763, 1, 120 MHz, 3996 MHz, 186.29 W, 35
2026/10/08 04:07:59.763, 2, 2032 MHz, 3996 MHz, 429.64 W, 34
2026/10/08 04:07:59.763, 3, 2032 MHz, 3996 MHz, 385.45 W, 34
2026/10/08 04:07:59.763, 4, 2032 MHz, 3996 MHz, 244.35 W, 37
2026/10/08 04:07:59.763, 5, 2032 MHz, 3996 MHz, 1001.58 W, 51
2026/10/08 04:07:59.763, 6, 120 MHz, 3996 MHz, 184.83 W, 29
2026/10/08 04:07:59.763, 7, 120 MHz, 3996 MHz, 185.54 W, 28
2026/10/08 04:08:00.764, 0, 120 MHz, 3996 MHz, 184.47 W, 32
2026/10/08 04:08:00.764, 1, 120 MHz, 3996 MHz, 186.29 W, 35
2026/10/08 04:08:00.764, 2, 2032 MHz, 3996 MHz, 399.95 W, 35
2026/10/08 04:08:00.764, 3, 2032 MHz, 3996 MHz, 415.04 W, 35
2026/10/08 04:08:00.764, 4, 2032 MHz, 3996 MHz, 244.31 W, 37
2026/10/08 04:08:00.764, 5, 2032 MHz, 3996 MHz, 1003.76 W, 51
2026/10/08 04:08:00.764, 6, 120 MHz, 3996 MHz, 184.83 W, 29
2026/10/08 04:08:00.764, 7, 120 MHz, 3996 MHz, 185.78 W, 28
2026/10/08 04:08:01.764, 0, 120 MHz, 3996 MHz, 184.47 W, 32
2026/10/08 04:08:01.764, 1, 120 MHz, 3996 MHz, 186.29 W, 35
2026/10/08 04:08:01.764, 2, 2032 MHz, 3996 MHz, 410.45 W, 34
2026/10/08 04:08:01.764, 3, 2032 MHz, 3996 MHz, 391.76 W, 34
2026/10/08 04:08:01.764, 4, 2032 MHz, 3996 MHz, 244.26 W, 37
2026/10/08 04:08:01.764, 5, 2032 MHz, 3996 MHz, 1005.05 W, 51
2026/10/08 04:08:01.764, 6, 120 MHz, 3996 MHz, 184.83 W, 29
2026/10/08 04:08:01.764, 7, 120 MHz, 3996 MHz, 185.73 W, 28
2026/10/08 04:08:02.764, 0, 120 MHz, 3996 MHz, 184.47 W, 32
2026/10/08 04:08:02.764, 1, 120 MHz, 3996 MHz, 186.29 W, 35
2026/10/08 04:08:02.764, 2, 2032 MHz, 3996 MHz, 440.48 W, 36
2026/10/08 04:08:02.764, 3, 2032 MHz, 3996 MHz, 416.58 W, 34
2026/10/08 04:08:02.764, 4, 2032 MHz, 3996 MHz, 245.84 W, 37
2026/10/08 04:08:02.764, 5, 2032 MHz, 3996 MHz, 1005.56 W, 52
2026/10/08 04:08:02.764, 6, 120 MHz, 3996 MHz, 184.83 W, 29
2026/10/08 04:08:02.764, 7, 120 MHz, 3996 MHz, 186.08 W, 28
2026/10/08 04:08:03.764, 0, 120 MHz, 3996 MHz, 184.47 W, 33
2026/10/08 04:08:03.765, 1, 120 MHz, 3996 MHz, 186.29 W, 35
2026/10/08 04:08:03.765, 2, 2032 MHz, 3996 MHz, 402.72 W, 35
2026/10/08 04:08:03.765, 3, 2032 MHz, 3996 MHz, 413.41 W, 35
2026/10/08 04:08:03.765, 4, 2032 MHz, 3996 MHz, 244.26 W, 37
2026/10/08 04:08:03.765, 5, 2032 MHz, 3996 MHz, 1005.42 W, 52
2026/10/08 04:08:03.765, 6, 120 MHz, 3996 MHz, 184.83 W, 29
2026/10/08 04:08:03.765, 7, 120 MHz, 3996 MHz, 185.73 W, 28
2026/10/08 04:08:04.765, 0, 120 MHz, 3996 MHz, 184.47 W, 33
2026/10/08 04:08:04.765, 1, 120 MHz, 3996 MHz, 186.29 W, 35
2026/10/08 04:08:04.765, 2, 2032 MHz, 3996 MHz, 396.35 W, 35
2026/10/08 04:08:04.765, 3, 2032 MHz, 3996 MHz, 395.33 W, 34
2026/10/08 04:08:04.765, 4, 2032 MHz, 3996 MHz, 262.34 W, 37
2026/10/08 04:08:04.765, 5, 2032 MHz, 3996 MHz, 1008.34 W, 52
2026/10/08 04:08:04.765, 6, 120 MHz, 3996 MHz, 184.83 W, 29
2026/10/08 04:08:04.765, 7, 120 MHz, 3996 MHz, 186.03 W, 28
2026/10/08 04:08:05.765, 0, 120 MHz, 3996 MHz, 184.47 W, 33
2026/10/08 04:08:05.765, 1, 120 MHz, 3996 MHz, 186.29 W, 35
2026/10/08 04:08:05.765, 2, 2032 MHz, 3996 MHz, 425.35 W, 36
2026/10/08 04:08:05.765, 3, 2032 MHz, 3996 MHz, 434.74 W, 35
2026/10/08 04:08:05.765, 4, 2032 MHz, 3996 MHz, 243.66 W, 37
2026/10/08 04:08:05.765, 5, 2032 MHz, 3996 MHz, 1008.79 W, 53
2026/10/08 04:08:05.765, 6, 120 MHz, 3996 MHz, 184.83 W, 29
2026/10/08 04:08:05.765, 7, 120 MHz, 3996 MHz, 186.25 W, 28
2026/10/08 04:08:06.765, 0, 120 MHz, 3996 MHz, 184.47 W, 33
2026/10/08 04:08:06.765, 1, 120 MHz, 3996 MHz, 186.29 W, 35
2026/10/08 04:08:06.765, 2, 2032 MHz, 3996 MHz, 434.21 W, 36
2026/10/08 04:08:06.765, 3, 2032 MHz, 3996 MHz, 417.88 W, 36
2026/10/08 04:08:06.765, 4, 2032 MHz, 3996 MHz, 245.01 W, 37
2026/10/08 04:08:06.765, 5, 2032 MHz, 3996 MHz, 1008.96 W, 53
2026/10/08 04:08:06.765, 6, 120 MHz, 3996 MHz, 184.83 W, 29
2026/10/08 04:08:06.765, 7, 120 MHz, 3996 MHz, 186.20 W, 28
2026/10/08 04:08:07.766, 0, 120 MHz, 3996 MHz, 184.47 W, 33
2026/10/08 04:08:07.766, 1, 120 MHz, 3996 MHz, 186.29 W, 35
2026/10/08 04:08:07.766, 2, 2032 MHz, 3996 MHz, 411.57 W, 35
2026/10/08 04:08:07.766, 3, 2032 MHz, 3996 MHz, 383.57 W, 36
2026/10/08 04:08:07.766, 4, 2032 MHz, 3996 MHz, 243.63 W, 37
2026/10/08 04:08:07.766, 5, 2032 MHz, 3996 MHz, 1010.22 W, 53
2026/10/08 04:08:07.766, 6, 120 MHz, 3996 MHz, 184.83 W, 29
2026/10/08 04:08:07.766, 7, 120 MHz, 3996 MHz, 186.09 W, 28
2026/10/08 04:08:08.766, 0, 120 MHz, 3996 MHz, 184.47 W, 33
2026/10/08 04:08:08.766, 1, 120 MHz, 3996 MHz, 186.29 W, 35
2026/10/08 04:08:08.766, 2, 2032 MHz, 3996 MHz, 437.22 W, 37
2026/10/08 04:08:08.766, 3, 2032 MHz, 3996 MHz, 411.49 W, 35
2026/10/08 04:08:08.766, 4, 2032 MHz, 3996 MHz, 243.60 W, 37
2026/10/08 04:08:08.766, 5, 2032 MHz, 3996 MHz, 1011.05 W, 54
2026/10/08 04:08:08.766, 6, 120 MHz, 3996 MHz, 184.83 W, 29
2026/10/08 04:08:08.766, 7, 120 MHz, 3996 MHz, 186.27 W, 28
2026/10/08 04:08:09.766, 0, 120 MHz, 3996 MHz, 184.47 W, 33
2026/10/08 04:08:09.766, 1, 120 MHz, 3996 MHz, 186.29 W, 35
2026/10/08 04:08:09.766, 2, 2032 MHz, 3996 MHz, 401.62 W, 36
2026/10/08 04:08:09.766, 3, 2032 MHz, 3996 MHz, 401.61 W, 35
2026/10/08 04:08:09.766, 4, 2032 MHz, 3996 MHz, 243.95 W, 37
2026/10/08 04:08:09.766, 5, 2032 MHz, 3996 MHz, 1012.11 W, 54
2026/10/08 04:08:09.766, 6, 120 MHz, 3996 MHz, 184.83 W, 29
2026/10/08 04:08:09.766, 7, 120 MHz, 3996 MHz, 186.51 W, 28
2026/10/08 04:08:10.767, 0, 120 MHz, 3996 MHz, 184.47 W, 33
2026/10/08 04:08:10.767, 1, 120 MHz, 3996 MHz, 186.29 W, 35
2026/10/08 04:08:10.767, 2, 2032 MHz, 3996 MHz, 446.91 W, 36
2026/10/08 04:08:10.767, 3, 2032 MHz, 3996 MHz, 424.90 W, 35
2026/10/08 04:08:10.767, 4, 2032 MHz, 3996 MHz, 250.90 W, 37
2026/10/08 04:08:10.767, 5, 1342 MHz, 3996 MHz, 1047.52 W, 61
2026/10/08 04:08:10.767, 6, 120 MHz, 3996 MHz, 184.83 W, 29
2026/10/08 04:08:10.767, 7, 120 MHz, 3996 MHz, 186.27 W, 28
2026/10/08 04:08:11.767, 0, 120 MHz, 3996 MHz, 184.47 W, 33
2026/10/08 04:08:11.767, 1, 120 MHz, 3996 MHz, 186.32 W, 35
2026/10/08 04:08:11.767, 2, 2032 MHz, 3996 MHz, 445.71 W, 36
2026/10/08 04:08:11.767, 3, 2032 MHz, 3996 MHz, 409.03 W, 35
2026/10/08 04:08:11.767, 4, 2032 MHz, 3996 MHz, 245.29 W, 37
2026/10/08 04:08:11.767, 5, 1357 MHz, 3996 MHz, 1084.64 W, 61
2026/10/08 04:08:11.767, 6, 120 MHz, 3996 MHz, 184.83 W, 29
2026/10/08 04:08:11.767, 7, 120 MHz, 3996 MHz, 186.37 W, 28
2026/10/08 04:08:12.767, 0, 120 MHz, 3996 MHz, 184.47 W, 33
2026/10/08 04:08:12.767, 1, 120 MHz, 3996 MHz, 186.29 W, 35
2026/10/08 04:08:12.767, 2, 2032 MHz, 3996 MHz, 437.37 W, 36
2026/10/08 04:08:12.767, 3, 2032 MHz, 3996 MHz, 396.78 W, 35
2026/10/08 04:08:12.767, 4, 2032 MHz, 3996 MHz, 245.26 W, 37
2026/10/08 04:08:12.767, 5, 1357 MHz, 3996 MHz, 1092.24 W, 61
2026/10/08 04:08:12.767, 6, 120 MHz, 3996 MHz, 184.83 W, 29
2026/10/08 04:08:12.767, 7, 120 MHz, 3996 MHz, 186.44 W, 28
2026/10/08 04:08:13.767, 0, 120 MHz, 3996 MHz, 184.47 W, 33
2026/10/08 04:08:13.767, 1, 120 MHz, 3996 MHz, 186.29 W, 35
2026/10/08 04:08:13.767, 2, 2032 MHz, 3996 MHz, 402.92 W, 35
2026/10/08 04:08:13.767, 3, 2032 MHz, 3996 MHz, 415.71 W, 36
2026/10/08 04:08:13.767, 4, 2032 MHz, 3996 MHz, 245.19 W, 37
2026/10/08 04:08:13.767, 5, 1350 MHz, 3996 MHz, 1091.05 W, 61
2026/10/08 04:08:13.768, 6, 120 MHz, 3996 MHz, 184.83 W, 29
2026/10/08 04:08:13.768, 7, 120 MHz, 3996 MHz, 186.55 W, 28
2026/10/08 04:08:14.768, 0, 120 MHz, 3996 MHz, 185.88 W, 33
2026/10/08 04:08:14.768, 1, 120 MHz, 3996 MHz, 186.71 W, 35
2026/10/08 04:08:14.768, 2, 2032 MHz, 3996 MHz, 377.87 W, 35
2026/10/08 04:08:14.768, 3, 2032 MHz, 3996 MHz, 438.06 W, 36
2026/10/08 04:08:14.768, 4, 2032 MHz, 3996 MHz, 245.17 W, 37
2026/10/08 04:08:14.768, 5, 1350 MHz, 3996 MHz, 1090.95 W, 62
2026/10/08 04:08:14.768, 6, 120 MHz, 3996 MHz, 184.83 W, 30
2026/10/08 04:08:14.768, 7, 120 MHz, 3996 MHz, 185.47 W, 28
2026/10/08 04:08:15.768, 0, 120 MHz, 3996 MHz, 186.41 W, 33
2026/10/08 04:08:15.768, 1, 120 MHz, 3996 MHz, 188.23 W, 35
2026/10/08 04:08:15.768, 2, 2032 MHz, 3996 MHz, 421.71 W, 37
2026/10/08 04:08:15.768, 3, 2032 MHz, 3996 MHz, 411.18 W, 37
2026/10/08 04:08:15.768, 4, 2032 MHz, 3996 MHz, 245.05 W, 37
2026/10/08 04:08:15.768, 5, 2032 MHz, 3996 MHz, 1008.23 W, 56
2026/10/08 04:08:15.768, 6, 120 MHz, 3996 MHz, 184.83 W, 30
2026/10/08 04:08:15.768, 7, 120 MHz, 3996 MHz, 184.64 W, 28
2026/10/08 04:08:16.768, 0, 120 MHz, 3996 MHz, 186.41 W, 33
2026/10/08 04:08:16.768, 1, 120 MHz, 3996 MHz, 188.23 W, 35
2026/10/08 04:08:16.768, 2, 2032 MHz, 3996 MHz, 406.18 W, 37
2026/10/08 04:08:16.768, 3, 2032 MHz, 3996 MHz, 439.97 W, 36
2026/10/08 04:08:16.768, 4, 2032 MHz, 3996 MHz, 243.76 W, 37
2026/10/08 04:08:16.768, 5, 2032 MHz, 3996 MHz, 1011.66 W, 56
2026/10/08 04:08:16.768, 6, 120 MHz, 3996 MHz, 184.83 W, 30
2026/10/08 04:08:16.768, 7, 120 MHz, 3996 MHz, 184.63 W, 29
2026/10/08 04:08:17.768, 0, 120 MHz, 3996 MHz, 186.41 W, 33
2026/10/08 04:08:17.768, 1, 120 MHz, 3996 MHz, 188.23 W, 35
2026/10/08 04:08:17.769, 2, 2032 MHz, 3996 MHz, 398.99 W, 36
2026/10/08 04:08:17.769, 3, 2032 MHz, 3996 MHz, 403.88 W, 36
2026/10/08 04:08:17.769, 4, 2032 MHz, 3996 MHz, 243.59 W, 37
2026/10/08 04:08:17.769, 5, 2032 MHz, 3996 MHz, 1011.55 W, 56
2026/10/08 04:08:17.769, 6, 120 MHz, 3996 MHz, 184.83 W, 30
2026/10/08 04:08:17.769, 7, 120 MHz, 3996 MHz, 184.60 W, 29
2026/10/08 04:08:18.769, 0, 120 MHz, 3996 MHz, 186.41 W, 33
2026/10/08 04:08:18.769, 1, 120 MHz, 3996 MHz, 188.23 W, 35
2026/10/08 04:08:18.769, 2, 2032 MHz, 3996 MHz, 402.78 W, 37
2026/10/08 04:08:18.769, 3, 2032 MHz, 3996 MHz, 369.98 W, 35
2026/10/08 04:08:18.769, 4, 2032 MHz, 3996 MHz, 243.60 W, 37
2026/10/08 04:08:18.769, 5, 2032 MHz, 3996 MHz, 1012.25 W, 56
2026/10/08 04:08:18.769, 6, 120 MHz, 3996 MHz, 184.83 W, 30
2026/10/08 04:08:18.769, 7, 120 MHz, 3996 MHz, 184.60 W, 29
2026/10/08 04:08:19.769, 0, 120 MHz, 3996 MHz, 186.41 W, 33
2026/10/08 04:08:19.769, 1, 120 MHz, 3996 MHz, 188.23 W, 35
2026/10/08 04:08:19.769, 2, 2032 MHz, 3996 MHz, 411.61 W, 36
2026/10/08 04:08:19.769, 3, 2032 MHz, 3996 MHz, 397.42 W, 37
2026/10/08 04:08:19.769, 4, 2032 MHz, 3996 MHz, 243.58 W, 37
2026/10/08 04:08:19.769, 5, 2032 MHz, 3996 MHz, 1015.57 W, 56
2026/10/08 04:08:19.769, 6, 120 MHz, 3996 MHz, 184.83 W, 30
2026/10/08 04:08:19.769, 7, 120 MHz, 3996 MHz, 184.60 W, 29
2026/10/08 04:08:20.769, 0, 120 MHz, 3996 MHz, 186.41 W, 33
2026/10/08 04:08:20.769, 1, 120 MHz, 3996 MHz, 188.23 W, 36
2026/10/08 04:08:20.769, 2, 2032 MHz, 3996 MHz, 411.12 W, 36
2026/10/08 04:08:20.769, 3, 2032 MHz, 3996 MHz, 393.11 W, 38
2026/10/08 04:08:20.769, 4, 2032 MHz, 3996 MHz, 309.22 W, 39
2026/10/08 04:08:20.770, 5, 2032 MHz, 3996 MHz, 1014.54 W, 57
2026/10/08 04:08:20.770, 6, 120 MHz, 3996 MHz, 184.83 W, 30
2026/10/08 04:08:20.770, 7, 120 MHz, 3996 MHz, 184.59 W, 29
2026/10/08 04:08:21.770, 0, 120 MHz, 3996 MHz, 186.41 W, 33
2026/10/08 04:08:21.770, 1, 120 MHz, 3996 MHz, 188.23 W, 36
2026/10/08 04:08:21.770, 2, 2032 MHz, 3996 MHz, 398.02 W, 36
2026/10/08 04:08:21.770, 3, 2032 MHz, 3996 MHz, 402.51 W, 36
2026/10/08 04:08:21.770, 4, 2032 MHz, 3996 MHz, 554.72 W, 40
2026/10/08 04:08:21.770, 5, 2032 MHz, 3996 MHz, 1012.73 W, 57
2026/10/08 04:08:21.770, 6, 120 MHz, 3996 MHz, 184.83 W, 30
2026/10/08 04:08:21.770, 7, 120 MHz, 3996 MHz, 184.61 W, 29
2026/10/08 04:08:22.770, 0, 120 MHz, 3996 MHz, 186.41 W, 33
2026/10/08 04:08:22.770, 1, 120 MHz, 3996 MHz, 188.23 W, 36
2026/10/08 04:08:22.770, 2, 2032 MHz, 3996 MHz, 422.80 W, 36
2026/10/08 04:08:22.770, 3, 2032 MHz, 3996 MHz, 408.16 W, 38
2026/10/08 04:08:22.770, 4, 1365 MHz, 3996 MHz, 418.92 W, 51
2026/10/08 04:08:22.770, 5, 2032 MHz, 3996 MHz, 1017.66 W, 57
2026/10/08 04:08:22.770, 6, 120 MHz, 3996 MHz, 184.83 W, 30
2026/10/08 04:08:22.770, 7, 120 MHz, 3996 MHz, 184.61 W, 29
2026/10/08 04:08:23.770, 0, 120 MHz, 3996 MHz, 186.41 W, 33
2026/10/08 04:08:23.770, 1, 120 MHz, 3996 MHz, 188.23 W, 36
2026/10/08 04:08:23.770, 2, 2032 MHz, 3996 MHz, 420.82 W, 37
2026/10/08 04:08:23.770, 3, 2032 MHz, 3996 MHz, 402.68 W, 36
2026/10/08 04:08:23.770, 4, 1297 MHz, 3996 MHz, 843.32 W, 55
2026/10/08 04:08:23.770, 5, 2032 MHz, 3996 MHz, 1016.61 W, 57
2026/10/08 04:08:23.770, 6, 120 MHz, 3996 MHz, 184.83 W, 30
2026/10/08 04:08:23.770, 7, 120 MHz, 3996 MHz, 184.60 W, 29
2026/10/08 04:08:24.771, 0, 120 MHz, 3996 MHz, 186.41 W, 34
2026/10/08 04:08:24.771, 1, 120 MHz, 3996 MHz, 188.23 W, 36
2026/10/08 04:08:24.771, 2, 2032 MHz, 3996 MHz, 405.74 W, 37
2026/10/08 04:08:24.771, 3, 2032 MHz, 3996 MHz, 402.66 W, 37
2026/10/08 04:08:24.771, 4, 1320 MHz, 3996 MHz, 1083.06 W, 57
2026/10/08 04:08:24.771, 5, 2032 MHz, 3996 MHz, 1015.93 W, 57
2026/10/08 04:08:24.771, 6, 120 MHz, 3996 MHz, 184.83 W, 30
2026/10/08 04:08:24.771, 7, 120 MHz, 3996 MHz, 184.60 W, 29
2026/10/08 04:08:25.771, 0, 120 MHz, 3996 MHz, 186.41 W, 34
2026/10/08 04:08:25.771, 1, 120 MHz, 3996 MHz, 188.23 W, 36
2026/10/08 04:08:25.771, 2, 2032 MHz, 3996 MHz, 416.05 W, 37
2026/10/08 04:08:25.771, 3, 2032 MHz, 3996 MHz, 395.54 W, 38
2026/10/08 04:08:25.771, 4, 1335 MHz, 3996 MHz, 1084.20 W, 58
2026/10/08 04:08:25.771, 5, 2032 MHz, 3996 MHz, 1015.90 W, 58
2026/10/08 04:08:25.771, 6, 120 MHz, 3996 MHz, 184.83 W, 30
2026/10/08 04:08:25.771, 7, 120 MHz, 3996 MHz, 184.60 W, 29
2026/10/08 04:08:26.771, 0, 120 MHz, 3996 MHz, 186.26 W, 34
2026/10/08 04:08:26.771, 1, 120 MHz, 3996 MHz, 188.23 W, 36
2026/10/08 04:08:26.771, 2, 2032 MHz, 3996 MHz, 431.92 W, 37
2026/10/08 04:08:26.771, 3, 2032 MHz, 3996 MHz, 403.15 W, 37
2026/10/08 04:08:26.771, 4, 1335 MHz, 3996 MHz, 1083.40 W, 58
2026/10/08 04:08:26.771, 5, 2032 MHz, 3996 MHz, 1018.31 W, 58
2026/10/08 04:08:26.771, 6, 120 MHz, 3996 MHz, 184.83 W, 30
2026/10/08 04:08:26.771, 7, 120 MHz, 3996 MHz, 184.64 W, 29
2026/10/08 04:08:27.771, 0, 120 MHz, 3996 MHz, 186.10 W, 34
2026/10/08 04:08:27.771, 1, 120 MHz, 3996 MHz, 188.23 W, 36
2026/10/08 04:08:27.771, 2, 2032 MHz, 3996 MHz, 402.21 W, 37
2026/10/08 04:08:27.771, 3, 2032 MHz, 3996 MHz, 399.63 W, 38
2026/10/08 04:08:27.771, 4, 2032 MHz, 3996 MHz, 1026.99 W, 52
2026/10/08 04:08:27.771, 5, 2032 MHz, 3996 MHz, 1017.98 W, 58
2026/10/08 04:08:27.771, 6, 120 MHz, 3996 MHz, 184.83 W, 30
2026/10/08 04:08:27.771, 7, 120 MHz, 3996 MHz, 184.60 W, 29
2026/10/08 04:08:28.772, 0, 120 MHz, 3996 MHz, 186.07 W, 34
2026/10/08 04:08:28.772, 1, 120 MHz, 3996 MHz, 188.23 W, 36
2026/10/08 04:08:28.772, 2, 2032 MHz, 3996 MHz, 425.18 W, 37
2026/10/08 04:08:28.772, 3, 2032 MHz, 3996 MHz, 435.93 W, 39
2026/10/08 04:08:28.772, 4, 2032 MHz, 3996 MHz, 1019.48 W, 53
2026/10/08 04:08:28.772, 5, 2032 MHz, 3996 MHz, 1017.19 W, 58
2026/10/08 04:08:28.772, 6, 120 MHz, 3996 MHz, 184.83 W, 30
2026/10/08 04:08:28.772, 7, 120 MHz, 3996 MHz, 184.60 W, 29
2026/10/08 04:08:29.772, 0, 120 MHz, 3996 MHz, 186.29 W, 34
2026/10/08 04:08:29.772, 1, 120 MHz, 3996 MHz, 188.23 W, 36
2026/10/08 04:08:29.772, 2, 2032 MHz, 3996 MHz, 386.04 W, 37
2026/10/08 04:08:29.772, 3, 2032 MHz, 3996 MHz, 394.34 W, 36
2026/10/08 04:08:29.772, 4, 2032 MHz, 3996 MHz, 1020.79 W, 53
2026/10/08 04:08:29.772, 5, 2032 MHz, 3996 MHz, 606.96 W, 49
2026/10/08 04:08:29.772, 6, 120 MHz, 3996 MHz, 184.83 W, 30
2026/10/08 04:08:29.772, 7, 120 MHz, 3996 MHz, 184.60 W, 29
2026/10/08 04:08:30.772, 0, 120 MHz, 3996 MHz, 186.33 W, 34
2026/10/08 04:08:30.772, 1, 120 MHz, 3996 MHz, 188.23 W, 36
2026/10/08 04:08:30.772, 2, 2032 MHz, 3996 MHz, 425.00 W, 37
2026/10/08 04:08:30.772, 3, 2032 MHz, 3996 MHz, 422.31 W, 37
2026/10/08 04:08:30.772, 4, 2032 MHz, 3996 MHz, 1021.91 W, 53
2026/10/08 04:08:30.772, 5, 2032 MHz, 3996 MHz, 246.88 W, 47
2026/10/08 04:08:30.772, 6, 120 MHz, 3996 MHz, 184.87 W, 30
2026/10/08 04:08:30.772, 7, 120 MHz, 3996 MHz, 184.71 W, 29
2026/10/08 04:08:31.773, 0, 120 MHz, 3996 MHz, 186.41 W, 34
2026/10/08 04:08:31.773, 1, 120 MHz, 3996 MHz, 188.23 W, 36
2026/10/08 04:08:31.773, 2, 2032 MHz, 3996 MHz, 412.35 W, 37
2026/10/08 04:08:31.773, 3, 2032 MHz, 3996 MHz, 408.20 W, 37
2026/10/08 04:08:31.773, 4, 2032 MHz, 3996 MHz, 1025.09 W, 54
2026/10/08 04:08:31.773, 5, 2032 MHz, 3996 MHz, 256.99 W, 46
2026/10/08 04:08:31.773, 6, 120 MHz, 3996 MHz, 185.10 W, 30
2026/10/08 04:08:31.773, 7, 120 MHz, 3996 MHz, 185.21 W, 29
2026/10/08 04:08:32.773, 0, 120 MHz, 3996 MHz, 186.40 W, 34
2026/10/08 04:08:32.773, 1, 2032 MHz, 3996 MHz, 194.81 W, 37
2026/10/08 04:08:32.773, 2, 2032 MHz, 3996 MHz, 463.05 W, 38
2026/10/08 04:08:32.773, 3, 2032 MHz, 3996 MHz, 413.21 W, 38
2026/10/08 04:08:32.773, 4, 2032 MHz, 3996 MHz, 1025.92 W, 54
2026/10/08 04:08:32.773, 5, 2032 MHz, 3996 MHz, 244.12 W, 45
2026/10/08 04:08:32.773, 6, 120 MHz, 3996 MHz, 185.92 W, 30
2026/10/08 04:08:32.773, 7, 120 MHz, 3996 MHz, 186.49 W, 29
2026/10/08 04:08:33.773, 0, 120 MHz, 3996 MHz, 186.29 W, 34
2026/10/08 04:08:33.773, 1, 2032 MHz, 3996 MHz, 249.40 W, 37
2026/10/08 04:08:33.773, 2, 2032 MHz, 3996 MHz, 408.64 W, 39
2026/10/08 04:08:33.773, 3, 2032 MHz, 3996 MHz, 385.01 W, 37
2026/10/08 04:08:33.773, 4, 2032 MHz, 3996 MHz, 1025.35 W, 55
2026/10/08 04:08:33.773, 5, 2032 MHz, 3996 MHz, 243.65 W, 45
2026/10/08 04:08:33.773, 6, 120 MHz, 3996 MHz, 186.05 W, 30
2026/10/08 04:08:33.773, 7, 120 MHz, 3996 MHz, 186.54 W, 29
2026/10/08 04:08:34.773, 0, 120 MHz, 3996 MHz, 186.29 W, 34
2026/10/08 04:08:34.773, 1, 2032 MHz, 3996 MHz, 249.34 W, 38
2026/10/08 04:08:34.773, 2, 2032 MHz, 3996 MHz, 406.02 W, 38
2026/10/08 04:08:34.773, 3, 2032 MHz, 3996 MHz, 417.02 W, 38
2026/10/08 04:08:34.773, 4, 2032 MHz, 3996 MHz, 1026.65 W, 55
2026/10/08 04:08:34.773, 5, 2032 MHz, 3996 MHz, 243.29 W, 45
2026/10/08 04:08:34.773, 6, 120 MHz, 3996 MHz, 186.08 W, 30
2026/10/08 04:08:34.773, 7, 120 MHz, 3996 MHz, 186.19 W, 29
2026/10/08 04:08:35.774, 0, 120 MHz, 3996 MHz, 186.29 W, 34
2026/10/08 04:08:35.774, 1, 2032 MHz, 3996 MHz, 250.14 W, 38
2026/10/08 04:08:35.774, 2, 2032 MHz, 3996 MHz, 431.61 W, 38
2026/10/08 04:08:35.774, 3, 2032 MHz, 3996 MHz, 413.11 W, 37
2026/10/08 04:08:35.774, 4, 2032 MHz, 3996 MHz, 1028.77 W, 55
2026/10/08 04:08:35.774, 5, 2032 MHz, 3996 MHz, 242.50 W, 44
2026/10/08 04:08:35.774, 6, 120 MHz, 3996 MHz, 186.13 W, 31
2026/10/08 04:08:35.774, 7, 120 MHz, 3996 MHz, 186.30 W, 29
2026/10/08 04:08:36.774, 0, 2032 MHz, 3996 MHz, 197.21 W, 35
2026/10/08 04:08:36.774, 1, 2032 MHz, 3996 MHz, 249.98 W, 38
2026/10/08 04:08:36.774, 2, 2032 MHz, 3996 MHz, 450.49 W, 38
2026/10/08 04:08:36.774, 3, 2032 MHz, 3996 MHz, 433.71 W, 38
2026/10/08 04:08:36.774, 4, 2032 MHz, 3996 MHz, 1029.04 W, 56
2026/10/08 04:08:36.774, 5, 2032 MHz, 3996 MHz, 242.59 W, 44
2026/10/08 04:08:36.774, 6, 120 MHz, 3996 MHz, 186.47 W, 31
2026/10/08 04:08:36.774, 7, 120 MHz, 3996 MHz, 186.42 W, 30
2026/10/08 04:08:37.774, 0, 2032 MHz, 3996 MHz, 242.41 W, 36
2026/10/08 04:08:37.774, 1, 2032 MHz, 3996 MHz, 249.80 W, 38
2026/10/08 04:08:37.774, 2, 2032 MHz, 3996 MHz, 456.46 W, 38
2026/10/08 04:08:37.774, 3, 2032 MHz, 3996 MHz, 394.20 W, 38
2026/10/08 04:08:37.774, 4, 2032 MHz, 3996 MHz, 1029.24 W, 56
2026/10/08 04:08:37.774, 5, 2032 MHz, 3996 MHz, 242.19 W, 44
2026/10/08 04:08:37.774, 6, 120 MHz, 3996 MHz, 186.74 W, 31
2026/10/08 04:08:37.774, 7, 120 MHz, 3996 MHz, 186.54 W, 30
2026/10/08 04:08:38.774, 0, 2032 MHz, 3996 MHz, 242.34 W, 36
2026/10/08 04:08:38.774, 1, 2032 MHz, 3996 MHz, 268.23 W, 38
2026/10/08 04:08:38.774, 2, 2032 MHz, 3996 MHz, 423.72 W, 37
2026/10/08 04:08:38.774, 3, 2032 MHz, 3996 MHz, 398.47 W, 39
2026/10/08 04:08:38.774, 4, 2032 MHz, 3996 MHz, 1031.02 W, 56
2026/10/08 04:08:38.774, 5, 442 MHz, 3996 MHz, 229.68 W, 43
2026/10/08 04:08:38.774, 6, 120 MHz, 3996 MHz, 186.78 W, 31
2026/10/08 04:08:38.774, 7, 120 MHz, 3996 MHz, 186.53 W, 30
2026/10/08 04:08:39.775, 0, 2032 MHz, 3996 MHz, 242.69 W, 36
2026/10/08 04:08:39.775, 1, 2032 MHz, 3996 MHz, 249.36 W, 38
2026/10/08 04:08:39.775, 2, 2032 MHz, 3996 MHz, 445.14 W, 38
2026/10/08 04:08:39.775, 3, 2032 MHz, 3996 MHz, 396.60 W, 39
2026/10/08 04:08:39.775, 4, 2032 MHz, 3996 MHz, 1033.28 W, 57
2026/10/08 04:08:39.775, 5, 255 MHz, 3996 MHz, 187.81 W, 42
2026/10/08 04:08:39.775, 6, 120 MHz, 3996 MHz, 186.78 W, 31
2026/10/08 04:08:39.775, 7, 120 MHz, 3996 MHz, 186.53 W, 30
2026/10/08 04:08:40.775, 0, 2032 MHz, 3996 MHz, 244.12 W, 36
2026/10/08 04:08:40.775, 1, 2032 MHz, 3996 MHz, 249.98 W, 38
2026/10/08 04:08:40.775, 2, 2032 MHz, 3996 MHz, 424.04 W, 38
2026/10/08 04:08:40.775, 3, 2032 MHz, 3996 MHz, 431.54 W, 38
2026/10/08 04:08:40.775, 4, 2032 MHz, 3996 MHz, 1032.69 W, 57
2026/10/08 04:08:40.775, 5, 165 MHz, 3996 MHz, 186.83 W, 42
2026/10/08 04:08:40.775, 6, 120 MHz, 3996 MHz, 186.58 W, 31
2026/10/08 04:08:40.775, 7, 120 MHz, 3996 MHz, 186.45 W, 30
2026/10/08 04:08:41.775, 0, 2032 MHz, 3996 MHz, 243.87 W, 36
2026/10/08 04:08:41.775, 1, 2032 MHz, 3996 MHz, 249.92 W, 38
2026/10/08 04:08:41.775, 2, 2032 MHz, 3996 MHz, 478.42 W, 38
2026/10/08 04:08:41.775, 3, 2032 MHz, 3996 MHz, 400.21 W, 38
2026/10/08 04:08:41.775, 4, 1312 MHz, 3996 MHz, 1075.87 W, 63
2026/10/08 04:08:41.775, 5, 120 MHz, 3996 MHz, 186.15 W, 41
2026/10/08 04:08:41.775, 6, 120 MHz, 3996 MHz, 186.31 W, 31
2026/10/08 04:08:41.775, 7, 120 MHz, 3996 MHz, 186.38 W, 30
2026/10/08 04:08:42.775, 0, 2032 MHz, 3996 MHz, 260.83 W, 37
2026/10/08 04:08:42.775, 1, 2032 MHz, 3996 MHz, 261.57 W, 39
2026/10/08 04:08:42.775, 2, 2032 MHz, 3996 MHz, 447.02 W, 39
2026/10/08 04:08:42.775, 3, 2032 MHz, 3996 MHz, 405.05 W, 38
2026/10/08 04:08:42.775, 4, 1335 MHz, 3996 MHz, 1086.06 W, 63
2026/10/08 04:08:42.775, 5, 120 MHz, 3996 MHz, 186.15 W, 41
2026/10/08 04:08:42.775, 6, 120 MHz, 3996 MHz, 186.47 W, 31
2026/10/08 04:08:42.775, 7, 120 MHz, 3996 MHz, 186.50 W, 30
2026/10/08 04:08:43.776, 0, 2032 MHz, 3996 MHz, 242.37 W, 36
2026/10/08 04:08:43.776, 1, 2032 MHz, 3996 MHz, 265.85 W, 39
2026/10/08 04:08:43.776, 2, 2032 MHz, 3996 MHz, 419.35 W, 38
2026/10/08 04:08:43.776, 3, 2032 MHz, 3996 MHz, 389.55 W, 38
2026/10/08 04:08:43.776, 4, 1312 MHz, 3996 MHz, 1083.14 W, 64
2026/10/08 04:08:43.776, 5, 120 MHz, 3996 MHz, 186.14 W, 41
2026/10/08 04:08:43.776, 6, 120 MHz, 3996 MHz, 186.51 W, 31
2026/10/08 04:08:43.776, 7, 120 MHz, 3996 MHz, 186.42 W, 30
2026/10/08 04:08:44.776, 0, 2032 MHz, 3996 MHz, 243.26 W, 36
2026/10/08 04:08:44.776, 1, 2032 MHz, 3996 MHz, 262.37 W, 39
2026/10/08 04:08:44.776, 2, 2032 MHz, 3996 MHz, 444.59 W, 40
2026/10/08 04:08:44.776, 3, 2032 MHz, 3996 MHz, 419.94 W, 39
2026/10/08 04:08:44.776, 4, 1312 MHz, 3996 MHz, 1082.88 W, 64
2026/10/08 04:08:44.776, 5, 120 MHz, 3996 MHz, 186.10 W, 41
2026/10/08 04:08:44.776, 6, 120 MHz, 3996 MHz, 186.66 W, 31
2026/10/08 04:08:44.776, 7, 120 MHz, 3996 MHz, 186.45 W, 30
2026/10/08 04:08:45.776, 0, 2032 MHz, 3996 MHz, 243.42 W, 36
2026/10/08 04:08:45.776, 1, 2032 MHz, 3996 MHz, 253.90 W, 39
2026/10/08 04:08:45.776, 2, 2032 MHz, 3996 MHz, 426.16 W, 39
2026/10/08 04:08:45.776, 3, 2032 MHz, 3996 MHz, 443.13 W, 38
2026/10/08 04:08:45.776, 4, 1387 MHz, 3996 MHz, 1083.59 W, 64
2026/10/08 04:08:45.776, 5, 120 MHz, 3996 MHz, 186.02 W, 41
2026/10/08 04:08:45.776, 6, 120 MHz, 3996 MHz, 186.62 W, 31
2026/10/08 04:08:45.776, 7, 120 MHz, 3996 MHz, 186.51 W, 30
2026/10/08 04:08:46.776, 0, 2032 MHz, 3996 MHz, 251.42 W, 37
2026/10/08 04:08:46.777, 1, 2032 MHz, 3996 MHz, 255.15 W, 39
2026/10/08 04:08:46.777, 2, 2032 MHz, 3996 MHz, 426.39 W, 39
2026/10/08 04:08:46.777, 3, 2032 MHz, 3996 MHz, 417.93 W, 38
2026/10/08 04:08:46.777, 4, 2032 MHz, 3996 MHz, 1018.81 W, 59
2026/10/08 04:08:46.777, 5, 120 MHz, 3996 MHz, 186.05 W, 40
2026/10/08 04:08:46.777, 6, 120 MHz, 3996 MHz, 186.54 W, 31
2026/10/08 04:08:46.777, 7, 120 MHz, 3996 MHz, 186.54 W, 30
2026/10/08 04:08:47.777, 0, 2032 MHz, 3996 MHz, 264.28 W, 37
2026/10/08 04:08:47.777, 1, 2032 MHz, 3996 MHz, 251.62 W, 39
2026/10/08 04:08:47.777, 2, 2032 MHz, 3996 MHz, 456.88 W, 40
2026/10/08 04:08:47.777, 3, 2032 MHz, 3996 MHz, 432.68 W, 39
2026/10/08 04:08:47.777, 4, 2032 MHz, 3996 MHz, 1034.67 W, 59
2026/10/08 04:08:47.777, 5, 120 MHz, 3996 MHz, 185.88 W, 40
2026/10/08 04:08:47.777, 6, 120 MHz, 3996 MHz, 186.78 W, 31
2026/10/08 04:08:47.777, 7, 120 MHz, 3996 MHz, 186.51 W, 30
2026/10/08 04:08:48.777, 0, 2032 MHz, 3996 MHz, 254.42 W, 37
2026/10/08 04:08:48.777, 1, 2032 MHz, 3996 MHz, 249.84 W, 39
2026/10/08 04:08:48.777, 2, 2032 MHz, 3996 MHz, 419.61 W, 39
2026/10/08 04:08:48.777, 3, 2032 MHz, 3996 MHz, 423.59 W, 40
2026/10/08 04:08:48.777, 4, 2032 MHz, 3996 MHz, 1034.30 W, 59
2026/10/08 04:08:48.777, 5, 120 MHz, 3996 MHz, 186.07 W, 40
2026/10/08 04:08:48.777, 6, 120 MHz, 3996 MHz, 186.74 W, 31
2026/10/08 04:08:48.777, 7, 120 MHz, 3996 MHz, 186.54 W, 30
2026/10/08 04:08:49.777, 0, 2032 MHz, 3996 MHz, 247.59 W, 37
2026/10/08 04:08:49.777, 1, 2032 MHz, 3996 MHz, 250.15 W, 39
2026/10/08 04:08:49.777, 2, 2032 MHz, 3996 MHz, 457.01 W, 39
2026/10/08 04:08:49.777, 3, 2032 MHz, 3996 MHz, 425.60 W, 38
2026/10/08 04:08:49.777, 4, 2032 MHz, 3996 MHz, 1035.76 W, 59
2026/10/08 04:08:49.777, 5, 120 MHz, 3996 MHz, 185.80 W, 40
2026/10/08 04:08:49.777, 6, 120 MHz, 3996 MHz, 186.78 W, 31
2026/10/08 04:08:49.777, 7, 120 MHz, 3996 MHz, 186.53 W, 30
2026/10/08 04:08:50.778, 0, 2032 MHz, 3996 MHz, 249.90 W, 37
2026/10/08 04:08:50.778, 1, 2032 MHz, 3996 MHz, 250.35 W, 39
2026/10/08 04:08:50.778, 2, 2032 MHz, 3996 MHz, 451.49 W, 40
2026/10/08 04:08:50.778, 3, 2032 MHz, 3996 MHz, 438.43 W, 38
2026/10/08 04:08:50.778, 4, 2032 MHz, 3996 MHz, 1038.88 W, 59
2026/10/08 04:08:50.778, 5, 120 MHz, 3996 MHz, 185.42 W, 40
2026/10/08 04:08:50.778, 6, 120 MHz, 3996 MHz, 186.74 W, 31
2026/10/08 04:08:50.778, 7, 120 MHz, 3996 MHz, 186.53 W, 30
2026/10/08 04:08:51.778, 0, 2032 MHz, 3996 MHz, 245.22 W, 37
2026/10/08 04:08:51.778, 1, 2032 MHz, 3996 MHz, 259.96 W, 39
2026/10/08 04:08:51.778, 2, 2032 MHz, 3996 MHz, 427.58 W, 39
2026/10/08 04:08:51.778, 3, 2032 MHz, 3996 MHz, 443.53 W, 39
2026/10/08 04:08:51.778, 4, 2032 MHz, 3996 MHz, 1038.19 W, 60
2026/10/08 04:08:51.778, 5, 120 MHz, 3996 MHz, 185.53 W, 40
2026/10/08 04:08:51.778, 6, 120 MHz, 3996 MHz, 186.78 W, 31
2026/10/08 04:08:51.778, 7, 120 MHz, 3996 MHz, 186.53 W, 30
2026/10/08 04:08:52.778, 0, 2032 MHz, 3996 MHz, 244.24 W, 37
2026/10/08 04:08:52.778, 1, 2032 MHz, 3996 MHz, 250.01 W, 39
2026/10/08 04:08:52.778, 2, 2032 MHz, 3996 MHz, 442.23 W, 39
2026/10/08 04:08:52.778, 3, 2032 MHz, 3996 MHz, 447.47 W, 40
2026/10/08 04:08:52.778, 4, 2032 MHz, 3996 MHz, 1038.24 W, 60
2026/10/08 04:08:52.778, 5, 120 MHz, 3996 MHz, 185.42 W, 39
2026/10/08 04:08:52.778, 6, 120 MHz, 3996 MHz, 186.78 W, 31
2026/10/08 04:08:52.778, 7, 120 MHz, 3996 MHz, 186.53 W, 30
2026/10/08 04:08:53.779, 0, 2032 MHz, 3996 MHz, 244.20 W, 37
2026/10/08 04:08:53.779, 1, 2032 MHz, 3996 MHz, 250.18 W, 39
2026/10/08 04:08:53.779, 2, 2032 MHz, 3996 MHz, 406.55 W, 38
2026/10/08 04:08:53.779, 3, 2032 MHz, 3996 MHz, 430.60 W, 40
2026/10/08 04:08:53.779, 4, 2032 MHz, 3996 MHz, 1042.15 W, 60
2026/10/08 04:08:53.779, 5, 120 MHz, 3996 MHz, 185.26 W, 39
2026/10/08 04:08:53.779, 6, 120 MHz, 3996 MHz, 186.78 W, 31
2026/10/08 04:08:53.779, 7, 120 MHz, 3996 MHz, 186.53 W, 30
2026/10/08 04:08:54.779, 0, 2032 MHz, 3996 MHz, 244.47 W, 37
2026/10/08 04:08:54.779, 1, 2032 MHz, 3996 MHz, 250.04 W, 39
2026/10/08 04:08:54.779, 2, 2032 MHz, 3996 MHz, 421.33 W, 39
2026/10/08 04:08:54.779, 3, 2032 MHz, 3996 MHz, 472.27 W, 39
2026/10/08 04:08:54.779, 4, 2032 MHz, 3996 MHz, 1041.57 W, 60
2026/10/08 04:08:54.779, 5, 120 MHz, 3996 MHz, 184.93 W, 39
2026/10/08 04:08:54.779, 6, 120 MHz, 3996 MHz, 186.78 W, 31
2026/10/08 04:08:54.779, 7, 120 MHz, 3996 MHz, 186.53 W, 30
2026/10/08 04:08:55.779, 0, 2032 MHz, 3996 MHz, 252.98 W, 37
2026/10/08 04:08:55.779, 1, 2032 MHz, 3996 MHz, 250.02 W, 39
2026/10/08 04:08:55.779, 2, 2032 MHz, 3996 MHz, 395.74 W, 40
2026/10/08 04:08:55.779, 3, 2032 MHz, 3996 MHz, 460.46 W, 40
2026/10/08 04:08:55.779, 4, 2032 MHz, 3996 MHz, 1042.11 W, 60
2026/10/08 04:08:55.779, 5, 120 MHz, 3996 MHz, 184.69 W, 39
2026/10/08 04:08:55.779, 6, 120 MHz, 3996 MHz, 186.78 W, 31
2026/10/08 04:08:55.779, 7, 120 MHz, 3996 MHz, 186.54 W, 30
2026/10/08 04:08:56.779, 0, 2032 MHz, 3996 MHz, 250.37 W, 37
2026/10/08 04:08:56.780, 1, 2032 MHz, 3996 MHz, 258.26 W, 39
2026/10/08 04:08:56.780, 2, 2032 MHz, 3996 MHz, 591.47 W, 42
2026/10/08 04:08:56.780, 3, 2032 MHz, 3996 MHz, 402.49 W, 39
2026/10/08 04:08:56.780, 4, 2032 MHz, 3996 MHz, 1041.79 W, 60
2026/10/08 04:08:56.780, 5, 120 MHz, 3996 MHz, 184.47 W, 39
2026/10/08 04:08:56.780, 6, 120 MHz, 3996 MHz, 186.78 W, 31
2026/10/08 04:08:56.780, 7, 120 MHz, 3996 MHz, 186.54 W, 30
2026/10/08 04:08:57.780, 0, 2032 MHz, 3996 MHz, 244.19 W, 37
2026/10/08 04:08:57.780, 1, 2032 MHz, 3996 MHz, 250.91 W, 39
2026/10/08 04:08:57.780, 2, 2032 MHz, 3996 MHz, 656.35 W, 42
2026/10/08 04:08:57.780, 3, 2032 MHz, 3996 MHz, 440.81 W, 40
2026/10/08 04:08:57.780, 4, 2032 MHz, 3996 MHz, 1042.73 W, 60
2026/10/08 04:08:57.780, 5, 120 MHz, 3996 MHz, 184.32 W, 38
2026/10/08 04:08:57.780, 6, 120 MHz, 3996 MHz, 186.78 W, 31
2026/10/08 04:08:57.780, 7, 120 MHz, 3996 MHz, 186.54 W, 30
2026/10/08 04:08:58.780, 0, 2032 MHz, 3996 MHz, 244.22 W, 37
2026/10/08 04:08:58.780, 1, 2032 MHz, 3996 MHz, 250.72 W, 40
2026/10/08 04:08:58.780, 2, 2032 MHz, 3996 MHz, 651.28 W, 43
2026/10/08 04:08:58.780, 3, 2032 MHz, 3996 MHz, 423.20 W, 39
2026/10/08 04:08:58.780, 4, 2032 MHz, 3996 MHz, 1042.16 W, 60
2026/10/08 04:08:58.780, 5, 120 MHz, 3996 MHz, 184.32 W, 38
2026/10/08 04:08:58.780, 6, 120 MHz, 3996 MHz, 186.78 W, 31
2026/10/08 04:08:58.780, 7, 120 MHz, 3996 MHz, 186.53 W, 30
2026/10/08 04:08:59.780, 0, 2032 MHz, 3996 MHz, 244.20 W, 37
2026/10/08 04:08:59.780, 1, 2032 MHz, 3996 MHz, 250.84 W, 40
2026/10/08 04:08:59.780, 2, 2032 MHz, 3996 MHz, 643.97 W, 43
2026/10/08 04:08:59.780, 3, 2032 MHz, 3996 MHz, 420.47 W, 41
2026/10/08 04:08:59.780, 4, 2032 MHz, 3996 MHz, 1039.93 W, 60
2026/10/08 04:08:59.780, 5, 120 MHz, 3996 MHz, 184.32 W, 38
2026/10/08 04:08:59.780, 6, 120 MHz, 3996 MHz, 186.78 W, 31
2026/10/08 04:08:59.780, 7, 120 MHz, 3996 MHz, 186.53 W, 30
2026/10/08 04:09:00.781, 0, 2032 MHz, 3996 MHz, 244.19 W, 37
2026/10/08 04:09:00.781, 1, 2032 MHz, 3996 MHz, 251.48 W, 40
2026/10/08 04:09:00.781, 2, 2032 MHz, 3996 MHz, 476.13 W, 39
2026/10/08 04:09:00.781, 3, 2032 MHz, 3996 MHz, 386.69 W, 39
2026/10/08 04:09:00.781, 4, 2032 MHz, 3996 MHz, 461.95 W, 50
2026/10/08 04:09:00.781, 5, 120 MHz, 3996 MHz, 184.75 W, 38
2026/10/08 04:09:00.781, 6, 120 MHz, 3996 MHz, 186.78 W, 31
2026/10/08 04:09:00.781, 7, 120 MHz, 3996 MHz, 186.53 W, 31
2026/10/08 04:09:01.781, 0, 2032 MHz, 3996 MHz, 244.19 W, 37
2026/10/08 04:09:01.781, 1, 2032 MHz, 3996 MHz, 251.34 W, 40
2026/10/08 04:09:01.781, 2, 2032 MHz, 3996 MHz, 240.85 W, 37
2026/10/08 04:09:01.781, 3, 2032 MHz, 3996 MHz, 412.53 W, 39
2026/10/08 04:09:01.781, 4, 2032 MHz, 3996 MHz, 267.19 W, 49
2026/10/08 04:09:01.781, 5, 120 MHz, 3996 MHz, 184.70 W, 38
2026/10/08 04:09:01.781, 6, 120 MHz, 3996 MHz, 186.78 W, 31
2026/10/08 04:09:01.781, 7, 120 MHz, 3996 MHz, 186.54 W, 31
2026/10/08 04:09:02.781, 0, 2032 MHz, 3996 MHz, 244.19 W, 37
2026/10/08 04:09:02.781, 1, 2032 MHz, 3996 MHz, 251.39 W, 40
2026/10/08 04:09:02.781, 2, 2032 MHz, 3996 MHz, 240.82 W, 37
2026/10/08 04:09:02.781, 3, 2032 MHz, 3996 MHz, 625.29 W, 42
2026/10/08 04:09:02.781, 4, 2032 MHz, 3996 MHz, 253.71 W, 48
2026/10/08 04:09:02.781, 5, 120 MHz, 3996 MHz, 184.78 W, 38
2026/10/08 04:09:02.781, 6, 120 MHz, 3996 MHz, 186.78 W, 32
2026/10/08 04:09:02.781, 7, 120 MHz, 3996 MHz, 186.53 W, 31
2026/10/08 04:09:03.782, 0, 1590 MHz, 3996 MHz, 341.14 W, 48
2026/10/08 04:09:03.782, 1, 1770 MHz, 3996 MHz, 499.90 W, 47
2026/10/08 04:09:03.782, 2, 2032 MHz, 3996 MHz, 250.96 W, 37
2026/10/08 04:09:03.782, 3, 2032 MHz, 3996 MHz, 653.54 W, 43
2026/10/08 04:09:03.782, 4, 2032 MHz, 3996 MHz, 252.26 W, 47
2026/10/08 04:09:03.782, 5, 120 MHz, 3996 MHz, 184.74 W, 38
2026/10/08 04:09:03.782, 6, 120 MHz, 3996 MHz, 186.78 W, 32
2026/10/08 04:09:03.782, 7, 120 MHz, 3996 MHz, 186.53 W, 31
2026/10/08 04:09:04.782, 0, 2032 MHz, 3996 MHz, 664.48 W, 41
2026/10/08 04:09:04.782, 1, 2032 MHz, 3996 MHz, 535.67 W, 42
2026/10/08 04:09:04.782, 2, 2032 MHz, 3996 MHz, 239.21 W, 36
2026/10/08 04:09:04.782, 3, 2032 MHz, 3996 MHz, 647.57 W, 43
2026/10/08 04:09:04.782, 4, 2032 MHz, 3996 MHz, 252.26 W, 47
2026/10/08 04:09:04.782, 5, 120 MHz, 3996 MHz, 184.85 W, 38
2026/10/08 04:09:04.782, 6, 120 MHz, 3996 MHz, 186.78 W, 32
2026/10/08 04:09:04.782, 7, 120 MHz, 3996 MHz, 186.54 W, 31
2026/10/08 04:09:05.782, 0, 1395 MHz, 3996 MHz, 476.46 W, 51
2026/10/08 04:09:05.782, 1, 1417 MHz, 3996 MHz, 643.44 W, 55
2026/10/08 04:09:05.782, 2, 2032 MHz, 3996 MHz, 239.18 W, 36
2026/10/08 04:09:05.782, 3, 2032 MHz, 3996 MHz, 648.62 W, 43
2026/10/08 04:09:05.782, 4, 2032 MHz, 3996 MHz, 252.26 W, 46
2026/10/08 04:09:05.782, 5, 120 MHz, 3996 MHz, 184.58 W, 38
2026/10/08 04:09:05.782, 6, 120 MHz, 3996 MHz, 186.78 W, 32
2026/10/08 04:09:05.782, 7, 120 MHz, 3996 MHz, 186.53 W, 31
2026/10/08 04:09:06.782, 0, 1305 MHz, 3996 MHz, 1081.70 W, 56
2026/10/08 04:09:06.782, 1, 1312 MHz, 3996 MHz, 1087.58 W, 58
2026/10/08 04:09:06.782, 2, 2032 MHz, 3996 MHz, 238.71 W, 36
2026/10/08 04:09:06.782, 3, 2032 MHz, 3996 MHz, 303.81 W, 38
2026/10/08 04:09:06.783, 4, 2032 MHz, 3996 MHz, 252.19 W, 46
2026/10/08 04:09:06.783, 5, 120 MHz, 3996 MHz, 184.51 W, 37
2026/10/08 04:09:06.783, 6, 120 MHz, 3996 MHz, 186.78 W, 32
2026/10/08 04:09:06.783, 7, 120 MHz, 3996 MHz, 186.53 W, 31
2026/10/08 04:09:07.783, 0, 1320 MHz, 3996 MHz, 1084.22 W, 57
2026/10/08 04:09:07.783, 1, 1305 MHz, 3996 MHz, 1090.08 W, 59
2026/10/08 04:09:07.783, 2, 2032 MHz, 3996 MHz, 238.81 W, 36
2026/10/08 04:09:07.783, 3, 2032 MHz, 3996 MHz, 241.56 W, 37
2026/10/08 04:09:07.783, 4, 2032 MHz, 3996 MHz, 250.98 W, 45
2026/10/08 04:09:07.783, 5, 120 MHz, 3996 MHz, 184.54 W, 37
2026/10/08 04:09:07.783, 6, 120 MHz, 3996 MHz, 186.78 W, 32
2026/10/08 04:09:07.783, 7, 120 MHz, 3996 MHz, 186.53 W, 31
2026/10/08 04:09:08.783, 0, 1327 MHz, 3996 MHz, 1083.96 W, 57
2026/10/08 04:09:08.783, 1, 1297 MHz, 3996 MHz, 1086.55 W, 59
2026/10/08 04:09:08.783, 2, 2032 MHz, 3996 MHz, 238.96 W, 36
2026/10/08 04:09:08.783, 3, 2032 MHz, 3996 MHz, 252.12 W, 37
2026/10/08 04:09:08.783, 4, 360 MHz, 3996 MHz, 216.22 W, 44
2026/10/08 04:09:08.783, 5, 120 MHz, 3996 MHz, 184.55 W, 37
2026/10/08 04:09:08.783, 6, 120 MHz, 3996 MHz, 186.78 W, 32
2026/10/08 04:09:08.783, 7, 120 MHz, 3996 MHz, 186.53 W, 31
2026/10/08 04:09:09.783, 0, 1327 MHz, 3996 MHz, 1085.84 W, 58
2026/10/08 04:09:09.783, 1, 1305 MHz, 3996 MHz, 1084.45 W, 60
2026/10/08 04:09:09.783, 2, 367 MHz, 3996 MHz, 219.51 W, 35
2026/10/08 04:09:09.783, 3, 2032 MHz, 3996 MHz, 240.56 W, 37
2026/10/08 04:09:09.783, 4, 225 MHz, 3996 MHz, 191.06 W, 44
2026/10/08 04:09:09.783, 5, 120 MHz, 3996 MHz, 184.64 W, 37
2026/10/08 04:09:09.784, 6, 120 MHz, 3996 MHz, 186.78 W, 32
2026/10/08 04:09:09.784, 7, 120 MHz, 3996 MHz, 186.53 W, 31
2026/10/08 04:09:10.784, 0, 1327 MHz, 3996 MHz, 1086.71 W, 58
2026/10/08 04:09:10.784, 1, 1297 MHz, 3996 MHz, 1083.60 W, 60
2026/10/08 04:09:10.784, 2, 232 MHz, 3996 MHz, 187.89 W, 35
2026/10/08 04:09:10.784, 3, 2032 MHz, 3996 MHz, 239.92 W, 37
2026/10/08 04:09:10.784, 4, 150 MHz, 3996 MHz, 190.03 W, 43
2026/10/08 04:09:10.784, 5, 120 MHz, 3996 MHz, 184.80 W, 37
2026/10/08 04:09:10.784, 6, 120 MHz, 3996 MHz, 186.78 W, 32
2026/10/08 04:09:10.784, 7, 120 MHz, 3996 MHz, 186.53 W, 31
2026/10/08 04:09:11.784, 0, 1320 MHz, 3996 MHz, 1087.13 W, 59
2026/10/08 04:09:11.784, 1, 1320 MHz, 3996 MHz, 1082.67 W, 60
2026/10/08 04:09:11.784, 2, 150 MHz, 3996 MHz, 186.59 W, 35
2026/10/08 04:09:11.784, 3, 2032 MHz, 3996 MHz, 240.06 W, 36
2026/10/08 04:09:11.784, 4, 120 MHz, 3996 MHz, 188.74 W, 43
2026/10/08 04:09:11.784, 5, 120 MHz, 3996 MHz, 184.72 W, 37
2026/10/08 04:09:11.784, 6, 120 MHz, 3996 MHz, 186.78 W, 32
2026/10/08 04:09:11.784, 7, 120 MHz, 3996 MHz, 186.54 W, 31
2026/10/08 04:09:12.784, 0, 1350 MHz, 3996 MHz, 1086.09 W, 59
2026/10/08 04:09:12.784, 1, 1305 MHz, 3996 MHz, 1088.96 W, 61
2026/10/08 04:09:12.784, 2, 120 MHz, 3996 MHz, 186.12 W, 35
2026/10/08 04:09:12.784, 3, 2032 MHz, 3996 MHz, 239.80 W, 36
2026/10/08 04:09:12.784, 4, 120 MHz, 3996 MHz, 188.47 W, 43
2026/10/08 04:09:12.785, 5, 120 MHz, 3996 MHz, 184.60 W, 37
2026/10/08 04:09:12.785, 6, 120 MHz, 3996 MHz, 186.78 W, 32
2026/10/08 04:09:12.785, 7, 120 MHz, 3996 MHz, 186.54 W, 31
2026/10/08 04:09:13.785, 0, 1327 MHz, 3996 MHz, 1087.24 W, 59
2026/10/08 04:09:13.785, 1, 1297 MHz, 3996 MHz, 1086.34 W, 61
2026/10/08 04:09:13.785, 2, 120 MHz, 3996 MHz, 186.01 W, 35
2026/10/08 04:09:13.785, 3, 2032 MHz, 3996 MHz, 240.42 W, 36
2026/10/08 04:09:13.785, 4, 120 MHz, 3996 MHz, 188.48 W, 42
2026/10/08 04:09:13.785, 5, 120 MHz, 3996 MHz, 184.60 W, 37
2026/10/08 04:09:13.785, 6, 120 MHz, 3996 MHz, 186.78 W, 32
2026/10/08 04:09:13.785, 7, 120 MHz, 3996 MHz, 186.53 W, 31
2026/10/08 04:09:14.785, 0, 2032 MHz, 3996 MHz, 1059.28 W, 54
2026/10/08 04:09:14.785, 1, 2032 MHz, 3996 MHz, 1067.15 W, 56
2026/10/08 04:09:14.785, 2, 120 MHz, 3996 MHz, 186.19 W, 35
2026/10/08 04:09:14.785, 3, 2032 MHz, 3996 MHz, 240.07 W, 36
2026/10/08 04:09:14.785, 4, 120 MHz, 3996 MHz, 188.48 W, 42
2026/10/08 04:09:14.785, 5, 120 MHz, 3996 MHz, 184.60 W, 37
2026/10/08 04:09:14.785, 6, 120 MHz, 3996 MHz, 186.78 W, 32
2026/10/08 04:09:14.785, 7, 120 MHz, 3996 MHz, 186.53 W, 31
2026/10/08 04:09:15.785, 0, 2032 MHz, 3996 MHz, 1087.44 W, 55
2026/10/08 04:09:15.785, 1, 2025 MHz, 3996 MHz, 1095.44 W, 57
2026/10/08 04:09:15.785, 2, 120 MHz, 3996 MHz, 185.96 W, 34
2026/10/08 04:09:15.785, 3, 427 MHz, 3996 MHz, 239.00 W, 36
2026/10/08 04:09:15.785, 4, 120 MHz, 3996 MHz, 188.48 W, 42
2026/10/08 04:09:15.785, 5, 120 MHz, 3996 MHz, 184.67 W, 37
2026/10/08 04:09:15.785, 6, 120 MHz, 3996 MHz, 186.78 W, 32
2026/10/08 04:09:15.785, 7, 120 MHz, 3996 MHz, 186.53 W, 31
2026/10/08 04:09:16.786, 0, 2032 MHz, 3996 MHz, 1088.22 W, 56
2026/10/08 04:09:16.786, 1, 2017 MHz, 3996 MHz, 1094.44 W, 57
2026/10/08 04:09:16.786, 2, 120 MHz, 3996 MHz, 186.08 W, 34
2026/10/08 04:09:16.786, 3, 292 MHz, 3996 MHz, 187.07 W, 35
2026/10/08 04:09:16.786, 4, 120 MHz, 3996 MHz, 188.47 W, 42
2026/10/08 04:09:16.786, 5, 120 MHz, 3996 MHz, 184.60 W, 37
2026/10/08 04:09:16.786, 6, 120 MHz, 3996 MHz, 186.78 W, 32
2026/10/08 04:09:16.786, 7, 120 MHz, 3996 MHz, 186.53 W, 31
2026/10/08 04:09:17.786, 0, 2032 MHz, 3996 MHz, 1088.15 W, 56
2026/10/08 04:09:17.786, 1, 2017 MHz, 3996 MHz, 1093.77 W, 58
2026/10/08 04:09:17.786, 2, 120 MHz, 3996 MHz, 186.05 W, 34
2026/10/08 04:09:17.786, 3, 187 MHz, 3996 MHz, 186.05 W, 35
2026/10/08 04:09:17.786, 4, 120 MHz, 3996 MHz, 188.44 W, 41
2026/10/08 04:09:17.786, 5, 120 MHz, 3996 MHz, 184.64 W, 37
2026/10/08 04:09:17.786, 6, 120 MHz, 3996 MHz, 186.78 W, 32
2026/10/08 04:09:17.786, 7, 120 MHz, 3996 MHz, 186.53 W, 31
2026/10/08 04:09:18.786, 0, 2032 MHz, 3996 MHz, 1088.19 W, 56
2026/10/08 04:09:18.786, 1, 2025 MHz, 3996 MHz, 1094.46 W, 58
2026/10/08 04:09:18.786, 2, 120 MHz, 3996 MHz, 186.09 W, 34
2026/10/08 04:09:18.786, 3, 120 MHz, 3996 MHz, 185.86 W, 35
2026/10/08 04:09:18.786, 4, 120 MHz, 3996 MHz, 188.28 W, 41
2026/10/08 04:09:18.786, 5, 120 MHz, 3996 MHz, 184.62 W, 37
2026/10/08 04:09:18.786, 6, 120 MHz, 3996 MHz, 186.78 W, 32
2026/10/08 04:09:18.786, 7, 120 MHz, 3996 MHz, 186.53 W, 31
2026/10/08 04:09:19.787, 0, 2032 MHz, 3996 MHz, 1088.50 W, 57
2026/10/08 04:09:19.787, 1, 2025 MHz, 3996 MHz, 1094.86 W, 58
2026/10/08 04:09:19.787, 2, 120 MHz, 3996 MHz, 186.05 W, 34
2026/10/08 04:09:19.787, 3, 120 MHz, 3996 MHz, 185.17 W, 35
2026/10/08 04:09:19.787, 4, 120 MHz, 3996 MHz, 188.05 W, 41
2026/10/08 04:09:19.787, 5, 120 MHz, 3996 MHz, 184.63 W, 37
2026/10/08 04:09:19.787, 6, 120 MHz, 3996 MHz, 186.78 W, 32
2026/10/08 04:09:19.787, 7, 120 MHz, 3996 MHz, 186.53 W, 31
2026/10/08 04:09:20.787, 0, 2032 MHz, 3996 MHz, 1090.91 W, 57
2026/10/08 04:09:20.787, 1, 2010 MHz, 3996 MHz, 1094.58 W, 59
2026/10/08 04:09:20.787, 2, 120 MHz, 3996 MHz, 186.05 W, 34
2026/10/08 04:09:20.787, 3, 120 MHz, 3996 MHz, 185.74 W, 35
2026/10/08 04:09:20.787, 4, 120 MHz, 3996 MHz, 187.77 W, 41
2026/10/08 04:09:20.787, 5, 120 MHz, 3996 MHz, 184.61 W, 37
2026/10/08 04:09:20.787, 6, 120 MHz, 3996 MHz, 186.78 W, 32
2026/10/08 04:09:20.787, 7, 120 MHz, 3996 MHz, 186.53 W, 31
2026/10/08 04:09:21.787, 0, 2032 MHz, 3996 MHz, 1092.58 W, 57
2026/10/08 04:09:21.787, 1, 2010 MHz, 3996 MHz, 1092.90 W, 59
2026/10/08 04:09:21.787, 2, 120 MHz, 3996 MHz, 186.05 W, 34
2026/10/08 04:09:21.787, 3, 120 MHz, 3996 MHz, 185.78 W, 35
2026/10/08 04:09:21.787, 4, 120 MHz, 3996 MHz, 186.88 W, 41
2026/10/08 04:09:21.787, 5, 120 MHz, 3996 MHz, 184.62 W, 37
2026/10/08 04:09:21.788, 6, 120 MHz, 3996 MHz, 186.78 W, 32
2026/10/08 04:09:21.788, 7, 120 MHz, 3996 MHz, 186.53 W, 31
2026/10/08 04:09:22.788, 0, 2025 MHz, 3996 MHz, 1092.40 W, 58
2026/10/08 04:09:22.788, 1, 2002 MHz, 3996 MHz, 1093.23 W, 59
2026/10/08 04:09:22.788, 2, 120 MHz, 3996 MHz, 186.05 W, 34
2026/10/08 04:09:22.788, 3, 120 MHz, 3996 MHz, 185.74 W, 35
2026/10/08 04:09:22.788, 4, 120 MHz, 3996 MHz, 186.73 W, 41
2026/10/08 04:09:22.788, 5, 120 MHz, 3996 MHz, 184.64 W, 37
2026/10/08 04:09:22.788, 6, 120 MHz, 3996 MHz, 186.78 W, 32
2026/10/08 04:09:22.788, 7, 120 MHz, 3996 MHz, 186.53 W, 31
2026/10/08 04:09:23.788, 0, 2032 MHz, 3996 MHz, 1092.88 W, 58
2026/10/08 04:09:23.788, 1, 2002 MHz, 3996 MHz, 1092.62 W, 59
2026/10/08 04:09:23.788, 2, 120 MHz, 3996 MHz, 186.05 W, 34
2026/10/08 04:09:23.788, 3, 120 MHz, 3996 MHz, 185.78 W, 35
2026/10/08 04:09:23.788, 4, 120 MHz, 3996 MHz, 186.57 W, 40
2026/10/08 04:09:23.788, 5, 120 MHz, 3996 MHz, 184.68 W, 36
2026/10/08 04:09:23.788, 6, 120 MHz, 3996 MHz, 186.78 W, 32
2026/10/08 04:09:23.788, 7, 120 MHz, 3996 MHz, 186.53 W, 31
2026/10/08 04:09:24.788, 0, 2032 MHz, 3996 MHz, 1092.58 W, 58
2026/10/08 04:09:24.788, 1, 2017 MHz, 3996 MHz, 1094.76 W, 60
2026/10/08 04:09:24.788, 2, 120 MHz, 3996 MHz, 186.05 W, 34
2026/10/08 04:09:24.789, 3, 120 MHz, 3996 MHz, 185.78 W, 34
2026/10/08 04:09:24.789, 4, 120 MHz, 3996 MHz, 186.61 W, 40
2026/10/08 04:09:24.789, 5, 120 MHz, 3996 MHz, 184.62 W, 36
2026/10/08 04:09:24.789, 6, 120 MHz, 3996 MHz, 186.78 W, 32
2026/10/08 04:09:24.789, 7, 120 MHz, 3996 MHz, 186.54 W, 31
2026/10/08 04:09:25.789, 0, 2032 MHz, 3996 MHz, 1092.47 W, 58
2026/10/08 04:09:25.789, 1, 2017 MHz, 3996 MHz, 1094.86 W, 60
2026/10/08 04:09:25.789, 2, 120 MHz, 3996 MHz, 186.05 W, 34
2026/10/08 04:09:25.789, 3, 120 MHz, 3996 MHz, 184.17 W, 34
2026/10/08 04:09:25.789, 4, 120 MHz, 3996 MHz, 186.53 W, 40
2026/10/08 04:09:25.789, 5, 120 MHz, 3996 MHz, 184.62 W, 36
2026/10/08 04:09:25.789, 6, 120 MHz, 3996 MHz, 186.39 W, 32
2026/10/08 04:09:25.789, 7, 120 MHz, 3996 MHz, 186.55 W, 31
2026/10/08 04:09:26.789, 0, 2025 MHz, 3996 MHz, 1092.90 W, 59
2026/10/08 04:09:26.789, 1, 2002 MHz, 3996 MHz, 1092.61 W, 60
2026/10/08 04:09:26.789, 2, 120 MHz, 3996 MHz, 186.05 W, 34
2026/10/08 04:09:26.789, 3, 120 MHz, 3996 MHz, 184.09 W, 34
2026/10/08 04:09:26.789, 4, 120 MHz, 3996 MHz, 186.53 W, 40
2026/10/08 04:09:26.789, 5, 120 MHz, 3996 MHz, 184.61 W, 36
2026/10/08 04:09:26.789, 6, 120 MHz, 3996 MHz, 186.17 W, 32
2026/10/08 04:09:26.789, 7, 120 MHz, 3996 MHz, 186.54 W, 31
2026/10/08 04:09:27.790, 0, 2025 MHz, 3996 MHz, 1093.50 W, 59
2026/10/08 04:09:27.790, 1, 2002 MHz, 3996 MHz, 1093.42 W, 60
2026/10/08 04:09:27.790, 2, 120 MHz, 3996 MHz, 186.01 W, 34
2026/10/08 04:09:27.790, 3, 120 MHz, 3996 MHz, 184.09 W, 34
2026/10/08 04:09:27.790, 4, 120 MHz, 3996 MHz, 186.53 W, 40
2026/10/08 04:09:27.790, 5, 120 MHz, 3996 MHz, 184.61 W, 36
2026/10/08 04:09:27.790, 6, 120 MHz, 3996 MHz, 186.47 W, 32
2026/10/08 04:09:27.790, 7, 120 MHz, 3996 MHz, 185.72 W, 31
2026/10/08 04:09:28.790, 0, 2025 MHz, 3996 MHz, 1094.11 W, 59
2026/10/08 04:09:28.790, 1, 2002 MHz, 3996 MHz, 1091.54 W, 60
2026/10/08 04:09:28.790, 2, 120 MHz, 3996 MHz, 186.05 W, 34
2026/10/08 04:09:28.790, 3, 120 MHz, 3996 MHz, 184.09 W, 34
2026/10/08 04:09:28.790, 4, 120 MHz, 3996 MHz, 186.53 W, 40
2026/10/08 04:09:28.790, 5, 120 MHz, 3996 MHz, 184.57 W, 36
2026/10/08 04:09:28.790, 6, 120 MHz, 3996 MHz, 186.35 W, 32
2026/10/08 04:09:28.790, 7, 120 MHz, 3996 MHz, 185.76 W, 32
2026/10/08 04:09:29.790, 0, 2025 MHz, 3996 MHz, 1094.45 W, 59
2026/10/08 04:09:29.790, 1, 2002 MHz, 3996 MHz, 1093.09 W, 61
2026/10/08 04:09:29.790, 2, 120 MHz, 3996 MHz, 186.05 W, 34
2026/10/08 04:09:29.791, 3, 120 MHz, 3996 MHz, 184.09 W, 34
2026/10/08 04:09:29.791, 4, 120 MHz, 3996 MHz, 186.53 W, 40
2026/10/08 04:09:29.791, 5, 120 MHz, 3996 MHz, 184.57 W, 36
2026/10/08 04:09:29.791, 6, 120 MHz, 3996 MHz, 186.32 W, 32
2026/10/08 04:09:29.791, 7, 120 MHz, 3996 MHz, 185.89 W, 32
2026/10/08 04:09:30.791, 0, 2017 MHz, 3996 MHz, 1093.58 W, 59
2026/10/08 04:09:30.791, 1, 2002 MHz, 3996 MHz, 1091.69 W, 61
2026/10/08 04:09:30.791, 2, 120 MHz, 3996 MHz, 186.05 W, 34
2026/10/08 04:09:30.791, 3, 120 MHz, 3996 MHz, 184.09 W, 34
2026/10/08 04:09:30.791, 4, 120 MHz, 3996 MHz, 186.53 W, 40
2026/10/08 04:09:30.791, 5, 120 MHz, 3996 MHz, 184.62 W, 36
2026/10/08 04:09:30.791, 6, 120 MHz, 3996 MHz, 186.66 W, 33
2026/10/08 04:09:30.791, 7, 120 MHz, 3996 MHz, 185.97 W, 32
2026/10/08 04:09:31.791, 0, 2017 MHz, 3996 MHz, 1093.95 W, 60
2026/10/08 04:09:31.791, 1, 2002 MHz, 3996 MHz, 1092.76 W, 61
2026/10/08 04:09:31.791, 2, 120 MHz, 3996 MHz, 186.05 W, 34
2026/10/08 04:09:31.791, 3, 120 MHz, 3996 MHz, 184.40 W, 34
2026/10/08 04:09:31.791, 4, 2032 MHz, 3996 MHz, 224.74 W, 41
2026/10/08 04:09:31.791, 5, 120 MHz, 3996 MHz, 184.52 W, 36
2026/10/08 04:09:31.791, 6, 120 MHz, 3996 MHz, 186.51 W, 33
2026/10/08 04:09:31.791, 7, 120 MHz, 3996 MHz, 186.13 W, 32
2026/10/08 04:09:32.791, 0, 2025 MHz, 3996 MHz, 1094.64 W, 60
2026/10/08 04:09:32.791, 1, 2010 MHz, 3996 MHz, 1092.63 W, 61
2026/10/08 04:09:32.791, 2, 120 MHz, 3996 MHz, 186.05 W, 34
2026/10/08 04:09:32.791, 3, 120 MHz, 3996 MHz, 184.28 W, 34
2026/10/08 04:09:32.791, 4, 2032 MHz, 3996 MHz, 246.71 W, 41
2026/10/08 04:09:32.791, 5, 120 MHz, 3996 MHz, 184.47 W, 36
2026/10/08 04:09:32.791, 6, 120 MHz, 3996 MHz, 186.66 W, 33
2026/10/08 04:09:32.791, 7, 120 MHz, 3996 MHz, 186.28 W, 32
2026/10/08 04:09:33.792, 0, 2025 MHz, 3996 MHz, 1094.20 W, 60
2026/10/08 04:09:33.792, 1, 2002 MHz, 3996 MHz, 1089.45 W, 61
2026/10/08 04:09:33.792, 2, 120 MHz, 3996 MHz, 186.05 W, 34
2026/10/08 04:09:33.792, 3, 120 MHz, 3996 MHz, 184.24 W, 34
2026/10/08 04:09:33.792, 4, 2032 MHz, 3996 MHz, 246.48 W, 41
2026/10/08 04:09:33.792, 5, 120 MHz, 3996 MHz, 184.43 W, 36
2026/10/08 04:09:33.792, 6, 120 MHz, 3996 MHz, 186.62 W, 33
2026/10/08 04:09:33.792, 7, 120 MHz, 3996 MHz, 186.16 W, 32
2026/10/08 04:09:34.792, 0, 2010 MHz, 3996 MHz, 1094.41 W, 60
2026/10/08 04:09:34.792, 1, 1995 MHz, 3996 MHz, 1089.78 W, 62
2026/10/08 04:09:34.792, 2, 120 MHz, 3996 MHz, 186.05 W, 34
2026/10/08 04:09:34.792, 3, 120 MHz, 3996 MHz, 184.13 W, 34
2026/10/08 04:09:34.792, 4, 2032 MHz, 3996 MHz, 246.29 W, 41
2026/10/08 04:09:34.792, 5, 2032 MHz, 3996 MHz, 233.31 W, 37
2026/10/08 04:09:34.792, 6, 120 MHz, 3996 MHz, 186.70 W, 33
2026/10/08 04:09:34.792, 7, 120 MHz, 3996 MHz, 186.13 W, 32
2026/10/08 04:09:35.792, 0, 2025 MHz, 3996 MHz, 1093.40 W, 60
2026/10/08 04:09:35.792, 1, 2002 MHz, 3996 MHz, 1090.12 W, 62
2026/10/08 04:09:35.792, 2, 120 MHz, 3996 MHz, 186.05 W, 34
2026/10/08 04:09:35.792, 3, 120 MHz, 3996 MHz, 184.17 W, 34
2026/10/08 04:09:35.792, 4, 2032 MHz, 3996 MHz, 246.28 W, 41
2026/10/08 04:09:35.792, 5, 2032 MHz, 3996 MHz, 238.01 W, 37
2026/10/08 04:09:35.792, 6, 120 MHz, 3996 MHz, 186.78 W, 33
2026/10/08 04:09:35.792, 7, 120 MHz, 3996 MHz, 186.27 W, 32
2026/10/08 04:09:36.793, 0, 2017 MHz, 3996 MHz, 1093.98 W, 61
2026/10/08 04:09:36.793, 1, 1995 MHz, 3996 MHz, 1090.24 W, 62
2026/10/08 04:09:36.793, 2, 120 MHz, 3996 MHz, 186.05 W, 34
2026/10/08 04:09:36.793, 3, 120 MHz, 3996 MHz, 184.13 W, 34
2026/10/08 04:09:36.793, 4, 2032 MHz, 3996 MHz, 246.28 W, 41
2026/10/08 04:09:36.793, 5, 2032 MHz, 3996 MHz, 237.56 W, 38
2026/10/08 04:09:36.793, 6, 120 MHz, 3996 MHz, 186.78 W, 33
2026/10/08 04:09:36.793, 7, 120 MHz, 3996 MHz, 186.30 W, 32
2026/10/08 04:09:37.793, 0, 2025 MHz, 3996 MHz, 1093.57 W, 61
2026/10/08 04:09:37.793, 1, 2002 MHz, 3996 MHz, 1090.63 W, 62
2026/10/08 04:09:37.793, 2, 120 MHz, 3996 MHz, 186.05 W, 34
2026/10/08 04:09:37.793, 3, 120 MHz, 3996 MHz, 184.17 W, 34
2026/10/08 04:09:37.793, 4, 2032 MHz, 3996 MHz, 246.28 W, 41
2026/10/08 04:09:37.793, 5, 2032 MHz, 3996 MHz, 237.95 W, 38
2026/10/08 04:09:37.793, 6, 120 MHz, 3996 MHz, 186.74 W, 33
2026/10/08 04:09:37.793, 7, 120 MHz, 3996 MHz, 186.32 W, 32
2026/10/08 04:09:38.793, 0, 2025 MHz, 3996 MHz, 1094.16 W, 61
2026/10/08 04:09:38.793, 1, 2002 MHz, 3996 MHz, 1091.69 W, 62
2026/10/08 04:09:38.793, 2, 120 MHz, 3996 MHz, 186.05 W, 34
2026/10/08 04:09:38.793, 3, 120 MHz, 3996 MHz, 184.13 W, 34
2026/10/08 04:09:38.793, 4, 2032 MHz, 3996 MHz, 247.30 W, 41
2026/10/08 04:09:38.793, 5, 2032 MHz, 3996 MHz, 238.41 W, 38
2026/10/08 04:09:38.793, 6, 120 MHz, 3996 MHz, 186.78 W, 33
2026/10/08 04:09:38.793, 7, 120 MHz, 3996 MHz, 186.43 W, 32
2026/10/08 04:09:39.794, 0, 2032 MHz, 3996 MHz, 1060.97 W, 60
2026/10/08 04:09:39.794, 1, 2032 MHz, 3996 MHz, 960.09 W, 56
2026/10/08 04:09:39.794, 2, 120 MHz, 3996 MHz, 186.05 W, 34
2026/10/08 04:09:39.794, 3, 120 MHz, 3996 MHz, 184.13 W, 34
2026/10/08 04:09:39.794, 4, 2032 MHz, 3996 MHz, 247.64 W, 41
2026/10/08 04:09:39.794, 5, 2032 MHz, 3996 MHz, 238.55 W, 38
2026/10/08 04:09:39.794, 6, 120 MHz, 3996 MHz, 186.74 W, 33
2026/10/08 04:09:39.794, 7, 120 MHz, 3996 MHz, 186.46 W, 32
2026/10/08 04:09:40.794, 0, 2032 MHz, 3996 MHz, 291.73 W, 50
2026/10/08 04:09:40.794, 1, 2032 MHz, 3996 MHz, 264.28 W, 51
2026/10/08 04:09:40.794, 2, 120 MHz, 3996 MHz, 186.05 W, 34
2026/10/08 04:09:40.794, 3, 120 MHz, 3996 MHz, 184.20 W, 34
2026/10/08 04:09:40.794, 4, 2032 MHz, 3996 MHz, 247.36 W, 41
2026/10/08 04:09:40.794, 5, 2032 MHz, 3996 MHz, 238.57 W, 38
2026/10/08 04:09:40.794, 6, 120 MHz, 3996 MHz, 186.78 W, 33
2026/10/08 04:09:40.794, 7, 120 MHz, 3996 MHz, 186.48 W, 32
2026/10/08 04:09:41.794, 0, 2032 MHz, 3996 MHz, 267.36 W, 49
2026/10/08 04:09:41.794, 1, 2032 MHz, 3996 MHz, 272.99 W, 50
2026/10/08 04:09:41.794, 2, 120 MHz, 3996 MHz, 186.05 W, 34
2026/10/08 04:09:41.794, 3, 120 MHz, 3996 MHz, 184.72 W, 34
2026/10/08 04:09:41.794, 4, 2032 MHz, 3996 MHz, 247.76 W, 41
2026/10/08 04:09:41.794, 5, 2032 MHz, 3996 MHz, 238.70 W, 38
2026/10/08 04:09:41.794, 6, 120 MHz, 3996 MHz, 186.78 W, 33
2026/10/08 04:09:41.794, 7, 120 MHz, 3996 MHz, 186.51 W, 32
2026/10/08 04:09:42.794, 0, 2032 MHz, 3996 MHz, 253.87 W, 48
2026/10/08 04:09:42.794, 1, 2032 MHz, 3996 MHz, 259.51 W, 50
2026/10/08 04:09:42.794, 2, 120 MHz, 3996 MHz, 186.05 W, 34
2026/10/08 04:09:42.794, 3, 120 MHz, 3996 MHz, 184.88 W, 34
2026/10/08 04:09:42.794, 4, 2032 MHz, 3996 MHz, 247.56 W, 41
2026/10/08 04:09:42.794, 5, 2032 MHz, 3996 MHz, 238.80 W, 38
2026/10/08 04:09:42.794, 6, 120 MHz, 3996 MHz, 186.78 W, 33
2026/10/08 04:09:42.795, 7, 120 MHz, 3996 MHz, 186.54 W, 32
2026/10/08 04:09:43.795, 0, 2032 MHz, 3996 MHz, 253.79 W, 47
2026/10/08 04:09:43.795, 1, 2032 MHz, 3996 MHz, 259.51 W, 49
2026/10/08 04:09:43.795, 2, 120 MHz, 3996 MHz, 186.05 W, 34
2026/10/08 04:09:43.795, 3, 120 MHz, 3996 MHz, 185.47 W, 34
2026/10/08 04:09:43.795, 4, 2032 MHz, 3996 MHz, 247.46 W, 41
2026/10/08 04:09:43.795, 5, 2032 MHz, 3996 MHz, 238.64 W, 38
2026/10/08 04:09:43.795, 6, 120 MHz, 3996 MHz, 186.74 W, 33
2026/10/08 04:09:43.795, 7, 120 MHz, 3996 MHz, 186.51 W, 32
2026/10/08 04:09:44.795, 0, 2032 MHz, 3996 MHz, 252.98 W, 47
2026/10/08 04:09:44.795, 1, 2032 MHz, 3996 MHz, 259.16 W, 49
2026/10/08 04:09:44.795, 2, 120 MHz, 3996 MHz, 186.05 W, 34
2026/10/08 04:09:44.795, 3, 120 MHz, 3996 MHz, 185.28 W, 34
2026/10/08 04:09:44.795, 4, 2032 MHz, 3996 MHz, 247.34 W, 41
2026/10/08 04:09:44.795, 5, 2032 MHz, 3996 MHz, 238.56 W, 38
2026/10/08 04:09:44.795, 6, 120 MHz, 3996 MHz, 186.78 W, 33
2026/10/08 04:09:44.795, 7, 120 MHz, 3996 MHz, 186.55 W, 32
2026/10/08 04:09:45.795, 0, 2032 MHz, 3996 MHz, 251.97 W, 47
2026/10/08 04:09:45.795, 1, 2032 MHz, 3996 MHz, 257.80 W, 48
2026/10/08 04:09:45.795, 2, 120 MHz, 3996 MHz, 186.05 W, 34
2026/10/08 04:09:45.795, 3, 120 MHz, 3996 MHz, 184.88 W, 34
2026/10/08 04:09:45.795, 4, 2032 MHz, 3996 MHz, 246.39 W, 41
2026/10/08 04:09:45.795, 5, 2032 MHz, 3996 MHz, 238.60 W, 38
2026/10/08 04:09:45.795, 6, 120 MHz, 3996 MHz, 186.78 W, 33
2026/10/08 04:09:45.795, 7, 120 MHz, 3996 MHz, 186.55 W, 32
2026/10/08 04:09:46.796, 0, 2032 MHz, 3996 MHz, 252.67 W, 46
2026/10/08 04:09:46.796, 1, 2032 MHz, 3996 MHz, 258.97 W, 48
2026/10/08 04:09:46.796, 2, 120 MHz, 3996 MHz, 186.05 W, 34
2026/10/08 04:09:46.796, 3, 120 MHz, 3996 MHz, 185.50 W, 34
2026/10/08 04:09:46.796, 4, 2032 MHz, 3996 MHz, 246.70 W, 41
2026/10/08 04:09:46.796, 5, 2032 MHz, 3996 MHz, 238.87 W, 38
2026/10/08 04:09:46.796, 6, 120 MHz, 3996 MHz, 186.78 W, 33
2026/10/08 04:09:46.796, 7, 120 MHz, 3996 MHz, 186.54 W, 32
2026/10/08 04:09:47.796, 0, 2025 MHz, 3996 MHz, 251.07 W, 46
2026/10/08 04:09:47.796, 1, 2032 MHz, 3996 MHz, 257.57 W, 48
2026/10/08 04:09:47.796, 2, 120 MHz, 3996 MHz, 186.05 W, 34
2026/10/08 04:09:47.796, 3, 120 MHz, 3996 MHz, 185.24 W, 34
2026/10/08 04:09:47.796, 4, 2032 MHz, 3996 MHz, 246.92 W, 41
2026/10/08 04:09:47.796, 5, 2032 MHz, 3996 MHz, 238.85 W, 38
2026/10/08 04:09:47.796, 6, 120 MHz, 3996 MHz, 186.78 W, 33
2026/10/08 04:09:47.796, 7, 120 MHz, 3996 MHz, 186.53 W, 32
2026/10/08 04:09:48.796, 0, 315 MHz, 3996 MHz, 209.58 W, 45
2026/10/08 04:09:48.796, 1, 727 MHz, 3996 MHz, 235.22 W, 47
2026/10/08 04:09:48.796, 2, 120 MHz, 3996 MHz, 186.05 W, 34
2026/10/08 04:09:48.796, 3, 120 MHz, 3996 MHz, 185.23 W, 34
2026/10/08 04:09:48.796, 4, 2032 MHz, 3996 MHz, 247.00 W, 41
2026/10/08 04:09:48.796, 5, 2032 MHz, 3996 MHz, 238.73 W, 38
2026/10/08 04:09:48.796, 6, 120 MHz, 3996 MHz, 186.78 W, 33
2026/10/08 04:09:48.796, 7, 120 MHz, 3996 MHz, 186.56 W, 32
2026/10/08 04:09:49.797, 0, 525 MHz, 3996 MHz, 194.48 W, 44
2026/10/08 04:09:49.797, 1, 727 MHz, 3996 MHz, 200.02 W, 46
2026/10/08 04:09:49.797, 2, 120 MHz, 3996 MHz, 186.05 W, 34
2026/10/08 04:09:49.797, 3, 120 MHz, 3996 MHz, 184.36 W, 34
2026/10/08 04:09:49.797, 4, 2032 MHz, 3996 MHz, 247.44 W, 41
2026/10/08 04:09:49.797, 5, 2032 MHz, 3996 MHz, 239.00 W, 38
2026/10/08 04:09:49.797, 6, 120 MHz, 3996 MHz, 186.74 W, 33
2026/10/08 04:09:49.797, 7, 120 MHz, 3996 MHz, 186.54 W, 32
2026/10/08 04:09:50.797, 0, 525 MHz, 3996 MHz, 196.10 W, 44
2026/10/08 04:09:50.797, 1, 210 MHz, 3996 MHz, 197.60 W, 46
2026/10/08 04:09:50.797, 2, 120 MHz, 3996 MHz, 186.05 W, 34
2026/10/08 04:09:50.797, 3, 120 MHz, 3996 MHz, 184.32 W, 34
2026/10/08 04:09:50.797, 4, 2032 MHz, 3996 MHz, 248.37 W, 41
2026/10/08 04:09:50.797, 5, 2032 MHz, 3996 MHz, 238.91 W, 38
2026/10/08 04:09:50.797, 6, 120 MHz, 3996 MHz, 186.78 W, 33
2026/10/08 04:09:50.797, 7, 120 MHz, 3996 MHz, 186.53 W, 32
2026/10/08 04:09:51.797, 0, 120 MHz, 3996 MHz, 193.18 W, 44
2026/10/08 04:09:51.797, 1, 135 MHz, 3996 MHz, 194.05 W, 45
2026/10/08 04:09:51.797, 2, 120 MHz, 3996 MHz, 186.05 W, 34
2026/10/08 04:09:51.797, 3, 120 MHz, 3996 MHz, 184.29 W, 34
2026/10/08 04:09:51.797, 4, 2032 MHz, 3996 MHz, 248.22 W, 41
2026/10/08 04:09:51.797, 5, 2032 MHz, 3996 MHz, 238.80 W, 38
2026/10/08 04:09:51.797, 6, 120 MHz, 3996 MHz, 186.78 W, 33
2026/10/08 04:09:51.797, 7, 120 MHz, 3996 MHz, 186.54 W, 32
2026/10/08 04:09:52.797, 0, 120 MHz, 3996 MHz, 190.48 W, 43
2026/10/08 04:09:52.797, 1, 120 MHz, 3996 MHz, 194.05 W, 45
2026/10/08 04:09:52.797, 2, 120 MHz, 3996 MHz, 186.05 W, 34
2026/10/08 04:09:52.797, 3, 120 MHz, 3996 MHz, 184.32 W, 34
2026/10/08 04:09:52.797, 4, 2032 MHz, 3996 MHz, 265.70 W, 41
2026/10/08 04:09:52.797, 5, 2032 MHz, 3996 MHz, 240.10 W, 38
2026/10/08 04:09:52.797, 6, 120 MHz, 3996 MHz, 186.78 W, 33
2026/10/08 04:09:52.797, 7, 120 MHz, 3996 MHz, 186.53 W, 32
2026/10/08 04:09:53.798, 0, 120 MHz, 3996 MHz, 190.33 W, 43
2026/10/08 04:09:53.798, 1, 120 MHz, 3996 MHz, 193.54 W, 45
2026/10/08 04:09:53.798, 2, 120 MHz, 3996 MHz, 186.05 W, 34
2026/10/08 04:09:53.798, 3, 120 MHz, 3996 MHz, 184.28 W, 34
2026/10/08 04:09:53.798, 4, 2032 MHz, 3996 MHz, 246.32 W, 41
2026/10/08 04:09:53.798, 5, 2032 MHz, 3996 MHz, 239.64 W, 38
2026/10/08 04:09:53.798, 6, 120 MHz, 3996 MHz, 186.78 W, 33
2026/10/08 04:09:53.798, 7, 120 MHz, 3996 MHz, 186.53 W, 32
2026/10/08 04:09:54.798, 0, 120 MHz, 3996 MHz, 190.29 W, 43
2026/10/08 04:09:54.798, 1, 120 MHz, 3996 MHz, 192.79 W, 45
2026/10/08 04:09:54.798, 2, 120 MHz, 3996 MHz, 186.05 W, 34
2026/10/08 04:09:54.798, 3, 120 MHz, 3996 MHz, 184.21 W, 34
2026/10/08 04:09:54.798, 4, 2032 MHz, 3996 MHz, 246.28 W, 41
2026/10/08 04:09:54.798, 5, 2032 MHz, 3996 MHz, 239.07 W, 38
2026/10/08 04:09:54.798, 6, 120 MHz, 3996 MHz, 186.78 W, 33
2026/10/08 04:09:54.798, 7, 120 MHz, 3996 MHz, 186.55 W, 32
2026/10/08 04:09:55.798, 0, 120 MHz, 3996 MHz, 190.29 W, 43
2026/10/08 04:09:55.798, 1, 120 MHz, 3996 MHz, 192.14 W, 44
2026/10/08 04:09:55.798, 2, 120 MHz, 3996 MHz, 186.05 W, 34
2026/10/08 04:09:55.798, 3, 120 MHz, 3996 MHz, 184.59 W, 34
2026/10/08 04:09:55.798, 4, 2032 MHz, 3996 MHz, 246.33 W, 41
2026/10/08 04:09:55.798, 5, 2032 MHz, 3996 MHz, 256.99 W, 38
2026/10/08 04:09:55.798, 6, 120 MHz, 3996 MHz, 186.78 W, 33
2026/10/08 04:09:55.798, 7, 120 MHz, 3996 MHz, 186.55 W, 32
2026/10/08 04:09:56.799, 0, 120 MHz, 3996 MHz, 190.29 W, 42
2026/10/08 04:09:56.799, 1, 120 MHz, 3996 MHz, 192.11 W, 44
2026/10/08 04:09:56.799, 2, 120 MHz, 3996 MHz, 186.05 W, 34
2026/10/08 04:09:56.799, 3, 120 MHz, 3996 MHz, 184.13 W, 34
2026/10/08 04:09:56.799, 4, 2032 MHz, 3996 MHz, 246.28 W, 41
2026/10/08 04:09:56.799, 5, 2032 MHz, 3996 MHz, 238.57 W, 38
2026/10/08 04:09:56.799, 6, 120 MHz, 3996 MHz, 186.78 W, 33
2026/10/08 04:09:56.799, 7, 120 MHz, 3996 MHz, 186.53 W, 32
2026/10/08 04:09:57.799, 0, 120 MHz, 3996 MHz, 190.29 W, 42
2026/10/08 04:09:57.799, 1, 120 MHz, 3996 MHz, 192.11 W, 44
2026/10/08 04:09:57.799, 2, 120 MHz, 3996 MHz, 186.05 W, 34
2026/10/08 04:09:57.799, 3, 120 MHz, 3996 MHz, 184.51 W, 34
2026/10/08 04:09:57.799, 4, 2032 MHz, 3996 MHz, 246.28 W, 41
2026/10/08 04:09:57.799, 5, 2032 MHz, 3996 MHz, 238.58 W, 38
2026/10/08 04:09:57.799, 6, 120 MHz, 3996 MHz, 186.78 W, 33
2026/10/08 04:09:57.799, 7, 120 MHz, 3996 MHz, 186.54 W, 32
2026/10/08 04:09:58.799, 0, 120 MHz, 3996 MHz, 190.29 W, 42
2026/10/08 04:09:58.799, 1, 120 MHz, 3996 MHz, 192.11 W, 44
2026/10/08 04:09:58.799, 2, 120 MHz, 3996 MHz, 186.05 W, 34
2026/10/08 04:09:58.799, 3, 120 MHz, 3996 MHz, 184.66 W, 34
2026/10/08 04:09:58.799, 4, 2032 MHz, 3996 MHz, 246.32 W, 41
2026/10/08 04:09:58.799, 5, 2032 MHz, 3996 MHz, 238.55 W, 38
2026/10/08 04:09:58.799, 6, 120 MHz, 3996 MHz, 186.78 W, 33
2026/10/08 04:09:58.799, 7, 120 MHz, 3996 MHz, 186.54 W, 32
2026/10/08 04:09:59.799, 0, 120 MHz, 3996 MHz, 190.29 W, 42
2026/10/08 04:09:59.800, 1, 120 MHz, 3996 MHz, 192.11 W, 44
2026/10/08 04:09:59.800, 2, 120 MHz, 3996 MHz, 186.01 W, 34
2026/10/08 04:09:59.800, 3, 120 MHz, 3996 MHz, 184.24 W, 34
2026/10/08 04:09:59.800, 4, 2032 MHz, 3996 MHz, 246.32 W, 41
2026/10/08 04:09:59.800, 5, 2032 MHz, 3996 MHz, 238.57 W, 38
2026/10/08 04:09:59.800, 6, 120 MHz, 3996 MHz, 186.78 W, 33
2026/10/08 04:09:59.800, 7, 120 MHz, 3996 MHz, 186.54 W, 32
2026/10/08 04:10:00.800, 0, 120 MHz, 3996 MHz, 190.29 W, 42
2026/10/08 04:10:00.800, 1, 120 MHz, 3996 MHz, 192.11 W, 43
2026/10/08 04:10:00.800, 2, 120 MHz, 3996 MHz, 186.05 W, 34
2026/10/08 04:10:00.800, 3, 120 MHz, 3996 MHz, 184.09 W, 34
2026/10/08 04:10:00.800, 4, 2032 MHz, 3996 MHz, 246.28 W, 41
2026/10/08 04:10:00.800, 5, 2032 MHz, 3996 MHz, 238.47 W, 38
2026/10/08 04:10:00.800, 6, 120 MHz, 3996 MHz, 186.78 W, 33
2026/10/08 04:10:00.800, 7, 120 MHz, 3996 MHz, 186.53 W, 32
2026/10/08 04:10:01.800, 0, 120 MHz, 3996 MHz, 190.29 W, 42
2026/10/08 04:10:01.800, 1, 120 MHz, 3996 MHz, 192.11 W, 43
2026/10/08 04:10:01.800, 2, 120 MHz, 3996 MHz, 186.05 W, 34
2026/10/08 04:10:01.800, 3, 120 MHz, 3996 MHz, 184.09 W, 34
2026/10/08 04:10:01.800, 4, 2032 MHz, 3996 MHz, 246.28 W, 41
2026/10/08 04:10:01.800, 5, 2032 MHz, 3996 MHz, 238.51 W, 38
2026/10/08 04:10:01.800, 6, 120 MHz, 3996 MHz, 186.78 W, 33
2026/10/08 04:10:01.800, 7, 120 MHz, 3996 MHz, 186.53 W, 32
2026/10/08 04:10:02.800, 0, 120 MHz, 3996 MHz, 190.29 W, 41
2026/10/08 04:10:02.800, 1, 120 MHz, 3996 MHz, 192.11 W, 43
2026/10/08 04:10:02.800, 2, 120 MHz, 3996 MHz, 186.05 W, 34
2026/10/08 04:10:02.800, 3, 120 MHz, 3996 MHz, 184.09 W, 34
2026/10/08 04:10:02.800, 4, 2032 MHz, 3996 MHz, 246.36 W, 41
2026/10/08 04:10:02.800, 5, 2032 MHz, 3996 MHz, 238.57 W, 38
2026/10/08 04:10:02.800, 6, 120 MHz, 3996 MHz, 186.78 W, 33
2026/10/08 04:10:02.800, 7, 120 MHz, 3996 MHz, 186.54 W, 32
2026/10/08 04:10:03.801, 0, 120 MHz, 3996 MHz, 190.29 W, 41
2026/10/08 04:10:03.801, 1, 120 MHz, 3996 MHz, 192.11 W, 43
2026/10/08 04:10:03.801, 2, 120 MHz, 3996 MHz, 186.05 W, 34
2026/10/08 04:10:03.801, 3, 120 MHz, 3996 MHz, 184.09 W, 34
2026/10/08 04:10:03.801, 4, 2032 MHz, 3996 MHz, 246.28 W, 41
2026/10/08 04:10:03.801, 5, 2032 MHz, 3996 MHz, 238.49 W, 38
2026/10/08 04:10:03.801, 6, 120 MHz, 3996 MHz, 186.78 W, 33
2026/10/08 04:10:03.801, 7, 120 MHz, 3996 MHz, 186.53 W, 32
2026/10/08 04:10:04.801, 0, 120 MHz, 3996 MHz, 190.29 W, 41
2026/10/08 04:10:04.801, 1, 120 MHz, 3996 MHz, 192.11 W, 43
2026/10/08 04:10:04.801, 2, 120 MHz, 3996 MHz, 186.01 W, 34
2026/10/08 04:10:04.801, 3, 120 MHz, 3996 MHz, 184.09 W, 34
2026/10/08 04:10:04.801, 4, 2032 MHz, 3996 MHz, 246.28 W, 41
2026/10/08 04:10:04.801, 5, 2032 MHz, 3996 MHz, 238.54 W, 38
2026/10/08 04:10:04.801, 6, 120 MHz, 3996 MHz, 186.78 W, 33
2026/10/08 04:10:04.801, 7, 120 MHz, 3996 MHz, 186.53 W, 33
2026/10/08 04:10:05.801, 0, 120 MHz, 3996 MHz, 190.29 W, 41
2026/10/08 04:10:05.801, 1, 120 MHz, 3996 MHz, 192.11 W, 43
2026/10/08 04:10:05.801, 2, 120 MHz, 3996 MHz, 186.01 W, 34
2026/10/08 04:10:05.801, 3, 120 MHz, 3996 MHz, 184.09 W, 34
2026/10/08 04:10:05.801, 4, 2032 MHz, 3996 MHz, 246.28 W, 41
2026/10/08 04:10:05.801, 5, 2032 MHz, 3996 MHz, 238.49 W, 38
2026/10/08 04:10:05.801, 6, 120 MHz, 3996 MHz, 186.78 W, 33
2026/10/08 04:10:05.801, 7, 120 MHz, 3996 MHz, 186.53 W, 33
2026/10/08 04:10:06.802, 0, 120 MHz, 3996 MHz, 190.29 W, 41
2026/10/08 04:10:06.802, 1, 120 MHz, 3996 MHz, 192.11 W, 43
2026/10/08 04:10:06.802, 2, 120 MHz, 3996 MHz, 186.01 W, 34
2026/10/08 04:10:06.802, 3, 120 MHz, 3996 MHz, 184.10 W, 34
2026/10/08 04:10:06.802, 4, 2032 MHz, 3996 MHz, 246.28 W, 41
2026/10/08 04:10:06.802, 5, 2032 MHz, 3996 MHz, 238.51 W, 39
2026/10/08 04:10:06.802, 6, 120 MHz, 3996 MHz, 186.78 W, 33
2026/10/08 04:10:06.802, 7, 120 MHz, 3996 MHz, 186.54 W, 32
2026/10/08 04:10:07.802, 0, 120 MHz, 3996 MHz, 190.29 W, 41
2026/10/08 04:10:07.802, 1, 120 MHz, 3996 MHz, 192.11 W, 43
2026/10/08 04:10:07.802, 2, 120 MHz, 3996 MHz, 185.97 W, 34
2026/10/08 04:10:07.802, 3, 120 MHz, 3996 MHz, 184.09 W, 34
2026/10/08 04:10:07.802, 4, 2032 MHz, 3996 MHz, 246.28 W, 41
2026/10/08 04:10:07.802, 5, 2032 MHz, 3996 MHz, 238.65 W, 39
2026/10/08 04:10:07.802, 6, 120 MHz, 3996 MHz, 186.78 W, 33
2026/10/08 04:10:07.802, 7, 120 MHz, 3996 MHz, 186.53 W, 33
2026/10/08 04:10:08.802, 0, 120 MHz, 3996 MHz, 190.29 W, 41
2026/10/08 04:10:08.802, 1, 120 MHz, 3996 MHz, 192.11 W, 43
2026/10/08 04:10:08.802, 2, 120 MHz, 3996 MHz, 186.01 W, 34
2026/10/08 04:10:08.802, 3, 120 MHz, 3996 MHz, 184.09 W, 34
2026/10/08 04:10:08.802, 4, 2032 MHz, 3996 MHz, 246.32 W, 41
2026/10/08 04:10:08.802, 5, 2032 MHz, 3996 MHz, 238.56 W, 39
2026/10/08 04:10:08.802, 6, 120 MHz, 3996 MHz, 186.78 W, 33
2026/10/08 04:10:08.802, 7, 120 MHz, 3996 MHz, 186.54 W, 32
2026/10/08 04:10:09.802, 0, 120 MHz, 3996 MHz, 190.17 W, 41
2026/10/08 04:10:09.802, 1, 2032 MHz, 3996 MHz, 251.92 W, 44
2026/10/08 04:10:09.802, 2, 120 MHz, 3996 MHz, 186.01 W, 34
2026/10/08 04:10:09.802, 3, 120 MHz, 3996 MHz, 184.09 W, 34
2026/10/08 04:10:09.802, 4, 2032 MHz, 3996 MHz, 246.28 W, 41
2026/10/08 04:10:09.802, 5, 2032 MHz, 3996 MHz, 238.57 W, 39
2026/10/08 04:10:09.802, 6, 120 MHz, 3996 MHz, 186.78 W, 33
2026/10/08 04:10:09.802, 7, 120 MHz, 3996 MHz, 186.55 W, 32
2026/10/08 04:10:10.803, 0, 120 MHz, 3996 MHz, 190.17 W, 41
2026/10/08 04:10:10.803, 1, 2032 MHz, 3996 MHz, 253.99 W, 44
2026/10/08 04:10:10.803, 2, 120 MHz, 3996 MHz, 186.01 W, 34
2026/10/08 04:10:10.803, 3, 120 MHz, 3996 MHz, 184.09 W, 34
2026/10/08 04:10:10.803, 4, 2032 MHz, 3996 MHz, 246.39 W, 41
2026/10/08 04:10:10.803, 5, 2032 MHz, 3996 MHz, 238.59 W, 39
2026/10/08 04:10:10.803, 6, 120 MHz, 3996 MHz, 186.78 W, 33
2026/10/08 04:10:10.803, 7, 120 MHz, 3996 MHz, 186.55 W, 32
2026/10/08 04:10:11.803, 0, 120 MHz, 3996 MHz, 190.17 W, 41
2026/10/08 04:10:11.803, 1, 2032 MHz, 3996 MHz, 254.52 W, 44
2026/10/08 04:10:11.803, 2, 120 MHz, 3996 MHz, 186.01 W, 34
2026/10/08 04:10:11.803, 3, 120 MHz, 3996 MHz, 184.09 W, 34
2026/10/08 04:10:11.803, 4, 2032 MHz, 3996 MHz, 246.39 W, 41
2026/10/08 04:10:11.803, 5, 2032 MHz, 3996 MHz, 238.70 W, 39
2026/10/08 04:10:11.803, 6, 120 MHz, 3996 MHz, 186.78 W, 33
2026/10/08 04:10:11.803, 7, 120 MHz, 3996 MHz, 186.54 W, 32
2026/10/08 04:10:12.803, 0, 120 MHz, 3996 MHz, 190.17 W, 40
2026/10/08 04:10:12.803, 1, 2032 MHz, 3996 MHz, 255.87 W, 44
2026/10/08 04:10:12.803, 2, 120 MHz, 3996 MHz, 185.81 W, 34
2026/10/08 04:10:12.803, 3, 120 MHz, 3996 MHz, 184.09 W, 34
2026/10/08 04:10:12.803, 4, 2032 MHz, 3996 MHz, 246.35 W, 41
2026/10/08 04:10:12.803, 5, 2032 MHz, 3996 MHz, 238.69 W, 39
2026/10/08 04:10:12.803, 6, 120 MHz, 3996 MHz, 186.78 W, 33
2026/10/08 04:10:12.803, 7, 120 MHz, 3996 MHz, 186.55 W, 32
2026/10/08 04:10:13.804, 0, 2032 MHz, 3996 MHz, 217.73 W, 41
2026/10/08 04:10:13.804, 1, 2032 MHz, 3996 MHz, 255.40 W, 44
2026/10/08 04:10:13.804, 2, 120 MHz, 3996 MHz, 185.97 W, 34
2026/10/08 04:10:13.804, 3, 120 MHz, 3996 MHz, 184.09 W, 34
2026/10/08 04:10:13.804, 4, 2032 MHz, 3996 MHz, 246.39 W, 41
2026/10/08 04:10:13.804, 5, 2032 MHz, 3996 MHz, 238.86 W, 39
2026/10/08 04:10:13.804, 6, 120 MHz, 3996 MHz, 186.78 W, 33
2026/10/08 04:10:13.804, 7, 120 MHz, 3996 MHz, 186.55 W, 32
2026/10/08 04:10:14.804, 0, 2032 MHz, 3996 MHz, 246.42 W, 42
2026/10/08 04:10:14.804, 1, 2032 MHz, 3996 MHz, 272.69 W, 44
2026/10/08 04:10:14.804, 2, 120 MHz, 3996 MHz, 186.05 W, 34
2026/10/08 04:10:14.804, 3, 120 MHz, 3996 MHz, 184.09 W, 34
2026/10/08 04:10:14.804, 4, 2032 MHz, 3996 MHz, 246.39 W, 41
2026/10/08 04:10:14.804, 5, 2032 MHz, 3996 MHz, 238.76 W, 39
2026/10/08 04:10:14.804, 6, 120 MHz, 3996 MHz, 186.78 W, 33
2026/10/08 04:10:14.804, 7, 120 MHz, 3996 MHz, 186.53 W, 32
2026/10/08 04:10:15.804, 0, 2032 MHz, 3996 MHz, 246.12 W, 42
2026/10/08 04:10:15.804, 1, 2032 MHz, 3996 MHz, 253.76 W, 44
2026/10/08 04:10:15.804, 2, 120 MHz, 3996 MHz, 185.89 W, 34
2026/10/08 04:10:15.804, 3, 120 MHz, 3996 MHz, 184.09 W, 34
2026/10/08 04:10:15.804, 4, 2032 MHz, 3996 MHz, 246.39 W, 41
2026/10/08 04:10:15.804, 5, 2032 MHz, 3996 MHz, 238.72 W, 39
2026/10/08 04:10:15.804, 6, 120 MHz, 3996 MHz, 186.78 W, 33
2026/10/08 04:10:15.804, 7, 120 MHz, 3996 MHz, 186.54 W, 32
2026/10/08 04:10:16.804, 0, 2032 MHz, 3996 MHz, 248.09 W, 41
2026/10/08 04:10:16.805, 1, 2032 MHz, 3996 MHz, 253.93 W, 44
2026/10/08 04:10:16.805, 2, 120 MHz, 3996 MHz, 185.89 W, 34
2026/10/08 04:10:16.805, 3, 120 MHz, 3996 MHz, 184.09 W, 34
2026/10/08 04:10:16.805, 4, 2032 MHz, 3996 MHz, 246.39 W, 41
2026/10/08 04:10:16.805, 5, 2032 MHz, 3996 MHz, 238.75 W, 39
2026/10/08 04:10:16.805, 6, 120 MHz, 3996 MHz, 186.78 W, 33
2026/10/08 04:10:16.805, 7, 120 MHz, 3996 MHz, 186.55 W, 32
2026/10/08 04:10:17.805, 0, 2032 MHz, 3996 MHz, 247.95 W, 41
2026/10/08 04:10:17.805, 1, 2032 MHz, 3996 MHz, 253.85 W, 44
2026/10/08 04:10:17.805, 2, 120 MHz, 3996 MHz, 185.93 W, 34
2026/10/08 04:10:17.805, 3, 120 MHz, 3996 MHz, 184.09 W, 34
2026/10/08 04:10:17.805, 4, 2032 MHz, 3996 MHz, 246.43 W, 41
2026/10/08 04:10:17.805, 5, 2032 MHz, 3996 MHz, 238.63 W, 39
2026/10/08 04:10:17.805, 6, 120 MHz, 3996 MHz, 186.78 W, 33
2026/10/08 04:10:17.805, 7, 120 MHz, 3996 MHz, 186.54 W, 32
2026/10/08 04:10:18.805, 0, 2032 MHz, 3996 MHz, 247.65 W, 41
2026/10/08 04:10:18.805, 1, 2032 MHz, 3996 MHz, 268.13 W, 44
2026/10/08 04:10:18.805, 2, 120 MHz, 3996 MHz, 185.89 W, 34
2026/10/08 04:10:18.805, 3, 120 MHz, 3996 MHz, 184.09 W, 34
2026/10/08 04:10:18.805, 4, 2032 MHz, 3996 MHz, 246.35 W, 41
2026/10/08 04:10:18.805, 5, 2032 MHz, 3996 MHz, 238.67 W, 39
2026/10/08 04:10:18.805, 6, 120 MHz, 3996 MHz, 186.78 W, 33
2026/10/08 04:10:18.805, 7, 120 MHz, 3996 MHz, 186.53 W, 32
2026/10/08 04:10:19.805, 0, 2032 MHz, 3996 MHz, 265.33 W, 41
2026/10/08 04:10:19.805, 1, 2032 MHz, 3996 MHz, 271.85 W, 44
2026/10/08 04:10:19.805, 2, 120 MHz, 3996 MHz, 185.81 W, 34
2026/10/08 04:10:19.805, 3, 120 MHz, 3996 MHz, 184.09 W, 34
2026/10/08 04:10:19.805, 4, 2032 MHz, 3996 MHz, 246.32 W, 41
2026/10/08 04:10:19.805, 5, 2032 MHz, 3996 MHz, 238.68 W, 39
2026/10/08 04:10:19.805, 6, 120 MHz, 3996 MHz, 186.78 W, 33
2026/10/08 04:10:19.805, 7, 120 MHz, 3996 MHz, 186.53 W, 32
2026/10/08 04:10:20.806, 0, 2032 MHz, 3996 MHz, 246.14 W, 41
2026/10/08 04:10:20.806, 1, 2032 MHz, 3996 MHz, 262.72 W, 43
2026/10/08 04:10:20.806, 2, 120 MHz, 3996 MHz, 185.82 W, 34
2026/10/08 04:10:20.806, 3, 120 MHz, 3996 MHz, 184.09 W, 34
2026/10/08 04:10:20.806, 4, 2032 MHz, 3996 MHz, 246.35 W, 41
2026/10/08 04:10:20.806, 5, 2032 MHz, 3996 MHz, 238.61 W, 39
2026/10/08 04:10:20.806, 6, 120 MHz, 3996 MHz, 186.78 W, 33
2026/10/08 04:10:20.806, 7, 120 MHz, 3996 MHz, 186.55 W, 32
2026/10/08 04:10:21.806, 0, 2032 MHz, 3996 MHz, 247.16 W, 41
2026/10/08 04:10:21.806, 1, 2032 MHz, 3996 MHz, 257.92 W, 43
2026/10/08 04:10:21.806, 2, 120 MHz, 3996 MHz, 185.77 W, 34
2026/10/08 04:10:21.806, 3, 120 MHz, 3996 MHz, 184.09 W, 34
2026/10/08 04:10:21.806, 4, 2032 MHz, 3996 MHz, 248.92 W, 41
2026/10/08 04:10:21.806, 5, 2032 MHz, 3996 MHz, 238.78 W, 39
2026/10/08 04:10:21.806, 6, 120 MHz, 3996 MHz, 186.78 W, 33
2026/10/08 04:10:21.806, 7, 120 MHz, 3996 MHz, 186.54 W, 32
2026/10/08 04:10:22.806, 0, 2032 MHz, 3996 MHz, 247.35 W, 41
2026/10/08 04:10:22.806, 1, 2032 MHz, 3996 MHz, 260.95 W, 43
2026/10/08 04:10:22.806, 2, 120 MHz, 3996 MHz, 185.44 W, 34
2026/10/08 04:10:22.806, 3, 120 MHz, 3996 MHz, 184.09 W, 34
2026/10/08 04:10:22.806, 4, 2032 MHz, 3996 MHz, 248.14 W, 41
2026/10/08 04:10:22.806, 5, 2032 MHz, 3996 MHz, 238.84 W, 39
2026/10/08 04:10:22.806, 6, 120 MHz, 3996 MHz, 186.78 W, 33
2026/10/08 04:10:22.806, 7, 120 MHz, 3996 MHz, 186.54 W, 32
2026/10/08 04:10:23.806, 0, 2032 MHz, 3996 MHz, 259.30 W, 42
2026/10/08 04:10:23.806, 1, 2032 MHz, 3996 MHz, 253.68 W, 43
2026/10/08 04:10:23.806, 2, 120 MHz, 3996 MHz, 185.50 W, 34
2026/10/08 04:10:23.807, 3, 120 MHz, 3996 MHz, 184.09 W, 34
2026/10/08 04:10:23.807, 4, 2032 MHz, 3996 MHz, 248.10 W, 41
2026/10/08 04:10:23.807, 5, 2032 MHz, 3996 MHz, 238.69 W, 39
2026/10/08 04:10:23.807, 6, 120 MHz, 3996 MHz, 186.78 W, 33
2026/10/08 04:10:23.807, 7, 120 MHz, 3996 MHz, 186.53 W, 32
2026/10/08 04:10:24.807, 0, 2032 MHz, 3996 MHz, 266.20 W, 41
2026/10/08 04:10:24.807, 1, 2032 MHz, 3996 MHz, 253.86 W, 43
2026/10/08 04:10:24.807, 2, 120 MHz, 3996 MHz, 185.35 W, 33
2026/10/08 04:10:24.807, 3, 120 MHz, 3996 MHz, 184.09 W, 34
2026/10/08 04:10:24.807, 4, 2032 MHz, 3996 MHz, 247.75 W, 41
2026/10/08 04:10:24.807, 5, 2032 MHz, 3996 MHz, 239.47 W, 39
2026/10/08 04:10:24.807, 6, 120 MHz, 3996 MHz, 186.78 W, 33
2026/10/08 04:10:24.807, 7, 120 MHz, 3996 MHz, 186.50 W, 32
2026/10/08 04:10:25.807, 0, 2032 MHz, 3996 MHz, 256.18 W, 41
2026/10/08 04:10:25.807, 1, 2032 MHz, 3996 MHz, 253.76 W, 43
2026/10/08 04:10:25.807, 2, 120 MHz, 3996 MHz, 184.97 W, 33
2026/10/08 04:10:25.807, 3, 120 MHz, 3996 MHz, 184.05 W, 33
2026/10/08 04:10:25.807, 4, 2032 MHz, 3996 MHz, 248.14 W, 41
2026/10/08 04:10:25.807, 5, 2032 MHz, 3996 MHz, 239.15 W, 39
2026/10/08 04:10:25.807, 6, 120 MHz, 3996 MHz, 186.78 W, 33
2026/10/08 04:10:25.807, 7, 120 MHz, 3996 MHz, 186.53 W, 32
2026/10/08 04:10:26.807, 0, 2032 MHz, 3996 MHz, 251.21 W, 41
2026/10/08 04:10:26.807, 1, 2032 MHz, 3996 MHz, 254.04 W, 43
2026/10/08 04:10:26.807, 2, 120 MHz, 3996 MHz, 185.22 W, 33
2026/10/08 04:10:26.807, 3, 120 MHz, 3996 MHz, 184.09 W, 33
2026/10/08 04:10:26.807, 4, 2032 MHz, 3996 MHz, 248.18 W, 41
2026/10/08 04:10:26.807, 5, 2032 MHz, 3996 MHz, 239.21 W, 39
2026/10/08 04:10:26.807, 6, 120 MHz, 3996 MHz, 186.78 W, 33
2026/10/08 04:10:26.807, 7, 120 MHz, 3996 MHz, 186.53 W, 32
2026/10/08 04:10:27.808, 0, 2032 MHz, 3996 MHz, 252.09 W, 41
2026/10/08 04:10:27.808, 1, 2032 MHz, 3996 MHz, 262.59 W, 43
2026/10/08 04:10:27.808, 2, 120 MHz, 3996 MHz, 184.99 W, 33
2026/10/08 04:10:27.808, 3, 120 MHz, 3996 MHz, 184.09 W, 33
2026/10/08 04:10:27.808, 4, 2032 MHz, 3996 MHz, 248.07 W, 41
2026/10/08 04:10:27.808, 5, 2032 MHz, 3996 MHz, 239.20 W, 39
2026/10/08 04:10:27.808, 6, 120 MHz, 3996 MHz, 186.78 W, 33
2026/10/08 04:10:27.808, 7, 120 MHz, 3996 MHz, 186.53 W, 32
2026/10/08 04:10:28.808, 0, 2032 MHz, 3996 MHz, 248.47 W, 41
2026/10/08 04:10:28.808, 1, 2032 MHz, 3996 MHz, 253.70 W, 43
2026/10/08 04:10:28.808, 2, 120 MHz, 3996 MHz, 184.78 W, 33
2026/10/08 04:10:28.808, 3, 120 MHz, 3996 MHz, 184.09 W, 33
2026/10/08 04:10:28.808, 4, 2032 MHz, 3996 MHz, 248.18 W, 41
2026/10/08 04:10:28.808, 5, 2032 MHz, 3996 MHz, 239.59 W, 39
2026/10/08 04:10:28.808, 6, 120 MHz, 3996 MHz, 186.78 W, 33
2026/10/08 04:10:28.808, 7, 120 MHz, 3996 MHz, 186.53 W, 32
2026/10/08 04:10:29.808, 0, 2032 MHz, 3996 MHz, 246.49 W, 41
2026/10/08 04:10:29.808, 1, 2032 MHz, 3996 MHz, 253.70 W, 43
2026/10/08 04:10:29.808, 2, 120 MHz, 3996 MHz, 184.91 W, 33
2026/10/08 04:10:29.808, 3, 120 MHz, 3996 MHz, 184.09 W, 33
2026/10/08 04:10:29.808, 4, 2032 MHz, 3996 MHz, 248.18 W, 41
2026/10/08 04:10:29.808, 5, 2032 MHz, 3996 MHz, 239.27 W, 39
2026/10/08 04:10:29.808, 6, 120 MHz, 3996 MHz, 186.78 W, 33
2026/10/08 04:10:29.808, 7, 120 MHz, 3996 MHz, 186.54 W, 32
2026/10/08 04:10:30.808, 0, 2032 MHz, 3996 MHz, 246.77 W, 41
2026/10/08 04:10:30.808, 1, 2032 MHz, 3996 MHz, 253.70 W, 43
2026/10/08 04:10:30.808, 2, 120 MHz, 3996 MHz, 184.78 W, 33
2026/10/08 04:10:30.808, 3, 120 MHz, 3996 MHz, 184.09 W, 33
2026/10/08 04:10:30.808, 4, 2032 MHz, 3996 MHz, 248.10 W, 41
2026/10/08 04:10:30.808, 5, 2032 MHz, 3996 MHz, 239.17 W, 39
2026/10/08 04:10:30.808, 6, 120 MHz, 3996 MHz, 186.78 W, 33
2026/10/08 04:10:30.808, 7, 120 MHz, 3996 MHz, 186.53 W, 32
2026/10/08 04:10:31.809, 0, 2032 MHz, 3996 MHz, 246.65 W, 41
2026/10/08 04:10:31.809, 1, 2032 MHz, 3996 MHz, 253.70 W, 43
2026/10/08 04:10:31.809, 2, 120 MHz, 3996 MHz, 184.70 W, 33
2026/10/08 04:10:31.809, 3, 120 MHz, 3996 MHz, 184.09 W, 33
2026/10/08 04:10:31.809, 4, 2032 MHz, 3996 MHz, 248.18 W, 41
2026/10/08 04:10:31.809, 5, 2032 MHz, 3996 MHz, 238.90 W, 39
2026/10/08 04:10:31.809, 6, 120 MHz, 3996 MHz, 186.78 W, 33
2026/10/08 04:10:31.809, 7, 120 MHz, 3996 MHz, 186.49 W, 32
2026/10/08 04:10:32.809, 0, 2032 MHz, 3996 MHz, 254.92 W, 41
2026/10/08 04:10:32.809, 1, 2032 MHz, 3996 MHz, 253.68 W, 43
2026/10/08 04:10:32.809, 2, 120 MHz, 3996 MHz, 184.67 W, 33
2026/10/08 04:10:32.809, 3, 120 MHz, 3996 MHz, 184.09 W, 33
2026/10/08 04:10:32.809, 4, 2032 MHz, 3996 MHz, 248.14 W, 41
2026/10/08 04:10:32.809, 5, 2032 MHz, 3996 MHz, 239.18 W, 39
2026/10/08 04:10:32.809, 6, 120 MHz, 3996 MHz, 186.78 W, 33
2026/10/08 04:10:32.809, 7, 120 MHz, 3996 MHz, 186.46 W, 32
2026/10/08 04:10:33.809, 0, 2032 MHz, 3996 MHz, 254.10 W, 41
2026/10/08 04:10:33.809, 1, 2032 MHz, 3996 MHz, 259.86 W, 43
2026/10/08 04:10:33.809, 2, 120 MHz, 3996 MHz, 184.25 W, 33
2026/10/08 04:10:33.809, 3, 120 MHz, 3996 MHz, 184.09 W, 33
2026/10/08 04:10:33.809, 4, 2032 MHz, 3996 MHz, 248.02 W, 41
2026/10/08 04:10:33.809, 5, 2032 MHz, 3996 MHz, 239.22 W, 39
2026/10/08 04:10:33.809, 6, 120 MHz, 3996 MHz, 186.78 W, 33
2026/10/08 04:10:33.809, 7, 120 MHz, 3996 MHz, 186.46 W, 32
2026/10/08 04:10:34.810, 0, 2032 MHz, 3996 MHz, 246.19 W, 41
2026/10/08 04:10:34.810, 1, 2032 MHz, 3996 MHz, 253.70 W, 43
2026/10/08 04:10:34.810, 2, 120 MHz, 3996 MHz, 184.21 W, 33
2026/10/08 04:10:34.810, 3, 120 MHz, 3996 MHz, 184.09 W, 33
2026/10/08 04:10:34.810, 4, 2032 MHz, 3996 MHz, 248.14 W, 41
2026/10/08 04:10:34.810, 5, 2032 MHz, 3996 MHz, 238.87 W, 39
2026/10/08 04:10:34.810, 6, 120 MHz, 3996 MHz, 186.74 W, 33
2026/10/08 04:10:34.810, 7, 120 MHz, 3996 MHz, 186.38 W, 32
2026/10/08 04:10:35.810, 0, 2032 MHz, 3996 MHz, 246.16 W, 41
2026/10/08 04:10:35.810, 1, 2032 MHz, 3996 MHz, 253.70 W, 43
2026/10/08 04:10:35.810, 2, 120 MHz, 3996 MHz, 184.24 W, 33
2026/10/08 04:10:35.810, 3, 120 MHz, 3996 MHz, 184.01 W, 33
2026/10/08 04:10:35.810, 4, 2032 MHz, 3996 MHz, 248.14 W, 41
2026/10/08 04:10:35.810, 5, 2032 MHz, 3996 MHz, 239.07 W, 39
2026/10/08 04:10:35.810, 6, 120 MHz, 3996 MHz, 186.78 W, 33
2026/10/08 04:10:35.810, 7, 120 MHz, 3996 MHz, 186.38 W, 32
2026/10/08 04:10:36.810, 0, 2032 MHz, 3996 MHz, 246.15 W, 41
2026/10/08 04:10:36.810, 1, 2032 MHz, 3996 MHz, 253.70 W, 43
2026/10/08 04:10:36.810, 2, 120 MHz, 3996 MHz, 184.28 W, 33
2026/10/08 04:10:36.810, 3, 120 MHz, 3996 MHz, 184.07 W, 33
2026/10/08 04:10:36.810, 4, 2032 MHz, 3996 MHz, 248.97 W, 41
2026/10/08 04:10:36.810, 5, 2032 MHz, 3996 MHz, 239.09 W, 39
2026/10/08 04:10:36.810, 6, 120 MHz, 3996 MHz, 186.78 W, 33
2026/10/08 04:10:36.810, 7, 120 MHz, 3996 MHz, 186.34 W, 32
2026/10/08 04:10:37.811, 0, 2032 MHz, 3996 MHz, 246.12 W, 40
2026/10/08 04:10:37.811, 1, 2032 MHz, 3996 MHz, 253.70 W, 43
2026/10/08 04:10:37.811, 2, 120 MHz, 3996 MHz, 184.17 W, 33
2026/10/08 04:10:37.811, 3, 120 MHz, 3996 MHz, 184.02 W, 33
2026/10/08 04:10:37.811, 4, 2032 MHz, 3996 MHz, 248.22 W, 41
2026/10/08 04:10:37.811, 5, 2032 MHz, 3996 MHz, 238.94 W, 39
2026/10/08 04:10:37.811, 6, 120 MHz, 3996 MHz, 186.66 W, 33
2026/10/08 04:10:37.811, 7, 120 MHz, 3996 MHz, 186.40 W, 31
2026/10/08 04:10:38.811, 0, 2032 MHz, 3996 MHz, 246.12 W, 40
2026/10/08 04:10:38.811, 1, 2032 MHz, 3996 MHz, 253.70 W, 43
2026/10/08 04:10:38.811, 2, 120 MHz, 3996 MHz, 184.09 W, 33
2026/10/08 04:10:38.811, 3, 120 MHz, 3996 MHz, 183.98 W, 33
2026/10/08 04:10:38.811, 4, 2032 MHz, 3996 MHz, 248.22 W, 41
2026/10/08 04:10:38.811, 5, 2032 MHz, 3996 MHz, 239.17 W, 39
2026/10/08 04:10:38.811, 6, 120 MHz, 3996 MHz, 186.74 W, 33
2026/10/08 04:10:38.811, 7, 120 MHz, 3996 MHz, 186.40 W, 31
2026/10/08 04:10:39.811, 0, 1882 MHz, 3996 MHz, 530.15 W, 56
2026/10/08 04:10:39.811, 1, 2032 MHz, 3996 MHz, 767.77 W, 47
2026/10/08 04:10:39.811, 2, 120 MHz, 3996 MHz, 184.09 W, 33
2026/10/08 04:10:39.811, 3, 120 MHz, 3996 MHz, 183.76 W, 33
2026/10/08 04:10:39.811, 4, 2032 MHz, 3996 MHz, 248.22 W, 41
2026/10/08 04:10:39.811, 5, 2032 MHz, 3996 MHz, 239.93 W, 39
2026/10/08 04:10:39.811, 6, 120 MHz, 3996 MHz, 186.74 W, 32
2026/10/08 04:10:39.811, 7, 120 MHz, 3996 MHz, 186.26 W, 31
2026/10/08 04:10:40.812, 0, 2032 MHz, 3996 MHz, 482.83 W, 43
2026/10/08 04:10:40.812, 1, 1290 MHz, 3996 MHz, 357.26 W, 55
2026/10/08 04:10:40.812, 2, 120 MHz, 3996 MHz, 184.09 W, 33
2026/10/08 04:10:40.812, 3, 120 MHz, 3996 MHz, 183.97 W, 33
2026/10/08 04:10:40.812, 4, 2032 MHz, 3996 MHz, 248.22 W, 41
2026/10/08 04:10:40.812, 5, 2032 MHz, 3996 MHz, 240.37 W, 39
2026/10/08 04:10:40.812, 6, 120 MHz, 3996 MHz, 186.70 W, 32
2026/10/08 04:10:40.812, 7, 120 MHz, 3996 MHz, 186.32 W, 31
2026/10/08 04:10:41.812, 0, 1312 MHz, 3996 MHz, 698.22 W, 56
2026/10/08 04:10:41.812, 1, 1282 MHz, 3996 MHz, 1094.77 W, 60
2026/10/08 04:10:41.812, 2, 120 MHz, 3996 MHz, 184.09 W, 33
2026/10/08 04:10:41.812, 3, 120 MHz, 3996 MHz, 183.68 W, 32
2026/10/08 04:10:41.812, 4, 2032 MHz, 3996 MHz, 248.22 W, 41
2026/10/08 04:10:41.812, 5, 2032 MHz, 3996 MHz, 240.26 W, 39
2026/10/08 04:10:41.812, 6, 120 MHz, 3996 MHz, 186.74 W, 32
2026/10/08 04:10:41.812, 7, 120 MHz, 3996 MHz, 186.24 W, 31
2026/10/08 04:10:42.812, 0, 1320 MHz, 3996 MHz, 1087.09 W, 59
2026/10/08 04:10:42.812, 1, 1275 MHz, 3996 MHz, 1085.69 W, 61
2026/10/08 04:10:42.812, 2, 120 MHz, 3996 MHz, 184.09 W, 32
2026/10/08 04:10:42.812, 3, 120 MHz, 3996 MHz, 183.98 W, 32
2026/10/08 04:10:42.812, 4, 2032 MHz, 3996 MHz, 248.22 W, 41
2026/10/08 04:10:42.812, 5, 2032 MHz, 3996 MHz, 240.04 W, 39
2026/10/08 04:10:42.812, 6, 120 MHz, 3996 MHz, 186.55 W, 32
2026/10/08 04:10:42.812, 7, 120 MHz, 3996 MHz, 186.08 W, 31
2026/10/08 04:10:43.812, 0, 1320 MHz, 3996 MHz, 1084.69 W, 59
2026/10/08 04:10:43.812, 1, 1297 MHz, 3996 MHz, 1090.06 W, 61
2026/10/08 04:10:43.812, 2, 120 MHz, 3996 MHz, 184.09 W, 32
2026/10/08 04:10:43.812, 3, 120 MHz, 3996 MHz, 183.76 W, 32
2026/10/08 04:10:43.812, 4, 2032 MHz, 3996 MHz, 268.69 W, 41
2026/10/08 04:10:43.812, 5, 2032 MHz, 3996 MHz, 239.68 W, 39
2026/10/08 04:10:43.812, 6, 120 MHz, 3996 MHz, 186.66 W, 32
2026/10/08 04:10:43.812, 7, 120 MHz, 3996 MHz, 186.01 W, 31
2026/10/08 04:10:44.813, 0, 1297 MHz, 3996 MHz, 1086.78 W, 60
2026/10/08 04:10:44.813, 1, 1305 MHz, 3996 MHz, 1085.73 W, 62
2026/10/08 04:10:44.813, 2, 120 MHz, 3996 MHz, 184.09 W, 32
2026/10/08 04:10:44.813, 3, 120 MHz, 3996 MHz, 183.71 W, 32
2026/10/08 04:10:44.813, 4, 2032 MHz, 3996 MHz, 247.72 W, 41
2026/10/08 04:10:44.813, 5, 2032 MHz, 3996 MHz, 240.02 W, 39
2026/10/08 04:10:44.813, 6, 120 MHz, 3996 MHz, 186.66 W, 32
2026/10/08 04:10:44.813, 7, 120 MHz, 3996 MHz, 185.69 W, 31
2026/10/08 04:10:45.813, 0, 1305 MHz, 3996 MHz, 1083.61 W, 60
2026/10/08 04:10:45.813, 1, 1297 MHz, 3996 MHz, 1087.72 W, 62
2026/10/08 04:10:45.813, 2, 120 MHz, 3996 MHz, 184.09 W, 32
2026/10/08 04:10:45.813, 3, 120 MHz, 3996 MHz, 183.56 W, 32
2026/10/08 04:10:45.813, 4, 2032 MHz, 3996 MHz, 264.94 W, 41
2026/10/08 04:10:45.813, 5, 2032 MHz, 3996 MHz, 243.95 W, 39
2026/10/08 04:10:45.813, 6, 120 MHz, 3996 MHz, 186.35 W, 32
2026/10/08 04:10:45.813, 7, 120 MHz, 3996 MHz, 185.44 W, 31
2026/10/08 04:10:46.813, 0, 1312 MHz, 3996 MHz, 1083.62 W, 60
2026/10/08 04:10:46.813, 1, 1297 MHz, 3996 MHz, 1083.21 W, 62
2026/10/08 04:10:46.813, 2, 120 MHz, 3996 MHz, 184.09 W, 32
2026/10/08 04:10:46.813, 3, 120 MHz, 3996 MHz, 183.48 W, 32
2026/10/08 04:10:46.813, 4, 2032 MHz, 3996 MHz, 248.14 W, 41
2026/10/08 04:10:46.813, 5, 2032 MHz, 3996 MHz, 239.70 W, 39
2026/10/08 04:10:46.813, 6, 120 MHz, 3996 MHz, 186.21 W, 32
2026/10/08 04:10:46.813, 7, 120 MHz, 3996 MHz, 185.88 W, 31
2026/10/08 04:10:47.813, 0, 1342 MHz, 3996 MHz, 1087.44 W, 61
2026/10/08 04:10:47.814, 1, 1320 MHz, 3996 MHz, 1088.25 W, 62
2026/10/08 04:10:47.814, 2, 120 MHz, 3996 MHz, 184.09 W, 32
2026/10/08 04:10:47.814, 3, 120 MHz, 3996 MHz, 183.75 W, 32
2026/10/08 04:10:47.814, 4, 2032 MHz, 3996 MHz, 248.16 W, 41
2026/10/08 04:10:47.814, 5, 2032 MHz, 3996 MHz, 257.07 W, 39
2026/10/08 04:10:47.814, 6, 120 MHz, 3996 MHz, 186.32 W, 32
2026/10/08 04:10:47.814, 7, 120 MHz, 3996 MHz, 185.82 W, 31
2026/10/08 04:10:48.814, 0, 1327 MHz, 3996 MHz, 1084.73 W, 61
2026/10/08 04:10:48.814, 1, 1312 MHz, 3996 MHz, 1088.78 W, 63
2026/10/08 04:10:48.814, 2, 120 MHz, 3996 MHz, 184.09 W, 32
2026/10/08 04:10:48.814, 3, 120 MHz, 3996 MHz, 183.42 W, 32
2026/10/08 04:10:48.814, 4, 2032 MHz, 3996 MHz, 248.22 W, 41
2026/10/08 04:10:48.814, 5, 2032 MHz, 3996 MHz, 239.91 W, 39
2026/10/08 04:10:48.814, 6, 120 MHz, 3996 MHz, 186.11 W, 32
2026/10/08 04:10:48.814, 7, 120 MHz, 3996 MHz, 185.33 W, 31
2026/10/08 04:10:49.814, 0, 1327 MHz, 3996 MHz, 1085.36 W, 61
2026/10/08 04:10:49.814, 1, 1507 MHz, 3996 MHz, 1082.32 W, 62
2026/10/08 04:10:49.814, 2, 120 MHz, 3996 MHz, 184.09 W, 32
2026/10/08 04:10:49.814, 3, 120 MHz, 3996 MHz, 183.58 W, 32
2026/10/08 04:10:49.814, 4, 2032 MHz, 3996 MHz, 247.91 W, 41
2026/10/08 04:10:49.814, 5, 2032 MHz, 3996 MHz, 240.03 W, 39
2026/10/08 04:10:49.814, 6, 120 MHz, 3996 MHz, 185.92 W, 32
2026/10/08 04:10:49.814, 7, 120 MHz, 3996 MHz, 184.97 W, 31
2026/10/08 04:10:50.814, 0, 2032 MHz, 3996 MHz, 1063.46 W, 57
2026/10/08 04:10:50.814, 1, 2017 MHz, 3996 MHz, 1079.15 W, 59
2026/10/08 04:10:50.814, 2, 120 MHz, 3996 MHz, 184.09 W, 32
2026/10/08 04:10:50.814, 3, 120 MHz, 3996 MHz, 183.15 W, 32
2026/10/08 04:10:50.814, 4, 2032 MHz, 3996 MHz, 247.76 W, 41
2026/10/08 04:10:50.814, 5, 2032 MHz, 3996 MHz, 240.28 W, 39
2026/10/08 04:10:50.815, 6, 120 MHz, 3996 MHz, 186.09 W, 32
2026/10/08 04:10:50.815, 7, 120 MHz, 3996 MHz, 185.15 W, 31
2026/10/08 04:10:51.815, 0, 2032 MHz, 3996 MHz, 1092.59 W, 57
2026/10/08 04:10:51.815, 1, 2017 MHz, 3996 MHz, 1093.86 W, 59
2026/10/08 04:10:51.815, 2, 120 MHz, 3996 MHz, 184.09 W, 32
2026/10/08 04:10:51.815, 3, 120 MHz, 3996 MHz, 183.05 W, 32
2026/10/08 04:10:51.815, 4, 2032 MHz, 3996 MHz, 247.00 W, 41
2026/10/08 04:10:51.815, 5, 2032 MHz, 3996 MHz, 239.98 W, 39
2026/10/08 04:10:51.815, 6, 120 MHz, 3996 MHz, 185.73 W, 32
2026/10/08 04:10:51.815, 7, 120 MHz, 3996 MHz, 185.01 W, 31
2026/10/08 04:10:52.815, 0, 2032 MHz, 3996 MHz, 1092.44 W, 57
2026/10/08 04:10:52.815, 1, 2017 MHz, 3996 MHz, 1093.12 W, 59
2026/10/08 04:10:52.815, 2, 120 MHz, 3996 MHz, 184.09 W, 32
2026/10/08 04:10:52.815, 3, 120 MHz, 3996 MHz, 182.89 W, 32
2026/10/08 04:10:52.815, 4, 2032 MHz, 3996 MHz, 247.21 W, 41
2026/10/08 04:10:52.815, 5, 2032 MHz, 3996 MHz, 239.59 W, 39
2026/10/08 04:10:52.815, 6, 120 MHz, 3996 MHz, 185.34 W, 32
2026/10/08 04:10:52.815, 7, 120 MHz, 3996 MHz, 185.14 W, 31
2026/10/08 04:10:53.815, 0, 2032 MHz, 3996 MHz, 1091.99 W, 58
2026/10/08 04:10:53.815, 1, 2010 MHz, 3996 MHz, 1094.29 W, 60
2026/10/08 04:10:53.816, 2, 120 MHz, 3996 MHz, 184.09 W, 32
2026/10/08 04:10:53.816, 3, 120 MHz, 3996 MHz, 182.97 W, 32
2026/10/08 04:10:53.816, 4, 2032 MHz, 3996 MHz, 246.62 W, 41
2026/10/08 04:10:53.816, 5, 2032 MHz, 3996 MHz, 239.41 W, 39
2026/10/08 04:10:53.816, 6, 120 MHz, 3996 MHz, 185.40 W, 32
2026/10/08 04:10:53.816, 7, 120 MHz, 3996 MHz, 186.31 W, 31
2026/10/08 04:10:54.816, 0, 2032 MHz, 3996 MHz, 1092.43 W, 58
2026/10/08 04:10:54.816, 1, 2002 MHz, 3996 MHz, 1093.06 W, 60
2026/10/08 04:10:54.816, 2, 120 MHz, 3996 MHz, 184.09 W, 32
2026/10/08 04:10:54.816, 3, 120 MHz, 3996 MHz, 183.00 W, 32
2026/10/08 04:10:54.816, 4, 2032 MHz, 3996 MHz, 246.39 W, 41
2026/10/08 04:10:54.816, 5, 2032 MHz, 3996 MHz, 238.99 W, 39
2026/10/08 04:10:54.816, 6, 120 MHz, 3996 MHz, 185.30 W, 32
2026/10/08 04:10:54.816, 7, 120 MHz, 3996 MHz, 186.53 W, 31
2026/10/08 04:10:55.816, 0, 2032 MHz, 3996 MHz, 1092.44 W, 58
2026/10/08 04:10:55.816, 1, 2010 MHz, 3996 MHz, 1094.44 W, 60
2026/10/08 04:10:55.816, 2, 120 MHz, 3996 MHz, 184.09 W, 32
2026/10/08 04:10:55.816, 3, 120 MHz, 3996 MHz, 182.52 W, 32
2026/10/08 04:10:55.816, 4, 2032 MHz, 3996 MHz, 246.47 W, 41
2026/10/08 04:10:55.816, 5, 2032 MHz, 3996 MHz, 239.03 W, 39
2026/10/08 04:10:55.816, 6, 120 MHz, 3996 MHz, 185.23 W, 32
2026/10/08 04:10:55.816, 7, 120 MHz, 3996 MHz, 186.46 W, 30
2026/10/08 04:10:56.816, 0, 2032 MHz, 3996 MHz, 1093.59 W, 58
2026/10/08 04:10:56.817, 1, 2002 MHz, 3996 MHz, 1091.87 W, 60
2026/10/08 04:10:56.817, 2, 120 MHz, 3996 MHz, 184.09 W, 32
2026/10/08 04:10:56.817, 3, 120 MHz, 3996 MHz, 182.65 W, 32
2026/10/08 04:10:56.817, 4, 2032 MHz, 3996 MHz, 246.35 W, 41
2026/10/08 04:10:56.817, 5, 2032 MHz, 3996 MHz, 238.84 W, 39
2026/10/08 04:10:56.817, 6, 120 MHz, 3996 MHz, 185.10 W, 32
2026/10/08 04:10:56.817, 7, 120 MHz, 3996 MHz, 186.49 W, 30
2026/10/08 04:10:57.817, 0, 2025 MHz, 3996 MHz, 1093.59 W, 58
2026/10/08 04:10:57.817, 1, 2010 MHz, 3996 MHz, 1091.06 W, 60
2026/10/08 04:10:57.817, 2, 120 MHz, 3996 MHz, 184.09 W, 31
2026/10/08 04:10:57.817, 3, 120 MHz, 3996 MHz, 182.60 W, 31
2026/10/08 04:10:57.817, 4, 2032 MHz, 3996 MHz, 246.32 W, 41
2026/10/08 04:10:57.817, 5, 2032 MHz, 3996 MHz, 238.81 W, 39
2026/10/08 04:10:57.817, 6, 120 MHz, 3996 MHz, 185.85 W, 32
2026/10/08 04:10:57.817, 7, 120 MHz, 3996 MHz, 186.49 W, 30
2026/10/08 04:10:58.817, 0, 2025 MHz, 3996 MHz, 1094.26 W, 59
2026/10/08 04:10:58.817, 1, 2010 MHz, 3996 MHz, 1092.34 W, 61
2026/10/08 04:10:58.817, 2, 120 MHz, 3996 MHz, 184.09 W, 31
2026/10/08 04:10:58.817, 3, 120 MHz, 3996 MHz, 182.41 W, 31
2026/10/08 04:10:58.817, 4, 2032 MHz, 3996 MHz, 246.32 W, 41
2026/10/08 04:10:58.817, 5, 2032 MHz, 3996 MHz, 239.00 W, 39
2026/10/08 04:10:58.817, 6, 120 MHz, 3996 MHz, 186.66 W, 31
2026/10/08 04:10:58.817, 7, 120 MHz, 3996 MHz, 186.34 W, 30
2026/10/08 04:10:59.818, 0, 2025 MHz, 3996 MHz, 1093.96 W, 59
2026/10/08 04:10:59.818, 1, 2002 MHz, 3996 MHz, 1091.25 W, 61
2026/10/08 04:10:59.818, 2, 120 MHz, 3996 MHz, 184.09 W, 31
2026/10/08 04:10:59.818, 3, 120 MHz, 3996 MHz, 182.28 W, 31
2026/10/08 04:10:59.818, 4, 2032 MHz, 3996 MHz, 246.28 W, 41
2026/10/08 04:10:59.818, 5, 2032 MHz, 3996 MHz, 238.83 W, 39
2026/10/08 04:10:59.818, 6, 120 MHz, 3996 MHz, 186.66 W, 31
2026/10/08 04:10:59.818, 7, 120 MHz, 3996 MHz, 186.15 W, 30
2026/10/08 04:11:00.818, 0, 2017 MHz, 3996 MHz, 1094.23 W, 59
2026/10/08 04:11:00.818, 1, 2002 MHz, 3996 MHz, 1091.87 W, 61
2026/10/08 04:11:00.818, 2, 120 MHz, 3996 MHz, 184.09 W, 31
2026/10/08 04:11:00.818, 3, 120 MHz, 3996 MHz, 182.28 W, 31
2026/10/08 04:11:00.818, 4, 2032 MHz, 3996 MHz, 246.43 W, 41
2026/10/08 04:11:00.818, 5, 2032 MHz, 3996 MHz, 239.11 W, 39
2026/10/08 04:11:00.818, 6, 120 MHz, 3996 MHz, 186.47 W, 31
2026/10/08 04:11:00.818, 7, 120 MHz, 3996 MHz, 185.99 W, 30
2026/10/08 04:11:01.818, 0, 2025 MHz, 3996 MHz, 1094.04 W, 59
2026/10/08 04:11:01.818, 1, 2002 MHz, 3996 MHz, 1094.05 W, 61
2026/10/08 04:11:01.818, 2, 120 MHz, 3996 MHz, 184.09 W, 31
2026/10/08 04:11:01.818, 3, 120 MHz, 3996 MHz, 182.23 W, 31
2026/10/08 04:11:01.818, 4, 2032 MHz, 3996 MHz, 246.28 W, 41
2026/10/08 04:11:01.818, 5, 2032 MHz, 3996 MHz, 238.82 W, 39
2026/10/08 04:11:01.818, 6, 120 MHz, 3996 MHz, 186.23 W, 31
2026/10/08 04:11:01.818, 7, 120 MHz, 3996 MHz, 185.95 W, 30
2026/10/08 04:11:02.819, 0, 2010 MHz, 3996 MHz, 1094.60 W, 59
2026/10/08 04:11:02.819, 1, 2002 MHz, 3996 MHz, 1091.10 W, 61
2026/10/08 04:11:02.819, 2, 120 MHz, 3996 MHz, 184.09 W, 31
2026/10/08 04:11:02.819, 3, 120 MHz, 3996 MHz, 182.21 W, 31
2026/10/08 04:11:02.819, 4, 2032 MHz, 3996 MHz, 246.32 W, 40
2026/10/08 04:11:02.819, 5, 2032 MHz, 3996 MHz, 238.58 W, 38
2026/10/08 04:11:02.819, 6, 120 MHz, 3996 MHz, 186.27 W, 31
2026/10/08 04:11:02.819, 7, 120 MHz, 3996 MHz, 185.70 W, 30
2026/10/08 04:11:03.819, 0, 2017 MHz, 3996 MHz, 1093.61 W, 59
2026/10/08 04:11:03.819, 1, 2002 MHz, 3996 MHz, 1091.94 W, 61
2026/10/08 04:11:03.819, 2, 120 MHz, 3996 MHz, 184.09 W, 31
2026/10/08 04:11:03.819, 3, 120 MHz, 3996 MHz, 182.36 W, 31
2026/10/08 04:11:03.819, 4, 2032 MHz, 3996 MHz, 246.28 W, 40
2026/10/08 04:11:03.819, 5, 2032 MHz, 3996 MHz, 238.64 W, 38
2026/10/08 04:11:03.819, 6, 120 MHz, 3996 MHz, 185.93 W, 31
2026/10/08 04:11:03.819, 7, 120 MHz, 3996 MHz, 185.35 W, 30
2026/10/08 04:11:04.819, 0, 2010 MHz, 3996 MHz, 1094.42 W, 60
2026/10/08 04:11:04.819, 1, 1995 MHz, 3996 MHz, 1091.06 W, 62
2026/10/08 04:11:04.819, 2, 120 MHz, 3996 MHz, 184.09 W, 31
2026/10/08 04:11:04.819, 3, 120 MHz, 3996 MHz, 182.30 W, 31
2026/10/08 04:11:04.819, 4, 2032 MHz, 3996 MHz, 246.28 W, 40
2026/10/08 04:11:04.820, 5, 2032 MHz, 3996 MHz, 238.81 W, 38
2026/10/08 04:11:04.820, 6, 120 MHz, 3996 MHz, 186.04 W, 31
2026/10/08 04:11:04.820, 7, 120 MHz, 3996 MHz, 185.47 W, 30
2026/10/08 04:11:05.820, 0, 2010 MHz, 3996 MHz, 1094.40 W, 60
2026/10/08 04:11:05.820, 1, 2002 MHz, 3996 MHz, 1091.27 W, 62
2026/10/08 04:11:05.820, 2, 120 MHz, 3996 MHz, 184.09 W, 31
2026/10/08 04:11:05.820, 3, 120 MHz, 3996 MHz, 182.21 W, 31
2026/10/08 04:11:05.820, 4, 2032 MHz, 3996 MHz, 246.28 W, 40
2026/10/08 04:11:05.820, 5, 2032 MHz, 3996 MHz, 238.65 W, 38
2026/10/08 04:11:05.820, 6, 120 MHz, 3996 MHz, 185.88 W, 31
2026/10/08 04:11:05.820, 7, 120 MHz, 3996 MHz, 185.20 W, 30
2026/10/08 04:11:06.820, 0, 2010 MHz, 3996 MHz, 1094.26 W, 60
2026/10/08 04:11:06.820, 1, 2002 MHz, 3996 MHz, 1091.72 W, 62
2026/10/08 04:11:06.820, 2, 120 MHz, 3996 MHz, 184.09 W, 31
2026/10/08 04:11:06.820, 3, 120 MHz, 3996 MHz, 182.66 W, 31
2026/10/08 04:11:06.820, 4, 2032 MHz, 3996 MHz, 246.28 W, 40
2026/10/08 04:11:06.820, 5, 2032 MHz, 3996 MHz, 238.71 W, 38
2026/10/08 04:11:06.820, 6, 120 MHz, 3996 MHz, 185.65 W, 31
2026/10/08 04:11:06.820, 7, 120 MHz, 3996 MHz, 185.17 W, 30
2026/10/08 04:11:07.820, 0, 2017 MHz, 3996 MHz, 1094.68 W, 60
2026/10/08 04:11:07.820, 1, 2002 MHz, 3996 MHz, 1091.18 W, 62
2026/10/08 04:11:07.820, 2, 120 MHz, 3996 MHz, 184.09 W, 31
2026/10/08 04:11:07.820, 3, 120 MHz, 3996 MHz, 182.73 W, 31
2026/10/08 04:11:07.820, 4, 2032 MHz, 3996 MHz, 246.28 W, 40
2026/10/08 04:11:07.820, 5, 2032 MHz, 3996 MHz, 238.54 W, 38
2026/10/08 04:11:07.820, 6, 120 MHz, 3996 MHz, 185.36 W, 31
2026/10/08 04:11:07.821, 7, 120 MHz, 3996 MHz, 184.86 W, 30
2026/10/08 04:11:08.821, 0, 2017 MHz, 3996 MHz, 1093.81 W, 60
2026/10/08 04:11:08.821, 1, 1995 MHz, 3996 MHz, 1091.97 W, 62
2026/10/08 04:11:08.821, 2, 120 MHz, 3996 MHz, 184.09 W, 31
2026/10/08 04:11:08.821, 3, 120 MHz, 3996 MHz, 182.85 W, 31
2026/10/08 04:11:08.821, 4, 2032 MHz, 3996 MHz, 246.28 W, 40
2026/10/08 04:11:08.821, 5, 2032 MHz, 3996 MHz, 238.74 W, 38
2026/10/08 04:11:08.821, 6, 120 MHz, 3996 MHz, 185.29 W, 31
2026/10/08 04:11:08.821, 7, 120 MHz, 3996 MHz, 184.97 W, 30
2026/10/08 04:11:09.821, 0, 2010 MHz, 3996 MHz, 1091.71 W, 60
2026/10/08 04:11:09.821, 1, 1995 MHz, 3996 MHz, 1090.67 W, 62
2026/10/08 04:11:09.821, 2, 120 MHz, 3996 MHz, 184.09 W, 31
2026/10/08 04:11:09.821, 3, 120 MHz, 3996 MHz, 182.97 W, 31
2026/10/08 04:11:09.821, 4, 2032 MHz, 3996 MHz, 246.28 W, 40
2026/10/08 04:11:09.821, 5, 2032 MHz, 3996 MHz, 238.60 W, 38
2026/10/08 04:11:09.821, 6, 120 MHz, 3996 MHz, 185.11 W, 31
2026/10/08 04:11:09.821, 7, 120 MHz, 3996 MHz, 184.90 W, 29
2026/10/08 04:11:10.821, 0, 2017 MHz, 3996 MHz, 1091.09 W, 60
2026/10/08 04:11:10.821, 1, 2002 MHz, 3996 MHz, 1090.96 W, 62
2026/10/08 04:11:10.821, 2, 120 MHz, 3996 MHz, 184.09 W, 31
2026/10/08 04:11:10.821, 3, 120 MHz, 3996 MHz, 182.45 W, 31
2026/10/08 04:11:10.821, 4, 2032 MHz, 3996 MHz, 246.28 W, 40
2026/10/08 04:11:10.821, 5, 2032 MHz, 3996 MHz, 238.65 W, 38
2026/10/08 04:11:10.821, 6, 120 MHz, 3996 MHz, 184.95 W, 31
2026/10/08 04:11:10.821, 7, 120 MHz, 3996 MHz, 184.59 W, 29
2026/10/08 04:11:11.822, 0, 2010 MHz, 3996 MHz, 1092.47 W, 60
2026/10/08 04:11:11.822, 1, 1995 MHz, 3996 MHz, 1090.19 W, 62
2026/10/08 04:11:11.822, 2, 120 MHz, 3996 MHz, 184.09 W, 31
2026/10/08 04:11:11.822, 3, 120 MHz, 3996 MHz, 182.41 W, 31
2026/10/08 04:11:11.822, 4, 2032 MHz, 3996 MHz, 246.28 W, 40
2026/10/08 04:11:11.822, 5, 2032 MHz, 3996 MHz, 238.64 W, 38
2026/10/08 04:11:11.822, 6, 120 MHz, 3996 MHz, 185.06 W, 31
2026/10/08 04:11:11.822, 7, 120 MHz, 3996 MHz, 184.63 W, 29
2026/10/08 04:11:12.822, 0, 2017 MHz, 3996 MHz, 1092.68 W, 60
2026/10/08 04:11:12.822, 1, 1995 MHz, 3996 MHz, 1091.53 W, 62
2026/10/08 04:11:12.822, 2, 120 MHz, 3996 MHz, 184.09 W, 30
2026/10/08 04:11:12.822, 3, 120 MHz, 3996 MHz, 182.44 W, 30
2026/10/08 04:11:12.822, 4, 2032 MHz, 3996 MHz, 246.28 W, 40
2026/10/08 04:11:12.822, 5, 2032 MHz, 3996 MHz, 238.67 W, 38
2026/10/08 04:11:12.822, 6, 120 MHz, 3996 MHz, 184.83 W, 31
2026/10/08 04:11:12.822, 7, 120 MHz, 3996 MHz, 184.63 W, 29
2026/10/08 04:11:13.822, 0, 2010 MHz, 3996 MHz, 1091.68 W, 60
2026/10/08 04:11:13.822, 1, 2002 MHz, 3996 MHz, 1089.27 W, 62
2026/10/08 04:11:13.822, 2, 120 MHz, 3996 MHz, 184.09 W, 30
2026/10/08 04:11:13.822, 3, 120 MHz, 3996 MHz, 182.29 W, 30
2026/10/08 04:11:13.822, 4, 2032 MHz, 3996 MHz, 246.28 W, 40
2026/10/08 04:11:13.823, 5, 2032 MHz, 3996 MHz, 238.64 W, 38
2026/10/08 04:11:13.823, 6, 120 MHz, 3996 MHz, 184.91 W, 30
2026/10/08 04:11:13.823, 7, 120 MHz, 3996 MHz, 184.67 W, 29
2026/10/08 04:11:14.823, 0, 2032 MHz, 3996 MHz, 1091.65 W, 61
2026/10/08 04:11:14.823, 1, 2032 MHz, 3996 MHz, 1083.40 W, 62
2026/10/08 04:11:14.823, 2, 120 MHz, 3996 MHz, 184.09 W, 30
2026/10/08 04:11:14.823, 3, 120 MHz, 3996 MHz, 182.37 W, 30
2026/10/08 04:11:14.823, 4, 2032 MHz, 3996 MHz, 246.28 W, 40
2026/10/08 04:11:14.823, 5, 2032 MHz, 3996 MHz, 238.49 W, 38
2026/10/08 04:11:14.823, 6, 120 MHz, 3996 MHz, 185.02 W, 30
2026/10/08 04:11:14.823, 7, 120 MHz, 3996 MHz, 184.60 W, 29
2026/10/08 04:11:15.823, 0, 2032 MHz, 3996 MHz, 803.16 W, 52
2026/10/08 04:11:15.823, 1, 2032 MHz, 3996 MHz, 406.51 W, 52
2026/10/08 04:11:15.823, 2, 120 MHz, 3996 MHz, 184.09 W, 30
2026/10/08 04:11:15.823, 3, 120 MHz, 3996 MHz, 182.48 W, 30
2026/10/08 04:11:15.823, 4, 2032 MHz, 3996 MHz, 246.28 W, 40
2026/10/08 04:11:15.823, 5, 2032 MHz, 3996 MHz, 238.51 W, 38
2026/10/08 04:11:15.823, 6, 120 MHz, 3996 MHz, 184.83 W, 30
2026/10/08 04:11:15.823, 7, 120 MHz, 3996 MHz, 185.18 W, 29
2026/10/08 04:11:16.823, 0, 2032 MHz, 3996 MHz, 265.45 W, 49
2026/10/08 04:11:16.823, 1, 2032 MHz, 3996 MHz, 274.04 W, 51
2026/10/08 04:11:16.823, 2, 120 MHz, 3996 MHz, 184.09 W, 30
2026/10/08 04:11:16.823, 3, 120 MHz, 3996 MHz, 182.34 W, 30
2026/10/08 04:11:16.823, 4, 2032 MHz, 3996 MHz, 246.28 W, 40
2026/10/08 04:11:16.823, 5, 2032 MHz, 3996 MHz, 238.53 W, 38
2026/10/08 04:11:16.823, 6, 120 MHz, 3996 MHz, 184.83 W, 30
2026/10/08 04:11:16.823, 7, 120 MHz, 3996 MHz, 185.27 W, 29
2026/10/08 04:11:17.824, 0, 2032 MHz, 3996 MHz, 257.88 W, 48
2026/10/08 04:11:17.824, 1, 2032 MHz, 3996 MHz, 260.47 W, 50
2026/10/08 04:11:17.824, 2, 120 MHz, 3996 MHz, 184.09 W, 30
2026/10/08 04:11:17.824, 3, 120 MHz, 3996 MHz, 182.24 W, 30
2026/10/08 04:11:17.824, 4, 2032 MHz, 3996 MHz, 246.28 W, 40
2026/10/08 04:11:17.824, 5, 2032 MHz, 3996 MHz, 238.44 W, 38
2026/10/08 04:11:17.824, 6, 120 MHz, 3996 MHz, 184.99 W, 30
2026/10/08 04:11:17.824, 7, 120 MHz, 3996 MHz, 185.21 W, 29
2026/10/08 04:11:18.824, 0, 2032 MHz, 3996 MHz, 253.87 W, 47
2026/10/08 04:11:18.824, 1, 2032 MHz, 3996 MHz, 259.51 W, 49
2026/10/08 04:11:18.824, 2, 120 MHz, 3996 MHz, 184.09 W, 30
2026/10/08 04:11:18.824, 3, 120 MHz, 3996 MHz, 182.21 W, 30
2026/10/08 04:11:18.824, 4, 2032 MHz, 3996 MHz, 246.28 W, 40
2026/10/08 04:11:18.824, 5, 2032 MHz, 3996 MHz, 238.56 W, 38
2026/10/08 04:11:18.824, 6, 120 MHz, 3996 MHz, 185.61 W, 30
2026/10/08 04:11:18.824, 7, 120 MHz, 3996 MHz, 185.19 W, 29
2026/10/08 04:11:19.824, 0, 2032 MHz, 3996 MHz, 252.82 W, 47
2026/10/08 04:11:19.824, 1, 2032 MHz, 3996 MHz, 259.51 W, 49
2026/10/08 04:11:19.824, 2, 120 MHz, 3996 MHz, 184.09 W, 30
2026/10/08 04:11:19.824, 3, 120 MHz, 3996 MHz, 182.22 W, 30
2026/10/08 04:11:19.824, 4, 2032 MHz, 3996 MHz, 246.28 W, 40
2026/10/08 04:11:19.824, 5, 2032 MHz, 3996 MHz, 238.50 W, 38
2026/10/08 04:11:19.824, 6, 120 MHz, 3996 MHz, 185.48 W, 30
2026/10/08 04:11:19.824, 7, 120 MHz, 3996 MHz, 184.87 W, 29
2026/10/08 04:11:20.825, 0, 2032 MHz, 3996 MHz, 251.93 W, 46
2026/10/08 04:11:20.825, 1, 2032 MHz, 3996 MHz, 258.57 W, 48
2026/10/08 04:11:20.825, 2, 120 MHz, 3996 MHz, 184.09 W, 30
2026/10/08 04:11:20.825, 3, 120 MHz, 3996 MHz, 182.23 W, 30
2026/10/08 04:11:20.825, 4, 2032 MHz, 3996 MHz, 246.28 W, 40
2026/10/08 04:11:20.825, 5, 2032 MHz, 3996 MHz, 238.48 W, 38
2026/10/08 04:11:20.825, 6, 120 MHz, 3996 MHz, 185.22 W, 30
2026/10/08 04:11:20.825, 7, 120 MHz, 3996 MHz, 184.82 W, 29
2026/10/08 04:11:21.825, 0, 2032 MHz, 3996 MHz, 251.93 W, 46
2026/10/08 04:11:21.825, 1, 2032 MHz, 3996 MHz, 258.48 W, 48
2026/10/08 04:11:21.825, 2, 120 MHz, 3996 MHz, 184.09 W, 30
2026/10/08 04:11:21.825, 3, 120 MHz, 3996 MHz, 182.15 W, 30
2026/10/08 04:11:21.825, 4, 2032 MHz, 3996 MHz, 246.28 W, 39
2026/10/08 04:11:21.825, 5, 2032 MHz, 3996 MHz, 238.41 W, 38
2026/10/08 04:11:21.825, 6, 120 MHz, 3996 MHz, 185.02 W, 30
2026/10/08 04:11:21.825, 7, 120 MHz, 3996 MHz, 184.83 W, 29
2026/10/08 04:11:22.825, 0, 2032 MHz, 3996 MHz, 252.09 W, 45
2026/10/08 04:11:22.825, 1, 2032 MHz, 3996 MHz, 257.95 W, 48
2026/10/08 04:11:22.825, 2, 120 MHz, 3996 MHz, 184.09 W, 30
2026/10/08 04:11:22.825, 3, 120 MHz, 3996 MHz, 182.30 W, 30
2026/10/08 04:11:22.825, 4, 2032 MHz, 3996 MHz, 246.28 W, 39
2026/10/08 04:11:22.825, 5, 2032 MHz, 3996 MHz, 238.50 W, 38
2026/10/08 04:11:22.825, 6, 120 MHz, 3996 MHz, 185.07 W, 30
2026/10/08 04:11:22.825, 7, 120 MHz, 3996 MHz, 184.94 W, 29
2026/10/08 04:11:23.825, 0, 2032 MHz, 3996 MHz, 251.36 W, 45
2026/10/08 04:11:23.826, 1, 345 MHz, 3996 MHz, 215.02 W, 46
2026/10/08 04:11:23.826, 2, 120 MHz, 3996 MHz, 184.09 W, 30
2026/10/08 04:11:23.826, 3, 120 MHz, 3996 MHz, 182.58 W, 30
2026/10/08 04:11:23.826, 4, 2032 MHz, 3996 MHz, 246.28 W, 39
2026/10/08 04:11:23.826, 5, 2032 MHz, 3996 MHz, 238.36 W, 37
2026/10/08 04:11:23.826, 6, 120 MHz, 3996 MHz, 185.10 W, 30
2026/10/08 04:11:23.826, 7, 120 MHz, 3996 MHz, 184.95 W, 29
2026/10/08 04:11:24.826, 0, 352 MHz, 3996 MHz, 223.06 W, 44
2026/10/08 04:11:24.826, 1, 217 MHz, 3996 MHz, 194.14 W, 46
2026/10/08 04:11:24.826, 2, 120 MHz, 3996 MHz, 184.09 W, 30
2026/10/08 04:11:24.826, 3, 120 MHz, 3996 MHz, 182.50 W, 30
2026/10/08 04:11:24.826, 4, 2032 MHz, 3996 MHz, 246.28 W, 39
2026/10/08 04:11:24.826, 5, 2032 MHz, 3996 MHz, 238.28 W, 37
2026/10/08 04:11:24.826, 6, 120 MHz, 3996 MHz, 185.18 W, 30
2026/10/08 04:11:24.826, 7, 120 MHz, 3996 MHz, 184.78 W, 29
2026/10/08 04:11:25.826, 0, 225 MHz, 3996 MHz, 192.27 W, 43
2026/10/08 04:11:25.826, 1, 142 MHz, 3996 MHz, 193.93 W, 45
2026/10/08 04:11:25.826, 2, 120 MHz, 3996 MHz, 184.09 W, 30
2026/10/08 04:11:25.826, 3, 120 MHz, 3996 MHz, 182.83 W, 30
2026/10/08 04:11:25.826, 4, 2032 MHz, 3996 MHz, 246.28 W, 39
2026/10/08 04:11:25.826, 5, 2032 MHz, 3996 MHz, 238.43 W, 37
2026/10/08 04:11:25.826, 6, 120 MHz, 3996 MHz, 184.91 W, 30
2026/10/08 04:11:25.826, 7, 120 MHz, 3996 MHz, 184.63 W, 29
2026/10/08 04:11:26.826, 0, 142 MHz, 3996 MHz, 190.71 W, 43
2026/10/08 04:11:26.827, 1, 120 MHz, 3996 MHz, 192.65 W, 45
2026/10/08 04:11:26.827, 2, 120 MHz, 3996 MHz, 184.09 W, 30
2026/10/08 04:11:26.827, 3, 120 MHz, 3996 MHz, 182.43 W, 30
2026/10/08 04:11:26.827, 4, 2032 MHz, 3996 MHz, 246.28 W, 39
2026/10/08 04:11:26.827, 5, 2032 MHz, 3996 MHz, 238.32 W, 37
2026/10/08 04:11:26.827, 6, 120 MHz, 3996 MHz, 184.91 W, 30
2026/10/08 04:11:26.827, 7, 120 MHz, 3996 MHz, 184.62 W, 28
2026/10/08 04:11:27.827, 0, 120 MHz, 3996 MHz, 190.29 W, 43
2026/10/08 04:11:27.827, 1, 120 MHz, 3996 MHz, 192.15 W, 45
2026/10/08 04:11:27.827, 2, 120 MHz, 3996 MHz, 184.09 W, 30
2026/10/08 04:11:27.827, 3, 120 MHz, 3996 MHz, 182.38 W, 30
2026/10/08 04:11:27.827, 4, 2032 MHz, 3996 MHz, 246.28 W, 39
2026/10/08 04:11:27.827, 5, 2032 MHz, 3996 MHz, 238.31 W, 37
2026/10/08 04:11:27.827, 6, 120 MHz, 3996 MHz, 184.87 W, 30
2026/10/08 04:11:27.827, 7, 120 MHz, 3996 MHz, 184.67 W, 28
2026/10/08 04:11:28.827, 0, 120 MHz, 3996 MHz, 190.29 W, 42
2026/10/08 04:11:28.827, 1, 120 MHz, 3996 MHz, 192.11 W, 44
2026/10/08 04:11:28.827, 2, 120 MHz, 3996 MHz, 184.09 W, 30
2026/10/08 04:11:28.827, 3, 120 MHz, 3996 MHz, 182.49 W, 30
2026/10/08 04:11:28.827, 4, 2032 MHz, 3996 MHz, 246.24 W, 39
2026/10/08 04:11:28.827, 5, 2032 MHz, 3996 MHz, 238.32 W, 37
2026/10/08 04:11:28.827, 6, 120 MHz, 3996 MHz, 184.91 W, 30
2026/10/08 04:11:28.827, 7, 120 MHz, 3996 MHz, 184.67 W, 28
2026/10/08 04:11:29.827, 0, 120 MHz, 3996 MHz, 190.29 W, 42
2026/10/08 04:11:29.828, 1, 120 MHz, 3996 MHz, 192.11 W, 44
2026/10/08 04:11:29.828, 2, 120 MHz, 3996 MHz, 184.09 W, 30
2026/10/08 04:11:29.828, 3, 120 MHz, 3996 MHz, 182.29 W, 30
2026/10/08 04:11:29.828, 4, 2032 MHz, 3996 MHz, 246.20 W, 39
2026/10/08 04:11:29.828, 5, 2032 MHz, 3996 MHz, 237.95 W, 37
2026/10/08 04:11:29.828, 6, 120 MHz, 3996 MHz, 184.91 W, 30
2026/10/08 04:11:29.828, 7, 120 MHz, 3996 MHz, 184.67 W, 28
2026/10/08 04:11:30.828, 0, 120 MHz, 3996 MHz, 190.29 W, 42
2026/10/08 04:11:30.828, 1, 120 MHz, 3996 MHz, 192.11 W, 44
2026/10/08 04:11:30.828, 2, 120 MHz, 3996 MHz, 184.09 W, 30
2026/10/08 04:11:30.828, 3, 120 MHz, 3996 MHz, 182.21 W, 30
2026/10/08 04:11:30.828, 4, 2032 MHz, 3996 MHz, 246.28 W, 39
2026/10/08 04:11:30.828, 5, 2032 MHz, 3996 MHz, 238.17 W, 37
2026/10/08 04:11:30.828, 6, 120 MHz, 3996 MHz, 184.87 W, 30
2026/10/08 04:11:30.828, 7, 120 MHz, 3996 MHz, 184.61 W, 28
2026/10/08 04:11:31.828, 0, 120 MHz, 3996 MHz, 190.29 W, 41
2026/10/08 04:11:31.828, 1, 120 MHz, 3996 MHz, 192.11 W, 43
2026/10/08 04:11:31.828, 2, 120 MHz, 3996 MHz, 184.09 W, 30
2026/10/08 04:11:31.828, 3, 120 MHz, 3996 MHz, 182.33 W, 30
2026/10/08 04:11:31.828, 4, 2032 MHz, 3996 MHz, 246.13 W, 39
2026/10/08 04:11:31.828, 5, 2032 MHz, 3996 MHz, 238.07 W, 37
2026/10/08 04:11:31.828, 6, 120 MHz, 3996 MHz, 184.83 W, 30
2026/10/08 04:11:31.828, 7, 120 MHz, 3996 MHz, 184.60 W, 28
2026/10/08 04:11:32.828, 0, 120 MHz, 3996 MHz, 190.29 W, 41
2026/10/08 04:11:32.828, 1, 120 MHz, 3996 MHz, 192.11 W, 43
2026/10/08 04:11:32.828, 2, 120 MHz, 3996 MHz, 184.09 W, 30
2026/10/08 04:11:32.828, 3, 120 MHz, 3996 MHz, 182.33 W, 30
2026/10/08 04:11:32.828, 4, 2032 MHz, 3996 MHz, 246.12 W, 39
2026/10/08 04:11:32.828, 5, 2032 MHz, 3996 MHz, 238.21 W, 37
2026/10/08 04:11:32.828, 6, 120 MHz, 3996 MHz, 184.87 W, 30
2026/10/08 04:11:32.828, 7, 120 MHz, 3996 MHz, 184.62 W, 28
2026/10/08 04:11:33.829, 0, 120 MHz, 3996 MHz, 190.29 W, 41
2026/10/08 04:11:33.829, 1, 120 MHz, 3996 MHz, 192.11 W, 43
2026/10/08 04:11:33.829, 2, 120 MHz, 3996 MHz, 184.09 W, 29
2026/10/08 04:11:33.829, 3, 120 MHz, 3996 MHz, 182.34 W, 30
2026/10/08 04:11:33.829, 4, 2032 MHz, 3996 MHz, 246.20 W, 39
2026/10/08 04:11:33.829, 5, 2032 MHz, 3996 MHz, 237.70 W, 37
2026/10/08 04:11:33.829, 6, 120 MHz, 3996 MHz, 184.83 W, 29
2026/10/08 04:11:33.829, 7, 120 MHz, 3996 MHz, 184.59 W, 28
2026/10/08 04:11:34.829, 0, 120 MHz, 3996 MHz, 190.29 W, 41
2026/10/08 04:11:34.829, 1, 120 MHz, 3996 MHz, 192.11 W, 43
2026/10/08 04:11:34.829, 2, 120 MHz, 3996 MHz, 184.09 W, 29
2026/10/08 04:11:34.829, 3, 120 MHz, 3996 MHz, 182.23 W, 30
2026/10/08 04:11:34.829, 4, 2032 MHz, 3996 MHz, 246.01 W, 39
2026/10/08 04:11:34.829, 5, 2032 MHz, 3996 MHz, 238.26 W, 37
2026/10/08 04:11:34.829, 6, 120 MHz, 3996 MHz, 184.83 W, 29
2026/10/08 04:11:34.829, 7, 120 MHz, 3996 MHz, 184.62 W, 28
2026/10/08 04:11:35.829, 0, 120 MHz, 3996 MHz, 190.29 W, 40
2026/10/08 04:11:35.829, 1, 120 MHz, 3996 MHz, 192.11 W, 42
2026/10/08 04:11:35.829, 2, 120 MHz, 3996 MHz, 184.09 W, 29
2026/10/08 04:11:35.829, 3, 120 MHz, 3996 MHz, 182.27 W, 29
2026/10/08 04:11:35.829, 4, 2032 MHz, 3996 MHz, 245.73 W, 39
2026/10/08 04:11:35.829, 5, 2032 MHz, 3996 MHz, 238.15 W, 37
2026/10/08 04:11:35.829, 6, 120 MHz, 3996 MHz, 184.83 W, 29
2026/10/08 04:11:35.829, 7, 120 MHz, 3996 MHz, 184.60 W, 28
2026/10/08 04:11:36.830, 0, 120 MHz, 3996 MHz, 190.14 W, 40
2026/10/08 04:11:36.830, 1, 120 MHz, 3996 MHz, 192.11 W, 42
2026/10/08 04:11:36.830, 2, 120 MHz, 3996 MHz, 184.09 W, 29
2026/10/08 04:11:36.830, 3, 120 MHz, 3996 MHz, 182.37 W, 29
2026/10/08 04:11:36.830, 4, 2032 MHz, 3996 MHz, 245.63 W, 39
2026/10/08 04:11:36.830, 5, 2032 MHz, 3996 MHz, 238.09 W, 37
2026/10/08 04:11:36.830, 6, 120 MHz, 3996 MHz, 184.83 W, 29
2026/10/08 04:11:36.830, 7, 120 MHz, 3996 MHz, 184.60 W, 28
2026/10/08 04:11:37.830, 0, 120 MHz, 3996 MHz, 189.47 W, 40
2026/10/08 04:11:37.830, 1, 120 MHz, 3996 MHz, 192.11 W, 42
2026/10/08 04:11:37.830, 2, 120 MHz, 3996 MHz, 184.09 W, 29
2026/10/08 04:11:37.830, 3, 120 MHz, 3996 MHz, 182.19 W, 29
2026/10/08 04:11:37.830, 4, 2032 MHz, 3996 MHz, 245.44 W, 39
2026/10/08 04:11:37.830, 5, 2032 MHz, 3996 MHz, 237.98 W, 37
2026/10/08 04:11:37.830, 6, 120 MHz, 3996 MHz, 184.83 W, 29
2026/10/08 04:11:37.830, 7, 120 MHz, 3996 MHz, 184.60 W, 28
2026/10/08 04:11:38.830, 0, 120 MHz, 3996 MHz, 188.77 W, 40
2026/10/08 04:11:38.830, 1, 120 MHz, 3996 MHz, 192.11 W, 42
2026/10/08 04:11:38.830, 2, 120 MHz, 3996 MHz, 184.09 W, 29
2026/10/08 04:11:38.830, 3, 120 MHz, 3996 MHz, 182.26 W, 29
2026/10/08 04:11:38.830, 4, 2032 MHz, 3996 MHz, 245.94 W, 39
2026/10/08 04:11:38.830, 5, 2032 MHz, 3996 MHz, 237.72 W, 37
2026/10/08 04:11:38.830, 6, 120 MHz, 3996 MHz, 184.83 W, 29
2026/10/08 04:11:38.830, 7, 120 MHz, 3996 MHz, 184.62 W, 28
2026/10/08 04:11:39.831, 0, 120 MHz, 3996 MHz, 188.51 W, 40
2026/10/08 04:11:39.831, 1, 120 MHz, 3996 MHz, 192.03 W, 42
2026/10/08 04:11:39.831, 2, 120 MHz, 3996 MHz, 184.09 W, 29
2026/10/08 04:11:39.831, 3, 120 MHz, 3996 MHz, 182.13 W, 29
2026/10/08 04:11:39.831, 4, 2032 MHz, 3996 MHz, 245.50 W, 39
2026/10/08 04:11:39.831, 5, 2032 MHz, 3996 MHz, 238.07 W, 37
2026/10/08 04:11:39.831, 6, 120 MHz, 3996 MHz, 184.83 W, 29
2026/10/08 04:11:39.831, 7, 120 MHz, 3996 MHz, 184.62 W, 28
2026/10/08 04:11:40.831, 0, 120 MHz, 3996 MHz, 188.35 W, 39
2026/10/08 04:11:40.831, 1, 120 MHz, 3996 MHz, 191.91 W, 41
2026/10/08 04:11:40.831, 2, 120 MHz, 3996 MHz, 184.09 W, 29
2026/10/08 04:11:40.831, 3, 120 MHz, 3996 MHz, 182.17 W, 29
2026/10/08 04:11:40.831, 4, 2032 MHz, 3996 MHz, 245.48 W, 39
2026/10/08 04:11:40.831, 5, 2032 MHz, 3996 MHz, 237.90 W, 37
2026/10/08 04:11:40.831, 6, 120 MHz, 3996 MHz, 184.83 W, 29
2026/10/08 04:11:40.831, 7, 120 MHz, 3996 MHz, 184.63 W, 28
2026/10/08 04:11:41.831, 0, 120 MHz, 3996 MHz, 188.43 W, 39
2026/10/08 04:11:41.831, 1, 120 MHz, 3996 MHz, 191.72 W, 41
2026/10/08 04:11:41.831, 2, 120 MHz, 3996 MHz, 184.09 W, 29
2026/10/08 04:11:41.831, 3, 120 MHz, 3996 MHz, 182.21 W, 29
2026/10/08 04:11:41.831, 4, 2032 MHz, 3996 MHz, 245.74 W, 39
2026/10/08 04:11:41.831, 5, 2032 MHz, 3996 MHz, 237.90 W, 37
2026/10/08 04:11:41.831, 6, 120 MHz, 3996 MHz, 184.83 W, 29
2026/10/08 04:11:41.831, 7, 120 MHz, 3996 MHz, 184.60 W, 28
2026/10/08 04:11:42.832, 0, 120 MHz, 3996 MHz, 188.39 W, 39
2026/10/08 04:11:42.832, 1, 120 MHz, 3996 MHz, 190.78 W, 41
2026/10/08 04:11:42.832, 2, 120 MHz, 3996 MHz, 184.09 W, 29
2026/10/08 04:11:42.832, 3, 120 MHz, 3996 MHz, 182.21 W, 29
2026/10/08 04:11:42.832, 4, 2032 MHz, 3996 MHz, 245.02 W, 39
2026/10/08 04:11:42.832, 5, 2032 MHz, 3996 MHz, 237.60 W, 37
2026/10/08 04:11:42.832, 6, 120 MHz, 3996 MHz, 184.83 W, 29
2026/10/08 04:11:42.832, 7, 120 MHz, 3996 MHz, 184.60 W, 28
2026/10/08 04:11:43.832, 0, 120 MHz, 3996 MHz, 188.35 W, 39
2026/10/08 04:11:43.832, 1, 120 MHz, 3996 MHz, 190.59 W, 41
2026/10/08 04:11:43.832, 2, 120 MHz, 3996 MHz, 184.09 W, 29
2026/10/08 04:11:43.832, 3, 120 MHz, 3996 MHz, 182.18 W, 29
2026/10/08 04:11:43.832, 4, 2032 MHz, 3996 MHz, 245.02 W, 39
2026/10/08 04:11:43.832, 5, 2032 MHz, 3996 MHz, 237.68 W, 37
2026/10/08 04:11:43.832, 6, 120 MHz, 3996 MHz, 184.83 W, 29
2026/10/08 04:11:43.832, 7, 120 MHz, 3996 MHz, 184.62 W, 28
2026/10/08 04:11:44.832, 0, 120 MHz, 3996 MHz, 188.35 W, 39
2026/10/08 04:11:44.832, 1, 120 MHz, 3996 MHz, 190.32 W, 41
2026/10/08 04:11:44.832, 2, 120 MHz, 3996 MHz, 184.09 W, 29
2026/10/08 04:11:44.832, 3, 120 MHz, 3996 MHz, 182.18 W, 29
2026/10/08 04:11:44.832, 4, 2032 MHz, 3996 MHz, 244.79 W, 39
2026/10/08 04:11:44.832, 5, 2032 MHz, 3996 MHz, 237.78 W, 37
2026/10/08 04:11:44.832, 6, 120 MHz, 3996 MHz, 184.83 W, 29
2026/10/08 04:11:44.832, 7, 120 MHz, 3996 MHz, 184.63 W, 28
2026/10/08 04:11:45.833, 0, 120 MHz, 3996 MHz, 188.35 W, 38
2026/10/08 04:11:45.833, 1, 120 MHz, 3996 MHz, 190.24 W, 40
2026/10/08 04:11:45.833, 2, 120 MHz, 3996 MHz, 184.09 W, 29
2026/10/08 04:11:45.833, 3, 120 MHz, 3996 MHz, 182.18 W, 29
2026/10/08 04:11:45.833, 4, 2032 MHz, 3996 MHz, 244.84 W, 39
2026/10/08 04:11:45.833, 5, 2032 MHz, 3996 MHz, 237.81 W, 37
2026/10/08 04:11:45.833, 6, 120 MHz, 3996 MHz, 184.83 W, 29
2026/10/08 04:11:45.833, 7, 120 MHz, 3996 MHz, 184.62 W, 28
2026/10/08 04:11:46.833, 0, 120 MHz, 3996 MHz, 188.35 W, 38
2026/10/08 04:11:46.833, 1, 120 MHz, 3996 MHz, 190.17 W, 40
2026/10/08 04:11:46.833, 2, 120 MHz, 3996 MHz, 184.09 W, 29
2026/10/08 04:11:46.833, 3, 120 MHz, 3996 MHz, 182.23 W, 29
2026/10/08 04:11:46.833, 4, 2032 MHz, 3996 MHz, 244.83 W, 39
2026/10/08 04:11:46.833, 5, 2032 MHz, 3996 MHz, 237.64 W, 37
2026/10/08 04:11:46.833, 6, 120 MHz, 3996 MHz, 184.83 W, 29
2026/10/08 04:11:46.833, 7, 120 MHz, 3996 MHz, 184.63 W, 28
2026/10/08 04:11:47.833, 0, 120 MHz, 3996 MHz, 188.35 W, 38
2026/10/08 04:11:47.833, 1, 120 MHz, 3996 MHz, 190.17 W, 40
2026/10/08 04:11:47.833, 2, 120 MHz, 3996 MHz, 184.09 W, 29
2026/10/08 04:11:47.833, 3, 120 MHz, 3996 MHz, 182.27 W, 29
2026/10/08 04:11:47.833, 4, 2032 MHz, 3996 MHz, 244.69 W, 39
2026/10/08 04:11:47.833, 5, 2032 MHz, 3996 MHz, 237.40 W, 37
2026/10/08 04:11:47.833, 6, 120 MHz, 3996 MHz, 184.83 W, 29
2026/10/08 04:11:47.833, 7, 120 MHz, 3996 MHz, 184.65 W, 28
2026/10/08 04:11:48.834, 0, 120 MHz, 3996 MHz, 188.35 W, 38
2026/10/08 04:11:48.834, 1, 120 MHz, 3996 MHz, 190.17 W, 40
2026/10/08 04:11:48.834, 2, 120 MHz, 3996 MHz, 184.09 W, 29
2026/10/08 04:11:48.834, 3, 120 MHz, 3996 MHz, 182.18 W, 29
2026/10/08 04:11:48.834, 4, 2032 MHz, 3996 MHz, 244.64 W, 39
2026/10/08 04:11:48.834, 5, 2032 MHz, 3996 MHz, 237.37 W, 37
2026/10/08 04:11:48.834, 6, 120 MHz, 3996 MHz, 184.83 W, 29
2026/10/08 04:11:48.834, 7, 120 MHz, 3996 MHz, 184.61 W, 28
2026/10/08 04:11:49.834, 0, 120 MHz, 3996 MHz, 188.35 W, 38
2026/10/08 04:11:49.834, 1, 120 MHz, 3996 MHz, 190.17 W, 40
2026/10/08 04:11:49.834, 2, 120 MHz, 3996 MHz, 184.09 W, 29
2026/10/08 04:11:49.834, 3, 120 MHz, 3996 MHz, 182.20 W, 29
2026/10/08 04:11:49.834, 4, 2032 MHz, 3996 MHz, 244.76 W, 38
2026/10/08 04:11:49.834, 5, 2032 MHz, 3996 MHz, 237.32 W, 37
2026/10/08 04:11:49.834, 6, 120 MHz, 3996 MHz, 184.83 W, 29
2026/10/08 04:11:49.834, 7, 120 MHz, 3996 MHz, 184.60 W, 28
2026/10/08 04:11:50.834, 0, 120 MHz, 3996 MHz, 188.35 W, 38
2026/10/08 04:11:50.834, 1, 120 MHz, 3996 MHz, 190.17 W, 40
2026/10/08 04:11:50.834, 2, 120 MHz, 3996 MHz, 184.09 W, 29
2026/10/08 04:11:50.834, 3, 120 MHz, 3996 MHz, 182.20 W, 29
2026/10/08 04:11:50.834, 4, 2032 MHz, 3996 MHz, 244.53 W, 38
2026/10/08 04:11:50.834, 5, 2032 MHz, 3996 MHz, 237.46 W, 37
2026/10/08 04:11:50.835, 6, 120 MHz, 3996 MHz, 184.83 W, 29
2026/10/08 04:11:50.835, 7, 120 MHz, 3996 MHz, 184.63 W, 28
2026/10/08 04:11:51.835, 0, 120 MHz, 3996 MHz, 188.35 W, 37
2026/10/08 04:11:51.835, 1, 120 MHz, 3996 MHz, 190.17 W, 40
2026/10/08 04:11:51.835, 2, 120 MHz, 3996 MHz, 184.05 W, 29
2026/10/08 04:11:51.835, 3, 120 MHz, 3996 MHz, 182.20 W, 29
2026/10/08 04:11:51.835, 4, 2032 MHz, 3996 MHz, 244.45 W, 38
2026/10/08 04:11:51.835, 5, 2032 MHz, 3996 MHz, 237.46 W, 37
2026/10/08 04:11:51.835, 6, 120 MHz, 3996 MHz, 184.83 W, 29
2026/10/08 04:11:51.835, 7, 120 MHz, 3996 MHz, 184.63 W, 28
2026/10/08 04:11:52.835, 0, 120 MHz, 3996 MHz, 188.35 W, 37
2026/10/08 04:11:52.835, 1, 120 MHz, 3996 MHz, 190.17 W, 39
2026/10/08 04:11:52.835, 2, 120 MHz, 3996 MHz, 184.01 W, 29
2026/10/08 04:11:52.835, 3, 120 MHz, 3996 MHz, 182.21 W, 29
2026/10/08 04:11:52.835, 4, 2032 MHz, 3996 MHz, 244.38 W, 38
2026/10/08 04:11:52.835, 5, 2032 MHz, 3996 MHz, 237.06 W, 36
2026/10/08 04:11:52.835, 6, 120 MHz, 3996 MHz, 184.83 W, 29
2026/10/08 04:11:52.835, 7, 120 MHz, 3996 MHz, 184.61 W, 28
2026/10/08 04:11:53.835, 0, 120 MHz, 3996 MHz, 188.35 W, 37
2026/10/08 04:11:53.835, 1, 120 MHz, 3996 MHz, 190.17 W, 39
2026/10/08 04:11:53.835, 2, 120 MHz, 3996 MHz, 184.09 W, 29
2026/10/08 04:11:53.835, 3, 120 MHz, 3996 MHz, 182.19 W, 29
2026/10/08 04:11:53.835, 4, 2032 MHz, 3996 MHz, 244.42 W, 38
2026/10/08 04:11:53.836, 5, 2032 MHz, 3996 MHz, 237.45 W, 36
2026/10/08 04:11:53.836, 6, 120 MHz, 3996 MHz, 184.83 W, 29
2026/10/08 04:11:53.836, 7, 120 MHz, 3996 MHz, 184.62 W, 28
2026/10/08 04:11:54.836, 0, 120 MHz, 3996 MHz, 188.35 W, 37
2026/10/08 04:11:54.836, 1, 120 MHz, 3996 MHz, 190.17 W, 39
2026/10/08 04:11:54.836, 2, 120 MHz, 3996 MHz, 184.05 W, 29
2026/10/08 04:11:54.836, 3, 120 MHz, 3996 MHz, 182.16 W, 29
2026/10/08 04:11:54.836, 4, 2032 MHz, 3996 MHz, 244.34 W, 38
2026/10/08 04:11:54.836, 5, 2032 MHz, 3996 MHz, 237.45 W, 36
2026/10/08 04:11:54.836, 6, 120 MHz, 3996 MHz, 184.83 W, 29
2026/10/08 04:11:54.836, 7, 120 MHz, 3996 MHz, 184.61 W, 28
2026/10/08 04:11:55.836, 0, 120 MHz, 3996 MHz, 188.35 W, 37
2026/10/08 04:11:55.836, 1, 120 MHz, 3996 MHz, 190.17 W, 39
2026/10/08 04:11:55.836, 2, 120 MHz, 3996 MHz, 184.09 W, 29
2026/10/08 04:11:55.836, 3, 120 MHz, 3996 MHz, 182.19 W, 29
2026/10/08 04:11:55.836, 4, 2032 MHz, 3996 MHz, 244.46 W, 38
2026/10/08 04:11:55.836, 5, 2032 MHz, 3996 MHz, 236.97 W, 36
2026/10/08 04:11:55.836, 6, 120 MHz, 3996 MHz, 184.83 W, 29
2026/10/08 04:11:55.836, 7, 120 MHz, 3996 MHz, 184.63 W, 27
2026/10/08 04:11:56.836, 0, 120 MHz, 3996 MHz, 188.35 W, 37
2026/10/08 04:11:56.836, 1, 120 MHz, 3996 MHz, 190.17 W, 39
2026/10/08 04:11:56.836, 2, 120 MHz, 3996 MHz, 184.09 W, 29
2026/10/08 04:11:56.836, 3, 120 MHz, 3996 MHz, 182.21 W, 29
2026/10/08 04:11:56.836, 4, 2032 MHz, 3996 MHz, 244.34 W, 38
2026/10/08 04:11:56.836, 5, 2032 MHz, 3996 MHz, 237.00 W, 36
2026/10/08 04:11:56.836, 6, 120 MHz, 3996 MHz, 184.83 W, 29
2026/10/08 04:11:56.836, 7, 120 MHz, 3996 MHz, 184.61 W, 27
2026/10/08 04:11:57.837, 0, 120 MHz, 3996 MHz, 188.31 W, 37
2026/10/08 04:11:57.837, 1, 120 MHz, 3996 MHz, 190.17 W, 39
2026/10/08 04:11:57.837, 2, 120 MHz, 3996 MHz, 184.05 W, 29
2026/10/08 04:11:57.837, 3, 120 MHz, 3996 MHz, 182.18 W, 29
2026/10/08 04:11:57.837, 4, 2032 MHz, 3996 MHz, 244.34 W, 38
2026/10/08 04:11:57.837, 5, 2032 MHz, 3996 MHz, 237.02 W, 36
2026/10/08 04:11:57.837, 6, 120 MHz, 3996 MHz, 184.83 W, 29
2026/10/08 04:11:57.837, 7, 120 MHz, 3996 MHz, 184.62 W, 27
2026/10/08 04:11:58.837, 0, 120 MHz, 3996 MHz, 188.31 W, 37
2026/10/08 04:11:58.837, 1, 120 MHz, 3996 MHz, 190.17 W, 39
2026/10/08 04:11:58.837, 2, 120 MHz, 3996 MHz, 184.01 W, 29
2026/10/08 04:11:58.837, 3, 120 MHz, 3996 MHz, 182.18 W, 29
2026/10/08 04:11:58.837, 4, 2032 MHz, 3996 MHz, 244.34 W, 38
2026/10/08 04:11:58.837, 5, 2032 MHz, 3996 MHz, 236.94 W, 36
2026/10/08 04:11:58.837, 6, 120 MHz, 3996 MHz, 184.83 W, 29
2026/10/08 04:11:58.837, 7, 120 MHz, 3996 MHz, 184.60 W, 27
2026/10/08 04:11:59.837, 0, 120 MHz, 3996 MHz, 188.27 W, 36
2026/10/08 04:11:59.837, 1, 120 MHz, 3996 MHz, 190.17 W, 39
2026/10/08 04:11:59.837, 2, 120 MHz, 3996 MHz, 184.05 W, 29
2026/10/08 04:11:59.837, 3, 120 MHz, 3996 MHz, 182.20 W, 29
2026/10/08 04:11:59.837, 4, 2032 MHz, 3996 MHz, 244.34 W, 38
2026/10/08 04:11:59.837, 5, 2032 MHz, 3996 MHz, 236.96 W, 36
2026/10/08 04:11:59.837, 6, 120 MHz, 3996 MHz, 184.83 W, 29
2026/10/08 04:11:59.837, 7, 120 MHz, 3996 MHz, 184.62 W, 27
2026/10/08 04:12:00.838, 0, 120 MHz, 3996 MHz, 187.98 W, 36
2026/10/08 04:12:00.838, 1, 120 MHz, 3996 MHz, 190.17 W, 38
2026/10/08 04:12:00.838, 2, 120 MHz, 3996 MHz, 183.97 W, 29
2026/10/08 04:12:00.838, 3, 120 MHz, 3996 MHz, 182.16 W, 29
2026/10/08 04:12:00.838, 4, 2032 MHz, 3996 MHz, 244.38 W, 38
2026/10/08 04:12:00.838, 5, 2032 MHz, 3996 MHz, 236.97 W, 36
2026/10/08 04:12:00.838, 6, 120 MHz, 3996 MHz, 184.83 W, 29
2026/10/08 04:12:00.838, 7, 120 MHz, 3996 MHz, 184.60 W, 27
2026/10/08 04:12:01.838, 0, 120 MHz, 3996 MHz, 187.73 W, 36
2026/10/08 04:12:01.838, 1, 120 MHz, 3996 MHz, 190.13 W, 38
2026/10/08 04:12:01.838, 2, 120 MHz, 3996 MHz, 184.09 W, 29
2026/10/08 04:12:01.838, 3, 120 MHz, 3996 MHz, 182.16 W, 29
2026/10/08 04:12:01.838, 4, 2032 MHz, 3996 MHz, 264.75 W, 38
2026/10/08 04:12:01.838, 5, 2032 MHz, 3996 MHz, 236.90 W, 36
2026/10/08 04:12:01.838, 6, 120 MHz, 3996 MHz, 184.83 W, 29
2026/10/08 04:12:01.838, 7, 120 MHz, 3996 MHz, 184.62 W, 27
2026/10/08 04:12:02.838, 0, 120 MHz, 3996 MHz, 187.44 W, 36
2026/10/08 04:12:02.838, 1, 120 MHz, 3996 MHz, 190.09 W, 38
2026/10/08 04:12:02.838, 2, 120 MHz, 3996 MHz, 183.97 W, 29
2026/10/08 04:12:02.838, 3, 120 MHz, 3996 MHz, 182.16 W, 29
2026/10/08 04:12:02.838, 4, 2032 MHz, 3996 MHz, 257.87 W, 38
2026/10/08 04:12:02.838, 5, 2032 MHz, 3996 MHz, 254.32 W, 36
2026/10/08 04:12:02.838, 6, 120 MHz, 3996 MHz, 184.83 W, 29
2026/10/08 04:12:02.838, 7, 120 MHz, 3996 MHz, 184.60 W, 27
2026/10/08 04:12:03.839, 0, 120 MHz, 3996 MHz, 187.10 W, 36
2026/10/08 04:12:03.839, 1, 120 MHz, 3996 MHz, 190.13 W, 38
2026/10/08 04:12:03.839, 2, 120 MHz, 3996 MHz, 184.01 W, 29
2026/10/08 04:12:03.839, 3, 120 MHz, 3996 MHz, 182.19 W, 29
2026/10/08 04:12:03.839, 4, 2032 MHz, 3996 MHz, 246.15 W, 38
2026/10/08 04:12:03.839, 5, 2032 MHz, 3996 MHz, 242.58 W, 36
2026/10/08 04:12:03.839, 6, 120 MHz, 3996 MHz, 184.83 W, 29
2026/10/08 04:12:03.839, 7, 120 MHz, 3996 MHz, 184.61 W, 27
2026/10/08 04:12:04.839, 0, 120 MHz, 3996 MHz, 186.72 W, 36
2026/10/08 04:12:04.839, 1, 120 MHz, 3996 MHz, 189.97 W, 38
2026/10/08 04:12:04.839, 2, 120 MHz, 3996 MHz, 184.09 W, 29
2026/10/08 04:12:04.839, 3, 120 MHz, 3996 MHz, 182.16 W, 29
2026/10/08 04:12:04.839, 4, 2032 MHz, 3996 MHz, 246.22 W, 38
2026/10/08 04:12:04.839, 5, 2032 MHz, 3996 MHz, 246.15 W, 36
2026/10/08 04:12:04.839, 6, 120 MHz, 3996 MHz, 184.83 W, 29
2026/10/08 04:12:04.839, 7, 120 MHz, 3996 MHz, 184.60 W, 27
2026/10/08 04:12:05.839, 0, 120 MHz, 3996 MHz, 186.68 W, 36
2026/10/08 04:12:05.839, 1, 120 MHz, 3996 MHz, 189.56 W, 38
2026/10/08 04:12:05.839, 2, 120 MHz, 3996 MHz, 184.09 W, 29
2026/10/08 04:12:05.839, 3, 120 MHz, 3996 MHz, 182.20 W, 29
2026/10/08 04:12:05.839, 4, 2032 MHz, 3996 MHz, 245.97 W, 38
2026/10/08 04:12:05.839, 5, 2032 MHz, 3996 MHz, 238.05 W, 36
2026/10/08 04:12:05.839, 6, 120 MHz, 3996 MHz, 184.83 W, 29
2026/10/08 04:12:05.839, 7, 120 MHz, 3996 MHz, 184.61 W, 27
2026/10/08 04:12:06.839, 0, 120 MHz, 3996 MHz, 186.56 W, 36
2026/10/08 04:12:06.839, 1, 120 MHz, 3996 MHz, 189.44 W, 38
2026/10/08 04:12:06.840, 2, 120 MHz, 3996 MHz, 183.86 W, 29
2026/10/08 04:12:06.840, 3, 120 MHz, 3996 MHz, 182.16 W, 29
2026/10/08 04:12:06.840, 4, 2032 MHz, 3996 MHz, 246.01 W, 38
2026/10/08 04:12:06.840, 5, 2032 MHz, 3996 MHz, 237.73 W, 36
2026/10/08 04:12:06.840, 6, 120 MHz, 3996 MHz, 184.83 W, 28
2026/10/08 04:12:06.840, 7, 120 MHz, 3996 MHz, 184.62 W, 27
2026/10/08 04:12:07.840, 0, 120 MHz, 3996 MHz, 186.56 W, 36
2026/10/08 04:12:07.840, 1, 120 MHz, 3996 MHz, 189.16 W, 38
2026/10/08 04:12:07.840, 2, 120 MHz, 3996 MHz, 184.05 W, 29
2026/10/08 04:12:07.840, 3, 120 MHz, 3996 MHz, 182.18 W, 29
2026/10/08 04:12:07.840, 4, 2032 MHz, 3996 MHz, 249.57 W, 38
2026/10/08 04:12:07.840, 5, 2032 MHz, 3996 MHz, 237.85 W, 36
2026/10/08 04:12:07.840, 6, 120 MHz, 3996 MHz, 184.83 W, 28
2026/10/08 04:12:07.840, 7, 120 MHz, 3996 MHz, 184.63 W, 27
2026/10/08 04:12:08.840, 0, 120 MHz, 3996 MHz, 188.00 W, 36
2026/10/08 04:12:08.840, 1, 120 MHz, 3996 MHz, 188.76 W, 38
2026/10/08 04:12:08.840, 2, 120 MHz, 3996 MHz, 184.05 W, 29
2026/10/08 04:12:08.840, 3, 120 MHz, 3996 MHz, 182.17 W, 29
2026/10/08 04:12:08.840, 4, 2032 MHz, 3996 MHz, 245.93 W, 38
2026/10/08 04:12:08.840, 5, 2032 MHz, 3996 MHz, 237.49 W, 36
2026/10/08 04:12:08.840, 6, 120 MHz, 3996 MHz, 184.83 W, 28
2026/10/08 04:12:08.840, 7, 120 MHz, 3996 MHz, 184.61 W, 27
2026/10/08 04:12:09.840, 0, 120 MHz, 3996 MHz, 188.05 W, 35
2026/10/08 04:12:09.840, 1, 120 MHz, 3996 MHz, 188.80 W, 38
2026/10/08 04:12:09.840, 2, 120 MHz, 3996 MHz, 183.94 W, 29
2026/10/08 04:12:09.840, 3, 120 MHz, 3996 MHz, 182.19 W, 29
2026/10/08 04:12:09.840, 4, 2032 MHz, 3996 MHz, 252.59 W, 38
2026/10/08 04:12:09.840, 5, 2032 MHz, 3996 MHz, 237.44 W, 36
2026/10/08 04:12:09.841, 6, 120 MHz, 3996 MHz, 184.83 W, 28
2026/10/08 04:12:09.841, 7, 120 MHz, 3996 MHz, 184.61 W, 27
2026/10/08 04:12:10.841, 0, 120 MHz, 3996 MHz, 188.00 W, 35
2026/10/08 04:12:10.841, 1, 120 MHz, 3996 MHz, 188.45 W, 38
2026/10/08 04:12:10.841, 2, 120 MHz, 3996 MHz, 183.97 W, 29
2026/10/08 04:12:10.841, 3, 120 MHz, 3996 MHz, 182.18 W, 29
2026/10/08 04:12:10.841, 4, 2032 MHz, 3996 MHz, 244.53 W, 38
2026/10/08 04:12:10.841, 5, 2032 MHz, 3996 MHz, 237.89 W, 36
2026/10/08 04:12:10.841, 6, 120 MHz, 3996 MHz, 184.83 W, 28
2026/10/08 04:12:10.841, 7, 120 MHz, 3996 MHz, 184.62 W, 27
2026/10/08 04:12:11.841, 0, 120 MHz, 3996 MHz, 187.36 W, 35
2026/10/08 04:12:11.841, 1, 120 MHz, 3996 MHz, 188.26 W, 37
2026/10/08 04:12:11.841, 2, 120 MHz, 3996 MHz, 183.85 W, 29
2026/10/08 04:12:11.841, 3, 120 MHz, 3996 MHz, 182.16 W, 29
2026/10/08 04:12:11.841, 4, 2032 MHz, 3996 MHz, 244.92 W, 38
2026/10/08 04:12:11.841, 5, 2032 MHz, 3996 MHz, 237.54 W, 36
2026/10/08 04:12:11.841, 6, 120 MHz, 3996 MHz, 184.83 W, 28
2026/10/08 04:12:11.841, 7, 120 MHz, 3996 MHz, 184.59 W, 27
2026/10/08 04:12:12.841, 0, 120 MHz, 3996 MHz, 187.19 W, 35
2026/10/08 04:12:12.841, 1, 120 MHz, 3996 MHz, 188.30 W, 37
2026/10/08 04:12:12.841, 2, 120 MHz, 3996 MHz, 184.05 W, 29
2026/10/08 04:12:12.841, 3, 120 MHz, 3996 MHz, 182.15 W, 29
2026/10/08 04:12:12.841, 4, 2032 MHz, 3996 MHz, 244.57 W, 38
2026/10/08 04:12:12.841, 5, 2032 MHz, 3996 MHz, 237.78 W, 36
2026/10/08 04:12:12.841, 6, 120 MHz, 3996 MHz, 184.83 W, 28
2026/10/08 04:12:12.841, 7, 120 MHz, 3996 MHz, 184.60 W, 27
2026/10/08 04:12:13.842, 0, 120 MHz, 3996 MHz, 186.83 W, 35
2026/10/08 04:12:13.842, 1, 120 MHz, 3996 MHz, 188.30 W, 37
2026/10/08 04:12:13.842, 2, 120 MHz, 3996 MHz, 183.89 W, 29
2026/10/08 04:12:13.842, 3, 120 MHz, 3996 MHz, 182.16 W, 29
2026/10/08 04:12:13.842, 4, 2032 MHz, 3996 MHz, 244.60 W, 38
2026/10/08 04:12:13.842, 5, 2032 MHz, 3996 MHz, 239.08 W, 36
2026/10/08 04:12:13.842, 6, 120 MHz, 3996 MHz, 184.83 W, 28
2026/10/08 04:12:13.842, 7, 120 MHz, 3996 MHz, 184.61 W, 27
2026/10/08 04:12:14.842, 0, 120 MHz, 3996 MHz, 186.76 W, 35
2026/10/08 04:12:14.842, 1, 120 MHz, 3996 MHz, 188.23 W, 37
2026/10/08 04:12:14.842, 2, 120 MHz, 3996 MHz, 184.01 W, 29
2026/10/08 04:12:14.842, 3, 120 MHz, 3996 MHz, 182.18 W, 29
2026/10/08 04:12:14.842, 4, 2032 MHz, 3996 MHz, 244.90 W, 38
2026/10/08 04:12:14.842, 5, 2032 MHz, 3996 MHz, 240.19 W, 36
2026/10/08 04:12:14.842, 6, 120 MHz, 3996 MHz, 184.83 W, 28
2026/10/08 04:12:14.842, 7, 120 MHz, 3996 MHz, 184.63 W, 27
2026/10/08 04:12:15.842, 0, 120 MHz, 3996 MHz, 186.79 W, 35
2026/10/08 04:12:15.842, 1, 120 MHz, 3996 MHz, 188.26 W, 37
2026/10/08 04:12:15.842, 2, 120 MHz, 3996 MHz, 183.97 W, 29
2026/10/08 04:12:15.842, 3, 120 MHz, 3996 MHz, 182.17 W, 29
2026/10/08 04:12:15.842, 4, 2032 MHz, 3996 MHz, 247.61 W, 38
2026/10/08 04:12:15.842, 5, 2032 MHz, 3996 MHz, 239.59 W, 36
2026/10/08 04:12:15.842, 6, 120 MHz, 3996 MHz, 184.83 W, 28
2026/10/08 04:12:15.842, 7, 120 MHz, 3996 MHz, 184.60 W, 27
2026/10/08 04:12:16.843, 0, 120 MHz, 3996 MHz, 186.45 W, 35
2026/10/08 04:12:16.843, 1, 120 MHz, 3996 MHz, 188.23 W, 37
2026/10/08 04:12:16.843, 2, 120 MHz, 3996 MHz, 183.82 W, 29
2026/10/08 04:12:16.843, 3, 120 MHz, 3996 MHz, 182.15 W, 29
2026/10/08 04:12:16.843, 4, 2032 MHz, 3996 MHz, 244.36 W, 38
2026/10/08 04:12:16.843, 5, 2032 MHz, 3996 MHz, 242.74 W, 36
2026/10/08 04:12:16.843, 6, 120 MHz, 3996 MHz, 184.83 W, 28
2026/10/08 04:12:16.843, 7, 120 MHz, 3996 MHz, 184.63 W, 27
2026/10/08 04:12:17.843, 0, 120 MHz, 3996 MHz, 186.41 W, 35
2026/10/08 04:12:17.843, 1, 120 MHz, 3996 MHz, 188.23 W, 37
2026/10/08 04:12:17.843, 2, 120 MHz, 3996 MHz, 182.49 W, 29
2026/10/08 04:12:17.843, 3, 120 MHz, 3996 MHz, 182.18 W, 29
2026/10/08 04:12:17.843, 4, 2032 MHz, 3996 MHz, 244.34 W, 38
2026/10/08 04:12:17.843, 5, 2032 MHz, 3996 MHz, 237.53 W, 36
2026/10/08 04:12:17.843, 6, 120 MHz, 3996 MHz, 184.83 W, 28
2026/10/08 04:12:17.843, 7, 120 MHz, 3996 MHz, 184.60 W, 27
2026/10/08 04:12:18.843, 0, 120 MHz, 3996 MHz, 186.41 W, 35
2026/10/08 04:12:18.843, 1, 120 MHz, 3996 MHz, 188.23 W, 37
2026/10/08 04:12:18.843, 2, 120 MHz, 3996 MHz, 182.60 W, 29
2026/10/08 04:12:18.843, 3, 120 MHz, 3996 MHz, 182.14 W, 29
2026/10/08 04:12:18.843, 4, 2032 MHz, 3996 MHz, 244.84 W, 38
2026/10/08 04:12:18.844, 5, 2032 MHz, 3996 MHz, 237.45 W, 36
2026/10/08 04:12:18.844, 6, 120 MHz, 3996 MHz, 184.83 W, 28
2026/10/08 04:12:18.844, 7, 120 MHz, 3996 MHz, 184.59 W, 27
2026/10/08 04:12:19.844, 0, 120 MHz, 3996 MHz, 186.41 W, 35
2026/10/08 04:12:19.844, 1, 120 MHz, 3996 MHz, 188.23 W, 37
2026/10/08 04:12:19.844, 2, 120 MHz, 3996 MHz, 182.40 W, 29
2026/10/08 04:12:19.844, 3, 120 MHz, 3996 MHz, 182.20 W, 29
2026/10/08 04:12:19.844, 4, 2032 MHz, 3996 MHz, 244.41 W, 38
2026/10/08 04:12:19.844, 5, 2032 MHz, 3996 MHz, 237.68 W, 36
2026/10/08 04:12:19.844, 6, 120 MHz, 3996 MHz, 184.83 W, 28
2026/10/08 04:12:19.844, 7, 120 MHz, 3996 MHz, 184.62 W, 27
2026/10/08 04:12:20.844, 0, 120 MHz, 3996 MHz, 186.41 W, 35
2026/10/08 04:12:20.844, 1, 120 MHz, 3996 MHz, 188.23 W, 37
2026/10/08 04:12:20.844, 2, 120 MHz, 3996 MHz, 182.28 W, 29
2026/10/08 04:12:20.844, 3, 120 MHz, 3996 MHz, 182.18 W, 29
2026/10/08 04:12:20.845, 4, 2032 MHz, 3996 MHz, 244.38 W, 38
2026/10/08 04:12:20.845, 5, 2032 MHz, 3996 MHz, 237.32 W, 36
2026/10/08 04:12:20.845, 6, 120 MHz, 3996 MHz, 184.83 W, 28
2026/10/08 04:12:20.845, 7, 120 MHz, 3996 MHz, 184.60 W, 27
2026/10/08 04:12:21.845, 0, 120 MHz, 3996 MHz, 186.41 W, 35
2026/10/08 04:12:21.845, 1, 120 MHz, 3996 MHz, 188.23 W, 37
2026/10/08 04:12:21.845, 2, 120 MHz, 3996 MHz, 182.41 W, 29
2026/10/08 04:12:21.845, 3, 120 MHz, 3996 MHz, 182.11 W, 29
2026/10/08 04:12:21.845, 4, 2032 MHz, 3996 MHz, 244.38 W, 38
2026/10/08 04:12:21.845, 5, 2032 MHz, 3996 MHz, 237.39 W, 36
2026/10/08 04:12:21.845, 6, 120 MHz, 3996 MHz, 184.83 W, 28
2026/10/08 04:12:21.845, 7, 120 MHz, 3996 MHz, 184.63 W, 27
2026/10/08 04:12:22.845, 0, 120 MHz, 3996 MHz, 186.41 W, 35
2026/10/08 04:12:22.845, 1, 120 MHz, 3996 MHz, 188.23 W, 37
2026/10/08 04:12:22.845, 2, 120 MHz, 3996 MHz, 182.32 W, 29
2026/10/08 04:12:22.845, 3, 120 MHz, 3996 MHz, 182.18 W, 29
2026/10/08 04:12:22.845, 4, 2032 MHz, 3996 MHz, 244.34 W, 38
2026/10/08 04:12:22.845, 5, 2032 MHz, 3996 MHz, 237.23 W, 36
2026/10/08 04:12:22.845, 6, 120 MHz, 3996 MHz, 184.83 W, 28
2026/10/08 04:12:22.845, 7, 120 MHz, 3996 MHz, 184.63 W, 27
2026/10/08 04:12:23.845, 0, 120 MHz, 3996 MHz, 186.41 W, 34
2026/10/08 04:12:23.845, 1, 120 MHz, 3996 MHz, 188.23 W, 37
2026/10/08 04:12:23.845, 2, 120 MHz, 3996 MHz, 182.48 W, 29
2026/10/08 04:12:23.845, 3, 120 MHz, 3996 MHz, 182.16 W, 29
2026/10/08 04:12:23.845, 4, 2032 MHz, 3996 MHz, 244.38 W, 38
2026/10/08 04:12:23.845, 5, 2032 MHz, 3996 MHz, 237.54 W, 36
2026/10/08 04:12:23.845, 6, 120 MHz, 3996 MHz, 184.83 W, 28
2026/10/08 04:12:23.845, 7, 120 MHz, 3996 MHz, 184.63 W, 27
2026/10/08 04:12:24.846, 0, 120 MHz, 3996 MHz, 186.41 W, 34
2026/10/08 04:12:24.846, 1, 120 MHz, 3996 MHz, 188.23 W, 37
2026/10/08 04:12:24.846, 2, 120 MHz, 3996 MHz, 182.21 W, 28
2026/10/08 04:12:24.846, 3, 120 MHz, 3996 MHz, 182.20 W, 29
2026/10/08 04:12:24.846, 4, 2032 MHz, 3996 MHz, 244.38 W, 37
2026/10/08 04:12:24.846, 5, 2032 MHz, 3996 MHz, 237.37 W, 36
2026/10/08 04:12:24.846, 6, 120 MHz, 3996 MHz, 184.83 W, 28
2026/10/08 04:12:24.846, 7, 120 MHz, 3996 MHz, 184.67 W, 27
2026/10/08 04:12:25.846, 0, 120 MHz, 3996 MHz, 186.41 W, 34
2026/10/08 04:12:25.846, 1, 120 MHz, 3996 MHz, 188.23 W, 37
2026/10/08 04:12:25.846, 2, 120 MHz, 3996 MHz, 182.41 W, 29
2026/10/08 04:12:25.846, 3, 120 MHz, 3996 MHz, 182.19 W, 29
2026/10/08 04:12:25.846, 4, 2032 MHz, 3996 MHz, 244.34 W, 37
2026/10/08 04:12:25.846, 5, 2032 MHz, 3996 MHz, 237.35 W, 36
2026/10/08 04:12:25.846, 6, 120 MHz, 3996 MHz, 184.83 W, 28
2026/10/08 04:12:25.846, 7, 120 MHz, 3996 MHz, 184.62 W, 27
2026/10/08 04:12:26.846, 0, 120 MHz, 3996 MHz, 186.41 W, 34
2026/10/08 04:12:26.846, 1, 120 MHz, 3996 MHz, 188.23 W, 36
2026/10/08 04:12:26.846, 2, 120 MHz, 3996 MHz, 182.32 W, 29
2026/10/08 04:12:26.846, 3, 120 MHz, 3996 MHz, 182.20 W, 29
2026/10/08 04:12:26.846, 4, 2032 MHz, 3996 MHz, 244.44 W, 37
2026/10/08 04:12:26.846, 5, 2032 MHz, 3996 MHz, 240.55 W, 36
2026/10/08 04:12:26.846, 6, 120 MHz, 3996 MHz, 184.83 W, 28
2026/10/08 04:12:26.846, 7, 120 MHz, 3996 MHz, 184.64 W, 27
2026/10/08 04:12:27.847, 0, 120 MHz, 3996 MHz, 186.41 W, 34
2026/10/08 04:12:27.847, 1, 120 MHz, 3996 MHz, 188.23 W, 36
2026/10/08 04:12:27.847, 2, 120 MHz, 3996 MHz, 182.60 W, 29
2026/10/08 04:12:27.847, 3, 120 MHz, 3996 MHz, 182.18 W, 29
2026/10/08 04:12:27.847, 4, 2032 MHz, 3996 MHz, 244.38 W, 37
2026/10/08 04:12:27.847, 5, 2032 MHz, 3996 MHz, 236.85 W, 36
2026/10/08 04:12:27.847, 6, 120 MHz, 3996 MHz, 184.83 W, 28
2026/10/08 04:12:27.847, 7, 120 MHz, 3996 MHz, 184.62 W, 27
2026/10/08 04:12:28.847, 0, 120 MHz, 3996 MHz, 186.41 W, 34
2026/10/08 04:12:28.847, 1, 120 MHz, 3996 MHz, 188.23 W, 36
2026/10/08 04:12:28.847, 2, 120 MHz, 3996 MHz, 182.44 W, 29
2026/10/08 04:12:28.847, 3, 120 MHz, 3996 MHz, 182.20 W, 29
2026/10/08 04:12:28.847, 4, 2032 MHz, 3996 MHz, 245.79 W, 37
2026/10/08 04:12:28.847, 5, 2032 MHz, 3996 MHz, 236.58 W, 35
2026/10/08 04:12:28.847, 6, 120 MHz, 3996 MHz, 184.83 W, 28
2026/10/08 04:12:28.847, 7, 120 MHz, 3996 MHz, 184.66 W, 27
2026/10/08 04:12:29.847, 0, 120 MHz, 3996 MHz, 186.41 W, 34
2026/10/08 04:12:29.847, 1, 120 MHz, 3996 MHz, 188.23 W, 36
2026/10/08 04:12:29.847, 2, 120 MHz, 3996 MHz, 182.42 W, 29
2026/10/08 04:12:29.847, 3, 120 MHz, 3996 MHz, 182.23 W, 29
2026/10/08 04:12:29.847, 4, 2032 MHz, 3996 MHz, 251.25 W, 37
2026/10/08 04:12:29.847, 5, 2032 MHz, 3996 MHz, 236.60 W, 35
2026/10/08 04:12:29.847, 6, 120 MHz, 3996 MHz, 184.83 W, 28
2026/10/08 04:12:29.847, 7, 120 MHz, 3996 MHz, 184.64 W, 27
2026/10/08 04:12:30.848, 0, 120 MHz, 3996 MHz, 186.41 W, 34
2026/10/08 04:12:30.848, 1, 120 MHz, 3996 MHz, 188.23 W, 36
2026/10/08 04:12:30.848, 2, 120 MHz, 3996 MHz, 182.53 W, 29
2026/10/08 04:12:30.848, 3, 120 MHz, 3996 MHz, 182.24 W, 29
2026/10/08 04:12:30.848, 4, 2032 MHz, 3996 MHz, 244.42 W, 37
2026/10/08 04:12:30.848, 5, 2032 MHz, 3996 MHz, 236.65 W, 35
2026/10/08 04:12:30.848, 6, 120 MHz, 3996 MHz, 184.83 W, 28
2026/10/08 04:12:30.848, 7, 120 MHz, 3996 MHz, 184.62 W, 27
2026/10/08 04:12:31.848, 0, 120 MHz, 3996 MHz, 186.41 W, 34
2026/10/08 04:12:31.848, 1, 120 MHz, 3996 MHz, 188.23 W, 36
2026/10/08 04:12:31.848, 2, 120 MHz, 3996 MHz, 182.33 W, 29
2026/10/08 04:12:31.848, 3, 120 MHz, 3996 MHz, 182.18 W, 29
2026/10/08 04:12:31.848, 4, 2032 MHz, 3996 MHz, 244.34 W, 37
2026/10/08 04:12:31.848, 5, 2032 MHz, 3996 MHz, 237.57 W, 35
2026/10/08 04:12:31.848, 6, 120 MHz, 3996 MHz, 184.83 W, 28
2026/10/08 04:12:31.848, 7, 120 MHz, 3996 MHz, 184.64 W, 27
2026/10/08 04:12:32.848, 0, 120 MHz, 3996 MHz, 186.41 W, 34
2026/10/08 04:12:32.848, 1, 120 MHz, 3996 MHz, 188.23 W, 36
2026/10/08 04:12:32.848, 2, 120 MHz, 3996 MHz, 182.40 W, 29
2026/10/08 04:12:32.848, 3, 120 MHz, 3996 MHz, 182.20 W, 29
2026/10/08 04:12:32.848, 4, 2032 MHz, 3996 MHz, 244.34 W, 37
2026/10/08 04:12:32.848, 5, 2032 MHz, 3996 MHz, 237.25 W, 35
2026/10/08 04:12:32.848, 6, 120 MHz, 3996 MHz, 184.83 W, 28
2026/10/08 04:12:32.848, 7, 120 MHz, 3996 MHz, 184.63 W, 27
2026/10/08 04:12:33.849, 0, 120 MHz, 3996 MHz, 186.41 W, 34
2026/10/08 04:12:33.849, 1, 120 MHz, 3996 MHz, 188.23 W, 36
2026/10/08 04:12:33.849, 2, 120 MHz, 3996 MHz, 182.56 W, 29
2026/10/08 04:12:33.849, 3, 120 MHz, 3996 MHz, 182.21 W, 29
2026/10/08 04:12:33.849, 4, 2032 MHz, 3996 MHz, 244.34 W, 37
2026/10/08 04:12:33.849, 5, 2032 MHz, 3996 MHz, 237.67 W, 35
2026/10/08 04:12:33.849, 6, 120 MHz, 3996 MHz, 184.83 W, 28
2026/10/08 04:12:33.849, 7, 120 MHz, 3996 MHz, 184.61 W, 27
2026/10/08 04:12:34.849, 0, 120 MHz, 3996 MHz, 186.41 W, 34
2026/10/08 04:12:34.849, 1, 120 MHz, 3996 MHz, 188.23 W, 36
2026/10/08 04:12:34.849, 2, 120 MHz, 3996 MHz, 182.53 W, 29
2026/10/08 04:12:34.849, 3, 120 MHz, 3996 MHz, 182.22 W, 29
2026/10/08 04:12:34.849, 4, 2032 MHz, 3996 MHz, 244.34 W, 37
2026/10/08 04:12:34.849, 5, 2032 MHz, 3996 MHz, 236.82 W, 35
2026/10/08 04:12:34.849, 6, 120 MHz, 3996 MHz, 184.83 W, 28
2026/10/08 04:12:34.849, 7, 120 MHz, 3996 MHz, 184.62 W, 27
2026/10/08 04:12:35.849, 0, 120 MHz, 3996 MHz, 186.41 W, 34
2026/10/08 04:12:35.849, 1, 120 MHz, 3996 MHz, 188.23 W, 36
2026/10/08 04:12:35.849, 2, 120 MHz, 3996 MHz, 182.49 W, 29
2026/10/08 04:12:35.849, 3, 120 MHz, 3996 MHz, 182.21 W, 29
2026/10/08 04:12:35.849, 4, 2032 MHz, 3996 MHz, 244.34 W, 37
2026/10/08 04:12:35.849, 5, 2032 MHz, 3996 MHz, 237.43 W, 35
2026/10/08 04:12:35.849, 6, 120 MHz, 3996 MHz, 184.83 W, 28
2026/10/08 04:12:35.849, 7, 120 MHz, 3996 MHz, 184.62 W, 27
2026/10/08 04:12:36.850, 0, 120 MHz, 3996 MHz, 186.41 W, 34
2026/10/08 04:12:36.850, 1, 120 MHz, 3996 MHz, 188.23 W, 36
2026/10/08 04:12:36.850, 2, 120 MHz, 3996 MHz, 182.33 W, 29
2026/10/08 04:12:36.850, 3, 120 MHz, 3996 MHz, 182.23 W, 29
2026/10/08 04:12:36.850, 4, 2032 MHz, 3996 MHz, 244.34 W, 37
2026/10/08 04:12:36.850, 5, 2032 MHz, 3996 MHz, 237.17 W, 35
2026/10/08 04:12:36.850, 6, 120 MHz, 3996 MHz, 184.83 W, 28
2026/10/08 04:12:36.850, 7, 120 MHz, 3996 MHz, 184.62 W, 27
2026/10/08 04:12:37.850, 0, 120 MHz, 3996 MHz, 186.41 W, 34
2026/10/08 04:12:37.850, 1, 120 MHz, 3996 MHz, 188.23 W, 36
2026/10/08 04:12:37.850, 2, 120 MHz, 3996 MHz, 182.69 W, 29
2026/10/08 04:12:37.850, 3, 120 MHz, 3996 MHz, 182.16 W, 29
2026/10/08 04:12:37.850, 4, 2032 MHz, 3996 MHz, 244.34 W, 37
2026/10/08 04:12:37.850, 5, 2032 MHz, 3996 MHz, 237.29 W, 35
2026/10/08 04:12:37.850, 6, 120 MHz, 3996 MHz, 184.83 W, 28
2026/10/08 04:12:37.850, 7, 120 MHz, 3996 MHz, 184.65 W, 27
2026/10/08 04:12:38.850, 0, 120 MHz, 3996 MHz, 186.41 W, 34
2026/10/08 04:12:38.850, 1, 120 MHz, 3996 MHz, 188.23 W, 36
2026/10/08 04:12:38.850, 2, 120 MHz, 3996 MHz, 182.78 W, 29
2026/10/08 04:12:38.850, 3, 120 MHz, 3996 MHz, 182.21 W, 29
2026/10/08 04:12:38.850, 4, 2032 MHz, 3996 MHz, 244.34 W, 37
2026/10/08 04:12:38.850, 5, 2032 MHz, 3996 MHz, 237.24 W, 35
2026/10/08 04:12:38.850, 6, 120 MHz, 3996 MHz, 184.83 W, 28
2026/10/08 04:12:38.850, 7, 120 MHz, 3996 MHz, 184.64 W, 27
2026/10/08 04:12:39.850, 0, 120 MHz, 3996 MHz, 186.41 W, 34
2026/10/08 04:12:39.850, 1, 120 MHz, 3996 MHz, 188.23 W, 36
2026/10/08 04:12:39.850, 2, 120 MHz, 3996 MHz, 182.80 W, 29
2026/10/08 04:12:39.850, 3, 120 MHz, 3996 MHz, 182.20 W, 29
2026/10/08 04:12:39.850, 4, 2032 MHz, 3996 MHz, 244.34 W, 37
2026/10/08 04:12:39.850, 5, 2032 MHz, 3996 MHz, 237.18 W, 35
2026/10/08 04:12:39.850, 6, 120 MHz, 3996 MHz, 184.83 W, 28
2026/10/08 04:12:39.850, 7, 120 MHz, 3996 MHz, 184.65 W, 27
2026/10/08 04:12:40.851, 0, 120 MHz, 3996 MHz, 186.41 W, 34
2026/10/08 04:12:40.851, 1, 120 MHz, 3996 MHz, 188.23 W, 36
2026/10/08 04:12:40.851, 2, 120 MHz, 3996 MHz, 182.84 W, 29
2026/10/08 04:12:40.851, 3, 120 MHz, 3996 MHz, 182.20 W, 29
2026/10/08 04:12:40.851, 4, 2032 MHz, 3996 MHz, 244.34 W, 37
2026/10/08 04:12:40.851, 5, 2032 MHz, 3996 MHz, 236.96 W, 35
2026/10/08 04:12:40.851, 6, 120 MHz, 3996 MHz, 184.83 W, 29
2026/10/08 04:12:40.851, 7, 120 MHz, 3996 MHz, 184.65 W, 27
2026/10/08 04:12:41.851, 0, 120 MHz, 3996 MHz, 186.41 W, 34
2026/10/08 04:12:41.851, 1, 120 MHz, 3996 MHz, 188.23 W, 36
2026/10/08 04:12:41.851, 2, 120 MHz, 3996 MHz, 182.98 W, 29
2026/10/08 04:12:41.851, 3, 120 MHz, 3996 MHz, 182.20 W, 29
2026/10/08 04:12:41.851, 4, 2032 MHz, 3996 MHz, 244.38 W, 37
2026/10/08 04:12:41.851, 5, 2032 MHz, 3996 MHz, 236.96 W, 35
2026/10/08 04:12:41.851, 6, 120 MHz, 3996 MHz, 184.83 W, 29
2026/10/08 04:12:41.851, 7, 120 MHz, 3996 MHz, 184.66 W, 27
2026/10/08 04:12:42.851, 0, 120 MHz, 3996 MHz, 186.41 W, 34
2026/10/08 04:12:42.851, 1, 120 MHz, 3996 MHz, 188.23 W, 36
2026/10/08 04:12:42.851, 2, 120 MHz, 3996 MHz, 183.15 W, 29
2026/10/08 04:12:42.851, 3, 120 MHz, 3996 MHz, 182.20 W, 29
2026/10/08 04:12:42.851, 4, 2032 MHz, 3996 MHz, 244.34 W, 37
2026/10/08 04:12:42.851, 5, 2032 MHz, 3996 MHz, 237.42 W, 35
2026/10/08 04:12:42.851, 6, 120 MHz, 3996 MHz, 184.83 W, 29
2026/10/08 04:12:42.851, 7, 120 MHz, 3996 MHz, 184.67 W, 27
2026/10/08 04:12:43.851, 0, 120 MHz, 3996 MHz, 186.41 W, 34
2026/10/08 04:12:43.851, 1, 120 MHz, 3996 MHz, 188.23 W, 36
2026/10/08 04:12:43.851, 2, 120 MHz, 3996 MHz, 183.15 W, 29
2026/10/08 04:12:43.851, 3, 120 MHz, 3996 MHz, 182.21 W, 29
2026/10/08 04:12:43.851, 4, 2032 MHz, 3996 MHz, 244.34 W, 37
2026/10/08 04:12:43.852, 5, 2032 MHz, 3996 MHz, 237.07 W, 35
2026/10/08 04:12:43.852, 6, 120 MHz, 3996 MHz, 184.83 W, 29
2026/10/08 04:12:43.852, 7, 120 MHz, 3996 MHz, 184.65 W, 27
2026/10/08 04:12:44.852, 0, 120 MHz, 3996 MHz, 186.41 W, 34
2026/10/08 04:12:44.852, 1, 120 MHz, 3996 MHz, 188.23 W, 36
2026/10/08 04:12:44.852, 2, 120 MHz, 3996 MHz, 183.07 W, 29
2026/10/08 04:12:44.852, 3, 120 MHz, 3996 MHz, 182.21 W, 29
2026/10/08 04:12:44.852, 4, 2032 MHz, 3996 MHz, 244.34 W, 37
2026/10/08 04:12:44.852, 5, 2032 MHz, 3996 MHz, 237.38 W, 35
2026/10/08 04:12:44.852, 6, 120 MHz, 3996 MHz, 184.83 W, 29
2026/10/08 04:12:44.852, 7, 120 MHz, 3996 MHz, 184.64 W, 27
2026/10/08 04:12:45.852, 0, 120 MHz, 3996 MHz, 186.41 W, 34
2026/10/08 04:12:45.852, 1, 120 MHz, 3996 MHz, 188.23 W, 36
2026/10/08 04:12:45.852, 2, 120 MHz, 3996 MHz, 183.26 W, 29
2026/10/08 04:12:45.852, 3, 120 MHz, 3996 MHz, 182.22 W, 29
2026/10/08 04:12:45.852, 4, 2032 MHz, 3996 MHz, 244.34 W, 37
2026/10/08 04:12:45.852, 5, 2032 MHz, 3996 MHz, 237.21 W, 35
2026/10/08 04:12:45.852, 6, 120 MHz, 3996 MHz, 184.83 W, 29
2026/10/08 04:12:45.852, 7, 120 MHz, 3996 MHz, 184.62 W, 28
2026/10/08 04:12:46.852, 0, 120 MHz, 3996 MHz, 186.41 W, 34
2026/10/08 04:12:46.852, 1, 120 MHz, 3996 MHz, 188.23 W, 36
2026/10/08 04:12:46.852, 2, 120 MHz, 3996 MHz, 183.17 W, 29
2026/10/08 04:12:46.852, 3, 120 MHz, 3996 MHz, 182.20 W, 29
2026/10/08 04:12:46.852, 4, 2032 MHz, 3996 MHz, 244.34 W, 37
2026/10/08 04:12:46.852, 5, 2032 MHz, 3996 MHz, 237.27 W, 35
2026/10/08 04:12:46.852, 6, 120 MHz, 3996 MHz, 184.83 W, 29
2026/10/08 04:12:46.852, 7, 120 MHz, 3996 MHz, 184.65 W, 28
2026/10/08 04:12:47.852, 0, 120 MHz, 3996 MHz, 186.41 W, 34
2026/10/08 04:12:47.852, 1, 120 MHz, 3996 MHz, 188.23 W, 36
2026/10/08 04:12:47.853, 2, 120 MHz, 3996 MHz, 183.40 W, 29
2026/10/08 04:12:47.853, 3, 120 MHz, 3996 MHz, 182.21 W, 29
2026/10/08 04:12:47.853, 4, 2032 MHz, 3996 MHz, 244.34 W, 37
2026/10/08 04:12:47.853, 5, 2032 MHz, 3996 MHz, 237.02 W, 35
2026/10/08 04:12:47.853, 6, 120 MHz, 3996 MHz, 184.83 W, 29
2026/10/08 04:12:47.853, 7, 120 MHz, 3996 MHz, 184.65 W, 28
2026/10/08 04:12:48.853, 0, 120 MHz, 3996 MHz, 186.41 W, 34
2026/10/08 04:12:48.853, 1, 120 MHz, 3996 MHz, 188.23 W, 36
2026/10/08 04:12:48.853, 2, 120 MHz, 3996 MHz, 183.11 W, 29
2026/10/08 04:12:48.853, 3, 120 MHz, 3996 MHz, 182.22 W, 29
2026/10/08 04:12:48.853, 4, 2032 MHz, 3996 MHz, 244.34 W, 37
2026/10/08 04:12:48.853, 5, 2032 MHz, 3996 MHz, 237.23 W, 35
2026/10/08 04:12:48.853, 6, 120 MHz, 3996 MHz, 184.83 W, 29
2026/10/08 04:12:48.853, 7, 120 MHz, 3996 MHz, 184.63 W, 28
2026/10/08 04:12:49.853, 0, 120 MHz, 3996 MHz, 186.41 W, 34
2026/10/08 04:12:49.853, 1, 120 MHz, 3996 MHz, 188.23 W, 36
2026/10/08 04:12:49.853, 2, 120 MHz, 3996 MHz, 183.27 W, 29
2026/10/08 04:12:49.853, 3, 120 MHz, 3996 MHz, 182.21 W, 29
2026/10/08 04:12:49.853, 4, 2032 MHz, 3996 MHz, 244.34 W, 37
2026/10/08 04:12:49.853, 5, 2032 MHz, 3996 MHz, 238.46 W, 35
2026/10/08 04:12:49.853, 6, 120 MHz, 3996 MHz, 184.83 W, 29
2026/10/08 04:12:49.853, 7, 120 MHz, 3996 MHz, 184.63 W, 28
2026/10/08 04:12:50.853, 0, 120 MHz, 3996 MHz, 186.41 W, 34
2026/10/08 04:12:50.853, 1, 120 MHz, 3996 MHz, 188.23 W, 36
2026/10/08 04:12:50.853, 2, 120 MHz, 3996 MHz, 183.56 W, 29
2026/10/08 04:12:50.853, 3, 120 MHz, 3996 MHz, 182.23 W, 29
2026/10/08 04:12:50.853, 4, 2032 MHz, 3996 MHz, 244.35 W, 37
2026/10/08 04:12:50.853, 5, 2032 MHz, 3996 MHz, 244.17 W, 35
2026/10/08 04:12:50.853, 6, 120 MHz, 3996 MHz, 184.83 W, 29
2026/10/08 04:12:50.853, 7, 120 MHz, 3996 MHz, 184.62 W, 28
2026/10/08 04:12:51.854, 0, 120 MHz, 3996 MHz, 186.41 W, 33
2026/10/08 04:12:51.854, 1, 120 MHz, 3996 MHz, 188.23 W, 36
2026/10/08 04:12:51.854, 2, 120 MHz, 3996 MHz, 183.55 W, 29
2026/10/08 04:12:51.854, 3, 120 MHz, 3996 MHz, 182.22 W, 29
2026/10/08 04:12:51.854, 4, 2032 MHz, 3996 MHz, 261.35 W, 37
2026/10/08 04:12:51.854, 5, 2032 MHz, 3996 MHz, 237.53 W, 35
2026/10/08 04:12:51.854, 6, 120 MHz, 3996 MHz, 184.83 W, 29
2026/10/08 04:12:51.854, 7, 120 MHz, 3996 MHz, 184.62 W, 28
2026/10/08 04:12:52.854, 0, 120 MHz, 3996 MHz, 186.41 W, 33
2026/10/08 04:12:52.854, 1, 120 MHz, 3996 MHz, 188.23 W, 36
2026/10/08 04:12:52.854, 2, 120 MHz, 3996 MHz, 183.55 W, 29
2026/10/08 04:12:52.854, 3, 120 MHz, 3996 MHz, 182.21 W, 29
2026/10/08 04:12:52.854, 4, 2032 MHz, 3996 MHz, 247.07 W, 37
2026/10/08 04:12:52.854, 5, 2032 MHz, 3996 MHz, 236.97 W, 35
2026/10/08 04:12:52.854, 6, 120 MHz, 3996 MHz, 184.83 W, 29
2026/10/08 04:12:52.854, 7, 120 MHz, 3996 MHz, 184.63 W, 28
2026/10/08 04:12:53.854, 0, 120 MHz, 3996 MHz, 186.41 W, 33
2026/10/08 04:12:53.854, 1, 120 MHz, 3996 MHz, 188.23 W, 36
2026/10/08 04:12:53.854, 2, 120 MHz, 3996 MHz, 183.71 W, 29
2026/10/08 04:12:53.854, 3, 120 MHz, 3996 MHz, 182.23 W, 29
2026/10/08 04:12:53.854, 4, 2032 MHz, 3996 MHz, 244.34 W, 37
2026/10/08 04:12:53.854, 5, 2032 MHz, 3996 MHz, 237.19 W, 35
2026/10/08 04:12:53.854, 6, 120 MHz, 3996 MHz, 184.83 W, 29
2026/10/08 04:12:53.854, 7, 120 MHz, 3996 MHz, 184.62 W, 28
2026/10/08 04:12:54.854, 0, 120 MHz, 3996 MHz, 186.41 W, 33
2026/10/08 04:12:54.855, 1, 120 MHz, 3996 MHz, 188.23 W, 36
2026/10/08 04:12:54.855, 2, 120 MHz, 3996 MHz, 183.78 W, 29
2026/10/08 04:12:54.855, 3, 120 MHz, 3996 MHz, 182.22 W, 29
2026/10/08 04:12:54.855, 4, 2032 MHz, 3996 MHz, 244.39 W, 37
2026/10/08 04:12:54.855, 5, 2032 MHz, 3996 MHz, 250.88 W, 36
2026/10/08 04:12:54.855, 6, 120 MHz, 3996 MHz, 184.83 W, 29
2026/10/08 04:12:54.855, 7, 120 MHz, 3996 MHz, 184.60 W, 28
2026/10/08 04:12:55.855, 0, 120 MHz, 3996 MHz, 186.41 W, 33
2026/10/08 04:12:55.855, 1, 120 MHz, 3996 MHz, 188.23 W, 36
2026/10/08 04:12:55.855, 2, 120 MHz, 3996 MHz, 183.94 W, 29
2026/10/08 04:12:55.855, 3, 120 MHz, 3996 MHz, 182.20 W, 29
2026/10/08 04:12:55.855, 4, 2032 MHz, 3996 MHz, 244.34 W, 37
2026/10/08 04:12:55.855, 5, 2032 MHz, 3996 MHz, 236.72 W, 35
2026/10/08 04:12:55.855, 6, 120 MHz, 3996 MHz, 184.83 W, 29
2026/10/08 04:12:55.855, 7, 120 MHz, 3996 MHz, 184.61 W, 28
2026/10/08 04:12:56.855, 0, 120 MHz, 3996 MHz, 186.41 W, 33
2026/10/08 04:12:56.855, 1, 120 MHz, 3996 MHz, 188.23 W, 36
2026/10/08 04:12:56.855, 2, 120 MHz, 3996 MHz, 183.82 W, 29
2026/10/08 04:12:56.855, 3, 120 MHz, 3996 MHz, 182.21 W, 29
2026/10/08 04:12:56.855, 4, 2032 MHz, 3996 MHz, 244.33 W, 37
2026/10/08 04:12:56.855, 5, 2032 MHz, 3996 MHz, 238.31 W, 35
2026/10/08 04:12:56.855, 6, 120 MHz, 3996 MHz, 184.83 W, 29
2026/10/08 04:12:56.855, 7, 120 MHz, 3996 MHz, 184.60 W, 28
2026/10/08 04:12:57.855, 0, 120 MHz, 3996 MHz, 186.41 W, 33
2026/10/08 04:12:57.855, 1, 120 MHz, 3996 MHz, 188.23 W, 36
2026/10/08 04:12:57.855, 2, 120 MHz, 3996 MHz, 183.97 W, 29
2026/10/08 04:12:57.855, 3, 120 MHz, 3996 MHz, 182.24 W, 30
2026/10/08 04:12:57.855, 4, 2032 MHz, 3996 MHz, 244.34 W, 37
2026/10/08 04:12:57.855, 5, 2032 MHz, 3996 MHz, 236.44 W, 35
2026/10/08 04:12:57.855, 6, 120 MHz, 3996 MHz, 184.83 W, 29
2026/10/08 04:12:57.855, 7, 120 MHz, 3996 MHz, 184.59 W, 28
2026/10/08 04:12:58.856, 0, 120 MHz, 3996 MHz, 186.41 W, 33
2026/10/08 04:12:58.856, 1, 120 MHz, 3996 MHz, 188.23 W, 36
2026/10/08 04:12:58.856, 2, 120 MHz, 3996 MHz, 184.01 W, 29
2026/10/08 04:12:58.856, 3, 120 MHz, 3996 MHz, 182.26 W, 30
2026/10/08 04:12:58.856, 4, 2032 MHz, 3996 MHz, 244.34 W, 37
2026/10/08 04:12:58.856, 5, 2032 MHz, 3996 MHz, 236.42 W, 35
2026/10/08 04:12:58.856, 6, 120 MHz, 3996 MHz, 184.83 W, 29
2026/10/08 04:12:58.856, 7, 120 MHz, 3996 MHz, 184.59 W, 28
2026/10/08 04:12:59.856, 0, 120 MHz, 3996 MHz, 186.41 W, 33
2026/10/08 04:12:59.856, 1, 120 MHz, 3996 MHz, 188.23 W, 36
2026/10/08 04:12:59.856, 2, 120 MHz, 3996 MHz, 183.94 W, 29
2026/10/08 04:12:59.856, 3, 120 MHz, 3996 MHz, 182.21 W, 30
2026/10/08 04:12:59.856, 4, 2032 MHz, 3996 MHz, 244.73 W, 37
2026/10/08 04:12:59.856, 5, 2032 MHz, 3996 MHz, 236.54 W, 35
2026/10/08 04:12:59.856, 6, 120 MHz, 3996 MHz, 184.83 W, 29
2026/10/08 04:12:59.856, 7, 120 MHz, 3996 MHz, 184.59 W, 28
2026/10/08 04:13:00.856, 0, 120 MHz, 3996 MHz, 186.41 W, 33
2026/10/08 04:13:00.856, 1, 120 MHz, 3996 MHz, 188.23 W, 36
2026/10/08 04:13:00.856, 2, 120 MHz, 3996 MHz, 183.97 W, 29
2026/10/08 04:13:00.856, 3, 120 MHz, 3996 MHz, 182.25 W, 30
2026/10/08 04:13:00.856, 4, 2032 MHz, 3996 MHz, 244.34 W, 37
2026/10/08 04:13:00.856, 5, 2032 MHz, 3996 MHz, 236.46 W, 35
2026/10/08 04:13:00.856, 6, 120 MHz, 3996 MHz, 184.83 W, 29
2026/10/08 04:13:00.856, 7, 120 MHz, 3996 MHz, 184.61 W, 28
2026/10/08 04:13:01.857, 0, 120 MHz, 3996 MHz, 186.41 W, 33
2026/10/08 04:13:01.857, 1, 120 MHz, 3996 MHz, 188.23 W, 36
2026/10/08 04:13:01.857, 2, 120 MHz, 3996 MHz, 184.09 W, 30
2026/10/08 04:13:01.857, 3, 120 MHz, 3996 MHz, 182.20 W, 30
2026/10/08 04:13:01.857, 4, 2032 MHz, 3996 MHz, 244.34 W, 37
2026/10/08 04:13:01.857, 5, 2032 MHz, 3996 MHz, 236.64 W, 35
2026/10/08 04:13:01.857, 6, 120 MHz, 3996 MHz, 184.83 W, 29
2026/10/08 04:13:01.857, 7, 120 MHz, 3996 MHz, 184.59 W, 28
2026/10/08 04:13:02.857, 0, 120 MHz, 3996 MHz, 186.41 W, 33
2026/10/08 04:13:02.857, 1, 120 MHz, 3996 MHz, 188.23 W, 36
2026/10/08 04:13:02.857, 2, 120 MHz, 3996 MHz, 184.05 W, 30
2026/10/08 04:13:02.857, 3, 120 MHz, 3996 MHz, 182.20 W, 30
2026/10/08 04:13:02.857, 4, 2032 MHz, 3996 MHz, 244.34 W, 37
2026/10/08 04:13:02.857, 5, 2032 MHz, 3996 MHz, 236.49 W, 35
2026/10/08 04:13:02.857, 6, 120 MHz, 3996 MHz, 184.83 W, 29
2026/10/08 04:13:02.857, 7, 120 MHz, 3996 MHz, 184.60 W, 28
2026/10/08 04:13:03.857, 0, 120 MHz, 3996 MHz, 186.41 W, 33
2026/10/08 04:13:03.857, 1, 120 MHz, 3996 MHz, 188.23 W, 36
2026/10/08 04:13:03.857, 2, 120 MHz, 3996 MHz, 184.05 W, 30
2026/10/08 04:13:03.857, 3, 120 MHz, 3996 MHz, 182.23 W, 30
2026/10/08 04:13:03.857, 4, 1507 MHz, 3996 MHz, 300.80 W, 49
2026/10/08 04:13:03.857, 5, 2032 MHz, 3996 MHz, 236.68 W, 35
2026/10/08 04:13:03.857, 6, 120 MHz, 3996 MHz, 184.83 W, 29
2026/10/08 04:13:03.857, 7, 120 MHz, 3996 MHz, 184.61 W, 28
2026/10/08 04:13:04.857, 0, 120 MHz, 3996 MHz, 186.41 W, 33
2026/10/08 04:13:04.857, 1, 120 MHz, 3996 MHz, 188.23 W, 36
2026/10/08 04:13:04.857, 2, 120 MHz, 3996 MHz, 184.09 W, 30
2026/10/08 04:13:04.857, 3, 120 MHz, 3996 MHz, 182.24 W, 30
2026/10/08 04:13:04.857, 4, 2032 MHz, 3996 MHz, 561.07 W, 41
2026/10/08 04:13:04.857, 5, 2032 MHz, 3996 MHz, 236.34 W, 35
2026/10/08 04:13:04.857, 6, 120 MHz, 3996 MHz, 184.83 W, 29
2026/10/08 04:13:04.858, 7, 120 MHz, 3996 MHz, 184.62 W, 28
2026/10/08 04:13:05.858, 0, 120 MHz, 3996 MHz, 186.41 W, 33
2026/10/08 04:13:05.858, 1, 120 MHz, 3996 MHz, 188.23 W, 36
2026/10/08 04:13:05.858, 2, 120 MHz, 3996 MHz, 184.05 W, 30
2026/10/08 04:13:05.858, 3, 120 MHz, 3996 MHz, 182.28 W, 30
2026/10/08 04:13:05.858, 4, 2032 MHz, 3996 MHz, 262.43 W, 44
2026/10/08 04:13:05.858, 5, 2032 MHz, 3996 MHz, 236.67 W, 35
2026/10/08 04:13:05.858, 6, 120 MHz, 3996 MHz, 184.83 W, 29
2026/10/08 04:13:05.858, 7, 120 MHz, 3996 MHz, 184.62 W, 28
2026/10/08 04:13:06.858, 0, 120 MHz, 3996 MHz, 186.41 W, 33
2026/10/08 04:13:06.858, 1, 120 MHz, 3996 MHz, 188.23 W, 36
2026/10/08 04:13:06.858, 2, 120 MHz, 3996 MHz, 184.09 W, 30
2026/10/08 04:13:06.858, 3, 120 MHz, 3996 MHz, 182.21 W, 30
2026/10/08 04:13:06.858, 4, 1282 MHz, 3996 MHz, 947.02 W, 55
2026/10/08 04:13:06.858, 5, 2032 MHz, 3996 MHz, 235.45 W, 35
2026/10/08 04:13:06.858, 6, 120 MHz, 3996 MHz, 184.83 W, 29
2026/10/08 04:13:06.858, 7, 120 MHz, 3996 MHz, 184.61 W, 28
2026/10/08 04:13:07.858, 0, 120 MHz, 3996 MHz, 186.41 W, 33
2026/10/08 04:13:07.858, 1, 120 MHz, 3996 MHz, 188.23 W, 36
2026/10/08 04:13:07.858, 2, 120 MHz, 3996 MHz, 184.09 W, 30
2026/10/08 04:13:07.858, 3, 120 MHz, 3996 MHz, 182.30 W, 30
2026/10/08 04:13:07.858, 4, 1327 MHz, 3996 MHz, 1080.48 W, 57
2026/10/08 04:13:07.858, 5, 2032 MHz, 3996 MHz, 235.14 W, 35
2026/10/08 04:13:07.858, 6, 120 MHz, 3996 MHz, 184.83 W, 29
2026/10/08 04:13:07.858, 7, 120 MHz, 3996 MHz, 184.60 W, 28
2026/10/08 04:13:08.858, 0, 120 MHz, 3996 MHz, 186.41 W, 33
2026/10/08 04:13:08.859, 1, 120 MHz, 3996 MHz, 188.23 W, 36
2026/10/08 04:13:08.859, 2, 120 MHz, 3996 MHz, 184.09 W, 30
2026/10/08 04:13:08.859, 3, 120 MHz, 3996 MHz, 182.25 W, 30
2026/10/08 04:13:08.859, 4, 1312 MHz, 3996 MHz, 1087.37 W, 58
2026/10/08 04:13:08.859, 5, 2032 MHz, 3996 MHz, 235.20 W, 35
2026/10/08 04:13:08.859, 6, 120 MHz, 3996 MHz, 184.83 W, 29
2026/10/08 04:13:08.859, 7, 120 MHz, 3996 MHz, 184.62 W, 28
2026/10/08 04:13:09.859, 0, 120 MHz, 3996 MHz, 186.41 W, 33
2026/10/08 04:13:09.859, 1, 120 MHz, 3996 MHz, 188.23 W, 36
2026/10/08 04:13:09.859, 2, 120 MHz, 3996 MHz, 184.09 W, 30
2026/10/08 04:13:09.859, 3, 120 MHz, 3996 MHz, 182.27 W, 30
2026/10/08 04:13:09.859, 4, 1327 MHz, 3996 MHz, 1082.72 W, 58
2026/10/08 04:13:09.859, 5, 2032 MHz, 3996 MHz, 594.23 W, 41
2026/10/08 04:13:09.859, 6, 120 MHz, 3996 MHz, 184.83 W, 29
2026/10/08 04:13:09.859, 7, 120 MHz, 3996 MHz, 184.60 W, 28
2026/10/08 04:13:10.859, 0, 120 MHz, 3996 MHz, 186.41 W, 33
2026/10/08 04:13:10.859, 1, 120 MHz, 3996 MHz, 188.23 W, 36
2026/10/08 04:13:10.859, 2, 120 MHz, 3996 MHz, 184.09 W, 30
2026/10/08 04:13:10.859, 3, 120 MHz, 3996 MHz, 182.20 W, 30
2026/10/08 04:13:10.859, 4, 2032 MHz, 3996 MHz, 1028.78 W, 52
2026/10/08 04:13:10.859, 5, 2032 MHz, 3996 MHz, 245.74 W, 36
2026/10/08 04:13:10.859, 6, 120 MHz, 3996 MHz, 184.83 W, 29
2026/10/08 04:13:10.859, 7, 120 MHz, 3996 MHz, 184.61 W, 28
2026/10/08 04:13:11.859, 0, 120 MHz, 3996 MHz, 186.41 W, 33
2026/10/08 04:13:11.859, 1, 120 MHz, 3996 MHz, 188.23 W, 36
2026/10/08 04:13:11.859, 2, 120 MHz, 3996 MHz, 184.09 W, 30
2026/10/08 04:13:11.859, 3, 120 MHz, 3996 MHz, 182.36 W, 30
2026/10/08 04:13:11.859, 4, 2032 MHz, 3996 MHz, 1022.41 W, 53
2026/10/08 04:13:11.860, 5, 1410 MHz, 3996 MHz, 812.93 W, 50
2026/10/08 04:13:11.860, 6, 120 MHz, 3996 MHz, 184.83 W, 30
2026/10/08 04:13:11.860, 7, 120 MHz, 3996 MHz, 184.62 W, 29
2026/10/08 04:13:12.860, 0, 120 MHz, 3996 MHz, 186.41 W, 33
2026/10/08 04:13:12.860, 1, 120 MHz, 3996 MHz, 188.23 W, 36
2026/10/08 04:13:12.860, 2, 120 MHz, 3996 MHz, 184.09 W, 30
2026/10/08 04:13:12.860, 3, 120 MHz, 3996 MHz, 182.24 W, 30
2026/10/08 04:13:12.860, 4, 2032 MHz, 3996 MHz, 1023.15 W, 53
2026/10/08 04:13:12.860, 5, 1357 MHz, 3996 MHz, 1085.75 W, 55
2026/10/08 04:13:12.860, 6, 120 MHz, 3996 MHz, 184.83 W, 30
2026/10/08 04:13:12.860, 7, 120 MHz, 3996 MHz, 184.60 W, 29
2026/10/08 04:13:13.860, 0, 120 MHz, 3996 MHz, 186.41 W, 33
2026/10/08 04:13:13.860, 1, 120 MHz, 3996 MHz, 188.23 W, 36
2026/10/08 04:13:13.860, 2, 120 MHz, 3996 MHz, 184.09 W, 30
2026/10/08 04:13:13.860, 3, 120 MHz, 3996 MHz, 182.23 W, 30
2026/10/08 04:13:13.860, 4, 2032 MHz, 3996 MHz, 1023.23 W, 53
2026/10/08 04:13:13.860, 5, 1365 MHz, 3996 MHz, 1088.47 W, 55
2026/10/08 04:13:13.860, 6, 120 MHz, 3996 MHz, 184.83 W, 30
2026/10/08 04:13:13.860, 7, 120 MHz, 3996 MHz, 184.61 W, 29
2026/10/08 04:13:14.860, 0, 120 MHz, 3996 MHz, 186.41 W, 34
2026/10/08 04:13:14.860, 1, 120 MHz, 3996 MHz, 188.23 W, 36
2026/10/08 04:13:14.860, 2, 120 MHz, 3996 MHz, 184.09 W, 30
2026/10/08 04:13:14.860, 3, 120 MHz, 3996 MHz, 182.29 W, 30
2026/10/08 04:13:14.860, 4, 2032 MHz, 3996 MHz, 1025.79 W, 54
2026/10/08 04:13:14.860, 5, 1357 MHz, 3996 MHz, 1087.34 W, 56
2026/10/08 04:13:14.860, 6, 120 MHz, 3996 MHz, 184.83 W, 30
2026/10/08 04:13:14.860, 7, 120 MHz, 3996 MHz, 184.59 W, 29
2026/10/08 04:13:15.860, 0, 120 MHz, 3996 MHz, 186.41 W, 34
2026/10/08 04:13:15.861, 1, 120 MHz, 3996 MHz, 188.23 W, 36
2026/10/08 04:13:15.861, 2, 120 MHz, 3996 MHz, 184.09 W, 30
2026/10/08 04:13:15.861, 3, 120 MHz, 3996 MHz, 182.42 W, 30
2026/10/08 04:13:15.861, 4, 2032 MHz, 3996 MHz, 1027.29 W, 54
2026/10/08 04:13:15.861, 5, 2032 MHz, 3996 MHz, 1036.74 W, 50
2026/10/08 04:13:15.861, 6, 120 MHz, 3996 MHz, 184.83 W, 30
2026/10/08 04:13:15.861, 7, 120 MHz, 3996 MHz, 184.64 W, 29
2026/10/08 04:13:16.861, 0, 120 MHz, 3996 MHz, 186.41 W, 34
2026/10/08 04:13:16.861, 1, 120 MHz, 3996 MHz, 188.23 W, 36
2026/10/08 04:13:16.861, 2, 120 MHz, 3996 MHz, 184.09 W, 30
2026/10/08 04:13:16.861, 3, 120 MHz, 3996 MHz, 182.22 W, 30
2026/10/08 04:13:16.861, 4, 2032 MHz, 3996 MHz, 1026.43 W, 54
2026/10/08 04:13:16.861, 5, 2032 MHz, 3996 MHz, 999.02 W, 50
2026/10/08 04:13:16.861, 6, 120 MHz, 3996 MHz, 184.83 W, 30
2026/10/08 04:13:16.861, 7, 120 MHz, 3996 MHz, 184.62 W, 29
2026/10/08 04:13:17.861, 0, 120 MHz, 3996 MHz, 186.41 W, 34
2026/10/08 04:13:17.861, 1, 120 MHz, 3996 MHz, 188.23 W, 36
2026/10/08 04:13:17.861, 2, 120 MHz, 3996 MHz, 184.09 W, 30
2026/10/08 04:13:17.861, 3, 120 MHz, 3996 MHz, 182.45 W, 30
2026/10/08 04:13:17.861, 4, 2032 MHz, 3996 MHz, 1027.21 W, 55
2026/10/08 04:13:17.861, 5, 2032 MHz, 3996 MHz, 1000.61 W, 51
2026/10/08 04:13:17.861, 6, 120 MHz, 3996 MHz, 184.83 W, 30
2026/10/08 04:13:17.861, 7, 120 MHz, 3996 MHz, 184.62 W, 29
2026/10/08 04:13:18.861, 0, 120 MHz, 3996 MHz, 186.41 W, 34
2026/10/08 04:13:18.861, 1, 120 MHz, 3996 MHz, 188.23 W, 36
2026/10/08 04:13:18.861, 2, 120 MHz, 3996 MHz, 184.09 W, 30
2026/10/08 04:13:18.861, 3, 120 MHz, 3996 MHz, 182.58 W, 30
2026/10/08 04:13:18.861, 4, 2032 MHz, 3996 MHz, 1028.62 W, 55
2026/10/08 04:13:18.861, 5, 2032 MHz, 3996 MHz, 1000.01 W, 51
2026/10/08 04:13:18.861, 6, 120 MHz, 3996 MHz, 184.83 W, 30
2026/10/08 04:13:18.861, 7, 120 MHz, 3996 MHz, 184.65 W, 29
2026/10/08 04:13:19.862, 0, 120 MHz, 3996 MHz, 186.41 W, 34
2026/10/08 04:13:19.862, 1, 120 MHz, 3996 MHz, 188.23 W, 36
2026/10/08 04:13:19.862, 2, 120 MHz, 3996 MHz, 184.09 W, 30
2026/10/08 04:13:19.862, 3, 120 MHz, 3996 MHz, 182.49 W, 30
2026/10/08 04:13:19.862, 4, 2032 MHz, 3996 MHz, 1028.68 W, 56
2026/10/08 04:13:19.862, 5, 2032 MHz, 3996 MHz, 1002.66 W, 52
2026/10/08 04:13:19.862, 6, 120 MHz, 3996 MHz, 184.83 W, 30
2026/10/08 04:13:19.862, 7, 120 MHz, 3996 MHz, 184.60 W, 29
2026/10/08 04:13:20.862, 0, 120 MHz, 3996 MHz, 186.41 W, 34
2026/10/08 04:13:20.862, 1, 120 MHz, 3996 MHz, 188.23 W, 36
2026/10/08 04:13:20.862, 2, 120 MHz, 3996 MHz, 184.09 W, 30
2026/10/08 04:13:20.862, 3, 120 MHz, 3996 MHz, 182.61 W, 31
2026/10/08 04:13:20.862, 4, 2032 MHz, 3996 MHz, 1029.34 W, 56
2026/10/08 04:13:20.862, 5, 2032 MHz, 3996 MHz, 1003.22 W, 52
2026/10/08 04:13:20.862, 6, 120 MHz, 3996 MHz, 184.83 W, 30
2026/10/08 04:13:20.862, 7, 120 MHz, 3996 MHz, 184.71 W, 29
2026/10/08 04:13:21.862, 0, 120 MHz, 3996 MHz, 186.41 W, 34
2026/10/08 04:13:21.862, 1, 120 MHz, 3996 MHz, 188.23 W, 36
2026/10/08 04:13:21.862, 2, 120 MHz, 3996 MHz, 184.09 W, 30
2026/10/08 04:13:21.862, 3, 120 MHz, 3996 MHz, 182.52 W, 31
2026/10/08 04:13:21.862, 4, 2032 MHz, 3996 MHz, 1031.89 W, 56
2026/10/08 04:13:21.862, 5, 2032 MHz, 3996 MHz, 1003.24 W, 52
2026/10/08 04:13:21.862, 6, 120 MHz, 3996 MHz, 184.83 W, 30
2026/10/08 04:13:21.862, 7, 120 MHz, 3996 MHz, 184.73 W, 29
2026/10/08 04:13:22.862, 0, 120 MHz, 3996 MHz, 186.41 W, 34
2026/10/08 04:13:22.863, 1, 120 MHz, 3996 MHz, 188.23 W, 36
2026/10/08 04:13:22.863, 2, 120 MHz, 3996 MHz, 184.09 W, 30
2026/10/08 04:13:22.863, 3, 120 MHz, 3996 MHz, 182.41 W, 31
2026/10/08 04:13:22.863, 4, 2032 MHz, 3996 MHz, 1032.47 W, 56
2026/10/08 04:13:22.863, 5, 2032 MHz, 3996 MHz, 1004.14 W, 53
2026/10/08 04:13:22.863, 6, 120 MHz, 3996 MHz, 184.83 W, 30
2026/10/08 04:13:22.863, 7, 120 MHz, 3996 MHz, 184.77 W, 29
2026/10/08 04:13:23.863, 0, 120 MHz, 3996 MHz, 186.41 W, 34
2026/10/08 04:13:23.863, 1, 120 MHz, 3996 MHz, 188.23 W, 36
2026/10/08 04:13:23.863, 2, 120 MHz, 3996 MHz, 184.09 W, 30
2026/10/08 04:13:23.863, 3, 120 MHz, 3996 MHz, 182.52 W, 31
2026/10/08 04:13:23.863, 4, 2032 MHz, 3996 MHz, 1032.33 W, 57
2026/10/08 04:13:23.863, 5, 2032 MHz, 3996 MHz, 1007.05 W, 53
2026/10/08 04:13:23.863, 6, 120 MHz, 3996 MHz, 184.83 W, 30
2026/10/08 04:13:23.863, 7, 120 MHz, 3996 MHz, 184.68 W, 29
2026/10/08 04:13:24.863, 0, 120 MHz, 3996 MHz, 186.41 W, 34
2026/10/08 04:13:24.863, 1, 120 MHz, 3996 MHz, 188.23 W, 36
2026/10/08 04:13:24.863, 2, 120 MHz, 3996 MHz, 184.09 W, 30
2026/10/08 04:13:24.863, 3, 120 MHz, 3996 MHz, 182.68 W, 31
2026/10/08 04:13:24.863, 4, 1312 MHz, 3996 MHz, 1070.23 W, 63
2026/10/08 04:13:24.863, 5, 2032 MHz, 3996 MHz, 1006.66 W, 53
2026/10/08 04:13:24.863, 6, 120 MHz, 3996 MHz, 184.83 W, 30
2026/10/08 04:13:24.863, 7, 120 MHz, 3996 MHz, 184.73 W, 29
2026/10/08 04:13:25.863, 0, 120 MHz, 3996 MHz, 186.41 W, 34
2026/10/08 04:13:25.863, 1, 120 MHz, 3996 MHz, 188.23 W, 36
2026/10/08 04:13:25.863, 2, 120 MHz, 3996 MHz, 184.09 W, 31
2026/10/08 04:13:25.863, 3, 120 MHz, 3996 MHz, 182.95 W, 31
2026/10/08 04:13:25.863, 4, 1327 MHz, 3996 MHz, 1085.57 W, 63
2026/10/08 04:13:25.863, 5, 2032 MHz, 3996 MHz, 1007.04 W, 54
2026/10/08 04:13:25.863, 6, 120 MHz, 3996 MHz, 184.87 W, 30
2026/10/08 04:13:25.863, 7, 120 MHz, 3996 MHz, 184.68 W, 29
2026/10/08 04:13:26.864, 0, 120 MHz, 3996 MHz, 186.41 W, 34
2026/10/08 04:13:26.864, 1, 120 MHz, 3996 MHz, 188.23 W, 36
2026/10/08 04:13:26.864, 2, 120 MHz, 3996 MHz, 184.09 W, 31
2026/10/08 04:13:26.864, 3, 120 MHz, 3996 MHz, 182.79 W, 31
2026/10/08 04:13:26.864, 4, 1312 MHz, 3996 MHz, 1080.11 W, 64
2026/10/08 04:13:26.864, 5, 2032 MHz, 3996 MHz, 1010.21 W, 54
2026/10/08 04:13:26.864, 6, 120 MHz, 3996 MHz, 184.83 W, 30
2026/10/08 04:13:26.864, 7, 120 MHz, 3996 MHz, 184.76 W, 29
2026/10/08 04:13:27.864, 0, 120 MHz, 3996 MHz, 186.41 W, 34
2026/10/08 04:13:27.864, 1, 120 MHz, 3996 MHz, 188.23 W, 36
2026/10/08 04:13:27.864, 2, 120 MHz, 3996 MHz, 184.09 W, 31
2026/10/08 04:13:27.864, 3, 120 MHz, 3996 MHz, 182.80 W, 31
2026/10/08 04:13:27.864, 4, 1312 MHz, 3996 MHz, 1084.31 W, 64
2026/10/08 04:13:27.864, 5, 2032 MHz, 3996 MHz, 1011.74 W, 54
2026/10/08 04:13:27.864, 6, 120 MHz, 3996 MHz, 184.83 W, 30
2026/10/08 04:13:27.864, 7, 120 MHz, 3996 MHz, 184.74 W, 29
2026/10/08 04:13:28.864, 0, 120 MHz, 3996 MHz, 186.41 W, 34
2026/10/08 04:13:28.864, 1, 120 MHz, 3996 MHz, 188.23 W, 36
2026/10/08 04:13:28.864, 2, 120 MHz, 3996 MHz, 184.09 W, 31
2026/10/08 04:13:28.864, 3, 120 MHz, 3996 MHz, 182.88 W, 31
2026/10/08 04:13:28.864, 4, 1350 MHz, 3996 MHz, 1078.41 W, 64
2026/10/08 04:13:28.864, 5, 2032 MHz, 3996 MHz, 1011.99 W, 55
2026/10/08 04:13:28.864, 6, 120 MHz, 3996 MHz, 184.83 W, 30
2026/10/08 04:13:28.864, 7, 120 MHz, 3996 MHz, 185.00 W, 29
2026/10/08 04:13:29.864, 0, 120 MHz, 3996 MHz, 186.41 W, 34
2026/10/08 04:13:29.865, 1, 120 MHz, 3996 MHz, 188.23 W, 36
2026/10/08 04:13:29.865, 2, 120 MHz, 3996 MHz, 184.09 W, 31
2026/10/08 04:13:29.865, 3, 120 MHz, 3996 MHz, 182.72 W, 31
2026/10/08 04:13:29.865, 4, 2032 MHz, 3996 MHz, 1021.20 W, 58
2026/10/08 04:13:29.865, 5, 1320 MHz, 3996 MHz, 1062.72 W, 61
2026/10/08 04:13:29.865, 6, 120 MHz, 3996 MHz, 184.83 W, 30
2026/10/08 04:13:29.865, 7, 120 MHz, 3996 MHz, 185.10 W, 29
2026/10/08 04:13:30.865, 0, 120 MHz, 3996 MHz, 186.41 W, 34
2026/10/08 04:13:30.865, 1, 120 MHz, 3996 MHz, 188.23 W, 36
2026/10/08 04:13:30.865, 2, 120 MHz, 3996 MHz, 184.09 W, 31
2026/10/08 04:13:30.865, 3, 120 MHz, 3996 MHz, 183.06 W, 31
2026/10/08 04:13:30.865, 4, 2032 MHz, 3996 MHz, 1034.40 W, 59
2026/10/08 04:13:30.865, 5, 1365 MHz, 3996 MHz, 1086.55 W, 62
2026/10/08 04:13:30.865, 6, 120 MHz, 3996 MHz, 184.87 W, 30
2026/10/08 04:13:30.865, 7, 120 MHz, 3996 MHz, 185.16 W, 29
2026/10/08 04:13:31.865, 0, 120 MHz, 3996 MHz, 186.41 W, 34
2026/10/08 04:13:31.865, 1, 120 MHz, 3996 MHz, 188.23 W, 36
2026/10/08 04:13:31.865, 2, 120 MHz, 3996 MHz, 184.09 W, 31
2026/10/08 04:13:31.865, 3, 120 MHz, 3996 MHz, 184.04 W, 31
2026/10/08 04:13:31.865, 4, 2032 MHz, 3996 MHz, 1033.95 W, 59
2026/10/08 04:13:31.865, 5, 1365 MHz, 3996 MHz, 1088.66 W, 62
2026/10/08 04:13:31.865, 6, 120 MHz, 3996 MHz, 185.63 W, 30
2026/10/08 04:13:31.865, 7, 120 MHz, 3996 MHz, 185.29 W, 29
2026/10/08 04:13:32.865, 0, 120 MHz, 3996 MHz, 186.41 W, 34
2026/10/08 04:13:32.865, 1, 120 MHz, 3996 MHz, 188.23 W, 36
2026/10/08 04:13:32.865, 2, 120 MHz, 3996 MHz, 184.09 W, 31
2026/10/08 04:13:32.865, 3, 120 MHz, 3996 MHz, 184.04 W, 31
2026/10/08 04:13:32.865, 4, 2032 MHz, 3996 MHz, 1035.48 W, 59
2026/10/08 04:13:32.865, 5, 1357 MHz, 3996 MHz, 1088.80 W, 62
2026/10/08 04:13:32.865, 6, 120 MHz, 3996 MHz, 186.70 W, 30
2026/10/08 04:13:32.865, 7, 120 MHz, 3996 MHz, 185.28 W, 29
2026/10/08 04:13:33.866, 0, 120 MHz, 3996 MHz, 186.41 W, 34
2026/10/08 04:13:33.866, 1, 120 MHz, 3996 MHz, 188.23 W, 36
2026/10/08 04:13:33.866, 2, 120 MHz, 3996 MHz, 184.09 W, 31
2026/10/08 04:13:33.866, 3, 120 MHz, 3996 MHz, 183.20 W, 31
2026/10/08 04:13:33.866, 4, 2032 MHz, 3996 MHz, 1037.04 W, 59
2026/10/08 04:13:33.866, 5, 1417 MHz, 3996 MHz, 1081.67 W, 62
2026/10/08 04:13:33.866, 6, 120 MHz, 3996 MHz, 185.86 W, 30
2026/10/08 04:13:33.866, 7, 120 MHz, 3996 MHz, 185.24 W, 29
2026/10/08 04:13:34.866, 0, 120 MHz, 3996 MHz, 186.41 W, 34
2026/10/08 04:13:34.866, 1, 120 MHz, 3996 MHz, 188.23 W, 36
2026/10/08 04:13:34.866, 2, 120 MHz, 3996 MHz, 184.09 W, 31
2026/10/08 04:13:34.866, 3, 120 MHz, 3996 MHz, 183.48 W, 31
2026/10/08 04:13:34.866, 4, 2032 MHz, 3996 MHz, 1036.44 W, 59
2026/10/08 04:13:34.866, 5, 2032 MHz, 3996 MHz, 996.23 W, 56
2026/10/08 04:13:34.866, 6, 120 MHz, 3996 MHz, 185.06 W, 30
2026/10/08 04:13:34.866, 7, 120 MHz, 3996 MHz, 185.34 W, 30
2026/10/08 04:13:35.866, 0, 120 MHz, 3996 MHz, 186.41 W, 34
2026/10/08 04:13:35.866, 1, 120 MHz, 3996 MHz, 188.23 W, 36
2026/10/08 04:13:35.866, 2, 120 MHz, 3996 MHz, 184.09 W, 31
2026/10/08 04:13:35.866, 3, 120 MHz, 3996 MHz, 183.19 W, 31
2026/10/08 04:13:35.866, 4, 2032 MHz, 3996 MHz, 1036.54 W, 60
2026/10/08 04:13:35.866, 5, 2032 MHz, 3996 MHz, 1010.62 W, 56
2026/10/08 04:13:35.866, 6, 120 MHz, 3996 MHz, 185.21 W, 30
2026/10/08 04:13:35.866, 7, 120 MHz, 3996 MHz, 185.62 W, 30
2026/10/08 04:13:36.866, 0, 120 MHz, 3996 MHz, 186.41 W, 34
2026/10/08 04:13:36.867, 1, 120 MHz, 3996 MHz, 188.23 W, 36
2026/10/08 04:13:36.867, 2, 120 MHz, 3996 MHz, 184.09 W, 31
2026/10/08 04:13:36.867, 3, 120 MHz, 3996 MHz, 183.51 W, 31
2026/10/08 04:13:36.867, 4, 2032 MHz, 3996 MHz, 1039.01 W, 60
2026/10/08 04:13:36.867, 5, 2032 MHz, 3996 MHz, 1010.33 W, 57
2026/10/08 04:13:36.867, 6, 120 MHz, 3996 MHz, 185.26 W, 31
2026/10/08 04:13:36.867, 7, 120 MHz, 3996 MHz, 186.05 W, 30
2026/10/08 04:13:37.867, 0, 120 MHz, 3996 MHz, 186.41 W, 34
2026/10/08 04:13:37.867, 1, 120 MHz, 3996 MHz, 188.23 W, 36
2026/10/08 04:13:37.867, 2, 120 MHz, 3996 MHz, 184.09 W, 31
2026/10/08 04:13:37.867, 3, 120 MHz, 3996 MHz, 183.46 W, 31
2026/10/08 04:13:37.867, 4, 2032 MHz, 3996 MHz, 1038.92 W, 60
2026/10/08 04:13:37.867, 5, 2032 MHz, 3996 MHz, 1011.41 W, 57
2026/10/08 04:13:37.867, 6, 120 MHz, 3996 MHz, 185.40 W, 31
2026/10/08 04:13:37.867, 7, 120 MHz, 3996 MHz, 185.81 W, 30
2026/10/08 04:13:38.867, 0, 120 MHz, 3996 MHz, 186.41 W, 34
2026/10/08 04:13:38.867, 1, 120 MHz, 3996 MHz, 188.23 W, 36
2026/10/08 04:13:38.867, 2, 120 MHz, 3996 MHz, 184.09 W, 31
2026/10/08 04:13:38.867, 3, 120 MHz, 3996 MHz, 183.79 W, 31
2026/10/08 04:13:38.867, 4, 2032 MHz, 3996 MHz, 1039.17 W, 60
2026/10/08 04:13:38.867, 5, 2032 MHz, 3996 MHz, 1012.63 W, 57
2026/10/08 04:13:38.867, 6, 120 MHz, 3996 MHz, 185.76 W, 31
2026/10/08 04:13:38.867, 7, 120 MHz, 3996 MHz, 185.93 W, 30
2026/10/08 04:13:39.867, 0, 120 MHz, 3996 MHz, 186.41 W, 34
2026/10/08 04:13:39.867, 1, 120 MHz, 3996 MHz, 188.23 W, 36
2026/10/08 04:13:39.867, 2, 120 MHz, 3996 MHz, 184.09 W, 31
2026/10/08 04:13:39.867, 3, 120 MHz, 3996 MHz, 183.51 W, 31
2026/10/08 04:13:39.867, 4, 2032 MHz, 3996 MHz, 1039.37 W, 60
2026/10/08 04:13:39.867, 5, 2032 MHz, 3996 MHz, 1012.48 W, 57
2026/10/08 04:13:39.867, 6, 120 MHz, 3996 MHz, 185.64 W, 31
2026/10/08 04:13:39.867, 7, 120 MHz, 3996 MHz, 186.02 W, 30
2026/10/08 04:13:40.868, 0, 120 MHz, 3996 MHz, 186.41 W, 34
2026/10/08 04:13:40.868, 1, 120 MHz, 3996 MHz, 188.23 W, 36
2026/10/08 04:13:40.868, 2, 120 MHz, 3996 MHz, 184.09 W, 31
2026/10/08 04:13:40.868, 3, 120 MHz, 3996 MHz, 183.68 W, 31
2026/10/08 04:13:40.868, 4, 2032 MHz, 3996 MHz, 1041.68 W, 60
2026/10/08 04:13:40.868, 5, 2032 MHz, 3996 MHz, 1012.77 W, 57
2026/10/08 04:13:40.868, 6, 120 MHz, 3996 MHz, 186.09 W, 31
2026/10/08 04:13:40.868, 7, 120 MHz, 3996 MHz, 186.27 W, 30
2026/10/08 04:13:41.868, 0, 120 MHz, 3996 MHz, 186.41 W, 34
2026/10/08 04:13:41.868, 1, 120 MHz, 3996 MHz, 188.23 W, 36
2026/10/08 04:13:41.868, 2, 120 MHz, 3996 MHz, 184.09 W, 31
2026/10/08 04:13:41.868, 3, 120 MHz, 3996 MHz, 183.57 W, 31
2026/10/08 04:13:41.868, 4, 2032 MHz, 3996 MHz, 1041.00 W, 60
2026/10/08 04:13:41.868, 5, 2032 MHz, 3996 MHz, 1013.99 W, 57
2026/10/08 04:13:41.868, 6, 120 MHz, 3996 MHz, 186.12 W, 31
2026/10/08 04:13:41.868, 7, 120 MHz, 3996 MHz, 186.29 W, 30
2026/10/08 04:13:42.868, 0, 120 MHz, 3996 MHz, 186.41 W, 34
2026/10/08 04:13:42.868, 1, 120 MHz, 3996 MHz, 188.23 W, 36
2026/10/08 04:13:42.868, 2, 120 MHz, 3996 MHz, 184.09 W, 31
2026/10/08 04:13:42.868, 3, 120 MHz, 3996 MHz, 183.69 W, 31
2026/10/08 04:13:42.868, 4, 2032 MHz, 3996 MHz, 1040.53 W, 60
2026/10/08 04:13:42.868, 5, 2032 MHz, 3996 MHz, 1015.55 W, 57
2026/10/08 04:13:42.868, 6, 120 MHz, 3996 MHz, 186.13 W, 31
2026/10/08 04:13:42.868, 7, 120 MHz, 3996 MHz, 186.23 W, 30
2026/10/08 04:13:43.869, 0, 120 MHz, 3996 MHz, 186.41 W, 34
2026/10/08 04:13:43.869, 1, 120 MHz, 3996 MHz, 188.23 W, 36
2026/10/08 04:13:43.869, 2, 120 MHz, 3996 MHz, 184.09 W, 31
2026/10/08 04:13:43.869, 3, 120 MHz, 3996 MHz, 183.67 W, 32
2026/10/08 04:13:43.869, 4, 2032 MHz, 3996 MHz, 581.29 W, 51
2026/10/08 04:13:43.869, 5, 2032 MHz, 3996 MHz, 1015.45 W, 57
2026/10/08 04:13:43.869, 6, 120 MHz, 3996 MHz, 186.17 W, 31
2026/10/08 04:13:43.869, 7, 120 MHz, 3996 MHz, 186.23 W, 30
2026/10/08 04:13:44.869, 0, 120 MHz, 3996 MHz, 186.41 W, 34
2026/10/08 04:13:44.869, 1, 120 MHz, 3996 MHz, 188.23 W, 36
2026/10/08 04:13:44.869, 2, 120 MHz, 3996 MHz, 184.09 W, 31
2026/10/08 04:13:44.869, 3, 120 MHz, 3996 MHz, 183.18 W, 32
2026/10/08 04:13:44.869, 4, 2032 MHz, 3996 MHz, 267.86 W, 49
2026/10/08 04:13:44.869, 5, 2032 MHz, 3996 MHz, 1017.17 W, 58
2026/10/08 04:13:44.869, 6, 120 MHz, 3996 MHz, 186.31 W, 31
2026/10/08 04:13:44.869, 7, 120 MHz, 3996 MHz, 186.50 W, 30
2026/10/08 04:13:45.869, 0, 120 MHz, 3996 MHz, 186.41 W, 34
2026/10/08 04:13:45.869, 1, 120 MHz, 3996 MHz, 188.23 W, 36
2026/10/08 04:13:45.869, 2, 120 MHz, 3996 MHz, 184.09 W, 31
2026/10/08 04:13:45.869, 3, 120 MHz, 3996 MHz, 182.97 W, 32
2026/10/08 04:13:45.869, 4, 2032 MHz, 3996 MHz, 253.52 W, 48
2026/10/08 04:13:45.869, 5, 2032 MHz, 3996 MHz, 1018.26 W, 58
2026/10/08 04:13:45.869, 6, 120 MHz, 3996 MHz, 186.55 W, 31
2026/10/08 04:13:45.869, 7, 120 MHz, 3996 MHz, 186.47 W, 30
2026/10/08 04:13:46.869, 0, 120 MHz, 3996 MHz, 186.41 W, 34
2026/10/08 04:13:46.870, 1, 120 MHz, 3996 MHz, 188.23 W, 36
2026/10/08 04:13:46.870, 2, 120 MHz, 3996 MHz, 184.09 W, 31
2026/10/08 04:13:46.870, 3, 120 MHz, 3996 MHz, 183.10 W, 32
2026/10/08 04:13:46.870, 4, 2032 MHz, 3996 MHz, 253.12 W, 47
2026/10/08 04:13:46.870, 5, 2032 MHz, 3996 MHz, 1018.79 W, 58
2026/10/08 04:13:46.870, 6, 120 MHz, 3996 MHz, 186.55 W, 31
2026/10/08 04:13:46.870, 7, 120 MHz, 3996 MHz, 186.41 W, 30
2026/10/08 04:13:47.870, 0, 120 MHz, 3996 MHz, 186.41 W, 34
2026/10/08 04:13:47.870, 1, 120 MHz, 3996 MHz, 188.23 W, 36
2026/10/08 04:13:47.870, 2, 120 MHz, 3996 MHz, 184.09 W, 31
2026/10/08 04:13:47.870, 3, 120 MHz, 3996 MHz, 183.09 W, 32
2026/10/08 04:13:47.870, 4, 2032 MHz, 3996 MHz, 252.42 W, 47
2026/10/08 04:13:47.870, 5, 2032 MHz, 3996 MHz, 1018.22 W, 58
2026/10/08 04:13:47.870, 6, 120 MHz, 3996 MHz, 186.54 W, 31
2026/10/08 04:13:47.870, 7, 120 MHz, 3996 MHz, 186.45 W, 30
2026/10/08 04:13:48.870, 0, 120 MHz, 3996 MHz, 186.41 W, 34
2026/10/08 04:13:48.870, 1, 120 MHz, 3996 MHz, 188.23 W, 36
2026/10/08 04:13:48.870, 2, 120 MHz, 3996 MHz, 184.09 W, 32
2026/10/08 04:13:48.870, 3, 120 MHz, 3996 MHz, 183.03 W, 32
2026/10/08 04:13:48.870, 4, 2032 MHz, 3996 MHz, 251.79 W, 46
2026/10/08 04:13:48.870, 5, 2032 MHz, 3996 MHz, 448.72 W, 48
2026/10/08 04:13:48.870, 6, 120 MHz, 3996 MHz, 186.55 W, 31
2026/10/08 04:13:48.870, 7, 120 MHz, 3996 MHz, 186.44 W, 30
2026/10/08 04:13:49.870, 0, 120 MHz, 3996 MHz, 186.41 W, 34
2026/10/08 04:13:49.870, 1, 120 MHz, 3996 MHz, 188.23 W, 36
2026/10/08 04:13:49.870, 2, 120 MHz, 3996 MHz, 184.09 W, 32
2026/10/08 04:13:49.870, 3, 120 MHz, 3996 MHz, 183.10 W, 32
2026/10/08 04:13:49.870, 4, 2032 MHz, 3996 MHz, 251.93 W, 46
2026/10/08 04:13:49.870, 5, 2032 MHz, 3996 MHz, 258.22 W, 46
2026/10/08 04:13:49.870, 6, 120 MHz, 3996 MHz, 186.66 W, 31
2026/10/08 04:13:49.871, 7, 120 MHz, 3996 MHz, 186.58 W, 30
2026/10/08 04:13:50.871, 0, 120 MHz, 3996 MHz, 186.41 W, 34
2026/10/08 04:13:50.871, 1, 120 MHz, 3996 MHz, 188.23 W, 36
2026/10/08 04:13:50.871, 2, 120 MHz, 3996 MHz, 184.09 W, 32
2026/10/08 04:13:50.871, 3, 120 MHz, 3996 MHz, 183.19 W, 32
2026/10/08 04:13:50.871, 4, 2025 MHz, 3996 MHz, 250.57 W, 45
2026/10/08 04:13:50.871, 5, 2032 MHz, 3996 MHz, 245.09 W, 45
2026/10/08 04:13:50.871, 6, 120 MHz, 3996 MHz, 186.70 W, 31
2026/10/08 04:13:50.871, 7, 120 MHz, 3996 MHz, 186.51 W, 30
2026/10/08 04:13:51.871, 0, 120 MHz, 3996 MHz, 186.41 W, 34
2026/10/08 04:13:51.871, 1, 120 MHz, 3996 MHz, 188.23 W, 36
2026/10/08 04:13:51.871, 2, 120 MHz, 3996 MHz, 184.09 W, 32
2026/10/08 04:13:51.871, 3, 120 MHz, 3996 MHz, 183.22 W, 32
2026/10/08 04:13:51.871, 4, 375 MHz, 3996 MHz, 239.36 W, 44
2026/10/08 04:13:51.871, 5, 2032 MHz, 3996 MHz, 244.40 W, 45
2026/10/08 04:13:51.871, 6, 120 MHz, 3996 MHz, 186.70 W, 31
2026/10/08 04:13:51.871, 7, 120 MHz, 3996 MHz, 186.51 W, 30
2026/10/08 04:13:52.871, 0, 120 MHz, 3996 MHz, 186.41 W, 34
2026/10/08 04:13:52.871, 1, 120 MHz, 3996 MHz, 188.23 W, 36
2026/10/08 04:13:52.871, 2, 120 MHz, 3996 MHz, 184.09 W, 32
2026/10/08 04:13:52.871, 3, 120 MHz, 3996 MHz, 183.18 W, 32
2026/10/08 04:13:52.871, 4, 240 MHz, 3996 MHz, 190.65 W, 44
2026/10/08 04:13:52.871, 5, 2032 MHz, 3996 MHz, 244.46 W, 44
2026/10/08 04:13:52.871, 6, 120 MHz, 3996 MHz, 186.74 W, 31
2026/10/08 04:13:52.871, 7, 120 MHz, 3996 MHz, 186.52 W, 30
2026/10/08 04:13:53.872, 0, 120 MHz, 3996 MHz, 186.41 W, 34
2026/10/08 04:13:53.872, 1, 120 MHz, 3996 MHz, 188.23 W, 36
2026/10/08 04:13:53.872, 2, 120 MHz, 3996 MHz, 184.09 W, 32
2026/10/08 04:13:53.872, 3, 120 MHz, 3996 MHz, 183.52 W, 32
2026/10/08 04:13:53.872, 4, 150 MHz, 3996 MHz, 188.71 W, 43
2026/10/08 04:13:53.872, 5, 2032 MHz, 3996 MHz, 244.17 W, 44
2026/10/08 04:13:53.872, 6, 120 MHz, 3996 MHz, 186.74 W, 31
2026/10/08 04:13:53.872, 7, 120 MHz, 3996 MHz, 186.55 W, 30
2026/10/08 04:13:54.872, 0, 120 MHz, 3996 MHz, 186.41 W, 34
2026/10/08 04:13:54.872, 1, 120 MHz, 3996 MHz, 188.23 W, 36
2026/10/08 04:13:54.872, 2, 120 MHz, 3996 MHz, 184.09 W, 32
2026/10/08 04:13:54.872, 3, 120 MHz, 3996 MHz, 183.76 W, 32
2026/10/08 04:13:54.872, 4, 120 MHz, 3996 MHz, 188.28 W, 43
2026/10/08 04:13:54.872, 5, 2032 MHz, 3996 MHz, 243.89 W, 44
2026/10/08 04:13:54.872, 6, 120 MHz, 3996 MHz, 186.74 W, 31
2026/10/08 04:13:54.872, 7, 120 MHz, 3996 MHz, 186.57 W, 30
