timestamp, index, clocks.current.sm [MHz], clocks.current.memory [MHz], power.draw [W], temperature.gpu
2026/10/08 03:41:52.809, 0, 120 MHz, 3996 MHz, 186.41 W, 38
2026/10/08 03:41:52.811, 1, 120 MHz, 3996 MHz, 188.46 W, 40
2026/10/08 03:41:52.813, 2, 120 MHz, 3996 MHz, 186.05 W, 34
2026/10/08 03:41:52.814, 3, 120 MHz, 3996 MHz, 185.38 W, 34
2026/10/08 03:41:52.816, 4, 120 MHz, 3996 MHz, 186.53 W, 40
2026/10/08 03:41:52.817, 5, 120 MHz, 3996 MHz, 185.82 W, 40
2026/10/08 03:41:52.818, 6, 120 MHz, 3996 MHz, 188.72 W, 35
2026/10/08 03:41:52.820, 7, 120 MHz, 3996 MHz, 186.53 W, 33
2026/10/08 03:41:53.822, 0, 120 MHz, 3996 MHz, 186.41 W, 38
2026/10/08 03:41:53.822, 1, 120 MHz, 3996 MHz, 188.38 W, 40
2026/10/08 03:41:53.822, 2, 120 MHz, 3996 MHz, 186.05 W, 34
2026/10/08 03:41:53.822, 3, 120 MHz, 3996 MHz, 185.21 W, 34
2026/10/08 03:41:53.822, 4, 120 MHz, 3996 MHz, 186.53 W, 40
2026/10/08 03:41:53.822, 5, 120 MHz, 3996 MHz, 185.99 W, 39
2026/10/08 03:41:53.822, 6, 120 MHz, 3996 MHz, 188.72 W, 35
2026/10/08 03:41:53.822, 7, 120 MHz, 3996 MHz, 186.53 W, 33
2026/10/08 03:41:54.822, 0, 120 MHz, 3996 MHz, 186.41 W, 38
2026/10/08 03:41:54.822, 1, 120 MHz, 3996 MHz, 188.23 W, 40
2026/10/08 03:41:54.822, 2, 120 MHz, 3996 MHz, 186.05 W, 34
2026/10/08 03:41:54.822, 3, 120 MHz, 3996 MHz, 185.01 W, 34
2026/10/08 03:41:54.822, 4, 120 MHz, 3996 MHz, 186.53 W, 40
2026/10/08 03:41:54.822, 5, 120 MHz, 3996 MHz, 185.84 W, 39
2026/10/08 03:41:54.822, 6, 120 MHz, 3996 MHz, 188.72 W, 34
2026/10/08 03:41:54.822, 7, 120 MHz, 3996 MHz, 186.53 W, 33
2026/10/08 03:41:55.823, 0, 120 MHz, 3996 MHz, 186.45 W, 38
2026/10/08 03:41:55.823, 1, 120 MHz, 3996 MHz, 188.26 W, 40
2026/10/08 03:41:55.823, 2, 120 MHz, 3996 MHz, 186.43 W, 34
2026/10/08 03:41:55.823, 3, 120 MHz, 3996 MHz, 184.66 W, 34
2026/10/08 03:41:55.823, 4, 120 MHz, 3996 MHz, 186.53 W, 40
2026/10/08 03:41:55.823, 5, 120 MHz, 3996 MHz, 185.26 W, 39
2026/10/08 03:41:55.823, 6, 120 MHz, 3996 MHz, 188.72 W, 34
2026/10/08 03:41:55.823, 7, 120 MHz, 3996 MHz, 186.53 W, 33
2026/10/08 03:41:56.823, 0, 120 MHz, 3996 MHz, 186.41 W, 38
2026/10/08 03:41:56.823, 1, 120 MHz, 3996 MHz, 188.23 W, 40
2026/10/08 03:41:56.823, 2, 120 MHz, 3996 MHz, 186.12 W, 34
2026/10/08 03:41:56.823, 3, 120 MHz, 3996 MHz, 185.93 W, 34
2026/10/08 03:41:56.823, 4, 120 MHz, 3996 MHz, 186.53 W, 40
2026/10/08 03:41:56.823, 5, 120 MHz, 3996 MHz, 184.99 W, 39
2026/10/08 03:41:56.823, 6, 120 MHz, 3996 MHz, 188.72 W, 34
2026/10/08 03:41:56.823, 7, 120 MHz, 3996 MHz, 186.53 W, 32
2026/10/08 03:41:57.823, 0, 120 MHz, 3996 MHz, 186.41 W, 38
2026/10/08 03:41:57.823, 1, 120 MHz, 3996 MHz, 188.23 W, 40
2026/10/08 03:41:57.823, 2, 120 MHz, 3996 MHz, 186.05 W, 34
2026/10/08 03:41:57.823, 3, 120 MHz, 3996 MHz, 185.63 W, 34
2026/10/08 03:41:57.823, 4, 120 MHz, 3996 MHz, 186.53 W, 40
2026/10/08 03:41:57.823, 5, 120 MHz, 3996 MHz, 185.21 W, 39
2026/10/08 03:41:57.823, 6, 120 MHz, 3996 MHz, 188.72 W, 34
2026/10/08 03:41:57.823, 7, 120 MHz, 3996 MHz, 186.53 W, 32
2026/10/08 03:41:58.823, 0, 120 MHz, 3996 MHz, 186.41 W, 38
2026/10/08 03:41:58.824, 1, 120 MHz, 3996 MHz, 188.23 W, 40
2026/10/08 03:41:58.824, 2, 120 MHz, 3996 MHz, 186.05 W, 34
2026/10/08 03:41:58.824, 3, 120 MHz, 3996 MHz, 184.90 W, 34
2026/10/08 03:41:58.824, 4, 120 MHz, 3996 MHz, 186.53 W, 40
2026/10/08 03:41:58.824, 5, 120 MHz, 3996 MHz, 185.04 W, 39
2026/10/08 03:41:58.824, 6, 120 MHz, 3996 MHz, 188.72 W, 34
2026/10/08 03:41:58.824, 7, 120 MHz, 3996 MHz, 186.53 W, 32
2026/10/08 03:41:59.824, 0, 120 MHz, 3996 MHz, 186.41 W, 38
2026/10/08 03:41:59.824, 1, 120 MHz, 3996 MHz, 188.23 W, 40
2026/10/08 03:41:59.824, 2, 120 MHz, 3996 MHz, 186.05 W, 34
2026/10/08 03:41:59.824, 3, 120 MHz, 3996 MHz, 184.52 W, 34
2026/10/08 03:41:59.824, 4, 120 MHz, 3996 MHz, 186.53 W, 40
2026/10/08 03:41:59.824, 5, 120 MHz, 3996 MHz, 185.05 W, 39
2026/10/08 03:41:59.824, 6, 120 MHz, 3996 MHz, 188.72 W, 34
2026/10/08 03:41:59.824, 7, 120 MHz, 3996 MHz, 186.53 W, 32
2026/10/08 03:42:00.824, 0, 120 MHz, 3996 MHz, 186.41 W, 38
2026/10/08 03:42:00.824, 1, 120 MHz, 3996 MHz, 188.23 W, 40
2026/10/08 03:42:00.824, 2, 120 MHz, 3996 MHz, 186.05 W, 33
2026/10/08 03:42:00.824, 3, 120 MHz, 3996 MHz, 184.40 W, 34
2026/10/08 03:42:00.824, 4, 120 MHz, 3996 MHz, 186.53 W, 39
2026/10/08 03:42:00.824, 5, 120 MHz, 3996 MHz, 184.72 W, 39
2026/10/08 03:42:00.824, 6, 120 MHz, 3996 MHz, 188.72 W, 34
2026/10/08 03:42:00.824, 7, 120 MHz, 3996 MHz, 186.55 W, 32
2026/10/08 03:42:01.824, 0, 120 MHz, 3996 MHz, 186.41 W, 38
2026/10/08 03:42:01.825, 1, 120 MHz, 3996 MHz, 188.23 W, 40
2026/10/08 03:42:01.825, 2, 120 MHz, 3996 MHz, 186.05 W, 33
2026/10/08 03:42:01.825, 3, 120 MHz, 3996 MHz, 184.40 W, 33
2026/10/08 03:42:01.825, 4, 120 MHz, 3996 MHz, 186.53 W, 39
2026/10/08 03:42:01.825, 5, 120 MHz, 3996 MHz, 184.84 W, 39
2026/10/08 03:42:01.825, 6, 120 MHz, 3996 MHz, 188.57 W, 34
2026/10/08 03:42:01.825, 7, 120 MHz, 3996 MHz, 186.53 W, 32
2026/10/08 03:42:02.825, 0, 120 MHz, 3996 MHz, 186.41 W, 38
2026/10/08 03:42:02.825, 1, 120 MHz, 3996 MHz, 188.26 W, 40
2026/10/08 03:42:02.825, 2, 120 MHz, 3996 MHz, 186.05 W, 33
2026/10/08 03:42:02.825, 3, 120 MHz, 3996 MHz, 184.21 W, 33
2026/10/08 03:42:02.825, 4, 120 MHz, 3996 MHz, 186.53 W, 39
2026/10/08 03:42:02.825, 5, 120 MHz, 3996 MHz, 184.90 W, 39
2026/10/08 03:42:02.825, 6, 120 MHz, 3996 MHz, 188.42 W, 34
2026/10/08 03:42:02.825, 7, 120 MHz, 3996 MHz, 186.46 W, 32
2026/10/08 03:42:03.825, 0, 120 MHz, 3996 MHz, 186.41 W, 38
2026/10/08 03:42:03.825, 1, 120 MHz, 3996 MHz, 188.23 W, 40
2026/10/08 03:42:03.825, 2, 120 MHz, 3996 MHz, 186.05 W, 33
2026/10/08 03:42:03.825, 3, 120 MHz, 3996 MHz, 184.29 W, 33
2026/10/08 03:42:03.825, 4, 120 MHz, 3996 MHz, 186.53 W, 39
2026/10/08 03:42:03.825, 5, 120 MHz, 3996 MHz, 184.87 W, 39
2026/10/08 03:42:03.825, 6, 120 MHz, 3996 MHz, 188.02 W, 34
2026/10/08 03:42:03.825, 7, 120 MHz, 3996 MHz, 186.51 W, 32
2026/10/08 03:42:04.825, 0, 120 MHz, 3996 MHz, 186.41 W, 38
2026/10/08 03:42:04.825, 1, 120 MHz, 3996 MHz, 188.23 W, 40
2026/10/08 03:42:04.825, 2, 120 MHz, 3996 MHz, 186.05 W, 33
2026/10/08 03:42:04.825, 3, 120 MHz, 3996 MHz, 184.13 W, 33
2026/10/08 03:42:04.825, 4, 120 MHz, 3996 MHz, 186.53 W, 39
2026/10/08 03:42:04.826, 5, 120 MHz, 3996 MHz, 184.83 W, 39
2026/10/08 03:42:04.826, 6, 120 MHz, 3996 MHz, 188.39 W, 33
2026/10/08 03:42:04.826, 7, 120 MHz, 3996 MHz, 186.50 W, 32
2026/10/08 03:42:05.826, 0, 120 MHz, 3996 MHz, 186.41 W, 38
2026/10/08 03:42:05.826, 1, 120 MHz, 3996 MHz, 188.23 W, 40
2026/10/08 03:42:05.826, 2, 120 MHz, 3996 MHz, 186.05 W, 33
2026/10/08 03:42:05.826, 3, 120 MHz, 3996 MHz, 184.13 W, 33
2026/10/08 03:42:05.826, 4, 120 MHz, 3996 MHz, 186.53 W, 39
2026/10/08 03:42:05.826, 5, 120 MHz, 3996 MHz, 184.79 W, 39
2026/10/08 03:42:05.826, 6, 120 MHz, 3996 MHz, 187.70 W, 33
2026/10/08 03:42:05.826, 7, 120 MHz, 3996 MHz, 186.49 W, 32
2026/10/08 03:42:06.826, 0, 120 MHz, 3996 MHz, 186.41 W, 38
2026/10/08 03:42:06.826, 1, 120 MHz, 3996 MHz, 188.23 W, 39
2026/10/08 03:42:06.826, 2, 120 MHz, 3996 MHz, 186.05 W, 33
2026/10/08 03:42:06.826, 3, 120 MHz, 3996 MHz, 184.17 W, 33
2026/10/08 03:42:06.826, 4, 120 MHz, 3996 MHz, 186.53 W, 39
2026/10/08 03:42:06.826, 5, 120 MHz, 3996 MHz, 184.79 W, 39
2026/10/08 03:42:06.826, 6, 120 MHz, 3996 MHz, 187.54 W, 33
2026/10/08 03:42:06.826, 7, 120 MHz, 3996 MHz, 186.34 W, 32
2026/10/08 03:42:07.826, 0, 120 MHz, 3996 MHz, 186.41 W, 37
2026/10/08 03:42:07.826, 1, 120 MHz, 3996 MHz, 188.23 W, 39
2026/10/08 03:42:07.826, 2, 120 MHz, 3996 MHz, 186.05 W, 33
2026/10/08 03:42:07.826, 3, 120 MHz, 3996 MHz, 184.09 W, 33
2026/10/08 03:42:07.826, 4, 120 MHz, 3996 MHz, 186.53 W, 39
2026/10/08 03:42:07.827, 5, 120 MHz, 3996 MHz, 184.80 W, 39
2026/10/08 03:42:07.827, 6, 120 MHz, 3996 MHz, 187.09 W, 33
2026/10/08 03:42:07.827, 7, 120 MHz, 3996 MHz, 186.41 W, 31
2026/10/08 03:42:08.827, 0, 120 MHz, 3996 MHz, 186.41 W, 37
2026/10/08 03:42:08.827, 1, 120 MHz, 3996 MHz, 188.23 W, 39
2026/10/08 03:42:08.827, 2, 120 MHz, 3996 MHz, 186.05 W, 33
2026/10/08 03:42:08.827, 3, 120 MHz, 3996 MHz, 184.09 W, 33
2026/10/08 03:42:08.827, 4, 120 MHz, 3996 MHz, 186.53 W, 39
2026/10/08 03:42:08.827, 5, 120 MHz, 3996 MHz, 184.80 W, 39
2026/10/08 03:42:08.827, 6, 120 MHz, 3996 MHz, 187.04 W, 33
2026/10/08 03:42:08.828, 7, 120 MHz, 3996 MHz, 185.84 W, 31
2026/10/08 03:42:09.828, 0, 120 MHz, 3996 MHz, 186.41 W, 37
2026/10/08 03:42:09.828, 1, 120 MHz, 3996 MHz, 188.23 W, 39
2026/10/08 03:42:09.828, 2, 120 MHz, 3996 MHz, 186.05 W, 33
2026/10/08 03:42:09.828, 3, 120 MHz, 3996 MHz, 184.09 W, 33
2026/10/08 03:42:09.828, 4, 120 MHz, 3996 MHz, 186.53 W, 39
2026/10/08 03:42:09.828, 5, 120 MHz, 3996 MHz, 184.72 W, 39
2026/10/08 03:42:09.828, 6, 120 MHz, 3996 MHz, 186.85 W, 33
2026/10/08 03:42:09.828, 7, 120 MHz, 3996 MHz, 185.85 W, 31
2026/10/08 03:42:10.828, 0, 120 MHz, 3996 MHz, 186.41 W, 37
2026/10/08 03:42:10.828, 1, 120 MHz, 3996 MHz, 188.23 W, 39
2026/10/08 03:42:10.828, 2, 2032 MHz, 3996 MHz, 207.79 W, 33
2026/10/08 03:42:10.828, 3, 120 MHz, 3996 MHz, 184.03 W, 33
2026/10/08 03:42:10.828, 4, 120 MHz, 3996 MHz, 186.53 W, 39
2026/10/08 03:42:10.828, 5, 120 MHz, 3996 MHz, 184.66 W, 39
2026/10/08 03:42:10.828, 6, 120 MHz, 3996 MHz, 186.78 W, 33
2026/10/08 03:42:10.828, 7, 120 MHz, 3996 MHz, 185.64 W, 31
2026/10/08 03:42:11.828, 0, 120 MHz, 3996 MHz, 186.41 W, 37
2026/10/08 03:42:11.828, 1, 120 MHz, 3996 MHz, 188.23 W, 39
2026/10/08 03:42:11.828, 2, 2032 MHz, 3996 MHz, 236.81 W, 33
2026/10/08 03:42:11.828, 3, 120 MHz, 3996 MHz, 184.04 W, 33
2026/10/08 03:42:11.828, 4, 120 MHz, 3996 MHz, 186.53 W, 39
2026/10/08 03:42:11.829, 5, 120 MHz, 3996 MHz, 184.69 W, 38
2026/10/08 03:42:11.829, 6, 120 MHz, 3996 MHz, 186.78 W, 33
2026/10/08 03:42:11.829, 7, 120 MHz, 3996 MHz, 185.43 W, 31
2026/10/08 03:42:12.829, 0, 120 MHz, 3996 MHz, 186.41 W, 37
2026/10/08 03:42:12.829, 1, 120 MHz, 3996 MHz, 188.23 W, 39
2026/10/08 03:42:12.829, 2, 2032 MHz, 3996 MHz, 237.23 W, 33
2026/10/08 03:42:12.829, 3, 120 MHz, 3996 MHz, 183.97 W, 32
2026/10/08 03:42:12.829, 4, 120 MHz, 3996 MHz, 186.53 W, 39
2026/10/08 03:42:12.829, 5, 120 MHz, 3996 MHz, 184.70 W, 38
2026/10/08 03:42:12.829, 6, 120 MHz, 3996 MHz, 186.78 W, 33
2026/10/08 03:42:12.829, 7, 120 MHz, 3996 MHz, 185.27 W, 31
2026/10/08 03:42:13.829, 0, 120 MHz, 3996 MHz, 186.41 W, 37
2026/10/08 03:42:13.829, 1, 120 MHz, 3996 MHz, 188.23 W, 39
2026/10/08 03:42:13.829, 2, 2032 MHz, 3996 MHz, 238.73 W, 33
2026/10/08 03:42:13.829, 3, 120 MHz, 3996 MHz, 183.97 W, 32
2026/10/08 03:42:13.829, 4, 120 MHz, 3996 MHz, 186.53 W, 39
2026/10/08 03:42:13.829, 5, 120 MHz, 3996 MHz, 184.65 W, 38
2026/10/08 03:42:13.829, 6, 120 MHz, 3996 MHz, 186.78 W, 33
2026/10/08 03:42:13.829, 7, 120 MHz, 3996 MHz, 185.09 W, 31
2026/10/08 03:42:14.829, 0, 120 MHz, 3996 MHz, 186.41 W, 37
2026/10/08 03:42:14.829, 1, 120 MHz, 3996 MHz, 188.23 W, 39
2026/10/08 03:42:14.829, 2, 2032 MHz, 3996 MHz, 238.38 W, 33
2026/10/08 03:42:14.829, 3, 120 MHz, 3996 MHz, 183.97 W, 32
2026/10/08 03:42:14.829, 4, 120 MHz, 3996 MHz, 186.53 W, 39
2026/10/08 03:42:14.829, 5, 120 MHz, 3996 MHz, 184.76 W, 38
2026/10/08 03:42:14.829, 6, 120 MHz, 3996 MHz, 186.78 W, 32
2026/10/08 03:42:14.829, 7, 120 MHz, 3996 MHz, 184.94 W, 31
2026/10/08 03:42:15.830, 0, 120 MHz, 3996 MHz, 186.41 W, 37
2026/10/08 03:42:15.830, 1, 120 MHz, 3996 MHz, 188.23 W, 39
2026/10/08 03:42:15.830, 2, 2032 MHz, 3996 MHz, 255.36 W, 34
2026/10/08 03:42:15.830, 3, 120 MHz, 3996 MHz, 183.97 W, 32
2026/10/08 03:42:15.830, 4, 120 MHz, 3996 MHz, 186.53 W, 39
2026/10/08 03:42:15.830, 5, 120 MHz, 3996 MHz, 184.70 W, 38
2026/10/08 03:42:15.830, 6, 120 MHz, 3996 MHz, 186.78 W, 32
2026/10/08 03:42:15.830, 7, 120 MHz, 3996 MHz, 184.86 W, 31
2026/10/08 03:42:16.830, 0, 120 MHz, 3996 MHz, 186.41 W, 37
2026/10/08 03:42:16.830, 1, 120 MHz, 3996 MHz, 188.23 W, 39
2026/10/08 03:42:16.830, 2, 2032 MHz, 3996 MHz, 237.29 W, 33
2026/10/08 03:42:16.830, 3, 2032 MHz, 3996 MHz, 207.00 W, 33
2026/10/08 03:42:16.830, 4, 120 MHz, 3996 MHz, 186.53 W, 39
2026/10/08 03:42:16.830, 5, 120 MHz, 3996 MHz, 184.64 W, 38
2026/10/08 03:42:16.830, 6, 120 MHz, 3996 MHz, 186.78 W, 32
2026/10/08 03:42:16.830, 7, 120 MHz, 3996 MHz, 184.78 W, 31
2026/10/08 03:42:17.830, 0, 120 MHz, 3996 MHz, 186.41 W, 37
2026/10/08 03:42:17.830, 1, 120 MHz, 3996 MHz, 188.23 W, 39
2026/10/08 03:42:17.830, 2, 2032 MHz, 3996 MHz, 259.49 W, 33
2026/10/08 03:42:17.830, 3, 2032 MHz, 3996 MHz, 236.65 W, 33
2026/10/08 03:42:17.830, 4, 120 MHz, 3996 MHz, 186.53 W, 39
2026/10/08 03:42:17.830, 5, 120 MHz, 3996 MHz, 184.65 W, 38
2026/10/08 03:42:17.830, 6, 120 MHz, 3996 MHz, 186.78 W, 32
2026/10/08 03:42:17.830, 7, 120 MHz, 3996 MHz, 184.63 W, 31
2026/10/08 03:42:18.830, 0, 120 MHz, 3996 MHz, 186.41 W, 37
2026/10/08 03:42:18.831, 1, 120 MHz, 3996 MHz, 188.23 W, 39
2026/10/08 03:42:18.831, 2, 2032 MHz, 3996 MHz, 255.30 W, 36
2026/10/08 03:42:18.831, 3, 2032 MHz, 3996 MHz, 236.62 W, 33
2026/10/08 03:42:18.831, 4, 120 MHz, 3996 MHz, 186.53 W, 39
2026/10/08 03:42:18.831, 5, 120 MHz, 3996 MHz, 184.70 W, 38
2026/10/08 03:42:18.831, 6, 120 MHz, 3996 MHz, 186.78 W, 32
2026/10/08 03:42:18.831, 7, 120 MHz, 3996 MHz, 184.75 W, 30
2026/10/08 03:42:19.831, 0, 120 MHz, 3996 MHz, 186.41 W, 37
2026/10/08 03:42:19.831, 1, 120 MHz, 3996 MHz, 188.23 W, 39
2026/10/08 03:42:19.831, 2, 2032 MHz, 3996 MHz, 298.46 W, 34
2026/10/08 03:42:19.831, 3, 2032 MHz, 3996 MHz, 238.13 W, 33
2026/10/08 03:42:19.831, 4, 120 MHz, 3996 MHz, 186.53 W, 39
2026/10/08 03:42:19.831, 5, 120 MHz, 3996 MHz, 184.66 W, 38
2026/10/08 03:42:19.831, 6, 120 MHz, 3996 MHz, 186.78 W, 32
2026/10/08 03:42:19.831, 7, 120 MHz, 3996 MHz, 184.83 W, 30
2026/10/08 03:42:20.831, 0, 120 MHz, 3996 MHz, 186.41 W, 37
2026/10/08 03:42:20.831, 1, 120 MHz, 3996 MHz, 188.23 W, 39
2026/10/08 03:42:20.831, 2, 2032 MHz, 3996 MHz, 305.54 W, 34
2026/10/08 03:42:20.831, 3, 2032 MHz, 3996 MHz, 238.28 W, 33
2026/10/08 03:42:20.831, 4, 120 MHz, 3996 MHz, 186.53 W, 39
2026/10/08 03:42:20.831, 5, 120 MHz, 3996 MHz, 184.68 W, 38
2026/10/08 03:42:20.831, 6, 120 MHz, 3996 MHz, 186.78 W, 32
2026/10/08 03:42:20.831, 7, 120 MHz, 3996 MHz, 185.99 W, 30
2026/10/08 03:42:21.831, 0, 120 MHz, 3996 MHz, 186.41 W, 37
2026/10/08 03:42:21.831, 1, 120 MHz, 3996 MHz, 188.23 W, 39
2026/10/08 03:42:21.831, 2, 2032 MHz, 3996 MHz, 290.90 W, 34
2026/10/08 03:42:21.831, 3, 2032 MHz, 3996 MHz, 237.45 W, 33
2026/10/08 03:42:21.831, 4, 120 MHz, 3996 MHz, 186.30 W, 39
2026/10/08 03:42:21.831, 5, 120 MHz, 3996 MHz, 184.66 W, 38
2026/10/08 03:42:21.831, 6, 120 MHz, 3996 MHz, 186.78 W, 32
2026/10/08 03:42:21.831, 7, 120 MHz, 3996 MHz, 185.81 W, 30
2026/10/08 03:42:22.832, 0, 120 MHz, 3996 MHz, 186.41 W, 37
2026/10/08 03:42:22.832, 1, 120 MHz, 3996 MHz, 188.23 W, 39
2026/10/08 03:42:22.832, 2, 2032 MHz, 3996 MHz, 254.49 W, 33
2026/10/08 03:42:22.832, 3, 2032 MHz, 3996 MHz, 255.76 W, 33
2026/10/08 03:42:22.832, 4, 120 MHz, 3996 MHz, 186.18 W, 38
2026/10/08 03:42:22.832, 5, 120 MHz, 3996 MHz, 184.67 W, 38
2026/10/08 03:42:22.832, 6, 120 MHz, 3996 MHz, 186.78 W, 32
2026/10/08 03:42:22.832, 7, 120 MHz, 3996 MHz, 185.89 W, 30
2026/10/08 03:42:23.832, 0, 120 MHz, 3996 MHz, 186.41 W, 37
2026/10/08 03:42:23.832, 1, 120 MHz, 3996 MHz, 188.23 W, 39
2026/10/08 03:42:23.832, 2, 2032 MHz, 3996 MHz, 258.01 W, 33
2026/10/08 03:42:23.832, 3, 2032 MHz, 3996 MHz, 274.39 W, 33
2026/10/08 03:42:23.832, 4, 120 MHz, 3996 MHz, 186.42 W, 38
2026/10/08 03:42:23.832, 5, 120 MHz, 3996 MHz, 184.64 W, 38
2026/10/08 03:42:23.832, 6, 120 MHz, 3996 MHz, 186.78 W, 32
2026/10/08 03:42:23.832, 7, 120 MHz, 3996 MHz, 185.63 W, 30
2026/10/08 03:42:24.832, 0, 120 MHz, 3996 MHz, 186.41 W, 37
2026/10/08 03:42:24.832, 1, 120 MHz, 3996 MHz, 188.23 W, 39
2026/10/08 03:42:24.832, 2, 2032 MHz, 3996 MHz, 248.47 W, 33
2026/10/08 03:42:24.832, 3, 2032 MHz, 3996 MHz, 237.73 W, 33
2026/10/08 03:42:24.832, 4, 120 MHz, 3996 MHz, 185.87 W, 38
2026/10/08 03:42:24.832, 5, 120 MHz, 3996 MHz, 184.69 W, 38
2026/10/08 03:42:24.832, 6, 120 MHz, 3996 MHz, 186.78 W, 31
2026/10/08 03:42:24.832, 7, 120 MHz, 3996 MHz, 185.36 W, 30
2026/10/08 03:42:25.832, 0, 120 MHz, 3996 MHz, 186.41 W, 36
2026/10/08 03:42:25.833, 1, 120 MHz, 3996 MHz, 188.23 W, 39
2026/10/08 03:42:25.833, 2, 2032 MHz, 3996 MHz, 241.57 W, 33
2026/10/08 03:42:25.833, 3, 2032 MHz, 3996 MHz, 265.62 W, 33
2026/10/08 03:42:25.833, 4, 120 MHz, 3996 MHz, 186.15 W, 38
2026/10/08 03:42:25.833, 5, 120 MHz, 3996 MHz, 184.64 W, 37
2026/10/08 03:42:25.833, 6, 120 MHz, 3996 MHz, 186.78 W, 31
2026/10/08 03:42:25.833, 7, 120 MHz, 3996 MHz, 185.16 W, 30
2026/10/08 03:42:26.833, 0, 120 MHz, 3996 MHz, 186.41 W, 36
2026/10/08 03:42:26.833, 1, 120 MHz, 3996 MHz, 188.23 W, 38
2026/10/08 03:42:26.833, 2, 2032 MHz, 3996 MHz, 243.45 W, 33
2026/10/08 03:42:26.833, 3, 2032 MHz, 3996 MHz, 323.15 W, 34
2026/10/08 03:42:26.833, 4, 120 MHz, 3996 MHz, 185.85 W, 38
2026/10/08 03:42:26.833, 5, 120 MHz, 3996 MHz, 184.65 W, 37
2026/10/08 03:42:26.833, 6, 120 MHz, 3996 MHz, 186.78 W, 31
2026/10/08 03:42:26.833, 7, 120 MHz, 3996 MHz, 185.05 W, 30
2026/10/08 03:42:27.833, 0, 120 MHz, 3996 MHz, 186.41 W, 36
2026/10/08 03:42:27.833, 1, 120 MHz, 3996 MHz, 188.23 W, 38
2026/10/08 03:42:27.833, 2, 2032 MHz, 3996 MHz, 236.62 W, 33
2026/10/08 03:42:27.833, 3, 2032 MHz, 3996 MHz, 294.94 W, 34
2026/10/08 03:42:27.833, 4, 120 MHz, 3996 MHz, 185.73 W, 38
2026/10/08 03:42:27.833, 5, 120 MHz, 3996 MHz, 184.60 W, 37
2026/10/08 03:42:27.833, 6, 120 MHz, 3996 MHz, 186.78 W, 31
2026/10/08 03:42:27.833, 7, 120 MHz, 3996 MHz, 184.88 W, 30
2026/10/08 03:42:28.833, 0, 120 MHz, 3996 MHz, 186.41 W, 36
2026/10/08 03:42:28.833, 1, 120 MHz, 3996 MHz, 188.23 W, 38
2026/10/08 03:42:28.833, 2, 2032 MHz, 3996 MHz, 236.74 W, 33
2026/10/08 03:42:28.833, 3, 2032 MHz, 3996 MHz, 273.22 W, 33
2026/10/08 03:42:28.833, 4, 120 MHz, 3996 MHz, 185.68 W, 38
2026/10/08 03:42:28.833, 5, 120 MHz, 3996 MHz, 184.60 W, 37
2026/10/08 03:42:28.833, 6, 120 MHz, 3996 MHz, 186.78 W, 31
2026/10/08 03:42:28.833, 7, 120 MHz, 3996 MHz, 184.78 W, 30
2026/10/08 03:42:29.834, 0, 120 MHz, 3996 MHz, 186.41 W, 36
2026/10/08 03:42:29.834, 1, 120 MHz, 3996 MHz, 188.23 W, 38
2026/10/08 03:42:29.834, 2, 2032 MHz, 3996 MHz, 236.62 W, 32
2026/10/08 03:42:29.834, 3, 2032 MHz, 3996 MHz, 249.86 W, 33
2026/10/08 03:42:29.834, 4, 120 MHz, 3996 MHz, 185.37 W, 38
2026/10/08 03:42:29.834, 5, 120 MHz, 3996 MHz, 184.65 W, 37
2026/10/08 03:42:29.834, 6, 120 MHz, 3996 MHz, 186.78 W, 31
2026/10/08 03:42:29.834, 7, 120 MHz, 3996 MHz, 184.70 W, 30
2026/10/08 03:42:30.834, 0, 120 MHz, 3996 MHz, 186.41 W, 36
2026/10/08 03:42:30.834, 1, 120 MHz, 3996 MHz, 188.23 W, 38
2026/10/08 03:42:30.834, 2, 2032 MHz, 3996 MHz, 237.00 W, 32
2026/10/08 03:42:30.834, 3, 2032 MHz, 3996 MHz, 253.59 W, 33
2026/10/08 03:42:30.834, 4, 120 MHz, 3996 MHz, 185.27 W, 38
2026/10/08 03:42:30.834, 5, 120 MHz, 3996 MHz, 184.58 W, 37
2026/10/08 03:42:30.834, 6, 120 MHz, 3996 MHz, 186.78 W, 31
2026/10/08 03:42:30.834, 7, 120 MHz, 3996 MHz, 184.63 W, 29
2026/10/08 03:42:31.834, 0, 120 MHz, 3996 MHz, 186.41 W, 36
2026/10/08 03:42:31.834, 1, 120 MHz, 3996 MHz, 188.23 W, 38
2026/10/08 03:42:31.834, 2, 2032 MHz, 3996 MHz, 245.05 W, 32
2026/10/08 03:42:31.834, 3, 2032 MHz, 3996 MHz, 247.67 W, 33
2026/10/08 03:42:31.834, 4, 120 MHz, 3996 MHz, 185.52 W, 38
2026/10/08 03:42:31.834, 5, 120 MHz, 3996 MHz, 184.53 W, 37
2026/10/08 03:42:31.834, 6, 120 MHz, 3996 MHz, 186.78 W, 31
2026/10/08 03:42:31.834, 7, 120 MHz, 3996 MHz, 184.71 W, 29
2026/10/08 03:42:32.834, 0, 120 MHz, 3996 MHz, 186.41 W, 36
2026/10/08 03:42:32.835, 1, 120 MHz, 3996 MHz, 188.23 W, 38
2026/10/08 03:42:32.835, 2, 2032 MHz, 3996 MHz, 236.63 W, 32
2026/10/08 03:42:32.835, 3, 2032 MHz, 3996 MHz, 241.78 W, 33
2026/10/08 03:42:32.835, 4, 120 MHz, 3996 MHz, 184.71 W, 38
2026/10/08 03:42:32.835, 5, 120 MHz, 3996 MHz, 184.63 W, 37
2026/10/08 03:42:32.835, 6, 120 MHz, 3996 MHz, 186.78 W, 31
2026/10/08 03:42:32.835, 7, 120 MHz, 3996 MHz, 184.68 W, 29
2026/10/08 03:42:33.835, 0, 120 MHz, 3996 MHz, 186.41 W, 36
2026/10/08 03:42:33.835, 1, 120 MHz, 3996 MHz, 188.23 W, 38
2026/10/08 03:42:33.835, 2, 2032 MHz, 3996 MHz, 236.64 W, 32
2026/10/08 03:42:33.835, 3, 2032 MHz, 3996 MHz, 241.58 W, 32
2026/10/08 03:42:33.835, 4, 120 MHz, 3996 MHz, 184.82 W, 38
2026/10/08 03:42:33.835, 5, 120 MHz, 3996 MHz, 184.45 W, 37
2026/10/08 03:42:33.835, 6, 120 MHz, 3996 MHz, 186.78 W, 31
2026/10/08 03:42:33.835, 7, 120 MHz, 3996 MHz, 184.67 W, 29
2026/10/08 03:42:34.835, 0, 120 MHz, 3996 MHz, 186.41 W, 36
2026/10/08 03:42:34.835, 1, 120 MHz, 3996 MHz, 188.23 W, 38
2026/10/08 03:42:34.835, 2, 2032 MHz, 3996 MHz, 236.66 W, 32
2026/10/08 03:42:34.835, 3, 2032 MHz, 3996 MHz, 236.82 W, 32
2026/10/08 03:42:34.835, 4, 120 MHz, 3996 MHz, 184.78 W, 38
2026/10/08 03:42:34.835, 5, 120 MHz, 3996 MHz, 184.53 W, 37
2026/10/08 03:42:34.835, 6, 120 MHz, 3996 MHz, 186.78 W, 31
2026/10/08 03:42:34.835, 7, 120 MHz, 3996 MHz, 184.63 W, 29
2026/10/08 03:42:35.835, 0, 120 MHz, 3996 MHz, 186.41 W, 36
2026/10/08 03:42:35.836, 1, 120 MHz, 3996 MHz, 188.23 W, 38
2026/10/08 03:42:35.836, 2, 2032 MHz, 3996 MHz, 236.66 W, 32
2026/10/08 03:42:35.836, 3, 2032 MHz, 3996 MHz, 236.93 W, 32
2026/10/08 03:42:35.836, 4, 120 MHz, 3996 MHz, 184.71 W, 38
2026/10/08 03:42:35.836, 5, 120 MHz, 3996 MHz, 184.39 W, 37
2026/10/08 03:42:35.836, 6, 120 MHz, 3996 MHz, 186.78 W, 31
2026/10/08 03:42:35.836, 7, 120 MHz, 3996 MHz, 184.60 W, 29
2026/10/08 03:42:36.836, 0, 120 MHz, 3996 MHz, 186.41 W, 36
2026/10/08 03:42:36.836, 1, 120 MHz, 3996 MHz, 188.23 W, 38
2026/10/08 03:42:36.836, 2, 2032 MHz, 3996 MHz, 236.66 W, 32
2026/10/08 03:42:36.836, 3, 2032 MHz, 3996 MHz, 236.66 W, 32
2026/10/08 03:42:36.836, 4, 120 MHz, 3996 MHz, 184.63 W, 38
2026/10/08 03:42:36.836, 5, 120 MHz, 3996 MHz, 184.44 W, 37
2026/10/08 03:42:36.836, 6, 120 MHz, 3996 MHz, 186.78 W, 31
2026/10/08 03:42:36.836, 7, 120 MHz, 3996 MHz, 184.60 W, 29
2026/10/08 03:42:37.836, 0, 120 MHz, 3996 MHz, 186.41 W, 36
2026/10/08 03:42:37.836, 1, 120 MHz, 3996 MHz, 188.23 W, 38
2026/10/08 03:42:37.836, 2, 2032 MHz, 3996 MHz, 240.79 W, 32
2026/10/08 03:42:37.836, 3, 2032 MHz, 3996 MHz, 242.10 W, 32
2026/10/08 03:42:37.836, 4, 120 MHz, 3996 MHz, 184.70 W, 38
2026/10/08 03:42:37.836, 5, 120 MHz, 3996 MHz, 184.56 W, 37
2026/10/08 03:42:37.836, 6, 120 MHz, 3996 MHz, 186.78 W, 30
2026/10/08 03:42:37.836, 7, 120 MHz, 3996 MHz, 184.62 W, 29
2026/10/08 03:42:38.836, 0, 120 MHz, 3996 MHz, 186.41 W, 36
2026/10/08 03:42:38.836, 1, 120 MHz, 3996 MHz, 188.23 W, 38
2026/10/08 03:42:38.837, 2, 2032 MHz, 3996 MHz, 236.63 W, 32
2026/10/08 03:42:38.837, 3, 2032 MHz, 3996 MHz, 242.68 W, 32
2026/10/08 03:42:38.837, 4, 120 MHz, 3996 MHz, 184.66 W, 38
2026/10/08 03:42:38.837, 5, 120 MHz, 3996 MHz, 184.51 W, 37
2026/10/08 03:42:38.837, 6, 120 MHz, 3996 MHz, 186.78 W, 30
2026/10/08 03:42:38.837, 7, 120 MHz, 3996 MHz, 184.62 W, 29
2026/10/08 03:42:39.837, 0, 120 MHz, 3996 MHz, 186.41 W, 36
2026/10/08 03:42:39.837, 1, 120 MHz, 3996 MHz, 188.23 W, 38
2026/10/08 03:42:39.837, 2, 2032 MHz, 3996 MHz, 236.66 W, 32
2026/10/08 03:42:39.837, 3, 2032 MHz, 3996 MHz, 236.66 W, 32
2026/10/08 03:42:39.838, 4, 120 MHz, 3996 MHz, 184.59 W, 38
2026/10/08 03:42:39.838, 5, 120 MHz, 3996 MHz, 184.32 W, 36
2026/10/08 03:42:39.838, 6, 120 MHz, 3996 MHz, 186.78 W, 30
2026/10/08 03:42:39.838, 7, 120 MHz, 3996 MHz, 184.60 W, 29
2026/10/08 03:42:40.838, 0, 120 MHz, 3996 MHz, 186.41 W, 36
2026/10/08 03:42:40.838, 1, 120 MHz, 3996 MHz, 188.23 W, 38
2026/10/08 03:42:40.838, 2, 2032 MHz, 3996 MHz, 236.66 W, 32
2026/10/08 03:42:40.838, 3, 2032 MHz, 3996 MHz, 236.66 W, 32
2026/10/08 03:42:40.838, 4, 120 MHz, 3996 MHz, 184.59 W, 37
2026/10/08 03:42:40.838, 5, 120 MHz, 3996 MHz, 184.33 W, 36
2026/10/08 03:42:40.838, 6, 120 MHz, 3996 MHz, 186.78 W, 30
2026/10/08 03:42:40.838, 7, 120 MHz, 3996 MHz, 184.60 W, 29
2026/10/08 03:42:41.838, 0, 120 MHz, 3996 MHz, 186.41 W, 36
2026/10/08 03:42:41.838, 1, 120 MHz, 3996 MHz, 188.23 W, 38
2026/10/08 03:42:41.838, 2, 2032 MHz, 3996 MHz, 236.66 W, 32
2026/10/08 03:42:41.838, 3, 2032 MHz, 3996 MHz, 236.70 W, 32
2026/10/08 03:42:41.838, 4, 120 MHz, 3996 MHz, 184.59 W, 37
2026/10/08 03:42:41.838, 5, 120 MHz, 3996 MHz, 184.51 W, 36
2026/10/08 03:42:41.838, 6, 120 MHz, 3996 MHz, 186.78 W, 30
2026/10/08 03:42:41.838, 7, 120 MHz, 3996 MHz, 184.61 W, 29
2026/10/08 03:42:42.838, 0, 120 MHz, 3996 MHz, 186.41 W, 36
2026/10/08 03:42:42.838, 1, 120 MHz, 3996 MHz, 188.23 W, 38
2026/10/08 03:42:42.838, 2, 2032 MHz, 3996 MHz, 236.66 W, 32
2026/10/08 03:42:42.838, 3, 2032 MHz, 3996 MHz, 236.70 W, 32
2026/10/08 03:42:42.838, 4, 120 MHz, 3996 MHz, 184.59 W, 37
2026/10/08 03:42:42.838, 5, 120 MHz, 3996 MHz, 184.28 W, 36
2026/10/08 03:42:42.838, 6, 120 MHz, 3996 MHz, 186.78 W, 30
2026/10/08 03:42:42.839, 7, 120 MHz, 3996 MHz, 184.59 W, 29
2026/10/08 03:42:43.839, 0, 120 MHz, 3996 MHz, 186.41 W, 35
2026/10/08 03:42:43.839, 1, 120 MHz, 3996 MHz, 188.23 W, 38
2026/10/08 03:42:43.839, 2, 2032 MHz, 3996 MHz, 236.88 W, 32
2026/10/08 03:42:43.839, 3, 2032 MHz, 3996 MHz, 236.66 W, 32
2026/10/08 03:42:43.839, 4, 120 MHz, 3996 MHz, 184.59 W, 37
2026/10/08 03:42:43.839, 5, 120 MHz, 3996 MHz, 184.39 W, 36
2026/10/08 03:42:43.839, 6, 120 MHz, 3996 MHz, 186.78 W, 30
2026/10/08 03:42:43.839, 7, 120 MHz, 3996 MHz, 184.62 W, 29
2026/10/08 03:42:44.839, 0, 120 MHz, 3996 MHz, 186.41 W, 35
2026/10/08 03:42:44.839, 1, 120 MHz, 3996 MHz, 188.23 W, 38
2026/10/08 03:42:44.839, 2, 2032 MHz, 3996 MHz, 593.25 W, 34
2026/10/08 03:42:44.839, 3, 2032 MHz, 3996 MHz, 593.13 W, 35
2026/10/08 03:42:44.839, 4, 120 MHz, 3996 MHz, 184.59 W, 37
2026/10/08 03:42:44.839, 5, 120 MHz, 3996 MHz, 184.29 W, 36
2026/10/08 03:42:44.839, 6, 120 MHz, 3996 MHz, 186.78 W, 30
2026/10/08 03:42:44.839, 7, 120 MHz, 3996 MHz, 184.62 W, 29
2026/10/08 03:42:45.839, 0, 120 MHz, 3996 MHz, 186.41 W, 35
2026/10/08 03:42:45.839, 1, 120 MHz, 3996 MHz, 188.23 W, 37
2026/10/08 03:42:45.839, 2, 1252 MHz, 3996 MHz, 632.26 W, 48
2026/10/08 03:42:45.839, 3, 1357 MHz, 3996 MHz, 410.67 W, 45
2026/10/08 03:42:45.839, 4, 120 MHz, 3996 MHz, 184.59 W, 37
2026/10/08 03:42:45.839, 5, 120 MHz, 3996 MHz, 184.34 W, 36
2026/10/08 03:42:45.839, 6, 120 MHz, 3996 MHz, 186.78 W, 30
2026/10/08 03:42:45.839, 7, 120 MHz, 3996 MHz, 184.63 W, 29
2026/10/08 03:42:46.840, 0, 120 MHz, 3996 MHz, 186.41 W, 35
2026/10/08 03:42:46.840, 1, 120 MHz, 3996 MHz, 188.23 W, 37
2026/10/08 03:42:46.840, 2, 2032 MHz, 3996 MHz, 797.71 W, 40
2026/10/08 03:42:46.840, 3, 2032 MHz, 3996 MHz, 870.47 W, 40
2026/10/08 03:42:46.840, 4, 120 MHz, 3996 MHz, 184.59 W, 37
2026/10/08 03:42:46.840, 5, 120 MHz, 3996 MHz, 184.24 W, 36
2026/10/08 03:42:46.840, 6, 120 MHz, 3996 MHz, 186.78 W, 30
2026/10/08 03:42:46.840, 7, 120 MHz, 3996 MHz, 184.60 W, 28
2026/10/08 03:42:47.840, 0, 120 MHz, 3996 MHz, 186.41 W, 35
2026/10/08 03:42:47.840, 1, 120 MHz, 3996 MHz, 188.23 W, 37
2026/10/08 03:42:47.840, 2, 2032 MHz, 3996 MHz, 793.85 W, 41
2026/10/08 03:42:47.840, 3, 2032 MHz, 3996 MHz, 787.50 W, 41
2026/10/08 03:42:47.840, 4, 120 MHz, 3996 MHz, 184.59 W, 37
2026/10/08 03:42:47.840, 5, 120 MHz, 3996 MHz, 184.31 W, 36
2026/10/08 03:42:47.840, 6, 120 MHz, 3996 MHz, 186.78 W, 30
2026/10/08 03:42:47.840, 7, 120 MHz, 3996 MHz, 184.59 W, 28
2026/10/08 03:42:48.840, 0, 120 MHz, 3996 MHz, 186.41 W, 35
2026/10/08 03:42:48.840, 1, 120 MHz, 3996 MHz, 188.23 W, 37
2026/10/08 03:42:48.840, 2, 2032 MHz, 3996 MHz, 794.39 W, 41
2026/10/08 03:42:48.840, 3, 2032 MHz, 3996 MHz, 792.50 W, 41
2026/10/08 03:42:48.840, 4, 120 MHz, 3996 MHz, 184.59 W, 37
2026/10/08 03:42:48.840, 5, 120 MHz, 3996 MHz, 183.93 W, 36
2026/10/08 03:42:48.840, 6, 120 MHz, 3996 MHz, 186.78 W, 30
2026/10/08 03:42:48.840, 7, 120 MHz, 3996 MHz, 184.62 W, 28
2026/10/08 03:42:49.840, 0, 120 MHz, 3996 MHz, 186.41 W, 35
2026/10/08 03:42:49.841, 1, 120 MHz, 3996 MHz, 188.23 W, 37
2026/10/08 03:42:49.841, 2, 1410 MHz, 3996 MHz, 833.86 W, 50
2026/10/08 03:42:49.841, 3, 2032 MHz, 3996 MHz, 793.00 W, 42
2026/10/08 03:42:49.841, 4, 120 MHz, 3996 MHz, 184.59 W, 37
2026/10/08 03:42:49.841, 5, 120 MHz, 3996 MHz, 184.16 W, 36
2026/10/08 03:42:49.841, 6, 120 MHz, 3996 MHz, 186.78 W, 30
2026/10/08 03:42:49.841, 7, 120 MHz, 3996 MHz, 184.61 W, 28
2026/10/08 03:42:50.841, 0, 120 MHz, 3996 MHz, 186.41 W, 35
2026/10/08 03:42:50.841, 1, 120 MHz, 3996 MHz, 188.19 W, 37
2026/10/08 03:42:50.841, 2, 2032 MHz, 3996 MHz, 902.53 W, 42
2026/10/08 03:42:50.841, 3, 2032 MHz, 3996 MHz, 948.45 W, 43
2026/10/08 03:42:50.841, 4, 120 MHz, 3996 MHz, 184.59 W, 37
2026/10/08 03:42:50.841, 5, 120 MHz, 3996 MHz, 184.20 W, 36
2026/10/08 03:42:50.841, 6, 120 MHz, 3996 MHz, 186.78 W, 30
2026/10/08 03:42:50.841, 7, 120 MHz, 3996 MHz, 184.60 W, 28
2026/10/08 03:42:51.841, 0, 120 MHz, 3996 MHz, 186.41 W, 35
2026/10/08 03:42:51.841, 1, 120 MHz, 3996 MHz, 188.23 W, 37
2026/10/08 03:42:51.841, 2, 2032 MHz, 3996 MHz, 792.14 W, 42
2026/10/08 03:42:51.841, 3, 2032 MHz, 3996 MHz, 793.96 W, 42
2026/10/08 03:42:51.841, 4, 120 MHz, 3996 MHz, 184.59 W, 37
2026/10/08 03:42:51.841, 5, 120 MHz, 3996 MHz, 183.79 W, 36
2026/10/08 03:42:51.841, 6, 120 MHz, 3996 MHz, 186.78 W, 30
2026/10/08 03:42:51.841, 7, 120 MHz, 3996 MHz, 184.59 W, 28
2026/10/08 03:42:52.841, 0, 120 MHz, 3996 MHz, 186.41 W, 35
2026/10/08 03:42:52.841, 1, 120 MHz, 3996 MHz, 188.23 W, 37
2026/10/08 03:42:52.841, 2, 2032 MHz, 3996 MHz, 795.96 W, 42
2026/10/08 03:42:52.841, 3, 2032 MHz, 3996 MHz, 792.77 W, 42
2026/10/08 03:42:52.841, 4, 120 MHz, 3996 MHz, 184.59 W, 37
2026/10/08 03:42:52.841, 5, 120 MHz, 3996 MHz, 183.63 W, 36
2026/10/08 03:42:52.841, 6, 120 MHz, 3996 MHz, 186.78 W, 30
2026/10/08 03:42:52.841, 7, 120 MHz, 3996 MHz, 184.60 W, 28
2026/10/08 03:42:53.842, 0, 120 MHz, 3996 MHz, 186.41 W, 35
2026/10/08 03:42:53.842, 1, 120 MHz, 3996 MHz, 188.23 W, 37
2026/10/08 03:42:53.842, 2, 2032 MHz, 3996 MHz, 800.55 W, 42
2026/10/08 03:42:53.842, 3, 2032 MHz, 3996 MHz, 795.27 W, 43
2026/10/08 03:42:53.842, 4, 120 MHz, 3996 MHz, 184.59 W, 37
2026/10/08 03:42:53.842, 5, 120 MHz, 3996 MHz, 184.05 W, 35
2026/10/08 03:42:53.842, 6, 120 MHz, 3996 MHz, 186.78 W, 29
2026/10/08 03:42:53.842, 7, 120 MHz, 3996 MHz, 184.61 W, 28
2026/10/08 03:42:54.842, 0, 120 MHz, 3996 MHz, 186.41 W, 35
2026/10/08 03:42:54.842, 1, 120 MHz, 3996 MHz, 188.15 W, 37
2026/10/08 03:42:54.842, 2, 2032 MHz, 3996 MHz, 944.47 W, 44
2026/10/08 03:42:54.842, 3, 1957 MHz, 3996 MHz, 959.11 W, 45
2026/10/08 03:42:54.842, 4, 120 MHz, 3996 MHz, 184.59 W, 37
2026/10/08 03:42:54.842, 5, 120 MHz, 3996 MHz, 183.85 W, 35
2026/10/08 03:42:54.842, 6, 120 MHz, 3996 MHz, 186.78 W, 29
2026/10/08 03:42:54.842, 7, 120 MHz, 3996 MHz, 184.62 W, 28
2026/10/08 03:42:55.842, 0, 120 MHz, 3996 MHz, 186.41 W, 35
2026/10/08 03:42:55.842, 1, 120 MHz, 3996 MHz, 188.19 W, 37
2026/10/08 03:42:55.842, 2, 2032 MHz, 3996 MHz, 796.95 W, 43
2026/10/08 03:42:55.842, 3, 2032 MHz, 3996 MHz, 792.44 W, 43
2026/10/08 03:42:55.842, 4, 120 MHz, 3996 MHz, 184.59 W, 37
2026/10/08 03:42:55.842, 5, 120 MHz, 3996 MHz, 183.85 W, 35
2026/10/08 03:42:55.842, 6, 120 MHz, 3996 MHz, 186.78 W, 29
2026/10/08 03:42:55.842, 7, 120 MHz, 3996 MHz, 184.62 W, 28
2026/10/08 03:42:56.842, 0, 120 MHz, 3996 MHz, 186.41 W, 35
2026/10/08 03:42:56.842, 1, 120 MHz, 3996 MHz, 188.19 W, 37
2026/10/08 03:42:56.842, 2, 2032 MHz, 3996 MHz, 795.79 W, 43
2026/10/08 03:42:56.842, 3, 2032 MHz, 3996 MHz, 793.67 W, 43
2026/10/08 03:42:56.842, 4, 120 MHz, 3996 MHz, 184.59 W, 36
2026/10/08 03:42:56.842, 5, 120 MHz, 3996 MHz, 183.60 W, 35
2026/10/08 03:42:56.842, 6, 120 MHz, 3996 MHz, 186.66 W, 29
2026/10/08 03:42:56.843, 7, 120 MHz, 3996 MHz, 184.61 W, 28
2026/10/08 03:42:57.843, 0, 120 MHz, 3996 MHz, 186.41 W, 35
2026/10/08 03:42:57.843, 1, 120 MHz, 3996 MHz, 188.15 W, 37
2026/10/08 03:42:57.843, 2, 2032 MHz, 3996 MHz, 797.97 W, 43
2026/10/08 03:42:57.843, 3, 2032 MHz, 3996 MHz, 797.02 W, 43
2026/10/08 03:42:57.843, 4, 120 MHz, 3996 MHz, 184.59 W, 36
2026/10/08 03:42:57.843, 5, 120 MHz, 3996 MHz, 183.35 W, 35
2026/10/08 03:42:57.843, 6, 120 MHz, 3996 MHz, 186.78 W, 29
2026/10/08 03:42:57.843, 7, 120 MHz, 3996 MHz, 184.60 W, 28
2026/10/08 03:42:58.843, 0, 120 MHz, 3996 MHz, 186.41 W, 35
2026/10/08 03:42:58.843, 1, 120 MHz, 3996 MHz, 188.23 W, 37
2026/10/08 03:42:58.843, 2, 1252 MHz, 3996 MHz, 946.34 W, 53
2026/10/08 03:42:58.843, 3, 1312 MHz, 3996 MHz, 918.81 W, 53
2026/10/08 03:42:58.843, 4, 120 MHz, 3996 MHz, 184.59 W, 36
2026/10/08 03:42:58.843, 5, 120 MHz, 3996 MHz, 184.43 W, 35
2026/10/08 03:42:58.843, 6, 120 MHz, 3996 MHz, 186.51 W, 29
2026/10/08 03:42:58.843, 7, 120 MHz, 3996 MHz, 184.60 W, 28
2026/10/08 03:42:59.844, 0, 120 MHz, 3996 MHz, 186.41 W, 35
2026/10/08 03:42:59.844, 1, 120 MHz, 3996 MHz, 188.23 W, 37
2026/10/08 03:42:59.844, 2, 2032 MHz, 3996 MHz, 796.09 W, 44
2026/10/08 03:42:59.844, 3, 2032 MHz, 3996 MHz, 835.97 W, 44
2026/10/08 03:42:59.844, 4, 120 MHz, 3996 MHz, 184.59 W, 36
2026/10/08 03:42:59.844, 5, 120 MHz, 3996 MHz, 184.55 W, 35
2026/10/08 03:42:59.844, 6, 120 MHz, 3996 MHz, 186.70 W, 29
2026/10/08 03:42:59.844, 7, 120 MHz, 3996 MHz, 184.62 W, 28
2026/10/08 03:43:00.844, 0, 120 MHz, 3996 MHz, 186.41 W, 35
2026/10/08 03:43:00.844, 1, 120 MHz, 3996 MHz, 188.23 W, 37
2026/10/08 03:43:00.844, 2, 2032 MHz, 3996 MHz, 795.32 W, 43
2026/10/08 03:43:00.844, 3, 2032 MHz, 3996 MHz, 795.38 W, 44
2026/10/08 03:43:00.844, 4, 120 MHz, 3996 MHz, 184.59 W, 36
2026/10/08 03:43:00.844, 5, 120 MHz, 3996 MHz, 184.59 W, 35
2026/10/08 03:43:00.844, 6, 120 MHz, 3996 MHz, 186.59 W, 29
2026/10/08 03:43:00.844, 7, 120 MHz, 3996 MHz, 184.60 W, 28
2026/10/08 03:43:01.844, 0, 120 MHz, 3996 MHz, 186.41 W, 35
2026/10/08 03:43:01.844, 1, 120 MHz, 3996 MHz, 188.19 W, 37
2026/10/08 03:43:01.844, 2, 2032 MHz, 3996 MHz, 798.07 W, 44
2026/10/08 03:43:01.844, 3, 2032 MHz, 3996 MHz, 797.43 W, 44
2026/10/08 03:43:01.844, 4, 120 MHz, 3996 MHz, 184.59 W, 36
2026/10/08 03:43:01.844, 5, 120 MHz, 3996 MHz, 184.40 W, 35
2026/10/08 03:43:01.844, 6, 120 MHz, 3996 MHz, 186.51 W, 29
2026/10/08 03:43:01.844, 7, 120 MHz, 3996 MHz, 184.60 W, 28
2026/10/08 03:43:02.844, 0, 120 MHz, 3996 MHz, 186.41 W, 35
2026/10/08 03:43:02.845, 1, 120 MHz, 3996 MHz, 188.23 W, 37
2026/10/08 03:43:02.845, 2, 1470 MHz, 3996 MHz, 833.07 W, 47
2026/10/08 03:43:02.845, 3, 1687 MHz, 3996 MHz, 818.32 W, 49
2026/10/08 03:43:02.845, 4, 120 MHz, 3996 MHz, 184.59 W, 36
2026/10/08 03:43:02.845, 5, 120 MHz, 3996 MHz, 184.44 W, 35
2026/10/08 03:43:02.845, 6, 120 MHz, 3996 MHz, 186.39 W, 29
2026/10/08 03:43:02.845, 7, 120 MHz, 3996 MHz, 184.59 W, 28
2026/10/08 03:43:03.845, 0, 120 MHz, 3996 MHz, 186.41 W, 35
2026/10/08 03:43:03.845, 1, 120 MHz, 3996 MHz, 188.23 W, 37
2026/10/08 03:43:03.845, 2, 2032 MHz, 3996 MHz, 926.43 W, 45
2026/10/08 03:43:03.845, 3, 2032 MHz, 3996 MHz, 933.61 W, 45
2026/10/08 03:43:03.845, 4, 120 MHz, 3996 MHz, 184.59 W, 36
2026/10/08 03:43:03.845, 5, 120 MHz, 3996 MHz, 184.51 W, 35
2026/10/08 03:43:03.845, 6, 120 MHz, 3996 MHz, 186.24 W, 29
2026/10/08 03:43:03.845, 7, 120 MHz, 3996 MHz, 184.61 W, 28
2026/10/08 03:43:04.845, 0, 120 MHz, 3996 MHz, 186.41 W, 35
2026/10/08 03:43:04.845, 1, 120 MHz, 3996 MHz, 188.23 W, 37
2026/10/08 03:43:04.845, 2, 2032 MHz, 3996 MHz, 795.84 W, 44
2026/10/08 03:43:04.845, 3, 2032 MHz, 3996 MHz, 798.47 W, 44
2026/10/08 03:43:04.845, 4, 120 MHz, 3996 MHz, 184.59 W, 36
2026/10/08 03:43:04.845, 5, 120 MHz, 3996 MHz, 184.55 W, 35
2026/10/08 03:43:04.845, 6, 120 MHz, 3996 MHz, 186.15 W, 29
2026/10/08 03:43:04.845, 7, 120 MHz, 3996 MHz, 184.62 W, 28
2026/10/08 03:43:05.845, 0, 120 MHz, 3996 MHz, 186.41 W, 35
2026/10/08 03:43:05.845, 1, 120 MHz, 3996 MHz, 188.15 W, 37
2026/10/08 03:43:05.845, 2, 2032 MHz, 3996 MHz, 799.13 W, 44
2026/10/08 03:43:05.845, 3, 2032 MHz, 3996 MHz, 799.02 W, 45
2026/10/08 03:43:05.845, 4, 120 MHz, 3996 MHz, 184.59 W, 36
2026/10/08 03:43:05.845, 5, 120 MHz, 3996 MHz, 184.56 W, 35
2026/10/08 03:43:05.845, 6, 120 MHz, 3996 MHz, 186.12 W, 29
2026/10/08 03:43:05.846, 7, 120 MHz, 3996 MHz, 184.61 W, 28
2026/10/08 03:43:06.846, 0, 120 MHz, 3996 MHz, 186.41 W, 35
2026/10/08 03:43:06.846, 1, 120 MHz, 3996 MHz, 188.23 W, 37
2026/10/08 03:43:06.846, 2, 2032 MHz, 3996 MHz, 800.58 W, 44
2026/10/08 03:43:06.846, 3, 2032 MHz, 3996 MHz, 801.59 W, 45
2026/10/08 03:43:06.846, 4, 120 MHz, 3996 MHz, 184.59 W, 36
2026/10/08 03:43:06.846, 5, 120 MHz, 3996 MHz, 184.47 W, 35
2026/10/08 03:43:06.846, 6, 120 MHz, 3996 MHz, 185.79 W, 29
2026/10/08 03:43:06.846, 7, 120 MHz, 3996 MHz, 184.62 W, 28
2026/10/08 03:43:07.846, 0, 120 MHz, 3996 MHz, 186.41 W, 35
2026/10/08 03:43:07.846, 1, 120 MHz, 3996 MHz, 188.19 W, 37
2026/10/08 03:43:07.846, 2, 2032 MHz, 3996 MHz, 948.90 W, 46
2026/10/08 03:43:07.846, 3, 2032 MHz, 3996 MHz, 945.00 W, 46
2026/10/08 03:43:07.846, 4, 120 MHz, 3996 MHz, 184.59 W, 36
2026/10/08 03:43:07.846, 5, 120 MHz, 3996 MHz, 184.39 W, 35
2026/10/08 03:43:07.846, 6, 120 MHz, 3996 MHz, 185.53 W, 29
2026/10/08 03:43:07.846, 7, 120 MHz, 3996 MHz, 184.62 W, 28
2026/10/08 03:43:08.846, 0, 120 MHz, 3996 MHz, 186.41 W, 35
2026/10/08 03:43:08.846, 1, 120 MHz, 3996 MHz, 188.23 W, 37
2026/10/08 03:43:08.846, 2, 2032 MHz, 3996 MHz, 797.45 W, 45
2026/10/08 03:43:08.846, 3, 2032 MHz, 3996 MHz, 797.18 W, 45
2026/10/08 03:43:08.846, 4, 120 MHz, 3996 MHz, 184.59 W, 36
2026/10/08 03:43:08.846, 5, 120 MHz, 3996 MHz, 184.20 W, 35
2026/10/08 03:43:08.846, 6, 120 MHz, 3996 MHz, 185.82 W, 29
2026/10/08 03:43:08.846, 7, 120 MHz, 3996 MHz, 184.62 W, 27
2026/10/08 03:43:09.847, 0, 120 MHz, 3996 MHz, 186.41 W, 35
2026/10/08 03:43:09.847, 1, 120 MHz, 3996 MHz, 188.23 W, 37
2026/10/08 03:43:09.847, 2, 2032 MHz, 3996 MHz, 800.74 W, 45
2026/10/08 03:43:09.847, 3, 2032 MHz, 3996 MHz, 796.70 W, 45
2026/10/08 03:43:09.847, 4, 120 MHz, 3996 MHz, 184.59 W, 36
2026/10/08 03:43:09.847, 5, 120 MHz, 3996 MHz, 184.25 W, 35
2026/10/08 03:43:09.847, 6, 120 MHz, 3996 MHz, 185.86 W, 29
2026/10/08 03:43:09.847, 7, 120 MHz, 3996 MHz, 184.60 W, 27
2026/10/08 03:43:10.847, 0, 120 MHz, 3996 MHz, 186.41 W, 36
2026/10/08 03:43:10.847, 1, 120 MHz, 3996 MHz, 188.23 W, 37
2026/10/08 03:43:10.847, 2, 2032 MHz, 3996 MHz, 802.43 W, 45
2026/10/08 03:43:10.847, 3, 2032 MHz, 3996 MHz, 799.10 W, 45
2026/10/08 03:43:10.847, 4, 120 MHz, 3996 MHz, 184.59 W, 36
2026/10/08 03:43:10.847, 5, 120 MHz, 3996 MHz, 184.05 W, 34
2026/10/08 03:43:10.847, 6, 120 MHz, 3996 MHz, 185.41 W, 29
2026/10/08 03:43:10.847, 7, 120 MHz, 3996 MHz, 184.61 W, 27
2026/10/08 03:43:11.847, 0, 120 MHz, 3996 MHz, 186.41 W, 36
2026/10/08 03:43:11.847, 1, 120 MHz, 3996 MHz, 188.23 W, 37
2026/10/08 03:43:11.847, 2, 1260 MHz, 3996 MHz, 931.25 W, 55
2026/10/08 03:43:11.847, 3, 1290 MHz, 3996 MHz, 952.52 W, 54
2026/10/08 03:43:11.847, 4, 120 MHz, 3996 MHz, 184.59 W, 36
2026/10/08 03:43:11.847, 5, 120 MHz, 3996 MHz, 183.79 W, 34
2026/10/08 03:43:11.847, 6, 120 MHz, 3996 MHz, 185.38 W, 29
2026/10/08 03:43:11.847, 7, 120 MHz, 3996 MHz, 184.62 W, 27
2026/10/08 03:43:12.847, 0, 120 MHz, 3996 MHz, 186.41 W, 36
2026/10/08 03:43:12.847, 1, 120 MHz, 3996 MHz, 188.23 W, 38
2026/10/08 03:43:12.847, 2, 2032 MHz, 3996 MHz, 818.64 W, 45
2026/10/08 03:43:12.847, 3, 2032 MHz, 3996 MHz, 797.71 W, 46
2026/10/08 03:43:12.847, 4, 120 MHz, 3996 MHz, 184.59 W, 36
2026/10/08 03:43:12.847, 5, 120 MHz, 3996 MHz, 184.31 W, 34
2026/10/08 03:43:12.847, 6, 120 MHz, 3996 MHz, 185.18 W, 29
2026/10/08 03:43:12.847, 7, 120 MHz, 3996 MHz, 184.63 W, 27
2026/10/08 03:43:13.848, 0, 120 MHz, 3996 MHz, 186.41 W, 36
2026/10/08 03:43:13.848, 1, 120 MHz, 3996 MHz, 188.23 W, 38
2026/10/08 03:43:13.848, 2, 2032 MHz, 3996 MHz, 797.13 W, 45
2026/10/08 03:43:13.848, 3, 2032 MHz, 3996 MHz, 798.20 W, 45
2026/10/08 03:43:13.848, 4, 120 MHz, 3996 MHz, 184.59 W, 36
2026/10/08 03:43:13.848, 5, 120 MHz, 3996 MHz, 183.30 W, 34
2026/10/08 03:43:13.848, 6, 120 MHz, 3996 MHz, 185.14 W, 29
2026/10/08 03:43:13.848, 7, 120 MHz, 3996 MHz, 184.64 W, 27
2026/10/08 03:43:14.848, 0, 120 MHz, 3996 MHz, 186.41 W, 36
2026/10/08 03:43:14.848, 1, 120 MHz, 3996 MHz, 188.23 W, 38
2026/10/08 03:43:14.848, 2, 2032 MHz, 3996 MHz, 801.79 W, 45
2026/10/08 03:43:14.848, 3, 2032 MHz, 3996 MHz, 799.46 W, 46
2026/10/08 03:43:14.848, 4, 120 MHz, 3996 MHz, 184.59 W, 36
2026/10/08 03:43:14.848, 5, 120 MHz, 3996 MHz, 183.93 W, 34
2026/10/08 03:43:14.848, 6, 120 MHz, 3996 MHz, 185.02 W, 29
2026/10/08 03:43:14.848, 7, 120 MHz, 3996 MHz, 184.68 W, 27
2026/10/08 03:43:15.848, 0, 120 MHz, 3996 MHz, 186.41 W, 36
2026/10/08 03:43:15.848, 1, 120 MHz, 3996 MHz, 188.19 W, 38
2026/10/08 03:43:15.848, 2, 1410 MHz, 3996 MHz, 834.73 W, 52
2026/10/08 03:43:15.848, 3, 1357 MHz, 3996 MHz, 867.75 W, 54
2026/10/08 03:43:15.848, 4, 120 MHz, 3996 MHz, 184.59 W, 36
2026/10/08 03:43:15.848, 5, 120 MHz, 3996 MHz, 183.82 W, 34
2026/10/08 03:43:15.848, 6, 120 MHz, 3996 MHz, 185.26 W, 29
2026/10/08 03:43:15.848, 7, 120 MHz, 3996 MHz, 184.63 W, 27
2026/10/08 03:43:16.848, 0, 120 MHz, 3996 MHz, 186.41 W, 36
2026/10/08 03:43:16.849, 1, 120 MHz, 3996 MHz, 188.23 W, 38
2026/10/08 03:43:16.849, 2, 2032 MHz, 3996 MHz, 911.18 W, 46
2026/10/08 03:43:16.849, 3, 2032 MHz, 3996 MHz, 876.37 W, 46
2026/10/08 03:43:16.849, 4, 120 MHz, 3996 MHz, 184.59 W, 35
2026/10/08 03:43:16.849, 5, 120 MHz, 3996 MHz, 184.28 W, 34
2026/10/08 03:43:16.849, 6, 120 MHz, 3996 MHz, 185.07 W, 29
2026/10/08 03:43:16.849, 7, 120 MHz, 3996 MHz, 184.65 W, 27
2026/10/08 03:43:17.849, 0, 120 MHz, 3996 MHz, 186.41 W, 36
2026/10/08 03:43:17.849, 1, 120 MHz, 3996 MHz, 188.23 W, 38
2026/10/08 03:43:17.849, 2, 2032 MHz, 3996 MHz, 798.50 W, 45
2026/10/08 03:43:17.849, 3, 2032 MHz, 3996 MHz, 799.57 W, 46
2026/10/08 03:43:17.849, 4, 120 MHz, 3996 MHz, 184.59 W, 35
2026/10/08 03:43:17.849, 5, 120 MHz, 3996 MHz, 183.98 W, 34
2026/10/08 03:43:17.849, 6, 120 MHz, 3996 MHz, 184.98 W, 28
2026/10/08 03:43:17.849, 7, 120 MHz, 3996 MHz, 184.64 W, 27
2026/10/08 03:43:18.849, 0, 120 MHz, 3996 MHz, 186.41 W, 36
2026/10/08 03:43:18.849, 1, 120 MHz, 3996 MHz, 188.23 W, 38
2026/10/08 03:43:18.849, 2, 2032 MHz, 3996 MHz, 802.46 W, 46
2026/10/08 03:43:18.849, 3, 2032 MHz, 3996 MHz, 800.96 W, 46
2026/10/08 03:43:18.849, 4, 120 MHz, 3996 MHz, 184.59 W, 35
2026/10/08 03:43:18.849, 5, 120 MHz, 3996 MHz, 183.94 W, 34
2026/10/08 03:43:18.849, 6, 120 MHz, 3996 MHz, 184.95 W, 28
2026/10/08 03:43:18.849, 7, 120 MHz, 3996 MHz, 184.62 W, 27
2026/10/08 03:43:19.849, 0, 120 MHz, 3996 MHz, 186.41 W, 36
2026/10/08 03:43:19.849, 1, 120 MHz, 3996 MHz, 188.23 W, 38
2026/10/08 03:43:19.849, 2, 2032 MHz, 3996 MHz, 803.15 W, 46
2026/10/08 03:43:19.849, 3, 2032 MHz, 3996 MHz, 803.76 W, 46
2026/10/08 03:43:19.849, 4, 120 MHz, 3996 MHz, 184.59 W, 35
2026/10/08 03:43:19.849, 5, 120 MHz, 3996 MHz, 183.81 W, 34
2026/10/08 03:43:19.849, 6, 120 MHz, 3996 MHz, 184.95 W, 28
2026/10/08 03:43:19.849, 7, 120 MHz, 3996 MHz, 184.64 W, 27
2026/10/08 03:43:20.850, 0, 120 MHz, 3996 MHz, 186.41 W, 36
2026/10/08 03:43:20.850, 1, 120 MHz, 3996 MHz, 188.23 W, 38
2026/10/08 03:43:20.850, 2, 2032 MHz, 3996 MHz, 954.98 W, 47
2026/10/08 03:43:20.850, 3, 2032 MHz, 3996 MHz, 934.41 W, 47
2026/10/08 03:43:20.850, 4, 120 MHz, 3996 MHz, 184.59 W, 35
2026/10/08 03:43:20.850, 5, 120 MHz, 3996 MHz, 183.74 W, 34
2026/10/08 03:43:20.850, 6, 120 MHz, 3996 MHz, 184.95 W, 28
2026/10/08 03:43:20.850, 7, 120 MHz, 3996 MHz, 184.63 W, 27
2026/10/08 03:43:21.850, 0, 120 MHz, 3996 MHz, 186.41 W, 36
2026/10/08 03:43:21.850, 1, 120 MHz, 3996 MHz, 188.23 W, 38
2026/10/08 03:43:21.850, 2, 2032 MHz, 3996 MHz, 797.20 W, 46
2026/10/08 03:43:21.850, 3, 2032 MHz, 3996 MHz, 796.23 W, 46
2026/10/08 03:43:21.850, 4, 120 MHz, 3996 MHz, 184.59 W, 35
2026/10/08 03:43:21.850, 5, 120 MHz, 3996 MHz, 183.49 W, 34
2026/10/08 03:43:21.850, 6, 120 MHz, 3996 MHz, 184.87 W, 28
2026/10/08 03:43:21.850, 7, 120 MHz, 3996 MHz, 184.64 W, 27
2026/10/08 03:43:22.850, 0, 120 MHz, 3996 MHz, 186.41 W, 36
2026/10/08 03:43:22.850, 1, 120 MHz, 3996 MHz, 188.23 W, 38
2026/10/08 03:43:22.850, 2, 2032 MHz, 3996 MHz, 801.01 W, 46
2026/10/08 03:43:22.850, 3, 2032 MHz, 3996 MHz, 798.97 W, 46
2026/10/08 03:43:22.850, 4, 120 MHz, 3996 MHz, 184.59 W, 35
2026/10/08 03:43:22.850, 5, 120 MHz, 3996 MHz, 183.46 W, 34
2026/10/08 03:43:22.850, 6, 120 MHz, 3996 MHz, 184.83 W, 28
2026/10/08 03:43:22.850, 7, 120 MHz, 3996 MHz, 184.65 W, 27
2026/10/08 03:43:23.851, 0, 120 MHz, 3996 MHz, 186.45 W, 36
2026/10/08 03:43:23.851, 1, 120 MHz, 3996 MHz, 188.23 W, 38
2026/10/08 03:43:23.851, 2, 2032 MHz, 3996 MHz, 808.52 W, 46
2026/10/08 03:43:23.851, 3, 2032 MHz, 3996 MHz, 800.75 W, 46
2026/10/08 03:43:23.851, 4, 120 MHz, 3996 MHz, 184.59 W, 35
2026/10/08 03:43:23.851, 5, 120 MHz, 3996 MHz, 183.45 W, 34
2026/10/08 03:43:23.851, 6, 120 MHz, 3996 MHz, 184.91 W, 28
2026/10/08 03:43:23.851, 7, 120 MHz, 3996 MHz, 184.64 W, 27
2026/10/08 03:43:24.851, 0, 120 MHz, 3996 MHz, 186.45 W, 36
2026/10/08 03:43:24.851, 1, 120 MHz, 3996 MHz, 188.23 W, 38
2026/10/08 03:43:24.851, 2, 1267 MHz, 3996 MHz, 953.99 W, 55
2026/10/08 03:43:24.851, 3, 1942 MHz, 3996 MHz, 954.90 W, 50
2026/10/08 03:43:24.851, 4, 120 MHz, 3996 MHz, 184.59 W, 35
2026/10/08 03:43:24.851, 5, 120 MHz, 3996 MHz, 183.46 W, 34
2026/10/08 03:43:24.851, 6, 120 MHz, 3996 MHz, 184.91 W, 28
2026/10/08 03:43:24.851, 7, 120 MHz, 3996 MHz, 184.63 W, 27
2026/10/08 03:43:25.851, 0, 120 MHz, 3996 MHz, 186.41 W, 36
2026/10/08 03:43:25.851, 1, 120 MHz, 3996 MHz, 188.23 W, 38
2026/10/08 03:43:25.851, 2, 2032 MHz, 3996 MHz, 808.53 W, 46
2026/10/08 03:43:25.851, 3, 2032 MHz, 3996 MHz, 795.78 W, 47
2026/10/08 03:43:25.851, 4, 120 MHz, 3996 MHz, 184.59 W, 35
2026/10/08 03:43:25.851, 5, 120 MHz, 3996 MHz, 184.24 W, 34
2026/10/08 03:43:25.851, 6, 120 MHz, 3996 MHz, 184.91 W, 28
2026/10/08 03:43:25.851, 7, 120 MHz, 3996 MHz, 184.62 W, 27
2026/10/08 03:43:26.851, 0, 120 MHz, 3996 MHz, 186.48 W, 36
2026/10/08 03:43:26.852, 1, 120 MHz, 3996 MHz, 188.23 W, 38
2026/10/08 03:43:26.852, 2, 2032 MHz, 3996 MHz, 799.29 W, 46
2026/10/08 03:43:26.852, 3, 2032 MHz, 3996 MHz, 801.56 W, 47
2026/10/08 03:43:26.852, 4, 120 MHz, 3996 MHz, 184.59 W, 35
2026/10/08 03:43:26.852, 5, 120 MHz, 3996 MHz, 183.81 W, 34
2026/10/08 03:43:26.852, 6, 120 MHz, 3996 MHz, 185.02 W, 28
2026/10/08 03:43:26.852, 7, 120 MHz, 3996 MHz, 185.35 W, 27
2026/10/08 03:43:27.852, 0, 120 MHz, 3996 MHz, 186.41 W, 36
2026/10/08 03:43:27.852, 1, 120 MHz, 3996 MHz, 188.23 W, 38
2026/10/08 03:43:27.852, 2, 2032 MHz, 3996 MHz, 803.33 W, 46
2026/10/08 03:43:27.852, 3, 2032 MHz, 3996 MHz, 804.93 W, 47
2026/10/08 03:43:27.852, 4, 120 MHz, 3996 MHz, 184.59 W, 35
2026/10/08 03:43:27.852, 5, 120 MHz, 3996 MHz, 183.54 W, 34
2026/10/08 03:43:27.852, 6, 120 MHz, 3996 MHz, 186.43 W, 28
2026/10/08 03:43:27.852, 7, 120 MHz, 3996 MHz, 186.34 W, 27
2026/10/08 03:43:28.852, 0, 120 MHz, 3996 MHz, 186.41 W, 36
2026/10/08 03:43:28.852, 1, 120 MHz, 3996 MHz, 188.23 W, 38
2026/10/08 03:43:28.852, 2, 2032 MHz, 3996 MHz, 728.15 W, 42
2026/10/08 03:43:28.852, 3, 2032 MHz, 3996 MHz, 630.82 W, 42
2026/10/08 03:43:28.852, 4, 120 MHz, 3996 MHz, 184.59 W, 35
2026/10/08 03:43:28.852, 5, 120 MHz, 3996 MHz, 183.32 W, 34
2026/10/08 03:43:28.852, 6, 120 MHz, 3996 MHz, 186.51 W, 28
2026/10/08 03:43:28.852, 7, 120 MHz, 3996 MHz, 185.74 W, 27
2026/10/08 03:43:29.852, 0, 120 MHz, 3996 MHz, 186.41 W, 36
2026/10/08 03:43:29.852, 1, 120 MHz, 3996 MHz, 188.23 W, 38
2026/10/08 03:43:29.852, 2, 2032 MHz, 3996 MHz, 243.03 W, 39
2026/10/08 03:43:29.852, 3, 2032 MHz, 3996 MHz, 255.19 W, 39
2026/10/08 03:43:29.852, 4, 120 MHz, 3996 MHz, 184.59 W, 35
2026/10/08 03:43:29.852, 5, 120 MHz, 3996 MHz, 183.42 W, 34
2026/10/08 03:43:29.853, 6, 120 MHz, 3996 MHz, 185.71 W, 28
2026/10/08 03:43:29.853, 7, 120 MHz, 3996 MHz, 184.73 W, 27
2026/10/08 03:43:30.853, 0, 120 MHz, 3996 MHz, 186.45 W, 37
2026/10/08 03:43:30.853, 1, 120 MHz, 3996 MHz, 188.23 W, 38
2026/10/08 03:43:30.853, 2, 2032 MHz, 3996 MHz, 252.70 W, 38
2026/10/08 03:43:30.853, 3, 2032 MHz, 3996 MHz, 242.39 W, 38
2026/10/08 03:43:30.853, 4, 120 MHz, 3996 MHz, 184.59 W, 35
2026/10/08 03:43:30.853, 5, 120 MHz, 3996 MHz, 183.31 W, 33
2026/10/08 03:43:30.853, 6, 120 MHz, 3996 MHz, 185.29 W, 28
2026/10/08 03:43:30.853, 7, 120 MHz, 3996 MHz, 184.70 W, 27
2026/10/08 03:43:31.853, 0, 120 MHz, 3996 MHz, 186.49 W, 37
2026/10/08 03:43:31.853, 1, 120 MHz, 3996 MHz, 188.23 W, 38
2026/10/08 03:43:31.853, 2, 2032 MHz, 3996 MHz, 240.48 W, 37
2026/10/08 03:43:31.853, 3, 2032 MHz, 3996 MHz, 241.16 W, 38
2026/10/08 03:43:31.853, 4, 120 MHz, 3996 MHz, 184.59 W, 35
2026/10/08 03:43:31.853, 5, 120 MHz, 3996 MHz, 183.45 W, 33
2026/10/08 03:43:31.853, 6, 120 MHz, 3996 MHz, 185.42 W, 28
2026/10/08 03:43:31.853, 7, 120 MHz, 3996 MHz, 184.88 W, 27
2026/10/08 03:43:32.853, 0, 120 MHz, 3996 MHz, 186.41 W, 37
2026/10/08 03:43:32.853, 1, 120 MHz, 3996 MHz, 188.23 W, 38
2026/10/08 03:43:32.853, 2, 2032 MHz, 3996 MHz, 240.47 W, 37
2026/10/08 03:43:32.853, 3, 2032 MHz, 3996 MHz, 240.57 W, 37
2026/10/08 03:43:32.853, 4, 120 MHz, 3996 MHz, 184.59 W, 35
2026/10/08 03:43:32.853, 5, 120 MHz, 3996 MHz, 182.99 W, 33
2026/10/08 03:43:32.853, 6, 120 MHz, 3996 MHz, 185.02 W, 28
2026/10/08 03:43:32.853, 7, 120 MHz, 3996 MHz, 184.69 W, 27
2026/10/08 03:43:33.854, 0, 120 MHz, 3996 MHz, 186.41 W, 37
2026/10/08 03:43:33.854, 1, 120 MHz, 3996 MHz, 188.23 W, 38
2026/10/08 03:43:33.854, 2, 2032 MHz, 3996 MHz, 240.06 W, 37
2026/10/08 03:43:33.854, 3, 2032 MHz, 3996 MHz, 240.57 W, 37
2026/10/08 03:43:33.854, 4, 120 MHz, 3996 MHz, 184.59 W, 35
2026/10/08 03:43:33.854, 5, 120 MHz, 3996 MHz, 183.29 W, 33
2026/10/08 03:43:33.854, 6, 120 MHz, 3996 MHz, 185.10 W, 28
2026/10/08 03:43:33.854, 7, 120 MHz, 3996 MHz, 184.60 W, 27
2026/10/08 03:43:34.854, 0, 120 MHz, 3996 MHz, 186.41 W, 37
2026/10/08 03:43:34.854, 1, 120 MHz, 3996 MHz, 188.23 W, 38
2026/10/08 03:43:34.854, 2, 2032 MHz, 3996 MHz, 239.72 W, 36
2026/10/08 03:43:34.854, 3, 2032 MHz, 3996 MHz, 240.80 W, 36
2026/10/08 03:43:34.854, 4, 120 MHz, 3996 MHz, 184.59 W, 35
2026/10/08 03:43:34.854, 5, 120 MHz, 3996 MHz, 183.37 W, 33
2026/10/08 03:43:34.854, 6, 120 MHz, 3996 MHz, 184.99 W, 28
2026/10/08 03:43:34.854, 7, 120 MHz, 3996 MHz, 184.59 W, 27
2026/10/08 03:43:35.854, 0, 120 MHz, 3996 MHz, 186.41 W, 37
2026/10/08 03:43:35.855, 1, 120 MHz, 3996 MHz, 188.23 W, 38
2026/10/08 03:43:35.855, 2, 2032 MHz, 3996 MHz, 240.29 W, 36
2026/10/08 03:43:35.855, 3, 2032 MHz, 3996 MHz, 240.41 W, 36
2026/10/08 03:43:35.855, 4, 120 MHz, 3996 MHz, 184.58 W, 35
2026/10/08 03:43:35.855, 5, 120 MHz, 3996 MHz, 183.19 W, 33
2026/10/08 03:43:35.855, 6, 120 MHz, 3996 MHz, 184.95 W, 28
2026/10/08 03:43:35.855, 7, 120 MHz, 3996 MHz, 184.60 W, 27
2026/10/08 03:43:36.855, 0, 120 MHz, 3996 MHz, 186.41 W, 37
2026/10/08 03:43:36.855, 1, 120 MHz, 3996 MHz, 188.23 W, 38
2026/10/08 03:43:36.855, 2, 2032 MHz, 3996 MHz, 238.96 W, 36
2026/10/08 03:43:36.855, 3, 412 MHz, 3996 MHz, 227.88 W, 35
2026/10/08 03:43:36.855, 4, 120 MHz, 3996 MHz, 184.59 W, 35
2026/10/08 03:43:36.855, 5, 120 MHz, 3996 MHz, 183.18 W, 33
2026/10/08 03:43:36.855, 6, 120 MHz, 3996 MHz, 185.06 W, 28
2026/10/08 03:43:36.855, 7, 120 MHz, 3996 MHz, 184.60 W, 27
2026/10/08 03:43:37.855, 0, 120 MHz, 3996 MHz, 186.41 W, 37
2026/10/08 03:43:37.855, 1, 120 MHz, 3996 MHz, 188.23 W, 38
2026/10/08 03:43:37.855, 2, 322 MHz, 3996 MHz, 200.20 W, 35
2026/10/08 03:43:37.855, 3, 240 MHz, 3996 MHz, 186.55 W, 35
2026/10/08 03:43:37.855, 4, 120 MHz, 3996 MHz, 184.59 W, 35
2026/10/08 03:43:37.855, 5, 120 MHz, 3996 MHz, 182.96 W, 33
2026/10/08 03:43:37.855, 6, 120 MHz, 3996 MHz, 185.02 W, 28
2026/10/08 03:43:37.855, 7, 120 MHz, 3996 MHz, 184.65 W, 27
2026/10/08 03:43:38.855, 0, 120 MHz, 3996 MHz, 186.41 W, 37
2026/10/08 03:43:38.856, 1, 120 MHz, 3996 MHz, 188.23 W, 38
2026/10/08 03:43:38.856, 2, 202 MHz, 3996 MHz, 187.97 W, 34
2026/10/08 03:43:38.856, 3, 150 MHz, 3996 MHz, 186.01 W, 34
2026/10/08 03:43:38.856, 4, 120 MHz, 3996 MHz, 184.59 W, 35
2026/10/08 03:43:38.856, 5, 120 MHz, 3996 MHz, 183.06 W, 33
2026/10/08 03:43:38.856, 6, 120 MHz, 3996 MHz, 184.95 W, 28
2026/10/08 03:43:38.856, 7, 120 MHz, 3996 MHz, 184.63 W, 27
2026/10/08 03:43:39.856, 0, 120 MHz, 3996 MHz, 186.41 W, 37
2026/10/08 03:43:39.856, 1, 120 MHz, 3996 MHz, 188.23 W, 38
2026/10/08 03:43:39.856, 2, 135 MHz, 3996 MHz, 187.05 W, 34
2026/10/08 03:43:39.856, 3, 120 MHz, 3996 MHz, 185.08 W, 34
2026/10/08 03:43:39.856, 4, 120 MHz, 3996 MHz, 184.59 W, 35
2026/10/08 03:43:39.856, 5, 120 MHz, 3996 MHz, 183.26 W, 33
2026/10/08 03:43:39.856, 6, 120 MHz, 3996 MHz, 185.02 W, 28
2026/10/08 03:43:39.856, 7, 120 MHz, 3996 MHz, 184.63 W, 27
2026/10/08 03:43:40.856, 0, 120 MHz, 3996 MHz, 186.45 W, 37
2026/10/08 03:43:40.856, 1, 120 MHz, 3996 MHz, 188.23 W, 38
2026/10/08 03:43:40.856, 2, 120 MHz, 3996 MHz, 186.13 W, 34
2026/10/08 03:43:40.856, 3, 120 MHz, 3996 MHz, 185.28 W, 34
2026/10/08 03:43:40.856, 4, 120 MHz, 3996 MHz, 184.59 W, 35
2026/10/08 03:43:40.856, 5, 120 MHz, 3996 MHz, 183.22 W, 33
2026/10/08 03:43:40.856, 6, 120 MHz, 3996 MHz, 184.99 W, 28
2026/10/08 03:43:40.856, 7, 120 MHz, 3996 MHz, 184.63 W, 27
2026/10/08 03:43:41.856, 0, 120 MHz, 3996 MHz, 186.41 W, 37
2026/10/08 03:43:41.856, 1, 120 MHz, 3996 MHz, 188.23 W, 38
2026/10/08 03:43:41.856, 2, 120 MHz, 3996 MHz, 186.05 W, 33
2026/10/08 03:43:41.856, 3, 120 MHz, 3996 MHz, 185.86 W, 34
2026/10/08 03:43:41.856, 4, 120 MHz, 3996 MHz, 184.59 W, 34
2026/10/08 03:43:41.856, 5, 120 MHz, 3996 MHz, 183.34 W, 33
2026/10/08 03:43:41.856, 6, 120 MHz, 3996 MHz, 184.87 W, 28
2026/10/08 03:43:41.856, 7, 120 MHz, 3996 MHz, 184.64 W, 27
2026/10/08 03:43:42.857, 0, 120 MHz, 3996 MHz, 186.41 W, 37
2026/10/08 03:43:42.857, 1, 120 MHz, 3996 MHz, 188.23 W, 38
2026/10/08 03:43:42.857, 2, 120 MHz, 3996 MHz, 186.09 W, 33
2026/10/08 03:43:42.857, 3, 120 MHz, 3996 MHz, 185.73 W, 33
2026/10/08 03:43:42.857, 4, 120 MHz, 3996 MHz, 184.59 W, 34
2026/10/08 03:43:42.857, 5, 120 MHz, 3996 MHz, 182.88 W, 33
2026/10/08 03:43:42.857, 6, 120 MHz, 3996 MHz, 184.83 W, 28
2026/10/08 03:43:42.857, 7, 120 MHz, 3996 MHz, 184.71 W, 27
2026/10/08 03:43:43.857, 0, 120 MHz, 3996 MHz, 186.41 W, 37
2026/10/08 03:43:43.857, 1, 120 MHz, 3996 MHz, 188.23 W, 38
2026/10/08 03:43:43.857, 2, 120 MHz, 3996 MHz, 186.05 W, 33
2026/10/08 03:43:43.857, 3, 120 MHz, 3996 MHz, 185.04 W, 33
2026/10/08 03:43:43.857, 4, 120 MHz, 3996 MHz, 184.59 W, 34
2026/10/08 03:43:43.857, 5, 120 MHz, 3996 MHz, 182.88 W, 33
2026/10/08 03:43:43.857, 6, 120 MHz, 3996 MHz, 184.83 W, 28
2026/10/08 03:43:43.857, 7, 120 MHz, 3996 MHz, 184.63 W, 27
2026/10/08 03:43:44.857, 0, 120 MHz, 3996 MHz, 186.41 W, 37
2026/10/08 03:43:44.857, 1, 120 MHz, 3996 MHz, 188.23 W, 38
2026/10/08 03:43:44.857, 2, 120 MHz, 3996 MHz, 186.05 W, 33
2026/10/08 03:43:44.857, 3, 120 MHz, 3996 MHz, 184.29 W, 33
2026/10/08 03:43:44.857, 4, 120 MHz, 3996 MHz, 184.59 W, 34
2026/10/08 03:43:44.857, 5, 120 MHz, 3996 MHz, 182.92 W, 33
2026/10/08 03:43:44.857, 6, 120 MHz, 3996 MHz, 184.83 W, 28
2026/10/08 03:43:44.857, 7, 120 MHz, 3996 MHz, 184.63 W, 27
2026/10/08 03:43:45.858, 0, 120 MHz, 3996 MHz, 186.41 W, 37
2026/10/08 03:43:45.858, 1, 120 MHz, 3996 MHz, 188.23 W, 38
2026/10/08 03:43:45.858, 2, 120 MHz, 3996 MHz, 186.05 W, 33
2026/10/08 03:43:45.858, 3, 120 MHz, 3996 MHz, 184.25 W, 33
2026/10/08 03:43:45.858, 4, 120 MHz, 3996 MHz, 184.59 W, 34
2026/10/08 03:43:45.858, 5, 120 MHz, 3996 MHz, 182.80 W, 33
2026/10/08 03:43:45.858, 6, 120 MHz, 3996 MHz, 184.83 W, 28
2026/10/08 03:43:45.858, 7, 120 MHz, 3996 MHz, 184.61 W, 27
2026/10/08 03:43:46.858, 0, 120 MHz, 3996 MHz, 186.41 W, 36
2026/10/08 03:43:46.858, 1, 120 MHz, 3996 MHz, 188.23 W, 38
2026/10/08 03:43:46.858, 2, 120 MHz, 3996 MHz, 186.05 W, 33
2026/10/08 03:43:46.858, 3, 120 MHz, 3996 MHz, 184.09 W, 33
2026/10/08 03:43:46.858, 4, 120 MHz, 3996 MHz, 184.59 W, 34
2026/10/08 03:43:46.858, 5, 120 MHz, 3996 MHz, 182.65 W, 33
2026/10/08 03:43:46.858, 6, 120 MHz, 3996 MHz, 184.83 W, 28
2026/10/08 03:43:46.858, 7, 120 MHz, 3996 MHz, 184.63 W, 27
2026/10/08 03:43:47.858, 0, 120 MHz, 3996 MHz, 186.41 W, 36
2026/10/08 03:43:47.859, 1, 120 MHz, 3996 MHz, 188.23 W, 38
2026/10/08 03:43:47.859, 2, 120 MHz, 3996 MHz, 186.05 W, 32
2026/10/08 03:43:47.859, 3, 120 MHz, 3996 MHz, 184.09 W, 33
2026/10/08 03:43:47.859, 4, 120 MHz, 3996 MHz, 184.59 W, 34
2026/10/08 03:43:47.859, 5, 120 MHz, 3996 MHz, 182.69 W, 33
2026/10/08 03:43:47.859, 6, 120 MHz, 3996 MHz, 184.83 W, 28
2026/10/08 03:43:47.859, 7, 120 MHz, 3996 MHz, 184.63 W, 27
2026/10/08 03:43:48.859, 0, 120 MHz, 3996 MHz, 186.41 W, 36
2026/10/08 03:43:48.859, 1, 120 MHz, 3996 MHz, 188.23 W, 38
2026/10/08 03:43:48.859, 2, 120 MHz, 3996 MHz, 186.05 W, 32
2026/10/08 03:43:48.859, 3, 120 MHz, 3996 MHz, 184.09 W, 32
2026/10/08 03:43:48.859, 4, 120 MHz, 3996 MHz, 184.59 W, 34
2026/10/08 03:43:48.859, 5, 120 MHz, 3996 MHz, 182.65 W, 33
2026/10/08 03:43:48.859, 6, 120 MHz, 3996 MHz, 184.83 W, 28
2026/10/08 03:43:48.859, 7, 120 MHz, 3996 MHz, 184.65 W, 27
2026/10/08 03:43:49.859, 0, 120 MHz, 3996 MHz, 186.41 W, 36
2026/10/08 03:43:49.859, 1, 120 MHz, 3996 MHz, 188.23 W, 38
2026/10/08 03:43:49.859, 2, 120 MHz, 3996 MHz, 186.05 W, 32
2026/10/08 03:43:49.859, 3, 120 MHz, 3996 MHz, 184.09 W, 32
2026/10/08 03:43:49.860, 4, 120 MHz, 3996 MHz, 184.59 W, 34
2026/10/08 03:43:49.860, 5, 120 MHz, 3996 MHz, 182.65 W, 33
2026/10/08 03:43:49.860, 6, 120 MHz, 3996 MHz, 184.83 W, 28
2026/10/08 03:43:49.860, 7, 120 MHz, 3996 MHz, 184.61 W, 27
2026/10/08 03:43:50.860, 0, 120 MHz, 3996 MHz, 186.41 W, 36
2026/10/08 03:43:50.860, 1, 120 MHz, 3996 MHz, 188.23 W, 38
2026/10/08 03:43:50.860, 2, 120 MHz, 3996 MHz, 186.05 W, 32
2026/10/08 03:43:50.860, 3, 120 MHz, 3996 MHz, 184.09 W, 32
2026/10/08 03:43:50.860, 4, 120 MHz, 3996 MHz, 184.59 W, 34
2026/10/08 03:43:50.860, 5, 120 MHz, 3996 MHz, 182.65 W, 33
2026/10/08 03:43:50.860, 6, 120 MHz, 3996 MHz, 184.83 W, 28
2026/10/08 03:43:50.860, 7, 120 MHz, 3996 MHz, 184.62 W, 26
2026/10/08 03:43:51.860, 0, 120 MHz, 3996 MHz, 186.41 W, 36
2026/10/08 03:43:51.860, 1, 120 MHz, 3996 MHz, 188.23 W, 38
2026/10/08 03:43:51.860, 2, 120 MHz, 3996 MHz, 186.05 W, 32
2026/10/08 03:43:51.860, 3, 120 MHz, 3996 MHz, 184.09 W, 32
2026/10/08 03:43:51.860, 4, 120 MHz, 3996 MHz, 184.59 W, 34
2026/10/08 03:43:51.860, 5, 120 MHz, 3996 MHz, 182.65 W, 33
2026/10/08 03:43:51.860, 6, 120 MHz, 3996 MHz, 184.83 W, 28
2026/10/08 03:43:51.860, 7, 120 MHz, 3996 MHz, 184.60 W, 27
2026/10/08 03:43:52.860, 0, 120 MHz, 3996 MHz, 186.41 W, 36
2026/10/08 03:43:52.861, 1, 120 MHz, 3996 MHz, 188.23 W, 38
2026/10/08 03:43:52.861, 2, 120 MHz, 3996 MHz, 186.05 W, 32
2026/10/08 03:43:52.861, 3, 120 MHz, 3996 MHz, 184.09 W, 32
2026/10/08 03:43:52.861, 4, 2032 MHz, 3996 MHz, 231.65 W, 35
2026/10/08 03:43:52.861, 5, 120 MHz, 3996 MHz, 182.54 W, 33
2026/10/08 03:43:52.861, 6, 120 MHz, 3996 MHz, 184.83 W, 28
2026/10/08 03:43:52.861, 7, 120 MHz, 3996 MHz, 184.60 W, 27
2026/10/08 03:43:53.861, 0, 120 MHz, 3996 MHz, 186.41 W, 36
2026/10/08 03:43:53.861, 1, 120 MHz, 3996 MHz, 188.23 W, 38
2026/10/08 03:43:53.861, 2, 120 MHz, 3996 MHz, 186.05 W, 32
2026/10/08 03:43:53.861, 3, 120 MHz, 3996 MHz, 184.09 W, 32
2026/10/08 03:43:53.861, 4, 2032 MHz, 3996 MHz, 242.60 W, 35
2026/10/08 03:43:53.861, 5, 120 MHz, 3996 MHz, 182.52 W, 33
2026/10/08 03:43:53.861, 6, 120 MHz, 3996 MHz, 184.77 W, 28
2026/10/08 03:43:53.861, 7, 2032 MHz, 3996 MHz, 213.43 W, 27
2026/10/08 03:43:54.861, 0, 120 MHz, 3996 MHz, 186.41 W, 36
2026/10/08 03:43:54.861, 1, 120 MHz, 3996 MHz, 188.23 W, 38
2026/10/08 03:43:54.861, 2, 120 MHz, 3996 MHz, 186.05 W, 31
2026/10/08 03:43:54.861, 3, 120 MHz, 3996 MHz, 184.09 W, 32
2026/10/08 03:43:54.861, 4, 2032 MHz, 3996 MHz, 242.56 W, 35
2026/10/08 03:43:54.861, 5, 120 MHz, 3996 MHz, 182.52 W, 33
2026/10/08 03:43:54.861, 6, 120 MHz, 3996 MHz, 184.71 W, 28
2026/10/08 03:43:54.861, 7, 2032 MHz, 3996 MHz, 234.99 W, 28
2026/10/08 03:43:55.861, 0, 120 MHz, 3996 MHz, 186.41 W, 36
2026/10/08 03:43:55.861, 1, 120 MHz, 3996 MHz, 188.23 W, 38
2026/10/08 03:43:55.861, 2, 120 MHz, 3996 MHz, 186.05 W, 31
2026/10/08 03:43:55.861, 3, 120 MHz, 3996 MHz, 184.09 W, 31
2026/10/08 03:43:55.861, 4, 2032 MHz, 3996 MHz, 242.56 W, 35
2026/10/08 03:43:55.861, 5, 120 MHz, 3996 MHz, 182.52 W, 33
2026/10/08 03:43:55.861, 6, 2032 MHz, 3996 MHz, 194.14 W, 28
2026/10/08 03:43:55.861, 7, 2032 MHz, 3996 MHz, 234.92 W, 28
2026/10/08 03:43:56.862, 0, 120 MHz, 3996 MHz, 186.41 W, 36
2026/10/08 03:43:56.862, 1, 120 MHz, 3996 MHz, 188.23 W, 38
2026/10/08 03:43:56.862, 2, 120 MHz, 3996 MHz, 186.05 W, 31
2026/10/08 03:43:56.862, 3, 120 MHz, 3996 MHz, 184.09 W, 31
2026/10/08 03:43:56.862, 4, 2032 MHz, 3996 MHz, 244.07 W, 35
2026/10/08 03:43:56.862, 5, 2032 MHz, 3996 MHz, 202.75 W, 33
2026/10/08 03:43:56.862, 6, 2032 MHz, 3996 MHz, 244.82 W, 29
2026/10/08 03:43:56.862, 7, 2032 MHz, 3996 MHz, 234.80 W, 28
2026/10/08 03:43:57.862, 0, 120 MHz, 3996 MHz, 186.41 W, 36
2026/10/08 03:43:57.862, 1, 120 MHz, 3996 MHz, 188.23 W, 38
2026/10/08 03:43:57.862, 2, 120 MHz, 3996 MHz, 186.01 W, 31
2026/10/08 03:43:57.862, 3, 120 MHz, 3996 MHz, 184.09 W, 31
2026/10/08 03:43:57.862, 4, 2032 MHz, 3996 MHz, 244.30 W, 35
2026/10/08 03:43:57.862, 5, 2032 MHz, 3996 MHz, 234.81 W, 34
2026/10/08 03:43:57.862, 6, 2032 MHz, 3996 MHz, 244.82 W, 29
2026/10/08 03:43:57.862, 7, 2032 MHz, 3996 MHz, 234.80 W, 28
2026/10/08 03:43:58.862, 0, 120 MHz, 3996 MHz, 186.41 W, 36
2026/10/08 03:43:58.862, 1, 120 MHz, 3996 MHz, 188.23 W, 38
2026/10/08 03:43:58.862, 2, 120 MHz, 3996 MHz, 185.97 W, 31
2026/10/08 03:43:58.862, 3, 120 MHz, 3996 MHz, 184.05 W, 31
2026/10/08 03:43:58.862, 4, 2032 MHz, 3996 MHz, 244.22 W, 35
2026/10/08 03:43:58.862, 5, 2032 MHz, 3996 MHz, 235.24 W, 34
2026/10/08 03:43:58.862, 6, 2032 MHz, 3996 MHz, 244.82 W, 29
2026/10/08 03:43:58.862, 7, 2032 MHz, 3996 MHz, 234.99 W, 28
2026/10/08 03:43:59.863, 0, 120 MHz, 3996 MHz, 186.41 W, 36
2026/10/08 03:43:59.863, 1, 120 MHz, 3996 MHz, 188.23 W, 38
2026/10/08 03:43:59.863, 2, 120 MHz, 3996 MHz, 185.97 W, 31
2026/10/08 03:43:59.863, 3, 120 MHz, 3996 MHz, 184.09 W, 31
2026/10/08 03:43:59.863, 4, 2032 MHz, 3996 MHz, 244.30 W, 36
2026/10/08 03:43:59.863, 5, 2032 MHz, 3996 MHz, 234.88 W, 34
2026/10/08 03:43:59.863, 6, 2032 MHz, 3996 MHz, 244.82 W, 29
2026/10/08 03:43:59.863, 7, 2032 MHz, 3996 MHz, 235.60 W, 28
2026/10/08 03:44:00.863, 0, 120 MHz, 3996 MHz, 186.29 W, 36
2026/10/08 03:44:00.863, 1, 120 MHz, 3996 MHz, 188.19 W, 38
2026/10/08 03:44:00.863, 2, 120 MHz, 3996 MHz, 185.81 W, 31
2026/10/08 03:44:00.863, 3, 120 MHz, 3996 MHz, 184.09 W, 31
2026/10/08 03:44:00.863, 4, 2032 MHz, 3996 MHz, 244.26 W, 36
2026/10/08 03:44:00.863, 5, 2032 MHz, 3996 MHz, 235.21 W, 34
2026/10/08 03:44:00.863, 6, 2032 MHz, 3996 MHz, 244.82 W, 29
2026/10/08 03:44:00.863, 7, 2032 MHz, 3996 MHz, 235.54 W, 28
2026/10/08 03:44:01.863, 0, 120 MHz, 3996 MHz, 186.41 W, 36
2026/10/08 03:44:01.863, 1, 120 MHz, 3996 MHz, 188.23 W, 38
2026/10/08 03:44:01.863, 2, 120 MHz, 3996 MHz, 185.97 W, 31
2026/10/08 03:44:01.863, 3, 120 MHz, 3996 MHz, 184.09 W, 31
2026/10/08 03:44:01.863, 4, 2032 MHz, 3996 MHz, 243.31 W, 36
2026/10/08 03:44:01.863, 5, 2032 MHz, 3996 MHz, 235.90 W, 34
2026/10/08 03:44:01.863, 6, 2032 MHz, 3996 MHz, 244.82 W, 29
2026/10/08 03:44:01.863, 7, 2032 MHz, 3996 MHz, 235.06 W, 28
2026/10/08 03:44:02.863, 0, 120 MHz, 3996 MHz, 186.41 W, 36
2026/10/08 03:44:02.863, 1, 120 MHz, 3996 MHz, 188.11 W, 38
2026/10/08 03:44:02.863, 2, 120 MHz, 3996 MHz, 185.89 W, 31
2026/10/08 03:44:02.863, 3, 120 MHz, 3996 MHz, 184.09 W, 31
2026/10/08 03:44:02.864, 4, 2032 MHz, 3996 MHz, 243.25 W, 36
2026/10/08 03:44:02.864, 5, 2032 MHz, 3996 MHz, 235.55 W, 34
2026/10/08 03:44:02.864, 6, 2032 MHz, 3996 MHz, 244.82 W, 29
2026/10/08 03:44:02.864, 7, 2032 MHz, 3996 MHz, 234.88 W, 28
2026/10/08 03:44:03.864, 0, 120 MHz, 3996 MHz, 186.41 W, 36
2026/10/08 03:44:03.864, 1, 120 MHz, 3996 MHz, 188.07 W, 37
2026/10/08 03:44:03.864, 2, 120 MHz, 3996 MHz, 185.30 W, 31
2026/10/08 03:44:03.864, 3, 120 MHz, 3996 MHz, 184.09 W, 31
2026/10/08 03:44:03.864, 4, 2032 MHz, 3996 MHz, 244.34 W, 36
2026/10/08 03:44:03.864, 5, 2032 MHz, 3996 MHz, 235.07 W, 34
2026/10/08 03:44:03.864, 6, 2032 MHz, 3996 MHz, 244.82 W, 29
2026/10/08 03:44:03.864, 7, 2032 MHz, 3996 MHz, 235.06 W, 28
2026/10/08 03:44:04.864, 0, 120 MHz, 3996 MHz, 186.41 W, 36
2026/10/08 03:44:04.864, 1, 120 MHz, 3996 MHz, 187.88 W, 37
2026/10/08 03:44:04.864, 2, 120 MHz, 3996 MHz, 185.30 W, 31
2026/10/08 03:44:04.864, 3, 120 MHz, 3996 MHz, 184.09 W, 31
2026/10/08 03:44:04.864, 4, 2032 MHz, 3996 MHz, 244.38 W, 36
2026/10/08 03:44:04.864, 5, 2032 MHz, 3996 MHz, 235.25 W, 34
2026/10/08 03:44:04.864, 6, 2032 MHz, 3996 MHz, 244.82 W, 29
2026/10/08 03:44:04.864, 7, 2032 MHz, 3996 MHz, 235.18 W, 28
2026/10/08 03:44:05.864, 0, 120 MHz, 3996 MHz, 186.41 W, 35
2026/10/08 03:44:05.864, 1, 120 MHz, 3996 MHz, 188.23 W, 37
2026/10/08 03:44:05.864, 2, 120 MHz, 3996 MHz, 185.30 W, 30
2026/10/08 03:44:05.864, 3, 2032 MHz, 3996 MHz, 216.66 W, 32
2026/10/08 03:44:05.864, 4, 2032 MHz, 3996 MHz, 262.38 W, 36
2026/10/08 03:44:05.864, 5, 2032 MHz, 3996 MHz, 235.43 W, 34
2026/10/08 03:44:05.864, 6, 2032 MHz, 3996 MHz, 244.82 W, 29
2026/10/08 03:44:05.864, 7, 2032 MHz, 3996 MHz, 235.26 W, 28
2026/10/08 03:44:06.865, 0, 120 MHz, 3996 MHz, 186.41 W, 35
2026/10/08 03:44:06.865, 1, 120 MHz, 3996 MHz, 188.23 W, 37
2026/10/08 03:44:06.865, 2, 120 MHz, 3996 MHz, 185.57 W, 30
2026/10/08 03:44:06.865, 3, 2032 MHz, 3996 MHz, 235.89 W, 32
2026/10/08 03:44:06.865, 4, 2032 MHz, 3996 MHz, 242.78 W, 36
2026/10/08 03:44:06.865, 5, 2032 MHz, 3996 MHz, 235.25 W, 34
2026/10/08 03:44:06.865, 6, 2032 MHz, 3996 MHz, 244.82 W, 30
2026/10/08 03:44:06.865, 7, 2032 MHz, 3996 MHz, 235.15 W, 28
2026/10/08 03:44:07.865, 0, 120 MHz, 3996 MHz, 186.41 W, 35
2026/10/08 03:44:07.865, 1, 120 MHz, 3996 MHz, 188.23 W, 37
2026/10/08 03:44:07.865, 2, 120 MHz, 3996 MHz, 185.66 W, 30
2026/10/08 03:44:07.865, 3, 2032 MHz, 3996 MHz, 236.97 W, 32
2026/10/08 03:44:07.865, 4, 2032 MHz, 3996 MHz, 242.40 W, 36
2026/10/08 03:44:07.865, 5, 2032 MHz, 3996 MHz, 235.61 W, 34
2026/10/08 03:44:07.865, 6, 2032 MHz, 3996 MHz, 244.82 W, 30
2026/10/08 03:44:07.865, 7, 2032 MHz, 3996 MHz, 234.80 W, 28
2026/10/08 03:44:08.865, 0, 120 MHz, 3996 MHz, 186.41 W, 35
2026/10/08 03:44:08.865, 1, 120 MHz, 3996 MHz, 188.23 W, 37
2026/10/08 03:44:08.865, 2, 120 MHz, 3996 MHz, 185.02 W, 30
2026/10/08 03:44:08.865, 3, 2032 MHz, 3996 MHz, 237.50 W, 32
2026/10/08 03:44:08.865, 4, 2032 MHz, 3996 MHz, 242.52 W, 36
2026/10/08 03:44:08.865, 5, 2032 MHz, 3996 MHz, 235.46 W, 34
2026/10/08 03:44:08.865, 6, 2032 MHz, 3996 MHz, 244.82 W, 30
2026/10/08 03:44:08.865, 7, 2032 MHz, 3996 MHz, 234.80 W, 28
2026/10/08 03:44:09.865, 0, 120 MHz, 3996 MHz, 186.41 W, 35
2026/10/08 03:44:09.865, 1, 120 MHz, 3996 MHz, 188.23 W, 37
2026/10/08 03:44:09.865, 2, 120 MHz, 3996 MHz, 185.29 W, 30
2026/10/08 03:44:09.866, 3, 2032 MHz, 3996 MHz, 255.63 W, 32
2026/10/08 03:44:09.866, 4, 2032 MHz, 3996 MHz, 242.40 W, 36
2026/10/08 03:44:09.866, 5, 2032 MHz, 3996 MHz, 235.31 W, 34
2026/10/08 03:44:09.866, 6, 2032 MHz, 3996 MHz, 244.82 W, 30
2026/10/08 03:44:09.866, 7, 2032 MHz, 3996 MHz, 234.80 W, 28
2026/10/08 03:44:10.866, 0, 120 MHz, 3996 MHz, 186.41 W, 35
2026/10/08 03:44:10.866, 1, 120 MHz, 3996 MHz, 188.23 W, 37
2026/10/08 03:44:10.866, 2, 120 MHz, 3996 MHz, 185.29 W, 30
2026/10/08 03:44:10.866, 3, 2032 MHz, 3996 MHz, 257.03 W, 32
2026/10/08 03:44:10.866, 4, 2032 MHz, 3996 MHz, 242.44 W, 36
2026/10/08 03:44:10.866, 5, 2032 MHz, 3996 MHz, 235.86 W, 34
2026/10/08 03:44:10.866, 6, 2032 MHz, 3996 MHz, 244.82 W, 30
2026/10/08 03:44:10.866, 7, 2032 MHz, 3996 MHz, 234.84 W, 28
2026/10/08 03:44:11.866, 0, 120 MHz, 3996 MHz, 186.41 W, 35
2026/10/08 03:44:11.866, 1, 120 MHz, 3996 MHz, 188.23 W, 37
2026/10/08 03:44:11.866, 2, 2032 MHz, 3996 MHz, 223.85 W, 31
2026/10/08 03:44:11.866, 3, 2032 MHz, 3996 MHz, 255.25 W, 32
2026/10/08 03:44:11.866, 4, 2032 MHz, 3996 MHz, 242.44 W, 36
2026/10/08 03:44:11.866, 5, 2032 MHz, 3996 MHz, 234.80 W, 34
2026/10/08 03:44:11.866, 6, 2032 MHz, 3996 MHz, 244.82 W, 30
2026/10/08 03:44:11.866, 7, 2032 MHz, 3996 MHz, 236.82 W, 28
2026/10/08 03:44:12.866, 0, 120 MHz, 3996 MHz, 186.41 W, 35
2026/10/08 03:44:12.866, 1, 120 MHz, 3996 MHz, 188.23 W, 37
2026/10/08 03:44:12.866, 2, 2032 MHz, 3996 MHz, 235.68 W, 31
2026/10/08 03:44:12.866, 3, 2032 MHz, 3996 MHz, 357.96 W, 34
2026/10/08 03:44:12.866, 4, 2032 MHz, 3996 MHz, 242.40 W, 36
2026/10/08 03:44:12.866, 5, 2032 MHz, 3996 MHz, 235.17 W, 34
2026/10/08 03:44:12.866, 6, 2032 MHz, 3996 MHz, 244.82 W, 30
2026/10/08 03:44:12.866, 7, 2032 MHz, 3996 MHz, 236.74 W, 28
2026/10/08 03:44:13.866, 0, 120 MHz, 3996 MHz, 186.41 W, 35
2026/10/08 03:44:13.867, 1, 120 MHz, 3996 MHz, 188.19 W, 37
2026/10/08 03:44:13.867, 2, 2032 MHz, 3996 MHz, 235.82 W, 31
2026/10/08 03:44:13.867, 3, 2032 MHz, 3996 MHz, 307.30 W, 33
2026/10/08 03:44:13.867, 4, 2032 MHz, 3996 MHz, 242.40 W, 36
2026/10/08 03:44:13.867, 5, 2032 MHz, 3996 MHz, 235.79 W, 34
2026/10/08 03:44:13.867, 6, 2032 MHz, 3996 MHz, 244.82 W, 30
2026/10/08 03:44:13.867, 7, 2032 MHz, 3996 MHz, 236.09 W, 28
2026/10/08 03:44:14.867, 0, 120 MHz, 3996 MHz, 186.41 W, 35
2026/10/08 03:44:14.867, 1, 120 MHz, 3996 MHz, 188.19 W, 37
2026/10/08 03:44:14.867, 2, 2032 MHz, 3996 MHz, 236.71 W, 31
2026/10/08 03:44:14.867, 3, 2032 MHz, 3996 MHz, 270.17 W, 32
2026/10/08 03:44:14.867, 4, 2032 MHz, 3996 MHz, 242.40 W, 36
2026/10/08 03:44:14.867, 5, 2032 MHz, 3996 MHz, 235.73 W, 34
2026/10/08 03:44:14.867, 6, 2032 MHz, 3996 MHz, 246.42 W, 30
2026/10/08 03:44:14.867, 7, 2032 MHz, 3996 MHz, 253.45 W, 28
2026/10/08 03:44:15.867, 0, 120 MHz, 3996 MHz, 186.41 W, 35
2026/10/08 03:44:15.867, 1, 120 MHz, 3996 MHz, 188.19 W, 37
2026/10/08 03:44:15.867, 2, 2032 MHz, 3996 MHz, 236.64 W, 31
2026/10/08 03:44:15.867, 3, 2032 MHz, 3996 MHz, 249.91 W, 32
2026/10/08 03:44:15.867, 4, 2032 MHz, 3996 MHz, 242.75 W, 36
2026/10/08 03:44:15.867, 5, 2032 MHz, 3996 MHz, 236.66 W, 34
2026/10/08 03:44:15.867, 6, 2032 MHz, 3996 MHz, 246.69 W, 30
2026/10/08 03:44:15.867, 7, 2032 MHz, 3996 MHz, 234.95 W, 28
2026/10/08 03:44:16.867, 0, 120 MHz, 3996 MHz, 186.41 W, 35
2026/10/08 03:44:16.867, 1, 120 MHz, 3996 MHz, 188.19 W, 37
2026/10/08 03:44:16.867, 2, 2032 MHz, 3996 MHz, 254.74 W, 32
2026/10/08 03:44:16.867, 3, 2032 MHz, 3996 MHz, 238.43 W, 32
2026/10/08 03:44:16.867, 4, 2032 MHz, 3996 MHz, 242.55 W, 36
2026/10/08 03:44:16.867, 5, 2032 MHz, 3996 MHz, 236.35 W, 34
2026/10/08 03:44:16.867, 6, 2032 MHz, 3996 MHz, 256.02 W, 30
2026/10/08 03:44:16.867, 7, 2032 MHz, 3996 MHz, 235.01 W, 29
2026/10/08 03:44:17.868, 0, 120 MHz, 3996 MHz, 186.41 W, 35
2026/10/08 03:44:17.868, 1, 120 MHz, 3996 MHz, 188.23 W, 37
2026/10/08 03:44:17.868, 2, 2032 MHz, 3996 MHz, 237.01 W, 31
2026/10/08 03:44:17.868, 3, 2032 MHz, 3996 MHz, 236.73 W, 32
2026/10/08 03:44:17.868, 4, 2032 MHz, 3996 MHz, 242.49 W, 36
2026/10/08 03:44:17.868, 5, 2032 MHz, 3996 MHz, 240.63 W, 34
2026/10/08 03:44:17.868, 6, 2032 MHz, 3996 MHz, 258.90 W, 30
2026/10/08 03:44:17.868, 7, 2032 MHz, 3996 MHz, 234.80 W, 29
2026/10/08 03:44:18.868, 0, 120 MHz, 3996 MHz, 186.41 W, 35
2026/10/08 03:44:18.868, 1, 120 MHz, 3996 MHz, 188.11 W, 37
2026/10/08 03:44:18.868, 2, 2032 MHz, 3996 MHz, 273.64 W, 31
2026/10/08 03:44:18.868, 3, 2032 MHz, 3996 MHz, 237.04 W, 32
2026/10/08 03:44:18.868, 4, 2032 MHz, 3996 MHz, 242.45 W, 36
2026/10/08 03:44:18.868, 5, 2032 MHz, 3996 MHz, 248.26 W, 34
2026/10/08 03:44:18.868, 6, 2032 MHz, 3996 MHz, 244.82 W, 30
2026/10/08 03:44:18.868, 7, 2032 MHz, 3996 MHz, 234.84 W, 29
2026/10/08 03:44:19.868, 0, 120 MHz, 3996 MHz, 186.37 W, 35
2026/10/08 03:44:19.868, 1, 120 MHz, 3996 MHz, 188.11 W, 37
2026/10/08 03:44:19.868, 2, 2032 MHz, 3996 MHz, 237.01 W, 31
2026/10/08 03:44:19.868, 3, 2032 MHz, 3996 MHz, 245.36 W, 32
2026/10/08 03:44:19.868, 4, 2032 MHz, 3996 MHz, 242.51 W, 36
2026/10/08 03:44:19.868, 5, 2032 MHz, 3996 MHz, 234.98 W, 34
2026/10/08 03:44:19.868, 6, 2032 MHz, 3996 MHz, 244.86 W, 30
2026/10/08 03:44:19.868, 7, 2032 MHz, 3996 MHz, 234.95 W, 29
2026/10/08 03:44:20.868, 0, 120 MHz, 3996 MHz, 186.37 W, 35
2026/10/08 03:44:20.869, 1, 120 MHz, 3996 MHz, 187.18 W, 37
2026/10/08 03:44:20.869, 2, 2032 MHz, 3996 MHz, 301.02 W, 33
2026/10/08 03:44:20.869, 3, 2032 MHz, 3996 MHz, 236.56 W, 32
2026/10/08 03:44:20.869, 4, 2032 MHz, 3996 MHz, 242.52 W, 36
2026/10/08 03:44:20.869, 5, 2032 MHz, 3996 MHz, 235.09 W, 34
2026/10/08 03:44:20.869, 6, 2032 MHz, 3996 MHz, 244.82 W, 30
2026/10/08 03:44:20.869, 7, 2032 MHz, 3996 MHz, 234.99 W, 29
2026/10/08 03:44:21.869, 0, 120 MHz, 3996 MHz, 186.41 W, 35
2026/10/08 03:44:21.869, 1, 120 MHz, 3996 MHz, 187.16 W, 37
2026/10/08 03:44:21.869, 2, 2032 MHz, 3996 MHz, 304.05 W, 32
2026/10/08 03:44:21.869, 3, 2032 MHz, 3996 MHz, 236.42 W, 32
2026/10/08 03:44:21.869, 4, 2032 MHz, 3996 MHz, 242.48 W, 36
2026/10/08 03:44:21.869, 5, 2032 MHz, 3996 MHz, 235.12 W, 34
2026/10/08 03:44:21.869, 6, 2032 MHz, 3996 MHz, 244.82 W, 30
2026/10/08 03:44:21.869, 7, 2032 MHz, 3996 MHz, 235.03 W, 29
2026/10/08 03:44:22.869, 0, 120 MHz, 3996 MHz, 186.26 W, 35
2026/10/08 03:44:22.869, 1, 120 MHz, 3996 MHz, 186.87 W, 37
2026/10/08 03:44:22.869, 2, 2032 MHz, 3996 MHz, 293.82 W, 32
2026/10/08 03:44:22.869, 3, 2032 MHz, 3996 MHz, 236.49 W, 32
2026/10/08 03:44:22.869, 4, 2032 MHz, 3996 MHz, 242.52 W, 36
2026/10/08 03:44:22.869, 5, 2032 MHz, 3996 MHz, 234.88 W, 34
2026/10/08 03:44:22.869, 6, 2032 MHz, 3996 MHz, 244.82 W, 30
2026/10/08 03:44:22.869, 7, 2032 MHz, 3996 MHz, 235.10 W, 29
2026/10/08 03:44:23.869, 0, 120 MHz, 3996 MHz, 186.45 W, 35
2026/10/08 03:44:23.869, 1, 120 MHz, 3996 MHz, 187.05 W, 37
2026/10/08 03:44:23.869, 2, 2032 MHz, 3996 MHz, 248.65 W, 32
2026/10/08 03:44:23.869, 3, 2032 MHz, 3996 MHz, 236.67 W, 32
2026/10/08 03:44:23.869, 4, 2032 MHz, 3996 MHz, 242.75 W, 36
2026/10/08 03:44:23.869, 5, 2032 MHz, 3996 MHz, 235.22 W, 34
2026/10/08 03:44:23.869, 6, 2032 MHz, 3996 MHz, 244.90 W, 30
2026/10/08 03:44:23.869, 7, 2032 MHz, 3996 MHz, 235.57 W, 29
2026/10/08 03:44:24.870, 0, 120 MHz, 3996 MHz, 186.41 W, 35
2026/10/08 03:44:24.870, 1, 120 MHz, 3996 MHz, 186.78 W, 37
2026/10/08 03:44:24.870, 2, 2032 MHz, 3996 MHz, 248.23 W, 32
2026/10/08 03:44:24.870, 3, 2032 MHz, 3996 MHz, 236.62 W, 32
2026/10/08 03:44:24.870, 4, 2032 MHz, 3996 MHz, 243.74 W, 36
2026/10/08 03:44:24.870, 5, 2032 MHz, 3996 MHz, 234.87 W, 34
2026/10/08 03:44:24.870, 6, 2032 MHz, 3996 MHz, 244.82 W, 30
2026/10/08 03:44:24.870, 7, 2032 MHz, 3996 MHz, 235.37 W, 29
2026/10/08 03:44:25.870, 0, 120 MHz, 3996 MHz, 186.41 W, 35
2026/10/08 03:44:25.870, 1, 120 MHz, 3996 MHz, 186.98 W, 37
2026/10/08 03:44:25.870, 2, 2032 MHz, 3996 MHz, 258.66 W, 32
2026/10/08 03:44:25.870, 3, 2032 MHz, 3996 MHz, 236.62 W, 32
2026/10/08 03:44:25.870, 4, 2032 MHz, 3996 MHz, 244.26 W, 36
2026/10/08 03:44:25.870, 5, 2032 MHz, 3996 MHz, 235.05 W, 34
2026/10/08 03:44:25.870, 6, 2032 MHz, 3996 MHz, 244.82 W, 30
2026/10/08 03:44:25.870, 7, 2032 MHz, 3996 MHz, 235.60 W, 29
2026/10/08 03:44:26.870, 0, 120 MHz, 3996 MHz, 186.41 W, 35
2026/10/08 03:44:26.870, 1, 120 MHz, 3996 MHz, 187.01 W, 37
2026/10/08 03:44:26.870, 2, 2032 MHz, 3996 MHz, 247.56 W, 32
2026/10/08 03:44:26.870, 3, 2032 MHz, 3996 MHz, 236.62 W, 32
2026/10/08 03:44:26.870, 4, 2032 MHz, 3996 MHz, 244.26 W, 36
2026/10/08 03:44:26.870, 5, 2032 MHz, 3996 MHz, 234.95 W, 34
2026/10/08 03:44:26.870, 6, 2032 MHz, 3996 MHz, 244.82 W, 31
2026/10/08 03:44:26.870, 7, 2032 MHz, 3996 MHz, 235.48 W, 29
2026/10/08 03:44:27.871, 0, 120 MHz, 3996 MHz, 186.41 W, 35
2026/10/08 03:44:27.871, 1, 120 MHz, 3996 MHz, 186.74 W, 37
2026/10/08 03:44:27.871, 2, 2032 MHz, 3996 MHz, 240.59 W, 32
2026/10/08 03:44:27.871, 3, 2032 MHz, 3996 MHz, 236.65 W, 32
2026/10/08 03:44:27.871, 4, 2032 MHz, 3996 MHz, 243.89 W, 36
2026/10/08 03:44:27.871, 5, 2032 MHz, 3996 MHz, 234.87 W, 34
2026/10/08 03:44:27.871, 6, 2032 MHz, 3996 MHz, 244.82 W, 31
2026/10/08 03:44:27.871, 7, 2032 MHz, 3996 MHz, 235.81 W, 29
2026/10/08 03:44:28.871, 0, 120 MHz, 3996 MHz, 186.41 W, 35
2026/10/08 03:44:28.871, 1, 120 MHz, 3996 MHz, 186.71 W, 37
2026/10/08 03:44:28.871, 2, 2032 MHz, 3996 MHz, 243.67 W, 32
2026/10/08 03:44:28.871, 3, 2032 MHz, 3996 MHz, 236.65 W, 32
2026/10/08 03:44:28.871, 4, 2032 MHz, 3996 MHz, 244.18 W, 36
2026/10/08 03:44:28.871, 5, 2032 MHz, 3996 MHz, 234.70 W, 34
2026/10/08 03:44:28.871, 6, 2032 MHz, 3996 MHz, 244.82 W, 31
2026/10/08 03:44:28.871, 7, 2032 MHz, 3996 MHz, 236.01 W, 29
2026/10/08 03:44:29.871, 0, 120 MHz, 3996 MHz, 186.41 W, 35
2026/10/08 03:44:29.871, 1, 120 MHz, 3996 MHz, 186.74 W, 36
2026/10/08 03:44:29.871, 2, 2032 MHz, 3996 MHz, 236.66 W, 32
2026/10/08 03:44:29.871, 3, 2032 MHz, 3996 MHz, 236.66 W, 32
2026/10/08 03:44:29.871, 4, 2032 MHz, 3996 MHz, 244.22 W, 36
2026/10/08 03:44:29.871, 5, 2032 MHz, 3996 MHz, 235.12 W, 34
2026/10/08 03:44:29.871, 6, 2032 MHz, 3996 MHz, 244.82 W, 31
2026/10/08 03:44:29.871, 7, 2032 MHz, 3996 MHz, 236.13 W, 29
2026/10/08 03:44:30.872, 0, 120 MHz, 3996 MHz, 186.41 W, 35
2026/10/08 03:44:30.872, 1, 120 MHz, 3996 MHz, 186.79 W, 36
2026/10/08 03:44:30.872, 2, 2032 MHz, 3996 MHz, 236.66 W, 32
2026/10/08 03:44:30.872, 3, 2032 MHz, 3996 MHz, 236.66 W, 32
2026/10/08 03:44:30.872, 4, 2032 MHz, 3996 MHz, 244.30 W, 36
2026/10/08 03:44:30.872, 5, 2032 MHz, 3996 MHz, 235.52 W, 34
2026/10/08 03:44:30.872, 6, 2032 MHz, 3996 MHz, 244.90 W, 31
2026/10/08 03:44:30.872, 7, 2032 MHz, 3996 MHz, 236.47 W, 29
2026/10/08 03:44:31.872, 0, 120 MHz, 3996 MHz, 186.41 W, 35
2026/10/08 03:44:31.872, 1, 120 MHz, 3996 MHz, 186.78 W, 36
2026/10/08 03:44:31.872, 2, 2032 MHz, 3996 MHz, 236.66 W, 32
2026/10/08 03:44:31.872, 3, 2032 MHz, 3996 MHz, 236.66 W, 32
2026/10/08 03:44:31.872, 4, 2032 MHz, 3996 MHz, 244.30 W, 36
2026/10/08 03:44:31.872, 5, 2032 MHz, 3996 MHz, 235.34 W, 34
2026/10/08 03:44:31.872, 6, 2032 MHz, 3996 MHz, 244.90 W, 31
2026/10/08 03:44:31.872, 7, 2032 MHz, 3996 MHz, 236.43 W, 29
2026/10/08 03:44:32.872, 0, 2032 MHz, 3996 MHz, 220.76 W, 36
2026/10/08 03:44:32.872, 1, 120 MHz, 3996 MHz, 187.17 W, 36
2026/10/08 03:44:32.872, 2, 2032 MHz, 3996 MHz, 237.28 W, 32
2026/10/08 03:44:32.872, 3, 2032 MHz, 3996 MHz, 241.06 W, 32
2026/10/08 03:44:32.872, 4, 2032 MHz, 3996 MHz, 244.42 W, 36
2026/10/08 03:44:32.872, 5, 2032 MHz, 3996 MHz, 235.58 W, 34
2026/10/08 03:44:32.872, 6, 2032 MHz, 3996 MHz, 244.98 W, 31
2026/10/08 03:44:32.872, 7, 2032 MHz, 3996 MHz, 236.70 W, 29
2026/10/08 03:44:33.873, 0, 2032 MHz, 3996 MHz, 242.60 W, 36
2026/10/08 03:44:33.873, 1, 120 MHz, 3996 MHz, 186.99 W, 36
2026/10/08 03:44:33.873, 2, 2032 MHz, 3996 MHz, 248.05 W, 32
2026/10/08 03:44:33.873, 3, 2032 MHz, 3996 MHz, 236.66 W, 32
2026/10/08 03:44:33.873, 4, 2032 MHz, 3996 MHz, 244.34 W, 36
2026/10/08 03:44:33.873, 5, 2032 MHz, 3996 MHz, 235.29 W, 34
2026/10/08 03:44:33.873, 6, 2032 MHz, 3996 MHz, 245.09 W, 31
2026/10/08 03:44:33.873, 7, 2032 MHz, 3996 MHz, 236.66 W, 29
2026/10/08 03:44:34.873, 0, 2032 MHz, 3996 MHz, 242.55 W, 36
2026/10/08 03:44:34.873, 1, 120 MHz, 3996 MHz, 186.94 W, 36
2026/10/08 03:44:34.873, 2, 2032 MHz, 3996 MHz, 236.66 W, 32
2026/10/08 03:44:34.873, 3, 2032 MHz, 3996 MHz, 236.70 W, 32
2026/10/08 03:44:34.873, 4, 2032 MHz, 3996 MHz, 244.34 W, 36
2026/10/08 03:44:34.873, 5, 2032 MHz, 3996 MHz, 235.59 W, 34
2026/10/08 03:44:34.873, 6, 2032 MHz, 3996 MHz, 245.25 W, 31
2026/10/08 03:44:34.873, 7, 2032 MHz, 3996 MHz, 236.70 W, 30
2026/10/08 03:44:35.873, 0, 2032 MHz, 3996 MHz, 242.55 W, 36
2026/10/08 03:44:35.873, 1, 120 MHz, 3996 MHz, 186.82 W, 36
2026/10/08 03:44:35.873, 2, 2032 MHz, 3996 MHz, 236.66 W, 32
2026/10/08 03:44:35.873, 3, 2032 MHz, 3996 MHz, 236.66 W, 32
2026/10/08 03:44:35.873, 4, 2032 MHz, 3996 MHz, 244.34 W, 36
2026/10/08 03:44:35.873, 5, 2032 MHz, 3996 MHz, 235.36 W, 35
2026/10/08 03:44:35.873, 6, 2032 MHz, 3996 MHz, 245.95 W, 31
2026/10/08 03:44:35.873, 7, 2032 MHz, 3996 MHz, 236.58 W, 30
2026/10/08 03:44:36.874, 0, 2032 MHz, 3996 MHz, 242.98 W, 36
2026/10/08 03:44:36.874, 1, 120 MHz, 3996 MHz, 186.88 W, 36
2026/10/08 03:44:36.874, 2, 2032 MHz, 3996 MHz, 236.66 W, 32
2026/10/08 03:44:36.874, 3, 2032 MHz, 3996 MHz, 236.70 W, 32
2026/10/08 03:44:36.874, 4, 2032 MHz, 3996 MHz, 244.34 W, 36
2026/10/08 03:44:36.874, 5, 2032 MHz, 3996 MHz, 235.58 W, 35
2026/10/08 03:44:36.874, 6, 2032 MHz, 3996 MHz, 245.85 W, 31
2026/10/08 03:44:36.874, 7, 2032 MHz, 3996 MHz, 236.74 W, 30
2026/10/08 03:44:37.874, 0, 420 MHz, 3996 MHz, 241.35 W, 36
2026/10/08 03:44:37.874, 1, 120 MHz, 3996 MHz, 186.98 W, 36
2026/10/08 03:44:37.874, 2, 2032 MHz, 3996 MHz, 236.82 W, 32
2026/10/08 03:44:37.874, 3, 2032 MHz, 3996 MHz, 574.02 W, 41
2026/10/08 03:44:37.874, 4, 2032 MHz, 3996 MHz, 244.34 W, 36
2026/10/08 03:44:37.874, 5, 2032 MHz, 3996 MHz, 235.10 W, 35
2026/10/08 03:44:37.874, 6, 2032 MHz, 3996 MHz, 245.70 W, 31
2026/10/08 03:44:37.874, 7, 2032 MHz, 3996 MHz, 236.74 W, 30
2026/10/08 03:44:38.874, 0, 262 MHz, 3996 MHz, 188.93 W, 35
2026/10/08 03:44:38.874, 1, 120 MHz, 3996 MHz, 186.44 W, 36
2026/10/08 03:44:38.874, 2, 2032 MHz, 3996 MHz, 236.65 W, 32
2026/10/08 03:44:38.874, 3, 2032 MHz, 3996 MHz, 266.64 W, 33
2026/10/08 03:44:38.874, 4, 2032 MHz, 3996 MHz, 244.34 W, 36
2026/10/08 03:44:38.874, 5, 2032 MHz, 3996 MHz, 235.76 W, 35
2026/10/08 03:44:38.874, 6, 2032 MHz, 3996 MHz, 245.95 W, 31
2026/10/08 03:44:38.874, 7, 2032 MHz, 3996 MHz, 236.74 W, 30
2026/10/08 03:44:39.874, 0, 165 MHz, 3996 MHz, 187.15 W, 35
2026/10/08 03:44:39.875, 1, 120 MHz, 3996 MHz, 186.74 W, 36
2026/10/08 03:44:39.875, 2, 2032 MHz, 3996 MHz, 236.69 W, 32
2026/10/08 03:44:39.875, 3, 2032 MHz, 3996 MHz, 900.35 W, 41
2026/10/08 03:44:39.875, 4, 2032 MHz, 3996 MHz, 248.38 W, 36
2026/10/08 03:44:39.875, 5, 2032 MHz, 3996 MHz, 235.77 W, 35
2026/10/08 03:44:39.875, 6, 2032 MHz, 3996 MHz, 246.12 W, 31
2026/10/08 03:44:39.875, 7, 2032 MHz, 3996 MHz, 236.74 W, 30
2026/10/08 03:44:40.875, 0, 120 MHz, 3996 MHz, 186.41 W, 35
2026/10/08 03:44:40.875, 1, 120 MHz, 3996 MHz, 186.63 W, 36
2026/10/08 03:44:40.875, 2, 2032 MHz, 3996 MHz, 597.56 W, 34
2026/10/08 03:44:40.875, 3, 2032 MHz, 3996 MHz, 791.11 W, 41
2026/10/08 03:44:40.875, 4, 2032 MHz, 3996 MHz, 244.34 W, 36
2026/10/08 03:44:40.875, 5, 2032 MHz, 3996 MHz, 235.85 W, 35
2026/10/08 03:44:40.875, 6, 2032 MHz, 3996 MHz, 246.54 W, 31
2026/10/08 03:44:40.875, 7, 2032 MHz, 3996 MHz, 236.74 W, 30
2026/10/08 03:44:41.875, 0, 120 MHz, 3996 MHz, 186.41 W, 35
2026/10/08 03:44:41.875, 1, 120 MHz, 3996 MHz, 186.63 W, 36
2026/10/08 03:44:41.875, 2, 1470 MHz, 3996 MHz, 582.37 W, 48
2026/10/08 03:44:41.875, 3, 2032 MHz, 3996 MHz, 791.35 W, 42
2026/10/08 03:44:41.875, 4, 2032 MHz, 3996 MHz, 261.20 W, 37
2026/10/08 03:44:41.875, 5, 2032 MHz, 3996 MHz, 235.68 W, 35
2026/10/08 03:44:41.875, 6, 2032 MHz, 3996 MHz, 246.53 W, 31
2026/10/08 03:44:41.875, 7, 2032 MHz, 3996 MHz, 236.74 W, 30
2026/10/08 03:44:42.875, 0, 120 MHz, 3996 MHz, 186.41 W, 35
2026/10/08 03:44:42.875, 1, 120 MHz, 3996 MHz, 186.79 W, 36
2026/10/08 03:44:42.875, 2, 2032 MHz, 3996 MHz, 823.72 W, 41
2026/10/08 03:44:42.875, 3, 2032 MHz, 3996 MHz, 793.30 W, 42
2026/10/08 03:44:42.875, 4, 2032 MHz, 3996 MHz, 244.34 W, 37
2026/10/08 03:44:42.875, 5, 2032 MHz, 3996 MHz, 235.70 W, 35
2026/10/08 03:44:42.875, 6, 2032 MHz, 3996 MHz, 246.72 W, 31
2026/10/08 03:44:42.875, 7, 2032 MHz, 3996 MHz, 238.92 W, 30
2026/10/08 03:44:43.876, 0, 120 MHz, 3996 MHz, 186.41 W, 35
2026/10/08 03:44:43.876, 1, 120 MHz, 3996 MHz, 186.91 W, 36
2026/10/08 03:44:43.876, 2, 2032 MHz, 3996 MHz, 791.59 W, 41
2026/10/08 03:44:43.876, 3, 1957 MHz, 3996 MHz, 948.64 W, 47
2026/10/08 03:44:43.876, 4, 2032 MHz, 3996 MHz, 244.34 W, 37
2026/10/08 03:44:43.876, 5, 2032 MHz, 3996 MHz, 235.60 W, 35
2026/10/08 03:44:43.876, 6, 2032 MHz, 3996 MHz, 246.57 W, 31
2026/10/08 03:44:43.876, 7, 2032 MHz, 3996 MHz, 236.74 W, 30
2026/10/08 03:44:44.876, 0, 120 MHz, 3996 MHz, 186.41 W, 35
2026/10/08 03:44:44.876, 1, 120 MHz, 3996 MHz, 186.67 W, 36
2026/10/08 03:44:44.876, 2, 2032 MHz, 3996 MHz, 797.33 W, 42
2026/10/08 03:44:44.876, 3, 2032 MHz, 3996 MHz, 793.89 W, 43
2026/10/08 03:44:44.876, 4, 2032 MHz, 3996 MHz, 244.41 W, 37
2026/10/08 03:44:44.876, 5, 2032 MHz, 3996 MHz, 235.69 W, 35
2026/10/08 03:44:44.876, 6, 2032 MHz, 3996 MHz, 246.73 W, 32
2026/10/08 03:44:44.876, 7, 2032 MHz, 3996 MHz, 236.74 W, 30
2026/10/08 03:44:45.876, 0, 120 MHz, 3996 MHz, 186.41 W, 35
2026/10/08 03:44:45.876, 1, 120 MHz, 3996 MHz, 186.85 W, 36
2026/10/08 03:44:45.876, 2, 1560 MHz, 3996 MHz, 824.11 W, 41
2026/10/08 03:44:45.876, 3, 2032 MHz, 3996 MHz, 792.01 W, 43
2026/10/08 03:44:45.876, 4, 2032 MHz, 3996 MHz, 244.34 W, 37
2026/10/08 03:44:45.876, 5, 2032 MHz, 3996 MHz, 235.71 W, 35
2026/10/08 03:44:45.876, 6, 2032 MHz, 3996 MHz, 247.00 W, 32
2026/10/08 03:44:45.876, 7, 2032 MHz, 3996 MHz, 236.74 W, 30
2026/10/08 03:44:46.876, 0, 120 MHz, 3996 MHz, 186.41 W, 35
2026/10/08 03:44:46.876, 1, 120 MHz, 3996 MHz, 186.83 W, 37
2026/10/08 03:44:46.876, 2, 2032 MHz, 3996 MHz, 927.75 W, 43
2026/10/08 03:44:46.876, 3, 2032 MHz, 3996 MHz, 798.42 W, 44
2026/10/08 03:44:46.876, 4, 2032 MHz, 3996 MHz, 244.34 W, 37
2026/10/08 03:44:46.876, 5, 2032 MHz, 3996 MHz, 237.24 W, 35
2026/10/08 03:44:46.876, 6, 2032 MHz, 3996 MHz, 246.76 W, 32
2026/10/08 03:44:46.876, 7, 2032 MHz, 3996 MHz, 236.74 W, 30
2026/10/08 03:44:47.877, 0, 120 MHz, 3996 MHz, 186.49 W, 35
2026/10/08 03:44:47.877, 1, 120 MHz, 3996 MHz, 186.67 W, 37
2026/10/08 03:44:47.877, 2, 2032 MHz, 3996 MHz, 793.17 W, 43
2026/10/08 03:44:47.877, 3, 1312 MHz, 3996 MHz, 904.80 W, 53
2026/10/08 03:44:47.877, 4, 2032 MHz, 3996 MHz, 244.34 W, 37
2026/10/08 03:44:47.877, 5, 2032 MHz, 3996 MHz, 236.52 W, 35
2026/10/08 03:44:47.877, 6, 2032 MHz, 3996 MHz, 246.77 W, 32
2026/10/08 03:44:47.877, 7, 2032 MHz, 3996 MHz, 236.74 W, 30
2026/10/08 03:44:48.877, 0, 120 MHz, 3996 MHz, 186.41 W, 35
2026/10/08 03:44:48.877, 1, 120 MHz, 3996 MHz, 186.82 W, 37
2026/10/08 03:44:48.877, 2, 2032 MHz, 3996 MHz, 796.02 W, 43
2026/10/08 03:44:48.877, 3, 2032 MHz, 3996 MHz, 836.46 W, 45
2026/10/08 03:44:48.877, 4, 2032 MHz, 3996 MHz, 244.34 W, 37
2026/10/08 03:44:48.877, 5, 2032 MHz, 3996 MHz, 236.51 W, 35
2026/10/08 03:44:48.877, 6, 2032 MHz, 3996 MHz, 246.77 W, 32
2026/10/08 03:44:48.877, 7, 2032 MHz, 3996 MHz, 236.74 W, 30
2026/10/08 03:44:49.877, 0, 120 MHz, 3996 MHz, 186.45 W, 35
2026/10/08 03:44:49.877, 1, 120 MHz, 3996 MHz, 187.31 W, 37
2026/10/08 03:44:49.877, 2, 2032 MHz, 3996 MHz, 798.96 W, 44
2026/10/08 03:44:49.877, 3, 2032 MHz, 3996 MHz, 795.89 W, 45
2026/10/08 03:44:49.877, 4, 2032 MHz, 3996 MHz, 244.34 W, 37
2026/10/08 03:44:49.877, 5, 2032 MHz, 3996 MHz, 236.46 W, 35
2026/10/08 03:44:49.877, 6, 2032 MHz, 3996 MHz, 246.77 W, 32
2026/10/08 03:44:49.877, 7, 2032 MHz, 3996 MHz, 236.74 W, 30
2026/10/08 03:44:50.878, 0, 120 MHz, 3996 MHz, 186.49 W, 35
2026/10/08 03:44:50.878, 1, 120 MHz, 3996 MHz, 186.99 W, 37
2026/10/08 03:44:50.878, 2, 2032 MHz, 3996 MHz, 941.54 W, 46
2026/10/08 03:44:50.878, 3, 2032 MHz, 3996 MHz, 798.10 W, 45
2026/10/08 03:44:50.878, 4, 2032 MHz, 3996 MHz, 244.34 W, 37
2026/10/08 03:44:50.878, 5, 2032 MHz, 3996 MHz, 236.52 W, 35
2026/10/08 03:44:50.878, 6, 2032 MHz, 3996 MHz, 246.76 W, 32
2026/10/08 03:44:50.878, 7, 2032 MHz, 3996 MHz, 236.74 W, 31
2026/10/08 03:44:51.878, 0, 120 MHz, 3996 MHz, 186.49 W, 35
2026/10/08 03:44:51.878, 1, 120 MHz, 3996 MHz, 187.02 W, 37
2026/10/08 03:44:51.878, 2, 2032 MHz, 3996 MHz, 795.60 W, 44
2026/10/08 03:44:51.878, 3, 2032 MHz, 3996 MHz, 788.54 W, 44
2026/10/08 03:44:51.878, 4, 2032 MHz, 3996 MHz, 244.34 W, 37
2026/10/08 03:44:51.878, 5, 2032 MHz, 3996 MHz, 236.56 W, 35
2026/10/08 03:44:51.878, 6, 2032 MHz, 3996 MHz, 246.76 W, 32
2026/10/08 03:44:51.878, 7, 2032 MHz, 3996 MHz, 236.74 W, 31
2026/10/08 03:44:52.878, 0, 120 MHz, 3996 MHz, 186.49 W, 35
2026/10/08 03:44:52.878, 1, 120 MHz, 3996 MHz, 187.43 W, 37
2026/10/08 03:44:52.878, 2, 2032 MHz, 3996 MHz, 799.92 W, 45
2026/10/08 03:44:52.878, 3, 2032 MHz, 3996 MHz, 939.87 W, 46
2026/10/08 03:44:52.878, 4, 2032 MHz, 3996 MHz, 244.34 W, 37
2026/10/08 03:44:52.878, 5, 2032 MHz, 3996 MHz, 236.49 W, 35
2026/10/08 03:44:52.878, 6, 2032 MHz, 3996 MHz, 246.76 W, 32
2026/10/08 03:44:52.878, 7, 2032 MHz, 3996 MHz, 236.74 W, 31
2026/10/08 03:44:53.878, 0, 120 MHz, 3996 MHz, 186.60 W, 35
2026/10/08 03:44:53.879, 1, 120 MHz, 3996 MHz, 187.35 W, 37
2026/10/08 03:44:53.879, 2, 2032 MHz, 3996 MHz, 800.66 W, 45
2026/10/08 03:44:53.879, 3, 2032 MHz, 3996 MHz, 804.30 W, 46
2026/10/08 03:44:53.879, 4, 2032 MHz, 3996 MHz, 244.34 W, 37
2026/10/08 03:44:53.879, 5, 2032 MHz, 3996 MHz, 236.58 W, 35
2026/10/08 03:44:53.879, 6, 2032 MHz, 3996 MHz, 246.77 W, 32
2026/10/08 03:44:53.879, 7, 2032 MHz, 3996 MHz, 236.74 W, 31
2026/10/08 03:44:54.879, 0, 120 MHz, 3996 MHz, 186.45 W, 35
2026/10/08 03:44:54.879, 1, 120 MHz, 3996 MHz, 187.57 W, 37
2026/10/08 03:44:54.879, 2, 1267 MHz, 3996 MHz, 926.27 W, 54
2026/10/08 03:44:54.879, 3, 2032 MHz, 3996 MHz, 798.22 W, 46
2026/10/08 03:44:54.879, 4, 2032 MHz, 3996 MHz, 244.34 W, 37
2026/10/08 03:44:54.879, 5, 2032 MHz, 3996 MHz, 236.54 W, 35
2026/10/08 03:44:54.879, 6, 2032 MHz, 3996 MHz, 246.77 W, 32
2026/10/08 03:44:54.879, 7, 2032 MHz, 3996 MHz, 236.74 W, 31
2026/10/08 03:44:55.879, 0, 120 MHz, 3996 MHz, 186.56 W, 35
2026/10/08 03:44:55.879, 1, 120 MHz, 3996 MHz, 187.50 W, 37
2026/10/08 03:44:55.879, 2, 2032 MHz, 3996 MHz, 822.50 W, 46
2026/10/08 03:44:55.879, 3, 2032 MHz, 3996 MHz, 803.27 W, 46
2026/10/08 03:44:55.879, 4, 2032 MHz, 3996 MHz, 244.34 W, 37
2026/10/08 03:44:55.879, 5, 2032 MHz, 3996 MHz, 236.53 W, 35
2026/10/08 03:44:55.879, 6, 2032 MHz, 3996 MHz, 246.76 W, 32
2026/10/08 03:44:55.879, 7, 2032 MHz, 3996 MHz, 236.74 W, 31
2026/10/08 03:44:56.879, 0, 120 MHz, 3996 MHz, 186.52 W, 35
2026/10/08 03:44:56.879, 1, 120 MHz, 3996 MHz, 187.96 W, 37
2026/10/08 03:44:56.879, 2, 2032 MHz, 3996 MHz, 798.03 W, 46
2026/10/08 03:44:56.879, 3, 2032 MHz, 3996 MHz, 947.55 W, 48
2026/10/08 03:44:56.879, 4, 2032 MHz, 3996 MHz, 244.34 W, 37
2026/10/08 03:44:56.879, 5, 2032 MHz, 3996 MHz, 236.54 W, 35
2026/10/08 03:44:56.879, 6, 2032 MHz, 3996 MHz, 246.76 W, 32
2026/10/08 03:44:56.879, 7, 2032 MHz, 3996 MHz, 236.74 W, 31
2026/10/08 03:44:57.880, 0, 120 MHz, 3996 MHz, 186.88 W, 35
2026/10/08 03:44:57.880, 1, 120 MHz, 3996 MHz, 188.03 W, 37
2026/10/08 03:44:57.880, 2, 2032 MHz, 3996 MHz, 801.19 W, 46
2026/10/08 03:44:57.880, 3, 2032 MHz, 3996 MHz, 798.85 W, 47
2026/10/08 03:44:57.880, 4, 2032 MHz, 3996 MHz, 244.34 W, 37
2026/10/08 03:44:57.880, 5, 2032 MHz, 3996 MHz, 236.54 W, 35
2026/10/08 03:44:57.880, 6, 2032 MHz, 3996 MHz, 246.76 W, 32
2026/10/08 03:44:57.880, 7, 2032 MHz, 3996 MHz, 236.74 W, 31
2026/10/08 03:44:58.880, 0, 120 MHz, 3996 MHz, 186.98 W, 36
2026/10/08 03:44:58.880, 1, 120 MHz, 3996 MHz, 188.11 W, 37
2026/10/08 03:44:58.880, 2, 1410 MHz, 3996 MHz, 834.93 W, 46
2026/10/08 03:44:58.880, 3, 2032 MHz, 3996 MHz, 797.60 W, 47
2026/10/08 03:44:58.880, 4, 2032 MHz, 3996 MHz, 244.34 W, 37
2026/10/08 03:44:58.880, 5, 2032 MHz, 3996 MHz, 236.54 W, 35
2026/10/08 03:44:58.880, 6, 2032 MHz, 3996 MHz, 246.74 W, 32
2026/10/08 03:44:58.880, 7, 2032 MHz, 3996 MHz, 239.65 W, 31
2026/10/08 03:44:59.880, 0, 120 MHz, 3996 MHz, 187.04 W, 36
2026/10/08 03:44:59.880, 1, 120 MHz, 3996 MHz, 188.07 W, 37
2026/10/08 03:44:59.880, 2, 2032 MHz, 3996 MHz, 928.47 W, 47
2026/10/08 03:44:59.880, 3, 2032 MHz, 3996 MHz, 802.02 W, 47
2026/10/08 03:44:59.880, 4, 2032 MHz, 3996 MHz, 244.34 W, 37
2026/10/08 03:44:59.880, 5, 2032 MHz, 3996 MHz, 236.57 W, 36
2026/10/08 03:44:59.880, 6, 2032 MHz, 3996 MHz, 246.76 W, 32
2026/10/08 03:44:59.880, 7, 2032 MHz, 3996 MHz, 238.37 W, 31
2026/10/08 03:45:00.880, 0, 120 MHz, 3996 MHz, 187.65 W, 36
2026/10/08 03:45:00.881, 1, 120 MHz, 3996 MHz, 188.23 W, 37
2026/10/08 03:45:00.881, 2, 2032 MHz, 3996 MHz, 803.98 W, 47
2026/10/08 03:45:00.881, 3, 1297 MHz, 3996 MHz, 935.11 W, 56
2026/10/08 03:45:00.881, 4, 2032 MHz, 3996 MHz, 244.34 W, 37
2026/10/08 03:45:00.881, 5, 2032 MHz, 3996 MHz, 236.61 W, 36
2026/10/08 03:45:00.881, 6, 2032 MHz, 3996 MHz, 247.14 W, 32
2026/10/08 03:45:00.881, 7, 2032 MHz, 3996 MHz, 238.33 W, 31
2026/10/08 03:45:01.881, 0, 120 MHz, 3996 MHz, 187.55 W, 36
2026/10/08 03:45:01.881, 1, 120 MHz, 3996 MHz, 188.15 W, 37
2026/10/08 03:45:01.881, 2, 2032 MHz, 3996 MHz, 804.83 W, 47
2026/10/08 03:45:01.881, 3, 2032 MHz, 3996 MHz, 815.38 W, 48
2026/10/08 03:45:01.881, 4, 2032 MHz, 3996 MHz, 244.34 W, 37
2026/10/08 03:45:01.881, 5, 2032 MHz, 3996 MHz, 236.55 W, 36
2026/10/08 03:45:01.881, 6, 2032 MHz, 3996 MHz, 247.53 W, 32
2026/10/08 03:45:01.881, 7, 2032 MHz, 3996 MHz, 238.45 W, 31
2026/10/08 03:45:02.881, 0, 120 MHz, 3996 MHz, 187.74 W, 36
2026/10/08 03:45:02.881, 1, 120 MHz, 3996 MHz, 188.23 W, 38
2026/10/08 03:45:02.881, 2, 2032 MHz, 3996 MHz, 803.57 W, 47
2026/10/08 03:45:02.881, 3, 2032 MHz, 3996 MHz, 797.22 W, 48
2026/10/08 03:45:02.881, 4, 2032 MHz, 3996 MHz, 244.34 W, 37
2026/10/08 03:45:02.881, 5, 2032 MHz, 3996 MHz, 237.51 W, 36
2026/10/08 03:45:02.881, 6, 2032 MHz, 3996 MHz, 248.04 W, 33
2026/10/08 03:45:02.881, 7, 2032 MHz, 3996 MHz, 238.49 W, 31
2026/10/08 03:45:03.881, 0, 120 MHz, 3996 MHz, 188.00 W, 36
2026/10/08 03:45:03.881, 1, 120 MHz, 3996 MHz, 188.23 W, 38
2026/10/08 03:45:03.881, 2, 2032 MHz, 3996 MHz, 953.18 W, 49
2026/10/08 03:45:03.881, 3, 2032 MHz, 3996 MHz, 802.62 W, 48
2026/10/08 03:45:03.881, 4, 2032 MHz, 3996 MHz, 244.34 W, 37
2026/10/08 03:45:03.881, 5, 2032 MHz, 3996 MHz, 236.98 W, 36
2026/10/08 03:45:03.881, 6, 2032 MHz, 3996 MHz, 247.85 W, 33
2026/10/08 03:45:03.881, 7, 2032 MHz, 3996 MHz, 238.60 W, 31
2026/10/08 03:45:04.882, 0, 120 MHz, 3996 MHz, 188.20 W, 36
2026/10/08 03:45:04.882, 1, 120 MHz, 3996 MHz, 188.23 W, 38
2026/10/08 03:45:04.882, 2, 2032 MHz, 3996 MHz, 801.13 W, 47
2026/10/08 03:45:04.882, 3, 1365 MHz, 3996 MHz, 853.10 W, 56
2026/10/08 03:45:04.882, 4, 2032 MHz, 3996 MHz, 244.34 W, 38
2026/10/08 03:45:04.882, 5, 2032 MHz, 3996 MHz, 237.16 W, 36
2026/10/08 03:45:04.882, 6, 2032 MHz, 3996 MHz, 247.93 W, 33
2026/10/08 03:45:04.882, 7, 2032 MHz, 3996 MHz, 256.56 W, 34
2026/10/08 03:45:05.882, 0, 120 MHz, 3996 MHz, 188.20 W, 36
2026/10/08 03:45:05.882, 1, 120 MHz, 3996 MHz, 188.23 W, 38
2026/10/08 03:45:05.882, 2, 2032 MHz, 3996 MHz, 803.57 W, 48
2026/10/08 03:45:05.882, 3, 2032 MHz, 3996 MHz, 904.64 W, 49
2026/10/08 03:45:05.882, 4, 2032 MHz, 3996 MHz, 244.34 W, 38
2026/10/08 03:45:05.882, 5, 2032 MHz, 3996 MHz, 237.18 W, 36
2026/10/08 03:45:05.882, 6, 2032 MHz, 3996 MHz, 248.29 W, 33
2026/10/08 03:45:05.882, 7, 2032 MHz, 3996 MHz, 243.16 W, 32
2026/10/08 03:45:06.882, 0, 120 MHz, 3996 MHz, 188.27 W, 36
2026/10/08 03:45:06.882, 1, 120 MHz, 3996 MHz, 188.23 W, 38
2026/10/08 03:45:06.882, 2, 2032 MHz, 3996 MHz, 802.98 W, 48
2026/10/08 03:45:06.882, 3, 2032 MHz, 3996 MHz, 802.05 W, 48
2026/10/08 03:45:06.882, 4, 2032 MHz, 3996 MHz, 244.34 W, 38
2026/10/08 03:45:06.882, 5, 2032 MHz, 3996 MHz, 237.18 W, 36
2026/10/08 03:45:06.882, 6, 2032 MHz, 3996 MHz, 248.08 W, 33
2026/10/08 03:45:06.882, 7, 2032 MHz, 3996 MHz, 237.23 W, 32
2026/10/08 03:45:07.882, 0, 120 MHz, 3996 MHz, 188.31 W, 36
2026/10/08 03:45:07.883, 1, 120 MHz, 3996 MHz, 188.23 W, 38
2026/10/08 03:45:07.883, 2, 1267 MHz, 3996 MHz, 953.27 W, 57
2026/10/08 03:45:07.883, 3, 2032 MHz, 3996 MHz, 806.46 W, 49
2026/10/08 03:45:07.883, 4, 2032 MHz, 3996 MHz, 244.34 W, 38
2026/10/08 03:45:07.883, 5, 2032 MHz, 3996 MHz, 237.17 W, 36
2026/10/08 03:45:07.883, 6, 2032 MHz, 3996 MHz, 251.83 W, 33
2026/10/08 03:45:07.883, 7, 2032 MHz, 3996 MHz, 257.01 W, 32
2026/10/08 03:45:08.883, 0, 120 MHz, 3996 MHz, 188.31 W, 37
2026/10/08 03:45:08.883, 1, 120 MHz, 3996 MHz, 188.23 W, 38
2026/10/08 03:45:08.883, 2, 2032 MHz, 3996 MHz, 801.41 W, 48
2026/10/08 03:45:08.883, 3, 2032 MHz, 3996 MHz, 806.63 W, 49
2026/10/08 03:45:08.883, 4, 2032 MHz, 3996 MHz, 244.34 W, 38
2026/10/08 03:45:08.883, 5, 2032 MHz, 3996 MHz, 237.21 W, 36
2026/10/08 03:45:08.883, 6, 2032 MHz, 3996 MHz, 246.86 W, 33
2026/10/08 03:45:08.883, 7, 2032 MHz, 3996 MHz, 238.68 W, 32
2026/10/08 03:45:09.883, 0, 120 MHz, 3996 MHz, 186.82 W, 37
2026/10/08 03:45:09.883, 1, 120 MHz, 3996 MHz, 188.23 W, 38
2026/10/08 03:45:09.883, 2, 2032 MHz, 3996 MHz, 802.76 W, 48
2026/10/08 03:45:09.883, 3, 2032 MHz, 3996 MHz, 939.58 W, 50
2026/10/08 03:45:09.883, 4, 2032 MHz, 3996 MHz, 244.27 W, 38
2026/10/08 03:45:09.883, 5, 2032 MHz, 3996 MHz, 254.63 W, 36
2026/10/08 03:45:09.883, 6, 2032 MHz, 3996 MHz, 265.79 W, 33
2026/10/08 03:45:09.883, 7, 2032 MHz, 3996 MHz, 238.62 W, 32
2026/10/08 03:45:10.883, 0, 120 MHz, 3996 MHz, 186.91 W, 37
2026/10/08 03:45:10.883, 1, 120 MHz, 3996 MHz, 188.23 W, 38
2026/10/08 03:45:10.883, 2, 2032 MHz, 3996 MHz, 807.77 W, 48
2026/10/08 03:45:10.883, 3, 2032 MHz, 3996 MHz, 801.09 W, 49
2026/10/08 03:45:10.883, 4, 2032 MHz, 3996 MHz, 244.34 W, 38
2026/10/08 03:45:10.883, 5, 2032 MHz, 3996 MHz, 236.74 W, 36
2026/10/08 03:45:10.883, 6, 2032 MHz, 3996 MHz, 248.71 W, 33
2026/10/08 03:45:10.883, 7, 2032 MHz, 3996 MHz, 238.60 W, 32
2026/10/08 03:45:11.883, 0, 120 MHz, 3996 MHz, 187.25 W, 37
2026/10/08 03:45:11.884, 1, 120 MHz, 3996 MHz, 188.23 W, 38
2026/10/08 03:45:11.884, 2, 1357 MHz, 3996 MHz, 855.23 W, 57
2026/10/08 03:45:11.884, 3, 2032 MHz, 3996 MHz, 804.67 W, 49
2026/10/08 03:45:11.884, 4, 2032 MHz, 3996 MHz, 244.32 W, 38
2026/10/08 03:45:11.884, 5, 2032 MHz, 3996 MHz, 254.19 W, 36
2026/10/08 03:45:11.884, 6, 2032 MHz, 3996 MHz, 248.65 W, 33
2026/10/08 03:45:11.884, 7, 2032 MHz, 3996 MHz, 238.76 W, 32
2026/10/08 03:45:12.884, 0, 120 MHz, 3996 MHz, 187.36 W, 37
2026/10/08 03:45:12.884, 1, 120 MHz, 3996 MHz, 188.23 W, 39
2026/10/08 03:45:12.884, 2, 2032 MHz, 3996 MHz, 900.29 W, 49
2026/10/08 03:45:12.884, 3, 2032 MHz, 3996 MHz, 805.37 W, 49
2026/10/08 03:45:12.884, 4, 2032 MHz, 3996 MHz, 244.34 W, 38
2026/10/08 03:45:12.884, 5, 2032 MHz, 3996 MHz, 237.48 W, 36
2026/10/08 03:45:12.884, 6, 2032 MHz, 3996 MHz, 248.70 W, 33
2026/10/08 03:45:12.884, 7, 2032 MHz, 3996 MHz, 238.68 W, 32
2026/10/08 03:45:13.884, 0, 120 MHz, 3996 MHz, 187.85 W, 37
2026/10/08 03:45:13.884, 1, 120 MHz, 3996 MHz, 188.23 W, 39
2026/10/08 03:45:13.884, 2, 2032 MHz, 3996 MHz, 803.43 W, 49
2026/10/08 03:45:13.884, 3, 1297 MHz, 3996 MHz, 952.54 W, 55
2026/10/08 03:45:13.884, 4, 2032 MHz, 3996 MHz, 244.34 W, 38
2026/10/08 03:45:13.884, 5, 2032 MHz, 3996 MHz, 237.15 W, 36
2026/10/08 03:45:13.884, 6, 2032 MHz, 3996 MHz, 248.67 W, 33
2026/10/08 03:45:13.884, 7, 2032 MHz, 3996 MHz, 238.68 W, 32
2026/10/08 03:45:14.884, 0, 120 MHz, 3996 MHz, 187.82 W, 37
2026/10/08 03:45:14.884, 1, 120 MHz, 3996 MHz, 188.23 W, 39
2026/10/08 03:45:14.884, 2, 2032 MHz, 3996 MHz, 807.49 W, 49
2026/10/08 03:45:14.884, 3, 2032 MHz, 3996 MHz, 780.42 W, 50
2026/10/08 03:45:14.884, 4, 2032 MHz, 3996 MHz, 244.34 W, 38
2026/10/08 03:45:14.884, 5, 2032 MHz, 3996 MHz, 237.34 W, 36
2026/10/08 03:45:14.884, 6, 2032 MHz, 3996 MHz, 248.28 W, 33
2026/10/08 03:45:14.884, 7, 2032 MHz, 3996 MHz, 238.64 W, 32
2026/10/08 03:45:15.885, 0, 120 MHz, 3996 MHz, 187.89 W, 37
2026/10/08 03:45:15.885, 1, 120 MHz, 3996 MHz, 188.23 W, 39
2026/10/08 03:45:15.885, 2, 2032 MHz, 3996 MHz, 809.07 W, 49
2026/10/08 03:45:15.885, 3, 2032 MHz, 3996 MHz, 801.53 W, 50
2026/10/08 03:45:15.885, 4, 2032 MHz, 3996 MHz, 244.34 W, 38
2026/10/08 03:45:15.885, 5, 2032 MHz, 3996 MHz, 237.59 W, 36
2026/10/08 03:45:15.885, 6, 2032 MHz, 3996 MHz, 248.38 W, 33
2026/10/08 03:45:15.885, 7, 2032 MHz, 3996 MHz, 238.68 W, 32
2026/10/08 03:45:16.885, 0, 120 MHz, 3996 MHz, 188.23 W, 37
2026/10/08 03:45:16.885, 1, 120 MHz, 3996 MHz, 188.23 W, 39
2026/10/08 03:45:16.885, 2, 2032 MHz, 3996 MHz, 954.67 W, 51
2026/10/08 03:45:16.885, 3, 2032 MHz, 3996 MHz, 804.68 W, 50
2026/10/08 03:45:16.885, 4, 2032 MHz, 3996 MHz, 244.34 W, 38
2026/10/08 03:45:16.885, 5, 2032 MHz, 3996 MHz, 237.09 W, 36
2026/10/08 03:45:16.885, 6, 2032 MHz, 3996 MHz, 248.09 W, 33
2026/10/08 03:45:16.885, 7, 2032 MHz, 3996 MHz, 238.68 W, 32
2026/10/08 03:45:17.885, 0, 120 MHz, 3996 MHz, 188.31 W, 38
2026/10/08 03:45:17.885, 1, 120 MHz, 3996 MHz, 188.23 W, 39
2026/10/08 03:45:17.885, 2, 2032 MHz, 3996 MHz, 804.12 W, 50
2026/10/08 03:45:17.885, 3, 1357 MHz, 3996 MHz, 884.36 W, 59
2026/10/08 03:45:17.885, 4, 2032 MHz, 3996 MHz, 244.34 W, 38
2026/10/08 03:45:17.885, 5, 2032 MHz, 3996 MHz, 236.93 W, 36
2026/10/08 03:45:17.885, 6, 2032 MHz, 3996 MHz, 248.14 W, 33
2026/10/08 03:45:17.885, 7, 2032 MHz, 3996 MHz, 238.68 W, 32
2026/10/08 03:45:18.885, 0, 120 MHz, 3996 MHz, 188.31 W, 38
2026/10/08 03:45:18.885, 1, 120 MHz, 3996 MHz, 188.23 W, 39
2026/10/08 03:45:18.885, 2, 2032 MHz, 3996 MHz, 805.00 W, 50
2026/10/08 03:45:18.885, 3, 2032 MHz, 3996 MHz, 884.24 W, 51
2026/10/08 03:45:18.885, 4, 2032 MHz, 3996 MHz, 244.34 W, 38
2026/10/08 03:45:18.885, 5, 2032 MHz, 3996 MHz, 236.96 W, 36
2026/10/08 03:45:18.885, 6, 2032 MHz, 3996 MHz, 248.17 W, 33
2026/10/08 03:45:18.886, 7, 2032 MHz, 3996 MHz, 238.68 W, 32
2026/10/08 03:45:19.886, 0, 120 MHz, 3996 MHz, 188.31 W, 38
2026/10/08 03:45:19.886, 1, 120 MHz, 3996 MHz, 188.23 W, 39
2026/10/08 03:45:19.886, 2, 2032 MHz, 3996 MHz, 809.30 W, 50
2026/10/08 03:45:19.886, 3, 2032 MHz, 3996 MHz, 804.44 W, 50
2026/10/08 03:45:19.886, 4, 2032 MHz, 3996 MHz, 244.34 W, 38
2026/10/08 03:45:19.886, 5, 2032 MHz, 3996 MHz, 236.89 W, 37
2026/10/08 03:45:19.886, 6, 2032 MHz, 3996 MHz, 248.20 W, 34
2026/10/08 03:45:19.886, 7, 2032 MHz, 3996 MHz, 238.68 W, 32
2026/10/08 03:45:20.886, 0, 120 MHz, 3996 MHz, 188.35 W, 38
2026/10/08 03:45:20.886, 1, 120 MHz, 3996 MHz, 188.23 W, 39
2026/10/08 03:45:20.886, 2, 1297 MHz, 3996 MHz, 962.01 W, 59
2026/10/08 03:45:20.886, 3, 2032 MHz, 3996 MHz, 809.19 W, 51
2026/10/08 03:45:20.886, 4, 2032 MHz, 3996 MHz, 244.34 W, 38
2026/10/08 03:45:20.886, 5, 2032 MHz, 3996 MHz, 237.10 W, 37
2026/10/08 03:45:20.886, 6, 2032 MHz, 3996 MHz, 248.35 W, 34
2026/10/08 03:45:20.886, 7, 2032 MHz, 3996 MHz, 238.68 W, 32
2026/10/08 03:45:21.886, 0, 120 MHz, 3996 MHz, 188.35 W, 38
2026/10/08 03:45:21.886, 1, 120 MHz, 3996 MHz, 188.23 W, 39
2026/10/08 03:45:21.886, 2, 2032 MHz, 3996 MHz, 803.21 W, 50
2026/10/08 03:45:21.886, 3, 2032 MHz, 3996 MHz, 809.10 W, 51
2026/10/08 03:45:21.886, 4, 2032 MHz, 3996 MHz, 244.38 W, 38
2026/10/08 03:45:21.886, 5, 2032 MHz, 3996 MHz, 237.19 W, 37
2026/10/08 03:45:21.886, 6, 2032 MHz, 3996 MHz, 248.43 W, 34
2026/10/08 03:45:21.886, 7, 2032 MHz, 3996 MHz, 238.68 W, 32
2026/10/08 03:45:22.887, 0, 120 MHz, 3996 MHz, 188.35 W, 38
2026/10/08 03:45:22.887, 1, 120 MHz, 3996 MHz, 188.23 W, 40
2026/10/08 03:45:22.887, 2, 2032 MHz, 3996 MHz, 801.76 W, 50
2026/10/08 03:45:22.887, 3, 2032 MHz, 3996 MHz, 311.83 W, 43
2026/10/08 03:45:22.887, 4, 2032 MHz, 3996 MHz, 244.38 W, 38
2026/10/08 03:45:22.887, 5, 2032 MHz, 3996 MHz, 237.11 W, 37
2026/10/08 03:45:22.887, 6, 2032 MHz, 3996 MHz, 248.55 W, 34
2026/10/08 03:45:22.887, 7, 2032 MHz, 3996 MHz, 238.68 W, 32
2026/10/08 03:45:23.887, 0, 120 MHz, 3996 MHz, 188.35 W, 38
2026/10/08 03:45:23.887, 1, 120 MHz, 3996 MHz, 188.27 W, 40
2026/10/08 03:45:23.887, 2, 2032 MHz, 3996 MHz, 808.82 W, 50
2026/10/08 03:45:23.887, 3, 2032 MHz, 3996 MHz, 257.54 W, 42
2026/10/08 03:45:23.887, 4, 2032 MHz, 3996 MHz, 244.45 W, 38
2026/10/08 03:45:23.887, 5, 2032 MHz, 3996 MHz, 237.11 W, 37
2026/10/08 03:45:23.887, 6, 2032 MHz, 3996 MHz, 248.66 W, 34
2026/10/08 03:45:23.887, 7, 2032 MHz, 3996 MHz, 238.68 W, 33
2026/10/08 03:45:24.887, 0, 120 MHz, 3996 MHz, 188.35 W, 38
2026/10/08 03:45:24.887, 1, 120 MHz, 3996 MHz, 188.23 W, 40
2026/10/08 03:45:24.887, 2, 2032 MHz, 3996 MHz, 709.46 W, 47
2026/10/08 03:45:24.887, 3, 2032 MHz, 3996 MHz, 244.70 W, 42
2026/10/08 03:45:24.887, 4, 2032 MHz, 3996 MHz, 244.41 W, 38
2026/10/08 03:45:24.887, 5, 2032 MHz, 3996 MHz, 236.81 W, 37
2026/10/08 03:45:24.887, 6, 2032 MHz, 3996 MHz, 248.49 W, 34
2026/10/08 03:45:24.887, 7, 2032 MHz, 3996 MHz, 238.68 W, 33
2026/10/08 03:45:25.887, 0, 120 MHz, 3996 MHz, 188.35 W, 38
2026/10/08 03:45:25.888, 1, 120 MHz, 3996 MHz, 188.26 W, 40
2026/10/08 03:45:25.888, 2, 2032 MHz, 3996 MHz, 257.53 W, 43
2026/10/08 03:45:25.888, 3, 2032 MHz, 3996 MHz, 245.19 W, 42
2026/10/08 03:45:25.888, 4, 2032 MHz, 3996 MHz, 244.45 W, 39
2026/10/08 03:45:25.888, 5, 2032 MHz, 3996 MHz, 236.90 W, 37
2026/10/08 03:45:25.888, 6, 2032 MHz, 3996 MHz, 248.70 W, 34
2026/10/08 03:45:25.888, 7, 2032 MHz, 3996 MHz, 238.68 W, 33
2026/10/08 03:45:26.888, 0, 120 MHz, 3996 MHz, 188.35 W, 39
2026/10/08 03:45:26.888, 1, 120 MHz, 3996 MHz, 188.62 W, 40
2026/10/08 03:45:26.888, 2, 2032 MHz, 3996 MHz, 246.65 W, 42
2026/10/08 03:45:26.888, 3, 2032 MHz, 3996 MHz, 244.47 W, 41
2026/10/08 03:45:26.888, 4, 2032 MHz, 3996 MHz, 244.41 W, 39
2026/10/08 03:45:26.888, 5, 2032 MHz, 3996 MHz, 237.05 W, 37
2026/10/08 03:45:26.888, 6, 2032 MHz, 3996 MHz, 248.69 W, 34
2026/10/08 03:45:26.888, 7, 2032 MHz, 3996 MHz, 238.68 W, 33
