timestamp, index, clocks.current.sm [MHz], clocks.current.memory [MHz], power.draw [W], temperature.gpu
2026/10/08 06:59:56.298, 0, 120 MHz, 3996 MHz, 186.41 W, 35
2026/10/08 06:59:56.302, 1, 120 MHz, 3996 MHz, 188.23 W, 37
2026/10/08 06:59:56.305, 2, 120 MHz, 3996 MHz, 186.05 W, 33
2026/10/08 06:59:56.307, 3, 120 MHz, 3996 MHz, 184.10 W, 33
2026/10/08 06:59:56.313, 4, 120 MHz, 3996 MHz, 184.62 W, 37
2026/10/08 06:59:56.316, 5, 120 MHz, 3996 MHz, 184.55 W, 35
2026/10/08 06:59:56.319, 6, 120 MHz, 3996 MHz, 186.78 W, 33
2026/10/08 06:59:56.320, 7, 120 MHz, 3996 MHz, 186.54 W, 32
2026/10/08 06:59:57.323, 0, 120 MHz, 3996 MHz, 186.41 W, 35
2026/10/08 06:59:57.323, 1, 120 MHz, 3996 MHz, 188.23 W, 37
2026/10/08 06:59:57.323, 2, 120 MHz, 3996 MHz, 186.05 W, 33
2026/10/08 06:59:57.323, 3, 120 MHz, 3996 MHz, 184.11 W, 33
2026/10/08 06:59:57.323, 4, 120 MHz, 3996 MHz, 184.59 W, 37
2026/10/08 06:59:57.324, 5, 120 MHz, 3996 MHz, 184.55 W, 35
2026/10/08 06:59:57.324, 6, 120 MHz, 3996 MHz, 186.78 W, 33
2026/10/08 06:59:57.324, 7, 120 MHz, 3996 MHz, 186.54 W, 32
2026/10/08 06:59:58.324, 0, 120 MHz, 3996 MHz, 186.41 W, 35
2026/10/08 06:59:58.324, 1, 120 MHz, 3996 MHz, 188.23 W, 37
2026/10/08 06:59:58.324, 2, 120 MHz, 3996 MHz, 186.05 W, 33
2026/10/08 06:59:58.324, 3, 120 MHz, 3996 MHz, 184.14 W, 33
2026/10/08 06:59:58.324, 4, 120 MHz, 3996 MHz, 184.56 W, 37
2026/10/08 06:59:58.324, 5, 120 MHz, 3996 MHz, 184.59 W, 35
2026/10/08 06:59:58.324, 6, 120 MHz, 3996 MHz, 186.78 W, 33
2026/10/08 06:59:58.324, 7, 120 MHz, 3996 MHz, 186.53 W, 32
2026/10/08 06:59:59.324, 0, 120 MHz, 3996 MHz, 186.41 W, 35
2026/10/08 06:59:59.324, 1, 120 MHz, 3996 MHz, 188.23 W, 37
2026/10/08 06:59:59.324, 2, 120 MHz, 3996 MHz, 186.05 W, 33
2026/10/08 06:59:59.324, 3, 120 MHz, 3996 MHz, 184.13 W, 33
2026/10/08 06:59:59.324, 4, 120 MHz, 3996 MHz, 184.56 W, 37
2026/10/08 06:59:59.324, 5, 120 MHz, 3996 MHz, 184.59 W, 35
2026/10/08 06:59:59.324, 6, 120 MHz, 3996 MHz, 186.78 W, 33
2026/10/08 06:59:59.324, 7, 120 MHz, 3996 MHz, 186.53 W, 32
2026/10/08 07:00:00.324, 0, 120 MHz, 3996 MHz, 186.41 W, 35
2026/10/08 07:00:00.324, 1, 120 MHz, 3996 MHz, 188.23 W, 37
2026/10/08 07:00:00.324, 2, 120 MHz, 3996 MHz, 186.05 W, 33
2026/10/08 07:00:00.324, 3, 120 MHz, 3996 MHz, 184.10 W, 33
2026/10/08 07:00:00.324, 4, 120 MHz, 3996 MHz, 184.56 W, 37
2026/10/08 07:00:00.324, 5, 120 MHz, 3996 MHz, 184.59 W, 36
2026/10/08 07:00:00.324, 6, 120 MHz, 3996 MHz, 186.78 W, 33
2026/10/08 07:00:00.324, 7, 120 MHz, 3996 MHz, 186.53 W, 32
2026/10/08 07:00:01.324, 0, 120 MHz, 3996 MHz, 186.10 W, 35
2026/10/08 07:00:01.325, 1, 120 MHz, 3996 MHz, 186.75 W, 37
2026/10/08 07:00:01.325, 2, 120 MHz, 3996 MHz, 186.05 W, 33
2026/10/08 07:00:01.325, 3, 120 MHz, 3996 MHz, 184.18 W, 33
2026/10/08 07:00:01.325, 4, 120 MHz, 3996 MHz, 184.78 W, 37
2026/10/08 07:00:01.325, 5, 120 MHz, 3996 MHz, 184.55 W, 36
2026/10/08 07:00:01.325, 6, 120 MHz, 3996 MHz, 186.70 W, 33
2026/10/08 07:00:01.325, 7, 120 MHz, 3996 MHz, 186.30 W, 32
2026/10/08 07:00:02.325, 0, 120 MHz, 3996 MHz, 186.21 W, 35
2026/10/08 07:00:02.325, 1, 120 MHz, 3996 MHz, 186.90 W, 37
2026/10/08 07:00:02.325, 2, 120 MHz, 3996 MHz, 186.05 W, 33
2026/10/08 07:00:02.325, 3, 120 MHz, 3996 MHz, 184.10 W, 33
2026/10/08 07:00:02.325, 4, 120 MHz, 3996 MHz, 184.68 W, 37
2026/10/08 07:00:02.325, 5, 120 MHz, 3996 MHz, 184.59 W, 36
2026/10/08 07:00:02.325, 6, 120 MHz, 3996 MHz, 186.78 W, 33
2026/10/08 07:00:02.325, 7, 120 MHz, 3996 MHz, 186.34 W, 32
2026/10/08 07:00:03.325, 0, 120 MHz, 3996 MHz, 186.25 W, 35
2026/10/08 07:00:03.325, 1, 120 MHz, 3996 MHz, 186.93 W, 37
2026/10/08 07:00:03.325, 2, 120 MHz, 3996 MHz, 186.05 W, 33
2026/10/08 07:00:03.325, 3, 120 MHz, 3996 MHz, 184.11 W, 33
2026/10/08 07:00:03.325, 4, 120 MHz, 3996 MHz, 184.59 W, 37
2026/10/08 07:00:03.325, 5, 120 MHz, 3996 MHz, 184.59 W, 36
2026/10/08 07:00:03.325, 6, 120 MHz, 3996 MHz, 186.78 W, 33
2026/10/08 07:00:03.325, 7, 120 MHz, 3996 MHz, 186.28 W, 32
2026/10/08 07:00:04.325, 0, 120 MHz, 3996 MHz, 186.33 W, 35
2026/10/08 07:00:04.325, 1, 120 MHz, 3996 MHz, 186.87 W, 37
2026/10/08 07:00:04.325, 2, 120 MHz, 3996 MHz, 186.05 W, 33
2026/10/08 07:00:04.325, 3, 120 MHz, 3996 MHz, 184.09 W, 33
2026/10/08 07:00:04.325, 4, 120 MHz, 3996 MHz, 184.58 W, 37
2026/10/08 07:00:04.325, 5, 120 MHz, 3996 MHz, 184.58 W, 36
2026/10/08 07:00:04.325, 6, 120 MHz, 3996 MHz, 186.78 W, 33
2026/10/08 07:00:04.325, 7, 120 MHz, 3996 MHz, 186.27 W, 32
2026/10/08 07:00:05.326, 0, 120 MHz, 3996 MHz, 186.41 W, 35
2026/10/08 07:00:05.326, 1, 120 MHz, 3996 MHz, 186.74 W, 37
2026/10/08 07:00:05.326, 2, 120 MHz, 3996 MHz, 186.05 W, 33
2026/10/08 07:00:05.326, 3, 120 MHz, 3996 MHz, 184.09 W, 33
2026/10/08 07:00:05.326, 4, 120 MHz, 3996 MHz, 184.58 W, 37
2026/10/08 07:00:05.326, 5, 120 MHz, 3996 MHz, 184.59 W, 36
2026/10/08 07:00:05.326, 6, 120 MHz, 3996 MHz, 186.78 W, 33
2026/10/08 07:00:05.326, 7, 120 MHz, 3996 MHz, 186.30 W, 32
2026/10/08 07:00:06.326, 0, 120 MHz, 3996 MHz, 186.41 W, 35
2026/10/08 07:00:06.326, 1, 120 MHz, 3996 MHz, 186.82 W, 37
2026/10/08 07:00:06.326, 2, 120 MHz, 3996 MHz, 186.05 W, 33
2026/10/08 07:00:06.326, 3, 120 MHz, 3996 MHz, 184.09 W, 33
2026/10/08 07:00:06.326, 4, 120 MHz, 3996 MHz, 184.58 W, 37
2026/10/08 07:00:06.326, 5, 120 MHz, 3996 MHz, 184.59 W, 36
2026/10/08 07:00:06.326, 6, 120 MHz, 3996 MHz, 186.78 W, 33
2026/10/08 07:00:06.326, 7, 120 MHz, 3996 MHz, 186.42 W, 32
2026/10/08 07:00:07.326, 0, 120 MHz, 3996 MHz, 186.41 W, 35
2026/10/08 07:00:07.326, 1, 120 MHz, 3996 MHz, 187.45 W, 37
2026/10/08 07:00:07.326, 2, 120 MHz, 3996 MHz, 186.05 W, 33
2026/10/08 07:00:07.326, 3, 120 MHz, 3996 MHz, 184.13 W, 33
2026/10/08 07:00:07.326, 4, 120 MHz, 3996 MHz, 184.58 W, 37
2026/10/08 07:00:07.326, 5, 120 MHz, 3996 MHz, 184.59 W, 36
2026/10/08 07:00:07.326, 6, 120 MHz, 3996 MHz, 186.78 W, 33
2026/10/08 07:00:07.326, 7, 120 MHz, 3996 MHz, 186.46 W, 32
2026/10/08 07:00:08.326, 0, 120 MHz, 3996 MHz, 186.41 W, 35
2026/10/08 07:00:08.327, 1, 120 MHz, 3996 MHz, 187.47 W, 37
2026/10/08 07:00:08.327, 2, 120 MHz, 3996 MHz, 186.05 W, 33
2026/10/08 07:00:08.327, 3, 120 MHz, 3996 MHz, 184.26 W, 33
2026/10/08 07:00:08.327, 4, 120 MHz, 3996 MHz, 184.57 W, 37
2026/10/08 07:00:08.327, 5, 120 MHz, 3996 MHz, 184.59 W, 36
2026/10/08 07:00:08.327, 6, 120 MHz, 3996 MHz, 186.78 W, 33
2026/10/08 07:00:08.327, 7, 120 MHz, 3996 MHz, 186.34 W, 32
2026/10/08 07:00:09.327, 0, 120 MHz, 3996 MHz, 186.37 W, 35
2026/10/08 07:00:09.327, 1, 120 MHz, 3996 MHz, 187.57 W, 37
2026/10/08 07:00:09.327, 2, 120 MHz, 3996 MHz, 186.05 W, 33
2026/10/08 07:00:09.327, 3, 120 MHz, 3996 MHz, 184.17 W, 33
2026/10/08 07:00:09.327, 4, 120 MHz, 3996 MHz, 184.58 W, 37
2026/10/08 07:00:09.327, 5, 120 MHz, 3996 MHz, 184.59 W, 36
2026/10/08 07:00:09.327, 6, 120 MHz, 3996 MHz, 186.78 W, 33
2026/10/08 07:00:09.327, 7, 120 MHz, 3996 MHz, 186.46 W, 32
2026/10/08 07:00:10.327, 0, 120 MHz, 3996 MHz, 186.41 W, 35
2026/10/08 07:00:10.327, 1, 120 MHz, 3996 MHz, 187.54 W, 37
2026/10/08 07:00:10.327, 2, 120 MHz, 3996 MHz, 186.05 W, 33
2026/10/08 07:00:10.327, 3, 120 MHz, 3996 MHz, 184.17 W, 33
2026/10/08 07:00:10.327, 4, 120 MHz, 3996 MHz, 184.58 W, 37
2026/10/08 07:00:10.327, 5, 120 MHz, 3996 MHz, 184.59 W, 36
2026/10/08 07:00:10.327, 6, 120 MHz, 3996 MHz, 186.78 W, 33
2026/10/08 07:00:10.327, 7, 120 MHz, 3996 MHz, 186.49 W, 32
2026/10/08 07:00:11.327, 0, 120 MHz, 3996 MHz, 186.41 W, 35
2026/10/08 07:00:11.327, 1, 120 MHz, 3996 MHz, 187.72 W, 37
2026/10/08 07:00:11.327, 2, 120 MHz, 3996 MHz, 186.05 W, 33
2026/10/08 07:00:11.327, 3, 120 MHz, 3996 MHz, 184.22 W, 33
2026/10/08 07:00:11.327, 4, 120 MHz, 3996 MHz, 184.65 W, 37
2026/10/08 07:00:11.327, 5, 120 MHz, 3996 MHz, 184.59 W, 36
2026/10/08 07:00:11.327, 6, 120 MHz, 3996 MHz, 186.78 W, 33
2026/10/08 07:00:11.327, 7, 120 MHz, 3996 MHz, 186.53 W, 32
2026/10/08 07:00:12.328, 0, 120 MHz, 3996 MHz, 186.37 W, 35
2026/10/08 07:00:12.328, 1, 120 MHz, 3996 MHz, 188.12 W, 37
2026/10/08 07:00:12.328, 2, 120 MHz, 3996 MHz, 186.05 W, 33
2026/10/08 07:00:12.328, 3, 120 MHz, 3996 MHz, 184.23 W, 33
2026/10/08 07:00:12.328, 4, 120 MHz, 3996 MHz, 184.62 W, 37
2026/10/08 07:00:12.328, 5, 120 MHz, 3996 MHz, 184.59 W, 36
2026/10/08 07:00:12.328, 6, 120 MHz, 3996 MHz, 186.78 W, 33
2026/10/08 07:00:12.328, 7, 120 MHz, 3996 MHz, 186.53 W, 32
2026/10/08 07:00:13.328, 0, 120 MHz, 3996 MHz, 186.41 W, 35
2026/10/08 07:00:13.328, 1, 120 MHz, 3996 MHz, 187.88 W, 37
2026/10/08 07:00:13.328, 2, 120 MHz, 3996 MHz, 186.05 W, 33
2026/10/08 07:00:13.328, 3, 120 MHz, 3996 MHz, 184.18 W, 33
2026/10/08 07:00:13.328, 4, 120 MHz, 3996 MHz, 184.62 W, 37
2026/10/08 07:00:13.328, 5, 120 MHz, 3996 MHz, 184.59 W, 36
2026/10/08 07:00:13.328, 6, 120 MHz, 3996 MHz, 186.78 W, 33
2026/10/08 07:00:13.328, 7, 120 MHz, 3996 MHz, 186.53 W, 32
2026/10/08 07:00:14.328, 0, 120 MHz, 3996 MHz, 186.41 W, 35
2026/10/08 07:00:14.329, 1, 120 MHz, 3996 MHz, 187.99 W, 37
2026/10/08 07:00:14.329, 2, 120 MHz, 3996 MHz, 186.05 W, 33
2026/10/08 07:00:14.329, 3, 120 MHz, 3996 MHz, 184.18 W, 33
2026/10/08 07:00:14.329, 4, 120 MHz, 3996 MHz, 184.58 W, 37
2026/10/08 07:00:14.329, 5, 120 MHz, 3996 MHz, 184.59 W, 36
2026/10/08 07:00:14.329, 6, 120 MHz, 3996 MHz, 186.78 W, 33
2026/10/08 07:00:14.329, 7, 120 MHz, 3996 MHz, 186.53 W, 32
2026/10/08 07:00:15.329, 0, 120 MHz, 3996 MHz, 186.41 W, 35
2026/10/08 07:00:15.329, 1, 120 MHz, 3996 MHz, 188.19 W, 38
2026/10/08 07:00:15.329, 2, 120 MHz, 3996 MHz, 186.05 W, 33
2026/10/08 07:00:15.329, 3, 120 MHz, 3996 MHz, 184.21 W, 33
2026/10/08 07:00:15.329, 4, 120 MHz, 3996 MHz, 184.63 W, 37
2026/10/08 07:00:15.329, 5, 120 MHz, 3996 MHz, 184.59 W, 36
2026/10/08 07:00:15.329, 6, 120 MHz, 3996 MHz, 186.78 W, 33
2026/10/08 07:00:15.329, 7, 120 MHz, 3996 MHz, 186.53 W, 32
2026/10/08 07:00:16.329, 0, 120 MHz, 3996 MHz, 186.41 W, 35
2026/10/08 07:00:16.329, 1, 120 MHz, 3996 MHz, 188.15 W, 38
2026/10/08 07:00:16.329, 2, 120 MHz, 3996 MHz, 186.05 W, 33
2026/10/08 07:00:16.329, 3, 120 MHz, 3996 MHz, 184.09 W, 33
2026/10/08 07:00:16.329, 4, 120 MHz, 3996 MHz, 184.78 W, 37
2026/10/08 07:00:16.329, 5, 120 MHz, 3996 MHz, 184.63 W, 36
2026/10/08 07:00:16.329, 6, 120 MHz, 3996 MHz, 186.78 W, 33
2026/10/08 07:00:16.329, 7, 120 MHz, 3996 MHz, 186.49 W, 32
2026/10/08 07:00:17.329, 0, 120 MHz, 3996 MHz, 186.41 W, 35
2026/10/08 07:00:17.330, 1, 120 MHz, 3996 MHz, 188.04 W, 38
2026/10/08 07:00:17.330, 2, 120 MHz, 3996 MHz, 186.05 W, 33
2026/10/08 07:00:17.330, 3, 120 MHz, 3996 MHz, 184.17 W, 33
2026/10/08 07:00:17.330, 4, 120 MHz, 3996 MHz, 184.82 W, 37
2026/10/08 07:00:17.330, 5, 120 MHz, 3996 MHz, 184.63 W, 36
2026/10/08 07:00:17.330, 6, 120 MHz, 3996 MHz, 186.78 W, 33
2026/10/08 07:00:17.330, 7, 120 MHz, 3996 MHz, 186.53 W, 32
2026/10/08 07:00:18.330, 0, 120 MHz, 3996 MHz, 186.41 W, 35
2026/10/08 07:00:18.330, 1, 120 MHz, 3996 MHz, 188.07 W, 38
2026/10/08 07:00:18.330, 2, 120 MHz, 3996 MHz, 186.05 W, 33
2026/10/08 07:00:18.330, 3, 120 MHz, 3996 MHz, 184.09 W, 33
2026/10/08 07:00:18.330, 4, 120 MHz, 3996 MHz, 184.58 W, 37
2026/10/08 07:00:18.330, 5, 120 MHz, 3996 MHz, 184.59 W, 36
2026/10/08 07:00:18.330, 6, 120 MHz, 3996 MHz, 186.78 W, 33
2026/10/08 07:00:18.330, 7, 120 MHz, 3996 MHz, 186.53 W, 32
2026/10/08 07:00:19.330, 0, 120 MHz, 3996 MHz, 186.41 W, 36
2026/10/08 07:00:19.330, 1, 120 MHz, 3996 MHz, 188.15 W, 38
2026/10/08 07:00:19.330, 2, 120 MHz, 3996 MHz, 186.05 W, 33
2026/10/08 07:00:19.331, 3, 120 MHz, 3996 MHz, 184.09 W, 33
2026/10/08 07:00:19.331, 4, 120 MHz, 3996 MHz, 184.59 W, 38
2026/10/08 07:00:19.331, 5, 120 MHz, 3996 MHz, 184.63 W, 36
2026/10/08 07:00:19.331, 6, 120 MHz, 3996 MHz, 186.78 W, 33
2026/10/08 07:00:19.331, 7, 120 MHz, 3996 MHz, 186.53 W, 32
2026/10/08 07:00:20.331, 0, 120 MHz, 3996 MHz, 186.41 W, 36
2026/10/08 07:00:20.331, 1, 120 MHz, 3996 MHz, 188.11 W, 38
2026/10/08 07:00:20.331, 2, 120 MHz, 3996 MHz, 186.05 W, 33
2026/10/08 07:00:20.331, 3, 120 MHz, 3996 MHz, 184.09 W, 34
2026/10/08 07:00:20.331, 4, 120 MHz, 3996 MHz, 184.58 W, 38
2026/10/08 07:00:20.331, 5, 120 MHz, 3996 MHz, 184.63 W, 36
2026/10/08 07:00:20.331, 6, 120 MHz, 3996 MHz, 186.78 W, 33
2026/10/08 07:00:20.331, 7, 120 MHz, 3996 MHz, 186.53 W, 32
2026/10/08 07:00:21.331, 0, 120 MHz, 3996 MHz, 186.41 W, 36
2026/10/08 07:00:21.331, 1, 120 MHz, 3996 MHz, 188.03 W, 38
2026/10/08 07:00:21.331, 2, 120 MHz, 3996 MHz, 186.05 W, 33
2026/10/08 07:00:21.331, 3, 120 MHz, 3996 MHz, 184.09 W, 34
2026/10/08 07:00:21.331, 4, 120 MHz, 3996 MHz, 184.59 W, 38
2026/10/08 07:00:21.331, 5, 120 MHz, 3996 MHz, 184.63 W, 36
2026/10/08 07:00:21.331, 6, 120 MHz, 3996 MHz, 186.78 W, 33
2026/10/08 07:00:21.331, 7, 120 MHz, 3996 MHz, 186.53 W, 32
2026/10/08 07:00:22.332, 0, 120 MHz, 3996 MHz, 186.41 W, 36
2026/10/08 07:00:22.332, 1, 120 MHz, 3996 MHz, 188.00 W, 38
2026/10/08 07:00:22.332, 2, 120 MHz, 3996 MHz, 186.05 W, 33
2026/10/08 07:00:22.332, 3, 120 MHz, 3996 MHz, 184.09 W, 34
2026/10/08 07:00:22.332, 4, 120 MHz, 3996 MHz, 184.59 W, 38
2026/10/08 07:00:22.332, 5, 120 MHz, 3996 MHz, 184.59 W, 36
2026/10/08 07:00:22.332, 6, 120 MHz, 3996 MHz, 186.78 W, 33
2026/10/08 07:00:22.332, 7, 120 MHz, 3996 MHz, 186.53 W, 32
2026/10/08 07:00:23.332, 0, 120 MHz, 3996 MHz, 186.41 W, 36
2026/10/08 07:00:23.332, 1, 120 MHz, 3996 MHz, 188.15 W, 38
2026/10/08 07:00:23.332, 2, 120 MHz, 3996 MHz, 186.05 W, 33
2026/10/08 07:00:23.332, 3, 120 MHz, 3996 MHz, 184.10 W, 34
2026/10/08 07:00:23.332, 4, 120 MHz, 3996 MHz, 184.59 W, 38
2026/10/08 07:00:23.332, 5, 120 MHz, 3996 MHz, 184.59 W, 36
2026/10/08 07:00:23.332, 6, 120 MHz, 3996 MHz, 186.78 W, 33
2026/10/08 07:00:23.332, 7, 120 MHz, 3996 MHz, 186.53 W, 32
2026/10/08 07:00:24.332, 0, 120 MHz, 3996 MHz, 186.41 W, 36
2026/10/08 07:00:24.332, 1, 120 MHz, 3996 MHz, 188.19 W, 38
2026/10/08 07:00:24.333, 2, 120 MHz, 3996 MHz, 186.05 W, 33
2026/10/08 07:00:24.333, 3, 120 MHz, 3996 MHz, 184.09 W, 34
2026/10/08 07:00:24.333, 4, 120 MHz, 3996 MHz, 184.59 W, 38
2026/10/08 07:00:24.333, 5, 120 MHz, 3996 MHz, 184.64 W, 36
2026/10/08 07:00:24.333, 6, 120 MHz, 3996 MHz, 186.78 W, 33
2026/10/08 07:00:24.333, 7, 120 MHz, 3996 MHz, 186.53 W, 32
2026/10/08 07:00:25.333, 0, 120 MHz, 3996 MHz, 186.41 W, 36
2026/10/08 07:00:25.333, 1, 120 MHz, 3996 MHz, 188.23 W, 38
2026/10/08 07:00:25.333, 2, 2032 MHz, 3996 MHz, 226.98 W, 34
2026/10/08 07:00:25.333, 3, 120 MHz, 3996 MHz, 183.99 W, 34
2026/10/08 07:00:25.333, 4, 120 MHz, 3996 MHz, 184.49 W, 38
2026/10/08 07:00:25.333, 5, 2032 MHz, 3996 MHz, 222.07 W, 37
2026/10/08 07:00:25.333, 6, 120 MHz, 3996 MHz, 186.78 W, 33
2026/10/08 07:00:25.333, 7, 120 MHz, 3996 MHz, 186.54 W, 32
2026/10/08 07:00:26.333, 0, 120 MHz, 3996 MHz, 186.41 W, 36
2026/10/08 07:00:26.333, 1, 120 MHz, 3996 MHz, 188.19 W, 38
2026/10/08 07:00:26.333, 2, 2032 MHz, 3996 MHz, 237.79 W, 35
2026/10/08 07:00:26.333, 3, 120 MHz, 3996 MHz, 183.97 W, 34
2026/10/08 07:00:26.333, 4, 120 MHz, 3996 MHz, 184.46 W, 38
2026/10/08 07:00:26.333, 5, 2032 MHz, 3996 MHz, 238.30 W, 37
2026/10/08 07:00:26.333, 6, 120 MHz, 3996 MHz, 186.78 W, 33
2026/10/08 07:00:26.333, 7, 120 MHz, 3996 MHz, 186.53 W, 32
2026/10/08 07:00:27.334, 0, 120 MHz, 3996 MHz, 186.41 W, 36
2026/10/08 07:00:27.334, 1, 120 MHz, 3996 MHz, 188.15 W, 38
2026/10/08 07:00:27.334, 2, 2032 MHz, 3996 MHz, 236.89 W, 35
2026/10/08 07:00:27.334, 3, 120 MHz, 3996 MHz, 184.01 W, 34
2026/10/08 07:00:27.334, 4, 2032 MHz, 3996 MHz, 194.19 W, 38
2026/10/08 07:00:27.334, 5, 2032 MHz, 3996 MHz, 237.92 W, 38
2026/10/08 07:00:27.334, 6, 120 MHz, 3996 MHz, 186.78 W, 33
2026/10/08 07:00:27.334, 7, 120 MHz, 3996 MHz, 186.53 W, 32
2026/10/08 07:00:28.334, 0, 120 MHz, 3996 MHz, 186.41 W, 36
2026/10/08 07:00:28.334, 1, 120 MHz, 3996 MHz, 188.23 W, 38
2026/10/08 07:00:28.334, 2, 2032 MHz, 3996 MHz, 238.65 W, 35
2026/10/08 07:00:28.334, 3, 120 MHz, 3996 MHz, 184.01 W, 34
2026/10/08 07:00:28.334, 4, 2032 MHz, 3996 MHz, 246.20 W, 39
2026/10/08 07:00:28.334, 5, 2032 MHz, 3996 MHz, 239.21 W, 38
2026/10/08 07:00:28.334, 6, 120 MHz, 3996 MHz, 186.78 W, 33
2026/10/08 07:00:28.334, 7, 120 MHz, 3996 MHz, 186.53 W, 32
2026/10/08 07:00:29.334, 0, 120 MHz, 3996 MHz, 186.41 W, 36
2026/10/08 07:00:29.334, 1, 120 MHz, 3996 MHz, 188.23 W, 38
2026/10/08 07:00:29.334, 2, 2032 MHz, 3996 MHz, 238.88 W, 35
2026/10/08 07:00:29.334, 3, 120 MHz, 3996 MHz, 183.97 W, 34
2026/10/08 07:00:29.334, 4, 2032 MHz, 3996 MHz, 246.28 W, 39
2026/10/08 07:00:29.334, 5, 2032 MHz, 3996 MHz, 238.87 W, 38
2026/10/08 07:00:29.334, 6, 120 MHz, 3996 MHz, 186.78 W, 33
2026/10/08 07:00:29.334, 7, 120 MHz, 3996 MHz, 186.53 W, 32
2026/10/08 07:00:30.335, 0, 120 MHz, 3996 MHz, 186.41 W, 36
2026/10/08 07:00:30.335, 1, 120 MHz, 3996 MHz, 188.19 W, 38
2026/10/08 07:00:30.335, 2, 2032 MHz, 3996 MHz, 238.85 W, 35
2026/10/08 07:00:30.335, 3, 120 MHz, 3996 MHz, 183.97 W, 34
2026/10/08 07:00:30.335, 4, 2032 MHz, 3996 MHz, 246.29 W, 39
2026/10/08 07:00:30.335, 5, 2032 MHz, 3996 MHz, 256.59 W, 38
2026/10/08 07:00:30.335, 6, 120 MHz, 3996 MHz, 186.78 W, 33
2026/10/08 07:00:30.335, 7, 120 MHz, 3996 MHz, 186.53 W, 32
2026/10/08 07:00:31.335, 0, 120 MHz, 3996 MHz, 186.41 W, 36
2026/10/08 07:00:31.335, 1, 120 MHz, 3996 MHz, 188.19 W, 38
2026/10/08 07:00:31.335, 2, 2032 MHz, 3996 MHz, 257.22 W, 35
2026/10/08 07:00:31.335, 3, 120 MHz, 3996 MHz, 184.00 W, 34
2026/10/08 07:00:31.335, 4, 2032 MHz, 3996 MHz, 246.74 W, 39
2026/10/08 07:00:31.335, 5, 2032 MHz, 3996 MHz, 276.95 W, 39
2026/10/08 07:00:31.335, 6, 120 MHz, 3996 MHz, 186.78 W, 33
2026/10/08 07:00:31.335, 7, 120 MHz, 3996 MHz, 186.53 W, 32
2026/10/08 07:00:32.335, 0, 120 MHz, 3996 MHz, 186.41 W, 36
2026/10/08 07:00:32.335, 1, 120 MHz, 3996 MHz, 188.23 W, 38
2026/10/08 07:00:32.335, 2, 2032 MHz, 3996 MHz, 271.87 W, 36
2026/10/08 07:00:32.335, 3, 2032 MHz, 3996 MHz, 203.60 W, 34
2026/10/08 07:00:32.335, 4, 2032 MHz, 3996 MHz, 246.27 W, 39
2026/10/08 07:00:32.335, 5, 2032 MHz, 3996 MHz, 255.57 W, 38
2026/10/08 07:00:32.335, 6, 120 MHz, 3996 MHz, 186.78 W, 33
2026/10/08 07:00:32.335, 7, 120 MHz, 3996 MHz, 186.54 W, 32
2026/10/08 07:00:33.335, 0, 120 MHz, 3996 MHz, 186.41 W, 36
2026/10/08 07:00:33.336, 1, 120 MHz, 3996 MHz, 188.23 W, 38
2026/10/08 07:00:33.336, 2, 2032 MHz, 3996 MHz, 241.83 W, 35
2026/10/08 07:00:33.336, 3, 2032 MHz, 3996 MHz, 238.59 W, 35
2026/10/08 07:00:33.336, 4, 2032 MHz, 3996 MHz, 265.22 W, 40
2026/10/08 07:00:33.336, 5, 2032 MHz, 3996 MHz, 262.04 W, 38
2026/10/08 07:00:33.336, 6, 120 MHz, 3996 MHz, 186.78 W, 33
2026/10/08 07:00:33.336, 7, 120 MHz, 3996 MHz, 186.53 W, 32
2026/10/08 07:00:34.336, 0, 120 MHz, 3996 MHz, 186.41 W, 36
2026/10/08 07:00:34.336, 1, 120 MHz, 3996 MHz, 188.23 W, 38
2026/10/08 07:00:34.336, 2, 2032 MHz, 3996 MHz, 258.53 W, 35
2026/10/08 07:00:34.336, 3, 2032 MHz, 3996 MHz, 238.61 W, 35
2026/10/08 07:00:34.336, 4, 2032 MHz, 3996 MHz, 246.53 W, 40
2026/10/08 07:00:34.336, 5, 2032 MHz, 3996 MHz, 253.92 W, 38
2026/10/08 07:00:34.336, 6, 120 MHz, 3996 MHz, 186.78 W, 33
2026/10/08 07:00:34.336, 7, 120 MHz, 3996 MHz, 186.54 W, 32
2026/10/08 07:00:35.336, 0, 120 MHz, 3996 MHz, 186.41 W, 36
2026/10/08 07:00:35.336, 1, 120 MHz, 3996 MHz, 188.23 W, 38
2026/10/08 07:00:35.336, 2, 2032 MHz, 3996 MHz, 249.03 W, 35
2026/10/08 07:00:35.336, 3, 2032 MHz, 3996 MHz, 238.58 W, 35
2026/10/08 07:00:35.336, 4, 2032 MHz, 3996 MHz, 283.89 W, 40
2026/10/08 07:00:35.336, 5, 2032 MHz, 3996 MHz, 245.17 W, 38
2026/10/08 07:00:35.336, 6, 120 MHz, 3996 MHz, 186.78 W, 33
2026/10/08 07:00:35.336, 7, 120 MHz, 3996 MHz, 186.53 W, 32
2026/10/08 07:00:36.336, 0, 120 MHz, 3996 MHz, 186.41 W, 36
2026/10/08 07:00:36.337, 1, 120 MHz, 3996 MHz, 188.23 W, 38
2026/10/08 07:00:36.337, 2, 2032 MHz, 3996 MHz, 258.00 W, 35
2026/10/08 07:00:36.337, 3, 2032 MHz, 3996 MHz, 238.60 W, 35
2026/10/08 07:00:36.337, 4, 2032 MHz, 3996 MHz, 262.00 W, 42
2026/10/08 07:00:36.337, 5, 2032 MHz, 3996 MHz, 241.97 W, 38
2026/10/08 07:00:36.337, 6, 120 MHz, 3996 MHz, 186.78 W, 33
2026/10/08 07:00:36.337, 7, 120 MHz, 3996 MHz, 186.54 W, 32
2026/10/08 07:00:37.337, 0, 120 MHz, 3996 MHz, 186.41 W, 36
2026/10/08 07:00:37.337, 1, 120 MHz, 3996 MHz, 188.23 W, 38
2026/10/08 07:00:37.337, 2, 2032 MHz, 3996 MHz, 247.15 W, 35
2026/10/08 07:00:37.337, 3, 2032 MHz, 3996 MHz, 239.10 W, 35
2026/10/08 07:00:37.337, 4, 2032 MHz, 3996 MHz, 254.05 W, 40
2026/10/08 07:00:37.337, 5, 2032 MHz, 3996 MHz, 238.79 W, 38
2026/10/08 07:00:37.337, 6, 120 MHz, 3996 MHz, 186.78 W, 33
2026/10/08 07:00:37.337, 7, 120 MHz, 3996 MHz, 186.54 W, 32
2026/10/08 07:00:38.337, 0, 120 MHz, 3996 MHz, 186.41 W, 36
2026/10/08 07:00:38.337, 1, 120 MHz, 3996 MHz, 188.23 W, 38
2026/10/08 07:00:38.337, 2, 2032 MHz, 3996 MHz, 242.19 W, 35
2026/10/08 07:00:38.337, 3, 2032 MHz, 3996 MHz, 239.22 W, 35
2026/10/08 07:00:38.338, 4, 2032 MHz, 3996 MHz, 267.01 W, 40
2026/10/08 07:00:38.338, 5, 2032 MHz, 3996 MHz, 238.61 W, 38
2026/10/08 07:00:38.338, 6, 120 MHz, 3996 MHz, 186.78 W, 33
2026/10/08 07:00:38.338, 7, 120 MHz, 3996 MHz, 186.54 W, 32
2026/10/08 07:00:39.338, 0, 120 MHz, 3996 MHz, 186.41 W, 36
2026/10/08 07:00:39.338, 1, 120 MHz, 3996 MHz, 188.23 W, 38
2026/10/08 07:00:39.338, 2, 2032 MHz, 3996 MHz, 240.32 W, 35
2026/10/08 07:00:39.338, 3, 2032 MHz, 3996 MHz, 239.86 W, 35
2026/10/08 07:00:39.338, 4, 2032 MHz, 3996 MHz, 259.99 W, 40
2026/10/08 07:00:39.338, 5, 2032 MHz, 3996 MHz, 238.46 W, 38
2026/10/08 07:00:39.338, 6, 120 MHz, 3996 MHz, 186.78 W, 33
2026/10/08 07:00:39.338, 7, 120 MHz, 3996 MHz, 186.53 W, 32
2026/10/08 07:00:40.338, 0, 120 MHz, 3996 MHz, 186.41 W, 36
2026/10/08 07:00:40.338, 1, 120 MHz, 3996 MHz, 188.23 W, 38
2026/10/08 07:00:40.338, 2, 2032 MHz, 3996 MHz, 243.73 W, 35
2026/10/08 07:00:40.338, 3, 2032 MHz, 3996 MHz, 256.18 W, 35
2026/10/08 07:00:40.338, 4, 2032 MHz, 3996 MHz, 250.06 W, 40
2026/10/08 07:00:40.338, 5, 2032 MHz, 3996 MHz, 238.64 W, 38
2026/10/08 07:00:40.338, 6, 120 MHz, 3996 MHz, 186.78 W, 33
2026/10/08 07:00:40.338, 7, 120 MHz, 3996 MHz, 186.53 W, 32
2026/10/08 07:00:41.338, 0, 120 MHz, 3996 MHz, 186.41 W, 36
2026/10/08 07:00:41.338, 1, 120 MHz, 3996 MHz, 188.23 W, 38
2026/10/08 07:00:41.338, 2, 2032 MHz, 3996 MHz, 238.60 W, 35
2026/10/08 07:00:41.338, 3, 2032 MHz, 3996 MHz, 243.13 W, 35
2026/10/08 07:00:41.338, 4, 2032 MHz, 3996 MHz, 247.98 W, 40
2026/10/08 07:00:41.338, 5, 2032 MHz, 3996 MHz, 238.60 W, 38
2026/10/08 07:00:41.338, 6, 120 MHz, 3996 MHz, 186.78 W, 33
2026/10/08 07:00:41.339, 7, 120 MHz, 3996 MHz, 186.53 W, 32
2026/10/08 07:00:42.339, 0, 120 MHz, 3996 MHz, 186.41 W, 36
2026/10/08 07:00:42.339, 1, 120 MHz, 3996 MHz, 188.23 W, 38
2026/10/08 07:00:42.339, 2, 2032 MHz, 3996 MHz, 238.61 W, 35
2026/10/08 07:00:42.339, 3, 2032 MHz, 3996 MHz, 273.46 W, 35
2026/10/08 07:00:42.339, 4, 2032 MHz, 3996 MHz, 249.68 W, 40
2026/10/08 07:00:42.339, 5, 2032 MHz, 3996 MHz, 238.78 W, 38
2026/10/08 07:00:42.339, 6, 120 MHz, 3996 MHz, 186.78 W, 33
2026/10/08 07:00:42.339, 7, 120 MHz, 3996 MHz, 186.53 W, 32
2026/10/08 07:00:43.339, 0, 120 MHz, 3996 MHz, 186.41 W, 36
2026/10/08 07:00:43.339, 1, 120 MHz, 3996 MHz, 188.23 W, 38
2026/10/08 07:00:43.339, 2, 2032 MHz, 3996 MHz, 238.60 W, 35
2026/10/08 07:00:43.339, 3, 2032 MHz, 3996 MHz, 254.93 W, 36
2026/10/08 07:00:43.339, 4, 2032 MHz, 3996 MHz, 248.06 W, 40
2026/10/08 07:00:43.339, 5, 2032 MHz, 3996 MHz, 238.65 W, 38
2026/10/08 07:00:43.339, 6, 120 MHz, 3996 MHz, 186.78 W, 33
2026/10/08 07:00:43.339, 7, 120 MHz, 3996 MHz, 186.53 W, 32
2026/10/08 07:00:44.339, 0, 120 MHz, 3996 MHz, 186.41 W, 36
2026/10/08 07:00:44.339, 1, 120 MHz, 3996 MHz, 188.23 W, 38
2026/10/08 07:00:44.339, 2, 2032 MHz, 3996 MHz, 238.60 W, 35
2026/10/08 07:00:44.339, 3, 2032 MHz, 3996 MHz, 242.21 W, 35
2026/10/08 07:00:44.339, 4, 2032 MHz, 3996 MHz, 246.28 W, 40
2026/10/08 07:00:44.339, 5, 2032 MHz, 3996 MHz, 238.62 W, 38
2026/10/08 07:00:44.339, 6, 120 MHz, 3996 MHz, 186.78 W, 33
2026/10/08 07:00:44.340, 7, 120 MHz, 3996 MHz, 186.53 W, 32
2026/10/08 07:00:45.340, 0, 120 MHz, 3996 MHz, 186.41 W, 36
2026/10/08 07:00:45.340, 1, 120 MHz, 3996 MHz, 188.23 W, 38
2026/10/08 07:00:45.340, 2, 2032 MHz, 3996 MHz, 238.54 W, 35
2026/10/08 07:00:45.340, 3, 2032 MHz, 3996 MHz, 259.16 W, 36
2026/10/08 07:00:45.340, 4, 2032 MHz, 3996 MHz, 246.28 W, 40
2026/10/08 07:00:45.340, 5, 2032 MHz, 3996 MHz, 238.73 W, 38
2026/10/08 07:00:45.340, 6, 120 MHz, 3996 MHz, 186.78 W, 33
2026/10/08 07:00:45.340, 7, 120 MHz, 3996 MHz, 186.53 W, 32
2026/10/08 07:00:46.340, 0, 120 MHz, 3996 MHz, 186.41 W, 36
2026/10/08 07:00:46.340, 1, 120 MHz, 3996 MHz, 188.23 W, 38
2026/10/08 07:00:46.340, 2, 2032 MHz, 3996 MHz, 238.55 W, 35
2026/10/08 07:00:46.340, 3, 2032 MHz, 3996 MHz, 253.13 W, 35
2026/10/08 07:00:46.340, 4, 2032 MHz, 3996 MHz, 246.28 W, 40
2026/10/08 07:00:46.340, 5, 2032 MHz, 3996 MHz, 238.62 W, 38
2026/10/08 07:00:46.340, 6, 120 MHz, 3996 MHz, 186.78 W, 33
2026/10/08 07:00:46.340, 7, 120 MHz, 3996 MHz, 186.53 W, 32
2026/10/08 07:00:47.340, 0, 120 MHz, 3996 MHz, 186.41 W, 36
2026/10/08 07:00:47.340, 1, 120 MHz, 3996 MHz, 188.23 W, 38
2026/10/08 07:00:47.340, 2, 2032 MHz, 3996 MHz, 238.59 W, 35
2026/10/08 07:00:47.340, 3, 2032 MHz, 3996 MHz, 243.08 W, 35
2026/10/08 07:00:47.340, 4, 2032 MHz, 3996 MHz, 246.43 W, 40
2026/10/08 07:00:47.340, 5, 2032 MHz, 3996 MHz, 238.81 W, 38
2026/10/08 07:00:47.341, 6, 120 MHz, 3996 MHz, 186.78 W, 33
2026/10/08 07:00:47.341, 7, 120 MHz, 3996 MHz, 186.53 W, 32
2026/10/08 07:00:48.341, 0, 120 MHz, 3996 MHz, 186.41 W, 36
2026/10/08 07:00:48.341, 1, 120 MHz, 3996 MHz, 188.23 W, 38
2026/10/08 07:00:48.341, 2, 2032 MHz, 3996 MHz, 238.64 W, 35
2026/10/08 07:00:48.341, 3, 2032 MHz, 3996 MHz, 240.68 W, 35
2026/10/08 07:00:48.341, 4, 2032 MHz, 3996 MHz, 255.63 W, 40
2026/10/08 07:00:48.341, 5, 2032 MHz, 3996 MHz, 238.96 W, 38
2026/10/08 07:00:48.341, 6, 120 MHz, 3996 MHz, 186.78 W, 33
2026/10/08 07:00:48.341, 7, 120 MHz, 3996 MHz, 186.53 W, 32
2026/10/08 07:00:49.341, 0, 120 MHz, 3996 MHz, 186.41 W, 36
2026/10/08 07:00:49.341, 1, 120 MHz, 3996 MHz, 188.23 W, 39
2026/10/08 07:00:49.341, 2, 2032 MHz, 3996 MHz, 239.00 W, 35
2026/10/08 07:00:49.341, 3, 2032 MHz, 3996 MHz, 241.33 W, 35
2026/10/08 07:00:49.341, 4, 2032 MHz, 3996 MHz, 246.32 W, 40
2026/10/08 07:00:49.341, 5, 2032 MHz, 3996 MHz, 246.96 W, 39
2026/10/08 07:00:49.341, 6, 120 MHz, 3996 MHz, 186.78 W, 33
2026/10/08 07:00:49.341, 7, 120 MHz, 3996 MHz, 186.53 W, 32
2026/10/08 07:00:50.341, 0, 120 MHz, 3996 MHz, 186.41 W, 36
2026/10/08 07:00:50.341, 1, 120 MHz, 3996 MHz, 188.23 W, 39
2026/10/08 07:00:50.341, 2, 2032 MHz, 3996 MHz, 246.94 W, 35
2026/10/08 07:00:50.341, 3, 2032 MHz, 3996 MHz, 242.11 W, 35
2026/10/08 07:00:50.341, 4, 2032 MHz, 3996 MHz, 253.22 W, 40
2026/10/08 07:00:50.341, 5, 2032 MHz, 3996 MHz, 238.68 W, 38
2026/10/08 07:00:50.341, 6, 120 MHz, 3996 MHz, 186.78 W, 33
2026/10/08 07:00:50.341, 7, 120 MHz, 3996 MHz, 186.54 W, 32
2026/10/08 07:00:51.342, 0, 120 MHz, 3996 MHz, 186.41 W, 36
2026/10/08 07:00:51.342, 1, 120 MHz, 3996 MHz, 188.23 W, 39
2026/10/08 07:00:51.342, 2, 2032 MHz, 3996 MHz, 238.61 W, 35
2026/10/08 07:00:51.342, 3, 2032 MHz, 3996 MHz, 239.24 W, 35
2026/10/08 07:00:51.342, 4, 2032 MHz, 3996 MHz, 246.68 W, 40
2026/10/08 07:00:51.342, 5, 2032 MHz, 3996 MHz, 245.23 W, 38
2026/10/08 07:00:51.342, 6, 120 MHz, 3996 MHz, 186.78 W, 33
2026/10/08 07:00:51.342, 7, 120 MHz, 3996 MHz, 186.54 W, 32
2026/10/08 07:00:52.342, 0, 120 MHz, 3996 MHz, 186.41 W, 36
2026/10/08 07:00:52.342, 1, 120 MHz, 3996 MHz, 188.23 W, 39
2026/10/08 07:00:52.342, 2, 2032 MHz, 3996 MHz, 238.61 W, 35
2026/10/08 07:00:52.342, 3, 2032 MHz, 3996 MHz, 238.92 W, 35
2026/10/08 07:00:52.342, 4, 2032 MHz, 3996 MHz, 246.28 W, 40
2026/10/08 07:00:52.342, 5, 2032 MHz, 3996 MHz, 238.74 W, 38
2026/10/08 07:00:52.342, 6, 120 MHz, 3996 MHz, 186.78 W, 33
2026/10/08 07:00:52.342, 7, 120 MHz, 3996 MHz, 186.53 W, 32
2026/10/08 07:00:53.342, 0, 120 MHz, 3996 MHz, 186.41 W, 36
2026/10/08 07:00:53.342, 1, 120 MHz, 3996 MHz, 188.23 W, 39
2026/10/08 07:00:53.342, 2, 2032 MHz, 3996 MHz, 238.61 W, 35
2026/10/08 07:00:53.342, 3, 2032 MHz, 3996 MHz, 238.88 W, 35
2026/10/08 07:00:53.342, 4, 2032 MHz, 3996 MHz, 246.28 W, 40
2026/10/08 07:00:53.342, 5, 2032 MHz, 3996 MHz, 238.56 W, 38
2026/10/08 07:00:53.342, 6, 120 MHz, 3996 MHz, 186.78 W, 33
2026/10/08 07:00:53.342, 7, 120 MHz, 3996 MHz, 186.53 W, 32
2026/10/08 07:00:54.343, 0, 120 MHz, 3996 MHz, 186.41 W, 36
2026/10/08 07:00:54.343, 1, 120 MHz, 3996 MHz, 188.23 W, 39
2026/10/08 07:00:54.343, 2, 2032 MHz, 3996 MHz, 238.61 W, 35
2026/10/08 07:00:54.343, 3, 2032 MHz, 3996 MHz, 238.80 W, 35
2026/10/08 07:00:54.343, 4, 2032 MHz, 3996 MHz, 246.28 W, 40
2026/10/08 07:00:54.343, 5, 2032 MHz, 3996 MHz, 238.56 W, 38
2026/10/08 07:00:54.343, 6, 120 MHz, 3996 MHz, 186.78 W, 33
2026/10/08 07:00:54.343, 7, 120 MHz, 3996 MHz, 186.54 W, 32
2026/10/08 07:00:55.343, 0, 120 MHz, 3996 MHz, 186.41 W, 36
2026/10/08 07:00:55.343, 1, 120 MHz, 3996 MHz, 188.23 W, 39
2026/10/08 07:00:55.343, 2, 2032 MHz, 3996 MHz, 238.61 W, 35
2026/10/08 07:00:55.343, 3, 2032 MHz, 3996 MHz, 238.65 W, 35
2026/10/08 07:00:55.343, 4, 2032 MHz, 3996 MHz, 246.28 W, 40
2026/10/08 07:00:55.343, 5, 2032 MHz, 3996 MHz, 238.54 W, 38
2026/10/08 07:00:55.343, 6, 120 MHz, 3996 MHz, 186.70 W, 33
2026/10/08 07:00:55.343, 7, 120 MHz, 3996 MHz, 186.54 W, 32
2026/10/08 07:00:56.343, 0, 120 MHz, 3996 MHz, 186.41 W, 36
2026/10/08 07:00:56.343, 1, 120 MHz, 3996 MHz, 188.23 W, 39
2026/10/08 07:00:56.343, 2, 2032 MHz, 3996 MHz, 238.61 W, 35
2026/10/08 07:00:56.343, 3, 2032 MHz, 3996 MHz, 238.76 W, 35
2026/10/08 07:00:56.343, 4, 2032 MHz, 3996 MHz, 246.28 W, 40
2026/10/08 07:00:56.344, 5, 2032 MHz, 3996 MHz, 238.43 W, 38
2026/10/08 07:00:56.344, 6, 120 MHz, 3996 MHz, 186.78 W, 33
2026/10/08 07:00:56.344, 7, 120 MHz, 3996 MHz, 186.50 W, 32
2026/10/08 07:00:57.344, 0, 120 MHz, 3996 MHz, 186.41 W, 36
2026/10/08 07:00:57.344, 1, 120 MHz, 3996 MHz, 188.23 W, 39
2026/10/08 07:00:57.344, 2, 2032 MHz, 3996 MHz, 238.61 W, 35
2026/10/08 07:00:57.344, 3, 2032 MHz, 3996 MHz, 238.69 W, 35
2026/10/08 07:00:57.344, 4, 1545 MHz, 3996 MHz, 325.10 W, 52
2026/10/08 07:00:57.344, 5, 2032 MHz, 3996 MHz, 240.87 W, 38
2026/10/08 07:00:57.344, 6, 120 MHz, 3996 MHz, 186.78 W, 33
2026/10/08 07:00:57.344, 7, 120 MHz, 3996 MHz, 186.46 W, 32
2026/10/08 07:00:58.344, 0, 120 MHz, 3996 MHz, 186.41 W, 37
2026/10/08 07:00:58.344, 1, 120 MHz, 3996 MHz, 188.23 W, 39
2026/10/08 07:00:58.344, 2, 2032 MHz, 3996 MHz, 238.61 W, 35
2026/10/08 07:00:58.344, 3, 2032 MHz, 3996 MHz, 238.73 W, 35
2026/10/08 07:00:58.344, 4, 2032 MHz, 3996 MHz, 524.82 W, 42
2026/10/08 07:00:58.344, 5, 2032 MHz, 3996 MHz, 578.37 W, 41
2026/10/08 07:00:58.344, 6, 120 MHz, 3996 MHz, 186.78 W, 33
2026/10/08 07:00:58.344, 7, 120 MHz, 3996 MHz, 186.46 W, 32
2026/10/08 07:00:59.344, 0, 120 MHz, 3996 MHz, 186.41 W, 37
2026/10/08 07:00:59.345, 1, 120 MHz, 3996 MHz, 188.23 W, 39
2026/10/08 07:00:59.345, 2, 2032 MHz, 3996 MHz, 238.61 W, 35
2026/10/08 07:00:59.345, 3, 2032 MHz, 3996 MHz, 238.65 W, 35
2026/10/08 07:00:59.345, 4, 2032 MHz, 3996 MHz, 531.73 W, 47
2026/10/08 07:00:59.345, 5, 2032 MHz, 3996 MHz, 501.53 W, 45
2026/10/08 07:00:59.345, 6, 120 MHz, 3996 MHz, 186.74 W, 33
2026/10/08 07:00:59.345, 7, 120 MHz, 3996 MHz, 186.46 W, 32
2026/10/08 07:01:00.345, 0, 120 MHz, 3996 MHz, 186.41 W, 37
2026/10/08 07:01:00.345, 1, 120 MHz, 3996 MHz, 188.23 W, 39
2026/10/08 07:01:00.345, 2, 2032 MHz, 3996 MHz, 238.61 W, 35
2026/10/08 07:01:00.345, 3, 2032 MHz, 3996 MHz, 238.65 W, 35
2026/10/08 07:01:00.345, 4, 2032 MHz, 3996 MHz, 693.08 W, 48
2026/10/08 07:01:00.345, 5, 2032 MHz, 3996 MHz, 695.76 W, 46
2026/10/08 07:01:00.345, 6, 120 MHz, 3996 MHz, 186.78 W, 32
2026/10/08 07:01:00.345, 7, 120 MHz, 3996 MHz, 186.34 W, 32
2026/10/08 07:01:01.345, 0, 120 MHz, 3996 MHz, 186.41 W, 37
2026/10/08 07:01:01.345, 1, 120 MHz, 3996 MHz, 188.23 W, 39
2026/10/08 07:01:01.345, 2, 2032 MHz, 3996 MHz, 238.61 W, 35
2026/10/08 07:01:01.345, 3, 2032 MHz, 3996 MHz, 238.73 W, 35
2026/10/08 07:01:01.345, 4, 2032 MHz, 3996 MHz, 696.18 W, 48
2026/10/08 07:01:01.345, 5, 2032 MHz, 3996 MHz, 697.26 W, 46
2026/10/08 07:01:01.345, 6, 120 MHz, 3996 MHz, 186.66 W, 32
2026/10/08 07:01:01.345, 7, 120 MHz, 3996 MHz, 186.53 W, 32
2026/10/08 07:01:02.345, 0, 120 MHz, 3996 MHz, 186.41 W, 37
2026/10/08 07:01:02.345, 1, 120 MHz, 3996 MHz, 188.23 W, 39
2026/10/08 07:01:02.345, 2, 2032 MHz, 3996 MHz, 238.61 W, 35
2026/10/08 07:01:02.345, 3, 2032 MHz, 3996 MHz, 238.77 W, 35
2026/10/08 07:01:02.345, 4, 2032 MHz, 3996 MHz, 738.62 W, 49
2026/10/08 07:01:02.345, 5, 2032 MHz, 3996 MHz, 742.92 W, 47
2026/10/08 07:01:02.345, 6, 120 MHz, 3996 MHz, 186.74 W, 32
2026/10/08 07:01:02.346, 7, 120 MHz, 3996 MHz, 186.45 W, 32
2026/10/08 07:01:03.346, 0, 120 MHz, 3996 MHz, 186.41 W, 37
2026/10/08 07:01:03.346, 1, 120 MHz, 3996 MHz, 188.23 W, 39
2026/10/08 07:01:03.346, 2, 2032 MHz, 3996 MHz, 245.97 W, 35
2026/10/08 07:01:03.346, 3, 2032 MHz, 3996 MHz, 239.05 W, 35
2026/10/08 07:01:03.346, 4, 2032 MHz, 3996 MHz, 694.18 W, 49
2026/10/08 07:01:03.346, 5, 2032 MHz, 3996 MHz, 697.75 W, 47
2026/10/08 07:01:03.346, 6, 120 MHz, 3996 MHz, 186.70 W, 32
2026/10/08 07:01:03.346, 7, 120 MHz, 3996 MHz, 186.53 W, 32
2026/10/08 07:01:04.346, 0, 120 MHz, 3996 MHz, 186.41 W, 37
2026/10/08 07:01:04.346, 1, 120 MHz, 3996 MHz, 188.23 W, 39
2026/10/08 07:01:04.346, 2, 2032 MHz, 3996 MHz, 238.40 W, 35
2026/10/08 07:01:04.346, 3, 2032 MHz, 3996 MHz, 253.21 W, 35
2026/10/08 07:01:04.346, 4, 2032 MHz, 3996 MHz, 697.18 W, 49
2026/10/08 07:01:04.346, 5, 2032 MHz, 3996 MHz, 696.15 W, 47
2026/10/08 07:01:04.346, 6, 120 MHz, 3996 MHz, 186.66 W, 32
2026/10/08 07:01:04.346, 7, 120 MHz, 3996 MHz, 186.26 W, 32
2026/10/08 07:01:05.346, 0, 120 MHz, 3996 MHz, 186.41 W, 37
2026/10/08 07:01:05.347, 1, 120 MHz, 3996 MHz, 188.23 W, 39
2026/10/08 07:01:05.347, 2, 2032 MHz, 3996 MHz, 237.92 W, 34
2026/10/08 07:01:05.347, 3, 2032 MHz, 3996 MHz, 238.61 W, 35
2026/10/08 07:01:05.347, 4, 2032 MHz, 3996 MHz, 743.20 W, 49
2026/10/08 07:01:05.347, 5, 2032 MHz, 3996 MHz, 743.49 W, 48
2026/10/08 07:01:05.347, 6, 120 MHz, 3996 MHz, 186.21 W, 32
2026/10/08 07:01:05.347, 7, 120 MHz, 3996 MHz, 186.34 W, 31
2026/10/08 07:01:06.347, 0, 120 MHz, 3996 MHz, 186.41 W, 37
2026/10/08 07:01:06.347, 1, 120 MHz, 3996 MHz, 188.23 W, 39
2026/10/08 07:01:06.347, 2, 2032 MHz, 3996 MHz, 237.09 W, 34
2026/10/08 07:01:06.347, 3, 2032 MHz, 3996 MHz, 238.61 W, 35
2026/10/08 07:01:06.347, 4, 2032 MHz, 3996 MHz, 694.97 W, 50
2026/10/08 07:01:06.347, 5, 2032 MHz, 3996 MHz, 697.64 W, 48
2026/10/08 07:01:06.347, 6, 120 MHz, 3996 MHz, 186.39 W, 32
2026/10/08 07:01:06.347, 7, 120 MHz, 3996 MHz, 185.89 W, 31
2026/10/08 07:01:07.347, 0, 120 MHz, 3996 MHz, 186.41 W, 37
2026/10/08 07:01:07.347, 1, 120 MHz, 3996 MHz, 188.23 W, 39
2026/10/08 07:01:07.347, 2, 2032 MHz, 3996 MHz, 236.93 W, 34
2026/10/08 07:01:07.347, 3, 2032 MHz, 3996 MHz, 238.61 W, 35
2026/10/08 07:01:07.347, 4, 2032 MHz, 3996 MHz, 696.64 W, 50
2026/10/08 07:01:07.347, 5, 2025 MHz, 3996 MHz, 746.10 W, 50
2026/10/08 07:01:07.347, 6, 120 MHz, 3996 MHz, 186.13 W, 32
2026/10/08 07:01:07.347, 7, 120 MHz, 3996 MHz, 186.26 W, 31
2026/10/08 07:01:08.347, 0, 120 MHz, 3996 MHz, 186.41 W, 37
2026/10/08 07:01:08.347, 1, 120 MHz, 3996 MHz, 188.23 W, 39
2026/10/08 07:01:08.347, 2, 2032 MHz, 3996 MHz, 237.01 W, 34
2026/10/08 07:01:08.347, 3, 2032 MHz, 3996 MHz, 238.61 W, 34
2026/10/08 07:01:08.347, 4, 2032 MHz, 3996 MHz, 747.66 W, 50
2026/10/08 07:01:08.347, 5, 2032 MHz, 3996 MHz, 697.97 W, 48
2026/10/08 07:01:08.347, 6, 120 MHz, 3996 MHz, 185.69 W, 32
2026/10/08 07:01:08.347, 7, 120 MHz, 3996 MHz, 185.95 W, 31
2026/10/08 07:01:09.348, 0, 120 MHz, 3996 MHz, 186.41 W, 37
2026/10/08 07:01:09.348, 1, 120 MHz, 3996 MHz, 188.23 W, 39
2026/10/08 07:01:09.348, 2, 1335 MHz, 3996 MHz, 408.90 W, 47
2026/10/08 07:01:09.348, 3, 2032 MHz, 3996 MHz, 238.58 W, 34
2026/10/08 07:01:09.348, 4, 2032 MHz, 3996 MHz, 693.08 W, 50
2026/10/08 07:01:09.348, 5, 2032 MHz, 3996 MHz, 701.54 W, 48
2026/10/08 07:01:09.348, 6, 120 MHz, 3996 MHz, 185.61 W, 32
2026/10/08 07:01:09.348, 7, 120 MHz, 3996 MHz, 185.28 W, 31
2026/10/08 07:01:10.348, 0, 120 MHz, 3996 MHz, 186.41 W, 37
2026/10/08 07:01:10.348, 1, 120 MHz, 3996 MHz, 188.23 W, 39
2026/10/08 07:01:10.348, 2, 2032 MHz, 3996 MHz, 421.43 W, 36
2026/10/08 07:01:10.348, 3, 2032 MHz, 3996 MHz, 592.25 W, 37
2026/10/08 07:01:10.348, 4, 1410 MHz, 3996 MHz, 740.13 W, 59
2026/10/08 07:01:10.348, 5, 2032 MHz, 3996 MHz, 750.15 W, 49
2026/10/08 07:01:10.348, 6, 120 MHz, 3996 MHz, 185.63 W, 32
2026/10/08 07:01:10.348, 7, 120 MHz, 3996 MHz, 185.51 W, 31
2026/10/08 07:01:11.348, 0, 120 MHz, 3996 MHz, 186.41 W, 37
2026/10/08 07:01:11.348, 1, 120 MHz, 3996 MHz, 188.23 W, 39
2026/10/08 07:01:11.348, 2, 2032 MHz, 3996 MHz, 530.65 W, 40
2026/10/08 07:01:11.348, 3, 2032 MHz, 3996 MHz, 429.36 W, 40
2026/10/08 07:01:11.348, 4, 2032 MHz, 3996 MHz, 703.39 W, 51
2026/10/08 07:01:11.348, 5, 2032 MHz, 3996 MHz, 700.35 W, 49
2026/10/08 07:01:11.348, 6, 120 MHz, 3996 MHz, 185.37 W, 32
2026/10/08 07:01:11.348, 7, 120 MHz, 3996 MHz, 185.37 W, 31
2026/10/08 07:01:12.349, 0, 120 MHz, 3996 MHz, 186.41 W, 37
2026/10/08 07:01:12.349, 1, 120 MHz, 3996 MHz, 188.23 W, 39
2026/10/08 07:01:12.349, 2, 2032 MHz, 3996 MHz, 656.47 W, 41
2026/10/08 07:01:12.349, 3, 2032 MHz, 3996 MHz, 679.90 W, 41
2026/10/08 07:01:12.349, 4, 2032 MHz, 3996 MHz, 696.60 W, 51
2026/10/08 07:01:12.349, 5, 2032 MHz, 3996 MHz, 703.90 W, 49
2026/10/08 07:01:12.349, 6, 120 MHz, 3996 MHz, 185.21 W, 32
2026/10/08 07:01:12.349, 7, 120 MHz, 3996 MHz, 185.20 W, 31
2026/10/08 07:01:13.349, 0, 120 MHz, 3996 MHz, 186.41 W, 37
2026/10/08 07:01:13.349, 1, 120 MHz, 3996 MHz, 188.23 W, 39
2026/10/08 07:01:13.349, 2, 2032 MHz, 3996 MHz, 649.76 W, 41
2026/10/08 07:01:13.349, 3, 2032 MHz, 3996 MHz, 680.13 W, 42
2026/10/08 07:01:13.349, 4, 1995 MHz, 3996 MHz, 746.97 W, 52
2026/10/08 07:01:13.349, 5, 2032 MHz, 3996 MHz, 746.57 W, 49
2026/10/08 07:01:13.349, 6, 120 MHz, 3996 MHz, 185.07 W, 32
2026/10/08 07:01:13.349, 7, 120 MHz, 3996 MHz, 185.06 W, 31
2026/10/08 07:01:14.349, 0, 120 MHz, 3996 MHz, 186.41 W, 37
2026/10/08 07:01:14.349, 1, 120 MHz, 3996 MHz, 188.23 W, 39
2026/10/08 07:01:14.349, 2, 2032 MHz, 3996 MHz, 679.69 W, 41
2026/10/08 07:01:14.349, 3, 2032 MHz, 3996 MHz, 706.99 W, 42
2026/10/08 07:01:14.349, 4, 2032 MHz, 3996 MHz, 694.96 W, 51
2026/10/08 07:01:14.349, 5, 2032 MHz, 3996 MHz, 700.08 W, 49
2026/10/08 07:01:14.349, 6, 120 MHz, 3996 MHz, 185.13 W, 32
2026/10/08 07:01:14.349, 7, 120 MHz, 3996 MHz, 184.87 W, 31
2026/10/08 07:01:15.349, 0, 120 MHz, 3996 MHz, 186.41 W, 37
2026/10/08 07:01:15.349, 1, 120 MHz, 3996 MHz, 188.23 W, 39
2026/10/08 07:01:15.349, 2, 2032 MHz, 3996 MHz, 659.31 W, 41
2026/10/08 07:01:15.349, 3, 2032 MHz, 3996 MHz, 681.28 W, 42
2026/10/08 07:01:15.349, 4, 2032 MHz, 3996 MHz, 696.37 W, 51
2026/10/08 07:01:15.349, 5, 1672 MHz, 3996 MHz, 720.37 W, 49
2026/10/08 07:01:15.349, 6, 120 MHz, 3996 MHz, 186.66 W, 32
2026/10/08 07:01:15.349, 7, 120 MHz, 3996 MHz, 184.93 W, 31
2026/10/08 07:01:16.350, 0, 120 MHz, 3996 MHz, 186.41 W, 37
2026/10/08 07:01:16.350, 1, 120 MHz, 3996 MHz, 188.23 W, 39
2026/10/08 07:01:16.350, 2, 2032 MHz, 3996 MHz, 686.67 W, 42
2026/10/08 07:01:16.350, 3, 2032 MHz, 3996 MHz, 703.12 W, 43
2026/10/08 07:01:16.350, 4, 2032 MHz, 3996 MHz, 754.07 W, 52
2026/10/08 07:01:16.350, 5, 2032 MHz, 3996 MHz, 744.55 W, 50
2026/10/08 07:01:16.350, 6, 120 MHz, 3996 MHz, 186.74 W, 31
2026/10/08 07:01:16.350, 7, 120 MHz, 3996 MHz, 184.94 W, 31
2026/10/08 07:01:17.350, 0, 120 MHz, 3996 MHz, 186.41 W, 37
2026/10/08 07:01:17.350, 1, 120 MHz, 3996 MHz, 188.23 W, 39
2026/10/08 07:01:17.350, 2, 2032 MHz, 3996 MHz, 659.60 W, 42
2026/10/08 07:01:17.350, 3, 2032 MHz, 3996 MHz, 683.48 W, 43
2026/10/08 07:01:17.350, 4, 2032 MHz, 3996 MHz, 699.06 W, 51
2026/10/08 07:01:17.350, 5, 2032 MHz, 3996 MHz, 702.09 W, 50
2026/10/08 07:01:17.350, 6, 120 MHz, 3996 MHz, 186.58 W, 31
2026/10/08 07:01:17.350, 7, 120 MHz, 3996 MHz, 184.86 W, 31
2026/10/08 07:01:18.350, 0, 120 MHz, 3996 MHz, 186.41 W, 37
2026/10/08 07:01:18.350, 1, 120 MHz, 3996 MHz, 188.23 W, 39
2026/10/08 07:01:18.350, 2, 2032 MHz, 3996 MHz, 663.27 W, 42
2026/10/08 07:01:18.350, 3, 2032 MHz, 3996 MHz, 686.59 W, 43
2026/10/08 07:01:18.350, 4, 2032 MHz, 3996 MHz, 700.45 W, 52
2026/10/08 07:01:18.350, 5, 2032 MHz, 3996 MHz, 755.16 W, 51
2026/10/08 07:01:18.350, 6, 120 MHz, 3996 MHz, 186.62 W, 31
2026/10/08 07:01:18.350, 7, 120 MHz, 3996 MHz, 184.74 W, 31
2026/10/08 07:01:19.350, 0, 120 MHz, 3996 MHz, 186.41 W, 37
2026/10/08 07:01:19.351, 1, 120 MHz, 3996 MHz, 188.23 W, 39
2026/10/08 07:01:19.351, 2, 2032 MHz, 3996 MHz, 684.32 W, 42
2026/10/08 07:01:19.351, 3, 2032 MHz, 3996 MHz, 703.59 W, 43
2026/10/08 07:01:19.351, 4, 2032 MHz, 3996 MHz, 742.36 W, 52
2026/10/08 07:01:19.351, 5, 2032 MHz, 3996 MHz, 703.86 W, 50
2026/10/08 07:01:19.351, 6, 120 MHz, 3996 MHz, 186.66 W, 31
2026/10/08 07:01:19.351, 7, 120 MHz, 3996 MHz, 184.63 W, 30
2026/10/08 07:01:20.351, 0, 120 MHz, 3996 MHz, 186.41 W, 37
2026/10/08 07:01:20.351, 1, 120 MHz, 3996 MHz, 188.23 W, 39
2026/10/08 07:01:20.351, 2, 2032 MHz, 3996 MHz, 663.55 W, 42
2026/10/08 07:01:20.351, 3, 2032 MHz, 3996 MHz, 683.13 W, 43
2026/10/08 07:01:20.351, 4, 2032 MHz, 3996 MHz, 698.05 W, 52
2026/10/08 07:01:20.351, 5, 2032 MHz, 3996 MHz, 705.19 W, 50
2026/10/08 07:01:20.351, 6, 120 MHz, 3996 MHz, 186.43 W, 31
2026/10/08 07:01:20.351, 7, 120 MHz, 3996 MHz, 184.59 W, 30
2026/10/08 07:01:21.351, 0, 120 MHz, 3996 MHz, 186.41 W, 37
2026/10/08 07:01:21.351, 1, 120 MHz, 3996 MHz, 188.23 W, 39
2026/10/08 07:01:21.351, 2, 2017 MHz, 3996 MHz, 687.88 W, 44
2026/10/08 07:01:21.351, 3, 2032 MHz, 3996 MHz, 701.88 W, 43
2026/10/08 07:01:21.351, 4, 2032 MHz, 3996 MHz, 700.37 W, 52
2026/10/08 07:01:21.351, 5, 2032 MHz, 3996 MHz, 744.25 W, 50
2026/10/08 07:01:21.351, 6, 120 MHz, 3996 MHz, 186.31 W, 31
2026/10/08 07:01:21.351, 7, 120 MHz, 3996 MHz, 184.59 W, 30
2026/10/08 07:01:22.351, 0, 120 MHz, 3996 MHz, 186.41 W, 37
2026/10/08 07:01:22.351, 1, 120 MHz, 3996 MHz, 188.23 W, 39
2026/10/08 07:01:22.351, 2, 2032 MHz, 3996 MHz, 666.87 W, 43
2026/10/08 07:01:22.351, 3, 2032 MHz, 3996 MHz, 686.70 W, 43
2026/10/08 07:01:22.351, 4, 2032 MHz, 3996 MHz, 745.51 W, 52
2026/10/08 07:01:22.351, 5, 2032 MHz, 3996 MHz, 703.53 W, 50
2026/10/08 07:01:22.351, 6, 120 MHz, 3996 MHz, 186.28 W, 31
2026/10/08 07:01:22.351, 7, 120 MHz, 3996 MHz, 185.75 W, 30
2026/10/08 07:01:23.352, 0, 120 MHz, 3996 MHz, 186.41 W, 37
2026/10/08 07:01:23.352, 1, 120 MHz, 3996 MHz, 188.23 W, 39
2026/10/08 07:01:23.352, 2, 2032 MHz, 3996 MHz, 661.23 W, 43
2026/10/08 07:01:23.352, 3, 2032 MHz, 3996 MHz, 679.44 W, 43
2026/10/08 07:01:23.352, 4, 2032 MHz, 3996 MHz, 700.36 W, 52
2026/10/08 07:01:23.352, 5, 2032 MHz, 3996 MHz, 703.09 W, 50
2026/10/08 07:01:23.352, 6, 120 MHz, 3996 MHz, 185.98 W, 31
2026/10/08 07:01:23.352, 7, 120 MHz, 3996 MHz, 185.79 W, 30
2026/10/08 07:01:24.352, 0, 120 MHz, 3996 MHz, 186.41 W, 37
2026/10/08 07:01:24.352, 1, 120 MHz, 3996 MHz, 188.23 W, 39
2026/10/08 07:01:24.352, 2, 2032 MHz, 3996 MHz, 689.30 W, 43
2026/10/08 07:01:24.352, 3, 2032 MHz, 3996 MHz, 712.10 W, 43
2026/10/08 07:01:24.352, 4, 2032 MHz, 3996 MHz, 697.40 W, 52
2026/10/08 07:01:24.352, 5, 2032 MHz, 3996 MHz, 752.13 W, 51
2026/10/08 07:01:24.352, 6, 120 MHz, 3996 MHz, 185.88 W, 31
2026/10/08 07:01:24.352, 7, 120 MHz, 3996 MHz, 185.77 W, 30
2026/10/08 07:01:25.352, 0, 120 MHz, 3996 MHz, 186.41 W, 37
2026/10/08 07:01:25.352, 1, 120 MHz, 3996 MHz, 188.23 W, 39
2026/10/08 07:01:25.352, 2, 2032 MHz, 3996 MHz, 659.88 W, 43
2026/10/08 07:01:25.352, 3, 2032 MHz, 3996 MHz, 685.50 W, 44
2026/10/08 07:01:25.352, 4, 2032 MHz, 3996 MHz, 761.30 W, 53
2026/10/08 07:01:25.352, 5, 2032 MHz, 3996 MHz, 702.62 W, 50
2026/10/08 07:01:25.352, 6, 120 MHz, 3996 MHz, 185.82 W, 31
2026/10/08 07:01:25.352, 7, 120 MHz, 3996 MHz, 185.60 W, 30
2026/10/08 07:01:26.352, 0, 120 MHz, 3996 MHz, 186.41 W, 37
2026/10/08 07:01:26.352, 1, 120 MHz, 3996 MHz, 188.23 W, 39
2026/10/08 07:01:26.352, 2, 2032 MHz, 3996 MHz, 661.75 W, 43
2026/10/08 07:01:26.352, 3, 2032 MHz, 3996 MHz, 702.38 W, 44
2026/10/08 07:01:26.352, 4, 2032 MHz, 3996 MHz, 699.63 W, 52
2026/10/08 07:01:26.352, 5, 1417 MHz, 3996 MHz, 737.71 W, 59
2026/10/08 07:01:26.352, 6, 120 MHz, 3996 MHz, 185.38 W, 31
2026/10/08 07:01:26.352, 7, 120 MHz, 3996 MHz, 185.23 W, 30
2026/10/08 07:01:27.353, 0, 120 MHz, 3996 MHz, 186.41 W, 37
2026/10/08 07:01:27.353, 1, 120 MHz, 3996 MHz, 188.23 W, 39
2026/10/08 07:01:27.353, 2, 2032 MHz, 3996 MHz, 689.62 W, 43
2026/10/08 07:01:27.353, 3, 2032 MHz, 3996 MHz, 685.01 W, 44
2026/10/08 07:01:27.353, 4, 2032 MHz, 3996 MHz, 699.35 W, 53
2026/10/08 07:01:27.353, 5, 2032 MHz, 3996 MHz, 725.79 W, 51
2026/10/08 07:01:27.353, 6, 120 MHz, 3996 MHz, 185.29 W, 31
2026/10/08 07:01:27.353, 7, 120 MHz, 3996 MHz, 185.33 W, 30
2026/10/08 07:01:28.353, 0, 120 MHz, 3996 MHz, 186.41 W, 37
2026/10/08 07:01:28.353, 1, 120 MHz, 3996 MHz, 188.23 W, 39
2026/10/08 07:01:28.353, 2, 2032 MHz, 3996 MHz, 661.92 W, 43
2026/10/08 07:01:28.353, 3, 1845 MHz, 3996 MHz, 699.11 W, 44
2026/10/08 07:01:28.353, 4, 2032 MHz, 3996 MHz, 742.56 W, 53
2026/10/08 07:01:28.353, 5, 2032 MHz, 3996 MHz, 703.71 W, 51
2026/10/08 07:01:28.353, 6, 120 MHz, 3996 MHz, 185.40 W, 31
2026/10/08 07:01:28.353, 7, 120 MHz, 3996 MHz, 184.98 W, 30
2026/10/08 07:01:29.353, 0, 120 MHz, 3996 MHz, 186.41 W, 37
2026/10/08 07:01:29.353, 1, 120 MHz, 3996 MHz, 188.23 W, 39
2026/10/08 07:01:29.353, 2, 2032 MHz, 3996 MHz, 685.14 W, 43
2026/10/08 07:01:29.353, 3, 2032 MHz, 3996 MHz, 703.75 W, 44
2026/10/08 07:01:29.353, 4, 2032 MHz, 3996 MHz, 697.57 W, 53
2026/10/08 07:01:29.353, 5, 2032 MHz, 3996 MHz, 757.17 W, 52
2026/10/08 07:01:29.353, 6, 120 MHz, 3996 MHz, 185.10 W, 31
2026/10/08 07:01:29.353, 7, 120 MHz, 3996 MHz, 185.02 W, 30
2026/10/08 07:01:30.354, 0, 120 MHz, 3996 MHz, 186.41 W, 37
2026/10/08 07:01:30.354, 1, 120 MHz, 3996 MHz, 188.23 W, 39
2026/10/08 07:01:30.354, 2, 2032 MHz, 3996 MHz, 660.28 W, 43
2026/10/08 07:01:30.354, 3, 2032 MHz, 3996 MHz, 683.97 W, 44
2026/10/08 07:01:30.354, 4, 1710 MHz, 3996 MHz, 729.56 W, 53
2026/10/08 07:01:30.354, 5, 2032 MHz, 3996 MHz, 705.30 W, 51
2026/10/08 07:01:30.354, 6, 120 MHz, 3996 MHz, 184.95 W, 31
2026/10/08 07:01:30.354, 7, 120 MHz, 3996 MHz, 184.66 W, 30
2026/10/08 07:01:31.354, 0, 120 MHz, 3996 MHz, 186.41 W, 37
2026/10/08 07:01:31.354, 1, 120 MHz, 3996 MHz, 188.23 W, 39
2026/10/08 07:01:31.354, 2, 2032 MHz, 3996 MHz, 661.22 W, 43
2026/10/08 07:01:31.354, 3, 2032 MHz, 3996 MHz, 702.76 W, 44
2026/10/08 07:01:31.354, 4, 2032 MHz, 3996 MHz, 729.09 W, 53
2026/10/08 07:01:31.354, 5, 2032 MHz, 3996 MHz, 704.12 W, 51
2026/10/08 07:01:31.354, 6, 120 MHz, 3996 MHz, 184.87 W, 30
2026/10/08 07:01:31.354, 7, 120 MHz, 3996 MHz, 184.79 W, 30
2026/10/08 07:01:32.354, 0, 120 MHz, 3996 MHz, 186.41 W, 37
2026/10/08 07:01:32.354, 1, 120 MHz, 3996 MHz, 188.23 W, 39
2026/10/08 07:01:32.354, 2, 2032 MHz, 3996 MHz, 689.62 W, 43
2026/10/08 07:01:32.354, 3, 2032 MHz, 3996 MHz, 682.80 W, 44
2026/10/08 07:01:32.354, 4, 2032 MHz, 3996 MHz, 697.95 W, 53
2026/10/08 07:01:32.354, 5, 2032 MHz, 3996 MHz, 750.57 W, 51
2026/10/08 07:01:32.354, 6, 120 MHz, 3996 MHz, 184.87 W, 30
2026/10/08 07:01:32.354, 7, 120 MHz, 3996 MHz, 184.73 W, 30
2026/10/08 07:01:33.354, 0, 120 MHz, 3996 MHz, 186.41 W, 37
2026/10/08 07:01:33.354, 1, 120 MHz, 3996 MHz, 188.23 W, 39
2026/10/08 07:01:33.354, 2, 2032 MHz, 3996 MHz, 661.32 W, 43
2026/10/08 07:01:33.354, 3, 1672 MHz, 3996 MHz, 710.94 W, 51
2026/10/08 07:01:33.354, 4, 1860 MHz, 3996 MHz, 755.20 W, 62
2026/10/08 07:01:33.355, 5, 2032 MHz, 3996 MHz, 703.30 W, 51
2026/10/08 07:01:33.355, 6, 120 MHz, 3996 MHz, 184.83 W, 30
2026/10/08 07:01:33.355, 7, 120 MHz, 3996 MHz, 184.68 W, 30
2026/10/08 07:01:34.355, 0, 120 MHz, 3996 MHz, 186.41 W, 37
2026/10/08 07:01:34.355, 1, 120 MHz, 3996 MHz, 188.23 W, 39
2026/10/08 07:01:34.355, 2, 1410 MHz, 3996 MHz, 684.76 W, 51
2026/10/08 07:01:34.355, 3, 2032 MHz, 3996 MHz, 681.18 W, 44
2026/10/08 07:01:34.355, 4, 2032 MHz, 3996 MHz, 696.80 W, 53
2026/10/08 07:01:34.355, 5, 2032 MHz, 3996 MHz, 703.80 W, 51
2026/10/08 07:01:34.355, 6, 120 MHz, 3996 MHz, 184.83 W, 30
2026/10/08 07:01:34.355, 7, 120 MHz, 3996 MHz, 184.68 W, 29
2026/10/08 07:01:35.355, 0, 120 MHz, 3996 MHz, 186.41 W, 37
2026/10/08 07:01:35.355, 1, 120 MHz, 3996 MHz, 188.23 W, 39
2026/10/08 07:01:35.355, 2, 2032 MHz, 3996 MHz, 663.02 W, 43
2026/10/08 07:01:35.355, 3, 2032 MHz, 3996 MHz, 683.05 W, 44
2026/10/08 07:01:35.355, 4, 2032 MHz, 3996 MHz, 698.98 W, 53
2026/10/08 07:01:35.355, 5, 2032 MHz, 3996 MHz, 745.74 W, 51
2026/10/08 07:01:35.355, 6, 120 MHz, 3996 MHz, 184.83 W, 30
2026/10/08 07:01:35.355, 7, 120 MHz, 3996 MHz, 184.60 W, 29
2026/10/08 07:01:36.355, 0, 120 MHz, 3996 MHz, 186.41 W, 37
2026/10/08 07:01:36.355, 1, 120 MHz, 3996 MHz, 188.23 W, 39
2026/10/08 07:01:36.355, 2, 2032 MHz, 3996 MHz, 663.83 W, 43
2026/10/08 07:01:36.355, 3, 2032 MHz, 3996 MHz, 717.85 W, 45
2026/10/08 07:01:36.355, 4, 2032 MHz, 3996 MHz, 749.97 W, 54
2026/10/08 07:01:36.355, 5, 2032 MHz, 3996 MHz, 705.24 W, 51
2026/10/08 07:01:36.355, 6, 120 MHz, 3996 MHz, 184.83 W, 30
2026/10/08 07:01:36.355, 7, 120 MHz, 3996 MHz, 184.63 W, 29
2026/10/08 07:01:37.356, 0, 120 MHz, 3996 MHz, 186.41 W, 37
2026/10/08 07:01:37.356, 1, 120 MHz, 3996 MHz, 188.23 W, 39
2026/10/08 07:01:37.356, 2, 2032 MHz, 3996 MHz, 692.41 W, 44
2026/10/08 07:01:37.356, 3, 2032 MHz, 3996 MHz, 687.34 W, 44
2026/10/08 07:01:37.356, 4, 2032 MHz, 3996 MHz, 699.17 W, 53
2026/10/08 07:01:37.356, 5, 1432 MHz, 3996 MHz, 754.79 W, 60
2026/10/08 07:01:37.356, 6, 120 MHz, 3996 MHz, 184.83 W, 30
2026/10/08 07:01:37.356, 7, 120 MHz, 3996 MHz, 184.60 W, 29
2026/10/08 07:01:38.356, 0, 120 MHz, 3996 MHz, 186.41 W, 37
2026/10/08 07:01:38.356, 1, 120 MHz, 3996 MHz, 188.23 W, 39
2026/10/08 07:01:38.356, 2, 2032 MHz, 3996 MHz, 665.31 W, 43
2026/10/08 07:01:38.356, 3, 1980 MHz, 3996 MHz, 706.55 W, 46
2026/10/08 07:01:38.356, 4, 2032 MHz, 3996 MHz, 702.15 W, 53
2026/10/08 07:01:38.356, 5, 2032 MHz, 3996 MHz, 702.05 W, 51
2026/10/08 07:01:38.356, 6, 120 MHz, 3996 MHz, 184.83 W, 30
2026/10/08 07:01:38.356, 7, 120 MHz, 3996 MHz, 184.59 W, 29
2026/10/08 07:01:39.356, 0, 120 MHz, 3996 MHz, 186.41 W, 37
2026/10/08 07:01:39.356, 1, 120 MHz, 3996 MHz, 188.23 W, 39
2026/10/08 07:01:39.356, 2, 2032 MHz, 3996 MHz, 665.78 W, 43
2026/10/08 07:01:39.356, 3, 2032 MHz, 3996 MHz, 683.51 W, 44
2026/10/08 07:01:39.356, 4, 2032 MHz, 3996 MHz, 749.70 W, 54
2026/10/08 07:01:39.356, 5, 2032 MHz, 3996 MHz, 705.47 W, 51
2026/10/08 07:01:39.356, 6, 120 MHz, 3996 MHz, 184.83 W, 30
2026/10/08 07:01:39.356, 7, 120 MHz, 3996 MHz, 184.59 W, 29
2026/10/08 07:01:40.356, 0, 120 MHz, 3996 MHz, 186.41 W, 37
2026/10/08 07:01:40.357, 1, 120 MHz, 3996 MHz, 188.23 W, 39
2026/10/08 07:01:40.357, 2, 2032 MHz, 3996 MHz, 684.80 W, 44
2026/10/08 07:01:40.357, 3, 2032 MHz, 3996 MHz, 685.54 W, 44
2026/10/08 07:01:40.357, 4, 2032 MHz, 3996 MHz, 699.89 W, 53
2026/10/08 07:01:40.357, 5, 2032 MHz, 3996 MHz, 751.48 W, 52
2026/10/08 07:01:40.357, 6, 120 MHz, 3996 MHz, 184.83 W, 30
2026/10/08 07:01:40.357, 7, 120 MHz, 3996 MHz, 184.64 W, 29
2026/10/08 07:01:41.357, 0, 120 MHz, 3996 MHz, 186.41 W, 37
2026/10/08 07:01:41.357, 1, 120 MHz, 3996 MHz, 188.23 W, 39
2026/10/08 07:01:41.357, 2, 2032 MHz, 3996 MHz, 663.36 W, 44
2026/10/08 07:01:41.357, 3, 2032 MHz, 3996 MHz, 714.20 W, 45
2026/10/08 07:01:41.357, 4, 2032 MHz, 3996 MHz, 699.36 W, 53
2026/10/08 07:01:41.357, 5, 2032 MHz, 3996 MHz, 705.58 W, 51
2026/10/08 07:01:41.357, 6, 120 MHz, 3996 MHz, 184.83 W, 30
2026/10/08 07:01:41.357, 7, 120 MHz, 3996 MHz, 184.59 W, 29
2026/10/08 07:01:42.357, 0, 120 MHz, 3996 MHz, 186.41 W, 37
2026/10/08 07:01:42.357, 1, 120 MHz, 3996 MHz, 188.23 W, 39
2026/10/08 07:01:42.357, 2, 2032 MHz, 3996 MHz, 691.03 W, 44
2026/10/08 07:01:42.357, 3, 2032 MHz, 3996 MHz, 684.99 W, 44
2026/10/08 07:01:42.357, 4, 2032 MHz, 3996 MHz, 749.59 W, 54
2026/10/08 07:01:42.357, 5, 2032 MHz, 3996 MHz, 709.17 W, 51
2026/10/08 07:01:42.357, 6, 120 MHz, 3996 MHz, 184.83 W, 30
2026/10/08 07:01:42.357, 7, 120 MHz, 3996 MHz, 184.62 W, 29
2026/10/08 07:01:43.357, 0, 120 MHz, 3996 MHz, 186.41 W, 37
2026/10/08 07:01:43.357, 1, 120 MHz, 3996 MHz, 188.26 W, 39
2026/10/08 07:01:43.357, 2, 2032 MHz, 3996 MHz, 661.69 W, 44
2026/10/08 07:01:43.357, 3, 2010 MHz, 3996 MHz, 702.11 W, 45
2026/10/08 07:01:43.357, 4, 2032 MHz, 3996 MHz, 702.19 W, 53
2026/10/08 07:01:43.357, 5, 2032 MHz, 3996 MHz, 752.83 W, 52
2026/10/08 07:01:43.357, 6, 120 MHz, 3996 MHz, 184.83 W, 30
2026/10/08 07:01:43.357, 7, 120 MHz, 3996 MHz, 184.62 W, 29
2026/10/08 07:01:44.358, 0, 120 MHz, 3996 MHz, 186.45 W, 37
2026/10/08 07:01:44.358, 1, 120 MHz, 3996 MHz, 188.23 W, 39
2026/10/08 07:01:44.358, 2, 2032 MHz, 3996 MHz, 667.60 W, 44
2026/10/08 07:01:44.358, 3, 2032 MHz, 3996 MHz, 684.15 W, 45
2026/10/08 07:01:44.358, 4, 2032 MHz, 3996 MHz, 700.94 W, 53
2026/10/08 07:01:44.358, 5, 2032 MHz, 3996 MHz, 705.16 W, 51
2026/10/08 07:01:44.358, 6, 120 MHz, 3996 MHz, 185.14 W, 30
2026/10/08 07:01:44.358, 7, 120 MHz, 3996 MHz, 185.35 W, 29
2026/10/08 07:01:45.358, 0, 120 MHz, 3996 MHz, 186.41 W, 37
2026/10/08 07:01:45.358, 1, 120 MHz, 3996 MHz, 188.23 W, 39
2026/10/08 07:01:45.358, 2, 2032 MHz, 3996 MHz, 680.06 W, 44
2026/10/08 07:01:45.358, 3, 2032 MHz, 3996 MHz, 684.16 W, 44
2026/10/08 07:01:45.358, 4, 2032 MHz, 3996 MHz, 742.53 W, 54
2026/10/08 07:01:45.358, 5, 2032 MHz, 3996 MHz, 708.93 W, 51
2026/10/08 07:01:45.358, 6, 120 MHz, 3996 MHz, 185.10 W, 30
2026/10/08 07:01:45.358, 7, 120 MHz, 3996 MHz, 185.19 W, 29
2026/10/08 07:01:46.358, 0, 120 MHz, 3996 MHz, 186.41 W, 37
2026/10/08 07:01:46.358, 1, 120 MHz, 3996 MHz, 188.23 W, 39
2026/10/08 07:01:46.358, 2, 2032 MHz, 3996 MHz, 664.32 W, 44
2026/10/08 07:01:46.358, 3, 2032 MHz, 3996 MHz, 702.83 W, 45
2026/10/08 07:01:46.358, 4, 2032 MHz, 3996 MHz, 699.03 W, 53
2026/10/08 07:01:46.358, 5, 2032 MHz, 3996 MHz, 752.36 W, 52
2026/10/08 07:01:46.358, 6, 120 MHz, 3996 MHz, 184.83 W, 30
2026/10/08 07:01:46.358, 7, 120 MHz, 3996 MHz, 184.78 W, 29
2026/10/08 07:01:47.359, 0, 120 MHz, 3996 MHz, 186.41 W, 37
2026/10/08 07:01:47.359, 1, 120 MHz, 3996 MHz, 188.23 W, 39
2026/10/08 07:01:47.359, 2, 1492 MHz, 3996 MHz, 686.89 W, 49
2026/10/08 07:01:47.359, 3, 2032 MHz, 3996 MHz, 685.26 W, 45
2026/10/08 07:01:47.359, 4, 2032 MHz, 3996 MHz, 700.52 W, 53
2026/10/08 07:01:47.359, 5, 2032 MHz, 3996 MHz, 705.04 W, 51
2026/10/08 07:01:47.359, 6, 120 MHz, 3996 MHz, 184.83 W, 30
2026/10/08 07:01:47.359, 7, 120 MHz, 3996 MHz, 184.60 W, 29
2026/10/08 07:01:48.359, 0, 120 MHz, 3996 MHz, 186.41 W, 37
2026/10/08 07:01:48.359, 1, 120 MHz, 3996 MHz, 188.23 W, 39
2026/10/08 07:01:48.359, 2, 2032 MHz, 3996 MHz, 675.92 W, 44
2026/10/08 07:01:48.359, 3, 2032 MHz, 3996 MHz, 709.40 W, 45
2026/10/08 07:01:48.359, 4, 2032 MHz, 3996 MHz, 747.90 W, 54
2026/10/08 07:01:48.359, 5, 1515 MHz, 3996 MHz, 754.97 W, 53
2026/10/08 07:01:48.359, 6, 120 MHz, 3996 MHz, 184.83 W, 30
2026/10/08 07:01:48.359, 7, 120 MHz, 3996 MHz, 184.64 W, 29
2026/10/08 07:01:49.359, 0, 120 MHz, 3996 MHz, 186.41 W, 37
2026/10/08 07:01:49.359, 1, 120 MHz, 3996 MHz, 188.23 W, 39
2026/10/08 07:01:49.359, 2, 2032 MHz, 3996 MHz, 663.08 W, 44
2026/10/08 07:01:49.359, 3, 2032 MHz, 3996 MHz, 689.20 W, 45
2026/10/08 07:01:49.359, 4, 2032 MHz, 3996 MHz, 701.99 W, 53
2026/10/08 07:01:49.359, 5, 2032 MHz, 3996 MHz, 699.33 W, 52
2026/10/08 07:01:49.359, 6, 120 MHz, 3996 MHz, 184.83 W, 30
2026/10/08 07:01:49.359, 7, 120 MHz, 3996 MHz, 184.63 W, 29
2026/10/08 07:01:50.359, 0, 120 MHz, 3996 MHz, 186.41 W, 37
2026/10/08 07:01:50.359, 1, 120 MHz, 3996 MHz, 188.23 W, 39
2026/10/08 07:01:50.360, 2, 2032 MHz, 3996 MHz, 687.78 W, 44
2026/10/08 07:01:50.360, 3, 2032 MHz, 3996 MHz, 684.79 W, 45
2026/10/08 07:01:50.360, 4, 2032 MHz, 3996 MHz, 727.92 W, 53
2026/10/08 07:01:50.360, 5, 2032 MHz, 3996 MHz, 707.90 W, 51
2026/10/08 07:01:50.360, 6, 120 MHz, 3996 MHz, 184.83 W, 29
2026/10/08 07:01:50.360, 7, 120 MHz, 3996 MHz, 184.63 W, 28
2026/10/08 07:01:51.360, 0, 120 MHz, 3996 MHz, 186.41 W, 38
2026/10/08 07:01:51.360, 1, 120 MHz, 3996 MHz, 188.23 W, 39
2026/10/08 07:01:51.360, 2, 2032 MHz, 3996 MHz, 664.23 W, 44
2026/10/08 07:01:51.360, 3, 2032 MHz, 3996 MHz, 709.14 W, 45
2026/10/08 07:01:51.360, 4, 2032 MHz, 3996 MHz, 741.03 W, 54
2026/10/08 07:01:51.360, 5, 2032 MHz, 3996 MHz, 748.28 W, 52
2026/10/08 07:01:51.360, 6, 120 MHz, 3996 MHz, 184.83 W, 29
2026/10/08 07:01:51.360, 7, 120 MHz, 3996 MHz, 184.61 W, 28
2026/10/08 07:01:52.360, 0, 120 MHz, 3996 MHz, 186.41 W, 38
2026/10/08 07:01:52.360, 1, 120 MHz, 3996 MHz, 188.23 W, 39
2026/10/08 07:01:52.360, 2, 2032 MHz, 3996 MHz, 666.31 W, 44
2026/10/08 07:01:52.360, 3, 2032 MHz, 3996 MHz, 687.76 W, 45
2026/10/08 07:01:52.360, 4, 2032 MHz, 3996 MHz, 701.36 W, 54
2026/10/08 07:01:52.360, 5, 2032 MHz, 3996 MHz, 706.05 W, 52
2026/10/08 07:01:52.360, 6, 120 MHz, 3996 MHz, 184.83 W, 29
2026/10/08 07:01:52.360, 7, 120 MHz, 3996 MHz, 184.62 W, 28
2026/10/08 07:01:53.360, 0, 120 MHz, 3996 MHz, 186.41 W, 38
2026/10/08 07:01:53.360, 1, 120 MHz, 3996 MHz, 188.23 W, 39
2026/10/08 07:01:53.360, 2, 2032 MHz, 3996 MHz, 684.26 W, 44
2026/10/08 07:01:53.360, 3, 2032 MHz, 3996 MHz, 705.41 W, 45
2026/10/08 07:01:53.360, 4, 1860 MHz, 3996 MHz, 753.59 W, 62
2026/10/08 07:01:53.360, 5, 2032 MHz, 3996 MHz, 709.14 W, 52
2026/10/08 07:01:53.360, 6, 120 MHz, 3996 MHz, 184.83 W, 29
2026/10/08 07:01:53.360, 7, 120 MHz, 3996 MHz, 184.60 W, 28
2026/10/08 07:01:54.361, 0, 120 MHz, 3996 MHz, 186.41 W, 38
2026/10/08 07:01:54.361, 1, 120 MHz, 3996 MHz, 188.23 W, 39
2026/10/08 07:01:54.361, 2, 2032 MHz, 3996 MHz, 662.50 W, 44
2026/10/08 07:01:54.361, 3, 2032 MHz, 3996 MHz, 684.99 W, 45
2026/10/08 07:01:54.361, 4, 2032 MHz, 3996 MHz, 698.81 W, 53
2026/10/08 07:01:54.361, 5, 2032 MHz, 3996 MHz, 382.66 W, 46
2026/10/08 07:01:54.361, 6, 120 MHz, 3996 MHz, 184.83 W, 29
2026/10/08 07:01:54.361, 7, 120 MHz, 3996 MHz, 184.62 W, 28
2026/10/08 07:01:55.361, 0, 120 MHz, 3996 MHz, 186.41 W, 38
2026/10/08 07:01:55.361, 1, 120 MHz, 3996 MHz, 188.23 W, 39
2026/10/08 07:01:55.361, 2, 2032 MHz, 3996 MHz, 685.53 W, 44
2026/10/08 07:01:55.361, 3, 2032 MHz, 3996 MHz, 689.76 W, 45
2026/10/08 07:01:55.361, 4, 2032 MHz, 3996 MHz, 702.49 W, 53
2026/10/08 07:01:55.361, 5, 2032 MHz, 3996 MHz, 255.53 W, 45
2026/10/08 07:01:55.361, 6, 120 MHz, 3996 MHz, 184.83 W, 29
2026/10/08 07:01:55.361, 7, 120 MHz, 3996 MHz, 184.60 W, 28
2026/10/08 07:01:56.361, 0, 120 MHz, 3996 MHz, 186.41 W, 38
2026/10/08 07:01:56.361, 1, 120 MHz, 3996 MHz, 188.23 W, 39
2026/10/08 07:01:56.361, 2, 2032 MHz, 3996 MHz, 663.90 W, 44
2026/10/08 07:01:56.361, 3, 2032 MHz, 3996 MHz, 704.06 W, 45
2026/10/08 07:01:56.361, 4, 2032 MHz, 3996 MHz, 547.67 W, 49
2026/10/08 07:01:56.361, 5, 2032 MHz, 3996 MHz, 243.08 W, 44
2026/10/08 07:01:56.361, 6, 120 MHz, 3996 MHz, 184.83 W, 29
2026/10/08 07:01:56.361, 7, 120 MHz, 3996 MHz, 184.60 W, 28
2026/10/08 07:01:57.362, 0, 120 MHz, 3996 MHz, 186.41 W, 38
2026/10/08 07:01:57.362, 1, 120 MHz, 3996 MHz, 188.23 W, 39
2026/10/08 07:01:57.362, 2, 2032 MHz, 3996 MHz, 662.95 W, 44
2026/10/08 07:01:57.362, 3, 2032 MHz, 3996 MHz, 685.12 W, 45
2026/10/08 07:01:57.362, 4, 2032 MHz, 3996 MHz, 265.06 W, 47
2026/10/08 07:01:57.362, 5, 2032 MHz, 3996 MHz, 242.93 W, 44
2026/10/08 07:01:57.362, 6, 120 MHz, 3996 MHz, 184.83 W, 29
2026/10/08 07:01:57.362, 7, 120 MHz, 3996 MHz, 184.61 W, 28
2026/10/08 07:01:58.362, 0, 120 MHz, 3996 MHz, 186.41 W, 38
2026/10/08 07:01:58.362, 1, 120 MHz, 3996 MHz, 188.23 W, 39
2026/10/08 07:01:58.362, 2, 2032 MHz, 3996 MHz, 685.12 W, 44
2026/10/08 07:01:58.362, 3, 2032 MHz, 3996 MHz, 711.51 W, 45
2026/10/08 07:01:58.362, 4, 2032 MHz, 3996 MHz, 252.13 W, 46
2026/10/08 07:01:58.362, 5, 2032 MHz, 3996 MHz, 242.97 W, 43
2026/10/08 07:01:58.362, 6, 120 MHz, 3996 MHz, 184.83 W, 29
2026/10/08 07:01:58.362, 7, 120 MHz, 3996 MHz, 184.61 W, 28
2026/10/08 07:01:59.362, 0, 120 MHz, 3996 MHz, 186.41 W, 38
2026/10/08 07:01:59.362, 1, 120 MHz, 3996 MHz, 188.23 W, 39
2026/10/08 07:01:59.362, 2, 2032 MHz, 3996 MHz, 662.98 W, 43
2026/10/08 07:01:59.362, 3, 2032 MHz, 3996 MHz, 690.17 W, 44
2026/10/08 07:01:59.362, 4, 2032 MHz, 3996 MHz, 251.72 W, 46
2026/10/08 07:01:59.362, 5, 2032 MHz, 3996 MHz, 242.54 W, 43
2026/10/08 07:01:59.362, 6, 120 MHz, 3996 MHz, 184.83 W, 29
2026/10/08 07:01:59.362, 7, 120 MHz, 3996 MHz, 184.60 W, 28
2026/10/08 07:02:00.362, 0, 120 MHz, 3996 MHz, 186.41 W, 38
2026/10/08 07:02:00.363, 1, 120 MHz, 3996 MHz, 188.23 W, 39
2026/10/08 07:02:00.363, 2, 2032 MHz, 3996 MHz, 662.82 W, 43
2026/10/08 07:02:00.363, 3, 2032 MHz, 3996 MHz, 686.53 W, 44
2026/10/08 07:02:00.363, 4, 2032 MHz, 3996 MHz, 250.27 W, 45
2026/10/08 07:02:00.363, 5, 2032 MHz, 3996 MHz, 242.80 W, 42
2026/10/08 07:02:00.363, 6, 120 MHz, 3996 MHz, 184.83 W, 29
2026/10/08 07:02:00.363, 7, 120 MHz, 3996 MHz, 184.60 W, 28
2026/10/08 07:02:01.363, 0, 120 MHz, 3996 MHz, 186.41 W, 38
2026/10/08 07:02:01.363, 1, 120 MHz, 3996 MHz, 188.23 W, 39
2026/10/08 07:02:01.363, 2, 2032 MHz, 3996 MHz, 691.64 W, 43
2026/10/08 07:02:01.363, 3, 2032 MHz, 3996 MHz, 703.76 W, 44
2026/10/08 07:02:01.363, 4, 2032 MHz, 3996 MHz, 250.24 W, 45
2026/10/08 07:02:01.363, 5, 2032 MHz, 3996 MHz, 242.22 W, 42
2026/10/08 07:02:01.363, 6, 120 MHz, 3996 MHz, 184.83 W, 29
2026/10/08 07:02:01.363, 7, 120 MHz, 3996 MHz, 184.62 W, 28
2026/10/08 07:02:02.363, 0, 120 MHz, 3996 MHz, 186.41 W, 38
2026/10/08 07:02:02.363, 1, 120 MHz, 3996 MHz, 188.23 W, 39
2026/10/08 07:02:02.363, 2, 2032 MHz, 3996 MHz, 665.01 W, 43
2026/10/08 07:02:02.363, 3, 2032 MHz, 3996 MHz, 684.93 W, 44
2026/10/08 07:02:02.363, 4, 2032 MHz, 3996 MHz, 250.34 W, 44
2026/10/08 07:02:02.363, 5, 300 MHz, 3996 MHz, 196.48 W, 41
2026/10/08 07:02:02.363, 6, 120 MHz, 3996 MHz, 184.83 W, 29
2026/10/08 07:02:02.363, 7, 120 MHz, 3996 MHz, 184.61 W, 28
2026/10/08 07:02:03.363, 0, 120 MHz, 3996 MHz, 186.41 W, 38
2026/10/08 07:02:03.363, 1, 120 MHz, 3996 MHz, 188.23 W, 39
2026/10/08 07:02:03.363, 2, 2032 MHz, 3996 MHz, 684.65 W, 43
2026/10/08 07:02:03.363, 3, 2032 MHz, 3996 MHz, 708.13 W, 45
2026/10/08 07:02:03.363, 4, 2032 MHz, 3996 MHz, 250.62 W, 44
2026/10/08 07:02:03.363, 5, 187 MHz, 3996 MHz, 186.49 W, 40
2026/10/08 07:02:03.363, 6, 120 MHz, 3996 MHz, 184.83 W, 29
2026/10/08 07:02:03.363, 7, 120 MHz, 3996 MHz, 184.60 W, 28
2026/10/08 07:02:04.364, 0, 120 MHz, 3996 MHz, 186.41 W, 38
2026/10/08 07:02:04.364, 1, 120 MHz, 3996 MHz, 188.23 W, 39
2026/10/08 07:02:04.364, 2, 2032 MHz, 3996 MHz, 665.68 W, 43
2026/10/08 07:02:04.364, 3, 2032 MHz, 3996 MHz, 684.40 W, 44
2026/10/08 07:02:04.364, 4, 2017 MHz, 3996 MHz, 249.62 W, 44
2026/10/08 07:02:04.364, 5, 127 MHz, 3996 MHz, 185.96 W, 40
2026/10/08 07:02:04.364, 6, 120 MHz, 3996 MHz, 184.83 W, 29
2026/10/08 07:02:04.364, 7, 120 MHz, 3996 MHz, 184.59 W, 28
2026/10/08 07:02:05.364, 0, 120 MHz, 3996 MHz, 186.41 W, 38
2026/10/08 07:02:05.364, 1, 120 MHz, 3996 MHz, 188.23 W, 39
2026/10/08 07:02:05.364, 2, 2032 MHz, 3996 MHz, 660.91 W, 43
2026/10/08 07:02:05.364, 3, 2032 MHz, 3996 MHz, 687.08 W, 44
2026/10/08 07:02:05.364, 4, 315 MHz, 3996 MHz, 213.02 W, 42
2026/10/08 07:02:05.364, 5, 120 MHz, 3996 MHz, 185.71 W, 40
2026/10/08 07:02:05.364, 6, 120 MHz, 3996 MHz, 184.83 W, 29
2026/10/08 07:02:05.364, 7, 120 MHz, 3996 MHz, 184.60 W, 28
2026/10/08 07:02:06.364, 0, 120 MHz, 3996 MHz, 186.41 W, 38
2026/10/08 07:02:06.364, 1, 120 MHz, 3996 MHz, 188.23 W, 39
2026/10/08 07:02:06.364, 2, 2032 MHz, 3996 MHz, 686.69 W, 43
2026/10/08 07:02:06.364, 3, 2032 MHz, 3996 MHz, 706.80 W, 44
2026/10/08 07:02:06.364, 4, 315 MHz, 3996 MHz, 189.32 W, 42
2026/10/08 07:02:06.364, 5, 120 MHz, 3996 MHz, 186.59 W, 39
2026/10/08 07:02:06.364, 6, 120 MHz, 3996 MHz, 184.83 W, 28
2026/10/08 07:02:06.364, 7, 120 MHz, 3996 MHz, 184.59 W, 27
2026/10/08 07:02:07.364, 0, 120 MHz, 3996 MHz, 186.41 W, 38
2026/10/08 07:02:07.365, 1, 120 MHz, 3996 MHz, 188.23 W, 39
2026/10/08 07:02:07.365, 2, 2032 MHz, 3996 MHz, 667.80 W, 43
2026/10/08 07:02:07.365, 3, 2032 MHz, 3996 MHz, 685.28 W, 44
2026/10/08 07:02:07.365, 4, 315 MHz, 3996 MHz, 190.33 W, 42
2026/10/08 07:02:07.365, 5, 120 MHz, 3996 MHz, 186.45 W, 39
2026/10/08 07:02:07.365, 6, 120 MHz, 3996 MHz, 184.83 W, 28
2026/10/08 07:02:07.365, 7, 120 MHz, 3996 MHz, 184.59 W, 27
2026/10/08 07:02:08.365, 0, 120 MHz, 3996 MHz, 186.41 W, 38
2026/10/08 07:02:08.365, 1, 120 MHz, 3996 MHz, 188.23 W, 39
2026/10/08 07:02:08.365, 2, 1950 MHz, 3996 MHz, 687.81 W, 44
2026/10/08 07:02:08.365, 3, 2032 MHz, 3996 MHz, 704.62 W, 44
2026/10/08 07:02:08.365, 4, 120 MHz, 3996 MHz, 189.96 W, 41
2026/10/08 07:02:08.365, 5, 120 MHz, 3996 MHz, 186.14 W, 39
2026/10/08 07:02:08.365, 6, 120 MHz, 3996 MHz, 184.83 W, 28
2026/10/08 07:02:08.365, 7, 120 MHz, 3996 MHz, 184.59 W, 27
2026/10/08 07:02:09.365, 0, 120 MHz, 3996 MHz, 186.41 W, 37
2026/10/08 07:02:09.365, 1, 120 MHz, 3996 MHz, 188.23 W, 39
2026/10/08 07:02:09.365, 2, 2032 MHz, 3996 MHz, 661.94 W, 43
2026/10/08 07:02:09.365, 3, 2032 MHz, 3996 MHz, 688.13 W, 44
2026/10/08 07:02:09.365, 4, 120 MHz, 3996 MHz, 187.85 W, 41
2026/10/08 07:02:09.365, 5, 120 MHz, 3996 MHz, 184.93 W, 39
2026/10/08 07:02:09.365, 6, 120 MHz, 3996 MHz, 184.83 W, 28
2026/10/08 07:02:09.365, 7, 120 MHz, 3996 MHz, 184.61 W, 27
2026/10/08 07:02:10.365, 0, 120 MHz, 3996 MHz, 186.41 W, 37
2026/10/08 07:02:10.366, 1, 120 MHz, 3996 MHz, 188.23 W, 39
2026/10/08 07:02:10.366, 2, 2032 MHz, 3996 MHz, 665.14 W, 43
2026/10/08 07:02:10.366, 3, 2032 MHz, 3996 MHz, 685.85 W, 44
2026/10/08 07:02:10.366, 4, 120 MHz, 3996 MHz, 186.80 W, 41
2026/10/08 07:02:10.366, 5, 120 MHz, 3996 MHz, 184.74 W, 38
2026/10/08 07:02:10.366, 6, 120 MHz, 3996 MHz, 184.83 W, 28
2026/10/08 07:02:10.366, 7, 120 MHz, 3996 MHz, 184.61 W, 27
2026/10/08 07:02:11.366, 0, 120 MHz, 3996 MHz, 186.41 W, 37
2026/10/08 07:02:11.366, 1, 120 MHz, 3996 MHz, 188.23 W, 39
2026/10/08 07:02:11.366, 2, 2032 MHz, 3996 MHz, 688.27 W, 43
2026/10/08 07:02:11.366, 3, 2032 MHz, 3996 MHz, 709.67 W, 44
2026/10/08 07:02:11.366, 4, 120 MHz, 3996 MHz, 186.53 W, 40
2026/10/08 07:02:11.366, 5, 120 MHz, 3996 MHz, 184.65 W, 38
2026/10/08 07:02:11.366, 6, 120 MHz, 3996 MHz, 184.83 W, 28
2026/10/08 07:02:11.366, 7, 120 MHz, 3996 MHz, 184.63 W, 27
2026/10/08 07:02:12.366, 0, 120 MHz, 3996 MHz, 186.41 W, 37
2026/10/08 07:02:12.366, 1, 120 MHz, 3996 MHz, 188.23 W, 39
2026/10/08 07:02:12.366, 2, 2032 MHz, 3996 MHz, 661.77 W, 43
2026/10/08 07:02:12.366, 3, 2032 MHz, 3996 MHz, 687.46 W, 44
2026/10/08 07:02:12.366, 4, 120 MHz, 3996 MHz, 186.53 W, 40
2026/10/08 07:02:12.366, 5, 120 MHz, 3996 MHz, 184.66 W, 38
2026/10/08 07:02:12.366, 6, 120 MHz, 3996 MHz, 184.83 W, 28
2026/10/08 07:02:12.366, 7, 120 MHz, 3996 MHz, 184.62 W, 27
2026/10/08 07:02:13.366, 0, 120 MHz, 3996 MHz, 186.41 W, 37
2026/10/08 07:02:13.366, 1, 120 MHz, 3996 MHz, 188.23 W, 39
2026/10/08 07:02:13.366, 2, 2032 MHz, 3996 MHz, 663.65 W, 43
2026/10/08 07:02:13.366, 3, 2032 MHz, 3996 MHz, 707.69 W, 44
2026/10/08 07:02:13.366, 4, 120 MHz, 3996 MHz, 186.53 W, 40
2026/10/08 07:02:13.366, 5, 120 MHz, 3996 MHz, 184.75 W, 38
2026/10/08 07:02:13.366, 6, 120 MHz, 3996 MHz, 184.83 W, 28
2026/10/08 07:02:13.366, 7, 120 MHz, 3996 MHz, 184.62 W, 27
2026/10/08 07:02:14.367, 0, 120 MHz, 3996 MHz, 186.41 W, 37
2026/10/08 07:02:14.367, 1, 120 MHz, 3996 MHz, 188.23 W, 39
2026/10/08 07:02:14.367, 2, 2032 MHz, 3996 MHz, 685.62 W, 43
2026/10/08 07:02:14.367, 3, 2032 MHz, 3996 MHz, 685.67 W, 44
2026/10/08 07:02:14.367, 4, 120 MHz, 3996 MHz, 186.53 W, 40
2026/10/08 07:02:14.367, 5, 120 MHz, 3996 MHz, 184.82 W, 38
2026/10/08 07:02:14.367, 6, 120 MHz, 3996 MHz, 184.83 W, 28
2026/10/08 07:02:14.367, 7, 120 MHz, 3996 MHz, 184.64 W, 27
2026/10/08 07:02:15.367, 0, 120 MHz, 3996 MHz, 186.41 W, 37
2026/10/08 07:02:15.367, 1, 120 MHz, 3996 MHz, 188.23 W, 39
2026/10/08 07:02:15.367, 2, 2032 MHz, 3996 MHz, 665.73 W, 43
2026/10/08 07:02:15.367, 3, 2032 MHz, 3996 MHz, 677.67 W, 43
2026/10/08 07:02:15.367, 4, 120 MHz, 3996 MHz, 186.52 W, 40
2026/10/08 07:02:15.367, 5, 120 MHz, 3996 MHz, 184.72 W, 37
2026/10/08 07:02:15.367, 6, 120 MHz, 3996 MHz, 184.83 W, 28
2026/10/08 07:02:15.367, 7, 120 MHz, 3996 MHz, 184.62 W, 27
2026/10/08 07:02:16.367, 0, 120 MHz, 3996 MHz, 186.41 W, 37
2026/10/08 07:02:16.367, 1, 120 MHz, 3996 MHz, 188.23 W, 39
2026/10/08 07:02:16.367, 2, 2032 MHz, 3996 MHz, 685.86 W, 43
2026/10/08 07:02:16.367, 3, 2032 MHz, 3996 MHz, 709.94 W, 44
2026/10/08 07:02:16.367, 4, 120 MHz, 3996 MHz, 186.53 W, 39
2026/10/08 07:02:16.367, 5, 120 MHz, 3996 MHz, 184.80 W, 37
2026/10/08 07:02:16.367, 6, 120 MHz, 3996 MHz, 184.83 W, 28
2026/10/08 07:02:16.367, 7, 120 MHz, 3996 MHz, 184.62 W, 27
2026/10/08 07:02:17.368, 0, 120 MHz, 3996 MHz, 186.41 W, 37
2026/10/08 07:02:17.368, 1, 120 MHz, 3996 MHz, 188.23 W, 39
2026/10/08 07:02:17.368, 2, 2032 MHz, 3996 MHz, 661.85 W, 43
2026/10/08 07:02:17.368, 3, 2032 MHz, 3996 MHz, 687.18 W, 44
2026/10/08 07:02:17.368, 4, 120 MHz, 3996 MHz, 186.53 W, 39
2026/10/08 07:02:17.368, 5, 120 MHz, 3996 MHz, 184.76 W, 37
2026/10/08 07:02:17.368, 6, 120 MHz, 3996 MHz, 184.83 W, 28
2026/10/08 07:02:17.368, 7, 120 MHz, 3996 MHz, 184.63 W, 27
2026/10/08 07:02:18.368, 0, 120 MHz, 3996 MHz, 186.41 W, 37
2026/10/08 07:02:18.368, 1, 120 MHz, 3996 MHz, 188.23 W, 39
2026/10/08 07:02:18.368, 2, 2032 MHz, 3996 MHz, 664.42 W, 43
2026/10/08 07:02:18.368, 3, 2032 MHz, 3996 MHz, 707.24 W, 44
2026/10/08 07:02:18.368, 4, 120 MHz, 3996 MHz, 186.52 W, 39
2026/10/08 07:02:18.368, 5, 120 MHz, 3996 MHz, 184.73 W, 37
2026/10/08 07:02:18.368, 6, 120 MHz, 3996 MHz, 184.83 W, 28
2026/10/08 07:02:18.368, 7, 120 MHz, 3996 MHz, 184.65 W, 27
2026/10/08 07:02:19.368, 0, 120 MHz, 3996 MHz, 186.41 W, 37
2026/10/08 07:02:19.368, 1, 120 MHz, 3996 MHz, 188.23 W, 39
2026/10/08 07:02:19.368, 2, 2032 MHz, 3996 MHz, 679.54 W, 43
2026/10/08 07:02:19.368, 3, 2032 MHz, 3996 MHz, 686.01 W, 44
2026/10/08 07:02:19.368, 4, 120 MHz, 3996 MHz, 186.53 W, 39
2026/10/08 07:02:19.368, 5, 120 MHz, 3996 MHz, 184.70 W, 37
2026/10/08 07:02:19.369, 6, 120 MHz, 3996 MHz, 184.83 W, 28
2026/10/08 07:02:19.369, 7, 120 MHz, 3996 MHz, 184.64 W, 27
2026/10/08 07:02:20.369, 0, 120 MHz, 3996 MHz, 186.41 W, 38
2026/10/08 07:02:20.369, 1, 120 MHz, 3996 MHz, 188.23 W, 39
2026/10/08 07:02:20.369, 2, 2032 MHz, 3996 MHz, 667.06 W, 43
2026/10/08 07:02:20.369, 3, 2032 MHz, 3996 MHz, 711.85 W, 54
2026/10/08 07:02:20.369, 4, 120 MHz, 3996 MHz, 186.52 W, 39
2026/10/08 07:02:20.369, 5, 120 MHz, 3996 MHz, 184.63 W, 37
2026/10/08 07:02:20.369, 6, 120 MHz, 3996 MHz, 184.83 W, 28
2026/10/08 07:02:20.369, 7, 120 MHz, 3996 MHz, 184.63 W, 27
2026/10/08 07:02:21.369, 0, 120 MHz, 3996 MHz, 186.41 W, 38
2026/10/08 07:02:21.369, 1, 120 MHz, 3996 MHz, 188.23 W, 39
2026/10/08 07:02:21.369, 2, 1402 MHz, 3996 MHz, 697.12 W, 53
2026/10/08 07:02:21.369, 3, 2032 MHz, 3996 MHz, 682.03 W, 44
2026/10/08 07:02:21.369, 4, 120 MHz, 3996 MHz, 186.53 W, 39
2026/10/08 07:02:21.369, 5, 120 MHz, 3996 MHz, 184.64 W, 37
2026/10/08 07:02:21.369, 6, 120 MHz, 3996 MHz, 184.83 W, 28
2026/10/08 07:02:21.369, 7, 120 MHz, 3996 MHz, 184.64 W, 27
2026/10/08 07:02:22.369, 0, 120 MHz, 3996 MHz, 186.41 W, 38
2026/10/08 07:02:22.369, 1, 120 MHz, 3996 MHz, 188.23 W, 39
2026/10/08 07:02:22.369, 2, 2032 MHz, 3996 MHz, 660.96 W, 43
2026/10/08 07:02:22.369, 3, 2032 MHz, 3996 MHz, 687.01 W, 44
2026/10/08 07:02:22.369, 4, 120 MHz, 3996 MHz, 186.53 W, 39
2026/10/08 07:02:22.370, 5, 120 MHz, 3996 MHz, 184.62 W, 36
2026/10/08 07:02:22.370, 6, 120 MHz, 3996 MHz, 184.83 W, 28
2026/10/08 07:02:22.370, 7, 120 MHz, 3996 MHz, 184.64 W, 27
2026/10/08 07:02:23.370, 0, 120 MHz, 3996 MHz, 186.41 W, 38
2026/10/08 07:02:23.370, 1, 120 MHz, 3996 MHz, 188.23 W, 39
2026/10/08 07:02:23.370, 2, 2032 MHz, 3996 MHz, 667.01 W, 43
2026/10/08 07:02:23.370, 3, 2032 MHz, 3996 MHz, 708.43 W, 44
2026/10/08 07:02:23.370, 4, 120 MHz, 3996 MHz, 186.53 W, 38
2026/10/08 07:02:23.370, 5, 120 MHz, 3996 MHz, 184.54 W, 36
2026/10/08 07:02:23.370, 6, 120 MHz, 3996 MHz, 184.83 W, 28
2026/10/08 07:02:23.370, 7, 120 MHz, 3996 MHz, 184.63 W, 27
2026/10/08 07:02:24.370, 0, 120 MHz, 3996 MHz, 186.41 W, 38
2026/10/08 07:02:24.370, 1, 120 MHz, 3996 MHz, 188.23 W, 39
2026/10/08 07:02:24.370, 2, 2032 MHz, 3996 MHz, 688.56 W, 43
2026/10/08 07:02:24.370, 3, 2032 MHz, 3996 MHz, 686.84 W, 44
2026/10/08 07:02:24.370, 4, 120 MHz, 3996 MHz, 186.53 W, 38
2026/10/08 07:02:24.370, 5, 120 MHz, 3996 MHz, 184.43 W, 36
2026/10/08 07:02:24.370, 6, 120 MHz, 3996 MHz, 184.83 W, 28
2026/10/08 07:02:24.370, 7, 120 MHz, 3996 MHz, 184.63 W, 27
2026/10/08 07:02:25.370, 0, 120 MHz, 3996 MHz, 186.41 W, 38
2026/10/08 07:02:25.371, 1, 120 MHz, 3996 MHz, 188.23 W, 39
2026/10/08 07:02:25.371, 2, 2032 MHz, 3996 MHz, 665.51 W, 43
2026/10/08 07:02:25.371, 3, 2032 MHz, 3996 MHz, 636.89 W, 42
2026/10/08 07:02:25.371, 4, 120 MHz, 3996 MHz, 186.50 W, 38
2026/10/08 07:02:25.371, 5, 2032 MHz, 3996 MHz, 191.93 W, 37
2026/10/08 07:02:25.371, 6, 120 MHz, 3996 MHz, 184.83 W, 28
2026/10/08 07:02:25.371, 7, 120 MHz, 3996 MHz, 184.64 W, 27
2026/10/08 07:02:26.371, 0, 120 MHz, 3996 MHz, 186.41 W, 38
2026/10/08 07:02:26.371, 1, 120 MHz, 3996 MHz, 188.23 W, 39
2026/10/08 07:02:26.371, 2, 2032 MHz, 3996 MHz, 664.77 W, 43
2026/10/08 07:02:26.371, 3, 2032 MHz, 3996 MHz, 251.52 W, 38
2026/10/08 07:02:26.371, 4, 120 MHz, 3996 MHz, 186.38 W, 38
2026/10/08 07:02:26.371, 5, 2032 MHz, 3996 MHz, 237.62 W, 37
2026/10/08 07:02:26.371, 6, 120 MHz, 3996 MHz, 184.83 W, 28
2026/10/08 07:02:26.371, 7, 120 MHz, 3996 MHz, 184.65 W, 27
2026/10/08 07:02:27.371, 0, 120 MHz, 3996 MHz, 186.41 W, 38
2026/10/08 07:02:27.371, 1, 120 MHz, 3996 MHz, 188.23 W, 39
2026/10/08 07:02:27.371, 2, 2032 MHz, 3996 MHz, 689.00 W, 43
2026/10/08 07:02:27.371, 3, 2032 MHz, 3996 MHz, 245.66 W, 38
2026/10/08 07:02:27.371, 4, 120 MHz, 3996 MHz, 186.40 W, 38
2026/10/08 07:02:27.371, 5, 2032 MHz, 3996 MHz, 237.54 W, 37
2026/10/08 07:02:27.371, 6, 120 MHz, 3996 MHz, 184.83 W, 28
2026/10/08 07:02:27.371, 7, 120 MHz, 3996 MHz, 184.65 W, 27
2026/10/08 07:02:28.372, 0, 120 MHz, 3996 MHz, 186.41 W, 38
2026/10/08 07:02:28.372, 1, 120 MHz, 3996 MHz, 188.23 W, 39
2026/10/08 07:02:28.372, 2, 2032 MHz, 3996 MHz, 663.09 W, 43
2026/10/08 07:02:28.372, 3, 2032 MHz, 3996 MHz, 240.66 W, 37
2026/10/08 07:02:28.372, 4, 120 MHz, 3996 MHz, 186.39 W, 38
2026/10/08 07:02:28.372, 5, 2032 MHz, 3996 MHz, 237.64 W, 37
2026/10/08 07:02:28.372, 6, 120 MHz, 3996 MHz, 184.83 W, 28
2026/10/08 07:02:28.372, 7, 120 MHz, 3996 MHz, 184.64 W, 27
2026/10/08 07:02:29.372, 0, 120 MHz, 3996 MHz, 186.41 W, 38
2026/10/08 07:02:29.372, 1, 120 MHz, 3996 MHz, 188.23 W, 39
2026/10/08 07:02:29.372, 2, 2032 MHz, 3996 MHz, 559.56 W, 40
2026/10/08 07:02:29.372, 3, 2032 MHz, 3996 MHz, 240.44 W, 37
2026/10/08 07:02:29.372, 4, 120 MHz, 3996 MHz, 186.40 W, 38
2026/10/08 07:02:29.372, 5, 2032 MHz, 3996 MHz, 239.20 W, 37
2026/10/08 07:02:29.372, 6, 120 MHz, 3996 MHz, 184.83 W, 28
2026/10/08 07:02:29.372, 7, 120 MHz, 3996 MHz, 184.64 W, 27
2026/10/08 07:02:30.372, 0, 120 MHz, 3996 MHz, 186.41 W, 38
2026/10/08 07:02:30.372, 1, 120 MHz, 3996 MHz, 188.23 W, 39
2026/10/08 07:02:30.372, 2, 2032 MHz, 3996 MHz, 253.29 W, 38
2026/10/08 07:02:30.372, 3, 2032 MHz, 3996 MHz, 240.52 W, 36
2026/10/08 07:02:30.372, 4, 120 MHz, 3996 MHz, 186.33 W, 38
2026/10/08 07:02:30.372, 5, 2032 MHz, 3996 MHz, 238.71 W, 37
2026/10/08 07:02:30.372, 6, 120 MHz, 3996 MHz, 184.83 W, 28
2026/10/08 07:02:30.373, 7, 120 MHz, 3996 MHz, 184.66 W, 27
2026/10/08 07:02:31.373, 0, 120 MHz, 3996 MHz, 186.41 W, 38
2026/10/08 07:02:31.373, 1, 120 MHz, 3996 MHz, 188.23 W, 39
2026/10/08 07:02:31.373, 2, 2032 MHz, 3996 MHz, 240.34 W, 37
2026/10/08 07:02:31.373, 3, 2032 MHz, 3996 MHz, 240.57 W, 36
2026/10/08 07:02:31.373, 4, 120 MHz, 3996 MHz, 186.37 W, 38
2026/10/08 07:02:31.373, 5, 2032 MHz, 3996 MHz, 238.38 W, 37
2026/10/08 07:02:31.373, 6, 120 MHz, 3996 MHz, 184.83 W, 28
2026/10/08 07:02:31.373, 7, 120 MHz, 3996 MHz, 184.64 W, 27
2026/10/08 07:02:32.373, 0, 120 MHz, 3996 MHz, 186.41 W, 38
2026/10/08 07:02:32.373, 1, 120 MHz, 3996 MHz, 188.23 W, 39
2026/10/08 07:02:32.373, 2, 2032 MHz, 3996 MHz, 239.05 W, 36
2026/10/08 07:02:32.373, 3, 2032 MHz, 3996 MHz, 240.49 W, 36
2026/10/08 07:02:32.373, 4, 120 MHz, 3996 MHz, 186.03 W, 37
2026/10/08 07:02:32.373, 5, 2032 MHz, 3996 MHz, 255.85 W, 37
2026/10/08 07:02:32.373, 6, 120 MHz, 3996 MHz, 184.79 W, 28
2026/10/08 07:02:32.373, 7, 120 MHz, 3996 MHz, 184.63 W, 27
2026/10/08 07:02:33.373, 0, 120 MHz, 3996 MHz, 186.41 W, 38
2026/10/08 07:02:33.373, 1, 120 MHz, 3996 MHz, 188.23 W, 39
2026/10/08 07:02:33.373, 2, 2032 MHz, 3996 MHz, 238.61 W, 36
2026/10/08 07:02:33.373, 3, 427 MHz, 3996 MHz, 235.90 W, 35
2026/10/08 07:02:33.373, 4, 120 MHz, 3996 MHz, 185.91 W, 37
2026/10/08 07:02:33.373, 5, 2032 MHz, 3996 MHz, 274.60 W, 37
2026/10/08 07:02:33.374, 6, 120 MHz, 3996 MHz, 184.83 W, 28
2026/10/08 07:02:33.374, 7, 120 MHz, 3996 MHz, 184.62 W, 27
2026/10/08 07:02:34.374, 0, 120 MHz, 3996 MHz, 186.41 W, 38
2026/10/08 07:02:34.374, 1, 120 MHz, 3996 MHz, 188.23 W, 39
2026/10/08 07:02:34.374, 2, 2032 MHz, 3996 MHz, 238.72 W, 36
2026/10/08 07:02:34.374, 3, 270 MHz, 3996 MHz, 186.88 W, 35
2026/10/08 07:02:34.374, 4, 120 MHz, 3996 MHz, 185.63 W, 37
2026/10/08 07:02:34.374, 5, 2032 MHz, 3996 MHz, 238.64 W, 37
2026/10/08 07:02:34.374, 6, 120 MHz, 3996 MHz, 184.83 W, 28
2026/10/08 07:02:34.374, 7, 120 MHz, 3996 MHz, 184.61 W, 27
2026/10/08 07:02:35.374, 0, 120 MHz, 3996 MHz, 186.41 W, 38
2026/10/08 07:02:35.374, 1, 120 MHz, 3996 MHz, 188.23 W, 39
2026/10/08 07:02:35.374, 2, 2032 MHz, 3996 MHz, 238.75 W, 36
2026/10/08 07:02:35.374, 3, 172 MHz, 3996 MHz, 185.93 W, 34
2026/10/08 07:02:35.374, 4, 2032 MHz, 3996 MHz, 231.89 W, 38
2026/10/08 07:02:35.374, 5, 2032 MHz, 3996 MHz, 253.62 W, 37
2026/10/08 07:02:35.374, 6, 120 MHz, 3996 MHz, 184.83 W, 28
2026/10/08 07:02:35.374, 7, 120 MHz, 3996 MHz, 184.64 W, 27
2026/10/08 07:02:36.374, 0, 120 MHz, 3996 MHz, 186.41 W, 38
2026/10/08 07:02:36.374, 1, 120 MHz, 3996 MHz, 188.23 W, 39
2026/10/08 07:02:36.374, 2, 2032 MHz, 3996 MHz, 239.11 W, 35
2026/10/08 07:02:36.374, 3, 120 MHz, 3996 MHz, 185.12 W, 34
2026/10/08 07:02:36.374, 4, 2032 MHz, 3996 MHz, 244.68 W, 38
2026/10/08 07:02:36.374, 5, 2032 MHz, 3996 MHz, 249.83 W, 37
2026/10/08 07:02:36.375, 6, 120 MHz, 3996 MHz, 184.83 W, 28
2026/10/08 07:02:36.375, 7, 120 MHz, 3996 MHz, 184.66 W, 27
2026/10/08 07:02:37.375, 0, 120 MHz, 3996 MHz, 186.41 W, 38
2026/10/08 07:02:37.375, 1, 120 MHz, 3996 MHz, 188.23 W, 39
2026/10/08 07:02:37.375, 2, 2025 MHz, 3996 MHz, 238.14 W, 35
2026/10/08 07:02:37.375, 3, 120 MHz, 3996 MHz, 184.05 W, 34
2026/10/08 07:02:37.375, 4, 2032 MHz, 3996 MHz, 244.28 W, 38
2026/10/08 07:02:37.375, 5, 2032 MHz, 3996 MHz, 253.46 W, 37
2026/10/08 07:02:37.375, 6, 120 MHz, 3996 MHz, 184.83 W, 28
2026/10/08 07:02:37.375, 7, 120 MHz, 3996 MHz, 184.65 W, 27
2026/10/08 07:02:38.375, 0, 120 MHz, 3996 MHz, 186.41 W, 37
2026/10/08 07:02:38.375, 1, 120 MHz, 3996 MHz, 188.23 W, 39
2026/10/08 07:02:38.375, 2, 345 MHz, 3996 MHz, 209.29 W, 34
2026/10/08 07:02:38.375, 3, 120 MHz, 3996 MHz, 184.08 W, 34
2026/10/08 07:02:38.375, 4, 2032 MHz, 3996 MHz, 244.59 W, 38
2026/10/08 07:02:38.375, 5, 2032 MHz, 3996 MHz, 246.54 W, 36
2026/10/08 07:02:38.375, 6, 120 MHz, 3996 MHz, 184.83 W, 28
2026/10/08 07:02:38.375, 7, 120 MHz, 3996 MHz, 184.63 W, 27
2026/10/08 07:02:39.375, 0, 120 MHz, 3996 MHz, 186.41 W, 37
2026/10/08 07:02:39.376, 1, 120 MHz, 3996 MHz, 188.23 W, 39
2026/10/08 07:02:39.376, 2, 217 MHz, 3996 MHz, 187.93 W, 34
2026/10/08 07:02:39.376, 3, 120 MHz, 3996 MHz, 185.43 W, 33
2026/10/08 07:02:39.376, 4, 2032 MHz, 3996 MHz, 245.23 W, 38
2026/10/08 07:02:39.376, 5, 2032 MHz, 3996 MHz, 241.81 W, 36
2026/10/08 07:02:39.376, 6, 120 MHz, 3996 MHz, 184.83 W, 28
2026/10/08 07:02:39.376, 7, 120 MHz, 3996 MHz, 184.63 W, 27
2026/10/08 07:02:40.376, 0, 120 MHz, 3996 MHz, 186.41 W, 37
2026/10/08 07:02:40.376, 1, 120 MHz, 3996 MHz, 188.23 W, 39
2026/10/08 07:02:40.376, 2, 660 MHz, 3996 MHz, 189.81 W, 34
2026/10/08 07:02:40.376, 3, 120 MHz, 3996 MHz, 185.81 W, 33
2026/10/08 07:02:40.376, 4, 2032 MHz, 3996 MHz, 246.08 W, 38
2026/10/08 07:02:40.376, 5, 2032 MHz, 3996 MHz, 239.65 W, 36
2026/10/08 07:02:40.376, 6, 120 MHz, 3996 MHz, 184.83 W, 28
2026/10/08 07:02:40.376, 7, 120 MHz, 3996 MHz, 184.64 W, 27
2026/10/08 07:02:41.376, 0, 120 MHz, 3996 MHz, 186.41 W, 37
2026/10/08 07:02:41.376, 1, 120 MHz, 3996 MHz, 188.23 W, 39
2026/10/08 07:02:41.376, 2, 660 MHz, 3996 MHz, 191.92 W, 33
2026/10/08 07:02:41.376, 3, 120 MHz, 3996 MHz, 185.07 W, 33
2026/10/08 07:02:41.376, 4, 2032 MHz, 3996 MHz, 246.26 W, 38
2026/10/08 07:02:41.376, 5, 2032 MHz, 3996 MHz, 242.78 W, 36
2026/10/08 07:02:41.376, 6, 120 MHz, 3996 MHz, 184.83 W, 28
2026/10/08 07:02:41.376, 7, 120 MHz, 3996 MHz, 184.64 W, 26
2026/10/08 07:02:42.376, 0, 120 MHz, 3996 MHz, 186.41 W, 37
2026/10/08 07:02:42.376, 1, 120 MHz, 3996 MHz, 188.23 W, 39
2026/10/08 07:02:42.376, 2, 120 MHz, 3996 MHz, 187.46 W, 33
2026/10/08 07:02:42.376, 3, 120 MHz, 3996 MHz, 184.44 W, 33
2026/10/08 07:02:42.376, 4, 2032 MHz, 3996 MHz, 246.24 W, 38
2026/10/08 07:02:42.376, 5, 2032 MHz, 3996 MHz, 237.85 W, 36
2026/10/08 07:02:42.376, 6, 120 MHz, 3996 MHz, 184.83 W, 28
2026/10/08 07:02:42.376, 7, 120 MHz, 3996 MHz, 184.64 W, 26
2026/10/08 07:02:43.377, 0, 120 MHz, 3996 MHz, 186.41 W, 37
2026/10/08 07:02:43.377, 1, 120 MHz, 3996 MHz, 188.23 W, 39
2026/10/08 07:02:43.377, 2, 120 MHz, 3996 MHz, 186.05 W, 33
2026/10/08 07:02:43.377, 3, 120 MHz, 3996 MHz, 184.32 W, 33
2026/10/08 07:02:43.377, 4, 2032 MHz, 3996 MHz, 263.64 W, 38
2026/10/08 07:02:43.377, 5, 2032 MHz, 3996 MHz, 237.98 W, 36
2026/10/08 07:02:43.377, 6, 120 MHz, 3996 MHz, 184.79 W, 28
2026/10/08 07:02:43.377, 7, 120 MHz, 3996 MHz, 184.62 W, 26
2026/10/08 07:02:44.377, 0, 120 MHz, 3996 MHz, 186.41 W, 37
2026/10/08 07:02:44.377, 1, 120 MHz, 3996 MHz, 188.23 W, 39
2026/10/08 07:02:44.377, 2, 120 MHz, 3996 MHz, 186.05 W, 33
2026/10/08 07:02:44.377, 3, 120 MHz, 3996 MHz, 184.25 W, 33
2026/10/08 07:02:44.377, 4, 2032 MHz, 3996 MHz, 245.29 W, 38
2026/10/08 07:02:44.377, 5, 2032 MHz, 3996 MHz, 237.83 W, 36
2026/10/08 07:02:44.377, 6, 120 MHz, 3996 MHz, 184.83 W, 28
2026/10/08 07:02:44.377, 7, 120 MHz, 3996 MHz, 184.65 W, 26
2026/10/08 07:02:45.377, 0, 120 MHz, 3996 MHz, 186.41 W, 37
2026/10/08 07:02:45.377, 1, 120 MHz, 3996 MHz, 188.23 W, 39
2026/10/08 07:02:45.377, 2, 120 MHz, 3996 MHz, 186.05 W, 33
2026/10/08 07:02:45.377, 3, 120 MHz, 3996 MHz, 184.21 W, 32
2026/10/08 07:02:45.378, 4, 2032 MHz, 3996 MHz, 281.31 W, 38
2026/10/08 07:02:45.378, 5, 2032 MHz, 3996 MHz, 237.49 W, 36
2026/10/08 07:02:45.378, 6, 120 MHz, 3996 MHz, 184.83 W, 28
2026/10/08 07:02:45.378, 7, 120 MHz, 3996 MHz, 184.63 W, 26
2026/10/08 07:02:46.378, 0, 120 MHz, 3996 MHz, 186.41 W, 37
2026/10/08 07:02:46.378, 1, 120 MHz, 3996 MHz, 188.23 W, 39
2026/10/08 07:02:46.378, 2, 120 MHz, 3996 MHz, 186.05 W, 32
2026/10/08 07:02:46.378, 3, 120 MHz, 3996 MHz, 184.09 W, 32
2026/10/08 07:02:46.378, 4, 2032 MHz, 3996 MHz, 266.04 W, 39
2026/10/08 07:02:46.378, 5, 2032 MHz, 3996 MHz, 237.72 W, 36
2026/10/08 07:02:46.378, 6, 120 MHz, 3996 MHz, 184.83 W, 28
2026/10/08 07:02:46.378, 7, 120 MHz, 3996 MHz, 184.62 W, 26
2026/10/08 07:02:47.378, 0, 120 MHz, 3996 MHz, 186.41 W, 37
2026/10/08 07:02:47.378, 1, 120 MHz, 3996 MHz, 188.23 W, 39
2026/10/08 07:02:47.378, 2, 120 MHz, 3996 MHz, 186.05 W, 32
2026/10/08 07:02:47.378, 3, 120 MHz, 3996 MHz, 184.09 W, 32
2026/10/08 07:02:47.378, 4, 2032 MHz, 3996 MHz, 249.19 W, 38
2026/10/08 07:02:47.378, 5, 2032 MHz, 3996 MHz, 237.28 W, 36
2026/10/08 07:02:47.378, 6, 120 MHz, 3996 MHz, 184.83 W, 28
2026/10/08 07:02:47.378, 7, 120 MHz, 3996 MHz, 184.62 W, 26
2026/10/08 07:02:48.378, 0, 120 MHz, 3996 MHz, 186.41 W, 37
2026/10/08 07:02:48.378, 1, 120 MHz, 3996 MHz, 188.23 W, 39
2026/10/08 07:02:48.378, 2, 120 MHz, 3996 MHz, 186.05 W, 32
2026/10/08 07:02:48.378, 3, 120 MHz, 3996 MHz, 184.09 W, 32
2026/10/08 07:02:48.378, 4, 2032 MHz, 3996 MHz, 265.48 W, 38
2026/10/08 07:02:48.378, 5, 2032 MHz, 3996 MHz, 237.34 W, 36
2026/10/08 07:02:48.379, 6, 120 MHz, 3996 MHz, 184.71 W, 28
2026/10/08 07:02:48.379, 7, 120 MHz, 3996 MHz, 184.62 W, 26
2026/10/08 07:02:49.379, 0, 120 MHz, 3996 MHz, 186.41 W, 37
2026/10/08 07:02:49.379, 1, 120 MHz, 3996 MHz, 188.23 W, 39
2026/10/08 07:02:49.379, 2, 120 MHz, 3996 MHz, 186.05 W, 32
2026/10/08 07:02:49.379, 3, 120 MHz, 3996 MHz, 184.09 W, 32
2026/10/08 07:02:49.379, 4, 2032 MHz, 3996 MHz, 260.41 W, 38
2026/10/08 07:02:49.379, 5, 2032 MHz, 3996 MHz, 237.46 W, 36
2026/10/08 07:02:49.379, 6, 120 MHz, 3996 MHz, 184.83 W, 28
2026/10/08 07:02:49.379, 7, 120 MHz, 3996 MHz, 184.61 W, 26
2026/10/08 07:02:50.381, 0, 120 MHz, 3996 MHz, 186.41 W, 37
2026/10/08 07:02:50.381, 1, 120 MHz, 3996 MHz, 188.23 W, 39
2026/10/08 07:02:50.381, 2, 120 MHz, 3996 MHz, 186.05 W, 32
2026/10/08 07:02:50.381, 3, 120 MHz, 3996 MHz, 184.09 W, 32
2026/10/08 07:02:50.382, 4, 2032 MHz, 3996 MHz, 249.71 W, 38
2026/10/08 07:02:50.382, 5, 2032 MHz, 3996 MHz, 237.85 W, 36
2026/10/08 07:02:50.382, 6, 120 MHz, 3996 MHz, 184.83 W, 28
2026/10/08 07:02:50.382, 7, 120 MHz, 3996 MHz, 184.62 W, 26
2026/10/08 07:02:51.382, 0, 120 MHz, 3996 MHz, 186.41 W, 37
2026/10/08 07:02:51.382, 1, 120 MHz, 3996 MHz, 188.23 W, 39
2026/10/08 07:02:51.382, 2, 120 MHz, 3996 MHz, 186.05 W, 32
2026/10/08 07:02:51.382, 3, 120 MHz, 3996 MHz, 184.09 W, 32
2026/10/08 07:02:51.382, 4, 2032 MHz, 3996 MHz, 246.49 W, 38
2026/10/08 07:02:51.382, 5, 2032 MHz, 3996 MHz, 245.92 W, 36
2026/10/08 07:02:51.382, 6, 120 MHz, 3996 MHz, 184.83 W, 28
2026/10/08 07:02:51.382, 7, 120 MHz, 3996 MHz, 184.63 W, 26
2026/10/08 07:02:52.382, 0, 120 MHz, 3996 MHz, 186.41 W, 37
2026/10/08 07:02:52.382, 1, 120 MHz, 3996 MHz, 188.23 W, 39
2026/10/08 07:02:52.382, 2, 120 MHz, 3996 MHz, 186.05 W, 32
2026/10/08 07:02:52.382, 3, 120 MHz, 3996 MHz, 184.09 W, 31
2026/10/08 07:02:52.382, 4, 2032 MHz, 3996 MHz, 247.75 W, 38
2026/10/08 07:02:52.382, 5, 2032 MHz, 3996 MHz, 237.93 W, 36
2026/10/08 07:02:52.382, 6, 120 MHz, 3996 MHz, 184.79 W, 28
2026/10/08 07:02:52.382, 7, 120 MHz, 3996 MHz, 184.61 W, 26
2026/10/08 07:02:53.383, 0, 120 MHz, 3996 MHz, 186.41 W, 37
2026/10/08 07:02:53.383, 1, 120 MHz, 3996 MHz, 188.23 W, 39
2026/10/08 07:02:53.383, 2, 120 MHz, 3996 MHz, 185.81 W, 31
2026/10/08 07:02:53.383, 3, 120 MHz, 3996 MHz, 184.09 W, 31
2026/10/08 07:02:53.383, 4, 2032 MHz, 3996 MHz, 248.37 W, 38
2026/10/08 07:02:53.383, 5, 2032 MHz, 3996 MHz, 237.25 W, 36
2026/10/08 07:02:53.383, 6, 120 MHz, 3996 MHz, 184.83 W, 28
2026/10/08 07:02:53.383, 7, 120 MHz, 3996 MHz, 184.60 W, 26
2026/10/08 07:02:54.383, 0, 120 MHz, 3996 MHz, 186.41 W, 37
2026/10/08 07:02:54.383, 1, 120 MHz, 3996 MHz, 188.23 W, 39
2026/10/08 07:02:54.383, 2, 120 MHz, 3996 MHz, 185.66 W, 31
2026/10/08 07:02:54.383, 3, 120 MHz, 3996 MHz, 184.09 W, 31
2026/10/08 07:02:54.383, 4, 2032 MHz, 3996 MHz, 245.27 W, 38
2026/10/08 07:02:54.383, 5, 2032 MHz, 3996 MHz, 237.02 W, 36
2026/10/08 07:02:54.383, 6, 120 MHz, 3996 MHz, 184.76 W, 28
2026/10/08 07:02:54.383, 7, 120 MHz, 3996 MHz, 184.62 W, 26
2026/10/08 07:02:55.383, 0, 120 MHz, 3996 MHz, 186.41 W, 37
2026/10/08 07:02:55.383, 1, 120 MHz, 3996 MHz, 188.23 W, 39
2026/10/08 07:02:55.383, 2, 120 MHz, 3996 MHz, 185.50 W, 31
2026/10/08 07:02:55.383, 3, 120 MHz, 3996 MHz, 184.09 W, 31
2026/10/08 07:02:55.383, 4, 2032 MHz, 3996 MHz, 245.02 W, 38
2026/10/08 07:02:55.383, 5, 2032 MHz, 3996 MHz, 237.22 W, 36
2026/10/08 07:02:55.383, 6, 120 MHz, 3996 MHz, 184.79 W, 27
2026/10/08 07:02:55.383, 7, 120 MHz, 3996 MHz, 184.62 W, 26
2026/10/08 07:02:56.384, 0, 120 MHz, 3996 MHz, 186.41 W, 36
2026/10/08 07:02:56.384, 1, 120 MHz, 3996 MHz, 188.23 W, 39
2026/10/08 07:02:56.384, 2, 120 MHz, 3996 MHz, 185.70 W, 31
2026/10/08 07:02:56.384, 3, 120 MHz, 3996 MHz, 184.09 W, 31
2026/10/08 07:02:56.384, 4, 2032 MHz, 3996 MHz, 244.80 W, 37
2026/10/08 07:02:56.384, 5, 2032 MHz, 3996 MHz, 237.01 W, 35
2026/10/08 07:02:56.384, 6, 120 MHz, 3996 MHz, 184.79 W, 27
2026/10/08 07:02:56.384, 7, 120 MHz, 3996 MHz, 184.63 W, 26
2026/10/08 07:02:57.384, 0, 120 MHz, 3996 MHz, 186.41 W, 36
2026/10/08 07:02:57.384, 1, 120 MHz, 3996 MHz, 188.23 W, 38
2026/10/08 07:02:57.384, 2, 120 MHz, 3996 MHz, 185.54 W, 31
2026/10/08 07:02:57.384, 3, 120 MHz, 3996 MHz, 184.05 W, 31
2026/10/08 07:02:57.384, 4, 2032 MHz, 3996 MHz, 244.38 W, 37
2026/10/08 07:02:57.384, 5, 2032 MHz, 3996 MHz, 236.99 W, 35
2026/10/08 07:02:57.384, 6, 120 MHz, 3996 MHz, 184.75 W, 27
2026/10/08 07:02:57.384, 7, 120 MHz, 3996 MHz, 184.66 W, 26
2026/10/08 07:02:58.384, 0, 120 MHz, 3996 MHz, 186.41 W, 36
2026/10/08 07:02:58.384, 1, 120 MHz, 3996 MHz, 188.23 W, 38
2026/10/08 07:02:58.384, 2, 120 MHz, 3996 MHz, 185.20 W, 31
2026/10/08 07:02:58.384, 3, 120 MHz, 3996 MHz, 184.09 W, 31
2026/10/08 07:02:58.384, 4, 2032 MHz, 3996 MHz, 244.68 W, 37
2026/10/08 07:02:58.384, 5, 2032 MHz, 3996 MHz, 237.09 W, 35
2026/10/08 07:02:58.385, 6, 120 MHz, 3996 MHz, 184.75 W, 27
2026/10/08 07:02:58.385, 7, 120 MHz, 3996 MHz, 184.64 W, 26
2026/10/08 07:02:59.385, 0, 120 MHz, 3996 MHz, 186.41 W, 36
2026/10/08 07:02:59.385, 1, 120 MHz, 3996 MHz, 188.23 W, 38
2026/10/08 07:02:59.385, 2, 120 MHz, 3996 MHz, 185.44 W, 31
2026/10/08 07:02:59.385, 3, 2032 MHz, 3996 MHz, 227.88 W, 32
2026/10/08 07:02:59.385, 4, 2032 MHz, 3996 MHz, 244.38 W, 37
2026/10/08 07:02:59.385, 5, 2032 MHz, 3996 MHz, 237.09 W, 35
2026/10/08 07:02:59.385, 6, 120 MHz, 3996 MHz, 184.64 W, 27
2026/10/08 07:02:59.385, 7, 120 MHz, 3996 MHz, 184.62 W, 26
2026/10/08 07:03:00.385, 0, 120 MHz, 3996 MHz, 186.41 W, 36
2026/10/08 07:03:00.385, 1, 120 MHz, 3996 MHz, 188.23 W, 38
2026/10/08 07:03:00.385, 2, 120 MHz, 3996 MHz, 185.34 W, 31
2026/10/08 07:03:00.385, 3, 2032 MHz, 3996 MHz, 236.31 W, 32
2026/10/08 07:03:00.385, 4, 2032 MHz, 3996 MHz, 244.45 W, 37
2026/10/08 07:03:00.385, 5, 2032 MHz, 3996 MHz, 237.19 W, 35
2026/10/08 07:03:00.385, 6, 120 MHz, 3996 MHz, 184.79 W, 27
2026/10/08 07:03:00.385, 7, 120 MHz, 3996 MHz, 184.60 W, 26
2026/10/08 07:03:01.385, 0, 120 MHz, 3996 MHz, 186.41 W, 36
2026/10/08 07:03:01.386, 1, 120 MHz, 3996 MHz, 188.23 W, 38
2026/10/08 07:03:01.386, 2, 120 MHz, 3996 MHz, 185.04 W, 31
2026/10/08 07:03:01.386, 3, 2032 MHz, 3996 MHz, 236.07 W, 32
2026/10/08 07:03:01.386, 4, 2032 MHz, 3996 MHz, 244.38 W, 37
2026/10/08 07:03:01.386, 5, 2032 MHz, 3996 MHz, 236.95 W, 35
2026/10/08 07:03:01.386, 6, 120 MHz, 3996 MHz, 184.76 W, 27
2026/10/08 07:03:01.386, 7, 120 MHz, 3996 MHz, 184.60 W, 26
2026/10/08 07:03:02.386, 0, 120 MHz, 3996 MHz, 186.41 W, 36
2026/10/08 07:03:02.386, 1, 120 MHz, 3996 MHz, 188.23 W, 38
2026/10/08 07:03:02.386, 2, 120 MHz, 3996 MHz, 185.35 W, 31
2026/10/08 07:03:02.386, 3, 2032 MHz, 3996 MHz, 237.23 W, 32
2026/10/08 07:03:02.386, 4, 2032 MHz, 3996 MHz, 244.38 W, 37
2026/10/08 07:03:02.386, 5, 2032 MHz, 3996 MHz, 236.98 W, 35
2026/10/08 07:03:02.386, 6, 120 MHz, 3996 MHz, 184.71 W, 27
2026/10/08 07:03:02.386, 7, 120 MHz, 3996 MHz, 184.61 W, 26
2026/10/08 07:03:03.386, 0, 120 MHz, 3996 MHz, 186.37 W, 36
2026/10/08 07:03:03.386, 1, 120 MHz, 3996 MHz, 188.23 W, 38
2026/10/08 07:03:03.386, 2, 120 MHz, 3996 MHz, 185.10 W, 30
2026/10/08 07:03:03.386, 3, 2032 MHz, 3996 MHz, 237.12 W, 32
2026/10/08 07:03:03.386, 4, 2032 MHz, 3996 MHz, 244.34 W, 37
2026/10/08 07:03:03.386, 5, 2032 MHz, 3996 MHz, 237.17 W, 35
2026/10/08 07:03:03.386, 6, 120 MHz, 3996 MHz, 184.48 W, 27
2026/10/08 07:03:03.386, 7, 120 MHz, 3996 MHz, 184.64 W, 26
2026/10/08 07:03:04.386, 0, 120 MHz, 3996 MHz, 186.41 W, 36
2026/10/08 07:03:04.386, 1, 120 MHz, 3996 MHz, 188.23 W, 38
2026/10/08 07:03:04.386, 2, 120 MHz, 3996 MHz, 185.05 W, 30
2026/10/08 07:03:04.387, 3, 2032 MHz, 3996 MHz, 237.43 W, 32
2026/10/08 07:03:04.387, 4, 2032 MHz, 3996 MHz, 244.61 W, 37
2026/10/08 07:03:04.387, 5, 2032 MHz, 3996 MHz, 237.20 W, 35
2026/10/08 07:03:04.387, 6, 120 MHz, 3996 MHz, 184.72 W, 27
2026/10/08 07:03:04.387, 7, 120 MHz, 3996 MHz, 184.59 W, 26
2026/10/08 07:03:05.387, 0, 120 MHz, 3996 MHz, 186.37 W, 36
2026/10/08 07:03:05.387, 1, 120 MHz, 3996 MHz, 188.23 W, 38
2026/10/08 07:03:05.387, 2, 120 MHz, 3996 MHz, 184.66 W, 30
2026/10/08 07:03:05.387, 3, 2032 MHz, 3996 MHz, 254.68 W, 32
2026/10/08 07:03:05.387, 4, 2032 MHz, 3996 MHz, 244.60 W, 37
2026/10/08 07:03:05.387, 5, 2032 MHz, 3996 MHz, 236.87 W, 35
2026/10/08 07:03:05.387, 6, 120 MHz, 3996 MHz, 184.68 W, 27
2026/10/08 07:03:05.387, 7, 120 MHz, 3996 MHz, 184.61 W, 26
2026/10/08 07:03:06.387, 0, 120 MHz, 3996 MHz, 186.25 W, 36
2026/10/08 07:03:06.387, 1, 120 MHz, 3996 MHz, 188.23 W, 38
2026/10/08 07:03:06.387, 2, 120 MHz, 3996 MHz, 184.60 W, 30
2026/10/08 07:03:06.387, 3, 2032 MHz, 3996 MHz, 273.09 W, 32
2026/10/08 07:03:06.387, 4, 2032 MHz, 3996 MHz, 244.86 W, 37
2026/10/08 07:03:06.387, 5, 2032 MHz, 3996 MHz, 244.96 W, 35
2026/10/08 07:03:06.387, 6, 120 MHz, 3996 MHz, 184.75 W, 27
2026/10/08 07:03:06.387, 7, 120 MHz, 3996 MHz, 184.60 W, 26
2026/10/08 07:03:07.388, 0, 120 MHz, 3996 MHz, 186.25 W, 36
2026/10/08 07:03:07.388, 1, 120 MHz, 3996 MHz, 188.23 W, 38
2026/10/08 07:03:07.388, 2, 120 MHz, 3996 MHz, 184.28 W, 30
2026/10/08 07:03:07.388, 3, 2032 MHz, 3996 MHz, 236.85 W, 32
2026/10/08 07:03:07.388, 4, 2032 MHz, 3996 MHz, 258.90 W, 37
2026/10/08 07:03:07.388, 5, 2032 MHz, 3996 MHz, 236.59 W, 35
2026/10/08 07:03:07.388, 6, 120 MHz, 3996 MHz, 184.72 W, 27
2026/10/08 07:03:07.388, 7, 120 MHz, 3996 MHz, 184.61 W, 26
2026/10/08 07:03:08.388, 0, 120 MHz, 3996 MHz, 186.29 W, 36
2026/10/08 07:03:08.388, 1, 120 MHz, 3996 MHz, 188.23 W, 38
2026/10/08 07:03:08.388, 2, 2032 MHz, 3996 MHz, 202.10 W, 31
2026/10/08 07:03:08.388, 3, 2032 MHz, 3996 MHz, 252.64 W, 32
2026/10/08 07:03:08.388, 4, 2032 MHz, 3996 MHz, 244.34 W, 37
2026/10/08 07:03:08.388, 5, 2032 MHz, 3996 MHz, 236.58 W, 35
2026/10/08 07:03:08.388, 6, 120 MHz, 3996 MHz, 184.76 W, 27
2026/10/08 07:03:08.388, 7, 120 MHz, 3996 MHz, 184.65 W, 26
2026/10/08 07:03:09.388, 0, 120 MHz, 3996 MHz, 186.21 W, 36
2026/10/08 07:03:09.388, 1, 120 MHz, 3996 MHz, 188.19 W, 38
2026/10/08 07:03:09.388, 2, 2032 MHz, 3996 MHz, 235.31 W, 31
2026/10/08 07:03:09.388, 3, 2032 MHz, 3996 MHz, 246.72 W, 32
2026/10/08 07:03:09.388, 4, 2032 MHz, 3996 MHz, 244.34 W, 37
2026/10/08 07:03:09.388, 5, 2032 MHz, 3996 MHz, 236.49 W, 35
2026/10/08 07:03:09.389, 6, 120 MHz, 3996 MHz, 184.64 W, 27
2026/10/08 07:03:09.389, 7, 120 MHz, 3996 MHz, 184.64 W, 26
2026/10/08 07:03:10.389, 0, 120 MHz, 3996 MHz, 185.76 W, 36
2026/10/08 07:03:10.389, 1, 120 MHz, 3996 MHz, 188.23 W, 38
2026/10/08 07:03:10.389, 2, 2032 MHz, 3996 MHz, 234.71 W, 31
2026/10/08 07:03:10.389, 3, 2032 MHz, 3996 MHz, 254.96 W, 32
2026/10/08 07:03:10.389, 4, 2032 MHz, 3996 MHz, 244.34 W, 37
2026/10/08 07:03:10.389, 5, 2032 MHz, 3996 MHz, 236.52 W, 35
2026/10/08 07:03:10.389, 6, 120 MHz, 3996 MHz, 184.72 W, 27
2026/10/08 07:03:10.389, 7, 120 MHz, 3996 MHz, 184.62 W, 26
2026/10/08 07:03:11.389, 0, 120 MHz, 3996 MHz, 185.80 W, 35
2026/10/08 07:03:11.389, 1, 120 MHz, 3996 MHz, 188.23 W, 38
2026/10/08 07:03:11.389, 2, 2032 MHz, 3996 MHz, 234.89 W, 31
2026/10/08 07:03:11.389, 3, 2032 MHz, 3996 MHz, 245.09 W, 31
2026/10/08 07:03:11.389, 4, 2032 MHz, 3996 MHz, 244.34 W, 37
2026/10/08 07:03:11.389, 5, 2032 MHz, 3996 MHz, 236.53 W, 35
2026/10/08 07:03:11.389, 6, 120 MHz, 3996 MHz, 184.75 W, 27
2026/10/08 07:03:11.389, 7, 120 MHz, 3996 MHz, 184.62 W, 26
2026/10/08 07:03:12.389, 0, 120 MHz, 3996 MHz, 186.22 W, 35
2026/10/08 07:03:12.389, 1, 120 MHz, 3996 MHz, 188.19 W, 38
2026/10/08 07:03:12.389, 2, 2032 MHz, 3996 MHz, 235.50 W, 31
2026/10/08 07:03:12.389, 3, 2032 MHz, 3996 MHz, 240.01 W, 31
2026/10/08 07:03:12.389, 4, 1365 MHz, 3996 MHz, 355.72 W, 47
2026/10/08 07:03:12.389, 5, 2032 MHz, 3996 MHz, 236.19 W, 35
2026/10/08 07:03:12.389, 6, 120 MHz, 3996 MHz, 184.68 W, 27
2026/10/08 07:03:12.390, 7, 120 MHz, 3996 MHz, 184.59 W, 26
2026/10/08 07:03:13.390, 0, 120 MHz, 3996 MHz, 186.41 W, 35
2026/10/08 07:03:13.390, 1, 120 MHz, 3996 MHz, 188.19 W, 38
2026/10/08 07:03:13.390, 2, 2032 MHz, 3996 MHz, 235.85 W, 31
2026/10/08 07:03:13.390, 3, 2032 MHz, 3996 MHz, 243.35 W, 31
2026/10/08 07:03:13.390, 4, 2032 MHz, 3996 MHz, 491.64 W, 39
2026/10/08 07:03:13.390, 5, 2032 MHz, 3996 MHz, 577.39 W, 39
2026/10/08 07:03:13.390, 6, 120 MHz, 3996 MHz, 184.75 W, 27
2026/10/08 07:03:13.390, 7, 120 MHz, 3996 MHz, 184.65 W, 26
2026/10/08 07:03:14.390, 0, 120 MHz, 3996 MHz, 186.41 W, 35
2026/10/08 07:03:14.390, 1, 120 MHz, 3996 MHz, 188.03 W, 37
2026/10/08 07:03:14.390, 2, 2032 MHz, 3996 MHz, 236.66 W, 31
2026/10/08 07:03:14.390, 3, 2032 MHz, 3996 MHz, 236.66 W, 31
2026/10/08 07:03:14.390, 4, 2032 MHz, 3996 MHz, 551.43 W, 43
2026/10/08 07:03:14.390, 5, 1695 MHz, 3996 MHz, 358.70 W, 44
2026/10/08 07:03:14.390, 6, 120 MHz, 3996 MHz, 184.64 W, 27
2026/10/08 07:03:14.390, 7, 120 MHz, 3996 MHz, 184.64 W, 26
2026/10/08 07:03:15.390, 0, 120 MHz, 3996 MHz, 186.41 W, 35
2026/10/08 07:03:15.390, 1, 120 MHz, 3996 MHz, 188.15 W, 37
2026/10/08 07:03:15.390, 2, 2032 MHz, 3996 MHz, 236.62 W, 31
2026/10/08 07:03:15.390, 3, 2032 MHz, 3996 MHz, 236.66 W, 31
2026/10/08 07:03:15.390, 4, 2032 MHz, 3996 MHz, 707.90 W, 44
2026/10/08 07:03:15.390, 5, 2032 MHz, 3996 MHz, 670.38 W, 42
2026/10/08 07:03:15.390, 6, 120 MHz, 3996 MHz, 184.83 W, 27
2026/10/08 07:03:15.390, 7, 120 MHz, 3996 MHz, 184.65 W, 26
2026/10/08 07:03:16.391, 0, 120 MHz, 3996 MHz, 186.41 W, 35
2026/10/08 07:03:16.391, 1, 120 MHz, 3996 MHz, 188.03 W, 37
2026/10/08 07:03:16.391, 2, 2032 MHz, 3996 MHz, 260.85 W, 31
2026/10/08 07:03:16.391, 3, 2032 MHz, 3996 MHz, 236.57 W, 31
2026/10/08 07:03:16.391, 4, 2032 MHz, 3996 MHz, 711.98 W, 45
2026/10/08 07:03:16.391, 5, 2032 MHz, 3996 MHz, 672.41 W, 42
2026/10/08 07:03:16.391, 6, 120 MHz, 3996 MHz, 184.72 W, 28
2026/10/08 07:03:16.391, 7, 120 MHz, 3996 MHz, 184.63 W, 26
2026/10/08 07:03:17.391, 0, 120 MHz, 3996 MHz, 186.41 W, 35
2026/10/08 07:03:17.391, 1, 120 MHz, 3996 MHz, 187.73 W, 37
2026/10/08 07:03:17.391, 2, 2032 MHz, 3996 MHz, 267.31 W, 31
2026/10/08 07:03:17.391, 3, 2032 MHz, 3996 MHz, 236.63 W, 31
2026/10/08 07:03:17.391, 4, 2032 MHz, 3996 MHz, 758.83 W, 45
2026/10/08 07:03:17.391, 5, 2032 MHz, 3996 MHz, 723.47 W, 43
2026/10/08 07:03:17.391, 6, 120 MHz, 3996 MHz, 184.79 W, 28
2026/10/08 07:03:17.391, 7, 120 MHz, 3996 MHz, 184.64 W, 26
2026/10/08 07:03:18.391, 0, 120 MHz, 3996 MHz, 186.41 W, 35
2026/10/08 07:03:18.391, 1, 120 MHz, 3996 MHz, 187.54 W, 37
2026/10/08 07:03:18.391, 2, 2032 MHz, 3996 MHz, 264.37 W, 31
2026/10/08 07:03:18.391, 3, 2032 MHz, 3996 MHz, 236.52 W, 31
2026/10/08 07:03:18.391, 4, 2032 MHz, 3996 MHz, 710.27 W, 45
2026/10/08 07:03:18.391, 5, 2032 MHz, 3996 MHz, 670.88 W, 43
2026/10/08 07:03:18.391, 6, 120 MHz, 3996 MHz, 184.83 W, 28
2026/10/08 07:03:18.391, 7, 120 MHz, 3996 MHz, 184.64 W, 26
2026/10/08 07:03:19.392, 0, 120 MHz, 3996 MHz, 186.41 W, 35
2026/10/08 07:03:19.392, 1, 120 MHz, 3996 MHz, 187.49 W, 37
2026/10/08 07:03:19.392, 2, 2032 MHz, 3996 MHz, 261.54 W, 31
2026/10/08 07:03:19.392, 3, 2032 MHz, 3996 MHz, 236.56 W, 31
2026/10/08 07:03:19.392, 4, 1402 MHz, 3996 MHz, 756.84 W, 54
2026/10/08 07:03:19.392, 5, 2032 MHz, 3996 MHz, 676.48 W, 43
2026/10/08 07:03:19.392, 6, 120 MHz, 3996 MHz, 184.68 W, 28
2026/10/08 07:03:19.392, 7, 120 MHz, 3996 MHz, 184.62 W, 26
2026/10/08 07:03:20.392, 0, 120 MHz, 3996 MHz, 186.41 W, 35
2026/10/08 07:03:20.392, 1, 120 MHz, 3996 MHz, 187.39 W, 37
2026/10/08 07:03:20.392, 2, 2032 MHz, 3996 MHz, 241.84 W, 31
2026/10/08 07:03:20.392, 3, 2032 MHz, 3996 MHz, 236.64 W, 31
2026/10/08 07:03:20.392, 4, 2032 MHz, 3996 MHz, 726.35 W, 46
2026/10/08 07:03:20.392, 5, 2032 MHz, 3996 MHz, 730.19 W, 44
2026/10/08 07:03:20.392, 6, 120 MHz, 3996 MHz, 184.72 W, 28
2026/10/08 07:03:20.392, 7, 120 MHz, 3996 MHz, 184.59 W, 26
2026/10/08 07:03:21.392, 0, 120 MHz, 3996 MHz, 186.41 W, 35
2026/10/08 07:03:21.392, 1, 120 MHz, 3996 MHz, 187.43 W, 37
2026/10/08 07:03:21.392, 2, 2032 MHz, 3996 MHz, 241.86 W, 31
2026/10/08 07:03:21.392, 3, 2032 MHz, 3996 MHz, 236.63 W, 31
2026/10/08 07:03:21.392, 4, 2032 MHz, 3996 MHz, 710.62 W, 46
2026/10/08 07:03:21.392, 5, 2032 MHz, 3996 MHz, 672.98 W, 43
2026/10/08 07:03:21.392, 6, 120 MHz, 3996 MHz, 184.76 W, 28
2026/10/08 07:03:21.392, 7, 120 MHz, 3996 MHz, 184.61 W, 26
2026/10/08 07:03:22.392, 0, 120 MHz, 3996 MHz, 186.41 W, 35
2026/10/08 07:03:22.393, 1, 120 MHz, 3996 MHz, 187.37 W, 37
2026/10/08 07:03:22.393, 2, 2032 MHz, 3996 MHz, 236.66 W, 31
2026/10/08 07:03:22.393, 3, 2032 MHz, 3996 MHz, 236.58 W, 31
2026/10/08 07:03:22.393, 4, 2032 MHz, 3996 MHz, 770.00 W, 47
2026/10/08 07:03:22.393, 5, 2032 MHz, 3996 MHz, 674.70 W, 44
2026/10/08 07:03:22.393, 6, 120 MHz, 3996 MHz, 184.83 W, 28
2026/10/08 07:03:22.393, 7, 120 MHz, 3996 MHz, 184.63 W, 26
2026/10/08 07:03:23.393, 0, 120 MHz, 3996 MHz, 186.41 W, 35
2026/10/08 07:03:23.393, 1, 120 MHz, 3996 MHz, 187.12 W, 37
2026/10/08 07:03:23.393, 2, 2032 MHz, 3996 MHz, 236.66 W, 31
2026/10/08 07:03:23.393, 3, 2032 MHz, 3996 MHz, 236.66 W, 31
2026/10/08 07:03:23.393, 4, 2032 MHz, 3996 MHz, 710.79 W, 46
2026/10/08 07:03:23.393, 5, 2032 MHz, 3996 MHz, 725.15 W, 44
2026/10/08 07:03:23.393, 6, 120 MHz, 3996 MHz, 184.60 W, 28
2026/10/08 07:03:23.393, 7, 120 MHz, 3996 MHz, 184.61 W, 26
2026/10/08 07:03:24.393, 0, 120 MHz, 3996 MHz, 186.33 W, 35
2026/10/08 07:03:24.393, 1, 120 MHz, 3996 MHz, 186.99 W, 37
2026/10/08 07:03:24.393, 2, 2032 MHz, 3996 MHz, 236.61 W, 31
2026/10/08 07:03:24.393, 3, 2032 MHz, 3996 MHz, 236.62 W, 31
2026/10/08 07:03:24.393, 4, 2032 MHz, 3996 MHz, 712.20 W, 47
2026/10/08 07:03:24.393, 5, 2032 MHz, 3996 MHz, 673.10 W, 44
2026/10/08 07:03:24.393, 6, 120 MHz, 3996 MHz, 184.64 W, 28
2026/10/08 07:03:24.393, 7, 120 MHz, 3996 MHz, 184.60 W, 26
2026/10/08 07:03:25.393, 0, 120 MHz, 3996 MHz, 186.37 W, 35
2026/10/08 07:03:25.393, 1, 120 MHz, 3996 MHz, 186.78 W, 37
2026/10/08 07:03:25.393, 2, 2032 MHz, 3996 MHz, 236.65 W, 31
2026/10/08 07:03:25.393, 3, 2032 MHz, 3996 MHz, 236.96 W, 31
2026/10/08 07:03:25.393, 4, 2032 MHz, 3996 MHz, 762.70 W, 47
2026/10/08 07:03:25.393, 5, 2032 MHz, 3996 MHz, 674.55 W, 44
2026/10/08 07:03:25.393, 6, 120 MHz, 3996 MHz, 184.76 W, 28
2026/10/08 07:03:25.394, 7, 120 MHz, 3996 MHz, 184.60 W, 26
2026/10/08 07:03:26.394, 0, 120 MHz, 3996 MHz, 186.29 W, 35
2026/10/08 07:03:26.394, 1, 120 MHz, 3996 MHz, 186.79 W, 37
2026/10/08 07:03:26.394, 2, 2032 MHz, 3996 MHz, 236.47 W, 31
2026/10/08 07:03:26.394, 3, 2032 MHz, 3996 MHz, 245.90 W, 31
2026/10/08 07:03:26.394, 4, 2032 MHz, 3996 MHz, 711.14 W, 47
2026/10/08 07:03:26.394, 5, 2032 MHz, 3996 MHz, 732.27 W, 45
2026/10/08 07:03:26.394, 6, 120 MHz, 3996 MHz, 184.83 W, 28
2026/10/08 07:03:26.394, 7, 120 MHz, 3996 MHz, 184.64 W, 26
2026/10/08 07:03:27.394, 0, 120 MHz, 3996 MHz, 186.26 W, 35
2026/10/08 07:03:27.394, 1, 120 MHz, 3996 MHz, 186.70 W, 37
2026/10/08 07:03:27.394, 2, 2032 MHz, 3996 MHz, 236.58 W, 31
2026/10/08 07:03:27.394, 3, 2032 MHz, 3996 MHz, 236.66 W, 31
2026/10/08 07:03:27.394, 4, 2032 MHz, 3996 MHz, 713.36 W, 47
2026/10/08 07:03:27.394, 5, 2032 MHz, 3996 MHz, 677.48 W, 45
2026/10/08 07:03:27.394, 6, 120 MHz, 3996 MHz, 184.79 W, 28
2026/10/08 07:03:27.394, 7, 120 MHz, 3996 MHz, 184.61 W, 26
2026/10/08 07:03:28.394, 0, 120 MHz, 3996 MHz, 186.25 W, 35
2026/10/08 07:03:28.394, 1, 120 MHz, 3996 MHz, 186.36 W, 37
2026/10/08 07:03:28.394, 2, 2032 MHz, 3996 MHz, 236.54 W, 31
2026/10/08 07:03:28.394, 3, 2032 MHz, 3996 MHz, 236.54 W, 31
2026/10/08 07:03:28.394, 4, 2032 MHz, 3996 MHz, 756.18 W, 47
2026/10/08 07:03:28.394, 5, 2032 MHz, 3996 MHz, 676.75 W, 45
2026/10/08 07:03:28.394, 6, 120 MHz, 3996 MHz, 184.75 W, 28
2026/10/08 07:03:28.394, 7, 120 MHz, 3996 MHz, 184.62 W, 27
2026/10/08 07:03:29.394, 0, 120 MHz, 3996 MHz, 186.07 W, 35
2026/10/08 07:03:29.395, 1, 120 MHz, 3996 MHz, 186.48 W, 37
2026/10/08 07:03:29.395, 2, 2032 MHz, 3996 MHz, 236.54 W, 31
2026/10/08 07:03:29.395, 3, 2032 MHz, 3996 MHz, 236.54 W, 31
2026/10/08 07:03:29.395, 4, 2032 MHz, 3996 MHz, 716.28 W, 48
2026/10/08 07:03:29.395, 5, 2032 MHz, 3996 MHz, 721.06 W, 45
2026/10/08 07:03:29.395, 6, 120 MHz, 3996 MHz, 184.83 W, 28
2026/10/08 07:03:29.395, 7, 120 MHz, 3996 MHz, 184.63 W, 27
2026/10/08 07:03:30.395, 0, 120 MHz, 3996 MHz, 185.76 W, 34
2026/10/08 07:03:30.395, 1, 120 MHz, 3996 MHz, 186.56 W, 37
2026/10/08 07:03:30.395, 2, 2032 MHz, 3996 MHz, 236.50 W, 31
2026/10/08 07:03:30.395, 3, 2032 MHz, 3996 MHz, 236.66 W, 31
2026/10/08 07:03:30.395, 4, 1455 MHz, 3996 MHz, 762.75 W, 56
2026/10/08 07:03:30.395, 5, 2032 MHz, 3996 MHz, 677.74 W, 45
2026/10/08 07:03:30.395, 6, 120 MHz, 3996 MHz, 184.83 W, 28
2026/10/08 07:03:30.395, 7, 120 MHz, 3996 MHz, 184.65 W, 27
2026/10/08 07:03:31.395, 0, 120 MHz, 3996 MHz, 185.98 W, 34
2026/10/08 07:03:31.395, 1, 120 MHz, 3996 MHz, 186.40 W, 37
2026/10/08 07:03:31.395, 2, 2032 MHz, 3996 MHz, 236.27 W, 31
2026/10/08 07:03:31.395, 3, 2032 MHz, 3996 MHz, 236.62 W, 31
2026/10/08 07:03:31.395, 4, 2032 MHz, 3996 MHz, 705.95 W, 48
2026/10/08 07:03:31.395, 5, 2032 MHz, 3996 MHz, 693.22 W, 49
2026/10/08 07:03:31.395, 6, 120 MHz, 3996 MHz, 184.83 W, 28
2026/10/08 07:03:31.395, 7, 120 MHz, 3996 MHz, 184.64 W, 27
2026/10/08 07:03:32.395, 0, 120 MHz, 3996 MHz, 185.71 W, 34
2026/10/08 07:03:32.395, 1, 120 MHz, 3996 MHz, 186.29 W, 37
2026/10/08 07:03:32.395, 2, 2032 MHz, 3996 MHz, 236.38 W, 31
2026/10/08 07:03:32.395, 3, 2032 MHz, 3996 MHz, 236.58 W, 31
2026/10/08 07:03:32.395, 4, 2032 MHz, 3996 MHz, 716.04 W, 48
2026/10/08 07:03:32.395, 5, 2032 MHz, 3996 MHz, 737.27 W, 45
2026/10/08 07:03:32.395, 6, 120 MHz, 3996 MHz, 184.83 W, 28
2026/10/08 07:03:32.395, 7, 120 MHz, 3996 MHz, 184.65 W, 27
2026/10/08 07:03:33.396, 0, 120 MHz, 3996 MHz, 185.53 W, 34
2026/10/08 07:03:33.396, 1, 120 MHz, 3996 MHz, 186.32 W, 37
2026/10/08 07:03:33.396, 2, 2032 MHz, 3996 MHz, 236.46 W, 31
2026/10/08 07:03:33.396, 3, 2032 MHz, 3996 MHz, 236.62 W, 31
2026/10/08 07:03:33.396, 4, 2032 MHz, 3996 MHz, 758.46 W, 49
2026/10/08 07:03:33.396, 5, 2032 MHz, 3996 MHz, 676.68 W, 45
2026/10/08 07:03:33.396, 6, 120 MHz, 3996 MHz, 184.83 W, 28
2026/10/08 07:03:33.396, 7, 120 MHz, 3996 MHz, 184.61 W, 27
2026/10/08 07:03:34.396, 0, 120 MHz, 3996 MHz, 185.64 W, 34
2026/10/08 07:03:34.396, 1, 120 MHz, 3996 MHz, 186.60 W, 37
2026/10/08 07:03:34.396, 2, 2032 MHz, 3996 MHz, 246.18 W, 31
2026/10/08 07:03:34.396, 3, 2032 MHz, 3996 MHz, 236.52 W, 31
2026/10/08 07:03:34.396, 4, 2032 MHz, 3996 MHz, 713.23 W, 48
2026/10/08 07:03:34.396, 5, 1882 MHz, 3996 MHz, 727.16 W, 48
2026/10/08 07:03:34.396, 6, 120 MHz, 3996 MHz, 184.83 W, 28
2026/10/08 07:03:34.396, 7, 120 MHz, 3996 MHz, 184.65 W, 27
2026/10/08 07:03:35.396, 0, 120 MHz, 3996 MHz, 185.65 W, 34
2026/10/08 07:03:35.396, 1, 120 MHz, 3996 MHz, 186.29 W, 36
2026/10/08 07:03:35.396, 2, 2032 MHz, 3996 MHz, 236.66 W, 31
2026/10/08 07:03:35.396, 3, 2032 MHz, 3996 MHz, 236.54 W, 31
2026/10/08 07:03:35.396, 4, 2032 MHz, 3996 MHz, 714.68 W, 48
2026/10/08 07:03:35.396, 5, 2032 MHz, 3996 MHz, 670.58 W, 46
2026/10/08 07:03:35.396, 6, 120 MHz, 3996 MHz, 184.83 W, 28
2026/10/08 07:03:35.396, 7, 120 MHz, 3996 MHz, 184.63 W, 27
2026/10/08 07:03:36.396, 0, 120 MHz, 3996 MHz, 185.59 W, 34
2026/10/08 07:03:36.397, 1, 120 MHz, 3996 MHz, 186.29 W, 36
2026/10/08 07:03:36.397, 2, 2032 MHz, 3996 MHz, 243.08 W, 31
2026/10/08 07:03:36.397, 3, 2032 MHz, 3996 MHz, 236.52 W, 31
2026/10/08 07:03:36.397, 4, 2032 MHz, 3996 MHz, 760.55 W, 49
2026/10/08 07:03:36.397, 5, 2032 MHz, 3996 MHz, 676.79 W, 46
2026/10/08 07:03:36.397, 6, 120 MHz, 3996 MHz, 184.83 W, 28
2026/10/08 07:03:36.397, 7, 120 MHz, 3996 MHz, 184.60 W, 27
2026/10/08 07:03:37.397, 0, 120 MHz, 3996 MHz, 185.19 W, 34
2026/10/08 07:03:37.397, 1, 120 MHz, 3996 MHz, 186.29 W, 36
2026/10/08 07:03:37.397, 2, 2032 MHz, 3996 MHz, 235.41 W, 31
2026/10/08 07:03:37.397, 3, 2032 MHz, 3996 MHz, 242.01 W, 31
2026/10/08 07:03:37.397, 4, 2032 MHz, 3996 MHz, 715.26 W, 49
2026/10/08 07:03:37.397, 5, 2032 MHz, 3996 MHz, 723.69 W, 47
2026/10/08 07:03:37.397, 6, 120 MHz, 3996 MHz, 184.83 W, 28
2026/10/08 07:03:37.397, 7, 120 MHz, 3996 MHz, 184.60 W, 27
2026/10/08 07:03:38.397, 0, 120 MHz, 3996 MHz, 185.57 W, 34
2026/10/08 07:03:38.397, 1, 120 MHz, 3996 MHz, 186.29 W, 36
2026/10/08 07:03:38.397, 2, 2032 MHz, 3996 MHz, 235.05 W, 31
2026/10/08 07:03:38.397, 3, 2032 MHz, 3996 MHz, 236.16 W, 31
2026/10/08 07:03:38.397, 4, 2032 MHz, 3996 MHz, 718.28 W, 49
2026/10/08 07:03:38.397, 5, 2032 MHz, 3996 MHz, 676.62 W, 46
2026/10/08 07:03:38.397, 6, 120 MHz, 3996 MHz, 184.83 W, 28
2026/10/08 07:03:38.397, 7, 120 MHz, 3996 MHz, 184.60 W, 27
2026/10/08 07:03:39.397, 0, 120 MHz, 3996 MHz, 185.13 W, 34
2026/10/08 07:03:39.397, 1, 120 MHz, 3996 MHz, 186.29 W, 36
2026/10/08 07:03:39.397, 2, 2032 MHz, 3996 MHz, 234.82 W, 31
2026/10/08 07:03:39.397, 3, 2032 MHz, 3996 MHz, 235.99 W, 31
2026/10/08 07:03:39.397, 4, 2032 MHz, 3996 MHz, 768.01 W, 49
2026/10/08 07:03:39.397, 5, 2032 MHz, 3996 MHz, 685.68 W, 46
2026/10/08 07:03:39.397, 6, 120 MHz, 3996 MHz, 184.83 W, 28
2026/10/08 07:03:39.398, 7, 120 MHz, 3996 MHz, 184.60 W, 27
2026/10/08 07:03:40.398, 0, 120 MHz, 3996 MHz, 184.96 W, 34
2026/10/08 07:03:40.398, 1, 120 MHz, 3996 MHz, 186.32 W, 36
2026/10/08 07:03:40.398, 2, 2032 MHz, 3996 MHz, 234.86 W, 31
2026/10/08 07:03:40.398, 3, 2032 MHz, 3996 MHz, 235.68 W, 31
2026/10/08 07:03:40.398, 4, 2032 MHz, 3996 MHz, 716.57 W, 49
2026/10/08 07:03:40.398, 5, 2032 MHz, 3996 MHz, 726.10 W, 47
2026/10/08 07:03:40.398, 6, 120 MHz, 3996 MHz, 184.83 W, 28
2026/10/08 07:03:40.398, 7, 120 MHz, 3996 MHz, 184.61 W, 27
2026/10/08 07:03:41.398, 0, 120 MHz, 3996 MHz, 185.09 W, 34
2026/10/08 07:03:41.398, 1, 120 MHz, 3996 MHz, 186.29 W, 36
2026/10/08 07:03:41.398, 2, 2032 MHz, 3996 MHz, 235.01 W, 31
2026/10/08 07:03:41.398, 3, 2032 MHz, 3996 MHz, 235.74 W, 31
2026/10/08 07:03:41.398, 4, 1875 MHz, 3996 MHz, 759.24 W, 52
2026/10/08 07:03:41.398, 5, 2032 MHz, 3996 MHz, 677.45 W, 46
2026/10/08 07:03:41.398, 6, 120 MHz, 3996 MHz, 184.83 W, 28
2026/10/08 07:03:41.398, 7, 120 MHz, 3996 MHz, 184.62 W, 27
2026/10/08 07:03:42.398, 0, 120 MHz, 3996 MHz, 185.23 W, 34
2026/10/08 07:03:42.398, 1, 120 MHz, 3996 MHz, 186.32 W, 36
2026/10/08 07:03:42.398, 2, 2032 MHz, 3996 MHz, 235.21 W, 31
2026/10/08 07:03:42.398, 3, 2032 MHz, 3996 MHz, 236.23 W, 31
2026/10/08 07:03:42.398, 4, 2032 MHz, 3996 MHz, 713.42 W, 49
2026/10/08 07:03:42.398, 5, 2032 MHz, 3996 MHz, 676.96 W, 46
2026/10/08 07:03:42.398, 6, 120 MHz, 3996 MHz, 184.83 W, 28
2026/10/08 07:03:42.398, 7, 120 MHz, 3996 MHz, 184.59 W, 27
2026/10/08 07:03:43.398, 0, 120 MHz, 3996 MHz, 184.97 W, 34
2026/10/08 07:03:43.399, 1, 120 MHz, 3996 MHz, 186.29 W, 36
2026/10/08 07:03:43.399, 2, 2032 MHz, 3996 MHz, 588.76 W, 36
2026/10/08 07:03:43.399, 3, 2032 MHz, 3996 MHz, 235.55 W, 31
2026/10/08 07:03:43.399, 4, 2032 MHz, 3996 MHz, 719.17 W, 49
2026/10/08 07:03:43.399, 5, 2032 MHz, 3996 MHz, 725.67 W, 47
2026/10/08 07:03:43.399, 6, 120 MHz, 3996 MHz, 184.83 W, 28
2026/10/08 07:03:43.399, 7, 120 MHz, 3996 MHz, 184.60 W, 27
2026/10/08 07:03:44.399, 0, 120 MHz, 3996 MHz, 184.85 W, 34
2026/10/08 07:03:44.399, 1, 120 MHz, 3996 MHz, 186.29 W, 36
2026/10/08 07:03:44.399, 2, 2032 MHz, 3996 MHz, 287.64 W, 32
2026/10/08 07:03:44.399, 3, 2032 MHz, 3996 MHz, 556.91 W, 40
2026/10/08 07:03:44.399, 4, 2032 MHz, 3996 MHz, 764.34 W, 50
2026/10/08 07:03:44.399, 5, 2032 MHz, 3996 MHz, 679.58 W, 47
2026/10/08 07:03:44.399, 6, 120 MHz, 3996 MHz, 184.83 W, 28
2026/10/08 07:03:44.399, 7, 120 MHz, 3996 MHz, 184.60 W, 27
2026/10/08 07:03:45.399, 0, 120 MHz, 3996 MHz, 184.84 W, 34
2026/10/08 07:03:45.399, 1, 120 MHz, 3996 MHz, 186.29 W, 36
2026/10/08 07:03:45.399, 2, 2032 MHz, 3996 MHz, 680.24 W, 37
2026/10/08 07:03:45.399, 3, 2032 MHz, 3996 MHz, 276.37 W, 32
2026/10/08 07:03:45.399, 4, 2032 MHz, 3996 MHz, 714.89 W, 50
2026/10/08 07:03:45.399, 5, 2032 MHz, 3996 MHz, 678.99 W, 47
2026/10/08 07:03:45.399, 6, 120 MHz, 3996 MHz, 184.83 W, 28
2026/10/08 07:03:45.399, 7, 120 MHz, 3996 MHz, 184.61 W, 27
2026/10/08 07:03:46.399, 0, 120 MHz, 3996 MHz, 184.96 W, 34
2026/10/08 07:03:46.399, 1, 120 MHz, 3996 MHz, 186.29 W, 36
2026/10/08 07:03:46.399, 2, 2032 MHz, 3996 MHz, 676.38 W, 38
2026/10/08 07:03:46.399, 3, 2032 MHz, 3996 MHz, 636.44 W, 37
2026/10/08 07:03:46.399, 4, 2032 MHz, 3996 MHz, 716.16 W, 50
2026/10/08 07:03:46.399, 5, 2032 MHz, 3996 MHz, 729.61 W, 47
2026/10/08 07:03:46.399, 6, 120 MHz, 3996 MHz, 184.83 W, 28
2026/10/08 07:03:46.399, 7, 120 MHz, 3996 MHz, 184.62 W, 27
2026/10/08 07:03:47.400, 0, 120 MHz, 3996 MHz, 184.85 W, 34
2026/10/08 07:03:47.400, 1, 120 MHz, 3996 MHz, 186.29 W, 36
2026/10/08 07:03:47.400, 2, 2032 MHz, 3996 MHz, 697.64 W, 39
2026/10/08 07:03:47.400, 3, 2032 MHz, 3996 MHz, 652.28 W, 38
2026/10/08 07:03:47.400, 4, 2032 MHz, 3996 MHz, 761.55 W, 50
2026/10/08 07:03:47.400, 5, 2032 MHz, 3996 MHz, 678.76 W, 47
2026/10/08 07:03:47.400, 6, 120 MHz, 3996 MHz, 184.83 W, 28
2026/10/08 07:03:47.400, 7, 120 MHz, 3996 MHz, 184.62 W, 27
2026/10/08 07:03:48.400, 0, 120 MHz, 3996 MHz, 184.81 W, 34
2026/10/08 07:03:48.400, 1, 120 MHz, 3996 MHz, 186.29 W, 36
2026/10/08 07:03:48.400, 2, 2032 MHz, 3996 MHz, 679.41 W, 39
2026/10/08 07:03:48.400, 3, 2032 MHz, 3996 MHz, 680.58 W, 39
2026/10/08 07:03:48.400, 4, 2032 MHz, 3996 MHz, 716.43 W, 50
2026/10/08 07:03:48.400, 5, 2032 MHz, 3996 MHz, 679.40 W, 47
2026/10/08 07:03:48.400, 6, 120 MHz, 3996 MHz, 184.83 W, 28
2026/10/08 07:03:48.400, 7, 120 MHz, 3996 MHz, 184.61 W, 27
2026/10/08 07:03:49.400, 0, 120 MHz, 3996 MHz, 184.66 W, 34
2026/10/08 07:03:49.400, 1, 120 MHz, 3996 MHz, 186.29 W, 36
2026/10/08 07:03:49.400, 2, 1590 MHz, 3996 MHz, 700.41 W, 38
2026/10/08 07:03:49.400, 3, 2032 MHz, 3996 MHz, 657.03 W, 39
2026/10/08 07:03:49.400, 4, 2032 MHz, 3996 MHz, 716.38 W, 50
2026/10/08 07:03:49.400, 5, 2032 MHz, 3996 MHz, 732.66 W, 47
2026/10/08 07:03:49.400, 6, 120 MHz, 3996 MHz, 184.83 W, 28
2026/10/08 07:03:49.400, 7, 120 MHz, 3996 MHz, 184.61 W, 27
2026/10/08 07:03:50.400, 0, 120 MHz, 3996 MHz, 184.73 W, 34
2026/10/08 07:03:50.400, 1, 120 MHz, 3996 MHz, 186.29 W, 36
2026/10/08 07:03:50.400, 2, 2032 MHz, 3996 MHz, 681.13 W, 39
2026/10/08 07:03:50.400, 3, 2032 MHz, 3996 MHz, 656.58 W, 39
2026/10/08 07:03:50.400, 4, 2032 MHz, 3996 MHz, 763.67 W, 50
2026/10/08 07:03:50.401, 5, 2032 MHz, 3996 MHz, 678.31 W, 47
2026/10/08 07:03:50.401, 6, 120 MHz, 3996 MHz, 184.83 W, 28
2026/10/08 07:03:50.401, 7, 120 MHz, 3996 MHz, 184.62 W, 27
2026/10/08 07:03:51.401, 0, 120 MHz, 3996 MHz, 184.70 W, 34
2026/10/08 07:03:51.401, 1, 120 MHz, 3996 MHz, 186.29 W, 36
2026/10/08 07:03:51.401, 2, 2032 MHz, 3996 MHz, 681.54 W, 40
2026/10/08 07:03:51.401, 3, 2032 MHz, 3996 MHz, 675.21 W, 39
2026/10/08 07:03:51.401, 4, 2032 MHz, 3996 MHz, 716.28 W, 50
2026/10/08 07:03:51.401, 5, 2032 MHz, 3996 MHz, 679.46 W, 46
2026/10/08 07:03:51.401, 6, 120 MHz, 3996 MHz, 184.83 W, 28
2026/10/08 07:03:51.401, 7, 120 MHz, 3996 MHz, 184.62 W, 27
2026/10/08 07:03:52.401, 0, 120 MHz, 3996 MHz, 184.96 W, 34
2026/10/08 07:03:52.401, 1, 120 MHz, 3996 MHz, 186.29 W, 36
2026/10/08 07:03:52.401, 2, 2032 MHz, 3996 MHz, 693.94 W, 40
2026/10/08 07:03:52.401, 3, 2032 MHz, 3996 MHz, 654.97 W, 39
2026/10/08 07:03:52.401, 4, 1882 MHz, 3996 MHz, 755.66 W, 52
2026/10/08 07:03:52.401, 5, 2032 MHz, 3996 MHz, 732.81 W, 48
2026/10/08 07:03:52.401, 6, 120 MHz, 3996 MHz, 184.83 W, 29
2026/10/08 07:03:52.401, 7, 120 MHz, 3996 MHz, 184.62 W, 27
2026/10/08 07:03:53.401, 0, 120 MHz, 3996 MHz, 184.89 W, 34
2026/10/08 07:03:53.401, 1, 120 MHz, 3996 MHz, 186.29 W, 36
2026/10/08 07:03:53.401, 2, 2032 MHz, 3996 MHz, 677.97 W, 40
2026/10/08 07:03:53.401, 3, 1777 MHz, 3996 MHz, 678.63 W, 49
2026/10/08 07:03:53.401, 4, 2032 MHz, 3996 MHz, 714.81 W, 50
2026/10/08 07:03:53.401, 5, 2032 MHz, 3996 MHz, 682.38 W, 48
2026/10/08 07:03:53.401, 6, 120 MHz, 3996 MHz, 184.83 W, 29
2026/10/08 07:03:53.401, 7, 120 MHz, 3996 MHz, 184.60 W, 27
2026/10/08 07:03:54.402, 0, 120 MHz, 3996 MHz, 185.11 W, 34
2026/10/08 07:03:54.402, 1, 120 MHz, 3996 MHz, 186.29 W, 36
2026/10/08 07:03:54.402, 2, 1762 MHz, 3996 MHz, 707.43 W, 39
2026/10/08 07:03:54.402, 3, 2032 MHz, 3996 MHz, 654.79 W, 40
2026/10/08 07:03:54.402, 4, 2032 MHz, 3996 MHz, 716.76 W, 50
2026/10/08 07:03:54.402, 5, 1920 MHz, 3996 MHz, 731.58 W, 51
2026/10/08 07:03:54.402, 6, 120 MHz, 3996 MHz, 184.83 W, 29
2026/10/08 07:03:54.402, 7, 120 MHz, 3996 MHz, 184.60 W, 27
2026/10/08 07:03:55.402, 0, 120 MHz, 3996 MHz, 185.32 W, 34
2026/10/08 07:03:55.402, 1, 120 MHz, 3996 MHz, 186.29 W, 36
2026/10/08 07:03:55.402, 2, 2032 MHz, 3996 MHz, 691.80 W, 41
2026/10/08 07:03:55.402, 3, 2032 MHz, 3996 MHz, 658.48 W, 40
2026/10/08 07:03:55.402, 4, 2032 MHz, 3996 MHz, 762.59 W, 51
2026/10/08 07:03:55.402, 5, 2032 MHz, 3996 MHz, 679.66 W, 48
2026/10/08 07:03:55.402, 6, 120 MHz, 3996 MHz, 184.83 W, 29
2026/10/08 07:03:55.402, 7, 120 MHz, 3996 MHz, 184.60 W, 28
2026/10/08 07:03:56.402, 0, 120 MHz, 3996 MHz, 185.05 W, 34
2026/10/08 07:03:56.402, 1, 120 MHz, 3996 MHz, 186.29 W, 36
2026/10/08 07:03:56.402, 2, 2032 MHz, 3996 MHz, 680.27 W, 41
2026/10/08 07:03:56.402, 3, 2032 MHz, 3996 MHz, 676.70 W, 41
2026/10/08 07:03:56.402, 4, 2032 MHz, 3996 MHz, 718.83 W, 51
2026/10/08 07:03:56.402, 5, 2032 MHz, 3996 MHz, 681.52 W, 48
2026/10/08 07:03:56.402, 6, 120 MHz, 3996 MHz, 184.83 W, 29
2026/10/08 07:03:56.402, 7, 120 MHz, 3996 MHz, 184.62 W, 28
2026/10/08 07:03:57.402, 0, 120 MHz, 3996 MHz, 185.19 W, 34
2026/10/08 07:03:57.402, 1, 120 MHz, 3996 MHz, 186.29 W, 36
2026/10/08 07:03:57.402, 2, 2032 MHz, 3996 MHz, 706.22 W, 41
2026/10/08 07:03:57.402, 3, 2032 MHz, 3996 MHz, 663.47 W, 41
2026/10/08 07:03:57.402, 4, 2032 MHz, 3996 MHz, 718.70 W, 51
2026/10/08 07:03:57.402, 5, 2032 MHz, 3996 MHz, 734.65 W, 49
2026/10/08 07:03:57.403, 6, 120 MHz, 3996 MHz, 184.83 W, 29
2026/10/08 07:03:57.403, 7, 120 MHz, 3996 MHz, 184.61 W, 28
2026/10/08 07:03:58.403, 0, 120 MHz, 3996 MHz, 185.19 W, 34
2026/10/08 07:03:58.403, 1, 120 MHz, 3996 MHz, 186.29 W, 36
2026/10/08 07:03:58.403, 2, 2032 MHz, 3996 MHz, 681.19 W, 41
2026/10/08 07:03:58.403, 3, 2032 MHz, 3996 MHz, 657.22 W, 41
2026/10/08 07:03:58.403, 4, 2032 MHz, 3996 MHz, 756.63 W, 51
2026/10/08 07:03:58.403, 5, 2032 MHz, 3996 MHz, 682.28 W, 48
2026/10/08 07:03:58.403, 6, 120 MHz, 3996 MHz, 184.83 W, 29
2026/10/08 07:03:58.403, 7, 120 MHz, 3996 MHz, 184.62 W, 28
2026/10/08 07:03:59.403, 0, 120 MHz, 3996 MHz, 185.21 W, 34
2026/10/08 07:03:59.403, 1, 120 MHz, 3996 MHz, 186.29 W, 36
2026/10/08 07:03:59.403, 2, 2032 MHz, 3996 MHz, 710.78 W, 40
2026/10/08 07:03:59.403, 3, 2032 MHz, 3996 MHz, 686.99 W, 41
2026/10/08 07:03:59.403, 4, 2032 MHz, 3996 MHz, 718.02 W, 51
2026/10/08 07:03:59.403, 5, 2032 MHz, 3996 MHz, 682.18 W, 48
2026/10/08 07:03:59.403, 6, 120 MHz, 3996 MHz, 184.83 W, 29
2026/10/08 07:03:59.403, 7, 120 MHz, 3996 MHz, 184.63 W, 28
2026/10/08 07:04:00.403, 0, 120 MHz, 3996 MHz, 185.48 W, 34
2026/10/08 07:04:00.403, 1, 120 MHz, 3996 MHz, 186.32 W, 37
2026/10/08 07:04:00.403, 2, 2032 MHz, 3996 MHz, 691.56 W, 42
2026/10/08 07:04:00.403, 3, 2032 MHz, 3996 MHz, 657.62 W, 41
2026/10/08 07:04:00.403, 4, 2032 MHz, 3996 MHz, 718.31 W, 51
2026/10/08 07:04:00.403, 5, 2032 MHz, 3996 MHz, 732.16 W, 49
2026/10/08 07:04:00.403, 6, 120 MHz, 3996 MHz, 184.83 W, 29
2026/10/08 07:04:00.403, 7, 120 MHz, 3996 MHz, 184.62 W, 28
2026/10/08 07:04:01.404, 0, 120 MHz, 3996 MHz, 185.55 W, 34
2026/10/08 07:04:01.404, 1, 120 MHz, 3996 MHz, 186.32 W, 37
2026/10/08 07:04:01.404, 2, 2032 MHz, 3996 MHz, 683.85 W, 42
2026/10/08 07:04:01.404, 3, 2032 MHz, 3996 MHz, 685.07 W, 42
2026/10/08 07:04:01.404, 4, 2032 MHz, 3996 MHz, 763.69 W, 51
2026/10/08 07:04:01.404, 5, 2032 MHz, 3996 MHz, 679.57 W, 48
2026/10/08 07:04:01.404, 6, 120 MHz, 3996 MHz, 184.83 W, 29
2026/10/08 07:04:01.404, 7, 120 MHz, 3996 MHz, 184.60 W, 28
2026/10/08 07:04:02.404, 0, 120 MHz, 3996 MHz, 185.65 W, 34
2026/10/08 07:04:02.404, 1, 120 MHz, 3996 MHz, 186.32 W, 37
2026/10/08 07:04:02.404, 2, 2032 MHz, 3996 MHz, 705.31 W, 42
2026/10/08 07:04:02.404, 3, 2032 MHz, 3996 MHz, 658.35 W, 42
2026/10/08 07:04:02.404, 4, 2032 MHz, 3996 MHz, 717.66 W, 51
2026/10/08 07:04:02.404, 5, 2032 MHz, 3996 MHz, 683.27 W, 48
2026/10/08 07:04:02.404, 6, 120 MHz, 3996 MHz, 184.83 W, 29
2026/10/08 07:04:02.404, 7, 120 MHz, 3996 MHz, 184.60 W, 28
2026/10/08 07:04:03.404, 0, 120 MHz, 3996 MHz, 185.75 W, 35
2026/10/08 07:04:03.404, 1, 120 MHz, 3996 MHz, 186.32 W, 37
2026/10/08 07:04:03.404, 2, 2032 MHz, 3996 MHz, 684.04 W, 42
2026/10/08 07:04:03.404, 3, 2032 MHz, 3996 MHz, 660.84 W, 42
2026/10/08 07:04:03.404, 4, 1972 MHz, 3996 MHz, 767.92 W, 54
2026/10/08 07:04:03.404, 5, 2032 MHz, 3996 MHz, 731.66 W, 49
2026/10/08 07:04:03.404, 6, 120 MHz, 3996 MHz, 184.83 W, 29
2026/10/08 07:04:03.404, 7, 120 MHz, 3996 MHz, 184.59 W, 28
2026/10/08 07:04:04.404, 0, 120 MHz, 3996 MHz, 186.22 W, 35
2026/10/08 07:04:04.404, 1, 120 MHz, 3996 MHz, 186.44 W, 37
2026/10/08 07:04:04.404, 2, 1417 MHz, 3996 MHz, 706.87 W, 49
2026/10/08 07:04:04.405, 3, 2032 MHz, 3996 MHz, 682.34 W, 42
2026/10/08 07:04:04.405, 4, 2032 MHz, 3996 MHz, 718.57 W, 52
2026/10/08 07:04:04.405, 5, 2032 MHz, 3996 MHz, 680.67 W, 49
2026/10/08 07:04:04.405, 6, 120 MHz, 3996 MHz, 184.83 W, 29
2026/10/08 07:04:04.405, 7, 120 MHz, 3996 MHz, 184.60 W, 28
2026/10/08 07:04:05.405, 0, 120 MHz, 3996 MHz, 186.14 W, 35
2026/10/08 07:04:05.405, 1, 120 MHz, 3996 MHz, 186.56 W, 37
2026/10/08 07:04:05.405, 2, 2032 MHz, 3996 MHz, 676.62 W, 43
2026/10/08 07:04:05.405, 3, 2032 MHz, 3996 MHz, 658.17 W, 42
2026/10/08 07:04:05.405, 4, 2032 MHz, 3996 MHz, 721.00 W, 52
2026/10/08 07:04:05.405, 5, 2032 MHz, 3996 MHz, 681.20 W, 49
2026/10/08 07:04:05.405, 6, 120 MHz, 3996 MHz, 184.83 W, 29
2026/10/08 07:04:05.405, 7, 120 MHz, 3996 MHz, 184.60 W, 28
2026/10/08 07:04:06.405, 0, 120 MHz, 3996 MHz, 186.18 W, 35
2026/10/08 07:04:06.405, 1, 120 MHz, 3996 MHz, 186.60 W, 37
2026/10/08 07:04:06.405, 2, 2032 MHz, 3996 MHz, 682.88 W, 43
2026/10/08 07:04:06.405, 3, 1905 MHz, 3996 MHz, 686.63 W, 45
2026/10/08 07:04:06.405, 4, 2032 MHz, 3996 MHz, 766.82 W, 52
2026/10/08 07:04:06.405, 5, 2032 MHz, 3996 MHz, 728.51 W, 49
2026/10/08 07:04:06.405, 6, 120 MHz, 3996 MHz, 184.83 W, 29
2026/10/08 07:04:06.405, 7, 120 MHz, 3996 MHz, 184.62 W, 28
2026/10/08 07:04:07.405, 0, 120 MHz, 3996 MHz, 186.26 W, 35
2026/10/08 07:04:07.405, 1, 120 MHz, 3996 MHz, 186.71 W, 37
2026/10/08 07:04:07.405, 2, 2032 MHz, 3996 MHz, 703.19 W, 43
2026/10/08 07:04:07.405, 3, 2032 MHz, 3996 MHz, 658.99 W, 43
2026/10/08 07:04:07.405, 4, 2032 MHz, 3996 MHz, 718.62 W, 52
2026/10/08 07:04:07.405, 5, 2032 MHz, 3996 MHz, 681.11 W, 49
2026/10/08 07:04:07.405, 6, 120 MHz, 3996 MHz, 184.83 W, 29
2026/10/08 07:04:07.405, 7, 120 MHz, 3996 MHz, 184.61 W, 28
2026/10/08 07:04:08.406, 0, 120 MHz, 3996 MHz, 186.14 W, 35
2026/10/08 07:04:08.406, 1, 120 MHz, 3996 MHz, 187.47 W, 37
2026/10/08 07:04:08.406, 2, 2032 MHz, 3996 MHz, 686.10 W, 43
2026/10/08 07:04:08.406, 3, 2032 MHz, 3996 MHz, 662.89 W, 43
2026/10/08 07:04:08.406, 4, 2032 MHz, 3996 MHz, 720.65 W, 52
2026/10/08 07:04:08.406, 5, 2032 MHz, 3996 MHz, 681.46 W, 49
2026/10/08 07:04:08.406, 6, 120 MHz, 3996 MHz, 184.83 W, 29
2026/10/08 07:04:08.406, 7, 120 MHz, 3996 MHz, 184.60 W, 28
2026/10/08 07:04:09.406, 0, 120 MHz, 3996 MHz, 186.33 W, 35
2026/10/08 07:04:09.406, 1, 120 MHz, 3996 MHz, 188.15 W, 37
2026/10/08 07:04:09.406, 2, 1440 MHz, 3996 MHz, 715.36 W, 48
2026/10/08 07:04:09.406, 3, 2032 MHz, 3996 MHz, 692.58 W, 43
2026/10/08 07:04:09.406, 4, 2032 MHz, 3996 MHz, 376.34 W, 46
2026/10/08 07:04:09.406, 5, 2032 MHz, 3996 MHz, 727.84 W, 49
2026/10/08 07:04:09.406, 6, 120 MHz, 3996 MHz, 184.83 W, 29
2026/10/08 07:04:09.406, 7, 120 MHz, 3996 MHz, 184.59 W, 28
2026/10/08 07:04:10.406, 0, 120 MHz, 3996 MHz, 186.33 W, 35
2026/10/08 07:04:10.406, 1, 120 MHz, 3996 MHz, 188.23 W, 37
2026/10/08 07:04:10.406, 2, 2032 MHz, 3996 MHz, 680.54 W, 43
2026/10/08 07:04:10.406, 3, 2032 MHz, 3996 MHz, 662.21 W, 43
2026/10/08 07:04:10.406, 4, 2032 MHz, 3996 MHz, 262.93 W, 45
2026/10/08 07:04:10.406, 5, 2032 MHz, 3996 MHz, 683.39 W, 49
2026/10/08 07:04:10.406, 6, 120 MHz, 3996 MHz, 184.83 W, 29
2026/10/08 07:04:10.406, 7, 120 MHz, 3996 MHz, 184.60 W, 28
2026/10/08 07:04:11.407, 0, 120 MHz, 3996 MHz, 186.41 W, 35
2026/10/08 07:04:11.407, 1, 120 MHz, 3996 MHz, 188.23 W, 37
2026/10/08 07:04:11.407, 2, 2032 MHz, 3996 MHz, 684.27 W, 43
2026/10/08 07:04:11.407, 3, 2032 MHz, 3996 MHz, 661.67 W, 43
2026/10/08 07:04:11.407, 4, 2032 MHz, 3996 MHz, 250.44 W, 45
2026/10/08 07:04:11.407, 5, 2032 MHz, 3996 MHz, 658.94 W, 48
2026/10/08 07:04:11.407, 6, 120 MHz, 3996 MHz, 184.83 W, 29
2026/10/08 07:04:11.407, 7, 120 MHz, 3996 MHz, 184.60 W, 28
2026/10/08 07:04:12.407, 0, 120 MHz, 3996 MHz, 186.41 W, 35
2026/10/08 07:04:12.407, 1, 120 MHz, 3996 MHz, 188.23 W, 37
2026/10/08 07:04:12.407, 2, 2032 MHz, 3996 MHz, 705.66 W, 44
2026/10/08 07:04:12.407, 3, 2032 MHz, 3996 MHz, 690.10 W, 43
2026/10/08 07:04:12.407, 4, 2032 MHz, 3996 MHz, 250.19 W, 44
2026/10/08 07:04:12.407, 5, 2032 MHz, 3996 MHz, 244.70 W, 43
2026/10/08 07:04:12.407, 6, 120 MHz, 3996 MHz, 184.83 W, 30
2026/10/08 07:04:12.407, 7, 120 MHz, 3996 MHz, 184.59 W, 28
2026/10/08 07:04:13.407, 0, 120 MHz, 3996 MHz, 186.41 W, 35
2026/10/08 07:04:13.407, 1, 120 MHz, 3996 MHz, 188.23 W, 37
2026/10/08 07:04:13.407, 2, 2032 MHz, 3996 MHz, 683.59 W, 44
2026/10/08 07:04:13.407, 3, 2032 MHz, 3996 MHz, 665.26 W, 43
2026/10/08 07:04:13.407, 4, 2032 MHz, 3996 MHz, 250.11 W, 44
2026/10/08 07:04:13.407, 5, 2032 MHz, 3996 MHz, 253.73 W, 43
2026/10/08 07:04:13.407, 6, 120 MHz, 3996 MHz, 184.83 W, 30
2026/10/08 07:04:13.407, 7, 120 MHz, 3996 MHz, 184.59 W, 28
2026/10/08 07:04:14.407, 0, 120 MHz, 3996 MHz, 186.41 W, 35
2026/10/08 07:04:14.407, 1, 120 MHz, 3996 MHz, 188.23 W, 37
2026/10/08 07:04:14.407, 2, 1470 MHz, 3996 MHz, 713.11 W, 48
2026/10/08 07:04:14.407, 3, 2032 MHz, 3996 MHz, 687.29 W, 44
2026/10/08 07:04:14.407, 4, 2032 MHz, 3996 MHz, 250.16 W, 44
2026/10/08 07:04:14.407, 5, 2032 MHz, 3996 MHz, 242.13 W, 42
2026/10/08 07:04:14.407, 6, 120 MHz, 3996 MHz, 184.83 W, 30
2026/10/08 07:04:14.407, 7, 120 MHz, 3996 MHz, 184.60 W, 28
2026/10/08 07:04:15.408, 0, 120 MHz, 3996 MHz, 186.41 W, 35
2026/10/08 07:04:15.408, 1, 120 MHz, 3996 MHz, 188.23 W, 38
2026/10/08 07:04:15.408, 2, 2032 MHz, 3996 MHz, 683.55 W, 44
2026/10/08 07:04:15.408, 3, 2032 MHz, 3996 MHz, 663.99 W, 44
2026/10/08 07:04:15.408, 4, 2032 MHz, 3996 MHz, 250.08 W, 44
2026/10/08 07:04:15.408, 5, 2032 MHz, 3996 MHz, 241.85 W, 42
2026/10/08 07:04:15.408, 6, 120 MHz, 3996 MHz, 184.83 W, 30
2026/10/08 07:04:15.408, 7, 120 MHz, 3996 MHz, 184.60 W, 29
2026/10/08 07:04:16.408, 0, 120 MHz, 3996 MHz, 186.41 W, 35
2026/10/08 07:04:16.408, 1, 120 MHz, 3996 MHz, 188.23 W, 38
2026/10/08 07:04:16.408, 2, 2032 MHz, 3996 MHz, 688.62 W, 44
2026/10/08 07:04:16.408, 3, 2032 MHz, 3996 MHz, 664.11 W, 44
2026/10/08 07:04:16.408, 4, 2032 MHz, 3996 MHz, 249.32 W, 43
2026/10/08 07:04:16.408, 5, 2032 MHz, 3996 MHz, 242.09 W, 42
2026/10/08 07:04:16.408, 6, 120 MHz, 3996 MHz, 184.83 W, 30
2026/10/08 07:04:16.408, 7, 120 MHz, 3996 MHz, 184.59 W, 29
2026/10/08 07:04:17.408, 0, 120 MHz, 3996 MHz, 186.41 W, 36
2026/10/08 07:04:17.408, 1, 120 MHz, 3996 MHz, 188.23 W, 38
2026/10/08 07:04:17.408, 2, 2032 MHz, 3996 MHz, 700.96 W, 45
2026/10/08 07:04:17.408, 3, 2032 MHz, 3996 MHz, 691.92 W, 44
2026/10/08 07:04:17.408, 4, 367 MHz, 3996 MHz, 227.24 W, 42
2026/10/08 07:04:17.408, 5, 2032 MHz, 3996 MHz, 241.76 W, 42
2026/10/08 07:04:17.408, 6, 120 MHz, 3996 MHz, 184.83 W, 30
2026/10/08 07:04:17.408, 7, 120 MHz, 3996 MHz, 184.60 W, 29
