timestamp, index, clocks.current.sm [MHz], clocks.current.memory [MHz], power.draw [W], temperature.gpu
2026/10/08 03:33:50.446, 0, 120 MHz, 3996 MHz, 186.41 W, 33
2026/10/08 03:33:50.448, 1, 120 MHz, 3996 MHz, 188.23 W, 36
2026/10/08 03:33:50.450, 2, 120 MHz, 3996 MHz, 184.09 W, 29
2026/10/08 03:33:50.451, 3, 120 MHz, 3996 MHz, 182.33 W, 29
2026/10/08 03:33:50.453, 4, 120 MHz, 3996 MHz, 184.48 W, 35
2026/10/08 03:33:50.454, 5, 120 MHz, 3996 MHz, 183.33 W, 34
2026/10/08 03:33:50.456, 6, 120 MHz, 3996 MHz, 184.83 W, 29
2026/10/08 03:33:50.460, 7, 120 MHz, 3996 MHz, 184.59 W, 28
2026/10/08 03:33:51.462, 0, 120 MHz, 3996 MHz, 186.41 W, 33
2026/10/08 03:33:51.462, 1, 120 MHz, 3996 MHz, 188.23 W, 36
2026/10/08 03:33:51.462, 2, 120 MHz, 3996 MHz, 184.09 W, 29
2026/10/08 03:33:51.462, 3, 120 MHz, 3996 MHz, 182.26 W, 29
2026/10/08 03:33:51.462, 4, 120 MHz, 3996 MHz, 184.49 W, 35
2026/10/08 03:33:51.462, 5, 120 MHz, 3996 MHz, 183.13 W, 34
2026/10/08 03:33:51.462, 6, 120 MHz, 3996 MHz, 184.83 W, 29
2026/10/08 03:33:51.462, 7, 120 MHz, 3996 MHz, 184.59 W, 28
2026/10/08 03:33:52.462, 0, 120 MHz, 3996 MHz, 186.41 W, 33
2026/10/08 03:33:52.462, 1, 120 MHz, 3996 MHz, 188.23 W, 36
2026/10/08 03:33:52.462, 2, 120 MHz, 3996 MHz, 184.09 W, 29
2026/10/08 03:33:52.462, 3, 120 MHz, 3996 MHz, 182.23 W, 29
2026/10/08 03:33:52.462, 4, 120 MHz, 3996 MHz, 184.50 W, 35
2026/10/08 03:33:52.462, 5, 120 MHz, 3996 MHz, 183.37 W, 34
2026/10/08 03:33:52.462, 6, 120 MHz, 3996 MHz, 184.83 W, 29
2026/10/08 03:33:52.462, 7, 120 MHz, 3996 MHz, 184.59 W, 28
2026/10/08 03:33:53.462, 0, 120 MHz, 3996 MHz, 186.41 W, 33
2026/10/08 03:33:53.463, 1, 120 MHz, 3996 MHz, 188.23 W, 36
2026/10/08 03:33:53.463, 2, 120 MHz, 3996 MHz, 184.09 W, 29
2026/10/08 03:33:53.463, 3, 120 MHz, 3996 MHz, 182.92 W, 29
2026/10/08 03:33:53.463, 4, 120 MHz, 3996 MHz, 184.50 W, 35
2026/10/08 03:33:53.463, 5, 120 MHz, 3996 MHz, 183.29 W, 34
2026/10/08 03:33:53.463, 6, 120 MHz, 3996 MHz, 184.83 W, 29
2026/10/08 03:33:53.463, 7, 120 MHz, 3996 MHz, 184.59 W, 28
2026/10/08 03:33:54.463, 0, 120 MHz, 3996 MHz, 186.41 W, 33
2026/10/08 03:33:54.463, 1, 120 MHz, 3996 MHz, 188.23 W, 36
2026/10/08 03:33:54.463, 2, 120 MHz, 3996 MHz, 184.09 W, 29
2026/10/08 03:33:54.463, 3, 120 MHz, 3996 MHz, 182.83 W, 29
2026/10/08 03:33:54.463, 4, 120 MHz, 3996 MHz, 184.49 W, 35
2026/10/08 03:33:54.463, 5, 120 MHz, 3996 MHz, 183.31 W, 34
2026/10/08 03:33:54.463, 6, 120 MHz, 3996 MHz, 184.83 W, 29
2026/10/08 03:33:54.463, 7, 120 MHz, 3996 MHz, 184.59 W, 28
2026/10/08 03:33:55.463, 0, 120 MHz, 3996 MHz, 186.41 W, 33
2026/10/08 03:33:55.463, 1, 120 MHz, 3996 MHz, 188.23 W, 36
2026/10/08 03:33:55.463, 2, 120 MHz, 3996 MHz, 184.09 W, 29
2026/10/08 03:33:55.463, 3, 120 MHz, 3996 MHz, 182.52 W, 29
2026/10/08 03:33:55.463, 4, 120 MHz, 3996 MHz, 184.50 W, 35
2026/10/08 03:33:55.463, 5, 120 MHz, 3996 MHz, 183.28 W, 34
2026/10/08 03:33:55.463, 6, 120 MHz, 3996 MHz, 184.83 W, 29
2026/10/08 03:33:55.463, 7, 120 MHz, 3996 MHz, 184.59 W, 28
2026/10/08 03:33:56.463, 0, 120 MHz, 3996 MHz, 186.41 W, 33
2026/10/08 03:33:56.463, 1, 120 MHz, 3996 MHz, 188.23 W, 36
2026/10/08 03:33:56.463, 2, 120 MHz, 3996 MHz, 184.09 W, 29
2026/10/08 03:33:56.463, 3, 120 MHz, 3996 MHz, 182.53 W, 29
2026/10/08 03:33:56.463, 4, 120 MHz, 3996 MHz, 184.49 W, 35
2026/10/08 03:33:56.463, 5, 120 MHz, 3996 MHz, 183.02 W, 34
2026/10/08 03:33:56.463, 6, 120 MHz, 3996 MHz, 184.83 W, 29
2026/10/08 03:33:56.463, 7, 120 MHz, 3996 MHz, 184.59 W, 28
2026/10/08 03:33:57.464, 0, 120 MHz, 3996 MHz, 186.41 W, 33
2026/10/08 03:33:57.464, 1, 120 MHz, 3996 MHz, 188.23 W, 36
2026/10/08 03:33:57.464, 2, 120 MHz, 3996 MHz, 184.09 W, 29
2026/10/08 03:33:57.464, 3, 120 MHz, 3996 MHz, 182.50 W, 29
2026/10/08 03:33:57.464, 4, 120 MHz, 3996 MHz, 184.48 W, 35
2026/10/08 03:33:57.464, 5, 120 MHz, 3996 MHz, 183.01 W, 34
2026/10/08 03:33:57.464, 6, 120 MHz, 3996 MHz, 184.83 W, 29
2026/10/08 03:33:57.464, 7, 120 MHz, 3996 MHz, 184.59 W, 28
2026/10/08 03:33:58.464, 0, 120 MHz, 3996 MHz, 186.41 W, 33
2026/10/08 03:33:58.464, 1, 120 MHz, 3996 MHz, 188.23 W, 36
2026/10/08 03:33:58.464, 2, 120 MHz, 3996 MHz, 184.09 W, 29
2026/10/08 03:33:58.464, 3, 120 MHz, 3996 MHz, 182.27 W, 29
2026/10/08 03:33:58.464, 4, 120 MHz, 3996 MHz, 184.48 W, 35
2026/10/08 03:33:58.464, 5, 120 MHz, 3996 MHz, 183.15 W, 34
2026/10/08 03:33:58.464, 6, 120 MHz, 3996 MHz, 184.83 W, 29
2026/10/08 03:33:58.464, 7, 120 MHz, 3996 MHz, 184.59 W, 28
2026/10/08 03:33:59.464, 0, 120 MHz, 3996 MHz, 186.41 W, 33
2026/10/08 03:33:59.464, 1, 120 MHz, 3996 MHz, 188.23 W, 36
2026/10/08 03:33:59.464, 2, 120 MHz, 3996 MHz, 184.09 W, 29
2026/10/08 03:33:59.464, 3, 120 MHz, 3996 MHz, 182.23 W, 29
2026/10/08 03:33:59.464, 4, 120 MHz, 3996 MHz, 184.49 W, 35
2026/10/08 03:33:59.464, 5, 120 MHz, 3996 MHz, 182.84 W, 34
2026/10/08 03:33:59.464, 6, 120 MHz, 3996 MHz, 184.83 W, 29
2026/10/08 03:33:59.464, 7, 120 MHz, 3996 MHz, 184.59 W, 28
2026/10/08 03:34:00.465, 0, 120 MHz, 3996 MHz, 186.41 W, 33
2026/10/08 03:34:00.465, 1, 120 MHz, 3996 MHz, 188.23 W, 36
2026/10/08 03:34:00.465, 2, 120 MHz, 3996 MHz, 184.09 W, 29
2026/10/08 03:34:00.465, 3, 120 MHz, 3996 MHz, 182.33 W, 29
2026/10/08 03:34:00.465, 4, 120 MHz, 3996 MHz, 184.49 W, 35
2026/10/08 03:34:00.465, 5, 120 MHz, 3996 MHz, 182.87 W, 34
2026/10/08 03:34:00.465, 6, 120 MHz, 3996 MHz, 184.83 W, 29
2026/10/08 03:34:00.465, 7, 120 MHz, 3996 MHz, 184.59 W, 28
2026/10/08 03:34:01.465, 0, 120 MHz, 3996 MHz, 186.41 W, 33
2026/10/08 03:34:01.465, 1, 120 MHz, 3996 MHz, 188.23 W, 36
2026/10/08 03:34:01.465, 2, 120 MHz, 3996 MHz, 184.09 W, 29
2026/10/08 03:34:01.465, 3, 120 MHz, 3996 MHz, 182.35 W, 29
2026/10/08 03:34:01.465, 4, 120 MHz, 3996 MHz, 184.49 W, 35
2026/10/08 03:34:01.465, 5, 120 MHz, 3996 MHz, 182.83 W, 34
2026/10/08 03:34:01.465, 6, 120 MHz, 3996 MHz, 184.83 W, 29
2026/10/08 03:34:01.465, 7, 120 MHz, 3996 MHz, 184.59 W, 28
2026/10/08 03:34:02.465, 0, 120 MHz, 3996 MHz, 185.90 W, 33
2026/10/08 03:34:02.465, 1, 120 MHz, 3996 MHz, 187.66 W, 36
2026/10/08 03:34:02.465, 2, 120 MHz, 3996 MHz, 184.09 W, 29
2026/10/08 03:34:02.465, 3, 120 MHz, 3996 MHz, 182.39 W, 29
2026/10/08 03:34:02.465, 4, 120 MHz, 3996 MHz, 184.49 W, 35
2026/10/08 03:34:02.465, 5, 120 MHz, 3996 MHz, 182.98 W, 34
2026/10/08 03:34:02.466, 6, 120 MHz, 3996 MHz, 184.83 W, 29
2026/10/08 03:34:02.466, 7, 120 MHz, 3996 MHz, 184.59 W, 28
2026/10/08 03:34:03.466, 0, 120 MHz, 3996 MHz, 184.47 W, 33
2026/10/08 03:34:03.466, 1, 120 MHz, 3996 MHz, 186.40 W, 36
2026/10/08 03:34:03.466, 2, 120 MHz, 3996 MHz, 184.09 W, 29
2026/10/08 03:34:03.466, 3, 120 MHz, 3996 MHz, 182.30 W, 29
2026/10/08 03:34:03.466, 4, 120 MHz, 3996 MHz, 184.48 W, 35
2026/10/08 03:34:03.466, 5, 120 MHz, 3996 MHz, 182.95 W, 34
2026/10/08 03:34:03.466, 6, 120 MHz, 3996 MHz, 184.83 W, 29
2026/10/08 03:34:03.466, 7, 120 MHz, 3996 MHz, 184.59 W, 28
2026/10/08 03:34:04.466, 0, 120 MHz, 3996 MHz, 184.47 W, 33
2026/10/08 03:34:04.466, 1, 120 MHz, 3996 MHz, 186.44 W, 36
2026/10/08 03:34:04.466, 2, 120 MHz, 3996 MHz, 184.09 W, 29
2026/10/08 03:34:04.466, 3, 120 MHz, 3996 MHz, 182.29 W, 29
2026/10/08 03:34:04.466, 4, 120 MHz, 3996 MHz, 184.51 W, 35
2026/10/08 03:34:04.466, 5, 120 MHz, 3996 MHz, 182.71 W, 34
2026/10/08 03:34:04.466, 6, 120 MHz, 3996 MHz, 184.83 W, 29
2026/10/08 03:34:04.466, 7, 120 MHz, 3996 MHz, 184.59 W, 28
2026/10/08 03:34:05.469, 0, 120 MHz, 3996 MHz, 184.47 W, 33
2026/10/08 03:34:05.469, 1, 120 MHz, 3996 MHz, 187.38 W, 36
2026/10/08 03:34:05.469, 2, 120 MHz, 3996 MHz, 184.09 W, 29
2026/10/08 03:34:05.469, 3, 120 MHz, 3996 MHz, 182.25 W, 29
2026/10/08 03:34:05.469, 4, 120 MHz, 3996 MHz, 184.49 W, 35
2026/10/08 03:34:05.470, 5, 120 MHz, 3996 MHz, 182.90 W, 34
2026/10/08 03:34:05.470, 6, 120 MHz, 3996 MHz, 184.83 W, 29
2026/10/08 03:34:05.470, 7, 120 MHz, 3996 MHz, 184.59 W, 28
2026/10/08 03:34:06.470, 0, 120 MHz, 3996 MHz, 184.47 W, 33
2026/10/08 03:34:06.470, 1, 120 MHz, 3996 MHz, 187.53 W, 36
2026/10/08 03:34:06.470, 2, 120 MHz, 3996 MHz, 184.09 W, 29
2026/10/08 03:34:06.470, 3, 120 MHz, 3996 MHz, 182.30 W, 29
2026/10/08 03:34:06.470, 4, 120 MHz, 3996 MHz, 184.49 W, 35
2026/10/08 03:34:06.470, 5, 120 MHz, 3996 MHz, 182.98 W, 34
2026/10/08 03:34:06.470, 6, 120 MHz, 3996 MHz, 184.83 W, 29
2026/10/08 03:34:06.470, 7, 120 MHz, 3996 MHz, 184.59 W, 28
2026/10/08 03:34:07.470, 0, 120 MHz, 3996 MHz, 184.47 W, 33
2026/10/08 03:34:07.470, 1, 120 MHz, 3996 MHz, 187.41 W, 36
2026/10/08 03:34:07.470, 2, 120 MHz, 3996 MHz, 184.09 W, 29
2026/10/08 03:34:07.470, 3, 120 MHz, 3996 MHz, 182.41 W, 29
2026/10/08 03:34:07.470, 4, 120 MHz, 3996 MHz, 184.50 W, 35
2026/10/08 03:34:07.470, 5, 120 MHz, 3996 MHz, 182.95 W, 34
2026/10/08 03:34:07.470, 6, 120 MHz, 3996 MHz, 184.83 W, 29
2026/10/08 03:34:07.470, 7, 120 MHz, 3996 MHz, 184.59 W, 28
2026/10/08 03:34:08.470, 0, 120 MHz, 3996 MHz, 184.50 W, 33
2026/10/08 03:34:08.470, 1, 120 MHz, 3996 MHz, 187.35 W, 36
2026/10/08 03:34:08.470, 2, 120 MHz, 3996 MHz, 184.02 W, 29
2026/10/08 03:34:08.470, 3, 2032 MHz, 3996 MHz, 210.61 W, 30
2026/10/08 03:34:08.470, 4, 120 MHz, 3996 MHz, 184.06 W, 35
2026/10/08 03:34:08.470, 5, 120 MHz, 3996 MHz, 182.75 W, 34
2026/10/08 03:34:08.470, 6, 120 MHz, 3996 MHz, 184.83 W, 29
2026/10/08 03:34:08.471, 7, 120 MHz, 3996 MHz, 184.59 W, 28
2026/10/08 03:34:09.471, 0, 120 MHz, 3996 MHz, 184.47 W, 33
2026/10/08 03:34:09.471, 1, 120 MHz, 3996 MHz, 186.44 W, 35
2026/10/08 03:34:09.471, 2, 120 MHz, 3996 MHz, 183.97 W, 29
2026/10/08 03:34:09.471, 3, 2032 MHz, 3996 MHz, 234.66 W, 30
2026/10/08 03:34:09.471, 4, 120 MHz, 3996 MHz, 183.03 W, 35
2026/10/08 03:34:09.471, 5, 120 MHz, 3996 MHz, 182.63 W, 34
2026/10/08 03:34:09.471, 6, 120 MHz, 3996 MHz, 184.83 W, 29
2026/10/08 03:34:09.471, 7, 120 MHz, 3996 MHz, 184.59 W, 28
2026/10/08 03:34:10.471, 0, 120 MHz, 3996 MHz, 184.47 W, 33
2026/10/08 03:34:10.471, 1, 120 MHz, 3996 MHz, 186.48 W, 35
2026/10/08 03:34:10.471, 2, 120 MHz, 3996 MHz, 183.97 W, 29
2026/10/08 03:34:10.471, 3, 2032 MHz, 3996 MHz, 235.81 W, 30
2026/10/08 03:34:10.471, 4, 120 MHz, 3996 MHz, 182.70 W, 35
2026/10/08 03:34:10.471, 5, 120 MHz, 3996 MHz, 182.60 W, 34
2026/10/08 03:34:10.471, 6, 120 MHz, 3996 MHz, 184.83 W, 29
2026/10/08 03:34:10.471, 7, 120 MHz, 3996 MHz, 184.59 W, 28
2026/10/08 03:34:11.473, 0, 120 MHz, 3996 MHz, 184.47 W, 33
2026/10/08 03:34:11.473, 1, 120 MHz, 3996 MHz, 186.48 W, 35
2026/10/08 03:34:11.473, 2, 120 MHz, 3996 MHz, 183.97 W, 29
2026/10/08 03:34:11.473, 3, 2032 MHz, 3996 MHz, 236.22 W, 30
2026/10/08 03:34:11.473, 4, 120 MHz, 3996 MHz, 182.76 W, 35
2026/10/08 03:34:11.473, 5, 120 MHz, 3996 MHz, 182.64 W, 34
2026/10/08 03:34:11.473, 6, 120 MHz, 3996 MHz, 184.83 W, 29
2026/10/08 03:34:11.474, 7, 120 MHz, 3996 MHz, 184.59 W, 28
2026/10/08 03:34:12.474, 0, 120 MHz, 3996 MHz, 184.47 W, 33
2026/10/08 03:34:12.474, 1, 120 MHz, 3996 MHz, 186.36 W, 35
2026/10/08 03:34:12.474, 2, 120 MHz, 3996 MHz, 183.97 W, 29
2026/10/08 03:34:12.474, 3, 2032 MHz, 3996 MHz, 235.48 W, 30
2026/10/08 03:34:12.474, 4, 120 MHz, 3996 MHz, 182.72 W, 35
2026/10/08 03:34:12.474, 5, 120 MHz, 3996 MHz, 182.61 W, 34
2026/10/08 03:34:12.474, 6, 120 MHz, 3996 MHz, 184.83 W, 29
2026/10/08 03:34:12.474, 7, 120 MHz, 3996 MHz, 184.59 W, 28
2026/10/08 03:34:13.474, 0, 120 MHz, 3996 MHz, 184.47 W, 33
2026/10/08 03:34:13.474, 1, 120 MHz, 3996 MHz, 186.48 W, 35
2026/10/08 03:34:13.474, 2, 120 MHz, 3996 MHz, 183.89 W, 29
2026/10/08 03:34:13.474, 3, 2032 MHz, 3996 MHz, 271.29 W, 31
2026/10/08 03:34:13.474, 4, 120 MHz, 3996 MHz, 182.76 W, 35
2026/10/08 03:34:13.474, 5, 120 MHz, 3996 MHz, 182.59 W, 34
2026/10/08 03:34:13.474, 6, 120 MHz, 3996 MHz, 184.83 W, 29
2026/10/08 03:34:13.474, 7, 120 MHz, 3996 MHz, 184.59 W, 28
2026/10/08 03:34:14.474, 0, 120 MHz, 3996 MHz, 184.47 W, 33
2026/10/08 03:34:14.474, 1, 120 MHz, 3996 MHz, 186.60 W, 35
2026/10/08 03:34:14.474, 2, 120 MHz, 3996 MHz, 183.92 W, 29
2026/10/08 03:34:14.474, 3, 2032 MHz, 3996 MHz, 254.24 W, 30
2026/10/08 03:34:14.474, 4, 120 MHz, 3996 MHz, 182.71 W, 35
2026/10/08 03:34:14.474, 5, 120 MHz, 3996 MHz, 182.57 W, 34
2026/10/08 03:34:14.474, 6, 120 MHz, 3996 MHz, 184.83 W, 29
2026/10/08 03:34:14.474, 7, 120 MHz, 3996 MHz, 184.59 W, 28
2026/10/08 03:34:15.475, 0, 120 MHz, 3996 MHz, 184.47 W, 33
2026/10/08 03:34:15.475, 1, 120 MHz, 3996 MHz, 186.40 W, 35
2026/10/08 03:34:15.475, 2, 120 MHz, 3996 MHz, 183.82 W, 29
2026/10/08 03:34:15.475, 3, 2032 MHz, 3996 MHz, 340.61 W, 32
2026/10/08 03:34:15.475, 4, 120 MHz, 3996 MHz, 182.64 W, 35
2026/10/08 03:34:15.475, 5, 120 MHz, 3996 MHz, 182.64 W, 34
2026/10/08 03:34:15.475, 6, 120 MHz, 3996 MHz, 184.83 W, 29
2026/10/08 03:34:15.475, 7, 120 MHz, 3996 MHz, 184.59 W, 28
2026/10/08 03:34:16.475, 0, 120 MHz, 3996 MHz, 184.47 W, 33
2026/10/08 03:34:16.475, 1, 120 MHz, 3996 MHz, 186.48 W, 35
2026/10/08 03:34:16.475, 2, 120 MHz, 3996 MHz, 183.77 W, 29
2026/10/08 03:34:16.475, 3, 2032 MHz, 3996 MHz, 326.85 W, 32
2026/10/08 03:34:16.475, 4, 120 MHz, 3996 MHz, 182.98 W, 35
2026/10/08 03:34:16.475, 5, 120 MHz, 3996 MHz, 182.64 W, 34
2026/10/08 03:34:16.475, 6, 120 MHz, 3996 MHz, 184.83 W, 29
2026/10/08 03:34:16.475, 7, 120 MHz, 3996 MHz, 184.59 W, 28
2026/10/08 03:34:17.475, 0, 120 MHz, 3996 MHz, 184.47 W, 33
2026/10/08 03:34:17.475, 1, 120 MHz, 3996 MHz, 186.40 W, 35
2026/10/08 03:34:17.475, 2, 2032 MHz, 3996 MHz, 196.54 W, 30
2026/10/08 03:34:17.475, 3, 2032 MHz, 3996 MHz, 264.60 W, 31
2026/10/08 03:34:17.475, 4, 120 MHz, 3996 MHz, 182.82 W, 35
2026/10/08 03:34:17.475, 5, 120 MHz, 3996 MHz, 182.63 W, 33
2026/10/08 03:34:17.475, 6, 120 MHz, 3996 MHz, 184.83 W, 29
2026/10/08 03:34:17.475, 7, 120 MHz, 3996 MHz, 184.59 W, 28
2026/10/08 03:34:18.476, 0, 120 MHz, 3996 MHz, 184.47 W, 33
2026/10/08 03:34:18.476, 1, 120 MHz, 3996 MHz, 186.48 W, 35
2026/10/08 03:34:18.476, 2, 2032 MHz, 3996 MHz, 234.63 W, 30
2026/10/08 03:34:18.476, 3, 2032 MHz, 3996 MHz, 259.80 W, 31
2026/10/08 03:34:18.476, 4, 120 MHz, 3996 MHz, 182.74 W, 35
2026/10/08 03:34:18.476, 5, 120 MHz, 3996 MHz, 182.62 W, 33
2026/10/08 03:34:18.476, 6, 120 MHz, 3996 MHz, 184.83 W, 29
2026/10/08 03:34:18.476, 7, 120 MHz, 3996 MHz, 184.59 W, 28
2026/10/08 03:34:19.476, 0, 120 MHz, 3996 MHz, 184.47 W, 33
2026/10/08 03:34:19.476, 1, 120 MHz, 3996 MHz, 186.32 W, 35
2026/10/08 03:34:19.476, 2, 2032 MHz, 3996 MHz, 234.67 W, 30
2026/10/08 03:34:19.476, 3, 2032 MHz, 3996 MHz, 244.54 W, 31
2026/10/08 03:34:19.476, 4, 120 MHz, 3996 MHz, 182.89 W, 35
2026/10/08 03:34:19.476, 5, 120 MHz, 3996 MHz, 182.62 W, 33
2026/10/08 03:34:19.476, 6, 120 MHz, 3996 MHz, 184.83 W, 29
2026/10/08 03:34:19.476, 7, 120 MHz, 3996 MHz, 184.59 W, 28
2026/10/08 03:34:20.476, 0, 120 MHz, 3996 MHz, 184.47 W, 33
2026/10/08 03:34:20.476, 1, 120 MHz, 3996 MHz, 186.48 W, 35
2026/10/08 03:34:20.476, 2, 2032 MHz, 3996 MHz, 235.01 W, 30
2026/10/08 03:34:20.476, 3, 2032 MHz, 3996 MHz, 235.87 W, 31
2026/10/08 03:34:20.476, 4, 120 MHz, 3996 MHz, 182.80 W, 35
2026/10/08 03:34:20.476, 5, 120 MHz, 3996 MHz, 182.63 W, 33
2026/10/08 03:34:20.476, 6, 120 MHz, 3996 MHz, 184.83 W, 29
2026/10/08 03:34:20.476, 7, 120 MHz, 3996 MHz, 184.59 W, 28
2026/10/08 03:34:21.476, 0, 120 MHz, 3996 MHz, 184.47 W, 33
2026/10/08 03:34:21.476, 1, 120 MHz, 3996 MHz, 186.40 W, 35
2026/10/08 03:34:21.476, 2, 2032 MHz, 3996 MHz, 236.66 W, 30
2026/10/08 03:34:21.477, 3, 2032 MHz, 3996 MHz, 235.87 W, 31
2026/10/08 03:34:21.477, 4, 120 MHz, 3996 MHz, 182.62 W, 35
2026/10/08 03:34:21.477, 5, 120 MHz, 3996 MHz, 182.55 W, 33
2026/10/08 03:34:21.477, 6, 120 MHz, 3996 MHz, 184.83 W, 29
2026/10/08 03:34:21.477, 7, 120 MHz, 3996 MHz, 184.59 W, 28
2026/10/08 03:34:22.477, 0, 120 MHz, 3996 MHz, 184.47 W, 33
2026/10/08 03:34:22.477, 1, 120 MHz, 3996 MHz, 186.32 W, 35
2026/10/08 03:34:22.477, 2, 2032 MHz, 3996 MHz, 236.40 W, 30
2026/10/08 03:34:22.477, 3, 2032 MHz, 3996 MHz, 243.42 W, 31
2026/10/08 03:34:22.477, 4, 120 MHz, 3996 MHz, 182.74 W, 35
2026/10/08 03:34:22.477, 5, 120 MHz, 3996 MHz, 182.59 W, 33
2026/10/08 03:34:22.477, 6, 120 MHz, 3996 MHz, 184.83 W, 29
2026/10/08 03:34:22.477, 7, 120 MHz, 3996 MHz, 184.59 W, 28
2026/10/08 03:34:23.477, 0, 120 MHz, 3996 MHz, 184.47 W, 33
2026/10/08 03:34:23.477, 1, 120 MHz, 3996 MHz, 186.32 W, 35
2026/10/08 03:34:23.477, 2, 2032 MHz, 3996 MHz, 234.91 W, 30
2026/10/08 03:34:23.477, 3, 2032 MHz, 3996 MHz, 243.56 W, 31
2026/10/08 03:34:23.477, 4, 120 MHz, 3996 MHz, 182.63 W, 35
2026/10/08 03:34:23.477, 5, 120 MHz, 3996 MHz, 182.51 W, 33
2026/10/08 03:34:23.477, 6, 120 MHz, 3996 MHz, 184.83 W, 29
2026/10/08 03:34:23.477, 7, 120 MHz, 3996 MHz, 184.59 W, 28
2026/10/08 03:34:24.477, 0, 120 MHz, 3996 MHz, 184.47 W, 33
2026/10/08 03:34:24.477, 1, 120 MHz, 3996 MHz, 186.32 W, 35
2026/10/08 03:34:24.477, 2, 2032 MHz, 3996 MHz, 252.37 W, 31
2026/10/08 03:34:24.477, 3, 2032 MHz, 3996 MHz, 236.21 W, 31
2026/10/08 03:34:24.477, 4, 120 MHz, 3996 MHz, 182.84 W, 35
2026/10/08 03:34:24.477, 5, 120 MHz, 3996 MHz, 182.52 W, 33
2026/10/08 03:34:24.477, 6, 120 MHz, 3996 MHz, 184.83 W, 29
2026/10/08 03:34:24.477, 7, 120 MHz, 3996 MHz, 184.59 W, 28
2026/10/08 03:34:25.478, 0, 120 MHz, 3996 MHz, 184.47 W, 33
2026/10/08 03:34:25.478, 1, 120 MHz, 3996 MHz, 186.36 W, 35
2026/10/08 03:34:25.478, 2, 2032 MHz, 3996 MHz, 257.38 W, 31
2026/10/08 03:34:25.478, 3, 2032 MHz, 3996 MHz, 235.97 W, 31
2026/10/08 03:34:25.478, 4, 120 MHz, 3996 MHz, 182.85 W, 35
2026/10/08 03:34:25.478, 5, 120 MHz, 3996 MHz, 182.60 W, 33
2026/10/08 03:34:25.478, 6, 120 MHz, 3996 MHz, 184.83 W, 29
2026/10/08 03:34:25.478, 7, 120 MHz, 3996 MHz, 184.59 W, 28
2026/10/08 03:34:26.478, 0, 120 MHz, 3996 MHz, 184.47 W, 33
2026/10/08 03:34:26.478, 1, 120 MHz, 3996 MHz, 186.32 W, 35
2026/10/08 03:34:26.478, 2, 2032 MHz, 3996 MHz, 235.17 W, 31
2026/10/08 03:34:26.478, 3, 2032 MHz, 3996 MHz, 236.27 W, 31
2026/10/08 03:34:26.478, 4, 120 MHz, 3996 MHz, 182.67 W, 35
2026/10/08 03:34:26.478, 5, 120 MHz, 3996 MHz, 182.58 W, 33
2026/10/08 03:34:26.478, 6, 120 MHz, 3996 MHz, 184.83 W, 29
2026/10/08 03:34:26.478, 7, 120 MHz, 3996 MHz, 184.59 W, 28
2026/10/08 03:34:27.478, 0, 120 MHz, 3996 MHz, 184.47 W, 33
2026/10/08 03:34:27.478, 1, 120 MHz, 3996 MHz, 186.29 W, 35
2026/10/08 03:34:27.478, 2, 2032 MHz, 3996 MHz, 271.35 W, 32
2026/10/08 03:34:27.478, 3, 2032 MHz, 3996 MHz, 236.09 W, 31
2026/10/08 03:34:27.478, 4, 120 MHz, 3996 MHz, 182.78 W, 35
2026/10/08 03:34:27.478, 5, 120 MHz, 3996 MHz, 182.63 W, 33
2026/10/08 03:34:27.478, 6, 120 MHz, 3996 MHz, 184.83 W, 29
2026/10/08 03:34:27.479, 7, 120 MHz, 3996 MHz, 184.59 W, 28
2026/10/08 03:34:28.479, 0, 120 MHz, 3996 MHz, 184.47 W, 33
2026/10/08 03:34:28.479, 1, 120 MHz, 3996 MHz, 186.36 W, 35
2026/10/08 03:34:28.479, 2, 2032 MHz, 3996 MHz, 321.58 W, 32
2026/10/08 03:34:28.479, 3, 2032 MHz, 3996 MHz, 236.05 W, 31
2026/10/08 03:34:28.479, 4, 120 MHz, 3996 MHz, 183.05 W, 35
2026/10/08 03:34:28.479, 5, 120 MHz, 3996 MHz, 182.55 W, 33
2026/10/08 03:34:28.479, 6, 120 MHz, 3996 MHz, 184.83 W, 29
2026/10/08 03:34:28.479, 7, 120 MHz, 3996 MHz, 184.59 W, 28
2026/10/08 03:34:29.479, 0, 120 MHz, 3996 MHz, 184.47 W, 33
2026/10/08 03:34:29.479, 1, 120 MHz, 3996 MHz, 186.29 W, 35
2026/10/08 03:34:29.479, 2, 2032 MHz, 3996 MHz, 290.22 W, 32
2026/10/08 03:34:29.479, 3, 2032 MHz, 3996 MHz, 236.18 W, 31
2026/10/08 03:34:29.479, 4, 120 MHz, 3996 MHz, 182.82 W, 35
2026/10/08 03:34:29.479, 5, 120 MHz, 3996 MHz, 182.60 W, 33
2026/10/08 03:34:29.479, 6, 120 MHz, 3996 MHz, 184.83 W, 29
2026/10/08 03:34:29.479, 7, 120 MHz, 3996 MHz, 184.59 W, 28
2026/10/08 03:34:30.479, 0, 120 MHz, 3996 MHz, 184.47 W, 33
2026/10/08 03:34:30.479, 1, 120 MHz, 3996 MHz, 186.32 W, 35
2026/10/08 03:34:30.479, 2, 2032 MHz, 3996 MHz, 271.47 W, 31
2026/10/08 03:34:30.479, 3, 2032 MHz, 3996 MHz, 236.52 W, 31
2026/10/08 03:34:30.479, 4, 120 MHz, 3996 MHz, 183.07 W, 35
2026/10/08 03:34:30.479, 5, 120 MHz, 3996 MHz, 182.60 W, 33
2026/10/08 03:34:30.480, 6, 120 MHz, 3996 MHz, 184.83 W, 29
2026/10/08 03:34:30.480, 7, 120 MHz, 3996 MHz, 184.60 W, 28
2026/10/08 03:34:31.480, 0, 120 MHz, 3996 MHz, 184.47 W, 33
2026/10/08 03:34:31.480, 1, 120 MHz, 3996 MHz, 186.36 W, 35
2026/10/08 03:34:31.480, 2, 2032 MHz, 3996 MHz, 248.16 W, 31
2026/10/08 03:34:31.480, 3, 2032 MHz, 3996 MHz, 236.40 W, 31
2026/10/08 03:34:31.480, 4, 120 MHz, 3996 MHz, 183.12 W, 35
2026/10/08 03:34:31.480, 5, 120 MHz, 3996 MHz, 182.60 W, 33
2026/10/08 03:34:31.480, 6, 120 MHz, 3996 MHz, 184.83 W, 30
2026/10/08 03:34:31.480, 7, 120 MHz, 3996 MHz, 184.60 W, 28
2026/10/08 03:34:32.480, 0, 120 MHz, 3996 MHz, 184.47 W, 33
2026/10/08 03:34:32.480, 1, 120 MHz, 3996 MHz, 186.36 W, 35
2026/10/08 03:34:32.480, 2, 2032 MHz, 3996 MHz, 252.99 W, 31
2026/10/08 03:34:32.480, 3, 2032 MHz, 3996 MHz, 236.41 W, 31
2026/10/08 03:34:32.480, 4, 120 MHz, 3996 MHz, 183.19 W, 35
2026/10/08 03:34:32.480, 5, 120 MHz, 3996 MHz, 182.60 W, 33
2026/10/08 03:34:32.480, 6, 120 MHz, 3996 MHz, 184.83 W, 30
2026/10/08 03:34:32.480, 7, 120 MHz, 3996 MHz, 184.61 W, 28
2026/10/08 03:34:33.480, 0, 120 MHz, 3996 MHz, 184.47 W, 33
2026/10/08 03:34:33.480, 1, 120 MHz, 3996 MHz, 186.32 W, 35
2026/10/08 03:34:33.480, 2, 2032 MHz, 3996 MHz, 248.14 W, 31
2026/10/08 03:34:33.480, 3, 2032 MHz, 3996 MHz, 236.40 W, 31
2026/10/08 03:34:33.480, 4, 120 MHz, 3996 MHz, 182.97 W, 35
2026/10/08 03:34:33.480, 5, 120 MHz, 3996 MHz, 182.61 W, 33
2026/10/08 03:34:33.480, 6, 120 MHz, 3996 MHz, 184.83 W, 30
2026/10/08 03:34:33.480, 7, 120 MHz, 3996 MHz, 184.61 W, 28
2026/10/08 03:34:34.481, 0, 120 MHz, 3996 MHz, 184.47 W, 33
2026/10/08 03:34:34.481, 1, 120 MHz, 3996 MHz, 186.32 W, 35
2026/10/08 03:34:34.481, 2, 2032 MHz, 3996 MHz, 241.09 W, 31
2026/10/08 03:34:34.481, 3, 2032 MHz, 3996 MHz, 236.50 W, 31
2026/10/08 03:34:34.481, 4, 120 MHz, 3996 MHz, 183.01 W, 35
2026/10/08 03:34:34.481, 5, 120 MHz, 3996 MHz, 182.60 W, 34
2026/10/08 03:34:34.481, 6, 120 MHz, 3996 MHz, 184.83 W, 30
2026/10/08 03:34:34.481, 7, 120 MHz, 3996 MHz, 184.60 W, 28
2026/10/08 03:34:35.481, 0, 120 MHz, 3996 MHz, 184.47 W, 33
2026/10/08 03:34:35.481, 1, 120 MHz, 3996 MHz, 186.36 W, 35
2026/10/08 03:34:35.481, 2, 2032 MHz, 3996 MHz, 238.26 W, 31
2026/10/08 03:34:35.481, 3, 2032 MHz, 3996 MHz, 236.61 W, 31
2026/10/08 03:34:35.481, 4, 120 MHz, 3996 MHz, 183.15 W, 35
2026/10/08 03:34:35.481, 5, 120 MHz, 3996 MHz, 182.56 W, 34
2026/10/08 03:34:35.481, 6, 120 MHz, 3996 MHz, 184.83 W, 30
2026/10/08 03:34:35.481, 7, 120 MHz, 3996 MHz, 184.60 W, 28
2026/10/08 03:34:36.481, 0, 120 MHz, 3996 MHz, 184.47 W, 33
2026/10/08 03:34:36.481, 1, 120 MHz, 3996 MHz, 186.32 W, 35
2026/10/08 03:34:36.481, 2, 2032 MHz, 3996 MHz, 236.50 W, 31
2026/10/08 03:34:36.481, 3, 2032 MHz, 3996 MHz, 236.50 W, 31
2026/10/08 03:34:36.481, 4, 120 MHz, 3996 MHz, 183.11 W, 35
2026/10/08 03:34:36.481, 5, 120 MHz, 3996 MHz, 182.64 W, 34
2026/10/08 03:34:36.481, 6, 120 MHz, 3996 MHz, 184.83 W, 30
2026/10/08 03:34:36.481, 7, 120 MHz, 3996 MHz, 184.61 W, 28
2026/10/08 03:34:37.482, 0, 120 MHz, 3996 MHz, 184.47 W, 33
2026/10/08 03:34:37.482, 1, 120 MHz, 3996 MHz, 186.40 W, 35
2026/10/08 03:34:37.482, 2, 2032 MHz, 3996 MHz, 236.66 W, 31
2026/10/08 03:34:37.482, 3, 2032 MHz, 3996 MHz, 236.66 W, 31
2026/10/08 03:34:37.482, 4, 120 MHz, 3996 MHz, 183.23 W, 35
2026/10/08 03:34:37.482, 5, 120 MHz, 3996 MHz, 182.65 W, 34
2026/10/08 03:34:37.482, 6, 120 MHz, 3996 MHz, 184.83 W, 30
2026/10/08 03:34:37.482, 7, 120 MHz, 3996 MHz, 184.62 W, 28
2026/10/08 03:34:38.482, 0, 120 MHz, 3996 MHz, 184.47 W, 33
2026/10/08 03:34:38.482, 1, 120 MHz, 3996 MHz, 186.44 W, 35
2026/10/08 03:34:38.482, 2, 2032 MHz, 3996 MHz, 236.93 W, 31
2026/10/08 03:34:38.482, 3, 2032 MHz, 3996 MHz, 236.62 W, 31
2026/10/08 03:34:38.482, 4, 120 MHz, 3996 MHz, 183.09 W, 35
2026/10/08 03:34:38.482, 5, 120 MHz, 3996 MHz, 182.61 W, 34
2026/10/08 03:34:38.482, 6, 120 MHz, 3996 MHz, 184.83 W, 30
2026/10/08 03:34:38.482, 7, 120 MHz, 3996 MHz, 184.60 W, 28
2026/10/08 03:34:39.482, 0, 120 MHz, 3996 MHz, 184.47 W, 33
2026/10/08 03:34:39.482, 1, 120 MHz, 3996 MHz, 186.40 W, 35
2026/10/08 03:34:39.482, 2, 2032 MHz, 3996 MHz, 245.21 W, 31
2026/10/08 03:34:39.482, 3, 2032 MHz, 3996 MHz, 236.60 W, 31
2026/10/08 03:34:39.482, 4, 120 MHz, 3996 MHz, 183.21 W, 35
2026/10/08 03:34:39.482, 5, 120 MHz, 3996 MHz, 182.64 W, 34
2026/10/08 03:34:39.482, 6, 120 MHz, 3996 MHz, 184.83 W, 30
2026/10/08 03:34:39.482, 7, 120 MHz, 3996 MHz, 184.60 W, 28
2026/10/08 03:34:40.483, 0, 120 MHz, 3996 MHz, 184.47 W, 33
2026/10/08 03:34:40.483, 1, 120 MHz, 3996 MHz, 186.40 W, 35
2026/10/08 03:34:40.483, 2, 2032 MHz, 3996 MHz, 236.66 W, 31
2026/10/08 03:34:40.483, 3, 2032 MHz, 3996 MHz, 236.66 W, 31
2026/10/08 03:34:40.483, 4, 120 MHz, 3996 MHz, 182.89 W, 35
2026/10/08 03:34:40.483, 5, 120 MHz, 3996 MHz, 182.61 W, 34
2026/10/08 03:34:40.483, 6, 120 MHz, 3996 MHz, 184.83 W, 30
2026/10/08 03:34:40.483, 7, 120 MHz, 3996 MHz, 184.62 W, 28
2026/10/08 03:34:41.483, 0, 120 MHz, 3996 MHz, 184.47 W, 33
2026/10/08 03:34:41.483, 1, 120 MHz, 3996 MHz, 186.40 W, 35
2026/10/08 03:34:41.483, 2, 2032 MHz, 3996 MHz, 240.97 W, 31
2026/10/08 03:34:41.483, 3, 2032 MHz, 3996 MHz, 240.93 W, 31
2026/10/08 03:34:41.483, 4, 120 MHz, 3996 MHz, 182.86 W, 35
2026/10/08 03:34:41.483, 5, 120 MHz, 3996 MHz, 182.65 W, 34
2026/10/08 03:34:41.483, 6, 120 MHz, 3996 MHz, 184.83 W, 30
2026/10/08 03:34:41.483, 7, 120 MHz, 3996 MHz, 184.60 W, 29
2026/10/08 03:34:42.483, 0, 120 MHz, 3996 MHz, 184.47 W, 33
2026/10/08 03:34:42.483, 1, 120 MHz, 3996 MHz, 186.36 W, 35
2026/10/08 03:34:42.483, 2, 2032 MHz, 3996 MHz, 236.66 W, 31
2026/10/08 03:34:42.483, 3, 2032 MHz, 3996 MHz, 236.66 W, 32
2026/10/08 03:34:42.483, 4, 120 MHz, 3996 MHz, 183.17 W, 35
2026/10/08 03:34:42.483, 5, 120 MHz, 3996 MHz, 182.65 W, 34
2026/10/08 03:34:42.483, 6, 120 MHz, 3996 MHz, 184.83 W, 30
2026/10/08 03:34:42.483, 7, 120 MHz, 3996 MHz, 184.61 W, 29
2026/10/08 03:34:43.484, 0, 120 MHz, 3996 MHz, 184.47 W, 33
2026/10/08 03:34:43.484, 1, 120 MHz, 3996 MHz, 186.44 W, 35
2026/10/08 03:34:43.484, 2, 2032 MHz, 3996 MHz, 236.66 W, 31
2026/10/08 03:34:43.484, 3, 2032 MHz, 3996 MHz, 236.66 W, 32
2026/10/08 03:34:43.484, 4, 120 MHz, 3996 MHz, 183.06 W, 35
2026/10/08 03:34:43.484, 5, 120 MHz, 3996 MHz, 182.65 W, 34
2026/10/08 03:34:43.484, 6, 120 MHz, 3996 MHz, 184.83 W, 30
2026/10/08 03:34:43.484, 7, 120 MHz, 3996 MHz, 184.62 W, 29
2026/10/08 03:34:44.484, 0, 120 MHz, 3996 MHz, 184.47 W, 33
2026/10/08 03:34:44.484, 1, 120 MHz, 3996 MHz, 186.40 W, 35
2026/10/08 03:34:44.484, 2, 2032 MHz, 3996 MHz, 236.66 W, 32
2026/10/08 03:34:44.484, 3, 2032 MHz, 3996 MHz, 236.66 W, 32
2026/10/08 03:34:44.484, 4, 120 MHz, 3996 MHz, 183.10 W, 35
2026/10/08 03:34:44.484, 5, 120 MHz, 3996 MHz, 182.60 W, 34
2026/10/08 03:34:44.484, 6, 120 MHz, 3996 MHz, 184.83 W, 30
2026/10/08 03:34:44.484, 7, 120 MHz, 3996 MHz, 184.61 W, 29
2026/10/08 03:34:45.484, 0, 120 MHz, 3996 MHz, 184.47 W, 33
2026/10/08 03:34:45.484, 1, 120 MHz, 3996 MHz, 186.40 W, 35
2026/10/08 03:34:45.484, 2, 2032 MHz, 3996 MHz, 236.66 W, 32
2026/10/08 03:34:45.484, 3, 2032 MHz, 3996 MHz, 236.66 W, 32
2026/10/08 03:34:45.484, 4, 120 MHz, 3996 MHz, 183.14 W, 35
2026/10/08 03:34:45.484, 5, 120 MHz, 3996 MHz, 182.64 W, 34
2026/10/08 03:34:45.484, 6, 120 MHz, 3996 MHz, 184.83 W, 30
2026/10/08 03:34:45.484, 7, 120 MHz, 3996 MHz, 184.60 W, 29
2026/10/08 03:34:46.485, 0, 120 MHz, 3996 MHz, 184.47 W, 33
2026/10/08 03:34:46.485, 1, 120 MHz, 3996 MHz, 186.44 W, 35
2026/10/08 03:34:46.485, 2, 1327 MHz, 3996 MHz, 350.92 W, 43
2026/10/08 03:34:46.485, 3, 2032 MHz, 3996 MHz, 236.58 W, 32
2026/10/08 03:34:46.485, 4, 120 MHz, 3996 MHz, 183.11 W, 35
2026/10/08 03:34:46.485, 5, 120 MHz, 3996 MHz, 182.65 W, 34
2026/10/08 03:34:46.485, 6, 120 MHz, 3996 MHz, 184.83 W, 30
2026/10/08 03:34:46.485, 7, 120 MHz, 3996 MHz, 184.59 W, 29
2026/10/08 03:34:47.485, 0, 120 MHz, 3996 MHz, 184.47 W, 33
2026/10/08 03:34:47.485, 1, 120 MHz, 3996 MHz, 186.48 W, 35
2026/10/08 03:34:47.485, 2, 2032 MHz, 3996 MHz, 473.41 W, 33
2026/10/08 03:34:47.485, 3, 2032 MHz, 3996 MHz, 236.53 W, 32
2026/10/08 03:34:47.485, 4, 120 MHz, 3996 MHz, 183.22 W, 35
2026/10/08 03:34:47.485, 5, 120 MHz, 3996 MHz, 182.65 W, 34
2026/10/08 03:34:47.485, 6, 120 MHz, 3996 MHz, 184.83 W, 30
2026/10/08 03:34:47.485, 7, 120 MHz, 3996 MHz, 184.60 W, 29
2026/10/08 03:34:48.485, 0, 120 MHz, 3996 MHz, 184.47 W, 33
2026/10/08 03:34:48.485, 1, 120 MHz, 3996 MHz, 186.48 W, 35
2026/10/08 03:34:48.485, 2, 1867 MHz, 3996 MHz, 701.93 W, 44
2026/10/08 03:34:48.485, 3, 2032 MHz, 3996 MHz, 576.11 W, 36
2026/10/08 03:34:48.485, 4, 120 MHz, 3996 MHz, 183.38 W, 35
2026/10/08 03:34:48.485, 5, 120 MHz, 3996 MHz, 182.65 W, 34
2026/10/08 03:34:48.485, 6, 120 MHz, 3996 MHz, 184.83 W, 30
2026/10/08 03:34:48.485, 7, 120 MHz, 3996 MHz, 184.63 W, 29
2026/10/08 03:34:49.486, 0, 120 MHz, 3996 MHz, 184.47 W, 33
2026/10/08 03:34:49.486, 1, 120 MHz, 3996 MHz, 186.48 W, 35
2026/10/08 03:34:49.486, 2, 2032 MHz, 3996 MHz, 781.84 W, 41
2026/10/08 03:34:49.486, 3, 1380 MHz, 3996 MHz, 376.19 W, 44
2026/10/08 03:34:49.486, 4, 120 MHz, 3996 MHz, 183.10 W, 35
2026/10/08 03:34:49.486, 5, 120 MHz, 3996 MHz, 182.64 W, 34
2026/10/08 03:34:49.486, 6, 120 MHz, 3996 MHz, 184.83 W, 30
2026/10/08 03:34:49.486, 7, 120 MHz, 3996 MHz, 184.61 W, 29
2026/10/08 03:34:50.486, 0, 120 MHz, 3996 MHz, 184.47 W, 33
2026/10/08 03:34:50.486, 1, 120 MHz, 3996 MHz, 186.55 W, 36
2026/10/08 03:34:50.486, 2, 2032 MHz, 3996 MHz, 792.05 W, 41
2026/10/08 03:34:50.486, 3, 2032 MHz, 3996 MHz, 897.00 W, 41
2026/10/08 03:34:50.486, 4, 120 MHz, 3996 MHz, 183.42 W, 35
2026/10/08 03:34:50.486, 5, 120 MHz, 3996 MHz, 182.65 W, 34
2026/10/08 03:34:50.486, 6, 120 MHz, 3996 MHz, 184.83 W, 30
2026/10/08 03:34:50.486, 7, 120 MHz, 3996 MHz, 184.60 W, 29
2026/10/08 03:34:51.486, 0, 120 MHz, 3996 MHz, 184.47 W, 33
2026/10/08 03:34:51.486, 1, 120 MHz, 3996 MHz, 186.83 W, 36
2026/10/08 03:34:51.486, 2, 2032 MHz, 3996 MHz, 793.82 W, 42
2026/10/08 03:34:51.486, 3, 2032 MHz, 3996 MHz, 787.52 W, 41
2026/10/08 03:34:51.486, 4, 120 MHz, 3996 MHz, 183.45 W, 35
2026/10/08 03:34:51.486, 5, 120 MHz, 3996 MHz, 182.65 W, 34
2026/10/08 03:34:51.486, 6, 120 MHz, 3996 MHz, 184.83 W, 30
2026/10/08 03:34:51.486, 7, 120 MHz, 3996 MHz, 184.60 W, 29
2026/10/08 03:34:52.486, 0, 120 MHz, 3996 MHz, 184.47 W, 33
2026/10/08 03:34:52.486, 1, 120 MHz, 3996 MHz, 186.75 W, 36
2026/10/08 03:34:52.486, 2, 1342 MHz, 3996 MHz, 854.99 W, 51
2026/10/08 03:34:52.486, 3, 2032 MHz, 3996 MHz, 792.64 W, 42
2026/10/08 03:34:52.486, 4, 120 MHz, 3996 MHz, 183.66 W, 35
2026/10/08 03:34:52.486, 5, 120 MHz, 3996 MHz, 182.65 W, 34
2026/10/08 03:34:52.487, 6, 120 MHz, 3996 MHz, 184.83 W, 30
2026/10/08 03:34:52.487, 7, 120 MHz, 3996 MHz, 184.61 W, 29
2026/10/08 03:34:53.487, 0, 120 MHz, 3996 MHz, 184.47 W, 33
2026/10/08 03:34:53.487, 1, 120 MHz, 3996 MHz, 186.59 W, 36
2026/10/08 03:34:53.487, 2, 2032 MHz, 3996 MHz, 877.93 W, 43
2026/10/08 03:34:53.487, 3, 2032 MHz, 3996 MHz, 797.23 W, 42
2026/10/08 03:34:53.487, 4, 120 MHz, 3996 MHz, 183.07 W, 35
2026/10/08 03:34:53.487, 5, 120 MHz, 3996 MHz, 182.65 W, 34
2026/10/08 03:34:53.487, 6, 120 MHz, 3996 MHz, 184.83 W, 30
2026/10/08 03:34:53.487, 7, 120 MHz, 3996 MHz, 184.59 W, 29
2026/10/08 03:34:54.487, 0, 120 MHz, 3996 MHz, 184.47 W, 33
2026/10/08 03:34:54.487, 1, 120 MHz, 3996 MHz, 186.91 W, 36
2026/10/08 03:34:54.487, 2, 2032 MHz, 3996 MHz, 793.15 W, 43
2026/10/08 03:34:54.487, 3, 2032 MHz, 3996 MHz, 951.35 W, 44
2026/10/08 03:34:54.487, 4, 120 MHz, 3996 MHz, 183.58 W, 35
2026/10/08 03:34:54.487, 5, 120 MHz, 3996 MHz, 182.60 W, 34
2026/10/08 03:34:54.487, 6, 120 MHz, 3996 MHz, 184.83 W, 30
2026/10/08 03:34:54.487, 7, 120 MHz, 3996 MHz, 184.60 W, 29
2026/10/08 03:34:55.487, 0, 120 MHz, 3996 MHz, 184.47 W, 33
2026/10/08 03:34:55.487, 1, 120 MHz, 3996 MHz, 186.79 W, 36
2026/10/08 03:34:55.487, 2, 2032 MHz, 3996 MHz, 795.03 W, 43
2026/10/08 03:34:55.487, 3, 2032 MHz, 3996 MHz, 792.24 W, 43
2026/10/08 03:34:55.487, 4, 120 MHz, 3996 MHz, 183.38 W, 35
2026/10/08 03:34:55.487, 5, 120 MHz, 3996 MHz, 182.65 W, 34
2026/10/08 03:34:55.487, 6, 120 MHz, 3996 MHz, 184.83 W, 30
2026/10/08 03:34:55.487, 7, 120 MHz, 3996 MHz, 184.61 W, 29
2026/10/08 03:34:56.488, 0, 120 MHz, 3996 MHz, 184.51 W, 33
2026/10/08 03:34:56.488, 1, 120 MHz, 3996 MHz, 187.02 W, 36
2026/10/08 03:34:56.488, 2, 2032 MHz, 3996 MHz, 797.66 W, 43
2026/10/08 03:34:56.488, 3, 2032 MHz, 3996 MHz, 793.45 W, 43
2026/10/08 03:34:56.488, 4, 120 MHz, 3996 MHz, 183.48 W, 35
2026/10/08 03:34:56.488, 5, 120 MHz, 3996 MHz, 182.57 W, 34
2026/10/08 03:34:56.488, 6, 120 MHz, 3996 MHz, 184.83 W, 30
2026/10/08 03:34:56.488, 7, 120 MHz, 3996 MHz, 184.62 W, 29
2026/10/08 03:34:57.488, 0, 120 MHz, 3996 MHz, 184.47 W, 34
2026/10/08 03:34:57.488, 1, 120 MHz, 3996 MHz, 187.12 W, 36
2026/10/08 03:34:57.488, 2, 2032 MHz, 3996 MHz, 939.15 W, 45
2026/10/08 03:34:57.488, 3, 2032 MHz, 3996 MHz, 796.69 W, 43
2026/10/08 03:34:57.488, 4, 120 MHz, 3996 MHz, 183.60 W, 35
2026/10/08 03:34:57.488, 5, 120 MHz, 3996 MHz, 182.61 W, 34
2026/10/08 03:34:57.488, 6, 120 MHz, 3996 MHz, 184.83 W, 30
2026/10/08 03:34:57.488, 7, 120 MHz, 3996 MHz, 184.62 W, 29
2026/10/08 03:34:58.488, 0, 120 MHz, 3996 MHz, 184.47 W, 34
2026/10/08 03:34:58.488, 1, 120 MHz, 3996 MHz, 187.18 W, 36
2026/10/08 03:34:58.488, 2, 2032 MHz, 3996 MHz, 793.66 W, 44
2026/10/08 03:34:58.488, 3, 1860 MHz, 3996 MHz, 953.80 W, 49
2026/10/08 03:34:58.488, 4, 120 MHz, 3996 MHz, 183.79 W, 35
2026/10/08 03:34:58.488, 5, 120 MHz, 3996 MHz, 182.65 W, 34
2026/10/08 03:34:58.488, 6, 120 MHz, 3996 MHz, 184.83 W, 30
2026/10/08 03:34:58.488, 7, 120 MHz, 3996 MHz, 184.62 W, 29
2026/10/08 03:34:59.488, 0, 120 MHz, 3996 MHz, 184.47 W, 34
2026/10/08 03:34:59.488, 1, 120 MHz, 3996 MHz, 187.50 W, 36
2026/10/08 03:34:59.488, 2, 2032 MHz, 3996 MHz, 797.69 W, 44
2026/10/08 03:34:59.488, 3, 2032 MHz, 3996 MHz, 790.39 W, 44
2026/10/08 03:34:59.488, 4, 120 MHz, 3996 MHz, 183.63 W, 35
2026/10/08 03:34:59.489, 5, 120 MHz, 3996 MHz, 182.65 W, 34
2026/10/08 03:34:59.489, 6, 120 MHz, 3996 MHz, 184.83 W, 31
2026/10/08 03:34:59.489, 7, 120 MHz, 3996 MHz, 184.63 W, 29
2026/10/08 03:35:00.489, 0, 120 MHz, 3996 MHz, 184.54 W, 34
2026/10/08 03:35:00.489, 1, 120 MHz, 3996 MHz, 187.72 W, 36
2026/10/08 03:35:00.489, 2, 2032 MHz, 3996 MHz, 798.59 W, 44
2026/10/08 03:35:00.489, 3, 2032 MHz, 3996 MHz, 794.84 W, 44
2026/10/08 03:35:00.489, 4, 120 MHz, 3996 MHz, 184.13 W, 35
2026/10/08 03:35:00.489, 5, 120 MHz, 3996 MHz, 182.65 W, 34
2026/10/08 03:35:00.489, 6, 120 MHz, 3996 MHz, 184.83 W, 31
2026/10/08 03:35:00.489, 7, 120 MHz, 3996 MHz, 184.63 W, 29
2026/10/08 03:35:01.489, 0, 120 MHz, 3996 MHz, 184.51 W, 34
2026/10/08 03:35:01.489, 1, 120 MHz, 3996 MHz, 187.46 W, 36
2026/10/08 03:35:01.489, 2, 1305 MHz, 3996 MHz, 956.03 W, 54
2026/10/08 03:35:01.489, 3, 2032 MHz, 3996 MHz, 801.32 W, 45
2026/10/08 03:35:01.489, 4, 120 MHz, 3996 MHz, 184.04 W, 35
2026/10/08 03:35:01.489, 5, 120 MHz, 3996 MHz, 182.65 W, 34
2026/10/08 03:35:01.489, 6, 120 MHz, 3996 MHz, 184.83 W, 31
2026/10/08 03:35:01.489, 7, 120 MHz, 3996 MHz, 184.61 W, 29
2026/10/08 03:35:02.489, 0, 120 MHz, 3996 MHz, 184.51 W, 34
2026/10/08 03:35:02.489, 1, 120 MHz, 3996 MHz, 187.80 W, 36
2026/10/08 03:35:02.489, 2, 2032 MHz, 3996 MHz, 776.67 W, 45
2026/10/08 03:35:02.489, 3, 1342 MHz, 3996 MHz, 916.10 W, 54
2026/10/08 03:35:02.489, 4, 120 MHz, 3996 MHz, 184.11 W, 35
2026/10/08 03:35:02.489, 5, 120 MHz, 3996 MHz, 182.65 W, 34
2026/10/08 03:35:02.489, 6, 120 MHz, 3996 MHz, 184.83 W, 31
2026/10/08 03:35:02.489, 7, 120 MHz, 3996 MHz, 184.60 W, 29
2026/10/08 03:35:03.490, 0, 120 MHz, 3996 MHz, 184.58 W, 34
2026/10/08 03:35:03.490, 1, 120 MHz, 3996 MHz, 188.11 W, 36
2026/10/08 03:35:03.490, 2, 2032 MHz, 3996 MHz, 796.34 W, 45
2026/10/08 03:35:03.490, 3, 2032 MHz, 3996 MHz, 844.78 W, 46
2026/10/08 03:35:03.490, 4, 120 MHz, 3996 MHz, 184.08 W, 35
2026/10/08 03:35:03.490, 5, 120 MHz, 3996 MHz, 182.65 W, 34
2026/10/08 03:35:03.490, 6, 120 MHz, 3996 MHz, 184.83 W, 31
2026/10/08 03:35:03.490, 7, 120 MHz, 3996 MHz, 184.60 W, 29
2026/10/08 03:35:04.490, 0, 120 MHz, 3996 MHz, 184.77 W, 34
2026/10/08 03:35:04.490, 1, 120 MHz, 3996 MHz, 188.19 W, 36
2026/10/08 03:35:04.490, 2, 2032 MHz, 3996 MHz, 798.95 W, 45
2026/10/08 03:35:04.490, 3, 2032 MHz, 3996 MHz, 796.10 W, 45
2026/10/08 03:35:04.490, 4, 120 MHz, 3996 MHz, 184.02 W, 35
2026/10/08 03:35:04.490, 5, 120 MHz, 3996 MHz, 182.64 W, 34
2026/10/08 03:35:04.490, 6, 120 MHz, 3996 MHz, 184.83 W, 31
2026/10/08 03:35:04.490, 7, 120 MHz, 3996 MHz, 184.64 W, 29
2026/10/08 03:35:05.490, 0, 120 MHz, 3996 MHz, 185.04 W, 34
2026/10/08 03:35:05.490, 1, 120 MHz, 3996 MHz, 188.07 W, 36
2026/10/08 03:35:05.490, 2, 1357 MHz, 3996 MHz, 873.66 W, 54
2026/10/08 03:35:05.490, 3, 2032 MHz, 3996 MHz, 799.04 W, 46
2026/10/08 03:35:05.490, 4, 120 MHz, 3996 MHz, 184.13 W, 35
2026/10/08 03:35:05.490, 5, 120 MHz, 3996 MHz, 182.61 W, 34
2026/10/08 03:35:05.490, 6, 120 MHz, 3996 MHz, 184.83 W, 31
2026/10/08 03:35:05.490, 7, 120 MHz, 3996 MHz, 184.60 W, 30
2026/10/08 03:35:06.490, 0, 120 MHz, 3996 MHz, 185.24 W, 34
2026/10/08 03:35:06.490, 1, 120 MHz, 3996 MHz, 188.07 W, 37
2026/10/08 03:35:06.491, 2, 2032 MHz, 3996 MHz, 891.29 W, 46
2026/10/08 03:35:06.491, 3, 2032 MHz, 3996 MHz, 805.35 W, 46
2026/10/08 03:35:06.491, 4, 120 MHz, 3996 MHz, 184.13 W, 35
2026/10/08 03:35:06.491, 5, 120 MHz, 3996 MHz, 182.65 W, 34
2026/10/08 03:35:06.491, 6, 120 MHz, 3996 MHz, 184.83 W, 31
2026/10/08 03:35:06.491, 7, 120 MHz, 3996 MHz, 184.64 W, 30
2026/10/08 03:35:07.491, 0, 120 MHz, 3996 MHz, 186.37 W, 34
2026/10/08 03:35:07.491, 1, 120 MHz, 3996 MHz, 188.15 W, 37
2026/10/08 03:35:07.491, 2, 2032 MHz, 3996 MHz, 797.53 W, 46
2026/10/08 03:35:07.491, 3, 2032 MHz, 3996 MHz, 950.95 W, 47
2026/10/08 03:35:07.491, 4, 120 MHz, 3996 MHz, 184.20 W, 35
2026/10/08 03:35:07.491, 5, 120 MHz, 3996 MHz, 182.64 W, 34
2026/10/08 03:35:07.491, 6, 120 MHz, 3996 MHz, 184.83 W, 31
2026/10/08 03:35:07.491, 7, 120 MHz, 3996 MHz, 184.61 W, 30
2026/10/08 03:35:08.491, 0, 120 MHz, 3996 MHz, 186.29 W, 35
2026/10/08 03:35:08.491, 1, 120 MHz, 3996 MHz, 187.60 W, 37
2026/10/08 03:35:08.491, 2, 2032 MHz, 3996 MHz, 801.14 W, 46
2026/10/08 03:35:08.491, 3, 2032 MHz, 3996 MHz, 797.65 W, 46
2026/10/08 03:35:08.491, 4, 120 MHz, 3996 MHz, 184.17 W, 35
2026/10/08 03:35:08.491, 5, 120 MHz, 3996 MHz, 182.61 W, 34
2026/10/08 03:35:08.491, 6, 120 MHz, 3996 MHz, 184.83 W, 31
2026/10/08 03:35:08.491, 7, 120 MHz, 3996 MHz, 184.63 W, 30
2026/10/08 03:35:09.491, 0, 120 MHz, 3996 MHz, 186.41 W, 35
2026/10/08 03:35:09.491, 1, 120 MHz, 3996 MHz, 187.62 W, 37
2026/10/08 03:35:09.491, 2, 2032 MHz, 3996 MHz, 802.59 W, 47
2026/10/08 03:35:09.491, 3, 2032 MHz, 3996 MHz, 802.93 W, 47
2026/10/08 03:35:09.491, 4, 120 MHz, 3996 MHz, 184.32 W, 35
2026/10/08 03:35:09.491, 5, 120 MHz, 3996 MHz, 182.65 W, 34
2026/10/08 03:35:09.491, 6, 120 MHz, 3996 MHz, 185.07 W, 31
2026/10/08 03:35:09.491, 7, 120 MHz, 3996 MHz, 184.59 W, 30
2026/10/08 03:35:10.492, 0, 120 MHz, 3996 MHz, 186.41 W, 35
2026/10/08 03:35:10.492, 1, 120 MHz, 3996 MHz, 187.95 W, 37
2026/10/08 03:35:10.492, 2, 2032 MHz, 3996 MHz, 948.95 W, 48
2026/10/08 03:35:10.492, 3, 2032 MHz, 3996 MHz, 802.84 W, 47
2026/10/08 03:35:10.492, 4, 120 MHz, 3996 MHz, 184.47 W, 36
2026/10/08 03:35:10.492, 5, 120 MHz, 3996 MHz, 182.64 W, 34
2026/10/08 03:35:10.492, 6, 120 MHz, 3996 MHz, 184.95 W, 31
2026/10/08 03:35:10.492, 7, 120 MHz, 3996 MHz, 184.63 W, 30
2026/10/08 03:35:11.492, 0, 120 MHz, 3996 MHz, 186.41 W, 35
2026/10/08 03:35:11.492, 1, 120 MHz, 3996 MHz, 187.85 W, 37
2026/10/08 03:35:11.492, 2, 2032 MHz, 3996 MHz, 797.23 W, 47
2026/10/08 03:35:11.492, 3, 2010 MHz, 3996 MHz, 952.39 W, 50
2026/10/08 03:35:11.492, 4, 120 MHz, 3996 MHz, 184.43 W, 36
2026/10/08 03:35:11.492, 5, 120 MHz, 3996 MHz, 182.65 W, 34
2026/10/08 03:35:11.492, 6, 120 MHz, 3996 MHz, 184.91 W, 31
2026/10/08 03:35:11.492, 7, 120 MHz, 3996 MHz, 184.59 W, 30
2026/10/08 03:35:12.492, 0, 120 MHz, 3996 MHz, 186.41 W, 35
2026/10/08 03:35:12.492, 1, 120 MHz, 3996 MHz, 188.15 W, 37
2026/10/08 03:35:12.492, 2, 2032 MHz, 3996 MHz, 799.51 W, 47
2026/10/08 03:35:12.492, 3, 2032 MHz, 3996 MHz, 798.30 W, 47
2026/10/08 03:35:12.492, 4, 120 MHz, 3996 MHz, 184.46 W, 36
2026/10/08 03:35:12.492, 5, 120 MHz, 3996 MHz, 182.64 W, 34
2026/10/08 03:35:12.492, 6, 120 MHz, 3996 MHz, 184.95 W, 31
2026/10/08 03:35:12.492, 7, 120 MHz, 3996 MHz, 184.70 W, 30
2026/10/08 03:35:13.493, 0, 120 MHz, 3996 MHz, 186.41 W, 35
2026/10/08 03:35:13.493, 1, 120 MHz, 3996 MHz, 188.11 W, 37
2026/10/08 03:35:13.493, 2, 2032 MHz, 3996 MHz, 802.36 W, 47
2026/10/08 03:35:13.493, 3, 2032 MHz, 3996 MHz, 799.11 W, 48
2026/10/08 03:35:13.493, 4, 120 MHz, 3996 MHz, 184.50 W, 36
2026/10/08 03:35:13.493, 5, 120 MHz, 3996 MHz, 182.64 W, 34
2026/10/08 03:35:13.493, 6, 120 MHz, 3996 MHz, 185.15 W, 31
2026/10/08 03:35:13.493, 7, 120 MHz, 3996 MHz, 184.68 W, 30
2026/10/08 03:35:14.493, 0, 120 MHz, 3996 MHz, 186.41 W, 35
2026/10/08 03:35:14.493, 1, 120 MHz, 3996 MHz, 188.15 W, 37
2026/10/08 03:35:14.493, 2, 1357 MHz, 3996 MHz, 965.31 W, 57
2026/10/08 03:35:14.493, 3, 2032 MHz, 3996 MHz, 803.41 W, 48
2026/10/08 03:35:14.493, 4, 120 MHz, 3996 MHz, 184.47 W, 36
2026/10/08 03:35:14.493, 5, 120 MHz, 3996 MHz, 182.64 W, 34
2026/10/08 03:35:14.493, 6, 120 MHz, 3996 MHz, 185.25 W, 31
2026/10/08 03:35:14.493, 7, 120 MHz, 3996 MHz, 184.71 W, 30
2026/10/08 03:35:15.493, 0, 120 MHz, 3996 MHz, 186.41 W, 35
2026/10/08 03:35:15.493, 1, 120 MHz, 3996 MHz, 188.23 W, 37
2026/10/08 03:35:15.493, 2, 2032 MHz, 3996 MHz, 793.90 W, 48
2026/10/08 03:35:15.493, 3, 1320 MHz, 3996 MHz, 933.71 W, 57
2026/10/08 03:35:15.493, 4, 120 MHz, 3996 MHz, 184.54 W, 36
2026/10/08 03:35:15.493, 5, 120 MHz, 3996 MHz, 182.64 W, 34
2026/10/08 03:35:15.493, 6, 120 MHz, 3996 MHz, 185.06 W, 31
2026/10/08 03:35:15.493, 7, 120 MHz, 3996 MHz, 184.71 W, 30
2026/10/08 03:35:16.493, 0, 120 MHz, 3996 MHz, 186.41 W, 35
2026/10/08 03:35:16.494, 1, 120 MHz, 3996 MHz, 188.23 W, 38
2026/10/08 03:35:16.494, 2, 2032 MHz, 3996 MHz, 803.62 W, 48
2026/10/08 03:35:16.494, 3, 2032 MHz, 3996 MHz, 828.17 W, 48
2026/10/08 03:35:16.494, 4, 120 MHz, 3996 MHz, 184.47 W, 36
2026/10/08 03:35:16.494, 5, 120 MHz, 3996 MHz, 182.72 W, 34
2026/10/08 03:35:16.494, 6, 120 MHz, 3996 MHz, 185.25 W, 31
2026/10/08 03:35:16.494, 7, 120 MHz, 3996 MHz, 184.78 W, 30
2026/10/08 03:35:17.494, 0, 120 MHz, 3996 MHz, 186.41 W, 36
2026/10/08 03:35:17.494, 1, 120 MHz, 3996 MHz, 188.23 W, 38
2026/10/08 03:35:17.494, 2, 2032 MHz, 3996 MHz, 802.85 W, 48
2026/10/08 03:35:17.494, 3, 2032 MHz, 3996 MHz, 800.33 W, 48
2026/10/08 03:35:17.494, 4, 120 MHz, 3996 MHz, 184.58 W, 36
2026/10/08 03:35:17.494, 5, 120 MHz, 3996 MHz, 182.65 W, 34
2026/10/08 03:35:17.494, 6, 120 MHz, 3996 MHz, 185.53 W, 31
2026/10/08 03:35:17.494, 7, 120 MHz, 3996 MHz, 184.91 W, 30
2026/10/08 03:35:18.494, 0, 120 MHz, 3996 MHz, 186.41 W, 36
2026/10/08 03:35:18.494, 1, 120 MHz, 3996 MHz, 188.23 W, 38
2026/10/08 03:35:18.494, 2, 1365 MHz, 3996 MHz, 871.21 W, 57
2026/10/08 03:35:18.494, 3, 2032 MHz, 3996 MHz, 804.18 W, 48
2026/10/08 03:35:18.494, 4, 120 MHz, 3996 MHz, 184.59 W, 36
2026/10/08 03:35:18.494, 5, 120 MHz, 3996 MHz, 182.68 W, 34
2026/10/08 03:35:18.494, 6, 120 MHz, 3996 MHz, 185.53 W, 31
2026/10/08 03:35:18.494, 7, 120 MHz, 3996 MHz, 184.75 W, 30
2026/10/08 03:35:19.494, 0, 120 MHz, 3996 MHz, 186.41 W, 36
2026/10/08 03:35:19.494, 1, 120 MHz, 3996 MHz, 188.23 W, 38
2026/10/08 03:35:19.494, 2, 2032 MHz, 3996 MHz, 888.24 W, 49
2026/10/08 03:35:19.494, 3, 1507 MHz, 3996 MHz, 842.16 W, 55
2026/10/08 03:35:19.494, 4, 120 MHz, 3996 MHz, 184.58 W, 36
2026/10/08 03:35:19.494, 5, 120 MHz, 3996 MHz, 182.64 W, 34
2026/10/08 03:35:19.494, 6, 120 MHz, 3996 MHz, 185.71 W, 31
2026/10/08 03:35:19.494, 7, 120 MHz, 3996 MHz, 185.09 W, 30
2026/10/08 03:35:20.495, 0, 120 MHz, 3996 MHz, 186.41 W, 36
2026/10/08 03:35:20.495, 1, 120 MHz, 3996 MHz, 188.23 W, 38
2026/10/08 03:35:20.495, 2, 2032 MHz, 3996 MHz, 802.30 W, 49
2026/10/08 03:35:20.495, 3, 2032 MHz, 3996 MHz, 915.22 W, 50
2026/10/08 03:35:20.495, 4, 120 MHz, 3996 MHz, 184.57 W, 36
2026/10/08 03:35:20.495, 5, 120 MHz, 3996 MHz, 182.64 W, 34
2026/10/08 03:35:20.495, 6, 120 MHz, 3996 MHz, 185.96 W, 31
2026/10/08 03:35:20.495, 7, 120 MHz, 3996 MHz, 185.01 W, 30
2026/10/08 03:35:21.495, 0, 120 MHz, 3996 MHz, 186.41 W, 36
2026/10/08 03:35:21.495, 1, 120 MHz, 3996 MHz, 188.23 W, 38
2026/10/08 03:35:21.495, 2, 2032 MHz, 3996 MHz, 806.38 W, 49
2026/10/08 03:35:21.495, 3, 2032 MHz, 3996 MHz, 802.19 W, 49
2026/10/08 03:35:21.495, 4, 120 MHz, 3996 MHz, 184.58 W, 36
2026/10/08 03:35:21.495, 5, 120 MHz, 3996 MHz, 182.68 W, 34
2026/10/08 03:35:21.495, 6, 120 MHz, 3996 MHz, 186.17 W, 31
2026/10/08 03:35:21.495, 7, 120 MHz, 3996 MHz, 185.39 W, 30
2026/10/08 03:35:22.495, 0, 120 MHz, 3996 MHz, 186.41 W, 36
2026/10/08 03:35:22.495, 1, 120 MHz, 3996 MHz, 188.23 W, 38
2026/10/08 03:35:22.495, 2, 2032 MHz, 3996 MHz, 806.41 W, 49
2026/10/08 03:35:22.495, 3, 2032 MHz, 3996 MHz, 804.02 W, 49
2026/10/08 03:35:22.495, 4, 120 MHz, 3996 MHz, 184.24 W, 36
2026/10/08 03:35:22.495, 5, 120 MHz, 3996 MHz, 182.65 W, 35
2026/10/08 03:35:22.495, 6, 120 MHz, 3996 MHz, 185.96 W, 32
2026/10/08 03:35:22.495, 7, 120 MHz, 3996 MHz, 185.38 W, 30
2026/10/08 03:35:23.496, 0, 120 MHz, 3996 MHz, 186.41 W, 36
2026/10/08 03:35:23.496, 1, 120 MHz, 3996 MHz, 188.23 W, 38
2026/10/08 03:35:23.496, 2, 2032 MHz, 3996 MHz, 933.98 W, 50
2026/10/08 03:35:23.496, 3, 2032 MHz, 3996 MHz, 807.18 W, 49
2026/10/08 03:35:23.496, 4, 120 MHz, 3996 MHz, 183.38 W, 36
2026/10/08 03:35:23.496, 5, 120 MHz, 3996 MHz, 182.65 W, 35
2026/10/08 03:35:23.496, 6, 120 MHz, 3996 MHz, 186.17 W, 32
2026/10/08 03:35:23.496, 7, 120 MHz, 3996 MHz, 185.52 W, 30
2026/10/08 03:35:24.496, 0, 120 MHz, 3996 MHz, 186.41 W, 36
2026/10/08 03:35:24.496, 1, 120 MHz, 3996 MHz, 188.23 W, 39
2026/10/08 03:35:24.496, 2, 2032 MHz, 3996 MHz, 801.03 W, 49
2026/10/08 03:35:24.496, 3, 2032 MHz, 3996 MHz, 948.35 W, 51
2026/10/08 03:35:24.496, 4, 120 MHz, 3996 MHz, 183.61 W, 36
2026/10/08 03:35:24.496, 5, 120 MHz, 3996 MHz, 182.64 W, 35
2026/10/08 03:35:24.496, 6, 120 MHz, 3996 MHz, 186.28 W, 32
2026/10/08 03:35:24.496, 7, 120 MHz, 3996 MHz, 185.51 W, 30
2026/10/08 03:35:25.496, 0, 120 MHz, 3996 MHz, 186.41 W, 37
2026/10/08 03:35:25.496, 1, 120 MHz, 3996 MHz, 188.23 W, 39
2026/10/08 03:35:25.496, 2, 2032 MHz, 3996 MHz, 805.22 W, 50
2026/10/08 03:35:25.496, 3, 2032 MHz, 3996 MHz, 802.41 W, 50
2026/10/08 03:35:25.496, 4, 120 MHz, 3996 MHz, 183.93 W, 36
2026/10/08 03:35:25.496, 5, 120 MHz, 3996 MHz, 182.72 W, 35
2026/10/08 03:35:25.496, 6, 120 MHz, 3996 MHz, 186.21 W, 32
2026/10/08 03:35:25.496, 7, 120 MHz, 3996 MHz, 185.55 W, 31
2026/10/08 03:35:26.496, 0, 120 MHz, 3996 MHz, 186.41 W, 37
2026/10/08 03:35:26.496, 1, 120 MHz, 3996 MHz, 188.23 W, 39
2026/10/08 03:35:26.496, 2, 2032 MHz, 3996 MHz, 805.61 W, 50
2026/10/08 03:35:26.496, 3, 2032 MHz, 3996 MHz, 807.93 W, 50
2026/10/08 03:35:26.496, 4, 120 MHz, 3996 MHz, 183.55 W, 36
2026/10/08 03:35:26.496, 5, 120 MHz, 3996 MHz, 182.76 W, 35
2026/10/08 03:35:26.496, 6, 120 MHz, 3996 MHz, 186.50 W, 32
2026/10/08 03:35:26.496, 7, 120 MHz, 3996 MHz, 185.80 W, 31
2026/10/08 03:35:27.497, 0, 120 MHz, 3996 MHz, 186.41 W, 37
2026/10/08 03:35:27.497, 1, 120 MHz, 3996 MHz, 188.23 W, 39
2026/10/08 03:35:27.497, 2, 1305 MHz, 3996 MHz, 959.69 W, 59
2026/10/08 03:35:27.497, 3, 2032 MHz, 3996 MHz, 806.76 W, 50
2026/10/08 03:35:27.497, 4, 120 MHz, 3996 MHz, 184.11 W, 36
2026/10/08 03:35:27.497, 5, 120 MHz, 3996 MHz, 182.65 W, 35
2026/10/08 03:35:27.497, 6, 120 MHz, 3996 MHz, 186.28 W, 32
2026/10/08 03:35:27.497, 7, 120 MHz, 3996 MHz, 185.75 W, 31
2026/10/08 03:35:28.497, 0, 120 MHz, 3996 MHz, 186.41 W, 37
2026/10/08 03:35:28.497, 1, 120 MHz, 3996 MHz, 188.23 W, 39
2026/10/08 03:35:28.497, 2, 2032 MHz, 3996 MHz, 802.99 W, 50
2026/10/08 03:35:28.497, 3, 1305 MHz, 3996 MHz, 960.05 W, 60
2026/10/08 03:35:28.497, 4, 120 MHz, 3996 MHz, 183.78 W, 36
2026/10/08 03:35:28.497, 5, 120 MHz, 3996 MHz, 182.72 W, 35
2026/10/08 03:35:28.497, 6, 120 MHz, 3996 MHz, 186.17 W, 32
2026/10/08 03:35:28.497, 7, 120 MHz, 3996 MHz, 186.15 W, 31
2026/10/08 03:35:29.497, 0, 120 MHz, 3996 MHz, 186.41 W, 37
2026/10/08 03:35:29.497, 1, 120 MHz, 3996 MHz, 188.23 W, 39
2026/10/08 03:35:29.497, 2, 2032 MHz, 3996 MHz, 807.16 W, 50
2026/10/08 03:35:29.497, 3, 2032 MHz, 3996 MHz, 797.54 W, 51
2026/10/08 03:35:29.497, 4, 120 MHz, 3996 MHz, 184.01 W, 36
2026/10/08 03:35:29.497, 5, 120 MHz, 3996 MHz, 182.80 W, 35
2026/10/08 03:35:29.497, 6, 120 MHz, 3996 MHz, 184.87 W, 32
2026/10/08 03:35:29.497, 7, 120 MHz, 3996 MHz, 185.89 W, 31
2026/10/08 03:35:30.497, 0, 120 MHz, 3996 MHz, 186.41 W, 37
2026/10/08 03:35:30.498, 1, 120 MHz, 3996 MHz, 188.23 W, 39
2026/10/08 03:35:30.498, 2, 2032 MHz, 3996 MHz, 809.42 W, 50
2026/10/08 03:35:30.498, 3, 2032 MHz, 3996 MHz, 811.78 W, 51
2026/10/08 03:35:30.498, 4, 120 MHz, 3996 MHz, 184.19 W, 36
2026/10/08 03:35:30.498, 5, 120 MHz, 3996 MHz, 182.87 W, 35
2026/10/08 03:35:30.498, 6, 120 MHz, 3996 MHz, 184.87 W, 32
2026/10/08 03:35:30.498, 7, 120 MHz, 3996 MHz, 186.19 W, 31
2026/10/08 03:35:31.498, 0, 120 MHz, 3996 MHz, 186.41 W, 37
2026/10/08 03:35:31.498, 1, 120 MHz, 3996 MHz, 188.23 W, 39
2026/10/08 03:35:31.498, 2, 2032 MHz, 3996 MHz, 723.98 W, 47
2026/10/08 03:35:31.498, 3, 2032 MHz, 3996 MHz, 809.91 W, 51
2026/10/08 03:35:31.498, 4, 120 MHz, 3996 MHz, 184.27 W, 36
2026/10/08 03:35:31.498, 5, 120 MHz, 3996 MHz, 182.79 W, 35
2026/10/08 03:35:31.498, 6, 120 MHz, 3996 MHz, 184.95 W, 32
2026/10/08 03:35:31.498, 7, 120 MHz, 3996 MHz, 186.34 W, 31
2026/10/08 03:35:32.499, 0, 120 MHz, 3996 MHz, 186.41 W, 37
2026/10/08 03:35:32.499, 1, 120 MHz, 3996 MHz, 188.23 W, 39
2026/10/08 03:35:32.499, 2, 2032 MHz, 3996 MHz, 256.12 W, 43
2026/10/08 03:35:32.499, 3, 2032 MHz, 3996 MHz, 666.46 W, 46
2026/10/08 03:35:32.499, 4, 120 MHz, 3996 MHz, 184.32 W, 36
2026/10/08 03:35:32.499, 5, 120 MHz, 3996 MHz, 182.99 W, 35
2026/10/08 03:35:32.499, 6, 120 MHz, 3996 MHz, 184.91 W, 32
2026/10/08 03:35:32.499, 7, 120 MHz, 3996 MHz, 186.40 W, 31
2026/10/08 03:35:33.499, 0, 120 MHz, 3996 MHz, 186.41 W, 38
2026/10/08 03:35:33.499, 1, 120 MHz, 3996 MHz, 188.23 W, 40
2026/10/08 03:35:33.499, 2, 2032 MHz, 3996 MHz, 247.98 W, 42
2026/10/08 03:35:33.499, 3, 2032 MHz, 3996 MHz, 259.27 W, 43
2026/10/08 03:35:33.499, 4, 120 MHz, 3996 MHz, 184.51 W, 36
2026/10/08 03:35:33.499, 5, 120 MHz, 3996 MHz, 182.91 W, 35
2026/10/08 03:35:33.499, 6, 120 MHz, 3996 MHz, 184.91 W, 32
2026/10/08 03:35:33.499, 7, 120 MHz, 3996 MHz, 186.55 W, 31
2026/10/08 03:35:34.500, 0, 120 MHz, 3996 MHz, 186.41 W, 38
2026/10/08 03:35:34.500, 1, 120 MHz, 3996 MHz, 188.30 W, 40
2026/10/08 03:35:34.500, 2, 2032 MHz, 3996 MHz, 242.51 W, 42
2026/10/08 03:35:34.500, 3, 2032 MHz, 3996 MHz, 245.96 W, 42
2026/10/08 03:35:34.500, 4, 120 MHz, 3996 MHz, 184.32 W, 36
2026/10/08 03:35:34.500, 5, 120 MHz, 3996 MHz, 182.76 W, 35
2026/10/08 03:35:34.500, 6, 120 MHz, 3996 MHz, 185.30 W, 32
2026/10/08 03:35:34.500, 7, 120 MHz, 3996 MHz, 186.35 W, 31
2026/10/08 03:35:35.500, 0, 120 MHz, 3996 MHz, 186.41 W, 38
2026/10/08 03:35:35.500, 1, 120 MHz, 3996 MHz, 188.23 W, 40
2026/10/08 03:35:35.500, 2, 2032 MHz, 3996 MHz, 242.45 W, 41
2026/10/08 03:35:35.500, 3, 2032 MHz, 3996 MHz, 244.59 W, 42
2026/10/08 03:35:35.500, 4, 120 MHz, 3996 MHz, 184.16 W, 36
2026/10/08 03:35:35.500, 5, 120 MHz, 3996 MHz, 182.88 W, 35
2026/10/08 03:35:35.500, 6, 120 MHz, 3996 MHz, 185.33 W, 32
2026/10/08 03:35:35.500, 7, 120 MHz, 3996 MHz, 186.51 W, 31
2026/10/08 03:35:36.500, 0, 120 MHz, 3996 MHz, 186.41 W, 38
2026/10/08 03:35:36.500, 1, 120 MHz, 3996 MHz, 188.38 W, 40
2026/10/08 03:35:36.500, 2, 2032 MHz, 3996 MHz, 242.48 W, 41
2026/10/08 03:35:36.500, 3, 2032 MHz, 3996 MHz, 244.48 W, 41
2026/10/08 03:35:36.500, 4, 120 MHz, 3996 MHz, 184.19 W, 36
2026/10/08 03:35:36.500, 5, 120 MHz, 3996 MHz, 182.99 W, 35
2026/10/08 03:35:36.500, 6, 120 MHz, 3996 MHz, 185.46 W, 32
2026/10/08 03:35:36.500, 7, 120 MHz, 3996 MHz, 186.54 W, 31
2026/10/08 03:35:37.501, 0, 120 MHz, 3996 MHz, 186.68 W, 38
2026/10/08 03:35:37.501, 1, 120 MHz, 3996 MHz, 188.65 W, 40
2026/10/08 03:35:37.501, 2, 2032 MHz, 3996 MHz, 242.51 W, 41
2026/10/08 03:35:37.501, 3, 2032 MHz, 3996 MHz, 244.48 W, 41
2026/10/08 03:35:37.501, 4, 120 MHz, 3996 MHz, 184.32 W, 36
2026/10/08 03:35:37.501, 5, 120 MHz, 3996 MHz, 183.29 W, 35
2026/10/08 03:35:37.501, 6, 120 MHz, 3996 MHz, 185.60 W, 32
2026/10/08 03:35:37.501, 7, 120 MHz, 3996 MHz, 186.53 W, 31
2026/10/08 03:35:38.501, 0, 120 MHz, 3996 MHz, 186.68 W, 38
2026/10/08 03:35:38.501, 1, 120 MHz, 3996 MHz, 189.07 W, 40
2026/10/08 03:35:38.501, 2, 2032 MHz, 3996 MHz, 242.76 W, 40
2026/10/08 03:35:38.501, 3, 2032 MHz, 3996 MHz, 244.64 W, 41
2026/10/08 03:35:38.501, 4, 120 MHz, 3996 MHz, 184.32 W, 36
2026/10/08 03:35:38.501, 5, 120 MHz, 3996 MHz, 182.95 W, 35
2026/10/08 03:35:38.501, 6, 120 MHz, 3996 MHz, 185.45 W, 32
2026/10/08 03:35:38.501, 7, 120 MHz, 3996 MHz, 186.51 W, 31
2026/10/08 03:35:39.501, 0, 120 MHz, 3996 MHz, 187.07 W, 38
2026/10/08 03:35:39.501, 1, 120 MHz, 3996 MHz, 188.76 W, 40
2026/10/08 03:35:39.501, 2, 2032 MHz, 3996 MHz, 242.49 W, 40
2026/10/08 03:35:39.501, 3, 2032 MHz, 3996 MHz, 244.37 W, 41
2026/10/08 03:35:39.501, 4, 120 MHz, 3996 MHz, 184.31 W, 36
2026/10/08 03:35:39.501, 5, 120 MHz, 3996 MHz, 182.80 W, 35
2026/10/08 03:35:39.501, 6, 120 MHz, 3996 MHz, 185.73 W, 32
2026/10/08 03:35:39.501, 7, 120 MHz, 3996 MHz, 186.54 W, 31
2026/10/08 03:35:40.501, 0, 120 MHz, 3996 MHz, 187.22 W, 38
2026/10/08 03:35:40.502, 1, 120 MHz, 3996 MHz, 189.37 W, 40
2026/10/08 03:35:40.502, 2, 360 MHz, 3996 MHz, 211.83 W, 39
2026/10/08 03:35:40.502, 3, 412 MHz, 3996 MHz, 241.63 W, 40
2026/10/08 03:35:40.502, 4, 120 MHz, 3996 MHz, 184.47 W, 36
2026/10/08 03:35:40.502, 5, 120 MHz, 3996 MHz, 182.92 W, 35
2026/10/08 03:35:40.502, 6, 120 MHz, 3996 MHz, 186.01 W, 32
2026/10/08 03:35:40.502, 7, 120 MHz, 3996 MHz, 186.54 W, 31
2026/10/08 03:35:41.502, 0, 120 MHz, 3996 MHz, 187.07 W, 38
2026/10/08 03:35:41.502, 1, 120 MHz, 3996 MHz, 189.28 W, 40
2026/10/08 03:35:41.502, 2, 907 MHz, 3996 MHz, 190.83 W, 39
2026/10/08 03:35:41.502, 3, 262 MHz, 3996 MHz, 190.14 W, 39
2026/10/08 03:35:41.502, 4, 120 MHz, 3996 MHz, 184.46 W, 37
2026/10/08 03:35:41.502, 5, 120 MHz, 3996 MHz, 183.06 W, 35
2026/10/08 03:35:41.502, 6, 120 MHz, 3996 MHz, 185.92 W, 32
2026/10/08 03:35:41.502, 7, 120 MHz, 3996 MHz, 186.53 W, 31
2026/10/08 03:35:42.502, 0, 120 MHz, 3996 MHz, 186.78 W, 39
2026/10/08 03:35:42.502, 1, 120 MHz, 3996 MHz, 189.41 W, 40
2026/10/08 03:35:42.502, 2, 907 MHz, 3996 MHz, 195.84 W, 39
2026/10/08 03:35:42.502, 3, 502 MHz, 3996 MHz, 190.15 W, 39
2026/10/08 03:35:42.502, 4, 120 MHz, 3996 MHz, 184.19 W, 37
2026/10/08 03:35:42.502, 5, 120 MHz, 3996 MHz, 183.31 W, 35
2026/10/08 03:35:42.502, 6, 120 MHz, 3996 MHz, 186.04 W, 32
2026/10/08 03:35:42.502, 7, 120 MHz, 3996 MHz, 186.49 W, 31
2026/10/08 03:35:43.502, 0, 120 MHz, 3996 MHz, 186.76 W, 39
2026/10/08 03:35:43.502, 1, 120 MHz, 3996 MHz, 189.46 W, 41
2026/10/08 03:35:43.502, 2, 180 MHz, 3996 MHz, 193.40 W, 39
2026/10/08 03:35:43.502, 3, 502 MHz, 3996 MHz, 191.77 W, 39
2026/10/08 03:35:43.502, 4, 120 MHz, 3996 MHz, 184.09 W, 37
2026/10/08 03:35:43.502, 5, 120 MHz, 3996 MHz, 182.99 W, 35
2026/10/08 03:35:43.502, 6, 120 MHz, 3996 MHz, 186.16 W, 32
2026/10/08 03:35:43.502, 7, 120 MHz, 3996 MHz, 185.51 W, 31
2026/10/08 03:35:44.503, 0, 120 MHz, 3996 MHz, 187.36 W, 39
2026/10/08 03:35:44.503, 1, 120 MHz, 3996 MHz, 189.67 W, 41
2026/10/08 03:35:44.503, 2, 120 MHz, 3996 MHz, 188.09 W, 38
2026/10/08 03:35:44.503, 3, 120 MHz, 3996 MHz, 189.26 W, 39
2026/10/08 03:35:44.503, 4, 120 MHz, 3996 MHz, 184.35 W, 37
2026/10/08 03:35:44.503, 5, 120 MHz, 3996 MHz, 183.30 W, 35
2026/10/08 03:35:44.503, 6, 120 MHz, 3996 MHz, 185.90 W, 32
2026/10/08 03:35:44.503, 7, 120 MHz, 3996 MHz, 185.02 W, 31
2026/10/08 03:35:45.503, 0, 120 MHz, 3996 MHz, 187.44 W, 39
2026/10/08 03:35:45.503, 1, 120 MHz, 3996 MHz, 189.85 W, 41
2026/10/08 03:35:45.503, 2, 120 MHz, 3996 MHz, 188.01 W, 38
2026/10/08 03:35:45.503, 3, 120 MHz, 3996 MHz, 188.01 W, 38
2026/10/08 03:35:45.503, 4, 120 MHz, 3996 MHz, 184.31 W, 37
2026/10/08 03:35:45.503, 5, 120 MHz, 3996 MHz, 183.15 W, 35
2026/10/08 03:35:45.503, 6, 120 MHz, 3996 MHz, 186.23 W, 32
2026/10/08 03:35:45.503, 7, 120 MHz, 3996 MHz, 185.44 W, 31
2026/10/08 03:35:46.503, 0, 120 MHz, 3996 MHz, 187.69 W, 39
2026/10/08 03:35:46.503, 1, 120 MHz, 3996 MHz, 189.98 W, 41
2026/10/08 03:35:46.503, 2, 120 MHz, 3996 MHz, 188.01 W, 38
2026/10/08 03:35:46.503, 3, 120 MHz, 3996 MHz, 188.01 W, 38
2026/10/08 03:35:46.503, 4, 120 MHz, 3996 MHz, 184.32 W, 37
2026/10/08 03:35:46.503, 5, 120 MHz, 3996 MHz, 183.18 W, 35
2026/10/08 03:35:46.503, 6, 120 MHz, 3996 MHz, 186.51 W, 32
2026/10/08 03:35:46.503, 7, 120 MHz, 3996 MHz, 185.60 W, 31
2026/10/08 03:35:47.504, 0, 120 MHz, 3996 MHz, 187.77 W, 39
2026/10/08 03:35:47.504, 1, 120 MHz, 3996 MHz, 190.09 W, 41
2026/10/08 03:35:47.504, 2, 120 MHz, 3996 MHz, 188.01 W, 38
2026/10/08 03:35:47.504, 3, 120 MHz, 3996 MHz, 187.44 W, 38
2026/10/08 03:35:47.504, 4, 120 MHz, 3996 MHz, 184.43 W, 37
2026/10/08 03:35:47.504, 5, 120 MHz, 3996 MHz, 183.15 W, 35
2026/10/08 03:35:47.504, 6, 120 MHz, 3996 MHz, 186.43 W, 33
2026/10/08 03:35:47.504, 7, 120 MHz, 3996 MHz, 185.39 W, 31
2026/10/08 03:35:48.504, 0, 120 MHz, 3996 MHz, 187.96 W, 39
2026/10/08 03:35:48.504, 1, 120 MHz, 3996 MHz, 190.01 W, 41
2026/10/08 03:35:48.504, 2, 120 MHz, 3996 MHz, 188.01 W, 38
2026/10/08 03:35:48.504, 3, 120 MHz, 3996 MHz, 186.75 W, 38
2026/10/08 03:35:48.504, 4, 120 MHz, 3996 MHz, 184.28 W, 37
2026/10/08 03:35:48.504, 5, 120 MHz, 3996 MHz, 183.33 W, 35
2026/10/08 03:35:48.504, 6, 120 MHz, 3996 MHz, 186.54 W, 33
2026/10/08 03:35:48.504, 7, 120 MHz, 3996 MHz, 185.37 W, 32
2026/10/08 03:35:49.504, 0, 120 MHz, 3996 MHz, 187.97 W, 39
2026/10/08 03:35:49.504, 1, 120 MHz, 3996 MHz, 190.09 W, 41
2026/10/08 03:35:49.504, 2, 120 MHz, 3996 MHz, 188.01 W, 38
2026/10/08 03:35:49.504, 3, 120 MHz, 3996 MHz, 186.40 W, 38
2026/10/08 03:35:49.504, 4, 120 MHz, 3996 MHz, 184.51 W, 37
2026/10/08 03:35:49.504, 5, 120 MHz, 3996 MHz, 183.33 W, 35
2026/10/08 03:35:49.504, 6, 120 MHz, 3996 MHz, 186.66 W, 33
2026/10/08 03:35:49.504, 7, 120 MHz, 3996 MHz, 185.87 W, 32
2026/10/08 03:35:50.505, 0, 120 MHz, 3996 MHz, 187.96 W, 39
2026/10/08 03:35:50.505, 1, 120 MHz, 3996 MHz, 190.13 W, 41
2026/10/08 03:35:50.505, 2, 120 MHz, 3996 MHz, 188.01 W, 38
2026/10/08 03:35:50.505, 3, 120 MHz, 3996 MHz, 186.21 W, 38
2026/10/08 03:35:50.505, 4, 120 MHz, 3996 MHz, 184.54 W, 37
2026/10/08 03:35:50.505, 5, 120 MHz, 3996 MHz, 183.26 W, 35
2026/10/08 03:35:50.505, 6, 120 MHz, 3996 MHz, 186.74 W, 33
2026/10/08 03:35:50.505, 7, 120 MHz, 3996 MHz, 185.74 W, 32
2026/10/08 03:35:51.505, 0, 120 MHz, 3996 MHz, 188.00 W, 39
2026/10/08 03:35:51.505, 1, 120 MHz, 3996 MHz, 190.09 W, 41
2026/10/08 03:35:51.505, 2, 120 MHz, 3996 MHz, 188.01 W, 37
2026/10/08 03:35:51.505, 3, 120 MHz, 3996 MHz, 186.05 W, 38
2026/10/08 03:35:51.505, 4, 120 MHz, 3996 MHz, 184.57 W, 37
2026/10/08 03:35:51.505, 5, 120 MHz, 3996 MHz, 183.27 W, 36
2026/10/08 03:35:51.505, 6, 120 MHz, 3996 MHz, 186.66 W, 33
2026/10/08 03:35:51.505, 7, 120 MHz, 3996 MHz, 185.89 W, 32
2026/10/08 03:35:52.505, 0, 120 MHz, 3996 MHz, 188.20 W, 39
2026/10/08 03:35:52.505, 1, 120 MHz, 3996 MHz, 190.17 W, 41
2026/10/08 03:35:52.505, 2, 120 MHz, 3996 MHz, 188.01 W, 37
2026/10/08 03:35:52.505, 3, 120 MHz, 3996 MHz, 186.09 W, 37
2026/10/08 03:35:52.505, 4, 120 MHz, 3996 MHz, 184.57 W, 37
2026/10/08 03:35:52.505, 5, 120 MHz, 3996 MHz, 183.73 W, 36
2026/10/08 03:35:52.505, 6, 120 MHz, 3996 MHz, 186.74 W, 33
2026/10/08 03:35:52.505, 7, 120 MHz, 3996 MHz, 186.13 W, 32
2026/10/08 03:35:53.506, 0, 120 MHz, 3996 MHz, 188.27 W, 39
2026/10/08 03:35:53.506, 1, 120 MHz, 3996 MHz, 190.17 W, 41
2026/10/08 03:35:53.506, 2, 120 MHz, 3996 MHz, 188.01 W, 37
2026/10/08 03:35:53.506, 3, 120 MHz, 3996 MHz, 186.05 W, 37
2026/10/08 03:35:53.506, 4, 120 MHz, 3996 MHz, 184.58 W, 37
2026/10/08 03:35:53.506, 5, 120 MHz, 3996 MHz, 183.41 W, 36
2026/10/08 03:35:53.506, 6, 120 MHz, 3996 MHz, 186.74 W, 33
2026/10/08 03:35:53.506, 7, 120 MHz, 3996 MHz, 185.96 W, 32
2026/10/08 03:35:54.506, 0, 120 MHz, 3996 MHz, 188.35 W, 39
2026/10/08 03:35:54.506, 1, 120 MHz, 3996 MHz, 190.17 W, 41
2026/10/08 03:35:54.506, 2, 120 MHz, 3996 MHz, 188.01 W, 37
2026/10/08 03:35:54.506, 3, 120 MHz, 3996 MHz, 186.05 W, 37
2026/10/08 03:35:54.506, 4, 120 MHz, 3996 MHz, 184.53 W, 37
2026/10/08 03:35:54.506, 5, 120 MHz, 3996 MHz, 183.67 W, 36
2026/10/08 03:35:54.506, 6, 120 MHz, 3996 MHz, 186.74 W, 33
2026/10/08 03:35:54.506, 7, 120 MHz, 3996 MHz, 186.50 W, 32
2026/10/08 03:35:55.506, 0, 120 MHz, 3996 MHz, 188.35 W, 39
2026/10/08 03:35:55.506, 1, 120 MHz, 3996 MHz, 190.17 W, 41
2026/10/08 03:35:55.506, 2, 120 MHz, 3996 MHz, 188.01 W, 37
2026/10/08 03:35:55.506, 3, 120 MHz, 3996 MHz, 186.05 W, 37
2026/10/08 03:35:55.506, 4, 120 MHz, 3996 MHz, 184.57 W, 37
2026/10/08 03:35:55.506, 5, 120 MHz, 3996 MHz, 183.66 W, 36
2026/10/08 03:35:55.506, 6, 120 MHz, 3996 MHz, 186.74 W, 33
2026/10/08 03:35:55.506, 7, 120 MHz, 3996 MHz, 186.43 W, 32
2026/10/08 03:35:56.507, 0, 120 MHz, 3996 MHz, 188.35 W, 39
2026/10/08 03:35:56.507, 1, 120 MHz, 3996 MHz, 190.17 W, 41
2026/10/08 03:35:56.507, 2, 120 MHz, 3996 MHz, 188.01 W, 37
2026/10/08 03:35:56.507, 3, 120 MHz, 3996 MHz, 186.16 W, 37
2026/10/08 03:35:56.507, 4, 120 MHz, 3996 MHz, 184.57 W, 37
2026/10/08 03:35:56.507, 5, 120 MHz, 3996 MHz, 184.25 W, 36
2026/10/08 03:35:56.507, 6, 120 MHz, 3996 MHz, 186.78 W, 33
2026/10/08 03:35:56.507, 7, 120 MHz, 3996 MHz, 186.50 W, 32
2026/10/08 03:35:57.507, 0, 120 MHz, 3996 MHz, 187.10 W, 39
2026/10/08 03:35:57.507, 1, 120 MHz, 3996 MHz, 190.09 W, 41
2026/10/08 03:35:57.507, 2, 120 MHz, 3996 MHz, 187.74 W, 37
2026/10/08 03:35:57.507, 3, 120 MHz, 3996 MHz, 186.05 W, 37
2026/10/08 03:35:57.507, 4, 120 MHz, 3996 MHz, 184.54 W, 37
2026/10/08 03:35:57.507, 5, 120 MHz, 3996 MHz, 182.66 W, 36
2026/10/08 03:35:57.507, 6, 120 MHz, 3996 MHz, 186.74 W, 33
2026/10/08 03:35:57.507, 7, 120 MHz, 3996 MHz, 186.34 W, 32
2026/10/08 03:35:58.507, 0, 120 MHz, 3996 MHz, 186.94 W, 39
2026/10/08 03:35:58.507, 1, 120 MHz, 3996 MHz, 190.09 W, 41
2026/10/08 03:35:58.507, 2, 120 MHz, 3996 MHz, 187.53 W, 37
2026/10/08 03:35:58.507, 3, 120 MHz, 3996 MHz, 186.05 W, 37
2026/10/08 03:35:58.507, 4, 120 MHz, 3996 MHz, 184.58 W, 37
2026/10/08 03:35:58.507, 5, 120 MHz, 3996 MHz, 182.67 W, 36
2026/10/08 03:35:58.507, 6, 120 MHz, 3996 MHz, 186.78 W, 33
2026/10/08 03:35:58.507, 7, 120 MHz, 3996 MHz, 186.42 W, 32
2026/10/08 03:35:59.508, 0, 120 MHz, 3996 MHz, 186.95 W, 39
2026/10/08 03:35:59.508, 1, 120 MHz, 3996 MHz, 190.05 W, 41
2026/10/08 03:35:59.508, 2, 120 MHz, 3996 MHz, 187.24 W, 37
2026/10/08 03:35:59.508, 3, 120 MHz, 3996 MHz, 186.05 W, 37
2026/10/08 03:35:59.508, 4, 120 MHz, 3996 MHz, 184.56 W, 37
2026/10/08 03:35:59.508, 5, 120 MHz, 3996 MHz, 182.65 W, 36
2026/10/08 03:35:59.508, 6, 120 MHz, 3996 MHz, 186.78 W, 33
2026/10/08 03:35:59.508, 7, 120 MHz, 3996 MHz, 186.53 W, 32
2026/10/08 03:36:00.508, 0, 120 MHz, 3996 MHz, 187.03 W, 39
2026/10/08 03:36:00.508, 1, 120 MHz, 3996 MHz, 190.05 W, 41
2026/10/08 03:36:00.508, 2, 120 MHz, 3996 MHz, 187.42 W, 37
2026/10/08 03:36:00.508, 3, 120 MHz, 3996 MHz, 186.05 W, 37
2026/10/08 03:36:00.508, 4, 120 MHz, 3996 MHz, 184.58 W, 37
2026/10/08 03:36:00.508, 5, 120 MHz, 3996 MHz, 182.62 W, 36
2026/10/08 03:36:00.508, 6, 120 MHz, 3996 MHz, 186.78 W, 33
2026/10/08 03:36:00.508, 7, 120 MHz, 3996 MHz, 186.30 W, 32
2026/10/08 03:36:01.508, 0, 120 MHz, 3996 MHz, 187.02 W, 39
2026/10/08 03:36:01.508, 1, 120 MHz, 3996 MHz, 190.17 W, 41
2026/10/08 03:36:01.508, 2, 2032 MHz, 3996 MHz, 216.68 W, 37
2026/10/08 03:36:01.508, 3, 120 MHz, 3996 MHz, 185.98 W, 37
2026/10/08 03:36:01.508, 4, 120 MHz, 3996 MHz, 184.59 W, 37
2026/10/08 03:36:01.508, 5, 120 MHz, 3996 MHz, 182.66 W, 36
2026/10/08 03:36:01.508, 6, 120 MHz, 3996 MHz, 186.78 W, 33
2026/10/08 03:36:01.508, 7, 120 MHz, 3996 MHz, 186.46 W, 32
2026/10/08 03:36:02.509, 0, 120 MHz, 3996 MHz, 187.07 W, 39
2026/10/08 03:36:02.509, 1, 120 MHz, 3996 MHz, 190.17 W, 41
2026/10/08 03:36:02.509, 2, 2032 MHz, 3996 MHz, 239.96 W, 38
2026/10/08 03:36:02.509, 3, 120 MHz, 3996 MHz, 186.12 W, 37
2026/10/08 03:36:02.509, 4, 120 MHz, 3996 MHz, 184.58 W, 37
2026/10/08 03:36:02.509, 5, 120 MHz, 3996 MHz, 182.67 W, 36
2026/10/08 03:36:02.509, 6, 120 MHz, 3996 MHz, 186.78 W, 33
2026/10/08 03:36:02.509, 7, 120 MHz, 3996 MHz, 186.45 W, 32
2026/10/08 03:36:03.509, 0, 120 MHz, 3996 MHz, 187.07 W, 39
2026/10/08 03:36:03.509, 1, 120 MHz, 3996 MHz, 190.13 W, 41
2026/10/08 03:36:03.509, 2, 2032 MHz, 3996 MHz, 240.44 W, 38
2026/10/08 03:36:03.509, 3, 120 MHz, 3996 MHz, 186.00 W, 37
2026/10/08 03:36:03.509, 4, 120 MHz, 3996 MHz, 184.58 W, 37
2026/10/08 03:36:03.509, 5, 120 MHz, 3996 MHz, 182.68 W, 36
2026/10/08 03:36:03.509, 6, 120 MHz, 3996 MHz, 186.78 W, 33
2026/10/08 03:36:03.509, 7, 120 MHz, 3996 MHz, 186.53 W, 32
2026/10/08 03:36:04.509, 0, 120 MHz, 3996 MHz, 186.98 W, 39
2026/10/08 03:36:04.509, 1, 120 MHz, 3996 MHz, 190.13 W, 41
2026/10/08 03:36:04.509, 2, 2032 MHz, 3996 MHz, 240.71 W, 38
2026/10/08 03:36:04.509, 3, 120 MHz, 3996 MHz, 185.96 W, 36
2026/10/08 03:36:04.509, 4, 120 MHz, 3996 MHz, 184.59 W, 37
2026/10/08 03:36:04.509, 5, 120 MHz, 3996 MHz, 182.62 W, 36
2026/10/08 03:36:04.509, 6, 120 MHz, 3996 MHz, 186.78 W, 33
2026/10/08 03:36:04.509, 7, 120 MHz, 3996 MHz, 186.49 W, 32
2026/10/08 03:36:05.509, 0, 120 MHz, 3996 MHz, 187.15 W, 39
2026/10/08 03:36:05.510, 1, 120 MHz, 3996 MHz, 190.13 W, 41
2026/10/08 03:36:05.510, 2, 2032 MHz, 3996 MHz, 241.47 W, 38
2026/10/08 03:36:05.510, 3, 120 MHz, 3996 MHz, 185.96 W, 36
2026/10/08 03:36:05.510, 4, 120 MHz, 3996 MHz, 184.59 W, 37
2026/10/08 03:36:05.510, 5, 120 MHz, 3996 MHz, 182.66 W, 36
2026/10/08 03:36:05.510, 6, 120 MHz, 3996 MHz, 186.78 W, 33
2026/10/08 03:36:05.510, 7, 120 MHz, 3996 MHz, 186.49 W, 32
2026/10/08 03:36:06.510, 0, 120 MHz, 3996 MHz, 187.03 W, 39
2026/10/08 03:36:06.510, 1, 120 MHz, 3996 MHz, 190.09 W, 41
2026/10/08 03:36:06.510, 2, 2032 MHz, 3996 MHz, 259.30 W, 38
2026/10/08 03:36:06.510, 3, 2032 MHz, 3996 MHz, 198.63 W, 37
2026/10/08 03:36:06.510, 4, 120 MHz, 3996 MHz, 184.59 W, 37
2026/10/08 03:36:06.510, 5, 120 MHz, 3996 MHz, 182.71 W, 36
2026/10/08 03:36:06.510, 6, 120 MHz, 3996 MHz, 186.78 W, 33
2026/10/08 03:36:06.510, 7, 120 MHz, 3996 MHz, 186.54 W, 32
2026/10/08 03:36:07.510, 0, 120 MHz, 3996 MHz, 187.06 W, 39
2026/10/08 03:36:07.510, 1, 120 MHz, 3996 MHz, 190.17 W, 41
2026/10/08 03:36:07.510, 2, 2032 MHz, 3996 MHz, 257.49 W, 38
2026/10/08 03:36:07.510, 3, 2032 MHz, 3996 MHz, 240.51 W, 37
2026/10/08 03:36:07.510, 4, 120 MHz, 3996 MHz, 184.58 W, 38
2026/10/08 03:36:07.510, 5, 120 MHz, 3996 MHz, 182.66 W, 36
2026/10/08 03:36:07.510, 6, 120 MHz, 3996 MHz, 186.78 W, 33
2026/10/08 03:36:07.510, 7, 120 MHz, 3996 MHz, 186.54 W, 32
2026/10/08 03:36:08.511, 0, 120 MHz, 3996 MHz, 187.13 W, 39
2026/10/08 03:36:08.511, 1, 120 MHz, 3996 MHz, 190.17 W, 41
2026/10/08 03:36:08.511, 2, 2032 MHz, 3996 MHz, 261.42 W, 38
2026/10/08 03:36:08.511, 3, 2032 MHz, 3996 MHz, 240.54 W, 37
2026/10/08 03:36:08.511, 4, 120 MHz, 3996 MHz, 184.59 W, 38
2026/10/08 03:36:08.511, 5, 120 MHz, 3996 MHz, 182.66 W, 36
2026/10/08 03:36:08.511, 6, 120 MHz, 3996 MHz, 186.78 W, 33
2026/10/08 03:36:08.511, 7, 120 MHz, 3996 MHz, 186.54 W, 32
2026/10/08 03:36:09.511, 0, 120 MHz, 3996 MHz, 187.09 W, 39
2026/10/08 03:36:09.511, 1, 120 MHz, 3996 MHz, 190.17 W, 41
2026/10/08 03:36:09.511, 2, 2032 MHz, 3996 MHz, 258.92 W, 38
2026/10/08 03:36:09.511, 3, 2032 MHz, 3996 MHz, 240.80 W, 37
2026/10/08 03:36:09.511, 4, 120 MHz, 3996 MHz, 184.59 W, 38
2026/10/08 03:36:09.511, 5, 120 MHz, 3996 MHz, 182.79 W, 36
2026/10/08 03:36:09.511, 6, 120 MHz, 3996 MHz, 186.78 W, 33
2026/10/08 03:36:09.511, 7, 120 MHz, 3996 MHz, 186.53 W, 32
2026/10/08 03:36:10.511, 0, 120 MHz, 3996 MHz, 187.17 W, 39
2026/10/08 03:36:10.511, 1, 120 MHz, 3996 MHz, 190.17 W, 41
2026/10/08 03:36:10.511, 2, 2032 MHz, 3996 MHz, 319.26 W, 39
2026/10/08 03:36:10.511, 3, 2032 MHz, 3996 MHz, 242.18 W, 37
2026/10/08 03:36:10.511, 4, 120 MHz, 3996 MHz, 184.59 W, 38
2026/10/08 03:36:10.511, 5, 120 MHz, 3996 MHz, 182.71 W, 36
2026/10/08 03:36:10.511, 6, 120 MHz, 3996 MHz, 186.78 W, 33
2026/10/08 03:36:10.511, 7, 120 MHz, 3996 MHz, 186.49 W, 32
2026/10/08 03:36:11.511, 0, 120 MHz, 3996 MHz, 187.50 W, 39
2026/10/08 03:36:11.512, 1, 120 MHz, 3996 MHz, 190.17 W, 41
2026/10/08 03:36:11.512, 2, 2032 MHz, 3996 MHz, 277.20 W, 38
2026/10/08 03:36:11.512, 3, 2032 MHz, 3996 MHz, 242.16 W, 37
2026/10/08 03:36:11.512, 4, 120 MHz, 3996 MHz, 184.59 W, 38
2026/10/08 03:36:11.512, 5, 120 MHz, 3996 MHz, 182.70 W, 36
2026/10/08 03:36:11.512, 6, 120 MHz, 3996 MHz, 186.78 W, 33
2026/10/08 03:36:11.512, 7, 120 MHz, 3996 MHz, 186.49 W, 32
2026/10/08 03:36:12.512, 0, 120 MHz, 3996 MHz, 188.05 W, 39
2026/10/08 03:36:12.512, 1, 120 MHz, 3996 MHz, 191.69 W, 41
2026/10/08 03:36:12.512, 2, 2032 MHz, 3996 MHz, 240.55 W, 38
2026/10/08 03:36:12.512, 3, 2032 MHz, 3996 MHz, 247.42 W, 37
2026/10/08 03:36:12.512, 4, 120 MHz, 3996 MHz, 184.59 W, 38
2026/10/08 03:36:12.512, 5, 120 MHz, 3996 MHz, 182.71 W, 36
2026/10/08 03:36:12.512, 6, 120 MHz, 3996 MHz, 186.78 W, 33
2026/10/08 03:36:12.512, 7, 120 MHz, 3996 MHz, 186.54 W, 32
2026/10/08 03:36:13.512, 0, 120 MHz, 3996 MHz, 188.35 W, 39
2026/10/08 03:36:13.512, 1, 120 MHz, 3996 MHz, 191.64 W, 41
2026/10/08 03:36:13.512, 2, 2032 MHz, 3996 MHz, 291.64 W, 38
2026/10/08 03:36:13.512, 3, 2032 MHz, 3996 MHz, 255.09 W, 37
2026/10/08 03:36:13.512, 4, 120 MHz, 3996 MHz, 184.59 W, 38
2026/10/08 03:36:13.512, 5, 120 MHz, 3996 MHz, 182.67 W, 36
2026/10/08 03:36:13.512, 6, 120 MHz, 3996 MHz, 186.78 W, 33
2026/10/08 03:36:13.512, 7, 120 MHz, 3996 MHz, 186.53 W, 32
2026/10/08 03:36:14.512, 0, 120 MHz, 3996 MHz, 188.35 W, 39
2026/10/08 03:36:14.512, 1, 120 MHz, 3996 MHz, 190.32 W, 41
2026/10/08 03:36:14.512, 2, 2032 MHz, 3996 MHz, 263.83 W, 38
2026/10/08 03:36:14.513, 3, 2032 MHz, 3996 MHz, 262.04 W, 38
2026/10/08 03:36:14.513, 4, 120 MHz, 3996 MHz, 184.59 W, 38
2026/10/08 03:36:14.513, 5, 120 MHz, 3996 MHz, 182.70 W, 36
2026/10/08 03:36:14.513, 6, 120 MHz, 3996 MHz, 186.78 W, 33
2026/10/08 03:36:14.513, 7, 120 MHz, 3996 MHz, 186.54 W, 33
2026/10/08 03:36:15.513, 0, 120 MHz, 3996 MHz, 188.35 W, 39
2026/10/08 03:36:15.513, 1, 120 MHz, 3996 MHz, 190.40 W, 41
2026/10/08 03:36:15.513, 2, 2032 MHz, 3996 MHz, 258.86 W, 38
2026/10/08 03:36:15.513, 3, 2032 MHz, 3996 MHz, 241.42 W, 37
2026/10/08 03:36:15.513, 4, 120 MHz, 3996 MHz, 184.59 W, 38
2026/10/08 03:36:15.513, 5, 120 MHz, 3996 MHz, 182.69 W, 36
2026/10/08 03:36:15.513, 6, 120 MHz, 3996 MHz, 186.78 W, 33
2026/10/08 03:36:15.513, 7, 120 MHz, 3996 MHz, 186.54 W, 33
2026/10/08 03:36:16.513, 0, 120 MHz, 3996 MHz, 188.35 W, 39
2026/10/08 03:36:16.513, 1, 120 MHz, 3996 MHz, 190.52 W, 41
2026/10/08 03:36:16.513, 2, 2032 MHz, 3996 MHz, 257.63 W, 38
2026/10/08 03:36:16.513, 3, 2032 MHz, 3996 MHz, 281.74 W, 39
2026/10/08 03:36:16.513, 4, 120 MHz, 3996 MHz, 184.58 W, 38
2026/10/08 03:36:16.513, 5, 120 MHz, 3996 MHz, 182.70 W, 36
2026/10/08 03:36:16.513, 6, 120 MHz, 3996 MHz, 186.78 W, 33
2026/10/08 03:36:16.513, 7, 120 MHz, 3996 MHz, 186.53 W, 33
2026/10/08 03:36:17.513, 0, 120 MHz, 3996 MHz, 188.35 W, 39
2026/10/08 03:36:17.514, 1, 120 MHz, 3996 MHz, 190.55 W, 41
2026/10/08 03:36:17.514, 2, 2032 MHz, 3996 MHz, 246.48 W, 38
2026/10/08 03:36:17.514, 3, 2032 MHz, 3996 MHz, 320.11 W, 39
2026/10/08 03:36:17.514, 4, 120 MHz, 3996 MHz, 184.59 W, 38
2026/10/08 03:36:17.514, 5, 120 MHz, 3996 MHz, 182.81 W, 36
2026/10/08 03:36:17.514, 6, 120 MHz, 3996 MHz, 186.78 W, 33
2026/10/08 03:36:17.514, 7, 120 MHz, 3996 MHz, 186.53 W, 33
2026/10/08 03:36:18.514, 0, 120 MHz, 3996 MHz, 188.35 W, 39
2026/10/08 03:36:18.514, 1, 120 MHz, 3996 MHz, 190.39 W, 41
2026/10/08 03:36:18.514, 2, 2032 MHz, 3996 MHz, 247.10 W, 38
2026/10/08 03:36:18.514, 3, 2032 MHz, 3996 MHz, 299.38 W, 39
2026/10/08 03:36:18.514, 4, 120 MHz, 3996 MHz, 184.59 W, 38
2026/10/08 03:36:18.514, 5, 120 MHz, 3996 MHz, 182.69 W, 36
2026/10/08 03:36:18.514, 6, 120 MHz, 3996 MHz, 186.78 W, 33
2026/10/08 03:36:18.514, 7, 120 MHz, 3996 MHz, 186.54 W, 33
2026/10/08 03:36:19.514, 0, 120 MHz, 3996 MHz, 188.35 W, 39
2026/10/08 03:36:19.514, 1, 120 MHz, 3996 MHz, 190.44 W, 41
2026/10/08 03:36:19.514, 2, 2032 MHz, 3996 MHz, 240.44 W, 37
2026/10/08 03:36:19.514, 3, 2032 MHz, 3996 MHz, 271.98 W, 38
2026/10/08 03:36:19.514, 4, 120 MHz, 3996 MHz, 184.59 W, 38
2026/10/08 03:36:19.514, 5, 120 MHz, 3996 MHz, 182.86 W, 36
2026/10/08 03:36:19.514, 6, 120 MHz, 3996 MHz, 186.78 W, 34
2026/10/08 03:36:19.514, 7, 120 MHz, 3996 MHz, 186.54 W, 33
2026/10/08 03:36:20.514, 0, 120 MHz, 3996 MHz, 188.35 W, 39
2026/10/08 03:36:20.515, 1, 120 MHz, 3996 MHz, 190.32 W, 41
2026/10/08 03:36:20.515, 2, 2032 MHz, 3996 MHz, 240.48 W, 37
2026/10/08 03:36:20.515, 3, 2032 MHz, 3996 MHz, 256.12 W, 38
2026/10/08 03:36:20.515, 4, 120 MHz, 3996 MHz, 184.59 W, 38
2026/10/08 03:36:20.515, 5, 120 MHz, 3996 MHz, 182.69 W, 36
2026/10/08 03:36:20.515, 6, 120 MHz, 3996 MHz, 186.78 W, 34
2026/10/08 03:36:20.515, 7, 120 MHz, 3996 MHz, 186.53 W, 33
2026/10/08 03:36:21.515, 0, 120 MHz, 3996 MHz, 188.35 W, 39
2026/10/08 03:36:21.515, 1, 120 MHz, 3996 MHz, 190.51 W, 41
2026/10/08 03:36:21.515, 2, 2032 MHz, 3996 MHz, 240.53 W, 37
2026/10/08 03:36:21.515, 3, 2032 MHz, 3996 MHz, 259.02 W, 38
2026/10/08 03:36:21.515, 4, 120 MHz, 3996 MHz, 184.59 W, 38
2026/10/08 03:36:21.515, 5, 120 MHz, 3996 MHz, 182.74 W, 36
2026/10/08 03:36:21.515, 6, 120 MHz, 3996 MHz, 186.78 W, 34
2026/10/08 03:36:21.515, 7, 120 MHz, 3996 MHz, 186.53 W, 33
2026/10/08 03:36:22.515, 0, 120 MHz, 3996 MHz, 188.35 W, 39
2026/10/08 03:36:22.515, 1, 120 MHz, 3996 MHz, 190.44 W, 41
2026/10/08 03:36:22.515, 2, 2032 MHz, 3996 MHz, 240.86 W, 37
2026/10/08 03:36:22.515, 3, 2032 MHz, 3996 MHz, 249.17 W, 38
2026/10/08 03:36:22.515, 4, 120 MHz, 3996 MHz, 184.59 W, 38
2026/10/08 03:36:22.515, 5, 120 MHz, 3996 MHz, 182.75 W, 37
2026/10/08 03:36:22.515, 6, 120 MHz, 3996 MHz, 186.78 W, 34
2026/10/08 03:36:22.515, 7, 120 MHz, 3996 MHz, 186.54 W, 33
2026/10/08 03:36:23.516, 0, 120 MHz, 3996 MHz, 188.35 W, 39
2026/10/08 03:36:23.516, 1, 120 MHz, 3996 MHz, 190.43 W, 41
2026/10/08 03:36:23.516, 2, 2032 MHz, 3996 MHz, 249.00 W, 37
2026/10/08 03:36:23.516, 3, 2032 MHz, 3996 MHz, 246.31 W, 38
2026/10/08 03:36:23.516, 4, 120 MHz, 3996 MHz, 184.59 W, 38
2026/10/08 03:36:23.516, 5, 120 MHz, 3996 MHz, 182.71 W, 37
2026/10/08 03:36:23.516, 6, 120 MHz, 3996 MHz, 186.78 W, 34
2026/10/08 03:36:23.516, 7, 120 MHz, 3996 MHz, 186.54 W, 33
2026/10/08 03:36:24.516, 0, 120 MHz, 3996 MHz, 188.35 W, 39
2026/10/08 03:36:24.516, 1, 120 MHz, 3996 MHz, 190.47 W, 41
2026/10/08 03:36:24.516, 2, 2032 MHz, 3996 MHz, 240.54 W, 37
2026/10/08 03:36:24.516, 3, 2032 MHz, 3996 MHz, 242.63 W, 37
2026/10/08 03:36:24.516, 4, 120 MHz, 3996 MHz, 184.59 W, 38
2026/10/08 03:36:24.516, 5, 120 MHz, 3996 MHz, 182.87 W, 37
2026/10/08 03:36:24.516, 6, 120 MHz, 3996 MHz, 186.78 W, 34
2026/10/08 03:36:24.516, 7, 120 MHz, 3996 MHz, 186.53 W, 33
2026/10/08 03:36:25.516, 0, 120 MHz, 3996 MHz, 188.35 W, 39
2026/10/08 03:36:25.516, 1, 120 MHz, 3996 MHz, 190.40 W, 41
2026/10/08 03:36:25.516, 2, 2032 MHz, 3996 MHz, 240.56 W, 37
2026/10/08 03:36:25.516, 3, 2032 MHz, 3996 MHz, 241.04 W, 37
2026/10/08 03:36:25.516, 4, 120 MHz, 3996 MHz, 184.59 W, 38
2026/10/08 03:36:25.516, 5, 120 MHz, 3996 MHz, 182.99 W, 37
2026/10/08 03:36:25.516, 6, 120 MHz, 3996 MHz, 186.78 W, 34
2026/10/08 03:36:25.516, 7, 120 MHz, 3996 MHz, 186.54 W, 33
2026/10/08 03:36:26.517, 0, 120 MHz, 3996 MHz, 188.35 W, 39
2026/10/08 03:36:26.517, 1, 120 MHz, 3996 MHz, 190.24 W, 41
2026/10/08 03:36:26.517, 2, 2032 MHz, 3996 MHz, 240.55 W, 37
2026/10/08 03:36:26.517, 3, 2032 MHz, 3996 MHz, 241.45 W, 37
2026/10/08 03:36:26.517, 4, 120 MHz, 3996 MHz, 184.59 W, 38
2026/10/08 03:36:26.517, 5, 120 MHz, 3996 MHz, 182.91 W, 37
2026/10/08 03:36:26.517, 6, 120 MHz, 3996 MHz, 186.78 W, 34
2026/10/08 03:36:26.517, 7, 120 MHz, 3996 MHz, 186.55 W, 33
2026/10/08 03:36:27.517, 0, 120 MHz, 3996 MHz, 188.35 W, 39
2026/10/08 03:36:27.517, 1, 120 MHz, 3996 MHz, 190.17 W, 41
2026/10/08 03:36:27.517, 2, 2032 MHz, 3996 MHz, 243.88 W, 37
2026/10/08 03:36:27.517, 3, 2032 MHz, 3996 MHz, 241.01 W, 37
2026/10/08 03:36:27.517, 4, 120 MHz, 3996 MHz, 184.59 W, 38
2026/10/08 03:36:27.517, 5, 120 MHz, 3996 MHz, 183.06 W, 37
2026/10/08 03:36:27.517, 6, 120 MHz, 3996 MHz, 186.78 W, 34
2026/10/08 03:36:27.517, 7, 120 MHz, 3996 MHz, 186.54 W, 33
2026/10/08 03:36:28.517, 0, 120 MHz, 3996 MHz, 188.35 W, 39
2026/10/08 03:36:28.517, 1, 120 MHz, 3996 MHz, 190.17 W, 41
2026/10/08 03:36:28.518, 2, 2032 MHz, 3996 MHz, 240.54 W, 37
2026/10/08 03:36:28.518, 3, 2032 MHz, 3996 MHz, 241.10 W, 37
2026/10/08 03:36:28.518, 4, 120 MHz, 3996 MHz, 184.59 W, 38
2026/10/08 03:36:28.518, 5, 120 MHz, 3996 MHz, 182.86 W, 37
2026/10/08 03:36:28.518, 6, 120 MHz, 3996 MHz, 186.78 W, 34
2026/10/08 03:36:28.518, 7, 120 MHz, 3996 MHz, 186.54 W, 33
2026/10/08 03:36:29.518, 0, 120 MHz, 3996 MHz, 188.35 W, 39
2026/10/08 03:36:29.518, 1, 120 MHz, 3996 MHz, 190.17 W, 41
2026/10/08 03:36:29.518, 2, 2032 MHz, 3996 MHz, 240.54 W, 37
2026/10/08 03:36:29.518, 3, 2032 MHz, 3996 MHz, 243.14 W, 37
2026/10/08 03:36:29.518, 4, 120 MHz, 3996 MHz, 184.59 W, 38
2026/10/08 03:36:29.518, 5, 120 MHz, 3996 MHz, 182.82 W, 37
2026/10/08 03:36:29.518, 6, 120 MHz, 3996 MHz, 186.78 W, 34
2026/10/08 03:36:29.518, 7, 120 MHz, 3996 MHz, 186.54 W, 33
2026/10/08 03:36:30.518, 0, 120 MHz, 3996 MHz, 188.35 W, 39
2026/10/08 03:36:30.518, 1, 120 MHz, 3996 MHz, 190.17 W, 41
2026/10/08 03:36:30.518, 2, 2032 MHz, 3996 MHz, 240.51 W, 37
2026/10/08 03:36:30.518, 3, 2032 MHz, 3996 MHz, 249.91 W, 37
2026/10/08 03:36:30.518, 4, 120 MHz, 3996 MHz, 184.59 W, 38
2026/10/08 03:36:30.518, 5, 120 MHz, 3996 MHz, 182.94 W, 37
2026/10/08 03:36:30.518, 6, 120 MHz, 3996 MHz, 186.78 W, 34
2026/10/08 03:36:30.518, 7, 120 MHz, 3996 MHz, 186.54 W, 33
2026/10/08 03:36:31.519, 0, 120 MHz, 3996 MHz, 188.35 W, 39
2026/10/08 03:36:31.519, 1, 120 MHz, 3996 MHz, 190.17 W, 41
2026/10/08 03:36:31.519, 2, 2032 MHz, 3996 MHz, 240.55 W, 37
2026/10/08 03:36:31.519, 3, 2032 MHz, 3996 MHz, 240.84 W, 37
2026/10/08 03:36:31.519, 4, 120 MHz, 3996 MHz, 184.59 W, 38
2026/10/08 03:36:31.519, 5, 120 MHz, 3996 MHz, 182.93 W, 37
2026/10/08 03:36:31.519, 6, 120 MHz, 3996 MHz, 186.78 W, 34
2026/10/08 03:36:31.519, 7, 120 MHz, 3996 MHz, 186.54 W, 33
2026/10/08 03:36:32.519, 0, 120 MHz, 3996 MHz, 188.35 W, 39
2026/10/08 03:36:32.519, 1, 120 MHz, 3996 MHz, 190.17 W, 41
2026/10/08 03:36:32.519, 2, 2032 MHz, 3996 MHz, 240.54 W, 37
2026/10/08 03:36:32.519, 3, 2032 MHz, 3996 MHz, 240.84 W, 37
2026/10/08 03:36:32.519, 4, 120 MHz, 3996 MHz, 184.59 W, 38
2026/10/08 03:36:32.519, 5, 120 MHz, 3996 MHz, 182.97 W, 37
2026/10/08 03:36:32.519, 6, 120 MHz, 3996 MHz, 186.78 W, 34
2026/10/08 03:36:32.519, 7, 120 MHz, 3996 MHz, 186.53 W, 33
2026/10/08 03:36:33.519, 0, 120 MHz, 3996 MHz, 188.35 W, 39
2026/10/08 03:36:33.520, 1, 120 MHz, 3996 MHz, 190.17 W, 41
2026/10/08 03:36:33.520, 2, 2032 MHz, 3996 MHz, 600.99 W, 47
2026/10/08 03:36:33.520, 3, 2032 MHz, 3996 MHz, 240.77 W, 37
2026/10/08 03:36:33.520, 4, 120 MHz, 3996 MHz, 184.59 W, 38
2026/10/08 03:36:33.520, 5, 120 MHz, 3996 MHz, 183.30 W, 37
2026/10/08 03:36:33.520, 6, 120 MHz, 3996 MHz, 186.78 W, 34
2026/10/08 03:36:33.520, 7, 120 MHz, 3996 MHz, 186.54 W, 33
2026/10/08 03:36:34.520, 0, 120 MHz, 3996 MHz, 188.35 W, 39
2026/10/08 03:36:34.520, 1, 120 MHz, 3996 MHz, 190.17 W, 41
2026/10/08 03:36:34.520, 2, 2032 MHz, 3996 MHz, 244.84 W, 38
2026/10/08 03:36:34.520, 3, 2032 MHz, 3996 MHz, 240.76 W, 37
2026/10/08 03:36:34.520, 4, 120 MHz, 3996 MHz, 184.59 W, 38
2026/10/08 03:36:34.520, 5, 120 MHz, 3996 MHz, 183.34 W, 37
2026/10/08 03:36:34.520, 6, 120 MHz, 3996 MHz, 186.78 W, 34
2026/10/08 03:36:34.520, 7, 120 MHz, 3996 MHz, 186.53 W, 33
2026/10/08 03:36:35.520, 0, 120 MHz, 3996 MHz, 188.35 W, 39
2026/10/08 03:36:35.520, 1, 120 MHz, 3996 MHz, 190.17 W, 41
2026/10/08 03:36:35.520, 2, 2032 MHz, 3996 MHz, 915.13 W, 46
2026/10/08 03:36:35.520, 3, 2032 MHz, 3996 MHz, 240.74 W, 37
2026/10/08 03:36:35.520, 4, 120 MHz, 3996 MHz, 184.59 W, 38
2026/10/08 03:36:35.520, 5, 120 MHz, 3996 MHz, 183.78 W, 37
2026/10/08 03:36:35.520, 6, 120 MHz, 3996 MHz, 186.78 W, 34
2026/10/08 03:36:35.520, 7, 120 MHz, 3996 MHz, 186.53 W, 33
2026/10/08 03:36:36.521, 0, 120 MHz, 3996 MHz, 188.35 W, 39
2026/10/08 03:36:36.521, 1, 120 MHz, 3996 MHz, 190.17 W, 41
2026/10/08 03:36:36.521, 2, 2032 MHz, 3996 MHz, 797.08 W, 46
2026/10/08 03:36:36.521, 3, 1560 MHz, 3996 MHz, 466.86 W, 50
2026/10/08 03:36:36.521, 4, 120 MHz, 3996 MHz, 184.59 W, 38
2026/10/08 03:36:36.521, 5, 120 MHz, 3996 MHz, 183.47 W, 37
2026/10/08 03:36:36.521, 6, 120 MHz, 3996 MHz, 186.78 W, 34
2026/10/08 03:36:36.521, 7, 120 MHz, 3996 MHz, 186.54 W, 33
2026/10/08 03:36:37.521, 0, 120 MHz, 3996 MHz, 188.23 W, 39
2026/10/08 03:36:37.521, 1, 2032 MHz, 3996 MHz, 247.05 W, 43
2026/10/08 03:36:37.521, 2, 2032 MHz, 3996 MHz, 800.16 W, 47
2026/10/08 03:36:37.521, 3, 2032 MHz, 3996 MHz, 359.50 W, 38
2026/10/08 03:36:37.521, 4, 120 MHz, 3996 MHz, 184.59 W, 39
2026/10/08 03:36:37.521, 5, 120 MHz, 3996 MHz, 183.38 W, 37
2026/10/08 03:36:37.521, 6, 120 MHz, 3996 MHz, 186.78 W, 34
2026/10/08 03:36:37.521, 7, 120 MHz, 3996 MHz, 186.53 W, 33
2026/10/08 03:36:38.521, 0, 2032 MHz, 3996 MHz, 203.98 W, 40
2026/10/08 03:36:38.521, 1, 2032 MHz, 3996 MHz, 252.24 W, 43
2026/10/08 03:36:38.521, 2, 2032 MHz, 3996 MHz, 803.13 W, 47
2026/10/08 03:36:38.521, 3, 2032 MHz, 3996 MHz, 795.22 W, 47
2026/10/08 03:36:38.521, 4, 120 MHz, 3996 MHz, 184.59 W, 39
2026/10/08 03:36:38.522, 5, 120 MHz, 3996 MHz, 183.63 W, 37
2026/10/08 03:36:38.522, 6, 120 MHz, 3996 MHz, 186.78 W, 34
2026/10/08 03:36:38.522, 7, 120 MHz, 3996 MHz, 186.53 W, 33
2026/10/08 03:36:39.522, 0, 2032 MHz, 3996 MHz, 246.02 W, 41
2026/10/08 03:36:39.522, 1, 2032 MHz, 3996 MHz, 252.38 W, 43
2026/10/08 03:36:39.522, 2, 1927 MHz, 3996 MHz, 941.38 W, 50
2026/10/08 03:36:39.522, 3, 2032 MHz, 3996 MHz, 793.05 W, 46
2026/10/08 03:36:39.522, 4, 120 MHz, 3996 MHz, 184.59 W, 39
2026/10/08 03:36:39.522, 5, 120 MHz, 3996 MHz, 183.35 W, 37
2026/10/08 03:36:39.522, 6, 120 MHz, 3996 MHz, 186.78 W, 34
2026/10/08 03:36:39.522, 7, 120 MHz, 3996 MHz, 186.53 W, 33
2026/10/08 03:36:40.522, 0, 2032 MHz, 3996 MHz, 246.08 W, 41
2026/10/08 03:36:40.522, 1, 2032 MHz, 3996 MHz, 253.90 W, 43
2026/10/08 03:36:40.522, 2, 2032 MHz, 3996 MHz, 799.48 W, 48
2026/10/08 03:36:40.522, 3, 2032 MHz, 3996 MHz, 799.64 W, 47
2026/10/08 03:36:40.522, 4, 120 MHz, 3996 MHz, 184.59 W, 39
2026/10/08 03:36:40.522, 5, 120 MHz, 3996 MHz, 183.31 W, 37
2026/10/08 03:36:40.522, 6, 120 MHz, 3996 MHz, 186.78 W, 34
2026/10/08 03:36:40.522, 7, 120 MHz, 3996 MHz, 186.54 W, 33
2026/10/08 03:36:41.522, 0, 2032 MHz, 3996 MHz, 246.68 W, 41
2026/10/08 03:36:41.522, 1, 2032 MHz, 3996 MHz, 254.28 W, 43
2026/10/08 03:36:41.522, 2, 2032 MHz, 3996 MHz, 800.68 W, 48
2026/10/08 03:36:41.522, 3, 2032 MHz, 3996 MHz, 802.09 W, 47
2026/10/08 03:36:41.522, 4, 120 MHz, 3996 MHz, 184.59 W, 39
2026/10/08 03:36:41.522, 5, 120 MHz, 3996 MHz, 183.58 W, 37
2026/10/08 03:36:41.522, 6, 120 MHz, 3996 MHz, 186.78 W, 34
2026/10/08 03:36:41.522, 7, 120 MHz, 3996 MHz, 186.54 W, 33
2026/10/08 03:36:42.522, 0, 2032 MHz, 3996 MHz, 246.63 W, 41
2026/10/08 03:36:42.523, 1, 2032 MHz, 3996 MHz, 270.74 W, 43
2026/10/08 03:36:42.523, 2, 2032 MHz, 3996 MHz, 805.08 W, 48
2026/10/08 03:36:42.523, 3, 1290 MHz, 3996 MHz, 934.41 W, 57
2026/10/08 03:36:42.523, 4, 120 MHz, 3996 MHz, 184.58 W, 39
2026/10/08 03:36:42.523, 5, 120 MHz, 3996 MHz, 183.32 W, 37
2026/10/08 03:36:42.523, 6, 120 MHz, 3996 MHz, 186.78 W, 33
2026/10/08 03:36:42.523, 7, 120 MHz, 3996 MHz, 186.53 W, 33
2026/10/08 03:36:43.523, 0, 2032 MHz, 3996 MHz, 247.43 W, 41
2026/10/08 03:36:43.523, 1, 2032 MHz, 3996 MHz, 255.89 W, 43
2026/10/08 03:36:43.523, 2, 1357 MHz, 3996 MHz, 898.44 W, 57
2026/10/08 03:36:43.523, 3, 2032 MHz, 3996 MHz, 814.40 W, 48
2026/10/08 03:36:43.523, 4, 120 MHz, 3996 MHz, 184.59 W, 39
2026/10/08 03:36:43.523, 5, 120 MHz, 3996 MHz, 183.44 W, 37
2026/10/08 03:36:43.523, 6, 120 MHz, 3996 MHz, 186.78 W, 33
2026/10/08 03:36:43.523, 7, 120 MHz, 3996 MHz, 186.53 W, 33
2026/10/08 03:36:44.523, 0, 2032 MHz, 3996 MHz, 264.94 W, 41
2026/10/08 03:36:44.523, 1, 2032 MHz, 3996 MHz, 265.25 W, 43
2026/10/08 03:36:44.523, 2, 2032 MHz, 3996 MHz, 862.10 W, 49
2026/10/08 03:36:44.523, 3, 2032 MHz, 3996 MHz, 797.55 W, 48
2026/10/08 03:36:44.523, 4, 120 MHz, 3996 MHz, 184.58 W, 39
2026/10/08 03:36:44.523, 5, 120 MHz, 3996 MHz, 183.52 W, 37
2026/10/08 03:36:44.523, 6, 120 MHz, 3996 MHz, 186.78 W, 33
2026/10/08 03:36:44.523, 7, 120 MHz, 3996 MHz, 186.54 W, 33
2026/10/08 03:36:45.524, 0, 2032 MHz, 3996 MHz, 257.94 W, 41
2026/10/08 03:36:45.524, 1, 705 MHz, 3996 MHz, 209.57 W, 42
2026/10/08 03:36:45.524, 2, 2032 MHz, 3996 MHz, 802.66 W, 49
2026/10/08 03:36:45.524, 3, 2032 MHz, 3996 MHz, 802.09 W, 48
2026/10/08 03:36:45.524, 4, 120 MHz, 3996 MHz, 184.58 W, 39
2026/10/08 03:36:45.524, 5, 120 MHz, 3996 MHz, 183.47 W, 37
2026/10/08 03:36:45.524, 6, 120 MHz, 3996 MHz, 186.78 W, 33
2026/10/08 03:36:45.524, 7, 120 MHz, 3996 MHz, 186.53 W, 33
2026/10/08 03:36:46.524, 0, 2032 MHz, 3996 MHz, 246.34 W, 41
2026/10/08 03:36:46.524, 1, 442 MHz, 3996 MHz, 196.39 W, 42
2026/10/08 03:36:46.524, 2, 2032 MHz, 3996 MHz, 806.36 W, 49
2026/10/08 03:36:46.524, 3, 1357 MHz, 3996 MHz, 845.07 W, 56
2026/10/08 03:36:46.524, 4, 120 MHz, 3996 MHz, 184.59 W, 39
2026/10/08 03:36:46.524, 5, 120 MHz, 3996 MHz, 183.88 W, 37
2026/10/08 03:36:46.524, 6, 120 MHz, 3996 MHz, 186.78 W, 33
2026/10/08 03:36:46.524, 7, 120 MHz, 3996 MHz, 186.53 W, 33
2026/10/08 03:36:47.524, 0, 855 MHz, 3996 MHz, 223.36 W, 40
2026/10/08 03:36:47.524, 1, 277 MHz, 3996 MHz, 193.87 W, 42
2026/10/08 03:36:47.524, 2, 2032 MHz, 3996 MHz, 807.33 W, 49
2026/10/08 03:36:47.524, 3, 2032 MHz, 3996 MHz, 905.45 W, 49
2026/10/08 03:36:47.524, 4, 120 MHz, 3996 MHz, 184.59 W, 39
2026/10/08 03:36:47.524, 5, 120 MHz, 3996 MHz, 183.85 W, 37
2026/10/08 03:36:47.524, 6, 120 MHz, 3996 MHz, 186.78 W, 33
2026/10/08 03:36:47.524, 7, 120 MHz, 3996 MHz, 186.53 W, 32
2026/10/08 03:36:48.525, 0, 540 MHz, 3996 MHz, 194.72 W, 40
2026/10/08 03:36:48.525, 1, 180 MHz, 3996 MHz, 192.30 W, 42
2026/10/08 03:36:48.525, 2, 2032 MHz, 3996 MHz, 951.18 W, 50
2026/10/08 03:36:48.525, 3, 2032 MHz, 3996 MHz, 799.50 W, 49
2026/10/08 03:36:48.525, 4, 120 MHz, 3996 MHz, 184.59 W, 39
2026/10/08 03:36:48.525, 5, 120 MHz, 3996 MHz, 183.65 W, 37
2026/10/08 03:36:48.525, 6, 120 MHz, 3996 MHz, 186.78 W, 33
2026/10/08 03:36:48.525, 7, 120 MHz, 3996 MHz, 186.53 W, 32
2026/10/08 03:36:49.525, 0, 337 MHz, 3996 MHz, 192.01 W, 40
2026/10/08 03:36:49.525, 1, 120 MHz, 3996 MHz, 192.11 W, 42
2026/10/08 03:36:49.525, 2, 2032 MHz, 3996 MHz, 806.24 W, 49
2026/10/08 03:36:49.525, 3, 2032 MHz, 3996 MHz, 802.39 W, 49
2026/10/08 03:36:49.525, 4, 120 MHz, 3996 MHz, 184.58 W, 39
2026/10/08 03:36:49.525, 5, 120 MHz, 3996 MHz, 183.32 W, 37
2026/10/08 03:36:49.525, 6, 120 MHz, 3996 MHz, 186.78 W, 33
2026/10/08 03:36:49.525, 7, 120 MHz, 3996 MHz, 186.54 W, 32
2026/10/08 03:36:50.525, 0, 210 MHz, 3996 MHz, 190.29 W, 40
2026/10/08 03:36:50.525, 1, 120 MHz, 3996 MHz, 192.07 W, 42
2026/10/08 03:36:50.525, 2, 2032 MHz, 3996 MHz, 804.85 W, 49
2026/10/08 03:36:50.525, 3, 2032 MHz, 3996 MHz, 804.03 W, 49
2026/10/08 03:36:50.525, 4, 120 MHz, 3996 MHz, 184.58 W, 39
2026/10/08 03:36:50.525, 5, 120 MHz, 3996 MHz, 183.43 W, 37
2026/10/08 03:36:50.525, 6, 120 MHz, 3996 MHz, 186.78 W, 33
2026/10/08 03:36:50.525, 7, 120 MHz, 3996 MHz, 186.53 W, 32
2026/10/08 03:36:51.525, 0, 135 MHz, 3996 MHz, 189.03 W, 40
2026/10/08 03:36:51.525, 1, 120 MHz, 3996 MHz, 192.11 W, 42
2026/10/08 03:36:51.525, 2, 2032 MHz, 3996 MHz, 807.86 W, 49
2026/10/08 03:36:51.525, 3, 2032 MHz, 3996 MHz, 953.99 W, 50
2026/10/08 03:36:51.525, 4, 120 MHz, 3996 MHz, 184.59 W, 39
2026/10/08 03:36:51.525, 5, 120 MHz, 3996 MHz, 183.63 W, 37
2026/10/08 03:36:51.525, 6, 120 MHz, 3996 MHz, 186.78 W, 33
2026/10/08 03:36:51.526, 7, 120 MHz, 3996 MHz, 186.53 W, 32
2026/10/08 03:36:52.526, 0, 120 MHz, 3996 MHz, 188.58 W, 40
2026/10/08 03:36:52.526, 1, 120 MHz, 3996 MHz, 192.11 W, 42
2026/10/08 03:36:52.526, 2, 2002 MHz, 3996 MHz, 956.73 W, 52
2026/10/08 03:36:52.526, 3, 2032 MHz, 3996 MHz, 802.08 W, 49
2026/10/08 03:36:52.526, 4, 120 MHz, 3996 MHz, 184.59 W, 39
2026/10/08 03:36:52.526, 5, 120 MHz, 3996 MHz, 183.30 W, 37
2026/10/08 03:36:52.526, 6, 120 MHz, 3996 MHz, 186.78 W, 33
2026/10/08 03:36:52.526, 7, 120 MHz, 3996 MHz, 186.54 W, 32
2026/10/08 03:36:53.526, 0, 120 MHz, 3996 MHz, 188.46 W, 40
2026/10/08 03:36:53.526, 1, 120 MHz, 3996 MHz, 192.11 W, 42
2026/10/08 03:36:53.526, 2, 2032 MHz, 3996 MHz, 807.54 W, 50
2026/10/08 03:36:53.526, 3, 2032 MHz, 3996 MHz, 804.72 W, 49
2026/10/08 03:36:53.526, 4, 120 MHz, 3996 MHz, 184.59 W, 39
2026/10/08 03:36:53.526, 5, 120 MHz, 3996 MHz, 183.26 W, 37
2026/10/08 03:36:53.526, 6, 120 MHz, 3996 MHz, 186.78 W, 33
2026/10/08 03:36:53.526, 7, 120 MHz, 3996 MHz, 186.54 W, 32
2026/10/08 03:36:54.526, 0, 120 MHz, 3996 MHz, 188.54 W, 40
2026/10/08 03:36:54.526, 1, 120 MHz, 3996 MHz, 192.07 W, 42
2026/10/08 03:36:54.526, 2, 2032 MHz, 3996 MHz, 807.75 W, 50
2026/10/08 03:36:54.526, 3, 2032 MHz, 3996 MHz, 811.17 W, 49
2026/10/08 03:36:54.526, 4, 120 MHz, 3996 MHz, 184.59 W, 39
2026/10/08 03:36:54.526, 5, 120 MHz, 3996 MHz, 183.92 W, 37
2026/10/08 03:36:54.526, 6, 120 MHz, 3996 MHz, 186.78 W, 33
2026/10/08 03:36:54.526, 7, 120 MHz, 3996 MHz, 186.53 W, 32
2026/10/08 03:36:55.527, 0, 120 MHz, 3996 MHz, 188.54 W, 40
2026/10/08 03:36:55.527, 1, 120 MHz, 3996 MHz, 192.07 W, 42
2026/10/08 03:36:55.527, 2, 2032 MHz, 3996 MHz, 808.19 W, 50
2026/10/08 03:36:55.527, 3, 1372 MHz, 3996 MHz, 961.58 W, 58
2026/10/08 03:36:55.527, 4, 120 MHz, 3996 MHz, 184.59 W, 39
2026/10/08 03:36:55.527, 5, 120 MHz, 3996 MHz, 183.46 W, 37
2026/10/08 03:36:55.527, 6, 120 MHz, 3996 MHz, 186.78 W, 33
2026/10/08 03:36:55.527, 7, 120 MHz, 3996 MHz, 186.50 W, 32
2026/10/08 03:36:56.527, 0, 120 MHz, 3996 MHz, 188.47 W, 40
2026/10/08 03:36:56.527, 1, 120 MHz, 3996 MHz, 192.11 W, 42
2026/10/08 03:36:56.527, 2, 1335 MHz, 3996 MHz, 910.77 W, 59
2026/10/08 03:36:56.527, 3, 2032 MHz, 3996 MHz, 796.94 W, 50
2026/10/08 03:36:56.527, 4, 120 MHz, 3996 MHz, 184.59 W, 39
2026/10/08 03:36:56.527, 5, 120 MHz, 3996 MHz, 183.63 W, 37
2026/10/08 03:36:56.527, 6, 120 MHz, 3996 MHz, 186.74 W, 33
2026/10/08 03:36:56.527, 7, 120 MHz, 3996 MHz, 186.46 W, 32
2026/10/08 03:36:57.527, 0, 120 MHz, 3996 MHz, 188.50 W, 40
2026/10/08 03:36:57.527, 1, 120 MHz, 3996 MHz, 192.11 W, 42
2026/10/08 03:36:57.527, 2, 2032 MHz, 3996 MHz, 850.89 W, 50
2026/10/08 03:36:57.527, 3, 2032 MHz, 3996 MHz, 804.24 W, 50
2026/10/08 03:36:57.527, 4, 120 MHz, 3996 MHz, 184.59 W, 39
2026/10/08 03:36:57.527, 5, 120 MHz, 3996 MHz, 184.01 W, 37
2026/10/08 03:36:57.527, 6, 120 MHz, 3996 MHz, 186.78 W, 33
2026/10/08 03:36:57.527, 7, 120 MHz, 3996 MHz, 186.47 W, 32
2026/10/08 03:36:58.527, 0, 120 MHz, 3996 MHz, 188.78 W, 40
2026/10/08 03:36:58.528, 1, 120 MHz, 3996 MHz, 192.03 W, 42
2026/10/08 03:36:58.528, 2, 2032 MHz, 3996 MHz, 803.59 W, 50
2026/10/08 03:36:58.528, 3, 2032 MHz, 3996 MHz, 807.43 W, 50
2026/10/08 03:36:58.528, 4, 120 MHz, 3996 MHz, 184.59 W, 39
2026/10/08 03:36:58.528, 5, 120 MHz, 3996 MHz, 183.44 W, 37
2026/10/08 03:36:58.528, 6, 120 MHz, 3996 MHz, 186.74 W, 32
2026/10/08 03:36:58.528, 7, 120 MHz, 3996 MHz, 186.35 W, 32
2026/10/08 03:36:59.528, 0, 120 MHz, 3996 MHz, 189.01 W, 40
2026/10/08 03:36:59.528, 1, 120 MHz, 3996 MHz, 192.11 W, 42
2026/10/08 03:36:59.528, 2, 2032 MHz, 3996 MHz, 806.50 W, 50
2026/10/08 03:36:59.528, 3, 1365 MHz, 3996 MHz, 896.49 W, 58
2026/10/08 03:36:59.528, 4, 120 MHz, 3996 MHz, 184.59 W, 39
2026/10/08 03:36:59.528, 5, 120 MHz, 3996 MHz, 183.45 W, 37
2026/10/08 03:36:59.528, 6, 120 MHz, 3996 MHz, 186.74 W, 32
2026/10/08 03:36:59.528, 7, 120 MHz, 3996 MHz, 186.38 W, 32
2026/10/08 03:37:00.528, 0, 120 MHz, 3996 MHz, 189.16 W, 40
2026/10/08 03:37:00.528, 1, 120 MHz, 3996 MHz, 192.11 W, 42
2026/10/08 03:37:00.528, 2, 2032 MHz, 3996 MHz, 805.49 W, 50
2026/10/08 03:37:00.528, 3, 2032 MHz, 3996 MHz, 868.00 W, 50
2026/10/08 03:37:00.528, 4, 120 MHz, 3996 MHz, 184.59 W, 39
2026/10/08 03:37:00.528, 5, 120 MHz, 3996 MHz, 183.43 W, 37
2026/10/08 03:37:00.528, 6, 120 MHz, 3996 MHz, 186.66 W, 32
2026/10/08 03:37:00.528, 7, 120 MHz, 3996 MHz, 186.19 W, 31
2026/10/08 03:37:01.528, 0, 120 MHz, 3996 MHz, 188.96 W, 40
2026/10/08 03:37:01.528, 1, 120 MHz, 3996 MHz, 192.11 W, 42
2026/10/08 03:37:01.528, 2, 2032 MHz, 3996 MHz, 960.40 W, 51
2026/10/08 03:37:01.528, 3, 2032 MHz, 3996 MHz, 800.70 W, 50
2026/10/08 03:37:01.528, 4, 120 MHz, 3996 MHz, 184.59 W, 39
2026/10/08 03:37:01.528, 5, 120 MHz, 3996 MHz, 183.73 W, 37
2026/10/08 03:37:01.528, 6, 120 MHz, 3996 MHz, 186.54 W, 32
2026/10/08 03:37:01.528, 7, 120 MHz, 3996 MHz, 186.08 W, 31
2026/10/08 03:37:02.529, 0, 120 MHz, 3996 MHz, 188.97 W, 40
2026/10/08 03:37:02.529, 1, 120 MHz, 3996 MHz, 192.11 W, 42
2026/10/08 03:37:02.529, 2, 2032 MHz, 3996 MHz, 805.41 W, 50
2026/10/08 03:37:02.529, 3, 2032 MHz, 3996 MHz, 804.82 W, 50
2026/10/08 03:37:02.529, 4, 120 MHz, 3996 MHz, 184.58 W, 39
2026/10/08 03:37:02.529, 5, 120 MHz, 3996 MHz, 183.45 W, 37
2026/10/08 03:37:02.529, 6, 120 MHz, 3996 MHz, 186.37 W, 32
2026/10/08 03:37:02.529, 7, 120 MHz, 3996 MHz, 186.10 W, 31
2026/10/08 03:37:03.529, 0, 120 MHz, 3996 MHz, 189.07 W, 40
2026/10/08 03:37:03.529, 1, 120 MHz, 3996 MHz, 192.11 W, 42
2026/10/08 03:37:03.529, 2, 2032 MHz, 3996 MHz, 808.19 W, 50
2026/10/08 03:37:03.529, 3, 2032 MHz, 3996 MHz, 807.88 W, 50
2026/10/08 03:37:03.529, 4, 120 MHz, 3996 MHz, 184.59 W, 39
2026/10/08 03:37:03.529, 5, 120 MHz, 3996 MHz, 183.79 W, 37
2026/10/08 03:37:03.529, 6, 120 MHz, 3996 MHz, 186.33 W, 32
2026/10/08 03:37:03.529, 7, 120 MHz, 3996 MHz, 185.74 W, 31
2026/10/08 03:37:04.529, 0, 120 MHz, 3996 MHz, 189.22 W, 40
2026/10/08 03:37:04.529, 1, 120 MHz, 3996 MHz, 192.11 W, 42
2026/10/08 03:37:04.529, 2, 2032 MHz, 3996 MHz, 810.42 W, 50
2026/10/08 03:37:04.529, 3, 2032 MHz, 3996 MHz, 955.22 W, 51
2026/10/08 03:37:04.529, 4, 120 MHz, 3996 MHz, 184.59 W, 39
2026/10/08 03:37:04.529, 5, 120 MHz, 3996 MHz, 183.34 W, 37
2026/10/08 03:37:04.529, 6, 120 MHz, 3996 MHz, 185.99 W, 32
2026/10/08 03:37:04.529, 7, 120 MHz, 3996 MHz, 185.87 W, 31
2026/10/08 03:37:05.530, 0, 120 MHz, 3996 MHz, 189.24 W, 40
2026/10/08 03:37:05.530, 1, 120 MHz, 3996 MHz, 192.11 W, 42
2026/10/08 03:37:05.530, 2, 2025 MHz, 3996 MHz, 946.84 W, 52
2026/10/08 03:37:05.530, 3, 2032 MHz, 3996 MHz, 801.40 W, 50
2026/10/08 03:37:05.530, 4, 120 MHz, 3996 MHz, 184.59 W, 39
2026/10/08 03:37:05.530, 5, 120 MHz, 3996 MHz, 183.47 W, 37
2026/10/08 03:37:05.530, 6, 120 MHz, 3996 MHz, 185.68 W, 32
2026/10/08 03:37:05.530, 7, 120 MHz, 3996 MHz, 185.45 W, 31
2026/10/08 03:37:06.530, 0, 120 MHz, 3996 MHz, 189.67 W, 40
2026/10/08 03:37:06.530, 1, 120 MHz, 3996 MHz, 192.11 W, 43
2026/10/08 03:37:06.530, 2, 2032 MHz, 3996 MHz, 804.89 W, 50
2026/10/08 03:37:06.530, 3, 2032 MHz, 3996 MHz, 808.08 W, 50
2026/10/08 03:37:06.530, 4, 120 MHz, 3996 MHz, 184.59 W, 39
2026/10/08 03:37:06.530, 5, 120 MHz, 3996 MHz, 183.64 W, 37
2026/10/08 03:37:06.530, 6, 120 MHz, 3996 MHz, 185.67 W, 32
2026/10/08 03:37:06.530, 7, 120 MHz, 3996 MHz, 185.18 W, 31
2026/10/08 03:37:07.530, 0, 120 MHz, 3996 MHz, 189.63 W, 40
2026/10/08 03:37:07.530, 1, 120 MHz, 3996 MHz, 192.11 W, 43
2026/10/08 03:37:07.530, 2, 2032 MHz, 3996 MHz, 808.68 W, 50
2026/10/08 03:37:07.530, 3, 2032 MHz, 3996 MHz, 808.23 W, 50
2026/10/08 03:37:07.530, 4, 120 MHz, 3996 MHz, 184.59 W, 39
2026/10/08 03:37:07.530, 5, 120 MHz, 3996 MHz, 183.74 W, 37
2026/10/08 03:37:07.530, 6, 120 MHz, 3996 MHz, 185.46 W, 32
2026/10/08 03:37:07.530, 7, 120 MHz, 3996 MHz, 184.95 W, 31
2026/10/08 03:37:08.530, 0, 120 MHz, 3996 MHz, 189.68 W, 40
2026/10/08 03:37:08.530, 1, 120 MHz, 3996 MHz, 192.11 W, 43
2026/10/08 03:37:08.530, 2, 2032 MHz, 3996 MHz, 809.45 W, 50
2026/10/08 03:37:08.530, 3, 2032 MHz, 3996 MHz, 956.81 W, 52
2026/10/08 03:37:08.530, 4, 120 MHz, 3996 MHz, 184.59 W, 39
2026/10/08 03:37:08.530, 5, 120 MHz, 3996 MHz, 183.49 W, 37
2026/10/08 03:37:08.530, 6, 120 MHz, 3996 MHz, 185.37 W, 32
2026/10/08 03:37:08.530, 7, 120 MHz, 3996 MHz, 184.95 W, 31
2026/10/08 03:37:09.531, 0, 120 MHz, 3996 MHz, 189.83 W, 41
2026/10/08 03:37:09.531, 1, 120 MHz, 3996 MHz, 192.11 W, 43
2026/10/08 03:37:09.531, 2, 1320 MHz, 3996 MHz, 916.61 W, 59
2026/10/08 03:37:09.531, 3, 2032 MHz, 3996 MHz, 802.40 W, 50
2026/10/08 03:37:09.531, 4, 120 MHz, 3996 MHz, 184.59 W, 39
2026/10/08 03:37:09.531, 5, 120 MHz, 3996 MHz, 183.43 W, 37
2026/10/08 03:37:09.531, 6, 120 MHz, 3996 MHz, 185.34 W, 32
2026/10/08 03:37:09.531, 7, 120 MHz, 3996 MHz, 184.71 W, 31
2026/10/08 03:37:10.531, 0, 120 MHz, 3996 MHz, 189.98 W, 41
2026/10/08 03:37:10.531, 1, 120 MHz, 3996 MHz, 192.11 W, 43
2026/10/08 03:37:10.531, 2, 2032 MHz, 3996 MHz, 832.66 W, 51
2026/10/08 03:37:10.531, 3, 2032 MHz, 3996 MHz, 805.04 W, 50
2026/10/08 03:37:10.531, 4, 120 MHz, 3996 MHz, 184.59 W, 39
2026/10/08 03:37:10.531, 5, 120 MHz, 3996 MHz, 183.55 W, 37
2026/10/08 03:37:10.531, 6, 120 MHz, 3996 MHz, 185.06 W, 32
2026/10/08 03:37:10.531, 7, 120 MHz, 3996 MHz, 184.63 W, 31
2026/10/08 03:37:11.531, 0, 120 MHz, 3996 MHz, 189.99 W, 41
2026/10/08 03:37:11.531, 1, 120 MHz, 3996 MHz, 192.11 W, 43
2026/10/08 03:37:11.531, 2, 2032 MHz, 3996 MHz, 805.40 W, 50
2026/10/08 03:37:11.531, 3, 2032 MHz, 3996 MHz, 809.42 W, 50
2026/10/08 03:37:11.531, 4, 120 MHz, 3996 MHz, 184.59 W, 38
2026/10/08 03:37:11.531, 5, 120 MHz, 3996 MHz, 183.30 W, 37
2026/10/08 03:37:11.531, 6, 120 MHz, 3996 MHz, 184.95 W, 31
2026/10/08 03:37:11.531, 7, 120 MHz, 3996 MHz, 184.71 W, 31
2026/10/08 03:37:12.532, 0, 120 MHz, 3996 MHz, 190.10 W, 41
2026/10/08 03:37:12.532, 1, 120 MHz, 3996 MHz, 192.11 W, 43
2026/10/08 03:37:12.532, 2, 2032 MHz, 3996 MHz, 807.09 W, 50
2026/10/08 03:37:12.532, 3, 1305 MHz, 3996 MHz, 927.16 W, 60
2026/10/08 03:37:12.532, 4, 120 MHz, 3996 MHz, 185.92 W, 38
2026/10/08 03:37:12.532, 5, 120 MHz, 3996 MHz, 183.34 W, 37
2026/10/08 03:37:12.532, 6, 120 MHz, 3996 MHz, 184.91 W, 31
2026/10/08 03:37:12.532, 7, 120 MHz, 3996 MHz, 184.69 W, 31
2026/10/08 03:37:13.532, 0, 120 MHz, 3996 MHz, 189.80 W, 41
2026/10/08 03:37:13.532, 1, 120 MHz, 3996 MHz, 192.11 W, 43
2026/10/08 03:37:13.532, 2, 2032 MHz, 3996 MHz, 804.85 W, 50
2026/10/08 03:37:13.532, 3, 2032 MHz, 3996 MHz, 812.40 W, 51
2026/10/08 03:37:13.532, 4, 120 MHz, 3996 MHz, 185.77 W, 38
2026/10/08 03:37:13.532, 5, 120 MHz, 3996 MHz, 183.42 W, 37
2026/10/08 03:37:13.532, 6, 120 MHz, 3996 MHz, 184.83 W, 31
2026/10/08 03:37:13.532, 7, 120 MHz, 3996 MHz, 184.70 W, 30
2026/10/08 03:37:14.532, 0, 120 MHz, 3996 MHz, 190.18 W, 41
2026/10/08 03:37:14.532, 1, 120 MHz, 3996 MHz, 192.11 W, 43
2026/10/08 03:37:14.532, 2, 2032 MHz, 3996 MHz, 951.39 W, 51
2026/10/08 03:37:14.532, 3, 2032 MHz, 3996 MHz, 804.71 W, 50
2026/10/08 03:37:14.532, 4, 120 MHz, 3996 MHz, 185.63 W, 38
2026/10/08 03:37:14.532, 5, 120 MHz, 3996 MHz, 184.55 W, 37
2026/10/08 03:37:14.532, 6, 120 MHz, 3996 MHz, 184.83 W, 31
2026/10/08 03:37:14.532, 7, 120 MHz, 3996 MHz, 185.53 W, 30
2026/10/08 03:37:15.533, 0, 120 MHz, 3996 MHz, 190.14 W, 41
2026/10/08 03:37:15.533, 1, 120 MHz, 3996 MHz, 192.11 W, 43
2026/10/08 03:37:15.533, 2, 2032 MHz, 3996 MHz, 806.90 W, 50
2026/10/08 03:37:15.533, 3, 2032 MHz, 3996 MHz, 805.75 W, 50
2026/10/08 03:37:15.533, 4, 120 MHz, 3996 MHz, 185.77 W, 38
2026/10/08 03:37:15.533, 5, 120 MHz, 3996 MHz, 184.60 W, 37
2026/10/08 03:37:15.533, 6, 120 MHz, 3996 MHz, 184.83 W, 31
2026/10/08 03:37:15.533, 7, 120 MHz, 3996 MHz, 186.08 W, 30
2026/10/08 03:37:16.533, 0, 120 MHz, 3996 MHz, 190.29 W, 41
2026/10/08 03:37:16.533, 1, 120 MHz, 3996 MHz, 192.11 W, 43
2026/10/08 03:37:16.533, 2, 2032 MHz, 3996 MHz, 807.43 W, 50
2026/10/08 03:37:16.533, 3, 1605 MHz, 3996 MHz, 836.47 W, 59
2026/10/08 03:37:16.533, 4, 120 MHz, 3996 MHz, 185.91 W, 38
2026/10/08 03:37:16.533, 5, 120 MHz, 3996 MHz, 184.52 W, 37
2026/10/08 03:37:16.533, 6, 120 MHz, 3996 MHz, 184.83 W, 31
2026/10/08 03:37:16.533, 7, 120 MHz, 3996 MHz, 185.84 W, 30
2026/10/08 03:37:17.533, 0, 120 MHz, 3996 MHz, 190.29 W, 41
2026/10/08 03:37:17.533, 1, 120 MHz, 3996 MHz, 192.11 W, 43
2026/10/08 03:37:17.533, 2, 2032 MHz, 3996 MHz, 810.28 W, 50
2026/10/08 03:37:17.533, 3, 2032 MHz, 3996 MHz, 935.95 W, 51
2026/10/08 03:37:17.533, 4, 120 MHz, 3996 MHz, 185.54 W, 38
2026/10/08 03:37:17.533, 5, 120 MHz, 3996 MHz, 184.54 W, 36
2026/10/08 03:37:17.533, 6, 120 MHz, 3996 MHz, 184.83 W, 31
2026/10/08 03:37:17.533, 7, 120 MHz, 3996 MHz, 185.42 W, 30
2026/10/08 03:37:18.533, 0, 120 MHz, 3996 MHz, 190.29 W, 41
2026/10/08 03:37:18.533, 1, 120 MHz, 3996 MHz, 192.11 W, 43
2026/10/08 03:37:18.533, 2, 2032 MHz, 3996 MHz, 433.00 W, 44
2026/10/08 03:37:18.533, 3, 2032 MHz, 3996 MHz, 802.76 W, 50
2026/10/08 03:37:18.533, 4, 120 MHz, 3996 MHz, 185.31 W, 38
2026/10/08 03:37:18.533, 5, 120 MHz, 3996 MHz, 184.53 W, 36
2026/10/08 03:37:18.533, 6, 120 MHz, 3996 MHz, 185.30 W, 31
2026/10/08 03:37:18.534, 7, 120 MHz, 3996 MHz, 185.44 W, 30
2026/10/08 03:37:19.534, 0, 120 MHz, 3996 MHz, 190.25 W, 41
2026/10/08 03:37:19.534, 1, 120 MHz, 3996 MHz, 192.11 W, 43
2026/10/08 03:37:19.534, 2, 2032 MHz, 3996 MHz, 256.68 W, 42
2026/10/08 03:37:19.534, 3, 2032 MHz, 3996 MHz, 806.71 W, 50
2026/10/08 03:37:19.534, 4, 120 MHz, 3996 MHz, 185.63 W, 38
2026/10/08 03:37:19.534, 5, 120 MHz, 3996 MHz, 184.49 W, 36
2026/10/08 03:37:19.534, 6, 120 MHz, 3996 MHz, 185.50 W, 31
2026/10/08 03:37:19.534, 7, 120 MHz, 3996 MHz, 185.28 W, 30
2026/10/08 03:37:20.534, 0, 120 MHz, 3996 MHz, 190.25 W, 41
2026/10/08 03:37:20.534, 1, 120 MHz, 3996 MHz, 192.11 W, 43
2026/10/08 03:37:20.534, 2, 2032 MHz, 3996 MHz, 243.52 W, 41
2026/10/08 03:37:20.534, 3, 2032 MHz, 3996 MHz, 812.99 W, 50
2026/10/08 03:37:20.534, 4, 120 MHz, 3996 MHz, 185.50 W, 38
2026/10/08 03:37:20.534, 5, 120 MHz, 3996 MHz, 184.27 W, 36
2026/10/08 03:37:20.534, 6, 120 MHz, 3996 MHz, 185.33 W, 31
2026/10/08 03:37:20.534, 7, 120 MHz, 3996 MHz, 185.13 W, 30
2026/10/08 03:37:21.534, 0, 120 MHz, 3996 MHz, 190.21 W, 41
2026/10/08 03:37:21.534, 1, 120 MHz, 3996 MHz, 192.11 W, 43
2026/10/08 03:37:21.534, 2, 2032 MHz, 3996 MHz, 242.88 W, 41
2026/10/08 03:37:21.534, 3, 2032 MHz, 3996 MHz, 387.85 W, 43
2026/10/08 03:37:21.534, 4, 120 MHz, 3996 MHz, 185.12 W, 38
2026/10/08 03:37:21.534, 5, 120 MHz, 3996 MHz, 184.38 W, 36
2026/10/08 03:37:21.534, 6, 120 MHz, 3996 MHz, 185.10 W, 31
2026/10/08 03:37:21.534, 7, 120 MHz, 3996 MHz, 184.95 W, 30
2026/10/08 03:37:22.535, 0, 120 MHz, 3996 MHz, 190.18 W, 41
2026/10/08 03:37:22.535, 1, 120 MHz, 3996 MHz, 192.11 W, 43
2026/10/08 03:37:22.535, 2, 2032 MHz, 3996 MHz, 242.73 W, 40
2026/10/08 03:37:22.535, 3, 2032 MHz, 3996 MHz, 257.99 W, 42
2026/10/08 03:37:22.535, 4, 120 MHz, 3996 MHz, 185.01 W, 38
2026/10/08 03:37:22.535, 5, 120 MHz, 3996 MHz, 184.24 W, 36
2026/10/08 03:37:22.535, 6, 120 MHz, 3996 MHz, 184.87 W, 31
2026/10/08 03:37:22.535, 7, 120 MHz, 3996 MHz, 184.87 W, 30
2026/10/08 03:37:23.535, 0, 120 MHz, 3996 MHz, 190.29 W, 41
2026/10/08 03:37:23.535, 1, 120 MHz, 3996 MHz, 192.11 W, 43
2026/10/08 03:37:23.535, 2, 2032 MHz, 3996 MHz, 242.40 W, 40
2026/10/08 03:37:23.535, 3, 2032 MHz, 3996 MHz, 244.63 W, 41
2026/10/08 03:37:23.535, 4, 120 MHz, 3996 MHz, 184.94 W, 38
2026/10/08 03:37:23.535, 5, 120 MHz, 3996 MHz, 184.36 W, 36
2026/10/08 03:37:23.535, 6, 120 MHz, 3996 MHz, 184.87 W, 30
2026/10/08 03:37:23.535, 7, 120 MHz, 3996 MHz, 184.85 W, 30
2026/10/08 03:37:24.535, 0, 120 MHz, 3996 MHz, 190.25 W, 41
2026/10/08 03:37:24.535, 1, 120 MHz, 3996 MHz, 192.11 W, 43
2026/10/08 03:37:24.535, 2, 2032 MHz, 3996 MHz, 242.75 W, 40
2026/10/08 03:37:24.535, 3, 2032 MHz, 3996 MHz, 244.53 W, 41
2026/10/08 03:37:24.535, 4, 120 MHz, 3996 MHz, 184.85 W, 38
2026/10/08 03:37:24.535, 5, 120 MHz, 3996 MHz, 184.41 W, 36
2026/10/08 03:37:24.535, 6, 120 MHz, 3996 MHz, 184.87 W, 30
2026/10/08 03:37:24.535, 7, 120 MHz, 3996 MHz, 184.67 W, 30
2026/10/08 03:37:25.536, 0, 120 MHz, 3996 MHz, 190.29 W, 41
2026/10/08 03:37:25.536, 1, 120 MHz, 3996 MHz, 192.11 W, 43
2026/10/08 03:37:25.536, 2, 2025 MHz, 3996 MHz, 241.20 W, 39
2026/10/08 03:37:25.536, 3, 2032 MHz, 3996 MHz, 244.32 W, 40
2026/10/08 03:37:25.536, 4, 120 MHz, 3996 MHz, 184.74 W, 38
2026/10/08 03:37:25.536, 5, 120 MHz, 3996 MHz, 184.39 W, 36
2026/10/08 03:37:25.536, 6, 120 MHz, 3996 MHz, 184.83 W, 30
2026/10/08 03:37:25.536, 7, 120 MHz, 3996 MHz, 184.72 W, 29
2026/10/08 03:37:26.536, 0, 120 MHz, 3996 MHz, 190.29 W, 41
2026/10/08 03:37:26.536, 1, 120 MHz, 3996 MHz, 192.11 W, 43
2026/10/08 03:37:26.536, 2, 285 MHz, 3996 MHz, 199.73 W, 38
2026/10/08 03:37:26.536, 3, 2032 MHz, 3996 MHz, 243.18 W, 40
2026/10/08 03:37:26.536, 4, 120 MHz, 3996 MHz, 184.82 W, 38
2026/10/08 03:37:26.536, 5, 120 MHz, 3996 MHz, 184.44 W, 36
2026/10/08 03:37:26.536, 6, 120 MHz, 3996 MHz, 184.83 W, 30
2026/10/08 03:37:26.536, 7, 120 MHz, 3996 MHz, 184.63 W, 29
