timestamp, index, clocks.current.sm [MHz], clocks.current.memory [MHz], power.draw [W], temperature.gpu
2026/10/08 01:11:41.079, 0, 120 MHz, 3996 MHz, 184.47 W, 33
2026/10/08 01:11:41.082, 1, 120 MHz, 3996 MHz, 186.29 W, 36
2026/10/08 01:11:41.083, 2, 120 MHz, 3996 MHz, 182.48 W, 29
2026/10/08 01:11:41.085, 3, 120 MHz, 3996 MHz, 182.12 W, 29
2026/10/08 01:11:41.086, 4, 120 MHz, 3996 MHz, 182.93 W, 36
2026/10/08 01:11:41.088, 5, 120 MHz, 3996 MHz, 184.38 W, 34
2026/10/08 01:11:41.089, 6, 120 MHz, 3996 MHz, 184.64 W, 29
2026/10/08 01:11:41.091, 7, 120 MHz, 3996 MHz, 184.59 W, 27
2026/10/08 01:11:41.292, 0, 120 MHz, 3996 MHz, 184.47 W, 33
2026/10/08 01:11:41.292, 1, 120 MHz, 3996 MHz, 186.29 W, 36
2026/10/08 01:11:41.292, 2, 120 MHz, 3996 MHz, 182.63 W, 29
2026/10/08 01:11:41.292, 3, 120 MHz, 3996 MHz, 182.15 W, 29
2026/10/08 01:11:41.292, 4, 120 MHz, 3996 MHz, 182.89 W, 36
2026/10/08 01:11:41.292, 5, 120 MHz, 3996 MHz, 184.42 W, 34
2026/10/08 01:11:41.292, 6, 120 MHz, 3996 MHz, 184.52 W, 29
2026/10/08 01:11:41.292, 7, 120 MHz, 3996 MHz, 184.59 W, 27
2026/10/08 01:11:41.493, 0, 120 MHz, 3996 MHz, 184.47 W, 33
2026/10/08 01:11:41.493, 1, 120 MHz, 3996 MHz, 186.29 W, 36
2026/10/08 01:11:41.493, 2, 120 MHz, 3996 MHz, 182.63 W, 29
2026/10/08 01:11:41.493, 3, 120 MHz, 3996 MHz, 182.15 W, 29
2026/10/08 01:11:41.493, 4, 120 MHz, 3996 MHz, 182.89 W, 36
2026/10/08 01:11:41.493, 5, 120 MHz, 3996 MHz, 184.46 W, 34
2026/10/08 01:11:41.493, 6, 120 MHz, 3996 MHz, 184.52 W, 29
2026/10/08 01:11:41.493, 7, 120 MHz, 3996 MHz, 184.59 W, 27
2026/10/08 01:11:41.693, 0, 120 MHz, 3996 MHz, 184.47 W, 33
2026/10/08 01:11:41.693, 1, 120 MHz, 3996 MHz, 186.29 W, 36
2026/10/08 01:11:41.693, 2, 120 MHz, 3996 MHz, 182.72 W, 29
2026/10/08 01:11:41.693, 3, 120 MHz, 3996 MHz, 182.15 W, 29
2026/10/08 01:11:41.693, 4, 120 MHz, 3996 MHz, 182.77 W, 36
2026/10/08 01:11:41.693, 5, 120 MHz, 3996 MHz, 184.42 W, 34
2026/10/08 01:11:41.693, 6, 120 MHz, 3996 MHz, 184.56 W, 29
2026/10/08 01:11:41.693, 7, 120 MHz, 3996 MHz, 184.59 W, 27
2026/10/08 01:11:41.893, 0, 120 MHz, 3996 MHz, 184.47 W, 33
2026/10/08 01:11:41.893, 1, 120 MHz, 3996 MHz, 186.29 W, 36
2026/10/08 01:11:41.893, 2, 120 MHz, 3996 MHz, 182.72 W, 29
2026/10/08 01:11:41.893, 3, 120 MHz, 3996 MHz, 182.15 W, 29
2026/10/08 01:11:41.893, 4, 120 MHz, 3996 MHz, 183.04 W, 36
2026/10/08 01:11:41.893, 5, 120 MHz, 3996 MHz, 184.38 W, 34
2026/10/08 01:11:41.893, 6, 120 MHz, 3996 MHz, 184.56 W, 29
2026/10/08 01:11:41.893, 7, 120 MHz, 3996 MHz, 184.59 W, 27
2026/10/08 01:11:42.093, 0, 120 MHz, 3996 MHz, 184.47 W, 33
2026/10/08 01:11:42.093, 1, 120 MHz, 3996 MHz, 186.29 W, 36
2026/10/08 01:11:42.094, 2, 120 MHz, 3996 MHz, 182.76 W, 29
2026/10/08 01:11:42.094, 3, 120 MHz, 3996 MHz, 182.16 W, 29
2026/10/08 01:11:42.094, 4, 120 MHz, 3996 MHz, 183.30 W, 36
2026/10/08 01:11:42.094, 5, 120 MHz, 3996 MHz, 184.34 W, 34
2026/10/08 01:11:42.094, 6, 120 MHz, 3996 MHz, 184.52 W, 29
2026/10/08 01:11:42.094, 7, 120 MHz, 3996 MHz, 184.59 W, 27
2026/10/08 01:11:42.294, 0, 120 MHz, 3996 MHz, 184.47 W, 33
2026/10/08 01:11:42.294, 1, 120 MHz, 3996 MHz, 186.29 W, 36
2026/10/08 01:11:42.294, 2, 120 MHz, 3996 MHz, 182.78 W, 29
2026/10/08 01:11:42.294, 3, 120 MHz, 3996 MHz, 182.13 W, 29
2026/10/08 01:11:42.294, 4, 120 MHz, 3996 MHz, 183.66 W, 36
2026/10/08 01:11:42.294, 5, 120 MHz, 3996 MHz, 184.30 W, 34
2026/10/08 01:11:42.294, 6, 120 MHz, 3996 MHz, 184.68 W, 29
2026/10/08 01:11:42.294, 7, 120 MHz, 3996 MHz, 184.59 W, 27
2026/10/08 01:11:42.494, 0, 120 MHz, 3996 MHz, 184.47 W, 33
2026/10/08 01:11:42.494, 1, 120 MHz, 3996 MHz, 186.29 W, 36
2026/10/08 01:11:42.494, 2, 120 MHz, 3996 MHz, 182.60 W, 29
2026/10/08 01:11:42.494, 3, 120 MHz, 3996 MHz, 182.17 W, 29
2026/10/08 01:11:42.494, 4, 120 MHz, 3996 MHz, 184.01 W, 36
2026/10/08 01:11:42.494, 5, 120 MHz, 3996 MHz, 184.26 W, 34
2026/10/08 01:11:42.494, 6, 120 MHz, 3996 MHz, 184.64 W, 29
2026/10/08 01:11:42.494, 7, 120 MHz, 3996 MHz, 184.59 W, 27
2026/10/08 01:11:42.694, 0, 120 MHz, 3996 MHz, 184.47 W, 33
2026/10/08 01:11:42.694, 1, 120 MHz, 3996 MHz, 186.29 W, 36
2026/10/08 01:11:42.694, 2, 120 MHz, 3996 MHz, 182.71 W, 29
2026/10/08 01:11:42.694, 3, 120 MHz, 3996 MHz, 182.17 W, 29
2026/10/08 01:11:42.694, 4, 120 MHz, 3996 MHz, 184.40 W, 36
2026/10/08 01:11:42.694, 5, 120 MHz, 3996 MHz, 184.26 W, 34
2026/10/08 01:11:42.694, 6, 120 MHz, 3996 MHz, 184.64 W, 29
2026/10/08 01:11:42.694, 7, 120 MHz, 3996 MHz, 184.59 W, 27
2026/10/08 01:11:42.895, 0, 120 MHz, 3996 MHz, 184.47 W, 33
2026/10/08 01:11:42.895, 1, 120 MHz, 3996 MHz, 186.29 W, 36
2026/10/08 01:11:42.895, 2, 120 MHz, 3996 MHz, 182.78 W, 29
2026/10/08 01:11:42.895, 3, 120 MHz, 3996 MHz, 182.16 W, 29
2026/10/08 01:11:42.895, 4, 120 MHz, 3996 MHz, 184.48 W, 36
2026/10/08 01:11:42.895, 5, 120 MHz, 3996 MHz, 184.22 W, 34
2026/10/08 01:11:42.895, 6, 120 MHz, 3996 MHz, 184.56 W, 29
2026/10/08 01:11:42.895, 7, 120 MHz, 3996 MHz, 184.59 W, 27
2026/10/08 01:11:43.095, 0, 120 MHz, 3996 MHz, 184.47 W, 33
2026/10/08 01:11:43.095, 1, 120 MHz, 3996 MHz, 186.29 W, 36
2026/10/08 01:11:43.095, 2, 120 MHz, 3996 MHz, 182.84 W, 29
2026/10/08 01:11:43.095, 3, 120 MHz, 3996 MHz, 182.15 W, 29
2026/10/08 01:11:43.095, 4, 120 MHz, 3996 MHz, 184.48 W, 36
2026/10/08 01:11:43.095, 5, 120 MHz, 3996 MHz, 184.26 W, 34
2026/10/08 01:11:43.095, 6, 120 MHz, 3996 MHz, 184.57 W, 29
2026/10/08 01:11:43.095, 7, 120 MHz, 3996 MHz, 184.59 W, 27
2026/10/08 01:11:43.295, 0, 120 MHz, 3996 MHz, 184.47 W, 33
2026/10/08 01:11:43.295, 1, 120 MHz, 3996 MHz, 186.29 W, 36
2026/10/08 01:11:43.295, 2, 120 MHz, 3996 MHz, 182.67 W, 29
2026/10/08 01:11:43.295, 3, 120 MHz, 3996 MHz, 182.18 W, 29
2026/10/08 01:11:43.295, 4, 120 MHz, 3996 MHz, 184.48 W, 36
2026/10/08 01:11:43.295, 5, 120 MHz, 3996 MHz, 184.23 W, 34
2026/10/08 01:11:43.295, 6, 120 MHz, 3996 MHz, 184.53 W, 29
2026/10/08 01:11:43.295, 7, 120 MHz, 3996 MHz, 184.59 W, 27
2026/10/08 01:11:43.495, 0, 120 MHz, 3996 MHz, 184.47 W, 33
2026/10/08 01:11:43.495, 1, 120 MHz, 3996 MHz, 186.29 W, 36
2026/10/08 01:11:43.495, 2, 120 MHz, 3996 MHz, 182.71 W, 29
2026/10/08 01:11:43.495, 3, 120 MHz, 3996 MHz, 182.18 W, 29
2026/10/08 01:11:43.495, 4, 120 MHz, 3996 MHz, 184.48 W, 36
2026/10/08 01:11:43.495, 5, 120 MHz, 3996 MHz, 184.23 W, 34
2026/10/08 01:11:43.495, 6, 120 MHz, 3996 MHz, 184.49 W, 29
2026/10/08 01:11:43.495, 7, 120 MHz, 3996 MHz, 184.59 W, 27
2026/10/08 01:11:43.696, 0, 120 MHz, 3996 MHz, 184.47 W, 33
2026/10/08 01:11:43.696, 1, 120 MHz, 3996 MHz, 186.29 W, 36
2026/10/08 01:11:43.696, 2, 120 MHz, 3996 MHz, 182.51 W, 29
2026/10/08 01:11:43.696, 3, 120 MHz, 3996 MHz, 182.18 W, 29
2026/10/08 01:11:43.696, 4, 120 MHz, 3996 MHz, 184.47 W, 36
2026/10/08 01:11:43.696, 5, 120 MHz, 3996 MHz, 184.26 W, 34
2026/10/08 01:11:43.696, 6, 120 MHz, 3996 MHz, 184.52 W, 29
2026/10/08 01:11:43.696, 7, 120 MHz, 3996 MHz, 184.59 W, 27
2026/10/08 01:11:43.896, 0, 120 MHz, 3996 MHz, 184.47 W, 33
2026/10/08 01:11:43.896, 1, 120 MHz, 3996 MHz, 186.29 W, 36
2026/10/08 01:11:43.896, 2, 120 MHz, 3996 MHz, 182.29 W, 29
2026/10/08 01:11:43.896, 3, 120 MHz, 3996 MHz, 182.17 W, 29
2026/10/08 01:11:43.896, 4, 120 MHz, 3996 MHz, 184.48 W, 36
2026/10/08 01:11:43.896, 5, 120 MHz, 3996 MHz, 184.37 W, 34
2026/10/08 01:11:43.896, 6, 120 MHz, 3996 MHz, 184.53 W, 29
2026/10/08 01:11:43.896, 7, 120 MHz, 3996 MHz, 184.59 W, 27
2026/10/08 01:11:44.096, 0, 120 MHz, 3996 MHz, 184.47 W, 33
2026/10/08 01:11:44.096, 1, 120 MHz, 3996 MHz, 186.29 W, 36
2026/10/08 01:11:44.096, 2, 120 MHz, 3996 MHz, 182.25 W, 29
2026/10/08 01:11:44.096, 3, 120 MHz, 3996 MHz, 182.19 W, 29
2026/10/08 01:11:44.096, 4, 120 MHz, 3996 MHz, 184.48 W, 36
2026/10/08 01:11:44.096, 5, 120 MHz, 3996 MHz, 184.41 W, 34
2026/10/08 01:11:44.096, 6, 120 MHz, 3996 MHz, 184.57 W, 29
2026/10/08 01:11:44.096, 7, 120 MHz, 3996 MHz, 184.59 W, 27
2026/10/08 01:11:44.296, 0, 120 MHz, 3996 MHz, 184.47 W, 33
2026/10/08 01:11:44.297, 1, 120 MHz, 3996 MHz, 186.29 W, 36
2026/10/08 01:11:44.297, 2, 120 MHz, 3996 MHz, 182.25 W, 29
2026/10/08 01:11:44.297, 3, 120 MHz, 3996 MHz, 182.19 W, 29
2026/10/08 01:11:44.297, 4, 120 MHz, 3996 MHz, 184.48 W, 36
2026/10/08 01:11:44.297, 5, 120 MHz, 3996 MHz, 184.37 W, 34
2026/10/08 01:11:44.297, 6, 120 MHz, 3996 MHz, 184.56 W, 29
2026/10/08 01:11:44.297, 7, 120 MHz, 3996 MHz, 184.59 W, 27
2026/10/08 01:11:44.497, 0, 120 MHz, 3996 MHz, 184.47 W, 33
2026/10/08 01:11:44.497, 1, 120 MHz, 3996 MHz, 186.29 W, 36
2026/10/08 01:11:44.497, 2, 120 MHz, 3996 MHz, 182.40 W, 29
2026/10/08 01:11:44.497, 3, 120 MHz, 3996 MHz, 182.20 W, 29
2026/10/08 01:11:44.497, 4, 120 MHz, 3996 MHz, 184.48 W, 36
2026/10/08 01:11:44.497, 5, 120 MHz, 3996 MHz, 184.30 W, 34
2026/10/08 01:11:44.497, 6, 120 MHz, 3996 MHz, 184.56 W, 29
2026/10/08 01:11:44.497, 7, 120 MHz, 3996 MHz, 184.59 W, 27
2026/10/08 01:11:44.697, 0, 120 MHz, 3996 MHz, 184.47 W, 33
2026/10/08 01:11:44.697, 1, 120 MHz, 3996 MHz, 186.29 W, 36
2026/10/08 01:11:44.697, 2, 120 MHz, 3996 MHz, 182.36 W, 29
2026/10/08 01:11:44.697, 3, 120 MHz, 3996 MHz, 182.20 W, 29
2026/10/08 01:11:44.697, 4, 120 MHz, 3996 MHz, 184.49 W, 36
2026/10/08 01:11:44.697, 5, 120 MHz, 3996 MHz, 184.35 W, 34
2026/10/08 01:11:44.697, 6, 120 MHz, 3996 MHz, 184.49 W, 29
2026/10/08 01:11:44.697, 7, 120 MHz, 3996 MHz, 184.59 W, 27
2026/10/08 01:11:44.897, 0, 120 MHz, 3996 MHz, 184.47 W, 33
2026/10/08 01:11:44.897, 1, 120 MHz, 3996 MHz, 186.29 W, 36
2026/10/08 01:11:44.897, 2, 120 MHz, 3996 MHz, 182.36 W, 29
2026/10/08 01:11:44.897, 3, 120 MHz, 3996 MHz, 182.21 W, 29
2026/10/08 01:11:44.897, 4, 120 MHz, 3996 MHz, 184.49 W, 36
2026/10/08 01:11:44.897, 5, 120 MHz, 3996 MHz, 184.35 W, 34
2026/10/08 01:11:44.897, 6, 120 MHz, 3996 MHz, 184.34 W, 29
2026/10/08 01:11:44.897, 7, 120 MHz, 3996 MHz, 184.59 W, 27
2026/10/08 01:11:45.098, 0, 120 MHz, 3996 MHz, 184.47 W, 33
2026/10/08 01:11:45.098, 1, 120 MHz, 3996 MHz, 186.29 W, 36
2026/10/08 01:11:45.098, 2, 120 MHz, 3996 MHz, 182.33 W, 29
2026/10/08 01:11:45.098, 3, 120 MHz, 3996 MHz, 182.21 W, 29
2026/10/08 01:11:45.098, 4, 120 MHz, 3996 MHz, 184.49 W, 36
2026/10/08 01:11:45.098, 5, 120 MHz, 3996 MHz, 184.35 W, 34
2026/10/08 01:11:45.098, 6, 120 MHz, 3996 MHz, 184.41 W, 29
2026/10/08 01:11:45.098, 7, 120 MHz, 3996 MHz, 184.59 W, 27
2026/10/08 01:11:45.298, 0, 120 MHz, 3996 MHz, 184.47 W, 33
2026/10/08 01:11:45.298, 1, 120 MHz, 3996 MHz, 186.29 W, 36
2026/10/08 01:11:45.298, 2, 120 MHz, 3996 MHz, 182.40 W, 29
2026/10/08 01:11:45.298, 3, 120 MHz, 3996 MHz, 182.22 W, 29
2026/10/08 01:11:45.298, 4, 120 MHz, 3996 MHz, 184.49 W, 36
2026/10/08 01:11:45.298, 5, 120 MHz, 3996 MHz, 184.47 W, 34
2026/10/08 01:11:45.298, 6, 120 MHz, 3996 MHz, 184.32 W, 29
2026/10/08 01:11:45.298, 7, 120 MHz, 3996 MHz, 184.59 W, 27
2026/10/08 01:11:45.498, 0, 120 MHz, 3996 MHz, 184.47 W, 33
2026/10/08 01:11:45.498, 1, 120 MHz, 3996 MHz, 186.29 W, 36
2026/10/08 01:11:45.498, 2, 120 MHz, 3996 MHz, 182.21 W, 29
2026/10/08 01:11:45.498, 3, 120 MHz, 3996 MHz, 182.17 W, 29
2026/10/08 01:11:45.498, 4, 120 MHz, 3996 MHz, 184.50 W, 36
2026/10/08 01:11:45.498, 5, 120 MHz, 3996 MHz, 184.54 W, 34
2026/10/08 01:11:45.498, 6, 120 MHz, 3996 MHz, 184.25 W, 29
2026/10/08 01:11:45.498, 7, 120 MHz, 3996 MHz, 184.59 W, 27
2026/10/08 01:11:45.698, 0, 120 MHz, 3996 MHz, 184.47 W, 33
2026/10/08 01:11:45.698, 1, 120 MHz, 3996 MHz, 186.29 W, 36
2026/10/08 01:11:45.698, 2, 120 MHz, 3996 MHz, 182.21 W, 29
2026/10/08 01:11:45.698, 3, 120 MHz, 3996 MHz, 182.17 W, 29
2026/10/08 01:11:45.698, 4, 120 MHz, 3996 MHz, 184.49 W, 36
2026/10/08 01:11:45.698, 5, 120 MHz, 3996 MHz, 184.43 W, 34
2026/10/08 01:11:45.698, 6, 120 MHz, 3996 MHz, 184.30 W, 29
2026/10/08 01:11:45.699, 7, 120 MHz, 3996 MHz, 184.59 W, 27
2026/10/08 01:11:45.899, 0, 120 MHz, 3996 MHz, 184.47 W, 33
2026/10/08 01:11:45.899, 1, 120 MHz, 3996 MHz, 186.29 W, 36
2026/10/08 01:11:45.899, 2, 120 MHz, 3996 MHz, 182.29 W, 29
2026/10/08 01:11:45.899, 3, 120 MHz, 3996 MHz, 182.14 W, 29
2026/10/08 01:11:45.899, 4, 120 MHz, 3996 MHz, 184.49 W, 36
2026/10/08 01:11:45.899, 5, 120 MHz, 3996 MHz, 184.42 W, 34
2026/10/08 01:11:45.899, 6, 120 MHz, 3996 MHz, 184.44 W, 29
2026/10/08 01:11:45.899, 7, 120 MHz, 3996 MHz, 184.59 W, 27
2026/10/08 01:11:46.099, 0, 120 MHz, 3996 MHz, 184.47 W, 33
2026/10/08 01:11:46.099, 1, 120 MHz, 3996 MHz, 186.29 W, 36
2026/10/08 01:11:46.099, 2, 120 MHz, 3996 MHz, 182.40 W, 29
2026/10/08 01:11:46.099, 3, 120 MHz, 3996 MHz, 182.10 W, 29
2026/10/08 01:11:46.099, 4, 120 MHz, 3996 MHz, 184.48 W, 36
2026/10/08 01:11:46.099, 5, 120 MHz, 3996 MHz, 184.41 W, 34
2026/10/08 01:11:46.099, 6, 120 MHz, 3996 MHz, 184.49 W, 29
2026/10/08 01:11:46.099, 7, 120 MHz, 3996 MHz, 184.59 W, 27
2026/10/08 01:11:46.299, 0, 120 MHz, 3996 MHz, 184.47 W, 33
2026/10/08 01:11:46.299, 1, 120 MHz, 3996 MHz, 186.29 W, 36
2026/10/08 01:11:46.299, 2, 120 MHz, 3996 MHz, 182.37 W, 29
2026/10/08 01:11:46.299, 3, 120 MHz, 3996 MHz, 182.10 W, 29
2026/10/08 01:11:46.299, 4, 120 MHz, 3996 MHz, 184.49 W, 36
2026/10/08 01:11:46.299, 5, 120 MHz, 3996 MHz, 184.33 W, 34
2026/10/08 01:11:46.299, 6, 120 MHz, 3996 MHz, 184.56 W, 29
2026/10/08 01:11:46.299, 7, 120 MHz, 3996 MHz, 184.59 W, 27
2026/10/08 01:11:46.500, 0, 120 MHz, 3996 MHz, 184.47 W, 33
2026/10/08 01:11:46.500, 1, 120 MHz, 3996 MHz, 186.29 W, 36
2026/10/08 01:11:46.500, 2, 120 MHz, 3996 MHz, 182.37 W, 29
2026/10/08 01:11:46.500, 3, 120 MHz, 3996 MHz, 182.10 W, 29
2026/10/08 01:11:46.500, 4, 120 MHz, 3996 MHz, 184.48 W, 36
2026/10/08 01:11:46.500, 5, 120 MHz, 3996 MHz, 184.28 W, 34
2026/10/08 01:11:46.500, 6, 120 MHz, 3996 MHz, 184.64 W, 29
2026/10/08 01:11:46.500, 7, 120 MHz, 3996 MHz, 184.59 W, 27
2026/10/08 01:11:46.700, 0, 120 MHz, 3996 MHz, 184.47 W, 33
2026/10/08 01:11:46.700, 1, 120 MHz, 3996 MHz, 186.29 W, 36
2026/10/08 01:11:46.700, 2, 120 MHz, 3996 MHz, 182.44 W, 29
2026/10/08 01:11:46.700, 3, 120 MHz, 3996 MHz, 182.03 W, 29
2026/10/08 01:11:46.700, 4, 120 MHz, 3996 MHz, 184.49 W, 36
2026/10/08 01:11:46.700, 5, 120 MHz, 3996 MHz, 184.36 W, 34
2026/10/08 01:11:46.700, 6, 120 MHz, 3996 MHz, 184.57 W, 29
2026/10/08 01:11:46.700, 7, 120 MHz, 3996 MHz, 184.59 W, 27
2026/10/08 01:11:46.900, 0, 120 MHz, 3996 MHz, 184.47 W, 33
2026/10/08 01:11:46.900, 1, 120 MHz, 3996 MHz, 186.29 W, 36
2026/10/08 01:11:46.900, 2, 120 MHz, 3996 MHz, 182.37 W, 29
2026/10/08 01:11:46.900, 3, 120 MHz, 3996 MHz, 182.07 W, 29
2026/10/08 01:11:46.900, 4, 120 MHz, 3996 MHz, 184.49 W, 36
2026/10/08 01:11:46.900, 5, 120 MHz, 3996 MHz, 184.36 W, 34
2026/10/08 01:11:46.900, 6, 120 MHz, 3996 MHz, 184.45 W, 29
2026/10/08 01:11:46.900, 7, 120 MHz, 3996 MHz, 184.59 W, 27
2026/10/08 01:11:47.100, 0, 120 MHz, 3996 MHz, 184.47 W, 33
2026/10/08 01:11:47.100, 1, 120 MHz, 3996 MHz, 186.29 W, 36
2026/10/08 01:11:47.100, 2, 120 MHz, 3996 MHz, 182.29 W, 29
2026/10/08 01:11:47.100, 3, 120 MHz, 3996 MHz, 182.10 W, 29
2026/10/08 01:11:47.100, 4, 120 MHz, 3996 MHz, 184.50 W, 36
2026/10/08 01:11:47.100, 5, 120 MHz, 3996 MHz, 184.29 W, 34
2026/10/08 01:11:47.100, 6, 120 MHz, 3996 MHz, 184.36 W, 29
2026/10/08 01:11:47.100, 7, 120 MHz, 3996 MHz, 184.59 W, 27
2026/10/08 01:11:47.301, 0, 120 MHz, 3996 MHz, 184.47 W, 33
2026/10/08 01:11:47.301, 1, 120 MHz, 3996 MHz, 186.29 W, 36
2026/10/08 01:11:47.301, 2, 120 MHz, 3996 MHz, 182.33 W, 29
2026/10/08 01:11:47.301, 3, 120 MHz, 3996 MHz, 182.10 W, 29
2026/10/08 01:11:47.301, 4, 120 MHz, 3996 MHz, 184.50 W, 36
2026/10/08 01:11:47.301, 5, 120 MHz, 3996 MHz, 184.36 W, 34
2026/10/08 01:11:47.301, 6, 120 MHz, 3996 MHz, 184.34 W, 29
2026/10/08 01:11:47.301, 7, 120 MHz, 3996 MHz, 184.59 W, 27
2026/10/08 01:11:47.501, 0, 120 MHz, 3996 MHz, 184.47 W, 33
2026/10/08 01:11:47.501, 1, 120 MHz, 3996 MHz, 186.29 W, 36
2026/10/08 01:11:47.501, 2, 120 MHz, 3996 MHz, 182.37 W, 29
2026/10/08 01:11:47.501, 3, 120 MHz, 3996 MHz, 182.09 W, 29
2026/10/08 01:11:47.501, 4, 2032 MHz, 3996 MHz, 193.18 W, 36
2026/10/08 01:11:47.501, 5, 120 MHz, 3996 MHz, 184.42 W, 34
2026/10/08 01:11:47.501, 6, 120 MHz, 3996 MHz, 184.33 W, 29
2026/10/08 01:11:47.501, 7, 120 MHz, 3996 MHz, 184.59 W, 27
2026/10/08 01:11:47.701, 0, 120 MHz, 3996 MHz, 184.47 W, 33
2026/10/08 01:11:47.701, 1, 120 MHz, 3996 MHz, 186.29 W, 36
2026/10/08 01:11:47.701, 2, 120 MHz, 3996 MHz, 182.33 W, 29
2026/10/08 01:11:47.701, 3, 120 MHz, 3996 MHz, 182.16 W, 29
2026/10/08 01:11:47.701, 4, 2032 MHz, 3996 MHz, 203.43 W, 36
2026/10/08 01:11:47.701, 5, 120 MHz, 3996 MHz, 184.40 W, 34
2026/10/08 01:11:47.701, 6, 120 MHz, 3996 MHz, 184.44 W, 29
2026/10/08 01:11:47.701, 7, 120 MHz, 3996 MHz, 184.59 W, 27
2026/10/08 01:11:47.901, 0, 120 MHz, 3996 MHz, 184.47 W, 33
2026/10/08 01:11:47.902, 1, 120 MHz, 3996 MHz, 186.29 W, 36
2026/10/08 01:11:47.902, 2, 120 MHz, 3996 MHz, 182.36 W, 29
2026/10/08 01:11:47.902, 3, 120 MHz, 3996 MHz, 182.15 W, 28
2026/10/08 01:11:47.902, 4, 2032 MHz, 3996 MHz, 213.29 W, 36
2026/10/08 01:11:47.902, 5, 120 MHz, 3996 MHz, 184.31 W, 34
2026/10/08 01:11:47.902, 6, 120 MHz, 3996 MHz, 184.52 W, 29
2026/10/08 01:11:47.902, 7, 120 MHz, 3996 MHz, 184.59 W, 27
2026/10/08 01:11:48.102, 0, 120 MHz, 3996 MHz, 184.47 W, 33
2026/10/08 01:11:48.102, 1, 120 MHz, 3996 MHz, 186.29 W, 36
2026/10/08 01:11:48.102, 2, 120 MHz, 3996 MHz, 182.52 W, 29
2026/10/08 01:11:48.102, 3, 120 MHz, 3996 MHz, 182.14 W, 28
2026/10/08 01:11:48.102, 4, 2032 MHz, 3996 MHz, 223.16 W, 36
2026/10/08 01:11:48.102, 5, 120 MHz, 3996 MHz, 184.29 W, 34
2026/10/08 01:11:48.102, 6, 120 MHz, 3996 MHz, 184.44 W, 29
2026/10/08 01:11:48.102, 7, 120 MHz, 3996 MHz, 184.59 W, 27
2026/10/08 01:11:48.302, 0, 120 MHz, 3996 MHz, 184.47 W, 33
2026/10/08 01:11:48.302, 1, 120 MHz, 3996 MHz, 186.29 W, 36
2026/10/08 01:11:48.302, 2, 120 MHz, 3996 MHz, 182.44 W, 29
2026/10/08 01:11:48.302, 3, 120 MHz, 3996 MHz, 182.14 W, 28
2026/10/08 01:11:48.302, 4, 2032 MHz, 3996 MHz, 233.99 W, 37
2026/10/08 01:11:48.302, 5, 120 MHz, 3996 MHz, 184.27 W, 34
2026/10/08 01:11:48.302, 6, 120 MHz, 3996 MHz, 184.48 W, 29
2026/10/08 01:11:48.302, 7, 120 MHz, 3996 MHz, 184.59 W, 27
2026/10/08 01:11:48.502, 0, 120 MHz, 3996 MHz, 184.47 W, 33
2026/10/08 01:11:48.502, 1, 120 MHz, 3996 MHz, 186.29 W, 36
2026/10/08 01:11:48.502, 2, 120 MHz, 3996 MHz, 182.44 W, 29
2026/10/08 01:11:48.502, 3, 120 MHz, 3996 MHz, 182.18 W, 28
2026/10/08 01:11:48.502, 4, 2032 MHz, 3996 MHz, 235.18 W, 37
2026/10/08 01:11:48.502, 5, 120 MHz, 3996 MHz, 184.23 W, 34
2026/10/08 01:11:48.502, 6, 120 MHz, 3996 MHz, 184.45 W, 29
2026/10/08 01:11:48.502, 7, 120 MHz, 3996 MHz, 184.59 W, 27
2026/10/08 01:11:48.703, 0, 120 MHz, 3996 MHz, 184.47 W, 33
2026/10/08 01:11:48.703, 1, 120 MHz, 3996 MHz, 186.29 W, 35
2026/10/08 01:11:48.703, 2, 120 MHz, 3996 MHz, 182.40 W, 29
2026/10/08 01:11:48.703, 3, 120 MHz, 3996 MHz, 182.17 W, 28
2026/10/08 01:11:48.703, 4, 2032 MHz, 3996 MHz, 234.80 W, 37
2026/10/08 01:11:48.703, 5, 120 MHz, 3996 MHz, 184.23 W, 34
2026/10/08 01:11:48.703, 6, 120 MHz, 3996 MHz, 184.41 W, 29
2026/10/08 01:11:48.703, 7, 120 MHz, 3996 MHz, 184.59 W, 27
2026/10/08 01:11:48.903, 0, 120 MHz, 3996 MHz, 184.47 W, 33
2026/10/08 01:11:48.903, 1, 120 MHz, 3996 MHz, 186.29 W, 35
2026/10/08 01:11:48.903, 2, 120 MHz, 3996 MHz, 182.40 W, 29
2026/10/08 01:11:48.903, 3, 120 MHz, 3996 MHz, 182.17 W, 28
2026/10/08 01:11:48.903, 4, 2032 MHz, 3996 MHz, 234.80 W, 37
2026/10/08 01:11:48.903, 5, 120 MHz, 3996 MHz, 184.19 W, 34
2026/10/08 01:11:48.903, 6, 120 MHz, 3996 MHz, 184.52 W, 29
2026/10/08 01:11:48.903, 7, 120 MHz, 3996 MHz, 184.59 W, 27
2026/10/08 01:11:49.103, 0, 120 MHz, 3996 MHz, 184.47 W, 33
2026/10/08 01:11:49.103, 1, 120 MHz, 3996 MHz, 186.29 W, 35
2026/10/08 01:11:49.103, 2, 120 MHz, 3996 MHz, 182.21 W, 29
2026/10/08 01:11:49.103, 3, 120 MHz, 3996 MHz, 182.14 W, 28
2026/10/08 01:11:49.103, 4, 2032 MHz, 3996 MHz, 234.80 W, 37
2026/10/08 01:11:49.103, 5, 120 MHz, 3996 MHz, 184.18 W, 34
2026/10/08 01:11:49.103, 6, 120 MHz, 3996 MHz, 184.56 W, 29
2026/10/08 01:11:49.103, 7, 120 MHz, 3996 MHz, 184.59 W, 27
2026/10/08 01:11:49.303, 0, 120 MHz, 3996 MHz, 184.47 W, 33
2026/10/08 01:11:49.303, 1, 120 MHz, 3996 MHz, 186.29 W, 35
2026/10/08 01:11:49.304, 2, 120 MHz, 3996 MHz, 182.21 W, 29
2026/10/08 01:11:49.304, 3, 120 MHz, 3996 MHz, 182.13 W, 28
2026/10/08 01:11:49.304, 4, 2032 MHz, 3996 MHz, 241.43 W, 37
2026/10/08 01:11:49.304, 5, 120 MHz, 3996 MHz, 184.19 W, 34
2026/10/08 01:11:49.304, 6, 120 MHz, 3996 MHz, 184.45 W, 29
2026/10/08 01:11:49.304, 7, 120 MHz, 3996 MHz, 184.59 W, 27
2026/10/08 01:11:49.504, 0, 120 MHz, 3996 MHz, 184.47 W, 33
2026/10/08 01:11:49.504, 1, 120 MHz, 3996 MHz, 186.29 W, 35
2026/10/08 01:11:49.504, 2, 120 MHz, 3996 MHz, 182.21 W, 29
2026/10/08 01:11:49.504, 3, 120 MHz, 3996 MHz, 182.12 W, 28
2026/10/08 01:11:49.504, 4, 2032 MHz, 3996 MHz, 241.88 W, 37
2026/10/08 01:11:49.504, 5, 2032 MHz, 3996 MHz, 193.59 W, 35
2026/10/08 01:11:49.504, 6, 120 MHz, 3996 MHz, 184.40 W, 29
2026/10/08 01:11:49.504, 7, 120 MHz, 3996 MHz, 184.59 W, 27
2026/10/08 01:11:49.704, 0, 120 MHz, 3996 MHz, 184.47 W, 33
2026/10/08 01:11:49.704, 1, 120 MHz, 3996 MHz, 186.29 W, 35
2026/10/08 01:11:49.704, 2, 120 MHz, 3996 MHz, 182.21 W, 29
2026/10/08 01:11:49.704, 3, 120 MHz, 3996 MHz, 182.13 W, 28
2026/10/08 01:11:49.704, 4, 2032 MHz, 3996 MHz, 242.27 W, 37
2026/10/08 01:11:49.704, 5, 2032 MHz, 3996 MHz, 204.05 W, 35
2026/10/08 01:11:49.704, 6, 120 MHz, 3996 MHz, 184.40 W, 29
2026/10/08 01:11:49.704, 7, 120 MHz, 3996 MHz, 184.59 W, 27
2026/10/08 01:11:49.904, 0, 120 MHz, 3996 MHz, 184.47 W, 33
2026/10/08 01:11:49.904, 1, 120 MHz, 3996 MHz, 186.29 W, 35
2026/10/08 01:11:49.904, 2, 120 MHz, 3996 MHz, 182.25 W, 28
2026/10/08 01:11:49.904, 3, 120 MHz, 3996 MHz, 182.13 W, 28
2026/10/08 01:11:49.904, 4, 2032 MHz, 3996 MHz, 245.22 W, 37
2026/10/08 01:11:49.904, 5, 2032 MHz, 3996 MHz, 214.36 W, 35
2026/10/08 01:11:49.904, 6, 120 MHz, 3996 MHz, 184.30 W, 29
2026/10/08 01:11:49.904, 7, 120 MHz, 3996 MHz, 184.59 W, 27
2026/10/08 01:11:50.105, 0, 120 MHz, 3996 MHz, 184.47 W, 33
2026/10/08 01:11:50.105, 1, 120 MHz, 3996 MHz, 186.29 W, 35
2026/10/08 01:11:50.105, 2, 120 MHz, 3996 MHz, 182.25 W, 29
2026/10/08 01:11:50.105, 3, 120 MHz, 3996 MHz, 182.16 W, 28
2026/10/08 01:11:50.105, 4, 2032 MHz, 3996 MHz, 245.25 W, 37
2026/10/08 01:11:50.105, 5, 2032 MHz, 3996 MHz, 224.65 W, 35
2026/10/08 01:11:50.105, 6, 120 MHz, 3996 MHz, 184.22 W, 29
2026/10/08 01:11:50.105, 7, 120 MHz, 3996 MHz, 184.59 W, 27
2026/10/08 01:11:50.305, 0, 120 MHz, 3996 MHz, 184.47 W, 33
2026/10/08 01:11:50.305, 1, 120 MHz, 3996 MHz, 186.29 W, 35
2026/10/08 01:11:50.305, 2, 120 MHz, 3996 MHz, 182.29 W, 29
2026/10/08 01:11:50.305, 3, 120 MHz, 3996 MHz, 182.13 W, 28
2026/10/08 01:11:50.305, 4, 2032 MHz, 3996 MHz, 238.98 W, 37
2026/10/08 01:11:50.305, 5, 2032 MHz, 3996 MHz, 234.87 W, 35
2026/10/08 01:11:50.305, 6, 120 MHz, 3996 MHz, 184.26 W, 29
2026/10/08 01:11:50.305, 7, 120 MHz, 3996 MHz, 184.59 W, 27
2026/10/08 01:11:50.505, 0, 120 MHz, 3996 MHz, 184.47 W, 33
2026/10/08 01:11:50.505, 1, 120 MHz, 3996 MHz, 186.29 W, 35
2026/10/08 01:11:50.505, 2, 120 MHz, 3996 MHz, 182.25 W, 28
2026/10/08 01:11:50.505, 3, 120 MHz, 3996 MHz, 182.13 W, 28
2026/10/08 01:11:50.505, 4, 2032 MHz, 3996 MHz, 238.82 W, 37
2026/10/08 01:11:50.505, 5, 2032 MHz, 3996 MHz, 236.73 W, 35
2026/10/08 01:11:50.505, 6, 120 MHz, 3996 MHz, 184.22 W, 29
2026/10/08 01:11:50.505, 7, 120 MHz, 3996 MHz, 184.59 W, 27
2026/10/08 01:11:50.705, 0, 120 MHz, 3996 MHz, 184.47 W, 33
2026/10/08 01:11:50.705, 1, 120 MHz, 3996 MHz, 186.29 W, 35
2026/10/08 01:11:50.705, 2, 120 MHz, 3996 MHz, 182.28 W, 28
2026/10/08 01:11:50.705, 3, 120 MHz, 3996 MHz, 182.13 W, 28
2026/10/08 01:11:50.705, 4, 2032 MHz, 3996 MHz, 238.82 W, 37
2026/10/08 01:11:50.705, 5, 2032 MHz, 3996 MHz, 236.52 W, 35
2026/10/08 01:11:50.705, 6, 120 MHz, 3996 MHz, 184.17 W, 29
2026/10/08 01:11:50.705, 7, 120 MHz, 3996 MHz, 184.59 W, 27
2026/10/08 01:11:50.906, 0, 120 MHz, 3996 MHz, 184.47 W, 33
2026/10/08 01:11:50.906, 1, 120 MHz, 3996 MHz, 186.29 W, 35
2026/10/08 01:11:50.906, 2, 120 MHz, 3996 MHz, 182.25 W, 28
2026/10/08 01:11:50.906, 3, 120 MHz, 3996 MHz, 182.15 W, 28
2026/10/08 01:11:50.906, 4, 2032 MHz, 3996 MHz, 235.96 W, 37
2026/10/08 01:11:50.906, 5, 2032 MHz, 3996 MHz, 236.52 W, 35
2026/10/08 01:11:50.906, 6, 120 MHz, 3996 MHz, 184.09 W, 29
2026/10/08 01:11:50.906, 7, 120 MHz, 3996 MHz, 184.59 W, 27
2026/10/08 01:11:51.106, 0, 120 MHz, 3996 MHz, 184.47 W, 33
2026/10/08 01:11:51.106, 1, 120 MHz, 3996 MHz, 186.29 W, 35
2026/10/08 01:11:51.106, 2, 120 MHz, 3996 MHz, 182.33 W, 28
2026/10/08 01:11:51.106, 3, 120 MHz, 3996 MHz, 182.15 W, 28
2026/10/08 01:11:51.106, 4, 2032 MHz, 3996 MHz, 235.88 W, 37
2026/10/08 01:11:51.106, 5, 2032 MHz, 3996 MHz, 236.49 W, 35
2026/10/08 01:11:51.106, 6, 120 MHz, 3996 MHz, 184.21 W, 29
2026/10/08 01:11:51.106, 7, 120 MHz, 3996 MHz, 184.59 W, 27
2026/10/08 01:11:51.306, 0, 120 MHz, 3996 MHz, 184.47 W, 33
2026/10/08 01:11:51.306, 1, 120 MHz, 3996 MHz, 186.29 W, 35
2026/10/08 01:11:51.306, 2, 120 MHz, 3996 MHz, 182.33 W, 28
2026/10/08 01:11:51.306, 3, 120 MHz, 3996 MHz, 182.19 W, 28
2026/10/08 01:11:51.306, 4, 2032 MHz, 3996 MHz, 235.67 W, 37
2026/10/08 01:11:51.306, 5, 2032 MHz, 3996 MHz, 236.49 W, 35
2026/10/08 01:11:51.306, 6, 120 MHz, 3996 MHz, 184.25 W, 29
2026/10/08 01:11:51.306, 7, 120 MHz, 3996 MHz, 184.59 W, 27
2026/10/08 01:11:51.506, 0, 120 MHz, 3996 MHz, 184.47 W, 33
2026/10/08 01:11:51.506, 1, 120 MHz, 3996 MHz, 186.29 W, 35
2026/10/08 01:11:51.506, 2, 120 MHz, 3996 MHz, 182.33 W, 28
2026/10/08 01:11:51.506, 3, 120 MHz, 3996 MHz, 182.20 W, 28
2026/10/08 01:11:51.506, 4, 1327 MHz, 3996 MHz, 395.98 W, 50
2026/10/08 01:11:51.506, 5, 2032 MHz, 3996 MHz, 236.07 W, 35
2026/10/08 01:11:51.506, 6, 120 MHz, 3996 MHz, 184.21 W, 29
2026/10/08 01:11:51.506, 7, 120 MHz, 3996 MHz, 184.59 W, 27
2026/10/08 01:11:51.707, 0, 120 MHz, 3996 MHz, 184.47 W, 33
2026/10/08 01:11:51.707, 1, 120 MHz, 3996 MHz, 186.29 W, 35
2026/10/08 01:11:51.707, 2, 120 MHz, 3996 MHz, 182.33 W, 28
2026/10/08 01:11:51.707, 3, 120 MHz, 3996 MHz, 182.16 W, 28
2026/10/08 01:11:51.707, 4, 1312 MHz, 3996 MHz, 573.49 W, 53
2026/10/08 01:11:51.707, 5, 2032 MHz, 3996 MHz, 235.58 W, 35
2026/10/08 01:11:51.707, 6, 120 MHz, 3996 MHz, 184.18 W, 29
2026/10/08 01:11:51.707, 7, 120 MHz, 3996 MHz, 184.59 W, 27
2026/10/08 01:11:51.907, 0, 120 MHz, 3996 MHz, 184.47 W, 33
2026/10/08 01:11:51.907, 1, 120 MHz, 3996 MHz, 186.29 W, 35
2026/10/08 01:11:51.907, 2, 120 MHz, 3996 MHz, 182.29 W, 28
2026/10/08 01:11:51.907, 3, 120 MHz, 3996 MHz, 182.15 W, 28
2026/10/08 01:11:51.907, 4, 1260 MHz, 3996 MHz, 740.68 W, 55
2026/10/08 01:11:51.907, 5, 2032 MHz, 3996 MHz, 235.04 W, 35
2026/10/08 01:11:51.907, 6, 120 MHz, 3996 MHz, 184.14 W, 29
2026/10/08 01:11:51.907, 7, 120 MHz, 3996 MHz, 184.59 W, 27
2026/10/08 01:11:52.107, 0, 120 MHz, 3996 MHz, 184.47 W, 33
2026/10/08 01:11:52.107, 1, 120 MHz, 3996 MHz, 186.29 W, 35
2026/10/08 01:11:52.107, 2, 120 MHz, 3996 MHz, 182.29 W, 28
2026/10/08 01:11:52.107, 3, 120 MHz, 3996 MHz, 182.14 W, 28
2026/10/08 01:11:52.107, 4, 1290 MHz, 3996 MHz, 911.97 W, 56
2026/10/08 01:11:52.107, 5, 2032 MHz, 3996 MHz, 234.71 W, 35
2026/10/08 01:11:52.107, 6, 120 MHz, 3996 MHz, 184.13 W, 29
2026/10/08 01:11:52.107, 7, 120 MHz, 3996 MHz, 184.59 W, 27
2026/10/08 01:11:52.307, 0, 120 MHz, 3996 MHz, 184.47 W, 33
2026/10/08 01:11:52.307, 1, 120 MHz, 3996 MHz, 186.29 W, 35
2026/10/08 01:11:52.308, 2, 120 MHz, 3996 MHz, 182.25 W, 28
2026/10/08 01:11:52.308, 3, 120 MHz, 3996 MHz, 182.16 W, 28
2026/10/08 01:11:52.308, 4, 1282 MHz, 3996 MHz, 1083.45 W, 56
2026/10/08 01:11:52.308, 5, 2032 MHz, 3996 MHz, 238.50 W, 37
2026/10/08 01:11:52.308, 6, 120 MHz, 3996 MHz, 184.05 W, 29
2026/10/08 01:11:52.308, 7, 120 MHz, 3996 MHz, 184.59 W, 27
2026/10/08 01:11:52.508, 0, 120 MHz, 3996 MHz, 184.47 W, 33
2026/10/08 01:11:52.508, 1, 120 MHz, 3996 MHz, 186.29 W, 35
2026/10/08 01:11:52.508, 2, 120 MHz, 3996 MHz, 182.25 W, 28
2026/10/08 01:11:52.508, 3, 120 MHz, 3996 MHz, 182.16 W, 28
2026/10/08 01:11:52.508, 4, 1275 MHz, 3996 MHz, 1095.93 W, 56
2026/10/08 01:11:52.508, 5, 2032 MHz, 3996 MHz, 238.88 W, 35
2026/10/08 01:11:52.508, 6, 120 MHz, 3996 MHz, 184.13 W, 29
2026/10/08 01:11:52.508, 7, 120 MHz, 3996 MHz, 184.59 W, 27
2026/10/08 01:11:52.708, 0, 120 MHz, 3996 MHz, 184.47 W, 33
2026/10/08 01:11:52.708, 1, 120 MHz, 3996 MHz, 186.29 W, 35
2026/10/08 01:11:52.708, 2, 120 MHz, 3996 MHz, 182.22 W, 28
2026/10/08 01:11:52.708, 3, 120 MHz, 3996 MHz, 182.20 W, 28
2026/10/08 01:11:52.708, 4, 1282 MHz, 3996 MHz, 1089.01 W, 56
2026/10/08 01:11:52.708, 5, 2032 MHz, 3996 MHz, 239.21 W, 35
2026/10/08 01:11:52.708, 6, 120 MHz, 3996 MHz, 184.25 W, 29
2026/10/08 01:11:52.708, 7, 120 MHz, 3996 MHz, 184.59 W, 27
2026/10/08 01:11:52.908, 0, 120 MHz, 3996 MHz, 184.47 W, 33
2026/10/08 01:11:52.908, 1, 120 MHz, 3996 MHz, 186.29 W, 35
2026/10/08 01:11:52.908, 2, 120 MHz, 3996 MHz, 182.25 W, 28
2026/10/08 01:11:52.908, 3, 120 MHz, 3996 MHz, 182.12 W, 28
2026/10/08 01:11:52.908, 4, 1282 MHz, 3996 MHz, 1092.56 W, 57
2026/10/08 01:11:52.908, 5, 2032 MHz, 3996 MHz, 239.52 W, 35
2026/10/08 01:11:52.908, 6, 120 MHz, 3996 MHz, 184.33 W, 29
2026/10/08 01:11:52.908, 7, 120 MHz, 3996 MHz, 184.59 W, 27
2026/10/08 01:11:53.108, 0, 120 MHz, 3996 MHz, 184.47 W, 33
2026/10/08 01:11:53.109, 1, 120 MHz, 3996 MHz, 186.29 W, 35
2026/10/08 01:11:53.109, 2, 120 MHz, 3996 MHz, 182.21 W, 28
2026/10/08 01:11:53.109, 3, 120 MHz, 3996 MHz, 182.10 W, 28
2026/10/08 01:11:53.109, 4, 2032 MHz, 3996 MHz, 935.33 W, 44
2026/10/08 01:11:53.109, 5, 2032 MHz, 3996 MHz, 240.26 W, 35
2026/10/08 01:11:53.109, 6, 120 MHz, 3996 MHz, 184.30 W, 29
2026/10/08 01:11:53.109, 7, 120 MHz, 3996 MHz, 184.59 W, 27
2026/10/08 01:11:53.309, 0, 120 MHz, 3996 MHz, 184.47 W, 33
2026/10/08 01:11:53.309, 1, 120 MHz, 3996 MHz, 186.29 W, 35
2026/10/08 01:11:53.309, 2, 120 MHz, 3996 MHz, 182.21 W, 28
2026/10/08 01:11:53.309, 3, 120 MHz, 3996 MHz, 182.09 W, 28
2026/10/08 01:11:53.309, 4, 2032 MHz, 3996 MHz, 767.87 W, 42
2026/10/08 01:11:53.309, 5, 2032 MHz, 3996 MHz, 238.55 W, 35
2026/10/08 01:11:53.309, 6, 120 MHz, 3996 MHz, 184.34 W, 29
2026/10/08 01:11:53.309, 7, 120 MHz, 3996 MHz, 184.59 W, 27
2026/10/08 01:11:53.509, 0, 120 MHz, 3996 MHz, 184.47 W, 33
2026/10/08 01:11:53.509, 1, 120 MHz, 3996 MHz, 186.29 W, 35
2026/10/08 01:11:53.509, 2, 120 MHz, 3996 MHz, 182.29 W, 28
2026/10/08 01:11:53.509, 3, 120 MHz, 3996 MHz, 182.08 W, 28
2026/10/08 01:11:53.509, 4, 2032 MHz, 3996 MHz, 591.23 W, 40
2026/10/08 01:11:53.509, 5, 2032 MHz, 3996 MHz, 238.72 W, 35
2026/10/08 01:11:53.509, 6, 120 MHz, 3996 MHz, 184.30 W, 29
2026/10/08 01:11:53.509, 7, 120 MHz, 3996 MHz, 184.59 W, 27
2026/10/08 01:11:53.709, 0, 120 MHz, 3996 MHz, 184.47 W, 33
2026/10/08 01:11:53.709, 1, 120 MHz, 3996 MHz, 186.29 W, 35
2026/10/08 01:11:53.709, 2, 120 MHz, 3996 MHz, 182.29 W, 28
2026/10/08 01:11:53.709, 3, 120 MHz, 3996 MHz, 182.09 W, 28
2026/10/08 01:11:53.709, 4, 2032 MHz, 3996 MHz, 420.82 W, 39
2026/10/08 01:11:53.709, 5, 2032 MHz, 3996 MHz, 238.88 W, 35
2026/10/08 01:11:53.709, 6, 120 MHz, 3996 MHz, 184.33 W, 29
2026/10/08 01:11:53.709, 7, 120 MHz, 3996 MHz, 184.59 W, 27
2026/10/08 01:11:53.910, 0, 120 MHz, 3996 MHz, 184.47 W, 33
2026/10/08 01:11:53.910, 1, 120 MHz, 3996 MHz, 186.29 W, 35
2026/10/08 01:11:53.910, 2, 120 MHz, 3996 MHz, 182.29 W, 28
2026/10/08 01:11:53.910, 3, 120 MHz, 3996 MHz, 182.17 W, 28
2026/10/08 01:11:53.910, 4, 2032 MHz, 3996 MHz, 249.33 W, 39
2026/10/08 01:11:53.910, 5, 2032 MHz, 3996 MHz, 239.03 W, 35
2026/10/08 01:11:53.910, 6, 120 MHz, 3996 MHz, 184.30 W, 29
2026/10/08 01:11:53.910, 7, 120 MHz, 3996 MHz, 184.59 W, 27
2026/10/08 01:11:54.110, 0, 120 MHz, 3996 MHz, 184.47 W, 33
2026/10/08 01:11:54.110, 1, 120 MHz, 3996 MHz, 186.29 W, 35
2026/10/08 01:11:54.110, 2, 120 MHz, 3996 MHz, 182.25 W, 28
2026/10/08 01:11:54.110, 3, 120 MHz, 3996 MHz, 182.22 W, 28
2026/10/08 01:11:54.110, 4, 2032 MHz, 3996 MHz, 238.18 W, 39
2026/10/08 01:11:54.110, 5, 2032 MHz, 3996 MHz, 238.66 W, 35
2026/10/08 01:11:54.110, 6, 120 MHz, 3996 MHz, 184.37 W, 29
2026/10/08 01:11:54.110, 7, 120 MHz, 3996 MHz, 184.59 W, 27
2026/10/08 01:11:54.310, 0, 120 MHz, 3996 MHz, 184.47 W, 33
2026/10/08 01:11:54.310, 1, 120 MHz, 3996 MHz, 186.29 W, 35
2026/10/08 01:11:54.310, 2, 120 MHz, 3996 MHz, 182.32 W, 28
2026/10/08 01:11:54.310, 3, 120 MHz, 3996 MHz, 182.23 W, 28
2026/10/08 01:11:54.310, 4, 2032 MHz, 3996 MHz, 237.46 W, 38
2026/10/08 01:11:54.310, 5, 2032 MHz, 3996 MHz, 236.70 W, 35
2026/10/08 01:11:54.310, 6, 120 MHz, 3996 MHz, 184.38 W, 29
2026/10/08 01:11:54.310, 7, 120 MHz, 3996 MHz, 184.60 W, 27
2026/10/08 01:11:54.510, 0, 120 MHz, 3996 MHz, 184.47 W, 33
2026/10/08 01:11:54.510, 1, 120 MHz, 3996 MHz, 186.32 W, 35
2026/10/08 01:11:54.510, 2, 120 MHz, 3996 MHz, 182.25 W, 28
2026/10/08 01:11:54.510, 3, 120 MHz, 3996 MHz, 182.23 W, 28
2026/10/08 01:11:54.510, 4, 2032 MHz, 3996 MHz, 237.23 W, 38
2026/10/08 01:11:54.510, 5, 2032 MHz, 3996 MHz, 236.62 W, 35
2026/10/08 01:11:54.510, 6, 120 MHz, 3996 MHz, 184.38 W, 29
2026/10/08 01:11:54.511, 7, 120 MHz, 3996 MHz, 184.60 W, 27
2026/10/08 01:11:54.711, 0, 120 MHz, 3996 MHz, 184.47 W, 33
2026/10/08 01:11:54.711, 1, 120 MHz, 3996 MHz, 186.32 W, 35
2026/10/08 01:11:54.711, 2, 120 MHz, 3996 MHz, 182.29 W, 28
2026/10/08 01:11:54.711, 3, 120 MHz, 3996 MHz, 182.18 W, 28
2026/10/08 01:11:54.711, 4, 2032 MHz, 3996 MHz, 236.90 W, 38
2026/10/08 01:11:54.711, 5, 2032 MHz, 3996 MHz, 236.61 W, 35
2026/10/08 01:11:54.711, 6, 120 MHz, 3996 MHz, 184.33 W, 29
2026/10/08 01:11:54.711, 7, 120 MHz, 3996 MHz, 184.60 W, 27
2026/10/08 01:11:54.911, 0, 120 MHz, 3996 MHz, 184.47 W, 33
2026/10/08 01:11:54.911, 1, 120 MHz, 3996 MHz, 186.32 W, 35
2026/10/08 01:11:54.911, 2, 120 MHz, 3996 MHz, 182.25 W, 28
2026/10/08 01:11:54.911, 3, 120 MHz, 3996 MHz, 182.19 W, 28
2026/10/08 01:11:54.911, 4, 2032 MHz, 3996 MHz, 236.85 W, 38
2026/10/08 01:11:54.911, 5, 2032 MHz, 3996 MHz, 236.61 W, 35
2026/10/08 01:11:54.911, 6, 120 MHz, 3996 MHz, 184.37 W, 29
2026/10/08 01:11:54.911, 7, 120 MHz, 3996 MHz, 184.60 W, 27
2026/10/08 01:11:55.111, 0, 120 MHz, 3996 MHz, 184.47 W, 33
2026/10/08 01:11:55.111, 1, 120 MHz, 3996 MHz, 186.32 W, 35
2026/10/08 01:11:55.111, 2, 120 MHz, 3996 MHz, 182.25 W, 28
2026/10/08 01:11:55.111, 3, 120 MHz, 3996 MHz, 182.18 W, 28
2026/10/08 01:11:55.111, 4, 2032 MHz, 3996 MHz, 236.85 W, 38
2026/10/08 01:11:55.111, 5, 2032 MHz, 3996 MHz, 236.61 W, 35
2026/10/08 01:11:55.111, 6, 120 MHz, 3996 MHz, 184.37 W, 29
2026/10/08 01:11:55.111, 7, 120 MHz, 3996 MHz, 184.60 W, 27
2026/10/08 01:11:55.311, 0, 120 MHz, 3996 MHz, 184.47 W, 33
2026/10/08 01:11:55.312, 1, 120 MHz, 3996 MHz, 186.32 W, 35
2026/10/08 01:11:55.312, 2, 120 MHz, 3996 MHz, 182.17 W, 28
2026/10/08 01:11:55.312, 3, 120 MHz, 3996 MHz, 182.18 W, 28
2026/10/08 01:11:55.312, 4, 2032 MHz, 3996 MHz, 236.77 W, 38
2026/10/08 01:11:55.312, 5, 2032 MHz, 3996 MHz, 236.49 W, 35
2026/10/08 01:11:55.312, 6, 120 MHz, 3996 MHz, 184.29 W, 29
2026/10/08 01:11:55.312, 7, 120 MHz, 3996 MHz, 184.59 W, 27
2026/10/08 01:11:55.512, 0, 120 MHz, 3996 MHz, 184.47 W, 33
2026/10/08 01:11:55.512, 1, 120 MHz, 3996 MHz, 186.29 W, 35
2026/10/08 01:11:55.512, 2, 120 MHz, 3996 MHz, 182.18 W, 28
2026/10/08 01:11:55.512, 3, 120 MHz, 3996 MHz, 182.18 W, 28
2026/10/08 01:11:55.512, 4, 2032 MHz, 3996 MHz, 236.54 W, 38
2026/10/08 01:11:55.512, 5, 2032 MHz, 3996 MHz, 236.50 W, 35
2026/10/08 01:11:55.512, 6, 120 MHz, 3996 MHz, 184.29 W, 29
2026/10/08 01:11:55.512, 7, 120 MHz, 3996 MHz, 184.59 W, 27
2026/10/08 01:11:55.712, 0, 120 MHz, 3996 MHz, 184.47 W, 33
2026/10/08 01:11:55.712, 1, 120 MHz, 3996 MHz, 186.29 W, 35
2026/10/08 01:11:55.712, 2, 120 MHz, 3996 MHz, 182.14 W, 28
2026/10/08 01:11:55.712, 3, 120 MHz, 3996 MHz, 182.22 W, 28
2026/10/08 01:11:55.712, 4, 2032 MHz, 3996 MHz, 236.51 W, 38
2026/10/08 01:11:55.712, 5, 1312 MHz, 3996 MHz, 369.35 W, 47
2026/10/08 01:11:55.712, 6, 120 MHz, 3996 MHz, 184.34 W, 29
2026/10/08 01:11:55.712, 7, 120 MHz, 3996 MHz, 184.59 W, 27
2026/10/08 01:11:55.912, 0, 120 MHz, 3996 MHz, 184.47 W, 33
2026/10/08 01:11:55.912, 1, 120 MHz, 3996 MHz, 186.29 W, 35
2026/10/08 01:11:55.912, 2, 120 MHz, 3996 MHz, 182.14 W, 28
2026/10/08 01:11:55.912, 3, 120 MHz, 3996 MHz, 182.17 W, 28
2026/10/08 01:11:55.912, 4, 2032 MHz, 3996 MHz, 236.41 W, 38
2026/10/08 01:11:55.912, 5, 1350 MHz, 3996 MHz, 548.85 W, 50
2026/10/08 01:11:55.912, 6, 120 MHz, 3996 MHz, 184.37 W, 29
2026/10/08 01:11:55.912, 7, 120 MHz, 3996 MHz, 184.60 W, 27
2026/10/08 01:11:56.113, 0, 120 MHz, 3996 MHz, 184.47 W, 33
2026/10/08 01:11:56.113, 1, 120 MHz, 3996 MHz, 186.29 W, 35
2026/10/08 01:11:56.113, 2, 120 MHz, 3996 MHz, 182.14 W, 28
2026/10/08 01:11:56.113, 3, 120 MHz, 3996 MHz, 182.14 W, 28
2026/10/08 01:11:56.113, 4, 2032 MHz, 3996 MHz, 236.25 W, 38
2026/10/08 01:11:56.113, 5, 1275 MHz, 3996 MHz, 716.71 W, 52
2026/10/08 01:11:56.113, 6, 120 MHz, 3996 MHz, 184.49 W, 29
2026/10/08 01:11:56.113, 7, 120 MHz, 3996 MHz, 184.60 W, 27
2026/10/08 01:11:56.313, 0, 120 MHz, 3996 MHz, 184.47 W, 33
2026/10/08 01:11:56.313, 1, 120 MHz, 3996 MHz, 186.29 W, 35
2026/10/08 01:11:56.313, 2, 120 MHz, 3996 MHz, 182.18 W, 28
2026/10/08 01:11:56.313, 3, 120 MHz, 3996 MHz, 182.10 W, 28
2026/10/08 01:11:56.313, 4, 2032 MHz, 3996 MHz, 236.07 W, 38
2026/10/08 01:11:56.313, 5, 1275 MHz, 3996 MHz, 887.54 W, 53
2026/10/08 01:11:56.313, 6, 120 MHz, 3996 MHz, 184.60 W, 29
2026/10/08 01:11:56.313, 7, 120 MHz, 3996 MHz, 184.60 W, 27
2026/10/08 01:11:56.513, 0, 120 MHz, 3996 MHz, 184.47 W, 33
2026/10/08 01:11:56.513, 1, 120 MHz, 3996 MHz, 186.29 W, 35
2026/10/08 01:11:56.513, 2, 120 MHz, 3996 MHz, 182.26 W, 28
2026/10/08 01:11:56.513, 3, 120 MHz, 3996 MHz, 182.10 W, 28
2026/10/08 01:11:56.513, 4, 427 MHz, 3996 MHz, 232.79 W, 37
2026/10/08 01:11:56.513, 5, 1290 MHz, 3996 MHz, 1058.74 W, 54
2026/10/08 01:11:56.513, 6, 120 MHz, 3996 MHz, 184.52 W, 29
2026/10/08 01:11:56.513, 7, 120 MHz, 3996 MHz, 184.60 W, 27
2026/10/08 01:11:56.713, 0, 120 MHz, 3996 MHz, 184.47 W, 33
2026/10/08 01:11:56.713, 1, 120 MHz, 3996 MHz, 186.29 W, 35
2026/10/08 01:11:56.713, 2, 120 MHz, 3996 MHz, 182.26 W, 28
2026/10/08 01:11:56.713, 3, 120 MHz, 3996 MHz, 182.07 W, 28
2026/10/08 01:11:56.713, 4, 405 MHz, 3996 MHz, 222.85 W, 37
2026/10/08 01:11:56.713, 5, 1305 MHz, 3996 MHz, 1095.54 W, 54
2026/10/08 01:11:56.713, 6, 120 MHz, 3996 MHz, 184.49 W, 29
2026/10/08 01:11:56.713, 7, 120 MHz, 3996 MHz, 184.60 W, 27
2026/10/08 01:11:56.914, 0, 120 MHz, 3996 MHz, 184.47 W, 33
2026/10/08 01:11:56.914, 1, 120 MHz, 3996 MHz, 186.29 W, 35
2026/10/08 01:11:56.914, 2, 120 MHz, 3996 MHz, 182.26 W, 28
2026/10/08 01:11:56.914, 3, 120 MHz, 3996 MHz, 182.08 W, 28
2026/10/08 01:11:56.914, 4, 367 MHz, 3996 MHz, 212.88 W, 37
2026/10/08 01:11:56.914, 5, 1305 MHz, 3996 MHz, 1086.09 W, 54
2026/10/08 01:11:56.914, 6, 120 MHz, 3996 MHz, 184.25 W, 29
2026/10/08 01:11:56.914, 7, 120 MHz, 3996 MHz, 184.60 W, 27
2026/10/08 01:11:57.114, 0, 120 MHz, 3996 MHz, 184.47 W, 33
2026/10/08 01:11:57.114, 1, 120 MHz, 3996 MHz, 186.29 W, 35
2026/10/08 01:11:57.114, 2, 120 MHz, 3996 MHz, 182.30 W, 28
2026/10/08 01:11:57.114, 3, 120 MHz, 3996 MHz, 182.08 W, 28
2026/10/08 01:11:57.114, 4, 337 MHz, 3996 MHz, 202.94 W, 37
2026/10/08 01:11:57.114, 5, 1305 MHz, 3996 MHz, 1087.64 W, 55
2026/10/08 01:11:57.114, 6, 120 MHz, 3996 MHz, 184.14 W, 29
2026/10/08 01:11:57.114, 7, 120 MHz, 3996 MHz, 184.61 W, 27
2026/10/08 01:11:57.314, 0, 120 MHz, 3996 MHz, 184.47 W, 33
2026/10/08 01:11:57.314, 1, 120 MHz, 3996 MHz, 186.29 W, 35
2026/10/08 01:11:57.314, 2, 120 MHz, 3996 MHz, 182.26 W, 28
2026/10/08 01:11:57.314, 3, 120 MHz, 3996 MHz, 182.13 W, 28
2026/10/08 01:11:57.314, 4, 307 MHz, 3996 MHz, 192.98 W, 37
2026/10/08 01:11:57.314, 5, 2032 MHz, 3996 MHz, 942.45 W, 44
2026/10/08 01:11:57.314, 6, 120 MHz, 3996 MHz, 184.01 W, 29
2026/10/08 01:11:57.314, 7, 120 MHz, 3996 MHz, 184.62 W, 27
2026/10/08 01:11:57.514, 0, 120 MHz, 3996 MHz, 184.47 W, 33
2026/10/08 01:11:57.514, 1, 120 MHz, 3996 MHz, 186.29 W, 35
2026/10/08 01:11:57.514, 2, 120 MHz, 3996 MHz, 182.22 W, 28
2026/10/08 01:11:57.514, 3, 120 MHz, 3996 MHz, 182.09 W, 28
2026/10/08 01:11:57.514, 4, 277 MHz, 3996 MHz, 185.97 W, 36
2026/10/08 01:11:57.514, 5, 2032 MHz, 3996 MHz, 774.25 W, 41
2026/10/08 01:11:57.514, 6, 120 MHz, 3996 MHz, 184.13 W, 29
2026/10/08 01:11:57.514, 7, 120 MHz, 3996 MHz, 184.62 W, 27
2026/10/08 01:11:57.715, 0, 120 MHz, 3996 MHz, 184.47 W, 33
2026/10/08 01:11:57.715, 1, 120 MHz, 3996 MHz, 186.29 W, 35
2026/10/08 01:11:57.715, 2, 120 MHz, 3996 MHz, 182.27 W, 28
2026/10/08 01:11:57.715, 3, 120 MHz, 3996 MHz, 182.06 W, 28
2026/10/08 01:11:57.715, 4, 255 MHz, 3996 MHz, 185.50 W, 36
2026/10/08 01:11:57.715, 5, 2032 MHz, 3996 MHz, 610.59 W, 39
2026/10/08 01:11:57.715, 6, 120 MHz, 3996 MHz, 184.07 W, 29
2026/10/08 01:11:57.715, 7, 120 MHz, 3996 MHz, 184.62 W, 27
2026/10/08 01:11:57.915, 0, 120 MHz, 3996 MHz, 184.47 W, 33
2026/10/08 01:11:57.915, 1, 120 MHz, 3996 MHz, 186.29 W, 35
2026/10/08 01:11:57.915, 2, 120 MHz, 3996 MHz, 182.29 W, 28
2026/10/08 01:11:57.915, 3, 120 MHz, 3996 MHz, 182.10 W, 28
2026/10/08 01:11:57.915, 4, 232 MHz, 3996 MHz, 185.16 W, 36
2026/10/08 01:11:57.915, 5, 2032 MHz, 3996 MHz, 444.98 W, 38
2026/10/08 01:11:57.915, 6, 120 MHz, 3996 MHz, 184.14 W, 29
2026/10/08 01:11:57.915, 7, 120 MHz, 3996 MHz, 184.62 W, 27
2026/10/08 01:11:58.115, 0, 120 MHz, 3996 MHz, 184.47 W, 33
2026/10/08 01:11:58.115, 1, 120 MHz, 3996 MHz, 186.29 W, 35
2026/10/08 01:11:58.115, 2, 120 MHz, 3996 MHz, 182.27 W, 28
2026/10/08 01:11:58.115, 3, 120 MHz, 3996 MHz, 182.13 W, 28
2026/10/08 01:11:58.115, 4, 210 MHz, 3996 MHz, 184.84 W, 36
2026/10/08 01:11:58.115, 5, 2032 MHz, 3996 MHz, 277.90 W, 38
2026/10/08 01:11:58.115, 6, 120 MHz, 3996 MHz, 184.01 W, 29
2026/10/08 01:11:58.115, 7, 120 MHz, 3996 MHz, 184.62 W, 27
2026/10/08 01:11:58.315, 0, 120 MHz, 3996 MHz, 184.47 W, 33
2026/10/08 01:11:58.315, 1, 120 MHz, 3996 MHz, 186.29 W, 35
2026/10/08 01:11:58.315, 2, 120 MHz, 3996 MHz, 182.27 W, 28
2026/10/08 01:11:58.315, 3, 120 MHz, 3996 MHz, 182.09 W, 28
2026/10/08 01:11:58.315, 4, 195 MHz, 3996 MHz, 184.54 W, 36
2026/10/08 01:11:58.315, 5, 2032 MHz, 3996 MHz, 239.62 W, 37
2026/10/08 01:11:58.315, 6, 120 MHz, 3996 MHz, 183.99 W, 29
2026/10/08 01:11:58.315, 7, 120 MHz, 3996 MHz, 184.62 W, 27
2026/10/08 01:11:58.516, 0, 120 MHz, 3996 MHz, 184.47 W, 33
2026/10/08 01:11:58.516, 1, 120 MHz, 3996 MHz, 186.29 W, 35
2026/10/08 01:11:58.516, 2, 120 MHz, 3996 MHz, 182.25 W, 28
2026/10/08 01:11:58.516, 3, 120 MHz, 3996 MHz, 182.13 W, 28
2026/10/08 01:11:58.516, 4, 180 MHz, 3996 MHz, 184.40 W, 36
2026/10/08 01:11:58.516, 5, 2032 MHz, 3996 MHz, 239.00 W, 37
2026/10/08 01:11:58.516, 6, 120 MHz, 3996 MHz, 183.90 W, 29
2026/10/08 01:11:58.516, 7, 120 MHz, 3996 MHz, 184.62 W, 27
2026/10/08 01:11:58.716, 0, 120 MHz, 3996 MHz, 184.47 W, 33
2026/10/08 01:11:58.716, 1, 120 MHz, 3996 MHz, 186.29 W, 35
2026/10/08 01:11:58.716, 2, 120 MHz, 3996 MHz, 182.19 W, 28
2026/10/08 01:11:58.716, 3, 120 MHz, 3996 MHz, 182.16 W, 28
2026/10/08 01:11:58.716, 4, 165 MHz, 3996 MHz, 184.41 W, 36
2026/10/08 01:11:58.716, 5, 2032 MHz, 3996 MHz, 238.64 W, 37
2026/10/08 01:11:58.716, 6, 120 MHz, 3996 MHz, 183.90 W, 29
2026/10/08 01:11:58.716, 7, 120 MHz, 3996 MHz, 184.62 W, 27
2026/10/08 01:11:58.916, 0, 120 MHz, 3996 MHz, 184.47 W, 33
2026/10/08 01:11:58.916, 1, 120 MHz, 3996 MHz, 186.29 W, 35
2026/10/08 01:11:58.916, 2, 120 MHz, 3996 MHz, 182.18 W, 28
2026/10/08 01:11:58.916, 3, 120 MHz, 3996 MHz, 182.16 W, 28
2026/10/08 01:11:58.916, 4, 150 MHz, 3996 MHz, 184.40 W, 36
2026/10/08 01:11:58.916, 5, 2032 MHz, 3996 MHz, 238.91 W, 37
2026/10/08 01:11:58.916, 6, 120 MHz, 3996 MHz, 183.90 W, 29
2026/10/08 01:11:58.916, 7, 120 MHz, 3996 MHz, 184.62 W, 27
2026/10/08 01:11:59.116, 0, 120 MHz, 3996 MHz, 184.47 W, 33
2026/10/08 01:11:59.117, 1, 120 MHz, 3996 MHz, 186.29 W, 35
2026/10/08 01:11:59.117, 2, 120 MHz, 3996 MHz, 182.17 W, 28
2026/10/08 01:11:59.117, 3, 120 MHz, 3996 MHz, 182.16 W, 28
2026/10/08 01:11:59.117, 4, 135 MHz, 3996 MHz, 184.40 W, 36
2026/10/08 01:11:59.117, 5, 2032 MHz, 3996 MHz, 238.75 W, 37
2026/10/08 01:11:59.117, 6, 120 MHz, 3996 MHz, 183.92 W, 29
2026/10/08 01:11:59.117, 7, 120 MHz, 3996 MHz, 184.62 W, 27
2026/10/08 01:11:59.317, 0, 120 MHz, 3996 MHz, 184.47 W, 33
2026/10/08 01:11:59.317, 1, 120 MHz, 3996 MHz, 186.29 W, 35
2026/10/08 01:11:59.317, 2, 120 MHz, 3996 MHz, 182.19 W, 28
2026/10/08 01:11:59.317, 3, 120 MHz, 3996 MHz, 182.16 W, 28
2026/10/08 01:11:59.317, 4, 127 MHz, 3996 MHz, 184.41 W, 36
2026/10/08 01:11:59.317, 5, 2032 MHz, 3996 MHz, 238.49 W, 36
2026/10/08 01:11:59.317, 6, 120 MHz, 3996 MHz, 183.98 W, 29
2026/10/08 01:11:59.317, 7, 120 MHz, 3996 MHz, 184.61 W, 27
2026/10/08 01:11:59.517, 0, 120 MHz, 3996 MHz, 184.47 W, 33
2026/10/08 01:11:59.517, 1, 120 MHz, 3996 MHz, 186.29 W, 35
2026/10/08 01:11:59.517, 2, 120 MHz, 3996 MHz, 182.18 W, 28
2026/10/08 01:11:59.517, 3, 120 MHz, 3996 MHz, 182.12 W, 28
2026/10/08 01:11:59.517, 4, 120 MHz, 3996 MHz, 184.41 W, 36
2026/10/08 01:11:59.517, 5, 2032 MHz, 3996 MHz, 238.13 W, 36
2026/10/08 01:11:59.517, 6, 120 MHz, 3996 MHz, 184.07 W, 29
2026/10/08 01:11:59.517, 7, 120 MHz, 3996 MHz, 184.62 W, 27
2026/10/08 01:11:59.717, 0, 120 MHz, 3996 MHz, 184.47 W, 33
2026/10/08 01:11:59.717, 1, 120 MHz, 3996 MHz, 186.29 W, 35
2026/10/08 01:11:59.717, 2, 120 MHz, 3996 MHz, 182.22 W, 28
2026/10/08 01:11:59.717, 3, 120 MHz, 3996 MHz, 182.16 W, 28
2026/10/08 01:11:59.717, 4, 120 MHz, 3996 MHz, 184.42 W, 36
2026/10/08 01:11:59.717, 5, 2032 MHz, 3996 MHz, 237.79 W, 36
2026/10/08 01:11:59.717, 6, 120 MHz, 3996 MHz, 183.99 W, 29
2026/10/08 01:11:59.717, 7, 120 MHz, 3996 MHz, 184.62 W, 27
2026/10/08 01:11:59.918, 0, 120 MHz, 3996 MHz, 184.47 W, 33
2026/10/08 01:11:59.918, 1, 120 MHz, 3996 MHz, 186.29 W, 35
2026/10/08 01:11:59.918, 2, 120 MHz, 3996 MHz, 182.22 W, 28
2026/10/08 01:11:59.918, 3, 120 MHz, 3996 MHz, 182.16 W, 28
2026/10/08 01:11:59.918, 4, 120 MHz, 3996 MHz, 184.43 W, 36
2026/10/08 01:11:59.918, 5, 2032 MHz, 3996 MHz, 237.08 W, 36
2026/10/08 01:11:59.918, 6, 120 MHz, 3996 MHz, 184.03 W, 29
2026/10/08 01:11:59.918, 7, 120 MHz, 3996 MHz, 184.62 W, 27
2026/10/08 01:12:00.118, 0, 120 MHz, 3996 MHz, 184.47 W, 33
2026/10/08 01:12:00.118, 1, 120 MHz, 3996 MHz, 186.29 W, 35
2026/10/08 01:12:00.118, 2, 120 MHz, 3996 MHz, 182.25 W, 28
2026/10/08 01:12:00.118, 3, 120 MHz, 3996 MHz, 182.16 W, 28
2026/10/08 01:12:00.118, 4, 120 MHz, 3996 MHz, 184.44 W, 36
2026/10/08 01:12:00.118, 5, 2025 MHz, 3996 MHz, 236.70 W, 36
2026/10/08 01:12:00.118, 6, 120 MHz, 3996 MHz, 183.94 W, 29
2026/10/08 01:12:00.118, 7, 120 MHz, 3996 MHz, 184.62 W, 27
2026/10/08 01:12:00.318, 0, 120 MHz, 3996 MHz, 184.47 W, 33
2026/10/08 01:12:00.318, 1, 120 MHz, 3996 MHz, 186.29 W, 35
2026/10/08 01:12:00.318, 2, 120 MHz, 3996 MHz, 182.22 W, 28
2026/10/08 01:12:00.318, 3, 120 MHz, 3996 MHz, 182.20 W, 28
2026/10/08 01:12:00.318, 4, 120 MHz, 3996 MHz, 184.44 W, 36
2026/10/08 01:12:00.318, 5, 2025 MHz, 3996 MHz, 236.19 W, 36
2026/10/08 01:12:00.318, 6, 120 MHz, 3996 MHz, 183.95 W, 29
2026/10/08 01:12:00.318, 7, 120 MHz, 3996 MHz, 184.62 W, 27
2026/10/08 01:12:00.518, 0, 120 MHz, 3996 MHz, 184.47 W, 33
2026/10/08 01:12:00.519, 1, 120 MHz, 3996 MHz, 186.29 W, 35
2026/10/08 01:12:00.519, 2, 120 MHz, 3996 MHz, 182.23 W, 28
2026/10/08 01:12:00.519, 3, 120 MHz, 3996 MHz, 182.24 W, 28
2026/10/08 01:12:00.519, 4, 120 MHz, 3996 MHz, 184.43 W, 36
2026/10/08 01:12:00.519, 5, 2025 MHz, 3996 MHz, 235.83 W, 36
2026/10/08 01:12:00.519, 6, 120 MHz, 3996 MHz, 183.84 W, 29
2026/10/08 01:12:00.519, 7, 120 MHz, 3996 MHz, 184.62 W, 27
2026/10/08 01:12:00.719, 0, 120 MHz, 3996 MHz, 184.47 W, 33
2026/10/08 01:12:00.719, 1, 120 MHz, 3996 MHz, 186.29 W, 35
2026/10/08 01:12:00.719, 2, 120 MHz, 3996 MHz, 182.20 W, 28
2026/10/08 01:12:00.719, 3, 120 MHz, 3996 MHz, 182.24 W, 28
2026/10/08 01:12:00.719, 4, 120 MHz, 3996 MHz, 184.44 W, 36
2026/10/08 01:12:00.719, 5, 435 MHz, 3996 MHz, 234.94 W, 36
2026/10/08 01:12:00.719, 6, 120 MHz, 3996 MHz, 183.95 W, 29
2026/10/08 01:12:00.719, 7, 120 MHz, 3996 MHz, 184.62 W, 27
2026/10/08 01:12:00.919, 0, 120 MHz, 3996 MHz, 184.47 W, 33
2026/10/08 01:12:00.919, 1, 120 MHz, 3996 MHz, 186.29 W, 35
2026/10/08 01:12:00.919, 2, 120 MHz, 3996 MHz, 182.21 W, 28
2026/10/08 01:12:00.919, 3, 120 MHz, 3996 MHz, 182.24 W, 28
2026/10/08 01:12:00.919, 4, 120 MHz, 3996 MHz, 184.46 W, 36
2026/10/08 01:12:00.919, 5, 435 MHz, 3996 MHz, 224.60 W, 36
2026/10/08 01:12:00.919, 6, 120 MHz, 3996 MHz, 183.88 W, 29
2026/10/08 01:12:00.919, 7, 120 MHz, 3996 MHz, 184.62 W, 27
2026/10/08 01:12:01.119, 0, 120 MHz, 3996 MHz, 184.47 W, 33
2026/10/08 01:12:01.119, 1, 120 MHz, 3996 MHz, 186.29 W, 35
2026/10/08 01:12:01.119, 2, 120 MHz, 3996 MHz, 182.21 W, 28
2026/10/08 01:12:01.119, 3, 120 MHz, 3996 MHz, 182.20 W, 28
2026/10/08 01:12:01.119, 4, 120 MHz, 3996 MHz, 184.49 W, 36
2026/10/08 01:12:01.119, 5, 397 MHz, 3996 MHz, 214.55 W, 35
2026/10/08 01:12:01.119, 6, 120 MHz, 3996 MHz, 183.91 W, 29
2026/10/08 01:12:01.119, 7, 120 MHz, 3996 MHz, 184.62 W, 27
2026/10/08 01:12:01.320, 0, 120 MHz, 3996 MHz, 184.47 W, 33
2026/10/08 01:12:01.320, 1, 120 MHz, 3996 MHz, 186.29 W, 35
2026/10/08 01:12:01.320, 2, 120 MHz, 3996 MHz, 182.21 W, 28
2026/10/08 01:12:01.320, 3, 120 MHz, 3996 MHz, 182.17 W, 28
2026/10/08 01:12:01.320, 4, 120 MHz, 3996 MHz, 184.52 W, 36
2026/10/08 01:12:01.320, 5, 360 MHz, 3996 MHz, 204.52 W, 35
2026/10/08 01:12:01.320, 6, 120 MHz, 3996 MHz, 183.90 W, 29
2026/10/08 01:12:01.320, 7, 120 MHz, 3996 MHz, 184.63 W, 27
2026/10/08 01:12:01.520, 0, 120 MHz, 3996 MHz, 184.47 W, 33
2026/10/08 01:12:01.520, 1, 120 MHz, 3996 MHz, 186.29 W, 35
2026/10/08 01:12:01.520, 2, 120 MHz, 3996 MHz, 182.25 W, 28
2026/10/08 01:12:01.520, 3, 120 MHz, 3996 MHz, 182.13 W, 28
2026/10/08 01:12:01.520, 4, 120 MHz, 3996 MHz, 184.55 W, 36
2026/10/08 01:12:01.520, 5, 330 MHz, 3996 MHz, 194.42 W, 35
2026/10/08 01:12:01.520, 6, 120 MHz, 3996 MHz, 183.94 W, 29
2026/10/08 01:12:01.520, 7, 120 MHz, 3996 MHz, 184.62 W, 27
2026/10/08 01:12:01.720, 0, 120 MHz, 3996 MHz, 184.47 W, 33
2026/10/08 01:12:01.720, 1, 120 MHz, 3996 MHz, 186.29 W, 35
2026/10/08 01:12:01.720, 2, 120 MHz, 3996 MHz, 182.24 W, 28
2026/10/08 01:12:01.720, 3, 120 MHz, 3996 MHz, 182.13 W, 28
2026/10/08 01:12:01.720, 4, 120 MHz, 3996 MHz, 184.58 W, 36
2026/10/08 01:12:01.720, 5, 300 MHz, 3996 MHz, 185.40 W, 35
2026/10/08 01:12:01.720, 6, 120 MHz, 3996 MHz, 183.86 W, 29
2026/10/08 01:12:01.720, 7, 120 MHz, 3996 MHz, 184.62 W, 27
2026/10/08 01:12:01.920, 0, 120 MHz, 3996 MHz, 184.47 W, 33
2026/10/08 01:12:01.921, 1, 120 MHz, 3996 MHz, 186.29 W, 35
2026/10/08 01:12:01.921, 2, 120 MHz, 3996 MHz, 182.32 W, 28
2026/10/08 01:12:01.921, 3, 120 MHz, 3996 MHz, 182.13 W, 28
2026/10/08 01:12:01.921, 4, 120 MHz, 3996 MHz, 184.59 W, 36
2026/10/08 01:12:01.921, 5, 270 MHz, 3996 MHz, 184.40 W, 35
2026/10/08 01:12:01.921, 6, 120 MHz, 3996 MHz, 183.84 W, 29
2026/10/08 01:12:01.921, 7, 120 MHz, 3996 MHz, 184.61 W, 27
2026/10/08 01:12:02.121, 0, 120 MHz, 3996 MHz, 184.47 W, 33
2026/10/08 01:12:02.121, 1, 120 MHz, 3996 MHz, 186.29 W, 35
2026/10/08 01:12:02.121, 2, 120 MHz, 3996 MHz, 182.28 W, 28
2026/10/08 01:12:02.121, 3, 120 MHz, 3996 MHz, 182.21 W, 28
2026/10/08 01:12:02.121, 4, 120 MHz, 3996 MHz, 184.59 W, 36
2026/10/08 01:12:02.121, 5, 247 MHz, 3996 MHz, 184.36 W, 35
2026/10/08 01:12:02.121, 6, 120 MHz, 3996 MHz, 183.99 W, 29
2026/10/08 01:12:02.121, 7, 120 MHz, 3996 MHz, 184.61 W, 27
2026/10/08 01:12:02.321, 0, 120 MHz, 3996 MHz, 184.47 W, 33
2026/10/08 01:12:02.321, 1, 120 MHz, 3996 MHz, 186.29 W, 35
2026/10/08 01:12:02.321, 2, 120 MHz, 3996 MHz, 182.29 W, 28
2026/10/08 01:12:02.321, 3, 120 MHz, 3996 MHz, 182.17 W, 28
2026/10/08 01:12:02.321, 4, 120 MHz, 3996 MHz, 184.59 W, 36
2026/10/08 01:12:02.321, 5, 225 MHz, 3996 MHz, 184.21 W, 35
2026/10/08 01:12:02.321, 6, 120 MHz, 3996 MHz, 183.92 W, 29
2026/10/08 01:12:02.321, 7, 120 MHz, 3996 MHz, 184.60 W, 27
2026/10/08 01:12:02.521, 0, 120 MHz, 3996 MHz, 184.47 W, 33
2026/10/08 01:12:02.521, 1, 120 MHz, 3996 MHz, 186.29 W, 35
2026/10/08 01:12:02.521, 2, 120 MHz, 3996 MHz, 182.26 W, 28
2026/10/08 01:12:02.521, 3, 120 MHz, 3996 MHz, 182.17 W, 28
2026/10/08 01:12:02.521, 4, 120 MHz, 3996 MHz, 184.59 W, 36
2026/10/08 01:12:02.521, 5, 210 MHz, 3996 MHz, 184.21 W, 35
2026/10/08 01:12:02.521, 6, 120 MHz, 3996 MHz, 184.03 W, 29
2026/10/08 01:12:02.521, 7, 120 MHz, 3996 MHz, 184.60 W, 27
2026/10/08 01:12:02.722, 0, 120 MHz, 3996 MHz, 184.47 W, 33
2026/10/08 01:12:02.722, 1, 120 MHz, 3996 MHz, 186.29 W, 35
2026/10/08 01:12:02.722, 2, 120 MHz, 3996 MHz, 182.27 W, 28
2026/10/08 01:12:02.722, 3, 120 MHz, 3996 MHz, 182.17 W, 28
2026/10/08 01:12:02.722, 4, 120 MHz, 3996 MHz, 184.58 W, 36
2026/10/08 01:12:02.722, 5, 187 MHz, 3996 MHz, 184.09 W, 35
2026/10/08 01:12:02.722, 6, 120 MHz, 3996 MHz, 184.11 W, 29
2026/10/08 01:12:02.722, 7, 120 MHz, 3996 MHz, 184.60 W, 27
2026/10/08 01:12:02.922, 0, 120 MHz, 3996 MHz, 184.47 W, 33
2026/10/08 01:12:02.922, 1, 120 MHz, 3996 MHz, 186.29 W, 35
2026/10/08 01:12:02.922, 2, 120 MHz, 3996 MHz, 182.20 W, 28
2026/10/08 01:12:02.922, 3, 120 MHz, 3996 MHz, 182.17 W, 28
2026/10/08 01:12:02.922, 4, 120 MHz, 3996 MHz, 184.58 W, 36
2026/10/08 01:12:02.922, 5, 172 MHz, 3996 MHz, 184.02 W, 35
2026/10/08 01:12:02.922, 6, 120 MHz, 3996 MHz, 184.21 W, 29
2026/10/08 01:12:02.922, 7, 120 MHz, 3996 MHz, 184.60 W, 27
2026/10/08 01:12:03.122, 0, 120 MHz, 3996 MHz, 184.47 W, 33
2026/10/08 01:12:03.122, 1, 120 MHz, 3996 MHz, 186.29 W, 35
2026/10/08 01:12:03.122, 2, 120 MHz, 3996 MHz, 182.21 W, 28
2026/10/08 01:12:03.122, 3, 120 MHz, 3996 MHz, 182.13 W, 28
2026/10/08 01:12:03.122, 4, 120 MHz, 3996 MHz, 184.58 W, 36
2026/10/08 01:12:03.122, 5, 157 MHz, 3996 MHz, 183.85 W, 35
2026/10/08 01:12:03.122, 6, 120 MHz, 3996 MHz, 184.21 W, 29
2026/10/08 01:12:03.122, 7, 120 MHz, 3996 MHz, 184.60 W, 27
2026/10/08 01:12:03.323, 0, 120 MHz, 3996 MHz, 184.47 W, 33
2026/10/08 01:12:03.323, 1, 120 MHz, 3996 MHz, 186.29 W, 35
2026/10/08 01:12:03.323, 2, 120 MHz, 3996 MHz, 182.20 W, 28
2026/10/08 01:12:03.323, 3, 120 MHz, 3996 MHz, 182.17 W, 28
2026/10/08 01:12:03.323, 4, 120 MHz, 3996 MHz, 184.58 W, 36
2026/10/08 01:12:03.323, 5, 150 MHz, 3996 MHz, 183.79 W, 35
2026/10/08 01:12:03.323, 6, 120 MHz, 3996 MHz, 184.33 W, 29
2026/10/08 01:12:03.323, 7, 120 MHz, 3996 MHz, 184.60 W, 27
2026/10/08 01:12:03.523, 0, 120 MHz, 3996 MHz, 184.47 W, 33
2026/10/08 01:12:03.523, 1, 120 MHz, 3996 MHz, 186.29 W, 35
2026/10/08 01:12:03.523, 2, 120 MHz, 3996 MHz, 182.20 W, 28
2026/10/08 01:12:03.523, 3, 120 MHz, 3996 MHz, 182.17 W, 28
2026/10/08 01:12:03.523, 4, 120 MHz, 3996 MHz, 184.57 W, 36
2026/10/08 01:12:03.523, 5, 135 MHz, 3996 MHz, 183.77 W, 35
2026/10/08 01:12:03.523, 6, 120 MHz, 3996 MHz, 184.32 W, 29
2026/10/08 01:12:03.523, 7, 120 MHz, 3996 MHz, 184.60 W, 27
2026/10/08 01:12:03.723, 0, 120 MHz, 3996 MHz, 184.47 W, 33
2026/10/08 01:12:03.723, 1, 120 MHz, 3996 MHz, 186.29 W, 35
2026/10/08 01:12:03.723, 2, 120 MHz, 3996 MHz, 182.22 W, 28
2026/10/08 01:12:03.723, 3, 120 MHz, 3996 MHz, 182.17 W, 28
2026/10/08 01:12:03.723, 4, 120 MHz, 3996 MHz, 184.58 W, 36
2026/10/08 01:12:03.723, 5, 127 MHz, 3996 MHz, 183.63 W, 35
2026/10/08 01:12:03.723, 6, 120 MHz, 3996 MHz, 184.18 W, 29
2026/10/08 01:12:03.723, 7, 120 MHz, 3996 MHz, 184.61 W, 27
2026/10/08 01:12:03.923, 0, 120 MHz, 3996 MHz, 184.47 W, 33
2026/10/08 01:12:03.923, 1, 120 MHz, 3996 MHz, 186.29 W, 35
2026/10/08 01:12:03.923, 2, 120 MHz, 3996 MHz, 182.22 W, 28
2026/10/08 01:12:03.923, 3, 120 MHz, 3996 MHz, 182.13 W, 28
2026/10/08 01:12:03.923, 4, 120 MHz, 3996 MHz, 184.57 W, 36
2026/10/08 01:12:03.923, 5, 120 MHz, 3996 MHz, 183.77 W, 35
2026/10/08 01:12:03.923, 6, 120 MHz, 3996 MHz, 184.11 W, 29
2026/10/08 01:12:03.923, 7, 120 MHz, 3996 MHz, 184.60 W, 27
2026/10/08 01:12:04.124, 0, 120 MHz, 3996 MHz, 184.47 W, 33
2026/10/08 01:12:04.124, 1, 120 MHz, 3996 MHz, 186.29 W, 35
2026/10/08 01:12:04.124, 2, 120 MHz, 3996 MHz, 182.25 W, 28
2026/10/08 01:12:04.124, 3, 120 MHz, 3996 MHz, 182.17 W, 28
2026/10/08 01:12:04.124, 4, 120 MHz, 3996 MHz, 184.57 W, 36
2026/10/08 01:12:04.124, 5, 120 MHz, 3996 MHz, 183.62 W, 35
2026/10/08 01:12:04.124, 6, 120 MHz, 3996 MHz, 184.03 W, 29
2026/10/08 01:12:04.124, 7, 120 MHz, 3996 MHz, 184.61 W, 27
2026/10/08 01:12:04.324, 0, 120 MHz, 3996 MHz, 184.47 W, 33
2026/10/08 01:12:04.324, 1, 120 MHz, 3996 MHz, 186.29 W, 35
2026/10/08 01:12:04.324, 2, 120 MHz, 3996 MHz, 182.26 W, 28
2026/10/08 01:12:04.324, 3, 120 MHz, 3996 MHz, 182.17 W, 28
2026/10/08 01:12:04.324, 4, 120 MHz, 3996 MHz, 184.57 W, 36
2026/10/08 01:12:04.324, 5, 120 MHz, 3996 MHz, 183.50 W, 35
2026/10/08 01:12:04.324, 6, 120 MHz, 3996 MHz, 183.99 W, 29
2026/10/08 01:12:04.324, 7, 120 MHz, 3996 MHz, 184.61 W, 27
2026/10/08 01:12:04.524, 0, 120 MHz, 3996 MHz, 184.47 W, 33
2026/10/08 01:12:04.524, 1, 120 MHz, 3996 MHz, 186.29 W, 35
2026/10/08 01:12:04.524, 2, 120 MHz, 3996 MHz, 182.25 W, 28
2026/10/08 01:12:04.524, 3, 120 MHz, 3996 MHz, 182.17 W, 28
2026/10/08 01:12:04.524, 4, 120 MHz, 3996 MHz, 184.57 W, 36
2026/10/08 01:12:04.524, 5, 120 MHz, 3996 MHz, 183.19 W, 35
2026/10/08 01:12:04.524, 6, 120 MHz, 3996 MHz, 183.92 W, 29
2026/10/08 01:12:04.524, 7, 120 MHz, 3996 MHz, 184.61 W, 27
2026/10/08 01:12:04.725, 0, 120 MHz, 3996 MHz, 184.47 W, 33
2026/10/08 01:12:04.725, 1, 120 MHz, 3996 MHz, 186.29 W, 35
2026/10/08 01:12:04.725, 2, 120 MHz, 3996 MHz, 182.25 W, 28
2026/10/08 01:12:04.725, 3, 120 MHz, 3996 MHz, 182.13 W, 28
2026/10/08 01:12:04.725, 4, 120 MHz, 3996 MHz, 184.57 W, 36
2026/10/08 01:12:04.725, 5, 120 MHz, 3996 MHz, 183.19 W, 35
2026/10/08 01:12:04.725, 6, 120 MHz, 3996 MHz, 184.01 W, 29
2026/10/08 01:12:04.725, 7, 120 MHz, 3996 MHz, 184.61 W, 27
2026/10/08 01:12:04.925, 0, 120 MHz, 3996 MHz, 184.47 W, 33
2026/10/08 01:12:04.925, 1, 120 MHz, 3996 MHz, 186.29 W, 35
2026/10/08 01:12:04.925, 2, 120 MHz, 3996 MHz, 182.28 W, 28
2026/10/08 01:12:04.925, 3, 120 MHz, 3996 MHz, 182.17 W, 28
2026/10/08 01:12:04.925, 4, 120 MHz, 3996 MHz, 184.57 W, 36
2026/10/08 01:12:04.925, 5, 120 MHz, 3996 MHz, 182.99 W, 35
2026/10/08 01:12:04.925, 6, 120 MHz, 3996 MHz, 184.07 W, 29
2026/10/08 01:12:04.925, 7, 120 MHz, 3996 MHz, 184.61 W, 27
2026/10/08 01:12:05.125, 0, 120 MHz, 3996 MHz, 184.47 W, 33
2026/10/08 01:12:05.125, 1, 120 MHz, 3996 MHz, 186.29 W, 35
2026/10/08 01:12:05.125, 2, 120 MHz, 3996 MHz, 182.26 W, 28
2026/10/08 01:12:05.125, 3, 120 MHz, 3996 MHz, 182.17 W, 28
2026/10/08 01:12:05.125, 4, 120 MHz, 3996 MHz, 184.58 W, 36
2026/10/08 01:12:05.125, 5, 120 MHz, 3996 MHz, 183.07 W, 35
2026/10/08 01:12:05.125, 6, 120 MHz, 3996 MHz, 184.17 W, 29
2026/10/08 01:12:05.125, 7, 120 MHz, 3996 MHz, 184.61 W, 27
2026/10/08 01:12:05.325, 0, 120 MHz, 3996 MHz, 184.47 W, 33
2026/10/08 01:12:05.325, 1, 120 MHz, 3996 MHz, 186.29 W, 35
2026/10/08 01:12:05.325, 2, 120 MHz, 3996 MHz, 182.25 W, 28
2026/10/08 01:12:05.325, 3, 120 MHz, 3996 MHz, 182.13 W, 28
2026/10/08 01:12:05.325, 4, 120 MHz, 3996 MHz, 184.58 W, 36
2026/10/08 01:12:05.325, 5, 120 MHz, 3996 MHz, 183.19 W, 35
2026/10/08 01:12:05.325, 6, 120 MHz, 3996 MHz, 184.17 W, 29
2026/10/08 01:12:05.326, 7, 120 MHz, 3996 MHz, 184.61 W, 27
2026/10/08 01:12:05.526, 0, 120 MHz, 3996 MHz, 184.47 W, 33
2026/10/08 01:12:05.526, 1, 120 MHz, 3996 MHz, 186.29 W, 35
2026/10/08 01:12:05.526, 2, 120 MHz, 3996 MHz, 182.22 W, 28
2026/10/08 01:12:05.526, 3, 120 MHz, 3996 MHz, 182.17 W, 28
2026/10/08 01:12:05.526, 4, 120 MHz, 3996 MHz, 184.57 W, 36
2026/10/08 01:12:05.526, 5, 120 MHz, 3996 MHz, 183.23 W, 35
2026/10/08 01:12:05.526, 6, 120 MHz, 3996 MHz, 184.05 W, 29
2026/10/08 01:12:05.526, 7, 120 MHz, 3996 MHz, 184.62 W, 27
2026/10/08 01:12:05.726, 0, 120 MHz, 3996 MHz, 184.47 W, 33
2026/10/08 01:12:05.726, 1, 120 MHz, 3996 MHz, 186.29 W, 35
2026/10/08 01:12:05.726, 2, 120 MHz, 3996 MHz, 182.29 W, 28
2026/10/08 01:12:05.726, 3, 120 MHz, 3996 MHz, 182.21 W, 28
2026/10/08 01:12:05.726, 4, 120 MHz, 3996 MHz, 184.57 W, 36
2026/10/08 01:12:05.726, 5, 120 MHz, 3996 MHz, 183.15 W, 35
2026/10/08 01:12:05.726, 6, 120 MHz, 3996 MHz, 184.03 W, 29
2026/10/08 01:12:05.726, 7, 120 MHz, 3996 MHz, 184.61 W, 27
2026/10/08 01:12:05.926, 0, 120 MHz, 3996 MHz, 184.47 W, 33
2026/10/08 01:12:05.926, 1, 120 MHz, 3996 MHz, 186.29 W, 35
2026/10/08 01:12:05.926, 2, 120 MHz, 3996 MHz, 182.24 W, 28
2026/10/08 01:12:05.926, 3, 120 MHz, 3996 MHz, 182.17 W, 28
2026/10/08 01:12:05.926, 4, 120 MHz, 3996 MHz, 184.57 W, 36
2026/10/08 01:12:05.926, 5, 120 MHz, 3996 MHz, 183.11 W, 35
2026/10/08 01:12:05.926, 6, 120 MHz, 3996 MHz, 184.01 W, 29
2026/10/08 01:12:05.926, 7, 120 MHz, 3996 MHz, 184.61 W, 27
2026/10/08 01:12:06.126, 0, 120 MHz, 3996 MHz, 184.47 W, 33
2026/10/08 01:12:06.126, 1, 120 MHz, 3996 MHz, 186.29 W, 35
2026/10/08 01:12:06.126, 2, 120 MHz, 3996 MHz, 182.27 W, 28
2026/10/08 01:12:06.127, 3, 120 MHz, 3996 MHz, 182.16 W, 28
2026/10/08 01:12:06.127, 4, 120 MHz, 3996 MHz, 184.58 W, 36
2026/10/08 01:12:06.127, 5, 120 MHz, 3996 MHz, 183.06 W, 35
2026/10/08 01:12:06.127, 6, 120 MHz, 3996 MHz, 184.03 W, 29
2026/10/08 01:12:06.127, 7, 120 MHz, 3996 MHz, 184.61 W, 27
2026/10/08 01:12:06.327, 0, 120 MHz, 3996 MHz, 184.47 W, 33
2026/10/08 01:12:06.327, 1, 120 MHz, 3996 MHz, 186.29 W, 35
2026/10/08 01:12:06.327, 2, 120 MHz, 3996 MHz, 182.25 W, 28
2026/10/08 01:12:06.327, 3, 120 MHz, 3996 MHz, 182.15 W, 28
2026/10/08 01:12:06.327, 4, 120 MHz, 3996 MHz, 184.58 W, 36
2026/10/08 01:12:06.327, 5, 120 MHz, 3996 MHz, 182.99 W, 35
2026/10/08 01:12:06.327, 6, 120 MHz, 3996 MHz, 184.11 W, 29
2026/10/08 01:12:06.327, 7, 120 MHz, 3996 MHz, 184.61 W, 27
2026/10/08 01:12:06.527, 0, 120 MHz, 3996 MHz, 184.47 W, 33
2026/10/08 01:12:06.527, 1, 120 MHz, 3996 MHz, 186.29 W, 35
2026/10/08 01:12:06.527, 2, 120 MHz, 3996 MHz, 182.25 W, 28
2026/10/08 01:12:06.527, 3, 120 MHz, 3996 MHz, 182.15 W, 28
2026/10/08 01:12:06.527, 4, 120 MHz, 3996 MHz, 184.58 W, 36
2026/10/08 01:12:06.527, 5, 120 MHz, 3996 MHz, 182.95 W, 35
2026/10/08 01:12:06.527, 6, 120 MHz, 3996 MHz, 184.32 W, 29
2026/10/08 01:12:06.527, 7, 120 MHz, 3996 MHz, 184.60 W, 27
2026/10/08 01:12:06.727, 0, 120 MHz, 3996 MHz, 184.47 W, 33
2026/10/08 01:12:06.727, 1, 120 MHz, 3996 MHz, 186.29 W, 35
2026/10/08 01:12:06.727, 2, 120 MHz, 3996 MHz, 182.18 W, 28
2026/10/08 01:12:06.727, 3, 120 MHz, 3996 MHz, 182.15 W, 28
2026/10/08 01:12:06.727, 4, 120 MHz, 3996 MHz, 184.58 W, 36
2026/10/08 01:12:06.727, 5, 120 MHz, 3996 MHz, 182.95 W, 35
2026/10/08 01:12:06.727, 6, 120 MHz, 3996 MHz, 184.30 W, 29
2026/10/08 01:12:06.727, 7, 120 MHz, 3996 MHz, 184.60 W, 27
2026/10/08 01:12:06.928, 0, 120 MHz, 3996 MHz, 184.47 W, 33
2026/10/08 01:12:06.928, 1, 120 MHz, 3996 MHz, 186.29 W, 35
2026/10/08 01:12:06.928, 2, 120 MHz, 3996 MHz, 182.18 W, 28
2026/10/08 01:12:06.928, 3, 120 MHz, 3996 MHz, 182.19 W, 28
2026/10/08 01:12:06.928, 4, 120 MHz, 3996 MHz, 184.58 W, 36
2026/10/08 01:12:06.928, 5, 120 MHz, 3996 MHz, 182.99 W, 35
2026/10/08 01:12:06.928, 6, 120 MHz, 3996 MHz, 184.41 W, 29
2026/10/08 01:12:06.928, 7, 120 MHz, 3996 MHz, 184.60 W, 27
2026/10/08 01:12:07.128, 0, 120 MHz, 3996 MHz, 184.47 W, 33
2026/10/08 01:12:07.128, 1, 120 MHz, 3996 MHz, 186.29 W, 35
2026/10/08 01:12:07.128, 2, 120 MHz, 3996 MHz, 182.19 W, 28
2026/10/08 01:12:07.128, 3, 120 MHz, 3996 MHz, 182.19 W, 28
2026/10/08 01:12:07.128, 4, 120 MHz, 3996 MHz, 184.57 W, 36
2026/10/08 01:12:07.128, 5, 120 MHz, 3996 MHz, 182.92 W, 34
2026/10/08 01:12:07.128, 6, 120 MHz, 3996 MHz, 184.36 W, 29
2026/10/08 01:12:07.128, 7, 120 MHz, 3996 MHz, 184.62 W, 27
2026/10/08 01:12:07.328, 0, 120 MHz, 3996 MHz, 184.47 W, 33
2026/10/08 01:12:07.328, 1, 120 MHz, 3996 MHz, 186.29 W, 35
2026/10/08 01:12:07.328, 2, 120 MHz, 3996 MHz, 182.19 W, 28
2026/10/08 01:12:07.328, 3, 120 MHz, 3996 MHz, 182.24 W, 28
2026/10/08 01:12:07.328, 4, 120 MHz, 3996 MHz, 184.57 W, 36
2026/10/08 01:12:07.328, 5, 120 MHz, 3996 MHz, 182.96 W, 34
2026/10/08 01:12:07.328, 6, 120 MHz, 3996 MHz, 184.33 W, 29
2026/10/08 01:12:07.328, 7, 120 MHz, 3996 MHz, 184.62 W, 27
2026/10/08 01:12:07.528, 0, 120 MHz, 3996 MHz, 184.47 W, 33
2026/10/08 01:12:07.528, 1, 120 MHz, 3996 MHz, 186.29 W, 35
2026/10/08 01:12:07.528, 2, 120 MHz, 3996 MHz, 182.27 W, 28
2026/10/08 01:12:07.528, 3, 120 MHz, 3996 MHz, 182.20 W, 28
2026/10/08 01:12:07.528, 4, 120 MHz, 3996 MHz, 184.57 W, 36
2026/10/08 01:12:07.528, 5, 120 MHz, 3996 MHz, 183.06 W, 34
2026/10/08 01:12:07.528, 6, 120 MHz, 3996 MHz, 184.22 W, 29
2026/10/08 01:12:07.528, 7, 120 MHz, 3996 MHz, 184.62 W, 27
2026/10/08 01:12:07.729, 0, 120 MHz, 3996 MHz, 184.47 W, 33
2026/10/08 01:12:07.729, 1, 120 MHz, 3996 MHz, 186.29 W, 35
2026/10/08 01:12:07.729, 2, 120 MHz, 3996 MHz, 182.31 W, 28
2026/10/08 01:12:07.729, 3, 120 MHz, 3996 MHz, 182.09 W, 28
2026/10/08 01:12:07.729, 4, 120 MHz, 3996 MHz, 184.57 W, 36
2026/10/08 01:12:07.729, 5, 120 MHz, 3996 MHz, 183.06 W, 34
2026/10/08 01:12:07.729, 6, 120 MHz, 3996 MHz, 184.29 W, 29
2026/10/08 01:12:07.729, 7, 120 MHz, 3996 MHz, 184.62 W, 27
2026/10/08 01:12:07.929, 0, 120 MHz, 3996 MHz, 184.47 W, 33
2026/10/08 01:12:07.929, 1, 120 MHz, 3996 MHz, 186.29 W, 35
2026/10/08 01:12:07.929, 2, 120 MHz, 3996 MHz, 182.31 W, 28
2026/10/08 01:12:07.929, 3, 120 MHz, 3996 MHz, 182.09 W, 28
2026/10/08 01:12:07.929, 4, 120 MHz, 3996 MHz, 184.58 W, 36
2026/10/08 01:12:07.929, 5, 120 MHz, 3996 MHz, 182.99 W, 34
2026/10/08 01:12:07.929, 6, 120 MHz, 3996 MHz, 184.21 W, 29
2026/10/08 01:12:07.929, 7, 120 MHz, 3996 MHz, 184.61 W, 27
2026/10/08 01:12:08.129, 0, 120 MHz, 3996 MHz, 184.47 W, 33
2026/10/08 01:12:08.129, 1, 120 MHz, 3996 MHz, 186.29 W, 35
2026/10/08 01:12:08.129, 2, 120 MHz, 3996 MHz, 182.26 W, 28
2026/10/08 01:12:08.129, 3, 120 MHz, 3996 MHz, 182.08 W, 28
2026/10/08 01:12:08.129, 4, 120 MHz, 3996 MHz, 184.58 W, 36
2026/10/08 01:12:08.129, 5, 120 MHz, 3996 MHz, 183.02 W, 34
2026/10/08 01:12:08.129, 6, 120 MHz, 3996 MHz, 184.25 W, 29
2026/10/08 01:12:08.129, 7, 120 MHz, 3996 MHz, 184.60 W, 27
2026/10/08 01:12:08.329, 0, 120 MHz, 3996 MHz, 184.47 W, 33
2026/10/08 01:12:08.329, 1, 120 MHz, 3996 MHz, 186.29 W, 35
2026/10/08 01:12:08.329, 2, 120 MHz, 3996 MHz, 182.30 W, 28
2026/10/08 01:12:08.329, 3, 120 MHz, 3996 MHz, 182.04 W, 28
2026/10/08 01:12:08.329, 4, 120 MHz, 3996 MHz, 184.59 W, 36
2026/10/08 01:12:08.329, 5, 120 MHz, 3996 MHz, 182.91 W, 34
2026/10/08 01:12:08.329, 6, 120 MHz, 3996 MHz, 184.22 W, 29
2026/10/08 01:12:08.329, 7, 120 MHz, 3996 MHz, 184.61 W, 27
2026/10/08 01:12:08.530, 0, 120 MHz, 3996 MHz, 184.47 W, 33
2026/10/08 01:12:08.530, 1, 120 MHz, 3996 MHz, 186.29 W, 35
2026/10/08 01:12:08.530, 2, 120 MHz, 3996 MHz, 182.26 W, 28
2026/10/08 01:12:08.530, 3, 120 MHz, 3996 MHz, 182.08 W, 28
2026/10/08 01:12:08.530, 4, 120 MHz, 3996 MHz, 184.59 W, 36
2026/10/08 01:12:08.530, 5, 120 MHz, 3996 MHz, 182.87 W, 34
2026/10/08 01:12:08.530, 6, 120 MHz, 3996 MHz, 184.29 W, 29
2026/10/08 01:12:08.530, 7, 120 MHz, 3996 MHz, 184.60 W, 27
2026/10/08 01:12:08.730, 0, 120 MHz, 3996 MHz, 184.47 W, 33
2026/10/08 01:12:08.730, 1, 120 MHz, 3996 MHz, 186.29 W, 35
2026/10/08 01:12:08.730, 2, 120 MHz, 3996 MHz, 182.30 W, 28
2026/10/08 01:12:08.730, 3, 120 MHz, 3996 MHz, 182.18 W, 28
2026/10/08 01:12:08.730, 4, 120 MHz, 3996 MHz, 184.59 W, 36
2026/10/08 01:12:08.730, 5, 120 MHz, 3996 MHz, 182.84 W, 34
2026/10/08 01:12:08.730, 6, 120 MHz, 3996 MHz, 184.34 W, 29
2026/10/08 01:12:08.730, 7, 120 MHz, 3996 MHz, 184.60 W, 27
2026/10/08 01:12:08.930, 0, 120 MHz, 3996 MHz, 184.47 W, 33
2026/10/08 01:12:08.930, 1, 120 MHz, 3996 MHz, 186.29 W, 35
2026/10/08 01:12:08.930, 2, 120 MHz, 3996 MHz, 182.29 W, 28
2026/10/08 01:12:08.930, 3, 120 MHz, 3996 MHz, 182.18 W, 28
2026/10/08 01:12:08.930, 4, 120 MHz, 3996 MHz, 184.59 W, 36
2026/10/08 01:12:08.930, 5, 120 MHz, 3996 MHz, 182.84 W, 34
2026/10/08 01:12:08.930, 6, 120 MHz, 3996 MHz, 184.44 W, 29
2026/10/08 01:12:08.930, 7, 120 MHz, 3996 MHz, 184.59 W, 27
2026/10/08 01:12:09.130, 0, 120 MHz, 3996 MHz, 184.47 W, 33
2026/10/08 01:12:09.131, 1, 120 MHz, 3996 MHz, 186.29 W, 35
2026/10/08 01:12:09.131, 2, 120 MHz, 3996 MHz, 182.30 W, 28
2026/10/08 01:12:09.131, 3, 120 MHz, 3996 MHz, 182.18 W, 28
2026/10/08 01:12:09.131, 4, 120 MHz, 3996 MHz, 184.59 W, 36
2026/10/08 01:12:09.131, 5, 120 MHz, 3996 MHz, 182.88 W, 34
2026/10/08 01:12:09.131, 6, 120 MHz, 3996 MHz, 184.37 W, 29
2026/10/08 01:12:09.131, 7, 120 MHz, 3996 MHz, 184.60 W, 27
2026/10/08 01:12:09.331, 0, 120 MHz, 3996 MHz, 184.47 W, 33
2026/10/08 01:12:09.331, 1, 120 MHz, 3996 MHz, 186.29 W, 35
2026/10/08 01:12:09.331, 2, 120 MHz, 3996 MHz, 182.26 W, 28
2026/10/08 01:12:09.331, 3, 120 MHz, 3996 MHz, 182.14 W, 28
2026/10/08 01:12:09.331, 4, 120 MHz, 3996 MHz, 184.59 W, 36
2026/10/08 01:12:09.331, 5, 120 MHz, 3996 MHz, 182.88 W, 34
2026/10/08 01:12:09.331, 6, 120 MHz, 3996 MHz, 184.40 W, 29
2026/10/08 01:12:09.331, 7, 120 MHz, 3996 MHz, 184.60 W, 27
2026/10/08 01:12:09.531, 0, 120 MHz, 3996 MHz, 184.47 W, 33
2026/10/08 01:12:09.531, 1, 120 MHz, 3996 MHz, 186.29 W, 35
2026/10/08 01:12:09.531, 2, 120 MHz, 3996 MHz, 182.22 W, 28
2026/10/08 01:12:09.531, 3, 120 MHz, 3996 MHz, 182.10 W, 28
2026/10/08 01:12:09.531, 4, 120 MHz, 3996 MHz, 184.59 W, 36
2026/10/08 01:12:09.531, 5, 120 MHz, 3996 MHz, 182.84 W, 34
2026/10/08 01:12:09.531, 6, 120 MHz, 3996 MHz, 184.49 W, 29
2026/10/08 01:12:09.531, 7, 120 MHz, 3996 MHz, 184.60 W, 27
2026/10/08 01:12:09.731, 0, 120 MHz, 3996 MHz, 184.47 W, 33
2026/10/08 01:12:09.731, 1, 120 MHz, 3996 MHz, 186.29 W, 35
2026/10/08 01:12:09.731, 2, 120 MHz, 3996 MHz, 182.26 W, 28
2026/10/08 01:12:09.731, 3, 120 MHz, 3996 MHz, 182.12 W, 28
2026/10/08 01:12:09.731, 4, 120 MHz, 3996 MHz, 184.58 W, 36
2026/10/08 01:12:09.731, 5, 120 MHz, 3996 MHz, 182.80 W, 34
2026/10/08 01:12:09.731, 6, 120 MHz, 3996 MHz, 184.48 W, 29
2026/10/08 01:12:09.731, 7, 120 MHz, 3996 MHz, 184.60 W, 27
2026/10/08 01:12:09.932, 0, 120 MHz, 3996 MHz, 184.47 W, 33
2026/10/08 01:12:09.932, 1, 120 MHz, 3996 MHz, 186.29 W, 35
2026/10/08 01:12:09.932, 2, 120 MHz, 3996 MHz, 182.18 W, 28
2026/10/08 01:12:09.932, 3, 120 MHz, 3996 MHz, 182.11 W, 28
2026/10/08 01:12:09.932, 4, 120 MHz, 3996 MHz, 184.58 W, 36
2026/10/08 01:12:09.932, 5, 120 MHz, 3996 MHz, 182.76 W, 34
2026/10/08 01:12:09.932, 6, 120 MHz, 3996 MHz, 184.44 W, 29
2026/10/08 01:12:09.932, 7, 120 MHz, 3996 MHz, 184.60 W, 27
2026/10/08 01:12:10.132, 0, 120 MHz, 3996 MHz, 184.47 W, 33
2026/10/08 01:12:10.132, 1, 120 MHz, 3996 MHz, 186.29 W, 35
2026/10/08 01:12:10.132, 2, 120 MHz, 3996 MHz, 182.22 W, 28
2026/10/08 01:12:10.132, 3, 120 MHz, 3996 MHz, 182.11 W, 28
2026/10/08 01:12:10.132, 4, 120 MHz, 3996 MHz, 184.57 W, 36
2026/10/08 01:12:10.132, 5, 120 MHz, 3996 MHz, 182.72 W, 34
2026/10/08 01:12:10.132, 6, 120 MHz, 3996 MHz, 184.44 W, 29
2026/10/08 01:12:10.132, 7, 120 MHz, 3996 MHz, 184.60 W, 27
2026/10/08 01:12:10.332, 0, 120 MHz, 3996 MHz, 184.47 W, 33
2026/10/08 01:12:10.332, 1, 120 MHz, 3996 MHz, 186.29 W, 35
2026/10/08 01:12:10.332, 2, 120 MHz, 3996 MHz, 182.26 W, 28
2026/10/08 01:12:10.332, 3, 120 MHz, 3996 MHz, 182.19 W, 28
2026/10/08 01:12:10.332, 4, 120 MHz, 3996 MHz, 184.57 W, 36
2026/10/08 01:12:10.332, 5, 120 MHz, 3996 MHz, 182.72 W, 34
2026/10/08 01:12:10.332, 6, 120 MHz, 3996 MHz, 184.48 W, 29
2026/10/08 01:12:10.332, 7, 120 MHz, 3996 MHz, 184.60 W, 27
2026/10/08 01:12:10.532, 0, 120 MHz, 3996 MHz, 184.47 W, 33
2026/10/08 01:12:10.532, 1, 120 MHz, 3996 MHz, 186.29 W, 35
2026/10/08 01:12:10.532, 2, 120 MHz, 3996 MHz, 182.26 W, 28
2026/10/08 01:12:10.532, 3, 120 MHz, 3996 MHz, 182.23 W, 28
2026/10/08 01:12:10.533, 4, 120 MHz, 3996 MHz, 184.57 W, 36
2026/10/08 01:12:10.533, 5, 120 MHz, 3996 MHz, 182.72 W, 34
2026/10/08 01:12:10.533, 6, 120 MHz, 3996 MHz, 184.40 W, 29
2026/10/08 01:12:10.533, 7, 120 MHz, 3996 MHz, 184.60 W, 27
2026/10/08 01:12:10.733, 0, 120 MHz, 3996 MHz, 184.47 W, 33
2026/10/08 01:12:10.733, 1, 120 MHz, 3996 MHz, 186.29 W, 35
2026/10/08 01:12:10.733, 2, 120 MHz, 3996 MHz, 182.26 W, 28
2026/10/08 01:12:10.733, 3, 120 MHz, 3996 MHz, 182.22 W, 28
2026/10/08 01:12:10.733, 4, 120 MHz, 3996 MHz, 184.56 W, 36
2026/10/08 01:12:10.733, 5, 120 MHz, 3996 MHz, 182.76 W, 34
2026/10/08 01:12:10.733, 6, 120 MHz, 3996 MHz, 184.49 W, 29
2026/10/08 01:12:10.733, 7, 120 MHz, 3996 MHz, 184.60 W, 27
2026/10/08 01:12:10.933, 0, 120 MHz, 3996 MHz, 184.47 W, 33
2026/10/08 01:12:10.933, 1, 120 MHz, 3996 MHz, 186.29 W, 35
2026/10/08 01:12:10.933, 2, 120 MHz, 3996 MHz, 182.26 W, 28
2026/10/08 01:12:10.933, 3, 120 MHz, 3996 MHz, 182.22 W, 28
2026/10/08 01:12:10.933, 4, 120 MHz, 3996 MHz, 184.56 W, 36
2026/10/08 01:12:10.933, 5, 120 MHz, 3996 MHz, 182.99 W, 34
2026/10/08 01:12:10.933, 6, 120 MHz, 3996 MHz, 184.45 W, 29
2026/10/08 01:12:10.933, 7, 120 MHz, 3996 MHz, 184.60 W, 27
2026/10/08 01:12:11.133, 0, 120 MHz, 3996 MHz, 184.47 W, 33
2026/10/08 01:12:11.133, 1, 120 MHz, 3996 MHz, 186.29 W, 35
2026/10/08 01:12:11.133, 2, 120 MHz, 3996 MHz, 182.22 W, 28
2026/10/08 01:12:11.133, 3, 120 MHz, 3996 MHz, 182.22 W, 28
2026/10/08 01:12:11.133, 4, 120 MHz, 3996 MHz, 184.56 W, 36
2026/10/08 01:12:11.133, 5, 120 MHz, 3996 MHz, 183.10 W, 34
2026/10/08 01:12:11.133, 6, 120 MHz, 3996 MHz, 184.49 W, 29
2026/10/08 01:12:11.133, 7, 120 MHz, 3996 MHz, 184.60 W, 27
2026/10/08 01:12:11.334, 0, 120 MHz, 3996 MHz, 184.47 W, 32
2026/10/08 01:12:11.334, 1, 120 MHz, 3996 MHz, 186.29 W, 35
2026/10/08 01:12:11.334, 2, 120 MHz, 3996 MHz, 182.18 W, 28
2026/10/08 01:12:11.334, 3, 120 MHz, 3996 MHz, 182.21 W, 28
2026/10/08 01:12:11.334, 4, 120 MHz, 3996 MHz, 184.56 W, 36
2026/10/08 01:12:11.334, 5, 120 MHz, 3996 MHz, 183.11 W, 34
2026/10/08 01:12:11.334, 6, 120 MHz, 3996 MHz, 184.60 W, 29
2026/10/08 01:12:11.334, 7, 120 MHz, 3996 MHz, 184.60 W, 27
2026/10/08 01:12:11.534, 0, 120 MHz, 3996 MHz, 184.47 W, 33
2026/10/08 01:12:11.534, 1, 120 MHz, 3996 MHz, 186.29 W, 35
2026/10/08 01:12:11.534, 2, 120 MHz, 3996 MHz, 182.19 W, 28
2026/10/08 01:12:11.534, 3, 120 MHz, 3996 MHz, 182.18 W, 28
2026/10/08 01:12:11.534, 4, 120 MHz, 3996 MHz, 184.55 W, 36
2026/10/08 01:12:11.534, 5, 120 MHz, 3996 MHz, 183.11 W, 34
2026/10/08 01:12:11.534, 6, 120 MHz, 3996 MHz, 184.60 W, 29
2026/10/08 01:12:11.534, 7, 120 MHz, 3996 MHz, 184.61 W, 27
2026/10/08 01:12:11.734, 0, 120 MHz, 3996 MHz, 184.47 W, 33
2026/10/08 01:12:11.734, 1, 120 MHz, 3996 MHz, 186.29 W, 35
2026/10/08 01:12:11.734, 2, 120 MHz, 3996 MHz, 182.18 W, 28
2026/10/08 01:12:11.734, 3, 120 MHz, 3996 MHz, 182.19 W, 28
2026/10/08 01:12:11.734, 4, 120 MHz, 3996 MHz, 184.56 W, 36
2026/10/08 01:12:11.734, 5, 120 MHz, 3996 MHz, 183.18 W, 34
2026/10/08 01:12:11.734, 6, 120 MHz, 3996 MHz, 184.60 W, 29
2026/10/08 01:12:11.734, 7, 120 MHz, 3996 MHz, 184.60 W, 27
2026/10/08 01:12:11.934, 0, 120 MHz, 3996 MHz, 184.47 W, 33
2026/10/08 01:12:11.935, 1, 120 MHz, 3996 MHz, 186.29 W, 35
2026/10/08 01:12:11.935, 2, 120 MHz, 3996 MHz, 182.18 W, 28
2026/10/08 01:12:11.935, 3, 120 MHz, 3996 MHz, 182.15 W, 28
2026/10/08 01:12:11.935, 4, 120 MHz, 3996 MHz, 184.55 W, 36
2026/10/08 01:12:11.935, 5, 120 MHz, 3996 MHz, 183.22 W, 34
2026/10/08 01:12:11.935, 6, 120 MHz, 3996 MHz, 184.60 W, 29
2026/10/08 01:12:11.935, 7, 120 MHz, 3996 MHz, 184.60 W, 27
2026/10/08 01:12:12.135, 0, 120 MHz, 3996 MHz, 184.47 W, 33
2026/10/08 01:12:12.135, 1, 120 MHz, 3996 MHz, 186.29 W, 35
2026/10/08 01:12:12.135, 2, 120 MHz, 3996 MHz, 182.18 W, 28
2026/10/08 01:12:12.135, 3, 120 MHz, 3996 MHz, 182.16 W, 28
2026/10/08 01:12:12.135, 4, 120 MHz, 3996 MHz, 184.55 W, 36
2026/10/08 01:12:12.135, 5, 120 MHz, 3996 MHz, 183.35 W, 34
2026/10/08 01:12:12.135, 6, 120 MHz, 3996 MHz, 184.64 W, 29
2026/10/08 01:12:12.135, 7, 120 MHz, 3996 MHz, 184.60 W, 27
2026/10/08 01:12:12.335, 0, 120 MHz, 3996 MHz, 184.47 W, 32
2026/10/08 01:12:12.335, 1, 120 MHz, 3996 MHz, 186.29 W, 35
2026/10/08 01:12:12.335, 2, 120 MHz, 3996 MHz, 182.22 W, 28
2026/10/08 01:12:12.335, 3, 120 MHz, 3996 MHz, 182.13 W, 28
2026/10/08 01:12:12.335, 4, 120 MHz, 3996 MHz, 184.54 W, 36
2026/10/08 01:12:12.335, 5, 120 MHz, 3996 MHz, 183.56 W, 34
2026/10/08 01:12:12.335, 6, 120 MHz, 3996 MHz, 184.48 W, 29
2026/10/08 01:12:12.335, 7, 120 MHz, 3996 MHz, 184.59 W, 27
2026/10/08 01:12:12.535, 0, 120 MHz, 3996 MHz, 184.47 W, 32
2026/10/08 01:12:12.535, 1, 120 MHz, 3996 MHz, 186.29 W, 35
2026/10/08 01:12:12.535, 2, 120 MHz, 3996 MHz, 182.29 W, 28
2026/10/08 01:12:12.535, 3, 120 MHz, 3996 MHz, 182.13 W, 28
2026/10/08 01:12:12.535, 4, 120 MHz, 3996 MHz, 184.54 W, 35
2026/10/08 01:12:12.535, 5, 120 MHz, 3996 MHz, 183.75 W, 34
2026/10/08 01:12:12.535, 6, 120 MHz, 3996 MHz, 184.45 W, 29
2026/10/08 01:12:12.535, 7, 120 MHz, 3996 MHz, 184.59 W, 27
2026/10/08 01:12:12.736, 0, 120 MHz, 3996 MHz, 184.47 W, 32
2026/10/08 01:12:12.736, 1, 120 MHz, 3996 MHz, 186.29 W, 35
2026/10/08 01:12:12.736, 2, 120 MHz, 3996 MHz, 182.25 W, 28
2026/10/08 01:12:12.736, 3, 120 MHz, 3996 MHz, 182.05 W, 28
2026/10/08 01:12:12.736, 4, 120 MHz, 3996 MHz, 184.54 W, 35
2026/10/08 01:12:12.736, 5, 120 MHz, 3996 MHz, 183.77 W, 34
2026/10/08 01:12:12.736, 6, 120 MHz, 3996 MHz, 184.41 W, 29
2026/10/08 01:12:12.736, 7, 120 MHz, 3996 MHz, 184.59 W, 27
2026/10/08 01:12:12.936, 0, 120 MHz, 3996 MHz, 184.47 W, 32
2026/10/08 01:12:12.936, 1, 120 MHz, 3996 MHz, 186.29 W, 35
2026/10/08 01:12:12.936, 2, 120 MHz, 3996 MHz, 182.24 W, 28
2026/10/08 01:12:12.936, 3, 120 MHz, 3996 MHz, 182.05 W, 28
2026/10/08 01:12:12.936, 4, 120 MHz, 3996 MHz, 184.53 W, 35
2026/10/08 01:12:12.936, 5, 120 MHz, 3996 MHz, 183.73 W, 34
2026/10/08 01:12:12.936, 6, 120 MHz, 3996 MHz, 184.40 W, 29
2026/10/08 01:12:12.936, 7, 120 MHz, 3996 MHz, 184.59 W, 27
2026/10/08 01:12:13.136, 0, 120 MHz, 3996 MHz, 184.47 W, 32
2026/10/08 01:12:13.136, 1, 120 MHz, 3996 MHz, 186.29 W, 35
2026/10/08 01:12:13.136, 2, 120 MHz, 3996 MHz, 182.25 W, 28
2026/10/08 01:12:13.136, 3, 120 MHz, 3996 MHz, 182.05 W, 28
2026/10/08 01:12:13.136, 4, 120 MHz, 3996 MHz, 184.52 W, 35
2026/10/08 01:12:13.136, 5, 120 MHz, 3996 MHz, 183.79 W, 34
2026/10/08 01:12:13.136, 6, 120 MHz, 3996 MHz, 184.44 W, 29
2026/10/08 01:12:13.136, 7, 120 MHz, 3996 MHz, 184.60 W, 27
2026/10/08 01:12:13.336, 0, 120 MHz, 3996 MHz, 184.47 W, 32
2026/10/08 01:12:13.337, 1, 120 MHz, 3996 MHz, 186.29 W, 35
2026/10/08 01:12:13.337, 2, 120 MHz, 3996 MHz, 182.25 W, 28
2026/10/08 01:12:13.337, 3, 120 MHz, 3996 MHz, 182.08 W, 28
2026/10/08 01:12:13.337, 4, 120 MHz, 3996 MHz, 184.52 W, 35
2026/10/08 01:12:13.337, 5, 120 MHz, 3996 MHz, 183.56 W, 34
2026/10/08 01:12:13.337, 6, 120 MHz, 3996 MHz, 184.49 W, 29
2026/10/08 01:12:13.337, 7, 120 MHz, 3996 MHz, 184.60 W, 27
2026/10/08 01:12:13.537, 0, 120 MHz, 3996 MHz, 184.47 W, 32
2026/10/08 01:12:13.537, 1, 120 MHz, 3996 MHz, 186.29 W, 35
2026/10/08 01:12:13.537, 2, 120 MHz, 3996 MHz, 182.18 W, 28
2026/10/08 01:12:13.537, 3, 120 MHz, 3996 MHz, 182.10 W, 28
2026/10/08 01:12:13.537, 4, 120 MHz, 3996 MHz, 184.51 W, 35
2026/10/08 01:12:13.537, 5, 120 MHz, 3996 MHz, 183.56 W, 34
2026/10/08 01:12:13.537, 6, 120 MHz, 3996 MHz, 184.56 W, 29
2026/10/08 01:12:13.537, 7, 120 MHz, 3996 MHz, 184.60 W, 27
2026/10/08 01:12:13.737, 0, 120 MHz, 3996 MHz, 184.47 W, 32
2026/10/08 01:12:13.737, 1, 120 MHz, 3996 MHz, 186.29 W, 35
2026/10/08 01:12:13.737, 2, 120 MHz, 3996 MHz, 182.18 W, 29
2026/10/08 01:12:13.737, 3, 120 MHz, 3996 MHz, 182.17 W, 28
2026/10/08 01:12:13.737, 4, 120 MHz, 3996 MHz, 184.51 W, 35
2026/10/08 01:12:13.737, 5, 120 MHz, 3996 MHz, 183.60 W, 34
2026/10/08 01:12:13.737, 6, 120 MHz, 3996 MHz, 184.56 W, 29
2026/10/08 01:12:13.737, 7, 120 MHz, 3996 MHz, 184.60 W, 27
2026/10/08 01:12:13.937, 0, 120 MHz, 3996 MHz, 184.47 W, 32
2026/10/08 01:12:13.937, 1, 120 MHz, 3996 MHz, 186.29 W, 35
2026/10/08 01:12:13.937, 2, 120 MHz, 3996 MHz, 182.18 W, 29
2026/10/08 01:12:13.937, 3, 120 MHz, 3996 MHz, 182.22 W, 28
2026/10/08 01:12:13.937, 4, 120 MHz, 3996 MHz, 184.51 W, 35
2026/10/08 01:12:13.937, 5, 120 MHz, 3996 MHz, 183.56 W, 34
2026/10/08 01:12:13.937, 6, 120 MHz, 3996 MHz, 184.57 W, 29
2026/10/08 01:12:13.937, 7, 120 MHz, 3996 MHz, 184.61 W, 27
2026/10/08 01:12:14.138, 0, 120 MHz, 3996 MHz, 184.47 W, 32
2026/10/08 01:12:14.138, 1, 120 MHz, 3996 MHz, 186.29 W, 35
2026/10/08 01:12:14.138, 2, 120 MHz, 3996 MHz, 182.18 W, 29
2026/10/08 01:12:14.138, 3, 120 MHz, 3996 MHz, 182.17 W, 28
2026/10/08 01:12:14.138, 4, 120 MHz, 3996 MHz, 184.52 W, 35
2026/10/08 01:12:14.138, 5, 120 MHz, 3996 MHz, 183.52 W, 34
2026/10/08 01:12:14.138, 6, 120 MHz, 3996 MHz, 184.48 W, 29
2026/10/08 01:12:14.138, 7, 120 MHz, 3996 MHz, 184.60 W, 27
2026/10/08 01:12:14.338, 0, 120 MHz, 3996 MHz, 184.47 W, 32
2026/10/08 01:12:14.338, 1, 120 MHz, 3996 MHz, 186.29 W, 35
2026/10/08 01:12:14.338, 2, 120 MHz, 3996 MHz, 182.22 W, 29
2026/10/08 01:12:14.338, 3, 120 MHz, 3996 MHz, 182.13 W, 28
2026/10/08 01:12:14.338, 4, 120 MHz, 3996 MHz, 184.51 W, 35
2026/10/08 01:12:14.338, 5, 120 MHz, 3996 MHz, 183.56 W, 34
2026/10/08 01:12:14.338, 6, 120 MHz, 3996 MHz, 184.40 W, 29
2026/10/08 01:12:14.338, 7, 120 MHz, 3996 MHz, 184.60 W, 27
2026/10/08 01:12:14.538, 0, 120 MHz, 3996 MHz, 184.47 W, 32
2026/10/08 01:12:14.538, 1, 120 MHz, 3996 MHz, 186.29 W, 35
2026/10/08 01:12:14.538, 2, 120 MHz, 3996 MHz, 182.26 W, 29
2026/10/08 01:12:14.538, 3, 120 MHz, 3996 MHz, 182.15 W, 28
2026/10/08 01:12:14.538, 4, 120 MHz, 3996 MHz, 184.52 W, 35
2026/10/08 01:12:14.538, 5, 120 MHz, 3996 MHz, 183.58 W, 34
2026/10/08 01:12:14.538, 6, 120 MHz, 3996 MHz, 184.48 W, 29
2026/10/08 01:12:14.538, 7, 120 MHz, 3996 MHz, 184.60 W, 27
2026/10/08 01:12:14.738, 0, 120 MHz, 3996 MHz, 184.47 W, 32
2026/10/08 01:12:14.738, 1, 120 MHz, 3996 MHz, 186.29 W, 35
2026/10/08 01:12:14.738, 2, 120 MHz, 3996 MHz, 182.29 W, 29
2026/10/08 01:12:14.738, 3, 120 MHz, 3996 MHz, 182.07 W, 28
2026/10/08 01:12:14.739, 4, 120 MHz, 3996 MHz, 184.51 W, 35
2026/10/08 01:12:14.739, 5, 120 MHz, 3996 MHz, 183.58 W, 34
2026/10/08 01:12:14.739, 6, 120 MHz, 3996 MHz, 184.52 W, 29
2026/10/08 01:12:14.739, 7, 120 MHz, 3996 MHz, 184.60 W, 27
2026/10/08 01:12:14.939, 0, 120 MHz, 3996 MHz, 184.47 W, 32
2026/10/08 01:12:14.939, 1, 120 MHz, 3996 MHz, 186.29 W, 35
2026/10/08 01:12:14.939, 2, 120 MHz, 3996 MHz, 182.29 W, 29
2026/10/08 01:12:14.939, 3, 120 MHz, 3996 MHz, 182.02 W, 28
2026/10/08 01:12:14.939, 4, 120 MHz, 3996 MHz, 184.52 W, 35
2026/10/08 01:12:14.939, 5, 120 MHz, 3996 MHz, 183.71 W, 34
2026/10/08 01:12:14.939, 6, 120 MHz, 3996 MHz, 184.56 W, 29
2026/10/08 01:12:14.939, 7, 120 MHz, 3996 MHz, 184.59 W, 27
2026/10/08 01:12:15.139, 0, 120 MHz, 3996 MHz, 184.47 W, 32
2026/10/08 01:12:15.139, 1, 120 MHz, 3996 MHz, 186.29 W, 35
2026/10/08 01:12:15.139, 2, 120 MHz, 3996 MHz, 182.29 W, 29
2026/10/08 01:12:15.139, 3, 120 MHz, 3996 MHz, 182.03 W, 28
2026/10/08 01:12:15.139, 4, 120 MHz, 3996 MHz, 184.52 W, 35
2026/10/08 01:12:15.139, 5, 120 MHz, 3996 MHz, 183.81 W, 34
2026/10/08 01:12:15.139, 6, 120 MHz, 3996 MHz, 184.60 W, 29
2026/10/08 01:12:15.139, 7, 120 MHz, 3996 MHz, 184.60 W, 27
2026/10/08 01:12:15.339, 0, 120 MHz, 3996 MHz, 184.47 W, 32
2026/10/08 01:12:15.339, 1, 120 MHz, 3996 MHz, 186.29 W, 35
2026/10/08 01:12:15.339, 2, 120 MHz, 3996 MHz, 182.29 W, 29
2026/10/08 01:12:15.339, 3, 120 MHz, 3996 MHz, 182.00 W, 28
2026/10/08 01:12:15.339, 4, 120 MHz, 3996 MHz, 184.52 W, 35
2026/10/08 01:12:15.339, 5, 120 MHz, 3996 MHz, 184.02 W, 34
2026/10/08 01:12:15.339, 6, 120 MHz, 3996 MHz, 184.64 W, 29
2026/10/08 01:12:15.339, 7, 120 MHz, 3996 MHz, 184.60 W, 27
2026/10/08 01:12:15.540, 0, 120 MHz, 3996 MHz, 184.47 W, 32
2026/10/08 01:12:15.540, 1, 120 MHz, 3996 MHz, 186.29 W, 35
2026/10/08 01:12:15.540, 2, 120 MHz, 3996 MHz, 182.26 W, 29
2026/10/08 01:12:15.540, 3, 120 MHz, 3996 MHz, 182.00 W, 28
2026/10/08 01:12:15.540, 4, 120 MHz, 3996 MHz, 184.51 W, 35
2026/10/08 01:12:15.540, 5, 120 MHz, 3996 MHz, 184.04 W, 34
2026/10/08 01:12:15.540, 6, 120 MHz, 3996 MHz, 184.52 W, 29
2026/10/08 01:12:15.540, 7, 120 MHz, 3996 MHz, 184.60 W, 27
2026/10/08 01:12:15.740, 0, 120 MHz, 3996 MHz, 184.47 W, 32
2026/10/08 01:12:15.740, 1, 120 MHz, 3996 MHz, 186.29 W, 35
2026/10/08 01:12:15.740, 2, 120 MHz, 3996 MHz, 182.27 W, 29
2026/10/08 01:12:15.740, 3, 120 MHz, 3996 MHz, 182.00 W, 28
2026/10/08 01:12:15.740, 4, 120 MHz, 3996 MHz, 184.52 W, 35
2026/10/08 01:12:15.740, 5, 120 MHz, 3996 MHz, 184.16 W, 34
2026/10/08 01:12:15.740, 6, 120 MHz, 3996 MHz, 184.48 W, 29
2026/10/08 01:12:15.740, 7, 120 MHz, 3996 MHz, 184.60 W, 27
2026/10/08 01:12:15.940, 0, 120 MHz, 3996 MHz, 184.47 W, 32
2026/10/08 01:12:15.940, 1, 120 MHz, 3996 MHz, 186.29 W, 35
2026/10/08 01:12:15.940, 2, 120 MHz, 3996 MHz, 182.27 W, 29
2026/10/08 01:12:15.940, 3, 120 MHz, 3996 MHz, 182.04 W, 28
2026/10/08 01:12:15.940, 4, 120 MHz, 3996 MHz, 184.52 W, 35
2026/10/08 01:12:15.940, 5, 120 MHz, 3996 MHz, 184.04 W, 34
2026/10/08 01:12:15.940, 6, 120 MHz, 3996 MHz, 184.49 W, 29
2026/10/08 01:12:15.940, 7, 120 MHz, 3996 MHz, 184.60 W, 27
2026/10/08 01:12:16.140, 0, 120 MHz, 3996 MHz, 184.47 W, 32
2026/10/08 01:12:16.140, 1, 120 MHz, 3996 MHz, 186.29 W, 35
2026/10/08 01:12:16.141, 2, 120 MHz, 3996 MHz, 182.34 W, 29
2026/10/08 01:12:16.141, 3, 120 MHz, 3996 MHz, 182.08 W, 28
2026/10/08 01:12:16.141, 4, 120 MHz, 3996 MHz, 184.51 W, 35
2026/10/08 01:12:16.141, 5, 120 MHz, 3996 MHz, 183.98 W, 34
2026/10/08 01:12:16.141, 6, 120 MHz, 3996 MHz, 184.44 W, 29
2026/10/08 01:12:16.141, 7, 120 MHz, 3996 MHz, 184.59 W, 27
2026/10/08 01:12:16.341, 0, 120 MHz, 3996 MHz, 184.47 W, 32
2026/10/08 01:12:16.341, 1, 120 MHz, 3996 MHz, 186.29 W, 35
2026/10/08 01:12:16.341, 2, 120 MHz, 3996 MHz, 182.31 W, 29
2026/10/08 01:12:16.341, 3, 120 MHz, 3996 MHz, 182.11 W, 28
2026/10/08 01:12:16.341, 4, 120 MHz, 3996 MHz, 184.51 W, 35
2026/10/08 01:12:16.341, 5, 120 MHz, 3996 MHz, 183.85 W, 34
2026/10/08 01:12:16.341, 6, 120 MHz, 3996 MHz, 184.53 W, 29
2026/10/08 01:12:16.341, 7, 120 MHz, 3996 MHz, 184.60 W, 27
2026/10/08 01:12:16.541, 0, 120 MHz, 3996 MHz, 184.47 W, 32
2026/10/08 01:12:16.541, 1, 120 MHz, 3996 MHz, 186.29 W, 35
2026/10/08 01:12:16.541, 2, 120 MHz, 3996 MHz, 182.26 W, 29
2026/10/08 01:12:16.541, 3, 120 MHz, 3996 MHz, 182.11 W, 28
2026/10/08 01:12:16.541, 4, 120 MHz, 3996 MHz, 184.51 W, 35
2026/10/08 01:12:16.541, 5, 120 MHz, 3996 MHz, 183.68 W, 34
2026/10/08 01:12:16.541, 6, 120 MHz, 3996 MHz, 184.60 W, 29
2026/10/08 01:12:16.541, 7, 120 MHz, 3996 MHz, 184.59 W, 27
2026/10/08 01:12:16.741, 0, 120 MHz, 3996 MHz, 184.47 W, 32
2026/10/08 01:12:16.741, 1, 120 MHz, 3996 MHz, 186.29 W, 35
2026/10/08 01:12:16.741, 2, 120 MHz, 3996 MHz, 182.22 W, 29
2026/10/08 01:12:16.741, 3, 120 MHz, 3996 MHz, 182.19 W, 28
2026/10/08 01:12:16.741, 4, 120 MHz, 3996 MHz, 184.51 W, 35
2026/10/08 01:12:16.741, 5, 120 MHz, 3996 MHz, 183.50 W, 34
2026/10/08 01:12:16.741, 6, 120 MHz, 3996 MHz, 184.60 W, 29
2026/10/08 01:12:16.742, 7, 120 MHz, 3996 MHz, 184.60 W, 27
2026/10/08 01:12:16.942, 0, 120 MHz, 3996 MHz, 184.47 W, 32
2026/10/08 01:12:16.942, 1, 120 MHz, 3996 MHz, 186.29 W, 35
2026/10/08 01:12:16.942, 2, 120 MHz, 3996 MHz, 182.25 W, 29
2026/10/08 01:12:16.942, 3, 120 MHz, 3996 MHz, 182.19 W, 28
2026/10/08 01:12:16.942, 4, 120 MHz, 3996 MHz, 184.50 W, 35
2026/10/08 01:12:16.942, 5, 120 MHz, 3996 MHz, 183.42 W, 34
2026/10/08 01:12:16.942, 6, 120 MHz, 3996 MHz, 184.56 W, 29
2026/10/08 01:12:16.942, 7, 120 MHz, 3996 MHz, 184.60 W, 27
2026/10/08 01:12:17.142, 0, 120 MHz, 3996 MHz, 184.47 W, 32
2026/10/08 01:12:17.142, 1, 120 MHz, 3996 MHz, 186.29 W, 35
2026/10/08 01:12:17.142, 2, 120 MHz, 3996 MHz, 182.25 W, 29
2026/10/08 01:12:17.142, 3, 120 MHz, 3996 MHz, 182.18 W, 28
2026/10/08 01:12:17.142, 4, 120 MHz, 3996 MHz, 184.49 W, 35
2026/10/08 01:12:17.142, 5, 120 MHz, 3996 MHz, 183.34 W, 34
2026/10/08 01:12:17.142, 6, 120 MHz, 3996 MHz, 184.57 W, 29
2026/10/08 01:12:17.142, 7, 120 MHz, 3996 MHz, 184.60 W, 27
2026/10/08 01:12:17.342, 0, 120 MHz, 3996 MHz, 184.47 W, 32
2026/10/08 01:12:17.342, 1, 120 MHz, 3996 MHz, 186.29 W, 35
2026/10/08 01:12:17.342, 2, 120 MHz, 3996 MHz, 182.25 W, 29
2026/10/08 01:12:17.342, 3, 120 MHz, 3996 MHz, 182.21 W, 28
2026/10/08 01:12:17.342, 4, 120 MHz, 3996 MHz, 184.49 W, 35
2026/10/08 01:12:17.342, 5, 120 MHz, 3996 MHz, 183.41 W, 34
2026/10/08 01:12:17.342, 6, 120 MHz, 3996 MHz, 184.57 W, 29
2026/10/08 01:12:17.342, 7, 120 MHz, 3996 MHz, 184.59 W, 27
2026/10/08 01:12:17.542, 0, 120 MHz, 3996 MHz, 184.47 W, 32
2026/10/08 01:12:17.542, 1, 120 MHz, 3996 MHz, 186.29 W, 35
2026/10/08 01:12:17.543, 2, 120 MHz, 3996 MHz, 182.25 W, 29
2026/10/08 01:12:17.543, 3, 120 MHz, 3996 MHz, 182.13 W, 28
2026/10/08 01:12:17.543, 4, 120 MHz, 3996 MHz, 184.49 W, 35
2026/10/08 01:12:17.543, 5, 120 MHz, 3996 MHz, 183.45 W, 34
2026/10/08 01:12:17.543, 6, 120 MHz, 3996 MHz, 184.56 W, 29
2026/10/08 01:12:17.543, 7, 120 MHz, 3996 MHz, 184.59 W, 28
2026/10/08 01:12:17.743, 0, 120 MHz, 3996 MHz, 184.47 W, 32
2026/10/08 01:12:17.743, 1, 120 MHz, 3996 MHz, 186.29 W, 35
2026/10/08 01:12:17.743, 2, 120 MHz, 3996 MHz, 182.29 W, 29
2026/10/08 01:12:17.743, 3, 120 MHz, 3996 MHz, 182.12 W, 28
2026/10/08 01:12:17.743, 4, 120 MHz, 3996 MHz, 184.48 W, 35
2026/10/08 01:12:17.743, 5, 120 MHz, 3996 MHz, 183.52 W, 34
2026/10/08 01:12:17.743, 6, 120 MHz, 3996 MHz, 184.60 W, 29
2026/10/08 01:12:17.743, 7, 120 MHz, 3996 MHz, 184.59 W, 28
2026/10/08 01:12:17.943, 0, 120 MHz, 3996 MHz, 184.47 W, 32
2026/10/08 01:12:17.943, 1, 120 MHz, 3996 MHz, 186.29 W, 35
2026/10/08 01:12:17.943, 2, 120 MHz, 3996 MHz, 182.25 W, 29
2026/10/08 01:12:17.943, 3, 120 MHz, 3996 MHz, 182.04 W, 28
2026/10/08 01:12:17.943, 4, 120 MHz, 3996 MHz, 184.48 W, 35
2026/10/08 01:12:17.943, 5, 120 MHz, 3996 MHz, 183.61 W, 34
2026/10/08 01:12:17.943, 6, 120 MHz, 3996 MHz, 184.64 W, 29
2026/10/08 01:12:17.943, 7, 120 MHz, 3996 MHz, 184.59 W, 28
2026/10/08 01:12:18.143, 0, 120 MHz, 3996 MHz, 184.47 W, 32
2026/10/08 01:12:18.143, 1, 120 MHz, 3996 MHz, 186.29 W, 35
2026/10/08 01:12:18.143, 2, 120 MHz, 3996 MHz, 182.21 W, 29
2026/10/08 01:12:18.143, 3, 120 MHz, 3996 MHz, 182.04 W, 28
2026/10/08 01:12:18.143, 4, 120 MHz, 3996 MHz, 184.48 W, 35
2026/10/08 01:12:18.143, 5, 120 MHz, 3996 MHz, 183.62 W, 34
2026/10/08 01:12:18.143, 6, 120 MHz, 3996 MHz, 184.64 W, 29
2026/10/08 01:12:18.143, 7, 120 MHz, 3996 MHz, 184.59 W, 28
2026/10/08 01:12:18.343, 0, 120 MHz, 3996 MHz, 184.47 W, 32
2026/10/08 01:12:18.344, 1, 120 MHz, 3996 MHz, 186.29 W, 35
2026/10/08 01:12:18.344, 2, 120 MHz, 3996 MHz, 182.25 W, 29
2026/10/08 01:12:18.344, 3, 120 MHz, 3996 MHz, 181.96 W, 28
2026/10/08 01:12:18.344, 4, 120 MHz, 3996 MHz, 184.49 W, 35
2026/10/08 01:12:18.344, 5, 120 MHz, 3996 MHz, 183.56 W, 34
2026/10/08 01:12:18.344, 6, 120 MHz, 3996 MHz, 184.72 W, 29
2026/10/08 01:12:18.344, 7, 120 MHz, 3996 MHz, 184.59 W, 28
2026/10/08 01:12:18.544, 0, 120 MHz, 3996 MHz, 184.47 W, 32
2026/10/08 01:12:18.544, 1, 120 MHz, 3996 MHz, 186.29 W, 35
2026/10/08 01:12:18.544, 2, 120 MHz, 3996 MHz, 182.24 W, 29
2026/10/08 01:12:18.544, 3, 120 MHz, 3996 MHz, 182.05 W, 28
2026/10/08 01:12:18.544, 4, 120 MHz, 3996 MHz, 184.49 W, 35
2026/10/08 01:12:18.544, 5, 120 MHz, 3996 MHz, 183.54 W, 34
2026/10/08 01:12:18.544, 6, 120 MHz, 3996 MHz, 184.72 W, 29
2026/10/08 01:12:18.544, 7, 120 MHz, 3996 MHz, 184.59 W, 28
2026/10/08 01:12:18.744, 0, 120 MHz, 3996 MHz, 184.47 W, 32
2026/10/08 01:12:18.744, 1, 120 MHz, 3996 MHz, 186.29 W, 35
2026/10/08 01:12:18.744, 2, 120 MHz, 3996 MHz, 182.29 W, 29
2026/10/08 01:12:18.744, 3, 120 MHz, 3996 MHz, 182.05 W, 28
2026/10/08 01:12:18.744, 4, 120 MHz, 3996 MHz, 184.49 W, 35
2026/10/08 01:12:18.744, 5, 120 MHz, 3996 MHz, 183.40 W, 34
2026/10/08 01:12:18.744, 6, 120 MHz, 3996 MHz, 184.76 W, 29
2026/10/08 01:12:18.744, 7, 120 MHz, 3996 MHz, 184.59 W, 28
2026/10/08 01:12:18.944, 0, 120 MHz, 3996 MHz, 184.47 W, 32
2026/10/08 01:12:18.944, 1, 120 MHz, 3996 MHz, 186.29 W, 35
2026/10/08 01:12:18.944, 2, 120 MHz, 3996 MHz, 182.29 W, 29
2026/10/08 01:12:18.944, 3, 120 MHz, 3996 MHz, 182.12 W, 28
2026/10/08 01:12:18.944, 4, 120 MHz, 3996 MHz, 184.49 W, 35
2026/10/08 01:12:18.944, 5, 120 MHz, 3996 MHz, 183.45 W, 34
2026/10/08 01:12:18.944, 6, 120 MHz, 3996 MHz, 184.79 W, 29
2026/10/08 01:12:18.944, 7, 120 MHz, 3996 MHz, 184.59 W, 28
2026/10/08 01:12:19.145, 0, 120 MHz, 3996 MHz, 184.47 W, 32
2026/10/08 01:12:19.145, 1, 120 MHz, 3996 MHz, 186.29 W, 35
2026/10/08 01:12:19.145, 2, 120 MHz, 3996 MHz, 182.29 W, 29
2026/10/08 01:12:19.145, 3, 120 MHz, 3996 MHz, 182.13 W, 29
2026/10/08 01:12:19.145, 4, 120 MHz, 3996 MHz, 184.49 W, 35
2026/10/08 01:12:19.145, 5, 120 MHz, 3996 MHz, 183.41 W, 34
2026/10/08 01:12:19.145, 6, 120 MHz, 3996 MHz, 184.79 W, 29
2026/10/08 01:12:19.145, 7, 120 MHz, 3996 MHz, 184.59 W, 28
2026/10/08 01:12:19.345, 0, 120 MHz, 3996 MHz, 184.47 W, 32
2026/10/08 01:12:19.345, 1, 120 MHz, 3996 MHz, 186.29 W, 35
2026/10/08 01:12:19.345, 2, 120 MHz, 3996 MHz, 182.29 W, 29
2026/10/08 01:12:19.345, 3, 120 MHz, 3996 MHz, 182.21 W, 29
2026/10/08 01:12:19.345, 4, 120 MHz, 3996 MHz, 184.49 W, 35
2026/10/08 01:12:19.345, 5, 120 MHz, 3996 MHz, 183.29 W, 34
2026/10/08 01:12:19.345, 6, 120 MHz, 3996 MHz, 184.76 W, 29
2026/10/08 01:12:19.345, 7, 120 MHz, 3996 MHz, 184.59 W, 28
2026/10/08 01:12:19.545, 0, 120 MHz, 3996 MHz, 184.47 W, 32
2026/10/08 01:12:19.545, 1, 120 MHz, 3996 MHz, 186.29 W, 35
2026/10/08 01:12:19.545, 2, 120 MHz, 3996 MHz, 182.29 W, 29
2026/10/08 01:12:19.545, 3, 120 MHz, 3996 MHz, 182.21 W, 29
2026/10/08 01:12:19.545, 4, 120 MHz, 3996 MHz, 184.48 W, 35
2026/10/08 01:12:19.545, 5, 120 MHz, 3996 MHz, 183.36 W, 34
2026/10/08 01:12:19.545, 6, 120 MHz, 3996 MHz, 184.68 W, 29
2026/10/08 01:12:19.545, 7, 120 MHz, 3996 MHz, 184.59 W, 28
2026/10/08 01:12:19.746, 0, 120 MHz, 3996 MHz, 184.47 W, 32
2026/10/08 01:12:19.746, 1, 120 MHz, 3996 MHz, 186.29 W, 35
2026/10/08 01:12:19.746, 2, 120 MHz, 3996 MHz, 182.32 W, 29
2026/10/08 01:12:19.746, 3, 120 MHz, 3996 MHz, 182.21 W, 29
2026/10/08 01:12:19.746, 4, 120 MHz, 3996 MHz, 184.48 W, 35
2026/10/08 01:12:19.746, 5, 120 MHz, 3996 MHz, 183.53 W, 34
2026/10/08 01:12:19.746, 6, 120 MHz, 3996 MHz, 184.68 W, 29
2026/10/08 01:12:19.746, 7, 120 MHz, 3996 MHz, 184.59 W, 28
2026/10/08 01:12:19.946, 0, 120 MHz, 3996 MHz, 184.47 W, 32
2026/10/08 01:12:19.946, 1, 120 MHz, 3996 MHz, 186.29 W, 35
2026/10/08 01:12:19.946, 2, 120 MHz, 3996 MHz, 182.37 W, 29
2026/10/08 01:12:19.946, 3, 120 MHz, 3996 MHz, 182.20 W, 29
2026/10/08 01:12:19.946, 4, 120 MHz, 3996 MHz, 184.48 W, 35
2026/10/08 01:12:19.946, 5, 120 MHz, 3996 MHz, 183.47 W, 34
2026/10/08 01:12:19.946, 6, 120 MHz, 3996 MHz, 184.60 W, 29
2026/10/08 01:12:19.946, 7, 120 MHz, 3996 MHz, 184.59 W, 28
2026/10/08 01:12:20.146, 0, 120 MHz, 3996 MHz, 184.47 W, 32
2026/10/08 01:12:20.146, 1, 120 MHz, 3996 MHz, 186.29 W, 35
2026/10/08 01:12:20.146, 2, 120 MHz, 3996 MHz, 182.32 W, 29
2026/10/08 01:12:20.146, 3, 120 MHz, 3996 MHz, 182.20 W, 29
2026/10/08 01:12:20.146, 4, 120 MHz, 3996 MHz, 184.47 W, 35
2026/10/08 01:12:20.146, 5, 120 MHz, 3996 MHz, 183.31 W, 34
2026/10/08 01:12:20.146, 6, 120 MHz, 3996 MHz, 184.64 W, 29
2026/10/08 01:12:20.146, 7, 120 MHz, 3996 MHz, 184.59 W, 28
2026/10/08 01:12:20.346, 0, 120 MHz, 3996 MHz, 184.47 W, 32
2026/10/08 01:12:20.347, 1, 120 MHz, 3996 MHz, 186.29 W, 35
2026/10/08 01:12:20.347, 2, 120 MHz, 3996 MHz, 182.36 W, 29
2026/10/08 01:12:20.347, 3, 120 MHz, 3996 MHz, 182.20 W, 29
2026/10/08 01:12:20.347, 4, 120 MHz, 3996 MHz, 184.47 W, 35
2026/10/08 01:12:20.347, 5, 120 MHz, 3996 MHz, 183.39 W, 34
2026/10/08 01:12:20.347, 6, 120 MHz, 3996 MHz, 184.68 W, 29
2026/10/08 01:12:20.347, 7, 120 MHz, 3996 MHz, 184.59 W, 28
2026/10/08 01:12:20.547, 0, 120 MHz, 3996 MHz, 184.47 W, 32
2026/10/08 01:12:20.547, 1, 120 MHz, 3996 MHz, 186.29 W, 35
2026/10/08 01:12:20.547, 2, 120 MHz, 3996 MHz, 182.36 W, 29
2026/10/08 01:12:20.547, 3, 120 MHz, 3996 MHz, 182.15 W, 29
2026/10/08 01:12:20.547, 4, 120 MHz, 3996 MHz, 184.47 W, 35
2026/10/08 01:12:20.547, 5, 120 MHz, 3996 MHz, 183.17 W, 34
2026/10/08 01:12:20.547, 6, 120 MHz, 3996 MHz, 184.72 W, 29
2026/10/08 01:12:20.547, 7, 120 MHz, 3996 MHz, 184.59 W, 28
2026/10/08 01:12:20.747, 0, 120 MHz, 3996 MHz, 184.47 W, 32
2026/10/08 01:12:20.747, 1, 120 MHz, 3996 MHz, 186.29 W, 35
2026/10/08 01:12:20.747, 2, 120 MHz, 3996 MHz, 182.33 W, 29
2026/10/08 01:12:20.747, 3, 120 MHz, 3996 MHz, 182.14 W, 29
2026/10/08 01:12:20.747, 4, 120 MHz, 3996 MHz, 184.48 W, 35
2026/10/08 01:12:20.747, 5, 120 MHz, 3996 MHz, 183.22 W, 34
2026/10/08 01:12:20.747, 6, 120 MHz, 3996 MHz, 184.72 W, 29
2026/10/08 01:12:20.747, 7, 120 MHz, 3996 MHz, 184.59 W, 28
2026/10/08 01:12:20.947, 0, 120 MHz, 3996 MHz, 184.47 W, 32
2026/10/08 01:12:20.947, 1, 120 MHz, 3996 MHz, 186.29 W, 35
2026/10/08 01:12:20.947, 2, 120 MHz, 3996 MHz, 182.32 W, 29
2026/10/08 01:12:20.947, 3, 120 MHz, 3996 MHz, 182.15 W, 29
2026/10/08 01:12:20.947, 4, 120 MHz, 3996 MHz, 184.48 W, 35
2026/10/08 01:12:20.947, 5, 120 MHz, 3996 MHz, 183.17 W, 34
2026/10/08 01:12:20.947, 6, 120 MHz, 3996 MHz, 184.79 W, 29
2026/10/08 01:12:20.947, 7, 120 MHz, 3996 MHz, 184.59 W, 28
2026/10/08 01:12:21.148, 0, 120 MHz, 3996 MHz, 184.47 W, 32
2026/10/08 01:12:21.148, 1, 120 MHz, 3996 MHz, 186.29 W, 35
2026/10/08 01:12:21.148, 2, 120 MHz, 3996 MHz, 182.33 W, 29
2026/10/08 01:12:21.148, 3, 120 MHz, 3996 MHz, 182.15 W, 29
2026/10/08 01:12:21.148, 4, 120 MHz, 3996 MHz, 184.48 W, 35
2026/10/08 01:12:21.148, 5, 120 MHz, 3996 MHz, 183.29 W, 34
2026/10/08 01:12:21.148, 6, 120 MHz, 3996 MHz, 184.72 W, 29
2026/10/08 01:12:21.148, 7, 120 MHz, 3996 MHz, 184.59 W, 28
2026/10/08 01:12:21.348, 0, 120 MHz, 3996 MHz, 184.47 W, 32
2026/10/08 01:12:21.348, 1, 120 MHz, 3996 MHz, 186.29 W, 35
2026/10/08 01:12:21.348, 2, 120 MHz, 3996 MHz, 182.29 W, 29
2026/10/08 01:12:21.348, 3, 120 MHz, 3996 MHz, 182.16 W, 29
2026/10/08 01:12:21.348, 4, 120 MHz, 3996 MHz, 184.48 W, 35
2026/10/08 01:12:21.348, 5, 120 MHz, 3996 MHz, 183.33 W, 34
2026/10/08 01:12:21.348, 6, 120 MHz, 3996 MHz, 184.71 W, 29
2026/10/08 01:12:21.348, 7, 120 MHz, 3996 MHz, 184.59 W, 28
2026/10/08 01:12:21.548, 0, 120 MHz, 3996 MHz, 184.47 W, 32
2026/10/08 01:12:21.548, 1, 120 MHz, 3996 MHz, 186.29 W, 35
2026/10/08 01:12:21.548, 2, 120 MHz, 3996 MHz, 182.37 W, 29
2026/10/08 01:12:21.548, 3, 120 MHz, 3996 MHz, 182.20 W, 29
2026/10/08 01:12:21.548, 4, 120 MHz, 3996 MHz, 184.48 W, 35
2026/10/08 01:12:21.548, 5, 120 MHz, 3996 MHz, 183.37 W, 34
2026/10/08 01:12:21.548, 6, 120 MHz, 3996 MHz, 184.72 W, 29
2026/10/08 01:12:21.548, 7, 120 MHz, 3996 MHz, 184.59 W, 28
2026/10/08 01:12:21.749, 0, 120 MHz, 3996 MHz, 184.47 W, 32
2026/10/08 01:12:21.749, 1, 120 MHz, 3996 MHz, 186.29 W, 35
2026/10/08 01:12:21.749, 2, 120 MHz, 3996 MHz, 182.41 W, 29
2026/10/08 01:12:21.749, 3, 120 MHz, 3996 MHz, 182.21 W, 29
2026/10/08 01:12:21.749, 4, 120 MHz, 3996 MHz, 184.48 W, 35
2026/10/08 01:12:21.749, 5, 120 MHz, 3996 MHz, 183.21 W, 34
2026/10/08 01:12:21.749, 6, 120 MHz, 3996 MHz, 184.68 W, 29
2026/10/08 01:12:21.749, 7, 120 MHz, 3996 MHz, 184.59 W, 28
2026/10/08 01:12:21.949, 0, 120 MHz, 3996 MHz, 184.47 W, 32
2026/10/08 01:12:21.949, 1, 120 MHz, 3996 MHz, 186.29 W, 35
2026/10/08 01:12:21.949, 2, 120 MHz, 3996 MHz, 182.33 W, 29
2026/10/08 01:12:21.949, 3, 120 MHz, 3996 MHz, 182.22 W, 29
2026/10/08 01:12:21.949, 4, 120 MHz, 3996 MHz, 184.48 W, 35
2026/10/08 01:12:21.949, 5, 120 MHz, 3996 MHz, 183.26 W, 34
2026/10/08 01:12:21.949, 6, 120 MHz, 3996 MHz, 184.64 W, 29
2026/10/08 01:12:21.949, 7, 120 MHz, 3996 MHz, 184.59 W, 28
2026/10/08 01:12:22.149, 0, 120 MHz, 3996 MHz, 184.47 W, 32
2026/10/08 01:12:22.149, 1, 120 MHz, 3996 MHz, 186.29 W, 35
2026/10/08 01:12:22.149, 2, 120 MHz, 3996 MHz, 182.33 W, 29
2026/10/08 01:12:22.149, 3, 120 MHz, 3996 MHz, 182.21 W, 29
2026/10/08 01:12:22.149, 4, 120 MHz, 3996 MHz, 184.47 W, 35
2026/10/08 01:12:22.149, 5, 120 MHz, 3996 MHz, 183.18 W, 34
2026/10/08 01:12:22.149, 6, 120 MHz, 3996 MHz, 184.68 W, 29
2026/10/08 01:12:22.149, 7, 120 MHz, 3996 MHz, 184.59 W, 28
2026/10/08 01:12:22.350, 0, 120 MHz, 3996 MHz, 184.47 W, 32
2026/10/08 01:12:22.350, 1, 120 MHz, 3996 MHz, 186.29 W, 35
2026/10/08 01:12:22.350, 2, 120 MHz, 3996 MHz, 182.37 W, 29
2026/10/08 01:12:22.350, 3, 120 MHz, 3996 MHz, 182.20 W, 29
2026/10/08 01:12:22.350, 4, 120 MHz, 3996 MHz, 184.47 W, 35
2026/10/08 01:12:22.350, 5, 120 MHz, 3996 MHz, 183.11 W, 34
2026/10/08 01:12:22.350, 6, 120 MHz, 3996 MHz, 184.68 W, 29
2026/10/08 01:12:22.350, 7, 120 MHz, 3996 MHz, 184.59 W, 28
2026/10/08 01:12:22.550, 0, 120 MHz, 3996 MHz, 184.47 W, 32
2026/10/08 01:12:22.550, 1, 120 MHz, 3996 MHz, 186.29 W, 35
2026/10/08 01:12:22.550, 2, 120 MHz, 3996 MHz, 182.30 W, 29
2026/10/08 01:12:22.550, 3, 120 MHz, 3996 MHz, 182.21 W, 29
2026/10/08 01:12:22.550, 4, 120 MHz, 3996 MHz, 184.48 W, 35
2026/10/08 01:12:22.550, 5, 120 MHz, 3996 MHz, 183.18 W, 34
2026/10/08 01:12:22.550, 6, 120 MHz, 3996 MHz, 184.71 W, 29
2026/10/08 01:12:22.550, 7, 120 MHz, 3996 MHz, 184.59 W, 28
2026/10/08 01:12:22.750, 0, 120 MHz, 3996 MHz, 184.47 W, 32
2026/10/08 01:12:22.750, 1, 120 MHz, 3996 MHz, 186.29 W, 35
2026/10/08 01:12:22.750, 2, 120 MHz, 3996 MHz, 182.26 W, 29
2026/10/08 01:12:22.750, 3, 120 MHz, 3996 MHz, 182.17 W, 29
2026/10/08 01:12:22.750, 4, 120 MHz, 3996 MHz, 184.47 W, 35
2026/10/08 01:12:22.750, 5, 120 MHz, 3996 MHz, 183.33 W, 34
2026/10/08 01:12:22.750, 6, 120 MHz, 3996 MHz, 184.72 W, 29
2026/10/08 01:12:22.750, 7, 120 MHz, 3996 MHz, 184.59 W, 28
2026/10/08 01:12:22.950, 0, 120 MHz, 3996 MHz, 184.47 W, 32
2026/10/08 01:12:22.951, 1, 120 MHz, 3996 MHz, 186.29 W, 35
2026/10/08 01:12:22.951, 2, 120 MHz, 3996 MHz, 182.33 W, 29
2026/10/08 01:12:22.951, 3, 120 MHz, 3996 MHz, 182.16 W, 29
2026/10/08 01:12:22.951, 4, 120 MHz, 3996 MHz, 184.47 W, 35
2026/10/08 01:12:22.951, 5, 120 MHz, 3996 MHz, 183.32 W, 34
2026/10/08 01:12:22.951, 6, 120 MHz, 3996 MHz, 184.76 W, 29
2026/10/08 01:12:22.951, 7, 120 MHz, 3996 MHz, 184.59 W, 28
2026/10/08 01:12:23.151, 0, 120 MHz, 3996 MHz, 184.47 W, 32
2026/10/08 01:12:23.151, 1, 120 MHz, 3996 MHz, 186.29 W, 35
2026/10/08 01:12:23.151, 2, 120 MHz, 3996 MHz, 182.33 W, 29
2026/10/08 01:12:23.151, 3, 120 MHz, 3996 MHz, 182.13 W, 29
2026/10/08 01:12:23.151, 4, 120 MHz, 3996 MHz, 184.48 W, 35
2026/10/08 01:12:23.151, 5, 120 MHz, 3996 MHz, 183.28 W, 34
2026/10/08 01:12:23.151, 6, 120 MHz, 3996 MHz, 184.75 W, 29
2026/10/08 01:12:23.151, 7, 120 MHz, 3996 MHz, 184.59 W, 28
2026/10/08 01:12:23.351, 0, 120 MHz, 3996 MHz, 184.47 W, 32
2026/10/08 01:12:23.351, 1, 120 MHz, 3996 MHz, 186.29 W, 35
2026/10/08 01:12:23.351, 2, 120 MHz, 3996 MHz, 182.37 W, 29
2026/10/08 01:12:23.351, 3, 120 MHz, 3996 MHz, 182.13 W, 29
2026/10/08 01:12:23.351, 4, 120 MHz, 3996 MHz, 184.48 W, 35
2026/10/08 01:12:23.351, 5, 120 MHz, 3996 MHz, 183.24 W, 34
2026/10/08 01:12:23.351, 6, 120 MHz, 3996 MHz, 184.71 W, 29
2026/10/08 01:12:23.351, 7, 120 MHz, 3996 MHz, 184.59 W, 28
2026/10/08 01:12:23.551, 0, 120 MHz, 3996 MHz, 184.47 W, 32
2026/10/08 01:12:23.551, 1, 120 MHz, 3996 MHz, 186.29 W, 35
2026/10/08 01:12:23.551, 2, 120 MHz, 3996 MHz, 182.40 W, 29
2026/10/08 01:12:23.551, 3, 120 MHz, 3996 MHz, 182.09 W, 29
2026/10/08 01:12:23.551, 4, 120 MHz, 3996 MHz, 184.48 W, 35
2026/10/08 01:12:23.551, 5, 120 MHz, 3996 MHz, 183.29 W, 34
2026/10/08 01:12:23.551, 6, 120 MHz, 3996 MHz, 184.71 W, 29
2026/10/08 01:12:23.551, 7, 120 MHz, 3996 MHz, 184.59 W, 28
2026/10/08 01:12:23.752, 0, 120 MHz, 3996 MHz, 184.47 W, 32
2026/10/08 01:12:23.752, 1, 120 MHz, 3996 MHz, 186.29 W, 35
2026/10/08 01:12:23.752, 2, 120 MHz, 3996 MHz, 182.40 W, 29
2026/10/08 01:12:23.752, 3, 120 MHz, 3996 MHz, 182.12 W, 29
2026/10/08 01:12:23.752, 4, 120 MHz, 3996 MHz, 184.48 W, 35
2026/10/08 01:12:23.752, 5, 120 MHz, 3996 MHz, 183.22 W, 34
2026/10/08 01:12:23.752, 6, 120 MHz, 3996 MHz, 184.76 W, 29
2026/10/08 01:12:23.752, 7, 120 MHz, 3996 MHz, 184.59 W, 28
2026/10/08 01:12:23.952, 0, 120 MHz, 3996 MHz, 184.47 W, 32
2026/10/08 01:12:23.952, 1, 120 MHz, 3996 MHz, 186.29 W, 35
2026/10/08 01:12:23.952, 2, 120 MHz, 3996 MHz, 182.44 W, 29
2026/10/08 01:12:23.952, 3, 120 MHz, 3996 MHz, 182.12 W, 29
2026/10/08 01:12:23.952, 4, 120 MHz, 3996 MHz, 184.49 W, 35
2026/10/08 01:12:23.952, 5, 120 MHz, 3996 MHz, 183.26 W, 34
2026/10/08 01:12:23.952, 6, 120 MHz, 3996 MHz, 184.76 W, 29
2026/10/08 01:12:23.952, 7, 120 MHz, 3996 MHz, 184.59 W, 28
2026/10/08 01:12:24.152, 0, 120 MHz, 3996 MHz, 184.47 W, 32
2026/10/08 01:12:24.152, 1, 120 MHz, 3996 MHz, 186.29 W, 35
2026/10/08 01:12:24.152, 2, 120 MHz, 3996 MHz, 182.48 W, 29
2026/10/08 01:12:24.152, 3, 120 MHz, 3996 MHz, 182.15 W, 29
2026/10/08 01:12:24.152, 4, 120 MHz, 3996 MHz, 184.48 W, 35
2026/10/08 01:12:24.152, 5, 120 MHz, 3996 MHz, 183.47 W, 34
2026/10/08 01:12:24.152, 6, 120 MHz, 3996 MHz, 184.72 W, 29
2026/10/08 01:12:24.152, 7, 120 MHz, 3996 MHz, 184.59 W, 28
2026/10/08 01:12:24.352, 0, 120 MHz, 3996 MHz, 184.47 W, 32
2026/10/08 01:12:24.353, 1, 120 MHz, 3996 MHz, 186.29 W, 35
2026/10/08 01:12:24.353, 2, 120 MHz, 3996 MHz, 182.41 W, 29
2026/10/08 01:12:24.353, 3, 120 MHz, 3996 MHz, 182.15 W, 29
2026/10/08 01:12:24.353, 4, 120 MHz, 3996 MHz, 184.48 W, 35
2026/10/08 01:12:24.353, 5, 120 MHz, 3996 MHz, 183.61 W, 34
2026/10/08 01:12:24.353, 6, 120 MHz, 3996 MHz, 184.75 W, 29
2026/10/08 01:12:24.353, 7, 120 MHz, 3996 MHz, 184.59 W, 28
2026/10/08 01:12:24.553, 0, 120 MHz, 3996 MHz, 184.47 W, 32
2026/10/08 01:12:24.553, 1, 120 MHz, 3996 MHz, 186.29 W, 35
2026/10/08 01:12:24.553, 2, 120 MHz, 3996 MHz, 182.52 W, 29
2026/10/08 01:12:24.553, 3, 120 MHz, 3996 MHz, 182.18 W, 29
2026/10/08 01:12:24.553, 4, 120 MHz, 3996 MHz, 184.48 W, 35
2026/10/08 01:12:24.553, 5, 120 MHz, 3996 MHz, 183.53 W, 34
2026/10/08 01:12:24.553, 6, 120 MHz, 3996 MHz, 184.75 W, 29
2026/10/08 01:12:24.553, 7, 120 MHz, 3996 MHz, 184.59 W, 28
2026/10/08 01:12:24.753, 0, 120 MHz, 3996 MHz, 184.47 W, 32
2026/10/08 01:12:24.753, 1, 120 MHz, 3996 MHz, 186.29 W, 35
2026/10/08 01:12:24.753, 2, 120 MHz, 3996 MHz, 182.64 W, 29
2026/10/08 01:12:24.753, 3, 120 MHz, 3996 MHz, 182.14 W, 29
2026/10/08 01:12:24.753, 4, 120 MHz, 3996 MHz, 184.48 W, 35
2026/10/08 01:12:24.753, 5, 120 MHz, 3996 MHz, 183.43 W, 34
2026/10/08 01:12:24.753, 6, 120 MHz, 3996 MHz, 184.75 W, 29
2026/10/08 01:12:24.753, 7, 120 MHz, 3996 MHz, 184.59 W, 28
2026/10/08 01:12:24.953, 0, 120 MHz, 3996 MHz, 184.47 W, 32
2026/10/08 01:12:24.953, 1, 120 MHz, 3996 MHz, 186.29 W, 35
2026/10/08 01:12:24.953, 2, 120 MHz, 3996 MHz, 182.60 W, 29
2026/10/08 01:12:24.953, 3, 120 MHz, 3996 MHz, 182.14 W, 29
2026/10/08 01:12:24.953, 4, 120 MHz, 3996 MHz, 184.49 W, 35
2026/10/08 01:12:24.953, 5, 120 MHz, 3996 MHz, 183.45 W, 34
2026/10/08 01:12:24.953, 6, 120 MHz, 3996 MHz, 184.76 W, 29
2026/10/08 01:12:24.953, 7, 120 MHz, 3996 MHz, 184.59 W, 28
2026/10/08 01:12:25.154, 0, 120 MHz, 3996 MHz, 184.47 W, 32
2026/10/08 01:12:25.154, 1, 120 MHz, 3996 MHz, 186.29 W, 35
2026/10/08 01:12:25.154, 2, 120 MHz, 3996 MHz, 182.60 W, 29
2026/10/08 01:12:25.154, 3, 120 MHz, 3996 MHz, 182.14 W, 29
2026/10/08 01:12:25.154, 4, 120 MHz, 3996 MHz, 184.49 W, 35
2026/10/08 01:12:25.154, 5, 120 MHz, 3996 MHz, 183.40 W, 34
2026/10/08 01:12:25.154, 6, 120 MHz, 3996 MHz, 184.79 W, 29
2026/10/08 01:12:25.154, 7, 120 MHz, 3996 MHz, 184.59 W, 28
2026/10/08 01:12:25.354, 0, 120 MHz, 3996 MHz, 184.47 W, 32
2026/10/08 01:12:25.354, 1, 120 MHz, 3996 MHz, 186.29 W, 35
2026/10/08 01:12:25.354, 2, 120 MHz, 3996 MHz, 182.72 W, 29
2026/10/08 01:12:25.354, 3, 120 MHz, 3996 MHz, 182.14 W, 29
2026/10/08 01:12:25.354, 4, 120 MHz, 3996 MHz, 184.46 W, 35
2026/10/08 01:12:25.354, 5, 120 MHz, 3996 MHz, 183.35 W, 34
2026/10/08 01:12:25.354, 6, 120 MHz, 3996 MHz, 184.79 W, 29
2026/10/08 01:12:25.354, 7, 120 MHz, 3996 MHz, 184.59 W, 28
2026/10/08 01:12:25.554, 0, 120 MHz, 3996 MHz, 184.47 W, 32
2026/10/08 01:12:25.554, 1, 120 MHz, 3996 MHz, 186.29 W, 35
2026/10/08 01:12:25.554, 2, 120 MHz, 3996 MHz, 182.60 W, 29
2026/10/08 01:12:25.554, 3, 120 MHz, 3996 MHz, 182.14 W, 29
2026/10/08 01:12:25.554, 4, 120 MHz, 3996 MHz, 184.45 W, 35
2026/10/08 01:12:25.554, 5, 120 MHz, 3996 MHz, 183.46 W, 34
2026/10/08 01:12:25.554, 6, 120 MHz, 3996 MHz, 184.76 W, 29
2026/10/08 01:12:25.554, 7, 120 MHz, 3996 MHz, 184.59 W, 28
2026/10/08 01:12:25.754, 0, 120 MHz, 3996 MHz, 184.47 W, 32
2026/10/08 01:12:25.754, 1, 120 MHz, 3996 MHz, 186.29 W, 35
2026/10/08 01:12:25.754, 2, 120 MHz, 3996 MHz, 182.55 W, 29
2026/10/08 01:12:25.754, 3, 120 MHz, 3996 MHz, 182.18 W, 29
2026/10/08 01:12:25.754, 4, 120 MHz, 3996 MHz, 184.45 W, 35
2026/10/08 01:12:25.754, 5, 120 MHz, 3996 MHz, 183.67 W, 34
2026/10/08 01:12:25.754, 6, 120 MHz, 3996 MHz, 184.76 W, 29
2026/10/08 01:12:25.754, 7, 120 MHz, 3996 MHz, 184.59 W, 28
2026/10/08 01:12:25.955, 0, 120 MHz, 3996 MHz, 184.47 W, 32
2026/10/08 01:12:25.955, 1, 120 MHz, 3996 MHz, 186.29 W, 35
2026/10/08 01:12:25.955, 2, 120 MHz, 3996 MHz, 182.48 W, 29
2026/10/08 01:12:25.955, 3, 120 MHz, 3996 MHz, 182.17 W, 29
2026/10/08 01:12:25.955, 4, 120 MHz, 3996 MHz, 184.46 W, 35
2026/10/08 01:12:25.955, 5, 120 MHz, 3996 MHz, 183.70 W, 34
2026/10/08 01:12:25.955, 6, 120 MHz, 3996 MHz, 184.71 W, 29
2026/10/08 01:12:25.955, 7, 120 MHz, 3996 MHz, 184.59 W, 28
2026/10/08 01:12:26.155, 0, 120 MHz, 3996 MHz, 184.47 W, 32
2026/10/08 01:12:26.155, 1, 120 MHz, 3996 MHz, 186.29 W, 35
2026/10/08 01:12:26.155, 2, 120 MHz, 3996 MHz, 182.48 W, 29
2026/10/08 01:12:26.155, 3, 120 MHz, 3996 MHz, 182.18 W, 29
2026/10/08 01:12:26.155, 4, 120 MHz, 3996 MHz, 184.46 W, 35
2026/10/08 01:12:26.155, 5, 120 MHz, 3996 MHz, 183.69 W, 34
2026/10/08 01:12:26.155, 6, 120 MHz, 3996 MHz, 184.72 W, 29
2026/10/08 01:12:26.155, 7, 120 MHz, 3996 MHz, 184.59 W, 28
2026/10/08 01:12:26.355, 0, 120 MHz, 3996 MHz, 184.47 W, 32
2026/10/08 01:12:26.355, 1, 120 MHz, 3996 MHz, 186.29 W, 35
2026/10/08 01:12:26.355, 2, 120 MHz, 3996 MHz, 182.44 W, 29
2026/10/08 01:12:26.355, 3, 120 MHz, 3996 MHz, 182.18 W, 29
2026/10/08 01:12:26.355, 4, 120 MHz, 3996 MHz, 184.49 W, 35
2026/10/08 01:12:26.355, 5, 120 MHz, 3996 MHz, 183.86 W, 34
2026/10/08 01:12:26.355, 6, 120 MHz, 3996 MHz, 184.75 W, 29
2026/10/08 01:12:26.355, 7, 120 MHz, 3996 MHz, 184.59 W, 28
2026/10/08 01:12:26.555, 0, 120 MHz, 3996 MHz, 184.47 W, 32
2026/10/08 01:12:26.555, 1, 120 MHz, 3996 MHz, 186.29 W, 35
2026/10/08 01:12:26.555, 2, 120 MHz, 3996 MHz, 182.48 W, 29
2026/10/08 01:12:26.555, 3, 120 MHz, 3996 MHz, 182.18 W, 29
2026/10/08 01:12:26.555, 4, 120 MHz, 3996 MHz, 184.49 W, 35
2026/10/08 01:12:26.555, 5, 120 MHz, 3996 MHz, 183.82 W, 34
2026/10/08 01:12:26.555, 6, 120 MHz, 3996 MHz, 184.79 W, 29
2026/10/08 01:12:26.555, 7, 120 MHz, 3996 MHz, 184.59 W, 28
2026/10/08 01:12:26.756, 0, 120 MHz, 3996 MHz, 184.47 W, 32
2026/10/08 01:12:26.756, 1, 120 MHz, 3996 MHz, 186.29 W, 35
2026/10/08 01:12:26.756, 2, 120 MHz, 3996 MHz, 182.52 W, 29
2026/10/08 01:12:26.756, 3, 120 MHz, 3996 MHz, 182.19 W, 29
2026/10/08 01:12:26.756, 4, 120 MHz, 3996 MHz, 184.51 W, 35
2026/10/08 01:12:26.756, 5, 120 MHz, 3996 MHz, 183.69 W, 34
2026/10/08 01:12:26.756, 6, 120 MHz, 3996 MHz, 184.79 W, 29
2026/10/08 01:12:26.756, 7, 120 MHz, 3996 MHz, 184.59 W, 28
2026/10/08 01:12:26.956, 0, 120 MHz, 3996 MHz, 184.47 W, 32
2026/10/08 01:12:26.956, 1, 120 MHz, 3996 MHz, 186.29 W, 35
2026/10/08 01:12:26.956, 2, 120 MHz, 3996 MHz, 182.64 W, 29
2026/10/08 01:12:26.956, 3, 120 MHz, 3996 MHz, 182.20 W, 29
2026/10/08 01:12:26.956, 4, 120 MHz, 3996 MHz, 184.49 W, 35
2026/10/08 01:12:26.956, 5, 120 MHz, 3996 MHz, 183.73 W, 34
2026/10/08 01:12:26.956, 6, 120 MHz, 3996 MHz, 184.83 W, 29
2026/10/08 01:12:26.956, 7, 120 MHz, 3996 MHz, 184.59 W, 28
2026/10/08 01:12:27.156, 0, 120 MHz, 3996 MHz, 184.47 W, 32
2026/10/08 01:12:27.156, 1, 120 MHz, 3996 MHz, 186.29 W, 35
2026/10/08 01:12:27.156, 2, 120 MHz, 3996 MHz, 182.67 W, 29
2026/10/08 01:12:27.156, 3, 120 MHz, 3996 MHz, 182.21 W, 29
2026/10/08 01:12:27.156, 4, 120 MHz, 3996 MHz, 184.49 W, 35
2026/10/08 01:12:27.156, 5, 120 MHz, 3996 MHz, 183.73 W, 34
2026/10/08 01:12:27.156, 6, 120 MHz, 3996 MHz, 184.83 W, 29
2026/10/08 01:12:27.156, 7, 120 MHz, 3996 MHz, 184.59 W, 28
2026/10/08 01:12:27.356, 0, 120 MHz, 3996 MHz, 184.47 W, 32
2026/10/08 01:12:27.357, 1, 120 MHz, 3996 MHz, 186.29 W, 35
2026/10/08 01:12:27.357, 2, 120 MHz, 3996 MHz, 182.76 W, 29
2026/10/08 01:12:27.357, 3, 120 MHz, 3996 MHz, 182.20 W, 29
2026/10/08 01:12:27.357, 4, 120 MHz, 3996 MHz, 184.49 W, 35
2026/10/08 01:12:27.357, 5, 120 MHz, 3996 MHz, 183.57 W, 34
2026/10/08 01:12:27.357, 6, 120 MHz, 3996 MHz, 184.83 W, 29
2026/10/08 01:12:27.357, 7, 120 MHz, 3996 MHz, 184.59 W, 28
2026/10/08 01:12:27.557, 0, 120 MHz, 3996 MHz, 184.47 W, 32
2026/10/08 01:12:27.557, 1, 120 MHz, 3996 MHz, 186.29 W, 35
2026/10/08 01:12:27.557, 2, 120 MHz, 3996 MHz, 182.72 W, 29
2026/10/08 01:12:27.557, 3, 120 MHz, 3996 MHz, 182.16 W, 29
2026/10/08 01:12:27.557, 4, 120 MHz, 3996 MHz, 184.49 W, 35
2026/10/08 01:12:27.557, 5, 120 MHz, 3996 MHz, 183.42 W, 34
2026/10/08 01:12:27.557, 6, 120 MHz, 3996 MHz, 184.83 W, 29
2026/10/08 01:12:27.557, 7, 120 MHz, 3996 MHz, 184.59 W, 28
2026/10/08 01:12:27.757, 0, 120 MHz, 3996 MHz, 184.47 W, 32
2026/10/08 01:12:27.757, 1, 120 MHz, 3996 MHz, 186.29 W, 35
2026/10/08 01:12:27.757, 2, 120 MHz, 3996 MHz, 182.67 W, 29
2026/10/08 01:12:27.757, 3, 120 MHz, 3996 MHz, 182.12 W, 29
2026/10/08 01:12:27.757, 4, 120 MHz, 3996 MHz, 184.48 W, 35
2026/10/08 01:12:27.757, 5, 120 MHz, 3996 MHz, 183.29 W, 34
2026/10/08 01:12:27.757, 6, 120 MHz, 3996 MHz, 184.83 W, 29
2026/10/08 01:12:27.757, 7, 120 MHz, 3996 MHz, 184.59 W, 28
2026/10/08 01:12:27.957, 0, 120 MHz, 3996 MHz, 184.47 W, 32
2026/10/08 01:12:27.957, 1, 120 MHz, 3996 MHz, 186.29 W, 35
2026/10/08 01:12:27.957, 2, 120 MHz, 3996 MHz, 182.63 W, 29
2026/10/08 01:12:27.957, 3, 120 MHz, 3996 MHz, 182.11 W, 29
2026/10/08 01:12:27.957, 4, 120 MHz, 3996 MHz, 184.48 W, 35
2026/10/08 01:12:27.957, 5, 120 MHz, 3996 MHz, 183.11 W, 34
2026/10/08 01:12:27.957, 6, 120 MHz, 3996 MHz, 184.83 W, 29
2026/10/08 01:12:27.957, 7, 120 MHz, 3996 MHz, 184.59 W, 28
2026/10/08 01:12:28.157, 0, 120 MHz, 3996 MHz, 184.47 W, 32
2026/10/08 01:12:28.158, 1, 120 MHz, 3996 MHz, 186.29 W, 35
2026/10/08 01:12:28.158, 2, 120 MHz, 3996 MHz, 182.64 W, 29
2026/10/08 01:12:28.158, 3, 120 MHz, 3996 MHz, 182.11 W, 29
2026/10/08 01:12:28.158, 4, 120 MHz, 3996 MHz, 184.48 W, 35
2026/10/08 01:12:28.158, 5, 120 MHz, 3996 MHz, 182.98 W, 34
2026/10/08 01:12:28.158, 6, 120 MHz, 3996 MHz, 184.83 W, 29
2026/10/08 01:12:28.158, 7, 120 MHz, 3996 MHz, 184.59 W, 28
2026/10/08 01:12:28.358, 0, 120 MHz, 3996 MHz, 184.47 W, 32
2026/10/08 01:12:28.358, 1, 120 MHz, 3996 MHz, 186.29 W, 35
2026/10/08 01:12:28.358, 2, 120 MHz, 3996 MHz, 182.64 W, 29
2026/10/08 01:12:28.358, 3, 120 MHz, 3996 MHz, 182.11 W, 29
2026/10/08 01:12:28.358, 4, 120 MHz, 3996 MHz, 184.47 W, 35
2026/10/08 01:12:28.358, 5, 120 MHz, 3996 MHz, 182.87 W, 34
2026/10/08 01:12:28.358, 6, 120 MHz, 3996 MHz, 184.83 W, 29
2026/10/08 01:12:28.358, 7, 120 MHz, 3996 MHz, 184.59 W, 28
2026/10/08 01:12:28.558, 0, 120 MHz, 3996 MHz, 184.47 W, 32
2026/10/08 01:12:28.558, 1, 120 MHz, 3996 MHz, 186.29 W, 35
2026/10/08 01:12:28.558, 2, 120 MHz, 3996 MHz, 182.76 W, 29
2026/10/08 01:12:28.558, 3, 120 MHz, 3996 MHz, 182.15 W, 29
2026/10/08 01:12:28.558, 4, 120 MHz, 3996 MHz, 184.47 W, 35
2026/10/08 01:12:28.558, 5, 120 MHz, 3996 MHz, 182.87 W, 34
2026/10/08 01:12:28.558, 6, 120 MHz, 3996 MHz, 184.83 W, 29
2026/10/08 01:12:28.558, 7, 120 MHz, 3996 MHz, 184.59 W, 28
2026/10/08 01:12:28.758, 0, 120 MHz, 3996 MHz, 184.47 W, 32
2026/10/08 01:12:28.758, 1, 120 MHz, 3996 MHz, 186.29 W, 35
2026/10/08 01:12:28.758, 2, 120 MHz, 3996 MHz, 182.84 W, 29
2026/10/08 01:12:28.758, 3, 120 MHz, 3996 MHz, 182.18 W, 29
2026/10/08 01:12:28.758, 4, 120 MHz, 3996 MHz, 184.47 W, 35
2026/10/08 01:12:28.758, 5, 120 MHz, 3996 MHz, 182.98 W, 34
2026/10/08 01:12:28.758, 6, 120 MHz, 3996 MHz, 184.79 W, 29
2026/10/08 01:12:28.758, 7, 120 MHz, 3996 MHz, 184.59 W, 28
2026/10/08 01:12:28.959, 0, 120 MHz, 3996 MHz, 184.47 W, 32
2026/10/08 01:12:28.959, 1, 120 MHz, 3996 MHz, 186.29 W, 35
2026/10/08 01:12:28.959, 2, 120 MHz, 3996 MHz, 182.86 W, 29
2026/10/08 01:12:28.959, 3, 120 MHz, 3996 MHz, 182.18 W, 29
2026/10/08 01:12:28.959, 4, 120 MHz, 3996 MHz, 184.48 W, 35
2026/10/08 01:12:28.959, 5, 120 MHz, 3996 MHz, 182.94 W, 34
2026/10/08 01:12:28.959, 6, 120 MHz, 3996 MHz, 184.79 W, 29
2026/10/08 01:12:28.959, 7, 120 MHz, 3996 MHz, 184.59 W, 28
2026/10/08 01:12:29.159, 0, 120 MHz, 3996 MHz, 184.47 W, 32
2026/10/08 01:12:29.159, 1, 120 MHz, 3996 MHz, 186.29 W, 35
2026/10/08 01:12:29.159, 2, 120 MHz, 3996 MHz, 182.98 W, 29
2026/10/08 01:12:29.159, 3, 120 MHz, 3996 MHz, 182.19 W, 29
2026/10/08 01:12:29.159, 4, 120 MHz, 3996 MHz, 184.48 W, 35
2026/10/08 01:12:29.159, 5, 120 MHz, 3996 MHz, 182.98 W, 34
2026/10/08 01:12:29.159, 6, 120 MHz, 3996 MHz, 184.79 W, 29
2026/10/08 01:12:29.159, 7, 120 MHz, 3996 MHz, 184.59 W, 28
2026/10/08 01:12:29.359, 0, 120 MHz, 3996 MHz, 184.47 W, 32
2026/10/08 01:12:29.359, 1, 120 MHz, 3996 MHz, 186.29 W, 35
2026/10/08 01:12:29.359, 2, 120 MHz, 3996 MHz, 182.94 W, 29
2026/10/08 01:12:29.359, 3, 120 MHz, 3996 MHz, 182.19 W, 29
2026/10/08 01:12:29.359, 4, 120 MHz, 3996 MHz, 184.49 W, 35
2026/10/08 01:12:29.359, 5, 120 MHz, 3996 MHz, 183.10 W, 34
2026/10/08 01:12:29.359, 6, 120 MHz, 3996 MHz, 184.79 W, 29
2026/10/08 01:12:29.359, 7, 120 MHz, 3996 MHz, 184.59 W, 28
2026/10/08 01:12:29.559, 0, 120 MHz, 3996 MHz, 184.47 W, 32
2026/10/08 01:12:29.559, 1, 120 MHz, 3996 MHz, 186.29 W, 35
2026/10/08 01:12:29.559, 2, 120 MHz, 3996 MHz, 182.86 W, 29
2026/10/08 01:12:29.559, 3, 120 MHz, 3996 MHz, 182.20 W, 29
2026/10/08 01:12:29.559, 4, 120 MHz, 3996 MHz, 184.45 W, 35
2026/10/08 01:12:29.559, 5, 120 MHz, 3996 MHz, 183.02 W, 34
2026/10/08 01:12:29.559, 6, 120 MHz, 3996 MHz, 184.79 W, 29
2026/10/08 01:12:29.559, 7, 120 MHz, 3996 MHz, 184.59 W, 28
2026/10/08 01:12:29.760, 0, 120 MHz, 3996 MHz, 184.47 W, 32
2026/10/08 01:12:29.760, 1, 120 MHz, 3996 MHz, 186.29 W, 35
2026/10/08 01:12:29.760, 2, 120 MHz, 3996 MHz, 182.95 W, 29
2026/10/08 01:12:29.760, 3, 120 MHz, 3996 MHz, 182.21 W, 29
2026/10/08 01:12:29.760, 4, 120 MHz, 3996 MHz, 184.46 W, 35
2026/10/08 01:12:29.760, 5, 120 MHz, 3996 MHz, 183.10 W, 34
2026/10/08 01:12:29.760, 6, 120 MHz, 3996 MHz, 184.79 W, 29
2026/10/08 01:12:29.760, 7, 120 MHz, 3996 MHz, 184.59 W, 28
2026/10/08 01:12:29.960, 0, 120 MHz, 3996 MHz, 184.47 W, 32
2026/10/08 01:12:29.960, 1, 120 MHz, 3996 MHz, 186.29 W, 35
2026/10/08 01:12:29.960, 2, 120 MHz, 3996 MHz, 183.03 W, 29
2026/10/08 01:12:29.960, 3, 120 MHz, 3996 MHz, 182.21 W, 29
2026/10/08 01:12:29.960, 4, 120 MHz, 3996 MHz, 184.46 W, 35
2026/10/08 01:12:29.960, 5, 120 MHz, 3996 MHz, 183.11 W, 34
2026/10/08 01:12:29.960, 6, 120 MHz, 3996 MHz, 184.83 W, 29
2026/10/08 01:12:29.960, 7, 120 MHz, 3996 MHz, 184.59 W, 28
2026/10/08 01:12:30.160, 0, 120 MHz, 3996 MHz, 184.47 W, 32
2026/10/08 01:12:30.160, 1, 120 MHz, 3996 MHz, 186.29 W, 35
2026/10/08 01:12:30.160, 2, 120 MHz, 3996 MHz, 182.95 W, 29
2026/10/08 01:12:30.160, 3, 120 MHz, 3996 MHz, 182.20 W, 29
2026/10/08 01:12:30.160, 4, 120 MHz, 3996 MHz, 184.46 W, 35
2026/10/08 01:12:30.160, 5, 120 MHz, 3996 MHz, 183.11 W, 34
2026/10/08 01:12:30.160, 6, 120 MHz, 3996 MHz, 184.83 W, 29
2026/10/08 01:12:30.160, 7, 120 MHz, 3996 MHz, 184.59 W, 28
2026/10/08 01:12:30.360, 0, 120 MHz, 3996 MHz, 184.47 W, 32
2026/10/08 01:12:30.360, 1, 120 MHz, 3996 MHz, 186.29 W, 35
2026/10/08 01:12:30.360, 2, 120 MHz, 3996 MHz, 182.88 W, 29
2026/10/08 01:12:30.360, 3, 120 MHz, 3996 MHz, 182.20 W, 29
2026/10/08 01:12:30.360, 4, 120 MHz, 3996 MHz, 184.46 W, 35
2026/10/08 01:12:30.360, 5, 120 MHz, 3996 MHz, 183.13 W, 34
2026/10/08 01:12:30.360, 6, 120 MHz, 3996 MHz, 184.83 W, 29
2026/10/08 01:12:30.360, 7, 120 MHz, 3996 MHz, 184.59 W, 28
2026/10/08 01:12:30.561, 0, 120 MHz, 3996 MHz, 184.47 W, 32
2026/10/08 01:12:30.561, 1, 120 MHz, 3996 MHz, 186.29 W, 35
2026/10/08 01:12:30.561, 2, 120 MHz, 3996 MHz, 182.99 W, 29
2026/10/08 01:12:30.561, 3, 120 MHz, 3996 MHz, 182.19 W, 29
2026/10/08 01:12:30.561, 4, 120 MHz, 3996 MHz, 184.50 W, 35
2026/10/08 01:12:30.561, 5, 120 MHz, 3996 MHz, 183.15 W, 34
2026/10/08 01:12:30.561, 6, 120 MHz, 3996 MHz, 184.83 W, 29
2026/10/08 01:12:30.561, 7, 120 MHz, 3996 MHz, 184.59 W, 28
2026/10/08 01:12:30.761, 0, 120 MHz, 3996 MHz, 184.47 W, 32
2026/10/08 01:12:30.761, 1, 120 MHz, 3996 MHz, 186.29 W, 35
2026/10/08 01:12:30.761, 2, 120 MHz, 3996 MHz, 182.86 W, 29
2026/10/08 01:12:30.761, 3, 120 MHz, 3996 MHz, 182.18 W, 29
2026/10/08 01:12:30.761, 4, 120 MHz, 3996 MHz, 184.51 W, 35
2026/10/08 01:12:30.761, 5, 120 MHz, 3996 MHz, 183.02 W, 34
2026/10/08 01:12:30.761, 6, 120 MHz, 3996 MHz, 184.83 W, 29
2026/10/08 01:12:30.761, 7, 120 MHz, 3996 MHz, 184.59 W, 28
2026/10/08 01:12:30.961, 0, 120 MHz, 3996 MHz, 184.47 W, 32
2026/10/08 01:12:30.961, 1, 120 MHz, 3996 MHz, 186.29 W, 35
2026/10/08 01:12:30.961, 2, 120 MHz, 3996 MHz, 182.82 W, 29
2026/10/08 01:12:30.961, 3, 120 MHz, 3996 MHz, 182.19 W, 29
2026/10/08 01:12:30.961, 4, 120 MHz, 3996 MHz, 184.50 W, 35
2026/10/08 01:12:30.961, 5, 120 MHz, 3996 MHz, 182.98 W, 34
2026/10/08 01:12:30.961, 6, 120 MHz, 3996 MHz, 184.83 W, 29
2026/10/08 01:12:30.961, 7, 120 MHz, 3996 MHz, 184.59 W, 28
2026/10/08 01:12:31.161, 0, 120 MHz, 3996 MHz, 184.47 W, 32
2026/10/08 01:12:31.162, 1, 120 MHz, 3996 MHz, 186.29 W, 35
2026/10/08 01:12:31.162, 2, 120 MHz, 3996 MHz, 182.90 W, 29
2026/10/08 01:12:31.162, 3, 120 MHz, 3996 MHz, 182.19 W, 29
2026/10/08 01:12:31.162, 4, 120 MHz, 3996 MHz, 184.50 W, 35
2026/10/08 01:12:31.162, 5, 120 MHz, 3996 MHz, 182.95 W, 34
2026/10/08 01:12:31.162, 6, 120 MHz, 3996 MHz, 184.83 W, 29
2026/10/08 01:12:31.162, 7, 120 MHz, 3996 MHz, 184.59 W, 28
2026/10/08 01:12:31.362, 0, 120 MHz, 3996 MHz, 184.47 W, 32
2026/10/08 01:12:31.362, 1, 120 MHz, 3996 MHz, 186.29 W, 35
2026/10/08 01:12:31.362, 2, 120 MHz, 3996 MHz, 182.95 W, 29
2026/10/08 01:12:31.362, 3, 120 MHz, 3996 MHz, 182.18 W, 29
2026/10/08 01:12:31.362, 4, 120 MHz, 3996 MHz, 184.49 W, 35
2026/10/08 01:12:31.362, 5, 120 MHz, 3996 MHz, 182.84 W, 34
2026/10/08 01:12:31.362, 6, 120 MHz, 3996 MHz, 184.83 W, 29
2026/10/08 01:12:31.362, 7, 120 MHz, 3996 MHz, 184.59 W, 28
2026/10/08 01:12:31.562, 0, 120 MHz, 3996 MHz, 184.47 W, 32
2026/10/08 01:12:31.562, 1, 120 MHz, 3996 MHz, 186.29 W, 35
2026/10/08 01:12:31.562, 2, 120 MHz, 3996 MHz, 182.90 W, 29
2026/10/08 01:12:31.562, 3, 120 MHz, 3996 MHz, 182.19 W, 29
2026/10/08 01:12:31.562, 4, 120 MHz, 3996 MHz, 184.49 W, 35
2026/10/08 01:12:31.562, 5, 120 MHz, 3996 MHz, 182.87 W, 34
2026/10/08 01:12:31.562, 6, 120 MHz, 3996 MHz, 184.83 W, 29
2026/10/08 01:12:31.562, 7, 120 MHz, 3996 MHz, 184.59 W, 28
2026/10/08 01:12:31.762, 0, 120 MHz, 3996 MHz, 184.47 W, 32
2026/10/08 01:12:31.762, 1, 120 MHz, 3996 MHz, 186.29 W, 35
2026/10/08 01:12:31.762, 2, 120 MHz, 3996 MHz, 182.95 W, 29
2026/10/08 01:12:31.762, 3, 120 MHz, 3996 MHz, 182.18 W, 29
2026/10/08 01:12:31.762, 4, 120 MHz, 3996 MHz, 184.49 W, 35
2026/10/08 01:12:31.762, 5, 120 MHz, 3996 MHz, 182.94 W, 34
2026/10/08 01:12:31.762, 6, 120 MHz, 3996 MHz, 184.83 W, 29
2026/10/08 01:12:31.762, 7, 120 MHz, 3996 MHz, 184.59 W, 28
2026/10/08 01:12:31.963, 0, 120 MHz, 3996 MHz, 184.47 W, 32
2026/10/08 01:12:31.963, 1, 120 MHz, 3996 MHz, 186.29 W, 35
2026/10/08 01:12:31.963, 2, 120 MHz, 3996 MHz, 183.07 W, 29
2026/10/08 01:12:31.963, 3, 120 MHz, 3996 MHz, 182.17 W, 29
2026/10/08 01:12:31.963, 4, 120 MHz, 3996 MHz, 184.49 W, 35
2026/10/08 01:12:31.963, 5, 120 MHz, 3996 MHz, 182.87 W, 34
2026/10/08 01:12:31.963, 6, 120 MHz, 3996 MHz, 184.83 W, 29
2026/10/08 01:12:31.963, 7, 120 MHz, 3996 MHz, 184.59 W, 28
2026/10/08 01:12:32.163, 0, 120 MHz, 3996 MHz, 184.47 W, 32
2026/10/08 01:12:32.163, 1, 120 MHz, 3996 MHz, 186.29 W, 35
2026/10/08 01:12:32.163, 2, 120 MHz, 3996 MHz, 183.06 W, 29
2026/10/08 01:12:32.163, 3, 120 MHz, 3996 MHz, 182.17 W, 29
2026/10/08 01:12:32.163, 4, 120 MHz, 3996 MHz, 184.48 W, 35
2026/10/08 01:12:32.163, 5, 120 MHz, 3996 MHz, 182.83 W, 34
2026/10/08 01:12:32.163, 6, 120 MHz, 3996 MHz, 184.83 W, 29
2026/10/08 01:12:32.163, 7, 120 MHz, 3996 MHz, 184.59 W, 28
2026/10/08 01:12:32.363, 0, 120 MHz, 3996 MHz, 184.47 W, 32
2026/10/08 01:12:32.363, 1, 120 MHz, 3996 MHz, 186.29 W, 35
2026/10/08 01:12:32.363, 2, 120 MHz, 3996 MHz, 183.15 W, 29
2026/10/08 01:12:32.363, 3, 120 MHz, 3996 MHz, 182.18 W, 29
2026/10/08 01:12:32.363, 4, 120 MHz, 3996 MHz, 184.48 W, 35
2026/10/08 01:12:32.363, 5, 120 MHz, 3996 MHz, 182.83 W, 34
2026/10/08 01:12:32.363, 6, 120 MHz, 3996 MHz, 184.83 W, 29
2026/10/08 01:12:32.363, 7, 120 MHz, 3996 MHz, 184.59 W, 28
2026/10/08 01:12:32.563, 0, 120 MHz, 3996 MHz, 184.47 W, 32
2026/10/08 01:12:32.563, 1, 120 MHz, 3996 MHz, 186.29 W, 35
2026/10/08 01:12:32.563, 2, 120 MHz, 3996 MHz, 183.06 W, 29
2026/10/08 01:12:32.564, 3, 120 MHz, 3996 MHz, 182.18 W, 29
2026/10/08 01:12:32.564, 4, 120 MHz, 3996 MHz, 184.47 W, 35
2026/10/08 01:12:32.564, 5, 120 MHz, 3996 MHz, 182.80 W, 34
2026/10/08 01:12:32.564, 6, 120 MHz, 3996 MHz, 184.83 W, 29
2026/10/08 01:12:32.564, 7, 120 MHz, 3996 MHz, 184.59 W, 28
2026/10/08 01:12:32.764, 0, 120 MHz, 3996 MHz, 184.47 W, 32
2026/10/08 01:12:32.764, 1, 120 MHz, 3996 MHz, 186.29 W, 35
2026/10/08 01:12:32.764, 2, 120 MHz, 3996 MHz, 183.06 W, 29
2026/10/08 01:12:32.764, 3, 120 MHz, 3996 MHz, 182.15 W, 29
2026/10/08 01:12:32.764, 4, 120 MHz, 3996 MHz, 184.47 W, 35
2026/10/08 01:12:32.764, 5, 120 MHz, 3996 MHz, 182.80 W, 34
2026/10/08 01:12:32.764, 6, 120 MHz, 3996 MHz, 184.83 W, 29
2026/10/08 01:12:32.764, 7, 120 MHz, 3996 MHz, 184.59 W, 28
2026/10/08 01:12:32.964, 0, 120 MHz, 3996 MHz, 184.47 W, 32
2026/10/08 01:12:32.964, 1, 120 MHz, 3996 MHz, 186.29 W, 35
2026/10/08 01:12:32.964, 2, 120 MHz, 3996 MHz, 182.98 W, 29
2026/10/08 01:12:32.964, 3, 120 MHz, 3996 MHz, 182.16 W, 29
2026/10/08 01:12:32.964, 4, 120 MHz, 3996 MHz, 184.48 W, 35
2026/10/08 01:12:32.964, 5, 120 MHz, 3996 MHz, 182.76 W, 34
2026/10/08 01:12:32.964, 6, 120 MHz, 3996 MHz, 184.83 W, 29
2026/10/08 01:12:32.964, 7, 120 MHz, 3996 MHz, 184.59 W, 28
2026/10/08 01:12:33.164, 0, 120 MHz, 3996 MHz, 184.47 W, 32
2026/10/08 01:12:33.164, 1, 120 MHz, 3996 MHz, 186.29 W, 35
2026/10/08 01:12:33.164, 2, 120 MHz, 3996 MHz, 182.99 W, 29
2026/10/08 01:12:33.164, 3, 120 MHz, 3996 MHz, 182.17 W, 29
2026/10/08 01:12:33.164, 4, 120 MHz, 3996 MHz, 184.49 W, 35
2026/10/08 01:12:33.164, 5, 120 MHz, 3996 MHz, 182.76 W, 34
2026/10/08 01:12:33.164, 6, 120 MHz, 3996 MHz, 184.83 W, 29
2026/10/08 01:12:33.164, 7, 120 MHz, 3996 MHz, 184.59 W, 28
2026/10/08 01:12:33.365, 0, 120 MHz, 3996 MHz, 184.47 W, 32
2026/10/08 01:12:33.365, 1, 120 MHz, 3996 MHz, 186.29 W, 35
2026/10/08 01:12:33.365, 2, 120 MHz, 3996 MHz, 182.92 W, 29
2026/10/08 01:12:33.365, 3, 120 MHz, 3996 MHz, 182.17 W, 29
2026/10/08 01:12:33.365, 4, 120 MHz, 3996 MHz, 184.48 W, 35
2026/10/08 01:12:33.365, 5, 120 MHz, 3996 MHz, 182.72 W, 34
2026/10/08 01:12:33.365, 6, 120 MHz, 3996 MHz, 184.83 W, 29
2026/10/08 01:12:33.365, 7, 120 MHz, 3996 MHz, 184.59 W, 28
2026/10/08 01:12:33.565, 0, 120 MHz, 3996 MHz, 184.47 W, 32
2026/10/08 01:12:33.565, 1, 120 MHz, 3996 MHz, 186.29 W, 35
2026/10/08 01:12:33.565, 2, 120 MHz, 3996 MHz, 183.02 W, 29
2026/10/08 01:12:33.565, 3, 120 MHz, 3996 MHz, 182.17 W, 29
2026/10/08 01:12:33.565, 4, 120 MHz, 3996 MHz, 184.48 W, 35
2026/10/08 01:12:33.565, 5, 120 MHz, 3996 MHz, 182.72 W, 34
2026/10/08 01:12:33.565, 6, 120 MHz, 3996 MHz, 184.83 W, 29
2026/10/08 01:12:33.565, 7, 120 MHz, 3996 MHz, 184.59 W, 28
2026/10/08 01:12:33.765, 0, 120 MHz, 3996 MHz, 184.47 W, 32
2026/10/08 01:12:33.765, 1, 120 MHz, 3996 MHz, 186.29 W, 35
2026/10/08 01:12:33.765, 2, 120 MHz, 3996 MHz, 183.04 W, 29
2026/10/08 01:12:33.765, 3, 120 MHz, 3996 MHz, 182.21 W, 29
2026/10/08 01:12:33.765, 4, 120 MHz, 3996 MHz, 184.50 W, 35
2026/10/08 01:12:33.765, 5, 120 MHz, 3996 MHz, 182.65 W, 34
2026/10/08 01:12:33.765, 6, 120 MHz, 3996 MHz, 184.83 W, 30
2026/10/08 01:12:33.765, 7, 120 MHz, 3996 MHz, 184.59 W, 28
2026/10/08 01:12:33.965, 0, 120 MHz, 3996 MHz, 184.47 W, 32
2026/10/08 01:12:33.965, 1, 120 MHz, 3996 MHz, 186.29 W, 35
2026/10/08 01:12:33.965, 2, 120 MHz, 3996 MHz, 183.18 W, 29
2026/10/08 01:12:33.965, 3, 120 MHz, 3996 MHz, 182.20 W, 29
2026/10/08 01:12:33.965, 4, 120 MHz, 3996 MHz, 184.50 W, 35
2026/10/08 01:12:33.965, 5, 120 MHz, 3996 MHz, 182.65 W, 34
2026/10/08 01:12:33.965, 6, 120 MHz, 3996 MHz, 184.83 W, 30
2026/10/08 01:12:33.965, 7, 120 MHz, 3996 MHz, 184.59 W, 28
2026/10/08 01:12:34.166, 0, 120 MHz, 3996 MHz, 184.47 W, 32
2026/10/08 01:12:34.166, 1, 120 MHz, 3996 MHz, 186.29 W, 35
2026/10/08 01:12:34.166, 2, 120 MHz, 3996 MHz, 183.25 W, 29
2026/10/08 01:12:34.166, 3, 120 MHz, 3996 MHz, 182.20 W, 29
2026/10/08 01:12:34.166, 4, 120 MHz, 3996 MHz, 184.51 W, 35
2026/10/08 01:12:34.166, 5, 120 MHz, 3996 MHz, 182.68 W, 34
2026/10/08 01:12:34.166, 6, 120 MHz, 3996 MHz, 184.83 W, 30
2026/10/08 01:12:34.166, 7, 120 MHz, 3996 MHz, 184.59 W, 28
2026/10/08 01:12:34.366, 0, 120 MHz, 3996 MHz, 184.47 W, 32
2026/10/08 01:12:34.366, 1, 120 MHz, 3996 MHz, 186.29 W, 35
2026/10/08 01:12:34.366, 2, 120 MHz, 3996 MHz, 183.21 W, 29
2026/10/08 01:12:34.366, 3, 120 MHz, 3996 MHz, 182.20 W, 29
2026/10/08 01:12:34.366, 4, 120 MHz, 3996 MHz, 184.51 W, 35
2026/10/08 01:12:34.366, 5, 120 MHz, 3996 MHz, 182.72 W, 34
2026/10/08 01:12:34.366, 6, 120 MHz, 3996 MHz, 184.83 W, 29
2026/10/08 01:12:34.366, 7, 120 MHz, 3996 MHz, 184.59 W, 28
2026/10/08 01:12:34.566, 0, 120 MHz, 3996 MHz, 184.47 W, 32
2026/10/08 01:12:34.566, 1, 120 MHz, 3996 MHz, 186.29 W, 35
2026/10/08 01:12:34.566, 2, 120 MHz, 3996 MHz, 183.27 W, 29
2026/10/08 01:12:34.566, 3, 120 MHz, 3996 MHz, 182.21 W, 29
2026/10/08 01:12:34.566, 4, 120 MHz, 3996 MHz, 184.51 W, 35
2026/10/08 01:12:34.566, 5, 120 MHz, 3996 MHz, 182.80 W, 34
2026/10/08 01:12:34.566, 6, 120 MHz, 3996 MHz, 184.83 W, 30
2026/10/08 01:12:34.566, 7, 120 MHz, 3996 MHz, 184.59 W, 28
2026/10/08 01:12:34.766, 0, 120 MHz, 3996 MHz, 184.47 W, 32
2026/10/08 01:12:34.767, 1, 120 MHz, 3996 MHz, 186.29 W, 35
2026/10/08 01:12:34.767, 2, 120 MHz, 3996 MHz, 183.25 W, 29
2026/10/08 01:12:34.767, 3, 120 MHz, 3996 MHz, 182.21 W, 29
2026/10/08 01:12:34.767, 4, 120 MHz, 3996 MHz, 184.50 W, 35
2026/10/08 01:12:34.767, 5, 120 MHz, 3996 MHz, 182.80 W, 34
2026/10/08 01:12:34.767, 6, 120 MHz, 3996 MHz, 184.83 W, 30
2026/10/08 01:12:34.767, 7, 120 MHz, 3996 MHz, 184.59 W, 28
2026/10/08 01:12:34.967, 0, 120 MHz, 3996 MHz, 184.47 W, 32
2026/10/08 01:12:34.967, 1, 120 MHz, 3996 MHz, 186.29 W, 35
2026/10/08 01:12:34.967, 2, 120 MHz, 3996 MHz, 183.31 W, 29
2026/10/08 01:12:34.967, 3, 120 MHz, 3996 MHz, 182.21 W, 29
2026/10/08 01:12:34.967, 4, 120 MHz, 3996 MHz, 184.49 W, 35
2026/10/08 01:12:34.967, 5, 120 MHz, 3996 MHz, 182.80 W, 34
2026/10/08 01:12:34.967, 6, 120 MHz, 3996 MHz, 184.83 W, 30
2026/10/08 01:12:34.967, 7, 120 MHz, 3996 MHz, 184.59 W, 28
2026/10/08 01:12:35.167, 0, 120 MHz, 3996 MHz, 184.47 W, 32
2026/10/08 01:12:35.167, 1, 120 MHz, 3996 MHz, 186.29 W, 35
2026/10/08 01:12:35.167, 2, 120 MHz, 3996 MHz, 183.19 W, 29
2026/10/08 01:12:35.167, 3, 120 MHz, 3996 MHz, 182.20 W, 29
2026/10/08 01:12:35.167, 4, 120 MHz, 3996 MHz, 184.49 W, 35
2026/10/08 01:12:35.167, 5, 120 MHz, 3996 MHz, 182.84 W, 34
2026/10/08 01:12:35.167, 6, 120 MHz, 3996 MHz, 184.83 W, 30
2026/10/08 01:12:35.167, 7, 120 MHz, 3996 MHz, 184.59 W, 28
2026/10/08 01:12:35.367, 0, 120 MHz, 3996 MHz, 184.47 W, 32
2026/10/08 01:12:35.367, 1, 120 MHz, 3996 MHz, 186.29 W, 35
2026/10/08 01:12:35.367, 2, 120 MHz, 3996 MHz, 183.31 W, 29
2026/10/08 01:12:35.367, 3, 120 MHz, 3996 MHz, 182.20 W, 29
2026/10/08 01:12:35.367, 4, 120 MHz, 3996 MHz, 184.49 W, 35
2026/10/08 01:12:35.367, 5, 120 MHz, 3996 MHz, 182.91 W, 34
2026/10/08 01:12:35.367, 6, 120 MHz, 3996 MHz, 184.83 W, 30
2026/10/08 01:12:35.368, 7, 120 MHz, 3996 MHz, 184.59 W, 28
2026/10/08 01:12:35.568, 0, 120 MHz, 3996 MHz, 184.47 W, 32
2026/10/08 01:12:35.568, 1, 120 MHz, 3996 MHz, 186.29 W, 35
2026/10/08 01:12:35.568, 2, 120 MHz, 3996 MHz, 183.21 W, 29
2026/10/08 01:12:35.568, 3, 120 MHz, 3996 MHz, 182.19 W, 29
2026/10/08 01:12:35.568, 4, 120 MHz, 3996 MHz, 184.49 W, 35
2026/10/08 01:12:35.568, 5, 120 MHz, 3996 MHz, 182.80 W, 34
2026/10/08 01:12:35.568, 6, 120 MHz, 3996 MHz, 184.83 W, 30
2026/10/08 01:12:35.568, 7, 120 MHz, 3996 MHz, 184.59 W, 28
2026/10/08 01:12:35.768, 0, 120 MHz, 3996 MHz, 184.47 W, 32
2026/10/08 01:12:35.768, 1, 120 MHz, 3996 MHz, 186.29 W, 35
2026/10/08 01:12:35.768, 2, 120 MHz, 3996 MHz, 183.17 W, 29
2026/10/08 01:12:35.768, 3, 120 MHz, 3996 MHz, 182.19 W, 29
2026/10/08 01:12:35.768, 4, 120 MHz, 3996 MHz, 184.50 W, 35
2026/10/08 01:12:35.768, 5, 120 MHz, 3996 MHz, 182.87 W, 34
2026/10/08 01:12:35.768, 6, 120 MHz, 3996 MHz, 184.83 W, 30
2026/10/08 01:12:35.768, 7, 120 MHz, 3996 MHz, 184.59 W, 28
2026/10/08 01:12:35.968, 0, 120 MHz, 3996 MHz, 184.47 W, 32
2026/10/08 01:12:35.968, 1, 120 MHz, 3996 MHz, 186.29 W, 35
2026/10/08 01:12:35.968, 2, 120 MHz, 3996 MHz, 183.13 W, 29
2026/10/08 01:12:35.968, 3, 120 MHz, 3996 MHz, 182.19 W, 29
2026/10/08 01:12:35.968, 4, 120 MHz, 3996 MHz, 184.50 W, 35
2026/10/08 01:12:35.968, 5, 120 MHz, 3996 MHz, 182.91 W, 34
2026/10/08 01:12:35.968, 6, 120 MHz, 3996 MHz, 184.83 W, 30
2026/10/08 01:12:35.968, 7, 120 MHz, 3996 MHz, 184.59 W, 28
2026/10/08 01:12:36.168, 0, 120 MHz, 3996 MHz, 184.47 W, 32
2026/10/08 01:12:36.169, 1, 120 MHz, 3996 MHz, 186.29 W, 35
2026/10/08 01:12:36.169, 2, 120 MHz, 3996 MHz, 183.19 W, 29
2026/10/08 01:12:36.169, 3, 120 MHz, 3996 MHz, 182.20 W, 29
2026/10/08 01:12:36.169, 4, 120 MHz, 3996 MHz, 184.49 W, 35
2026/10/08 01:12:36.169, 5, 120 MHz, 3996 MHz, 182.91 W, 34
2026/10/08 01:12:36.169, 6, 120 MHz, 3996 MHz, 184.83 W, 30
2026/10/08 01:12:36.169, 7, 120 MHz, 3996 MHz, 184.59 W, 28
2026/10/08 01:12:36.369, 0, 120 MHz, 3996 MHz, 184.47 W, 32
2026/10/08 01:12:36.369, 1, 120 MHz, 3996 MHz, 186.29 W, 35
2026/10/08 01:12:36.369, 2, 120 MHz, 3996 MHz, 183.21 W, 29
2026/10/08 01:12:36.369, 3, 120 MHz, 3996 MHz, 182.20 W, 29
2026/10/08 01:12:36.369, 4, 120 MHz, 3996 MHz, 184.50 W, 35
2026/10/08 01:12:36.369, 5, 120 MHz, 3996 MHz, 182.99 W, 34
2026/10/08 01:12:36.369, 6, 120 MHz, 3996 MHz, 184.83 W, 30
2026/10/08 01:12:36.369, 7, 120 MHz, 3996 MHz, 184.59 W, 28
2026/10/08 01:12:36.569, 0, 120 MHz, 3996 MHz, 184.47 W, 32
2026/10/08 01:12:36.569, 1, 120 MHz, 3996 MHz, 186.29 W, 35
2026/10/08 01:12:36.569, 2, 120 MHz, 3996 MHz, 183.15 W, 29
2026/10/08 01:12:36.569, 3, 120 MHz, 3996 MHz, 182.20 W, 29
2026/10/08 01:12:36.569, 4, 120 MHz, 3996 MHz, 184.50 W, 35
2026/10/08 01:12:36.569, 5, 120 MHz, 3996 MHz, 183.02 W, 34
2026/10/08 01:12:36.569, 6, 120 MHz, 3996 MHz, 184.83 W, 30
2026/10/08 01:12:36.569, 7, 120 MHz, 3996 MHz, 184.59 W, 28
2026/10/08 01:12:36.769, 0, 120 MHz, 3996 MHz, 184.47 W, 32
2026/10/08 01:12:36.769, 1, 120 MHz, 3996 MHz, 186.29 W, 35
2026/10/08 01:12:36.769, 2, 120 MHz, 3996 MHz, 183.32 W, 29
2026/10/08 01:12:36.769, 3, 120 MHz, 3996 MHz, 182.19 W, 29
2026/10/08 01:12:36.769, 4, 120 MHz, 3996 MHz, 184.49 W, 35
2026/10/08 01:12:36.769, 5, 120 MHz, 3996 MHz, 183.05 W, 34
2026/10/08 01:12:36.769, 6, 120 MHz, 3996 MHz, 184.83 W, 30
2026/10/08 01:12:36.769, 7, 120 MHz, 3996 MHz, 184.59 W, 28
2026/10/08 01:12:36.970, 0, 120 MHz, 3996 MHz, 184.47 W, 32
2026/10/08 01:12:36.970, 1, 120 MHz, 3996 MHz, 186.29 W, 35
2026/10/08 01:12:36.970, 2, 120 MHz, 3996 MHz, 183.27 W, 29
2026/10/08 01:12:36.970, 3, 120 MHz, 3996 MHz, 182.20 W, 29
2026/10/08 01:12:36.970, 4, 120 MHz, 3996 MHz, 184.49 W, 35
2026/10/08 01:12:36.970, 5, 120 MHz, 3996 MHz, 183.07 W, 34
2026/10/08 01:12:36.970, 6, 120 MHz, 3996 MHz, 184.83 W, 30
2026/10/08 01:12:36.970, 7, 120 MHz, 3996 MHz, 184.59 W, 28
