timestamp, index, clocks.current.sm [MHz], clocks.current.memory [MHz], power.draw [W], temperature.gpu
2026/10/07 20:35:11.107, 0, 120 MHz, 3996 MHz, 184.47 W, 32
2026/10/07 20:35:11.111, 1, 120 MHz, 3996 MHz, 186.29 W, 35
2026/10/07 20:35:11.113, 2, 120 MHz, 3996 MHz, 182.13 W, 28
2026/10/07 20:35:11.114, 3, 120 MHz, 3996 MHz, 181.89 W, 28
2026/10/07 20:35:11.116, 4, 120 MHz, 3996 MHz, 182.59 W, 35
2026/10/07 20:35:11.118, 5, 120 MHz, 3996 MHz, 182.53 W, 33
2026/10/07 20:35:11.120, 6, 120 MHz, 3996 MHz, 183.08 W, 28
2026/10/07 20:35:11.121, 7, 120 MHz, 3996 MHz, 184.59 W, 27
2026/10/07 20:35:12.123, 0, 120 MHz, 3996 MHz, 184.47 W, 32
2026/10/07 20:35:12.123, 1, 120 MHz, 3996 MHz, 186.29 W, 35
2026/10/07 20:35:12.123, 2, 120 MHz, 3996 MHz, 182.17 W, 28
2026/10/07 20:35:12.123, 3, 120 MHz, 3996 MHz, 182.09 W, 28
2026/10/07 20:35:12.123, 4, 120 MHz, 3996 MHz, 182.59 W, 35
2026/10/07 20:35:12.123, 5, 120 MHz, 3996 MHz, 182.57 W, 33
2026/10/07 20:35:12.123, 6, 120 MHz, 3996 MHz, 182.89 W, 28
2026/10/07 20:35:12.123, 7, 120 MHz, 3996 MHz, 184.59 W, 27
2026/10/07 20:35:13.123, 0, 120 MHz, 3996 MHz, 184.47 W, 32
2026/10/07 20:35:13.123, 1, 120 MHz, 3996 MHz, 186.29 W, 35
2026/10/07 20:35:13.123, 2, 120 MHz, 3996 MHz, 182.17 W, 28
2026/10/07 20:35:13.123, 3, 120 MHz, 3996 MHz, 182.04 W, 28
2026/10/07 20:35:13.123, 4, 120 MHz, 3996 MHz, 182.62 W, 35
2026/10/07 20:35:13.123, 5, 120 MHz, 3996 MHz, 182.60 W, 33
2026/10/07 20:35:13.123, 6, 120 MHz, 3996 MHz, 183.00 W, 28
2026/10/07 20:35:13.123, 7, 120 MHz, 3996 MHz, 184.59 W, 27
2026/10/07 20:35:14.124, 0, 120 MHz, 3996 MHz, 184.47 W, 32
2026/10/07 20:35:14.124, 1, 120 MHz, 3996 MHz, 188.07 W, 35
2026/10/07 20:35:14.124, 2, 120 MHz, 3996 MHz, 182.25 W, 28
2026/10/07 20:35:14.124, 3, 120 MHz, 3996 MHz, 181.92 W, 28
2026/10/07 20:35:14.124, 4, 120 MHz, 3996 MHz, 182.60 W, 35
2026/10/07 20:35:14.124, 5, 120 MHz, 3996 MHz, 182.57 W, 33
2026/10/07 20:35:14.124, 6, 120 MHz, 3996 MHz, 183.00 W, 28
2026/10/07 20:35:14.124, 7, 120 MHz, 3996 MHz, 184.59 W, 27
2026/10/07 20:35:15.124, 0, 120 MHz, 3996 MHz, 184.47 W, 32
2026/10/07 20:35:15.124, 1, 120 MHz, 3996 MHz, 188.23 W, 35
2026/10/07 20:35:15.124, 2, 120 MHz, 3996 MHz, 182.25 W, 28
2026/10/07 20:35:15.124, 3, 120 MHz, 3996 MHz, 182.02 W, 28
2026/10/07 20:35:15.124, 4, 120 MHz, 3996 MHz, 182.61 W, 35
2026/10/07 20:35:15.124, 5, 120 MHz, 3996 MHz, 182.57 W, 33
2026/10/07 20:35:15.124, 6, 120 MHz, 3996 MHz, 183.19 W, 28
2026/10/07 20:35:15.124, 7, 120 MHz, 3996 MHz, 184.59 W, 27
2026/10/07 20:35:16.124, 0, 120 MHz, 3996 MHz, 184.47 W, 32
2026/10/07 20:35:16.124, 1, 120 MHz, 3996 MHz, 188.23 W, 35
2026/10/07 20:35:16.124, 2, 120 MHz, 3996 MHz, 182.64 W, 28
2026/10/07 20:35:16.124, 3, 120 MHz, 3996 MHz, 182.05 W, 28
2026/10/07 20:35:16.124, 4, 120 MHz, 3996 MHz, 182.59 W, 35
2026/10/07 20:35:16.124, 5, 120 MHz, 3996 MHz, 182.49 W, 33
2026/10/07 20:35:16.124, 6, 120 MHz, 3996 MHz, 183.31 W, 28
2026/10/07 20:35:16.124, 7, 120 MHz, 3996 MHz, 184.59 W, 27
2026/10/07 20:35:17.124, 0, 120 MHz, 3996 MHz, 184.51 W, 32
2026/10/07 20:35:17.124, 1, 120 MHz, 3996 MHz, 188.15 W, 35
2026/10/07 20:35:17.125, 2, 120 MHz, 3996 MHz, 182.21 W, 28
2026/10/07 20:35:17.125, 3, 120 MHz, 3996 MHz, 182.13 W, 28
2026/10/07 20:35:17.125, 4, 120 MHz, 3996 MHz, 182.60 W, 35
2026/10/07 20:35:17.125, 5, 120 MHz, 3996 MHz, 182.38 W, 33
2026/10/07 20:35:17.125, 6, 120 MHz, 3996 MHz, 184.83 W, 28
2026/10/07 20:35:17.125, 7, 120 MHz, 3996 MHz, 184.59 W, 27
2026/10/07 20:35:18.125, 0, 120 MHz, 3996 MHz, 184.47 W, 32
2026/10/07 20:35:18.125, 1, 120 MHz, 3996 MHz, 188.07 W, 35
2026/10/07 20:35:18.125, 2, 120 MHz, 3996 MHz, 182.25 W, 28
2026/10/07 20:35:18.125, 3, 120 MHz, 3996 MHz, 182.01 W, 28
2026/10/07 20:35:18.125, 4, 120 MHz, 3996 MHz, 182.59 W, 35
2026/10/07 20:35:18.125, 5, 120 MHz, 3996 MHz, 182.60 W, 33
2026/10/07 20:35:18.125, 6, 120 MHz, 3996 MHz, 184.79 W, 28
2026/10/07 20:35:18.125, 7, 120 MHz, 3996 MHz, 184.59 W, 27
2026/10/07 20:35:19.125, 0, 120 MHz, 3996 MHz, 184.47 W, 32
2026/10/07 20:35:19.125, 1, 120 MHz, 3996 MHz, 188.07 W, 35
2026/10/07 20:35:19.125, 2, 120 MHz, 3996 MHz, 182.82 W, 28
2026/10/07 20:35:19.125, 3, 120 MHz, 3996 MHz, 182.17 W, 29
2026/10/07 20:35:19.125, 4, 120 MHz, 3996 MHz, 182.60 W, 35
2026/10/07 20:35:19.125, 5, 120 MHz, 3996 MHz, 182.60 W, 33
2026/10/07 20:35:19.125, 6, 120 MHz, 3996 MHz, 183.92 W, 28
2026/10/07 20:35:19.125, 7, 120 MHz, 3996 MHz, 184.59 W, 27
2026/10/07 20:35:20.125, 0, 120 MHz, 3996 MHz, 184.47 W, 32
2026/10/07 20:35:20.126, 1, 120 MHz, 3996 MHz, 188.11 W, 35
2026/10/07 20:35:20.126, 2, 120 MHz, 3996 MHz, 184.05 W, 28
2026/10/07 20:35:20.126, 3, 120 MHz, 3996 MHz, 182.15 W, 29
2026/10/07 20:35:20.126, 4, 120 MHz, 3996 MHz, 182.61 W, 35
2026/10/07 20:35:20.126, 5, 120 MHz, 3996 MHz, 182.57 W, 33
2026/10/07 20:35:20.126, 6, 120 MHz, 3996 MHz, 184.34 W, 28
2026/10/07 20:35:20.126, 7, 120 MHz, 3996 MHz, 184.59 W, 27
2026/10/07 20:35:21.126, 0, 120 MHz, 3996 MHz, 184.47 W, 32
2026/10/07 20:35:21.126, 1, 120 MHz, 3996 MHz, 187.96 W, 35
2026/10/07 20:35:21.126, 2, 120 MHz, 3996 MHz, 183.71 W, 28
2026/10/07 20:35:21.126, 3, 120 MHz, 3996 MHz, 182.16 W, 29
2026/10/07 20:35:21.126, 4, 120 MHz, 3996 MHz, 182.59 W, 35
2026/10/07 20:35:21.126, 5, 120 MHz, 3996 MHz, 182.53 W, 33
2026/10/07 20:35:21.126, 6, 120 MHz, 3996 MHz, 184.52 W, 28
2026/10/07 20:35:21.126, 7, 120 MHz, 3996 MHz, 184.59 W, 27
2026/10/07 20:35:22.126, 0, 120 MHz, 3996 MHz, 184.47 W, 32
2026/10/07 20:35:22.126, 1, 120 MHz, 3996 MHz, 187.84 W, 35
2026/10/07 20:35:22.126, 2, 120 MHz, 3996 MHz, 183.59 W, 29
2026/10/07 20:35:22.126, 3, 120 MHz, 3996 MHz, 182.15 W, 29
2026/10/07 20:35:22.126, 4, 120 MHz, 3996 MHz, 182.61 W, 34
2026/10/07 20:35:22.126, 5, 120 MHz, 3996 MHz, 182.57 W, 33
2026/10/07 20:35:22.126, 6, 120 MHz, 3996 MHz, 184.34 W, 28
2026/10/07 20:35:22.126, 7, 120 MHz, 3996 MHz, 184.59 W, 27
2026/10/07 20:35:23.127, 0, 120 MHz, 3996 MHz, 184.47 W, 32
2026/10/07 20:35:23.127, 1, 120 MHz, 3996 MHz, 188.07 W, 35
2026/10/07 20:35:23.127, 2, 120 MHz, 3996 MHz, 183.89 W, 29
2026/10/07 20:35:23.127, 3, 120 MHz, 3996 MHz, 182.15 W, 29
2026/10/07 20:35:23.127, 4, 120 MHz, 3996 MHz, 182.58 W, 34
2026/10/07 20:35:23.127, 5, 120 MHz, 3996 MHz, 182.46 W, 33
2026/10/07 20:35:23.127, 6, 120 MHz, 3996 MHz, 184.52 W, 28
2026/10/07 20:35:23.127, 7, 120 MHz, 3996 MHz, 184.59 W, 27
2026/10/07 20:35:24.127, 0, 120 MHz, 3996 MHz, 184.47 W, 32
2026/10/07 20:35:24.127, 1, 120 MHz, 3996 MHz, 187.91 W, 35
2026/10/07 20:35:24.127, 2, 120 MHz, 3996 MHz, 183.67 W, 29
2026/10/07 20:35:24.127, 3, 120 MHz, 3996 MHz, 182.15 W, 29
2026/10/07 20:35:24.127, 4, 120 MHz, 3996 MHz, 182.60 W, 34
2026/10/07 20:35:24.127, 5, 120 MHz, 3996 MHz, 182.53 W, 33
2026/10/07 20:35:24.127, 6, 120 MHz, 3996 MHz, 184.60 W, 28
2026/10/07 20:35:24.127, 7, 120 MHz, 3996 MHz, 184.59 W, 27
2026/10/07 20:35:25.127, 0, 120 MHz, 3996 MHz, 184.47 W, 32
2026/10/07 20:35:25.127, 1, 120 MHz, 3996 MHz, 187.92 W, 35
2026/10/07 20:35:25.127, 2, 120 MHz, 3996 MHz, 183.70 W, 29
2026/10/07 20:35:25.127, 3, 120 MHz, 3996 MHz, 182.15 W, 29
2026/10/07 20:35:25.127, 4, 120 MHz, 3996 MHz, 182.60 W, 34
2026/10/07 20:35:25.127, 5, 120 MHz, 3996 MHz, 182.53 W, 33
2026/10/07 20:35:25.128, 6, 120 MHz, 3996 MHz, 184.48 W, 28
2026/10/07 20:35:25.128, 7, 120 MHz, 3996 MHz, 184.59 W, 27
2026/10/07 20:35:26.128, 0, 120 MHz, 3996 MHz, 184.47 W, 32
2026/10/07 20:35:26.128, 1, 120 MHz, 3996 MHz, 188.11 W, 35
2026/10/07 20:35:26.128, 2, 120 MHz, 3996 MHz, 183.78 W, 29
2026/10/07 20:35:26.128, 3, 120 MHz, 3996 MHz, 182.16 W, 29
2026/10/07 20:35:26.128, 4, 120 MHz, 3996 MHz, 182.59 W, 34
2026/10/07 20:35:26.128, 5, 120 MHz, 3996 MHz, 182.56 W, 33
2026/10/07 20:35:26.128, 6, 120 MHz, 3996 MHz, 184.83 W, 29
2026/10/07 20:35:26.128, 7, 120 MHz, 3996 MHz, 184.59 W, 27
2026/10/07 20:35:27.128, 0, 120 MHz, 3996 MHz, 184.47 W, 32
2026/10/07 20:35:27.128, 1, 120 MHz, 3996 MHz, 188.03 W, 35
2026/10/07 20:35:27.128, 2, 120 MHz, 3996 MHz, 184.05 W, 29
2026/10/07 20:35:27.128, 3, 120 MHz, 3996 MHz, 182.17 W, 29
2026/10/07 20:35:27.128, 4, 120 MHz, 3996 MHz, 182.57 W, 34
2026/10/07 20:35:27.128, 5, 120 MHz, 3996 MHz, 182.64 W, 33
2026/10/07 20:35:27.128, 6, 120 MHz, 3996 MHz, 184.83 W, 29
2026/10/07 20:35:27.128, 7, 120 MHz, 3996 MHz, 184.59 W, 27
2026/10/07 20:35:28.128, 0, 120 MHz, 3996 MHz, 184.47 W, 32
2026/10/07 20:35:28.129, 1, 120 MHz, 3996 MHz, 188.11 W, 35
2026/10/07 20:35:28.129, 2, 120 MHz, 3996 MHz, 183.62 W, 29
2026/10/07 20:35:28.129, 3, 120 MHz, 3996 MHz, 182.17 W, 29
2026/10/07 20:35:28.129, 4, 120 MHz, 3996 MHz, 182.57 W, 34
2026/10/07 20:35:28.129, 5, 120 MHz, 3996 MHz, 182.52 W, 33
2026/10/07 20:35:28.129, 6, 120 MHz, 3996 MHz, 184.83 W, 29
2026/10/07 20:35:28.129, 7, 120 MHz, 3996 MHz, 184.59 W, 27
2026/10/07 20:35:29.129, 0, 120 MHz, 3996 MHz, 184.47 W, 32
2026/10/07 20:35:29.129, 1, 120 MHz, 3996 MHz, 188.07 W, 35
2026/10/07 20:35:29.129, 2, 120 MHz, 3996 MHz, 183.67 W, 29
2026/10/07 20:35:29.129, 3, 120 MHz, 3996 MHz, 182.16 W, 29
2026/10/07 20:35:29.129, 4, 120 MHz, 3996 MHz, 182.57 W, 34
2026/10/07 20:35:29.129, 5, 120 MHz, 3996 MHz, 182.64 W, 33
2026/10/07 20:35:29.129, 6, 120 MHz, 3996 MHz, 184.83 W, 29
2026/10/07 20:35:29.129, 7, 120 MHz, 3996 MHz, 184.59 W, 27
2026/10/07 20:35:30.129, 0, 120 MHz, 3996 MHz, 184.47 W, 32
2026/10/07 20:35:30.129, 1, 120 MHz, 3996 MHz, 188.11 W, 35
2026/10/07 20:35:30.129, 2, 120 MHz, 3996 MHz, 182.59 W, 29
2026/10/07 20:35:30.129, 3, 120 MHz, 3996 MHz, 182.18 W, 29
2026/10/07 20:35:30.129, 4, 120 MHz, 3996 MHz, 182.57 W, 34
2026/10/07 20:35:30.129, 5, 120 MHz, 3996 MHz, 182.60 W, 33
2026/10/07 20:35:30.129, 6, 120 MHz, 3996 MHz, 184.83 W, 29
2026/10/07 20:35:30.129, 7, 120 MHz, 3996 MHz, 184.59 W, 28
2026/10/07 20:35:31.129, 0, 120 MHz, 3996 MHz, 184.47 W, 32
2026/10/07 20:35:31.129, 1, 120 MHz, 3996 MHz, 188.03 W, 35
2026/10/07 20:35:31.130, 2, 120 MHz, 3996 MHz, 182.63 W, 29
2026/10/07 20:35:31.130, 3, 120 MHz, 3996 MHz, 182.15 W, 29
2026/10/07 20:35:31.130, 4, 120 MHz, 3996 MHz, 182.61 W, 34
2026/10/07 20:35:31.130, 5, 120 MHz, 3996 MHz, 182.49 W, 33
2026/10/07 20:35:31.130, 6, 120 MHz, 3996 MHz, 184.83 W, 29
2026/10/07 20:35:31.130, 7, 120 MHz, 3996 MHz, 184.59 W, 28
2026/10/07 20:35:32.130, 0, 120 MHz, 3996 MHz, 184.47 W, 32
2026/10/07 20:35:32.130, 1, 120 MHz, 3996 MHz, 188.03 W, 35
2026/10/07 20:35:32.130, 2, 120 MHz, 3996 MHz, 182.71 W, 29
2026/10/07 20:35:32.130, 3, 120 MHz, 3996 MHz, 182.10 W, 29
2026/10/07 20:35:32.130, 4, 120 MHz, 3996 MHz, 182.60 W, 34
2026/10/07 20:35:32.130, 5, 120 MHz, 3996 MHz, 182.57 W, 33
2026/10/07 20:35:32.130, 6, 120 MHz, 3996 MHz, 184.83 W, 29
2026/10/07 20:35:32.130, 7, 120 MHz, 3996 MHz, 184.59 W, 28
2026/10/07 20:35:33.131, 0, 120 MHz, 3996 MHz, 184.47 W, 32
2026/10/07 20:35:33.131, 1, 120 MHz, 3996 MHz, 188.11 W, 35
2026/10/07 20:35:33.131, 2, 120 MHz, 3996 MHz, 183.40 W, 29
2026/10/07 20:35:33.131, 3, 120 MHz, 3996 MHz, 182.17 W, 29
2026/10/07 20:35:33.131, 4, 120 MHz, 3996 MHz, 182.60 W, 34
2026/10/07 20:35:33.131, 5, 120 MHz, 3996 MHz, 182.49 W, 33
2026/10/07 20:35:33.131, 6, 120 MHz, 3996 MHz, 184.83 W, 29
2026/10/07 20:35:33.131, 7, 120 MHz, 3996 MHz, 184.59 W, 28
2026/10/07 20:35:34.131, 0, 120 MHz, 3996 MHz, 184.58 W, 32
2026/10/07 20:35:34.131, 1, 120 MHz, 3996 MHz, 188.15 W, 35
2026/10/07 20:35:34.131, 2, 120 MHz, 3996 MHz, 183.89 W, 29
2026/10/07 20:35:34.131, 3, 120 MHz, 3996 MHz, 182.15 W, 29
2026/10/07 20:35:34.131, 4, 120 MHz, 3996 MHz, 182.58 W, 34
2026/10/07 20:35:34.131, 5, 120 MHz, 3996 MHz, 182.65 W, 33
2026/10/07 20:35:34.131, 6, 2032 MHz, 3996 MHz, 202.30 W, 29
2026/10/07 20:35:34.131, 7, 120 MHz, 3996 MHz, 184.56 W, 28
2026/10/07 20:35:35.132, 0, 120 MHz, 3996 MHz, 184.58 W, 32
2026/10/07 20:35:35.132, 1, 120 MHz, 3996 MHz, 188.23 W, 35
2026/10/07 20:35:35.132, 2, 120 MHz, 3996 MHz, 184.09 W, 29
2026/10/07 20:35:35.132, 3, 120 MHz, 3996 MHz, 182.33 W, 29
2026/10/07 20:35:35.132, 4, 120 MHz, 3996 MHz, 182.58 W, 34
2026/10/07 20:35:35.132, 5, 120 MHz, 3996 MHz, 182.64 W, 33
2026/10/07 20:35:35.132, 6, 2032 MHz, 3996 MHz, 237.00 W, 30
2026/10/07 20:35:35.132, 7, 120 MHz, 3996 MHz, 184.47 W, 28
2026/10/07 20:35:36.132, 0, 120 MHz, 3996 MHz, 184.58 W, 32
2026/10/07 20:35:36.132, 1, 120 MHz, 3996 MHz, 186.67 W, 35
2026/10/07 20:35:36.132, 2, 120 MHz, 3996 MHz, 184.05 W, 29
2026/10/07 20:35:36.132, 3, 120 MHz, 3996 MHz, 182.15 W, 29
2026/10/07 20:35:36.132, 4, 120 MHz, 3996 MHz, 182.58 W, 34
2026/10/07 20:35:36.132, 5, 120 MHz, 3996 MHz, 182.68 W, 33
2026/10/07 20:35:36.132, 6, 2032 MHz, 3996 MHz, 237.18 W, 30
2026/10/07 20:35:36.132, 7, 120 MHz, 3996 MHz, 184.47 W, 28
2026/10/07 20:35:37.132, 0, 2032 MHz, 3996 MHz, 185.16 W, 32
2026/10/07 20:35:37.132, 1, 120 MHz, 3996 MHz, 186.29 W, 35
2026/10/07 20:35:37.133, 2, 120 MHz, 3996 MHz, 183.86 W, 29
2026/10/07 20:35:37.133, 3, 120 MHz, 3996 MHz, 182.30 W, 29
2026/10/07 20:35:37.133, 4, 120 MHz, 3996 MHz, 182.59 W, 34
2026/10/07 20:35:37.133, 5, 120 MHz, 3996 MHz, 182.68 W, 33
2026/10/07 20:35:37.133, 6, 2032 MHz, 3996 MHz, 237.17 W, 30
2026/10/07 20:35:37.133, 7, 120 MHz, 3996 MHz, 184.47 W, 28
2026/10/07 20:35:38.133, 0, 2032 MHz, 3996 MHz, 235.96 W, 33
2026/10/07 20:35:38.133, 1, 120 MHz, 3996 MHz, 186.17 W, 35
2026/10/07 20:35:38.133, 2, 120 MHz, 3996 MHz, 183.98 W, 29
2026/10/07 20:35:38.133, 3, 120 MHz, 3996 MHz, 182.30 W, 29
2026/10/07 20:35:38.133, 4, 120 MHz, 3996 MHz, 182.58 W, 34
2026/10/07 20:35:38.133, 5, 120 MHz, 3996 MHz, 182.65 W, 33
2026/10/07 20:35:38.133, 6, 2032 MHz, 3996 MHz, 236.59 W, 30
2026/10/07 20:35:38.133, 7, 120 MHz, 3996 MHz, 184.47 W, 28
2026/10/07 20:35:39.133, 0, 2032 MHz, 3996 MHz, 236.43 W, 33
2026/10/07 20:35:39.133, 1, 120 MHz, 3996 MHz, 186.16 W, 35
2026/10/07 20:35:39.133, 2, 120 MHz, 3996 MHz, 183.85 W, 29
2026/10/07 20:35:39.133, 3, 120 MHz, 3996 MHz, 182.48 W, 29
2026/10/07 20:35:39.133, 4, 120 MHz, 3996 MHz, 182.59 W, 34
2026/10/07 20:35:39.133, 5, 120 MHz, 3996 MHz, 182.64 W, 33
2026/10/07 20:35:39.133, 6, 2032 MHz, 3996 MHz, 236.55 W, 30
2026/10/07 20:35:39.133, 7, 120 MHz, 3996 MHz, 184.47 W, 28
2026/10/07 20:35:40.134, 0, 2032 MHz, 3996 MHz, 234.91 W, 33
2026/10/07 20:35:40.134, 1, 120 MHz, 3996 MHz, 186.16 W, 35
2026/10/07 20:35:40.134, 2, 120 MHz, 3996 MHz, 184.09 W, 29
2026/10/07 20:35:40.134, 3, 120 MHz, 3996 MHz, 182.57 W, 29
2026/10/07 20:35:40.134, 4, 120 MHz, 3996 MHz, 182.59 W, 34
2026/10/07 20:35:40.134, 5, 120 MHz, 3996 MHz, 182.61 W, 33
2026/10/07 20:35:40.134, 6, 2032 MHz, 3996 MHz, 235.44 W, 30
2026/10/07 20:35:40.134, 7, 120 MHz, 3996 MHz, 184.47 W, 28
2026/10/07 20:35:41.134, 0, 2032 MHz, 3996 MHz, 234.95 W, 33
2026/10/07 20:35:41.134, 1, 120 MHz, 3996 MHz, 186.16 W, 35
2026/10/07 20:35:41.134, 2, 120 MHz, 3996 MHz, 184.09 W, 29
2026/10/07 20:35:41.134, 3, 120 MHz, 3996 MHz, 182.38 W, 29
2026/10/07 20:35:41.134, 4, 120 MHz, 3996 MHz, 182.59 W, 34
2026/10/07 20:35:41.134, 5, 120 MHz, 3996 MHz, 182.61 W, 33
2026/10/07 20:35:41.134, 6, 2032 MHz, 3996 MHz, 235.78 W, 30
2026/10/07 20:35:41.134, 7, 120 MHz, 3996 MHz, 184.47 W, 28
2026/10/07 20:35:42.135, 0, 2032 MHz, 3996 MHz, 236.15 W, 34
2026/10/07 20:35:42.135, 1, 2032 MHz, 3996 MHz, 242.35 W, 36
2026/10/07 20:35:42.135, 2, 120 MHz, 3996 MHz, 184.01 W, 29
2026/10/07 20:35:42.135, 3, 120 MHz, 3996 MHz, 182.56 W, 29
2026/10/07 20:35:42.135, 4, 120 MHz, 3996 MHz, 182.58 W, 34
2026/10/07 20:35:42.135, 5, 120 MHz, 3996 MHz, 182.64 W, 33
2026/10/07 20:35:42.135, 6, 2032 MHz, 3996 MHz, 237.36 W, 31
2026/10/07 20:35:42.135, 7, 120 MHz, 3996 MHz, 184.47 W, 28
2026/10/07 20:35:43.135, 0, 2032 MHz, 3996 MHz, 236.76 W, 34
2026/10/07 20:35:43.135, 1, 2032 MHz, 3996 MHz, 247.77 W, 36
2026/10/07 20:35:43.135, 2, 120 MHz, 3996 MHz, 184.09 W, 29
2026/10/07 20:35:43.135, 3, 120 MHz, 3996 MHz, 182.57 W, 29
2026/10/07 20:35:43.135, 4, 120 MHz, 3996 MHz, 182.57 W, 34
2026/10/07 20:35:43.135, 5, 120 MHz, 3996 MHz, 182.64 W, 33
2026/10/07 20:35:43.135, 6, 2032 MHz, 3996 MHz, 237.77 W, 31
2026/10/07 20:35:43.135, 7, 120 MHz, 3996 MHz, 184.47 W, 28
2026/10/07 20:35:44.135, 0, 2032 MHz, 3996 MHz, 237.07 W, 34
2026/10/07 20:35:44.135, 1, 2032 MHz, 3996 MHz, 248.08 W, 36
2026/10/07 20:35:44.135, 2, 120 MHz, 3996 MHz, 184.05 W, 29
2026/10/07 20:35:44.135, 3, 120 MHz, 3996 MHz, 182.79 W, 29
2026/10/07 20:35:44.135, 4, 120 MHz, 3996 MHz, 182.53 W, 34
2026/10/07 20:35:44.135, 5, 2032 MHz, 3996 MHz, 201.51 W, 34
2026/10/07 20:35:44.135, 6, 2032 MHz, 3996 MHz, 237.27 W, 31
2026/10/07 20:35:44.135, 7, 120 MHz, 3996 MHz, 184.47 W, 28
2026/10/07 20:35:45.136, 0, 2032 MHz, 3996 MHz, 237.42 W, 34
2026/10/07 20:35:45.136, 1, 2032 MHz, 3996 MHz, 248.38 W, 36
2026/10/07 20:35:45.136, 2, 2032 MHz, 3996 MHz, 203.41 W, 30
2026/10/07 20:35:45.136, 3, 120 MHz, 3996 MHz, 182.74 W, 30
2026/10/07 20:35:45.136, 4, 120 MHz, 3996 MHz, 182.46 W, 34
2026/10/07 20:35:45.136, 5, 2032 MHz, 3996 MHz, 235.19 W, 34
2026/10/07 20:35:45.136, 6, 2032 MHz, 3996 MHz, 254.26 W, 31
2026/10/07 20:35:45.136, 7, 2032 MHz, 3996 MHz, 208.12 W, 29
2026/10/07 20:35:46.136, 0, 2032 MHz, 3996 MHz, 254.53 W, 34
2026/10/07 20:35:46.136, 1, 2032 MHz, 3996 MHz, 249.01 W, 36
2026/10/07 20:35:46.136, 2, 2032 MHz, 3996 MHz, 234.93 W, 31
2026/10/07 20:35:46.136, 3, 120 MHz, 3996 MHz, 182.97 W, 30
2026/10/07 20:35:46.136, 4, 2032 MHz, 3996 MHz, 222.55 W, 35
2026/10/07 20:35:46.136, 5, 2032 MHz, 3996 MHz, 235.88 W, 34
2026/10/07 20:35:46.136, 6, 2032 MHz, 3996 MHz, 237.08 W, 31
2026/10/07 20:35:46.136, 7, 2032 MHz, 3996 MHz, 236.43 W, 29
2026/10/07 20:35:47.136, 0, 2032 MHz, 3996 MHz, 236.50 W, 34
2026/10/07 20:35:47.136, 1, 2032 MHz, 3996 MHz, 248.55 W, 36
2026/10/07 20:35:47.136, 2, 2032 MHz, 3996 MHz, 235.13 W, 31
2026/10/07 20:35:47.136, 3, 120 MHz, 3996 MHz, 182.82 W, 30
2026/10/07 20:35:47.136, 4, 2032 MHz, 3996 MHz, 234.38 W, 36
2026/10/07 20:35:47.136, 5, 2032 MHz, 3996 MHz, 236.90 W, 34
2026/10/07 20:35:47.136, 6, 2032 MHz, 3996 MHz, 237.05 W, 31
2026/10/07 20:35:47.136, 7, 2032 MHz, 3996 MHz, 236.74 W, 29
2026/10/07 20:35:48.136, 0, 2032 MHz, 3996 MHz, 240.56 W, 35
2026/10/07 20:35:48.137, 1, 2032 MHz, 3996 MHz, 266.76 W, 36
2026/10/07 20:35:48.137, 2, 2032 MHz, 3996 MHz, 236.65 W, 31
2026/10/07 20:35:48.137, 3, 120 MHz, 3996 MHz, 182.88 W, 30
2026/10/07 20:35:48.137, 4, 2032 MHz, 3996 MHz, 234.52 W, 36
2026/10/07 20:35:48.137, 5, 2032 MHz, 3996 MHz, 236.60 W, 34
2026/10/07 20:35:48.137, 6, 2032 MHz, 3996 MHz, 269.28 W, 33
2026/10/07 20:35:48.137, 7, 2032 MHz, 3996 MHz, 238.45 W, 30
2026/10/07 20:35:49.137, 0, 2032 MHz, 3996 MHz, 318.24 W, 35
2026/10/07 20:35:49.137, 1, 2032 MHz, 3996 MHz, 248.07 W, 36
2026/10/07 20:35:49.137, 2, 2032 MHz, 3996 MHz, 236.05 W, 31
2026/10/07 20:35:49.137, 3, 2032 MHz, 3996 MHz, 206.91 W, 31
2026/10/07 20:35:49.137, 4, 2032 MHz, 3996 MHz, 235.98 W, 36
2026/10/07 20:35:49.137, 5, 2032 MHz, 3996 MHz, 255.11 W, 35
2026/10/07 20:35:49.137, 6, 2032 MHz, 3996 MHz, 308.75 W, 32
2026/10/07 20:35:49.137, 7, 2032 MHz, 3996 MHz, 255.35 W, 30
2026/10/07 20:35:50.137, 0, 2032 MHz, 3996 MHz, 291.90 W, 35
2026/10/07 20:35:50.137, 1, 2032 MHz, 3996 MHz, 247.84 W, 36
2026/10/07 20:35:50.137, 2, 2032 MHz, 3996 MHz, 253.49 W, 31
2026/10/07 20:35:50.137, 3, 2032 MHz, 3996 MHz, 234.96 W, 31
2026/10/07 20:35:50.137, 4, 2032 MHz, 3996 MHz, 235.09 W, 36
2026/10/07 20:35:50.137, 5, 2032 MHz, 3996 MHz, 235.96 W, 35
2026/10/07 20:35:50.137, 6, 2032 MHz, 3996 MHz, 299.58 W, 32
2026/10/07 20:35:50.137, 7, 2032 MHz, 3996 MHz, 237.46 W, 30
2026/10/07 20:35:51.137, 0, 2032 MHz, 3996 MHz, 283.34 W, 35
2026/10/07 20:35:51.137, 1, 2032 MHz, 3996 MHz, 247.82 W, 36
2026/10/07 20:35:51.137, 2, 2032 MHz, 3996 MHz, 234.74 W, 31
2026/10/07 20:35:51.137, 3, 2032 MHz, 3996 MHz, 234.70 W, 31
2026/10/07 20:35:51.137, 4, 2032 MHz, 3996 MHz, 234.78 W, 36
2026/10/07 20:35:51.137, 5, 2032 MHz, 3996 MHz, 236.47 W, 35
2026/10/07 20:35:51.138, 6, 2032 MHz, 3996 MHz, 268.75 W, 32
2026/10/07 20:35:51.138, 7, 2032 MHz, 3996 MHz, 236.63 W, 30
2026/10/07 20:35:52.138, 0, 2032 MHz, 3996 MHz, 254.75 W, 34
2026/10/07 20:35:52.138, 1, 2032 MHz, 3996 MHz, 247.92 W, 36
2026/10/07 20:35:52.138, 2, 2032 MHz, 3996 MHz, 340.32 W, 33
2026/10/07 20:35:52.138, 3, 2032 MHz, 3996 MHz, 235.86 W, 31
2026/10/07 20:35:52.138, 4, 2032 MHz, 3996 MHz, 253.10 W, 36
2026/10/07 20:35:52.138, 5, 2032 MHz, 3996 MHz, 236.37 W, 35
2026/10/07 20:35:52.138, 6, 2032 MHz, 3996 MHz, 258.09 W, 32
2026/10/07 20:35:52.138, 7, 2032 MHz, 3996 MHz, 236.71 W, 30
2026/10/07 20:35:53.138, 0, 2032 MHz, 3996 MHz, 253.69 W, 34
2026/10/07 20:35:53.138, 1, 2032 MHz, 3996 MHz, 247.93 W, 36
2026/10/07 20:35:53.138, 2, 2032 MHz, 3996 MHz, 326.78 W, 32
2026/10/07 20:35:53.138, 3, 2032 MHz, 3996 MHz, 236.39 W, 31
2026/10/07 20:35:53.138, 4, 2032 MHz, 3996 MHz, 234.67 W, 36
2026/10/07 20:35:53.138, 5, 2032 MHz, 3996 MHz, 236.42 W, 35
2026/10/07 20:35:53.138, 6, 2032 MHz, 3996 MHz, 255.23 W, 32
2026/10/07 20:35:53.138, 7, 2032 MHz, 3996 MHz, 236.70 W, 30
2026/10/07 20:35:54.138, 0, 2032 MHz, 3996 MHz, 249.18 W, 34
2026/10/07 20:35:54.138, 1, 2032 MHz, 3996 MHz, 247.96 W, 36
2026/10/07 20:35:54.138, 2, 2032 MHz, 3996 MHz, 264.89 W, 32
2026/10/07 20:35:54.138, 3, 2032 MHz, 3996 MHz, 236.55 W, 31
2026/10/07 20:35:54.138, 4, 2032 MHz, 3996 MHz, 234.84 W, 36
2026/10/07 20:35:54.138, 5, 2032 MHz, 3996 MHz, 236.34 W, 35
2026/10/07 20:35:54.138, 6, 2032 MHz, 3996 MHz, 241.42 W, 32
2026/10/07 20:35:54.139, 7, 2032 MHz, 3996 MHz, 236.73 W, 30
2026/10/07 20:35:55.139, 0, 2032 MHz, 3996 MHz, 241.90 W, 34
2026/10/07 20:35:55.139, 1, 2032 MHz, 3996 MHz, 250.70 W, 37
2026/10/07 20:35:55.139, 2, 2032 MHz, 3996 MHz, 249.94 W, 32
2026/10/07 20:35:55.139, 3, 2032 MHz, 3996 MHz, 253.99 W, 32
2026/10/07 20:35:55.139, 4, 2032 MHz, 3996 MHz, 308.01 W, 37
2026/10/07 20:35:55.139, 5, 2032 MHz, 3996 MHz, 238.98 W, 35
2026/10/07 20:35:55.139, 6, 2032 MHz, 3996 MHz, 244.42 W, 32
2026/10/07 20:35:55.139, 7, 2032 MHz, 3996 MHz, 241.20 W, 31
2026/10/07 20:35:56.139, 0, 2032 MHz, 3996 MHz, 237.95 W, 34
2026/10/07 20:35:56.139, 1, 2032 MHz, 3996 MHz, 252.69 W, 37
2026/10/07 20:35:56.139, 2, 2032 MHz, 3996 MHz, 241.91 W, 32
2026/10/07 20:35:56.139, 3, 2032 MHz, 3996 MHz, 239.43 W, 31
2026/10/07 20:35:56.139, 4, 2032 MHz, 3996 MHz, 290.10 W, 37
2026/10/07 20:35:56.139, 5, 2032 MHz, 3996 MHz, 240.00 W, 35
2026/10/07 20:35:56.139, 6, 2032 MHz, 3996 MHz, 237.63 W, 32
2026/10/07 20:35:56.139, 7, 2032 MHz, 3996 MHz, 239.87 W, 30
2026/10/07 20:35:57.139, 0, 2032 MHz, 3996 MHz, 236.57 W, 34
2026/10/07 20:35:57.139, 1, 2032 MHz, 3996 MHz, 248.25 W, 37
2026/10/07 20:35:57.139, 2, 2032 MHz, 3996 MHz, 236.64 W, 32
2026/10/07 20:35:57.139, 3, 2032 MHz, 3996 MHz, 240.20 W, 32
2026/10/07 20:35:57.139, 4, 2032 MHz, 3996 MHz, 287.59 W, 37
2026/10/07 20:35:57.139, 5, 2032 MHz, 3996 MHz, 236.09 W, 35
2026/10/07 20:35:57.140, 6, 2032 MHz, 3996 MHz, 238.30 W, 32
2026/10/07 20:35:57.140, 7, 2032 MHz, 3996 MHz, 345.49 W, 32
2026/10/07 20:35:58.140, 0, 2032 MHz, 3996 MHz, 236.53 W, 34
2026/10/07 20:35:58.140, 1, 2032 MHz, 3996 MHz, 325.09 W, 38
2026/10/07 20:35:58.140, 2, 2032 MHz, 3996 MHz, 236.66 W, 32
2026/10/07 20:35:58.140, 3, 2032 MHz, 3996 MHz, 236.08 W, 32
2026/10/07 20:35:58.140, 4, 2032 MHz, 3996 MHz, 255.94 W, 37
2026/10/07 20:35:58.140, 5, 2032 MHz, 3996 MHz, 319.56 W, 37
2026/10/07 20:35:58.140, 6, 2032 MHz, 3996 MHz, 238.29 W, 32
2026/10/07 20:35:58.140, 7, 2032 MHz, 3996 MHz, 321.58 W, 31
2026/10/07 20:35:59.140, 0, 2032 MHz, 3996 MHz, 236.52 W, 34
2026/10/07 20:35:59.140, 1, 2032 MHz, 3996 MHz, 309.01 W, 38
2026/10/07 20:35:59.140, 2, 2032 MHz, 3996 MHz, 236.49 W, 32
2026/10/07 20:35:59.140, 3, 2032 MHz, 3996 MHz, 291.58 W, 33
2026/10/07 20:35:59.140, 4, 2032 MHz, 3996 MHz, 254.13 W, 37
2026/10/07 20:35:59.140, 5, 2032 MHz, 3996 MHz, 292.71 W, 36
2026/10/07 20:35:59.140, 6, 2032 MHz, 3996 MHz, 238.49 W, 32
2026/10/07 20:35:59.140, 7, 2032 MHz, 3996 MHz, 266.85 W, 31
2026/10/07 20:36:00.140, 0, 2032 MHz, 3996 MHz, 236.96 W, 34
2026/10/07 20:36:00.140, 1, 2032 MHz, 3996 MHz, 294.87 W, 38
2026/10/07 20:36:00.140, 2, 2032 MHz, 3996 MHz, 236.49 W, 32
2026/10/07 20:36:00.141, 3, 2032 MHz, 3996 MHz, 291.39 W, 33
2026/10/07 20:36:00.141, 4, 2032 MHz, 3996 MHz, 243.89 W, 37
2026/10/07 20:36:00.141, 5, 2032 MHz, 3996 MHz, 289.57 W, 36
2026/10/07 20:36:00.141, 6, 2032 MHz, 3996 MHz, 238.30 W, 32
2026/10/07 20:36:00.141, 7, 2032 MHz, 3996 MHz, 249.92 W, 31
2026/10/07 20:36:01.141, 0, 2032 MHz, 3996 MHz, 237.04 W, 34
2026/10/07 20:36:01.141, 1, 2032 MHz, 3996 MHz, 266.63 W, 37
2026/10/07 20:36:01.141, 2, 2032 MHz, 3996 MHz, 236.74 W, 32
2026/10/07 20:36:01.141, 3, 2032 MHz, 3996 MHz, 287.97 W, 33
2026/10/07 20:36:01.141, 4, 2032 MHz, 3996 MHz, 240.47 W, 37
2026/10/07 20:36:01.141, 5, 2032 MHz, 3996 MHz, 265.19 W, 36
2026/10/07 20:36:01.141, 6, 2032 MHz, 3996 MHz, 238.58 W, 32
2026/10/07 20:36:01.141, 7, 2032 MHz, 3996 MHz, 244.34 W, 31
2026/10/07 20:36:02.141, 0, 2032 MHz, 3996 MHz, 244.93 W, 35
2026/10/07 20:36:02.141, 1, 2032 MHz, 3996 MHz, 270.00 W, 37
2026/10/07 20:36:02.141, 2, 2032 MHz, 3996 MHz, 245.04 W, 32
2026/10/07 20:36:02.141, 3, 2032 MHz, 3996 MHz, 262.26 W, 32
2026/10/07 20:36:02.141, 4, 2032 MHz, 3996 MHz, 240.51 W, 37
2026/10/07 20:36:02.141, 5, 2032 MHz, 3996 MHz, 248.34 W, 35
2026/10/07 20:36:02.141, 6, 2032 MHz, 3996 MHz, 238.42 W, 32
2026/10/07 20:36:02.141, 7, 2032 MHz, 3996 MHz, 237.86 W, 31
2026/10/07 20:36:03.141, 0, 2032 MHz, 3996 MHz, 236.51 W, 35
2026/10/07 20:36:03.141, 1, 2032 MHz, 3996 MHz, 263.47 W, 37
2026/10/07 20:36:03.141, 2, 2032 MHz, 3996 MHz, 236.61 W, 32
2026/10/07 20:36:03.141, 3, 2032 MHz, 3996 MHz, 250.97 W, 32
2026/10/07 20:36:03.141, 4, 2032 MHz, 3996 MHz, 235.11 W, 37
2026/10/07 20:36:03.142, 5, 2032 MHz, 3996 MHz, 243.17 W, 35
2026/10/07 20:36:03.142, 6, 2032 MHz, 3996 MHz, 238.42 W, 32
2026/10/07 20:36:03.142, 7, 2032 MHz, 3996 MHz, 237.69 W, 31
2026/10/07 20:36:04.142, 0, 2032 MHz, 3996 MHz, 236.66 W, 35
2026/10/07 20:36:04.142, 1, 2032 MHz, 3996 MHz, 253.36 W, 37
2026/10/07 20:36:04.142, 2, 2032 MHz, 3996 MHz, 236.59 W, 32
2026/10/07 20:36:04.142, 3, 2032 MHz, 3996 MHz, 254.83 W, 32
2026/10/07 20:36:04.142, 4, 2032 MHz, 3996 MHz, 235.09 W, 37
2026/10/07 20:36:04.142, 5, 2032 MHz, 3996 MHz, 237.09 W, 35
2026/10/07 20:36:04.142, 6, 2032 MHz, 3996 MHz, 238.84 W, 32
2026/10/07 20:36:04.142, 7, 2032 MHz, 3996 MHz, 238.17 W, 31
2026/10/07 20:36:05.142, 0, 2032 MHz, 3996 MHz, 236.55 W, 35
2026/10/07 20:36:05.142, 1, 2032 MHz, 3996 MHz, 256.01 W, 37
2026/10/07 20:36:05.142, 2, 2032 MHz, 3996 MHz, 236.62 W, 32
2026/10/07 20:36:05.142, 3, 2032 MHz, 3996 MHz, 246.72 W, 32
2026/10/07 20:36:05.142, 4, 2032 MHz, 3996 MHz, 235.06 W, 37
2026/10/07 20:36:05.142, 5, 2032 MHz, 3996 MHz, 236.80 W, 35
2026/10/07 20:36:05.142, 6, 2032 MHz, 3996 MHz, 238.72 W, 32
2026/10/07 20:36:05.142, 7, 2032 MHz, 3996 MHz, 238.18 W, 31
2026/10/07 20:36:06.142, 0, 2032 MHz, 3996 MHz, 236.57 W, 35
2026/10/07 20:36:06.142, 1, 2032 MHz, 3996 MHz, 249.73 W, 37
2026/10/07 20:36:06.142, 2, 2032 MHz, 3996 MHz, 236.64 W, 32
2026/10/07 20:36:06.142, 3, 2032 MHz, 3996 MHz, 241.93 W, 32
2026/10/07 20:36:06.142, 4, 2032 MHz, 3996 MHz, 235.19 W, 37
2026/10/07 20:36:06.142, 5, 2032 MHz, 3996 MHz, 236.93 W, 35
2026/10/07 20:36:06.143, 6, 2032 MHz, 3996 MHz, 238.99 W, 32
2026/10/07 20:36:06.143, 7, 2032 MHz, 3996 MHz, 238.17 W, 31
2026/10/07 20:36:07.143, 0, 2032 MHz, 3996 MHz, 236.58 W, 35
2026/10/07 20:36:07.143, 1, 2032 MHz, 3996 MHz, 249.58 W, 37
2026/10/07 20:36:07.143, 2, 2032 MHz, 3996 MHz, 236.65 W, 32
2026/10/07 20:36:07.143, 3, 2032 MHz, 3996 MHz, 238.30 W, 32
2026/10/07 20:36:07.143, 4, 2032 MHz, 3996 MHz, 235.30 W, 37
2026/10/07 20:36:07.143, 5, 2032 MHz, 3996 MHz, 237.00 W, 35
2026/10/07 20:36:07.143, 6, 2032 MHz, 3996 MHz, 248.14 W, 33
2026/10/07 20:36:07.143, 7, 2032 MHz, 3996 MHz, 238.27 W, 31
2026/10/07 20:36:08.143, 0, 2032 MHz, 3996 MHz, 236.63 W, 35
2026/10/07 20:36:08.143, 1, 2032 MHz, 3996 MHz, 249.59 W, 37
2026/10/07 20:36:08.143, 2, 2032 MHz, 3996 MHz, 236.66 W, 32
2026/10/07 20:36:08.143, 3, 2032 MHz, 3996 MHz, 236.74 W, 32
2026/10/07 20:36:08.143, 4, 2032 MHz, 3996 MHz, 235.33 W, 37
2026/10/07 20:36:08.143, 5, 2032 MHz, 3996 MHz, 237.04 W, 36
2026/10/07 20:36:08.143, 6, 2032 MHz, 3996 MHz, 238.96 W, 32
2026/10/07 20:36:08.143, 7, 2032 MHz, 3996 MHz, 238.10 W, 31
2026/10/07 20:36:09.143, 0, 2032 MHz, 3996 MHz, 236.85 W, 35
2026/10/07 20:36:09.143, 1, 2032 MHz, 3996 MHz, 249.82 W, 37
2026/10/07 20:36:09.143, 2, 2032 MHz, 3996 MHz, 236.66 W, 32
2026/10/07 20:36:09.143, 3, 2032 MHz, 3996 MHz, 236.66 W, 32
2026/10/07 20:36:09.143, 4, 2032 MHz, 3996 MHz, 235.55 W, 37
2026/10/07 20:36:09.143, 5, 2032 MHz, 3996 MHz, 236.89 W, 36
2026/10/07 20:36:09.143, 6, 2032 MHz, 3996 MHz, 238.99 W, 32
2026/10/07 20:36:09.144, 7, 2032 MHz, 3996 MHz, 238.10 W, 31
2026/10/07 20:36:10.144, 0, 2032 MHz, 3996 MHz, 236.85 W, 35
2026/10/07 20:36:10.144, 1, 2032 MHz, 3996 MHz, 249.86 W, 37
2026/10/07 20:36:10.144, 2, 2032 MHz, 3996 MHz, 236.66 W, 32
2026/10/07 20:36:10.144, 3, 2032 MHz, 3996 MHz, 236.66 W, 32
2026/10/07 20:36:10.144, 4, 2032 MHz, 3996 MHz, 236.33 W, 37
2026/10/07 20:36:10.144, 5, 2032 MHz, 3996 MHz, 237.04 W, 36
2026/10/07 20:36:10.144, 6, 2032 MHz, 3996 MHz, 238.99 W, 32
2026/10/07 20:36:10.144, 7, 2032 MHz, 3996 MHz, 238.18 W, 31
2026/10/07 20:36:11.144, 0, 2032 MHz, 3996 MHz, 236.97 W, 35
2026/10/07 20:36:11.144, 1, 2032 MHz, 3996 MHz, 249.81 W, 37
2026/10/07 20:36:11.144, 2, 2032 MHz, 3996 MHz, 236.66 W, 32
2026/10/07 20:36:11.144, 3, 2032 MHz, 3996 MHz, 236.66 W, 32
2026/10/07 20:36:11.144, 4, 2032 MHz, 3996 MHz, 236.48 W, 37
2026/10/07 20:36:11.144, 5, 2032 MHz, 3996 MHz, 236.97 W, 36
2026/10/07 20:36:11.144, 6, 2032 MHz, 3996 MHz, 238.99 W, 32
2026/10/07 20:36:11.144, 7, 2032 MHz, 3996 MHz, 238.25 W, 31
2026/10/07 20:36:12.144, 0, 2032 MHz, 3996 MHz, 236.88 W, 35
2026/10/07 20:36:12.144, 1, 2032 MHz, 3996 MHz, 249.91 W, 38
2026/10/07 20:36:12.144, 2, 2032 MHz, 3996 MHz, 236.66 W, 32
2026/10/07 20:36:12.144, 3, 2032 MHz, 3996 MHz, 236.73 W, 32
2026/10/07 20:36:12.144, 4, 2032 MHz, 3996 MHz, 244.80 W, 37
2026/10/07 20:36:12.144, 5, 2032 MHz, 3996 MHz, 236.93 W, 36
2026/10/07 20:36:12.144, 6, 2032 MHz, 3996 MHz, 238.99 W, 32
2026/10/07 20:36:12.144, 7, 2032 MHz, 3996 MHz, 238.60 W, 31
2026/10/07 20:36:13.145, 0, 2032 MHz, 3996 MHz, 236.98 W, 35
2026/10/07 20:36:13.145, 1, 2032 MHz, 3996 MHz, 249.87 W, 38
2026/10/07 20:36:13.145, 2, 2032 MHz, 3996 MHz, 236.66 W, 32
2026/10/07 20:36:13.145, 3, 2032 MHz, 3996 MHz, 236.70 W, 33
2026/10/07 20:36:13.145, 4, 2032 MHz, 3996 MHz, 236.35 W, 37
2026/10/07 20:36:13.145, 5, 2032 MHz, 3996 MHz, 237.10 W, 36
2026/10/07 20:36:13.145, 6, 2032 MHz, 3996 MHz, 238.99 W, 32
2026/10/07 20:36:13.145, 7, 2032 MHz, 3996 MHz, 238.45 W, 31
2026/10/07 20:36:14.145, 0, 2032 MHz, 3996 MHz, 237.48 W, 35
2026/10/07 20:36:14.145, 1, 2032 MHz, 3996 MHz, 249.89 W, 38
2026/10/07 20:36:14.145, 2, 2032 MHz, 3996 MHz, 236.66 W, 33
2026/10/07 20:36:14.145, 3, 2032 MHz, 3996 MHz, 236.77 W, 33
2026/10/07 20:36:14.145, 4, 2032 MHz, 3996 MHz, 236.57 W, 37
2026/10/07 20:36:14.145, 5, 2032 MHz, 3996 MHz, 237.22 W, 36
2026/10/07 20:36:14.145, 6, 2032 MHz, 3996 MHz, 238.99 W, 33
2026/10/07 20:36:14.145, 7, 2032 MHz, 3996 MHz, 238.45 W, 31
2026/10/07 20:36:15.145, 0, 2032 MHz, 3996 MHz, 237.13 W, 35
2026/10/07 20:36:15.145, 1, 2032 MHz, 3996 MHz, 249.92 W, 38
2026/10/07 20:36:15.145, 2, 2032 MHz, 3996 MHz, 236.66 W, 33
2026/10/07 20:36:15.145, 3, 2032 MHz, 3996 MHz, 236.85 W, 33
2026/10/07 20:36:15.145, 4, 2032 MHz, 3996 MHz, 236.47 W, 37
2026/10/07 20:36:15.145, 5, 2032 MHz, 3996 MHz, 237.46 W, 36
2026/10/07 20:36:15.145, 6, 2032 MHz, 3996 MHz, 238.99 W, 33
2026/10/07 20:36:15.145, 7, 2032 MHz, 3996 MHz, 238.60 W, 31
2026/10/07 20:36:16.146, 0, 2032 MHz, 3996 MHz, 237.27 W, 35
2026/10/07 20:36:16.146, 1, 2032 MHz, 3996 MHz, 249.92 W, 38
2026/10/07 20:36:16.146, 2, 2032 MHz, 3996 MHz, 236.66 W, 33
2026/10/07 20:36:16.146, 3, 2032 MHz, 3996 MHz, 236.77 W, 33
2026/10/07 20:36:16.147, 4, 2032 MHz, 3996 MHz, 236.51 W, 37
2026/10/07 20:36:16.147, 5, 2032 MHz, 3996 MHz, 238.28 W, 36
2026/10/07 20:36:16.147, 6, 2032 MHz, 3996 MHz, 238.99 W, 33
2026/10/07 20:36:16.147, 7, 2032 MHz, 3996 MHz, 238.68 W, 32
2026/10/07 20:36:17.147, 0, 2032 MHz, 3996 MHz, 237.54 W, 35
2026/10/07 20:36:17.147, 1, 2032 MHz, 3996 MHz, 249.92 W, 38
2026/10/07 20:36:17.147, 2, 2032 MHz, 3996 MHz, 236.66 W, 33
2026/10/07 20:36:17.147, 3, 2032 MHz, 3996 MHz, 237.12 W, 33
2026/10/07 20:36:17.147, 4, 2032 MHz, 3996 MHz, 236.48 W, 37
2026/10/07 20:36:17.147, 5, 2032 MHz, 3996 MHz, 245.38 W, 36
2026/10/07 20:36:17.147, 6, 2032 MHz, 3996 MHz, 238.96 W, 33
2026/10/07 20:36:17.147, 7, 2032 MHz, 3996 MHz, 246.87 W, 32
2026/10/07 20:36:18.147, 0, 2032 MHz, 3996 MHz, 237.77 W, 35
2026/10/07 20:36:18.147, 1, 2032 MHz, 3996 MHz, 258.56 W, 38
2026/10/07 20:36:18.147, 2, 2032 MHz, 3996 MHz, 236.66 W, 33
2026/10/07 20:36:18.147, 3, 2032 MHz, 3996 MHz, 237.48 W, 33
2026/10/07 20:36:18.147, 4, 2032 MHz, 3996 MHz, 236.55 W, 37
2026/10/07 20:36:18.147, 5, 2032 MHz, 3996 MHz, 237.40 W, 36
2026/10/07 20:36:18.147, 6, 2032 MHz, 3996 MHz, 238.99 W, 33
2026/10/07 20:36:18.147, 7, 2032 MHz, 3996 MHz, 238.68 W, 32
2026/10/07 20:36:19.148, 0, 2032 MHz, 3996 MHz, 238.05 W, 35
2026/10/07 20:36:19.148, 1, 2032 MHz, 3996 MHz, 249.90 W, 38
2026/10/07 20:36:19.148, 2, 2032 MHz, 3996 MHz, 236.67 W, 33
2026/10/07 20:36:19.148, 3, 2032 MHz, 3996 MHz, 247.15 W, 33
2026/10/07 20:36:19.148, 4, 2032 MHz, 3996 MHz, 236.51 W, 37
2026/10/07 20:36:19.148, 5, 2032 MHz, 3996 MHz, 237.42 W, 36
2026/10/07 20:36:19.148, 6, 2032 MHz, 3996 MHz, 238.99 W, 33
2026/10/07 20:36:19.148, 7, 2032 MHz, 3996 MHz, 238.68 W, 32
2026/10/07 20:36:20.148, 0, 2032 MHz, 3996 MHz, 269.88 W, 36
2026/10/07 20:36:20.148, 1, 2032 MHz, 3996 MHz, 282.76 W, 38
2026/10/07 20:36:20.148, 2, 2032 MHz, 3996 MHz, 268.66 W, 33
2026/10/07 20:36:20.148, 3, 2032 MHz, 3996 MHz, 267.90 W, 33
2026/10/07 20:36:20.148, 4, 2032 MHz, 3996 MHz, 271.08 W, 38
2026/10/07 20:36:20.148, 5, 2032 MHz, 3996 MHz, 270.35 W, 36
2026/10/07 20:36:20.148, 6, 2032 MHz, 3996 MHz, 268.33 W, 33
2026/10/07 20:36:20.148, 7, 2032 MHz, 3996 MHz, 269.95 W, 32
2026/10/07 20:36:21.148, 0, 2032 MHz, 3996 MHz, 237.22 W, 35
2026/10/07 20:36:21.148, 1, 2032 MHz, 3996 MHz, 249.26 W, 38
2026/10/07 20:36:21.148, 2, 2032 MHz, 3996 MHz, 236.66 W, 33
2026/10/07 20:36:21.149, 3, 2032 MHz, 3996 MHz, 236.73 W, 33
2026/10/07 20:36:21.149, 4, 2032 MHz, 3996 MHz, 234.91 W, 37
2026/10/07 20:36:21.149, 5, 2032 MHz, 3996 MHz, 236.89 W, 36
2026/10/07 20:36:21.149, 6, 2032 MHz, 3996 MHz, 238.73 W, 33
2026/10/07 20:36:21.149, 7, 2032 MHz, 3996 MHz, 238.03 W, 32
2026/10/07 20:36:22.149, 0, 2032 MHz, 3996 MHz, 236.52 W, 35
2026/10/07 20:36:22.149, 1, 2032 MHz, 3996 MHz, 248.70 W, 38
2026/10/07 20:36:22.149, 2, 2032 MHz, 3996 MHz, 236.66 W, 33
2026/10/07 20:36:22.149, 3, 2032 MHz, 3996 MHz, 236.66 W, 33
2026/10/07 20:36:22.149, 4, 2032 MHz, 3996 MHz, 234.74 W, 37
2026/10/07 20:36:22.149, 5, 2032 MHz, 3996 MHz, 236.76 W, 36
2026/10/07 20:36:22.149, 6, 2032 MHz, 3996 MHz, 238.33 W, 33
2026/10/07 20:36:22.149, 7, 2032 MHz, 3996 MHz, 237.40 W, 32
2026/10/07 20:36:23.150, 0, 2032 MHz, 3996 MHz, 236.50 W, 35
2026/10/07 20:36:23.150, 1, 2032 MHz, 3996 MHz, 248.68 W, 38
2026/10/07 20:36:23.150, 2, 2032 MHz, 3996 MHz, 236.66 W, 33
2026/10/07 20:36:23.150, 3, 2032 MHz, 3996 MHz, 236.66 W, 33
2026/10/07 20:36:23.151, 4, 2032 MHz, 3996 MHz, 234.68 W, 38
2026/10/07 20:36:23.151, 5, 2032 MHz, 3996 MHz, 236.74 W, 36
2026/10/07 20:36:23.151, 6, 2032 MHz, 3996 MHz, 238.65 W, 33
2026/10/07 20:36:23.151, 7, 2032 MHz, 3996 MHz, 237.48 W, 32
2026/10/07 20:36:24.151, 0, 2032 MHz, 3996 MHz, 236.52 W, 36
2026/10/07 20:36:24.151, 1, 2032 MHz, 3996 MHz, 248.79 W, 38
2026/10/07 20:36:24.151, 2, 2032 MHz, 3996 MHz, 236.66 W, 33
2026/10/07 20:36:24.151, 3, 2032 MHz, 3996 MHz, 236.66 W, 33
2026/10/07 20:36:24.151, 4, 2032 MHz, 3996 MHz, 234.71 W, 38
2026/10/07 20:36:24.151, 5, 2032 MHz, 3996 MHz, 236.57 W, 36
2026/10/07 20:36:24.151, 6, 2032 MHz, 3996 MHz, 238.61 W, 33
2026/10/07 20:36:24.151, 7, 2032 MHz, 3996 MHz, 238.07 W, 32
2026/10/07 20:36:25.151, 0, 2032 MHz, 3996 MHz, 236.56 W, 36
2026/10/07 20:36:25.151, 1, 2032 MHz, 3996 MHz, 249.03 W, 38
2026/10/07 20:36:25.151, 2, 2032 MHz, 3996 MHz, 236.66 W, 33
2026/10/07 20:36:25.151, 3, 2032 MHz, 3996 MHz, 236.70 W, 33
2026/10/07 20:36:25.151, 4, 2032 MHz, 3996 MHz, 234.78 W, 38
2026/10/07 20:36:25.151, 5, 2032 MHz, 3996 MHz, 236.67 W, 36
2026/10/07 20:36:25.151, 6, 2032 MHz, 3996 MHz, 238.72 W, 33
2026/10/07 20:36:25.151, 7, 2032 MHz, 3996 MHz, 237.82 W, 32
2026/10/07 20:36:26.151, 0, 2032 MHz, 3996 MHz, 236.54 W, 36
2026/10/07 20:36:26.152, 1, 2032 MHz, 3996 MHz, 248.89 W, 38
2026/10/07 20:36:26.152, 2, 2032 MHz, 3996 MHz, 236.66 W, 33
2026/10/07 20:36:26.152, 3, 2032 MHz, 3996 MHz, 236.66 W, 33
2026/10/07 20:36:26.152, 4, 2032 MHz, 3996 MHz, 234.68 W, 38
2026/10/07 20:36:26.152, 5, 2032 MHz, 3996 MHz, 236.66 W, 36
2026/10/07 20:36:26.152, 6, 2032 MHz, 3996 MHz, 238.76 W, 33
2026/10/07 20:36:26.152, 7, 2032 MHz, 3996 MHz, 238.03 W, 32
2026/10/07 20:36:27.152, 0, 2032 MHz, 3996 MHz, 236.54 W, 36
2026/10/07 20:36:27.152, 1, 2032 MHz, 3996 MHz, 248.94 W, 38
2026/10/07 20:36:27.152, 2, 2032 MHz, 3996 MHz, 236.72 W, 33
2026/10/07 20:36:27.152, 3, 1387 MHz, 3996 MHz, 400.60 W, 44
2026/10/07 20:36:27.152, 4, 2032 MHz, 3996 MHz, 234.85 W, 38
2026/10/07 20:36:27.152, 5, 2032 MHz, 3996 MHz, 236.77 W, 36
2026/10/07 20:36:27.152, 6, 2032 MHz, 3996 MHz, 238.96 W, 33
2026/10/07 20:36:27.152, 7, 2032 MHz, 3996 MHz, 238.25 W, 32
2026/10/07 20:36:28.152, 0, 2032 MHz, 3996 MHz, 236.54 W, 36
2026/10/07 20:36:28.152, 1, 2032 MHz, 3996 MHz, 249.39 W, 38
2026/10/07 20:36:28.152, 2, 2032 MHz, 3996 MHz, 236.56 W, 33
2026/10/07 20:36:28.152, 3, 2032 MHz, 3996 MHz, 594.84 W, 36
2026/10/07 20:36:28.152, 4, 2032 MHz, 3996 MHz, 235.21 W, 38
2026/10/07 20:36:28.152, 5, 2032 MHz, 3996 MHz, 236.74 W, 37
2026/10/07 20:36:28.153, 6, 2032 MHz, 3996 MHz, 238.71 W, 33
2026/10/07 20:36:28.153, 7, 1372 MHz, 3996 MHz, 372.59 W, 44
2026/10/07 20:36:29.153, 0, 1980 MHz, 3996 MHz, 554.06 W, 46
2026/10/07 20:36:29.153, 1, 2032 MHz, 3996 MHz, 248.99 W, 38
2026/10/07 20:36:29.153, 2, 2032 MHz, 3996 MHz, 236.73 W, 33
2026/10/07 20:36:29.153, 3, 1470 MHz, 3996 MHz, 565.67 W, 49
2026/10/07 20:36:29.153, 4, 2032 MHz, 3996 MHz, 235.13 W, 38
2026/10/07 20:36:29.153, 5, 2032 MHz, 3996 MHz, 236.93 W, 37
2026/10/07 20:36:29.153, 6, 1470 MHz, 3996 MHz, 349.82 W, 44
2026/10/07 20:36:29.153, 7, 2032 MHz, 3996 MHz, 613.58 W, 35
2026/10/07 20:36:30.153, 0, 2032 MHz, 3996 MHz, 427.21 W, 38
2026/10/07 20:36:30.153, 1, 1477 MHz, 3996 MHz, 500.75 W, 46
2026/10/07 20:36:30.153, 2, 1807 MHz, 3996 MHz, 535.19 W, 42
2026/10/07 20:36:30.153, 3, 1327 MHz, 3996 MHz, 1079.60 W, 53
2026/10/07 20:36:30.153, 4, 2032 MHz, 3996 MHz, 235.51 W, 38
2026/10/07 20:36:30.153, 5, 2032 MHz, 3996 MHz, 558.42 W, 48
2026/10/07 20:36:30.153, 6, 2032 MHz, 3996 MHz, 632.26 W, 36
2026/10/07 20:36:30.153, 7, 1440 MHz, 3996 MHz, 503.86 W, 46
2026/10/07 20:36:31.153, 0, 1335 MHz, 3996 MHz, 695.80 W, 52
2026/10/07 20:36:31.153, 1, 2032 MHz, 3996 MHz, 521.00 W, 41
2026/10/07 20:36:31.153, 2, 2032 MHz, 3996 MHz, 451.57 W, 35
2026/10/07 20:36:31.153, 3, 1350 MHz, 3996 MHz, 1084.27 W, 54
2026/10/07 20:36:31.153, 4, 2032 MHz, 3996 MHz, 738.61 W, 45
2026/10/07 20:36:31.153, 5, 2032 MHz, 3996 MHz, 433.11 W, 39
2026/10/07 20:36:31.153, 6, 1365 MHz, 3996 MHz, 478.60 W, 48
2026/10/07 20:36:31.154, 7, 1320 MHz, 3996 MHz, 1080.98 W, 51
2026/10/07 20:36:32.154, 0, 1342 MHz, 3996 MHz, 1079.60 W, 55
2026/10/07 20:36:32.154, 1, 1380 MHz, 3996 MHz, 655.31 W, 54
2026/10/07 20:36:32.154, 2, 1312 MHz, 3996 MHz, 659.96 W, 50
2026/10/07 20:36:32.154, 3, 1350 MHz, 3996 MHz, 1087.57 W, 54
2026/10/07 20:36:32.154, 4, 2032 MHz, 3996 MHz, 238.13 W, 39
2026/10/07 20:36:32.154, 5, 1372 MHz, 3996 MHz, 731.55 W, 54
2026/10/07 20:36:32.154, 6, 1327 MHz, 3996 MHz, 1091.03 W, 53
2026/10/07 20:36:32.154, 7, 1320 MHz, 3996 MHz, 1084.94 W, 52
2026/10/07 20:36:33.154, 0, 1320 MHz, 3996 MHz, 1085.90 W, 56
2026/10/07 20:36:33.154, 1, 1320 MHz, 3996 MHz, 1084.87 W, 57
2026/10/07 20:36:33.154, 2, 1342 MHz, 3996 MHz, 1080.15 W, 53
2026/10/07 20:36:33.154, 3, 1357 MHz, 3996 MHz, 1087.51 W, 55
2026/10/07 20:36:33.154, 4, 1327 MHz, 3996 MHz, 1051.62 W, 57
2026/10/07 20:36:33.154, 5, 1372 MHz, 3996 MHz, 1085.77 W, 57
2026/10/07 20:36:33.154, 6, 1320 MHz, 3996 MHz, 1087.89 W, 54
2026/10/07 20:36:33.154, 7, 1335 MHz, 3996 MHz, 1081.33 W, 52
2026/10/07 20:36:34.154, 0, 1342 MHz, 3996 MHz, 1085.44 W, 56
2026/10/07 20:36:34.154, 1, 1312 MHz, 3996 MHz, 1087.56 W, 58
2026/10/07 20:36:34.154, 2, 1335 MHz, 3996 MHz, 1089.14 W, 54
2026/10/07 20:36:34.154, 3, 1372 MHz, 3996 MHz, 1090.61 W, 55
2026/10/07 20:36:34.154, 4, 1365 MHz, 3996 MHz, 1085.88 W, 58
2026/10/07 20:36:34.154, 5, 1395 MHz, 3996 MHz, 1090.83 W, 57
2026/10/07 20:36:34.155, 6, 1342 MHz, 3996 MHz, 1086.01 W, 55
2026/10/07 20:36:34.155, 7, 1335 MHz, 3996 MHz, 1083.77 W, 53
2026/10/07 20:36:35.155, 0, 1365 MHz, 3996 MHz, 1086.31 W, 56
2026/10/07 20:36:35.155, 1, 1320 MHz, 3996 MHz, 1088.61 W, 58
2026/10/07 20:36:35.155, 2, 1320 MHz, 3996 MHz, 1088.16 W, 54
2026/10/07 20:36:35.155, 3, 1380 MHz, 3996 MHz, 1090.64 W, 56
2026/10/07 20:36:35.155, 4, 1365 MHz, 3996 MHz, 1080.85 W, 59
2026/10/07 20:36:35.155, 5, 1372 MHz, 3996 MHz, 1090.30 W, 58
2026/10/07 20:36:35.155, 6, 1327 MHz, 3996 MHz, 1088.38 W, 55
2026/10/07 20:36:35.155, 7, 1350 MHz, 3996 MHz, 1082.77 W, 53
2026/10/07 20:36:36.155, 0, 1342 MHz, 3996 MHz, 1087.00 W, 57
2026/10/07 20:36:36.155, 1, 1335 MHz, 3996 MHz, 1086.40 W, 59
2026/10/07 20:36:36.155, 2, 1357 MHz, 3996 MHz, 1087.36 W, 55
2026/10/07 20:36:36.155, 3, 1380 MHz, 3996 MHz, 1088.99 W, 56
2026/10/07 20:36:36.155, 4, 1365 MHz, 3996 MHz, 1084.33 W, 59
2026/10/07 20:36:36.155, 5, 1380 MHz, 3996 MHz, 1091.33 W, 58
2026/10/07 20:36:36.155, 6, 1350 MHz, 3996 MHz, 1089.02 W, 55
2026/10/07 20:36:36.155, 7, 1327 MHz, 3996 MHz, 1085.87 W, 54
2026/10/07 20:36:37.155, 0, 1342 MHz, 3996 MHz, 1085.39 W, 57
2026/10/07 20:36:37.155, 1, 1335 MHz, 3996 MHz, 1083.82 W, 59
2026/10/07 20:36:37.155, 2, 1350 MHz, 3996 MHz, 1087.62 W, 55
2026/10/07 20:36:37.155, 3, 1357 MHz, 3996 MHz, 1088.14 W, 56
2026/10/07 20:36:37.155, 4, 1365 MHz, 3996 MHz, 1081.86 W, 60
2026/10/07 20:36:37.155, 5, 1372 MHz, 3996 MHz, 1090.13 W, 59
2026/10/07 20:36:37.155, 6, 1372 MHz, 3996 MHz, 1091.59 W, 56
2026/10/07 20:36:37.155, 7, 1365 MHz, 3996 MHz, 1085.89 W, 54
2026/10/07 20:36:38.155, 0, 1365 MHz, 3996 MHz, 1087.75 W, 58
2026/10/07 20:36:38.156, 1, 1305 MHz, 3996 MHz, 1085.79 W, 59
2026/10/07 20:36:38.156, 2, 1357 MHz, 3996 MHz, 1090.33 W, 55
2026/10/07 20:36:38.156, 3, 2032 MHz, 3996 MHz, 1060.82 W, 51
2026/10/07 20:36:38.156, 4, 1357 MHz, 3996 MHz, 1084.57 W, 60
2026/10/07 20:36:38.156, 5, 1387 MHz, 3996 MHz, 1090.98 W, 59
2026/10/07 20:36:38.156, 6, 1365 MHz, 3996 MHz, 1089.70 W, 56
2026/10/07 20:36:38.156, 7, 1365 MHz, 3996 MHz, 1085.79 W, 54
2026/10/07 20:36:39.156, 0, 1357 MHz, 3996 MHz, 1086.06 W, 58
2026/10/07 20:36:39.156, 1, 1320 MHz, 3996 MHz, 1083.17 W, 60
2026/10/07 20:36:39.156, 2, 1372 MHz, 3996 MHz, 1085.84 W, 56
2026/10/07 20:36:39.156, 3, 2032 MHz, 3996 MHz, 1062.89 W, 52
2026/10/07 20:36:39.156, 4, 1365 MHz, 3996 MHz, 1082.25 W, 60
2026/10/07 20:36:39.156, 5, 1402 MHz, 3996 MHz, 1092.69 W, 59
2026/10/07 20:36:39.156, 6, 1350 MHz, 3996 MHz, 1090.05 W, 57
2026/10/07 20:36:39.156, 7, 1995 MHz, 3996 MHz, 1063.11 W, 50
2026/10/07 20:36:40.156, 0, 2032 MHz, 3996 MHz, 1061.74 W, 54
2026/10/07 20:36:40.156, 1, 1320 MHz, 3996 MHz, 1084.57 W, 60
2026/10/07 20:36:40.156, 2, 1372 MHz, 3996 MHz, 1086.58 W, 56
2026/10/07 20:36:40.156, 3, 2032 MHz, 3996 MHz, 1062.80 W, 52
2026/10/07 20:36:40.156, 4, 1380 MHz, 3996 MHz, 1082.94 W, 61
2026/10/07 20:36:40.156, 5, 1410 MHz, 3996 MHz, 1093.55 W, 60
2026/10/07 20:36:40.156, 6, 1987 MHz, 3996 MHz, 1066.11 W, 51
2026/10/07 20:36:40.156, 7, 2032 MHz, 3996 MHz, 1062.56 W, 50
2026/10/07 20:36:41.156, 0, 2032 MHz, 3996 MHz, 1075.87 W, 54
2026/10/07 20:36:41.156, 1, 2017 MHz, 3996 MHz, 1063.15 W, 56
2026/10/07 20:36:41.156, 2, 2032 MHz, 3996 MHz, 1061.25 W, 51
2026/10/07 20:36:41.156, 3, 2032 MHz, 3996 MHz, 1062.58 W, 52
2026/10/07 20:36:41.156, 4, 1365 MHz, 3996 MHz, 1083.11 W, 61
2026/10/07 20:36:41.156, 5, 2032 MHz, 3996 MHz, 1048.74 W, 55
2026/10/07 20:36:41.156, 6, 2032 MHz, 3996 MHz, 1070.55 W, 52
2026/10/07 20:36:41.156, 7, 2032 MHz, 3996 MHz, 1062.04 W, 50
2026/10/07 20:36:42.157, 0, 2032 MHz, 3996 MHz, 1075.15 W, 55
2026/10/07 20:36:42.157, 1, 2025 MHz, 3996 MHz, 1094.18 W, 56
2026/10/07 20:36:42.157, 2, 2032 MHz, 3996 MHz, 1072.89 W, 52
2026/10/07 20:36:42.157, 3, 2032 MHz, 3996 MHz, 1062.55 W, 53
2026/10/07 20:36:42.157, 4, 2032 MHz, 3996 MHz, 1044.55 W, 57
2026/10/07 20:36:42.157, 5, 2032 MHz, 3996 MHz, 1057.14 W, 55
2026/10/07 20:36:42.157, 6, 2032 MHz, 3996 MHz, 1075.11 W, 53
2026/10/07 20:36:42.157, 7, 2032 MHz, 3996 MHz, 1061.66 W, 51
2026/10/07 20:36:43.157, 0, 2032 MHz, 3996 MHz, 1075.87 W, 55
2026/10/07 20:36:43.157, 1, 2017 MHz, 3996 MHz, 1092.72 W, 57
2026/10/07 20:36:43.157, 2, 2032 MHz, 3996 MHz, 1073.27 W, 52
2026/10/07 20:36:43.157, 3, 2032 MHz, 3996 MHz, 1062.15 W, 53
2026/10/07 20:36:43.157, 4, 2032 MHz, 3996 MHz, 1060.17 W, 57
2026/10/07 20:36:43.157, 5, 2032 MHz, 3996 MHz, 1057.82 W, 56
2026/10/07 20:36:43.157, 6, 2032 MHz, 3996 MHz, 1074.35 W, 53
2026/10/07 20:36:43.157, 7, 2032 MHz, 3996 MHz, 1062.52 W, 51
2026/10/07 20:36:44.157, 0, 2032 MHz, 3996 MHz, 1076.25 W, 56
2026/10/07 20:36:44.157, 1, 2017 MHz, 3996 MHz, 1093.42 W, 57
2026/10/07 20:36:44.157, 2, 2032 MHz, 3996 MHz, 1073.94 W, 53
2026/10/07 20:36:44.157, 3, 2032 MHz, 3996 MHz, 1065.29 W, 54
2026/10/07 20:36:44.157, 4, 2032 MHz, 3996 MHz, 1059.45 W, 57
2026/10/07 20:36:44.157, 5, 2032 MHz, 3996 MHz, 1058.45 W, 56
2026/10/07 20:36:44.157, 6, 2032 MHz, 3996 MHz, 1074.70 W, 53
2026/10/07 20:36:44.157, 7, 2032 MHz, 3996 MHz, 1063.56 W, 51
2026/10/07 20:36:45.158, 0, 2032 MHz, 3996 MHz, 1075.79 W, 56
2026/10/07 20:36:45.158, 1, 2010 MHz, 3996 MHz, 1093.66 W, 58
2026/10/07 20:36:45.158, 2, 2032 MHz, 3996 MHz, 1073.22 W, 53
2026/10/07 20:36:45.158, 3, 2032 MHz, 3996 MHz, 1066.79 W, 54
2026/10/07 20:36:45.158, 4, 2032 MHz, 3996 MHz, 1059.21 W, 58
2026/10/07 20:36:45.158, 5, 2032 MHz, 3996 MHz, 1058.48 W, 57
2026/10/07 20:36:45.158, 6, 2032 MHz, 3996 MHz, 1074.41 W, 54
2026/10/07 20:36:45.158, 7, 2032 MHz, 3996 MHz, 1066.94 W, 52
2026/10/07 20:36:46.158, 0, 2032 MHz, 3996 MHz, 1079.35 W, 57
2026/10/07 20:36:46.158, 1, 2025 MHz, 3996 MHz, 1094.25 W, 58
2026/10/07 20:36:46.158, 2, 2032 MHz, 3996 MHz, 1073.18 W, 53
2026/10/07 20:36:46.158, 3, 2032 MHz, 3996 MHz, 1067.49 W, 54
2026/10/07 20:36:46.158, 4, 2032 MHz, 3996 MHz, 1060.54 W, 58
2026/10/07 20:36:46.158, 5, 2032 MHz, 3996 MHz, 1058.91 W, 57
2026/10/07 20:36:46.158, 6, 2032 MHz, 3996 MHz, 1076.43 W, 54
2026/10/07 20:36:46.158, 7, 2032 MHz, 3996 MHz, 1068.04 W, 52
2026/10/07 20:36:47.158, 0, 2032 MHz, 3996 MHz, 1081.44 W, 57
2026/10/07 20:36:47.158, 1, 2017 MHz, 3996 MHz, 1094.11 W, 59
2026/10/07 20:36:47.158, 2, 2032 MHz, 3996 MHz, 1075.89 W, 54
2026/10/07 20:36:47.158, 3, 2032 MHz, 3996 MHz, 1067.86 W, 55
2026/10/07 20:36:47.158, 4, 2032 MHz, 3996 MHz, 1061.80 W, 59
2026/10/07 20:36:47.158, 5, 2032 MHz, 3996 MHz, 1063.28 W, 58
2026/10/07 20:36:47.158, 6, 2032 MHz, 3996 MHz, 1079.01 W, 54
2026/10/07 20:36:47.158, 7, 2032 MHz, 3996 MHz, 1069.18 W, 53
2026/10/07 20:36:48.159, 0, 2032 MHz, 3996 MHz, 1081.47 W, 57
2026/10/07 20:36:48.159, 1, 2010 MHz, 3996 MHz, 1094.86 W, 59
2026/10/07 20:36:48.159, 2, 2032 MHz, 3996 MHz, 1077.05 W, 54
2026/10/07 20:36:48.159, 3, 2032 MHz, 3996 MHz, 1067.76 W, 55
2026/10/07 20:36:48.159, 4, 2032 MHz, 3996 MHz, 1064.59 W, 59
2026/10/07 20:36:48.159, 5, 2032 MHz, 3996 MHz, 1064.10 W, 58
2026/10/07 20:36:48.159, 6, 2032 MHz, 3996 MHz, 1079.62 W, 55
2026/10/07 20:36:48.159, 7, 2032 MHz, 3996 MHz, 1069.45 W, 53
2026/10/07 20:36:49.159, 0, 2032 MHz, 3996 MHz, 1082.07 W, 58
2026/10/07 20:36:49.159, 1, 2010 MHz, 3996 MHz, 1095.02 W, 59
2026/10/07 20:36:49.159, 2, 2032 MHz, 3996 MHz, 1078.21 W, 54
2026/10/07 20:36:49.159, 3, 2032 MHz, 3996 MHz, 1067.37 W, 55
2026/10/07 20:36:49.159, 4, 2032 MHz, 3996 MHz, 1065.14 W, 60
2026/10/07 20:36:49.159, 5, 2032 MHz, 3996 MHz, 1064.76 W, 59
2026/10/07 20:36:49.159, 6, 2032 MHz, 3996 MHz, 1079.84 W, 55
2026/10/07 20:36:49.159, 7, 2032 MHz, 3996 MHz, 1069.22 W, 53
2026/10/07 20:36:50.159, 0, 2032 MHz, 3996 MHz, 1083.13 W, 58
2026/10/07 20:36:50.159, 1, 2017 MHz, 3996 MHz, 1093.31 W, 60
2026/10/07 20:36:50.159, 2, 2032 MHz, 3996 MHz, 1077.82 W, 55
2026/10/07 20:36:50.159, 3, 2032 MHz, 3996 MHz, 1069.43 W, 55
2026/10/07 20:36:50.159, 4, 2032 MHz, 3996 MHz, 1065.85 W, 60
2026/10/07 20:36:50.159, 5, 2032 MHz, 3996 MHz, 1065.73 W, 59
2026/10/07 20:36:50.159, 6, 2032 MHz, 3996 MHz, 1080.25 W, 55
2026/10/07 20:36:50.159, 7, 2032 MHz, 3996 MHz, 1069.44 W, 53
2026/10/07 20:36:51.160, 0, 2032 MHz, 3996 MHz, 1082.62 W, 59
2026/10/07 20:36:51.160, 1, 2002 MHz, 3996 MHz, 1092.14 W, 60
2026/10/07 20:36:51.160, 2, 2032 MHz, 3996 MHz, 1078.22 W, 55
2026/10/07 20:36:51.160, 3, 2032 MHz, 3996 MHz, 1073.62 W, 56
2026/10/07 20:36:51.160, 4, 2032 MHz, 3996 MHz, 1067.50 W, 61
2026/10/07 20:36:51.160, 5, 2032 MHz, 3996 MHz, 1065.58 W, 60
2026/10/07 20:36:51.160, 6, 2032 MHz, 3996 MHz, 1080.68 W, 56
2026/10/07 20:36:51.160, 7, 2032 MHz, 3996 MHz, 1070.29 W, 54
2026/10/07 20:36:52.160, 0, 2032 MHz, 3996 MHz, 1084.81 W, 59
2026/10/07 20:36:52.160, 1, 2017 MHz, 3996 MHz, 1092.75 W, 61
2026/10/07 20:36:52.160, 2, 2032 MHz, 3996 MHz, 1079.35 W, 55
2026/10/07 20:36:52.160, 3, 2032 MHz, 3996 MHz, 1072.50 W, 56
2026/10/07 20:36:52.160, 4, 2032 MHz, 3996 MHz, 1066.87 W, 61
2026/10/07 20:36:52.160, 5, 2032 MHz, 3996 MHz, 1065.52 W, 60
2026/10/07 20:36:52.160, 6, 2032 MHz, 3996 MHz, 1080.42 W, 56
2026/10/07 20:36:52.160, 7, 2032 MHz, 3996 MHz, 1072.95 W, 54
2026/10/07 20:36:53.160, 0, 2032 MHz, 3996 MHz, 1088.49 W, 60
2026/10/07 20:36:53.160, 1, 2002 MHz, 3996 MHz, 1092.73 W, 61
2026/10/07 20:36:53.160, 2, 2032 MHz, 3996 MHz, 1079.30 W, 55
2026/10/07 20:36:53.160, 3, 2032 MHz, 3996 MHz, 1072.85 W, 56
2026/10/07 20:36:53.160, 4, 2032 MHz, 3996 MHz, 1067.25 W, 61
2026/10/07 20:36:53.160, 5, 2032 MHz, 3996 MHz, 1068.25 W, 60
2026/10/07 20:36:53.160, 6, 2032 MHz, 3996 MHz, 1084.24 W, 56
2026/10/07 20:36:53.160, 7, 2032 MHz, 3996 MHz, 1073.70 W, 54
2026/10/07 20:36:54.161, 0, 2032 MHz, 3996 MHz, 1088.00 W, 60
2026/10/07 20:36:54.161, 1, 2002 MHz, 3996 MHz, 1091.35 W, 61
2026/10/07 20:36:54.161, 2, 2032 MHz, 3996 MHz, 1082.14 W, 56
2026/10/07 20:36:54.161, 3, 2032 MHz, 3996 MHz, 1072.90 W, 56
2026/10/07 20:36:54.161, 4, 2032 MHz, 3996 MHz, 1070.85 W, 62
2026/10/07 20:36:54.161, 5, 2032 MHz, 3996 MHz, 1070.68 W, 61
2026/10/07 20:36:54.161, 6, 2032 MHz, 3996 MHz, 1085.04 W, 57
2026/10/07 20:36:54.161, 7, 2032 MHz, 3996 MHz, 1073.91 W, 55
2026/10/07 20:36:55.161, 0, 2032 MHz, 3996 MHz, 1088.69 W, 60
2026/10/07 20:36:55.161, 1, 2002 MHz, 3996 MHz, 1091.07 W, 62
2026/10/07 20:36:55.161, 2, 2032 MHz, 3996 MHz, 1082.57 W, 56
2026/10/07 20:36:55.161, 3, 2032 MHz, 3996 MHz, 1072.73 W, 57
2026/10/07 20:36:55.161, 4, 2032 MHz, 3996 MHz, 1072.18 W, 62
2026/10/07 20:36:55.161, 5, 2032 MHz, 3996 MHz, 1071.59 W, 61
2026/10/07 20:36:55.161, 6, 2032 MHz, 3996 MHz, 1085.19 W, 57
2026/10/07 20:36:55.161, 7, 2032 MHz, 3996 MHz, 1074.11 W, 55
2026/10/07 20:36:56.161, 0, 2032 MHz, 3996 MHz, 1089.15 W, 61
2026/10/07 20:36:56.161, 1, 2002 MHz, 3996 MHz, 1092.02 W, 62
2026/10/07 20:36:56.161, 2, 2032 MHz, 3996 MHz, 1081.70 W, 56
2026/10/07 20:36:56.161, 3, 2032 MHz, 3996 MHz, 1072.68 W, 57
2026/10/07 20:36:56.161, 4, 2032 MHz, 3996 MHz, 1072.18 W, 63
2026/10/07 20:36:56.161, 5, 2032 MHz, 3996 MHz, 1072.18 W, 62
2026/10/07 20:36:56.161, 6, 2032 MHz, 3996 MHz, 1085.78 W, 57
2026/10/07 20:36:56.161, 7, 2032 MHz, 3996 MHz, 1074.36 W, 55
2026/10/07 20:36:57.162, 0, 2032 MHz, 3996 MHz, 1090.16 W, 61
2026/10/07 20:36:57.162, 1, 2002 MHz, 3996 MHz, 1091.27 W, 63
2026/10/07 20:36:57.162, 2, 2032 MHz, 3996 MHz, 1080.52 W, 56
2026/10/07 20:36:57.162, 3, 2032 MHz, 3996 MHz, 1075.46 W, 57
2026/10/07 20:36:57.162, 4, 2032 MHz, 3996 MHz, 1072.24 W, 63
2026/10/07 20:36:57.162, 5, 2032 MHz, 3996 MHz, 1072.28 W, 62
2026/10/07 20:36:57.162, 6, 2032 MHz, 3996 MHz, 1085.61 W, 57
2026/10/07 20:36:57.162, 7, 2032 MHz, 3996 MHz, 1073.66 W, 55
2026/10/07 20:36:58.162, 0, 2032 MHz, 3996 MHz, 1090.43 W, 61
2026/10/07 20:36:58.162, 1, 2010 MHz, 3996 MHz, 1091.25 W, 63
2026/10/07 20:36:58.162, 2, 2032 MHz, 3996 MHz, 1080.45 W, 57
2026/10/07 20:36:58.162, 3, 2032 MHz, 3996 MHz, 1076.98 W, 58
2026/10/07 20:36:58.162, 4, 2032 MHz, 3996 MHz, 1073.14 W, 63
2026/10/07 20:36:58.162, 5, 2032 MHz, 3996 MHz, 1071.63 W, 62
2026/10/07 20:36:58.162, 6, 2032 MHz, 3996 MHz, 1085.85 W, 58
2026/10/07 20:36:58.162, 7, 2032 MHz, 3996 MHz, 1076.90 W, 55
2026/10/07 20:36:59.162, 0, 2017 MHz, 3996 MHz, 1092.48 W, 62
2026/10/07 20:36:59.162, 1, 2002 MHz, 3996 MHz, 1092.07 W, 63
2026/10/07 20:36:59.162, 2, 2032 MHz, 3996 MHz, 1080.75 W, 57
2026/10/07 20:36:59.162, 3, 2032 MHz, 3996 MHz, 1076.79 W, 58
2026/10/07 20:36:59.162, 4, 2032 MHz, 3996 MHz, 1073.38 W, 64
2026/10/07 20:36:59.162, 5, 2032 MHz, 3996 MHz, 1073.98 W, 63
2026/10/07 20:36:59.162, 6, 2032 MHz, 3996 MHz, 1088.10 W, 58
2026/10/07 20:36:59.162, 7, 2032 MHz, 3996 MHz, 1078.14 W, 56
2026/10/07 20:37:00.163, 0, 2025 MHz, 3996 MHz, 1093.02 W, 62
2026/10/07 20:37:00.163, 1, 1995 MHz, 3996 MHz, 1089.65 W, 63
2026/10/07 20:37:00.163, 2, 2032 MHz, 3996 MHz, 1083.07 W, 57
2026/10/07 20:37:00.163, 3, 2032 MHz, 3996 MHz, 1076.74 W, 58
2026/10/07 20:37:00.163, 4, 2032 MHz, 3996 MHz, 1074.85 W, 64
2026/10/07 20:37:00.163, 5, 2032 MHz, 3996 MHz, 1077.94 W, 63
2026/10/07 20:37:00.163, 6, 2032 MHz, 3996 MHz, 1089.43 W, 58
2026/10/07 20:37:00.163, 7, 2032 MHz, 3996 MHz, 1078.20 W, 56
2026/10/07 20:37:01.163, 0, 2032 MHz, 3996 MHz, 1093.24 W, 63
2026/10/07 20:37:01.163, 1, 1995 MHz, 3996 MHz, 1089.72 W, 64
2026/10/07 20:37:01.163, 2, 2032 MHz, 3996 MHz, 1084.25 W, 57
2026/10/07 20:37:01.163, 3, 2032 MHz, 3996 MHz, 1077.09 W, 58
2026/10/07 20:37:01.163, 4, 2032 MHz, 3996 MHz, 1077.97 W, 65
2026/10/07 20:37:01.163, 5, 2032 MHz, 3996 MHz, 1077.89 W, 63
2026/10/07 20:37:01.163, 6, 2032 MHz, 3996 MHz, 1089.34 W, 58
2026/10/07 20:37:01.163, 7, 2032 MHz, 3996 MHz, 1078.34 W, 56
2026/10/07 20:37:02.163, 0, 2032 MHz, 3996 MHz, 1092.96 W, 63
2026/10/07 20:37:02.163, 1, 2002 MHz, 3996 MHz, 1090.42 W, 64
2026/10/07 20:37:02.163, 2, 2032 MHz, 3996 MHz, 1084.00 W, 58
2026/10/07 20:37:02.163, 3, 2032 MHz, 3996 MHz, 1085.06 W, 63
2026/10/07 20:37:02.163, 4, 2032 MHz, 3996 MHz, 1077.90 W, 65
2026/10/07 20:37:02.163, 5, 2032 MHz, 3996 MHz, 1078.30 W, 64
2026/10/07 20:37:02.163, 6, 2032 MHz, 3996 MHz, 1090.47 W, 59
2026/10/07 20:37:02.163, 7, 2032 MHz, 3996 MHz, 1078.58 W, 56
2026/10/07 20:37:03.164, 0, 2032 MHz, 3996 MHz, 1093.10 W, 63
2026/10/07 20:37:03.164, 1, 1995 MHz, 3996 MHz, 1088.67 W, 64
2026/10/07 20:37:03.164, 2, 2032 MHz, 3996 MHz, 1084.76 W, 58
2026/10/07 20:37:03.164, 3, 1357 MHz, 3996 MHz, 1087.04 W, 63
2026/10/07 20:37:03.164, 4, 2032 MHz, 3996 MHz, 1078.71 W, 65
2026/10/07 20:37:03.164, 5, 2032 MHz, 3996 MHz, 1078.41 W, 64
2026/10/07 20:37:03.164, 6, 2032 MHz, 3996 MHz, 1089.70 W, 59
2026/10/07 20:37:03.164, 7, 2032 MHz, 3996 MHz, 1078.20 W, 56
2026/10/07 20:37:04.164, 0, 2032 MHz, 3996 MHz, 1093.67 W, 63
2026/10/07 20:37:04.164, 1, 1995 MHz, 3996 MHz, 1089.95 W, 65
2026/10/07 20:37:04.164, 2, 2032 MHz, 3996 MHz, 1085.18 W, 58
2026/10/07 20:37:04.164, 3, 1357 MHz, 3996 MHz, 1085.65 W, 63
2026/10/07 20:37:04.164, 4, 2032 MHz, 3996 MHz, 1078.48 W, 65
2026/10/07 20:37:04.164, 5, 2032 MHz, 3996 MHz, 1078.75 W, 64
2026/10/07 20:37:04.164, 6, 2032 MHz, 3996 MHz, 1090.44 W, 59
2026/10/07 20:37:04.164, 7, 1365 MHz, 3996 MHz, 1088.46 W, 61
2026/10/07 20:37:05.164, 0, 1372 MHz, 3996 MHz, 1095.40 W, 69
2026/10/07 20:37:05.164, 1, 1987 MHz, 3996 MHz, 1089.79 W, 65
2026/10/07 20:37:05.164, 2, 2032 MHz, 3996 MHz, 1086.86 W, 58
2026/10/07 20:37:05.164, 3, 1357 MHz, 3996 MHz, 1087.80 W, 64
2026/10/07 20:37:05.164, 4, 2032 MHz, 3996 MHz, 1079.18 W, 66
2026/10/07 20:37:05.164, 5, 1477 MHz, 3996 MHz, 1087.89 W, 68
2026/10/07 20:37:05.164, 6, 1327 MHz, 3996 MHz, 1099.81 W, 64
2026/10/07 20:37:05.164, 7, 1357 MHz, 3996 MHz, 1084.97 W, 62
2026/10/07 20:37:06.164, 0, 1357 MHz, 3996 MHz, 1088.80 W, 68
2026/10/07 20:37:06.165, 1, 1327 MHz, 3996 MHz, 1100.76 W, 70
2026/10/07 20:37:06.165, 2, 1350 MHz, 3996 MHz, 1096.29 W, 63
2026/10/07 20:37:06.165, 3, 1357 MHz, 3996 MHz, 1088.45 W, 64
2026/10/07 20:37:06.165, 4, 1357 MHz, 3996 MHz, 1093.99 W, 71
2026/10/07 20:37:06.165, 5, 1395 MHz, 3996 MHz, 1092.70 W, 70
2026/10/07 20:37:06.165, 6, 1335 MHz, 3996 MHz, 1090.42 W, 64
2026/10/07 20:37:06.165, 7, 1365 MHz, 3996 MHz, 1087.26 W, 62
2026/10/07 20:37:07.165, 0, 1342 MHz, 3996 MHz, 1089.56 W, 69
2026/10/07 20:37:07.165, 1, 1327 MHz, 3996 MHz, 1090.74 W, 70
2026/10/07 20:37:07.165, 2, 1365 MHz, 3996 MHz, 1090.69 W, 63
2026/10/07 20:37:07.165, 3, 1350 MHz, 3996 MHz, 1088.96 W, 64
2026/10/07 20:37:07.165, 4, 1365 MHz, 3996 MHz, 1086.03 W, 71
2026/10/07 20:37:07.165, 5, 1387 MHz, 3996 MHz, 1091.06 W, 70
2026/10/07 20:37:07.165, 6, 1327 MHz, 3996 MHz, 1091.57 W, 64
2026/10/07 20:37:07.165, 7, 1335 MHz, 3996 MHz, 1086.60 W, 62
2026/10/07 20:37:08.165, 0, 1327 MHz, 3996 MHz, 1091.44 W, 69
2026/10/07 20:37:08.165, 1, 1327 MHz, 3996 MHz, 1087.98 W, 71
2026/10/07 20:37:08.165, 2, 1335 MHz, 3996 MHz, 1090.31 W, 63
2026/10/07 20:37:08.165, 3, 1342 MHz, 3996 MHz, 1087.54 W, 64
2026/10/07 20:37:08.165, 4, 1357 MHz, 3996 MHz, 1087.56 W, 71
2026/10/07 20:37:08.165, 5, 1380 MHz, 3996 MHz, 1090.75 W, 70
2026/10/07 20:37:08.165, 6, 1327 MHz, 3996 MHz, 1090.41 W, 64
2026/10/07 20:37:08.165, 7, 1357 MHz, 3996 MHz, 1087.88 W, 62
2026/10/07 20:37:09.165, 0, 1327 MHz, 3996 MHz, 1089.13 W, 69
2026/10/07 20:37:09.166, 1, 1320 MHz, 3996 MHz, 1088.65 W, 70
2026/10/07 20:37:09.166, 2, 1342 MHz, 3996 MHz, 1090.15 W, 64
2026/10/07 20:37:09.166, 3, 1342 MHz, 3996 MHz, 1089.24 W, 64
2026/10/07 20:37:09.166, 4, 1357 MHz, 3996 MHz, 1086.52 W, 72
2026/10/07 20:37:09.166, 5, 1365 MHz, 3996 MHz, 1089.58 W, 71
2026/10/07 20:37:09.166, 6, 1350 MHz, 3996 MHz, 1093.34 W, 64
2026/10/07 20:37:09.166, 7, 1357 MHz, 3996 MHz, 1088.42 W, 62
2026/10/07 20:37:10.166, 0, 1312 MHz, 3996 MHz, 1088.24 W, 70
2026/10/07 20:37:10.166, 1, 1312 MHz, 3996 MHz, 1088.59 W, 71
2026/10/07 20:37:10.166, 2, 1350 MHz, 3996 MHz, 1090.65 W, 64
2026/10/07 20:37:10.166, 3, 1357 MHz, 3996 MHz, 1088.94 W, 64
2026/10/07 20:37:10.166, 4, 1365 MHz, 3996 MHz, 1087.23 W, 72
2026/10/07 20:37:10.166, 5, 1387 MHz, 3996 MHz, 1088.49 W, 71
2026/10/07 20:37:10.166, 6, 1342 MHz, 3996 MHz, 1090.98 W, 64
2026/10/07 20:37:10.166, 7, 1335 MHz, 3996 MHz, 1088.90 W, 62
2026/10/07 20:37:11.166, 0, 1335 MHz, 3996 MHz, 1089.18 W, 70
2026/10/07 20:37:11.166, 1, 1320 MHz, 3996 MHz, 1089.18 W, 71
2026/10/07 20:37:11.166, 2, 1327 MHz, 3996 MHz, 1092.94 W, 64
2026/10/07 20:37:11.166, 3, 1365 MHz, 3996 MHz, 1088.37 W, 64
2026/10/07 20:37:11.166, 4, 1365 MHz, 3996 MHz, 1087.55 W, 72
2026/10/07 20:37:11.166, 5, 1372 MHz, 3996 MHz, 1090.36 W, 71
2026/10/07 20:37:11.166, 6, 1335 MHz, 3996 MHz, 1092.65 W, 65
2026/10/07 20:37:11.166, 7, 1357 MHz, 3996 MHz, 1086.09 W, 62
2026/10/07 20:37:12.166, 0, 1342 MHz, 3996 MHz, 1087.55 W, 70
2026/10/07 20:37:12.166, 1, 1312 MHz, 3996 MHz, 1091.52 W, 71
2026/10/07 20:37:12.166, 2, 1357 MHz, 3996 MHz, 1090.91 W, 64
2026/10/07 20:37:12.166, 3, 2025 MHz, 3996 MHz, 1064.30 W, 59
2026/10/07 20:37:12.166, 4, 1350 MHz, 3996 MHz, 1089.40 W, 73
2026/10/07 20:37:12.166, 5, 1365 MHz, 3996 MHz, 1088.73 W, 71
2026/10/07 20:37:12.166, 6, 1327 MHz, 3996 MHz, 1090.00 W, 64
2026/10/07 20:37:12.167, 7, 1320 MHz, 3996 MHz, 1086.85 W, 62
2026/10/07 20:37:13.167, 0, 1327 MHz, 3996 MHz, 1087.08 W, 70
2026/10/07 20:37:13.167, 1, 1312 MHz, 3996 MHz, 1090.30 W, 72
2026/10/07 20:37:13.167, 2, 1350 MHz, 3996 MHz, 1089.49 W, 64
2026/10/07 20:37:13.167, 3, 2032 MHz, 3996 MHz, 1081.90 W, 60
2026/10/07 20:37:13.167, 4, 1365 MHz, 3996 MHz, 1088.01 W, 73
2026/10/07 20:37:13.167, 5, 1372 MHz, 3996 MHz, 1090.91 W, 72
2026/10/07 20:37:13.167, 6, 1342 MHz, 3996 MHz, 1091.31 W, 65
2026/10/07 20:37:13.167, 7, 1935 MHz, 3996 MHz, 1067.08 W, 58
2026/10/07 20:37:14.167, 0, 1552 MHz, 3996 MHz, 1075.41 W, 69
2026/10/07 20:37:14.167, 1, 1320 MHz, 3996 MHz, 1089.00 W, 72
2026/10/07 20:37:14.167, 2, 1342 MHz, 3996 MHz, 1088.98 W, 64
2026/10/07 20:37:14.167, 3, 2032 MHz, 3996 MHz, 1082.64 W, 60
2026/10/07 20:37:14.167, 4, 1335 MHz, 3996 MHz, 1088.45 W, 73
2026/10/07 20:37:14.167, 5, 1372 MHz, 3996 MHz, 1091.56 W, 72
2026/10/07 20:37:14.167, 6, 1335 MHz, 3996 MHz, 1089.52 W, 65
2026/10/07 20:37:14.167, 7, 2032 MHz, 3996 MHz, 1079.08 W, 58
2026/10/07 20:37:15.167, 0, 2017 MHz, 3996 MHz, 1083.15 W, 64
2026/10/07 20:37:15.167, 1, 1365 MHz, 3996 MHz, 1086.11 W, 71
2026/10/07 20:37:15.167, 2, 1972 MHz, 3996 MHz, 1068.19 W, 59
2026/10/07 20:37:15.167, 3, 2032 MHz, 3996 MHz, 1082.68 W, 60
2026/10/07 20:37:15.167, 4, 1365 MHz, 3996 MHz, 1086.45 W, 73
2026/10/07 20:37:15.167, 5, 2032 MHz, 3996 MHz, 1067.82 W, 67
2026/10/07 20:37:15.167, 6, 2017 MHz, 3996 MHz, 1068.75 W, 60
2026/10/07 20:37:15.167, 7, 2032 MHz, 3996 MHz, 1079.82 W, 58
2026/10/07 20:37:16.168, 0, 2025 MHz, 3996 MHz, 1094.92 W, 64
2026/10/07 20:37:16.168, 1, 1987 MHz, 3996 MHz, 1074.24 W, 67
2026/10/07 20:37:16.168, 2, 2032 MHz, 3996 MHz, 1083.81 W, 59
2026/10/07 20:37:16.168, 3, 2032 MHz, 3996 MHz, 1080.60 W, 60
2026/10/07 20:37:16.168, 4, 2032 MHz, 3996 MHz, 1062.30 W, 68
2026/10/07 20:37:16.168, 5, 2032 MHz, 3996 MHz, 1087.40 W, 67
2026/10/07 20:37:16.168, 6, 2025 MHz, 3996 MHz, 1091.27 W, 60
2026/10/07 20:37:16.168, 7, 2032 MHz, 3996 MHz, 1079.86 W, 58
2026/10/07 20:37:17.168, 0, 2032 MHz, 3996 MHz, 1094.04 W, 64
2026/10/07 20:37:17.168, 1, 1987 MHz, 3996 MHz, 1089.47 W, 67
2026/10/07 20:37:17.168, 2, 2032 MHz, 3996 MHz, 1085.89 W, 59
2026/10/07 20:37:17.168, 3, 2032 MHz, 3996 MHz, 1078.80 W, 60
2026/10/07 20:37:17.168, 4, 2032 MHz, 3996 MHz, 1086.97 W, 68
2026/10/07 20:37:17.168, 5, 2032 MHz, 3996 MHz, 1087.14 W, 67
2026/10/07 20:37:17.168, 6, 2032 MHz, 3996 MHz, 1092.11 W, 60
2026/10/07 20:37:17.168, 7, 2032 MHz, 3996 MHz, 1079.02 W, 58
2026/10/07 20:37:18.168, 0, 2025 MHz, 3996 MHz, 1094.66 W, 64
2026/10/07 20:37:18.168, 1, 1987 MHz, 3996 MHz, 1089.94 W, 67
2026/10/07 20:37:18.168, 2, 2032 MHz, 3996 MHz, 1086.29 W, 59
2026/10/07 20:37:18.168, 3, 2032 MHz, 3996 MHz, 1080.93 W, 59
2026/10/07 20:37:18.168, 4, 2032 MHz, 3996 MHz, 1085.48 W, 68
2026/10/07 20:37:18.168, 5, 2032 MHz, 3996 MHz, 1085.95 W, 67
2026/10/07 20:37:18.168, 6, 2017 MHz, 3996 MHz, 1091.57 W, 60
2026/10/07 20:37:18.168, 7, 2032 MHz, 3996 MHz, 1078.79 W, 58
2026/10/07 20:37:19.169, 0, 2032 MHz, 3996 MHz, 1093.40 W, 64
2026/10/07 20:37:19.169, 1, 1987 MHz, 3996 MHz, 1088.83 W, 67
2026/10/07 20:37:19.169, 2, 2032 MHz, 3996 MHz, 1085.77 W, 59
2026/10/07 20:37:19.169, 3, 2032 MHz, 3996 MHz, 1082.43 W, 59
2026/10/07 20:37:19.169, 4, 2032 MHz, 3996 MHz, 1085.85 W, 68
2026/10/07 20:37:19.169, 5, 2032 MHz, 3996 MHz, 1085.16 W, 67
2026/10/07 20:37:19.169, 6, 2032 MHz, 3996 MHz, 1091.16 W, 60
2026/10/07 20:37:19.169, 7, 2032 MHz, 3996 MHz, 1080.66 W, 57
2026/10/07 20:37:20.169, 0, 2025 MHz, 3996 MHz, 1094.55 W, 64
2026/10/07 20:37:20.169, 1, 1987 MHz, 3996 MHz, 1087.21 W, 67
2026/10/07 20:37:20.169, 2, 2032 MHz, 3996 MHz, 1084.43 W, 59
2026/10/07 20:37:20.169, 3, 2032 MHz, 3996 MHz, 1082.31 W, 59
2026/10/07 20:37:20.169, 4, 2032 MHz, 3996 MHz, 1084.30 W, 68
2026/10/07 20:37:20.169, 5, 2032 MHz, 3996 MHz, 1085.32 W, 67
2026/10/07 20:37:20.169, 6, 2032 MHz, 3996 MHz, 1090.73 W, 60
2026/10/07 20:37:20.169, 7, 2032 MHz, 3996 MHz, 1082.53 W, 57
2026/10/07 20:37:21.169, 0, 2025 MHz, 3996 MHz, 1093.68 W, 64
2026/10/07 20:37:21.169, 1, 1972 MHz, 3996 MHz, 1089.19 W, 67
2026/10/07 20:37:21.169, 2, 2032 MHz, 3996 MHz, 1085.56 W, 58
2026/10/07 20:37:21.169, 3, 2032 MHz, 3996 MHz, 1081.30 W, 59
2026/10/07 20:37:21.169, 4, 2032 MHz, 3996 MHz, 1084.38 W, 68
2026/10/07 20:37:21.169, 5, 2032 MHz, 3996 MHz, 1088.24 W, 67
2026/10/07 20:37:21.169, 6, 2032 MHz, 3996 MHz, 1091.79 W, 60
2026/10/07 20:37:21.169, 7, 2032 MHz, 3996 MHz, 1082.55 W, 57
2026/10/07 20:37:22.169, 0, 2025 MHz, 3996 MHz, 1094.69 W, 64
2026/10/07 20:37:22.170, 1, 1987 MHz, 3996 MHz, 1089.60 W, 67
2026/10/07 20:37:22.170, 2, 2032 MHz, 3996 MHz, 1087.37 W, 58
2026/10/07 20:37:22.170, 3, 2032 MHz, 3996 MHz, 1080.26 W, 59
2026/10/07 20:37:22.170, 4, 2032 MHz, 3996 MHz, 1087.38 W, 68
2026/10/07 20:37:22.170, 5, 2032 MHz, 3996 MHz, 1088.13 W, 67
2026/10/07 20:37:22.170, 6, 2032 MHz, 3996 MHz, 1092.34 W, 59
2026/10/07 20:37:22.170, 7, 2032 MHz, 3996 MHz, 1081.35 W, 57
2026/10/07 20:37:23.170, 0, 2025 MHz, 3996 MHz, 1094.21 W, 64
2026/10/07 20:37:23.170, 1, 1987 MHz, 3996 MHz, 1090.09 W, 67
2026/10/07 20:37:23.170, 2, 2032 MHz, 3996 MHz, 1086.39 W, 58
2026/10/07 20:37:23.170, 3, 2032 MHz, 3996 MHz, 1079.01 W, 59
2026/10/07 20:37:23.170, 4, 2032 MHz, 3996 MHz, 1087.49 W, 68
2026/10/07 20:37:23.170, 5, 2032 MHz, 3996 MHz, 1087.07 W, 67
2026/10/07 20:37:23.170, 6, 2032 MHz, 3996 MHz, 1090.87 W, 59
2026/10/07 20:37:23.170, 7, 2032 MHz, 3996 MHz, 1081.92 W, 57
2026/10/07 20:37:24.170, 0, 2025 MHz, 3996 MHz, 1094.21 W, 64
2026/10/07 20:37:24.170, 1, 1987 MHz, 3996 MHz, 1089.83 W, 67
2026/10/07 20:37:24.170, 2, 2032 MHz, 3996 MHz, 1086.00 W, 58
2026/10/07 20:37:24.170, 3, 2032 MHz, 3996 MHz, 1077.68 W, 59
2026/10/07 20:37:24.170, 4, 2032 MHz, 3996 MHz, 1088.02 W, 68
2026/10/07 20:37:24.170, 5, 2032 MHz, 3996 MHz, 1087.24 W, 67
2026/10/07 20:37:24.170, 6, 2032 MHz, 3996 MHz, 1092.30 W, 59
2026/10/07 20:37:24.170, 7, 2032 MHz, 3996 MHz, 1079.75 W, 57
2026/10/07 20:37:25.170, 0, 2025 MHz, 3996 MHz, 1093.95 W, 64
2026/10/07 20:37:25.170, 1, 1987 MHz, 3996 MHz, 1089.17 W, 67
2026/10/07 20:37:25.170, 2, 2032 MHz, 3996 MHz, 1084.17 W, 58
2026/10/07 20:37:25.170, 3, 2032 MHz, 3996 MHz, 1081.60 W, 59
2026/10/07 20:37:25.170, 4, 2032 MHz, 3996 MHz, 1088.28 W, 68
2026/10/07 20:37:25.170, 5, 2032 MHz, 3996 MHz, 1085.83 W, 67
2026/10/07 20:37:25.170, 6, 2032 MHz, 3996 MHz, 1091.92 W, 59
2026/10/07 20:37:25.170, 7, 2032 MHz, 3996 MHz, 1079.84 W, 57
2026/10/07 20:37:26.171, 0, 2017 MHz, 3996 MHz, 1093.53 W, 64
2026/10/07 20:37:26.171, 1, 1987 MHz, 3996 MHz, 1089.03 W, 67
2026/10/07 20:37:26.171, 2, 2032 MHz, 3996 MHz, 1083.99 W, 58
2026/10/07 20:37:26.171, 3, 2032 MHz, 3996 MHz, 1081.78 W, 59
2026/10/07 20:37:26.171, 4, 2032 MHz, 3996 MHz, 1088.02 W, 68
2026/10/07 20:37:26.171, 5, 2032 MHz, 3996 MHz, 1085.22 W, 67
2026/10/07 20:37:26.171, 6, 2032 MHz, 3996 MHz, 1091.94 W, 59
2026/10/07 20:37:26.171, 7, 2032 MHz, 3996 MHz, 1081.37 W, 57
2026/10/07 20:37:27.171, 0, 2025 MHz, 3996 MHz, 1094.62 W, 64
2026/10/07 20:37:27.171, 1, 1987 MHz, 3996 MHz, 1087.66 W, 67
2026/10/07 20:37:27.171, 2, 2032 MHz, 3996 MHz, 1084.03 W, 58
2026/10/07 20:37:27.171, 3, 2032 MHz, 3996 MHz, 1081.08 W, 59
2026/10/07 20:37:27.171, 4, 2032 MHz, 3996 MHz, 1086.73 W, 68
2026/10/07 20:37:27.171, 5, 2032 MHz, 3996 MHz, 1087.53 W, 67
2026/10/07 20:37:27.171, 6, 2032 MHz, 3996 MHz, 1091.48 W, 59
2026/10/07 20:37:27.171, 7, 2032 MHz, 3996 MHz, 1079.48 W, 57
2026/10/07 20:37:28.171, 0, 2025 MHz, 3996 MHz, 1094.14 W, 64
2026/10/07 20:37:28.171, 1, 1972 MHz, 3996 MHz, 1090.23 W, 67
2026/10/07 20:37:28.171, 2, 2032 MHz, 3996 MHz, 1086.85 W, 58
2026/10/07 20:37:28.171, 3, 2032 MHz, 3996 MHz, 1080.15 W, 58
2026/10/07 20:37:28.171, 4, 2032 MHz, 3996 MHz, 1087.29 W, 68
2026/10/07 20:37:28.171, 5, 2032 MHz, 3996 MHz, 1089.24 W, 67
2026/10/07 20:37:28.171, 6, 2017 MHz, 3996 MHz, 1089.81 W, 59
2026/10/07 20:37:28.171, 7, 2032 MHz, 3996 MHz, 1079.59 W, 57
2026/10/07 20:37:29.171, 0, 2032 MHz, 3996 MHz, 1095.01 W, 64
2026/10/07 20:37:29.172, 1, 1987 MHz, 3996 MHz, 1089.82 W, 66
2026/10/07 20:37:29.172, 2, 2032 MHz, 3996 MHz, 1086.55 W, 58
2026/10/07 20:37:29.172, 3, 2032 MHz, 3996 MHz, 1079.24 W, 58
2026/10/07 20:37:29.172, 4, 2032 MHz, 3996 MHz, 1087.70 W, 68
2026/10/07 20:37:29.172, 5, 2032 MHz, 3996 MHz, 1089.18 W, 67
2026/10/07 20:37:29.172, 6, 2025 MHz, 3996 MHz, 1090.98 W, 59
2026/10/07 20:37:29.172, 7, 2032 MHz, 3996 MHz, 1079.01 W, 56
2026/10/07 20:37:30.172, 0, 2017 MHz, 3996 MHz, 1096.18 W, 64
2026/10/07 20:37:30.172, 1, 1987 MHz, 3996 MHz, 1090.06 W, 66
2026/10/07 20:37:30.172, 2, 2032 MHz, 3996 MHz, 1086.24 W, 58
2026/10/07 20:37:30.172, 3, 2032 MHz, 3996 MHz, 1077.49 W, 58
2026/10/07 20:37:30.172, 4, 2032 MHz, 3996 MHz, 1087.53 W, 68
2026/10/07 20:37:30.172, 5, 2032 MHz, 3996 MHz, 1088.63 W, 67
2026/10/07 20:37:30.172, 6, 2032 MHz, 3996 MHz, 1094.01 W, 59
2026/10/07 20:37:30.172, 7, 2032 MHz, 3996 MHz, 1078.34 W, 56
2026/10/07 20:37:31.172, 0, 2017 MHz, 3996 MHz, 1093.53 W, 64
2026/10/07 20:37:31.172, 1, 1987 MHz, 3996 MHz, 1089.57 W, 66
2026/10/07 20:37:31.172, 2, 2032 MHz, 3996 MHz, 1085.13 W, 58
2026/10/07 20:37:31.172, 3, 2032 MHz, 3996 MHz, 1079.48 W, 58
2026/10/07 20:37:31.172, 4, 2032 MHz, 3996 MHz, 1086.98 W, 68
2026/10/07 20:37:31.172, 5, 2032 MHz, 3996 MHz, 1085.95 W, 67
2026/10/07 20:37:31.172, 6, 2032 MHz, 3996 MHz, 1093.93 W, 59
2026/10/07 20:37:31.172, 7, 2032 MHz, 3996 MHz, 1077.12 W, 56
2026/10/07 20:37:32.172, 0, 2017 MHz, 3996 MHz, 1094.45 W, 64
2026/10/07 20:37:32.173, 1, 1987 MHz, 3996 MHz, 1088.57 W, 66
2026/10/07 20:37:32.173, 2, 2032 MHz, 3996 MHz, 1084.31 W, 58
2026/10/07 20:37:32.173, 3, 2032 MHz, 3996 MHz, 1081.67 W, 58
2026/10/07 20:37:32.173, 4, 2032 MHz, 3996 MHz, 1085.93 W, 68
2026/10/07 20:37:32.173, 5, 2032 MHz, 3996 MHz, 1085.68 W, 67
2026/10/07 20:37:32.173, 6, 2032 MHz, 3996 MHz, 1092.81 W, 59
2026/10/07 20:37:32.173, 7, 2032 MHz, 3996 MHz, 1078.93 W, 56
2026/10/07 20:37:33.173, 0, 2025 MHz, 3996 MHz, 1094.54 W, 64
2026/10/07 20:37:33.173, 1, 1987 MHz, 3996 MHz, 1087.89 W, 66
2026/10/07 20:37:33.173, 2, 2032 MHz, 3996 MHz, 1083.96 W, 58
2026/10/07 20:37:33.173, 3, 2032 MHz, 3996 MHz, 1080.52 W, 58
2026/10/07 20:37:33.173, 4, 2032 MHz, 3996 MHz, 1085.77 W, 68
2026/10/07 20:37:33.173, 5, 2032 MHz, 3996 MHz, 1086.04 W, 67
2026/10/07 20:37:33.173, 6, 2032 MHz, 3996 MHz, 1092.38 W, 59
2026/10/07 20:37:33.173, 7, 2032 MHz, 3996 MHz, 1080.12 W, 56
2026/10/07 20:37:34.173, 0, 2025 MHz, 3996 MHz, 1093.90 W, 64
2026/10/07 20:37:34.173, 1, 1987 MHz, 3996 MHz, 1089.11 W, 66
2026/10/07 20:37:34.173, 2, 2032 MHz, 3996 MHz, 1085.05 W, 58
2026/10/07 20:37:34.173, 3, 2032 MHz, 3996 MHz, 1079.99 W, 58
2026/10/07 20:37:34.173, 4, 2032 MHz, 3996 MHz, 1085.26 W, 68
2026/10/07 20:37:34.173, 5, 2032 MHz, 3996 MHz, 1087.99 W, 67
2026/10/07 20:37:34.173, 6, 2032 MHz, 3996 MHz, 1095.56 W, 59
2026/10/07 20:37:34.173, 7, 2032 MHz, 3996 MHz, 1079.52 W, 56
2026/10/07 20:37:35.173, 0, 2025 MHz, 3996 MHz, 1093.42 W, 64
2026/10/07 20:37:35.173, 1, 1980 MHz, 3996 MHz, 1090.03 W, 66
2026/10/07 20:37:35.173, 2, 2032 MHz, 3996 MHz, 1086.36 W, 58
2026/10/07 20:37:35.173, 3, 2032 MHz, 3996 MHz, 1079.26 W, 58
2026/10/07 20:37:35.173, 4, 2032 MHz, 3996 MHz, 1087.74 W, 68
2026/10/07 20:37:35.173, 5, 2032 MHz, 3996 MHz, 1088.05 W, 67
2026/10/07 20:37:35.173, 6, 2032 MHz, 3996 MHz, 1092.02 W, 59
2026/10/07 20:37:35.173, 7, 2032 MHz, 3996 MHz, 1078.98 W, 56
2026/10/07 20:37:36.174, 0, 2025 MHz, 3996 MHz, 1094.03 W, 64
2026/10/07 20:37:36.174, 1, 1987 MHz, 3996 MHz, 1090.47 W, 66
2026/10/07 20:37:36.174, 2, 2032 MHz, 3996 MHz, 1085.96 W, 57
2026/10/07 20:37:36.174, 3, 2032 MHz, 3996 MHz, 1077.86 W, 58
2026/10/07 20:37:36.174, 4, 2032 MHz, 3996 MHz, 1087.74 W, 68
2026/10/07 20:37:36.174, 5, 2032 MHz, 3996 MHz, 1087.67 W, 67
2026/10/07 20:37:36.174, 6, 2032 MHz, 3996 MHz, 1093.45 W, 59
2026/10/07 20:37:36.174, 7, 2032 MHz, 3996 MHz, 1077.36 W, 56
2026/10/07 20:37:37.174, 0, 2025 MHz, 3996 MHz, 1094.80 W, 64
2026/10/07 20:37:37.174, 1, 1980 MHz, 3996 MHz, 1090.28 W, 66
2026/10/07 20:37:37.174, 2, 2032 MHz, 3996 MHz, 1086.19 W, 57
2026/10/07 20:37:37.174, 3, 1357 MHz, 3996 MHz, 1094.98 W, 63
2026/10/07 20:37:37.174, 4, 2032 MHz, 3996 MHz, 1087.31 W, 68
2026/10/07 20:37:37.174, 5, 2032 MHz, 3996 MHz, 1087.00 W, 67
2026/10/07 20:37:37.174, 6, 2032 MHz, 3996 MHz, 1091.73 W, 58
2026/10/07 20:37:37.174, 7, 2032 MHz, 3996 MHz, 1076.70 W, 56
2026/10/07 20:37:38.174, 0, 2025 MHz, 3996 MHz, 1094.11 W, 64
2026/10/07 20:37:38.174, 1, 1987 MHz, 3996 MHz, 1089.24 W, 66
2026/10/07 20:37:38.174, 2, 2032 MHz, 3996 MHz, 1084.89 W, 57
2026/10/07 20:37:38.174, 3, 1357 MHz, 3996 MHz, 1086.32 W, 63
2026/10/07 20:37:38.174, 4, 2032 MHz, 3996 MHz, 1086.71 W, 67
2026/10/07 20:37:38.174, 5, 2032 MHz, 3996 MHz, 1086.38 W, 67
2026/10/07 20:37:38.174, 6, 2032 MHz, 3996 MHz, 1092.02 W, 58
2026/10/07 20:37:38.174, 7, 1365 MHz, 3996 MHz, 1093.29 W, 60
2026/10/07 20:37:39.174, 0, 1357 MHz, 3996 MHz, 1095.48 W, 68
2026/10/07 20:37:39.175, 1, 1987 MHz, 3996 MHz, 1090.15 W, 66
2026/10/07 20:37:39.175, 2, 2032 MHz, 3996 MHz, 1084.72 W, 57
2026/10/07 20:37:39.175, 3, 1372 MHz, 3996 MHz, 1085.73 W, 63
2026/10/07 20:37:39.175, 4, 2032 MHz, 3996 MHz, 1086.34 W, 67
2026/10/07 20:37:39.175, 5, 1357 MHz, 3996 MHz, 1099.89 W, 71
2026/10/07 20:37:39.175, 6, 1357 MHz, 3996 MHz, 1101.39 W, 62
2026/10/07 20:37:39.175, 7, 1357 MHz, 3996 MHz, 1083.56 W, 60
2026/10/07 20:37:40.175, 0, 1350 MHz, 3996 MHz, 1088.39 W, 68
2026/10/07 20:37:40.175, 1, 1320 MHz, 3996 MHz, 1097.24 W, 70
2026/10/07 20:37:40.175, 2, 1357 MHz, 3996 MHz, 1097.02 W, 62
2026/10/07 20:37:40.175, 3, 1342 MHz, 3996 MHz, 1085.93 W, 62
2026/10/07 20:37:40.175, 4, 1417 MHz, 3996 MHz, 1097.82 W, 67
2026/10/07 20:37:40.175, 5, 1365 MHz, 3996 MHz, 1087.77 W, 71
2026/10/07 20:37:40.175, 6, 1342 MHz, 3996 MHz, 1089.43 W, 63
2026/10/07 20:37:40.175, 7, 1350 MHz, 3996 MHz, 1088.20 W, 61
2026/10/07 20:37:41.175, 0, 1357 MHz, 3996 MHz, 1086.83 W, 68
2026/10/07 20:37:41.175, 1, 1320 MHz, 3996 MHz, 1090.39 W, 70
2026/10/07 20:37:41.175, 2, 1335 MHz, 3996 MHz, 1090.96 W, 62
2026/10/07 20:37:41.175, 3, 1372 MHz, 3996 MHz, 1089.67 W, 63
2026/10/07 20:37:41.175, 4, 1357 MHz, 3996 MHz, 1085.08 W, 72
2026/10/07 20:37:41.175, 5, 1380 MHz, 3996 MHz, 1092.66 W, 71
2026/10/07 20:37:41.175, 6, 1350 MHz, 3996 MHz, 1093.40 W, 63
2026/10/07 20:37:41.175, 7, 1357 MHz, 3996 MHz, 1086.41 W, 60
2026/10/07 20:37:42.175, 0, 1327 MHz, 3996 MHz, 1089.50 W, 68
2026/10/07 20:37:42.176, 1, 1335 MHz, 3996 MHz, 1089.60 W, 71
2026/10/07 20:37:42.176, 2, 1357 MHz, 3996 MHz, 1087.95 W, 62
2026/10/07 20:37:42.176, 3, 1342 MHz, 3996 MHz, 1089.27 W, 63
2026/10/07 20:37:42.176, 4, 1365 MHz, 3996 MHz, 1088.05 W, 72
2026/10/07 20:37:42.176, 5, 1372 MHz, 3996 MHz, 1090.93 W, 71
2026/10/07 20:37:42.176, 6, 1335 MHz, 3996 MHz, 1092.28 W, 63
2026/10/07 20:37:42.176, 7, 1380 MHz, 3996 MHz, 1085.74 W, 60
2026/10/07 20:37:43.176, 0, 1335 MHz, 3996 MHz, 1086.15 W, 68
2026/10/07 20:37:43.176, 1, 1320 MHz, 3996 MHz, 1089.62 W, 70
2026/10/07 20:37:43.176, 2, 1350 MHz, 3996 MHz, 1089.52 W, 62
2026/10/07 20:37:43.176, 3, 1342 MHz, 3996 MHz, 1087.84 W, 62
2026/10/07 20:37:43.176, 4, 1365 MHz, 3996 MHz, 1087.16 W, 72
2026/10/07 20:37:43.176, 5, 1380 MHz, 3996 MHz, 1089.53 W, 71
2026/10/07 20:37:43.176, 6, 1335 MHz, 3996 MHz, 1091.07 W, 63
2026/10/07 20:37:43.176, 7, 1350 MHz, 3996 MHz, 1089.66 W, 60
2026/10/07 20:37:44.176, 0, 1335 MHz, 3996 MHz, 1089.91 W, 68
2026/10/07 20:37:44.176, 1, 1297 MHz, 3996 MHz, 1089.59 W, 70
2026/10/07 20:37:44.176, 2, 1365 MHz, 3996 MHz, 1088.33 W, 61
2026/10/07 20:37:44.176, 3, 1357 MHz, 3996 MHz, 1090.01 W, 62
2026/10/07 20:37:44.176, 4, 1365 MHz, 3996 MHz, 1088.54 W, 72
2026/10/07 20:37:44.176, 5, 1372 MHz, 3996 MHz, 1090.20 W, 71
2026/10/07 20:37:44.176, 6, 1335 MHz, 3996 MHz, 1091.33 W, 63
2026/10/07 20:37:44.176, 7, 1327 MHz, 3996 MHz, 1087.55 W, 60
2026/10/07 20:37:45.177, 0, 1350 MHz, 3996 MHz, 1088.57 W, 67
2026/10/07 20:37:45.177, 1, 1305 MHz, 3996 MHz, 1087.99 W, 70
2026/10/07 20:37:45.177, 2, 1320 MHz, 3996 MHz, 1090.76 W, 62
2026/10/07 20:37:45.177, 3, 1357 MHz, 3996 MHz, 1087.26 W, 62
2026/10/07 20:37:45.177, 4, 1342 MHz, 3996 MHz, 1087.20 W, 72
2026/10/07 20:37:45.177, 5, 1372 MHz, 3996 MHz, 1089.07 W, 71
2026/10/07 20:37:45.177, 6, 1335 MHz, 3996 MHz, 1091.06 W, 63
2026/10/07 20:37:45.177, 7, 1357 MHz, 3996 MHz, 1088.36 W, 60
2026/10/07 20:37:46.177, 0, 1327 MHz, 3996 MHz, 1087.26 W, 67
2026/10/07 20:37:46.177, 1, 1297 MHz, 3996 MHz, 1090.41 W, 70
2026/10/07 20:37:46.177, 2, 1335 MHz, 3996 MHz, 1089.28 W, 61
2026/10/07 20:37:46.177, 3, 1402 MHz, 3996 MHz, 1084.12 W, 62
2026/10/07 20:37:46.177, 4, 1357 MHz, 3996 MHz, 1087.00 W, 72
2026/10/07 20:37:46.177, 5, 1380 MHz, 3996 MHz, 1091.85 W, 71
2026/10/07 20:37:46.177, 6, 1335 MHz, 3996 MHz, 1090.66 W, 62
2026/10/07 20:37:46.177, 7, 1357 MHz, 3996 MHz, 1086.45 W, 60
2026/10/07 20:37:47.177, 0, 1365 MHz, 3996 MHz, 1089.44 W, 67
2026/10/07 20:37:47.177, 1, 1320 MHz, 3996 MHz, 1089.27 W, 70
2026/10/07 20:37:47.177, 2, 1350 MHz, 3996 MHz, 1090.12 W, 61
2026/10/07 20:37:47.177, 3, 2032 MHz, 3996 MHz, 1058.18 W, 57
2026/10/07 20:37:47.177, 4, 1350 MHz, 3996 MHz, 1090.70 W, 72
2026/10/07 20:37:47.177, 5, 1402 MHz, 3996 MHz, 1089.65 W, 71
2026/10/07 20:37:47.177, 6, 1335 MHz, 3996 MHz, 1092.61 W, 62
2026/10/07 20:37:47.178, 7, 1455 MHz, 3996 MHz, 1073.51 W, 59
2026/10/07 20:37:48.178, 0, 1350 MHz, 3996 MHz, 1089.22 W, 68
2026/10/07 20:37:48.178, 1, 1402 MHz, 3996 MHz, 1087.92 W, 70
2026/10/07 20:37:48.178, 2, 1342 MHz, 3996 MHz, 1087.72 W, 61
2026/10/07 20:37:48.178, 3, 2032 MHz, 3996 MHz, 1075.14 W, 57
2026/10/07 20:37:48.178, 4, 1342 MHz, 3996 MHz, 1088.17 W, 72
2026/10/07 20:37:48.178, 5, 1372 MHz, 3996 MHz, 1087.21 W, 71
2026/10/07 20:37:48.178, 6, 1342 MHz, 3996 MHz, 1090.07 W, 62
2026/10/07 20:37:48.178, 7, 2032 MHz, 3996 MHz, 1064.44 W, 55
2026/10/07 20:37:49.178, 0, 2025 MHz, 3996 MHz, 1069.44 W, 63
2026/10/07 20:37:49.178, 1, 1320 MHz, 3996 MHz, 1089.10 W, 70
2026/10/07 20:37:49.178, 2, 1380 MHz, 3996 MHz, 1086.49 W, 61
2026/10/07 20:37:49.178, 3, 2032 MHz, 3996 MHz, 1074.54 W, 57
2026/10/07 20:37:49.178, 4, 1357 MHz, 3996 MHz, 1084.16 W, 71
2026/10/07 20:37:49.178, 5, 2032 MHz, 3996 MHz, 1061.83 W, 66
2026/10/07 20:37:49.178, 6, 2032 MHz, 3996 MHz, 1065.39 W, 57
2026/10/07 20:37:49.178, 7, 2032 MHz, 3996 MHz, 1073.85 W, 55
2026/10/07 20:37:50.178, 0, 2032 MHz, 3996 MHz, 1094.06 W, 63
2026/10/07 20:37:50.178, 1, 1987 MHz, 3996 MHz, 1073.29 W, 65
2026/10/07 20:37:50.178, 2, 2032 MHz, 3996 MHz, 1062.42 W, 56
2026/10/07 20:37:50.178, 3, 2032 MHz, 3996 MHz, 1072.92 W, 57
2026/10/07 20:37:50.178, 4, 2032 MHz, 3996 MHz, 1060.25 W, 67
2026/10/07 20:37:50.178, 5, 2032 MHz, 3996 MHz, 1082.50 W, 66
2026/10/07 20:37:50.178, 6, 2032 MHz, 3996 MHz, 1086.91 W, 57
2026/10/07 20:37:50.178, 7, 2032 MHz, 3996 MHz, 1070.99 W, 55
2026/10/07 20:37:51.179, 0, 2032 MHz, 3996 MHz, 1093.29 W, 63
2026/10/07 20:37:51.179, 1, 1987 MHz, 3996 MHz, 1087.01 W, 65
2026/10/07 20:37:51.179, 2, 2032 MHz, 3996 MHz, 1082.00 W, 56
2026/10/07 20:37:51.179, 3, 2032 MHz, 3996 MHz, 1070.89 W, 57
2026/10/07 20:37:51.179, 4, 2032 MHz, 3996 MHz, 1081.80 W, 67
2026/10/07 20:37:51.179, 5, 2032 MHz, 3996 MHz, 1080.96 W, 66
2026/10/07 20:37:51.179, 6, 2032 MHz, 3996 MHz, 1086.49 W, 57
2026/10/07 20:37:51.179, 7, 2032 MHz, 3996 MHz, 1070.38 W, 55
2026/10/07 20:37:52.179, 0, 2032 MHz, 3996 MHz, 1093.45 W, 63
2026/10/07 20:37:52.179, 1, 1995 MHz, 3996 MHz, 1087.57 W, 65
2026/10/07 20:37:52.179, 2, 2032 MHz, 3996 MHz, 1082.35 W, 56
2026/10/07 20:37:52.179, 3, 2032 MHz, 3996 MHz, 1071.83 W, 56
2026/10/07 20:37:52.179, 4, 2032 MHz, 3996 MHz, 1080.20 W, 67
2026/10/07 20:37:52.179, 5, 2032 MHz, 3996 MHz, 1080.09 W, 66
2026/10/07 20:37:52.179, 6, 2032 MHz, 3996 MHz, 1087.66 W, 57
2026/10/07 20:37:52.179, 7, 2032 MHz, 3996 MHz, 1069.88 W, 54
2026/10/07 20:37:53.179, 0, 2032 MHz, 3996 MHz, 1092.89 W, 63
2026/10/07 20:37:53.179, 1, 2002 MHz, 3996 MHz, 1088.47 W, 65
2026/10/07 20:37:53.179, 2, 2032 MHz, 3996 MHz, 1080.15 W, 56
2026/10/07 20:37:53.179, 3, 2032 MHz, 3996 MHz, 1074.09 W, 56
2026/10/07 20:37:53.179, 4, 2032 MHz, 3996 MHz, 1079.34 W, 66
2026/10/07 20:37:53.179, 5, 2032 MHz, 3996 MHz, 1079.89 W, 66
2026/10/07 20:37:53.179, 6, 2032 MHz, 3996 MHz, 1087.16 W, 57
2026/10/07 20:37:53.179, 7, 2032 MHz, 3996 MHz, 1070.84 W, 54
2026/10/07 20:37:54.179, 0, 2032 MHz, 3996 MHz, 1092.58 W, 63
2026/10/07 20:37:54.179, 1, 2002 MHz, 3996 MHz, 1088.01 W, 65
2026/10/07 20:37:54.179, 2, 2032 MHz, 3996 MHz, 1079.13 W, 56
2026/10/07 20:37:54.179, 3, 2032 MHz, 3996 MHz, 1073.76 W, 56
2026/10/07 20:37:54.179, 4, 2032 MHz, 3996 MHz, 1079.18 W, 66
2026/10/07 20:37:54.179, 5, 2032 MHz, 3996 MHz, 1080.86 W, 66
2026/10/07 20:37:54.179, 6, 2032 MHz, 3996 MHz, 1083.26 W, 57
2026/10/07 20:37:54.179, 7, 2032 MHz, 3996 MHz, 1072.08 W, 54
2026/10/07 20:37:55.180, 0, 2025 MHz, 3996 MHz, 1093.22 W, 63
2026/10/07 20:37:55.180, 1, 1987 MHz, 3996 MHz, 1088.81 W, 65
2026/10/07 20:37:55.180, 2, 2032 MHz, 3996 MHz, 1079.65 W, 56
2026/10/07 20:37:55.180, 3, 2032 MHz, 3996 MHz, 1072.95 W, 56
2026/10/07 20:37:55.180, 4, 2032 MHz, 3996 MHz, 1077.79 W, 66
2026/10/07 20:37:55.180, 5, 2032 MHz, 3996 MHz, 1081.63 W, 66
2026/10/07 20:37:55.180, 6, 2032 MHz, 3996 MHz, 1085.47 W, 57
2026/10/07 20:37:55.180, 7, 2032 MHz, 3996 MHz, 1071.00 W, 54
2026/10/07 20:37:56.180, 0, 2025 MHz, 3996 MHz, 1094.20 W, 62
2026/10/07 20:37:56.180, 1, 1987 MHz, 3996 MHz, 1085.11 W, 65
2026/10/07 20:37:56.180, 2, 2032 MHz, 3996 MHz, 1081.95 W, 55
2026/10/07 20:37:56.180, 3, 2032 MHz, 3996 MHz, 1072.04 W, 56
2026/10/07 20:37:56.180, 4, 2032 MHz, 3996 MHz, 1080.19 W, 66
2026/10/07 20:37:56.180, 5, 2032 MHz, 3996 MHz, 1081.68 W, 66
2026/10/07 20:37:56.180, 6, 2032 MHz, 3996 MHz, 1086.73 W, 57
2026/10/07 20:37:56.180, 7, 2032 MHz, 3996 MHz, 1070.95 W, 54
2026/10/07 20:37:57.180, 0, 2032 MHz, 3996 MHz, 1093.69 W, 62
2026/10/07 20:37:57.180, 1, 1987 MHz, 3996 MHz, 1088.46 W, 65
2026/10/07 20:37:57.180, 2, 2032 MHz, 3996 MHz, 1081.45 W, 55
2026/10/07 20:37:57.180, 3, 2032 MHz, 3996 MHz, 1070.82 W, 56
2026/10/07 20:37:57.180, 4, 2032 MHz, 3996 MHz, 1080.74 W, 66
2026/10/07 20:37:57.180, 5, 2032 MHz, 3996 MHz, 1079.84 W, 65
2026/10/07 20:37:57.180, 6, 2032 MHz, 3996 MHz, 1086.97 W, 57
2026/10/07 20:37:57.180, 7, 2032 MHz, 3996 MHz, 1069.01 W, 54
2026/10/07 20:37:58.180, 0, 2032 MHz, 3996 MHz, 1092.70 W, 62
2026/10/07 20:37:58.181, 1, 1987 MHz, 3996 MHz, 1087.65 W, 64
2026/10/07 20:37:58.181, 2, 2032 MHz, 3996 MHz, 1081.37 W, 55
2026/10/07 20:37:58.181, 3, 2032 MHz, 3996 MHz, 1071.86 W, 56
2026/10/07 20:37:58.181, 4, 2032 MHz, 3996 MHz, 1079.88 W, 66
2026/10/07 20:37:58.181, 5, 2032 MHz, 3996 MHz, 1079.59 W, 65
2026/10/07 20:37:58.181, 6, 2032 MHz, 3996 MHz, 1084.88 W, 56
2026/10/07 20:37:58.181, 7, 2032 MHz, 3996 MHz, 1069.00 W, 54
2026/10/07 20:37:59.181, 0, 2032 MHz, 3996 MHz, 1092.96 W, 62
2026/10/07 20:37:59.181, 1, 1987 MHz, 3996 MHz, 1088.21 W, 64
2026/10/07 20:37:59.181, 2, 2032 MHz, 3996 MHz, 1079.76 W, 55
2026/10/07 20:37:59.181, 3, 2032 MHz, 3996 MHz, 1072.74 W, 56
2026/10/07 20:37:59.181, 4, 2032 MHz, 3996 MHz, 1079.71 W, 66
2026/10/07 20:37:59.181, 5, 2032 MHz, 3996 MHz, 1078.82 W, 65
2026/10/07 20:37:59.181, 6, 2032 MHz, 3996 MHz, 1083.93 W, 56
2026/10/07 20:37:59.181, 7, 2032 MHz, 3996 MHz, 1069.14 W, 54
2026/10/07 20:38:00.181, 0, 2032 MHz, 3996 MHz, 1091.00 W, 62
2026/10/07 20:38:00.181, 1, 1987 MHz, 3996 MHz, 1088.50 W, 64
2026/10/07 20:38:00.181, 2, 2032 MHz, 3996 MHz, 1078.45 W, 55
2026/10/07 20:38:00.181, 3, 2032 MHz, 3996 MHz, 1072.44 W, 55
2026/10/07 20:38:00.181, 4, 2032 MHz, 3996 MHz, 1078.37 W, 66
2026/10/07 20:38:00.181, 5, 2032 MHz, 3996 MHz, 1078.23 W, 65
2026/10/07 20:38:00.181, 6, 2032 MHz, 3996 MHz, 1082.90 W, 56
2026/10/07 20:38:00.181, 7, 2032 MHz, 3996 MHz, 1070.79 W, 54
2026/10/07 20:38:01.182, 0, 2025 MHz, 3996 MHz, 1092.50 W, 62
2026/10/07 20:38:01.182, 1, 1995 MHz, 3996 MHz, 1090.59 W, 64
2026/10/07 20:38:01.182, 2, 2032 MHz, 3996 MHz, 1078.41 W, 55
2026/10/07 20:38:01.182, 3, 2032 MHz, 3996 MHz, 1072.21 W, 55
2026/10/07 20:38:01.182, 4, 2032 MHz, 3996 MHz, 1077.47 W, 66
2026/10/07 20:38:01.182, 5, 2032 MHz, 3996 MHz, 1080.23 W, 65
2026/10/07 20:38:01.182, 6, 2032 MHz, 3996 MHz, 1083.78 W, 56
2026/10/07 20:38:01.182, 7, 2032 MHz, 3996 MHz, 1070.45 W, 53
2026/10/07 20:38:02.182, 0, 2032 MHz, 3996 MHz, 1092.99 W, 62
2026/10/07 20:38:02.182, 1, 2002 MHz, 3996 MHz, 1091.55 W, 64
2026/10/07 20:38:02.182, 2, 2032 MHz, 3996 MHz, 1079.91 W, 55
2026/10/07 20:38:02.182, 3, 2032 MHz, 3996 MHz, 1070.84 W, 55
2026/10/07 20:38:02.182, 4, 2032 MHz, 3996 MHz, 1078.29 W, 66
2026/10/07 20:38:02.182, 5, 2032 MHz, 3996 MHz, 1080.79 W, 65
2026/10/07 20:38:02.182, 6, 2032 MHz, 3996 MHz, 1085.15 W, 56
2026/10/07 20:38:02.182, 7, 2032 MHz, 3996 MHz, 1070.00 W, 53
2026/10/07 20:38:03.182, 0, 2032 MHz, 3996 MHz, 1093.57 W, 62
2026/10/07 20:38:03.182, 1, 1995 MHz, 3996 MHz, 1087.06 W, 64
2026/10/07 20:38:03.182, 2, 2032 MHz, 3996 MHz, 1080.73 W, 55
2026/10/07 20:38:03.182, 3, 2032 MHz, 3996 MHz, 1069.86 W, 55
2026/10/07 20:38:03.182, 4, 2032 MHz, 3996 MHz, 1080.37 W, 65
2026/10/07 20:38:03.182, 5, 2032 MHz, 3996 MHz, 1080.04 W, 65
2026/10/07 20:38:03.182, 6, 2032 MHz, 3996 MHz, 1085.12 W, 56
2026/10/07 20:38:03.182, 7, 2032 MHz, 3996 MHz, 1069.33 W, 53
2026/10/07 20:38:04.182, 0, 2032 MHz, 3996 MHz, 1092.09 W, 62
2026/10/07 20:38:04.183, 1, 1995 MHz, 3996 MHz, 1088.56 W, 64
2026/10/07 20:38:04.183, 2, 2032 MHz, 3996 MHz, 1078.96 W, 54
2026/10/07 20:38:04.183, 3, 2032 MHz, 3996 MHz, 1069.07 W, 55
2026/10/07 20:38:04.183, 4, 2032 MHz, 3996 MHz, 1079.74 W, 65
2026/10/07 20:38:04.183, 5, 2032 MHz, 3996 MHz, 1078.92 W, 65
2026/10/07 20:38:04.183, 6, 2032 MHz, 3996 MHz, 1086.30 W, 56
2026/10/07 20:38:04.183, 7, 2032 MHz, 3996 MHz, 1068.53 W, 53
2026/10/07 20:38:05.183, 0, 2032 MHz, 3996 MHz, 1092.05 W, 62
2026/10/07 20:38:05.183, 1, 1995 MHz, 3996 MHz, 1089.19 W, 64
2026/10/07 20:38:05.183, 2, 2032 MHz, 3996 MHz, 1076.95 W, 54
2026/10/07 20:38:05.183, 3, 2032 MHz, 3996 MHz, 1070.24 W, 55
2026/10/07 20:38:05.183, 4, 2032 MHz, 3996 MHz, 1078.62 W, 65
2026/10/07 20:38:05.183, 5, 2032 MHz, 3996 MHz, 1077.99 W, 65
2026/10/07 20:38:05.183, 6, 2032 MHz, 3996 MHz, 1085.02 W, 56
2026/10/07 20:38:05.183, 7, 2032 MHz, 3996 MHz, 1067.20 W, 53
2026/10/07 20:38:06.183, 0, 2032 MHz, 3996 MHz, 1091.79 W, 61
2026/10/07 20:38:06.183, 1, 2002 MHz, 3996 MHz, 1089.90 W, 64
2026/10/07 20:38:06.183, 2, 2032 MHz, 3996 MHz, 1076.30 W, 54
2026/10/07 20:38:06.183, 3, 2032 MHz, 3996 MHz, 1071.66 W, 55
2026/10/07 20:38:06.183, 4, 2032 MHz, 3996 MHz, 1077.86 W, 65
2026/10/07 20:38:06.183, 5, 2032 MHz, 3996 MHz, 1077.70 W, 65
2026/10/07 20:38:06.183, 6, 2032 MHz, 3996 MHz, 1083.94 W, 56
2026/10/07 20:38:06.183, 7, 2032 MHz, 3996 MHz, 1068.83 W, 53
2026/10/07 20:38:07.183, 0, 2017 MHz, 3996 MHz, 1092.11 W, 61
2026/10/07 20:38:07.183, 1, 2002 MHz, 3996 MHz, 1090.22 W, 64
2026/10/07 20:38:07.183, 2, 2032 MHz, 3996 MHz, 1075.05 W, 54
2026/10/07 20:38:07.183, 3, 2032 MHz, 3996 MHz, 1070.43 W, 55
2026/10/07 20:38:07.183, 4, 2032 MHz, 3996 MHz, 1077.34 W, 65
2026/10/07 20:38:07.183, 5, 2032 MHz, 3996 MHz, 1077.76 W, 64
2026/10/07 20:38:07.183, 6, 2032 MHz, 3996 MHz, 1083.64 W, 55
2026/10/07 20:38:07.184, 7, 2032 MHz, 3996 MHz, 1071.99 W, 53
2026/10/07 20:38:08.184, 0, 2032 MHz, 3996 MHz, 1093.01 W, 61
2026/10/07 20:38:08.184, 1, 1995 MHz, 3996 MHz, 1091.56 W, 64
2026/10/07 20:38:08.184, 2, 2032 MHz, 3996 MHz, 1075.64 W, 54
2026/10/07 20:38:08.184, 3, 2032 MHz, 3996 MHz, 1070.84 W, 54
2026/10/07 20:38:08.184, 4, 2032 MHz, 3996 MHz, 1076.18 W, 65
2026/10/07 20:38:08.184, 5, 2032 MHz, 3996 MHz, 1079.35 W, 64
2026/10/07 20:38:08.184, 6, 2032 MHz, 3996 MHz, 1086.34 W, 55
2026/10/07 20:38:08.184, 7, 2032 MHz, 3996 MHz, 1070.91 W, 53
2026/10/07 20:38:09.184, 0, 2025 MHz, 3996 MHz, 1092.60 W, 61
2026/10/07 20:38:09.184, 1, 2002 MHz, 3996 MHz, 1090.38 W, 63
2026/10/07 20:38:09.184, 2, 2032 MHz, 3996 MHz, 1077.55 W, 54
2026/10/07 20:38:09.184, 3, 2032 MHz, 3996 MHz, 1070.17 W, 54
2026/10/07 20:38:09.184, 4, 2032 MHz, 3996 MHz, 1079.17 W, 65
2026/10/07 20:38:09.184, 5, 2032 MHz, 3996 MHz, 1079.38 W, 64
2026/10/07 20:38:09.184, 6, 2032 MHz, 3996 MHz, 1086.86 W, 55
2026/10/07 20:38:09.184, 7, 2032 MHz, 3996 MHz, 1070.58 W, 52
2026/10/07 20:38:10.184, 0, 2032 MHz, 3996 MHz, 1092.69 W, 61
2026/10/07 20:38:10.184, 1, 2002 MHz, 3996 MHz, 1091.44 W, 63
2026/10/07 20:38:10.184, 2, 2032 MHz, 3996 MHz, 1077.71 W, 54
2026/10/07 20:38:10.184, 3, 2032 MHz, 3996 MHz, 1068.87 W, 54
2026/10/07 20:38:10.184, 4, 2032 MHz, 3996 MHz, 1079.35 W, 65
2026/10/07 20:38:10.184, 5, 2032 MHz, 3996 MHz, 1079.15 W, 64
2026/10/07 20:38:10.184, 6, 2032 MHz, 3996 MHz, 1085.58 W, 55
2026/10/07 20:38:10.184, 7, 2032 MHz, 3996 MHz, 1069.07 W, 52
2026/10/07 20:38:11.185, 0, 2032 MHz, 3996 MHz, 1092.46 W, 61
2026/10/07 20:38:11.185, 1, 2002 MHz, 3996 MHz, 1091.66 W, 63
2026/10/07 20:38:11.185, 2, 2032 MHz, 3996 MHz, 1077.25 W, 54
2026/10/07 20:38:11.185, 3, 1365 MHz, 3996 MHz, 1090.72 W, 59
2026/10/07 20:38:11.185, 4, 2032 MHz, 3996 MHz, 1078.15 W, 65
2026/10/07 20:38:11.185, 5, 2032 MHz, 3996 MHz, 1078.56 W, 64
2026/10/07 20:38:11.185, 6, 2032 MHz, 3996 MHz, 1084.95 W, 55
2026/10/07 20:38:11.185, 7, 2032 MHz, 3996 MHz, 1067.56 W, 52
2026/10/07 20:38:12.185, 0, 2032 MHz, 3996 MHz, 1092.20 W, 61
2026/10/07 20:38:12.185, 1, 1995 MHz, 3996 MHz, 1091.40 W, 63
2026/10/07 20:38:12.185, 2, 2032 MHz, 3996 MHz, 1076.50 W, 53
2026/10/07 20:38:12.185, 3, 1365 MHz, 3996 MHz, 1085.42 W, 59
2026/10/07 20:38:12.185, 4, 2032 MHz, 3996 MHz, 1077.74 W, 64
2026/10/07 20:38:12.185, 5, 2032 MHz, 3996 MHz, 1077.01 W, 64
2026/10/07 20:38:12.185, 6, 2032 MHz, 3996 MHz, 1084.57 W, 55
2026/10/07 20:38:12.185, 7, 1357 MHz, 3996 MHz, 1086.71 W, 56
2026/10/07 20:38:13.185, 0, 1447 MHz, 3996 MHz, 1095.57 W, 65
2026/10/07 20:38:13.185, 1, 2002 MHz, 3996 MHz, 1091.18 W, 63
2026/10/07 20:38:13.185, 2, 2032 MHz, 3996 MHz, 1075.42 W, 53
2026/10/07 20:38:13.185, 3, 1357 MHz, 3996 MHz, 1087.48 W, 59
2026/10/07 20:38:13.185, 4, 2032 MHz, 3996 MHz, 1076.93 W, 64
2026/10/07 20:38:13.185, 5, 1365 MHz, 3996 MHz, 1087.74 W, 68
2026/10/07 20:38:13.186, 6, 1522 MHz, 3996 MHz, 1091.93 W, 55
2026/10/07 20:38:13.186, 7, 1365 MHz, 3996 MHz, 1084.66 W, 57
2026/10/07 20:38:14.186, 0, 1342 MHz, 3996 MHz, 1087.54 W, 65
2026/10/07 20:38:14.186, 1, 1327 MHz, 3996 MHz, 1098.06 W, 67
2026/10/07 20:38:14.186, 2, 1365 MHz, 3996 MHz, 1091.61 W, 58
2026/10/07 20:38:14.186, 3, 1365 MHz, 3996 MHz, 1088.38 W, 59
2026/10/07 20:38:14.186, 4, 2032 MHz, 3996 MHz, 1076.58 W, 64
2026/10/07 20:38:14.186, 5, 1387 MHz, 3996 MHz, 1090.51 W, 69
2026/10/07 20:38:14.186, 6, 1372 MHz, 3996 MHz, 1089.31 W, 60
2026/10/07 20:38:14.186, 7, 1372 MHz, 3996 MHz, 1084.94 W, 57
2026/10/07 20:38:15.186, 0, 1350 MHz, 3996 MHz, 1085.67 W, 65
2026/10/07 20:38:15.186, 1, 1320 MHz, 3996 MHz, 1089.85 W, 67
2026/10/07 20:38:15.186, 2, 1357 MHz, 3996 MHz, 1089.37 W, 58
2026/10/07 20:38:15.186, 3, 1372 MHz, 3996 MHz, 1086.60 W, 59
2026/10/07 20:38:15.186, 4, 1365 MHz, 3996 MHz, 1095.35 W, 69
2026/10/07 20:38:15.186, 5, 1387 MHz, 3996 MHz, 1091.22 W, 68
2026/10/07 20:38:15.186, 6, 1357 MHz, 3996 MHz, 1090.96 W, 59
2026/10/07 20:38:15.186, 7, 1365 MHz, 3996 MHz, 1086.25 W, 57
2026/10/07 20:38:16.186, 0, 1365 MHz, 3996 MHz, 1090.27 W, 65
2026/10/07 20:38:16.186, 1, 1320 MHz, 3996 MHz, 1089.34 W, 67
2026/10/07 20:38:16.186, 2, 1365 MHz, 3996 MHz, 1086.99 W, 58
2026/10/07 20:38:16.186, 3, 1357 MHz, 3996 MHz, 1086.72 W, 59
2026/10/07 20:38:16.186, 4, 1365 MHz, 3996 MHz, 1085.50 W, 69
2026/10/07 20:38:16.186, 5, 1387 MHz, 3996 MHz, 1091.10 W, 69
2026/10/07 20:38:16.186, 6, 1365 MHz, 3996 MHz, 1090.55 W, 59
2026/10/07 20:38:16.187, 7, 1357 MHz, 3996 MHz, 1086.48 W, 57
2026/10/07 20:38:17.187, 0, 1350 MHz, 3996 MHz, 1086.93 W, 65
2026/10/07 20:38:17.187, 1, 1320 MHz, 3996 MHz, 1090.72 W, 67
2026/10/07 20:38:17.187, 2, 1365 MHz, 3996 MHz, 1089.66 W, 58
2026/10/07 20:38:17.187, 3, 1357 MHz, 3996 MHz, 1090.07 W, 58
2026/10/07 20:38:17.187, 4, 1365 MHz, 3996 MHz, 1086.46 W, 69
2026/10/07 20:38:17.187, 5, 1387 MHz, 3996 MHz, 1091.55 W, 68
2026/10/07 20:38:17.187, 6, 1350 MHz, 3996 MHz, 1089.93 W, 59
2026/10/07 20:38:17.187, 7, 1350 MHz, 3996 MHz, 1084.80 W, 56
2026/10/07 20:38:18.187, 0, 1342 MHz, 3996 MHz, 1086.64 W, 65
2026/10/07 20:38:18.187, 1, 1320 MHz, 3996 MHz, 1090.11 W, 67
2026/10/07 20:38:18.187, 2, 1372 MHz, 3996 MHz, 1088.76 W, 58
2026/10/07 20:38:18.187, 3, 1342 MHz, 3996 MHz, 1086.19 W, 59
2026/10/07 20:38:18.187, 4, 1372 MHz, 3996 MHz, 1086.50 W, 69
2026/10/07 20:38:18.187, 5, 1372 MHz, 3996 MHz, 1090.82 W, 68
2026/10/07 20:38:18.187, 6, 1350 MHz, 3996 MHz, 1091.43 W, 59
2026/10/07 20:38:18.187, 7, 1357 MHz, 3996 MHz, 1085.35 W, 56
2026/10/07 20:38:19.187, 0, 1350 MHz, 3996 MHz, 1089.24 W, 65
2026/10/07 20:38:19.187, 1, 1327 MHz, 3996 MHz, 1087.49 W, 67
2026/10/07 20:38:19.187, 2, 1357 MHz, 3996 MHz, 1089.14 W, 58
2026/10/07 20:38:19.187, 3, 1357 MHz, 3996 MHz, 1085.96 W, 58
2026/10/07 20:38:19.187, 4, 1365 MHz, 3996 MHz, 1084.74 W, 69
2026/10/07 20:38:19.187, 5, 1372 MHz, 3996 MHz, 1089.83 W, 68
2026/10/07 20:38:19.187, 6, 1327 MHz, 3996 MHz, 1091.74 W, 59
2026/10/07 20:38:19.187, 7, 1350 MHz, 3996 MHz, 1085.27 W, 56
2026/10/07 20:38:20.188, 0, 1327 MHz, 3996 MHz, 1088.37 W, 65
2026/10/07 20:38:20.188, 1, 1297 MHz, 3996 MHz, 1088.64 W, 67
2026/10/07 20:38:20.188, 2, 1342 MHz, 3996 MHz, 1088.99 W, 58
2026/10/07 20:38:20.188, 3, 1402 MHz, 3996 MHz, 1084.88 W, 57
2026/10/07 20:38:20.188, 4, 1357 MHz, 3996 MHz, 1086.31 W, 68
2026/10/07 20:38:20.188, 5, 1380 MHz, 3996 MHz, 1090.77 W, 68
2026/10/07 20:38:20.188, 6, 1335 MHz, 3996 MHz, 1091.34 W, 59
2026/10/07 20:38:20.188, 7, 1365 MHz, 3996 MHz, 1084.74 W, 55
2026/10/07 20:38:21.188, 0, 1335 MHz, 3996 MHz, 1087.99 W, 64
2026/10/07 20:38:21.188, 1, 1335 MHz, 3996 MHz, 1089.53 W, 67
2026/10/07 20:38:21.188, 2, 1357 MHz, 3996 MHz, 1088.35 W, 58
2026/10/07 20:38:21.188, 3, 2032 MHz, 3996 MHz, 1052.30 W, 53
2026/10/07 20:38:21.188, 4, 1350 MHz, 3996 MHz, 1088.10 W, 69
2026/10/07 20:38:21.188, 5, 1357 MHz, 3996 MHz, 1088.71 W, 68
2026/10/07 20:38:21.188, 6, 1350 MHz, 3996 MHz, 1090.35 W, 59
2026/10/07 20:38:21.188, 7, 1485 MHz, 3996 MHz, 1077.21 W, 52
2026/10/07 20:38:22.188, 0, 1327 MHz, 3996 MHz, 1086.29 W, 64
2026/10/07 20:38:22.188, 1, 1320 MHz, 3996 MHz, 1089.66 W, 66
2026/10/07 20:38:22.188, 2, 1350 MHz, 3996 MHz, 1089.87 W, 58
2026/10/07 20:38:22.188, 3, 2032 MHz, 3996 MHz, 1068.03 W, 53
2026/10/07 20:38:22.188, 4, 1365 MHz, 3996 MHz, 1088.95 W, 68
2026/10/07 20:38:22.188, 5, 1380 MHz, 3996 MHz, 1091.91 W, 68
2026/10/07 20:38:22.188, 6, 1342 MHz, 3996 MHz, 1088.44 W, 58
2026/10/07 20:38:22.188, 7, 2032 MHz, 3996 MHz, 1051.57 W, 51
2026/10/07 20:38:23.189, 0, 2032 MHz, 3996 MHz, 1064.93 W, 60
2026/10/07 20:38:23.189, 1, 1320 MHz, 3996 MHz, 1086.22 W, 66
2026/10/07 20:38:23.189, 2, 1372 MHz, 3996 MHz, 1086.42 W, 57
2026/10/07 20:38:23.189, 3, 2032 MHz, 3996 MHz, 1067.06 W, 53
2026/10/07 20:38:23.189, 4, 1365 MHz, 3996 MHz, 1086.89 W, 68
2026/10/07 20:38:23.189, 5, 2032 MHz, 3996 MHz, 1060.65 W, 63
2026/10/07 20:38:23.189, 6, 2032 MHz, 3996 MHz, 1064.26 W, 53
2026/10/07 20:38:23.189, 7, 2032 MHz, 3996 MHz, 1064.94 W, 51
2026/10/07 20:38:24.189, 0, 2032 MHz, 3996 MHz, 1089.95 W, 60
2026/10/07 20:38:24.189, 1, 2032 MHz, 3996 MHz, 1070.77 W, 62
2026/10/07 20:38:24.189, 2, 2032 MHz, 3996 MHz, 1056.65 W, 52
2026/10/07 20:38:24.189, 3, 2032 MHz, 3996 MHz, 1065.94 W, 53
2026/10/07 20:38:24.189, 4, 2010 MHz, 3996 MHz, 1062.46 W, 63
2026/10/07 20:38:24.189, 5, 2032 MHz, 3996 MHz, 1075.66 W, 63
2026/10/07 20:38:24.189, 6, 2032 MHz, 3996 MHz, 1078.86 W, 53
2026/10/07 20:38:24.189, 7, 2032 MHz, 3996 MHz, 1064.78 W, 51
2026/10/07 20:38:25.189, 0, 2032 MHz, 3996 MHz, 1088.47 W, 60
2026/10/07 20:38:25.189, 1, 2010 MHz, 3996 MHz, 1088.99 W, 62
2026/10/07 20:38:25.189, 2, 2032 MHz, 3996 MHz, 1071.55 W, 52
2026/10/07 20:38:25.189, 3, 2032 MHz, 3996 MHz, 1063.72 W, 53
2026/10/07 20:38:25.189, 4, 2032 MHz, 3996 MHz, 1074.70 W, 63
2026/10/07 20:38:25.189, 5, 2032 MHz, 3996 MHz, 1074.69 W, 63
2026/10/07 20:38:25.189, 6, 2032 MHz, 3996 MHz, 1077.49 W, 53
2026/10/07 20:38:25.189, 7, 2032 MHz, 3996 MHz, 1063.74 W, 51
2026/10/07 20:38:26.190, 0, 2032 MHz, 3996 MHz, 1088.23 W, 59
2026/10/07 20:38:26.190, 1, 2002 MHz, 3996 MHz, 1091.44 W, 62
2026/10/07 20:38:26.190, 2, 2032 MHz, 3996 MHz, 1072.24 W, 52
2026/10/07 20:38:26.190, 3, 2032 MHz, 3996 MHz, 1065.11 W, 52
2026/10/07 20:38:26.190, 4, 2032 MHz, 3996 MHz, 1074.58 W, 63
2026/10/07 20:38:26.190, 5, 2032 MHz, 3996 MHz, 1074.09 W, 63
2026/10/07 20:38:26.190, 6, 2032 MHz, 3996 MHz, 1077.43 W, 53
2026/10/07 20:38:26.190, 7, 2032 MHz, 3996 MHz, 1062.81 W, 50
2026/10/07 20:38:27.190, 0, 2032 MHz, 3996 MHz, 1087.40 W, 59
2026/10/07 20:38:27.190, 1, 2010 MHz, 3996 MHz, 1090.93 W, 61
2026/10/07 20:38:27.190, 2, 2032 MHz, 3996 MHz, 1071.69 W, 52
2026/10/07 20:38:27.190, 3, 2032 MHz, 3996 MHz, 1066.37 W, 52
2026/10/07 20:38:27.190, 4, 2032 MHz, 3996 MHz, 1072.60 W, 63
2026/10/07 20:38:27.190, 5, 2032 MHz, 3996 MHz, 1072.51 W, 62
2026/10/07 20:38:27.190, 6, 2032 MHz, 3996 MHz, 1076.73 W, 53
2026/10/07 20:38:27.190, 7, 2032 MHz, 3996 MHz, 1063.40 W, 50
2026/10/07 20:38:28.190, 0, 2032 MHz, 3996 MHz, 1086.37 W, 59
2026/10/07 20:38:28.190, 1, 2017 MHz, 3996 MHz, 1093.51 W, 62
2026/10/07 20:38:28.190, 2, 2032 MHz, 3996 MHz, 1070.93 W, 52
2026/10/07 20:38:28.190, 3, 2032 MHz, 3996 MHz, 1066.30 W, 52
2026/10/07 20:38:28.190, 4, 2032 MHz, 3996 MHz, 1073.17 W, 63
2026/10/07 20:38:28.190, 5, 2032 MHz, 3996 MHz, 1072.39 W, 62
2026/10/07 20:38:28.190, 6, 2032 MHz, 3996 MHz, 1075.45 W, 53
2026/10/07 20:38:28.190, 7, 2032 MHz, 3996 MHz, 1064.77 W, 50
2026/10/07 20:38:29.191, 0, 2032 MHz, 3996 MHz, 1088.11 W, 59
2026/10/07 20:38:29.191, 1, 2002 MHz, 3996 MHz, 1092.41 W, 61
2026/10/07 20:38:29.191, 2, 2032 MHz, 3996 MHz, 1070.59 W, 52
2026/10/07 20:38:29.191, 3, 2032 MHz, 3996 MHz, 1066.11 W, 52
2026/10/07 20:38:29.191, 4, 2032 MHz, 3996 MHz, 1072.20 W, 63
2026/10/07 20:38:29.191, 5, 2032 MHz, 3996 MHz, 1074.55 W, 62
2026/10/07 20:38:29.191, 6, 2032 MHz, 3996 MHz, 1078.29 W, 53
2026/10/07 20:38:29.191, 7, 2032 MHz, 3996 MHz, 1064.38 W, 50
2026/10/07 20:38:30.191, 0, 2032 MHz, 3996 MHz, 1088.38 W, 59
2026/10/07 20:38:30.191, 1, 2002 MHz, 3996 MHz, 1092.10 W, 61
2026/10/07 20:38:30.191, 2, 2032 MHz, 3996 MHz, 1072.31 W, 52
2026/10/07 20:38:30.191, 3, 2032 MHz, 3996 MHz, 1065.42 W, 52
2026/10/07 20:38:30.191, 4, 2032 MHz, 3996 MHz, 1073.77 W, 63
2026/10/07 20:38:30.191, 5, 2032 MHz, 3996 MHz, 1074.30 W, 62
2026/10/07 20:38:30.191, 6, 2032 MHz, 3996 MHz, 1077.89 W, 53
2026/10/07 20:38:30.191, 7, 2032 MHz, 3996 MHz, 1064.84 W, 50
2026/10/07 20:38:31.191, 0, 2032 MHz, 3996 MHz, 1088.90 W, 59
2026/10/07 20:38:31.191, 1, 2002 MHz, 3996 MHz, 1093.69 W, 61
2026/10/07 20:38:31.191, 2, 2032 MHz, 3996 MHz, 1072.35 W, 52
2026/10/07 20:38:31.191, 3, 2032 MHz, 3996 MHz, 1064.57 W, 52
2026/10/07 20:38:31.191, 4, 2032 MHz, 3996 MHz, 1074.23 W, 62
2026/10/07 20:38:31.191, 5, 2032 MHz, 3996 MHz, 1073.94 W, 62
2026/10/07 20:38:31.191, 6, 2032 MHz, 3996 MHz, 1077.64 W, 53
2026/10/07 20:38:31.192, 7, 2032 MHz, 3996 MHz, 1063.76 W, 50
2026/10/07 20:38:32.192, 0, 2032 MHz, 3996 MHz, 1088.03 W, 59
2026/10/07 20:38:32.192, 1, 2002 MHz, 3996 MHz, 1091.89 W, 61
2026/10/07 20:38:32.192, 2, 2032 MHz, 3996 MHz, 1071.98 W, 51
2026/10/07 20:38:32.192, 3, 2032 MHz, 3996 MHz, 1064.42 W, 52
2026/10/07 20:38:32.192, 4, 2032 MHz, 3996 MHz, 1076.03 W, 62
2026/10/07 20:38:32.192, 5, 2032 MHz, 3996 MHz, 1073.56 W, 62
2026/10/07 20:38:32.192, 6, 2032 MHz, 3996 MHz, 1077.37 W, 53
2026/10/07 20:38:32.192, 7, 2032 MHz, 3996 MHz, 1063.56 W, 50
2026/10/07 20:38:33.192, 0, 2032 MHz, 3996 MHz, 1087.12 W, 59
2026/10/07 20:38:33.192, 1, 2017 MHz, 3996 MHz, 1093.53 W, 61
2026/10/07 20:38:33.192, 2, 2032 MHz, 3996 MHz, 1070.55 W, 51
2026/10/07 20:38:33.192, 3, 2032 MHz, 3996 MHz, 1065.62 W, 52
2026/10/07 20:38:33.192, 4, 2032 MHz, 3996 MHz, 1075.93 W, 62
2026/10/07 20:38:33.192, 5, 2032 MHz, 3996 MHz, 1072.92 W, 62
2026/10/07 20:38:33.192, 6, 2032 MHz, 3996 MHz, 1076.52 W, 53
2026/10/07 20:38:33.192, 7, 2032 MHz, 3996 MHz, 1062.53 W, 50
2026/10/07 20:38:34.192, 0, 2032 MHz, 3996 MHz, 1085.62 W, 59
2026/10/07 20:38:34.192, 1, 2010 MHz, 3996 MHz, 1091.93 W, 61
2026/10/07 20:38:34.192, 2, 2032 MHz, 3996 MHz, 1070.85 W, 51
2026/10/07 20:38:34.192, 3, 2032 MHz, 3996 MHz, 1066.07 W, 52
2026/10/07 20:38:34.192, 4, 2032 MHz, 3996 MHz, 1075.01 W, 62
2026/10/07 20:38:34.192, 5, 2032 MHz, 3996 MHz, 1071.93 W, 62
2026/10/07 20:38:34.192, 6, 2032 MHz, 3996 MHz, 1075.72 W, 52
2026/10/07 20:38:34.192, 7, 2032 MHz, 3996 MHz, 1064.17 W, 50
2026/10/07 20:38:35.193, 0, 2032 MHz, 3996 MHz, 1087.35 W, 59
2026/10/07 20:38:35.193, 1, 2017 MHz, 3996 MHz, 1093.79 W, 61
2026/10/07 20:38:35.193, 2, 2032 MHz, 3996 MHz, 1070.01 W, 51
2026/10/07 20:38:35.193, 3, 2032 MHz, 3996 MHz, 1067.42 W, 52
2026/10/07 20:38:35.193, 4, 2032 MHz, 3996 MHz, 1073.93 W, 62
2026/10/07 20:38:35.193, 5, 2032 MHz, 3996 MHz, 1073.32 W, 62
2026/10/07 20:38:35.193, 6, 2032 MHz, 3996 MHz, 1075.56 W, 52
2026/10/07 20:38:35.193, 7, 2032 MHz, 3996 MHz, 1064.45 W, 50
2026/10/07 20:38:36.193, 0, 2032 MHz, 3996 MHz, 1088.33 W, 59
2026/10/07 20:38:36.193, 1, 2002 MHz, 3996 MHz, 1093.90 W, 61
2026/10/07 20:38:36.193, 2, 2032 MHz, 3996 MHz, 1071.97 W, 51
2026/10/07 20:38:36.193, 3, 2032 MHz, 3996 MHz, 1066.75 W, 52
2026/10/07 20:38:36.193, 4, 2032 MHz, 3996 MHz, 1074.52 W, 62
2026/10/07 20:38:36.193, 5, 2032 MHz, 3996 MHz, 1073.60 W, 62
2026/10/07 20:38:36.193, 6, 2032 MHz, 3996 MHz, 1077.50 W, 52
2026/10/07 20:38:36.193, 7, 2032 MHz, 3996 MHz, 1065.13 W, 50
2026/10/07 20:38:37.193, 0, 2032 MHz, 3996 MHz, 1087.75 W, 59
2026/10/07 20:38:37.193, 1, 2002 MHz, 3996 MHz, 1093.41 W, 61
2026/10/07 20:38:37.193, 2, 2032 MHz, 3996 MHz, 1072.09 W, 51
2026/10/07 20:38:37.193, 3, 2032 MHz, 3996 MHz, 1065.35 W, 52
2026/10/07 20:38:37.193, 4, 2032 MHz, 3996 MHz, 1073.75 W, 62
2026/10/07 20:38:37.193, 5, 2032 MHz, 3996 MHz, 1073.66 W, 61
2026/10/07 20:38:37.193, 6, 2032 MHz, 3996 MHz, 1077.55 W, 52
2026/10/07 20:38:37.193, 7, 2032 MHz, 3996 MHz, 1065.45 W, 50
2026/10/07 20:38:38.194, 0, 2032 MHz, 3996 MHz, 1088.04 W, 59
2026/10/07 20:38:38.194, 1, 2002 MHz, 3996 MHz, 1094.02 W, 61
2026/10/07 20:38:38.194, 2, 2032 MHz, 3996 MHz, 1071.90 W, 51
2026/10/07 20:38:38.194, 3, 2032 MHz, 3996 MHz, 1063.38 W, 52
2026/10/07 20:38:38.194, 4, 2032 MHz, 3996 MHz, 1073.80 W, 62
2026/10/07 20:38:38.194, 5, 2032 MHz, 3996 MHz, 1073.26 W, 61
2026/10/07 20:38:38.194, 6, 2032 MHz, 3996 MHz, 1076.67 W, 52
2026/10/07 20:38:38.194, 7, 2032 MHz, 3996 MHz, 1064.83 W, 50
2026/10/07 20:38:39.194, 0, 2032 MHz, 3996 MHz, 1087.76 W, 58
2026/10/07 20:38:39.194, 1, 2010 MHz, 3996 MHz, 1092.57 W, 61
2026/10/07 20:38:39.194, 2, 2032 MHz, 3996 MHz, 1071.65 W, 51
2026/10/07 20:38:39.194, 3, 2032 MHz, 3996 MHz, 1064.77 W, 52
2026/10/07 20:38:39.194, 4, 2032 MHz, 3996 MHz, 1073.31 W, 62
2026/10/07 20:38:39.194, 5, 2032 MHz, 3996 MHz, 1072.10 W, 61
2026/10/07 20:38:39.194, 6, 2032 MHz, 3996 MHz, 1076.19 W, 52
2026/10/07 20:38:39.194, 7, 2032 MHz, 3996 MHz, 1064.20 W, 49
2026/10/07 20:38:40.194, 0, 2032 MHz, 3996 MHz, 1086.71 W, 58
2026/10/07 20:38:40.194, 1, 2002 MHz, 3996 MHz, 1093.35 W, 60
2026/10/07 20:38:40.194, 2, 2032 MHz, 3996 MHz, 1072.47 W, 51
2026/10/07 20:38:40.194, 3, 2032 MHz, 3996 MHz, 1066.33 W, 52
2026/10/07 20:38:40.194, 4, 2032 MHz, 3996 MHz, 1072.57 W, 62
2026/10/07 20:38:40.194, 5, 2032 MHz, 3996 MHz, 1071.33 W, 61
2026/10/07 20:38:40.194, 6, 2032 MHz, 3996 MHz, 1075.65 W, 52
2026/10/07 20:38:40.194, 7, 2032 MHz, 3996 MHz, 1065.56 W, 49
2026/10/07 20:38:41.194, 0, 2032 MHz, 3996 MHz, 1086.11 W, 58
2026/10/07 20:38:41.194, 1, 2010 MHz, 3996 MHz, 1094.25 W, 60
2026/10/07 20:38:41.194, 2, 2032 MHz, 3996 MHz, 1072.02 W, 51
2026/10/07 20:38:41.194, 3, 2032 MHz, 3996 MHz, 1065.53 W, 51
2026/10/07 20:38:41.194, 4, 2032 MHz, 3996 MHz, 1072.45 W, 62
2026/10/07 20:38:41.194, 5, 2032 MHz, 3996 MHz, 1071.27 W, 61
2026/10/07 20:38:41.194, 6, 2032 MHz, 3996 MHz, 1075.01 W, 52
2026/10/07 20:38:41.195, 7, 2032 MHz, 3996 MHz, 1066.29 W, 49
2026/10/07 20:38:42.195, 0, 2032 MHz, 3996 MHz, 1087.15 W, 58
2026/10/07 20:38:42.195, 1, 2010 MHz, 3996 MHz, 1095.19 W, 60
2026/10/07 20:38:42.195, 2, 2032 MHz, 3996 MHz, 1071.33 W, 51
2026/10/07 20:38:42.195, 3, 2032 MHz, 3996 MHz, 1065.37 W, 51
2026/10/07 20:38:42.195, 4, 2032 MHz, 3996 MHz, 1071.50 W, 61
2026/10/07 20:38:42.195, 5, 2032 MHz, 3996 MHz, 1073.32 W, 61
2026/10/07 20:38:42.195, 6, 2032 MHz, 3996 MHz, 1076.64 W, 52
2026/10/07 20:38:42.195, 7, 2032 MHz, 3996 MHz, 1064.47 W, 49
2026/10/07 20:38:43.195, 0, 2032 MHz, 3996 MHz, 1088.35 W, 58
2026/10/07 20:38:43.195, 1, 2010 MHz, 3996 MHz, 1094.23 W, 60
2026/10/07 20:38:43.195, 2, 2032 MHz, 3996 MHz, 1072.58 W, 51
2026/10/07 20:38:43.195, 3, 2032 MHz, 3996 MHz, 1066.09 W, 51
2026/10/07 20:38:43.195, 4, 2032 MHz, 3996 MHz, 1072.41 W, 61
2026/10/07 20:38:43.195, 5, 2032 MHz, 3996 MHz, 1073.29 W, 61
2026/10/07 20:38:43.195, 6, 2032 MHz, 3996 MHz, 1077.42 W, 52
2026/10/07 20:38:43.195, 7, 2032 MHz, 3996 MHz, 1063.90 W, 49
2026/10/07 20:38:44.195, 0, 2032 MHz, 3996 MHz, 1087.60 W, 58
2026/10/07 20:38:44.195, 1, 2010 MHz, 3996 MHz, 1093.49 W, 60
2026/10/07 20:38:44.195, 2, 2032 MHz, 3996 MHz, 1072.06 W, 51
2026/10/07 20:38:44.195, 3, 2032 MHz, 3996 MHz, 1064.56 W, 51
2026/10/07 20:38:44.195, 4, 2032 MHz, 3996 MHz, 1073.68 W, 61
2026/10/07 20:38:44.195, 5, 2032 MHz, 3996 MHz, 1072.46 W, 61
2026/10/07 20:38:44.195, 6, 2032 MHz, 3996 MHz, 1076.78 W, 52
2026/10/07 20:38:44.195, 7, 2032 MHz, 3996 MHz, 1062.54 W, 49
2026/10/07 20:38:45.196, 0, 2032 MHz, 3996 MHz, 1086.82 W, 58
2026/10/07 20:38:45.196, 1, 2010 MHz, 3996 MHz, 1093.53 W, 60
2026/10/07 20:38:45.196, 2, 2032 MHz, 3996 MHz, 1071.43 W, 51
2026/10/07 20:38:45.196, 3, 1387 MHz, 3996 MHz, 1087.39 W, 57
2026/10/07 20:38:45.196, 4, 2032 MHz, 3996 MHz, 1073.17 W, 61
2026/10/07 20:38:45.196, 5, 2032 MHz, 3996 MHz, 1071.68 W, 61
2026/10/07 20:38:45.196, 6, 2032 MHz, 3996 MHz, 1076.30 W, 52
2026/10/07 20:38:45.196, 7, 2032 MHz, 3996 MHz, 1063.18 W, 49
2026/10/07 20:38:46.196, 0, 2032 MHz, 3996 MHz, 1086.85 W, 58
2026/10/07 20:38:46.196, 1, 2002 MHz, 3996 MHz, 1093.35 W, 60
2026/10/07 20:38:46.196, 2, 2032 MHz, 3996 MHz, 1071.72 W, 51
2026/10/07 20:38:46.196, 3, 1372 MHz, 3996 MHz, 1087.54 W, 56
2026/10/07 20:38:46.196, 4, 2032 MHz, 3996 MHz, 1072.75 W, 61
2026/10/07 20:38:46.196, 5, 2032 MHz, 3996 MHz, 1071.44 W, 61
2026/10/07 20:38:46.196, 6, 2032 MHz, 3996 MHz, 1076.19 W, 52
2026/10/07 20:38:46.196, 7, 1365 MHz, 3996 MHz, 1087.80 W, 54
2026/10/07 20:38:47.196, 0, 2032 MHz, 3996 MHz, 1085.56 W, 58
2026/10/07 20:38:47.196, 1, 2010 MHz, 3996 MHz, 1095.09 W, 60
2026/10/07 20:38:47.196, 2, 2032 MHz, 3996 MHz, 1071.38 W, 51
2026/10/07 20:38:47.196, 3, 1365 MHz, 3996 MHz, 1086.27 W, 56
2026/10/07 20:38:47.196, 4, 2032 MHz, 3996 MHz, 1074.13 W, 61
2026/10/07 20:38:47.196, 5, 1485 MHz, 3996 MHz, 1082.66 W, 65
2026/10/07 20:38:47.196, 6, 2032 MHz, 3996 MHz, 1076.55 W, 52
2026/10/07 20:38:47.196, 7, 1357 MHz, 3996 MHz, 1083.01 W, 54
2026/10/07 20:38:48.196, 0, 1342 MHz, 3996 MHz, 1096.88 W, 62
2026/10/07 20:38:48.197, 1, 2010 MHz, 3996 MHz, 1093.60 W, 60
2026/10/07 20:38:48.197, 2, 1455 MHz, 3996 MHz, 1082.18 W, 55
2026/10/07 20:38:48.197, 3, 1365 MHz, 3996 MHz, 1086.56 W, 57
2026/10/07 20:38:48.197, 4, 2032 MHz, 3996 MHz, 1074.91 W, 61
2026/10/07 20:38:48.197, 5, 1372 MHz, 3996 MHz, 1092.51 W, 66
2026/10/07 20:38:48.197, 6, 1350 MHz, 3996 MHz, 1095.64 W, 57
2026/10/07 20:38:48.197, 7, 1357 MHz, 3996 MHz, 1085.13 W, 54
2026/10/07 20:38:49.197, 0, 1335 MHz, 3996 MHz, 1089.47 W, 63
2026/10/07 20:38:49.197, 1, 1320 MHz, 3996 MHz, 1098.96 W, 64
2026/10/07 20:38:49.197, 2, 1365 MHz, 3996 MHz, 1087.56 W, 56
2026/10/07 20:38:49.197, 3, 1372 MHz, 3996 MHz, 1088.56 W, 57
2026/10/07 20:38:49.197, 4, 1357 MHz, 3996 MHz, 1094.65 W, 66
2026/10/07 20:38:49.197, 5, 1395 MHz, 3996 MHz, 1089.72 W, 66
2026/10/07 20:38:49.197, 6, 1327 MHz, 3996 MHz, 1093.19 W, 57
2026/10/07 20:38:49.197, 7, 1342 MHz, 3996 MHz, 1086.57 W, 54
2026/10/07 20:38:50.197, 0, 1342 MHz, 3996 MHz, 1088.03 W, 62
2026/10/07 20:38:50.197, 1, 1327 MHz, 3996 MHz, 1088.40 W, 65
2026/10/07 20:38:50.197, 2, 1365 MHz, 3996 MHz, 1086.55 W, 56
2026/10/07 20:38:50.197, 3, 1372 MHz, 3996 MHz, 1087.77 W, 57
2026/10/07 20:38:50.197, 4, 1365 MHz, 3996 MHz, 1083.46 W, 66
2026/10/07 20:38:50.197, 5, 1395 MHz, 3996 MHz, 1091.99 W, 66
2026/10/07 20:38:50.197, 6, 1357 MHz, 3996 MHz, 1091.40 W, 57
2026/10/07 20:38:50.197, 7, 1365 MHz, 3996 MHz, 1085.89 W, 54
2026/10/07 20:38:51.197, 0, 1327 MHz, 3996 MHz, 1089.06 W, 63
2026/10/07 20:38:51.198, 1, 1320 MHz, 3996 MHz, 1087.59 W, 65
2026/10/07 20:38:51.198, 2, 1350 MHz, 3996 MHz, 1089.78 W, 56
2026/10/07 20:38:51.198, 3, 1372 MHz, 3996 MHz, 1086.79 W, 56
2026/10/07 20:38:51.198, 4, 1372 MHz, 3996 MHz, 1084.58 W, 66
2026/10/07 20:38:51.198, 5, 1372 MHz, 3996 MHz, 1091.76 W, 66
2026/10/07 20:38:51.198, 6, 1350 MHz, 3996 MHz, 1092.28 W, 57
2026/10/07 20:38:51.198, 7, 1365 MHz, 3996 MHz, 1086.71 W, 54
2026/10/07 20:38:52.198, 0, 1327 MHz, 3996 MHz, 1087.31 W, 62
2026/10/07 20:38:52.198, 1, 1320 MHz, 3996 MHz, 1087.08 W, 65
2026/10/07 20:38:52.198, 2, 1357 MHz, 3996 MHz, 1086.52 W, 56
2026/10/07 20:38:52.198, 3, 1387 MHz, 3996 MHz, 1091.30 W, 57
2026/10/07 20:38:52.198, 4, 1365 MHz, 3996 MHz, 1087.62 W, 66
2026/10/07 20:38:52.198, 5, 1395 MHz, 3996 MHz, 1090.70 W, 66
2026/10/07 20:38:52.198, 6, 1342 MHz, 3996 MHz, 1089.02 W, 57
2026/10/07 20:38:52.198, 7, 1357 MHz, 3996 MHz, 1087.02 W, 54
2026/10/07 20:38:53.198, 0, 1335 MHz, 3996 MHz, 1087.18 W, 63
2026/10/07 20:38:53.198, 1, 1335 MHz, 3996 MHz, 1089.39 W, 65
2026/10/07 20:38:53.198, 2, 1365 MHz, 3996 MHz, 1090.18 W, 56
2026/10/07 20:38:53.198, 3, 1402 MHz, 3996 MHz, 1085.84 W, 56
2026/10/07 20:38:53.198, 4, 1365 MHz, 3996 MHz, 1084.54 W, 66
2026/10/07 20:38:53.198, 5, 1402 MHz, 3996 MHz, 1092.81 W, 66
2026/10/07 20:38:53.198, 6, 1372 MHz, 3996 MHz, 1091.15 W, 57
2026/10/07 20:38:53.198, 7, 1372 MHz, 3996 MHz, 1085.35 W, 54
2026/10/07 20:38:54.198, 0, 1327 MHz, 3996 MHz, 1088.00 W, 62
2026/10/07 20:38:54.199, 1, 1335 MHz, 3996 MHz, 1088.78 W, 65
2026/10/07 20:38:54.199, 2, 1365 MHz, 3996 MHz, 1089.06 W, 56
2026/10/07 20:38:54.199, 3, 1372 MHz, 3996 MHz, 1092.16 W, 57
2026/10/07 20:38:54.199, 4, 1342 MHz, 3996 MHz, 1084.04 W, 66
2026/10/07 20:38:54.199, 5, 1395 MHz, 3996 MHz, 1092.23 W, 66
2026/10/07 20:38:54.199, 6, 1365 MHz, 3996 MHz, 1091.00 W, 57
2026/10/07 20:38:54.199, 7, 1395 MHz, 3996 MHz, 1084.79 W, 54
2026/10/07 20:38:55.199, 0, 1327 MHz, 3996 MHz, 1086.15 W, 63
2026/10/07 20:38:55.199, 1, 1327 MHz, 3996 MHz, 1089.49 W, 65
2026/10/07 20:38:55.199, 2, 1372 MHz, 3996 MHz, 1085.07 W, 56
2026/10/07 20:38:55.199, 3, 2032 MHz, 3996 MHz, 1044.55 W, 51
2026/10/07 20:38:55.199, 4, 1372 MHz, 3996 MHz, 1084.56 W, 66
2026/10/07 20:38:55.199, 5, 1380 MHz, 3996 MHz, 1093.08 W, 66
2026/10/07 20:38:55.199, 6, 1350 MHz, 3996 MHz, 1091.92 W, 57
2026/10/07 20:38:55.199, 7, 1365 MHz, 3996 MHz, 1084.24 W, 54
2026/10/07 20:38:56.199, 0, 1350 MHz, 3996 MHz, 1084.79 W, 62
2026/10/07 20:38:56.199, 1, 1350 MHz, 3996 MHz, 1087.41 W, 65
2026/10/07 20:38:56.199, 2, 1365 MHz, 3996 MHz, 1085.92 W, 56
2026/10/07 20:38:56.199, 3, 2032 MHz, 3996 MHz, 1058.80 W, 51
2026/10/07 20:38:56.199, 4, 1387 MHz, 3996 MHz, 1086.88 W, 67
2026/10/07 20:38:56.199, 5, 1380 MHz, 3996 MHz, 1091.14 W, 66
2026/10/07 20:38:56.199, 6, 1372 MHz, 3996 MHz, 1088.19 W, 57
2026/10/07 20:38:56.199, 7, 2032 MHz, 3996 MHz, 1042.77 W, 49
2026/10/07 20:38:57.199, 0, 1372 MHz, 3996 MHz, 1086.56 W, 62
2026/10/07 20:38:57.199, 1, 1320 MHz, 3996 MHz, 1086.79 W, 65
2026/10/07 20:38:57.199, 2, 1372 MHz, 3996 MHz, 1084.28 W, 56
2026/10/07 20:38:57.199, 3, 2032 MHz, 3996 MHz, 1057.61 W, 51
2026/10/07 20:38:57.199, 4, 1417 MHz, 3996 MHz, 1080.65 W, 66
2026/10/07 20:38:57.199, 5, 2032 MHz, 3996 MHz, 1053.04 W, 61
2026/10/07 20:38:57.200, 6, 1350 MHz, 3996 MHz, 1088.68 W, 57
2026/10/07 20:38:57.200, 7, 2032 MHz, 3996 MHz, 1056.06 W, 49
2026/10/07 20:38:58.200, 0, 2032 MHz, 3996 MHz, 1061.72 W, 58
2026/10/07 20:38:58.200, 1, 1395 MHz, 3996 MHz, 1078.82 W, 65
2026/10/07 20:38:58.200, 2, 2032 MHz, 3996 MHz, 1056.78 W, 51
2026/10/07 20:38:58.200, 3, 2032 MHz, 3996 MHz, 1056.01 W, 51
2026/10/07 20:38:58.200, 4, 1372 MHz, 3996 MHz, 1084.31 W, 66
2026/10/07 20:38:58.200, 5, 2032 MHz, 3996 MHz, 1065.06 W, 61
2026/10/07 20:38:58.200, 6, 2032 MHz, 3996 MHz, 1048.33 W, 52
2026/10/07 20:38:58.200, 7, 2032 MHz, 3996 MHz, 1054.06 W, 49
2026/10/07 20:38:59.200, 0, 2032 MHz, 3996 MHz, 1078.70 W, 58
2026/10/07 20:38:59.200, 1, 2025 MHz, 3996 MHz, 1077.14 W, 60
2026/10/07 20:38:59.200, 2, 2032 MHz, 3996 MHz, 1065.07 W, 51
2026/10/07 20:38:59.200, 3, 2032 MHz, 3996 MHz, 1055.26 W, 51
2026/10/07 20:38:59.200, 4, 2032 MHz, 3996 MHz, 1050.34 W, 61
2026/10/07 20:38:59.200, 5, 2032 MHz, 3996 MHz, 1064.41 W, 61
2026/10/07 20:38:59.200, 6, 2032 MHz, 3996 MHz, 1070.01 W, 52
2026/10/07 20:38:59.200, 7, 2032 MHz, 3996 MHz, 1054.11 W, 49
2026/10/07 20:39:00.200, 0, 2032 MHz, 3996 MHz, 1077.61 W, 58
2026/10/07 20:39:00.200, 1, 2017 MHz, 3996 MHz, 1093.76 W, 60
2026/10/07 20:39:00.200, 2, 2032 MHz, 3996 MHz, 1064.28 W, 51
2026/10/07 20:39:00.200, 3, 2032 MHz, 3996 MHz, 1055.34 W, 51
2026/10/07 20:39:00.200, 4, 2032 MHz, 3996 MHz, 1064.41 W, 61
2026/10/07 20:39:00.200, 5, 2032 MHz, 3996 MHz, 1063.16 W, 61
2026/10/07 20:39:00.200, 6, 2032 MHz, 3996 MHz, 1068.96 W, 52
2026/10/07 20:39:00.200, 7, 2032 MHz, 3996 MHz, 1053.30 W, 49
2026/10/07 20:39:01.201, 0, 2032 MHz, 3996 MHz, 1078.90 W, 58
2026/10/07 20:39:01.201, 1, 2025 MHz, 3996 MHz, 1093.70 W, 60
2026/10/07 20:39:01.201, 2, 2032 MHz, 3996 MHz, 1064.47 W, 51
2026/10/07 20:39:01.201, 3, 2032 MHz, 3996 MHz, 1057.22 W, 51
2026/10/07 20:39:01.201, 4, 2032 MHz, 3996 MHz, 1064.10 W, 61
2026/10/07 20:39:01.201, 5, 2032 MHz, 3996 MHz, 1062.60 W, 61
2026/10/07 20:39:01.201, 6, 2032 MHz, 3996 MHz, 1068.58 W, 51
2026/10/07 20:39:01.201, 7, 2032 MHz, 3996 MHz, 1054.44 W, 49
2026/10/07 20:39:02.201, 0, 2032 MHz, 3996 MHz, 1077.19 W, 58
2026/10/07 20:39:02.201, 1, 2025 MHz, 3996 MHz, 1093.33 W, 60
2026/10/07 20:39:02.201, 2, 2032 MHz, 3996 MHz, 1064.92 W, 51
2026/10/07 20:39:02.201, 3, 2032 MHz, 3996 MHz, 1057.81 W, 51
2026/10/07 20:39:02.201, 4, 2032 MHz, 3996 MHz, 1063.87 W, 61
2026/10/07 20:39:02.201, 5, 2032 MHz, 3996 MHz, 1063.34 W, 61
2026/10/07 20:39:02.201, 6, 2032 MHz, 3996 MHz, 1068.09 W, 51
2026/10/07 20:39:02.201, 7, 2032 MHz, 3996 MHz, 1055.57 W, 49
2026/10/07 20:39:03.201, 0, 2032 MHz, 3996 MHz, 1077.94 W, 58
2026/10/07 20:39:03.201, 1, 2017 MHz, 3996 MHz, 1093.12 W, 60
2026/10/07 20:39:03.201, 2, 2032 MHz, 3996 MHz, 1064.58 W, 51
2026/10/07 20:39:03.201, 3, 2032 MHz, 3996 MHz, 1057.97 W, 51
2026/10/07 20:39:03.201, 4, 2032 MHz, 3996 MHz, 1063.36 W, 61
2026/10/07 20:39:03.201, 5, 2032 MHz, 3996 MHz, 1065.08 W, 61
2026/10/07 20:39:03.201, 6, 2032 MHz, 3996 MHz, 1068.70 W, 52
2026/10/07 20:39:03.202, 7, 2032 MHz, 3996 MHz, 1055.37 W, 49
2026/10/07 20:39:04.202, 0, 2032 MHz, 3996 MHz, 1079.79 W, 58
2026/10/07 20:39:04.202, 1, 2010 MHz, 3996 MHz, 1094.59 W, 60
2026/10/07 20:39:04.202, 2, 2032 MHz, 3996 MHz, 1066.06 W, 51
2026/10/07 20:39:04.202, 3, 2032 MHz, 3996 MHz, 1057.32 W, 51
2026/10/07 20:39:04.202, 4, 2032 MHz, 3996 MHz, 1063.74 W, 61
2026/10/07 20:39:04.202, 5, 2032 MHz, 3996 MHz, 1065.63 W, 61
2026/10/07 20:39:04.202, 6, 2032 MHz, 3996 MHz, 1070.56 W, 52
2026/10/07 20:39:04.202, 7, 2032 MHz, 3996 MHz, 1054.97 W, 49
2026/10/07 20:39:05.202, 0, 2032 MHz, 3996 MHz, 1079.67 W, 58
2026/10/07 20:39:05.202, 1, 2010 MHz, 3996 MHz, 1094.04 W, 60
2026/10/07 20:39:05.202, 2, 2032 MHz, 3996 MHz, 1065.46 W, 51
2026/10/07 20:39:05.202, 3, 2032 MHz, 3996 MHz, 1055.83 W, 51
2026/10/07 20:39:05.202, 4, 2032 MHz, 3996 MHz, 1065.21 W, 61
2026/10/07 20:39:05.202, 5, 2032 MHz, 3996 MHz, 1064.65 W, 61
2026/10/07 20:39:05.202, 6, 2032 MHz, 3996 MHz, 1070.45 W, 51
2026/10/07 20:39:05.202, 7, 2032 MHz, 3996 MHz, 1054.70 W, 49
2026/10/07 20:39:06.202, 0, 2032 MHz, 3996 MHz, 1079.58 W, 58
2026/10/07 20:39:06.202, 1, 2017 MHz, 3996 MHz, 1094.52 W, 60
2026/10/07 20:39:06.202, 2, 2032 MHz, 3996 MHz, 1064.69 W, 51
2026/10/07 20:39:06.202, 3, 2032 MHz, 3996 MHz, 1055.26 W, 51
2026/10/07 20:39:06.202, 4, 2032 MHz, 3996 MHz, 1066.15 W, 61
2026/10/07 20:39:06.202, 5, 2032 MHz, 3996 MHz, 1064.63 W, 61
2026/10/07 20:39:06.202, 6, 2032 MHz, 3996 MHz, 1070.11 W, 52
2026/10/07 20:39:06.202, 7, 2032 MHz, 3996 MHz, 1054.66 W, 49
2026/10/07 20:39:07.203, 0, 2032 MHz, 3996 MHz, 1079.01 W, 58
2026/10/07 20:39:07.203, 1, 2025 MHz, 3996 MHz, 1093.93 W, 61
2026/10/07 20:39:07.203, 2, 2032 MHz, 3996 MHz, 1064.14 W, 51
2026/10/07 20:39:07.203, 3, 2032 MHz, 3996 MHz, 1057.04 W, 51
2026/10/07 20:39:07.203, 4, 2032 MHz, 3996 MHz, 1065.25 W, 61
2026/10/07 20:39:07.203, 5, 2032 MHz, 3996 MHz, 1064.47 W, 61
2026/10/07 20:39:07.203, 6, 2032 MHz, 3996 MHz, 1069.65 W, 52
2026/10/07 20:39:07.203, 7, 2032 MHz, 3996 MHz, 1053.68 W, 49
2026/10/07 20:39:08.203, 0, 2032 MHz, 3996 MHz, 1078.70 W, 58
2026/10/07 20:39:08.203, 1, 2025 MHz, 3996 MHz, 1094.11 W, 60
2026/10/07 20:39:08.203, 2, 2032 MHz, 3996 MHz, 1064.36 W, 51
2026/10/07 20:39:08.203, 3, 2032 MHz, 3996 MHz, 1058.27 W, 51
2026/10/07 20:39:08.203, 4, 2032 MHz, 3996 MHz, 1065.03 W, 61
2026/10/07 20:39:08.203, 5, 2032 MHz, 3996 MHz, 1063.91 W, 61
2026/10/07 20:39:08.203, 6, 2032 MHz, 3996 MHz, 1069.43 W, 52
2026/10/07 20:39:08.203, 7, 2032 MHz, 3996 MHz, 1055.28 W, 49
2026/10/07 20:39:09.203, 0, 2032 MHz, 3996 MHz, 1078.43 W, 58
2026/10/07 20:39:09.203, 1, 2017 MHz, 3996 MHz, 1093.68 W, 61
2026/10/07 20:39:09.203, 2, 2032 MHz, 3996 MHz, 1063.54 W, 51
2026/10/07 20:39:09.203, 3, 2032 MHz, 3996 MHz, 1058.71 W, 51
2026/10/07 20:39:09.203, 4, 2032 MHz, 3996 MHz, 1064.83 W, 61
2026/10/07 20:39:09.203, 5, 2032 MHz, 3996 MHz, 1065.38 W, 61
2026/10/07 20:39:09.203, 6, 2032 MHz, 3996 MHz, 1069.04 W, 52
2026/10/07 20:39:09.203, 7, 2032 MHz, 3996 MHz, 1056.79 W, 49
2026/10/07 20:39:10.204, 0, 2032 MHz, 3996 MHz, 1080.77 W, 58
2026/10/07 20:39:10.204, 1, 2025 MHz, 3996 MHz, 1093.06 W, 61
2026/10/07 20:39:10.204, 2, 2032 MHz, 3996 MHz, 1063.75 W, 51
2026/10/07 20:39:10.204, 3, 2032 MHz, 3996 MHz, 1057.82 W, 51
2026/10/07 20:39:10.204, 4, 2032 MHz, 3996 MHz, 1064.05 W, 61
2026/10/07 20:39:10.204, 5, 2032 MHz, 3996 MHz, 1066.64 W, 61
2026/10/07 20:39:10.204, 6, 2032 MHz, 3996 MHz, 1071.55 W, 52
2026/10/07 20:39:10.204, 7, 2032 MHz, 3996 MHz, 1056.18 W, 49
2026/10/07 20:39:11.204, 0, 2032 MHz, 3996 MHz, 1081.11 W, 58
2026/10/07 20:39:11.204, 1, 2017 MHz, 3996 MHz, 1094.35 W, 61
2026/10/07 20:39:11.204, 2, 2032 MHz, 3996 MHz, 1065.80 W, 51
2026/10/07 20:39:11.204, 3, 2032 MHz, 3996 MHz, 1057.43 W, 51
2026/10/07 20:39:11.204, 4, 2032 MHz, 3996 MHz, 1065.89 W, 61
2026/10/07 20:39:11.204, 5, 2032 MHz, 3996 MHz, 1066.15 W, 61
2026/10/07 20:39:11.204, 6, 2032 MHz, 3996 MHz, 1071.29 W, 52
2026/10/07 20:39:11.204, 7, 2032 MHz, 3996 MHz, 1055.87 W, 49
2026/10/07 20:39:12.204, 0, 2032 MHz, 3996 MHz, 1081.28 W, 58
2026/10/07 20:39:12.204, 1, 2010 MHz, 3996 MHz, 1093.85 W, 61
2026/10/07 20:39:12.204, 2, 2032 MHz, 3996 MHz, 1065.76 W, 51
2026/10/07 20:39:12.204, 3, 2032 MHz, 3996 MHz, 1057.42 W, 51
2026/10/07 20:39:12.204, 4, 2032 MHz, 3996 MHz, 1067.20 W, 62
2026/10/07 20:39:12.204, 5, 2032 MHz, 3996 MHz, 1065.93 W, 61
2026/10/07 20:39:12.204, 6, 2032 MHz, 3996 MHz, 1071.77 W, 52
2026/10/07 20:39:12.204, 7, 2032 MHz, 3996 MHz, 1054.82 W, 49
2026/10/07 20:39:13.204, 0, 2032 MHz, 3996 MHz, 1080.70 W, 58
2026/10/07 20:39:13.204, 1, 2017 MHz, 3996 MHz, 1094.32 W, 61
2026/10/07 20:39:13.204, 2, 2032 MHz, 3996 MHz, 1065.36 W, 51
2026/10/07 20:39:13.204, 3, 2032 MHz, 3996 MHz, 1056.84 W, 51
2026/10/07 20:39:13.204, 4, 2032 MHz, 3996 MHz, 1066.84 W, 62
2026/10/07 20:39:13.204, 5, 2032 MHz, 3996 MHz, 1065.54 W, 61
2026/10/07 20:39:13.205, 6, 2032 MHz, 3996 MHz, 1070.75 W, 52
2026/10/07 20:39:13.205, 7, 2032 MHz, 3996 MHz, 1055.33 W, 49
2026/10/07 20:39:14.205, 0, 2032 MHz, 3996 MHz, 1080.73 W, 58
2026/10/07 20:39:14.205, 1, 2017 MHz, 3996 MHz, 1093.92 W, 61
2026/10/07 20:39:14.205, 2, 2032 MHz, 3996 MHz, 1065.09 W, 51
2026/10/07 20:39:14.205, 3, 2032 MHz, 3996 MHz, 1058.55 W, 51
2026/10/07 20:39:14.205, 4, 2032 MHz, 3996 MHz, 1067.00 W, 62
2026/10/07 20:39:14.205, 5, 2032 MHz, 3996 MHz, 1065.61 W, 61
2026/10/07 20:39:14.205, 6, 2032 MHz, 3996 MHz, 1070.59 W, 52
2026/10/07 20:39:14.205, 7, 2032 MHz, 3996 MHz, 1055.31 W, 49
2026/10/07 20:39:15.205, 0, 2032 MHz, 3996 MHz, 1080.26 W, 59
2026/10/07 20:39:15.205, 1, 2010 MHz, 3996 MHz, 1093.64 W, 61
2026/10/07 20:39:15.205, 2, 2032 MHz, 3996 MHz, 1064.75 W, 51
2026/10/07 20:39:15.205, 3, 2032 MHz, 3996 MHz, 1059.02 W, 51
2026/10/07 20:39:15.205, 4, 2032 MHz, 3996 MHz, 1065.77 W, 62
2026/10/07 20:39:15.205, 5, 2032 MHz, 3996 MHz, 1065.39 W, 61
2026/10/07 20:39:15.205, 6, 2032 MHz, 3996 MHz, 1070.27 W, 52
2026/10/07 20:39:15.205, 7, 2032 MHz, 3996 MHz, 1056.62 W, 49
2026/10/07 20:39:16.205, 0, 2032 MHz, 3996 MHz, 1080.37 W, 59
2026/10/07 20:39:16.205, 1, 2010 MHz, 3996 MHz, 1094.53 W, 61
2026/10/07 20:39:16.205, 2, 2032 MHz, 3996 MHz, 1064.09 W, 51
2026/10/07 20:39:16.205, 3, 2032 MHz, 3996 MHz, 1059.00 W, 51
2026/10/07 20:39:16.205, 4, 2032 MHz, 3996 MHz, 1065.89 W, 62
2026/10/07 20:39:16.205, 5, 2032 MHz, 3996 MHz, 1067.66 W, 61
2026/10/07 20:39:16.205, 6, 2032 MHz, 3996 MHz, 1070.13 W, 52
2026/10/07 20:39:16.205, 7, 2032 MHz, 3996 MHz, 1057.88 W, 49
2026/10/07 20:39:17.205, 0, 2032 MHz, 3996 MHz, 1080.71 W, 59
2026/10/07 20:39:17.206, 1, 2010 MHz, 3996 MHz, 1095.43 W, 61
2026/10/07 20:39:17.206, 2, 2032 MHz, 3996 MHz, 1065.30 W, 51
2026/10/07 20:39:17.206, 3, 2032 MHz, 3996 MHz, 1058.58 W, 52
2026/10/07 20:39:17.206, 4, 2032 MHz, 3996 MHz, 1065.57 W, 62
2026/10/07 20:39:17.206, 5, 2032 MHz, 3996 MHz, 1068.44 W, 61
2026/10/07 20:39:17.206, 6, 2032 MHz, 3996 MHz, 1072.79 W, 52
2026/10/07 20:39:17.206, 7, 2032 MHz, 3996 MHz, 1057.28 W, 49
2026/10/07 20:39:18.206, 0, 2032 MHz, 3996 MHz, 1082.56 W, 59
2026/10/07 20:39:18.206, 1, 2002 MHz, 3996 MHz, 1093.41 W, 61
2026/10/07 20:39:18.206, 2, 2032 MHz, 3996 MHz, 1067.14 W, 51
2026/10/07 20:39:18.206, 3, 2032 MHz, 3996 MHz, 1058.31 W, 51
2026/10/07 20:39:18.206, 4, 2032 MHz, 3996 MHz, 1067.42 W, 62
2026/10/07 20:39:18.206, 5, 2032 MHz, 3996 MHz, 1067.55 W, 61
2026/10/07 20:39:18.206, 6, 2032 MHz, 3996 MHz, 1072.53 W, 52
2026/10/07 20:39:18.206, 7, 2032 MHz, 3996 MHz, 1055.87 W, 49
2026/10/07 20:39:19.206, 0, 2032 MHz, 3996 MHz, 1081.78 W, 59
2026/10/07 20:39:19.206, 1, 2002 MHz, 3996 MHz, 1093.91 W, 61
2026/10/07 20:39:19.206, 2, 2032 MHz, 3996 MHz, 1066.38 W, 51
2026/10/07 20:39:19.206, 3, 2032 MHz, 3996 MHz, 1056.11 W, 51
2026/10/07 20:39:19.206, 4, 2032 MHz, 3996 MHz, 1067.76 W, 62
2026/10/07 20:39:19.206, 5, 2032 MHz, 3996 MHz, 1067.05 W, 61
2026/10/07 20:39:19.206, 6, 2032 MHz, 3996 MHz, 1071.43 W, 52
2026/10/07 20:39:19.206, 7, 2032 MHz, 3996 MHz, 1056.42 W, 49
2026/10/07 20:39:20.206, 0, 2032 MHz, 3996 MHz, 1082.88 W, 59
2026/10/07 20:39:20.207, 1, 2017 MHz, 3996 MHz, 1094.42 W, 61
2026/10/07 20:39:20.207, 2, 2032 MHz, 3996 MHz, 1066.31 W, 51
2026/10/07 20:39:20.207, 3, 2032 MHz, 3996 MHz, 841.25 W, 44
2026/10/07 20:39:20.207, 4, 2032 MHz, 3996 MHz, 1067.78 W, 62
2026/10/07 20:39:20.207, 5, 2032 MHz, 3996 MHz, 1067.20 W, 61
2026/10/07 20:39:20.207, 6, 2032 MHz, 3996 MHz, 1072.11 W, 52
2026/10/07 20:39:20.207, 7, 2032 MHz, 3996 MHz, 1055.36 W, 49
2026/10/07 20:39:21.207, 0, 2032 MHz, 3996 MHz, 1081.36 W, 59
2026/10/07 20:39:21.207, 1, 2017 MHz, 3996 MHz, 1095.17 W, 61
2026/10/07 20:39:21.207, 2, 2032 MHz, 3996 MHz, 1066.80 W, 51
2026/10/07 20:39:21.207, 3, 2032 MHz, 3996 MHz, 245.60 W, 40
2026/10/07 20:39:21.207, 4, 2032 MHz, 3996 MHz, 1067.84 W, 62
2026/10/07 20:39:21.207, 5, 2032 MHz, 3996 MHz, 1067.55 W, 61
2026/10/07 20:39:21.207, 6, 2032 MHz, 3996 MHz, 1072.14 W, 52
2026/10/07 20:39:21.207, 7, 2032 MHz, 3996 MHz, 905.86 W, 44
2026/10/07 20:39:22.207, 0, 2032 MHz, 3996 MHz, 1079.36 W, 59
2026/10/07 20:39:22.207, 1, 2010 MHz, 3996 MHz, 1094.52 W, 61
2026/10/07 20:39:22.207, 2, 2032 MHz, 3996 MHz, 1065.99 W, 51
2026/10/07 20:39:22.207, 3, 2032 MHz, 3996 MHz, 243.55 W, 38
2026/10/07 20:39:22.207, 4, 2032 MHz, 3996 MHz, 1067.17 W, 62
2026/10/07 20:39:22.207, 5, 2032 MHz, 3996 MHz, 941.54 W, 57
2026/10/07 20:39:22.207, 6, 2032 MHz, 3996 MHz, 1070.35 W, 52
2026/10/07 20:39:22.207, 7, 2032 MHz, 3996 MHz, 246.12 W, 38
2026/10/07 20:39:23.208, 0, 2032 MHz, 3996 MHz, 832.55 W, 54
2026/10/07 20:39:23.208, 1, 2032 MHz, 3996 MHz, 1092.52 W, 61
2026/10/07 20:39:23.208, 2, 2032 MHz, 3996 MHz, 1050.80 W, 51
2026/10/07 20:39:23.208, 3, 2032 MHz, 3996 MHz, 254.48 W, 38
2026/10/07 20:39:23.208, 4, 2032 MHz, 3996 MHz, 1066.09 W, 62
2026/10/07 20:39:23.208, 5, 2032 MHz, 3996 MHz, 251.71 W, 50
2026/10/07 20:39:23.208, 6, 2032 MHz, 3996 MHz, 840.46 W, 44
2026/10/07 20:39:23.208, 7, 2032 MHz, 3996 MHz, 243.91 W, 37
2026/10/07 20:39:24.208, 0, 2032 MHz, 3996 MHz, 252.37 W, 49
2026/10/07 20:39:24.208, 1, 2032 MHz, 3996 MHz, 796.31 W, 53
2026/10/07 20:39:24.208, 2, 2032 MHz, 3996 MHz, 410.95 W, 40
2026/10/07 20:39:24.208, 3, 2032 MHz, 3996 MHz, 242.12 W, 37
2026/10/07 20:39:24.208, 4, 2032 MHz, 3996 MHz, 909.16 W, 56
2026/10/07 20:39:24.208, 5, 2032 MHz, 3996 MHz, 249.35 W, 49
2026/10/07 20:39:24.208, 6, 2032 MHz, 3996 MHz, 247.52 W, 40
2026/10/07 20:39:24.208, 7, 2032 MHz, 3996 MHz, 244.05 W, 36
2026/10/07 20:39:25.208, 0, 2032 MHz, 3996 MHz, 250.06 W, 48
2026/10/07 20:39:25.208, 1, 2032 MHz, 3996 MHz, 262.58 W, 50
2026/10/07 20:39:25.208, 2, 2032 MHz, 3996 MHz, 242.83 W, 39
2026/10/07 20:39:25.209, 3, 2032 MHz, 3996 MHz, 240.80 W, 37
2026/10/07 20:39:25.209, 4, 2032 MHz, 3996 MHz, 250.03 W, 50
2026/10/07 20:39:25.209, 5, 2032 MHz, 3996 MHz, 249.07 W, 48
2026/10/07 20:39:25.209, 6, 2032 MHz, 3996 MHz, 245.35 W, 38
2026/10/07 20:39:25.209, 7, 2032 MHz, 3996 MHz, 254.05 W, 36
2026/10/07 20:39:26.209, 0, 2032 MHz, 3996 MHz, 249.76 W, 47
2026/10/07 20:39:26.209, 1, 2032 MHz, 3996 MHz, 261.22 W, 49
2026/10/07 20:39:26.209, 2, 2032 MHz, 3996 MHz, 242.42 W, 38
2026/10/07 20:39:26.209, 3, 472 MHz, 3996 MHz, 196.85 W, 35
2026/10/07 20:39:26.209, 4, 2032 MHz, 3996 MHz, 247.96 W, 49
2026/10/07 20:39:26.209, 5, 2032 MHz, 3996 MHz, 259.48 W, 47
2026/10/07 20:39:26.209, 6, 2032 MHz, 3996 MHz, 251.65 W, 38
2026/10/07 20:39:26.209, 7, 2032 MHz, 3996 MHz, 241.73 W, 35
2026/10/07 20:39:27.209, 0, 2032 MHz, 3996 MHz, 260.25 W, 46
2026/10/07 20:39:27.209, 1, 2032 MHz, 3996 MHz, 259.68 W, 48
2026/10/07 20:39:27.209, 2, 2032 MHz, 3996 MHz, 250.76 W, 37
2026/10/07 20:39:27.209, 3, 300 MHz, 3996 MHz, 188.04 W, 35
2026/10/07 20:39:27.209, 4, 2032 MHz, 3996 MHz, 246.31 W, 48
2026/10/07 20:39:27.209, 5, 2032 MHz, 3996 MHz, 246.56 W, 47
2026/10/07 20:39:27.209, 6, 2032 MHz, 3996 MHz, 248.27 W, 37
2026/10/07 20:39:27.209, 7, 2032 MHz, 3996 MHz, 240.61 W, 35
2026/10/07 20:39:28.209, 0, 2032 MHz, 3996 MHz, 247.27 W, 46
2026/10/07 20:39:28.209, 1, 2032 MHz, 3996 MHz, 270.68 W, 48
2026/10/07 20:39:28.209, 2, 2032 MHz, 3996 MHz, 243.11 W, 37
2026/10/07 20:39:28.209, 3, 187 MHz, 3996 MHz, 186.15 W, 34
2026/10/07 20:39:28.209, 4, 2032 MHz, 3996 MHz, 257.72 W, 48
2026/10/07 20:39:28.209, 5, 2032 MHz, 3996 MHz, 246.22 W, 46
2026/10/07 20:39:28.210, 6, 2032 MHz, 3996 MHz, 242.86 W, 37
2026/10/07 20:39:28.210, 7, 2032 MHz, 3996 MHz, 240.62 W, 34
2026/10/07 20:39:29.210, 0, 2032 MHz, 3996 MHz, 246.19 W, 45
2026/10/07 20:39:29.210, 1, 2032 MHz, 3996 MHz, 257.57 W, 47
2026/10/07 20:39:29.210, 2, 2032 MHz, 3996 MHz, 240.07 W, 36
2026/10/07 20:39:29.210, 3, 127 MHz, 3996 MHz, 185.93 W, 34
2026/10/07 20:39:29.210, 4, 2032 MHz, 3996 MHz, 244.42 W, 47
2026/10/07 20:39:29.210, 5, 2032 MHz, 3996 MHz, 246.02 W, 46
2026/10/07 20:39:29.210, 6, 2032 MHz, 3996 MHz, 242.68 W, 36
2026/10/07 20:39:29.210, 7, 2032 MHz, 3996 MHz, 240.62 W, 34
2026/10/07 20:39:30.210, 0, 2032 MHz, 3996 MHz, 246.08 W, 45
2026/10/07 20:39:30.210, 1, 2032 MHz, 3996 MHz, 257.57 W, 47
2026/10/07 20:39:30.210, 2, 2032 MHz, 3996 MHz, 239.59 W, 36
2026/10/07 20:39:30.210, 3, 120 MHz, 3996 MHz, 185.93 W, 34
2026/10/07 20:39:30.210, 4, 2032 MHz, 3996 MHz, 244.30 W, 47
2026/10/07 20:39:30.210, 5, 2032 MHz, 3996 MHz, 245.94 W, 45
2026/10/07 20:39:30.210, 6, 2032 MHz, 3996 MHz, 241.75 W, 36
2026/10/07 20:39:30.210, 7, 2032 MHz, 3996 MHz, 240.73 W, 34
2026/10/07 20:39:31.210, 0, 2032 MHz, 3996 MHz, 245.84 W, 44
2026/10/07 20:39:31.210, 1, 2032 MHz, 3996 MHz, 257.57 W, 46
2026/10/07 20:39:31.210, 2, 2032 MHz, 3996 MHz, 239.26 W, 35
2026/10/07 20:39:31.210, 3, 120 MHz, 3996 MHz, 185.93 W, 33
2026/10/07 20:39:31.210, 4, 2032 MHz, 3996 MHz, 244.30 W, 46
2026/10/07 20:39:31.210, 5, 2032 MHz, 3996 MHz, 245.90 W, 45
2026/10/07 20:39:31.210, 6, 2032 MHz, 3996 MHz, 241.95 W, 35
2026/10/07 20:39:31.210, 7, 2032 MHz, 3996 MHz, 240.58 W, 33
2026/10/07 20:39:32.210, 0, 2032 MHz, 3996 MHz, 244.98 W, 44
2026/10/07 20:39:32.211, 1, 2032 MHz, 3996 MHz, 257.03 W, 46
2026/10/07 20:39:32.211, 2, 2032 MHz, 3996 MHz, 238.65 W, 35
2026/10/07 20:39:32.211, 3, 120 MHz, 3996 MHz, 185.89 W, 33
2026/10/07 20:39:32.211, 4, 2032 MHz, 3996 MHz, 242.55 W, 46
2026/10/07 20:39:32.211, 5, 2032 MHz, 3996 MHz, 244.44 W, 44
2026/10/07 20:39:32.211, 6, 2032 MHz, 3996 MHz, 241.59 W, 35
2026/10/07 20:39:32.211, 7, 307 MHz, 3996 MHz, 207.32 W, 32
2026/10/07 20:39:33.211, 0, 435 MHz, 3996 MHz, 238.44 W, 43
2026/10/07 20:39:33.211, 1, 2032 MHz, 3996 MHz, 256.52 W, 46
2026/10/07 20:39:33.211, 2, 2032 MHz, 3996 MHz, 239.04 W, 35
2026/10/07 20:39:33.211, 3, 120 MHz, 3996 MHz, 185.81 W, 33
2026/10/07 20:39:33.211, 4, 2032 MHz, 3996 MHz, 242.97 W, 45
2026/10/07 20:39:33.211, 5, 412 MHz, 3996 MHz, 234.40 W, 44
2026/10/07 20:39:33.211, 6, 2032 MHz, 3996 MHz, 241.09 W, 35
2026/10/07 20:39:33.211, 7, 195 MHz, 3996 MHz, 188.35 W, 32
2026/10/07 20:39:34.211, 0, 270 MHz, 3996 MHz, 192.06 W, 42
2026/10/07 20:39:34.211, 1, 2032 MHz, 3996 MHz, 255.80 W, 45
2026/10/07 20:39:34.211, 2, 405 MHz, 3996 MHz, 227.62 W, 34
2026/10/07 20:39:34.211, 3, 120 MHz, 3996 MHz, 185.37 W, 32
2026/10/07 20:39:34.211, 4, 2032 MHz, 3996 MHz, 242.75 W, 45
2026/10/07 20:39:34.211, 5, 262 MHz, 3996 MHz, 189.20 W, 43
2026/10/07 20:39:34.211, 6, 390 MHz, 3996 MHz, 220.25 W, 34
2026/10/07 20:39:34.211, 7, 127 MHz, 3996 MHz, 187.11 W, 31
2026/10/07 20:39:35.211, 0, 172 MHz, 3996 MHz, 190.26 W, 42
2026/10/07 20:39:35.212, 1, 360 MHz, 3996 MHz, 229.02 W, 44
2026/10/07 20:39:35.212, 2, 255 MHz, 3996 MHz, 188.04 W, 33
2026/10/07 20:39:35.212, 3, 120 MHz, 3996 MHz, 184.66 W, 32
2026/10/07 20:39:35.212, 4, 375 MHz, 3996 MHz, 213.95 W, 44
2026/10/07 20:39:35.212, 5, 157 MHz, 3996 MHz, 188.21 W, 42
2026/10/07 20:39:35.212, 6, 247 MHz, 3996 MHz, 188.72 W, 33
2026/10/07 20:39:35.212, 7, 120 MHz, 3996 MHz, 186.73 W, 31
2026/10/07 20:39:36.212, 0, 120 MHz, 3996 MHz, 190.27 W, 41
2026/10/07 20:39:36.212, 1, 225 MHz, 3996 MHz, 194.35 W, 43
2026/10/07 20:39:36.212, 2, 165 MHz, 3996 MHz, 186.99 W, 33
2026/10/07 20:39:36.212, 3, 120 MHz, 3996 MHz, 184.13 W, 32
2026/10/07 20:39:36.212, 4, 240 MHz, 3996 MHz, 189.16 W, 43
2026/10/07 20:39:36.212, 5, 120 MHz, 3996 MHz, 188.08 W, 42
2026/10/07 20:39:36.212, 6, 157 MHz, 3996 MHz, 187.47 W, 33
2026/10/07 20:39:36.212, 7, 120 MHz, 3996 MHz, 186.76 W, 31
2026/10/07 20:39:37.212, 0, 120 MHz, 3996 MHz, 190.28 W, 41
2026/10/07 20:39:37.212, 1, 375 MHz, 3996 MHz, 195.57 W, 43
2026/10/07 20:39:37.212, 2, 120 MHz, 3996 MHz, 186.04 W, 32
2026/10/07 20:39:37.212, 3, 120 MHz, 3996 MHz, 184.13 W, 32
2026/10/07 20:39:37.212, 4, 150 MHz, 3996 MHz, 188.40 W, 43
2026/10/07 20:39:37.212, 5, 120 MHz, 3996 MHz, 187.55 W, 41
2026/10/07 20:39:37.212, 6, 120 MHz, 3996 MHz, 186.78 W, 32
2026/10/07 20:39:37.212, 7, 120 MHz, 3996 MHz, 186.53 W, 31
2026/10/07 20:39:38.212, 0, 120 MHz, 3996 MHz, 190.28 W, 40
2026/10/07 20:39:38.212, 1, 120 MHz, 3996 MHz, 194.43 W, 42
2026/10/07 20:39:38.212, 2, 120 MHz, 3996 MHz, 186.05 W, 32
2026/10/07 20:39:38.212, 3, 120 MHz, 3996 MHz, 184.09 W, 31
2026/10/07 20:39:38.212, 4, 120 MHz, 3996 MHz, 188.43 W, 42
2026/10/07 20:39:38.212, 5, 120 MHz, 3996 MHz, 186.75 W, 41
2026/10/07 20:39:38.213, 6, 120 MHz, 3996 MHz, 186.78 W, 32
2026/10/07 20:39:38.213, 7, 120 MHz, 3996 MHz, 186.88 W, 30
2026/10/07 20:39:39.213, 0, 120 MHz, 3996 MHz, 189.39 W, 40
2026/10/07 20:39:39.213, 1, 120 MHz, 3996 MHz, 192.11 W, 42
2026/10/07 20:39:39.213, 2, 120 MHz, 3996 MHz, 186.05 W, 32
2026/10/07 20:39:39.213, 3, 120 MHz, 3996 MHz, 184.09 W, 31
2026/10/07 20:39:39.213, 4, 120 MHz, 3996 MHz, 188.43 W, 42
2026/10/07 20:39:39.213, 5, 120 MHz, 3996 MHz, 186.62 W, 41
2026/10/07 20:39:39.213, 6, 120 MHz, 3996 MHz, 186.78 W, 32
2026/10/07 20:39:39.213, 7, 120 MHz, 3996 MHz, 186.61 W, 30
2026/10/07 20:39:40.213, 0, 120 MHz, 3996 MHz, 188.54 W, 40
2026/10/07 20:39:40.213, 1, 120 MHz, 3996 MHz, 192.11 W, 42
2026/10/07 20:39:40.213, 2, 120 MHz, 3996 MHz, 186.05 W, 32
2026/10/07 20:39:40.213, 3, 120 MHz, 3996 MHz, 184.09 W, 31
2026/10/07 20:39:40.213, 4, 120 MHz, 3996 MHz, 188.20 W, 41
2026/10/07 20:39:40.213, 5, 120 MHz, 3996 MHz, 186.79 W, 40
2026/10/07 20:39:40.213, 6, 120 MHz, 3996 MHz, 187.01 W, 32
2026/10/07 20:39:40.213, 7, 120 MHz, 3996 MHz, 186.53 W, 30
2026/10/07 20:39:41.213, 0, 120 MHz, 3996 MHz, 188.35 W, 39
2026/10/07 20:39:41.213, 1, 120 MHz, 3996 MHz, 191.84 W, 41
2026/10/07 20:39:41.213, 2, 120 MHz, 3996 MHz, 186.05 W, 31
2026/10/07 20:39:41.213, 3, 120 MHz, 3996 MHz, 184.13 W, 31
2026/10/07 20:39:41.213, 4, 120 MHz, 3996 MHz, 187.29 W, 41
2026/10/07 20:39:41.213, 5, 120 MHz, 3996 MHz, 186.72 W, 40
2026/10/07 20:39:41.213, 6, 120 MHz, 3996 MHz, 186.93 W, 31
2026/10/07 20:39:41.213, 7, 120 MHz, 3996 MHz, 186.76 W, 30
2026/10/07 20:39:42.214, 0, 120 MHz, 3996 MHz, 188.35 W, 39
2026/10/07 20:39:42.214, 1, 120 MHz, 3996 MHz, 191.02 W, 41
2026/10/07 20:39:42.214, 2, 120 MHz, 3996 MHz, 186.05 W, 31
2026/10/07 20:39:42.214, 3, 120 MHz, 3996 MHz, 184.17 W, 31
2026/10/07 20:39:42.214, 4, 120 MHz, 3996 MHz, 186.69 W, 41
2026/10/07 20:39:42.214, 5, 120 MHz, 3996 MHz, 186.56 W, 40
2026/10/07 20:39:42.214, 6, 120 MHz, 3996 MHz, 186.78 W, 31
2026/10/07 20:39:42.214, 7, 120 MHz, 3996 MHz, 186.95 W, 30
2026/10/07 20:39:43.214, 0, 120 MHz, 3996 MHz, 188.35 W, 39
2026/10/07 20:39:43.214, 1, 120 MHz, 3996 MHz, 190.59 W, 41
2026/10/07 20:39:43.214, 2, 120 MHz, 3996 MHz, 186.05 W, 31
2026/10/07 20:39:43.214, 3, 120 MHz, 3996 MHz, 184.44 W, 31
2026/10/07 20:39:43.214, 4, 120 MHz, 3996 MHz, 186.52 W, 41
2026/10/07 20:39:43.214, 5, 120 MHz, 3996 MHz, 186.57 W, 40
2026/10/07 20:39:43.214, 6, 120 MHz, 3996 MHz, 186.78 W, 31
2026/10/07 20:39:43.214, 7, 120 MHz, 3996 MHz, 186.65 W, 29
2026/10/07 20:39:44.214, 0, 120 MHz, 3996 MHz, 188.35 W, 39
2026/10/07 20:39:44.214, 1, 120 MHz, 3996 MHz, 190.17 W, 41
2026/10/07 20:39:44.214, 2, 120 MHz, 3996 MHz, 186.05 W, 31
2026/10/07 20:39:44.214, 3, 120 MHz, 3996 MHz, 184.13 W, 31
2026/10/07 20:39:44.214, 4, 120 MHz, 3996 MHz, 186.51 W, 40
2026/10/07 20:39:44.214, 5, 120 MHz, 3996 MHz, 186.55 W, 39
2026/10/07 20:39:44.215, 6, 120 MHz, 3996 MHz, 186.78 W, 31
2026/10/07 20:39:44.215, 7, 120 MHz, 3996 MHz, 186.53 W, 29
2026/10/07 20:39:45.217, 0, 120 MHz, 3996 MHz, 188.35 W, 38
2026/10/07 20:39:45.217, 1, 120 MHz, 3996 MHz, 190.17 W, 40
2026/10/07 20:39:45.217, 2, 120 MHz, 3996 MHz, 186.05 W, 31
2026/10/07 20:39:45.218, 3, 120 MHz, 3996 MHz, 184.09 W, 30
2026/10/07 20:39:45.218, 4, 120 MHz, 3996 MHz, 186.52 W, 40
2026/10/07 20:39:45.218, 5, 120 MHz, 3996 MHz, 186.51 W, 39
2026/10/07 20:39:45.218, 6, 120 MHz, 3996 MHz, 186.78 W, 31
2026/10/07 20:39:45.218, 7, 120 MHz, 3996 MHz, 186.53 W, 29
2026/10/07 20:39:46.218, 0, 120 MHz, 3996 MHz, 188.35 W, 38
2026/10/07 20:39:46.218, 1, 120 MHz, 3996 MHz, 190.17 W, 40
2026/10/07 20:39:46.218, 2, 120 MHz, 3996 MHz, 186.05 W, 31
2026/10/07 20:39:46.218, 3, 120 MHz, 3996 MHz, 184.09 W, 30
2026/10/07 20:39:46.218, 4, 120 MHz, 3996 MHz, 186.52 W, 40
2026/10/07 20:39:46.218, 5, 120 MHz, 3996 MHz, 186.43 W, 39
2026/10/07 20:39:46.218, 6, 120 MHz, 3996 MHz, 186.78 W, 31
2026/10/07 20:39:46.218, 7, 120 MHz, 3996 MHz, 186.53 W, 29
2026/10/07 20:39:47.218, 0, 120 MHz, 3996 MHz, 188.35 W, 38
2026/10/07 20:39:47.218, 1, 120 MHz, 3996 MHz, 190.17 W, 40
2026/10/07 20:39:47.218, 2, 120 MHz, 3996 MHz, 186.05 W, 31
2026/10/07 20:39:47.218, 3, 120 MHz, 3996 MHz, 184.09 W, 30
2026/10/07 20:39:47.218, 4, 120 MHz, 3996 MHz, 186.51 W, 40
2026/10/07 20:39:47.218, 5, 120 MHz, 3996 MHz, 186.47 W, 39
2026/10/07 20:39:47.218, 6, 120 MHz, 3996 MHz, 186.78 W, 31
2026/10/07 20:39:47.218, 7, 120 MHz, 3996 MHz, 186.53 W, 29
2026/10/07 20:39:48.219, 0, 120 MHz, 3996 MHz, 188.27 W, 38
2026/10/07 20:39:48.219, 1, 120 MHz, 3996 MHz, 190.17 W, 40
2026/10/07 20:39:48.219, 2, 120 MHz, 3996 MHz, 186.05 W, 30
2026/10/07 20:39:48.219, 3, 120 MHz, 3996 MHz, 184.09 W, 30
2026/10/07 20:39:48.219, 4, 120 MHz, 3996 MHz, 186.53 W, 39
2026/10/07 20:39:48.219, 5, 120 MHz, 3996 MHz, 186.46 W, 39
2026/10/07 20:39:48.219, 6, 120 MHz, 3996 MHz, 186.66 W, 30
2026/10/07 20:39:48.219, 7, 120 MHz, 3996 MHz, 186.53 W, 29
2026/10/07 20:39:49.219, 0, 120 MHz, 3996 MHz, 187.65 W, 38
2026/10/07 20:39:49.219, 1, 120 MHz, 3996 MHz, 190.17 W, 40
2026/10/07 20:39:49.219, 2, 120 MHz, 3996 MHz, 186.05 W, 30
2026/10/07 20:39:49.219, 3, 120 MHz, 3996 MHz, 184.09 W, 30
2026/10/07 20:39:49.219, 4, 120 MHz, 3996 MHz, 186.53 W, 39
2026/10/07 20:39:49.219, 5, 120 MHz, 3996 MHz, 186.25 W, 38
2026/10/07 20:39:49.219, 6, 120 MHz, 3996 MHz, 184.91 W, 30
2026/10/07 20:39:49.219, 7, 120 MHz, 3996 MHz, 186.53 W, 29
2026/10/07 20:39:50.219, 0, 120 MHz, 3996 MHz, 187.40 W, 37
2026/10/07 20:39:50.220, 1, 120 MHz, 3996 MHz, 190.17 W, 39
2026/10/07 20:39:50.220, 2, 120 MHz, 3996 MHz, 186.01 W, 30
2026/10/07 20:39:50.220, 3, 120 MHz, 3996 MHz, 184.09 W, 30
2026/10/07 20:39:50.220, 4, 120 MHz, 3996 MHz, 186.53 W, 39
2026/10/07 20:39:50.220, 5, 120 MHz, 3996 MHz, 186.15 W, 38
2026/10/07 20:39:50.220, 6, 120 MHz, 3996 MHz, 184.87 W, 30
2026/10/07 20:39:50.220, 7, 120 MHz, 3996 MHz, 186.50 W, 29
2026/10/07 20:39:51.220, 0, 120 MHz, 3996 MHz, 186.76 W, 37
2026/10/07 20:39:51.220, 1, 120 MHz, 3996 MHz, 190.17 W, 39
2026/10/07 20:39:51.220, 2, 120 MHz, 3996 MHz, 185.94 W, 30
2026/10/07 20:39:51.220, 3, 120 MHz, 3996 MHz, 184.09 W, 30
2026/10/07 20:39:51.220, 4, 120 MHz, 3996 MHz, 186.40 W, 39
2026/10/07 20:39:51.220, 5, 120 MHz, 3996 MHz, 185.92 W, 38
2026/10/07 20:39:51.220, 6, 120 MHz, 3996 MHz, 184.83 W, 30
2026/10/07 20:39:51.220, 7, 120 MHz, 3996 MHz, 186.49 W, 29
2026/10/07 20:39:52.221, 0, 120 MHz, 3996 MHz, 186.93 W, 37
2026/10/07 20:39:52.221, 1, 120 MHz, 3996 MHz, 190.17 W, 39
2026/10/07 20:39:52.221, 2, 120 MHz, 3996 MHz, 185.97 W, 30
2026/10/07 20:39:52.221, 3, 120 MHz, 3996 MHz, 184.09 W, 30
2026/10/07 20:39:52.221, 4, 120 MHz, 3996 MHz, 186.33 W, 39
2026/10/07 20:39:52.221, 5, 120 MHz, 3996 MHz, 185.54 W, 38
2026/10/07 20:39:52.221, 6, 120 MHz, 3996 MHz, 184.83 W, 30
2026/10/07 20:39:52.221, 7, 120 MHz, 3996 MHz, 186.46 W, 28
2026/10/07 20:39:53.221, 0, 120 MHz, 3996 MHz, 186.57 W, 37
2026/10/07 20:39:53.221, 1, 120 MHz, 3996 MHz, 190.17 W, 39
2026/10/07 20:39:53.221, 2, 120 MHz, 3996 MHz, 185.51 W, 30
2026/10/07 20:39:53.221, 3, 120 MHz, 3996 MHz, 184.09 W, 30
2026/10/07 20:39:53.221, 4, 120 MHz, 3996 MHz, 185.40 W, 39
2026/10/07 20:39:53.221, 5, 120 MHz, 3996 MHz, 186.10 W, 38
2026/10/07 20:39:53.221, 6, 120 MHz, 3996 MHz, 184.87 W, 30
2026/10/07 20:39:53.221, 7, 120 MHz, 3996 MHz, 186.46 W, 28
2026/10/07 20:39:54.221, 0, 120 MHz, 3996 MHz, 187.17 W, 37
2026/10/07 20:39:54.222, 1, 120 MHz, 3996 MHz, 190.17 W, 39
2026/10/07 20:39:54.222, 2, 120 MHz, 3996 MHz, 184.84 W, 30
2026/10/07 20:39:54.222, 3, 120 MHz, 3996 MHz, 184.09 W, 30
2026/10/07 20:39:54.222, 4, 120 MHz, 3996 MHz, 184.64 W, 38
2026/10/07 20:39:54.222, 5, 120 MHz, 3996 MHz, 185.32 W, 37
2026/10/07 20:39:54.222, 6, 120 MHz, 3996 MHz, 185.60 W, 30
2026/10/07 20:39:54.222, 7, 120 MHz, 3996 MHz, 186.53 W, 28
2026/10/07 20:39:55.222, 0, 120 MHz, 3996 MHz, 186.91 W, 36
2026/10/07 20:39:55.222, 1, 120 MHz, 3996 MHz, 190.17 W, 39
2026/10/07 20:39:55.222, 2, 120 MHz, 3996 MHz, 184.84 W, 30
2026/10/07 20:39:55.222, 3, 120 MHz, 3996 MHz, 184.05 W, 30
2026/10/07 20:39:55.222, 4, 120 MHz, 3996 MHz, 184.61 W, 38
2026/10/07 20:39:55.222, 5, 120 MHz, 3996 MHz, 185.74 W, 37
2026/10/07 20:39:55.222, 6, 120 MHz, 3996 MHz, 185.34 W, 30
2026/10/07 20:39:55.222, 7, 120 MHz, 3996 MHz, 186.38 W, 28
2026/10/07 20:39:56.222, 0, 120 MHz, 3996 MHz, 186.56 W, 36
2026/10/07 20:39:56.222, 1, 120 MHz, 3996 MHz, 189.78 W, 38
2026/10/07 20:39:56.223, 2, 120 MHz, 3996 MHz, 184.70 W, 30
2026/10/07 20:39:56.223, 3, 120 MHz, 3996 MHz, 183.89 W, 30
2026/10/07 20:39:56.223, 4, 120 MHz, 3996 MHz, 184.59 W, 38
2026/10/07 20:39:56.223, 5, 120 MHz, 3996 MHz, 185.31 W, 37
2026/10/07 20:39:56.223, 6, 120 MHz, 3996 MHz, 184.87 W, 30
2026/10/07 20:39:56.223, 7, 120 MHz, 3996 MHz, 185.60 W, 28
2026/10/07 20:39:57.223, 0, 120 MHz, 3996 MHz, 186.41 W, 36
2026/10/07 20:39:57.223, 1, 120 MHz, 3996 MHz, 188.23 W, 38
2026/10/07 20:39:57.223, 2, 120 MHz, 3996 MHz, 184.36 W, 30
2026/10/07 20:39:57.223, 3, 120 MHz, 3996 MHz, 183.97 W, 29
2026/10/07 20:39:57.223, 4, 120 MHz, 3996 MHz, 184.59 W, 38
2026/10/07 20:39:57.223, 5, 120 MHz, 3996 MHz, 184.89 W, 37
2026/10/07 20:39:57.223, 6, 120 MHz, 3996 MHz, 184.83 W, 30
2026/10/07 20:39:57.223, 7, 120 MHz, 3996 MHz, 184.59 W, 28
2026/10/07 20:39:58.223, 0, 120 MHz, 3996 MHz, 186.41 W, 36
2026/10/07 20:39:58.223, 1, 120 MHz, 3996 MHz, 188.23 W, 38
2026/10/07 20:39:58.223, 2, 120 MHz, 3996 MHz, 184.32 W, 30
2026/10/07 20:39:58.224, 3, 120 MHz, 3996 MHz, 183.74 W, 29
2026/10/07 20:39:58.224, 4, 120 MHz, 3996 MHz, 184.59 W, 38
2026/10/07 20:39:58.224, 5, 120 MHz, 3996 MHz, 184.71 W, 37
2026/10/07 20:39:58.224, 6, 120 MHz, 3996 MHz, 184.83 W, 29
2026/10/07 20:39:58.224, 7, 120 MHz, 3996 MHz, 184.63 W, 28
2026/10/07 20:39:59.224, 0, 2032 MHz, 3996 MHz, 211.98 W, 37
2026/10/07 20:39:59.224, 1, 2032 MHz, 3996 MHz, 195.39 W, 38
2026/10/07 20:39:59.224, 2, 120 MHz, 3996 MHz, 184.28 W, 29
2026/10/07 20:39:59.224, 3, 120 MHz, 3996 MHz, 183.66 W, 29
2026/10/07 20:39:59.224, 4, 120 MHz, 3996 MHz, 184.58 W, 38
2026/10/07 20:39:59.224, 5, 120 MHz, 3996 MHz, 184.85 W, 37
2026/10/07 20:39:59.224, 6, 120 MHz, 3996 MHz, 184.83 W, 29
2026/10/07 20:39:59.224, 7, 120 MHz, 3996 MHz, 185.77 W, 28
2026/10/07 20:40:00.224, 0, 2032 MHz, 3996 MHz, 238.36 W, 37
2026/10/07 20:40:00.225, 1, 2032 MHz, 3996 MHz, 250.03 W, 39
2026/10/07 20:40:00.225, 2, 120 MHz, 3996 MHz, 184.44 W, 29
2026/10/07 20:40:00.225, 3, 120 MHz, 3996 MHz, 183.44 W, 29
2026/10/07 20:40:00.225, 4, 120 MHz, 3996 MHz, 184.58 W, 37
2026/10/07 20:40:00.225, 5, 120 MHz, 3996 MHz, 184.66 W, 37
2026/10/07 20:40:00.225, 6, 120 MHz, 3996 MHz, 184.83 W, 29
2026/10/07 20:40:00.225, 7, 120 MHz, 3996 MHz, 186.34 W, 28
2026/10/07 20:40:01.225, 0, 2032 MHz, 3996 MHz, 238.39 W, 37
2026/10/07 20:40:01.225, 1, 2032 MHz, 3996 MHz, 249.86 W, 39
2026/10/07 20:40:01.225, 2, 120 MHz, 3996 MHz, 184.09 W, 29
2026/10/07 20:40:01.225, 3, 120 MHz, 3996 MHz, 183.44 W, 29
2026/10/07 20:40:01.225, 4, 120 MHz, 3996 MHz, 184.58 W, 37
2026/10/07 20:40:01.225, 5, 120 MHz, 3996 MHz, 184.73 W, 36
2026/10/07 20:40:01.225, 6, 120 MHz, 3996 MHz, 184.83 W, 29
2026/10/07 20:40:01.225, 7, 120 MHz, 3996 MHz, 186.45 W, 28
2026/10/07 20:40:02.227, 0, 2032 MHz, 3996 MHz, 239.06 W, 37
2026/10/07 20:40:02.227, 1, 2032 MHz, 3996 MHz, 249.85 W, 39
2026/10/07 20:40:02.227, 2, 120 MHz, 3996 MHz, 184.09 W, 29
2026/10/07 20:40:02.228, 3, 120 MHz, 3996 MHz, 183.62 W, 29
2026/10/07 20:40:02.228, 4, 120 MHz, 3996 MHz, 184.59 W, 37
2026/10/07 20:40:02.228, 5, 120 MHz, 3996 MHz, 184.71 W, 36
2026/10/07 20:40:02.228, 6, 120 MHz, 3996 MHz, 184.83 W, 29
2026/10/07 20:40:02.228, 7, 120 MHz, 3996 MHz, 186.38 W, 28
2026/10/07 20:40:03.228, 0, 2032 MHz, 3996 MHz, 239.32 W, 36
2026/10/07 20:40:03.228, 1, 2032 MHz, 3996 MHz, 250.95 W, 39
2026/10/07 20:40:03.228, 2, 120 MHz, 3996 MHz, 184.13 W, 29
2026/10/07 20:40:03.228, 3, 120 MHz, 3996 MHz, 183.24 W, 29
2026/10/07 20:40:03.228, 4, 120 MHz, 3996 MHz, 184.59 W, 37
2026/10/07 20:40:03.228, 5, 120 MHz, 3996 MHz, 184.61 W, 36
2026/10/07 20:40:03.228, 6, 120 MHz, 3996 MHz, 184.83 W, 29
2026/10/07 20:40:03.228, 7, 120 MHz, 3996 MHz, 186.27 W, 28
2026/10/07 20:40:04.228, 0, 2032 MHz, 3996 MHz, 239.80 W, 36
2026/10/07 20:40:04.228, 1, 2032 MHz, 3996 MHz, 251.43 W, 39
2026/10/07 20:40:04.228, 2, 120 MHz, 3996 MHz, 184.09 W, 29
2026/10/07 20:40:04.228, 3, 120 MHz, 3996 MHz, 183.19 W, 29
2026/10/07 20:40:04.228, 4, 120 MHz, 3996 MHz, 184.59 W, 37
2026/10/07 20:40:04.228, 5, 120 MHz, 3996 MHz, 184.65 W, 36
2026/10/07 20:40:04.228, 6, 2032 MHz, 3996 MHz, 197.50 W, 30
2026/10/07 20:40:04.228, 7, 120 MHz, 3996 MHz, 186.12 W, 28
2026/10/07 20:40:05.229, 0, 2032 MHz, 3996 MHz, 256.59 W, 37
2026/10/07 20:40:05.229, 1, 2032 MHz, 3996 MHz, 251.26 W, 39
2026/10/07 20:40:05.229, 2, 120 MHz, 3996 MHz, 184.09 W, 29
2026/10/07 20:40:05.229, 3, 120 MHz, 3996 MHz, 183.31 W, 29
2026/10/07 20:40:05.229, 4, 120 MHz, 3996 MHz, 184.59 W, 37
2026/10/07 20:40:05.229, 5, 120 MHz, 3996 MHz, 184.61 W, 36
2026/10/07 20:40:05.229, 6, 2032 MHz, 3996 MHz, 237.17 W, 30
2026/10/07 20:40:05.229, 7, 120 MHz, 3996 MHz, 185.99 W, 28
2026/10/07 20:40:06.229, 0, 2032 MHz, 3996 MHz, 241.57 W, 36
2026/10/07 20:40:06.229, 1, 2032 MHz, 3996 MHz, 268.96 W, 39
2026/10/07 20:40:06.229, 2, 120 MHz, 3996 MHz, 184.09 W, 29
2026/10/07 20:40:06.229, 3, 120 MHz, 3996 MHz, 183.09 W, 29
2026/10/07 20:40:06.229, 4, 120 MHz, 3996 MHz, 184.48 W, 37
2026/10/07 20:40:06.229, 5, 2032 MHz, 3996 MHz, 216.62 W, 37
2026/10/07 20:40:06.229, 6, 2032 MHz, 3996 MHz, 237.09 W, 30
2026/10/07 20:40:06.229, 7, 120 MHz, 3996 MHz, 186.10 W, 28
2026/10/07 20:40:07.229, 0, 2032 MHz, 3996 MHz, 242.76 W, 36
2026/10/07 20:40:07.229, 1, 2032 MHz, 3996 MHz, 249.85 W, 38
2026/10/07 20:40:07.229, 2, 2032 MHz, 3996 MHz, 220.79 W, 30
2026/10/07 20:40:07.229, 3, 2032 MHz, 3996 MHz, 185.01 W, 29
2026/10/07 20:40:07.229, 4, 120 MHz, 3996 MHz, 184.42 W, 37
2026/10/07 20:40:07.229, 5, 2032 MHz, 3996 MHz, 237.80 W, 37
2026/10/07 20:40:07.230, 6, 2032 MHz, 3996 MHz, 237.75 W, 30
2026/10/07 20:40:07.230, 7, 120 MHz, 3996 MHz, 185.87 W, 28
2026/10/07 20:40:08.230, 0, 2032 MHz, 3996 MHz, 238.41 W, 36
2026/10/07 20:40:08.230, 1, 2032 MHz, 3996 MHz, 249.87 W, 38
2026/10/07 20:40:08.230, 2, 2032 MHz, 3996 MHz, 234.70 W, 30
2026/10/07 20:40:08.230, 3, 2032 MHz, 3996 MHz, 234.96 W, 30
2026/10/07 20:40:08.230, 4, 2032 MHz, 3996 MHz, 207.31 W, 37
2026/10/07 20:40:08.230, 5, 2032 MHz, 3996 MHz, 237.97 W, 37
2026/10/07 20:40:08.230, 6, 2032 MHz, 3996 MHz, 238.37 W, 30
2026/10/07 20:40:08.230, 7, 120 MHz, 3996 MHz, 185.84 W, 28
2026/10/07 20:40:09.230, 0, 2032 MHz, 3996 MHz, 267.68 W, 38
2026/10/07 20:40:09.230, 1, 2032 MHz, 3996 MHz, 272.57 W, 40
2026/10/07 20:40:09.230, 2, 2032 MHz, 3996 MHz, 234.90 W, 30
2026/10/07 20:40:09.230, 3, 2032 MHz, 3996 MHz, 234.74 W, 30
2026/10/07 20:40:09.230, 4, 2032 MHz, 3996 MHz, 236.43 W, 37
2026/10/07 20:40:09.230, 5, 2032 MHz, 3996 MHz, 238.82 W, 37
2026/10/07 20:40:09.230, 6, 2032 MHz, 3996 MHz, 237.27 W, 30
2026/10/07 20:40:09.230, 7, 2032 MHz, 3996 MHz, 224.63 W, 28
2026/10/07 20:40:10.230, 0, 2032 MHz, 3996 MHz, 319.93 W, 37
2026/10/07 20:40:10.230, 1, 2032 MHz, 3996 MHz, 332.15 W, 40
2026/10/07 20:40:10.230, 2, 2032 MHz, 3996 MHz, 236.77 W, 30
2026/10/07 20:40:10.230, 3, 2032 MHz, 3996 MHz, 234.78 W, 30
2026/10/07 20:40:10.230, 4, 2032 MHz, 3996 MHz, 235.78 W, 37
2026/10/07 20:40:10.230, 5, 2032 MHz, 3996 MHz, 239.21 W, 37
2026/10/07 20:40:10.230, 6, 2032 MHz, 3996 MHz, 255.77 W, 30
2026/10/07 20:40:10.230, 7, 2032 MHz, 3996 MHz, 235.96 W, 29
2026/10/07 20:40:11.231, 0, 2032 MHz, 3996 MHz, 303.42 W, 37
2026/10/07 20:40:11.231, 1, 2032 MHz, 3996 MHz, 314.42 W, 39
2026/10/07 20:40:11.231, 2, 2032 MHz, 3996 MHz, 236.64 W, 30
2026/10/07 20:40:11.231, 3, 2032 MHz, 3996 MHz, 236.54 W, 30
2026/10/07 20:40:11.231, 4, 2032 MHz, 3996 MHz, 237.12 W, 37
2026/10/07 20:40:11.231, 5, 2032 MHz, 3996 MHz, 238.54 W, 36
2026/10/07 20:40:11.231, 6, 2032 MHz, 3996 MHz, 240.26 W, 30
2026/10/07 20:40:11.231, 7, 2032 MHz, 3996 MHz, 235.92 W, 29
2026/10/07 20:40:12.231, 0, 2032 MHz, 3996 MHz, 261.13 W, 36
2026/10/07 20:40:12.231, 1, 2032 MHz, 3996 MHz, 279.63 W, 38
2026/10/07 20:40:12.231, 2, 2032 MHz, 3996 MHz, 254.04 W, 30
2026/10/07 20:40:12.231, 3, 2032 MHz, 3996 MHz, 236.60 W, 30
2026/10/07 20:40:12.231, 4, 2032 MHz, 3996 MHz, 236.64 W, 37
2026/10/07 20:40:12.231, 5, 2032 MHz, 3996 MHz, 256.20 W, 37
2026/10/07 20:40:12.231, 6, 2032 MHz, 3996 MHz, 241.57 W, 30
2026/10/07 20:40:12.231, 7, 2032 MHz, 3996 MHz, 237.41 W, 29
2026/10/07 20:40:13.231, 0, 2032 MHz, 3996 MHz, 260.54 W, 36
2026/10/07 20:40:13.231, 1, 2032 MHz, 3996 MHz, 270.95 W, 39
2026/10/07 20:40:13.231, 2, 2032 MHz, 3996 MHz, 236.92 W, 30
2026/10/07 20:40:13.231, 3, 2032 MHz, 3996 MHz, 237.89 W, 30
2026/10/07 20:40:13.231, 4, 2032 MHz, 3996 MHz, 254.90 W, 38
2026/10/07 20:40:13.231, 5, 2032 MHz, 3996 MHz, 237.90 W, 36
2026/10/07 20:40:13.231, 6, 2032 MHz, 3996 MHz, 237.13 W, 30
2026/10/07 20:40:13.231, 7, 2032 MHz, 3996 MHz, 236.97 W, 29
2026/10/07 20:40:14.231, 0, 2032 MHz, 3996 MHz, 251.48 W, 36
2026/10/07 20:40:14.232, 1, 2032 MHz, 3996 MHz, 267.34 W, 38
2026/10/07 20:40:14.232, 2, 2032 MHz, 3996 MHz, 242.40 W, 30
2026/10/07 20:40:14.232, 3, 2032 MHz, 3996 MHz, 252.77 W, 30
2026/10/07 20:40:14.232, 4, 2032 MHz, 3996 MHz, 236.59 W, 37
2026/10/07 20:40:14.232, 5, 2032 MHz, 3996 MHz, 237.77 W, 36
2026/10/07 20:40:14.232, 6, 2032 MHz, 3996 MHz, 312.38 W, 32
2026/10/07 20:40:14.232, 7, 2032 MHz, 3996 MHz, 236.57 W, 29
2026/10/07 20:40:15.232, 0, 2032 MHz, 3996 MHz, 242.35 W, 36
2026/10/07 20:40:15.232, 1, 2032 MHz, 3996 MHz, 253.87 W, 38
2026/10/07 20:40:15.232, 2, 2032 MHz, 3996 MHz, 234.70 W, 30
2026/10/07 20:40:15.232, 3, 2032 MHz, 3996 MHz, 234.70 W, 30
2026/10/07 20:40:15.232, 4, 2032 MHz, 3996 MHz, 243.56 W, 37
2026/10/07 20:40:15.232, 5, 2032 MHz, 3996 MHz, 310.47 W, 37
2026/10/07 20:40:15.232, 6, 2032 MHz, 3996 MHz, 300.23 W, 32
2026/10/07 20:40:15.232, 7, 2032 MHz, 3996 MHz, 254.53 W, 29
2026/10/07 20:40:16.232, 0, 2032 MHz, 3996 MHz, 245.07 W, 36
2026/10/07 20:40:16.232, 1, 2032 MHz, 3996 MHz, 256.49 W, 38
2026/10/07 20:40:16.232, 2, 2032 MHz, 3996 MHz, 274.89 W, 31
2026/10/07 20:40:16.232, 3, 2032 MHz, 3996 MHz, 235.58 W, 30
2026/10/07 20:40:16.232, 4, 2032 MHz, 3996 MHz, 236.26 W, 37
2026/10/07 20:40:16.232, 5, 2032 MHz, 3996 MHz, 292.87 W, 37
2026/10/07 20:40:16.232, 6, 2032 MHz, 3996 MHz, 289.49 W, 31
2026/10/07 20:40:16.232, 7, 2032 MHz, 3996 MHz, 236.59 W, 29
2026/10/07 20:40:17.232, 0, 2032 MHz, 3996 MHz, 238.42 W, 36
2026/10/07 20:40:17.233, 1, 2032 MHz, 3996 MHz, 249.88 W, 38
2026/10/07 20:40:17.233, 2, 2032 MHz, 3996 MHz, 309.81 W, 32
2026/10/07 20:40:17.233, 3, 2032 MHz, 3996 MHz, 320.78 W, 32
2026/10/07 20:40:17.233, 4, 2032 MHz, 3996 MHz, 260.09 W, 38
2026/10/07 20:40:17.233, 5, 2032 MHz, 3996 MHz, 290.27 W, 37
2026/10/07 20:40:17.233, 6, 2032 MHz, 3996 MHz, 255.37 W, 31
2026/10/07 20:40:17.233, 7, 2032 MHz, 3996 MHz, 236.69 W, 29
2026/10/07 20:40:18.233, 0, 2032 MHz, 3996 MHz, 238.44 W, 36
2026/10/07 20:40:18.233, 1, 2032 MHz, 3996 MHz, 249.88 W, 38
2026/10/07 20:40:18.233, 2, 2032 MHz, 3996 MHz, 296.44 W, 32
2026/10/07 20:40:18.233, 3, 2032 MHz, 3996 MHz, 289.27 W, 31
2026/10/07 20:40:18.233, 4, 2032 MHz, 3996 MHz, 318.43 W, 38
2026/10/07 20:40:18.233, 5, 2032 MHz, 3996 MHz, 258.31 W, 37
2026/10/07 20:40:18.233, 6, 2032 MHz, 3996 MHz, 254.96 W, 31
2026/10/07 20:40:18.233, 7, 2032 MHz, 3996 MHz, 307.99 W, 31
2026/10/07 20:40:19.233, 0, 2032 MHz, 3996 MHz, 238.43 W, 35
2026/10/07 20:40:19.233, 1, 2032 MHz, 3996 MHz, 249.87 W, 38
2026/10/07 20:40:19.233, 2, 2032 MHz, 3996 MHz, 258.41 W, 31
2026/10/07 20:40:19.233, 3, 2032 MHz, 3996 MHz, 284.07 W, 31
2026/10/07 20:40:19.233, 4, 2032 MHz, 3996 MHz, 295.63 W, 38
2026/10/07 20:40:19.233, 5, 2032 MHz, 3996 MHz, 255.64 W, 37
2026/10/07 20:40:19.233, 6, 2032 MHz, 3996 MHz, 247.99 W, 31
2026/10/07 20:40:19.233, 7, 2032 MHz, 3996 MHz, 290.92 W, 30
2026/10/07 20:40:20.233, 0, 2032 MHz, 3996 MHz, 238.44 W, 35
2026/10/07 20:40:20.234, 1, 2032 MHz, 3996 MHz, 249.92 W, 38
2026/10/07 20:40:20.234, 2, 2032 MHz, 3996 MHz, 257.63 W, 31
2026/10/07 20:40:20.234, 3, 2032 MHz, 3996 MHz, 252.06 W, 31
2026/10/07 20:40:20.234, 4, 2032 MHz, 3996 MHz, 263.13 W, 37
2026/10/07 20:40:20.234, 5, 2032 MHz, 3996 MHz, 245.91 W, 36
2026/10/07 20:40:20.234, 6, 2032 MHz, 3996 MHz, 243.00 W, 31
2026/10/07 20:40:20.234, 7, 2032 MHz, 3996 MHz, 288.94 W, 30
2026/10/07 20:40:21.234, 0, 2032 MHz, 3996 MHz, 238.43 W, 35
2026/10/07 20:40:21.234, 1, 2032 MHz, 3996 MHz, 249.87 W, 38
2026/10/07 20:40:21.234, 2, 2032 MHz, 3996 MHz, 250.82 W, 31
2026/10/07 20:40:21.234, 3, 2032 MHz, 3996 MHz, 252.00 W, 31
2026/10/07 20:40:21.234, 4, 2032 MHz, 3996 MHz, 251.90 W, 37
2026/10/07 20:40:21.234, 5, 2032 MHz, 3996 MHz, 243.64 W, 36
2026/10/07 20:40:21.234, 6, 2032 MHz, 3996 MHz, 240.51 W, 31
2026/10/07 20:40:21.234, 7, 2032 MHz, 3996 MHz, 258.98 W, 30
2026/10/07 20:40:22.234, 0, 2032 MHz, 3996 MHz, 238.39 W, 35
2026/10/07 20:40:22.234, 1, 2032 MHz, 3996 MHz, 258.62 W, 38
2026/10/07 20:40:22.234, 2, 2032 MHz, 3996 MHz, 240.33 W, 31
2026/10/07 20:40:22.234, 3, 2032 MHz, 3996 MHz, 246.64 W, 31
2026/10/07 20:40:22.234, 4, 2032 MHz, 3996 MHz, 255.48 W, 37
2026/10/07 20:40:22.234, 5, 2032 MHz, 3996 MHz, 242.57 W, 36
2026/10/07 20:40:22.234, 6, 2032 MHz, 3996 MHz, 237.08 W, 30
2026/10/07 20:40:22.234, 7, 2032 MHz, 3996 MHz, 257.08 W, 29
2026/10/07 20:40:23.235, 0, 2032 MHz, 3996 MHz, 238.45 W, 35
2026/10/07 20:40:23.235, 1, 2032 MHz, 3996 MHz, 249.87 W, 38
2026/10/07 20:40:23.235, 2, 2032 MHz, 3996 MHz, 243.02 W, 31
2026/10/07 20:40:23.235, 3, 2032 MHz, 3996 MHz, 241.76 W, 31
2026/10/07 20:40:23.235, 4, 2032 MHz, 3996 MHz, 243.44 W, 37
2026/10/07 20:40:23.235, 5, 2032 MHz, 3996 MHz, 238.20 W, 36
2026/10/07 20:40:23.235, 6, 2032 MHz, 3996 MHz, 236.99 W, 31
2026/10/07 20:40:23.235, 7, 2032 MHz, 3996 MHz, 248.53 W, 29
2026/10/07 20:40:24.235, 0, 2032 MHz, 3996 MHz, 238.42 W, 35
2026/10/07 20:40:24.235, 1, 2032 MHz, 3996 MHz, 249.89 W, 38
2026/10/07 20:40:24.235, 2, 2032 MHz, 3996 MHz, 236.48 W, 31
2026/10/07 20:40:24.235, 3, 2032 MHz, 3996 MHz, 239.97 W, 31
2026/10/07 20:40:24.235, 4, 2032 MHz, 3996 MHz, 243.43 W, 37
2026/10/07 20:40:24.235, 5, 2032 MHz, 3996 MHz, 238.32 W, 36
2026/10/07 20:40:24.235, 6, 2032 MHz, 3996 MHz, 237.06 W, 31
2026/10/07 20:40:24.235, 7, 2032 MHz, 3996 MHz, 240.22 W, 29
2026/10/07 20:40:25.235, 0, 2032 MHz, 3996 MHz, 238.47 W, 35
2026/10/07 20:40:25.235, 1, 2032 MHz, 3996 MHz, 249.87 W, 38
2026/10/07 20:40:25.235, 2, 2032 MHz, 3996 MHz, 236.46 W, 31
2026/10/07 20:40:25.235, 3, 2032 MHz, 3996 MHz, 236.58 W, 31
2026/10/07 20:40:25.235, 4, 2032 MHz, 3996 MHz, 236.58 W, 37
2026/10/07 20:40:25.235, 5, 2032 MHz, 3996 MHz, 238.32 W, 36
2026/10/07 20:40:25.235, 6, 2032 MHz, 3996 MHz, 237.01 W, 31
2026/10/07 20:40:25.235, 7, 2032 MHz, 3996 MHz, 243.52 W, 29
2026/10/07 20:40:26.235, 0, 2032 MHz, 3996 MHz, 238.46 W, 35
2026/10/07 20:40:26.236, 1, 2032 MHz, 3996 MHz, 249.91 W, 38
2026/10/07 20:40:26.236, 2, 2032 MHz, 3996 MHz, 236.27 W, 31
2026/10/07 20:40:26.236, 3, 2032 MHz, 3996 MHz, 236.66 W, 31
2026/10/07 20:40:26.236, 4, 2032 MHz, 3996 MHz, 236.58 W, 37
2026/10/07 20:40:26.236, 5, 2032 MHz, 3996 MHz, 238.22 W, 36
2026/10/07 20:40:26.236, 6, 2032 MHz, 3996 MHz, 237.05 W, 31
2026/10/07 20:40:26.236, 7, 2032 MHz, 3996 MHz, 236.74 W, 29
2026/10/07 20:40:27.236, 0, 2032 MHz, 3996 MHz, 238.39 W, 35
2026/10/07 20:40:27.236, 1, 2032 MHz, 3996 MHz, 249.87 W, 38
2026/10/07 20:40:27.236, 2, 2032 MHz, 3996 MHz, 236.34 W, 31
2026/10/07 20:40:27.236, 3, 2032 MHz, 3996 MHz, 236.66 W, 31
2026/10/07 20:40:27.236, 4, 2032 MHz, 3996 MHz, 236.58 W, 37
2026/10/07 20:40:27.236, 5, 2032 MHz, 3996 MHz, 238.21 W, 36
2026/10/07 20:40:27.236, 6, 2032 MHz, 3996 MHz, 237.05 W, 31
2026/10/07 20:40:27.236, 7, 2032 MHz, 3996 MHz, 236.74 W, 29
2026/10/07 20:40:28.236, 0, 2032 MHz, 3996 MHz, 238.74 W, 35
2026/10/07 20:40:28.236, 1, 2032 MHz, 3996 MHz, 249.86 W, 38
2026/10/07 20:40:28.236, 2, 2032 MHz, 3996 MHz, 236.81 W, 31
2026/10/07 20:40:28.236, 3, 2032 MHz, 3996 MHz, 236.58 W, 31
2026/10/07 20:40:28.236, 4, 2032 MHz, 3996 MHz, 236.58 W, 37
2026/10/07 20:40:28.236, 5, 2032 MHz, 3996 MHz, 238.20 W, 36
2026/10/07 20:40:28.236, 6, 2032 MHz, 3996 MHz, 237.28 W, 31
2026/10/07 20:40:28.236, 7, 2032 MHz, 3996 MHz, 236.74 W, 29
2026/10/07 20:40:29.236, 0, 2032 MHz, 3996 MHz, 247.60 W, 35
2026/10/07 20:40:29.236, 1, 2032 MHz, 3996 MHz, 249.83 W, 38
2026/10/07 20:40:29.236, 2, 2032 MHz, 3996 MHz, 244.88 W, 31
2026/10/07 20:40:29.236, 3, 2032 MHz, 3996 MHz, 236.63 W, 31
2026/10/07 20:40:29.236, 4, 2032 MHz, 3996 MHz, 236.58 W, 37
2026/10/07 20:40:29.236, 5, 2032 MHz, 3996 MHz, 238.40 W, 36
2026/10/07 20:40:29.236, 6, 2032 MHz, 3996 MHz, 237.13 W, 31
2026/10/07 20:40:29.236, 7, 2032 MHz, 3996 MHz, 236.82 W, 29
2026/10/07 20:40:30.237, 0, 2032 MHz, 3996 MHz, 238.43 W, 35
2026/10/07 20:40:30.237, 1, 2032 MHz, 3996 MHz, 249.89 W, 38
2026/10/07 20:40:30.237, 2, 2032 MHz, 3996 MHz, 236.54 W, 31
2026/10/07 20:40:30.237, 3, 2032 MHz, 3996 MHz, 236.58 W, 31
2026/10/07 20:40:30.237, 4, 2032 MHz, 3996 MHz, 236.85 W, 37
2026/10/07 20:40:30.237, 5, 2032 MHz, 3996 MHz, 238.18 W, 36
2026/10/07 20:40:30.237, 6, 2032 MHz, 3996 MHz, 239.29 W, 31
2026/10/07 20:40:30.237, 7, 2032 MHz, 3996 MHz, 237.08 W, 29
2026/10/07 20:40:31.237, 0, 2032 MHz, 3996 MHz, 238.39 W, 35
2026/10/07 20:40:31.237, 1, 2032 MHz, 3996 MHz, 249.88 W, 38
2026/10/07 20:40:31.237, 2, 2032 MHz, 3996 MHz, 236.66 W, 31
2026/10/07 20:40:31.237, 3, 2032 MHz, 3996 MHz, 236.66 W, 31
2026/10/07 20:40:31.237, 4, 2032 MHz, 3996 MHz, 244.82 W, 37
2026/10/07 20:40:31.237, 5, 2032 MHz, 3996 MHz, 238.06 W, 36
2026/10/07 20:40:31.237, 6, 2032 MHz, 3996 MHz, 244.13 W, 31
2026/10/07 20:40:31.237, 7, 2032 MHz, 3996 MHz, 245.27 W, 30
2026/10/07 20:40:32.237, 0, 2032 MHz, 3996 MHz, 238.42 W, 35
2026/10/07 20:40:32.237, 1, 2032 MHz, 3996 MHz, 249.89 W, 38
2026/10/07 20:40:32.237, 2, 2032 MHz, 3996 MHz, 236.62 W, 31
2026/10/07 20:40:32.237, 3, 2032 MHz, 3996 MHz, 236.62 W, 31
2026/10/07 20:40:32.237, 4, 2032 MHz, 3996 MHz, 236.58 W, 37
2026/10/07 20:40:32.237, 5, 2032 MHz, 3996 MHz, 238.16 W, 36
2026/10/07 20:40:32.237, 6, 2032 MHz, 3996 MHz, 237.28 W, 31
2026/10/07 20:40:32.237, 7, 2032 MHz, 3996 MHz, 236.93 W, 30
2026/10/07 20:40:33.238, 0, 2032 MHz, 3996 MHz, 238.43 W, 35
2026/10/07 20:40:33.238, 1, 2032 MHz, 3996 MHz, 249.87 W, 38
2026/10/07 20:40:33.238, 2, 2032 MHz, 3996 MHz, 236.58 W, 31
2026/10/07 20:40:33.238, 3, 2032 MHz, 3996 MHz, 236.66 W, 31
2026/10/07 20:40:33.238, 4, 2032 MHz, 3996 MHz, 236.58 W, 37
2026/10/07 20:40:33.238, 5, 2032 MHz, 3996 MHz, 238.16 W, 36
2026/10/07 20:40:33.238, 6, 2032 MHz, 3996 MHz, 237.09 W, 31
2026/10/07 20:40:33.238, 7, 2032 MHz, 3996 MHz, 236.97 W, 30
2026/10/07 20:40:34.238, 0, 2032 MHz, 3996 MHz, 238.45 W, 35
2026/10/07 20:40:34.238, 1, 2032 MHz, 3996 MHz, 249.88 W, 38
2026/10/07 20:40:34.238, 2, 2032 MHz, 3996 MHz, 236.58 W, 31
2026/10/07 20:40:34.238, 3, 2032 MHz, 3996 MHz, 236.66 W, 31
2026/10/07 20:40:34.238, 4, 2032 MHz, 3996 MHz, 236.58 W, 37
2026/10/07 20:40:34.238, 5, 2032 MHz, 3996 MHz, 237.94 W, 36
2026/10/07 20:40:34.238, 6, 2032 MHz, 3996 MHz, 237.05 W, 31
2026/10/07 20:40:34.238, 7, 2032 MHz, 3996 MHz, 236.78 W, 30
2026/10/07 20:40:35.238, 0, 2032 MHz, 3996 MHz, 238.42 W, 35
2026/10/07 20:40:35.238, 1, 2032 MHz, 3996 MHz, 249.89 W, 38
2026/10/07 20:40:35.239, 2, 2032 MHz, 3996 MHz, 236.54 W, 31
2026/10/07 20:40:35.239, 3, 2032 MHz, 3996 MHz, 236.70 W, 31
2026/10/07 20:40:35.239, 4, 2032 MHz, 3996 MHz, 236.56 W, 37
2026/10/07 20:40:35.239, 5, 2032 MHz, 3996 MHz, 245.64 W, 36
2026/10/07 20:40:35.239, 6, 2032 MHz, 3996 MHz, 237.05 W, 31
2026/10/07 20:40:35.239, 7, 2032 MHz, 3996 MHz, 236.97 W, 30
2026/10/07 20:40:36.239, 0, 2032 MHz, 3996 MHz, 269.94 W, 36
2026/10/07 20:40:36.239, 1, 2032 MHz, 3996 MHz, 280.90 W, 38
2026/10/07 20:40:36.239, 2, 2032 MHz, 3996 MHz, 267.58 W, 31
2026/10/07 20:40:36.239, 3, 2032 MHz, 3996 MHz, 266.26 W, 32
2026/10/07 20:40:36.239, 4, 2032 MHz, 3996 MHz, 271.43 W, 37
2026/10/07 20:40:36.239, 5, 2032 MHz, 3996 MHz, 275.14 W, 36
2026/10/07 20:40:36.239, 6, 2032 MHz, 3996 MHz, 269.50 W, 31
2026/10/07 20:40:36.239, 7, 2032 MHz, 3996 MHz, 271.43 W, 30
2026/10/07 20:40:37.241, 0, 2032 MHz, 3996 MHz, 237.29 W, 35
2026/10/07 20:40:37.241, 1, 2032 MHz, 3996 MHz, 249.67 W, 38
2026/10/07 20:40:37.241, 2, 2032 MHz, 3996 MHz, 235.29 W, 31
2026/10/07 20:40:37.241, 3, 2032 MHz, 3996 MHz, 245.51 W, 31
2026/10/07 20:40:37.242, 4, 2032 MHz, 3996 MHz, 235.86 W, 37
2026/10/07 20:40:37.242, 5, 2032 MHz, 3996 MHz, 237.43 W, 36
2026/10/07 20:40:37.242, 6, 2032 MHz, 3996 MHz, 237.05 W, 31
2026/10/07 20:40:37.242, 7, 2032 MHz, 3996 MHz, 236.74 W, 30
2026/10/07 20:40:38.242, 0, 2032 MHz, 3996 MHz, 236.59 W, 35
2026/10/07 20:40:38.242, 1, 2032 MHz, 3996 MHz, 248.68 W, 38
2026/10/07 20:40:38.242, 2, 2032 MHz, 3996 MHz, 234.82 W, 31
2026/10/07 20:40:38.242, 3, 2032 MHz, 3996 MHz, 236.66 W, 31
2026/10/07 20:40:38.242, 4, 2032 MHz, 3996 MHz, 235.11 W, 37
2026/10/07 20:40:38.242, 5, 2032 MHz, 3996 MHz, 236.81 W, 36
2026/10/07 20:40:38.242, 6, 2032 MHz, 3996 MHz, 237.05 W, 31
2026/10/07 20:40:38.242, 7, 2032 MHz, 3996 MHz, 236.74 W, 30
2026/10/07 20:40:39.242, 0, 2032 MHz, 3996 MHz, 236.89 W, 35
2026/10/07 20:40:39.242, 1, 2032 MHz, 3996 MHz, 248.96 W, 38
2026/10/07 20:40:39.242, 2, 2032 MHz, 3996 MHz, 234.97 W, 31
2026/10/07 20:40:39.242, 3, 2032 MHz, 3996 MHz, 236.66 W, 31
2026/10/07 20:40:39.242, 4, 2032 MHz, 3996 MHz, 234.95 W, 37
2026/10/07 20:40:39.242, 5, 2032 MHz, 3996 MHz, 237.14 W, 36
2026/10/07 20:40:39.242, 6, 2032 MHz, 3996 MHz, 237.09 W, 31
2026/10/07 20:40:39.242, 7, 2032 MHz, 3996 MHz, 236.74 W, 30
2026/10/07 20:40:40.242, 0, 2032 MHz, 3996 MHz, 236.54 W, 35
2026/10/07 20:40:40.242, 1, 2032 MHz, 3996 MHz, 249.09 W, 38
2026/10/07 20:40:40.242, 2, 2032 MHz, 3996 MHz, 234.93 W, 31
2026/10/07 20:40:40.243, 3, 2032 MHz, 3996 MHz, 236.66 W, 31
2026/10/07 20:40:40.243, 4, 2032 MHz, 3996 MHz, 234.88 W, 37
2026/10/07 20:40:40.243, 5, 2032 MHz, 3996 MHz, 236.66 W, 36
2026/10/07 20:40:40.243, 6, 2032 MHz, 3996 MHz, 237.05 W, 31
2026/10/07 20:40:40.243, 7, 2032 MHz, 3996 MHz, 236.74 W, 30
2026/10/07 20:40:41.243, 0, 2032 MHz, 3996 MHz, 236.53 W, 35
2026/10/07 20:40:41.243, 1, 2032 MHz, 3996 MHz, 248.79 W, 38
2026/10/07 20:40:41.243, 2, 2032 MHz, 3996 MHz, 234.98 W, 31
2026/10/07 20:40:41.243, 3, 2032 MHz, 3996 MHz, 236.66 W, 31
2026/10/07 20:40:41.243, 4, 2032 MHz, 3996 MHz, 234.80 W, 37
2026/10/07 20:40:41.243, 5, 2032 MHz, 3996 MHz, 236.69 W, 36
2026/10/07 20:40:41.243, 6, 2032 MHz, 3996 MHz, 237.05 W, 31
2026/10/07 20:40:41.243, 7, 2032 MHz, 3996 MHz, 236.74 W, 30
2026/10/07 20:40:42.243, 0, 2032 MHz, 3996 MHz, 236.50 W, 35
2026/10/07 20:40:42.243, 1, 2032 MHz, 3996 MHz, 248.97 W, 38
2026/10/07 20:40:42.243, 2, 2032 MHz, 3996 MHz, 234.90 W, 31
2026/10/07 20:40:42.243, 3, 2032 MHz, 3996 MHz, 236.66 W, 32
2026/10/07 20:40:42.243, 4, 2032 MHz, 3996 MHz, 234.72 W, 37
2026/10/07 20:40:42.243, 5, 2032 MHz, 3996 MHz, 236.70 W, 36
2026/10/07 20:40:42.243, 6, 2032 MHz, 3996 MHz, 237.05 W, 31
2026/10/07 20:40:42.243, 7, 2032 MHz, 3996 MHz, 236.74 W, 30
2026/10/07 20:40:43.243, 0, 2032 MHz, 3996 MHz, 236.52 W, 35
2026/10/07 20:40:43.244, 1, 2032 MHz, 3996 MHz, 248.71 W, 38
2026/10/07 20:40:43.244, 2, 2032 MHz, 3996 MHz, 234.90 W, 31
2026/10/07 20:40:43.244, 3, 2032 MHz, 3996 MHz, 236.66 W, 32
2026/10/07 20:40:43.244, 4, 2032 MHz, 3996 MHz, 234.72 W, 37
2026/10/07 20:40:43.244, 5, 2032 MHz, 3996 MHz, 236.71 W, 36
2026/10/07 20:40:43.244, 6, 2032 MHz, 3996 MHz, 237.05 W, 31
2026/10/07 20:40:43.244, 7, 2032 MHz, 3996 MHz, 236.74 W, 30
2026/10/07 20:40:44.244, 0, 2032 MHz, 3996 MHz, 236.62 W, 35
2026/10/07 20:40:44.244, 1, 2032 MHz, 3996 MHz, 248.67 W, 38
2026/10/07 20:40:44.244, 2, 2032 MHz, 3996 MHz, 234.97 W, 31
2026/10/07 20:40:44.244, 3, 2032 MHz, 3996 MHz, 236.66 W, 32
2026/10/07 20:40:44.244, 4, 2032 MHz, 3996 MHz, 234.76 W, 37
2026/10/07 20:40:44.244, 5, 2032 MHz, 3996 MHz, 236.90 W, 36
2026/10/07 20:40:44.244, 6, 2032 MHz, 3996 MHz, 299.85 W, 31
2026/10/07 20:40:44.244, 7, 2032 MHz, 3996 MHz, 236.74 W, 30
2026/10/07 20:40:45.244, 0, 2032 MHz, 3996 MHz, 236.94 W, 35
2026/10/07 20:40:45.244, 1, 2032 MHz, 3996 MHz, 753.01 W, 43
2026/10/07 20:40:45.244, 2, 2032 MHz, 3996 MHz, 235.49 W, 31
2026/10/07 20:40:45.244, 3, 1927 MHz, 3996 MHz, 522.29 W, 41
2026/10/07 20:40:45.245, 4, 1680 MHz, 3996 MHz, 334.87 W, 47
2026/10/07 20:40:45.245, 5, 2032 MHz, 3996 MHz, 708.02 W, 48
2026/10/07 20:40:45.245, 6, 2032 MHz, 3996 MHz, 696.83 W, 35
2026/10/07 20:40:45.245, 7, 2032 MHz, 3996 MHz, 236.38 W, 30
2026/10/07 20:40:46.245, 0, 2032 MHz, 3996 MHz, 236.68 W, 35
2026/10/07 20:40:46.245, 1, 1447 MHz, 3996 MHz, 334.32 W, 39
2026/10/07 20:40:46.245, 2, 2032 MHz, 3996 MHz, 753.13 W, 36
2026/10/07 20:40:46.245, 3, 2032 MHz, 3996 MHz, 459.38 W, 34
2026/10/07 20:40:46.245, 4, 2032 MHz, 3996 MHz, 656.48 W, 40
2026/10/07 20:40:46.245, 5, 2032 MHz, 3996 MHz, 259.90 W, 37
2026/10/07 20:40:46.245, 6, 1357 MHz, 3996 MHz, 430.60 W, 43
2026/10/07 20:40:46.245, 7, 1612 MHz, 3996 MHz, 307.07 W, 38
2026/10/07 20:40:47.245, 0, 2032 MHz, 3996 MHz, 755.48 W, 43
2026/10/07 20:40:47.245, 1, 1320 MHz, 3996 MHz, 1092.84 W, 55
2026/10/07 20:40:47.245, 2, 1417 MHz, 3996 MHz, 333.57 W, 43
2026/10/07 20:40:47.245, 3, 1372 MHz, 3996 MHz, 682.32 W, 48
2026/10/07 20:40:47.245, 4, 1365 MHz, 3996 MHz, 482.16 W, 52
2026/10/07 20:40:47.245, 5, 1350 MHz, 3996 MHz, 952.05 W, 54
2026/10/07 20:40:47.245, 6, 1447 MHz, 3996 MHz, 1084.20 W, 51
2026/10/07 20:40:47.245, 7, 2032 MHz, 3996 MHz, 676.72 W, 33
2026/10/07 20:40:48.245, 0, 2032 MHz, 3996 MHz, 239.07 W, 36
2026/10/07 20:40:48.246, 1, 1327 MHz, 3996 MHz, 1085.38 W, 56
2026/10/07 20:40:48.246, 2, 1327 MHz, 3996 MHz, 1097.90 W, 51
2026/10/07 20:40:48.246, 3, 1357 MHz, 3996 MHz, 1087.36 W, 51
2026/10/07 20:40:48.246, 4, 1365 MHz, 3996 MHz, 1081.79 W, 56
2026/10/07 20:40:48.246, 5, 1357 MHz, 3996 MHz, 1091.12 W, 56
2026/10/07 20:40:48.246, 6, 1327 MHz, 3996 MHz, 1090.53 W, 52
2026/10/07 20:40:48.246, 7, 1372 MHz, 3996 MHz, 440.26 W, 44
2026/10/07 20:40:49.246, 0, 1320 MHz, 3996 MHz, 1058.73 W, 53
2026/10/07 20:40:49.246, 1, 1327 MHz, 3996 MHz, 1084.84 W, 57
2026/10/07 20:40:49.246, 2, 1335 MHz, 3996 MHz, 1090.05 W, 52
2026/10/07 20:40:49.246, 3, 1342 MHz, 3996 MHz, 1084.26 W, 52
2026/10/07 20:40:49.246, 4, 1350 MHz, 3996 MHz, 1087.40 W, 57
2026/10/07 20:40:49.246, 5, 1387 MHz, 3996 MHz, 1090.08 W, 56
2026/10/07 20:40:49.246, 6, 1327 MHz, 3996 MHz, 1087.12 W, 52
2026/10/07 20:40:49.246, 7, 1327 MHz, 3996 MHz, 1081.46 W, 47
2026/10/07 20:40:50.246, 0, 1350 MHz, 3996 MHz, 1082.70 W, 54
2026/10/07 20:40:50.246, 1, 1320 MHz, 3996 MHz, 1087.39 W, 57
2026/10/07 20:40:50.246, 2, 1350 MHz, 3996 MHz, 1091.52 W, 52
2026/10/07 20:40:50.246, 3, 1342 MHz, 3996 MHz, 1085.77 W, 53
2026/10/07 20:40:50.246, 4, 1372 MHz, 3996 MHz, 1084.81 W, 58
2026/10/07 20:40:50.246, 5, 1372 MHz, 3996 MHz, 1090.59 W, 57
2026/10/07 20:40:50.246, 6, 1327 MHz, 3996 MHz, 1087.11 W, 53
2026/10/07 20:40:50.246, 7, 1342 MHz, 3996 MHz, 1083.65 W, 50
2026/10/07 20:40:51.247, 0, 1342 MHz, 3996 MHz, 1084.49 W, 55
2026/10/07 20:40:51.247, 1, 1297 MHz, 3996 MHz, 1085.54 W, 58
2026/10/07 20:40:51.247, 2, 1342 MHz, 3996 MHz, 1088.78 W, 53
2026/10/07 20:40:51.247, 3, 1350 MHz, 3996 MHz, 1085.59 W, 53
2026/10/07 20:40:51.247, 4, 1365 MHz, 3996 MHz, 1083.95 W, 58
2026/10/07 20:40:51.247, 5, 1372 MHz, 3996 MHz, 1090.24 W, 57
2026/10/07 20:40:51.247, 6, 1357 MHz, 3996 MHz, 1086.79 W, 53
2026/10/07 20:40:51.247, 7, 1342 MHz, 3996 MHz, 1084.31 W, 50
2026/10/07 20:40:52.247, 0, 1342 MHz, 3996 MHz, 1088.69 W, 55
2026/10/07 20:40:52.247, 1, 1297 MHz, 3996 MHz, 1085.55 W, 58
2026/10/07 20:40:52.247, 2, 1320 MHz, 3996 MHz, 1085.84 W, 53
2026/10/07 20:40:52.247, 3, 1350 MHz, 3996 MHz, 1083.18 W, 53
2026/10/07 20:40:52.247, 4, 1365 MHz, 3996 MHz, 1083.58 W, 59
2026/10/07 20:40:52.247, 5, 1372 MHz, 3996 MHz, 1090.00 W, 58
2026/10/07 20:40:52.247, 6, 1335 MHz, 3996 MHz, 1088.44 W, 54
2026/10/07 20:40:52.247, 7, 1350 MHz, 3996 MHz, 1082.40 W, 51
2026/10/07 20:40:53.247, 0, 1350 MHz, 3996 MHz, 1087.87 W, 56
2026/10/07 20:40:53.247, 1, 1327 MHz, 3996 MHz, 1085.60 W, 59
2026/10/07 20:40:53.247, 2, 1342 MHz, 3996 MHz, 1088.95 W, 54
2026/10/07 20:40:53.247, 3, 1357 MHz, 3996 MHz, 1087.20 W, 54
2026/10/07 20:40:53.247, 4, 1365 MHz, 3996 MHz, 1082.61 W, 59
2026/10/07 20:40:53.247, 5, 1387 MHz, 3996 MHz, 1093.76 W, 58
2026/10/07 20:40:53.247, 6, 1357 MHz, 3996 MHz, 1086.58 W, 54
2026/10/07 20:40:53.247, 7, 1350 MHz, 3996 MHz, 1083.91 W, 51
2026/10/07 20:40:54.247, 0, 1372 MHz, 3996 MHz, 1084.73 W, 56
2026/10/07 20:40:54.248, 1, 1327 MHz, 3996 MHz, 1085.03 W, 59
2026/10/07 20:40:54.248, 2, 1335 MHz, 3996 MHz, 1086.88 W, 54
2026/10/07 20:40:54.248, 3, 1342 MHz, 3996 MHz, 1085.29 W, 54
2026/10/07 20:40:54.248, 4, 1365 MHz, 3996 MHz, 1084.16 W, 60
2026/10/07 20:40:54.248, 5, 1402 MHz, 3996 MHz, 1092.19 W, 59
2026/10/07 20:40:54.248, 6, 1327 MHz, 3996 MHz, 1088.81 W, 54
2026/10/07 20:40:54.248, 7, 1357 MHz, 3996 MHz, 1082.04 W, 52
2026/10/07 20:40:55.248, 0, 1357 MHz, 3996 MHz, 1085.18 W, 57
2026/10/07 20:40:55.248, 1, 1327 MHz, 3996 MHz, 1086.22 W, 59
2026/10/07 20:40:55.248, 2, 1350 MHz, 3996 MHz, 1086.87 W, 54
2026/10/07 20:40:55.248, 3, 1357 MHz, 3996 MHz, 1086.02 W, 54
2026/10/07 20:40:55.248, 4, 1365 MHz, 3996 MHz, 1083.97 W, 60
2026/10/07 20:40:55.248, 5, 1387 MHz, 3996 MHz, 1089.55 W, 59
2026/10/07 20:40:55.248, 6, 1635 MHz, 3996 MHz, 1073.63 W, 49
2026/10/07 20:40:55.248, 7, 1342 MHz, 3996 MHz, 1082.30 W, 52
2026/10/07 20:40:56.248, 0, 1365 MHz, 3996 MHz, 1083.64 W, 57
2026/10/07 20:40:56.248, 1, 2032 MHz, 3996 MHz, 1070.59 W, 55
2026/10/07 20:40:56.248, 2, 1357 MHz, 3996 MHz, 1087.89 W, 55
2026/10/07 20:40:56.248, 3, 2032 MHz, 3996 MHz, 1056.55 W, 49
2026/10/07 20:40:56.248, 4, 2032 MHz, 3996 MHz, 1056.90 W, 55
2026/10/07 20:40:56.248, 5, 2032 MHz, 3996 MHz, 1040.91 W, 54
2026/10/07 20:40:56.248, 6, 2032 MHz, 3996 MHz, 1064.31 W, 50
2026/10/07 20:40:56.248, 7, 1350 MHz, 3996 MHz, 1079.23 W, 52
2026/10/07 20:40:57.248, 0, 1350 MHz, 3996 MHz, 1083.39 W, 58
2026/10/07 20:40:57.249, 1, 2032 MHz, 3996 MHz, 1095.14 W, 56
2026/10/07 20:40:57.249, 2, 2032 MHz, 3996 MHz, 1052.20 W, 50
2026/10/07 20:40:57.249, 3, 2032 MHz, 3996 MHz, 1056.22 W, 50
2026/10/07 20:40:57.249, 4, 2032 MHz, 3996 MHz, 1062.21 W, 55
2026/10/07 20:40:57.249, 5, 2032 MHz, 3996 MHz, 1053.34 W, 54
2026/10/07 20:40:57.249, 6, 2032 MHz, 3996 MHz, 1073.00 W, 50
2026/10/07 20:40:57.249, 7, 1732 MHz, 3996 MHz, 1066.44 W, 48
2026/10/07 20:40:58.249, 0, 2032 MHz, 3996 MHz, 1059.94 W, 53
2026/10/07 20:40:58.249, 1, 2032 MHz, 3996 MHz, 1094.22 W, 56
2026/10/07 20:40:58.249, 2, 2032 MHz, 3996 MHz, 1071.05 W, 50
2026/10/07 20:40:58.249, 3, 2032 MHz, 3996 MHz, 1055.71 W, 50
2026/10/07 20:40:58.249, 4, 2032 MHz, 3996 MHz, 1061.25 W, 56
2026/10/07 20:40:58.249, 5, 2032 MHz, 3996 MHz, 1052.79 W, 55
2026/10/07 20:40:58.249, 6, 2032 MHz, 3996 MHz, 1072.34 W, 51
2026/10/07 20:40:58.249, 7, 2032 MHz, 3996 MHz, 1045.90 W, 48
2026/10/07 20:40:59.249, 0, 2032 MHz, 3996 MHz, 1077.44 W, 54
2026/10/07 20:40:59.249, 1, 2032 MHz, 3996 MHz, 1094.22 W, 56
2026/10/07 20:40:59.249, 2, 2032 MHz, 3996 MHz, 1070.95 W, 50
2026/10/07 20:40:59.249, 3, 2032 MHz, 3996 MHz, 1058.26 W, 51
2026/10/07 20:40:59.249, 4, 2032 MHz, 3996 MHz, 1061.03 W, 56
2026/10/07 20:40:59.249, 5, 2032 MHz, 3996 MHz, 1052.66 W, 55
2026/10/07 20:40:59.249, 6, 2032 MHz, 3996 MHz, 1072.35 W, 51
2026/10/07 20:40:59.249, 7, 2032 MHz, 3996 MHz, 1055.92 W, 48
2026/10/07 20:41:00.249, 0, 2032 MHz, 3996 MHz, 1077.65 W, 54
2026/10/07 20:41:00.249, 1, 2032 MHz, 3996 MHz, 1093.89 W, 57
2026/10/07 20:41:00.249, 2, 2032 MHz, 3996 MHz, 1072.29 W, 51
2026/10/07 20:41:00.249, 3, 2032 MHz, 3996 MHz, 1057.81 W, 51
2026/10/07 20:41:00.249, 4, 2032 MHz, 3996 MHz, 1061.79 W, 57
2026/10/07 20:41:00.249, 5, 2032 MHz, 3996 MHz, 1052.58 W, 56
2026/10/07 20:41:00.249, 6, 2032 MHz, 3996 MHz, 1072.10 W, 51
2026/10/07 20:41:00.249, 7, 2032 MHz, 3996 MHz, 1056.29 W, 49
2026/10/07 20:41:01.250, 0, 2032 MHz, 3996 MHz, 1077.87 W, 55
2026/10/07 20:41:01.250, 1, 2017 MHz, 3996 MHz, 1094.51 W, 57
2026/10/07 20:41:01.250, 2, 2032 MHz, 3996 MHz, 1070.51 W, 51
2026/10/07 20:41:01.250, 3, 2032 MHz, 3996 MHz, 1058.16 W, 51
2026/10/07 20:41:01.250, 4, 2032 MHz, 3996 MHz, 1061.49 W, 57
2026/10/07 20:41:01.250, 5, 2032 MHz, 3996 MHz, 1054.23 W, 56
2026/10/07 20:41:01.250, 6, 2032 MHz, 3996 MHz, 1074.67 W, 52
2026/10/07 20:41:01.250, 7, 2032 MHz, 3996 MHz, 1056.53 W, 49
2026/10/07 20:41:02.250, 0, 2032 MHz, 3996 MHz, 1077.38 W, 55
2026/10/07 20:41:02.250, 1, 2025 MHz, 3996 MHz, 1094.17 W, 58
2026/10/07 20:41:02.250, 2, 2032 MHz, 3996 MHz, 1072.54 W, 51
2026/10/07 20:41:02.250, 3, 2032 MHz, 3996 MHz, 1060.89 W, 52
2026/10/07 20:41:02.250, 4, 2032 MHz, 3996 MHz, 1064.08 W, 57
2026/10/07 20:41:02.250, 5, 2032 MHz, 3996 MHz, 1058.04 W, 57
2026/10/07 20:41:02.250, 6, 2032 MHz, 3996 MHz, 1077.27 W, 52
2026/10/07 20:41:02.250, 7, 2032 MHz, 3996 MHz, 1055.44 W, 49
2026/10/07 20:41:03.250, 0, 2032 MHz, 3996 MHz, 1079.18 W, 55
2026/10/07 20:41:03.250, 1, 2017 MHz, 3996 MHz, 1093.88 W, 58
2026/10/07 20:41:03.250, 2, 2032 MHz, 3996 MHz, 1074.80 W, 52
2026/10/07 20:41:03.250, 3, 2032 MHz, 3996 MHz, 1061.03 W, 52
2026/10/07 20:41:03.250, 4, 2032 MHz, 3996 MHz, 1066.72 W, 58
2026/10/07 20:41:03.250, 5, 2032 MHz, 3996 MHz, 1058.30 W, 57
2026/10/07 20:41:03.250, 6, 2032 MHz, 3996 MHz, 1077.53 W, 52
2026/10/07 20:41:03.250, 7, 2032 MHz, 3996 MHz, 1057.81 W, 50
2026/10/07 20:41:04.251, 0, 2032 MHz, 3996 MHz, 1084.25 W, 56
2026/10/07 20:41:04.251, 1, 2017 MHz, 3996 MHz, 1093.67 W, 58
2026/10/07 20:41:04.251, 2, 2032 MHz, 3996 MHz, 1076.87 W, 52
2026/10/07 20:41:04.251, 3, 2032 MHz, 3996 MHz, 1061.06 W, 52
2026/10/07 20:41:04.251, 4, 2032 MHz, 3996 MHz, 1067.21 W, 58
2026/10/07 20:41:04.251, 5, 2032 MHz, 3996 MHz, 1059.27 W, 57
2026/10/07 20:41:04.251, 6, 2032 MHz, 3996 MHz, 1077.80 W, 53
2026/10/07 20:41:04.251, 7, 2032 MHz, 3996 MHz, 1059.68 W, 50
2026/10/07 20:41:05.251, 0, 2032 MHz, 3996 MHz, 1084.62 W, 56
2026/10/07 20:41:05.251, 1, 2025 MHz, 3996 MHz, 1093.72 W, 59
2026/10/07 20:41:05.251, 2, 2032 MHz, 3996 MHz, 1075.11 W, 52
2026/10/07 20:41:05.251, 3, 2032 MHz, 3996 MHz, 1061.41 W, 53
2026/10/07 20:41:05.251, 4, 2032 MHz, 3996 MHz, 1069.01 W, 59
2026/10/07 20:41:05.251, 5, 2032 MHz, 3996 MHz, 1059.10 W, 58
2026/10/07 20:41:05.251, 6, 2032 MHz, 3996 MHz, 1077.41 W, 53
2026/10/07 20:41:05.251, 7, 2032 MHz, 3996 MHz, 1060.64 W, 50
2026/10/07 20:41:06.251, 0, 2032 MHz, 3996 MHz, 1084.75 W, 57
2026/10/07 20:41:06.251, 1, 2010 MHz, 3996 MHz, 1094.09 W, 59
2026/10/07 20:41:06.251, 2, 2032 MHz, 3996 MHz, 1075.17 W, 53
2026/10/07 20:41:06.251, 3, 2032 MHz, 3996 MHz, 1061.74 W, 53
2026/10/07 20:41:06.252, 4, 2032 MHz, 3996 MHz, 1068.40 W, 59
2026/10/07 20:41:06.252, 5, 2032 MHz, 3996 MHz, 1059.76 W, 58
2026/10/07 20:41:06.252, 6, 2032 MHz, 3996 MHz, 1078.24 W, 53
2026/10/07 20:41:06.252, 7, 2032 MHz, 3996 MHz, 1060.11 W, 51
2026/10/07 20:41:07.252, 0, 2032 MHz, 3996 MHz, 1083.92 W, 57
2026/10/07 20:41:07.252, 1, 2017 MHz, 3996 MHz, 1093.87 W, 60
2026/10/07 20:41:07.252, 2, 2032 MHz, 3996 MHz, 1075.05 W, 53
2026/10/07 20:41:07.252, 3, 2032 MHz, 3996 MHz, 1062.90 W, 53
2026/10/07 20:41:07.252, 4, 2032 MHz, 3996 MHz, 1067.92 W, 59
2026/10/07 20:41:07.252, 5, 2032 MHz, 3996 MHz, 1060.14 W, 59
2026/10/07 20:41:07.252, 6, 2032 MHz, 3996 MHz, 1078.42 W, 54
2026/10/07 20:41:07.252, 7, 2032 MHz, 3996 MHz, 1060.30 W, 51
2026/10/07 20:41:08.252, 0, 2032 MHz, 3996 MHz, 1083.89 W, 58
2026/10/07 20:41:08.252, 1, 2010 MHz, 3996 MHz, 1094.30 W, 60
2026/10/07 20:41:08.252, 2, 2032 MHz, 3996 MHz, 1075.46 W, 53
2026/10/07 20:41:08.252, 3, 2032 MHz, 3996 MHz, 1065.29 W, 54
2026/10/07 20:41:08.252, 4, 2032 MHz, 3996 MHz, 1068.09 W, 60
2026/10/07 20:41:08.252, 5, 2032 MHz, 3996 MHz, 1063.92 W, 59
2026/10/07 20:41:08.252, 6, 2032 MHz, 3996 MHz, 1081.97 W, 54
2026/10/07 20:41:08.252, 7, 2032 MHz, 3996 MHz, 1061.08 W, 51
2026/10/07 20:41:09.252, 0, 2032 MHz, 3996 MHz, 1084.10 W, 58
2026/10/07 20:41:09.252, 1, 2010 MHz, 3996 MHz, 1094.25 W, 60
2026/10/07 20:41:09.252, 2, 2032 MHz, 3996 MHz, 1078.83 W, 54
2026/10/07 20:41:09.253, 3, 2032 MHz, 3996 MHz, 1067.99 W, 54
2026/10/07 20:41:09.253, 4, 2032 MHz, 3996 MHz, 1071.86 W, 60
2026/10/07 20:41:09.253, 5, 2032 MHz, 3996 MHz, 1064.90 W, 59
2026/10/07 20:41:09.253, 6, 2032 MHz, 3996 MHz, 1082.56 W, 54
2026/10/07 20:41:09.253, 7, 2032 MHz, 3996 MHz, 1060.96 W, 51
2026/10/07 20:41:10.253, 0, 2032 MHz, 3996 MHz, 1088.19 W, 58
2026/10/07 20:41:10.253, 1, 2010 MHz, 3996 MHz, 1093.32 W, 61
2026/10/07 20:41:10.253, 2, 2032 MHz, 3996 MHz, 1079.55 W, 54
2026/10/07 20:41:10.253, 3, 2032 MHz, 3996 MHz, 1068.38 W, 54
2026/10/07 20:41:10.253, 4, 2032 MHz, 3996 MHz, 1072.79 W, 61
2026/10/07 20:41:10.253, 5, 2032 MHz, 3996 MHz, 1065.21 W, 60
2026/10/07 20:41:10.253, 6, 2032 MHz, 3996 MHz, 1082.47 W, 54
2026/10/07 20:41:10.253, 7, 2032 MHz, 3996 MHz, 1063.40 W, 52
2026/10/07 20:41:11.253, 0, 2032 MHz, 3996 MHz, 1089.75 W, 59
2026/10/07 20:41:11.253, 1, 2010 MHz, 3996 MHz, 1093.27 W, 61
2026/10/07 20:41:11.253, 2, 2032 MHz, 3996 MHz, 1079.62 W, 54
2026/10/07 20:41:11.253, 3, 2032 MHz, 3996 MHz, 1068.35 W, 54
2026/10/07 20:41:11.253, 4, 2032 MHz, 3996 MHz, 1073.34 W, 61
2026/10/07 20:41:11.253, 5, 2032 MHz, 3996 MHz, 1065.35 W, 60
2026/10/07 20:41:11.253, 6, 2032 MHz, 3996 MHz, 1083.21 W, 55
2026/10/07 20:41:11.253, 7, 2032 MHz, 3996 MHz, 1064.65 W, 52
2026/10/07 20:41:12.253, 0, 2032 MHz, 3996 MHz, 1089.94 W, 59
2026/10/07 20:41:12.254, 1, 2002 MHz, 3996 MHz, 1092.52 W, 61
2026/10/07 20:41:12.254, 2, 2032 MHz, 3996 MHz, 1079.65 W, 54
2026/10/07 20:41:12.254, 3, 2032 MHz, 3996 MHz, 1068.34 W, 55
2026/10/07 20:41:12.254, 4, 2032 MHz, 3996 MHz, 1073.41 W, 61
2026/10/07 20:41:12.254, 5, 2032 MHz, 3996 MHz, 1066.27 W, 61
2026/10/07 20:41:12.254, 6, 2032 MHz, 3996 MHz, 1083.38 W, 55
2026/10/07 20:41:12.254, 7, 2032 MHz, 3996 MHz, 1065.44 W, 52
2026/10/07 20:41:13.254, 0, 2032 MHz, 3996 MHz, 1090.26 W, 60
2026/10/07 20:41:13.254, 1, 2002 MHz, 3996 MHz, 1093.57 W, 62
2026/10/07 20:41:13.254, 2, 2032 MHz, 3996 MHz, 1079.82 W, 55
2026/10/07 20:41:13.254, 3, 2032 MHz, 3996 MHz, 1068.20 W, 55
2026/10/07 20:41:13.254, 4, 2032 MHz, 3996 MHz, 1073.21 W, 62
2026/10/07 20:41:13.254, 5, 2032 MHz, 3996 MHz, 1066.13 W, 61
2026/10/07 20:41:13.254, 6, 2032 MHz, 3996 MHz, 1082.02 W, 55
2026/10/07 20:41:13.254, 7, 2032 MHz, 3996 MHz, 1064.90 W, 52
2026/10/07 20:41:14.254, 0, 2032 MHz, 3996 MHz, 1089.60 W, 60
2026/10/07 20:41:14.254, 1, 2002 MHz, 3996 MHz, 1092.26 W, 62
2026/10/07 20:41:14.254, 2, 2032 MHz, 3996 MHz, 1079.07 W, 55
2026/10/07 20:41:14.254, 3, 2032 MHz, 3996 MHz, 1066.70 W, 55
2026/10/07 20:41:14.254, 4, 2032 MHz, 3996 MHz, 1072.65 W, 62
2026/10/07 20:41:14.254, 5, 2032 MHz, 3996 MHz, 1067.59 W, 61
2026/10/07 20:41:14.254, 6, 2032 MHz, 3996 MHz, 1084.86 W, 56
2026/10/07 20:41:14.254, 7, 2032 MHz, 3996 MHz, 1066.69 W, 53
2026/10/07 20:41:15.254, 0, 2032 MHz, 3996 MHz, 1093.06 W, 60
2026/10/07 20:41:15.255, 1, 2002 MHz, 3996 MHz, 1093.57 W, 62
2026/10/07 20:41:15.255, 2, 2032 MHz, 3996 MHz, 1080.67 W, 55
2026/10/07 20:41:15.255, 3, 2032 MHz, 3996 MHz, 1069.58 W, 55
2026/10/07 20:41:15.255, 4, 2032 MHz, 3996 MHz, 1076.41 W, 63
2026/10/07 20:41:15.255, 5, 2032 MHz, 3996 MHz, 1071.00 W, 62
2026/10/07 20:41:15.255, 6, 2032 MHz, 3996 MHz, 1086.97 W, 56
2026/10/07 20:41:15.255, 7, 2032 MHz, 3996 MHz, 1064.61 W, 53
2026/10/07 20:41:16.255, 0, 2017 MHz, 3996 MHz, 1093.43 W, 61
2026/10/07 20:41:16.255, 1, 2002 MHz, 3996 MHz, 1090.07 W, 63
2026/10/07 20:41:16.255, 2, 2032 MHz, 3996 MHz, 1082.74 W, 55
2026/10/07 20:41:16.255, 3, 2032 MHz, 3996 MHz, 1068.95 W, 56
2026/10/07 20:41:16.255, 4, 2032 MHz, 3996 MHz, 1077.84 W, 63
2026/10/07 20:41:16.255, 5, 2032 MHz, 3996 MHz, 1071.79 W, 62
2026/10/07 20:41:16.255, 6, 2032 MHz, 3996 MHz, 1087.24 W, 56
2026/10/07 20:41:16.255, 7, 2032 MHz, 3996 MHz, 1066.67 W, 53
2026/10/07 20:41:17.255, 0, 2032 MHz, 3996 MHz, 1093.73 W, 61
2026/10/07 20:41:17.255, 1, 2002 MHz, 3996 MHz, 1090.53 W, 63
2026/10/07 20:41:17.255, 2, 2032 MHz, 3996 MHz, 1083.66 W, 56
2026/10/07 20:41:17.255, 3, 2032 MHz, 3996 MHz, 1070.52 W, 56
2026/10/07 20:41:17.255, 4, 2032 MHz, 3996 MHz, 1076.84 W, 63
2026/10/07 20:41:17.255, 5, 2032 MHz, 3996 MHz, 1071.89 W, 62
2026/10/07 20:41:17.255, 6, 2032 MHz, 3996 MHz, 1087.05 W, 56
2026/10/07 20:41:17.255, 7, 2032 MHz, 3996 MHz, 1068.35 W, 53
2026/10/07 20:41:18.256, 0, 2010 MHz, 3996 MHz, 1094.86 W, 61
2026/10/07 20:41:18.256, 1, 2002 MHz, 3996 MHz, 1091.21 W, 63
2026/10/07 20:41:18.256, 2, 2032 MHz, 3996 MHz, 1083.74 W, 56
2026/10/07 20:41:18.256, 3, 2032 MHz, 3996 MHz, 1070.23 W, 56
2026/10/07 20:41:18.256, 4, 2032 MHz, 3996 MHz, 1078.42 W, 64
2026/10/07 20:41:18.256, 5, 2032 MHz, 3996 MHz, 1072.06 W, 63
2026/10/07 20:41:18.256, 6, 2032 MHz, 3996 MHz, 1086.53 W, 56
2026/10/07 20:41:18.256, 7, 2032 MHz, 3996 MHz, 1068.79 W, 54
2026/10/07 20:41:19.256, 0, 2032 MHz, 3996 MHz, 1094.23 W, 62
2026/10/07 20:41:19.256, 1, 2002 MHz, 3996 MHz, 1091.58 W, 64
2026/10/07 20:41:19.256, 2, 2032 MHz, 3996 MHz, 1083.40 W, 56
2026/10/07 20:41:19.256, 3, 2032 MHz, 3996 MHz, 1070.47 W, 56
2026/10/07 20:41:19.256, 4, 2032 MHz, 3996 MHz, 1078.78 W, 64
2026/10/07 20:41:19.256, 5, 2032 MHz, 3996 MHz, 1072.60 W, 63
2026/10/07 20:41:19.256, 6, 2032 MHz, 3996 MHz, 1086.93 W, 57
2026/10/07 20:41:19.256, 7, 2032 MHz, 3996 MHz, 1069.30 W, 54
2026/10/07 20:41:20.256, 0, 2025 MHz, 3996 MHz, 1094.67 W, 62
2026/10/07 20:41:20.256, 1, 1312 MHz, 3996 MHz, 1096.09 W, 68
2026/10/07 20:41:20.256, 2, 2032 MHz, 3996 MHz, 1083.81 W, 56
2026/10/07 20:41:20.256, 3, 2032 MHz, 3996 MHz, 1075.14 W, 56
2026/10/07 20:41:20.256, 4, 2032 MHz, 3996 MHz, 1079.57 W, 64
2026/10/07 20:41:20.256, 5, 1395 MHz, 3996 MHz, 1089.73 W, 68
2026/10/07 20:41:20.256, 6, 1365 MHz, 3996 MHz, 1097.86 W, 61
2026/10/07 20:41:20.256, 7, 2032 MHz, 3996 MHz, 1069.73 W, 54
2026/10/07 20:41:21.257, 0, 2017 MHz, 3996 MHz, 1094.70 W, 62
2026/10/07 20:41:21.257, 1, 1320 MHz, 3996 MHz, 1085.61 W, 69
2026/10/07 20:41:21.257, 2, 1387 MHz, 3996 MHz, 1094.44 W, 61
2026/10/07 20:41:21.257, 3, 1380 MHz, 3996 MHz, 1102.66 W, 62
2026/10/07 20:41:21.257, 4, 1372 MHz, 3996 MHz, 1094.75 W, 69
2026/10/07 20:41:21.257, 5, 1402 MHz, 3996 MHz, 1091.99 W, 68
2026/10/07 20:41:21.257, 6, 1342 MHz, 3996 MHz, 1090.22 W, 62
2026/10/07 20:41:21.257, 7, 2032 MHz, 3996 MHz, 1069.87 W, 54
2026/10/07 20:41:22.257, 0, 1335 MHz, 3996 MHz, 1098.69 W, 67
2026/10/07 20:41:22.257, 1, 1327 MHz, 3996 MHz, 1088.29 W, 69
2026/10/07 20:41:22.257, 2, 1365 MHz, 3996 MHz, 1090.50 W, 61
2026/10/07 20:41:22.257, 3, 1357 MHz, 3996 MHz, 1087.68 W, 62
2026/10/07 20:41:22.257, 4, 1372 MHz, 3996 MHz, 1084.96 W, 69
2026/10/07 20:41:22.257, 5, 1395 MHz, 3996 MHz, 1092.13 W, 69
2026/10/07 20:41:22.257, 6, 1342 MHz, 3996 MHz, 1089.82 W, 62
2026/10/07 20:41:22.257, 7, 1357 MHz, 3996 MHz, 1089.60 W, 59
2026/10/07 20:41:23.257, 0, 1365 MHz, 3996 MHz, 1091.19 W, 67
2026/10/07 20:41:23.257, 1, 1320 MHz, 3996 MHz, 1090.77 W, 69
2026/10/07 20:41:23.257, 2, 1350 MHz, 3996 MHz, 1089.92 W, 62
2026/10/07 20:41:23.257, 3, 1357 MHz, 3996 MHz, 1091.41 W, 62
2026/10/07 20:41:23.257, 4, 1380 MHz, 3996 MHz, 1085.20 W, 70
2026/10/07 20:41:23.258, 5, 1380 MHz, 3996 MHz, 1090.16 W, 69
2026/10/07 20:41:23.258, 6, 1350 MHz, 3996 MHz, 1092.58 W, 62
2026/10/07 20:41:23.258, 7, 1365 MHz, 3996 MHz, 1086.45 W, 59
2026/10/07 20:41:24.258, 0, 1350 MHz, 3996 MHz, 1089.54 W, 68
2026/10/07 20:41:24.258, 1, 1320 MHz, 3996 MHz, 1088.55 W, 69
2026/10/07 20:41:24.258, 2, 1365 MHz, 3996 MHz, 1090.18 W, 61
2026/10/07 20:41:24.258, 3, 1357 MHz, 3996 MHz, 1088.10 W, 62
2026/10/07 20:41:24.258, 4, 1357 MHz, 3996 MHz, 1086.32 W, 70
2026/10/07 20:41:24.258, 5, 1387 MHz, 3996 MHz, 1091.21 W, 69
2026/10/07 20:41:24.258, 6, 1335 MHz, 3996 MHz, 1091.62 W, 62
2026/10/07 20:41:24.258, 7, 1350 MHz, 3996 MHz, 1087.73 W, 59
2026/10/07 20:41:25.258, 0, 1357 MHz, 3996 MHz, 1088.56 W, 68
2026/10/07 20:41:25.258, 1, 1320 MHz, 3996 MHz, 1090.57 W, 69
2026/10/07 20:41:25.258, 2, 1350 MHz, 3996 MHz, 1090.61 W, 61
2026/10/07 20:41:25.258, 3, 1342 MHz, 3996 MHz, 1089.88 W, 62
2026/10/07 20:41:25.258, 4, 1365 MHz, 3996 MHz, 1086.71 W, 70
2026/10/07 20:41:25.258, 5, 1372 MHz, 3996 MHz, 1092.17 W, 69
2026/10/07 20:41:25.258, 6, 1335 MHz, 3996 MHz, 1090.60 W, 62
2026/10/07 20:41:25.258, 7, 1365 MHz, 3996 MHz, 1083.93 W, 60
2026/10/07 20:41:26.258, 0, 1327 MHz, 3996 MHz, 1091.84 W, 68
2026/10/07 20:41:26.259, 1, 1320 MHz, 3996 MHz, 1090.33 W, 70
2026/10/07 20:41:26.259, 2, 1350 MHz, 3996 MHz, 1090.72 W, 62
2026/10/07 20:41:26.259, 3, 1342 MHz, 3996 MHz, 1086.38 W, 61
2026/10/07 20:41:26.259, 4, 1357 MHz, 3996 MHz, 1088.90 W, 70
2026/10/07 20:41:26.259, 5, 1380 MHz, 3996 MHz, 1090.44 W, 69
2026/10/07 20:41:26.259, 6, 1335 MHz, 3996 MHz, 1092.19 W, 62
2026/10/07 20:41:26.259, 7, 1357 MHz, 3996 MHz, 1085.08 W, 60
2026/10/07 20:41:27.259, 0, 1342 MHz, 3996 MHz, 1087.53 W, 68
2026/10/07 20:41:27.259, 1, 1312 MHz, 3996 MHz, 1089.73 W, 69
2026/10/07 20:41:27.259, 2, 1357 MHz, 3996 MHz, 1089.78 W, 62
2026/10/07 20:41:27.259, 3, 1342 MHz, 3996 MHz, 1087.99 W, 62
2026/10/07 20:41:27.259, 4, 1357 MHz, 3996 MHz, 1086.76 W, 70
2026/10/07 20:41:27.259, 5, 1387 MHz, 3996 MHz, 1092.75 W, 70
2026/10/07 20:41:27.259, 6, 1335 MHz, 3996 MHz, 1092.86 W, 62
2026/10/07 20:41:27.259, 7, 1342 MHz, 3996 MHz, 1088.93 W, 59
2026/10/07 20:41:28.259, 0, 1320 MHz, 3996 MHz, 1087.57 W, 68
2026/10/07 20:41:28.259, 1, 1327 MHz, 3996 MHz, 1090.17 W, 70
2026/10/07 20:41:28.259, 2, 1365 MHz, 3996 MHz, 1089.08 W, 62
2026/10/07 20:41:28.259, 3, 1350 MHz, 3996 MHz, 1088.87 W, 62
2026/10/07 20:41:28.259, 4, 1365 MHz, 3996 MHz, 1087.62 W, 70
2026/10/07 20:41:28.259, 5, 1395 MHz, 3996 MHz, 1091.74 W, 70
2026/10/07 20:41:28.259, 6, 1342 MHz, 3996 MHz, 1091.23 W, 62
2026/10/07 20:41:28.259, 7, 1357 MHz, 3996 MHz, 1084.89 W, 60
2026/10/07 20:41:29.260, 0, 1350 MHz, 3996 MHz, 1088.34 W, 68
2026/10/07 20:41:29.260, 1, 1312 MHz, 3996 MHz, 1091.05 W, 69
2026/10/07 20:41:29.260, 2, 1335 MHz, 3996 MHz, 1090.71 W, 62
2026/10/07 20:41:29.260, 3, 1357 MHz, 3996 MHz, 1087.96 W, 62
2026/10/07 20:41:29.260, 4, 1342 MHz, 3996 MHz, 1085.68 W, 71
2026/10/07 20:41:29.260, 5, 1380 MHz, 3996 MHz, 1088.95 W, 70
2026/10/07 20:41:29.260, 6, 1350 MHz, 3996 MHz, 1092.94 W, 62
2026/10/07 20:41:29.260, 7, 1365 MHz, 3996 MHz, 1087.64 W, 60
2026/10/07 20:41:30.260, 0, 1342 MHz, 3996 MHz, 1086.80 W, 68
2026/10/07 20:41:30.260, 1, 2017 MHz, 3996 MHz, 1076.14 W, 66
2026/10/07 20:41:30.260, 2, 1335 MHz, 3996 MHz, 1089.95 W, 62
2026/10/07 20:41:30.260, 3, 2032 MHz, 3996 MHz, 1067.36 W, 57
2026/10/07 20:41:30.260, 4, 1462 MHz, 3996 MHz, 1077.47 W, 70
2026/10/07 20:41:30.260, 5, 2032 MHz, 3996 MHz, 1058.79 W, 65
2026/10/07 20:41:30.260, 6, 2032 MHz, 3996 MHz, 1070.60 W, 57
2026/10/07 20:41:30.260, 7, 1357 MHz, 3996 MHz, 1084.75 W, 60
2026/10/07 20:41:31.260, 0, 1335 MHz, 3996 MHz, 1088.81 W, 69
2026/10/07 20:41:31.260, 1, 1987 MHz, 3996 MHz, 1088.23 W, 66
2026/10/07 20:41:31.260, 2, 2032 MHz, 3996 MHz, 1064.83 W, 57
2026/10/07 20:41:31.260, 3, 2032 MHz, 3996 MHz, 1073.87 W, 57
2026/10/07 20:41:31.260, 4, 2032 MHz, 3996 MHz, 1069.50 W, 66
2026/10/07 20:41:31.260, 5, 2032 MHz, 3996 MHz, 1079.53 W, 65
2026/10/07 20:41:31.260, 6, 2032 MHz, 3996 MHz, 1092.44 W, 57
2026/10/07 20:41:31.260, 7, 1357 MHz, 3996 MHz, 1083.08 W, 60
2026/10/07 20:41:32.261, 0, 2017 MHz, 3996 MHz, 1071.09 W, 64
2026/10/07 20:41:32.261, 1, 2002 MHz, 3996 MHz, 1088.05 W, 66
2026/10/07 20:41:32.261, 2, 2032 MHz, 3996 MHz, 1086.04 W, 57
2026/10/07 20:41:32.261, 3, 2032 MHz, 3996 MHz, 1073.80 W, 57
2026/10/07 20:41:32.261, 4, 2032 MHz, 3996 MHz, 1085.71 W, 66
2026/10/07 20:41:32.261, 5, 2032 MHz, 3996 MHz, 1079.24 W, 66
2026/10/07 20:41:32.261, 6, 2032 MHz, 3996 MHz, 1090.86 W, 58
2026/10/07 20:41:32.261, 7, 2032 MHz, 3996 MHz, 1053.79 W, 55
2026/10/07 20:41:33.261, 0, 2017 MHz, 3996 MHz, 1092.34 W, 64
2026/10/07 20:41:33.261, 1, 1987 MHz, 3996 MHz, 1087.68 W, 66
2026/10/07 20:41:33.261, 2, 2032 MHz, 3996 MHz, 1085.22 W, 57
2026/10/07 20:41:33.261, 3, 2032 MHz, 3996 MHz, 1072.81 W, 57
2026/10/07 20:41:33.261, 4, 2032 MHz, 3996 MHz, 1085.41 W, 67
2026/10/07 20:41:33.261, 5, 2032 MHz, 3996 MHz, 1079.00 W, 66
2026/10/07 20:41:33.261, 6, 2032 MHz, 3996 MHz, 1089.61 W, 58
2026/10/07 20:41:33.261, 7, 2032 MHz, 3996 MHz, 1071.82 W, 55
2026/10/07 20:41:34.261, 0, 2025 MHz, 3996 MHz, 1094.17 W, 65
2026/10/07 20:41:34.261, 1, 2002 MHz, 3996 MHz, 1087.17 W, 66
2026/10/07 20:41:34.261, 2, 2032 MHz, 3996 MHz, 1084.61 W, 57
2026/10/07 20:41:34.261, 3, 2032 MHz, 3996 MHz, 1072.20 W, 57
2026/10/07 20:41:34.261, 4, 2032 MHz, 3996 MHz, 1084.74 W, 67
2026/10/07 20:41:34.261, 5, 2032 MHz, 3996 MHz, 1078.23 W, 66
2026/10/07 20:41:34.261, 6, 2032 MHz, 3996 MHz, 1088.56 W, 58
2026/10/07 20:41:34.261, 7, 2032 MHz, 3996 MHz, 1070.58 W, 55
2026/10/07 20:41:35.262, 0, 2017 MHz, 3996 MHz, 1094.20 W, 65
2026/10/07 20:41:35.262, 1, 1987 MHz, 3996 MHz, 1087.66 W, 66
2026/10/07 20:41:35.262, 2, 2032 MHz, 3996 MHz, 1084.12 W, 57
2026/10/07 20:41:35.262, 3, 2032 MHz, 3996 MHz, 1071.77 W, 58
2026/10/07 20:41:35.262, 4, 2032 MHz, 3996 MHz, 1083.31 W, 67
2026/10/07 20:41:35.262, 5, 2032 MHz, 3996 MHz, 1079.34 W, 66
2026/10/07 20:41:35.262, 6, 2025 MHz, 3996 MHz, 1089.42 W, 58
2026/10/07 20:41:35.262, 7, 2032 MHz, 3996 MHz, 1070.35 W, 55
2026/10/07 20:41:36.262, 0, 2017 MHz, 3996 MHz, 1092.97 W, 65
2026/10/07 20:41:36.262, 1, 1987 MHz, 3996 MHz, 1087.16 W, 66
2026/10/07 20:41:36.262, 2, 2032 MHz, 3996 MHz, 1084.42 W, 57
2026/10/07 20:41:36.262, 3, 2032 MHz, 3996 MHz, 1074.29 W, 58
2026/10/07 20:41:36.262, 4, 2032 MHz, 3996 MHz, 1086.47 W, 67
2026/10/07 20:41:36.262, 5, 2032 MHz, 3996 MHz, 1082.52 W, 66
2026/10/07 20:41:36.262, 6, 2032 MHz, 3996 MHz, 1092.74 W, 58
2026/10/07 20:41:36.262, 7, 2032 MHz, 3996 MHz, 1069.09 W, 55
2026/10/07 20:41:37.262, 0, 2010 MHz, 3996 MHz, 1094.24 W, 65
2026/10/07 20:41:37.262, 1, 1987 MHz, 3996 MHz, 1087.00 W, 66
2026/10/07 20:41:37.262, 2, 2032 MHz, 3996 MHz, 1087.94 W, 57
2026/10/07 20:41:37.262, 3, 2032 MHz, 3996 MHz, 1076.42 W, 58
2026/10/07 20:41:37.262, 4, 2032 MHz, 3996 MHz, 1089.33 W, 67
2026/10/07 20:41:37.262, 5, 2032 MHz, 3996 MHz, 1083.19 W, 66
2026/10/07 20:41:37.263, 6, 2032 MHz, 3996 MHz, 1091.83 W, 58
2026/10/07 20:41:37.263, 7, 2032 MHz, 3996 MHz, 1070.38 W, 55
2026/10/07 20:41:38.263, 0, 2010 MHz, 3996 MHz, 1092.51 W, 65
2026/10/07 20:41:38.263, 1, 1987 MHz, 3996 MHz, 1086.78 W, 66
2026/10/07 20:41:38.263, 2, 2032 MHz, 3996 MHz, 1087.20 W, 57
2026/10/07 20:41:38.263, 3, 2032 MHz, 3996 MHz, 1075.75 W, 58
2026/10/07 20:41:38.263, 4, 2032 MHz, 3996 MHz, 1088.74 W, 67
2026/10/07 20:41:38.263, 5, 2032 MHz, 3996 MHz, 1082.18 W, 66
2026/10/07 20:41:38.263, 6, 2032 MHz, 3996 MHz, 1091.73 W, 58
2026/10/07 20:41:38.263, 7, 2032 MHz, 3996 MHz, 1072.63 W, 55
2026/10/07 20:41:39.263, 0, 2010 MHz, 3996 MHz, 1091.18 W, 65
2026/10/07 20:41:39.263, 1, 1987 MHz, 3996 MHz, 1086.09 W, 67
2026/10/07 20:41:39.263, 2, 2032 MHz, 3996 MHz, 1086.71 W, 57
2026/10/07 20:41:39.263, 3, 2032 MHz, 3996 MHz, 1075.15 W, 58
2026/10/07 20:41:39.263, 4, 2032 MHz, 3996 MHz, 1088.55 W, 67
2026/10/07 20:41:39.263, 5, 2032 MHz, 3996 MHz, 1082.04 W, 67
2026/10/07 20:41:39.263, 6, 2032 MHz, 3996 MHz, 1091.54 W, 58
2026/10/07 20:41:39.263, 7, 2032 MHz, 3996 MHz, 1073.23 W, 55
2026/10/07 20:41:40.263, 0, 2002 MHz, 3996 MHz, 1092.22 W, 65
2026/10/07 20:41:40.263, 1, 1987 MHz, 3996 MHz, 1086.11 W, 67
2026/10/07 20:41:40.263, 2, 2032 MHz, 3996 MHz, 1086.67 W, 57
2026/10/07 20:41:40.263, 3, 2032 MHz, 3996 MHz, 1074.61 W, 58
2026/10/07 20:41:40.263, 4, 2032 MHz, 3996 MHz, 1087.70 W, 68
2026/10/07 20:41:40.263, 5, 2032 MHz, 3996 MHz, 1081.54 W, 67
2026/10/07 20:41:40.264, 6, 2032 MHz, 3996 MHz, 1090.75 W, 58
2026/10/07 20:41:40.264, 7, 2032 MHz, 3996 MHz, 1074.22 W, 55
2026/10/07 20:41:41.264, 0, 2010 MHz, 3996 MHz, 1092.51 W, 65
2026/10/07 20:41:41.264, 1, 1987 MHz, 3996 MHz, 1086.97 W, 67
2026/10/07 20:41:41.264, 2, 2032 MHz, 3996 MHz, 1086.23 W, 57
2026/10/07 20:41:41.264, 3, 2032 MHz, 3996 MHz, 1072.64 W, 58
2026/10/07 20:41:41.264, 4, 2032 MHz, 3996 MHz, 1087.36 W, 67
2026/10/07 20:41:41.264, 5, 2032 MHz, 3996 MHz, 1080.84 W, 67
2026/10/07 20:41:41.264, 6, 2032 MHz, 3996 MHz, 1090.42 W, 58
2026/10/07 20:41:41.264, 7, 2032 MHz, 3996 MHz, 1072.15 W, 55
2026/10/07 20:41:42.264, 0, 2025 MHz, 3996 MHz, 1092.03 W, 65
2026/10/07 20:41:42.264, 1, 1987 MHz, 3996 MHz, 1088.08 W, 67
2026/10/07 20:41:42.264, 2, 2032 MHz, 3996 MHz, 1084.53 W, 57
2026/10/07 20:41:42.264, 3, 2032 MHz, 3996 MHz, 1074.58 W, 58
2026/10/07 20:41:42.264, 4, 2032 MHz, 3996 MHz, 1089.72 W, 68
2026/10/07 20:41:42.264, 5, 2032 MHz, 3996 MHz, 1083.70 W, 67
2026/10/07 20:41:42.264, 6, 2032 MHz, 3996 MHz, 1093.32 W, 58
2026/10/07 20:41:42.264, 7, 2032 MHz, 3996 MHz, 1071.56 W, 55
2026/10/07 20:41:43.264, 0, 2017 MHz, 3996 MHz, 1094.09 W, 66
2026/10/07 20:41:43.264, 1, 1987 MHz, 3996 MHz, 1089.83 W, 67
2026/10/07 20:41:43.264, 2, 2032 MHz, 3996 MHz, 1087.94 W, 57
2026/10/07 20:41:43.264, 3, 2032 MHz, 3996 MHz, 1076.51 W, 58
2026/10/07 20:41:43.264, 4, 2032 MHz, 3996 MHz, 1091.38 W, 68
2026/10/07 20:41:43.264, 5, 2032 MHz, 3996 MHz, 1084.93 W, 67
2026/10/07 20:41:43.265, 6, 2032 MHz, 3996 MHz, 1090.78 W, 58
2026/10/07 20:41:43.265, 7, 2032 MHz, 3996 MHz, 1071.06 W, 55
2026/10/07 20:41:44.265, 0, 2010 MHz, 3996 MHz, 1091.50 W, 66
2026/10/07 20:41:44.265, 1, 1987 MHz, 3996 MHz, 1090.23 W, 67
2026/10/07 20:41:44.265, 2, 2032 MHz, 3996 MHz, 1088.28 W, 57
2026/10/07 20:41:44.265, 3, 2032 MHz, 3996 MHz, 1076.63 W, 58
2026/10/07 20:41:44.265, 4, 2032 MHz, 3996 MHz, 1090.26 W, 68
2026/10/07 20:41:44.265, 5, 2032 MHz, 3996 MHz, 1084.54 W, 67
2026/10/07 20:41:44.265, 6, 2032 MHz, 3996 MHz, 1093.22 W, 58
2026/10/07 20:41:44.265, 7, 2032 MHz, 3996 MHz, 1073.19 W, 55
2026/10/07 20:41:45.265, 0, 2010 MHz, 3996 MHz, 1092.13 W, 66
2026/10/07 20:41:45.265, 1, 1987 MHz, 3996 MHz, 1088.55 W, 67
2026/10/07 20:41:45.265, 2, 2032 MHz, 3996 MHz, 1087.93 W, 57
2026/10/07 20:41:45.265, 3, 2032 MHz, 3996 MHz, 1078.32 W, 58
2026/10/07 20:41:45.265, 4, 2032 MHz, 3996 MHz, 1090.23 W, 68
2026/10/07 20:41:45.265, 5, 2032 MHz, 3996 MHz, 1083.42 W, 67
2026/10/07 20:41:45.265, 6, 2032 MHz, 3996 MHz, 1092.92 W, 58
2026/10/07 20:41:45.265, 7, 2032 MHz, 3996 MHz, 1074.07 W, 55
2026/10/07 20:41:46.265, 0, 2010 MHz, 3996 MHz, 1090.96 W, 66
2026/10/07 20:41:46.265, 1, 1987 MHz, 3996 MHz, 1088.18 W, 67
2026/10/07 20:41:46.265, 2, 2032 MHz, 3996 MHz, 1089.31 W, 57
2026/10/07 20:41:46.265, 3, 2032 MHz, 3996 MHz, 1077.70 W, 58
2026/10/07 20:41:46.265, 4, 2032 MHz, 3996 MHz, 1089.48 W, 68
2026/10/07 20:41:46.265, 5, 2032 MHz, 3996 MHz, 1083.51 W, 67
2026/10/07 20:41:46.265, 6, 2017 MHz, 3996 MHz, 1090.59 W, 58
2026/10/07 20:41:46.265, 7, 2032 MHz, 3996 MHz, 1074.02 W, 55
2026/10/07 20:41:47.266, 0, 2010 MHz, 3996 MHz, 1092.57 W, 66
2026/10/07 20:41:47.266, 1, 1987 MHz, 3996 MHz, 1087.22 W, 67
2026/10/07 20:41:47.266, 2, 2032 MHz, 3996 MHz, 1088.61 W, 57
2026/10/07 20:41:47.266, 3, 2032 MHz, 3996 MHz, 1076.81 W, 58
2026/10/07 20:41:47.266, 4, 2032 MHz, 3996 MHz, 1089.17 W, 68
2026/10/07 20:41:47.266, 5, 2032 MHz, 3996 MHz, 1082.96 W, 67
2026/10/07 20:41:47.266, 6, 2032 MHz, 3996 MHz, 1090.89 W, 58
2026/10/07 20:41:47.266, 7, 2032 MHz, 3996 MHz, 1073.59 W, 55
2026/10/07 20:41:48.266, 0, 2010 MHz, 3996 MHz, 1089.90 W, 66
2026/10/07 20:41:48.266, 1, 1987 MHz, 3996 MHz, 1087.85 W, 67
2026/10/07 20:41:48.266, 2, 2032 MHz, 3996 MHz, 1087.89 W, 57
2026/10/07 20:41:48.266, 3, 2032 MHz, 3996 MHz, 1074.68 W, 58
2026/10/07 20:41:48.266, 4, 2032 MHz, 3996 MHz, 1088.05 W, 68
2026/10/07 20:41:48.266, 5, 2032 MHz, 3996 MHz, 1083.48 W, 67
2026/10/07 20:41:48.266, 6, 2032 MHz, 3996 MHz, 1091.80 W, 58
2026/10/07 20:41:48.266, 7, 2032 MHz, 3996 MHz, 1071.55 W, 55
2026/10/07 20:41:49.266, 0, 2010 MHz, 3996 MHz, 1091.25 W, 66
2026/10/07 20:41:49.266, 1, 1987 MHz, 3996 MHz, 1088.03 W, 67
2026/10/07 20:41:49.266, 2, 2032 MHz, 3996 MHz, 1087.47 W, 57
2026/10/07 20:41:49.266, 3, 2032 MHz, 3996 MHz, 1076.95 W, 58
2026/10/07 20:41:49.266, 4, 2032 MHz, 3996 MHz, 1090.14 W, 68
2026/10/07 20:41:49.266, 5, 2032 MHz, 3996 MHz, 1085.20 W, 67
2026/10/07 20:41:49.266, 6, 2032 MHz, 3996 MHz, 1091.32 W, 58
2026/10/07 20:41:49.267, 7, 2032 MHz, 3996 MHz, 1071.43 W, 55
2026/10/07 20:41:50.267, 0, 2010 MHz, 3996 MHz, 1090.56 W, 66
2026/10/07 20:41:50.267, 1, 1987 MHz, 3996 MHz, 1089.35 W, 67
2026/10/07 20:41:50.267, 2, 2032 MHz, 3996 MHz, 1089.71 W, 57
2026/10/07 20:41:50.267, 3, 2032 MHz, 3996 MHz, 1077.34 W, 58
2026/10/07 20:41:50.267, 4, 2025 MHz, 3996 MHz, 1092.30 W, 68
2026/10/07 20:41:50.267, 5, 2032 MHz, 3996 MHz, 1085.91 W, 67
2026/10/07 20:41:50.267, 6, 2032 MHz, 3996 MHz, 1091.18 W, 58
2026/10/07 20:41:50.267, 7, 2032 MHz, 3996 MHz, 1072.50 W, 55
2026/10/07 20:41:51.267, 0, 2002 MHz, 3996 MHz, 1089.64 W, 66
2026/10/07 20:41:51.267, 1, 1987 MHz, 3996 MHz, 1089.12 W, 67
2026/10/07 20:41:51.267, 2, 2032 MHz, 3996 MHz, 1089.11 W, 57
2026/10/07 20:41:51.267, 3, 2032 MHz, 3996 MHz, 1076.87 W, 58
2026/10/07 20:41:51.267, 4, 2032 MHz, 3996 MHz, 1091.90 W, 68
2026/10/07 20:41:51.267, 5, 2032 MHz, 3996 MHz, 1085.77 W, 67
2026/10/07 20:41:51.267, 6, 2032 MHz, 3996 MHz, 1093.67 W, 58
2026/10/07 20:41:51.267, 7, 2032 MHz, 3996 MHz, 1074.17 W, 56
2026/10/07 20:41:52.267, 0, 2010 MHz, 3996 MHz, 1090.50 W, 66
2026/10/07 20:41:52.267, 1, 1987 MHz, 3996 MHz, 1088.46 W, 67
2026/10/07 20:41:52.267, 2, 2032 MHz, 3996 MHz, 1088.67 W, 57
2026/10/07 20:41:52.267, 3, 2032 MHz, 3996 MHz, 1077.47 W, 58
2026/10/07 20:41:52.267, 4, 2032 MHz, 3996 MHz, 1091.60 W, 68
2026/10/07 20:41:52.267, 5, 2032 MHz, 3996 MHz, 1085.74 W, 67
2026/10/07 20:41:52.268, 6, 2032 MHz, 3996 MHz, 1093.07 W, 58
2026/10/07 20:41:52.268, 7, 2032 MHz, 3996 MHz, 1074.70 W, 56
2026/10/07 20:41:53.268, 0, 2010 MHz, 3996 MHz, 1091.95 W, 66
2026/10/07 20:41:53.268, 1, 1987 MHz, 3996 MHz, 1088.17 W, 67
2026/10/07 20:41:53.268, 2, 2032 MHz, 3996 MHz, 1088.13 W, 57
2026/10/07 20:41:53.268, 3, 2032 MHz, 3996 MHz, 1075.95 W, 58
2026/10/07 20:41:53.268, 4, 2032 MHz, 3996 MHz, 1090.69 W, 68
2026/10/07 20:41:53.268, 5, 2032 MHz, 3996 MHz, 1084.52 W, 67
2026/10/07 20:41:53.268, 6, 2032 MHz, 3996 MHz, 1092.88 W, 58
2026/10/07 20:41:53.268, 7, 2032 MHz, 3996 MHz, 1074.35 W, 56
2026/10/07 20:41:54.268, 0, 2010 MHz, 3996 MHz, 1091.39 W, 66
2026/10/07 20:41:54.268, 1, 1987 MHz, 3996 MHz, 1088.51 W, 67
2026/10/07 20:41:54.268, 2, 2032 MHz, 3996 MHz, 1087.23 W, 57
2026/10/07 20:41:54.268, 3, 2032 MHz, 3996 MHz, 1077.39 W, 58
2026/10/07 20:41:54.268, 4, 2032 MHz, 3996 MHz, 1090.61 W, 68
2026/10/07 20:41:54.268, 5, 1350 MHz, 3996 MHz, 1094.03 W, 71
2026/10/07 20:41:54.268, 6, 1320 MHz, 3996 MHz, 1103.01 W, 62
2026/10/07 20:41:54.268, 7, 2032 MHz, 3996 MHz, 1074.05 W, 56
2026/10/07 20:41:55.268, 0, 2002 MHz, 3996 MHz, 1092.55 W, 66
2026/10/07 20:41:55.268, 1, 1320 MHz, 3996 MHz, 1095.28 W, 72
2026/10/07 20:41:55.268, 2, 1327 MHz, 3996 MHz, 1098.48 W, 62
2026/10/07 20:41:55.269, 3, 1357 MHz, 3996 MHz, 1092.68 W, 63
2026/10/07 20:41:55.269, 4, 1357 MHz, 3996 MHz, 1095.62 W, 73
2026/10/07 20:41:55.269, 5, 1380 MHz, 3996 MHz, 1089.41 W, 72
2026/10/07 20:41:55.269, 6, 1327 MHz, 3996 MHz, 1089.49 W, 63
2026/10/07 20:41:55.269, 7, 2032 MHz, 3996 MHz, 1074.44 W, 56
2026/10/07 20:41:56.269, 0, 1410 MHz, 3996 MHz, 1097.30 W, 70
2026/10/07 20:41:56.269, 1, 1312 MHz, 3996 MHz, 1089.05 W, 72
2026/10/07 20:41:56.269, 2, 1350 MHz, 3996 MHz, 1088.63 W, 62
2026/10/07 20:41:56.269, 3, 1357 MHz, 3996 MHz, 1088.97 W, 63
2026/10/07 20:41:56.269, 4, 1365 MHz, 3996 MHz, 1088.00 W, 73
2026/10/07 20:41:56.269, 5, 1380 MHz, 3996 MHz, 1092.18 W, 72
2026/10/07 20:41:56.269, 6, 1350 MHz, 3996 MHz, 1089.16 W, 63
2026/10/07 20:41:56.269, 7, 1342 MHz, 3996 MHz, 1090.47 W, 60
2026/10/07 20:41:57.269, 0, 1342 MHz, 3996 MHz, 1089.95 W, 71
2026/10/07 20:41:57.269, 1, 1305 MHz, 3996 MHz, 1090.20 W, 71
2026/10/07 20:41:57.269, 2, 1350 MHz, 3996 MHz, 1089.35 W, 62
2026/10/07 20:41:57.269, 3, 1357 MHz, 3996 MHz, 1087.65 W, 63
2026/10/07 20:41:57.269, 4, 1357 MHz, 3996 MHz, 1087.32 W, 73
2026/10/07 20:41:57.269, 5, 1357 MHz, 3996 MHz, 1088.89 W, 72
2026/10/07 20:41:57.269, 6, 1342 MHz, 3996 MHz, 1091.39 W, 63
2026/10/07 20:41:57.269, 7, 1365 MHz, 3996 MHz, 1087.45 W, 61
2026/10/07 20:41:58.270, 0, 1350 MHz, 3996 MHz, 1087.68 W, 70
2026/10/07 20:41:58.270, 1, 1320 MHz, 3996 MHz, 1089.52 W, 72
2026/10/07 20:41:58.270, 2, 1327 MHz, 3996 MHz, 1089.65 W, 62
2026/10/07 20:41:58.270, 3, 1350 MHz, 3996 MHz, 1089.24 W, 63
2026/10/07 20:41:58.270, 4, 1365 MHz, 3996 MHz, 1088.70 W, 73
2026/10/07 20:41:58.270, 5, 1372 MHz, 3996 MHz, 1092.83 W, 72
2026/10/07 20:41:58.270, 6, 1342 MHz, 3996 MHz, 1089.25 W, 63
2026/10/07 20:41:58.270, 7, 1365 MHz, 3996 MHz, 1085.75 W, 60
2026/10/07 20:41:59.270, 0, 1342 MHz, 3996 MHz, 1087.51 W, 71
2026/10/07 20:41:59.270, 1, 1320 MHz, 3996 MHz, 1087.61 W, 72
2026/10/07 20:41:59.270, 2, 1357 MHz, 3996 MHz, 1090.00 W, 62
2026/10/07 20:41:59.270, 3, 1387 MHz, 3996 MHz, 1086.83 W, 63
2026/10/07 20:41:59.270, 4, 1342 MHz, 3996 MHz, 1089.01 W, 73
2026/10/07 20:41:59.270, 5, 1357 MHz, 3996 MHz, 1091.45 W, 72
2026/10/07 20:41:59.270, 6, 1342 MHz, 3996 MHz, 1090.06 W, 63
2026/10/07 20:41:59.270, 7, 1350 MHz, 3996 MHz, 1087.49 W, 60
2026/10/07 20:42:00.270, 0, 1327 MHz, 3996 MHz, 1086.57 W, 70
2026/10/07 20:42:00.270, 1, 1320 MHz, 3996 MHz, 1090.50 W, 72
2026/10/07 20:42:00.270, 2, 1342 MHz, 3996 MHz, 1089.63 W, 62
2026/10/07 20:42:00.270, 3, 1350 MHz, 3996 MHz, 1091.07 W, 63
2026/10/07 20:42:00.270, 4, 1357 MHz, 3996 MHz, 1087.71 W, 73
2026/10/07 20:42:00.270, 5, 1357 MHz, 3996 MHz, 1089.24 W, 72
2026/10/07 20:42:00.270, 6, 1327 MHz, 3996 MHz, 1092.47 W, 62
2026/10/07 20:42:00.270, 7, 1365 MHz, 3996 MHz, 1088.67 W, 60
2026/10/07 20:42:01.271, 0, 1335 MHz, 3996 MHz, 1088.86 W, 70
2026/10/07 20:42:01.271, 1, 1312 MHz, 3996 MHz, 1091.31 W, 71
2026/10/07 20:42:01.271, 2, 1342 MHz, 3996 MHz, 1089.48 W, 62
2026/10/07 20:42:01.271, 3, 1350 MHz, 3996 MHz, 1086.72 W, 62
2026/10/07 20:42:01.271, 4, 1350 MHz, 3996 MHz, 1091.12 W, 73
2026/10/07 20:42:01.271, 5, 1372 MHz, 3996 MHz, 1085.94 W, 72
2026/10/07 20:42:01.271, 6, 1327 MHz, 3996 MHz, 1089.93 W, 62
2026/10/07 20:42:01.271, 7, 1357 MHz, 3996 MHz, 1086.75 W, 60
2026/10/07 20:42:02.271, 0, 1342 MHz, 3996 MHz, 1085.72 W, 70
2026/10/07 20:42:02.271, 1, 1305 MHz, 3996 MHz, 1091.43 W, 71
2026/10/07 20:42:02.271, 2, 1342 MHz, 3996 MHz, 1089.63 W, 62
2026/10/07 20:42:02.271, 3, 1342 MHz, 3996 MHz, 1087.97 W, 62
2026/10/07 20:42:02.271, 4, 1335 MHz, 3996 MHz, 1089.35 W, 73
2026/10/07 20:42:02.271, 5, 1395 MHz, 3996 MHz, 1089.52 W, 72
2026/10/07 20:42:02.271, 6, 1327 MHz, 3996 MHz, 1091.99 W, 63
2026/10/07 20:42:02.271, 7, 1350 MHz, 3996 MHz, 1087.33 W, 60
2026/10/07 20:42:03.271, 0, 1327 MHz, 3996 MHz, 1086.23 W, 70
2026/10/07 20:42:03.271, 1, 1297 MHz, 3996 MHz, 1090.27 W, 71
2026/10/07 20:42:03.271, 2, 1327 MHz, 3996 MHz, 1090.91 W, 62
2026/10/07 20:42:03.271, 3, 1342 MHz, 3996 MHz, 1089.57 W, 63
2026/10/07 20:42:03.271, 4, 1365 MHz, 3996 MHz, 1086.88 W, 73
2026/10/07 20:42:03.271, 5, 1372 MHz, 3996 MHz, 1094.33 W, 72
2026/10/07 20:42:03.271, 6, 1342 MHz, 3996 MHz, 1092.06 W, 62
2026/10/07 20:42:03.271, 7, 1357 MHz, 3996 MHz, 1087.44 W, 60
2026/10/07 20:42:04.272, 0, 1342 MHz, 3996 MHz, 1085.80 W, 70
2026/10/07 20:42:04.272, 1, 1807 MHz, 3996 MHz, 1073.85 W, 66
2026/10/07 20:42:04.272, 2, 1335 MHz, 3996 MHz, 1090.07 W, 62
2026/10/07 20:42:04.272, 3, 1755 MHz, 3996 MHz, 1087.63 W, 62
2026/10/07 20:42:04.272, 4, 1327 MHz, 3996 MHz, 1087.61 W, 71
2026/10/07 20:42:04.272, 5, 2032 MHz, 3996 MHz, 1063.70 W, 67
2026/10/07 20:42:04.272, 6, 2032 MHz, 3996 MHz, 1067.30 W, 58
2026/10/07 20:42:04.272, 7, 1357 MHz, 3996 MHz, 1083.18 W, 60
2026/10/07 20:42:05.272, 0, 1350 MHz, 3996 MHz, 1084.29 W, 70
2026/10/07 20:42:05.272, 1, 1987 MHz, 3996 MHz, 1086.56 W, 66
2026/10/07 20:42:05.272, 2, 2032 MHz, 3996 MHz, 1064.73 W, 57
2026/10/07 20:42:05.272, 3, 2032 MHz, 3996 MHz, 1053.75 W, 57
2026/10/07 20:42:05.272, 4, 2032 MHz, 3996 MHz, 1064.93 W, 68
2026/10/07 20:42:05.272, 5, 2032 MHz, 3996 MHz, 1081.55 W, 67
2026/10/07 20:42:05.272, 6, 2032 MHz, 3996 MHz, 1090.33 W, 58
2026/10/07 20:42:05.272, 7, 1357 MHz, 3996 MHz, 1084.40 W, 60
2026/10/07 20:42:06.272, 0, 2032 MHz, 3996 MHz, 1066.72 W, 66
2026/10/07 20:42:06.272, 1, 1987 MHz, 3996 MHz, 1086.60 W, 66
2026/10/07 20:42:06.272, 2, 2032 MHz, 3996 MHz, 1085.38 W, 57
2026/10/07 20:42:06.272, 3, 2032 MHz, 3996 MHz, 1071.56 W, 57
2026/10/07 20:42:06.272, 4, 2032 MHz, 3996 MHz, 1086.28 W, 68
2026/10/07 20:42:06.273, 5, 2032 MHz, 3996 MHz, 1080.82 W, 67
2026/10/07 20:42:06.273, 6, 2032 MHz, 3996 MHz, 1088.17 W, 58
2026/10/07 20:42:06.273, 7, 2032 MHz, 3996 MHz, 1057.97 W, 55
2026/10/07 20:42:07.273, 0, 2025 MHz, 3996 MHz, 1092.59 W, 66
2026/10/07 20:42:07.273, 1, 1987 MHz, 3996 MHz, 1086.24 W, 66
2026/10/07 20:42:07.273, 2, 2032 MHz, 3996 MHz, 1084.25 W, 57
2026/10/07 20:42:07.273, 3, 2032 MHz, 3996 MHz, 1070.86 W, 57
2026/10/07 20:42:07.273, 4, 2032 MHz, 3996 MHz, 1086.07 W, 68
2026/10/07 20:42:07.273, 5, 2032 MHz, 3996 MHz, 1079.89 W, 67
2026/10/07 20:42:07.273, 6, 2032 MHz, 3996 MHz, 1087.42 W, 58
2026/10/07 20:42:07.273, 7, 2032 MHz, 3996 MHz, 1071.27 W, 55
2026/10/07 20:42:08.273, 0, 2010 MHz, 3996 MHz, 1093.55 W, 66
2026/10/07 20:42:08.273, 1, 2002 MHz, 3996 MHz, 1088.65 W, 66
2026/10/07 20:42:08.273, 2, 2032 MHz, 3996 MHz, 1083.06 W, 57
2026/10/07 20:42:08.273, 3, 2032 MHz, 3996 MHz, 1070.32 W, 57
2026/10/07 20:42:08.273, 4, 2032 MHz, 3996 MHz, 1085.26 W, 67
2026/10/07 20:42:08.273, 5, 2032 MHz, 3996 MHz, 1079.06 W, 67
2026/10/07 20:42:08.273, 6, 2032 MHz, 3996 MHz, 1086.89 W, 58
2026/10/07 20:42:08.273, 7, 2032 MHz, 3996 MHz, 1070.42 W, 55
2026/10/07 20:42:09.273, 0, 2025 MHz, 3996 MHz, 1092.90 W, 65
2026/10/07 20:42:09.273, 1, 1987 MHz, 3996 MHz, 1087.24 W, 66
2026/10/07 20:42:09.273, 2, 2032 MHz, 3996 MHz, 1082.50 W, 57
2026/10/07 20:42:09.273, 3, 2032 MHz, 3996 MHz, 1069.65 W, 57
2026/10/07 20:42:09.273, 4, 2032 MHz, 3996 MHz, 1084.98 W, 67
2026/10/07 20:42:09.273, 5, 2032 MHz, 3996 MHz, 1078.30 W, 67
2026/10/07 20:42:09.274, 6, 2032 MHz, 3996 MHz, 1086.68 W, 58
2026/10/07 20:42:09.274, 7, 2032 MHz, 3996 MHz, 1070.03 W, 55
2026/10/07 20:42:10.274, 0, 2032 MHz, 3996 MHz, 1092.76 W, 65
2026/10/07 20:42:10.274, 1, 1987 MHz, 3996 MHz, 1087.66 W, 66
2026/10/07 20:42:10.274, 2, 2032 MHz, 3996 MHz, 1082.27 W, 57
2026/10/07 20:42:10.274, 3, 2032 MHz, 3996 MHz, 1070.27 W, 57
2026/10/07 20:42:10.274, 4, 2032 MHz, 3996 MHz, 1085.57 W, 67
2026/10/07 20:42:10.274, 5, 2032 MHz, 3996 MHz, 1081.39 W, 67
2026/10/07 20:42:10.274, 6, 2032 MHz, 3996 MHz, 1089.74 W, 58
2026/10/07 20:42:10.274, 7, 2032 MHz, 3996 MHz, 1069.45 W, 55
2026/10/07 20:42:11.274, 0, 2017 MHz, 3996 MHz, 1093.80 W, 66
2026/10/07 20:42:11.274, 1, 1987 MHz, 3996 MHz, 1085.85 W, 66
2026/10/07 20:42:11.274, 2, 2032 MHz, 3996 MHz, 1084.35 W, 57
2026/10/07 20:42:11.274, 3, 2032 MHz, 3996 MHz, 1072.62 W, 57
2026/10/07 20:42:11.274, 4, 2032 MHz, 3996 MHz, 1087.57 W, 67
2026/10/07 20:42:11.274, 5, 2032 MHz, 3996 MHz, 1080.69 W, 67
2026/10/07 20:42:11.274, 6, 2032 MHz, 3996 MHz, 1089.58 W, 58
2026/10/07 20:42:11.274, 7, 2032 MHz, 3996 MHz, 1068.89 W, 55
2026/10/07 20:42:12.274, 0, 2017 MHz, 3996 MHz, 1092.95 W, 65
2026/10/07 20:42:12.274, 1, 1987 MHz, 3996 MHz, 1086.02 W, 66
2026/10/07 20:42:12.274, 2, 2032 MHz, 3996 MHz, 1085.21 W, 57
2026/10/07 20:42:12.274, 3, 2032 MHz, 3996 MHz, 1072.45 W, 57
2026/10/07 20:42:12.274, 4, 2032 MHz, 3996 MHz, 1086.97 W, 67
2026/10/07 20:42:12.274, 5, 2032 MHz, 3996 MHz, 1081.38 W, 67
2026/10/07 20:42:12.274, 6, 2032 MHz, 3996 MHz, 1088.28 W, 58
2026/10/07 20:42:12.274, 7, 2032 MHz, 3996 MHz, 1070.89 W, 55
2026/10/07 20:42:13.275, 0, 2010 MHz, 3996 MHz, 1093.13 W, 65
2026/10/07 20:42:13.275, 1, 2002 MHz, 3996 MHz, 1087.82 W, 66
2026/10/07 20:42:13.275, 2, 2032 MHz, 3996 MHz, 1084.86 W, 57
2026/10/07 20:42:13.275, 3, 2032 MHz, 3996 MHz, 1071.89 W, 57
2026/10/07 20:42:13.275, 4, 2032 MHz, 3996 MHz, 1086.33 W, 67
2026/10/07 20:42:13.275, 5, 2032 MHz, 3996 MHz, 1080.34 W, 66
2026/10/07 20:42:13.275, 6, 2032 MHz, 3996 MHz, 1090.52 W, 58
2026/10/07 20:42:13.275, 7, 2032 MHz, 3996 MHz, 1071.46 W, 55
2026/10/07 20:42:14.275, 0, 2010 MHz, 3996 MHz, 1091.67 W, 65
2026/10/07 20:42:14.275, 1, 2002 MHz, 3996 MHz, 1086.95 W, 66
2026/10/07 20:42:14.275, 2, 2032 MHz, 3996 MHz, 1084.39 W, 57
2026/10/07 20:42:14.275, 3, 2032 MHz, 3996 MHz, 1070.68 W, 57
2026/10/07 20:42:14.275, 4, 2032 MHz, 3996 MHz, 1086.00 W, 67
2026/10/07 20:42:14.275, 5, 2032 MHz, 3996 MHz, 1079.84 W, 66
2026/10/07 20:42:14.275, 6, 2032 MHz, 3996 MHz, 1089.20 W, 58
2026/10/07 20:42:14.275, 7, 2032 MHz, 3996 MHz, 1069.58 W, 55
2026/10/07 20:42:15.275, 0, 2025 MHz, 3996 MHz, 1092.46 W, 65
2026/10/07 20:42:15.275, 1, 1987 MHz, 3996 MHz, 1087.97 W, 66
2026/10/07 20:42:15.275, 2, 2032 MHz, 3996 MHz, 1082.94 W, 57
2026/10/07 20:42:15.275, 3, 2032 MHz, 3996 MHz, 1070.56 W, 57
2026/10/07 20:42:15.276, 4, 2032 MHz, 3996 MHz, 1085.53 W, 67
2026/10/07 20:42:15.276, 5, 2032 MHz, 3996 MHz, 1078.56 W, 66
2026/10/07 20:42:15.276, 6, 2032 MHz, 3996 MHz, 1088.39 W, 58
2026/10/07 20:42:15.276, 7, 2032 MHz, 3996 MHz, 1070.14 W, 55
2026/10/07 20:42:16.276, 0, 2017 MHz, 3996 MHz, 1093.61 W, 65
2026/10/07 20:42:16.276, 1, 2002 MHz, 3996 MHz, 1089.11 W, 66
2026/10/07 20:42:16.276, 2, 2032 MHz, 3996 MHz, 1082.00 W, 57
2026/10/07 20:42:16.276, 3, 2032 MHz, 3996 MHz, 1069.92 W, 57
2026/10/07 20:42:16.276, 4, 2032 MHz, 3996 MHz, 1084.06 W, 67
2026/10/07 20:42:16.276, 5, 2032 MHz, 3996 MHz, 1080.55 W, 66
2026/10/07 20:42:16.276, 6, 2032 MHz, 3996 MHz, 1088.01 W, 58
2026/10/07 20:42:16.276, 7, 2032 MHz, 3996 MHz, 1069.64 W, 55
2026/10/07 20:42:17.276, 0, 2017 MHz, 3996 MHz, 1092.87 W, 65
2026/10/07 20:42:17.276, 1, 2002 MHz, 3996 MHz, 1088.30 W, 66
2026/10/07 20:42:17.276, 2, 2032 MHz, 3996 MHz, 1084.46 W, 57
2026/10/07 20:42:17.276, 3, 2032 MHz, 3996 MHz, 1072.74 W, 57
2026/10/07 20:42:17.276, 4, 2032 MHz, 3996 MHz, 1087.45 W, 67
2026/10/07 20:42:17.276, 5, 2032 MHz, 3996 MHz, 1081.92 W, 66
2026/10/07 20:42:17.276, 6, 2032 MHz, 3996 MHz, 1090.12 W, 58
2026/10/07 20:42:17.276, 7, 2032 MHz, 3996 MHz, 1068.75 W, 55
2026/10/07 20:42:18.276, 0, 2017 MHz, 3996 MHz, 1092.58 W, 65
2026/10/07 20:42:18.276, 1, 1987 MHz, 3996 MHz, 1086.73 W, 66
2026/10/07 20:42:18.276, 2, 2032 MHz, 3996 MHz, 1085.49 W, 57
2026/10/07 20:42:18.276, 3, 2032 MHz, 3996 MHz, 1073.14 W, 57
2026/10/07 20:42:18.276, 4, 2032 MHz, 3996 MHz, 1087.61 W, 67
2026/10/07 20:42:18.277, 5, 2032 MHz, 3996 MHz, 1081.52 W, 66
2026/10/07 20:42:18.277, 6, 2032 MHz, 3996 MHz, 1090.74 W, 58
2026/10/07 20:42:18.277, 7, 2032 MHz, 3996 MHz, 1070.71 W, 55
2026/10/07 20:42:19.277, 0, 2010 MHz, 3996 MHz, 1092.42 W, 65
2026/10/07 20:42:19.277, 1, 1987 MHz, 3996 MHz, 1087.03 W, 66
2026/10/07 20:42:19.277, 2, 2032 MHz, 3996 MHz, 1084.70 W, 57
2026/10/07 20:42:19.277, 3, 2032 MHz, 3996 MHz, 1072.14 W, 57
2026/10/07 20:42:19.277, 4, 2032 MHz, 3996 MHz, 1086.62 W, 67
2026/10/07 20:42:19.277, 5, 2032 MHz, 3996 MHz, 1080.33 W, 66
2026/10/07 20:42:19.277, 6, 2032 MHz, 3996 MHz, 1091.46 W, 58
2026/10/07 20:42:19.277, 7, 2032 MHz, 3996 MHz, 1071.77 W, 55
2026/10/07 20:42:20.277, 0, 2010 MHz, 3996 MHz, 1091.94 W, 65
2026/10/07 20:42:20.277, 1, 2002 MHz, 3996 MHz, 1087.83 W, 66
2026/10/07 20:42:20.277, 2, 2032 MHz, 3996 MHz, 1084.40 W, 57
2026/10/07 20:42:20.277, 3, 2032 MHz, 3996 MHz, 1071.77 W, 57
2026/10/07 20:42:20.277, 4, 2032 MHz, 3996 MHz, 1086.29 W, 67
2026/10/07 20:42:20.277, 5, 2032 MHz, 3996 MHz, 1080.24 W, 66
2026/10/07 20:42:20.277, 6, 2032 MHz, 3996 MHz, 1090.55 W, 58
2026/10/07 20:42:20.277, 7, 2032 MHz, 3996 MHz, 1071.04 W, 55
2026/10/07 20:42:21.277, 0, 2017 MHz, 3996 MHz, 1093.27 W, 65
2026/10/07 20:42:21.277, 1, 1987 MHz, 3996 MHz, 1087.56 W, 66
2026/10/07 20:42:21.277, 2, 2032 MHz, 3996 MHz, 1084.54 W, 57
2026/10/07 20:42:21.277, 3, 2032 MHz, 3996 MHz, 1071.61 W, 57
2026/10/07 20:42:21.277, 4, 2032 MHz, 3996 MHz, 1086.12 W, 67
2026/10/07 20:42:21.278, 5, 2032 MHz, 3996 MHz, 1079.57 W, 66
2026/10/07 20:42:21.278, 6, 2032 MHz, 3996 MHz, 1089.35 W, 57
2026/10/07 20:42:21.278, 7, 2032 MHz, 3996 MHz, 1071.17 W, 55
2026/10/07 20:42:22.278, 0, 2017 MHz, 3996 MHz, 1091.96 W, 65
2026/10/07 20:42:22.278, 1, 1987 MHz, 3996 MHz, 1089.57 W, 66
2026/10/07 20:42:22.278, 2, 2032 MHz, 3996 MHz, 1083.37 W, 57
2026/10/07 20:42:22.278, 3, 2032 MHz, 3996 MHz, 1070.40 W, 57
2026/10/07 20:42:22.278, 4, 2032 MHz, 3996 MHz, 1084.66 W, 67
2026/10/07 20:42:22.278, 5, 2032 MHz, 3996 MHz, 1079.60 W, 66
2026/10/07 20:42:22.278, 6, 2032 MHz, 3996 MHz, 1088.33 W, 57
2026/10/07 20:42:22.278, 7, 2032 MHz, 3996 MHz, 1070.86 W, 55
2026/10/07 20:42:23.278, 0, 2025 MHz, 3996 MHz, 1092.27 W, 65
2026/10/07 20:42:23.278, 1, 2002 MHz, 3996 MHz, 1089.10 W, 66
2026/10/07 20:42:23.278, 2, 2032 MHz, 3996 MHz, 1082.09 W, 57
2026/10/07 20:42:23.278, 3, 2032 MHz, 3996 MHz, 1071.95 W, 57
2026/10/07 20:42:23.278, 4, 2032 MHz, 3996 MHz, 1085.96 W, 67
2026/10/07 20:42:23.278, 5, 2032 MHz, 3996 MHz, 1081.42 W, 66
2026/10/07 20:42:23.278, 6, 2032 MHz, 3996 MHz, 1090.24 W, 57
2026/10/07 20:42:23.278, 7, 2032 MHz, 3996 MHz, 1069.14 W, 55
2026/10/07 20:42:24.278, 0, 2017 MHz, 3996 MHz, 1093.28 W, 65
2026/10/07 20:42:24.279, 1, 1987 MHz, 3996 MHz, 1088.54 W, 66
2026/10/07 20:42:24.279, 2, 2032 MHz, 3996 MHz, 1084.91 W, 57
2026/10/07 20:42:24.279, 3, 2032 MHz, 3996 MHz, 1073.92 W, 57
2026/10/07 20:42:24.279, 4, 2032 MHz, 3996 MHz, 1087.69 W, 67
2026/10/07 20:42:24.279, 5, 2032 MHz, 3996 MHz, 1082.10 W, 66
2026/10/07 20:42:24.279, 6, 2032 MHz, 3996 MHz, 1090.12 W, 57
2026/10/07 20:42:24.279, 7, 2032 MHz, 3996 MHz, 1069.45 W, 55
2026/10/07 20:42:25.279, 0, 2010 MHz, 3996 MHz, 1092.23 W, 65
2026/10/07 20:42:25.279, 1, 1987 MHz, 3996 MHz, 1087.12 W, 66
2026/10/07 20:42:25.279, 2, 2032 MHz, 3996 MHz, 1085.53 W, 57
2026/10/07 20:42:25.279, 3, 2032 MHz, 3996 MHz, 1072.56 W, 57
2026/10/07 20:42:25.279, 4, 2032 MHz, 3996 MHz, 1086.84 W, 67
2026/10/07 20:42:25.279, 5, 2032 MHz, 3996 MHz, 1081.28 W, 66
2026/10/07 20:42:25.279, 6, 2032 MHz, 3996 MHz, 1089.57 W, 57
2026/10/07 20:42:25.279, 7, 2032 MHz, 3996 MHz, 1071.66 W, 55
2026/10/07 20:42:26.279, 0, 2010 MHz, 3996 MHz, 1091.99 W, 65
2026/10/07 20:42:26.279, 1, 1987 MHz, 3996 MHz, 1087.72 W, 66
2026/10/07 20:42:26.279, 2, 2032 MHz, 3996 MHz, 1085.56 W, 57
2026/10/07 20:42:26.279, 3, 2032 MHz, 3996 MHz, 1072.40 W, 57
2026/10/07 20:42:26.279, 4, 2032 MHz, 3996 MHz, 1086.92 W, 67
2026/10/07 20:42:26.279, 5, 2032 MHz, 3996 MHz, 1081.32 W, 66
2026/10/07 20:42:26.279, 6, 2032 MHz, 3996 MHz, 1089.34 W, 57
2026/10/07 20:42:26.279, 7, 2032 MHz, 3996 MHz, 1071.25 W, 55
2026/10/07 20:42:27.279, 0, 2010 MHz, 3996 MHz, 1092.34 W, 65
2026/10/07 20:42:27.279, 1, 1995 MHz, 3996 MHz, 1086.48 W, 66
2026/10/07 20:42:27.279, 2, 2032 MHz, 3996 MHz, 1084.70 W, 57
2026/10/07 20:42:27.279, 3, 2032 MHz, 3996 MHz, 1071.82 W, 57
2026/10/07 20:42:27.279, 4, 2032 MHz, 3996 MHz, 1085.89 W, 67
2026/10/07 20:42:27.279, 5, 2032 MHz, 3996 MHz, 1079.76 W, 66
2026/10/07 20:42:27.279, 6, 2032 MHz, 3996 MHz, 1088.20 W, 57
2026/10/07 20:42:27.279, 7, 2032 MHz, 3996 MHz, 1071.18 W, 55
2026/10/07 20:42:28.280, 0, 2010 MHz, 3996 MHz, 1091.90 W, 65
2026/10/07 20:42:28.280, 1, 1995 MHz, 3996 MHz, 1085.98 W, 66
2026/10/07 20:42:28.280, 2, 2032 MHz, 3996 MHz, 1084.15 W, 57
2026/10/07 20:42:28.280, 3, 2032 MHz, 3996 MHz, 1070.52 W, 57
2026/10/07 20:42:28.280, 4, 2032 MHz, 3996 MHz, 1086.27 W, 67
2026/10/07 20:42:28.280, 5, 1357 MHz, 3996 MHz, 1093.01 W, 71
2026/10/07 20:42:28.280, 6, 1432 MHz, 3996 MHz, 1097.32 W, 61
2026/10/07 20:42:28.280, 7, 2032 MHz, 3996 MHz, 1072.51 W, 55
2026/10/07 20:42:29.280, 0, 2010 MHz, 3996 MHz, 1092.19 W, 65
2026/10/07 20:42:29.280, 1, 1312 MHz, 3996 MHz, 1094.33 W, 70
2026/10/07 20:42:29.280, 2, 1327 MHz, 3996 MHz, 1091.37 W, 61
2026/10/07 20:42:29.280, 3, 1357 MHz, 3996 MHz, 1086.79 W, 62
2026/10/07 20:42:29.280, 4, 1365 MHz, 3996 MHz, 1092.05 W, 72
2026/10/07 20:42:29.280, 5, 1372 MHz, 3996 MHz, 1089.47 W, 71
2026/10/07 20:42:29.280, 6, 1350 MHz, 3996 MHz, 1086.54 W, 62
2026/10/07 20:42:29.280, 7, 2032 MHz, 3996 MHz, 1072.83 W, 55
2026/10/07 20:42:30.280, 0, 2010 MHz, 3996 MHz, 1097.55 W, 65
2026/10/07 20:42:30.280, 1, 1320 MHz, 3996 MHz, 1084.94 W, 70
2026/10/07 20:42:30.280, 2, 1372 MHz, 3996 MHz, 1088.27 W, 61
2026/10/07 20:42:30.280, 3, 1350 MHz, 3996 MHz, 1089.12 W, 62
2026/10/07 20:42:30.280, 4, 1350 MHz, 3996 MHz, 1088.24 W, 72
2026/10/07 20:42:30.280, 5, 1372 MHz, 3996 MHz, 1088.15 W, 71
2026/10/07 20:42:30.280, 6, 1350 MHz, 3996 MHz, 1090.47 W, 62
2026/10/07 20:42:30.280, 7, 1440 MHz, 3996 MHz, 1082.43 W, 59
2026/10/07 20:42:31.281, 0, 1350 MHz, 3996 MHz, 1097.56 W, 70
2026/10/07 20:42:31.281, 1, 1320 MHz, 3996 MHz, 1089.88 W, 70
2026/10/07 20:42:31.281, 2, 1372 MHz, 3996 MHz, 1090.22 W, 61
2026/10/07 20:42:31.281, 3, 1357 MHz, 3996 MHz, 1089.80 W, 62
2026/10/07 20:42:31.281, 4, 1350 MHz, 3996 MHz, 1086.43 W, 72
2026/10/07 20:42:31.281, 5, 1380 MHz, 3996 MHz, 1091.16 W, 71
2026/10/07 20:42:31.281, 6, 1335 MHz, 3996 MHz, 1093.22 W, 62
2026/10/07 20:42:31.281, 7, 1357 MHz, 3996 MHz, 1090.41 W, 60
2026/10/07 20:42:32.281, 0, 1357 MHz, 3996 MHz, 1088.50 W, 70
2026/10/07 20:42:32.281, 1, 1327 MHz, 3996 MHz, 1088.91 W, 70
2026/10/07 20:42:32.281, 2, 1350 MHz, 3996 MHz, 1089.76 W, 61
2026/10/07 20:42:32.281, 3, 1357 MHz, 3996 MHz, 1087.27 W, 62
2026/10/07 20:42:32.281, 4, 1365 MHz, 3996 MHz, 1086.78 W, 72
2026/10/07 20:42:32.281, 5, 1372 MHz, 3996 MHz, 1094.78 W, 71
2026/10/07 20:42:32.281, 6, 1342 MHz, 3996 MHz, 1091.17 W, 62
2026/10/07 20:42:32.281, 7, 1372 MHz, 3996 MHz, 1084.97 W, 60
2026/10/07 20:42:33.281, 0, 1342 MHz, 3996 MHz, 1087.74 W, 70
2026/10/07 20:42:33.281, 1, 1320 MHz, 3996 MHz, 1089.53 W, 70
2026/10/07 20:42:33.281, 2, 1357 MHz, 3996 MHz, 1090.32 W, 61
2026/10/07 20:42:33.281, 3, 1357 MHz, 3996 MHz, 1088.54 W, 62
2026/10/07 20:42:33.281, 4, 1335 MHz, 3996 MHz, 1088.17 W, 72
2026/10/07 20:42:33.282, 5, 1365 MHz, 3996 MHz, 1093.09 W, 71
2026/10/07 20:42:33.282, 6, 1327 MHz, 3996 MHz, 1093.39 W, 62
2026/10/07 20:42:33.282, 7, 1357 MHz, 3996 MHz, 1087.62 W, 59
2026/10/07 20:42:34.282, 0, 1350 MHz, 3996 MHz, 1091.47 W, 70
2026/10/07 20:42:34.282, 1, 1320 MHz, 3996 MHz, 1091.21 W, 70
2026/10/07 20:42:34.282, 2, 1342 MHz, 3996 MHz, 1088.43 W, 61
2026/10/07 20:42:34.282, 3, 1357 MHz, 3996 MHz, 1089.11 W, 61
2026/10/07 20:42:34.282, 4, 1365 MHz, 3996 MHz, 1088.10 W, 71
2026/10/07 20:42:34.282, 5, 1357 MHz, 3996 MHz, 1092.47 W, 71
2026/10/07 20:42:34.282, 6, 1335 MHz, 3996 MHz, 1091.91 W, 62
2026/10/07 20:42:34.282, 7, 1357 MHz, 3996 MHz, 1085.66 W, 59
2026/10/07 20:42:35.282, 0, 1327 MHz, 3996 MHz, 1089.57 W, 69
2026/10/07 20:42:35.282, 1, 1305 MHz, 3996 MHz, 1092.25 W, 70
2026/10/07 20:42:35.282, 2, 1320 MHz, 3996 MHz, 1091.65 W, 61
2026/10/07 20:42:35.282, 3, 1357 MHz, 3996 MHz, 1088.69 W, 61
2026/10/07 20:42:35.282, 4, 1365 MHz, 3996 MHz, 1087.43 W, 72
2026/10/07 20:42:35.282, 5, 1372 MHz, 3996 MHz, 1087.65 W, 71
2026/10/07 20:42:35.282, 6, 1350 MHz, 3996 MHz, 1093.32 W, 62
2026/10/07 20:42:35.282, 7, 1365 MHz, 3996 MHz, 1087.81 W, 59
2026/10/07 20:42:36.282, 0, 1342 MHz, 3996 MHz, 1087.37 W, 70
2026/10/07 20:42:36.283, 1, 1327 MHz, 3996 MHz, 1089.97 W, 70
2026/10/07 20:42:36.283, 2, 1350 MHz, 3996 MHz, 1090.56 W, 61
2026/10/07 20:42:36.283, 3, 1372 MHz, 3996 MHz, 1088.92 W, 61
2026/10/07 20:42:36.283, 4, 1342 MHz, 3996 MHz, 1087.25 W, 72
2026/10/07 20:42:36.283, 5, 1357 MHz, 3996 MHz, 1090.90 W, 71
2026/10/07 20:42:36.283, 6, 1327 MHz, 3996 MHz, 1092.96 W, 61
2026/10/07 20:42:36.283, 7, 1357 MHz, 3996 MHz, 1087.03 W, 59
2026/10/07 20:42:37.283, 0, 1327 MHz, 3996 MHz, 1088.56 W, 69
2026/10/07 20:42:37.283, 1, 1320 MHz, 3996 MHz, 1091.61 W, 70
2026/10/07 20:42:37.283, 2, 1342 MHz, 3996 MHz, 1091.01 W, 61
2026/10/07 20:42:37.283, 3, 1350 MHz, 3996 MHz, 1088.26 W, 61
2026/10/07 20:42:37.283, 4, 1342 MHz, 3996 MHz, 1088.07 W, 72
2026/10/07 20:42:37.283, 5, 1365 MHz, 3996 MHz, 1086.29 W, 71
2026/10/07 20:42:37.283, 6, 1327 MHz, 3996 MHz, 1090.43 W, 61
2026/10/07 20:42:37.283, 7, 1357 MHz, 3996 MHz, 1085.33 W, 59
2026/10/07 20:42:38.283, 0, 1342 MHz, 3996 MHz, 1085.34 W, 69
2026/10/07 20:42:38.283, 1, 1342 MHz, 3996 MHz, 1090.60 W, 70
2026/10/07 20:42:38.283, 2, 1350 MHz, 3996 MHz, 1090.79 W, 61
2026/10/07 20:42:38.283, 3, 1365 MHz, 3996 MHz, 1085.27 W, 61
2026/10/07 20:42:38.283, 4, 1365 MHz, 3996 MHz, 1086.38 W, 71
2026/10/07 20:42:38.283, 5, 2032 MHz, 3996 MHz, 1063.05 W, 66
2026/10/07 20:42:38.283, 6, 2032 MHz, 3996 MHz, 1063.76 W, 57
2026/10/07 20:42:38.283, 7, 1327 MHz, 3996 MHz, 1086.85 W, 59
2026/10/07 20:42:39.284, 0, 1342 MHz, 3996 MHz, 1085.43 W, 69
2026/10/07 20:42:39.284, 1, 1987 MHz, 3996 MHz, 1076.16 W, 65
2026/10/07 20:42:39.284, 2, 2032 MHz, 3996 MHz, 1061.99 W, 56
2026/10/07 20:42:39.284, 3, 2032 MHz, 3996 MHz, 1053.67 W, 56
2026/10/07 20:42:39.284, 4, 2032 MHz, 3996 MHz, 1063.95 W, 67
2026/10/07 20:42:39.284, 5, 2032 MHz, 3996 MHz, 1079.54 W, 66
2026/10/07 20:42:39.284, 6, 2032 MHz, 3996 MHz, 1087.78 W, 57
2026/10/07 20:42:39.284, 7, 1350 MHz, 3996 MHz, 1082.34 W, 59
2026/10/07 20:42:40.284, 0, 2017 MHz, 3996 MHz, 1068.95 W, 64
2026/10/07 20:42:40.284, 1, 1987 MHz, 3996 MHz, 1089.23 W, 65
2026/10/07 20:42:40.284, 2, 2032 MHz, 3996 MHz, 1081.99 W, 56
2026/10/07 20:42:40.284, 3, 2032 MHz, 3996 MHz, 1069.55 W, 56
2026/10/07 20:42:40.284, 4, 2032 MHz, 3996 MHz, 1085.64 W, 67
2026/10/07 20:42:40.284, 5, 2032 MHz, 3996 MHz, 1078.60 W, 66
2026/10/07 20:42:40.284, 6, 2032 MHz, 3996 MHz, 1087.23 W, 56
2026/10/07 20:42:40.284, 7, 2032 MHz, 3996 MHz, 1053.68 W, 54
2026/10/07 20:42:41.284, 0, 2017 MHz, 3996 MHz, 1096.03 W, 65
2026/10/07 20:42:41.284, 1, 2002 MHz, 3996 MHz, 1088.83 W, 65
2026/10/07 20:42:41.284, 2, 2032 MHz, 3996 MHz, 1081.40 W, 56
2026/10/07 20:42:41.284, 3, 2032 MHz, 3996 MHz, 1068.31 W, 56
2026/10/07 20:42:41.284, 4, 2032 MHz, 3996 MHz, 1085.07 W, 67
2026/10/07 20:42:41.284, 5, 2032 MHz, 3996 MHz, 1078.09 W, 66
2026/10/07 20:42:41.284, 6, 2032 MHz, 3996 MHz, 1086.90 W, 56
2026/10/07 20:42:41.284, 7, 2032 MHz, 3996 MHz, 1068.24 W, 54
2026/10/07 20:42:42.285, 0, 2025 MHz, 3996 MHz, 1093.60 W, 65
2026/10/07 20:42:42.285, 1, 1987 MHz, 3996 MHz, 1088.26 W, 65
2026/10/07 20:42:42.285, 2, 2032 MHz, 3996 MHz, 1081.00 W, 55
2026/10/07 20:42:42.285, 3, 2032 MHz, 3996 MHz, 1067.65 W, 56
2026/10/07 20:42:42.285, 4, 2032 MHz, 3996 MHz, 1084.54 W, 66
2026/10/07 20:42:42.285, 5, 2032 MHz, 3996 MHz, 1077.27 W, 66
2026/10/07 20:42:42.285, 6, 2032 MHz, 3996 MHz, 1085.97 W, 56
2026/10/07 20:42:42.285, 7, 2032 MHz, 3996 MHz, 1067.94 W, 54
2026/10/07 20:42:43.285, 0, 2017 MHz, 3996 MHz, 1093.00 W, 64
2026/10/07 20:42:43.285, 1, 2002 MHz, 3996 MHz, 1088.03 W, 65
2026/10/07 20:42:43.285, 2, 2032 MHz, 3996 MHz, 1080.41 W, 55
2026/10/07 20:42:43.285, 3, 2032 MHz, 3996 MHz, 1067.25 W, 56
2026/10/07 20:42:43.285, 4, 2032 MHz, 3996 MHz, 1083.36 W, 66
2026/10/07 20:42:43.285, 5, 2032 MHz, 3996 MHz, 1077.66 W, 66
2026/10/07 20:42:43.285, 6, 2032 MHz, 3996 MHz, 1085.02 W, 56
2026/10/07 20:42:43.285, 7, 2032 MHz, 3996 MHz, 1067.38 W, 54
2026/10/07 20:42:44.285, 0, 2017 MHz, 3996 MHz, 1092.78 W, 64
2026/10/07 20:42:44.285, 1, 1987 MHz, 3996 MHz, 1090.68 W, 65
2026/10/07 20:42:44.285, 2, 2032 MHz, 3996 MHz, 1079.78 W, 55
2026/10/07 20:42:44.285, 3, 2032 MHz, 3996 MHz, 1067.49 W, 56
2026/10/07 20:42:44.285, 4, 2032 MHz, 3996 MHz, 1084.05 W, 66
2026/10/07 20:42:44.285, 5, 2032 MHz, 3996 MHz, 1079.29 W, 66
2026/10/07 20:42:44.285, 6, 2032 MHz, 3996 MHz, 1086.94 W, 56
2026/10/07 20:42:44.285, 7, 2032 MHz, 3996 MHz, 1066.95 W, 53
2026/10/07 20:42:45.286, 0, 2010 MHz, 3996 MHz, 1094.68 W, 64
2026/10/07 20:42:45.286, 1, 2002 MHz, 3996 MHz, 1090.64 W, 65
2026/10/07 20:42:45.286, 2, 2032 MHz, 3996 MHz, 1081.30 W, 55
2026/10/07 20:42:45.286, 3, 2032 MHz, 3996 MHz, 1069.01 W, 56
2026/10/07 20:42:45.286, 4, 2032 MHz, 3996 MHz, 1085.95 W, 66
2026/10/07 20:42:45.286, 5, 2032 MHz, 3996 MHz, 1078.93 W, 66
2026/10/07 20:42:45.286, 6, 2032 MHz, 3996 MHz, 1087.55 W, 56
2026/10/07 20:42:45.286, 7, 2032 MHz, 3996 MHz, 1065.60 W, 53
2026/10/07 20:42:46.286, 0, 2017 MHz, 3996 MHz, 1094.26 W, 64
2026/10/07 20:42:46.286, 1, 2002 MHz, 3996 MHz, 1089.00 W, 65
2026/10/07 20:42:46.286, 2, 2032 MHz, 3996 MHz, 1081.94 W, 55
2026/10/07 20:42:46.286, 3, 2032 MHz, 3996 MHz, 1068.93 W, 56
2026/10/07 20:42:46.286, 4, 2032 MHz, 3996 MHz, 1086.08 W, 66
2026/10/07 20:42:46.286, 5, 2032 MHz, 3996 MHz, 1079.62 W, 66
2026/10/07 20:42:46.286, 6, 2032 MHz, 3996 MHz, 1086.68 W, 56
2026/10/07 20:42:46.286, 7, 2032 MHz, 3996 MHz, 1068.09 W, 53
2026/10/07 20:42:47.286, 0, 2017 MHz, 3996 MHz, 1094.44 W, 64
2026/10/07 20:42:47.286, 1, 1987 MHz, 3996 MHz, 1090.67 W, 65
2026/10/07 20:42:47.286, 2, 2032 MHz, 3996 MHz, 1080.97 W, 55
2026/10/07 20:42:47.286, 3, 2032 MHz, 3996 MHz, 1068.76 W, 55
2026/10/07 20:42:47.286, 4, 2032 MHz, 3996 MHz, 1085.47 W, 66
2026/10/07 20:42:47.286, 5, 2032 MHz, 3996 MHz, 1078.34 W, 65
2026/10/07 20:42:47.286, 6, 2032 MHz, 3996 MHz, 1086.68 W, 56
2026/10/07 20:42:47.286, 7, 2032 MHz, 3996 MHz, 1068.23 W, 53
2026/10/07 20:42:48.287, 0, 2010 MHz, 3996 MHz, 1094.52 W, 64
2026/10/07 20:42:48.287, 1, 2002 MHz, 3996 MHz, 1089.55 W, 65
2026/10/07 20:42:48.287, 2, 2032 MHz, 3996 MHz, 1081.01 W, 55
2026/10/07 20:42:48.287, 3, 2032 MHz, 3996 MHz, 1068.36 W, 55
2026/10/07 20:42:48.287, 4, 2032 MHz, 3996 MHz, 1084.52 W, 66
2026/10/07 20:42:48.287, 5, 2032 MHz, 3996 MHz, 1077.95 W, 65
2026/10/07 20:42:48.287, 6, 2032 MHz, 3996 MHz, 1086.05 W, 56
2026/10/07 20:42:48.287, 7, 2032 MHz, 3996 MHz, 1068.24 W, 53
2026/10/07 20:42:49.287, 0, 2017 MHz, 3996 MHz, 1094.13 W, 64
2026/10/07 20:42:49.287, 1, 1987 MHz, 3996 MHz, 1089.86 W, 65
2026/10/07 20:42:49.287, 2, 2032 MHz, 3996 MHz, 1080.34 W, 55
2026/10/07 20:42:49.287, 3, 2032 MHz, 3996 MHz, 1068.62 W, 55
2026/10/07 20:42:49.287, 4, 2032 MHz, 3996 MHz, 1083.97 W, 66
2026/10/07 20:42:49.287, 5, 2032 MHz, 3996 MHz, 1077.38 W, 65
2026/10/07 20:42:49.287, 6, 2032 MHz, 3996 MHz, 1084.73 W, 56
2026/10/07 20:42:49.287, 7, 2032 MHz, 3996 MHz, 1067.22 W, 53
2026/10/07 20:42:50.287, 0, 2017 MHz, 3996 MHz, 1092.39 W, 64
2026/10/07 20:42:50.287, 1, 1987 MHz, 3996 MHz, 1089.96 W, 65
2026/10/07 20:42:50.287, 2, 2032 MHz, 3996 MHz, 1079.66 W, 55
2026/10/07 20:42:50.287, 3, 2032 MHz, 3996 MHz, 1066.86 W, 55
2026/10/07 20:42:50.287, 4, 2032 MHz, 3996 MHz, 1082.64 W, 66
2026/10/07 20:42:50.288, 5, 2032 MHz, 3996 MHz, 1078.97 W, 65
2026/10/07 20:42:50.288, 6, 2032 MHz, 3996 MHz, 1086.21 W, 56
2026/10/07 20:42:50.288, 7, 2032 MHz, 3996 MHz, 1066.27 W, 53
2026/10/07 20:42:51.288, 0, 2010 MHz, 3996 MHz, 1093.76 W, 64
2026/10/07 20:42:51.288, 1, 1987 MHz, 3996 MHz, 1089.34 W, 65
2026/10/07 20:42:51.288, 2, 2032 MHz, 3996 MHz, 1080.99 W, 55
2026/10/07 20:42:51.288, 3, 2032 MHz, 3996 MHz, 1067.94 W, 55
2026/10/07 20:42:51.288, 4, 2032 MHz, 3996 MHz, 1085.30 W, 66
2026/10/07 20:42:51.288, 5, 2032 MHz, 3996 MHz, 1079.45 W, 65
2026/10/07 20:42:51.288, 6, 2032 MHz, 3996 MHz, 1087.05 W, 56
2026/10/07 20:42:51.288, 7, 2032 MHz, 3996 MHz, 1065.59 W, 53
2026/10/07 20:42:52.288, 0, 2010 MHz, 3996 MHz, 1093.18 W, 64
2026/10/07 20:42:52.288, 1, 2002 MHz, 3996 MHz, 1089.49 W, 65
2026/10/07 20:42:52.288, 2, 2032 MHz, 3996 MHz, 1081.49 W, 55
2026/10/07 20:42:52.288, 3, 2032 MHz, 3996 MHz, 1068.68 W, 55
2026/10/07 20:42:52.288, 4, 2032 MHz, 3996 MHz, 1085.46 W, 66
2026/10/07 20:42:52.288, 5, 2032 MHz, 3996 MHz, 1078.58 W, 65
2026/10/07 20:42:52.288, 6, 2032 MHz, 3996 MHz, 1087.04 W, 56
2026/10/07 20:42:52.288, 7, 2032 MHz, 3996 MHz, 1066.95 W, 53
2026/10/07 20:42:53.288, 0, 2010 MHz, 3996 MHz, 1093.69 W, 64
2026/10/07 20:42:53.288, 1, 2002 MHz, 3996 MHz, 1091.57 W, 65
2026/10/07 20:42:53.288, 2, 2032 MHz, 3996 MHz, 1080.94 W, 55
2026/10/07 20:42:53.288, 3, 2032 MHz, 3996 MHz, 1067.79 W, 55
2026/10/07 20:42:53.288, 4, 2032 MHz, 3996 MHz, 1085.12 W, 66
2026/10/07 20:42:53.288, 5, 2032 MHz, 3996 MHz, 1079.11 W, 65
2026/10/07 20:42:53.289, 6, 2032 MHz, 3996 MHz, 1086.57 W, 56
2026/10/07 20:42:53.289, 7, 2032 MHz, 3996 MHz, 1067.75 W, 53
2026/10/07 20:42:54.289, 0, 2010 MHz, 3996 MHz, 1093.87 W, 64
2026/10/07 20:42:54.289, 1, 2002 MHz, 3996 MHz, 1089.56 W, 65
2026/10/07 20:42:54.289, 2, 2032 MHz, 3996 MHz, 1080.74 W, 55
2026/10/07 20:42:54.289, 3, 2032 MHz, 3996 MHz, 1067.95 W, 55
2026/10/07 20:42:54.289, 4, 2032 MHz, 3996 MHz, 1084.93 W, 66
2026/10/07 20:42:54.289, 5, 2032 MHz, 3996 MHz, 1078.65 W, 65
2026/10/07 20:42:54.289, 6, 2032 MHz, 3996 MHz, 1085.92 W, 56
2026/10/07 20:42:54.289, 7, 2032 MHz, 3996 MHz, 1067.45 W, 53
2026/10/07 20:42:55.289, 0, 2025 MHz, 3996 MHz, 1093.58 W, 64
2026/10/07 20:42:55.289, 1, 1987 MHz, 3996 MHz, 1090.83 W, 64
2026/10/07 20:42:55.289, 2, 2032 MHz, 3996 MHz, 1080.29 W, 55
2026/10/07 20:42:55.289, 3, 2032 MHz, 3996 MHz, 1067.36 W, 55
2026/10/07 20:42:55.289, 4, 2032 MHz, 3996 MHz, 1084.32 W, 66
2026/10/07 20:42:55.289, 5, 2032 MHz, 3996 MHz, 1077.52 W, 65
2026/10/07 20:42:55.289, 6, 2032 MHz, 3996 MHz, 1085.65 W, 56
2026/10/07 20:42:55.289, 7, 2032 MHz, 3996 MHz, 1067.12 W, 53
2026/10/07 20:42:56.289, 0, 2010 MHz, 3996 MHz, 1094.52 W, 64
2026/10/07 20:42:56.289, 1, 2002 MHz, 3996 MHz, 1091.47 W, 64
2026/10/07 20:42:56.289, 2, 2032 MHz, 3996 MHz, 1078.90 W, 54
2026/10/07 20:42:56.289, 3, 2032 MHz, 3996 MHz, 1067.08 W, 55
2026/10/07 20:42:56.289, 4, 2032 MHz, 3996 MHz, 1083.85 W, 66
2026/10/07 20:42:56.289, 5, 2032 MHz, 3996 MHz, 1077.42 W, 65
2026/10/07 20:42:56.289, 6, 2032 MHz, 3996 MHz, 1084.57 W, 55
2026/10/07 20:42:56.290, 7, 2032 MHz, 3996 MHz, 1065.32 W, 53
2026/10/07 20:42:57.290, 0, 2017 MHz, 3996 MHz, 1093.80 W, 64
2026/10/07 20:42:57.290, 1, 1987 MHz, 3996 MHz, 1092.36 W, 64
2026/10/07 20:42:57.290, 2, 2032 MHz, 3996 MHz, 1080.28 W, 54
2026/10/07 20:42:57.290, 3, 2032 MHz, 3996 MHz, 1067.93 W, 55
2026/10/07 20:42:57.290, 4, 2032 MHz, 3996 MHz, 1084.15 W, 66
2026/10/07 20:42:57.290, 5, 2032 MHz, 3996 MHz, 1079.32 W, 65
2026/10/07 20:42:57.290, 6, 2032 MHz, 3996 MHz, 1085.84 W, 55
2026/10/07 20:42:57.290, 7, 2032 MHz, 3996 MHz, 1066.11 W, 53
2026/10/07 20:42:58.290, 0, 2025 MHz, 3996 MHz, 1094.52 W, 64
2026/10/07 20:42:58.290, 1, 2002 MHz, 3996 MHz, 1089.47 W, 64
2026/10/07 20:42:58.290, 2, 2032 MHz, 3996 MHz, 1080.95 W, 54
2026/10/07 20:42:58.290, 3, 2032 MHz, 3996 MHz, 1068.55 W, 55
2026/10/07 20:42:58.290, 4, 2032 MHz, 3996 MHz, 1084.65 W, 66
2026/10/07 20:42:58.290, 5, 2032 MHz, 3996 MHz, 1079.28 W, 65
2026/10/07 20:42:58.290, 6, 2032 MHz, 3996 MHz, 1087.43 W, 55
2026/10/07 20:42:58.290, 7, 2032 MHz, 3996 MHz, 1065.31 W, 52
2026/10/07 20:42:59.290, 0, 2017 MHz, 3996 MHz, 1094.21 W, 64
2026/10/07 20:42:59.290, 1, 1987 MHz, 3996 MHz, 1089.97 W, 64
2026/10/07 20:42:59.290, 2, 2032 MHz, 3996 MHz, 1080.89 W, 54
2026/10/07 20:42:59.290, 3, 2032 MHz, 3996 MHz, 1069.43 W, 54
2026/10/07 20:42:59.290, 4, 2032 MHz, 3996 MHz, 1085.06 W, 66
2026/10/07 20:42:59.290, 5, 2032 MHz, 3996 MHz, 1079.11 W, 65
2026/10/07 20:42:59.290, 6, 2032 MHz, 3996 MHz, 1086.70 W, 55
2026/10/07 20:42:59.290, 7, 2032 MHz, 3996 MHz, 1066.91 W, 52
2026/10/07 20:43:00.291, 0, 2010 MHz, 3996 MHz, 1092.95 W, 63
2026/10/07 20:43:00.291, 1, 2002 MHz, 3996 MHz, 1089.67 W, 64
2026/10/07 20:43:00.291, 2, 2032 MHz, 3996 MHz, 1080.44 W, 54
2026/10/07 20:43:00.291, 3, 2032 MHz, 3996 MHz, 1069.73 W, 54
2026/10/07 20:43:00.291, 4, 2032 MHz, 3996 MHz, 1085.01 W, 66
2026/10/07 20:43:00.291, 5, 2032 MHz, 3996 MHz, 1078.16 W, 65
2026/10/07 20:43:00.291, 6, 2032 MHz, 3996 MHz, 1086.54 W, 55
2026/10/07 20:43:00.291, 7, 2032 MHz, 3996 MHz, 1067.69 W, 52
2026/10/07 20:43:01.291, 0, 2010 MHz, 3996 MHz, 1093.78 W, 63
2026/10/07 20:43:01.291, 1, 2002 MHz, 3996 MHz, 1088.32 W, 64
2026/10/07 20:43:01.291, 2, 2032 MHz, 3996 MHz, 1079.71 W, 54
2026/10/07 20:43:01.291, 3, 2032 MHz, 3996 MHz, 1068.71 W, 54
2026/10/07 20:43:01.291, 4, 2032 MHz, 3996 MHz, 1084.32 W, 66
2026/10/07 20:43:01.291, 5, 2032 MHz, 3996 MHz, 1078.20 W, 65
2026/10/07 20:43:01.291, 6, 2032 MHz, 3996 MHz, 1085.00 W, 55
2026/10/07 20:43:01.291, 7, 2032 MHz, 3996 MHz, 1067.02 W, 52
2026/10/07 20:43:02.291, 0, 2017 MHz, 3996 MHz, 1093.77 W, 63
2026/10/07 20:43:02.291, 1, 2002 MHz, 3996 MHz, 1091.22 W, 64
2026/10/07 20:43:02.291, 2, 2032 MHz, 3996 MHz, 1079.15 W, 54
2026/10/07 20:43:02.291, 3, 2032 MHz, 3996 MHz, 1067.76 W, 54
2026/10/07 20:43:02.291, 4, 2032 MHz, 3996 MHz, 1083.72 W, 65
2026/10/07 20:43:02.292, 5, 1470 MHz, 3996 MHz, 1089.01 W, 68
2026/10/07 20:43:02.292, 6, 2032 MHz, 3996 MHz, 1083.38 W, 55
2026/10/07 20:43:02.292, 7, 2032 MHz, 3996 MHz, 1066.29 W, 52
2026/10/07 20:43:03.292, 0, 2017 MHz, 3996 MHz, 1094.18 W, 63
2026/10/07 20:43:03.292, 1, 1327 MHz, 3996 MHz, 1099.25 W, 68
2026/10/07 20:43:03.292, 2, 1342 MHz, 3996 MHz, 1089.88 W, 59
2026/10/07 20:43:03.292, 3, 1327 MHz, 3996 MHz, 1086.66 W, 59
2026/10/07 20:43:03.292, 4, 1365 MHz, 3996 MHz, 1095.60 W, 70
2026/10/07 20:43:03.292, 5, 1372 MHz, 3996 MHz, 1087.96 W, 69
2026/10/07 20:43:03.292, 6, 1342 MHz, 3996 MHz, 1094.51 W, 60
2026/10/07 20:43:03.292, 7, 2032 MHz, 3996 MHz, 1066.94 W, 52
2026/10/07 20:43:04.292, 0, 2032 MHz, 3996 MHz, 1095.39 W, 63
2026/10/07 20:43:04.292, 1, 1327 MHz, 3996 MHz, 1084.34 W, 69
2026/10/07 20:43:04.292, 2, 1320 MHz, 3996 MHz, 1088.50 W, 58
2026/10/07 20:43:04.292, 3, 1387 MHz, 3996 MHz, 1087.44 W, 59
2026/10/07 20:43:04.292, 4, 1365 MHz, 3996 MHz, 1088.70 W, 70
2026/10/07 20:43:04.292, 5, 1380 MHz, 3996 MHz, 1089.57 W, 69
2026/10/07 20:43:04.292, 6, 1335 MHz, 3996 MHz, 1088.76 W, 60
2026/10/07 20:43:04.292, 7, 1462 MHz, 3996 MHz, 1079.63 W, 56
2026/10/07 20:43:05.292, 0, 1327 MHz, 3996 MHz, 1099.25 W, 68
2026/10/07 20:43:05.293, 1, 1297 MHz, 3996 MHz, 1087.69 W, 68
2026/10/07 20:43:05.293, 2, 1365 MHz, 3996 MHz, 1088.33 W, 59
2026/10/07 20:43:05.293, 3, 1357 MHz, 3996 MHz, 1088.02 W, 59
2026/10/07 20:43:05.293, 4, 1365 MHz, 3996 MHz, 1085.96 W, 70
2026/10/07 20:43:05.293, 5, 1365 MHz, 3996 MHz, 1089.89 W, 69
2026/10/07 20:43:05.293, 6, 1342 MHz, 3996 MHz, 1091.07 W, 60
2026/10/07 20:43:05.293, 7, 1365 MHz, 3996 MHz, 1086.46 W, 57
2026/10/07 20:43:06.293, 0, 1342 MHz, 3996 MHz, 1088.96 W, 68
2026/10/07 20:43:06.293, 1, 1312 MHz, 3996 MHz, 1089.90 W, 68
2026/10/07 20:43:06.293, 2, 1350 MHz, 3996 MHz, 1089.68 W, 58
2026/10/07 20:43:06.293, 3, 1372 MHz, 3996 MHz, 1086.66 W, 59
2026/10/07 20:43:06.293, 4, 1327 MHz, 3996 MHz, 1088.48 W, 70
2026/10/07 20:43:06.293, 5, 1372 MHz, 3996 MHz, 1090.68 W, 69
2026/10/07 20:43:06.293, 6, 1350 MHz, 3996 MHz, 1091.76 W, 60
2026/10/07 20:43:06.293, 7, 1365 MHz, 3996 MHz, 1085.93 W, 57
2026/10/07 20:43:07.293, 0, 1327 MHz, 3996 MHz, 1088.13 W, 68
2026/10/07 20:43:07.293, 1, 1312 MHz, 3996 MHz, 1090.52 W, 68
2026/10/07 20:43:07.293, 2, 1365 MHz, 3996 MHz, 1088.27 W, 58
2026/10/07 20:43:07.293, 3, 1372 MHz, 3996 MHz, 1087.85 W, 59
2026/10/07 20:43:07.293, 4, 1365 MHz, 3996 MHz, 1086.68 W, 70
2026/10/07 20:43:07.293, 5, 1387 MHz, 3996 MHz, 1089.47 W, 69
2026/10/07 20:43:07.293, 6, 1350 MHz, 3996 MHz, 1089.69 W, 59
2026/10/07 20:43:07.293, 7, 1357 MHz, 3996 MHz, 1085.48 W, 57
2026/10/07 20:43:08.294, 0, 1350 MHz, 3996 MHz, 1088.47 W, 67
2026/10/07 20:43:08.294, 1, 1320 MHz, 3996 MHz, 1087.92 W, 68
2026/10/07 20:43:08.294, 2, 1365 MHz, 3996 MHz, 1087.97 W, 58
2026/10/07 20:43:08.294, 3, 1365 MHz, 3996 MHz, 1088.43 W, 59
2026/10/07 20:43:08.294, 4, 1350 MHz, 3996 MHz, 1087.58 W, 70
2026/10/07 20:43:08.294, 5, 1395 MHz, 3996 MHz, 1091.32 W, 69
2026/10/07 20:43:08.294, 6, 1350 MHz, 3996 MHz, 1093.55 W, 59
2026/10/07 20:43:08.294, 7, 1357 MHz, 3996 MHz, 1085.80 W, 57
2026/10/07 20:43:09.294, 0, 1327 MHz, 3996 MHz, 1087.84 W, 68
2026/10/07 20:43:09.294, 1, 1320 MHz, 3996 MHz, 1089.94 W, 68
2026/10/07 20:43:09.294, 2, 1342 MHz, 3996 MHz, 1088.89 W, 58
2026/10/07 20:43:09.294, 3, 1357 MHz, 3996 MHz, 1087.94 W, 59
2026/10/07 20:43:09.294, 4, 1365 MHz, 3996 MHz, 1085.89 W, 70
2026/10/07 20:43:09.294, 5, 1365 MHz, 3996 MHz, 1092.71 W, 69
2026/10/07 20:43:09.294, 6, 1365 MHz, 3996 MHz, 1093.29 W, 60
2026/10/07 20:43:09.294, 7, 1357 MHz, 3996 MHz, 1088.12 W, 57
2026/10/07 20:43:10.294, 0, 1335 MHz, 3996 MHz, 1090.24 W, 68
2026/10/07 20:43:10.294, 1, 1320 MHz, 3996 MHz, 1087.76 W, 68
2026/10/07 20:43:10.294, 2, 1350 MHz, 3996 MHz, 1088.54 W, 58
2026/10/07 20:43:10.294, 3, 1357 MHz, 3996 MHz, 1090.10 W, 59
2026/10/07 20:43:10.294, 4, 1365 MHz, 3996 MHz, 1084.48 W, 70
2026/10/07 20:43:10.294, 5, 1380 MHz, 3996 MHz, 1091.00 W, 69
2026/10/07 20:43:10.294, 6, 1365 MHz, 3996 MHz, 1091.36 W, 59
2026/10/07 20:43:10.294, 7, 1365 MHz, 3996 MHz, 1085.95 W, 56
2026/10/07 20:43:11.295, 0, 1327 MHz, 3996 MHz, 1088.95 W, 67
2026/10/07 20:43:11.297, 1, 1327 MHz, 3996 MHz, 1090.67 W, 68
2026/10/07 20:43:11.297, 2, 1335 MHz, 3996 MHz, 1089.92 W, 58
2026/10/07 20:43:11.297, 3, 1365 MHz, 3996 MHz, 1087.59 W, 58
2026/10/07 20:43:11.297, 4, 1327 MHz, 3996 MHz, 1085.88 W, 69
2026/10/07 20:43:11.297, 5, 1372 MHz, 3996 MHz, 1089.80 W, 69
2026/10/07 20:43:11.297, 6, 1327 MHz, 3996 MHz, 1091.19 W, 59
2026/10/07 20:43:11.297, 7, 1357 MHz, 3996 MHz, 1084.66 W, 56
2026/10/07 20:43:12.297, 0, 1335 MHz, 3996 MHz, 1087.98 W, 67
2026/10/07 20:43:12.297, 1, 1320 MHz, 3996 MHz, 1087.52 W, 68
2026/10/07 20:43:12.297, 2, 1342 MHz, 3996 MHz, 1088.14 W, 58
2026/10/07 20:43:12.297, 3, 1357 MHz, 3996 MHz, 1086.03 W, 58
2026/10/07 20:43:12.297, 4, 1365 MHz, 3996 MHz, 1086.98 W, 69
2026/10/07 20:43:12.297, 5, 2032 MHz, 3996 MHz, 1064.35 W, 64
2026/10/07 20:43:12.297, 6, 1837 MHz, 3996 MHz, 1076.09 W, 54
2026/10/07 20:43:12.297, 7, 1365 MHz, 3996 MHz, 1086.82 W, 56
2026/10/07 20:43:13.298, 0, 1357 MHz, 3996 MHz, 1087.74 W, 67
2026/10/07 20:43:13.298, 1, 2017 MHz, 3996 MHz, 1067.32 W, 63
2026/10/07 20:43:13.298, 2, 2032 MHz, 3996 MHz, 1062.64 W, 53
2026/10/07 20:43:13.298, 3, 2032 MHz, 3996 MHz, 1058.40 W, 53
2026/10/07 20:43:13.298, 4, 2032 MHz, 3996 MHz, 1057.78 W, 65
2026/10/07 20:43:13.298, 5, 2032 MHz, 3996 MHz, 1071.28 W, 64
2026/10/07 20:43:13.298, 6, 2032 MHz, 3996 MHz, 1070.05 W, 54
2026/10/07 20:43:13.298, 7, 1357 MHz, 3996 MHz, 1080.49 W, 56
2026/10/07 20:43:14.298, 0, 1350 MHz, 3996 MHz, 1089.07 W, 67
2026/10/07 20:43:14.298, 1, 2017 MHz, 3996 MHz, 1096.73 W, 63
2026/10/07 20:43:14.298, 2, 2032 MHz, 3996 MHz, 1070.88 W, 53
2026/10/07 20:43:14.298, 3, 2032 MHz, 3996 MHz, 1058.10 W, 53
2026/10/07 20:43:14.298, 4, 2032 MHz, 3996 MHz, 1076.04 W, 64
2026/10/07 20:43:14.298, 5, 2032 MHz, 3996 MHz, 1069.86 W, 64
2026/10/07 20:43:14.298, 6, 2032 MHz, 3996 MHz, 1078.10 W, 54
2026/10/07 20:43:14.298, 7, 2032 MHz, 3996 MHz, 1056.60 W, 51
2026/10/07 20:43:15.298, 0, 2032 MHz, 3996 MHz, 1067.21 W, 62
2026/10/07 20:43:15.298, 1, 2010 MHz, 3996 MHz, 1093.43 W, 63
2026/10/07 20:43:15.298, 2, 2032 MHz, 3996 MHz, 1070.05 W, 53
2026/10/07 20:43:15.298, 3, 2032 MHz, 3996 MHz, 1056.95 W, 53
2026/10/07 20:43:15.298, 4, 2032 MHz, 3996 MHz, 1075.79 W, 64
2026/10/07 20:43:15.299, 5, 2032 MHz, 3996 MHz, 1069.12 W, 64
2026/10/07 20:43:15.299, 6, 2032 MHz, 3996 MHz, 1076.86 W, 54
2026/10/07 20:43:15.299, 7, 2032 MHz, 3996 MHz, 1057.90 W, 51
2026/10/07 20:43:16.299, 0, 2032 MHz, 3996 MHz, 1091.85 W, 62
2026/10/07 20:43:16.299, 1, 2017 MHz, 3996 MHz, 1093.46 W, 63
2026/10/07 20:43:16.299, 2, 2032 MHz, 3996 MHz, 1069.51 W, 52
2026/10/07 20:43:16.299, 3, 2032 MHz, 3996 MHz, 1055.85 W, 53
2026/10/07 20:43:16.299, 4, 2032 MHz, 3996 MHz, 1075.42 W, 64
2026/10/07 20:43:16.299, 5, 2032 MHz, 3996 MHz, 1068.79 W, 64
2026/10/07 20:43:16.299, 6, 2032 MHz, 3996 MHz, 1076.54 W, 54
2026/10/07 20:43:16.299, 7, 2032 MHz, 3996 MHz, 1057.23 W, 51
2026/10/07 20:43:17.299, 0, 2032 MHz, 3996 MHz, 1091.06 W, 62
2026/10/07 20:43:17.299, 1, 2025 MHz, 3996 MHz, 1093.47 W, 63
2026/10/07 20:43:17.299, 2, 2032 MHz, 3996 MHz, 1068.08 W, 52
2026/10/07 20:43:17.299, 3, 2032 MHz, 3996 MHz, 1055.80 W, 53
2026/10/07 20:43:17.299, 4, 2032 MHz, 3996 MHz, 1075.06 W, 64
2026/10/07 20:43:17.299, 5, 2032 MHz, 3996 MHz, 1068.99 W, 64
2026/10/07 20:43:17.299, 6, 2032 MHz, 3996 MHz, 1075.37 W, 54
2026/10/07 20:43:17.299, 7, 2032 MHz, 3996 MHz, 1056.07 W, 51
2026/10/07 20:43:18.299, 0, 2032 MHz, 3996 MHz, 1090.41 W, 62
2026/10/07 20:43:18.299, 1, 2025 MHz, 3996 MHz, 1094.00 W, 63
2026/10/07 20:43:18.299, 2, 2032 MHz, 3996 MHz, 1068.41 W, 52
2026/10/07 20:43:18.299, 3, 2032 MHz, 3996 MHz, 1054.82 W, 53
2026/10/07 20:43:18.299, 4, 2032 MHz, 3996 MHz, 1074.37 W, 64
2026/10/07 20:43:18.299, 5, 2032 MHz, 3996 MHz, 1069.61 W, 64
2026/10/07 20:43:18.299, 6, 2032 MHz, 3996 MHz, 1076.55 W, 54
2026/10/07 20:43:18.300, 7, 2032 MHz, 3996 MHz, 1055.30 W, 51
2026/10/07 20:43:19.300, 0, 2032 MHz, 3996 MHz, 1088.82 W, 62
2026/10/07 20:43:19.300, 1, 2010 MHz, 3996 MHz, 1094.28 W, 63
2026/10/07 20:43:19.300, 2, 2032 MHz, 3996 MHz, 1069.56 W, 52
2026/10/07 20:43:19.300, 3, 2032 MHz, 3996 MHz, 1056.54 W, 53
2026/10/07 20:43:19.300, 4, 2032 MHz, 3996 MHz, 1076.23 W, 64
2026/10/07 20:43:19.300, 5, 2032 MHz, 3996 MHz, 1070.27 W, 63
2026/10/07 20:43:19.300, 6, 2032 MHz, 3996 MHz, 1077.85 W, 54
2026/10/07 20:43:19.300, 7, 2032 MHz, 3996 MHz, 1054.86 W, 51
2026/10/07 20:43:20.300, 0, 2032 MHz, 3996 MHz, 1089.57 W, 62
2026/10/07 20:43:20.300, 1, 2025 MHz, 3996 MHz, 1094.04 W, 63
2026/10/07 20:43:20.300, 2, 2032 MHz, 3996 MHz, 1069.21 W, 52
2026/10/07 20:43:20.300, 3, 2032 MHz, 3996 MHz, 1056.79 W, 53
2026/10/07 20:43:20.300, 4, 2032 MHz, 3996 MHz, 1077.49 W, 64
2026/10/07 20:43:20.300, 5, 2032 MHz, 3996 MHz, 1070.00 W, 63
2026/10/07 20:43:20.300, 6, 2032 MHz, 3996 MHz, 1077.91 W, 54
2026/10/07 20:43:20.300, 7, 2032 MHz, 3996 MHz, 1056.31 W, 51
2026/10/07 20:43:21.300, 0, 2032 MHz, 3996 MHz, 1090.59 W, 62
2026/10/07 20:43:21.300, 1, 2017 MHz, 3996 MHz, 1094.13 W, 63
2026/10/07 20:43:21.300, 2, 2032 MHz, 3996 MHz, 1070.35 W, 52
2026/10/07 20:43:21.300, 3, 2032 MHz, 3996 MHz, 1056.50 W, 53
2026/10/07 20:43:21.300, 4, 2032 MHz, 3996 MHz, 1076.00 W, 64
2026/10/07 20:43:21.300, 5, 2032 MHz, 3996 MHz, 1069.71 W, 63
2026/10/07 20:43:21.300, 6, 2032 MHz, 3996 MHz, 1076.95 W, 53
2026/10/07 20:43:21.301, 7, 2032 MHz, 3996 MHz, 1057.18 W, 51
2026/10/07 20:43:22.301, 0, 2032 MHz, 3996 MHz, 1091.62 W, 62
2026/10/07 20:43:22.301, 1, 2010 MHz, 3996 MHz, 1094.64 W, 63
2026/10/07 20:43:22.301, 2, 2032 MHz, 3996 MHz, 1070.88 W, 52
2026/10/07 20:43:22.301, 3, 2032 MHz, 3996 MHz, 1056.10 W, 52
2026/10/07 20:43:22.301, 4, 2032 MHz, 3996 MHz, 1075.66 W, 64
2026/10/07 20:43:22.301, 5, 2032 MHz, 3996 MHz, 1069.16 W, 63
2026/10/07 20:43:22.301, 6, 2032 MHz, 3996 MHz, 1076.09 W, 53
2026/10/07 20:43:22.301, 7, 2032 MHz, 3996 MHz, 1057.06 W, 51
2026/10/07 20:43:23.301, 0, 2032 MHz, 3996 MHz, 1090.99 W, 62
2026/10/07 20:43:23.301, 1, 2017 MHz, 3996 MHz, 1093.78 W, 63
2026/10/07 20:43:23.301, 2, 2032 MHz, 3996 MHz, 1070.55 W, 52
2026/10/07 20:43:23.301, 3, 2032 MHz, 3996 MHz, 1055.36 W, 52
2026/10/07 20:43:23.301, 4, 2032 MHz, 3996 MHz, 1074.96 W, 64
2026/10/07 20:43:23.301, 5, 2032 MHz, 3996 MHz, 1068.92 W, 63
2026/10/07 20:43:23.301, 6, 2032 MHz, 3996 MHz, 1075.52 W, 53
2026/10/07 20:43:23.301, 7, 2032 MHz, 3996 MHz, 1055.86 W, 50
2026/10/07 20:43:24.301, 0, 2032 MHz, 3996 MHz, 1090.26 W, 62
2026/10/07 20:43:24.301, 1, 2025 MHz, 3996 MHz, 1093.75 W, 63
2026/10/07 20:43:24.301, 2, 2032 MHz, 3996 MHz, 1069.63 W, 52
2026/10/07 20:43:24.301, 3, 2032 MHz, 3996 MHz, 1054.93 W, 52
2026/10/07 20:43:24.301, 4, 2032 MHz, 3996 MHz, 1074.54 W, 64
2026/10/07 20:43:24.301, 5, 2032 MHz, 3996 MHz, 1069.50 W, 63
2026/10/07 20:43:24.301, 6, 2032 MHz, 3996 MHz, 1075.74 W, 53
2026/10/07 20:43:24.301, 7, 2032 MHz, 3996 MHz, 1056.02 W, 50
2026/10/07 20:43:25.302, 0, 2032 MHz, 3996 MHz, 1089.70 W, 62
2026/10/07 20:43:25.302, 1, 2010 MHz, 3996 MHz, 1093.94 W, 63
2026/10/07 20:43:25.302, 2, 2032 MHz, 3996 MHz, 1070.14 W, 52
2026/10/07 20:43:25.302, 3, 2032 MHz, 3996 MHz, 1055.87 W, 52
2026/10/07 20:43:25.302, 4, 2032 MHz, 3996 MHz, 1075.18 W, 64
2026/10/07 20:43:25.302, 5, 2032 MHz, 3996 MHz, 1071.02 W, 63
2026/10/07 20:43:25.302, 6, 2032 MHz, 3996 MHz, 1078.97 W, 53
2026/10/07 20:43:25.302, 7, 2032 MHz, 3996 MHz, 1054.92 W, 50
2026/10/07 20:43:26.302, 0, 2032 MHz, 3996 MHz, 1089.13 W, 62
2026/10/07 20:43:26.302, 1, 2002 MHz, 3996 MHz, 1093.99 W, 62
2026/10/07 20:43:26.302, 2, 2032 MHz, 3996 MHz, 1071.52 W, 52
2026/10/07 20:43:26.302, 3, 2032 MHz, 3996 MHz, 1056.76 W, 52
2026/10/07 20:43:26.302, 4, 2032 MHz, 3996 MHz, 1076.53 W, 64
2026/10/07 20:43:26.302, 5, 2032 MHz, 3996 MHz, 1070.15 W, 63
2026/10/07 20:43:26.302, 6, 2032 MHz, 3996 MHz, 1080.36 W, 53
2026/10/07 20:43:26.302, 7, 2032 MHz, 3996 MHz, 1054.86 W, 50
2026/10/07 20:43:27.302, 0, 2032 MHz, 3996 MHz, 1091.26 W, 62
2026/10/07 20:43:27.302, 1, 2017 MHz, 3996 MHz, 1095.04 W, 62
2026/10/07 20:43:27.302, 2, 2032 MHz, 3996 MHz, 1071.55 W, 52
2026/10/07 20:43:27.302, 3, 2032 MHz, 3996 MHz, 1057.09 W, 52
2026/10/07 20:43:27.302, 4, 2032 MHz, 3996 MHz, 1076.29 W, 64
2026/10/07 20:43:27.302, 5, 2032 MHz, 3996 MHz, 1069.32 W, 63
2026/10/07 20:43:27.302, 6, 2032 MHz, 3996 MHz, 1078.74 W, 53
2026/10/07 20:43:27.302, 7, 2032 MHz, 3996 MHz, 1059.04 W, 50
2026/10/07 20:43:28.303, 0, 2032 MHz, 3996 MHz, 1091.57 W, 62
2026/10/07 20:43:28.303, 1, 2010 MHz, 3996 MHz, 1094.05 W, 62
2026/10/07 20:43:28.303, 2, 2032 MHz, 3996 MHz, 1071.57 W, 52
2026/10/07 20:43:28.303, 3, 2032 MHz, 3996 MHz, 1056.85 W, 52
2026/10/07 20:43:28.303, 4, 2032 MHz, 3996 MHz, 1075.45 W, 63
2026/10/07 20:43:28.303, 5, 2032 MHz, 3996 MHz, 1069.01 W, 63
2026/10/07 20:43:28.303, 6, 2032 MHz, 3996 MHz, 1078.87 W, 53
2026/10/07 20:43:28.303, 7, 2032 MHz, 3996 MHz, 1057.67 W, 50
2026/10/07 20:43:29.303, 0, 2032 MHz, 3996 MHz, 1090.97 W, 61
2026/10/07 20:43:29.303, 1, 2017 MHz, 3996 MHz, 1094.12 W, 62
2026/10/07 20:43:29.303, 2, 2032 MHz, 3996 MHz, 1070.71 W, 52
2026/10/07 20:43:29.303, 3, 2032 MHz, 3996 MHz, 1056.59 W, 52
2026/10/07 20:43:29.303, 4, 2032 MHz, 3996 MHz, 1075.03 W, 63
2026/10/07 20:43:29.303, 5, 2032 MHz, 3996 MHz, 1067.78 W, 63
2026/10/07 20:43:29.303, 6, 2032 MHz, 3996 MHz, 1077.96 W, 53
2026/10/07 20:43:29.303, 7, 2032 MHz, 3996 MHz, 1056.98 W, 50
2026/10/07 20:43:30.303, 0, 2032 MHz, 3996 MHz, 1090.99 W, 61
2026/10/07 20:43:30.303, 1, 2017 MHz, 3996 MHz, 1093.22 W, 62
2026/10/07 20:43:30.303, 2, 2032 MHz, 3996 MHz, 1069.88 W, 52
2026/10/07 20:43:30.303, 3, 2032 MHz, 3996 MHz, 1055.17 W, 52
2026/10/07 20:43:30.303, 4, 2032 MHz, 3996 MHz, 1075.39 W, 63
2026/10/07 20:43:30.304, 5, 2032 MHz, 3996 MHz, 1067.95 W, 63
2026/10/07 20:43:30.304, 6, 2032 MHz, 3996 MHz, 1077.56 W, 53
2026/10/07 20:43:30.304, 7, 2032 MHz, 3996 MHz, 1055.82 W, 50
2026/10/07 20:43:31.304, 0, 2032 MHz, 3996 MHz, 1090.39 W, 61
2026/10/07 20:43:31.304, 1, 2017 MHz, 3996 MHz, 1094.62 W, 62
2026/10/07 20:43:31.304, 2, 2032 MHz, 3996 MHz, 1069.92 W, 52
2026/10/07 20:43:31.304, 3, 2032 MHz, 3996 MHz, 1054.32 W, 52
2026/10/07 20:43:31.304, 4, 2032 MHz, 3996 MHz, 1074.02 W, 63
2026/10/07 20:43:31.304, 5, 2032 MHz, 3996 MHz, 1069.16 W, 63
2026/10/07 20:43:31.304, 6, 2032 MHz, 3996 MHz, 1077.63 W, 53
2026/10/07 20:43:31.304, 7, 2032 MHz, 3996 MHz, 1055.66 W, 50
2026/10/07 20:43:32.304, 0, 2032 MHz, 3996 MHz, 1089.07 W, 61
2026/10/07 20:43:32.304, 1, 2025 MHz, 3996 MHz, 1094.36 W, 62
2026/10/07 20:43:32.304, 2, 2032 MHz, 3996 MHz, 1071.01 W, 52
2026/10/07 20:43:32.304, 3, 2032 MHz, 3996 MHz, 1056.40 W, 52
2026/10/07 20:43:32.304, 4, 2032 MHz, 3996 MHz, 1075.05 W, 63
2026/10/07 20:43:32.304, 5, 2032 MHz, 3996 MHz, 1069.73 W, 63
2026/10/07 20:43:32.304, 6, 2032 MHz, 3996 MHz, 1078.88 W, 53
2026/10/07 20:43:32.304, 7, 2032 MHz, 3996 MHz, 1055.27 W, 50
2026/10/07 20:43:33.304, 0, 2032 MHz, 3996 MHz, 1089.63 W, 61
2026/10/07 20:43:33.304, 1, 2017 MHz, 3996 MHz, 1094.49 W, 62
2026/10/07 20:43:33.304, 2, 2032 MHz, 3996 MHz, 1072.05 W, 52
2026/10/07 20:43:33.304, 3, 2032 MHz, 3996 MHz, 1059.32 W, 52
2026/10/07 20:43:33.304, 4, 2032 MHz, 3996 MHz, 1076.34 W, 63
2026/10/07 20:43:33.304, 5, 2032 MHz, 3996 MHz, 1069.79 W, 63
2026/10/07 20:43:33.304, 6, 2032 MHz, 3996 MHz, 1079.30 W, 53
2026/10/07 20:43:33.305, 7, 2032 MHz, 3996 MHz, 1055.94 W, 50
2026/10/07 20:43:34.305, 0, 2032 MHz, 3996 MHz, 1091.08 W, 61
2026/10/07 20:43:34.305, 1, 2010 MHz, 3996 MHz, 1094.14 W, 62
2026/10/07 20:43:34.305, 2, 2032 MHz, 3996 MHz, 1072.73 W, 51
2026/10/07 20:43:34.305, 3, 2032 MHz, 3996 MHz, 1058.15 W, 52
2026/10/07 20:43:34.305, 4, 2032 MHz, 3996 MHz, 1075.49 W, 63
2026/10/07 20:43:34.305, 5, 2032 MHz, 3996 MHz, 1068.79 W, 62
2026/10/07 20:43:34.305, 6, 2032 MHz, 3996 MHz, 1078.59 W, 53
2026/10/07 20:43:34.305, 7, 2032 MHz, 3996 MHz, 1056.59 W, 50
2026/10/07 20:43:35.305, 0, 2032 MHz, 3996 MHz, 1091.94 W, 61
2026/10/07 20:43:35.305, 1, 2010 MHz, 3996 MHz, 1093.79 W, 62
2026/10/07 20:43:35.305, 2, 2032 MHz, 3996 MHz, 1071.32 W, 51
2026/10/07 20:43:35.305, 3, 2032 MHz, 3996 MHz, 1056.61 W, 52
2026/10/07 20:43:35.305, 4, 2032 MHz, 3996 MHz, 1074.84 W, 63
2026/10/07 20:43:35.305, 5, 2032 MHz, 3996 MHz, 1068.47 W, 62
2026/10/07 20:43:35.305, 6, 2032 MHz, 3996 MHz, 1076.74 W, 53
2026/10/07 20:43:35.305, 7, 2032 MHz, 3996 MHz, 1056.05 W, 50
2026/10/07 20:43:36.305, 0, 2032 MHz, 3996 MHz, 1091.53 W, 61
2026/10/07 20:43:36.305, 1, 2017 MHz, 3996 MHz, 1094.51 W, 62
2026/10/07 20:43:36.305, 2, 2032 MHz, 3996 MHz, 1071.63 W, 51
2026/10/07 20:43:36.305, 3, 2032 MHz, 3996 MHz, 1055.63 W, 52
2026/10/07 20:43:36.305, 4, 2032 MHz, 3996 MHz, 1074.76 W, 63
2026/10/07 20:43:36.306, 5, 2032 MHz, 3996 MHz, 1067.51 W, 62
2026/10/07 20:43:36.306, 6, 2032 MHz, 3996 MHz, 1077.69 W, 53
2026/10/07 20:43:36.306, 7, 2032 MHz, 3996 MHz, 1055.57 W, 50
2026/10/07 20:43:37.306, 0, 2032 MHz, 3996 MHz, 1089.78 W, 61
2026/10/07 20:43:37.306, 1, 2017 MHz, 3996 MHz, 1094.17 W, 62
2026/10/07 20:43:37.306, 2, 2032 MHz, 3996 MHz, 1071.15 W, 51
2026/10/07 20:43:37.306, 3, 2032 MHz, 3996 MHz, 1056.11 W, 52
2026/10/07 20:43:37.306, 4, 2032 MHz, 3996 MHz, 1073.70 W, 63
2026/10/07 20:43:37.306, 5, 2032 MHz, 3996 MHz, 1052.39 W, 62
2026/10/07 20:43:37.306, 6, 2032 MHz, 3996 MHz, 1069.68 W, 52
2026/10/07 20:43:37.306, 7, 2032 MHz, 3996 MHz, 1055.26 W, 50
2026/10/07 20:43:38.306, 0, 2032 MHz, 3996 MHz, 1090.16 W, 61
2026/10/07 20:43:38.306, 1, 2032 MHz, 3996 MHz, 1091.41 W, 62
2026/10/07 20:43:38.306, 2, 2032 MHz, 3996 MHz, 1049.39 W, 51
2026/10/07 20:43:38.306, 3, 2032 MHz, 3996 MHz, 1043.40 W, 51
2026/10/07 20:43:38.306, 4, 2032 MHz, 3996 MHz, 980.36 W, 59
2026/10/07 20:43:38.306, 5, 2032 MHz, 3996 MHz, 433.80 W, 52
2026/10/07 20:43:38.306, 6, 2032 MHz, 3996 MHz, 626.47 W, 42
2026/10/07 20:43:38.306, 7, 2032 MHz, 3996 MHz, 1057.17 W, 50
2026/10/07 20:43:39.307, 0, 2032 MHz, 3996 MHz, 1088.44 W, 61
2026/10/07 20:43:39.307, 1, 2032 MHz, 3996 MHz, 666.92 W, 53
2026/10/07 20:43:39.307, 2, 2032 MHz, 3996 MHz, 363.26 W, 40
2026/10/07 20:43:39.307, 3, 2032 MHz, 3996 MHz, 449.35 W, 41
2026/10/07 20:43:39.307, 4, 2032 MHz, 3996 MHz, 251.74 W, 51
2026/10/07 20:43:39.307, 5, 2032 MHz, 3996 MHz, 251.59 W, 50
2026/10/07 20:43:39.307, 6, 2032 MHz, 3996 MHz, 247.37 W, 40
2026/10/07 20:43:39.307, 7, 2032 MHz, 3996 MHz, 1048.42 W, 49
2026/10/07 20:43:40.307, 0, 2032 MHz, 3996 MHz, 919.98 W, 56
2026/10/07 20:43:40.307, 1, 2032 MHz, 3996 MHz, 262.20 W, 50
2026/10/07 20:43:40.307, 2, 2032 MHz, 3996 MHz, 243.06 W, 39
2026/10/07 20:43:40.307, 3, 2032 MHz, 3996 MHz, 244.68 W, 39
2026/10/07 20:43:40.307, 4, 2032 MHz, 3996 MHz, 248.26 W, 50
2026/10/07 20:43:40.307, 5, 2032 MHz, 3996 MHz, 250.26 W, 49
2026/10/07 20:43:40.307, 6, 2032 MHz, 3996 MHz, 245.46 W, 39
2026/10/07 20:43:40.307, 7, 2032 MHz, 3996 MHz, 552.32 W, 40
2026/10/07 20:43:41.307, 0, 2032 MHz, 3996 MHz, 253.46 W, 49
2026/10/07 20:43:41.307, 1, 2032 MHz, 3996 MHz, 261.48 W, 49
2026/10/07 20:43:41.307, 2, 2032 MHz, 3996 MHz, 242.36 W, 38
2026/10/07 20:43:41.307, 3, 2032 MHz, 3996 MHz, 244.27 W, 38
2026/10/07 20:43:41.307, 4, 2032 MHz, 3996 MHz, 247.45 W, 49
2026/10/07 20:43:41.307, 5, 2032 MHz, 3996 MHz, 260.45 W, 48
2026/10/07 20:43:41.307, 6, 2032 MHz, 3996 MHz, 244.75 W, 38
2026/10/07 20:43:41.307, 7, 2032 MHz, 3996 MHz, 245.27 W, 38
2026/10/07 20:43:42.308, 0, 2032 MHz, 3996 MHz, 250.78 W, 48
2026/10/07 20:43:42.308, 1, 2032 MHz, 3996 MHz, 259.93 W, 49
2026/10/07 20:43:42.308, 2, 2032 MHz, 3996 MHz, 242.10 W, 37
2026/10/07 20:43:42.308, 3, 2032 MHz, 3996 MHz, 253.90 W, 37
2026/10/07 20:43:42.308, 4, 2032 MHz, 3996 MHz, 249.03 W, 48
2026/10/07 20:43:42.308, 5, 2032 MHz, 3996 MHz, 247.83 W, 47
2026/10/07 20:43:42.308, 6, 2032 MHz, 3996 MHz, 256.02 W, 37
2026/10/07 20:43:42.308, 7, 2032 MHz, 3996 MHz, 244.35 W, 37
2026/10/07 20:43:43.308, 0, 2032 MHz, 3996 MHz, 250.05 W, 47
2026/10/07 20:43:43.308, 1, 2032 MHz, 3996 MHz, 271.09 W, 48
2026/10/07 20:43:43.308, 2, 2032 MHz, 3996 MHz, 252.97 W, 37
2026/10/07 20:43:43.308, 3, 2032 MHz, 3996 MHz, 241.04 W, 37
2026/10/07 20:43:43.308, 4, 2032 MHz, 3996 MHz, 255.48 W, 48
2026/10/07 20:43:43.308, 5, 2032 MHz, 3996 MHz, 246.88 W, 47
2026/10/07 20:43:43.308, 6, 2032 MHz, 3996 MHz, 242.76 W, 37
2026/10/07 20:43:43.308, 7, 2032 MHz, 3996 MHz, 243.35 W, 36
2026/10/07 20:43:44.308, 0, 2032 MHz, 3996 MHz, 260.89 W, 47
2026/10/07 20:43:44.308, 1, 2032 MHz, 3996 MHz, 257.76 W, 47
2026/10/07 20:43:44.308, 2, 2032 MHz, 3996 MHz, 240.41 W, 36
2026/10/07 20:43:44.308, 3, 2032 MHz, 3996 MHz, 240.49 W, 36
2026/10/07 20:43:44.308, 4, 2032 MHz, 3996 MHz, 244.42 W, 47
2026/10/07 20:43:44.308, 5, 2032 MHz, 3996 MHz, 246.54 W, 46
2026/10/07 20:43:44.308, 6, 2032 MHz, 3996 MHz, 242.68 W, 36
2026/10/07 20:43:44.308, 7, 2032 MHz, 3996 MHz, 254.44 W, 36
2026/10/07 20:43:45.309, 0, 2032 MHz, 3996 MHz, 247.98 W, 46
2026/10/07 20:43:45.309, 1, 2032 MHz, 3996 MHz, 257.74 W, 47
2026/10/07 20:43:45.309, 2, 2032 MHz, 3996 MHz, 239.88 W, 36
2026/10/07 20:43:45.309, 3, 2032 MHz, 3996 MHz, 240.47 W, 36
2026/10/07 20:43:45.309, 4, 2032 MHz, 3996 MHz, 244.41 W, 47
2026/10/07 20:43:45.309, 5, 2032 MHz, 3996 MHz, 246.21 W, 46
2026/10/07 20:43:45.309, 6, 2032 MHz, 3996 MHz, 242.29 W, 36
2026/10/07 20:43:45.309, 7, 2032 MHz, 3996 MHz, 241.34 W, 35
2026/10/07 20:43:46.309, 0, 2032 MHz, 3996 MHz, 246.43 W, 45
2026/10/07 20:43:46.309, 1, 2032 MHz, 3996 MHz, 257.43 W, 46
2026/10/07 20:43:46.309, 2, 2025 MHz, 3996 MHz, 238.84 W, 35
2026/10/07 20:43:46.309, 3, 2032 MHz, 3996 MHz, 240.52 W, 35
2026/10/07 20:43:46.309, 4, 2032 MHz, 3996 MHz, 244.30 W, 46
2026/10/07 20:43:46.309, 5, 2032 MHz, 3996 MHz, 246.03 W, 45
2026/10/07 20:43:46.309, 6, 2032 MHz, 3996 MHz, 241.88 W, 35
2026/10/07 20:43:46.309, 7, 757 MHz, 3996 MHz, 232.03 W, 34
2026/10/07 20:43:47.310, 0, 2032 MHz, 3996 MHz, 246.24 W, 45
2026/10/07 20:43:47.310, 1, 2032 MHz, 3996 MHz, 255.88 W, 46
2026/10/07 20:43:47.310, 2, 412 MHz, 3996 MHz, 195.25 W, 34
2026/10/07 20:43:47.310, 3, 2032 MHz, 3996 MHz, 239.73 W, 35
2026/10/07 20:43:47.310, 4, 2032 MHz, 3996 MHz, 243.98 W, 46
2026/10/07 20:43:47.310, 5, 2025 MHz, 3996 MHz, 244.48 W, 45
2026/10/07 20:43:47.310, 6, 2032 MHz, 3996 MHz, 241.35 W, 35
2026/10/07 20:43:47.310, 7, 480 MHz, 3996 MHz, 192.50 W, 33
2026/10/07 20:43:48.310, 0, 2032 MHz, 3996 MHz, 245.86 W, 44
2026/10/07 20:43:48.310, 1, 2032 MHz, 3996 MHz, 256.50 W, 45
2026/10/07 20:43:48.310, 2, 262 MHz, 3996 MHz, 188.48 W, 33
2026/10/07 20:43:48.310, 3, 2032 MHz, 3996 MHz, 239.06 W, 35
2026/10/07 20:43:48.310, 4, 2032 MHz, 3996 MHz, 242.90 W, 45
2026/10/07 20:43:48.310, 5, 345 MHz, 3996 MHz, 216.03 W, 43
2026/10/07 20:43:48.310, 6, 442 MHz, 3996 MHz, 234.60 W, 34
2026/10/07 20:43:48.310, 7, 300 MHz, 3996 MHz, 189.85 W, 33
