timestamp, index, clocks.current.sm [MHz], clocks.current.memory [MHz], power.draw [W], temperature.gpu
2026/10/08 06:59:56.296, 0, 120 MHz, 3996 MHz, 186.41 W, 35
2026/10/08 06:59:56.300, 1, 120 MHz, 3996 MHz, 188.23 W, 37
2026/10/08 06:59:56.304, 2, 120 MHz, 3996 MHz, 186.05 W, 33
2026/10/08 06:59:56.307, 3, 120 MHz, 3996 MHz, 184.10 W, 33
2026/10/08 06:59:56.314, 4, 120 MHz, 3996 MHz, 184.62 W, 37
2026/10/08 06:59:56.317, 5, 120 MHz, 3996 MHz, 184.55 W, 35
2026/10/08 06:59:56.321, 6, 120 MHz, 3996 MHz, 186.78 W, 33
2026/10/08 06:59:56.323, 7, 120 MHz, 3996 MHz, 186.54 W, 32
2026/10/08 06:59:57.326, 0, 120 MHz, 3996 MHz, 186.41 W, 35
2026/10/08 06:59:57.326, 1, 120 MHz, 3996 MHz, 188.23 W, 37
2026/10/08 06:59:57.326, 2, 120 MHz, 3996 MHz, 186.05 W, 33
2026/10/08 06:59:57.326, 3, 120 MHz, 3996 MHz, 184.11 W, 33
2026/10/08 06:59:57.326, 4, 120 MHz, 3996 MHz, 184.59 W, 37
2026/10/08 06:59:57.326, 5, 120 MHz, 3996 MHz, 184.55 W, 35
2026/10/08 06:59:57.326, 6, 120 MHz, 3996 MHz, 186.78 W, 33
2026/10/08 06:59:57.326, 7, 120 MHz, 3996 MHz, 186.54 W, 32
2026/10/08 06:59:58.326, 0, 120 MHz, 3996 MHz, 186.41 W, 35
2026/10/08 06:59:58.326, 1, 120 MHz, 3996 MHz, 188.23 W, 37
2026/10/08 06:59:58.326, 2, 120 MHz, 3996 MHz, 186.05 W, 33
2026/10/08 06:59:58.326, 3, 120 MHz, 3996 MHz, 184.14 W, 33
2026/10/08 06:59:58.326, 4, 120 MHz, 3996 MHz, 184.56 W, 37
2026/10/08 06:59:58.326, 5, 120 MHz, 3996 MHz, 184.59 W, 35
2026/10/08 06:59:58.326, 6, 120 MHz, 3996 MHz, 186.78 W, 33
2026/10/08 06:59:58.326, 7, 120 MHz, 3996 MHz, 186.53 W, 32
2026/10/08 06:59:59.326, 0, 120 MHz, 3996 MHz, 186.41 W, 35
2026/10/08 06:59:59.326, 1, 120 MHz, 3996 MHz, 188.23 W, 37
2026/10/08 06:59:59.326, 2, 120 MHz, 3996 MHz, 186.05 W, 33
2026/10/08 06:59:59.326, 3, 120 MHz, 3996 MHz, 184.13 W, 33
2026/10/08 06:59:59.326, 4, 120 MHz, 3996 MHz, 184.56 W, 37
2026/10/08 06:59:59.326, 5, 120 MHz, 3996 MHz, 184.59 W, 35
2026/10/08 06:59:59.326, 6, 120 MHz, 3996 MHz, 186.78 W, 33
2026/10/08 06:59:59.326, 7, 120 MHz, 3996 MHz, 186.53 W, 32
2026/10/08 07:00:00.326, 0, 120 MHz, 3996 MHz, 186.41 W, 35
2026/10/08 07:00:00.327, 1, 120 MHz, 3996 MHz, 188.23 W, 37
2026/10/08 07:00:00.327, 2, 120 MHz, 3996 MHz, 186.05 W, 33
2026/10/08 07:00:00.327, 3, 120 MHz, 3996 MHz, 184.10 W, 33
2026/10/08 07:00:00.327, 4, 120 MHz, 3996 MHz, 184.56 W, 37
2026/10/08 07:00:00.327, 5, 120 MHz, 3996 MHz, 184.59 W, 36
2026/10/08 07:00:00.327, 6, 120 MHz, 3996 MHz, 186.78 W, 33
2026/10/08 07:00:00.327, 7, 120 MHz, 3996 MHz, 186.53 W, 32
2026/10/08 07:00:01.327, 0, 120 MHz, 3996 MHz, 186.10 W, 35
2026/10/08 07:00:01.327, 1, 120 MHz, 3996 MHz, 186.75 W, 37
2026/10/08 07:00:01.327, 2, 120 MHz, 3996 MHz, 186.05 W, 33
2026/10/08 07:00:01.327, 3, 120 MHz, 3996 MHz, 184.18 W, 33
2026/10/08 07:00:01.327, 4, 120 MHz, 3996 MHz, 184.78 W, 37
2026/10/08 07:00:01.327, 5, 120 MHz, 3996 MHz, 184.55 W, 36
2026/10/08 07:00:01.327, 6, 120 MHz, 3996 MHz, 186.70 W, 33
2026/10/08 07:00:01.327, 7, 120 MHz, 3996 MHz, 186.30 W, 32
2026/10/08 07:00:02.327, 0, 120 MHz, 3996 MHz, 186.21 W, 35
2026/10/08 07:00:02.327, 1, 120 MHz, 3996 MHz, 186.90 W, 37
2026/10/08 07:00:02.327, 2, 120 MHz, 3996 MHz, 186.05 W, 33
2026/10/08 07:00:02.327, 3, 120 MHz, 3996 MHz, 184.10 W, 33
2026/10/08 07:00:02.327, 4, 120 MHz, 3996 MHz, 184.68 W, 37
2026/10/08 07:00:02.327, 5, 120 MHz, 3996 MHz, 184.59 W, 36
2026/10/08 07:00:02.327, 6, 120 MHz, 3996 MHz, 186.78 W, 33
2026/10/08 07:00:02.327, 7, 120 MHz, 3996 MHz, 186.34 W, 32
2026/10/08 07:00:03.327, 0, 120 MHz, 3996 MHz, 186.25 W, 35
2026/10/08 07:00:03.327, 1, 120 MHz, 3996 MHz, 186.93 W, 37
2026/10/08 07:00:03.327, 2, 120 MHz, 3996 MHz, 186.05 W, 33
2026/10/08 07:00:03.327, 3, 120 MHz, 3996 MHz, 184.11 W, 33
2026/10/08 07:00:03.327, 4, 120 MHz, 3996 MHz, 184.59 W, 37
2026/10/08 07:00:03.327, 5, 120 MHz, 3996 MHz, 184.59 W, 36
2026/10/08 07:00:03.327, 6, 120 MHz, 3996 MHz, 186.78 W, 33
2026/10/08 07:00:03.327, 7, 120 MHz, 3996 MHz, 186.28 W, 32
2026/10/08 07:00:04.328, 0, 120 MHz, 3996 MHz, 186.33 W, 35
2026/10/08 07:00:04.328, 1, 120 MHz, 3996 MHz, 186.87 W, 37
2026/10/08 07:00:04.328, 2, 120 MHz, 3996 MHz, 186.05 W, 33
2026/10/08 07:00:04.328, 3, 120 MHz, 3996 MHz, 184.09 W, 33
2026/10/08 07:00:04.328, 4, 120 MHz, 3996 MHz, 184.58 W, 37
2026/10/08 07:00:04.328, 5, 120 MHz, 3996 MHz, 184.58 W, 36
2026/10/08 07:00:04.328, 6, 120 MHz, 3996 MHz, 186.78 W, 33
2026/10/08 07:00:04.328, 7, 120 MHz, 3996 MHz, 186.27 W, 32
2026/10/08 07:00:05.328, 0, 120 MHz, 3996 MHz, 186.41 W, 35
2026/10/08 07:00:05.328, 1, 120 MHz, 3996 MHz, 186.74 W, 37
2026/10/08 07:00:05.328, 2, 120 MHz, 3996 MHz, 186.05 W, 33
2026/10/08 07:00:05.328, 3, 120 MHz, 3996 MHz, 184.09 W, 33
2026/10/08 07:00:05.328, 4, 120 MHz, 3996 MHz, 184.58 W, 37
2026/10/08 07:00:05.328, 5, 120 MHz, 3996 MHz, 184.59 W, 36
2026/10/08 07:00:05.328, 6, 120 MHz, 3996 MHz, 186.78 W, 33
2026/10/08 07:00:05.328, 7, 120 MHz, 3996 MHz, 186.30 W, 32
2026/10/08 07:00:06.328, 0, 120 MHz, 3996 MHz, 186.41 W, 35
2026/10/08 07:00:06.328, 1, 120 MHz, 3996 MHz, 186.82 W, 37
2026/10/08 07:00:06.328, 2, 120 MHz, 3996 MHz, 186.05 W, 33
2026/10/08 07:00:06.328, 3, 120 MHz, 3996 MHz, 184.09 W, 33
2026/10/08 07:00:06.328, 4, 120 MHz, 3996 MHz, 184.58 W, 37
2026/10/08 07:00:06.328, 5, 120 MHz, 3996 MHz, 184.59 W, 36
2026/10/08 07:00:06.328, 6, 120 MHz, 3996 MHz, 186.78 W, 33
2026/10/08 07:00:06.328, 7, 120 MHz, 3996 MHz, 186.42 W, 32
2026/10/08 07:00:07.329, 0, 120 MHz, 3996 MHz, 186.41 W, 35
2026/10/08 07:00:07.329, 1, 120 MHz, 3996 MHz, 187.45 W, 37
2026/10/08 07:00:07.329, 2, 120 MHz, 3996 MHz, 186.05 W, 33
2026/10/08 07:00:07.329, 3, 120 MHz, 3996 MHz, 184.13 W, 33
2026/10/08 07:00:07.329, 4, 120 MHz, 3996 MHz, 184.58 W, 37
2026/10/08 07:00:07.329, 5, 120 MHz, 3996 MHz, 184.59 W, 36
2026/10/08 07:00:07.329, 6, 120 MHz, 3996 MHz, 186.78 W, 33
2026/10/08 07:00:07.329, 7, 120 MHz, 3996 MHz, 186.46 W, 32
2026/10/08 07:00:08.329, 0, 120 MHz, 3996 MHz, 186.41 W, 35
2026/10/08 07:00:08.329, 1, 120 MHz, 3996 MHz, 187.47 W, 37
2026/10/08 07:00:08.329, 2, 120 MHz, 3996 MHz, 186.05 W, 33
2026/10/08 07:00:08.329, 3, 120 MHz, 3996 MHz, 184.26 W, 33
2026/10/08 07:00:08.329, 4, 120 MHz, 3996 MHz, 184.57 W, 37
2026/10/08 07:00:08.329, 5, 120 MHz, 3996 MHz, 184.59 W, 36
2026/10/08 07:00:08.329, 6, 120 MHz, 3996 MHz, 186.78 W, 33
2026/10/08 07:00:08.329, 7, 120 MHz, 3996 MHz, 186.34 W, 32
2026/10/08 07:00:09.329, 0, 120 MHz, 3996 MHz, 186.37 W, 35
2026/10/08 07:00:09.329, 1, 120 MHz, 3996 MHz, 187.57 W, 37
2026/10/08 07:00:09.329, 2, 120 MHz, 3996 MHz, 186.05 W, 33
2026/10/08 07:00:09.329, 3, 120 MHz, 3996 MHz, 184.17 W, 33
2026/10/08 07:00:09.329, 4, 120 MHz, 3996 MHz, 184.58 W, 37
2026/10/08 07:00:09.329, 5, 120 MHz, 3996 MHz, 184.59 W, 36
2026/10/08 07:00:09.329, 6, 120 MHz, 3996 MHz, 186.78 W, 33
2026/10/08 07:00:09.329, 7, 120 MHz, 3996 MHz, 186.46 W, 32
2026/10/08 07:00:10.330, 0, 120 MHz, 3996 MHz, 186.41 W, 35
2026/10/08 07:00:10.330, 1, 120 MHz, 3996 MHz, 187.54 W, 37
2026/10/08 07:00:10.330, 2, 120 MHz, 3996 MHz, 186.05 W, 33
2026/10/08 07:00:10.330, 3, 120 MHz, 3996 MHz, 184.17 W, 33
2026/10/08 07:00:10.330, 4, 120 MHz, 3996 MHz, 184.58 W, 37
2026/10/08 07:00:10.330, 5, 120 MHz, 3996 MHz, 184.59 W, 36
2026/10/08 07:00:10.330, 6, 120 MHz, 3996 MHz, 186.78 W, 33
2026/10/08 07:00:10.330, 7, 120 MHz, 3996 MHz, 186.49 W, 32
2026/10/08 07:00:11.330, 0, 120 MHz, 3996 MHz, 186.41 W, 35
2026/10/08 07:00:11.330, 1, 120 MHz, 3996 MHz, 187.72 W, 37
2026/10/08 07:00:11.330, 2, 120 MHz, 3996 MHz, 186.05 W, 33
2026/10/08 07:00:11.330, 3, 120 MHz, 3996 MHz, 184.22 W, 33
2026/10/08 07:00:11.330, 4, 120 MHz, 3996 MHz, 184.65 W, 37
2026/10/08 07:00:11.330, 5, 120 MHz, 3996 MHz, 184.59 W, 36
2026/10/08 07:00:11.330, 6, 120 MHz, 3996 MHz, 186.78 W, 33
2026/10/08 07:00:11.330, 7, 120 MHz, 3996 MHz, 186.53 W, 32
2026/10/08 07:00:12.330, 0, 120 MHz, 3996 MHz, 186.37 W, 35
2026/10/08 07:00:12.330, 1, 120 MHz, 3996 MHz, 188.12 W, 37
2026/10/08 07:00:12.330, 2, 120 MHz, 3996 MHz, 186.05 W, 33
2026/10/08 07:00:12.330, 3, 120 MHz, 3996 MHz, 184.23 W, 33
2026/10/08 07:00:12.330, 4, 120 MHz, 3996 MHz, 184.62 W, 37
2026/10/08 07:00:12.330, 5, 120 MHz, 3996 MHz, 184.59 W, 36
2026/10/08 07:00:12.331, 6, 120 MHz, 3996 MHz, 186.78 W, 33
2026/10/08 07:00:12.331, 7, 120 MHz, 3996 MHz, 186.53 W, 32
2026/10/08 07:00:13.331, 0, 120 MHz, 3996 MHz, 186.41 W, 35
2026/10/08 07:00:13.331, 1, 120 MHz, 3996 MHz, 187.88 W, 37
2026/10/08 07:00:13.331, 2, 120 MHz, 3996 MHz, 186.05 W, 33
2026/10/08 07:00:13.331, 3, 120 MHz, 3996 MHz, 184.18 W, 33
2026/10/08 07:00:13.331, 4, 120 MHz, 3996 MHz, 184.62 W, 37
2026/10/08 07:00:13.331, 5, 120 MHz, 3996 MHz, 184.59 W, 36
2026/10/08 07:00:13.331, 6, 120 MHz, 3996 MHz, 186.78 W, 33
2026/10/08 07:00:13.331, 7, 120 MHz, 3996 MHz, 186.53 W, 32
2026/10/08 07:00:14.331, 0, 120 MHz, 3996 MHz, 186.41 W, 35
2026/10/08 07:00:14.331, 1, 120 MHz, 3996 MHz, 187.99 W, 37
2026/10/08 07:00:14.331, 2, 120 MHz, 3996 MHz, 186.05 W, 33
2026/10/08 07:00:14.331, 3, 120 MHz, 3996 MHz, 184.18 W, 33
2026/10/08 07:00:14.331, 4, 120 MHz, 3996 MHz, 184.58 W, 37
2026/10/08 07:00:14.331, 5, 120 MHz, 3996 MHz, 184.59 W, 36
2026/10/08 07:00:14.331, 6, 120 MHz, 3996 MHz, 186.78 W, 33
2026/10/08 07:00:14.331, 7, 120 MHz, 3996 MHz, 186.53 W, 32
2026/10/08 07:00:15.331, 0, 120 MHz, 3996 MHz, 186.41 W, 35
2026/10/08 07:00:15.331, 1, 120 MHz, 3996 MHz, 188.19 W, 38
2026/10/08 07:00:15.331, 2, 120 MHz, 3996 MHz, 186.05 W, 33
2026/10/08 07:00:15.331, 3, 120 MHz, 3996 MHz, 184.21 W, 33
2026/10/08 07:00:15.332, 4, 120 MHz, 3996 MHz, 184.63 W, 37
2026/10/08 07:00:15.332, 5, 120 MHz, 3996 MHz, 184.59 W, 36
2026/10/08 07:00:15.332, 6, 120 MHz, 3996 MHz, 186.78 W, 33
2026/10/08 07:00:15.332, 7, 120 MHz, 3996 MHz, 186.53 W, 32
2026/10/08 07:00:16.332, 0, 120 MHz, 3996 MHz, 186.41 W, 35
2026/10/08 07:00:16.332, 1, 120 MHz, 3996 MHz, 188.15 W, 38
2026/10/08 07:00:16.332, 2, 120 MHz, 3996 MHz, 186.05 W, 33
2026/10/08 07:00:16.332, 3, 120 MHz, 3996 MHz, 184.09 W, 33
2026/10/08 07:00:16.332, 4, 120 MHz, 3996 MHz, 184.78 W, 37
2026/10/08 07:00:16.332, 5, 120 MHz, 3996 MHz, 184.63 W, 36
2026/10/08 07:00:16.332, 6, 120 MHz, 3996 MHz, 186.78 W, 33
2026/10/08 07:00:16.332, 7, 120 MHz, 3996 MHz, 186.49 W, 32
2026/10/08 07:00:17.332, 0, 120 MHz, 3996 MHz, 186.41 W, 35
2026/10/08 07:00:17.332, 1, 120 MHz, 3996 MHz, 188.04 W, 38
2026/10/08 07:00:17.332, 2, 120 MHz, 3996 MHz, 186.05 W, 33
2026/10/08 07:00:17.332, 3, 120 MHz, 3996 MHz, 184.17 W, 33
2026/10/08 07:00:17.332, 4, 120 MHz, 3996 MHz, 184.82 W, 37
2026/10/08 07:00:17.332, 5, 120 MHz, 3996 MHz, 184.63 W, 36
2026/10/08 07:00:17.332, 6, 120 MHz, 3996 MHz, 186.78 W, 33
2026/10/08 07:00:17.332, 7, 120 MHz, 3996 MHz, 186.53 W, 32
2026/10/08 07:00:18.332, 0, 120 MHz, 3996 MHz, 186.41 W, 35
2026/10/08 07:00:18.332, 1, 120 MHz, 3996 MHz, 188.07 W, 38
2026/10/08 07:00:18.332, 2, 120 MHz, 3996 MHz, 186.05 W, 33
2026/10/08 07:00:18.332, 3, 120 MHz, 3996 MHz, 184.09 W, 33
2026/10/08 07:00:18.332, 4, 120 MHz, 3996 MHz, 184.58 W, 37
2026/10/08 07:00:18.332, 5, 120 MHz, 3996 MHz, 184.59 W, 36
2026/10/08 07:00:18.333, 6, 120 MHz, 3996 MHz, 186.78 W, 33
2026/10/08 07:00:18.333, 7, 120 MHz, 3996 MHz, 186.53 W, 32
2026/10/08 07:00:19.335, 0, 120 MHz, 3996 MHz, 186.41 W, 36
2026/10/08 07:00:19.335, 1, 120 MHz, 3996 MHz, 188.15 W, 38
2026/10/08 07:00:19.335, 2, 120 MHz, 3996 MHz, 186.05 W, 33
2026/10/08 07:00:19.335, 3, 120 MHz, 3996 MHz, 184.09 W, 33
2026/10/08 07:00:19.335, 4, 120 MHz, 3996 MHz, 184.59 W, 38
2026/10/08 07:00:19.336, 5, 120 MHz, 3996 MHz, 184.63 W, 36
2026/10/08 07:00:19.336, 6, 120 MHz, 3996 MHz, 186.78 W, 33
2026/10/08 07:00:19.336, 7, 120 MHz, 3996 MHz, 186.53 W, 32
2026/10/08 07:00:20.336, 0, 120 MHz, 3996 MHz, 186.41 W, 36
2026/10/08 07:00:20.336, 1, 120 MHz, 3996 MHz, 188.11 W, 38
2026/10/08 07:00:20.336, 2, 120 MHz, 3996 MHz, 186.05 W, 33
2026/10/08 07:00:20.336, 3, 120 MHz, 3996 MHz, 184.09 W, 34
2026/10/08 07:00:20.336, 4, 120 MHz, 3996 MHz, 184.58 W, 38
2026/10/08 07:00:20.336, 5, 120 MHz, 3996 MHz, 184.63 W, 36
2026/10/08 07:00:20.336, 6, 120 MHz, 3996 MHz, 186.78 W, 33
2026/10/08 07:00:20.336, 7, 120 MHz, 3996 MHz, 186.53 W, 32
2026/10/08 07:00:21.336, 0, 120 MHz, 3996 MHz, 186.41 W, 36
2026/10/08 07:00:21.336, 1, 120 MHz, 3996 MHz, 188.03 W, 38
2026/10/08 07:00:21.336, 2, 120 MHz, 3996 MHz, 186.05 W, 33
2026/10/08 07:00:21.336, 3, 120 MHz, 3996 MHz, 184.09 W, 34
2026/10/08 07:00:21.336, 4, 120 MHz, 3996 MHz, 184.59 W, 38
2026/10/08 07:00:21.336, 5, 120 MHz, 3996 MHz, 184.63 W, 36
2026/10/08 07:00:21.336, 6, 120 MHz, 3996 MHz, 186.78 W, 33
2026/10/08 07:00:21.336, 7, 120 MHz, 3996 MHz, 186.53 W, 32
2026/10/08 07:00:22.337, 0, 120 MHz, 3996 MHz, 186.41 W, 36
2026/10/08 07:00:22.337, 1, 120 MHz, 3996 MHz, 188.00 W, 38
2026/10/08 07:00:22.337, 2, 120 MHz, 3996 MHz, 186.05 W, 33
2026/10/08 07:00:22.337, 3, 120 MHz, 3996 MHz, 184.09 W, 34
2026/10/08 07:00:22.337, 4, 120 MHz, 3996 MHz, 184.59 W, 38
2026/10/08 07:00:22.337, 5, 120 MHz, 3996 MHz, 184.59 W, 36
2026/10/08 07:00:22.337, 6, 120 MHz, 3996 MHz, 186.78 W, 33
2026/10/08 07:00:22.337, 7, 120 MHz, 3996 MHz, 186.53 W, 32
2026/10/08 07:00:23.337, 0, 120 MHz, 3996 MHz, 186.41 W, 36
2026/10/08 07:00:23.337, 1, 120 MHz, 3996 MHz, 188.15 W, 38
2026/10/08 07:00:23.337, 2, 120 MHz, 3996 MHz, 186.05 W, 33
2026/10/08 07:00:23.337, 3, 120 MHz, 3996 MHz, 184.10 W, 34
2026/10/08 07:00:23.337, 4, 120 MHz, 3996 MHz, 184.59 W, 38
2026/10/08 07:00:23.337, 5, 120 MHz, 3996 MHz, 184.59 W, 36
2026/10/08 07:00:23.337, 6, 120 MHz, 3996 MHz, 186.78 W, 33
2026/10/08 07:00:23.337, 7, 120 MHz, 3996 MHz, 186.53 W, 32
2026/10/08 07:00:24.337, 0, 120 MHz, 3996 MHz, 186.41 W, 36
2026/10/08 07:00:24.337, 1, 120 MHz, 3996 MHz, 188.19 W, 38
2026/10/08 07:00:24.337, 2, 120 MHz, 3996 MHz, 186.05 W, 33
2026/10/08 07:00:24.337, 3, 120 MHz, 3996 MHz, 184.09 W, 34
2026/10/08 07:00:24.337, 4, 120 MHz, 3996 MHz, 184.59 W, 38
2026/10/08 07:00:24.337, 5, 120 MHz, 3996 MHz, 184.64 W, 36
2026/10/08 07:00:24.337, 6, 120 MHz, 3996 MHz, 186.78 W, 33
2026/10/08 07:00:24.337, 7, 120 MHz, 3996 MHz, 186.53 W, 32
2026/10/08 07:00:25.338, 0, 120 MHz, 3996 MHz, 186.41 W, 36
2026/10/08 07:00:25.338, 1, 120 MHz, 3996 MHz, 188.23 W, 38
2026/10/08 07:00:25.338, 2, 2032 MHz, 3996 MHz, 226.98 W, 34
2026/10/08 07:00:25.338, 3, 120 MHz, 3996 MHz, 183.99 W, 34
2026/10/08 07:00:25.338, 4, 120 MHz, 3996 MHz, 184.49 W, 38
2026/10/08 07:00:25.338, 5, 2032 MHz, 3996 MHz, 222.07 W, 37
2026/10/08 07:00:25.338, 6, 120 MHz, 3996 MHz, 186.78 W, 33
2026/10/08 07:00:25.338, 7, 120 MHz, 3996 MHz, 186.54 W, 32
2026/10/08 07:00:26.338, 0, 120 MHz, 3996 MHz, 186.41 W, 36
2026/10/08 07:00:26.338, 1, 120 MHz, 3996 MHz, 188.19 W, 38
2026/10/08 07:00:26.338, 2, 2032 MHz, 3996 MHz, 237.79 W, 35
2026/10/08 07:00:26.338, 3, 120 MHz, 3996 MHz, 183.97 W, 34
2026/10/08 07:00:26.338, 4, 120 MHz, 3996 MHz, 184.46 W, 38
2026/10/08 07:00:26.338, 5, 2032 MHz, 3996 MHz, 238.30 W, 37
2026/10/08 07:00:26.338, 6, 120 MHz, 3996 MHz, 186.78 W, 33
2026/10/08 07:00:26.338, 7, 120 MHz, 3996 MHz, 186.53 W, 32
2026/10/08 07:00:27.338, 0, 120 MHz, 3996 MHz, 186.41 W, 36
2026/10/08 07:00:27.338, 1, 120 MHz, 3996 MHz, 188.15 W, 38
2026/10/08 07:00:27.338, 2, 2032 MHz, 3996 MHz, 236.89 W, 35
2026/10/08 07:00:27.338, 3, 120 MHz, 3996 MHz, 184.01 W, 34
2026/10/08 07:00:27.338, 4, 2032 MHz, 3996 MHz, 194.19 W, 38
2026/10/08 07:00:27.338, 5, 2032 MHz, 3996 MHz, 237.92 W, 38
2026/10/08 07:00:27.338, 6, 120 MHz, 3996 MHz, 186.78 W, 33
2026/10/08 07:00:27.338, 7, 120 MHz, 3996 MHz, 186.53 W, 32
2026/10/08 07:00:28.339, 0, 120 MHz, 3996 MHz, 186.41 W, 36
2026/10/08 07:00:28.339, 1, 120 MHz, 3996 MHz, 188.23 W, 38
2026/10/08 07:00:28.339, 2, 2032 MHz, 3996 MHz, 238.65 W, 35
2026/10/08 07:00:28.339, 3, 120 MHz, 3996 MHz, 184.01 W, 34
2026/10/08 07:00:28.339, 4, 2032 MHz, 3996 MHz, 246.20 W, 39
2026/10/08 07:00:28.339, 5, 2032 MHz, 3996 MHz, 239.21 W, 38
2026/10/08 07:00:28.339, 6, 120 MHz, 3996 MHz, 186.78 W, 33
2026/10/08 07:00:28.339, 7, 120 MHz, 3996 MHz, 186.53 W, 32
2026/10/08 07:00:29.339, 0, 120 MHz, 3996 MHz, 186.41 W, 36
2026/10/08 07:00:29.339, 1, 120 MHz, 3996 MHz, 188.23 W, 38
2026/10/08 07:00:29.339, 2, 2032 MHz, 3996 MHz, 238.88 W, 35
2026/10/08 07:00:29.339, 3, 120 MHz, 3996 MHz, 183.97 W, 34
2026/10/08 07:00:29.339, 4, 2032 MHz, 3996 MHz, 246.28 W, 39
2026/10/08 07:00:29.339, 5, 2032 MHz, 3996 MHz, 238.87 W, 38
2026/10/08 07:00:29.339, 6, 120 MHz, 3996 MHz, 186.78 W, 33
2026/10/08 07:00:29.339, 7, 120 MHz, 3996 MHz, 186.53 W, 32
2026/10/08 07:00:30.339, 0, 120 MHz, 3996 MHz, 186.41 W, 36
2026/10/08 07:00:30.339, 1, 120 MHz, 3996 MHz, 188.19 W, 38
2026/10/08 07:00:30.339, 2, 2032 MHz, 3996 MHz, 238.85 W, 35
2026/10/08 07:00:30.339, 3, 120 MHz, 3996 MHz, 183.97 W, 34
2026/10/08 07:00:30.339, 4, 2032 MHz, 3996 MHz, 246.29 W, 39
2026/10/08 07:00:30.339, 5, 2032 MHz, 3996 MHz, 256.59 W, 38
2026/10/08 07:00:30.339, 6, 120 MHz, 3996 MHz, 186.78 W, 33
2026/10/08 07:00:30.339, 7, 120 MHz, 3996 MHz, 186.53 W, 32
2026/10/08 07:00:31.339, 0, 120 MHz, 3996 MHz, 186.41 W, 36
2026/10/08 07:00:31.339, 1, 120 MHz, 3996 MHz, 188.19 W, 38
2026/10/08 07:00:31.339, 2, 2032 MHz, 3996 MHz, 257.22 W, 35
2026/10/08 07:00:31.340, 3, 120 MHz, 3996 MHz, 184.00 W, 34
2026/10/08 07:00:31.340, 4, 2032 MHz, 3996 MHz, 246.74 W, 39
2026/10/08 07:00:31.340, 5, 2032 MHz, 3996 MHz, 276.95 W, 39
2026/10/08 07:00:31.340, 6, 120 MHz, 3996 MHz, 186.78 W, 33
2026/10/08 07:00:31.340, 7, 120 MHz, 3996 MHz, 186.53 W, 32
2026/10/08 07:00:32.340, 0, 120 MHz, 3996 MHz, 186.41 W, 36
2026/10/08 07:00:32.340, 1, 120 MHz, 3996 MHz, 188.23 W, 38
2026/10/08 07:00:32.340, 2, 2032 MHz, 3996 MHz, 271.87 W, 36
2026/10/08 07:00:32.340, 3, 2032 MHz, 3996 MHz, 203.60 W, 34
2026/10/08 07:00:32.340, 4, 2032 MHz, 3996 MHz, 246.27 W, 39
2026/10/08 07:00:32.340, 5, 2032 MHz, 3996 MHz, 255.57 W, 38
2026/10/08 07:00:32.340, 6, 120 MHz, 3996 MHz, 186.78 W, 33
2026/10/08 07:00:32.340, 7, 120 MHz, 3996 MHz, 186.54 W, 32
2026/10/08 07:00:33.340, 0, 120 MHz, 3996 MHz, 186.41 W, 36
2026/10/08 07:00:33.340, 1, 120 MHz, 3996 MHz, 188.23 W, 38
2026/10/08 07:00:33.340, 2, 2032 MHz, 3996 MHz, 241.83 W, 35
2026/10/08 07:00:33.340, 3, 2032 MHz, 3996 MHz, 238.59 W, 35
2026/10/08 07:00:33.340, 4, 2032 MHz, 3996 MHz, 265.22 W, 40
2026/10/08 07:00:33.340, 5, 2032 MHz, 3996 MHz, 262.04 W, 38
2026/10/08 07:00:33.340, 6, 120 MHz, 3996 MHz, 186.78 W, 33
2026/10/08 07:00:33.340, 7, 120 MHz, 3996 MHz, 186.53 W, 32
2026/10/08 07:00:34.340, 0, 120 MHz, 3996 MHz, 186.41 W, 36
2026/10/08 07:00:34.340, 1, 120 MHz, 3996 MHz, 188.23 W, 38
2026/10/08 07:00:34.340, 2, 2032 MHz, 3996 MHz, 258.53 W, 35
2026/10/08 07:00:34.340, 3, 2032 MHz, 3996 MHz, 238.61 W, 35
2026/10/08 07:00:34.340, 4, 2032 MHz, 3996 MHz, 246.53 W, 40
2026/10/08 07:00:34.340, 5, 2032 MHz, 3996 MHz, 253.92 W, 38
2026/10/08 07:00:34.340, 6, 120 MHz, 3996 MHz, 186.78 W, 33
2026/10/08 07:00:34.340, 7, 120 MHz, 3996 MHz, 186.54 W, 32
2026/10/08 07:00:35.341, 0, 120 MHz, 3996 MHz, 186.41 W, 36
2026/10/08 07:00:35.341, 1, 120 MHz, 3996 MHz, 188.23 W, 38
2026/10/08 07:00:35.341, 2, 2032 MHz, 3996 MHz, 249.03 W, 35
2026/10/08 07:00:35.341, 3, 2032 MHz, 3996 MHz, 238.58 W, 35
2026/10/08 07:00:35.341, 4, 2032 MHz, 3996 MHz, 283.89 W, 40
2026/10/08 07:00:35.341, 5, 2032 MHz, 3996 MHz, 245.17 W, 38
2026/10/08 07:00:35.341, 6, 120 MHz, 3996 MHz, 186.78 W, 33
2026/10/08 07:00:35.341, 7, 120 MHz, 3996 MHz, 186.53 W, 32
2026/10/08 07:00:36.341, 0, 120 MHz, 3996 MHz, 186.41 W, 36
2026/10/08 07:00:36.341, 1, 120 MHz, 3996 MHz, 188.23 W, 38
2026/10/08 07:00:36.341, 2, 2032 MHz, 3996 MHz, 258.00 W, 35
2026/10/08 07:00:36.341, 3, 2032 MHz, 3996 MHz, 238.60 W, 35
2026/10/08 07:00:36.341, 4, 2032 MHz, 3996 MHz, 262.00 W, 42
2026/10/08 07:00:36.341, 5, 2032 MHz, 3996 MHz, 241.97 W, 38
2026/10/08 07:00:36.341, 6, 120 MHz, 3996 MHz, 186.78 W, 33
2026/10/08 07:00:36.341, 7, 120 MHz, 3996 MHz, 186.54 W, 32
2026/10/08 07:00:37.341, 0, 120 MHz, 3996 MHz, 186.41 W, 36
2026/10/08 07:00:37.341, 1, 120 MHz, 3996 MHz, 188.23 W, 38
2026/10/08 07:00:37.341, 2, 2032 MHz, 3996 MHz, 247.15 W, 35
2026/10/08 07:00:37.341, 3, 2032 MHz, 3996 MHz, 239.10 W, 35
2026/10/08 07:00:37.341, 4, 2032 MHz, 3996 MHz, 254.05 W, 40
2026/10/08 07:00:37.341, 5, 2032 MHz, 3996 MHz, 238.79 W, 38
2026/10/08 07:00:37.341, 6, 120 MHz, 3996 MHz, 186.78 W, 33
2026/10/08 07:00:37.341, 7, 120 MHz, 3996 MHz, 186.54 W, 32
2026/10/08 07:00:38.341, 0, 120 MHz, 3996 MHz, 186.41 W, 36
2026/10/08 07:00:38.341, 1, 120 MHz, 3996 MHz, 188.23 W, 38
2026/10/08 07:00:38.341, 2, 2032 MHz, 3996 MHz, 242.19 W, 35
2026/10/08 07:00:38.341, 3, 2032 MHz, 3996 MHz, 239.22 W, 35
2026/10/08 07:00:38.341, 4, 2032 MHz, 3996 MHz, 267.01 W, 40
2026/10/08 07:00:38.341, 5, 2032 MHz, 3996 MHz, 238.61 W, 38
2026/10/08 07:00:38.341, 6, 120 MHz, 3996 MHz, 186.78 W, 33
2026/10/08 07:00:38.342, 7, 120 MHz, 3996 MHz, 186.54 W, 32
2026/10/08 07:00:39.342, 0, 120 MHz, 3996 MHz, 186.41 W, 36
2026/10/08 07:00:39.342, 1, 120 MHz, 3996 MHz, 188.23 W, 38
2026/10/08 07:00:39.342, 2, 2032 MHz, 3996 MHz, 240.32 W, 35
2026/10/08 07:00:39.342, 3, 2032 MHz, 3996 MHz, 239.86 W, 35
2026/10/08 07:00:39.342, 4, 2032 MHz, 3996 MHz, 259.99 W, 40
2026/10/08 07:00:39.342, 5, 2032 MHz, 3996 MHz, 238.46 W, 38
2026/10/08 07:00:39.342, 6, 120 MHz, 3996 MHz, 186.78 W, 33
2026/10/08 07:00:39.342, 7, 120 MHz, 3996 MHz, 186.53 W, 32
2026/10/08 07:00:40.342, 0, 120 MHz, 3996 MHz, 186.41 W, 36
2026/10/08 07:00:40.342, 1, 120 MHz, 3996 MHz, 188.23 W, 38
2026/10/08 07:00:40.342, 2, 2032 MHz, 3996 MHz, 243.73 W, 35
2026/10/08 07:00:40.342, 3, 2032 MHz, 3996 MHz, 256.18 W, 35
2026/10/08 07:00:40.342, 4, 2032 MHz, 3996 MHz, 250.06 W, 40
2026/10/08 07:00:40.342, 5, 2032 MHz, 3996 MHz, 238.64 W, 38
2026/10/08 07:00:40.342, 6, 120 MHz, 3996 MHz, 186.78 W, 33
2026/10/08 07:00:40.342, 7, 120 MHz, 3996 MHz, 186.53 W, 32
2026/10/08 07:00:41.342, 0, 120 MHz, 3996 MHz, 186.41 W, 36
2026/10/08 07:00:41.342, 1, 120 MHz, 3996 MHz, 188.23 W, 38
2026/10/08 07:00:41.342, 2, 2032 MHz, 3996 MHz, 238.60 W, 35
2026/10/08 07:00:41.342, 3, 2032 MHz, 3996 MHz, 243.13 W, 35
2026/10/08 07:00:41.342, 4, 2032 MHz, 3996 MHz, 247.98 W, 40
2026/10/08 07:00:41.342, 5, 2032 MHz, 3996 MHz, 238.60 W, 38
2026/10/08 07:00:41.342, 6, 120 MHz, 3996 MHz, 186.78 W, 33
2026/10/08 07:00:41.342, 7, 120 MHz, 3996 MHz, 186.53 W, 32
2026/10/08 07:00:42.342, 0, 120 MHz, 3996 MHz, 186.41 W, 36
2026/10/08 07:00:42.343, 1, 120 MHz, 3996 MHz, 188.23 W, 38
2026/10/08 07:00:42.343, 2, 2032 MHz, 3996 MHz, 238.61 W, 35
2026/10/08 07:00:42.343, 3, 2032 MHz, 3996 MHz, 273.46 W, 35
2026/10/08 07:00:42.343, 4, 2032 MHz, 3996 MHz, 249.68 W, 40
2026/10/08 07:00:42.343, 5, 2032 MHz, 3996 MHz, 238.78 W, 38
2026/10/08 07:00:42.343, 6, 120 MHz, 3996 MHz, 186.78 W, 33
2026/10/08 07:00:42.343, 7, 120 MHz, 3996 MHz, 186.53 W, 32
2026/10/08 07:00:43.343, 0, 120 MHz, 3996 MHz, 186.41 W, 36
2026/10/08 07:00:43.343, 1, 120 MHz, 3996 MHz, 188.23 W, 38
2026/10/08 07:00:43.343, 2, 2032 MHz, 3996 MHz, 238.60 W, 35
2026/10/08 07:00:43.343, 3, 2032 MHz, 3996 MHz, 254.93 W, 36
2026/10/08 07:00:43.343, 4, 2032 MHz, 3996 MHz, 248.06 W, 40
2026/10/08 07:00:43.343, 5, 2032 MHz, 3996 MHz, 238.65 W, 38
2026/10/08 07:00:43.343, 6, 120 MHz, 3996 MHz, 186.78 W, 33
2026/10/08 07:00:43.343, 7, 120 MHz, 3996 MHz, 186.53 W, 32
2026/10/08 07:00:44.343, 0, 120 MHz, 3996 MHz, 186.41 W, 36
2026/10/08 07:00:44.343, 1, 120 MHz, 3996 MHz, 188.23 W, 38
2026/10/08 07:00:44.343, 2, 2032 MHz, 3996 MHz, 238.60 W, 35
2026/10/08 07:00:44.343, 3, 2032 MHz, 3996 MHz, 242.21 W, 35
2026/10/08 07:00:44.343, 4, 2032 MHz, 3996 MHz, 246.28 W, 40
2026/10/08 07:00:44.343, 5, 2032 MHz, 3996 MHz, 238.62 W, 38
2026/10/08 07:00:44.343, 6, 120 MHz, 3996 MHz, 186.78 W, 33
2026/10/08 07:00:44.343, 7, 120 MHz, 3996 MHz, 186.53 W, 32
2026/10/08 07:00:45.343, 0, 120 MHz, 3996 MHz, 186.41 W, 36
2026/10/08 07:00:45.343, 1, 120 MHz, 3996 MHz, 188.23 W, 38
2026/10/08 07:00:45.344, 2, 2032 MHz, 3996 MHz, 238.54 W, 35
2026/10/08 07:00:45.344, 3, 2032 MHz, 3996 MHz, 259.16 W, 36
2026/10/08 07:00:45.344, 4, 2032 MHz, 3996 MHz, 246.28 W, 40
2026/10/08 07:00:45.344, 5, 2032 MHz, 3996 MHz, 238.73 W, 38
2026/10/08 07:00:45.344, 6, 120 MHz, 3996 MHz, 186.78 W, 33
2026/10/08 07:00:45.344, 7, 120 MHz, 3996 MHz, 186.53 W, 32
2026/10/08 07:00:46.344, 0, 120 MHz, 3996 MHz, 186.41 W, 36
2026/10/08 07:00:46.344, 1, 120 MHz, 3996 MHz, 188.23 W, 38
2026/10/08 07:00:46.344, 2, 2032 MHz, 3996 MHz, 238.55 W, 35
2026/10/08 07:00:46.344, 3, 2032 MHz, 3996 MHz, 253.13 W, 35
2026/10/08 07:00:46.344, 4, 2032 MHz, 3996 MHz, 246.28 W, 40
2026/10/08 07:00:46.344, 5, 2032 MHz, 3996 MHz, 238.62 W, 38
2026/10/08 07:00:46.344, 6, 120 MHz, 3996 MHz, 186.78 W, 33
2026/10/08 07:00:46.344, 7, 120 MHz, 3996 MHz, 186.53 W, 32
2026/10/08 07:00:47.344, 0, 120 MHz, 3996 MHz, 186.41 W, 36
2026/10/08 07:00:47.344, 1, 120 MHz, 3996 MHz, 188.23 W, 38
2026/10/08 07:00:47.344, 2, 2032 MHz, 3996 MHz, 238.59 W, 35
2026/10/08 07:00:47.344, 3, 2032 MHz, 3996 MHz, 243.08 W, 35
2026/10/08 07:00:47.344, 4, 2032 MHz, 3996 MHz, 246.43 W, 40
2026/10/08 07:00:47.344, 5, 2032 MHz, 3996 MHz, 238.81 W, 38
2026/10/08 07:00:47.344, 6, 120 MHz, 3996 MHz, 186.78 W, 33
2026/10/08 07:00:47.344, 7, 120 MHz, 3996 MHz, 186.53 W, 32
2026/10/08 07:00:48.344, 0, 120 MHz, 3996 MHz, 186.41 W, 36
2026/10/08 07:00:48.344, 1, 120 MHz, 3996 MHz, 188.23 W, 38
2026/10/08 07:00:48.344, 2, 2032 MHz, 3996 MHz, 238.64 W, 35
2026/10/08 07:00:48.344, 3, 2032 MHz, 3996 MHz, 240.68 W, 35
2026/10/08 07:00:48.344, 4, 2032 MHz, 3996 MHz, 255.63 W, 40
2026/10/08 07:00:48.344, 5, 2032 MHz, 3996 MHz, 238.96 W, 38
2026/10/08 07:00:48.344, 6, 120 MHz, 3996 MHz, 186.78 W, 33
2026/10/08 07:00:48.344, 7, 120 MHz, 3996 MHz, 186.53 W, 32
2026/10/08 07:00:49.345, 0, 120 MHz, 3996 MHz, 186.41 W, 36
2026/10/08 07:00:49.345, 1, 120 MHz, 3996 MHz, 188.23 W, 39
2026/10/08 07:00:49.345, 2, 2032 MHz, 3996 MHz, 239.00 W, 35
2026/10/08 07:00:49.345, 3, 2032 MHz, 3996 MHz, 241.33 W, 35
2026/10/08 07:00:49.345, 4, 2032 MHz, 3996 MHz, 246.32 W, 40
2026/10/08 07:00:49.345, 5, 2032 MHz, 3996 MHz, 246.96 W, 39
2026/10/08 07:00:49.345, 6, 120 MHz, 3996 MHz, 186.78 W, 33
2026/10/08 07:00:49.345, 7, 120 MHz, 3996 MHz, 186.53 W, 32
2026/10/08 07:00:50.345, 0, 120 MHz, 3996 MHz, 186.41 W, 36
2026/10/08 07:00:50.345, 1, 120 MHz, 3996 MHz, 188.23 W, 39
2026/10/08 07:00:50.345, 2, 2032 MHz, 3996 MHz, 246.94 W, 35
2026/10/08 07:00:50.345, 3, 2032 MHz, 3996 MHz, 242.11 W, 35
2026/10/08 07:00:50.345, 4, 2032 MHz, 3996 MHz, 253.22 W, 40
2026/10/08 07:00:50.345, 5, 2032 MHz, 3996 MHz, 238.68 W, 38
2026/10/08 07:00:50.345, 6, 120 MHz, 3996 MHz, 186.78 W, 33
2026/10/08 07:00:50.345, 7, 120 MHz, 3996 MHz, 186.54 W, 32
2026/10/08 07:00:51.345, 0, 120 MHz, 3996 MHz, 186.41 W, 36
2026/10/08 07:00:51.345, 1, 120 MHz, 3996 MHz, 188.23 W, 39
2026/10/08 07:00:51.345, 2, 2032 MHz, 3996 MHz, 238.61 W, 35
2026/10/08 07:00:51.345, 3, 2032 MHz, 3996 MHz, 239.24 W, 35
2026/10/08 07:00:51.345, 4, 2032 MHz, 3996 MHz, 246.68 W, 40
2026/10/08 07:00:51.345, 5, 2032 MHz, 3996 MHz, 245.23 W, 38
2026/10/08 07:00:51.345, 6, 120 MHz, 3996 MHz, 186.78 W, 33
2026/10/08 07:00:51.345, 7, 120 MHz, 3996 MHz, 186.54 W, 32
2026/10/08 07:00:52.345, 0, 120 MHz, 3996 MHz, 186.41 W, 36
2026/10/08 07:00:52.346, 1, 120 MHz, 3996 MHz, 188.23 W, 39
2026/10/08 07:00:52.346, 2, 2032 MHz, 3996 MHz, 238.61 W, 35
2026/10/08 07:00:52.346, 3, 2032 MHz, 3996 MHz, 238.92 W, 35
2026/10/08 07:00:52.346, 4, 2032 MHz, 3996 MHz, 246.28 W, 40
2026/10/08 07:00:52.346, 5, 2032 MHz, 3996 MHz, 238.74 W, 38
2026/10/08 07:00:52.346, 6, 120 MHz, 3996 MHz, 186.78 W, 33
2026/10/08 07:00:52.346, 7, 120 MHz, 3996 MHz, 186.53 W, 32
2026/10/08 07:00:53.346, 0, 120 MHz, 3996 MHz, 186.41 W, 36
2026/10/08 07:00:53.346, 1, 120 MHz, 3996 MHz, 188.23 W, 39
2026/10/08 07:00:53.346, 2, 2032 MHz, 3996 MHz, 238.61 W, 35
2026/10/08 07:00:53.346, 3, 2032 MHz, 3996 MHz, 238.88 W, 35
2026/10/08 07:00:53.346, 4, 2032 MHz, 3996 MHz, 246.28 W, 40
2026/10/08 07:00:53.346, 5, 2032 MHz, 3996 MHz, 238.56 W, 38
2026/10/08 07:00:53.346, 6, 120 MHz, 3996 MHz, 186.78 W, 33
2026/10/08 07:00:53.346, 7, 120 MHz, 3996 MHz, 186.53 W, 32
2026/10/08 07:00:54.346, 0, 120 MHz, 3996 MHz, 186.41 W, 36
2026/10/08 07:00:54.346, 1, 120 MHz, 3996 MHz, 188.23 W, 39
2026/10/08 07:00:54.346, 2, 2032 MHz, 3996 MHz, 238.61 W, 35
2026/10/08 07:00:54.346, 3, 2032 MHz, 3996 MHz, 238.80 W, 35
2026/10/08 07:00:54.346, 4, 2032 MHz, 3996 MHz, 246.28 W, 40
2026/10/08 07:00:54.346, 5, 2032 MHz, 3996 MHz, 238.56 W, 38
2026/10/08 07:00:54.346, 6, 120 MHz, 3996 MHz, 186.78 W, 33
2026/10/08 07:00:54.346, 7, 120 MHz, 3996 MHz, 186.54 W, 32
2026/10/08 07:00:55.346, 0, 120 MHz, 3996 MHz, 186.41 W, 36
2026/10/08 07:00:55.346, 1, 120 MHz, 3996 MHz, 188.23 W, 39
2026/10/08 07:00:55.346, 2, 2032 MHz, 3996 MHz, 238.61 W, 35
2026/10/08 07:00:55.346, 3, 2032 MHz, 3996 MHz, 238.65 W, 35
2026/10/08 07:00:55.346, 4, 2032 MHz, 3996 MHz, 246.28 W, 40
2026/10/08 07:00:55.347, 5, 2032 MHz, 3996 MHz, 238.54 W, 38
2026/10/08 07:00:55.347, 6, 120 MHz, 3996 MHz, 186.70 W, 33
2026/10/08 07:00:55.347, 7, 120 MHz, 3996 MHz, 186.54 W, 32
2026/10/08 07:00:56.347, 0, 120 MHz, 3996 MHz, 186.41 W, 36
2026/10/08 07:00:56.347, 1, 120 MHz, 3996 MHz, 188.23 W, 39
2026/10/08 07:00:56.347, 2, 2032 MHz, 3996 MHz, 238.61 W, 35
2026/10/08 07:00:56.347, 3, 2032 MHz, 3996 MHz, 238.76 W, 35
2026/10/08 07:00:56.347, 4, 2032 MHz, 3996 MHz, 246.28 W, 40
2026/10/08 07:00:56.347, 5, 2032 MHz, 3996 MHz, 238.43 W, 38
2026/10/08 07:00:56.347, 6, 120 MHz, 3996 MHz, 186.78 W, 33
2026/10/08 07:00:56.347, 7, 120 MHz, 3996 MHz, 186.50 W, 32
2026/10/08 07:00:57.347, 0, 120 MHz, 3996 MHz, 186.41 W, 36
2026/10/08 07:00:57.347, 1, 120 MHz, 3996 MHz, 188.23 W, 39
2026/10/08 07:00:57.347, 2, 2032 MHz, 3996 MHz, 238.61 W, 35
2026/10/08 07:00:57.347, 3, 2032 MHz, 3996 MHz, 238.69 W, 35
2026/10/08 07:00:57.347, 4, 1545 MHz, 3996 MHz, 325.10 W, 52
2026/10/08 07:00:57.347, 5, 2032 MHz, 3996 MHz, 240.87 W, 38
2026/10/08 07:00:57.347, 6, 120 MHz, 3996 MHz, 186.78 W, 33
2026/10/08 07:00:57.347, 7, 120 MHz, 3996 MHz, 186.46 W, 32
2026/10/08 07:00:58.347, 0, 120 MHz, 3996 MHz, 186.41 W, 37
2026/10/08 07:00:58.347, 1, 120 MHz, 3996 MHz, 188.23 W, 39
2026/10/08 07:00:58.347, 2, 2032 MHz, 3996 MHz, 238.61 W, 35
2026/10/08 07:00:58.347, 3, 2032 MHz, 3996 MHz, 238.73 W, 35
2026/10/08 07:00:58.347, 4, 2032 MHz, 3996 MHz, 524.82 W, 42
2026/10/08 07:00:58.347, 5, 2032 MHz, 3996 MHz, 578.37 W, 41
2026/10/08 07:00:58.347, 6, 120 MHz, 3996 MHz, 186.78 W, 33
2026/10/08 07:00:58.347, 7, 120 MHz, 3996 MHz, 186.46 W, 32
2026/10/08 07:00:59.348, 0, 120 MHz, 3996 MHz, 186.41 W, 37
2026/10/08 07:00:59.348, 1, 120 MHz, 3996 MHz, 188.23 W, 39
2026/10/08 07:00:59.348, 2, 2032 MHz, 3996 MHz, 238.61 W, 35
2026/10/08 07:00:59.348, 3, 2032 MHz, 3996 MHz, 238.65 W, 35
2026/10/08 07:00:59.348, 4, 2032 MHz, 3996 MHz, 531.73 W, 47
2026/10/08 07:00:59.348, 5, 2032 MHz, 3996 MHz, 501.53 W, 45
2026/10/08 07:00:59.348, 6, 120 MHz, 3996 MHz, 186.74 W, 33
2026/10/08 07:00:59.348, 7, 120 MHz, 3996 MHz, 186.46 W, 32
2026/10/08 07:01:00.348, 0, 120 MHz, 3996 MHz, 186.41 W, 37
2026/10/08 07:01:00.348, 1, 120 MHz, 3996 MHz, 188.23 W, 39
2026/10/08 07:01:00.348, 2, 2032 MHz, 3996 MHz, 238.61 W, 35
2026/10/08 07:01:00.348, 3, 2032 MHz, 3996 MHz, 238.65 W, 35
2026/10/08 07:01:00.348, 4, 2032 MHz, 3996 MHz, 693.08 W, 48
2026/10/08 07:01:00.348, 5, 2032 MHz, 3996 MHz, 695.76 W, 46
2026/10/08 07:01:00.348, 6, 120 MHz, 3996 MHz, 186.78 W, 32
2026/10/08 07:01:00.348, 7, 120 MHz, 3996 MHz, 186.34 W, 32
2026/10/08 07:01:01.348, 0, 120 MHz, 3996 MHz, 186.41 W, 37
2026/10/08 07:01:01.348, 1, 120 MHz, 3996 MHz, 188.23 W, 39
2026/10/08 07:01:01.348, 2, 2032 MHz, 3996 MHz, 238.61 W, 35
2026/10/08 07:01:01.348, 3, 2032 MHz, 3996 MHz, 238.73 W, 35
2026/10/08 07:01:01.348, 4, 2032 MHz, 3996 MHz, 696.18 W, 48
2026/10/08 07:01:01.348, 5, 2032 MHz, 3996 MHz, 697.26 W, 46
2026/10/08 07:01:01.348, 6, 120 MHz, 3996 MHz, 186.66 W, 32
2026/10/08 07:01:01.348, 7, 120 MHz, 3996 MHz, 186.53 W, 32
2026/10/08 07:01:02.349, 0, 120 MHz, 3996 MHz, 186.41 W, 37
2026/10/08 07:01:02.349, 1, 120 MHz, 3996 MHz, 188.23 W, 39
2026/10/08 07:01:02.349, 2, 2032 MHz, 3996 MHz, 238.61 W, 35
2026/10/08 07:01:02.349, 3, 2032 MHz, 3996 MHz, 238.77 W, 35
2026/10/08 07:01:02.349, 4, 2032 MHz, 3996 MHz, 738.62 W, 49
2026/10/08 07:01:02.349, 5, 2032 MHz, 3996 MHz, 742.92 W, 47
2026/10/08 07:01:02.349, 6, 120 MHz, 3996 MHz, 186.74 W, 32
2026/10/08 07:01:02.349, 7, 120 MHz, 3996 MHz, 186.45 W, 32
2026/10/08 07:01:03.349, 0, 120 MHz, 3996 MHz, 186.41 W, 37
2026/10/08 07:01:03.349, 1, 120 MHz, 3996 MHz, 188.23 W, 39
2026/10/08 07:01:03.349, 2, 2032 MHz, 3996 MHz, 245.97 W, 35
2026/10/08 07:01:03.349, 3, 2032 MHz, 3996 MHz, 239.05 W, 35
2026/10/08 07:01:03.349, 4, 2032 MHz, 3996 MHz, 694.18 W, 49
2026/10/08 07:01:03.349, 5, 2032 MHz, 3996 MHz, 697.75 W, 47
2026/10/08 07:01:03.349, 6, 120 MHz, 3996 MHz, 186.70 W, 32
2026/10/08 07:01:03.349, 7, 120 MHz, 3996 MHz, 186.53 W, 32
2026/10/08 07:01:04.349, 0, 120 MHz, 3996 MHz, 186.41 W, 37
2026/10/08 07:01:04.349, 1, 120 MHz, 3996 MHz, 188.23 W, 39
2026/10/08 07:01:04.349, 2, 2032 MHz, 3996 MHz, 238.40 W, 35
2026/10/08 07:01:04.349, 3, 2032 MHz, 3996 MHz, 253.21 W, 35
2026/10/08 07:01:04.349, 4, 2032 MHz, 3996 MHz, 697.18 W, 49
2026/10/08 07:01:04.349, 5, 2032 MHz, 3996 MHz, 696.15 W, 47
2026/10/08 07:01:04.349, 6, 120 MHz, 3996 MHz, 186.66 W, 32
2026/10/08 07:01:04.349, 7, 120 MHz, 3996 MHz, 186.26 W, 32
2026/10/08 07:01:05.349, 0, 120 MHz, 3996 MHz, 186.41 W, 37
2026/10/08 07:01:05.350, 1, 120 MHz, 3996 MHz, 188.23 W, 39
2026/10/08 07:01:05.350, 2, 2032 MHz, 3996 MHz, 237.92 W, 34
2026/10/08 07:01:05.350, 3, 2032 MHz, 3996 MHz, 238.61 W, 35
2026/10/08 07:01:05.350, 4, 2032 MHz, 3996 MHz, 743.20 W, 49
2026/10/08 07:01:05.350, 5, 2032 MHz, 3996 MHz, 743.49 W, 48
2026/10/08 07:01:05.350, 6, 120 MHz, 3996 MHz, 186.21 W, 32
2026/10/08 07:01:05.350, 7, 120 MHz, 3996 MHz, 186.34 W, 31
2026/10/08 07:01:06.350, 0, 120 MHz, 3996 MHz, 186.41 W, 37
2026/10/08 07:01:06.350, 1, 120 MHz, 3996 MHz, 188.23 W, 39
2026/10/08 07:01:06.350, 2, 2032 MHz, 3996 MHz, 237.09 W, 34
2026/10/08 07:01:06.350, 3, 2032 MHz, 3996 MHz, 238.61 W, 35
2026/10/08 07:01:06.350, 4, 2032 MHz, 3996 MHz, 694.97 W, 50
2026/10/08 07:01:06.350, 5, 2032 MHz, 3996 MHz, 697.64 W, 48
2026/10/08 07:01:06.350, 6, 120 MHz, 3996 MHz, 186.39 W, 32
2026/10/08 07:01:06.350, 7, 120 MHz, 3996 MHz, 185.89 W, 31
2026/10/08 07:01:07.350, 0, 120 MHz, 3996 MHz, 186.41 W, 37
2026/10/08 07:01:07.350, 1, 120 MHz, 3996 MHz, 188.23 W, 39
2026/10/08 07:01:07.350, 2, 2032 MHz, 3996 MHz, 236.93 W, 34
2026/10/08 07:01:07.350, 3, 2032 MHz, 3996 MHz, 238.61 W, 35
2026/10/08 07:01:07.350, 4, 2032 MHz, 3996 MHz, 696.64 W, 50
2026/10/08 07:01:07.350, 5, 2025 MHz, 3996 MHz, 746.10 W, 50
2026/10/08 07:01:07.350, 6, 120 MHz, 3996 MHz, 186.13 W, 32
2026/10/08 07:01:07.350, 7, 120 MHz, 3996 MHz, 186.26 W, 31
2026/10/08 07:01:08.350, 0, 120 MHz, 3996 MHz, 186.41 W, 37
2026/10/08 07:01:08.350, 1, 120 MHz, 3996 MHz, 188.23 W, 39
2026/10/08 07:01:08.350, 2, 2032 MHz, 3996 MHz, 237.01 W, 34
2026/10/08 07:01:08.350, 3, 2032 MHz, 3996 MHz, 238.61 W, 34
2026/10/08 07:01:08.350, 4, 2032 MHz, 3996 MHz, 747.66 W, 50
2026/10/08 07:01:08.350, 5, 2032 MHz, 3996 MHz, 697.97 W, 48
2026/10/08 07:01:08.350, 6, 120 MHz, 3996 MHz, 185.69 W, 32
2026/10/08 07:01:08.350, 7, 120 MHz, 3996 MHz, 185.95 W, 31
2026/10/08 07:01:09.351, 0, 120 MHz, 3996 MHz, 186.41 W, 37
2026/10/08 07:01:09.351, 1, 120 MHz, 3996 MHz, 188.23 W, 39
2026/10/08 07:01:09.351, 2, 1335 MHz, 3996 MHz, 408.90 W, 47
2026/10/08 07:01:09.351, 3, 2032 MHz, 3996 MHz, 238.58 W, 34
2026/10/08 07:01:09.351, 4, 2032 MHz, 3996 MHz, 693.08 W, 50
2026/10/08 07:01:09.351, 5, 2032 MHz, 3996 MHz, 701.54 W, 48
2026/10/08 07:01:09.351, 6, 120 MHz, 3996 MHz, 185.61 W, 32
2026/10/08 07:01:09.351, 7, 120 MHz, 3996 MHz, 185.28 W, 31
2026/10/08 07:01:10.351, 0, 120 MHz, 3996 MHz, 186.41 W, 37
2026/10/08 07:01:10.351, 1, 120 MHz, 3996 MHz, 188.23 W, 39
2026/10/08 07:01:10.351, 2, 2032 MHz, 3996 MHz, 421.43 W, 36
2026/10/08 07:01:10.351, 3, 2032 MHz, 3996 MHz, 592.25 W, 37
2026/10/08 07:01:10.351, 4, 1410 MHz, 3996 MHz, 740.13 W, 59
2026/10/08 07:01:10.351, 5, 2032 MHz, 3996 MHz, 750.15 W, 49
2026/10/08 07:01:10.351, 6, 120 MHz, 3996 MHz, 185.63 W, 32
2026/10/08 07:01:10.351, 7, 120 MHz, 3996 MHz, 185.51 W, 31
2026/10/08 07:01:11.351, 0, 120 MHz, 3996 MHz, 186.41 W, 37
2026/10/08 07:01:11.351, 1, 120 MHz, 3996 MHz, 188.23 W, 39
2026/10/08 07:01:11.351, 2, 2032 MHz, 3996 MHz, 530.65 W, 40
2026/10/08 07:01:11.351, 3, 2032 MHz, 3996 MHz, 429.36 W, 40
2026/10/08 07:01:11.351, 4, 2032 MHz, 3996 MHz, 703.39 W, 51
2026/10/08 07:01:11.351, 5, 2032 MHz, 3996 MHz, 700.35 W, 49
2026/10/08 07:01:11.351, 6, 120 MHz, 3996 MHz, 185.37 W, 32
2026/10/08 07:01:11.351, 7, 120 MHz, 3996 MHz, 185.37 W, 31
2026/10/08 07:01:12.352, 0, 120 MHz, 3996 MHz, 186.41 W, 37
2026/10/08 07:01:12.352, 1, 120 MHz, 3996 MHz, 188.23 W, 39
2026/10/08 07:01:12.352, 2, 2032 MHz, 3996 MHz, 656.47 W, 41
2026/10/08 07:01:12.352, 3, 2032 MHz, 3996 MHz, 679.90 W, 41
2026/10/08 07:01:12.352, 4, 2032 MHz, 3996 MHz, 696.60 W, 51
2026/10/08 07:01:12.352, 5, 2032 MHz, 3996 MHz, 703.90 W, 49
2026/10/08 07:01:12.352, 6, 120 MHz, 3996 MHz, 185.21 W, 32
2026/10/08 07:01:12.352, 7, 120 MHz, 3996 MHz, 185.20 W, 31
2026/10/08 07:01:13.352, 0, 120 MHz, 3996 MHz, 186.41 W, 37
2026/10/08 07:01:13.352, 1, 120 MHz, 3996 MHz, 188.23 W, 39
2026/10/08 07:01:13.352, 2, 2032 MHz, 3996 MHz, 649.76 W, 41
2026/10/08 07:01:13.352, 3, 2032 MHz, 3996 MHz, 680.13 W, 42
2026/10/08 07:01:13.352, 4, 1995 MHz, 3996 MHz, 746.97 W, 52
2026/10/08 07:01:13.352, 5, 2032 MHz, 3996 MHz, 746.57 W, 49
2026/10/08 07:01:13.352, 6, 120 MHz, 3996 MHz, 185.07 W, 32
2026/10/08 07:01:13.352, 7, 120 MHz, 3996 MHz, 185.06 W, 31
2026/10/08 07:01:14.352, 0, 120 MHz, 3996 MHz, 186.41 W, 37
2026/10/08 07:01:14.352, 1, 120 MHz, 3996 MHz, 188.23 W, 39
2026/10/08 07:01:14.352, 2, 2032 MHz, 3996 MHz, 679.69 W, 41
2026/10/08 07:01:14.352, 3, 2032 MHz, 3996 MHz, 706.99 W, 42
2026/10/08 07:01:14.352, 4, 2032 MHz, 3996 MHz, 694.96 W, 51
2026/10/08 07:01:14.352, 5, 2032 MHz, 3996 MHz, 700.08 W, 49
2026/10/08 07:01:14.352, 6, 120 MHz, 3996 MHz, 185.13 W, 32
2026/10/08 07:01:14.352, 7, 120 MHz, 3996 MHz, 184.87 W, 31
2026/10/08 07:01:15.352, 0, 120 MHz, 3996 MHz, 186.41 W, 37
2026/10/08 07:01:15.353, 1, 120 MHz, 3996 MHz, 188.23 W, 39
2026/10/08 07:01:15.353, 2, 2032 MHz, 3996 MHz, 659.31 W, 41
2026/10/08 07:01:15.353, 3, 2032 MHz, 3996 MHz, 681.28 W, 42
2026/10/08 07:01:15.353, 4, 2032 MHz, 3996 MHz, 696.37 W, 51
2026/10/08 07:01:15.353, 5, 1672 MHz, 3996 MHz, 720.37 W, 49
2026/10/08 07:01:15.353, 6, 120 MHz, 3996 MHz, 186.66 W, 32
2026/10/08 07:01:15.353, 7, 120 MHz, 3996 MHz, 184.93 W, 31
2026/10/08 07:01:16.353, 0, 120 MHz, 3996 MHz, 186.41 W, 37
2026/10/08 07:01:16.353, 1, 120 MHz, 3996 MHz, 188.23 W, 39
2026/10/08 07:01:16.353, 2, 2032 MHz, 3996 MHz, 686.67 W, 42
2026/10/08 07:01:16.353, 3, 2032 MHz, 3996 MHz, 703.12 W, 43
2026/10/08 07:01:16.353, 4, 2032 MHz, 3996 MHz, 754.07 W, 52
2026/10/08 07:01:16.353, 5, 2032 MHz, 3996 MHz, 744.55 W, 50
2026/10/08 07:01:16.353, 6, 120 MHz, 3996 MHz, 186.74 W, 31
2026/10/08 07:01:16.353, 7, 120 MHz, 3996 MHz, 184.94 W, 31
2026/10/08 07:01:17.353, 0, 120 MHz, 3996 MHz, 186.41 W, 37
2026/10/08 07:01:17.353, 1, 120 MHz, 3996 MHz, 188.23 W, 39
2026/10/08 07:01:17.353, 2, 2032 MHz, 3996 MHz, 659.60 W, 42
2026/10/08 07:01:17.353, 3, 2032 MHz, 3996 MHz, 683.48 W, 43
2026/10/08 07:01:17.353, 4, 2032 MHz, 3996 MHz, 699.06 W, 51
2026/10/08 07:01:17.353, 5, 2032 MHz, 3996 MHz, 702.09 W, 50
2026/10/08 07:01:17.353, 6, 120 MHz, 3996 MHz, 186.58 W, 31
2026/10/08 07:01:17.353, 7, 120 MHz, 3996 MHz, 184.86 W, 31
2026/10/08 07:01:18.353, 0, 120 MHz, 3996 MHz, 186.41 W, 37
2026/10/08 07:01:18.353, 1, 120 MHz, 3996 MHz, 188.23 W, 39
2026/10/08 07:01:18.353, 2, 2032 MHz, 3996 MHz, 663.27 W, 42
2026/10/08 07:01:18.353, 3, 2032 MHz, 3996 MHz, 686.59 W, 43
2026/10/08 07:01:18.353, 4, 2032 MHz, 3996 MHz, 700.45 W, 52
2026/10/08 07:01:18.353, 5, 2032 MHz, 3996 MHz, 755.16 W, 51
2026/10/08 07:01:18.353, 6, 120 MHz, 3996 MHz, 186.62 W, 31
2026/10/08 07:01:18.353, 7, 120 MHz, 3996 MHz, 184.74 W, 31
2026/10/08 07:01:19.354, 0, 120 MHz, 3996 MHz, 186.41 W, 37
2026/10/08 07:01:19.354, 1, 120 MHz, 3996 MHz, 188.23 W, 39
2026/10/08 07:01:19.354, 2, 2032 MHz, 3996 MHz, 684.32 W, 42
2026/10/08 07:01:19.354, 3, 2032 MHz, 3996 MHz, 703.59 W, 43
2026/10/08 07:01:19.354, 4, 2032 MHz, 3996 MHz, 742.36 W, 52
2026/10/08 07:01:19.354, 5, 2032 MHz, 3996 MHz, 703.86 W, 50
2026/10/08 07:01:19.354, 6, 120 MHz, 3996 MHz, 186.66 W, 31
2026/10/08 07:01:19.354, 7, 120 MHz, 3996 MHz, 184.63 W, 30
2026/10/08 07:01:20.354, 0, 120 MHz, 3996 MHz, 186.41 W, 37
2026/10/08 07:01:20.354, 1, 120 MHz, 3996 MHz, 188.23 W, 39
2026/10/08 07:01:20.354, 2, 2032 MHz, 3996 MHz, 663.55 W, 42
2026/10/08 07:01:20.354, 3, 2032 MHz, 3996 MHz, 683.13 W, 43
2026/10/08 07:01:20.354, 4, 2032 MHz, 3996 MHz, 698.05 W, 52
2026/10/08 07:01:20.354, 5, 2032 MHz, 3996 MHz, 705.19 W, 50
2026/10/08 07:01:20.354, 6, 120 MHz, 3996 MHz, 186.43 W, 31
2026/10/08 07:01:20.354, 7, 120 MHz, 3996 MHz, 184.59 W, 30
2026/10/08 07:01:21.354, 0, 120 MHz, 3996 MHz, 186.41 W, 37
2026/10/08 07:01:21.354, 1, 120 MHz, 3996 MHz, 188.23 W, 39
2026/10/08 07:01:21.354, 2, 2017 MHz, 3996 MHz, 687.88 W, 44
2026/10/08 07:01:21.354, 3, 2032 MHz, 3996 MHz, 701.88 W, 43
2026/10/08 07:01:21.354, 4, 2032 MHz, 3996 MHz, 700.37 W, 52
2026/10/08 07:01:21.354, 5, 2032 MHz, 3996 MHz, 744.25 W, 50
2026/10/08 07:01:21.354, 6, 120 MHz, 3996 MHz, 186.31 W, 31
2026/10/08 07:01:21.354, 7, 120 MHz, 3996 MHz, 184.59 W, 30
2026/10/08 07:01:22.354, 0, 120 MHz, 3996 MHz, 186.41 W, 37
2026/10/08 07:01:22.354, 1, 120 MHz, 3996 MHz, 188.23 W, 39
2026/10/08 07:01:22.354, 2, 2032 MHz, 3996 MHz, 666.87 W, 43
2026/10/08 07:01:22.354, 3, 2032 MHz, 3996 MHz, 686.70 W, 43
2026/10/08 07:01:22.354, 4, 2032 MHz, 3996 MHz, 745.51 W, 52
2026/10/08 07:01:22.354, 5, 2032 MHz, 3996 MHz, 703.53 W, 50
2026/10/08 07:01:22.354, 6, 120 MHz, 3996 MHz, 186.28 W, 31
2026/10/08 07:01:22.354, 7, 120 MHz, 3996 MHz, 185.75 W, 30
2026/10/08 07:01:23.354, 0, 120 MHz, 3996 MHz, 186.41 W, 37
2026/10/08 07:01:23.355, 1, 120 MHz, 3996 MHz, 188.23 W, 39
2026/10/08 07:01:23.355, 2, 2032 MHz, 3996 MHz, 661.23 W, 43
2026/10/08 07:01:23.355, 3, 2032 MHz, 3996 MHz, 679.44 W, 43
2026/10/08 07:01:23.355, 4, 2032 MHz, 3996 MHz, 700.36 W, 52
2026/10/08 07:01:23.355, 5, 2032 MHz, 3996 MHz, 703.09 W, 50
2026/10/08 07:01:23.355, 6, 120 MHz, 3996 MHz, 185.98 W, 31
2026/10/08 07:01:23.355, 7, 120 MHz, 3996 MHz, 185.79 W, 30
2026/10/08 07:01:24.355, 0, 120 MHz, 3996 MHz, 186.41 W, 37
2026/10/08 07:01:24.355, 1, 120 MHz, 3996 MHz, 188.23 W, 39
2026/10/08 07:01:24.355, 2, 2032 MHz, 3996 MHz, 689.30 W, 43
2026/10/08 07:01:24.355, 3, 2032 MHz, 3996 MHz, 712.10 W, 43
2026/10/08 07:01:24.355, 4, 2032 MHz, 3996 MHz, 697.40 W, 52
2026/10/08 07:01:24.355, 5, 2032 MHz, 3996 MHz, 752.13 W, 51
2026/10/08 07:01:24.355, 6, 120 MHz, 3996 MHz, 185.88 W, 31
2026/10/08 07:01:24.355, 7, 120 MHz, 3996 MHz, 185.77 W, 30
2026/10/08 07:01:25.355, 0, 120 MHz, 3996 MHz, 186.41 W, 37
2026/10/08 07:01:25.355, 1, 120 MHz, 3996 MHz, 188.23 W, 39
2026/10/08 07:01:25.355, 2, 2032 MHz, 3996 MHz, 659.88 W, 43
2026/10/08 07:01:25.355, 3, 2032 MHz, 3996 MHz, 685.50 W, 44
2026/10/08 07:01:25.355, 4, 2032 MHz, 3996 MHz, 761.30 W, 53
2026/10/08 07:01:25.355, 5, 2032 MHz, 3996 MHz, 702.62 W, 50
2026/10/08 07:01:25.355, 6, 120 MHz, 3996 MHz, 185.82 W, 31
2026/10/08 07:01:25.355, 7, 120 MHz, 3996 MHz, 185.60 W, 30
2026/10/08 07:01:26.355, 0, 120 MHz, 3996 MHz, 186.41 W, 37
2026/10/08 07:01:26.355, 1, 120 MHz, 3996 MHz, 188.23 W, 39
2026/10/08 07:01:26.355, 2, 2032 MHz, 3996 MHz, 661.75 W, 43
2026/10/08 07:01:26.355, 3, 2032 MHz, 3996 MHz, 702.38 W, 44
2026/10/08 07:01:26.355, 4, 2032 MHz, 3996 MHz, 699.63 W, 52
2026/10/08 07:01:26.355, 5, 1417 MHz, 3996 MHz, 737.71 W, 59
2026/10/08 07:01:26.355, 6, 120 MHz, 3996 MHz, 185.38 W, 31
2026/10/08 07:01:26.355, 7, 120 MHz, 3996 MHz, 185.23 W, 30
2026/10/08 07:01:27.356, 0, 120 MHz, 3996 MHz, 186.41 W, 37
2026/10/08 07:01:27.356, 1, 120 MHz, 3996 MHz, 188.23 W, 39
2026/10/08 07:01:27.356, 2, 2032 MHz, 3996 MHz, 689.62 W, 43
2026/10/08 07:01:27.356, 3, 2032 MHz, 3996 MHz, 685.01 W, 44
2026/10/08 07:01:27.356, 4, 2032 MHz, 3996 MHz, 699.35 W, 53
2026/10/08 07:01:27.356, 5, 2032 MHz, 3996 MHz, 725.79 W, 51
2026/10/08 07:01:27.356, 6, 120 MHz, 3996 MHz, 185.29 W, 31
2026/10/08 07:01:27.356, 7, 120 MHz, 3996 MHz, 185.33 W, 30
2026/10/08 07:01:28.356, 0, 120 MHz, 3996 MHz, 186.41 W, 37
2026/10/08 07:01:28.356, 1, 120 MHz, 3996 MHz, 188.23 W, 39
2026/10/08 07:01:28.356, 2, 2032 MHz, 3996 MHz, 661.92 W, 43
2026/10/08 07:01:28.356, 3, 1845 MHz, 3996 MHz, 699.11 W, 44
2026/10/08 07:01:28.356, 4, 2032 MHz, 3996 MHz, 742.56 W, 53
2026/10/08 07:01:28.356, 5, 2032 MHz, 3996 MHz, 703.71 W, 51
2026/10/08 07:01:28.356, 6, 120 MHz, 3996 MHz, 185.40 W, 31
2026/10/08 07:01:28.356, 7, 120 MHz, 3996 MHz, 184.98 W, 30
2026/10/08 07:01:29.356, 0, 120 MHz, 3996 MHz, 186.41 W, 37
2026/10/08 07:01:29.356, 1, 120 MHz, 3996 MHz, 188.23 W, 39
2026/10/08 07:01:29.356, 2, 2032 MHz, 3996 MHz, 685.14 W, 43
2026/10/08 07:01:29.356, 3, 2032 MHz, 3996 MHz, 703.75 W, 44
2026/10/08 07:01:29.356, 4, 2032 MHz, 3996 MHz, 697.57 W, 53
2026/10/08 07:01:29.356, 5, 2032 MHz, 3996 MHz, 757.17 W, 52
2026/10/08 07:01:29.356, 6, 120 MHz, 3996 MHz, 185.10 W, 31
2026/10/08 07:01:29.356, 7, 120 MHz, 3996 MHz, 185.02 W, 30
2026/10/08 07:01:30.356, 0, 120 MHz, 3996 MHz, 186.41 W, 37
2026/10/08 07:01:30.357, 1, 120 MHz, 3996 MHz, 188.23 W, 39
2026/10/08 07:01:30.357, 2, 2032 MHz, 3996 MHz, 660.28 W, 43
2026/10/08 07:01:30.357, 3, 2032 MHz, 3996 MHz, 683.97 W, 44
2026/10/08 07:01:30.357, 4, 1710 MHz, 3996 MHz, 729.56 W, 53
2026/10/08 07:01:30.357, 5, 2032 MHz, 3996 MHz, 705.30 W, 51
2026/10/08 07:01:30.357, 6, 120 MHz, 3996 MHz, 184.95 W, 31
2026/10/08 07:01:30.357, 7, 120 MHz, 3996 MHz, 184.66 W, 30
2026/10/08 07:01:31.357, 0, 120 MHz, 3996 MHz, 186.41 W, 37
2026/10/08 07:01:31.357, 1, 120 MHz, 3996 MHz, 188.23 W, 39
2026/10/08 07:01:31.357, 2, 2032 MHz, 3996 MHz, 661.22 W, 43
2026/10/08 07:01:31.357, 3, 2032 MHz, 3996 MHz, 702.76 W, 44
2026/10/08 07:01:31.357, 4, 2032 MHz, 3996 MHz, 729.09 W, 53
2026/10/08 07:01:31.357, 5, 2032 MHz, 3996 MHz, 704.12 W, 51
2026/10/08 07:01:31.357, 6, 120 MHz, 3996 MHz, 184.87 W, 30
2026/10/08 07:01:31.357, 7, 120 MHz, 3996 MHz, 184.79 W, 30
2026/10/08 07:01:32.357, 0, 120 MHz, 3996 MHz, 186.41 W, 37
2026/10/08 07:01:32.357, 1, 120 MHz, 3996 MHz, 188.23 W, 39
2026/10/08 07:01:32.357, 2, 2032 MHz, 3996 MHz, 689.62 W, 43
2026/10/08 07:01:32.357, 3, 2032 MHz, 3996 MHz, 682.80 W, 44
2026/10/08 07:01:32.357, 4, 2032 MHz, 3996 MHz, 697.95 W, 53
2026/10/08 07:01:32.357, 5, 2032 MHz, 3996 MHz, 750.57 W, 51
2026/10/08 07:01:32.357, 6, 120 MHz, 3996 MHz, 184.87 W, 30
2026/10/08 07:01:32.357, 7, 120 MHz, 3996 MHz, 184.73 W, 30
2026/10/08 07:01:33.357, 0, 120 MHz, 3996 MHz, 186.41 W, 37
2026/10/08 07:01:33.357, 1, 120 MHz, 3996 MHz, 188.23 W, 39
2026/10/08 07:01:33.357, 2, 2032 MHz, 3996 MHz, 661.32 W, 43
2026/10/08 07:01:33.357, 3, 1672 MHz, 3996 MHz, 710.94 W, 51
2026/10/08 07:01:33.357, 4, 1860 MHz, 3996 MHz, 755.20 W, 62
2026/10/08 07:01:33.357, 5, 2032 MHz, 3996 MHz, 703.30 W, 51
2026/10/08 07:01:33.357, 6, 120 MHz, 3996 MHz, 184.83 W, 30
2026/10/08 07:01:33.357, 7, 120 MHz, 3996 MHz, 184.68 W, 30
2026/10/08 07:01:34.358, 0, 120 MHz, 3996 MHz, 186.41 W, 37
2026/10/08 07:01:34.358, 1, 120 MHz, 3996 MHz, 188.23 W, 39
2026/10/08 07:01:34.358, 2, 1410 MHz, 3996 MHz, 684.76 W, 51
2026/10/08 07:01:34.358, 3, 2032 MHz, 3996 MHz, 681.18 W, 44
2026/10/08 07:01:34.358, 4, 2032 MHz, 3996 MHz, 696.80 W, 53
2026/10/08 07:01:34.358, 5, 2032 MHz, 3996 MHz, 703.80 W, 51
2026/10/08 07:01:34.358, 6, 120 MHz, 3996 MHz, 184.83 W, 30
2026/10/08 07:01:34.358, 7, 120 MHz, 3996 MHz, 184.68 W, 29
2026/10/08 07:01:35.358, 0, 120 MHz, 3996 MHz, 186.41 W, 37
2026/10/08 07:01:35.358, 1, 120 MHz, 3996 MHz, 188.23 W, 39
2026/10/08 07:01:35.358, 2, 2032 MHz, 3996 MHz, 663.02 W, 43
2026/10/08 07:01:35.358, 3, 2032 MHz, 3996 MHz, 683.05 W, 44
2026/10/08 07:01:35.358, 4, 2032 MHz, 3996 MHz, 698.98 W, 53
2026/10/08 07:01:35.358, 5, 2032 MHz, 3996 MHz, 745.74 W, 51
2026/10/08 07:01:35.358, 6, 120 MHz, 3996 MHz, 184.83 W, 30
2026/10/08 07:01:35.358, 7, 120 MHz, 3996 MHz, 184.60 W, 29
2026/10/08 07:01:36.358, 0, 120 MHz, 3996 MHz, 186.41 W, 37
2026/10/08 07:01:36.358, 1, 120 MHz, 3996 MHz, 188.23 W, 39
2026/10/08 07:01:36.358, 2, 2032 MHz, 3996 MHz, 663.83 W, 43
2026/10/08 07:01:36.358, 3, 2032 MHz, 3996 MHz, 717.85 W, 45
2026/10/08 07:01:36.358, 4, 2032 MHz, 3996 MHz, 749.97 W, 54
2026/10/08 07:01:36.358, 5, 2032 MHz, 3996 MHz, 705.24 W, 51
2026/10/08 07:01:36.358, 6, 120 MHz, 3996 MHz, 184.83 W, 30
2026/10/08 07:01:36.358, 7, 120 MHz, 3996 MHz, 184.63 W, 29
2026/10/08 07:01:37.359, 0, 120 MHz, 3996 MHz, 186.41 W, 37
2026/10/08 07:01:37.359, 1, 120 MHz, 3996 MHz, 188.23 W, 39
2026/10/08 07:01:37.359, 2, 2032 MHz, 3996 MHz, 692.41 W, 44
2026/10/08 07:01:37.359, 3, 2032 MHz, 3996 MHz, 687.34 W, 44
2026/10/08 07:01:37.359, 4, 2032 MHz, 3996 MHz, 699.17 W, 53
2026/10/08 07:01:37.359, 5, 1432 MHz, 3996 MHz, 754.79 W, 60
2026/10/08 07:01:37.359, 6, 120 MHz, 3996 MHz, 184.83 W, 30
2026/10/08 07:01:37.359, 7, 120 MHz, 3996 MHz, 184.60 W, 29
2026/10/08 07:01:38.359, 0, 120 MHz, 3996 MHz, 186.41 W, 37
2026/10/08 07:01:38.359, 1, 120 MHz, 3996 MHz, 188.23 W, 39
2026/10/08 07:01:38.359, 2, 2032 MHz, 3996 MHz, 665.31 W, 43
2026/10/08 07:01:38.359, 3, 1980 MHz, 3996 MHz, 706.55 W, 46
2026/10/08 07:01:38.359, 4, 2032 MHz, 3996 MHz, 702.15 W, 53
2026/10/08 07:01:38.359, 5, 2032 MHz, 3996 MHz, 702.05 W, 51
2026/10/08 07:01:38.359, 6, 120 MHz, 3996 MHz, 184.83 W, 30
2026/10/08 07:01:38.359, 7, 120 MHz, 3996 MHz, 184.59 W, 29
2026/10/08 07:01:39.359, 0, 120 MHz, 3996 MHz, 186.41 W, 37
2026/10/08 07:01:39.359, 1, 120 MHz, 3996 MHz, 188.23 W, 39
2026/10/08 07:01:39.359, 2, 2032 MHz, 3996 MHz, 665.78 W, 43
2026/10/08 07:01:39.359, 3, 2032 MHz, 3996 MHz, 683.51 W, 44
2026/10/08 07:01:39.359, 4, 2032 MHz, 3996 MHz, 749.70 W, 54
2026/10/08 07:01:39.359, 5, 2032 MHz, 3996 MHz, 705.47 W, 51
2026/10/08 07:01:39.359, 6, 120 MHz, 3996 MHz, 184.83 W, 30
2026/10/08 07:01:39.359, 7, 120 MHz, 3996 MHz, 184.59 W, 29
2026/10/08 07:01:40.359, 0, 120 MHz, 3996 MHz, 186.41 W, 37
2026/10/08 07:01:40.359, 1, 120 MHz, 3996 MHz, 188.23 W, 39
2026/10/08 07:01:40.359, 2, 2032 MHz, 3996 MHz, 684.80 W, 44
2026/10/08 07:01:40.359, 3, 2032 MHz, 3996 MHz, 685.54 W, 44
2026/10/08 07:01:40.359, 4, 2032 MHz, 3996 MHz, 699.89 W, 53
2026/10/08 07:01:40.359, 5, 2032 MHz, 3996 MHz, 751.48 W, 52
2026/10/08 07:01:40.359, 6, 120 MHz, 3996 MHz, 184.83 W, 30
2026/10/08 07:01:40.359, 7, 120 MHz, 3996 MHz, 184.64 W, 29
2026/10/08 07:01:41.360, 0, 120 MHz, 3996 MHz, 186.41 W, 37
2026/10/08 07:01:41.360, 1, 120 MHz, 3996 MHz, 188.23 W, 39
2026/10/08 07:01:41.360, 2, 2032 MHz, 3996 MHz, 663.36 W, 44
2026/10/08 07:01:41.360, 3, 2032 MHz, 3996 MHz, 714.20 W, 45
2026/10/08 07:01:41.360, 4, 2032 MHz, 3996 MHz, 699.36 W, 53
2026/10/08 07:01:41.360, 5, 2032 MHz, 3996 MHz, 705.58 W, 51
2026/10/08 07:01:41.360, 6, 120 MHz, 3996 MHz, 184.83 W, 30
2026/10/08 07:01:41.360, 7, 120 MHz, 3996 MHz, 184.59 W, 29
2026/10/08 07:01:42.360, 0, 120 MHz, 3996 MHz, 186.41 W, 37
2026/10/08 07:01:42.360, 1, 120 MHz, 3996 MHz, 188.23 W, 39
2026/10/08 07:01:42.360, 2, 2032 MHz, 3996 MHz, 691.03 W, 44
2026/10/08 07:01:42.360, 3, 2032 MHz, 3996 MHz, 684.99 W, 44
2026/10/08 07:01:42.360, 4, 2032 MHz, 3996 MHz, 749.59 W, 54
2026/10/08 07:01:42.360, 5, 2032 MHz, 3996 MHz, 709.17 W, 51
2026/10/08 07:01:42.360, 6, 120 MHz, 3996 MHz, 184.83 W, 30
2026/10/08 07:01:42.360, 7, 120 MHz, 3996 MHz, 184.62 W, 29
2026/10/08 07:01:43.360, 0, 120 MHz, 3996 MHz, 186.41 W, 37
2026/10/08 07:01:43.360, 1, 120 MHz, 3996 MHz, 188.26 W, 39
2026/10/08 07:01:43.360, 2, 2032 MHz, 3996 MHz, 661.69 W, 44
2026/10/08 07:01:43.360, 3, 2010 MHz, 3996 MHz, 702.11 W, 45
2026/10/08 07:01:43.360, 4, 2032 MHz, 3996 MHz, 702.19 W, 53
2026/10/08 07:01:43.360, 5, 2032 MHz, 3996 MHz, 752.83 W, 52
2026/10/08 07:01:43.360, 6, 120 MHz, 3996 MHz, 184.83 W, 30
2026/10/08 07:01:43.360, 7, 120 MHz, 3996 MHz, 184.62 W, 29
2026/10/08 07:01:44.360, 0, 120 MHz, 3996 MHz, 186.45 W, 37
2026/10/08 07:01:44.361, 1, 120 MHz, 3996 MHz, 188.23 W, 39
2026/10/08 07:01:44.361, 2, 2032 MHz, 3996 MHz, 667.60 W, 44
2026/10/08 07:01:44.361, 3, 2032 MHz, 3996 MHz, 684.15 W, 45
2026/10/08 07:01:44.361, 4, 2032 MHz, 3996 MHz, 700.94 W, 53
2026/10/08 07:01:44.361, 5, 2032 MHz, 3996 MHz, 705.16 W, 51
2026/10/08 07:01:44.361, 6, 120 MHz, 3996 MHz, 185.14 W, 30
2026/10/08 07:01:44.361, 7, 120 MHz, 3996 MHz, 185.35 W, 29
2026/10/08 07:01:45.361, 0, 120 MHz, 3996 MHz, 186.41 W, 37
2026/10/08 07:01:45.361, 1, 120 MHz, 3996 MHz, 188.23 W, 39
2026/10/08 07:01:45.361, 2, 2032 MHz, 3996 MHz, 680.06 W, 44
2026/10/08 07:01:45.361, 3, 2032 MHz, 3996 MHz, 684.16 W, 44
2026/10/08 07:01:45.361, 4, 2032 MHz, 3996 MHz, 742.53 W, 54
2026/10/08 07:01:45.361, 5, 2032 MHz, 3996 MHz, 708.93 W, 51
2026/10/08 07:01:45.361, 6, 120 MHz, 3996 MHz, 185.10 W, 30
2026/10/08 07:01:45.361, 7, 120 MHz, 3996 MHz, 185.19 W, 29
2026/10/08 07:01:46.361, 0, 120 MHz, 3996 MHz, 186.41 W, 37
2026/10/08 07:01:46.361, 1, 120 MHz, 3996 MHz, 188.23 W, 39
2026/10/08 07:01:46.361, 2, 2032 MHz, 3996 MHz, 664.32 W, 44
2026/10/08 07:01:46.361, 3, 2032 MHz, 3996 MHz, 702.83 W, 45
2026/10/08 07:01:46.361, 4, 2032 MHz, 3996 MHz, 699.03 W, 53
2026/10/08 07:01:46.361, 5, 2032 MHz, 3996 MHz, 752.36 W, 52
2026/10/08 07:01:46.361, 6, 120 MHz, 3996 MHz, 184.83 W, 30
2026/10/08 07:01:46.361, 7, 120 MHz, 3996 MHz, 184.78 W, 29
2026/10/08 07:01:47.361, 0, 120 MHz, 3996 MHz, 186.41 W, 37
2026/10/08 07:01:47.361, 1, 120 MHz, 3996 MHz, 188.23 W, 39
2026/10/08 07:01:47.361, 2, 1492 MHz, 3996 MHz, 686.89 W, 49
2026/10/08 07:01:47.361, 3, 2032 MHz, 3996 MHz, 685.26 W, 45
2026/10/08 07:01:47.361, 4, 2032 MHz, 3996 MHz, 700.52 W, 53
2026/10/08 07:01:47.361, 5, 2032 MHz, 3996 MHz, 705.04 W, 51
2026/10/08 07:01:47.361, 6, 120 MHz, 3996 MHz, 184.83 W, 30
2026/10/08 07:01:47.361, 7, 120 MHz, 3996 MHz, 184.60 W, 29
2026/10/08 07:01:48.362, 0, 120 MHz, 3996 MHz, 186.41 W, 37
2026/10/08 07:01:48.362, 1, 120 MHz, 3996 MHz, 188.23 W, 39
2026/10/08 07:01:48.362, 2, 2032 MHz, 3996 MHz, 675.92 W, 44
2026/10/08 07:01:48.362, 3, 2032 MHz, 3996 MHz, 709.40 W, 45
2026/10/08 07:01:48.362, 4, 2032 MHz, 3996 MHz, 747.90 W, 54
2026/10/08 07:01:48.362, 5, 1515 MHz, 3996 MHz, 754.97 W, 53
2026/10/08 07:01:48.362, 6, 120 MHz, 3996 MHz, 184.83 W, 30
2026/10/08 07:01:48.362, 7, 120 MHz, 3996 MHz, 184.64 W, 29
2026/10/08 07:01:49.362, 0, 120 MHz, 3996 MHz, 186.41 W, 37
2026/10/08 07:01:49.362, 1, 120 MHz, 3996 MHz, 188.23 W, 39
2026/10/08 07:01:49.362, 2, 2032 MHz, 3996 MHz, 663.08 W, 44
2026/10/08 07:01:49.362, 3, 2032 MHz, 3996 MHz, 689.20 W, 45
2026/10/08 07:01:49.362, 4, 2032 MHz, 3996 MHz, 701.99 W, 53
2026/10/08 07:01:49.362, 5, 2032 MHz, 3996 MHz, 699.33 W, 52
2026/10/08 07:01:49.362, 6, 120 MHz, 3996 MHz, 184.83 W, 30
2026/10/08 07:01:49.362, 7, 120 MHz, 3996 MHz, 184.63 W, 29
2026/10/08 07:01:50.362, 0, 120 MHz, 3996 MHz, 186.41 W, 37
2026/10/08 07:01:50.362, 1, 120 MHz, 3996 MHz, 188.23 W, 39
2026/10/08 07:01:50.362, 2, 2032 MHz, 3996 MHz, 687.78 W, 44
2026/10/08 07:01:50.362, 3, 2032 MHz, 3996 MHz, 684.79 W, 45
2026/10/08 07:01:50.362, 4, 2032 MHz, 3996 MHz, 727.92 W, 53
2026/10/08 07:01:50.362, 5, 2032 MHz, 3996 MHz, 707.90 W, 51
2026/10/08 07:01:50.362, 6, 120 MHz, 3996 MHz, 184.83 W, 29
2026/10/08 07:01:50.362, 7, 120 MHz, 3996 MHz, 184.63 W, 28
2026/10/08 07:01:51.362, 0, 120 MHz, 3996 MHz, 186.41 W, 38
2026/10/08 07:01:51.362, 1, 120 MHz, 3996 MHz, 188.23 W, 39
2026/10/08 07:01:51.362, 2, 2032 MHz, 3996 MHz, 664.23 W, 44
2026/10/08 07:01:51.362, 3, 2032 MHz, 3996 MHz, 709.14 W, 45
2026/10/08 07:01:51.362, 4, 2032 MHz, 3996 MHz, 741.03 W, 54
2026/10/08 07:01:51.362, 5, 2032 MHz, 3996 MHz, 748.28 W, 52
2026/10/08 07:01:51.362, 6, 120 MHz, 3996 MHz, 184.83 W, 29
2026/10/08 07:01:51.362, 7, 120 MHz, 3996 MHz, 184.61 W, 28
2026/10/08 07:01:52.363, 0, 120 MHz, 3996 MHz, 186.41 W, 38
2026/10/08 07:01:52.363, 1, 120 MHz, 3996 MHz, 188.23 W, 39
2026/10/08 07:01:52.363, 2, 2032 MHz, 3996 MHz, 666.31 W, 44
2026/10/08 07:01:52.363, 3, 2032 MHz, 3996 MHz, 687.76 W, 45
2026/10/08 07:01:52.363, 4, 2032 MHz, 3996 MHz, 701.36 W, 54
2026/10/08 07:01:52.363, 5, 2032 MHz, 3996 MHz, 706.05 W, 52
2026/10/08 07:01:52.363, 6, 120 MHz, 3996 MHz, 184.83 W, 29
2026/10/08 07:01:52.363, 7, 120 MHz, 3996 MHz, 184.62 W, 28
2026/10/08 07:01:53.363, 0, 120 MHz, 3996 MHz, 186.41 W, 38
2026/10/08 07:01:53.363, 1, 120 MHz, 3996 MHz, 188.23 W, 39
2026/10/08 07:01:53.363, 2, 2032 MHz, 3996 MHz, 684.26 W, 44
2026/10/08 07:01:53.363, 3, 2032 MHz, 3996 MHz, 705.41 W, 45
2026/10/08 07:01:53.363, 4, 1860 MHz, 3996 MHz, 753.59 W, 62
2026/10/08 07:01:53.363, 5, 2032 MHz, 3996 MHz, 709.14 W, 52
2026/10/08 07:01:53.363, 6, 120 MHz, 3996 MHz, 184.83 W, 29
2026/10/08 07:01:53.363, 7, 120 MHz, 3996 MHz, 184.60 W, 28
2026/10/08 07:01:54.363, 0, 120 MHz, 3996 MHz, 186.41 W, 38
2026/10/08 07:01:54.363, 1, 120 MHz, 3996 MHz, 188.23 W, 39
2026/10/08 07:01:54.363, 2, 2032 MHz, 3996 MHz, 662.50 W, 44
2026/10/08 07:01:54.363, 3, 2032 MHz, 3996 MHz, 684.99 W, 45
2026/10/08 07:01:54.363, 4, 2032 MHz, 3996 MHz, 698.81 W, 53
2026/10/08 07:01:54.363, 5, 2032 MHz, 3996 MHz, 382.66 W, 46
2026/10/08 07:01:54.363, 6, 120 MHz, 3996 MHz, 184.83 W, 29
2026/10/08 07:01:54.363, 7, 120 MHz, 3996 MHz, 184.62 W, 28
2026/10/08 07:01:55.364, 0, 120 MHz, 3996 MHz, 186.41 W, 38
2026/10/08 07:01:55.364, 1, 120 MHz, 3996 MHz, 188.23 W, 39
2026/10/08 07:01:55.364, 2, 2032 MHz, 3996 MHz, 685.53 W, 44
2026/10/08 07:01:55.364, 3, 2032 MHz, 3996 MHz, 689.76 W, 45
2026/10/08 07:01:55.364, 4, 2032 MHz, 3996 MHz, 702.49 W, 53
2026/10/08 07:01:55.364, 5, 2032 MHz, 3996 MHz, 255.53 W, 45
2026/10/08 07:01:55.364, 6, 120 MHz, 3996 MHz, 184.83 W, 29
2026/10/08 07:01:55.364, 7, 120 MHz, 3996 MHz, 184.60 W, 28
2026/10/08 07:01:56.364, 0, 120 MHz, 3996 MHz, 186.41 W, 38
2026/10/08 07:01:56.364, 1, 120 MHz, 3996 MHz, 188.23 W, 39
2026/10/08 07:01:56.364, 2, 2032 MHz, 3996 MHz, 663.90 W, 44
2026/10/08 07:01:56.364, 3, 2032 MHz, 3996 MHz, 704.06 W, 45
2026/10/08 07:01:56.364, 4, 2032 MHz, 3996 MHz, 547.67 W, 49
2026/10/08 07:01:56.364, 5, 2032 MHz, 3996 MHz, 243.08 W, 44
2026/10/08 07:01:56.364, 6, 120 MHz, 3996 MHz, 184.83 W, 29
2026/10/08 07:01:56.364, 7, 120 MHz, 3996 MHz, 184.60 W, 28
2026/10/08 07:01:57.364, 0, 120 MHz, 3996 MHz, 186.41 W, 38
2026/10/08 07:01:57.364, 1, 120 MHz, 3996 MHz, 188.23 W, 39
2026/10/08 07:01:57.364, 2, 2032 MHz, 3996 MHz, 662.95 W, 44
2026/10/08 07:01:57.364, 3, 2032 MHz, 3996 MHz, 685.12 W, 45
2026/10/08 07:01:57.364, 4, 2032 MHz, 3996 MHz, 265.06 W, 47
2026/10/08 07:01:57.364, 5, 2032 MHz, 3996 MHz, 242.93 W, 44
2026/10/08 07:01:57.364, 6, 120 MHz, 3996 MHz, 184.83 W, 29
2026/10/08 07:01:57.364, 7, 120 MHz, 3996 MHz, 184.61 W, 28
2026/10/08 07:01:58.364, 0, 120 MHz, 3996 MHz, 186.41 W, 38
2026/10/08 07:01:58.364, 1, 120 MHz, 3996 MHz, 188.23 W, 39
2026/10/08 07:01:58.364, 2, 2032 MHz, 3996 MHz, 685.12 W, 44
2026/10/08 07:01:58.364, 3, 2032 MHz, 3996 MHz, 711.51 W, 45
2026/10/08 07:01:58.364, 4, 2032 MHz, 3996 MHz, 252.13 W, 46
2026/10/08 07:01:58.364, 5, 2032 MHz, 3996 MHz, 242.97 W, 43
2026/10/08 07:01:58.364, 6, 120 MHz, 3996 MHz, 184.83 W, 29
2026/10/08 07:01:58.364, 7, 120 MHz, 3996 MHz, 184.61 W, 28
2026/10/08 07:01:59.365, 0, 120 MHz, 3996 MHz, 186.41 W, 38
2026/10/08 07:01:59.365, 1, 120 MHz, 3996 MHz, 188.23 W, 39
2026/10/08 07:01:59.365, 2, 2032 MHz, 3996 MHz, 662.98 W, 43
2026/10/08 07:01:59.365, 3, 2032 MHz, 3996 MHz, 690.17 W, 44
2026/10/08 07:01:59.365, 4, 2032 MHz, 3996 MHz, 251.72 W, 46
2026/10/08 07:01:59.365, 5, 2032 MHz, 3996 MHz, 242.54 W, 43
2026/10/08 07:01:59.365, 6, 120 MHz, 3996 MHz, 184.83 W, 29
2026/10/08 07:01:59.365, 7, 120 MHz, 3996 MHz, 184.60 W, 28
2026/10/08 07:02:00.365, 0, 120 MHz, 3996 MHz, 186.41 W, 38
2026/10/08 07:02:00.365, 1, 120 MHz, 3996 MHz, 188.23 W, 39
2026/10/08 07:02:00.365, 2, 2032 MHz, 3996 MHz, 662.82 W, 43
2026/10/08 07:02:00.365, 3, 2032 MHz, 3996 MHz, 686.53 W, 44
2026/10/08 07:02:00.365, 4, 2032 MHz, 3996 MHz, 250.27 W, 45
2026/10/08 07:02:00.365, 5, 2032 MHz, 3996 MHz, 242.80 W, 42
2026/10/08 07:02:00.365, 6, 120 MHz, 3996 MHz, 184.83 W, 29
2026/10/08 07:02:00.365, 7, 120 MHz, 3996 MHz, 184.60 W, 28
2026/10/08 07:02:01.365, 0, 120 MHz, 3996 MHz, 186.41 W, 38
2026/10/08 07:02:01.365, 1, 120 MHz, 3996 MHz, 188.23 W, 39
2026/10/08 07:02:01.365, 2, 2032 MHz, 3996 MHz, 691.64 W, 43
2026/10/08 07:02:01.365, 3, 2032 MHz, 3996 MHz, 703.76 W, 44
2026/10/08 07:02:01.365, 4, 2032 MHz, 3996 MHz, 250.24 W, 45
2026/10/08 07:02:01.365, 5, 2032 MHz, 3996 MHz, 242.22 W, 42
2026/10/08 07:02:01.365, 6, 120 MHz, 3996 MHz, 184.83 W, 29
2026/10/08 07:02:01.365, 7, 120 MHz, 3996 MHz, 184.62 W, 28
2026/10/08 07:02:02.365, 0, 120 MHz, 3996 MHz, 186.41 W, 38
2026/10/08 07:02:02.366, 1, 120 MHz, 3996 MHz, 188.23 W, 39
2026/10/08 07:02:02.366, 2, 2032 MHz, 3996 MHz, 665.01 W, 43
2026/10/08 07:02:02.366, 3, 2032 MHz, 3996 MHz, 684.93 W, 44
2026/10/08 07:02:02.366, 4, 2032 MHz, 3996 MHz, 250.34 W, 44
2026/10/08 07:02:02.366, 5, 300 MHz, 3996 MHz, 196.48 W, 41
2026/10/08 07:02:02.366, 6, 120 MHz, 3996 MHz, 184.83 W, 29
2026/10/08 07:02:02.366, 7, 120 MHz, 3996 MHz, 184.61 W, 28
2026/10/08 07:02:03.366, 0, 120 MHz, 3996 MHz, 186.41 W, 38
2026/10/08 07:02:03.366, 1, 120 MHz, 3996 MHz, 188.23 W, 39
2026/10/08 07:02:03.366, 2, 2032 MHz, 3996 MHz, 684.65 W, 43
2026/10/08 07:02:03.366, 3, 2032 MHz, 3996 MHz, 708.13 W, 45
2026/10/08 07:02:03.366, 4, 2032 MHz, 3996 MHz, 250.62 W, 44
2026/10/08 07:02:03.366, 5, 187 MHz, 3996 MHz, 186.49 W, 40
2026/10/08 07:02:03.366, 6, 120 MHz, 3996 MHz, 184.83 W, 29
2026/10/08 07:02:03.366, 7, 120 MHz, 3996 MHz, 184.60 W, 28
2026/10/08 07:02:04.366, 0, 120 MHz, 3996 MHz, 186.41 W, 38
2026/10/08 07:02:04.366, 1, 120 MHz, 3996 MHz, 188.23 W, 39
2026/10/08 07:02:04.366, 2, 2032 MHz, 3996 MHz, 665.68 W, 43
2026/10/08 07:02:04.366, 3, 2032 MHz, 3996 MHz, 684.40 W, 44
2026/10/08 07:02:04.366, 4, 2017 MHz, 3996 MHz, 249.62 W, 44
2026/10/08 07:02:04.366, 5, 127 MHz, 3996 MHz, 185.96 W, 40
2026/10/08 07:02:04.366, 6, 120 MHz, 3996 MHz, 184.83 W, 29
2026/10/08 07:02:04.366, 7, 120 MHz, 3996 MHz, 184.59 W, 28
2026/10/08 07:02:05.366, 0, 120 MHz, 3996 MHz, 186.41 W, 38
2026/10/08 07:02:05.366, 1, 120 MHz, 3996 MHz, 188.23 W, 39
2026/10/08 07:02:05.366, 2, 2032 MHz, 3996 MHz, 660.91 W, 43
2026/10/08 07:02:05.366, 3, 2032 MHz, 3996 MHz, 687.08 W, 44
2026/10/08 07:02:05.366, 4, 315 MHz, 3996 MHz, 213.02 W, 42
2026/10/08 07:02:05.366, 5, 120 MHz, 3996 MHz, 185.77 W, 40
2026/10/08 07:02:05.366, 6, 120 MHz, 3996 MHz, 184.83 W, 29
2026/10/08 07:02:05.366, 7, 120 MHz, 3996 MHz, 184.60 W, 28
2026/10/08 07:02:06.367, 0, 120 MHz, 3996 MHz, 186.41 W, 38
2026/10/08 07:02:06.367, 1, 120 MHz, 3996 MHz, 188.23 W, 39
2026/10/08 07:02:06.367, 2, 2032 MHz, 3996 MHz, 686.69 W, 43
2026/10/08 07:02:06.367, 3, 2032 MHz, 3996 MHz, 706.80 W, 44
2026/10/08 07:02:06.367, 4, 315 MHz, 3996 MHz, 189.32 W, 42
2026/10/08 07:02:06.367, 5, 120 MHz, 3996 MHz, 186.59 W, 39
2026/10/08 07:02:06.367, 6, 120 MHz, 3996 MHz, 184.83 W, 28
2026/10/08 07:02:06.367, 7, 120 MHz, 3996 MHz, 184.59 W, 27
2026/10/08 07:02:07.367, 0, 120 MHz, 3996 MHz, 186.41 W, 38
2026/10/08 07:02:07.367, 1, 120 MHz, 3996 MHz, 188.23 W, 39
2026/10/08 07:02:07.367, 2, 2032 MHz, 3996 MHz, 667.80 W, 43
2026/10/08 07:02:07.367, 3, 2032 MHz, 3996 MHz, 685.28 W, 44
2026/10/08 07:02:07.367, 4, 315 MHz, 3996 MHz, 190.33 W, 42
2026/10/08 07:02:07.367, 5, 120 MHz, 3996 MHz, 186.45 W, 39
2026/10/08 07:02:07.367, 6, 120 MHz, 3996 MHz, 184.83 W, 28
2026/10/08 07:02:07.367, 7, 120 MHz, 3996 MHz, 184.59 W, 27
2026/10/08 07:02:08.367, 0, 120 MHz, 3996 MHz, 186.41 W, 38
2026/10/08 07:02:08.367, 1, 120 MHz, 3996 MHz, 188.23 W, 39
2026/10/08 07:02:08.367, 2, 1950 MHz, 3996 MHz, 687.81 W, 44
2026/10/08 07:02:08.367, 3, 2032 MHz, 3996 MHz, 704.62 W, 44
2026/10/08 07:02:08.367, 4, 120 MHz, 3996 MHz, 189.96 W, 41
2026/10/08 07:02:08.367, 5, 120 MHz, 3996 MHz, 186.14 W, 39
2026/10/08 07:02:08.367, 6, 120 MHz, 3996 MHz, 184.83 W, 28
2026/10/08 07:02:08.367, 7, 120 MHz, 3996 MHz, 184.59 W, 27
2026/10/08 07:02:09.368, 0, 120 MHz, 3996 MHz, 186.41 W, 37
2026/10/08 07:02:09.368, 1, 120 MHz, 3996 MHz, 188.23 W, 39
2026/10/08 07:02:09.368, 2, 2032 MHz, 3996 MHz, 661.94 W, 43
2026/10/08 07:02:09.368, 3, 2032 MHz, 3996 MHz, 688.13 W, 44
2026/10/08 07:02:09.368, 4, 120 MHz, 3996 MHz, 187.85 W, 41
2026/10/08 07:02:09.368, 5, 120 MHz, 3996 MHz, 184.93 W, 39
2026/10/08 07:02:09.368, 6, 120 MHz, 3996 MHz, 184.83 W, 28
2026/10/08 07:02:09.368, 7, 120 MHz, 3996 MHz, 184.61 W, 27
2026/10/08 07:02:10.368, 0, 120 MHz, 3996 MHz, 186.41 W, 37
2026/10/08 07:02:10.368, 1, 120 MHz, 3996 MHz, 188.23 W, 39
2026/10/08 07:02:10.368, 2, 2032 MHz, 3996 MHz, 665.14 W, 43
2026/10/08 07:02:10.368, 3, 2032 MHz, 3996 MHz, 685.85 W, 44
2026/10/08 07:02:10.368, 4, 120 MHz, 3996 MHz, 186.80 W, 41
2026/10/08 07:02:10.368, 5, 120 MHz, 3996 MHz, 184.74 W, 38
2026/10/08 07:02:10.368, 6, 120 MHz, 3996 MHz, 184.83 W, 28
2026/10/08 07:02:10.368, 7, 120 MHz, 3996 MHz, 184.61 W, 27
2026/10/08 07:02:11.368, 0, 120 MHz, 3996 MHz, 186.41 W, 37
2026/10/08 07:02:11.368, 1, 120 MHz, 3996 MHz, 188.23 W, 39
2026/10/08 07:02:11.368, 2, 2032 MHz, 3996 MHz, 688.27 W, 43
2026/10/08 07:02:11.368, 3, 2032 MHz, 3996 MHz, 709.67 W, 44
2026/10/08 07:02:11.368, 4, 120 MHz, 3996 MHz, 186.53 W, 40
2026/10/08 07:02:11.368, 5, 120 MHz, 3996 MHz, 184.65 W, 38
2026/10/08 07:02:11.368, 6, 120 MHz, 3996 MHz, 184.83 W, 28
2026/10/08 07:02:11.368, 7, 120 MHz, 3996 MHz, 184.63 W, 27
2026/10/08 07:02:12.369, 0, 120 MHz, 3996 MHz, 186.41 W, 37
2026/10/08 07:02:12.369, 1, 120 MHz, 3996 MHz, 188.23 W, 39
2026/10/08 07:02:12.369, 2, 2032 MHz, 3996 MHz, 661.77 W, 43
2026/10/08 07:02:12.369, 3, 2032 MHz, 3996 MHz, 687.46 W, 44
2026/10/08 07:02:12.369, 4, 120 MHz, 3996 MHz, 186.53 W, 40
2026/10/08 07:02:12.369, 5, 120 MHz, 3996 MHz, 184.66 W, 38
2026/10/08 07:02:12.369, 6, 120 MHz, 3996 MHz, 184.83 W, 28
2026/10/08 07:02:12.369, 7, 120 MHz, 3996 MHz, 184.62 W, 27
2026/10/08 07:02:13.369, 0, 120 MHz, 3996 MHz, 186.41 W, 37
2026/10/08 07:02:13.369, 1, 120 MHz, 3996 MHz, 188.23 W, 39
2026/10/08 07:02:13.369, 2, 2032 MHz, 3996 MHz, 663.65 W, 43
2026/10/08 07:02:13.369, 3, 2032 MHz, 3996 MHz, 707.69 W, 44
2026/10/08 07:02:13.369, 4, 120 MHz, 3996 MHz, 186.53 W, 40
2026/10/08 07:02:13.369, 5, 120 MHz, 3996 MHz, 184.75 W, 38
2026/10/08 07:02:13.369, 6, 120 MHz, 3996 MHz, 184.83 W, 28
2026/10/08 07:02:13.369, 7, 120 MHz, 3996 MHz, 184.62 W, 27
2026/10/08 07:02:14.369, 0, 120 MHz, 3996 MHz, 186.41 W, 37
2026/10/08 07:02:14.369, 1, 120 MHz, 3996 MHz, 188.23 W, 39
2026/10/08 07:02:14.369, 2, 2032 MHz, 3996 MHz, 685.62 W, 43
2026/10/08 07:02:14.369, 3, 2032 MHz, 3996 MHz, 685.67 W, 44
2026/10/08 07:02:14.369, 4, 120 MHz, 3996 MHz, 186.53 W, 40
2026/10/08 07:02:14.369, 5, 120 MHz, 3996 MHz, 184.82 W, 38
2026/10/08 07:02:14.369, 6, 120 MHz, 3996 MHz, 184.83 W, 28
2026/10/08 07:02:14.369, 7, 120 MHz, 3996 MHz, 184.64 W, 27
2026/10/08 07:02:15.369, 0, 120 MHz, 3996 MHz, 186.41 W, 37
2026/10/08 07:02:15.369, 1, 120 MHz, 3996 MHz, 188.23 W, 39
2026/10/08 07:02:15.369, 2, 2032 MHz, 3996 MHz, 665.73 W, 43
2026/10/08 07:02:15.369, 3, 2032 MHz, 3996 MHz, 677.67 W, 43
2026/10/08 07:02:15.369, 4, 120 MHz, 3996 MHz, 186.52 W, 40
2026/10/08 07:02:15.369, 5, 120 MHz, 3996 MHz, 184.72 W, 37
2026/10/08 07:02:15.369, 6, 120 MHz, 3996 MHz, 184.83 W, 28
2026/10/08 07:02:15.370, 7, 120 MHz, 3996 MHz, 184.62 W, 27
2026/10/08 07:02:16.370, 0, 120 MHz, 3996 MHz, 186.41 W, 37
2026/10/08 07:02:16.370, 1, 120 MHz, 3996 MHz, 188.23 W, 39
2026/10/08 07:02:16.370, 2, 2032 MHz, 3996 MHz, 685.86 W, 43
2026/10/08 07:02:16.370, 3, 2032 MHz, 3996 MHz, 709.94 W, 44
2026/10/08 07:02:16.370, 4, 120 MHz, 3996 MHz, 186.53 W, 39
2026/10/08 07:02:16.370, 5, 120 MHz, 3996 MHz, 184.80 W, 37
2026/10/08 07:02:16.370, 6, 120 MHz, 3996 MHz, 184.83 W, 28
2026/10/08 07:02:16.370, 7, 120 MHz, 3996 MHz, 184.62 W, 27
2026/10/08 07:02:17.370, 0, 120 MHz, 3996 MHz, 186.41 W, 37
2026/10/08 07:02:17.370, 1, 120 MHz, 3996 MHz, 188.23 W, 39
2026/10/08 07:02:17.370, 2, 2032 MHz, 3996 MHz, 661.85 W, 43
2026/10/08 07:02:17.370, 3, 2032 MHz, 3996 MHz, 687.18 W, 44
2026/10/08 07:02:17.370, 4, 120 MHz, 3996 MHz, 186.53 W, 39
2026/10/08 07:02:17.370, 5, 120 MHz, 3996 MHz, 184.76 W, 37
2026/10/08 07:02:17.370, 6, 120 MHz, 3996 MHz, 184.83 W, 28
2026/10/08 07:02:17.370, 7, 120 MHz, 3996 MHz, 184.63 W, 27
2026/10/08 07:02:18.370, 0, 120 MHz, 3996 MHz, 186.41 W, 37
2026/10/08 07:02:18.371, 1, 120 MHz, 3996 MHz, 188.23 W, 39
2026/10/08 07:02:18.371, 2, 2032 MHz, 3996 MHz, 664.42 W, 43
2026/10/08 07:02:18.371, 3, 2032 MHz, 3996 MHz, 707.24 W, 44
2026/10/08 07:02:18.371, 4, 120 MHz, 3996 MHz, 186.52 W, 39
2026/10/08 07:02:18.371, 5, 120 MHz, 3996 MHz, 184.73 W, 37
2026/10/08 07:02:18.371, 6, 120 MHz, 3996 MHz, 184.83 W, 28
2026/10/08 07:02:18.371, 7, 120 MHz, 3996 MHz, 184.65 W, 27
2026/10/08 07:02:19.371, 0, 120 MHz, 3996 MHz, 186.41 W, 37
2026/10/08 07:02:19.371, 1, 120 MHz, 3996 MHz, 188.23 W, 39
2026/10/08 07:02:19.371, 2, 2032 MHz, 3996 MHz, 679.54 W, 43
2026/10/08 07:02:19.371, 3, 2032 MHz, 3996 MHz, 686.01 W, 44
2026/10/08 07:02:19.371, 4, 120 MHz, 3996 MHz, 186.53 W, 39
2026/10/08 07:02:19.371, 5, 120 MHz, 3996 MHz, 184.70 W, 37
2026/10/08 07:02:19.371, 6, 120 MHz, 3996 MHz, 184.83 W, 28
2026/10/08 07:02:19.371, 7, 120 MHz, 3996 MHz, 184.64 W, 27
2026/10/08 07:02:20.371, 0, 120 MHz, 3996 MHz, 186.41 W, 38
2026/10/08 07:02:20.371, 1, 120 MHz, 3996 MHz, 188.23 W, 39
2026/10/08 07:02:20.371, 2, 2032 MHz, 3996 MHz, 667.06 W, 43
2026/10/08 07:02:20.371, 3, 2032 MHz, 3996 MHz, 711.85 W, 54
2026/10/08 07:02:20.371, 4, 120 MHz, 3996 MHz, 186.52 W, 39
2026/10/08 07:02:20.371, 5, 120 MHz, 3996 MHz, 184.63 W, 37
2026/10/08 07:02:20.371, 6, 120 MHz, 3996 MHz, 184.83 W, 28
2026/10/08 07:02:20.371, 7, 120 MHz, 3996 MHz, 184.63 W, 27
2026/10/08 07:02:21.371, 0, 120 MHz, 3996 MHz, 186.41 W, 38
2026/10/08 07:02:21.371, 1, 120 MHz, 3996 MHz, 188.23 W, 39
2026/10/08 07:02:21.371, 2, 1402 MHz, 3996 MHz, 697.12 W, 53
2026/10/08 07:02:21.371, 3, 2032 MHz, 3996 MHz, 682.03 W, 44
2026/10/08 07:02:21.371, 4, 120 MHz, 3996 MHz, 186.53 W, 39
2026/10/08 07:02:21.371, 5, 120 MHz, 3996 MHz, 184.64 W, 37
2026/10/08 07:02:21.372, 6, 120 MHz, 3996 MHz, 184.83 W, 28
2026/10/08 07:02:21.372, 7, 120 MHz, 3996 MHz, 184.64 W, 27
2026/10/08 07:02:22.372, 0, 120 MHz, 3996 MHz, 186.41 W, 38
2026/10/08 07:02:22.372, 1, 120 MHz, 3996 MHz, 188.23 W, 39
2026/10/08 07:02:22.372, 2, 2032 MHz, 3996 MHz, 660.96 W, 43
2026/10/08 07:02:22.372, 3, 2032 MHz, 3996 MHz, 687.01 W, 44
2026/10/08 07:02:22.372, 4, 120 MHz, 3996 MHz, 186.53 W, 39
2026/10/08 07:02:22.372, 5, 120 MHz, 3996 MHz, 184.62 W, 36
2026/10/08 07:02:22.372, 6, 120 MHz, 3996 MHz, 184.83 W, 28
2026/10/08 07:02:22.372, 7, 120 MHz, 3996 MHz, 184.64 W, 27
2026/10/08 07:02:23.372, 0, 120 MHz, 3996 MHz, 186.41 W, 38
2026/10/08 07:02:23.372, 1, 120 MHz, 3996 MHz, 188.23 W, 39
2026/10/08 07:02:23.372, 2, 2032 MHz, 3996 MHz, 667.01 W, 43
2026/10/08 07:02:23.372, 3, 2032 MHz, 3996 MHz, 708.43 W, 44
2026/10/08 07:02:23.372, 4, 120 MHz, 3996 MHz, 186.53 W, 38
2026/10/08 07:02:23.372, 5, 120 MHz, 3996 MHz, 184.54 W, 36
2026/10/08 07:02:23.372, 6, 120 MHz, 3996 MHz, 184.83 W, 28
2026/10/08 07:02:23.372, 7, 120 MHz, 3996 MHz, 184.63 W, 27
2026/10/08 07:02:24.372, 0, 120 MHz, 3996 MHz, 186.41 W, 38
2026/10/08 07:02:24.372, 1, 120 MHz, 3996 MHz, 188.23 W, 39
2026/10/08 07:02:24.372, 2, 2032 MHz, 3996 MHz, 688.56 W, 43
2026/10/08 07:02:24.372, 3, 2032 MHz, 3996 MHz, 686.84 W, 44
2026/10/08 07:02:24.372, 4, 120 MHz, 3996 MHz, 186.53 W, 38
2026/10/08 07:02:24.372, 5, 120 MHz, 3996 MHz, 184.43 W, 36
2026/10/08 07:02:24.372, 6, 120 MHz, 3996 MHz, 184.83 W, 28
2026/10/08 07:02:24.372, 7, 120 MHz, 3996 MHz, 184.63 W, 27
2026/10/08 07:02:25.375, 0, 120 MHz, 3996 MHz, 186.41 W, 38
2026/10/08 07:02:25.375, 1, 120 MHz, 3996 MHz, 188.23 W, 39
2026/10/08 07:02:25.375, 2, 2032 MHz, 3996 MHz, 665.51 W, 43
2026/10/08 07:02:25.375, 3, 2032 MHz, 3996 MHz, 636.89 W, 42
2026/10/08 07:02:25.375, 4, 120 MHz, 3996 MHz, 186.50 W, 38
2026/10/08 07:02:25.375, 5, 2032 MHz, 3996 MHz, 191.93 W, 37
2026/10/08 07:02:25.376, 6, 120 MHz, 3996 MHz, 184.83 W, 28
2026/10/08 07:02:25.376, 7, 120 MHz, 3996 MHz, 184.64 W, 27
2026/10/08 07:02:26.376, 0, 120 MHz, 3996 MHz, 186.41 W, 38
2026/10/08 07:02:26.376, 1, 120 MHz, 3996 MHz, 188.23 W, 39
2026/10/08 07:02:26.376, 2, 2032 MHz, 3996 MHz, 664.77 W, 43
2026/10/08 07:02:26.376, 3, 2032 MHz, 3996 MHz, 251.52 W, 38
2026/10/08 07:02:26.376, 4, 120 MHz, 3996 MHz, 186.38 W, 38
2026/10/08 07:02:26.376, 5, 2032 MHz, 3996 MHz, 237.62 W, 37
2026/10/08 07:02:26.376, 6, 120 MHz, 3996 MHz, 184.83 W, 28
2026/10/08 07:02:26.376, 7, 120 MHz, 3996 MHz, 184.65 W, 27
2026/10/08 07:02:27.376, 0, 120 MHz, 3996 MHz, 186.41 W, 38
2026/10/08 07:02:27.376, 1, 120 MHz, 3996 MHz, 188.23 W, 39
2026/10/08 07:02:27.376, 2, 2032 MHz, 3996 MHz, 689.00 W, 43
2026/10/08 07:02:27.376, 3, 2032 MHz, 3996 MHz, 245.66 W, 38
2026/10/08 07:02:27.376, 4, 120 MHz, 3996 MHz, 186.40 W, 38
2026/10/08 07:02:27.376, 5, 2032 MHz, 3996 MHz, 237.54 W, 37
2026/10/08 07:02:27.376, 6, 120 MHz, 3996 MHz, 184.83 W, 28
2026/10/08 07:02:27.376, 7, 120 MHz, 3996 MHz, 184.65 W, 27
2026/10/08 07:02:28.376, 0, 120 MHz, 3996 MHz, 186.41 W, 38
2026/10/08 07:02:28.376, 1, 120 MHz, 3996 MHz, 188.23 W, 39
2026/10/08 07:02:28.376, 2, 2032 MHz, 3996 MHz, 663.09 W, 43
2026/10/08 07:02:28.376, 3, 2032 MHz, 3996 MHz, 240.66 W, 37
2026/10/08 07:02:28.376, 4, 120 MHz, 3996 MHz, 186.39 W, 38
2026/10/08 07:02:28.376, 5, 2032 MHz, 3996 MHz, 237.64 W, 37
2026/10/08 07:02:28.376, 6, 120 MHz, 3996 MHz, 184.83 W, 28
2026/10/08 07:02:28.376, 7, 120 MHz, 3996 MHz, 184.64 W, 27
2026/10/08 07:02:29.377, 0, 120 MHz, 3996 MHz, 186.41 W, 38
2026/10/08 07:02:29.377, 1, 120 MHz, 3996 MHz, 188.23 W, 39
2026/10/08 07:02:29.377, 2, 2032 MHz, 3996 MHz, 559.56 W, 40
2026/10/08 07:02:29.377, 3, 2032 MHz, 3996 MHz, 240.44 W, 37
2026/10/08 07:02:29.377, 4, 120 MHz, 3996 MHz, 186.40 W, 38
2026/10/08 07:02:29.377, 5, 2032 MHz, 3996 MHz, 239.20 W, 37
2026/10/08 07:02:29.377, 6, 120 MHz, 3996 MHz, 184.83 W, 28
2026/10/08 07:02:29.377, 7, 120 MHz, 3996 MHz, 184.64 W, 27
2026/10/08 07:02:30.377, 0, 120 MHz, 3996 MHz, 186.41 W, 38
2026/10/08 07:02:30.377, 1, 120 MHz, 3996 MHz, 188.23 W, 39
2026/10/08 07:02:30.377, 2, 2032 MHz, 3996 MHz, 253.29 W, 38
2026/10/08 07:02:30.377, 3, 2032 MHz, 3996 MHz, 240.52 W, 36
2026/10/08 07:02:30.377, 4, 120 MHz, 3996 MHz, 186.33 W, 38
2026/10/08 07:02:30.377, 5, 2032 MHz, 3996 MHz, 238.71 W, 37
2026/10/08 07:02:30.377, 6, 120 MHz, 3996 MHz, 184.83 W, 28
2026/10/08 07:02:30.377, 7, 120 MHz, 3996 MHz, 184.66 W, 27
2026/10/08 07:02:31.377, 0, 120 MHz, 3996 MHz, 186.41 W, 38
2026/10/08 07:02:31.377, 1, 120 MHz, 3996 MHz, 188.23 W, 39
2026/10/08 07:02:31.377, 2, 2032 MHz, 3996 MHz, 240.34 W, 37
2026/10/08 07:02:31.377, 3, 2032 MHz, 3996 MHz, 240.57 W, 36
2026/10/08 07:02:31.377, 4, 120 MHz, 3996 MHz, 186.37 W, 38
2026/10/08 07:02:31.377, 5, 2032 MHz, 3996 MHz, 238.38 W, 37
2026/10/08 07:02:31.377, 6, 120 MHz, 3996 MHz, 184.83 W, 28
2026/10/08 07:02:31.377, 7, 120 MHz, 3996 MHz, 184.64 W, 27
2026/10/08 07:02:32.377, 0, 120 MHz, 3996 MHz, 186.41 W, 38
2026/10/08 07:02:32.378, 1, 120 MHz, 3996 MHz, 188.23 W, 39
2026/10/08 07:02:32.378, 2, 2032 MHz, 3996 MHz, 239.05 W, 36
2026/10/08 07:02:32.378, 3, 2032 MHz, 3996 MHz, 240.49 W, 36
2026/10/08 07:02:32.378, 4, 120 MHz, 3996 MHz, 186.03 W, 37
2026/10/08 07:02:32.378, 5, 2032 MHz, 3996 MHz, 255.85 W, 37
2026/10/08 07:02:32.378, 6, 120 MHz, 3996 MHz, 184.79 W, 28
2026/10/08 07:02:32.378, 7, 120 MHz, 3996 MHz, 184.63 W, 27
2026/10/08 07:02:33.378, 0, 120 MHz, 3996 MHz, 186.41 W, 38
2026/10/08 07:02:33.378, 1, 120 MHz, 3996 MHz, 188.23 W, 39
2026/10/08 07:02:33.378, 2, 2032 MHz, 3996 MHz, 238.61 W, 36
2026/10/08 07:02:33.378, 3, 427 MHz, 3996 MHz, 235.90 W, 35
2026/10/08 07:02:33.378, 4, 120 MHz, 3996 MHz, 185.91 W, 37
2026/10/08 07:02:33.378, 5, 2032 MHz, 3996 MHz, 274.60 W, 37
2026/10/08 07:02:33.378, 6, 120 MHz, 3996 MHz, 184.83 W, 28
2026/10/08 07:02:33.378, 7, 120 MHz, 3996 MHz, 184.62 W, 27
2026/10/08 07:02:34.378, 0, 120 MHz, 3996 MHz, 186.41 W, 38
2026/10/08 07:02:34.378, 1, 120 MHz, 3996 MHz, 188.23 W, 39
2026/10/08 07:02:34.378, 2, 2032 MHz, 3996 MHz, 238.72 W, 36
2026/10/08 07:02:34.378, 3, 270 MHz, 3996 MHz, 186.88 W, 35
2026/10/08 07:02:34.378, 4, 120 MHz, 3996 MHz, 185.63 W, 37
2026/10/08 07:02:34.378, 5, 2032 MHz, 3996 MHz, 238.64 W, 37
2026/10/08 07:02:34.378, 6, 120 MHz, 3996 MHz, 184.83 W, 28
2026/10/08 07:02:34.378, 7, 120 MHz, 3996 MHz, 184.61 W, 27
2026/10/08 07:02:35.378, 0, 120 MHz, 3996 MHz, 186.41 W, 38
2026/10/08 07:02:35.378, 1, 120 MHz, 3996 MHz, 188.23 W, 39
2026/10/08 07:02:35.378, 2, 2032 MHz, 3996 MHz, 238.75 W, 36
2026/10/08 07:02:35.378, 3, 172 MHz, 3996 MHz, 185.93 W, 34
2026/10/08 07:02:35.378, 4, 2032 MHz, 3996 MHz, 231.89 W, 38
2026/10/08 07:02:35.378, 5, 2032 MHz, 3996 MHz, 253.62 W, 37
2026/10/08 07:02:35.378, 6, 120 MHz, 3996 MHz, 184.83 W, 28
2026/10/08 07:02:35.378, 7, 120 MHz, 3996 MHz, 184.64 W, 27
2026/10/08 07:02:36.379, 0, 120 MHz, 3996 MHz, 186.41 W, 38
2026/10/08 07:02:36.379, 1, 120 MHz, 3996 MHz, 188.23 W, 39
2026/10/08 07:02:36.379, 2, 2032 MHz, 3996 MHz, 239.11 W, 35
2026/10/08 07:02:36.379, 3, 120 MHz, 3996 MHz, 185.12 W, 34
2026/10/08 07:02:36.379, 4, 2032 MHz, 3996 MHz, 244.68 W, 38
2026/10/08 07:02:36.379, 5, 2032 MHz, 3996 MHz, 249.83 W, 37
2026/10/08 07:02:36.379, 6, 120 MHz, 3996 MHz, 184.83 W, 28
2026/10/08 07:02:36.379, 7, 120 MHz, 3996 MHz, 184.66 W, 27
2026/10/08 07:02:37.379, 0, 120 MHz, 3996 MHz, 186.41 W, 38
2026/10/08 07:02:37.379, 1, 120 MHz, 3996 MHz, 188.23 W, 39
2026/10/08 07:02:37.379, 2, 2025 MHz, 3996 MHz, 238.14 W, 35
2026/10/08 07:02:37.379, 3, 120 MHz, 3996 MHz, 184.05 W, 34
2026/10/08 07:02:37.379, 4, 2032 MHz, 3996 MHz, 244.28 W, 38
2026/10/08 07:02:37.379, 5, 2032 MHz, 3996 MHz, 253.46 W, 37
2026/10/08 07:02:37.379, 6, 120 MHz, 3996 MHz, 184.83 W, 28
2026/10/08 07:02:37.379, 7, 120 MHz, 3996 MHz, 184.65 W, 27
2026/10/08 07:02:38.379, 0, 120 MHz, 3996 MHz, 186.41 W, 37
2026/10/08 07:02:38.379, 1, 120 MHz, 3996 MHz, 188.23 W, 39
2026/10/08 07:02:38.379, 2, 345 MHz, 3996 MHz, 209.29 W, 34
2026/10/08 07:02:38.379, 3, 120 MHz, 3996 MHz, 184.08 W, 34
2026/10/08 07:02:38.379, 4, 2032 MHz, 3996 MHz, 244.59 W, 38
2026/10/08 07:02:38.379, 5, 2032 MHz, 3996 MHz, 246.54 W, 36
2026/10/08 07:02:38.379, 6, 120 MHz, 3996 MHz, 184.83 W, 28
2026/10/08 07:02:38.379, 7, 120 MHz, 3996 MHz, 184.63 W, 27
2026/10/08 07:02:39.380, 0, 120 MHz, 3996 MHz, 186.41 W, 37
2026/10/08 07:02:39.380, 1, 120 MHz, 3996 MHz, 188.23 W, 39
2026/10/08 07:02:39.380, 2, 217 MHz, 3996 MHz, 187.93 W, 34
2026/10/08 07:02:39.380, 3, 120 MHz, 3996 MHz, 185.43 W, 33
2026/10/08 07:02:39.380, 4, 2032 MHz, 3996 MHz, 245.23 W, 38
2026/10/08 07:02:39.380, 5, 2032 MHz, 3996 MHz, 241.81 W, 36
2026/10/08 07:02:39.380, 6, 120 MHz, 3996 MHz, 184.83 W, 28
2026/10/08 07:02:39.380, 7, 120 MHz, 3996 MHz, 184.63 W, 27
2026/10/08 07:02:40.380, 0, 120 MHz, 3996 MHz, 186.41 W, 37
2026/10/08 07:02:40.380, 1, 120 MHz, 3996 MHz, 188.23 W, 39
2026/10/08 07:02:40.380, 2, 660 MHz, 3996 MHz, 189.81 W, 34
2026/10/08 07:02:40.380, 3, 120 MHz, 3996 MHz, 185.81 W, 33
2026/10/08 07:02:40.380, 4, 2032 MHz, 3996 MHz, 246.08 W, 38
2026/10/08 07:02:40.380, 5, 2032 MHz, 3996 MHz, 239.65 W, 36
2026/10/08 07:02:40.380, 6, 120 MHz, 3996 MHz, 184.83 W, 28
2026/10/08 07:02:40.380, 7, 120 MHz, 3996 MHz, 184.64 W, 27
2026/10/08 07:02:41.380, 0, 120 MHz, 3996 MHz, 186.41 W, 37
2026/10/08 07:02:41.380, 1, 120 MHz, 3996 MHz, 188.23 W, 39
2026/10/08 07:02:41.380, 2, 660 MHz, 3996 MHz, 191.92 W, 33
2026/10/08 07:02:41.380, 3, 120 MHz, 3996 MHz, 185.07 W, 33
2026/10/08 07:02:41.380, 4, 2032 MHz, 3996 MHz, 246.26 W, 38
2026/10/08 07:02:41.380, 5, 2032 MHz, 3996 MHz, 242.78 W, 36
2026/10/08 07:02:41.380, 6, 120 MHz, 3996 MHz, 184.83 W, 28
2026/10/08 07:02:41.380, 7, 120 MHz, 3996 MHz, 184.64 W, 26
2026/10/08 07:02:42.380, 0, 120 MHz, 3996 MHz, 186.41 W, 37
2026/10/08 07:02:42.380, 1, 120 MHz, 3996 MHz, 188.23 W, 39
2026/10/08 07:02:42.380, 2, 120 MHz, 3996 MHz, 187.46 W, 33
2026/10/08 07:02:42.380, 3, 120 MHz, 3996 MHz, 184.44 W, 33
2026/10/08 07:02:42.380, 4, 2032 MHz, 3996 MHz, 246.24 W, 38
2026/10/08 07:02:42.380, 5, 2032 MHz, 3996 MHz, 237.85 W, 36
2026/10/08 07:02:42.381, 6, 120 MHz, 3996 MHz, 184.83 W, 28
2026/10/08 07:02:42.381, 7, 120 MHz, 3996 MHz, 184.64 W, 26
2026/10/08 07:02:43.381, 0, 120 MHz, 3996 MHz, 186.41 W, 37
2026/10/08 07:02:43.381, 1, 120 MHz, 3996 MHz, 188.23 W, 39
2026/10/08 07:02:43.381, 2, 120 MHz, 3996 MHz, 186.05 W, 33
2026/10/08 07:02:43.381, 3, 120 MHz, 3996 MHz, 184.32 W, 33
2026/10/08 07:02:43.381, 4, 2032 MHz, 3996 MHz, 263.64 W, 38
2026/10/08 07:02:43.381, 5, 2032 MHz, 3996 MHz, 237.98 W, 36
2026/10/08 07:02:43.381, 6, 120 MHz, 3996 MHz, 184.79 W, 28
2026/10/08 07:02:43.381, 7, 120 MHz, 3996 MHz, 184.62 W, 26
2026/10/08 07:02:44.381, 0, 120 MHz, 3996 MHz, 186.41 W, 37
2026/10/08 07:02:44.381, 1, 120 MHz, 3996 MHz, 188.23 W, 39
2026/10/08 07:02:44.381, 2, 120 MHz, 3996 MHz, 186.05 W, 33
2026/10/08 07:02:44.381, 3, 120 MHz, 3996 MHz, 184.25 W, 33
2026/10/08 07:02:44.381, 4, 2032 MHz, 3996 MHz, 245.29 W, 38
2026/10/08 07:02:44.381, 5, 2032 MHz, 3996 MHz, 237.83 W, 36
2026/10/08 07:02:44.381, 6, 120 MHz, 3996 MHz, 184.83 W, 28
2026/10/08 07:02:44.381, 7, 120 MHz, 3996 MHz, 184.65 W, 26
2026/10/08 07:02:45.381, 0, 120 MHz, 3996 MHz, 186.41 W, 37
2026/10/08 07:02:45.381, 1, 120 MHz, 3996 MHz, 188.23 W, 39
2026/10/08 07:02:45.381, 2, 120 MHz, 3996 MHz, 186.05 W, 33
2026/10/08 07:02:45.381, 3, 120 MHz, 3996 MHz, 184.21 W, 32
2026/10/08 07:02:45.381, 4, 2032 MHz, 3996 MHz, 281.31 W, 38
2026/10/08 07:02:45.381, 5, 2032 MHz, 3996 MHz, 237.49 W, 36
2026/10/08 07:02:45.381, 6, 120 MHz, 3996 MHz, 184.83 W, 28
2026/10/08 07:02:45.382, 7, 120 MHz, 3996 MHz, 184.63 W, 26
2026/10/08 07:02:46.382, 0, 120 MHz, 3996 MHz, 186.41 W, 37
2026/10/08 07:02:46.382, 1, 120 MHz, 3996 MHz, 188.23 W, 39
2026/10/08 07:02:46.382, 2, 120 MHz, 3996 MHz, 186.05 W, 32
2026/10/08 07:02:46.382, 3, 120 MHz, 3996 MHz, 184.09 W, 32
2026/10/08 07:02:46.382, 4, 2032 MHz, 3996 MHz, 266.04 W, 39
2026/10/08 07:02:46.382, 5, 2032 MHz, 3996 MHz, 237.72 W, 36
2026/10/08 07:02:46.382, 6, 120 MHz, 3996 MHz, 184.83 W, 28
2026/10/08 07:02:46.382, 7, 120 MHz, 3996 MHz, 184.62 W, 26
2026/10/08 07:02:47.382, 0, 120 MHz, 3996 MHz, 186.41 W, 37
2026/10/08 07:02:47.382, 1, 120 MHz, 3996 MHz, 188.23 W, 39
2026/10/08 07:02:47.382, 2, 120 MHz, 3996 MHz, 186.05 W, 32
2026/10/08 07:02:47.382, 3, 120 MHz, 3996 MHz, 184.09 W, 32
2026/10/08 07:02:47.382, 4, 2032 MHz, 3996 MHz, 249.19 W, 38
2026/10/08 07:02:47.382, 5, 2032 MHz, 3996 MHz, 237.28 W, 36
2026/10/08 07:02:47.382, 6, 120 MHz, 3996 MHz, 184.83 W, 28
2026/10/08 07:02:47.382, 7, 120 MHz, 3996 MHz, 184.62 W, 26
2026/10/08 07:02:48.382, 0, 120 MHz, 3996 MHz, 186.41 W, 37
2026/10/08 07:02:48.382, 1, 120 MHz, 3996 MHz, 188.23 W, 39
2026/10/08 07:02:48.382, 2, 120 MHz, 3996 MHz, 186.05 W, 32
2026/10/08 07:02:48.382, 3, 120 MHz, 3996 MHz, 184.09 W, 32
2026/10/08 07:02:48.382, 4, 2032 MHz, 3996 MHz, 265.48 W, 38
2026/10/08 07:02:48.382, 5, 2032 MHz, 3996 MHz, 237.34 W, 36
2026/10/08 07:02:48.382, 6, 120 MHz, 3996 MHz, 184.71 W, 28
2026/10/08 07:02:48.382, 7, 120 MHz, 3996 MHz, 184.62 W, 26
2026/10/08 07:02:49.383, 0, 120 MHz, 3996 MHz, 186.41 W, 37
2026/10/08 07:02:49.383, 1, 120 MHz, 3996 MHz, 188.23 W, 39
2026/10/08 07:02:49.383, 2, 120 MHz, 3996 MHz, 186.05 W, 32
2026/10/08 07:02:49.383, 3, 120 MHz, 3996 MHz, 184.09 W, 32
2026/10/08 07:02:49.383, 4, 2032 MHz, 3996 MHz, 260.41 W, 38
2026/10/08 07:02:49.383, 5, 2032 MHz, 3996 MHz, 237.46 W, 36
2026/10/08 07:02:49.383, 6, 120 MHz, 3996 MHz, 184.83 W, 28
2026/10/08 07:02:49.383, 7, 120 MHz, 3996 MHz, 184.61 W, 26
2026/10/08 07:02:50.383, 0, 120 MHz, 3996 MHz, 186.41 W, 37
2026/10/08 07:02:50.383, 1, 120 MHz, 3996 MHz, 188.23 W, 39
2026/10/08 07:02:50.383, 2, 120 MHz, 3996 MHz, 186.05 W, 32
2026/10/08 07:02:50.383, 3, 120 MHz, 3996 MHz, 184.09 W, 32
2026/10/08 07:02:50.383, 4, 2032 MHz, 3996 MHz, 249.71 W, 38
2026/10/08 07:02:50.383, 5, 2032 MHz, 3996 MHz, 237.85 W, 36
2026/10/08 07:02:50.383, 6, 120 MHz, 3996 MHz, 184.83 W, 28
2026/10/08 07:02:50.383, 7, 120 MHz, 3996 MHz, 184.62 W, 26
2026/10/08 07:02:51.383, 0, 120 MHz, 3996 MHz, 186.41 W, 37
2026/10/08 07:02:51.383, 1, 120 MHz, 3996 MHz, 188.23 W, 39
2026/10/08 07:02:51.383, 2, 120 MHz, 3996 MHz, 186.05 W, 32
2026/10/08 07:02:51.383, 3, 120 MHz, 3996 MHz, 184.09 W, 32
2026/10/08 07:02:51.383, 4, 2032 MHz, 3996 MHz, 246.49 W, 38
2026/10/08 07:02:51.383, 5, 2032 MHz, 3996 MHz, 245.92 W, 36
2026/10/08 07:02:51.383, 6, 120 MHz, 3996 MHz, 184.83 W, 28
2026/10/08 07:02:51.383, 7, 120 MHz, 3996 MHz, 184.63 W, 26
2026/10/08 07:02:52.384, 0, 120 MHz, 3996 MHz, 186.41 W, 37
2026/10/08 07:02:52.384, 1, 120 MHz, 3996 MHz, 188.23 W, 39
2026/10/08 07:02:52.384, 2, 120 MHz, 3996 MHz, 186.05 W, 32
2026/10/08 07:02:52.384, 3, 120 MHz, 3996 MHz, 184.09 W, 31
2026/10/08 07:02:52.384, 4, 2032 MHz, 3996 MHz, 247.75 W, 38
2026/10/08 07:02:52.384, 5, 2032 MHz, 3996 MHz, 237.93 W, 36
2026/10/08 07:02:52.384, 6, 120 MHz, 3996 MHz, 184.79 W, 28
2026/10/08 07:02:52.384, 7, 120 MHz, 3996 MHz, 184.61 W, 26
2026/10/08 07:02:53.384, 0, 120 MHz, 3996 MHz, 186.41 W, 37
2026/10/08 07:02:53.384, 1, 120 MHz, 3996 MHz, 188.23 W, 39
2026/10/08 07:02:53.384, 2, 120 MHz, 3996 MHz, 185.81 W, 31
2026/10/08 07:02:53.384, 3, 120 MHz, 3996 MHz, 184.09 W, 31
2026/10/08 07:02:53.384, 4, 2032 MHz, 3996 MHz, 248.37 W, 38
2026/10/08 07:02:53.384, 5, 2032 MHz, 3996 MHz, 237.25 W, 36
2026/10/08 07:02:53.384, 6, 120 MHz, 3996 MHz, 184.83 W, 28
2026/10/08 07:02:53.384, 7, 120 MHz, 3996 MHz, 184.60 W, 26
2026/10/08 07:02:54.384, 0, 120 MHz, 3996 MHz, 186.41 W, 37
2026/10/08 07:02:54.384, 1, 120 MHz, 3996 MHz, 188.23 W, 39
2026/10/08 07:02:54.384, 2, 120 MHz, 3996 MHz, 185.66 W, 31
2026/10/08 07:02:54.384, 3, 120 MHz, 3996 MHz, 184.09 W, 31
2026/10/08 07:02:54.384, 4, 2032 MHz, 3996 MHz, 245.27 W, 38
2026/10/08 07:02:54.384, 5, 2032 MHz, 3996 MHz, 237.02 W, 36
2026/10/08 07:02:54.384, 6, 120 MHz, 3996 MHz, 184.76 W, 28
2026/10/08 07:02:54.384, 7, 120 MHz, 3996 MHz, 184.62 W, 26
2026/10/08 07:02:55.385, 0, 120 MHz, 3996 MHz, 186.41 W, 37
2026/10/08 07:02:55.385, 1, 120 MHz, 3996 MHz, 188.23 W, 39
2026/10/08 07:02:55.385, 2, 120 MHz, 3996 MHz, 185.50 W, 31
2026/10/08 07:02:55.385, 3, 120 MHz, 3996 MHz, 184.09 W, 31
2026/10/08 07:02:55.385, 4, 2032 MHz, 3996 MHz, 245.02 W, 38
2026/10/08 07:02:55.385, 5, 2032 MHz, 3996 MHz, 237.22 W, 36
2026/10/08 07:02:55.385, 6, 120 MHz, 3996 MHz, 184.79 W, 27
2026/10/08 07:02:55.385, 7, 120 MHz, 3996 MHz, 184.62 W, 26
2026/10/08 07:02:56.385, 0, 120 MHz, 3996 MHz, 186.41 W, 36
2026/10/08 07:02:56.385, 1, 120 MHz, 3996 MHz, 188.23 W, 39
2026/10/08 07:02:56.385, 2, 120 MHz, 3996 MHz, 185.70 W, 31
2026/10/08 07:02:56.385, 3, 120 MHz, 3996 MHz, 184.09 W, 31
2026/10/08 07:02:56.385, 4, 2032 MHz, 3996 MHz, 244.80 W, 37
2026/10/08 07:02:56.385, 5, 2032 MHz, 3996 MHz, 237.01 W, 35
2026/10/08 07:02:56.385, 6, 120 MHz, 3996 MHz, 184.79 W, 27
2026/10/08 07:02:56.385, 7, 120 MHz, 3996 MHz, 184.63 W, 26
2026/10/08 07:02:57.385, 0, 120 MHz, 3996 MHz, 186.41 W, 36
2026/10/08 07:02:57.385, 1, 120 MHz, 3996 MHz, 188.23 W, 38
2026/10/08 07:02:57.385, 2, 120 MHz, 3996 MHz, 185.54 W, 31
2026/10/08 07:02:57.385, 3, 120 MHz, 3996 MHz, 184.05 W, 31
2026/10/08 07:02:57.385, 4, 2032 MHz, 3996 MHz, 244.38 W, 37
2026/10/08 07:02:57.385, 5, 2032 MHz, 3996 MHz, 236.99 W, 35
2026/10/08 07:02:57.385, 6, 120 MHz, 3996 MHz, 184.75 W, 27
2026/10/08 07:02:57.385, 7, 120 MHz, 3996 MHz, 184.66 W, 26
2026/10/08 07:02:58.386, 0, 120 MHz, 3996 MHz, 186.41 W, 36
2026/10/08 07:02:58.386, 1, 120 MHz, 3996 MHz, 188.23 W, 38
2026/10/08 07:02:58.386, 2, 120 MHz, 3996 MHz, 185.20 W, 31
2026/10/08 07:02:58.386, 3, 120 MHz, 3996 MHz, 184.09 W, 31
2026/10/08 07:02:58.386, 4, 2032 MHz, 3996 MHz, 244.68 W, 37
2026/10/08 07:02:58.386, 5, 2032 MHz, 3996 MHz, 237.09 W, 35
2026/10/08 07:02:58.386, 6, 120 MHz, 3996 MHz, 184.75 W, 27
2026/10/08 07:02:58.386, 7, 120 MHz, 3996 MHz, 184.64 W, 26
2026/10/08 07:02:59.386, 0, 120 MHz, 3996 MHz, 186.41 W, 36
2026/10/08 07:02:59.386, 1, 120 MHz, 3996 MHz, 188.23 W, 38
2026/10/08 07:02:59.386, 2, 120 MHz, 3996 MHz, 185.44 W, 31
2026/10/08 07:02:59.386, 3, 2032 MHz, 3996 MHz, 227.88 W, 32
2026/10/08 07:02:59.386, 4, 2032 MHz, 3996 MHz, 244.38 W, 37
2026/10/08 07:02:59.386, 5, 2032 MHz, 3996 MHz, 237.09 W, 35
2026/10/08 07:02:59.386, 6, 120 MHz, 3996 MHz, 184.64 W, 27
2026/10/08 07:02:59.386, 7, 120 MHz, 3996 MHz, 184.62 W, 26
2026/10/08 07:03:00.386, 0, 120 MHz, 3996 MHz, 186.41 W, 36
2026/10/08 07:03:00.386, 1, 120 MHz, 3996 MHz, 188.23 W, 38
2026/10/08 07:03:00.386, 2, 120 MHz, 3996 MHz, 185.34 W, 31
2026/10/08 07:03:00.386, 3, 2032 MHz, 3996 MHz, 236.31 W, 32
2026/10/08 07:03:00.386, 4, 2032 MHz, 3996 MHz, 244.45 W, 37
2026/10/08 07:03:00.386, 5, 2032 MHz, 3996 MHz, 237.19 W, 35
2026/10/08 07:03:00.386, 6, 120 MHz, 3996 MHz, 184.79 W, 27
2026/10/08 07:03:00.386, 7, 120 MHz, 3996 MHz, 184.60 W, 26
2026/10/08 07:03:01.387, 0, 120 MHz, 3996 MHz, 186.41 W, 36
2026/10/08 07:03:01.387, 1, 120 MHz, 3996 MHz, 188.23 W, 38
2026/10/08 07:03:01.387, 2, 120 MHz, 3996 MHz, 185.04 W, 31
2026/10/08 07:03:01.387, 3, 2032 MHz, 3996 MHz, 236.07 W, 32
2026/10/08 07:03:01.387, 4, 2032 MHz, 3996 MHz, 244.38 W, 37
2026/10/08 07:03:01.387, 5, 2032 MHz, 3996 MHz, 236.95 W, 35
2026/10/08 07:03:01.387, 6, 120 MHz, 3996 MHz, 184.76 W, 27
2026/10/08 07:03:01.387, 7, 120 MHz, 3996 MHz, 184.60 W, 26
2026/10/08 07:03:02.387, 0, 120 MHz, 3996 MHz, 186.41 W, 36
2026/10/08 07:03:02.387, 1, 120 MHz, 3996 MHz, 188.23 W, 38
2026/10/08 07:03:02.387, 2, 120 MHz, 3996 MHz, 185.35 W, 31
2026/10/08 07:03:02.387, 3, 2032 MHz, 3996 MHz, 237.23 W, 32
2026/10/08 07:03:02.387, 4, 2032 MHz, 3996 MHz, 244.38 W, 37
2026/10/08 07:03:02.387, 5, 2032 MHz, 3996 MHz, 236.98 W, 35
2026/10/08 07:03:02.387, 6, 120 MHz, 3996 MHz, 184.71 W, 27
2026/10/08 07:03:02.387, 7, 120 MHz, 3996 MHz, 184.61 W, 26
2026/10/08 07:03:03.387, 0, 120 MHz, 3996 MHz, 186.37 W, 36
2026/10/08 07:03:03.387, 1, 120 MHz, 3996 MHz, 188.23 W, 38
2026/10/08 07:03:03.387, 2, 120 MHz, 3996 MHz, 185.10 W, 30
2026/10/08 07:03:03.387, 3, 2032 MHz, 3996 MHz, 237.12 W, 32
2026/10/08 07:03:03.387, 4, 2032 MHz, 3996 MHz, 244.34 W, 37
2026/10/08 07:03:03.387, 5, 2032 MHz, 3996 MHz, 237.17 W, 35
2026/10/08 07:03:03.387, 6, 120 MHz, 3996 MHz, 184.48 W, 27
2026/10/08 07:03:03.387, 7, 120 MHz, 3996 MHz, 184.64 W, 26
2026/10/08 07:03:04.387, 0, 120 MHz, 3996 MHz, 186.41 W, 36
2026/10/08 07:03:04.387, 1, 120 MHz, 3996 MHz, 188.23 W, 38
2026/10/08 07:03:04.387, 2, 120 MHz, 3996 MHz, 185.05 W, 30
2026/10/08 07:03:04.388, 3, 2032 MHz, 3996 MHz, 237.43 W, 32
2026/10/08 07:03:04.388, 4, 2032 MHz, 3996 MHz, 244.61 W, 37
2026/10/08 07:03:04.388, 5, 2032 MHz, 3996 MHz, 237.20 W, 35
2026/10/08 07:03:04.388, 6, 120 MHz, 3996 MHz, 184.72 W, 27
2026/10/08 07:03:04.388, 7, 120 MHz, 3996 MHz, 184.59 W, 26
2026/10/08 07:03:05.388, 0, 120 MHz, 3996 MHz, 186.37 W, 36
2026/10/08 07:03:05.388, 1, 120 MHz, 3996 MHz, 188.23 W, 38
2026/10/08 07:03:05.388, 2, 120 MHz, 3996 MHz, 184.66 W, 30
2026/10/08 07:03:05.388, 3, 2032 MHz, 3996 MHz, 254.68 W, 32
2026/10/08 07:03:05.388, 4, 2032 MHz, 3996 MHz, 244.60 W, 37
2026/10/08 07:03:05.388, 5, 2032 MHz, 3996 MHz, 236.87 W, 35
2026/10/08 07:03:05.388, 6, 120 MHz, 3996 MHz, 184.68 W, 27
2026/10/08 07:03:05.388, 7, 120 MHz, 3996 MHz, 184.61 W, 26
2026/10/08 07:03:06.388, 0, 120 MHz, 3996 MHz, 186.25 W, 36
2026/10/08 07:03:06.388, 1, 120 MHz, 3996 MHz, 188.23 W, 38
2026/10/08 07:03:06.388, 2, 120 MHz, 3996 MHz, 184.60 W, 30
2026/10/08 07:03:06.388, 3, 2032 MHz, 3996 MHz, 273.09 W, 32
2026/10/08 07:03:06.388, 4, 2032 MHz, 3996 MHz, 244.86 W, 37
2026/10/08 07:03:06.388, 5, 2032 MHz, 3996 MHz, 244.96 W, 35
2026/10/08 07:03:06.388, 6, 120 MHz, 3996 MHz, 184.75 W, 27
2026/10/08 07:03:06.388, 7, 120 MHz, 3996 MHz, 184.60 W, 26
2026/10/08 07:03:07.388, 0, 120 MHz, 3996 MHz, 186.25 W, 36
2026/10/08 07:03:07.388, 1, 120 MHz, 3996 MHz, 188.23 W, 38
2026/10/08 07:03:07.388, 2, 120 MHz, 3996 MHz, 184.28 W, 30
2026/10/08 07:03:07.388, 3, 2032 MHz, 3996 MHz, 236.85 W, 32
2026/10/08 07:03:07.389, 4, 2032 MHz, 3996 MHz, 258.90 W, 37
2026/10/08 07:03:07.389, 5, 2032 MHz, 3996 MHz, 236.59 W, 35
2026/10/08 07:03:07.389, 6, 120 MHz, 3996 MHz, 184.72 W, 27
2026/10/08 07:03:07.389, 7, 120 MHz, 3996 MHz, 184.61 W, 26
2026/10/08 07:03:08.389, 0, 120 MHz, 3996 MHz, 186.29 W, 36
2026/10/08 07:03:08.389, 1, 120 MHz, 3996 MHz, 188.23 W, 38
2026/10/08 07:03:08.389, 2, 2032 MHz, 3996 MHz, 202.10 W, 31
2026/10/08 07:03:08.389, 3, 2032 MHz, 3996 MHz, 252.64 W, 32
2026/10/08 07:03:08.389, 4, 2032 MHz, 3996 MHz, 244.34 W, 37
2026/10/08 07:03:08.389, 5, 2032 MHz, 3996 MHz, 236.58 W, 35
2026/10/08 07:03:08.389, 6, 120 MHz, 3996 MHz, 184.76 W, 27
2026/10/08 07:03:08.389, 7, 120 MHz, 3996 MHz, 184.65 W, 26
2026/10/08 07:03:09.389, 0, 120 MHz, 3996 MHz, 186.21 W, 36
2026/10/08 07:03:09.389, 1, 120 MHz, 3996 MHz, 188.19 W, 38
2026/10/08 07:03:09.389, 2, 2032 MHz, 3996 MHz, 235.31 W, 31
2026/10/08 07:03:09.389, 3, 2032 MHz, 3996 MHz, 246.72 W, 32
2026/10/08 07:03:09.389, 4, 2032 MHz, 3996 MHz, 244.34 W, 37
2026/10/08 07:03:09.389, 5, 2032 MHz, 3996 MHz, 236.49 W, 35
2026/10/08 07:03:09.389, 6, 120 MHz, 3996 MHz, 184.64 W, 27
2026/10/08 07:03:09.389, 7, 120 MHz, 3996 MHz, 184.64 W, 26
2026/10/08 07:03:10.389, 0, 120 MHz, 3996 MHz, 185.76 W, 36
2026/10/08 07:03:10.389, 1, 120 MHz, 3996 MHz, 188.23 W, 38
2026/10/08 07:03:10.389, 2, 2032 MHz, 3996 MHz, 234.71 W, 31
2026/10/08 07:03:10.389, 3, 2032 MHz, 3996 MHz, 254.96 W, 32
2026/10/08 07:03:10.389, 4, 2032 MHz, 3996 MHz, 244.34 W, 37
2026/10/08 07:03:10.389, 5, 2032 MHz, 3996 MHz, 236.52 W, 35
2026/10/08 07:03:10.389, 6, 120 MHz, 3996 MHz, 184.72 W, 27
2026/10/08 07:03:10.389, 7, 120 MHz, 3996 MHz, 184.62 W, 26
2026/10/08 07:03:11.390, 0, 120 MHz, 3996 MHz, 185.80 W, 35
2026/10/08 07:03:11.390, 1, 120 MHz, 3996 MHz, 188.23 W, 38
2026/10/08 07:03:11.390, 2, 2032 MHz, 3996 MHz, 234.89 W, 31
2026/10/08 07:03:11.390, 3, 2032 MHz, 3996 MHz, 245.09 W, 31
2026/10/08 07:03:11.390, 4, 2032 MHz, 3996 MHz, 244.34 W, 37
2026/10/08 07:03:11.390, 5, 2032 MHz, 3996 MHz, 236.53 W, 35
2026/10/08 07:03:11.390, 6, 120 MHz, 3996 MHz, 184.75 W, 27
2026/10/08 07:03:11.390, 7, 120 MHz, 3996 MHz, 184.62 W, 26
2026/10/08 07:03:12.390, 0, 120 MHz, 3996 MHz, 186.22 W, 35
2026/10/08 07:03:12.390, 1, 120 MHz, 3996 MHz, 188.19 W, 38
2026/10/08 07:03:12.390, 2, 2032 MHz, 3996 MHz, 235.50 W, 31
2026/10/08 07:03:12.390, 3, 2032 MHz, 3996 MHz, 240.01 W, 31
2026/10/08 07:03:12.390, 4, 1365 MHz, 3996 MHz, 355.72 W, 47
2026/10/08 07:03:12.390, 5, 2032 MHz, 3996 MHz, 236.19 W, 35
2026/10/08 07:03:12.390, 6, 120 MHz, 3996 MHz, 184.68 W, 27
2026/10/08 07:03:12.390, 7, 120 MHz, 3996 MHz, 184.59 W, 26
2026/10/08 07:03:13.390, 0, 120 MHz, 3996 MHz, 186.41 W, 35
2026/10/08 07:03:13.390, 1, 120 MHz, 3996 MHz, 188.19 W, 38
2026/10/08 07:03:13.390, 2, 2032 MHz, 3996 MHz, 235.85 W, 31
2026/10/08 07:03:13.390, 3, 2032 MHz, 3996 MHz, 243.35 W, 31
2026/10/08 07:03:13.390, 4, 2032 MHz, 3996 MHz, 491.64 W, 39
2026/10/08 07:03:13.390, 5, 2032 MHz, 3996 MHz, 577.39 W, 39
2026/10/08 07:03:13.390, 6, 120 MHz, 3996 MHz, 184.75 W, 27
2026/10/08 07:03:13.390, 7, 120 MHz, 3996 MHz, 184.65 W, 26
2026/10/08 07:03:14.391, 0, 120 MHz, 3996 MHz, 186.41 W, 35
2026/10/08 07:03:14.391, 1, 120 MHz, 3996 MHz, 188.03 W, 37
2026/10/08 07:03:14.391, 2, 2032 MHz, 3996 MHz, 236.66 W, 31
2026/10/08 07:03:14.391, 3, 2032 MHz, 3996 MHz, 236.66 W, 31
2026/10/08 07:03:14.391, 4, 2032 MHz, 3996 MHz, 551.43 W, 43
2026/10/08 07:03:14.391, 5, 1695 MHz, 3996 MHz, 358.70 W, 44
2026/10/08 07:03:14.391, 6, 120 MHz, 3996 MHz, 184.64 W, 27
2026/10/08 07:03:14.391, 7, 120 MHz, 3996 MHz, 184.64 W, 26
2026/10/08 07:03:15.391, 0, 120 MHz, 3996 MHz, 186.41 W, 35
2026/10/08 07:03:15.391, 1, 120 MHz, 3996 MHz, 188.15 W, 37
2026/10/08 07:03:15.391, 2, 2032 MHz, 3996 MHz, 236.62 W, 31
2026/10/08 07:03:15.391, 3, 2032 MHz, 3996 MHz, 236.66 W, 31
2026/10/08 07:03:15.391, 4, 2032 MHz, 3996 MHz, 707.90 W, 44
2026/10/08 07:03:15.391, 5, 2032 MHz, 3996 MHz, 670.38 W, 42
2026/10/08 07:03:15.391, 6, 120 MHz, 3996 MHz, 184.83 W, 27
2026/10/08 07:03:15.391, 7, 120 MHz, 3996 MHz, 184.65 W, 26
2026/10/08 07:03:16.391, 0, 120 MHz, 3996 MHz, 186.41 W, 35
2026/10/08 07:03:16.391, 1, 120 MHz, 3996 MHz, 188.03 W, 37
2026/10/08 07:03:16.391, 2, 2032 MHz, 3996 MHz, 260.85 W, 31
2026/10/08 07:03:16.391, 3, 2032 MHz, 3996 MHz, 236.57 W, 31
2026/10/08 07:03:16.391, 4, 2032 MHz, 3996 MHz, 711.98 W, 45
2026/10/08 07:03:16.391, 5, 2032 MHz, 3996 MHz, 672.41 W, 42
2026/10/08 07:03:16.391, 6, 120 MHz, 3996 MHz, 184.72 W, 28
2026/10/08 07:03:16.391, 7, 120 MHz, 3996 MHz, 184.63 W, 26
2026/10/08 07:03:17.391, 0, 120 MHz, 3996 MHz, 186.41 W, 35
2026/10/08 07:03:17.392, 1, 120 MHz, 3996 MHz, 187.73 W, 37
2026/10/08 07:03:17.392, 2, 2032 MHz, 3996 MHz, 267.31 W, 31
2026/10/08 07:03:17.392, 3, 2032 MHz, 3996 MHz, 236.63 W, 31
2026/10/08 07:03:17.392, 4, 2032 MHz, 3996 MHz, 758.83 W, 45
2026/10/08 07:03:17.392, 5, 2032 MHz, 3996 MHz, 723.47 W, 43
2026/10/08 07:03:17.392, 6, 120 MHz, 3996 MHz, 184.79 W, 28
2026/10/08 07:03:17.392, 7, 120 MHz, 3996 MHz, 184.64 W, 26
2026/10/08 07:03:18.392, 0, 120 MHz, 3996 MHz, 186.41 W, 35
2026/10/08 07:03:18.392, 1, 120 MHz, 3996 MHz, 187.54 W, 37
2026/10/08 07:03:18.392, 2, 2032 MHz, 3996 MHz, 264.37 W, 31
2026/10/08 07:03:18.392, 3, 2032 MHz, 3996 MHz, 236.52 W, 31
2026/10/08 07:03:18.392, 4, 2032 MHz, 3996 MHz, 710.27 W, 45
2026/10/08 07:03:18.392, 5, 2032 MHz, 3996 MHz, 670.88 W, 43
2026/10/08 07:03:18.392, 6, 120 MHz, 3996 MHz, 184.83 W, 28
2026/10/08 07:03:18.392, 7, 120 MHz, 3996 MHz, 184.64 W, 26
2026/10/08 07:03:19.392, 0, 120 MHz, 3996 MHz, 186.41 W, 35
2026/10/08 07:03:19.392, 1, 120 MHz, 3996 MHz, 187.49 W, 37
2026/10/08 07:03:19.392, 2, 2032 MHz, 3996 MHz, 261.54 W, 31
2026/10/08 07:03:19.392, 3, 2032 MHz, 3996 MHz, 236.56 W, 31
2026/10/08 07:03:19.392, 4, 1402 MHz, 3996 MHz, 756.84 W, 54
2026/10/08 07:03:19.392, 5, 2032 MHz, 3996 MHz, 676.48 W, 43
2026/10/08 07:03:19.392, 6, 120 MHz, 3996 MHz, 184.68 W, 28
2026/10/08 07:03:19.392, 7, 120 MHz, 3996 MHz, 184.62 W, 26
2026/10/08 07:03:20.393, 0, 120 MHz, 3996 MHz, 186.41 W, 35
2026/10/08 07:03:20.393, 1, 120 MHz, 3996 MHz, 187.39 W, 37
2026/10/08 07:03:20.393, 2, 2032 MHz, 3996 MHz, 241.84 W, 31
2026/10/08 07:03:20.393, 3, 2032 MHz, 3996 MHz, 236.64 W, 31
2026/10/08 07:03:20.393, 4, 2032 MHz, 3996 MHz, 726.35 W, 46
2026/10/08 07:03:20.393, 5, 2032 MHz, 3996 MHz, 730.19 W, 44
2026/10/08 07:03:20.393, 6, 120 MHz, 3996 MHz, 184.72 W, 28
2026/10/08 07:03:20.393, 7, 120 MHz, 3996 MHz, 184.59 W, 26
2026/10/08 07:03:21.393, 0, 120 MHz, 3996 MHz, 186.41 W, 35
2026/10/08 07:03:21.393, 1, 120 MHz, 3996 MHz, 187.43 W, 37
2026/10/08 07:03:21.393, 2, 2032 MHz, 3996 MHz, 241.86 W, 31
2026/10/08 07:03:21.393, 3, 2032 MHz, 3996 MHz, 236.63 W, 31
2026/10/08 07:03:21.393, 4, 2032 MHz, 3996 MHz, 710.62 W, 46
2026/10/08 07:03:21.393, 5, 2032 MHz, 3996 MHz, 672.98 W, 43
2026/10/08 07:03:21.393, 6, 120 MHz, 3996 MHz, 184.76 W, 28
2026/10/08 07:03:21.393, 7, 120 MHz, 3996 MHz, 184.61 W, 26
2026/10/08 07:03:22.393, 0, 120 MHz, 3996 MHz, 186.41 W, 35
2026/10/08 07:03:22.393, 1, 120 MHz, 3996 MHz, 187.37 W, 37
2026/10/08 07:03:22.393, 2, 2032 MHz, 3996 MHz, 236.66 W, 31
2026/10/08 07:03:22.393, 3, 2032 MHz, 3996 MHz, 236.58 W, 31
2026/10/08 07:03:22.393, 4, 2032 MHz, 3996 MHz, 770.00 W, 47
2026/10/08 07:03:22.393, 5, 2032 MHz, 3996 MHz, 674.70 W, 44
2026/10/08 07:03:22.393, 6, 120 MHz, 3996 MHz, 184.83 W, 28
2026/10/08 07:03:22.393, 7, 120 MHz, 3996 MHz, 184.63 W, 26
2026/10/08 07:03:23.393, 0, 120 MHz, 3996 MHz, 186.41 W, 35
2026/10/08 07:03:23.394, 1, 120 MHz, 3996 MHz, 187.12 W, 37
2026/10/08 07:03:23.394, 2, 2032 MHz, 3996 MHz, 236.66 W, 31
2026/10/08 07:03:23.394, 3, 2032 MHz, 3996 MHz, 236.66 W, 31
2026/10/08 07:03:23.394, 4, 2032 MHz, 3996 MHz, 710.79 W, 46
2026/10/08 07:03:23.394, 5, 2032 MHz, 3996 MHz, 725.15 W, 44
2026/10/08 07:03:23.394, 6, 120 MHz, 3996 MHz, 184.60 W, 28
2026/10/08 07:03:23.394, 7, 120 MHz, 3996 MHz, 184.61 W, 26
2026/10/08 07:03:24.394, 0, 120 MHz, 3996 MHz, 186.33 W, 35
2026/10/08 07:03:24.394, 1, 120 MHz, 3996 MHz, 186.99 W, 37
2026/10/08 07:03:24.394, 2, 2032 MHz, 3996 MHz, 236.61 W, 31
2026/10/08 07:03:24.394, 3, 2032 MHz, 3996 MHz, 236.62 W, 31
2026/10/08 07:03:24.394, 4, 2032 MHz, 3996 MHz, 712.20 W, 47
2026/10/08 07:03:24.394, 5, 2032 MHz, 3996 MHz, 673.10 W, 44
2026/10/08 07:03:24.394, 6, 120 MHz, 3996 MHz, 184.64 W, 28
2026/10/08 07:03:24.394, 7, 120 MHz, 3996 MHz, 184.60 W, 26
2026/10/08 07:03:25.394, 0, 120 MHz, 3996 MHz, 186.37 W, 35
2026/10/08 07:03:25.394, 1, 120 MHz, 3996 MHz, 186.78 W, 37
2026/10/08 07:03:25.394, 2, 2032 MHz, 3996 MHz, 236.65 W, 31
2026/10/08 07:03:25.394, 3, 2032 MHz, 3996 MHz, 236.96 W, 31
2026/10/08 07:03:25.394, 4, 2032 MHz, 3996 MHz, 762.70 W, 47
2026/10/08 07:03:25.394, 5, 2032 MHz, 3996 MHz, 674.55 W, 44
2026/10/08 07:03:25.394, 6, 120 MHz, 3996 MHz, 184.76 W, 28
2026/10/08 07:03:25.394, 7, 120 MHz, 3996 MHz, 184.60 W, 26
2026/10/08 07:03:26.394, 0, 120 MHz, 3996 MHz, 186.29 W, 35
2026/10/08 07:03:26.394, 1, 120 MHz, 3996 MHz, 186.79 W, 37
2026/10/08 07:03:26.394, 2, 2032 MHz, 3996 MHz, 236.47 W, 31
2026/10/08 07:03:26.394, 3, 2032 MHz, 3996 MHz, 245.90 W, 31
2026/10/08 07:03:26.394, 4, 2032 MHz, 3996 MHz, 711.14 W, 47
2026/10/08 07:03:26.394, 5, 2032 MHz, 3996 MHz, 732.27 W, 45
2026/10/08 07:03:26.394, 6, 120 MHz, 3996 MHz, 184.83 W, 28
2026/10/08 07:03:26.394, 7, 120 MHz, 3996 MHz, 184.64 W, 26
2026/10/08 07:03:27.395, 0, 120 MHz, 3996 MHz, 186.26 W, 35
2026/10/08 07:03:27.395, 1, 120 MHz, 3996 MHz, 186.70 W, 37
2026/10/08 07:03:27.395, 2, 2032 MHz, 3996 MHz, 236.58 W, 31
2026/10/08 07:03:27.395, 3, 2032 MHz, 3996 MHz, 236.66 W, 31
2026/10/08 07:03:27.395, 4, 2032 MHz, 3996 MHz, 713.36 W, 47
2026/10/08 07:03:27.395, 5, 2032 MHz, 3996 MHz, 677.48 W, 45
2026/10/08 07:03:27.395, 6, 120 MHz, 3996 MHz, 184.79 W, 28
2026/10/08 07:03:27.395, 7, 120 MHz, 3996 MHz, 184.61 W, 26
2026/10/08 07:03:28.395, 0, 120 MHz, 3996 MHz, 186.25 W, 35
2026/10/08 07:03:28.395, 1, 120 MHz, 3996 MHz, 186.36 W, 37
2026/10/08 07:03:28.395, 2, 2032 MHz, 3996 MHz, 236.54 W, 31
2026/10/08 07:03:28.395, 3, 2032 MHz, 3996 MHz, 236.54 W, 31
2026/10/08 07:03:28.395, 4, 2032 MHz, 3996 MHz, 756.18 W, 47
2026/10/08 07:03:28.395, 5, 2032 MHz, 3996 MHz, 676.75 W, 45
2026/10/08 07:03:28.395, 6, 120 MHz, 3996 MHz, 184.75 W, 28
2026/10/08 07:03:28.395, 7, 120 MHz, 3996 MHz, 184.62 W, 27
2026/10/08 07:03:29.395, 0, 120 MHz, 3996 MHz, 186.07 W, 35
2026/10/08 07:03:29.395, 1, 120 MHz, 3996 MHz, 186.48 W, 37
2026/10/08 07:03:29.395, 2, 2032 MHz, 3996 MHz, 236.54 W, 31
2026/10/08 07:03:29.395, 3, 2032 MHz, 3996 MHz, 236.54 W, 31
2026/10/08 07:03:29.395, 4, 2032 MHz, 3996 MHz, 716.28 W, 48
2026/10/08 07:03:29.395, 5, 2032 MHz, 3996 MHz, 721.06 W, 45
2026/10/08 07:03:29.395, 6, 120 MHz, 3996 MHz, 184.83 W, 28
2026/10/08 07:03:29.395, 7, 120 MHz, 3996 MHz, 184.63 W, 27
2026/10/08 07:03:30.395, 0, 120 MHz, 3996 MHz, 185.76 W, 34
2026/10/08 07:03:30.395, 1, 120 MHz, 3996 MHz, 186.56 W, 37
2026/10/08 07:03:30.395, 2, 2032 MHz, 3996 MHz, 236.50 W, 31
2026/10/08 07:03:30.395, 3, 2032 MHz, 3996 MHz, 236.66 W, 31
2026/10/08 07:03:30.395, 4, 1455 MHz, 3996 MHz, 762.75 W, 56
2026/10/08 07:03:30.395, 5, 2032 MHz, 3996 MHz, 677.74 W, 45
2026/10/08 07:03:30.395, 6, 120 MHz, 3996 MHz, 184.83 W, 28
2026/10/08 07:03:30.395, 7, 120 MHz, 3996 MHz, 184.65 W, 27
2026/10/08 07:03:31.396, 0, 120 MHz, 3996 MHz, 185.98 W, 34
2026/10/08 07:03:31.396, 1, 120 MHz, 3996 MHz, 186.40 W, 37
2026/10/08 07:03:31.396, 2, 2032 MHz, 3996 MHz, 236.27 W, 31
2026/10/08 07:03:31.396, 3, 2032 MHz, 3996 MHz, 236.62 W, 31
2026/10/08 07:03:31.396, 4, 2032 MHz, 3996 MHz, 705.95 W, 48
2026/10/08 07:03:31.396, 5, 2032 MHz, 3996 MHz, 693.22 W, 49
2026/10/08 07:03:31.396, 6, 120 MHz, 3996 MHz, 184.83 W, 28
2026/10/08 07:03:31.396, 7, 120 MHz, 3996 MHz, 184.64 W, 27
2026/10/08 07:03:32.396, 0, 120 MHz, 3996 MHz, 185.71 W, 34
2026/10/08 07:03:32.396, 1, 120 MHz, 3996 MHz, 186.29 W, 37
2026/10/08 07:03:32.396, 2, 2032 MHz, 3996 MHz, 236.38 W, 31
2026/10/08 07:03:32.396, 3, 2032 MHz, 3996 MHz, 236.58 W, 31
2026/10/08 07:03:32.396, 4, 2032 MHz, 3996 MHz, 716.04 W, 48
2026/10/08 07:03:32.396, 5, 2032 MHz, 3996 MHz, 737.27 W, 45
2026/10/08 07:03:32.396, 6, 120 MHz, 3996 MHz, 184.83 W, 28
2026/10/08 07:03:32.396, 7, 120 MHz, 3996 MHz, 184.65 W, 27
2026/10/08 07:03:33.396, 0, 120 MHz, 3996 MHz, 185.53 W, 34
2026/10/08 07:03:33.396, 1, 120 MHz, 3996 MHz, 186.32 W, 37
2026/10/08 07:03:33.396, 2, 2032 MHz, 3996 MHz, 236.46 W, 31
2026/10/08 07:03:33.396, 3, 2032 MHz, 3996 MHz, 236.62 W, 31
2026/10/08 07:03:33.396, 4, 2032 MHz, 3996 MHz, 758.46 W, 49
2026/10/08 07:03:33.396, 5, 2032 MHz, 3996 MHz, 676.68 W, 45
2026/10/08 07:03:33.396, 6, 120 MHz, 3996 MHz, 184.83 W, 28
2026/10/08 07:03:33.396, 7, 120 MHz, 3996 MHz, 184.61 W, 27
2026/10/08 07:03:34.397, 0, 120 MHz, 3996 MHz, 185.64 W, 34
2026/10/08 07:03:34.397, 1, 120 MHz, 3996 MHz, 186.60 W, 37
2026/10/08 07:03:34.397, 2, 2032 MHz, 3996 MHz, 246.18 W, 31
2026/10/08 07:03:34.397, 3, 2032 MHz, 3996 MHz, 236.52 W, 31
2026/10/08 07:03:34.397, 4, 2032 MHz, 3996 MHz, 713.23 W, 48
2026/10/08 07:03:34.397, 5, 1882 MHz, 3996 MHz, 727.16 W, 48
2026/10/08 07:03:34.397, 6, 120 MHz, 3996 MHz, 184.83 W, 28
2026/10/08 07:03:34.397, 7, 120 MHz, 3996 MHz, 184.65 W, 27
2026/10/08 07:03:35.397, 0, 120 MHz, 3996 MHz, 185.65 W, 34
2026/10/08 07:03:35.397, 1, 120 MHz, 3996 MHz, 186.29 W, 36
2026/10/08 07:03:35.397, 2, 2032 MHz, 3996 MHz, 236.66 W, 31
2026/10/08 07:03:35.397, 3, 2032 MHz, 3996 MHz, 236.54 W, 31
2026/10/08 07:03:35.397, 4, 2032 MHz, 3996 MHz, 714.68 W, 48
2026/10/08 07:03:35.397, 5, 2032 MHz, 3996 MHz, 670.58 W, 46
2026/10/08 07:03:35.397, 6, 120 MHz, 3996 MHz, 184.83 W, 28
2026/10/08 07:03:35.397, 7, 120 MHz, 3996 MHz, 184.63 W, 27
2026/10/08 07:03:36.397, 0, 120 MHz, 3996 MHz, 185.59 W, 34
2026/10/08 07:03:36.397, 1, 120 MHz, 3996 MHz, 186.29 W, 36
2026/10/08 07:03:36.397, 2, 2032 MHz, 3996 MHz, 243.08 W, 31
2026/10/08 07:03:36.397, 3, 2032 MHz, 3996 MHz, 236.52 W, 31
2026/10/08 07:03:36.397, 4, 2032 MHz, 3996 MHz, 760.55 W, 49
2026/10/08 07:03:36.397, 5, 2032 MHz, 3996 MHz, 676.79 W, 46
2026/10/08 07:03:36.397, 6, 120 MHz, 3996 MHz, 184.83 W, 28
2026/10/08 07:03:36.397, 7, 120 MHz, 3996 MHz, 184.60 W, 27
2026/10/08 07:03:37.397, 0, 120 MHz, 3996 MHz, 185.19 W, 34
2026/10/08 07:03:37.397, 1, 120 MHz, 3996 MHz, 186.29 W, 36
2026/10/08 07:03:37.397, 2, 2032 MHz, 3996 MHz, 235.41 W, 31
2026/10/08 07:03:37.397, 3, 2032 MHz, 3996 MHz, 242.01 W, 31
2026/10/08 07:03:37.397, 4, 2032 MHz, 3996 MHz, 715.26 W, 49
2026/10/08 07:03:37.397, 5, 2032 MHz, 3996 MHz, 723.69 W, 47
2026/10/08 07:03:37.397, 6, 120 MHz, 3996 MHz, 184.83 W, 28
2026/10/08 07:03:37.397, 7, 120 MHz, 3996 MHz, 184.60 W, 27
2026/10/08 07:03:38.398, 0, 120 MHz, 3996 MHz, 185.57 W, 34
2026/10/08 07:03:38.398, 1, 120 MHz, 3996 MHz, 186.29 W, 36
2026/10/08 07:03:38.398, 2, 2032 MHz, 3996 MHz, 235.05 W, 31
2026/10/08 07:03:38.398, 3, 2032 MHz, 3996 MHz, 236.16 W, 31
2026/10/08 07:03:38.398, 4, 2032 MHz, 3996 MHz, 718.28 W, 49
2026/10/08 07:03:38.398, 5, 2032 MHz, 3996 MHz, 676.62 W, 46
2026/10/08 07:03:38.398, 6, 120 MHz, 3996 MHz, 184.83 W, 28
2026/10/08 07:03:38.398, 7, 120 MHz, 3996 MHz, 184.60 W, 27
2026/10/08 07:03:39.398, 0, 120 MHz, 3996 MHz, 185.13 W, 34
2026/10/08 07:03:39.398, 1, 120 MHz, 3996 MHz, 186.29 W, 36
2026/10/08 07:03:39.398, 2, 2032 MHz, 3996 MHz, 234.82 W, 31
2026/10/08 07:03:39.398, 3, 2032 MHz, 3996 MHz, 235.99 W, 31
2026/10/08 07:03:39.398, 4, 2032 MHz, 3996 MHz, 768.01 W, 49
2026/10/08 07:03:39.398, 5, 2032 MHz, 3996 MHz, 685.68 W, 46
2026/10/08 07:03:39.398, 6, 120 MHz, 3996 MHz, 184.83 W, 28
2026/10/08 07:03:39.398, 7, 120 MHz, 3996 MHz, 184.60 W, 27
2026/10/08 07:03:40.398, 0, 120 MHz, 3996 MHz, 184.96 W, 34
2026/10/08 07:03:40.398, 1, 120 MHz, 3996 MHz, 186.32 W, 36
2026/10/08 07:03:40.398, 2, 2032 MHz, 3996 MHz, 234.86 W, 31
2026/10/08 07:03:40.398, 3, 2032 MHz, 3996 MHz, 235.68 W, 31
2026/10/08 07:03:40.398, 4, 2032 MHz, 3996 MHz, 716.57 W, 49
2026/10/08 07:03:40.398, 5, 2032 MHz, 3996 MHz, 726.10 W, 47
2026/10/08 07:03:40.398, 6, 120 MHz, 3996 MHz, 184.83 W, 28
2026/10/08 07:03:40.398, 7, 120 MHz, 3996 MHz, 184.61 W, 27
2026/10/08 07:03:41.398, 0, 120 MHz, 3996 MHz, 185.09 W, 34
2026/10/08 07:03:41.398, 1, 120 MHz, 3996 MHz, 186.29 W, 36
2026/10/08 07:03:41.399, 2, 2032 MHz, 3996 MHz, 235.01 W, 31
2026/10/08 07:03:41.399, 3, 2032 MHz, 3996 MHz, 235.74 W, 31
2026/10/08 07:03:41.399, 4, 1875 MHz, 3996 MHz, 759.24 W, 52
2026/10/08 07:03:41.399, 5, 2032 MHz, 3996 MHz, 677.45 W, 46
2026/10/08 07:03:41.399, 6, 120 MHz, 3996 MHz, 184.83 W, 28
2026/10/08 07:03:41.399, 7, 120 MHz, 3996 MHz, 184.62 W, 27
2026/10/08 07:03:42.399, 0, 120 MHz, 3996 MHz, 185.23 W, 34
2026/10/08 07:03:42.399, 1, 120 MHz, 3996 MHz, 186.32 W, 36
2026/10/08 07:03:42.399, 2, 2032 MHz, 3996 MHz, 235.21 W, 31
2026/10/08 07:03:42.399, 3, 2032 MHz, 3996 MHz, 236.23 W, 31
2026/10/08 07:03:42.399, 4, 2032 MHz, 3996 MHz, 713.42 W, 49
2026/10/08 07:03:42.399, 5, 2032 MHz, 3996 MHz, 676.96 W, 46
2026/10/08 07:03:42.399, 6, 120 MHz, 3996 MHz, 184.83 W, 28
2026/10/08 07:03:42.399, 7, 120 MHz, 3996 MHz, 184.59 W, 27
2026/10/08 07:03:43.399, 0, 120 MHz, 3996 MHz, 184.97 W, 34
2026/10/08 07:03:43.399, 1, 120 MHz, 3996 MHz, 186.29 W, 36
2026/10/08 07:03:43.399, 2, 2032 MHz, 3996 MHz, 588.76 W, 36
2026/10/08 07:03:43.399, 3, 2032 MHz, 3996 MHz, 235.55 W, 31
2026/10/08 07:03:43.399, 4, 2032 MHz, 3996 MHz, 719.17 W, 49
2026/10/08 07:03:43.399, 5, 2032 MHz, 3996 MHz, 725.67 W, 47
2026/10/08 07:03:43.399, 6, 120 MHz, 3996 MHz, 184.83 W, 28
2026/10/08 07:03:43.399, 7, 120 MHz, 3996 MHz, 184.60 W, 27
2026/10/08 07:03:44.399, 0, 120 MHz, 3996 MHz, 184.85 W, 34
2026/10/08 07:03:44.400, 1, 120 MHz, 3996 MHz, 186.29 W, 36
2026/10/08 07:03:44.400, 2, 2032 MHz, 3996 MHz, 287.64 W, 32
2026/10/08 07:03:44.400, 3, 2032 MHz, 3996 MHz, 556.91 W, 40
2026/10/08 07:03:44.400, 4, 2032 MHz, 3996 MHz, 764.34 W, 50
2026/10/08 07:03:44.400, 5, 2032 MHz, 3996 MHz, 679.58 W, 47
2026/10/08 07:03:44.400, 6, 120 MHz, 3996 MHz, 184.83 W, 28
2026/10/08 07:03:44.400, 7, 120 MHz, 3996 MHz, 184.60 W, 27
2026/10/08 07:03:45.400, 0, 120 MHz, 3996 MHz, 184.84 W, 34
2026/10/08 07:03:45.400, 1, 120 MHz, 3996 MHz, 186.29 W, 36
2026/10/08 07:03:45.400, 2, 2032 MHz, 3996 MHz, 680.24 W, 37
2026/10/08 07:03:45.400, 3, 2032 MHz, 3996 MHz, 276.37 W, 32
2026/10/08 07:03:45.400, 4, 2032 MHz, 3996 MHz, 714.89 W, 50
2026/10/08 07:03:45.400, 5, 2032 MHz, 3996 MHz, 678.99 W, 47
2026/10/08 07:03:45.400, 6, 120 MHz, 3996 MHz, 184.83 W, 28
2026/10/08 07:03:45.400, 7, 120 MHz, 3996 MHz, 184.61 W, 27
2026/10/08 07:03:46.400, 0, 120 MHz, 3996 MHz, 184.96 W, 34
2026/10/08 07:03:46.400, 1, 120 MHz, 3996 MHz, 186.29 W, 36
2026/10/08 07:03:46.400, 2, 2032 MHz, 3996 MHz, 676.38 W, 38
2026/10/08 07:03:46.400, 3, 2032 MHz, 3996 MHz, 636.44 W, 37
2026/10/08 07:03:46.400, 4, 2032 MHz, 3996 MHz, 716.16 W, 50
2026/10/08 07:03:46.400, 5, 2032 MHz, 3996 MHz, 729.61 W, 47
2026/10/08 07:03:46.400, 6, 120 MHz, 3996 MHz, 184.83 W, 28
2026/10/08 07:03:46.400, 7, 120 MHz, 3996 MHz, 184.62 W, 27
2026/10/08 07:03:47.400, 0, 120 MHz, 3996 MHz, 184.85 W, 34
2026/10/08 07:03:47.400, 1, 120 MHz, 3996 MHz, 186.29 W, 36
2026/10/08 07:03:47.400, 2, 2032 MHz, 3996 MHz, 697.64 W, 39
2026/10/08 07:03:47.400, 3, 2032 MHz, 3996 MHz, 652.28 W, 38
2026/10/08 07:03:47.400, 4, 2032 MHz, 3996 MHz, 761.55 W, 50
2026/10/08 07:03:47.400, 5, 2032 MHz, 3996 MHz, 678.76 W, 47
2026/10/08 07:03:47.400, 6, 120 MHz, 3996 MHz, 184.83 W, 28
2026/10/08 07:03:47.400, 7, 120 MHz, 3996 MHz, 184.62 W, 27
2026/10/08 07:03:48.401, 0, 120 MHz, 3996 MHz, 184.81 W, 34
2026/10/08 07:03:48.401, 1, 120 MHz, 3996 MHz, 186.29 W, 36
2026/10/08 07:03:48.401, 2, 2032 MHz, 3996 MHz, 679.41 W, 39
2026/10/08 07:03:48.401, 3, 2032 MHz, 3996 MHz, 680.58 W, 39
2026/10/08 07:03:48.401, 4, 2032 MHz, 3996 MHz, 716.43 W, 50
2026/10/08 07:03:48.401, 5, 2032 MHz, 3996 MHz, 679.40 W, 47
2026/10/08 07:03:48.401, 6, 120 MHz, 3996 MHz, 184.83 W, 28
2026/10/08 07:03:48.401, 7, 120 MHz, 3996 MHz, 184.61 W, 27
2026/10/08 07:03:49.401, 0, 120 MHz, 3996 MHz, 184.66 W, 34
2026/10/08 07:03:49.401, 1, 120 MHz, 3996 MHz, 186.29 W, 36
2026/10/08 07:03:49.401, 2, 1590 MHz, 3996 MHz, 700.41 W, 38
2026/10/08 07:03:49.401, 3, 2032 MHz, 3996 MHz, 657.03 W, 39
2026/10/08 07:03:49.401, 4, 2032 MHz, 3996 MHz, 716.38 W, 50
2026/10/08 07:03:49.401, 5, 2032 MHz, 3996 MHz, 732.66 W, 47
2026/10/08 07:03:49.401, 6, 120 MHz, 3996 MHz, 184.83 W, 28
2026/10/08 07:03:49.401, 7, 120 MHz, 3996 MHz, 184.61 W, 27
2026/10/08 07:03:50.401, 0, 120 MHz, 3996 MHz, 184.73 W, 34
2026/10/08 07:03:50.401, 1, 120 MHz, 3996 MHz, 186.29 W, 36
2026/10/08 07:03:50.401, 2, 2032 MHz, 3996 MHz, 681.13 W, 39
2026/10/08 07:03:50.401, 3, 2032 MHz, 3996 MHz, 656.58 W, 39
2026/10/08 07:03:50.401, 4, 2032 MHz, 3996 MHz, 763.67 W, 50
2026/10/08 07:03:50.401, 5, 2032 MHz, 3996 MHz, 678.31 W, 47
2026/10/08 07:03:50.401, 6, 120 MHz, 3996 MHz, 184.83 W, 28
2026/10/08 07:03:50.401, 7, 120 MHz, 3996 MHz, 184.62 W, 27
2026/10/08 07:03:51.401, 0, 120 MHz, 3996 MHz, 184.70 W, 34
2026/10/08 07:03:51.401, 1, 120 MHz, 3996 MHz, 186.29 W, 36
2026/10/08 07:03:51.401, 2, 2032 MHz, 3996 MHz, 681.54 W, 40
2026/10/08 07:03:51.401, 3, 2032 MHz, 3996 MHz, 675.21 W, 39
2026/10/08 07:03:51.401, 4, 2032 MHz, 3996 MHz, 716.28 W, 50
2026/10/08 07:03:51.401, 5, 2032 MHz, 3996 MHz, 679.46 W, 46
2026/10/08 07:03:51.401, 6, 120 MHz, 3996 MHz, 184.83 W, 28
2026/10/08 07:03:51.401, 7, 120 MHz, 3996 MHz, 184.62 W, 27
2026/10/08 07:03:52.402, 0, 120 MHz, 3996 MHz, 184.96 W, 34
2026/10/08 07:03:52.402, 1, 120 MHz, 3996 MHz, 186.29 W, 36
2026/10/08 07:03:52.402, 2, 2032 MHz, 3996 MHz, 693.94 W, 40
2026/10/08 07:03:52.402, 3, 2032 MHz, 3996 MHz, 654.97 W, 39
2026/10/08 07:03:52.402, 4, 1882 MHz, 3996 MHz, 755.66 W, 52
2026/10/08 07:03:52.402, 5, 2032 MHz, 3996 MHz, 732.81 W, 48
2026/10/08 07:03:52.402, 6, 120 MHz, 3996 MHz, 184.83 W, 29
2026/10/08 07:03:52.402, 7, 120 MHz, 3996 MHz, 184.62 W, 27
2026/10/08 07:03:53.402, 0, 120 MHz, 3996 MHz, 184.89 W, 34
2026/10/08 07:03:53.402, 1, 120 MHz, 3996 MHz, 186.29 W, 36
2026/10/08 07:03:53.402, 2, 2032 MHz, 3996 MHz, 677.97 W, 40
2026/10/08 07:03:53.402, 3, 1777 MHz, 3996 MHz, 678.63 W, 49
2026/10/08 07:03:53.402, 4, 2032 MHz, 3996 MHz, 714.81 W, 50
2026/10/08 07:03:53.402, 5, 2032 MHz, 3996 MHz, 682.38 W, 48
2026/10/08 07:03:53.402, 6, 120 MHz, 3996 MHz, 184.83 W, 29
2026/10/08 07:03:53.402, 7, 120 MHz, 3996 MHz, 184.60 W, 27
2026/10/08 07:03:54.402, 0, 120 MHz, 3996 MHz, 185.11 W, 34
2026/10/08 07:03:54.402, 1, 120 MHz, 3996 MHz, 186.29 W, 36
2026/10/08 07:03:54.402, 2, 1762 MHz, 3996 MHz, 707.43 W, 39
2026/10/08 07:03:54.402, 3, 2032 MHz, 3996 MHz, 654.79 W, 40
2026/10/08 07:03:54.402, 4, 2032 MHz, 3996 MHz, 716.76 W, 50
2026/10/08 07:03:54.402, 5, 1920 MHz, 3996 MHz, 731.58 W, 51
2026/10/08 07:03:54.402, 6, 120 MHz, 3996 MHz, 184.83 W, 29
2026/10/08 07:03:54.402, 7, 120 MHz, 3996 MHz, 184.60 W, 27
2026/10/08 07:03:55.402, 0, 120 MHz, 3996 MHz, 185.32 W, 34
2026/10/08 07:03:55.402, 1, 120 MHz, 3996 MHz, 186.29 W, 36
2026/10/08 07:03:55.402, 2, 2032 MHz, 3996 MHz, 691.80 W, 41
2026/10/08 07:03:55.402, 3, 2032 MHz, 3996 MHz, 658.48 W, 40
2026/10/08 07:03:55.402, 4, 2032 MHz, 3996 MHz, 762.59 W, 51
2026/10/08 07:03:55.402, 5, 2032 MHz, 3996 MHz, 679.66 W, 48
2026/10/08 07:03:55.402, 6, 120 MHz, 3996 MHz, 184.83 W, 29
2026/10/08 07:03:55.402, 7, 120 MHz, 3996 MHz, 184.60 W, 28
2026/10/08 07:03:56.403, 0, 120 MHz, 3996 MHz, 185.05 W, 34
2026/10/08 07:03:56.403, 1, 120 MHz, 3996 MHz, 186.29 W, 36
2026/10/08 07:03:56.403, 2, 2032 MHz, 3996 MHz, 680.27 W, 41
2026/10/08 07:03:56.403, 3, 2032 MHz, 3996 MHz, 676.70 W, 41
2026/10/08 07:03:56.403, 4, 2032 MHz, 3996 MHz, 718.83 W, 51
2026/10/08 07:03:56.403, 5, 2032 MHz, 3996 MHz, 681.52 W, 48
2026/10/08 07:03:56.403, 6, 120 MHz, 3996 MHz, 184.83 W, 29
2026/10/08 07:03:56.403, 7, 120 MHz, 3996 MHz, 184.62 W, 28
2026/10/08 07:03:57.403, 0, 120 MHz, 3996 MHz, 185.19 W, 34
2026/10/08 07:03:57.403, 1, 120 MHz, 3996 MHz, 186.29 W, 36
2026/10/08 07:03:57.403, 2, 2032 MHz, 3996 MHz, 706.22 W, 41
2026/10/08 07:03:57.403, 3, 2032 MHz, 3996 MHz, 663.47 W, 41
2026/10/08 07:03:57.403, 4, 2032 MHz, 3996 MHz, 718.70 W, 51
2026/10/08 07:03:57.403, 5, 2032 MHz, 3996 MHz, 734.65 W, 49
2026/10/08 07:03:57.403, 6, 120 MHz, 3996 MHz, 184.83 W, 29
2026/10/08 07:03:57.403, 7, 120 MHz, 3996 MHz, 184.61 W, 28
2026/10/08 07:03:58.403, 0, 120 MHz, 3996 MHz, 185.19 W, 34
2026/10/08 07:03:58.403, 1, 120 MHz, 3996 MHz, 186.29 W, 36
2026/10/08 07:03:58.403, 2, 2032 MHz, 3996 MHz, 681.19 W, 41
2026/10/08 07:03:58.403, 3, 2032 MHz, 3996 MHz, 657.22 W, 41
2026/10/08 07:03:58.403, 4, 2032 MHz, 3996 MHz, 756.63 W, 51
2026/10/08 07:03:58.403, 5, 2032 MHz, 3996 MHz, 682.28 W, 48
2026/10/08 07:03:58.403, 6, 120 MHz, 3996 MHz, 184.83 W, 29
2026/10/08 07:03:58.403, 7, 120 MHz, 3996 MHz, 184.62 W, 28
2026/10/08 07:03:59.404, 0, 120 MHz, 3996 MHz, 185.21 W, 34
2026/10/08 07:03:59.404, 1, 120 MHz, 3996 MHz, 186.29 W, 36
2026/10/08 07:03:59.404, 2, 2032 MHz, 3996 MHz, 710.78 W, 40
2026/10/08 07:03:59.404, 3, 2032 MHz, 3996 MHz, 686.99 W, 41
2026/10/08 07:03:59.404, 4, 2032 MHz, 3996 MHz, 718.02 W, 51
2026/10/08 07:03:59.404, 5, 2032 MHz, 3996 MHz, 682.18 W, 48
2026/10/08 07:03:59.404, 6, 120 MHz, 3996 MHz, 184.83 W, 29
2026/10/08 07:03:59.404, 7, 120 MHz, 3996 MHz, 184.63 W, 28
2026/10/08 07:04:00.404, 0, 120 MHz, 3996 MHz, 185.48 W, 34
2026/10/08 07:04:00.404, 1, 120 MHz, 3996 MHz, 186.32 W, 37
2026/10/08 07:04:00.404, 2, 2032 MHz, 3996 MHz, 691.56 W, 42
2026/10/08 07:04:00.404, 3, 2032 MHz, 3996 MHz, 657.62 W, 41
2026/10/08 07:04:00.404, 4, 2032 MHz, 3996 MHz, 718.31 W, 51
2026/10/08 07:04:00.404, 5, 2032 MHz, 3996 MHz, 732.16 W, 49
2026/10/08 07:04:00.404, 6, 120 MHz, 3996 MHz, 184.83 W, 29
2026/10/08 07:04:00.404, 7, 120 MHz, 3996 MHz, 184.62 W, 28
2026/10/08 07:04:01.404, 0, 120 MHz, 3996 MHz, 185.55 W, 34
2026/10/08 07:04:01.404, 1, 120 MHz, 3996 MHz, 186.32 W, 37
2026/10/08 07:04:01.404, 2, 2032 MHz, 3996 MHz, 683.85 W, 42
2026/10/08 07:04:01.404, 3, 2032 MHz, 3996 MHz, 685.07 W, 42
2026/10/08 07:04:01.404, 4, 2032 MHz, 3996 MHz, 763.69 W, 51
2026/10/08 07:04:01.404, 5, 2032 MHz, 3996 MHz, 679.57 W, 48
2026/10/08 07:04:01.404, 6, 120 MHz, 3996 MHz, 184.83 W, 29
2026/10/08 07:04:01.404, 7, 120 MHz, 3996 MHz, 184.60 W, 28
2026/10/08 07:04:02.404, 0, 120 MHz, 3996 MHz, 185.65 W, 34
2026/10/08 07:04:02.405, 1, 120 MHz, 3996 MHz, 186.32 W, 37
2026/10/08 07:04:02.405, 2, 2032 MHz, 3996 MHz, 705.31 W, 42
2026/10/08 07:04:02.405, 3, 2032 MHz, 3996 MHz, 658.35 W, 42
2026/10/08 07:04:02.405, 4, 2032 MHz, 3996 MHz, 717.66 W, 51
2026/10/08 07:04:02.405, 5, 2032 MHz, 3996 MHz, 683.27 W, 48
2026/10/08 07:04:02.405, 6, 120 MHz, 3996 MHz, 184.83 W, 29
2026/10/08 07:04:02.405, 7, 120 MHz, 3996 MHz, 184.60 W, 28
2026/10/08 07:04:03.405, 0, 120 MHz, 3996 MHz, 185.75 W, 35
2026/10/08 07:04:03.405, 1, 120 MHz, 3996 MHz, 186.32 W, 37
2026/10/08 07:04:03.405, 2, 2032 MHz, 3996 MHz, 684.04 W, 42
2026/10/08 07:04:03.405, 3, 2032 MHz, 3996 MHz, 660.84 W, 42
2026/10/08 07:04:03.405, 4, 1972 MHz, 3996 MHz, 767.92 W, 54
2026/10/08 07:04:03.405, 5, 2032 MHz, 3996 MHz, 731.66 W, 49
2026/10/08 07:04:03.405, 6, 120 MHz, 3996 MHz, 184.83 W, 29
2026/10/08 07:04:03.405, 7, 120 MHz, 3996 MHz, 184.59 W, 28
2026/10/08 07:04:04.405, 0, 120 MHz, 3996 MHz, 186.22 W, 35
2026/10/08 07:04:04.405, 1, 120 MHz, 3996 MHz, 186.44 W, 37
2026/10/08 07:04:04.405, 2, 1417 MHz, 3996 MHz, 706.87 W, 49
2026/10/08 07:04:04.405, 3, 2032 MHz, 3996 MHz, 682.34 W, 42
2026/10/08 07:04:04.405, 4, 2032 MHz, 3996 MHz, 718.57 W, 52
2026/10/08 07:04:04.405, 5, 2032 MHz, 3996 MHz, 680.67 W, 49
2026/10/08 07:04:04.405, 6, 120 MHz, 3996 MHz, 184.83 W, 29
2026/10/08 07:04:04.405, 7, 120 MHz, 3996 MHz, 184.60 W, 28
2026/10/08 07:04:05.405, 0, 120 MHz, 3996 MHz, 186.14 W, 35
2026/10/08 07:04:05.405, 1, 120 MHz, 3996 MHz, 186.56 W, 37
2026/10/08 07:04:05.405, 2, 2032 MHz, 3996 MHz, 676.62 W, 43
2026/10/08 07:04:05.405, 3, 2032 MHz, 3996 MHz, 658.17 W, 42
2026/10/08 07:04:05.405, 4, 2032 MHz, 3996 MHz, 721.00 W, 52
2026/10/08 07:04:05.405, 5, 2032 MHz, 3996 MHz, 681.20 W, 49
2026/10/08 07:04:05.405, 6, 120 MHz, 3996 MHz, 184.83 W, 29
2026/10/08 07:04:05.405, 7, 120 MHz, 3996 MHz, 184.60 W, 28
2026/10/08 07:04:06.405, 0, 120 MHz, 3996 MHz, 186.18 W, 35
2026/10/08 07:04:06.405, 1, 120 MHz, 3996 MHz, 186.60 W, 37
2026/10/08 07:04:06.406, 2, 2032 MHz, 3996 MHz, 682.88 W, 43
2026/10/08 07:04:06.406, 3, 1905 MHz, 3996 MHz, 686.63 W, 45
2026/10/08 07:04:06.406, 4, 2032 MHz, 3996 MHz, 766.82 W, 52
2026/10/08 07:04:06.406, 5, 2032 MHz, 3996 MHz, 728.51 W, 49
2026/10/08 07:04:06.406, 6, 120 MHz, 3996 MHz, 184.83 W, 29
2026/10/08 07:04:06.406, 7, 120 MHz, 3996 MHz, 184.62 W, 28
2026/10/08 07:04:07.406, 0, 120 MHz, 3996 MHz, 186.26 W, 35
2026/10/08 07:04:07.406, 1, 120 MHz, 3996 MHz, 186.71 W, 37
2026/10/08 07:04:07.406, 2, 2032 MHz, 3996 MHz, 703.19 W, 43
2026/10/08 07:04:07.406, 3, 2032 MHz, 3996 MHz, 658.99 W, 43
2026/10/08 07:04:07.406, 4, 2032 MHz, 3996 MHz, 718.62 W, 52
2026/10/08 07:04:07.406, 5, 2032 MHz, 3996 MHz, 681.11 W, 49
2026/10/08 07:04:07.406, 6, 120 MHz, 3996 MHz, 184.83 W, 29
2026/10/08 07:04:07.406, 7, 120 MHz, 3996 MHz, 184.61 W, 28
2026/10/08 07:04:08.406, 0, 120 MHz, 3996 MHz, 186.14 W, 35
2026/10/08 07:04:08.406, 1, 120 MHz, 3996 MHz, 187.47 W, 37
2026/10/08 07:04:08.406, 2, 2032 MHz, 3996 MHz, 686.10 W, 43
2026/10/08 07:04:08.406, 3, 2032 MHz, 3996 MHz, 662.89 W, 43
2026/10/08 07:04:08.406, 4, 2032 MHz, 3996 MHz, 720.65 W, 52
2026/10/08 07:04:08.406, 5, 2032 MHz, 3996 MHz, 681.46 W, 49
2026/10/08 07:04:08.406, 6, 120 MHz, 3996 MHz, 184.83 W, 29
2026/10/08 07:04:08.406, 7, 120 MHz, 3996 MHz, 184.60 W, 28
2026/10/08 07:04:09.406, 0, 120 MHz, 3996 MHz, 186.33 W, 35
2026/10/08 07:04:09.406, 1, 120 MHz, 3996 MHz, 188.15 W, 37
2026/10/08 07:04:09.406, 2, 1440 MHz, 3996 MHz, 715.36 W, 48
2026/10/08 07:04:09.406, 3, 2032 MHz, 3996 MHz, 692.58 W, 43
2026/10/08 07:04:09.406, 4, 2032 MHz, 3996 MHz, 376.34 W, 46
2026/10/08 07:04:09.406, 5, 2032 MHz, 3996 MHz, 727.84 W, 49
2026/10/08 07:04:09.406, 6, 120 MHz, 3996 MHz, 184.83 W, 29
2026/10/08 07:04:09.406, 7, 120 MHz, 3996 MHz, 184.59 W, 28
2026/10/08 07:04:10.407, 0, 120 MHz, 3996 MHz, 186.33 W, 35
2026/10/08 07:04:10.407, 1, 120 MHz, 3996 MHz, 188.23 W, 37
2026/10/08 07:04:10.407, 2, 2032 MHz, 3996 MHz, 680.54 W, 43
2026/10/08 07:04:10.407, 3, 2032 MHz, 3996 MHz, 662.21 W, 43
2026/10/08 07:04:10.407, 4, 2032 MHz, 3996 MHz, 262.93 W, 45
2026/10/08 07:04:10.407, 5, 2032 MHz, 3996 MHz, 683.39 W, 49
2026/10/08 07:04:10.407, 6, 120 MHz, 3996 MHz, 184.83 W, 29
2026/10/08 07:04:10.407, 7, 120 MHz, 3996 MHz, 184.60 W, 28
2026/10/08 07:04:11.407, 0, 120 MHz, 3996 MHz, 186.41 W, 35
2026/10/08 07:04:11.407, 1, 120 MHz, 3996 MHz, 188.23 W, 37
2026/10/08 07:04:11.407, 2, 2032 MHz, 3996 MHz, 684.27 W, 43
2026/10/08 07:04:11.407, 3, 2032 MHz, 3996 MHz, 661.67 W, 43
2026/10/08 07:04:11.407, 4, 2032 MHz, 3996 MHz, 250.44 W, 45
2026/10/08 07:04:11.407, 5, 2032 MHz, 3996 MHz, 658.94 W, 48
2026/10/08 07:04:11.407, 6, 120 MHz, 3996 MHz, 184.83 W, 29
2026/10/08 07:04:11.407, 7, 120 MHz, 3996 MHz, 184.60 W, 28
2026/10/08 07:04:12.407, 0, 120 MHz, 3996 MHz, 186.41 W, 35
2026/10/08 07:04:12.407, 1, 120 MHz, 3996 MHz, 188.23 W, 37
2026/10/08 07:04:12.407, 2, 2032 MHz, 3996 MHz, 705.66 W, 44
2026/10/08 07:04:12.407, 3, 2032 MHz, 3996 MHz, 690.10 W, 43
2026/10/08 07:04:12.407, 4, 2032 MHz, 3996 MHz, 250.19 W, 44
2026/10/08 07:04:12.407, 5, 2032 MHz, 3996 MHz, 244.70 W, 43
2026/10/08 07:04:12.407, 6, 120 MHz, 3996 MHz, 184.83 W, 30
2026/10/08 07:04:12.407, 7, 120 MHz, 3996 MHz, 184.59 W, 28
2026/10/08 07:04:13.408, 0, 120 MHz, 3996 MHz, 186.41 W, 35
2026/10/08 07:04:13.408, 1, 120 MHz, 3996 MHz, 188.23 W, 37
2026/10/08 07:04:13.408, 2, 2032 MHz, 3996 MHz, 683.59 W, 44
2026/10/08 07:04:13.408, 3, 2032 MHz, 3996 MHz, 665.26 W, 43
2026/10/08 07:04:13.408, 4, 2032 MHz, 3996 MHz, 250.11 W, 44
2026/10/08 07:04:13.408, 5, 2032 MHz, 3996 MHz, 253.73 W, 43
2026/10/08 07:04:13.408, 6, 120 MHz, 3996 MHz, 184.83 W, 30
2026/10/08 07:04:13.408, 7, 120 MHz, 3996 MHz, 184.59 W, 28
2026/10/08 07:04:14.408, 0, 120 MHz, 3996 MHz, 186.41 W, 35
2026/10/08 07:04:14.408, 1, 120 MHz, 3996 MHz, 188.23 W, 37
2026/10/08 07:04:14.408, 2, 1470 MHz, 3996 MHz, 713.11 W, 48
2026/10/08 07:04:14.408, 3, 2032 MHz, 3996 MHz, 687.29 W, 44
2026/10/08 07:04:14.408, 4, 2032 MHz, 3996 MHz, 250.16 W, 44
2026/10/08 07:04:14.408, 5, 2032 MHz, 3996 MHz, 242.13 W, 42
2026/10/08 07:04:14.408, 6, 120 MHz, 3996 MHz, 184.83 W, 30
2026/10/08 07:04:14.408, 7, 120 MHz, 3996 MHz, 184.60 W, 28
2026/10/08 07:04:15.408, 0, 120 MHz, 3996 MHz, 186.41 W, 35
2026/10/08 07:04:15.408, 1, 120 MHz, 3996 MHz, 188.23 W, 38
2026/10/08 07:04:15.408, 2, 2032 MHz, 3996 MHz, 683.55 W, 44
2026/10/08 07:04:15.408, 3, 2032 MHz, 3996 MHz, 663.99 W, 44
2026/10/08 07:04:15.408, 4, 2032 MHz, 3996 MHz, 250.08 W, 44
2026/10/08 07:04:15.408, 5, 2032 MHz, 3996 MHz, 241.85 W, 42
2026/10/08 07:04:15.408, 6, 120 MHz, 3996 MHz, 184.83 W, 30
2026/10/08 07:04:15.408, 7, 120 MHz, 3996 MHz, 184.60 W, 29
2026/10/08 07:04:16.408, 0, 120 MHz, 3996 MHz, 186.41 W, 35
2026/10/08 07:04:16.409, 1, 120 MHz, 3996 MHz, 188.23 W, 38
2026/10/08 07:04:16.409, 2, 2032 MHz, 3996 MHz, 688.62 W, 44
2026/10/08 07:04:16.409, 3, 2032 MHz, 3996 MHz, 664.11 W, 44
2026/10/08 07:04:16.409, 4, 2032 MHz, 3996 MHz, 249.32 W, 43
2026/10/08 07:04:16.409, 5, 2032 MHz, 3996 MHz, 242.09 W, 42
2026/10/08 07:04:16.409, 6, 120 MHz, 3996 MHz, 184.83 W, 30
2026/10/08 07:04:16.409, 7, 120 MHz, 3996 MHz, 184.59 W, 29
2026/10/08 07:04:17.409, 0, 120 MHz, 3996 MHz, 186.41 W, 36
2026/10/08 07:04:17.409, 1, 120 MHz, 3996 MHz, 188.23 W, 38
2026/10/08 07:04:17.409, 2, 2032 MHz, 3996 MHz, 700.96 W, 45
2026/10/08 07:04:17.409, 3, 2032 MHz, 3996 MHz, 691.92 W, 44
2026/10/08 07:04:17.409, 4, 367 MHz, 3996 MHz, 227.24 W, 42
2026/10/08 07:04:17.409, 5, 2032 MHz, 3996 MHz, 241.76 W, 42
2026/10/08 07:04:17.409, 6, 120 MHz, 3996 MHz, 184.83 W, 30
2026/10/08 07:04:17.409, 7, 120 MHz, 3996 MHz, 184.60 W, 29
2026/10/08 07:04:18.409, 0, 120 MHz, 3996 MHz, 186.41 W, 36
2026/10/08 07:04:18.409, 1, 120 MHz, 3996 MHz, 188.23 W, 38
2026/10/08 07:04:18.409, 2, 2032 MHz, 3996 MHz, 688.65 W, 45
2026/10/08 07:04:18.409, 3, 2032 MHz, 3996 MHz, 664.11 W, 44
2026/10/08 07:04:18.409, 4, 232 MHz, 3996 MHz, 189.13 W, 42
2026/10/08 07:04:18.409, 5, 2032 MHz, 3996 MHz, 241.70 W, 41
2026/10/08 07:04:18.409, 6, 120 MHz, 3996 MHz, 184.83 W, 30
2026/10/08 07:04:18.409, 7, 120 MHz, 3996 MHz, 184.59 W, 29
2026/10/08 07:04:19.410, 0, 120 MHz, 3996 MHz, 186.41 W, 36
2026/10/08 07:04:19.410, 1, 120 MHz, 3996 MHz, 188.23 W, 38
2026/10/08 07:04:19.410, 2, 1702 MHz, 3996 MHz, 709.26 W, 53
2026/10/08 07:04:19.410, 3, 2017 MHz, 3996 MHz, 679.03 W, 45
2026/10/08 07:04:19.410, 4, 150 MHz, 3996 MHz, 188.25 W, 42
2026/10/08 07:04:19.410, 5, 2032 MHz, 3996 MHz, 241.09 W, 41
2026/10/08 07:04:19.410, 6, 120 MHz, 3996 MHz, 184.83 W, 30
2026/10/08 07:04:19.410, 7, 120 MHz, 3996 MHz, 184.59 W, 29
2026/10/08 07:04:20.410, 0, 120 MHz, 3996 MHz, 186.41 W, 36
2026/10/08 07:04:20.410, 1, 120 MHz, 3996 MHz, 188.23 W, 38
2026/10/08 07:04:20.410, 2, 2032 MHz, 3996 MHz, 683.39 W, 45
2026/10/08 07:04:20.410, 3, 2032 MHz, 3996 MHz, 664.01 W, 44
2026/10/08 07:04:20.410, 4, 120 MHz, 3996 MHz, 187.49 W, 41
2026/10/08 07:04:20.410, 5, 345 MHz, 3996 MHz, 208.96 W, 40
2026/10/08 07:04:20.410, 6, 120 MHz, 3996 MHz, 184.83 W, 30
2026/10/08 07:04:20.410, 7, 120 MHz, 3996 MHz, 184.59 W, 29
2026/10/08 07:04:21.410, 0, 120 MHz, 3996 MHz, 186.41 W, 36
2026/10/08 07:04:21.410, 1, 120 MHz, 3996 MHz, 188.23 W, 38
2026/10/08 07:04:21.410, 2, 2032 MHz, 3996 MHz, 685.21 W, 45
2026/10/08 07:04:21.410, 3, 2032 MHz, 3996 MHz, 663.84 W, 45
2026/10/08 07:04:21.410, 4, 120 MHz, 3996 MHz, 186.49 W, 41
2026/10/08 07:04:21.410, 5, 217 MHz, 3996 MHz, 186.53 W, 40
2026/10/08 07:04:21.410, 6, 120 MHz, 3996 MHz, 184.83 W, 30
2026/10/08 07:04:21.410, 7, 120 MHz, 3996 MHz, 184.59 W, 29
2026/10/08 07:04:22.411, 0, 120 MHz, 3996 MHz, 186.41 W, 36
2026/10/08 07:04:22.411, 1, 120 MHz, 3996 MHz, 188.23 W, 38
2026/10/08 07:04:22.411, 2, 2032 MHz, 3996 MHz, 710.04 W, 45
2026/10/08 07:04:22.411, 3, 2032 MHz, 3996 MHz, 685.78 W, 45
2026/10/08 07:04:22.411, 4, 120 MHz, 3996 MHz, 186.54 W, 41
2026/10/08 07:04:22.411, 5, 142 MHz, 3996 MHz, 185.68 W, 40
2026/10/08 07:04:22.411, 6, 120 MHz, 3996 MHz, 184.83 W, 30
2026/10/08 07:04:22.411, 7, 120 MHz, 3996 MHz, 184.60 W, 29
2026/10/08 07:04:23.411, 0, 2032 MHz, 3996 MHz, 199.58 W, 37
2026/10/08 07:04:23.411, 1, 120 MHz, 3996 MHz, 188.20 W, 38
2026/10/08 07:04:23.411, 2, 2032 MHz, 3996 MHz, 687.36 W, 45
2026/10/08 07:04:23.411, 3, 2032 MHz, 3996 MHz, 667.85 W, 45
2026/10/08 07:04:23.411, 4, 120 MHz, 3996 MHz, 186.52 W, 41
2026/10/08 07:04:23.411, 5, 120 MHz, 3996 MHz, 185.09 W, 39
2026/10/08 07:04:23.411, 6, 120 MHz, 3996 MHz, 184.83 W, 30
2026/10/08 07:04:23.411, 7, 120 MHz, 3996 MHz, 184.60 W, 29
2026/10/08 07:04:24.411, 0, 2032 MHz, 3996 MHz, 244.38 W, 37
2026/10/08 07:04:24.411, 1, 120 MHz, 3996 MHz, 188.10 W, 38
2026/10/08 07:04:24.411, 2, 1725 MHz, 3996 MHz, 709.31 W, 54
2026/10/08 07:04:24.411, 3, 2032 MHz, 3996 MHz, 665.48 W, 45
2026/10/08 07:04:24.412, 4, 120 MHz, 3996 MHz, 186.52 W, 41
2026/10/08 07:04:24.412, 5, 120 MHz, 3996 MHz, 184.79 W, 39
2026/10/08 07:04:24.412, 6, 120 MHz, 3996 MHz, 184.83 W, 30
2026/10/08 07:04:24.412, 7, 120 MHz, 3996 MHz, 184.60 W, 29
2026/10/08 07:04:25.412, 0, 2032 MHz, 3996 MHz, 244.49 W, 38
2026/10/08 07:04:25.412, 1, 120 MHz, 3996 MHz, 188.10 W, 38
2026/10/08 07:04:25.412, 2, 2032 MHz, 3996 MHz, 683.43 W, 45
2026/10/08 07:04:25.412, 3, 2032 MHz, 3996 MHz, 690.67 W, 45
2026/10/08 07:04:25.412, 4, 120 MHz, 3996 MHz, 186.51 W, 41
2026/10/08 07:04:25.412, 5, 120 MHz, 3996 MHz, 184.92 W, 39
2026/10/08 07:04:25.412, 6, 120 MHz, 3996 MHz, 184.83 W, 30
2026/10/08 07:04:25.412, 7, 120 MHz, 3996 MHz, 184.60 W, 29
2026/10/08 07:04:26.412, 0, 2032 MHz, 3996 MHz, 245.37 W, 38
2026/10/08 07:04:26.412, 1, 120 MHz, 3996 MHz, 188.10 W, 38
2026/10/08 07:04:26.412, 2, 2032 MHz, 3996 MHz, 690.61 W, 46
2026/10/08 07:04:26.412, 3, 2032 MHz, 3996 MHz, 663.17 W, 45
2026/10/08 07:04:26.412, 4, 120 MHz, 3996 MHz, 186.52 W, 40
2026/10/08 07:04:26.412, 5, 120 MHz, 3996 MHz, 184.86 W, 39
2026/10/08 07:04:26.412, 6, 120 MHz, 3996 MHz, 184.83 W, 30
2026/10/08 07:04:26.412, 7, 120 MHz, 3996 MHz, 184.59 W, 29
2026/10/08 07:04:27.412, 0, 2032 MHz, 3996 MHz, 506.05 W, 44
2026/10/08 07:04:27.413, 1, 120 MHz, 3996 MHz, 188.28 W, 39
2026/10/08 07:04:27.413, 2, 2032 MHz, 3996 MHz, 713.58 W, 46
2026/10/08 07:04:27.413, 3, 2032 MHz, 3996 MHz, 684.01 W, 46
2026/10/08 07:04:27.413, 4, 120 MHz, 3996 MHz, 186.52 W, 40
2026/10/08 07:04:27.413, 5, 120 MHz, 3996 MHz, 184.75 W, 39
2026/10/08 07:04:27.413, 6, 120 MHz, 3996 MHz, 184.83 W, 30
2026/10/08 07:04:27.413, 7, 120 MHz, 3996 MHz, 184.59 W, 29
2026/10/08 07:04:28.413, 0, 2032 MHz, 3996 MHz, 645.94 W, 42
2026/10/08 07:04:28.413, 1, 120 MHz, 3996 MHz, 188.43 W, 39
2026/10/08 07:04:28.413, 2, 2032 MHz, 3996 MHz, 688.54 W, 46
2026/10/08 07:04:28.413, 3, 2032 MHz, 3996 MHz, 667.62 W, 45
2026/10/08 07:04:28.413, 4, 120 MHz, 3996 MHz, 186.51 W, 40
2026/10/08 07:04:28.413, 5, 120 MHz, 3996 MHz, 184.75 W, 39
2026/10/08 07:04:28.413, 6, 120 MHz, 3996 MHz, 184.83 W, 30
2026/10/08 07:04:28.413, 7, 120 MHz, 3996 MHz, 184.63 W, 29
2026/10/08 07:04:29.413, 0, 2032 MHz, 3996 MHz, 246.15 W, 39
2026/10/08 07:04:29.413, 1, 120 MHz, 3996 MHz, 188.10 W, 39
2026/10/08 07:04:29.413, 2, 1897 MHz, 3996 MHz, 708.38 W, 55
2026/10/08 07:04:29.413, 3, 2032 MHz, 3996 MHz, 663.49 W, 45
2026/10/08 07:04:29.413, 4, 120 MHz, 3996 MHz, 186.53 W, 40
2026/10/08 07:04:29.413, 5, 120 MHz, 3996 MHz, 184.68 W, 39
2026/10/08 07:04:29.413, 6, 120 MHz, 3996 MHz, 184.83 W, 30
2026/10/08 07:04:29.413, 7, 120 MHz, 3996 MHz, 184.61 W, 29
2026/10/08 07:04:30.413, 0, 2032 MHz, 3996 MHz, 245.07 W, 39
2026/10/08 07:04:30.414, 1, 120 MHz, 3996 MHz, 188.10 W, 39
2026/10/08 07:04:30.414, 2, 2032 MHz, 3996 MHz, 686.34 W, 46
2026/10/08 07:04:30.414, 3, 2032 MHz, 3996 MHz, 693.42 W, 46
2026/10/08 07:04:30.414, 4, 120 MHz, 3996 MHz, 186.52 W, 40
2026/10/08 07:04:30.414, 5, 120 MHz, 3996 MHz, 184.62 W, 38
2026/10/08 07:04:30.414, 6, 120 MHz, 3996 MHz, 184.83 W, 30
2026/10/08 07:04:30.414, 7, 120 MHz, 3996 MHz, 184.69 W, 29
2026/10/08 07:04:31.414, 0, 2032 MHz, 3996 MHz, 244.49 W, 39
2026/10/08 07:04:31.414, 1, 120 MHz, 3996 MHz, 188.10 W, 39
2026/10/08 07:04:31.414, 2, 2032 MHz, 3996 MHz, 689.22 W, 46
2026/10/08 07:04:31.414, 3, 2032 MHz, 3996 MHz, 666.49 W, 46
2026/10/08 07:04:31.414, 4, 120 MHz, 3996 MHz, 186.53 W, 40
2026/10/08 07:04:31.414, 5, 120 MHz, 3996 MHz, 184.70 W, 38
2026/10/08 07:04:31.414, 6, 120 MHz, 3996 MHz, 184.83 W, 30
2026/10/08 07:04:31.414, 7, 120 MHz, 3996 MHz, 184.60 W, 29
2026/10/08 07:04:32.414, 0, 285 MHz, 3996 MHz, 191.77 W, 38
2026/10/08 07:04:32.414, 1, 120 MHz, 3996 MHz, 188.23 W, 39
2026/10/08 07:04:32.414, 2, 2032 MHz, 3996 MHz, 705.16 W, 46
2026/10/08 07:04:32.414, 3, 2017 MHz, 3996 MHz, 687.90 W, 47
2026/10/08 07:04:32.414, 4, 120 MHz, 3996 MHz, 186.52 W, 40
2026/10/08 07:04:32.414, 5, 120 MHz, 3996 MHz, 184.66 W, 38
2026/10/08 07:04:32.414, 6, 120 MHz, 3996 MHz, 184.83 W, 30
2026/10/08 07:04:32.414, 7, 120 MHz, 3996 MHz, 184.68 W, 29
2026/10/08 07:04:33.414, 0, 180 MHz, 3996 MHz, 188.39 W, 38
2026/10/08 07:04:33.414, 1, 120 MHz, 3996 MHz, 188.23 W, 39
2026/10/08 07:04:33.414, 2, 2032 MHz, 3996 MHz, 690.59 W, 46
2026/10/08 07:04:33.414, 3, 2032 MHz, 3996 MHz, 663.93 W, 46
2026/10/08 07:04:33.414, 4, 120 MHz, 3996 MHz, 186.52 W, 40
2026/10/08 07:04:33.415, 5, 120 MHz, 3996 MHz, 184.62 W, 38
2026/10/08 07:04:33.415, 6, 120 MHz, 3996 MHz, 184.83 W, 31
2026/10/08 07:04:33.415, 7, 120 MHz, 3996 MHz, 184.72 W, 29
2026/10/08 07:04:34.415, 0, 120 MHz, 3996 MHz, 188.35 W, 38
2026/10/08 07:04:34.415, 1, 120 MHz, 3996 MHz, 188.23 W, 39
2026/10/08 07:04:34.415, 2, 1935 MHz, 3996 MHz, 709.58 W, 52
2026/10/08 07:04:34.415, 3, 2032 MHz, 3996 MHz, 666.54 W, 46
2026/10/08 07:04:34.415, 4, 120 MHz, 3996 MHz, 186.52 W, 40
2026/10/08 07:04:34.415, 5, 120 MHz, 3996 MHz, 184.62 W, 38
2026/10/08 07:04:34.415, 6, 120 MHz, 3996 MHz, 184.83 W, 31
2026/10/08 07:04:34.415, 7, 120 MHz, 3996 MHz, 184.83 W, 30
2026/10/08 07:04:35.415, 0, 120 MHz, 3996 MHz, 188.35 W, 38
2026/10/08 07:04:35.415, 1, 120 MHz, 3996 MHz, 188.23 W, 39
2026/10/08 07:04:35.415, 2, 2032 MHz, 3996 MHz, 687.88 W, 47
2026/10/08 07:04:35.415, 3, 2032 MHz, 3996 MHz, 687.58 W, 46
2026/10/08 07:04:35.415, 4, 120 MHz, 3996 MHz, 186.53 W, 40
2026/10/08 07:04:35.415, 5, 120 MHz, 3996 MHz, 184.65 W, 38
2026/10/08 07:04:35.415, 6, 120 MHz, 3996 MHz, 184.83 W, 31
2026/10/08 07:04:35.415, 7, 120 MHz, 3996 MHz, 185.24 W, 30
2026/10/08 07:04:36.415, 0, 120 MHz, 3996 MHz, 188.35 W, 38
2026/10/08 07:04:36.415, 1, 120 MHz, 3996 MHz, 188.23 W, 39
2026/10/08 07:04:36.415, 2, 2032 MHz, 3996 MHz, 694.12 W, 47
2026/10/08 07:04:36.415, 3, 2032 MHz, 3996 MHz, 666.13 W, 46
2026/10/08 07:04:36.415, 4, 120 MHz, 3996 MHz, 186.53 W, 40
2026/10/08 07:04:36.415, 5, 120 MHz, 3996 MHz, 184.67 W, 38
2026/10/08 07:04:36.415, 6, 120 MHz, 3996 MHz, 184.83 W, 31
2026/10/08 07:04:36.415, 7, 120 MHz, 3996 MHz, 184.95 W, 30
2026/10/08 07:04:37.416, 0, 120 MHz, 3996 MHz, 188.35 W, 38
2026/10/08 07:04:37.416, 1, 120 MHz, 3996 MHz, 188.23 W, 39
2026/10/08 07:04:37.416, 2, 2032 MHz, 3996 MHz, 715.72 W, 47
2026/10/08 07:04:37.416, 3, 2032 MHz, 3996 MHz, 662.67 W, 46
2026/10/08 07:04:37.416, 4, 120 MHz, 3996 MHz, 186.53 W, 39
2026/10/08 07:04:37.416, 5, 120 MHz, 3996 MHz, 184.58 W, 38
2026/10/08 07:04:37.416, 6, 120 MHz, 3996 MHz, 184.83 W, 31
2026/10/08 07:04:37.416, 7, 120 MHz, 3996 MHz, 185.36 W, 30
2026/10/08 07:04:38.416, 0, 120 MHz, 3996 MHz, 188.35 W, 38
2026/10/08 07:04:38.416, 1, 120 MHz, 3996 MHz, 188.23 W, 40
2026/10/08 07:04:38.416, 2, 2032 MHz, 3996 MHz, 689.24 W, 47
2026/10/08 07:04:38.416, 3, 2032 MHz, 3996 MHz, 689.65 W, 47
2026/10/08 07:04:38.416, 4, 120 MHz, 3996 MHz, 186.53 W, 39
2026/10/08 07:04:38.416, 5, 120 MHz, 3996 MHz, 184.58 W, 38
2026/10/08 07:04:38.416, 6, 120 MHz, 3996 MHz, 184.87 W, 31
2026/10/08 07:04:38.416, 7, 120 MHz, 3996 MHz, 185.18 W, 30
2026/10/08 07:04:39.416, 0, 120 MHz, 3996 MHz, 188.35 W, 38
2026/10/08 07:04:39.416, 1, 120 MHz, 3996 MHz, 188.23 W, 40
2026/10/08 07:04:39.416, 2, 2017 MHz, 3996 MHz, 720.23 W, 49
2026/10/08 07:04:39.416, 3, 2032 MHz, 3996 MHz, 666.18 W, 47
2026/10/08 07:04:39.416, 4, 120 MHz, 3996 MHz, 186.53 W, 39
2026/10/08 07:04:39.416, 5, 120 MHz, 3996 MHz, 184.32 W, 38
2026/10/08 07:04:39.416, 6, 120 MHz, 3996 MHz, 184.95 W, 31
2026/10/08 07:04:39.416, 7, 120 MHz, 3996 MHz, 185.68 W, 30
2026/10/08 07:04:40.417, 0, 120 MHz, 3996 MHz, 188.35 W, 38
2026/10/08 07:04:40.417, 1, 120 MHz, 3996 MHz, 188.23 W, 40
2026/10/08 07:04:40.417, 2, 2032 MHz, 3996 MHz, 690.75 W, 47
2026/10/08 07:04:40.417, 3, 2032 MHz, 3996 MHz, 691.26 W, 47
2026/10/08 07:04:40.417, 4, 120 MHz, 3996 MHz, 186.53 W, 39
2026/10/08 07:04:40.417, 5, 120 MHz, 3996 MHz, 184.51 W, 38
2026/10/08 07:04:40.417, 6, 120 MHz, 3996 MHz, 185.03 W, 31
2026/10/08 07:04:40.417, 7, 120 MHz, 3996 MHz, 185.53 W, 30
2026/10/08 07:04:41.417, 0, 120 MHz, 3996 MHz, 188.35 W, 38
2026/10/08 07:04:41.417, 1, 120 MHz, 3996 MHz, 188.26 W, 40
2026/10/08 07:04:41.417, 2, 2032 MHz, 3996 MHz, 694.37 W, 47
2026/10/08 07:04:41.417, 3, 2032 MHz, 3996 MHz, 665.20 W, 47
2026/10/08 07:04:41.417, 4, 120 MHz, 3996 MHz, 186.53 W, 39
2026/10/08 07:04:41.417, 5, 120 MHz, 3996 MHz, 184.62 W, 38
2026/10/08 07:04:41.417, 6, 120 MHz, 3996 MHz, 185.14 W, 31
2026/10/08 07:04:41.417, 7, 120 MHz, 3996 MHz, 185.74 W, 30
2026/10/08 07:04:42.417, 0, 120 MHz, 3996 MHz, 188.35 W, 38
2026/10/08 07:04:42.417, 1, 120 MHz, 3996 MHz, 188.23 W, 40
2026/10/08 07:04:42.417, 2, 2032 MHz, 3996 MHz, 709.50 W, 47
2026/10/08 07:04:42.417, 3, 2032 MHz, 3996 MHz, 668.34 W, 47
2026/10/08 07:04:42.417, 4, 120 MHz, 3996 MHz, 186.53 W, 39
2026/10/08 07:04:42.417, 5, 120 MHz, 3996 MHz, 184.62 W, 38
2026/10/08 07:04:42.417, 6, 120 MHz, 3996 MHz, 185.14 W, 31
2026/10/08 07:04:42.417, 7, 120 MHz, 3996 MHz, 185.93 W, 30
2026/10/08 07:04:43.417, 0, 120 MHz, 3996 MHz, 188.35 W, 38
2026/10/08 07:04:43.417, 1, 120 MHz, 3996 MHz, 188.26 W, 40
2026/10/08 07:04:43.417, 2, 2032 MHz, 3996 MHz, 693.92 W, 47
2026/10/08 07:04:43.417, 3, 2032 MHz, 3996 MHz, 686.03 W, 47
2026/10/08 07:04:43.417, 4, 120 MHz, 3996 MHz, 186.53 W, 39
2026/10/08 07:04:43.417, 5, 120 MHz, 3996 MHz, 184.60 W, 37
2026/10/08 07:04:43.418, 6, 120 MHz, 3996 MHz, 185.18 W, 31
2026/10/08 07:04:43.418, 7, 120 MHz, 3996 MHz, 185.89 W, 30
2026/10/08 07:04:44.418, 0, 120 MHz, 3996 MHz, 188.35 W, 38
2026/10/08 07:04:44.418, 1, 120 MHz, 3996 MHz, 188.34 W, 40
2026/10/08 07:04:44.418, 2, 2032 MHz, 3996 MHz, 717.31 W, 48
2026/10/08 07:04:44.418, 3, 2032 MHz, 3996 MHz, 665.92 W, 47
2026/10/08 07:04:44.418, 4, 120 MHz, 3996 MHz, 186.53 W, 39
2026/10/08 07:04:44.418, 5, 120 MHz, 3996 MHz, 184.64 W, 37
2026/10/08 07:04:44.418, 6, 120 MHz, 3996 MHz, 185.22 W, 31
2026/10/08 07:04:44.418, 7, 120 MHz, 3996 MHz, 186.11 W, 30
2026/10/08 07:04:45.418, 0, 120 MHz, 3996 MHz, 188.35 W, 38
2026/10/08 07:04:45.418, 1, 120 MHz, 3996 MHz, 188.69 W, 40
2026/10/08 07:04:45.418, 2, 2032 MHz, 3996 MHz, 691.30 W, 48
2026/10/08 07:04:45.418, 3, 2032 MHz, 3996 MHz, 690.12 W, 48
2026/10/08 07:04:45.418, 4, 120 MHz, 3996 MHz, 186.53 W, 39
2026/10/08 07:04:45.418, 5, 120 MHz, 3996 MHz, 184.63 W, 37
2026/10/08 07:04:45.418, 6, 120 MHz, 3996 MHz, 185.46 W, 31
2026/10/08 07:04:45.418, 7, 120 MHz, 3996 MHz, 186.19 W, 30
2026/10/08 07:04:46.418, 0, 120 MHz, 3996 MHz, 188.35 W, 39
2026/10/08 07:04:46.418, 1, 120 MHz, 3996 MHz, 188.73 W, 40
2026/10/08 07:04:46.418, 2, 2032 MHz, 3996 MHz, 692.25 W, 48
2026/10/08 07:04:46.418, 3, 2032 MHz, 3996 MHz, 667.52 W, 47
2026/10/08 07:04:46.418, 4, 120 MHz, 3996 MHz, 186.53 W, 39
2026/10/08 07:04:46.418, 5, 120 MHz, 3996 MHz, 184.64 W, 37
2026/10/08 07:04:46.418, 6, 120 MHz, 3996 MHz, 185.42 W, 31
2026/10/08 07:04:46.418, 7, 120 MHz, 3996 MHz, 186.27 W, 30
2026/10/08 07:04:47.419, 0, 120 MHz, 3996 MHz, 188.35 W, 39
2026/10/08 07:04:47.419, 1, 120 MHz, 3996 MHz, 189.03 W, 40
2026/10/08 07:04:47.419, 2, 2032 MHz, 3996 MHz, 710.13 W, 48
2026/10/08 07:04:47.419, 3, 2032 MHz, 3996 MHz, 668.63 W, 47
2026/10/08 07:04:47.419, 4, 120 MHz, 3996 MHz, 186.53 W, 39
2026/10/08 07:04:47.419, 5, 120 MHz, 3996 MHz, 184.64 W, 37
2026/10/08 07:04:47.419, 6, 120 MHz, 3996 MHz, 185.57 W, 31
2026/10/08 07:04:47.419, 7, 120 MHz, 3996 MHz, 186.23 W, 30
2026/10/08 07:04:48.419, 0, 120 MHz, 3996 MHz, 188.35 W, 39
2026/10/08 07:04:48.419, 1, 120 MHz, 3996 MHz, 189.48 W, 40
2026/10/08 07:04:48.419, 2, 2032 MHz, 3996 MHz, 695.68 W, 48
2026/10/08 07:04:48.419, 3, 2032 MHz, 3996 MHz, 693.28 W, 48
2026/10/08 07:04:48.419, 4, 120 MHz, 3996 MHz, 186.53 W, 39
2026/10/08 07:04:48.419, 5, 120 MHz, 3996 MHz, 184.64 W, 37
2026/10/08 07:04:48.419, 6, 120 MHz, 3996 MHz, 186.09 W, 31
2026/10/08 07:04:48.419, 7, 120 MHz, 3996 MHz, 186.26 W, 30
2026/10/08 07:04:49.419, 0, 120 MHz, 3996 MHz, 188.35 W, 39
2026/10/08 07:04:49.419, 1, 120 MHz, 3996 MHz, 189.62 W, 41
2026/10/08 07:04:49.419, 2, 2032 MHz, 3996 MHz, 715.86 W, 49
2026/10/08 07:04:49.419, 3, 2032 MHz, 3996 MHz, 666.49 W, 48
2026/10/08 07:04:49.419, 4, 120 MHz, 3996 MHz, 186.53 W, 39
2026/10/08 07:04:49.419, 5, 120 MHz, 3996 MHz, 184.67 W, 37
2026/10/08 07:04:49.419, 6, 120 MHz, 3996 MHz, 186.13 W, 31
2026/10/08 07:04:49.419, 7, 120 MHz, 3996 MHz, 186.38 W, 30
2026/10/08 07:04:50.419, 0, 120 MHz, 3996 MHz, 188.35 W, 39
2026/10/08 07:04:50.420, 1, 120 MHz, 3996 MHz, 189.77 W, 41
2026/10/08 07:04:50.420, 2, 2032 MHz, 3996 MHz, 692.51 W, 48
2026/10/08 07:04:50.420, 3, 2032 MHz, 3996 MHz, 667.04 W, 56
2026/10/08 07:04:50.420, 4, 120 MHz, 3996 MHz, 186.53 W, 39
2026/10/08 07:04:50.420, 5, 120 MHz, 3996 MHz, 184.62 W, 37
2026/10/08 07:04:50.420, 6, 120 MHz, 3996 MHz, 186.18 W, 31
2026/10/08 07:04:50.420, 7, 120 MHz, 3996 MHz, 186.34 W, 30
2026/10/08 07:04:51.420, 0, 120 MHz, 3996 MHz, 188.35 W, 39
2026/10/08 07:04:51.420, 1, 120 MHz, 3996 MHz, 190.05 W, 41
2026/10/08 07:04:51.420, 2, 2032 MHz, 3996 MHz, 692.94 W, 48
2026/10/08 07:04:51.420, 3, 2032 MHz, 3996 MHz, 700.63 W, 48
2026/10/08 07:04:51.420, 4, 120 MHz, 3996 MHz, 186.53 W, 39
2026/10/08 07:04:51.420, 5, 120 MHz, 3996 MHz, 184.63 W, 37
2026/10/08 07:04:51.420, 6, 120 MHz, 3996 MHz, 186.13 W, 31
2026/10/08 07:04:51.420, 7, 120 MHz, 3996 MHz, 186.45 W, 30
2026/10/08 07:04:52.420, 0, 120 MHz, 3996 MHz, 188.35 W, 39
2026/10/08 07:04:52.420, 1, 120 MHz, 3996 MHz, 189.90 W, 41
2026/10/08 07:04:52.420, 2, 2032 MHz, 3996 MHz, 712.51 W, 48
2026/10/08 07:04:52.420, 3, 2032 MHz, 3996 MHz, 668.06 W, 48
2026/10/08 07:04:52.420, 4, 120 MHz, 3996 MHz, 186.53 W, 39
2026/10/08 07:04:52.420, 5, 120 MHz, 3996 MHz, 184.67 W, 37
2026/10/08 07:04:52.420, 6, 120 MHz, 3996 MHz, 186.32 W, 31
2026/10/08 07:04:52.420, 7, 120 MHz, 3996 MHz, 186.49 W, 30
2026/10/08 07:04:53.420, 0, 120 MHz, 3996 MHz, 188.35 W, 39
2026/10/08 07:04:53.420, 1, 120 MHz, 3996 MHz, 190.09 W, 41
2026/10/08 07:04:53.420, 2, 2032 MHz, 3996 MHz, 696.75 W, 48
2026/10/08 07:04:53.420, 3, 2032 MHz, 3996 MHz, 694.34 W, 48
2026/10/08 07:04:53.420, 4, 120 MHz, 3996 MHz, 186.53 W, 39
2026/10/08 07:04:53.420, 5, 120 MHz, 3996 MHz, 184.63 W, 37
2026/10/08 07:04:53.420, 6, 120 MHz, 3996 MHz, 186.58 W, 31
2026/10/08 07:04:53.420, 7, 120 MHz, 3996 MHz, 186.53 W, 30
2026/10/08 07:04:54.421, 0, 120 MHz, 3996 MHz, 188.35 W, 39
2026/10/08 07:04:54.421, 1, 120 MHz, 3996 MHz, 190.13 W, 41
2026/10/08 07:04:54.421, 2, 2032 MHz, 3996 MHz, 708.69 W, 49
2026/10/08 07:04:54.421, 3, 2032 MHz, 3996 MHz, 667.92 W, 48
2026/10/08 07:04:54.421, 4, 120 MHz, 3996 MHz, 186.52 W, 39
2026/10/08 07:04:54.421, 5, 120 MHz, 3996 MHz, 184.63 W, 37
2026/10/08 07:04:54.421, 6, 120 MHz, 3996 MHz, 186.70 W, 31
2026/10/08 07:04:54.421, 7, 120 MHz, 3996 MHz, 186.46 W, 31
2026/10/08 07:04:55.421, 0, 120 MHz, 3996 MHz, 188.35 W, 39
2026/10/08 07:04:55.421, 1, 120 MHz, 3996 MHz, 190.17 W, 41
2026/10/08 07:04:55.421, 2, 2032 MHz, 3996 MHz, 698.12 W, 49
2026/10/08 07:04:55.421, 3, 2032 MHz, 3996 MHz, 667.96 W, 48
2026/10/08 07:04:55.421, 4, 120 MHz, 3996 MHz, 186.53 W, 39
2026/10/08 07:04:55.421, 5, 120 MHz, 3996 MHz, 184.66 W, 37
2026/10/08 07:04:55.421, 6, 120 MHz, 3996 MHz, 186.54 W, 32
2026/10/08 07:04:55.421, 7, 120 MHz, 3996 MHz, 186.53 W, 31
2026/10/08 07:04:56.421, 0, 120 MHz, 3996 MHz, 188.35 W, 39
2026/10/08 07:04:56.421, 1, 120 MHz, 3996 MHz, 190.17 W, 41
2026/10/08 07:04:56.421, 2, 2032 MHz, 3996 MHz, 693.43 W, 49
2026/10/08 07:04:56.421, 3, 2032 MHz, 3996 MHz, 692.46 W, 48
2026/10/08 07:04:56.421, 4, 120 MHz, 3996 MHz, 186.52 W, 39
2026/10/08 07:04:56.421, 5, 120 MHz, 3996 MHz, 184.58 W, 37
2026/10/08 07:04:56.421, 6, 120 MHz, 3996 MHz, 186.74 W, 32
2026/10/08 07:04:56.421, 7, 120 MHz, 3996 MHz, 186.53 W, 31
2026/10/08 07:04:57.421, 0, 120 MHz, 3996 MHz, 188.35 W, 39
2026/10/08 07:04:57.421, 1, 120 MHz, 3996 MHz, 190.17 W, 41
2026/10/08 07:04:57.421, 2, 2032 MHz, 3996 MHz, 708.66 W, 49
2026/10/08 07:04:57.422, 3, 2032 MHz, 3996 MHz, 669.60 W, 48
2026/10/08 07:04:57.422, 4, 120 MHz, 3996 MHz, 186.49 W, 39
2026/10/08 07:04:57.422, 5, 120 MHz, 3996 MHz, 184.60 W, 37
2026/10/08 07:04:57.422, 6, 120 MHz, 3996 MHz, 186.78 W, 32
2026/10/08 07:04:57.422, 7, 120 MHz, 3996 MHz, 186.53 W, 31
2026/10/08 07:04:58.422, 0, 120 MHz, 3996 MHz, 188.35 W, 40
2026/10/08 07:04:58.422, 1, 120 MHz, 3996 MHz, 190.17 W, 41
2026/10/08 07:04:58.422, 2, 2032 MHz, 3996 MHz, 695.88 W, 49
2026/10/08 07:04:58.422, 3, 2032 MHz, 3996 MHz, 694.70 W, 49
2026/10/08 07:04:58.422, 4, 120 MHz, 3996 MHz, 186.52 W, 39
2026/10/08 07:04:58.422, 5, 120 MHz, 3996 MHz, 184.62 W, 37
2026/10/08 07:04:58.422, 6, 120 MHz, 3996 MHz, 186.74 W, 32
2026/10/08 07:04:58.422, 7, 120 MHz, 3996 MHz, 186.53 W, 31
2026/10/08 07:04:59.422, 0, 120 MHz, 3996 MHz, 188.35 W, 40
2026/10/08 07:04:59.422, 1, 120 MHz, 3996 MHz, 190.17 W, 41
2026/10/08 07:04:59.422, 2, 2032 MHz, 3996 MHz, 545.16 W, 44
2026/10/08 07:04:59.422, 3, 2032 MHz, 3996 MHz, 672.28 W, 49
2026/10/08 07:04:59.422, 4, 120 MHz, 3996 MHz, 186.52 W, 39
2026/10/08 07:04:59.422, 5, 120 MHz, 3996 MHz, 184.62 W, 37
2026/10/08 07:04:59.422, 6, 120 MHz, 3996 MHz, 186.78 W, 32
2026/10/08 07:04:59.422, 7, 120 MHz, 3996 MHz, 186.53 W, 31
2026/10/08 07:05:00.422, 0, 120 MHz, 3996 MHz, 188.35 W, 40
2026/10/08 07:05:00.422, 1, 120 MHz, 3996 MHz, 190.17 W, 42
2026/10/08 07:05:00.422, 2, 2032 MHz, 3996 MHz, 256.71 W, 43
2026/10/08 07:05:00.422, 3, 2032 MHz, 3996 MHz, 670.56 W, 48
2026/10/08 07:05:00.422, 4, 120 MHz, 3996 MHz, 186.53 W, 39
2026/10/08 07:05:00.422, 5, 120 MHz, 3996 MHz, 184.65 W, 37
2026/10/08 07:05:00.422, 6, 120 MHz, 3996 MHz, 186.78 W, 32
2026/10/08 07:05:00.422, 7, 120 MHz, 3996 MHz, 186.53 W, 31
2026/10/08 07:05:01.423, 0, 120 MHz, 3996 MHz, 188.39 W, 40
2026/10/08 07:05:01.423, 1, 120 MHz, 3996 MHz, 190.17 W, 42
2026/10/08 07:05:01.423, 2, 2032 MHz, 3996 MHz, 243.66 W, 42
2026/10/08 07:05:01.423, 3, 2032 MHz, 3996 MHz, 692.86 W, 49
2026/10/08 07:05:01.423, 4, 120 MHz, 3996 MHz, 186.53 W, 39
2026/10/08 07:05:01.423, 5, 120 MHz, 3996 MHz, 184.68 W, 37
2026/10/08 07:05:01.423, 6, 120 MHz, 3996 MHz, 186.78 W, 32
2026/10/08 07:05:01.423, 7, 120 MHz, 3996 MHz, 186.54 W, 31
2026/10/08 07:05:02.423, 0, 120 MHz, 3996 MHz, 188.43 W, 40
2026/10/08 07:05:02.423, 1, 120 MHz, 3996 MHz, 190.17 W, 42
2026/10/08 07:05:02.423, 2, 2032 MHz, 3996 MHz, 242.95 W, 42
2026/10/08 07:05:02.423, 3, 2032 MHz, 3996 MHz, 671.62 W, 49
2026/10/08 07:05:02.423, 4, 120 MHz, 3996 MHz, 186.53 W, 39
2026/10/08 07:05:02.423, 5, 120 MHz, 3996 MHz, 184.65 W, 37
2026/10/08 07:05:02.423, 6, 120 MHz, 3996 MHz, 186.78 W, 32
2026/10/08 07:05:02.423, 7, 120 MHz, 3996 MHz, 186.53 W, 31
2026/10/08 07:05:03.423, 0, 120 MHz, 3996 MHz, 188.39 W, 40
2026/10/08 07:05:03.423, 1, 120 MHz, 3996 MHz, 190.17 W, 42
2026/10/08 07:05:03.423, 2, 2032 MHz, 3996 MHz, 242.96 W, 41
2026/10/08 07:05:03.423, 3, 2032 MHz, 3996 MHz, 635.19 W, 46
2026/10/08 07:05:03.423, 4, 120 MHz, 3996 MHz, 186.53 W, 39
2026/10/08 07:05:03.423, 5, 120 MHz, 3996 MHz, 184.60 W, 37
2026/10/08 07:05:03.423, 6, 120 MHz, 3996 MHz, 186.78 W, 32
2026/10/08 07:05:03.423, 7, 120 MHz, 3996 MHz, 186.54 W, 31
2026/10/08 07:05:04.423, 0, 120 MHz, 3996 MHz, 188.46 W, 40
2026/10/08 07:05:04.424, 1, 120 MHz, 3996 MHz, 190.17 W, 42
2026/10/08 07:05:04.424, 2, 2032 MHz, 3996 MHz, 242.54 W, 41
2026/10/08 07:05:04.424, 3, 2032 MHz, 3996 MHz, 258.68 W, 43
2026/10/08 07:05:04.424, 4, 120 MHz, 3996 MHz, 186.49 W, 39
2026/10/08 07:05:04.424, 5, 120 MHz, 3996 MHz, 184.63 W, 37
2026/10/08 07:05:04.424, 6, 120 MHz, 3996 MHz, 186.78 W, 32
2026/10/08 07:05:04.424, 7, 120 MHz, 3996 MHz, 186.53 W, 31
2026/10/08 07:05:05.424, 0, 120 MHz, 3996 MHz, 188.43 W, 40
2026/10/08 07:05:05.424, 1, 120 MHz, 3996 MHz, 190.17 W, 42
2026/10/08 07:05:05.424, 2, 2032 MHz, 3996 MHz, 242.95 W, 41
2026/10/08 07:05:05.424, 3, 2032 MHz, 3996 MHz, 247.96 W, 42
2026/10/08 07:05:05.424, 4, 120 MHz, 3996 MHz, 186.53 W, 39
2026/10/08 07:05:05.424, 5, 120 MHz, 3996 MHz, 184.61 W, 37
2026/10/08 07:05:05.424, 6, 120 MHz, 3996 MHz, 186.78 W, 32
2026/10/08 07:05:05.424, 7, 120 MHz, 3996 MHz, 186.53 W, 31
2026/10/08 07:05:06.424, 0, 120 MHz, 3996 MHz, 188.77 W, 40
2026/10/08 07:05:06.424, 1, 120 MHz, 3996 MHz, 190.17 W, 42
2026/10/08 07:05:06.424, 2, 2032 MHz, 3996 MHz, 242.36 W, 41
2026/10/08 07:05:06.424, 3, 2032 MHz, 3996 MHz, 244.58 W, 42
2026/10/08 07:05:06.424, 4, 120 MHz, 3996 MHz, 186.53 W, 39
2026/10/08 07:05:06.424, 5, 120 MHz, 3996 MHz, 184.63 W, 37
2026/10/08 07:05:06.424, 6, 120 MHz, 3996 MHz, 186.78 W, 32
2026/10/08 07:05:06.424, 7, 120 MHz, 3996 MHz, 186.53 W, 31
2026/10/08 07:05:07.424, 0, 120 MHz, 3996 MHz, 188.62 W, 40
2026/10/08 07:05:07.424, 1, 120 MHz, 3996 MHz, 190.17 W, 42
2026/10/08 07:05:07.424, 2, 352 MHz, 3996 MHz, 222.54 W, 40
2026/10/08 07:05:07.424, 3, 2032 MHz, 3996 MHz, 244.55 W, 41
2026/10/08 07:05:07.424, 4, 120 MHz, 3996 MHz, 186.45 W, 39
2026/10/08 07:05:07.424, 5, 120 MHz, 3996 MHz, 184.62 W, 37
2026/10/08 07:05:07.424, 6, 120 MHz, 3996 MHz, 186.78 W, 32
2026/10/08 07:05:07.424, 7, 120 MHz, 3996 MHz, 186.54 W, 31
2026/10/08 07:05:08.425, 0, 120 MHz, 3996 MHz, 189.05 W, 40
2026/10/08 07:05:08.425, 1, 120 MHz, 3996 MHz, 190.17 W, 42
2026/10/08 07:05:08.425, 2, 225 MHz, 3996 MHz, 189.83 W, 39
2026/10/08 07:05:08.425, 3, 2032 MHz, 3996 MHz, 244.64 W, 41
2026/10/08 07:05:08.425, 4, 120 MHz, 3996 MHz, 186.49 W, 39
2026/10/08 07:05:08.425, 5, 120 MHz, 3996 MHz, 184.62 W, 37
2026/10/08 07:05:08.425, 6, 120 MHz, 3996 MHz, 186.78 W, 32
2026/10/08 07:05:08.425, 7, 120 MHz, 3996 MHz, 186.54 W, 31
2026/10/08 07:05:09.425, 0, 120 MHz, 3996 MHz, 189.05 W, 40
2026/10/08 07:05:09.425, 1, 120 MHz, 3996 MHz, 190.17 W, 42
2026/10/08 07:05:09.425, 2, 142 MHz, 3996 MHz, 188.38 W, 39
2026/10/08 07:05:09.425, 3, 2032 MHz, 3996 MHz, 244.64 W, 41
2026/10/08 07:05:09.425, 4, 120 MHz, 3996 MHz, 186.49 W, 38
2026/10/08 07:05:09.425, 5, 120 MHz, 3996 MHz, 184.65 W, 37
2026/10/08 07:05:09.425, 6, 120 MHz, 3996 MHz, 186.78 W, 32
2026/10/08 07:05:09.425, 7, 120 MHz, 3996 MHz, 186.38 W, 31
