timestamp, index, clocks.current.sm [MHz], clocks.current.memory [MHz], power.draw [W], temperature.gpu
2026/10/08 04:23:51.264, 0, 120 MHz, 3996 MHz, 187.73 W, 37
2026/10/08 04:23:51.266, 1, 120 MHz, 3996 MHz, 188.23 W, 39
2026/10/08 04:23:51.268, 2, 120 MHz, 3996 MHz, 186.05 W, 34
2026/10/08 04:23:51.269, 3, 120 MHz, 3996 MHz, 185.38 W, 34
2026/10/08 04:23:51.271, 4, 120 MHz, 3996 MHz, 185.77 W, 38
2026/10/08 04:23:51.272, 5, 120 MHz, 3996 MHz, 184.37 W, 37
2026/10/08 04:23:51.273, 6, 120 MHz, 3996 MHz, 186.78 W, 34
2026/10/08 04:23:51.275, 7, 120 MHz, 3996 MHz, 186.53 W, 33
2026/10/08 04:23:52.277, 0, 120 MHz, 3996 MHz, 187.85 W, 37
2026/10/08 04:23:52.277, 1, 120 MHz, 3996 MHz, 188.23 W, 39
2026/10/08 04:23:52.277, 2, 120 MHz, 3996 MHz, 186.05 W, 34
2026/10/08 04:23:52.277, 3, 120 MHz, 3996 MHz, 185.30 W, 34
2026/10/08 04:23:52.277, 4, 120 MHz, 3996 MHz, 185.43 W, 38
2026/10/08 04:23:52.277, 5, 120 MHz, 3996 MHz, 184.47 W, 37
2026/10/08 04:23:52.277, 6, 120 MHz, 3996 MHz, 186.78 W, 34
2026/10/08 04:23:52.277, 7, 120 MHz, 3996 MHz, 186.53 W, 33
2026/10/08 04:23:53.277, 0, 120 MHz, 3996 MHz, 188.15 W, 37
2026/10/08 04:23:53.277, 1, 120 MHz, 3996 MHz, 188.23 W, 39
2026/10/08 04:23:53.277, 2, 120 MHz, 3996 MHz, 186.05 W, 34
2026/10/08 04:23:53.277, 3, 120 MHz, 3996 MHz, 185.47 W, 34
2026/10/08 04:23:53.277, 4, 120 MHz, 3996 MHz, 186.15 W, 38
2026/10/08 04:23:53.277, 5, 120 MHz, 3996 MHz, 184.52 W, 37
2026/10/08 04:23:53.277, 6, 120 MHz, 3996 MHz, 186.78 W, 34
2026/10/08 04:23:53.277, 7, 120 MHz, 3996 MHz, 186.53 W, 33
2026/10/08 04:23:54.277, 0, 120 MHz, 3996 MHz, 187.82 W, 37
2026/10/08 04:23:54.278, 1, 120 MHz, 3996 MHz, 188.23 W, 39
2026/10/08 04:23:54.278, 2, 120 MHz, 3996 MHz, 186.05 W, 34
2026/10/08 04:23:54.278, 3, 120 MHz, 3996 MHz, 185.42 W, 34
2026/10/08 04:23:54.278, 4, 120 MHz, 3996 MHz, 185.92 W, 38
2026/10/08 04:23:54.278, 5, 120 MHz, 3996 MHz, 184.59 W, 37
2026/10/08 04:23:54.278, 6, 120 MHz, 3996 MHz, 186.78 W, 34
2026/10/08 04:23:54.278, 7, 120 MHz, 3996 MHz, 186.53 W, 33
2026/10/08 04:23:55.278, 0, 120 MHz, 3996 MHz, 187.70 W, 37
2026/10/08 04:23:55.278, 1, 120 MHz, 3996 MHz, 188.23 W, 39
2026/10/08 04:23:55.278, 2, 120 MHz, 3996 MHz, 186.05 W, 34
2026/10/08 04:23:55.278, 3, 120 MHz, 3996 MHz, 184.91 W, 34
2026/10/08 04:23:55.278, 4, 120 MHz, 3996 MHz, 186.41 W, 38
2026/10/08 04:23:55.278, 5, 120 MHz, 3996 MHz, 184.55 W, 37
2026/10/08 04:23:55.278, 6, 120 MHz, 3996 MHz, 186.78 W, 34
2026/10/08 04:23:55.278, 7, 120 MHz, 3996 MHz, 186.53 W, 33
2026/10/08 04:23:56.278, 0, 120 MHz, 3996 MHz, 187.65 W, 37
2026/10/08 04:23:56.278, 1, 120 MHz, 3996 MHz, 188.23 W, 40
2026/10/08 04:23:56.278, 2, 120 MHz, 3996 MHz, 186.05 W, 34
2026/10/08 04:23:56.278, 3, 120 MHz, 3996 MHz, 185.12 W, 34
2026/10/08 04:23:56.278, 4, 120 MHz, 3996 MHz, 186.42 W, 38
2026/10/08 04:23:56.278, 5, 120 MHz, 3996 MHz, 184.55 W, 37
2026/10/08 04:23:56.278, 6, 120 MHz, 3996 MHz, 186.78 W, 34
2026/10/08 04:23:56.278, 7, 120 MHz, 3996 MHz, 186.53 W, 33
2026/10/08 04:23:57.278, 0, 120 MHz, 3996 MHz, 187.78 W, 37
2026/10/08 04:23:57.279, 1, 120 MHz, 3996 MHz, 188.23 W, 40
2026/10/08 04:23:57.279, 2, 120 MHz, 3996 MHz, 186.05 W, 34
2026/10/08 04:23:57.279, 3, 120 MHz, 3996 MHz, 185.03 W, 34
2026/10/08 04:23:57.279, 4, 120 MHz, 3996 MHz, 186.30 W, 39
2026/10/08 04:23:57.279, 5, 120 MHz, 3996 MHz, 184.59 W, 37
2026/10/08 04:23:57.279, 6, 120 MHz, 3996 MHz, 186.78 W, 34
2026/10/08 04:23:57.279, 7, 120 MHz, 3996 MHz, 186.53 W, 33
2026/10/08 04:23:58.279, 0, 120 MHz, 3996 MHz, 187.58 W, 37
2026/10/08 04:23:58.279, 1, 120 MHz, 3996 MHz, 188.23 W, 40
2026/10/08 04:23:58.279, 2, 120 MHz, 3996 MHz, 186.05 W, 34
2026/10/08 04:23:58.279, 3, 120 MHz, 3996 MHz, 184.87 W, 34
2026/10/08 04:23:58.279, 4, 120 MHz, 3996 MHz, 186.38 W, 39
2026/10/08 04:23:58.279, 5, 120 MHz, 3996 MHz, 184.47 W, 37
2026/10/08 04:23:58.279, 6, 120 MHz, 3996 MHz, 186.78 W, 34
2026/10/08 04:23:58.279, 7, 120 MHz, 3996 MHz, 186.53 W, 33
2026/10/08 04:23:59.279, 0, 120 MHz, 3996 MHz, 187.88 W, 37
2026/10/08 04:23:59.279, 1, 120 MHz, 3996 MHz, 188.23 W, 40
2026/10/08 04:23:59.279, 2, 120 MHz, 3996 MHz, 186.05 W, 34
2026/10/08 04:23:59.279, 3, 120 MHz, 3996 MHz, 184.72 W, 34
2026/10/08 04:23:59.279, 4, 120 MHz, 3996 MHz, 186.42 W, 39
2026/10/08 04:23:59.279, 5, 120 MHz, 3996 MHz, 184.55 W, 37
2026/10/08 04:23:59.279, 6, 120 MHz, 3996 MHz, 186.78 W, 34
2026/10/08 04:23:59.279, 7, 120 MHz, 3996 MHz, 186.53 W, 33
2026/10/08 04:24:00.279, 0, 120 MHz, 3996 MHz, 187.78 W, 38
2026/10/08 04:24:00.280, 1, 120 MHz, 3996 MHz, 188.23 W, 40
2026/10/08 04:24:00.280, 2, 120 MHz, 3996 MHz, 186.05 W, 34
2026/10/08 04:24:00.280, 3, 120 MHz, 3996 MHz, 184.78 W, 34
2026/10/08 04:24:00.280, 4, 120 MHz, 3996 MHz, 186.42 W, 39
2026/10/08 04:24:00.280, 5, 120 MHz, 3996 MHz, 184.40 W, 37
2026/10/08 04:24:00.280, 6, 120 MHz, 3996 MHz, 186.78 W, 34
2026/10/08 04:24:00.280, 7, 120 MHz, 3996 MHz, 186.53 W, 33
2026/10/08 04:24:01.280, 0, 120 MHz, 3996 MHz, 187.76 W, 37
2026/10/08 04:24:01.280, 1, 120 MHz, 3996 MHz, 188.23 W, 39
2026/10/08 04:24:01.280, 2, 120 MHz, 3996 MHz, 186.05 W, 34
2026/10/08 04:24:01.280, 3, 120 MHz, 3996 MHz, 184.64 W, 34
2026/10/08 04:24:01.280, 4, 120 MHz, 3996 MHz, 186.42 W, 39
2026/10/08 04:24:01.280, 5, 120 MHz, 3996 MHz, 184.59 W, 37
2026/10/08 04:24:01.280, 6, 120 MHz, 3996 MHz, 186.78 W, 33
2026/10/08 04:24:01.280, 7, 120 MHz, 3996 MHz, 186.53 W, 33
2026/10/08 04:24:02.280, 0, 120 MHz, 3996 MHz, 188.04 W, 37
2026/10/08 04:24:02.280, 1, 120 MHz, 3996 MHz, 188.23 W, 40
2026/10/08 04:24:02.280, 2, 120 MHz, 3996 MHz, 186.05 W, 34
2026/10/08 04:24:02.280, 3, 120 MHz, 3996 MHz, 184.55 W, 34
2026/10/08 04:24:02.280, 4, 120 MHz, 3996 MHz, 186.38 W, 39
2026/10/08 04:24:02.280, 5, 120 MHz, 3996 MHz, 184.60 W, 37
2026/10/08 04:24:02.280, 6, 120 MHz, 3996 MHz, 186.78 W, 33
2026/10/08 04:24:02.280, 7, 120 MHz, 3996 MHz, 186.53 W, 33
2026/10/08 04:24:03.280, 0, 120 MHz, 3996 MHz, 188.20 W, 37
2026/10/08 04:24:03.280, 1, 120 MHz, 3996 MHz, 188.23 W, 39
2026/10/08 04:24:03.280, 2, 120 MHz, 3996 MHz, 186.05 W, 34
2026/10/08 04:24:03.280, 3, 120 MHz, 3996 MHz, 184.44 W, 34
2026/10/08 04:24:03.280, 4, 120 MHz, 3996 MHz, 186.41 W, 39
2026/10/08 04:24:03.281, 5, 120 MHz, 3996 MHz, 184.63 W, 37
2026/10/08 04:24:03.281, 6, 120 MHz, 3996 MHz, 186.78 W, 33
2026/10/08 04:24:03.281, 7, 120 MHz, 3996 MHz, 186.53 W, 33
2026/10/08 04:24:04.281, 0, 120 MHz, 3996 MHz, 186.98 W, 37
2026/10/08 04:24:04.281, 1, 120 MHz, 3996 MHz, 188.23 W, 39
2026/10/08 04:24:04.281, 2, 120 MHz, 3996 MHz, 186.05 W, 34
2026/10/08 04:24:04.281, 3, 120 MHz, 3996 MHz, 184.36 W, 34
2026/10/08 04:24:04.281, 4, 120 MHz, 3996 MHz, 186.42 W, 39
2026/10/08 04:24:04.281, 5, 120 MHz, 3996 MHz, 184.55 W, 37
2026/10/08 04:24:04.281, 6, 120 MHz, 3996 MHz, 186.78 W, 33
2026/10/08 04:24:04.281, 7, 120 MHz, 3996 MHz, 186.53 W, 33
2026/10/08 04:24:05.281, 0, 120 MHz, 3996 MHz, 186.41 W, 37
2026/10/08 04:24:05.281, 1, 120 MHz, 3996 MHz, 188.23 W, 40
2026/10/08 04:24:05.281, 2, 120 MHz, 3996 MHz, 186.01 W, 34
2026/10/08 04:24:05.281, 3, 120 MHz, 3996 MHz, 184.09 W, 34
2026/10/08 04:24:05.281, 4, 120 MHz, 3996 MHz, 186.42 W, 39
2026/10/08 04:24:05.281, 5, 120 MHz, 3996 MHz, 184.51 W, 37
2026/10/08 04:24:05.281, 6, 120 MHz, 3996 MHz, 186.78 W, 33
2026/10/08 04:24:05.281, 7, 120 MHz, 3996 MHz, 186.53 W, 33
2026/10/08 04:24:06.281, 0, 120 MHz, 3996 MHz, 186.41 W, 37
2026/10/08 04:24:06.282, 1, 120 MHz, 3996 MHz, 188.23 W, 39
2026/10/08 04:24:06.282, 2, 120 MHz, 3996 MHz, 186.01 W, 34
2026/10/08 04:24:06.282, 3, 120 MHz, 3996 MHz, 184.09 W, 34
2026/10/08 04:24:06.282, 4, 120 MHz, 3996 MHz, 186.43 W, 39
2026/10/08 04:24:06.282, 5, 120 MHz, 3996 MHz, 184.59 W, 37
2026/10/08 04:24:06.282, 6, 120 MHz, 3996 MHz, 186.78 W, 33
2026/10/08 04:24:06.282, 7, 120 MHz, 3996 MHz, 186.53 W, 32
2026/10/08 04:24:07.282, 0, 120 MHz, 3996 MHz, 186.41 W, 37
2026/10/08 04:24:07.282, 1, 120 MHz, 3996 MHz, 188.23 W, 39
2026/10/08 04:24:07.282, 2, 120 MHz, 3996 MHz, 185.93 W, 34
2026/10/08 04:24:07.282, 3, 120 MHz, 3996 MHz, 184.09 W, 34
2026/10/08 04:24:07.282, 4, 120 MHz, 3996 MHz, 186.30 W, 39
2026/10/08 04:24:07.282, 5, 120 MHz, 3996 MHz, 184.55 W, 37
2026/10/08 04:24:07.282, 6, 120 MHz, 3996 MHz, 186.78 W, 33
2026/10/08 04:24:07.282, 7, 120 MHz, 3996 MHz, 186.53 W, 32
2026/10/08 04:24:08.282, 0, 120 MHz, 3996 MHz, 186.41 W, 37
2026/10/08 04:24:08.282, 1, 120 MHz, 3996 MHz, 188.23 W, 39
2026/10/08 04:24:08.282, 2, 120 MHz, 3996 MHz, 186.05 W, 34
2026/10/08 04:24:08.282, 3, 120 MHz, 3996 MHz, 184.09 W, 34
2026/10/08 04:24:08.282, 4, 120 MHz, 3996 MHz, 186.38 W, 39
2026/10/08 04:24:08.282, 5, 120 MHz, 3996 MHz, 184.59 W, 37
2026/10/08 04:24:08.282, 6, 120 MHz, 3996 MHz, 186.78 W, 33
2026/10/08 04:24:08.282, 7, 120 MHz, 3996 MHz, 186.53 W, 32
2026/10/08 04:24:09.283, 0, 120 MHz, 3996 MHz, 187.05 W, 37
2026/10/08 04:24:09.283, 1, 120 MHz, 3996 MHz, 188.23 W, 39
2026/10/08 04:24:09.283, 2, 120 MHz, 3996 MHz, 185.93 W, 34
2026/10/08 04:24:09.283, 3, 120 MHz, 3996 MHz, 184.09 W, 34
2026/10/08 04:24:09.283, 4, 120 MHz, 3996 MHz, 185.77 W, 39
2026/10/08 04:24:09.283, 5, 120 MHz, 3996 MHz, 184.55 W, 37
2026/10/08 04:24:09.283, 6, 120 MHz, 3996 MHz, 186.77 W, 33
2026/10/08 04:24:09.283, 7, 120 MHz, 3996 MHz, 186.53 W, 32
2026/10/08 04:24:10.283, 0, 120 MHz, 3996 MHz, 188.35 W, 37
2026/10/08 04:24:10.283, 1, 120 MHz, 3996 MHz, 188.23 W, 39
2026/10/08 04:24:10.283, 2, 120 MHz, 3996 MHz, 185.93 W, 34
2026/10/08 04:24:10.283, 3, 120 MHz, 3996 MHz, 184.09 W, 34
2026/10/08 04:24:10.283, 4, 120 MHz, 3996 MHz, 185.74 W, 39
2026/10/08 04:24:10.283, 5, 120 MHz, 3996 MHz, 184.52 W, 37
2026/10/08 04:24:10.283, 6, 120 MHz, 3996 MHz, 186.78 W, 33
2026/10/08 04:24:10.283, 7, 120 MHz, 3996 MHz, 186.53 W, 32
2026/10/08 04:24:11.283, 0, 120 MHz, 3996 MHz, 188.35 W, 37
2026/10/08 04:24:11.283, 1, 120 MHz, 3996 MHz, 188.23 W, 39
2026/10/08 04:24:11.284, 2, 120 MHz, 3996 MHz, 185.82 W, 34
2026/10/08 04:24:11.284, 3, 120 MHz, 3996 MHz, 184.09 W, 34
2026/10/08 04:24:11.284, 4, 120 MHz, 3996 MHz, 185.27 W, 39
2026/10/08 04:24:11.284, 5, 120 MHz, 3996 MHz, 184.47 W, 37
2026/10/08 04:24:11.284, 6, 120 MHz, 3996 MHz, 186.78 W, 33
2026/10/08 04:24:11.284, 7, 120 MHz, 3996 MHz, 186.53 W, 32
2026/10/08 04:24:12.284, 0, 120 MHz, 3996 MHz, 188.35 W, 37
2026/10/08 04:24:12.284, 1, 120 MHz, 3996 MHz, 188.23 W, 39
2026/10/08 04:24:12.284, 2, 120 MHz, 3996 MHz, 185.77 W, 33
2026/10/08 04:24:12.284, 3, 120 MHz, 3996 MHz, 184.09 W, 34
2026/10/08 04:24:12.284, 4, 120 MHz, 3996 MHz, 185.69 W, 39
2026/10/08 04:24:12.284, 5, 120 MHz, 3996 MHz, 184.59 W, 37
2026/10/08 04:24:12.284, 6, 120 MHz, 3996 MHz, 186.78 W, 33
2026/10/08 04:24:12.284, 7, 120 MHz, 3996 MHz, 186.53 W, 32
2026/10/08 04:24:13.284, 0, 120 MHz, 3996 MHz, 188.35 W, 37
2026/10/08 04:24:13.284, 1, 120 MHz, 3996 MHz, 188.23 W, 39
2026/10/08 04:24:13.284, 2, 120 MHz, 3996 MHz, 185.30 W, 33
2026/10/08 04:24:13.284, 3, 120 MHz, 3996 MHz, 184.09 W, 34
2026/10/08 04:24:13.284, 4, 120 MHz, 3996 MHz, 185.57 W, 39
2026/10/08 04:24:13.284, 5, 120 MHz, 3996 MHz, 184.59 W, 37
2026/10/08 04:24:13.284, 6, 120 MHz, 3996 MHz, 186.78 W, 33
2026/10/08 04:24:13.284, 7, 120 MHz, 3996 MHz, 186.42 W, 32
2026/10/08 04:24:14.285, 0, 2032 MHz, 3996 MHz, 211.33 W, 38
2026/10/08 04:24:14.285, 1, 120 MHz, 3996 MHz, 188.17 W, 39
2026/10/08 04:24:14.285, 2, 120 MHz, 3996 MHz, 185.43 W, 33
2026/10/08 04:24:14.285, 3, 120 MHz, 3996 MHz, 184.06 W, 33
2026/10/08 04:24:14.285, 4, 120 MHz, 3996 MHz, 185.77 W, 39
2026/10/08 04:24:14.285, 5, 2032 MHz, 3996 MHz, 211.73 W, 38
2026/10/08 04:24:14.285, 6, 120 MHz, 3996 MHz, 186.78 W, 33
2026/10/08 04:24:14.285, 7, 120 MHz, 3996 MHz, 186.49 W, 32
2026/10/08 04:24:15.285, 0, 2032 MHz, 3996 MHz, 244.57 W, 39
2026/10/08 04:24:15.285, 1, 120 MHz, 3996 MHz, 188.10 W, 39
2026/10/08 04:24:15.285, 2, 120 MHz, 3996 MHz, 185.46 W, 33
2026/10/08 04:24:15.285, 3, 120 MHz, 3996 MHz, 184.09 W, 33
2026/10/08 04:24:15.285, 4, 120 MHz, 3996 MHz, 185.98 W, 39
2026/10/08 04:24:15.285, 5, 2032 MHz, 3996 MHz, 238.66 W, 38
2026/10/08 04:24:15.285, 6, 120 MHz, 3996 MHz, 186.74 W, 33
2026/10/08 04:24:15.285, 7, 120 MHz, 3996 MHz, 186.46 W, 32
2026/10/08 04:24:16.285, 0, 2032 MHz, 3996 MHz, 245.02 W, 39
2026/10/08 04:24:16.285, 1, 120 MHz, 3996 MHz, 188.10 W, 39
2026/10/08 04:24:16.285, 2, 120 MHz, 3996 MHz, 185.38 W, 33
2026/10/08 04:24:16.285, 3, 120 MHz, 3996 MHz, 184.09 W, 33
2026/10/08 04:24:16.285, 4, 120 MHz, 3996 MHz, 186.13 W, 39
2026/10/08 04:24:16.285, 5, 2032 MHz, 3996 MHz, 238.37 W, 38
2026/10/08 04:24:16.285, 6, 120 MHz, 3996 MHz, 186.78 W, 33
2026/10/08 04:24:16.285, 7, 120 MHz, 3996 MHz, 186.41 W, 32
2026/10/08 04:24:17.286, 0, 2032 MHz, 3996 MHz, 244.92 W, 39
2026/10/08 04:24:17.286, 1, 120 MHz, 3996 MHz, 188.10 W, 39
2026/10/08 04:24:17.286, 2, 120 MHz, 3996 MHz, 185.42 W, 33
2026/10/08 04:24:17.286, 3, 120 MHz, 3996 MHz, 184.01 W, 33
2026/10/08 04:24:17.286, 4, 120 MHz, 3996 MHz, 186.02 W, 39
2026/10/08 04:24:17.286, 5, 2032 MHz, 3996 MHz, 239.37 W, 38
2026/10/08 04:24:17.286, 6, 120 MHz, 3996 MHz, 186.74 W, 33
2026/10/08 04:24:17.286, 7, 120 MHz, 3996 MHz, 186.45 W, 32
2026/10/08 04:24:18.286, 0, 2032 MHz, 3996 MHz, 244.50 W, 39
2026/10/08 04:24:18.286, 1, 120 MHz, 3996 MHz, 188.10 W, 39
2026/10/08 04:24:18.286, 2, 120 MHz, 3996 MHz, 185.01 W, 33
2026/10/08 04:24:18.286, 3, 120 MHz, 3996 MHz, 184.09 W, 33
2026/10/08 04:24:18.286, 4, 120 MHz, 3996 MHz, 186.17 W, 39
2026/10/08 04:24:18.286, 5, 2032 MHz, 3996 MHz, 240.02 W, 38
2026/10/08 04:24:18.286, 6, 120 MHz, 3996 MHz, 186.66 W, 33
2026/10/08 04:24:18.286, 7, 120 MHz, 3996 MHz, 186.30 W, 32
2026/10/08 04:24:19.286, 0, 300 MHz, 3996 MHz, 203.27 W, 38
2026/10/08 04:24:19.286, 1, 120 MHz, 3996 MHz, 188.20 W, 39
2026/10/08 04:24:19.286, 2, 120 MHz, 3996 MHz, 184.52 W, 33
2026/10/08 04:24:19.286, 3, 120 MHz, 3996 MHz, 184.09 W, 33
2026/10/08 04:24:19.286, 4, 2032 MHz, 3996 MHz, 212.12 W, 40
2026/10/08 04:24:19.286, 5, 2032 MHz, 3996 MHz, 239.15 W, 38
2026/10/08 04:24:19.286, 6, 120 MHz, 3996 MHz, 186.66 W, 33
2026/10/08 04:24:19.286, 7, 120 MHz, 3996 MHz, 186.22 W, 32
2026/10/08 04:24:20.286, 0, 187 MHz, 3996 MHz, 188.39 W, 38
2026/10/08 04:24:20.287, 1, 120 MHz, 3996 MHz, 188.23 W, 39
2026/10/08 04:24:20.287, 2, 120 MHz, 3996 MHz, 184.44 W, 33
2026/10/08 04:24:20.287, 3, 120 MHz, 3996 MHz, 184.05 W, 33
2026/10/08 04:24:20.287, 4, 2032 MHz, 3996 MHz, 246.20 W, 40
2026/10/08 04:24:20.287, 5, 2032 MHz, 3996 MHz, 257.04 W, 39
2026/10/08 04:24:20.287, 6, 120 MHz, 3996 MHz, 186.62 W, 32
2026/10/08 04:24:20.287, 7, 120 MHz, 3996 MHz, 186.30 W, 32
2026/10/08 04:24:21.287, 0, 127 MHz, 3996 MHz, 187.36 W, 37
2026/10/08 04:24:21.287, 1, 120 MHz, 3996 MHz, 188.23 W, 39
2026/10/08 04:24:21.287, 2, 120 MHz, 3996 MHz, 184.28 W, 33
2026/10/08 04:24:21.287, 3, 120 MHz, 3996 MHz, 184.02 W, 33
2026/10/08 04:24:21.287, 4, 2032 MHz, 3996 MHz, 246.15 W, 40
2026/10/08 04:24:21.287, 5, 2032 MHz, 3996 MHz, 309.90 W, 42
2026/10/08 04:24:21.287, 6, 120 MHz, 3996 MHz, 186.55 W, 32
2026/10/08 04:24:21.287, 7, 120 MHz, 3996 MHz, 186.19 W, 32
2026/10/08 04:24:22.287, 0, 120 MHz, 3996 MHz, 186.41 W, 37
2026/10/08 04:24:22.287, 1, 120 MHz, 3996 MHz, 188.23 W, 39
2026/10/08 04:24:22.287, 2, 120 MHz, 3996 MHz, 184.36 W, 33
2026/10/08 04:24:22.287, 3, 120 MHz, 3996 MHz, 184.05 W, 33
2026/10/08 04:24:22.287, 4, 2032 MHz, 3996 MHz, 247.86 W, 40
2026/10/08 04:24:22.287, 5, 2032 MHz, 3996 MHz, 241.59 W, 39
2026/10/08 04:24:22.287, 6, 120 MHz, 3996 MHz, 186.36 W, 32
2026/10/08 04:24:22.287, 7, 120 MHz, 3996 MHz, 186.23 W, 31
2026/10/08 04:24:23.287, 0, 120 MHz, 3996 MHz, 187.53 W, 37
2026/10/08 04:24:23.288, 1, 120 MHz, 3996 MHz, 188.23 W, 39
2026/10/08 04:24:23.288, 2, 120 MHz, 3996 MHz, 184.24 W, 33
2026/10/08 04:24:23.288, 3, 120 MHz, 3996 MHz, 183.90 W, 33
2026/10/08 04:24:23.288, 4, 2032 MHz, 3996 MHz, 247.62 W, 40
2026/10/08 04:24:23.288, 5, 2032 MHz, 3996 MHz, 255.18 W, 39
2026/10/08 04:24:23.288, 6, 120 MHz, 3996 MHz, 186.23 W, 32
2026/10/08 04:24:23.288, 7, 120 MHz, 3996 MHz, 185.83 W, 31
2026/10/08 04:24:24.288, 0, 120 MHz, 3996 MHz, 188.01 W, 37
2026/10/08 04:24:24.288, 1, 120 MHz, 3996 MHz, 188.23 W, 39
2026/10/08 04:24:24.288, 2, 120 MHz, 3996 MHz, 184.16 W, 33
2026/10/08 04:24:24.288, 3, 120 MHz, 3996 MHz, 184.06 W, 33
2026/10/08 04:24:24.288, 4, 2032 MHz, 3996 MHz, 246.62 W, 40
2026/10/08 04:24:24.288, 5, 2032 MHz, 3996 MHz, 248.06 W, 39
2026/10/08 04:24:24.288, 6, 120 MHz, 3996 MHz, 186.31 W, 32
2026/10/08 04:24:24.288, 7, 120 MHz, 3996 MHz, 185.80 W, 31
2026/10/08 04:24:25.288, 0, 120 MHz, 3996 MHz, 188.04 W, 37
2026/10/08 04:24:25.288, 1, 120 MHz, 3996 MHz, 188.23 W, 39
2026/10/08 04:24:25.288, 2, 120 MHz, 3996 MHz, 184.21 W, 33
2026/10/08 04:24:25.288, 3, 120 MHz, 3996 MHz, 183.98 W, 33
2026/10/08 04:24:25.288, 4, 2032 MHz, 3996 MHz, 266.32 W, 40
2026/10/08 04:24:25.288, 5, 2032 MHz, 3996 MHz, 244.06 W, 39
2026/10/08 04:24:25.288, 6, 120 MHz, 3996 MHz, 186.13 W, 32
2026/10/08 04:24:25.288, 7, 120 MHz, 3996 MHz, 185.60 W, 31
2026/10/08 04:24:26.288, 0, 120 MHz, 3996 MHz, 188.08 W, 37
2026/10/08 04:24:26.289, 1, 120 MHz, 3996 MHz, 188.23 W, 39
2026/10/08 04:24:26.289, 2, 120 MHz, 3996 MHz, 184.09 W, 33
2026/10/08 04:24:26.289, 3, 120 MHz, 3996 MHz, 184.06 W, 33
2026/10/08 04:24:26.289, 4, 2032 MHz, 3996 MHz, 298.78 W, 41
2026/10/08 04:24:26.289, 5, 2032 MHz, 3996 MHz, 245.43 W, 39
2026/10/08 04:24:26.289, 6, 120 MHz, 3996 MHz, 185.88 W, 32
2026/10/08 04:24:26.289, 7, 120 MHz, 3996 MHz, 185.39 W, 31
2026/10/08 04:24:27.289, 0, 120 MHz, 3996 MHz, 187.93 W, 37
2026/10/08 04:24:27.289, 1, 120 MHz, 3996 MHz, 188.23 W, 39
2026/10/08 04:24:27.289, 2, 120 MHz, 3996 MHz, 184.09 W, 32
2026/10/08 04:24:27.289, 3, 120 MHz, 3996 MHz, 183.50 W, 33
2026/10/08 04:24:27.289, 4, 2032 MHz, 3996 MHz, 246.79 W, 40
2026/10/08 04:24:27.289, 5, 2032 MHz, 3996 MHz, 242.90 W, 38
2026/10/08 04:24:27.289, 6, 120 MHz, 3996 MHz, 185.44 W, 32
2026/10/08 04:24:27.289, 7, 120 MHz, 3996 MHz, 185.52 W, 31
2026/10/08 04:24:28.289, 0, 120 MHz, 3996 MHz, 187.96 W, 37
2026/10/08 04:24:28.289, 1, 120 MHz, 3996 MHz, 188.23 W, 39
2026/10/08 04:24:28.289, 2, 120 MHz, 3996 MHz, 184.09 W, 32
2026/10/08 04:24:28.289, 3, 120 MHz, 3996 MHz, 183.68 W, 32
2026/10/08 04:24:28.289, 4, 2032 MHz, 3996 MHz, 264.92 W, 40
2026/10/08 04:24:28.289, 5, 2032 MHz, 3996 MHz, 239.33 W, 38
2026/10/08 04:24:28.289, 6, 120 MHz, 3996 MHz, 185.56 W, 32
2026/10/08 04:24:28.289, 7, 120 MHz, 3996 MHz, 185.16 W, 31
2026/10/08 04:24:29.290, 0, 120 MHz, 3996 MHz, 187.51 W, 37
2026/10/08 04:24:29.290, 1, 120 MHz, 3996 MHz, 188.23 W, 39
2026/10/08 04:24:29.290, 2, 120 MHz, 3996 MHz, 184.09 W, 32
2026/10/08 04:24:29.290, 3, 120 MHz, 3996 MHz, 183.65 W, 32
2026/10/08 04:24:29.290, 4, 2032 MHz, 3996 MHz, 259.08 W, 41
2026/10/08 04:24:29.290, 5, 2032 MHz, 3996 MHz, 239.03 W, 38
2026/10/08 04:24:29.290, 6, 120 MHz, 3996 MHz, 185.26 W, 32
2026/10/08 04:24:29.290, 7, 120 MHz, 3996 MHz, 184.87 W, 31
2026/10/08 04:24:30.290, 0, 120 MHz, 3996 MHz, 187.36 W, 37
2026/10/08 04:24:30.290, 1, 120 MHz, 3996 MHz, 188.23 W, 39
2026/10/08 04:24:30.290, 2, 120 MHz, 3996 MHz, 184.09 W, 32
2026/10/08 04:24:30.290, 3, 120 MHz, 3996 MHz, 183.65 W, 32
2026/10/08 04:24:30.290, 4, 2032 MHz, 3996 MHz, 250.37 W, 40
2026/10/08 04:24:30.290, 5, 2032 MHz, 3996 MHz, 239.35 W, 38
2026/10/08 04:24:30.290, 6, 120 MHz, 3996 MHz, 185.03 W, 32
2026/10/08 04:24:30.290, 7, 120 MHz, 3996 MHz, 184.79 W, 31
2026/10/08 04:24:31.290, 0, 120 MHz, 3996 MHz, 188.20 W, 37
2026/10/08 04:24:31.290, 1, 120 MHz, 3996 MHz, 188.23 W, 39
2026/10/08 04:24:31.290, 2, 120 MHz, 3996 MHz, 184.09 W, 32
2026/10/08 04:24:31.290, 3, 120 MHz, 3996 MHz, 183.68 W, 32
2026/10/08 04:24:31.290, 4, 2032 MHz, 3996 MHz, 251.78 W, 40
2026/10/08 04:24:31.290, 5, 2032 MHz, 3996 MHz, 247.89 W, 39
2026/10/08 04:24:31.291, 6, 120 MHz, 3996 MHz, 184.91 W, 32
2026/10/08 04:24:31.291, 7, 120 MHz, 3996 MHz, 184.80 W, 31
2026/10/08 04:24:32.291, 0, 120 MHz, 3996 MHz, 187.92 W, 37
2026/10/08 04:24:32.291, 1, 120 MHz, 3996 MHz, 188.23 W, 39
2026/10/08 04:24:32.291, 2, 120 MHz, 3996 MHz, 184.09 W, 32
2026/10/08 04:24:32.291, 3, 120 MHz, 3996 MHz, 183.23 W, 32
2026/10/08 04:24:32.291, 4, 2032 MHz, 3996 MHz, 250.40 W, 40
2026/10/08 04:24:32.291, 5, 2032 MHz, 3996 MHz, 238.87 W, 38
2026/10/08 04:24:32.291, 6, 120 MHz, 3996 MHz, 184.95 W, 32
2026/10/08 04:24:32.291, 7, 120 MHz, 3996 MHz, 184.79 W, 31
2026/10/08 04:24:33.291, 0, 120 MHz, 3996 MHz, 187.19 W, 37
2026/10/08 04:24:33.291, 1, 120 MHz, 3996 MHz, 188.23 W, 39
2026/10/08 04:24:33.291, 2, 120 MHz, 3996 MHz, 184.09 W, 32
2026/10/08 04:24:33.291, 3, 120 MHz, 3996 MHz, 183.07 W, 32
2026/10/08 04:24:33.291, 4, 2032 MHz, 3996 MHz, 246.39 W, 40
2026/10/08 04:24:33.291, 5, 2032 MHz, 3996 MHz, 239.01 W, 38
2026/10/08 04:24:33.291, 6, 120 MHz, 3996 MHz, 184.87 W, 32
2026/10/08 04:24:33.291, 7, 120 MHz, 3996 MHz, 184.68 W, 31
2026/10/08 04:24:34.291, 0, 120 MHz, 3996 MHz, 186.94 W, 37
2026/10/08 04:24:34.291, 1, 120 MHz, 3996 MHz, 188.23 W, 39
2026/10/08 04:24:34.291, 2, 120 MHz, 3996 MHz, 184.09 W, 32
2026/10/08 04:24:34.291, 3, 120 MHz, 3996 MHz, 182.50 W, 32
2026/10/08 04:24:34.291, 4, 2032 MHz, 3996 MHz, 247.00 W, 40
2026/10/08 04:24:34.291, 5, 2032 MHz, 3996 MHz, 238.88 W, 38
2026/10/08 04:24:34.291, 6, 120 MHz, 3996 MHz, 184.83 W, 31
2026/10/08 04:24:34.291, 7, 120 MHz, 3996 MHz, 184.73 W, 31
2026/10/08 04:24:35.292, 0, 120 MHz, 3996 MHz, 187.10 W, 37
2026/10/08 04:24:35.292, 1, 120 MHz, 3996 MHz, 188.23 W, 39
2026/10/08 04:24:35.292, 2, 120 MHz, 3996 MHz, 184.09 W, 32
2026/10/08 04:24:35.292, 3, 120 MHz, 3996 MHz, 182.71 W, 32
2026/10/08 04:24:35.292, 4, 2032 MHz, 3996 MHz, 246.94 W, 40
2026/10/08 04:24:35.292, 5, 2032 MHz, 3996 MHz, 239.20 W, 38
2026/10/08 04:24:35.292, 6, 120 MHz, 3996 MHz, 184.83 W, 31
2026/10/08 04:24:35.292, 7, 120 MHz, 3996 MHz, 186.29 W, 30
2026/10/08 04:24:36.292, 0, 120 MHz, 3996 MHz, 186.84 W, 37
2026/10/08 04:24:36.292, 1, 120 MHz, 3996 MHz, 188.23 W, 39
2026/10/08 04:24:36.292, 2, 120 MHz, 3996 MHz, 184.09 W, 32
2026/10/08 04:24:36.292, 3, 120 MHz, 3996 MHz, 182.90 W, 32
2026/10/08 04:24:36.292, 4, 2032 MHz, 3996 MHz, 259.54 W, 40
2026/10/08 04:24:36.292, 5, 2032 MHz, 3996 MHz, 252.93 W, 39
2026/10/08 04:24:36.292, 6, 120 MHz, 3996 MHz, 185.76 W, 31
2026/10/08 04:24:36.292, 7, 120 MHz, 3996 MHz, 186.38 W, 30
2026/10/08 04:24:37.292, 0, 120 MHz, 3996 MHz, 186.52 W, 37
2026/10/08 04:24:37.293, 1, 120 MHz, 3996 MHz, 188.23 W, 39
2026/10/08 04:24:37.293, 2, 120 MHz, 3996 MHz, 184.09 W, 32
2026/10/08 04:24:37.293, 3, 120 MHz, 3996 MHz, 182.75 W, 32
2026/10/08 04:24:37.293, 4, 2032 MHz, 3996 MHz, 251.63 W, 40
2026/10/08 04:24:37.293, 5, 2032 MHz, 3996 MHz, 238.61 W, 38
2026/10/08 04:24:37.293, 6, 120 MHz, 3996 MHz, 186.24 W, 31
2026/10/08 04:24:37.293, 7, 120 MHz, 3996 MHz, 186.16 W, 30
2026/10/08 04:24:38.293, 0, 120 MHz, 3996 MHz, 186.49 W, 37
2026/10/08 04:24:38.293, 1, 120 MHz, 3996 MHz, 188.23 W, 39
2026/10/08 04:24:38.293, 2, 120 MHz, 3996 MHz, 184.09 W, 32
2026/10/08 04:24:38.293, 3, 120 MHz, 3996 MHz, 182.65 W, 32
2026/10/08 04:24:38.293, 4, 2032 MHz, 3996 MHz, 246.32 W, 40
2026/10/08 04:24:38.293, 5, 2032 MHz, 3996 MHz, 238.51 W, 38
2026/10/08 04:24:38.293, 6, 120 MHz, 3996 MHz, 185.57 W, 31
2026/10/08 04:24:38.293, 7, 120 MHz, 3996 MHz, 185.89 W, 30
2026/10/08 04:24:39.293, 0, 120 MHz, 3996 MHz, 186.41 W, 37
2026/10/08 04:24:39.293, 1, 120 MHz, 3996 MHz, 188.23 W, 39
2026/10/08 04:24:39.293, 2, 120 MHz, 3996 MHz, 184.09 W, 32
2026/10/08 04:24:39.293, 3, 120 MHz, 3996 MHz, 182.29 W, 32
2026/10/08 04:24:39.293, 4, 2032 MHz, 3996 MHz, 246.32 W, 40
2026/10/08 04:24:39.293, 5, 2032 MHz, 3996 MHz, 238.33 W, 38
2026/10/08 04:24:39.293, 6, 120 MHz, 3996 MHz, 185.84 W, 31
2026/10/08 04:24:39.293, 7, 120 MHz, 3996 MHz, 185.84 W, 30
2026/10/08 04:24:40.294, 0, 120 MHz, 3996 MHz, 187.40 W, 37
2026/10/08 04:24:40.294, 1, 120 MHz, 3996 MHz, 188.81 W, 39
2026/10/08 04:24:40.294, 2, 120 MHz, 3996 MHz, 184.09 W, 32
2026/10/08 04:24:40.294, 3, 120 MHz, 3996 MHz, 182.41 W, 32
2026/10/08 04:24:40.294, 4, 2032 MHz, 3996 MHz, 246.62 W, 40
2026/10/08 04:24:40.294, 5, 2032 MHz, 3996 MHz, 238.54 W, 38
2026/10/08 04:24:40.294, 6, 120 MHz, 3996 MHz, 185.60 W, 31
2026/10/08 04:24:40.294, 7, 120 MHz, 3996 MHz, 185.89 W, 30
2026/10/08 04:24:41.294, 0, 120 MHz, 3996 MHz, 187.50 W, 37
2026/10/08 04:24:41.294, 1, 120 MHz, 3996 MHz, 190.17 W, 39
2026/10/08 04:24:41.294, 2, 120 MHz, 3996 MHz, 185.74 W, 31
2026/10/08 04:24:41.294, 3, 120 MHz, 3996 MHz, 182.86 W, 32
2026/10/08 04:24:41.294, 4, 2032 MHz, 3996 MHz, 246.51 W, 40
2026/10/08 04:24:41.294, 5, 2032 MHz, 3996 MHz, 238.59 W, 38
2026/10/08 04:24:41.294, 6, 120 MHz, 3996 MHz, 185.61 W, 31
2026/10/08 04:24:41.294, 7, 120 MHz, 3996 MHz, 185.57 W, 30
2026/10/08 04:24:42.294, 0, 120 MHz, 3996 MHz, 187.49 W, 37
2026/10/08 04:24:42.294, 1, 120 MHz, 3996 MHz, 190.13 W, 39
2026/10/08 04:24:42.295, 2, 120 MHz, 3996 MHz, 186.05 W, 31
2026/10/08 04:24:42.295, 3, 120 MHz, 3996 MHz, 184.09 W, 32
2026/10/08 04:24:42.295, 4, 2032 MHz, 3996 MHz, 246.59 W, 40
2026/10/08 04:24:42.295, 5, 2032 MHz, 3996 MHz, 238.68 W, 38
2026/10/08 04:24:42.295, 6, 120 MHz, 3996 MHz, 186.12 W, 31
2026/10/08 04:24:42.295, 7, 120 MHz, 3996 MHz, 185.39 W, 30
2026/10/08 04:24:43.295, 0, 120 MHz, 3996 MHz, 187.73 W, 37
2026/10/08 04:24:43.295, 1, 120 MHz, 3996 MHz, 189.98 W, 39
2026/10/08 04:24:43.295, 2, 120 MHz, 3996 MHz, 186.05 W, 31
2026/10/08 04:24:43.295, 3, 120 MHz, 3996 MHz, 184.09 W, 31
2026/10/08 04:24:43.295, 4, 2032 MHz, 3996 MHz, 246.47 W, 40
2026/10/08 04:24:43.295, 5, 2032 MHz, 3996 MHz, 238.53 W, 38
2026/10/08 04:24:43.295, 6, 120 MHz, 3996 MHz, 186.89 W, 31
2026/10/08 04:24:43.295, 7, 120 MHz, 3996 MHz, 186.18 W, 30
2026/10/08 04:24:44.295, 0, 120 MHz, 3996 MHz, 187.49 W, 36
2026/10/08 04:24:44.295, 1, 120 MHz, 3996 MHz, 189.75 W, 39
2026/10/08 04:24:44.295, 2, 120 MHz, 3996 MHz, 186.05 W, 31
2026/10/08 04:24:44.295, 3, 120 MHz, 3996 MHz, 184.09 W, 31
2026/10/08 04:24:44.295, 4, 2032 MHz, 3996 MHz, 595.63 W, 44
2026/10/08 04:24:44.295, 5, 2032 MHz, 3996 MHz, 535.21 W, 48
2026/10/08 04:24:44.295, 6, 120 MHz, 3996 MHz, 186.82 W, 31
2026/10/08 04:24:44.295, 7, 120 MHz, 3996 MHz, 186.53 W, 30
2026/10/08 04:24:45.295, 0, 120 MHz, 3996 MHz, 187.43 W, 36
2026/10/08 04:24:45.295, 1, 120 MHz, 3996 MHz, 189.90 W, 38
2026/10/08 04:24:45.295, 2, 120 MHz, 3996 MHz, 185.97 W, 31
2026/10/08 04:24:45.295, 3, 120 MHz, 3996 MHz, 184.09 W, 31
2026/10/08 04:24:45.295, 4, 1365 MHz, 3996 MHz, 329.04 W, 52
2026/10/08 04:24:45.295, 5, 2032 MHz, 3996 MHz, 291.32 W, 39
2026/10/08 04:24:45.295, 6, 120 MHz, 3996 MHz, 186.78 W, 31
2026/10/08 04:24:45.295, 7, 120 MHz, 3996 MHz, 186.53 W, 30
2026/10/08 04:24:46.296, 0, 120 MHz, 3996 MHz, 187.42 W, 36
2026/10/08 04:24:46.296, 1, 120 MHz, 3996 MHz, 189.74 W, 38
2026/10/08 04:24:46.296, 2, 120 MHz, 3996 MHz, 186.01 W, 31
2026/10/08 04:24:46.296, 3, 120 MHz, 3996 MHz, 184.09 W, 31
2026/10/08 04:24:46.296, 4, 1312 MHz, 3996 MHz, 1092.18 W, 59
2026/10/08 04:24:46.296, 5, 1357 MHz, 3996 MHz, 973.43 W, 56
2026/10/08 04:24:46.296, 6, 120 MHz, 3996 MHz, 186.78 W, 31
2026/10/08 04:24:46.296, 7, 120 MHz, 3996 MHz, 186.53 W, 30
2026/10/08 04:24:47.296, 0, 120 MHz, 3996 MHz, 186.98 W, 36
2026/10/08 04:24:47.296, 1, 120 MHz, 3996 MHz, 189.79 W, 38
2026/10/08 04:24:47.296, 2, 120 MHz, 3996 MHz, 185.73 W, 31
2026/10/08 04:24:47.296, 3, 120 MHz, 3996 MHz, 184.10 W, 31
2026/10/08 04:24:47.296, 4, 1320 MHz, 3996 MHz, 1084.29 W, 60
2026/10/08 04:24:47.296, 5, 1357 MHz, 3996 MHz, 1086.69 W, 58
2026/10/08 04:24:47.296, 6, 120 MHz, 3996 MHz, 186.78 W, 31
2026/10/08 04:24:47.296, 7, 120 MHz, 3996 MHz, 186.54 W, 30
2026/10/08 04:24:48.296, 0, 120 MHz, 3996 MHz, 186.91 W, 36
2026/10/08 04:24:48.296, 1, 120 MHz, 3996 MHz, 189.67 W, 38
2026/10/08 04:24:48.296, 2, 120 MHz, 3996 MHz, 185.85 W, 31
2026/10/08 04:24:48.296, 3, 120 MHz, 3996 MHz, 184.10 W, 31
2026/10/08 04:24:48.296, 4, 1312 MHz, 3996 MHz, 1083.65 W, 60
2026/10/08 04:24:48.296, 5, 1357 MHz, 3996 MHz, 1090.67 W, 58
2026/10/08 04:24:48.296, 6, 120 MHz, 3996 MHz, 186.78 W, 31
2026/10/08 04:24:48.296, 7, 120 MHz, 3996 MHz, 186.54 W, 30
2026/10/08 04:24:49.297, 0, 120 MHz, 3996 MHz, 186.91 W, 36
2026/10/08 04:24:49.297, 1, 120 MHz, 3996 MHz, 189.51 W, 38
2026/10/08 04:24:49.297, 2, 120 MHz, 3996 MHz, 185.46 W, 31
2026/10/08 04:24:49.297, 3, 120 MHz, 3996 MHz, 184.02 W, 31
2026/10/08 04:24:49.297, 4, 1312 MHz, 3996 MHz, 1082.60 W, 61
2026/10/08 04:24:49.297, 5, 1365 MHz, 3996 MHz, 1089.60 W, 59
2026/10/08 04:24:49.297, 6, 120 MHz, 3996 MHz, 186.78 W, 31
2026/10/08 04:24:49.297, 7, 120 MHz, 3996 MHz, 186.53 W, 30
2026/10/08 04:24:50.297, 0, 120 MHz, 3996 MHz, 187.02 W, 36
2026/10/08 04:24:50.297, 1, 120 MHz, 3996 MHz, 189.18 W, 38
2026/10/08 04:24:50.297, 2, 120 MHz, 3996 MHz, 185.43 W, 31
2026/10/08 04:24:50.297, 3, 120 MHz, 3996 MHz, 184.10 W, 31
2026/10/08 04:24:50.297, 4, 2032 MHz, 3996 MHz, 1014.65 W, 55
2026/10/08 04:24:50.297, 5, 2032 MHz, 3996 MHz, 1014.72 W, 53
2026/10/08 04:24:50.297, 6, 120 MHz, 3996 MHz, 186.78 W, 31
2026/10/08 04:24:50.297, 7, 120 MHz, 3996 MHz, 186.54 W, 30
2026/10/08 04:24:51.297, 0, 120 MHz, 3996 MHz, 186.49 W, 36
2026/10/08 04:24:51.297, 1, 120 MHz, 3996 MHz, 188.72 W, 38
2026/10/08 04:24:51.297, 2, 120 MHz, 3996 MHz, 185.09 W, 31
2026/10/08 04:24:51.297, 3, 120 MHz, 3996 MHz, 184.09 W, 31
2026/10/08 04:24:51.297, 4, 2032 MHz, 3996 MHz, 1026.46 W, 55
2026/10/08 04:24:51.297, 5, 2032 MHz, 3996 MHz, 1003.10 W, 53
2026/10/08 04:24:51.297, 6, 120 MHz, 3996 MHz, 186.78 W, 30
2026/10/08 04:24:51.297, 7, 120 MHz, 3996 MHz, 186.54 W, 29
2026/10/08 04:24:52.297, 0, 120 MHz, 3996 MHz, 186.49 W, 36
2026/10/08 04:24:52.298, 1, 120 MHz, 3996 MHz, 188.49 W, 38
2026/10/08 04:24:52.298, 2, 120 MHz, 3996 MHz, 184.68 W, 31
2026/10/08 04:24:52.298, 3, 120 MHz, 3996 MHz, 184.06 W, 31
2026/10/08 04:24:52.298, 4, 2032 MHz, 3996 MHz, 1026.41 W, 56
2026/10/08 04:24:52.298, 5, 2032 MHz, 3996 MHz, 1003.56 W, 53
2026/10/08 04:24:52.298, 6, 120 MHz, 3996 MHz, 186.78 W, 30
2026/10/08 04:24:52.298, 7, 120 MHz, 3996 MHz, 186.55 W, 29
2026/10/08 04:24:53.298, 0, 120 MHz, 3996 MHz, 186.56 W, 36
2026/10/08 04:24:53.298, 1, 120 MHz, 3996 MHz, 188.34 W, 38
2026/10/08 04:24:53.298, 2, 120 MHz, 3996 MHz, 184.89 W, 31
2026/10/08 04:24:53.298, 3, 120 MHz, 3996 MHz, 184.02 W, 31
2026/10/08 04:24:53.298, 4, 2032 MHz, 3996 MHz, 1026.91 W, 56
2026/10/08 04:24:53.298, 5, 2032 MHz, 3996 MHz, 1003.67 W, 54
2026/10/08 04:24:53.298, 6, 120 MHz, 3996 MHz, 186.78 W, 30
2026/10/08 04:24:53.298, 7, 120 MHz, 3996 MHz, 186.54 W, 29
2026/10/08 04:24:54.298, 0, 120 MHz, 3996 MHz, 186.60 W, 36
2026/10/08 04:24:54.298, 1, 120 MHz, 3996 MHz, 188.42 W, 38
2026/10/08 04:24:54.298, 2, 120 MHz, 3996 MHz, 184.59 W, 31
2026/10/08 04:24:54.298, 3, 120 MHz, 3996 MHz, 184.09 W, 31
2026/10/08 04:24:54.298, 4, 2032 MHz, 3996 MHz, 1029.14 W, 56
2026/10/08 04:24:54.298, 5, 2032 MHz, 3996 MHz, 1006.30 W, 54
2026/10/08 04:24:54.298, 6, 120 MHz, 3996 MHz, 186.78 W, 30
2026/10/08 04:24:54.298, 7, 120 MHz, 3996 MHz, 186.54 W, 29
2026/10/08 04:24:55.298, 0, 120 MHz, 3996 MHz, 186.41 W, 36
2026/10/08 04:24:55.298, 1, 120 MHz, 3996 MHz, 188.23 W, 38
2026/10/08 04:24:55.299, 2, 120 MHz, 3996 MHz, 184.64 W, 31
2026/10/08 04:24:55.299, 3, 120 MHz, 3996 MHz, 183.94 W, 31
2026/10/08 04:24:55.299, 4, 2032 MHz, 3996 MHz, 1030.22 W, 57
2026/10/08 04:24:55.299, 5, 2032 MHz, 3996 MHz, 1007.25 W, 54
2026/10/08 04:24:55.299, 6, 120 MHz, 3996 MHz, 186.78 W, 30
2026/10/08 04:24:55.299, 7, 120 MHz, 3996 MHz, 186.53 W, 29
2026/10/08 04:24:56.299, 0, 120 MHz, 3996 MHz, 186.49 W, 36
2026/10/08 04:24:56.299, 1, 120 MHz, 3996 MHz, 188.23 W, 38
2026/10/08 04:24:56.299, 2, 120 MHz, 3996 MHz, 184.36 W, 31
2026/10/08 04:24:56.299, 3, 120 MHz, 3996 MHz, 183.90 W, 31
2026/10/08 04:24:56.299, 4, 2032 MHz, 3996 MHz, 1031.39 W, 57
2026/10/08 04:24:56.299, 5, 2032 MHz, 3996 MHz, 1007.51 W, 55
2026/10/08 04:24:56.299, 6, 120 MHz, 3996 MHz, 186.78 W, 30
2026/10/08 04:24:56.299, 7, 120 MHz, 3996 MHz, 186.56 W, 29
2026/10/08 04:24:57.299, 0, 120 MHz, 3996 MHz, 186.49 W, 36
2026/10/08 04:24:57.299, 1, 120 MHz, 3996 MHz, 188.23 W, 38
2026/10/08 04:24:57.299, 2, 120 MHz, 3996 MHz, 184.37 W, 30
2026/10/08 04:24:57.299, 3, 120 MHz, 3996 MHz, 184.01 W, 31
2026/10/08 04:24:57.299, 4, 2032 MHz, 3996 MHz, 1033.39 W, 57
2026/10/08 04:24:57.299, 5, 2032 MHz, 3996 MHz, 1008.27 W, 55
2026/10/08 04:24:57.299, 6, 120 MHz, 3996 MHz, 186.78 W, 30
2026/10/08 04:24:57.299, 7, 120 MHz, 3996 MHz, 186.54 W, 29
2026/10/08 04:24:58.299, 0, 120 MHz, 3996 MHz, 186.78 W, 36
2026/10/08 04:24:58.300, 1, 120 MHz, 3996 MHz, 188.23 W, 38
2026/10/08 04:24:58.300, 2, 120 MHz, 3996 MHz, 184.28 W, 30
2026/10/08 04:24:58.300, 3, 120 MHz, 3996 MHz, 184.09 W, 31
2026/10/08 04:24:58.300, 4, 2032 MHz, 3996 MHz, 1033.43 W, 58
2026/10/08 04:24:58.300, 5, 2032 MHz, 3996 MHz, 1010.35 W, 55
2026/10/08 04:24:58.300, 6, 120 MHz, 3996 MHz, 186.78 W, 30
2026/10/08 04:24:58.300, 7, 120 MHz, 3996 MHz, 186.53 W, 29
2026/10/08 04:24:59.300, 0, 120 MHz, 3996 MHz, 188.31 W, 36
2026/10/08 04:24:59.300, 1, 120 MHz, 3996 MHz, 188.23 W, 38
2026/10/08 04:24:59.300, 2, 120 MHz, 3996 MHz, 184.17 W, 30
2026/10/08 04:24:59.300, 3, 120 MHz, 3996 MHz, 184.05 W, 30
2026/10/08 04:24:59.300, 4, 2032 MHz, 3996 MHz, 1034.49 W, 58
2026/10/08 04:24:59.300, 5, 2032 MHz, 3996 MHz, 1010.54 W, 55
2026/10/08 04:24:59.300, 6, 120 MHz, 3996 MHz, 186.78 W, 30
2026/10/08 04:24:59.300, 7, 120 MHz, 3996 MHz, 186.54 W, 29
2026/10/08 04:25:00.301, 0, 120 MHz, 3996 MHz, 188.27 W, 36
2026/10/08 04:25:00.301, 1, 120 MHz, 3996 MHz, 188.23 W, 38
2026/10/08 04:25:00.301, 2, 120 MHz, 3996 MHz, 184.17 W, 30
2026/10/08 04:25:00.301, 3, 120 MHz, 3996 MHz, 184.05 W, 30
2026/10/08 04:25:00.301, 4, 2032 MHz, 3996 MHz, 1034.30 W, 58
2026/10/08 04:25:00.301, 5, 2032 MHz, 3996 MHz, 1010.86 W, 56
2026/10/08 04:25:00.301, 6, 120 MHz, 3996 MHz, 186.78 W, 30
2026/10/08 04:25:00.301, 7, 120 MHz, 3996 MHz, 186.54 W, 29
2026/10/08 04:25:01.301, 0, 120 MHz, 3996 MHz, 188.16 W, 36
2026/10/08 04:25:01.301, 1, 120 MHz, 3996 MHz, 188.23 W, 38
2026/10/08 04:25:01.301, 2, 120 MHz, 3996 MHz, 184.21 W, 30
2026/10/08 04:25:01.301, 3, 120 MHz, 3996 MHz, 183.98 W, 30
2026/10/08 04:25:01.301, 4, 2032 MHz, 3996 MHz, 1037.12 W, 58
2026/10/08 04:25:01.301, 5, 2032 MHz, 3996 MHz, 1013.16 W, 56
2026/10/08 04:25:01.301, 6, 120 MHz, 3996 MHz, 186.78 W, 30
2026/10/08 04:25:01.301, 7, 120 MHz, 3996 MHz, 186.54 W, 29
2026/10/08 04:25:02.301, 0, 120 MHz, 3996 MHz, 187.89 W, 36
2026/10/08 04:25:02.301, 1, 120 MHz, 3996 MHz, 188.23 W, 38
2026/10/08 04:25:02.301, 2, 120 MHz, 3996 MHz, 184.21 W, 30
2026/10/08 04:25:02.301, 3, 120 MHz, 3996 MHz, 184.01 W, 30
2026/10/08 04:25:02.301, 4, 2032 MHz, 3996 MHz, 1037.07 W, 59
2026/10/08 04:25:02.301, 5, 2032 MHz, 3996 MHz, 1012.74 W, 56
2026/10/08 04:25:02.301, 6, 120 MHz, 3996 MHz, 186.78 W, 30
2026/10/08 04:25:02.301, 7, 120 MHz, 3996 MHz, 186.53 W, 29
2026/10/08 04:25:03.301, 0, 120 MHz, 3996 MHz, 187.81 W, 36
2026/10/08 04:25:03.302, 1, 120 MHz, 3996 MHz, 188.23 W, 38
2026/10/08 04:25:03.302, 2, 120 MHz, 3996 MHz, 184.28 W, 30
2026/10/08 04:25:03.302, 3, 120 MHz, 3996 MHz, 184.05 W, 30
2026/10/08 04:25:03.302, 4, 2032 MHz, 3996 MHz, 1037.41 W, 59
2026/10/08 04:25:03.302, 5, 2032 MHz, 3996 MHz, 1013.86 W, 56
2026/10/08 04:25:03.302, 6, 120 MHz, 3996 MHz, 186.78 W, 30
2026/10/08 04:25:03.302, 7, 120 MHz, 3996 MHz, 186.53 W, 29
2026/10/08 04:25:04.302, 0, 120 MHz, 3996 MHz, 187.81 W, 36
2026/10/08 04:25:04.302, 1, 120 MHz, 3996 MHz, 188.23 W, 38
2026/10/08 04:25:04.302, 2, 120 MHz, 3996 MHz, 184.24 W, 30
2026/10/08 04:25:04.302, 3, 120 MHz, 3996 MHz, 184.01 W, 30
2026/10/08 04:25:04.302, 4, 1335 MHz, 3996 MHz, 1084.01 W, 65
2026/10/08 04:25:04.302, 5, 1372 MHz, 3996 MHz, 1075.42 W, 63
2026/10/08 04:25:04.302, 6, 120 MHz, 3996 MHz, 186.78 W, 30
2026/10/08 04:25:04.302, 7, 120 MHz, 3996 MHz, 186.54 W, 29
2026/10/08 04:25:05.302, 0, 120 MHz, 3996 MHz, 187.51 W, 35
2026/10/08 04:25:05.302, 1, 120 MHz, 3996 MHz, 188.23 W, 38
2026/10/08 04:25:05.302, 2, 120 MHz, 3996 MHz, 184.13 W, 30
2026/10/08 04:25:05.302, 3, 120 MHz, 3996 MHz, 183.99 W, 30
2026/10/08 04:25:05.302, 4, 1327 MHz, 3996 MHz, 1088.04 W, 65
2026/10/08 04:25:05.302, 5, 1350 MHz, 3996 MHz, 1090.04 W, 63
2026/10/08 04:25:05.302, 6, 120 MHz, 3996 MHz, 186.78 W, 30
2026/10/08 04:25:05.302, 7, 120 MHz, 3996 MHz, 186.54 W, 29
2026/10/08 04:25:06.302, 0, 120 MHz, 3996 MHz, 187.67 W, 35
2026/10/08 04:25:06.302, 1, 120 MHz, 3996 MHz, 188.23 W, 38
2026/10/08 04:25:06.302, 2, 120 MHz, 3996 MHz, 184.09 W, 30
2026/10/08 04:25:06.302, 3, 120 MHz, 3996 MHz, 183.98 W, 30
2026/10/08 04:25:06.302, 4, 1320 MHz, 3996 MHz, 1088.85 W, 65
2026/10/08 04:25:06.302, 5, 1357 MHz, 3996 MHz, 1088.09 W, 63
2026/10/08 04:25:06.302, 6, 120 MHz, 3996 MHz, 186.78 W, 30
2026/10/08 04:25:06.303, 7, 120 MHz, 3996 MHz, 186.53 W, 29
2026/10/08 04:25:07.303, 0, 120 MHz, 3996 MHz, 187.23 W, 35
2026/10/08 04:25:07.303, 1, 120 MHz, 3996 MHz, 188.23 W, 38
2026/10/08 04:25:07.303, 2, 120 MHz, 3996 MHz, 184.09 W, 30
2026/10/08 04:25:07.303, 3, 120 MHz, 3996 MHz, 184.06 W, 30
2026/10/08 04:25:07.303, 4, 1320 MHz, 3996 MHz, 1087.77 W, 66
2026/10/08 04:25:07.303, 5, 1357 MHz, 3996 MHz, 1089.99 W, 64
2026/10/08 04:25:07.303, 6, 120 MHz, 3996 MHz, 186.78 W, 30
2026/10/08 04:25:07.303, 7, 120 MHz, 3996 MHz, 186.54 W, 29
2026/10/08 04:25:08.303, 0, 120 MHz, 3996 MHz, 187.34 W, 35
2026/10/08 04:25:08.303, 1, 120 MHz, 3996 MHz, 188.23 W, 37
2026/10/08 04:25:08.303, 2, 120 MHz, 3996 MHz, 184.09 W, 30
2026/10/08 04:25:08.303, 3, 120 MHz, 3996 MHz, 184.02 W, 30
2026/10/08 04:25:08.303, 4, 2032 MHz, 3996 MHz, 1058.74 W, 60
2026/10/08 04:25:08.303, 5, 2025 MHz, 3996 MHz, 1058.78 W, 58
2026/10/08 04:25:08.303, 6, 120 MHz, 3996 MHz, 186.78 W, 30
2026/10/08 04:25:08.303, 7, 120 MHz, 3996 MHz, 186.53 W, 29
2026/10/08 04:25:09.303, 0, 120 MHz, 3996 MHz, 186.87 W, 35
2026/10/08 04:25:09.303, 1, 120 MHz, 3996 MHz, 188.23 W, 37
2026/10/08 04:25:09.303, 2, 120 MHz, 3996 MHz, 184.13 W, 30
2026/10/08 04:25:09.303, 3, 120 MHz, 3996 MHz, 183.57 W, 30
2026/10/08 04:25:09.303, 4, 2032 MHz, 3996 MHz, 1036.63 W, 60
2026/10/08 04:25:09.303, 5, 2032 MHz, 3996 MHz, 1014.10 W, 58
2026/10/08 04:25:09.303, 6, 120 MHz, 3996 MHz, 186.78 W, 30
2026/10/08 04:25:09.303, 7, 120 MHz, 3996 MHz, 186.53 W, 28
2026/10/08 04:25:10.304, 0, 120 MHz, 3996 MHz, 186.41 W, 35
2026/10/08 04:25:10.304, 1, 120 MHz, 3996 MHz, 187.91 W, 37
2026/10/08 04:25:10.304, 2, 120 MHz, 3996 MHz, 184.09 W, 30
2026/10/08 04:25:10.304, 3, 120 MHz, 3996 MHz, 182.16 W, 30
2026/10/08 04:25:10.304, 4, 2032 MHz, 3996 MHz, 1036.18 W, 60
2026/10/08 04:25:10.304, 5, 2032 MHz, 3996 MHz, 1015.11 W, 58
2026/10/08 04:25:10.304, 6, 120 MHz, 3996 MHz, 185.02 W, 29
2026/10/08 04:25:10.304, 7, 120 MHz, 3996 MHz, 184.93 W, 28
2026/10/08 04:25:11.304, 0, 120 MHz, 3996 MHz, 186.41 W, 35
2026/10/08 04:25:11.304, 1, 120 MHz, 3996 MHz, 187.69 W, 37
2026/10/08 04:25:11.304, 2, 120 MHz, 3996 MHz, 184.09 W, 30
2026/10/08 04:25:11.304, 3, 120 MHz, 3996 MHz, 182.17 W, 30
2026/10/08 04:25:11.304, 4, 2032 MHz, 3996 MHz, 1035.70 W, 60
2026/10/08 04:25:11.304, 5, 2032 MHz, 3996 MHz, 1013.45 W, 58
2026/10/08 04:25:11.304, 6, 120 MHz, 3996 MHz, 184.83 W, 29
2026/10/08 04:25:11.304, 7, 120 MHz, 3996 MHz, 184.62 W, 28
2026/10/08 04:25:12.304, 0, 120 MHz, 3996 MHz, 186.41 W, 35
2026/10/08 04:25:12.304, 1, 120 MHz, 3996 MHz, 187.54 W, 37
2026/10/08 04:25:12.304, 2, 120 MHz, 3996 MHz, 184.09 W, 30
2026/10/08 04:25:12.304, 3, 120 MHz, 3996 MHz, 182.15 W, 30
2026/10/08 04:25:12.304, 4, 2032 MHz, 3996 MHz, 1038.24 W, 61
2026/10/08 04:25:12.304, 5, 2032 MHz, 3996 MHz, 1016.27 W, 58
2026/10/08 04:25:12.304, 6, 120 MHz, 3996 MHz, 184.83 W, 29
2026/10/08 04:25:12.304, 7, 120 MHz, 3996 MHz, 184.60 W, 28
2026/10/08 04:25:13.304, 0, 120 MHz, 3996 MHz, 186.41 W, 35
2026/10/08 04:25:13.305, 1, 120 MHz, 3996 MHz, 187.37 W, 37
2026/10/08 04:25:13.305, 2, 120 MHz, 3996 MHz, 184.05 W, 30
2026/10/08 04:25:13.305, 3, 120 MHz, 3996 MHz, 182.15 W, 30
2026/10/08 04:25:13.305, 4, 2032 MHz, 3996 MHz, 1038.25 W, 61
2026/10/08 04:25:13.305, 5, 2032 MHz, 3996 MHz, 1017.12 W, 58
2026/10/08 04:25:13.305, 6, 120 MHz, 3996 MHz, 184.83 W, 29
2026/10/08 04:25:13.305, 7, 120 MHz, 3996 MHz, 184.59 W, 28
2026/10/08 04:25:14.305, 0, 120 MHz, 3996 MHz, 186.41 W, 35
2026/10/08 04:25:14.305, 1, 120 MHz, 3996 MHz, 187.28 W, 37
2026/10/08 04:25:14.305, 2, 120 MHz, 3996 MHz, 184.05 W, 30
2026/10/08 04:25:14.305, 3, 120 MHz, 3996 MHz, 182.15 W, 30
2026/10/08 04:25:14.305, 4, 2032 MHz, 3996 MHz, 1038.12 W, 61
2026/10/08 04:25:14.305, 5, 2032 MHz, 3996 MHz, 1016.73 W, 58
2026/10/08 04:25:14.305, 6, 120 MHz, 3996 MHz, 184.83 W, 29
2026/10/08 04:25:14.305, 7, 120 MHz, 3996 MHz, 184.61 W, 28
2026/10/08 04:25:15.305, 0, 120 MHz, 3996 MHz, 186.41 W, 35
2026/10/08 04:25:15.305, 1, 120 MHz, 3996 MHz, 187.45 W, 37
2026/10/08 04:25:15.305, 2, 120 MHz, 3996 MHz, 184.05 W, 30
2026/10/08 04:25:15.305, 3, 120 MHz, 3996 MHz, 182.16 W, 30
2026/10/08 04:25:15.305, 4, 2032 MHz, 3996 MHz, 1038.06 W, 61
2026/10/08 04:25:15.305, 5, 2032 MHz, 3996 MHz, 1016.86 W, 59
2026/10/08 04:25:15.305, 6, 120 MHz, 3996 MHz, 184.83 W, 29
2026/10/08 04:25:15.305, 7, 120 MHz, 3996 MHz, 184.60 W, 28
2026/10/08 04:25:16.305, 0, 120 MHz, 3996 MHz, 186.41 W, 35
2026/10/08 04:25:16.305, 1, 120 MHz, 3996 MHz, 187.01 W, 37
2026/10/08 04:25:16.305, 2, 120 MHz, 3996 MHz, 184.09 W, 30
2026/10/08 04:25:16.305, 3, 120 MHz, 3996 MHz, 182.15 W, 30
2026/10/08 04:25:16.305, 4, 2032 MHz, 3996 MHz, 1041.40 W, 61
2026/10/08 04:25:16.305, 5, 2032 MHz, 3996 MHz, 1019.86 W, 59
2026/10/08 04:25:16.305, 6, 120 MHz, 3996 MHz, 184.83 W, 29
2026/10/08 04:25:16.305, 7, 120 MHz, 3996 MHz, 184.60 W, 28
2026/10/08 04:25:17.306, 0, 120 MHz, 3996 MHz, 186.41 W, 35
2026/10/08 04:25:17.306, 1, 120 MHz, 3996 MHz, 186.87 W, 37
2026/10/08 04:25:17.306, 2, 120 MHz, 3996 MHz, 184.05 W, 29
2026/10/08 04:25:17.306, 3, 120 MHz, 3996 MHz, 182.16 W, 30
2026/10/08 04:25:17.306, 4, 2032 MHz, 3996 MHz, 1039.63 W, 61
2026/10/08 04:25:17.306, 5, 2032 MHz, 3996 MHz, 1018.55 W, 59
2026/10/08 04:25:17.306, 6, 120 MHz, 3996 MHz, 184.83 W, 29
2026/10/08 04:25:17.306, 7, 120 MHz, 3996 MHz, 184.62 W, 28
2026/10/08 04:25:18.306, 0, 120 MHz, 3996 MHz, 186.41 W, 35
2026/10/08 04:25:18.306, 1, 120 MHz, 3996 MHz, 186.72 W, 37
2026/10/08 04:25:18.306, 2, 120 MHz, 3996 MHz, 184.05 W, 29
2026/10/08 04:25:18.306, 3, 120 MHz, 3996 MHz, 182.16 W, 30
2026/10/08 04:25:18.306, 4, 2032 MHz, 3996 MHz, 1040.80 W, 61
2026/10/08 04:25:18.306, 5, 2032 MHz, 3996 MHz, 1018.20 W, 59
2026/10/08 04:25:18.306, 6, 120 MHz, 3996 MHz, 184.83 W, 29
2026/10/08 04:25:18.306, 7, 120 MHz, 3996 MHz, 184.62 W, 28
2026/10/08 04:25:19.306, 0, 120 MHz, 3996 MHz, 186.41 W, 35
2026/10/08 04:25:19.306, 1, 120 MHz, 3996 MHz, 186.87 W, 37
2026/10/08 04:25:19.306, 2, 120 MHz, 3996 MHz, 183.97 W, 29
2026/10/08 04:25:19.306, 3, 120 MHz, 3996 MHz, 182.18 W, 30
2026/10/08 04:25:19.306, 4, 2032 MHz, 3996 MHz, 1042.44 W, 61
2026/10/08 04:25:19.306, 5, 2032 MHz, 3996 MHz, 1020.39 W, 59
2026/10/08 04:25:19.306, 6, 120 MHz, 3996 MHz, 184.83 W, 29
2026/10/08 04:25:19.306, 7, 120 MHz, 3996 MHz, 184.62 W, 28
2026/10/08 04:25:20.306, 0, 120 MHz, 3996 MHz, 186.41 W, 35
2026/10/08 04:25:20.307, 1, 120 MHz, 3996 MHz, 186.87 W, 37
2026/10/08 04:25:20.307, 2, 120 MHz, 3996 MHz, 184.01 W, 29
2026/10/08 04:25:20.307, 3, 120 MHz, 3996 MHz, 182.18 W, 29
2026/10/08 04:25:20.307, 4, 2032 MHz, 3996 MHz, 1043.79 W, 62
2026/10/08 04:25:20.307, 5, 2032 MHz, 3996 MHz, 1022.18 W, 59
2026/10/08 04:25:20.307, 6, 120 MHz, 3996 MHz, 184.83 W, 29
2026/10/08 04:25:20.307, 7, 120 MHz, 3996 MHz, 184.61 W, 28
2026/10/08 04:25:21.307, 0, 120 MHz, 3996 MHz, 186.41 W, 35
2026/10/08 04:25:21.307, 1, 120 MHz, 3996 MHz, 186.60 W, 37
2026/10/08 04:25:21.307, 2, 120 MHz, 3996 MHz, 183.82 W, 29
2026/10/08 04:25:21.307, 3, 120 MHz, 3996 MHz, 182.18 W, 29
2026/10/08 04:25:21.307, 4, 2032 MHz, 3996 MHz, 1044.09 W, 62
2026/10/08 04:25:21.307, 5, 2032 MHz, 3996 MHz, 1020.69 W, 59
2026/10/08 04:25:21.307, 6, 120 MHz, 3996 MHz, 184.83 W, 29
2026/10/08 04:25:21.307, 7, 120 MHz, 3996 MHz, 184.64 W, 28
2026/10/08 04:25:22.307, 0, 120 MHz, 3996 MHz, 186.41 W, 35
2026/10/08 04:25:22.307, 1, 120 MHz, 3996 MHz, 186.48 W, 37
2026/10/08 04:25:22.307, 2, 120 MHz, 3996 MHz, 183.78 W, 29
2026/10/08 04:25:22.307, 3, 120 MHz, 3996 MHz, 182.16 W, 29
2026/10/08 04:25:22.307, 4, 1312 MHz, 3996 MHz, 1065.58 W, 67
2026/10/08 04:25:22.307, 5, 1350 MHz, 3996 MHz, 1056.02 W, 65
2026/10/08 04:25:22.307, 6, 120 MHz, 3996 MHz, 184.83 W, 29
2026/10/08 04:25:22.307, 7, 120 MHz, 3996 MHz, 184.62 W, 28
2026/10/08 04:25:23.307, 0, 120 MHz, 3996 MHz, 186.41 W, 35
2026/10/08 04:25:23.307, 1, 120 MHz, 3996 MHz, 186.40 W, 37
2026/10/08 04:25:23.307, 2, 120 MHz, 3996 MHz, 183.97 W, 29
2026/10/08 04:25:23.307, 3, 120 MHz, 3996 MHz, 182.15 W, 29
2026/10/08 04:25:23.307, 4, 1320 MHz, 3996 MHz, 1085.44 W, 68
2026/10/08 04:25:23.307, 5, 1350 MHz, 3996 MHz, 1085.77 W, 66
2026/10/08 04:25:23.307, 6, 120 MHz, 3996 MHz, 184.83 W, 29
2026/10/08 04:25:23.307, 7, 120 MHz, 3996 MHz, 184.63 W, 28
2026/10/08 04:25:24.308, 0, 120 MHz, 3996 MHz, 186.41 W, 35
2026/10/08 04:25:24.308, 1, 120 MHz, 3996 MHz, 186.52 W, 37
2026/10/08 04:25:24.308, 2, 120 MHz, 3996 MHz, 183.78 W, 29
2026/10/08 04:25:24.308, 3, 120 MHz, 3996 MHz, 182.15 W, 29
2026/10/08 04:25:24.308, 4, 1320 MHz, 3996 MHz, 1089.32 W, 68
2026/10/08 04:25:24.308, 5, 1372 MHz, 3996 MHz, 1085.88 W, 66
2026/10/08 04:25:24.308, 6, 120 MHz, 3996 MHz, 184.83 W, 29
2026/10/08 04:25:24.308, 7, 120 MHz, 3996 MHz, 184.61 W, 28
2026/10/08 04:25:25.308, 0, 120 MHz, 3996 MHz, 186.41 W, 35
2026/10/08 04:25:25.308, 1, 120 MHz, 3996 MHz, 186.48 W, 37
2026/10/08 04:25:25.308, 2, 120 MHz, 3996 MHz, 183.66 W, 29
2026/10/08 04:25:25.308, 3, 120 MHz, 3996 MHz, 182.16 W, 29
2026/10/08 04:25:25.308, 4, 1320 MHz, 3996 MHz, 1088.59 W, 68
2026/10/08 04:25:25.308, 5, 1365 MHz, 3996 MHz, 1085.06 W, 66
2026/10/08 04:25:25.308, 6, 120 MHz, 3996 MHz, 184.83 W, 29
2026/10/08 04:25:25.308, 7, 120 MHz, 3996 MHz, 184.62 W, 28
2026/10/08 04:25:26.308, 0, 120 MHz, 3996 MHz, 186.41 W, 34
2026/10/08 04:25:26.308, 1, 120 MHz, 3996 MHz, 186.29 W, 37
2026/10/08 04:25:26.308, 2, 120 MHz, 3996 MHz, 183.62 W, 29
2026/10/08 04:25:26.308, 3, 120 MHz, 3996 MHz, 182.18 W, 29
2026/10/08 04:25:26.308, 4, 1320 MHz, 3996 MHz, 1088.08 W, 68
2026/10/08 04:25:26.308, 5, 1357 MHz, 3996 MHz, 1084.15 W, 66
2026/10/08 04:25:26.308, 6, 120 MHz, 3996 MHz, 184.83 W, 29
2026/10/08 04:25:26.308, 7, 120 MHz, 3996 MHz, 184.61 W, 28
2026/10/08 04:25:27.308, 0, 120 MHz, 3996 MHz, 186.41 W, 34
2026/10/08 04:25:27.309, 1, 120 MHz, 3996 MHz, 186.36 W, 37
2026/10/08 04:25:27.309, 2, 120 MHz, 3996 MHz, 183.47 W, 29
2026/10/08 04:25:27.309, 3, 120 MHz, 3996 MHz, 182.15 W, 29
2026/10/08 04:25:27.309, 4, 2032 MHz, 3996 MHz, 1034.89 W, 62
2026/10/08 04:25:27.309, 5, 2032 MHz, 3996 MHz, 1019.03 W, 60
2026/10/08 04:25:27.309, 6, 120 MHz, 3996 MHz, 184.83 W, 29
2026/10/08 04:25:27.309, 7, 120 MHz, 3996 MHz, 184.63 W, 28
2026/10/08 04:25:28.309, 0, 120 MHz, 3996 MHz, 186.41 W, 34
2026/10/08 04:25:28.309, 1, 120 MHz, 3996 MHz, 186.32 W, 36
2026/10/08 04:25:28.309, 2, 120 MHz, 3996 MHz, 183.58 W, 29
2026/10/08 04:25:28.309, 3, 120 MHz, 3996 MHz, 182.20 W, 29
2026/10/08 04:25:28.309, 4, 2032 MHz, 3996 MHz, 1041.08 W, 62
2026/10/08 04:25:28.309, 5, 2032 MHz, 3996 MHz, 1019.39 W, 60
2026/10/08 04:25:28.309, 6, 120 MHz, 3996 MHz, 184.83 W, 29
2026/10/08 04:25:28.309, 7, 120 MHz, 3996 MHz, 184.64 W, 28
2026/10/08 04:25:29.309, 0, 120 MHz, 3996 MHz, 186.41 W, 34
2026/10/08 04:25:29.309, 1, 120 MHz, 3996 MHz, 186.29 W, 36
2026/10/08 04:25:29.309, 2, 120 MHz, 3996 MHz, 183.28 W, 29
2026/10/08 04:25:29.309, 3, 120 MHz, 3996 MHz, 182.18 W, 29
2026/10/08 04:25:29.309, 4, 2032 MHz, 3996 MHz, 1040.31 W, 62
2026/10/08 04:25:29.309, 5, 2032 MHz, 3996 MHz, 1018.57 W, 60
2026/10/08 04:25:29.309, 6, 120 MHz, 3996 MHz, 184.83 W, 29
2026/10/08 04:25:29.309, 7, 120 MHz, 3996 MHz, 184.65 W, 28
2026/10/08 04:25:30.309, 0, 120 MHz, 3996 MHz, 186.41 W, 34
2026/10/08 04:25:30.309, 1, 120 MHz, 3996 MHz, 186.32 W, 36
2026/10/08 04:25:30.309, 2, 120 MHz, 3996 MHz, 183.36 W, 29
2026/10/08 04:25:30.309, 3, 120 MHz, 3996 MHz, 182.17 W, 29
2026/10/08 04:25:30.309, 4, 2032 MHz, 3996 MHz, 1041.03 W, 62
2026/10/08 04:25:30.309, 5, 2032 MHz, 3996 MHz, 1018.76 W, 60
2026/10/08 04:25:30.309, 6, 120 MHz, 3996 MHz, 184.83 W, 29
2026/10/08 04:25:30.309, 7, 120 MHz, 3996 MHz, 184.63 W, 27
2026/10/08 04:25:31.310, 0, 120 MHz, 3996 MHz, 186.41 W, 34
2026/10/08 04:25:31.310, 1, 120 MHz, 3996 MHz, 186.29 W, 36
2026/10/08 04:25:31.310, 2, 120 MHz, 3996 MHz, 182.90 W, 29
2026/10/08 04:25:31.310, 3, 120 MHz, 3996 MHz, 182.12 W, 29
2026/10/08 04:25:31.310, 4, 2032 MHz, 3996 MHz, 1042.37 W, 62
2026/10/08 04:25:31.310, 5, 2032 MHz, 3996 MHz, 1020.65 W, 60
2026/10/08 04:25:31.310, 6, 120 MHz, 3996 MHz, 184.83 W, 29
2026/10/08 04:25:31.310, 7, 120 MHz, 3996 MHz, 184.62 W, 27
2026/10/08 04:25:32.310, 0, 120 MHz, 3996 MHz, 186.41 W, 34
2026/10/08 04:25:32.310, 1, 120 MHz, 3996 MHz, 186.29 W, 36
2026/10/08 04:25:32.310, 2, 120 MHz, 3996 MHz, 183.62 W, 29
2026/10/08 04:25:32.310, 3, 120 MHz, 3996 MHz, 182.16 W, 29
2026/10/08 04:25:32.310, 4, 2032 MHz, 3996 MHz, 1042.34 W, 62
2026/10/08 04:25:32.310, 5, 2032 MHz, 3996 MHz, 1019.79 W, 60
2026/10/08 04:25:32.310, 6, 120 MHz, 3996 MHz, 184.83 W, 28
2026/10/08 04:25:32.310, 7, 120 MHz, 3996 MHz, 184.65 W, 27
2026/10/08 04:25:33.310, 0, 120 MHz, 3996 MHz, 186.41 W, 34
2026/10/08 04:25:33.310, 1, 120 MHz, 3996 MHz, 186.29 W, 36
2026/10/08 04:25:33.310, 2, 120 MHz, 3996 MHz, 183.97 W, 29
2026/10/08 04:25:33.310, 3, 120 MHz, 3996 MHz, 182.17 W, 29
2026/10/08 04:25:33.310, 4, 2032 MHz, 3996 MHz, 1041.61 W, 62
2026/10/08 04:25:33.310, 5, 2032 MHz, 3996 MHz, 1019.51 W, 60
2026/10/08 04:25:33.310, 6, 120 MHz, 3996 MHz, 184.83 W, 28
2026/10/08 04:25:33.310, 7, 120 MHz, 3996 MHz, 184.63 W, 27
2026/10/08 04:25:34.310, 0, 120 MHz, 3996 MHz, 186.41 W, 34
2026/10/08 04:25:34.311, 1, 120 MHz, 3996 MHz, 186.29 W, 36
2026/10/08 04:25:34.311, 2, 120 MHz, 3996 MHz, 183.97 W, 29
2026/10/08 04:25:34.311, 3, 120 MHz, 3996 MHz, 182.17 W, 29
2026/10/08 04:25:34.311, 4, 2032 MHz, 3996 MHz, 1043.41 W, 62
2026/10/08 04:25:34.311, 5, 2032 MHz, 3996 MHz, 1021.10 W, 60
2026/10/08 04:25:34.311, 6, 120 MHz, 3996 MHz, 184.83 W, 28
2026/10/08 04:25:34.311, 7, 120 MHz, 3996 MHz, 184.63 W, 27
2026/10/08 04:25:35.311, 0, 120 MHz, 3996 MHz, 186.41 W, 34
2026/10/08 04:25:35.311, 1, 120 MHz, 3996 MHz, 186.29 W, 36
2026/10/08 04:25:35.311, 2, 120 MHz, 3996 MHz, 184.01 W, 29
2026/10/08 04:25:35.311, 3, 120 MHz, 3996 MHz, 182.15 W, 29
2026/10/08 04:25:35.311, 4, 2032 MHz, 3996 MHz, 1043.54 W, 62
2026/10/08 04:25:35.311, 5, 2032 MHz, 3996 MHz, 1021.44 W, 59
2026/10/08 04:25:35.311, 6, 120 MHz, 3996 MHz, 184.83 W, 28
2026/10/08 04:25:35.311, 7, 120 MHz, 3996 MHz, 184.62 W, 27
2026/10/08 04:25:36.311, 0, 120 MHz, 3996 MHz, 186.33 W, 34
2026/10/08 04:25:36.311, 1, 120 MHz, 3996 MHz, 186.29 W, 36
2026/10/08 04:25:36.311, 2, 120 MHz, 3996 MHz, 184.05 W, 29
2026/10/08 04:25:36.311, 3, 120 MHz, 3996 MHz, 182.18 W, 29
2026/10/08 04:25:36.311, 4, 2032 MHz, 3996 MHz, 1043.12 W, 62
2026/10/08 04:25:36.311, 5, 2032 MHz, 3996 MHz, 1021.30 W, 59
2026/10/08 04:25:36.311, 6, 120 MHz, 3996 MHz, 184.83 W, 28
2026/10/08 04:25:36.311, 7, 120 MHz, 3996 MHz, 184.60 W, 27
2026/10/08 04:25:37.311, 0, 120 MHz, 3996 MHz, 186.41 W, 34
2026/10/08 04:25:37.311, 1, 120 MHz, 3996 MHz, 186.29 W, 36
2026/10/08 04:25:37.311, 2, 120 MHz, 3996 MHz, 183.90 W, 29
2026/10/08 04:25:37.311, 3, 120 MHz, 3996 MHz, 182.18 W, 29
2026/10/08 04:25:37.311, 4, 2032 MHz, 3996 MHz, 1043.94 W, 62
2026/10/08 04:25:37.311, 5, 2032 MHz, 3996 MHz, 1021.24 W, 59
2026/10/08 04:25:37.311, 6, 120 MHz, 3996 MHz, 184.83 W, 28
2026/10/08 04:25:37.311, 7, 120 MHz, 3996 MHz, 184.62 W, 27
2026/10/08 04:25:38.312, 0, 120 MHz, 3996 MHz, 186.33 W, 34
2026/10/08 04:25:38.312, 1, 120 MHz, 3996 MHz, 186.36 W, 36
2026/10/08 04:25:38.312, 2, 120 MHz, 3996 MHz, 183.78 W, 28
2026/10/08 04:25:38.312, 3, 120 MHz, 3996 MHz, 182.19 W, 29
2026/10/08 04:25:38.312, 4, 2032 MHz, 3996 MHz, 1045.84 W, 62
2026/10/08 04:25:38.312, 5, 2032 MHz, 3996 MHz, 1023.11 W, 59
2026/10/08 04:25:38.312, 6, 120 MHz, 3996 MHz, 184.83 W, 28
2026/10/08 04:25:38.312, 7, 120 MHz, 3996 MHz, 184.65 W, 27
2026/10/08 04:25:39.312, 0, 120 MHz, 3996 MHz, 186.29 W, 33
2026/10/08 04:25:39.312, 1, 120 MHz, 3996 MHz, 186.32 W, 36
2026/10/08 04:25:39.312, 2, 120 MHz, 3996 MHz, 183.62 W, 28
2026/10/08 04:25:39.312, 3, 120 MHz, 3996 MHz, 182.20 W, 29
2026/10/08 04:25:39.312, 4, 2032 MHz, 3996 MHz, 1044.23 W, 62
2026/10/08 04:25:39.312, 5, 2032 MHz, 3996 MHz, 1022.72 W, 59
2026/10/08 04:25:39.312, 6, 120 MHz, 3996 MHz, 184.83 W, 28
2026/10/08 04:25:39.312, 7, 120 MHz, 3996 MHz, 184.63 W, 27
2026/10/08 04:25:40.312, 0, 120 MHz, 3996 MHz, 186.14 W, 33
2026/10/08 04:25:40.312, 1, 120 MHz, 3996 MHz, 186.40 W, 36
2026/10/08 04:25:40.312, 2, 120 MHz, 3996 MHz, 183.71 W, 28
2026/10/08 04:25:40.312, 3, 120 MHz, 3996 MHz, 182.17 W, 28
2026/10/08 04:25:40.312, 4, 2032 MHz, 3996 MHz, 1042.73 W, 62
2026/10/08 04:25:40.312, 5, 2032 MHz, 3996 MHz, 1022.12 W, 59
2026/10/08 04:25:40.312, 6, 120 MHz, 3996 MHz, 184.83 W, 28
2026/10/08 04:25:40.312, 7, 120 MHz, 3996 MHz, 184.65 W, 27
2026/10/08 04:25:41.313, 0, 120 MHz, 3996 MHz, 186.10 W, 33
2026/10/08 04:25:41.313, 1, 120 MHz, 3996 MHz, 186.29 W, 35
2026/10/08 04:25:41.313, 2, 120 MHz, 3996 MHz, 183.58 W, 28
2026/10/08 04:25:41.313, 3, 120 MHz, 3996 MHz, 182.18 W, 28
2026/10/08 04:25:41.313, 4, 1320 MHz, 3996 MHz, 1085.39 W, 68
2026/10/08 04:25:41.313, 5, 1372 MHz, 3996 MHz, 1086.28 W, 65
2026/10/08 04:25:41.313, 6, 120 MHz, 3996 MHz, 184.83 W, 28
2026/10/08 04:25:41.313, 7, 120 MHz, 3996 MHz, 184.65 W, 27
2026/10/08 04:25:42.313, 0, 120 MHz, 3996 MHz, 185.68 W, 33
2026/10/08 04:25:42.313, 1, 120 MHz, 3996 MHz, 186.29 W, 35
2026/10/08 04:25:42.313, 2, 120 MHz, 3996 MHz, 183.48 W, 28
2026/10/08 04:25:42.313, 3, 120 MHz, 3996 MHz, 182.18 W, 28
2026/10/08 04:25:42.313, 4, 1320 MHz, 3996 MHz, 1088.00 W, 67
2026/10/08 04:25:42.313, 5, 1365 MHz, 3996 MHz, 1086.78 W, 65
2026/10/08 04:25:42.313, 6, 120 MHz, 3996 MHz, 184.83 W, 28
2026/10/08 04:25:42.313, 7, 120 MHz, 3996 MHz, 184.65 W, 27
2026/10/08 04:25:43.313, 0, 120 MHz, 3996 MHz, 185.75 W, 33
2026/10/08 04:25:43.313, 1, 120 MHz, 3996 MHz, 186.29 W, 35
2026/10/08 04:25:43.313, 2, 120 MHz, 3996 MHz, 183.03 W, 28
2026/10/08 04:25:43.313, 3, 120 MHz, 3996 MHz, 182.18 W, 28
2026/10/08 04:25:43.313, 4, 1335 MHz, 3996 MHz, 1087.65 W, 67
2026/10/08 04:25:43.313, 5, 1365 MHz, 3996 MHz, 1087.86 W, 65
2026/10/08 04:25:43.313, 6, 120 MHz, 3996 MHz, 184.83 W, 28
2026/10/08 04:25:43.313, 7, 120 MHz, 3996 MHz, 184.67 W, 27
2026/10/08 04:25:44.313, 0, 120 MHz, 3996 MHz, 185.67 W, 33
2026/10/08 04:25:44.313, 1, 120 MHz, 3996 MHz, 186.29 W, 35
2026/10/08 04:25:44.313, 2, 120 MHz, 3996 MHz, 183.05 W, 28
2026/10/08 04:25:44.313, 3, 120 MHz, 3996 MHz, 182.15 W, 28
2026/10/08 04:25:44.313, 4, 1327 MHz, 3996 MHz, 1088.44 W, 67
2026/10/08 04:25:44.313, 5, 1357 MHz, 3996 MHz, 1086.01 W, 65
2026/10/08 04:25:44.313, 6, 120 MHz, 3996 MHz, 184.79 W, 28
2026/10/08 04:25:44.313, 7, 120 MHz, 3996 MHz, 184.67 W, 27
2026/10/08 04:25:45.314, 0, 120 MHz, 3996 MHz, 185.11 W, 33
2026/10/08 04:25:45.314, 1, 120 MHz, 3996 MHz, 186.29 W, 35
2026/10/08 04:25:45.314, 2, 120 MHz, 3996 MHz, 183.19 W, 28
2026/10/08 04:25:45.314, 3, 120 MHz, 3996 MHz, 182.17 W, 28
2026/10/08 04:25:45.314, 4, 1972 MHz, 3996 MHz, 1064.96 W, 61
2026/10/08 04:25:45.314, 5, 2032 MHz, 3996 MHz, 1047.65 W, 59
2026/10/08 04:25:45.314, 6, 120 MHz, 3996 MHz, 184.83 W, 28
2026/10/08 04:25:45.314, 7, 120 MHz, 3996 MHz, 184.67 W, 27
2026/10/08 04:25:46.314, 0, 120 MHz, 3996 MHz, 185.11 W, 33
2026/10/08 04:25:46.314, 1, 120 MHz, 3996 MHz, 186.29 W, 35
2026/10/08 04:25:46.314, 2, 120 MHz, 3996 MHz, 182.96 W, 28
2026/10/08 04:25:46.314, 3, 120 MHz, 3996 MHz, 182.15 W, 28
2026/10/08 04:25:46.314, 4, 2032 MHz, 3996 MHz, 1038.69 W, 61
2026/10/08 04:25:46.314, 5, 2032 MHz, 3996 MHz, 1017.23 W, 59
2026/10/08 04:25:46.314, 6, 120 MHz, 3996 MHz, 184.83 W, 28
2026/10/08 04:25:46.314, 7, 120 MHz, 3996 MHz, 184.64 W, 27
2026/10/08 04:25:47.314, 0, 120 MHz, 3996 MHz, 185.01 W, 33
2026/10/08 04:25:47.314, 1, 120 MHz, 3996 MHz, 186.29 W, 35
2026/10/08 04:25:47.314, 2, 120 MHz, 3996 MHz, 183.13 W, 28
2026/10/08 04:25:47.314, 3, 120 MHz, 3996 MHz, 182.18 W, 28
2026/10/08 04:25:47.314, 4, 2032 MHz, 3996 MHz, 1039.82 W, 61
2026/10/08 04:25:47.314, 5, 2032 MHz, 3996 MHz, 1016.79 W, 59
2026/10/08 04:25:47.314, 6, 120 MHz, 3996 MHz, 184.83 W, 28
2026/10/08 04:25:47.314, 7, 120 MHz, 3996 MHz, 184.63 W, 27
2026/10/08 04:25:48.315, 0, 120 MHz, 3996 MHz, 184.62 W, 33
2026/10/08 04:25:48.315, 1, 120 MHz, 3996 MHz, 186.29 W, 35
2026/10/08 04:25:48.315, 2, 120 MHz, 3996 MHz, 182.71 W, 28
2026/10/08 04:25:48.315, 3, 120 MHz, 3996 MHz, 182.12 W, 28
2026/10/08 04:25:48.315, 4, 2032 MHz, 3996 MHz, 1037.48 W, 61
2026/10/08 04:25:48.315, 5, 2032 MHz, 3996 MHz, 1017.51 W, 59
2026/10/08 04:25:48.315, 6, 120 MHz, 3996 MHz, 184.79 W, 28
2026/10/08 04:25:48.315, 7, 120 MHz, 3996 MHz, 184.68 W, 27
2026/10/08 04:25:49.315, 0, 120 MHz, 3996 MHz, 184.85 W, 33
2026/10/08 04:25:49.315, 1, 120 MHz, 3996 MHz, 186.29 W, 35
2026/10/08 04:25:49.315, 2, 120 MHz, 3996 MHz, 182.67 W, 28
2026/10/08 04:25:49.315, 3, 120 MHz, 3996 MHz, 182.18 W, 28
2026/10/08 04:25:49.315, 4, 2032 MHz, 3996 MHz, 1039.21 W, 61
2026/10/08 04:25:49.315, 5, 2032 MHz, 3996 MHz, 1018.32 W, 59
2026/10/08 04:25:49.315, 6, 120 MHz, 3996 MHz, 184.83 W, 28
2026/10/08 04:25:49.315, 7, 120 MHz, 3996 MHz, 184.65 W, 27
2026/10/08 04:25:50.315, 0, 120 MHz, 3996 MHz, 184.62 W, 33
2026/10/08 04:25:50.315, 1, 120 MHz, 3996 MHz, 186.29 W, 35
2026/10/08 04:25:50.315, 2, 120 MHz, 3996 MHz, 182.71 W, 28
2026/10/08 04:25:50.315, 3, 120 MHz, 3996 MHz, 182.05 W, 28
2026/10/08 04:25:50.315, 4, 2032 MHz, 3996 MHz, 1039.90 W, 61
2026/10/08 04:25:50.315, 5, 2032 MHz, 3996 MHz, 1017.93 W, 59
2026/10/08 04:25:50.315, 6, 120 MHz, 3996 MHz, 184.79 W, 28
2026/10/08 04:25:50.315, 7, 120 MHz, 3996 MHz, 184.67 W, 27
2026/10/08 04:25:51.316, 0, 120 MHz, 3996 MHz, 185.57 W, 33
2026/10/08 04:25:51.316, 1, 120 MHz, 3996 MHz, 186.29 W, 35
2026/10/08 04:25:51.316, 2, 120 MHz, 3996 MHz, 182.33 W, 28
2026/10/08 04:25:51.316, 3, 120 MHz, 3996 MHz, 181.68 W, 28
2026/10/08 04:25:51.316, 4, 2032 MHz, 3996 MHz, 1037.40 W, 61
2026/10/08 04:25:51.316, 5, 2032 MHz, 3996 MHz, 1016.39 W, 58
2026/10/08 04:25:51.316, 6, 120 MHz, 3996 MHz, 184.71 W, 28
2026/10/08 04:25:51.316, 7, 120 MHz, 3996 MHz, 184.65 W, 26
2026/10/08 04:25:52.316, 0, 120 MHz, 3996 MHz, 185.40 W, 32
2026/10/08 04:25:52.316, 1, 120 MHz, 3996 MHz, 186.29 W, 35
2026/10/08 04:25:52.316, 2, 120 MHz, 3996 MHz, 182.13 W, 28
2026/10/08 04:25:52.316, 3, 120 MHz, 3996 MHz, 182.02 W, 28
2026/10/08 04:25:52.316, 4, 2032 MHz, 3996 MHz, 1039.89 W, 61
2026/10/08 04:25:52.316, 5, 2032 MHz, 3996 MHz, 1017.14 W, 58
2026/10/08 04:25:52.316, 6, 120 MHz, 3996 MHz, 184.72 W, 28
2026/10/08 04:25:52.316, 7, 120 MHz, 3996 MHz, 184.66 W, 26
2026/10/08 04:25:53.316, 0, 120 MHz, 3996 MHz, 184.73 W, 32
2026/10/08 04:25:53.316, 1, 120 MHz, 3996 MHz, 186.29 W, 34
2026/10/08 04:25:53.316, 2, 120 MHz, 3996 MHz, 182.17 W, 28
2026/10/08 04:25:53.316, 3, 120 MHz, 3996 MHz, 182.03 W, 28
2026/10/08 04:25:53.316, 4, 2032 MHz, 3996 MHz, 1040.50 W, 61
2026/10/08 04:25:53.316, 5, 2032 MHz, 3996 MHz, 1018.72 W, 58
2026/10/08 04:25:53.316, 6, 120 MHz, 3996 MHz, 184.72 W, 28
2026/10/08 04:25:53.316, 7, 120 MHz, 3996 MHz, 184.67 W, 26
2026/10/08 04:25:54.316, 0, 120 MHz, 3996 MHz, 184.74 W, 32
2026/10/08 04:25:54.317, 1, 120 MHz, 3996 MHz, 186.29 W, 34
2026/10/08 04:25:54.317, 2, 120 MHz, 3996 MHz, 182.21 W, 28
2026/10/08 04:25:54.317, 3, 120 MHz, 3996 MHz, 181.84 W, 28
2026/10/08 04:25:54.317, 4, 2032 MHz, 3996 MHz, 1039.55 W, 61
2026/10/08 04:25:54.317, 5, 2032 MHz, 3996 MHz, 1018.19 W, 58
2026/10/08 04:25:54.317, 6, 120 MHz, 3996 MHz, 184.75 W, 28
2026/10/08 04:25:54.317, 7, 120 MHz, 3996 MHz, 184.68 W, 26
2026/10/08 04:25:55.317, 0, 2032 MHz, 3996 MHz, 195.48 W, 33
2026/10/08 04:25:55.317, 1, 120 MHz, 3996 MHz, 186.25 W, 34
2026/10/08 04:25:55.317, 2, 120 MHz, 3996 MHz, 182.13 W, 28
2026/10/08 04:25:55.317, 3, 120 MHz, 3996 MHz, 181.69 W, 28
2026/10/08 04:25:55.317, 4, 2032 MHz, 3996 MHz, 1040.01 W, 61
2026/10/08 04:25:55.317, 5, 2032 MHz, 3996 MHz, 1017.46 W, 58
2026/10/08 04:25:55.317, 6, 120 MHz, 3996 MHz, 184.79 W, 28
2026/10/08 04:25:55.317, 7, 120 MHz, 3996 MHz, 184.68 W, 26
2026/10/08 04:25:56.317, 0, 2032 MHz, 3996 MHz, 241.07 W, 33
2026/10/08 04:25:56.317, 1, 120 MHz, 3996 MHz, 186.16 W, 34
2026/10/08 04:25:56.317, 2, 120 MHz, 3996 MHz, 182.17 W, 28
2026/10/08 04:25:56.317, 3, 120 MHz, 3996 MHz, 181.93 W, 28
2026/10/08 04:25:56.317, 4, 2032 MHz, 3996 MHz, 1040.55 W, 61
2026/10/08 04:25:56.317, 5, 2032 MHz, 3996 MHz, 1019.69 W, 58
2026/10/08 04:25:56.317, 6, 120 MHz, 3996 MHz, 184.68 W, 28
2026/10/08 04:25:56.317, 7, 120 MHz, 3996 MHz, 184.68 W, 26
2026/10/08 04:25:57.317, 0, 2032 MHz, 3996 MHz, 241.30 W, 33
2026/10/08 04:25:57.317, 1, 120 MHz, 3996 MHz, 186.16 W, 34
2026/10/08 04:25:57.317, 2, 120 MHz, 3996 MHz, 182.17 W, 28
2026/10/08 04:25:57.317, 3, 120 MHz, 3996 MHz, 181.73 W, 28
2026/10/08 04:25:57.317, 4, 2032 MHz, 3996 MHz, 1041.40 W, 60
2026/10/08 04:25:57.317, 5, 2032 MHz, 3996 MHz, 1019.32 W, 58
2026/10/08 04:25:57.317, 6, 120 MHz, 3996 MHz, 184.44 W, 28
2026/10/08 04:25:57.317, 7, 120 MHz, 3996 MHz, 184.67 W, 26
2026/10/08 04:25:58.318, 0, 2032 MHz, 3996 MHz, 240.66 W, 33
2026/10/08 04:25:58.318, 1, 120 MHz, 3996 MHz, 186.16 W, 34
2026/10/08 04:25:58.318, 2, 120 MHz, 3996 MHz, 182.13 W, 28
2026/10/08 04:25:58.318, 3, 120 MHz, 3996 MHz, 181.70 W, 28
2026/10/08 04:25:58.318, 4, 2032 MHz, 3996 MHz, 1040.75 W, 60
2026/10/08 04:25:58.318, 5, 2032 MHz, 3996 MHz, 1019.90 W, 58
2026/10/08 04:25:58.318, 6, 120 MHz, 3996 MHz, 184.68 W, 28
2026/10/08 04:25:58.318, 7, 120 MHz, 3996 MHz, 184.65 W, 26
2026/10/08 04:25:59.318, 0, 2032 MHz, 3996 MHz, 241.19 W, 33
2026/10/08 04:25:59.318, 1, 120 MHz, 3996 MHz, 186.16 W, 34
2026/10/08 04:25:59.318, 2, 120 MHz, 3996 MHz, 182.13 W, 28
2026/10/08 04:25:59.318, 3, 120 MHz, 3996 MHz, 181.90 W, 28
2026/10/08 04:25:59.318, 4, 2032 MHz, 3996 MHz, 1052.24 W, 60
2026/10/08 04:25:59.318, 5, 1357 MHz, 3996 MHz, 1051.70 W, 64
2026/10/08 04:25:59.318, 6, 120 MHz, 3996 MHz, 184.45 W, 28
2026/10/08 04:25:59.318, 7, 120 MHz, 3996 MHz, 184.69 W, 26
2026/10/08 04:26:00.318, 0, 2032 MHz, 3996 MHz, 240.66 W, 33
2026/10/08 04:26:00.318, 1, 120 MHz, 3996 MHz, 186.16 W, 34
2026/10/08 04:26:00.318, 2, 120 MHz, 3996 MHz, 182.13 W, 28
2026/10/08 04:26:00.318, 3, 120 MHz, 3996 MHz, 181.82 W, 28
2026/10/08 04:26:00.318, 4, 1320 MHz, 3996 MHz, 1090.54 W, 66
2026/10/08 04:26:00.318, 5, 1357 MHz, 3996 MHz, 1086.65 W, 64
2026/10/08 04:26:00.318, 6, 120 MHz, 3996 MHz, 184.56 W, 27
2026/10/08 04:26:00.318, 7, 120 MHz, 3996 MHz, 184.67 W, 26
2026/10/08 04:26:01.318, 0, 307 MHz, 3996 MHz, 204.11 W, 32
2026/10/08 04:26:01.319, 1, 120 MHz, 3996 MHz, 186.25 W, 34
2026/10/08 04:26:01.319, 2, 120 MHz, 3996 MHz, 182.18 W, 28
2026/10/08 04:26:01.319, 3, 120 MHz, 3996 MHz, 181.60 W, 28
2026/10/08 04:26:01.319, 4, 1327 MHz, 3996 MHz, 1086.39 W, 66
2026/10/08 04:26:01.319, 5, 1357 MHz, 3996 MHz, 1089.21 W, 64
2026/10/08 04:26:01.319, 6, 120 MHz, 3996 MHz, 184.45 W, 27
2026/10/08 04:26:01.319, 7, 120 MHz, 3996 MHz, 184.66 W, 26
2026/10/08 04:26:02.319, 0, 195 MHz, 3996 MHz, 186.64 W, 32
2026/10/08 04:26:02.319, 1, 120 MHz, 3996 MHz, 186.29 W, 34
2026/10/08 04:26:02.319, 2, 120 MHz, 3996 MHz, 182.17 W, 28
2026/10/08 04:26:02.319, 3, 120 MHz, 3996 MHz, 181.64 W, 28
2026/10/08 04:26:02.319, 4, 1312 MHz, 3996 MHz, 1087.85 W, 66
2026/10/08 04:26:02.319, 5, 1350 MHz, 3996 MHz, 1090.92 W, 64
2026/10/08 04:26:02.319, 6, 120 MHz, 3996 MHz, 184.68 W, 27
2026/10/08 04:26:02.319, 7, 120 MHz, 3996 MHz, 184.65 W, 26
2026/10/08 04:26:03.319, 0, 127 MHz, 3996 MHz, 186.41 W, 32
2026/10/08 04:26:03.319, 1, 120 MHz, 3996 MHz, 186.29 W, 34
2026/10/08 04:26:03.319, 2, 120 MHz, 3996 MHz, 182.13 W, 28
2026/10/08 04:26:03.319, 3, 120 MHz, 3996 MHz, 181.88 W, 28
2026/10/08 04:26:03.319, 4, 1342 MHz, 3996 MHz, 1086.80 W, 66
2026/10/08 04:26:03.319, 5, 1357 MHz, 3996 MHz, 1088.61 W, 64
2026/10/08 04:26:03.319, 6, 120 MHz, 3996 MHz, 184.60 W, 27
2026/10/08 04:26:03.319, 7, 120 MHz, 3996 MHz, 184.63 W, 26
2026/10/08 04:26:04.319, 0, 120 MHz, 3996 MHz, 186.21 W, 32
2026/10/08 04:26:04.319, 1, 120 MHz, 3996 MHz, 186.29 W, 34
2026/10/08 04:26:04.319, 2, 120 MHz, 3996 MHz, 182.14 W, 28
2026/10/08 04:26:04.319, 3, 120 MHz, 3996 MHz, 181.57 W, 28
2026/10/08 04:26:04.319, 4, 2032 MHz, 3996 MHz, 1039.29 W, 60
2026/10/08 04:26:04.319, 5, 2032 MHz, 3996 MHz, 1013.95 W, 58
2026/10/08 04:26:04.320, 6, 120 MHz, 3996 MHz, 184.60 W, 27
2026/10/08 04:26:04.320, 7, 120 MHz, 3996 MHz, 184.64 W, 26
2026/10/08 04:26:05.320, 0, 120 MHz, 3996 MHz, 186.22 W, 32
2026/10/08 04:26:05.320, 1, 120 MHz, 3996 MHz, 186.29 W, 34
2026/10/08 04:26:05.320, 2, 120 MHz, 3996 MHz, 182.13 W, 28
2026/10/08 04:26:05.320, 3, 120 MHz, 3996 MHz, 181.71 W, 28
2026/10/08 04:26:05.320, 4, 2032 MHz, 3996 MHz, 1035.40 W, 60
2026/10/08 04:26:05.320, 5, 2032 MHz, 3996 MHz, 1014.27 W, 58
2026/10/08 04:26:05.320, 6, 120 MHz, 3996 MHz, 184.56 W, 27
2026/10/08 04:26:05.320, 7, 120 MHz, 3996 MHz, 184.63 W, 26
2026/10/08 04:26:06.320, 0, 120 MHz, 3996 MHz, 185.94 W, 32
2026/10/08 04:26:06.320, 1, 120 MHz, 3996 MHz, 186.29 W, 34
2026/10/08 04:26:06.320, 2, 120 MHz, 3996 MHz, 182.13 W, 28
2026/10/08 04:26:06.320, 3, 120 MHz, 3996 MHz, 181.56 W, 28
2026/10/08 04:26:06.320, 4, 2032 MHz, 3996 MHz, 1033.86 W, 60
2026/10/08 04:26:06.320, 5, 2032 MHz, 3996 MHz, 1013.57 W, 58
2026/10/08 04:26:06.320, 6, 120 MHz, 3996 MHz, 184.36 W, 27
2026/10/08 04:26:06.320, 7, 120 MHz, 3996 MHz, 184.61 W, 26
2026/10/08 04:26:07.320, 0, 120 MHz, 3996 MHz, 185.75 W, 32
2026/10/08 04:26:07.320, 1, 120 MHz, 3996 MHz, 186.29 W, 34
2026/10/08 04:26:07.320, 2, 120 MHz, 3996 MHz, 182.13 W, 28
2026/10/08 04:26:07.320, 3, 120 MHz, 3996 MHz, 181.73 W, 28
2026/10/08 04:26:07.320, 4, 2032 MHz, 3996 MHz, 1034.41 W, 60
2026/10/08 04:26:07.320, 5, 2032 MHz, 3996 MHz, 1014.72 W, 58
2026/10/08 04:26:07.320, 6, 120 MHz, 3996 MHz, 184.53 W, 27
2026/10/08 04:26:07.320, 7, 120 MHz, 3996 MHz, 184.60 W, 26
2026/10/08 04:26:08.321, 0, 120 MHz, 3996 MHz, 185.83 W, 32
2026/10/08 04:26:08.321, 1, 120 MHz, 3996 MHz, 186.29 W, 34
2026/10/08 04:26:08.321, 2, 120 MHz, 3996 MHz, 182.13 W, 28
2026/10/08 04:26:08.321, 3, 120 MHz, 3996 MHz, 181.59 W, 28
2026/10/08 04:26:08.321, 4, 2032 MHz, 3996 MHz, 1036.68 W, 60
2026/10/08 04:26:08.321, 5, 2032 MHz, 3996 MHz, 1016.68 W, 58
2026/10/08 04:26:08.321, 6, 120 MHz, 3996 MHz, 184.45 W, 27
2026/10/08 04:26:08.321, 7, 120 MHz, 3996 MHz, 184.60 W, 26
2026/10/08 04:26:09.321, 0, 120 MHz, 3996 MHz, 185.34 W, 32
2026/10/08 04:26:09.321, 1, 120 MHz, 3996 MHz, 186.29 W, 33
2026/10/08 04:26:09.321, 2, 120 MHz, 3996 MHz, 182.13 W, 28
2026/10/08 04:26:09.321, 3, 120 MHz, 3996 MHz, 181.46 W, 28
2026/10/08 04:26:09.321, 4, 2032 MHz, 3996 MHz, 1035.92 W, 60
2026/10/08 04:26:09.321, 5, 2032 MHz, 3996 MHz, 1014.84 W, 58
2026/10/08 04:26:09.321, 6, 120 MHz, 3996 MHz, 184.37 W, 27
2026/10/08 04:26:09.321, 7, 120 MHz, 3996 MHz, 184.62 W, 26
2026/10/08 04:26:10.321, 0, 120 MHz, 3996 MHz, 185.44 W, 32
2026/10/08 04:26:10.321, 1, 120 MHz, 3996 MHz, 186.29 W, 33
2026/10/08 04:26:10.321, 2, 120 MHz, 3996 MHz, 182.13 W, 28
2026/10/08 04:26:10.321, 3, 120 MHz, 3996 MHz, 181.57 W, 28
2026/10/08 04:26:10.321, 4, 2032 MHz, 3996 MHz, 1035.07 W, 60
2026/10/08 04:26:10.321, 5, 2032 MHz, 3996 MHz, 1013.70 W, 58
2026/10/08 04:26:10.321, 6, 120 MHz, 3996 MHz, 184.44 W, 27
2026/10/08 04:26:10.321, 7, 120 MHz, 3996 MHz, 184.60 W, 26
2026/10/08 04:26:11.321, 0, 120 MHz, 3996 MHz, 185.61 W, 31
2026/10/08 04:26:11.321, 1, 120 MHz, 3996 MHz, 186.29 W, 33
2026/10/08 04:26:11.321, 2, 120 MHz, 3996 MHz, 182.17 W, 28
2026/10/08 04:26:11.321, 3, 120 MHz, 3996 MHz, 181.40 W, 28
2026/10/08 04:26:11.321, 4, 2032 MHz, 3996 MHz, 1036.46 W, 60
2026/10/08 04:26:11.321, 5, 2032 MHz, 3996 MHz, 1017.04 W, 58
2026/10/08 04:26:11.321, 6, 120 MHz, 3996 MHz, 184.68 W, 27
2026/10/08 04:26:11.321, 7, 120 MHz, 3996 MHz, 184.59 W, 26
2026/10/08 04:26:12.322, 0, 120 MHz, 3996 MHz, 185.52 W, 31
2026/10/08 04:26:12.322, 1, 120 MHz, 3996 MHz, 186.29 W, 33
2026/10/08 04:26:12.322, 2, 120 MHz, 3996 MHz, 182.14 W, 28
2026/10/08 04:26:12.322, 3, 120 MHz, 3996 MHz, 181.88 W, 28
2026/10/08 04:26:12.322, 4, 2032 MHz, 3996 MHz, 1038.49 W, 60
2026/10/08 04:26:12.322, 5, 2032 MHz, 3996 MHz, 1016.35 W, 58
2026/10/08 04:26:12.322, 6, 120 MHz, 3996 MHz, 184.37 W, 27
2026/10/08 04:26:12.322, 7, 120 MHz, 3996 MHz, 184.62 W, 26
2026/10/08 04:26:13.322, 0, 120 MHz, 3996 MHz, 185.46 W, 31
2026/10/08 04:26:13.322, 1, 120 MHz, 3996 MHz, 186.29 W, 33
2026/10/08 04:26:13.322, 2, 120 MHz, 3996 MHz, 182.13 W, 28
2026/10/08 04:26:13.322, 3, 120 MHz, 3996 MHz, 181.66 W, 28
2026/10/08 04:26:13.322, 4, 2032 MHz, 3996 MHz, 1037.28 W, 60
2026/10/08 04:26:13.322, 5, 2032 MHz, 3996 MHz, 1015.78 W, 58
2026/10/08 04:26:13.322, 6, 120 MHz, 3996 MHz, 184.56 W, 27
2026/10/08 04:26:13.322, 7, 120 MHz, 3996 MHz, 184.60 W, 26
2026/10/08 04:26:14.322, 0, 120 MHz, 3996 MHz, 185.32 W, 31
2026/10/08 04:26:14.322, 1, 120 MHz, 3996 MHz, 186.29 W, 33
2026/10/08 04:26:14.322, 2, 120 MHz, 3996 MHz, 182.13 W, 28
2026/10/08 04:26:14.322, 3, 120 MHz, 3996 MHz, 181.57 W, 28
2026/10/08 04:26:14.322, 4, 2032 MHz, 3996 MHz, 1035.93 W, 60
2026/10/08 04:26:14.322, 5, 2032 MHz, 3996 MHz, 1015.82 W, 58
2026/10/08 04:26:14.322, 6, 120 MHz, 3996 MHz, 184.48 W, 27
2026/10/08 04:26:14.322, 7, 120 MHz, 3996 MHz, 184.64 W, 26
2026/10/08 04:26:15.323, 0, 120 MHz, 3996 MHz, 185.20 W, 31
2026/10/08 04:26:15.323, 1, 120 MHz, 3996 MHz, 186.29 W, 33
2026/10/08 04:26:15.323, 2, 120 MHz, 3996 MHz, 182.13 W, 28
2026/10/08 04:26:15.323, 3, 120 MHz, 3996 MHz, 181.59 W, 28
2026/10/08 04:26:15.323, 4, 2032 MHz, 3996 MHz, 1039.28 W, 60
2026/10/08 04:26:15.323, 5, 2032 MHz, 3996 MHz, 1019.34 W, 58
2026/10/08 04:26:15.323, 6, 120 MHz, 3996 MHz, 184.40 W, 27
2026/10/08 04:26:15.323, 7, 120 MHz, 3996 MHz, 184.63 W, 26
2026/10/08 04:26:16.323, 0, 120 MHz, 3996 MHz, 185.13 W, 31
2026/10/08 04:26:16.323, 1, 120 MHz, 3996 MHz, 186.29 W, 33
2026/10/08 04:26:16.323, 2, 120 MHz, 3996 MHz, 182.17 W, 28
2026/10/08 04:26:16.323, 3, 120 MHz, 3996 MHz, 181.84 W, 28
2026/10/08 04:26:16.323, 4, 2032 MHz, 3996 MHz, 1039.19 W, 60
2026/10/08 04:26:16.323, 5, 2032 MHz, 3996 MHz, 1016.75 W, 58
2026/10/08 04:26:16.323, 6, 120 MHz, 3996 MHz, 184.48 W, 27
2026/10/08 04:26:16.323, 7, 120 MHz, 3996 MHz, 184.65 W, 26
2026/10/08 04:26:17.323, 0, 120 MHz, 3996 MHz, 184.96 W, 31
2026/10/08 04:26:17.323, 1, 120 MHz, 3996 MHz, 186.29 W, 33
2026/10/08 04:26:17.323, 2, 120 MHz, 3996 MHz, 182.13 W, 28
2026/10/08 04:26:17.323, 3, 120 MHz, 3996 MHz, 181.57 W, 28
2026/10/08 04:26:17.323, 4, 2032 MHz, 3996 MHz, 1036.12 W, 60
2026/10/08 04:26:17.323, 5, 2032 MHz, 3996 MHz, 1016.06 W, 58
2026/10/08 04:26:17.323, 6, 120 MHz, 3996 MHz, 184.49 W, 27
2026/10/08 04:26:17.323, 7, 120 MHz, 3996 MHz, 184.63 W, 26
2026/10/08 04:26:18.323, 0, 120 MHz, 3996 MHz, 184.93 W, 31
2026/10/08 04:26:18.323, 1, 120 MHz, 3996 MHz, 186.29 W, 33
2026/10/08 04:26:18.323, 2, 120 MHz, 3996 MHz, 182.13 W, 28
2026/10/08 04:26:18.323, 3, 120 MHz, 3996 MHz, 181.99 W, 28
2026/10/08 04:26:18.323, 4, 2032 MHz, 3996 MHz, 885.95 W, 54
2026/10/08 04:26:18.323, 5, 2032 MHz, 3996 MHz, 627.33 W, 49
2026/10/08 04:26:18.323, 6, 120 MHz, 3996 MHz, 184.41 W, 27
2026/10/08 04:26:18.324, 7, 120 MHz, 3996 MHz, 184.62 W, 26
2026/10/08 04:26:19.324, 0, 120 MHz, 3996 MHz, 184.88 W, 31
2026/10/08 04:26:19.324, 1, 120 MHz, 3996 MHz, 186.29 W, 33
2026/10/08 04:26:19.324, 2, 120 MHz, 3996 MHz, 182.14 W, 28
2026/10/08 04:26:19.324, 3, 120 MHz, 3996 MHz, 181.59 W, 28
2026/10/08 04:26:19.324, 4, 2032 MHz, 3996 MHz, 256.83 W, 48
2026/10/08 04:26:19.324, 5, 2032 MHz, 3996 MHz, 248.04 W, 46
2026/10/08 04:26:19.324, 6, 120 MHz, 3996 MHz, 184.52 W, 28
2026/10/08 04:26:19.324, 7, 120 MHz, 3996 MHz, 184.64 W, 26
2026/10/08 04:26:20.324, 0, 120 MHz, 3996 MHz, 185.05 W, 31
2026/10/08 04:26:20.324, 1, 120 MHz, 3996 MHz, 186.29 W, 33
2026/10/08 04:26:20.324, 2, 120 MHz, 3996 MHz, 182.13 W, 28
2026/10/08 04:26:20.324, 3, 120 MHz, 3996 MHz, 181.65 W, 28
2026/10/08 04:26:20.324, 4, 2032 MHz, 3996 MHz, 254.34 W, 47
2026/10/08 04:26:20.324, 5, 2032 MHz, 3996 MHz, 257.60 W, 45
2026/10/08 04:26:20.324, 6, 120 MHz, 3996 MHz, 184.44 W, 28
2026/10/08 04:26:20.324, 7, 120 MHz, 3996 MHz, 184.62 W, 26
2026/10/08 04:26:21.324, 0, 120 MHz, 3996 MHz, 184.93 W, 31
2026/10/08 04:26:21.324, 1, 120 MHz, 3996 MHz, 186.29 W, 33
2026/10/08 04:26:21.324, 2, 120 MHz, 3996 MHz, 182.13 W, 28
2026/10/08 04:26:21.324, 3, 120 MHz, 3996 MHz, 181.81 W, 28
2026/10/08 04:26:21.324, 4, 2032 MHz, 3996 MHz, 265.09 W, 46
2026/10/08 04:26:21.324, 5, 2032 MHz, 3996 MHz, 244.88 W, 44
2026/10/08 04:26:21.324, 6, 120 MHz, 3996 MHz, 184.60 W, 28
2026/10/08 04:26:21.324, 7, 120 MHz, 3996 MHz, 184.65 W, 26
2026/10/08 04:26:22.325, 0, 120 MHz, 3996 MHz, 184.96 W, 31
2026/10/08 04:26:22.325, 1, 120 MHz, 3996 MHz, 186.29 W, 33
2026/10/08 04:26:22.325, 2, 120 MHz, 3996 MHz, 182.13 W, 28
2026/10/08 04:26:22.325, 3, 120 MHz, 3996 MHz, 181.83 W, 28
2026/10/08 04:26:22.325, 4, 2032 MHz, 3996 MHz, 252.10 W, 46
2026/10/08 04:26:22.325, 5, 2032 MHz, 3996 MHz, 244.08 W, 44
2026/10/08 04:26:22.325, 6, 120 MHz, 3996 MHz, 184.64 W, 28
2026/10/08 04:26:22.325, 7, 120 MHz, 3996 MHz, 184.65 W, 26
2026/10/08 04:26:23.325, 0, 120 MHz, 3996 MHz, 184.92 W, 31
2026/10/08 04:26:23.325, 1, 120 MHz, 3996 MHz, 186.29 W, 33
2026/10/08 04:26:23.325, 2, 120 MHz, 3996 MHz, 182.13 W, 28
2026/10/08 04:26:23.325, 3, 120 MHz, 3996 MHz, 181.40 W, 28
2026/10/08 04:26:23.325, 4, 2032 MHz, 3996 MHz, 252.06 W, 45
2026/10/08 04:26:23.325, 5, 2032 MHz, 3996 MHz, 243.81 W, 43
2026/10/08 04:26:23.325, 6, 120 MHz, 3996 MHz, 184.64 W, 28
2026/10/08 04:26:23.325, 7, 120 MHz, 3996 MHz, 184.62 W, 26
2026/10/08 04:26:24.325, 0, 120 MHz, 3996 MHz, 184.73 W, 31
2026/10/08 04:26:24.325, 1, 120 MHz, 3996 MHz, 186.29 W, 33
2026/10/08 04:26:24.325, 2, 120 MHz, 3996 MHz, 182.13 W, 28
2026/10/08 04:26:24.325, 3, 120 MHz, 3996 MHz, 181.74 W, 28
2026/10/08 04:26:24.325, 4, 2032 MHz, 3996 MHz, 250.73 W, 45
2026/10/08 04:26:24.325, 5, 2032 MHz, 3996 MHz, 243.03 W, 43
2026/10/08 04:26:24.325, 6, 120 MHz, 3996 MHz, 184.76 W, 28
2026/10/08 04:26:24.325, 7, 120 MHz, 3996 MHz, 184.63 W, 26
2026/10/08 04:26:25.325, 0, 120 MHz, 3996 MHz, 184.97 W, 31
2026/10/08 04:26:25.326, 1, 120 MHz, 3996 MHz, 186.29 W, 33
2026/10/08 04:26:25.326, 2, 120 MHz, 3996 MHz, 182.13 W, 28
2026/10/08 04:26:25.326, 3, 120 MHz, 3996 MHz, 181.73 W, 28
2026/10/08 04:26:25.326, 4, 2032 MHz, 3996 MHz, 250.46 W, 44
2026/10/08 04:26:25.326, 5, 2032 MHz, 3996 MHz, 243.01 W, 42
2026/10/08 04:26:25.326, 6, 120 MHz, 3996 MHz, 184.64 W, 28
2026/10/08 04:26:25.326, 7, 120 MHz, 3996 MHz, 184.62 W, 26
2026/10/08 04:26:26.326, 0, 120 MHz, 3996 MHz, 185.00 W, 31
2026/10/08 04:26:26.326, 1, 120 MHz, 3996 MHz, 186.29 W, 33
2026/10/08 04:26:26.326, 2, 120 MHz, 3996 MHz, 182.13 W, 28
2026/10/08 04:26:26.326, 3, 120 MHz, 3996 MHz, 181.66 W, 28
2026/10/08 04:26:26.326, 4, 2032 MHz, 3996 MHz, 250.61 W, 44
2026/10/08 04:26:26.326, 5, 2032 MHz, 3996 MHz, 242.47 W, 42
2026/10/08 04:26:26.326, 6, 120 MHz, 3996 MHz, 184.60 W, 28
2026/10/08 04:26:26.326, 7, 120 MHz, 3996 MHz, 184.65 W, 26
2026/10/08 04:26:27.326, 0, 120 MHz, 3996 MHz, 184.70 W, 31
2026/10/08 04:26:27.326, 1, 120 MHz, 3996 MHz, 186.29 W, 33
2026/10/08 04:26:27.326, 2, 120 MHz, 3996 MHz, 182.14 W, 28
2026/10/08 04:26:27.326, 3, 120 MHz, 3996 MHz, 181.75 W, 28
2026/10/08 04:26:27.326, 4, 405 MHz, 3996 MHz, 239.43 W, 43
2026/10/08 04:26:27.326, 5, 367 MHz, 3996 MHz, 213.21 W, 41
2026/10/08 04:26:27.326, 6, 120 MHz, 3996 MHz, 184.60 W, 28
2026/10/08 04:26:27.326, 7, 120 MHz, 3996 MHz, 184.64 W, 26
2026/10/08 04:26:28.327, 0, 120 MHz, 3996 MHz, 184.77 W, 31
2026/10/08 04:26:28.327, 1, 120 MHz, 3996 MHz, 186.29 W, 33
2026/10/08 04:26:28.327, 2, 120 MHz, 3996 MHz, 182.17 W, 28
2026/10/08 04:26:28.327, 3, 120 MHz, 3996 MHz, 181.76 W, 28
2026/10/08 04:26:28.327, 4, 255 MHz, 3996 MHz, 190.57 W, 42
2026/10/08 04:26:28.327, 5, 232 MHz, 3996 MHz, 187.16 W, 40
2026/10/08 04:26:28.327, 6, 120 MHz, 3996 MHz, 184.64 W, 28
2026/10/08 04:26:28.327, 7, 120 MHz, 3996 MHz, 184.65 W, 26
2026/10/08 04:26:29.327, 0, 120 MHz, 3996 MHz, 184.51 W, 31
2026/10/08 04:26:29.327, 1, 120 MHz, 3996 MHz, 186.29 W, 33
2026/10/08 04:26:29.327, 2, 120 MHz, 3996 MHz, 182.13 W, 28
2026/10/08 04:26:29.327, 3, 120 MHz, 3996 MHz, 181.80 W, 28
2026/10/08 04:26:29.327, 4, 315 MHz, 3996 MHz, 189.19 W, 42
2026/10/08 04:26:29.327, 5, 442 MHz, 3996 MHz, 188.71 W, 40
2026/10/08 04:26:29.327, 6, 120 MHz, 3996 MHz, 184.71 W, 28
2026/10/08 04:26:29.327, 7, 120 MHz, 3996 MHz, 184.64 W, 26
2026/10/08 04:26:30.327, 0, 120 MHz, 3996 MHz, 184.51 W, 31
2026/10/08 04:26:30.327, 1, 120 MHz, 3996 MHz, 186.29 W, 33
2026/10/08 04:26:30.327, 2, 120 MHz, 3996 MHz, 182.13 W, 28
2026/10/08 04:26:30.327, 3, 120 MHz, 3996 MHz, 181.85 W, 28
2026/10/08 04:26:30.327, 4, 315 MHz, 3996 MHz, 190.39 W, 41
2026/10/08 04:26:30.327, 5, 442 MHz, 3996 MHz, 189.01 W, 40
2026/10/08 04:26:30.327, 6, 120 MHz, 3996 MHz, 184.83 W, 28
2026/10/08 04:26:30.327, 7, 120 MHz, 3996 MHz, 184.62 W, 27
2026/10/08 04:26:31.327, 0, 120 MHz, 3996 MHz, 184.47 W, 31
2026/10/08 04:26:31.328, 1, 120 MHz, 3996 MHz, 186.29 W, 33
2026/10/08 04:26:31.328, 2, 120 MHz, 3996 MHz, 182.18 W, 28
2026/10/08 04:26:31.328, 3, 120 MHz, 3996 MHz, 181.91 W, 28
2026/10/08 04:26:31.328, 4, 120 MHz, 3996 MHz, 189.46 W, 41
2026/10/08 04:26:31.328, 5, 120 MHz, 3996 MHz, 186.65 W, 39
2026/10/08 04:26:31.328, 6, 120 MHz, 3996 MHz, 184.79 W, 28
2026/10/08 04:26:31.328, 7, 120 MHz, 3996 MHz, 184.61 W, 27
2026/10/08 04:26:32.328, 0, 120 MHz, 3996 MHz, 184.47 W, 31
2026/10/08 04:26:32.328, 1, 120 MHz, 3996 MHz, 186.29 W, 33
2026/10/08 04:26:32.328, 2, 120 MHz, 3996 MHz, 182.18 W, 28
2026/10/08 04:26:32.328, 3, 120 MHz, 3996 MHz, 182.18 W, 28
2026/10/08 04:26:32.328, 4, 120 MHz, 3996 MHz, 188.48 W, 41
2026/10/08 04:26:32.328, 5, 120 MHz, 3996 MHz, 186.43 W, 39
2026/10/08 04:26:32.328, 6, 120 MHz, 3996 MHz, 184.83 W, 28
2026/10/08 04:26:32.328, 7, 120 MHz, 3996 MHz, 184.68 W, 27
2026/10/08 04:26:33.328, 0, 120 MHz, 3996 MHz, 184.47 W, 31
2026/10/08 04:26:33.328, 1, 120 MHz, 3996 MHz, 186.29 W, 33
2026/10/08 04:26:33.328, 2, 120 MHz, 3996 MHz, 182.15 W, 28
2026/10/08 04:26:33.328, 3, 120 MHz, 3996 MHz, 182.12 W, 28
2026/10/08 04:26:33.328, 4, 120 MHz, 3996 MHz, 188.11 W, 41
2026/10/08 04:26:33.328, 5, 120 MHz, 3996 MHz, 186.23 W, 39
2026/10/08 04:26:33.328, 6, 120 MHz, 3996 MHz, 184.76 W, 28
2026/10/08 04:26:33.328, 7, 120 MHz, 3996 MHz, 184.65 W, 27
2026/10/08 04:26:34.329, 0, 120 MHz, 3996 MHz, 184.51 W, 31
2026/10/08 04:26:34.329, 1, 120 MHz, 3996 MHz, 186.29 W, 33
2026/10/08 04:26:34.329, 2, 120 MHz, 3996 MHz, 182.38 W, 28
2026/10/08 04:26:34.329, 3, 120 MHz, 3996 MHz, 182.03 W, 28
2026/10/08 04:26:34.329, 4, 120 MHz, 3996 MHz, 187.40 W, 40
2026/10/08 04:26:34.329, 5, 120 MHz, 3996 MHz, 186.19 W, 39
2026/10/08 04:26:34.329, 6, 120 MHz, 3996 MHz, 184.83 W, 28
2026/10/08 04:26:34.329, 7, 120 MHz, 3996 MHz, 184.67 W, 27
2026/10/08 04:26:35.329, 0, 120 MHz, 3996 MHz, 184.51 W, 31
2026/10/08 04:26:35.329, 1, 120 MHz, 3996 MHz, 186.29 W, 33
2026/10/08 04:26:35.329, 2, 120 MHz, 3996 MHz, 182.29 W, 28
2026/10/08 04:26:35.329, 3, 120 MHz, 3996 MHz, 181.99 W, 28
2026/10/08 04:26:35.329, 4, 120 MHz, 3996 MHz, 186.84 W, 40
2026/10/08 04:26:35.329, 5, 120 MHz, 3996 MHz, 185.92 W, 39
2026/10/08 04:26:35.329, 6, 120 MHz, 3996 MHz, 184.83 W, 28
2026/10/08 04:26:35.329, 7, 120 MHz, 3996 MHz, 184.65 W, 27
2026/10/08 04:26:36.329, 0, 120 MHz, 3996 MHz, 184.47 W, 31
2026/10/08 04:26:36.329, 1, 120 MHz, 3996 MHz, 186.29 W, 33
2026/10/08 04:26:36.330, 2, 120 MHz, 3996 MHz, 182.34 W, 28
2026/10/08 04:26:36.330, 3, 120 MHz, 3996 MHz, 182.05 W, 28
2026/10/08 04:26:36.330, 4, 120 MHz, 3996 MHz, 186.53 W, 40
2026/10/08 04:26:36.330, 5, 120 MHz, 3996 MHz, 185.68 W, 38
2026/10/08 04:26:36.330, 6, 120 MHz, 3996 MHz, 184.83 W, 28
2026/10/08 04:26:36.330, 7, 120 MHz, 3996 MHz, 184.65 W, 27
2026/10/08 04:26:37.330, 0, 120 MHz, 3996 MHz, 184.47 W, 31
2026/10/08 04:26:37.330, 1, 120 MHz, 3996 MHz, 186.29 W, 33
2026/10/08 04:26:37.330, 2, 120 MHz, 3996 MHz, 182.38 W, 28
2026/10/08 04:26:37.330, 3, 120 MHz, 3996 MHz, 182.00 W, 28
2026/10/08 04:26:37.330, 4, 120 MHz, 3996 MHz, 186.52 W, 40
2026/10/08 04:26:37.330, 5, 120 MHz, 3996 MHz, 185.63 W, 38
2026/10/08 04:26:37.330, 6, 120 MHz, 3996 MHz, 184.83 W, 28
2026/10/08 04:26:37.330, 7, 120 MHz, 3996 MHz, 184.67 W, 27
2026/10/08 04:26:38.330, 0, 120 MHz, 3996 MHz, 184.47 W, 31
2026/10/08 04:26:38.330, 1, 120 MHz, 3996 MHz, 186.29 W, 33
2026/10/08 04:26:38.330, 2, 120 MHz, 3996 MHz, 182.62 W, 28
2026/10/08 04:26:38.330, 3, 120 MHz, 3996 MHz, 182.04 W, 28
2026/10/08 04:26:38.330, 4, 120 MHz, 3996 MHz, 186.53 W, 40
2026/10/08 04:26:38.330, 5, 120 MHz, 3996 MHz, 185.45 W, 38
2026/10/08 04:26:38.330, 6, 120 MHz, 3996 MHz, 184.83 W, 28
2026/10/08 04:26:38.330, 7, 120 MHz, 3996 MHz, 184.65 W, 27
2026/10/08 04:26:39.331, 0, 120 MHz, 3996 MHz, 184.47 W, 31
2026/10/08 04:26:39.331, 1, 120 MHz, 3996 MHz, 186.29 W, 33
2026/10/08 04:26:39.331, 2, 120 MHz, 3996 MHz, 182.51 W, 28
2026/10/08 04:26:39.331, 3, 120 MHz, 3996 MHz, 182.20 W, 28
2026/10/08 04:26:39.331, 4, 120 MHz, 3996 MHz, 186.52 W, 39
2026/10/08 04:26:39.331, 5, 120 MHz, 3996 MHz, 185.13 W, 38
2026/10/08 04:26:39.331, 6, 120 MHz, 3996 MHz, 184.83 W, 28
2026/10/08 04:26:39.331, 7, 120 MHz, 3996 MHz, 184.65 W, 27
2026/10/08 04:26:40.331, 0, 120 MHz, 3996 MHz, 184.47 W, 31
2026/10/08 04:26:40.331, 1, 120 MHz, 3996 MHz, 186.29 W, 33
2026/10/08 04:26:40.331, 2, 120 MHz, 3996 MHz, 182.71 W, 28
2026/10/08 04:26:40.331, 3, 120 MHz, 3996 MHz, 182.13 W, 28
2026/10/08 04:26:40.331, 4, 120 MHz, 3996 MHz, 186.52 W, 39
2026/10/08 04:26:40.331, 5, 120 MHz, 3996 MHz, 185.07 W, 38
2026/10/08 04:26:40.331, 6, 120 MHz, 3996 MHz, 184.83 W, 28
2026/10/08 04:26:40.331, 7, 120 MHz, 3996 MHz, 184.64 W, 27
2026/10/08 04:26:41.331, 0, 120 MHz, 3996 MHz, 184.47 W, 31
2026/10/08 04:26:41.331, 1, 120 MHz, 3996 MHz, 186.29 W, 33
2026/10/08 04:26:41.331, 2, 120 MHz, 3996 MHz, 182.54 W, 28
2026/10/08 04:26:41.331, 3, 120 MHz, 3996 MHz, 182.15 W, 29
2026/10/08 04:26:41.332, 4, 120 MHz, 3996 MHz, 186.53 W, 39
2026/10/08 04:26:41.332, 5, 120 MHz, 3996 MHz, 184.76 W, 38
2026/10/08 04:26:41.332, 6, 120 MHz, 3996 MHz, 184.83 W, 28
2026/10/08 04:26:41.332, 7, 120 MHz, 3996 MHz, 184.65 W, 27
2026/10/08 04:26:42.332, 0, 120 MHz, 3996 MHz, 184.47 W, 31
2026/10/08 04:26:42.332, 1, 120 MHz, 3996 MHz, 186.29 W, 33
2026/10/08 04:26:42.332, 2, 120 MHz, 3996 MHz, 182.77 W, 28
2026/10/08 04:26:42.332, 3, 120 MHz, 3996 MHz, 182.20 W, 29
2026/10/08 04:26:42.332, 4, 120 MHz, 3996 MHz, 186.53 W, 39
2026/10/08 04:26:42.332, 5, 120 MHz, 3996 MHz, 184.88 W, 37
2026/10/08 04:26:42.332, 6, 120 MHz, 3996 MHz, 184.83 W, 28
2026/10/08 04:26:42.332, 7, 120 MHz, 3996 MHz, 184.63 W, 27
2026/10/08 04:26:43.332, 0, 120 MHz, 3996 MHz, 184.47 W, 31
2026/10/08 04:26:43.332, 1, 120 MHz, 3996 MHz, 186.29 W, 33
2026/10/08 04:26:43.332, 2, 120 MHz, 3996 MHz, 183.33 W, 29
2026/10/08 04:26:43.332, 3, 120 MHz, 3996 MHz, 182.12 W, 29
2026/10/08 04:26:43.332, 4, 120 MHz, 3996 MHz, 186.52 W, 39
2026/10/08 04:26:43.332, 5, 120 MHz, 3996 MHz, 184.82 W, 37
2026/10/08 04:26:43.332, 6, 120 MHz, 3996 MHz, 184.83 W, 28
2026/10/08 04:26:43.332, 7, 120 MHz, 3996 MHz, 184.66 W, 27
2026/10/08 04:26:44.332, 0, 120 MHz, 3996 MHz, 184.47 W, 31
2026/10/08 04:26:44.332, 1, 120 MHz, 3996 MHz, 186.29 W, 33
2026/10/08 04:26:44.332, 2, 120 MHz, 3996 MHz, 182.24 W, 29
2026/10/08 04:26:44.332, 3, 120 MHz, 3996 MHz, 182.16 W, 29
2026/10/08 04:26:44.333, 4, 120 MHz, 3996 MHz, 186.52 W, 39
2026/10/08 04:26:44.333, 5, 120 MHz, 3996 MHz, 184.72 W, 37
2026/10/08 04:26:44.333, 6, 120 MHz, 3996 MHz, 184.83 W, 29
2026/10/08 04:26:44.333, 7, 120 MHz, 3996 MHz, 184.65 W, 27
2026/10/08 04:26:45.333, 0, 120 MHz, 3996 MHz, 184.47 W, 31
2026/10/08 04:26:45.333, 1, 120 MHz, 3996 MHz, 186.29 W, 33
2026/10/08 04:26:45.333, 2, 120 MHz, 3996 MHz, 182.23 W, 29
2026/10/08 04:26:45.333, 3, 120 MHz, 3996 MHz, 181.97 W, 29
2026/10/08 04:26:45.333, 4, 120 MHz, 3996 MHz, 186.52 W, 39
2026/10/08 04:26:45.333, 5, 120 MHz, 3996 MHz, 184.63 W, 37
2026/10/08 04:26:45.333, 6, 120 MHz, 3996 MHz, 184.83 W, 29
2026/10/08 04:26:45.333, 7, 120 MHz, 3996 MHz, 184.67 W, 27
2026/10/08 04:26:46.333, 0, 120 MHz, 3996 MHz, 184.47 W, 31
2026/10/08 04:26:46.333, 1, 120 MHz, 3996 MHz, 186.29 W, 33
2026/10/08 04:26:46.333, 2, 120 MHz, 3996 MHz, 182.24 W, 29
2026/10/08 04:26:46.333, 3, 120 MHz, 3996 MHz, 182.08 W, 29
2026/10/08 04:26:46.333, 4, 120 MHz, 3996 MHz, 186.53 W, 38
2026/10/08 04:26:46.333, 5, 120 MHz, 3996 MHz, 184.66 W, 37
2026/10/08 04:26:46.333, 6, 120 MHz, 3996 MHz, 184.83 W, 29
2026/10/08 04:26:46.333, 7, 120 MHz, 3996 MHz, 184.67 W, 27
2026/10/08 04:26:47.333, 0, 120 MHz, 3996 MHz, 184.47 W, 31
2026/10/08 04:26:47.334, 1, 120 MHz, 3996 MHz, 186.25 W, 33
2026/10/08 04:26:47.334, 2, 120 MHz, 3996 MHz, 182.35 W, 29
2026/10/08 04:26:47.334, 3, 120 MHz, 3996 MHz, 182.11 W, 29
2026/10/08 04:26:47.334, 4, 120 MHz, 3996 MHz, 186.53 W, 38
2026/10/08 04:26:47.334, 5, 120 MHz, 3996 MHz, 184.60 W, 37
2026/10/08 04:26:47.334, 6, 120 MHz, 3996 MHz, 184.83 W, 29
2026/10/08 04:26:47.334, 7, 120 MHz, 3996 MHz, 184.67 W, 27
2026/10/08 04:26:48.334, 0, 120 MHz, 3996 MHz, 184.47 W, 31
2026/10/08 04:26:48.334, 1, 120 MHz, 3996 MHz, 186.29 W, 33
2026/10/08 04:26:48.334, 2, 120 MHz, 3996 MHz, 182.35 W, 29
2026/10/08 04:26:48.334, 3, 120 MHz, 3996 MHz, 181.89 W, 29
2026/10/08 04:26:48.334, 4, 120 MHz, 3996 MHz, 186.53 W, 38
2026/10/08 04:26:48.334, 5, 120 MHz, 3996 MHz, 184.62 W, 37
2026/10/08 04:26:48.334, 6, 120 MHz, 3996 MHz, 184.83 W, 29
2026/10/08 04:26:48.334, 7, 120 MHz, 3996 MHz, 184.67 W, 27
2026/10/08 04:26:49.334, 0, 120 MHz, 3996 MHz, 184.47 W, 31
2026/10/08 04:26:49.334, 1, 120 MHz, 3996 MHz, 186.29 W, 34
2026/10/08 04:26:49.334, 2, 120 MHz, 3996 MHz, 182.34 W, 29
2026/10/08 04:26:49.334, 3, 120 MHz, 3996 MHz, 182.24 W, 29
2026/10/08 04:26:49.335, 4, 120 MHz, 3996 MHz, 186.52 W, 38
2026/10/08 04:26:49.335, 5, 120 MHz, 3996 MHz, 184.58 W, 37
2026/10/08 04:26:49.335, 6, 120 MHz, 3996 MHz, 184.83 W, 29
2026/10/08 04:26:49.335, 7, 120 MHz, 3996 MHz, 184.65 W, 28
2026/10/08 04:26:50.335, 0, 120 MHz, 3996 MHz, 184.47 W, 31
2026/10/08 04:26:50.335, 1, 120 MHz, 3996 MHz, 186.29 W, 34
2026/10/08 04:26:50.335, 2, 120 MHz, 3996 MHz, 182.46 W, 29
2026/10/08 04:26:50.335, 3, 120 MHz, 3996 MHz, 182.05 W, 29
2026/10/08 04:26:50.335, 4, 120 MHz, 3996 MHz, 186.37 W, 38
2026/10/08 04:26:50.335, 5, 2032 MHz, 3996 MHz, 214.49 W, 37
2026/10/08 04:26:50.335, 6, 120 MHz, 3996 MHz, 184.83 W, 29
2026/10/08 04:26:50.335, 7, 120 MHz, 3996 MHz, 184.64 W, 28
2026/10/08 04:26:51.335, 0, 120 MHz, 3996 MHz, 184.47 W, 31
2026/10/08 04:26:51.335, 1, 120 MHz, 3996 MHz, 186.29 W, 34
2026/10/08 04:26:51.335, 2, 120 MHz, 3996 MHz, 182.45 W, 29
2026/10/08 04:26:51.335, 3, 120 MHz, 3996 MHz, 182.20 W, 29
2026/10/08 04:26:51.335, 4, 120 MHz, 3996 MHz, 186.33 W, 38
2026/10/08 04:26:51.335, 5, 2032 MHz, 3996 MHz, 238.34 W, 38
2026/10/08 04:26:51.335, 6, 120 MHz, 3996 MHz, 184.83 W, 29
2026/10/08 04:26:51.335, 7, 120 MHz, 3996 MHz, 184.65 W, 28
2026/10/08 04:26:52.335, 0, 120 MHz, 3996 MHz, 184.47 W, 31
2026/10/08 04:26:52.335, 1, 120 MHz, 3996 MHz, 186.29 W, 34
2026/10/08 04:26:52.335, 2, 120 MHz, 3996 MHz, 182.61 W, 29
2026/10/08 04:26:52.335, 3, 120 MHz, 3996 MHz, 182.25 W, 29
2026/10/08 04:26:52.335, 4, 120 MHz, 3996 MHz, 186.35 W, 38
2026/10/08 04:26:52.335, 5, 2032 MHz, 3996 MHz, 238.30 W, 37
2026/10/08 04:26:52.335, 6, 120 MHz, 3996 MHz, 184.83 W, 29
2026/10/08 04:26:52.336, 7, 120 MHz, 3996 MHz, 184.65 W, 28
2026/10/08 04:26:53.336, 0, 120 MHz, 3996 MHz, 184.47 W, 32
2026/10/08 04:26:53.336, 1, 120 MHz, 3996 MHz, 186.29 W, 34
2026/10/08 04:26:53.336, 2, 120 MHz, 3996 MHz, 182.77 W, 29
2026/10/08 04:26:53.336, 3, 120 MHz, 3996 MHz, 182.25 W, 29
2026/10/08 04:26:53.336, 4, 120 MHz, 3996 MHz, 186.32 W, 38
2026/10/08 04:26:53.336, 5, 2032 MHz, 3996 MHz, 240.06 W, 37
2026/10/08 04:26:53.336, 6, 120 MHz, 3996 MHz, 184.83 W, 29
2026/10/08 04:26:53.336, 7, 120 MHz, 3996 MHz, 184.65 W, 28
2026/10/08 04:26:54.336, 0, 120 MHz, 3996 MHz, 184.47 W, 32
2026/10/08 04:26:54.336, 1, 120 MHz, 3996 MHz, 186.29 W, 34
2026/10/08 04:26:54.336, 2, 120 MHz, 3996 MHz, 182.64 W, 29
2026/10/08 04:26:54.336, 3, 120 MHz, 3996 MHz, 182.25 W, 29
2026/10/08 04:26:54.336, 4, 2032 MHz, 3996 MHz, 228.16 W, 39
2026/10/08 04:26:54.336, 5, 2032 MHz, 3996 MHz, 239.17 W, 37
2026/10/08 04:26:54.336, 6, 120 MHz, 3996 MHz, 184.83 W, 29
2026/10/08 04:26:54.336, 7, 120 MHz, 3996 MHz, 184.64 W, 28
2026/10/08 04:26:55.336, 0, 120 MHz, 3996 MHz, 184.47 W, 32
2026/10/08 04:26:55.336, 1, 120 MHz, 3996 MHz, 186.29 W, 34
2026/10/08 04:26:55.336, 2, 120 MHz, 3996 MHz, 182.98 W, 29
2026/10/08 04:26:55.336, 3, 120 MHz, 3996 MHz, 182.17 W, 29
2026/10/08 04:26:55.336, 4, 2032 MHz, 3996 MHz, 246.16 W, 39
2026/10/08 04:26:55.336, 5, 2032 MHz, 3996 MHz, 238.69 W, 37
2026/10/08 04:26:55.336, 6, 120 MHz, 3996 MHz, 184.83 W, 29
2026/10/08 04:26:55.336, 7, 120 MHz, 3996 MHz, 184.66 W, 28
2026/10/08 04:26:56.337, 0, 120 MHz, 3996 MHz, 184.47 W, 32
2026/10/08 04:26:56.337, 1, 120 MHz, 3996 MHz, 186.29 W, 34
2026/10/08 04:26:56.337, 2, 120 MHz, 3996 MHz, 182.68 W, 29
2026/10/08 04:26:56.337, 3, 120 MHz, 3996 MHz, 182.20 W, 29
2026/10/08 04:26:56.337, 4, 2032 MHz, 3996 MHz, 246.25 W, 39
2026/10/08 04:26:56.337, 5, 2032 MHz, 3996 MHz, 256.52 W, 37
2026/10/08 04:26:56.337, 6, 120 MHz, 3996 MHz, 184.83 W, 29
2026/10/08 04:26:56.337, 7, 120 MHz, 3996 MHz, 184.64 W, 28
2026/10/08 04:26:57.337, 0, 120 MHz, 3996 MHz, 184.47 W, 32
2026/10/08 04:26:57.337, 1, 120 MHz, 3996 MHz, 186.29 W, 34
2026/10/08 04:26:57.337, 2, 120 MHz, 3996 MHz, 183.07 W, 29
2026/10/08 04:26:57.337, 3, 120 MHz, 3996 MHz, 182.22 W, 29
2026/10/08 04:26:57.337, 4, 2032 MHz, 3996 MHz, 247.51 W, 39
2026/10/08 04:26:57.337, 5, 2032 MHz, 3996 MHz, 292.05 W, 38
2026/10/08 04:26:57.337, 6, 120 MHz, 3996 MHz, 184.83 W, 29
2026/10/08 04:26:57.337, 7, 120 MHz, 3996 MHz, 184.64 W, 28
2026/10/08 04:26:58.337, 0, 120 MHz, 3996 MHz, 185.61 W, 32
2026/10/08 04:26:58.337, 1, 120 MHz, 3996 MHz, 186.29 W, 34
2026/10/08 04:26:58.337, 2, 120 MHz, 3996 MHz, 183.25 W, 29
2026/10/08 04:26:58.337, 3, 120 MHz, 3996 MHz, 182.17 W, 29
2026/10/08 04:26:58.337, 4, 2032 MHz, 3996 MHz, 246.43 W, 39
2026/10/08 04:26:58.337, 5, 2032 MHz, 3996 MHz, 239.01 W, 37
2026/10/08 04:26:58.337, 6, 120 MHz, 3996 MHz, 184.83 W, 29
2026/10/08 04:26:58.337, 7, 120 MHz, 3996 MHz, 184.64 W, 28
2026/10/08 04:26:59.338, 0, 120 MHz, 3996 MHz, 185.65 W, 32
2026/10/08 04:26:59.338, 1, 120 MHz, 3996 MHz, 186.29 W, 34
2026/10/08 04:26:59.338, 2, 120 MHz, 3996 MHz, 183.56 W, 29
2026/10/08 04:26:59.338, 3, 120 MHz, 3996 MHz, 182.22 W, 29
2026/10/08 04:26:59.338, 4, 2032 MHz, 3996 MHz, 265.65 W, 39
2026/10/08 04:26:59.338, 5, 2032 MHz, 3996 MHz, 256.05 W, 37
2026/10/08 04:26:59.338, 6, 120 MHz, 3996 MHz, 184.83 W, 29
2026/10/08 04:26:59.338, 7, 120 MHz, 3996 MHz, 184.65 W, 28
2026/10/08 04:27:00.338, 0, 120 MHz, 3996 MHz, 186.02 W, 32
2026/10/08 04:27:00.338, 1, 120 MHz, 3996 MHz, 186.29 W, 34
2026/10/08 04:27:00.338, 2, 120 MHz, 3996 MHz, 183.40 W, 29
2026/10/08 04:27:00.338, 3, 120 MHz, 3996 MHz, 182.19 W, 30
2026/10/08 04:27:00.338, 4, 2032 MHz, 3996 MHz, 247.59 W, 39
2026/10/08 04:27:00.338, 5, 2032 MHz, 3996 MHz, 251.73 W, 38
2026/10/08 04:27:00.338, 6, 120 MHz, 3996 MHz, 184.83 W, 29
2026/10/08 04:27:00.338, 7, 120 MHz, 3996 MHz, 184.65 W, 28
2026/10/08 04:27:01.338, 0, 120 MHz, 3996 MHz, 186.22 W, 32
2026/10/08 04:27:01.338, 1, 120 MHz, 3996 MHz, 186.29 W, 34
2026/10/08 04:27:01.338, 2, 120 MHz, 3996 MHz, 183.48 W, 29
2026/10/08 04:27:01.338, 3, 120 MHz, 3996 MHz, 182.19 W, 30
2026/10/08 04:27:01.338, 4, 2032 MHz, 3996 MHz, 316.46 W, 39
2026/10/08 04:27:01.338, 5, 2032 MHz, 3996 MHz, 242.07 W, 37
2026/10/08 04:27:01.338, 6, 120 MHz, 3996 MHz, 184.83 W, 29
2026/10/08 04:27:01.338, 7, 120 MHz, 3996 MHz, 184.65 W, 28
2026/10/08 04:27:02.338, 0, 2032 MHz, 3996 MHz, 194.04 W, 32
2026/10/08 04:27:02.339, 1, 120 MHz, 3996 MHz, 186.26 W, 34
2026/10/08 04:27:02.339, 2, 120 MHz, 3996 MHz, 183.78 W, 30
2026/10/08 04:27:02.339, 3, 120 MHz, 3996 MHz, 182.18 W, 30
2026/10/08 04:27:02.339, 4, 2032 MHz, 3996 MHz, 255.71 W, 43
2026/10/08 04:27:02.339, 5, 2032 MHz, 3996 MHz, 243.84 W, 37
2026/10/08 04:27:02.339, 6, 120 MHz, 3996 MHz, 184.83 W, 29
2026/10/08 04:27:02.339, 7, 120 MHz, 3996 MHz, 184.64 W, 28
2026/10/08 04:27:03.339, 0, 2032 MHz, 3996 MHz, 240.66 W, 33
2026/10/08 04:27:03.339, 1, 120 MHz, 3996 MHz, 186.16 W, 34
2026/10/08 04:27:03.339, 2, 120 MHz, 3996 MHz, 183.67 W, 30
2026/10/08 04:27:03.339, 3, 120 MHz, 3996 MHz, 182.18 W, 30
2026/10/08 04:27:03.339, 4, 2032 MHz, 3996 MHz, 260.48 W, 39
2026/10/08 04:27:03.339, 5, 2032 MHz, 3996 MHz, 240.20 W, 37
2026/10/08 04:27:03.339, 6, 120 MHz, 3996 MHz, 184.83 W, 30
2026/10/08 04:27:03.339, 7, 120 MHz, 3996 MHz, 184.66 W, 28
2026/10/08 04:27:04.339, 0, 2032 MHz, 3996 MHz, 240.62 W, 33
2026/10/08 04:27:04.339, 1, 120 MHz, 3996 MHz, 186.16 W, 34
2026/10/08 04:27:04.339, 2, 120 MHz, 3996 MHz, 183.86 W, 30
2026/10/08 04:27:04.339, 3, 120 MHz, 3996 MHz, 182.17 W, 30
2026/10/08 04:27:04.339, 4, 2032 MHz, 3996 MHz, 255.94 W, 39
2026/10/08 04:27:04.339, 5, 2032 MHz, 3996 MHz, 238.51 W, 37
2026/10/08 04:27:04.339, 6, 120 MHz, 3996 MHz, 184.83 W, 30
2026/10/08 04:27:04.339, 7, 120 MHz, 3996 MHz, 184.66 W, 28
2026/10/08 04:27:05.339, 0, 2032 MHz, 3996 MHz, 241.00 W, 33
2026/10/08 04:27:05.340, 1, 120 MHz, 3996 MHz, 186.16 W, 34
2026/10/08 04:27:05.340, 2, 120 MHz, 3996 MHz, 183.90 W, 30
2026/10/08 04:27:05.340, 3, 120 MHz, 3996 MHz, 182.20 W, 30
2026/10/08 04:27:05.340, 4, 2032 MHz, 3996 MHz, 250.02 W, 39
2026/10/08 04:27:05.340, 5, 2032 MHz, 3996 MHz, 238.78 W, 37
2026/10/08 04:27:05.340, 6, 120 MHz, 3996 MHz, 184.83 W, 30
2026/10/08 04:27:05.340, 7, 120 MHz, 3996 MHz, 184.64 W, 28
2026/10/08 04:27:06.340, 0, 2032 MHz, 3996 MHz, 240.70 W, 33
2026/10/08 04:27:06.340, 1, 120 MHz, 3996 MHz, 186.16 W, 34
2026/10/08 04:27:06.340, 2, 120 MHz, 3996 MHz, 184.02 W, 30
2026/10/08 04:27:06.340, 3, 120 MHz, 3996 MHz, 182.22 W, 30
2026/10/08 04:27:06.340, 4, 2032 MHz, 3996 MHz, 252.99 W, 39
2026/10/08 04:27:06.340, 5, 2032 MHz, 3996 MHz, 238.97 W, 37
2026/10/08 04:27:06.340, 6, 120 MHz, 3996 MHz, 184.83 W, 30
2026/10/08 04:27:06.340, 7, 120 MHz, 3996 MHz, 184.63 W, 28
2026/10/08 04:27:07.340, 0, 2032 MHz, 3996 MHz, 240.62 W, 33
2026/10/08 04:27:07.340, 1, 120 MHz, 3996 MHz, 186.16 W, 34
2026/10/08 04:27:07.340, 2, 120 MHz, 3996 MHz, 184.09 W, 30
2026/10/08 04:27:07.340, 3, 120 MHz, 3996 MHz, 182.19 W, 30
2026/10/08 04:27:07.340, 4, 2032 MHz, 3996 MHz, 246.26 W, 39
2026/10/08 04:27:07.340, 5, 2032 MHz, 3996 MHz, 247.03 W, 37
2026/10/08 04:27:07.340, 6, 120 MHz, 3996 MHz, 184.83 W, 30
2026/10/08 04:27:07.340, 7, 120 MHz, 3996 MHz, 184.63 W, 29
2026/10/08 04:27:08.341, 0, 2032 MHz, 3996 MHz, 246.66 W, 34
2026/10/08 04:27:08.341, 1, 120 MHz, 3996 MHz, 186.15 W, 34
2026/10/08 04:27:08.341, 2, 120 MHz, 3996 MHz, 184.09 W, 30
2026/10/08 04:27:08.341, 3, 120 MHz, 3996 MHz, 182.18 W, 30
2026/10/08 04:27:08.341, 4, 2032 MHz, 3996 MHz, 246.28 W, 39
2026/10/08 04:27:08.341, 5, 2032 MHz, 3996 MHz, 238.69 W, 37
2026/10/08 04:27:08.341, 6, 120 MHz, 3996 MHz, 184.83 W, 30
2026/10/08 04:27:08.341, 7, 120 MHz, 3996 MHz, 184.63 W, 29
2026/10/08 04:27:09.341, 0, 2032 MHz, 3996 MHz, 241.09 W, 34
2026/10/08 04:27:09.341, 1, 120 MHz, 3996 MHz, 186.16 W, 34
2026/10/08 04:27:09.341, 2, 120 MHz, 3996 MHz, 184.09 W, 30
2026/10/08 04:27:09.341, 3, 120 MHz, 3996 MHz, 182.68 W, 30
2026/10/08 04:27:09.341, 4, 2032 MHz, 3996 MHz, 246.28 W, 39
2026/10/08 04:27:09.341, 5, 2032 MHz, 3996 MHz, 238.61 W, 37
2026/10/08 04:27:09.341, 6, 120 MHz, 3996 MHz, 184.83 W, 30
2026/10/08 04:27:09.341, 7, 120 MHz, 3996 MHz, 184.66 W, 29
2026/10/08 04:27:10.341, 0, 2032 MHz, 3996 MHz, 240.82 W, 34
2026/10/08 04:27:10.341, 1, 120 MHz, 3996 MHz, 186.16 W, 34
2026/10/08 04:27:10.341, 2, 120 MHz, 3996 MHz, 184.09 W, 30
2026/10/08 04:27:10.341, 3, 120 MHz, 3996 MHz, 182.53 W, 30
2026/10/08 04:27:10.341, 4, 2032 MHz, 3996 MHz, 246.28 W, 39
2026/10/08 04:27:10.341, 5, 2032 MHz, 3996 MHz, 238.47 W, 37
2026/10/08 04:27:10.341, 6, 120 MHz, 3996 MHz, 184.83 W, 30
2026/10/08 04:27:10.341, 7, 120 MHz, 3996 MHz, 184.63 W, 29
2026/10/08 04:27:11.342, 0, 2032 MHz, 3996 MHz, 240.73 W, 34
2026/10/08 04:27:11.342, 1, 120 MHz, 3996 MHz, 186.16 W, 34
2026/10/08 04:27:11.342, 2, 120 MHz, 3996 MHz, 184.09 W, 30
2026/10/08 04:27:11.342, 3, 120 MHz, 3996 MHz, 182.49 W, 30
2026/10/08 04:27:11.342, 4, 2032 MHz, 3996 MHz, 246.62 W, 39
2026/10/08 04:27:11.342, 5, 2032 MHz, 3996 MHz, 238.57 W, 37
2026/10/08 04:27:11.342, 6, 120 MHz, 3996 MHz, 184.83 W, 30
2026/10/08 04:27:11.342, 7, 120 MHz, 3996 MHz, 184.64 W, 29
2026/10/08 04:27:12.342, 0, 2032 MHz, 3996 MHz, 241.42 W, 34
2026/10/08 04:27:12.342, 1, 120 MHz, 3996 MHz, 186.16 W, 34
2026/10/08 04:27:12.342, 2, 120 MHz, 3996 MHz, 184.09 W, 30
2026/10/08 04:27:12.342, 3, 120 MHz, 3996 MHz, 182.61 W, 30
2026/10/08 04:27:12.342, 4, 2032 MHz, 3996 MHz, 254.99 W, 39
2026/10/08 04:27:12.342, 5, 2032 MHz, 3996 MHz, 238.47 W, 37
2026/10/08 04:27:12.342, 6, 120 MHz, 3996 MHz, 184.83 W, 30
2026/10/08 04:27:12.342, 7, 120 MHz, 3996 MHz, 184.62 W, 29
2026/10/08 04:27:13.342, 0, 2032 MHz, 3996 MHz, 240.73 W, 34
2026/10/08 04:27:13.343, 1, 120 MHz, 3996 MHz, 186.16 W, 34
2026/10/08 04:27:13.343, 2, 120 MHz, 3996 MHz, 184.09 W, 30
2026/10/08 04:27:13.343, 3, 120 MHz, 3996 MHz, 182.68 W, 30
2026/10/08 04:27:13.343, 4, 2032 MHz, 3996 MHz, 257.76 W, 39
2026/10/08 04:27:13.343, 5, 2032 MHz, 3996 MHz, 252.42 W, 37
2026/10/08 04:27:13.343, 6, 120 MHz, 3996 MHz, 184.83 W, 30
2026/10/08 04:27:13.343, 7, 120 MHz, 3996 MHz, 184.62 W, 29
2026/10/08 04:27:14.343, 0, 315 MHz, 3996 MHz, 203.33 W, 33
2026/10/08 04:27:14.343, 1, 120 MHz, 3996 MHz, 186.26 W, 34
2026/10/08 04:27:14.343, 2, 120 MHz, 3996 MHz, 184.09 W, 30
2026/10/08 04:27:14.343, 3, 120 MHz, 3996 MHz, 182.72 W, 30
2026/10/08 04:27:14.343, 4, 2032 MHz, 3996 MHz, 245.23 W, 39
2026/10/08 04:27:14.343, 5, 2032 MHz, 3996 MHz, 237.89 W, 37
2026/10/08 04:27:14.343, 6, 120 MHz, 3996 MHz, 184.83 W, 30
2026/10/08 04:27:14.343, 7, 120 MHz, 3996 MHz, 184.62 W, 29
2026/10/08 04:27:15.343, 0, 195 MHz, 3996 MHz, 186.33 W, 33
2026/10/08 04:27:15.343, 1, 120 MHz, 3996 MHz, 186.29 W, 34
2026/10/08 04:27:15.343, 2, 120 MHz, 3996 MHz, 184.09 W, 30
2026/10/08 04:27:15.343, 3, 120 MHz, 3996 MHz, 182.51 W, 30
2026/10/08 04:27:15.343, 4, 2032 MHz, 3996 MHz, 244.76 W, 39
2026/10/08 04:27:15.343, 5, 2032 MHz, 3996 MHz, 238.14 W, 37
2026/10/08 04:27:15.343, 6, 120 MHz, 3996 MHz, 184.83 W, 30
2026/10/08 04:27:15.343, 7, 120 MHz, 3996 MHz, 184.64 W, 29
2026/10/08 04:27:16.343, 0, 127 MHz, 3996 MHz, 186.18 W, 33
2026/10/08 04:27:16.344, 1, 120 MHz, 3996 MHz, 186.29 W, 35
2026/10/08 04:27:16.344, 2, 120 MHz, 3996 MHz, 184.10 W, 30
2026/10/08 04:27:16.344, 3, 120 MHz, 3996 MHz, 182.78 W, 30
2026/10/08 04:27:16.344, 4, 2032 MHz, 3996 MHz, 245.08 W, 39
2026/10/08 04:27:16.344, 5, 2032 MHz, 3996 MHz, 238.16 W, 37
2026/10/08 04:27:16.344, 6, 120 MHz, 3996 MHz, 184.83 W, 30
2026/10/08 04:27:16.344, 7, 120 MHz, 3996 MHz, 184.65 W, 29
2026/10/08 04:27:17.344, 0, 120 MHz, 3996 MHz, 185.65 W, 33
2026/10/08 04:27:17.344, 1, 120 MHz, 3996 MHz, 186.29 W, 35
2026/10/08 04:27:17.344, 2, 120 MHz, 3996 MHz, 184.09 W, 30
2026/10/08 04:27:17.344, 3, 120 MHz, 3996 MHz, 182.66 W, 30
2026/10/08 04:27:17.344, 4, 2032 MHz, 3996 MHz, 244.95 W, 39
2026/10/08 04:27:17.344, 5, 2032 MHz, 3996 MHz, 238.02 W, 37
2026/10/08 04:27:17.344, 6, 120 MHz, 3996 MHz, 184.83 W, 30
2026/10/08 04:27:17.344, 7, 120 MHz, 3996 MHz, 184.65 W, 29
2026/10/08 04:27:18.344, 0, 120 MHz, 3996 MHz, 185.75 W, 33
2026/10/08 04:27:18.344, 1, 120 MHz, 3996 MHz, 186.29 W, 35
2026/10/08 04:27:18.344, 2, 120 MHz, 3996 MHz, 184.09 W, 30
2026/10/08 04:27:18.344, 3, 120 MHz, 3996 MHz, 183.06 W, 30
2026/10/08 04:27:18.344, 4, 1410 MHz, 3996 MHz, 357.88 W, 51
2026/10/08 04:27:18.344, 5, 2032 MHz, 3996 MHz, 237.81 W, 37
2026/10/08 04:27:18.344, 6, 120 MHz, 3996 MHz, 184.83 W, 30
2026/10/08 04:27:18.344, 7, 120 MHz, 3996 MHz, 184.64 W, 29
2026/10/08 04:27:19.345, 0, 120 MHz, 3996 MHz, 185.71 W, 33
2026/10/08 04:27:19.345, 1, 120 MHz, 3996 MHz, 186.29 W, 35
2026/10/08 04:27:19.345, 2, 120 MHz, 3996 MHz, 184.09 W, 30
2026/10/08 04:27:19.345, 3, 120 MHz, 3996 MHz, 182.90 W, 30
2026/10/08 04:27:19.345, 4, 2032 MHz, 3996 MHz, 482.22 W, 40
2026/10/08 04:27:19.345, 5, 2032 MHz, 3996 MHz, 237.55 W, 37
2026/10/08 04:27:19.345, 6, 120 MHz, 3996 MHz, 184.83 W, 30
2026/10/08 04:27:19.345, 7, 120 MHz, 3996 MHz, 184.63 W, 29
2026/10/08 04:27:20.345, 0, 120 MHz, 3996 MHz, 186.03 W, 33
2026/10/08 04:27:20.345, 1, 120 MHz, 3996 MHz, 186.29 W, 35
2026/10/08 04:27:20.345, 2, 120 MHz, 3996 MHz, 184.09 W, 30
2026/10/08 04:27:20.345, 3, 120 MHz, 3996 MHz, 182.98 W, 31
2026/10/08 04:27:20.345, 4, 1320 MHz, 3996 MHz, 721.20 W, 55
2026/10/08 04:27:20.345, 5, 2032 MHz, 3996 MHz, 236.95 W, 37
2026/10/08 04:27:20.345, 6, 120 MHz, 3996 MHz, 184.83 W, 30
2026/10/08 04:27:20.345, 7, 120 MHz, 3996 MHz, 184.65 W, 29
2026/10/08 04:27:21.345, 0, 120 MHz, 3996 MHz, 186.21 W, 33
2026/10/08 04:27:21.345, 1, 120 MHz, 3996 MHz, 186.29 W, 35
2026/10/08 04:27:21.345, 2, 120 MHz, 3996 MHz, 184.09 W, 31
2026/10/08 04:27:21.345, 3, 120 MHz, 3996 MHz, 183.06 W, 31
2026/10/08 04:27:21.345, 4, 1327 MHz, 3996 MHz, 1081.65 W, 58
2026/10/08 04:27:21.345, 5, 2032 MHz, 3996 MHz, 579.23 W, 47
2026/10/08 04:27:21.345, 6, 120 MHz, 3996 MHz, 184.83 W, 30
2026/10/08 04:27:21.345, 7, 120 MHz, 3996 MHz, 184.63 W, 29
2026/10/08 04:27:22.346, 0, 120 MHz, 3996 MHz, 186.29 W, 33
2026/10/08 04:27:22.346, 1, 120 MHz, 3996 MHz, 186.29 W, 35
2026/10/08 04:27:22.346, 2, 120 MHz, 3996 MHz, 184.10 W, 31
2026/10/08 04:27:22.346, 3, 120 MHz, 3996 MHz, 182.93 W, 31
2026/10/08 04:27:22.346, 4, 1312 MHz, 3996 MHz, 1084.34 W, 58
2026/10/08 04:27:22.346, 5, 2032 MHz, 3996 MHz, 237.90 W, 38
2026/10/08 04:27:22.346, 6, 120 MHz, 3996 MHz, 184.83 W, 30
2026/10/08 04:27:22.346, 7, 120 MHz, 3996 MHz, 184.62 W, 29
2026/10/08 04:27:23.346, 0, 120 MHz, 3996 MHz, 186.41 W, 33
2026/10/08 04:27:23.346, 1, 120 MHz, 3996 MHz, 186.29 W, 35
2026/10/08 04:27:23.346, 2, 120 MHz, 3996 MHz, 184.09 W, 31
2026/10/08 04:27:23.346, 3, 120 MHz, 3996 MHz, 183.06 W, 31
2026/10/08 04:27:23.346, 4, 1312 MHz, 3996 MHz, 1087.03 W, 59
2026/10/08 04:27:23.346, 5, 1342 MHz, 3996 MHz, 1077.92 W, 55
2026/10/08 04:27:23.346, 6, 120 MHz, 3996 MHz, 184.83 W, 31
2026/10/08 04:27:23.346, 7, 120 MHz, 3996 MHz, 184.65 W, 29
2026/10/08 04:27:24.346, 0, 120 MHz, 3996 MHz, 186.41 W, 33
2026/10/08 04:27:24.346, 1, 120 MHz, 3996 MHz, 186.29 W, 35
2026/10/08 04:27:24.346, 2, 120 MHz, 3996 MHz, 184.09 W, 31
2026/10/08 04:27:24.346, 3, 120 MHz, 3996 MHz, 182.99 W, 31
2026/10/08 04:27:24.346, 4, 2032 MHz, 3996 MHz, 1052.58 W, 54
2026/10/08 04:27:24.346, 5, 1357 MHz, 3996 MHz, 1088.18 W, 57
2026/10/08 04:27:24.346, 6, 120 MHz, 3996 MHz, 184.83 W, 31
2026/10/08 04:27:24.346, 7, 120 MHz, 3996 MHz, 184.64 W, 29
2026/10/08 04:27:25.346, 0, 120 MHz, 3996 MHz, 186.37 W, 33
2026/10/08 04:27:25.346, 1, 120 MHz, 3996 MHz, 186.29 W, 35
2026/10/08 04:27:25.347, 2, 120 MHz, 3996 MHz, 184.09 W, 31
2026/10/08 04:27:25.347, 3, 120 MHz, 3996 MHz, 183.26 W, 31
2026/10/08 04:27:25.347, 4, 2032 MHz, 3996 MHz, 1026.39 W, 54
2026/10/08 04:27:25.347, 5, 1372 MHz, 3996 MHz, 1088.11 W, 57
2026/10/08 04:27:25.347, 6, 120 MHz, 3996 MHz, 184.83 W, 31
2026/10/08 04:27:25.347, 7, 120 MHz, 3996 MHz, 184.66 W, 29
2026/10/08 04:27:26.347, 0, 120 MHz, 3996 MHz, 186.33 W, 33
2026/10/08 04:27:26.347, 1, 120 MHz, 3996 MHz, 186.29 W, 35
2026/10/08 04:27:26.347, 2, 120 MHz, 3996 MHz, 184.09 W, 31
2026/10/08 04:27:26.347, 3, 120 MHz, 3996 MHz, 183.52 W, 31
2026/10/08 04:27:26.347, 4, 2032 MHz, 3996 MHz, 1026.55 W, 54
2026/10/08 04:27:26.347, 5, 1372 MHz, 3996 MHz, 1086.84 W, 58
2026/10/08 04:27:26.347, 6, 120 MHz, 3996 MHz, 184.83 W, 31
2026/10/08 04:27:26.347, 7, 120 MHz, 3996 MHz, 184.62 W, 30
2026/10/08 04:27:27.347, 0, 120 MHz, 3996 MHz, 186.41 W, 33
2026/10/08 04:27:27.347, 1, 120 MHz, 3996 MHz, 186.29 W, 35
2026/10/08 04:27:27.347, 2, 120 MHz, 3996 MHz, 184.09 W, 31
2026/10/08 04:27:27.347, 3, 120 MHz, 3996 MHz, 183.31 W, 31
2026/10/08 04:27:27.347, 4, 2032 MHz, 3996 MHz, 1025.66 W, 54
2026/10/08 04:27:27.347, 5, 2032 MHz, 3996 MHz, 1009.40 W, 52
2026/10/08 04:27:27.347, 6, 120 MHz, 3996 MHz, 184.87 W, 31
2026/10/08 04:27:27.347, 7, 120 MHz, 3996 MHz, 184.63 W, 30
2026/10/08 04:27:28.347, 0, 120 MHz, 3996 MHz, 186.41 W, 33
2026/10/08 04:27:28.347, 1, 120 MHz, 3996 MHz, 186.29 W, 35
2026/10/08 04:27:28.347, 2, 120 MHz, 3996 MHz, 184.09 W, 31
2026/10/08 04:27:28.347, 3, 120 MHz, 3996 MHz, 183.45 W, 31
2026/10/08 04:27:28.347, 4, 2032 MHz, 3996 MHz, 1028.38 W, 55
2026/10/08 04:27:28.347, 5, 2032 MHz, 3996 MHz, 1003.07 W, 52
2026/10/08 04:27:28.347, 6, 120 MHz, 3996 MHz, 184.87 W, 31
2026/10/08 04:27:28.347, 7, 120 MHz, 3996 MHz, 184.64 W, 30
2026/10/08 04:27:29.348, 0, 120 MHz, 3996 MHz, 186.41 W, 33
2026/10/08 04:27:29.348, 1, 120 MHz, 3996 MHz, 186.29 W, 35
2026/10/08 04:27:29.348, 2, 120 MHz, 3996 MHz, 184.09 W, 31
2026/10/08 04:27:29.348, 3, 120 MHz, 3996 MHz, 183.34 W, 31
2026/10/08 04:27:29.348, 4, 2032 MHz, 3996 MHz, 1028.28 W, 55
2026/10/08 04:27:29.348, 5, 2032 MHz, 3996 MHz, 1002.46 W, 52
2026/10/08 04:27:29.348, 6, 120 MHz, 3996 MHz, 184.83 W, 31
2026/10/08 04:27:29.348, 7, 120 MHz, 3996 MHz, 184.64 W, 30
2026/10/08 04:27:30.348, 0, 120 MHz, 3996 MHz, 186.41 W, 33
2026/10/08 04:27:30.348, 1, 120 MHz, 3996 MHz, 186.29 W, 35
2026/10/08 04:27:30.348, 2, 120 MHz, 3996 MHz, 184.09 W, 31
2026/10/08 04:27:30.348, 3, 120 MHz, 3996 MHz, 183.41 W, 31
2026/10/08 04:27:30.348, 4, 2032 MHz, 3996 MHz, 1028.85 W, 56
2026/10/08 04:27:30.348, 5, 2032 MHz, 3996 MHz, 1003.37 W, 53
2026/10/08 04:27:30.348, 6, 120 MHz, 3996 MHz, 184.83 W, 31
2026/10/08 04:27:30.348, 7, 120 MHz, 3996 MHz, 184.63 W, 30
2026/10/08 04:27:31.348, 0, 120 MHz, 3996 MHz, 186.41 W, 33
2026/10/08 04:27:31.348, 1, 120 MHz, 3996 MHz, 186.29 W, 35
2026/10/08 04:27:31.348, 2, 120 MHz, 3996 MHz, 184.09 W, 31
2026/10/08 04:27:31.348, 3, 120 MHz, 3996 MHz, 183.79 W, 31
2026/10/08 04:27:31.348, 4, 2032 MHz, 3996 MHz, 1029.61 W, 56
2026/10/08 04:27:31.348, 5, 2032 MHz, 3996 MHz, 1005.25 W, 53
2026/10/08 04:27:31.348, 6, 120 MHz, 3996 MHz, 184.95 W, 31
2026/10/08 04:27:31.348, 7, 120 MHz, 3996 MHz, 184.66 W, 30
2026/10/08 04:27:32.349, 0, 120 MHz, 3996 MHz, 186.41 W, 33
2026/10/08 04:27:32.349, 1, 120 MHz, 3996 MHz, 186.29 W, 35
2026/10/08 04:27:32.349, 2, 120 MHz, 3996 MHz, 184.09 W, 31
2026/10/08 04:27:32.349, 3, 120 MHz, 3996 MHz, 183.49 W, 31
2026/10/08 04:27:32.349, 4, 2032 MHz, 3996 MHz, 1032.56 W, 56
2026/10/08 04:27:32.349, 5, 2032 MHz, 3996 MHz, 1005.58 W, 54
2026/10/08 04:27:32.349, 6, 120 MHz, 3996 MHz, 184.95 W, 31
2026/10/08 04:27:32.349, 7, 120 MHz, 3996 MHz, 184.66 W, 30
2026/10/08 04:27:33.349, 0, 120 MHz, 3996 MHz, 186.41 W, 33
2026/10/08 04:27:33.349, 1, 120 MHz, 3996 MHz, 186.29 W, 35
2026/10/08 04:27:33.349, 2, 120 MHz, 3996 MHz, 184.09 W, 31
2026/10/08 04:27:33.349, 3, 120 MHz, 3996 MHz, 183.74 W, 31
2026/10/08 04:27:33.349, 4, 2032 MHz, 3996 MHz, 1033.31 W, 57
2026/10/08 04:27:33.349, 5, 2032 MHz, 3996 MHz, 1005.51 W, 54
2026/10/08 04:27:33.349, 6, 120 MHz, 3996 MHz, 184.83 W, 31
2026/10/08 04:27:33.349, 7, 120 MHz, 3996 MHz, 184.72 W, 30
2026/10/08 04:27:34.349, 0, 120 MHz, 3996 MHz, 186.41 W, 33
2026/10/08 04:27:34.349, 1, 120 MHz, 3996 MHz, 186.29 W, 35
2026/10/08 04:27:34.349, 2, 120 MHz, 3996 MHz, 184.09 W, 31
2026/10/08 04:27:34.349, 3, 120 MHz, 3996 MHz, 183.83 W, 31
2026/10/08 04:27:34.349, 4, 2032 MHz, 3996 MHz, 1034.19 W, 57
2026/10/08 04:27:34.349, 5, 2032 MHz, 3996 MHz, 1009.84 W, 54
2026/10/08 04:27:34.349, 6, 120 MHz, 3996 MHz, 184.91 W, 31
2026/10/08 04:27:34.349, 7, 120 MHz, 3996 MHz, 184.89 W, 30
2026/10/08 04:27:35.349, 0, 120 MHz, 3996 MHz, 186.41 W, 33
2026/10/08 04:27:35.350, 1, 120 MHz, 3996 MHz, 186.29 W, 35
2026/10/08 04:27:35.350, 2, 120 MHz, 3996 MHz, 184.09 W, 31
2026/10/08 04:27:35.350, 3, 120 MHz, 3996 MHz, 183.57 W, 31
2026/10/08 04:27:35.350, 4, 2032 MHz, 3996 MHz, 1034.99 W, 57
2026/10/08 04:27:35.350, 5, 2032 MHz, 3996 MHz, 1009.02 W, 55
2026/10/08 04:27:35.350, 6, 120 MHz, 3996 MHz, 185.13 W, 31
2026/10/08 04:27:35.350, 7, 120 MHz, 3996 MHz, 185.02 W, 30
2026/10/08 04:27:36.350, 0, 120 MHz, 3996 MHz, 186.41 W, 33
2026/10/08 04:27:36.350, 1, 120 MHz, 3996 MHz, 186.29 W, 35
2026/10/08 04:27:36.350, 2, 120 MHz, 3996 MHz, 184.09 W, 31
2026/10/08 04:27:36.350, 3, 120 MHz, 3996 MHz, 182.88 W, 31
2026/10/08 04:27:36.350, 4, 2032 MHz, 3996 MHz, 1035.73 W, 58
2026/10/08 04:27:36.350, 5, 2032 MHz, 3996 MHz, 1009.70 W, 55
2026/10/08 04:27:36.350, 6, 120 MHz, 3996 MHz, 185.03 W, 31
2026/10/08 04:27:36.350, 7, 120 MHz, 3996 MHz, 184.86 W, 30
2026/10/08 04:27:37.350, 0, 120 MHz, 3996 MHz, 186.41 W, 33
2026/10/08 04:27:37.350, 1, 120 MHz, 3996 MHz, 186.29 W, 35
2026/10/08 04:27:37.350, 2, 120 MHz, 3996 MHz, 184.09 W, 31
2026/10/08 04:27:37.350, 3, 120 MHz, 3996 MHz, 182.82 W, 31
2026/10/08 04:27:37.350, 4, 2032 MHz, 3996 MHz, 1036.23 W, 58
2026/10/08 04:27:37.350, 5, 2032 MHz, 3996 MHz, 1009.81 W, 55
2026/10/08 04:27:37.350, 6, 120 MHz, 3996 MHz, 185.07 W, 31
2026/10/08 04:27:37.350, 7, 120 MHz, 3996 MHz, 184.98 W, 30
2026/10/08 04:27:38.350, 0, 120 MHz, 3996 MHz, 186.41 W, 33
2026/10/08 04:27:38.350, 1, 120 MHz, 3996 MHz, 186.29 W, 35
2026/10/08 04:27:38.350, 2, 120 MHz, 3996 MHz, 184.09 W, 31
2026/10/08 04:27:38.350, 3, 120 MHz, 3996 MHz, 183.17 W, 31
2026/10/08 04:27:38.350, 4, 1327 MHz, 3996 MHz, 1063.86 W, 64
2026/10/08 04:27:38.350, 5, 2032 MHz, 3996 MHz, 1012.94 W, 56
2026/10/08 04:27:38.350, 6, 120 MHz, 3996 MHz, 185.14 W, 31
2026/10/08 04:27:38.350, 7, 120 MHz, 3996 MHz, 185.14 W, 30
2026/10/08 04:27:39.351, 0, 120 MHz, 3996 MHz, 186.41 W, 33
2026/10/08 04:27:39.351, 1, 120 MHz, 3996 MHz, 186.29 W, 35
2026/10/08 04:27:39.351, 2, 120 MHz, 3996 MHz, 184.13 W, 31
2026/10/08 04:27:39.351, 3, 120 MHz, 3996 MHz, 183.31 W, 31
2026/10/08 04:27:39.351, 4, 1327 MHz, 3996 MHz, 1082.22 W, 64
2026/10/08 04:27:39.351, 5, 2032 MHz, 3996 MHz, 1014.66 W, 56
2026/10/08 04:27:39.351, 6, 120 MHz, 3996 MHz, 185.38 W, 31
2026/10/08 04:27:39.351, 7, 120 MHz, 3996 MHz, 185.24 W, 30
2026/10/08 04:27:40.351, 0, 120 MHz, 3996 MHz, 186.41 W, 33
2026/10/08 04:27:40.351, 1, 120 MHz, 3996 MHz, 186.29 W, 36
2026/10/08 04:27:40.351, 2, 120 MHz, 3996 MHz, 184.09 W, 31
2026/10/08 04:27:40.351, 3, 120 MHz, 3996 MHz, 182.87 W, 32
2026/10/08 04:27:40.351, 4, 1342 MHz, 3996 MHz, 1086.95 W, 65
2026/10/08 04:27:40.351, 5, 2032 MHz, 3996 MHz, 1014.32 W, 56
2026/10/08 04:27:40.351, 6, 120 MHz, 3996 MHz, 185.67 W, 31
2026/10/08 04:27:40.351, 7, 120 MHz, 3996 MHz, 185.33 W, 30
2026/10/08 04:27:41.351, 0, 120 MHz, 3996 MHz, 186.41 W, 33
2026/10/08 04:27:41.351, 1, 120 MHz, 3996 MHz, 186.29 W, 36
2026/10/08 04:27:41.351, 2, 120 MHz, 3996 MHz, 184.09 W, 32
2026/10/08 04:27:41.351, 3, 120 MHz, 3996 MHz, 182.97 W, 32
2026/10/08 04:27:41.351, 4, 1350 MHz, 3996 MHz, 1087.24 W, 65
2026/10/08 04:27:41.351, 5, 1342 MHz, 3996 MHz, 1086.53 W, 63
2026/10/08 04:27:41.351, 6, 120 MHz, 3996 MHz, 185.63 W, 31
2026/10/08 04:27:41.351, 7, 120 MHz, 3996 MHz, 185.39 W, 30
2026/10/08 04:27:42.352, 0, 120 MHz, 3996 MHz, 186.41 W, 33
2026/10/08 04:27:42.352, 1, 120 MHz, 3996 MHz, 186.29 W, 36
2026/10/08 04:27:42.352, 2, 120 MHz, 3996 MHz, 184.09 W, 32
2026/10/08 04:27:42.352, 3, 120 MHz, 3996 MHz, 183.25 W, 32
2026/10/08 04:27:42.352, 4, 1320 MHz, 3996 MHz, 1089.09 W, 65
2026/10/08 04:27:42.352, 5, 1365 MHz, 3996 MHz, 1089.98 W, 63
2026/10/08 04:27:42.352, 6, 120 MHz, 3996 MHz, 185.80 W, 31
2026/10/08 04:27:42.352, 7, 120 MHz, 3996 MHz, 185.38 W, 30
2026/10/08 04:27:43.352, 0, 120 MHz, 3996 MHz, 186.41 W, 34
2026/10/08 04:27:43.352, 1, 120 MHz, 3996 MHz, 186.29 W, 36
2026/10/08 04:27:43.352, 2, 120 MHz, 3996 MHz, 184.17 W, 32
2026/10/08 04:27:43.352, 3, 120 MHz, 3996 MHz, 183.20 W, 32
2026/10/08 04:27:43.352, 4, 2032 MHz, 3996 MHz, 1040.24 W, 60
2026/10/08 04:27:43.352, 5, 1365 MHz, 3996 MHz, 1088.51 W, 64
2026/10/08 04:27:43.352, 6, 120 MHz, 3996 MHz, 186.05 W, 32
2026/10/08 04:27:43.352, 7, 120 MHz, 3996 MHz, 185.64 W, 30
2026/10/08 04:27:44.352, 0, 120 MHz, 3996 MHz, 186.41 W, 34
2026/10/08 04:27:44.352, 1, 120 MHz, 3996 MHz, 186.29 W, 36
2026/10/08 04:27:44.352, 2, 120 MHz, 3996 MHz, 184.13 W, 32
2026/10/08 04:27:44.352, 3, 120 MHz, 3996 MHz, 183.47 W, 32
2026/10/08 04:27:44.352, 4, 2032 MHz, 3996 MHz, 1038.42 W, 60
2026/10/08 04:27:44.352, 5, 1350 MHz, 3996 MHz, 1087.24 W, 64
2026/10/08 04:27:44.352, 6, 120 MHz, 3996 MHz, 185.92 W, 32
2026/10/08 04:27:44.352, 7, 120 MHz, 3996 MHz, 185.69 W, 30
2026/10/08 04:27:45.352, 0, 120 MHz, 3996 MHz, 186.41 W, 34
2026/10/08 04:27:45.353, 1, 120 MHz, 3996 MHz, 186.29 W, 36
2026/10/08 04:27:45.353, 2, 120 MHz, 3996 MHz, 184.17 W, 32
2026/10/08 04:27:45.353, 3, 120 MHz, 3996 MHz, 183.59 W, 32
2026/10/08 04:27:45.353, 4, 2032 MHz, 3996 MHz, 1038.15 W, 60
2026/10/08 04:27:45.353, 5, 2032 MHz, 3996 MHz, 1045.63 W, 58
2026/10/08 04:27:45.353, 6, 120 MHz, 3996 MHz, 186.32 W, 32
2026/10/08 04:27:45.353, 7, 120 MHz, 3996 MHz, 185.95 W, 31
2026/10/08 04:27:46.353, 0, 120 MHz, 3996 MHz, 186.41 W, 34
2026/10/08 04:27:46.353, 1, 120 MHz, 3996 MHz, 186.32 W, 36
2026/10/08 04:27:46.353, 2, 120 MHz, 3996 MHz, 184.29 W, 32
2026/10/08 04:27:46.353, 3, 120 MHz, 3996 MHz, 183.42 W, 32
2026/10/08 04:27:46.353, 4, 2032 MHz, 3996 MHz, 1037.76 W, 60
2026/10/08 04:27:46.353, 5, 2032 MHz, 3996 MHz, 1013.40 W, 58
2026/10/08 04:27:46.353, 6, 120 MHz, 3996 MHz, 186.32 W, 32
2026/10/08 04:27:46.353, 7, 120 MHz, 3996 MHz, 185.82 W, 31
2026/10/08 04:27:47.353, 0, 120 MHz, 3996 MHz, 186.41 W, 34
2026/10/08 04:27:47.353, 1, 120 MHz, 3996 MHz, 186.36 W, 36
2026/10/08 04:27:47.353, 2, 120 MHz, 3996 MHz, 184.36 W, 32
2026/10/08 04:27:47.353, 3, 120 MHz, 3996 MHz, 183.71 W, 32
2026/10/08 04:27:47.353, 4, 2032 MHz, 3996 MHz, 1039.82 W, 60
2026/10/08 04:27:47.353, 5, 2032 MHz, 3996 MHz, 1013.62 W, 58
2026/10/08 04:27:47.353, 6, 120 MHz, 3996 MHz, 186.31 W, 32
2026/10/08 04:27:47.353, 7, 120 MHz, 3996 MHz, 185.95 W, 31
2026/10/08 04:27:48.353, 0, 120 MHz, 3996 MHz, 186.41 W, 34
2026/10/08 04:27:48.353, 1, 120 MHz, 3996 MHz, 186.36 W, 36
2026/10/08 04:27:48.353, 2, 120 MHz, 3996 MHz, 184.48 W, 32
2026/10/08 04:27:48.353, 3, 120 MHz, 3996 MHz, 183.60 W, 32
2026/10/08 04:27:48.353, 4, 2032 MHz, 3996 MHz, 1039.09 W, 61
2026/10/08 04:27:48.354, 5, 2032 MHz, 3996 MHz, 1012.46 W, 58
2026/10/08 04:27:48.354, 6, 120 MHz, 3996 MHz, 186.35 W, 32
2026/10/08 04:27:48.354, 7, 120 MHz, 3996 MHz, 186.20 W, 31
2026/10/08 04:27:49.354, 0, 120 MHz, 3996 MHz, 186.41 W, 34
2026/10/08 04:27:49.354, 1, 120 MHz, 3996 MHz, 186.29 W, 36
2026/10/08 04:27:49.354, 2, 120 MHz, 3996 MHz, 184.13 W, 32
2026/10/08 04:27:49.354, 3, 120 MHz, 3996 MHz, 183.83 W, 32
2026/10/08 04:27:49.354, 4, 2032 MHz, 3996 MHz, 1039.52 W, 61
2026/10/08 04:27:49.354, 5, 2032 MHz, 3996 MHz, 1016.12 W, 58
2026/10/08 04:27:49.354, 6, 120 MHz, 3996 MHz, 186.48 W, 32
2026/10/08 04:27:49.354, 7, 120 MHz, 3996 MHz, 186.48 W, 31
2026/10/08 04:27:50.354, 0, 120 MHz, 3996 MHz, 186.41 W, 34
2026/10/08 04:27:50.354, 1, 120 MHz, 3996 MHz, 186.40 W, 36
2026/10/08 04:27:50.354, 2, 120 MHz, 3996 MHz, 184.52 W, 32
2026/10/08 04:27:50.354, 3, 120 MHz, 3996 MHz, 183.91 W, 32
2026/10/08 04:27:50.354, 4, 2032 MHz, 3996 MHz, 1041.87 W, 61
2026/10/08 04:27:50.354, 5, 2032 MHz, 3996 MHz, 1015.78 W, 59
2026/10/08 04:27:50.354, 6, 120 MHz, 3996 MHz, 186.54 W, 32
2026/10/08 04:27:50.354, 7, 120 MHz, 3996 MHz, 186.35 W, 31
2026/10/08 04:27:51.354, 0, 120 MHz, 3996 MHz, 186.41 W, 34
2026/10/08 04:27:51.354, 1, 120 MHz, 3996 MHz, 186.40 W, 36
2026/10/08 04:27:51.354, 2, 120 MHz, 3996 MHz, 184.53 W, 32
2026/10/08 04:27:51.354, 3, 120 MHz, 3996 MHz, 183.78 W, 32
2026/10/08 04:27:51.354, 4, 2032 MHz, 3996 MHz, 1042.75 W, 61
2026/10/08 04:27:51.354, 5, 2032 MHz, 3996 MHz, 1015.97 W, 59
2026/10/08 04:27:51.354, 6, 120 MHz, 3996 MHz, 186.62 W, 32
2026/10/08 04:27:51.354, 7, 120 MHz, 3996 MHz, 186.41 W, 31
2026/10/08 04:27:52.355, 0, 120 MHz, 3996 MHz, 186.41 W, 34
2026/10/08 04:27:52.355, 1, 120 MHz, 3996 MHz, 186.51 W, 36
2026/10/08 04:27:52.355, 2, 120 MHz, 3996 MHz, 184.40 W, 32
2026/10/08 04:27:52.355, 3, 120 MHz, 3996 MHz, 183.84 W, 32
2026/10/08 04:27:52.355, 4, 2032 MHz, 3996 MHz, 1041.66 W, 61
2026/10/08 04:27:52.355, 5, 2032 MHz, 3996 MHz, 1017.85 W, 59
2026/10/08 04:27:52.355, 6, 120 MHz, 3996 MHz, 186.70 W, 32
2026/10/08 04:27:52.355, 7, 120 MHz, 3996 MHz, 186.41 W, 31
2026/10/08 04:27:53.355, 0, 120 MHz, 3996 MHz, 186.41 W, 34
2026/10/08 04:27:53.355, 1, 120 MHz, 3996 MHz, 186.68 W, 36
2026/10/08 04:27:53.355, 2, 120 MHz, 3996 MHz, 184.36 W, 32
2026/10/08 04:27:53.355, 3, 120 MHz, 3996 MHz, 183.96 W, 32
2026/10/08 04:27:53.355, 4, 2032 MHz, 3996 MHz, 1041.92 W, 61
2026/10/08 04:27:53.355, 5, 2032 MHz, 3996 MHz, 1018.68 W, 59
2026/10/08 04:27:53.355, 6, 120 MHz, 3996 MHz, 186.70 W, 32
2026/10/08 04:27:53.355, 7, 120 MHz, 3996 MHz, 186.43 W, 31
2026/10/08 04:27:54.355, 0, 120 MHz, 3996 MHz, 186.41 W, 34
2026/10/08 04:27:54.355, 1, 120 MHz, 3996 MHz, 186.55 W, 36
2026/10/08 04:27:54.355, 2, 120 MHz, 3996 MHz, 184.51 W, 32
2026/10/08 04:27:54.355, 3, 120 MHz, 3996 MHz, 183.80 W, 32
2026/10/08 04:27:54.355, 4, 2032 MHz, 3996 MHz, 1044.10 W, 62
2026/10/08 04:27:54.355, 5, 2032 MHz, 3996 MHz, 1019.01 W, 59
2026/10/08 04:27:54.355, 6, 120 MHz, 3996 MHz, 186.74 W, 32
2026/10/08 04:27:54.355, 7, 120 MHz, 3996 MHz, 186.50 W, 31
2026/10/08 04:27:55.355, 0, 120 MHz, 3996 MHz, 186.41 W, 34
2026/10/08 04:27:55.355, 1, 120 MHz, 3996 MHz, 186.59 W, 36
2026/10/08 04:27:55.355, 2, 120 MHz, 3996 MHz, 184.91 W, 32
2026/10/08 04:27:55.355, 3, 120 MHz, 3996 MHz, 183.95 W, 32
2026/10/08 04:27:55.355, 4, 2032 MHz, 3996 MHz, 1045.07 W, 62
2026/10/08 04:27:55.355, 5, 2032 MHz, 3996 MHz, 1017.76 W, 59
2026/10/08 04:27:55.355, 6, 120 MHz, 3996 MHz, 186.70 W, 32
2026/10/08 04:27:55.356, 7, 120 MHz, 3996 MHz, 186.55 W, 31
2026/10/08 04:27:56.356, 0, 120 MHz, 3996 MHz, 186.41 W, 34
2026/10/08 04:27:56.356, 1, 120 MHz, 3996 MHz, 186.60 W, 36
2026/10/08 04:27:56.356, 2, 120 MHz, 3996 MHz, 184.82 W, 32
2026/10/08 04:27:56.356, 3, 120 MHz, 3996 MHz, 183.98 W, 32
2026/10/08 04:27:56.356, 4, 2032 MHz, 3996 MHz, 1046.67 W, 62
2026/10/08 04:27:56.356, 5, 2032 MHz, 3996 MHz, 1020.16 W, 59
2026/10/08 04:27:56.356, 6, 120 MHz, 3996 MHz, 186.70 W, 32
2026/10/08 04:27:56.356, 7, 120 MHz, 3996 MHz, 186.47 W, 31
2026/10/08 04:27:57.356, 0, 120 MHz, 3996 MHz, 186.41 W, 34
2026/10/08 04:27:57.356, 1, 120 MHz, 3996 MHz, 186.67 W, 36
2026/10/08 04:27:57.356, 2, 120 MHz, 3996 MHz, 184.74 W, 32
2026/10/08 04:27:57.356, 3, 120 MHz, 3996 MHz, 184.00 W, 32
2026/10/08 04:27:57.356, 4, 1320 MHz, 3996 MHz, 1080.98 W, 67
2026/10/08 04:27:57.356, 5, 2032 MHz, 3996 MHz, 1021.65 W, 59
2026/10/08 04:27:57.356, 6, 120 MHz, 3996 MHz, 186.62 W, 32
2026/10/08 04:27:57.356, 7, 120 MHz, 3996 MHz, 186.54 W, 31
2026/10/08 04:27:58.356, 0, 120 MHz, 3996 MHz, 186.41 W, 34
2026/10/08 04:27:58.356, 1, 120 MHz, 3996 MHz, 186.63 W, 36
2026/10/08 04:27:58.356, 2, 120 MHz, 3996 MHz, 184.79 W, 32
2026/10/08 04:27:58.356, 3, 120 MHz, 3996 MHz, 183.91 W, 32
2026/10/08 04:27:58.356, 4, 1320 MHz, 3996 MHz, 1085.72 W, 68
2026/10/08 04:27:58.356, 5, 2032 MHz, 3996 MHz, 1023.50 W, 60
2026/10/08 04:27:58.356, 6, 120 MHz, 3996 MHz, 186.43 W, 32
2026/10/08 04:27:58.356, 7, 120 MHz, 3996 MHz, 186.50 W, 31
2026/10/08 04:27:59.357, 0, 120 MHz, 3996 MHz, 186.41 W, 34
2026/10/08 04:27:59.357, 1, 120 MHz, 3996 MHz, 186.59 W, 36
2026/10/08 04:27:59.357, 2, 120 MHz, 3996 MHz, 185.05 W, 32
2026/10/08 04:27:59.357, 3, 120 MHz, 3996 MHz, 184.10 W, 32
2026/10/08 04:27:59.357, 4, 1320 MHz, 3996 MHz, 1088.30 W, 68
2026/10/08 04:27:59.357, 5, 1357 MHz, 3996 MHz, 1057.17 W, 65
2026/10/08 04:27:59.357, 6, 120 MHz, 3996 MHz, 185.17 W, 32
2026/10/08 04:27:59.357, 7, 120 MHz, 3996 MHz, 186.54 W, 31
2026/10/08 04:28:00.357, 0, 120 MHz, 3996 MHz, 186.41 W, 34
2026/10/08 04:28:00.357, 1, 120 MHz, 3996 MHz, 186.85 W, 36
2026/10/08 04:28:00.357, 2, 120 MHz, 3996 MHz, 185.07 W, 32
2026/10/08 04:28:00.357, 3, 120 MHz, 3996 MHz, 184.07 W, 32
2026/10/08 04:28:00.357, 4, 1320 MHz, 3996 MHz, 1088.31 W, 68
2026/10/08 04:28:00.357, 5, 1357 MHz, 3996 MHz, 1085.62 W, 66
2026/10/08 04:28:00.357, 6, 120 MHz, 3996 MHz, 185.21 W, 32
2026/10/08 04:28:00.357, 7, 120 MHz, 3996 MHz, 186.59 W, 31
2026/10/08 04:28:01.357, 0, 120 MHz, 3996 MHz, 186.41 W, 34
2026/10/08 04:28:01.357, 1, 120 MHz, 3996 MHz, 186.71 W, 36
2026/10/08 04:28:01.357, 2, 120 MHz, 3996 MHz, 185.39 W, 32
2026/10/08 04:28:01.357, 3, 120 MHz, 3996 MHz, 184.07 W, 32
2026/10/08 04:28:01.357, 4, 1837 MHz, 3996 MHz, 1066.32 W, 62
2026/10/08 04:28:01.357, 5, 1365 MHz, 3996 MHz, 1088.88 W, 66
2026/10/08 04:28:01.357, 6, 120 MHz, 3996 MHz, 185.22 W, 32
2026/10/08 04:28:01.357, 7, 120 MHz, 3996 MHz, 186.56 W, 31
2026/10/08 04:28:02.358, 0, 120 MHz, 3996 MHz, 186.41 W, 34
2026/10/08 04:28:02.358, 1, 120 MHz, 3996 MHz, 186.63 W, 36
2026/10/08 04:28:02.358, 2, 120 MHz, 3996 MHz, 185.22 W, 32
2026/10/08 04:28:02.358, 3, 120 MHz, 3996 MHz, 184.04 W, 32
2026/10/08 04:28:02.358, 4, 2032 MHz, 3996 MHz, 1039.47 W, 62
2026/10/08 04:28:02.358, 5, 1357 MHz, 3996 MHz, 1086.08 W, 66
2026/10/08 04:28:02.358, 6, 120 MHz, 3996 MHz, 185.61 W, 32
2026/10/08 04:28:02.358, 7, 120 MHz, 3996 MHz, 186.58 W, 31
2026/10/08 04:28:03.358, 0, 120 MHz, 3996 MHz, 186.41 W, 34
2026/10/08 04:28:03.358, 1, 120 MHz, 3996 MHz, 187.16 W, 36
2026/10/08 04:28:03.358, 2, 120 MHz, 3996 MHz, 185.51 W, 32
2026/10/08 04:28:03.358, 3, 120 MHz, 3996 MHz, 184.01 W, 32
2026/10/08 04:28:03.358, 4, 2032 MHz, 3996 MHz, 1044.13 W, 62
2026/10/08 04:28:03.358, 5, 1357 MHz, 3996 MHz, 1083.36 W, 66
2026/10/08 04:28:03.358, 6, 120 MHz, 3996 MHz, 185.74 W, 32
2026/10/08 04:28:03.358, 7, 120 MHz, 3996 MHz, 186.58 W, 31
2026/10/08 04:28:04.358, 0, 120 MHz, 3996 MHz, 186.41 W, 34
2026/10/08 04:28:04.358, 1, 120 MHz, 3996 MHz, 187.06 W, 36
2026/10/08 04:28:04.358, 2, 120 MHz, 3996 MHz, 185.62 W, 32
2026/10/08 04:28:04.358, 3, 120 MHz, 3996 MHz, 184.03 W, 32
2026/10/08 04:28:04.358, 4, 2032 MHz, 3996 MHz, 1042.71 W, 62
2026/10/08 04:28:04.358, 5, 2032 MHz, 3996 MHz, 1010.31 W, 60
2026/10/08 04:28:04.358, 6, 120 MHz, 3996 MHz, 185.69 W, 32
2026/10/08 04:28:04.358, 7, 120 MHz, 3996 MHz, 186.59 W, 31
2026/10/08 04:28:05.358, 0, 120 MHz, 3996 MHz, 186.41 W, 34
2026/10/08 04:28:05.359, 1, 120 MHz, 3996 MHz, 186.97 W, 36
2026/10/08 04:28:05.359, 2, 120 MHz, 3996 MHz, 185.58 W, 32
2026/10/08 04:28:05.359, 3, 120 MHz, 3996 MHz, 184.06 W, 32
2026/10/08 04:28:05.359, 4, 2032 MHz, 3996 MHz, 1044.61 W, 62
2026/10/08 04:28:05.359, 5, 2032 MHz, 3996 MHz, 1020.02 W, 60
2026/10/08 04:28:05.359, 6, 120 MHz, 3996 MHz, 185.69 W, 32
2026/10/08 04:28:05.359, 7, 120 MHz, 3996 MHz, 186.58 W, 31
2026/10/08 04:28:06.359, 0, 120 MHz, 3996 MHz, 186.41 W, 34
2026/10/08 04:28:06.359, 1, 120 MHz, 3996 MHz, 186.97 W, 36
2026/10/08 04:28:06.359, 2, 120 MHz, 3996 MHz, 185.74 W, 32
2026/10/08 04:28:06.359, 3, 120 MHz, 3996 MHz, 184.12 W, 33
2026/10/08 04:28:06.359, 4, 2032 MHz, 3996 MHz, 1043.16 W, 62
2026/10/08 04:28:06.359, 5, 2032 MHz, 3996 MHz, 1019.61 W, 60
2026/10/08 04:28:06.359, 6, 120 MHz, 3996 MHz, 185.92 W, 32
2026/10/08 04:28:06.359, 7, 120 MHz, 3996 MHz, 186.59 W, 31
2026/10/08 04:28:07.359, 0, 120 MHz, 3996 MHz, 186.41 W, 34
2026/10/08 04:28:07.359, 1, 120 MHz, 3996 MHz, 186.75 W, 36
2026/10/08 04:28:07.359, 2, 120 MHz, 3996 MHz, 185.74 W, 32
2026/10/08 04:28:07.359, 3, 120 MHz, 3996 MHz, 184.10 W, 33
2026/10/08 04:28:07.359, 4, 2032 MHz, 3996 MHz, 1043.36 W, 62
2026/10/08 04:28:07.359, 5, 2032 MHz, 3996 MHz, 1020.54 W, 60
2026/10/08 04:28:07.359, 6, 120 MHz, 3996 MHz, 185.69 W, 32
2026/10/08 04:28:07.359, 7, 120 MHz, 3996 MHz, 186.54 W, 31
2026/10/08 04:28:08.359, 0, 120 MHz, 3996 MHz, 186.41 W, 34
2026/10/08 04:28:08.359, 1, 120 MHz, 3996 MHz, 187.24 W, 36
2026/10/08 04:28:08.359, 2, 120 MHz, 3996 MHz, 185.93 W, 33
2026/10/08 04:28:08.359, 3, 120 MHz, 3996 MHz, 184.07 W, 33
2026/10/08 04:28:08.359, 4, 2032 MHz, 3996 MHz, 1043.62 W, 62
2026/10/08 04:28:08.359, 5, 2032 MHz, 3996 MHz, 1021.68 W, 60
2026/10/08 04:28:08.359, 6, 120 MHz, 3996 MHz, 186.09 W, 32
2026/10/08 04:28:08.359, 7, 120 MHz, 3996 MHz, 186.59 W, 31
2026/10/08 04:28:09.360, 0, 120 MHz, 3996 MHz, 186.41 W, 34
2026/10/08 04:28:09.360, 1, 120 MHz, 3996 MHz, 186.83 W, 36
2026/10/08 04:28:09.360, 2, 120 MHz, 3996 MHz, 185.81 W, 33
2026/10/08 04:28:09.360, 3, 120 MHz, 3996 MHz, 184.12 W, 33
2026/10/08 04:28:09.360, 4, 2032 MHz, 3996 MHz, 1046.43 W, 62
2026/10/08 04:28:09.360, 5, 2032 MHz, 3996 MHz, 1020.82 W, 60
2026/10/08 04:28:09.360, 6, 120 MHz, 3996 MHz, 186.36 W, 32
2026/10/08 04:28:09.360, 7, 120 MHz, 3996 MHz, 185.96 W, 31
2026/10/08 04:28:10.360, 0, 120 MHz, 3996 MHz, 186.41 W, 34
2026/10/08 04:28:10.360, 1, 120 MHz, 3996 MHz, 187.14 W, 36
2026/10/08 04:28:10.360, 2, 120 MHz, 3996 MHz, 185.89 W, 33
2026/10/08 04:28:10.360, 3, 120 MHz, 3996 MHz, 184.09 W, 33
2026/10/08 04:28:10.360, 4, 2032 MHz, 3996 MHz, 1044.50 W, 62
2026/10/08 04:28:10.360, 5, 2032 MHz, 3996 MHz, 1019.81 W, 60
2026/10/08 04:28:10.360, 6, 120 MHz, 3996 MHz, 186.21 W, 32
2026/10/08 04:28:10.360, 7, 120 MHz, 3996 MHz, 185.71 W, 31
2026/10/08 04:28:11.360, 0, 120 MHz, 3996 MHz, 186.41 W, 34
2026/10/08 04:28:11.360, 1, 120 MHz, 3996 MHz, 187.24 W, 36
2026/10/08 04:28:11.360, 2, 120 MHz, 3996 MHz, 185.97 W, 33
2026/10/08 04:28:11.360, 3, 120 MHz, 3996 MHz, 184.11 W, 33
2026/10/08 04:28:11.360, 4, 2032 MHz, 3996 MHz, 1045.47 W, 62
2026/10/08 04:28:11.360, 5, 2032 MHz, 3996 MHz, 1023.09 W, 60
2026/10/08 04:28:11.360, 6, 120 MHz, 3996 MHz, 186.31 W, 33
2026/10/08 04:28:11.360, 7, 120 MHz, 3996 MHz, 185.84 W, 32
2026/10/08 04:28:12.361, 0, 120 MHz, 3996 MHz, 186.41 W, 34
2026/10/08 04:28:12.361, 1, 120 MHz, 3996 MHz, 187.05 W, 36
2026/10/08 04:28:12.361, 2, 120 MHz, 3996 MHz, 186.05 W, 33
2026/10/08 04:28:12.361, 3, 120 MHz, 3996 MHz, 184.13 W, 33
2026/10/08 04:28:12.361, 4, 2032 MHz, 3996 MHz, 1046.22 W, 62
2026/10/08 04:28:12.361, 5, 2032 MHz, 3996 MHz, 1022.70 W, 60
2026/10/08 04:28:12.361, 6, 120 MHz, 3996 MHz, 186.40 W, 33
2026/10/08 04:28:12.361, 7, 120 MHz, 3996 MHz, 185.84 W, 32
2026/10/08 04:28:13.361, 0, 120 MHz, 3996 MHz, 186.41 W, 34
2026/10/08 04:28:13.361, 1, 120 MHz, 3996 MHz, 187.31 W, 36
2026/10/08 04:28:13.361, 2, 120 MHz, 3996 MHz, 186.05 W, 33
2026/10/08 04:28:13.361, 3, 120 MHz, 3996 MHz, 184.10 W, 33
2026/10/08 04:28:13.361, 4, 2032 MHz, 3996 MHz, 1046.59 W, 62
2026/10/08 04:28:13.361, 5, 2032 MHz, 3996 MHz, 1022.35 W, 60
2026/10/08 04:28:13.361, 6, 120 MHz, 3996 MHz, 186.47 W, 33
2026/10/08 04:28:13.361, 7, 120 MHz, 3996 MHz, 185.95 W, 32
2026/10/08 04:28:14.361, 0, 120 MHz, 3996 MHz, 186.41 W, 34
2026/10/08 04:28:14.361, 1, 120 MHz, 3996 MHz, 187.29 W, 36
2026/10/08 04:28:14.361, 2, 120 MHz, 3996 MHz, 186.01 W, 33
2026/10/08 04:28:14.361, 3, 120 MHz, 3996 MHz, 184.09 W, 33
2026/10/08 04:28:14.361, 4, 2032 MHz, 3996 MHz, 1045.10 W, 62
2026/10/08 04:28:14.361, 5, 2032 MHz, 3996 MHz, 1022.64 W, 60
2026/10/08 04:28:14.361, 6, 120 MHz, 3996 MHz, 186.59 W, 33
2026/10/08 04:28:14.361, 7, 120 MHz, 3996 MHz, 185.99 W, 32
2026/10/08 04:28:15.362, 0, 120 MHz, 3996 MHz, 186.41 W, 34
2026/10/08 04:28:15.362, 1, 120 MHz, 3996 MHz, 187.06 W, 36
2026/10/08 04:28:15.362, 2, 120 MHz, 3996 MHz, 185.93 W, 33
2026/10/08 04:28:15.362, 3, 120 MHz, 3996 MHz, 184.12 W, 33
2026/10/08 04:28:15.362, 4, 2032 MHz, 3996 MHz, 1060.09 W, 62
2026/10/08 04:28:15.362, 5, 2032 MHz, 3996 MHz, 1023.17 W, 60
2026/10/08 04:28:15.362, 6, 120 MHz, 3996 MHz, 186.51 W, 33
2026/10/08 04:28:15.362, 7, 120 MHz, 3996 MHz, 186.26 W, 32
2026/10/08 04:28:16.362, 0, 120 MHz, 3996 MHz, 186.41 W, 34
2026/10/08 04:28:16.362, 1, 120 MHz, 3996 MHz, 187.33 W, 36
2026/10/08 04:28:16.362, 2, 120 MHz, 3996 MHz, 185.93 W, 33
2026/10/08 04:28:16.362, 3, 120 MHz, 3996 MHz, 184.11 W, 33
2026/10/08 04:28:16.362, 4, 1312 MHz, 3996 MHz, 1091.57 W, 68
2026/10/08 04:28:16.362, 5, 2032 MHz, 3996 MHz, 1024.21 W, 60
2026/10/08 04:28:16.362, 6, 120 MHz, 3996 MHz, 186.50 W, 33
2026/10/08 04:28:16.362, 7, 120 MHz, 3996 MHz, 186.18 W, 32
2026/10/08 04:28:17.362, 0, 120 MHz, 3996 MHz, 186.41 W, 34
2026/10/08 04:28:17.362, 1, 120 MHz, 3996 MHz, 187.09 W, 36
2026/10/08 04:28:17.362, 2, 120 MHz, 3996 MHz, 186.01 W, 33
2026/10/08 04:28:17.362, 3, 120 MHz, 3996 MHz, 184.10 W, 33
2026/10/08 04:28:17.362, 4, 1312 MHz, 3996 MHz, 1086.27 W, 68
2026/10/08 04:28:17.362, 5, 2032 MHz, 3996 MHz, 1023.26 W, 60
2026/10/08 04:28:17.362, 6, 120 MHz, 3996 MHz, 186.70 W, 33
2026/10/08 04:28:17.362, 7, 120 MHz, 3996 MHz, 186.21 W, 32
2026/10/08 04:28:18.362, 0, 120 MHz, 3996 MHz, 186.41 W, 34
2026/10/08 04:28:18.362, 1, 120 MHz, 3996 MHz, 187.41 W, 36
2026/10/08 04:28:18.362, 2, 120 MHz, 3996 MHz, 186.05 W, 33
2026/10/08 04:28:18.362, 3, 120 MHz, 3996 MHz, 184.10 W, 33
2026/10/08 04:28:18.362, 4, 1320 MHz, 3996 MHz, 1087.64 W, 68
2026/10/08 04:28:18.362, 5, 1357 MHz, 3996 MHz, 1088.49 W, 66
2026/10/08 04:28:18.362, 6, 120 MHz, 3996 MHz, 186.70 W, 33
2026/10/08 04:28:18.362, 7, 120 MHz, 3996 MHz, 186.22 W, 32
2026/10/08 04:28:19.363, 0, 120 MHz, 3996 MHz, 186.41 W, 34
2026/10/08 04:28:19.363, 1, 120 MHz, 3996 MHz, 187.06 W, 36
2026/10/08 04:28:19.363, 2, 120 MHz, 3996 MHz, 185.97 W, 33
2026/10/08 04:28:19.363, 3, 120 MHz, 3996 MHz, 184.10 W, 33
2026/10/08 04:28:19.363, 4, 1320 MHz, 3996 MHz, 1089.35 W, 68
2026/10/08 04:28:19.363, 5, 1357 MHz, 3996 MHz, 1084.15 W, 67
2026/10/08 04:28:19.363, 6, 120 MHz, 3996 MHz, 186.74 W, 33
2026/10/08 04:28:19.363, 7, 120 MHz, 3996 MHz, 185.87 W, 32
2026/10/08 04:28:20.363, 0, 120 MHz, 3996 MHz, 186.41 W, 34
2026/10/08 04:28:20.363, 1, 120 MHz, 3996 MHz, 187.39 W, 36
2026/10/08 04:28:20.363, 2, 120 MHz, 3996 MHz, 186.01 W, 33
2026/10/08 04:28:20.363, 3, 120 MHz, 3996 MHz, 184.09 W, 33
2026/10/08 04:28:20.363, 4, 2032 MHz, 3996 MHz, 1044.44 W, 63
2026/10/08 04:28:20.363, 5, 1350 MHz, 3996 MHz, 1082.58 W, 67
2026/10/08 04:28:20.363, 6, 120 MHz, 3996 MHz, 186.74 W, 33
2026/10/08 04:28:20.363, 7, 120 MHz, 3996 MHz, 186.20 W, 32
2026/10/08 04:28:21.363, 0, 120 MHz, 3996 MHz, 186.41 W, 34
2026/10/08 04:28:21.363, 1, 120 MHz, 3996 MHz, 187.22 W, 36
2026/10/08 04:28:21.363, 2, 120 MHz, 3996 MHz, 186.05 W, 33
2026/10/08 04:28:21.363, 3, 120 MHz, 3996 MHz, 184.09 W, 33
2026/10/08 04:28:21.363, 4, 2032 MHz, 3996 MHz, 1042.94 W, 62
2026/10/08 04:28:21.363, 5, 1357 MHz, 3996 MHz, 1083.83 W, 67
2026/10/08 04:28:21.363, 6, 120 MHz, 3996 MHz, 186.78 W, 33
2026/10/08 04:28:21.363, 7, 120 MHz, 3996 MHz, 186.21 W, 32
2026/10/08 04:28:22.364, 0, 120 MHz, 3996 MHz, 186.41 W, 34
2026/10/08 04:28:22.364, 1, 120 MHz, 3996 MHz, 187.39 W, 36
2026/10/08 04:28:22.364, 2, 120 MHz, 3996 MHz, 186.05 W, 33
2026/10/08 04:28:22.364, 3, 120 MHz, 3996 MHz, 184.09 W, 33
2026/10/08 04:28:22.364, 4, 2032 MHz, 3996 MHz, 1043.11 W, 62
2026/10/08 04:28:22.364, 5, 2032 MHz, 3996 MHz, 1039.61 W, 61
2026/10/08 04:28:22.364, 6, 120 MHz, 3996 MHz, 186.62 W, 33
2026/10/08 04:28:22.364, 7, 120 MHz, 3996 MHz, 186.35 W, 32
2026/10/08 04:28:23.364, 0, 120 MHz, 3996 MHz, 186.41 W, 34
2026/10/08 04:28:23.364, 1, 120 MHz, 3996 MHz, 187.26 W, 36
2026/10/08 04:28:23.364, 2, 120 MHz, 3996 MHz, 186.05 W, 33
2026/10/08 04:28:23.364, 3, 120 MHz, 3996 MHz, 184.09 W, 33
2026/10/08 04:28:23.364, 4, 2032 MHz, 3996 MHz, 1042.27 W, 62
2026/10/08 04:28:23.364, 5, 2032 MHz, 3996 MHz, 1019.98 W, 61
2026/10/08 04:28:23.364, 6, 120 MHz, 3996 MHz, 186.78 W, 33
2026/10/08 04:28:23.364, 7, 120 MHz, 3996 MHz, 186.40 W, 32
2026/10/08 04:28:24.364, 0, 120 MHz, 3996 MHz, 186.41 W, 34
2026/10/08 04:28:24.364, 1, 120 MHz, 3996 MHz, 187.02 W, 36
2026/10/08 04:28:24.364, 2, 120 MHz, 3996 MHz, 186.05 W, 33
2026/10/08 04:28:24.364, 3, 120 MHz, 3996 MHz, 184.09 W, 33
2026/10/08 04:28:24.364, 4, 2032 MHz, 3996 MHz, 1043.53 W, 62
2026/10/08 04:28:24.364, 5, 2032 MHz, 3996 MHz, 1019.57 W, 61
2026/10/08 04:28:24.364, 6, 120 MHz, 3996 MHz, 186.78 W, 33
2026/10/08 04:28:24.364, 7, 120 MHz, 3996 MHz, 186.40 W, 32
2026/10/08 04:28:25.364, 0, 120 MHz, 3996 MHz, 186.41 W, 34
2026/10/08 04:28:25.365, 1, 120 MHz, 3996 MHz, 187.39 W, 36
2026/10/08 04:28:25.365, 2, 120 MHz, 3996 MHz, 186.05 W, 33
2026/10/08 04:28:25.365, 3, 120 MHz, 3996 MHz, 184.09 W, 33
2026/10/08 04:28:25.365, 4, 2032 MHz, 3996 MHz, 1043.57 W, 62
2026/10/08 04:28:25.365, 5, 2032 MHz, 3996 MHz, 1018.45 W, 61
2026/10/08 04:28:25.365, 6, 120 MHz, 3996 MHz, 186.74 W, 33
2026/10/08 04:28:25.365, 7, 120 MHz, 3996 MHz, 186.40 W, 32
2026/10/08 04:28:26.365, 0, 120 MHz, 3996 MHz, 186.41 W, 35
2026/10/08 04:28:26.365, 1, 120 MHz, 3996 MHz, 187.12 W, 36
2026/10/08 04:28:26.365, 2, 120 MHz, 3996 MHz, 186.05 W, 33
2026/10/08 04:28:26.365, 3, 120 MHz, 3996 MHz, 184.10 W, 33
2026/10/08 04:28:26.365, 4, 2032 MHz, 3996 MHz, 1042.58 W, 62
2026/10/08 04:28:26.365, 5, 2032 MHz, 3996 MHz, 1019.87 W, 61
2026/10/08 04:28:26.365, 6, 120 MHz, 3996 MHz, 186.78 W, 33
2026/10/08 04:28:26.365, 7, 120 MHz, 3996 MHz, 186.45 W, 32
2026/10/08 04:28:27.365, 0, 120 MHz, 3996 MHz, 186.41 W, 35
2026/10/08 04:28:27.365, 1, 120 MHz, 3996 MHz, 188.19 W, 36
2026/10/08 04:28:27.365, 2, 120 MHz, 3996 MHz, 186.01 W, 33
2026/10/08 04:28:27.365, 3, 120 MHz, 3996 MHz, 184.10 W, 33
2026/10/08 04:28:27.365, 4, 2032 MHz, 3996 MHz, 1043.25 W, 62
2026/10/08 04:28:27.365, 5, 2032 MHz, 3996 MHz, 1021.47 W, 61
2026/10/08 04:28:27.365, 6, 120 MHz, 3996 MHz, 186.78 W, 33
2026/10/08 04:28:27.365, 7, 120 MHz, 3996 MHz, 186.54 W, 32
2026/10/08 04:28:28.365, 0, 120 MHz, 3996 MHz, 186.41 W, 34
2026/10/08 04:28:28.366, 1, 120 MHz, 3996 MHz, 188.23 W, 36
2026/10/08 04:28:28.366, 2, 120 MHz, 3996 MHz, 186.05 W, 33
2026/10/08 04:28:28.366, 3, 120 MHz, 3996 MHz, 184.09 W, 33
2026/10/08 04:28:28.366, 4, 2032 MHz, 3996 MHz, 1047.05 W, 62
2026/10/08 04:28:28.366, 5, 2032 MHz, 3996 MHz, 1021.62 W, 60
2026/10/08 04:28:28.366, 6, 120 MHz, 3996 MHz, 186.78 W, 33
2026/10/08 04:28:28.366, 7, 120 MHz, 3996 MHz, 186.47 W, 32
2026/10/08 04:28:29.366, 0, 120 MHz, 3996 MHz, 186.41 W, 34
2026/10/08 04:28:29.366, 1, 120 MHz, 3996 MHz, 187.96 W, 36
2026/10/08 04:28:29.366, 2, 120 MHz, 3996 MHz, 186.01 W, 33
2026/10/08 04:28:29.366, 3, 120 MHz, 3996 MHz, 184.10 W, 33
2026/10/08 04:28:29.366, 4, 2032 MHz, 3996 MHz, 1045.48 W, 62
2026/10/08 04:28:29.366, 5, 2032 MHz, 3996 MHz, 1021.13 W, 60
2026/10/08 04:28:29.366, 6, 120 MHz, 3996 MHz, 186.78 W, 33
2026/10/08 04:28:29.366, 7, 120 MHz, 3996 MHz, 186.47 W, 32
2026/10/08 04:28:30.366, 0, 120 MHz, 3996 MHz, 186.41 W, 35
2026/10/08 04:28:30.366, 1, 120 MHz, 3996 MHz, 188.04 W, 36
2026/10/08 04:28:30.366, 2, 120 MHz, 3996 MHz, 186.05 W, 33
2026/10/08 04:28:30.366, 3, 120 MHz, 3996 MHz, 184.09 W, 33
2026/10/08 04:28:30.366, 4, 2032 MHz, 3996 MHz, 1045.53 W, 62
2026/10/08 04:28:30.366, 5, 2032 MHz, 3996 MHz, 1021.70 W, 60
2026/10/08 04:28:30.366, 6, 120 MHz, 3996 MHz, 186.78 W, 33
2026/10/08 04:28:30.366, 7, 120 MHz, 3996 MHz, 186.51 W, 32
2026/10/08 04:28:31.366, 0, 120 MHz, 3996 MHz, 186.41 W, 35
2026/10/08 04:28:31.367, 1, 120 MHz, 3996 MHz, 188.07 W, 36
2026/10/08 04:28:31.367, 2, 120 MHz, 3996 MHz, 186.05 W, 33
2026/10/08 04:28:31.367, 3, 120 MHz, 3996 MHz, 184.10 W, 33
2026/10/08 04:28:31.367, 4, 2032 MHz, 3996 MHz, 1046.82 W, 62
2026/10/08 04:28:31.367, 5, 2032 MHz, 3996 MHz, 1021.55 W, 60
2026/10/08 04:28:31.367, 6, 120 MHz, 3996 MHz, 186.78 W, 33
2026/10/08 04:28:31.367, 7, 120 MHz, 3996 MHz, 186.47 W, 32
2026/10/08 04:28:32.367, 0, 120 MHz, 3996 MHz, 186.41 W, 35
2026/10/08 04:28:32.367, 1, 120 MHz, 3996 MHz, 188.11 W, 36
2026/10/08 04:28:32.367, 2, 120 MHz, 3996 MHz, 186.05 W, 33
2026/10/08 04:28:32.367, 3, 120 MHz, 3996 MHz, 184.10 W, 33
2026/10/08 04:28:32.367, 4, 2032 MHz, 3996 MHz, 1045.86 W, 62
2026/10/08 04:28:32.367, 5, 2032 MHz, 3996 MHz, 1020.87 W, 60
2026/10/08 04:28:32.367, 6, 120 MHz, 3996 MHz, 186.78 W, 33
2026/10/08 04:28:32.367, 7, 120 MHz, 3996 MHz, 186.46 W, 32
2026/10/08 04:28:33.367, 0, 2032 MHz, 3996 MHz, 227.08 W, 36
2026/10/08 04:28:33.367, 1, 120 MHz, 3996 MHz, 188.12 W, 36
2026/10/08 04:28:33.367, 2, 120 MHz, 3996 MHz, 186.05 W, 33
2026/10/08 04:28:33.367, 3, 120 MHz, 3996 MHz, 184.09 W, 33
2026/10/08 04:28:33.367, 4, 2032 MHz, 3996 MHz, 1047.19 W, 62
2026/10/08 04:28:33.367, 5, 2032 MHz, 3996 MHz, 1023.76 W, 60
2026/10/08 04:28:33.367, 6, 120 MHz, 3996 MHz, 186.78 W, 33
2026/10/08 04:28:33.367, 7, 120 MHz, 3996 MHz, 186.54 W, 32
2026/10/08 04:28:34.367, 0, 2032 MHz, 3996 MHz, 242.56 W, 36
2026/10/08 04:28:34.367, 1, 120 MHz, 3996 MHz, 187.99 W, 36
2026/10/08 04:28:34.367, 2, 120 MHz, 3996 MHz, 186.05 W, 33
2026/10/08 04:28:34.367, 3, 120 MHz, 3996 MHz, 184.09 W, 33
2026/10/08 04:28:34.367, 4, 1320 MHz, 3996 MHz, 1078.21 W, 67
2026/10/08 04:28:34.367, 5, 2032 MHz, 3996 MHz, 1022.61 W, 60
2026/10/08 04:28:34.367, 6, 120 MHz, 3996 MHz, 186.78 W, 33
2026/10/08 04:28:34.367, 7, 120 MHz, 3996 MHz, 186.55 W, 32
2026/10/08 04:28:35.368, 0, 2032 MHz, 3996 MHz, 242.56 W, 36
2026/10/08 04:28:35.368, 1, 120 MHz, 3996 MHz, 188.03 W, 36
2026/10/08 04:28:35.368, 2, 120 MHz, 3996 MHz, 186.05 W, 33
2026/10/08 04:28:35.368, 3, 120 MHz, 3996 MHz, 184.09 W, 33
2026/10/08 04:28:35.368, 4, 1312 MHz, 3996 MHz, 1089.03 W, 68
2026/10/08 04:28:35.368, 5, 2032 MHz, 3996 MHz, 1023.02 W, 60
2026/10/08 04:28:35.368, 6, 120 MHz, 3996 MHz, 186.78 W, 33
2026/10/08 04:28:35.368, 7, 120 MHz, 3996 MHz, 186.54 W, 32
2026/10/08 04:28:36.368, 0, 2032 MHz, 3996 MHz, 242.56 W, 36
2026/10/08 04:28:36.368, 1, 120 MHz, 3996 MHz, 187.87 W, 36
2026/10/08 04:28:36.368, 2, 120 MHz, 3996 MHz, 186.05 W, 33
2026/10/08 04:28:36.368, 3, 120 MHz, 3996 MHz, 184.09 W, 33
2026/10/08 04:28:36.368, 4, 1312 MHz, 3996 MHz, 1085.87 W, 68
2026/10/08 04:28:36.368, 5, 1327 MHz, 3996 MHz, 1057.86 W, 65
2026/10/08 04:28:36.368, 6, 120 MHz, 3996 MHz, 186.78 W, 33
2026/10/08 04:28:36.368, 7, 120 MHz, 3996 MHz, 186.55 W, 32
2026/10/08 04:28:37.368, 0, 2032 MHz, 3996 MHz, 242.50 W, 36
2026/10/08 04:28:37.368, 1, 2032 MHz, 3996 MHz, 209.94 W, 37
2026/10/08 04:28:37.368, 2, 120 MHz, 3996 MHz, 186.05 W, 33
2026/10/08 04:28:37.368, 3, 120 MHz, 3996 MHz, 184.09 W, 33
2026/10/08 04:28:37.368, 4, 1312 MHz, 3996 MHz, 1087.75 W, 68
2026/10/08 04:28:37.368, 5, 1357 MHz, 3996 MHz, 1079.68 W, 66
2026/10/08 04:28:37.368, 6, 120 MHz, 3996 MHz, 186.78 W, 33
2026/10/08 04:28:37.368, 7, 120 MHz, 3996 MHz, 186.55 W, 32
2026/10/08 04:28:38.369, 0, 2032 MHz, 3996 MHz, 242.47 W, 36
2026/10/08 04:28:38.369, 1, 2032 MHz, 3996 MHz, 248.33 W, 38
2026/10/08 04:28:38.369, 2, 120 MHz, 3996 MHz, 186.05 W, 33
2026/10/08 04:28:38.369, 3, 120 MHz, 3996 MHz, 184.09 W, 33
2026/10/08 04:28:38.369, 4, 1410 MHz, 3996 MHz, 1087.71 W, 67
2026/10/08 04:28:38.369, 5, 1365 MHz, 3996 MHz, 1086.36 W, 66
2026/10/08 04:28:38.369, 6, 120 MHz, 3996 MHz, 186.78 W, 33
2026/10/08 04:28:38.369, 7, 120 MHz, 3996 MHz, 186.56 W, 32
2026/10/08 04:28:39.369, 0, 2032 MHz, 3996 MHz, 242.38 W, 36
2026/10/08 04:28:39.369, 1, 2032 MHz, 3996 MHz, 247.99 W, 38
2026/10/08 04:28:39.369, 2, 120 MHz, 3996 MHz, 186.05 W, 33
2026/10/08 04:28:39.369, 3, 120 MHz, 3996 MHz, 184.10 W, 33
2026/10/08 04:28:39.369, 4, 2032 MHz, 3996 MHz, 1026.30 W, 62
2026/10/08 04:28:39.369, 5, 1350 MHz, 3996 MHz, 1083.60 W, 66
2026/10/08 04:28:39.369, 6, 120 MHz, 3996 MHz, 186.78 W, 33
2026/10/08 04:28:39.369, 7, 120 MHz, 3996 MHz, 186.56 W, 32
2026/10/08 04:28:40.369, 0, 2032 MHz, 3996 MHz, 242.89 W, 36
2026/10/08 04:28:40.369, 1, 2032 MHz, 3996 MHz, 248.67 W, 38
2026/10/08 04:28:40.369, 2, 120 MHz, 3996 MHz, 186.05 W, 33
2026/10/08 04:28:40.369, 3, 120 MHz, 3996 MHz, 184.09 W, 33
2026/10/08 04:28:40.369, 4, 2032 MHz, 3996 MHz, 1039.47 W, 61
2026/10/08 04:28:40.369, 5, 1425 MHz, 3996 MHz, 1082.01 W, 66
2026/10/08 04:28:40.369, 6, 120 MHz, 3996 MHz, 186.78 W, 33
2026/10/08 04:28:40.369, 7, 120 MHz, 3996 MHz, 186.56 W, 32
2026/10/08 04:28:41.369, 0, 2032 MHz, 3996 MHz, 244.27 W, 36
2026/10/08 04:28:41.369, 1, 2032 MHz, 3996 MHz, 249.96 W, 38
2026/10/08 04:28:41.369, 2, 120 MHz, 3996 MHz, 186.05 W, 33
2026/10/08 04:28:41.370, 3, 120 MHz, 3996 MHz, 184.10 W, 33
2026/10/08 04:28:41.370, 4, 2032 MHz, 3996 MHz, 1037.61 W, 61
2026/10/08 04:28:41.370, 5, 2032 MHz, 3996 MHz, 1015.21 W, 60
2026/10/08 04:28:41.370, 6, 120 MHz, 3996 MHz, 186.78 W, 33
2026/10/08 04:28:41.370, 7, 120 MHz, 3996 MHz, 186.56 W, 32
2026/10/08 04:28:42.370, 0, 2032 MHz, 3996 MHz, 243.62 W, 36
2026/10/08 04:28:42.370, 1, 2032 MHz, 3996 MHz, 250.02 W, 38
2026/10/08 04:28:42.370, 2, 120 MHz, 3996 MHz, 186.05 W, 33
2026/10/08 04:28:42.370, 3, 120 MHz, 3996 MHz, 184.11 W, 33
2026/10/08 04:28:42.370, 4, 2032 MHz, 3996 MHz, 1039.44 W, 61
2026/10/08 04:28:42.370, 5, 2032 MHz, 3996 MHz, 1017.12 W, 60
2026/10/08 04:28:42.370, 6, 120 MHz, 3996 MHz, 186.78 W, 33
2026/10/08 04:28:42.370, 7, 120 MHz, 3996 MHz, 186.59 W, 32
2026/10/08 04:28:43.370, 0, 2032 MHz, 3996 MHz, 261.17 W, 36
2026/10/08 04:28:43.370, 1, 2032 MHz, 3996 MHz, 268.83 W, 38
2026/10/08 04:28:43.370, 2, 120 MHz, 3996 MHz, 186.05 W, 33
2026/10/08 04:28:43.370, 3, 120 MHz, 3996 MHz, 184.11 W, 34
2026/10/08 04:28:43.370, 4, 2032 MHz, 3996 MHz, 1040.25 W, 61
2026/10/08 04:28:43.370, 5, 2032 MHz, 3996 MHz, 1015.61 W, 60
2026/10/08 04:28:43.370, 6, 120 MHz, 3996 MHz, 186.78 W, 33
2026/10/08 04:28:43.370, 7, 120 MHz, 3996 MHz, 186.59 W, 32
2026/10/08 04:28:44.370, 0, 2032 MHz, 3996 MHz, 242.39 W, 36
2026/10/08 04:28:44.370, 1, 2032 MHz, 3996 MHz, 248.69 W, 38
2026/10/08 04:28:44.370, 2, 120 MHz, 3996 MHz, 186.05 W, 33
2026/10/08 04:28:44.370, 3, 120 MHz, 3996 MHz, 184.09 W, 34
2026/10/08 04:28:44.370, 4, 2032 MHz, 3996 MHz, 1039.05 W, 61
2026/10/08 04:28:44.370, 5, 2032 MHz, 3996 MHz, 1016.91 W, 60
2026/10/08 04:28:44.370, 6, 120 MHz, 3996 MHz, 186.78 W, 33
2026/10/08 04:28:44.370, 7, 120 MHz, 3996 MHz, 186.56 W, 32
2026/10/08 04:28:45.371, 0, 2032 MHz, 3996 MHz, 243.05 W, 36
2026/10/08 04:28:45.371, 1, 2032 MHz, 3996 MHz, 248.20 W, 38
2026/10/08 04:28:45.371, 2, 120 MHz, 3996 MHz, 186.05 W, 33
2026/10/08 04:28:45.371, 3, 120 MHz, 3996 MHz, 184.12 W, 34
2026/10/08 04:28:45.371, 4, 2032 MHz, 3996 MHz, 1038.26 W, 61
2026/10/08 04:28:45.371, 5, 2032 MHz, 3996 MHz, 1018.86 W, 60
2026/10/08 04:28:45.371, 6, 120 MHz, 3996 MHz, 186.78 W, 33
2026/10/08 04:28:45.371, 7, 120 MHz, 3996 MHz, 186.58 W, 32
2026/10/08 04:28:46.371, 0, 2032 MHz, 3996 MHz, 280.90 W, 37
2026/10/08 04:28:46.371, 1, 2032 MHz, 3996 MHz, 249.19 W, 38
2026/10/08 04:28:46.371, 2, 120 MHz, 3996 MHz, 186.05 W, 33
2026/10/08 04:28:46.371, 3, 120 MHz, 3996 MHz, 184.10 W, 34
2026/10/08 04:28:46.371, 4, 2032 MHz, 3996 MHz, 1041.87 W, 61
2026/10/08 04:28:46.371, 5, 2032 MHz, 3996 MHz, 1018.01 W, 60
2026/10/08 04:28:46.371, 6, 120 MHz, 3996 MHz, 186.78 W, 33
2026/10/08 04:28:46.371, 7, 120 MHz, 3996 MHz, 186.59 W, 32
2026/10/08 04:28:47.371, 0, 2032 MHz, 3996 MHz, 261.31 W, 36
2026/10/08 04:28:47.371, 1, 2032 MHz, 3996 MHz, 287.78 W, 38
2026/10/08 04:28:47.371, 2, 120 MHz, 3996 MHz, 186.05 W, 33
2026/10/08 04:28:47.371, 3, 120 MHz, 3996 MHz, 184.10 W, 34
2026/10/08 04:28:47.371, 4, 2032 MHz, 3996 MHz, 1039.98 W, 61
2026/10/08 04:28:47.371, 5, 2032 MHz, 3996 MHz, 1016.46 W, 60
2026/10/08 04:28:47.371, 6, 120 MHz, 3996 MHz, 186.78 W, 33
2026/10/08 04:28:47.371, 7, 120 MHz, 3996 MHz, 186.59 W, 32
2026/10/08 04:28:48.372, 0, 2032 MHz, 3996 MHz, 257.62 W, 37
2026/10/08 04:28:48.372, 1, 2032 MHz, 3996 MHz, 250.13 W, 38
2026/10/08 04:28:48.372, 2, 120 MHz, 3996 MHz, 186.05 W, 33
2026/10/08 04:28:48.372, 3, 120 MHz, 3996 MHz, 184.11 W, 34
2026/10/08 04:28:48.372, 4, 2032 MHz, 3996 MHz, 1039.10 W, 61
2026/10/08 04:28:48.372, 5, 2032 MHz, 3996 MHz, 1019.95 W, 60
2026/10/08 04:28:48.372, 6, 120 MHz, 3996 MHz, 186.78 W, 33
2026/10/08 04:28:48.372, 7, 120 MHz, 3996 MHz, 186.58 W, 32
2026/10/08 04:28:49.372, 0, 2032 MHz, 3996 MHz, 252.57 W, 36
2026/10/08 04:28:49.372, 1, 2032 MHz, 3996 MHz, 266.62 W, 38
2026/10/08 04:28:49.372, 2, 120 MHz, 3996 MHz, 186.05 W, 33
2026/10/08 04:28:49.372, 3, 120 MHz, 3996 MHz, 184.10 W, 34
2026/10/08 04:28:49.372, 4, 2032 MHz, 3996 MHz, 1041.28 W, 61
2026/10/08 04:28:49.372, 5, 2032 MHz, 3996 MHz, 1019.04 W, 60
2026/10/08 04:28:49.372, 6, 120 MHz, 3996 MHz, 186.78 W, 33
2026/10/08 04:28:49.372, 7, 120 MHz, 3996 MHz, 186.59 W, 32
2026/10/08 04:28:50.372, 0, 2032 MHz, 3996 MHz, 251.27 W, 37
2026/10/08 04:28:50.372, 1, 2032 MHz, 3996 MHz, 268.46 W, 38
2026/10/08 04:28:50.372, 2, 120 MHz, 3996 MHz, 186.05 W, 33
2026/10/08 04:28:50.372, 3, 120 MHz, 3996 MHz, 184.09 W, 34
2026/10/08 04:28:50.372, 4, 2032 MHz, 3996 MHz, 1043.27 W, 61
2026/10/08 04:28:50.372, 5, 2032 MHz, 3996 MHz, 1017.64 W, 60
2026/10/08 04:28:50.372, 6, 120 MHz, 3996 MHz, 186.78 W, 33
2026/10/08 04:28:50.372, 7, 120 MHz, 3996 MHz, 186.59 W, 32
2026/10/08 04:28:51.372, 0, 2032 MHz, 3996 MHz, 312.06 W, 38
2026/10/08 04:28:51.372, 1, 2032 MHz, 3996 MHz, 268.87 W, 38
2026/10/08 04:28:51.372, 2, 120 MHz, 3996 MHz, 186.05 W, 33
2026/10/08 04:28:51.372, 3, 120 MHz, 3996 MHz, 184.10 W, 34
2026/10/08 04:28:51.372, 4, 2032 MHz, 3996 MHz, 1039.16 W, 61
2026/10/08 04:28:51.372, 5, 2032 MHz, 3996 MHz, 1018.60 W, 60
2026/10/08 04:28:51.372, 6, 120 MHz, 3996 MHz, 186.78 W, 33
2026/10/08 04:28:51.373, 7, 120 MHz, 3996 MHz, 186.60 W, 32
2026/10/08 04:28:52.373, 0, 1815 MHz, 3996 MHz, 481.38 W, 44
2026/10/08 04:28:52.373, 1, 2032 MHz, 3996 MHz, 254.51 W, 38
2026/10/08 04:28:52.373, 2, 120 MHz, 3996 MHz, 186.05 W, 33
2026/10/08 04:28:52.373, 3, 120 MHz, 3996 MHz, 184.09 W, 34
2026/10/08 04:28:52.373, 4, 2032 MHz, 3996 MHz, 1040.81 W, 61
2026/10/08 04:28:52.373, 5, 2032 MHz, 3996 MHz, 1020.91 W, 60
2026/10/08 04:28:52.373, 6, 120 MHz, 3996 MHz, 186.78 W, 33
2026/10/08 04:28:52.373, 7, 120 MHz, 3996 MHz, 186.58 W, 32
2026/10/08 04:28:53.373, 0, 2032 MHz, 3996 MHz, 796.29 W, 46
2026/10/08 04:28:53.373, 1, 2032 MHz, 3996 MHz, 255.63 W, 38
2026/10/08 04:28:53.373, 2, 120 MHz, 3996 MHz, 186.05 W, 33
2026/10/08 04:28:53.373, 3, 120 MHz, 3996 MHz, 184.09 W, 34
2026/10/08 04:28:53.373, 4, 2032 MHz, 3996 MHz, 530.39 W, 51
2026/10/08 04:28:53.373, 5, 2032 MHz, 3996 MHz, 1021.05 W, 60
2026/10/08 04:28:53.373, 6, 120 MHz, 3996 MHz, 186.78 W, 33
2026/10/08 04:28:53.373, 7, 120 MHz, 3996 MHz, 186.57 W, 32
2026/10/08 04:28:54.373, 0, 2032 MHz, 3996 MHz, 808.96 W, 47
2026/10/08 04:28:54.373, 1, 2032 MHz, 3996 MHz, 252.97 W, 38
2026/10/08 04:28:54.373, 2, 120 MHz, 3996 MHz, 186.05 W, 33
2026/10/08 04:28:54.373, 3, 120 MHz, 3996 MHz, 184.09 W, 34
2026/10/08 04:28:54.373, 4, 2032 MHz, 3996 MHz, 256.76 W, 49
2026/10/08 04:28:54.373, 5, 2032 MHz, 3996 MHz, 1020.29 W, 60
2026/10/08 04:28:54.373, 6, 120 MHz, 3996 MHz, 186.78 W, 33
2026/10/08 04:28:54.373, 7, 120 MHz, 3996 MHz, 186.61 W, 32
2026/10/08 04:28:55.374, 0, 2032 MHz, 3996 MHz, 807.49 W, 47
2026/10/08 04:28:55.374, 1, 2032 MHz, 3996 MHz, 249.96 W, 38
2026/10/08 04:28:55.374, 2, 120 MHz, 3996 MHz, 186.05 W, 33
2026/10/08 04:28:55.374, 3, 120 MHz, 3996 MHz, 184.10 W, 33
2026/10/08 04:28:55.374, 4, 2032 MHz, 3996 MHz, 267.26 W, 48
2026/10/08 04:28:55.374, 5, 2032 MHz, 3996 MHz, 635.32 W, 51
2026/10/08 04:28:55.374, 6, 120 MHz, 3996 MHz, 186.78 W, 33
2026/10/08 04:28:55.374, 7, 120 MHz, 3996 MHz, 186.58 W, 32
2026/10/08 04:28:56.374, 0, 2032 MHz, 3996 MHz, 808.42 W, 48
2026/10/08 04:28:56.374, 1, 2032 MHz, 3996 MHz, 269.15 W, 39
2026/10/08 04:28:56.374, 2, 120 MHz, 3996 MHz, 186.05 W, 33
2026/10/08 04:28:56.374, 3, 120 MHz, 3996 MHz, 184.09 W, 33
2026/10/08 04:28:56.374, 4, 2032 MHz, 3996 MHz, 253.97 W, 48
2026/10/08 04:28:56.374, 5, 2032 MHz, 3996 MHz, 249.91 W, 48
2026/10/08 04:28:56.374, 6, 120 MHz, 3996 MHz, 186.78 W, 33
2026/10/08 04:28:56.374, 7, 120 MHz, 3996 MHz, 186.56 W, 32
2026/10/08 04:28:57.374, 0, 2032 MHz, 3996 MHz, 811.01 W, 48
2026/10/08 04:28:57.374, 1, 2032 MHz, 3996 MHz, 270.40 W, 38
2026/10/08 04:28:57.374, 2, 120 MHz, 3996 MHz, 186.05 W, 33
2026/10/08 04:28:57.374, 3, 120 MHz, 3996 MHz, 184.09 W, 33
2026/10/08 04:28:57.374, 4, 2032 MHz, 3996 MHz, 252.80 W, 47
2026/10/08 04:28:57.374, 5, 2032 MHz, 3996 MHz, 259.37 W, 47
2026/10/08 04:28:57.374, 6, 120 MHz, 3996 MHz, 186.78 W, 33
2026/10/08 04:28:57.374, 7, 120 MHz, 3996 MHz, 186.56 W, 32
2026/10/08 04:28:58.374, 0, 2032 MHz, 3996 MHz, 810.79 W, 48
2026/10/08 04:28:58.375, 1, 1417 MHz, 3996 MHz, 322.06 W, 39
2026/10/08 04:28:58.375, 2, 120 MHz, 3996 MHz, 186.05 W, 33
2026/10/08 04:28:58.375, 3, 120 MHz, 3996 MHz, 184.09 W, 33
2026/10/08 04:28:58.375, 4, 2032 MHz, 3996 MHz, 252.10 W, 47
2026/10/08 04:28:58.375, 5, 2032 MHz, 3996 MHz, 246.33 W, 46
2026/10/08 04:28:58.375, 6, 120 MHz, 3996 MHz, 186.78 W, 33
2026/10/08 04:28:58.375, 7, 120 MHz, 3996 MHz, 186.55 W, 32
2026/10/08 04:28:59.375, 0, 2032 MHz, 3996 MHz, 809.75 W, 48
2026/10/08 04:28:59.375, 1, 2032 MHz, 3996 MHz, 470.05 W, 40
2026/10/08 04:28:59.375, 2, 120 MHz, 3996 MHz, 186.05 W, 33
2026/10/08 04:28:59.375, 3, 120 MHz, 3996 MHz, 184.09 W, 33
2026/10/08 04:28:59.375, 4, 2032 MHz, 3996 MHz, 252.10 W, 46
2026/10/08 04:28:59.375, 5, 2032 MHz, 3996 MHz, 245.84 W, 46
2026/10/08 04:28:59.375, 6, 120 MHz, 3996 MHz, 186.78 W, 33
2026/10/08 04:28:59.375, 7, 120 MHz, 3996 MHz, 186.56 W, 32
2026/10/08 04:29:00.375, 0, 2032 MHz, 3996 MHz, 812.44 W, 49
2026/10/08 04:29:00.375, 1, 2032 MHz, 3996 MHz, 249.92 W, 39
2026/10/08 04:29:00.375, 2, 120 MHz, 3996 MHz, 186.05 W, 33
2026/10/08 04:29:00.375, 3, 120 MHz, 3996 MHz, 184.10 W, 33
2026/10/08 04:29:00.375, 4, 2032 MHz, 3996 MHz, 252.10 W, 46
2026/10/08 04:29:00.375, 5, 2032 MHz, 3996 MHz, 245.83 W, 45
2026/10/08 04:29:00.375, 6, 120 MHz, 3996 MHz, 186.78 W, 33
2026/10/08 04:29:00.375, 7, 120 MHz, 3996 MHz, 186.60 W, 32
2026/10/08 04:29:01.375, 0, 2032 MHz, 3996 MHz, 746.55 W, 45
2026/10/08 04:29:01.375, 1, 2032 MHz, 3996 MHz, 724.19 W, 49
2026/10/08 04:29:01.375, 2, 120 MHz, 3996 MHz, 186.05 W, 33
2026/10/08 04:29:01.375, 3, 120 MHz, 3996 MHz, 184.09 W, 33
2026/10/08 04:29:01.375, 4, 2032 MHz, 3996 MHz, 252.17 W, 45
2026/10/08 04:29:01.376, 5, 2032 MHz, 3996 MHz, 245.78 W, 45
2026/10/08 04:29:01.376, 6, 120 MHz, 3996 MHz, 186.78 W, 33
2026/10/08 04:29:01.376, 7, 120 MHz, 3996 MHz, 186.57 W, 32
