timestamp, index, clocks.current.sm [MHz], clocks.current.memory [MHz], power.draw [W], temperature.gpu
2026/10/07 22:19:06.034, 0, 120 MHz, 3996 MHz, 186.41 W, 37
2026/10/07 22:19:06.036, 1, 120 MHz, 3996 MHz, 190.01 W, 39
2026/10/07 22:19:06.039, 2, 120 MHz, 3996 MHz, 186.05 W, 34
2026/10/07 22:19:06.041, 3, 120 MHz, 3996 MHz, 184.16 W, 34
2026/10/07 22:19:06.043, 4, 120 MHz, 3996 MHz, 184.59 W, 38
2026/10/07 22:19:06.044, 5, 120 MHz, 3996 MHz, 184.53 W, 36
2026/10/07 22:19:06.046, 6, 120 MHz, 3996 MHz, 186.78 W, 33
2026/10/07 22:19:06.047, 7, 120 MHz, 3996 MHz, 186.59 W, 32
2026/10/07 22:19:07.049, 0, 120 MHz, 3996 MHz, 186.41 W, 36
2026/10/07 22:19:07.049, 1, 120 MHz, 3996 MHz, 190.17 W, 39
2026/10/07 22:19:07.049, 2, 120 MHz, 3996 MHz, 186.05 W, 34
2026/10/07 22:19:07.049, 3, 120 MHz, 3996 MHz, 184.45 W, 34
2026/10/07 22:19:07.049, 4, 120 MHz, 3996 MHz, 184.59 W, 38
2026/10/07 22:19:07.049, 5, 120 MHz, 3996 MHz, 184.35 W, 36
2026/10/07 22:19:07.049, 6, 120 MHz, 3996 MHz, 186.78 W, 33
2026/10/07 22:19:07.049, 7, 120 MHz, 3996 MHz, 186.57 W, 32
2026/10/07 22:19:08.049, 0, 120 MHz, 3996 MHz, 186.45 W, 37
2026/10/07 22:19:08.049, 1, 120 MHz, 3996 MHz, 190.05 W, 39
2026/10/07 22:19:08.049, 2, 120 MHz, 3996 MHz, 186.05 W, 34
2026/10/07 22:19:08.049, 3, 120 MHz, 3996 MHz, 184.44 W, 34
2026/10/07 22:19:08.049, 4, 120 MHz, 3996 MHz, 184.59 W, 38
2026/10/07 22:19:08.049, 5, 120 MHz, 3996 MHz, 184.43 W, 36
2026/10/07 22:19:08.049, 6, 120 MHz, 3996 MHz, 186.78 W, 33
2026/10/07 22:19:08.049, 7, 120 MHz, 3996 MHz, 186.57 W, 32
2026/10/07 22:19:09.049, 0, 120 MHz, 3996 MHz, 186.45 W, 37
2026/10/07 22:19:09.049, 1, 120 MHz, 3996 MHz, 188.96 W, 39
2026/10/07 22:19:09.049, 2, 120 MHz, 3996 MHz, 185.15 W, 34
2026/10/07 22:19:09.049, 3, 120 MHz, 3996 MHz, 184.71 W, 34
2026/10/07 22:19:09.049, 4, 120 MHz, 3996 MHz, 184.66 W, 38
2026/10/07 22:19:09.049, 5, 120 MHz, 3996 MHz, 183.63 W, 36
2026/10/07 22:19:09.049, 6, 120 MHz, 3996 MHz, 185.96 W, 33
2026/10/07 22:19:09.049, 7, 120 MHz, 3996 MHz, 186.55 W, 33
2026/10/07 22:19:10.050, 0, 120 MHz, 3996 MHz, 186.41 W, 37
2026/10/07 22:19:10.050, 1, 120 MHz, 3996 MHz, 188.23 W, 39
2026/10/07 22:19:10.050, 2, 120 MHz, 3996 MHz, 184.59 W, 34
2026/10/07 22:19:10.050, 3, 120 MHz, 3996 MHz, 185.74 W, 34
2026/10/07 22:19:10.050, 4, 120 MHz, 3996 MHz, 184.74 W, 38
2026/10/07 22:19:10.050, 5, 120 MHz, 3996 MHz, 182.69 W, 37
2026/10/07 22:19:10.050, 6, 120 MHz, 3996 MHz, 185.14 W, 33
2026/10/07 22:19:10.050, 7, 120 MHz, 3996 MHz, 186.53 W, 33
2026/10/07 22:19:11.050, 0, 120 MHz, 3996 MHz, 186.41 W, 37
2026/10/07 22:19:11.050, 1, 120 MHz, 3996 MHz, 188.23 W, 39
2026/10/07 22:19:11.050, 2, 120 MHz, 3996 MHz, 184.48 W, 34
2026/10/07 22:19:11.050, 3, 120 MHz, 3996 MHz, 185.66 W, 34
2026/10/07 22:19:11.050, 4, 120 MHz, 3996 MHz, 184.63 W, 38
2026/10/07 22:19:11.050, 5, 120 MHz, 3996 MHz, 182.72 W, 37
2026/10/07 22:19:11.050, 6, 120 MHz, 3996 MHz, 185.03 W, 33
2026/10/07 22:19:11.050, 7, 120 MHz, 3996 MHz, 186.54 W, 33
2026/10/07 22:19:12.050, 0, 120 MHz, 3996 MHz, 186.41 W, 37
2026/10/07 22:19:12.050, 1, 120 MHz, 3996 MHz, 188.23 W, 39
2026/10/07 22:19:12.050, 2, 120 MHz, 3996 MHz, 184.63 W, 34
2026/10/07 22:19:12.050, 3, 120 MHz, 3996 MHz, 184.95 W, 34
2026/10/07 22:19:12.050, 4, 120 MHz, 3996 MHz, 184.59 W, 38
2026/10/07 22:19:12.050, 5, 120 MHz, 3996 MHz, 182.90 W, 37
2026/10/07 22:19:12.051, 6, 120 MHz, 3996 MHz, 185.10 W, 33
2026/10/07 22:19:12.051, 7, 120 MHz, 3996 MHz, 186.56 W, 33
2026/10/07 22:19:13.051, 0, 120 MHz, 3996 MHz, 186.41 W, 37
2026/10/07 22:19:13.051, 1, 120 MHz, 3996 MHz, 188.23 W, 39
2026/10/07 22:19:13.051, 2, 120 MHz, 3996 MHz, 184.68 W, 34
2026/10/07 22:19:13.051, 3, 120 MHz, 3996 MHz, 184.75 W, 34
2026/10/07 22:19:13.051, 4, 120 MHz, 3996 MHz, 184.59 W, 38
2026/10/07 22:19:13.051, 5, 120 MHz, 3996 MHz, 182.81 W, 37
2026/10/07 22:19:13.051, 6, 120 MHz, 3996 MHz, 185.06 W, 33
2026/10/07 22:19:13.051, 7, 120 MHz, 3996 MHz, 186.55 W, 33
2026/10/07 22:19:14.051, 0, 120 MHz, 3996 MHz, 186.41 W, 37
2026/10/07 22:19:14.051, 1, 120 MHz, 3996 MHz, 188.23 W, 39
2026/10/07 22:19:14.051, 2, 120 MHz, 3996 MHz, 184.64 W, 34
2026/10/07 22:19:14.051, 3, 120 MHz, 3996 MHz, 184.70 W, 34
2026/10/07 22:19:14.051, 4, 120 MHz, 3996 MHz, 184.59 W, 38
2026/10/07 22:19:14.051, 5, 120 MHz, 3996 MHz, 182.74 W, 37
2026/10/07 22:19:14.051, 6, 120 MHz, 3996 MHz, 185.10 W, 33
2026/10/07 22:19:14.051, 7, 120 MHz, 3996 MHz, 186.57 W, 33
2026/10/07 22:19:15.051, 0, 120 MHz, 3996 MHz, 186.41 W, 37
2026/10/07 22:19:15.051, 1, 120 MHz, 3996 MHz, 188.23 W, 39
2026/10/07 22:19:15.051, 2, 120 MHz, 3996 MHz, 184.70 W, 34
2026/10/07 22:19:15.051, 3, 120 MHz, 3996 MHz, 184.72 W, 34
2026/10/07 22:19:15.051, 4, 120 MHz, 3996 MHz, 184.59 W, 38
2026/10/07 22:19:15.051, 5, 120 MHz, 3996 MHz, 182.75 W, 37
2026/10/07 22:19:15.051, 6, 120 MHz, 3996 MHz, 184.83 W, 33
2026/10/07 22:19:15.051, 7, 120 MHz, 3996 MHz, 186.57 W, 33
2026/10/07 22:19:16.052, 0, 120 MHz, 3996 MHz, 186.41 W, 37
2026/10/07 22:19:16.052, 1, 120 MHz, 3996 MHz, 188.23 W, 39
2026/10/07 22:19:16.052, 2, 120 MHz, 3996 MHz, 184.74 W, 34
2026/10/07 22:19:16.052, 3, 120 MHz, 3996 MHz, 185.02 W, 34
2026/10/07 22:19:16.052, 4, 120 MHz, 3996 MHz, 184.59 W, 38
2026/10/07 22:19:16.052, 5, 120 MHz, 3996 MHz, 182.81 W, 37
2026/10/07 22:19:16.052, 6, 120 MHz, 3996 MHz, 185.03 W, 33
2026/10/07 22:19:16.052, 7, 120 MHz, 3996 MHz, 186.54 W, 33
2026/10/07 22:19:17.052, 0, 120 MHz, 3996 MHz, 186.41 W, 37
2026/10/07 22:19:17.052, 1, 120 MHz, 3996 MHz, 188.23 W, 39
2026/10/07 22:19:17.052, 2, 120 MHz, 3996 MHz, 184.87 W, 34
2026/10/07 22:19:17.052, 3, 120 MHz, 3996 MHz, 185.09 W, 34
2026/10/07 22:19:17.052, 4, 120 MHz, 3996 MHz, 184.59 W, 38
2026/10/07 22:19:17.052, 5, 120 MHz, 3996 MHz, 182.73 W, 37
2026/10/07 22:19:17.052, 6, 120 MHz, 3996 MHz, 184.99 W, 33
2026/10/07 22:19:17.052, 7, 120 MHz, 3996 MHz, 186.55 W, 33
2026/10/07 22:19:18.052, 0, 120 MHz, 3996 MHz, 186.41 W, 37
2026/10/07 22:19:18.052, 1, 120 MHz, 3996 MHz, 188.23 W, 39
2026/10/07 22:19:18.052, 2, 120 MHz, 3996 MHz, 185.24 W, 34
2026/10/07 22:19:18.052, 3, 120 MHz, 3996 MHz, 184.92 W, 34
2026/10/07 22:19:18.052, 4, 120 MHz, 3996 MHz, 184.59 W, 38
2026/10/07 22:19:18.052, 5, 120 MHz, 3996 MHz, 182.83 W, 37
2026/10/07 22:19:18.052, 6, 120 MHz, 3996 MHz, 185.07 W, 33
2026/10/07 22:19:18.052, 7, 120 MHz, 3996 MHz, 186.54 W, 33
2026/10/07 22:19:19.053, 0, 120 MHz, 3996 MHz, 186.41 W, 37
2026/10/07 22:19:19.053, 1, 120 MHz, 3996 MHz, 188.34 W, 39
2026/10/07 22:19:19.053, 2, 120 MHz, 3996 MHz, 184.76 W, 34
2026/10/07 22:19:19.053, 3, 120 MHz, 3996 MHz, 185.17 W, 34
2026/10/07 22:19:19.053, 4, 120 MHz, 3996 MHz, 184.59 W, 38
2026/10/07 22:19:19.053, 5, 120 MHz, 3996 MHz, 182.82 W, 37
2026/10/07 22:19:19.053, 6, 120 MHz, 3996 MHz, 185.03 W, 33
2026/10/07 22:19:19.053, 7, 120 MHz, 3996 MHz, 186.54 W, 33
2026/10/07 22:19:20.055, 0, 120 MHz, 3996 MHz, 186.41 W, 37
2026/10/07 22:19:20.055, 1, 120 MHz, 3996 MHz, 188.54 W, 39
2026/10/07 22:19:20.055, 2, 120 MHz, 3996 MHz, 184.95 W, 34
2026/10/07 22:19:20.055, 3, 120 MHz, 3996 MHz, 185.11 W, 34
2026/10/07 22:19:20.055, 4, 120 MHz, 3996 MHz, 184.59 W, 38
2026/10/07 22:19:20.056, 5, 120 MHz, 3996 MHz, 182.94 W, 37
2026/10/07 22:19:20.056, 6, 120 MHz, 3996 MHz, 185.10 W, 33
2026/10/07 22:19:20.056, 7, 120 MHz, 3996 MHz, 186.55 W, 33
2026/10/07 22:19:21.056, 0, 120 MHz, 3996 MHz, 186.41 W, 37
2026/10/07 22:19:21.056, 1, 120 MHz, 3996 MHz, 188.42 W, 39
2026/10/07 22:19:21.056, 2, 120 MHz, 3996 MHz, 184.90 W, 34
2026/10/07 22:19:21.056, 3, 120 MHz, 3996 MHz, 184.95 W, 34
2026/10/07 22:19:21.056, 4, 120 MHz, 3996 MHz, 184.59 W, 38
2026/10/07 22:19:21.056, 5, 120 MHz, 3996 MHz, 182.79 W, 37
2026/10/07 22:19:21.056, 6, 120 MHz, 3996 MHz, 184.95 W, 33
2026/10/07 22:19:21.056, 7, 120 MHz, 3996 MHz, 186.56 W, 33
2026/10/07 22:19:22.056, 0, 120 MHz, 3996 MHz, 186.41 W, 37
2026/10/07 22:19:22.056, 1, 120 MHz, 3996 MHz, 188.42 W, 39
2026/10/07 22:19:22.056, 2, 120 MHz, 3996 MHz, 184.99 W, 34
2026/10/07 22:19:22.056, 3, 120 MHz, 3996 MHz, 184.79 W, 34
2026/10/07 22:19:22.056, 4, 120 MHz, 3996 MHz, 184.59 W, 38
2026/10/07 22:19:22.056, 5, 120 MHz, 3996 MHz, 182.84 W, 37
2026/10/07 22:19:22.056, 6, 120 MHz, 3996 MHz, 184.98 W, 33
2026/10/07 22:19:22.056, 7, 120 MHz, 3996 MHz, 186.55 W, 33
2026/10/07 22:19:23.056, 0, 120 MHz, 3996 MHz, 186.41 W, 37
2026/10/07 22:19:23.057, 1, 120 MHz, 3996 MHz, 188.26 W, 39
2026/10/07 22:19:23.057, 2, 120 MHz, 3996 MHz, 185.39 W, 34
2026/10/07 22:19:23.057, 3, 120 MHz, 3996 MHz, 184.88 W, 34
2026/10/07 22:19:23.057, 4, 120 MHz, 3996 MHz, 184.59 W, 38
2026/10/07 22:19:23.057, 5, 120 MHz, 3996 MHz, 182.99 W, 37
2026/10/07 22:19:23.057, 6, 120 MHz, 3996 MHz, 185.26 W, 33
2026/10/07 22:19:23.057, 7, 120 MHz, 3996 MHz, 186.55 W, 33
2026/10/07 22:19:24.057, 0, 120 MHz, 3996 MHz, 186.41 W, 37
2026/10/07 22:19:24.057, 1, 120 MHz, 3996 MHz, 188.26 W, 39
2026/10/07 22:19:24.057, 2, 120 MHz, 3996 MHz, 185.28 W, 34
2026/10/07 22:19:24.057, 3, 120 MHz, 3996 MHz, 184.67 W, 34
2026/10/07 22:19:24.057, 4, 120 MHz, 3996 MHz, 184.59 W, 38
2026/10/07 22:19:24.057, 5, 120 MHz, 3996 MHz, 182.93 W, 37
2026/10/07 22:19:24.057, 6, 120 MHz, 3996 MHz, 185.29 W, 33
2026/10/07 22:19:24.057, 7, 120 MHz, 3996 MHz, 186.55 W, 33
2026/10/07 22:19:25.057, 0, 120 MHz, 3996 MHz, 186.41 W, 37
2026/10/07 22:19:25.057, 1, 120 MHz, 3996 MHz, 188.26 W, 39
2026/10/07 22:19:25.057, 2, 120 MHz, 3996 MHz, 184.83 W, 34
2026/10/07 22:19:25.057, 3, 120 MHz, 3996 MHz, 184.68 W, 34
2026/10/07 22:19:25.057, 4, 120 MHz, 3996 MHz, 184.58 W, 38
2026/10/07 22:19:25.057, 5, 120 MHz, 3996 MHz, 182.78 W, 37
2026/10/07 22:19:25.057, 6, 120 MHz, 3996 MHz, 184.95 W, 33
2026/10/07 22:19:25.057, 7, 120 MHz, 3996 MHz, 186.56 W, 33
2026/10/07 22:19:26.057, 0, 120 MHz, 3996 MHz, 186.41 W, 37
2026/10/07 22:19:26.058, 1, 120 MHz, 3996 MHz, 188.38 W, 39
2026/10/07 22:19:26.058, 2, 120 MHz, 3996 MHz, 185.03 W, 34
2026/10/07 22:19:26.058, 3, 120 MHz, 3996 MHz, 184.36 W, 34
2026/10/07 22:19:26.058, 4, 120 MHz, 3996 MHz, 184.59 W, 38
2026/10/07 22:19:26.058, 5, 120 MHz, 3996 MHz, 182.81 W, 37
2026/10/07 22:19:26.058, 6, 120 MHz, 3996 MHz, 185.03 W, 33
2026/10/07 22:19:26.058, 7, 120 MHz, 3996 MHz, 186.56 W, 33
2026/10/07 22:19:27.058, 0, 120 MHz, 3996 MHz, 186.41 W, 37
2026/10/07 22:19:27.058, 1, 120 MHz, 3996 MHz, 188.46 W, 39
2026/10/07 22:19:27.058, 2, 120 MHz, 3996 MHz, 185.05 W, 34
2026/10/07 22:19:27.058, 3, 120 MHz, 3996 MHz, 184.63 W, 34
2026/10/07 22:19:27.058, 4, 120 MHz, 3996 MHz, 184.59 W, 38
2026/10/07 22:19:27.058, 5, 120 MHz, 3996 MHz, 182.93 W, 37
2026/10/07 22:19:27.058, 6, 120 MHz, 3996 MHz, 184.91 W, 33
2026/10/07 22:19:27.058, 7, 120 MHz, 3996 MHz, 186.55 W, 33
2026/10/07 22:19:28.058, 0, 120 MHz, 3996 MHz, 186.41 W, 37
2026/10/07 22:19:28.058, 1, 120 MHz, 3996 MHz, 188.34 W, 39
2026/10/07 22:19:28.058, 2, 120 MHz, 3996 MHz, 184.90 W, 34
2026/10/07 22:19:28.058, 3, 120 MHz, 3996 MHz, 184.82 W, 34
2026/10/07 22:19:28.058, 4, 120 MHz, 3996 MHz, 184.59 W, 38
2026/10/07 22:19:28.058, 5, 120 MHz, 3996 MHz, 182.78 W, 37
2026/10/07 22:19:28.058, 6, 120 MHz, 3996 MHz, 184.99 W, 33
2026/10/07 22:19:28.058, 7, 120 MHz, 3996 MHz, 186.57 W, 33
2026/10/07 22:19:29.059, 0, 120 MHz, 3996 MHz, 186.41 W, 37
2026/10/07 22:19:29.059, 1, 120 MHz, 3996 MHz, 188.50 W, 39
2026/10/07 22:19:29.059, 2, 120 MHz, 3996 MHz, 184.87 W, 34
2026/10/07 22:19:29.059, 3, 120 MHz, 3996 MHz, 184.68 W, 34
2026/10/07 22:19:29.059, 4, 120 MHz, 3996 MHz, 184.59 W, 38
2026/10/07 22:19:29.059, 5, 120 MHz, 3996 MHz, 182.94 W, 37
2026/10/07 22:19:29.059, 6, 120 MHz, 3996 MHz, 184.87 W, 33
2026/10/07 22:19:29.059, 7, 120 MHz, 3996 MHz, 186.55 W, 33
2026/10/07 22:19:30.059, 0, 120 MHz, 3996 MHz, 186.41 W, 37
2026/10/07 22:19:30.059, 1, 120 MHz, 3996 MHz, 189.06 W, 39
2026/10/07 22:19:30.059, 2, 120 MHz, 3996 MHz, 184.90 W, 34
2026/10/07 22:19:30.059, 3, 120 MHz, 3996 MHz, 184.59 W, 34
2026/10/07 22:19:30.059, 4, 120 MHz, 3996 MHz, 184.59 W, 38
2026/10/07 22:19:30.059, 5, 120 MHz, 3996 MHz, 183.06 W, 37
2026/10/07 22:19:30.059, 6, 120 MHz, 3996 MHz, 184.87 W, 33
2026/10/07 22:19:30.059, 7, 120 MHz, 3996 MHz, 186.56 W, 33
2026/10/07 22:19:31.059, 0, 120 MHz, 3996 MHz, 186.41 W, 37
2026/10/07 22:19:31.059, 1, 120 MHz, 3996 MHz, 189.86 W, 39
2026/10/07 22:19:31.059, 2, 120 MHz, 3996 MHz, 184.75 W, 34
2026/10/07 22:19:31.059, 3, 120 MHz, 3996 MHz, 184.75 W, 34
2026/10/07 22:19:31.059, 4, 120 MHz, 3996 MHz, 184.59 W, 38
2026/10/07 22:19:31.059, 5, 120 MHz, 3996 MHz, 182.81 W, 37
2026/10/07 22:19:31.059, 6, 120 MHz, 3996 MHz, 184.91 W, 33
2026/10/07 22:19:31.059, 7, 120 MHz, 3996 MHz, 186.55 W, 33
2026/10/07 22:19:32.060, 0, 120 MHz, 3996 MHz, 186.41 W, 37
2026/10/07 22:19:32.060, 1, 120 MHz, 3996 MHz, 190.09 W, 39
2026/10/07 22:19:32.060, 2, 120 MHz, 3996 MHz, 184.85 W, 34
2026/10/07 22:19:32.060, 3, 2032 MHz, 3996 MHz, 185.19 W, 34
2026/10/07 22:19:32.060, 4, 120 MHz, 3996 MHz, 184.59 W, 38
2026/10/07 22:19:32.060, 5, 120 MHz, 3996 MHz, 182.86 W, 37
2026/10/07 22:19:32.060, 6, 120 MHz, 3996 MHz, 184.91 W, 33
2026/10/07 22:19:32.060, 7, 120 MHz, 3996 MHz, 186.55 W, 32
2026/10/07 22:19:33.060, 0, 120 MHz, 3996 MHz, 186.41 W, 37
2026/10/07 22:19:33.060, 1, 120 MHz, 3996 MHz, 189.85 W, 39
2026/10/07 22:19:33.060, 2, 120 MHz, 3996 MHz, 185.54 W, 34
2026/10/07 22:19:33.060, 3, 2032 MHz, 3996 MHz, 238.04 W, 35
2026/10/07 22:19:33.060, 4, 2032 MHz, 3996 MHz, 216.79 W, 39
2026/10/07 22:19:33.060, 5, 120 MHz, 3996 MHz, 182.92 W, 37
2026/10/07 22:19:33.060, 6, 120 MHz, 3996 MHz, 184.91 W, 33
2026/10/07 22:19:33.060, 7, 120 MHz, 3996 MHz, 186.54 W, 32
2026/10/07 22:19:34.060, 0, 120 MHz, 3996 MHz, 186.41 W, 37
2026/10/07 22:19:34.060, 1, 120 MHz, 3996 MHz, 190.09 W, 39
2026/10/07 22:19:34.060, 2, 120 MHz, 3996 MHz, 185.23 W, 34
2026/10/07 22:19:34.060, 3, 2032 MHz, 3996 MHz, 238.62 W, 35
2026/10/07 22:19:34.060, 4, 2032 MHz, 3996 MHz, 236.77 W, 40
2026/10/07 22:19:34.060, 5, 120 MHz, 3996 MHz, 182.78 W, 37
2026/10/07 22:19:34.060, 6, 120 MHz, 3996 MHz, 184.87 W, 33
2026/10/07 22:19:34.060, 7, 120 MHz, 3996 MHz, 186.55 W, 32
2026/10/07 22:19:35.061, 0, 120 MHz, 3996 MHz, 186.41 W, 37
2026/10/07 22:19:35.061, 1, 120 MHz, 3996 MHz, 190.09 W, 39
2026/10/07 22:19:35.061, 2, 120 MHz, 3996 MHz, 185.03 W, 34
2026/10/07 22:19:35.061, 3, 2032 MHz, 3996 MHz, 238.69 W, 35
2026/10/07 22:19:35.061, 4, 2032 MHz, 3996 MHz, 236.79 W, 40
2026/10/07 22:19:35.061, 5, 120 MHz, 3996 MHz, 182.70 W, 37
2026/10/07 22:19:35.061, 6, 120 MHz, 3996 MHz, 184.99 W, 33
2026/10/07 22:19:35.061, 7, 120 MHz, 3996 MHz, 186.55 W, 32
2026/10/07 22:19:36.061, 0, 120 MHz, 3996 MHz, 186.41 W, 37
2026/10/07 22:19:36.061, 1, 120 MHz, 3996 MHz, 190.09 W, 39
2026/10/07 22:19:36.061, 2, 120 MHz, 3996 MHz, 185.23 W, 34
2026/10/07 22:19:36.061, 3, 2032 MHz, 3996 MHz, 238.69 W, 35
2026/10/07 22:19:36.061, 4, 2032 MHz, 3996 MHz, 236.77 W, 40
2026/10/07 22:19:36.061, 5, 120 MHz, 3996 MHz, 183.11 W, 37
2026/10/07 22:19:36.061, 6, 120 MHz, 3996 MHz, 184.87 W, 33
2026/10/07 22:19:36.061, 7, 120 MHz, 3996 MHz, 186.55 W, 32
2026/10/07 22:19:37.061, 0, 120 MHz, 3996 MHz, 186.41 W, 37
2026/10/07 22:19:37.061, 1, 120 MHz, 3996 MHz, 189.90 W, 39
2026/10/07 22:19:37.061, 2, 120 MHz, 3996 MHz, 185.10 W, 34
2026/10/07 22:19:37.061, 3, 2032 MHz, 3996 MHz, 238.73 W, 35
2026/10/07 22:19:37.061, 4, 2032 MHz, 3996 MHz, 236.76 W, 40
2026/10/07 22:19:37.061, 5, 120 MHz, 3996 MHz, 182.98 W, 37
2026/10/07 22:19:37.061, 6, 120 MHz, 3996 MHz, 184.83 W, 33
2026/10/07 22:19:37.061, 7, 120 MHz, 3996 MHz, 186.54 W, 32
2026/10/07 22:19:38.062, 0, 120 MHz, 3996 MHz, 186.41 W, 37
2026/10/07 22:19:38.062, 1, 120 MHz, 3996 MHz, 190.05 W, 39
2026/10/07 22:19:38.062, 2, 120 MHz, 3996 MHz, 184.93 W, 33
2026/10/07 22:19:38.062, 3, 2032 MHz, 3996 MHz, 238.77 W, 35
2026/10/07 22:19:38.062, 4, 2032 MHz, 3996 MHz, 236.77 W, 40
2026/10/07 22:19:38.062, 5, 120 MHz, 3996 MHz, 183.16 W, 37
2026/10/07 22:19:38.062, 6, 120 MHz, 3996 MHz, 184.83 W, 33
2026/10/07 22:19:38.062, 7, 120 MHz, 3996 MHz, 186.54 W, 32
2026/10/07 22:19:39.062, 0, 120 MHz, 3996 MHz, 186.41 W, 37
2026/10/07 22:19:39.062, 1, 120 MHz, 3996 MHz, 189.93 W, 39
2026/10/07 22:19:39.062, 2, 120 MHz, 3996 MHz, 185.38 W, 33
2026/10/07 22:19:39.062, 3, 2032 MHz, 3996 MHz, 238.77 W, 35
2026/10/07 22:19:39.062, 4, 2032 MHz, 3996 MHz, 236.81 W, 40
2026/10/07 22:19:39.062, 5, 120 MHz, 3996 MHz, 183.06 W, 37
2026/10/07 22:19:39.062, 6, 120 MHz, 3996 MHz, 184.83 W, 33
2026/10/07 22:19:39.062, 7, 120 MHz, 3996 MHz, 186.56 W, 32
2026/10/07 22:19:40.062, 0, 120 MHz, 3996 MHz, 186.41 W, 37
2026/10/07 22:19:40.062, 1, 120 MHz, 3996 MHz, 190.13 W, 39
2026/10/07 22:19:40.062, 2, 120 MHz, 3996 MHz, 184.75 W, 33
2026/10/07 22:19:40.062, 3, 2032 MHz, 3996 MHz, 238.81 W, 35
2026/10/07 22:19:40.062, 4, 2032 MHz, 3996 MHz, 236.94 W, 40
2026/10/07 22:19:40.062, 5, 120 MHz, 3996 MHz, 183.04 W, 37
2026/10/07 22:19:40.062, 6, 120 MHz, 3996 MHz, 184.87 W, 33
2026/10/07 22:19:40.062, 7, 120 MHz, 3996 MHz, 186.55 W, 32
2026/10/07 22:19:41.062, 0, 120 MHz, 3996 MHz, 186.41 W, 37
2026/10/07 22:19:41.063, 1, 120 MHz, 3996 MHz, 190.01 W, 39
2026/10/07 22:19:41.063, 2, 120 MHz, 3996 MHz, 184.43 W, 33
2026/10/07 22:19:41.063, 3, 2032 MHz, 3996 MHz, 238.81 W, 35
2026/10/07 22:19:41.063, 4, 2032 MHz, 3996 MHz, 237.07 W, 40
2026/10/07 22:19:41.063, 5, 120 MHz, 3996 MHz, 182.78 W, 37
2026/10/07 22:19:41.063, 6, 120 MHz, 3996 MHz, 184.83 W, 33
2026/10/07 22:19:41.063, 7, 120 MHz, 3996 MHz, 186.50 W, 32
2026/10/07 22:19:42.063, 0, 120 MHz, 3996 MHz, 186.41 W, 37
2026/10/07 22:19:42.063, 1, 120 MHz, 3996 MHz, 190.05 W, 39
2026/10/07 22:19:42.063, 2, 120 MHz, 3996 MHz, 184.99 W, 33
2026/10/07 22:19:42.063, 3, 2032 MHz, 3996 MHz, 238.77 W, 35
2026/10/07 22:19:42.063, 4, 2032 MHz, 3996 MHz, 236.84 W, 40
2026/10/07 22:19:42.063, 5, 120 MHz, 3996 MHz, 182.66 W, 37
2026/10/07 22:19:42.063, 6, 120 MHz, 3996 MHz, 184.83 W, 33
2026/10/07 22:19:42.063, 7, 120 MHz, 3996 MHz, 186.50 W, 32
2026/10/07 22:19:43.063, 0, 120 MHz, 3996 MHz, 186.41 W, 37
2026/10/07 22:19:43.063, 1, 120 MHz, 3996 MHz, 190.01 W, 39
2026/10/07 22:19:43.063, 2, 120 MHz, 3996 MHz, 184.43 W, 33
2026/10/07 22:19:43.063, 3, 2032 MHz, 3996 MHz, 238.77 W, 35
2026/10/07 22:19:43.063, 4, 2032 MHz, 3996 MHz, 237.09 W, 40
2026/10/07 22:19:43.063, 5, 120 MHz, 3996 MHz, 182.79 W, 37
2026/10/07 22:19:43.063, 6, 120 MHz, 3996 MHz, 184.83 W, 33
2026/10/07 22:19:43.063, 7, 120 MHz, 3996 MHz, 186.51 W, 32
2026/10/07 22:19:44.063, 0, 120 MHz, 3996 MHz, 186.41 W, 37
2026/10/07 22:19:44.063, 1, 120 MHz, 3996 MHz, 190.01 W, 39
2026/10/07 22:19:44.063, 2, 120 MHz, 3996 MHz, 184.40 W, 33
2026/10/07 22:19:44.063, 3, 2032 MHz, 3996 MHz, 238.77 W, 35
2026/10/07 22:19:44.063, 4, 2032 MHz, 3996 MHz, 236.99 W, 40
2026/10/07 22:19:44.063, 5, 120 MHz, 3996 MHz, 182.89 W, 37
2026/10/07 22:19:44.063, 6, 120 MHz, 3996 MHz, 184.83 W, 33
2026/10/07 22:19:44.064, 7, 120 MHz, 3996 MHz, 186.47 W, 32
2026/10/07 22:19:45.064, 0, 120 MHz, 3996 MHz, 186.41 W, 37
2026/10/07 22:19:45.064, 1, 120 MHz, 3996 MHz, 189.90 W, 39
2026/10/07 22:19:45.064, 2, 120 MHz, 3996 MHz, 184.66 W, 33
2026/10/07 22:19:45.064, 3, 2032 MHz, 3996 MHz, 238.77 W, 35
2026/10/07 22:19:45.064, 4, 2032 MHz, 3996 MHz, 237.43 W, 40
2026/10/07 22:19:45.064, 5, 120 MHz, 3996 MHz, 182.98 W, 37
2026/10/07 22:19:45.064, 6, 120 MHz, 3996 MHz, 184.83 W, 33
2026/10/07 22:19:45.064, 7, 120 MHz, 3996 MHz, 186.35 W, 32
2026/10/07 22:19:46.064, 0, 120 MHz, 3996 MHz, 186.41 W, 37
2026/10/07 22:19:46.064, 1, 120 MHz, 3996 MHz, 190.05 W, 39
2026/10/07 22:19:46.064, 2, 120 MHz, 3996 MHz, 184.36 W, 33
2026/10/07 22:19:46.064, 3, 2032 MHz, 3996 MHz, 238.77 W, 35
2026/10/07 22:19:46.064, 4, 2032 MHz, 3996 MHz, 237.49 W, 40
2026/10/07 22:19:46.064, 5, 120 MHz, 3996 MHz, 182.96 W, 37
2026/10/07 22:19:46.064, 6, 120 MHz, 3996 MHz, 184.83 W, 33
2026/10/07 22:19:46.064, 7, 120 MHz, 3996 MHz, 186.46 W, 32
2026/10/07 22:19:47.064, 0, 120 MHz, 3996 MHz, 186.41 W, 37
2026/10/07 22:19:47.064, 1, 120 MHz, 3996 MHz, 190.05 W, 39
2026/10/07 22:19:47.064, 2, 120 MHz, 3996 MHz, 184.27 W, 33
2026/10/07 22:19:47.064, 3, 2032 MHz, 3996 MHz, 238.65 W, 35
2026/10/07 22:19:47.064, 4, 2032 MHz, 3996 MHz, 236.94 W, 40
2026/10/07 22:19:47.064, 5, 120 MHz, 3996 MHz, 182.74 W, 37
2026/10/07 22:19:47.064, 6, 120 MHz, 3996 MHz, 184.83 W, 33
2026/10/07 22:19:47.064, 7, 120 MHz, 3996 MHz, 186.33 W, 32
2026/10/07 22:19:48.065, 0, 120 MHz, 3996 MHz, 186.41 W, 37
2026/10/07 22:19:48.065, 1, 120 MHz, 3996 MHz, 190.05 W, 39
2026/10/07 22:19:48.065, 2, 120 MHz, 3996 MHz, 184.09 W, 33
2026/10/07 22:19:48.065, 3, 2032 MHz, 3996 MHz, 238.77 W, 35
2026/10/07 22:19:48.065, 4, 2032 MHz, 3996 MHz, 236.78 W, 40
2026/10/07 22:19:48.065, 5, 120 MHz, 3996 MHz, 182.93 W, 37
2026/10/07 22:19:48.065, 6, 120 MHz, 3996 MHz, 184.83 W, 32
2026/10/07 22:19:48.065, 7, 120 MHz, 3996 MHz, 186.33 W, 32
2026/10/07 22:19:49.065, 0, 120 MHz, 3996 MHz, 186.41 W, 37
2026/10/07 22:19:49.065, 1, 120 MHz, 3996 MHz, 190.05 W, 39
2026/10/07 22:19:49.065, 2, 120 MHz, 3996 MHz, 184.35 W, 33
2026/10/07 22:19:49.065, 3, 2032 MHz, 3996 MHz, 238.77 W, 35
2026/10/07 22:19:49.065, 4, 2032 MHz, 3996 MHz, 237.13 W, 40
2026/10/07 22:19:49.065, 5, 120 MHz, 3996 MHz, 183.02 W, 37
2026/10/07 22:19:49.065, 6, 120 MHz, 3996 MHz, 184.83 W, 32
2026/10/07 22:19:49.065, 7, 120 MHz, 3996 MHz, 186.40 W, 32
2026/10/07 22:19:50.065, 0, 120 MHz, 3996 MHz, 186.41 W, 37
2026/10/07 22:19:50.065, 1, 120 MHz, 3996 MHz, 190.09 W, 39
2026/10/07 22:19:50.065, 2, 120 MHz, 3996 MHz, 184.05 W, 33
2026/10/07 22:19:50.065, 3, 2032 MHz, 3996 MHz, 238.89 W, 35
2026/10/07 22:19:50.065, 4, 2032 MHz, 3996 MHz, 237.33 W, 40
2026/10/07 22:19:50.065, 5, 120 MHz, 3996 MHz, 182.67 W, 37
2026/10/07 22:19:50.065, 6, 120 MHz, 3996 MHz, 184.83 W, 32
2026/10/07 22:19:50.065, 7, 120 MHz, 3996 MHz, 186.27 W, 32
2026/10/07 22:19:51.065, 0, 120 MHz, 3996 MHz, 186.41 W, 37
2026/10/07 22:19:51.066, 1, 120 MHz, 3996 MHz, 190.09 W, 39
2026/10/07 22:19:51.066, 2, 120 MHz, 3996 MHz, 184.01 W, 33
2026/10/07 22:19:51.066, 3, 2032 MHz, 3996 MHz, 239.12 W, 35
2026/10/07 22:19:51.066, 4, 2032 MHz, 3996 MHz, 238.60 W, 40
2026/10/07 22:19:51.066, 5, 120 MHz, 3996 MHz, 182.85 W, 37
2026/10/07 22:19:51.066, 6, 120 MHz, 3996 MHz, 184.83 W, 32
2026/10/07 22:19:51.066, 7, 120 MHz, 3996 MHz, 185.94 W, 32
2026/10/07 22:19:52.066, 0, 120 MHz, 3996 MHz, 186.41 W, 37
2026/10/07 22:19:52.066, 1, 120 MHz, 3996 MHz, 190.05 W, 39
2026/10/07 22:19:52.066, 2, 120 MHz, 3996 MHz, 183.97 W, 33
2026/10/07 22:19:52.066, 3, 2032 MHz, 3996 MHz, 239.69 W, 34
2026/10/07 22:19:52.066, 4, 2032 MHz, 3996 MHz, 238.68 W, 40
2026/10/07 22:19:52.066, 5, 120 MHz, 3996 MHz, 183.01 W, 37
2026/10/07 22:19:52.066, 6, 120 MHz, 3996 MHz, 184.83 W, 32
2026/10/07 22:19:52.066, 7, 120 MHz, 3996 MHz, 186.12 W, 32
2026/10/07 22:19:53.066, 0, 120 MHz, 3996 MHz, 186.41 W, 37
2026/10/07 22:19:53.066, 1, 120 MHz, 3996 MHz, 189.94 W, 39
2026/10/07 22:19:53.066, 2, 120 MHz, 3996 MHz, 184.04 W, 33
2026/10/07 22:19:53.066, 3, 2032 MHz, 3996 MHz, 257.19 W, 35
2026/10/07 22:19:53.066, 4, 2032 MHz, 3996 MHz, 238.04 W, 40
2026/10/07 22:19:53.066, 5, 120 MHz, 3996 MHz, 182.70 W, 37
2026/10/07 22:19:53.066, 6, 120 MHz, 3996 MHz, 184.83 W, 32
2026/10/07 22:19:53.066, 7, 120 MHz, 3996 MHz, 186.16 W, 31
2026/10/07 22:19:54.066, 0, 120 MHz, 3996 MHz, 186.41 W, 37
2026/10/07 22:19:54.066, 1, 120 MHz, 3996 MHz, 189.79 W, 39
2026/10/07 22:19:54.066, 2, 120 MHz, 3996 MHz, 183.97 W, 33
2026/10/07 22:19:54.066, 3, 2032 MHz, 3996 MHz, 238.53 W, 34
2026/10/07 22:19:54.066, 4, 2032 MHz, 3996 MHz, 255.45 W, 40
2026/10/07 22:19:54.066, 5, 120 MHz, 3996 MHz, 182.93 W, 37
2026/10/07 22:19:54.067, 6, 120 MHz, 3996 MHz, 184.83 W, 32
2026/10/07 22:19:54.067, 7, 120 MHz, 3996 MHz, 185.51 W, 31
2026/10/07 22:19:55.067, 0, 120 MHz, 3996 MHz, 186.41 W, 37
2026/10/07 22:19:55.067, 1, 120 MHz, 3996 MHz, 189.89 W, 39
2026/10/07 22:19:55.067, 2, 120 MHz, 3996 MHz, 183.97 W, 33
2026/10/07 22:19:55.067, 3, 2032 MHz, 3996 MHz, 238.27 W, 34
2026/10/07 22:19:55.067, 4, 2032 MHz, 3996 MHz, 236.76 W, 40
2026/10/07 22:19:55.067, 5, 120 MHz, 3996 MHz, 182.70 W, 37
2026/10/07 22:19:55.067, 6, 120 MHz, 3996 MHz, 184.83 W, 32
2026/10/07 22:19:55.067, 7, 120 MHz, 3996 MHz, 185.63 W, 31
2026/10/07 22:19:56.067, 0, 120 MHz, 3996 MHz, 186.41 W, 37
2026/10/07 22:19:56.067, 1, 120 MHz, 3996 MHz, 189.94 W, 39
2026/10/07 22:19:56.067, 2, 120 MHz, 3996 MHz, 183.97 W, 33
2026/10/07 22:19:56.067, 3, 2032 MHz, 3996 MHz, 237.91 W, 34
2026/10/07 22:19:56.067, 4, 2032 MHz, 3996 MHz, 236.77 W, 40
2026/10/07 22:19:56.067, 5, 120 MHz, 3996 MHz, 182.73 W, 37
2026/10/07 22:19:56.067, 6, 120 MHz, 3996 MHz, 184.83 W, 32
2026/10/07 22:19:56.067, 7, 120 MHz, 3996 MHz, 185.06 W, 31
2026/10/07 22:19:57.067, 0, 120 MHz, 3996 MHz, 186.41 W, 37
2026/10/07 22:19:57.067, 1, 120 MHz, 3996 MHz, 189.97 W, 39
2026/10/07 22:19:57.067, 2, 120 MHz, 3996 MHz, 183.97 W, 32
2026/10/07 22:19:57.067, 3, 2032 MHz, 3996 MHz, 237.75 W, 34
2026/10/07 22:19:57.067, 4, 2032 MHz, 3996 MHz, 236.80 W, 40
2026/10/07 22:19:57.067, 5, 120 MHz, 3996 MHz, 182.72 W, 37
2026/10/07 22:19:57.067, 6, 120 MHz, 3996 MHz, 184.83 W, 32
2026/10/07 22:19:57.067, 7, 120 MHz, 3996 MHz, 185.25 W, 31
2026/10/07 22:19:58.068, 0, 120 MHz, 3996 MHz, 186.41 W, 37
2026/10/07 22:19:58.068, 1, 120 MHz, 3996 MHz, 189.86 W, 39
2026/10/07 22:19:58.068, 2, 120 MHz, 3996 MHz, 183.97 W, 32
2026/10/07 22:19:58.068, 3, 2032 MHz, 3996 MHz, 237.87 W, 34
2026/10/07 22:19:58.068, 4, 2032 MHz, 3996 MHz, 236.77 W, 40
2026/10/07 22:19:58.068, 5, 120 MHz, 3996 MHz, 182.81 W, 37
2026/10/07 22:19:58.068, 6, 120 MHz, 3996 MHz, 184.83 W, 32
2026/10/07 22:19:58.068, 7, 120 MHz, 3996 MHz, 185.16 W, 31
2026/10/07 22:19:59.068, 0, 120 MHz, 3996 MHz, 186.41 W, 37
2026/10/07 22:19:59.068, 1, 120 MHz, 3996 MHz, 189.98 W, 39
2026/10/07 22:19:59.068, 2, 120 MHz, 3996 MHz, 183.97 W, 32
2026/10/07 22:19:59.068, 3, 2032 MHz, 3996 MHz, 237.65 W, 34
2026/10/07 22:19:59.068, 4, 2032 MHz, 3996 MHz, 236.76 W, 40
2026/10/07 22:19:59.068, 5, 120 MHz, 3996 MHz, 182.81 W, 37
2026/10/07 22:19:59.068, 6, 120 MHz, 3996 MHz, 184.83 W, 32
2026/10/07 22:19:59.068, 7, 120 MHz, 3996 MHz, 185.20 W, 31
2026/10/07 22:20:00.068, 0, 120 MHz, 3996 MHz, 186.41 W, 37
2026/10/07 22:20:00.068, 1, 120 MHz, 3996 MHz, 189.86 W, 39
2026/10/07 22:20:00.068, 2, 120 MHz, 3996 MHz, 183.97 W, 32
2026/10/07 22:20:00.068, 3, 2032 MHz, 3996 MHz, 237.39 W, 34
2026/10/07 22:20:00.068, 4, 2032 MHz, 3996 MHz, 236.76 W, 40
2026/10/07 22:20:00.068, 5, 120 MHz, 3996 MHz, 182.88 W, 37
2026/10/07 22:20:00.068, 6, 120 MHz, 3996 MHz, 184.83 W, 32
2026/10/07 22:20:00.068, 7, 120 MHz, 3996 MHz, 186.51 W, 31
2026/10/07 22:20:01.068, 0, 120 MHz, 3996 MHz, 186.41 W, 37
2026/10/07 22:20:01.069, 1, 120 MHz, 3996 MHz, 189.86 W, 39
2026/10/07 22:20:01.069, 2, 120 MHz, 3996 MHz, 183.97 W, 32
2026/10/07 22:20:01.069, 3, 2032 MHz, 3996 MHz, 237.67 W, 34
2026/10/07 22:20:01.069, 4, 2032 MHz, 3996 MHz, 236.77 W, 40
2026/10/07 22:20:01.069, 5, 120 MHz, 3996 MHz, 182.79 W, 37
2026/10/07 22:20:01.069, 6, 120 MHz, 3996 MHz, 184.83 W, 32
2026/10/07 22:20:01.069, 7, 120 MHz, 3996 MHz, 186.51 W, 31
2026/10/07 22:20:02.069, 0, 120 MHz, 3996 MHz, 186.41 W, 37
2026/10/07 22:20:02.069, 1, 120 MHz, 3996 MHz, 189.78 W, 39
2026/10/07 22:20:02.069, 2, 120 MHz, 3996 MHz, 183.97 W, 32
2026/10/07 22:20:02.069, 3, 2032 MHz, 3996 MHz, 236.97 W, 34
2026/10/07 22:20:02.069, 4, 2032 MHz, 3996 MHz, 236.78 W, 40
2026/10/07 22:20:02.069, 5, 120 MHz, 3996 MHz, 182.74 W, 37
2026/10/07 22:20:02.069, 6, 120 MHz, 3996 MHz, 184.83 W, 32
2026/10/07 22:20:02.069, 7, 120 MHz, 3996 MHz, 186.51 W, 31
2026/10/07 22:20:03.069, 0, 120 MHz, 3996 MHz, 186.41 W, 37
2026/10/07 22:20:03.069, 1, 120 MHz, 3996 MHz, 189.98 W, 39
2026/10/07 22:20:03.069, 2, 120 MHz, 3996 MHz, 183.97 W, 32
2026/10/07 22:20:03.069, 3, 2032 MHz, 3996 MHz, 237.12 W, 34
2026/10/07 22:20:03.069, 4, 2032 MHz, 3996 MHz, 236.75 W, 40
2026/10/07 22:20:03.069, 5, 120 MHz, 3996 MHz, 182.60 W, 37
2026/10/07 22:20:03.069, 6, 120 MHz, 3996 MHz, 184.83 W, 32
2026/10/07 22:20:03.069, 7, 120 MHz, 3996 MHz, 186.52 W, 31
2026/10/07 22:20:04.069, 0, 120 MHz, 3996 MHz, 186.41 W, 37
2026/10/07 22:20:04.069, 1, 120 MHz, 3996 MHz, 189.70 W, 39
2026/10/07 22:20:04.069, 2, 120 MHz, 3996 MHz, 183.97 W, 32
2026/10/07 22:20:04.069, 3, 2032 MHz, 3996 MHz, 237.05 W, 34
2026/10/07 22:20:04.069, 4, 2032 MHz, 3996 MHz, 236.79 W, 40
2026/10/07 22:20:04.069, 5, 120 MHz, 3996 MHz, 182.60 W, 37
2026/10/07 22:20:04.070, 6, 120 MHz, 3996 MHz, 184.83 W, 31
2026/10/07 22:20:04.070, 7, 120 MHz, 3996 MHz, 186.42 W, 31
2026/10/07 22:20:05.070, 0, 120 MHz, 3996 MHz, 186.41 W, 37
2026/10/07 22:20:05.070, 1, 120 MHz, 3996 MHz, 189.55 W, 39
2026/10/07 22:20:05.070, 2, 120 MHz, 3996 MHz, 183.97 W, 32
2026/10/07 22:20:05.070, 3, 2032 MHz, 3996 MHz, 237.05 W, 34
2026/10/07 22:20:05.070, 4, 2032 MHz, 3996 MHz, 236.79 W, 40
2026/10/07 22:20:05.070, 5, 120 MHz, 3996 MHz, 182.87 W, 37
2026/10/07 22:20:05.070, 6, 120 MHz, 3996 MHz, 184.83 W, 31
2026/10/07 22:20:05.070, 7, 120 MHz, 3996 MHz, 186.47 W, 31
2026/10/07 22:20:06.070, 0, 120 MHz, 3996 MHz, 186.41 W, 37
2026/10/07 22:20:06.070, 1, 120 MHz, 3996 MHz, 189.62 W, 39
2026/10/07 22:20:06.070, 2, 120 MHz, 3996 MHz, 183.97 W, 32
2026/10/07 22:20:06.070, 3, 2032 MHz, 3996 MHz, 236.93 W, 34
2026/10/07 22:20:06.070, 4, 2032 MHz, 3996 MHz, 236.80 W, 40
2026/10/07 22:20:06.070, 5, 120 MHz, 3996 MHz, 182.63 W, 37
2026/10/07 22:20:06.070, 6, 120 MHz, 3996 MHz, 184.83 W, 31
2026/10/07 22:20:06.070, 7, 120 MHz, 3996 MHz, 186.37 W, 31
2026/10/07 22:20:07.070, 0, 120 MHz, 3996 MHz, 186.41 W, 37
2026/10/07 22:20:07.070, 1, 120 MHz, 3996 MHz, 189.64 W, 39
2026/10/07 22:20:07.070, 2, 120 MHz, 3996 MHz, 183.97 W, 32
2026/10/07 22:20:07.070, 3, 2032 MHz, 3996 MHz, 237.09 W, 34
2026/10/07 22:20:07.070, 4, 2032 MHz, 3996 MHz, 236.83 W, 40
2026/10/07 22:20:07.070, 5, 120 MHz, 3996 MHz, 182.72 W, 37
2026/10/07 22:20:07.070, 6, 120 MHz, 3996 MHz, 184.83 W, 31
2026/10/07 22:20:07.070, 7, 120 MHz, 3996 MHz, 186.37 W, 30
2026/10/07 22:20:08.071, 0, 120 MHz, 3996 MHz, 186.41 W, 37
2026/10/07 22:20:08.071, 1, 120 MHz, 3996 MHz, 189.33 W, 39
2026/10/07 22:20:08.071, 2, 120 MHz, 3996 MHz, 183.97 W, 32
2026/10/07 22:20:08.071, 3, 2032 MHz, 3996 MHz, 236.86 W, 34
2026/10/07 22:20:08.071, 4, 2032 MHz, 3996 MHz, 236.80 W, 40
2026/10/07 22:20:08.071, 5, 120 MHz, 3996 MHz, 182.70 W, 36
2026/10/07 22:20:08.071, 6, 120 MHz, 3996 MHz, 184.83 W, 31
2026/10/07 22:20:08.071, 7, 120 MHz, 3996 MHz, 186.08 W, 30
2026/10/07 22:20:09.071, 0, 120 MHz, 3996 MHz, 186.41 W, 37
2026/10/07 22:20:09.071, 1, 120 MHz, 3996 MHz, 189.24 W, 39
2026/10/07 22:20:09.071, 2, 120 MHz, 3996 MHz, 183.97 W, 32
2026/10/07 22:20:09.071, 3, 2032 MHz, 3996 MHz, 236.85 W, 33
2026/10/07 22:20:09.071, 4, 2032 MHz, 3996 MHz, 236.82 W, 40
2026/10/07 22:20:09.071, 5, 120 MHz, 3996 MHz, 182.76 W, 36
2026/10/07 22:20:09.071, 6, 120 MHz, 3996 MHz, 184.83 W, 31
2026/10/07 22:20:09.071, 7, 120 MHz, 3996 MHz, 185.97 W, 30
2026/10/07 22:20:10.071, 0, 120 MHz, 3996 MHz, 186.41 W, 36
2026/10/07 22:20:10.071, 1, 120 MHz, 3996 MHz, 189.43 W, 39
2026/10/07 22:20:10.071, 2, 120 MHz, 3996 MHz, 183.97 W, 31
2026/10/07 22:20:10.071, 3, 2032 MHz, 3996 MHz, 236.85 W, 33
2026/10/07 22:20:10.071, 4, 2032 MHz, 3996 MHz, 236.82 W, 40
2026/10/07 22:20:10.071, 5, 120 MHz, 3996 MHz, 182.62 W, 36
2026/10/07 22:20:10.071, 6, 120 MHz, 3996 MHz, 184.83 W, 31
2026/10/07 22:20:10.071, 7, 120 MHz, 3996 MHz, 185.79 W, 30
2026/10/07 22:20:11.071, 0, 120 MHz, 3996 MHz, 186.41 W, 36
2026/10/07 22:20:11.071, 1, 120 MHz, 3996 MHz, 189.26 W, 38
2026/10/07 22:20:11.071, 2, 120 MHz, 3996 MHz, 183.97 W, 31
2026/10/07 22:20:11.071, 3, 2032 MHz, 3996 MHz, 237.08 W, 33
2026/10/07 22:20:11.071, 4, 2032 MHz, 3996 MHz, 236.96 W, 40
2026/10/07 22:20:11.071, 5, 120 MHz, 3996 MHz, 182.74 W, 36
2026/10/07 22:20:11.072, 6, 120 MHz, 3996 MHz, 184.83 W, 31
2026/10/07 22:20:11.072, 7, 120 MHz, 3996 MHz, 185.70 W, 30
2026/10/07 22:20:12.072, 0, 120 MHz, 3996 MHz, 186.41 W, 36
2026/10/07 22:20:12.072, 1, 120 MHz, 3996 MHz, 189.06 W, 38
2026/10/07 22:20:12.072, 2, 120 MHz, 3996 MHz, 183.97 W, 31
2026/10/07 22:20:12.072, 3, 2032 MHz, 3996 MHz, 236.89 W, 33
2026/10/07 22:20:12.072, 4, 2032 MHz, 3996 MHz, 236.79 W, 40
2026/10/07 22:20:12.072, 5, 120 MHz, 3996 MHz, 182.69 W, 36
2026/10/07 22:20:12.072, 6, 120 MHz, 3996 MHz, 184.83 W, 31
2026/10/07 22:20:12.072, 7, 120 MHz, 3996 MHz, 185.52 W, 30
2026/10/07 22:20:13.072, 0, 120 MHz, 3996 MHz, 186.41 W, 36
2026/10/07 22:20:13.072, 1, 120 MHz, 3996 MHz, 189.04 W, 38
2026/10/07 22:20:13.072, 2, 120 MHz, 3996 MHz, 183.97 W, 31
2026/10/07 22:20:13.072, 3, 2032 MHz, 3996 MHz, 236.81 W, 33
2026/10/07 22:20:13.072, 4, 2032 MHz, 3996 MHz, 236.80 W, 40
2026/10/07 22:20:13.072, 5, 120 MHz, 3996 MHz, 182.60 W, 36
2026/10/07 22:20:13.072, 6, 120 MHz, 3996 MHz, 184.83 W, 31
2026/10/07 22:20:13.072, 7, 120 MHz, 3996 MHz, 185.13 W, 30
2026/10/07 22:20:14.072, 0, 120 MHz, 3996 MHz, 186.41 W, 36
2026/10/07 22:20:14.072, 1, 120 MHz, 3996 MHz, 188.89 W, 38
2026/10/07 22:20:14.072, 2, 120 MHz, 3996 MHz, 183.97 W, 31
2026/10/07 22:20:14.072, 3, 2032 MHz, 3996 MHz, 236.81 W, 33
2026/10/07 22:20:14.072, 4, 2032 MHz, 3996 MHz, 236.78 W, 40
2026/10/07 22:20:14.072, 5, 120 MHz, 3996 MHz, 182.69 W, 36
2026/10/07 22:20:14.072, 6, 120 MHz, 3996 MHz, 184.83 W, 31
2026/10/07 22:20:14.072, 7, 120 MHz, 3996 MHz, 184.92 W, 30
2026/10/07 22:20:15.073, 0, 120 MHz, 3996 MHz, 186.41 W, 36
2026/10/07 22:20:15.073, 1, 120 MHz, 3996 MHz, 188.64 W, 38
2026/10/07 22:20:15.073, 2, 120 MHz, 3996 MHz, 183.97 W, 31
2026/10/07 22:20:15.073, 3, 2032 MHz, 3996 MHz, 236.81 W, 33
2026/10/07 22:20:15.073, 4, 2032 MHz, 3996 MHz, 236.78 W, 40
2026/10/07 22:20:15.073, 5, 120 MHz, 3996 MHz, 182.57 W, 36
2026/10/07 22:20:15.073, 6, 120 MHz, 3996 MHz, 184.83 W, 31
2026/10/07 22:20:15.073, 7, 120 MHz, 3996 MHz, 184.98 W, 30
2026/10/07 22:20:16.073, 0, 120 MHz, 3996 MHz, 186.41 W, 36
2026/10/07 22:20:16.073, 1, 120 MHz, 3996 MHz, 188.26 W, 38
2026/10/07 22:20:16.073, 2, 120 MHz, 3996 MHz, 183.97 W, 31
2026/10/07 22:20:16.073, 3, 2032 MHz, 3996 MHz, 236.85 W, 33
2026/10/07 22:20:16.073, 4, 2032 MHz, 3996 MHz, 236.81 W, 40
2026/10/07 22:20:16.073, 5, 120 MHz, 3996 MHz, 182.60 W, 36
2026/10/07 22:20:16.073, 6, 120 MHz, 3996 MHz, 184.83 W, 31
2026/10/07 22:20:16.073, 7, 120 MHz, 3996 MHz, 185.04 W, 30
2026/10/07 22:20:17.073, 0, 120 MHz, 3996 MHz, 186.41 W, 36
2026/10/07 22:20:17.073, 1, 120 MHz, 3996 MHz, 188.30 W, 38
2026/10/07 22:20:17.073, 2, 120 MHz, 3996 MHz, 183.97 W, 31
2026/10/07 22:20:17.073, 3, 2032 MHz, 3996 MHz, 236.81 W, 33
2026/10/07 22:20:17.073, 4, 2032 MHz, 3996 MHz, 236.79 W, 40
2026/10/07 22:20:17.073, 5, 120 MHz, 3996 MHz, 182.60 W, 36
2026/10/07 22:20:17.073, 6, 120 MHz, 3996 MHz, 184.83 W, 31
2026/10/07 22:20:17.073, 7, 120 MHz, 3996 MHz, 184.88 W, 30
2026/10/07 22:20:18.073, 0, 120 MHz, 3996 MHz, 186.41 W, 36
2026/10/07 22:20:18.073, 1, 120 MHz, 3996 MHz, 188.34 W, 38
2026/10/07 22:20:18.073, 2, 120 MHz, 3996 MHz, 183.97 W, 31
2026/10/07 22:20:18.073, 3, 2032 MHz, 3996 MHz, 236.81 W, 33
2026/10/07 22:20:18.073, 4, 2032 MHz, 3996 MHz, 236.81 W, 40
2026/10/07 22:20:18.073, 5, 120 MHz, 3996 MHz, 182.58 W, 36
2026/10/07 22:20:18.073, 6, 120 MHz, 3996 MHz, 184.83 W, 31
2026/10/07 22:20:18.073, 7, 120 MHz, 3996 MHz, 184.77 W, 30
2026/10/07 22:20:19.074, 0, 120 MHz, 3996 MHz, 186.41 W, 36
2026/10/07 22:20:19.074, 1, 120 MHz, 3996 MHz, 188.30 W, 38
2026/10/07 22:20:19.074, 2, 120 MHz, 3996 MHz, 183.97 W, 31
2026/10/07 22:20:19.074, 3, 2032 MHz, 3996 MHz, 236.81 W, 33
2026/10/07 22:20:19.074, 4, 2032 MHz, 3996 MHz, 236.81 W, 40
2026/10/07 22:20:19.074, 5, 120 MHz, 3996 MHz, 182.61 W, 36
2026/10/07 22:20:19.074, 6, 120 MHz, 3996 MHz, 184.83 W, 30
2026/10/07 22:20:19.074, 7, 120 MHz, 3996 MHz, 184.91 W, 30
2026/10/07 22:20:20.074, 0, 120 MHz, 3996 MHz, 186.41 W, 36
2026/10/07 22:20:20.074, 1, 120 MHz, 3996 MHz, 188.34 W, 38
2026/10/07 22:20:20.074, 2, 120 MHz, 3996 MHz, 183.97 W, 31
2026/10/07 22:20:20.074, 3, 2032 MHz, 3996 MHz, 236.81 W, 33
2026/10/07 22:20:20.074, 4, 2032 MHz, 3996 MHz, 237.02 W, 40
2026/10/07 22:20:20.074, 5, 120 MHz, 3996 MHz, 182.63 W, 36
2026/10/07 22:20:20.074, 6, 120 MHz, 3996 MHz, 184.83 W, 30
2026/10/07 22:20:20.074, 7, 120 MHz, 3996 MHz, 184.67 W, 29
2026/10/07 22:20:21.074, 0, 120 MHz, 3996 MHz, 186.41 W, 36
2026/10/07 22:20:21.074, 1, 120 MHz, 3996 MHz, 188.30 W, 38
2026/10/07 22:20:21.074, 2, 120 MHz, 3996 MHz, 183.97 W, 31
2026/10/07 22:20:21.074, 3, 2032 MHz, 3996 MHz, 236.81 W, 33
2026/10/07 22:20:21.074, 4, 2032 MHz, 3996 MHz, 236.82 W, 40
2026/10/07 22:20:21.074, 5, 120 MHz, 3996 MHz, 182.57 W, 36
2026/10/07 22:20:21.074, 6, 120 MHz, 3996 MHz, 184.83 W, 30
2026/10/07 22:20:21.074, 7, 120 MHz, 3996 MHz, 184.66 W, 29
2026/10/07 22:20:22.075, 0, 120 MHz, 3996 MHz, 186.41 W, 36
2026/10/07 22:20:22.075, 1, 120 MHz, 3996 MHz, 188.26 W, 38
2026/10/07 22:20:22.075, 2, 120 MHz, 3996 MHz, 183.97 W, 31
2026/10/07 22:20:22.075, 3, 2032 MHz, 3996 MHz, 237.09 W, 33
2026/10/07 22:20:22.075, 4, 2032 MHz, 3996 MHz, 236.80 W, 40
2026/10/07 22:20:22.075, 5, 120 MHz, 3996 MHz, 182.62 W, 36
2026/10/07 22:20:22.075, 6, 120 MHz, 3996 MHz, 184.83 W, 30
2026/10/07 22:20:22.075, 7, 120 MHz, 3996 MHz, 184.62 W, 29
2026/10/07 22:20:23.075, 0, 120 MHz, 3996 MHz, 186.41 W, 36
2026/10/07 22:20:23.075, 1, 120 MHz, 3996 MHz, 188.23 W, 38
2026/10/07 22:20:23.075, 2, 120 MHz, 3996 MHz, 183.97 W, 31
2026/10/07 22:20:23.075, 3, 2032 MHz, 3996 MHz, 236.89 W, 33
2026/10/07 22:20:23.075, 4, 2032 MHz, 3996 MHz, 236.79 W, 40
2026/10/07 22:20:23.075, 5, 120 MHz, 3996 MHz, 182.64 W, 36
2026/10/07 22:20:23.075, 6, 120 MHz, 3996 MHz, 184.83 W, 30
2026/10/07 22:20:23.075, 7, 120 MHz, 3996 MHz, 184.63 W, 29
2026/10/07 22:20:24.075, 0, 120 MHz, 3996 MHz, 186.41 W, 36
2026/10/07 22:20:24.075, 1, 120 MHz, 3996 MHz, 188.23 W, 38
2026/10/07 22:20:24.075, 2, 120 MHz, 3996 MHz, 183.97 W, 30
2026/10/07 22:20:24.075, 3, 2032 MHz, 3996 MHz, 236.81 W, 32
2026/10/07 22:20:24.075, 4, 2032 MHz, 3996 MHz, 236.84 W, 40
2026/10/07 22:20:24.075, 5, 120 MHz, 3996 MHz, 182.60 W, 36
2026/10/07 22:20:24.075, 6, 120 MHz, 3996 MHz, 184.83 W, 30
2026/10/07 22:20:24.075, 7, 120 MHz, 3996 MHz, 184.62 W, 29
2026/10/07 22:20:25.075, 0, 120 MHz, 3996 MHz, 186.41 W, 36
2026/10/07 22:20:25.075, 1, 120 MHz, 3996 MHz, 188.23 W, 38
2026/10/07 22:20:25.075, 2, 120 MHz, 3996 MHz, 183.97 W, 30
2026/10/07 22:20:25.075, 3, 2032 MHz, 3996 MHz, 236.81 W, 32
2026/10/07 22:20:25.075, 4, 2032 MHz, 3996 MHz, 236.82 W, 40
2026/10/07 22:20:25.075, 5, 120 MHz, 3996 MHz, 182.56 W, 36
2026/10/07 22:20:25.075, 6, 120 MHz, 3996 MHz, 184.83 W, 30
2026/10/07 22:20:25.075, 7, 120 MHz, 3996 MHz, 184.65 W, 29
2026/10/07 22:20:26.076, 0, 120 MHz, 3996 MHz, 186.41 W, 36
2026/10/07 22:20:26.076, 1, 120 MHz, 3996 MHz, 188.23 W, 38
2026/10/07 22:20:26.076, 2, 120 MHz, 3996 MHz, 183.97 W, 30
2026/10/07 22:20:26.076, 3, 2032 MHz, 3996 MHz, 236.81 W, 32
2026/10/07 22:20:26.076, 4, 2032 MHz, 3996 MHz, 236.85 W, 40
2026/10/07 22:20:26.076, 5, 120 MHz, 3996 MHz, 182.57 W, 36
2026/10/07 22:20:26.076, 6, 120 MHz, 3996 MHz, 184.83 W, 30
2026/10/07 22:20:26.076, 7, 120 MHz, 3996 MHz, 184.64 W, 29
2026/10/07 22:20:27.076, 0, 120 MHz, 3996 MHz, 186.41 W, 36
2026/10/07 22:20:27.076, 1, 120 MHz, 3996 MHz, 188.23 W, 38
2026/10/07 22:20:27.076, 2, 120 MHz, 3996 MHz, 183.97 W, 30
2026/10/07 22:20:27.076, 3, 2032 MHz, 3996 MHz, 236.81 W, 32
2026/10/07 22:20:27.076, 4, 2032 MHz, 3996 MHz, 236.85 W, 39
2026/10/07 22:20:27.076, 5, 120 MHz, 3996 MHz, 182.56 W, 36
2026/10/07 22:20:27.076, 6, 120 MHz, 3996 MHz, 184.83 W, 30
2026/10/07 22:20:27.076, 7, 120 MHz, 3996 MHz, 184.63 W, 29
2026/10/07 22:20:28.076, 0, 120 MHz, 3996 MHz, 186.41 W, 36
2026/10/07 22:20:28.076, 1, 120 MHz, 3996 MHz, 188.23 W, 38
2026/10/07 22:20:28.076, 2, 120 MHz, 3996 MHz, 183.97 W, 30
2026/10/07 22:20:28.076, 3, 2032 MHz, 3996 MHz, 236.81 W, 32
2026/10/07 22:20:28.076, 4, 2032 MHz, 3996 MHz, 236.87 W, 39
2026/10/07 22:20:28.076, 5, 120 MHz, 3996 MHz, 182.62 W, 36
2026/10/07 22:20:28.076, 6, 120 MHz, 3996 MHz, 184.83 W, 30
2026/10/07 22:20:28.076, 7, 120 MHz, 3996 MHz, 184.64 W, 29
2026/10/07 22:20:29.076, 0, 120 MHz, 3996 MHz, 186.41 W, 36
2026/10/07 22:20:29.076, 1, 120 MHz, 3996 MHz, 188.23 W, 38
2026/10/07 22:20:29.076, 2, 120 MHz, 3996 MHz, 183.97 W, 30
2026/10/07 22:20:29.076, 3, 2032 MHz, 3996 MHz, 236.97 W, 32
2026/10/07 22:20:29.076, 4, 2032 MHz, 3996 MHz, 236.99 W, 39
2026/10/07 22:20:29.076, 5, 120 MHz, 3996 MHz, 182.60 W, 36
2026/10/07 22:20:29.077, 6, 120 MHz, 3996 MHz, 184.83 W, 30
2026/10/07 22:20:29.077, 7, 120 MHz, 3996 MHz, 184.62 W, 29
2026/10/07 22:20:30.077, 0, 120 MHz, 3996 MHz, 186.41 W, 36
2026/10/07 22:20:30.077, 1, 120 MHz, 3996 MHz, 188.23 W, 38
2026/10/07 22:20:30.077, 2, 120 MHz, 3996 MHz, 183.97 W, 30
2026/10/07 22:20:30.077, 3, 2032 MHz, 3996 MHz, 236.81 W, 32
2026/10/07 22:20:30.077, 4, 2032 MHz, 3996 MHz, 236.84 W, 39
2026/10/07 22:20:30.077, 5, 120 MHz, 3996 MHz, 182.56 W, 36
2026/10/07 22:20:30.077, 6, 120 MHz, 3996 MHz, 184.83 W, 30
2026/10/07 22:20:30.077, 7, 120 MHz, 3996 MHz, 184.61 W, 29
2026/10/07 22:20:31.077, 0, 120 MHz, 3996 MHz, 186.41 W, 36
2026/10/07 22:20:31.077, 1, 120 MHz, 3996 MHz, 188.23 W, 38
2026/10/07 22:20:31.077, 2, 120 MHz, 3996 MHz, 183.97 W, 30
2026/10/07 22:20:31.077, 3, 2032 MHz, 3996 MHz, 236.81 W, 32
2026/10/07 22:20:31.077, 4, 2032 MHz, 3996 MHz, 237.07 W, 39
2026/10/07 22:20:31.077, 5, 120 MHz, 3996 MHz, 182.54 W, 36
2026/10/07 22:20:31.077, 6, 120 MHz, 3996 MHz, 184.83 W, 30
2026/10/07 22:20:31.077, 7, 120 MHz, 3996 MHz, 184.63 W, 29
2026/10/07 22:20:32.077, 0, 120 MHz, 3996 MHz, 186.41 W, 36
2026/10/07 22:20:32.077, 1, 120 MHz, 3996 MHz, 188.23 W, 38
2026/10/07 22:20:32.077, 2, 120 MHz, 3996 MHz, 183.97 W, 30
2026/10/07 22:20:32.077, 3, 2032 MHz, 3996 MHz, 236.81 W, 32
2026/10/07 22:20:32.077, 4, 2032 MHz, 3996 MHz, 236.85 W, 39
2026/10/07 22:20:32.077, 5, 120 MHz, 3996 MHz, 182.54 W, 36
2026/10/07 22:20:32.077, 6, 120 MHz, 3996 MHz, 184.83 W, 30
2026/10/07 22:20:32.077, 7, 120 MHz, 3996 MHz, 184.65 W, 29
2026/10/07 22:20:33.078, 0, 120 MHz, 3996 MHz, 186.41 W, 36
2026/10/07 22:20:33.078, 1, 120 MHz, 3996 MHz, 188.23 W, 38
2026/10/07 22:20:33.078, 2, 120 MHz, 3996 MHz, 183.97 W, 30
2026/10/07 22:20:33.078, 3, 2032 MHz, 3996 MHz, 236.81 W, 32
2026/10/07 22:20:33.078, 4, 2032 MHz, 3996 MHz, 236.89 W, 39
2026/10/07 22:20:33.078, 5, 120 MHz, 3996 MHz, 182.54 W, 35
2026/10/07 22:20:33.078, 6, 120 MHz, 3996 MHz, 184.83 W, 30
2026/10/07 22:20:33.078, 7, 120 MHz, 3996 MHz, 184.62 W, 29
2026/10/07 22:20:34.078, 0, 120 MHz, 3996 MHz, 186.41 W, 36
2026/10/07 22:20:34.078, 1, 120 MHz, 3996 MHz, 188.23 W, 38
2026/10/07 22:20:34.078, 2, 120 MHz, 3996 MHz, 183.97 W, 30
2026/10/07 22:20:34.078, 3, 2032 MHz, 3996 MHz, 236.81 W, 32
2026/10/07 22:20:34.078, 4, 2032 MHz, 3996 MHz, 236.82 W, 39
2026/10/07 22:20:34.078, 5, 120 MHz, 3996 MHz, 182.58 W, 35
2026/10/07 22:20:34.078, 6, 120 MHz, 3996 MHz, 184.83 W, 30
2026/10/07 22:20:34.078, 7, 120 MHz, 3996 MHz, 184.67 W, 29
2026/10/07 22:20:35.078, 0, 120 MHz, 3996 MHz, 186.41 W, 36
2026/10/07 22:20:35.078, 1, 120 MHz, 3996 MHz, 188.23 W, 37
2026/10/07 22:20:35.078, 2, 120 MHz, 3996 MHz, 183.96 W, 30
2026/10/07 22:20:35.078, 3, 2032 MHz, 3996 MHz, 240.68 W, 32
2026/10/07 22:20:35.078, 4, 2032 MHz, 3996 MHz, 241.18 W, 39
2026/10/07 22:20:35.078, 5, 120 MHz, 3996 MHz, 182.54 W, 35
2026/10/07 22:20:35.078, 6, 120 MHz, 3996 MHz, 184.83 W, 29
2026/10/07 22:20:35.078, 7, 120 MHz, 3996 MHz, 184.68 W, 28
2026/10/07 22:20:36.078, 0, 120 MHz, 3996 MHz, 186.41 W, 36
2026/10/07 22:20:36.078, 1, 120 MHz, 3996 MHz, 188.23 W, 37
2026/10/07 22:20:36.078, 2, 120 MHz, 3996 MHz, 183.97 W, 30
2026/10/07 22:20:36.078, 3, 2032 MHz, 3996 MHz, 236.70 W, 32
2026/10/07 22:20:36.078, 4, 2032 MHz, 3996 MHz, 236.81 W, 39
2026/10/07 22:20:36.078, 5, 120 MHz, 3996 MHz, 182.59 W, 35
2026/10/07 22:20:36.078, 6, 120 MHz, 3996 MHz, 184.83 W, 29
2026/10/07 22:20:36.078, 7, 120 MHz, 3996 MHz, 184.68 W, 28
2026/10/07 22:20:37.079, 0, 120 MHz, 3996 MHz, 186.41 W, 35
2026/10/07 22:20:37.079, 1, 120 MHz, 3996 MHz, 188.23 W, 37
2026/10/07 22:20:37.079, 2, 120 MHz, 3996 MHz, 183.92 W, 30
2026/10/07 22:20:37.079, 3, 2032 MHz, 3996 MHz, 239.19 W, 32
2026/10/07 22:20:37.079, 4, 2032 MHz, 3996 MHz, 239.49 W, 39
2026/10/07 22:20:37.079, 5, 120 MHz, 3996 MHz, 182.56 W, 35
2026/10/07 22:20:37.079, 6, 120 MHz, 3996 MHz, 184.83 W, 29
2026/10/07 22:20:37.079, 7, 120 MHz, 3996 MHz, 184.69 W, 28
2026/10/07 22:20:38.079, 0, 120 MHz, 3996 MHz, 186.41 W, 35
2026/10/07 22:20:38.079, 1, 120 MHz, 3996 MHz, 188.23 W, 37
2026/10/07 22:20:38.079, 2, 120 MHz, 3996 MHz, 183.93 W, 30
2026/10/07 22:20:38.079, 3, 2032 MHz, 3996 MHz, 236.74 W, 32
2026/10/07 22:20:38.079, 4, 2032 MHz, 3996 MHz, 236.82 W, 39
2026/10/07 22:20:38.079, 5, 120 MHz, 3996 MHz, 182.57 W, 35
2026/10/07 22:20:38.079, 6, 120 MHz, 3996 MHz, 184.79 W, 29
2026/10/07 22:20:38.079, 7, 120 MHz, 3996 MHz, 184.66 W, 28
2026/10/07 22:20:39.079, 0, 120 MHz, 3996 MHz, 186.41 W, 35
2026/10/07 22:20:39.079, 1, 120 MHz, 3996 MHz, 188.23 W, 37
2026/10/07 22:20:39.079, 2, 120 MHz, 3996 MHz, 183.97 W, 30
2026/10/07 22:20:39.079, 3, 2032 MHz, 3996 MHz, 236.26 W, 32
2026/10/07 22:20:39.079, 4, 2032 MHz, 3996 MHz, 236.83 W, 39
2026/10/07 22:20:39.079, 5, 120 MHz, 3996 MHz, 182.55 W, 35
2026/10/07 22:20:39.079, 6, 120 MHz, 3996 MHz, 184.83 W, 29
2026/10/07 22:20:39.079, 7, 120 MHz, 3996 MHz, 184.67 W, 28
2026/10/07 22:20:40.079, 0, 120 MHz, 3996 MHz, 186.41 W, 35
2026/10/07 22:20:40.080, 1, 120 MHz, 3996 MHz, 188.23 W, 37
2026/10/07 22:20:40.080, 2, 120 MHz, 3996 MHz, 183.97 W, 30
2026/10/07 22:20:40.080, 3, 2032 MHz, 3996 MHz, 236.70 W, 32
2026/10/07 22:20:40.080, 4, 2032 MHz, 3996 MHz, 236.95 W, 39
2026/10/07 22:20:40.080, 5, 120 MHz, 3996 MHz, 182.59 W, 35
2026/10/07 22:20:40.080, 6, 120 MHz, 3996 MHz, 184.79 W, 29
2026/10/07 22:20:40.080, 7, 120 MHz, 3996 MHz, 184.66 W, 28
2026/10/07 22:20:41.080, 0, 120 MHz, 3996 MHz, 186.41 W, 35
2026/10/07 22:20:41.080, 1, 120 MHz, 3996 MHz, 188.23 W, 37
2026/10/07 22:20:41.080, 2, 120 MHz, 3996 MHz, 183.93 W, 30
2026/10/07 22:20:41.080, 3, 2032 MHz, 3996 MHz, 236.77 W, 32
2026/10/07 22:20:41.080, 4, 2032 MHz, 3996 MHz, 236.82 W, 39
2026/10/07 22:20:41.080, 5, 120 MHz, 3996 MHz, 182.52 W, 35
2026/10/07 22:20:41.080, 6, 120 MHz, 3996 MHz, 184.75 W, 29
2026/10/07 22:20:41.080, 7, 120 MHz, 3996 MHz, 184.63 W, 28
2026/10/07 22:20:42.080, 0, 120 MHz, 3996 MHz, 186.41 W, 35
2026/10/07 22:20:42.080, 1, 120 MHz, 3996 MHz, 188.23 W, 37
2026/10/07 22:20:42.080, 2, 120 MHz, 3996 MHz, 183.82 W, 29
2026/10/07 22:20:42.080, 3, 2032 MHz, 3996 MHz, 236.70 W, 32
2026/10/07 22:20:42.080, 4, 2032 MHz, 3996 MHz, 236.81 W, 39
2026/10/07 22:20:42.080, 5, 120 MHz, 3996 MHz, 182.58 W, 35
2026/10/07 22:20:42.080, 6, 120 MHz, 3996 MHz, 184.71 W, 29
2026/10/07 22:20:42.080, 7, 120 MHz, 3996 MHz, 184.63 W, 28
2026/10/07 22:20:43.080, 0, 120 MHz, 3996 MHz, 186.41 W, 35
2026/10/07 22:20:43.080, 1, 120 MHz, 3996 MHz, 188.23 W, 37
2026/10/07 22:20:43.080, 2, 120 MHz, 3996 MHz, 183.93 W, 29
2026/10/07 22:20:43.080, 3, 2032 MHz, 3996 MHz, 236.54 W, 32
2026/10/07 22:20:43.080, 4, 2032 MHz, 3996 MHz, 236.82 W, 39
2026/10/07 22:20:43.080, 5, 120 MHz, 3996 MHz, 182.57 W, 35
2026/10/07 22:20:43.080, 6, 120 MHz, 3996 MHz, 184.79 W, 29
2026/10/07 22:20:43.080, 7, 120 MHz, 3996 MHz, 184.64 W, 28
2026/10/07 22:20:44.081, 0, 120 MHz, 3996 MHz, 186.41 W, 35
2026/10/07 22:20:44.081, 1, 120 MHz, 3996 MHz, 188.23 W, 37
2026/10/07 22:20:44.081, 2, 120 MHz, 3996 MHz, 183.66 W, 29
2026/10/07 22:20:44.081, 3, 2032 MHz, 3996 MHz, 236.20 W, 31
2026/10/07 22:20:44.081, 4, 2032 MHz, 3996 MHz, 236.81 W, 39
2026/10/07 22:20:44.081, 5, 120 MHz, 3996 MHz, 182.65 W, 35
2026/10/07 22:20:44.081, 6, 120 MHz, 3996 MHz, 184.75 W, 29
2026/10/07 22:20:44.081, 7, 120 MHz, 3996 MHz, 184.65 W, 28
2026/10/07 22:20:45.081, 0, 120 MHz, 3996 MHz, 186.41 W, 35
2026/10/07 22:20:45.081, 1, 120 MHz, 3996 MHz, 188.23 W, 37
2026/10/07 22:20:45.081, 2, 120 MHz, 3996 MHz, 183.65 W, 29
2026/10/07 22:20:45.081, 3, 2032 MHz, 3996 MHz, 235.93 W, 31
2026/10/07 22:20:45.081, 4, 2032 MHz, 3996 MHz, 236.83 W, 39
2026/10/07 22:20:45.081, 5, 120 MHz, 3996 MHz, 182.54 W, 35
2026/10/07 22:20:45.081, 6, 120 MHz, 3996 MHz, 184.53 W, 29
2026/10/07 22:20:45.081, 7, 120 MHz, 3996 MHz, 184.68 W, 28
2026/10/07 22:20:46.081, 0, 120 MHz, 3996 MHz, 186.41 W, 35
2026/10/07 22:20:46.081, 1, 120 MHz, 3996 MHz, 188.23 W, 37
2026/10/07 22:20:46.081, 2, 120 MHz, 3996 MHz, 183.66 W, 29
2026/10/07 22:20:46.081, 3, 2032 MHz, 3996 MHz, 236.35 W, 31
2026/10/07 22:20:46.081, 4, 2032 MHz, 3996 MHz, 236.81 W, 39
2026/10/07 22:20:46.081, 5, 120 MHz, 3996 MHz, 182.61 W, 35
2026/10/07 22:20:46.081, 6, 120 MHz, 3996 MHz, 184.45 W, 29
2026/10/07 22:20:46.081, 7, 120 MHz, 3996 MHz, 184.66 W, 28
2026/10/07 22:20:47.081, 0, 120 MHz, 3996 MHz, 186.41 W, 35
2026/10/07 22:20:47.082, 1, 120 MHz, 3996 MHz, 188.23 W, 37
2026/10/07 22:20:47.082, 2, 120 MHz, 3996 MHz, 183.42 W, 29
2026/10/07 22:20:47.082, 3, 2032 MHz, 3996 MHz, 235.71 W, 31
2026/10/07 22:20:47.082, 4, 2032 MHz, 3996 MHz, 236.82 W, 39
2026/10/07 22:20:47.082, 5, 120 MHz, 3996 MHz, 182.57 W, 35
2026/10/07 22:20:47.082, 6, 120 MHz, 3996 MHz, 184.49 W, 29
2026/10/07 22:20:47.082, 7, 120 MHz, 3996 MHz, 184.65 W, 28
2026/10/07 22:20:48.082, 0, 120 MHz, 3996 MHz, 186.41 W, 35
2026/10/07 22:20:48.082, 1, 120 MHz, 3996 MHz, 188.23 W, 37
2026/10/07 22:20:48.082, 2, 120 MHz, 3996 MHz, 183.47 W, 29
2026/10/07 22:20:48.082, 3, 2032 MHz, 3996 MHz, 235.75 W, 31
2026/10/07 22:20:48.082, 4, 2032 MHz, 3996 MHz, 236.84 W, 39
2026/10/07 22:20:48.082, 5, 120 MHz, 3996 MHz, 182.57 W, 35
2026/10/07 22:20:48.082, 6, 120 MHz, 3996 MHz, 184.36 W, 29
2026/10/07 22:20:48.082, 7, 120 MHz, 3996 MHz, 184.67 W, 28
2026/10/07 22:20:49.082, 0, 120 MHz, 3996 MHz, 186.41 W, 35
2026/10/07 22:20:49.082, 1, 120 MHz, 3996 MHz, 188.23 W, 37
2026/10/07 22:20:49.082, 2, 120 MHz, 3996 MHz, 183.30 W, 29
2026/10/07 22:20:49.082, 3, 2032 MHz, 3996 MHz, 235.70 W, 31
2026/10/07 22:20:49.082, 4, 2032 MHz, 3996 MHz, 236.83 W, 39
2026/10/07 22:20:49.082, 5, 120 MHz, 3996 MHz, 182.53 W, 35
2026/10/07 22:20:49.082, 6, 120 MHz, 3996 MHz, 184.22 W, 29
2026/10/07 22:20:49.082, 7, 120 MHz, 3996 MHz, 184.66 W, 28
2026/10/07 22:20:50.082, 0, 120 MHz, 3996 MHz, 186.41 W, 35
2026/10/07 22:20:50.082, 1, 120 MHz, 3996 MHz, 188.23 W, 37
2026/10/07 22:20:50.082, 2, 120 MHz, 3996 MHz, 183.35 W, 29
2026/10/07 22:20:50.082, 3, 2032 MHz, 3996 MHz, 235.52 W, 31
2026/10/07 22:20:50.082, 4, 2032 MHz, 3996 MHz, 236.79 W, 39
2026/10/07 22:20:50.082, 5, 120 MHz, 3996 MHz, 182.53 W, 35
2026/10/07 22:20:50.083, 6, 120 MHz, 3996 MHz, 184.29 W, 29
2026/10/07 22:20:50.083, 7, 120 MHz, 3996 MHz, 184.65 W, 28
2026/10/07 22:20:51.083, 0, 120 MHz, 3996 MHz, 186.41 W, 35
2026/10/07 22:20:51.083, 1, 120 MHz, 3996 MHz, 188.23 W, 37
2026/10/07 22:20:51.083, 2, 120 MHz, 3996 MHz, 183.28 W, 29
2026/10/07 22:20:51.083, 3, 2032 MHz, 3996 MHz, 235.21 W, 31
2026/10/07 22:20:51.083, 4, 2032 MHz, 3996 MHz, 236.79 W, 38
2026/10/07 22:20:51.083, 5, 120 MHz, 3996 MHz, 182.53 W, 35
2026/10/07 22:20:51.083, 6, 120 MHz, 3996 MHz, 183.77 W, 29
2026/10/07 22:20:51.083, 7, 120 MHz, 3996 MHz, 184.65 W, 28
2026/10/07 22:20:52.083, 0, 120 MHz, 3996 MHz, 186.41 W, 35
2026/10/07 22:20:52.083, 1, 120 MHz, 3996 MHz, 188.23 W, 37
2026/10/07 22:20:52.083, 2, 120 MHz, 3996 MHz, 182.95 W, 29
2026/10/07 22:20:52.083, 3, 2032 MHz, 3996 MHz, 235.35 W, 31
2026/10/07 22:20:52.083, 4, 2032 MHz, 3996 MHz, 236.78 W, 38
2026/10/07 22:20:52.083, 5, 120 MHz, 3996 MHz, 182.53 W, 35
2026/10/07 22:20:52.083, 6, 120 MHz, 3996 MHz, 184.02 W, 29
2026/10/07 22:20:52.083, 7, 120 MHz, 3996 MHz, 184.67 W, 28
2026/10/07 22:20:53.083, 0, 120 MHz, 3996 MHz, 186.41 W, 35
2026/10/07 22:20:53.083, 1, 120 MHz, 3996 MHz, 188.19 W, 37
2026/10/07 22:20:53.083, 2, 120 MHz, 3996 MHz, 182.99 W, 29
2026/10/07 22:20:53.083, 3, 2032 MHz, 3996 MHz, 235.47 W, 31
2026/10/07 22:20:53.083, 4, 2032 MHz, 3996 MHz, 236.82 W, 38
2026/10/07 22:20:53.083, 5, 120 MHz, 3996 MHz, 182.53 W, 35
2026/10/07 22:20:53.083, 6, 120 MHz, 3996 MHz, 183.90 W, 29
2026/10/07 22:20:53.084, 7, 120 MHz, 3996 MHz, 184.67 W, 28
2026/10/07 22:20:54.084, 0, 120 MHz, 3996 MHz, 186.41 W, 35
2026/10/07 22:20:54.084, 1, 120 MHz, 3996 MHz, 188.15 W, 37
2026/10/07 22:20:54.084, 2, 120 MHz, 3996 MHz, 182.78 W, 29
2026/10/07 22:20:54.084, 3, 2032 MHz, 3996 MHz, 235.28 W, 31
2026/10/07 22:20:54.084, 4, 2032 MHz, 3996 MHz, 236.79 W, 38
2026/10/07 22:20:54.084, 5, 120 MHz, 3996 MHz, 182.57 W, 35
2026/10/07 22:20:54.084, 6, 120 MHz, 3996 MHz, 183.57 W, 29
2026/10/07 22:20:54.084, 7, 120 MHz, 3996 MHz, 184.68 W, 28
2026/10/07 22:20:55.084, 0, 120 MHz, 3996 MHz, 186.41 W, 35
2026/10/07 22:20:55.084, 1, 120 MHz, 3996 MHz, 188.07 W, 37
2026/10/07 22:20:55.084, 2, 120 MHz, 3996 MHz, 182.76 W, 29
2026/10/07 22:20:55.084, 3, 2032 MHz, 3996 MHz, 235.08 W, 31
2026/10/07 22:20:55.084, 4, 2032 MHz, 3996 MHz, 236.78 W, 38
2026/10/07 22:20:55.084, 5, 120 MHz, 3996 MHz, 182.58 W, 34
2026/10/07 22:20:55.084, 6, 120 MHz, 3996 MHz, 183.80 W, 29
2026/10/07 22:20:55.084, 7, 120 MHz, 3996 MHz, 184.68 W, 28
2026/10/07 22:20:56.084, 0, 120 MHz, 3996 MHz, 186.41 W, 35
2026/10/07 22:20:56.084, 1, 120 MHz, 3996 MHz, 188.07 W, 37
2026/10/07 22:20:56.084, 2, 120 MHz, 3996 MHz, 182.56 W, 29
2026/10/07 22:20:56.084, 3, 2032 MHz, 3996 MHz, 235.28 W, 31
2026/10/07 22:20:56.084, 4, 2032 MHz, 3996 MHz, 236.73 W, 38
2026/10/07 22:20:56.085, 5, 120 MHz, 3996 MHz, 182.57 W, 34
2026/10/07 22:20:56.085, 6, 120 MHz, 3996 MHz, 183.55 W, 29
2026/10/07 22:20:56.085, 7, 120 MHz, 3996 MHz, 184.65 W, 28
2026/10/07 22:20:57.085, 0, 120 MHz, 3996 MHz, 186.41 W, 35
2026/10/07 22:20:57.085, 1, 120 MHz, 3996 MHz, 187.87 W, 36
2026/10/07 22:20:57.085, 2, 120 MHz, 3996 MHz, 182.40 W, 29
2026/10/07 22:20:57.085, 3, 2032 MHz, 3996 MHz, 235.28 W, 31
2026/10/07 22:20:57.085, 4, 2032 MHz, 3996 MHz, 236.85 W, 38
2026/10/07 22:20:57.085, 5, 120 MHz, 3996 MHz, 182.53 W, 34
2026/10/07 22:20:57.085, 6, 120 MHz, 3996 MHz, 183.50 W, 29
2026/10/07 22:20:57.085, 7, 120 MHz, 3996 MHz, 184.65 W, 27
2026/10/07 22:20:58.085, 0, 120 MHz, 3996 MHz, 186.41 W, 35
2026/10/07 22:20:58.085, 1, 120 MHz, 3996 MHz, 188.11 W, 36
2026/10/07 22:20:58.085, 2, 120 MHz, 3996 MHz, 182.45 W, 29
2026/10/07 22:20:58.085, 3, 2032 MHz, 3996 MHz, 235.16 W, 31
2026/10/07 22:20:58.085, 4, 2032 MHz, 3996 MHz, 236.83 W, 38
2026/10/07 22:20:58.085, 5, 120 MHz, 3996 MHz, 182.54 W, 34
2026/10/07 22:20:58.085, 6, 120 MHz, 3996 MHz, 183.31 W, 28
2026/10/07 22:20:58.085, 7, 120 MHz, 3996 MHz, 184.63 W, 27
2026/10/07 22:20:59.085, 0, 120 MHz, 3996 MHz, 186.41 W, 35
2026/10/07 22:20:59.085, 1, 120 MHz, 3996 MHz, 188.04 W, 36
2026/10/07 22:20:59.085, 2, 120 MHz, 3996 MHz, 182.60 W, 29
2026/10/07 22:20:59.085, 3, 2032 MHz, 3996 MHz, 235.01 W, 31
2026/10/07 22:20:59.085, 4, 2032 MHz, 3996 MHz, 236.67 W, 38
2026/10/07 22:20:59.085, 5, 120 MHz, 3996 MHz, 182.53 W, 34
2026/10/07 22:20:59.085, 6, 120 MHz, 3996 MHz, 183.47 W, 28
2026/10/07 22:20:59.085, 7, 120 MHz, 3996 MHz, 184.63 W, 27
2026/10/07 22:21:00.086, 0, 120 MHz, 3996 MHz, 186.33 W, 35
2026/10/07 22:21:00.086, 1, 120 MHz, 3996 MHz, 187.77 W, 36
2026/10/07 22:21:00.086, 2, 120 MHz, 3996 MHz, 182.39 W, 29
2026/10/07 22:21:00.086, 3, 2032 MHz, 3996 MHz, 235.08 W, 31
2026/10/07 22:21:00.086, 4, 2032 MHz, 3996 MHz, 236.49 W, 38
2026/10/07 22:21:00.086, 5, 120 MHz, 3996 MHz, 182.53 W, 34
2026/10/07 22:21:00.086, 6, 120 MHz, 3996 MHz, 183.31 W, 28
2026/10/07 22:21:00.086, 7, 120 MHz, 3996 MHz, 184.62 W, 27
2026/10/07 22:21:01.086, 0, 120 MHz, 3996 MHz, 186.07 W, 34
2026/10/07 22:21:01.086, 1, 120 MHz, 3996 MHz, 187.84 W, 36
2026/10/07 22:21:01.086, 2, 120 MHz, 3996 MHz, 182.24 W, 29
2026/10/07 22:21:01.086, 3, 2032 MHz, 3996 MHz, 235.12 W, 31
2026/10/07 22:21:01.086, 4, 2032 MHz, 3996 MHz, 236.80 W, 38
2026/10/07 22:21:01.086, 5, 120 MHz, 3996 MHz, 182.54 W, 34
2026/10/07 22:21:01.086, 6, 120 MHz, 3996 MHz, 183.23 W, 28
2026/10/07 22:21:01.086, 7, 120 MHz, 3996 MHz, 184.64 W, 27
2026/10/07 22:21:02.086, 0, 120 MHz, 3996 MHz, 186.02 W, 34
2026/10/07 22:21:02.086, 1, 120 MHz, 3996 MHz, 187.33 W, 36
2026/10/07 22:21:02.086, 2, 120 MHz, 3996 MHz, 182.21 W, 29
2026/10/07 22:21:02.086, 3, 2032 MHz, 3996 MHz, 234.97 W, 31
2026/10/07 22:21:02.086, 4, 2032 MHz, 3996 MHz, 236.30 W, 38
2026/10/07 22:21:02.086, 5, 120 MHz, 3996 MHz, 182.60 W, 34
2026/10/07 22:21:02.086, 6, 120 MHz, 3996 MHz, 183.04 W, 28
2026/10/07 22:21:02.086, 7, 120 MHz, 3996 MHz, 184.64 W, 27
2026/10/07 22:21:03.087, 0, 120 MHz, 3996 MHz, 186.02 W, 34
2026/10/07 22:21:03.087, 1, 120 MHz, 3996 MHz, 187.47 W, 36
2026/10/07 22:21:03.087, 2, 120 MHz, 3996 MHz, 182.17 W, 29
2026/10/07 22:21:03.087, 3, 2032 MHz, 3996 MHz, 234.97 W, 31
2026/10/07 22:21:03.087, 4, 2032 MHz, 3996 MHz, 236.31 W, 38
2026/10/07 22:21:03.087, 5, 120 MHz, 3996 MHz, 182.53 W, 34
2026/10/07 22:21:03.087, 6, 120 MHz, 3996 MHz, 183.27 W, 28
2026/10/07 22:21:03.087, 7, 120 MHz, 3996 MHz, 184.67 W, 27
2026/10/07 22:21:04.087, 0, 120 MHz, 3996 MHz, 185.72 W, 34
2026/10/07 22:21:04.087, 1, 120 MHz, 3996 MHz, 187.49 W, 36
2026/10/07 22:21:04.087, 2, 120 MHz, 3996 MHz, 182.21 W, 29
2026/10/07 22:21:04.087, 3, 2032 MHz, 3996 MHz, 234.97 W, 31
2026/10/07 22:21:04.087, 4, 2032 MHz, 3996 MHz, 235.93 W, 38
2026/10/07 22:21:04.087, 5, 120 MHz, 3996 MHz, 182.52 W, 34
2026/10/07 22:21:04.087, 6, 120 MHz, 3996 MHz, 183.23 W, 28
2026/10/07 22:21:04.087, 7, 120 MHz, 3996 MHz, 184.67 W, 27
2026/10/07 22:21:05.087, 0, 120 MHz, 3996 MHz, 185.79 W, 34
2026/10/07 22:21:05.087, 1, 120 MHz, 3996 MHz, 187.22 W, 36
2026/10/07 22:21:05.087, 2, 120 MHz, 3996 MHz, 182.21 W, 29
2026/10/07 22:21:05.087, 3, 2032 MHz, 3996 MHz, 234.93 W, 31
2026/10/07 22:21:05.087, 4, 2032 MHz, 3996 MHz, 235.96 W, 38
2026/10/07 22:21:05.087, 5, 120 MHz, 3996 MHz, 182.53 W, 34
2026/10/07 22:21:05.087, 6, 120 MHz, 3996 MHz, 182.96 W, 28
2026/10/07 22:21:05.087, 7, 120 MHz, 3996 MHz, 184.70 W, 27
2026/10/07 22:21:06.087, 0, 120 MHz, 3996 MHz, 185.68 W, 34
2026/10/07 22:21:06.088, 1, 120 MHz, 3996 MHz, 187.01 W, 36
2026/10/07 22:21:06.088, 2, 120 MHz, 3996 MHz, 182.09 W, 29
2026/10/07 22:21:06.088, 3, 2032 MHz, 3996 MHz, 234.93 W, 31
2026/10/07 22:21:06.088, 4, 2032 MHz, 3996 MHz, 235.91 W, 38
2026/10/07 22:21:06.088, 5, 120 MHz, 3996 MHz, 182.52 W, 34
2026/10/07 22:21:06.088, 6, 120 MHz, 3996 MHz, 183.08 W, 28
2026/10/07 22:21:06.088, 7, 120 MHz, 3996 MHz, 184.70 W, 27
2026/10/07 22:21:07.088, 0, 120 MHz, 3996 MHz, 185.40 W, 34
2026/10/07 22:21:07.088, 1, 120 MHz, 3996 MHz, 187.22 W, 36
2026/10/07 22:21:07.088, 2, 120 MHz, 3996 MHz, 182.24 W, 29
2026/10/07 22:21:07.088, 3, 2032 MHz, 3996 MHz, 234.89 W, 31
2026/10/07 22:21:07.088, 4, 2032 MHz, 3996 MHz, 235.55 W, 38
2026/10/07 22:21:07.088, 5, 120 MHz, 3996 MHz, 182.53 W, 34
2026/10/07 22:21:07.088, 6, 120 MHz, 3996 MHz, 182.92 W, 28
2026/10/07 22:21:07.088, 7, 120 MHz, 3996 MHz, 184.67 W, 27
2026/10/07 22:21:08.088, 0, 120 MHz, 3996 MHz, 185.59 W, 34
2026/10/07 22:21:08.088, 1, 120 MHz, 3996 MHz, 186.93 W, 36
2026/10/07 22:21:08.088, 2, 120 MHz, 3996 MHz, 182.17 W, 29
2026/10/07 22:21:08.088, 3, 2032 MHz, 3996 MHz, 234.93 W, 31
2026/10/07 22:21:08.088, 4, 2032 MHz, 3996 MHz, 235.68 W, 38
2026/10/07 22:21:08.088, 5, 120 MHz, 3996 MHz, 182.50 W, 34
2026/10/07 22:21:08.088, 6, 120 MHz, 3996 MHz, 182.96 W, 28
2026/10/07 22:21:08.088, 7, 120 MHz, 3996 MHz, 184.69 W, 27
2026/10/07 22:21:09.089, 0, 120 MHz, 3996 MHz, 185.51 W, 34
2026/10/07 22:21:09.089, 1, 120 MHz, 3996 MHz, 186.63 W, 36
2026/10/07 22:21:09.089, 2, 120 MHz, 3996 MHz, 182.16 W, 28
2026/10/07 22:21:09.089, 3, 2032 MHz, 3996 MHz, 234.93 W, 31
2026/10/07 22:21:09.089, 4, 2032 MHz, 3996 MHz, 235.37 W, 38
2026/10/07 22:21:09.089, 5, 120 MHz, 3996 MHz, 182.53 W, 34
2026/10/07 22:21:09.089, 6, 120 MHz, 3996 MHz, 183.00 W, 28
2026/10/07 22:21:09.089, 7, 120 MHz, 3996 MHz, 184.67 W, 27
2026/10/07 22:21:10.089, 0, 120 MHz, 3996 MHz, 185.20 W, 34
2026/10/07 22:21:10.089, 1, 120 MHz, 3996 MHz, 186.79 W, 36
2026/10/07 22:21:10.089, 2, 120 MHz, 3996 MHz, 182.05 W, 28
2026/10/07 22:21:10.089, 3, 2032 MHz, 3996 MHz, 235.01 W, 31
2026/10/07 22:21:10.089, 4, 2032 MHz, 3996 MHz, 235.76 W, 38
2026/10/07 22:21:10.089, 5, 120 MHz, 3996 MHz, 182.53 W, 34
2026/10/07 22:21:10.089, 6, 120 MHz, 3996 MHz, 182.88 W, 28
2026/10/07 22:21:10.089, 7, 120 MHz, 3996 MHz, 184.68 W, 27
2026/10/07 22:21:11.089, 0, 120 MHz, 3996 MHz, 185.79 W, 34
2026/10/07 22:21:11.089, 1, 120 MHz, 3996 MHz, 186.82 W, 36
2026/10/07 22:21:11.089, 2, 120 MHz, 3996 MHz, 182.09 W, 28
2026/10/07 22:21:11.089, 3, 2032 MHz, 3996 MHz, 234.89 W, 31
2026/10/07 22:21:11.089, 4, 2032 MHz, 3996 MHz, 235.37 W, 38
2026/10/07 22:21:11.089, 5, 120 MHz, 3996 MHz, 182.53 W, 34
2026/10/07 22:21:11.089, 6, 120 MHz, 3996 MHz, 182.96 W, 28
2026/10/07 22:21:11.089, 7, 120 MHz, 3996 MHz, 184.67 W, 27
2026/10/07 22:21:12.090, 0, 120 MHz, 3996 MHz, 185.87 W, 34
2026/10/07 22:21:12.090, 1, 120 MHz, 3996 MHz, 186.51 W, 36
2026/10/07 22:21:12.090, 2, 120 MHz, 3996 MHz, 182.05 W, 28
2026/10/07 22:21:12.090, 3, 2032 MHz, 3996 MHz, 234.85 W, 31
2026/10/07 22:21:12.090, 4, 2032 MHz, 3996 MHz, 235.43 W, 38
2026/10/07 22:21:12.090, 5, 120 MHz, 3996 MHz, 182.49 W, 34
2026/10/07 22:21:12.090, 6, 120 MHz, 3996 MHz, 182.89 W, 28
2026/10/07 22:21:12.090, 7, 120 MHz, 3996 MHz, 184.70 W, 27
2026/10/07 22:21:13.090, 0, 120 MHz, 3996 MHz, 185.82 W, 34
2026/10/07 22:21:13.090, 1, 120 MHz, 3996 MHz, 186.56 W, 36
2026/10/07 22:21:13.090, 2, 120 MHz, 3996 MHz, 182.21 W, 28
2026/10/07 22:21:13.090, 3, 2032 MHz, 3996 MHz, 234.85 W, 31
2026/10/07 22:21:13.090, 4, 2032 MHz, 3996 MHz, 235.42 W, 38
2026/10/07 22:21:13.090, 5, 120 MHz, 3996 MHz, 182.45 W, 34
2026/10/07 22:21:13.090, 6, 120 MHz, 3996 MHz, 182.93 W, 28
2026/10/07 22:21:13.090, 7, 120 MHz, 3996 MHz, 184.67 W, 27
2026/10/07 22:21:14.090, 0, 120 MHz, 3996 MHz, 185.36 W, 34
2026/10/07 22:21:14.090, 1, 120 MHz, 3996 MHz, 186.44 W, 36
2026/10/07 22:21:14.090, 2, 120 MHz, 3996 MHz, 182.01 W, 28
2026/10/07 22:21:14.090, 3, 2032 MHz, 3996 MHz, 234.93 W, 30
2026/10/07 22:21:14.090, 4, 2032 MHz, 3996 MHz, 235.05 W, 38
2026/10/07 22:21:14.090, 5, 120 MHz, 3996 MHz, 182.49 W, 34
2026/10/07 22:21:14.090, 6, 120 MHz, 3996 MHz, 182.92 W, 28
2026/10/07 22:21:14.090, 7, 120 MHz, 3996 MHz, 184.69 W, 27
2026/10/07 22:21:15.091, 0, 120 MHz, 3996 MHz, 185.61 W, 34
2026/10/07 22:21:15.091, 1, 120 MHz, 3996 MHz, 186.67 W, 36
2026/10/07 22:21:15.091, 2, 120 MHz, 3996 MHz, 182.13 W, 28
2026/10/07 22:21:15.091, 3, 2032 MHz, 3996 MHz, 234.85 W, 30
2026/10/07 22:21:15.091, 4, 2032 MHz, 3996 MHz, 235.15 W, 37
2026/10/07 22:21:15.091, 5, 120 MHz, 3996 MHz, 182.49 W, 34
2026/10/07 22:21:15.091, 6, 120 MHz, 3996 MHz, 182.89 W, 28
2026/10/07 22:21:15.091, 7, 120 MHz, 3996 MHz, 184.67 W, 27
2026/10/07 22:21:16.091, 0, 120 MHz, 3996 MHz, 185.44 W, 34
2026/10/07 22:21:16.091, 1, 120 MHz, 3996 MHz, 186.40 W, 36
2026/10/07 22:21:16.091, 2, 120 MHz, 3996 MHz, 182.01 W, 28
2026/10/07 22:21:16.091, 3, 2032 MHz, 3996 MHz, 234.89 W, 30
2026/10/07 22:21:16.091, 4, 2032 MHz, 3996 MHz, 235.04 W, 37
2026/10/07 22:21:16.091, 5, 120 MHz, 3996 MHz, 182.52 W, 34
2026/10/07 22:21:16.091, 6, 120 MHz, 3996 MHz, 182.93 W, 28
2026/10/07 22:21:16.091, 7, 120 MHz, 3996 MHz, 184.67 W, 27
2026/10/07 22:21:17.091, 0, 120 MHz, 3996 MHz, 185.84 W, 34
2026/10/07 22:21:17.091, 1, 120 MHz, 3996 MHz, 186.74 W, 36
2026/10/07 22:21:17.091, 2, 120 MHz, 3996 MHz, 182.05 W, 28
2026/10/07 22:21:17.091, 3, 2032 MHz, 3996 MHz, 234.85 W, 30
2026/10/07 22:21:17.091, 4, 2032 MHz, 3996 MHz, 235.02 W, 37
2026/10/07 22:21:17.091, 5, 120 MHz, 3996 MHz, 182.53 W, 34
2026/10/07 22:21:17.091, 6, 120 MHz, 3996 MHz, 182.89 W, 28
2026/10/07 22:21:17.091, 7, 120 MHz, 3996 MHz, 184.67 W, 27
2026/10/07 22:21:18.091, 0, 120 MHz, 3996 MHz, 185.99 W, 34
2026/10/07 22:21:18.092, 1, 120 MHz, 3996 MHz, 188.19 W, 36
2026/10/07 22:21:18.092, 2, 120 MHz, 3996 MHz, 182.05 W, 28
2026/10/07 22:21:18.092, 3, 2032 MHz, 3996 MHz, 234.85 W, 30
2026/10/07 22:21:18.092, 4, 2032 MHz, 3996 MHz, 234.93 W, 37
2026/10/07 22:21:18.092, 5, 120 MHz, 3996 MHz, 182.52 W, 34
2026/10/07 22:21:18.092, 6, 120 MHz, 3996 MHz, 182.89 W, 28
2026/10/07 22:21:18.092, 7, 120 MHz, 3996 MHz, 184.67 W, 27
2026/10/07 22:21:19.092, 0, 120 MHz, 3996 MHz, 185.49 W, 34
2026/10/07 22:21:19.092, 1, 120 MHz, 3996 MHz, 188.23 W, 36
2026/10/07 22:21:19.092, 2, 120 MHz, 3996 MHz, 182.01 W, 28
2026/10/07 22:21:19.092, 3, 2032 MHz, 3996 MHz, 234.85 W, 30
2026/10/07 22:21:19.092, 4, 2032 MHz, 3996 MHz, 235.05 W, 37
2026/10/07 22:21:19.092, 5, 120 MHz, 3996 MHz, 182.52 W, 34
2026/10/07 22:21:19.092, 6, 120 MHz, 3996 MHz, 182.89 W, 28
2026/10/07 22:21:19.092, 7, 120 MHz, 3996 MHz, 184.69 W, 27
2026/10/07 22:21:20.092, 0, 120 MHz, 3996 MHz, 185.60 W, 34
2026/10/07 22:21:20.092, 1, 120 MHz, 3996 MHz, 188.19 W, 36
2026/10/07 22:21:20.092, 2, 120 MHz, 3996 MHz, 182.01 W, 28
2026/10/07 22:21:20.092, 3, 2032 MHz, 3996 MHz, 234.85 W, 30
2026/10/07 22:21:20.092, 4, 2032 MHz, 3996 MHz, 234.96 W, 37
2026/10/07 22:21:20.092, 5, 120 MHz, 3996 MHz, 182.53 W, 33
2026/10/07 22:21:20.092, 6, 120 MHz, 3996 MHz, 182.92 W, 28
2026/10/07 22:21:20.092, 7, 120 MHz, 3996 MHz, 184.71 W, 27
2026/10/07 22:21:21.092, 0, 120 MHz, 3996 MHz, 185.12 W, 34
2026/10/07 22:21:21.092, 1, 120 MHz, 3996 MHz, 188.07 W, 36
2026/10/07 22:21:21.092, 2, 120 MHz, 3996 MHz, 182.01 W, 28
2026/10/07 22:21:21.092, 3, 2032 MHz, 3996 MHz, 234.85 W, 30
2026/10/07 22:21:21.092, 4, 2032 MHz, 3996 MHz, 234.91 W, 37
2026/10/07 22:21:21.092, 5, 120 MHz, 3996 MHz, 182.49 W, 33
2026/10/07 22:21:21.093, 6, 120 MHz, 3996 MHz, 182.88 W, 28
2026/10/07 22:21:21.093, 7, 120 MHz, 3996 MHz, 184.71 W, 27
2026/10/07 22:21:22.093, 0, 120 MHz, 3996 MHz, 185.00 W, 34
2026/10/07 22:21:22.093, 1, 120 MHz, 3996 MHz, 188.07 W, 35
2026/10/07 22:21:22.093, 2, 120 MHz, 3996 MHz, 182.01 W, 28
2026/10/07 22:21:22.093, 3, 2032 MHz, 3996 MHz, 234.85 W, 30
2026/10/07 22:21:22.093, 4, 2032 MHz, 3996 MHz, 234.92 W, 37
2026/10/07 22:21:22.093, 5, 120 MHz, 3996 MHz, 182.49 W, 33
2026/10/07 22:21:22.093, 6, 120 MHz, 3996 MHz, 182.89 W, 28
2026/10/07 22:21:22.093, 7, 120 MHz, 3996 MHz, 184.70 W, 27
2026/10/07 22:21:23.093, 0, 120 MHz, 3996 MHz, 185.28 W, 34
2026/10/07 22:21:23.093, 1, 120 MHz, 3996 MHz, 188.04 W, 35
2026/10/07 22:21:23.093, 2, 120 MHz, 3996 MHz, 182.01 W, 28
2026/10/07 22:21:23.093, 3, 2032 MHz, 3996 MHz, 234.85 W, 30
2026/10/07 22:21:23.093, 4, 2032 MHz, 3996 MHz, 234.95 W, 37
2026/10/07 22:21:23.093, 5, 120 MHz, 3996 MHz, 182.49 W, 33
2026/10/07 22:21:23.093, 6, 120 MHz, 3996 MHz, 182.88 W, 28
2026/10/07 22:21:23.093, 7, 120 MHz, 3996 MHz, 184.71 W, 27
2026/10/07 22:21:24.093, 0, 120 MHz, 3996 MHz, 184.96 W, 34
2026/10/07 22:21:24.093, 1, 120 MHz, 3996 MHz, 188.07 W, 35
2026/10/07 22:21:24.093, 2, 120 MHz, 3996 MHz, 182.01 W, 28
2026/10/07 22:21:24.093, 3, 2032 MHz, 3996 MHz, 234.85 W, 30
2026/10/07 22:21:24.093, 4, 2032 MHz, 3996 MHz, 234.95 W, 37
2026/10/07 22:21:24.093, 5, 120 MHz, 3996 MHz, 182.33 W, 33
2026/10/07 22:21:24.093, 6, 120 MHz, 3996 MHz, 182.88 W, 28
2026/10/07 22:21:24.093, 7, 120 MHz, 3996 MHz, 184.70 W, 27
2026/10/07 22:21:25.094, 0, 120 MHz, 3996 MHz, 185.01 W, 34
2026/10/07 22:21:25.094, 1, 120 MHz, 3996 MHz, 187.69 W, 35
2026/10/07 22:21:25.094, 2, 120 MHz, 3996 MHz, 182.01 W, 28
2026/10/07 22:21:25.094, 3, 2032 MHz, 3996 MHz, 234.85 W, 30
2026/10/07 22:21:25.094, 4, 2032 MHz, 3996 MHz, 234.92 W, 37
2026/10/07 22:21:25.094, 5, 120 MHz, 3996 MHz, 182.45 W, 33
2026/10/07 22:21:25.094, 6, 120 MHz, 3996 MHz, 182.88 W, 28
2026/10/07 22:21:25.094, 7, 120 MHz, 3996 MHz, 184.67 W, 27
2026/10/07 22:21:26.094, 0, 120 MHz, 3996 MHz, 184.78 W, 34
2026/10/07 22:21:26.094, 1, 120 MHz, 3996 MHz, 187.88 W, 35
2026/10/07 22:21:26.094, 2, 120 MHz, 3996 MHz, 182.01 W, 28
2026/10/07 22:21:26.094, 3, 2032 MHz, 3996 MHz, 234.85 W, 30
2026/10/07 22:21:26.094, 4, 2032 MHz, 3996 MHz, 234.94 W, 37
2026/10/07 22:21:26.094, 5, 120 MHz, 3996 MHz, 182.49 W, 33
2026/10/07 22:21:26.094, 6, 120 MHz, 3996 MHz, 182.89 W, 28
2026/10/07 22:21:26.094, 7, 120 MHz, 3996 MHz, 184.68 W, 27
2026/10/07 22:21:27.094, 0, 120 MHz, 3996 MHz, 184.88 W, 34
2026/10/07 22:21:27.094, 1, 120 MHz, 3996 MHz, 187.76 W, 35
2026/10/07 22:21:27.094, 2, 120 MHz, 3996 MHz, 182.01 W, 28
2026/10/07 22:21:27.094, 3, 2032 MHz, 3996 MHz, 234.85 W, 30
2026/10/07 22:21:27.094, 4, 2032 MHz, 3996 MHz, 234.87 W, 37
2026/10/07 22:21:27.094, 5, 120 MHz, 3996 MHz, 182.45 W, 33
2026/10/07 22:21:27.094, 6, 120 MHz, 3996 MHz, 182.89 W, 28
2026/10/07 22:21:27.094, 7, 120 MHz, 3996 MHz, 184.66 W, 27
2026/10/07 22:21:28.095, 0, 120 MHz, 3996 MHz, 185.01 W, 34
2026/10/07 22:21:28.095, 1, 120 MHz, 3996 MHz, 188.04 W, 35
2026/10/07 22:21:28.095, 2, 120 MHz, 3996 MHz, 182.01 W, 28
2026/10/07 22:21:28.095, 3, 2032 MHz, 3996 MHz, 234.85 W, 30
2026/10/07 22:21:28.095, 4, 2032 MHz, 3996 MHz, 234.88 W, 37
2026/10/07 22:21:28.095, 5, 120 MHz, 3996 MHz, 182.41 W, 33
2026/10/07 22:21:28.095, 6, 120 MHz, 3996 MHz, 182.89 W, 28
2026/10/07 22:21:28.095, 7, 120 MHz, 3996 MHz, 184.69 W, 27
2026/10/07 22:21:29.095, 0, 120 MHz, 3996 MHz, 184.96 W, 33
2026/10/07 22:21:29.095, 1, 120 MHz, 3996 MHz, 188.23 W, 35
2026/10/07 22:21:29.095, 2, 120 MHz, 3996 MHz, 182.01 W, 28
2026/10/07 22:21:29.095, 3, 2032 MHz, 3996 MHz, 234.85 W, 30
2026/10/07 22:21:29.095, 4, 2032 MHz, 3996 MHz, 234.85 W, 37
2026/10/07 22:21:29.095, 5, 120 MHz, 3996 MHz, 182.29 W, 33
2026/10/07 22:21:29.095, 6, 120 MHz, 3996 MHz, 182.89 W, 28
2026/10/07 22:21:29.095, 7, 120 MHz, 3996 MHz, 184.67 W, 27
2026/10/07 22:21:30.095, 0, 120 MHz, 3996 MHz, 184.70 W, 33
2026/10/07 22:21:30.095, 1, 120 MHz, 3996 MHz, 188.19 W, 35
2026/10/07 22:21:30.095, 2, 120 MHz, 3996 MHz, 182.01 W, 28
2026/10/07 22:21:30.095, 3, 2032 MHz, 3996 MHz, 234.85 W, 30
2026/10/07 22:21:30.095, 4, 2032 MHz, 3996 MHz, 234.87 W, 37
2026/10/07 22:21:30.095, 5, 120 MHz, 3996 MHz, 182.37 W, 33
2026/10/07 22:21:30.095, 6, 120 MHz, 3996 MHz, 182.88 W, 28
2026/10/07 22:21:30.095, 7, 120 MHz, 3996 MHz, 184.64 W, 27
2026/10/07 22:21:31.096, 0, 120 MHz, 3996 MHz, 185.00 W, 33
2026/10/07 22:21:31.096, 1, 120 MHz, 3996 MHz, 188.23 W, 35
2026/10/07 22:21:31.096, 2, 120 MHz, 3996 MHz, 182.01 W, 28
2026/10/07 22:21:31.096, 3, 2032 MHz, 3996 MHz, 234.89 W, 30
2026/10/07 22:21:31.096, 4, 2032 MHz, 3996 MHz, 234.89 W, 37
2026/10/07 22:21:31.096, 5, 120 MHz, 3996 MHz, 182.47 W, 33
2026/10/07 22:21:31.096, 6, 120 MHz, 3996 MHz, 182.89 W, 28
2026/10/07 22:21:31.096, 7, 120 MHz, 3996 MHz, 184.67 W, 27
2026/10/07 22:21:32.096, 0, 120 MHz, 3996 MHz, 184.62 W, 33
2026/10/07 22:21:32.096, 1, 120 MHz, 3996 MHz, 188.19 W, 35
2026/10/07 22:21:32.096, 2, 120 MHz, 3996 MHz, 182.01 W, 28
2026/10/07 22:21:32.096, 3, 2032 MHz, 3996 MHz, 234.85 W, 30
2026/10/07 22:21:32.096, 4, 2032 MHz, 3996 MHz, 234.90 W, 37
2026/10/07 22:21:32.096, 5, 120 MHz, 3996 MHz, 182.22 W, 33
2026/10/07 22:21:32.096, 6, 120 MHz, 3996 MHz, 182.88 W, 28
2026/10/07 22:21:32.096, 7, 120 MHz, 3996 MHz, 184.68 W, 27
2026/10/07 22:21:33.096, 0, 120 MHz, 3996 MHz, 184.51 W, 33
2026/10/07 22:21:33.096, 1, 120 MHz, 3996 MHz, 188.19 W, 35
2026/10/07 22:21:33.096, 2, 120 MHz, 3996 MHz, 182.01 W, 28
2026/10/07 22:21:33.096, 3, 2032 MHz, 3996 MHz, 234.85 W, 30
2026/10/07 22:21:33.096, 4, 2032 MHz, 3996 MHz, 234.90 W, 37
2026/10/07 22:21:33.096, 5, 120 MHz, 3996 MHz, 182.22 W, 33
2026/10/07 22:21:33.096, 6, 120 MHz, 3996 MHz, 182.89 W, 28
2026/10/07 22:21:33.096, 7, 120 MHz, 3996 MHz, 184.68 W, 27
2026/10/07 22:21:34.096, 0, 120 MHz, 3996 MHz, 184.66 W, 33
2026/10/07 22:21:34.097, 1, 120 MHz, 3996 MHz, 188.19 W, 35
2026/10/07 22:21:34.097, 2, 120 MHz, 3996 MHz, 182.01 W, 28
2026/10/07 22:21:34.097, 3, 2032 MHz, 3996 MHz, 234.85 W, 30
2026/10/07 22:21:34.097, 4, 2032 MHz, 3996 MHz, 234.87 W, 37
2026/10/07 22:21:34.097, 5, 120 MHz, 3996 MHz, 182.07 W, 33
2026/10/07 22:21:34.097, 6, 120 MHz, 3996 MHz, 182.89 W, 28
2026/10/07 22:21:34.097, 7, 120 MHz, 3996 MHz, 184.70 W, 27
2026/10/07 22:21:35.097, 0, 120 MHz, 3996 MHz, 184.62 W, 33
2026/10/07 22:21:35.097, 1, 120 MHz, 3996 MHz, 188.23 W, 35
2026/10/07 22:21:35.097, 2, 120 MHz, 3996 MHz, 182.01 W, 28
2026/10/07 22:21:35.097, 3, 2032 MHz, 3996 MHz, 234.85 W, 30
2026/10/07 22:21:35.097, 4, 2032 MHz, 3996 MHz, 234.90 W, 37
2026/10/07 22:21:35.097, 5, 120 MHz, 3996 MHz, 182.26 W, 33
2026/10/07 22:21:35.097, 6, 120 MHz, 3996 MHz, 182.89 W, 28
2026/10/07 22:21:35.097, 7, 120 MHz, 3996 MHz, 184.68 W, 27
2026/10/07 22:21:36.097, 0, 120 MHz, 3996 MHz, 184.66 W, 33
2026/10/07 22:21:36.097, 1, 120 MHz, 3996 MHz, 188.19 W, 35
2026/10/07 22:21:36.097, 2, 120 MHz, 3996 MHz, 182.01 W, 28
2026/10/07 22:21:36.097, 3, 2032 MHz, 3996 MHz, 234.86 W, 30
2026/10/07 22:21:36.097, 4, 2032 MHz, 3996 MHz, 234.91 W, 37
2026/10/07 22:21:36.097, 5, 120 MHz, 3996 MHz, 182.25 W, 33
2026/10/07 22:21:36.097, 6, 120 MHz, 3996 MHz, 182.88 W, 28
2026/10/07 22:21:36.097, 7, 120 MHz, 3996 MHz, 184.70 W, 27
2026/10/07 22:21:37.097, 0, 120 MHz, 3996 MHz, 184.54 W, 33
2026/10/07 22:21:37.097, 1, 120 MHz, 3996 MHz, 188.23 W, 35
2026/10/07 22:21:37.097, 2, 120 MHz, 3996 MHz, 182.01 W, 28
2026/10/07 22:21:37.097, 3, 2032 MHz, 3996 MHz, 234.85 W, 30
2026/10/07 22:21:37.097, 4, 2032 MHz, 3996 MHz, 234.90 W, 37
2026/10/07 22:21:37.097, 5, 120 MHz, 3996 MHz, 182.10 W, 33
2026/10/07 22:21:37.098, 6, 120 MHz, 3996 MHz, 182.89 W, 28
2026/10/07 22:21:37.098, 7, 120 MHz, 3996 MHz, 184.69 W, 27
2026/10/07 22:21:38.098, 0, 120 MHz, 3996 MHz, 184.47 W, 33
2026/10/07 22:21:38.098, 1, 120 MHz, 3996 MHz, 188.23 W, 35
2026/10/07 22:21:38.098, 2, 120 MHz, 3996 MHz, 182.01 W, 28
2026/10/07 22:21:38.098, 3, 2032 MHz, 3996 MHz, 234.85 W, 30
2026/10/07 22:21:38.098, 4, 2032 MHz, 3996 MHz, 234.91 W, 37
2026/10/07 22:21:38.098, 5, 120 MHz, 3996 MHz, 182.12 W, 33
2026/10/07 22:21:38.098, 6, 120 MHz, 3996 MHz, 182.88 W, 28
2026/10/07 22:21:38.098, 7, 120 MHz, 3996 MHz, 184.68 W, 27
2026/10/07 22:21:39.098, 0, 120 MHz, 3996 MHz, 184.54 W, 33
2026/10/07 22:21:39.098, 1, 120 MHz, 3996 MHz, 188.19 W, 35
2026/10/07 22:21:39.098, 2, 120 MHz, 3996 MHz, 182.01 W, 28
2026/10/07 22:21:39.098, 3, 2032 MHz, 3996 MHz, 234.85 W, 30
2026/10/07 22:21:39.098, 4, 2032 MHz, 3996 MHz, 234.86 W, 37
2026/10/07 22:21:39.098, 5, 120 MHz, 3996 MHz, 182.14 W, 33
2026/10/07 22:21:39.098, 6, 120 MHz, 3996 MHz, 182.88 W, 28
2026/10/07 22:21:39.098, 7, 120 MHz, 3996 MHz, 184.68 W, 27
2026/10/07 22:21:40.098, 0, 120 MHz, 3996 MHz, 184.54 W, 33
2026/10/07 22:21:40.098, 1, 120 MHz, 3996 MHz, 188.23 W, 35
2026/10/07 22:21:40.098, 2, 120 MHz, 3996 MHz, 182.01 W, 28
2026/10/07 22:21:40.098, 3, 2032 MHz, 3996 MHz, 234.89 W, 30
2026/10/07 22:21:40.098, 4, 2032 MHz, 3996 MHz, 234.85 W, 37
2026/10/07 22:21:40.098, 5, 120 MHz, 3996 MHz, 182.11 W, 33
2026/10/07 22:21:40.098, 6, 120 MHz, 3996 MHz, 182.89 W, 28
2026/10/07 22:21:40.098, 7, 120 MHz, 3996 MHz, 184.67 W, 27
2026/10/07 22:21:41.099, 0, 120 MHz, 3996 MHz, 184.51 W, 33
2026/10/07 22:21:41.099, 1, 120 MHz, 3996 MHz, 188.07 W, 35
2026/10/07 22:21:41.099, 2, 120 MHz, 3996 MHz, 182.01 W, 28
2026/10/07 22:21:41.099, 3, 2032 MHz, 3996 MHz, 234.85 W, 30
2026/10/07 22:21:41.099, 4, 2032 MHz, 3996 MHz, 234.90 W, 37
2026/10/07 22:21:41.099, 5, 120 MHz, 3996 MHz, 182.18 W, 33
2026/10/07 22:21:41.099, 6, 120 MHz, 3996 MHz, 182.89 W, 28
2026/10/07 22:21:41.099, 7, 120 MHz, 3996 MHz, 184.65 W, 27
2026/10/07 22:21:42.099, 0, 120 MHz, 3996 MHz, 184.58 W, 33
2026/10/07 22:21:42.099, 1, 120 MHz, 3996 MHz, 188.07 W, 35
2026/10/07 22:21:42.099, 2, 120 MHz, 3996 MHz, 182.01 W, 28
2026/10/07 22:21:42.099, 3, 2032 MHz, 3996 MHz, 234.85 W, 30
2026/10/07 22:21:42.099, 4, 2032 MHz, 3996 MHz, 234.90 W, 37
2026/10/07 22:21:42.099, 5, 120 MHz, 3996 MHz, 182.02 W, 33
2026/10/07 22:21:42.099, 6, 120 MHz, 3996 MHz, 182.88 W, 28
2026/10/07 22:21:42.099, 7, 120 MHz, 3996 MHz, 184.67 W, 27
2026/10/07 22:21:43.099, 0, 120 MHz, 3996 MHz, 184.62 W, 33
2026/10/07 22:21:43.099, 1, 120 MHz, 3996 MHz, 188.19 W, 35
2026/10/07 22:21:43.099, 2, 120 MHz, 3996 MHz, 182.01 W, 28
2026/10/07 22:21:43.099, 3, 2032 MHz, 3996 MHz, 234.85 W, 30
2026/10/07 22:21:43.099, 4, 2032 MHz, 3996 MHz, 234.88 W, 37
2026/10/07 22:21:43.099, 5, 120 MHz, 3996 MHz, 182.18 W, 33
2026/10/07 22:21:43.099, 6, 120 MHz, 3996 MHz, 182.89 W, 28
2026/10/07 22:21:43.099, 7, 120 MHz, 3996 MHz, 184.70 W, 27
2026/10/07 22:21:44.099, 0, 120 MHz, 3996 MHz, 184.51 W, 33
2026/10/07 22:21:44.100, 1, 120 MHz, 3996 MHz, 188.03 W, 35
2026/10/07 22:21:44.100, 2, 120 MHz, 3996 MHz, 182.01 W, 28
2026/10/07 22:21:44.100, 3, 2032 MHz, 3996 MHz, 234.85 W, 30
2026/10/07 22:21:44.100, 4, 2032 MHz, 3996 MHz, 234.89 W, 37
2026/10/07 22:21:44.100, 5, 120 MHz, 3996 MHz, 182.10 W, 33
2026/10/07 22:21:44.100, 6, 120 MHz, 3996 MHz, 182.88 W, 28
2026/10/07 22:21:44.100, 7, 120 MHz, 3996 MHz, 184.68 W, 27
2026/10/07 22:21:45.100, 0, 120 MHz, 3996 MHz, 184.47 W, 33
2026/10/07 22:21:45.100, 1, 120 MHz, 3996 MHz, 187.96 W, 35
2026/10/07 22:21:45.100, 2, 120 MHz, 3996 MHz, 182.01 W, 28
2026/10/07 22:21:45.100, 3, 2032 MHz, 3996 MHz, 234.85 W, 30
2026/10/07 22:21:45.100, 4, 2032 MHz, 3996 MHz, 234.87 W, 37
2026/10/07 22:21:45.100, 5, 120 MHz, 3996 MHz, 181.99 W, 33
2026/10/07 22:21:45.100, 6, 120 MHz, 3996 MHz, 182.89 W, 28
2026/10/07 22:21:45.100, 7, 120 MHz, 3996 MHz, 184.67 W, 27
2026/10/07 22:21:46.100, 0, 120 MHz, 3996 MHz, 184.62 W, 33
2026/10/07 22:21:46.100, 1, 120 MHz, 3996 MHz, 188.04 W, 35
2026/10/07 22:21:46.100, 2, 120 MHz, 3996 MHz, 182.01 W, 28
2026/10/07 22:21:46.100, 3, 2032 MHz, 3996 MHz, 234.85 W, 30
2026/10/07 22:21:46.100, 4, 2032 MHz, 3996 MHz, 234.89 W, 37
2026/10/07 22:21:46.100, 5, 120 MHz, 3996 MHz, 182.00 W, 33
2026/10/07 22:21:46.100, 6, 120 MHz, 3996 MHz, 182.89 W, 28
2026/10/07 22:21:46.100, 7, 120 MHz, 3996 MHz, 184.68 W, 27
2026/10/07 22:21:47.100, 0, 120 MHz, 3996 MHz, 184.47 W, 33
2026/10/07 22:21:47.100, 1, 120 MHz, 3996 MHz, 187.92 W, 35
2026/10/07 22:21:47.100, 2, 120 MHz, 3996 MHz, 182.01 W, 28
2026/10/07 22:21:47.100, 3, 2032 MHz, 3996 MHz, 234.85 W, 30
2026/10/07 22:21:47.100, 4, 2032 MHz, 3996 MHz, 234.88 W, 37
2026/10/07 22:21:47.100, 5, 120 MHz, 3996 MHz, 182.23 W, 33
2026/10/07 22:21:47.100, 6, 120 MHz, 3996 MHz, 182.88 W, 28
2026/10/07 22:21:47.101, 7, 120 MHz, 3996 MHz, 184.68 W, 27
2026/10/07 22:21:48.101, 0, 120 MHz, 3996 MHz, 184.47 W, 33
2026/10/07 22:21:48.101, 1, 120 MHz, 3996 MHz, 188.15 W, 35
2026/10/07 22:21:48.101, 2, 120 MHz, 3996 MHz, 182.01 W, 28
2026/10/07 22:21:48.101, 3, 2032 MHz, 3996 MHz, 234.85 W, 30
2026/10/07 22:21:48.101, 4, 2032 MHz, 3996 MHz, 235.14 W, 36
2026/10/07 22:21:48.101, 5, 120 MHz, 3996 MHz, 182.03 W, 33
2026/10/07 22:21:48.101, 6, 120 MHz, 3996 MHz, 182.88 W, 28
2026/10/07 22:21:48.101, 7, 120 MHz, 3996 MHz, 184.68 W, 27
2026/10/07 22:21:49.101, 0, 120 MHz, 3996 MHz, 184.54 W, 33
2026/10/07 22:21:49.101, 1, 120 MHz, 3996 MHz, 187.99 W, 35
2026/10/07 22:21:49.101, 2, 120 MHz, 3996 MHz, 182.01 W, 28
2026/10/07 22:21:49.101, 3, 2032 MHz, 3996 MHz, 234.85 W, 30
2026/10/07 22:21:49.101, 4, 2032 MHz, 3996 MHz, 312.10 W, 39
2026/10/07 22:21:49.101, 5, 120 MHz, 3996 MHz, 182.08 W, 33
2026/10/07 22:21:49.101, 6, 120 MHz, 3996 MHz, 182.88 W, 28
2026/10/07 22:21:49.101, 7, 120 MHz, 3996 MHz, 184.69 W, 27
2026/10/07 22:21:50.101, 0, 120 MHz, 3996 MHz, 184.54 W, 33
2026/10/07 22:21:50.101, 1, 120 MHz, 3996 MHz, 187.99 W, 35
2026/10/07 22:21:50.101, 2, 120 MHz, 3996 MHz, 182.01 W, 28
2026/10/07 22:21:50.101, 3, 2032 MHz, 3996 MHz, 234.85 W, 30
2026/10/07 22:21:50.101, 4, 2032 MHz, 3996 MHz, 326.24 W, 38
2026/10/07 22:21:50.101, 5, 120 MHz, 3996 MHz, 181.86 W, 33
2026/10/07 22:21:50.101, 6, 120 MHz, 3996 MHz, 182.89 W, 28
2026/10/07 22:21:50.101, 7, 120 MHz, 3996 MHz, 184.67 W, 27
2026/10/07 22:21:51.102, 0, 120 MHz, 3996 MHz, 184.47 W, 33
2026/10/07 22:21:51.102, 1, 120 MHz, 3996 MHz, 188.04 W, 35
2026/10/07 22:21:51.102, 2, 120 MHz, 3996 MHz, 182.01 W, 28
2026/10/07 22:21:51.102, 3, 2032 MHz, 3996 MHz, 234.85 W, 30
2026/10/07 22:21:51.102, 4, 2032 MHz, 3996 MHz, 285.21 W, 37
2026/10/07 22:21:51.102, 5, 120 MHz, 3996 MHz, 182.10 W, 33
2026/10/07 22:21:51.102, 6, 120 MHz, 3996 MHz, 182.89 W, 28
2026/10/07 22:21:51.102, 7, 120 MHz, 3996 MHz, 184.67 W, 27
2026/10/07 22:21:52.102, 0, 120 MHz, 3996 MHz, 184.51 W, 33
2026/10/07 22:21:52.102, 1, 120 MHz, 3996 MHz, 187.81 W, 35
2026/10/07 22:21:52.102, 2, 120 MHz, 3996 MHz, 182.01 W, 28
2026/10/07 22:21:52.102, 3, 2032 MHz, 3996 MHz, 234.85 W, 30
2026/10/07 22:21:52.102, 4, 2032 MHz, 3996 MHz, 263.48 W, 37
2026/10/07 22:21:52.102, 5, 120 MHz, 3996 MHz, 182.23 W, 33
2026/10/07 22:21:52.102, 6, 120 MHz, 3996 MHz, 182.88 W, 28
2026/10/07 22:21:52.102, 7, 120 MHz, 3996 MHz, 184.65 W, 27
2026/10/07 22:21:53.102, 0, 120 MHz, 3996 MHz, 184.47 W, 33
2026/10/07 22:21:53.102, 1, 120 MHz, 3996 MHz, 187.88 W, 35
2026/10/07 22:21:53.102, 2, 120 MHz, 3996 MHz, 182.01 W, 28
2026/10/07 22:21:53.102, 3, 2032 MHz, 3996 MHz, 234.85 W, 30
2026/10/07 22:21:53.102, 4, 2032 MHz, 3996 MHz, 244.62 W, 37
2026/10/07 22:21:53.102, 5, 120 MHz, 3996 MHz, 181.76 W, 33
2026/10/07 22:21:53.102, 6, 120 MHz, 3996 MHz, 182.89 W, 28
2026/10/07 22:21:53.102, 7, 120 MHz, 3996 MHz, 184.65 W, 27
2026/10/07 22:21:54.102, 0, 120 MHz, 3996 MHz, 184.47 W, 33
2026/10/07 22:21:54.103, 1, 120 MHz, 3996 MHz, 187.72 W, 35
2026/10/07 22:21:54.103, 2, 120 MHz, 3996 MHz, 182.01 W, 28
2026/10/07 22:21:54.103, 3, 2032 MHz, 3996 MHz, 234.85 W, 30
2026/10/07 22:21:54.103, 4, 2032 MHz, 3996 MHz, 235.88 W, 37
2026/10/07 22:21:54.103, 5, 120 MHz, 3996 MHz, 182.15 W, 33
2026/10/07 22:21:54.103, 6, 120 MHz, 3996 MHz, 182.89 W, 28
2026/10/07 22:21:54.103, 7, 120 MHz, 3996 MHz, 184.69 W, 27
2026/10/07 22:21:55.103, 0, 120 MHz, 3996 MHz, 184.47 W, 33
2026/10/07 22:21:55.103, 1, 120 MHz, 3996 MHz, 188.04 W, 35
2026/10/07 22:21:55.103, 2, 120 MHz, 3996 MHz, 182.01 W, 28
2026/10/07 22:21:55.103, 3, 2032 MHz, 3996 MHz, 234.85 W, 30
2026/10/07 22:21:55.103, 4, 2032 MHz, 3996 MHz, 235.34 W, 37
2026/10/07 22:21:55.103, 5, 120 MHz, 3996 MHz, 182.14 W, 33
2026/10/07 22:21:55.103, 6, 120 MHz, 3996 MHz, 182.89 W, 28
2026/10/07 22:21:55.103, 7, 120 MHz, 3996 MHz, 184.70 W, 27
2026/10/07 22:21:56.103, 0, 120 MHz, 3996 MHz, 184.47 W, 33
2026/10/07 22:21:56.103, 1, 120 MHz, 3996 MHz, 187.99 W, 35
2026/10/07 22:21:56.103, 2, 120 MHz, 3996 MHz, 182.01 W, 28
2026/10/07 22:21:56.103, 3, 2032 MHz, 3996 MHz, 234.89 W, 30
2026/10/07 22:21:56.103, 4, 2032 MHz, 3996 MHz, 235.19 W, 37
2026/10/07 22:21:56.103, 5, 120 MHz, 3996 MHz, 181.92 W, 33
2026/10/07 22:21:56.103, 6, 120 MHz, 3996 MHz, 182.89 W, 28
2026/10/07 22:21:56.103, 7, 120 MHz, 3996 MHz, 184.68 W, 27
2026/10/07 22:21:57.103, 0, 120 MHz, 3996 MHz, 184.51 W, 33
2026/10/07 22:21:57.103, 1, 120 MHz, 3996 MHz, 187.62 W, 35
2026/10/07 22:21:57.103, 2, 120 MHz, 3996 MHz, 182.01 W, 28
2026/10/07 22:21:57.103, 3, 2032 MHz, 3996 MHz, 234.85 W, 30
2026/10/07 22:21:57.103, 4, 2032 MHz, 3996 MHz, 235.18 W, 36
2026/10/07 22:21:57.103, 5, 120 MHz, 3996 MHz, 181.95 W, 33
2026/10/07 22:21:57.103, 6, 120 MHz, 3996 MHz, 182.88 W, 28
2026/10/07 22:21:57.103, 7, 120 MHz, 3996 MHz, 184.67 W, 27
2026/10/07 22:21:58.104, 0, 120 MHz, 3996 MHz, 184.47 W, 33
2026/10/07 22:21:58.104, 1, 120 MHz, 3996 MHz, 187.54 W, 35
2026/10/07 22:21:58.104, 2, 120 MHz, 3996 MHz, 182.01 W, 28
2026/10/07 22:21:58.104, 3, 2032 MHz, 3996 MHz, 234.85 W, 30
2026/10/07 22:21:58.104, 4, 2032 MHz, 3996 MHz, 238.87 W, 37
2026/10/07 22:21:58.104, 5, 120 MHz, 3996 MHz, 181.74 W, 33
2026/10/07 22:21:58.104, 6, 120 MHz, 3996 MHz, 182.89 W, 28
2026/10/07 22:21:58.104, 7, 120 MHz, 3996 MHz, 184.70 W, 27
2026/10/07 22:21:59.104, 0, 120 MHz, 3996 MHz, 184.47 W, 33
2026/10/07 22:21:59.104, 1, 120 MHz, 3996 MHz, 187.72 W, 35
2026/10/07 22:21:59.104, 2, 120 MHz, 3996 MHz, 182.05 W, 28
2026/10/07 22:21:59.104, 3, 2032 MHz, 3996 MHz, 234.85 W, 30
2026/10/07 22:21:59.104, 4, 2032 MHz, 3996 MHz, 235.25 W, 36
2026/10/07 22:21:59.104, 5, 120 MHz, 3996 MHz, 181.99 W, 33
2026/10/07 22:21:59.104, 6, 120 MHz, 3996 MHz, 182.89 W, 28
2026/10/07 22:21:59.104, 7, 120 MHz, 3996 MHz, 184.69 W, 27
2026/10/07 22:22:00.104, 0, 120 MHz, 3996 MHz, 184.51 W, 33
2026/10/07 22:22:00.104, 1, 120 MHz, 3996 MHz, 187.85 W, 35
2026/10/07 22:22:00.104, 2, 120 MHz, 3996 MHz, 182.01 W, 28
2026/10/07 22:22:00.104, 3, 2032 MHz, 3996 MHz, 234.89 W, 30
2026/10/07 22:22:00.104, 4, 2032 MHz, 3996 MHz, 242.03 W, 36
2026/10/07 22:22:00.104, 5, 120 MHz, 3996 MHz, 182.10 W, 33
2026/10/07 22:22:00.104, 6, 120 MHz, 3996 MHz, 182.89 W, 28
2026/10/07 22:22:00.104, 7, 120 MHz, 3996 MHz, 184.67 W, 27
2026/10/07 22:22:01.105, 0, 120 MHz, 3996 MHz, 184.47 W, 33
2026/10/07 22:22:01.105, 1, 120 MHz, 3996 MHz, 187.84 W, 35
2026/10/07 22:22:01.105, 2, 120 MHz, 3996 MHz, 182.09 W, 28
2026/10/07 22:22:01.105, 3, 2032 MHz, 3996 MHz, 234.85 W, 30
2026/10/07 22:22:01.105, 4, 2032 MHz, 3996 MHz, 235.17 W, 36
2026/10/07 22:22:01.105, 5, 120 MHz, 3996 MHz, 182.23 W, 33
2026/10/07 22:22:01.105, 6, 120 MHz, 3996 MHz, 182.92 W, 28
2026/10/07 22:22:01.105, 7, 120 MHz, 3996 MHz, 184.65 W, 27
2026/10/07 22:22:02.105, 0, 120 MHz, 3996 MHz, 184.47 W, 33
2026/10/07 22:22:02.105, 1, 120 MHz, 3996 MHz, 188.04 W, 35
2026/10/07 22:22:02.105, 2, 120 MHz, 3996 MHz, 182.01 W, 28
2026/10/07 22:22:02.105, 3, 2032 MHz, 3996 MHz, 234.85 W, 30
2026/10/07 22:22:02.105, 4, 2032 MHz, 3996 MHz, 235.52 W, 36
2026/10/07 22:22:02.105, 5, 120 MHz, 3996 MHz, 182.02 W, 33
2026/10/07 22:22:02.105, 6, 120 MHz, 3996 MHz, 182.89 W, 28
2026/10/07 22:22:02.105, 7, 120 MHz, 3996 MHz, 184.65 W, 27
2026/10/07 22:22:03.105, 0, 120 MHz, 3996 MHz, 184.47 W, 33
2026/10/07 22:22:03.105, 1, 120 MHz, 3996 MHz, 188.11 W, 35
2026/10/07 22:22:03.105, 2, 120 MHz, 3996 MHz, 182.01 W, 28
2026/10/07 22:22:03.105, 3, 2032 MHz, 3996 MHz, 234.85 W, 30
2026/10/07 22:22:03.105, 4, 2032 MHz, 3996 MHz, 235.03 W, 36
2026/10/07 22:22:03.105, 5, 120 MHz, 3996 MHz, 181.91 W, 33
2026/10/07 22:22:03.105, 6, 120 MHz, 3996 MHz, 182.92 W, 28
2026/10/07 22:22:03.105, 7, 120 MHz, 3996 MHz, 184.68 W, 27
2026/10/07 22:22:04.105, 0, 120 MHz, 3996 MHz, 184.51 W, 33
2026/10/07 22:22:04.106, 1, 120 MHz, 3996 MHz, 187.92 W, 35
2026/10/07 22:22:04.106, 2, 120 MHz, 3996 MHz, 182.01 W, 28
2026/10/07 22:22:04.106, 3, 2032 MHz, 3996 MHz, 234.89 W, 30
2026/10/07 22:22:04.106, 4, 2032 MHz, 3996 MHz, 235.03 W, 36
2026/10/07 22:22:04.106, 5, 120 MHz, 3996 MHz, 182.06 W, 33
2026/10/07 22:22:04.106, 6, 120 MHz, 3996 MHz, 182.89 W, 28
2026/10/07 22:22:04.106, 7, 120 MHz, 3996 MHz, 184.68 W, 27
2026/10/07 22:22:05.106, 0, 120 MHz, 3996 MHz, 184.47 W, 33
2026/10/07 22:22:05.106, 1, 120 MHz, 3996 MHz, 187.85 W, 35
2026/10/07 22:22:05.106, 2, 120 MHz, 3996 MHz, 182.05 W, 28
2026/10/07 22:22:05.106, 3, 2032 MHz, 3996 MHz, 234.85 W, 31
2026/10/07 22:22:05.106, 4, 2032 MHz, 3996 MHz, 234.95 W, 36
2026/10/07 22:22:05.106, 5, 120 MHz, 3996 MHz, 181.84 W, 33
2026/10/07 22:22:05.106, 6, 120 MHz, 3996 MHz, 182.89 W, 28
2026/10/07 22:22:05.106, 7, 120 MHz, 3996 MHz, 184.67 W, 27
2026/10/07 22:22:06.106, 0, 120 MHz, 3996 MHz, 184.47 W, 33
2026/10/07 22:22:06.106, 1, 120 MHz, 3996 MHz, 188.04 W, 35
2026/10/07 22:22:06.106, 2, 120 MHz, 3996 MHz, 182.05 W, 28
2026/10/07 22:22:06.106, 3, 2032 MHz, 3996 MHz, 234.89 W, 31
2026/10/07 22:22:06.106, 4, 2032 MHz, 3996 MHz, 238.02 W, 36
2026/10/07 22:22:06.106, 5, 120 MHz, 3996 MHz, 181.74 W, 33
2026/10/07 22:22:06.106, 6, 120 MHz, 3996 MHz, 182.89 W, 28
2026/10/07 22:22:06.106, 7, 120 MHz, 3996 MHz, 184.67 W, 27
2026/10/07 22:22:07.106, 0, 120 MHz, 3996 MHz, 184.47 W, 33
2026/10/07 22:22:07.106, 1, 120 MHz, 3996 MHz, 187.84 W, 35
2026/10/07 22:22:07.106, 2, 120 MHz, 3996 MHz, 182.05 W, 29
2026/10/07 22:22:07.106, 3, 2032 MHz, 3996 MHz, 234.89 W, 31
2026/10/07 22:22:07.106, 4, 2032 MHz, 3996 MHz, 234.87 W, 36
2026/10/07 22:22:07.106, 5, 120 MHz, 3996 MHz, 181.96 W, 33
2026/10/07 22:22:07.106, 6, 120 MHz, 3996 MHz, 182.92 W, 28
2026/10/07 22:22:07.106, 7, 120 MHz, 3996 MHz, 184.67 W, 27
2026/10/07 22:22:08.107, 0, 120 MHz, 3996 MHz, 184.47 W, 33
2026/10/07 22:22:08.107, 1, 120 MHz, 3996 MHz, 188.04 W, 35
2026/10/07 22:22:08.107, 2, 120 MHz, 3996 MHz, 182.05 W, 29
2026/10/07 22:22:08.107, 3, 2032 MHz, 3996 MHz, 234.97 W, 31
2026/10/07 22:22:08.107, 4, 2032 MHz, 3996 MHz, 234.85 W, 36
2026/10/07 22:22:08.107, 5, 120 MHz, 3996 MHz, 181.98 W, 33
2026/10/07 22:22:08.107, 6, 120 MHz, 3996 MHz, 182.89 W, 28
2026/10/07 22:22:08.107, 7, 120 MHz, 3996 MHz, 184.68 W, 27
2026/10/07 22:22:09.107, 0, 120 MHz, 3996 MHz, 184.47 W, 33
2026/10/07 22:22:09.107, 1, 120 MHz, 3996 MHz, 186.32 W, 35
2026/10/07 22:22:09.107, 2, 120 MHz, 3996 MHz, 182.01 W, 29
2026/10/07 22:22:09.107, 3, 2032 MHz, 3996 MHz, 234.85 W, 31
2026/10/07 22:22:09.107, 4, 2032 MHz, 3996 MHz, 235.42 W, 36
2026/10/07 22:22:09.107, 5, 120 MHz, 3996 MHz, 181.69 W, 33
2026/10/07 22:22:09.107, 6, 120 MHz, 3996 MHz, 182.96 W, 28
2026/10/07 22:22:09.107, 7, 120 MHz, 3996 MHz, 184.69 W, 27
2026/10/07 22:22:10.107, 0, 120 MHz, 3996 MHz, 184.47 W, 33
2026/10/07 22:22:10.107, 1, 120 MHz, 3996 MHz, 186.29 W, 35
2026/10/07 22:22:10.107, 2, 120 MHz, 3996 MHz, 182.05 W, 29
2026/10/07 22:22:10.107, 3, 2032 MHz, 3996 MHz, 234.89 W, 31
2026/10/07 22:22:10.107, 4, 2032 MHz, 3996 MHz, 234.97 W, 36
2026/10/07 22:22:10.107, 5, 120 MHz, 3996 MHz, 182.03 W, 33
2026/10/07 22:22:10.107, 6, 120 MHz, 3996 MHz, 182.96 W, 28
2026/10/07 22:22:10.107, 7, 120 MHz, 3996 MHz, 184.70 W, 27
2026/10/07 22:22:11.108, 0, 120 MHz, 3996 MHz, 184.47 W, 33
2026/10/07 22:22:11.108, 1, 120 MHz, 3996 MHz, 186.29 W, 35
2026/10/07 22:22:11.108, 2, 120 MHz, 3996 MHz, 182.09 W, 29
2026/10/07 22:22:11.108, 3, 2032 MHz, 3996 MHz, 234.89 W, 31
2026/10/07 22:22:11.108, 4, 2032 MHz, 3996 MHz, 235.07 W, 36
2026/10/07 22:22:11.108, 5, 120 MHz, 3996 MHz, 181.98 W, 33
2026/10/07 22:22:11.108, 6, 120 MHz, 3996 MHz, 182.88 W, 28
2026/10/07 22:22:11.108, 7, 120 MHz, 3996 MHz, 184.69 W, 27
2026/10/07 22:22:12.108, 0, 120 MHz, 3996 MHz, 184.47 W, 33
2026/10/07 22:22:12.108, 1, 120 MHz, 3996 MHz, 186.29 W, 35
2026/10/07 22:22:12.108, 2, 120 MHz, 3996 MHz, 182.09 W, 29
2026/10/07 22:22:12.108, 3, 2032 MHz, 3996 MHz, 234.85 W, 31
2026/10/07 22:22:12.108, 4, 2032 MHz, 3996 MHz, 234.94 W, 36
2026/10/07 22:22:12.108, 5, 120 MHz, 3996 MHz, 182.02 W, 33
2026/10/07 22:22:12.108, 6, 120 MHz, 3996 MHz, 183.00 W, 28
2026/10/07 22:22:12.108, 7, 120 MHz, 3996 MHz, 184.69 W, 27
2026/10/07 22:22:13.108, 0, 120 MHz, 3996 MHz, 184.47 W, 33
2026/10/07 22:22:13.108, 1, 120 MHz, 3996 MHz, 186.29 W, 35
2026/10/07 22:22:13.108, 2, 120 MHz, 3996 MHz, 182.05 W, 29
2026/10/07 22:22:13.108, 3, 2032 MHz, 3996 MHz, 234.93 W, 31
2026/10/07 22:22:13.108, 4, 2032 MHz, 3996 MHz, 234.92 W, 36
2026/10/07 22:22:13.108, 5, 120 MHz, 3996 MHz, 182.22 W, 33
2026/10/07 22:22:13.108, 6, 120 MHz, 3996 MHz, 183.00 W, 28
2026/10/07 22:22:13.108, 7, 120 MHz, 3996 MHz, 184.71 W, 27
2026/10/07 22:22:14.108, 0, 120 MHz, 3996 MHz, 184.47 W, 33
2026/10/07 22:22:14.109, 1, 120 MHz, 3996 MHz, 186.29 W, 35
2026/10/07 22:22:14.109, 2, 120 MHz, 3996 MHz, 182.17 W, 29
2026/10/07 22:22:14.109, 3, 2032 MHz, 3996 MHz, 234.93 W, 31
2026/10/07 22:22:14.109, 4, 2032 MHz, 3996 MHz, 234.99 W, 36
2026/10/07 22:22:14.109, 5, 120 MHz, 3996 MHz, 182.26 W, 33
2026/10/07 22:22:14.109, 6, 120 MHz, 3996 MHz, 183.08 W, 29
2026/10/07 22:22:14.109, 7, 120 MHz, 3996 MHz, 184.70 W, 27
2026/10/07 22:22:15.109, 0, 120 MHz, 3996 MHz, 184.47 W, 33
2026/10/07 22:22:15.109, 1, 120 MHz, 3996 MHz, 186.29 W, 35
2026/10/07 22:22:15.109, 2, 120 MHz, 3996 MHz, 182.25 W, 29
2026/10/07 22:22:15.109, 3, 2032 MHz, 3996 MHz, 234.93 W, 31
2026/10/07 22:22:15.109, 4, 2032 MHz, 3996 MHz, 234.91 W, 36
2026/10/07 22:22:15.109, 5, 120 MHz, 3996 MHz, 181.99 W, 33
2026/10/07 22:22:15.109, 6, 120 MHz, 3996 MHz, 183.39 W, 29
2026/10/07 22:22:15.109, 7, 120 MHz, 3996 MHz, 184.70 W, 27
2026/10/07 22:22:16.109, 0, 120 MHz, 3996 MHz, 184.47 W, 33
2026/10/07 22:22:16.109, 1, 120 MHz, 3996 MHz, 186.29 W, 35
2026/10/07 22:22:16.109, 2, 120 MHz, 3996 MHz, 182.24 W, 29
2026/10/07 22:22:16.109, 3, 2032 MHz, 3996 MHz, 235.12 W, 31
2026/10/07 22:22:16.109, 4, 2032 MHz, 3996 MHz, 235.02 W, 36
2026/10/07 22:22:16.109, 5, 120 MHz, 3996 MHz, 182.03 W, 33
2026/10/07 22:22:16.109, 6, 120 MHz, 3996 MHz, 183.08 W, 29
2026/10/07 22:22:16.109, 7, 120 MHz, 3996 MHz, 184.70 W, 28
2026/10/07 22:22:17.109, 0, 120 MHz, 3996 MHz, 184.47 W, 33
2026/10/07 22:22:17.109, 1, 120 MHz, 3996 MHz, 186.29 W, 35
2026/10/07 22:22:17.109, 2, 120 MHz, 3996 MHz, 182.40 W, 29
2026/10/07 22:22:17.109, 3, 2032 MHz, 3996 MHz, 235.01 W, 31
2026/10/07 22:22:17.109, 4, 2032 MHz, 3996 MHz, 234.86 W, 36
2026/10/07 22:22:17.109, 5, 120 MHz, 3996 MHz, 182.18 W, 33
2026/10/07 22:22:17.109, 6, 120 MHz, 3996 MHz, 183.20 W, 29
2026/10/07 22:22:17.109, 7, 120 MHz, 3996 MHz, 184.70 W, 28
2026/10/07 22:22:18.110, 0, 120 MHz, 3996 MHz, 184.47 W, 33
2026/10/07 22:22:18.110, 1, 120 MHz, 3996 MHz, 186.29 W, 35
2026/10/07 22:22:18.110, 2, 120 MHz, 3996 MHz, 182.41 W, 29
2026/10/07 22:22:18.110, 3, 2032 MHz, 3996 MHz, 234.97 W, 31
2026/10/07 22:22:18.110, 4, 2032 MHz, 3996 MHz, 235.03 W, 36
2026/10/07 22:22:18.110, 5, 120 MHz, 3996 MHz, 182.14 W, 33
2026/10/07 22:22:18.110, 6, 120 MHz, 3996 MHz, 183.34 W, 29
2026/10/07 22:22:18.110, 7, 120 MHz, 3996 MHz, 184.70 W, 28
2026/10/07 22:22:19.110, 0, 120 MHz, 3996 MHz, 184.47 W, 33
2026/10/07 22:22:19.110, 1, 120 MHz, 3996 MHz, 186.29 W, 35
2026/10/07 22:22:19.110, 2, 120 MHz, 3996 MHz, 182.51 W, 29
2026/10/07 22:22:19.110, 3, 2032 MHz, 3996 MHz, 235.05 W, 31
2026/10/07 22:22:19.110, 4, 2032 MHz, 3996 MHz, 235.05 W, 36
2026/10/07 22:22:19.110, 5, 120 MHz, 3996 MHz, 181.76 W, 33
2026/10/07 22:22:19.110, 6, 120 MHz, 3996 MHz, 183.40 W, 29
2026/10/07 22:22:19.110, 7, 120 MHz, 3996 MHz, 184.67 W, 28
2026/10/07 22:22:20.110, 0, 120 MHz, 3996 MHz, 184.47 W, 33
2026/10/07 22:22:20.110, 1, 120 MHz, 3996 MHz, 186.29 W, 35
2026/10/07 22:22:20.110, 2, 120 MHz, 3996 MHz, 182.47 W, 29
2026/10/07 22:22:20.110, 3, 2032 MHz, 3996 MHz, 235.12 W, 31
2026/10/07 22:22:20.110, 4, 2032 MHz, 3996 MHz, 234.99 W, 36
2026/10/07 22:22:20.110, 5, 120 MHz, 3996 MHz, 181.98 W, 33
2026/10/07 22:22:20.110, 6, 120 MHz, 3996 MHz, 183.57 W, 29
2026/10/07 22:22:20.110, 7, 120 MHz, 3996 MHz, 184.69 W, 28
2026/10/07 22:22:21.110, 0, 120 MHz, 3996 MHz, 184.47 W, 33
2026/10/07 22:22:21.111, 1, 120 MHz, 3996 MHz, 186.29 W, 35
2026/10/07 22:22:21.111, 2, 120 MHz, 3996 MHz, 182.56 W, 29
2026/10/07 22:22:21.111, 3, 2032 MHz, 3996 MHz, 235.43 W, 31
2026/10/07 22:22:21.111, 4, 2032 MHz, 3996 MHz, 234.96 W, 36
2026/10/07 22:22:21.111, 5, 120 MHz, 3996 MHz, 181.99 W, 33
2026/10/07 22:22:21.111, 6, 120 MHz, 3996 MHz, 183.57 W, 29
2026/10/07 22:22:21.111, 7, 120 MHz, 3996 MHz, 184.68 W, 28
2026/10/07 22:22:22.111, 0, 120 MHz, 3996 MHz, 184.47 W, 33
2026/10/07 22:22:22.111, 1, 120 MHz, 3996 MHz, 186.29 W, 35
2026/10/07 22:22:22.111, 2, 120 MHz, 3996 MHz, 182.55 W, 29
2026/10/07 22:22:22.111, 3, 2032 MHz, 3996 MHz, 235.13 W, 31
2026/10/07 22:22:22.111, 4, 2032 MHz, 3996 MHz, 235.02 W, 36
2026/10/07 22:22:22.111, 5, 120 MHz, 3996 MHz, 182.11 W, 33
2026/10/07 22:22:22.111, 6, 120 MHz, 3996 MHz, 183.74 W, 29
2026/10/07 22:22:22.111, 7, 120 MHz, 3996 MHz, 184.65 W, 28
2026/10/07 22:22:23.111, 0, 120 MHz, 3996 MHz, 184.47 W, 33
2026/10/07 22:22:23.111, 1, 120 MHz, 3996 MHz, 186.32 W, 35
2026/10/07 22:22:23.111, 2, 120 MHz, 3996 MHz, 182.64 W, 29
2026/10/07 22:22:23.111, 3, 2032 MHz, 3996 MHz, 235.43 W, 31
2026/10/07 22:22:23.111, 4, 2032 MHz, 3996 MHz, 234.97 W, 36
2026/10/07 22:22:23.111, 5, 120 MHz, 3996 MHz, 181.91 W, 33
2026/10/07 22:22:23.111, 6, 120 MHz, 3996 MHz, 183.96 W, 29
2026/10/07 22:22:23.111, 7, 120 MHz, 3996 MHz, 184.65 W, 28
2026/10/07 22:22:24.111, 0, 120 MHz, 3996 MHz, 184.47 W, 33
2026/10/07 22:22:24.111, 1, 120 MHz, 3996 MHz, 186.29 W, 35
2026/10/07 22:22:24.111, 2, 120 MHz, 3996 MHz, 183.08 W, 29
2026/10/07 22:22:24.111, 3, 2032 MHz, 3996 MHz, 235.59 W, 31
2026/10/07 22:22:24.111, 4, 2032 MHz, 3996 MHz, 234.91 W, 36
2026/10/07 22:22:24.111, 5, 120 MHz, 3996 MHz, 181.67 W, 33
2026/10/07 22:22:24.111, 6, 120 MHz, 3996 MHz, 184.05 W, 29
2026/10/07 22:22:24.111, 7, 120 MHz, 3996 MHz, 184.67 W, 28
2026/10/07 22:22:25.112, 0, 120 MHz, 3996 MHz, 184.47 W, 33
2026/10/07 22:22:25.112, 1, 120 MHz, 3996 MHz, 186.32 W, 35
2026/10/07 22:22:25.112, 2, 120 MHz, 3996 MHz, 183.18 W, 29
2026/10/07 22:22:25.112, 3, 2032 MHz, 3996 MHz, 235.71 W, 31
2026/10/07 22:22:25.112, 4, 2032 MHz, 3996 MHz, 234.95 W, 36
2026/10/07 22:22:25.112, 5, 120 MHz, 3996 MHz, 182.00 W, 33
2026/10/07 22:22:25.112, 6, 120 MHz, 3996 MHz, 184.11 W, 29
2026/10/07 22:22:25.112, 7, 120 MHz, 3996 MHz, 184.70 W, 28
2026/10/07 22:22:26.112, 0, 120 MHz, 3996 MHz, 184.47 W, 33
2026/10/07 22:22:26.112, 1, 120 MHz, 3996 MHz, 186.29 W, 35
2026/10/07 22:22:26.112, 2, 120 MHz, 3996 MHz, 183.42 W, 29
2026/10/07 22:22:26.112, 3, 2032 MHz, 3996 MHz, 235.62 W, 31
2026/10/07 22:22:26.112, 4, 2032 MHz, 3996 MHz, 235.07 W, 36
2026/10/07 22:22:26.112, 5, 120 MHz, 3996 MHz, 181.95 W, 33
2026/10/07 22:22:26.112, 6, 120 MHz, 3996 MHz, 184.25 W, 29
2026/10/07 22:22:26.112, 7, 120 MHz, 3996 MHz, 184.68 W, 28
2026/10/07 22:22:27.112, 0, 120 MHz, 3996 MHz, 184.47 W, 33
2026/10/07 22:22:27.112, 1, 120 MHz, 3996 MHz, 186.32 W, 35
2026/10/07 22:22:27.112, 2, 120 MHz, 3996 MHz, 183.32 W, 29
2026/10/07 22:22:27.112, 3, 2032 MHz, 3996 MHz, 235.75 W, 32
2026/10/07 22:22:27.112, 4, 2032 MHz, 3996 MHz, 235.10 W, 36
2026/10/07 22:22:27.112, 5, 120 MHz, 3996 MHz, 182.06 W, 33
2026/10/07 22:22:27.112, 6, 120 MHz, 3996 MHz, 184.49 W, 29
2026/10/07 22:22:27.112, 7, 120 MHz, 3996 MHz, 184.67 W, 28
2026/10/07 22:22:28.112, 0, 120 MHz, 3996 MHz, 184.47 W, 33
2026/10/07 22:22:28.112, 1, 120 MHz, 3996 MHz, 186.29 W, 35
2026/10/07 22:22:28.112, 2, 120 MHz, 3996 MHz, 183.51 W, 29
2026/10/07 22:22:28.112, 3, 2032 MHz, 3996 MHz, 236.04 W, 32
2026/10/07 22:22:28.112, 4, 2032 MHz, 3996 MHz, 235.02 W, 37
2026/10/07 22:22:28.112, 5, 120 MHz, 3996 MHz, 181.84 W, 33
2026/10/07 22:22:28.112, 6, 120 MHz, 3996 MHz, 184.60 W, 29
2026/10/07 22:22:28.112, 7, 120 MHz, 3996 MHz, 184.67 W, 28
2026/10/07 22:22:29.113, 0, 120 MHz, 3996 MHz, 184.47 W, 33
2026/10/07 22:22:29.113, 1, 120 MHz, 3996 MHz, 186.32 W, 35
2026/10/07 22:22:29.113, 2, 120 MHz, 3996 MHz, 183.58 W, 30
2026/10/07 22:22:29.113, 3, 2032 MHz, 3996 MHz, 235.83 W, 32
2026/10/07 22:22:29.113, 4, 2032 MHz, 3996 MHz, 234.99 W, 37
2026/10/07 22:22:29.113, 5, 120 MHz, 3996 MHz, 182.14 W, 33
2026/10/07 22:22:29.113, 6, 120 MHz, 3996 MHz, 184.64 W, 29
2026/10/07 22:22:29.113, 7, 120 MHz, 3996 MHz, 184.65 W, 28
2026/10/07 22:22:30.113, 0, 120 MHz, 3996 MHz, 184.47 W, 33
2026/10/07 22:22:30.113, 1, 120 MHz, 3996 MHz, 186.29 W, 35
2026/10/07 22:22:30.113, 2, 120 MHz, 3996 MHz, 183.58 W, 30
2026/10/07 22:22:30.113, 3, 2032 MHz, 3996 MHz, 235.93 W, 32
2026/10/07 22:22:30.113, 4, 2032 MHz, 3996 MHz, 234.97 W, 37
2026/10/07 22:22:30.113, 5, 120 MHz, 3996 MHz, 182.18 W, 33
2026/10/07 22:22:30.113, 6, 120 MHz, 3996 MHz, 184.48 W, 29
2026/10/07 22:22:30.113, 7, 120 MHz, 3996 MHz, 184.65 W, 28
2026/10/07 22:22:31.113, 0, 120 MHz, 3996 MHz, 184.47 W, 33
2026/10/07 22:22:31.113, 1, 120 MHz, 3996 MHz, 186.29 W, 35
2026/10/07 22:22:31.113, 2, 120 MHz, 3996 MHz, 183.78 W, 30
2026/10/07 22:22:31.113, 3, 2032 MHz, 3996 MHz, 236.46 W, 32
2026/10/07 22:22:31.113, 4, 2032 MHz, 3996 MHz, 234.98 W, 37
2026/10/07 22:22:31.113, 5, 120 MHz, 3996 MHz, 182.37 W, 33
2026/10/07 22:22:31.113, 6, 120 MHz, 3996 MHz, 184.60 W, 29
2026/10/07 22:22:31.113, 7, 120 MHz, 3996 MHz, 184.65 W, 28
2026/10/07 22:22:32.114, 0, 120 MHz, 3996 MHz, 184.47 W, 33
2026/10/07 22:22:32.114, 1, 120 MHz, 3996 MHz, 186.29 W, 35
2026/10/07 22:22:32.114, 2, 120 MHz, 3996 MHz, 183.81 W, 30
2026/10/07 22:22:32.114, 3, 2032 MHz, 3996 MHz, 236.11 W, 32
2026/10/07 22:22:32.114, 4, 2032 MHz, 3996 MHz, 234.98 W, 37
2026/10/07 22:22:32.114, 5, 120 MHz, 3996 MHz, 182.45 W, 33
2026/10/07 22:22:32.114, 6, 120 MHz, 3996 MHz, 184.79 W, 29
2026/10/07 22:22:32.114, 7, 120 MHz, 3996 MHz, 184.66 W, 28
2026/10/07 22:22:33.114, 0, 120 MHz, 3996 MHz, 184.47 W, 33
2026/10/07 22:22:33.114, 1, 120 MHz, 3996 MHz, 186.32 W, 35
2026/10/07 22:22:33.114, 2, 120 MHz, 3996 MHz, 183.85 W, 30
2026/10/07 22:22:33.114, 3, 2032 MHz, 3996 MHz, 236.47 W, 32
2026/10/07 22:22:33.114, 4, 2032 MHz, 3996 MHz, 234.99 W, 37
2026/10/07 22:22:33.114, 5, 120 MHz, 3996 MHz, 182.33 W, 33
2026/10/07 22:22:33.114, 6, 120 MHz, 3996 MHz, 184.79 W, 29
2026/10/07 22:22:33.114, 7, 120 MHz, 3996 MHz, 184.64 W, 28
2026/10/07 22:22:34.114, 0, 120 MHz, 3996 MHz, 184.47 W, 33
2026/10/07 22:22:34.114, 1, 120 MHz, 3996 MHz, 186.44 W, 35
2026/10/07 22:22:34.114, 2, 120 MHz, 3996 MHz, 183.89 W, 30
2026/10/07 22:22:34.114, 3, 2032 MHz, 3996 MHz, 236.54 W, 32
2026/10/07 22:22:34.114, 4, 2032 MHz, 3996 MHz, 235.04 W, 37
2026/10/07 22:22:34.114, 5, 120 MHz, 3996 MHz, 182.26 W, 33
2026/10/07 22:22:34.114, 6, 120 MHz, 3996 MHz, 184.83 W, 30
2026/10/07 22:22:34.114, 7, 120 MHz, 3996 MHz, 184.65 W, 28
2026/10/07 22:22:35.114, 0, 120 MHz, 3996 MHz, 184.47 W, 33
2026/10/07 22:22:35.114, 1, 120 MHz, 3996 MHz, 186.44 W, 35
2026/10/07 22:22:35.114, 2, 120 MHz, 3996 MHz, 183.89 W, 30
2026/10/07 22:22:35.114, 3, 2032 MHz, 3996 MHz, 236.38 W, 32
2026/10/07 22:22:35.114, 4, 2032 MHz, 3996 MHz, 235.03 W, 37
2026/10/07 22:22:35.114, 5, 120 MHz, 3996 MHz, 182.33 W, 33
2026/10/07 22:22:35.115, 6, 120 MHz, 3996 MHz, 184.83 W, 30
2026/10/07 22:22:35.115, 7, 120 MHz, 3996 MHz, 184.66 W, 28
2026/10/07 22:22:36.115, 0, 120 MHz, 3996 MHz, 184.47 W, 33
2026/10/07 22:22:36.115, 1, 120 MHz, 3996 MHz, 186.40 W, 35
2026/10/07 22:22:36.115, 2, 120 MHz, 3996 MHz, 183.97 W, 30
2026/10/07 22:22:36.115, 3, 2032 MHz, 3996 MHz, 236.54 W, 32
2026/10/07 22:22:36.115, 4, 2032 MHz, 3996 MHz, 234.97 W, 37
2026/10/07 22:22:36.115, 5, 120 MHz, 3996 MHz, 182.26 W, 33
2026/10/07 22:22:36.115, 6, 120 MHz, 3996 MHz, 184.83 W, 30
2026/10/07 22:22:36.115, 7, 120 MHz, 3996 MHz, 184.67 W, 29
2026/10/07 22:22:37.115, 0, 120 MHz, 3996 MHz, 184.47 W, 33
2026/10/07 22:22:37.115, 1, 120 MHz, 3996 MHz, 186.40 W, 35
2026/10/07 22:22:37.115, 2, 120 MHz, 3996 MHz, 183.97 W, 30
2026/10/07 22:22:37.115, 3, 2032 MHz, 3996 MHz, 236.70 W, 32
2026/10/07 22:22:37.115, 4, 2032 MHz, 3996 MHz, 235.06 W, 37
2026/10/07 22:22:37.115, 5, 120 MHz, 3996 MHz, 182.41 W, 33
2026/10/07 22:22:37.115, 6, 120 MHz, 3996 MHz, 184.83 W, 30
2026/10/07 22:22:37.115, 7, 120 MHz, 3996 MHz, 184.67 W, 29
2026/10/07 22:22:38.115, 0, 120 MHz, 3996 MHz, 184.47 W, 33
2026/10/07 22:22:38.115, 1, 120 MHz, 3996 MHz, 186.40 W, 35
2026/10/07 22:22:38.115, 2, 120 MHz, 3996 MHz, 183.89 W, 30
2026/10/07 22:22:38.115, 3, 2032 MHz, 3996 MHz, 236.58 W, 32
2026/10/07 22:22:38.115, 4, 2032 MHz, 3996 MHz, 235.11 W, 37
2026/10/07 22:22:38.115, 5, 120 MHz, 3996 MHz, 182.38 W, 33
2026/10/07 22:22:38.115, 6, 120 MHz, 3996 MHz, 184.83 W, 30
2026/10/07 22:22:38.115, 7, 120 MHz, 3996 MHz, 184.66 W, 29
2026/10/07 22:22:39.116, 0, 120 MHz, 3996 MHz, 184.47 W, 33
2026/10/07 22:22:39.116, 1, 120 MHz, 3996 MHz, 186.44 W, 35
2026/10/07 22:22:39.116, 2, 120 MHz, 3996 MHz, 183.97 W, 30
2026/10/07 22:22:39.116, 3, 2032 MHz, 3996 MHz, 236.81 W, 32
2026/10/07 22:22:39.116, 4, 2032 MHz, 3996 MHz, 235.15 W, 37
2026/10/07 22:22:39.116, 5, 120 MHz, 3996 MHz, 182.37 W, 33
2026/10/07 22:22:39.116, 6, 120 MHz, 3996 MHz, 184.83 W, 30
2026/10/07 22:22:39.116, 7, 120 MHz, 3996 MHz, 184.66 W, 29
2026/10/07 22:22:40.116, 0, 120 MHz, 3996 MHz, 184.47 W, 33
2026/10/07 22:22:40.116, 1, 120 MHz, 3996 MHz, 186.36 W, 35
2026/10/07 22:22:40.116, 2, 120 MHz, 3996 MHz, 183.97 W, 30
2026/10/07 22:22:40.116, 3, 2032 MHz, 3996 MHz, 236.77 W, 32
2026/10/07 22:22:40.116, 4, 2032 MHz, 3996 MHz, 235.27 W, 37
2026/10/07 22:22:40.116, 5, 120 MHz, 3996 MHz, 182.52 W, 33
2026/10/07 22:22:40.116, 6, 120 MHz, 3996 MHz, 184.83 W, 30
2026/10/07 22:22:40.116, 7, 120 MHz, 3996 MHz, 184.65 W, 29
2026/10/07 22:22:41.116, 0, 120 MHz, 3996 MHz, 184.47 W, 33
2026/10/07 22:22:41.116, 1, 120 MHz, 3996 MHz, 186.55 W, 35
2026/10/07 22:22:41.116, 2, 120 MHz, 3996 MHz, 183.97 W, 30
2026/10/07 22:22:41.116, 3, 2032 MHz, 3996 MHz, 236.58 W, 32
2026/10/07 22:22:41.116, 4, 2032 MHz, 3996 MHz, 235.10 W, 37
2026/10/07 22:22:41.116, 5, 120 MHz, 3996 MHz, 182.45 W, 33
2026/10/07 22:22:41.116, 6, 120 MHz, 3996 MHz, 184.83 W, 30
2026/10/07 22:22:41.116, 7, 120 MHz, 3996 MHz, 184.66 W, 29
2026/10/07 22:22:42.116, 0, 120 MHz, 3996 MHz, 184.47 W, 33
2026/10/07 22:22:42.116, 1, 120 MHz, 3996 MHz, 186.52 W, 35
2026/10/07 22:22:42.117, 2, 120 MHz, 3996 MHz, 183.97 W, 30
2026/10/07 22:22:42.117, 3, 2032 MHz, 3996 MHz, 236.77 W, 32
2026/10/07 22:22:42.117, 4, 2032 MHz, 3996 MHz, 235.45 W, 37
2026/10/07 22:22:42.117, 5, 120 MHz, 3996 MHz, 182.41 W, 33
2026/10/07 22:22:42.117, 6, 120 MHz, 3996 MHz, 184.83 W, 30
2026/10/07 22:22:42.117, 7, 120 MHz, 3996 MHz, 184.66 W, 29
2026/10/07 22:22:43.117, 0, 120 MHz, 3996 MHz, 184.47 W, 33
2026/10/07 22:22:43.117, 1, 120 MHz, 3996 MHz, 186.63 W, 35
2026/10/07 22:22:43.117, 2, 120 MHz, 3996 MHz, 183.97 W, 30
2026/10/07 22:22:43.117, 3, 2032 MHz, 3996 MHz, 236.81 W, 32
2026/10/07 22:22:43.117, 4, 2032 MHz, 3996 MHz, 235.41 W, 37
2026/10/07 22:22:43.117, 5, 120 MHz, 3996 MHz, 182.38 W, 33
2026/10/07 22:22:43.117, 6, 120 MHz, 3996 MHz, 184.83 W, 30
2026/10/07 22:22:43.117, 7, 120 MHz, 3996 MHz, 184.64 W, 29
2026/10/07 22:22:44.117, 0, 120 MHz, 3996 MHz, 184.47 W, 33
2026/10/07 22:22:44.117, 1, 120 MHz, 3996 MHz, 186.36 W, 35
2026/10/07 22:22:44.117, 2, 120 MHz, 3996 MHz, 183.93 W, 30
2026/10/07 22:22:44.117, 3, 2032 MHz, 3996 MHz, 254.03 W, 33
2026/10/07 22:22:44.117, 4, 2032 MHz, 3996 MHz, 235.51 W, 37
2026/10/07 22:22:44.117, 5, 120 MHz, 3996 MHz, 182.41 W, 33
2026/10/07 22:22:44.117, 6, 120 MHz, 3996 MHz, 184.83 W, 30
2026/10/07 22:22:44.117, 7, 120 MHz, 3996 MHz, 184.65 W, 29
2026/10/07 22:22:45.117, 0, 120 MHz, 3996 MHz, 184.47 W, 33
2026/10/07 22:22:45.117, 1, 120 MHz, 3996 MHz, 186.59 W, 35
2026/10/07 22:22:45.117, 2, 120 MHz, 3996 MHz, 183.97 W, 30
2026/10/07 22:22:45.117, 3, 2032 MHz, 3996 MHz, 236.93 W, 32
2026/10/07 22:22:45.117, 4, 2032 MHz, 3996 MHz, 237.23 W, 37
2026/10/07 22:22:45.117, 5, 120 MHz, 3996 MHz, 182.52 W, 33
2026/10/07 22:22:45.117, 6, 120 MHz, 3996 MHz, 184.83 W, 30
2026/10/07 22:22:45.117, 7, 120 MHz, 3996 MHz, 184.65 W, 29
2026/10/07 22:22:46.118, 0, 120 MHz, 3996 MHz, 184.47 W, 33
2026/10/07 22:22:46.118, 1, 120 MHz, 3996 MHz, 186.95 W, 35
2026/10/07 22:22:46.118, 2, 120 MHz, 3996 MHz, 184.03 W, 30
2026/10/07 22:22:46.118, 3, 2032 MHz, 3996 MHz, 551.82 W, 43
2026/10/07 22:22:46.118, 4, 2032 MHz, 3996 MHz, 243.18 W, 37
2026/10/07 22:22:46.118, 5, 120 MHz, 3996 MHz, 182.39 W, 33
2026/10/07 22:22:46.118, 6, 120 MHz, 3996 MHz, 184.83 W, 30
2026/10/07 22:22:46.118, 7, 120 MHz, 3996 MHz, 184.64 W, 29
2026/10/07 22:22:47.118, 0, 120 MHz, 3996 MHz, 184.47 W, 33
2026/10/07 22:22:47.118, 1, 120 MHz, 3996 MHz, 186.82 W, 35
2026/10/07 22:22:47.118, 2, 120 MHz, 3996 MHz, 183.73 W, 30
2026/10/07 22:22:47.118, 3, 2032 MHz, 3996 MHz, 334.75 W, 35
2026/10/07 22:22:47.118, 4, 2032 MHz, 3996 MHz, 236.09 W, 37
2026/10/07 22:22:47.118, 5, 120 MHz, 3996 MHz, 182.33 W, 33
2026/10/07 22:22:47.118, 6, 120 MHz, 3996 MHz, 184.83 W, 30
2026/10/07 22:22:47.118, 7, 120 MHz, 3996 MHz, 184.67 W, 29
2026/10/07 22:22:48.118, 0, 120 MHz, 3996 MHz, 184.47 W, 34
2026/10/07 22:22:48.118, 1, 120 MHz, 3996 MHz, 186.67 W, 35
2026/10/07 22:22:48.118, 2, 120 MHz, 3996 MHz, 183.72 W, 30
2026/10/07 22:22:48.118, 3, 2032 MHz, 3996 MHz, 332.36 W, 35
2026/10/07 22:22:48.118, 4, 2032 MHz, 3996 MHz, 236.15 W, 37
2026/10/07 22:22:48.118, 5, 120 MHz, 3996 MHz, 182.30 W, 33
2026/10/07 22:22:48.118, 6, 120 MHz, 3996 MHz, 184.83 W, 30
2026/10/07 22:22:48.118, 7, 120 MHz, 3996 MHz, 184.67 W, 29
2026/10/07 22:22:49.118, 0, 120 MHz, 3996 MHz, 184.47 W, 34
2026/10/07 22:22:49.119, 1, 120 MHz, 3996 MHz, 187.20 W, 35
2026/10/07 22:22:49.119, 2, 120 MHz, 3996 MHz, 183.90 W, 30
2026/10/07 22:22:49.119, 3, 2032 MHz, 3996 MHz, 268.75 W, 33
2026/10/07 22:22:49.119, 4, 2032 MHz, 3996 MHz, 235.95 W, 37
2026/10/07 22:22:49.119, 5, 120 MHz, 3996 MHz, 182.49 W, 33
2026/10/07 22:22:49.119, 6, 120 MHz, 3996 MHz, 184.83 W, 30
2026/10/07 22:22:49.119, 7, 120 MHz, 3996 MHz, 184.65 W, 29
2026/10/07 22:22:50.119, 0, 120 MHz, 3996 MHz, 184.47 W, 34
2026/10/07 22:22:50.119, 1, 120 MHz, 3996 MHz, 186.74 W, 35
2026/10/07 22:22:50.119, 2, 120 MHz, 3996 MHz, 183.91 W, 31
2026/10/07 22:22:50.119, 3, 2032 MHz, 3996 MHz, 264.56 W, 33
2026/10/07 22:22:50.119, 4, 2032 MHz, 3996 MHz, 236.12 W, 37
2026/10/07 22:22:50.119, 5, 120 MHz, 3996 MHz, 182.41 W, 33
2026/10/07 22:22:50.119, 6, 120 MHz, 3996 MHz, 184.83 W, 30
2026/10/07 22:22:50.119, 7, 120 MHz, 3996 MHz, 184.64 W, 29
2026/10/07 22:22:51.119, 0, 120 MHz, 3996 MHz, 184.47 W, 34
2026/10/07 22:22:51.119, 1, 120 MHz, 3996 MHz, 186.87 W, 35
2026/10/07 22:22:51.119, 2, 120 MHz, 3996 MHz, 183.95 W, 31
2026/10/07 22:22:51.119, 3, 2032 MHz, 3996 MHz, 248.26 W, 33
2026/10/07 22:22:51.119, 4, 2032 MHz, 3996 MHz, 235.97 W, 37
2026/10/07 22:22:51.119, 5, 120 MHz, 3996 MHz, 182.45 W, 33
2026/10/07 22:22:51.119, 6, 120 MHz, 3996 MHz, 184.83 W, 30
2026/10/07 22:22:51.119, 7, 120 MHz, 3996 MHz, 184.65 W, 29
2026/10/07 22:22:52.119, 0, 120 MHz, 3996 MHz, 184.51 W, 34
2026/10/07 22:22:52.119, 1, 120 MHz, 3996 MHz, 186.99 W, 35
2026/10/07 22:22:52.119, 2, 120 MHz, 3996 MHz, 183.97 W, 31
2026/10/07 22:22:52.119, 3, 2032 MHz, 3996 MHz, 237.85 W, 33
2026/10/07 22:22:52.119, 4, 2032 MHz, 3996 MHz, 236.09 W, 37
2026/10/07 22:22:52.119, 5, 120 MHz, 3996 MHz, 182.46 W, 33
2026/10/07 22:22:52.119, 6, 120 MHz, 3996 MHz, 184.83 W, 30
2026/10/07 22:22:52.119, 7, 120 MHz, 3996 MHz, 184.66 W, 29
2026/10/07 22:22:53.120, 0, 120 MHz, 3996 MHz, 184.51 W, 34
2026/10/07 22:22:53.120, 1, 120 MHz, 3996 MHz, 186.85 W, 35
2026/10/07 22:22:53.120, 2, 120 MHz, 3996 MHz, 183.97 W, 31
2026/10/07 22:22:53.120, 3, 2032 MHz, 3996 MHz, 237.75 W, 33
2026/10/07 22:22:53.120, 4, 2032 MHz, 3996 MHz, 236.12 W, 37
2026/10/07 22:22:53.120, 5, 120 MHz, 3996 MHz, 182.54 W, 34
2026/10/07 22:22:53.120, 6, 120 MHz, 3996 MHz, 184.83 W, 30
2026/10/07 22:22:53.120, 7, 120 MHz, 3996 MHz, 184.64 W, 29
2026/10/07 22:22:54.120, 0, 120 MHz, 3996 MHz, 184.50 W, 34
2026/10/07 22:22:54.120, 1, 120 MHz, 3996 MHz, 187.02 W, 35
2026/10/07 22:22:54.120, 2, 120 MHz, 3996 MHz, 183.96 W, 31
2026/10/07 22:22:54.120, 3, 2032 MHz, 3996 MHz, 242.60 W, 33
2026/10/07 22:22:54.120, 4, 2032 MHz, 3996 MHz, 236.56 W, 37
2026/10/07 22:22:54.120, 5, 120 MHz, 3996 MHz, 182.49 W, 34
2026/10/07 22:22:54.120, 6, 120 MHz, 3996 MHz, 184.83 W, 31
2026/10/07 22:22:54.120, 7, 120 MHz, 3996 MHz, 184.66 W, 29
2026/10/07 22:22:55.120, 0, 120 MHz, 3996 MHz, 184.55 W, 34
2026/10/07 22:22:55.120, 1, 120 MHz, 3996 MHz, 186.89 W, 35
2026/10/07 22:22:55.120, 2, 120 MHz, 3996 MHz, 183.95 W, 31
2026/10/07 22:22:55.120, 3, 2032 MHz, 3996 MHz, 293.03 W, 34
2026/10/07 22:22:55.120, 4, 2032 MHz, 3996 MHz, 267.24 W, 38
2026/10/07 22:22:55.120, 5, 120 MHz, 3996 MHz, 182.47 W, 34
2026/10/07 22:22:55.120, 6, 120 MHz, 3996 MHz, 184.83 W, 31
2026/10/07 22:22:55.120, 7, 120 MHz, 3996 MHz, 184.63 W, 30
2026/10/07 22:22:56.121, 0, 120 MHz, 3996 MHz, 184.73 W, 34
2026/10/07 22:22:56.121, 1, 120 MHz, 3996 MHz, 187.58 W, 35
2026/10/07 22:22:56.121, 2, 120 MHz, 3996 MHz, 183.95 W, 31
2026/10/07 22:22:56.121, 3, 2032 MHz, 3996 MHz, 241.65 W, 33
2026/10/07 22:22:56.121, 4, 2032 MHz, 3996 MHz, 238.82 W, 37
2026/10/07 22:22:56.121, 5, 120 MHz, 3996 MHz, 182.52 W, 34
2026/10/07 22:22:56.121, 6, 120 MHz, 3996 MHz, 184.83 W, 31
2026/10/07 22:22:56.121, 7, 120 MHz, 3996 MHz, 184.64 W, 30
2026/10/07 22:22:57.121, 0, 120 MHz, 3996 MHz, 184.51 W, 34
2026/10/07 22:22:57.121, 1, 120 MHz, 3996 MHz, 187.10 W, 35
2026/10/07 22:22:57.121, 2, 120 MHz, 3996 MHz, 183.97 W, 31
2026/10/07 22:22:57.121, 3, 2032 MHz, 3996 MHz, 236.92 W, 33
2026/10/07 22:22:57.121, 4, 2032 MHz, 3996 MHz, 235.08 W, 37
2026/10/07 22:22:57.121, 5, 120 MHz, 3996 MHz, 182.53 W, 34
2026/10/07 22:22:57.121, 6, 120 MHz, 3996 MHz, 184.83 W, 31
2026/10/07 22:22:57.121, 7, 120 MHz, 3996 MHz, 184.66 W, 30
2026/10/07 22:22:58.121, 0, 120 MHz, 3996 MHz, 184.58 W, 34
2026/10/07 22:22:58.121, 1, 120 MHz, 3996 MHz, 187.29 W, 35
2026/10/07 22:22:58.121, 2, 120 MHz, 3996 MHz, 183.97 W, 31
2026/10/07 22:22:58.121, 3, 2032 MHz, 3996 MHz, 236.89 W, 33
2026/10/07 22:22:58.121, 4, 2032 MHz, 3996 MHz, 235.03 W, 37
2026/10/07 22:22:58.121, 5, 120 MHz, 3996 MHz, 182.53 W, 34
2026/10/07 22:22:58.121, 6, 120 MHz, 3996 MHz, 184.83 W, 31
2026/10/07 22:22:58.121, 7, 120 MHz, 3996 MHz, 184.65 W, 30
2026/10/07 22:22:59.122, 0, 120 MHz, 3996 MHz, 184.50 W, 34
2026/10/07 22:22:59.122, 1, 120 MHz, 3996 MHz, 187.39 W, 36
2026/10/07 22:22:59.122, 2, 120 MHz, 3996 MHz, 183.97 W, 31
2026/10/07 22:22:59.122, 3, 2032 MHz, 3996 MHz, 236.85 W, 33
2026/10/07 22:22:59.122, 4, 2032 MHz, 3996 MHz, 234.87 W, 37
2026/10/07 22:22:59.122, 5, 120 MHz, 3996 MHz, 182.53 W, 34
2026/10/07 22:22:59.122, 6, 120 MHz, 3996 MHz, 184.83 W, 31
2026/10/07 22:22:59.122, 7, 120 MHz, 3996 MHz, 184.67 W, 30
2026/10/07 22:23:00.122, 0, 120 MHz, 3996 MHz, 184.54 W, 34
2026/10/07 22:23:00.122, 1, 120 MHz, 3996 MHz, 187.72 W, 36
2026/10/07 22:23:00.122, 2, 120 MHz, 3996 MHz, 183.97 W, 31
2026/10/07 22:23:00.122, 3, 2032 MHz, 3996 MHz, 236.85 W, 33
2026/10/07 22:23:00.122, 4, 2032 MHz, 3996 MHz, 234.89 W, 37
2026/10/07 22:23:00.122, 5, 120 MHz, 3996 MHz, 182.48 W, 34
2026/10/07 22:23:00.122, 6, 120 MHz, 3996 MHz, 184.83 W, 31
2026/10/07 22:23:00.122, 7, 120 MHz, 3996 MHz, 184.63 W, 30
2026/10/07 22:23:01.122, 0, 120 MHz, 3996 MHz, 184.66 W, 34
2026/10/07 22:23:01.122, 1, 120 MHz, 3996 MHz, 187.99 W, 36
2026/10/07 22:23:01.122, 2, 120 MHz, 3996 MHz, 183.97 W, 31
2026/10/07 22:23:01.122, 3, 2032 MHz, 3996 MHz, 236.93 W, 33
2026/10/07 22:23:01.122, 4, 2032 MHz, 3996 MHz, 235.15 W, 37
2026/10/07 22:23:01.122, 5, 120 MHz, 3996 MHz, 182.52 W, 34
2026/10/07 22:23:01.122, 6, 120 MHz, 3996 MHz, 184.83 W, 31
2026/10/07 22:23:01.122, 7, 120 MHz, 3996 MHz, 184.76 W, 30
2026/10/07 22:23:02.123, 0, 120 MHz, 3996 MHz, 184.73 W, 34
2026/10/07 22:23:02.123, 1, 120 MHz, 3996 MHz, 188.11 W, 36
2026/10/07 22:23:02.123, 2, 120 MHz, 3996 MHz, 183.97 W, 31
2026/10/07 22:23:02.123, 3, 2032 MHz, 3996 MHz, 236.85 W, 33
2026/10/07 22:23:02.123, 4, 2032 MHz, 3996 MHz, 234.92 W, 37
2026/10/07 22:23:02.123, 5, 120 MHz, 3996 MHz, 182.53 W, 34
2026/10/07 22:23:02.123, 6, 120 MHz, 3996 MHz, 184.83 W, 31
2026/10/07 22:23:02.123, 7, 120 MHz, 3996 MHz, 184.70 W, 30
2026/10/07 22:23:03.123, 0, 120 MHz, 3996 MHz, 184.74 W, 34
2026/10/07 22:23:03.123, 1, 120 MHz, 3996 MHz, 188.11 W, 36
2026/10/07 22:23:03.123, 2, 120 MHz, 3996 MHz, 183.97 W, 31
2026/10/07 22:23:03.123, 3, 2032 MHz, 3996 MHz, 236.85 W, 33
2026/10/07 22:23:03.123, 4, 2032 MHz, 3996 MHz, 234.93 W, 37
2026/10/07 22:23:03.123, 5, 120 MHz, 3996 MHz, 182.46 W, 34
2026/10/07 22:23:03.123, 6, 120 MHz, 3996 MHz, 184.83 W, 31
2026/10/07 22:23:03.123, 7, 120 MHz, 3996 MHz, 184.77 W, 30
2026/10/07 22:23:04.123, 0, 120 MHz, 3996 MHz, 184.70 W, 34
2026/10/07 22:23:04.123, 1, 120 MHz, 3996 MHz, 188.07 W, 36
2026/10/07 22:23:04.123, 2, 120 MHz, 3996 MHz, 184.03 W, 31
2026/10/07 22:23:04.123, 3, 2002 MHz, 3996 MHz, 470.49 W, 42
2026/10/07 22:23:04.123, 4, 2032 MHz, 3996 MHz, 637.05 W, 49
2026/10/07 22:23:04.123, 5, 120 MHz, 3996 MHz, 182.08 W, 34
2026/10/07 22:23:04.123, 6, 120 MHz, 3996 MHz, 184.83 W, 31
2026/10/07 22:23:04.123, 7, 120 MHz, 3996 MHz, 184.71 W, 30
2026/10/07 22:23:05.124, 0, 120 MHz, 3996 MHz, 184.62 W, 34
2026/10/07 22:23:05.124, 1, 120 MHz, 3996 MHz, 188.07 W, 36
2026/10/07 22:23:05.124, 2, 120 MHz, 3996 MHz, 184.07 W, 31
2026/10/07 22:23:05.124, 3, 2032 MHz, 3996 MHz, 415.50 W, 35
2026/10/07 22:23:05.124, 4, 2032 MHz, 3996 MHz, 345.86 W, 39
2026/10/07 22:23:05.124, 5, 120 MHz, 3996 MHz, 182.41 W, 34
2026/10/07 22:23:05.124, 6, 120 MHz, 3996 MHz, 184.83 W, 31
2026/10/07 22:23:05.124, 7, 120 MHz, 3996 MHz, 184.84 W, 30
2026/10/07 22:23:06.124, 0, 120 MHz, 3996 MHz, 185.09 W, 34
2026/10/07 22:23:06.124, 1, 120 MHz, 3996 MHz, 188.07 W, 36
2026/10/07 22:23:06.124, 2, 120 MHz, 3996 MHz, 183.88 W, 31
2026/10/07 22:23:06.124, 3, 1342 MHz, 3996 MHz, 794.28 W, 51
2026/10/07 22:23:06.124, 4, 1365 MHz, 3996 MHz, 856.30 W, 56
2026/10/07 22:23:06.124, 5, 120 MHz, 3996 MHz, 182.18 W, 34
2026/10/07 22:23:06.124, 6, 120 MHz, 3996 MHz, 184.83 W, 31
2026/10/07 22:23:06.124, 7, 120 MHz, 3996 MHz, 184.84 W, 30
2026/10/07 22:23:07.124, 0, 120 MHz, 3996 MHz, 185.05 W, 34
2026/10/07 22:23:07.124, 1, 120 MHz, 3996 MHz, 188.11 W, 36
2026/10/07 22:23:07.124, 2, 120 MHz, 3996 MHz, 183.80 W, 31
2026/10/07 22:23:07.124, 3, 1350 MHz, 3996 MHz, 1086.55 W, 53
2026/10/07 22:23:07.124, 4, 1357 MHz, 3996 MHz, 1084.13 W, 58
2026/10/07 22:23:07.124, 5, 120 MHz, 3996 MHz, 181.95 W, 34
2026/10/07 22:23:07.124, 6, 120 MHz, 3996 MHz, 184.83 W, 31
2026/10/07 22:23:07.124, 7, 120 MHz, 3996 MHz, 184.87 W, 30
2026/10/07 22:23:08.125, 0, 120 MHz, 3996 MHz, 185.04 W, 34
2026/10/07 22:23:08.125, 1, 120 MHz, 3996 MHz, 188.19 W, 36
2026/10/07 22:23:08.125, 2, 120 MHz, 3996 MHz, 183.79 W, 31
2026/10/07 22:23:08.125, 3, 1350 MHz, 3996 MHz, 1085.64 W, 54
2026/10/07 22:23:08.125, 4, 1365 MHz, 3996 MHz, 1087.42 W, 58
2026/10/07 22:23:08.125, 5, 120 MHz, 3996 MHz, 181.99 W, 34
2026/10/07 22:23:08.125, 6, 120 MHz, 3996 MHz, 184.83 W, 31
2026/10/07 22:23:08.125, 7, 120 MHz, 3996 MHz, 184.85 W, 30
2026/10/07 22:23:09.125, 0, 120 MHz, 3996 MHz, 185.36 W, 34
2026/10/07 22:23:09.125, 1, 120 MHz, 3996 MHz, 188.19 W, 36
2026/10/07 22:23:09.125, 2, 120 MHz, 3996 MHz, 183.79 W, 31
2026/10/07 22:23:09.125, 3, 1350 MHz, 3996 MHz, 1089.46 W, 55
2026/10/07 22:23:09.125, 4, 1365 MHz, 3996 MHz, 1083.71 W, 59
2026/10/07 22:23:09.125, 5, 120 MHz, 3996 MHz, 182.05 W, 34
2026/10/07 22:23:09.125, 6, 120 MHz, 3996 MHz, 184.83 W, 31
2026/10/07 22:23:09.125, 7, 120 MHz, 3996 MHz, 185.06 W, 30
2026/10/07 22:23:10.125, 0, 120 MHz, 3996 MHz, 185.56 W, 34
2026/10/07 22:23:10.125, 1, 120 MHz, 3996 MHz, 188.23 W, 36
2026/10/07 22:23:10.125, 2, 120 MHz, 3996 MHz, 183.79 W, 32
2026/10/07 22:23:10.125, 3, 1357 MHz, 3996 MHz, 1090.19 W, 55
2026/10/07 22:23:10.125, 4, 1365 MHz, 3996 MHz, 1084.29 W, 59
2026/10/07 22:23:10.125, 5, 120 MHz, 3996 MHz, 181.95 W, 34
2026/10/07 22:23:10.125, 6, 120 MHz, 3996 MHz, 184.83 W, 31
2026/10/07 22:23:10.125, 7, 120 MHz, 3996 MHz, 185.12 W, 30
2026/10/07 22:23:11.126, 0, 120 MHz, 3996 MHz, 185.75 W, 34
2026/10/07 22:23:11.126, 1, 120 MHz, 3996 MHz, 188.23 W, 36
2026/10/07 22:23:11.126, 2, 120 MHz, 3996 MHz, 183.78 W, 32
2026/10/07 22:23:11.126, 3, 1387 MHz, 3996 MHz, 1088.43 W, 56
2026/10/07 22:23:11.126, 4, 1365 MHz, 3996 MHz, 1082.76 W, 59
2026/10/07 22:23:11.126, 5, 120 MHz, 3996 MHz, 182.04 W, 34
2026/10/07 22:23:11.126, 6, 120 MHz, 3996 MHz, 184.83 W, 31
2026/10/07 22:23:11.126, 7, 120 MHz, 3996 MHz, 185.24 W, 30
2026/10/07 22:23:12.126, 0, 120 MHz, 3996 MHz, 185.71 W, 35
2026/10/07 22:23:12.126, 1, 120 MHz, 3996 MHz, 188.23 W, 36
2026/10/07 22:23:12.126, 2, 120 MHz, 3996 MHz, 183.76 W, 32
2026/10/07 22:23:12.126, 3, 1387 MHz, 3996 MHz, 1091.84 W, 56
2026/10/07 22:23:12.126, 4, 1372 MHz, 3996 MHz, 1083.52 W, 60
2026/10/07 22:23:12.126, 5, 120 MHz, 3996 MHz, 182.15 W, 34
2026/10/07 22:23:12.126, 6, 120 MHz, 3996 MHz, 184.83 W, 31
2026/10/07 22:23:12.126, 7, 120 MHz, 3996 MHz, 185.36 W, 30
2026/10/07 22:23:13.126, 0, 120 MHz, 3996 MHz, 185.88 W, 35
2026/10/07 22:23:13.126, 1, 120 MHz, 3996 MHz, 188.19 W, 36
2026/10/07 22:23:13.126, 2, 120 MHz, 3996 MHz, 183.78 W, 32
2026/10/07 22:23:13.126, 3, 1365 MHz, 3996 MHz, 1089.79 W, 56
2026/10/07 22:23:13.126, 4, 1365 MHz, 3996 MHz, 1082.61 W, 60
2026/10/07 22:23:13.126, 5, 120 MHz, 3996 MHz, 182.05 W, 34
2026/10/07 22:23:13.126, 6, 120 MHz, 3996 MHz, 184.83 W, 31
2026/10/07 22:23:13.126, 7, 120 MHz, 3996 MHz, 185.52 W, 30
2026/10/07 22:23:14.126, 0, 120 MHz, 3996 MHz, 186.17 W, 35
2026/10/07 22:23:14.127, 1, 120 MHz, 3996 MHz, 188.23 W, 36
2026/10/07 22:23:14.127, 2, 120 MHz, 3996 MHz, 183.79 W, 32
2026/10/07 22:23:14.127, 3, 1387 MHz, 3996 MHz, 1087.86 W, 56
2026/10/07 22:23:14.127, 4, 1365 MHz, 3996 MHz, 1083.91 W, 60
2026/10/07 22:23:14.127, 5, 120 MHz, 3996 MHz, 182.20 W, 34
2026/10/07 22:23:14.127, 6, 120 MHz, 3996 MHz, 184.83 W, 31
2026/10/07 22:23:14.127, 7, 120 MHz, 3996 MHz, 185.44 W, 31
2026/10/07 22:23:15.127, 0, 120 MHz, 3996 MHz, 186.10 W, 35
2026/10/07 22:23:15.127, 1, 120 MHz, 3996 MHz, 188.23 W, 36
2026/10/07 22:23:15.127, 2, 120 MHz, 3996 MHz, 183.87 W, 32
2026/10/07 22:23:15.127, 3, 2032 MHz, 3996 MHz, 1055.06 W, 51
2026/10/07 22:23:15.127, 4, 2032 MHz, 3996 MHz, 1048.52 W, 55
2026/10/07 22:23:15.127, 5, 120 MHz, 3996 MHz, 182.16 W, 34
2026/10/07 22:23:15.127, 6, 120 MHz, 3996 MHz, 184.83 W, 32
2026/10/07 22:23:15.127, 7, 120 MHz, 3996 MHz, 185.82 W, 31
2026/10/07 22:23:16.127, 0, 120 MHz, 3996 MHz, 186.22 W, 35
2026/10/07 22:23:16.127, 1, 120 MHz, 3996 MHz, 188.19 W, 36
2026/10/07 22:23:16.127, 2, 120 MHz, 3996 MHz, 183.83 W, 32
2026/10/07 22:23:16.127, 3, 2032 MHz, 3996 MHz, 1063.69 W, 52
2026/10/07 22:23:16.127, 4, 2032 MHz, 3996 MHz, 1061.36 W, 56
2026/10/07 22:23:16.127, 5, 120 MHz, 3996 MHz, 182.22 W, 34
2026/10/07 22:23:16.127, 6, 120 MHz, 3996 MHz, 184.83 W, 32
2026/10/07 22:23:16.127, 7, 120 MHz, 3996 MHz, 185.94 W, 31
2026/10/07 22:23:17.127, 0, 120 MHz, 3996 MHz, 186.41 W, 35
2026/10/07 22:23:17.127, 1, 120 MHz, 3996 MHz, 188.19 W, 36
2026/10/07 22:23:17.127, 2, 120 MHz, 3996 MHz, 183.84 W, 32
2026/10/07 22:23:17.127, 3, 2032 MHz, 3996 MHz, 1063.65 W, 52
2026/10/07 22:23:17.127, 4, 2032 MHz, 3996 MHz, 1061.60 W, 56
2026/10/07 22:23:17.127, 5, 120 MHz, 3996 MHz, 182.34 W, 34
2026/10/07 22:23:17.127, 6, 120 MHz, 3996 MHz, 184.83 W, 32
2026/10/07 22:23:17.127, 7, 120 MHz, 3996 MHz, 186.06 W, 31
2026/10/07 22:23:18.128, 0, 120 MHz, 3996 MHz, 186.41 W, 35
2026/10/07 22:23:18.128, 1, 120 MHz, 3996 MHz, 188.23 W, 36
2026/10/07 22:23:18.128, 2, 120 MHz, 3996 MHz, 183.86 W, 32
2026/10/07 22:23:18.128, 3, 2032 MHz, 3996 MHz, 1063.02 W, 53
2026/10/07 22:23:18.128, 4, 2032 MHz, 3996 MHz, 1061.88 W, 57
2026/10/07 22:23:18.128, 5, 120 MHz, 3996 MHz, 182.30 W, 34
2026/10/07 22:23:18.128, 6, 120 MHz, 3996 MHz, 184.83 W, 32
2026/10/07 22:23:18.128, 7, 120 MHz, 3996 MHz, 186.30 W, 31
2026/10/07 22:23:19.128, 0, 120 MHz, 3996 MHz, 186.41 W, 35
2026/10/07 22:23:19.128, 1, 120 MHz, 3996 MHz, 188.23 W, 36
2026/10/07 22:23:19.128, 2, 120 MHz, 3996 MHz, 183.85 W, 32
2026/10/07 22:23:19.128, 3, 2032 MHz, 3996 MHz, 1063.14 W, 53
2026/10/07 22:23:19.128, 4, 2032 MHz, 3996 MHz, 1062.20 W, 57
2026/10/07 22:23:19.128, 5, 120 MHz, 3996 MHz, 182.33 W, 34
2026/10/07 22:23:19.128, 6, 120 MHz, 3996 MHz, 184.83 W, 32
2026/10/07 22:23:19.128, 7, 120 MHz, 3996 MHz, 186.26 W, 31
2026/10/07 22:23:20.128, 0, 120 MHz, 3996 MHz, 186.41 W, 35
2026/10/07 22:23:20.128, 1, 120 MHz, 3996 MHz, 188.23 W, 36
2026/10/07 22:23:20.128, 2, 120 MHz, 3996 MHz, 183.85 W, 32
2026/10/07 22:23:20.128, 3, 2032 MHz, 3996 MHz, 1063.89 W, 53
2026/10/07 22:23:20.128, 4, 2032 MHz, 3996 MHz, 1062.24 W, 57
2026/10/07 22:23:20.128, 5, 120 MHz, 3996 MHz, 182.32 W, 34
2026/10/07 22:23:20.128, 6, 120 MHz, 3996 MHz, 184.83 W, 32
2026/10/07 22:23:20.128, 7, 120 MHz, 3996 MHz, 186.11 W, 31
2026/10/07 22:23:21.129, 0, 120 MHz, 3996 MHz, 186.41 W, 35
2026/10/07 22:23:21.129, 1, 120 MHz, 3996 MHz, 188.23 W, 36
2026/10/07 22:23:21.129, 2, 120 MHz, 3996 MHz, 183.85 W, 32
2026/10/07 22:23:21.129, 3, 2032 MHz, 3996 MHz, 1067.51 W, 54
2026/10/07 22:23:21.129, 4, 2032 MHz, 3996 MHz, 1065.31 W, 58
2026/10/07 22:23:21.129, 5, 120 MHz, 3996 MHz, 182.32 W, 35
2026/10/07 22:23:21.129, 6, 120 MHz, 3996 MHz, 184.83 W, 32
2026/10/07 22:23:21.129, 7, 120 MHz, 3996 MHz, 186.48 W, 31
2026/10/07 22:23:22.129, 0, 120 MHz, 3996 MHz, 186.41 W, 36
2026/10/07 22:23:22.129, 1, 120 MHz, 3996 MHz, 188.23 W, 36
2026/10/07 22:23:22.129, 2, 120 MHz, 3996 MHz, 183.85 W, 32
2026/10/07 22:23:22.129, 3, 2032 MHz, 3996 MHz, 1068.59 W, 54
2026/10/07 22:23:22.129, 4, 2032 MHz, 3996 MHz, 1066.43 W, 58
2026/10/07 22:23:22.129, 5, 120 MHz, 3996 MHz, 182.33 W, 35
2026/10/07 22:23:22.129, 6, 120 MHz, 3996 MHz, 184.83 W, 32
2026/10/07 22:23:22.129, 7, 120 MHz, 3996 MHz, 186.49 W, 31
2026/10/07 22:23:23.129, 0, 120 MHz, 3996 MHz, 186.41 W, 36
2026/10/07 22:23:23.129, 1, 120 MHz, 3996 MHz, 188.23 W, 36
2026/10/07 22:23:23.129, 2, 120 MHz, 3996 MHz, 183.85 W, 32
2026/10/07 22:23:23.129, 3, 2032 MHz, 3996 MHz, 1068.80 W, 54
2026/10/07 22:23:23.129, 4, 2032 MHz, 3996 MHz, 1065.98 W, 58
2026/10/07 22:23:23.129, 5, 120 MHz, 3996 MHz, 182.30 W, 35
2026/10/07 22:23:23.129, 6, 120 MHz, 3996 MHz, 184.83 W, 32
2026/10/07 22:23:23.129, 7, 120 MHz, 3996 MHz, 186.57 W, 31
2026/10/07 22:23:24.129, 0, 120 MHz, 3996 MHz, 186.41 W, 36
2026/10/07 22:23:24.130, 1, 120 MHz, 3996 MHz, 188.23 W, 36
2026/10/07 22:23:24.130, 2, 120 MHz, 3996 MHz, 183.83 W, 32
2026/10/07 22:23:24.130, 3, 2032 MHz, 3996 MHz, 1068.69 W, 55
2026/10/07 22:23:24.130, 4, 2032 MHz, 3996 MHz, 1066.36 W, 59
2026/10/07 22:23:24.130, 5, 120 MHz, 3996 MHz, 182.31 W, 35
2026/10/07 22:23:24.130, 6, 120 MHz, 3996 MHz, 184.83 W, 32
2026/10/07 22:23:24.130, 7, 120 MHz, 3996 MHz, 186.45 W, 31
2026/10/07 22:23:25.130, 0, 120 MHz, 3996 MHz, 186.41 W, 36
2026/10/07 22:23:25.130, 1, 120 MHz, 3996 MHz, 188.15 W, 36
2026/10/07 22:23:25.130, 2, 120 MHz, 3996 MHz, 183.84 W, 32
2026/10/07 22:23:25.130, 3, 2032 MHz, 3996 MHz, 1069.25 W, 55
2026/10/07 22:23:25.130, 4, 2032 MHz, 3996 MHz, 1066.31 W, 59
2026/10/07 22:23:25.130, 5, 120 MHz, 3996 MHz, 182.32 W, 35
2026/10/07 22:23:25.130, 6, 120 MHz, 3996 MHz, 184.83 W, 32
2026/10/07 22:23:25.130, 7, 120 MHz, 3996 MHz, 186.49 W, 31
2026/10/07 22:23:26.130, 0, 120 MHz, 3996 MHz, 186.41 W, 36
2026/10/07 22:23:26.130, 1, 120 MHz, 3996 MHz, 188.19 W, 36
2026/10/07 22:23:26.130, 2, 120 MHz, 3996 MHz, 183.84 W, 32
2026/10/07 22:23:26.130, 3, 2032 MHz, 3996 MHz, 1068.52 W, 55
2026/10/07 22:23:26.130, 4, 2032 MHz, 3996 MHz, 1067.88 W, 59
2026/10/07 22:23:26.130, 5, 120 MHz, 3996 MHz, 182.33 W, 35
2026/10/07 22:23:26.130, 6, 120 MHz, 3996 MHz, 184.83 W, 32
2026/10/07 22:23:26.130, 7, 120 MHz, 3996 MHz, 186.56 W, 31
2026/10/07 22:23:27.130, 0, 120 MHz, 3996 MHz, 186.41 W, 36
2026/10/07 22:23:27.130, 1, 120 MHz, 3996 MHz, 188.23 W, 37
2026/10/07 22:23:27.130, 2, 120 MHz, 3996 MHz, 183.81 W, 32
2026/10/07 22:23:27.130, 3, 2032 MHz, 3996 MHz, 1072.54 W, 55
2026/10/07 22:23:27.130, 4, 2032 MHz, 3996 MHz, 1070.92 W, 60
2026/10/07 22:23:27.130, 5, 120 MHz, 3996 MHz, 182.31 W, 35
2026/10/07 22:23:27.130, 6, 120 MHz, 3996 MHz, 184.83 W, 32
2026/10/07 22:23:27.130, 7, 120 MHz, 3996 MHz, 186.51 W, 31
2026/10/07 22:23:28.131, 0, 120 MHz, 3996 MHz, 186.41 W, 36
2026/10/07 22:23:28.131, 1, 120 MHz, 3996 MHz, 188.23 W, 37
2026/10/07 22:23:28.131, 2, 120 MHz, 3996 MHz, 183.82 W, 32
2026/10/07 22:23:28.131, 3, 2032 MHz, 3996 MHz, 1073.74 W, 56
2026/10/07 22:23:28.131, 4, 2032 MHz, 3996 MHz, 1072.54 W, 60
2026/10/07 22:23:28.131, 5, 120 MHz, 3996 MHz, 182.31 W, 35
2026/10/07 22:23:28.131, 6, 120 MHz, 3996 MHz, 184.83 W, 32
2026/10/07 22:23:28.131, 7, 120 MHz, 3996 MHz, 186.57 W, 31
2026/10/07 22:23:29.131, 0, 120 MHz, 3996 MHz, 186.41 W, 37
2026/10/07 22:23:29.131, 1, 120 MHz, 3996 MHz, 188.23 W, 37
2026/10/07 22:23:29.131, 2, 120 MHz, 3996 MHz, 183.82 W, 32
2026/10/07 22:23:29.131, 3, 2032 MHz, 3996 MHz, 1073.79 W, 56
2026/10/07 22:23:29.131, 4, 2032 MHz, 3996 MHz, 1073.37 W, 60
2026/10/07 22:23:29.131, 5, 120 MHz, 3996 MHz, 182.28 W, 35
2026/10/07 22:23:29.131, 6, 120 MHz, 3996 MHz, 184.83 W, 32
2026/10/07 22:23:29.131, 7, 120 MHz, 3996 MHz, 186.50 W, 31
2026/10/07 22:23:30.131, 0, 120 MHz, 3996 MHz, 186.41 W, 37
2026/10/07 22:23:30.131, 1, 120 MHz, 3996 MHz, 188.23 W, 37
2026/10/07 22:23:30.131, 2, 120 MHz, 3996 MHz, 183.86 W, 32
2026/10/07 22:23:30.131, 3, 2032 MHz, 3996 MHz, 1074.43 W, 56
2026/10/07 22:23:30.131, 4, 2032 MHz, 3996 MHz, 1073.23 W, 61
2026/10/07 22:23:30.131, 5, 120 MHz, 3996 MHz, 182.30 W, 35
2026/10/07 22:23:30.131, 6, 120 MHz, 3996 MHz, 184.83 W, 32
2026/10/07 22:23:30.131, 7, 120 MHz, 3996 MHz, 186.56 W, 31
2026/10/07 22:23:31.132, 0, 120 MHz, 3996 MHz, 186.41 W, 37
2026/10/07 22:23:31.132, 1, 120 MHz, 3996 MHz, 188.23 W, 37
2026/10/07 22:23:31.132, 2, 120 MHz, 3996 MHz, 184.13 W, 33
2026/10/07 22:23:31.132, 3, 2032 MHz, 3996 MHz, 1073.40 W, 57
2026/10/07 22:23:31.132, 4, 2032 MHz, 3996 MHz, 1072.85 W, 61
2026/10/07 22:23:31.132, 5, 120 MHz, 3996 MHz, 182.29 W, 35
2026/10/07 22:23:31.132, 6, 120 MHz, 3996 MHz, 184.83 W, 32
2026/10/07 22:23:31.132, 7, 120 MHz, 3996 MHz, 186.54 W, 31
2026/10/07 22:23:32.132, 0, 120 MHz, 3996 MHz, 186.41 W, 37
2026/10/07 22:23:32.132, 1, 120 MHz, 3996 MHz, 188.23 W, 37
2026/10/07 22:23:32.132, 2, 120 MHz, 3996 MHz, 183.98 W, 33
2026/10/07 22:23:32.132, 3, 2032 MHz, 3996 MHz, 1074.00 W, 57
2026/10/07 22:23:32.132, 4, 2032 MHz, 3996 MHz, 1071.95 W, 61
2026/10/07 22:23:32.132, 5, 120 MHz, 3996 MHz, 182.32 W, 35
2026/10/07 22:23:32.132, 6, 120 MHz, 3996 MHz, 184.83 W, 32
2026/10/07 22:23:32.132, 7, 120 MHz, 3996 MHz, 186.55 W, 31
2026/10/07 22:23:33.132, 0, 120 MHz, 3996 MHz, 186.41 W, 37
2026/10/07 22:23:33.132, 1, 120 MHz, 3996 MHz, 188.23 W, 37
2026/10/07 22:23:33.132, 2, 120 MHz, 3996 MHz, 184.02 W, 33
2026/10/07 22:23:33.132, 3, 2032 MHz, 3996 MHz, 1073.98 W, 57
2026/10/07 22:23:33.132, 4, 2032 MHz, 3996 MHz, 1071.95 W, 61
2026/10/07 22:23:33.132, 5, 120 MHz, 3996 MHz, 182.49 W, 35
2026/10/07 22:23:33.132, 6, 120 MHz, 3996 MHz, 184.91 W, 32
2026/10/07 22:23:33.132, 7, 120 MHz, 3996 MHz, 186.55 W, 31
2026/10/07 22:23:34.132, 0, 120 MHz, 3996 MHz, 186.41 W, 37
2026/10/07 22:23:34.132, 1, 120 MHz, 3996 MHz, 188.23 W, 37
2026/10/07 22:23:34.132, 2, 120 MHz, 3996 MHz, 184.06 W, 33
2026/10/07 22:23:34.132, 3, 2032 MHz, 3996 MHz, 1077.57 W, 57
2026/10/07 22:23:34.132, 4, 2032 MHz, 3996 MHz, 1074.67 W, 61
2026/10/07 22:23:34.132, 5, 120 MHz, 3996 MHz, 182.29 W, 35
2026/10/07 22:23:34.133, 6, 120 MHz, 3996 MHz, 184.83 W, 32
2026/10/07 22:23:34.133, 7, 120 MHz, 3996 MHz, 186.57 W, 31
2026/10/07 22:23:35.133, 0, 120 MHz, 3996 MHz, 186.41 W, 37
2026/10/07 22:23:35.133, 1, 120 MHz, 3996 MHz, 188.23 W, 37
2026/10/07 22:23:35.133, 2, 120 MHz, 3996 MHz, 183.96 W, 33
2026/10/07 22:23:35.133, 3, 2032 MHz, 3996 MHz, 1078.23 W, 57
2026/10/07 22:23:35.133, 4, 2032 MHz, 3996 MHz, 1074.61 W, 62
2026/10/07 22:23:35.133, 5, 120 MHz, 3996 MHz, 182.29 W, 35
2026/10/07 22:23:35.133, 6, 120 MHz, 3996 MHz, 184.83 W, 32
2026/10/07 22:23:35.133, 7, 120 MHz, 3996 MHz, 186.56 W, 31
2026/10/07 22:23:36.133, 0, 120 MHz, 3996 MHz, 186.41 W, 38
2026/10/07 22:23:36.133, 1, 120 MHz, 3996 MHz, 188.23 W, 37
2026/10/07 22:23:36.133, 2, 120 MHz, 3996 MHz, 184.24 W, 33
2026/10/07 22:23:36.133, 3, 2032 MHz, 3996 MHz, 1078.50 W, 58
2026/10/07 22:23:36.133, 4, 2032 MHz, 3996 MHz, 1075.34 W, 62
2026/10/07 22:23:36.133, 5, 120 MHz, 3996 MHz, 182.33 W, 35
2026/10/07 22:23:36.133, 6, 120 MHz, 3996 MHz, 184.83 W, 32
2026/10/07 22:23:36.133, 7, 120 MHz, 3996 MHz, 186.56 W, 32
2026/10/07 22:23:37.133, 0, 120 MHz, 3996 MHz, 186.41 W, 38
2026/10/07 22:23:37.133, 1, 120 MHz, 3996 MHz, 188.23 W, 37
2026/10/07 22:23:37.133, 2, 120 MHz, 3996 MHz, 184.42 W, 33
2026/10/07 22:23:37.133, 3, 2032 MHz, 3996 MHz, 1078.55 W, 58
2026/10/07 22:23:37.133, 4, 2032 MHz, 3996 MHz, 1075.68 W, 62
2026/10/07 22:23:37.133, 5, 120 MHz, 3996 MHz, 182.28 W, 35
2026/10/07 22:23:37.133, 6, 120 MHz, 3996 MHz, 184.83 W, 32
2026/10/07 22:23:37.133, 7, 120 MHz, 3996 MHz, 186.55 W, 32
2026/10/07 22:23:38.134, 0, 120 MHz, 3996 MHz, 186.57 W, 38
2026/10/07 22:23:38.134, 1, 120 MHz, 3996 MHz, 188.23 W, 37
2026/10/07 22:23:38.134, 2, 120 MHz, 3996 MHz, 184.40 W, 33
2026/10/07 22:23:38.134, 3, 2032 MHz, 3996 MHz, 1078.45 W, 58
2026/10/07 22:23:38.134, 4, 2032 MHz, 3996 MHz, 1077.19 W, 62
2026/10/07 22:23:38.134, 5, 120 MHz, 3996 MHz, 182.29 W, 35
2026/10/07 22:23:38.134, 6, 120 MHz, 3996 MHz, 184.83 W, 33
2026/10/07 22:23:38.134, 7, 120 MHz, 3996 MHz, 186.54 W, 32
2026/10/07 22:23:39.134, 0, 120 MHz, 3996 MHz, 186.56 W, 38
2026/10/07 22:23:39.134, 1, 120 MHz, 3996 MHz, 188.23 W, 37
2026/10/07 22:23:39.134, 2, 120 MHz, 3996 MHz, 184.58 W, 33
2026/10/07 22:23:39.134, 3, 1402 MHz, 3996 MHz, 1092.56 W, 62
2026/10/07 22:23:39.134, 4, 1357 MHz, 3996 MHz, 1089.73 W, 67
2026/10/07 22:23:39.134, 5, 120 MHz, 3996 MHz, 182.27 W, 35
2026/10/07 22:23:39.134, 6, 120 MHz, 3996 MHz, 184.83 W, 33
2026/10/07 22:23:39.134, 7, 120 MHz, 3996 MHz, 186.55 W, 32
2026/10/07 22:23:40.134, 0, 120 MHz, 3996 MHz, 186.53 W, 38
2026/10/07 22:23:40.134, 1, 120 MHz, 3996 MHz, 188.23 W, 37
2026/10/07 22:23:40.134, 2, 120 MHz, 3996 MHz, 185.02 W, 33
2026/10/07 22:23:40.134, 3, 1365 MHz, 3996 MHz, 1088.39 W, 64
2026/10/07 22:23:40.134, 4, 1365 MHz, 3996 MHz, 1084.45 W, 68
2026/10/07 22:23:40.134, 5, 120 MHz, 3996 MHz, 182.31 W, 35
2026/10/07 22:23:40.134, 6, 120 MHz, 3996 MHz, 184.83 W, 33
2026/10/07 22:23:40.134, 7, 120 MHz, 3996 MHz, 186.56 W, 32
2026/10/07 22:23:41.135, 0, 120 MHz, 3996 MHz, 187.27 W, 38
2026/10/07 22:23:41.135, 1, 120 MHz, 3996 MHz, 188.23 W, 37
2026/10/07 22:23:41.135, 2, 120 MHz, 3996 MHz, 185.37 W, 33
2026/10/07 22:23:41.135, 3, 1350 MHz, 3996 MHz, 1089.20 W, 63
2026/10/07 22:23:41.135, 4, 1365 MHz, 3996 MHz, 1084.83 W, 68
2026/10/07 22:23:41.135, 5, 120 MHz, 3996 MHz, 182.32 W, 35
2026/10/07 22:23:41.135, 6, 120 MHz, 3996 MHz, 184.83 W, 33
2026/10/07 22:23:41.135, 7, 120 MHz, 3996 MHz, 186.56 W, 32
2026/10/07 22:23:42.135, 0, 120 MHz, 3996 MHz, 187.55 W, 39
2026/10/07 22:23:42.135, 1, 120 MHz, 3996 MHz, 188.23 W, 37
2026/10/07 22:23:42.135, 2, 120 MHz, 3996 MHz, 185.09 W, 33
2026/10/07 22:23:42.135, 3, 1357 MHz, 3996 MHz, 1089.99 W, 64
2026/10/07 22:23:42.135, 4, 1365 MHz, 3996 MHz, 1086.18 W, 68
2026/10/07 22:23:42.135, 5, 120 MHz, 3996 MHz, 182.29 W, 35
2026/10/07 22:23:42.135, 6, 120 MHz, 3996 MHz, 184.83 W, 33
2026/10/07 22:23:42.135, 7, 120 MHz, 3996 MHz, 186.57 W, 32
2026/10/07 22:23:43.135, 0, 120 MHz, 3996 MHz, 187.80 W, 39
2026/10/07 22:23:43.135, 1, 120 MHz, 3996 MHz, 188.23 W, 37
2026/10/07 22:23:43.135, 2, 120 MHz, 3996 MHz, 185.08 W, 33
2026/10/07 22:23:43.135, 3, 1342 MHz, 3996 MHz, 1090.51 W, 64
2026/10/07 22:23:43.135, 4, 1365 MHz, 3996 MHz, 1084.84 W, 68
2026/10/07 22:23:43.135, 5, 120 MHz, 3996 MHz, 182.29 W, 35
2026/10/07 22:23:43.135, 6, 120 MHz, 3996 MHz, 184.83 W, 33
2026/10/07 22:23:43.135, 7, 120 MHz, 3996 MHz, 186.57 W, 32
2026/10/07 22:23:44.135, 0, 120 MHz, 3996 MHz, 188.31 W, 39
2026/10/07 22:23:44.136, 1, 120 MHz, 3996 MHz, 188.23 W, 37
2026/10/07 22:23:44.136, 2, 120 MHz, 3996 MHz, 185.05 W, 33
2026/10/07 22:23:44.136, 3, 1350 MHz, 3996 MHz, 1088.78 W, 64
2026/10/07 22:23:44.136, 4, 1365 MHz, 3996 MHz, 1086.16 W, 68
2026/10/07 22:23:44.136, 5, 120 MHz, 3996 MHz, 182.32 W, 35
2026/10/07 22:23:44.136, 6, 120 MHz, 3996 MHz, 184.83 W, 33
2026/10/07 22:23:44.136, 7, 120 MHz, 3996 MHz, 186.24 W, 32
2026/10/07 22:23:45.136, 0, 120 MHz, 3996 MHz, 188.23 W, 39
2026/10/07 22:23:45.136, 1, 120 MHz, 3996 MHz, 188.23 W, 37
2026/10/07 22:23:45.136, 2, 120 MHz, 3996 MHz, 185.38 W, 33
2026/10/07 22:23:45.136, 3, 1350 MHz, 3996 MHz, 1089.44 W, 64
2026/10/07 22:23:45.136, 4, 1365 MHz, 3996 MHz, 1086.38 W, 69
2026/10/07 22:23:45.136, 5, 120 MHz, 3996 MHz, 182.31 W, 35
2026/10/07 22:23:45.136, 6, 120 MHz, 3996 MHz, 184.83 W, 33
2026/10/07 22:23:45.136, 7, 120 MHz, 3996 MHz, 186.27 W, 32
2026/10/07 22:23:46.136, 0, 120 MHz, 3996 MHz, 188.35 W, 39
2026/10/07 22:23:46.136, 1, 120 MHz, 3996 MHz, 188.23 W, 37
2026/10/07 22:23:46.136, 2, 120 MHz, 3996 MHz, 185.13 W, 33
2026/10/07 22:23:46.136, 3, 1350 MHz, 3996 MHz, 1089.83 W, 64
2026/10/07 22:23:46.136, 4, 1365 MHz, 3996 MHz, 1083.67 W, 68
2026/10/07 22:23:46.136, 5, 120 MHz, 3996 MHz, 182.30 W, 35
2026/10/07 22:23:46.136, 6, 120 MHz, 3996 MHz, 184.83 W, 33
2026/10/07 22:23:46.136, 7, 120 MHz, 3996 MHz, 186.37 W, 32
2026/10/07 22:23:47.136, 0, 120 MHz, 3996 MHz, 188.35 W, 39
2026/10/07 22:23:47.136, 1, 120 MHz, 3996 MHz, 188.23 W, 37
2026/10/07 22:23:47.137, 2, 120 MHz, 3996 MHz, 185.29 W, 33
2026/10/07 22:23:47.137, 3, 1342 MHz, 3996 MHz, 1087.62 W, 64
2026/10/07 22:23:47.137, 4, 1365 MHz, 3996 MHz, 1087.50 W, 69
2026/10/07 22:23:47.137, 5, 120 MHz, 3996 MHz, 182.33 W, 35
2026/10/07 22:23:47.137, 6, 120 MHz, 3996 MHz, 184.83 W, 33
2026/10/07 22:23:47.137, 7, 120 MHz, 3996 MHz, 186.40 W, 32
2026/10/07 22:23:48.137, 0, 120 MHz, 3996 MHz, 188.35 W, 39
2026/10/07 22:23:48.137, 1, 120 MHz, 3996 MHz, 188.23 W, 37
2026/10/07 22:23:48.137, 2, 120 MHz, 3996 MHz, 185.44 W, 33
2026/10/07 22:23:48.137, 3, 1335 MHz, 3996 MHz, 1089.21 W, 64
2026/10/07 22:23:48.137, 4, 1365 MHz, 3996 MHz, 1085.62 W, 69
2026/10/07 22:23:48.137, 5, 120 MHz, 3996 MHz, 182.29 W, 35
2026/10/07 22:23:48.137, 6, 120 MHz, 3996 MHz, 184.83 W, 33
2026/10/07 22:23:48.137, 7, 120 MHz, 3996 MHz, 186.41 W, 32
2026/10/07 22:23:49.137, 0, 120 MHz, 3996 MHz, 188.35 W, 40
2026/10/07 22:23:49.137, 1, 120 MHz, 3996 MHz, 188.23 W, 37
2026/10/07 22:23:49.137, 2, 120 MHz, 3996 MHz, 185.39 W, 33
2026/10/07 22:23:49.137, 3, 2032 MHz, 3996 MHz, 1066.23 W, 59
2026/10/07 22:23:49.137, 4, 2032 MHz, 3996 MHz, 1060.67 W, 63
2026/10/07 22:23:49.137, 5, 120 MHz, 3996 MHz, 182.36 W, 36
2026/10/07 22:23:49.137, 6, 120 MHz, 3996 MHz, 184.83 W, 33
2026/10/07 22:23:49.137, 7, 120 MHz, 3996 MHz, 186.35 W, 32
2026/10/07 22:23:50.137, 0, 120 MHz, 3996 MHz, 188.35 W, 40
2026/10/07 22:23:50.137, 1, 120 MHz, 3996 MHz, 188.23 W, 37
2026/10/07 22:23:50.137, 2, 120 MHz, 3996 MHz, 185.37 W, 33
2026/10/07 22:23:50.137, 3, 2032 MHz, 3996 MHz, 1082.87 W, 59
2026/10/07 22:23:50.137, 4, 2032 MHz, 3996 MHz, 1078.86 W, 63
2026/10/07 22:23:50.137, 5, 120 MHz, 3996 MHz, 182.36 W, 36
2026/10/07 22:23:50.137, 6, 120 MHz, 3996 MHz, 184.83 W, 33
2026/10/07 22:23:50.137, 7, 120 MHz, 3996 MHz, 186.44 W, 32
2026/10/07 22:23:51.138, 0, 120 MHz, 3996 MHz, 188.35 W, 40
2026/10/07 22:23:51.138, 1, 120 MHz, 3996 MHz, 188.23 W, 37
2026/10/07 22:23:51.138, 2, 120 MHz, 3996 MHz, 185.35 W, 33
2026/10/07 22:23:51.138, 3, 2032 MHz, 3996 MHz, 1082.54 W, 59
2026/10/07 22:23:51.138, 4, 2032 MHz, 3996 MHz, 1078.09 W, 63
2026/10/07 22:23:51.138, 5, 120 MHz, 3996 MHz, 182.29 W, 36
2026/10/07 22:23:51.138, 6, 120 MHz, 3996 MHz, 184.83 W, 33
2026/10/07 22:23:51.138, 7, 120 MHz, 3996 MHz, 186.40 W, 32
2026/10/07 22:23:52.138, 0, 120 MHz, 3996 MHz, 188.35 W, 40
2026/10/07 22:23:52.138, 1, 120 MHz, 3996 MHz, 188.23 W, 37
2026/10/07 22:23:52.138, 2, 120 MHz, 3996 MHz, 185.57 W, 33
2026/10/07 22:23:52.138, 3, 2032 MHz, 3996 MHz, 1082.34 W, 59
2026/10/07 22:23:52.138, 4, 2032 MHz, 3996 MHz, 1077.27 W, 63
2026/10/07 22:23:52.138, 5, 120 MHz, 3996 MHz, 182.36 W, 36
2026/10/07 22:23:52.138, 6, 120 MHz, 3996 MHz, 184.83 W, 33
2026/10/07 22:23:52.138, 7, 120 MHz, 3996 MHz, 186.52 W, 32
2026/10/07 22:23:53.138, 0, 120 MHz, 3996 MHz, 188.35 W, 40
2026/10/07 22:23:53.138, 1, 120 MHz, 3996 MHz, 188.23 W, 37
2026/10/07 22:23:53.138, 2, 120 MHz, 3996 MHz, 185.35 W, 33
2026/10/07 22:23:53.138, 3, 2032 MHz, 3996 MHz, 1080.95 W, 59
2026/10/07 22:23:53.138, 4, 2032 MHz, 3996 MHz, 1076.89 W, 63
2026/10/07 22:23:53.138, 5, 120 MHz, 3996 MHz, 182.37 W, 36
2026/10/07 22:23:53.138, 6, 120 MHz, 3996 MHz, 184.87 W, 33
2026/10/07 22:23:53.138, 7, 120 MHz, 3996 MHz, 186.53 W, 32
2026/10/07 22:23:54.138, 0, 120 MHz, 3996 MHz, 188.35 W, 40
2026/10/07 22:23:54.139, 1, 120 MHz, 3996 MHz, 188.23 W, 37
2026/10/07 22:23:54.139, 2, 120 MHz, 3996 MHz, 185.57 W, 33
2026/10/07 22:23:54.139, 3, 2032 MHz, 3996 MHz, 1082.50 W, 60
2026/10/07 22:23:54.139, 4, 2032 MHz, 3996 MHz, 1077.12 W, 64
2026/10/07 22:23:54.139, 5, 120 MHz, 3996 MHz, 182.29 W, 36
2026/10/07 22:23:54.139, 6, 120 MHz, 3996 MHz, 184.83 W, 33
2026/10/07 22:23:54.139, 7, 120 MHz, 3996 MHz, 186.41 W, 32
2026/10/07 22:23:55.139, 0, 120 MHz, 3996 MHz, 188.35 W, 40
2026/10/07 22:23:55.139, 1, 120 MHz, 3996 MHz, 188.23 W, 37
2026/10/07 22:23:55.139, 2, 120 MHz, 3996 MHz, 185.31 W, 33
2026/10/07 22:23:55.139, 3, 2032 MHz, 3996 MHz, 1085.76 W, 60
2026/10/07 22:23:55.139, 4, 2032 MHz, 3996 MHz, 1079.90 W, 64
2026/10/07 22:23:55.139, 5, 120 MHz, 3996 MHz, 182.26 W, 36
2026/10/07 22:23:55.139, 6, 120 MHz, 3996 MHz, 184.83 W, 33
2026/10/07 22:23:55.139, 7, 120 MHz, 3996 MHz, 186.51 W, 32
2026/10/07 22:23:56.139, 0, 120 MHz, 3996 MHz, 188.35 W, 40
2026/10/07 22:23:56.139, 1, 120 MHz, 3996 MHz, 188.23 W, 37
2026/10/07 22:23:56.139, 2, 120 MHz, 3996 MHz, 185.58 W, 33
2026/10/07 22:23:56.139, 3, 2032 MHz, 3996 MHz, 1086.57 W, 60
2026/10/07 22:23:56.139, 4, 2032 MHz, 3996 MHz, 1080.24 W, 64
2026/10/07 22:23:56.139, 5, 120 MHz, 3996 MHz, 182.28 W, 36
2026/10/07 22:23:56.139, 6, 120 MHz, 3996 MHz, 184.83 W, 33
2026/10/07 22:23:56.139, 7, 120 MHz, 3996 MHz, 186.46 W, 32
2026/10/07 22:23:57.139, 0, 120 MHz, 3996 MHz, 188.35 W, 41
2026/10/07 22:23:57.139, 1, 120 MHz, 3996 MHz, 188.23 W, 37
2026/10/07 22:23:57.139, 2, 120 MHz, 3996 MHz, 185.62 W, 33
2026/10/07 22:23:57.139, 3, 2032 MHz, 3996 MHz, 1086.42 W, 60
2026/10/07 22:23:57.139, 4, 2032 MHz, 3996 MHz, 1079.39 W, 64
2026/10/07 22:23:57.139, 5, 120 MHz, 3996 MHz, 182.35 W, 36
2026/10/07 22:23:57.139, 6, 120 MHz, 3996 MHz, 184.83 W, 33
2026/10/07 22:23:57.139, 7, 120 MHz, 3996 MHz, 186.48 W, 32
2026/10/07 22:23:58.140, 0, 120 MHz, 3996 MHz, 188.35 W, 41
2026/10/07 22:23:58.140, 1, 120 MHz, 3996 MHz, 188.23 W, 37
2026/10/07 22:23:58.140, 2, 120 MHz, 3996 MHz, 185.67 W, 33
2026/10/07 22:23:58.140, 3, 2032 MHz, 3996 MHz, 1084.46 W, 60
2026/10/07 22:23:58.140, 4, 2032 MHz, 3996 MHz, 1079.49 W, 64
2026/10/07 22:23:58.140, 5, 120 MHz, 3996 MHz, 182.43 W, 36
2026/10/07 22:23:58.140, 6, 120 MHz, 3996 MHz, 184.83 W, 33
2026/10/07 22:23:58.140, 7, 120 MHz, 3996 MHz, 186.56 W, 32
2026/10/07 22:23:59.140, 0, 120 MHz, 3996 MHz, 188.35 W, 41
2026/10/07 22:23:59.140, 1, 120 MHz, 3996 MHz, 188.23 W, 37
2026/10/07 22:23:59.140, 2, 120 MHz, 3996 MHz, 185.67 W, 33
2026/10/07 22:23:59.140, 3, 2032 MHz, 3996 MHz, 1083.24 W, 60
2026/10/07 22:23:59.140, 4, 2032 MHz, 3996 MHz, 1078.09 W, 64
2026/10/07 22:23:59.140, 5, 120 MHz, 3996 MHz, 182.36 W, 36
2026/10/07 22:23:59.140, 6, 120 MHz, 3996 MHz, 184.83 W, 33
2026/10/07 22:23:59.140, 7, 120 MHz, 3996 MHz, 186.51 W, 32
2026/10/07 22:24:00.140, 0, 120 MHz, 3996 MHz, 188.96 W, 41
2026/10/07 22:24:00.140, 1, 120 MHz, 3996 MHz, 188.23 W, 37
2026/10/07 22:24:00.140, 2, 120 MHz, 3996 MHz, 185.68 W, 33
2026/10/07 22:24:00.140, 3, 2032 MHz, 3996 MHz, 1082.06 W, 60
2026/10/07 22:24:00.140, 4, 2032 MHz, 3996 MHz, 1075.99 W, 63
2026/10/07 22:24:00.140, 5, 120 MHz, 3996 MHz, 182.33 W, 36
2026/10/07 22:24:00.140, 6, 120 MHz, 3996 MHz, 185.02 W, 33
2026/10/07 22:24:00.140, 7, 120 MHz, 3996 MHz, 186.52 W, 32
2026/10/07 22:24:01.141, 0, 120 MHz, 3996 MHz, 189.26 W, 41
2026/10/07 22:24:01.141, 1, 120 MHz, 3996 MHz, 188.23 W, 37
2026/10/07 22:24:01.141, 2, 120 MHz, 3996 MHz, 185.63 W, 33
2026/10/07 22:24:01.141, 3, 2032 MHz, 3996 MHz, 1084.83 W, 60
2026/10/07 22:24:01.141, 4, 2032 MHz, 3996 MHz, 1083.55 W, 64
2026/10/07 22:24:01.141, 5, 120 MHz, 3996 MHz, 182.28 W, 36
2026/10/07 22:24:01.141, 6, 120 MHz, 3996 MHz, 184.91 W, 33
2026/10/07 22:24:01.141, 7, 120 MHz, 3996 MHz, 186.56 W, 32
2026/10/07 22:24:02.141, 0, 120 MHz, 3996 MHz, 189.00 W, 41
2026/10/07 22:24:02.141, 1, 120 MHz, 3996 MHz, 188.23 W, 37
2026/10/07 22:24:02.141, 2, 120 MHz, 3996 MHz, 185.68 W, 34
2026/10/07 22:24:02.141, 3, 2032 MHz, 3996 MHz, 1087.46 W, 60
2026/10/07 22:24:02.141, 4, 2032 MHz, 3996 MHz, 1081.46 W, 64
2026/10/07 22:24:02.141, 5, 120 MHz, 3996 MHz, 182.32 W, 36
2026/10/07 22:24:02.141, 6, 120 MHz, 3996 MHz, 184.98 W, 33
2026/10/07 22:24:02.141, 7, 120 MHz, 3996 MHz, 186.55 W, 32
2026/10/07 22:24:03.141, 0, 120 MHz, 3996 MHz, 189.20 W, 41
2026/10/07 22:24:03.141, 1, 120 MHz, 3996 MHz, 188.23 W, 37
2026/10/07 22:24:03.141, 2, 120 MHz, 3996 MHz, 185.64 W, 34
2026/10/07 22:24:03.141, 3, 2032 MHz, 3996 MHz, 1087.75 W, 60
2026/10/07 22:24:03.141, 4, 2032 MHz, 3996 MHz, 1080.23 W, 64
2026/10/07 22:24:03.141, 5, 120 MHz, 3996 MHz, 182.35 W, 36
2026/10/07 22:24:03.141, 6, 120 MHz, 3996 MHz, 184.95 W, 33
2026/10/07 22:24:03.141, 7, 120 MHz, 3996 MHz, 186.57 W, 32
2026/10/07 22:24:04.141, 0, 120 MHz, 3996 MHz, 189.57 W, 41
2026/10/07 22:24:04.142, 1, 120 MHz, 3996 MHz, 188.23 W, 37
2026/10/07 22:24:04.142, 2, 120 MHz, 3996 MHz, 185.66 W, 34
2026/10/07 22:24:04.142, 3, 2032 MHz, 3996 MHz, 1085.92 W, 60
2026/10/07 22:24:04.142, 4, 2032 MHz, 3996 MHz, 1080.53 W, 64
2026/10/07 22:24:04.142, 5, 120 MHz, 3996 MHz, 182.31 W, 36
2026/10/07 22:24:04.142, 6, 120 MHz, 3996 MHz, 184.99 W, 33
2026/10/07 22:24:04.142, 7, 120 MHz, 3996 MHz, 186.58 W, 32
2026/10/07 22:24:05.142, 0, 120 MHz, 3996 MHz, 189.76 W, 41
2026/10/07 22:24:05.142, 1, 120 MHz, 3996 MHz, 188.23 W, 37
2026/10/07 22:24:05.142, 2, 120 MHz, 3996 MHz, 185.68 W, 34
2026/10/07 22:24:05.142, 3, 2032 MHz, 3996 MHz, 1084.68 W, 60
2026/10/07 22:24:05.142, 4, 2032 MHz, 3996 MHz, 1079.38 W, 64
2026/10/07 22:24:05.142, 5, 120 MHz, 3996 MHz, 182.32 W, 36
2026/10/07 22:24:05.142, 6, 120 MHz, 3996 MHz, 185.06 W, 33
2026/10/07 22:24:05.142, 7, 120 MHz, 3996 MHz, 186.57 W, 32
2026/10/07 22:24:06.142, 0, 120 MHz, 3996 MHz, 190.14 W, 41
2026/10/07 22:24:06.142, 1, 120 MHz, 3996 MHz, 188.23 W, 37
2026/10/07 22:24:06.142, 2, 120 MHz, 3996 MHz, 185.69 W, 34
2026/10/07 22:24:06.142, 3, 2032 MHz, 3996 MHz, 1084.06 W, 60
2026/10/07 22:24:06.142, 4, 2032 MHz, 3996 MHz, 1078.34 W, 64
2026/10/07 22:24:06.142, 5, 120 MHz, 3996 MHz, 182.43 W, 36
2026/10/07 22:24:06.142, 6, 120 MHz, 3996 MHz, 185.29 W, 33
2026/10/07 22:24:06.142, 7, 120 MHz, 3996 MHz, 186.57 W, 32
2026/10/07 22:24:07.143, 0, 120 MHz, 3996 MHz, 190.14 W, 41
2026/10/07 22:24:07.143, 1, 120 MHz, 3996 MHz, 188.46 W, 37
2026/10/07 22:24:07.143, 2, 120 MHz, 3996 MHz, 185.70 W, 34
2026/10/07 22:24:07.143, 3, 2032 MHz, 3996 MHz, 1081.92 W, 60
2026/10/07 22:24:07.143, 4, 2032 MHz, 3996 MHz, 1077.92 W, 64
2026/10/07 22:24:07.143, 5, 120 MHz, 3996 MHz, 182.40 W, 36
2026/10/07 22:24:07.143, 6, 120 MHz, 3996 MHz, 185.30 W, 33
2026/10/07 22:24:07.143, 7, 120 MHz, 3996 MHz, 186.55 W, 32
2026/10/07 22:24:08.143, 0, 120 MHz, 3996 MHz, 190.25 W, 42
2026/10/07 22:24:08.143, 1, 120 MHz, 3996 MHz, 188.34 W, 37
2026/10/07 22:24:08.143, 2, 120 MHz, 3996 MHz, 185.69 W, 34
2026/10/07 22:24:08.143, 3, 2032 MHz, 3996 MHz, 1088.07 W, 60
2026/10/07 22:24:08.143, 4, 2032 MHz, 3996 MHz, 1081.05 W, 64
2026/10/07 22:24:08.143, 5, 120 MHz, 3996 MHz, 182.46 W, 36
2026/10/07 22:24:08.143, 6, 120 MHz, 3996 MHz, 185.37 W, 33
2026/10/07 22:24:08.143, 7, 120 MHz, 3996 MHz, 186.56 W, 33
2026/10/07 22:24:09.143, 0, 120 MHz, 3996 MHz, 190.25 W, 42
2026/10/07 22:24:09.143, 1, 120 MHz, 3996 MHz, 188.23 W, 37
2026/10/07 22:24:09.143, 2, 120 MHz, 3996 MHz, 185.69 W, 34
2026/10/07 22:24:09.143, 3, 2032 MHz, 3996 MHz, 1089.00 W, 60
2026/10/07 22:24:09.143, 4, 2032 MHz, 3996 MHz, 1080.60 W, 64
2026/10/07 22:24:09.143, 5, 120 MHz, 3996 MHz, 182.32 W, 36
2026/10/07 22:24:09.143, 6, 120 MHz, 3996 MHz, 185.29 W, 33
2026/10/07 22:24:09.143, 7, 120 MHz, 3996 MHz, 186.55 W, 33
2026/10/07 22:24:10.144, 0, 120 MHz, 3996 MHz, 190.29 W, 42
2026/10/07 22:24:10.144, 1, 120 MHz, 3996 MHz, 188.23 W, 37
2026/10/07 22:24:10.144, 2, 120 MHz, 3996 MHz, 185.69 W, 34
2026/10/07 22:24:10.144, 3, 2032 MHz, 3996 MHz, 1088.84 W, 60
2026/10/07 22:24:10.144, 4, 2032 MHz, 3996 MHz, 1080.64 W, 64
2026/10/07 22:24:10.144, 5, 120 MHz, 3996 MHz, 182.35 W, 36
2026/10/07 22:24:10.144, 6, 120 MHz, 3996 MHz, 185.42 W, 33
2026/10/07 22:24:10.144, 7, 120 MHz, 3996 MHz, 186.60 W, 33
2026/10/07 22:24:11.144, 0, 120 MHz, 3996 MHz, 190.25 W, 42
2026/10/07 22:24:11.144, 1, 120 MHz, 3996 MHz, 188.23 W, 37
2026/10/07 22:24:11.144, 2, 120 MHz, 3996 MHz, 185.69 W, 34
2026/10/07 22:24:11.144, 3, 2032 MHz, 3996 MHz, 1088.00 W, 60
2026/10/07 22:24:11.144, 4, 2032 MHz, 3996 MHz, 1080.47 W, 64
2026/10/07 22:24:11.144, 5, 120 MHz, 3996 MHz, 182.40 W, 36
2026/10/07 22:24:11.144, 6, 120 MHz, 3996 MHz, 185.22 W, 33
2026/10/07 22:24:11.144, 7, 120 MHz, 3996 MHz, 186.59 W, 33
2026/10/07 22:24:12.144, 0, 120 MHz, 3996 MHz, 189.76 W, 42
2026/10/07 22:24:12.144, 1, 120 MHz, 3996 MHz, 188.23 W, 37
2026/10/07 22:24:12.144, 2, 120 MHz, 3996 MHz, 185.68 W, 34
2026/10/07 22:24:12.144, 3, 2032 MHz, 3996 MHz, 1087.79 W, 60
2026/10/07 22:24:12.144, 4, 2032 MHz, 3996 MHz, 1079.69 W, 64
2026/10/07 22:24:12.144, 5, 120 MHz, 3996 MHz, 182.35 W, 36
2026/10/07 22:24:12.144, 6, 120 MHz, 3996 MHz, 185.26 W, 34
2026/10/07 22:24:12.144, 7, 120 MHz, 3996 MHz, 186.58 W, 33
2026/10/07 22:24:13.145, 0, 120 MHz, 3996 MHz, 188.35 W, 42
2026/10/07 22:24:13.145, 1, 120 MHz, 3996 MHz, 188.26 W, 37
2026/10/07 22:24:13.145, 2, 120 MHz, 3996 MHz, 185.70 W, 34
2026/10/07 22:24:13.145, 3, 2032 MHz, 3996 MHz, 1086.21 W, 60
2026/10/07 22:24:13.145, 4, 2032 MHz, 3996 MHz, 1076.63 W, 63
2026/10/07 22:24:13.145, 5, 120 MHz, 3996 MHz, 182.42 W, 36
2026/10/07 22:24:13.145, 6, 120 MHz, 3996 MHz, 185.71 W, 34
2026/10/07 22:24:13.145, 7, 120 MHz, 3996 MHz, 186.58 W, 33
2026/10/07 22:24:14.145, 0, 120 MHz, 3996 MHz, 188.35 W, 42
2026/10/07 22:24:14.145, 1, 120 MHz, 3996 MHz, 188.23 W, 37
2026/10/07 22:24:14.145, 2, 120 MHz, 3996 MHz, 185.64 W, 34
2026/10/07 22:24:14.145, 3, 2032 MHz, 3996 MHz, 888.75 W, 53
2026/10/07 22:24:14.145, 4, 2032 MHz, 3996 MHz, 817.65 W, 56
2026/10/07 22:24:14.145, 5, 120 MHz, 3996 MHz, 182.89 W, 36
2026/10/07 22:24:14.145, 6, 120 MHz, 3996 MHz, 185.61 W, 34
2026/10/07 22:24:14.145, 7, 120 MHz, 3996 MHz, 186.61 W, 33
2026/10/07 22:24:15.145, 0, 120 MHz, 3996 MHz, 188.35 W, 42
2026/10/07 22:24:15.145, 1, 120 MHz, 3996 MHz, 188.23 W, 38
2026/10/07 22:24:15.145, 2, 120 MHz, 3996 MHz, 185.88 W, 34
2026/10/07 22:24:15.145, 3, 2032 MHz, 3996 MHz, 254.93 W, 48
2026/10/07 22:24:15.145, 4, 2032 MHz, 3996 MHz, 250.75 W, 52
2026/10/07 22:24:15.145, 5, 120 MHz, 3996 MHz, 183.36 W, 36
2026/10/07 22:24:15.145, 6, 120 MHz, 3996 MHz, 185.52 W, 34
2026/10/07 22:24:15.145, 7, 120 MHz, 3996 MHz, 186.61 W, 33
2026/10/07 22:24:16.146, 0, 120 MHz, 3996 MHz, 188.35 W, 42
2026/10/07 22:24:16.146, 1, 120 MHz, 3996 MHz, 188.23 W, 38
2026/10/07 22:24:16.146, 2, 120 MHz, 3996 MHz, 185.77 W, 34
2026/10/07 22:24:16.146, 3, 2032 MHz, 3996 MHz, 263.47 W, 47
2026/10/07 22:24:16.146, 4, 2032 MHz, 3996 MHz, 259.91 W, 51
2026/10/07 22:24:16.146, 5, 120 MHz, 3996 MHz, 183.15 W, 36
2026/10/07 22:24:16.146, 6, 120 MHz, 3996 MHz, 185.40 W, 34
2026/10/07 22:24:16.146, 7, 120 MHz, 3996 MHz, 186.59 W, 33
2026/10/07 22:24:17.146, 0, 120 MHz, 3996 MHz, 188.35 W, 42
2026/10/07 22:24:17.146, 1, 120 MHz, 3996 MHz, 188.23 W, 38
2026/10/07 22:24:17.146, 2, 120 MHz, 3996 MHz, 185.92 W, 34
2026/10/07 22:24:17.146, 3, 2032 MHz, 3996 MHz, 251.90 W, 46
2026/10/07 22:24:17.146, 4, 2032 MHz, 3996 MHz, 246.45 W, 50
2026/10/07 22:24:17.146, 5, 120 MHz, 3996 MHz, 183.40 W, 36
2026/10/07 22:24:17.146, 6, 120 MHz, 3996 MHz, 185.94 W, 34
2026/10/07 22:24:17.146, 7, 120 MHz, 3996 MHz, 186.58 W, 33
2026/10/07 22:24:18.146, 0, 120 MHz, 3996 MHz, 188.35 W, 42
2026/10/07 22:24:18.146, 1, 120 MHz, 3996 MHz, 188.23 W, 38
2026/10/07 22:24:18.146, 2, 120 MHz, 3996 MHz, 185.88 W, 34
2026/10/07 22:24:18.146, 3, 2032 MHz, 3996 MHz, 249.88 W, 46
2026/10/07 22:24:18.146, 4, 2032 MHz, 3996 MHz, 246.36 W, 49
2026/10/07 22:24:18.146, 5, 120 MHz, 3996 MHz, 182.60 W, 36
2026/10/07 22:24:18.146, 6, 120 MHz, 3996 MHz, 185.69 W, 34
2026/10/07 22:24:18.146, 7, 120 MHz, 3996 MHz, 186.57 W, 33
2026/10/07 22:24:19.146, 0, 120 MHz, 3996 MHz, 188.35 W, 42
2026/10/07 22:24:19.147, 1, 120 MHz, 3996 MHz, 188.23 W, 38
2026/10/07 22:24:19.147, 2, 120 MHz, 3996 MHz, 185.88 W, 34
2026/10/07 22:24:19.147, 3, 2032 MHz, 3996 MHz, 248.71 W, 45
2026/10/07 22:24:19.147, 4, 2032 MHz, 3996 MHz, 245.20 W, 49
2026/10/07 22:24:19.147, 5, 120 MHz, 3996 MHz, 182.57 W, 36
2026/10/07 22:24:19.147, 6, 120 MHz, 3996 MHz, 185.69 W, 34
2026/10/07 22:24:19.147, 7, 120 MHz, 3996 MHz, 186.55 W, 33
2026/10/07 22:24:20.147, 0, 120 MHz, 3996 MHz, 188.35 W, 42
2026/10/07 22:24:20.147, 1, 120 MHz, 3996 MHz, 187.99 W, 38
2026/10/07 22:24:20.147, 2, 120 MHz, 3996 MHz, 185.85 W, 34
2026/10/07 22:24:20.147, 3, 2032 MHz, 3996 MHz, 248.55 W, 44
2026/10/07 22:24:20.147, 4, 2032 MHz, 3996 MHz, 244.55 W, 48
2026/10/07 22:24:20.147, 5, 120 MHz, 3996 MHz, 182.53 W, 36
2026/10/07 22:24:20.147, 6, 120 MHz, 3996 MHz, 185.80 W, 34
2026/10/07 22:24:20.147, 7, 120 MHz, 3996 MHz, 186.55 W, 33
2026/10/07 22:24:21.147, 0, 120 MHz, 3996 MHz, 188.35 W, 42
2026/10/07 22:24:21.147, 1, 120 MHz, 3996 MHz, 188.11 W, 38
2026/10/07 22:24:21.147, 2, 120 MHz, 3996 MHz, 185.93 W, 34
2026/10/07 22:24:21.147, 3, 2032 MHz, 3996 MHz, 248.78 W, 44
2026/10/07 22:24:21.147, 4, 2032 MHz, 3996 MHz, 244.92 W, 48
2026/10/07 22:24:21.147, 5, 120 MHz, 3996 MHz, 182.53 W, 36
2026/10/07 22:24:21.147, 6, 120 MHz, 3996 MHz, 185.79 W, 34
2026/10/07 22:24:21.147, 7, 120 MHz, 3996 MHz, 186.56 W, 33
2026/10/07 22:24:22.147, 0, 120 MHz, 3996 MHz, 188.35 W, 42
2026/10/07 22:24:22.147, 1, 120 MHz, 3996 MHz, 188.07 W, 38
2026/10/07 22:24:22.147, 2, 120 MHz, 3996 MHz, 185.89 W, 34
2026/10/07 22:24:22.148, 3, 2032 MHz, 3996 MHz, 247.17 W, 44
2026/10/07 22:24:22.148, 4, 2032 MHz, 3996 MHz, 244.46 W, 47
2026/10/07 22:24:22.148, 5, 120 MHz, 3996 MHz, 182.53 W, 36
2026/10/07 22:24:22.148, 6, 120 MHz, 3996 MHz, 185.73 W, 34
2026/10/07 22:24:22.148, 7, 120 MHz, 3996 MHz, 186.55 W, 33
2026/10/07 22:24:23.148, 0, 120 MHz, 3996 MHz, 188.35 W, 42
2026/10/07 22:24:23.148, 1, 120 MHz, 3996 MHz, 187.80 W, 38
2026/10/07 22:24:23.148, 2, 120 MHz, 3996 MHz, 185.95 W, 34
2026/10/07 22:24:23.148, 3, 405 MHz, 3996 MHz, 234.35 W, 43
2026/10/07 22:24:23.148, 4, 345 MHz, 3996 MHz, 214.32 W, 46
2026/10/07 22:24:23.148, 5, 120 MHz, 3996 MHz, 182.65 W, 36
2026/10/07 22:24:23.148, 6, 120 MHz, 3996 MHz, 185.57 W, 34
2026/10/07 22:24:23.148, 7, 120 MHz, 3996 MHz, 186.55 W, 33
2026/10/07 22:24:24.148, 0, 120 MHz, 3996 MHz, 188.35 W, 42
2026/10/07 22:24:24.148, 1, 120 MHz, 3996 MHz, 188.15 W, 38
2026/10/07 22:24:24.148, 2, 120 MHz, 3996 MHz, 185.93 W, 34
2026/10/07 22:24:24.148, 3, 255 MHz, 3996 MHz, 191.49 W, 42
2026/10/07 22:24:24.148, 4, 915 MHz, 3996 MHz, 191.14 W, 45
2026/10/07 22:24:24.148, 5, 120 MHz, 3996 MHz, 182.65 W, 36
2026/10/07 22:24:24.148, 6, 120 MHz, 3996 MHz, 186.01 W, 34
2026/10/07 22:24:24.148, 7, 120 MHz, 3996 MHz, 186.54 W, 33
2026/10/07 22:24:25.148, 0, 120 MHz, 3996 MHz, 188.35 W, 42
2026/10/07 22:24:25.148, 1, 120 MHz, 3996 MHz, 188.15 W, 38
2026/10/07 22:24:25.148, 2, 120 MHz, 3996 MHz, 185.73 W, 34
2026/10/07 22:24:25.148, 3, 165 MHz, 3996 MHz, 189.96 W, 41
2026/10/07 22:24:25.148, 4, 915 MHz, 3996 MHz, 196.36 W, 45
2026/10/07 22:24:25.148, 5, 120 MHz, 3996 MHz, 182.65 W, 36
2026/10/07 22:24:25.148, 6, 120 MHz, 3996 MHz, 185.80 W, 34
2026/10/07 22:24:25.148, 7, 120 MHz, 3996 MHz, 186.59 W, 33
2026/10/07 22:24:26.149, 0, 120 MHz, 3996 MHz, 188.35 W, 42
2026/10/07 22:24:26.149, 1, 120 MHz, 3996 MHz, 188.04 W, 38
2026/10/07 22:24:26.149, 2, 120 MHz, 3996 MHz, 185.62 W, 34
2026/10/07 22:24:26.149, 3, 120 MHz, 3996 MHz, 189.73 W, 41
2026/10/07 22:24:26.149, 4, 180 MHz, 3996 MHz, 194.40 W, 45
2026/10/07 22:24:26.149, 5, 120 MHz, 3996 MHz, 182.70 W, 36
2026/10/07 22:24:26.149, 6, 120 MHz, 3996 MHz, 185.82 W, 34
2026/10/07 22:24:26.149, 7, 120 MHz, 3996 MHz, 186.59 W, 33
2026/10/07 22:24:27.149, 0, 120 MHz, 3996 MHz, 188.35 W, 42
2026/10/07 22:24:27.149, 1, 120 MHz, 3996 MHz, 187.96 W, 38
2026/10/07 22:24:27.149, 2, 120 MHz, 3996 MHz, 185.55 W, 34
2026/10/07 22:24:27.149, 3, 120 MHz, 3996 MHz, 188.44 W, 40
2026/10/07 22:24:27.149, 4, 120 MHz, 3996 MHz, 188.55 W, 44
2026/10/07 22:24:27.149, 5, 120 MHz, 3996 MHz, 182.73 W, 36
2026/10/07 22:24:27.149, 6, 120 MHz, 3996 MHz, 185.52 W, 33
2026/10/07 22:24:27.149, 7, 120 MHz, 3996 MHz, 186.59 W, 33
2026/10/07 22:24:28.149, 0, 120 MHz, 3996 MHz, 188.35 W, 42
2026/10/07 22:24:28.149, 1, 120 MHz, 3996 MHz, 187.85 W, 38
2026/10/07 22:24:28.149, 2, 120 MHz, 3996 MHz, 185.38 W, 34
2026/10/07 22:24:28.149, 3, 120 MHz, 3996 MHz, 188.09 W, 40
2026/10/07 22:24:28.149, 4, 120 MHz, 3996 MHz, 188.48 W, 44
2026/10/07 22:24:28.149, 5, 120 MHz, 3996 MHz, 182.66 W, 36
2026/10/07 22:24:28.149, 6, 120 MHz, 3996 MHz, 185.41 W, 33
2026/10/07 22:24:28.149, 7, 120 MHz, 3996 MHz, 186.58 W, 32
2026/10/07 22:24:29.150, 0, 120 MHz, 3996 MHz, 188.35 W, 42
2026/10/07 22:24:29.150, 1, 120 MHz, 3996 MHz, 188.11 W, 38
2026/10/07 22:24:29.150, 2, 120 MHz, 3996 MHz, 185.16 W, 34
2026/10/07 22:24:29.150, 3, 120 MHz, 3996 MHz, 188.05 W, 40
2026/10/07 22:24:29.150, 4, 120 MHz, 3996 MHz, 188.48 W, 43
2026/10/07 22:24:29.150, 5, 120 MHz, 3996 MHz, 182.67 W, 36
2026/10/07 22:24:29.150, 6, 120 MHz, 3996 MHz, 185.41 W, 33
2026/10/07 22:24:29.150, 7, 120 MHz, 3996 MHz, 186.57 W, 32
2026/10/07 22:24:30.150, 0, 120 MHz, 3996 MHz, 188.35 W, 42
2026/10/07 22:24:30.150, 1, 120 MHz, 3996 MHz, 188.07 W, 38
2026/10/07 22:24:30.150, 2, 120 MHz, 3996 MHz, 185.59 W, 34
2026/10/07 22:24:30.150, 3, 120 MHz, 3996 MHz, 188.08 W, 39
2026/10/07 22:24:30.150, 4, 120 MHz, 3996 MHz, 188.48 W, 43
2026/10/07 22:24:30.150, 5, 120 MHz, 3996 MHz, 182.66 W, 36
2026/10/07 22:24:30.150, 6, 120 MHz, 3996 MHz, 185.37 W, 33
2026/10/07 22:24:30.150, 7, 120 MHz, 3996 MHz, 186.55 W, 32
2026/10/07 22:24:31.150, 0, 120 MHz, 3996 MHz, 188.35 W, 42
2026/10/07 22:24:31.150, 1, 120 MHz, 3996 MHz, 188.07 W, 37
2026/10/07 22:24:31.150, 2, 120 MHz, 3996 MHz, 185.43 W, 33
2026/10/07 22:24:31.150, 3, 120 MHz, 3996 MHz, 188.12 W, 39
2026/10/07 22:24:31.150, 4, 120 MHz, 3996 MHz, 188.47 W, 43
2026/10/07 22:24:31.150, 5, 120 MHz, 3996 MHz, 182.66 W, 36
2026/10/07 22:24:31.150, 6, 120 MHz, 3996 MHz, 185.07 W, 33
2026/10/07 22:24:31.150, 7, 120 MHz, 3996 MHz, 186.56 W, 32
2026/10/07 22:24:32.151, 0, 120 MHz, 3996 MHz, 188.35 W, 41
2026/10/07 22:24:32.151, 1, 120 MHz, 3996 MHz, 188.07 W, 38
2026/10/07 22:24:32.151, 2, 120 MHz, 3996 MHz, 184.99 W, 33
2026/10/07 22:24:32.151, 3, 120 MHz, 3996 MHz, 188.04 W, 39
2026/10/07 22:24:32.151, 4, 120 MHz, 3996 MHz, 188.43 W, 43
2026/10/07 22:24:32.151, 5, 120 MHz, 3996 MHz, 182.67 W, 36
2026/10/07 22:24:32.151, 6, 120 MHz, 3996 MHz, 185.06 W, 33
2026/10/07 22:24:32.151, 7, 120 MHz, 3996 MHz, 186.58 W, 32
2026/10/07 22:24:33.151, 0, 120 MHz, 3996 MHz, 188.35 W, 41
2026/10/07 22:24:33.151, 1, 120 MHz, 3996 MHz, 188.07 W, 37
2026/10/07 22:24:33.151, 2, 120 MHz, 3996 MHz, 184.71 W, 33
2026/10/07 22:24:33.151, 3, 120 MHz, 3996 MHz, 188.01 W, 39
2026/10/07 22:24:33.151, 4, 120 MHz, 3996 MHz, 188.28 W, 42
2026/10/07 22:24:33.151, 5, 120 MHz, 3996 MHz, 182.67 W, 36
2026/10/07 22:24:33.151, 6, 120 MHz, 3996 MHz, 184.95 W, 33
2026/10/07 22:24:33.151, 7, 120 MHz, 3996 MHz, 186.58 W, 32
2026/10/07 22:24:34.151, 0, 120 MHz, 3996 MHz, 188.35 W, 41
2026/10/07 22:24:34.151, 1, 120 MHz, 3996 MHz, 188.11 W, 38
2026/10/07 22:24:34.151, 2, 120 MHz, 3996 MHz, 184.99 W, 33
2026/10/07 22:24:34.151, 3, 120 MHz, 3996 MHz, 188.01 W, 38
2026/10/07 22:24:34.151, 4, 120 MHz, 3996 MHz, 188.05 W, 42
2026/10/07 22:24:34.151, 5, 120 MHz, 3996 MHz, 182.66 W, 36
2026/10/07 22:24:34.152, 6, 120 MHz, 3996 MHz, 184.99 W, 33
2026/10/07 22:24:34.152, 7, 120 MHz, 3996 MHz, 186.58 W, 32
2026/10/07 22:24:35.152, 0, 120 MHz, 3996 MHz, 188.35 W, 41
2026/10/07 22:24:35.152, 1, 120 MHz, 3996 MHz, 188.19 W, 38
2026/10/07 22:24:35.152, 2, 120 MHz, 3996 MHz, 184.64 W, 33
2026/10/07 22:24:35.152, 3, 120 MHz, 3996 MHz, 188.01 W, 38
2026/10/07 22:24:35.152, 4, 120 MHz, 3996 MHz, 186.84 W, 42
2026/10/07 22:24:35.152, 5, 120 MHz, 3996 MHz, 182.74 W, 36
2026/10/07 22:24:35.152, 6, 120 MHz, 3996 MHz, 184.99 W, 33
2026/10/07 22:24:35.152, 7, 120 MHz, 3996 MHz, 186.56 W, 32
2026/10/07 22:24:36.152, 0, 120 MHz, 3996 MHz, 188.35 W, 41
2026/10/07 22:24:36.152, 1, 120 MHz, 3996 MHz, 188.19 W, 38
2026/10/07 22:24:36.152, 2, 120 MHz, 3996 MHz, 184.24 W, 33
2026/10/07 22:24:36.152, 3, 120 MHz, 3996 MHz, 188.01 W, 38
2026/10/07 22:24:36.152, 4, 120 MHz, 3996 MHz, 186.53 W, 42
2026/10/07 22:24:36.152, 5, 120 MHz, 3996 MHz, 182.68 W, 36
2026/10/07 22:24:36.152, 6, 120 MHz, 3996 MHz, 184.83 W, 33
2026/10/07 22:24:36.152, 7, 120 MHz, 3996 MHz, 186.56 W, 32
2026/10/07 22:24:37.154, 0, 120 MHz, 3996 MHz, 188.35 W, 41
2026/10/07 22:24:37.154, 1, 120 MHz, 3996 MHz, 188.03 W, 38
2026/10/07 22:24:37.154, 2, 120 MHz, 3996 MHz, 184.24 W, 33
2026/10/07 22:24:37.154, 3, 120 MHz, 3996 MHz, 187.93 W, 38
2026/10/07 22:24:37.155, 4, 120 MHz, 3996 MHz, 186.53 W, 42
2026/10/07 22:24:37.155, 5, 120 MHz, 3996 MHz, 182.70 W, 36
2026/10/07 22:24:37.155, 6, 120 MHz, 3996 MHz, 184.83 W, 33
2026/10/07 22:24:37.155, 7, 120 MHz, 3996 MHz, 186.49 W, 32
2026/10/07 22:24:38.155, 0, 120 MHz, 3996 MHz, 188.35 W, 41
2026/10/07 22:24:38.155, 1, 120 MHz, 3996 MHz, 188.15 W, 38
2026/10/07 22:24:38.155, 2, 120 MHz, 3996 MHz, 184.47 W, 33
2026/10/07 22:24:38.155, 3, 120 MHz, 3996 MHz, 187.89 W, 38
2026/10/07 22:24:38.155, 4, 120 MHz, 3996 MHz, 186.53 W, 42
2026/10/07 22:24:38.155, 5, 120 MHz, 3996 MHz, 182.64 W, 36
2026/10/07 22:24:38.155, 6, 120 MHz, 3996 MHz, 184.91 W, 33
2026/10/07 22:24:38.155, 7, 120 MHz, 3996 MHz, 186.53 W, 32
2026/10/07 22:24:39.155, 0, 120 MHz, 3996 MHz, 188.35 W, 41
2026/10/07 22:24:39.155, 1, 120 MHz, 3996 MHz, 187.99 W, 38
2026/10/07 22:24:39.155, 2, 120 MHz, 3996 MHz, 184.24 W, 33
2026/10/07 22:24:39.155, 3, 120 MHz, 3996 MHz, 187.89 W, 38
2026/10/07 22:24:39.155, 4, 120 MHz, 3996 MHz, 186.53 W, 42
2026/10/07 22:24:39.155, 5, 120 MHz, 3996 MHz, 182.71 W, 36
2026/10/07 22:24:39.155, 6, 120 MHz, 3996 MHz, 184.87 W, 33
2026/10/07 22:24:39.155, 7, 120 MHz, 3996 MHz, 186.50 W, 32
2026/10/07 22:24:40.155, 0, 120 MHz, 3996 MHz, 188.35 W, 41
2026/10/07 22:24:40.155, 1, 120 MHz, 3996 MHz, 188.11 W, 38
2026/10/07 22:24:40.155, 2, 120 MHz, 3996 MHz, 184.24 W, 33
2026/10/07 22:24:40.155, 3, 120 MHz, 3996 MHz, 187.69 W, 37
2026/10/07 22:24:40.155, 4, 2032 MHz, 3996 MHz, 189.56 W, 42
2026/10/07 22:24:40.155, 5, 120 MHz, 3996 MHz, 182.69 W, 36
2026/10/07 22:24:40.155, 6, 120 MHz, 3996 MHz, 184.83 W, 33
2026/10/07 22:24:40.155, 7, 120 MHz, 3996 MHz, 186.52 W, 32
2026/10/07 22:24:41.156, 0, 120 MHz, 3996 MHz, 188.35 W, 41
2026/10/07 22:24:41.156, 1, 120 MHz, 3996 MHz, 188.11 W, 38
2026/10/07 22:24:41.156, 2, 120 MHz, 3996 MHz, 184.21 W, 33
2026/10/07 22:24:41.156, 3, 120 MHz, 3996 MHz, 187.31 W, 37
2026/10/07 22:24:41.156, 4, 2032 MHz, 3996 MHz, 240.41 W, 43
2026/10/07 22:24:41.156, 5, 120 MHz, 3996 MHz, 182.64 W, 36
2026/10/07 22:24:41.156, 6, 120 MHz, 3996 MHz, 184.83 W, 33
2026/10/07 22:24:41.156, 7, 120 MHz, 3996 MHz, 186.35 W, 32
2026/10/07 22:24:42.156, 0, 120 MHz, 3996 MHz, 188.35 W, 41
2026/10/07 22:24:42.156, 1, 120 MHz, 3996 MHz, 188.23 W, 38
2026/10/07 22:24:42.156, 2, 120 MHz, 3996 MHz, 184.13 W, 33
2026/10/07 22:24:42.156, 3, 120 MHz, 3996 MHz, 187.38 W, 37
2026/10/07 22:24:42.156, 4, 2032 MHz, 3996 MHz, 239.10 W, 43
2026/10/07 22:24:42.156, 5, 120 MHz, 3996 MHz, 182.69 W, 36
2026/10/07 22:24:42.156, 6, 120 MHz, 3996 MHz, 184.83 W, 33
2026/10/07 22:24:42.156, 7, 120 MHz, 3996 MHz, 186.45 W, 32
2026/10/07 22:24:43.156, 0, 120 MHz, 3996 MHz, 188.35 W, 41
2026/10/07 22:24:43.156, 1, 120 MHz, 3996 MHz, 188.15 W, 38
2026/10/07 22:24:43.156, 2, 120 MHz, 3996 MHz, 184.11 W, 33
2026/10/07 22:24:43.156, 3, 2032 MHz, 3996 MHz, 195.83 W, 37
2026/10/07 22:24:43.156, 4, 2032 MHz, 3996 MHz, 241.21 W, 42
2026/10/07 22:24:43.156, 5, 120 MHz, 3996 MHz, 182.70 W, 36
2026/10/07 22:24:43.156, 6, 120 MHz, 3996 MHz, 184.83 W, 33
2026/10/07 22:24:43.156, 7, 120 MHz, 3996 MHz, 186.36 W, 32
2026/10/07 22:24:44.157, 0, 120 MHz, 3996 MHz, 188.35 W, 41
2026/10/07 22:24:44.157, 1, 120 MHz, 3996 MHz, 188.23 W, 38
2026/10/07 22:24:44.157, 2, 120 MHz, 3996 MHz, 184.24 W, 33
2026/10/07 22:24:44.157, 3, 2032 MHz, 3996 MHz, 241.46 W, 38
2026/10/07 22:24:44.157, 4, 2032 MHz, 3996 MHz, 240.67 W, 42
2026/10/07 22:24:44.157, 5, 120 MHz, 3996 MHz, 182.78 W, 36
2026/10/07 22:24:44.157, 6, 120 MHz, 3996 MHz, 184.83 W, 33
2026/10/07 22:24:44.157, 7, 120 MHz, 3996 MHz, 186.36 W, 32
2026/10/07 22:24:45.157, 0, 120 MHz, 3996 MHz, 188.35 W, 41
2026/10/07 22:24:45.157, 1, 120 MHz, 3996 MHz, 188.15 W, 38
2026/10/07 22:24:45.157, 2, 120 MHz, 3996 MHz, 184.28 W, 33
2026/10/07 22:24:45.157, 3, 2032 MHz, 3996 MHz, 240.88 W, 38
2026/10/07 22:24:45.157, 4, 2032 MHz, 3996 MHz, 258.51 W, 43
2026/10/07 22:24:45.157, 5, 120 MHz, 3996 MHz, 182.62 W, 36
2026/10/07 22:24:45.157, 6, 120 MHz, 3996 MHz, 184.83 W, 33
2026/10/07 22:24:45.157, 7, 120 MHz, 3996 MHz, 186.43 W, 32
2026/10/07 22:24:46.157, 0, 120 MHz, 3996 MHz, 188.35 W, 41
2026/10/07 22:24:46.157, 1, 120 MHz, 3996 MHz, 188.23 W, 38
2026/10/07 22:24:46.157, 2, 120 MHz, 3996 MHz, 184.20 W, 33
2026/10/07 22:24:46.157, 3, 2032 MHz, 3996 MHz, 241.68 W, 38
2026/10/07 22:24:46.157, 4, 2032 MHz, 3996 MHz, 247.21 W, 43
2026/10/07 22:24:46.157, 5, 120 MHz, 3996 MHz, 182.64 W, 36
2026/10/07 22:24:46.157, 6, 120 MHz, 3996 MHz, 184.83 W, 33
2026/10/07 22:24:46.157, 7, 120 MHz, 3996 MHz, 186.31 W, 32
2026/10/07 22:24:47.158, 0, 120 MHz, 3996 MHz, 188.35 W, 41
2026/10/07 22:24:47.158, 1, 120 MHz, 3996 MHz, 188.23 W, 38
2026/10/07 22:24:47.158, 2, 120 MHz, 3996 MHz, 184.12 W, 33
2026/10/07 22:24:47.158, 3, 2032 MHz, 3996 MHz, 242.13 W, 37
2026/10/07 22:24:47.158, 4, 2032 MHz, 3996 MHz, 258.74 W, 43
2026/10/07 22:24:47.158, 5, 120 MHz, 3996 MHz, 182.62 W, 36
2026/10/07 22:24:47.158, 6, 120 MHz, 3996 MHz, 184.83 W, 33
2026/10/07 22:24:47.158, 7, 120 MHz, 3996 MHz, 186.22 W, 32
2026/10/07 22:24:48.158, 0, 120 MHz, 3996 MHz, 188.35 W, 41
2026/10/07 22:24:48.158, 1, 120 MHz, 3996 MHz, 188.23 W, 38
2026/10/07 22:24:48.158, 2, 120 MHz, 3996 MHz, 184.05 W, 33
2026/10/07 22:24:48.158, 3, 2032 MHz, 3996 MHz, 242.45 W, 37
2026/10/07 22:24:48.158, 4, 2032 MHz, 3996 MHz, 572.91 W, 49
2026/10/07 22:24:48.158, 5, 120 MHz, 3996 MHz, 182.32 W, 36
2026/10/07 22:24:48.158, 6, 120 MHz, 3996 MHz, 184.83 W, 33
2026/10/07 22:24:48.158, 7, 120 MHz, 3996 MHz, 186.27 W, 32
2026/10/07 22:24:49.158, 0, 120 MHz, 3996 MHz, 188.35 W, 41
2026/10/07 22:24:49.158, 1, 120 MHz, 3996 MHz, 188.23 W, 38
2026/10/07 22:24:49.158, 2, 120 MHz, 3996 MHz, 184.05 W, 33
2026/10/07 22:24:49.158, 3, 2032 MHz, 3996 MHz, 241.90 W, 37
2026/10/07 22:24:49.158, 4, 2032 MHz, 3996 MHz, 241.35 W, 43
2026/10/07 22:24:49.158, 5, 120 MHz, 3996 MHz, 182.59 W, 36
2026/10/07 22:24:49.158, 6, 120 MHz, 3996 MHz, 184.83 W, 33
2026/10/07 22:24:49.158, 7, 120 MHz, 3996 MHz, 186.14 W, 32
2026/10/07 22:24:50.158, 0, 120 MHz, 3996 MHz, 188.35 W, 40
2026/10/07 22:24:50.159, 1, 120 MHz, 3996 MHz, 188.23 W, 38
2026/10/07 22:24:50.159, 2, 120 MHz, 3996 MHz, 184.11 W, 33
2026/10/07 22:24:50.159, 3, 2032 MHz, 3996 MHz, 259.26 W, 37
2026/10/07 22:24:50.159, 4, 2032 MHz, 3996 MHz, 324.12 W, 44
2026/10/07 22:24:50.159, 5, 120 MHz, 3996 MHz, 182.45 W, 36
2026/10/07 22:24:50.159, 6, 120 MHz, 3996 MHz, 184.83 W, 32
2026/10/07 22:24:50.159, 7, 120 MHz, 3996 MHz, 186.06 W, 31
2026/10/07 22:24:51.159, 0, 120 MHz, 3996 MHz, 188.35 W, 40
2026/10/07 22:24:51.159, 1, 120 MHz, 3996 MHz, 188.23 W, 38
2026/10/07 22:24:51.159, 2, 120 MHz, 3996 MHz, 183.96 W, 33
2026/10/07 22:24:51.159, 3, 2032 MHz, 3996 MHz, 241.86 W, 37
2026/10/07 22:24:51.159, 4, 2032 MHz, 3996 MHz, 297.06 W, 44
2026/10/07 22:24:51.159, 5, 120 MHz, 3996 MHz, 182.57 W, 36
2026/10/07 22:24:51.159, 6, 120 MHz, 3996 MHz, 184.83 W, 32
2026/10/07 22:24:51.159, 7, 120 MHz, 3996 MHz, 185.89 W, 31
2026/10/07 22:24:52.159, 0, 120 MHz, 3996 MHz, 188.35 W, 40
2026/10/07 22:24:52.159, 1, 120 MHz, 3996 MHz, 188.23 W, 38
2026/10/07 22:24:52.159, 2, 120 MHz, 3996 MHz, 183.96 W, 33
2026/10/07 22:24:52.159, 3, 2032 MHz, 3996 MHz, 247.68 W, 37
2026/10/07 22:24:52.159, 4, 2032 MHz, 3996 MHz, 289.00 W, 43
2026/10/07 22:24:52.159, 5, 120 MHz, 3996 MHz, 182.48 W, 36
2026/10/07 22:24:52.159, 6, 120 MHz, 3996 MHz, 184.83 W, 32
2026/10/07 22:24:52.159, 7, 120 MHz, 3996 MHz, 185.34 W, 31
2026/10/07 22:24:53.160, 0, 120 MHz, 3996 MHz, 188.35 W, 40
2026/10/07 22:24:53.160, 1, 120 MHz, 3996 MHz, 188.23 W, 38
2026/10/07 22:24:53.160, 2, 120 MHz, 3996 MHz, 184.01 W, 32
2026/10/07 22:24:53.160, 3, 2032 MHz, 3996 MHz, 259.71 W, 37
2026/10/07 22:24:53.160, 4, 2032 MHz, 3996 MHz, 256.65 W, 43
2026/10/07 22:24:53.160, 5, 120 MHz, 3996 MHz, 182.51 W, 36
2026/10/07 22:24:53.160, 6, 120 MHz, 3996 MHz, 184.83 W, 32
2026/10/07 22:24:53.160, 7, 120 MHz, 3996 MHz, 185.53 W, 31
2026/10/07 22:24:54.160, 0, 120 MHz, 3996 MHz, 188.35 W, 40
2026/10/07 22:24:54.160, 1, 120 MHz, 3996 MHz, 188.23 W, 38
2026/10/07 22:24:54.160, 2, 120 MHz, 3996 MHz, 184.01 W, 32
2026/10/07 22:24:54.160, 3, 2032 MHz, 3996 MHz, 307.16 W, 38
2026/10/07 22:24:54.160, 4, 2032 MHz, 3996 MHz, 256.94 W, 43
2026/10/07 22:24:54.160, 5, 120 MHz, 3996 MHz, 182.62 W, 36
2026/10/07 22:24:54.160, 6, 120 MHz, 3996 MHz, 184.83 W, 32
2026/10/07 22:24:54.160, 7, 120 MHz, 3996 MHz, 185.59 W, 31
2026/10/07 22:24:55.160, 0, 120 MHz, 3996 MHz, 188.35 W, 40
2026/10/07 22:24:55.160, 1, 120 MHz, 3996 MHz, 188.23 W, 38
2026/10/07 22:24:55.160, 2, 120 MHz, 3996 MHz, 183.87 W, 32
2026/10/07 22:24:55.160, 3, 2032 MHz, 3996 MHz, 301.85 W, 38
2026/10/07 22:24:55.160, 4, 2032 MHz, 3996 MHz, 250.54 W, 42
2026/10/07 22:24:55.160, 5, 120 MHz, 3996 MHz, 182.56 W, 36
2026/10/07 22:24:55.160, 6, 120 MHz, 3996 MHz, 184.83 W, 32
2026/10/07 22:24:55.160, 7, 120 MHz, 3996 MHz, 185.34 W, 31
2026/10/07 22:24:56.161, 0, 120 MHz, 3996 MHz, 188.27 W, 40
2026/10/07 22:24:56.161, 1, 2032 MHz, 3996 MHz, 225.18 W, 39
2026/10/07 22:24:56.161, 2, 120 MHz, 3996 MHz, 183.95 W, 32
2026/10/07 22:24:56.161, 3, 2032 MHz, 3996 MHz, 288.91 W, 37
2026/10/07 22:24:56.161, 4, 2032 MHz, 3996 MHz, 245.75 W, 42
2026/10/07 22:24:56.161, 5, 120 MHz, 3996 MHz, 182.57 W, 36
2026/10/07 22:24:56.161, 6, 120 MHz, 3996 MHz, 184.83 W, 32
2026/10/07 22:24:56.161, 7, 120 MHz, 3996 MHz, 185.10 W, 31
2026/10/07 22:24:57.161, 0, 120 MHz, 3996 MHz, 188.23 W, 40
2026/10/07 22:24:57.161, 1, 2032 MHz, 3996 MHz, 250.08 W, 39
2026/10/07 22:24:57.161, 2, 120 MHz, 3996 MHz, 183.91 W, 32
2026/10/07 22:24:57.161, 3, 2032 MHz, 3996 MHz, 259.31 W, 37
2026/10/07 22:24:57.161, 4, 2032 MHz, 3996 MHz, 243.66 W, 42
2026/10/07 22:24:57.161, 5, 120 MHz, 3996 MHz, 182.66 W, 36
2026/10/07 22:24:57.161, 6, 120 MHz, 3996 MHz, 184.83 W, 32
2026/10/07 22:24:57.161, 7, 120 MHz, 3996 MHz, 185.92 W, 31
2026/10/07 22:24:58.161, 0, 120 MHz, 3996 MHz, 188.23 W, 40
2026/10/07 22:24:58.161, 1, 2032 MHz, 3996 MHz, 250.07 W, 39
2026/10/07 22:24:58.161, 2, 120 MHz, 3996 MHz, 183.91 W, 32
2026/10/07 22:24:58.161, 3, 2032 MHz, 3996 MHz, 260.22 W, 37
2026/10/07 22:24:58.161, 4, 2032 MHz, 3996 MHz, 239.88 W, 42
2026/10/07 22:24:58.161, 5, 120 MHz, 3996 MHz, 182.69 W, 36
2026/10/07 22:24:58.161, 6, 120 MHz, 3996 MHz, 184.83 W, 32
2026/10/07 22:24:58.161, 7, 120 MHz, 3996 MHz, 186.52 W, 31
2026/10/07 22:24:59.162, 0, 2032 MHz, 3996 MHz, 218.41 W, 41
2026/10/07 22:24:59.162, 1, 2032 MHz, 3996 MHz, 250.03 W, 39
2026/10/07 22:24:59.162, 2, 120 MHz, 3996 MHz, 183.92 W, 32
2026/10/07 22:24:59.162, 3, 2032 MHz, 3996 MHz, 254.68 W, 36
2026/10/07 22:24:59.162, 4, 2032 MHz, 3996 MHz, 239.89 W, 42
2026/10/07 22:24:59.162, 5, 120 MHz, 3996 MHz, 182.64 W, 36
2026/10/07 22:24:59.162, 6, 120 MHz, 3996 MHz, 184.83 W, 32
2026/10/07 22:24:59.162, 7, 120 MHz, 3996 MHz, 186.52 W, 31
2026/10/07 22:25:00.162, 0, 2032 MHz, 3996 MHz, 240.83 W, 41
2026/10/07 22:25:00.162, 1, 2032 MHz, 3996 MHz, 250.03 W, 39
2026/10/07 22:25:00.162, 2, 120 MHz, 3996 MHz, 183.96 W, 31
2026/10/07 22:25:00.165, 3, 2032 MHz, 3996 MHz, 244.53 W, 36
2026/10/07 22:25:00.165, 4, 2032 MHz, 3996 MHz, 240.05 W, 42
2026/10/07 22:25:00.165, 5, 120 MHz, 3996 MHz, 182.53 W, 36
2026/10/07 22:25:00.165, 6, 120 MHz, 3996 MHz, 184.83 W, 32
2026/10/07 22:25:00.165, 7, 120 MHz, 3996 MHz, 186.52 W, 31
2026/10/07 22:25:01.166, 0, 2032 MHz, 3996 MHz, 240.64 W, 41
2026/10/07 22:25:01.166, 1, 2032 MHz, 3996 MHz, 250.04 W, 39
2026/10/07 22:25:01.166, 2, 120 MHz, 3996 MHz, 183.99 W, 32
2026/10/07 22:25:01.166, 3, 2032 MHz, 3996 MHz, 247.19 W, 36
2026/10/07 22:25:01.166, 4, 2032 MHz, 3996 MHz, 248.42 W, 42
2026/10/07 22:25:01.166, 5, 120 MHz, 3996 MHz, 182.64 W, 36
2026/10/07 22:25:01.166, 6, 120 MHz, 3996 MHz, 184.83 W, 32
2026/10/07 22:25:01.166, 7, 120 MHz, 3996 MHz, 186.49 W, 31
2026/10/07 22:25:02.166, 0, 2032 MHz, 3996 MHz, 241.09 W, 41
2026/10/07 22:25:02.166, 1, 2032 MHz, 3996 MHz, 250.17 W, 39
2026/10/07 22:25:02.166, 2, 120 MHz, 3996 MHz, 183.97 W, 32
2026/10/07 22:25:02.166, 3, 2032 MHz, 3996 MHz, 240.73 W, 36
2026/10/07 22:25:02.166, 4, 2032 MHz, 3996 MHz, 239.36 W, 42
2026/10/07 22:25:02.166, 5, 120 MHz, 3996 MHz, 182.69 W, 36
2026/10/07 22:25:02.166, 6, 120 MHz, 3996 MHz, 184.83 W, 32
2026/10/07 22:25:02.166, 7, 120 MHz, 3996 MHz, 186.31 W, 31
2026/10/07 22:25:03.166, 0, 2032 MHz, 3996 MHz, 241.98 W, 41
2026/10/07 22:25:03.166, 1, 2032 MHz, 3996 MHz, 250.35 W, 39
2026/10/07 22:25:03.166, 2, 120 MHz, 3996 MHz, 183.97 W, 32
2026/10/07 22:25:03.166, 3, 2032 MHz, 3996 MHz, 240.57 W, 36
2026/10/07 22:25:03.166, 4, 2032 MHz, 3996 MHz, 238.73 W, 42
2026/10/07 22:25:03.166, 5, 120 MHz, 3996 MHz, 182.62 W, 36
2026/10/07 22:25:03.167, 6, 120 MHz, 3996 MHz, 184.83 W, 32
2026/10/07 22:25:03.167, 7, 120 MHz, 3996 MHz, 186.33 W, 31
2026/10/07 22:25:04.167, 0, 2032 MHz, 3996 MHz, 241.88 W, 41
2026/10/07 22:25:04.167, 1, 2032 MHz, 3996 MHz, 250.57 W, 40
2026/10/07 22:25:04.167, 2, 120 MHz, 3996 MHz, 183.97 W, 32
2026/10/07 22:25:04.167, 3, 2032 MHz, 3996 MHz, 240.65 W, 36
2026/10/07 22:25:04.167, 4, 2032 MHz, 3996 MHz, 238.69 W, 42
2026/10/07 22:25:04.167, 5, 120 MHz, 3996 MHz, 182.58 W, 36
2026/10/07 22:25:04.167, 6, 120 MHz, 3996 MHz, 184.83 W, 32
2026/10/07 22:25:04.167, 7, 120 MHz, 3996 MHz, 186.27 W, 30
2026/10/07 22:25:05.167, 0, 2032 MHz, 3996 MHz, 241.60 W, 41
2026/10/07 22:25:05.167, 1, 2032 MHz, 3996 MHz, 250.21 W, 40
2026/10/07 22:25:05.167, 2, 120 MHz, 3996 MHz, 183.95 W, 32
2026/10/07 22:25:05.167, 3, 2032 MHz, 3996 MHz, 244.34 W, 36
2026/10/07 22:25:05.167, 4, 2032 MHz, 3996 MHz, 238.69 W, 42
2026/10/07 22:25:05.167, 5, 120 MHz, 3996 MHz, 182.54 W, 36
2026/10/07 22:25:05.167, 6, 120 MHz, 3996 MHz, 184.83 W, 31
2026/10/07 22:25:05.167, 7, 120 MHz, 3996 MHz, 186.30 W, 30
2026/10/07 22:25:06.167, 0, 2032 MHz, 3996 MHz, 241.62 W, 41
2026/10/07 22:25:06.167, 1, 2032 MHz, 3996 MHz, 250.50 W, 40
2026/10/07 22:25:06.167, 2, 120 MHz, 3996 MHz, 183.97 W, 32
2026/10/07 22:25:06.167, 3, 2032 MHz, 3996 MHz, 247.47 W, 35
2026/10/07 22:25:06.167, 4, 2032 MHz, 3996 MHz, 238.69 W, 41
2026/10/07 22:25:06.167, 5, 120 MHz, 3996 MHz, 182.58 W, 36
2026/10/07 22:25:06.167, 6, 120 MHz, 3996 MHz, 184.83 W, 31
2026/10/07 22:25:06.167, 7, 120 MHz, 3996 MHz, 185.96 W, 30
2026/10/07 22:25:07.168, 0, 2032 MHz, 3996 MHz, 241.58 W, 41
2026/10/07 22:25:07.168, 1, 2032 MHz, 3996 MHz, 250.53 W, 40
2026/10/07 22:25:07.168, 2, 120 MHz, 3996 MHz, 183.97 W, 32
2026/10/07 22:25:07.168, 3, 2032 MHz, 3996 MHz, 239.98 W, 35
2026/10/07 22:25:07.168, 4, 2032 MHz, 3996 MHz, 238.70 W, 41
2026/10/07 22:25:07.168, 5, 120 MHz, 3996 MHz, 182.62 W, 36
2026/10/07 22:25:07.168, 6, 120 MHz, 3996 MHz, 184.83 W, 31
2026/10/07 22:25:07.168, 7, 120 MHz, 3996 MHz, 186.07 W, 30
2026/10/07 22:25:08.168, 0, 2032 MHz, 3996 MHz, 241.58 W, 41
2026/10/07 22:25:08.168, 1, 2032 MHz, 3996 MHz, 250.24 W, 40
2026/10/07 22:25:08.168, 2, 120 MHz, 3996 MHz, 183.99 W, 31
2026/10/07 22:25:08.168, 3, 2032 MHz, 3996 MHz, 277.63 W, 35
2026/10/07 22:25:08.168, 4, 2025 MHz, 3996 MHz, 294.76 W, 45
2026/10/07 22:25:08.168, 5, 120 MHz, 3996 MHz, 182.55 W, 36
2026/10/07 22:25:08.168, 6, 120 MHz, 3996 MHz, 184.83 W, 31
2026/10/07 22:25:08.168, 7, 120 MHz, 3996 MHz, 186.12 W, 30
2026/10/07 22:25:09.169, 0, 2032 MHz, 3996 MHz, 241.44 W, 41
2026/10/07 22:25:09.169, 1, 2032 MHz, 3996 MHz, 250.05 W, 40
2026/10/07 22:25:09.169, 2, 120 MHz, 3996 MHz, 183.97 W, 31
2026/10/07 22:25:09.169, 3, 2032 MHz, 3996 MHz, 238.77 W, 35
2026/10/07 22:25:09.169, 4, 2032 MHz, 3996 MHz, 239.51 W, 41
2026/10/07 22:25:09.169, 5, 120 MHz, 3996 MHz, 182.65 W, 36
2026/10/07 22:25:09.169, 6, 120 MHz, 3996 MHz, 184.83 W, 31
2026/10/07 22:25:09.169, 7, 120 MHz, 3996 MHz, 185.65 W, 30
2026/10/07 22:25:10.169, 0, 2032 MHz, 3996 MHz, 241.34 W, 41
2026/10/07 22:25:10.169, 1, 2032 MHz, 3996 MHz, 250.30 W, 40
2026/10/07 22:25:10.169, 2, 120 MHz, 3996 MHz, 183.97 W, 31
2026/10/07 22:25:10.169, 3, 2032 MHz, 3996 MHz, 238.85 W, 35
2026/10/07 22:25:10.169, 4, 2032 MHz, 3996 MHz, 238.69 W, 41
2026/10/07 22:25:10.169, 5, 120 MHz, 3996 MHz, 182.67 W, 36
2026/10/07 22:25:10.169, 6, 120 MHz, 3996 MHz, 184.83 W, 31
2026/10/07 22:25:10.169, 7, 120 MHz, 3996 MHz, 185.35 W, 30
2026/10/07 22:25:11.169, 0, 2032 MHz, 3996 MHz, 241.20 W, 40
2026/10/07 22:25:11.169, 1, 2032 MHz, 3996 MHz, 251.83 W, 40
2026/10/07 22:25:11.169, 2, 120 MHz, 3996 MHz, 183.97 W, 31
2026/10/07 22:25:11.169, 3, 2032 MHz, 3996 MHz, 238.77 W, 35
2026/10/07 22:25:11.169, 4, 2032 MHz, 3996 MHz, 238.68 W, 41
2026/10/07 22:25:11.169, 5, 120 MHz, 3996 MHz, 182.64 W, 36
2026/10/07 22:25:11.169, 6, 120 MHz, 3996 MHz, 184.83 W, 31
2026/10/07 22:25:11.169, 7, 120 MHz, 3996 MHz, 185.57 W, 30
2026/10/07 22:25:12.170, 0, 2032 MHz, 3996 MHz, 241.01 W, 40
2026/10/07 22:25:12.170, 1, 2032 MHz, 3996 MHz, 251.47 W, 40
2026/10/07 22:25:12.170, 2, 120 MHz, 3996 MHz, 183.97 W, 31
2026/10/07 22:25:12.170, 3, 2032 MHz, 3996 MHz, 238.77 W, 35
2026/10/07 22:25:12.170, 4, 2032 MHz, 3996 MHz, 238.69 W, 41
2026/10/07 22:25:12.170, 5, 120 MHz, 3996 MHz, 182.57 W, 36
2026/10/07 22:25:12.170, 6, 120 MHz, 3996 MHz, 184.83 W, 31
2026/10/07 22:25:12.170, 7, 120 MHz, 3996 MHz, 185.15 W, 30
2026/10/07 22:25:13.170, 0, 2032 MHz, 3996 MHz, 240.50 W, 40
2026/10/07 22:25:13.170, 1, 2032 MHz, 3996 MHz, 261.63 W, 40
2026/10/07 22:25:13.170, 2, 120 MHz, 3996 MHz, 184.03 W, 31
2026/10/07 22:25:13.170, 3, 2032 MHz, 3996 MHz, 553.23 W, 40
2026/10/07 22:25:13.170, 4, 2032 MHz, 3996 MHz, 238.72 W, 41
2026/10/07 22:25:13.170, 5, 120 MHz, 3996 MHz, 182.64 W, 36
2026/10/07 22:25:13.170, 6, 120 MHz, 3996 MHz, 184.83 W, 31
2026/10/07 22:25:13.170, 7, 120 MHz, 3996 MHz, 184.86 W, 30
2026/10/07 22:25:14.170, 0, 2032 MHz, 3996 MHz, 240.39 W, 40
2026/10/07 22:25:14.170, 1, 2032 MHz, 3996 MHz, 249.93 W, 40
2026/10/07 22:25:14.170, 2, 120 MHz, 3996 MHz, 184.03 W, 31
2026/10/07 22:25:14.170, 3, 2032 MHz, 3996 MHz, 455.46 W, 36
2026/10/07 22:25:14.170, 4, 2032 MHz, 3996 MHz, 238.72 W, 41
2026/10/07 22:25:14.170, 5, 120 MHz, 3996 MHz, 182.59 W, 36
2026/10/07 22:25:14.170, 6, 120 MHz, 3996 MHz, 184.83 W, 31
2026/10/07 22:25:14.170, 7, 120 MHz, 3996 MHz, 184.98 W, 30
2026/10/07 22:25:15.171, 0, 2032 MHz, 3996 MHz, 240.43 W, 40
2026/10/07 22:25:15.171, 1, 2032 MHz, 3996 MHz, 249.92 W, 40
2026/10/07 22:25:15.171, 2, 120 MHz, 3996 MHz, 183.94 W, 31
2026/10/07 22:25:15.171, 3, 1305 MHz, 3996 MHz, 683.75 W, 51
2026/10/07 22:25:15.171, 4, 2032 MHz, 3996 MHz, 238.72 W, 41
2026/10/07 22:25:15.171, 5, 120 MHz, 3996 MHz, 182.60 W, 36
2026/10/07 22:25:15.171, 6, 120 MHz, 3996 MHz, 184.83 W, 31
2026/10/07 22:25:15.171, 7, 120 MHz, 3996 MHz, 184.68 W, 30
2026/10/07 22:25:16.171, 0, 2032 MHz, 3996 MHz, 240.38 W, 40
2026/10/07 22:25:16.171, 1, 2032 MHz, 3996 MHz, 249.88 W, 40
2026/10/07 22:25:16.171, 2, 120 MHz, 3996 MHz, 183.80 W, 31
2026/10/07 22:25:16.171, 3, 1342 MHz, 3996 MHz, 1086.68 W, 54
2026/10/07 22:25:16.171, 4, 2032 MHz, 3996 MHz, 755.41 W, 48
2026/10/07 22:25:16.171, 5, 120 MHz, 3996 MHz, 182.24 W, 36
2026/10/07 22:25:16.171, 6, 120 MHz, 3996 MHz, 184.83 W, 31
2026/10/07 22:25:16.171, 7, 120 MHz, 3996 MHz, 184.72 W, 30
2026/10/07 22:25:17.171, 0, 2032 MHz, 3996 MHz, 241.82 W, 40
2026/10/07 22:25:17.171, 1, 2032 MHz, 3996 MHz, 249.88 W, 40
2026/10/07 22:25:17.171, 2, 120 MHz, 3996 MHz, 183.79 W, 31
2026/10/07 22:25:17.171, 3, 1342 MHz, 3996 MHz, 1087.23 W, 54
2026/10/07 22:25:17.171, 4, 2032 MHz, 3996 MHz, 262.71 W, 42
2026/10/07 22:25:17.171, 5, 120 MHz, 3996 MHz, 182.52 W, 36
2026/10/07 22:25:17.171, 6, 120 MHz, 3996 MHz, 184.83 W, 31
2026/10/07 22:25:17.171, 7, 120 MHz, 3996 MHz, 184.71 W, 30
2026/10/07 22:25:18.172, 0, 2032 MHz, 3996 MHz, 242.10 W, 40
2026/10/07 22:25:18.172, 1, 2032 MHz, 3996 MHz, 249.86 W, 40
2026/10/07 22:25:18.172, 2, 120 MHz, 3996 MHz, 183.79 W, 31
2026/10/07 22:25:18.172, 3, 1350 MHz, 3996 MHz, 1091.19 W, 55
2026/10/07 22:25:18.172, 4, 1335 MHz, 3996 MHz, 1103.54 W, 60
2026/10/07 22:25:18.172, 5, 120 MHz, 3996 MHz, 182.12 W, 36
2026/10/07 22:25:18.172, 6, 120 MHz, 3996 MHz, 184.83 W, 31
2026/10/07 22:25:18.172, 7, 120 MHz, 3996 MHz, 184.65 W, 30
2026/10/07 22:25:19.172, 0, 2032 MHz, 3996 MHz, 250.84 W, 40
2026/10/07 22:25:19.172, 1, 2032 MHz, 3996 MHz, 249.87 W, 40
2026/10/07 22:25:19.172, 2, 120 MHz, 3996 MHz, 183.81 W, 31
2026/10/07 22:25:19.172, 3, 1357 MHz, 3996 MHz, 1086.86 W, 55
2026/10/07 22:25:19.172, 4, 1335 MHz, 3996 MHz, 1086.75 W, 61
2026/10/07 22:25:19.172, 5, 120 MHz, 3996 MHz, 182.18 W, 36
2026/10/07 22:25:19.172, 6, 120 MHz, 3996 MHz, 184.83 W, 31
2026/10/07 22:25:19.172, 7, 120 MHz, 3996 MHz, 184.60 W, 29
2026/10/07 22:25:20.172, 0, 2032 MHz, 3996 MHz, 240.39 W, 40
2026/10/07 22:25:20.172, 1, 2032 MHz, 3996 MHz, 249.85 W, 40
2026/10/07 22:25:20.172, 2, 120 MHz, 3996 MHz, 183.78 W, 31
2026/10/07 22:25:20.172, 3, 1365 MHz, 3996 MHz, 1089.90 W, 55
2026/10/07 22:25:20.172, 4, 1350 MHz, 3996 MHz, 1086.86 W, 61
2026/10/07 22:25:20.172, 5, 120 MHz, 3996 MHz, 182.09 W, 36
2026/10/07 22:25:20.172, 6, 120 MHz, 3996 MHz, 184.83 W, 31
2026/10/07 22:25:20.172, 7, 120 MHz, 3996 MHz, 184.60 W, 29
2026/10/07 22:25:21.173, 0, 2032 MHz, 3996 MHz, 240.40 W, 40
2026/10/07 22:25:21.173, 1, 2032 MHz, 3996 MHz, 249.88 W, 40
2026/10/07 22:25:21.173, 2, 120 MHz, 3996 MHz, 183.77 W, 31
2026/10/07 22:25:21.173, 3, 1372 MHz, 3996 MHz, 1087.48 W, 56
2026/10/07 22:25:21.173, 4, 1357 MHz, 3996 MHz, 1088.79 W, 61
2026/10/07 22:25:21.173, 5, 120 MHz, 3996 MHz, 182.11 W, 36
2026/10/07 22:25:21.173, 6, 120 MHz, 3996 MHz, 184.83 W, 30
2026/10/07 22:25:21.173, 7, 120 MHz, 3996 MHz, 184.69 W, 29
2026/10/07 22:25:22.173, 0, 2032 MHz, 3996 MHz, 240.39 W, 40
2026/10/07 22:25:22.173, 1, 2032 MHz, 3996 MHz, 249.99 W, 39
2026/10/07 22:25:22.173, 2, 120 MHz, 3996 MHz, 183.79 W, 31
2026/10/07 22:25:22.173, 3, 1350 MHz, 3996 MHz, 1089.43 W, 56
2026/10/07 22:25:22.173, 4, 1365 MHz, 3996 MHz, 1085.19 W, 62
2026/10/07 22:25:22.173, 5, 120 MHz, 3996 MHz, 182.27 W, 36
2026/10/07 22:25:22.173, 6, 120 MHz, 3996 MHz, 184.83 W, 30
2026/10/07 22:25:22.173, 7, 120 MHz, 3996 MHz, 184.60 W, 29
2026/10/07 22:25:23.173, 0, 2032 MHz, 3996 MHz, 240.35 W, 40
2026/10/07 22:25:23.173, 1, 2032 MHz, 3996 MHz, 249.86 W, 40
2026/10/07 22:25:23.173, 2, 120 MHz, 3996 MHz, 183.81 W, 31
2026/10/07 22:25:23.173, 3, 1380 MHz, 3996 MHz, 1088.57 W, 56
2026/10/07 22:25:23.173, 4, 1365 MHz, 3996 MHz, 1088.31 W, 62
2026/10/07 22:25:23.173, 5, 120 MHz, 3996 MHz, 182.06 W, 36
2026/10/07 22:25:23.173, 6, 120 MHz, 3996 MHz, 184.83 W, 30
2026/10/07 22:25:23.173, 7, 120 MHz, 3996 MHz, 184.65 W, 29
2026/10/07 22:25:24.173, 0, 2032 MHz, 3996 MHz, 240.35 W, 40
2026/10/07 22:25:24.173, 1, 2032 MHz, 3996 MHz, 249.88 W, 39
2026/10/07 22:25:24.173, 2, 120 MHz, 3996 MHz, 183.88 W, 30
2026/10/07 22:25:24.173, 3, 2032 MHz, 3996 MHz, 1059.87 W, 51
2026/10/07 22:25:24.173, 4, 1365 MHz, 3996 MHz, 1086.17 W, 63
2026/10/07 22:25:24.173, 5, 120 MHz, 3996 MHz, 182.07 W, 36
2026/10/07 22:25:24.173, 6, 120 MHz, 3996 MHz, 184.83 W, 30
2026/10/07 22:25:24.173, 7, 120 MHz, 3996 MHz, 184.60 W, 29
2026/10/07 22:25:25.174, 0, 2032 MHz, 3996 MHz, 240.37 W, 40
2026/10/07 22:25:25.174, 1, 2032 MHz, 3996 MHz, 249.87 W, 39
2026/10/07 22:25:25.174, 2, 120 MHz, 3996 MHz, 183.84 W, 30
2026/10/07 22:25:25.174, 3, 2032 MHz, 3996 MHz, 1063.93 W, 51
2026/10/07 22:25:25.174, 4, 1365 MHz, 3996 MHz, 1083.65 W, 63
2026/10/07 22:25:25.174, 5, 120 MHz, 3996 MHz, 182.06 W, 36
2026/10/07 22:25:25.174, 6, 120 MHz, 3996 MHz, 184.83 W, 30
2026/10/07 22:25:25.174, 7, 120 MHz, 3996 MHz, 184.60 W, 29
2026/10/07 22:25:26.174, 0, 2032 MHz, 3996 MHz, 240.37 W, 40
2026/10/07 22:25:26.174, 1, 2032 MHz, 3996 MHz, 249.87 W, 39
2026/10/07 22:25:26.174, 2, 120 MHz, 3996 MHz, 183.85 W, 30
2026/10/07 22:25:26.174, 3, 2032 MHz, 3996 MHz, 1063.70 W, 51
2026/10/07 22:25:26.174, 4, 1372 MHz, 3996 MHz, 1083.02 W, 63
2026/10/07 22:25:26.174, 5, 120 MHz, 3996 MHz, 182.10 W, 36
2026/10/07 22:25:26.174, 6, 120 MHz, 3996 MHz, 184.83 W, 30
2026/10/07 22:25:26.174, 7, 120 MHz, 3996 MHz, 184.61 W, 29
2026/10/07 22:25:27.174, 0, 2032 MHz, 3996 MHz, 240.35 W, 40
2026/10/07 22:25:27.174, 1, 2032 MHz, 3996 MHz, 249.85 W, 39
2026/10/07 22:25:27.174, 2, 120 MHz, 3996 MHz, 183.85 W, 30
2026/10/07 22:25:27.174, 3, 2032 MHz, 3996 MHz, 1064.15 W, 52
2026/10/07 22:25:27.174, 4, 2032 MHz, 3996 MHz, 1048.55 W, 58
2026/10/07 22:25:27.174, 5, 120 MHz, 3996 MHz, 182.25 W, 36
2026/10/07 22:25:27.174, 6, 120 MHz, 3996 MHz, 184.83 W, 30
2026/10/07 22:25:27.174, 7, 120 MHz, 3996 MHz, 184.61 W, 29
2026/10/07 22:25:28.174, 0, 2032 MHz, 3996 MHz, 240.34 W, 40
2026/10/07 22:25:28.175, 1, 2032 MHz, 3996 MHz, 249.86 W, 39
2026/10/07 22:25:28.175, 2, 120 MHz, 3996 MHz, 183.86 W, 30
2026/10/07 22:25:28.175, 3, 2032 MHz, 3996 MHz, 1063.28 W, 52
2026/10/07 22:25:28.175, 4, 2032 MHz, 3996 MHz, 1067.26 W, 58
2026/10/07 22:25:28.175, 5, 120 MHz, 3996 MHz, 182.28 W, 35
2026/10/07 22:25:28.175, 6, 120 MHz, 3996 MHz, 184.83 W, 30
2026/10/07 22:25:28.175, 7, 120 MHz, 3996 MHz, 184.61 W, 29
2026/10/07 22:25:29.175, 0, 2032 MHz, 3996 MHz, 240.36 W, 40
2026/10/07 22:25:29.175, 1, 2032 MHz, 3996 MHz, 249.87 W, 39
2026/10/07 22:25:29.175, 2, 120 MHz, 3996 MHz, 183.84 W, 30
2026/10/07 22:25:29.175, 3, 2032 MHz, 3996 MHz, 1062.90 W, 52
2026/10/07 22:25:29.175, 4, 2032 MHz, 3996 MHz, 1067.19 W, 58
2026/10/07 22:25:29.175, 5, 120 MHz, 3996 MHz, 182.31 W, 35
2026/10/07 22:25:29.175, 6, 120 MHz, 3996 MHz, 184.83 W, 30
2026/10/07 22:25:29.175, 7, 120 MHz, 3996 MHz, 184.61 W, 29
2026/10/07 22:25:30.175, 0, 2032 MHz, 3996 MHz, 240.42 W, 40
2026/10/07 22:25:30.175, 1, 2032 MHz, 3996 MHz, 249.91 W, 39
2026/10/07 22:25:30.175, 2, 120 MHz, 3996 MHz, 183.84 W, 30
2026/10/07 22:25:30.175, 3, 2032 MHz, 3996 MHz, 1066.39 W, 52
2026/10/07 22:25:30.175, 4, 2032 MHz, 3996 MHz, 1067.12 W, 59
2026/10/07 22:25:30.175, 5, 120 MHz, 3996 MHz, 182.31 W, 35
2026/10/07 22:25:30.175, 6, 120 MHz, 3996 MHz, 184.83 W, 30
2026/10/07 22:25:30.175, 7, 120 MHz, 3996 MHz, 184.62 W, 29
2026/10/07 22:25:31.175, 0, 2032 MHz, 3996 MHz, 240.42 W, 40
2026/10/07 22:25:31.175, 1, 2032 MHz, 3996 MHz, 250.08 W, 39
2026/10/07 22:25:31.175, 2, 120 MHz, 3996 MHz, 183.85 W, 30
2026/10/07 22:25:31.175, 3, 2032 MHz, 3996 MHz, 1067.55 W, 53
2026/10/07 22:25:31.175, 4, 2032 MHz, 3996 MHz, 1066.56 W, 59
2026/10/07 22:25:31.175, 5, 120 MHz, 3996 MHz, 182.22 W, 35
2026/10/07 22:25:31.175, 6, 120 MHz, 3996 MHz, 184.83 W, 30
2026/10/07 22:25:31.175, 7, 120 MHz, 3996 MHz, 184.61 W, 29
2026/10/07 22:25:32.176, 0, 2032 MHz, 3996 MHz, 240.41 W, 40
2026/10/07 22:25:32.176, 1, 2032 MHz, 3996 MHz, 249.89 W, 39
2026/10/07 22:25:32.176, 2, 120 MHz, 3996 MHz, 183.86 W, 30
2026/10/07 22:25:32.176, 3, 2032 MHz, 3996 MHz, 1067.14 W, 53
2026/10/07 22:25:32.176, 4, 2032 MHz, 3996 MHz, 1068.39 W, 59
2026/10/07 22:25:32.176, 5, 120 MHz, 3996 MHz, 182.21 W, 35
2026/10/07 22:25:32.176, 6, 120 MHz, 3996 MHz, 184.83 W, 30
2026/10/07 22:25:32.176, 7, 120 MHz, 3996 MHz, 184.60 W, 29
2026/10/07 22:25:33.176, 0, 2032 MHz, 3996 MHz, 240.42 W, 40
2026/10/07 22:25:33.176, 1, 2032 MHz, 3996 MHz, 249.96 W, 39
2026/10/07 22:25:33.176, 2, 120 MHz, 3996 MHz, 183.86 W, 30
2026/10/07 22:25:33.176, 3, 2032 MHz, 3996 MHz, 1067.20 W, 53
2026/10/07 22:25:33.176, 4, 2032 MHz, 3996 MHz, 1071.30 W, 60
2026/10/07 22:25:33.176, 5, 120 MHz, 3996 MHz, 182.22 W, 35
2026/10/07 22:25:33.176, 6, 120 MHz, 3996 MHz, 184.83 W, 30
2026/10/07 22:25:33.176, 7, 120 MHz, 3996 MHz, 184.60 W, 29
2026/10/07 22:25:34.176, 0, 2032 MHz, 3996 MHz, 240.41 W, 40
2026/10/07 22:25:34.176, 1, 2032 MHz, 3996 MHz, 249.91 W, 39
2026/10/07 22:25:34.176, 2, 120 MHz, 3996 MHz, 183.86 W, 30
2026/10/07 22:25:34.176, 3, 2032 MHz, 3996 MHz, 1067.09 W, 53
2026/10/07 22:25:34.176, 4, 2032 MHz, 3996 MHz, 1071.33 W, 60
2026/10/07 22:25:34.176, 5, 120 MHz, 3996 MHz, 182.20 W, 35
2026/10/07 22:25:34.176, 6, 120 MHz, 3996 MHz, 184.83 W, 30
2026/10/07 22:25:34.176, 7, 120 MHz, 3996 MHz, 184.63 W, 29
2026/10/07 22:25:35.176, 0, 2032 MHz, 3996 MHz, 240.42 W, 40
2026/10/07 22:25:35.176, 1, 2032 MHz, 3996 MHz, 249.91 W, 39
2026/10/07 22:25:35.176, 2, 120 MHz, 3996 MHz, 183.85 W, 30
2026/10/07 22:25:35.176, 3, 2032 MHz, 3996 MHz, 1066.82 W, 53
2026/10/07 22:25:35.176, 4, 2032 MHz, 3996 MHz, 1071.97 W, 60
2026/10/07 22:25:35.176, 5, 120 MHz, 3996 MHz, 181.98 W, 35
2026/10/07 22:25:35.176, 6, 120 MHz, 3996 MHz, 184.83 W, 30
2026/10/07 22:25:35.176, 7, 120 MHz, 3996 MHz, 184.61 W, 29
2026/10/07 22:25:36.177, 0, 2032 MHz, 3996 MHz, 240.41 W, 40
2026/10/07 22:25:36.177, 1, 2032 MHz, 3996 MHz, 249.92 W, 39
2026/10/07 22:25:36.177, 2, 120 MHz, 3996 MHz, 183.84 W, 30
2026/10/07 22:25:36.177, 3, 2032 MHz, 3996 MHz, 1069.52 W, 54
2026/10/07 22:25:36.177, 4, 2032 MHz, 3996 MHz, 1071.44 W, 60
2026/10/07 22:25:36.177, 5, 120 MHz, 3996 MHz, 182.22 W, 35
2026/10/07 22:25:36.177, 6, 120 MHz, 3996 MHz, 184.83 W, 30
2026/10/07 22:25:36.177, 7, 120 MHz, 3996 MHz, 184.61 W, 29
2026/10/07 22:25:37.177, 0, 2032 MHz, 3996 MHz, 240.52 W, 40
2026/10/07 22:25:37.177, 1, 2032 MHz, 3996 MHz, 249.90 W, 39
2026/10/07 22:25:37.177, 2, 120 MHz, 3996 MHz, 183.85 W, 30
2026/10/07 22:25:37.177, 3, 2032 MHz, 3996 MHz, 1070.78 W, 54
2026/10/07 22:25:37.177, 4, 2032 MHz, 3996 MHz, 1071.28 W, 60
2026/10/07 22:25:37.177, 5, 120 MHz, 3996 MHz, 182.10 W, 35
2026/10/07 22:25:37.177, 6, 120 MHz, 3996 MHz, 184.83 W, 30
2026/10/07 22:25:37.177, 7, 120 MHz, 3996 MHz, 184.62 W, 28
2026/10/07 22:25:38.177, 0, 2032 MHz, 3996 MHz, 240.36 W, 40
2026/10/07 22:25:38.177, 1, 2032 MHz, 3996 MHz, 249.86 W, 39
2026/10/07 22:25:38.177, 2, 120 MHz, 3996 MHz, 183.85 W, 30
2026/10/07 22:25:38.177, 3, 2032 MHz, 3996 MHz, 1071.33 W, 54
2026/10/07 22:25:38.177, 4, 2032 MHz, 3996 MHz, 1071.47 W, 61
2026/10/07 22:25:38.177, 5, 120 MHz, 3996 MHz, 182.30 W, 35
2026/10/07 22:25:38.177, 6, 120 MHz, 3996 MHz, 184.83 W, 30
2026/10/07 22:25:38.177, 7, 120 MHz, 3996 MHz, 184.62 W, 28
2026/10/07 22:25:39.178, 0, 2032 MHz, 3996 MHz, 240.41 W, 41
2026/10/07 22:25:39.178, 1, 2032 MHz, 3996 MHz, 250.16 W, 39
2026/10/07 22:25:39.178, 2, 120 MHz, 3996 MHz, 183.84 W, 30
2026/10/07 22:25:39.178, 3, 2032 MHz, 3996 MHz, 1070.47 W, 54
2026/10/07 22:25:39.178, 4, 2032 MHz, 3996 MHz, 1074.05 W, 61
2026/10/07 22:25:39.178, 5, 120 MHz, 3996 MHz, 182.28 W, 35
2026/10/07 22:25:39.178, 6, 120 MHz, 3996 MHz, 184.83 W, 29
2026/10/07 22:25:39.178, 7, 120 MHz, 3996 MHz, 184.62 W, 28
2026/10/07 22:25:40.178, 0, 2032 MHz, 3996 MHz, 240.39 W, 41
2026/10/07 22:25:40.178, 1, 2032 MHz, 3996 MHz, 250.08 W, 39
2026/10/07 22:25:40.178, 2, 120 MHz, 3996 MHz, 183.86 W, 30
2026/10/07 22:25:40.178, 3, 2032 MHz, 3996 MHz, 1070.75 W, 54
2026/10/07 22:25:40.178, 4, 2032 MHz, 3996 MHz, 1075.19 W, 61
2026/10/07 22:25:40.178, 5, 120 MHz, 3996 MHz, 182.25 W, 35
2026/10/07 22:25:40.178, 6, 120 MHz, 3996 MHz, 184.83 W, 29
2026/10/07 22:25:40.178, 7, 120 MHz, 3996 MHz, 184.61 W, 28
2026/10/07 22:25:41.178, 0, 2032 MHz, 3996 MHz, 240.41 W, 41
2026/10/07 22:25:41.178, 1, 2032 MHz, 3996 MHz, 249.96 W, 39
2026/10/07 22:25:41.178, 2, 120 MHz, 3996 MHz, 183.83 W, 30
2026/10/07 22:25:41.178, 3, 2032 MHz, 3996 MHz, 1071.02 W, 54
2026/10/07 22:25:41.178, 4, 2032 MHz, 3996 MHz, 1075.33 W, 61
2026/10/07 22:25:41.178, 5, 120 MHz, 3996 MHz, 182.28 W, 35
2026/10/07 22:25:41.178, 6, 120 MHz, 3996 MHz, 184.83 W, 29
2026/10/07 22:25:41.178, 7, 120 MHz, 3996 MHz, 184.60 W, 28
2026/10/07 22:25:42.178, 0, 2032 MHz, 3996 MHz, 240.41 W, 41
2026/10/07 22:25:42.179, 1, 2032 MHz, 3996 MHz, 249.88 W, 39
2026/10/07 22:25:42.179, 2, 120 MHz, 3996 MHz, 183.85 W, 30
2026/10/07 22:25:42.179, 3, 2032 MHz, 3996 MHz, 1072.51 W, 54
2026/10/07 22:25:42.179, 4, 2032 MHz, 3996 MHz, 1076.00 W, 61
2026/10/07 22:25:42.179, 5, 120 MHz, 3996 MHz, 182.31 W, 35
2026/10/07 22:25:42.179, 6, 120 MHz, 3996 MHz, 184.83 W, 29
2026/10/07 22:25:42.179, 7, 120 MHz, 3996 MHz, 184.63 W, 28
2026/10/07 22:25:43.179, 0, 2032 MHz, 3996 MHz, 240.39 W, 41
2026/10/07 22:25:43.179, 1, 2032 MHz, 3996 MHz, 249.90 W, 39
2026/10/07 22:25:43.179, 2, 120 MHz, 3996 MHz, 183.84 W, 30
2026/10/07 22:25:43.179, 3, 2032 MHz, 3996 MHz, 1073.11 W, 55
2026/10/07 22:25:43.179, 4, 2032 MHz, 3996 MHz, 1076.00 W, 61
2026/10/07 22:25:43.179, 5, 120 MHz, 3996 MHz, 182.28 W, 35
2026/10/07 22:25:43.179, 6, 120 MHz, 3996 MHz, 184.79 W, 29
2026/10/07 22:25:43.179, 7, 120 MHz, 3996 MHz, 184.63 W, 28
2026/10/07 22:25:44.179, 0, 2032 MHz, 3996 MHz, 240.39 W, 41
2026/10/07 22:25:44.179, 1, 2032 MHz, 3996 MHz, 249.87 W, 39
2026/10/07 22:25:44.179, 2, 120 MHz, 3996 MHz, 183.83 W, 29
2026/10/07 22:25:44.179, 3, 2032 MHz, 3996 MHz, 1073.65 W, 55
2026/10/07 22:25:44.179, 4, 2032 MHz, 3996 MHz, 1074.23 W, 61
2026/10/07 22:25:44.179, 5, 120 MHz, 3996 MHz, 182.29 W, 35
2026/10/07 22:25:44.179, 6, 120 MHz, 3996 MHz, 184.79 W, 29
2026/10/07 22:25:44.179, 7, 120 MHz, 3996 MHz, 184.62 W, 28
2026/10/07 22:25:45.179, 0, 2032 MHz, 3996 MHz, 240.39 W, 41
2026/10/07 22:25:45.179, 1, 2032 MHz, 3996 MHz, 253.75 W, 39
2026/10/07 22:25:45.179, 2, 120 MHz, 3996 MHz, 183.82 W, 29
2026/10/07 22:25:45.179, 3, 2032 MHz, 3996 MHz, 1074.07 W, 55
2026/10/07 22:25:45.179, 4, 2032 MHz, 3996 MHz, 1075.61 W, 62
2026/10/07 22:25:45.179, 5, 120 MHz, 3996 MHz, 182.28 W, 35
2026/10/07 22:25:45.179, 6, 120 MHz, 3996 MHz, 184.83 W, 29
2026/10/07 22:25:45.179, 7, 120 MHz, 3996 MHz, 184.61 W, 28
2026/10/07 22:25:46.180, 0, 2032 MHz, 3996 MHz, 240.39 W, 41
2026/10/07 22:25:46.180, 1, 2032 MHz, 3996 MHz, 253.12 W, 39
2026/10/07 22:25:46.180, 2, 120 MHz, 3996 MHz, 183.82 W, 29
2026/10/07 22:25:46.180, 3, 2032 MHz, 3996 MHz, 1073.95 W, 55
2026/10/07 22:25:46.180, 4, 2032 MHz, 3996 MHz, 1077.44 W, 62
2026/10/07 22:25:46.180, 5, 120 MHz, 3996 MHz, 182.29 W, 35
2026/10/07 22:25:46.180, 6, 120 MHz, 3996 MHz, 184.79 W, 29
2026/10/07 22:25:46.180, 7, 120 MHz, 3996 MHz, 184.61 W, 28
2026/10/07 22:25:47.180, 0, 2032 MHz, 3996 MHz, 240.48 W, 41
2026/10/07 22:25:47.180, 1, 2032 MHz, 3996 MHz, 249.86 W, 39
2026/10/07 22:25:47.180, 2, 120 MHz, 3996 MHz, 183.83 W, 29
2026/10/07 22:25:47.180, 3, 2032 MHz, 3996 MHz, 1072.76 W, 55
2026/10/07 22:25:47.180, 4, 2032 MHz, 3996 MHz, 1077.98 W, 62
2026/10/07 22:25:47.180, 5, 120 MHz, 3996 MHz, 182.29 W, 35
2026/10/07 22:25:47.180, 6, 120 MHz, 3996 MHz, 184.76 W, 29
2026/10/07 22:25:47.180, 7, 120 MHz, 3996 MHz, 184.60 W, 28
2026/10/07 22:25:48.180, 0, 2032 MHz, 3996 MHz, 241.35 W, 41
2026/10/07 22:25:48.180, 1, 2032 MHz, 3996 MHz, 249.92 W, 39
2026/10/07 22:25:48.180, 2, 120 MHz, 3996 MHz, 183.79 W, 29
2026/10/07 22:25:48.180, 3, 1342 MHz, 3996 MHz, 1093.54 W, 61
2026/10/07 22:25:48.180, 4, 2032 MHz, 3996 MHz, 1077.90 W, 62
2026/10/07 22:25:48.180, 5, 120 MHz, 3996 MHz, 182.28 W, 35
2026/10/07 22:25:48.180, 6, 120 MHz, 3996 MHz, 184.68 W, 29
2026/10/07 22:25:48.180, 7, 120 MHz, 3996 MHz, 184.60 W, 28
2026/10/07 22:25:49.181, 0, 2032 MHz, 3996 MHz, 242.22 W, 41
2026/10/07 22:25:49.181, 1, 2032 MHz, 3996 MHz, 249.89 W, 39
2026/10/07 22:25:49.181, 2, 120 MHz, 3996 MHz, 183.79 W, 29
2026/10/07 22:25:49.181, 3, 1357 MHz, 3996 MHz, 1085.26 W, 60
2026/10/07 22:25:49.181, 4, 2032 MHz, 3996 MHz, 1076.68 W, 62
2026/10/07 22:25:49.181, 5, 120 MHz, 3996 MHz, 182.16 W, 35
2026/10/07 22:25:49.181, 6, 120 MHz, 3996 MHz, 184.60 W, 29
2026/10/07 22:25:49.181, 7, 120 MHz, 3996 MHz, 184.63 W, 28
2026/10/07 22:25:50.181, 0, 2032 MHz, 3996 MHz, 242.14 W, 41
2026/10/07 22:25:50.181, 1, 2032 MHz, 3996 MHz, 249.85 W, 39
2026/10/07 22:25:50.181, 2, 120 MHz, 3996 MHz, 183.79 W, 29
2026/10/07 22:25:50.181, 3, 1365 MHz, 3996 MHz, 1090.33 W, 61
2026/10/07 22:25:50.181, 4, 2032 MHz, 3996 MHz, 1076.72 W, 62
2026/10/07 22:25:50.181, 5, 120 MHz, 3996 MHz, 182.29 W, 34
2026/10/07 22:25:50.181, 6, 120 MHz, 3996 MHz, 184.53 W, 29
2026/10/07 22:25:50.181, 7, 120 MHz, 3996 MHz, 184.61 W, 28
2026/10/07 22:25:51.181, 0, 2032 MHz, 3996 MHz, 242.15 W, 41
2026/10/07 22:25:51.181, 1, 2032 MHz, 3996 MHz, 249.86 W, 39
2026/10/07 22:25:51.181, 2, 120 MHz, 3996 MHz, 183.77 W, 29
2026/10/07 22:25:51.181, 3, 1365 MHz, 3996 MHz, 1087.97 W, 61
2026/10/07 22:25:51.181, 4, 1372 MHz, 3996 MHz, 1090.02 W, 67
2026/10/07 22:25:51.181, 5, 120 MHz, 3996 MHz, 182.12 W, 34
2026/10/07 22:25:51.181, 6, 120 MHz, 3996 MHz, 184.37 W, 29
2026/10/07 22:25:51.181, 7, 120 MHz, 3996 MHz, 184.62 W, 28
2026/10/07 22:25:52.181, 0, 2032 MHz, 3996 MHz, 242.08 W, 41
2026/10/07 22:25:52.182, 1, 2032 MHz, 3996 MHz, 249.89 W, 39
2026/10/07 22:25:52.182, 2, 120 MHz, 3996 MHz, 183.79 W, 29
2026/10/07 22:25:52.182, 3, 1387 MHz, 3996 MHz, 1090.51 W, 60
2026/10/07 22:25:52.182, 4, 1365 MHz, 3996 MHz, 1085.66 W, 67
2026/10/07 22:25:52.182, 5, 120 MHz, 3996 MHz, 182.24 W, 34
2026/10/07 22:25:52.182, 6, 120 MHz, 3996 MHz, 184.57 W, 29
2026/10/07 22:25:52.182, 7, 120 MHz, 3996 MHz, 184.62 W, 28
2026/10/07 22:25:53.182, 0, 2032 MHz, 3996 MHz, 242.24 W, 41
2026/10/07 22:25:53.182, 1, 2032 MHz, 3996 MHz, 249.89 W, 38
2026/10/07 22:25:53.182, 2, 120 MHz, 3996 MHz, 183.78 W, 29
2026/10/07 22:25:53.182, 3, 1350 MHz, 3996 MHz, 1089.58 W, 60
2026/10/07 22:25:53.182, 4, 1365 MHz, 3996 MHz, 1084.11 W, 67
2026/10/07 22:25:53.182, 5, 120 MHz, 3996 MHz, 182.16 W, 34
2026/10/07 22:25:53.182, 6, 120 MHz, 3996 MHz, 184.30 W, 29
2026/10/07 22:25:53.182, 7, 120 MHz, 3996 MHz, 184.59 W, 28
2026/10/07 22:25:54.182, 0, 2032 MHz, 3996 MHz, 242.24 W, 41
2026/10/07 22:25:54.182, 1, 2032 MHz, 3996 MHz, 249.86 W, 38
2026/10/07 22:25:54.182, 2, 120 MHz, 3996 MHz, 183.77 W, 29
2026/10/07 22:25:54.182, 3, 1342 MHz, 3996 MHz, 1087.82 W, 60
2026/10/07 22:25:54.182, 4, 1365 MHz, 3996 MHz, 1085.67 W, 67
2026/10/07 22:25:54.182, 5, 120 MHz, 3996 MHz, 182.10 W, 34
2026/10/07 22:25:54.182, 6, 120 MHz, 3996 MHz, 184.40 W, 29
2026/10/07 22:25:54.182, 7, 120 MHz, 3996 MHz, 184.60 W, 28
2026/10/07 22:25:55.182, 0, 2032 MHz, 3996 MHz, 242.29 W, 41
2026/10/07 22:25:55.183, 1, 2032 MHz, 3996 MHz, 249.86 W, 38
2026/10/07 22:25:55.183, 2, 120 MHz, 3996 MHz, 183.76 W, 29
2026/10/07 22:25:55.183, 3, 1350 MHz, 3996 MHz, 1090.64 W, 61
2026/10/07 22:25:55.183, 4, 1380 MHz, 3996 MHz, 1085.31 W, 67
2026/10/07 22:25:55.183, 5, 120 MHz, 3996 MHz, 182.06 W, 34
2026/10/07 22:25:55.183, 6, 120 MHz, 3996 MHz, 184.01 W, 29
2026/10/07 22:25:55.183, 7, 120 MHz, 3996 MHz, 184.61 W, 27
2026/10/07 22:25:56.183, 0, 2032 MHz, 3996 MHz, 241.97 W, 41
2026/10/07 22:25:56.183, 1, 2032 MHz, 3996 MHz, 249.88 W, 38
2026/10/07 22:25:56.183, 2, 120 MHz, 3996 MHz, 183.78 W, 29
2026/10/07 22:25:56.183, 3, 1357 MHz, 3996 MHz, 1087.69 W, 60
2026/10/07 22:25:56.183, 4, 1365 MHz, 3996 MHz, 1083.29 W, 67
2026/10/07 22:25:56.183, 5, 120 MHz, 3996 MHz, 181.97 W, 34
2026/10/07 22:25:56.183, 6, 120 MHz, 3996 MHz, 183.87 W, 29
2026/10/07 22:25:56.183, 7, 120 MHz, 3996 MHz, 184.61 W, 27
2026/10/07 22:25:57.183, 0, 2032 MHz, 3996 MHz, 242.30 W, 41
2026/10/07 22:25:57.183, 1, 2032 MHz, 3996 MHz, 249.84 W, 38
2026/10/07 22:25:57.183, 2, 120 MHz, 3996 MHz, 183.78 W, 29
2026/10/07 22:25:57.183, 3, 1357 MHz, 3996 MHz, 1088.72 W, 60
2026/10/07 22:25:57.183, 4, 1365 MHz, 3996 MHz, 1085.44 W, 67
2026/10/07 22:25:57.183, 5, 120 MHz, 3996 MHz, 181.93 W, 34
2026/10/07 22:25:57.183, 6, 120 MHz, 3996 MHz, 183.61 W, 28
2026/10/07 22:25:57.183, 7, 120 MHz, 3996 MHz, 184.60 W, 27
2026/10/07 22:25:58.183, 0, 2032 MHz, 3996 MHz, 242.26 W, 41
2026/10/07 22:25:58.183, 1, 2032 MHz, 3996 MHz, 249.86 W, 38
2026/10/07 22:25:58.183, 2, 120 MHz, 3996 MHz, 183.61 W, 29
2026/10/07 22:25:58.183, 3, 2032 MHz, 3996 MHz, 1063.51 W, 55
2026/10/07 22:25:58.183, 4, 1357 MHz, 3996 MHz, 1086.12 W, 67
2026/10/07 22:25:58.183, 5, 120 MHz, 3996 MHz, 182.18 W, 34
2026/10/07 22:25:58.183, 6, 120 MHz, 3996 MHz, 183.84 W, 28
2026/10/07 22:25:58.183, 7, 120 MHz, 3996 MHz, 184.60 W, 27
2026/10/07 22:25:59.184, 0, 2032 MHz, 3996 MHz, 242.27 W, 41
2026/10/07 22:25:59.184, 1, 2032 MHz, 3996 MHz, 249.64 W, 38
2026/10/07 22:25:59.184, 2, 120 MHz, 3996 MHz, 183.62 W, 29
2026/10/07 22:25:59.184, 3, 2032 MHz, 3996 MHz, 1074.07 W, 55
2026/10/07 22:25:59.184, 4, 1365 MHz, 3996 MHz, 1084.58 W, 66
2026/10/07 22:25:59.184, 5, 120 MHz, 3996 MHz, 181.79 W, 34
2026/10/07 22:25:59.184, 6, 120 MHz, 3996 MHz, 183.08 W, 28
2026/10/07 22:25:59.184, 7, 120 MHz, 3996 MHz, 184.61 W, 27
2026/10/07 22:26:00.184, 0, 2032 MHz, 3996 MHz, 242.31 W, 41
2026/10/07 22:26:00.184, 1, 2032 MHz, 3996 MHz, 249.36 W, 38
2026/10/07 22:26:00.184, 2, 120 MHz, 3996 MHz, 183.71 W, 29
2026/10/07 22:26:00.184, 3, 2032 MHz, 3996 MHz, 1073.58 W, 55
2026/10/07 22:26:00.184, 4, 1387 MHz, 3996 MHz, 1087.35 W, 66
2026/10/07 22:26:00.184, 5, 120 MHz, 3996 MHz, 181.75 W, 34
2026/10/07 22:26:00.184, 6, 120 MHz, 3996 MHz, 183.12 W, 28
2026/10/07 22:26:00.184, 7, 120 MHz, 3996 MHz, 184.64 W, 27
2026/10/07 22:26:01.184, 0, 2032 MHz, 3996 MHz, 242.32 W, 41
2026/10/07 22:26:01.184, 1, 2032 MHz, 3996 MHz, 249.84 W, 38
2026/10/07 22:26:01.184, 2, 120 MHz, 3996 MHz, 183.76 W, 28
2026/10/07 22:26:01.184, 3, 2032 MHz, 3996 MHz, 1074.14 W, 55
2026/10/07 22:26:01.184, 4, 2032 MHz, 3996 MHz, 1060.96 W, 61
2026/10/07 22:26:01.184, 5, 120 MHz, 3996 MHz, 181.76 W, 34
2026/10/07 22:26:01.184, 6, 120 MHz, 3996 MHz, 183.08 W, 28
2026/10/07 22:26:01.184, 7, 120 MHz, 3996 MHz, 184.62 W, 27
2026/10/07 22:26:02.185, 0, 2032 MHz, 3996 MHz, 242.18 W, 41
2026/10/07 22:26:02.185, 1, 2032 MHz, 3996 MHz, 249.30 W, 38
2026/10/07 22:26:02.185, 2, 120 MHz, 3996 MHz, 183.71 W, 28
2026/10/07 22:26:02.185, 3, 2032 MHz, 3996 MHz, 1073.58 W, 55
2026/10/07 22:26:02.185, 4, 2032 MHz, 3996 MHz, 1076.94 W, 61
2026/10/07 22:26:02.185, 5, 120 MHz, 3996 MHz, 181.81 W, 33
2026/10/07 22:26:02.185, 6, 120 MHz, 3996 MHz, 183.04 W, 28
2026/10/07 22:26:02.185, 7, 120 MHz, 3996 MHz, 184.62 W, 27
2026/10/07 22:26:03.185, 0, 2032 MHz, 3996 MHz, 242.19 W, 41
2026/10/07 22:26:03.185, 1, 2032 MHz, 3996 MHz, 248.85 W, 37
2026/10/07 22:26:03.185, 2, 120 MHz, 3996 MHz, 183.82 W, 28
2026/10/07 22:26:03.185, 3, 2032 MHz, 3996 MHz, 1073.50 W, 55
2026/10/07 22:26:03.185, 4, 2032 MHz, 3996 MHz, 1076.13 W, 61
2026/10/07 22:26:03.185, 5, 120 MHz, 3996 MHz, 181.87 W, 33
2026/10/07 22:26:03.185, 6, 120 MHz, 3996 MHz, 182.96 W, 28
2026/10/07 22:26:03.185, 7, 120 MHz, 3996 MHz, 184.63 W, 27
2026/10/07 22:26:04.185, 0, 2032 MHz, 3996 MHz, 242.33 W, 41
2026/10/07 22:26:04.185, 1, 2032 MHz, 3996 MHz, 248.70 W, 37
2026/10/07 22:26:04.185, 2, 120 MHz, 3996 MHz, 183.54 W, 28
2026/10/07 22:26:04.185, 3, 2032 MHz, 3996 MHz, 1075.66 W, 55
2026/10/07 22:26:04.185, 4, 2032 MHz, 3996 MHz, 1074.96 W, 61
2026/10/07 22:26:04.185, 5, 120 MHz, 3996 MHz, 181.84 W, 33
2026/10/07 22:26:04.185, 6, 120 MHz, 3996 MHz, 182.88 W, 28
2026/10/07 22:26:04.185, 7, 120 MHz, 3996 MHz, 184.61 W, 27
2026/10/07 22:26:05.186, 0, 2032 MHz, 3996 MHz, 242.34 W, 41
2026/10/07 22:26:05.186, 1, 2032 MHz, 3996 MHz, 248.12 W, 37
2026/10/07 22:26:05.186, 2, 120 MHz, 3996 MHz, 183.56 W, 28
2026/10/07 22:26:05.186, 3, 2032 MHz, 3996 MHz, 1076.43 W, 55
2026/10/07 22:26:05.186, 4, 2032 MHz, 3996 MHz, 1073.16 W, 61
2026/10/07 22:26:05.186, 5, 120 MHz, 3996 MHz, 181.86 W, 33
2026/10/07 22:26:05.186, 6, 120 MHz, 3996 MHz, 182.96 W, 28
2026/10/07 22:26:05.186, 7, 120 MHz, 3996 MHz, 184.62 W, 27
2026/10/07 22:26:06.186, 0, 2032 MHz, 3996 MHz, 242.39 W, 41
2026/10/07 22:26:06.186, 1, 2032 MHz, 3996 MHz, 248.16 W, 37
2026/10/07 22:26:06.186, 2, 120 MHz, 3996 MHz, 183.54 W, 28
2026/10/07 22:26:06.186, 3, 2032 MHz, 3996 MHz, 1075.14 W, 55
2026/10/07 22:26:06.186, 4, 2032 MHz, 3996 MHz, 1074.46 W, 61
2026/10/07 22:26:06.186, 5, 120 MHz, 3996 MHz, 181.11 W, 33
2026/10/07 22:26:06.186, 6, 120 MHz, 3996 MHz, 182.92 W, 28
2026/10/07 22:26:06.186, 7, 120 MHz, 3996 MHz, 184.67 W, 27
2026/10/07 22:26:07.186, 0, 2032 MHz, 3996 MHz, 242.37 W, 41
2026/10/07 22:26:07.186, 1, 2032 MHz, 3996 MHz, 248.25 W, 37
2026/10/07 22:26:07.186, 2, 120 MHz, 3996 MHz, 183.39 W, 28
2026/10/07 22:26:07.187, 3, 2032 MHz, 3996 MHz, 1072.82 W, 55
2026/10/07 22:26:07.187, 4, 2032 MHz, 3996 MHz, 1076.84 W, 61
2026/10/07 22:26:07.187, 5, 120 MHz, 3996 MHz, 181.66 W, 33
2026/10/07 22:26:07.187, 6, 120 MHz, 3996 MHz, 182.89 W, 28
2026/10/07 22:26:07.187, 7, 120 MHz, 3996 MHz, 184.68 W, 27
2026/10/07 22:26:08.187, 0, 2032 MHz, 3996 MHz, 242.34 W, 41
2026/10/07 22:26:08.187, 1, 2032 MHz, 3996 MHz, 248.14 W, 37
2026/10/07 22:26:08.187, 2, 120 MHz, 3996 MHz, 183.22 W, 28
2026/10/07 22:26:08.187, 3, 2032 MHz, 3996 MHz, 1071.98 W, 55
2026/10/07 22:26:08.187, 4, 2032 MHz, 3996 MHz, 1076.83 W, 61
2026/10/07 22:26:08.187, 5, 120 MHz, 3996 MHz, 181.53 W, 33
2026/10/07 22:26:08.187, 6, 120 MHz, 3996 MHz, 182.89 W, 28
2026/10/07 22:26:08.187, 7, 120 MHz, 3996 MHz, 184.64 W, 27
2026/10/07 22:26:09.187, 0, 2032 MHz, 3996 MHz, 246.48 W, 41
2026/10/07 22:26:09.187, 1, 2032 MHz, 3996 MHz, 248.18 W, 37
2026/10/07 22:26:09.187, 2, 120 MHz, 3996 MHz, 183.40 W, 28
2026/10/07 22:26:09.187, 3, 2032 MHz, 3996 MHz, 1070.96 W, 55
2026/10/07 22:26:09.187, 4, 2032 MHz, 3996 MHz, 1076.21 W, 61
2026/10/07 22:26:09.187, 5, 120 MHz, 3996 MHz, 181.29 W, 33
2026/10/07 22:26:09.187, 6, 120 MHz, 3996 MHz, 182.89 W, 28
2026/10/07 22:26:09.187, 7, 120 MHz, 3996 MHz, 184.65 W, 27
2026/10/07 22:26:10.187, 0, 2032 MHz, 3996 MHz, 244.19 W, 41
2026/10/07 22:26:10.187, 1, 2032 MHz, 3996 MHz, 248.02 W, 37
2026/10/07 22:26:10.188, 2, 120 MHz, 3996 MHz, 183.02 W, 28
2026/10/07 22:26:10.188, 3, 2032 MHz, 3996 MHz, 1071.51 W, 55
2026/10/07 22:26:10.188, 4, 2032 MHz, 3996 MHz, 1075.61 W, 61
2026/10/07 22:26:10.188, 5, 120 MHz, 3996 MHz, 181.18 W, 33
2026/10/07 22:26:10.188, 6, 120 MHz, 3996 MHz, 182.89 W, 28
2026/10/07 22:26:10.188, 7, 120 MHz, 3996 MHz, 184.64 W, 27
2026/10/07 22:26:11.188, 0, 2032 MHz, 3996 MHz, 240.92 W, 41
2026/10/07 22:26:11.188, 1, 2032 MHz, 3996 MHz, 247.98 W, 37
2026/10/07 22:26:11.188, 2, 120 MHz, 3996 MHz, 183.01 W, 28
2026/10/07 22:26:11.188, 3, 2032 MHz, 3996 MHz, 1074.24 W, 55
2026/10/07 22:26:11.188, 4, 2032 MHz, 3996 MHz, 1075.06 W, 61
2026/10/07 22:26:11.188, 5, 120 MHz, 3996 MHz, 181.14 W, 33
2026/10/07 22:26:11.188, 6, 120 MHz, 3996 MHz, 182.88 W, 28
2026/10/07 22:26:11.188, 7, 120 MHz, 3996 MHz, 184.67 W, 27
2026/10/07 22:26:12.188, 0, 2032 MHz, 3996 MHz, 241.58 W, 41
2026/10/07 22:26:12.188, 1, 2032 MHz, 3996 MHz, 248.01 W, 37
2026/10/07 22:26:12.188, 2, 120 MHz, 3996 MHz, 182.95 W, 28
2026/10/07 22:26:12.188, 3, 2032 MHz, 3996 MHz, 1073.60 W, 54
2026/10/07 22:26:12.188, 4, 2032 MHz, 3996 MHz, 1074.39 W, 61
2026/10/07 22:26:12.188, 5, 120 MHz, 3996 MHz, 180.93 W, 33
2026/10/07 22:26:12.188, 6, 120 MHz, 3996 MHz, 182.88 W, 28
2026/10/07 22:26:12.188, 7, 120 MHz, 3996 MHz, 184.68 W, 26
2026/10/07 22:26:13.188, 0, 2032 MHz, 3996 MHz, 241.77 W, 41
2026/10/07 22:26:13.188, 1, 2032 MHz, 3996 MHz, 248.04 W, 37
2026/10/07 22:26:13.188, 2, 120 MHz, 3996 MHz, 182.75 W, 28
2026/10/07 22:26:13.189, 3, 2032 MHz, 3996 MHz, 1073.30 W, 54
2026/10/07 22:26:13.189, 4, 2032 MHz, 3996 MHz, 1078.07 W, 61
2026/10/07 22:26:13.189, 5, 120 MHz, 3996 MHz, 180.86 W, 33
2026/10/07 22:26:13.189, 6, 120 MHz, 3996 MHz, 182.89 W, 28
2026/10/07 22:26:13.189, 7, 120 MHz, 3996 MHz, 184.66 W, 26
2026/10/07 22:26:14.189, 0, 2032 MHz, 3996 MHz, 241.50 W, 41
2026/10/07 22:26:14.189, 1, 2032 MHz, 3996 MHz, 248.00 W, 37
2026/10/07 22:26:14.189, 2, 120 MHz, 3996 MHz, 182.88 W, 28
2026/10/07 22:26:14.189, 3, 2032 MHz, 3996 MHz, 1072.20 W, 54
2026/10/07 22:26:14.189, 4, 2032 MHz, 3996 MHz, 1077.24 W, 61
2026/10/07 22:26:14.189, 5, 120 MHz, 3996 MHz, 180.62 W, 33
2026/10/07 22:26:14.189, 6, 120 MHz, 3996 MHz, 182.88 W, 28
2026/10/07 22:26:14.189, 7, 120 MHz, 3996 MHz, 184.68 W, 26
2026/10/07 22:26:15.189, 0, 2032 MHz, 3996 MHz, 240.81 W, 41
2026/10/07 22:26:15.189, 1, 2032 MHz, 3996 MHz, 248.04 W, 36
2026/10/07 22:26:15.189, 2, 120 MHz, 3996 MHz, 182.93 W, 28
2026/10/07 22:26:15.189, 3, 2032 MHz, 3996 MHz, 1071.61 W, 54
2026/10/07 22:26:15.189, 4, 2032 MHz, 3996 MHz, 1076.60 W, 61
2026/10/07 22:26:15.189, 5, 120 MHz, 3996 MHz, 180.76 W, 32
2026/10/07 22:26:15.189, 6, 120 MHz, 3996 MHz, 182.89 W, 28
2026/10/07 22:26:15.189, 7, 120 MHz, 3996 MHz, 184.65 W, 26
2026/10/07 22:26:16.190, 0, 2032 MHz, 3996 MHz, 241.55 W, 41
2026/10/07 22:26:16.190, 1, 2032 MHz, 3996 MHz, 248.01 W, 36
2026/10/07 22:26:16.190, 2, 120 MHz, 3996 MHz, 182.62 W, 28
2026/10/07 22:26:16.190, 3, 2032 MHz, 3996 MHz, 1070.44 W, 54
2026/10/07 22:26:16.190, 4, 2032 MHz, 3996 MHz, 1075.99 W, 60
2026/10/07 22:26:16.190, 5, 120 MHz, 3996 MHz, 180.70 W, 32
2026/10/07 22:26:16.190, 6, 120 MHz, 3996 MHz, 182.89 W, 28
2026/10/07 22:26:16.190, 7, 120 MHz, 3996 MHz, 184.66 W, 26
2026/10/07 22:26:17.190, 0, 2032 MHz, 3996 MHz, 240.60 W, 41
2026/10/07 22:26:17.190, 1, 2032 MHz, 3996 MHz, 248.01 W, 36
2026/10/07 22:26:17.190, 2, 120 MHz, 3996 MHz, 182.60 W, 28
2026/10/07 22:26:17.190, 3, 2032 MHz, 3996 MHz, 1073.20 W, 54
2026/10/07 22:26:17.190, 4, 2032 MHz, 3996 MHz, 1074.78 W, 60
2026/10/07 22:26:17.190, 5, 120 MHz, 3996 MHz, 180.67 W, 32
2026/10/07 22:26:17.190, 6, 120 MHz, 3996 MHz, 182.89 W, 28
2026/10/07 22:26:17.190, 7, 120 MHz, 3996 MHz, 184.66 W, 26
2026/10/07 22:26:18.190, 0, 2032 MHz, 3996 MHz, 240.61 W, 41
2026/10/07 22:26:18.191, 1, 2032 MHz, 3996 MHz, 247.98 W, 36
2026/10/07 22:26:18.191, 2, 120 MHz, 3996 MHz, 182.54 W, 28
2026/10/07 22:26:18.191, 3, 2032 MHz, 3996 MHz, 1073.24 W, 54
2026/10/07 22:26:18.191, 4, 2032 MHz, 3996 MHz, 1074.18 W, 60
2026/10/07 22:26:18.191, 5, 120 MHz, 3996 MHz, 180.54 W, 32
2026/10/07 22:26:18.191, 6, 120 MHz, 3996 MHz, 182.89 W, 27
2026/10/07 22:26:18.191, 7, 120 MHz, 3996 MHz, 184.63 W, 26
2026/10/07 22:26:19.191, 0, 2032 MHz, 3996 MHz, 240.44 W, 41
2026/10/07 22:26:19.191, 1, 2032 MHz, 3996 MHz, 248.01 W, 36
2026/10/07 22:26:19.191, 2, 120 MHz, 3996 MHz, 182.53 W, 28
2026/10/07 22:26:19.191, 3, 2032 MHz, 3996 MHz, 1073.62 W, 54
2026/10/07 22:26:19.191, 4, 2032 MHz, 3996 MHz, 1074.54 W, 60
2026/10/07 22:26:19.191, 5, 120 MHz, 3996 MHz, 180.65 W, 32
2026/10/07 22:26:19.191, 6, 120 MHz, 3996 MHz, 182.89 W, 27
2026/10/07 22:26:19.191, 7, 120 MHz, 3996 MHz, 184.67 W, 26
2026/10/07 22:26:20.191, 0, 2032 MHz, 3996 MHz, 240.47 W, 41
2026/10/07 22:26:20.191, 1, 2032 MHz, 3996 MHz, 247.99 W, 36
2026/10/07 22:26:20.191, 2, 120 MHz, 3996 MHz, 182.34 W, 28
2026/10/07 22:26:20.191, 3, 2032 MHz, 3996 MHz, 1073.03 W, 54
2026/10/07 22:26:20.191, 4, 2032 MHz, 3996 MHz, 1077.09 W, 60
2026/10/07 22:26:20.191, 5, 120 MHz, 3996 MHz, 180.58 W, 32
2026/10/07 22:26:20.191, 6, 120 MHz, 3996 MHz, 182.89 W, 27
2026/10/07 22:26:20.191, 7, 120 MHz, 3996 MHz, 184.68 W, 26
2026/10/07 22:26:21.191, 0, 2032 MHz, 3996 MHz, 240.54 W, 41
2026/10/07 22:26:21.191, 1, 2032 MHz, 3996 MHz, 247.96 W, 36
2026/10/07 22:26:21.191, 2, 120 MHz, 3996 MHz, 182.09 W, 28
2026/10/07 22:26:21.191, 3, 2032 MHz, 3996 MHz, 1072.85 W, 54
2026/10/07 22:26:21.191, 4, 2032 MHz, 3996 MHz, 1077.46 W, 60
2026/10/07 22:26:21.191, 5, 120 MHz, 3996 MHz, 180.66 W, 32
2026/10/07 22:26:21.191, 6, 120 MHz, 3996 MHz, 182.89 W, 27
2026/10/07 22:26:21.191, 7, 120 MHz, 3996 MHz, 184.63 W, 26
2026/10/07 22:26:22.191, 0, 2032 MHz, 3996 MHz, 240.50 W, 41
2026/10/07 22:26:22.192, 1, 2032 MHz, 3996 MHz, 248.01 W, 36
2026/10/07 22:26:22.192, 2, 120 MHz, 3996 MHz, 182.13 W, 28
2026/10/07 22:26:22.192, 3, 2032 MHz, 3996 MHz, 1071.46 W, 54
2026/10/07 22:26:22.192, 4, 2032 MHz, 3996 MHz, 1076.29 W, 60
2026/10/07 22:26:22.192, 5, 120 MHz, 3996 MHz, 180.47 W, 32
2026/10/07 22:26:22.192, 6, 120 MHz, 3996 MHz, 182.88 W, 27
2026/10/07 22:26:22.192, 7, 120 MHz, 3996 MHz, 184.64 W, 26
2026/10/07 22:26:23.192, 0, 2032 MHz, 3996 MHz, 240.48 W, 41
2026/10/07 22:26:23.192, 1, 2032 MHz, 3996 MHz, 248.01 W, 36
2026/10/07 22:26:23.192, 2, 120 MHz, 3996 MHz, 182.09 W, 28
2026/10/07 22:26:23.192, 3, 2032 MHz, 3996 MHz, 1016.88 W, 50
2026/10/07 22:26:23.192, 4, 2032 MHz, 3996 MHz, 1075.12 W, 60
2026/10/07 22:26:23.192, 5, 120 MHz, 3996 MHz, 180.36 W, 32
2026/10/07 22:26:23.192, 6, 120 MHz, 3996 MHz, 182.89 W, 27
2026/10/07 22:26:23.192, 7, 120 MHz, 3996 MHz, 184.65 W, 26
2026/10/07 22:26:24.192, 0, 2032 MHz, 3996 MHz, 240.63 W, 41
2026/10/07 22:26:24.192, 1, 2032 MHz, 3996 MHz, 247.97 W, 36
2026/10/07 22:26:24.192, 2, 120 MHz, 3996 MHz, 182.01 W, 28
2026/10/07 22:26:24.192, 3, 2032 MHz, 3996 MHz, 251.01 W, 42
2026/10/07 22:26:24.192, 4, 2032 MHz, 3996 MHz, 1074.45 W, 60
2026/10/07 22:26:24.192, 5, 120 MHz, 3996 MHz, 180.53 W, 32
2026/10/07 22:26:24.192, 6, 120 MHz, 3996 MHz, 182.89 W, 27
2026/10/07 22:26:24.192, 7, 120 MHz, 3996 MHz, 184.68 W, 26
2026/10/07 22:26:25.192, 0, 2032 MHz, 3996 MHz, 240.57 W, 41
2026/10/07 22:26:25.192, 1, 2032 MHz, 3996 MHz, 247.97 W, 36
2026/10/07 22:26:25.192, 2, 120 MHz, 3996 MHz, 181.97 W, 28
2026/10/07 22:26:25.193, 3, 2032 MHz, 3996 MHz, 257.92 W, 41
2026/10/07 22:26:25.193, 4, 2032 MHz, 3996 MHz, 998.22 W, 59
2026/10/07 22:26:25.193, 5, 120 MHz, 3996 MHz, 180.47 W, 32
2026/10/07 22:26:25.193, 6, 120 MHz, 3996 MHz, 182.89 W, 27
2026/10/07 22:26:25.193, 7, 120 MHz, 3996 MHz, 184.65 W, 26
2026/10/07 22:26:26.193, 0, 2032 MHz, 3996 MHz, 240.44 W, 41
2026/10/07 22:26:26.193, 1, 2032 MHz, 3996 MHz, 248.00 W, 36
2026/10/07 22:26:26.193, 2, 120 MHz, 3996 MHz, 182.01 W, 28
2026/10/07 22:26:26.193, 3, 2032 MHz, 3996 MHz, 244.64 W, 40
2026/10/07 22:26:26.193, 4, 2032 MHz, 3996 MHz, 661.61 W, 50
2026/10/07 22:26:26.193, 5, 120 MHz, 3996 MHz, 180.91 W, 32
2026/10/07 22:26:26.193, 6, 120 MHz, 3996 MHz, 182.88 W, 27
2026/10/07 22:26:26.193, 7, 120 MHz, 3996 MHz, 184.64 W, 26
2026/10/07 22:26:27.193, 0, 2032 MHz, 3996 MHz, 240.41 W, 41
2026/10/07 22:26:27.193, 1, 2032 MHz, 3996 MHz, 247.98 W, 36
2026/10/07 22:26:27.193, 2, 120 MHz, 3996 MHz, 182.01 W, 28
2026/10/07 22:26:27.193, 3, 2032 MHz, 3996 MHz, 243.87 W, 40
2026/10/07 22:26:27.193, 4, 2032 MHz, 3996 MHz, 246.35 W, 47
2026/10/07 22:26:27.193, 5, 120 MHz, 3996 MHz, 180.89 W, 32
2026/10/07 22:26:27.193, 6, 120 MHz, 3996 MHz, 182.89 W, 27
2026/10/07 22:26:27.193, 7, 120 MHz, 3996 MHz, 184.66 W, 26
2026/10/07 22:26:28.193, 0, 2032 MHz, 3996 MHz, 240.44 W, 40
2026/10/07 22:26:28.193, 1, 2032 MHz, 3996 MHz, 247.98 W, 36
2026/10/07 22:26:28.193, 2, 120 MHz, 3996 MHz, 182.01 W, 28
2026/10/07 22:26:28.193, 3, 2032 MHz, 3996 MHz, 242.92 W, 39
2026/10/07 22:26:28.193, 4, 2032 MHz, 3996 MHz, 256.05 W, 46
2026/10/07 22:26:28.193, 5, 120 MHz, 3996 MHz, 180.86 W, 32
2026/10/07 22:26:28.193, 6, 120 MHz, 3996 MHz, 182.89 W, 27
2026/10/07 22:26:28.193, 7, 120 MHz, 3996 MHz, 184.64 W, 26
2026/10/07 22:26:29.194, 0, 2032 MHz, 3996 MHz, 240.42 W, 40
2026/10/07 22:26:29.194, 1, 2032 MHz, 3996 MHz, 247.97 W, 36
2026/10/07 22:26:29.194, 2, 120 MHz, 3996 MHz, 182.01 W, 28
2026/10/07 22:26:29.194, 3, 2032 MHz, 3996 MHz, 242.71 W, 39
2026/10/07 22:26:29.194, 4, 2032 MHz, 3996 MHz, 242.81 W, 46
2026/10/07 22:26:29.194, 5, 120 MHz, 3996 MHz, 180.66 W, 32
2026/10/07 22:26:29.194, 6, 120 MHz, 3996 MHz, 182.89 W, 27
2026/10/07 22:26:29.194, 7, 120 MHz, 3996 MHz, 184.65 W, 26
2026/10/07 22:26:30.194, 0, 2032 MHz, 3996 MHz, 240.43 W, 40
2026/10/07 22:26:30.194, 1, 2032 MHz, 3996 MHz, 247.98 W, 36
2026/10/07 22:26:30.194, 2, 120 MHz, 3996 MHz, 182.05 W, 27
2026/10/07 22:26:30.194, 3, 2032 MHz, 3996 MHz, 242.72 W, 38
2026/10/07 22:26:30.194, 4, 2032 MHz, 3996 MHz, 242.60 W, 45
2026/10/07 22:26:30.194, 5, 120 MHz, 3996 MHz, 180.82 W, 32
2026/10/07 22:26:30.194, 6, 120 MHz, 3996 MHz, 182.89 W, 27
2026/10/07 22:26:30.194, 7, 120 MHz, 3996 MHz, 184.62 W, 26
2026/10/07 22:26:31.194, 0, 2032 MHz, 3996 MHz, 240.42 W, 40
2026/10/07 22:26:31.194, 1, 2032 MHz, 3996 MHz, 247.98 W, 35
2026/10/07 22:26:31.194, 2, 120 MHz, 3996 MHz, 182.01 W, 27
2026/10/07 22:26:31.194, 3, 2032 MHz, 3996 MHz, 242.49 W, 38
2026/10/07 22:26:31.194, 4, 2032 MHz, 3996 MHz, 242.59 W, 44
2026/10/07 22:26:31.194, 5, 120 MHz, 3996 MHz, 180.81 W, 32
2026/10/07 22:26:31.194, 6, 120 MHz, 3996 MHz, 182.88 W, 27
2026/10/07 22:26:31.194, 7, 120 MHz, 3996 MHz, 184.61 W, 26
2026/10/07 22:26:32.195, 0, 2032 MHz, 3996 MHz, 240.43 W, 40
2026/10/07 22:26:32.195, 1, 2032 MHz, 3996 MHz, 247.96 W, 35
2026/10/07 22:26:32.195, 2, 120 MHz, 3996 MHz, 182.03 W, 27
2026/10/07 22:26:32.195, 3, 412 MHz, 3996 MHz, 232.70 W, 37
2026/10/07 22:26:32.195, 4, 2032 MHz, 3996 MHz, 241.09 W, 44
2026/10/07 22:26:32.195, 5, 120 MHz, 3996 MHz, 180.71 W, 32
2026/10/07 22:26:32.195, 6, 120 MHz, 3996 MHz, 182.89 W, 27
2026/10/07 22:26:32.195, 7, 120 MHz, 3996 MHz, 184.63 W, 26
