timestamp, index, clocks.current.sm [MHz], clocks.current.memory [MHz], power.draw [W], temperature.gpu
2026/10/08 05:16:16.426, 0, 120 MHz, 3996 MHz, 186.41 W, 34
2026/10/08 05:16:16.427, 1, 120 MHz, 3996 MHz, 188.23 W, 36
2026/10/08 05:16:16.429, 2, 120 MHz, 3996 MHz, 186.05 W, 32
2026/10/08 05:16:16.434, 3, 120 MHz, 3996 MHz, 184.10 W, 32
2026/10/08 05:16:16.436, 4, 120 MHz, 3996 MHz, 184.48 W, 36
2026/10/08 05:16:16.437, 5, 120 MHz, 3996 MHz, 182.64 W, 34
2026/10/08 05:16:16.439, 6, 120 MHz, 3996 MHz, 186.58 W, 31
2026/10/08 05:16:16.440, 7, 120 MHz, 3996 MHz, 186.53 W, 30
2026/10/08 05:16:17.442, 0, 120 MHz, 3996 MHz, 186.41 W, 34
2026/10/08 05:16:17.442, 1, 120 MHz, 3996 MHz, 188.23 W, 36
2026/10/08 05:16:17.442, 2, 120 MHz, 3996 MHz, 186.05 W, 32
2026/10/08 05:16:17.442, 3, 120 MHz, 3996 MHz, 184.09 W, 32
2026/10/08 05:16:17.442, 4, 120 MHz, 3996 MHz, 184.49 W, 36
2026/10/08 05:16:17.442, 5, 120 MHz, 3996 MHz, 182.64 W, 34
2026/10/08 05:16:17.442, 6, 120 MHz, 3996 MHz, 186.70 W, 31
2026/10/08 05:16:17.442, 7, 120 MHz, 3996 MHz, 186.45 W, 30
2026/10/08 05:16:18.442, 0, 120 MHz, 3996 MHz, 186.41 W, 34
2026/10/08 05:16:18.442, 1, 120 MHz, 3996 MHz, 188.23 W, 36
2026/10/08 05:16:18.442, 2, 120 MHz, 3996 MHz, 186.05 W, 32
2026/10/08 05:16:18.442, 3, 120 MHz, 3996 MHz, 184.09 W, 32
2026/10/08 05:16:18.442, 4, 120 MHz, 3996 MHz, 184.49 W, 36
2026/10/08 05:16:18.442, 5, 120 MHz, 3996 MHz, 182.62 W, 34
2026/10/08 05:16:18.442, 6, 120 MHz, 3996 MHz, 186.62 W, 31
2026/10/08 05:16:18.442, 7, 120 MHz, 3996 MHz, 186.49 W, 30
2026/10/08 05:16:19.442, 0, 120 MHz, 3996 MHz, 186.41 W, 34
2026/10/08 05:16:19.442, 1, 120 MHz, 3996 MHz, 188.23 W, 36
2026/10/08 05:16:19.442, 2, 120 MHz, 3996 MHz, 186.01 W, 32
2026/10/08 05:16:19.442, 3, 120 MHz, 3996 MHz, 184.11 W, 32
2026/10/08 05:16:19.442, 4, 120 MHz, 3996 MHz, 184.49 W, 36
2026/10/08 05:16:19.442, 5, 120 MHz, 3996 MHz, 182.68 W, 34
2026/10/08 05:16:19.442, 6, 120 MHz, 3996 MHz, 186.78 W, 31
2026/10/08 05:16:19.442, 7, 120 MHz, 3996 MHz, 186.49 W, 30
2026/10/08 05:16:20.442, 0, 120 MHz, 3996 MHz, 185.91 W, 34
2026/10/08 05:16:20.442, 1, 120 MHz, 3996 MHz, 187.88 W, 36
2026/10/08 05:16:20.442, 2, 120 MHz, 3996 MHz, 186.05 W, 32
2026/10/08 05:16:20.442, 3, 120 MHz, 3996 MHz, 184.10 W, 32
2026/10/08 05:16:20.442, 4, 120 MHz, 3996 MHz, 184.33 W, 36
2026/10/08 05:16:20.442, 5, 120 MHz, 3996 MHz, 182.70 W, 34
2026/10/08 05:16:20.442, 6, 120 MHz, 3996 MHz, 186.59 W, 31
2026/10/08 05:16:20.442, 7, 120 MHz, 3996 MHz, 186.42 W, 30
2026/10/08 05:16:21.443, 0, 120 MHz, 3996 MHz, 184.47 W, 34
2026/10/08 05:16:21.443, 1, 120 MHz, 3996 MHz, 186.68 W, 36
2026/10/08 05:16:21.443, 2, 120 MHz, 3996 MHz, 186.05 W, 32
2026/10/08 05:16:21.443, 3, 120 MHz, 3996 MHz, 184.10 W, 32
2026/10/08 05:16:21.443, 4, 120 MHz, 3996 MHz, 184.13 W, 36
2026/10/08 05:16:21.443, 5, 120 MHz, 3996 MHz, 182.62 W, 34
2026/10/08 05:16:21.443, 6, 120 MHz, 3996 MHz, 185.69 W, 31
2026/10/08 05:16:21.443, 7, 120 MHz, 3996 MHz, 185.62 W, 30
2026/10/08 05:16:22.443, 0, 120 MHz, 3996 MHz, 184.47 W, 34
2026/10/08 05:16:22.443, 1, 120 MHz, 3996 MHz, 186.52 W, 36
2026/10/08 05:16:22.443, 2, 120 MHz, 3996 MHz, 185.97 W, 32
2026/10/08 05:16:22.443, 3, 120 MHz, 3996 MHz, 184.09 W, 32
2026/10/08 05:16:22.443, 4, 120 MHz, 3996 MHz, 184.24 W, 36
2026/10/08 05:16:22.443, 5, 120 MHz, 3996 MHz, 182.62 W, 34
2026/10/08 05:16:22.443, 6, 120 MHz, 3996 MHz, 185.57 W, 31
2026/10/08 05:16:22.443, 7, 120 MHz, 3996 MHz, 185.13 W, 30
2026/10/08 05:16:23.443, 0, 120 MHz, 3996 MHz, 184.51 W, 34
2026/10/08 05:16:23.443, 1, 120 MHz, 3996 MHz, 186.63 W, 36
2026/10/08 05:16:23.443, 2, 120 MHz, 3996 MHz, 186.05 W, 32
2026/10/08 05:16:23.443, 3, 120 MHz, 3996 MHz, 184.10 W, 32
2026/10/08 05:16:23.443, 4, 120 MHz, 3996 MHz, 184.24 W, 36
2026/10/08 05:16:23.443, 5, 120 MHz, 3996 MHz, 182.61 W, 34
2026/10/08 05:16:23.443, 6, 120 MHz, 3996 MHz, 186.09 W, 31
2026/10/08 05:16:23.443, 7, 120 MHz, 3996 MHz, 185.92 W, 31
2026/10/08 05:16:24.443, 0, 120 MHz, 3996 MHz, 184.47 W, 34
2026/10/08 05:16:24.443, 1, 120 MHz, 3996 MHz, 186.67 W, 36
2026/10/08 05:16:24.443, 2, 120 MHz, 3996 MHz, 186.01 W, 32
2026/10/08 05:16:24.443, 3, 120 MHz, 3996 MHz, 184.11 W, 32
2026/10/08 05:16:24.443, 4, 120 MHz, 3996 MHz, 184.16 W, 36
2026/10/08 05:16:24.443, 5, 120 MHz, 3996 MHz, 182.64 W, 35
2026/10/08 05:16:24.443, 6, 120 MHz, 3996 MHz, 185.81 W, 31
2026/10/08 05:16:24.443, 7, 120 MHz, 3996 MHz, 185.99 W, 31
2026/10/08 05:16:25.444, 0, 120 MHz, 3996 MHz, 184.47 W, 34
2026/10/08 05:16:25.444, 1, 120 MHz, 3996 MHz, 186.87 W, 36
2026/10/08 05:16:25.444, 2, 120 MHz, 3996 MHz, 186.05 W, 32
2026/10/08 05:16:25.444, 3, 120 MHz, 3996 MHz, 184.10 W, 32
2026/10/08 05:16:25.444, 4, 120 MHz, 3996 MHz, 184.37 W, 36
2026/10/08 05:16:25.444, 5, 120 MHz, 3996 MHz, 182.62 W, 35
2026/10/08 05:16:25.444, 6, 120 MHz, 3996 MHz, 185.95 W, 32
2026/10/08 05:16:25.444, 7, 120 MHz, 3996 MHz, 186.34 W, 31
2026/10/08 05:16:26.444, 0, 120 MHz, 3996 MHz, 184.51 W, 34
2026/10/08 05:16:26.444, 1, 120 MHz, 3996 MHz, 187.01 W, 36
2026/10/08 05:16:26.444, 2, 120 MHz, 3996 MHz, 186.05 W, 32
2026/10/08 05:16:26.444, 3, 120 MHz, 3996 MHz, 184.10 W, 32
2026/10/08 05:16:26.444, 4, 120 MHz, 3996 MHz, 184.19 W, 36
2026/10/08 05:16:26.444, 5, 120 MHz, 3996 MHz, 182.65 W, 35
2026/10/08 05:16:26.444, 6, 120 MHz, 3996 MHz, 186.20 W, 32
2026/10/08 05:16:26.444, 7, 120 MHz, 3996 MHz, 186.19 W, 31
2026/10/08 05:16:27.444, 0, 120 MHz, 3996 MHz, 184.50 W, 34
2026/10/08 05:16:27.444, 1, 120 MHz, 3996 MHz, 186.91 W, 36
2026/10/08 05:16:27.444, 2, 120 MHz, 3996 MHz, 186.05 W, 32
2026/10/08 05:16:27.444, 3, 120 MHz, 3996 MHz, 184.09 W, 32
2026/10/08 05:16:27.444, 4, 120 MHz, 3996 MHz, 184.20 W, 36
2026/10/08 05:16:27.444, 5, 120 MHz, 3996 MHz, 182.63 W, 35
2026/10/08 05:16:27.444, 6, 120 MHz, 3996 MHz, 186.40 W, 32
2026/10/08 05:16:27.444, 7, 120 MHz, 3996 MHz, 186.30 W, 31
2026/10/08 05:16:28.444, 0, 120 MHz, 3996 MHz, 184.62 W, 34
2026/10/08 05:16:28.444, 1, 120 MHz, 3996 MHz, 187.23 W, 36
2026/10/08 05:16:28.444, 2, 120 MHz, 3996 MHz, 186.05 W, 32
2026/10/08 05:16:28.444, 3, 120 MHz, 3996 MHz, 184.10 W, 32
2026/10/08 05:16:28.444, 4, 120 MHz, 3996 MHz, 184.45 W, 36
2026/10/08 05:16:28.444, 5, 120 MHz, 3996 MHz, 182.63 W, 35
2026/10/08 05:16:28.444, 6, 120 MHz, 3996 MHz, 186.54 W, 32
2026/10/08 05:16:28.444, 7, 120 MHz, 3996 MHz, 186.10 W, 31
2026/10/08 05:16:29.444, 0, 120 MHz, 3996 MHz, 184.54 W, 34
2026/10/08 05:16:29.445, 1, 120 MHz, 3996 MHz, 186.87 W, 36
2026/10/08 05:16:29.445, 2, 120 MHz, 3996 MHz, 186.05 W, 32
2026/10/08 05:16:29.445, 3, 120 MHz, 3996 MHz, 184.09 W, 32
2026/10/08 05:16:29.445, 4, 120 MHz, 3996 MHz, 184.46 W, 36
2026/10/08 05:16:29.445, 5, 120 MHz, 3996 MHz, 182.62 W, 35
2026/10/08 05:16:29.445, 6, 120 MHz, 3996 MHz, 186.36 W, 32
2026/10/08 05:16:29.445, 7, 120 MHz, 3996 MHz, 186.34 W, 31
2026/10/08 05:16:30.445, 0, 120 MHz, 3996 MHz, 184.69 W, 34
2026/10/08 05:16:30.445, 1, 120 MHz, 3996 MHz, 187.64 W, 36
2026/10/08 05:16:30.445, 2, 120 MHz, 3996 MHz, 186.05 W, 32
2026/10/08 05:16:30.445, 3, 120 MHz, 3996 MHz, 184.09 W, 32
2026/10/08 05:16:30.445, 4, 120 MHz, 3996 MHz, 184.50 W, 36
2026/10/08 05:16:30.445, 5, 120 MHz, 3996 MHz, 182.62 W, 35
2026/10/08 05:16:30.445, 6, 120 MHz, 3996 MHz, 184.87 W, 32
2026/10/08 05:16:30.445, 7, 120 MHz, 3996 MHz, 186.38 W, 31
2026/10/08 05:16:31.445, 0, 120 MHz, 3996 MHz, 184.58 W, 34
2026/10/08 05:16:31.445, 1, 120 MHz, 3996 MHz, 187.12 W, 36
2026/10/08 05:16:31.445, 2, 120 MHz, 3996 MHz, 186.05 W, 32
2026/10/08 05:16:31.445, 3, 120 MHz, 3996 MHz, 184.10 W, 32
2026/10/08 05:16:31.445, 4, 120 MHz, 3996 MHz, 184.49 W, 36
2026/10/08 05:16:31.445, 5, 120 MHz, 3996 MHz, 182.66 W, 35
2026/10/08 05:16:31.445, 6, 120 MHz, 3996 MHz, 184.87 W, 32
2026/10/08 05:16:31.445, 7, 120 MHz, 3996 MHz, 186.46 W, 31
2026/10/08 05:16:32.445, 0, 120 MHz, 3996 MHz, 184.82 W, 34
2026/10/08 05:16:32.445, 1, 120 MHz, 3996 MHz, 187.16 W, 37
2026/10/08 05:16:32.445, 2, 120 MHz, 3996 MHz, 186.05 W, 32
2026/10/08 05:16:32.445, 3, 120 MHz, 3996 MHz, 184.10 W, 32
2026/10/08 05:16:32.445, 4, 120 MHz, 3996 MHz, 184.51 W, 36
2026/10/08 05:16:32.445, 5, 120 MHz, 3996 MHz, 182.63 W, 35
2026/10/08 05:16:32.445, 6, 120 MHz, 3996 MHz, 184.91 W, 32
2026/10/08 05:16:32.445, 7, 120 MHz, 3996 MHz, 186.41 W, 31
2026/10/08 05:16:33.446, 0, 120 MHz, 3996 MHz, 184.78 W, 34
2026/10/08 05:16:33.446, 1, 120 MHz, 3996 MHz, 187.69 W, 37
2026/10/08 05:16:33.446, 2, 120 MHz, 3996 MHz, 186.05 W, 32
2026/10/08 05:16:33.446, 3, 120 MHz, 3996 MHz, 184.10 W, 32
2026/10/08 05:16:33.446, 4, 120 MHz, 3996 MHz, 184.50 W, 36
2026/10/08 05:16:33.446, 5, 120 MHz, 3996 MHz, 182.70 W, 35
2026/10/08 05:16:33.446, 6, 120 MHz, 3996 MHz, 184.91 W, 32
2026/10/08 05:16:33.446, 7, 120 MHz, 3996 MHz, 186.49 W, 31
2026/10/08 05:16:34.446, 0, 120 MHz, 3996 MHz, 185.53 W, 34
2026/10/08 05:16:34.446, 1, 120 MHz, 3996 MHz, 187.32 W, 37
2026/10/08 05:16:34.446, 2, 120 MHz, 3996 MHz, 186.05 W, 32
2026/10/08 05:16:34.446, 3, 120 MHz, 3996 MHz, 184.09 W, 32
2026/10/08 05:16:34.446, 4, 120 MHz, 3996 MHz, 184.50 W, 36
2026/10/08 05:16:34.446, 5, 120 MHz, 3996 MHz, 182.64 W, 35
2026/10/08 05:16:34.446, 6, 120 MHz, 3996 MHz, 184.95 W, 32
2026/10/08 05:16:34.446, 7, 120 MHz, 3996 MHz, 186.49 W, 31
2026/10/08 05:16:35.446, 0, 120 MHz, 3996 MHz, 185.55 W, 34
2026/10/08 05:16:35.446, 1, 120 MHz, 3996 MHz, 186.29 W, 37
2026/10/08 05:16:35.446, 2, 120 MHz, 3996 MHz, 186.05 W, 32
2026/10/08 05:16:35.446, 3, 120 MHz, 3996 MHz, 184.09 W, 32
2026/10/08 05:16:35.446, 4, 120 MHz, 3996 MHz, 184.50 W, 36
2026/10/08 05:16:35.446, 5, 120 MHz, 3996 MHz, 182.64 W, 35
2026/10/08 05:16:35.446, 6, 120 MHz, 3996 MHz, 185.07 W, 32
2026/10/08 05:16:35.446, 7, 120 MHz, 3996 MHz, 186.49 W, 31
2026/10/08 05:16:36.446, 0, 120 MHz, 3996 MHz, 184.96 W, 34
2026/10/08 05:16:36.446, 1, 120 MHz, 3996 MHz, 186.29 W, 37
2026/10/08 05:16:36.446, 2, 120 MHz, 3996 MHz, 186.05 W, 32
2026/10/08 05:16:36.446, 3, 120 MHz, 3996 MHz, 184.12 W, 32
2026/10/08 05:16:36.446, 4, 120 MHz, 3996 MHz, 184.51 W, 36
2026/10/08 05:16:36.446, 5, 120 MHz, 3996 MHz, 182.66 W, 35
2026/10/08 05:16:36.446, 6, 120 MHz, 3996 MHz, 184.87 W, 32
2026/10/08 05:16:36.446, 7, 120 MHz, 3996 MHz, 186.45 W, 31
2026/10/08 05:16:37.447, 0, 120 MHz, 3996 MHz, 184.93 W, 34
2026/10/08 05:16:37.447, 1, 120 MHz, 3996 MHz, 186.32 W, 37
2026/10/08 05:16:37.447, 2, 120 MHz, 3996 MHz, 186.05 W, 32
2026/10/08 05:16:37.447, 3, 120 MHz, 3996 MHz, 184.11 W, 33
2026/10/08 05:16:37.447, 4, 120 MHz, 3996 MHz, 184.49 W, 36
2026/10/08 05:16:37.447, 5, 120 MHz, 3996 MHz, 182.63 W, 35
2026/10/08 05:16:37.447, 6, 120 MHz, 3996 MHz, 184.91 W, 32
2026/10/08 05:16:37.447, 7, 120 MHz, 3996 MHz, 186.53 W, 31
2026/10/08 05:16:38.447, 0, 120 MHz, 3996 MHz, 184.96 W, 34
2026/10/08 05:16:38.447, 1, 120 MHz, 3996 MHz, 186.29 W, 37
2026/10/08 05:16:38.447, 2, 120 MHz, 3996 MHz, 186.05 W, 32
2026/10/08 05:16:38.447, 3, 120 MHz, 3996 MHz, 184.10 W, 33
2026/10/08 05:16:38.447, 4, 120 MHz, 3996 MHz, 184.50 W, 36
2026/10/08 05:16:38.447, 5, 120 MHz, 3996 MHz, 182.62 W, 35
2026/10/08 05:16:38.447, 6, 120 MHz, 3996 MHz, 184.91 W, 32
2026/10/08 05:16:38.447, 7, 120 MHz, 3996 MHz, 186.53 W, 31
2026/10/08 05:16:39.447, 0, 120 MHz, 3996 MHz, 184.96 W, 35
2026/10/08 05:16:39.447, 1, 120 MHz, 3996 MHz, 186.36 W, 37
2026/10/08 05:16:39.447, 2, 120 MHz, 3996 MHz, 186.05 W, 32
2026/10/08 05:16:39.447, 3, 120 MHz, 3996 MHz, 184.11 W, 33
2026/10/08 05:16:39.447, 4, 120 MHz, 3996 MHz, 184.49 W, 36
2026/10/08 05:16:39.447, 5, 120 MHz, 3996 MHz, 182.65 W, 35
2026/10/08 05:16:39.447, 6, 120 MHz, 3996 MHz, 185.03 W, 32
2026/10/08 05:16:39.447, 7, 120 MHz, 3996 MHz, 186.53 W, 31
2026/10/08 05:16:40.447, 0, 120 MHz, 3996 MHz, 185.25 W, 35
2026/10/08 05:16:40.447, 1, 120 MHz, 3996 MHz, 186.44 W, 37
2026/10/08 05:16:40.447, 2, 2032 MHz, 3996 MHz, 209.46 W, 33
2026/10/08 05:16:40.447, 3, 2032 MHz, 3996 MHz, 215.90 W, 34
2026/10/08 05:16:40.447, 4, 120 MHz, 3996 MHz, 184.49 W, 36
2026/10/08 05:16:40.447, 5, 120 MHz, 3996 MHz, 182.62 W, 35
2026/10/08 05:16:40.447, 6, 120 MHz, 3996 MHz, 185.30 W, 32
2026/10/08 05:16:40.447, 7, 120 MHz, 3996 MHz, 186.53 W, 31
2026/10/08 05:16:41.448, 0, 120 MHz, 3996 MHz, 185.38 W, 35
2026/10/08 05:16:41.448, 1, 120 MHz, 3996 MHz, 186.36 W, 37
2026/10/08 05:16:41.448, 2, 2032 MHz, 3996 MHz, 236.66 W, 34
2026/10/08 05:16:41.448, 3, 2032 MHz, 3996 MHz, 236.81 W, 34
2026/10/08 05:16:41.448, 4, 120 MHz, 3996 MHz, 184.50 W, 37
2026/10/08 05:16:41.448, 5, 120 MHz, 3996 MHz, 182.62 W, 35
2026/10/08 05:16:41.448, 6, 120 MHz, 3996 MHz, 185.14 W, 32
2026/10/08 05:16:41.448, 7, 120 MHz, 3996 MHz, 186.53 W, 31
2026/10/08 05:16:42.448, 0, 120 MHz, 3996 MHz, 185.53 W, 35
2026/10/08 05:16:42.448, 1, 120 MHz, 3996 MHz, 186.60 W, 37
2026/10/08 05:16:42.448, 2, 2032 MHz, 3996 MHz, 238.06 W, 34
2026/10/08 05:16:42.448, 3, 2032 MHz, 3996 MHz, 237.96 W, 34
2026/10/08 05:16:42.448, 4, 120 MHz, 3996 MHz, 184.48 W, 37
2026/10/08 05:16:42.448, 5, 120 MHz, 3996 MHz, 182.68 W, 35
2026/10/08 05:16:42.448, 6, 120 MHz, 3996 MHz, 185.45 W, 32
2026/10/08 05:16:42.448, 7, 120 MHz, 3996 MHz, 186.53 W, 31
2026/10/08 05:16:43.448, 0, 120 MHz, 3996 MHz, 186.37 W, 35
2026/10/08 05:16:43.448, 1, 120 MHz, 3996 MHz, 187.88 W, 37
2026/10/08 05:16:43.448, 2, 2032 MHz, 3996 MHz, 238.46 W, 34
2026/10/08 05:16:43.448, 3, 2032 MHz, 3996 MHz, 238.81 W, 34
2026/10/08 05:16:43.448, 4, 120 MHz, 3996 MHz, 184.48 W, 37
2026/10/08 05:16:43.448, 5, 120 MHz, 3996 MHz, 182.70 W, 35
2026/10/08 05:16:43.448, 6, 120 MHz, 3996 MHz, 185.71 W, 32
2026/10/08 05:16:43.448, 7, 120 MHz, 3996 MHz, 186.53 W, 31
2026/10/08 05:16:44.448, 0, 120 MHz, 3996 MHz, 186.37 W, 35
2026/10/08 05:16:44.448, 1, 120 MHz, 3996 MHz, 188.23 W, 37
2026/10/08 05:16:44.448, 2, 2032 MHz, 3996 MHz, 255.79 W, 34
2026/10/08 05:16:44.448, 3, 2032 MHz, 3996 MHz, 238.75 W, 34
2026/10/08 05:16:44.448, 4, 120 MHz, 3996 MHz, 184.49 W, 37
2026/10/08 05:16:44.448, 5, 120 MHz, 3996 MHz, 182.67 W, 35
2026/10/08 05:16:44.448, 6, 120 MHz, 3996 MHz, 185.55 W, 32
2026/10/08 05:16:44.448, 7, 120 MHz, 3996 MHz, 186.53 W, 31
2026/10/08 05:16:45.448, 0, 120 MHz, 3996 MHz, 185.79 W, 35
2026/10/08 05:16:45.449, 1, 120 MHz, 3996 MHz, 186.64 W, 37
2026/10/08 05:16:45.449, 2, 2032 MHz, 3996 MHz, 272.13 W, 35
2026/10/08 05:16:45.449, 3, 2032 MHz, 3996 MHz, 256.63 W, 35
2026/10/08 05:16:45.449, 4, 120 MHz, 3996 MHz, 184.22 W, 37
2026/10/08 05:16:45.449, 5, 120 MHz, 3996 MHz, 182.71 W, 35
2026/10/08 05:16:45.449, 6, 120 MHz, 3996 MHz, 185.88 W, 32
2026/10/08 05:16:45.449, 7, 120 MHz, 3996 MHz, 186.53 W, 31
2026/10/08 05:16:46.449, 0, 120 MHz, 3996 MHz, 185.87 W, 35
2026/10/08 05:16:46.449, 1, 120 MHz, 3996 MHz, 186.59 W, 37
2026/10/08 05:16:46.449, 2, 2032 MHz, 3996 MHz, 256.68 W, 35
2026/10/08 05:16:46.449, 3, 2032 MHz, 3996 MHz, 238.94 W, 34
2026/10/08 05:16:46.449, 4, 120 MHz, 3996 MHz, 184.08 W, 37
2026/10/08 05:16:46.449, 5, 120 MHz, 3996 MHz, 182.71 W, 35
2026/10/08 05:16:46.449, 6, 120 MHz, 3996 MHz, 185.78 W, 32
2026/10/08 05:16:46.449, 7, 120 MHz, 3996 MHz, 186.53 W, 31
2026/10/08 05:16:47.449, 0, 120 MHz, 3996 MHz, 185.90 W, 35
2026/10/08 05:16:47.449, 1, 120 MHz, 3996 MHz, 186.75 W, 37
2026/10/08 05:16:47.449, 2, 2032 MHz, 3996 MHz, 243.48 W, 34
2026/10/08 05:16:47.449, 3, 2032 MHz, 3996 MHz, 274.76 W, 34
2026/10/08 05:16:47.449, 4, 120 MHz, 3996 MHz, 183.83 W, 37
2026/10/08 05:16:47.449, 5, 120 MHz, 3996 MHz, 182.64 W, 35
2026/10/08 05:16:47.449, 6, 120 MHz, 3996 MHz, 186.01 W, 32
2026/10/08 05:16:47.449, 7, 120 MHz, 3996 MHz, 185.56 W, 31
2026/10/08 05:16:48.449, 0, 120 MHz, 3996 MHz, 185.87 W, 35
2026/10/08 05:16:48.449, 1, 120 MHz, 3996 MHz, 186.93 W, 37
2026/10/08 05:16:48.449, 2, 2032 MHz, 3996 MHz, 240.19 W, 34
2026/10/08 05:16:48.449, 3, 2032 MHz, 3996 MHz, 255.77 W, 35
2026/10/08 05:16:48.449, 4, 120 MHz, 3996 MHz, 184.18 W, 37
2026/10/08 05:16:48.449, 5, 120 MHz, 3996 MHz, 182.89 W, 35
2026/10/08 05:16:48.449, 6, 120 MHz, 3996 MHz, 185.92 W, 32
2026/10/08 05:16:48.449, 7, 120 MHz, 3996 MHz, 185.68 W, 32
2026/10/08 05:16:49.449, 0, 120 MHz, 3996 MHz, 185.99 W, 35
2026/10/08 05:16:49.449, 1, 120 MHz, 3996 MHz, 187.02 W, 37
2026/10/08 05:16:49.449, 2, 2032 MHz, 3996 MHz, 238.41 W, 34
2026/10/08 05:16:49.449, 3, 2032 MHz, 3996 MHz, 240.57 W, 34
2026/10/08 05:16:49.449, 4, 120 MHz, 3996 MHz, 184.34 W, 37
2026/10/08 05:16:49.449, 5, 120 MHz, 3996 MHz, 182.69 W, 35
2026/10/08 05:16:49.449, 6, 120 MHz, 3996 MHz, 186.09 W, 32
2026/10/08 05:16:49.449, 7, 120 MHz, 3996 MHz, 185.58 W, 32
2026/10/08 05:16:50.450, 0, 120 MHz, 3996 MHz, 185.94 W, 35
2026/10/08 05:16:50.450, 1, 120 MHz, 3996 MHz, 186.93 W, 37
2026/10/08 05:16:50.450, 2, 2032 MHz, 3996 MHz, 238.76 W, 34
2026/10/08 05:16:50.450, 3, 2032 MHz, 3996 MHz, 238.61 W, 34
2026/10/08 05:16:50.450, 4, 120 MHz, 3996 MHz, 184.22 W, 37
2026/10/08 05:16:50.450, 5, 120 MHz, 3996 MHz, 182.78 W, 35
2026/10/08 05:16:50.450, 6, 120 MHz, 3996 MHz, 186.23 W, 32
2026/10/08 05:16:50.450, 7, 120 MHz, 3996 MHz, 185.87 W, 32
2026/10/08 05:16:51.450, 0, 120 MHz, 3996 MHz, 186.06 W, 35
2026/10/08 05:16:51.450, 1, 120 MHz, 3996 MHz, 187.12 W, 37
2026/10/08 05:16:51.450, 2, 2032 MHz, 3996 MHz, 247.29 W, 34
2026/10/08 05:16:51.450, 3, 2032 MHz, 3996 MHz, 238.63 W, 35
2026/10/08 05:16:51.450, 4, 120 MHz, 3996 MHz, 184.45 W, 37
2026/10/08 05:16:51.450, 5, 120 MHz, 3996 MHz, 182.76 W, 35
2026/10/08 05:16:51.450, 6, 120 MHz, 3996 MHz, 186.40 W, 32
2026/10/08 05:16:51.450, 7, 120 MHz, 3996 MHz, 185.84 W, 32
2026/10/08 05:16:52.450, 0, 120 MHz, 3996 MHz, 186.18 W, 35
2026/10/08 05:16:52.450, 1, 120 MHz, 3996 MHz, 187.02 W, 37
2026/10/08 05:16:52.450, 2, 2032 MHz, 3996 MHz, 238.57 W, 34
2026/10/08 05:16:52.450, 3, 2032 MHz, 3996 MHz, 238.65 W, 35
2026/10/08 05:16:52.450, 4, 120 MHz, 3996 MHz, 184.29 W, 37
2026/10/08 05:16:52.450, 5, 120 MHz, 3996 MHz, 182.71 W, 35
2026/10/08 05:16:52.450, 6, 120 MHz, 3996 MHz, 186.54 W, 32
2026/10/08 05:16:52.450, 7, 120 MHz, 3996 MHz, 186.10 W, 32
2026/10/08 05:16:53.450, 0, 120 MHz, 3996 MHz, 186.33 W, 35
2026/10/08 05:16:53.450, 1, 120 MHz, 3996 MHz, 187.31 W, 37
2026/10/08 05:16:53.450, 2, 2032 MHz, 3996 MHz, 238.53 W, 34
2026/10/08 05:16:53.450, 3, 2032 MHz, 3996 MHz, 238.73 W, 35
2026/10/08 05:16:53.450, 4, 120 MHz, 3996 MHz, 184.43 W, 37
2026/10/08 05:16:53.450, 5, 120 MHz, 3996 MHz, 182.79 W, 35
2026/10/08 05:16:53.450, 6, 120 MHz, 3996 MHz, 186.58 W, 33
2026/10/08 05:16:53.450, 7, 120 MHz, 3996 MHz, 186.07 W, 32
2026/10/08 05:16:54.451, 0, 120 MHz, 3996 MHz, 186.41 W, 35
2026/10/08 05:16:54.451, 1, 120 MHz, 3996 MHz, 187.39 W, 37
2026/10/08 05:16:54.451, 2, 2032 MHz, 3996 MHz, 238.57 W, 34
2026/10/08 05:16:54.451, 3, 2032 MHz, 3996 MHz, 238.65 W, 35
2026/10/08 05:16:54.451, 4, 120 MHz, 3996 MHz, 184.40 W, 37
2026/10/08 05:16:54.451, 5, 120 MHz, 3996 MHz, 182.83 W, 35
2026/10/08 05:16:54.451, 6, 120 MHz, 3996 MHz, 186.58 W, 33
2026/10/08 05:16:54.451, 7, 120 MHz, 3996 MHz, 185.91 W, 32
2026/10/08 05:16:55.451, 0, 120 MHz, 3996 MHz, 186.33 W, 35
2026/10/08 05:16:55.451, 1, 120 MHz, 3996 MHz, 187.43 W, 37
2026/10/08 05:16:55.451, 2, 2032 MHz, 3996 MHz, 238.49 W, 35
2026/10/08 05:16:55.451, 3, 2032 MHz, 3996 MHz, 238.69 W, 35
2026/10/08 05:16:55.451, 4, 120 MHz, 3996 MHz, 184.48 W, 37
2026/10/08 05:16:55.451, 5, 120 MHz, 3996 MHz, 182.76 W, 35
2026/10/08 05:16:55.451, 6, 120 MHz, 3996 MHz, 186.59 W, 33
2026/10/08 05:16:55.451, 7, 120 MHz, 3996 MHz, 185.96 W, 32
2026/10/08 05:16:56.451, 0, 120 MHz, 3996 MHz, 186.41 W, 35
2026/10/08 05:16:56.451, 1, 120 MHz, 3996 MHz, 187.34 W, 37
2026/10/08 05:16:56.451, 2, 2032 MHz, 3996 MHz, 238.61 W, 35
2026/10/08 05:16:56.451, 3, 2032 MHz, 3996 MHz, 238.61 W, 35
2026/10/08 05:16:56.451, 4, 120 MHz, 3996 MHz, 184.46 W, 37
2026/10/08 05:16:56.451, 5, 120 MHz, 3996 MHz, 182.89 W, 36
2026/10/08 05:16:56.451, 6, 120 MHz, 3996 MHz, 186.51 W, 33
2026/10/08 05:16:56.451, 7, 120 MHz, 3996 MHz, 186.22 W, 32
2026/10/08 05:16:57.451, 0, 120 MHz, 3996 MHz, 186.41 W, 35
2026/10/08 05:16:57.451, 1, 120 MHz, 3996 MHz, 187.45 W, 37
2026/10/08 05:16:57.451, 2, 2032 MHz, 3996 MHz, 238.61 W, 35
2026/10/08 05:16:57.451, 3, 2032 MHz, 3996 MHz, 238.69 W, 35
2026/10/08 05:16:57.451, 4, 120 MHz, 3996 MHz, 184.34 W, 37
2026/10/08 05:16:57.451, 5, 120 MHz, 3996 MHz, 182.89 W, 36
2026/10/08 05:16:57.451, 6, 120 MHz, 3996 MHz, 186.62 W, 33
2026/10/08 05:16:57.451, 7, 120 MHz, 3996 MHz, 186.30 W, 32
2026/10/08 05:16:58.451, 0, 120 MHz, 3996 MHz, 186.37 W, 35
2026/10/08 05:16:58.452, 1, 120 MHz, 3996 MHz, 187.58 W, 37
2026/10/08 05:16:58.452, 2, 2032 MHz, 3996 MHz, 238.61 W, 35
2026/10/08 05:16:58.452, 3, 2032 MHz, 3996 MHz, 238.77 W, 35
2026/10/08 05:16:58.452, 4, 120 MHz, 3996 MHz, 184.48 W, 37
2026/10/08 05:16:58.452, 5, 120 MHz, 3996 MHz, 182.71 W, 36
2026/10/08 05:16:58.452, 6, 120 MHz, 3996 MHz, 186.62 W, 33
2026/10/08 05:16:58.452, 7, 120 MHz, 3996 MHz, 186.38 W, 32
2026/10/08 05:16:59.452, 0, 120 MHz, 3996 MHz, 186.41 W, 35
2026/10/08 05:16:59.452, 1, 120 MHz, 3996 MHz, 187.68 W, 37
2026/10/08 05:16:59.452, 2, 2032 MHz, 3996 MHz, 238.61 W, 35
2026/10/08 05:16:59.452, 3, 2032 MHz, 3996 MHz, 238.77 W, 35
2026/10/08 05:16:59.452, 4, 120 MHz, 3996 MHz, 184.48 W, 37
2026/10/08 05:16:59.452, 5, 120 MHz, 3996 MHz, 182.85 W, 36
2026/10/08 05:16:59.452, 6, 120 MHz, 3996 MHz, 186.70 W, 33
2026/10/08 05:16:59.452, 7, 120 MHz, 3996 MHz, 186.38 W, 32
2026/10/08 05:17:00.452, 0, 120 MHz, 3996 MHz, 186.37 W, 35
2026/10/08 05:17:00.452, 1, 120 MHz, 3996 MHz, 187.92 W, 38
2026/10/08 05:17:00.452, 2, 2032 MHz, 3996 MHz, 238.61 W, 35
2026/10/08 05:17:00.452, 3, 2032 MHz, 3996 MHz, 238.73 W, 35
2026/10/08 05:17:00.452, 4, 120 MHz, 3996 MHz, 184.48 W, 37
2026/10/08 05:17:00.452, 5, 120 MHz, 3996 MHz, 182.82 W, 36
2026/10/08 05:17:00.452, 6, 120 MHz, 3996 MHz, 186.70 W, 33
2026/10/08 05:17:00.452, 7, 120 MHz, 3996 MHz, 186.30 W, 32
2026/10/08 05:17:01.452, 0, 120 MHz, 3996 MHz, 186.41 W, 35
2026/10/08 05:17:01.452, 1, 120 MHz, 3996 MHz, 187.85 W, 38
2026/10/08 05:17:01.452, 2, 2032 MHz, 3996 MHz, 238.61 W, 35
2026/10/08 05:17:01.452, 3, 2032 MHz, 3996 MHz, 238.73 W, 35
2026/10/08 05:17:01.452, 4, 120 MHz, 3996 MHz, 184.47 W, 37
2026/10/08 05:17:01.452, 5, 120 MHz, 3996 MHz, 182.90 W, 36
2026/10/08 05:17:01.452, 6, 120 MHz, 3996 MHz, 186.74 W, 33
2026/10/08 05:17:01.452, 7, 120 MHz, 3996 MHz, 186.38 W, 32
2026/10/08 05:17:02.452, 0, 120 MHz, 3996 MHz, 186.41 W, 35
2026/10/08 05:17:02.452, 1, 120 MHz, 3996 MHz, 188.15 W, 38
2026/10/08 05:17:02.452, 2, 2032 MHz, 3996 MHz, 238.61 W, 35
2026/10/08 05:17:02.452, 3, 2032 MHz, 3996 MHz, 238.73 W, 35
2026/10/08 05:17:02.452, 4, 120 MHz, 3996 MHz, 184.47 W, 37
2026/10/08 05:17:02.452, 5, 120 MHz, 3996 MHz, 183.02 W, 36
2026/10/08 05:17:02.452, 6, 120 MHz, 3996 MHz, 186.74 W, 33
2026/10/08 05:17:02.452, 7, 120 MHz, 3996 MHz, 186.45 W, 32
2026/10/08 05:17:03.452, 0, 120 MHz, 3996 MHz, 186.41 W, 35
2026/10/08 05:17:03.453, 1, 120 MHz, 3996 MHz, 188.00 W, 38
2026/10/08 05:17:03.453, 2, 2032 MHz, 3996 MHz, 238.61 W, 35
2026/10/08 05:17:03.453, 3, 2032 MHz, 3996 MHz, 238.69 W, 35
2026/10/08 05:17:03.453, 4, 120 MHz, 3996 MHz, 184.49 W, 37
2026/10/08 05:17:03.453, 5, 120 MHz, 3996 MHz, 183.06 W, 36
2026/10/08 05:17:03.453, 6, 120 MHz, 3996 MHz, 186.74 W, 33
2026/10/08 05:17:03.453, 7, 120 MHz, 3996 MHz, 186.49 W, 32
2026/10/08 05:17:04.453, 0, 120 MHz, 3996 MHz, 186.37 W, 36
2026/10/08 05:17:04.453, 1, 120 MHz, 3996 MHz, 188.15 W, 38
2026/10/08 05:17:04.453, 2, 2032 MHz, 3996 MHz, 238.61 W, 35
2026/10/08 05:17:04.453, 3, 2032 MHz, 3996 MHz, 238.85 W, 35
2026/10/08 05:17:04.453, 4, 120 MHz, 3996 MHz, 184.48 W, 37
2026/10/08 05:17:04.453, 5, 120 MHz, 3996 MHz, 183.04 W, 36
2026/10/08 05:17:04.453, 6, 120 MHz, 3996 MHz, 186.74 W, 33
2026/10/08 05:17:04.453, 7, 120 MHz, 3996 MHz, 186.46 W, 32
2026/10/08 05:17:05.453, 0, 120 MHz, 3996 MHz, 186.41 W, 36
2026/10/08 05:17:05.453, 1, 120 MHz, 3996 MHz, 188.15 W, 38
2026/10/08 05:17:05.453, 2, 2032 MHz, 3996 MHz, 238.61 W, 35
2026/10/08 05:17:05.453, 3, 2032 MHz, 3996 MHz, 238.73 W, 35
2026/10/08 05:17:05.453, 4, 120 MHz, 3996 MHz, 184.48 W, 37
2026/10/08 05:17:05.453, 5, 120 MHz, 3996 MHz, 182.99 W, 36
2026/10/08 05:17:05.453, 6, 120 MHz, 3996 MHz, 186.78 W, 33
2026/10/08 05:17:05.453, 7, 120 MHz, 3996 MHz, 186.49 W, 32
2026/10/08 05:17:06.453, 0, 120 MHz, 3996 MHz, 186.41 W, 36
2026/10/08 05:17:06.453, 1, 120 MHz, 3996 MHz, 188.15 W, 38
2026/10/08 05:17:06.453, 2, 2032 MHz, 3996 MHz, 238.61 W, 35
2026/10/08 05:17:06.453, 3, 2032 MHz, 3996 MHz, 238.88 W, 35
2026/10/08 05:17:06.453, 4, 120 MHz, 3996 MHz, 184.48 W, 37
2026/10/08 05:17:06.453, 5, 120 MHz, 3996 MHz, 182.87 W, 36
2026/10/08 05:17:06.453, 6, 120 MHz, 3996 MHz, 186.78 W, 33
2026/10/08 05:17:06.453, 7, 120 MHz, 3996 MHz, 186.49 W, 32
2026/10/08 05:17:07.453, 0, 120 MHz, 3996 MHz, 186.41 W, 36
2026/10/08 05:17:07.453, 1, 120 MHz, 3996 MHz, 188.19 W, 38
2026/10/08 05:17:07.453, 2, 2032 MHz, 3996 MHz, 238.61 W, 35
2026/10/08 05:17:07.453, 3, 2032 MHz, 3996 MHz, 238.84 W, 35
2026/10/08 05:17:07.453, 4, 120 MHz, 3996 MHz, 184.50 W, 37
2026/10/08 05:17:07.453, 5, 120 MHz, 3996 MHz, 182.98 W, 36
2026/10/08 05:17:07.453, 6, 120 MHz, 3996 MHz, 186.78 W, 33
2026/10/08 05:17:07.453, 7, 120 MHz, 3996 MHz, 186.53 W, 32
2026/10/08 05:17:08.454, 0, 120 MHz, 3996 MHz, 186.41 W, 36
2026/10/08 05:17:08.454, 1, 120 MHz, 3996 MHz, 188.23 W, 38
2026/10/08 05:17:08.454, 2, 2032 MHz, 3996 MHz, 238.61 W, 35
2026/10/08 05:17:08.454, 3, 2032 MHz, 3996 MHz, 239.84 W, 35
2026/10/08 05:17:08.454, 4, 120 MHz, 3996 MHz, 184.51 W, 37
2026/10/08 05:17:08.454, 5, 120 MHz, 3996 MHz, 182.91 W, 36
2026/10/08 05:17:08.454, 6, 120 MHz, 3996 MHz, 186.78 W, 33
2026/10/08 05:17:08.454, 7, 120 MHz, 3996 MHz, 186.53 W, 32
2026/10/08 05:17:09.454, 0, 120 MHz, 3996 MHz, 186.41 W, 36
2026/10/08 05:17:09.454, 1, 120 MHz, 3996 MHz, 188.15 W, 38
2026/10/08 05:17:09.454, 2, 2032 MHz, 3996 MHz, 238.58 W, 35
2026/10/08 05:17:09.454, 3, 2032 MHz, 3996 MHz, 244.15 W, 35
2026/10/08 05:17:09.454, 4, 120 MHz, 3996 MHz, 184.47 W, 37
2026/10/08 05:17:09.454, 5, 120 MHz, 3996 MHz, 183.21 W, 36
2026/10/08 05:17:09.454, 6, 120 MHz, 3996 MHz, 186.78 W, 33
2026/10/08 05:17:09.454, 7, 120 MHz, 3996 MHz, 186.53 W, 32
2026/10/08 05:17:10.454, 0, 120 MHz, 3996 MHz, 186.41 W, 36
2026/10/08 05:17:10.454, 1, 120 MHz, 3996 MHz, 188.23 W, 38
2026/10/08 05:17:10.454, 2, 2032 MHz, 3996 MHz, 238.61 W, 35
2026/10/08 05:17:10.454, 3, 2032 MHz, 3996 MHz, 238.81 W, 35
2026/10/08 05:17:10.454, 4, 120 MHz, 3996 MHz, 184.52 W, 37
2026/10/08 05:17:10.454, 5, 120 MHz, 3996 MHz, 182.91 W, 36
2026/10/08 05:17:10.454, 6, 120 MHz, 3996 MHz, 186.78 W, 33
2026/10/08 05:17:10.454, 7, 120 MHz, 3996 MHz, 186.53 W, 32
2026/10/08 05:17:11.454, 0, 120 MHz, 3996 MHz, 186.41 W, 36
2026/10/08 05:17:11.454, 1, 120 MHz, 3996 MHz, 188.19 W, 38
2026/10/08 05:17:11.454, 2, 2032 MHz, 3996 MHz, 238.61 W, 35
2026/10/08 05:17:11.454, 3, 2032 MHz, 3996 MHz, 238.96 W, 35
2026/10/08 05:17:11.454, 4, 120 MHz, 3996 MHz, 184.51 W, 38
2026/10/08 05:17:11.454, 5, 120 MHz, 3996 MHz, 182.99 W, 36
2026/10/08 05:17:11.454, 6, 120 MHz, 3996 MHz, 186.78 W, 33
2026/10/08 05:17:11.454, 7, 120 MHz, 3996 MHz, 186.53 W, 32
2026/10/08 05:17:12.454, 0, 120 MHz, 3996 MHz, 186.41 W, 36
2026/10/08 05:17:12.455, 1, 120 MHz, 3996 MHz, 188.23 W, 38
2026/10/08 05:17:12.455, 2, 2032 MHz, 3996 MHz, 238.61 W, 35
2026/10/08 05:17:12.455, 3, 2032 MHz, 3996 MHz, 239.51 W, 35
2026/10/08 05:17:12.455, 4, 120 MHz, 3996 MHz, 184.53 W, 38
2026/10/08 05:17:12.455, 5, 120 MHz, 3996 MHz, 183.03 W, 36
2026/10/08 05:17:12.455, 6, 120 MHz, 3996 MHz, 186.78 W, 33
2026/10/08 05:17:12.455, 7, 120 MHz, 3996 MHz, 186.53 W, 32
2026/10/08 05:17:13.455, 0, 120 MHz, 3996 MHz, 186.41 W, 36
2026/10/08 05:17:13.455, 1, 120 MHz, 3996 MHz, 188.23 W, 38
2026/10/08 05:17:13.455, 2, 2032 MHz, 3996 MHz, 245.53 W, 35
2026/10/08 05:17:13.455, 3, 2032 MHz, 3996 MHz, 239.83 W, 35
2026/10/08 05:17:13.455, 4, 120 MHz, 3996 MHz, 184.52 W, 38
2026/10/08 05:17:13.455, 5, 120 MHz, 3996 MHz, 183.05 W, 36
2026/10/08 05:17:13.455, 6, 120 MHz, 3996 MHz, 186.78 W, 33
2026/10/08 05:17:13.455, 7, 120 MHz, 3996 MHz, 186.53 W, 32
2026/10/08 05:17:14.455, 0, 120 MHz, 3996 MHz, 186.41 W, 36
2026/10/08 05:17:14.455, 1, 120 MHz, 3996 MHz, 188.23 W, 38
2026/10/08 05:17:14.455, 2, 2032 MHz, 3996 MHz, 238.58 W, 35
2026/10/08 05:17:14.455, 3, 2032 MHz, 3996 MHz, 246.60 W, 36
2026/10/08 05:17:14.455, 4, 120 MHz, 3996 MHz, 184.60 W, 38
2026/10/08 05:17:14.455, 5, 120 MHz, 3996 MHz, 182.94 W, 36
2026/10/08 05:17:14.455, 6, 120 MHz, 3996 MHz, 186.78 W, 33
2026/10/08 05:17:14.455, 7, 120 MHz, 3996 MHz, 186.53 W, 32
2026/10/08 05:17:15.456, 0, 120 MHz, 3996 MHz, 186.41 W, 36
2026/10/08 05:17:15.456, 1, 120 MHz, 3996 MHz, 188.23 W, 38
2026/10/08 05:17:15.456, 2, 2032 MHz, 3996 MHz, 238.59 W, 35
2026/10/08 05:17:15.456, 3, 2032 MHz, 3996 MHz, 246.45 W, 36
2026/10/08 05:17:15.456, 4, 120 MHz, 3996 MHz, 184.53 W, 38
2026/10/08 05:17:15.456, 5, 120 MHz, 3996 MHz, 183.38 W, 36
2026/10/08 05:17:15.456, 6, 120 MHz, 3996 MHz, 186.78 W, 33
2026/10/08 05:17:15.456, 7, 120 MHz, 3996 MHz, 186.53 W, 32
2026/10/08 05:17:16.456, 0, 120 MHz, 3996 MHz, 186.41 W, 36
2026/10/08 05:17:16.456, 1, 120 MHz, 3996 MHz, 188.23 W, 38
2026/10/08 05:17:16.456, 2, 2032 MHz, 3996 MHz, 238.61 W, 35
2026/10/08 05:17:16.456, 3, 2032 MHz, 3996 MHz, 239.26 W, 36
2026/10/08 05:17:16.456, 4, 120 MHz, 3996 MHz, 184.51 W, 38
2026/10/08 05:17:16.456, 5, 120 MHz, 3996 MHz, 183.20 W, 36
2026/10/08 05:17:16.456, 6, 120 MHz, 3996 MHz, 186.78 W, 33
2026/10/08 05:17:16.456, 7, 120 MHz, 3996 MHz, 186.53 W, 32
2026/10/08 05:17:17.456, 0, 120 MHz, 3996 MHz, 186.41 W, 36
2026/10/08 05:17:17.456, 1, 120 MHz, 3996 MHz, 188.23 W, 38
2026/10/08 05:17:17.456, 2, 2032 MHz, 3996 MHz, 238.61 W, 35
2026/10/08 05:17:17.456, 3, 2032 MHz, 3996 MHz, 239.26 W, 36
2026/10/08 05:17:17.456, 4, 120 MHz, 3996 MHz, 184.54 W, 38
2026/10/08 05:17:17.456, 5, 120 MHz, 3996 MHz, 183.34 W, 36
2026/10/08 05:17:17.456, 6, 120 MHz, 3996 MHz, 186.78 W, 33
2026/10/08 05:17:17.456, 7, 120 MHz, 3996 MHz, 186.53 W, 32
2026/10/08 05:17:18.456, 0, 120 MHz, 3996 MHz, 186.41 W, 36
2026/10/08 05:17:18.456, 1, 120 MHz, 3996 MHz, 188.23 W, 38
2026/10/08 05:17:18.456, 2, 2032 MHz, 3996 MHz, 238.61 W, 35
2026/10/08 05:17:18.456, 3, 2032 MHz, 3996 MHz, 239.51 W, 36
2026/10/08 05:17:18.456, 4, 120 MHz, 3996 MHz, 184.53 W, 38
2026/10/08 05:17:18.456, 5, 120 MHz, 3996 MHz, 183.51 W, 36
2026/10/08 05:17:18.456, 6, 120 MHz, 3996 MHz, 186.78 W, 33
2026/10/08 05:17:18.456, 7, 120 MHz, 3996 MHz, 186.53 W, 32
2026/10/08 05:17:19.457, 0, 120 MHz, 3996 MHz, 186.41 W, 36
2026/10/08 05:17:19.457, 1, 120 MHz, 3996 MHz, 188.23 W, 38
2026/10/08 05:17:19.457, 2, 2032 MHz, 3996 MHz, 238.61 W, 35
2026/10/08 05:17:19.457, 3, 2032 MHz, 3996 MHz, 239.19 W, 36
2026/10/08 05:17:19.457, 4, 120 MHz, 3996 MHz, 184.56 W, 38
2026/10/08 05:17:19.457, 5, 120 MHz, 3996 MHz, 183.38 W, 36
2026/10/08 05:17:19.457, 6, 120 MHz, 3996 MHz, 186.78 W, 33
2026/10/08 05:17:19.457, 7, 120 MHz, 3996 MHz, 186.53 W, 32
2026/10/08 05:17:20.457, 0, 120 MHz, 3996 MHz, 186.41 W, 36
2026/10/08 05:17:20.457, 1, 120 MHz, 3996 MHz, 188.23 W, 38
2026/10/08 05:17:20.457, 2, 2032 MHz, 3996 MHz, 598.05 W, 39
2026/10/08 05:17:20.457, 3, 2032 MHz, 3996 MHz, 239.84 W, 36
2026/10/08 05:17:20.457, 4, 120 MHz, 3996 MHz, 184.53 W, 38
2026/10/08 05:17:20.457, 5, 120 MHz, 3996 MHz, 183.54 W, 36
2026/10/08 05:17:20.457, 6, 120 MHz, 3996 MHz, 186.78 W, 33
2026/10/08 05:17:20.457, 7, 120 MHz, 3996 MHz, 186.53 W, 32
2026/10/08 05:17:21.457, 0, 120 MHz, 3996 MHz, 186.41 W, 36
2026/10/08 05:17:21.457, 1, 120 MHz, 3996 MHz, 188.23 W, 38
2026/10/08 05:17:21.457, 2, 2032 MHz, 3996 MHz, 278.49 W, 36
2026/10/08 05:17:21.457, 3, 1365 MHz, 3996 MHz, 420.82 W, 49
2026/10/08 05:17:21.457, 4, 120 MHz, 3996 MHz, 184.54 W, 38
2026/10/08 05:17:21.457, 5, 120 MHz, 3996 MHz, 183.53 W, 36
2026/10/08 05:17:21.457, 6, 120 MHz, 3996 MHz, 186.78 W, 33
2026/10/08 05:17:21.457, 7, 120 MHz, 3996 MHz, 186.54 W, 33
2026/10/08 05:17:22.457, 0, 120 MHz, 3996 MHz, 186.41 W, 36
2026/10/08 05:17:22.457, 1, 120 MHz, 3996 MHz, 188.23 W, 38
2026/10/08 05:17:22.457, 2, 2032 MHz, 3996 MHz, 946.29 W, 44
2026/10/08 05:17:22.457, 3, 2032 MHz, 3996 MHz, 400.62 W, 39
2026/10/08 05:17:22.457, 4, 120 MHz, 3996 MHz, 184.55 W, 38
2026/10/08 05:17:22.457, 5, 120 MHz, 3996 MHz, 183.44 W, 36
2026/10/08 05:17:22.457, 6, 120 MHz, 3996 MHz, 186.78 W, 33
2026/10/08 05:17:22.457, 7, 120 MHz, 3996 MHz, 186.53 W, 33
2026/10/08 05:17:23.458, 0, 120 MHz, 3996 MHz, 186.41 W, 36
2026/10/08 05:17:23.458, 1, 120 MHz, 3996 MHz, 188.23 W, 38
2026/10/08 05:17:23.458, 2, 2032 MHz, 3996 MHz, 796.48 W, 45
2026/10/08 05:17:23.458, 3, 2032 MHz, 3996 MHz, 254.19 W, 36
2026/10/08 05:17:23.458, 4, 120 MHz, 3996 MHz, 184.59 W, 38
2026/10/08 05:17:23.458, 5, 120 MHz, 3996 MHz, 183.67 W, 36
2026/10/08 05:17:23.458, 6, 120 MHz, 3996 MHz, 186.78 W, 33
2026/10/08 05:17:23.458, 7, 120 MHz, 3996 MHz, 186.53 W, 33
2026/10/08 05:17:24.458, 0, 120 MHz, 3996 MHz, 186.41 W, 36
2026/10/08 05:17:24.458, 1, 120 MHz, 3996 MHz, 188.23 W, 38
2026/10/08 05:17:24.458, 2, 2032 MHz, 3996 MHz, 800.22 W, 45
2026/10/08 05:17:24.458, 3, 2032 MHz, 3996 MHz, 839.86 W, 45
2026/10/08 05:17:24.458, 4, 120 MHz, 3996 MHz, 184.57 W, 38
2026/10/08 05:17:24.458, 5, 120 MHz, 3996 MHz, 183.42 W, 36
2026/10/08 05:17:24.458, 6, 120 MHz, 3996 MHz, 186.78 W, 33
2026/10/08 05:17:24.458, 7, 120 MHz, 3996 MHz, 186.54 W, 33
2026/10/08 05:17:25.458, 0, 120 MHz, 3996 MHz, 186.41 W, 36
2026/10/08 05:17:25.458, 1, 120 MHz, 3996 MHz, 188.23 W, 39
2026/10/08 05:17:25.458, 2, 2032 MHz, 3996 MHz, 800.86 W, 45
2026/10/08 05:17:25.458, 3, 2032 MHz, 3996 MHz, 804.71 W, 45
2026/10/08 05:17:25.458, 4, 120 MHz, 3996 MHz, 184.58 W, 38
2026/10/08 05:17:25.458, 5, 120 MHz, 3996 MHz, 183.98 W, 36
2026/10/08 05:17:25.458, 6, 120 MHz, 3996 MHz, 186.78 W, 33
2026/10/08 05:17:25.458, 7, 120 MHz, 3996 MHz, 186.53 W, 33
2026/10/08 05:17:26.458, 0, 120 MHz, 3996 MHz, 186.41 W, 36
2026/10/08 05:17:26.458, 1, 120 MHz, 3996 MHz, 188.23 W, 39
2026/10/08 05:17:26.458, 2, 2032 MHz, 3996 MHz, 953.01 W, 48
2026/10/08 05:17:26.458, 3, 2032 MHz, 3996 MHz, 806.07 W, 45
2026/10/08 05:17:26.458, 4, 120 MHz, 3996 MHz, 184.58 W, 38
2026/10/08 05:17:26.458, 5, 120 MHz, 3996 MHz, 184.05 W, 36
2026/10/08 05:17:26.458, 6, 120 MHz, 3996 MHz, 186.78 W, 33
2026/10/08 05:17:26.458, 7, 120 MHz, 3996 MHz, 186.54 W, 33
2026/10/08 05:17:27.458, 0, 120 MHz, 3996 MHz, 186.41 W, 36
2026/10/08 05:17:27.458, 1, 120 MHz, 3996 MHz, 188.23 W, 39
2026/10/08 05:17:27.458, 2, 2032 MHz, 3996 MHz, 796.51 W, 46
2026/10/08 05:17:27.458, 3, 2032 MHz, 3996 MHz, 806.45 W, 46
2026/10/08 05:17:27.458, 4, 120 MHz, 3996 MHz, 184.57 W, 38
2026/10/08 05:17:27.458, 5, 120 MHz, 3996 MHz, 183.81 W, 36
2026/10/08 05:17:27.459, 6, 120 MHz, 3996 MHz, 186.78 W, 33
2026/10/08 05:17:27.459, 7, 120 MHz, 3996 MHz, 186.53 W, 33
2026/10/08 05:17:28.459, 0, 120 MHz, 3996 MHz, 186.41 W, 37
2026/10/08 05:17:28.459, 1, 120 MHz, 3996 MHz, 188.23 W, 39
2026/10/08 05:17:28.459, 2, 2032 MHz, 3996 MHz, 798.47 W, 47
2026/10/08 05:17:28.459, 3, 1852 MHz, 3996 MHz, 941.22 W, 48
2026/10/08 05:17:28.459, 4, 120 MHz, 3996 MHz, 184.56 W, 38
2026/10/08 05:17:28.459, 5, 120 MHz, 3996 MHz, 183.96 W, 37
2026/10/08 05:17:28.459, 6, 120 MHz, 3996 MHz, 186.78 W, 33
2026/10/08 05:17:28.459, 7, 120 MHz, 3996 MHz, 186.53 W, 33
2026/10/08 05:17:29.459, 0, 120 MHz, 3996 MHz, 186.41 W, 37
2026/10/08 05:17:29.459, 1, 120 MHz, 3996 MHz, 188.23 W, 39
2026/10/08 05:17:29.459, 2, 2032 MHz, 3996 MHz, 808.71 W, 47
2026/10/08 05:17:29.459, 3, 2032 MHz, 3996 MHz, 798.34 W, 47
2026/10/08 05:17:29.459, 4, 120 MHz, 3996 MHz, 184.56 W, 38
2026/10/08 05:17:29.459, 5, 120 MHz, 3996 MHz, 183.93 W, 37
2026/10/08 05:17:29.459, 6, 120 MHz, 3996 MHz, 186.78 W, 33
2026/10/08 05:17:29.459, 7, 120 MHz, 3996 MHz, 186.53 W, 33
2026/10/08 05:17:30.459, 0, 120 MHz, 3996 MHz, 186.41 W, 37
2026/10/08 05:17:30.459, 1, 120 MHz, 3996 MHz, 188.23 W, 39
2026/10/08 05:17:30.459, 2, 1267 MHz, 3996 MHz, 931.37 W, 56
2026/10/08 05:17:30.459, 3, 2032 MHz, 3996 MHz, 804.74 W, 47
2026/10/08 05:17:30.459, 4, 120 MHz, 3996 MHz, 184.57 W, 38
2026/10/08 05:17:30.459, 5, 120 MHz, 3996 MHz, 184.11 W, 37
2026/10/08 05:17:30.459, 6, 120 MHz, 3996 MHz, 186.78 W, 33
2026/10/08 05:17:30.459, 7, 120 MHz, 3996 MHz, 186.54 W, 33
2026/10/08 05:17:31.459, 0, 120 MHz, 3996 MHz, 186.41 W, 37
2026/10/08 05:17:31.459, 1, 120 MHz, 3996 MHz, 188.23 W, 39
2026/10/08 05:17:31.459, 2, 2032 MHz, 3996 MHz, 813.50 W, 48
2026/10/08 05:17:31.459, 3, 2032 MHz, 3996 MHz, 808.24 W, 47
2026/10/08 05:17:31.459, 4, 120 MHz, 3996 MHz, 184.58 W, 38
2026/10/08 05:17:31.459, 5, 120 MHz, 3996 MHz, 183.79 W, 37
2026/10/08 05:17:31.459, 6, 120 MHz, 3996 MHz, 186.78 W, 33
2026/10/08 05:17:31.459, 7, 120 MHz, 3996 MHz, 186.53 W, 32
2026/10/08 05:17:32.459, 0, 120 MHz, 3996 MHz, 186.41 W, 37
2026/10/08 05:17:32.460, 1, 120 MHz, 3996 MHz, 188.23 W, 39
2026/10/08 05:17:32.460, 2, 2032 MHz, 3996 MHz, 800.61 W, 47
2026/10/08 05:17:32.460, 3, 1357 MHz, 3996 MHz, 907.19 W, 57
2026/10/08 05:17:32.460, 4, 120 MHz, 3996 MHz, 184.59 W, 38
2026/10/08 05:17:32.460, 5, 120 MHz, 3996 MHz, 183.78 W, 37
2026/10/08 05:17:32.460, 6, 120 MHz, 3996 MHz, 186.78 W, 33
2026/10/08 05:17:32.460, 7, 120 MHz, 3996 MHz, 186.53 W, 32
2026/10/08 05:17:33.460, 0, 120 MHz, 3996 MHz, 186.41 W, 37
2026/10/08 05:17:33.460, 1, 120 MHz, 3996 MHz, 188.23 W, 39
2026/10/08 05:17:33.460, 2, 2032 MHz, 3996 MHz, 808.75 W, 48
2026/10/08 05:17:33.460, 3, 2032 MHz, 3996 MHz, 843.38 W, 48
2026/10/08 05:17:33.460, 4, 120 MHz, 3996 MHz, 184.57 W, 38
2026/10/08 05:17:33.460, 5, 120 MHz, 3996 MHz, 184.18 W, 37
2026/10/08 05:17:33.460, 6, 120 MHz, 3996 MHz, 186.78 W, 33
2026/10/08 05:17:33.460, 7, 120 MHz, 3996 MHz, 186.54 W, 32
2026/10/08 05:17:34.460, 0, 120 MHz, 3996 MHz, 186.41 W, 37
2026/10/08 05:17:34.460, 1, 120 MHz, 3996 MHz, 188.23 W, 39
2026/10/08 05:17:34.460, 2, 1417 MHz, 3996 MHz, 827.72 W, 55
2026/10/08 05:17:34.460, 3, 2032 MHz, 3996 MHz, 806.34 W, 48
2026/10/08 05:17:34.460, 4, 120 MHz, 3996 MHz, 184.54 W, 38
2026/10/08 05:17:34.460, 5, 120 MHz, 3996 MHz, 183.06 W, 37
2026/10/08 05:17:34.460, 6, 120 MHz, 3996 MHz, 186.78 W, 33
2026/10/08 05:17:34.460, 7, 120 MHz, 3996 MHz, 186.53 W, 32
2026/10/08 05:17:35.460, 0, 120 MHz, 3996 MHz, 186.41 W, 37
2026/10/08 05:17:35.460, 1, 120 MHz, 3996 MHz, 188.23 W, 39
2026/10/08 05:17:35.460, 2, 2032 MHz, 3996 MHz, 882.66 W, 48
2026/10/08 05:17:35.460, 3, 2032 MHz, 3996 MHz, 811.77 W, 48
2026/10/08 05:17:35.460, 4, 120 MHz, 3996 MHz, 184.58 W, 38
2026/10/08 05:17:35.460, 5, 120 MHz, 3996 MHz, 182.76 W, 37
2026/10/08 05:17:35.460, 6, 120 MHz, 3996 MHz, 186.78 W, 33
2026/10/08 05:17:35.460, 7, 120 MHz, 3996 MHz, 186.53 W, 32
2026/10/08 05:17:36.460, 0, 120 MHz, 3996 MHz, 186.41 W, 37
2026/10/08 05:17:36.460, 1, 120 MHz, 3996 MHz, 188.23 W, 39
2026/10/08 05:17:36.460, 2, 2032 MHz, 3996 MHz, 800.01 W, 48
2026/10/08 05:17:36.460, 3, 2017 MHz, 3996 MHz, 825.90 W, 47
2026/10/08 05:17:36.460, 4, 120 MHz, 3996 MHz, 184.58 W, 38
2026/10/08 05:17:36.460, 5, 120 MHz, 3996 MHz, 182.80 W, 37
2026/10/08 05:17:36.460, 6, 120 MHz, 3996 MHz, 186.78 W, 33
2026/10/08 05:17:36.460, 7, 120 MHz, 3996 MHz, 186.53 W, 32
2026/10/08 05:17:37.460, 0, 120 MHz, 3996 MHz, 186.41 W, 37
2026/10/08 05:17:37.461, 1, 120 MHz, 3996 MHz, 188.23 W, 39
2026/10/08 05:17:37.461, 2, 2032 MHz, 3996 MHz, 802.98 W, 48
2026/10/08 05:17:37.461, 3, 2032 MHz, 3996 MHz, 931.90 W, 49
2026/10/08 05:17:37.461, 4, 120 MHz, 3996 MHz, 184.58 W, 38
2026/10/08 05:17:37.461, 5, 120 MHz, 3996 MHz, 182.80 W, 37
2026/10/08 05:17:37.461, 6, 120 MHz, 3996 MHz, 186.78 W, 33
2026/10/08 05:17:37.461, 7, 120 MHz, 3996 MHz, 186.53 W, 32
2026/10/08 05:17:38.461, 0, 120 MHz, 3996 MHz, 186.41 W, 37
2026/10/08 05:17:38.461, 1, 120 MHz, 3996 MHz, 188.23 W, 39
2026/10/08 05:17:38.461, 2, 2032 MHz, 3996 MHz, 805.11 W, 48
2026/10/08 05:17:38.461, 3, 2032 MHz, 3996 MHz, 807.58 W, 49
2026/10/08 05:17:38.461, 4, 120 MHz, 3996 MHz, 184.58 W, 38
2026/10/08 05:17:38.461, 5, 120 MHz, 3996 MHz, 182.96 W, 37
2026/10/08 05:17:38.461, 6, 120 MHz, 3996 MHz, 186.78 W, 33
2026/10/08 05:17:38.461, 7, 120 MHz, 3996 MHz, 186.53 W, 32
2026/10/08 05:17:39.461, 0, 120 MHz, 3996 MHz, 186.41 W, 37
2026/10/08 05:17:39.461, 1, 120 MHz, 3996 MHz, 188.23 W, 39
2026/10/08 05:17:39.461, 2, 2025 MHz, 3996 MHz, 955.52 W, 51
2026/10/08 05:17:39.461, 3, 2032 MHz, 3996 MHz, 814.97 W, 49
2026/10/08 05:17:39.461, 4, 120 MHz, 3996 MHz, 184.59 W, 38
2026/10/08 05:17:39.461, 5, 120 MHz, 3996 MHz, 182.69 W, 37
2026/10/08 05:17:39.461, 6, 120 MHz, 3996 MHz, 186.78 W, 33
2026/10/08 05:17:39.461, 7, 120 MHz, 3996 MHz, 186.54 W, 32
2026/10/08 05:17:40.461, 0, 120 MHz, 3996 MHz, 186.41 W, 37
2026/10/08 05:17:40.461, 1, 120 MHz, 3996 MHz, 188.23 W, 40
2026/10/08 05:17:40.461, 2, 2032 MHz, 3996 MHz, 803.49 W, 49
2026/10/08 05:17:40.461, 3, 2032 MHz, 3996 MHz, 812.93 W, 49
2026/10/08 05:17:40.461, 4, 120 MHz, 3996 MHz, 184.58 W, 38
2026/10/08 05:17:40.461, 5, 120 MHz, 3996 MHz, 182.78 W, 37
2026/10/08 05:17:40.461, 6, 120 MHz, 3996 MHz, 186.78 W, 33
2026/10/08 05:17:40.461, 7, 120 MHz, 3996 MHz, 186.49 W, 32
2026/10/08 05:17:41.461, 0, 120 MHz, 3996 MHz, 186.41 W, 37
2026/10/08 05:17:41.461, 1, 120 MHz, 3996 MHz, 188.23 W, 40
2026/10/08 05:17:41.461, 2, 2032 MHz, 3996 MHz, 806.89 W, 49
2026/10/08 05:17:41.461, 3, 2032 MHz, 3996 MHz, 952.36 W, 50
2026/10/08 05:17:41.461, 4, 120 MHz, 3996 MHz, 184.58 W, 38
2026/10/08 05:17:41.461, 5, 120 MHz, 3996 MHz, 182.70 W, 37
2026/10/08 05:17:41.461, 6, 120 MHz, 3996 MHz, 186.78 W, 33
2026/10/08 05:17:41.461, 7, 120 MHz, 3996 MHz, 186.50 W, 32
2026/10/08 05:17:42.461, 0, 120 MHz, 3996 MHz, 186.41 W, 38
2026/10/08 05:17:42.462, 1, 120 MHz, 3996 MHz, 188.23 W, 40
2026/10/08 05:17:42.462, 2, 2032 MHz, 3996 MHz, 807.37 W, 49
2026/10/08 05:17:42.462, 3, 2032 MHz, 3996 MHz, 811.34 W, 49
2026/10/08 05:17:42.462, 4, 120 MHz, 3996 MHz, 184.59 W, 38
2026/10/08 05:17:42.462, 5, 120 MHz, 3996 MHz, 182.94 W, 37
2026/10/08 05:17:42.462, 6, 120 MHz, 3996 MHz, 186.78 W, 33
2026/10/08 05:17:42.462, 7, 120 MHz, 3996 MHz, 186.46 W, 32
2026/10/08 05:17:43.462, 0, 120 MHz, 3996 MHz, 186.41 W, 38
2026/10/08 05:17:43.462, 1, 120 MHz, 3996 MHz, 188.23 W, 40
2026/10/08 05:17:43.462, 2, 1320 MHz, 3996 MHz, 923.08 W, 58
2026/10/08 05:17:43.462, 3, 2032 MHz, 3996 MHz, 811.98 W, 49
2026/10/08 05:17:43.462, 4, 120 MHz, 3996 MHz, 184.59 W, 38
2026/10/08 05:17:43.462, 5, 120 MHz, 3996 MHz, 182.77 W, 37
2026/10/08 05:17:43.462, 6, 120 MHz, 3996 MHz, 186.78 W, 33
2026/10/08 05:17:43.462, 7, 120 MHz, 3996 MHz, 186.50 W, 32
2026/10/08 05:17:44.462, 0, 120 MHz, 3996 MHz, 186.41 W, 38
2026/10/08 05:17:44.462, 1, 120 MHz, 3996 MHz, 188.23 W, 40
2026/10/08 05:17:44.462, 2, 2032 MHz, 3996 MHz, 840.72 W, 50
2026/10/08 05:17:44.462, 3, 2032 MHz, 3996 MHz, 816.77 W, 49
2026/10/08 05:17:44.462, 4, 120 MHz, 3996 MHz, 184.59 W, 38
2026/10/08 05:17:44.462, 5, 120 MHz, 3996 MHz, 182.85 W, 37
2026/10/08 05:17:44.462, 6, 120 MHz, 3996 MHz, 186.66 W, 33
2026/10/08 05:17:44.462, 7, 120 MHz, 3996 MHz, 186.38 W, 32
2026/10/08 05:17:45.462, 0, 120 MHz, 3996 MHz, 186.41 W, 38
2026/10/08 05:17:45.462, 1, 120 MHz, 3996 MHz, 188.23 W, 40
2026/10/08 05:17:45.462, 2, 2032 MHz, 3996 MHz, 805.51 W, 49
2026/10/08 05:17:45.462, 3, 1320 MHz, 3996 MHz, 961.52 W, 59
2026/10/08 05:17:45.462, 4, 120 MHz, 3996 MHz, 184.58 W, 38
2026/10/08 05:17:45.462, 5, 120 MHz, 3996 MHz, 182.71 W, 37
2026/10/08 05:17:45.462, 6, 120 MHz, 3996 MHz, 186.78 W, 33
2026/10/08 05:17:45.462, 7, 120 MHz, 3996 MHz, 186.46 W, 32
2026/10/08 05:17:46.462, 0, 120 MHz, 3996 MHz, 186.41 W, 38
2026/10/08 05:17:46.462, 1, 120 MHz, 3996 MHz, 188.23 W, 40
2026/10/08 05:17:46.462, 2, 2032 MHz, 3996 MHz, 805.59 W, 49
2026/10/08 05:17:46.462, 3, 2032 MHz, 3996 MHz, 799.53 W, 50
2026/10/08 05:17:46.462, 4, 120 MHz, 3996 MHz, 184.58 W, 38
2026/10/08 05:17:46.462, 5, 120 MHz, 3996 MHz, 182.79 W, 37
2026/10/08 05:17:46.462, 6, 120 MHz, 3996 MHz, 186.70 W, 33
2026/10/08 05:17:46.462, 7, 120 MHz, 3996 MHz, 186.46 W, 32
2026/10/08 05:17:47.462, 0, 120 MHz, 3996 MHz, 186.41 W, 38
2026/10/08 05:17:47.463, 1, 120 MHz, 3996 MHz, 188.26 W, 40
2026/10/08 05:17:47.463, 2, 2032 MHz, 3996 MHz, 836.83 W, 49
2026/10/08 05:17:47.463, 3, 2032 MHz, 3996 MHz, 810.97 W, 50
2026/10/08 05:17:47.463, 4, 120 MHz, 3996 MHz, 184.62 W, 38
2026/10/08 05:17:47.463, 5, 120 MHz, 3996 MHz, 182.78 W, 37
2026/10/08 05:17:47.463, 6, 120 MHz, 3996 MHz, 186.66 W, 33
2026/10/08 05:17:47.463, 7, 120 MHz, 3996 MHz, 186.08 W, 32
2026/10/08 05:17:48.463, 0, 120 MHz, 3996 MHz, 186.41 W, 38
2026/10/08 05:17:48.463, 1, 120 MHz, 3996 MHz, 188.23 W, 40
2026/10/08 05:17:48.463, 2, 2032 MHz, 3996 MHz, 935.07 W, 50
2026/10/08 05:17:48.463, 3, 2032 MHz, 3996 MHz, 814.06 W, 50
2026/10/08 05:17:48.463, 4, 120 MHz, 3996 MHz, 184.59 W, 38
2026/10/08 05:17:48.463, 5, 120 MHz, 3996 MHz, 182.86 W, 37
2026/10/08 05:17:48.463, 6, 120 MHz, 3996 MHz, 186.59 W, 32
2026/10/08 05:17:48.463, 7, 120 MHz, 3996 MHz, 186.23 W, 32
2026/10/08 05:17:49.463, 0, 120 MHz, 3996 MHz, 186.41 W, 38
2026/10/08 05:17:49.463, 1, 120 MHz, 3996 MHz, 188.23 W, 40
2026/10/08 05:17:49.463, 2, 2032 MHz, 3996 MHz, 802.62 W, 50
2026/10/08 05:17:49.463, 3, 1342 MHz, 3996 MHz, 918.00 W, 59
2026/10/08 05:17:49.463, 4, 120 MHz, 3996 MHz, 184.59 W, 38
2026/10/08 05:17:49.463, 5, 120 MHz, 3996 MHz, 182.89 W, 37
2026/10/08 05:17:49.463, 6, 120 MHz, 3996 MHz, 186.66 W, 32
2026/10/08 05:17:49.463, 7, 120 MHz, 3996 MHz, 186.23 W, 32
2026/10/08 05:17:50.463, 0, 120 MHz, 3996 MHz, 186.41 W, 38
2026/10/08 05:17:50.463, 1, 120 MHz, 3996 MHz, 188.30 W, 40
2026/10/08 05:17:50.463, 2, 2032 MHz, 3996 MHz, 809.18 W, 50
2026/10/08 05:17:50.463, 3, 2032 MHz, 3996 MHz, 856.86 W, 50
2026/10/08 05:17:50.463, 4, 120 MHz, 3996 MHz, 184.58 W, 38
2026/10/08 05:17:50.463, 5, 120 MHz, 3996 MHz, 182.80 W, 37
2026/10/08 05:17:50.463, 6, 120 MHz, 3996 MHz, 186.36 W, 32
2026/10/08 05:17:50.463, 7, 120 MHz, 3996 MHz, 185.72 W, 31
2026/10/08 05:17:51.463, 0, 120 MHz, 3996 MHz, 186.41 W, 38
2026/10/08 05:17:51.463, 1, 120 MHz, 3996 MHz, 188.46 W, 40
2026/10/08 05:17:51.463, 2, 2032 MHz, 3996 MHz, 810.36 W, 50
2026/10/08 05:17:51.463, 3, 2032 MHz, 3996 MHz, 813.23 W, 50
2026/10/08 05:17:51.463, 4, 120 MHz, 3996 MHz, 184.58 W, 38
2026/10/08 05:17:51.463, 5, 120 MHz, 3996 MHz, 182.84 W, 37
2026/10/08 05:17:51.463, 6, 120 MHz, 3996 MHz, 186.35 W, 32
2026/10/08 05:17:51.463, 7, 120 MHz, 3996 MHz, 185.99 W, 31
2026/10/08 05:17:52.464, 0, 120 MHz, 3996 MHz, 186.41 W, 38
2026/10/08 05:17:52.464, 1, 120 MHz, 3996 MHz, 188.57 W, 41
2026/10/08 05:17:52.464, 2, 2032 MHz, 3996 MHz, 948.18 W, 51
2026/10/08 05:17:52.464, 3, 2032 MHz, 3996 MHz, 815.52 W, 50
2026/10/08 05:17:52.464, 4, 120 MHz, 3996 MHz, 184.62 W, 38
2026/10/08 05:17:52.464, 5, 120 MHz, 3996 MHz, 182.80 W, 37
2026/10/08 05:17:52.464, 6, 120 MHz, 3996 MHz, 186.09 W, 32
2026/10/08 05:17:52.464, 7, 120 MHz, 3996 MHz, 185.56 W, 31
2026/10/08 05:17:53.464, 0, 120 MHz, 3996 MHz, 186.45 W, 38
2026/10/08 05:17:53.464, 1, 120 MHz, 3996 MHz, 188.72 W, 41
2026/10/08 05:17:53.464, 2, 2032 MHz, 3996 MHz, 803.13 W, 50
2026/10/08 05:17:53.464, 3, 1440 MHz, 3996 MHz, 852.44 W, 59
2026/10/08 05:17:53.464, 4, 120 MHz, 3996 MHz, 184.59 W, 38
2026/10/08 05:17:53.464, 5, 120 MHz, 3996 MHz, 182.84 W, 37
2026/10/08 05:17:53.464, 6, 120 MHz, 3996 MHz, 185.98 W, 32
2026/10/08 05:17:53.464, 7, 120 MHz, 3996 MHz, 185.77 W, 31
2026/10/08 05:17:54.464, 0, 120 MHz, 3996 MHz, 186.41 W, 39
2026/10/08 05:17:54.464, 1, 120 MHz, 3996 MHz, 188.92 W, 41
2026/10/08 05:17:54.464, 2, 2032 MHz, 3996 MHz, 806.41 W, 50
2026/10/08 05:17:54.464, 3, 2032 MHz, 3996 MHz, 924.29 W, 51
2026/10/08 05:17:54.464, 4, 120 MHz, 3996 MHz, 184.59 W, 38
2026/10/08 05:17:54.464, 5, 120 MHz, 3996 MHz, 182.92 W, 37
2026/10/08 05:17:54.464, 6, 120 MHz, 3996 MHz, 185.77 W, 32
2026/10/08 05:17:54.464, 7, 120 MHz, 3996 MHz, 185.77 W, 31
2026/10/08 05:17:55.464, 0, 120 MHz, 3996 MHz, 186.45 W, 39
2026/10/08 05:17:55.464, 1, 120 MHz, 3996 MHz, 189.25 W, 41
2026/10/08 05:17:55.464, 2, 2032 MHz, 3996 MHz, 812.82 W, 50
2026/10/08 05:17:55.464, 3, 2032 MHz, 3996 MHz, 813.02 W, 50
2026/10/08 05:17:55.464, 4, 120 MHz, 3996 MHz, 184.59 W, 38
2026/10/08 05:17:55.464, 5, 120 MHz, 3996 MHz, 182.73 W, 37
2026/10/08 05:17:55.464, 6, 120 MHz, 3996 MHz, 185.52 W, 32
2026/10/08 05:17:55.464, 7, 120 MHz, 3996 MHz, 185.12 W, 31
2026/10/08 05:17:56.464, 0, 120 MHz, 3996 MHz, 186.56 W, 39
2026/10/08 05:17:56.465, 1, 120 MHz, 3996 MHz, 189.43 W, 41
2026/10/08 05:17:56.465, 2, 1267 MHz, 3996 MHz, 945.98 W, 59
2026/10/08 05:17:56.465, 3, 2032 MHz, 3996 MHz, 815.99 W, 50
2026/10/08 05:17:56.465, 4, 120 MHz, 3996 MHz, 184.59 W, 38
2026/10/08 05:17:56.465, 5, 120 MHz, 3996 MHz, 182.84 W, 37
2026/10/08 05:17:56.465, 6, 120 MHz, 3996 MHz, 185.25 W, 32
2026/10/08 05:17:56.465, 7, 120 MHz, 3996 MHz, 185.17 W, 31
2026/10/08 05:17:57.465, 0, 120 MHz, 3996 MHz, 186.59 W, 39
2026/10/08 05:17:57.465, 1, 120 MHz, 3996 MHz, 189.79 W, 41
2026/10/08 05:17:57.465, 2, 2032 MHz, 3996 MHz, 822.09 W, 50
2026/10/08 05:17:57.465, 3, 2032 MHz, 3996 MHz, 822.05 W, 50
2026/10/08 05:17:57.465, 4, 120 MHz, 3996 MHz, 184.59 W, 38
2026/10/08 05:17:57.465, 5, 120 MHz, 3996 MHz, 182.76 W, 37
2026/10/08 05:17:57.465, 6, 120 MHz, 3996 MHz, 185.29 W, 32
2026/10/08 05:17:57.465, 7, 120 MHz, 3996 MHz, 185.17 W, 31
2026/10/08 05:17:58.465, 0, 120 MHz, 3996 MHz, 186.83 W, 39
2026/10/08 05:17:58.465, 1, 120 MHz, 3996 MHz, 189.90 W, 41
2026/10/08 05:17:58.465, 2, 2032 MHz, 3996 MHz, 807.82 W, 50
2026/10/08 05:17:58.465, 3, 2032 MHz, 3996 MHz, 934.71 W, 51
2026/10/08 05:17:58.465, 4, 120 MHz, 3996 MHz, 184.59 W, 38
2026/10/08 05:17:58.465, 5, 120 MHz, 3996 MHz, 182.80 W, 37
2026/10/08 05:17:58.465, 6, 120 MHz, 3996 MHz, 185.21 W, 32
2026/10/08 05:17:58.465, 7, 120 MHz, 3996 MHz, 184.94 W, 31
2026/10/08 05:17:59.465, 0, 120 MHz, 3996 MHz, 186.99 W, 39
2026/10/08 05:17:59.465, 1, 120 MHz, 3996 MHz, 190.13 W, 41
2026/10/08 05:17:59.465, 2, 2032 MHz, 3996 MHz, 814.93 W, 50
2026/10/08 05:17:59.465, 3, 2032 MHz, 3996 MHz, 813.77 W, 51
2026/10/08 05:17:59.465, 4, 120 MHz, 3996 MHz, 184.59 W, 38
2026/10/08 05:17:59.465, 5, 120 MHz, 3996 MHz, 182.66 W, 37
2026/10/08 05:17:59.465, 6, 120 MHz, 3996 MHz, 185.03 W, 32
2026/10/08 05:17:59.465, 7, 120 MHz, 3996 MHz, 184.70 W, 31
2026/10/08 05:18:00.465, 0, 120 MHz, 3996 MHz, 186.97 W, 39
2026/10/08 05:18:00.465, 1, 120 MHz, 3996 MHz, 190.13 W, 41
2026/10/08 05:18:00.465, 2, 1350 MHz, 3996 MHz, 870.31 W, 58
2026/10/08 05:18:00.465, 3, 2032 MHz, 3996 MHz, 814.05 W, 51
2026/10/08 05:18:00.465, 4, 120 MHz, 3996 MHz, 184.59 W, 38
2026/10/08 05:18:00.465, 5, 120 MHz, 3996 MHz, 182.85 W, 37
2026/10/08 05:18:00.465, 6, 120 MHz, 3996 MHz, 184.98 W, 32
2026/10/08 05:18:00.465, 7, 120 MHz, 3996 MHz, 184.71 W, 31
2026/10/08 05:18:01.465, 0, 120 MHz, 3996 MHz, 187.11 W, 39
2026/10/08 05:18:01.466, 1, 120 MHz, 3996 MHz, 190.05 W, 41
2026/10/08 05:18:01.466, 2, 2032 MHz, 3996 MHz, 900.41 W, 51
2026/10/08 05:18:01.466, 3, 2032 MHz, 3996 MHz, 817.32 W, 51
2026/10/08 05:18:01.466, 4, 120 MHz, 3996 MHz, 184.63 W, 38
2026/10/08 05:18:01.466, 5, 120 MHz, 3996 MHz, 182.88 W, 37
2026/10/08 05:18:01.466, 6, 120 MHz, 3996 MHz, 184.91 W, 32
2026/10/08 05:18:01.466, 7, 120 MHz, 3996 MHz, 184.63 W, 31
2026/10/08 05:18:02.466, 0, 120 MHz, 3996 MHz, 187.40 W, 39
2026/10/08 05:18:02.466, 1, 120 MHz, 3996 MHz, 190.17 W, 41
2026/10/08 05:18:02.466, 2, 2032 MHz, 3996 MHz, 807.09 W, 50
2026/10/08 05:18:02.466, 3, 1942 MHz, 3996 MHz, 960.63 W, 53
2026/10/08 05:18:02.466, 4, 120 MHz, 3996 MHz, 184.59 W, 38
2026/10/08 05:18:02.466, 5, 120 MHz, 3996 MHz, 182.81 W, 37
2026/10/08 05:18:02.466, 6, 120 MHz, 3996 MHz, 184.98 W, 32
2026/10/08 05:18:02.466, 7, 120 MHz, 3996 MHz, 184.89 W, 31
2026/10/08 05:18:03.466, 0, 120 MHz, 3996 MHz, 187.51 W, 39
2026/10/08 05:18:03.466, 1, 120 MHz, 3996 MHz, 190.17 W, 41
2026/10/08 05:18:03.466, 2, 2032 MHz, 3996 MHz, 811.56 W, 50
2026/10/08 05:18:03.466, 3, 2032 MHz, 3996 MHz, 812.03 W, 51
2026/10/08 05:18:03.466, 4, 120 MHz, 3996 MHz, 184.59 W, 38
2026/10/08 05:18:03.466, 5, 120 MHz, 3996 MHz, 182.81 W, 36
2026/10/08 05:18:03.466, 6, 120 MHz, 3996 MHz, 184.99 W, 32
2026/10/08 05:18:03.466, 7, 120 MHz, 3996 MHz, 186.38 W, 31
2026/10/08 05:18:04.466, 0, 120 MHz, 3996 MHz, 187.73 W, 39
2026/10/08 05:18:04.466, 1, 120 MHz, 3996 MHz, 190.13 W, 41
2026/10/08 05:18:04.466, 2, 2032 MHz, 3996 MHz, 812.32 W, 50
2026/10/08 05:18:04.466, 3, 2032 MHz, 3996 MHz, 818.79 W, 51
2026/10/08 05:18:04.466, 4, 120 MHz, 3996 MHz, 184.59 W, 38
2026/10/08 05:18:04.466, 5, 120 MHz, 3996 MHz, 182.71 W, 36
2026/10/08 05:18:04.466, 6, 120 MHz, 3996 MHz, 184.87 W, 32
2026/10/08 05:18:04.466, 7, 120 MHz, 3996 MHz, 186.23 W, 31
2026/10/08 05:18:05.466, 0, 120 MHz, 3996 MHz, 188.15 W, 39
2026/10/08 05:18:05.466, 1, 120 MHz, 3996 MHz, 190.17 W, 41
2026/10/08 05:18:05.466, 2, 2032 MHz, 3996 MHz, 340.24 W, 43
2026/10/08 05:18:05.466, 3, 2032 MHz, 3996 MHz, 819.49 W, 51
2026/10/08 05:18:05.466, 4, 120 MHz, 3996 MHz, 184.59 W, 38
2026/10/08 05:18:05.466, 5, 120 MHz, 3996 MHz, 182.70 W, 36
2026/10/08 05:18:05.466, 6, 120 MHz, 3996 MHz, 184.87 W, 31
2026/10/08 05:18:05.466, 7, 120 MHz, 3996 MHz, 186.30 W, 30
2026/10/08 05:18:06.467, 0, 120 MHz, 3996 MHz, 188.16 W, 39
2026/10/08 05:18:06.467, 1, 120 MHz, 3996 MHz, 190.17 W, 42
2026/10/08 05:18:06.467, 2, 2032 MHz, 3996 MHz, 256.35 W, 42
2026/10/08 05:18:06.467, 3, 2032 MHz, 3996 MHz, 612.62 W, 45
2026/10/08 05:18:06.467, 4, 120 MHz, 3996 MHz, 184.59 W, 38
2026/10/08 05:18:06.467, 5, 120 MHz, 3996 MHz, 182.90 W, 36
2026/10/08 05:18:06.467, 6, 120 MHz, 3996 MHz, 184.83 W, 31
2026/10/08 05:18:06.467, 7, 120 MHz, 3996 MHz, 186.04 W, 30
2026/10/08 05:18:07.467, 0, 120 MHz, 3996 MHz, 188.23 W, 40
2026/10/08 05:18:07.467, 1, 120 MHz, 3996 MHz, 190.17 W, 42
2026/10/08 05:18:07.467, 2, 2032 MHz, 3996 MHz, 243.15 W, 41
2026/10/08 05:18:07.467, 3, 2032 MHz, 3996 MHz, 258.96 W, 43
2026/10/08 05:18:07.467, 4, 120 MHz, 3996 MHz, 184.59 W, 38
2026/10/08 05:18:07.467, 5, 120 MHz, 3996 MHz, 182.86 W, 36
2026/10/08 05:18:07.467, 6, 120 MHz, 3996 MHz, 184.83 W, 31
2026/10/08 05:18:07.467, 7, 120 MHz, 3996 MHz, 185.96 W, 30
2026/10/08 05:18:08.467, 0, 120 MHz, 3996 MHz, 188.20 W, 40
2026/10/08 05:18:08.467, 1, 120 MHz, 3996 MHz, 190.17 W, 42
2026/10/08 05:18:08.467, 2, 2032 MHz, 3996 MHz, 242.38 W, 41
2026/10/08 05:18:08.467, 3, 2032 MHz, 3996 MHz, 245.59 W, 42
2026/10/08 05:18:08.467, 4, 120 MHz, 3996 MHz, 184.59 W, 38
2026/10/08 05:18:08.467, 5, 120 MHz, 3996 MHz, 182.78 W, 36
2026/10/08 05:18:08.467, 6, 120 MHz, 3996 MHz, 184.83 W, 31
2026/10/08 05:18:08.467, 7, 120 MHz, 3996 MHz, 185.92 W, 30
2026/10/08 05:18:09.467, 0, 120 MHz, 3996 MHz, 188.27 W, 40
2026/10/08 05:18:09.467, 1, 120 MHz, 3996 MHz, 190.17 W, 42
2026/10/08 05:18:09.467, 2, 2032 MHz, 3996 MHz, 242.42 W, 40
2026/10/08 05:18:09.467, 3, 2032 MHz, 3996 MHz, 244.52 W, 41
2026/10/08 05:18:09.467, 4, 120 MHz, 3996 MHz, 184.59 W, 38
2026/10/08 05:18:09.467, 5, 120 MHz, 3996 MHz, 182.68 W, 36
2026/10/08 05:18:09.467, 6, 120 MHz, 3996 MHz, 184.83 W, 31
2026/10/08 05:18:09.467, 7, 120 MHz, 3996 MHz, 185.58 W, 30
2026/10/08 05:18:10.467, 0, 120 MHz, 3996 MHz, 188.23 W, 40
2026/10/08 05:18:10.467, 1, 120 MHz, 3996 MHz, 190.17 W, 42
2026/10/08 05:18:10.467, 2, 2032 MHz, 3996 MHz, 242.46 W, 40
2026/10/08 05:18:10.467, 3, 2032 MHz, 3996 MHz, 244.48 W, 41
2026/10/08 05:18:10.467, 4, 120 MHz, 3996 MHz, 184.59 W, 38
2026/10/08 05:18:10.467, 5, 120 MHz, 3996 MHz, 182.75 W, 36
2026/10/08 05:18:10.467, 6, 120 MHz, 3996 MHz, 184.83 W, 31
2026/10/08 05:18:10.467, 7, 120 MHz, 3996 MHz, 185.36 W, 30
2026/10/08 05:18:11.468, 0, 120 MHz, 3996 MHz, 188.27 W, 40
2026/10/08 05:18:11.468, 1, 120 MHz, 3996 MHz, 190.17 W, 42
2026/10/08 05:18:11.468, 2, 2032 MHz, 3996 MHz, 242.51 W, 40
2026/10/08 05:18:11.468, 3, 2032 MHz, 3996 MHz, 244.44 W, 40
2026/10/08 05:18:11.468, 4, 120 MHz, 3996 MHz, 184.59 W, 38
2026/10/08 05:18:11.468, 5, 120 MHz, 3996 MHz, 182.66 W, 36
2026/10/08 05:18:11.468, 6, 120 MHz, 3996 MHz, 184.83 W, 31
2026/10/08 05:18:11.468, 7, 120 MHz, 3996 MHz, 185.23 W, 30
2026/10/08 05:18:12.468, 0, 120 MHz, 3996 MHz, 188.35 W, 40
2026/10/08 05:18:12.468, 1, 120 MHz, 3996 MHz, 190.17 W, 42
2026/10/08 05:18:12.468, 2, 2032 MHz, 3996 MHz, 242.36 W, 39
2026/10/08 05:18:12.468, 3, 2032 MHz, 3996 MHz, 244.48 W, 40
2026/10/08 05:18:12.468, 4, 120 MHz, 3996 MHz, 184.59 W, 38
2026/10/08 05:18:12.468, 5, 120 MHz, 3996 MHz, 182.74 W, 36
2026/10/08 05:18:12.468, 6, 120 MHz, 3996 MHz, 184.83 W, 31
2026/10/08 05:18:12.468, 7, 120 MHz, 3996 MHz, 185.20 W, 30
2026/10/08 05:18:13.468, 0, 120 MHz, 3996 MHz, 188.35 W, 40
2026/10/08 05:18:13.468, 1, 120 MHz, 3996 MHz, 190.17 W, 42
2026/10/08 05:18:13.468, 2, 420 MHz, 3996 MHz, 236.36 W, 39
2026/10/08 05:18:13.468, 3, 2032 MHz, 3996 MHz, 243.41 W, 40
2026/10/08 05:18:13.468, 4, 120 MHz, 3996 MHz, 184.59 W, 38
2026/10/08 05:18:13.468, 5, 120 MHz, 3996 MHz, 182.67 W, 36
2026/10/08 05:18:13.468, 6, 120 MHz, 3996 MHz, 184.83 W, 31
2026/10/08 05:18:13.468, 7, 120 MHz, 3996 MHz, 185.11 W, 30
2026/10/08 05:18:14.468, 0, 120 MHz, 3996 MHz, 188.35 W, 40
2026/10/08 05:18:14.468, 1, 120 MHz, 3996 MHz, 190.17 W, 42
2026/10/08 05:18:14.468, 2, 270 MHz, 3996 MHz, 189.88 W, 38
2026/10/08 05:18:14.468, 3, 2017 MHz, 3996 MHz, 242.06 W, 39
2026/10/08 05:18:14.468, 4, 120 MHz, 3996 MHz, 184.59 W, 38
2026/10/08 05:18:14.468, 5, 120 MHz, 3996 MHz, 182.71 W, 36
2026/10/08 05:18:14.468, 6, 120 MHz, 3996 MHz, 184.83 W, 31
2026/10/08 05:18:14.468, 7, 120 MHz, 3996 MHz, 184.85 W, 30
2026/10/08 05:18:15.468, 0, 120 MHz, 3996 MHz, 188.35 W, 40
2026/10/08 05:18:15.468, 1, 120 MHz, 3996 MHz, 190.17 W, 42
2026/10/08 05:18:15.468, 2, 172 MHz, 3996 MHz, 188.16 W, 38
2026/10/08 05:18:15.468, 3, 300 MHz, 3996 MHz, 191.44 W, 38
2026/10/08 05:18:15.468, 4, 120 MHz, 3996 MHz, 184.59 W, 38
2026/10/08 05:18:15.468, 5, 120 MHz, 3996 MHz, 182.68 W, 36
2026/10/08 05:18:15.468, 6, 120 MHz, 3996 MHz, 184.83 W, 31
2026/10/08 05:18:15.468, 7, 120 MHz, 3996 MHz, 184.76 W, 30
2026/10/08 05:18:16.469, 0, 120 MHz, 3996 MHz, 188.35 W, 40
2026/10/08 05:18:16.469, 1, 120 MHz, 3996 MHz, 190.17 W, 42
2026/10/08 05:18:16.469, 2, 405 MHz, 3996 MHz, 188.55 W, 37
2026/10/08 05:18:16.469, 3, 907 MHz, 3996 MHz, 195.11 W, 38
2026/10/08 05:18:16.469, 4, 120 MHz, 3996 MHz, 184.59 W, 38
2026/10/08 05:18:16.469, 5, 120 MHz, 3996 MHz, 182.71 W, 36
2026/10/08 05:18:16.469, 6, 120 MHz, 3996 MHz, 185.10 W, 31
2026/10/08 05:18:16.469, 7, 120 MHz, 3996 MHz, 184.85 W, 30
2026/10/08 05:18:17.469, 0, 120 MHz, 3996 MHz, 188.31 W, 40
2026/10/08 05:18:17.469, 1, 120 MHz, 3996 MHz, 190.17 W, 42
2026/10/08 05:18:17.469, 2, 405 MHz, 3996 MHz, 189.96 W, 37
2026/10/08 05:18:17.469, 3, 217 MHz, 3996 MHz, 193.57 W, 38
2026/10/08 05:18:17.469, 4, 120 MHz, 3996 MHz, 184.59 W, 38
2026/10/08 05:18:17.469, 5, 120 MHz, 3996 MHz, 182.83 W, 36
2026/10/08 05:18:17.469, 6, 120 MHz, 3996 MHz, 184.87 W, 31
2026/10/08 05:18:17.469, 7, 120 MHz, 3996 MHz, 184.77 W, 30
2026/10/08 05:18:18.469, 0, 120 MHz, 3996 MHz, 188.35 W, 40
2026/10/08 05:18:18.469, 1, 120 MHz, 3996 MHz, 190.17 W, 42
2026/10/08 05:18:18.469, 2, 120 MHz, 3996 MHz, 189.02 W, 37
2026/10/08 05:18:18.469, 3, 142 MHz, 3996 MHz, 187.62 W, 37
2026/10/08 05:18:18.469, 4, 120 MHz, 3996 MHz, 184.59 W, 38
2026/10/08 05:18:18.469, 5, 120 MHz, 3996 MHz, 182.74 W, 36
2026/10/08 05:18:18.469, 6, 120 MHz, 3996 MHz, 184.98 W, 31
2026/10/08 05:18:18.469, 7, 120 MHz, 3996 MHz, 184.70 W, 30
2026/10/08 05:18:19.469, 0, 120 MHz, 3996 MHz, 188.35 W, 40
2026/10/08 05:18:19.469, 1, 120 MHz, 3996 MHz, 190.17 W, 42
2026/10/08 05:18:19.469, 2, 120 MHz, 3996 MHz, 188.01 W, 36
2026/10/08 05:18:19.469, 3, 120 MHz, 3996 MHz, 186.84 W, 37
2026/10/08 05:18:19.469, 4, 120 MHz, 3996 MHz, 184.59 W, 38
2026/10/08 05:18:19.469, 5, 120 MHz, 3996 MHz, 182.71 W, 36
2026/10/08 05:18:19.469, 6, 120 MHz, 3996 MHz, 184.95 W, 31
2026/10/08 05:18:19.469, 7, 120 MHz, 3996 MHz, 184.67 W, 30
2026/10/08 05:18:20.469, 0, 120 MHz, 3996 MHz, 188.27 W, 40
2026/10/08 05:18:20.469, 1, 120 MHz, 3996 MHz, 190.17 W, 42
2026/10/08 05:18:20.469, 2, 120 MHz, 3996 MHz, 188.01 W, 36
2026/10/08 05:18:20.469, 3, 120 MHz, 3996 MHz, 186.05 W, 37
2026/10/08 05:18:20.469, 4, 120 MHz, 3996 MHz, 184.59 W, 38
2026/10/08 05:18:20.470, 5, 120 MHz, 3996 MHz, 182.71 W, 36
2026/10/08 05:18:20.470, 6, 120 MHz, 3996 MHz, 184.83 W, 31
2026/10/08 05:18:20.470, 7, 120 MHz, 3996 MHz, 184.63 W, 29
2026/10/08 05:18:21.470, 0, 120 MHz, 3996 MHz, 188.35 W, 40
2026/10/08 05:18:21.470, 1, 120 MHz, 3996 MHz, 190.17 W, 42
2026/10/08 05:18:21.470, 2, 120 MHz, 3996 MHz, 188.01 W, 36
2026/10/08 05:18:21.470, 3, 120 MHz, 3996 MHz, 186.05 W, 36
2026/10/08 05:18:21.470, 4, 120 MHz, 3996 MHz, 184.59 W, 38
2026/10/08 05:18:21.470, 5, 120 MHz, 3996 MHz, 182.66 W, 36
2026/10/08 05:18:21.470, 6, 120 MHz, 3996 MHz, 184.91 W, 31
2026/10/08 05:18:21.470, 7, 120 MHz, 3996 MHz, 184.61 W, 29
2026/10/08 05:18:22.470, 0, 120 MHz, 3996 MHz, 188.31 W, 40
2026/10/08 05:18:22.470, 1, 120 MHz, 3996 MHz, 190.17 W, 42
2026/10/08 05:18:22.470, 2, 120 MHz, 3996 MHz, 188.01 W, 36
2026/10/08 05:18:22.470, 3, 120 MHz, 3996 MHz, 186.05 W, 36
2026/10/08 05:18:22.470, 4, 120 MHz, 3996 MHz, 184.59 W, 38
2026/10/08 05:18:22.470, 5, 120 MHz, 3996 MHz, 182.70 W, 36
2026/10/08 05:18:22.470, 6, 120 MHz, 3996 MHz, 184.87 W, 31
2026/10/08 05:18:22.470, 7, 120 MHz, 3996 MHz, 184.60 W, 29
2026/10/08 05:18:23.470, 0, 120 MHz, 3996 MHz, 188.31 W, 40
2026/10/08 05:18:23.470, 1, 120 MHz, 3996 MHz, 190.17 W, 42
2026/10/08 05:18:23.470, 2, 120 MHz, 3996 MHz, 188.01 W, 36
2026/10/08 05:18:23.470, 3, 120 MHz, 3996 MHz, 186.05 W, 36
2026/10/08 05:18:23.470, 4, 120 MHz, 3996 MHz, 184.59 W, 38
2026/10/08 05:18:23.470, 5, 120 MHz, 3996 MHz, 182.66 W, 36
2026/10/08 05:18:23.470, 6, 120 MHz, 3996 MHz, 184.83 W, 30
2026/10/08 05:18:23.470, 7, 120 MHz, 3996 MHz, 184.59 W, 29
2026/10/08 05:18:24.470, 0, 120 MHz, 3996 MHz, 188.31 W, 40
2026/10/08 05:18:24.470, 1, 120 MHz, 3996 MHz, 190.17 W, 42
2026/10/08 05:18:24.470, 2, 120 MHz, 3996 MHz, 188.01 W, 35
2026/10/08 05:18:24.470, 3, 120 MHz, 3996 MHz, 186.05 W, 36
2026/10/08 05:18:24.470, 4, 120 MHz, 3996 MHz, 184.59 W, 38
2026/10/08 05:18:24.470, 5, 120 MHz, 3996 MHz, 182.69 W, 36
2026/10/08 05:18:24.470, 6, 120 MHz, 3996 MHz, 184.83 W, 30
2026/10/08 05:18:24.470, 7, 120 MHz, 3996 MHz, 184.60 W, 29
2026/10/08 05:18:25.471, 0, 120 MHz, 3996 MHz, 188.24 W, 40
2026/10/08 05:18:25.471, 1, 120 MHz, 3996 MHz, 190.17 W, 42
2026/10/08 05:18:25.471, 2, 120 MHz, 3996 MHz, 187.93 W, 35
2026/10/08 05:18:25.471, 3, 120 MHz, 3996 MHz, 186.05 W, 35
2026/10/08 05:18:25.471, 4, 120 MHz, 3996 MHz, 184.59 W, 38
2026/10/08 05:18:25.471, 5, 120 MHz, 3996 MHz, 182.76 W, 36
2026/10/08 05:18:25.471, 6, 120 MHz, 3996 MHz, 184.83 W, 30
2026/10/08 05:18:25.471, 7, 120 MHz, 3996 MHz, 184.61 W, 29
2026/10/08 05:18:26.471, 0, 120 MHz, 3996 MHz, 188.27 W, 40
2026/10/08 05:18:26.471, 1, 120 MHz, 3996 MHz, 190.17 W, 42
2026/10/08 05:18:26.471, 2, 120 MHz, 3996 MHz, 187.74 W, 35
2026/10/08 05:18:26.471, 3, 120 MHz, 3996 MHz, 186.05 W, 35
2026/10/08 05:18:26.471, 4, 120 MHz, 3996 MHz, 184.59 W, 38
2026/10/08 05:18:26.471, 5, 120 MHz, 3996 MHz, 182.98 W, 36
2026/10/08 05:18:26.471, 6, 120 MHz, 3996 MHz, 184.83 W, 30
2026/10/08 05:18:26.471, 7, 120 MHz, 3996 MHz, 184.62 W, 29
2026/10/08 05:18:27.471, 0, 120 MHz, 3996 MHz, 188.27 W, 40
2026/10/08 05:18:27.471, 1, 120 MHz, 3996 MHz, 190.17 W, 42
2026/10/08 05:18:27.471, 2, 120 MHz, 3996 MHz, 187.46 W, 35
2026/10/08 05:18:27.471, 3, 120 MHz, 3996 MHz, 186.05 W, 35
2026/10/08 05:18:27.471, 4, 120 MHz, 3996 MHz, 184.59 W, 38
2026/10/08 05:18:27.471, 5, 120 MHz, 3996 MHz, 183.14 W, 36
2026/10/08 05:18:27.471, 6, 120 MHz, 3996 MHz, 184.83 W, 30
2026/10/08 05:18:27.471, 7, 120 MHz, 3996 MHz, 184.61 W, 29
2026/10/08 05:18:28.471, 0, 120 MHz, 3996 MHz, 188.31 W, 40
2026/10/08 05:18:28.471, 1, 120 MHz, 3996 MHz, 190.17 W, 42
2026/10/08 05:18:28.471, 2, 120 MHz, 3996 MHz, 186.93 W, 35
2026/10/08 05:18:28.471, 3, 120 MHz, 3996 MHz, 186.05 W, 35
2026/10/08 05:18:28.471, 4, 120 MHz, 3996 MHz, 184.59 W, 37
2026/10/08 05:18:28.471, 5, 120 MHz, 3996 MHz, 183.00 W, 36
2026/10/08 05:18:28.471, 6, 120 MHz, 3996 MHz, 184.83 W, 30
2026/10/08 05:18:28.471, 7, 120 MHz, 3996 MHz, 184.60 W, 29
2026/10/08 05:18:29.472, 0, 120 MHz, 3996 MHz, 187.82 W, 40
2026/10/08 05:18:29.472, 1, 120 MHz, 3996 MHz, 190.17 W, 41
2026/10/08 05:18:29.472, 2, 120 MHz, 3996 MHz, 186.47 W, 34
2026/10/08 05:18:29.472, 3, 120 MHz, 3996 MHz, 186.01 W, 35
2026/10/08 05:18:29.472, 4, 120 MHz, 3996 MHz, 184.59 W, 37
2026/10/08 05:18:29.472, 5, 120 MHz, 3996 MHz, 183.00 W, 36
2026/10/08 05:18:29.472, 6, 120 MHz, 3996 MHz, 184.83 W, 30
2026/10/08 05:18:29.472, 7, 120 MHz, 3996 MHz, 184.60 W, 29
2026/10/08 05:18:30.472, 0, 120 MHz, 3996 MHz, 187.49 W, 39
2026/10/08 05:18:30.472, 1, 120 MHz, 3996 MHz, 190.17 W, 41
2026/10/08 05:18:30.472, 2, 120 MHz, 3996 MHz, 186.21 W, 34
2026/10/08 05:18:30.472, 3, 120 MHz, 3996 MHz, 186.01 W, 34
2026/10/08 05:18:30.472, 4, 120 MHz, 3996 MHz, 184.59 W, 37
2026/10/08 05:18:30.472, 5, 120 MHz, 3996 MHz, 182.91 W, 36
2026/10/08 05:18:30.472, 6, 120 MHz, 3996 MHz, 184.83 W, 30
2026/10/08 05:18:30.472, 7, 120 MHz, 3996 MHz, 184.61 W, 29
2026/10/08 05:18:31.472, 0, 120 MHz, 3996 MHz, 186.98 W, 39
2026/10/08 05:18:31.472, 1, 120 MHz, 3996 MHz, 190.17 W, 41
2026/10/08 05:18:31.472, 2, 120 MHz, 3996 MHz, 186.09 W, 34
2026/10/08 05:18:31.472, 3, 120 MHz, 3996 MHz, 185.97 W, 34
2026/10/08 05:18:31.472, 4, 120 MHz, 3996 MHz, 184.59 W, 37
2026/10/08 05:18:31.472, 5, 120 MHz, 3996 MHz, 182.96 W, 36
2026/10/08 05:18:31.472, 6, 120 MHz, 3996 MHz, 184.83 W, 30
2026/10/08 05:18:31.472, 7, 120 MHz, 3996 MHz, 184.60 W, 29
2026/10/08 05:18:32.472, 0, 120 MHz, 3996 MHz, 187.11 W, 39
2026/10/08 05:18:32.472, 1, 120 MHz, 3996 MHz, 190.05 W, 41
2026/10/08 05:18:32.472, 2, 120 MHz, 3996 MHz, 186.09 W, 34
2026/10/08 05:18:32.472, 3, 120 MHz, 3996 MHz, 185.82 W, 34
2026/10/08 05:18:32.472, 4, 120 MHz, 3996 MHz, 184.59 W, 37
2026/10/08 05:18:32.472, 5, 120 MHz, 3996 MHz, 183.04 W, 36
2026/10/08 05:18:32.472, 6, 120 MHz, 3996 MHz, 184.83 W, 30
2026/10/08 05:18:32.472, 7, 120 MHz, 3996 MHz, 184.60 W, 29
2026/10/08 05:18:33.473, 0, 120 MHz, 3996 MHz, 187.03 W, 39
2026/10/08 05:18:33.473, 1, 120 MHz, 3996 MHz, 190.17 W, 41
2026/10/08 05:18:33.473, 2, 120 MHz, 3996 MHz, 186.05 W, 34
2026/10/08 05:18:33.473, 3, 120 MHz, 3996 MHz, 185.77 W, 34
2026/10/08 05:18:33.473, 4, 120 MHz, 3996 MHz, 184.55 W, 37
2026/10/08 05:18:33.473, 5, 120 MHz, 3996 MHz, 182.91 W, 35
2026/10/08 05:18:33.473, 6, 120 MHz, 3996 MHz, 184.83 W, 30
2026/10/08 05:18:33.473, 7, 120 MHz, 3996 MHz, 184.60 W, 29
2026/10/08 05:18:34.473, 0, 120 MHz, 3996 MHz, 186.64 W, 39
2026/10/08 05:18:34.473, 1, 120 MHz, 3996 MHz, 190.13 W, 41
2026/10/08 05:18:34.473, 2, 2032 MHz, 3996 MHz, 198.60 W, 34
2026/10/08 05:18:34.473, 3, 2032 MHz, 3996 MHz, 194.64 W, 34
2026/10/08 05:18:34.473, 4, 120 MHz, 3996 MHz, 184.59 W, 37
2026/10/08 05:18:34.473, 5, 120 MHz, 3996 MHz, 182.76 W, 35
2026/10/08 05:18:34.473, 6, 120 MHz, 3996 MHz, 184.83 W, 30
2026/10/08 05:18:34.473, 7, 120 MHz, 3996 MHz, 184.60 W, 29
2026/10/08 05:18:35.473, 0, 120 MHz, 3996 MHz, 186.48 W, 39
2026/10/08 05:18:35.473, 1, 120 MHz, 3996 MHz, 190.13 W, 41
2026/10/08 05:18:35.473, 2, 2032 MHz, 3996 MHz, 237.88 W, 34
2026/10/08 05:18:35.473, 3, 2032 MHz, 3996 MHz, 238.73 W, 35
2026/10/08 05:18:35.473, 4, 120 MHz, 3996 MHz, 184.59 W, 37
2026/10/08 05:18:35.473, 5, 120 MHz, 3996 MHz, 182.80 W, 35
2026/10/08 05:18:35.473, 6, 120 MHz, 3996 MHz, 184.83 W, 30
2026/10/08 05:18:35.473, 7, 120 MHz, 3996 MHz, 184.60 W, 29
2026/10/08 05:18:36.473, 0, 120 MHz, 3996 MHz, 186.52 W, 39
2026/10/08 05:18:36.473, 1, 120 MHz, 3996 MHz, 189.97 W, 41
2026/10/08 05:18:36.473, 2, 2032 MHz, 3996 MHz, 237.86 W, 34
2026/10/08 05:18:36.473, 3, 2032 MHz, 3996 MHz, 238.57 W, 34
2026/10/08 05:18:36.473, 4, 120 MHz, 3996 MHz, 184.51 W, 37
2026/10/08 05:18:36.473, 5, 120 MHz, 3996 MHz, 182.76 W, 35
2026/10/08 05:18:36.473, 6, 120 MHz, 3996 MHz, 184.83 W, 30
2026/10/08 05:18:36.473, 7, 120 MHz, 3996 MHz, 184.60 W, 29
2026/10/08 05:18:37.473, 0, 120 MHz, 3996 MHz, 186.41 W, 39
2026/10/08 05:18:37.474, 1, 120 MHz, 3996 MHz, 189.82 W, 41
2026/10/08 05:18:37.474, 2, 2032 MHz, 3996 MHz, 238.72 W, 34
2026/10/08 05:18:37.474, 3, 2032 MHz, 3996 MHz, 239.08 W, 34
2026/10/08 05:18:37.474, 4, 120 MHz, 3996 MHz, 184.51 W, 37
2026/10/08 05:18:37.474, 5, 120 MHz, 3996 MHz, 182.73 W, 35
2026/10/08 05:18:37.474, 6, 120 MHz, 3996 MHz, 184.83 W, 30
2026/10/08 05:18:37.474, 7, 120 MHz, 3996 MHz, 184.61 W, 28
2026/10/08 05:18:38.474, 0, 120 MHz, 3996 MHz, 186.41 W, 39
2026/10/08 05:18:38.474, 1, 120 MHz, 3996 MHz, 189.62 W, 41
2026/10/08 05:18:38.474, 2, 2032 MHz, 3996 MHz, 238.79 W, 34
2026/10/08 05:18:38.474, 3, 2032 MHz, 3996 MHz, 239.26 W, 34
2026/10/08 05:18:38.474, 4, 120 MHz, 3996 MHz, 184.48 W, 37
2026/10/08 05:18:38.474, 5, 120 MHz, 3996 MHz, 182.80 W, 35
2026/10/08 05:18:38.474, 6, 120 MHz, 3996 MHz, 184.83 W, 30
2026/10/08 05:18:38.474, 7, 120 MHz, 3996 MHz, 184.61 W, 28
2026/10/08 05:18:39.474, 0, 120 MHz, 3996 MHz, 186.41 W, 39
2026/10/08 05:18:39.474, 1, 120 MHz, 3996 MHz, 189.21 W, 41
2026/10/08 05:18:39.474, 2, 2032 MHz, 3996 MHz, 256.66 W, 35
2026/10/08 05:18:39.474, 3, 2032 MHz, 3996 MHz, 239.52 W, 34
2026/10/08 05:18:39.474, 4, 120 MHz, 3996 MHz, 184.47 W, 37
2026/10/08 05:18:39.474, 5, 120 MHz, 3996 MHz, 182.73 W, 35
2026/10/08 05:18:39.474, 6, 120 MHz, 3996 MHz, 184.83 W, 30
2026/10/08 05:18:39.474, 7, 120 MHz, 3996 MHz, 184.61 W, 28
2026/10/08 05:18:40.474, 0, 120 MHz, 3996 MHz, 186.41 W, 39
2026/10/08 05:18:40.474, 1, 120 MHz, 3996 MHz, 188.80 W, 41
2026/10/08 05:18:40.474, 2, 2032 MHz, 3996 MHz, 238.27 W, 34
2026/10/08 05:18:40.474, 3, 2032 MHz, 3996 MHz, 256.81 W, 34
2026/10/08 05:18:40.474, 4, 120 MHz, 3996 MHz, 184.43 W, 37
2026/10/08 05:18:40.474, 5, 120 MHz, 3996 MHz, 182.81 W, 35
2026/10/08 05:18:40.474, 6, 120 MHz, 3996 MHz, 184.83 W, 30
2026/10/08 05:18:40.474, 7, 120 MHz, 3996 MHz, 184.61 W, 28
2026/10/08 05:18:41.474, 0, 120 MHz, 3996 MHz, 186.41 W, 38
2026/10/08 05:18:41.474, 1, 120 MHz, 3996 MHz, 188.97 W, 40
2026/10/08 05:18:41.474, 2, 2032 MHz, 3996 MHz, 271.81 W, 34
2026/10/08 05:18:41.474, 3, 2032 MHz, 3996 MHz, 242.34 W, 34
2026/10/08 05:18:41.474, 4, 120 MHz, 3996 MHz, 184.28 W, 37
2026/10/08 05:18:41.474, 5, 120 MHz, 3996 MHz, 182.72 W, 35
2026/10/08 05:18:41.474, 6, 120 MHz, 3996 MHz, 184.83 W, 30
2026/10/08 05:18:41.474, 7, 120 MHz, 3996 MHz, 184.60 W, 28
2026/10/08 05:18:42.475, 0, 120 MHz, 3996 MHz, 186.41 W, 38
2026/10/08 05:18:42.475, 1, 120 MHz, 3996 MHz, 188.53 W, 40
2026/10/08 05:18:42.475, 2, 2032 MHz, 3996 MHz, 238.19 W, 34
2026/10/08 05:18:42.475, 3, 2032 MHz, 3996 MHz, 271.28 W, 34
2026/10/08 05:18:42.475, 4, 120 MHz, 3996 MHz, 184.17 W, 37
2026/10/08 05:18:42.475, 5, 120 MHz, 3996 MHz, 182.76 W, 35
2026/10/08 05:18:42.475, 6, 120 MHz, 3996 MHz, 184.83 W, 30
2026/10/08 05:18:42.475, 7, 120 MHz, 3996 MHz, 184.60 W, 28
2026/10/08 05:18:43.475, 0, 120 MHz, 3996 MHz, 186.41 W, 38
2026/10/08 05:18:43.475, 1, 120 MHz, 3996 MHz, 188.42 W, 40
2026/10/08 05:18:43.475, 2, 2032 MHz, 3996 MHz, 259.45 W, 33
2026/10/08 05:18:43.475, 3, 2032 MHz, 3996 MHz, 255.61 W, 34
2026/10/08 05:18:43.475, 4, 120 MHz, 3996 MHz, 184.21 W, 37
2026/10/08 05:18:43.475, 5, 120 MHz, 3996 MHz, 182.68 W, 35
2026/10/08 05:18:43.475, 6, 120 MHz, 3996 MHz, 184.83 W, 29
2026/10/08 05:18:43.475, 7, 120 MHz, 3996 MHz, 184.59 W, 28
2026/10/08 05:18:44.475, 0, 120 MHz, 3996 MHz, 186.41 W, 38
2026/10/08 05:18:44.475, 1, 120 MHz, 3996 MHz, 188.30 W, 40
2026/10/08 05:18:44.475, 2, 2032 MHz, 3996 MHz, 237.77 W, 33
2026/10/08 05:18:44.475, 3, 2032 MHz, 3996 MHz, 238.66 W, 34
2026/10/08 05:18:44.475, 4, 120 MHz, 3996 MHz, 183.97 W, 37
2026/10/08 05:18:44.475, 5, 120 MHz, 3996 MHz, 182.77 W, 35
2026/10/08 05:18:44.475, 6, 120 MHz, 3996 MHz, 184.83 W, 29
2026/10/08 05:18:44.475, 7, 120 MHz, 3996 MHz, 184.60 W, 28
2026/10/08 05:18:45.475, 0, 120 MHz, 3996 MHz, 186.41 W, 38
2026/10/08 05:18:45.475, 1, 120 MHz, 3996 MHz, 188.27 W, 40
2026/10/08 05:18:45.475, 2, 2032 MHz, 3996 MHz, 237.75 W, 33
2026/10/08 05:18:45.475, 3, 2032 MHz, 3996 MHz, 245.17 W, 34
2026/10/08 05:18:45.475, 4, 120 MHz, 3996 MHz, 183.56 W, 37
2026/10/08 05:18:45.475, 5, 120 MHz, 3996 MHz, 182.69 W, 35
2026/10/08 05:18:45.475, 6, 120 MHz, 3996 MHz, 184.83 W, 29
2026/10/08 05:18:45.475, 7, 120 MHz, 3996 MHz, 184.59 W, 28
2026/10/08 05:18:46.475, 0, 120 MHz, 3996 MHz, 186.41 W, 38
2026/10/08 05:18:46.476, 1, 120 MHz, 3996 MHz, 188.26 W, 40
2026/10/08 05:18:46.476, 2, 2032 MHz, 3996 MHz, 237.19 W, 33
2026/10/08 05:18:46.476, 3, 2032 MHz, 3996 MHz, 239.19 W, 33
2026/10/08 05:18:46.476, 4, 120 MHz, 3996 MHz, 183.41 W, 36
2026/10/08 05:18:46.476, 5, 120 MHz, 3996 MHz, 182.73 W, 35
2026/10/08 05:18:46.476, 6, 120 MHz, 3996 MHz, 184.83 W, 29
2026/10/08 05:18:46.476, 7, 120 MHz, 3996 MHz, 184.60 W, 28
2026/10/08 05:18:47.476, 0, 120 MHz, 3996 MHz, 186.41 W, 38
2026/10/08 05:18:47.476, 1, 120 MHz, 3996 MHz, 188.23 W, 40
2026/10/08 05:18:47.476, 2, 2032 MHz, 3996 MHz, 237.09 W, 33
2026/10/08 05:18:47.476, 3, 2032 MHz, 3996 MHz, 238.46 W, 33
2026/10/08 05:18:47.476, 4, 120 MHz, 3996 MHz, 183.70 W, 36
2026/10/08 05:18:47.476, 5, 120 MHz, 3996 MHz, 182.65 W, 35
2026/10/08 05:18:47.476, 6, 120 MHz, 3996 MHz, 184.83 W, 29
2026/10/08 05:18:47.476, 7, 120 MHz, 3996 MHz, 184.61 W, 28
2026/10/08 05:18:48.476, 0, 120 MHz, 3996 MHz, 186.41 W, 38
2026/10/08 05:18:48.476, 1, 120 MHz, 3996 MHz, 188.23 W, 40
2026/10/08 05:18:48.476, 2, 2032 MHz, 3996 MHz, 237.14 W, 33
2026/10/08 05:18:48.476, 3, 2032 MHz, 3996 MHz, 238.38 W, 33
2026/10/08 05:18:48.476, 4, 120 MHz, 3996 MHz, 183.64 W, 36
2026/10/08 05:18:48.476, 5, 120 MHz, 3996 MHz, 182.68 W, 35
2026/10/08 05:18:48.476, 6, 120 MHz, 3996 MHz, 184.83 W, 29
2026/10/08 05:18:48.476, 7, 120 MHz, 3996 MHz, 184.62 W, 28
2026/10/08 05:18:49.476, 0, 120 MHz, 3996 MHz, 186.41 W, 38
2026/10/08 05:18:49.476, 1, 120 MHz, 3996 MHz, 188.23 W, 40
2026/10/08 05:18:49.476, 2, 2032 MHz, 3996 MHz, 236.73 W, 33
2026/10/08 05:18:49.476, 3, 2032 MHz, 3996 MHz, 238.69 W, 33
2026/10/08 05:18:49.476, 4, 120 MHz, 3996 MHz, 183.35 W, 36
2026/10/08 05:18:49.476, 5, 120 MHz, 3996 MHz, 182.65 W, 35
2026/10/08 05:18:49.476, 6, 120 MHz, 3996 MHz, 184.83 W, 29
2026/10/08 05:18:49.476, 7, 120 MHz, 3996 MHz, 184.63 W, 28
2026/10/08 05:18:50.476, 0, 120 MHz, 3996 MHz, 186.41 W, 38
2026/10/08 05:18:50.476, 1, 120 MHz, 3996 MHz, 188.23 W, 40
2026/10/08 05:18:50.476, 2, 2032 MHz, 3996 MHz, 236.77 W, 33
2026/10/08 05:18:50.476, 3, 2032 MHz, 3996 MHz, 247.63 W, 33
2026/10/08 05:18:50.476, 4, 120 MHz, 3996 MHz, 183.31 W, 36
2026/10/08 05:18:50.476, 5, 120 MHz, 3996 MHz, 182.69 W, 35
2026/10/08 05:18:50.476, 6, 120 MHz, 3996 MHz, 184.83 W, 29
2026/10/08 05:18:50.476, 7, 120 MHz, 3996 MHz, 184.61 W, 28
2026/10/08 05:18:51.477, 0, 120 MHz, 3996 MHz, 186.41 W, 37
2026/10/08 05:18:51.477, 1, 120 MHz, 3996 MHz, 188.23 W, 39
2026/10/08 05:18:51.477, 2, 2032 MHz, 3996 MHz, 236.65 W, 33
2026/10/08 05:18:51.477, 3, 2032 MHz, 3996 MHz, 237.91 W, 33
2026/10/08 05:18:51.477, 4, 120 MHz, 3996 MHz, 183.33 W, 36
2026/10/08 05:18:51.477, 5, 120 MHz, 3996 MHz, 182.65 W, 35
2026/10/08 05:18:51.477, 6, 120 MHz, 3996 MHz, 184.83 W, 29
2026/10/08 05:18:51.477, 7, 120 MHz, 3996 MHz, 184.62 W, 28
2026/10/08 05:18:52.477, 0, 120 MHz, 3996 MHz, 186.41 W, 37
2026/10/08 05:18:52.477, 1, 120 MHz, 3996 MHz, 188.23 W, 39
2026/10/08 05:18:52.477, 2, 2032 MHz, 3996 MHz, 236.73 W, 32
2026/10/08 05:18:52.477, 3, 2032 MHz, 3996 MHz, 237.54 W, 33
2026/10/08 05:18:52.477, 4, 120 MHz, 3996 MHz, 183.11 W, 36
2026/10/08 05:18:52.477, 5, 120 MHz, 3996 MHz, 182.69 W, 34
2026/10/08 05:18:52.477, 6, 120 MHz, 3996 MHz, 184.83 W, 29
2026/10/08 05:18:52.477, 7, 120 MHz, 3996 MHz, 184.62 W, 28
2026/10/08 05:18:53.477, 0, 120 MHz, 3996 MHz, 186.41 W, 37
2026/10/08 05:18:53.477, 1, 120 MHz, 3996 MHz, 188.23 W, 39
2026/10/08 05:18:53.477, 2, 2032 MHz, 3996 MHz, 236.74 W, 32
2026/10/08 05:18:53.477, 3, 2032 MHz, 3996 MHz, 237.76 W, 33
2026/10/08 05:18:53.477, 4, 120 MHz, 3996 MHz, 183.18 W, 36
2026/10/08 05:18:53.477, 5, 120 MHz, 3996 MHz, 182.61 W, 34
2026/10/08 05:18:53.477, 6, 120 MHz, 3996 MHz, 184.83 W, 29
2026/10/08 05:18:53.477, 7, 120 MHz, 3996 MHz, 184.62 W, 28
2026/10/08 05:18:54.477, 0, 120 MHz, 3996 MHz, 186.41 W, 37
2026/10/08 05:18:54.477, 1, 120 MHz, 3996 MHz, 188.23 W, 39
2026/10/08 05:18:54.477, 2, 2032 MHz, 3996 MHz, 236.70 W, 32
2026/10/08 05:18:54.477, 3, 2032 MHz, 3996 MHz, 237.54 W, 33
2026/10/08 05:18:54.477, 4, 120 MHz, 3996 MHz, 182.84 W, 36
2026/10/08 05:18:54.477, 5, 120 MHz, 3996 MHz, 182.65 W, 34
2026/10/08 05:18:54.477, 6, 120 MHz, 3996 MHz, 184.83 W, 29
2026/10/08 05:18:54.477, 7, 120 MHz, 3996 MHz, 184.63 W, 28
2026/10/08 05:18:55.477, 0, 120 MHz, 3996 MHz, 186.41 W, 37
2026/10/08 05:18:55.477, 1, 120 MHz, 3996 MHz, 188.23 W, 39
2026/10/08 05:18:55.477, 2, 2032 MHz, 3996 MHz, 236.70 W, 32
2026/10/08 05:18:55.477, 3, 2032 MHz, 3996 MHz, 237.05 W, 32
2026/10/08 05:18:55.477, 4, 120 MHz, 3996 MHz, 182.80 W, 36
2026/10/08 05:18:55.477, 5, 120 MHz, 3996 MHz, 182.65 W, 34
2026/10/08 05:18:55.477, 6, 120 MHz, 3996 MHz, 184.83 W, 29
2026/10/08 05:18:55.477, 7, 120 MHz, 3996 MHz, 184.60 W, 28
2026/10/08 05:18:56.478, 0, 120 MHz, 3996 MHz, 186.41 W, 37
2026/10/08 05:18:56.478, 1, 120 MHz, 3996 MHz, 188.23 W, 39
2026/10/08 05:18:56.478, 2, 2032 MHz, 3996 MHz, 236.74 W, 32
2026/10/08 05:18:56.478, 3, 2032 MHz, 3996 MHz, 237.20 W, 32
2026/10/08 05:18:56.478, 4, 120 MHz, 3996 MHz, 182.91 W, 36
2026/10/08 05:18:56.478, 5, 120 MHz, 3996 MHz, 182.65 W, 34
2026/10/08 05:18:56.478, 6, 120 MHz, 3996 MHz, 184.83 W, 29
2026/10/08 05:18:56.478, 7, 120 MHz, 3996 MHz, 184.61 W, 28
2026/10/08 05:18:57.478, 0, 120 MHz, 3996 MHz, 186.41 W, 37
2026/10/08 05:18:57.478, 1, 120 MHz, 3996 MHz, 188.23 W, 39
2026/10/08 05:18:57.478, 2, 2032 MHz, 3996 MHz, 236.70 W, 32
2026/10/08 05:18:57.478, 3, 2032 MHz, 3996 MHz, 237.12 W, 32
2026/10/08 05:18:57.478, 4, 120 MHz, 3996 MHz, 182.87 W, 36
2026/10/08 05:18:57.478, 5, 120 MHz, 3996 MHz, 182.65 W, 34
2026/10/08 05:18:57.478, 6, 120 MHz, 3996 MHz, 184.83 W, 29
2026/10/08 05:18:57.478, 7, 120 MHz, 3996 MHz, 184.62 W, 28
2026/10/08 05:18:58.478, 0, 120 MHz, 3996 MHz, 186.41 W, 37
2026/10/08 05:18:58.478, 1, 120 MHz, 3996 MHz, 188.23 W, 39
2026/10/08 05:18:58.478, 2, 2032 MHz, 3996 MHz, 236.66 W, 32
2026/10/08 05:18:58.478, 3, 2032 MHz, 3996 MHz, 236.74 W, 32
2026/10/08 05:18:58.478, 4, 120 MHz, 3996 MHz, 183.81 W, 36
2026/10/08 05:18:58.478, 5, 120 MHz, 3996 MHz, 182.65 W, 34
2026/10/08 05:18:58.478, 6, 120 MHz, 3996 MHz, 184.83 W, 29
2026/10/08 05:18:58.478, 7, 120 MHz, 3996 MHz, 184.60 W, 28
2026/10/08 05:18:59.478, 0, 120 MHz, 3996 MHz, 186.41 W, 37
2026/10/08 05:18:59.478, 1, 120 MHz, 3996 MHz, 188.23 W, 39
2026/10/08 05:18:59.478, 2, 2032 MHz, 3996 MHz, 236.70 W, 32
2026/10/08 05:18:59.478, 3, 2032 MHz, 3996 MHz, 236.73 W, 32
2026/10/08 05:18:59.478, 4, 120 MHz, 3996 MHz, 184.44 W, 36
2026/10/08 05:18:59.478, 5, 120 MHz, 3996 MHz, 182.61 W, 34
2026/10/08 05:18:59.478, 6, 120 MHz, 3996 MHz, 184.83 W, 29
2026/10/08 05:18:59.478, 7, 120 MHz, 3996 MHz, 184.63 W, 28
2026/10/08 05:19:00.479, 0, 120 MHz, 3996 MHz, 186.41 W, 37
2026/10/08 05:19:00.479, 1, 120 MHz, 3996 MHz, 188.23 W, 39
2026/10/08 05:19:00.479, 2, 2032 MHz, 3996 MHz, 236.70 W, 32
2026/10/08 05:19:00.479, 3, 2032 MHz, 3996 MHz, 236.73 W, 32
2026/10/08 05:19:00.479, 4, 120 MHz, 3996 MHz, 184.43 W, 36
2026/10/08 05:19:00.479, 5, 120 MHz, 3996 MHz, 182.65 W, 34
2026/10/08 05:19:00.479, 6, 120 MHz, 3996 MHz, 184.83 W, 29
2026/10/08 05:19:00.479, 7, 120 MHz, 3996 MHz, 184.62 W, 28
2026/10/08 05:19:01.479, 0, 120 MHz, 3996 MHz, 186.41 W, 37
2026/10/08 05:19:01.479, 1, 120 MHz, 3996 MHz, 188.23 W, 39
2026/10/08 05:19:01.479, 2, 2032 MHz, 3996 MHz, 236.74 W, 32
2026/10/08 05:19:01.479, 3, 2032 MHz, 3996 MHz, 236.66 W, 32
2026/10/08 05:19:01.479, 4, 120 MHz, 3996 MHz, 184.29 W, 36
2026/10/08 05:19:01.479, 5, 120 MHz, 3996 MHz, 182.65 W, 34
2026/10/08 05:19:01.479, 6, 120 MHz, 3996 MHz, 184.83 W, 29
2026/10/08 05:19:01.479, 7, 120 MHz, 3996 MHz, 184.60 W, 27
2026/10/08 05:19:02.479, 0, 120 MHz, 3996 MHz, 186.41 W, 36
2026/10/08 05:19:02.479, 1, 120 MHz, 3996 MHz, 188.23 W, 39
2026/10/08 05:19:02.479, 2, 2032 MHz, 3996 MHz, 236.66 W, 32
2026/10/08 05:19:02.479, 3, 2032 MHz, 3996 MHz, 236.66 W, 32
2026/10/08 05:19:02.479, 4, 120 MHz, 3996 MHz, 184.09 W, 36
2026/10/08 05:19:02.479, 5, 120 MHz, 3996 MHz, 182.65 W, 34
2026/10/08 05:19:02.479, 6, 120 MHz, 3996 MHz, 184.83 W, 29
2026/10/08 05:19:02.479, 7, 120 MHz, 3996 MHz, 184.60 W, 27
2026/10/08 05:19:03.479, 0, 120 MHz, 3996 MHz, 186.41 W, 36
2026/10/08 05:19:03.479, 1, 120 MHz, 3996 MHz, 188.23 W, 38
2026/10/08 05:19:03.479, 2, 2032 MHz, 3996 MHz, 242.11 W, 32
2026/10/08 05:19:03.479, 3, 2032 MHz, 3996 MHz, 236.69 W, 32
2026/10/08 05:19:03.479, 4, 120 MHz, 3996 MHz, 184.20 W, 36
2026/10/08 05:19:03.479, 5, 120 MHz, 3996 MHz, 182.65 W, 34
2026/10/08 05:19:03.479, 6, 120 MHz, 3996 MHz, 184.83 W, 29
2026/10/08 05:19:03.479, 7, 120 MHz, 3996 MHz, 184.62 W, 27
2026/10/08 05:19:04.479, 0, 120 MHz, 3996 MHz, 186.41 W, 36
2026/10/08 05:19:04.479, 1, 120 MHz, 3996 MHz, 188.23 W, 38
2026/10/08 05:19:04.479, 2, 2032 MHz, 3996 MHz, 237.30 W, 32
2026/10/08 05:19:04.479, 3, 2032 MHz, 3996 MHz, 236.66 W, 32
2026/10/08 05:19:04.479, 4, 120 MHz, 3996 MHz, 184.17 W, 36
2026/10/08 05:19:04.479, 5, 120 MHz, 3996 MHz, 182.65 W, 34
2026/10/08 05:19:04.479, 6, 120 MHz, 3996 MHz, 184.83 W, 29
2026/10/08 05:19:04.479, 7, 120 MHz, 3996 MHz, 184.61 W, 27
2026/10/08 05:19:05.480, 0, 120 MHz, 3996 MHz, 186.41 W, 36
2026/10/08 05:19:05.480, 1, 120 MHz, 3996 MHz, 188.23 W, 38
2026/10/08 05:19:05.480, 2, 2032 MHz, 3996 MHz, 236.66 W, 32
2026/10/08 05:19:05.480, 3, 2032 MHz, 3996 MHz, 236.66 W, 32
2026/10/08 05:19:05.480, 4, 120 MHz, 3996 MHz, 184.01 W, 35
2026/10/08 05:19:05.480, 5, 120 MHz, 3996 MHz, 182.65 W, 34
2026/10/08 05:19:05.480, 6, 120 MHz, 3996 MHz, 184.83 W, 29
2026/10/08 05:19:05.480, 7, 120 MHz, 3996 MHz, 184.61 W, 27
2026/10/08 05:19:06.480, 0, 120 MHz, 3996 MHz, 186.37 W, 36
2026/10/08 05:19:06.480, 1, 120 MHz, 3996 MHz, 188.23 W, 38
2026/10/08 05:19:06.480, 2, 2032 MHz, 3996 MHz, 236.66 W, 32
2026/10/08 05:19:06.480, 3, 2032 MHz, 3996 MHz, 236.66 W, 32
2026/10/08 05:19:06.480, 4, 120 MHz, 3996 MHz, 183.89 W, 35
2026/10/08 05:19:06.480, 5, 120 MHz, 3996 MHz, 182.65 W, 34
2026/10/08 05:19:06.480, 6, 120 MHz, 3996 MHz, 184.83 W, 29
2026/10/08 05:19:06.480, 7, 120 MHz, 3996 MHz, 184.61 W, 27
2026/10/08 05:19:07.480, 0, 120 MHz, 3996 MHz, 186.37 W, 36
2026/10/08 05:19:07.480, 1, 120 MHz, 3996 MHz, 188.23 W, 38
2026/10/08 05:19:07.480, 2, 2032 MHz, 3996 MHz, 236.95 W, 31
2026/10/08 05:19:07.480, 3, 2032 MHz, 3996 MHz, 240.57 W, 32
2026/10/08 05:19:07.480, 4, 120 MHz, 3996 MHz, 183.56 W, 35
2026/10/08 05:19:07.480, 5, 120 MHz, 3996 MHz, 182.65 W, 34
2026/10/08 05:19:07.480, 6, 120 MHz, 3996 MHz, 184.83 W, 29
2026/10/08 05:19:07.480, 7, 120 MHz, 3996 MHz, 184.61 W, 27
2026/10/08 05:19:08.480, 0, 120 MHz, 3996 MHz, 186.33 W, 36
2026/10/08 05:19:08.480, 1, 120 MHz, 3996 MHz, 188.23 W, 38
2026/10/08 05:19:08.480, 2, 2032 MHz, 3996 MHz, 242.64 W, 31
2026/10/08 05:19:08.480, 3, 2032 MHz, 3996 MHz, 238.62 W, 32
2026/10/08 05:19:08.480, 4, 120 MHz, 3996 MHz, 183.58 W, 35
2026/10/08 05:19:08.480, 5, 120 MHz, 3996 MHz, 182.61 W, 34
2026/10/08 05:19:08.480, 6, 120 MHz, 3996 MHz, 184.83 W, 29
2026/10/08 05:19:08.480, 7, 120 MHz, 3996 MHz, 184.60 W, 27
2026/10/08 05:19:09.480, 0, 120 MHz, 3996 MHz, 186.37 W, 36
2026/10/08 05:19:09.481, 1, 120 MHz, 3996 MHz, 188.23 W, 38
2026/10/08 05:19:09.481, 2, 2032 MHz, 3996 MHz, 243.60 W, 31
2026/10/08 05:19:09.481, 3, 2032 MHz, 3996 MHz, 236.63 W, 32
2026/10/08 05:19:09.481, 4, 120 MHz, 3996 MHz, 184.40 W, 35
2026/10/08 05:19:09.481, 5, 120 MHz, 3996 MHz, 182.61 W, 34
2026/10/08 05:19:09.481, 6, 120 MHz, 3996 MHz, 184.83 W, 29
2026/10/08 05:19:09.481, 7, 120 MHz, 3996 MHz, 184.60 W, 27
2026/10/08 05:19:10.481, 0, 120 MHz, 3996 MHz, 185.98 W, 36
2026/10/08 05:19:10.481, 1, 120 MHz, 3996 MHz, 188.23 W, 38
2026/10/08 05:19:10.481, 2, 2032 MHz, 3996 MHz, 236.66 W, 31
2026/10/08 05:19:10.481, 3, 2032 MHz, 3996 MHz, 236.66 W, 31
2026/10/08 05:19:10.481, 4, 120 MHz, 3996 MHz, 184.28 W, 35
2026/10/08 05:19:10.481, 5, 120 MHz, 3996 MHz, 182.61 W, 34
2026/10/08 05:19:10.481, 6, 120 MHz, 3996 MHz, 184.83 W, 29
2026/10/08 05:19:10.481, 7, 120 MHz, 3996 MHz, 184.60 W, 27
2026/10/08 05:19:11.481, 0, 120 MHz, 3996 MHz, 186.13 W, 36
2026/10/08 05:19:11.481, 1, 120 MHz, 3996 MHz, 188.23 W, 38
2026/10/08 05:19:11.481, 2, 2032 MHz, 3996 MHz, 236.66 W, 31
2026/10/08 05:19:11.481, 3, 2032 MHz, 3996 MHz, 236.50 W, 31
2026/10/08 05:19:11.481, 4, 120 MHz, 3996 MHz, 184.16 W, 35
2026/10/08 05:19:11.481, 5, 120 MHz, 3996 MHz, 182.57 W, 34
2026/10/08 05:19:11.481, 6, 120 MHz, 3996 MHz, 184.83 W, 29
2026/10/08 05:19:11.481, 7, 120 MHz, 3996 MHz, 184.61 W, 27
2026/10/08 05:19:12.481, 0, 120 MHz, 3996 MHz, 186.41 W, 36
2026/10/08 05:19:12.481, 1, 120 MHz, 3996 MHz, 188.23 W, 38
2026/10/08 05:19:12.481, 2, 2032 MHz, 3996 MHz, 236.66 W, 31
2026/10/08 05:19:12.481, 3, 2032 MHz, 3996 MHz, 236.54 W, 31
2026/10/08 05:19:12.481, 4, 120 MHz, 3996 MHz, 183.90 W, 35
2026/10/08 05:19:12.481, 5, 120 MHz, 3996 MHz, 182.65 W, 34
2026/10/08 05:19:12.481, 6, 120 MHz, 3996 MHz, 184.83 W, 29
2026/10/08 05:19:12.481, 7, 120 MHz, 3996 MHz, 184.59 W, 27
2026/10/08 05:19:13.481, 0, 120 MHz, 3996 MHz, 186.41 W, 36
2026/10/08 05:19:13.481, 1, 120 MHz, 3996 MHz, 188.23 W, 38
2026/10/08 05:19:13.481, 2, 2032 MHz, 3996 MHz, 236.66 W, 31
2026/10/08 05:19:13.481, 3, 2032 MHz, 3996 MHz, 236.50 W, 31
2026/10/08 05:19:13.481, 4, 120 MHz, 3996 MHz, 184.20 W, 35
2026/10/08 05:19:13.481, 5, 120 MHz, 3996 MHz, 182.65 W, 34
2026/10/08 05:19:13.481, 6, 120 MHz, 3996 MHz, 184.83 W, 29
2026/10/08 05:19:13.481, 7, 120 MHz, 3996 MHz, 184.60 W, 27
2026/10/08 05:19:14.482, 0, 120 MHz, 3996 MHz, 186.41 W, 35
2026/10/08 05:19:14.482, 1, 120 MHz, 3996 MHz, 188.23 W, 38
2026/10/08 05:19:14.482, 2, 2032 MHz, 3996 MHz, 236.66 W, 31
2026/10/08 05:19:14.482, 3, 2032 MHz, 3996 MHz, 236.34 W, 31
2026/10/08 05:19:14.482, 4, 120 MHz, 3996 MHz, 183.87 W, 35
2026/10/08 05:19:14.482, 5, 120 MHz, 3996 MHz, 182.61 W, 34
2026/10/08 05:19:14.482, 6, 120 MHz, 3996 MHz, 184.83 W, 29
2026/10/08 05:19:14.482, 7, 120 MHz, 3996 MHz, 184.59 W, 27
2026/10/08 05:19:15.482, 0, 120 MHz, 3996 MHz, 186.41 W, 35
2026/10/08 05:19:15.482, 1, 120 MHz, 3996 MHz, 188.23 W, 38
2026/10/08 05:19:15.482, 2, 1395 MHz, 3996 MHz, 318.17 W, 39
2026/10/08 05:19:15.482, 3, 2032 MHz, 3996 MHz, 511.46 W, 35
2026/10/08 05:19:15.482, 4, 120 MHz, 3996 MHz, 183.75 W, 35
2026/10/08 05:19:15.482, 5, 120 MHz, 3996 MHz, 182.65 W, 34
2026/10/08 05:19:15.482, 6, 120 MHz, 3996 MHz, 184.83 W, 29
2026/10/08 05:19:15.482, 7, 120 MHz, 3996 MHz, 184.59 W, 27
2026/10/08 05:19:16.482, 0, 120 MHz, 3996 MHz, 186.41 W, 35
2026/10/08 05:19:16.482, 1, 120 MHz, 3996 MHz, 188.19 W, 37
2026/10/08 05:19:16.482, 2, 2032 MHz, 3996 MHz, 494.12 W, 34
2026/10/08 05:19:16.482, 3, 2032 MHz, 3996 MHz, 321.25 W, 32
2026/10/08 05:19:16.482, 4, 120 MHz, 3996 MHz, 183.44 W, 35
2026/10/08 05:19:16.482, 5, 120 MHz, 3996 MHz, 182.65 W, 34
2026/10/08 05:19:16.482, 6, 120 MHz, 3996 MHz, 184.83 W, 29
2026/10/08 05:19:16.482, 7, 120 MHz, 3996 MHz, 184.60 W, 27
2026/10/08 05:19:17.482, 0, 120 MHz, 3996 MHz, 186.41 W, 35
2026/10/08 05:19:17.482, 1, 120 MHz, 3996 MHz, 188.11 W, 37
2026/10/08 05:19:17.482, 2, 2032 MHz, 3996 MHz, 264.68 W, 32
2026/10/08 05:19:17.482, 3, 1485 MHz, 3996 MHz, 453.28 W, 44
2026/10/08 05:19:17.482, 4, 120 MHz, 3996 MHz, 183.69 W, 35
2026/10/08 05:19:17.482, 5, 120 MHz, 3996 MHz, 182.61 W, 34
2026/10/08 05:19:17.482, 6, 120 MHz, 3996 MHz, 184.83 W, 29
2026/10/08 05:19:17.482, 7, 120 MHz, 3996 MHz, 184.60 W, 27
2026/10/08 05:19:18.483, 0, 120 MHz, 3996 MHz, 186.41 W, 35
2026/10/08 05:19:18.483, 1, 120 MHz, 3996 MHz, 188.00 W, 37
2026/10/08 05:19:18.483, 2, 2032 MHz, 3996 MHz, 766.27 W, 40
2026/10/08 05:19:18.483, 3, 2032 MHz, 3996 MHz, 868.27 W, 40
2026/10/08 05:19:18.483, 4, 120 MHz, 3996 MHz, 183.46 W, 35
2026/10/08 05:19:18.483, 5, 120 MHz, 3996 MHz, 182.54 W, 33
2026/10/08 05:19:18.483, 6, 120 MHz, 3996 MHz, 184.83 W, 29
2026/10/08 05:19:18.483, 7, 120 MHz, 3996 MHz, 184.59 W, 27
2026/10/08 05:19:19.483, 0, 120 MHz, 3996 MHz, 186.41 W, 35
2026/10/08 05:19:19.483, 1, 120 MHz, 3996 MHz, 188.07 W, 37
2026/10/08 05:19:19.483, 2, 2032 MHz, 3996 MHz, 800.22 W, 40
2026/10/08 05:19:19.483, 3, 2032 MHz, 3996 MHz, 792.98 W, 40
2026/10/08 05:19:19.483, 4, 120 MHz, 3996 MHz, 183.66 W, 35
2026/10/08 05:19:19.483, 5, 120 MHz, 3996 MHz, 182.61 W, 33
2026/10/08 05:19:19.483, 6, 120 MHz, 3996 MHz, 184.83 W, 29
2026/10/08 05:19:19.483, 7, 120 MHz, 3996 MHz, 184.60 W, 27
2026/10/08 05:19:20.483, 0, 120 MHz, 3996 MHz, 186.41 W, 35
2026/10/08 05:19:20.483, 1, 120 MHz, 3996 MHz, 188.03 W, 37
2026/10/08 05:19:20.483, 2, 2032 MHz, 3996 MHz, 800.65 W, 40
2026/10/08 05:19:20.483, 3, 2032 MHz, 3996 MHz, 791.90 W, 41
2026/10/08 05:19:20.483, 4, 120 MHz, 3996 MHz, 183.33 W, 35
2026/10/08 05:19:20.483, 5, 120 MHz, 3996 MHz, 182.57 W, 33
2026/10/08 05:19:20.483, 6, 120 MHz, 3996 MHz, 184.83 W, 29
2026/10/08 05:19:20.483, 7, 120 MHz, 3996 MHz, 184.59 W, 27
2026/10/08 05:19:21.483, 0, 120 MHz, 3996 MHz, 186.41 W, 35
2026/10/08 05:19:21.483, 1, 120 MHz, 3996 MHz, 187.73 W, 37
2026/10/08 05:19:21.483, 2, 2032 MHz, 3996 MHz, 802.03 W, 41
2026/10/08 05:19:21.483, 3, 2032 MHz, 3996 MHz, 794.34 W, 41
2026/10/08 05:19:21.483, 4, 120 MHz, 3996 MHz, 183.37 W, 35
2026/10/08 05:19:21.483, 5, 120 MHz, 3996 MHz, 182.61 W, 33
2026/10/08 05:19:21.483, 6, 120 MHz, 3996 MHz, 184.83 W, 29
2026/10/08 05:19:21.483, 7, 120 MHz, 3996 MHz, 184.60 W, 27
2026/10/08 05:19:22.483, 0, 120 MHz, 3996 MHz, 186.33 W, 35
2026/10/08 05:19:22.483, 1, 120 MHz, 3996 MHz, 187.73 W, 37
2026/10/08 05:19:22.483, 2, 1305 MHz, 3996 MHz, 930.47 W, 50
2026/10/08 05:19:22.483, 3, 2032 MHz, 3996 MHz, 929.38 W, 42
2026/10/08 05:19:22.483, 4, 120 MHz, 3996 MHz, 183.03 W, 35
2026/10/08 05:19:22.483, 5, 120 MHz, 3996 MHz, 182.55 W, 33
2026/10/08 05:19:22.483, 6, 120 MHz, 3996 MHz, 184.83 W, 29
2026/10/08 05:19:22.483, 7, 120 MHz, 3996 MHz, 184.59 W, 27
2026/10/08 05:19:23.484, 0, 120 MHz, 3996 MHz, 186.41 W, 35
2026/10/08 05:19:23.484, 1, 120 MHz, 3996 MHz, 187.53 W, 37
2026/10/08 05:19:23.484, 2, 2032 MHz, 3996 MHz, 802.08 W, 42
2026/10/08 05:19:23.484, 3, 2032 MHz, 3996 MHz, 790.87 W, 42
2026/10/08 05:19:23.484, 4, 120 MHz, 3996 MHz, 182.95 W, 35
2026/10/08 05:19:23.484, 5, 120 MHz, 3996 MHz, 182.61 W, 33
2026/10/08 05:19:23.484, 6, 120 MHz, 3996 MHz, 184.83 W, 29
2026/10/08 05:19:23.484, 7, 120 MHz, 3996 MHz, 184.60 W, 27
2026/10/08 05:19:24.484, 0, 120 MHz, 3996 MHz, 186.33 W, 35
2026/10/08 05:19:24.484, 1, 120 MHz, 3996 MHz, 187.39 W, 37
2026/10/08 05:19:24.484, 2, 2032 MHz, 3996 MHz, 802.75 W, 42
2026/10/08 05:19:24.484, 3, 2032 MHz, 3996 MHz, 792.85 W, 42
2026/10/08 05:19:24.484, 4, 120 MHz, 3996 MHz, 182.99 W, 35
2026/10/08 05:19:24.484, 5, 120 MHz, 3996 MHz, 182.57 W, 33
2026/10/08 05:19:24.484, 6, 120 MHz, 3996 MHz, 184.83 W, 29
2026/10/08 05:19:24.484, 7, 120 MHz, 3996 MHz, 184.60 W, 27
2026/10/08 05:19:25.484, 0, 120 MHz, 3996 MHz, 186.29 W, 35
2026/10/08 05:19:25.484, 1, 120 MHz, 3996 MHz, 187.14 W, 37
2026/10/08 05:19:25.484, 2, 2032 MHz, 3996 MHz, 805.09 W, 42
2026/10/08 05:19:25.484, 3, 2032 MHz, 3996 MHz, 794.80 W, 42
2026/10/08 05:19:25.484, 4, 120 MHz, 3996 MHz, 182.98 W, 35
2026/10/08 05:19:25.484, 5, 120 MHz, 3996 MHz, 182.45 W, 33
2026/10/08 05:19:25.484, 6, 120 MHz, 3996 MHz, 184.83 W, 29
2026/10/08 05:19:25.484, 7, 120 MHz, 3996 MHz, 184.60 W, 27
2026/10/08 05:19:26.484, 0, 120 MHz, 3996 MHz, 186.33 W, 35
2026/10/08 05:19:26.484, 1, 120 MHz, 3996 MHz, 187.09 W, 37
2026/10/08 05:19:26.484, 2, 1402 MHz, 3996 MHz, 844.99 W, 51
2026/10/08 05:19:26.484, 3, 2010 MHz, 3996 MHz, 927.05 W, 44
2026/10/08 05:19:26.484, 4, 120 MHz, 3996 MHz, 182.91 W, 35
2026/10/08 05:19:26.484, 5, 120 MHz, 3996 MHz, 182.26 W, 33
2026/10/08 05:19:26.484, 6, 120 MHz, 3996 MHz, 184.83 W, 29
2026/10/08 05:19:26.484, 7, 120 MHz, 3996 MHz, 184.59 W, 27
2026/10/08 05:19:27.484, 0, 120 MHz, 3996 MHz, 186.33 W, 35
2026/10/08 05:19:27.484, 1, 120 MHz, 3996 MHz, 187.35 W, 37
2026/10/08 05:19:27.484, 2, 2032 MHz, 3996 MHz, 895.75 W, 43
2026/10/08 05:19:27.484, 3, 2032 MHz, 3996 MHz, 795.93 W, 43
2026/10/08 05:19:27.484, 4, 120 MHz, 3996 MHz, 182.87 W, 35
2026/10/08 05:19:27.484, 5, 120 MHz, 3996 MHz, 182.57 W, 33
2026/10/08 05:19:27.484, 6, 120 MHz, 3996 MHz, 184.83 W, 29
2026/10/08 05:19:27.484, 7, 120 MHz, 3996 MHz, 184.61 W, 27
2026/10/08 05:19:28.485, 0, 120 MHz, 3996 MHz, 186.29 W, 35
2026/10/08 05:19:28.485, 1, 120 MHz, 3996 MHz, 186.98 W, 37
2026/10/08 05:19:28.485, 2, 2032 MHz, 3996 MHz, 800.99 W, 43
2026/10/08 05:19:28.485, 3, 2032 MHz, 3996 MHz, 792.94 W, 43
2026/10/08 05:19:28.485, 4, 120 MHz, 3996 MHz, 182.87 W, 35
2026/10/08 05:19:28.485, 5, 120 MHz, 3996 MHz, 182.31 W, 33
2026/10/08 05:19:28.485, 6, 120 MHz, 3996 MHz, 184.83 W, 29
2026/10/08 05:19:28.485, 7, 120 MHz, 3996 MHz, 184.62 W, 27
2026/10/08 05:19:29.485, 0, 120 MHz, 3996 MHz, 186.18 W, 35
2026/10/08 05:19:29.485, 1, 120 MHz, 3996 MHz, 187.14 W, 37
2026/10/08 05:19:29.485, 2, 2032 MHz, 3996 MHz, 804.61 W, 43
2026/10/08 05:19:29.485, 3, 2032 MHz, 3996 MHz, 796.19 W, 43
2026/10/08 05:19:29.485, 4, 120 MHz, 3996 MHz, 182.79 W, 35
2026/10/08 05:19:29.485, 5, 120 MHz, 3996 MHz, 182.50 W, 33
2026/10/08 05:19:29.485, 6, 120 MHz, 3996 MHz, 184.83 W, 29
2026/10/08 05:19:29.485, 7, 120 MHz, 3996 MHz, 184.60 W, 27
2026/10/08 05:19:30.485, 0, 120 MHz, 3996 MHz, 186.29 W, 35
2026/10/08 05:19:30.485, 1, 120 MHz, 3996 MHz, 186.94 W, 37
2026/10/08 05:19:30.485, 2, 2032 MHz, 3996 MHz, 807.33 W, 43
2026/10/08 05:19:30.485, 3, 1365 MHz, 3996 MHz, 906.36 W, 52
2026/10/08 05:19:30.485, 4, 120 MHz, 3996 MHz, 182.65 W, 35
2026/10/08 05:19:30.485, 5, 120 MHz, 3996 MHz, 182.61 W, 33
2026/10/08 05:19:30.485, 6, 120 MHz, 3996 MHz, 184.83 W, 29
2026/10/08 05:19:30.485, 7, 120 MHz, 3996 MHz, 184.62 W, 27
2026/10/08 05:19:31.485, 0, 120 MHz, 3996 MHz, 186.37 W, 35
2026/10/08 05:19:31.485, 1, 120 MHz, 3996 MHz, 186.93 W, 37
2026/10/08 05:19:31.485, 2, 2032 MHz, 3996 MHz, 940.79 W, 44
2026/10/08 05:19:31.485, 3, 2032 MHz, 3996 MHz, 827.45 W, 44
2026/10/08 05:19:31.485, 4, 120 MHz, 3996 MHz, 182.87 W, 35
2026/10/08 05:19:31.485, 5, 120 MHz, 3996 MHz, 182.61 W, 33
2026/10/08 05:19:31.485, 6, 120 MHz, 3996 MHz, 184.83 W, 29
2026/10/08 05:19:31.485, 7, 120 MHz, 3996 MHz, 184.60 W, 27
2026/10/08 05:19:32.485, 0, 120 MHz, 3996 MHz, 186.29 W, 35
2026/10/08 05:19:32.485, 1, 120 MHz, 3996 MHz, 187.22 W, 37
2026/10/08 05:19:32.485, 2, 2032 MHz, 3996 MHz, 804.25 W, 43
2026/10/08 05:19:32.486, 3, 2032 MHz, 3996 MHz, 793.36 W, 44
2026/10/08 05:19:32.486, 4, 120 MHz, 3996 MHz, 182.65 W, 35
2026/10/08 05:19:32.486, 5, 120 MHz, 3996 MHz, 182.45 W, 33
2026/10/08 05:19:32.486, 6, 120 MHz, 3996 MHz, 184.83 W, 29
2026/10/08 05:19:32.486, 7, 120 MHz, 3996 MHz, 184.60 W, 27
2026/10/08 05:19:33.486, 0, 120 MHz, 3996 MHz, 186.41 W, 35
2026/10/08 05:19:33.486, 1, 120 MHz, 3996 MHz, 186.93 W, 37
2026/10/08 05:19:33.486, 2, 2032 MHz, 3996 MHz, 805.58 W, 44
2026/10/08 05:19:33.486, 3, 2032 MHz, 3996 MHz, 798.23 W, 44
2026/10/08 05:19:33.486, 4, 120 MHz, 3996 MHz, 182.65 W, 35
2026/10/08 05:19:33.486, 5, 120 MHz, 3996 MHz, 182.35 W, 33
2026/10/08 05:19:33.486, 6, 120 MHz, 3996 MHz, 184.83 W, 29
2026/10/08 05:19:33.486, 7, 120 MHz, 3996 MHz, 184.60 W, 27
2026/10/08 05:19:34.486, 0, 120 MHz, 3996 MHz, 186.41 W, 35
2026/10/08 05:19:34.486, 1, 120 MHz, 3996 MHz, 187.10 W, 37
2026/10/08 05:19:34.486, 2, 2032 MHz, 3996 MHz, 808.25 W, 44
2026/10/08 05:19:34.486, 3, 2032 MHz, 3996 MHz, 791.82 W, 44
2026/10/08 05:19:34.486, 4, 120 MHz, 3996 MHz, 182.68 W, 35
2026/10/08 05:19:34.486, 5, 120 MHz, 3996 MHz, 182.38 W, 33
2026/10/08 05:19:34.486, 6, 120 MHz, 3996 MHz, 184.83 W, 29
2026/10/08 05:19:34.486, 7, 120 MHz, 3996 MHz, 184.60 W, 27
2026/10/08 05:19:35.486, 0, 120 MHz, 3996 MHz, 186.41 W, 35
2026/10/08 05:19:35.486, 1, 120 MHz, 3996 MHz, 187.16 W, 37
2026/10/08 05:19:35.486, 2, 1297 MHz, 3996 MHz, 964.65 W, 53
2026/10/08 05:19:35.486, 3, 2032 MHz, 3996 MHz, 944.56 W, 45
2026/10/08 05:19:35.486, 4, 120 MHz, 3996 MHz, 182.76 W, 35
2026/10/08 05:19:35.486, 5, 120 MHz, 3996 MHz, 182.38 W, 33
2026/10/08 05:19:35.486, 6, 120 MHz, 3996 MHz, 184.83 W, 29
2026/10/08 05:19:35.486, 7, 120 MHz, 3996 MHz, 184.59 W, 27
2026/10/08 05:19:36.486, 0, 120 MHz, 3996 MHz, 186.37 W, 35
2026/10/08 05:19:36.486, 1, 120 MHz, 3996 MHz, 187.21 W, 37
2026/10/08 05:19:36.486, 2, 2032 MHz, 3996 MHz, 800.95 W, 44
2026/10/08 05:19:36.486, 3, 2032 MHz, 3996 MHz, 798.99 W, 44
2026/10/08 05:19:36.486, 4, 120 MHz, 3996 MHz, 182.65 W, 34
2026/10/08 05:19:36.486, 5, 120 MHz, 3996 MHz, 182.39 W, 33
2026/10/08 05:19:36.486, 6, 120 MHz, 3996 MHz, 184.83 W, 29
2026/10/08 05:19:36.486, 7, 120 MHz, 3996 MHz, 184.60 W, 27
2026/10/08 05:19:37.486, 0, 120 MHz, 3996 MHz, 186.41 W, 35
2026/10/08 05:19:37.486, 1, 120 MHz, 3996 MHz, 187.49 W, 37
2026/10/08 05:19:37.487, 2, 2032 MHz, 3996 MHz, 809.97 W, 44
2026/10/08 05:19:37.487, 3, 2032 MHz, 3996 MHz, 804.03 W, 45
2026/10/08 05:19:37.487, 4, 120 MHz, 3996 MHz, 182.68 W, 34
2026/10/08 05:19:37.487, 5, 120 MHz, 3996 MHz, 182.42 W, 33
2026/10/08 05:19:37.487, 6, 120 MHz, 3996 MHz, 184.83 W, 29
2026/10/08 05:19:37.487, 7, 120 MHz, 3996 MHz, 184.60 W, 27
2026/10/08 05:19:38.487, 0, 120 MHz, 3996 MHz, 186.41 W, 35
2026/10/08 05:19:38.487, 1, 120 MHz, 3996 MHz, 187.66 W, 37
2026/10/08 05:19:38.487, 2, 2032 MHz, 3996 MHz, 809.25 W, 44
2026/10/08 05:19:38.487, 3, 2032 MHz, 3996 MHz, 801.64 W, 45
2026/10/08 05:19:38.487, 4, 120 MHz, 3996 MHz, 182.65 W, 34
2026/10/08 05:19:38.487, 5, 120 MHz, 3996 MHz, 182.49 W, 33
2026/10/08 05:19:38.487, 6, 120 MHz, 3996 MHz, 184.83 W, 29
2026/10/08 05:19:38.487, 7, 120 MHz, 3996 MHz, 184.60 W, 27
2026/10/08 05:19:39.487, 0, 120 MHz, 3996 MHz, 186.41 W, 35
2026/10/08 05:19:39.487, 1, 120 MHz, 3996 MHz, 187.53 W, 37
2026/10/08 05:19:39.487, 2, 1365 MHz, 3996 MHz, 897.70 W, 53
2026/10/08 05:19:39.487, 3, 2032 MHz, 3996 MHz, 950.49 W, 47
2026/10/08 05:19:39.487, 4, 120 MHz, 3996 MHz, 182.71 W, 34
2026/10/08 05:19:39.487, 5, 120 MHz, 3996 MHz, 182.20 W, 33
2026/10/08 05:19:39.487, 6, 120 MHz, 3996 MHz, 184.83 W, 29
2026/10/08 05:19:39.487, 7, 120 MHz, 3996 MHz, 184.60 W, 27
2026/10/08 05:19:40.487, 0, 120 MHz, 3996 MHz, 186.41 W, 35
2026/10/08 05:19:40.487, 1, 120 MHz, 3996 MHz, 187.58 W, 37
2026/10/08 05:19:40.487, 2, 2032 MHz, 3996 MHz, 875.96 W, 45
2026/10/08 05:19:40.487, 3, 2032 MHz, 3996 MHz, 795.10 W, 45
2026/10/08 05:19:40.487, 4, 120 MHz, 3996 MHz, 182.68 W, 34
2026/10/08 05:19:40.487, 5, 120 MHz, 3996 MHz, 182.38 W, 33
2026/10/08 05:19:40.487, 6, 120 MHz, 3996 MHz, 184.83 W, 29
2026/10/08 05:19:40.487, 7, 120 MHz, 3996 MHz, 184.63 W, 27
2026/10/08 05:19:41.487, 0, 120 MHz, 3996 MHz, 186.41 W, 35
2026/10/08 05:19:41.487, 1, 120 MHz, 3996 MHz, 187.77 W, 37
2026/10/08 05:19:41.487, 2, 2032 MHz, 3996 MHz, 805.68 W, 45
2026/10/08 05:19:41.487, 3, 2032 MHz, 3996 MHz, 797.73 W, 45
2026/10/08 05:19:41.487, 4, 120 MHz, 3996 MHz, 182.64 W, 34
2026/10/08 05:19:41.487, 5, 120 MHz, 3996 MHz, 182.38 W, 33
2026/10/08 05:19:41.487, 6, 120 MHz, 3996 MHz, 184.83 W, 29
2026/10/08 05:19:41.487, 7, 120 MHz, 3996 MHz, 184.61 W, 27
2026/10/08 05:19:42.487, 0, 120 MHz, 3996 MHz, 186.41 W, 35
2026/10/08 05:19:42.488, 1, 120 MHz, 3996 MHz, 187.80 W, 37
2026/10/08 05:19:42.488, 2, 2032 MHz, 3996 MHz, 810.50 W, 45
2026/10/08 05:19:42.488, 3, 2032 MHz, 3996 MHz, 800.93 W, 45
2026/10/08 05:19:42.488, 4, 120 MHz, 3996 MHz, 182.65 W, 34
2026/10/08 05:19:42.488, 5, 120 MHz, 3996 MHz, 182.30 W, 33
2026/10/08 05:19:42.488, 6, 120 MHz, 3996 MHz, 184.83 W, 29
2026/10/08 05:19:42.488, 7, 120 MHz, 3996 MHz, 184.62 W, 27
2026/10/08 05:19:43.488, 0, 120 MHz, 3996 MHz, 186.41 W, 35
2026/10/08 05:19:43.488, 1, 120 MHz, 3996 MHz, 188.00 W, 37
2026/10/08 05:19:43.488, 2, 2032 MHz, 3996 MHz, 809.36 W, 45
2026/10/08 05:19:43.488, 3, 1290 MHz, 3996 MHz, 935.19 W, 54
2026/10/08 05:19:43.488, 4, 120 MHz, 3996 MHz, 182.65 W, 34
2026/10/08 05:19:43.488, 5, 120 MHz, 3996 MHz, 182.33 W, 33
2026/10/08 05:19:43.488, 6, 120 MHz, 3996 MHz, 184.83 W, 29
2026/10/08 05:19:43.488, 7, 120 MHz, 3996 MHz, 184.62 W, 27
2026/10/08 05:19:44.488, 0, 120 MHz, 3996 MHz, 186.41 W, 35
2026/10/08 05:19:44.488, 1, 120 MHz, 3996 MHz, 187.91 W, 37
2026/10/08 05:19:44.488, 2, 2032 MHz, 3996 MHz, 954.85 W, 46
2026/10/08 05:19:44.488, 3, 2032 MHz, 3996 MHz, 805.08 W, 46
2026/10/08 05:19:44.488, 4, 120 MHz, 3996 MHz, 182.68 W, 34
2026/10/08 05:19:44.488, 5, 120 MHz, 3996 MHz, 182.41 W, 33
2026/10/08 05:19:44.488, 6, 120 MHz, 3996 MHz, 184.83 W, 29
2026/10/08 05:19:44.488, 7, 120 MHz, 3996 MHz, 184.62 W, 27
2026/10/08 05:19:45.488, 0, 120 MHz, 3996 MHz, 186.41 W, 36
2026/10/08 05:19:45.488, 1, 120 MHz, 3996 MHz, 188.04 W, 37
2026/10/08 05:19:45.488, 2, 2032 MHz, 3996 MHz, 808.51 W, 46
2026/10/08 05:19:45.488, 3, 2032 MHz, 3996 MHz, 798.73 W, 46
2026/10/08 05:19:45.488, 4, 120 MHz, 3996 MHz, 182.64 W, 34
2026/10/08 05:19:45.488, 5, 120 MHz, 3996 MHz, 182.19 W, 33
2026/10/08 05:19:45.488, 6, 120 MHz, 3996 MHz, 184.83 W, 29
2026/10/08 05:19:45.488, 7, 120 MHz, 3996 MHz, 184.62 W, 27
2026/10/08 05:19:46.488, 0, 120 MHz, 3996 MHz, 186.41 W, 36
2026/10/08 05:19:46.488, 1, 120 MHz, 3996 MHz, 188.07 W, 37
2026/10/08 05:19:46.488, 2, 2032 MHz, 3996 MHz, 808.92 W, 46
2026/10/08 05:19:46.488, 3, 2032 MHz, 3996 MHz, 802.61 W, 46
2026/10/08 05:19:46.488, 4, 120 MHz, 3996 MHz, 182.68 W, 34
2026/10/08 05:19:46.488, 5, 120 MHz, 3996 MHz, 182.26 W, 33
2026/10/08 05:19:46.488, 6, 120 MHz, 3996 MHz, 184.83 W, 29
2026/10/08 05:19:46.488, 7, 120 MHz, 3996 MHz, 184.61 W, 27
2026/10/08 05:19:47.489, 0, 120 MHz, 3996 MHz, 186.41 W, 36
2026/10/08 05:19:47.489, 1, 120 MHz, 3996 MHz, 188.15 W, 38
2026/10/08 05:19:47.489, 2, 2032 MHz, 3996 MHz, 812.69 W, 46
2026/10/08 05:19:47.489, 3, 1387 MHz, 3996 MHz, 856.48 W, 54
2026/10/08 05:19:47.489, 4, 120 MHz, 3996 MHz, 182.65 W, 34
2026/10/08 05:19:47.489, 5, 120 MHz, 3996 MHz, 182.06 W, 33
2026/10/08 05:19:47.489, 6, 120 MHz, 3996 MHz, 184.83 W, 29
2026/10/08 05:19:47.489, 7, 120 MHz, 3996 MHz, 184.62 W, 27
2026/10/08 05:19:48.489, 0, 120 MHz, 3996 MHz, 186.41 W, 36
2026/10/08 05:19:48.489, 1, 120 MHz, 3996 MHz, 188.19 W, 38
2026/10/08 05:19:48.489, 2, 2032 MHz, 3996 MHz, 957.12 W, 48
2026/10/08 05:19:48.489, 3, 2032 MHz, 3996 MHz, 880.85 W, 46
2026/10/08 05:19:48.489, 4, 120 MHz, 3996 MHz, 182.65 W, 34
2026/10/08 05:19:48.489, 5, 120 MHz, 3996 MHz, 182.19 W, 33
2026/10/08 05:19:48.489, 6, 120 MHz, 3996 MHz, 184.83 W, 29
2026/10/08 05:19:48.489, 7, 120 MHz, 3996 MHz, 184.63 W, 27
2026/10/08 05:19:49.489, 0, 120 MHz, 3996 MHz, 186.41 W, 36
2026/10/08 05:19:49.489, 1, 120 MHz, 3996 MHz, 188.23 W, 38
2026/10/08 05:19:49.489, 2, 2032 MHz, 3996 MHz, 807.35 W, 46
2026/10/08 05:19:49.489, 3, 2032 MHz, 3996 MHz, 796.97 W, 46
2026/10/08 05:19:49.489, 4, 120 MHz, 3996 MHz, 182.68 W, 34
2026/10/08 05:19:49.489, 5, 120 MHz, 3996 MHz, 182.34 W, 33
2026/10/08 05:19:49.489, 6, 120 MHz, 3996 MHz, 184.83 W, 29
2026/10/08 05:19:49.489, 7, 120 MHz, 3996 MHz, 184.63 W, 27
2026/10/08 05:19:50.489, 0, 120 MHz, 3996 MHz, 186.41 W, 36
2026/10/08 05:19:50.489, 1, 120 MHz, 3996 MHz, 188.23 W, 38
2026/10/08 05:19:50.489, 2, 2032 MHz, 3996 MHz, 809.16 W, 46
2026/10/08 05:19:50.489, 3, 2032 MHz, 3996 MHz, 802.94 W, 46
2026/10/08 05:19:50.489, 4, 120 MHz, 3996 MHz, 182.65 W, 34
2026/10/08 05:19:50.489, 5, 120 MHz, 3996 MHz, 182.45 W, 33
2026/10/08 05:19:50.489, 6, 120 MHz, 3996 MHz, 184.83 W, 29
2026/10/08 05:19:50.489, 7, 120 MHz, 3996 MHz, 184.63 W, 27
2026/10/08 05:19:51.489, 0, 120 MHz, 3996 MHz, 186.41 W, 36
2026/10/08 05:19:51.489, 1, 120 MHz, 3996 MHz, 188.19 W, 38
2026/10/08 05:19:51.489, 2, 2032 MHz, 3996 MHz, 811.71 W, 46
2026/10/08 05:19:51.489, 3, 2032 MHz, 3996 MHz, 810.88 W, 47
2026/10/08 05:19:51.489, 4, 120 MHz, 3996 MHz, 182.65 W, 34
2026/10/08 05:19:51.489, 5, 120 MHz, 3996 MHz, 182.46 W, 33
2026/10/08 05:19:51.489, 6, 120 MHz, 3996 MHz, 184.83 W, 29
2026/10/08 05:19:51.489, 7, 120 MHz, 3996 MHz, 184.62 W, 27
2026/10/08 05:19:52.489, 0, 120 MHz, 3996 MHz, 186.41 W, 36
2026/10/08 05:19:52.490, 1, 120 MHz, 3996 MHz, 188.23 W, 38
2026/10/08 05:19:52.490, 2, 1342 MHz, 3996 MHz, 961.59 W, 55
2026/10/08 05:19:52.490, 3, 2032 MHz, 3996 MHz, 935.48 W, 47
2026/10/08 05:19:52.490, 4, 120 MHz, 3996 MHz, 182.65 W, 34
2026/10/08 05:19:52.490, 5, 120 MHz, 3996 MHz, 182.41 W, 33
2026/10/08 05:19:52.490, 6, 120 MHz, 3996 MHz, 184.83 W, 29
2026/10/08 05:19:52.490, 7, 120 MHz, 3996 MHz, 184.60 W, 27
2026/10/08 05:19:53.490, 0, 120 MHz, 3996 MHz, 186.41 W, 36
2026/10/08 05:19:53.490, 1, 120 MHz, 3996 MHz, 188.23 W, 38
2026/10/08 05:19:53.490, 2, 2032 MHz, 3996 MHz, 811.10 W, 47
2026/10/08 05:19:53.490, 3, 2032 MHz, 3996 MHz, 797.97 W, 47
2026/10/08 05:19:53.490, 4, 120 MHz, 3996 MHz, 182.64 W, 34
2026/10/08 05:19:53.490, 5, 120 MHz, 3996 MHz, 182.49 W, 33
2026/10/08 05:19:53.490, 6, 120 MHz, 3996 MHz, 184.83 W, 29
2026/10/08 05:19:53.490, 7, 120 MHz, 3996 MHz, 184.60 W, 27
2026/10/08 05:19:54.490, 0, 120 MHz, 3996 MHz, 186.41 W, 36
2026/10/08 05:19:54.490, 1, 120 MHz, 3996 MHz, 188.23 W, 38
2026/10/08 05:19:54.490, 2, 2032 MHz, 3996 MHz, 808.57 W, 47
2026/10/08 05:19:54.490, 3, 2032 MHz, 3996 MHz, 802.14 W, 47
2026/10/08 05:19:54.490, 4, 120 MHz, 3996 MHz, 182.65 W, 34
2026/10/08 05:19:54.490, 5, 120 MHz, 3996 MHz, 182.27 W, 33
2026/10/08 05:19:54.490, 6, 120 MHz, 3996 MHz, 184.83 W, 29
2026/10/08 05:19:54.490, 7, 120 MHz, 3996 MHz, 184.62 W, 27
2026/10/08 05:19:55.490, 0, 120 MHz, 3996 MHz, 186.41 W, 36
2026/10/08 05:19:55.490, 1, 120 MHz, 3996 MHz, 188.23 W, 38
2026/10/08 05:19:55.490, 2, 2032 MHz, 3996 MHz, 814.87 W, 47
2026/10/08 05:19:55.490, 3, 2032 MHz, 3996 MHz, 805.14 W, 47
2026/10/08 05:19:55.490, 4, 120 MHz, 3996 MHz, 182.65 W, 34
2026/10/08 05:19:55.490, 5, 120 MHz, 3996 MHz, 182.50 W, 33
2026/10/08 05:19:55.490, 6, 120 MHz, 3996 MHz, 184.83 W, 29
2026/10/08 05:19:55.490, 7, 120 MHz, 3996 MHz, 184.61 W, 27
2026/10/08 05:19:56.490, 0, 120 MHz, 3996 MHz, 186.41 W, 36
2026/10/08 05:19:56.490, 1, 120 MHz, 3996 MHz, 188.23 W, 38
2026/10/08 05:19:56.490, 2, 1357 MHz, 3996 MHz, 894.24 W, 56
2026/10/08 05:19:56.490, 3, 1710 MHz, 3996 MHz, 961.36 W, 50
2026/10/08 05:19:56.490, 4, 120 MHz, 3996 MHz, 182.65 W, 34
2026/10/08 05:19:56.490, 5, 120 MHz, 3996 MHz, 182.46 W, 33
2026/10/08 05:19:56.490, 6, 120 MHz, 3996 MHz, 184.83 W, 29
2026/10/08 05:19:56.490, 7, 120 MHz, 3996 MHz, 184.61 W, 27
2026/10/08 05:19:57.491, 0, 120 MHz, 3996 MHz, 186.41 W, 36
2026/10/08 05:19:57.491, 1, 120 MHz, 3996 MHz, 188.23 W, 38
2026/10/08 05:19:57.491, 2, 2032 MHz, 3996 MHz, 878.74 W, 47
2026/10/08 05:19:57.491, 3, 2032 MHz, 3996 MHz, 797.77 W, 47
2026/10/08 05:19:57.491, 4, 120 MHz, 3996 MHz, 182.65 W, 34
2026/10/08 05:19:57.491, 5, 120 MHz, 3996 MHz, 182.34 W, 33
2026/10/08 05:19:57.491, 6, 120 MHz, 3996 MHz, 184.83 W, 29
2026/10/08 05:19:57.491, 7, 120 MHz, 3996 MHz, 184.61 W, 27
2026/10/08 05:19:58.491, 0, 120 MHz, 3996 MHz, 186.41 W, 36
2026/10/08 05:19:58.491, 1, 120 MHz, 3996 MHz, 188.23 W, 38
2026/10/08 05:19:58.491, 2, 2032 MHz, 3996 MHz, 809.79 W, 47
2026/10/08 05:19:58.491, 3, 2032 MHz, 3996 MHz, 803.50 W, 47
2026/10/08 05:19:58.491, 4, 120 MHz, 3996 MHz, 182.68 W, 34
2026/10/08 05:19:58.491, 5, 120 MHz, 3996 MHz, 182.57 W, 33
2026/10/08 05:19:58.491, 6, 120 MHz, 3996 MHz, 184.83 W, 29
2026/10/08 05:19:58.491, 7, 120 MHz, 3996 MHz, 184.61 W, 27
2026/10/08 05:19:59.491, 0, 120 MHz, 3996 MHz, 186.41 W, 36
2026/10/08 05:19:59.491, 1, 120 MHz, 3996 MHz, 188.23 W, 38
2026/10/08 05:19:59.491, 2, 2032 MHz, 3996 MHz, 814.68 W, 47
2026/10/08 05:19:59.491, 3, 2032 MHz, 3996 MHz, 807.54 W, 47
2026/10/08 05:19:59.491, 4, 120 MHz, 3996 MHz, 182.64 W, 34
2026/10/08 05:19:59.491, 5, 120 MHz, 3996 MHz, 182.45 W, 33
2026/10/08 05:19:59.491, 6, 120 MHz, 3996 MHz, 184.83 W, 29
2026/10/08 05:19:59.491, 7, 120 MHz, 3996 MHz, 184.62 W, 27
2026/10/08 05:20:00.491, 0, 120 MHz, 3996 MHz, 186.41 W, 37
2026/10/08 05:20:00.491, 1, 120 MHz, 3996 MHz, 188.23 W, 38
2026/10/08 05:20:00.491, 2, 2032 MHz, 3996 MHz, 814.92 W, 47
2026/10/08 05:20:00.491, 3, 2032 MHz, 3996 MHz, 643.52 W, 42
2026/10/08 05:20:00.491, 4, 120 MHz, 3996 MHz, 182.68 W, 34
2026/10/08 05:20:00.491, 5, 120 MHz, 3996 MHz, 182.49 W, 33
2026/10/08 05:20:00.491, 6, 120 MHz, 3996 MHz, 184.83 W, 29
2026/10/08 05:20:00.491, 7, 120 MHz, 3996 MHz, 184.60 W, 27
2026/10/08 05:20:01.491, 0, 120 MHz, 3996 MHz, 186.41 W, 37
2026/10/08 05:20:01.491, 1, 120 MHz, 3996 MHz, 188.23 W, 38
2026/10/08 05:20:01.491, 2, 2032 MHz, 3996 MHz, 271.86 W, 40
2026/10/08 05:20:01.491, 3, 2032 MHz, 3996 MHz, 256.46 W, 40
2026/10/08 05:20:01.491, 4, 120 MHz, 3996 MHz, 182.65 W, 34
2026/10/08 05:20:01.491, 5, 120 MHz, 3996 MHz, 182.62 W, 33
2026/10/08 05:20:01.491, 6, 120 MHz, 3996 MHz, 184.83 W, 29
2026/10/08 05:20:01.491, 7, 120 MHz, 3996 MHz, 184.62 W, 28
2026/10/08 05:20:02.492, 0, 120 MHz, 3996 MHz, 186.41 W, 37
2026/10/08 05:20:02.492, 1, 120 MHz, 3996 MHz, 188.23 W, 39
2026/10/08 05:20:02.492, 2, 2032 MHz, 3996 MHz, 254.40 W, 39
2026/10/08 05:20:02.492, 3, 2032 MHz, 3996 MHz, 242.51 W, 39
2026/10/08 05:20:02.492, 4, 120 MHz, 3996 MHz, 182.68 W, 34
2026/10/08 05:20:02.492, 5, 120 MHz, 3996 MHz, 182.30 W, 33
2026/10/08 05:20:02.492, 6, 120 MHz, 3996 MHz, 184.83 W, 29
2026/10/08 05:20:02.492, 7, 120 MHz, 3996 MHz, 184.62 W, 28
2026/10/08 05:20:03.492, 0, 120 MHz, 3996 MHz, 186.41 W, 37
2026/10/08 05:20:03.492, 1, 120 MHz, 3996 MHz, 188.23 W, 39
2026/10/08 05:20:03.492, 2, 2032 MHz, 3996 MHz, 240.52 W, 39
2026/10/08 05:20:03.492, 3, 2032 MHz, 3996 MHz, 242.52 W, 39
2026/10/08 05:20:03.492, 4, 120 MHz, 3996 MHz, 182.64 W, 34
2026/10/08 05:20:03.492, 5, 120 MHz, 3996 MHz, 182.20 W, 33
2026/10/08 05:20:03.492, 6, 120 MHz, 3996 MHz, 184.83 W, 29
2026/10/08 05:20:03.492, 7, 120 MHz, 3996 MHz, 184.62 W, 28
2026/10/08 05:20:04.492, 0, 120 MHz, 3996 MHz, 186.41 W, 37
2026/10/08 05:20:04.492, 1, 120 MHz, 3996 MHz, 188.23 W, 39
2026/10/08 05:20:04.492, 2, 2032 MHz, 3996 MHz, 240.47 W, 38
2026/10/08 05:20:04.492, 3, 2032 MHz, 3996 MHz, 242.29 W, 38
2026/10/08 05:20:04.492, 4, 120 MHz, 3996 MHz, 182.68 W, 34
2026/10/08 05:20:04.492, 5, 120 MHz, 3996 MHz, 182.58 W, 33
2026/10/08 05:20:04.492, 6, 120 MHz, 3996 MHz, 184.83 W, 29
2026/10/08 05:20:04.492, 7, 120 MHz, 3996 MHz, 184.62 W, 28
2026/10/08 05:20:05.492, 0, 120 MHz, 3996 MHz, 186.41 W, 37
2026/10/08 05:20:05.492, 1, 120 MHz, 3996 MHz, 188.23 W, 39
2026/10/08 05:20:05.492, 2, 2032 MHz, 3996 MHz, 240.50 W, 38
2026/10/08 05:20:05.492, 3, 2032 MHz, 3996 MHz, 241.34 W, 38
2026/10/08 05:20:05.492, 4, 120 MHz, 3996 MHz, 182.65 W, 34
2026/10/08 05:20:05.492, 5, 120 MHz, 3996 MHz, 182.27 W, 33
2026/10/08 05:20:05.492, 6, 120 MHz, 3996 MHz, 184.83 W, 29
2026/10/08 05:20:05.492, 7, 120 MHz, 3996 MHz, 184.60 W, 28
2026/10/08 05:20:06.492, 0, 120 MHz, 3996 MHz, 186.41 W, 37
2026/10/08 05:20:06.492, 1, 120 MHz, 3996 MHz, 188.23 W, 39
2026/10/08 05:20:06.492, 2, 2032 MHz, 3996 MHz, 240.52 W, 38
2026/10/08 05:20:06.493, 3, 2032 MHz, 3996 MHz, 240.80 W, 38
2026/10/08 05:20:06.493, 4, 120 MHz, 3996 MHz, 182.68 W, 34
2026/10/08 05:20:06.493, 5, 120 MHz, 3996 MHz, 182.40 W, 33
2026/10/08 05:20:06.493, 6, 120 MHz, 3996 MHz, 184.83 W, 29
2026/10/08 05:20:06.493, 7, 120 MHz, 3996 MHz, 184.62 W, 28
2026/10/08 05:20:07.493, 0, 120 MHz, 3996 MHz, 186.41 W, 37
2026/10/08 05:20:07.493, 1, 120 MHz, 3996 MHz, 188.23 W, 39
2026/10/08 05:20:07.493, 2, 2032 MHz, 3996 MHz, 240.55 W, 37
2026/10/08 05:20:07.493, 3, 2032 MHz, 3996 MHz, 241.46 W, 37
2026/10/08 05:20:07.493, 4, 120 MHz, 3996 MHz, 182.65 W, 34
2026/10/08 05:20:07.493, 5, 120 MHz, 3996 MHz, 182.32 W, 33
2026/10/08 05:20:07.493, 6, 120 MHz, 3996 MHz, 184.83 W, 29
2026/10/08 05:20:07.493, 7, 120 MHz, 3996 MHz, 184.62 W, 28
