timestamp, index, clocks.current.sm [MHz], clocks.current.memory [MHz], power.draw [W], temperature.gpu
2026/10/08 03:56:33.937, 0, 120 MHz, 3996 MHz, 186.41 W, 36
2026/10/08 03:56:33.939, 1, 120 MHz, 3996 MHz, 188.23 W, 38
2026/10/08 03:56:33.941, 2, 120 MHz, 3996 MHz, 185.16 W, 31
2026/10/08 03:56:33.942, 3, 120 MHz, 3996 MHz, 182.72 W, 31
2026/10/08 03:56:33.944, 4, 120 MHz, 3996 MHz, 184.74 W, 37
2026/10/08 03:56:33.945, 5, 120 MHz, 3996 MHz, 184.60 W, 36
2026/10/08 03:56:33.946, 6, 120 MHz, 3996 MHz, 186.78 W, 31
2026/10/08 03:56:33.948, 7, 120 MHz, 3996 MHz, 186.53 W, 29
2026/10/08 03:56:34.950, 0, 120 MHz, 3996 MHz, 186.41 W, 36
2026/10/08 03:56:34.950, 1, 120 MHz, 3996 MHz, 188.23 W, 38
2026/10/08 03:56:34.950, 2, 120 MHz, 3996 MHz, 184.99 W, 31
2026/10/08 03:56:34.950, 3, 120 MHz, 3996 MHz, 182.55 W, 31
2026/10/08 03:56:34.950, 4, 120 MHz, 3996 MHz, 184.66 W, 37
2026/10/08 03:56:34.950, 5, 120 MHz, 3996 MHz, 184.56 W, 36
2026/10/08 03:56:34.950, 6, 120 MHz, 3996 MHz, 186.78 W, 31
2026/10/08 03:56:34.950, 7, 120 MHz, 3996 MHz, 186.53 W, 29
2026/10/08 03:56:35.950, 0, 120 MHz, 3996 MHz, 186.41 W, 35
2026/10/08 03:56:35.950, 1, 120 MHz, 3996 MHz, 188.23 W, 37
2026/10/08 03:56:35.950, 2, 120 MHz, 3996 MHz, 184.99 W, 31
2026/10/08 03:56:35.950, 3, 120 MHz, 3996 MHz, 182.94 W, 31
2026/10/08 03:56:35.950, 4, 120 MHz, 3996 MHz, 184.59 W, 37
2026/10/08 03:56:35.950, 5, 120 MHz, 3996 MHz, 184.42 W, 36
2026/10/08 03:56:35.950, 6, 120 MHz, 3996 MHz, 186.78 W, 31
2026/10/08 03:56:35.950, 7, 120 MHz, 3996 MHz, 186.55 W, 29
2026/10/08 03:56:36.950, 0, 120 MHz, 3996 MHz, 186.41 W, 35
2026/10/08 03:56:36.950, 1, 120 MHz, 3996 MHz, 188.23 W, 37
2026/10/08 03:56:36.950, 2, 120 MHz, 3996 MHz, 184.71 W, 31
2026/10/08 03:56:36.950, 3, 120 MHz, 3996 MHz, 184.01 W, 31
2026/10/08 03:56:36.950, 4, 120 MHz, 3996 MHz, 184.59 W, 37
2026/10/08 03:56:36.950, 5, 120 MHz, 3996 MHz, 184.23 W, 36
2026/10/08 03:56:36.950, 6, 120 MHz, 3996 MHz, 186.78 W, 30
2026/10/08 03:56:36.950, 7, 120 MHz, 3996 MHz, 186.56 W, 29
2026/10/08 03:56:37.950, 0, 120 MHz, 3996 MHz, 186.41 W, 35
2026/10/08 03:56:37.950, 1, 120 MHz, 3996 MHz, 188.23 W, 37
2026/10/08 03:56:37.950, 2, 120 MHz, 3996 MHz, 184.32 W, 30
2026/10/08 03:56:37.950, 3, 120 MHz, 3996 MHz, 184.09 W, 31
2026/10/08 03:56:37.950, 4, 120 MHz, 3996 MHz, 184.59 W, 37
2026/10/08 03:56:37.951, 5, 120 MHz, 3996 MHz, 184.11 W, 36
2026/10/08 03:56:37.951, 6, 120 MHz, 3996 MHz, 186.78 W, 30
2026/10/08 03:56:37.951, 7, 120 MHz, 3996 MHz, 186.54 W, 29
2026/10/08 03:56:38.951, 0, 120 MHz, 3996 MHz, 186.41 W, 35
2026/10/08 03:56:38.951, 1, 120 MHz, 3996 MHz, 188.23 W, 37
2026/10/08 03:56:38.951, 2, 120 MHz, 3996 MHz, 184.21 W, 30
2026/10/08 03:56:38.951, 3, 120 MHz, 3996 MHz, 184.05 W, 31
2026/10/08 03:56:38.951, 4, 120 MHz, 3996 MHz, 184.59 W, 37
2026/10/08 03:56:38.951, 5, 120 MHz, 3996 MHz, 184.11 W, 36
2026/10/08 03:56:38.951, 6, 120 MHz, 3996 MHz, 186.78 W, 30
2026/10/08 03:56:38.951, 7, 120 MHz, 3996 MHz, 186.53 W, 29
2026/10/08 03:56:39.951, 0, 120 MHz, 3996 MHz, 186.41 W, 35
2026/10/08 03:56:39.951, 1, 120 MHz, 3996 MHz, 188.23 W, 37
2026/10/08 03:56:39.951, 2, 120 MHz, 3996 MHz, 184.25 W, 30
2026/10/08 03:56:39.951, 3, 120 MHz, 3996 MHz, 184.02 W, 30
2026/10/08 03:56:39.951, 4, 120 MHz, 3996 MHz, 184.59 W, 37
2026/10/08 03:56:39.951, 5, 120 MHz, 3996 MHz, 184.01 W, 36
2026/10/08 03:56:39.951, 6, 120 MHz, 3996 MHz, 186.78 W, 30
2026/10/08 03:56:39.951, 7, 120 MHz, 3996 MHz, 186.53 W, 29
2026/10/08 03:56:40.951, 0, 120 MHz, 3996 MHz, 186.41 W, 35
2026/10/08 03:56:40.951, 1, 120 MHz, 3996 MHz, 188.23 W, 37
2026/10/08 03:56:40.951, 2, 120 MHz, 3996 MHz, 184.13 W, 30
2026/10/08 03:56:40.951, 3, 120 MHz, 3996 MHz, 184.01 W, 30
2026/10/08 03:56:40.951, 4, 120 MHz, 3996 MHz, 184.59 W, 37
2026/10/08 03:56:40.951, 5, 120 MHz, 3996 MHz, 184.18 W, 36
2026/10/08 03:56:40.951, 6, 120 MHz, 3996 MHz, 186.78 W, 30
2026/10/08 03:56:40.951, 7, 120 MHz, 3996 MHz, 186.53 W, 29
2026/10/08 03:56:41.952, 0, 120 MHz, 3996 MHz, 186.41 W, 35
2026/10/08 03:56:41.952, 1, 120 MHz, 3996 MHz, 188.23 W, 37
2026/10/08 03:56:41.952, 2, 120 MHz, 3996 MHz, 184.13 W, 30
2026/10/08 03:56:41.952, 3, 120 MHz, 3996 MHz, 184.01 W, 30
2026/10/08 03:56:41.952, 4, 120 MHz, 3996 MHz, 184.59 W, 37
2026/10/08 03:56:41.952, 5, 120 MHz, 3996 MHz, 184.37 W, 36
2026/10/08 03:56:41.952, 6, 120 MHz, 3996 MHz, 186.78 W, 30
2026/10/08 03:56:41.952, 7, 120 MHz, 3996 MHz, 186.53 W, 29
2026/10/08 03:56:42.952, 0, 120 MHz, 3996 MHz, 186.41 W, 35
2026/10/08 03:56:42.952, 1, 120 MHz, 3996 MHz, 188.23 W, 37
2026/10/08 03:56:42.952, 2, 120 MHz, 3996 MHz, 184.09 W, 30
2026/10/08 03:56:42.952, 3, 120 MHz, 3996 MHz, 184.05 W, 30
2026/10/08 03:56:42.952, 4, 120 MHz, 3996 MHz, 184.59 W, 37
2026/10/08 03:56:42.952, 5, 120 MHz, 3996 MHz, 184.06 W, 36
2026/10/08 03:56:42.952, 6, 120 MHz, 3996 MHz, 186.78 W, 30
2026/10/08 03:56:42.952, 7, 120 MHz, 3996 MHz, 186.53 W, 29
2026/10/08 03:56:43.952, 0, 120 MHz, 3996 MHz, 186.41 W, 35
2026/10/08 03:56:43.952, 1, 120 MHz, 3996 MHz, 188.23 W, 37
2026/10/08 03:56:43.952, 2, 120 MHz, 3996 MHz, 184.17 W, 30
2026/10/08 03:56:43.952, 3, 120 MHz, 3996 MHz, 184.02 W, 30
2026/10/08 03:56:43.952, 4, 120 MHz, 3996 MHz, 184.59 W, 37
2026/10/08 03:56:43.952, 5, 120 MHz, 3996 MHz, 183.82 W, 36
2026/10/08 03:56:43.952, 6, 120 MHz, 3996 MHz, 186.78 W, 30
2026/10/08 03:56:43.952, 7, 120 MHz, 3996 MHz, 186.53 W, 29
2026/10/08 03:56:44.952, 0, 120 MHz, 3996 MHz, 186.41 W, 35
2026/10/08 03:56:44.953, 1, 120 MHz, 3996 MHz, 188.23 W, 37
2026/10/08 03:56:44.953, 2, 120 MHz, 3996 MHz, 184.09 W, 30
2026/10/08 03:56:44.953, 3, 120 MHz, 3996 MHz, 184.01 W, 30
2026/10/08 03:56:44.953, 4, 120 MHz, 3996 MHz, 184.59 W, 37
2026/10/08 03:56:44.953, 5, 120 MHz, 3996 MHz, 183.80 W, 36
2026/10/08 03:56:44.953, 6, 120 MHz, 3996 MHz, 186.78 W, 30
2026/10/08 03:56:44.953, 7, 120 MHz, 3996 MHz, 186.53 W, 29
2026/10/08 03:56:45.953, 0, 120 MHz, 3996 MHz, 186.41 W, 35
2026/10/08 03:56:45.953, 1, 120 MHz, 3996 MHz, 188.23 W, 37
2026/10/08 03:56:45.953, 2, 120 MHz, 3996 MHz, 184.09 W, 30
2026/10/08 03:56:45.953, 3, 120 MHz, 3996 MHz, 184.06 W, 30
2026/10/08 03:56:45.953, 4, 120 MHz, 3996 MHz, 184.59 W, 37
2026/10/08 03:56:45.953, 5, 120 MHz, 3996 MHz, 183.80 W, 35
2026/10/08 03:56:45.953, 6, 120 MHz, 3996 MHz, 186.78 W, 30
2026/10/08 03:56:45.953, 7, 120 MHz, 3996 MHz, 186.53 W, 29
2026/10/08 03:56:46.953, 0, 120 MHz, 3996 MHz, 186.41 W, 35
2026/10/08 03:56:46.953, 1, 120 MHz, 3996 MHz, 188.23 W, 37
2026/10/08 03:56:46.953, 2, 120 MHz, 3996 MHz, 184.09 W, 30
2026/10/08 03:56:46.953, 3, 120 MHz, 3996 MHz, 183.93 W, 30
2026/10/08 03:56:46.953, 4, 120 MHz, 3996 MHz, 184.59 W, 37
2026/10/08 03:56:46.953, 5, 120 MHz, 3996 MHz, 183.48 W, 35
2026/10/08 03:56:46.953, 6, 120 MHz, 3996 MHz, 186.78 W, 30
2026/10/08 03:56:46.953, 7, 120 MHz, 3996 MHz, 186.53 W, 29
2026/10/08 03:56:47.953, 0, 120 MHz, 3996 MHz, 186.33 W, 35
2026/10/08 03:56:47.953, 1, 120 MHz, 3996 MHz, 188.23 W, 37
2026/10/08 03:56:47.953, 2, 120 MHz, 3996 MHz, 184.13 W, 30
2026/10/08 03:56:47.953, 3, 120 MHz, 3996 MHz, 184.05 W, 30
2026/10/08 03:56:47.953, 4, 120 MHz, 3996 MHz, 184.58 W, 37
2026/10/08 03:56:47.953, 5, 120 MHz, 3996 MHz, 183.80 W, 35
2026/10/08 03:56:47.953, 6, 120 MHz, 3996 MHz, 186.78 W, 30
2026/10/08 03:56:47.954, 7, 120 MHz, 3996 MHz, 186.54 W, 29
2026/10/08 03:56:48.954, 0, 120 MHz, 3996 MHz, 186.29 W, 35
2026/10/08 03:56:48.954, 1, 120 MHz, 3996 MHz, 188.23 W, 37
2026/10/08 03:56:48.954, 2, 120 MHz, 3996 MHz, 184.09 W, 30
2026/10/08 03:56:48.954, 3, 120 MHz, 3996 MHz, 184.02 W, 30
2026/10/08 03:56:48.954, 4, 120 MHz, 3996 MHz, 184.59 W, 37
2026/10/08 03:56:48.955, 5, 120 MHz, 3996 MHz, 183.82 W, 35
2026/10/08 03:56:48.955, 6, 120 MHz, 3996 MHz, 186.78 W, 30
2026/10/08 03:56:48.955, 7, 120 MHz, 3996 MHz, 186.55 W, 29
2026/10/08 03:56:49.955, 0, 120 MHz, 3996 MHz, 186.41 W, 35
2026/10/08 03:56:49.955, 1, 120 MHz, 3996 MHz, 188.23 W, 37
2026/10/08 03:56:49.955, 2, 120 MHz, 3996 MHz, 184.13 W, 30
2026/10/08 03:56:49.955, 3, 120 MHz, 3996 MHz, 183.74 W, 30
2026/10/08 03:56:49.955, 4, 120 MHz, 3996 MHz, 184.59 W, 37
2026/10/08 03:56:49.955, 5, 120 MHz, 3996 MHz, 183.66 W, 35
2026/10/08 03:56:49.955, 6, 120 MHz, 3996 MHz, 186.78 W, 30
2026/10/08 03:56:49.955, 7, 120 MHz, 3996 MHz, 186.54 W, 29
2026/10/08 03:56:50.955, 0, 120 MHz, 3996 MHz, 186.37 W, 35
2026/10/08 03:56:50.955, 1, 120 MHz, 3996 MHz, 188.23 W, 37
2026/10/08 03:56:50.955, 2, 120 MHz, 3996 MHz, 184.09 W, 30
2026/10/08 03:56:50.955, 3, 120 MHz, 3996 MHz, 183.82 W, 30
2026/10/08 03:56:50.955, 4, 120 MHz, 3996 MHz, 184.59 W, 37
2026/10/08 03:56:50.955, 5, 120 MHz, 3996 MHz, 183.41 W, 35
2026/10/08 03:56:50.955, 6, 120 MHz, 3996 MHz, 186.78 W, 30
2026/10/08 03:56:50.955, 7, 120 MHz, 3996 MHz, 186.53 W, 29
2026/10/08 03:56:51.956, 0, 120 MHz, 3996 MHz, 186.37 W, 35
2026/10/08 03:56:51.956, 1, 120 MHz, 3996 MHz, 188.23 W, 37
2026/10/08 03:56:51.956, 2, 120 MHz, 3996 MHz, 184.09 W, 30
2026/10/08 03:56:51.956, 3, 120 MHz, 3996 MHz, 183.78 W, 30
2026/10/08 03:56:51.956, 4, 120 MHz, 3996 MHz, 184.59 W, 37
2026/10/08 03:56:51.956, 5, 120 MHz, 3996 MHz, 184.14 W, 35
2026/10/08 03:56:51.956, 6, 120 MHz, 3996 MHz, 186.78 W, 30
2026/10/08 03:56:51.956, 7, 120 MHz, 3996 MHz, 186.53 W, 28
2026/10/08 03:56:52.956, 0, 120 MHz, 3996 MHz, 186.06 W, 35
2026/10/08 03:56:52.956, 1, 120 MHz, 3996 MHz, 187.06 W, 37
2026/10/08 03:56:52.956, 2, 120 MHz, 3996 MHz, 184.09 W, 30
2026/10/08 03:56:52.956, 3, 120 MHz, 3996 MHz, 182.89 W, 30
2026/10/08 03:56:52.956, 4, 120 MHz, 3996 MHz, 184.12 W, 37
2026/10/08 03:56:52.956, 5, 120 MHz, 3996 MHz, 183.50 W, 35
2026/10/08 03:56:52.956, 6, 120 MHz, 3996 MHz, 186.78 W, 30
2026/10/08 03:56:52.956, 7, 120 MHz, 3996 MHz, 186.12 W, 28
2026/10/08 03:56:53.956, 0, 120 MHz, 3996 MHz, 185.91 W, 35
2026/10/08 03:56:53.956, 1, 120 MHz, 3996 MHz, 186.29 W, 37
2026/10/08 03:56:53.956, 2, 120 MHz, 3996 MHz, 183.98 W, 30
2026/10/08 03:56:53.956, 3, 120 MHz, 3996 MHz, 182.15 W, 30
2026/10/08 03:56:53.956, 4, 120 MHz, 3996 MHz, 183.89 W, 37
2026/10/08 03:56:53.956, 5, 120 MHz, 3996 MHz, 182.74 W, 35
2026/10/08 03:56:53.956, 6, 120 MHz, 3996 MHz, 186.74 W, 30
2026/10/08 03:56:53.956, 7, 2032 MHz, 3996 MHz, 205.22 W, 29
2026/10/08 03:56:54.956, 0, 120 MHz, 3996 MHz, 185.90 W, 34
2026/10/08 03:56:54.956, 1, 120 MHz, 3996 MHz, 186.32 W, 37
2026/10/08 03:56:54.956, 2, 120 MHz, 3996 MHz, 184.09 W, 30
2026/10/08 03:56:54.956, 3, 120 MHz, 3996 MHz, 182.17 W, 30
2026/10/08 03:56:54.956, 4, 120 MHz, 3996 MHz, 183.98 W, 36
2026/10/08 03:56:54.957, 5, 120 MHz, 3996 MHz, 182.77 W, 35
2026/10/08 03:56:54.957, 6, 120 MHz, 3996 MHz, 186.65 W, 30
2026/10/08 03:56:54.957, 7, 2032 MHz, 3996 MHz, 236.12 W, 29
2026/10/08 03:56:55.957, 0, 120 MHz, 3996 MHz, 185.49 W, 34
2026/10/08 03:56:55.957, 1, 120 MHz, 3996 MHz, 186.36 W, 37
2026/10/08 03:56:55.957, 2, 120 MHz, 3996 MHz, 184.09 W, 30
2026/10/08 03:56:55.957, 3, 120 MHz, 3996 MHz, 182.15 W, 30
2026/10/08 03:56:55.957, 4, 120 MHz, 3996 MHz, 183.56 W, 36
2026/10/08 03:56:55.957, 5, 120 MHz, 3996 MHz, 182.72 W, 35
2026/10/08 03:56:55.957, 6, 120 MHz, 3996 MHz, 186.65 W, 30
2026/10/08 03:56:55.957, 7, 2032 MHz, 3996 MHz, 235.89 W, 29
2026/10/08 03:56:56.957, 0, 120 MHz, 3996 MHz, 185.68 W, 34
2026/10/08 03:56:56.957, 1, 120 MHz, 3996 MHz, 186.29 W, 36
2026/10/08 03:56:56.957, 2, 120 MHz, 3996 MHz, 184.05 W, 30
2026/10/08 03:56:56.957, 3, 120 MHz, 3996 MHz, 182.15 W, 30
2026/10/08 03:56:56.957, 4, 120 MHz, 3996 MHz, 183.46 W, 36
2026/10/08 03:56:56.957, 5, 120 MHz, 3996 MHz, 182.68 W, 35
2026/10/08 03:56:56.957, 6, 120 MHz, 3996 MHz, 186.65 W, 30
2026/10/08 03:56:56.957, 7, 2032 MHz, 3996 MHz, 235.90 W, 29
2026/10/08 03:56:57.957, 0, 120 MHz, 3996 MHz, 185.30 W, 34
2026/10/08 03:56:57.957, 1, 120 MHz, 3996 MHz, 186.29 W, 36
2026/10/08 03:56:57.957, 2, 120 MHz, 3996 MHz, 183.81 W, 29
2026/10/08 03:56:57.958, 3, 120 MHz, 3996 MHz, 182.14 W, 30
2026/10/08 03:56:57.958, 4, 120 MHz, 3996 MHz, 183.41 W, 36
2026/10/08 03:56:57.958, 5, 120 MHz, 3996 MHz, 182.68 W, 35
2026/10/08 03:56:57.958, 6, 120 MHz, 3996 MHz, 186.65 W, 29
2026/10/08 03:56:57.958, 7, 2032 MHz, 3996 MHz, 236.16 W, 29
2026/10/08 03:56:58.958, 0, 120 MHz, 3996 MHz, 185.33 W, 34
2026/10/08 03:56:58.958, 1, 120 MHz, 3996 MHz, 186.32 W, 36
2026/10/08 03:56:58.958, 2, 120 MHz, 3996 MHz, 184.09 W, 29
2026/10/08 03:56:58.958, 3, 120 MHz, 3996 MHz, 182.14 W, 30
2026/10/08 03:56:58.958, 4, 120 MHz, 3996 MHz, 183.54 W, 36
2026/10/08 03:56:58.958, 5, 120 MHz, 3996 MHz, 182.72 W, 35
2026/10/08 03:56:58.958, 6, 120 MHz, 3996 MHz, 186.65 W, 29
2026/10/08 03:56:58.958, 7, 2032 MHz, 3996 MHz, 236.21 W, 29
2026/10/08 03:56:59.958, 0, 120 MHz, 3996 MHz, 185.05 W, 34
2026/10/08 03:56:59.958, 1, 120 MHz, 3996 MHz, 186.29 W, 36
2026/10/08 03:56:59.958, 2, 120 MHz, 3996 MHz, 183.85 W, 29
2026/10/08 03:56:59.958, 3, 120 MHz, 3996 MHz, 182.14 W, 30
2026/10/08 03:56:59.958, 4, 120 MHz, 3996 MHz, 182.91 W, 36
2026/10/08 03:56:59.958, 5, 120 MHz, 3996 MHz, 182.65 W, 35
2026/10/08 03:56:59.958, 6, 120 MHz, 3996 MHz, 186.65 W, 29
2026/10/08 03:56:59.958, 7, 2032 MHz, 3996 MHz, 236.20 W, 29
2026/10/08 03:57:00.958, 0, 120 MHz, 3996 MHz, 185.09 W, 34
2026/10/08 03:57:00.958, 1, 120 MHz, 3996 MHz, 186.29 W, 36
2026/10/08 03:57:00.958, 2, 120 MHz, 3996 MHz, 183.78 W, 29
2026/10/08 03:57:00.958, 3, 120 MHz, 3996 MHz, 182.13 W, 29
2026/10/08 03:57:00.959, 4, 120 MHz, 3996 MHz, 183.07 W, 36
2026/10/08 03:57:00.959, 5, 120 MHz, 3996 MHz, 182.65 W, 35
2026/10/08 03:57:00.959, 6, 120 MHz, 3996 MHz, 186.65 W, 29
2026/10/08 03:57:00.959, 7, 2032 MHz, 3996 MHz, 236.74 W, 29
2026/10/08 03:57:01.959, 0, 120 MHz, 3996 MHz, 186.37 W, 34
2026/10/08 03:57:01.959, 1, 120 MHz, 3996 MHz, 186.29 W, 36
2026/10/08 03:57:01.959, 2, 120 MHz, 3996 MHz, 183.97 W, 29
2026/10/08 03:57:01.959, 3, 120 MHz, 3996 MHz, 182.15 W, 29
2026/10/08 03:57:01.959, 4, 120 MHz, 3996 MHz, 183.22 W, 36
2026/10/08 03:57:01.959, 5, 120 MHz, 3996 MHz, 182.65 W, 35
2026/10/08 03:57:01.959, 6, 120 MHz, 3996 MHz, 186.65 W, 29
2026/10/08 03:57:01.959, 7, 2032 MHz, 3996 MHz, 236.70 W, 29
2026/10/08 03:57:02.959, 0, 120 MHz, 3996 MHz, 186.41 W, 34
2026/10/08 03:57:02.959, 1, 120 MHz, 3996 MHz, 186.29 W, 36
2026/10/08 03:57:02.959, 2, 120 MHz, 3996 MHz, 183.78 W, 29
2026/10/08 03:57:02.959, 3, 120 MHz, 3996 MHz, 182.13 W, 29
2026/10/08 03:57:02.959, 4, 120 MHz, 3996 MHz, 183.08 W, 36
2026/10/08 03:57:02.959, 5, 120 MHz, 3996 MHz, 182.65 W, 35
2026/10/08 03:57:02.959, 6, 2032 MHz, 3996 MHz, 205.51 W, 30
2026/10/08 03:57:02.959, 7, 2032 MHz, 3996 MHz, 236.68 W, 29
2026/10/08 03:57:03.959, 0, 120 MHz, 3996 MHz, 186.41 W, 34
2026/10/08 03:57:03.959, 1, 120 MHz, 3996 MHz, 187.49 W, 36
2026/10/08 03:57:03.959, 2, 120 MHz, 3996 MHz, 183.77 W, 29
2026/10/08 03:57:03.959, 3, 120 MHz, 3996 MHz, 182.11 W, 29
2026/10/08 03:57:03.959, 4, 120 MHz, 3996 MHz, 183.37 W, 36
2026/10/08 03:57:03.959, 5, 120 MHz, 3996 MHz, 182.65 W, 35
2026/10/08 03:57:03.959, 6, 2032 MHz, 3996 MHz, 245.44 W, 30
2026/10/08 03:57:03.959, 7, 2032 MHz, 3996 MHz, 237.38 W, 29
2026/10/08 03:57:04.960, 0, 120 MHz, 3996 MHz, 186.41 W, 34
2026/10/08 03:57:04.960, 1, 120 MHz, 3996 MHz, 188.23 W, 36
2026/10/08 03:57:04.960, 2, 120 MHz, 3996 MHz, 183.93 W, 29
2026/10/08 03:57:04.960, 3, 120 MHz, 3996 MHz, 182.15 W, 29
2026/10/08 03:57:04.960, 4, 120 MHz, 3996 MHz, 183.36 W, 36
2026/10/08 03:57:04.960, 5, 120 MHz, 3996 MHz, 182.64 W, 35
2026/10/08 03:57:04.960, 6, 2032 MHz, 3996 MHz, 244.98 W, 31
2026/10/08 03:57:04.960, 7, 2032 MHz, 3996 MHz, 237.57 W, 29
2026/10/08 03:57:05.960, 0, 120 MHz, 3996 MHz, 186.41 W, 34
2026/10/08 03:57:05.960, 1, 120 MHz, 3996 MHz, 188.23 W, 36
2026/10/08 03:57:05.960, 2, 120 MHz, 3996 MHz, 183.82 W, 29
2026/10/08 03:57:05.960, 3, 120 MHz, 3996 MHz, 182.13 W, 29
2026/10/08 03:57:05.960, 4, 120 MHz, 3996 MHz, 184.21 W, 36
2026/10/08 03:57:05.960, 5, 120 MHz, 3996 MHz, 182.65 W, 35
2026/10/08 03:57:05.960, 6, 2032 MHz, 3996 MHz, 244.86 W, 31
2026/10/08 03:57:05.960, 7, 2032 MHz, 3996 MHz, 236.74 W, 29
2026/10/08 03:57:06.960, 0, 120 MHz, 3996 MHz, 186.41 W, 34
2026/10/08 03:57:06.960, 1, 120 MHz, 3996 MHz, 188.23 W, 36
2026/10/08 03:57:06.960, 2, 120 MHz, 3996 MHz, 184.09 W, 29
2026/10/08 03:57:06.960, 3, 120 MHz, 3996 MHz, 182.13 W, 29
2026/10/08 03:57:06.960, 4, 120 MHz, 3996 MHz, 184.20 W, 36
2026/10/08 03:57:06.960, 5, 120 MHz, 3996 MHz, 182.65 W, 35
2026/10/08 03:57:06.960, 6, 2032 MHz, 3996 MHz, 244.83 W, 31
2026/10/08 03:57:06.960, 7, 2032 MHz, 3996 MHz, 254.74 W, 29
2026/10/08 03:57:07.960, 0, 120 MHz, 3996 MHz, 186.41 W, 34
2026/10/08 03:57:07.960, 1, 120 MHz, 3996 MHz, 188.23 W, 36
2026/10/08 03:57:07.960, 2, 120 MHz, 3996 MHz, 184.09 W, 29
2026/10/08 03:57:07.960, 3, 120 MHz, 3996 MHz, 182.15 W, 29
2026/10/08 03:57:07.960, 4, 120 MHz, 3996 MHz, 183.83 W, 36
2026/10/08 03:57:07.960, 5, 120 MHz, 3996 MHz, 182.68 W, 34
2026/10/08 03:57:07.960, 6, 2032 MHz, 3996 MHz, 244.82 W, 31
2026/10/08 03:57:07.960, 7, 2032 MHz, 3996 MHz, 236.58 W, 29
2026/10/08 03:57:08.961, 0, 120 MHz, 3996 MHz, 186.41 W, 34
2026/10/08 03:57:08.961, 1, 120 MHz, 3996 MHz, 188.23 W, 36
2026/10/08 03:57:08.961, 2, 120 MHz, 3996 MHz, 184.09 W, 29
2026/10/08 03:57:08.961, 3, 120 MHz, 3996 MHz, 182.22 W, 29
2026/10/08 03:57:08.961, 4, 120 MHz, 3996 MHz, 184.17 W, 36
2026/10/08 03:57:08.961, 5, 120 MHz, 3996 MHz, 182.65 W, 34
2026/10/08 03:57:08.961, 6, 2032 MHz, 3996 MHz, 244.86 W, 31
2026/10/08 03:57:08.961, 7, 2032 MHz, 3996 MHz, 236.70 W, 29
2026/10/08 03:57:09.961, 0, 120 MHz, 3996 MHz, 186.41 W, 34
2026/10/08 03:57:09.961, 1, 120 MHz, 3996 MHz, 188.23 W, 36
2026/10/08 03:57:09.961, 2, 120 MHz, 3996 MHz, 184.09 W, 29
2026/10/08 03:57:09.961, 3, 120 MHz, 3996 MHz, 182.87 W, 29
2026/10/08 03:57:09.961, 4, 120 MHz, 3996 MHz, 183.85 W, 36
2026/10/08 03:57:09.961, 5, 120 MHz, 3996 MHz, 182.65 W, 34
2026/10/08 03:57:09.961, 6, 2032 MHz, 3996 MHz, 244.94 W, 31
2026/10/08 03:57:09.961, 7, 2032 MHz, 3996 MHz, 236.62 W, 29
2026/10/08 03:57:10.961, 0, 120 MHz, 3996 MHz, 186.41 W, 34
2026/10/08 03:57:10.961, 1, 120 MHz, 3996 MHz, 188.23 W, 36
2026/10/08 03:57:10.961, 2, 120 MHz, 3996 MHz, 184.09 W, 29
2026/10/08 03:57:10.961, 3, 120 MHz, 3996 MHz, 182.76 W, 29
2026/10/08 03:57:10.961, 4, 120 MHz, 3996 MHz, 183.63 W, 36
2026/10/08 03:57:10.961, 5, 120 MHz, 3996 MHz, 182.65 W, 34
2026/10/08 03:57:10.961, 6, 2032 MHz, 3996 MHz, 245.36 W, 31
2026/10/08 03:57:10.961, 7, 2032 MHz, 3996 MHz, 236.59 W, 29
2026/10/08 03:57:11.961, 0, 120 MHz, 3996 MHz, 186.41 W, 34
2026/10/08 03:57:11.961, 1, 120 MHz, 3996 MHz, 188.23 W, 36
2026/10/08 03:57:11.961, 2, 120 MHz, 3996 MHz, 184.09 W, 29
2026/10/08 03:57:11.961, 3, 120 MHz, 3996 MHz, 182.82 W, 29
2026/10/08 03:57:11.961, 4, 120 MHz, 3996 MHz, 184.01 W, 36
2026/10/08 03:57:11.961, 5, 120 MHz, 3996 MHz, 182.65 W, 34
2026/10/08 03:57:11.961, 6, 2032 MHz, 3996 MHz, 246.73 W, 31
2026/10/08 03:57:11.961, 7, 2032 MHz, 3996 MHz, 236.66 W, 29
2026/10/08 03:57:12.962, 0, 120 MHz, 3996 MHz, 186.41 W, 34
2026/10/08 03:57:12.962, 1, 120 MHz, 3996 MHz, 188.23 W, 36
2026/10/08 03:57:12.962, 2, 120 MHz, 3996 MHz, 184.09 W, 29
2026/10/08 03:57:12.962, 3, 120 MHz, 3996 MHz, 182.80 W, 29
2026/10/08 03:57:12.962, 4, 120 MHz, 3996 MHz, 184.59 W, 36
2026/10/08 03:57:12.962, 5, 120 MHz, 3996 MHz, 182.65 W, 34
2026/10/08 03:57:12.962, 6, 2032 MHz, 3996 MHz, 246.53 W, 31
2026/10/08 03:57:12.962, 7, 2032 MHz, 3996 MHz, 236.51 W, 29
2026/10/08 03:57:13.962, 0, 120 MHz, 3996 MHz, 186.41 W, 34
2026/10/08 03:57:13.962, 1, 120 MHz, 3996 MHz, 188.23 W, 36
2026/10/08 03:57:13.962, 2, 120 MHz, 3996 MHz, 184.09 W, 29
2026/10/08 03:57:13.962, 3, 120 MHz, 3996 MHz, 182.68 W, 29
2026/10/08 03:57:13.962, 4, 120 MHz, 3996 MHz, 184.58 W, 36
2026/10/08 03:57:13.962, 5, 120 MHz, 3996 MHz, 183.15 W, 34
2026/10/08 03:57:13.962, 6, 2032 MHz, 3996 MHz, 246.53 W, 31
2026/10/08 03:57:13.962, 7, 2032 MHz, 3996 MHz, 236.47 W, 29
2026/10/08 03:57:14.962, 0, 120 MHz, 3996 MHz, 186.41 W, 34
2026/10/08 03:57:14.962, 1, 120 MHz, 3996 MHz, 188.23 W, 36
2026/10/08 03:57:14.962, 2, 120 MHz, 3996 MHz, 184.09 W, 29
2026/10/08 03:57:14.962, 3, 120 MHz, 3996 MHz, 182.64 W, 29
2026/10/08 03:57:14.962, 4, 120 MHz, 3996 MHz, 184.58 W, 36
2026/10/08 03:57:14.962, 5, 120 MHz, 3996 MHz, 183.23 W, 34
2026/10/08 03:57:14.962, 6, 2032 MHz, 3996 MHz, 246.77 W, 31
2026/10/08 03:57:14.962, 7, 2032 MHz, 3996 MHz, 236.47 W, 29
2026/10/08 03:57:15.962, 0, 120 MHz, 3996 MHz, 186.41 W, 34
2026/10/08 03:57:15.962, 1, 120 MHz, 3996 MHz, 188.23 W, 36
2026/10/08 03:57:15.962, 2, 120 MHz, 3996 MHz, 184.09 W, 29
2026/10/08 03:57:15.962, 3, 120 MHz, 3996 MHz, 182.55 W, 29
2026/10/08 03:57:15.962, 4, 120 MHz, 3996 MHz, 184.58 W, 36
2026/10/08 03:57:15.962, 5, 120 MHz, 3996 MHz, 183.49 W, 34
2026/10/08 03:57:15.962, 6, 2032 MHz, 3996 MHz, 246.69 W, 31
2026/10/08 03:57:15.962, 7, 2032 MHz, 3996 MHz, 236.55 W, 29
2026/10/08 03:57:16.963, 0, 120 MHz, 3996 MHz, 186.41 W, 33
2026/10/08 03:57:16.963, 1, 120 MHz, 3996 MHz, 188.23 W, 36
2026/10/08 03:57:16.963, 2, 120 MHz, 3996 MHz, 184.09 W, 29
2026/10/08 03:57:16.963, 3, 120 MHz, 3996 MHz, 182.47 W, 29
2026/10/08 03:57:16.963, 4, 120 MHz, 3996 MHz, 184.58 W, 36
2026/10/08 03:57:16.963, 5, 120 MHz, 3996 MHz, 183.54 W, 34
2026/10/08 03:57:16.963, 6, 2032 MHz, 3996 MHz, 245.13 W, 31
2026/10/08 03:57:16.963, 7, 2032 MHz, 3996 MHz, 236.39 W, 29
2026/10/08 03:57:17.963, 0, 120 MHz, 3996 MHz, 186.41 W, 33
2026/10/08 03:57:17.963, 1, 120 MHz, 3996 MHz, 188.19 W, 36
2026/10/08 03:57:17.963, 2, 120 MHz, 3996 MHz, 184.09 W, 29
2026/10/08 03:57:17.963, 3, 120 MHz, 3996 MHz, 182.41 W, 29
2026/10/08 03:57:17.963, 4, 120 MHz, 3996 MHz, 184.59 W, 36
2026/10/08 03:57:17.963, 5, 120 MHz, 3996 MHz, 183.52 W, 34
2026/10/08 03:57:17.963, 6, 2032 MHz, 3996 MHz, 244.82 W, 31
2026/10/08 03:57:17.963, 7, 2032 MHz, 3996 MHz, 236.43 W, 29
2026/10/08 03:57:18.963, 0, 120 MHz, 3996 MHz, 186.41 W, 33
2026/10/08 03:57:18.963, 1, 120 MHz, 3996 MHz, 188.19 W, 36
2026/10/08 03:57:18.963, 2, 120 MHz, 3996 MHz, 184.09 W, 29
2026/10/08 03:57:18.963, 3, 120 MHz, 3996 MHz, 182.57 W, 29
2026/10/08 03:57:18.963, 4, 120 MHz, 3996 MHz, 184.59 W, 36
2026/10/08 03:57:18.963, 5, 120 MHz, 3996 MHz, 183.26 W, 34
2026/10/08 03:57:18.963, 6, 2032 MHz, 3996 MHz, 244.98 W, 31
2026/10/08 03:57:18.963, 7, 2032 MHz, 3996 MHz, 236.35 W, 29
2026/10/08 03:57:19.963, 0, 120 MHz, 3996 MHz, 186.41 W, 33
2026/10/08 03:57:19.963, 1, 120 MHz, 3996 MHz, 188.15 W, 35
2026/10/08 03:57:19.963, 2, 120 MHz, 3996 MHz, 184.09 W, 29
2026/10/08 03:57:19.963, 3, 120 MHz, 3996 MHz, 182.44 W, 29
2026/10/08 03:57:19.963, 4, 120 MHz, 3996 MHz, 184.59 W, 36
2026/10/08 03:57:19.963, 5, 120 MHz, 3996 MHz, 183.14 W, 34
2026/10/08 03:57:19.963, 6, 2032 MHz, 3996 MHz, 245.02 W, 31
2026/10/08 03:57:19.963, 7, 2032 MHz, 3996 MHz, 236.01 W, 29
2026/10/08 03:57:20.964, 0, 120 MHz, 3996 MHz, 186.41 W, 33
2026/10/08 03:57:20.964, 1, 120 MHz, 3996 MHz, 188.23 W, 35
2026/10/08 03:57:20.964, 2, 120 MHz, 3996 MHz, 184.09 W, 29
2026/10/08 03:57:20.964, 3, 120 MHz, 3996 MHz, 182.40 W, 29
2026/10/08 03:57:20.964, 4, 120 MHz, 3996 MHz, 184.59 W, 35
2026/10/08 03:57:20.964, 5, 120 MHz, 3996 MHz, 183.29 W, 34
2026/10/08 03:57:20.964, 6, 2032 MHz, 3996 MHz, 246.88 W, 31
2026/10/08 03:57:20.964, 7, 2032 MHz, 3996 MHz, 235.94 W, 29
2026/10/08 03:57:21.964, 0, 120 MHz, 3996 MHz, 186.41 W, 33
2026/10/08 03:57:21.964, 1, 120 MHz, 3996 MHz, 188.19 W, 35
2026/10/08 03:57:21.964, 2, 120 MHz, 3996 MHz, 184.09 W, 29
2026/10/08 03:57:21.964, 3, 120 MHz, 3996 MHz, 182.40 W, 29
2026/10/08 03:57:21.964, 4, 120 MHz, 3996 MHz, 184.59 W, 35
2026/10/08 03:57:21.964, 5, 120 MHz, 3996 MHz, 183.54 W, 34
2026/10/08 03:57:21.964, 6, 2032 MHz, 3996 MHz, 246.76 W, 31
2026/10/08 03:57:21.964, 7, 2032 MHz, 3996 MHz, 235.92 W, 29
2026/10/08 03:57:22.964, 0, 120 MHz, 3996 MHz, 186.41 W, 33
2026/10/08 03:57:22.964, 1, 120 MHz, 3996 MHz, 188.15 W, 35
2026/10/08 03:57:22.964, 2, 120 MHz, 3996 MHz, 184.09 W, 29
2026/10/08 03:57:22.964, 3, 120 MHz, 3996 MHz, 182.45 W, 29
2026/10/08 03:57:22.964, 4, 120 MHz, 3996 MHz, 184.59 W, 35
2026/10/08 03:57:22.964, 5, 120 MHz, 3996 MHz, 183.15 W, 34
2026/10/08 03:57:22.964, 6, 2032 MHz, 3996 MHz, 246.38 W, 31
2026/10/08 03:57:22.964, 7, 2032 MHz, 3996 MHz, 236.28 W, 29
2026/10/08 03:57:23.964, 0, 120 MHz, 3996 MHz, 186.41 W, 33
2026/10/08 03:57:23.965, 1, 120 MHz, 3996 MHz, 188.23 W, 35
2026/10/08 03:57:23.965, 2, 120 MHz, 3996 MHz, 184.09 W, 29
2026/10/08 03:57:23.965, 3, 120 MHz, 3996 MHz, 182.29 W, 29
2026/10/08 03:57:23.965, 4, 120 MHz, 3996 MHz, 184.58 W, 35
2026/10/08 03:57:23.965, 5, 120 MHz, 3996 MHz, 183.06 W, 34
2026/10/08 03:57:23.965, 6, 2032 MHz, 3996 MHz, 264.63 W, 31
2026/10/08 03:57:23.965, 7, 2032 MHz, 3996 MHz, 236.21 W, 29
2026/10/08 03:57:24.965, 0, 120 MHz, 3996 MHz, 186.41 W, 33
2026/10/08 03:57:24.965, 1, 120 MHz, 3996 MHz, 188.23 W, 35
2026/10/08 03:57:24.965, 2, 120 MHz, 3996 MHz, 184.09 W, 29
2026/10/08 03:57:24.965, 3, 120 MHz, 3996 MHz, 182.25 W, 29
2026/10/08 03:57:24.965, 4, 120 MHz, 3996 MHz, 184.59 W, 35
2026/10/08 03:57:24.965, 5, 120 MHz, 3996 MHz, 183.37 W, 34
2026/10/08 03:57:24.965, 6, 2032 MHz, 3996 MHz, 244.89 W, 31
2026/10/08 03:57:24.965, 7, 2032 MHz, 3996 MHz, 237.53 W, 29
2026/10/08 03:57:25.965, 0, 120 MHz, 3996 MHz, 186.41 W, 33
2026/10/08 03:57:25.965, 1, 120 MHz, 3996 MHz, 188.23 W, 35
2026/10/08 03:57:25.965, 2, 120 MHz, 3996 MHz, 184.09 W, 29
2026/10/08 03:57:25.965, 3, 120 MHz, 3996 MHz, 182.25 W, 29
2026/10/08 03:57:25.965, 4, 120 MHz, 3996 MHz, 184.59 W, 35
2026/10/08 03:57:25.965, 5, 120 MHz, 3996 MHz, 183.14 W, 34
2026/10/08 03:57:25.965, 6, 2032 MHz, 3996 MHz, 244.82 W, 31
2026/10/08 03:57:25.965, 7, 2032 MHz, 3996 MHz, 236.74 W, 29
2026/10/08 03:57:26.965, 0, 120 MHz, 3996 MHz, 186.41 W, 33
2026/10/08 03:57:26.965, 1, 120 MHz, 3996 MHz, 188.23 W, 35
2026/10/08 03:57:26.965, 2, 120 MHz, 3996 MHz, 184.09 W, 29
2026/10/08 03:57:26.965, 3, 120 MHz, 3996 MHz, 182.36 W, 29
2026/10/08 03:57:26.965, 4, 120 MHz, 3996 MHz, 184.57 W, 35
2026/10/08 03:57:26.965, 5, 120 MHz, 3996 MHz, 182.99 W, 34
2026/10/08 03:57:26.965, 6, 2032 MHz, 3996 MHz, 244.82 W, 31
2026/10/08 03:57:26.965, 7, 2032 MHz, 3996 MHz, 236.74 W, 29
2026/10/08 03:57:27.966, 0, 120 MHz, 3996 MHz, 186.41 W, 33
2026/10/08 03:57:27.966, 1, 120 MHz, 3996 MHz, 188.23 W, 35
2026/10/08 03:57:27.966, 2, 120 MHz, 3996 MHz, 184.09 W, 29
2026/10/08 03:57:27.966, 3, 120 MHz, 3996 MHz, 182.30 W, 29
2026/10/08 03:57:27.966, 4, 120 MHz, 3996 MHz, 184.59 W, 35
2026/10/08 03:57:27.966, 5, 120 MHz, 3996 MHz, 183.00 W, 34
2026/10/08 03:57:27.966, 6, 2032 MHz, 3996 MHz, 244.94 W, 31
2026/10/08 03:57:27.966, 7, 2032 MHz, 3996 MHz, 236.74 W, 29
2026/10/08 03:57:28.966, 0, 120 MHz, 3996 MHz, 186.41 W, 33
2026/10/08 03:57:28.966, 1, 120 MHz, 3996 MHz, 188.23 W, 35
2026/10/08 03:57:28.966, 2, 120 MHz, 3996 MHz, 184.09 W, 29
2026/10/08 03:57:28.966, 3, 120 MHz, 3996 MHz, 182.34 W, 29
2026/10/08 03:57:28.966, 4, 120 MHz, 3996 MHz, 184.58 W, 35
2026/10/08 03:57:28.966, 5, 120 MHz, 3996 MHz, 182.87 W, 34
2026/10/08 03:57:28.966, 6, 2032 MHz, 3996 MHz, 244.86 W, 31
2026/10/08 03:57:28.966, 7, 2032 MHz, 3996 MHz, 236.74 W, 29
2026/10/08 03:57:29.966, 0, 120 MHz, 3996 MHz, 186.41 W, 33
2026/10/08 03:57:29.966, 1, 120 MHz, 3996 MHz, 188.23 W, 35
2026/10/08 03:57:29.966, 2, 120 MHz, 3996 MHz, 184.09 W, 29
2026/10/08 03:57:29.966, 3, 120 MHz, 3996 MHz, 182.52 W, 29
2026/10/08 03:57:29.966, 4, 120 MHz, 3996 MHz, 184.59 W, 35
2026/10/08 03:57:29.966, 5, 120 MHz, 3996 MHz, 183.03 W, 34
2026/10/08 03:57:29.966, 6, 2032 MHz, 3996 MHz, 244.82 W, 31
2026/10/08 03:57:29.966, 7, 2032 MHz, 3996 MHz, 236.74 W, 29
2026/10/08 03:57:30.966, 0, 120 MHz, 3996 MHz, 186.41 W, 33
2026/10/08 03:57:30.966, 1, 120 MHz, 3996 MHz, 188.23 W, 35
2026/10/08 03:57:30.966, 2, 120 MHz, 3996 MHz, 184.09 W, 29
2026/10/08 03:57:30.966, 3, 120 MHz, 3996 MHz, 182.38 W, 29
2026/10/08 03:57:30.966, 4, 120 MHz, 3996 MHz, 184.58 W, 35
2026/10/08 03:57:30.966, 5, 120 MHz, 3996 MHz, 182.95 W, 34
2026/10/08 03:57:30.966, 6, 2032 MHz, 3996 MHz, 244.86 W, 31
2026/10/08 03:57:30.966, 7, 2032 MHz, 3996 MHz, 236.74 W, 29
2026/10/08 03:57:31.967, 0, 120 MHz, 3996 MHz, 186.41 W, 33
2026/10/08 03:57:31.967, 1, 120 MHz, 3996 MHz, 188.23 W, 35
2026/10/08 03:57:31.967, 2, 120 MHz, 3996 MHz, 184.09 W, 29
2026/10/08 03:57:31.967, 3, 120 MHz, 3996 MHz, 182.30 W, 29
2026/10/08 03:57:31.967, 4, 120 MHz, 3996 MHz, 184.58 W, 35
2026/10/08 03:57:31.967, 5, 120 MHz, 3996 MHz, 182.99 W, 34
2026/10/08 03:57:31.967, 6, 2032 MHz, 3996 MHz, 244.82 W, 31
2026/10/08 03:57:31.967, 7, 2032 MHz, 3996 MHz, 236.74 W, 29
2026/10/08 03:57:32.967, 0, 120 MHz, 3996 MHz, 186.41 W, 33
2026/10/08 03:57:32.967, 1, 120 MHz, 3996 MHz, 188.23 W, 35
2026/10/08 03:57:32.967, 2, 120 MHz, 3996 MHz, 184.09 W, 29
2026/10/08 03:57:32.967, 3, 120 MHz, 3996 MHz, 182.17 W, 29
2026/10/08 03:57:32.967, 4, 120 MHz, 3996 MHz, 184.58 W, 35
2026/10/08 03:57:32.967, 5, 120 MHz, 3996 MHz, 182.80 W, 34
2026/10/08 03:57:32.967, 6, 2032 MHz, 3996 MHz, 244.94 W, 31
2026/10/08 03:57:32.967, 7, 2032 MHz, 3996 MHz, 237.70 W, 29
2026/10/08 03:57:33.967, 0, 120 MHz, 3996 MHz, 186.41 W, 33
2026/10/08 03:57:33.967, 1, 120 MHz, 3996 MHz, 188.23 W, 35
2026/10/08 03:57:33.967, 2, 120 MHz, 3996 MHz, 184.09 W, 29
2026/10/08 03:57:33.967, 3, 120 MHz, 3996 MHz, 182.21 W, 29
2026/10/08 03:57:33.967, 4, 120 MHz, 3996 MHz, 184.58 W, 35
2026/10/08 03:57:33.967, 5, 120 MHz, 3996 MHz, 183.19 W, 34
2026/10/08 03:57:33.967, 6, 2032 MHz, 3996 MHz, 244.82 W, 31
2026/10/08 03:57:33.967, 7, 2032 MHz, 3996 MHz, 236.74 W, 29
2026/10/08 03:57:34.967, 0, 120 MHz, 3996 MHz, 186.41 W, 33
2026/10/08 03:57:34.967, 1, 120 MHz, 3996 MHz, 188.23 W, 35
2026/10/08 03:57:34.967, 2, 120 MHz, 3996 MHz, 184.09 W, 29
2026/10/08 03:57:34.967, 3, 120 MHz, 3996 MHz, 182.26 W, 29
2026/10/08 03:57:34.967, 4, 120 MHz, 3996 MHz, 184.58 W, 35
2026/10/08 03:57:34.967, 5, 120 MHz, 3996 MHz, 183.10 W, 34
2026/10/08 03:57:34.967, 6, 2032 MHz, 3996 MHz, 244.86 W, 31
2026/10/08 03:57:34.967, 7, 2032 MHz, 3996 MHz, 236.74 W, 29
2026/10/08 03:57:35.968, 0, 120 MHz, 3996 MHz, 186.41 W, 33
2026/10/08 03:57:35.968, 1, 120 MHz, 3996 MHz, 188.23 W, 35
2026/10/08 03:57:35.968, 2, 120 MHz, 3996 MHz, 184.09 W, 29
2026/10/08 03:57:35.968, 3, 120 MHz, 3996 MHz, 182.30 W, 29
2026/10/08 03:57:35.968, 4, 120 MHz, 3996 MHz, 184.59 W, 35
2026/10/08 03:57:35.968, 5, 120 MHz, 3996 MHz, 182.91 W, 34
2026/10/08 03:57:35.968, 6, 2032 MHz, 3996 MHz, 244.86 W, 31
2026/10/08 03:57:35.968, 7, 2032 MHz, 3996 MHz, 236.74 W, 29
2026/10/08 03:57:36.968, 0, 120 MHz, 3996 MHz, 186.41 W, 33
2026/10/08 03:57:36.968, 1, 120 MHz, 3996 MHz, 188.23 W, 35
2026/10/08 03:57:36.968, 2, 120 MHz, 3996 MHz, 184.09 W, 29
2026/10/08 03:57:36.968, 3, 120 MHz, 3996 MHz, 182.30 W, 29
2026/10/08 03:57:36.968, 4, 120 MHz, 3996 MHz, 184.58 W, 35
2026/10/08 03:57:36.968, 5, 120 MHz, 3996 MHz, 182.92 W, 34
2026/10/08 03:57:36.968, 6, 2032 MHz, 3996 MHz, 244.90 W, 31
2026/10/08 03:57:36.968, 7, 2032 MHz, 3996 MHz, 236.74 W, 29
2026/10/08 03:57:37.968, 0, 120 MHz, 3996 MHz, 186.41 W, 33
2026/10/08 03:57:37.968, 1, 120 MHz, 3996 MHz, 188.23 W, 35
2026/10/08 03:57:37.968, 2, 120 MHz, 3996 MHz, 184.09 W, 29
2026/10/08 03:57:37.968, 3, 120 MHz, 3996 MHz, 182.29 W, 29
2026/10/08 03:57:37.968, 4, 120 MHz, 3996 MHz, 184.57 W, 35
2026/10/08 03:57:37.968, 5, 120 MHz, 3996 MHz, 183.19 W, 34
2026/10/08 03:57:37.968, 6, 2032 MHz, 3996 MHz, 244.86 W, 31
2026/10/08 03:57:37.968, 7, 2032 MHz, 3996 MHz, 236.74 W, 29
2026/10/08 03:57:38.968, 0, 120 MHz, 3996 MHz, 186.41 W, 33
2026/10/08 03:57:38.968, 1, 120 MHz, 3996 MHz, 188.23 W, 35
2026/10/08 03:57:38.968, 2, 120 MHz, 3996 MHz, 184.09 W, 29
2026/10/08 03:57:38.968, 3, 120 MHz, 3996 MHz, 182.48 W, 29
2026/10/08 03:57:38.968, 4, 120 MHz, 3996 MHz, 184.59 W, 35
2026/10/08 03:57:38.968, 5, 120 MHz, 3996 MHz, 182.99 W, 34
2026/10/08 03:57:38.969, 6, 2032 MHz, 3996 MHz, 244.92 W, 31
2026/10/08 03:57:38.969, 7, 2032 MHz, 3996 MHz, 256.89 W, 30
2026/10/08 03:57:39.969, 0, 120 MHz, 3996 MHz, 186.41 W, 33
2026/10/08 03:57:39.969, 1, 120 MHz, 3996 MHz, 188.23 W, 35
2026/10/08 03:57:39.969, 2, 120 MHz, 3996 MHz, 184.09 W, 29
2026/10/08 03:57:39.969, 3, 120 MHz, 3996 MHz, 182.37 W, 29
2026/10/08 03:57:39.969, 4, 120 MHz, 3996 MHz, 184.59 W, 35
2026/10/08 03:57:39.969, 5, 120 MHz, 3996 MHz, 183.03 W, 34
2026/10/08 03:57:39.969, 6, 2032 MHz, 3996 MHz, 244.98 W, 31
2026/10/08 03:57:39.969, 7, 2032 MHz, 3996 MHz, 236.78 W, 29
2026/10/08 03:57:40.969, 0, 120 MHz, 3996 MHz, 186.37 W, 33
2026/10/08 03:57:40.969, 1, 120 MHz, 3996 MHz, 188.23 W, 35
2026/10/08 03:57:40.969, 2, 120 MHz, 3996 MHz, 184.09 W, 29
2026/10/08 03:57:40.969, 3, 120 MHz, 3996 MHz, 182.29 W, 29
2026/10/08 03:57:40.969, 4, 120 MHz, 3996 MHz, 184.58 W, 35
2026/10/08 03:57:40.969, 5, 120 MHz, 3996 MHz, 183.14 W, 34
2026/10/08 03:57:40.969, 6, 2032 MHz, 3996 MHz, 245.56 W, 31
2026/10/08 03:57:40.969, 7, 2032 MHz, 3996 MHz, 236.78 W, 29
2026/10/08 03:57:41.969, 0, 120 MHz, 3996 MHz, 186.41 W, 33
2026/10/08 03:57:41.969, 1, 120 MHz, 3996 MHz, 188.23 W, 35
2026/10/08 03:57:41.969, 2, 120 MHz, 3996 MHz, 184.09 W, 29
2026/10/08 03:57:41.969, 3, 120 MHz, 3996 MHz, 182.29 W, 29
2026/10/08 03:57:41.969, 4, 120 MHz, 3996 MHz, 184.58 W, 35
2026/10/08 03:57:41.969, 5, 120 MHz, 3996 MHz, 183.15 W, 34
2026/10/08 03:57:41.969, 6, 2032 MHz, 3996 MHz, 245.28 W, 31
2026/10/08 03:57:41.969, 7, 2032 MHz, 3996 MHz, 236.74 W, 29
2026/10/08 03:57:42.969, 0, 120 MHz, 3996 MHz, 186.37 W, 33
2026/10/08 03:57:42.970, 1, 120 MHz, 3996 MHz, 188.23 W, 35
2026/10/08 03:57:42.970, 2, 120 MHz, 3996 MHz, 184.09 W, 29
2026/10/08 03:57:42.970, 3, 120 MHz, 3996 MHz, 182.21 W, 29
2026/10/08 03:57:42.970, 4, 120 MHz, 3996 MHz, 184.58 W, 35
2026/10/08 03:57:42.970, 5, 120 MHz, 3996 MHz, 183.33 W, 34
2026/10/08 03:57:42.970, 6, 2032 MHz, 3996 MHz, 245.21 W, 31
2026/10/08 03:57:42.970, 7, 2032 MHz, 3996 MHz, 236.74 W, 29
2026/10/08 03:57:43.970, 0, 120 MHz, 3996 MHz, 186.41 W, 33
2026/10/08 03:57:43.970, 1, 120 MHz, 3996 MHz, 188.23 W, 35
2026/10/08 03:57:43.970, 2, 120 MHz, 3996 MHz, 184.09 W, 29
2026/10/08 03:57:43.970, 3, 120 MHz, 3996 MHz, 182.29 W, 29
2026/10/08 03:57:43.970, 4, 120 MHz, 3996 MHz, 184.58 W, 35
2026/10/08 03:57:43.970, 5, 120 MHz, 3996 MHz, 183.23 W, 34
2026/10/08 03:57:43.970, 6, 2032 MHz, 3996 MHz, 245.02 W, 31
2026/10/08 03:57:43.970, 7, 2032 MHz, 3996 MHz, 236.74 W, 29
2026/10/08 03:57:44.970, 0, 120 MHz, 3996 MHz, 186.41 W, 33
2026/10/08 03:57:44.970, 1, 120 MHz, 3996 MHz, 188.23 W, 35
2026/10/08 03:57:44.970, 2, 120 MHz, 3996 MHz, 184.09 W, 29
2026/10/08 03:57:44.970, 3, 120 MHz, 3996 MHz, 182.29 W, 29
2026/10/08 03:57:44.970, 4, 120 MHz, 3996 MHz, 184.57 W, 35
2026/10/08 03:57:44.970, 5, 120 MHz, 3996 MHz, 183.23 W, 34
2026/10/08 03:57:44.970, 6, 2032 MHz, 3996 MHz, 245.05 W, 31
2026/10/08 03:57:44.970, 7, 2032 MHz, 3996 MHz, 236.74 W, 29
2026/10/08 03:57:45.970, 0, 120 MHz, 3996 MHz, 186.37 W, 33
2026/10/08 03:57:45.970, 1, 120 MHz, 3996 MHz, 188.23 W, 35
2026/10/08 03:57:45.970, 2, 120 MHz, 3996 MHz, 184.09 W, 29
2026/10/08 03:57:45.970, 3, 120 MHz, 3996 MHz, 182.30 W, 29
2026/10/08 03:57:45.970, 4, 120 MHz, 3996 MHz, 184.58 W, 35
2026/10/08 03:57:45.970, 5, 120 MHz, 3996 MHz, 183.08 W, 34
2026/10/08 03:57:45.970, 6, 2032 MHz, 3996 MHz, 245.09 W, 31
2026/10/08 03:57:45.970, 7, 2032 MHz, 3996 MHz, 236.74 W, 29
2026/10/08 03:57:46.971, 0, 120 MHz, 3996 MHz, 186.41 W, 33
2026/10/08 03:57:46.971, 1, 120 MHz, 3996 MHz, 188.23 W, 35
2026/10/08 03:57:46.971, 2, 120 MHz, 3996 MHz, 184.09 W, 29
2026/10/08 03:57:46.971, 3, 120 MHz, 3996 MHz, 182.29 W, 29
2026/10/08 03:57:46.971, 4, 120 MHz, 3996 MHz, 184.58 W, 35
2026/10/08 03:57:46.971, 5, 120 MHz, 3996 MHz, 183.23 W, 34
2026/10/08 03:57:46.971, 6, 2032 MHz, 3996 MHz, 245.24 W, 31
2026/10/08 03:57:46.971, 7, 2032 MHz, 3996 MHz, 236.74 W, 29
2026/10/08 03:57:47.971, 0, 120 MHz, 3996 MHz, 186.41 W, 33
2026/10/08 03:57:47.971, 1, 120 MHz, 3996 MHz, 188.23 W, 35
2026/10/08 03:57:47.971, 2, 120 MHz, 3996 MHz, 184.09 W, 29
2026/10/08 03:57:47.971, 3, 120 MHz, 3996 MHz, 182.34 W, 29
2026/10/08 03:57:47.971, 4, 120 MHz, 3996 MHz, 184.57 W, 35
2026/10/08 03:57:47.971, 5, 120 MHz, 3996 MHz, 182.80 W, 34
2026/10/08 03:57:47.971, 6, 2032 MHz, 3996 MHz, 245.21 W, 31
2026/10/08 03:57:47.971, 7, 2032 MHz, 3996 MHz, 236.74 W, 29
2026/10/08 03:57:48.971, 0, 120 MHz, 3996 MHz, 186.41 W, 33
2026/10/08 03:57:48.971, 1, 120 MHz, 3996 MHz, 188.23 W, 35
2026/10/08 03:57:48.971, 2, 120 MHz, 3996 MHz, 184.09 W, 29
2026/10/08 03:57:48.971, 3, 120 MHz, 3996 MHz, 182.21 W, 29
2026/10/08 03:57:48.971, 4, 120 MHz, 3996 MHz, 184.58 W, 35
2026/10/08 03:57:48.971, 5, 120 MHz, 3996 MHz, 183.40 W, 34
2026/10/08 03:57:48.971, 6, 2032 MHz, 3996 MHz, 245.32 W, 31
2026/10/08 03:57:48.971, 7, 2032 MHz, 3996 MHz, 236.70 W, 29
2026/10/08 03:57:49.972, 0, 120 MHz, 3996 MHz, 186.41 W, 33
2026/10/08 03:57:49.972, 1, 120 MHz, 3996 MHz, 188.19 W, 35
2026/10/08 03:57:49.972, 2, 120 MHz, 3996 MHz, 184.09 W, 29
2026/10/08 03:57:49.972, 3, 120 MHz, 3996 MHz, 182.13 W, 29
2026/10/08 03:57:49.972, 4, 120 MHz, 3996 MHz, 184.58 W, 35
2026/10/08 03:57:49.972, 5, 120 MHz, 3996 MHz, 183.34 W, 34
2026/10/08 03:57:49.972, 6, 2032 MHz, 3996 MHz, 245.25 W, 31
2026/10/08 03:57:49.972, 7, 2032 MHz, 3996 MHz, 236.74 W, 29
2026/10/08 03:57:50.972, 0, 120 MHz, 3996 MHz, 186.38 W, 33
2026/10/08 03:57:50.972, 1, 120 MHz, 3996 MHz, 188.23 W, 35
2026/10/08 03:57:50.972, 2, 120 MHz, 3996 MHz, 184.09 W, 29
2026/10/08 03:57:50.972, 3, 120 MHz, 3996 MHz, 182.23 W, 29
2026/10/08 03:57:50.972, 4, 120 MHz, 3996 MHz, 184.58 W, 35
2026/10/08 03:57:50.972, 5, 120 MHz, 3996 MHz, 183.26 W, 34
2026/10/08 03:57:50.972, 6, 2032 MHz, 3996 MHz, 245.33 W, 31
2026/10/08 03:57:50.972, 7, 2032 MHz, 3996 MHz, 236.70 W, 29
2026/10/08 03:57:51.972, 0, 120 MHz, 3996 MHz, 186.41 W, 33
2026/10/08 03:57:51.972, 1, 120 MHz, 3996 MHz, 188.23 W, 35
2026/10/08 03:57:51.972, 2, 120 MHz, 3996 MHz, 184.09 W, 29
2026/10/08 03:57:51.972, 3, 120 MHz, 3996 MHz, 182.17 W, 29
2026/10/08 03:57:51.972, 4, 120 MHz, 3996 MHz, 184.58 W, 35
2026/10/08 03:57:51.972, 5, 120 MHz, 3996 MHz, 183.33 W, 34
2026/10/08 03:57:51.972, 6, 2032 MHz, 3996 MHz, 245.39 W, 31
2026/10/08 03:57:51.972, 7, 2032 MHz, 3996 MHz, 236.70 W, 29
2026/10/08 03:57:52.972, 0, 120 MHz, 3996 MHz, 186.37 W, 33
2026/10/08 03:57:52.972, 1, 120 MHz, 3996 MHz, 188.19 W, 35
2026/10/08 03:57:52.972, 2, 120 MHz, 3996 MHz, 184.09 W, 29
2026/10/08 03:57:52.972, 3, 120 MHz, 3996 MHz, 182.25 W, 29
2026/10/08 03:57:52.972, 4, 120 MHz, 3996 MHz, 184.58 W, 35
2026/10/08 03:57:52.972, 5, 120 MHz, 3996 MHz, 183.11 W, 34
2026/10/08 03:57:52.972, 6, 2032 MHz, 3996 MHz, 245.40 W, 31
2026/10/08 03:57:52.972, 7, 2032 MHz, 3996 MHz, 236.74 W, 29
2026/10/08 03:57:53.973, 0, 120 MHz, 3996 MHz, 186.41 W, 33
2026/10/08 03:57:53.973, 1, 120 MHz, 3996 MHz, 188.23 W, 35
2026/10/08 03:57:53.973, 2, 120 MHz, 3996 MHz, 184.09 W, 29
2026/10/08 03:57:53.973, 3, 120 MHz, 3996 MHz, 182.21 W, 29
2026/10/08 03:57:53.973, 4, 120 MHz, 3996 MHz, 184.58 W, 35
2026/10/08 03:57:53.973, 5, 120 MHz, 3996 MHz, 182.92 W, 34
2026/10/08 03:57:53.973, 6, 2032 MHz, 3996 MHz, 245.51 W, 31
2026/10/08 03:57:53.973, 7, 2032 MHz, 3996 MHz, 236.70 W, 29
2026/10/08 03:57:54.973, 0, 120 MHz, 3996 MHz, 186.41 W, 33
2026/10/08 03:57:54.973, 1, 120 MHz, 3996 MHz, 188.23 W, 35
2026/10/08 03:57:54.973, 2, 120 MHz, 3996 MHz, 184.09 W, 29
2026/10/08 03:57:54.973, 3, 120 MHz, 3996 MHz, 182.18 W, 29
2026/10/08 03:57:54.973, 4, 120 MHz, 3996 MHz, 184.58 W, 35
2026/10/08 03:57:54.973, 5, 120 MHz, 3996 MHz, 183.14 W, 34
2026/10/08 03:57:54.973, 6, 2032 MHz, 3996 MHz, 245.70 W, 31
2026/10/08 03:57:54.973, 7, 2032 MHz, 3996 MHz, 236.74 W, 29
2026/10/08 03:57:55.973, 0, 120 MHz, 3996 MHz, 186.29 W, 33
2026/10/08 03:57:55.973, 1, 120 MHz, 3996 MHz, 188.23 W, 35
2026/10/08 03:57:55.973, 2, 120 MHz, 3996 MHz, 184.09 W, 29
2026/10/08 03:57:55.973, 3, 120 MHz, 3996 MHz, 182.23 W, 29
2026/10/08 03:57:55.973, 4, 120 MHz, 3996 MHz, 184.58 W, 35
2026/10/08 03:57:55.973, 5, 120 MHz, 3996 MHz, 183.41 W, 34
2026/10/08 03:57:55.973, 6, 2032 MHz, 3996 MHz, 245.77 W, 31
2026/10/08 03:57:55.973, 7, 2032 MHz, 3996 MHz, 236.74 W, 29
2026/10/08 03:57:56.973, 0, 120 MHz, 3996 MHz, 186.33 W, 33
2026/10/08 03:57:56.973, 1, 120 MHz, 3996 MHz, 188.23 W, 35
2026/10/08 03:57:56.973, 2, 120 MHz, 3996 MHz, 184.09 W, 29
2026/10/08 03:57:56.973, 3, 120 MHz, 3996 MHz, 182.18 W, 29
2026/10/08 03:57:56.973, 4, 120 MHz, 3996 MHz, 184.59 W, 35
2026/10/08 03:57:56.973, 5, 120 MHz, 3996 MHz, 183.29 W, 34
2026/10/08 03:57:56.973, 6, 2032 MHz, 3996 MHz, 245.79 W, 31
2026/10/08 03:57:56.973, 7, 2032 MHz, 3996 MHz, 236.74 W, 29
2026/10/08 03:57:57.974, 0, 120 MHz, 3996 MHz, 186.41 W, 33
2026/10/08 03:57:57.974, 1, 120 MHz, 3996 MHz, 188.23 W, 35
2026/10/08 03:57:57.974, 2, 120 MHz, 3996 MHz, 184.09 W, 29
2026/10/08 03:57:57.974, 3, 120 MHz, 3996 MHz, 182.26 W, 29
2026/10/08 03:57:57.974, 4, 120 MHz, 3996 MHz, 184.59 W, 35
2026/10/08 03:57:57.974, 5, 120 MHz, 3996 MHz, 183.19 W, 34
2026/10/08 03:57:57.974, 6, 2032 MHz, 3996 MHz, 245.91 W, 31
2026/10/08 03:57:57.974, 7, 2032 MHz, 3996 MHz, 236.74 W, 29
2026/10/08 03:57:58.974, 0, 120 MHz, 3996 MHz, 186.25 W, 33
2026/10/08 03:57:58.974, 1, 120 MHz, 3996 MHz, 188.19 W, 35
2026/10/08 03:57:58.974, 2, 120 MHz, 3996 MHz, 184.09 W, 29
2026/10/08 03:57:58.974, 3, 120 MHz, 3996 MHz, 182.13 W, 29
2026/10/08 03:57:58.974, 4, 120 MHz, 3996 MHz, 184.58 W, 35
2026/10/08 03:57:58.974, 5, 120 MHz, 3996 MHz, 182.95 W, 34
2026/10/08 03:57:58.974, 6, 2032 MHz, 3996 MHz, 246.45 W, 31
2026/10/08 03:57:58.974, 7, 2032 MHz, 3996 MHz, 236.74 W, 30
2026/10/08 03:57:59.974, 0, 120 MHz, 3996 MHz, 186.29 W, 33
2026/10/08 03:57:59.974, 1, 120 MHz, 3996 MHz, 188.23 W, 35
2026/10/08 03:57:59.974, 2, 120 MHz, 3996 MHz, 184.09 W, 29
2026/10/08 03:57:59.974, 3, 120 MHz, 3996 MHz, 182.26 W, 29
2026/10/08 03:57:59.974, 4, 120 MHz, 3996 MHz, 184.58 W, 35
2026/10/08 03:57:59.974, 5, 120 MHz, 3996 MHz, 183.54 W, 34
2026/10/08 03:57:59.974, 6, 2032 MHz, 3996 MHz, 246.12 W, 31
2026/10/08 03:57:59.974, 7, 2032 MHz, 3996 MHz, 236.74 W, 30
2026/10/08 03:58:00.974, 0, 120 MHz, 3996 MHz, 186.37 W, 33
2026/10/08 03:58:00.975, 1, 120 MHz, 3996 MHz, 188.23 W, 35
2026/10/08 03:58:00.975, 2, 120 MHz, 3996 MHz, 184.09 W, 29
2026/10/08 03:58:00.975, 3, 120 MHz, 3996 MHz, 182.37 W, 29
2026/10/08 03:58:00.975, 4, 120 MHz, 3996 MHz, 184.58 W, 35
2026/10/08 03:58:00.975, 5, 120 MHz, 3996 MHz, 183.22 W, 34
2026/10/08 03:58:00.975, 6, 2032 MHz, 3996 MHz, 246.49 W, 31
2026/10/08 03:58:00.975, 7, 2032 MHz, 3996 MHz, 236.74 W, 30
2026/10/08 03:58:01.975, 0, 120 MHz, 3996 MHz, 186.37 W, 33
2026/10/08 03:58:01.975, 1, 120 MHz, 3996 MHz, 188.19 W, 35
2026/10/08 03:58:01.975, 2, 120 MHz, 3996 MHz, 184.09 W, 29
2026/10/08 03:58:01.975, 3, 120 MHz, 3996 MHz, 182.21 W, 29
2026/10/08 03:58:01.975, 4, 120 MHz, 3996 MHz, 184.58 W, 35
2026/10/08 03:58:01.975, 5, 120 MHz, 3996 MHz, 183.45 W, 34
2026/10/08 03:58:01.975, 6, 2032 MHz, 3996 MHz, 246.50 W, 31
2026/10/08 03:58:01.975, 7, 2032 MHz, 3996 MHz, 236.74 W, 30
2026/10/08 03:58:02.975, 0, 120 MHz, 3996 MHz, 186.41 W, 33
2026/10/08 03:58:02.975, 1, 120 MHz, 3996 MHz, 188.23 W, 35
2026/10/08 03:58:02.975, 2, 120 MHz, 3996 MHz, 184.09 W, 29
2026/10/08 03:58:02.975, 3, 120 MHz, 3996 MHz, 182.30 W, 29
2026/10/08 03:58:02.975, 4, 120 MHz, 3996 MHz, 184.59 W, 35
2026/10/08 03:58:02.975, 5, 120 MHz, 3996 MHz, 183.38 W, 34
2026/10/08 03:58:02.975, 6, 2032 MHz, 3996 MHz, 246.65 W, 31
2026/10/08 03:58:02.975, 7, 2032 MHz, 3996 MHz, 236.74 W, 30
2026/10/08 03:58:03.975, 0, 120 MHz, 3996 MHz, 186.22 W, 33
2026/10/08 03:58:03.975, 1, 120 MHz, 3996 MHz, 188.23 W, 35
2026/10/08 03:58:03.975, 2, 120 MHz, 3996 MHz, 184.09 W, 29
2026/10/08 03:58:03.975, 3, 120 MHz, 3996 MHz, 182.44 W, 29
2026/10/08 03:58:03.975, 4, 120 MHz, 3996 MHz, 184.59 W, 35
2026/10/08 03:58:03.975, 5, 120 MHz, 3996 MHz, 183.43 W, 34
2026/10/08 03:58:03.975, 6, 2032 MHz, 3996 MHz, 246.77 W, 31
2026/10/08 03:58:03.975, 7, 2032 MHz, 3996 MHz, 236.74 W, 30
2026/10/08 03:58:04.976, 0, 120 MHz, 3996 MHz, 186.37 W, 33
2026/10/08 03:58:04.976, 1, 120 MHz, 3996 MHz, 188.23 W, 35
2026/10/08 03:58:04.976, 2, 120 MHz, 3996 MHz, 184.09 W, 29
2026/10/08 03:58:04.976, 3, 120 MHz, 3996 MHz, 182.33 W, 29
2026/10/08 03:58:04.976, 4, 120 MHz, 3996 MHz, 184.59 W, 35
2026/10/08 03:58:04.976, 5, 120 MHz, 3996 MHz, 183.35 W, 34
2026/10/08 03:58:04.976, 6, 2032 MHz, 3996 MHz, 246.76 W, 31
2026/10/08 03:58:04.976, 7, 2032 MHz, 3996 MHz, 236.74 W, 30
2026/10/08 03:58:05.976, 0, 120 MHz, 3996 MHz, 186.33 W, 33
2026/10/08 03:58:05.976, 1, 120 MHz, 3996 MHz, 188.23 W, 35
2026/10/08 03:58:05.976, 2, 120 MHz, 3996 MHz, 184.09 W, 29
2026/10/08 03:58:05.976, 3, 120 MHz, 3996 MHz, 182.25 W, 29
2026/10/08 03:58:05.976, 4, 120 MHz, 3996 MHz, 184.59 W, 35
2026/10/08 03:58:05.976, 5, 120 MHz, 3996 MHz, 183.49 W, 34
2026/10/08 03:58:05.976, 6, 2032 MHz, 3996 MHz, 246.77 W, 32
2026/10/08 03:58:05.976, 7, 2032 MHz, 3996 MHz, 236.74 W, 30
2026/10/08 03:58:06.976, 0, 120 MHz, 3996 MHz, 186.33 W, 33
2026/10/08 03:58:06.976, 1, 120 MHz, 3996 MHz, 188.23 W, 35
2026/10/08 03:58:06.976, 2, 120 MHz, 3996 MHz, 184.09 W, 29
2026/10/08 03:58:06.976, 3, 120 MHz, 3996 MHz, 182.29 W, 29
2026/10/08 03:58:06.976, 4, 120 MHz, 3996 MHz, 184.59 W, 35
2026/10/08 03:58:06.976, 5, 120 MHz, 3996 MHz, 183.19 W, 34
2026/10/08 03:58:06.976, 6, 2032 MHz, 3996 MHz, 246.76 W, 32
2026/10/08 03:58:06.976, 7, 2032 MHz, 3996 MHz, 236.74 W, 30
2026/10/08 03:58:07.976, 0, 120 MHz, 3996 MHz, 186.25 W, 33
2026/10/08 03:58:07.977, 1, 120 MHz, 3996 MHz, 188.23 W, 35
2026/10/08 03:58:07.977, 2, 120 MHz, 3996 MHz, 184.09 W, 29
2026/10/08 03:58:07.977, 3, 120 MHz, 3996 MHz, 182.41 W, 29
2026/10/08 03:58:07.977, 4, 120 MHz, 3996 MHz, 184.58 W, 35
2026/10/08 03:58:07.977, 5, 120 MHz, 3996 MHz, 183.37 W, 34
2026/10/08 03:58:07.977, 6, 2032 MHz, 3996 MHz, 246.76 W, 32
2026/10/08 03:58:07.977, 7, 2032 MHz, 3996 MHz, 236.74 W, 30
2026/10/08 03:58:08.977, 0, 120 MHz, 3996 MHz, 186.33 W, 33
2026/10/08 03:58:08.977, 1, 120 MHz, 3996 MHz, 188.23 W, 35
2026/10/08 03:58:08.977, 2, 120 MHz, 3996 MHz, 184.09 W, 29
2026/10/08 03:58:08.977, 3, 120 MHz, 3996 MHz, 182.52 W, 29
2026/10/08 03:58:08.977, 4, 120 MHz, 3996 MHz, 184.58 W, 35
2026/10/08 03:58:08.977, 5, 120 MHz, 3996 MHz, 182.95 W, 34
2026/10/08 03:58:08.977, 6, 2032 MHz, 3996 MHz, 246.77 W, 32
2026/10/08 03:58:08.977, 7, 2032 MHz, 3996 MHz, 236.74 W, 30
2026/10/08 03:58:09.977, 0, 120 MHz, 3996 MHz, 186.33 W, 33
2026/10/08 03:58:09.977, 1, 120 MHz, 3996 MHz, 188.19 W, 35
2026/10/08 03:58:09.977, 2, 120 MHz, 3996 MHz, 184.09 W, 29
2026/10/08 03:58:09.977, 3, 120 MHz, 3996 MHz, 182.49 W, 29
2026/10/08 03:58:09.977, 4, 120 MHz, 3996 MHz, 184.59 W, 35
2026/10/08 03:58:09.977, 5, 120 MHz, 3996 MHz, 182.92 W, 34
2026/10/08 03:58:09.977, 6, 2032 MHz, 3996 MHz, 246.80 W, 32
2026/10/08 03:58:09.977, 7, 2032 MHz, 3996 MHz, 236.74 W, 30
2026/10/08 03:58:10.977, 0, 120 MHz, 3996 MHz, 186.33 W, 33
2026/10/08 03:58:10.977, 1, 120 MHz, 3996 MHz, 188.23 W, 35
2026/10/08 03:58:10.977, 2, 120 MHz, 3996 MHz, 184.09 W, 29
2026/10/08 03:58:10.977, 3, 120 MHz, 3996 MHz, 182.64 W, 29
2026/10/08 03:58:10.977, 4, 120 MHz, 3996 MHz, 184.59 W, 35
2026/10/08 03:58:10.977, 5, 120 MHz, 3996 MHz, 183.00 W, 34
2026/10/08 03:58:10.977, 6, 2032 MHz, 3996 MHz, 246.79 W, 32
2026/10/08 03:58:10.977, 7, 2032 MHz, 3996 MHz, 236.74 W, 30
2026/10/08 03:58:11.978, 0, 120 MHz, 3996 MHz, 186.33 W, 33
2026/10/08 03:58:11.978, 1, 120 MHz, 3996 MHz, 188.23 W, 35
2026/10/08 03:58:11.978, 2, 120 MHz, 3996 MHz, 184.09 W, 29
2026/10/08 03:58:11.978, 3, 120 MHz, 3996 MHz, 182.45 W, 29
2026/10/08 03:58:11.978, 4, 120 MHz, 3996 MHz, 184.59 W, 35
2026/10/08 03:58:11.978, 5, 120 MHz, 3996 MHz, 182.95 W, 34
2026/10/08 03:58:11.978, 6, 2032 MHz, 3996 MHz, 246.77 W, 32
2026/10/08 03:58:11.978, 7, 2032 MHz, 3996 MHz, 236.74 W, 30
2026/10/08 03:58:12.978, 0, 120 MHz, 3996 MHz, 186.29 W, 33
2026/10/08 03:58:12.978, 1, 120 MHz, 3996 MHz, 188.23 W, 35
2026/10/08 03:58:12.978, 2, 120 MHz, 3996 MHz, 184.09 W, 29
2026/10/08 03:58:12.978, 3, 120 MHz, 3996 MHz, 182.40 W, 29
2026/10/08 03:58:12.978, 4, 120 MHz, 3996 MHz, 184.59 W, 35
2026/10/08 03:58:12.978, 5, 120 MHz, 3996 MHz, 182.88 W, 34
2026/10/08 03:58:12.978, 6, 2032 MHz, 3996 MHz, 246.77 W, 32
2026/10/08 03:58:12.978, 7, 2032 MHz, 3996 MHz, 236.74 W, 30
2026/10/08 03:58:13.978, 0, 120 MHz, 3996 MHz, 186.33 W, 33
2026/10/08 03:58:13.978, 1, 120 MHz, 3996 MHz, 188.23 W, 35
2026/10/08 03:58:13.978, 2, 120 MHz, 3996 MHz, 184.09 W, 29
2026/10/08 03:58:13.978, 3, 120 MHz, 3996 MHz, 182.73 W, 29
2026/10/08 03:58:13.978, 4, 120 MHz, 3996 MHz, 184.58 W, 35
2026/10/08 03:58:13.978, 5, 120 MHz, 3996 MHz, 183.14 W, 34
2026/10/08 03:58:13.978, 6, 2032 MHz, 3996 MHz, 246.75 W, 32
2026/10/08 03:58:13.978, 7, 2032 MHz, 3996 MHz, 236.74 W, 30
2026/10/08 03:58:14.978, 0, 120 MHz, 3996 MHz, 186.29 W, 33
2026/10/08 03:58:14.978, 1, 120 MHz, 3996 MHz, 188.23 W, 35
2026/10/08 03:58:14.978, 2, 120 MHz, 3996 MHz, 184.09 W, 29
2026/10/08 03:58:14.978, 3, 120 MHz, 3996 MHz, 182.45 W, 29
2026/10/08 03:58:14.978, 4, 120 MHz, 3996 MHz, 184.58 W, 35
2026/10/08 03:58:14.978, 5, 120 MHz, 3996 MHz, 183.29 W, 34
2026/10/08 03:58:14.978, 6, 2032 MHz, 3996 MHz, 246.76 W, 32
2026/10/08 03:58:14.979, 7, 2032 MHz, 3996 MHz, 236.74 W, 30
2026/10/08 03:58:15.979, 0, 120 MHz, 3996 MHz, 186.33 W, 33
2026/10/08 03:58:15.979, 1, 120 MHz, 3996 MHz, 188.23 W, 35
2026/10/08 03:58:15.979, 2, 120 MHz, 3996 MHz, 184.09 W, 29
2026/10/08 03:58:15.979, 3, 120 MHz, 3996 MHz, 182.61 W, 29
2026/10/08 03:58:15.979, 4, 120 MHz, 3996 MHz, 184.58 W, 35
2026/10/08 03:58:15.979, 5, 120 MHz, 3996 MHz, 183.38 W, 34
2026/10/08 03:58:15.979, 6, 2032 MHz, 3996 MHz, 246.76 W, 32
2026/10/08 03:58:15.979, 7, 2032 MHz, 3996 MHz, 236.74 W, 30
2026/10/08 03:58:16.979, 0, 120 MHz, 3996 MHz, 186.41 W, 33
2026/10/08 03:58:16.979, 1, 120 MHz, 3996 MHz, 188.23 W, 35
2026/10/08 03:58:16.979, 2, 120 MHz, 3996 MHz, 184.09 W, 29
2026/10/08 03:58:16.979, 3, 120 MHz, 3996 MHz, 182.66 W, 29
2026/10/08 03:58:16.979, 4, 120 MHz, 3996 MHz, 184.58 W, 35
2026/10/08 03:58:16.979, 5, 120 MHz, 3996 MHz, 183.30 W, 34
2026/10/08 03:58:16.979, 6, 2032 MHz, 3996 MHz, 246.76 W, 32
2026/10/08 03:58:16.979, 7, 2032 MHz, 3996 MHz, 236.74 W, 30
2026/10/08 03:58:17.979, 0, 120 MHz, 3996 MHz, 186.29 W, 33
2026/10/08 03:58:17.979, 1, 120 MHz, 3996 MHz, 188.23 W, 35
2026/10/08 03:58:17.979, 2, 120 MHz, 3996 MHz, 184.09 W, 29
2026/10/08 03:58:17.979, 3, 120 MHz, 3996 MHz, 182.81 W, 29
2026/10/08 03:58:17.979, 4, 120 MHz, 3996 MHz, 184.58 W, 35
2026/10/08 03:58:17.979, 5, 120 MHz, 3996 MHz, 183.03 W, 34
2026/10/08 03:58:17.979, 6, 2032 MHz, 3996 MHz, 246.77 W, 32
2026/10/08 03:58:17.979, 7, 2032 MHz, 3996 MHz, 236.74 W, 30
2026/10/08 03:58:18.979, 0, 120 MHz, 3996 MHz, 186.29 W, 33
2026/10/08 03:58:18.980, 1, 120 MHz, 3996 MHz, 188.23 W, 35
2026/10/08 03:58:18.980, 2, 120 MHz, 3996 MHz, 184.09 W, 29
2026/10/08 03:58:18.980, 3, 120 MHz, 3996 MHz, 182.76 W, 29
2026/10/08 03:58:18.980, 4, 120 MHz, 3996 MHz, 184.59 W, 35
2026/10/08 03:58:18.980, 5, 120 MHz, 3996 MHz, 183.11 W, 34
2026/10/08 03:58:18.980, 6, 2032 MHz, 3996 MHz, 246.77 W, 32
2026/10/08 03:58:18.980, 7, 2032 MHz, 3996 MHz, 236.74 W, 30
2026/10/08 03:58:19.980, 0, 120 MHz, 3996 MHz, 186.33 W, 33
2026/10/08 03:58:19.980, 1, 120 MHz, 3996 MHz, 188.23 W, 35
2026/10/08 03:58:19.980, 2, 120 MHz, 3996 MHz, 184.09 W, 29
2026/10/08 03:58:19.980, 3, 120 MHz, 3996 MHz, 182.81 W, 29
2026/10/08 03:58:19.980, 4, 120 MHz, 3996 MHz, 184.57 W, 35
2026/10/08 03:58:19.980, 5, 120 MHz, 3996 MHz, 183.27 W, 34
2026/10/08 03:58:19.980, 6, 2032 MHz, 3996 MHz, 246.77 W, 32
2026/10/08 03:58:19.980, 7, 2032 MHz, 3996 MHz, 236.74 W, 30
2026/10/08 03:58:20.980, 0, 120 MHz, 3996 MHz, 186.41 W, 33
2026/10/08 03:58:20.980, 1, 120 MHz, 3996 MHz, 188.23 W, 35
2026/10/08 03:58:20.980, 2, 120 MHz, 3996 MHz, 184.09 W, 29
2026/10/08 03:58:20.980, 3, 120 MHz, 3996 MHz, 182.61 W, 29
2026/10/08 03:58:20.980, 4, 120 MHz, 3996 MHz, 184.58 W, 35
2026/10/08 03:58:20.980, 5, 120 MHz, 3996 MHz, 183.45 W, 34
2026/10/08 03:58:20.980, 6, 2032 MHz, 3996 MHz, 246.76 W, 32
2026/10/08 03:58:20.980, 7, 2032 MHz, 3996 MHz, 236.74 W, 30
2026/10/08 03:58:21.980, 0, 120 MHz, 3996 MHz, 186.33 W, 33
2026/10/08 03:58:21.980, 1, 120 MHz, 3996 MHz, 188.23 W, 35
2026/10/08 03:58:21.980, 2, 120 MHz, 3996 MHz, 184.09 W, 29
2026/10/08 03:58:21.980, 3, 120 MHz, 3996 MHz, 182.91 W, 29
2026/10/08 03:58:21.980, 4, 120 MHz, 3996 MHz, 184.58 W, 35
2026/10/08 03:58:21.980, 5, 120 MHz, 3996 MHz, 183.21 W, 34
2026/10/08 03:58:21.980, 6, 2032 MHz, 3996 MHz, 246.76 W, 32
2026/10/08 03:58:21.980, 7, 2032 MHz, 3996 MHz, 236.74 W, 30
2026/10/08 03:58:22.981, 0, 120 MHz, 3996 MHz, 186.29 W, 33
2026/10/08 03:58:22.981, 1, 120 MHz, 3996 MHz, 188.23 W, 35
2026/10/08 03:58:22.981, 2, 120 MHz, 3996 MHz, 184.09 W, 30
2026/10/08 03:58:22.981, 3, 120 MHz, 3996 MHz, 183.05 W, 29
2026/10/08 03:58:22.981, 4, 120 MHz, 3996 MHz, 184.58 W, 35
2026/10/08 03:58:22.981, 5, 120 MHz, 3996 MHz, 183.37 W, 34
2026/10/08 03:58:22.981, 6, 2032 MHz, 3996 MHz, 246.76 W, 32
2026/10/08 03:58:22.981, 7, 2032 MHz, 3996 MHz, 236.74 W, 30
2026/10/08 03:58:23.981, 0, 120 MHz, 3996 MHz, 186.41 W, 33
2026/10/08 03:58:23.981, 1, 120 MHz, 3996 MHz, 188.15 W, 35
2026/10/08 03:58:23.981, 2, 120 MHz, 3996 MHz, 184.09 W, 30
2026/10/08 03:58:23.981, 3, 120 MHz, 3996 MHz, 183.00 W, 29
2026/10/08 03:58:23.981, 4, 120 MHz, 3996 MHz, 184.59 W, 35
2026/10/08 03:58:23.981, 5, 120 MHz, 3996 MHz, 183.73 W, 34
2026/10/08 03:58:23.981, 6, 2032 MHz, 3996 MHz, 246.76 W, 32
2026/10/08 03:58:23.981, 7, 2032 MHz, 3996 MHz, 236.74 W, 30
2026/10/08 03:58:24.981, 0, 120 MHz, 3996 MHz, 186.33 W, 33
2026/10/08 03:58:24.981, 1, 120 MHz, 3996 MHz, 188.23 W, 35
2026/10/08 03:58:24.981, 2, 120 MHz, 3996 MHz, 184.09 W, 30
2026/10/08 03:58:24.981, 3, 120 MHz, 3996 MHz, 182.73 W, 30
2026/10/08 03:58:24.981, 4, 120 MHz, 3996 MHz, 184.58 W, 35
2026/10/08 03:58:24.981, 5, 120 MHz, 3996 MHz, 183.98 W, 34
2026/10/08 03:58:24.981, 6, 2032 MHz, 3996 MHz, 246.77 W, 32
2026/10/08 03:58:24.981, 7, 2032 MHz, 3996 MHz, 236.74 W, 30
2026/10/08 03:58:25.981, 0, 120 MHz, 3996 MHz, 186.37 W, 33
2026/10/08 03:58:25.981, 1, 120 MHz, 3996 MHz, 188.23 W, 35
2026/10/08 03:58:25.981, 2, 120 MHz, 3996 MHz, 184.09 W, 30
2026/10/08 03:58:25.981, 3, 120 MHz, 3996 MHz, 182.88 W, 30
2026/10/08 03:58:25.981, 4, 120 MHz, 3996 MHz, 184.57 W, 35
2026/10/08 03:58:25.981, 5, 120 MHz, 3996 MHz, 183.62 W, 34
2026/10/08 03:58:25.981, 6, 2032 MHz, 3996 MHz, 246.76 W, 32
2026/10/08 03:58:25.982, 7, 2032 MHz, 3996 MHz, 236.74 W, 30
2026/10/08 03:58:26.982, 0, 120 MHz, 3996 MHz, 186.41 W, 33
2026/10/08 03:58:26.982, 1, 120 MHz, 3996 MHz, 188.19 W, 35
2026/10/08 03:58:26.982, 2, 120 MHz, 3996 MHz, 184.09 W, 30
2026/10/08 03:58:26.982, 3, 120 MHz, 3996 MHz, 182.92 W, 30
2026/10/08 03:58:26.982, 4, 120 MHz, 3996 MHz, 184.57 W, 35
2026/10/08 03:58:26.982, 5, 120 MHz, 3996 MHz, 183.64 W, 34
2026/10/08 03:58:26.982, 6, 2032 MHz, 3996 MHz, 246.77 W, 32
2026/10/08 03:58:26.982, 7, 2032 MHz, 3996 MHz, 236.74 W, 31
2026/10/08 03:58:27.982, 0, 120 MHz, 3996 MHz, 186.37 W, 33
2026/10/08 03:58:27.982, 1, 120 MHz, 3996 MHz, 188.23 W, 35
2026/10/08 03:58:27.982, 2, 120 MHz, 3996 MHz, 184.09 W, 30
2026/10/08 03:58:27.982, 3, 120 MHz, 3996 MHz, 182.96 W, 30
2026/10/08 03:58:27.982, 4, 120 MHz, 3996 MHz, 184.59 W, 35
2026/10/08 03:58:27.982, 5, 120 MHz, 3996 MHz, 183.58 W, 34
2026/10/08 03:58:27.982, 6, 2032 MHz, 3996 MHz, 246.76 W, 32
2026/10/08 03:58:27.982, 7, 2032 MHz, 3996 MHz, 236.74 W, 31
2026/10/08 03:58:28.982, 0, 120 MHz, 3996 MHz, 186.33 W, 33
2026/10/08 03:58:28.982, 1, 120 MHz, 3996 MHz, 188.23 W, 35
2026/10/08 03:58:28.982, 2, 120 MHz, 3996 MHz, 184.09 W, 30
2026/10/08 03:58:28.982, 3, 120 MHz, 3996 MHz, 183.12 W, 30
2026/10/08 03:58:28.982, 4, 120 MHz, 3996 MHz, 184.58 W, 35
2026/10/08 03:58:28.982, 5, 120 MHz, 3996 MHz, 183.85 W, 34
2026/10/08 03:58:28.982, 6, 2032 MHz, 3996 MHz, 246.80 W, 32
2026/10/08 03:58:28.982, 7, 2032 MHz, 3996 MHz, 236.74 W, 31
2026/10/08 03:58:29.983, 0, 120 MHz, 3996 MHz, 186.37 W, 33
2026/10/08 03:58:29.983, 1, 120 MHz, 3996 MHz, 188.23 W, 35
2026/10/08 03:58:29.983, 2, 120 MHz, 3996 MHz, 184.09 W, 30
2026/10/08 03:58:29.983, 3, 120 MHz, 3996 MHz, 182.99 W, 30
2026/10/08 03:58:29.983, 4, 120 MHz, 3996 MHz, 184.59 W, 35
2026/10/08 03:58:29.983, 5, 120 MHz, 3996 MHz, 184.17 W, 34
2026/10/08 03:58:29.983, 6, 2032 MHz, 3996 MHz, 246.77 W, 32
2026/10/08 03:58:29.983, 7, 2032 MHz, 3996 MHz, 236.74 W, 31
2026/10/08 03:58:30.983, 0, 120 MHz, 3996 MHz, 186.37 W, 33
2026/10/08 03:58:30.983, 1, 120 MHz, 3996 MHz, 188.23 W, 35
2026/10/08 03:58:30.983, 2, 120 MHz, 3996 MHz, 184.09 W, 30
2026/10/08 03:58:30.983, 3, 120 MHz, 3996 MHz, 183.63 W, 30
2026/10/08 03:58:30.983, 4, 120 MHz, 3996 MHz, 184.59 W, 35
2026/10/08 03:58:30.983, 5, 120 MHz, 3996 MHz, 183.93 W, 34
2026/10/08 03:58:30.983, 6, 2032 MHz, 3996 MHz, 246.76 W, 32
2026/10/08 03:58:30.983, 7, 2032 MHz, 3996 MHz, 236.74 W, 31
2026/10/08 03:58:31.983, 0, 120 MHz, 3996 MHz, 186.33 W, 33
2026/10/08 03:58:31.983, 1, 120 MHz, 3996 MHz, 188.23 W, 35
2026/10/08 03:58:31.983, 2, 120 MHz, 3996 MHz, 184.09 W, 30
2026/10/08 03:58:31.983, 3, 120 MHz, 3996 MHz, 184.05 W, 30
2026/10/08 03:58:31.983, 4, 120 MHz, 3996 MHz, 184.58 W, 36
2026/10/08 03:58:31.983, 5, 120 MHz, 3996 MHz, 184.01 W, 34
2026/10/08 03:58:31.983, 6, 2032 MHz, 3996 MHz, 246.99 W, 33
2026/10/08 03:58:31.983, 7, 2032 MHz, 3996 MHz, 236.93 W, 31
2026/10/08 03:58:32.984, 0, 120 MHz, 3996 MHz, 186.37 W, 33
2026/10/08 03:58:32.984, 1, 120 MHz, 3996 MHz, 188.23 W, 35
2026/10/08 03:58:32.984, 2, 120 MHz, 3996 MHz, 184.09 W, 30
2026/10/08 03:58:32.984, 3, 120 MHz, 3996 MHz, 183.86 W, 30
2026/10/08 03:58:32.984, 4, 120 MHz, 3996 MHz, 184.58 W, 36
2026/10/08 03:58:32.984, 5, 120 MHz, 3996 MHz, 183.50 W, 34
2026/10/08 03:58:32.984, 6, 2032 MHz, 3996 MHz, 246.77 W, 33
2026/10/08 03:58:32.984, 7, 2032 MHz, 3996 MHz, 236.74 W, 31
2026/10/08 03:58:33.984, 0, 120 MHz, 3996 MHz, 186.33 W, 33
2026/10/08 03:58:33.984, 1, 120 MHz, 3996 MHz, 188.23 W, 35
2026/10/08 03:58:33.984, 2, 120 MHz, 3996 MHz, 184.09 W, 30
2026/10/08 03:58:33.984, 3, 120 MHz, 3996 MHz, 183.49 W, 30
2026/10/08 03:58:33.984, 4, 120 MHz, 3996 MHz, 184.57 W, 36
2026/10/08 03:58:33.984, 5, 120 MHz, 3996 MHz, 184.13 W, 34
2026/10/08 03:58:33.984, 6, 2032 MHz, 3996 MHz, 246.77 W, 33
2026/10/08 03:58:33.984, 7, 2032 MHz, 3996 MHz, 236.74 W, 31
2026/10/08 03:58:34.984, 0, 120 MHz, 3996 MHz, 186.37 W, 33
2026/10/08 03:58:34.984, 1, 120 MHz, 3996 MHz, 188.23 W, 35
2026/10/08 03:58:34.984, 2, 120 MHz, 3996 MHz, 184.09 W, 30
2026/10/08 03:58:34.984, 3, 120 MHz, 3996 MHz, 183.41 W, 30
2026/10/08 03:58:34.984, 4, 120 MHz, 3996 MHz, 184.58 W, 36
2026/10/08 03:58:34.984, 5, 120 MHz, 3996 MHz, 183.93 W, 34
2026/10/08 03:58:34.984, 6, 2032 MHz, 3996 MHz, 246.81 W, 33
2026/10/08 03:58:34.984, 7, 2032 MHz, 3996 MHz, 236.74 W, 31
2026/10/08 03:58:35.984, 0, 120 MHz, 3996 MHz, 186.37 W, 33
2026/10/08 03:58:35.984, 1, 120 MHz, 3996 MHz, 188.23 W, 35
2026/10/08 03:58:35.984, 2, 120 MHz, 3996 MHz, 184.09 W, 30
2026/10/08 03:58:35.984, 3, 120 MHz, 3996 MHz, 183.68 W, 30
2026/10/08 03:58:35.984, 4, 120 MHz, 3996 MHz, 184.58 W, 36
2026/10/08 03:58:35.984, 5, 120 MHz, 3996 MHz, 184.17 W, 34
2026/10/08 03:58:35.984, 6, 2032 MHz, 3996 MHz, 246.76 W, 33
2026/10/08 03:58:35.984, 7, 2032 MHz, 3996 MHz, 236.74 W, 31
2026/10/08 03:58:36.985, 0, 120 MHz, 3996 MHz, 186.41 W, 33
2026/10/08 03:58:36.985, 1, 120 MHz, 3996 MHz, 188.23 W, 35
2026/10/08 03:58:36.985, 2, 120 MHz, 3996 MHz, 184.09 W, 30
2026/10/08 03:58:36.985, 3, 120 MHz, 3996 MHz, 183.72 W, 30
2026/10/08 03:58:36.985, 4, 120 MHz, 3996 MHz, 184.59 W, 36
2026/10/08 03:58:36.985, 5, 120 MHz, 3996 MHz, 183.97 W, 35
2026/10/08 03:58:36.985, 6, 2032 MHz, 3996 MHz, 246.76 W, 33
2026/10/08 03:58:36.985, 7, 2032 MHz, 3996 MHz, 236.74 W, 31
2026/10/08 03:58:37.985, 0, 120 MHz, 3996 MHz, 186.41 W, 33
2026/10/08 03:58:37.985, 1, 120 MHz, 3996 MHz, 188.23 W, 35
2026/10/08 03:58:37.985, 2, 120 MHz, 3996 MHz, 184.09 W, 30
2026/10/08 03:58:37.985, 3, 120 MHz, 3996 MHz, 183.75 W, 30
2026/10/08 03:58:37.985, 4, 120 MHz, 3996 MHz, 184.59 W, 36
2026/10/08 03:58:37.985, 5, 120 MHz, 3996 MHz, 184.21 W, 35
2026/10/08 03:58:37.985, 6, 2032 MHz, 3996 MHz, 246.80 W, 33
2026/10/08 03:58:37.985, 7, 2032 MHz, 3996 MHz, 236.74 W, 31
2026/10/08 03:58:38.985, 0, 120 MHz, 3996 MHz, 186.41 W, 33
2026/10/08 03:58:38.985, 1, 120 MHz, 3996 MHz, 188.23 W, 35
2026/10/08 03:58:38.985, 2, 120 MHz, 3996 MHz, 184.09 W, 30
2026/10/08 03:58:38.985, 3, 120 MHz, 3996 MHz, 183.56 W, 30
2026/10/08 03:58:38.985, 4, 120 MHz, 3996 MHz, 184.59 W, 36
2026/10/08 03:58:38.985, 5, 120 MHz, 3996 MHz, 184.01 W, 35
2026/10/08 03:58:38.985, 6, 2032 MHz, 3996 MHz, 246.80 W, 33
2026/10/08 03:58:38.985, 7, 2032 MHz, 3996 MHz, 236.74 W, 31
2026/10/08 03:58:39.985, 0, 120 MHz, 3996 MHz, 186.33 W, 33
2026/10/08 03:58:39.985, 1, 120 MHz, 3996 MHz, 188.23 W, 35
2026/10/08 03:58:39.985, 2, 120 MHz, 3996 MHz, 184.09 W, 30
2026/10/08 03:58:39.985, 3, 120 MHz, 3996 MHz, 183.56 W, 30
2026/10/08 03:58:39.985, 4, 120 MHz, 3996 MHz, 184.58 W, 36
2026/10/08 03:58:39.985, 5, 120 MHz, 3996 MHz, 184.36 W, 35
2026/10/08 03:58:39.985, 6, 2032 MHz, 3996 MHz, 246.80 W, 33
2026/10/08 03:58:39.985, 7, 2032 MHz, 3996 MHz, 236.85 W, 31
2026/10/08 03:58:40.986, 0, 120 MHz, 3996 MHz, 186.37 W, 33
2026/10/08 03:58:40.986, 1, 120 MHz, 3996 MHz, 188.23 W, 35
2026/10/08 03:58:40.986, 2, 120 MHz, 3996 MHz, 184.09 W, 30
2026/10/08 03:58:40.986, 3, 120 MHz, 3996 MHz, 183.83 W, 30
2026/10/08 03:58:40.986, 4, 120 MHz, 3996 MHz, 184.59 W, 36
2026/10/08 03:58:40.986, 5, 120 MHz, 3996 MHz, 184.12 W, 35
2026/10/08 03:58:40.986, 6, 2032 MHz, 3996 MHz, 246.96 W, 33
2026/10/08 03:58:40.986, 7, 2032 MHz, 3996 MHz, 236.82 W, 31
2026/10/08 03:58:41.986, 0, 120 MHz, 3996 MHz, 186.41 W, 33
2026/10/08 03:58:41.986, 1, 120 MHz, 3996 MHz, 188.23 W, 35
2026/10/08 03:58:41.986, 2, 120 MHz, 3996 MHz, 184.09 W, 30
2026/10/08 03:58:41.986, 3, 120 MHz, 3996 MHz, 183.95 W, 30
2026/10/08 03:58:41.986, 4, 120 MHz, 3996 MHz, 184.59 W, 36
2026/10/08 03:58:41.986, 5, 120 MHz, 3996 MHz, 184.21 W, 35
2026/10/08 03:58:41.986, 6, 2032 MHz, 3996 MHz, 246.80 W, 33
2026/10/08 03:58:41.986, 7, 2032 MHz, 3996 MHz, 236.89 W, 31
2026/10/08 03:58:42.986, 0, 120 MHz, 3996 MHz, 186.41 W, 33
2026/10/08 03:58:42.986, 1, 120 MHz, 3996 MHz, 188.23 W, 35
2026/10/08 03:58:42.986, 2, 120 MHz, 3996 MHz, 184.13 W, 30
2026/10/08 03:58:42.986, 3, 120 MHz, 3996 MHz, 184.06 W, 30
2026/10/08 03:58:42.986, 4, 120 MHz, 3996 MHz, 184.59 W, 36
2026/10/08 03:58:42.986, 5, 120 MHz, 3996 MHz, 184.20 W, 35
2026/10/08 03:58:42.986, 6, 2032 MHz, 3996 MHz, 246.83 W, 33
2026/10/08 03:58:42.986, 7, 2032 MHz, 3996 MHz, 236.89 W, 31
2026/10/08 03:58:43.986, 0, 120 MHz, 3996 MHz, 186.41 W, 33
2026/10/08 03:58:43.986, 1, 120 MHz, 3996 MHz, 188.23 W, 35
2026/10/08 03:58:43.986, 2, 120 MHz, 3996 MHz, 184.09 W, 30
2026/10/08 03:58:43.986, 3, 120 MHz, 3996 MHz, 183.98 W, 30
2026/10/08 03:58:43.986, 4, 120 MHz, 3996 MHz, 184.58 W, 36
2026/10/08 03:58:43.986, 5, 120 MHz, 3996 MHz, 184.17 W, 35
2026/10/08 03:58:43.986, 6, 2032 MHz, 3996 MHz, 247.03 W, 33
2026/10/08 03:58:43.986, 7, 2032 MHz, 3996 MHz, 236.93 W, 31
2026/10/08 03:58:44.987, 0, 120 MHz, 3996 MHz, 186.41 W, 33
2026/10/08 03:58:44.987, 1, 120 MHz, 3996 MHz, 188.23 W, 35
2026/10/08 03:58:44.987, 2, 120 MHz, 3996 MHz, 184.09 W, 30
2026/10/08 03:58:44.987, 3, 120 MHz, 3996 MHz, 183.95 W, 30
2026/10/08 03:58:44.987, 4, 120 MHz, 3996 MHz, 184.58 W, 36
2026/10/08 03:58:44.987, 5, 120 MHz, 3996 MHz, 184.28 W, 35
2026/10/08 03:58:44.987, 6, 2032 MHz, 3996 MHz, 246.88 W, 33
2026/10/08 03:58:44.987, 7, 2032 MHz, 3996 MHz, 236.89 W, 31
2026/10/08 03:58:45.987, 0, 120 MHz, 3996 MHz, 186.41 W, 33
2026/10/08 03:58:45.987, 1, 120 MHz, 3996 MHz, 188.23 W, 35
2026/10/08 03:58:45.987, 2, 120 MHz, 3996 MHz, 184.21 W, 31
2026/10/08 03:58:45.987, 3, 120 MHz, 3996 MHz, 184.03 W, 30
2026/10/08 03:58:45.987, 4, 120 MHz, 3996 MHz, 184.58 W, 36
2026/10/08 03:58:45.987, 5, 120 MHz, 3996 MHz, 184.25 W, 35
2026/10/08 03:58:45.987, 6, 2032 MHz, 3996 MHz, 247.49 W, 33
2026/10/08 03:58:45.987, 7, 2032 MHz, 3996 MHz, 236.97 W, 31
2026/10/08 03:58:46.987, 0, 120 MHz, 3996 MHz, 186.37 W, 33
2026/10/08 03:58:46.987, 1, 120 MHz, 3996 MHz, 188.23 W, 35
2026/10/08 03:58:46.987, 2, 120 MHz, 3996 MHz, 184.13 W, 31
2026/10/08 03:58:46.987, 3, 120 MHz, 3996 MHz, 184.07 W, 31
2026/10/08 03:58:46.987, 4, 120 MHz, 3996 MHz, 184.59 W, 36
2026/10/08 03:58:46.987, 5, 120 MHz, 3996 MHz, 184.16 W, 35
2026/10/08 03:58:46.987, 6, 2032 MHz, 3996 MHz, 247.28 W, 33
2026/10/08 03:58:46.987, 7, 2032 MHz, 3996 MHz, 236.89 W, 31
2026/10/08 03:58:47.987, 0, 120 MHz, 3996 MHz, 186.41 W, 33
2026/10/08 03:58:47.987, 1, 120 MHz, 3996 MHz, 188.23 W, 35
2026/10/08 03:58:47.987, 2, 120 MHz, 3996 MHz, 184.13 W, 31
2026/10/08 03:58:47.987, 3, 120 MHz, 3996 MHz, 184.11 W, 31
2026/10/08 03:58:47.987, 4, 120 MHz, 3996 MHz, 184.58 W, 36
2026/10/08 03:58:47.987, 5, 120 MHz, 3996 MHz, 184.40 W, 35
2026/10/08 03:58:47.987, 6, 2032 MHz, 3996 MHz, 247.41 W, 33
2026/10/08 03:58:47.987, 7, 2032 MHz, 3996 MHz, 237.00 W, 31
2026/10/08 03:58:48.988, 0, 120 MHz, 3996 MHz, 186.41 W, 33
2026/10/08 03:58:48.988, 1, 120 MHz, 3996 MHz, 188.23 W, 35
2026/10/08 03:58:48.988, 2, 120 MHz, 3996 MHz, 184.36 W, 31
2026/10/08 03:58:48.988, 3, 120 MHz, 3996 MHz, 183.98 W, 31
2026/10/08 03:58:48.988, 4, 120 MHz, 3996 MHz, 184.58 W, 36
2026/10/08 03:58:48.988, 5, 120 MHz, 3996 MHz, 184.37 W, 35
2026/10/08 03:58:48.988, 6, 2032 MHz, 3996 MHz, 247.48 W, 33
2026/10/08 03:58:48.988, 7, 2032 MHz, 3996 MHz, 237.24 W, 32
2026/10/08 03:58:49.988, 0, 120 MHz, 3996 MHz, 186.41 W, 33
2026/10/08 03:58:49.988, 1, 120 MHz, 3996 MHz, 188.23 W, 35
2026/10/08 03:58:49.988, 2, 120 MHz, 3996 MHz, 184.33 W, 31
2026/10/08 03:58:49.988, 3, 120 MHz, 3996 MHz, 184.02 W, 31
2026/10/08 03:58:49.988, 4, 120 MHz, 3996 MHz, 184.58 W, 36
2026/10/08 03:58:49.988, 5, 120 MHz, 3996 MHz, 184.40 W, 35
2026/10/08 03:58:49.988, 6, 2032 MHz, 3996 MHz, 247.46 W, 33
2026/10/08 03:58:49.988, 7, 2032 MHz, 3996 MHz, 237.09 W, 32
2026/10/08 03:58:50.988, 0, 120 MHz, 3996 MHz, 186.41 W, 33
2026/10/08 03:58:50.988, 1, 120 MHz, 3996 MHz, 188.23 W, 35
2026/10/08 03:58:50.988, 2, 120 MHz, 3996 MHz, 184.40 W, 31
2026/10/08 03:58:50.988, 3, 120 MHz, 3996 MHz, 184.02 W, 31
2026/10/08 03:58:50.988, 4, 120 MHz, 3996 MHz, 184.58 W, 36
2026/10/08 03:58:50.988, 5, 120 MHz, 3996 MHz, 184.43 W, 35
2026/10/08 03:58:50.988, 6, 2032 MHz, 3996 MHz, 247.29 W, 33
2026/10/08 03:58:50.988, 7, 2032 MHz, 3996 MHz, 253.35 W, 32
2026/10/08 03:58:51.988, 0, 120 MHz, 3996 MHz, 186.41 W, 33
2026/10/08 03:58:51.988, 1, 120 MHz, 3996 MHz, 188.23 W, 35
2026/10/08 03:58:51.988, 2, 120 MHz, 3996 MHz, 184.29 W, 31
2026/10/08 03:58:51.988, 3, 120 MHz, 3996 MHz, 184.10 W, 31
2026/10/08 03:58:51.989, 4, 120 MHz, 3996 MHz, 184.58 W, 36
2026/10/08 03:58:51.989, 5, 120 MHz, 3996 MHz, 184.43 W, 35
2026/10/08 03:58:51.989, 6, 2032 MHz, 3996 MHz, 247.84 W, 33
2026/10/08 03:58:51.989, 7, 2032 MHz, 3996 MHz, 241.32 W, 32
2026/10/08 03:58:52.989, 0, 120 MHz, 3996 MHz, 186.41 W, 33
2026/10/08 03:58:52.989, 1, 120 MHz, 3996 MHz, 188.23 W, 36
2026/10/08 03:58:52.989, 2, 120 MHz, 3996 MHz, 184.48 W, 31
2026/10/08 03:58:52.989, 3, 120 MHz, 3996 MHz, 184.06 W, 31
2026/10/08 03:58:52.989, 4, 120 MHz, 3996 MHz, 184.57 W, 36
2026/10/08 03:58:52.989, 5, 120 MHz, 3996 MHz, 184.40 W, 35
2026/10/08 03:58:52.989, 6, 2032 MHz, 3996 MHz, 247.99 W, 33
2026/10/08 03:58:52.989, 7, 2032 MHz, 3996 MHz, 257.73 W, 32
2026/10/08 03:58:53.989, 0, 120 MHz, 3996 MHz, 186.41 W, 33
2026/10/08 03:58:53.989, 1, 120 MHz, 3996 MHz, 188.23 W, 36
2026/10/08 03:58:53.989, 2, 120 MHz, 3996 MHz, 184.51 W, 31
2026/10/08 03:58:53.989, 3, 120 MHz, 3996 MHz, 184.07 W, 31
2026/10/08 03:58:53.989, 4, 120 MHz, 3996 MHz, 184.58 W, 36
2026/10/08 03:58:53.989, 5, 120 MHz, 3996 MHz, 184.39 W, 35
2026/10/08 03:58:53.989, 6, 2032 MHz, 3996 MHz, 248.19 W, 33
2026/10/08 03:58:53.989, 7, 2032 MHz, 3996 MHz, 250.11 W, 32
2026/10/08 03:58:54.989, 0, 120 MHz, 3996 MHz, 186.41 W, 33
2026/10/08 03:58:54.989, 1, 120 MHz, 3996 MHz, 188.23 W, 36
2026/10/08 03:58:54.989, 2, 120 MHz, 3996 MHz, 184.25 W, 31
2026/10/08 03:58:54.989, 3, 120 MHz, 3996 MHz, 184.06 W, 31
2026/10/08 03:58:54.989, 4, 120 MHz, 3996 MHz, 184.57 W, 36
2026/10/08 03:58:54.989, 5, 120 MHz, 3996 MHz, 184.32 W, 35
2026/10/08 03:58:54.989, 6, 2032 MHz, 3996 MHz, 248.04 W, 33
2026/10/08 03:58:54.989, 7, 2032 MHz, 3996 MHz, 242.66 W, 32
2026/10/08 03:58:55.989, 0, 120 MHz, 3996 MHz, 186.41 W, 33
2026/10/08 03:58:55.990, 1, 120 MHz, 3996 MHz, 188.23 W, 36
2026/10/08 03:58:55.990, 2, 120 MHz, 3996 MHz, 184.74 W, 31
2026/10/08 03:58:55.990, 3, 120 MHz, 3996 MHz, 184.09 W, 31
2026/10/08 03:58:55.990, 4, 120 MHz, 3996 MHz, 184.58 W, 36
2026/10/08 03:58:55.990, 5, 120 MHz, 3996 MHz, 184.28 W, 35
2026/10/08 03:58:55.990, 6, 2032 MHz, 3996 MHz, 248.09 W, 33
2026/10/08 03:58:55.990, 7, 2032 MHz, 3996 MHz, 238.68 W, 32
2026/10/08 03:58:56.990, 0, 120 MHz, 3996 MHz, 186.41 W, 33
2026/10/08 03:58:56.990, 1, 120 MHz, 3996 MHz, 188.23 W, 36
2026/10/08 03:58:56.990, 2, 120 MHz, 3996 MHz, 184.72 W, 31
2026/10/08 03:58:56.990, 3, 120 MHz, 3996 MHz, 184.06 W, 31
2026/10/08 03:58:56.990, 4, 120 MHz, 3996 MHz, 184.58 W, 36
2026/10/08 03:58:56.990, 5, 120 MHz, 3996 MHz, 184.44 W, 35
2026/10/08 03:58:56.990, 6, 2032 MHz, 3996 MHz, 248.12 W, 34
2026/10/08 03:58:56.990, 7, 2032 MHz, 3996 MHz, 238.68 W, 32
2026/10/08 03:58:57.990, 0, 120 MHz, 3996 MHz, 186.41 W, 33
2026/10/08 03:58:57.990, 1, 120 MHz, 3996 MHz, 188.23 W, 36
2026/10/08 03:58:57.990, 2, 120 MHz, 3996 MHz, 184.87 W, 31
2026/10/08 03:58:57.990, 3, 120 MHz, 3996 MHz, 184.11 W, 31
2026/10/08 03:58:57.990, 4, 120 MHz, 3996 MHz, 184.59 W, 36
2026/10/08 03:58:57.990, 5, 120 MHz, 3996 MHz, 184.40 W, 35
2026/10/08 03:58:57.990, 6, 2032 MHz, 3996 MHz, 248.43 W, 34
2026/10/08 03:58:57.990, 7, 2032 MHz, 3996 MHz, 238.68 W, 32
2026/10/08 03:58:58.990, 0, 120 MHz, 3996 MHz, 186.41 W, 33
2026/10/08 03:58:58.990, 1, 120 MHz, 3996 MHz, 188.23 W, 36
2026/10/08 03:58:58.990, 2, 120 MHz, 3996 MHz, 184.74 W, 31
2026/10/08 03:58:58.990, 3, 120 MHz, 3996 MHz, 184.10 W, 31
2026/10/08 03:58:58.990, 4, 120 MHz, 3996 MHz, 184.58 W, 36
2026/10/08 03:58:58.990, 5, 120 MHz, 3996 MHz, 184.40 W, 35
2026/10/08 03:58:58.990, 6, 2032 MHz, 3996 MHz, 248.48 W, 34
2026/10/08 03:58:58.990, 7, 2032 MHz, 3996 MHz, 238.68 W, 32
2026/10/08 03:58:59.991, 0, 120 MHz, 3996 MHz, 186.41 W, 33
2026/10/08 03:58:59.991, 1, 120 MHz, 3996 MHz, 188.23 W, 36
2026/10/08 03:58:59.991, 2, 120 MHz, 3996 MHz, 184.99 W, 31
2026/10/08 03:58:59.991, 3, 120 MHz, 3996 MHz, 184.05 W, 31
2026/10/08 03:58:59.991, 4, 120 MHz, 3996 MHz, 184.57 W, 36
2026/10/08 03:58:59.991, 5, 120 MHz, 3996 MHz, 184.32 W, 35
2026/10/08 03:58:59.991, 6, 2032 MHz, 3996 MHz, 248.51 W, 34
2026/10/08 03:58:59.991, 7, 2032 MHz, 3996 MHz, 238.68 W, 32
2026/10/08 03:59:00.991, 0, 120 MHz, 3996 MHz, 186.41 W, 33
2026/10/08 03:59:00.991, 1, 120 MHz, 3996 MHz, 188.23 W, 36
2026/10/08 03:59:00.991, 2, 120 MHz, 3996 MHz, 185.36 W, 31
2026/10/08 03:59:00.991, 3, 120 MHz, 3996 MHz, 184.09 W, 31
2026/10/08 03:59:00.991, 4, 120 MHz, 3996 MHz, 184.59 W, 36
2026/10/08 03:59:00.991, 5, 120 MHz, 3996 MHz, 184.44 W, 35
2026/10/08 03:59:00.991, 6, 2032 MHz, 3996 MHz, 248.62 W, 34
2026/10/08 03:59:00.991, 7, 2032 MHz, 3996 MHz, 238.68 W, 32
2026/10/08 03:59:01.991, 0, 120 MHz, 3996 MHz, 186.41 W, 33
2026/10/08 03:59:01.991, 1, 120 MHz, 3996 MHz, 188.23 W, 36
2026/10/08 03:59:01.991, 2, 120 MHz, 3996 MHz, 185.09 W, 31
2026/10/08 03:59:01.991, 3, 120 MHz, 3996 MHz, 184.09 W, 31
2026/10/08 03:59:01.991, 4, 120 MHz, 3996 MHz, 184.59 W, 36
2026/10/08 03:59:01.991, 5, 120 MHz, 3996 MHz, 184.39 W, 35
2026/10/08 03:59:01.991, 6, 2032 MHz, 3996 MHz, 248.47 W, 34
2026/10/08 03:59:01.991, 7, 2032 MHz, 3996 MHz, 238.68 W, 32
2026/10/08 03:59:02.991, 0, 120 MHz, 3996 MHz, 186.41 W, 33
2026/10/08 03:59:02.991, 1, 120 MHz, 3996 MHz, 188.23 W, 36
2026/10/08 03:59:02.991, 2, 120 MHz, 3996 MHz, 185.23 W, 31
2026/10/08 03:59:02.992, 3, 120 MHz, 3996 MHz, 184.10 W, 31
2026/10/08 03:59:02.992, 4, 120 MHz, 3996 MHz, 184.59 W, 36
2026/10/08 03:59:02.992, 5, 120 MHz, 3996 MHz, 184.51 W, 35
2026/10/08 03:59:02.992, 6, 2032 MHz, 3996 MHz, 248.51 W, 34
2026/10/08 03:59:02.992, 7, 2032 MHz, 3996 MHz, 238.68 W, 32
2026/10/08 03:59:03.992, 0, 120 MHz, 3996 MHz, 186.41 W, 33
2026/10/08 03:59:03.992, 1, 120 MHz, 3996 MHz, 188.23 W, 36
2026/10/08 03:59:03.992, 2, 120 MHz, 3996 MHz, 185.26 W, 31
2026/10/08 03:59:03.992, 3, 120 MHz, 3996 MHz, 184.09 W, 31
2026/10/08 03:59:03.992, 4, 120 MHz, 3996 MHz, 184.58 W, 36
2026/10/08 03:59:03.992, 5, 120 MHz, 3996 MHz, 184.48 W, 35
2026/10/08 03:59:03.992, 6, 2032 MHz, 3996 MHz, 248.45 W, 34
2026/10/08 03:59:03.992, 7, 2032 MHz, 3996 MHz, 242.62 W, 32
2026/10/08 03:59:04.992, 0, 120 MHz, 3996 MHz, 186.41 W, 33
2026/10/08 03:59:04.992, 1, 120 MHz, 3996 MHz, 188.23 W, 36
2026/10/08 03:59:04.992, 2, 120 MHz, 3996 MHz, 185.11 W, 31
2026/10/08 03:59:04.992, 3, 120 MHz, 3996 MHz, 184.09 W, 31
2026/10/08 03:59:04.992, 4, 120 MHz, 3996 MHz, 184.57 W, 36
2026/10/08 03:59:04.992, 5, 120 MHz, 3996 MHz, 184.44 W, 35
2026/10/08 03:59:04.992, 6, 2032 MHz, 3996 MHz, 248.50 W, 34
2026/10/08 03:59:04.992, 7, 2032 MHz, 3996 MHz, 238.68 W, 32
2026/10/08 03:59:05.992, 0, 120 MHz, 3996 MHz, 186.41 W, 33
2026/10/08 03:59:05.992, 1, 120 MHz, 3996 MHz, 188.23 W, 36
2026/10/08 03:59:05.992, 2, 120 MHz, 3996 MHz, 185.05 W, 31
2026/10/08 03:59:05.992, 3, 120 MHz, 3996 MHz, 183.98 W, 31
2026/10/08 03:59:05.992, 4, 120 MHz, 3996 MHz, 184.58 W, 36
2026/10/08 03:59:05.992, 5, 120 MHz, 3996 MHz, 184.55 W, 35
2026/10/08 03:59:05.992, 6, 2032 MHz, 3996 MHz, 248.46 W, 34
2026/10/08 03:59:05.993, 7, 2032 MHz, 3996 MHz, 245.00 W, 32
2026/10/08 03:59:06.993, 0, 120 MHz, 3996 MHz, 186.41 W, 34
2026/10/08 03:59:06.993, 1, 120 MHz, 3996 MHz, 188.23 W, 36
2026/10/08 03:59:06.993, 2, 120 MHz, 3996 MHz, 185.42 W, 31
2026/10/08 03:59:06.993, 3, 120 MHz, 3996 MHz, 184.10 W, 31
2026/10/08 03:59:06.993, 4, 120 MHz, 3996 MHz, 184.57 W, 36
2026/10/08 03:59:06.993, 5, 120 MHz, 3996 MHz, 184.47 W, 35
2026/10/08 03:59:06.993, 6, 2032 MHz, 3996 MHz, 248.58 W, 34
2026/10/08 03:59:06.993, 7, 2032 MHz, 3996 MHz, 238.72 W, 32
2026/10/08 03:59:07.993, 0, 120 MHz, 3996 MHz, 186.41 W, 34
2026/10/08 03:59:07.993, 1, 120 MHz, 3996 MHz, 188.23 W, 36
2026/10/08 03:59:07.993, 2, 120 MHz, 3996 MHz, 185.54 W, 31
2026/10/08 03:59:07.993, 3, 120 MHz, 3996 MHz, 184.10 W, 31
2026/10/08 03:59:07.993, 4, 120 MHz, 3996 MHz, 184.58 W, 36
2026/10/08 03:59:07.993, 5, 120 MHz, 3996 MHz, 184.59 W, 35
2026/10/08 03:59:07.993, 6, 2032 MHz, 3996 MHz, 248.62 W, 34
2026/10/08 03:59:07.993, 7, 2032 MHz, 3996 MHz, 238.68 W, 32
2026/10/08 03:59:08.993, 0, 120 MHz, 3996 MHz, 186.41 W, 34
2026/10/08 03:59:08.993, 1, 120 MHz, 3996 MHz, 188.23 W, 36
2026/10/08 03:59:08.993, 2, 120 MHz, 3996 MHz, 185.17 W, 31
2026/10/08 03:59:08.993, 3, 120 MHz, 3996 MHz, 184.09 W, 31
2026/10/08 03:59:08.993, 4, 120 MHz, 3996 MHz, 184.58 W, 37
2026/10/08 03:59:08.993, 5, 120 MHz, 3996 MHz, 184.55 W, 35
2026/10/08 03:59:08.993, 6, 2032 MHz, 3996 MHz, 248.55 W, 34
2026/10/08 03:59:08.993, 7, 2032 MHz, 3996 MHz, 238.79 W, 32
2026/10/08 03:59:09.993, 0, 120 MHz, 3996 MHz, 186.41 W, 34
2026/10/08 03:59:09.993, 1, 120 MHz, 3996 MHz, 188.23 W, 36
2026/10/08 03:59:09.994, 2, 120 MHz, 3996 MHz, 185.50 W, 31
2026/10/08 03:59:09.994, 3, 120 MHz, 3996 MHz, 184.09 W, 31
2026/10/08 03:59:09.994, 4, 120 MHz, 3996 MHz, 184.58 W, 37
2026/10/08 03:59:09.994, 5, 120 MHz, 3996 MHz, 184.59 W, 35
2026/10/08 03:59:09.994, 6, 2032 MHz, 3996 MHz, 248.61 W, 34
2026/10/08 03:59:09.994, 7, 2032 MHz, 3996 MHz, 238.68 W, 32
2026/10/08 03:59:10.994, 0, 120 MHz, 3996 MHz, 186.41 W, 34
2026/10/08 03:59:10.994, 1, 120 MHz, 3996 MHz, 188.23 W, 36
2026/10/08 03:59:10.994, 2, 120 MHz, 3996 MHz, 185.62 W, 31
2026/10/08 03:59:10.994, 3, 120 MHz, 3996 MHz, 184.10 W, 31
2026/10/08 03:59:10.994, 4, 120 MHz, 3996 MHz, 184.58 W, 37
2026/10/08 03:59:10.994, 5, 120 MHz, 3996 MHz, 184.59 W, 35
2026/10/08 03:59:10.994, 6, 2032 MHz, 3996 MHz, 248.62 W, 34
2026/10/08 03:59:10.994, 7, 2032 MHz, 3996 MHz, 238.68 W, 32
2026/10/08 03:59:11.994, 0, 120 MHz, 3996 MHz, 186.41 W, 34
2026/10/08 03:59:11.994, 1, 120 MHz, 3996 MHz, 188.23 W, 36
2026/10/08 03:59:11.994, 2, 120 MHz, 3996 MHz, 185.24 W, 31
2026/10/08 03:59:11.994, 3, 120 MHz, 3996 MHz, 184.11 W, 31
2026/10/08 03:59:11.994, 4, 120 MHz, 3996 MHz, 184.57 W, 37
2026/10/08 03:59:11.994, 5, 120 MHz, 3996 MHz, 184.55 W, 35
2026/10/08 03:59:11.994, 6, 2032 MHz, 3996 MHz, 248.64 W, 34
2026/10/08 03:59:11.994, 7, 2032 MHz, 3996 MHz, 238.68 W, 32
2026/10/08 03:59:12.994, 0, 120 MHz, 3996 MHz, 186.41 W, 34
2026/10/08 03:59:12.994, 1, 120 MHz, 3996 MHz, 188.23 W, 36
2026/10/08 03:59:12.994, 2, 120 MHz, 3996 MHz, 185.74 W, 31
2026/10/08 03:59:12.994, 3, 120 MHz, 3996 MHz, 184.09 W, 31
2026/10/08 03:59:12.994, 4, 120 MHz, 3996 MHz, 184.58 W, 37
2026/10/08 03:59:12.994, 5, 120 MHz, 3996 MHz, 184.54 W, 35
2026/10/08 03:59:12.994, 6, 2032 MHz, 3996 MHz, 248.60 W, 34
2026/10/08 03:59:12.994, 7, 2032 MHz, 3996 MHz, 238.68 W, 32
2026/10/08 03:59:13.994, 0, 120 MHz, 3996 MHz, 186.41 W, 34
2026/10/08 03:59:13.995, 1, 120 MHz, 3996 MHz, 188.23 W, 36
2026/10/08 03:59:13.995, 2, 120 MHz, 3996 MHz, 185.70 W, 31
2026/10/08 03:59:13.995, 3, 120 MHz, 3996 MHz, 184.09 W, 31
2026/10/08 03:59:13.995, 4, 120 MHz, 3996 MHz, 184.56 W, 37
2026/10/08 03:59:13.995, 5, 120 MHz, 3996 MHz, 184.55 W, 36
2026/10/08 03:59:13.995, 6, 2032 MHz, 3996 MHz, 248.63 W, 34
2026/10/08 03:59:13.995, 7, 2032 MHz, 3996 MHz, 238.68 W, 32
2026/10/08 03:59:14.995, 0, 120 MHz, 3996 MHz, 186.41 W, 34
2026/10/08 03:59:14.995, 1, 120 MHz, 3996 MHz, 188.23 W, 36
2026/10/08 03:59:14.995, 2, 120 MHz, 3996 MHz, 185.74 W, 31
2026/10/08 03:59:14.995, 3, 120 MHz, 3996 MHz, 184.10 W, 31
2026/10/08 03:59:14.995, 4, 120 MHz, 3996 MHz, 184.58 W, 37
2026/10/08 03:59:14.995, 5, 120 MHz, 3996 MHz, 184.59 W, 36
2026/10/08 03:59:14.995, 6, 2032 MHz, 3996 MHz, 248.64 W, 34
2026/10/08 03:59:14.995, 7, 2032 MHz, 3996 MHz, 238.68 W, 32
2026/10/08 03:59:15.995, 0, 120 MHz, 3996 MHz, 186.41 W, 34
2026/10/08 03:59:15.995, 1, 120 MHz, 3996 MHz, 188.23 W, 36
2026/10/08 03:59:15.995, 2, 120 MHz, 3996 MHz, 185.77 W, 31
2026/10/08 03:59:15.995, 3, 120 MHz, 3996 MHz, 184.09 W, 31
2026/10/08 03:59:15.995, 4, 120 MHz, 3996 MHz, 184.58 W, 37
2026/10/08 03:59:15.995, 5, 120 MHz, 3996 MHz, 184.59 W, 36
2026/10/08 03:59:15.995, 6, 2032 MHz, 3996 MHz, 248.67 W, 34
2026/10/08 03:59:15.995, 7, 2032 MHz, 3996 MHz, 242.72 W, 32
2026/10/08 03:59:16.996, 0, 120 MHz, 3996 MHz, 186.41 W, 34
2026/10/08 03:59:16.996, 1, 120 MHz, 3996 MHz, 188.23 W, 36
2026/10/08 03:59:16.996, 2, 120 MHz, 3996 MHz, 184.13 W, 31
2026/10/08 03:59:16.996, 3, 120 MHz, 3996 MHz, 183.90 W, 31
2026/10/08 03:59:16.996, 4, 120 MHz, 3996 MHz, 184.58 W, 37
2026/10/08 03:59:16.996, 5, 120 MHz, 3996 MHz, 184.40 W, 36
2026/10/08 03:59:16.996, 6, 2032 MHz, 3996 MHz, 248.69 W, 34
2026/10/08 03:59:16.996, 7, 2032 MHz, 3996 MHz, 238.64 W, 32
2026/10/08 03:59:17.996, 0, 120 MHz, 3996 MHz, 186.37 W, 34
2026/10/08 03:59:17.996, 1, 120 MHz, 3996 MHz, 188.11 W, 36
2026/10/08 03:59:17.996, 2, 120 MHz, 3996 MHz, 184.21 W, 31
2026/10/08 03:59:17.996, 3, 120 MHz, 3996 MHz, 183.97 W, 31
2026/10/08 03:59:17.996, 4, 120 MHz, 3996 MHz, 184.58 W, 37
2026/10/08 03:59:17.996, 5, 120 MHz, 3996 MHz, 184.24 W, 36
2026/10/08 03:59:17.996, 6, 2032 MHz, 3996 MHz, 248.69 W, 34
2026/10/08 03:59:17.996, 7, 2032 MHz, 3996 MHz, 238.64 W, 32
2026/10/08 03:59:18.996, 0, 120 MHz, 3996 MHz, 186.41 W, 34
2026/10/08 03:59:18.996, 1, 120 MHz, 3996 MHz, 187.92 W, 36
2026/10/08 03:59:18.996, 2, 120 MHz, 3996 MHz, 184.13 W, 31
2026/10/08 03:59:18.996, 3, 120 MHz, 3996 MHz, 183.67 W, 31
2026/10/08 03:59:18.996, 4, 120 MHz, 3996 MHz, 184.58 W, 37
2026/10/08 03:59:18.996, 5, 120 MHz, 3996 MHz, 184.10 W, 36
2026/10/08 03:59:18.996, 6, 2032 MHz, 3996 MHz, 248.67 W, 34
2026/10/08 03:59:18.996, 7, 2032 MHz, 3996 MHz, 238.64 W, 32
2026/10/08 03:59:19.996, 0, 120 MHz, 3996 MHz, 186.37 W, 34
2026/10/08 03:59:19.996, 1, 120 MHz, 3996 MHz, 188.23 W, 36
2026/10/08 03:59:19.996, 2, 120 MHz, 3996 MHz, 184.09 W, 31
2026/10/08 03:59:19.996, 3, 120 MHz, 3996 MHz, 183.66 W, 31
2026/10/08 03:59:19.996, 4, 120 MHz, 3996 MHz, 184.58 W, 37
2026/10/08 03:59:19.997, 5, 120 MHz, 3996 MHz, 184.40 W, 36
2026/10/08 03:59:19.997, 6, 2032 MHz, 3996 MHz, 248.77 W, 34
2026/10/08 03:59:19.997, 7, 2032 MHz, 3996 MHz, 238.64 W, 32
2026/10/08 03:59:20.997, 0, 120 MHz, 3996 MHz, 186.41 W, 34
2026/10/08 03:59:20.997, 1, 120 MHz, 3996 MHz, 188.11 W, 36
2026/10/08 03:59:20.997, 2, 120 MHz, 3996 MHz, 184.09 W, 31
2026/10/08 03:59:20.997, 3, 120 MHz, 3996 MHz, 183.48 W, 31
2026/10/08 03:59:20.997, 4, 120 MHz, 3996 MHz, 184.59 W, 37
2026/10/08 03:59:20.997, 5, 120 MHz, 3996 MHz, 184.47 W, 36
2026/10/08 03:59:20.997, 6, 2032 MHz, 3996 MHz, 265.61 W, 34
2026/10/08 03:59:20.997, 7, 2032 MHz, 3996 MHz, 238.96 W, 32
2026/10/08 03:59:21.997, 0, 120 MHz, 3996 MHz, 186.41 W, 34
2026/10/08 03:59:21.997, 1, 120 MHz, 3996 MHz, 188.11 W, 36
2026/10/08 03:59:21.997, 2, 120 MHz, 3996 MHz, 184.17 W, 31
2026/10/08 03:59:21.997, 3, 120 MHz, 3996 MHz, 183.60 W, 31
2026/10/08 03:59:21.997, 4, 120 MHz, 3996 MHz, 184.58 W, 37
2026/10/08 03:59:21.997, 5, 120 MHz, 3996 MHz, 184.43 W, 36
2026/10/08 03:59:21.997, 6, 2032 MHz, 3996 MHz, 261.56 W, 34
2026/10/08 03:59:21.997, 7, 2032 MHz, 3996 MHz, 238.63 W, 32
2026/10/08 03:59:22.997, 0, 120 MHz, 3996 MHz, 186.41 W, 34
2026/10/08 03:59:22.997, 1, 120 MHz, 3996 MHz, 188.11 W, 36
2026/10/08 03:59:22.997, 2, 120 MHz, 3996 MHz, 184.09 W, 31
2026/10/08 03:59:22.997, 3, 120 MHz, 3996 MHz, 183.47 W, 32
2026/10/08 03:59:22.997, 4, 120 MHz, 3996 MHz, 184.59 W, 37
2026/10/08 03:59:22.997, 5, 120 MHz, 3996 MHz, 184.28 W, 36
2026/10/08 03:59:22.997, 6, 2032 MHz, 3996 MHz, 265.44 W, 34
2026/10/08 03:59:22.997, 7, 2032 MHz, 3996 MHz, 238.62 W, 32
2026/10/08 03:59:23.998, 0, 120 MHz, 3996 MHz, 186.41 W, 34
2026/10/08 03:59:23.998, 1, 120 MHz, 3996 MHz, 188.19 W, 36
2026/10/08 03:59:23.998, 2, 120 MHz, 3996 MHz, 184.24 W, 32
2026/10/08 03:59:23.998, 3, 120 MHz, 3996 MHz, 183.36 W, 32
2026/10/08 03:59:23.998, 4, 120 MHz, 3996 MHz, 184.57 W, 37
2026/10/08 03:59:23.998, 5, 120 MHz, 3996 MHz, 184.36 W, 36
2026/10/08 03:59:23.998, 6, 2032 MHz, 3996 MHz, 257.95 W, 34
2026/10/08 03:59:23.998, 7, 2032 MHz, 3996 MHz, 238.64 W, 32
2026/10/08 03:59:24.998, 0, 120 MHz, 3996 MHz, 186.41 W, 34
2026/10/08 03:59:24.998, 1, 120 MHz, 3996 MHz, 188.23 W, 36
2026/10/08 03:59:24.998, 2, 120 MHz, 3996 MHz, 184.21 W, 32
2026/10/08 03:59:24.998, 3, 120 MHz, 3996 MHz, 183.45 W, 32
2026/10/08 03:59:24.998, 4, 120 MHz, 3996 MHz, 184.58 W, 37
2026/10/08 03:59:24.998, 5, 120 MHz, 3996 MHz, 184.51 W, 36
2026/10/08 03:59:24.998, 6, 2032 MHz, 3996 MHz, 248.70 W, 34
2026/10/08 03:59:24.998, 7, 2032 MHz, 3996 MHz, 238.68 W, 32
2026/10/08 03:59:25.998, 0, 120 MHz, 3996 MHz, 186.41 W, 34
2026/10/08 03:59:25.998, 1, 120 MHz, 3996 MHz, 188.19 W, 36
2026/10/08 03:59:25.998, 2, 120 MHz, 3996 MHz, 184.29 W, 32
2026/10/08 03:59:25.998, 3, 120 MHz, 3996 MHz, 183.55 W, 32
2026/10/08 03:59:25.998, 4, 120 MHz, 3996 MHz, 184.57 W, 37
2026/10/08 03:59:25.998, 5, 120 MHz, 3996 MHz, 184.28 W, 36
2026/10/08 03:59:25.998, 6, 2032 MHz, 3996 MHz, 248.70 W, 34
2026/10/08 03:59:25.998, 7, 2032 MHz, 3996 MHz, 238.68 W, 32
2026/10/08 03:59:26.998, 0, 120 MHz, 3996 MHz, 186.41 W, 34
2026/10/08 03:59:26.999, 1, 120 MHz, 3996 MHz, 188.23 W, 36
2026/10/08 03:59:26.999, 2, 120 MHz, 3996 MHz, 184.13 W, 32
2026/10/08 03:59:26.999, 3, 120 MHz, 3996 MHz, 183.73 W, 32
2026/10/08 03:59:26.999, 4, 120 MHz, 3996 MHz, 184.58 W, 37
2026/10/08 03:59:26.999, 5, 120 MHz, 3996 MHz, 184.55 W, 36
2026/10/08 03:59:26.999, 6, 2032 MHz, 3996 MHz, 248.67 W, 34
2026/10/08 03:59:26.999, 7, 2032 MHz, 3996 MHz, 238.68 W, 33
2026/10/08 03:59:27.999, 0, 120 MHz, 3996 MHz, 186.41 W, 34
2026/10/08 03:59:27.999, 1, 120 MHz, 3996 MHz, 188.23 W, 36
2026/10/08 03:59:27.999, 2, 120 MHz, 3996 MHz, 184.13 W, 32
2026/10/08 03:59:27.999, 3, 120 MHz, 3996 MHz, 183.88 W, 32
2026/10/08 03:59:27.999, 4, 120 MHz, 3996 MHz, 184.58 W, 37
2026/10/08 03:59:27.999, 5, 120 MHz, 3996 MHz, 184.44 W, 36
2026/10/08 03:59:27.999, 6, 2032 MHz, 3996 MHz, 248.69 W, 34
2026/10/08 03:59:27.999, 7, 2032 MHz, 3996 MHz, 238.68 W, 33
2026/10/08 03:59:28.999, 0, 120 MHz, 3996 MHz, 186.41 W, 34
2026/10/08 03:59:28.999, 1, 120 MHz, 3996 MHz, 188.23 W, 36
2026/10/08 03:59:28.999, 2, 120 MHz, 3996 MHz, 184.36 W, 32
2026/10/08 03:59:28.999, 3, 120 MHz, 3996 MHz, 183.60 W, 32
2026/10/08 03:59:28.999, 4, 120 MHz, 3996 MHz, 184.58 W, 37
2026/10/08 03:59:28.999, 5, 120 MHz, 3996 MHz, 184.51 W, 36
2026/10/08 03:59:28.999, 6, 2032 MHz, 3996 MHz, 248.70 W, 34
2026/10/08 03:59:28.999, 7, 2032 MHz, 3996 MHz, 238.68 W, 33
2026/10/08 03:59:29.999, 0, 120 MHz, 3996 MHz, 186.41 W, 34
2026/10/08 03:59:29.999, 1, 120 MHz, 3996 MHz, 188.23 W, 36
2026/10/08 03:59:29.999, 2, 120 MHz, 3996 MHz, 184.40 W, 32
2026/10/08 03:59:29.999, 3, 120 MHz, 3996 MHz, 183.60 W, 32
2026/10/08 03:59:29.999, 4, 120 MHz, 3996 MHz, 184.58 W, 37
2026/10/08 03:59:29.999, 5, 120 MHz, 3996 MHz, 184.44 W, 36
2026/10/08 03:59:29.999, 6, 2032 MHz, 3996 MHz, 248.69 W, 34
2026/10/08 03:59:29.999, 7, 2032 MHz, 3996 MHz, 238.68 W, 33
2026/10/08 03:59:30.999, 0, 120 MHz, 3996 MHz, 186.41 W, 34
2026/10/08 03:59:31.000, 1, 120 MHz, 3996 MHz, 188.23 W, 36
2026/10/08 03:59:31.000, 2, 120 MHz, 3996 MHz, 184.48 W, 32
2026/10/08 03:59:31.000, 3, 120 MHz, 3996 MHz, 183.75 W, 32
2026/10/08 03:59:31.000, 4, 120 MHz, 3996 MHz, 184.59 W, 37
2026/10/08 03:59:31.000, 5, 120 MHz, 3996 MHz, 184.29 W, 36
2026/10/08 03:59:31.000, 6, 2032 MHz, 3996 MHz, 248.69 W, 34
2026/10/08 03:59:31.000, 7, 2032 MHz, 3996 MHz, 238.68 W, 33
2026/10/08 03:59:32.000, 0, 2032 MHz, 3996 MHz, 188.22 W, 34
2026/10/08 03:59:32.000, 1, 120 MHz, 3996 MHz, 188.22 W, 36
2026/10/08 03:59:32.000, 2, 120 MHz, 3996 MHz, 184.52 W, 32
2026/10/08 03:59:32.000, 3, 120 MHz, 3996 MHz, 183.55 W, 32
2026/10/08 03:59:32.000, 4, 120 MHz, 3996 MHz, 184.59 W, 37
2026/10/08 03:59:32.000, 5, 120 MHz, 3996 MHz, 184.51 W, 36
2026/10/08 03:59:32.000, 6, 2032 MHz, 3996 MHz, 248.73 W, 34
2026/10/08 03:59:32.000, 7, 2032 MHz, 3996 MHz, 238.75 W, 33
2026/10/08 03:59:33.000, 0, 2032 MHz, 3996 MHz, 242.49 W, 35
2026/10/08 03:59:33.000, 1, 120 MHz, 3996 MHz, 188.10 W, 36
2026/10/08 03:59:33.000, 2, 120 MHz, 3996 MHz, 184.44 W, 32
2026/10/08 03:59:33.000, 3, 120 MHz, 3996 MHz, 183.76 W, 32
2026/10/08 03:59:33.000, 4, 120 MHz, 3996 MHz, 184.57 W, 37
2026/10/08 03:59:33.000, 5, 120 MHz, 3996 MHz, 184.44 W, 36
2026/10/08 03:59:33.000, 6, 2032 MHz, 3996 MHz, 250.68 W, 34
2026/10/08 03:59:33.000, 7, 2032 MHz, 3996 MHz, 238.66 W, 33
2026/10/08 03:59:34.000, 0, 2032 MHz, 3996 MHz, 242.56 W, 35
2026/10/08 03:59:34.000, 1, 120 MHz, 3996 MHz, 188.10 W, 37
2026/10/08 03:59:34.000, 2, 120 MHz, 3996 MHz, 184.82 W, 32
2026/10/08 03:59:34.000, 3, 120 MHz, 3996 MHz, 183.86 W, 32
2026/10/08 03:59:34.000, 4, 120 MHz, 3996 MHz, 184.57 W, 37
2026/10/08 03:59:34.000, 5, 120 MHz, 3996 MHz, 184.43 W, 36
2026/10/08 03:59:34.000, 6, 2032 MHz, 3996 MHz, 250.47 W, 34
2026/10/08 03:59:34.000, 7, 2032 MHz, 3996 MHz, 238.68 W, 33
2026/10/08 03:59:35.000, 0, 2032 MHz, 3996 MHz, 242.59 W, 36
2026/10/08 03:59:35.001, 1, 120 MHz, 3996 MHz, 188.10 W, 37
2026/10/08 03:59:35.001, 2, 120 MHz, 3996 MHz, 184.95 W, 32
2026/10/08 03:59:35.001, 3, 120 MHz, 3996 MHz, 183.63 W, 32
2026/10/08 03:59:35.001, 4, 120 MHz, 3996 MHz, 184.58 W, 37
2026/10/08 03:59:35.001, 5, 120 MHz, 3996 MHz, 184.58 W, 36
2026/10/08 03:59:35.001, 6, 2032 MHz, 3996 MHz, 250.86 W, 34
2026/10/08 03:59:35.001, 7, 2032 MHz, 3996 MHz, 238.67 W, 33
2026/10/08 03:59:36.001, 0, 2032 MHz, 3996 MHz, 242.56 W, 36
2026/10/08 03:59:36.001, 1, 120 MHz, 3996 MHz, 188.10 W, 37
2026/10/08 03:59:36.001, 2, 120 MHz, 3996 MHz, 184.78 W, 32
2026/10/08 03:59:36.001, 3, 120 MHz, 3996 MHz, 183.58 W, 32
2026/10/08 03:59:36.001, 4, 120 MHz, 3996 MHz, 184.58 W, 37
2026/10/08 03:59:36.001, 5, 120 MHz, 3996 MHz, 184.51 W, 36
2026/10/08 03:59:36.001, 6, 2032 MHz, 3996 MHz, 253.71 W, 34
2026/10/08 03:59:36.001, 7, 2032 MHz, 3996 MHz, 238.67 W, 33
2026/10/08 03:59:37.001, 0, 2032 MHz, 3996 MHz, 242.56 W, 36
2026/10/08 03:59:37.001, 1, 120 MHz, 3996 MHz, 188.10 W, 37
2026/10/08 03:59:37.001, 2, 120 MHz, 3996 MHz, 185.11 W, 32
2026/10/08 03:59:37.001, 3, 120 MHz, 3996 MHz, 183.90 W, 32
2026/10/08 03:59:37.001, 4, 120 MHz, 3996 MHz, 184.59 W, 37
2026/10/08 03:59:37.001, 5, 120 MHz, 3996 MHz, 184.52 W, 36
2026/10/08 03:59:37.001, 6, 2032 MHz, 3996 MHz, 248.65 W, 34
2026/10/08 03:59:37.001, 7, 2032 MHz, 3996 MHz, 238.68 W, 33
2026/10/08 03:59:38.001, 0, 2032 MHz, 3996 MHz, 244.00 W, 36
2026/10/08 03:59:38.001, 1, 120 MHz, 3996 MHz, 188.09 W, 37
2026/10/08 03:59:38.001, 2, 120 MHz, 3996 MHz, 184.75 W, 32
2026/10/08 03:59:38.001, 3, 120 MHz, 3996 MHz, 183.94 W, 32
2026/10/08 03:59:38.001, 4, 120 MHz, 3996 MHz, 184.58 W, 37
2026/10/08 03:59:38.001, 5, 120 MHz, 3996 MHz, 184.51 W, 36
2026/10/08 03:59:38.001, 6, 2032 MHz, 3996 MHz, 248.67 W, 34
2026/10/08 03:59:38.001, 7, 2032 MHz, 3996 MHz, 238.68 W, 33
2026/10/08 03:59:39.002, 0, 2032 MHz, 3996 MHz, 281.13 W, 36
2026/10/08 03:59:39.002, 1, 120 MHz, 3996 MHz, 188.02 W, 37
2026/10/08 03:59:39.002, 2, 120 MHz, 3996 MHz, 184.76 W, 32
2026/10/08 03:59:39.002, 3, 120 MHz, 3996 MHz, 183.93 W, 32
2026/10/08 03:59:39.002, 4, 120 MHz, 3996 MHz, 184.59 W, 37
2026/10/08 03:59:39.002, 5, 120 MHz, 3996 MHz, 184.59 W, 36
2026/10/08 03:59:39.002, 6, 2032 MHz, 3996 MHz, 248.71 W, 34
2026/10/08 03:59:39.002, 7, 2032 MHz, 3996 MHz, 240.46 W, 33
2026/10/08 03:59:40.002, 0, 2032 MHz, 3996 MHz, 316.56 W, 37
2026/10/08 03:59:40.002, 1, 120 MHz, 3996 MHz, 187.92 W, 37
2026/10/08 03:59:40.002, 2, 120 MHz, 3996 MHz, 184.89 W, 32
2026/10/08 03:59:40.002, 3, 120 MHz, 3996 MHz, 184.01 W, 32
2026/10/08 03:59:40.002, 4, 120 MHz, 3996 MHz, 184.59 W, 37
2026/10/08 03:59:40.002, 5, 120 MHz, 3996 MHz, 183.40 W, 36
2026/10/08 03:59:40.002, 6, 2032 MHz, 3996 MHz, 248.65 W, 34
2026/10/08 03:59:40.002, 7, 2032 MHz, 3996 MHz, 245.69 W, 33
2026/10/08 03:59:41.002, 0, 2032 MHz, 3996 MHz, 242.63 W, 36
2026/10/08 03:59:41.002, 1, 120 MHz, 3996 MHz, 188.10 W, 37
2026/10/08 03:59:41.002, 2, 120 MHz, 3996 MHz, 184.83 W, 32
2026/10/08 03:59:41.002, 3, 120 MHz, 3996 MHz, 184.02 W, 32
2026/10/08 03:59:41.002, 4, 120 MHz, 3996 MHz, 184.57 W, 37
2026/10/08 03:59:41.002, 5, 120 MHz, 3996 MHz, 183.29 W, 36
2026/10/08 03:59:41.002, 6, 2032 MHz, 3996 MHz, 248.71 W, 34
2026/10/08 03:59:41.002, 7, 2032 MHz, 3996 MHz, 238.68 W, 33
2026/10/08 03:59:42.002, 0, 2032 MHz, 3996 MHz, 242.93 W, 36
2026/10/08 03:59:42.002, 1, 120 MHz, 3996 MHz, 188.10 W, 37
2026/10/08 03:59:42.003, 2, 120 MHz, 3996 MHz, 184.81 W, 32
2026/10/08 03:59:42.003, 3, 120 MHz, 3996 MHz, 183.94 W, 32
2026/10/08 03:59:42.003, 4, 120 MHz, 3996 MHz, 184.59 W, 37
2026/10/08 03:59:42.003, 5, 120 MHz, 3996 MHz, 183.36 W, 36
2026/10/08 03:59:42.003, 6, 2032 MHz, 3996 MHz, 248.68 W, 34
2026/10/08 03:59:42.003, 7, 2032 MHz, 3996 MHz, 238.68 W, 33
2026/10/08 03:59:43.003, 0, 2032 MHz, 3996 MHz, 242.56 W, 36
2026/10/08 03:59:43.003, 1, 120 MHz, 3996 MHz, 188.10 W, 37
2026/10/08 03:59:43.003, 2, 120 MHz, 3996 MHz, 184.87 W, 32
2026/10/08 03:59:43.003, 3, 120 MHz, 3996 MHz, 183.98 W, 32
2026/10/08 03:59:43.003, 4, 120 MHz, 3996 MHz, 184.59 W, 37
2026/10/08 03:59:43.003, 5, 120 MHz, 3996 MHz, 183.25 W, 36
2026/10/08 03:59:43.003, 6, 2032 MHz, 3996 MHz, 248.69 W, 34
2026/10/08 03:59:43.003, 7, 2032 MHz, 3996 MHz, 238.68 W, 33
2026/10/08 03:59:44.003, 0, 292 MHz, 3996 MHz, 195.50 W, 35
2026/10/08 03:59:44.003, 1, 120 MHz, 3996 MHz, 188.22 W, 37
2026/10/08 03:59:44.003, 2, 120 MHz, 3996 MHz, 185.35 W, 32
2026/10/08 03:59:44.003, 3, 120 MHz, 3996 MHz, 184.06 W, 32
2026/10/08 03:59:44.003, 4, 120 MHz, 3996 MHz, 184.58 W, 37
2026/10/08 03:59:44.003, 5, 120 MHz, 3996 MHz, 182.96 W, 36
2026/10/08 03:59:44.003, 6, 2032 MHz, 3996 MHz, 248.69 W, 34
2026/10/08 03:59:44.003, 7, 2032 MHz, 3996 MHz, 238.68 W, 33
2026/10/08 03:59:45.003, 0, 187 MHz, 3996 MHz, 187.61 W, 35
2026/10/08 03:59:45.003, 1, 120 MHz, 3996 MHz, 188.23 W, 37
2026/10/08 03:59:45.003, 2, 120 MHz, 3996 MHz, 185.38 W, 32
2026/10/08 03:59:45.003, 3, 120 MHz, 3996 MHz, 184.06 W, 32
2026/10/08 03:59:45.003, 4, 120 MHz, 3996 MHz, 184.58 W, 37
2026/10/08 03:59:45.003, 5, 120 MHz, 3996 MHz, 183.26 W, 36
2026/10/08 03:59:45.003, 6, 2032 MHz, 3996 MHz, 248.73 W, 34
2026/10/08 03:59:45.003, 7, 2032 MHz, 3996 MHz, 238.72 W, 33
2026/10/08 03:59:46.003, 0, 120 MHz, 3996 MHz, 186.45 W, 35
2026/10/08 03:59:46.004, 1, 120 MHz, 3996 MHz, 188.23 W, 37
2026/10/08 03:59:46.004, 2, 120 MHz, 3996 MHz, 185.47 W, 32
2026/10/08 03:59:46.004, 3, 120 MHz, 3996 MHz, 184.02 W, 32
2026/10/08 03:59:46.004, 4, 120 MHz, 3996 MHz, 184.58 W, 37
2026/10/08 03:59:46.004, 5, 120 MHz, 3996 MHz, 183.24 W, 36
2026/10/08 03:59:46.004, 6, 2032 MHz, 3996 MHz, 248.66 W, 34
2026/10/08 03:59:46.004, 7, 2032 MHz, 3996 MHz, 238.68 W, 33
2026/10/08 03:59:47.004, 0, 120 MHz, 3996 MHz, 186.41 W, 35
2026/10/08 03:59:47.004, 1, 120 MHz, 3996 MHz, 188.23 W, 37
2026/10/08 03:59:47.004, 2, 120 MHz, 3996 MHz, 185.24 W, 32
2026/10/08 03:59:47.004, 3, 120 MHz, 3996 MHz, 184.09 W, 32
2026/10/08 03:59:47.004, 4, 120 MHz, 3996 MHz, 184.59 W, 37
2026/10/08 03:59:47.004, 5, 120 MHz, 3996 MHz, 183.34 W, 36
2026/10/08 03:59:47.004, 6, 2032 MHz, 3996 MHz, 248.64 W, 34
2026/10/08 03:59:47.004, 7, 2032 MHz, 3996 MHz, 238.72 W, 33
2026/10/08 03:59:48.004, 0, 120 MHz, 3996 MHz, 186.41 W, 35
2026/10/08 03:59:48.004, 1, 120 MHz, 3996 MHz, 188.23 W, 37
2026/10/08 03:59:48.004, 2, 120 MHz, 3996 MHz, 185.54 W, 32
2026/10/08 03:59:48.004, 3, 120 MHz, 3996 MHz, 184.10 W, 32
2026/10/08 03:59:48.004, 4, 120 MHz, 3996 MHz, 184.59 W, 37
2026/10/08 03:59:48.004, 5, 120 MHz, 3996 MHz, 183.47 W, 36
2026/10/08 03:59:48.004, 6, 2032 MHz, 3996 MHz, 252.73 W, 34
2026/10/08 03:59:48.004, 7, 2032 MHz, 3996 MHz, 238.78 W, 33
2026/10/08 03:59:49.004, 0, 120 MHz, 3996 MHz, 186.41 W, 35
2026/10/08 03:59:49.004, 1, 120 MHz, 3996 MHz, 188.23 W, 37
2026/10/08 03:59:49.004, 2, 120 MHz, 3996 MHz, 185.36 W, 32
2026/10/08 03:59:49.004, 3, 120 MHz, 3996 MHz, 184.10 W, 32
2026/10/08 03:59:49.004, 4, 120 MHz, 3996 MHz, 184.58 W, 37
2026/10/08 03:59:49.004, 5, 120 MHz, 3996 MHz, 183.38 W, 36
2026/10/08 03:59:49.004, 6, 2032 MHz, 3996 MHz, 248.70 W, 34
2026/10/08 03:59:49.004, 7, 2032 MHz, 3996 MHz, 238.68 W, 33
2026/10/08 03:59:50.005, 0, 120 MHz, 3996 MHz, 186.41 W, 35
2026/10/08 03:59:50.005, 1, 120 MHz, 3996 MHz, 188.23 W, 37
2026/10/08 03:59:50.005, 2, 120 MHz, 3996 MHz, 185.59 W, 32
2026/10/08 03:59:50.005, 3, 120 MHz, 3996 MHz, 184.10 W, 32
2026/10/08 03:59:50.005, 4, 120 MHz, 3996 MHz, 184.58 W, 37
2026/10/08 03:59:50.005, 5, 120 MHz, 3996 MHz, 183.70 W, 36
2026/10/08 03:59:50.005, 6, 2032 MHz, 3996 MHz, 248.69 W, 34
2026/10/08 03:59:50.005, 7, 2032 MHz, 3996 MHz, 238.72 W, 33
2026/10/08 03:59:51.005, 0, 120 MHz, 3996 MHz, 186.41 W, 35
2026/10/08 03:59:51.005, 1, 120 MHz, 3996 MHz, 188.23 W, 37
2026/10/08 03:59:51.005, 2, 120 MHz, 3996 MHz, 185.77 W, 32
2026/10/08 03:59:51.005, 3, 120 MHz, 3996 MHz, 184.01 W, 32
2026/10/08 03:59:51.005, 4, 120 MHz, 3996 MHz, 184.59 W, 38
2026/10/08 03:59:51.005, 5, 120 MHz, 3996 MHz, 183.95 W, 36
2026/10/08 03:59:51.005, 6, 2032 MHz, 3996 MHz, 248.71 W, 34
2026/10/08 03:59:51.005, 7, 2032 MHz, 3996 MHz, 238.72 W, 33
2026/10/08 03:59:52.005, 0, 120 MHz, 3996 MHz, 186.41 W, 35
2026/10/08 03:59:52.005, 1, 120 MHz, 3996 MHz, 188.23 W, 37
2026/10/08 03:59:52.005, 2, 120 MHz, 3996 MHz, 185.66 W, 32
2026/10/08 03:59:52.005, 3, 120 MHz, 3996 MHz, 184.09 W, 32
2026/10/08 03:59:52.005, 4, 120 MHz, 3996 MHz, 184.59 W, 38
2026/10/08 03:59:52.005, 5, 120 MHz, 3996 MHz, 183.88 W, 36
2026/10/08 03:59:52.005, 6, 2032 MHz, 3996 MHz, 248.70 W, 34
2026/10/08 03:59:52.005, 7, 2032 MHz, 3996 MHz, 238.68 W, 33
2026/10/08 03:59:53.005, 0, 120 MHz, 3996 MHz, 186.41 W, 35
2026/10/08 03:59:53.006, 1, 120 MHz, 3996 MHz, 188.23 W, 37
2026/10/08 03:59:53.006, 2, 120 MHz, 3996 MHz, 185.89 W, 32
2026/10/08 03:59:53.006, 3, 120 MHz, 3996 MHz, 184.09 W, 32
2026/10/08 03:59:53.006, 4, 120 MHz, 3996 MHz, 184.59 W, 38
2026/10/08 03:59:53.006, 5, 120 MHz, 3996 MHz, 183.68 W, 36
2026/10/08 03:59:53.006, 6, 2032 MHz, 3996 MHz, 249.09 W, 34
2026/10/08 03:59:53.006, 7, 2032 MHz, 3996 MHz, 238.68 W, 33
2026/10/08 03:59:54.006, 0, 120 MHz, 3996 MHz, 186.41 W, 35
2026/10/08 03:59:54.006, 1, 120 MHz, 3996 MHz, 188.23 W, 37
2026/10/08 03:59:54.006, 2, 120 MHz, 3996 MHz, 185.81 W, 32
2026/10/08 03:59:54.006, 3, 120 MHz, 3996 MHz, 184.09 W, 32
2026/10/08 03:59:54.006, 4, 120 MHz, 3996 MHz, 184.59 W, 38
2026/10/08 03:59:54.006, 5, 120 MHz, 3996 MHz, 183.30 W, 36
2026/10/08 03:59:54.006, 6, 2032 MHz, 3996 MHz, 248.69 W, 34
2026/10/08 03:59:54.006, 7, 2032 MHz, 3996 MHz, 238.76 W, 33
2026/10/08 03:59:55.006, 0, 120 MHz, 3996 MHz, 186.41 W, 35
2026/10/08 03:59:55.006, 1, 120 MHz, 3996 MHz, 188.23 W, 37
2026/10/08 03:59:55.006, 2, 120 MHz, 3996 MHz, 185.93 W, 32
2026/10/08 03:59:55.006, 3, 120 MHz, 3996 MHz, 184.05 W, 32
2026/10/08 03:59:55.006, 4, 120 MHz, 3996 MHz, 184.59 W, 38
2026/10/08 03:59:55.006, 5, 120 MHz, 3996 MHz, 183.39 W, 36
2026/10/08 03:59:55.006, 6, 2032 MHz, 3996 MHz, 248.74 W, 34
2026/10/08 03:59:55.006, 7, 2032 MHz, 3996 MHz, 238.76 W, 33
2026/10/08 03:59:56.006, 0, 120 MHz, 3996 MHz, 186.41 W, 35
2026/10/08 03:59:56.006, 1, 120 MHz, 3996 MHz, 188.23 W, 37
2026/10/08 03:59:56.006, 2, 120 MHz, 3996 MHz, 185.82 W, 32
2026/10/08 03:59:56.006, 3, 120 MHz, 3996 MHz, 184.09 W, 33
2026/10/08 03:59:56.006, 4, 120 MHz, 3996 MHz, 184.59 W, 38
2026/10/08 03:59:56.006, 5, 120 MHz, 3996 MHz, 183.88 W, 36
2026/10/08 03:59:56.006, 6, 2032 MHz, 3996 MHz, 248.67 W, 34
2026/10/08 03:59:56.006, 7, 2032 MHz, 3996 MHz, 238.75 W, 33
2026/10/08 03:59:57.007, 0, 120 MHz, 3996 MHz, 186.41 W, 35
2026/10/08 03:59:57.007, 1, 120 MHz, 3996 MHz, 188.23 W, 37
2026/10/08 03:59:57.007, 2, 120 MHz, 3996 MHz, 186.01 W, 32
2026/10/08 03:59:57.007, 3, 120 MHz, 3996 MHz, 184.09 W, 33
2026/10/08 03:59:57.007, 4, 120 MHz, 3996 MHz, 184.59 W, 38
2026/10/08 03:59:57.007, 5, 120 MHz, 3996 MHz, 183.54 W, 36
2026/10/08 03:59:57.007, 6, 2032 MHz, 3996 MHz, 248.69 W, 34
2026/10/08 03:59:57.007, 7, 2032 MHz, 3996 MHz, 238.83 W, 33
2026/10/08 03:59:58.007, 0, 120 MHz, 3996 MHz, 186.41 W, 35
2026/10/08 03:59:58.007, 1, 120 MHz, 3996 MHz, 188.23 W, 37
2026/10/08 03:59:58.007, 2, 120 MHz, 3996 MHz, 186.05 W, 32
2026/10/08 03:59:58.007, 3, 120 MHz, 3996 MHz, 184.05 W, 33
2026/10/08 03:59:58.007, 4, 120 MHz, 3996 MHz, 184.59 W, 38
2026/10/08 03:59:58.007, 5, 120 MHz, 3996 MHz, 183.55 W, 36
2026/10/08 03:59:58.007, 6, 2032 MHz, 3996 MHz, 248.69 W, 34
2026/10/08 03:59:58.007, 7, 2032 MHz, 3996 MHz, 238.98 W, 33
2026/10/08 03:59:59.007, 0, 120 MHz, 3996 MHz, 186.41 W, 35
2026/10/08 03:59:59.007, 1, 120 MHz, 3996 MHz, 188.23 W, 37
2026/10/08 03:59:59.007, 2, 120 MHz, 3996 MHz, 185.93 W, 33
2026/10/08 03:59:59.007, 3, 120 MHz, 3996 MHz, 184.09 W, 33
2026/10/08 03:59:59.007, 4, 120 MHz, 3996 MHz, 184.59 W, 38
2026/10/08 03:59:59.007, 5, 120 MHz, 3996 MHz, 183.63 W, 36
2026/10/08 03:59:59.007, 6, 2032 MHz, 3996 MHz, 248.83 W, 34
2026/10/08 03:59:59.007, 7, 2032 MHz, 3996 MHz, 238.95 W, 33
2026/10/08 04:00:00.007, 0, 120 MHz, 3996 MHz, 186.41 W, 35
2026/10/08 04:00:00.007, 1, 120 MHz, 3996 MHz, 188.23 W, 37
2026/10/08 04:00:00.007, 2, 120 MHz, 3996 MHz, 186.01 W, 33
2026/10/08 04:00:00.007, 3, 120 MHz, 3996 MHz, 184.09 W, 33
2026/10/08 04:00:00.007, 4, 120 MHz, 3996 MHz, 184.59 W, 38
2026/10/08 04:00:00.007, 5, 120 MHz, 3996 MHz, 183.86 W, 36
2026/10/08 04:00:00.007, 6, 2032 MHz, 3996 MHz, 248.94 W, 34
2026/10/08 04:00:00.007, 7, 2032 MHz, 3996 MHz, 238.91 W, 33
2026/10/08 04:00:01.008, 0, 120 MHz, 3996 MHz, 186.41 W, 35
2026/10/08 04:00:01.008, 1, 120 MHz, 3996 MHz, 188.23 W, 37
2026/10/08 04:00:01.008, 2, 120 MHz, 3996 MHz, 186.01 W, 33
2026/10/08 04:00:01.008, 3, 120 MHz, 3996 MHz, 184.10 W, 33
2026/10/08 04:00:01.008, 4, 120 MHz, 3996 MHz, 184.59 W, 38
2026/10/08 04:00:01.008, 5, 120 MHz, 3996 MHz, 183.83 W, 36
2026/10/08 04:00:01.008, 6, 2032 MHz, 3996 MHz, 248.84 W, 35
2026/10/08 04:00:01.008, 7, 2032 MHz, 3996 MHz, 239.03 W, 33
2026/10/08 04:00:02.008, 0, 120 MHz, 3996 MHz, 186.41 W, 35
2026/10/08 04:00:02.008, 1, 120 MHz, 3996 MHz, 188.23 W, 37
2026/10/08 04:00:02.008, 2, 120 MHz, 3996 MHz, 186.05 W, 33
2026/10/08 04:00:02.008, 3, 120 MHz, 3996 MHz, 184.11 W, 33
2026/10/08 04:00:02.008, 4, 120 MHz, 3996 MHz, 184.59 W, 38
2026/10/08 04:00:02.008, 5, 120 MHz, 3996 MHz, 183.75 W, 36
2026/10/08 04:00:02.008, 6, 2032 MHz, 3996 MHz, 248.75 W, 35
2026/10/08 04:00:02.008, 7, 2032 MHz, 3996 MHz, 239.18 W, 33
2026/10/08 04:00:03.008, 0, 120 MHz, 3996 MHz, 186.41 W, 35
2026/10/08 04:00:03.008, 1, 120 MHz, 3996 MHz, 188.23 W, 37
2026/10/08 04:00:03.008, 2, 120 MHz, 3996 MHz, 186.05 W, 33
2026/10/08 04:00:03.008, 3, 120 MHz, 3996 MHz, 184.10 W, 33
2026/10/08 04:00:03.008, 4, 120 MHz, 3996 MHz, 184.59 W, 38
2026/10/08 04:00:03.008, 5, 120 MHz, 3996 MHz, 184.18 W, 36
2026/10/08 04:00:03.008, 6, 2032 MHz, 3996 MHz, 248.78 W, 35
2026/10/08 04:00:03.008, 7, 2032 MHz, 3996 MHz, 239.48 W, 33
2026/10/08 04:00:04.009, 0, 120 MHz, 3996 MHz, 186.41 W, 35
2026/10/08 04:00:04.009, 1, 120 MHz, 3996 MHz, 188.23 W, 37
2026/10/08 04:00:04.009, 2, 120 MHz, 3996 MHz, 186.05 W, 33
2026/10/08 04:00:04.009, 3, 120 MHz, 3996 MHz, 184.09 W, 33
2026/10/08 04:00:04.009, 4, 120 MHz, 3996 MHz, 184.59 W, 38
2026/10/08 04:00:04.009, 5, 120 MHz, 3996 MHz, 183.83 W, 36
2026/10/08 04:00:04.009, 6, 2032 MHz, 3996 MHz, 249.31 W, 35
2026/10/08 04:00:04.009, 7, 2032 MHz, 3996 MHz, 239.49 W, 34
2026/10/08 04:00:05.009, 0, 120 MHz, 3996 MHz, 186.41 W, 35
2026/10/08 04:00:05.009, 1, 120 MHz, 3996 MHz, 187.57 W, 37
2026/10/08 04:00:05.009, 2, 120 MHz, 3996 MHz, 186.05 W, 33
2026/10/08 04:00:05.009, 3, 120 MHz, 3996 MHz, 184.24 W, 33
2026/10/08 04:00:05.009, 4, 120 MHz, 3996 MHz, 184.59 W, 38
2026/10/08 04:00:05.009, 5, 120 MHz, 3996 MHz, 183.53 W, 36
2026/10/08 04:00:05.009, 6, 2032 MHz, 3996 MHz, 249.22 W, 35
2026/10/08 04:00:05.009, 7, 2032 MHz, 3996 MHz, 239.88 W, 34
2026/10/08 04:00:06.009, 0, 120 MHz, 3996 MHz, 186.41 W, 35
2026/10/08 04:00:06.009, 1, 120 MHz, 3996 MHz, 187.35 W, 37
2026/10/08 04:00:06.009, 2, 120 MHz, 3996 MHz, 186.05 W, 33
2026/10/08 04:00:06.009, 3, 120 MHz, 3996 MHz, 184.32 W, 33
2026/10/08 04:00:06.009, 4, 120 MHz, 3996 MHz, 184.59 W, 38
2026/10/08 04:00:06.009, 5, 120 MHz, 3996 MHz, 182.93 W, 36
2026/10/08 04:00:06.009, 6, 2032 MHz, 3996 MHz, 249.05 W, 35
2026/10/08 04:00:06.009, 7, 2032 MHz, 3996 MHz, 239.63 W, 34
2026/10/08 04:00:07.009, 0, 120 MHz, 3996 MHz, 186.45 W, 35
2026/10/08 04:00:07.010, 1, 120 MHz, 3996 MHz, 187.09 W, 37
2026/10/08 04:00:07.010, 2, 120 MHz, 3996 MHz, 186.05 W, 33
2026/10/08 04:00:07.010, 3, 120 MHz, 3996 MHz, 184.09 W, 33
2026/10/08 04:00:07.010, 4, 120 MHz, 3996 MHz, 184.59 W, 38
2026/10/08 04:00:07.010, 5, 120 MHz, 3996 MHz, 182.75 W, 37
2026/10/08 04:00:07.010, 6, 2032 MHz, 3996 MHz, 249.20 W, 35
2026/10/08 04:00:07.010, 7, 2032 MHz, 3996 MHz, 239.96 W, 34
2026/10/08 04:00:08.010, 0, 2032 MHz, 3996 MHz, 222.02 W, 36
2026/10/08 04:00:08.010, 1, 120 MHz, 3996 MHz, 187.58 W, 37
2026/10/08 04:00:08.010, 2, 120 MHz, 3996 MHz, 186.05 W, 33
2026/10/08 04:00:08.010, 3, 120 MHz, 3996 MHz, 184.09 W, 33
2026/10/08 04:00:08.010, 4, 120 MHz, 3996 MHz, 184.59 W, 38
2026/10/08 04:00:08.010, 5, 120 MHz, 3996 MHz, 182.71 W, 37
2026/10/08 04:00:08.010, 6, 2032 MHz, 3996 MHz, 249.75 W, 35
2026/10/08 04:00:08.010, 7, 2032 MHz, 3996 MHz, 240.19 W, 34
2026/10/08 04:00:09.010, 0, 2032 MHz, 3996 MHz, 243.10 W, 37
2026/10/08 04:00:09.010, 1, 120 MHz, 3996 MHz, 187.87 W, 37
2026/10/08 04:00:09.010, 2, 120 MHz, 3996 MHz, 186.05 W, 33
2026/10/08 04:00:09.010, 3, 120 MHz, 3996 MHz, 184.10 W, 33
2026/10/08 04:00:09.010, 4, 120 MHz, 3996 MHz, 184.59 W, 38
2026/10/08 04:00:09.010, 5, 120 MHz, 3996 MHz, 182.70 W, 37
2026/10/08 04:00:09.010, 6, 2032 MHz, 3996 MHz, 249.72 W, 35
2026/10/08 04:00:09.010, 7, 2032 MHz, 3996 MHz, 239.93 W, 34
2026/10/08 04:00:10.010, 0, 2032 MHz, 3996 MHz, 243.78 W, 37
2026/10/08 04:00:10.010, 1, 120 MHz, 3996 MHz, 187.71 W, 37
2026/10/08 04:00:10.010, 2, 120 MHz, 3996 MHz, 186.05 W, 33
2026/10/08 04:00:10.010, 3, 120 MHz, 3996 MHz, 184.10 W, 33
2026/10/08 04:00:10.010, 4, 120 MHz, 3996 MHz, 184.59 W, 38
2026/10/08 04:00:10.010, 5, 120 MHz, 3996 MHz, 182.67 W, 37
2026/10/08 04:00:10.010, 6, 2032 MHz, 3996 MHz, 251.23 W, 35
2026/10/08 04:00:10.010, 7, 2032 MHz, 3996 MHz, 240.35 W, 34
2026/10/08 04:00:11.011, 0, 2032 MHz, 3996 MHz, 244.96 W, 37
2026/10/08 04:00:11.011, 1, 120 MHz, 3996 MHz, 187.79 W, 37
2026/10/08 04:00:11.011, 2, 120 MHz, 3996 MHz, 186.05 W, 33
2026/10/08 04:00:11.011, 3, 120 MHz, 3996 MHz, 184.09 W, 33
2026/10/08 04:00:11.011, 4, 120 MHz, 3996 MHz, 184.59 W, 38
2026/10/08 04:00:11.011, 5, 120 MHz, 3996 MHz, 182.68 W, 37
2026/10/08 04:00:11.011, 6, 2032 MHz, 3996 MHz, 249.62 W, 35
2026/10/08 04:00:11.011, 7, 2032 MHz, 3996 MHz, 240.41 W, 34
2026/10/08 04:00:12.011, 0, 2032 MHz, 3996 MHz, 352.69 W, 38
2026/10/08 04:00:12.011, 1, 120 MHz, 3996 MHz, 187.68 W, 37
2026/10/08 04:00:12.011, 2, 120 MHz, 3996 MHz, 186.05 W, 33
2026/10/08 04:00:12.011, 3, 120 MHz, 3996 MHz, 184.09 W, 33
2026/10/08 04:00:12.011, 4, 120 MHz, 3996 MHz, 184.59 W, 38
2026/10/08 04:00:12.011, 5, 120 MHz, 3996 MHz, 182.72 W, 37
2026/10/08 04:00:12.011, 6, 2032 MHz, 3996 MHz, 257.67 W, 35
2026/10/08 04:00:12.011, 7, 2032 MHz, 3996 MHz, 240.42 W, 34
2026/10/08 04:00:13.011, 0, 2032 MHz, 3996 MHz, 243.43 W, 37
2026/10/08 04:00:13.011, 1, 120 MHz, 3996 MHz, 187.95 W, 38
2026/10/08 04:00:13.011, 2, 120 MHz, 3996 MHz, 186.05 W, 33
2026/10/08 04:00:13.011, 3, 120 MHz, 3996 MHz, 184.09 W, 33
2026/10/08 04:00:13.011, 4, 120 MHz, 3996 MHz, 184.59 W, 38
2026/10/08 04:00:13.011, 5, 120 MHz, 3996 MHz, 182.67 W, 37
2026/10/08 04:00:13.011, 6, 2032 MHz, 3996 MHz, 250.01 W, 35
2026/10/08 04:00:13.011, 7, 2032 MHz, 3996 MHz, 240.58 W, 34
2026/10/08 04:00:14.012, 0, 2032 MHz, 3996 MHz, 242.83 W, 37
2026/10/08 04:00:14.012, 1, 120 MHz, 3996 MHz, 188.02 W, 38
2026/10/08 04:00:14.012, 2, 120 MHz, 3996 MHz, 186.05 W, 33
2026/10/08 04:00:14.012, 3, 120 MHz, 3996 MHz, 184.09 W, 33
2026/10/08 04:00:14.012, 4, 120 MHz, 3996 MHz, 184.59 W, 38
2026/10/08 04:00:14.012, 5, 120 MHz, 3996 MHz, 182.81 W, 37
2026/10/08 04:00:14.012, 6, 2032 MHz, 3996 MHz, 250.18 W, 35
2026/10/08 04:00:14.012, 7, 2032 MHz, 3996 MHz, 239.26 W, 34
2026/10/08 04:00:15.012, 0, 2032 MHz, 3996 MHz, 242.55 W, 37
2026/10/08 04:00:15.012, 1, 120 MHz, 3996 MHz, 188.06 W, 38
2026/10/08 04:00:15.012, 2, 120 MHz, 3996 MHz, 186.05 W, 33
2026/10/08 04:00:15.012, 3, 120 MHz, 3996 MHz, 184.10 W, 33
2026/10/08 04:00:15.012, 4, 120 MHz, 3996 MHz, 184.59 W, 38
2026/10/08 04:00:15.012, 5, 120 MHz, 3996 MHz, 182.87 W, 37
2026/10/08 04:00:15.012, 6, 2032 MHz, 3996 MHz, 250.19 W, 35
2026/10/08 04:00:15.012, 7, 2032 MHz, 3996 MHz, 238.98 W, 34
2026/10/08 04:00:16.012, 0, 2032 MHz, 3996 MHz, 243.53 W, 37
2026/10/08 04:00:16.012, 1, 120 MHz, 3996 MHz, 187.95 W, 38
2026/10/08 04:00:16.012, 2, 120 MHz, 3996 MHz, 186.05 W, 33
2026/10/08 04:00:16.012, 3, 120 MHz, 3996 MHz, 184.10 W, 33
2026/10/08 04:00:16.012, 4, 120 MHz, 3996 MHz, 184.59 W, 38
2026/10/08 04:00:16.012, 5, 120 MHz, 3996 MHz, 182.89 W, 37
2026/10/08 04:00:16.012, 6, 2032 MHz, 3996 MHz, 249.40 W, 35
2026/10/08 04:00:16.012, 7, 2032 MHz, 3996 MHz, 239.07 W, 34
2026/10/08 04:00:17.012, 0, 2032 MHz, 3996 MHz, 242.79 W, 37
2026/10/08 04:00:17.013, 1, 120 MHz, 3996 MHz, 188.02 W, 38
2026/10/08 04:00:17.013, 2, 2032 MHz, 3996 MHz, 229.93 W, 34
2026/10/08 04:00:17.013, 3, 120 MHz, 3996 MHz, 183.99 W, 33
2026/10/08 04:00:17.013, 4, 120 MHz, 3996 MHz, 184.59 W, 38
2026/10/08 04:00:17.013, 5, 120 MHz, 3996 MHz, 182.80 W, 37
2026/10/08 04:00:17.013, 6, 2032 MHz, 3996 MHz, 248.83 W, 35
2026/10/08 04:00:17.013, 7, 2032 MHz, 3996 MHz, 238.72 W, 34
2026/10/08 04:00:18.013, 0, 352 MHz, 3996 MHz, 211.12 W, 36
2026/10/08 04:00:18.013, 1, 120 MHz, 3996 MHz, 187.95 W, 38
2026/10/08 04:00:18.013, 2, 2032 MHz, 3996 MHz, 236.81 W, 34
2026/10/08 04:00:18.013, 3, 120 MHz, 3996 MHz, 183.97 W, 33
2026/10/08 04:00:18.013, 4, 120 MHz, 3996 MHz, 184.59 W, 38
2026/10/08 04:00:18.013, 5, 120 MHz, 3996 MHz, 182.72 W, 37
2026/10/08 04:00:18.013, 6, 2032 MHz, 3996 MHz, 248.69 W, 35
2026/10/08 04:00:18.013, 7, 2032 MHz, 3996 MHz, 238.87 W, 34
2026/10/08 04:00:19.013, 0, 217 MHz, 3996 MHz, 187.77 W, 36
2026/10/08 04:00:19.013, 1, 120 MHz, 3996 MHz, 188.11 W, 38
2026/10/08 04:00:19.013, 2, 2032 MHz, 3996 MHz, 238.42 W, 34
2026/10/08 04:00:19.013, 3, 120 MHz, 3996 MHz, 183.97 W, 33
2026/10/08 04:00:19.013, 4, 120 MHz, 3996 MHz, 184.59 W, 38
2026/10/08 04:00:19.013, 5, 120 MHz, 3996 MHz, 182.92 W, 37
2026/10/08 04:00:19.013, 6, 2032 MHz, 3996 MHz, 248.76 W, 35
2026/10/08 04:00:19.013, 7, 2032 MHz, 3996 MHz, 265.70 W, 35
2026/10/08 04:00:20.013, 0, 142 MHz, 3996 MHz, 186.41 W, 36
2026/10/08 04:00:20.013, 1, 120 MHz, 3996 MHz, 188.11 W, 38
2026/10/08 04:00:20.013, 2, 2032 MHz, 3996 MHz, 238.77 W, 35
2026/10/08 04:00:20.013, 3, 120 MHz, 3996 MHz, 183.93 W, 33
2026/10/08 04:00:20.013, 4, 120 MHz, 3996 MHz, 184.59 W, 38
2026/10/08 04:00:20.013, 5, 120 MHz, 3996 MHz, 182.75 W, 37
2026/10/08 04:00:20.013, 6, 2032 MHz, 3996 MHz, 248.82 W, 35
2026/10/08 04:00:20.013, 7, 2032 MHz, 3996 MHz, 240.19 W, 34
2026/10/08 04:00:21.014, 0, 120 MHz, 3996 MHz, 186.41 W, 36
2026/10/08 04:00:21.014, 1, 120 MHz, 3996 MHz, 188.07 W, 38
2026/10/08 04:00:21.014, 2, 2032 MHz, 3996 MHz, 257.23 W, 35
2026/10/08 04:00:21.014, 3, 120 MHz, 3996 MHz, 183.89 W, 34
2026/10/08 04:00:21.014, 4, 120 MHz, 3996 MHz, 184.59 W, 38
2026/10/08 04:00:21.014, 5, 120 MHz, 3996 MHz, 182.74 W, 37
2026/10/08 04:00:21.014, 6, 2032 MHz, 3996 MHz, 278.31 W, 36
2026/10/08 04:00:21.014, 7, 2032 MHz, 3996 MHz, 243.85 W, 34
2026/10/08 04:00:22.014, 0, 120 MHz, 3996 MHz, 186.41 W, 36
2026/10/08 04:00:22.014, 1, 120 MHz, 3996 MHz, 188.11 W, 38
2026/10/08 04:00:22.014, 2, 2032 MHz, 3996 MHz, 274.11 W, 35
2026/10/08 04:00:22.014, 3, 120 MHz, 3996 MHz, 183.85 W, 34
2026/10/08 04:00:22.014, 4, 120 MHz, 3996 MHz, 184.59 W, 38
2026/10/08 04:00:22.014, 5, 120 MHz, 3996 MHz, 182.98 W, 37
2026/10/08 04:00:22.014, 6, 2032 MHz, 3996 MHz, 250.35 W, 35
2026/10/08 04:00:22.014, 7, 2032 MHz, 3996 MHz, 240.24 W, 34
2026/10/08 04:00:23.014, 0, 120 MHz, 3996 MHz, 186.41 W, 36
2026/10/08 04:00:23.014, 1, 120 MHz, 3996 MHz, 188.19 W, 38
2026/10/08 04:00:23.014, 2, 2032 MHz, 3996 MHz, 255.54 W, 35
2026/10/08 04:00:23.014, 3, 120 MHz, 3996 MHz, 183.93 W, 34
2026/10/08 04:00:23.014, 4, 120 MHz, 3996 MHz, 184.59 W, 38
2026/10/08 04:00:23.015, 5, 120 MHz, 3996 MHz, 182.87 W, 37
2026/10/08 04:00:23.015, 6, 2032 MHz, 3996 MHz, 254.77 W, 35
2026/10/08 04:00:23.015, 7, 2032 MHz, 3996 MHz, 240.19 W, 34
2026/10/08 04:00:24.015, 0, 120 MHz, 3996 MHz, 186.41 W, 36
2026/10/08 04:00:24.015, 1, 120 MHz, 3996 MHz, 188.19 W, 38
2026/10/08 04:00:24.015, 2, 2032 MHz, 3996 MHz, 246.06 W, 35
2026/10/08 04:00:24.015, 3, 120 MHz, 3996 MHz, 183.96 W, 34
2026/10/08 04:00:24.015, 4, 120 MHz, 3996 MHz, 184.59 W, 38
2026/10/08 04:00:24.015, 5, 120 MHz, 3996 MHz, 182.97 W, 37
2026/10/08 04:00:24.015, 6, 2032 MHz, 3996 MHz, 248.95 W, 35
2026/10/08 04:00:24.015, 7, 2032 MHz, 3996 MHz, 239.25 W, 34
2026/10/08 04:00:25.015, 0, 120 MHz, 3996 MHz, 186.41 W, 36
2026/10/08 04:00:25.015, 1, 120 MHz, 3996 MHz, 188.19 W, 38
2026/10/08 04:00:25.015, 2, 2032 MHz, 3996 MHz, 246.09 W, 35
2026/10/08 04:00:25.015, 3, 120 MHz, 3996 MHz, 183.96 W, 34
2026/10/08 04:00:25.015, 4, 120 MHz, 3996 MHz, 184.59 W, 38
2026/10/08 04:00:25.015, 5, 120 MHz, 3996 MHz, 182.78 W, 37
2026/10/08 04:00:25.015, 6, 2032 MHz, 3996 MHz, 248.90 W, 35
2026/10/08 04:00:25.015, 7, 2032 MHz, 3996 MHz, 238.91 W, 34
2026/10/08 04:00:26.015, 0, 120 MHz, 3996 MHz, 186.41 W, 36
2026/10/08 04:00:26.015, 1, 120 MHz, 3996 MHz, 188.23 W, 38
2026/10/08 04:00:26.015, 2, 2032 MHz, 3996 MHz, 330.83 W, 37
2026/10/08 04:00:26.015, 3, 120 MHz, 3996 MHz, 183.83 W, 34
2026/10/08 04:00:26.015, 4, 120 MHz, 3996 MHz, 184.59 W, 38
2026/10/08 04:00:26.015, 5, 120 MHz, 3996 MHz, 183.06 W, 37
2026/10/08 04:00:26.015, 6, 2032 MHz, 3996 MHz, 248.74 W, 35
2026/10/08 04:00:26.015, 7, 2032 MHz, 3996 MHz, 239.93 W, 34
2026/10/08 04:00:27.015, 0, 120 MHz, 3996 MHz, 186.41 W, 36
2026/10/08 04:00:27.015, 1, 120 MHz, 3996 MHz, 188.19 W, 38
2026/10/08 04:00:27.015, 2, 2032 MHz, 3996 MHz, 239.11 W, 35
2026/10/08 04:00:27.015, 3, 120 MHz, 3996 MHz, 183.97 W, 34
2026/10/08 04:00:27.015, 4, 120 MHz, 3996 MHz, 184.59 W, 38
2026/10/08 04:00:27.015, 5, 120 MHz, 3996 MHz, 183.13 W, 37
2026/10/08 04:00:27.015, 6, 2032 MHz, 3996 MHz, 248.82 W, 35
2026/10/08 04:00:27.016, 7, 2032 MHz, 3996 MHz, 240.50 W, 34
2026/10/08 04:00:28.016, 0, 120 MHz, 3996 MHz, 186.41 W, 36
2026/10/08 04:00:28.016, 1, 120 MHz, 3996 MHz, 188.23 W, 38
2026/10/08 04:00:28.016, 2, 2032 MHz, 3996 MHz, 250.29 W, 35
2026/10/08 04:00:28.016, 3, 120 MHz, 3996 MHz, 183.95 W, 34
2026/10/08 04:00:28.016, 4, 120 MHz, 3996 MHz, 184.59 W, 38
2026/10/08 04:00:28.016, 5, 120 MHz, 3996 MHz, 183.07 W, 37
2026/10/08 04:00:28.016, 6, 2032 MHz, 3996 MHz, 248.81 W, 35
2026/10/08 04:00:28.016, 7, 2032 MHz, 3996 MHz, 240.51 W, 34
2026/10/08 04:00:29.016, 0, 120 MHz, 3996 MHz, 186.41 W, 36
2026/10/08 04:00:29.016, 1, 120 MHz, 3996 MHz, 188.23 W, 38
2026/10/08 04:00:29.016, 2, 2032 MHz, 3996 MHz, 237.48 W, 35
2026/10/08 04:00:29.016, 3, 120 MHz, 3996 MHz, 183.93 W, 34
2026/10/08 04:00:29.016, 4, 120 MHz, 3996 MHz, 184.59 W, 39
2026/10/08 04:00:29.016, 5, 120 MHz, 3996 MHz, 183.01 W, 37
2026/10/08 04:00:29.016, 6, 2032 MHz, 3996 MHz, 250.12 W, 35
2026/10/08 04:00:29.016, 7, 2032 MHz, 3996 MHz, 240.05 W, 34
2026/10/08 04:00:30.016, 0, 120 MHz, 3996 MHz, 186.41 W, 36
2026/10/08 04:00:30.016, 1, 120 MHz, 3996 MHz, 188.23 W, 38
2026/10/08 04:00:30.016, 2, 705 MHz, 3996 MHz, 203.41 W, 34
2026/10/08 04:00:30.016, 3, 120 MHz, 3996 MHz, 184.06 W, 34
2026/10/08 04:00:30.016, 4, 120 MHz, 3996 MHz, 184.59 W, 39
2026/10/08 04:00:30.016, 5, 120 MHz, 3996 MHz, 183.16 W, 37
2026/10/08 04:00:30.016, 6, 2032 MHz, 3996 MHz, 250.19 W, 35
2026/10/08 04:00:30.016, 7, 2032 MHz, 3996 MHz, 240.08 W, 34
2026/10/08 04:00:31.016, 0, 120 MHz, 3996 MHz, 186.41 W, 36
2026/10/08 04:00:31.016, 1, 120 MHz, 3996 MHz, 188.23 W, 38
2026/10/08 04:00:31.016, 2, 442 MHz, 3996 MHz, 190.40 W, 34
2026/10/08 04:00:31.016, 3, 120 MHz, 3996 MHz, 184.09 W, 34
2026/10/08 04:00:31.017, 4, 120 MHz, 3996 MHz, 184.59 W, 39
2026/10/08 04:00:31.017, 5, 120 MHz, 3996 MHz, 182.95 W, 37
2026/10/08 04:00:31.017, 6, 2032 MHz, 3996 MHz, 250.07 W, 35
2026/10/08 04:00:31.017, 7, 1335 MHz, 3996 MHz, 417.81 W, 46
2026/10/08 04:00:32.017, 0, 120 MHz, 3996 MHz, 186.41 W, 36
2026/10/08 04:00:32.017, 1, 120 MHz, 3996 MHz, 188.23 W, 38
2026/10/08 04:00:32.017, 2, 277 MHz, 3996 MHz, 188.08 W, 34
2026/10/08 04:00:32.017, 3, 120 MHz, 3996 MHz, 184.09 W, 34
2026/10/08 04:00:32.017, 4, 120 MHz, 3996 MHz, 184.59 W, 39
2026/10/08 04:00:32.017, 5, 120 MHz, 3996 MHz, 182.92 W, 37
2026/10/08 04:00:32.017, 6, 2032 MHz, 3996 MHz, 249.85 W, 35
2026/10/08 04:00:32.017, 7, 2032 MHz, 3996 MHz, 568.29 W, 38
2026/10/08 04:00:33.017, 0, 120 MHz, 3996 MHz, 186.41 W, 36
2026/10/08 04:00:33.017, 1, 120 MHz, 3996 MHz, 188.23 W, 38
2026/10/08 04:00:33.017, 2, 180 MHz, 3996 MHz, 186.16 W, 34
2026/10/08 04:00:33.017, 3, 120 MHz, 3996 MHz, 184.09 W, 34
2026/10/08 04:00:33.017, 4, 120 MHz, 3996 MHz, 184.59 W, 39
2026/10/08 04:00:33.017, 5, 120 MHz, 3996 MHz, 183.11 W, 37
2026/10/08 04:00:33.017, 6, 2032 MHz, 3996 MHz, 249.48 W, 35
2026/10/08 04:00:33.017, 7, 2032 MHz, 3996 MHz, 293.01 W, 35
2026/10/08 04:00:34.017, 0, 120 MHz, 3996 MHz, 186.41 W, 36
2026/10/08 04:00:34.017, 1, 120 MHz, 3996 MHz, 188.23 W, 38
2026/10/08 04:00:34.017, 2, 120 MHz, 3996 MHz, 186.05 W, 34
2026/10/08 04:00:34.017, 3, 120 MHz, 3996 MHz, 184.09 W, 34
2026/10/08 04:00:34.017, 4, 120 MHz, 3996 MHz, 184.59 W, 39
2026/10/08 04:00:34.017, 5, 120 MHz, 3996 MHz, 183.21 W, 37
2026/10/08 04:00:34.017, 6, 2032 MHz, 3996 MHz, 609.07 W, 45
2026/10/08 04:00:34.017, 7, 1282 MHz, 3996 MHz, 915.98 W, 51
2026/10/08 04:00:35.017, 0, 120 MHz, 3996 MHz, 186.41 W, 36
2026/10/08 04:00:35.017, 1, 120 MHz, 3996 MHz, 188.23 W, 38
2026/10/08 04:00:35.017, 2, 120 MHz, 3996 MHz, 186.05 W, 34
2026/10/08 04:00:35.017, 3, 120 MHz, 3996 MHz, 184.09 W, 34
2026/10/08 04:00:35.017, 4, 120 MHz, 3996 MHz, 184.59 W, 39
2026/10/08 04:00:35.017, 5, 120 MHz, 3996 MHz, 182.97 W, 37
2026/10/08 04:00:35.017, 6, 2032 MHz, 3996 MHz, 419.37 W, 37
2026/10/08 04:00:35.017, 7, 1312 MHz, 3996 MHz, 1079.61 W, 53
2026/10/08 04:00:36.018, 0, 120 MHz, 3996 MHz, 186.45 W, 36
2026/10/08 04:00:36.018, 1, 120 MHz, 3996 MHz, 188.23 W, 38
2026/10/08 04:00:36.018, 2, 120 MHz, 3996 MHz, 186.05 W, 34
2026/10/08 04:00:36.018, 3, 120 MHz, 3996 MHz, 184.09 W, 34
2026/10/08 04:00:36.018, 4, 120 MHz, 3996 MHz, 184.59 W, 39
2026/10/08 04:00:36.018, 5, 120 MHz, 3996 MHz, 183.04 W, 37
2026/10/08 04:00:36.018, 6, 2032 MHz, 3996 MHz, 545.23 W, 41
2026/10/08 04:00:36.018, 7, 1335 MHz, 3996 MHz, 1084.61 W, 54
2026/10/08 04:00:37.018, 0, 120 MHz, 3996 MHz, 186.41 W, 36
2026/10/08 04:00:37.018, 1, 120 MHz, 3996 MHz, 188.23 W, 38
2026/10/08 04:00:37.018, 2, 120 MHz, 3996 MHz, 186.05 W, 34
2026/10/08 04:00:37.018, 3, 120 MHz, 3996 MHz, 184.09 W, 34
2026/10/08 04:00:37.018, 4, 120 MHz, 3996 MHz, 184.59 W, 39
2026/10/08 04:00:37.018, 5, 120 MHz, 3996 MHz, 183.31 W, 37
2026/10/08 04:00:37.018, 6, 1282 MHz, 3996 MHz, 1053.93 W, 55
2026/10/08 04:00:37.018, 7, 1312 MHz, 3996 MHz, 1089.23 W, 55
2026/10/08 04:00:38.018, 0, 120 MHz, 3996 MHz, 186.41 W, 36
2026/10/08 04:00:38.018, 1, 120 MHz, 3996 MHz, 188.23 W, 38
2026/10/08 04:00:38.018, 2, 120 MHz, 3996 MHz, 186.05 W, 34
2026/10/08 04:00:38.018, 3, 120 MHz, 3996 MHz, 184.09 W, 34
2026/10/08 04:00:38.018, 4, 120 MHz, 3996 MHz, 184.59 W, 39
2026/10/08 04:00:38.018, 5, 120 MHz, 3996 MHz, 183.07 W, 37
2026/10/08 04:00:38.018, 6, 1320 MHz, 3996 MHz, 1090.72 W, 56
2026/10/08 04:00:38.018, 7, 1327 MHz, 3996 MHz, 1089.35 W, 55
2026/10/08 04:00:39.018, 0, 120 MHz, 3996 MHz, 186.41 W, 36
2026/10/08 04:00:39.018, 1, 120 MHz, 3996 MHz, 188.23 W, 38
2026/10/08 04:00:39.018, 2, 120 MHz, 3996 MHz, 186.05 W, 34
2026/10/08 04:00:39.018, 3, 120 MHz, 3996 MHz, 184.09 W, 34
2026/10/08 04:00:39.018, 4, 120 MHz, 3996 MHz, 184.59 W, 39
2026/10/08 04:00:39.018, 5, 120 MHz, 3996 MHz, 183.19 W, 37
2026/10/08 04:00:39.018, 6, 1320 MHz, 3996 MHz, 1087.33 W, 56
2026/10/08 04:00:39.018, 7, 1320 MHz, 3996 MHz, 1088.28 W, 55
2026/10/08 04:00:40.018, 0, 120 MHz, 3996 MHz, 186.41 W, 36
2026/10/08 04:00:40.018, 1, 120 MHz, 3996 MHz, 188.23 W, 38
2026/10/08 04:00:40.019, 2, 120 MHz, 3996 MHz, 186.05 W, 34
2026/10/08 04:00:40.019, 3, 120 MHz, 3996 MHz, 184.09 W, 34
2026/10/08 04:00:40.019, 4, 120 MHz, 3996 MHz, 184.59 W, 39
2026/10/08 04:00:40.019, 5, 120 MHz, 3996 MHz, 183.30 W, 37
2026/10/08 04:00:40.019, 6, 1312 MHz, 3996 MHz, 1091.24 W, 57
2026/10/08 04:00:40.019, 7, 1312 MHz, 3996 MHz, 1088.38 W, 55
2026/10/08 04:00:41.019, 0, 120 MHz, 3996 MHz, 186.41 W, 36
2026/10/08 04:00:41.019, 1, 120 MHz, 3996 MHz, 188.23 W, 38
2026/10/08 04:00:41.019, 2, 120 MHz, 3996 MHz, 186.05 W, 34
2026/10/08 04:00:41.019, 3, 120 MHz, 3996 MHz, 184.09 W, 34
2026/10/08 04:00:41.019, 4, 120 MHz, 3996 MHz, 184.58 W, 39
2026/10/08 04:00:41.019, 5, 120 MHz, 3996 MHz, 183.09 W, 37
2026/10/08 04:00:41.019, 6, 1327 MHz, 3996 MHz, 1090.34 W, 57
2026/10/08 04:00:41.019, 7, 1342 MHz, 3996 MHz, 1087.86 W, 55
2026/10/08 04:00:42.019, 0, 120 MHz, 3996 MHz, 186.45 W, 36
2026/10/08 04:00:42.019, 1, 120 MHz, 3996 MHz, 188.23 W, 38
2026/10/08 04:00:42.019, 2, 120 MHz, 3996 MHz, 186.05 W, 34
2026/10/08 04:00:42.019, 3, 120 MHz, 3996 MHz, 184.10 W, 34
2026/10/08 04:00:42.019, 4, 120 MHz, 3996 MHz, 184.59 W, 39
2026/10/08 04:00:42.019, 5, 120 MHz, 3996 MHz, 183.04 W, 37
2026/10/08 04:00:42.019, 6, 1312 MHz, 3996 MHz, 1085.60 W, 57
2026/10/08 04:00:42.019, 7, 1357 MHz, 3996 MHz, 1084.09 W, 56
2026/10/08 04:00:43.019, 0, 120 MHz, 3996 MHz, 186.41 W, 36
2026/10/08 04:00:43.019, 1, 120 MHz, 3996 MHz, 188.23 W, 38
2026/10/08 04:00:43.019, 2, 120 MHz, 3996 MHz, 186.05 W, 34
2026/10/08 04:00:43.019, 3, 120 MHz, 3996 MHz, 184.09 W, 34
2026/10/08 04:00:43.019, 4, 120 MHz, 3996 MHz, 184.59 W, 39
2026/10/08 04:00:43.019, 5, 120 MHz, 3996 MHz, 183.14 W, 37
2026/10/08 04:00:43.019, 6, 1320 MHz, 3996 MHz, 1088.68 W, 58
2026/10/08 04:00:43.019, 7, 2032 MHz, 3996 MHz, 1051.06 W, 51
2026/10/08 04:00:44.019, 0, 120 MHz, 3996 MHz, 186.41 W, 36
2026/10/08 04:00:44.019, 1, 120 MHz, 3996 MHz, 188.23 W, 38
2026/10/08 04:00:44.019, 2, 120 MHz, 3996 MHz, 186.05 W, 34
2026/10/08 04:00:44.019, 3, 120 MHz, 3996 MHz, 184.09 W, 34
2026/10/08 04:00:44.019, 4, 120 MHz, 3996 MHz, 184.59 W, 39
2026/10/08 04:00:44.019, 5, 120 MHz, 3996 MHz, 183.25 W, 38
2026/10/08 04:00:44.019, 6, 1327 MHz, 3996 MHz, 1086.68 W, 58
2026/10/08 04:00:44.019, 7, 2032 MHz, 3996 MHz, 1065.53 W, 51
2026/10/08 04:00:45.019, 0, 120 MHz, 3996 MHz, 186.45 W, 36
2026/10/08 04:00:45.019, 1, 120 MHz, 3996 MHz, 188.23 W, 38
2026/10/08 04:00:45.019, 2, 120 MHz, 3996 MHz, 186.05 W, 34
2026/10/08 04:00:45.019, 3, 120 MHz, 3996 MHz, 184.09 W, 33
2026/10/08 04:00:45.019, 4, 120 MHz, 3996 MHz, 184.58 W, 39
2026/10/08 04:00:45.019, 5, 120 MHz, 3996 MHz, 183.90 W, 38
2026/10/08 04:00:45.019, 6, 2032 MHz, 3996 MHz, 1067.70 W, 53
2026/10/08 04:00:45.019, 7, 2032 MHz, 3996 MHz, 1064.26 W, 52
2026/10/08 04:00:46.020, 0, 120 MHz, 3996 MHz, 186.41 W, 36
2026/10/08 04:00:46.020, 1, 120 MHz, 3996 MHz, 188.23 W, 38
2026/10/08 04:00:46.020, 2, 120 MHz, 3996 MHz, 186.05 W, 34
2026/10/08 04:00:46.020, 3, 120 MHz, 3996 MHz, 184.09 W, 33
2026/10/08 04:00:46.020, 4, 120 MHz, 3996 MHz, 184.59 W, 39
2026/10/08 04:00:46.020, 5, 120 MHz, 3996 MHz, 183.54 W, 38
2026/10/08 04:00:46.020, 6, 2032 MHz, 3996 MHz, 1093.85 W, 54
2026/10/08 04:00:46.020, 7, 2032 MHz, 3996 MHz, 1064.60 W, 52
2026/10/08 04:00:47.020, 0, 120 MHz, 3996 MHz, 186.41 W, 36
2026/10/08 04:00:47.020, 1, 120 MHz, 3996 MHz, 188.23 W, 38
2026/10/08 04:00:47.020, 2, 120 MHz, 3996 MHz, 186.05 W, 33
2026/10/08 04:00:47.020, 3, 120 MHz, 3996 MHz, 184.09 W, 33
2026/10/08 04:00:47.020, 4, 120 MHz, 3996 MHz, 184.58 W, 39
2026/10/08 04:00:47.020, 5, 120 MHz, 3996 MHz, 183.79 W, 38
2026/10/08 04:00:47.020, 6, 2032 MHz, 3996 MHz, 1092.07 W, 54
2026/10/08 04:00:47.020, 7, 2032 MHz, 3996 MHz, 1064.90 W, 52
2026/10/08 04:00:48.020, 0, 120 MHz, 3996 MHz, 186.45 W, 36
2026/10/08 04:00:48.020, 1, 120 MHz, 3996 MHz, 188.23 W, 39
2026/10/08 04:00:48.020, 2, 120 MHz, 3996 MHz, 186.05 W, 33
2026/10/08 04:00:48.020, 3, 120 MHz, 3996 MHz, 183.90 W, 33
2026/10/08 04:00:48.020, 4, 120 MHz, 3996 MHz, 184.59 W, 39
2026/10/08 04:00:48.020, 5, 120 MHz, 3996 MHz, 183.68 W, 38
2026/10/08 04:00:48.020, 6, 2025 MHz, 3996 MHz, 1093.43 W, 54
2026/10/08 04:00:48.020, 7, 2032 MHz, 3996 MHz, 1065.38 W, 52
2026/10/08 04:00:49.020, 0, 120 MHz, 3996 MHz, 186.45 W, 36
2026/10/08 04:00:49.020, 1, 120 MHz, 3996 MHz, 188.23 W, 39
2026/10/08 04:00:49.020, 2, 120 MHz, 3996 MHz, 186.05 W, 33
2026/10/08 04:00:49.020, 3, 120 MHz, 3996 MHz, 184.06 W, 33
2026/10/08 04:00:49.020, 4, 120 MHz, 3996 MHz, 184.59 W, 40
2026/10/08 04:00:49.020, 5, 120 MHz, 3996 MHz, 183.55 W, 38
2026/10/08 04:00:49.020, 6, 2032 MHz, 3996 MHz, 1093.74 W, 54
2026/10/08 04:00:49.020, 7, 2032 MHz, 3996 MHz, 1067.85 W, 53
2026/10/08 04:00:50.020, 0, 120 MHz, 3996 MHz, 186.41 W, 36
2026/10/08 04:00:50.020, 1, 120 MHz, 3996 MHz, 188.23 W, 39
2026/10/08 04:00:50.020, 2, 120 MHz, 3996 MHz, 186.05 W, 33
2026/10/08 04:00:50.020, 3, 120 MHz, 3996 MHz, 183.86 W, 33
2026/10/08 04:00:50.020, 4, 120 MHz, 3996 MHz, 184.58 W, 40
2026/10/08 04:00:50.020, 5, 120 MHz, 3996 MHz, 183.90 W, 38
2026/10/08 04:00:50.020, 6, 2025 MHz, 3996 MHz, 1093.06 W, 55
2026/10/08 04:00:50.020, 7, 2032 MHz, 3996 MHz, 1068.47 W, 53
2026/10/08 04:00:51.021, 0, 120 MHz, 3996 MHz, 186.56 W, 36
2026/10/08 04:00:51.021, 1, 120 MHz, 3996 MHz, 188.23 W, 39
2026/10/08 04:00:51.021, 2, 120 MHz, 3996 MHz, 186.05 W, 33
2026/10/08 04:00:51.021, 3, 120 MHz, 3996 MHz, 184.01 W, 33
2026/10/08 04:00:51.021, 4, 120 MHz, 3996 MHz, 184.62 W, 40
2026/10/08 04:00:51.021, 5, 120 MHz, 3996 MHz, 183.58 W, 38
2026/10/08 04:00:51.021, 6, 2017 MHz, 3996 MHz, 1091.30 W, 55
2026/10/08 04:00:51.021, 7, 2032 MHz, 3996 MHz, 1068.63 W, 53
2026/10/08 04:00:52.021, 0, 120 MHz, 3996 MHz, 186.49 W, 36
2026/10/08 04:00:52.021, 1, 120 MHz, 3996 MHz, 188.23 W, 39
2026/10/08 04:00:52.021, 2, 120 MHz, 3996 MHz, 186.05 W, 33
2026/10/08 04:00:52.021, 3, 120 MHz, 3996 MHz, 183.67 W, 33
2026/10/08 04:00:52.021, 4, 120 MHz, 3996 MHz, 184.59 W, 40
2026/10/08 04:00:52.021, 5, 120 MHz, 3996 MHz, 184.30 W, 38
2026/10/08 04:00:52.021, 6, 2025 MHz, 3996 MHz, 1091.18 W, 55
2026/10/08 04:00:52.021, 7, 2032 MHz, 3996 MHz, 1069.09 W, 53
2026/10/08 04:00:53.021, 0, 120 MHz, 3996 MHz, 186.49 W, 36
2026/10/08 04:00:53.021, 1, 120 MHz, 3996 MHz, 188.23 W, 39
2026/10/08 04:00:53.021, 2, 120 MHz, 3996 MHz, 186.05 W, 33
2026/10/08 04:00:53.021, 3, 120 MHz, 3996 MHz, 184.01 W, 33
2026/10/08 04:00:53.021, 4, 120 MHz, 3996 MHz, 184.59 W, 40
2026/10/08 04:00:53.021, 5, 120 MHz, 3996 MHz, 184.04 W, 38
2026/10/08 04:00:53.021, 6, 2025 MHz, 3996 MHz, 1090.38 W, 55
2026/10/08 04:00:53.021, 7, 2032 MHz, 3996 MHz, 1068.48 W, 53
2026/10/08 04:00:54.021, 0, 120 MHz, 3996 MHz, 186.41 W, 36
2026/10/08 04:00:54.021, 1, 120 MHz, 3996 MHz, 188.23 W, 39
2026/10/08 04:00:54.021, 2, 120 MHz, 3996 MHz, 186.05 W, 33
2026/10/08 04:00:54.021, 3, 120 MHz, 3996 MHz, 183.89 W, 33
2026/10/08 04:00:54.021, 4, 120 MHz, 3996 MHz, 184.63 W, 40
2026/10/08 04:00:54.021, 5, 120 MHz, 3996 MHz, 184.11 W, 38
2026/10/08 04:00:54.021, 6, 2017 MHz, 3996 MHz, 1093.03 W, 56
2026/10/08 04:00:54.021, 7, 2032 MHz, 3996 MHz, 1068.83 W, 54
2026/10/08 04:00:55.021, 0, 120 MHz, 3996 MHz, 186.49 W, 36
2026/10/08 04:00:55.021, 1, 120 MHz, 3996 MHz, 188.23 W, 39
2026/10/08 04:00:55.021, 2, 120 MHz, 3996 MHz, 186.05 W, 33
2026/10/08 04:00:55.021, 3, 120 MHz, 3996 MHz, 183.74 W, 33
2026/10/08 04:00:55.021, 4, 120 MHz, 3996 MHz, 184.63 W, 40
2026/10/08 04:00:55.021, 5, 120 MHz, 3996 MHz, 184.27 W, 38
2026/10/08 04:00:55.021, 6, 2017 MHz, 3996 MHz, 1090.90 W, 56
2026/10/08 04:00:55.021, 7, 2032 MHz, 3996 MHz, 1070.96 W, 54
2026/10/08 04:00:56.021, 0, 120 MHz, 3996 MHz, 186.52 W, 36
2026/10/08 04:00:56.022, 1, 120 MHz, 3996 MHz, 188.23 W, 39
2026/10/08 04:00:56.022, 2, 120 MHz, 3996 MHz, 186.05 W, 33
2026/10/08 04:00:56.022, 3, 120 MHz, 3996 MHz, 183.90 W, 33
2026/10/08 04:00:56.022, 4, 120 MHz, 3996 MHz, 184.73 W, 40
2026/10/08 04:00:56.022, 5, 120 MHz, 3996 MHz, 184.18 W, 39
2026/10/08 04:00:56.022, 6, 2025 MHz, 3996 MHz, 1091.87 W, 56
2026/10/08 04:00:56.022, 7, 2032 MHz, 3996 MHz, 1072.15 W, 54
2026/10/08 04:00:57.022, 0, 120 MHz, 3996 MHz, 186.41 W, 36
2026/10/08 04:00:57.022, 1, 120 MHz, 3996 MHz, 188.23 W, 39
2026/10/08 04:00:57.022, 2, 120 MHz, 3996 MHz, 186.05 W, 33
2026/10/08 04:00:57.022, 3, 120 MHz, 3996 MHz, 183.86 W, 33
2026/10/08 04:00:57.022, 4, 120 MHz, 3996 MHz, 184.78 W, 40
2026/10/08 04:00:57.022, 5, 120 MHz, 3996 MHz, 184.42 W, 39
2026/10/08 04:00:57.022, 6, 2017 MHz, 3996 MHz, 1091.70 W, 56
2026/10/08 04:00:57.022, 7, 2032 MHz, 3996 MHz, 1072.61 W, 54
2026/10/08 04:00:58.022, 0, 120 MHz, 3996 MHz, 186.45 W, 36
2026/10/08 04:00:58.022, 1, 120 MHz, 3996 MHz, 188.23 W, 39
2026/10/08 04:00:58.022, 2, 120 MHz, 3996 MHz, 186.05 W, 33
2026/10/08 04:00:58.022, 3, 120 MHz, 3996 MHz, 183.70 W, 33
2026/10/08 04:00:58.022, 4, 120 MHz, 3996 MHz, 185.09 W, 40
2026/10/08 04:00:58.022, 5, 120 MHz, 3996 MHz, 184.44 W, 39
2026/10/08 04:00:58.022, 6, 2017 MHz, 3996 MHz, 1089.82 W, 56
2026/10/08 04:00:58.022, 7, 2032 MHz, 3996 MHz, 1072.35 W, 54
2026/10/08 04:00:59.022, 0, 120 MHz, 3996 MHz, 186.45 W, 36
2026/10/08 04:00:59.022, 1, 120 MHz, 3996 MHz, 188.23 W, 39
2026/10/08 04:00:59.022, 2, 120 MHz, 3996 MHz, 186.05 W, 33
2026/10/08 04:00:59.022, 3, 120 MHz, 3996 MHz, 183.58 W, 33
2026/10/08 04:00:59.022, 4, 120 MHz, 3996 MHz, 185.34 W, 40
2026/10/08 04:00:59.022, 5, 120 MHz, 3996 MHz, 184.26 W, 39
2026/10/08 04:00:59.022, 6, 2017 MHz, 3996 MHz, 1091.01 W, 56
2026/10/08 04:00:59.022, 7, 2032 MHz, 3996 MHz, 1072.52 W, 54
2026/10/08 04:01:00.022, 0, 120 MHz, 3996 MHz, 186.45 W, 36
2026/10/08 04:01:00.022, 1, 120 MHz, 3996 MHz, 188.23 W, 39
2026/10/08 04:01:00.022, 2, 120 MHz, 3996 MHz, 186.05 W, 33
2026/10/08 04:01:00.022, 3, 120 MHz, 3996 MHz, 183.24 W, 33
2026/10/08 04:01:00.022, 4, 120 MHz, 3996 MHz, 185.56 W, 41
2026/10/08 04:01:00.022, 5, 120 MHz, 3996 MHz, 184.51 W, 39
2026/10/08 04:01:00.022, 6, 2017 MHz, 3996 MHz, 1089.69 W, 57
2026/10/08 04:01:00.022, 7, 2032 MHz, 3996 MHz, 1072.53 W, 55
2026/10/08 04:01:01.023, 0, 120 MHz, 3996 MHz, 186.45 W, 36
2026/10/08 04:01:01.023, 1, 120 MHz, 3996 MHz, 188.23 W, 39
2026/10/08 04:01:01.023, 2, 120 MHz, 3996 MHz, 186.05 W, 33
2026/10/08 04:01:01.023, 3, 120 MHz, 3996 MHz, 183.26 W, 33
2026/10/08 04:01:01.023, 4, 120 MHz, 3996 MHz, 186.06 W, 41
2026/10/08 04:01:01.023, 5, 120 MHz, 3996 MHz, 184.52 W, 39
2026/10/08 04:01:01.023, 6, 2002 MHz, 3996 MHz, 1089.89 W, 57
2026/10/08 04:01:01.023, 7, 2032 MHz, 3996 MHz, 1074.02 W, 55
2026/10/08 04:01:02.023, 0, 120 MHz, 3996 MHz, 186.49 W, 36
2026/10/08 04:01:02.023, 1, 120 MHz, 3996 MHz, 188.23 W, 39
2026/10/08 04:01:02.023, 2, 120 MHz, 3996 MHz, 186.05 W, 33
2026/10/08 04:01:02.023, 3, 120 MHz, 3996 MHz, 183.31 W, 32
2026/10/08 04:01:02.023, 4, 120 MHz, 3996 MHz, 186.25 W, 41
2026/10/08 04:01:02.023, 5, 120 MHz, 3996 MHz, 184.60 W, 39
2026/10/08 04:01:02.023, 6, 2017 MHz, 3996 MHz, 1089.44 W, 57
2026/10/08 04:01:02.023, 7, 2032 MHz, 3996 MHz, 1075.18 W, 55
2026/10/08 04:01:03.023, 0, 120 MHz, 3996 MHz, 186.45 W, 36
2026/10/08 04:01:03.023, 1, 120 MHz, 3996 MHz, 188.23 W, 38
2026/10/08 04:01:03.023, 2, 120 MHz, 3996 MHz, 186.05 W, 32
2026/10/08 04:01:03.023, 3, 120 MHz, 3996 MHz, 183.06 W, 32
2026/10/08 04:01:03.023, 4, 120 MHz, 3996 MHz, 186.45 W, 41
2026/10/08 04:01:03.023, 5, 120 MHz, 3996 MHz, 184.55 W, 39
2026/10/08 04:01:03.023, 6, 2017 MHz, 3996 MHz, 1090.45 W, 57
2026/10/08 04:01:03.023, 7, 2032 MHz, 3996 MHz, 1074.92 W, 55
2026/10/08 04:01:04.023, 0, 120 MHz, 3996 MHz, 186.41 W, 36
2026/10/08 04:01:04.023, 1, 120 MHz, 3996 MHz, 188.23 W, 38
2026/10/08 04:01:04.023, 2, 120 MHz, 3996 MHz, 186.05 W, 32
2026/10/08 04:01:04.023, 3, 120 MHz, 3996 MHz, 182.88 W, 32
2026/10/08 04:01:04.023, 4, 120 MHz, 3996 MHz, 186.33 W, 41
2026/10/08 04:01:04.023, 5, 120 MHz, 3996 MHz, 184.57 W, 39
2026/10/08 04:01:04.023, 6, 2002 MHz, 3996 MHz, 1091.08 W, 57
2026/10/08 04:01:04.023, 7, 2032 MHz, 3996 MHz, 1075.03 W, 55
2026/10/08 04:01:05.023, 0, 120 MHz, 3996 MHz, 186.41 W, 36
2026/10/08 04:01:05.023, 1, 120 MHz, 3996 MHz, 188.23 W, 38
2026/10/08 04:01:05.023, 2, 120 MHz, 3996 MHz, 186.05 W, 32
2026/10/08 04:01:05.024, 3, 120 MHz, 3996 MHz, 183.51 W, 32
2026/10/08 04:01:05.024, 4, 120 MHz, 3996 MHz, 186.49 W, 41
2026/10/08 04:01:05.024, 5, 120 MHz, 3996 MHz, 184.60 W, 39
2026/10/08 04:01:05.024, 6, 2017 MHz, 3996 MHz, 1088.79 W, 57
2026/10/08 04:01:05.024, 7, 2032 MHz, 3996 MHz, 1074.02 W, 55
2026/10/08 04:01:06.024, 0, 120 MHz, 3996 MHz, 186.41 W, 36
2026/10/08 04:01:06.024, 1, 120 MHz, 3996 MHz, 188.23 W, 38
2026/10/08 04:01:06.024, 2, 120 MHz, 3996 MHz, 186.05 W, 32
2026/10/08 04:01:06.024, 3, 120 MHz, 3996 MHz, 183.82 W, 32
2026/10/08 04:01:06.024, 4, 120 MHz, 3996 MHz, 186.49 W, 41
2026/10/08 04:01:06.024, 5, 120 MHz, 3996 MHz, 184.61 W, 40
2026/10/08 04:01:06.024, 6, 2017 MHz, 3996 MHz, 1090.24 W, 57
2026/10/08 04:01:06.024, 7, 2032 MHz, 3996 MHz, 1076.56 W, 55
2026/10/08 04:01:07.024, 0, 120 MHz, 3996 MHz, 186.41 W, 36
2026/10/08 04:01:07.024, 1, 120 MHz, 3996 MHz, 188.23 W, 38
2026/10/08 04:01:07.024, 2, 120 MHz, 3996 MHz, 186.05 W, 32
2026/10/08 04:01:07.024, 3, 120 MHz, 3996 MHz, 183.50 W, 32
2026/10/08 04:01:07.024, 4, 120 MHz, 3996 MHz, 186.49 W, 41
2026/10/08 04:01:07.024, 5, 120 MHz, 3996 MHz, 184.61 W, 40
2026/10/08 04:01:07.024, 6, 2017 MHz, 3996 MHz, 1090.64 W, 57
2026/10/08 04:01:07.024, 7, 2032 MHz, 3996 MHz, 1064.55 W, 55
2026/10/08 04:01:08.024, 0, 120 MHz, 3996 MHz, 186.41 W, 36
2026/10/08 04:01:08.024, 1, 120 MHz, 3996 MHz, 188.23 W, 38
2026/10/08 04:01:08.024, 2, 120 MHz, 3996 MHz, 185.70 W, 32
2026/10/08 04:01:08.024, 3, 120 MHz, 3996 MHz, 183.19 W, 32
2026/10/08 04:01:08.024, 4, 120 MHz, 3996 MHz, 186.45 W, 41
2026/10/08 04:01:08.024, 5, 120 MHz, 3996 MHz, 184.63 W, 40
2026/10/08 04:01:08.024, 6, 2010 MHz, 3996 MHz, 1091.44 W, 57
2026/10/08 04:01:08.024, 7, 2032 MHz, 3996 MHz, 539.40 W, 46
2026/10/08 04:01:09.024, 0, 120 MHz, 3996 MHz, 186.41 W, 36
2026/10/08 04:01:09.024, 1, 120 MHz, 3996 MHz, 188.23 W, 38
2026/10/08 04:01:09.024, 2, 120 MHz, 3996 MHz, 185.90 W, 32
2026/10/08 04:01:09.024, 3, 120 MHz, 3996 MHz, 182.89 W, 32
2026/10/08 04:01:09.024, 4, 120 MHz, 3996 MHz, 186.52 W, 41
2026/10/08 04:01:09.024, 5, 120 MHz, 3996 MHz, 184.70 W, 40
2026/10/08 04:01:09.024, 6, 2002 MHz, 3996 MHz, 1091.58 W, 57
2026/10/08 04:01:09.024, 7, 2032 MHz, 3996 MHz, 260.56 W, 44
2026/10/08 04:01:10.024, 0, 120 MHz, 3996 MHz, 186.41 W, 36
2026/10/08 04:01:10.025, 1, 120 MHz, 3996 MHz, 188.23 W, 38
2026/10/08 04:01:10.025, 2, 120 MHz, 3996 MHz, 185.66 W, 32
2026/10/08 04:01:10.025, 3, 120 MHz, 3996 MHz, 182.72 W, 32
2026/10/08 04:01:10.025, 4, 120 MHz, 3996 MHz, 186.53 W, 42
2026/10/08 04:01:10.025, 5, 120 MHz, 3996 MHz, 184.65 W, 40
2026/10/08 04:01:10.025, 6, 2032 MHz, 3996 MHz, 999.78 W, 54
2026/10/08 04:01:10.025, 7, 2032 MHz, 3996 MHz, 247.33 W, 43
2026/10/08 04:01:11.025, 0, 120 MHz, 3996 MHz, 186.41 W, 36
2026/10/08 04:01:11.025, 1, 120 MHz, 3996 MHz, 188.23 W, 38
2026/10/08 04:01:11.025, 2, 120 MHz, 3996 MHz, 185.43 W, 32
2026/10/08 04:01:11.025, 3, 120 MHz, 3996 MHz, 182.65 W, 32
2026/10/08 04:01:11.025, 4, 120 MHz, 3996 MHz, 186.53 W, 42
2026/10/08 04:01:11.025, 5, 120 MHz, 3996 MHz, 184.63 W, 40
2026/10/08 04:01:11.025, 6, 2032 MHz, 3996 MHz, 262.88 W, 45
2026/10/08 04:01:11.025, 7, 2032 MHz, 3996 MHz, 246.66 W, 42
2026/10/08 04:01:12.025, 0, 120 MHz, 3996 MHz, 186.41 W, 36
2026/10/08 04:01:12.025, 1, 120 MHz, 3996 MHz, 188.23 W, 38
2026/10/08 04:01:12.025, 2, 120 MHz, 3996 MHz, 185.93 W, 32
2026/10/08 04:01:12.025, 3, 2032 MHz, 3996 MHz, 203.02 W, 32
2026/10/08 04:01:12.025, 4, 120 MHz, 3996 MHz, 186.53 W, 42
2026/10/08 04:01:12.025, 5, 120 MHz, 3996 MHz, 184.62 W, 40
2026/10/08 04:01:12.025, 6, 2032 MHz, 3996 MHz, 271.11 W, 44
2026/10/08 04:01:12.025, 7, 2032 MHz, 3996 MHz, 246.39 W, 41
2026/10/08 04:01:13.025, 0, 120 MHz, 3996 MHz, 186.41 W, 36
2026/10/08 04:01:13.025, 1, 120 MHz, 3996 MHz, 188.23 W, 38
2026/10/08 04:01:13.025, 2, 120 MHz, 3996 MHz, 185.85 W, 32
2026/10/08 04:01:13.025, 3, 2032 MHz, 3996 MHz, 236.93 W, 33
2026/10/08 04:01:13.025, 4, 120 MHz, 3996 MHz, 186.52 W, 42
2026/10/08 04:01:13.025, 5, 120 MHz, 3996 MHz, 184.76 W, 40
2026/10/08 04:01:13.025, 6, 2032 MHz, 3996 MHz, 257.91 W, 43
2026/10/08 04:01:13.025, 7, 2032 MHz, 3996 MHz, 246.33 W, 41
2026/10/08 04:01:14.025, 0, 120 MHz, 3996 MHz, 186.41 W, 36
2026/10/08 04:01:14.025, 1, 120 MHz, 3996 MHz, 188.23 W, 38
2026/10/08 04:01:14.025, 2, 120 MHz, 3996 MHz, 185.81 W, 32
2026/10/08 04:01:14.025, 3, 2032 MHz, 3996 MHz, 238.31 W, 33
2026/10/08 04:01:14.025, 4, 120 MHz, 3996 MHz, 186.53 W, 42
2026/10/08 04:01:14.025, 5, 120 MHz, 3996 MHz, 184.68 W, 40
2026/10/08 04:01:14.025, 6, 2032 MHz, 3996 MHz, 256.94 W, 43
2026/10/08 04:01:14.025, 7, 2032 MHz, 3996 MHz, 246.37 W, 41
2026/10/08 04:01:15.026, 0, 120 MHz, 3996 MHz, 186.41 W, 36
2026/10/08 04:01:15.026, 1, 120 MHz, 3996 MHz, 188.23 W, 38
2026/10/08 04:01:15.026, 2, 120 MHz, 3996 MHz, 185.77 W, 31
2026/10/08 04:01:15.026, 3, 2032 MHz, 3996 MHz, 238.22 W, 33
2026/10/08 04:01:15.026, 4, 120 MHz, 3996 MHz, 186.52 W, 42
2026/10/08 04:01:15.026, 5, 120 MHz, 3996 MHz, 184.67 W, 40
2026/10/08 04:01:15.026, 6, 2032 MHz, 3996 MHz, 256.35 W, 42
2026/10/08 04:01:15.026, 7, 2032 MHz, 3996 MHz, 246.15 W, 40
2026/10/08 04:01:16.026, 0, 120 MHz, 3996 MHz, 186.76 W, 36
2026/10/08 04:01:16.026, 1, 120 MHz, 3996 MHz, 188.23 W, 38
2026/10/08 04:01:16.026, 2, 120 MHz, 3996 MHz, 185.25 W, 31
2026/10/08 04:01:16.026, 3, 2032 MHz, 3996 MHz, 255.60 W, 33
2026/10/08 04:01:16.026, 4, 120 MHz, 3996 MHz, 186.53 W, 42
2026/10/08 04:01:16.026, 5, 120 MHz, 3996 MHz, 184.69 W, 40
2026/10/08 04:01:16.026, 6, 2032 MHz, 3996 MHz, 256.32 W, 42
2026/10/08 04:01:16.026, 7, 2032 MHz, 3996 MHz, 244.57 W, 40
2026/10/08 04:01:17.026, 0, 120 MHz, 3996 MHz, 186.98 W, 36
2026/10/08 04:01:17.026, 1, 120 MHz, 3996 MHz, 188.23 W, 38
2026/10/08 04:01:17.026, 2, 120 MHz, 3996 MHz, 185.01 W, 31
2026/10/08 04:01:17.026, 3, 2032 MHz, 3996 MHz, 290.89 W, 33
2026/10/08 04:01:17.026, 4, 120 MHz, 3996 MHz, 186.53 W, 42
2026/10/08 04:01:17.026, 5, 120 MHz, 3996 MHz, 184.66 W, 40
2026/10/08 04:01:17.026, 6, 2032 MHz, 3996 MHz, 255.98 W, 41
2026/10/08 04:01:17.026, 7, 292 MHz, 3996 MHz, 196.34 W, 38
2026/10/08 04:01:18.026, 0, 120 MHz, 3996 MHz, 186.68 W, 36
2026/10/08 04:01:18.026, 1, 120 MHz, 3996 MHz, 188.23 W, 38
2026/10/08 04:01:18.026, 2, 120 MHz, 3996 MHz, 185.47 W, 31
2026/10/08 04:01:18.026, 3, 2032 MHz, 3996 MHz, 255.74 W, 33
2026/10/08 04:01:18.026, 4, 120 MHz, 3996 MHz, 186.53 W, 42
2026/10/08 04:01:18.026, 5, 120 MHz, 3996 MHz, 184.68 W, 40
2026/10/08 04:01:18.026, 6, 2032 MHz, 3996 MHz, 255.05 W, 41
2026/10/08 04:01:18.026, 7, 187 MHz, 3996 MHz, 191.23 W, 38
2026/10/08 04:01:19.026, 0, 120 MHz, 3996 MHz, 186.60 W, 36
2026/10/08 04:01:19.027, 1, 120 MHz, 3996 MHz, 188.23 W, 38
2026/10/08 04:01:19.027, 2, 120 MHz, 3996 MHz, 185.41 W, 31
2026/10/08 04:01:19.027, 3, 2032 MHz, 3996 MHz, 245.76 W, 33
2026/10/08 04:01:19.027, 4, 120 MHz, 3996 MHz, 186.53 W, 42
2026/10/08 04:01:19.027, 5, 120 MHz, 3996 MHz, 184.87 W, 40
2026/10/08 04:01:19.027, 6, 427 MHz, 3996 MHz, 246.85 W, 40
2026/10/08 04:01:19.027, 7, 120 MHz, 3996 MHz, 190.30 W, 38
2026/10/08 04:01:20.027, 0, 120 MHz, 3996 MHz, 186.68 W, 36
2026/10/08 04:01:20.027, 1, 120 MHz, 3996 MHz, 188.23 W, 38
2026/10/08 04:01:20.027, 2, 120 MHz, 3996 MHz, 185.07 W, 31
2026/10/08 04:01:20.027, 3, 2032 MHz, 3996 MHz, 244.10 W, 33
2026/10/08 04:01:20.027, 4, 120 MHz, 3996 MHz, 186.53 W, 42
2026/10/08 04:01:20.027, 5, 120 MHz, 3996 MHz, 184.66 W, 40
2026/10/08 04:01:20.027, 6, 667 MHz, 3996 MHz, 196.39 W, 39
2026/10/08 04:01:20.027, 7, 120 MHz, 3996 MHz, 190.30 W, 37
2026/10/08 04:01:21.027, 0, 120 MHz, 3996 MHz, 186.41 W, 36
2026/10/08 04:01:21.027, 1, 120 MHz, 3996 MHz, 188.19 W, 38
2026/10/08 04:01:21.027, 2, 120 MHz, 3996 MHz, 184.71 W, 31
2026/10/08 04:01:21.027, 3, 2032 MHz, 3996 MHz, 270.67 W, 33
2026/10/08 04:01:21.027, 4, 120 MHz, 3996 MHz, 186.53 W, 42
2026/10/08 04:01:21.027, 5, 120 MHz, 3996 MHz, 184.66 W, 40
2026/10/08 04:01:21.027, 6, 667 MHz, 3996 MHz, 197.90 W, 38
2026/10/08 04:01:21.027, 7, 120 MHz, 3996 MHz, 190.42 W, 37
2026/10/08 04:01:22.027, 0, 120 MHz, 3996 MHz, 186.41 W, 35
2026/10/08 04:01:22.027, 1, 120 MHz, 3996 MHz, 188.07 W, 38
2026/10/08 04:01:22.027, 2, 120 MHz, 3996 MHz, 184.55 W, 31
2026/10/08 04:01:22.027, 3, 2032 MHz, 3996 MHz, 298.60 W, 33
2026/10/08 04:01:22.027, 4, 120 MHz, 3996 MHz, 186.53 W, 42
2026/10/08 04:01:22.027, 5, 120 MHz, 3996 MHz, 184.74 W, 40
2026/10/08 04:01:22.027, 6, 157 MHz, 3996 MHz, 193.00 W, 38
2026/10/08 04:01:22.027, 7, 120 MHz, 3996 MHz, 190.42 W, 36
2026/10/08 04:01:23.028, 0, 120 MHz, 3996 MHz, 186.41 W, 35
2026/10/08 04:01:23.028, 1, 120 MHz, 3996 MHz, 188.11 W, 38
2026/10/08 04:01:23.028, 2, 120 MHz, 3996 MHz, 184.08 W, 31
2026/10/08 04:01:23.028, 3, 2032 MHz, 3996 MHz, 236.97 W, 32
2026/10/08 04:01:23.028, 4, 120 MHz, 3996 MHz, 186.53 W, 42
2026/10/08 04:01:23.028, 5, 120 MHz, 3996 MHz, 184.74 W, 40
2026/10/08 04:01:23.028, 6, 120 MHz, 3996 MHz, 190.67 W, 37
2026/10/08 04:01:23.028, 7, 120 MHz, 3996 MHz, 190.38 W, 36
2026/10/08 04:01:24.028, 0, 120 MHz, 3996 MHz, 186.41 W, 35
2026/10/08 04:01:24.028, 1, 120 MHz, 3996 MHz, 187.92 W, 37
2026/10/08 04:01:24.028, 2, 120 MHz, 3996 MHz, 184.13 W, 31
2026/10/08 04:01:24.028, 3, 2032 MHz, 3996 MHz, 247.96 W, 32
2026/10/08 04:01:24.028, 4, 120 MHz, 3996 MHz, 186.53 W, 42
2026/10/08 04:01:24.028, 5, 120 MHz, 3996 MHz, 184.68 W, 40
2026/10/08 04:01:24.028, 6, 120 MHz, 3996 MHz, 190.67 W, 37
2026/10/08 04:01:24.028, 7, 120 MHz, 3996 MHz, 190.15 W, 36
2026/10/08 04:01:25.028, 0, 120 MHz, 3996 MHz, 186.41 W, 35
2026/10/08 04:01:25.028, 1, 120 MHz, 3996 MHz, 187.85 W, 37
2026/10/08 04:01:25.028, 2, 120 MHz, 3996 MHz, 184.01 W, 31
2026/10/08 04:01:25.028, 3, 975 MHz, 3996 MHz, 223.62 W, 32
2026/10/08 04:01:25.028, 4, 120 MHz, 3996 MHz, 186.53 W, 42
2026/10/08 04:01:25.028, 5, 120 MHz, 3996 MHz, 184.64 W, 40
2026/10/08 04:01:25.028, 6, 120 MHz, 3996 MHz, 190.67 W, 37
2026/10/08 04:01:25.028, 7, 120 MHz, 3996 MHz, 189.46 W, 35
2026/10/08 04:01:26.029, 0, 120 MHz, 3996 MHz, 186.41 W, 35
2026/10/08 04:01:26.029, 1, 120 MHz, 3996 MHz, 188.00 W, 37
2026/10/08 04:01:26.029, 2, 120 MHz, 3996 MHz, 184.09 W, 30
2026/10/08 04:01:26.029, 3, 615 MHz, 3996 MHz, 190.08 W, 31
2026/10/08 04:01:26.029, 4, 120 MHz, 3996 MHz, 186.53 W, 42
2026/10/08 04:01:26.029, 5, 120 MHz, 3996 MHz, 184.96 W, 40
2026/10/08 04:01:26.029, 6, 120 MHz, 3996 MHz, 190.67 W, 36
2026/10/08 04:01:26.029, 7, 120 MHz, 3996 MHz, 188.67 W, 35
2026/10/08 04:01:27.029, 0, 120 MHz, 3996 MHz, 186.41 W, 35
2026/10/08 04:01:27.029, 1, 120 MHz, 3996 MHz, 187.58 W, 37
2026/10/08 04:01:27.029, 2, 120 MHz, 3996 MHz, 184.09 W, 30
2026/10/08 04:01:27.029, 3, 390 MHz, 3996 MHz, 186.59 W, 31
2026/10/08 04:01:27.029, 4, 120 MHz, 3996 MHz, 186.53 W, 41
2026/10/08 04:01:27.029, 5, 120 MHz, 3996 MHz, 184.62 W, 40
2026/10/08 04:01:27.029, 6, 120 MHz, 3996 MHz, 190.67 W, 36
2026/10/08 04:01:27.029, 7, 120 MHz, 3996 MHz, 188.51 W, 35
2026/10/08 04:01:28.029, 0, 120 MHz, 3996 MHz, 186.41 W, 35
2026/10/08 04:01:28.029, 1, 120 MHz, 3996 MHz, 187.45 W, 37
2026/10/08 04:01:28.029, 2, 120 MHz, 3996 MHz, 184.09 W, 30
2026/10/08 04:01:28.029, 3, 247 MHz, 3996 MHz, 184.46 W, 31
2026/10/08 04:01:28.029, 4, 120 MHz, 3996 MHz, 186.53 W, 41
2026/10/08 04:01:28.029, 5, 120 MHz, 3996 MHz, 184.67 W, 40
2026/10/08 04:01:28.029, 6, 120 MHz, 3996 MHz, 190.23 W, 36
2026/10/08 04:01:28.029, 7, 120 MHz, 3996 MHz, 188.47 W, 34
2026/10/08 04:01:29.029, 0, 120 MHz, 3996 MHz, 186.41 W, 35
2026/10/08 04:01:29.029, 1, 120 MHz, 3996 MHz, 187.23 W, 37
2026/10/08 04:01:29.029, 2, 120 MHz, 3996 MHz, 184.09 W, 30
2026/10/08 04:01:29.029, 3, 157 MHz, 3996 MHz, 184.10 W, 31
2026/10/08 04:01:29.029, 4, 120 MHz, 3996 MHz, 186.53 W, 41
2026/10/08 04:01:29.029, 5, 120 MHz, 3996 MHz, 184.66 W, 40
2026/10/08 04:01:29.029, 6, 120 MHz, 3996 MHz, 190.44 W, 35
2026/10/08 04:01:29.029, 7, 120 MHz, 3996 MHz, 188.48 W, 34
2026/10/08 04:01:30.030, 0, 120 MHz, 3996 MHz, 186.41 W, 35
2026/10/08 04:01:30.030, 1, 120 MHz, 3996 MHz, 186.60 W, 37
2026/10/08 04:01:30.030, 2, 120 MHz, 3996 MHz, 184.09 W, 30
2026/10/08 04:01:30.030, 3, 120 MHz, 3996 MHz, 182.96 W, 30
2026/10/08 04:01:30.030, 4, 120 MHz, 3996 MHz, 186.52 W, 41
2026/10/08 04:01:30.030, 5, 120 MHz, 3996 MHz, 184.63 W, 40
2026/10/08 04:01:30.030, 6, 120 MHz, 3996 MHz, 189.12 W, 35
2026/10/08 04:01:30.030, 7, 120 MHz, 3996 MHz, 188.48 W, 34
2026/10/08 04:01:31.030, 0, 120 MHz, 3996 MHz, 186.41 W, 35
2026/10/08 04:01:31.030, 1, 120 MHz, 3996 MHz, 186.74 W, 37
2026/10/08 04:01:31.030, 2, 120 MHz, 3996 MHz, 184.09 W, 30
2026/10/08 04:01:31.030, 3, 120 MHz, 3996 MHz, 183.01 W, 30
2026/10/08 04:01:31.030, 4, 120 MHz, 3996 MHz, 186.53 W, 41
2026/10/08 04:01:31.030, 5, 120 MHz, 3996 MHz, 184.64 W, 40
2026/10/08 04:01:31.030, 6, 120 MHz, 3996 MHz, 188.72 W, 35
2026/10/08 04:01:31.030, 7, 120 MHz, 3996 MHz, 188.47 W, 33
2026/10/08 04:01:32.030, 0, 120 MHz, 3996 MHz, 186.41 W, 35
2026/10/08 04:01:32.030, 1, 120 MHz, 3996 MHz, 186.32 W, 37
2026/10/08 04:01:32.030, 2, 120 MHz, 3996 MHz, 184.09 W, 30
2026/10/08 04:01:32.030, 3, 120 MHz, 3996 MHz, 183.42 W, 30
2026/10/08 04:01:32.030, 4, 120 MHz, 3996 MHz, 186.45 W, 41
2026/10/08 04:01:32.030, 5, 120 MHz, 3996 MHz, 184.61 W, 40
2026/10/08 04:01:32.030, 6, 120 MHz, 3996 MHz, 188.72 W, 35
2026/10/08 04:01:32.030, 7, 120 MHz, 3996 MHz, 188.48 W, 33
2026/10/08 04:01:33.030, 0, 120 MHz, 3996 MHz, 186.41 W, 35
2026/10/08 04:01:33.030, 1, 120 MHz, 3996 MHz, 186.32 W, 37
2026/10/08 04:01:33.030, 2, 120 MHz, 3996 MHz, 184.09 W, 30
2026/10/08 04:01:33.030, 3, 120 MHz, 3996 MHz, 182.94 W, 30
2026/10/08 04:01:33.030, 4, 120 MHz, 3996 MHz, 186.41 W, 41
2026/10/08 04:01:33.030, 5, 120 MHz, 3996 MHz, 184.63 W, 40
2026/10/08 04:01:33.031, 6, 120 MHz, 3996 MHz, 188.72 W, 34
2026/10/08 04:01:33.031, 7, 120 MHz, 3996 MHz, 188.48 W, 33
2026/10/08 04:01:34.031, 0, 120 MHz, 3996 MHz, 186.41 W, 34
2026/10/08 04:01:34.031, 1, 120 MHz, 3996 MHz, 186.32 W, 37
2026/10/08 04:01:34.031, 2, 120 MHz, 3996 MHz, 184.09 W, 30
2026/10/08 04:01:34.031, 3, 120 MHz, 3996 MHz, 183.15 W, 30
2026/10/08 04:01:34.031, 4, 120 MHz, 3996 MHz, 186.38 W, 41
2026/10/08 04:01:34.031, 5, 120 MHz, 3996 MHz, 184.65 W, 39
2026/10/08 04:01:34.031, 6, 120 MHz, 3996 MHz, 188.72 W, 34
2026/10/08 04:01:34.031, 7, 120 MHz, 3996 MHz, 188.48 W, 33
2026/10/08 04:01:35.031, 0, 120 MHz, 3996 MHz, 186.33 W, 34
2026/10/08 04:01:35.031, 1, 120 MHz, 3996 MHz, 186.36 W, 36
2026/10/08 04:01:35.031, 2, 120 MHz, 3996 MHz, 184.09 W, 30
2026/10/08 04:01:35.031, 3, 120 MHz, 3996 MHz, 182.71 W, 30
2026/10/08 04:01:35.031, 4, 120 MHz, 3996 MHz, 186.19 W, 41
2026/10/08 04:01:35.031, 5, 120 MHz, 3996 MHz, 184.63 W, 39
2026/10/08 04:01:35.031, 6, 120 MHz, 3996 MHz, 188.72 W, 34
2026/10/08 04:01:35.031, 7, 120 MHz, 3996 MHz, 188.44 W, 32
2026/10/08 04:01:36.031, 0, 120 MHz, 3996 MHz, 185.91 W, 34
2026/10/08 04:01:36.031, 1, 120 MHz, 3996 MHz, 186.29 W, 36
2026/10/08 04:01:36.031, 2, 120 MHz, 3996 MHz, 184.09 W, 30
2026/10/08 04:01:36.031, 3, 120 MHz, 3996 MHz, 182.32 W, 30
2026/10/08 04:01:36.031, 4, 120 MHz, 3996 MHz, 185.76 W, 41
2026/10/08 04:01:36.031, 5, 120 MHz, 3996 MHz, 184.60 W, 39
2026/10/08 04:01:36.031, 6, 120 MHz, 3996 MHz, 188.72 W, 34
2026/10/08 04:01:36.031, 7, 120 MHz, 3996 MHz, 188.16 W, 32
2026/10/08 04:01:37.032, 0, 120 MHz, 3996 MHz, 185.63 W, 34
2026/10/08 04:01:37.032, 1, 120 MHz, 3996 MHz, 186.29 W, 36
2026/10/08 04:01:37.032, 2, 120 MHz, 3996 MHz, 184.09 W, 30
2026/10/08 04:01:37.032, 3, 120 MHz, 3996 MHz, 182.21 W, 30
2026/10/08 04:01:37.032, 4, 120 MHz, 3996 MHz, 185.60 W, 40
2026/10/08 04:01:37.032, 5, 120 MHz, 3996 MHz, 184.62 W, 39
2026/10/08 04:01:37.032, 6, 120 MHz, 3996 MHz, 188.72 W, 33
2026/10/08 04:01:37.032, 7, 120 MHz, 3996 MHz, 187.44 W, 32
2026/10/08 04:01:38.032, 0, 120 MHz, 3996 MHz, 185.24 W, 34
2026/10/08 04:01:38.032, 1, 120 MHz, 3996 MHz, 186.29 W, 36
2026/10/08 04:01:38.032, 2, 120 MHz, 3996 MHz, 184.01 W, 29
2026/10/08 04:01:38.032, 3, 120 MHz, 3996 MHz, 182.27 W, 30
2026/10/08 04:01:38.032, 4, 120 MHz, 3996 MHz, 185.06 W, 40
2026/10/08 04:01:38.032, 5, 120 MHz, 3996 MHz, 184.41 W, 39
2026/10/08 04:01:38.032, 6, 120 MHz, 3996 MHz, 188.72 W, 33
2026/10/08 04:01:38.032, 7, 120 MHz, 3996 MHz, 187.10 W, 32
2026/10/08 04:01:39.032, 0, 120 MHz, 3996 MHz, 185.11 W, 34
2026/10/08 04:01:39.032, 1, 120 MHz, 3996 MHz, 186.29 W, 36
2026/10/08 04:01:39.032, 2, 120 MHz, 3996 MHz, 184.01 W, 29
2026/10/08 04:01:39.032, 3, 120 MHz, 3996 MHz, 182.33 W, 30
2026/10/08 04:01:39.032, 4, 120 MHz, 3996 MHz, 185.08 W, 40
2026/10/08 04:01:39.032, 5, 120 MHz, 3996 MHz, 184.57 W, 39
2026/10/08 04:01:39.032, 6, 120 MHz, 3996 MHz, 188.72 W, 33
2026/10/08 04:01:39.032, 7, 120 MHz, 3996 MHz, 186.88 W, 32
2026/10/08 04:01:40.032, 0, 120 MHz, 3996 MHz, 185.13 W, 34
2026/10/08 04:01:40.032, 1, 120 MHz, 3996 MHz, 186.29 W, 36
2026/10/08 04:01:40.032, 2, 120 MHz, 3996 MHz, 184.01 W, 29
2026/10/08 04:01:40.033, 3, 120 MHz, 3996 MHz, 182.27 W, 30
2026/10/08 04:01:40.033, 4, 120 MHz, 3996 MHz, 184.71 W, 40
2026/10/08 04:01:40.033, 5, 120 MHz, 3996 MHz, 184.46 W, 39
2026/10/08 04:01:40.033, 6, 2032 MHz, 3996 MHz, 201.63 W, 33
2026/10/08 04:01:40.033, 7, 120 MHz, 3996 MHz, 186.55 W, 31
2026/10/08 04:01:41.033, 0, 120 MHz, 3996 MHz, 185.04 W, 34
2026/10/08 04:01:41.033, 1, 120 MHz, 3996 MHz, 186.29 W, 36
2026/10/08 04:01:41.033, 2, 120 MHz, 3996 MHz, 183.90 W, 29
2026/10/08 04:01:41.033, 3, 120 MHz, 3996 MHz, 182.54 W, 30
2026/10/08 04:01:41.033, 4, 120 MHz, 3996 MHz, 184.63 W, 40
2026/10/08 04:01:41.033, 5, 120 MHz, 3996 MHz, 184.41 W, 39
2026/10/08 04:01:41.033, 6, 2032 MHz, 3996 MHz, 248.83 W, 34
2026/10/08 04:01:41.033, 7, 120 MHz, 3996 MHz, 186.56 W, 31
2026/10/08 04:01:42.033, 0, 120 MHz, 3996 MHz, 184.73 W, 34
2026/10/08 04:01:42.033, 1, 120 MHz, 3996 MHz, 186.29 W, 36
2026/10/08 04:01:42.033, 2, 120 MHz, 3996 MHz, 184.01 W, 29
2026/10/08 04:01:42.033, 3, 120 MHz, 3996 MHz, 182.17 W, 29
2026/10/08 04:01:42.033, 4, 120 MHz, 3996 MHz, 184.67 W, 40
2026/10/08 04:01:42.033, 5, 120 MHz, 3996 MHz, 184.42 W, 38
2026/10/08 04:01:42.033, 6, 2032 MHz, 3996 MHz, 248.78 W, 34
2026/10/08 04:01:42.033, 7, 120 MHz, 3996 MHz, 186.41 W, 31
2026/10/08 04:01:43.033, 0, 120 MHz, 3996 MHz, 184.78 W, 34
2026/10/08 04:01:43.033, 1, 120 MHz, 3996 MHz, 186.29 W, 36
2026/10/08 04:01:43.033, 2, 120 MHz, 3996 MHz, 184.01 W, 29
2026/10/08 04:01:43.033, 3, 120 MHz, 3996 MHz, 182.30 W, 29
2026/10/08 04:01:43.033, 4, 120 MHz, 3996 MHz, 184.59 W, 40
2026/10/08 04:01:43.033, 5, 120 MHz, 3996 MHz, 184.38 W, 38
2026/10/08 04:01:43.033, 6, 2032 MHz, 3996 MHz, 248.75 W, 34
2026/10/08 04:01:43.033, 7, 120 MHz, 3996 MHz, 186.41 W, 31
2026/10/08 04:01:44.033, 0, 120 MHz, 3996 MHz, 184.67 W, 34
2026/10/08 04:01:44.033, 1, 120 MHz, 3996 MHz, 186.29 W, 36
2026/10/08 04:01:44.033, 2, 120 MHz, 3996 MHz, 183.82 W, 29
2026/10/08 04:01:44.033, 3, 120 MHz, 3996 MHz, 182.76 W, 29
2026/10/08 04:01:44.033, 4, 120 MHz, 3996 MHz, 184.59 W, 39
2026/10/08 04:01:44.033, 5, 120 MHz, 3996 MHz, 184.39 W, 38
2026/10/08 04:01:44.033, 6, 2032 MHz, 3996 MHz, 248.85 W, 33
2026/10/08 04:01:44.033, 7, 120 MHz, 3996 MHz, 186.75 W, 31
2026/10/08 04:01:45.034, 0, 120 MHz, 3996 MHz, 184.77 W, 34
2026/10/08 04:01:45.034, 1, 120 MHz, 3996 MHz, 186.29 W, 36
2026/10/08 04:01:45.034, 2, 120 MHz, 3996 MHz, 183.93 W, 29
2026/10/08 04:01:45.034, 3, 120 MHz, 3996 MHz, 183.12 W, 29
2026/10/08 04:01:45.034, 4, 120 MHz, 3996 MHz, 184.59 W, 39
2026/10/08 04:01:45.034, 5, 120 MHz, 3996 MHz, 184.07 W, 38
2026/10/08 04:01:45.034, 6, 2032 MHz, 3996 MHz, 248.82 W, 33
2026/10/08 04:01:45.034, 7, 120 MHz, 3996 MHz, 186.71 W, 30
2026/10/08 04:01:46.034, 0, 120 MHz, 3996 MHz, 184.89 W, 34
2026/10/08 04:01:46.034, 1, 120 MHz, 3996 MHz, 186.29 W, 36
2026/10/08 04:01:46.034, 2, 120 MHz, 3996 MHz, 183.70 W, 29
2026/10/08 04:01:46.034, 3, 120 MHz, 3996 MHz, 182.76 W, 29
2026/10/08 04:01:46.034, 4, 120 MHz, 3996 MHz, 184.59 W, 39
2026/10/08 04:01:46.034, 5, 120 MHz, 3996 MHz, 184.13 W, 38
2026/10/08 04:01:46.034, 6, 2032 MHz, 3996 MHz, 248.74 W, 33
2026/10/08 04:01:46.034, 7, 2032 MHz, 3996 MHz, 220.04 W, 31
2026/10/08 04:01:47.034, 0, 120 MHz, 3996 MHz, 184.66 W, 33
2026/10/08 04:01:47.034, 1, 120 MHz, 3996 MHz, 186.29 W, 36
2026/10/08 04:01:47.034, 2, 120 MHz, 3996 MHz, 183.82 W, 29
2026/10/08 04:01:47.034, 3, 120 MHz, 3996 MHz, 182.81 W, 29
2026/10/08 04:01:47.034, 4, 120 MHz, 3996 MHz, 184.59 W, 39
2026/10/08 04:01:47.034, 5, 120 MHz, 3996 MHz, 184.01 W, 38
2026/10/08 04:01:47.034, 6, 2032 MHz, 3996 MHz, 248.71 W, 33
2026/10/08 04:01:47.034, 7, 2032 MHz, 3996 MHz, 237.98 W, 31
2026/10/08 04:01:48.034, 0, 120 MHz, 3996 MHz, 184.54 W, 33
2026/10/08 04:01:48.034, 1, 120 MHz, 3996 MHz, 186.29 W, 35
2026/10/08 04:01:48.034, 2, 120 MHz, 3996 MHz, 183.90 W, 29
2026/10/08 04:01:48.034, 3, 120 MHz, 3996 MHz, 183.29 W, 29
2026/10/08 04:01:48.034, 4, 120 MHz, 3996 MHz, 184.59 W, 39
2026/10/08 04:01:48.034, 5, 120 MHz, 3996 MHz, 183.68 W, 38
2026/10/08 04:01:48.034, 6, 2032 MHz, 3996 MHz, 248.73 W, 33
2026/10/08 04:01:48.034, 7, 2032 MHz, 3996 MHz, 238.26 W, 31
2026/10/08 04:01:49.035, 0, 120 MHz, 3996 MHz, 184.58 W, 33
2026/10/08 04:01:49.035, 1, 120 MHz, 3996 MHz, 186.29 W, 35
2026/10/08 04:01:49.035, 2, 120 MHz, 3996 MHz, 184.09 W, 29
2026/10/08 04:01:49.035, 3, 120 MHz, 3996 MHz, 182.88 W, 29
2026/10/08 04:01:49.035, 4, 120 MHz, 3996 MHz, 184.59 W, 39
2026/10/08 04:01:49.035, 5, 120 MHz, 3996 MHz, 183.28 W, 38
2026/10/08 04:01:49.035, 6, 2032 MHz, 3996 MHz, 248.70 W, 33
2026/10/08 04:01:49.035, 7, 2032 MHz, 3996 MHz, 237.20 W, 31
2026/10/08 04:01:50.035, 0, 120 MHz, 3996 MHz, 184.54 W, 33
2026/10/08 04:01:50.035, 1, 120 MHz, 3996 MHz, 186.29 W, 35
2026/10/08 04:01:50.035, 2, 120 MHz, 3996 MHz, 184.09 W, 29
2026/10/08 04:01:50.035, 3, 120 MHz, 3996 MHz, 182.30 W, 29
2026/10/08 04:01:50.035, 4, 120 MHz, 3996 MHz, 184.59 W, 39
2026/10/08 04:01:50.035, 5, 120 MHz, 3996 MHz, 183.30 W, 37
2026/10/08 04:01:50.035, 6, 2032 MHz, 3996 MHz, 248.70 W, 33
2026/10/08 04:01:50.035, 7, 2032 MHz, 3996 MHz, 236.97 W, 31
2026/10/08 04:01:51.035, 0, 120 MHz, 3996 MHz, 184.47 W, 33
2026/10/08 04:01:51.035, 1, 120 MHz, 3996 MHz, 186.29 W, 35
2026/10/08 04:01:51.035, 2, 120 MHz, 3996 MHz, 184.09 W, 29
2026/10/08 04:01:51.035, 3, 120 MHz, 3996 MHz, 182.34 W, 29
2026/10/08 04:01:51.035, 4, 120 MHz, 3996 MHz, 184.59 W, 39
2026/10/08 04:01:51.035, 5, 120 MHz, 3996 MHz, 183.21 W, 37
2026/10/08 04:01:51.035, 6, 2032 MHz, 3996 MHz, 248.69 W, 33
2026/10/08 04:01:51.035, 7, 2032 MHz, 3996 MHz, 237.13 W, 31
2026/10/08 04:01:52.035, 0, 120 MHz, 3996 MHz, 184.47 W, 33
2026/10/08 04:01:52.035, 1, 120 MHz, 3996 MHz, 186.29 W, 35
2026/10/08 04:01:52.035, 2, 120 MHz, 3996 MHz, 184.09 W, 29
2026/10/08 04:01:52.035, 3, 120 MHz, 3996 MHz, 182.73 W, 29
2026/10/08 04:01:52.035, 4, 120 MHz, 3996 MHz, 184.59 W, 38
2026/10/08 04:01:52.035, 5, 120 MHz, 3996 MHz, 183.43 W, 37
2026/10/08 04:01:52.035, 6, 2032 MHz, 3996 MHz, 248.71 W, 33
2026/10/08 04:01:52.035, 7, 2032 MHz, 3996 MHz, 236.85 W, 31
2026/10/08 04:01:53.035, 0, 120 MHz, 3996 MHz, 184.47 W, 33
2026/10/08 04:01:53.035, 1, 120 MHz, 3996 MHz, 186.29 W, 35
2026/10/08 04:01:53.035, 2, 120 MHz, 3996 MHz, 184.09 W, 29
2026/10/08 04:01:53.035, 3, 120 MHz, 3996 MHz, 182.51 W, 29
2026/10/08 04:01:53.035, 4, 120 MHz, 3996 MHz, 184.59 W, 38
2026/10/08 04:01:53.035, 5, 120 MHz, 3996 MHz, 183.21 W, 37
2026/10/08 04:01:53.035, 6, 2032 MHz, 3996 MHz, 248.64 W, 32
2026/10/08 04:01:53.035, 7, 2032 MHz, 3996 MHz, 237.01 W, 31
2026/10/08 04:01:54.036, 0, 120 MHz, 3996 MHz, 184.47 W, 33
2026/10/08 04:01:54.036, 1, 120 MHz, 3996 MHz, 186.29 W, 35
2026/10/08 04:01:54.036, 2, 120 MHz, 3996 MHz, 184.09 W, 29
2026/10/08 04:01:54.036, 3, 120 MHz, 3996 MHz, 182.39 W, 29
2026/10/08 04:01:54.036, 4, 120 MHz, 3996 MHz, 184.59 W, 38
2026/10/08 04:01:54.036, 5, 120 MHz, 3996 MHz, 182.95 W, 37
2026/10/08 04:01:54.036, 6, 2032 MHz, 3996 MHz, 247.29 W, 32
2026/10/08 04:01:54.036, 7, 2032 MHz, 3996 MHz, 236.82 W, 31
2026/10/08 04:01:55.036, 0, 120 MHz, 3996 MHz, 184.47 W, 33
2026/10/08 04:01:55.036, 1, 120 MHz, 3996 MHz, 186.29 W, 35
2026/10/08 04:01:55.036, 2, 120 MHz, 3996 MHz, 184.09 W, 29
2026/10/08 04:01:55.036, 3, 120 MHz, 3996 MHz, 182.21 W, 29
2026/10/08 04:01:55.036, 4, 120 MHz, 3996 MHz, 184.59 W, 38
2026/10/08 04:01:55.036, 5, 120 MHz, 3996 MHz, 183.03 W, 37
2026/10/08 04:01:55.036, 6, 2032 MHz, 3996 MHz, 246.74 W, 32
2026/10/08 04:01:55.036, 7, 2032 MHz, 3996 MHz, 236.82 W, 30
2026/10/08 04:01:56.036, 0, 120 MHz, 3996 MHz, 184.47 W, 33
2026/10/08 04:01:56.036, 1, 120 MHz, 3996 MHz, 186.29 W, 35
2026/10/08 04:01:56.036, 2, 120 MHz, 3996 MHz, 184.09 W, 29
2026/10/08 04:01:56.036, 3, 120 MHz, 3996 MHz, 182.28 W, 29
2026/10/08 04:01:56.036, 4, 120 MHz, 3996 MHz, 184.59 W, 38
2026/10/08 04:01:56.036, 5, 120 MHz, 3996 MHz, 182.90 W, 37
2026/10/08 04:01:56.036, 6, 2032 MHz, 3996 MHz, 246.73 W, 32
2026/10/08 04:01:56.036, 7, 2032 MHz, 3996 MHz, 236.74 W, 30
2026/10/08 04:01:57.036, 0, 120 MHz, 3996 MHz, 184.47 W, 33
2026/10/08 04:01:57.036, 1, 120 MHz, 3996 MHz, 186.29 W, 35
2026/10/08 04:01:57.036, 2, 120 MHz, 3996 MHz, 184.09 W, 29
2026/10/08 04:01:57.036, 3, 120 MHz, 3996 MHz, 182.35 W, 29
2026/10/08 04:01:57.036, 4, 120 MHz, 3996 MHz, 184.59 W, 38
2026/10/08 04:01:57.036, 5, 120 MHz, 3996 MHz, 182.95 W, 37
2026/10/08 04:01:57.036, 6, 2032 MHz, 3996 MHz, 246.76 W, 32
2026/10/08 04:01:57.036, 7, 2032 MHz, 3996 MHz, 237.09 W, 30
2026/10/08 04:01:58.036, 0, 120 MHz, 3996 MHz, 184.47 W, 33
2026/10/08 04:01:58.036, 1, 120 MHz, 3996 MHz, 186.29 W, 35
2026/10/08 04:01:58.036, 2, 120 MHz, 3996 MHz, 184.09 W, 28
2026/10/08 04:01:58.036, 3, 120 MHz, 3996 MHz, 182.28 W, 29
2026/10/08 04:01:58.036, 4, 120 MHz, 3996 MHz, 184.59 W, 38
2026/10/08 04:01:58.036, 5, 120 MHz, 3996 MHz, 182.91 W, 36
2026/10/08 04:01:58.036, 6, 2032 MHz, 3996 MHz, 248.23 W, 32
2026/10/08 04:01:58.036, 7, 2032 MHz, 3996 MHz, 237.55 W, 30
2026/10/08 04:01:59.037, 0, 120 MHz, 3996 MHz, 184.47 W, 33
2026/10/08 04:01:59.037, 1, 120 MHz, 3996 MHz, 186.29 W, 35
2026/10/08 04:01:59.037, 2, 120 MHz, 3996 MHz, 184.09 W, 28
2026/10/08 04:01:59.037, 3, 120 MHz, 3996 MHz, 182.28 W, 29
2026/10/08 04:01:59.037, 4, 120 MHz, 3996 MHz, 184.59 W, 38
2026/10/08 04:01:59.037, 5, 120 MHz, 3996 MHz, 182.81 W, 36
2026/10/08 04:01:59.037, 6, 2032 MHz, 3996 MHz, 248.60 W, 32
2026/10/08 04:01:59.037, 7, 2032 MHz, 3996 MHz, 237.32 W, 30
2026/10/08 04:02:00.037, 0, 120 MHz, 3996 MHz, 184.47 W, 33
2026/10/08 04:02:00.037, 1, 120 MHz, 3996 MHz, 186.29 W, 35
2026/10/08 04:02:00.037, 2, 120 MHz, 3996 MHz, 184.09 W, 28
2026/10/08 04:02:00.037, 3, 120 MHz, 3996 MHz, 182.21 W, 29
2026/10/08 04:02:00.037, 4, 120 MHz, 3996 MHz, 184.59 W, 37
2026/10/08 04:02:00.037, 5, 120 MHz, 3996 MHz, 182.72 W, 36
2026/10/08 04:02:00.037, 6, 2032 MHz, 3996 MHz, 247.70 W, 32
2026/10/08 04:02:00.037, 7, 2032 MHz, 3996 MHz, 236.78 W, 30
2026/10/08 04:02:01.037, 0, 120 MHz, 3996 MHz, 184.47 W, 33
2026/10/08 04:02:01.037, 1, 120 MHz, 3996 MHz, 186.29 W, 35
2026/10/08 04:02:01.037, 2, 120 MHz, 3996 MHz, 184.09 W, 28
2026/10/08 04:02:01.037, 3, 120 MHz, 3996 MHz, 182.16 W, 29
2026/10/08 04:02:01.037, 4, 120 MHz, 3996 MHz, 184.59 W, 37
2026/10/08 04:02:01.037, 5, 120 MHz, 3996 MHz, 182.73 W, 36
2026/10/08 04:02:01.037, 6, 2032 MHz, 3996 MHz, 265.45 W, 32
2026/10/08 04:02:01.037, 7, 2032 MHz, 3996 MHz, 236.79 W, 30
2026/10/08 04:02:02.037, 0, 120 MHz, 3996 MHz, 184.54 W, 33
2026/10/08 04:02:02.037, 1, 120 MHz, 3996 MHz, 186.29 W, 35
2026/10/08 04:02:02.037, 2, 120 MHz, 3996 MHz, 184.09 W, 28
2026/10/08 04:02:02.037, 3, 120 MHz, 3996 MHz, 182.26 W, 29
2026/10/08 04:02:02.037, 4, 120 MHz, 3996 MHz, 184.59 W, 37
2026/10/08 04:02:02.037, 5, 120 MHz, 3996 MHz, 182.77 W, 36
2026/10/08 04:02:02.037, 6, 2032 MHz, 3996 MHz, 246.75 W, 32
2026/10/08 04:02:02.037, 7, 2032 MHz, 3996 MHz, 236.85 W, 30
2026/10/08 04:02:03.037, 0, 120 MHz, 3996 MHz, 184.54 W, 32
2026/10/08 04:02:03.038, 1, 120 MHz, 3996 MHz, 186.29 W, 34
2026/10/08 04:02:03.038, 2, 120 MHz, 3996 MHz, 184.09 W, 28
2026/10/08 04:02:03.038, 3, 120 MHz, 3996 MHz, 182.26 W, 28
2026/10/08 04:02:03.038, 4, 120 MHz, 3996 MHz, 184.59 W, 37
2026/10/08 04:02:03.038, 5, 120 MHz, 3996 MHz, 182.76 W, 36
2026/10/08 04:02:03.038, 6, 2032 MHz, 3996 MHz, 246.76 W, 32
2026/10/08 04:02:03.038, 7, 2032 MHz, 3996 MHz, 236.85 W, 30
2026/10/08 04:02:04.038, 0, 120 MHz, 3996 MHz, 184.47 W, 32
2026/10/08 04:02:04.038, 1, 120 MHz, 3996 MHz, 186.29 W, 34
2026/10/08 04:02:04.038, 2, 120 MHz, 3996 MHz, 184.09 W, 28
2026/10/08 04:02:04.038, 3, 120 MHz, 3996 MHz, 182.18 W, 28
2026/10/08 04:02:04.038, 4, 120 MHz, 3996 MHz, 184.55 W, 37
2026/10/08 04:02:04.038, 5, 120 MHz, 3996 MHz, 182.85 W, 36
2026/10/08 04:02:04.038, 6, 2032 MHz, 3996 MHz, 246.76 W, 32
2026/10/08 04:02:04.038, 7, 2032 MHz, 3996 MHz, 237.88 W, 30
2026/10/08 04:02:05.038, 0, 120 MHz, 3996 MHz, 184.47 W, 32
2026/10/08 04:02:05.038, 1, 120 MHz, 3996 MHz, 186.29 W, 34
2026/10/08 04:02:05.038, 2, 120 MHz, 3996 MHz, 184.09 W, 28
2026/10/08 04:02:05.038, 3, 120 MHz, 3996 MHz, 182.18 W, 28
2026/10/08 04:02:05.038, 4, 120 MHz, 3996 MHz, 184.55 W, 37
2026/10/08 04:02:05.038, 5, 120 MHz, 3996 MHz, 182.68 W, 36
2026/10/08 04:02:05.038, 6, 2032 MHz, 3996 MHz, 246.73 W, 32
2026/10/08 04:02:05.038, 7, 2032 MHz, 3996 MHz, 238.33 W, 30
2026/10/08 04:02:06.038, 0, 120 MHz, 3996 MHz, 184.47 W, 32
2026/10/08 04:02:06.038, 1, 120 MHz, 3996 MHz, 186.29 W, 34
2026/10/08 04:02:06.038, 2, 120 MHz, 3996 MHz, 184.09 W, 28
2026/10/08 04:02:06.038, 3, 120 MHz, 3996 MHz, 182.17 W, 28
2026/10/08 04:02:06.038, 4, 120 MHz, 3996 MHz, 184.59 W, 37
2026/10/08 04:02:06.038, 5, 120 MHz, 3996 MHz, 182.65 W, 36
2026/10/08 04:02:06.038, 6, 2032 MHz, 3996 MHz, 246.73 W, 32
2026/10/08 04:02:06.038, 7, 2032 MHz, 3996 MHz, 237.61 W, 30
2026/10/08 04:02:07.038, 0, 120 MHz, 3996 MHz, 184.47 W, 32
2026/10/08 04:02:07.038, 1, 120 MHz, 3996 MHz, 186.29 W, 34
2026/10/08 04:02:07.038, 2, 120 MHz, 3996 MHz, 184.09 W, 28
2026/10/08 04:02:07.038, 3, 120 MHz, 3996 MHz, 182.17 W, 28
2026/10/08 04:02:07.038, 4, 120 MHz, 3996 MHz, 184.39 W, 37
2026/10/08 04:02:07.038, 5, 120 MHz, 3996 MHz, 182.68 W, 36
2026/10/08 04:02:07.038, 6, 2032 MHz, 3996 MHz, 246.68 W, 31
2026/10/08 04:02:07.038, 7, 2032 MHz, 3996 MHz, 255.53 W, 30
2026/10/08 04:02:08.039, 0, 120 MHz, 3996 MHz, 184.47 W, 32
2026/10/08 04:02:08.039, 1, 120 MHz, 3996 MHz, 186.29 W, 34
2026/10/08 04:02:08.039, 2, 120 MHz, 3996 MHz, 184.09 W, 28
2026/10/08 04:02:08.039, 3, 120 MHz, 3996 MHz, 182.17 W, 28
2026/10/08 04:02:08.039, 4, 120 MHz, 3996 MHz, 184.32 W, 37
2026/10/08 04:02:08.039, 5, 120 MHz, 3996 MHz, 182.68 W, 35
2026/10/08 04:02:08.039, 6, 2032 MHz, 3996 MHz, 246.76 W, 31
2026/10/08 04:02:08.039, 7, 2032 MHz, 3996 MHz, 236.74 W, 30
2026/10/08 04:02:09.039, 0, 120 MHz, 3996 MHz, 184.47 W, 32
2026/10/08 04:02:09.039, 1, 120 MHz, 3996 MHz, 186.29 W, 34
2026/10/08 04:02:09.039, 2, 120 MHz, 3996 MHz, 184.09 W, 28
2026/10/08 04:02:09.039, 3, 120 MHz, 3996 MHz, 182.17 W, 28
2026/10/08 04:02:09.039, 4, 120 MHz, 3996 MHz, 183.86 W, 37
2026/10/08 04:02:09.039, 5, 120 MHz, 3996 MHz, 182.71 W, 35
2026/10/08 04:02:09.039, 6, 2032 MHz, 3996 MHz, 246.76 W, 31
2026/10/08 04:02:09.039, 7, 2032 MHz, 3996 MHz, 236.74 W, 29
2026/10/08 04:02:10.039, 0, 120 MHz, 3996 MHz, 184.47 W, 32
2026/10/08 04:02:10.039, 1, 120 MHz, 3996 MHz, 186.29 W, 34
2026/10/08 04:02:10.039, 2, 120 MHz, 3996 MHz, 184.09 W, 28
2026/10/08 04:02:10.039, 3, 120 MHz, 3996 MHz, 182.17 W, 28
2026/10/08 04:02:10.039, 4, 120 MHz, 3996 MHz, 183.89 W, 36
2026/10/08 04:02:10.039, 5, 120 MHz, 3996 MHz, 182.67 W, 35
2026/10/08 04:02:10.039, 6, 2032 MHz, 3996 MHz, 246.76 W, 31
2026/10/08 04:02:10.039, 7, 2032 MHz, 3996 MHz, 236.74 W, 29
2026/10/08 04:02:11.039, 0, 120 MHz, 3996 MHz, 184.47 W, 32
2026/10/08 04:02:11.039, 1, 120 MHz, 3996 MHz, 186.29 W, 34
2026/10/08 04:02:11.039, 2, 120 MHz, 3996 MHz, 184.09 W, 28
2026/10/08 04:02:11.039, 3, 120 MHz, 3996 MHz, 182.18 W, 28
2026/10/08 04:02:11.039, 4, 120 MHz, 3996 MHz, 183.75 W, 36
2026/10/08 04:02:11.039, 5, 120 MHz, 3996 MHz, 182.66 W, 35
2026/10/08 04:02:11.039, 6, 2032 MHz, 3996 MHz, 246.77 W, 31
2026/10/08 04:02:11.039, 7, 2032 MHz, 3996 MHz, 236.74 W, 29
2026/10/08 04:02:12.040, 0, 120 MHz, 3996 MHz, 184.47 W, 32
2026/10/08 04:02:12.040, 1, 120 MHz, 3996 MHz, 186.29 W, 34
2026/10/08 04:02:12.040, 2, 120 MHz, 3996 MHz, 184.09 W, 28
2026/10/08 04:02:12.040, 3, 120 MHz, 3996 MHz, 182.18 W, 28
2026/10/08 04:02:12.040, 4, 120 MHz, 3996 MHz, 183.33 W, 36
2026/10/08 04:02:12.040, 5, 120 MHz, 3996 MHz, 182.65 W, 35
2026/10/08 04:02:12.040, 6, 2032 MHz, 3996 MHz, 246.72 W, 31
2026/10/08 04:02:12.040, 7, 2032 MHz, 3996 MHz, 236.74 W, 29
2026/10/08 04:02:13.040, 0, 120 MHz, 3996 MHz, 184.47 W, 32
2026/10/08 04:02:13.040, 1, 120 MHz, 3996 MHz, 186.29 W, 34
2026/10/08 04:02:13.040, 2, 120 MHz, 3996 MHz, 184.09 W, 28
2026/10/08 04:02:13.040, 3, 120 MHz, 3996 MHz, 182.17 W, 28
2026/10/08 04:02:13.040, 4, 120 MHz, 3996 MHz, 183.11 W, 36
2026/10/08 04:02:13.040, 5, 120 MHz, 3996 MHz, 182.66 W, 35
2026/10/08 04:02:13.040, 6, 2032 MHz, 3996 MHz, 246.67 W, 31
2026/10/08 04:02:13.040, 7, 2032 MHz, 3996 MHz, 236.74 W, 29
2026/10/08 04:02:14.040, 0, 120 MHz, 3996 MHz, 184.47 W, 32
2026/10/08 04:02:14.040, 1, 120 MHz, 3996 MHz, 186.29 W, 34
2026/10/08 04:02:14.040, 2, 2032 MHz, 3996 MHz, 208.02 W, 29
2026/10/08 04:02:14.040, 3, 2032 MHz, 3996 MHz, 204.56 W, 29
2026/10/08 04:02:14.040, 4, 120 MHz, 3996 MHz, 183.06 W, 36
2026/10/08 04:02:14.040, 5, 120 MHz, 3996 MHz, 182.65 W, 35
2026/10/08 04:02:14.040, 6, 2032 MHz, 3996 MHz, 246.68 W, 31
2026/10/08 04:02:14.040, 7, 2032 MHz, 3996 MHz, 236.74 W, 29
2026/10/08 04:02:15.040, 0, 120 MHz, 3996 MHz, 184.47 W, 32
2026/10/08 04:02:15.040, 1, 120 MHz, 3996 MHz, 186.29 W, 34
2026/10/08 04:02:15.040, 2, 2032 MHz, 3996 MHz, 234.74 W, 29
2026/10/08 04:02:15.040, 3, 2032 MHz, 3996 MHz, 234.66 W, 29
2026/10/08 04:02:15.040, 4, 120 MHz, 3996 MHz, 183.15 W, 36
2026/10/08 04:02:15.040, 5, 120 MHz, 3996 MHz, 182.65 W, 35
2026/10/08 04:02:15.040, 6, 2032 MHz, 3996 MHz, 246.58 W, 31
2026/10/08 04:02:15.040, 7, 2032 MHz, 3996 MHz, 236.74 W, 29
2026/10/08 04:02:16.040, 0, 120 MHz, 3996 MHz, 184.47 W, 32
2026/10/08 04:02:16.040, 1, 120 MHz, 3996 MHz, 186.29 W, 34
2026/10/08 04:02:16.040, 2, 2032 MHz, 3996 MHz, 234.62 W, 29
2026/10/08 04:02:16.040, 3, 2032 MHz, 3996 MHz, 234.32 W, 29
2026/10/08 04:02:16.040, 4, 120 MHz, 3996 MHz, 184.11 W, 36
2026/10/08 04:02:16.040, 5, 120 MHz, 3996 MHz, 182.65 W, 35
2026/10/08 04:02:16.040, 6, 2032 MHz, 3996 MHz, 246.46 W, 31
2026/10/08 04:02:16.040, 7, 2032 MHz, 3996 MHz, 236.70 W, 29
2026/10/08 04:02:17.041, 0, 120 MHz, 3996 MHz, 184.47 W, 32
2026/10/08 04:02:17.041, 1, 120 MHz, 3996 MHz, 186.29 W, 34
2026/10/08 04:02:17.041, 2, 2032 MHz, 3996 MHz, 235.09 W, 29
2026/10/08 04:02:17.041, 3, 2032 MHz, 3996 MHz, 235.09 W, 29
2026/10/08 04:02:17.041, 4, 120 MHz, 3996 MHz, 184.55 W, 36
2026/10/08 04:02:17.041, 5, 120 MHz, 3996 MHz, 182.65 W, 35
2026/10/08 04:02:17.041, 6, 2032 MHz, 3996 MHz, 246.46 W, 31
2026/10/08 04:02:17.041, 7, 2032 MHz, 3996 MHz, 236.70 W, 29
2026/10/08 04:02:18.041, 0, 120 MHz, 3996 MHz, 184.47 W, 32
2026/10/08 04:02:18.041, 1, 120 MHz, 3996 MHz, 186.29 W, 34
2026/10/08 04:02:18.041, 2, 2032 MHz, 3996 MHz, 234.97 W, 29
2026/10/08 04:02:18.041, 3, 2032 MHz, 3996 MHz, 235.32 W, 29
2026/10/08 04:02:18.041, 4, 120 MHz, 3996 MHz, 184.55 W, 36
2026/10/08 04:02:18.041, 5, 120 MHz, 3996 MHz, 182.65 W, 35
2026/10/08 04:02:18.041, 6, 2032 MHz, 3996 MHz, 246.38 W, 31
2026/10/08 04:02:18.041, 7, 2032 MHz, 3996 MHz, 236.74 W, 29
2026/10/08 04:02:19.041, 0, 120 MHz, 3996 MHz, 184.47 W, 32
2026/10/08 04:02:19.041, 1, 120 MHz, 3996 MHz, 186.29 W, 34
2026/10/08 04:02:19.041, 2, 2032 MHz, 3996 MHz, 235.66 W, 29
2026/10/08 04:02:19.041, 3, 2032 MHz, 3996 MHz, 235.74 W, 29
2026/10/08 04:02:19.041, 4, 120 MHz, 3996 MHz, 184.32 W, 36
2026/10/08 04:02:19.041, 5, 120 MHz, 3996 MHz, 182.65 W, 35
2026/10/08 04:02:19.041, 6, 2032 MHz, 3996 MHz, 246.50 W, 31
2026/10/08 04:02:19.041, 7, 2032 MHz, 3996 MHz, 236.58 W, 29
2026/10/08 04:02:20.041, 0, 120 MHz, 3996 MHz, 184.47 W, 32
2026/10/08 04:02:20.041, 1, 120 MHz, 3996 MHz, 186.29 W, 34
2026/10/08 04:02:20.041, 2, 2032 MHz, 3996 MHz, 252.60 W, 29
2026/10/08 04:02:20.041, 3, 2032 MHz, 3996 MHz, 252.62 W, 30
2026/10/08 04:02:20.041, 4, 120 MHz, 3996 MHz, 184.32 W, 36
2026/10/08 04:02:20.041, 5, 120 MHz, 3996 MHz, 182.67 W, 35
2026/10/08 04:02:20.041, 6, 2032 MHz, 3996 MHz, 246.30 W, 31
2026/10/08 04:02:20.041, 7, 2032 MHz, 3996 MHz, 236.51 W, 29
2026/10/08 04:02:21.041, 0, 120 MHz, 3996 MHz, 184.47 W, 32
2026/10/08 04:02:21.041, 1, 120 MHz, 3996 MHz, 186.29 W, 34
2026/10/08 04:02:21.041, 2, 2032 MHz, 3996 MHz, 271.83 W, 30
2026/10/08 04:02:21.041, 3, 2032 MHz, 3996 MHz, 266.16 W, 31
2026/10/08 04:02:21.041, 4, 120 MHz, 3996 MHz, 184.13 W, 36
2026/10/08 04:02:21.041, 5, 120 MHz, 3996 MHz, 182.65 W, 35
2026/10/08 04:02:21.041, 6, 2032 MHz, 3996 MHz, 246.04 W, 31
2026/10/08 04:02:21.041, 7, 2032 MHz, 3996 MHz, 236.47 W, 29
2026/10/08 04:02:22.042, 0, 120 MHz, 3996 MHz, 184.47 W, 32
2026/10/08 04:02:22.042, 1, 120 MHz, 3996 MHz, 186.29 W, 34
2026/10/08 04:02:22.042, 2, 2032 MHz, 3996 MHz, 234.86 W, 29
2026/10/08 04:02:22.042, 3, 2032 MHz, 3996 MHz, 255.29 W, 30
2026/10/08 04:02:22.042, 4, 120 MHz, 3996 MHz, 184.08 W, 36
2026/10/08 04:02:22.042, 5, 120 MHz, 3996 MHz, 182.65 W, 35
2026/10/08 04:02:22.042, 6, 2032 MHz, 3996 MHz, 245.83 W, 31
2026/10/08 04:02:22.042, 7, 2032 MHz, 3996 MHz, 236.47 W, 29
2026/10/08 04:02:23.042, 0, 120 MHz, 3996 MHz, 184.47 W, 32
2026/10/08 04:02:23.042, 1, 120 MHz, 3996 MHz, 186.29 W, 34
2026/10/08 04:02:23.042, 2, 2032 MHz, 3996 MHz, 254.58 W, 30
2026/10/08 04:02:23.042, 3, 2032 MHz, 3996 MHz, 250.27 W, 30
2026/10/08 04:02:23.042, 4, 120 MHz, 3996 MHz, 183.63 W, 36
2026/10/08 04:02:23.042, 5, 120 MHz, 3996 MHz, 182.65 W, 34
2026/10/08 04:02:23.042, 6, 2032 MHz, 3996 MHz, 245.73 W, 31
2026/10/08 04:02:23.042, 7, 2032 MHz, 3996 MHz, 236.04 W, 29
2026/10/08 04:02:24.042, 0, 120 MHz, 3996 MHz, 184.47 W, 32
2026/10/08 04:02:24.042, 1, 120 MHz, 3996 MHz, 186.29 W, 34
2026/10/08 04:02:24.042, 2, 2032 MHz, 3996 MHz, 238.69 W, 29
2026/10/08 04:02:24.042, 3, 2032 MHz, 3996 MHz, 238.69 W, 30
2026/10/08 04:02:24.042, 4, 120 MHz, 3996 MHz, 184.01 W, 36
2026/10/08 04:02:24.042, 5, 120 MHz, 3996 MHz, 182.65 W, 34
2026/10/08 04:02:24.042, 6, 2032 MHz, 3996 MHz, 245.66 W, 31
2026/10/08 04:02:24.042, 7, 2032 MHz, 3996 MHz, 236.08 W, 29
2026/10/08 04:02:25.042, 0, 120 MHz, 3996 MHz, 184.47 W, 32
2026/10/08 04:02:25.042, 1, 120 MHz, 3996 MHz, 186.29 W, 34
2026/10/08 04:02:25.042, 2, 2032 MHz, 3996 MHz, 238.59 W, 29
2026/10/08 04:02:25.042, 3, 2032 MHz, 3996 MHz, 238.25 W, 30
2026/10/08 04:02:25.042, 4, 120 MHz, 3996 MHz, 183.86 W, 35
2026/10/08 04:02:25.042, 5, 120 MHz, 3996 MHz, 182.69 W, 34
2026/10/08 04:02:25.042, 6, 2032 MHz, 3996 MHz, 245.44 W, 31
2026/10/08 04:02:25.042, 7, 2032 MHz, 3996 MHz, 236.70 W, 29
2026/10/08 04:02:26.042, 0, 120 MHz, 3996 MHz, 184.47 W, 32
2026/10/08 04:02:26.042, 1, 120 MHz, 3996 MHz, 186.29 W, 34
2026/10/08 04:02:26.043, 2, 2032 MHz, 3996 MHz, 241.40 W, 29
2026/10/08 04:02:26.043, 3, 2032 MHz, 3996 MHz, 241.58 W, 30
2026/10/08 04:02:26.043, 4, 120 MHz, 3996 MHz, 183.54 W, 35
2026/10/08 04:02:26.043, 5, 120 MHz, 3996 MHz, 182.65 W, 34
2026/10/08 04:02:26.043, 6, 2032 MHz, 3996 MHz, 245.62 W, 31
2026/10/08 04:02:26.043, 7, 2032 MHz, 3996 MHz, 236.32 W, 29
2026/10/08 04:02:27.043, 0, 120 MHz, 3996 MHz, 184.96 W, 32
2026/10/08 04:02:27.043, 1, 120 MHz, 3996 MHz, 186.29 W, 34
2026/10/08 04:02:27.043, 2, 2032 MHz, 3996 MHz, 234.74 W, 29
2026/10/08 04:02:27.043, 3, 2032 MHz, 3996 MHz, 234.74 W, 30
2026/10/08 04:02:27.043, 4, 120 MHz, 3996 MHz, 183.83 W, 35
2026/10/08 04:02:27.043, 5, 120 MHz, 3996 MHz, 182.65 W, 34
2026/10/08 04:02:27.043, 6, 2032 MHz, 3996 MHz, 246.13 W, 31
2026/10/08 04:02:27.043, 7, 2032 MHz, 3996 MHz, 236.39 W, 29
2026/10/08 04:02:28.043, 0, 2032 MHz, 3996 MHz, 229.22 W, 33
2026/10/08 04:02:28.043, 1, 120 MHz, 3996 MHz, 186.19 W, 34
2026/10/08 04:02:28.043, 2, 2032 MHz, 3996 MHz, 234.74 W, 29
2026/10/08 04:02:28.043, 3, 2032 MHz, 3996 MHz, 234.70 W, 30
2026/10/08 04:02:28.043, 4, 120 MHz, 3996 MHz, 183.07 W, 35
2026/10/08 04:02:28.043, 5, 120 MHz, 3996 MHz, 182.65 W, 34
2026/10/08 04:02:28.043, 6, 2032 MHz, 3996 MHz, 245.87 W, 31
2026/10/08 04:02:28.043, 7, 2032 MHz, 3996 MHz, 236.31 W, 29
2026/10/08 04:02:29.043, 0, 2032 MHz, 3996 MHz, 240.62 W, 33
2026/10/08 04:02:29.043, 1, 120 MHz, 3996 MHz, 186.16 W, 34
2026/10/08 04:02:29.043, 2, 2032 MHz, 3996 MHz, 234.85 W, 29
2026/10/08 04:02:29.043, 3, 2032 MHz, 3996 MHz, 234.85 W, 30
2026/10/08 04:02:29.043, 4, 120 MHz, 3996 MHz, 183.07 W, 35
2026/10/08 04:02:29.043, 5, 120 MHz, 3996 MHz, 182.65 W, 34
2026/10/08 04:02:29.043, 6, 2032 MHz, 3996 MHz, 245.51 W, 31
2026/10/08 04:02:29.043, 7, 2032 MHz, 3996 MHz, 236.01 W, 29
2026/10/08 04:02:30.043, 0, 2032 MHz, 3996 MHz, 240.85 W, 33
2026/10/08 04:02:30.043, 1, 120 MHz, 3996 MHz, 186.16 W, 34
2026/10/08 04:02:30.043, 2, 2032 MHz, 3996 MHz, 235.09 W, 29
2026/10/08 04:02:30.043, 3, 2032 MHz, 3996 MHz, 235.09 W, 30
2026/10/08 04:02:30.044, 4, 120 MHz, 3996 MHz, 182.87 W, 35
2026/10/08 04:02:30.044, 5, 120 MHz, 3996 MHz, 182.65 W, 34
2026/10/08 04:02:30.044, 6, 2032 MHz, 3996 MHz, 247.89 W, 31
2026/10/08 04:02:30.044, 7, 2032 MHz, 3996 MHz, 235.82 W, 29
2026/10/08 04:02:31.044, 0, 2032 MHz, 3996 MHz, 240.74 W, 33
2026/10/08 04:02:31.044, 1, 120 MHz, 3996 MHz, 186.16 W, 34
2026/10/08 04:02:31.044, 2, 2032 MHz, 3996 MHz, 243.22 W, 30
2026/10/08 04:02:31.044, 3, 2032 MHz, 3996 MHz, 241.06 W, 30
2026/10/08 04:02:31.044, 4, 120 MHz, 3996 MHz, 183.22 W, 35
2026/10/08 04:02:31.044, 5, 120 MHz, 3996 MHz, 182.62 W, 34
2026/10/08 04:02:31.044, 6, 2032 MHz, 3996 MHz, 246.76 W, 31
2026/10/08 04:02:31.044, 7, 2032 MHz, 3996 MHz, 236.31 W, 29
2026/10/08 04:02:32.044, 0, 2032 MHz, 3996 MHz, 240.66 W, 33
2026/10/08 04:02:32.044, 1, 120 MHz, 3996 MHz, 186.16 W, 34
2026/10/08 04:02:32.044, 2, 2032 MHz, 3996 MHz, 240.79 W, 29
2026/10/08 04:02:32.044, 3, 2032 MHz, 3996 MHz, 241.76 W, 30
2026/10/08 04:02:32.044, 4, 120 MHz, 3996 MHz, 182.91 W, 35
2026/10/08 04:02:32.044, 5, 120 MHz, 3996 MHz, 182.65 W, 34
2026/10/08 04:02:32.044, 6, 2032 MHz, 3996 MHz, 246.69 W, 31
2026/10/08 04:02:32.044, 7, 2032 MHz, 3996 MHz, 235.86 W, 29
2026/10/08 04:02:33.044, 0, 2032 MHz, 3996 MHz, 244.68 W, 33
2026/10/08 04:02:33.044, 1, 120 MHz, 3996 MHz, 186.15 W, 34
2026/10/08 04:02:33.044, 2, 2032 MHz, 3996 MHz, 234.70 W, 29
2026/10/08 04:02:33.044, 3, 2032 MHz, 3996 MHz, 234.74 W, 30
2026/10/08 04:02:33.044, 4, 120 MHz, 3996 MHz, 183.03 W, 35
2026/10/08 04:02:33.044, 5, 120 MHz, 3996 MHz, 182.65 W, 34
2026/10/08 04:02:33.044, 6, 2032 MHz, 3996 MHz, 246.49 W, 31
2026/10/08 04:02:33.044, 7, 2032 MHz, 3996 MHz, 235.86 W, 29
2026/10/08 04:02:34.045, 0, 2032 MHz, 3996 MHz, 387.80 W, 37
2026/10/08 04:02:34.045, 1, 120 MHz, 3996 MHz, 185.83 W, 34
2026/10/08 04:02:34.045, 2, 2032 MHz, 3996 MHz, 234.70 W, 29
2026/10/08 04:02:34.045, 3, 2032 MHz, 3996 MHz, 234.78 W, 30
2026/10/08 04:02:34.045, 4, 120 MHz, 3996 MHz, 182.84 W, 35
2026/10/08 04:02:34.045, 5, 120 MHz, 3996 MHz, 182.62 W, 34
2026/10/08 04:02:34.045, 6, 2032 MHz, 3996 MHz, 246.65 W, 31
2026/10/08 04:02:34.045, 7, 2032 MHz, 3996 MHz, 235.81 W, 29
2026/10/08 04:02:35.045, 0, 2032 MHz, 3996 MHz, 248.25 W, 33
2026/10/08 04:02:35.045, 1, 120 MHz, 3996 MHz, 186.13 W, 34
2026/10/08 04:02:35.045, 2, 2032 MHz, 3996 MHz, 234.70 W, 29
2026/10/08 04:02:35.045, 3, 2032 MHz, 3996 MHz, 234.78 W, 30
2026/10/08 04:02:35.045, 4, 120 MHz, 3996 MHz, 182.84 W, 35
2026/10/08 04:02:35.045, 5, 120 MHz, 3996 MHz, 182.62 W, 34
2026/10/08 04:02:35.045, 6, 2032 MHz, 3996 MHz, 246.76 W, 31
2026/10/08 04:02:35.045, 7, 2032 MHz, 3996 MHz, 236.24 W, 29
2026/10/08 04:02:36.045, 0, 2032 MHz, 3996 MHz, 240.62 W, 33
2026/10/08 04:02:36.045, 1, 120 MHz, 3996 MHz, 186.16 W, 34
2026/10/08 04:02:36.045, 2, 2032 MHz, 3996 MHz, 234.70 W, 29
2026/10/08 04:02:36.045, 3, 2032 MHz, 3996 MHz, 234.74 W, 30
2026/10/08 04:02:36.045, 4, 120 MHz, 3996 MHz, 182.80 W, 35
2026/10/08 04:02:36.045, 5, 120 MHz, 3996 MHz, 182.54 W, 34
2026/10/08 04:02:36.045, 6, 2032 MHz, 3996 MHz, 246.72 W, 31
2026/10/08 04:02:36.045, 7, 2032 MHz, 3996 MHz, 235.92 W, 29
2026/10/08 04:02:37.045, 0, 2032 MHz, 3996 MHz, 240.89 W, 33
2026/10/08 04:02:37.045, 1, 120 MHz, 3996 MHz, 186.16 W, 34
2026/10/08 04:02:37.045, 2, 2032 MHz, 3996 MHz, 234.80 W, 29
2026/10/08 04:02:37.045, 3, 2032 MHz, 3996 MHz, 502.38 W, 33
2026/10/08 04:02:37.045, 4, 120 MHz, 3996 MHz, 182.99 W, 35
2026/10/08 04:02:37.045, 5, 120 MHz, 3996 MHz, 182.61 W, 34
2026/10/08 04:02:37.045, 6, 2032 MHz, 3996 MHz, 246.77 W, 31
2026/10/08 04:02:37.045, 7, 2032 MHz, 3996 MHz, 235.63 W, 29
2026/10/08 04:02:38.046, 0, 2032 MHz, 3996 MHz, 241.05 W, 33
2026/10/08 04:02:38.046, 1, 120 MHz, 3996 MHz, 186.16 W, 34
2026/10/08 04:02:38.046, 2, 2032 MHz, 3996 MHz, 234.68 W, 30
2026/10/08 04:02:38.046, 3, 2032 MHz, 3996 MHz, 316.94 W, 31
2026/10/08 04:02:38.046, 4, 120 MHz, 3996 MHz, 182.72 W, 35
2026/10/08 04:02:38.046, 5, 120 MHz, 3996 MHz, 182.65 W, 34
2026/10/08 04:02:38.046, 6, 2032 MHz, 3996 MHz, 246.68 W, 31
2026/10/08 04:02:38.046, 7, 2032 MHz, 3996 MHz, 235.82 W, 29
2026/10/08 04:02:39.046, 0, 2032 MHz, 3996 MHz, 240.62 W, 33
2026/10/08 04:02:39.046, 1, 120 MHz, 3996 MHz, 186.16 W, 34
2026/10/08 04:02:39.046, 2, 2032 MHz, 3996 MHz, 515.76 W, 33
2026/10/08 04:02:39.046, 3, 1357 MHz, 3996 MHz, 491.21 W, 44
2026/10/08 04:02:39.046, 4, 120 MHz, 3996 MHz, 182.83 W, 35
2026/10/08 04:02:39.046, 5, 120 MHz, 3996 MHz, 182.61 W, 34
2026/10/08 04:02:39.046, 6, 2032 MHz, 3996 MHz, 246.76 W, 31
2026/10/08 04:02:39.046, 7, 2032 MHz, 3996 MHz, 235.63 W, 29
2026/10/08 04:02:40.046, 0, 300 MHz, 3996 MHz, 191.12 W, 32
2026/10/08 04:02:40.046, 1, 120 MHz, 3996 MHz, 186.28 W, 34
2026/10/08 04:02:40.046, 2, 2032 MHz, 3996 MHz, 315.84 W, 31
2026/10/08 04:02:40.046, 3, 1440 MHz, 3996 MHz, 1088.26 W, 49
2026/10/08 04:02:40.046, 4, 120 MHz, 3996 MHz, 182.80 W, 35
2026/10/08 04:02:40.046, 5, 120 MHz, 3996 MHz, 182.65 W, 34
2026/10/08 04:02:40.046, 6, 2032 MHz, 3996 MHz, 246.75 W, 31
2026/10/08 04:02:40.046, 7, 2032 MHz, 3996 MHz, 235.57 W, 29
2026/10/08 04:02:41.046, 0, 172 MHz, 3996 MHz, 186.41 W, 32
2026/10/08 04:02:41.046, 1, 120 MHz, 3996 MHz, 186.29 W, 34
2026/10/08 04:02:41.046, 2, 1335 MHz, 3996 MHz, 512.60 W, 45
2026/10/08 04:02:41.046, 3, 2032 MHz, 3996 MHz, 1049.93 W, 43
2026/10/08 04:02:41.046, 4, 120 MHz, 3996 MHz, 182.65 W, 35
2026/10/08 04:02:41.046, 5, 120 MHz, 3996 MHz, 182.65 W, 34
2026/10/08 04:02:41.046, 6, 2032 MHz, 3996 MHz, 246.71 W, 31
2026/10/08 04:02:41.046, 7, 2032 MHz, 3996 MHz, 235.71 W, 29
2026/10/08 04:02:42.046, 0, 120 MHz, 3996 MHz, 186.37 W, 32
2026/10/08 04:02:42.046, 1, 120 MHz, 3996 MHz, 186.29 W, 34
2026/10/08 04:02:42.046, 2, 1342 MHz, 3996 MHz, 1083.49 W, 49
2026/10/08 04:02:42.046, 3, 2032 MHz, 3996 MHz, 943.71 W, 42
2026/10/08 04:02:42.046, 4, 120 MHz, 3996 MHz, 182.72 W, 35
2026/10/08 04:02:42.046, 5, 120 MHz, 3996 MHz, 182.61 W, 34
2026/10/08 04:02:42.046, 6, 2032 MHz, 3996 MHz, 246.67 W, 31
2026/10/08 04:02:42.046, 7, 2032 MHz, 3996 MHz, 235.65 W, 29
2026/10/08 04:02:43.047, 0, 120 MHz, 3996 MHz, 186.14 W, 32
2026/10/08 04:02:43.047, 1, 120 MHz, 3996 MHz, 186.29 W, 34
2026/10/08 04:02:43.047, 2, 2032 MHz, 3996 MHz, 1045.07 W, 42
2026/10/08 04:02:43.047, 3, 2032 MHz, 3996 MHz, 945.33 W, 43
2026/10/08 04:02:43.047, 4, 120 MHz, 3996 MHz, 182.72 W, 35
2026/10/08 04:02:43.047, 5, 120 MHz, 3996 MHz, 182.65 W, 34
2026/10/08 04:02:43.047, 6, 2032 MHz, 3996 MHz, 246.75 W, 31
2026/10/08 04:02:43.047, 7, 2032 MHz, 3996 MHz, 235.86 W, 29
2026/10/08 04:02:44.047, 0, 120 MHz, 3996 MHz, 186.18 W, 32
2026/10/08 04:02:44.047, 1, 120 MHz, 3996 MHz, 186.29 W, 34
2026/10/08 04:02:44.047, 2, 2032 MHz, 3996 MHz, 951.38 W, 42
2026/10/08 04:02:44.047, 3, 2032 MHz, 3996 MHz, 947.45 W, 43
2026/10/08 04:02:44.047, 4, 120 MHz, 3996 MHz, 182.64 W, 35
2026/10/08 04:02:44.047, 5, 120 MHz, 3996 MHz, 182.50 W, 34
2026/10/08 04:02:44.047, 6, 2032 MHz, 3996 MHz, 246.63 W, 31
2026/10/08 04:02:44.047, 7, 2032 MHz, 3996 MHz, 235.54 W, 29
2026/10/08 04:02:45.047, 0, 120 MHz, 3996 MHz, 186.22 W, 32
2026/10/08 04:02:45.047, 1, 120 MHz, 3996 MHz, 186.29 W, 34
2026/10/08 04:02:45.047, 2, 2032 MHz, 3996 MHz, 954.31 W, 43
2026/10/08 04:02:45.047, 3, 2032 MHz, 3996 MHz, 948.19 W, 44
2026/10/08 04:02:45.047, 4, 120 MHz, 3996 MHz, 182.68 W, 35
2026/10/08 04:02:45.047, 5, 120 MHz, 3996 MHz, 182.65 W, 34
2026/10/08 04:02:45.047, 6, 2032 MHz, 3996 MHz, 247.42 W, 31
2026/10/08 04:02:45.047, 7, 2032 MHz, 3996 MHz, 235.48 W, 29
2026/10/08 04:02:46.047, 0, 120 MHz, 3996 MHz, 186.29 W, 32
2026/10/08 04:02:46.047, 1, 120 MHz, 3996 MHz, 186.29 W, 34
2026/10/08 04:02:46.047, 2, 2032 MHz, 3996 MHz, 954.66 W, 43
2026/10/08 04:02:46.047, 3, 2032 MHz, 3996 MHz, 948.78 W, 44
2026/10/08 04:02:46.047, 4, 120 MHz, 3996 MHz, 182.68 W, 35
2026/10/08 04:02:46.047, 5, 120 MHz, 3996 MHz, 182.65 W, 34
2026/10/08 04:02:46.047, 6, 2032 MHz, 3996 MHz, 246.76 W, 31
2026/10/08 04:02:46.047, 7, 2032 MHz, 3996 MHz, 235.54 W, 29
2026/10/08 04:02:47.047, 0, 120 MHz, 3996 MHz, 186.37 W, 32
2026/10/08 04:02:47.047, 1, 120 MHz, 3996 MHz, 186.29 W, 34
2026/10/08 04:02:47.047, 2, 2032 MHz, 3996 MHz, 955.59 W, 43
2026/10/08 04:02:47.047, 3, 2032 MHz, 3996 MHz, 951.24 W, 44
2026/10/08 04:02:47.048, 4, 120 MHz, 3996 MHz, 182.64 W, 35
2026/10/08 04:02:47.048, 5, 120 MHz, 3996 MHz, 182.65 W, 34
2026/10/08 04:02:47.048, 6, 2032 MHz, 3996 MHz, 246.73 W, 31
2026/10/08 04:02:47.048, 7, 2032 MHz, 3996 MHz, 236.62 W, 29
2026/10/08 04:02:48.048, 0, 120 MHz, 3996 MHz, 186.41 W, 32
2026/10/08 04:02:48.048, 1, 120 MHz, 3996 MHz, 186.29 W, 34
2026/10/08 04:02:48.048, 2, 2032 MHz, 3996 MHz, 962.52 W, 44
2026/10/08 04:02:48.048, 3, 2032 MHz, 3996 MHz, 952.66 W, 45
2026/10/08 04:02:48.048, 4, 120 MHz, 3996 MHz, 182.64 W, 35
2026/10/08 04:02:48.048, 5, 120 MHz, 3996 MHz, 182.65 W, 34
2026/10/08 04:02:48.048, 6, 2032 MHz, 3996 MHz, 246.75 W, 31
2026/10/08 04:02:48.048, 7, 2032 MHz, 3996 MHz, 236.97 W, 29
2026/10/08 04:02:49.048, 0, 120 MHz, 3996 MHz, 186.37 W, 32
2026/10/08 04:02:49.048, 1, 120 MHz, 3996 MHz, 186.29 W, 34
2026/10/08 04:02:49.048, 2, 2032 MHz, 3996 MHz, 959.31 W, 44
2026/10/08 04:02:49.048, 3, 2032 MHz, 3996 MHz, 954.22 W, 45
2026/10/08 04:02:49.048, 4, 120 MHz, 3996 MHz, 182.66 W, 35
2026/10/08 04:02:49.048, 5, 120 MHz, 3996 MHz, 182.65 W, 34
2026/10/08 04:02:49.048, 6, 2032 MHz, 3996 MHz, 246.72 W, 31
2026/10/08 04:02:49.048, 7, 2032 MHz, 3996 MHz, 237.00 W, 29
2026/10/08 04:02:50.048, 0, 120 MHz, 3996 MHz, 186.37 W, 32
2026/10/08 04:02:50.048, 1, 120 MHz, 3996 MHz, 186.29 W, 34
2026/10/08 04:02:50.048, 2, 2032 MHz, 3996 MHz, 960.96 W, 45
2026/10/08 04:02:50.048, 3, 1327 MHz, 3996 MHz, 1094.92 W, 52
2026/10/08 04:02:50.048, 4, 120 MHz, 3996 MHz, 182.68 W, 35
2026/10/08 04:02:50.048, 5, 120 MHz, 3996 MHz, 182.65 W, 34
2026/10/08 04:02:50.048, 6, 2032 MHz, 3996 MHz, 246.74 W, 31
2026/10/08 04:02:50.048, 7, 2032 MHz, 3996 MHz, 236.74 W, 29
2026/10/08 04:02:51.048, 0, 120 MHz, 3996 MHz, 186.41 W, 32
2026/10/08 04:02:51.048, 1, 120 MHz, 3996 MHz, 186.29 W, 34
2026/10/08 04:02:51.048, 2, 2032 MHz, 3996 MHz, 962.35 W, 45
2026/10/08 04:02:51.048, 3, 1335 MHz, 3996 MHz, 1084.11 W, 53
2026/10/08 04:02:51.048, 4, 120 MHz, 3996 MHz, 182.64 W, 35
2026/10/08 04:02:51.048, 5, 120 MHz, 3996 MHz, 182.57 W, 34
2026/10/08 04:02:51.048, 6, 2032 MHz, 3996 MHz, 268.25 W, 31
2026/10/08 04:02:51.048, 7, 2032 MHz, 3996 MHz, 236.66 W, 29
2026/10/08 04:02:52.048, 0, 120 MHz, 3996 MHz, 186.41 W, 32
2026/10/08 04:02:52.049, 1, 120 MHz, 3996 MHz, 186.29 W, 34
2026/10/08 04:02:52.049, 2, 1312 MHz, 3996 MHz, 1089.72 W, 53
2026/10/08 04:02:52.049, 3, 2032 MHz, 3996 MHz, 961.91 W, 46
2026/10/08 04:02:52.049, 4, 120 MHz, 3996 MHz, 182.63 W, 35
2026/10/08 04:02:52.049, 5, 120 MHz, 3996 MHz, 182.65 W, 34
2026/10/08 04:02:52.049, 6, 2032 MHz, 3996 MHz, 246.77 W, 31
2026/10/08 04:02:52.049, 7, 2032 MHz, 3996 MHz, 236.74 W, 29
2026/10/08 04:02:53.049, 0, 120 MHz, 3996 MHz, 186.41 W, 32
2026/10/08 04:02:53.049, 1, 120 MHz, 3996 MHz, 186.29 W, 34
2026/10/08 04:02:53.049, 2, 1312 MHz, 3996 MHz, 1084.54 W, 53
2026/10/08 04:02:53.049, 3, 2032 MHz, 3996 MHz, 951.33 W, 46
2026/10/08 04:02:53.049, 4, 120 MHz, 3996 MHz, 182.64 W, 35
2026/10/08 04:02:53.049, 5, 120 MHz, 3996 MHz, 182.65 W, 34
2026/10/08 04:02:53.049, 6, 2032 MHz, 3996 MHz, 246.72 W, 31
2026/10/08 04:02:53.049, 7, 2032 MHz, 3996 MHz, 236.74 W, 29
2026/10/08 04:02:54.049, 0, 120 MHz, 3996 MHz, 186.41 W, 33
2026/10/08 04:02:54.049, 1, 120 MHz, 3996 MHz, 186.29 W, 34
2026/10/08 04:02:54.049, 2, 2032 MHz, 3996 MHz, 973.38 W, 46
2026/10/08 04:02:54.049, 3, 2032 MHz, 3996 MHz, 952.08 W, 47
2026/10/08 04:02:54.049, 4, 120 MHz, 3996 MHz, 182.64 W, 35
2026/10/08 04:02:54.049, 5, 120 MHz, 3996 MHz, 182.53 W, 34
2026/10/08 04:02:54.049, 6, 2032 MHz, 3996 MHz, 246.82 W, 31
2026/10/08 04:02:54.049, 7, 2032 MHz, 3996 MHz, 236.89 W, 29
2026/10/08 04:02:55.049, 0, 120 MHz, 3996 MHz, 186.41 W, 33
2026/10/08 04:02:55.049, 1, 120 MHz, 3996 MHz, 186.29 W, 34
2026/10/08 04:02:55.049, 2, 2032 MHz, 3996 MHz, 960.33 W, 46
2026/10/08 04:02:55.049, 3, 2032 MHz, 3996 MHz, 954.58 W, 47
2026/10/08 04:02:55.049, 4, 120 MHz, 3996 MHz, 182.64 W, 35
2026/10/08 04:02:55.049, 5, 120 MHz, 3996 MHz, 182.61 W, 34
2026/10/08 04:02:55.049, 6, 2032 MHz, 3996 MHz, 246.74 W, 31
2026/10/08 04:02:55.049, 7, 2032 MHz, 3996 MHz, 236.74 W, 29
2026/10/08 04:02:56.049, 0, 120 MHz, 3996 MHz, 186.41 W, 33
2026/10/08 04:02:56.049, 1, 120 MHz, 3996 MHz, 186.29 W, 34
2026/10/08 04:02:56.049, 2, 2032 MHz, 3996 MHz, 959.75 W, 46
2026/10/08 04:02:56.049, 3, 2032 MHz, 3996 MHz, 955.82 W, 47
2026/10/08 04:02:56.049, 4, 120 MHz, 3996 MHz, 182.68 W, 35
2026/10/08 04:02:56.049, 5, 120 MHz, 3996 MHz, 182.65 W, 34
2026/10/08 04:02:56.049, 6, 2032 MHz, 3996 MHz, 246.76 W, 31
2026/10/08 04:02:56.049, 7, 2032 MHz, 3996 MHz, 236.74 W, 29
2026/10/08 04:02:57.049, 0, 120 MHz, 3996 MHz, 186.41 W, 33
2026/10/08 04:02:57.050, 1, 120 MHz, 3996 MHz, 186.29 W, 34
2026/10/08 04:02:57.050, 2, 2032 MHz, 3996 MHz, 964.94 W, 47
2026/10/08 04:02:57.050, 3, 2032 MHz, 3996 MHz, 956.25 W, 47
2026/10/08 04:02:57.050, 4, 120 MHz, 3996 MHz, 182.65 W, 35
2026/10/08 04:02:57.050, 5, 120 MHz, 3996 MHz, 182.61 W, 34
2026/10/08 04:02:57.050, 6, 2032 MHz, 3996 MHz, 246.39 W, 31
2026/10/08 04:02:57.050, 7, 2032 MHz, 3996 MHz, 236.70 W, 29
2026/10/08 04:02:58.050, 0, 120 MHz, 3996 MHz, 186.41 W, 33
2026/10/08 04:02:58.050, 1, 120 MHz, 3996 MHz, 186.29 W, 35
2026/10/08 04:02:58.050, 2, 2032 MHz, 3996 MHz, 967.64 W, 47
2026/10/08 04:02:58.050, 3, 2032 MHz, 3996 MHz, 957.35 W, 48
2026/10/08 04:02:58.050, 4, 120 MHz, 3996 MHz, 182.68 W, 35
2026/10/08 04:02:58.050, 5, 120 MHz, 3996 MHz, 182.65 W, 34
2026/10/08 04:02:58.050, 6, 2032 MHz, 3996 MHz, 246.47 W, 31
2026/10/08 04:02:58.050, 7, 2032 MHz, 3996 MHz, 236.74 W, 29
2026/10/08 04:02:59.050, 0, 120 MHz, 3996 MHz, 186.41 W, 33
2026/10/08 04:02:59.050, 1, 120 MHz, 3996 MHz, 186.29 W, 35
2026/10/08 04:02:59.050, 2, 2032 MHz, 3996 MHz, 971.24 W, 47
2026/10/08 04:02:59.050, 3, 2032 MHz, 3996 MHz, 959.06 W, 48
2026/10/08 04:02:59.050, 4, 120 MHz, 3996 MHz, 182.68 W, 35
2026/10/08 04:02:59.050, 5, 120 MHz, 3996 MHz, 182.61 W, 34
2026/10/08 04:02:59.050, 6, 2032 MHz, 3996 MHz, 246.55 W, 31
2026/10/08 04:02:59.050, 7, 2032 MHz, 3996 MHz, 236.70 W, 29
2026/10/08 04:03:00.050, 0, 120 MHz, 3996 MHz, 186.41 W, 33
2026/10/08 04:03:00.050, 1, 120 MHz, 3996 MHz, 186.29 W, 35
2026/10/08 04:03:00.050, 2, 2032 MHz, 3996 MHz, 967.09 W, 47
2026/10/08 04:03:00.050, 3, 1357 MHz, 3996 MHz, 1052.11 W, 55
2026/10/08 04:03:00.050, 4, 120 MHz, 3996 MHz, 182.64 W, 35
2026/10/08 04:03:00.050, 5, 120 MHz, 3996 MHz, 182.65 W, 34
2026/10/08 04:03:00.050, 6, 2032 MHz, 3996 MHz, 246.36 W, 31
2026/10/08 04:03:00.050, 7, 2032 MHz, 3996 MHz, 236.58 W, 29
2026/10/08 04:03:01.050, 0, 120 MHz, 3996 MHz, 186.41 W, 33
2026/10/08 04:03:01.050, 1, 120 MHz, 3996 MHz, 186.29 W, 35
2026/10/08 04:03:01.050, 2, 2032 MHz, 3996 MHz, 966.88 W, 48
2026/10/08 04:03:01.050, 3, 1350 MHz, 3996 MHz, 1086.79 W, 56
2026/10/08 04:03:01.050, 4, 120 MHz, 3996 MHz, 182.68 W, 35
2026/10/08 04:03:01.050, 5, 120 MHz, 3996 MHz, 182.61 W, 34
2026/10/08 04:03:01.050, 6, 2032 MHz, 3996 MHz, 246.57 W, 31
2026/10/08 04:03:01.050, 7, 2032 MHz, 3996 MHz, 236.66 W, 29
2026/10/08 04:03:02.051, 0, 120 MHz, 3996 MHz, 186.41 W, 33
2026/10/08 04:03:02.051, 1, 120 MHz, 3996 MHz, 186.29 W, 35
2026/10/08 04:03:02.051, 2, 1297 MHz, 3996 MHz, 1038.61 W, 55
2026/10/08 04:03:02.051, 3, 2032 MHz, 3996 MHz, 1011.33 W, 49
2026/10/08 04:03:02.051, 4, 120 MHz, 3996 MHz, 182.65 W, 35
2026/10/08 04:03:02.051, 5, 120 MHz, 3996 MHz, 182.61 W, 34
2026/10/08 04:03:02.051, 6, 2032 MHz, 3996 MHz, 246.53 W, 31
2026/10/08 04:03:02.051, 7, 2032 MHz, 3996 MHz, 236.66 W, 29
2026/10/08 04:03:03.051, 0, 120 MHz, 3996 MHz, 186.41 W, 33
2026/10/08 04:03:03.051, 1, 120 MHz, 3996 MHz, 186.29 W, 35
2026/10/08 04:03:03.051, 2, 1320 MHz, 3996 MHz, 1087.84 W, 56
2026/10/08 04:03:03.051, 3, 2032 MHz, 3996 MHz, 956.24 W, 49
2026/10/08 04:03:03.051, 4, 120 MHz, 3996 MHz, 182.65 W, 35
2026/10/08 04:03:03.051, 5, 120 MHz, 3996 MHz, 182.65 W, 34
2026/10/08 04:03:03.051, 6, 2032 MHz, 3996 MHz, 246.57 W, 31
2026/10/08 04:03:03.051, 7, 2032 MHz, 3996 MHz, 236.66 W, 29
2026/10/08 04:03:04.051, 0, 120 MHz, 3996 MHz, 186.41 W, 34
2026/10/08 04:03:04.051, 1, 120 MHz, 3996 MHz, 186.29 W, 35
2026/10/08 04:03:04.051, 2, 2032 MHz, 3996 MHz, 1024.77 W, 49
2026/10/08 04:03:04.051, 3, 2032 MHz, 3996 MHz, 959.44 W, 49
2026/10/08 04:03:04.051, 4, 120 MHz, 3996 MHz, 182.65 W, 35
2026/10/08 04:03:04.051, 5, 120 MHz, 3996 MHz, 182.65 W, 34
2026/10/08 04:03:04.051, 6, 2032 MHz, 3996 MHz, 246.54 W, 31
2026/10/08 04:03:04.051, 7, 2032 MHz, 3996 MHz, 236.70 W, 29
2026/10/08 04:03:05.051, 0, 120 MHz, 3996 MHz, 186.41 W, 34
2026/10/08 04:03:05.051, 1, 120 MHz, 3996 MHz, 186.29 W, 35
2026/10/08 04:03:05.051, 2, 2032 MHz, 3996 MHz, 962.53 W, 49
2026/10/08 04:03:05.051, 3, 2032 MHz, 3996 MHz, 958.32 W, 49
2026/10/08 04:03:05.051, 4, 120 MHz, 3996 MHz, 182.68 W, 35
2026/10/08 04:03:05.051, 5, 120 MHz, 3996 MHz, 182.65 W, 34
2026/10/08 04:03:05.051, 6, 2032 MHz, 3996 MHz, 246.56 W, 31
2026/10/08 04:03:05.051, 7, 2032 MHz, 3996 MHz, 236.70 W, 29
2026/10/08 04:03:06.052, 0, 120 MHz, 3996 MHz, 186.41 W, 34
2026/10/08 04:03:06.052, 1, 120 MHz, 3996 MHz, 186.29 W, 35
2026/10/08 04:03:06.052, 2, 2032 MHz, 3996 MHz, 966.65 W, 49
2026/10/08 04:03:06.052, 3, 2032 MHz, 3996 MHz, 964.54 W, 50
2026/10/08 04:03:06.052, 4, 120 MHz, 3996 MHz, 182.72 W, 35
2026/10/08 04:03:06.052, 5, 120 MHz, 3996 MHz, 182.57 W, 34
2026/10/08 04:03:06.052, 6, 2032 MHz, 3996 MHz, 246.42 W, 31
2026/10/08 04:03:06.052, 7, 2032 MHz, 3996 MHz, 236.70 W, 29
2026/10/08 04:03:07.052, 0, 120 MHz, 3996 MHz, 186.41 W, 34
2026/10/08 04:03:07.052, 1, 120 MHz, 3996 MHz, 186.29 W, 36
2026/10/08 04:03:07.052, 2, 2032 MHz, 3996 MHz, 969.15 W, 49
2026/10/08 04:03:07.052, 3, 2032 MHz, 3996 MHz, 965.52 W, 50
2026/10/08 04:03:07.052, 4, 120 MHz, 3996 MHz, 182.64 W, 35
2026/10/08 04:03:07.052, 5, 120 MHz, 3996 MHz, 182.65 W, 34
2026/10/08 04:03:07.052, 6, 2032 MHz, 3996 MHz, 246.68 W, 31
2026/10/08 04:03:07.052, 7, 2032 MHz, 3996 MHz, 236.74 W, 29
2026/10/08 04:03:08.052, 0, 120 MHz, 3996 MHz, 186.41 W, 34
2026/10/08 04:03:08.052, 1, 120 MHz, 3996 MHz, 186.29 W, 36
2026/10/08 04:03:08.052, 2, 2032 MHz, 3996 MHz, 966.31 W, 49
2026/10/08 04:03:08.052, 3, 2032 MHz, 3996 MHz, 961.78 W, 50
2026/10/08 04:03:08.052, 4, 120 MHz, 3996 MHz, 182.63 W, 35
2026/10/08 04:03:08.052, 5, 120 MHz, 3996 MHz, 182.61 W, 34
2026/10/08 04:03:08.052, 6, 2032 MHz, 3996 MHz, 246.59 W, 31
2026/10/08 04:03:08.052, 7, 2032 MHz, 3996 MHz, 236.74 W, 29
2026/10/08 04:03:09.052, 0, 120 MHz, 3996 MHz, 186.41 W, 34
2026/10/08 04:03:09.052, 1, 120 MHz, 3996 MHz, 186.29 W, 36
2026/10/08 04:03:09.052, 2, 2032 MHz, 3996 MHz, 967.72 W, 50
2026/10/08 04:03:09.052, 3, 2032 MHz, 3996 MHz, 963.64 W, 50
2026/10/08 04:03:09.052, 4, 120 MHz, 3996 MHz, 182.64 W, 35
2026/10/08 04:03:09.052, 5, 120 MHz, 3996 MHz, 182.65 W, 34
2026/10/08 04:03:09.052, 6, 2032 MHz, 3996 MHz, 246.76 W, 31
2026/10/08 04:03:09.052, 7, 2032 MHz, 3996 MHz, 236.74 W, 29
2026/10/08 04:03:10.052, 0, 120 MHz, 3996 MHz, 186.41 W, 34
2026/10/08 04:03:10.052, 1, 120 MHz, 3996 MHz, 186.40 W, 36
2026/10/08 04:03:10.053, 2, 2032 MHz, 3996 MHz, 968.82 W, 50
2026/10/08 04:03:10.053, 3, 1342 MHz, 3996 MHz, 1009.21 W, 57
2026/10/08 04:03:10.053, 4, 120 MHz, 3996 MHz, 182.68 W, 35
2026/10/08 04:03:10.053, 5, 120 MHz, 3996 MHz, 182.61 W, 34
2026/10/08 04:03:10.053, 6, 2032 MHz, 3996 MHz, 246.69 W, 31
2026/10/08 04:03:10.053, 7, 2032 MHz, 3996 MHz, 236.74 W, 29
2026/10/08 04:03:11.053, 0, 120 MHz, 3996 MHz, 186.41 W, 34
2026/10/08 04:03:11.053, 1, 120 MHz, 3996 MHz, 186.48 W, 36
2026/10/08 04:03:11.053, 2, 2032 MHz, 3996 MHz, 970.32 W, 50
2026/10/08 04:03:11.053, 3, 1342 MHz, 3996 MHz, 1085.33 W, 58
2026/10/08 04:03:11.053, 4, 120 MHz, 3996 MHz, 182.68 W, 35
2026/10/08 04:03:11.053, 5, 120 MHz, 3996 MHz, 182.57 W, 34
2026/10/08 04:03:11.053, 6, 2032 MHz, 3996 MHz, 246.65 W, 31
2026/10/08 04:03:11.053, 7, 2032 MHz, 3996 MHz, 236.74 W, 29
2026/10/08 04:03:12.053, 0, 120 MHz, 3996 MHz, 186.41 W, 35
2026/10/08 04:03:12.053, 1, 120 MHz, 3996 MHz, 186.56 W, 36
2026/10/08 04:03:12.053, 2, 2032 MHz, 3996 MHz, 993.62 W, 58
2026/10/08 04:03:12.053, 3, 1942 MHz, 3996 MHz, 1064.54 W, 54
2026/10/08 04:03:12.053, 4, 120 MHz, 3996 MHz, 182.72 W, 35
2026/10/08 04:03:12.053, 5, 120 MHz, 3996 MHz, 182.65 W, 34
2026/10/08 04:03:12.053, 6, 2032 MHz, 3996 MHz, 246.73 W, 31
2026/10/08 04:03:12.053, 7, 2032 MHz, 3996 MHz, 236.74 W, 29
2026/10/08 04:03:13.053, 0, 120 MHz, 3996 MHz, 186.41 W, 35
2026/10/08 04:03:13.053, 1, 120 MHz, 3996 MHz, 186.29 W, 36
2026/10/08 04:03:13.053, 2, 1320 MHz, 3996 MHz, 1091.96 W, 58
2026/10/08 04:03:13.053, 3, 2032 MHz, 3996 MHz, 959.70 W, 51
2026/10/08 04:03:13.053, 4, 120 MHz, 3996 MHz, 182.64 W, 35
2026/10/08 04:03:13.053, 5, 120 MHz, 3996 MHz, 182.61 W, 34
2026/10/08 04:03:13.053, 6, 2032 MHz, 3996 MHz, 246.76 W, 31
2026/10/08 04:03:13.053, 7, 2032 MHz, 3996 MHz, 236.74 W, 30
2026/10/08 04:03:14.053, 0, 120 MHz, 3996 MHz, 186.41 W, 35
2026/10/08 04:03:14.053, 1, 120 MHz, 3996 MHz, 186.32 W, 36
2026/10/08 04:03:14.053, 2, 1305 MHz, 3996 MHz, 1088.48 W, 58
2026/10/08 04:03:14.053, 3, 2032 MHz, 3996 MHz, 962.36 W, 51
2026/10/08 04:03:14.053, 4, 120 MHz, 3996 MHz, 182.64 W, 35
2026/10/08 04:03:14.053, 5, 120 MHz, 3996 MHz, 182.65 W, 34
2026/10/08 04:03:14.053, 6, 2032 MHz, 3996 MHz, 246.75 W, 31
2026/10/08 04:03:14.053, 7, 2032 MHz, 3996 MHz, 236.74 W, 30
2026/10/08 04:03:15.054, 0, 120 MHz, 3996 MHz, 186.41 W, 35
2026/10/08 04:03:15.054, 1, 120 MHz, 3996 MHz, 186.29 W, 37
2026/10/08 04:03:15.054, 2, 2032 MHz, 3996 MHz, 961.92 W, 51
2026/10/08 04:03:15.054, 3, 2032 MHz, 3996 MHz, 964.93 W, 51
2026/10/08 04:03:15.054, 4, 120 MHz, 3996 MHz, 182.64 W, 35
2026/10/08 04:03:15.054, 5, 120 MHz, 3996 MHz, 182.65 W, 34
2026/10/08 04:03:15.054, 6, 2032 MHz, 3996 MHz, 246.76 W, 31
2026/10/08 04:03:15.054, 7, 2032 MHz, 3996 MHz, 236.74 W, 30
2026/10/08 04:03:16.054, 0, 120 MHz, 3996 MHz, 186.41 W, 35
2026/10/08 04:03:16.054, 1, 120 MHz, 3996 MHz, 186.32 W, 37
2026/10/08 04:03:16.054, 2, 2032 MHz, 3996 MHz, 970.69 W, 51
2026/10/08 04:03:16.054, 3, 2032 MHz, 3996 MHz, 963.12 W, 51
2026/10/08 04:03:16.054, 4, 120 MHz, 3996 MHz, 182.65 W, 35
2026/10/08 04:03:16.054, 5, 120 MHz, 3996 MHz, 182.65 W, 34
2026/10/08 04:03:16.054, 6, 2032 MHz, 3996 MHz, 246.72 W, 31
2026/10/08 04:03:16.054, 7, 2032 MHz, 3996 MHz, 236.74 W, 30
2026/10/08 04:03:17.054, 0, 120 MHz, 3996 MHz, 186.41 W, 35
2026/10/08 04:03:17.054, 1, 120 MHz, 3996 MHz, 186.32 W, 37
2026/10/08 04:03:17.054, 2, 2032 MHz, 3996 MHz, 969.82 W, 51
2026/10/08 04:03:17.054, 3, 2032 MHz, 3996 MHz, 964.42 W, 52
2026/10/08 04:03:17.054, 4, 120 MHz, 3996 MHz, 182.65 W, 35
2026/10/08 04:03:17.054, 5, 120 MHz, 3996 MHz, 182.53 W, 34
2026/10/08 04:03:17.054, 6, 2032 MHz, 3996 MHz, 246.75 W, 31
2026/10/08 04:03:17.054, 7, 2032 MHz, 3996 MHz, 236.74 W, 30
2026/10/08 04:03:18.054, 0, 120 MHz, 3996 MHz, 186.41 W, 35
2026/10/08 04:03:18.054, 1, 120 MHz, 3996 MHz, 186.36 W, 37
2026/10/08 04:03:18.054, 2, 2032 MHz, 3996 MHz, 969.58 W, 51
2026/10/08 04:03:18.054, 3, 2032 MHz, 3996 MHz, 966.74 W, 52
2026/10/08 04:03:18.054, 4, 120 MHz, 3996 MHz, 182.64 W, 35
2026/10/08 04:03:18.054, 5, 120 MHz, 3996 MHz, 182.57 W, 34
2026/10/08 04:03:18.054, 6, 2032 MHz, 3996 MHz, 246.75 W, 31
2026/10/08 04:03:18.054, 7, 2032 MHz, 3996 MHz, 236.74 W, 30
2026/10/08 04:03:19.054, 0, 120 MHz, 3996 MHz, 186.41 W, 36
2026/10/08 04:03:19.055, 1, 120 MHz, 3996 MHz, 186.40 W, 37
2026/10/08 04:03:19.055, 2, 2032 MHz, 3996 MHz, 973.98 W, 52
2026/10/08 04:03:19.055, 3, 2032 MHz, 3996 MHz, 966.97 W, 52
2026/10/08 04:03:19.055, 4, 120 MHz, 3996 MHz, 182.65 W, 35
2026/10/08 04:03:19.055, 5, 120 MHz, 3996 MHz, 182.65 W, 34
2026/10/08 04:03:19.055, 6, 2032 MHz, 3996 MHz, 246.76 W, 31
2026/10/08 04:03:19.055, 7, 2032 MHz, 3996 MHz, 236.74 W, 30
2026/10/08 04:03:20.055, 0, 120 MHz, 3996 MHz, 186.41 W, 36
2026/10/08 04:03:20.055, 1, 120 MHz, 3996 MHz, 186.60 W, 37
2026/10/08 04:03:20.055, 2, 2032 MHz, 3996 MHz, 979.27 W, 52
2026/10/08 04:03:20.055, 3, 2032 MHz, 3996 MHz, 967.83 W, 52
2026/10/08 04:03:20.055, 4, 120 MHz, 3996 MHz, 182.65 W, 35
2026/10/08 04:03:20.055, 5, 120 MHz, 3996 MHz, 182.65 W, 34
2026/10/08 04:03:20.055, 6, 2032 MHz, 3996 MHz, 246.76 W, 32
2026/10/08 04:03:20.055, 7, 2032 MHz, 3996 MHz, 236.74 W, 30
2026/10/08 04:03:21.055, 0, 120 MHz, 3996 MHz, 186.41 W, 36
2026/10/08 04:03:21.055, 1, 120 MHz, 3996 MHz, 186.98 W, 37
2026/10/08 04:03:21.055, 2, 2032 MHz, 3996 MHz, 974.29 W, 52
2026/10/08 04:03:21.055, 3, 1335 MHz, 3996 MHz, 1087.48 W, 60
2026/10/08 04:03:21.055, 4, 120 MHz, 3996 MHz, 182.68 W, 35
2026/10/08 04:03:21.055, 5, 120 MHz, 3996 MHz, 182.65 W, 34
2026/10/08 04:03:21.055, 6, 2032 MHz, 3996 MHz, 246.74 W, 32
2026/10/08 04:03:21.055, 7, 2032 MHz, 3996 MHz, 236.74 W, 30
2026/10/08 04:03:22.055, 0, 120 MHz, 3996 MHz, 186.41 W, 36
2026/10/08 04:03:22.055, 1, 120 MHz, 3996 MHz, 187.43 W, 37
2026/10/08 04:03:22.055, 2, 2032 MHz, 3996 MHz, 975.66 W, 52
2026/10/08 04:03:22.055, 3, 1327 MHz, 3996 MHz, 1087.89 W, 60
2026/10/08 04:03:22.055, 4, 120 MHz, 3996 MHz, 182.76 W, 35
2026/10/08 04:03:22.055, 5, 120 MHz, 3996 MHz, 182.65 W, 34
2026/10/08 04:03:22.055, 6, 2032 MHz, 3996 MHz, 246.72 W, 32
2026/10/08 04:03:22.055, 7, 2032 MHz, 3996 MHz, 236.74 W, 30
2026/10/08 04:03:23.055, 0, 120 MHz, 3996 MHz, 186.45 W, 36
2026/10/08 04:03:23.055, 1, 120 MHz, 3996 MHz, 187.62 W, 38
2026/10/08 04:03:23.055, 2, 1327 MHz, 3996 MHz, 1072.62 W, 59
2026/10/08 04:03:23.055, 3, 2032 MHz, 3996 MHz, 980.47 W, 53
2026/10/08 04:03:23.055, 4, 120 MHz, 3996 MHz, 182.65 W, 35
2026/10/08 04:03:23.055, 5, 120 MHz, 3996 MHz, 182.65 W, 34
2026/10/08 04:03:23.055, 6, 2032 MHz, 3996 MHz, 246.76 W, 32
2026/10/08 04:03:23.055, 7, 2032 MHz, 3996 MHz, 236.74 W, 30
2026/10/08 04:03:24.056, 0, 120 MHz, 3996 MHz, 186.41 W, 36
2026/10/08 04:03:24.056, 1, 120 MHz, 3996 MHz, 187.99 W, 38
2026/10/08 04:03:24.056, 2, 1305 MHz, 3996 MHz, 1087.43 W, 60
2026/10/08 04:03:24.056, 3, 2032 MHz, 3996 MHz, 968.32 W, 53
2026/10/08 04:03:24.056, 4, 120 MHz, 3996 MHz, 182.65 W, 35
2026/10/08 04:03:24.056, 5, 120 MHz, 3996 MHz, 182.65 W, 34
2026/10/08 04:03:24.056, 6, 2032 MHz, 3996 MHz, 246.76 W, 32
2026/10/08 04:03:24.056, 7, 2032 MHz, 3996 MHz, 236.74 W, 30
2026/10/08 04:03:25.056, 0, 120 MHz, 3996 MHz, 186.45 W, 36
2026/10/08 04:03:25.056, 1, 120 MHz, 3996 MHz, 188.11 W, 38
2026/10/08 04:03:25.056, 2, 2032 MHz, 3996 MHz, 1004.88 W, 53
2026/10/08 04:03:25.056, 3, 2032 MHz, 3996 MHz, 964.72 W, 53
2026/10/08 04:03:25.056, 4, 120 MHz, 3996 MHz, 182.65 W, 35
2026/10/08 04:03:25.056, 5, 120 MHz, 3996 MHz, 182.58 W, 34
2026/10/08 04:03:25.056, 6, 2032 MHz, 3996 MHz, 246.77 W, 32
2026/10/08 04:03:25.056, 7, 2032 MHz, 3996 MHz, 236.74 W, 30
2026/10/08 04:03:26.056, 0, 120 MHz, 3996 MHz, 186.41 W, 36
2026/10/08 04:03:26.056, 1, 120 MHz, 3996 MHz, 188.19 W, 38
2026/10/08 04:03:26.056, 2, 2032 MHz, 3996 MHz, 970.49 W, 53
2026/10/08 04:03:26.056, 3, 2032 MHz, 3996 MHz, 967.32 W, 53
2026/10/08 04:03:26.056, 4, 120 MHz, 3996 MHz, 182.72 W, 35
2026/10/08 04:03:26.056, 5, 120 MHz, 3996 MHz, 182.61 W, 34
2026/10/08 04:03:26.056, 6, 2032 MHz, 3996 MHz, 246.75 W, 32
2026/10/08 04:03:26.056, 7, 2032 MHz, 3996 MHz, 236.74 W, 30
2026/10/08 04:03:27.056, 0, 120 MHz, 3996 MHz, 186.41 W, 37
2026/10/08 04:03:27.056, 1, 120 MHz, 3996 MHz, 188.19 W, 38
2026/10/08 04:03:27.056, 2, 2032 MHz, 3996 MHz, 970.63 W, 53
2026/10/08 04:03:27.056, 3, 2032 MHz, 3996 MHz, 969.80 W, 53
2026/10/08 04:03:27.056, 4, 120 MHz, 3996 MHz, 182.72 W, 35
2026/10/08 04:03:27.056, 5, 120 MHz, 3996 MHz, 182.65 W, 34
2026/10/08 04:03:27.056, 6, 2032 MHz, 3996 MHz, 246.75 W, 32
2026/10/08 04:03:27.056, 7, 2032 MHz, 3996 MHz, 236.74 W, 30
2026/10/08 04:03:28.056, 0, 120 MHz, 3996 MHz, 186.41 W, 37
2026/10/08 04:03:28.056, 1, 120 MHz, 3996 MHz, 188.23 W, 38
2026/10/08 04:03:28.056, 2, 2032 MHz, 3996 MHz, 978.42 W, 53
2026/10/08 04:03:28.056, 3, 2032 MHz, 3996 MHz, 968.60 W, 53
2026/10/08 04:03:28.056, 4, 120 MHz, 3996 MHz, 182.76 W, 35
2026/10/08 04:03:28.056, 5, 120 MHz, 3996 MHz, 182.65 W, 34
2026/10/08 04:03:28.056, 6, 2032 MHz, 3996 MHz, 246.72 W, 32
2026/10/08 04:03:28.056, 7, 2032 MHz, 3996 MHz, 236.74 W, 30
2026/10/08 04:03:29.056, 0, 120 MHz, 3996 MHz, 186.41 W, 37
2026/10/08 04:03:29.057, 1, 120 MHz, 3996 MHz, 188.23 W, 38
2026/10/08 04:03:29.057, 2, 2032 MHz, 3996 MHz, 976.09 W, 53
2026/10/08 04:03:29.057, 3, 2032 MHz, 3996 MHz, 969.20 W, 53
2026/10/08 04:03:29.057, 4, 120 MHz, 3996 MHz, 182.65 W, 35
2026/10/08 04:03:29.057, 5, 120 MHz, 3996 MHz, 182.65 W, 34
2026/10/08 04:03:29.057, 6, 2032 MHz, 3996 MHz, 246.74 W, 32
2026/10/08 04:03:29.057, 7, 2032 MHz, 3996 MHz, 236.74 W, 30
2026/10/08 04:03:30.057, 0, 120 MHz, 3996 MHz, 186.41 W, 37
2026/10/08 04:03:30.057, 1, 120 MHz, 3996 MHz, 188.23 W, 38
2026/10/08 04:03:30.057, 2, 2032 MHz, 3996 MHz, 976.02 W, 53
2026/10/08 04:03:30.057, 3, 2032 MHz, 3996 MHz, 970.38 W, 54
2026/10/08 04:03:30.057, 4, 120 MHz, 3996 MHz, 182.72 W, 35
2026/10/08 04:03:30.057, 5, 120 MHz, 3996 MHz, 182.61 W, 34
2026/10/08 04:03:30.057, 6, 2032 MHz, 3996 MHz, 246.74 W, 32
2026/10/08 04:03:30.057, 7, 2032 MHz, 3996 MHz, 236.74 W, 30
2026/10/08 04:03:31.057, 0, 120 MHz, 3996 MHz, 186.56 W, 37
2026/10/08 04:03:31.057, 1, 120 MHz, 3996 MHz, 188.23 W, 39
2026/10/08 04:03:31.057, 2, 2032 MHz, 3996 MHz, 976.13 W, 53
2026/10/08 04:03:31.057, 3, 2032 MHz, 3996 MHz, 655.21 W, 46
2026/10/08 04:03:31.057, 4, 120 MHz, 3996 MHz, 182.80 W, 35
2026/10/08 04:03:31.057, 5, 120 MHz, 3996 MHz, 182.65 W, 34
2026/10/08 04:03:31.057, 6, 2032 MHz, 3996 MHz, 246.75 W, 32
2026/10/08 04:03:31.057, 7, 2032 MHz, 3996 MHz, 236.74 W, 30
2026/10/08 04:03:32.057, 0, 120 MHz, 3996 MHz, 186.76 W, 37
2026/10/08 04:03:32.057, 1, 120 MHz, 3996 MHz, 188.23 W, 39
2026/10/08 04:03:32.057, 2, 2032 MHz, 3996 MHz, 978.09 W, 54
2026/10/08 04:03:32.057, 3, 2032 MHz, 3996 MHz, 248.48 W, 43
2026/10/08 04:03:32.057, 4, 120 MHz, 3996 MHz, 182.79 W, 35
2026/10/08 04:03:32.057, 5, 120 MHz, 3996 MHz, 182.65 W, 34
2026/10/08 04:03:32.057, 6, 2032 MHz, 3996 MHz, 246.93 W, 32
2026/10/08 04:03:32.057, 7, 2032 MHz, 3996 MHz, 236.97 W, 30
2026/10/08 04:03:33.057, 0, 120 MHz, 3996 MHz, 187.21 W, 37
2026/10/08 04:03:33.057, 1, 120 MHz, 3996 MHz, 188.23 W, 39
2026/10/08 04:03:33.057, 2, 2032 MHz, 3996 MHz, 782.18 W, 47
2026/10/08 04:03:33.057, 3, 2032 MHz, 3996 MHz, 257.18 W, 42
2026/10/08 04:03:33.057, 4, 120 MHz, 3996 MHz, 182.84 W, 35
2026/10/08 04:03:33.057, 5, 120 MHz, 3996 MHz, 182.65 W, 34
2026/10/08 04:03:33.057, 6, 2032 MHz, 3996 MHz, 246.73 W, 32
2026/10/08 04:03:33.057, 7, 2032 MHz, 3996 MHz, 236.74 W, 30
2026/10/08 04:03:34.057, 0, 120 MHz, 3996 MHz, 187.74 W, 37
2026/10/08 04:03:34.058, 1, 120 MHz, 3996 MHz, 188.23 W, 39
2026/10/08 04:03:34.058, 2, 2032 MHz, 3996 MHz, 257.83 W, 43
2026/10/08 04:03:34.058, 3, 2032 MHz, 3996 MHz, 245.02 W, 42
2026/10/08 04:03:34.058, 4, 120 MHz, 3996 MHz, 182.76 W, 35
2026/10/08 04:03:34.058, 5, 120 MHz, 3996 MHz, 182.66 W, 34
2026/10/08 04:03:34.058, 6, 2032 MHz, 3996 MHz, 246.70 W, 32
2026/10/08 04:03:34.058, 7, 2032 MHz, 3996 MHz, 236.74 W, 31
2026/10/08 04:03:35.058, 0, 120 MHz, 3996 MHz, 188.23 W, 38
2026/10/08 04:03:35.058, 1, 120 MHz, 3996 MHz, 188.23 W, 39
2026/10/08 04:03:35.058, 2, 2032 MHz, 3996 MHz, 245.25 W, 42
2026/10/08 04:03:35.058, 3, 2032 MHz, 3996 MHz, 244.55 W, 41
2026/10/08 04:03:35.058, 4, 120 MHz, 3996 MHz, 182.80 W, 35
2026/10/08 04:03:35.058, 5, 120 MHz, 3996 MHz, 182.66 W, 34
2026/10/08 04:03:35.058, 6, 2032 MHz, 3996 MHz, 246.72 W, 32
2026/10/08 04:03:35.058, 7, 2032 MHz, 3996 MHz, 236.74 W, 31
2026/10/08 04:03:36.058, 0, 120 MHz, 3996 MHz, 188.27 W, 38
2026/10/08 04:03:36.058, 1, 120 MHz, 3996 MHz, 188.23 W, 39
2026/10/08 04:03:36.058, 2, 2032 MHz, 3996 MHz, 244.08 W, 42
2026/10/08 04:03:36.058, 3, 2032 MHz, 3996 MHz, 244.48 W, 41
2026/10/08 04:03:36.058, 4, 120 MHz, 3996 MHz, 182.99 W, 35
2026/10/08 04:03:36.058, 5, 120 MHz, 3996 MHz, 182.65 W, 34
2026/10/08 04:03:36.058, 6, 2032 MHz, 3996 MHz, 246.70 W, 32
2026/10/08 04:03:36.058, 7, 2032 MHz, 3996 MHz, 236.74 W, 31
2026/10/08 04:03:37.058, 0, 120 MHz, 3996 MHz, 188.27 W, 38
2026/10/08 04:03:37.058, 1, 120 MHz, 3996 MHz, 188.23 W, 39
2026/10/08 04:03:37.058, 2, 2032 MHz, 3996 MHz, 242.79 W, 41
2026/10/08 04:03:37.058, 3, 2032 MHz, 3996 MHz, 244.43 W, 41
2026/10/08 04:03:37.058, 4, 120 MHz, 3996 MHz, 182.76 W, 35
2026/10/08 04:03:37.058, 5, 120 MHz, 3996 MHz, 182.65 W, 34
2026/10/08 04:03:37.058, 6, 2032 MHz, 3996 MHz, 246.73 W, 32
2026/10/08 04:03:37.058, 7, 2032 MHz, 3996 MHz, 236.74 W, 31
2026/10/08 04:03:38.058, 0, 120 MHz, 3996 MHz, 188.35 W, 38
2026/10/08 04:03:38.058, 1, 120 MHz, 3996 MHz, 188.23 W, 39
2026/10/08 04:03:38.058, 2, 2032 MHz, 3996 MHz, 242.51 W, 41
2026/10/08 04:03:38.058, 3, 2032 MHz, 3996 MHz, 244.32 W, 40
2026/10/08 04:03:38.058, 4, 120 MHz, 3996 MHz, 182.91 W, 35
2026/10/08 04:03:38.058, 5, 120 MHz, 3996 MHz, 182.65 W, 34
2026/10/08 04:03:38.058, 6, 2032 MHz, 3996 MHz, 246.71 W, 32
2026/10/08 04:03:38.058, 7, 2032 MHz, 3996 MHz, 236.74 W, 31
2026/10/08 04:03:39.059, 0, 120 MHz, 3996 MHz, 188.35 W, 38
2026/10/08 04:03:39.059, 1, 120 MHz, 3996 MHz, 188.23 W, 40
2026/10/08 04:03:39.059, 2, 2032 MHz, 3996 MHz, 242.46 W, 41
2026/10/08 04:03:39.059, 3, 2017 MHz, 3996 MHz, 242.48 W, 40
2026/10/08 04:03:39.059, 4, 120 MHz, 3996 MHz, 183.33 W, 35
2026/10/08 04:03:39.059, 5, 120 MHz, 3996 MHz, 182.65 W, 34
2026/10/08 04:03:39.059, 6, 2032 MHz, 3996 MHz, 246.71 W, 32
2026/10/08 04:03:39.059, 7, 2032 MHz, 3996 MHz, 236.74 W, 31
2026/10/08 04:03:40.059, 0, 120 MHz, 3996 MHz, 188.35 W, 38
2026/10/08 04:03:40.059, 1, 120 MHz, 3996 MHz, 188.23 W, 40
2026/10/08 04:03:40.059, 2, 2032 MHz, 3996 MHz, 243.06 W, 40
2026/10/08 04:03:40.059, 3, 285 MHz, 3996 MHz, 198.48 W, 39
2026/10/08 04:03:40.059, 4, 120 MHz, 3996 MHz, 183.15 W, 35
2026/10/08 04:03:40.059, 5, 120 MHz, 3996 MHz, 182.65 W, 34
2026/10/08 04:03:40.059, 6, 2032 MHz, 3996 MHz, 246.70 W, 32
2026/10/08 04:03:40.059, 7, 2032 MHz, 3996 MHz, 236.74 W, 31
2026/10/08 04:03:41.059, 0, 120 MHz, 3996 MHz, 188.35 W, 38
2026/10/08 04:03:41.059, 1, 120 MHz, 3996 MHz, 188.23 W, 40
2026/10/08 04:03:41.059, 2, 2032 MHz, 3996 MHz, 242.55 W, 40
2026/10/08 04:03:41.059, 3, 180 MHz, 3996 MHz, 188.00 W, 39
2026/10/08 04:03:41.059, 4, 120 MHz, 3996 MHz, 183.15 W, 35
2026/10/08 04:03:41.059, 5, 120 MHz, 3996 MHz, 182.65 W, 34
2026/10/08 04:03:41.059, 6, 2032 MHz, 3996 MHz, 246.79 W, 33
2026/10/08 04:03:41.059, 7, 2032 MHz, 3996 MHz, 236.74 W, 31
2026/10/08 04:03:42.059, 0, 120 MHz, 3996 MHz, 188.35 W, 38
2026/10/08 04:03:42.059, 1, 120 MHz, 3996 MHz, 188.23 W, 40
2026/10/08 04:03:42.059, 2, 315 MHz, 3996 MHz, 203.59 W, 39
2026/10/08 04:03:42.059, 3, 802 MHz, 3996 MHz, 190.73 W, 38
2026/10/08 04:03:42.059, 4, 120 MHz, 3996 MHz, 183.18 W, 35
2026/10/08 04:03:42.059, 5, 120 MHz, 3996 MHz, 182.65 W, 34
2026/10/08 04:03:42.059, 6, 2032 MHz, 3996 MHz, 247.26 W, 33
2026/10/08 04:03:42.059, 7, 2032 MHz, 3996 MHz, 237.16 W, 31
2026/10/08 04:03:43.059, 0, 120 MHz, 3996 MHz, 188.31 W, 38
2026/10/08 04:03:43.059, 1, 120 MHz, 3996 MHz, 188.23 W, 40
2026/10/08 04:03:43.059, 2, 705 MHz, 3996 MHz, 192.60 W, 39
2026/10/08 04:03:43.059, 3, 802 MHz, 3996 MHz, 193.88 W, 38
2026/10/08 04:03:43.059, 4, 120 MHz, 3996 MHz, 183.11 W, 35
2026/10/08 04:03:43.059, 5, 120 MHz, 3996 MHz, 182.65 W, 34
2026/10/08 04:03:43.059, 6, 2032 MHz, 3996 MHz, 247.00 W, 33
2026/10/08 04:03:43.059, 7, 2032 MHz, 3996 MHz, 237.13 W, 31
2026/10/08 04:03:44.059, 0, 120 MHz, 3996 MHz, 188.24 W, 38
2026/10/08 04:03:44.060, 1, 120 MHz, 3996 MHz, 188.23 W, 40
2026/10/08 04:03:44.060, 2, 705 MHz, 3996 MHz, 193.88 W, 39
2026/10/08 04:03:44.060, 3, 127 MHz, 3996 MHz, 190.04 W, 38
2026/10/08 04:03:44.060, 4, 120 MHz, 3996 MHz, 183.21 W, 36
2026/10/08 04:03:44.060, 5, 120 MHz, 3996 MHz, 182.57 W, 34
2026/10/08 04:03:44.060, 6, 2032 MHz, 3996 MHz, 246.72 W, 33
2026/10/08 04:03:44.060, 7, 2032 MHz, 3996 MHz, 236.82 W, 31
2026/10/08 04:03:45.060, 0, 120 MHz, 3996 MHz, 188.35 W, 38
2026/10/08 04:03:45.060, 1, 120 MHz, 3996 MHz, 188.23 W, 40
2026/10/08 04:03:45.060, 2, 135 MHz, 3996 MHz, 188.97 W, 38
2026/10/08 04:03:45.060, 3, 120 MHz, 3996 MHz, 187.97 W, 38
2026/10/08 04:03:45.060, 4, 120 MHz, 3996 MHz, 183.54 W, 36
2026/10/08 04:03:45.060, 5, 120 MHz, 3996 MHz, 182.66 W, 34
2026/10/08 04:03:45.060, 6, 2032 MHz, 3996 MHz, 246.75 W, 33
2026/10/08 04:03:45.060, 7, 2032 MHz, 3996 MHz, 236.74 W, 31
2026/10/08 04:03:46.060, 0, 120 MHz, 3996 MHz, 188.35 W, 38
2026/10/08 04:03:46.060, 1, 120 MHz, 3996 MHz, 188.23 W, 40
2026/10/08 04:03:46.060, 2, 120 MHz, 3996 MHz, 188.01 W, 38
2026/10/08 04:03:46.060, 3, 120 MHz, 3996 MHz, 187.25 W, 37
2026/10/08 04:03:46.060, 4, 120 MHz, 3996 MHz, 183.56 W, 36
2026/10/08 04:03:46.060, 5, 120 MHz, 3996 MHz, 182.65 W, 34
2026/10/08 04:03:46.060, 6, 2032 MHz, 3996 MHz, 246.79 W, 33
2026/10/08 04:03:46.060, 7, 2032 MHz, 3996 MHz, 236.82 W, 31
2026/10/08 04:03:47.060, 0, 120 MHz, 3996 MHz, 188.35 W, 38
2026/10/08 04:03:47.060, 1, 120 MHz, 3996 MHz, 188.23 W, 40
2026/10/08 04:03:47.060, 2, 120 MHz, 3996 MHz, 188.01 W, 38
2026/10/08 04:03:47.060, 3, 120 MHz, 3996 MHz, 186.71 W, 37
2026/10/08 04:03:47.060, 4, 120 MHz, 3996 MHz, 183.69 W, 36
2026/10/08 04:03:47.060, 5, 120 MHz, 3996 MHz, 182.65 W, 34
2026/10/08 04:03:47.060, 6, 2032 MHz, 3996 MHz, 246.83 W, 33
2026/10/08 04:03:47.060, 7, 2032 MHz, 3996 MHz, 236.78 W, 31
2026/10/08 04:03:48.060, 0, 120 MHz, 3996 MHz, 188.35 W, 38
2026/10/08 04:03:48.061, 1, 120 MHz, 3996 MHz, 188.23 W, 40
2026/10/08 04:03:48.061, 2, 120 MHz, 3996 MHz, 188.01 W, 38
2026/10/08 04:03:48.061, 3, 120 MHz, 3996 MHz, 186.64 W, 37
2026/10/08 04:03:48.061, 4, 120 MHz, 3996 MHz, 183.48 W, 36
2026/10/08 04:03:48.061, 5, 120 MHz, 3996 MHz, 182.65 W, 34
2026/10/08 04:03:48.061, 6, 2032 MHz, 3996 MHz, 246.92 W, 33
2026/10/08 04:03:48.061, 7, 2032 MHz, 3996 MHz, 236.89 W, 31
2026/10/08 04:03:49.061, 0, 120 MHz, 3996 MHz, 188.35 W, 38
2026/10/08 04:03:49.061, 1, 120 MHz, 3996 MHz, 188.30 W, 40
2026/10/08 04:03:49.061, 2, 120 MHz, 3996 MHz, 188.01 W, 37
2026/10/08 04:03:49.061, 3, 120 MHz, 3996 MHz, 186.36 W, 37
2026/10/08 04:03:49.061, 4, 120 MHz, 3996 MHz, 183.74 W, 36
2026/10/08 04:03:49.061, 5, 120 MHz, 3996 MHz, 182.65 W, 34
2026/10/08 04:03:49.061, 6, 2032 MHz, 3996 MHz, 246.85 W, 33
2026/10/08 04:03:49.061, 7, 2032 MHz, 3996 MHz, 236.78 W, 31
2026/10/08 04:03:50.061, 0, 120 MHz, 3996 MHz, 188.35 W, 39
2026/10/08 04:03:50.061, 1, 120 MHz, 3996 MHz, 188.26 W, 40
2026/10/08 04:03:50.061, 2, 120 MHz, 3996 MHz, 188.01 W, 37
2026/10/08 04:03:50.061, 3, 120 MHz, 3996 MHz, 186.09 W, 37
2026/10/08 04:03:50.061, 4, 120 MHz, 3996 MHz, 183.67 W, 36
2026/10/08 04:03:50.061, 5, 120 MHz, 3996 MHz, 182.68 W, 34
2026/10/08 04:03:50.061, 6, 2032 MHz, 3996 MHz, 246.96 W, 33
2026/10/08 04:03:50.061, 7, 2032 MHz, 3996 MHz, 236.89 W, 31
2026/10/08 04:03:51.061, 0, 120 MHz, 3996 MHz, 188.35 W, 39
2026/10/08 04:03:51.061, 1, 120 MHz, 3996 MHz, 188.38 W, 40
2026/10/08 04:03:51.061, 2, 120 MHz, 3996 MHz, 188.01 W, 37
2026/10/08 04:03:51.061, 3, 120 MHz, 3996 MHz, 186.09 W, 37
2026/10/08 04:03:51.061, 4, 120 MHz, 3996 MHz, 183.94 W, 36
2026/10/08 04:03:51.061, 5, 120 MHz, 3996 MHz, 182.65 W, 34
2026/10/08 04:03:51.061, 6, 2032 MHz, 3996 MHz, 247.73 W, 33
2026/10/08 04:03:51.061, 7, 2032 MHz, 3996 MHz, 237.59 W, 31
2026/10/08 04:03:52.061, 0, 120 MHz, 3996 MHz, 186.94 W, 39
2026/10/08 04:03:52.061, 1, 120 MHz, 3996 MHz, 188.26 W, 40
2026/10/08 04:03:52.062, 2, 120 MHz, 3996 MHz, 187.97 W, 37
2026/10/08 04:03:52.062, 3, 120 MHz, 3996 MHz, 186.09 W, 36
2026/10/08 04:03:52.062, 4, 120 MHz, 3996 MHz, 183.45 W, 36
2026/10/08 04:03:52.062, 5, 120 MHz, 3996 MHz, 182.65 W, 35
2026/10/08 04:03:52.062, 6, 2032 MHz, 3996 MHz, 247.55 W, 33
2026/10/08 04:03:52.062, 7, 2032 MHz, 3996 MHz, 237.77 W, 32
2026/10/08 04:03:53.062, 0, 120 MHz, 3996 MHz, 186.52 W, 39
2026/10/08 04:03:53.062, 1, 120 MHz, 3996 MHz, 188.34 W, 40
2026/10/08 04:03:53.062, 2, 120 MHz, 3996 MHz, 188.01 W, 37
2026/10/08 04:03:53.062, 3, 120 MHz, 3996 MHz, 186.09 W, 36
2026/10/08 04:03:53.062, 4, 120 MHz, 3996 MHz, 183.77 W, 36
2026/10/08 04:03:53.062, 5, 120 MHz, 3996 MHz, 182.65 W, 35
2026/10/08 04:03:53.062, 6, 2032 MHz, 3996 MHz, 248.03 W, 33
2026/10/08 04:03:53.062, 7, 2032 MHz, 3996 MHz, 238.15 W, 32
2026/10/08 04:03:54.062, 0, 120 MHz, 3996 MHz, 186.41 W, 39
2026/10/08 04:03:54.062, 1, 120 MHz, 3996 MHz, 188.26 W, 40
2026/10/08 04:03:54.062, 2, 120 MHz, 3996 MHz, 188.01 W, 37
2026/10/08 04:03:54.062, 3, 120 MHz, 3996 MHz, 186.09 W, 36
2026/10/08 04:03:54.062, 4, 120 MHz, 3996 MHz, 183.52 W, 36
2026/10/08 04:03:54.062, 5, 120 MHz, 3996 MHz, 182.65 W, 35
2026/10/08 04:03:54.062, 6, 2032 MHz, 3996 MHz, 247.35 W, 33
2026/10/08 04:03:54.062, 7, 2032 MHz, 3996 MHz, 237.09 W, 32
2026/10/08 04:03:55.062, 0, 120 MHz, 3996 MHz, 186.41 W, 39
2026/10/08 04:03:55.062, 1, 120 MHz, 3996 MHz, 188.23 W, 40
2026/10/08 04:03:55.062, 2, 120 MHz, 3996 MHz, 188.01 W, 36
2026/10/08 04:03:55.062, 3, 120 MHz, 3996 MHz, 186.09 W, 36
2026/10/08 04:03:55.062, 4, 120 MHz, 3996 MHz, 183.85 W, 36
2026/10/08 04:03:55.062, 5, 120 MHz, 3996 MHz, 182.65 W, 35
2026/10/08 04:03:55.062, 6, 2032 MHz, 3996 MHz, 247.58 W, 33
2026/10/08 04:03:55.062, 7, 2032 MHz, 3996 MHz, 237.34 W, 32
2026/10/08 04:03:56.062, 0, 120 MHz, 3996 MHz, 186.41 W, 39
2026/10/08 04:03:56.062, 1, 120 MHz, 3996 MHz, 188.34 W, 40
2026/10/08 04:03:56.062, 2, 120 MHz, 3996 MHz, 188.01 W, 36
2026/10/08 04:03:56.062, 3, 120 MHz, 3996 MHz, 186.05 W, 36
2026/10/08 04:03:56.062, 4, 120 MHz, 3996 MHz, 183.67 W, 36
2026/10/08 04:03:56.062, 5, 120 MHz, 3996 MHz, 182.65 W, 35
2026/10/08 04:03:56.062, 6, 2032 MHz, 3996 MHz, 247.59 W, 33
2026/10/08 04:03:56.062, 7, 2032 MHz, 3996 MHz, 237.46 W, 32
2026/10/08 04:03:57.063, 0, 120 MHz, 3996 MHz, 186.41 W, 39
2026/10/08 04:03:57.063, 1, 120 MHz, 3996 MHz, 188.38 W, 41
2026/10/08 04:03:57.063, 2, 120 MHz, 3996 MHz, 187.98 W, 36
2026/10/08 04:03:57.063, 3, 2032 MHz, 3996 MHz, 195.89 W, 36
2026/10/08 04:03:57.063, 4, 120 MHz, 3996 MHz, 183.86 W, 36
2026/10/08 04:03:57.063, 5, 120 MHz, 3996 MHz, 182.65 W, 35
2026/10/08 04:03:57.063, 6, 2032 MHz, 3996 MHz, 247.78 W, 33
2026/10/08 04:03:57.063, 7, 2032 MHz, 3996 MHz, 237.01 W, 32
2026/10/08 04:03:58.063, 0, 120 MHz, 3996 MHz, 186.45 W, 39
2026/10/08 04:03:58.063, 1, 120 MHz, 3996 MHz, 188.46 W, 41
2026/10/08 04:03:58.063, 2, 120 MHz, 3996 MHz, 187.88 W, 36
2026/10/08 04:03:58.063, 3, 2032 MHz, 3996 MHz, 240.73 W, 37
2026/10/08 04:03:58.063, 4, 120 MHz, 3996 MHz, 183.73 W, 36
2026/10/08 04:03:58.063, 5, 120 MHz, 3996 MHz, 182.66 W, 35
2026/10/08 04:03:58.063, 6, 2032 MHz, 3996 MHz, 247.71 W, 33
2026/10/08 04:03:58.063, 7, 2032 MHz, 3996 MHz, 237.56 W, 32
2026/10/08 04:03:59.063, 0, 120 MHz, 3996 MHz, 186.41 W, 39
2026/10/08 04:03:59.063, 1, 120 MHz, 3996 MHz, 188.34 W, 41
2026/10/08 04:03:59.063, 2, 120 MHz, 3996 MHz, 187.85 W, 36
2026/10/08 04:03:59.063, 3, 2032 MHz, 3996 MHz, 241.11 W, 37
2026/10/08 04:03:59.063, 4, 120 MHz, 3996 MHz, 183.93 W, 36
2026/10/08 04:03:59.063, 5, 120 MHz, 3996 MHz, 182.65 W, 35
2026/10/08 04:03:59.063, 6, 2032 MHz, 3996 MHz, 248.33 W, 33
2026/10/08 04:03:59.063, 7, 2032 MHz, 3996 MHz, 237.94 W, 32
2026/10/08 04:04:00.063, 0, 120 MHz, 3996 MHz, 186.41 W, 39
2026/10/08 04:04:00.063, 1, 120 MHz, 3996 MHz, 188.23 W, 41
2026/10/08 04:04:00.063, 2, 120 MHz, 3996 MHz, 187.88 W, 36
2026/10/08 04:04:00.063, 3, 2032 MHz, 3996 MHz, 241.53 W, 37
2026/10/08 04:04:00.063, 4, 120 MHz, 3996 MHz, 184.13 W, 36
2026/10/08 04:04:00.063, 5, 120 MHz, 3996 MHz, 182.65 W, 35
2026/10/08 04:04:00.063, 6, 2032 MHz, 3996 MHz, 248.36 W, 34
2026/10/08 04:04:00.063, 7, 2032 MHz, 3996 MHz, 237.96 W, 32
2026/10/08 04:04:01.063, 0, 120 MHz, 3996 MHz, 186.41 W, 39
2026/10/08 04:04:01.063, 1, 120 MHz, 3996 MHz, 188.34 W, 41
2026/10/08 04:04:01.063, 2, 120 MHz, 3996 MHz, 187.88 W, 36
2026/10/08 04:04:01.063, 3, 2032 MHz, 3996 MHz, 241.63 W, 37
2026/10/08 04:04:01.063, 4, 120 MHz, 3996 MHz, 184.16 W, 36
2026/10/08 04:04:01.063, 5, 120 MHz, 3996 MHz, 182.68 W, 35
2026/10/08 04:04:01.063, 6, 2032 MHz, 3996 MHz, 248.43 W, 34
2026/10/08 04:04:01.063, 7, 2032 MHz, 3996 MHz, 238.18 W, 32
2026/10/08 04:04:02.064, 0, 120 MHz, 3996 MHz, 186.41 W, 39
2026/10/08 04:04:02.064, 1, 120 MHz, 3996 MHz, 188.34 W, 41
2026/10/08 04:04:02.064, 2, 120 MHz, 3996 MHz, 187.83 W, 36
2026/10/08 04:04:02.064, 3, 2032 MHz, 3996 MHz, 262.80 W, 37
2026/10/08 04:04:02.064, 4, 120 MHz, 3996 MHz, 184.31 W, 36
2026/10/08 04:04:02.064, 5, 120 MHz, 3996 MHz, 182.65 W, 35
2026/10/08 04:04:02.064, 6, 2032 MHz, 3996 MHz, 248.36 W, 34
2026/10/08 04:04:02.064, 7, 2032 MHz, 3996 MHz, 238.25 W, 32
2026/10/08 04:04:03.064, 0, 120 MHz, 3996 MHz, 186.41 W, 39
2026/10/08 04:04:03.064, 1, 120 MHz, 3996 MHz, 188.53 W, 41
2026/10/08 04:04:03.064, 2, 120 MHz, 3996 MHz, 188.22 W, 36
2026/10/08 04:04:03.064, 3, 2032 MHz, 3996 MHz, 273.81 W, 37
2026/10/08 04:04:03.064, 4, 120 MHz, 3996 MHz, 184.32 W, 36
2026/10/08 04:04:03.064, 5, 120 MHz, 3996 MHz, 182.69 W, 35
2026/10/08 04:04:03.064, 6, 2032 MHz, 3996 MHz, 248.63 W, 34
2026/10/08 04:04:03.064, 7, 2032 MHz, 3996 MHz, 237.96 W, 32
2026/10/08 04:04:04.064, 0, 120 MHz, 3996 MHz, 186.41 W, 39
2026/10/08 04:04:04.064, 1, 120 MHz, 3996 MHz, 188.38 W, 41
2026/10/08 04:04:04.064, 2, 2032 MHz, 3996 MHz, 239.04 W, 37
2026/10/08 04:04:04.064, 3, 2032 MHz, 3996 MHz, 260.77 W, 37
2026/10/08 04:04:04.064, 4, 120 MHz, 3996 MHz, 184.39 W, 36
2026/10/08 04:04:04.064, 5, 120 MHz, 3996 MHz, 182.68 W, 35
2026/10/08 04:04:04.064, 6, 2032 MHz, 3996 MHz, 248.59 W, 34
2026/10/08 04:04:04.064, 7, 2032 MHz, 3996 MHz, 238.45 W, 32
2026/10/08 04:04:05.064, 0, 120 MHz, 3996 MHz, 186.41 W, 39
2026/10/08 04:04:05.064, 1, 120 MHz, 3996 MHz, 188.42 W, 41
2026/10/08 04:04:05.064, 2, 2032 MHz, 3996 MHz, 238.80 W, 37
2026/10/08 04:04:05.064, 3, 2032 MHz, 3996 MHz, 248.94 W, 37
2026/10/08 04:04:05.064, 4, 120 MHz, 3996 MHz, 184.51 W, 36
2026/10/08 04:04:05.064, 5, 120 MHz, 3996 MHz, 182.65 W, 35
2026/10/08 04:04:05.064, 6, 2032 MHz, 3996 MHz, 248.55 W, 34
2026/10/08 04:04:05.064, 7, 2032 MHz, 3996 MHz, 238.37 W, 32
2026/10/08 04:04:06.064, 0, 120 MHz, 3996 MHz, 186.41 W, 39
2026/10/08 04:04:06.064, 1, 120 MHz, 3996 MHz, 188.42 W, 41
2026/10/08 04:04:06.064, 2, 2032 MHz, 3996 MHz, 239.54 W, 37
2026/10/08 04:04:06.064, 3, 2032 MHz, 3996 MHz, 242.39 W, 37
2026/10/08 04:04:06.064, 4, 120 MHz, 3996 MHz, 184.39 W, 36
2026/10/08 04:04:06.064, 5, 120 MHz, 3996 MHz, 182.65 W, 35
2026/10/08 04:04:06.064, 6, 2032 MHz, 3996 MHz, 248.58 W, 34
2026/10/08 04:04:06.065, 7, 2032 MHz, 3996 MHz, 238.45 W, 32
2026/10/08 04:04:07.065, 0, 120 MHz, 3996 MHz, 186.41 W, 38
2026/10/08 04:04:07.065, 1, 120 MHz, 3996 MHz, 188.42 W, 41
2026/10/08 04:04:07.065, 2, 2032 MHz, 3996 MHz, 240.55 W, 36
2026/10/08 04:04:07.065, 3, 2032 MHz, 3996 MHz, 240.68 W, 36
2026/10/08 04:04:07.065, 4, 120 MHz, 3996 MHz, 184.55 W, 36
2026/10/08 04:04:07.065, 5, 120 MHz, 3996 MHz, 182.65 W, 35
2026/10/08 04:04:07.065, 6, 2032 MHz, 3996 MHz, 248.70 W, 34
2026/10/08 04:04:07.065, 7, 2032 MHz, 3996 MHz, 238.68 W, 32
2026/10/08 04:04:08.065, 0, 120 MHz, 3996 MHz, 186.41 W, 38
2026/10/08 04:04:08.065, 1, 120 MHz, 3996 MHz, 188.26 W, 41
2026/10/08 04:04:08.065, 2, 2032 MHz, 3996 MHz, 240.28 W, 36
2026/10/08 04:04:08.065, 3, 2032 MHz, 3996 MHz, 240.57 W, 36
2026/10/08 04:04:08.065, 4, 120 MHz, 3996 MHz, 184.55 W, 36
2026/10/08 04:04:08.065, 5, 120 MHz, 3996 MHz, 182.69 W, 35
2026/10/08 04:04:08.065, 6, 2032 MHz, 3996 MHz, 267.86 W, 34
2026/10/08 04:04:08.065, 7, 2032 MHz, 3996 MHz, 238.63 W, 32
2026/10/08 04:04:09.065, 0, 120 MHz, 3996 MHz, 186.41 W, 38
2026/10/08 04:04:09.065, 1, 120 MHz, 3996 MHz, 188.58 W, 41
2026/10/08 04:04:09.065, 2, 2032 MHz, 3996 MHz, 257.89 W, 37
2026/10/08 04:04:09.065, 3, 2032 MHz, 3996 MHz, 240.82 W, 36
2026/10/08 04:04:09.065, 4, 120 MHz, 3996 MHz, 184.58 W, 36
2026/10/08 04:04:09.065, 5, 120 MHz, 3996 MHz, 182.65 W, 35
2026/10/08 04:04:09.065, 6, 2032 MHz, 3996 MHz, 256.58 W, 34
2026/10/08 04:04:09.065, 7, 2032 MHz, 3996 MHz, 238.64 W, 32
2026/10/08 04:04:10.065, 0, 120 MHz, 3996 MHz, 186.41 W, 38
2026/10/08 04:04:10.065, 1, 120 MHz, 3996 MHz, 188.53 W, 41
2026/10/08 04:04:10.065, 2, 2032 MHz, 3996 MHz, 239.93 W, 36
2026/10/08 04:04:10.065, 3, 2032 MHz, 3996 MHz, 248.99 W, 36
2026/10/08 04:04:10.065, 4, 120 MHz, 3996 MHz, 184.59 W, 36
2026/10/08 04:04:10.065, 5, 120 MHz, 3996 MHz, 182.69 W, 35
2026/10/08 04:04:10.065, 6, 2032 MHz, 3996 MHz, 265.44 W, 34
2026/10/08 04:04:10.065, 7, 2032 MHz, 3996 MHz, 238.75 W, 33
2026/10/08 04:04:11.065, 0, 120 MHz, 3996 MHz, 186.45 W, 38
2026/10/08 04:04:11.065, 1, 120 MHz, 3996 MHz, 188.42 W, 41
2026/10/08 04:04:11.065, 2, 2032 MHz, 3996 MHz, 293.55 W, 37
2026/10/08 04:04:11.065, 3, 2032 MHz, 3996 MHz, 240.55 W, 36
2026/10/08 04:04:11.065, 4, 120 MHz, 3996 MHz, 184.59 W, 36
2026/10/08 04:04:11.065, 5, 120 MHz, 3996 MHz, 182.68 W, 35
2026/10/08 04:04:11.066, 6, 2032 MHz, 3996 MHz, 259.13 W, 34
2026/10/08 04:04:11.066, 7, 2032 MHz, 3996 MHz, 257.42 W, 33
2026/10/08 04:04:12.066, 0, 120 MHz, 3996 MHz, 186.41 W, 38
2026/10/08 04:04:12.066, 1, 120 MHz, 3996 MHz, 188.38 W, 41
2026/10/08 04:04:12.066, 2, 2032 MHz, 3996 MHz, 257.59 W, 38
2026/10/08 04:04:12.066, 3, 2032 MHz, 3996 MHz, 240.60 W, 36
2026/10/08 04:04:12.066, 4, 120 MHz, 3996 MHz, 184.55 W, 36
2026/10/08 04:04:12.066, 5, 120 MHz, 3996 MHz, 182.73 W, 35
2026/10/08 04:04:12.066, 6, 2032 MHz, 3996 MHz, 252.86 W, 34
2026/10/08 04:04:12.066, 7, 2032 MHz, 3996 MHz, 253.94 W, 33
2026/10/08 04:04:13.066, 0, 120 MHz, 3996 MHz, 186.41 W, 38
2026/10/08 04:04:13.066, 1, 120 MHz, 3996 MHz, 188.38 W, 41
2026/10/08 04:04:13.066, 2, 2032 MHz, 3996 MHz, 247.02 W, 37
2026/10/08 04:04:13.066, 3, 2032 MHz, 3996 MHz, 240.54 W, 36
2026/10/08 04:04:13.066, 4, 120 MHz, 3996 MHz, 184.58 W, 37
2026/10/08 04:04:13.066, 5, 120 MHz, 3996 MHz, 182.69 W, 35
2026/10/08 04:04:13.066, 6, 2032 MHz, 3996 MHz, 248.62 W, 34
2026/10/08 04:04:13.066, 7, 2032 MHz, 3996 MHz, 253.70 W, 33
2026/10/08 04:04:14.066, 0, 120 MHz, 3996 MHz, 186.41 W, 38
2026/10/08 04:04:14.066, 1, 120 MHz, 3996 MHz, 188.23 W, 41
2026/10/08 04:04:14.066, 2, 2032 MHz, 3996 MHz, 244.14 W, 37
2026/10/08 04:04:14.066, 3, 2032 MHz, 3996 MHz, 240.54 W, 36
2026/10/08 04:04:14.066, 4, 120 MHz, 3996 MHz, 184.54 W, 37
2026/10/08 04:04:14.066, 5, 120 MHz, 3996 MHz, 182.69 W, 35
2026/10/08 04:04:14.066, 6, 2032 MHz, 3996 MHz, 248.64 W, 34
2026/10/08 04:04:14.066, 7, 2032 MHz, 3996 MHz, 246.94 W, 33
2026/10/08 04:04:15.066, 0, 120 MHz, 3996 MHz, 186.41 W, 38
2026/10/08 04:04:15.066, 1, 120 MHz, 3996 MHz, 188.30 W, 41
2026/10/08 04:04:15.066, 2, 2032 MHz, 3996 MHz, 245.00 W, 36
2026/10/08 04:04:15.066, 3, 2032 MHz, 3996 MHz, 240.54 W, 36
2026/10/08 04:04:15.066, 4, 120 MHz, 3996 MHz, 184.55 W, 37
2026/10/08 04:04:15.066, 5, 120 MHz, 3996 MHz, 182.65 W, 35
2026/10/08 04:04:15.066, 6, 2032 MHz, 3996 MHz, 248.64 W, 34
2026/10/08 04:04:15.066, 7, 2032 MHz, 3996 MHz, 238.68 W, 33
2026/10/08 04:04:16.066, 0, 120 MHz, 3996 MHz, 186.41 W, 38
2026/10/08 04:04:16.067, 1, 120 MHz, 3996 MHz, 188.26 W, 40
2026/10/08 04:04:16.067, 2, 2032 MHz, 3996 MHz, 241.92 W, 36
2026/10/08 04:04:16.067, 3, 2032 MHz, 3996 MHz, 240.56 W, 36
2026/10/08 04:04:16.067, 4, 120 MHz, 3996 MHz, 184.59 W, 37
2026/10/08 04:04:16.067, 5, 120 MHz, 3996 MHz, 182.68 W, 35
2026/10/08 04:04:16.067, 6, 2032 MHz, 3996 MHz, 248.64 W, 34
2026/10/08 04:04:16.067, 7, 2032 MHz, 3996 MHz, 238.68 W, 33
2026/10/08 04:04:17.067, 0, 120 MHz, 3996 MHz, 186.41 W, 38
2026/10/08 04:04:17.067, 1, 120 MHz, 3996 MHz, 188.30 W, 40
2026/10/08 04:04:17.067, 2, 2032 MHz, 3996 MHz, 239.80 W, 36
2026/10/08 04:04:17.067, 3, 2032 MHz, 3996 MHz, 240.53 W, 36
2026/10/08 04:04:17.067, 4, 120 MHz, 3996 MHz, 184.58 W, 37
2026/10/08 04:04:17.067, 5, 120 MHz, 3996 MHz, 182.65 W, 35
2026/10/08 04:04:17.067, 6, 2032 MHz, 3996 MHz, 248.72 W, 34
2026/10/08 04:04:17.067, 7, 2032 MHz, 3996 MHz, 238.72 W, 33
2026/10/08 04:04:18.067, 0, 120 MHz, 3996 MHz, 186.41 W, 38
2026/10/08 04:04:18.067, 1, 120 MHz, 3996 MHz, 188.42 W, 40
2026/10/08 04:04:18.067, 2, 2032 MHz, 3996 MHz, 239.98 W, 36
2026/10/08 04:04:18.067, 3, 2032 MHz, 3996 MHz, 240.57 W, 36
2026/10/08 04:04:18.067, 4, 120 MHz, 3996 MHz, 184.59 W, 37
2026/10/08 04:04:18.067, 5, 120 MHz, 3996 MHz, 182.69 W, 35
2026/10/08 04:04:18.067, 6, 2032 MHz, 3996 MHz, 248.74 W, 34
2026/10/08 04:04:18.067, 7, 2032 MHz, 3996 MHz, 239.10 W, 33
2026/10/08 04:04:19.067, 0, 120 MHz, 3996 MHz, 186.41 W, 38
2026/10/08 04:04:19.067, 1, 120 MHz, 3996 MHz, 188.42 W, 40
2026/10/08 04:04:19.067, 2, 2032 MHz, 3996 MHz, 240.33 W, 36
2026/10/08 04:04:19.067, 3, 2032 MHz, 3996 MHz, 240.57 W, 36
2026/10/08 04:04:19.067, 4, 120 MHz, 3996 MHz, 184.58 W, 37
2026/10/08 04:04:19.067, 5, 120 MHz, 3996 MHz, 182.73 W, 36
2026/10/08 04:04:19.067, 6, 2032 MHz, 3996 MHz, 248.68 W, 34
2026/10/08 04:04:19.067, 7, 2032 MHz, 3996 MHz, 238.83 W, 33
2026/10/08 04:04:20.067, 0, 120 MHz, 3996 MHz, 186.41 W, 38
2026/10/08 04:04:20.067, 1, 120 MHz, 3996 MHz, 188.34 W, 40
2026/10/08 04:04:20.067, 2, 2032 MHz, 3996 MHz, 240.87 W, 36
2026/10/08 04:04:20.067, 3, 2032 MHz, 3996 MHz, 240.45 W, 36
2026/10/08 04:04:20.067, 4, 120 MHz, 3996 MHz, 184.58 W, 37
2026/10/08 04:04:20.067, 5, 120 MHz, 3996 MHz, 183.27 W, 36
2026/10/08 04:04:20.067, 6, 2032 MHz, 3996 MHz, 248.93 W, 35
2026/10/08 04:04:20.067, 7, 2032 MHz, 3996 MHz, 239.06 W, 33
2026/10/08 04:04:21.068, 0, 120 MHz, 3996 MHz, 186.45 W, 38
2026/10/08 04:04:21.068, 1, 120 MHz, 3996 MHz, 188.83 W, 40
2026/10/08 04:04:21.068, 2, 2032 MHz, 3996 MHz, 247.94 W, 36
2026/10/08 04:04:21.068, 3, 2032 MHz, 3996 MHz, 240.58 W, 36
2026/10/08 04:04:21.068, 4, 120 MHz, 3996 MHz, 184.20 W, 37
2026/10/08 04:04:21.068, 5, 120 MHz, 3996 MHz, 184.60 W, 36
2026/10/08 04:04:21.068, 6, 2032 MHz, 3996 MHz, 252.83 W, 35
2026/10/08 04:04:21.068, 7, 2032 MHz, 3996 MHz, 239.47 W, 33
2026/10/08 04:04:22.068, 0, 120 MHz, 3996 MHz, 186.41 W, 38
2026/10/08 04:04:22.068, 1, 120 MHz, 3996 MHz, 188.26 W, 40
2026/10/08 04:04:22.068, 2, 2032 MHz, 3996 MHz, 239.77 W, 36
2026/10/08 04:04:22.068, 3, 2032 MHz, 3996 MHz, 240.61 W, 36
2026/10/08 04:04:22.068, 4, 120 MHz, 3996 MHz, 184.73 W, 37
2026/10/08 04:04:22.068, 5, 120 MHz, 3996 MHz, 184.59 W, 36
2026/10/08 04:04:22.068, 6, 2032 MHz, 3996 MHz, 249.24 W, 35
2026/10/08 04:04:22.068, 7, 2032 MHz, 3996 MHz, 239.17 W, 33
2026/10/08 04:04:23.068, 0, 120 MHz, 3996 MHz, 186.41 W, 38
2026/10/08 04:04:23.068, 1, 120 MHz, 3996 MHz, 188.30 W, 40
2026/10/08 04:04:23.068, 2, 2032 MHz, 3996 MHz, 246.31 W, 36
2026/10/08 04:04:23.068, 3, 2032 MHz, 3996 MHz, 247.79 W, 36
2026/10/08 04:04:23.068, 4, 120 MHz, 3996 MHz, 184.58 W, 37
2026/10/08 04:04:23.068, 5, 120 MHz, 3996 MHz, 184.59 W, 36
2026/10/08 04:04:23.068, 6, 2032 MHz, 3996 MHz, 254.34 W, 35
2026/10/08 04:04:23.068, 7, 2032 MHz, 3996 MHz, 242.28 W, 33
2026/10/08 04:04:24.068, 0, 120 MHz, 3996 MHz, 186.41 W, 38
2026/10/08 04:04:24.068, 1, 120 MHz, 3996 MHz, 188.30 W, 40
2026/10/08 04:04:24.068, 2, 2032 MHz, 3996 MHz, 238.69 W, 36
2026/10/08 04:04:24.068, 3, 2032 MHz, 3996 MHz, 240.38 W, 36
2026/10/08 04:04:24.068, 4, 120 MHz, 3996 MHz, 184.58 W, 37
2026/10/08 04:04:24.068, 5, 120 MHz, 3996 MHz, 184.55 W, 36
2026/10/08 04:04:24.068, 6, 2032 MHz, 3996 MHz, 250.97 W, 35
2026/10/08 04:04:24.068, 7, 2032 MHz, 3996 MHz, 239.18 W, 33
2026/10/08 04:04:25.069, 0, 120 MHz, 3996 MHz, 186.41 W, 38
2026/10/08 04:04:25.069, 1, 120 MHz, 3996 MHz, 188.34 W, 40
2026/10/08 04:04:25.069, 2, 2032 MHz, 3996 MHz, 238.68 W, 36
2026/10/08 04:04:25.069, 3, 2032 MHz, 3996 MHz, 239.82 W, 36
2026/10/08 04:04:25.069, 4, 120 MHz, 3996 MHz, 184.59 W, 37
2026/10/08 04:04:25.069, 5, 120 MHz, 3996 MHz, 184.48 W, 36
2026/10/08 04:04:25.069, 6, 2032 MHz, 3996 MHz, 249.06 W, 35
2026/10/08 04:04:25.069, 7, 2032 MHz, 3996 MHz, 244.32 W, 33
2026/10/08 04:04:26.069, 0, 120 MHz, 3996 MHz, 186.41 W, 38
2026/10/08 04:04:26.069, 1, 120 MHz, 3996 MHz, 188.34 W, 40
2026/10/08 04:04:26.069, 2, 2032 MHz, 3996 MHz, 238.61 W, 36
2026/10/08 04:04:26.069, 3, 2032 MHz, 3996 MHz, 239.63 W, 36
2026/10/08 04:04:26.069, 4, 120 MHz, 3996 MHz, 184.58 W, 37
2026/10/08 04:04:26.069, 5, 120 MHz, 3996 MHz, 184.59 W, 36
2026/10/08 04:04:26.069, 6, 2032 MHz, 3996 MHz, 249.43 W, 35
2026/10/08 04:04:26.069, 7, 2032 MHz, 3996 MHz, 241.04 W, 33
2026/10/08 04:04:27.069, 0, 120 MHz, 3996 MHz, 186.41 W, 38
2026/10/08 04:04:27.069, 1, 120 MHz, 3996 MHz, 188.38 W, 40
2026/10/08 04:04:27.069, 2, 2032 MHz, 3996 MHz, 238.65 W, 36
2026/10/08 04:04:27.069, 3, 2032 MHz, 3996 MHz, 239.76 W, 36
2026/10/08 04:04:27.069, 4, 120 MHz, 3996 MHz, 184.57 W, 37
2026/10/08 04:04:27.069, 5, 120 MHz, 3996 MHz, 184.55 W, 36
2026/10/08 04:04:27.069, 6, 2032 MHz, 3996 MHz, 249.68 W, 35
2026/10/08 04:04:27.069, 7, 2032 MHz, 3996 MHz, 239.61 W, 33
2026/10/08 04:04:28.069, 0, 120 MHz, 3996 MHz, 186.41 W, 38
2026/10/08 04:04:28.070, 1, 120 MHz, 3996 MHz, 188.30 W, 40
2026/10/08 04:04:28.070, 2, 2032 MHz, 3996 MHz, 238.60 W, 36
2026/10/08 04:04:28.070, 3, 2032 MHz, 3996 MHz, 239.42 W, 36
2026/10/08 04:04:28.070, 4, 120 MHz, 3996 MHz, 184.58 W, 37
2026/10/08 04:04:28.070, 5, 120 MHz, 3996 MHz, 184.55 W, 36
2026/10/08 04:04:28.070, 6, 2032 MHz, 3996 MHz, 249.94 W, 35
2026/10/08 04:04:28.070, 7, 2032 MHz, 3996 MHz, 239.59 W, 33
2026/10/08 04:04:29.070, 0, 120 MHz, 3996 MHz, 186.41 W, 38
2026/10/08 04:04:29.070, 1, 120 MHz, 3996 MHz, 188.26 W, 40
2026/10/08 04:04:29.070, 2, 2032 MHz, 3996 MHz, 238.61 W, 36
2026/10/08 04:04:29.070, 3, 2032 MHz, 3996 MHz, 239.57 W, 36
2026/10/08 04:04:29.070, 4, 120 MHz, 3996 MHz, 184.58 W, 37
2026/10/08 04:04:29.070, 5, 120 MHz, 3996 MHz, 184.59 W, 36
2026/10/08 04:04:29.070, 6, 2032 MHz, 3996 MHz, 250.02 W, 35
2026/10/08 04:04:29.070, 7, 2032 MHz, 3996 MHz, 239.92 W, 34
2026/10/08 04:04:30.070, 0, 120 MHz, 3996 MHz, 186.41 W, 38
2026/10/08 04:04:30.070, 1, 120 MHz, 3996 MHz, 188.30 W, 40
2026/10/08 04:04:30.070, 2, 2032 MHz, 3996 MHz, 500.97 W, 41
2026/10/08 04:04:30.070, 3, 2032 MHz, 3996 MHz, 516.72 W, 40
2026/10/08 04:04:30.070, 4, 120 MHz, 3996 MHz, 184.62 W, 37
2026/10/08 04:04:30.070, 5, 120 MHz, 3996 MHz, 184.59 W, 36
2026/10/08 04:04:30.070, 6, 2032 MHz, 3996 MHz, 250.16 W, 35
2026/10/08 04:04:30.070, 7, 2032 MHz, 3996 MHz, 240.23 W, 34
2026/10/08 04:04:31.070, 0, 120 MHz, 3996 MHz, 186.41 W, 38
2026/10/08 04:04:31.070, 1, 120 MHz, 3996 MHz, 189.04 W, 40
2026/10/08 04:04:31.070, 2, 2032 MHz, 3996 MHz, 342.65 W, 38
2026/10/08 04:04:31.070, 3, 2032 MHz, 3996 MHz, 323.67 W, 37
2026/10/08 04:04:31.070, 4, 120 MHz, 3996 MHz, 184.58 W, 37
2026/10/08 04:04:31.070, 5, 120 MHz, 3996 MHz, 184.47 W, 36
2026/10/08 04:04:31.070, 6, 2032 MHz, 3996 MHz, 250.48 W, 35
2026/10/08 04:04:31.070, 7, 2032 MHz, 3996 MHz, 240.47 W, 34
2026/10/08 04:04:32.071, 0, 120 MHz, 3996 MHz, 186.41 W, 38
2026/10/08 04:04:32.071, 1, 120 MHz, 3996 MHz, 188.27 W, 40
2026/10/08 04:04:32.071, 2, 2032 MHz, 3996 MHz, 246.47 W, 37
2026/10/08 04:04:32.071, 3, 2032 MHz, 3996 MHz, 277.04 W, 37
2026/10/08 04:04:32.071, 4, 120 MHz, 3996 MHz, 184.58 W, 37
2026/10/08 04:04:32.071, 5, 120 MHz, 3996 MHz, 184.24 W, 36
2026/10/08 04:04:32.071, 6, 2032 MHz, 3996 MHz, 250.43 W, 35
2026/10/08 04:04:32.071, 7, 2032 MHz, 3996 MHz, 240.47 W, 34
2026/10/08 04:04:33.071, 0, 120 MHz, 3996 MHz, 186.41 W, 38
2026/10/08 04:04:33.071, 1, 120 MHz, 3996 MHz, 188.26 W, 40
2026/10/08 04:04:33.071, 2, 1305 MHz, 3996 MHz, 1106.62 W, 55
2026/10/08 04:04:33.071, 3, 1327 MHz, 3996 MHz, 1107.78 W, 55
2026/10/08 04:04:33.071, 4, 120 MHz, 3996 MHz, 184.58 W, 37
2026/10/08 04:04:33.071, 5, 120 MHz, 3996 MHz, 184.00 W, 36
2026/10/08 04:04:33.071, 6, 2032 MHz, 3996 MHz, 254.40 W, 35
2026/10/08 04:04:33.071, 7, 2032 MHz, 3996 MHz, 240.37 W, 34
2026/10/08 04:04:34.072, 0, 120 MHz, 3996 MHz, 186.41 W, 38
2026/10/08 04:04:34.072, 1, 120 MHz, 3996 MHz, 188.42 W, 40
2026/10/08 04:04:34.072, 2, 1320 MHz, 3996 MHz, 1088.17 W, 56
2026/10/08 04:04:34.072, 3, 1335 MHz, 3996 MHz, 1087.03 W, 56
2026/10/08 04:04:34.072, 4, 120 MHz, 3996 MHz, 184.59 W, 37
2026/10/08 04:04:34.072, 5, 120 MHz, 3996 MHz, 184.37 W, 36
2026/10/08 04:04:34.072, 6, 2032 MHz, 3996 MHz, 248.94 W, 35
2026/10/08 04:04:34.072, 7, 2032 MHz, 3996 MHz, 240.54 W, 34
2026/10/08 04:04:35.072, 0, 120 MHz, 3996 MHz, 186.41 W, 38
2026/10/08 04:04:35.072, 1, 120 MHz, 3996 MHz, 188.23 W, 40
2026/10/08 04:04:35.072, 2, 2032 MHz, 3996 MHz, 961.98 W, 49
2026/10/08 04:04:35.072, 3, 2032 MHz, 3996 MHz, 950.18 W, 49
2026/10/08 04:04:35.072, 4, 120 MHz, 3996 MHz, 184.59 W, 37
2026/10/08 04:04:35.072, 5, 120 MHz, 3996 MHz, 183.90 W, 36
2026/10/08 04:04:35.072, 6, 2032 MHz, 3996 MHz, 248.70 W, 35
2026/10/08 04:04:35.072, 7, 2032 MHz, 3996 MHz, 240.39 W, 34
2026/10/08 04:04:36.072, 0, 120 MHz, 3996 MHz, 186.41 W, 38
2026/10/08 04:04:36.072, 1, 120 MHz, 3996 MHz, 188.45 W, 40
2026/10/08 04:04:36.072, 2, 2032 MHz, 3996 MHz, 964.58 W, 49
2026/10/08 04:04:36.072, 3, 2032 MHz, 3996 MHz, 953.41 W, 49
2026/10/08 04:04:36.072, 4, 120 MHz, 3996 MHz, 184.58 W, 37
2026/10/08 04:04:36.072, 5, 120 MHz, 3996 MHz, 184.22 W, 36
2026/10/08 04:04:36.072, 6, 2032 MHz, 3996 MHz, 248.84 W, 35
2026/10/08 04:04:36.073, 7, 2032 MHz, 3996 MHz, 240.62 W, 34
2026/10/08 04:04:37.073, 0, 120 MHz, 3996 MHz, 186.41 W, 38
2026/10/08 04:04:37.073, 1, 120 MHz, 3996 MHz, 188.46 W, 40
2026/10/08 04:04:37.073, 2, 2032 MHz, 3996 MHz, 968.76 W, 50
2026/10/08 04:04:37.073, 3, 2032 MHz, 3996 MHz, 957.03 W, 50
2026/10/08 04:04:37.073, 4, 120 MHz, 3996 MHz, 184.58 W, 38
2026/10/08 04:04:37.073, 5, 120 MHz, 3996 MHz, 183.91 W, 36
2026/10/08 04:04:37.073, 6, 2032 MHz, 3996 MHz, 249.01 W, 35
2026/10/08 04:04:37.073, 7, 2032 MHz, 3996 MHz, 240.54 W, 34
2026/10/08 04:04:38.073, 0, 120 MHz, 3996 MHz, 186.41 W, 38
2026/10/08 04:04:38.073, 1, 120 MHz, 3996 MHz, 188.38 W, 40
2026/10/08 04:04:38.073, 2, 2032 MHz, 3996 MHz, 967.68 W, 50
2026/10/08 04:04:38.073, 3, 2032 MHz, 3996 MHz, 960.18 W, 50
2026/10/08 04:04:38.073, 4, 120 MHz, 3996 MHz, 184.58 W, 38
2026/10/08 04:04:38.073, 5, 120 MHz, 3996 MHz, 183.82 W, 36
2026/10/08 04:04:38.073, 6, 2032 MHz, 3996 MHz, 249.59 W, 35
2026/10/08 04:04:38.073, 7, 2032 MHz, 3996 MHz, 243.16 W, 34
2026/10/08 04:04:39.073, 0, 120 MHz, 3996 MHz, 186.41 W, 38
2026/10/08 04:04:39.074, 1, 120 MHz, 3996 MHz, 188.49 W, 41
2026/10/08 04:04:39.074, 2, 2032 MHz, 3996 MHz, 969.24 W, 51
2026/10/08 04:04:39.074, 3, 2032 MHz, 3996 MHz, 959.63 W, 51
2026/10/08 04:04:39.074, 4, 120 MHz, 3996 MHz, 184.58 W, 38
2026/10/08 04:04:39.074, 5, 120 MHz, 3996 MHz, 184.07 W, 36
2026/10/08 04:04:39.074, 6, 2032 MHz, 3996 MHz, 250.55 W, 35
2026/10/08 04:04:39.074, 7, 2032 MHz, 3996 MHz, 239.02 W, 34
2026/10/08 04:04:40.074, 0, 120 MHz, 3996 MHz, 188.24 W, 38
2026/10/08 04:04:40.074, 1, 120 MHz, 3996 MHz, 188.65 W, 41
2026/10/08 04:04:40.074, 2, 2032 MHz, 3996 MHz, 969.93 W, 51
2026/10/08 04:04:40.074, 3, 2032 MHz, 3996 MHz, 963.78 W, 51
2026/10/08 04:04:40.074, 4, 120 MHz, 3996 MHz, 184.58 W, 38
2026/10/08 04:04:40.074, 5, 120 MHz, 3996 MHz, 183.96 W, 36
2026/10/08 04:04:40.074, 6, 2032 MHz, 3996 MHz, 250.53 W, 35
2026/10/08 04:04:40.074, 7, 2032 MHz, 3996 MHz, 238.95 W, 34
2026/10/08 04:04:41.074, 0, 120 MHz, 3996 MHz, 188.35 W, 38
2026/10/08 04:04:41.074, 1, 120 MHz, 3996 MHz, 190.05 W, 41
2026/10/08 04:04:41.074, 2, 2032 MHz, 3996 MHz, 971.79 W, 51
2026/10/08 04:04:41.074, 3, 2032 MHz, 3996 MHz, 965.36 W, 51
2026/10/08 04:04:41.074, 4, 120 MHz, 3996 MHz, 184.59 W, 38
2026/10/08 04:04:41.075, 5, 120 MHz, 3996 MHz, 184.10 W, 36
2026/10/08 04:04:41.075, 6, 2032 MHz, 3996 MHz, 250.51 W, 35
2026/10/08 04:04:41.075, 7, 2032 MHz, 3996 MHz, 239.13 W, 34
2026/10/08 04:04:42.075, 0, 120 MHz, 3996 MHz, 188.35 W, 39
2026/10/08 04:04:42.075, 1, 120 MHz, 3996 MHz, 190.17 W, 41
2026/10/08 04:04:42.075, 2, 2032 MHz, 3996 MHz, 975.71 W, 52
2026/10/08 04:04:42.075, 3, 2032 MHz, 3996 MHz, 964.17 W, 52
2026/10/08 04:04:42.075, 4, 120 MHz, 3996 MHz, 184.57 W, 38
2026/10/08 04:04:42.075, 5, 2032 MHz, 3996 MHz, 188.69 W, 37
2026/10/08 04:04:42.075, 6, 2032 MHz, 3996 MHz, 250.54 W, 35
2026/10/08 04:04:42.075, 7, 2032 MHz, 3996 MHz, 239.21 W, 34
2026/10/08 04:04:43.075, 0, 120 MHz, 3996 MHz, 188.35 W, 39
2026/10/08 04:04:43.075, 1, 120 MHz, 3996 MHz, 190.17 W, 41
2026/10/08 04:04:43.075, 2, 1312 MHz, 3996 MHz, 1068.53 W, 59
2026/10/08 04:04:43.075, 3, 1342 MHz, 3996 MHz, 1065.48 W, 59
2026/10/08 04:04:43.075, 4, 120 MHz, 3996 MHz, 184.46 W, 38
2026/10/08 04:04:43.075, 5, 2032 MHz, 3996 MHz, 238.11 W, 38
2026/10/08 04:04:43.075, 6, 2032 MHz, 3996 MHz, 250.55 W, 36
2026/10/08 04:04:43.075, 7, 2032 MHz, 3996 MHz, 240.73 W, 34
2026/10/08 04:04:44.075, 0, 120 MHz, 3996 MHz, 188.35 W, 39
2026/10/08 04:04:44.076, 1, 120 MHz, 3996 MHz, 190.17 W, 41
2026/10/08 04:04:44.076, 2, 1320 MHz, 3996 MHz, 1088.28 W, 60
2026/10/08 04:04:44.076, 3, 1335 MHz, 3996 MHz, 1089.80 W, 60
2026/10/08 04:04:44.076, 4, 120 MHz, 3996 MHz, 184.46 W, 38
2026/10/08 04:04:44.076, 5, 2032 MHz, 3996 MHz, 237.87 W, 38
2026/10/08 04:04:44.076, 6, 2032 MHz, 3996 MHz, 250.54 W, 36
2026/10/08 04:04:44.076, 7, 2032 MHz, 3996 MHz, 240.62 W, 34
2026/10/08 04:04:45.076, 0, 120 MHz, 3996 MHz, 188.35 W, 39
2026/10/08 04:04:45.076, 1, 120 MHz, 3996 MHz, 190.17 W, 41
2026/10/08 04:04:45.076, 2, 2032 MHz, 3996 MHz, 1007.61 W, 53
2026/10/08 04:04:45.076, 3, 2032 MHz, 3996 MHz, 999.99 W, 53
2026/10/08 04:04:45.076, 4, 120 MHz, 3996 MHz, 184.46 W, 38
2026/10/08 04:04:45.076, 5, 2032 MHz, 3996 MHz, 238.01 W, 38
2026/10/08 04:04:45.076, 6, 2032 MHz, 3996 MHz, 250.55 W, 36
2026/10/08 04:04:45.076, 7, 2032 MHz, 3996 MHz, 240.62 W, 34
2026/10/08 04:04:46.076, 0, 120 MHz, 3996 MHz, 188.35 W, 39
2026/10/08 04:04:46.076, 1, 120 MHz, 3996 MHz, 190.17 W, 41
2026/10/08 04:04:46.076, 2, 2032 MHz, 3996 MHz, 970.68 W, 53
2026/10/08 04:04:46.076, 3, 2032 MHz, 3996 MHz, 967.68 W, 53
2026/10/08 04:04:46.076, 4, 120 MHz, 3996 MHz, 184.46 W, 38
2026/10/08 04:04:46.076, 5, 2032 MHz, 3996 MHz, 238.65 W, 38
2026/10/08 04:04:46.076, 6, 2032 MHz, 3996 MHz, 250.57 W, 36
2026/10/08 04:04:46.076, 7, 2032 MHz, 3996 MHz, 240.62 W, 34
2026/10/08 04:04:47.077, 0, 120 MHz, 3996 MHz, 188.35 W, 39
2026/10/08 04:04:47.077, 1, 120 MHz, 3996 MHz, 190.17 W, 41
2026/10/08 04:04:47.077, 2, 2032 MHz, 3996 MHz, 971.75 W, 53
2026/10/08 04:04:47.077, 3, 2032 MHz, 3996 MHz, 962.76 W, 53
2026/10/08 04:04:47.077, 4, 2032 MHz, 3996 MHz, 226.04 W, 39
2026/10/08 04:04:47.077, 5, 2032 MHz, 3996 MHz, 238.60 W, 38
2026/10/08 04:04:47.077, 6, 2032 MHz, 3996 MHz, 250.55 W, 36
2026/10/08 04:04:47.077, 7, 2032 MHz, 3996 MHz, 240.62 W, 34
2026/10/08 04:04:48.077, 0, 2032 MHz, 3996 MHz, 232.63 W, 40
2026/10/08 04:04:48.077, 1, 120 MHz, 3996 MHz, 190.06 W, 41
2026/10/08 04:04:48.077, 2, 2032 MHz, 3996 MHz, 974.09 W, 53
2026/10/08 04:04:48.077, 3, 2032 MHz, 3996 MHz, 969.46 W, 54
2026/10/08 04:04:48.077, 4, 2032 MHz, 3996 MHz, 246.16 W, 39
2026/10/08 04:04:48.077, 5, 2032 MHz, 3996 MHz, 238.57 W, 38
2026/10/08 04:04:48.077, 6, 2032 MHz, 3996 MHz, 250.55 W, 36
2026/10/08 04:04:48.077, 7, 2032 MHz, 3996 MHz, 240.62 W, 34
2026/10/08 04:04:49.077, 0, 2032 MHz, 3996 MHz, 246.12 W, 40
2026/10/08 04:04:49.077, 1, 120 MHz, 3996 MHz, 190.04 W, 41
2026/10/08 04:04:49.077, 2, 2032 MHz, 3996 MHz, 974.95 W, 54
2026/10/08 04:04:49.077, 3, 2032 MHz, 3996 MHz, 971.25 W, 54
2026/10/08 04:04:49.077, 4, 2032 MHz, 3996 MHz, 245.15 W, 40
2026/10/08 04:04:49.077, 5, 2032 MHz, 3996 MHz, 238.55 W, 38
2026/10/08 04:04:49.077, 6, 2032 MHz, 3996 MHz, 250.57 W, 36
2026/10/08 04:04:49.077, 7, 2032 MHz, 3996 MHz, 240.62 W, 34
2026/10/08 04:04:50.078, 0, 2032 MHz, 3996 MHz, 247.58 W, 40
2026/10/08 04:04:50.078, 1, 120 MHz, 3996 MHz, 190.04 W, 41
2026/10/08 04:04:50.078, 2, 2032 MHz, 3996 MHz, 977.18 W, 54
2026/10/08 04:04:50.078, 3, 2032 MHz, 3996 MHz, 972.00 W, 54
2026/10/08 04:04:50.078, 4, 2032 MHz, 3996 MHz, 245.44 W, 40
2026/10/08 04:04:50.078, 5, 2032 MHz, 3996 MHz, 238.71 W, 38
2026/10/08 04:04:50.078, 6, 2032 MHz, 3996 MHz, 250.56 W, 36
2026/10/08 04:04:50.078, 7, 2032 MHz, 3996 MHz, 240.62 W, 35
2026/10/08 04:04:51.078, 0, 2032 MHz, 3996 MHz, 265.79 W, 41
2026/10/08 04:04:51.078, 1, 120 MHz, 3996 MHz, 190.10 W, 41
2026/10/08 04:04:51.078, 2, 2032 MHz, 3996 MHz, 980.40 W, 54
2026/10/08 04:04:51.078, 3, 2032 MHz, 3996 MHz, 967.53 W, 54
2026/10/08 04:04:51.078, 4, 2032 MHz, 3996 MHz, 245.97 W, 40
2026/10/08 04:04:51.078, 5, 2032 MHz, 3996 MHz, 238.70 W, 38
2026/10/08 04:04:51.078, 6, 2032 MHz, 3996 MHz, 250.54 W, 36
2026/10/08 04:04:51.078, 7, 2032 MHz, 3996 MHz, 240.62 W, 35
2026/10/08 04:04:52.078, 0, 2032 MHz, 3996 MHz, 282.50 W, 42
2026/10/08 04:04:52.078, 1, 2032 MHz, 3996 MHz, 224.19 W, 42
2026/10/08 04:04:52.078, 2, 2032 MHz, 3996 MHz, 980.71 W, 55
2026/10/08 04:04:52.078, 3, 2032 MHz, 3996 MHz, 969.39 W, 55
2026/10/08 04:04:52.078, 4, 2032 MHz, 3996 MHz, 246.24 W, 40
2026/10/08 04:04:52.078, 5, 2032 MHz, 3996 MHz, 238.73 W, 38
2026/10/08 04:04:52.078, 6, 2032 MHz, 3996 MHz, 250.56 W, 36
2026/10/08 04:04:52.078, 7, 2032 MHz, 3996 MHz, 240.62 W, 35
2026/10/08 04:04:53.079, 0, 2032 MHz, 3996 MHz, 267.24 W, 42
2026/10/08 04:04:53.079, 1, 2032 MHz, 3996 MHz, 251.90 W, 43
2026/10/08 04:04:53.079, 2, 1312 MHz, 3996 MHz, 1035.08 W, 61
2026/10/08 04:04:53.079, 3, 1305 MHz, 3996 MHz, 1030.91 W, 62
2026/10/08 04:04:53.079, 4, 2032 MHz, 3996 MHz, 246.28 W, 40
2026/10/08 04:04:53.079, 5, 2032 MHz, 3996 MHz, 238.82 W, 38
2026/10/08 04:04:53.079, 6, 2032 MHz, 3996 MHz, 250.54 W, 36
2026/10/08 04:04:53.079, 7, 2032 MHz, 3996 MHz, 240.62 W, 35
2026/10/08 04:04:54.079, 0, 2032 MHz, 3996 MHz, 259.86 W, 41
2026/10/08 04:04:54.079, 1, 2032 MHz, 3996 MHz, 253.01 W, 43
2026/10/08 04:04:54.079, 2, 1320 MHz, 3996 MHz, 1086.67 W, 62
2026/10/08 04:04:54.079, 3, 1320 MHz, 3996 MHz, 1086.89 W, 62
2026/10/08 04:04:54.079, 4, 2032 MHz, 3996 MHz, 246.28 W, 40
2026/10/08 04:04:54.079, 5, 2032 MHz, 3996 MHz, 238.69 W, 38
2026/10/08 04:04:54.079, 6, 2032 MHz, 3996 MHz, 250.57 W, 36
2026/10/08 04:04:54.079, 7, 2032 MHz, 3996 MHz, 240.62 W, 35
2026/10/08 04:04:55.079, 0, 2032 MHz, 3996 MHz, 254.46 W, 41
2026/10/08 04:04:55.079, 1, 2032 MHz, 3996 MHz, 253.68 W, 43
2026/10/08 04:04:55.079, 2, 2025 MHz, 3996 MHz, 1054.79 W, 56
2026/10/08 04:04:55.079, 3, 2032 MHz, 3996 MHz, 1046.68 W, 56
2026/10/08 04:04:55.079, 4, 2032 MHz, 3996 MHz, 246.28 W, 40
2026/10/08 04:04:55.079, 5, 2032 MHz, 3996 MHz, 238.75 W, 39
2026/10/08 04:04:55.079, 6, 2032 MHz, 3996 MHz, 250.56 W, 36
2026/10/08 04:04:55.079, 7, 2032 MHz, 3996 MHz, 240.62 W, 35
2026/10/08 04:04:56.080, 0, 2032 MHz, 3996 MHz, 249.82 W, 41
2026/10/08 04:04:56.080, 1, 2032 MHz, 3996 MHz, 254.39 W, 43
2026/10/08 04:04:56.080, 2, 2032 MHz, 3996 MHz, 975.70 W, 55
2026/10/08 04:04:56.080, 3, 2032 MHz, 3996 MHz, 965.90 W, 56
2026/10/08 04:04:56.080, 4, 2032 MHz, 3996 MHz, 246.28 W, 40
2026/10/08 04:04:56.080, 5, 2032 MHz, 3996 MHz, 238.83 W, 39
2026/10/08 04:04:56.080, 6, 2032 MHz, 3996 MHz, 252.22 W, 36
2026/10/08 04:04:56.080, 7, 2032 MHz, 3996 MHz, 240.61 W, 35
2026/10/08 04:04:57.080, 0, 2032 MHz, 3996 MHz, 252.15 W, 42
2026/10/08 04:04:57.080, 1, 2032 MHz, 3996 MHz, 272.37 W, 44
2026/10/08 04:04:57.080, 2, 2032 MHz, 3996 MHz, 976.62 W, 56
2026/10/08 04:04:57.080, 3, 2032 MHz, 3996 MHz, 967.05 W, 56
2026/10/08 04:04:57.080, 4, 2032 MHz, 3996 MHz, 246.35 W, 40
2026/10/08 04:04:57.080, 5, 2032 MHz, 3996 MHz, 238.57 W, 39
2026/10/08 04:04:57.080, 6, 2032 MHz, 3996 MHz, 258.38 W, 36
2026/10/08 04:04:57.080, 7, 2032 MHz, 3996 MHz, 240.59 W, 35
2026/10/08 04:04:58.080, 0, 2032 MHz, 3996 MHz, 271.72 W, 42
2026/10/08 04:04:58.080, 1, 2032 MHz, 3996 MHz, 292.64 W, 44
2026/10/08 04:04:58.080, 2, 2032 MHz, 3996 MHz, 978.05 W, 56
2026/10/08 04:04:58.080, 3, 2032 MHz, 3996 MHz, 968.42 W, 56
2026/10/08 04:04:58.080, 4, 2032 MHz, 3996 MHz, 246.28 W, 40
2026/10/08 04:04:58.080, 5, 2032 MHz, 3996 MHz, 238.51 W, 39
2026/10/08 04:04:58.080, 6, 2032 MHz, 3996 MHz, 251.04 W, 36
2026/10/08 04:04:58.080, 7, 2032 MHz, 3996 MHz, 240.62 W, 35
2026/10/08 04:04:59.081, 0, 2032 MHz, 3996 MHz, 395.05 W, 43
2026/10/08 04:04:59.081, 1, 2032 MHz, 3996 MHz, 253.96 W, 44
2026/10/08 04:04:59.081, 2, 2032 MHz, 3996 MHz, 980.71 W, 56
2026/10/08 04:04:59.081, 3, 2032 MHz, 3996 MHz, 973.04 W, 56
2026/10/08 04:04:59.081, 4, 2032 MHz, 3996 MHz, 246.28 W, 40
2026/10/08 04:04:59.081, 5, 2032 MHz, 3996 MHz, 238.68 W, 39
2026/10/08 04:04:59.081, 6, 2032 MHz, 3996 MHz, 250.52 W, 36
2026/10/08 04:04:59.081, 7, 2032 MHz, 3996 MHz, 240.62 W, 35
2026/10/08 04:05:00.081, 0, 2032 MHz, 3996 MHz, 665.75 W, 51
2026/10/08 04:05:00.081, 1, 2032 MHz, 3996 MHz, 272.84 W, 44
2026/10/08 04:05:00.081, 2, 2032 MHz, 3996 MHz, 983.48 W, 56
2026/10/08 04:05:00.081, 3, 2032 MHz, 3996 MHz, 971.44 W, 56
2026/10/08 04:05:00.081, 4, 2032 MHz, 3996 MHz, 246.28 W, 40
2026/10/08 04:05:00.081, 5, 2032 MHz, 3996 MHz, 239.23 W, 39
2026/10/08 04:05:00.081, 6, 2032 MHz, 3996 MHz, 250.52 W, 36
2026/10/08 04:05:00.081, 7, 2032 MHz, 3996 MHz, 242.26 W, 35
2026/10/08 04:05:01.081, 0, 2032 MHz, 3996 MHz, 814.25 W, 52
2026/10/08 04:05:01.081, 1, 2032 MHz, 3996 MHz, 266.81 W, 44
2026/10/08 04:05:01.081, 2, 2032 MHz, 3996 MHz, 982.37 W, 56
2026/10/08 04:05:01.081, 3, 2032 MHz, 3996 MHz, 972.62 W, 56
2026/10/08 04:05:01.081, 4, 2032 MHz, 3996 MHz, 246.28 W, 40
2026/10/08 04:05:01.081, 5, 2032 MHz, 3996 MHz, 240.40 W, 39
2026/10/08 04:05:01.081, 6, 2032 MHz, 3996 MHz, 250.53 W, 36
2026/10/08 04:05:01.081, 7, 2032 MHz, 3996 MHz, 247.21 W, 35
2026/10/08 04:05:02.081, 0, 2032 MHz, 3996 MHz, 816.12 W, 53
2026/10/08 04:05:02.081, 1, 2032 MHz, 3996 MHz, 271.40 W, 44
2026/10/08 04:05:02.081, 2, 2032 MHz, 3996 MHz, 983.47 W, 56
2026/10/08 04:05:02.081, 3, 2032 MHz, 3996 MHz, 973.99 W, 57
2026/10/08 04:05:02.081, 4, 2032 MHz, 3996 MHz, 246.28 W, 40
2026/10/08 04:05:02.081, 5, 2032 MHz, 3996 MHz, 239.84 W, 39
2026/10/08 04:05:02.081, 6, 2032 MHz, 3996 MHz, 250.53 W, 36
2026/10/08 04:05:02.082, 7, 2032 MHz, 3996 MHz, 241.02 W, 35
2026/10/08 04:05:03.082, 0, 2032 MHz, 3996 MHz, 817.69 W, 53
2026/10/08 04:05:03.082, 1, 2032 MHz, 3996 MHz, 263.43 W, 44
2026/10/08 04:05:03.082, 2, 2032 MHz, 3996 MHz, 990.89 W, 57
2026/10/08 04:05:03.082, 3, 2032 MHz, 3996 MHz, 975.48 W, 57
2026/10/08 04:05:03.082, 4, 2032 MHz, 3996 MHz, 246.33 W, 40
2026/10/08 04:05:03.082, 5, 2032 MHz, 3996 MHz, 256.82 W, 40
2026/10/08 04:05:03.082, 6, 2032 MHz, 3996 MHz, 250.52 W, 36
2026/10/08 04:05:03.082, 7, 2032 MHz, 3996 MHz, 240.62 W, 35
2026/10/08 04:05:04.082, 0, 2032 MHz, 3996 MHz, 818.81 W, 54
2026/10/08 04:05:04.082, 1, 2032 MHz, 3996 MHz, 258.55 W, 45
2026/10/08 04:05:04.082, 2, 1312 MHz, 3996 MHz, 1099.86 W, 64
2026/10/08 04:05:04.082, 3, 1320 MHz, 3996 MHz, 1104.55 W, 64
2026/10/08 04:05:04.082, 4, 2032 MHz, 3996 MHz, 246.28 W, 41
2026/10/08 04:05:04.082, 5, 2032 MHz, 3996 MHz, 239.14 W, 39
2026/10/08 04:05:04.082, 6, 2032 MHz, 3996 MHz, 250.66 W, 36
2026/10/08 04:05:04.082, 7, 2032 MHz, 3996 MHz, 240.62 W, 35
2026/10/08 04:05:05.082, 0, 2032 MHz, 3996 MHz, 819.52 W, 54
2026/10/08 04:05:05.082, 1, 2032 MHz, 3996 MHz, 260.82 W, 45
2026/10/08 04:05:05.082, 2, 1305 MHz, 3996 MHz, 1088.04 W, 64
2026/10/08 04:05:05.082, 3, 1312 MHz, 3996 MHz, 1088.74 W, 64
2026/10/08 04:05:05.082, 4, 2032 MHz, 3996 MHz, 247.48 W, 41
2026/10/08 04:05:05.082, 5, 2032 MHz, 3996 MHz, 238.64 W, 39
2026/10/08 04:05:05.082, 6, 2032 MHz, 3996 MHz, 250.51 W, 36
2026/10/08 04:05:05.082, 7, 2032 MHz, 3996 MHz, 240.62 W, 35
2026/10/08 04:05:06.083, 0, 2032 MHz, 3996 MHz, 817.07 W, 55
2026/10/08 04:05:06.083, 1, 2032 MHz, 3996 MHz, 254.27 W, 45
2026/10/08 04:05:06.083, 2, 2032 MHz, 3996 MHz, 988.29 W, 57
2026/10/08 04:05:06.083, 3, 2032 MHz, 3996 MHz, 954.46 W, 57
2026/10/08 04:05:06.083, 4, 2032 MHz, 3996 MHz, 248.06 W, 41
2026/10/08 04:05:06.083, 5, 2032 MHz, 3996 MHz, 238.55 W, 39
2026/10/08 04:05:06.083, 6, 2032 MHz, 3996 MHz, 250.54 W, 36
2026/10/08 04:05:06.083, 7, 2032 MHz, 3996 MHz, 240.70 W, 35
2026/10/08 04:05:07.083, 0, 2032 MHz, 3996 MHz, 821.47 W, 55
2026/10/08 04:05:07.083, 1, 2032 MHz, 3996 MHz, 263.61 W, 45
2026/10/08 04:05:07.083, 2, 2032 MHz, 3996 MHz, 980.59 W, 57
2026/10/08 04:05:07.083, 3, 2032 MHz, 3996 MHz, 974.48 W, 57
2026/10/08 04:05:07.083, 4, 2032 MHz, 3996 MHz, 247.61 W, 41
2026/10/08 04:05:07.083, 5, 2032 MHz, 3996 MHz, 238.72 W, 39
2026/10/08 04:05:07.083, 6, 2032 MHz, 3996 MHz, 250.54 W, 36
2026/10/08 04:05:07.083, 7, 2032 MHz, 3996 MHz, 240.62 W, 35
2026/10/08 04:05:08.083, 0, 2032 MHz, 3996 MHz, 820.44 W, 55
2026/10/08 04:05:08.083, 1, 2032 MHz, 3996 MHz, 273.59 W, 46
2026/10/08 04:05:08.083, 2, 2032 MHz, 3996 MHz, 981.98 W, 57
2026/10/08 04:05:08.083, 3, 2032 MHz, 3996 MHz, 970.76 W, 58
2026/10/08 04:05:08.083, 4, 2032 MHz, 3996 MHz, 265.02 W, 41
2026/10/08 04:05:08.083, 5, 2032 MHz, 3996 MHz, 238.53 W, 39
2026/10/08 04:05:08.083, 6, 2032 MHz, 3996 MHz, 250.51 W, 36
2026/10/08 04:05:08.083, 7, 2032 MHz, 3996 MHz, 240.62 W, 35
2026/10/08 04:05:09.084, 0, 2032 MHz, 3996 MHz, 460.68 W, 48
2026/10/08 04:05:09.084, 1, 2032 MHz, 3996 MHz, 278.99 W, 45
2026/10/08 04:05:09.084, 2, 2032 MHz, 3996 MHz, 983.46 W, 58
2026/10/08 04:05:09.084, 3, 2032 MHz, 3996 MHz, 973.06 W, 58
2026/10/08 04:05:09.084, 4, 2032 MHz, 3996 MHz, 246.32 W, 41
2026/10/08 04:05:09.084, 5, 2032 MHz, 3996 MHz, 238.92 W, 39
2026/10/08 04:05:09.084, 6, 2032 MHz, 3996 MHz, 250.51 W, 36
2026/10/08 04:05:09.084, 7, 2032 MHz, 3996 MHz, 240.58 W, 35
2026/10/08 04:05:10.084, 0, 2032 MHz, 3996 MHz, 252.79 W, 47
2026/10/08 04:05:10.084, 1, 2032 MHz, 3996 MHz, 262.47 W, 45
2026/10/08 04:05:10.084, 2, 2032 MHz, 3996 MHz, 983.68 W, 58
2026/10/08 04:05:10.084, 3, 2032 MHz, 3996 MHz, 974.01 W, 58
2026/10/08 04:05:10.084, 4, 2032 MHz, 3996 MHz, 246.32 W, 41
2026/10/08 04:05:10.084, 5, 2032 MHz, 3996 MHz, 238.73 W, 39
2026/10/08 04:05:10.084, 6, 2032 MHz, 3996 MHz, 276.49 W, 36
2026/10/08 04:05:10.084, 7, 2032 MHz, 3996 MHz, 268.04 W, 35
2026/10/08 04:05:11.084, 0, 2032 MHz, 3996 MHz, 252.02 W, 46
2026/10/08 04:05:11.084, 1, 2032 MHz, 3996 MHz, 510.88 W, 48
2026/10/08 04:05:11.084, 2, 2032 MHz, 3996 MHz, 986.03 W, 58
2026/10/08 04:05:11.084, 3, 2032 MHz, 3996 MHz, 974.79 W, 58
2026/10/08 04:05:11.084, 4, 2032 MHz, 3996 MHz, 246.28 W, 41
2026/10/08 04:05:11.084, 5, 2032 MHz, 3996 MHz, 238.83 W, 39
2026/10/08 04:05:11.084, 6, 2032 MHz, 3996 MHz, 250.58 W, 36
2026/10/08 04:05:11.084, 7, 2032 MHz, 3996 MHz, 240.66 W, 35
2026/10/08 04:05:12.085, 0, 2032 MHz, 3996 MHz, 263.86 W, 46
2026/10/08 04:05:12.085, 1, 2032 MHz, 3996 MHz, 256.39 W, 46
2026/10/08 04:05:12.085, 2, 2032 MHz, 3996 MHz, 986.15 W, 58
2026/10/08 04:05:12.085, 3, 2032 MHz, 3996 MHz, 974.72 W, 58
2026/10/08 04:05:12.085, 4, 2032 MHz, 3996 MHz, 246.32 W, 41
2026/10/08 04:05:12.085, 5, 2032 MHz, 3996 MHz, 239.17 W, 39
2026/10/08 04:05:12.085, 6, 2032 MHz, 3996 MHz, 254.96 W, 36
2026/10/08 04:05:12.085, 7, 2032 MHz, 3996 MHz, 245.22 W, 35
2026/10/08 04:05:13.085, 0, 2032 MHz, 3996 MHz, 251.86 W, 46
2026/10/08 04:05:13.085, 1, 2032 MHz, 3996 MHz, 675.89 W, 56
2026/10/08 04:05:13.085, 2, 2032 MHz, 3996 MHz, 987.79 W, 58
2026/10/08 04:05:13.085, 3, 2032 MHz, 3996 MHz, 976.80 W, 58
2026/10/08 04:05:13.085, 4, 2032 MHz, 3996 MHz, 246.28 W, 41
2026/10/08 04:05:13.085, 5, 2032 MHz, 3996 MHz, 238.72 W, 39
2026/10/08 04:05:13.085, 6, 2032 MHz, 3996 MHz, 250.56 W, 36
2026/10/08 04:05:13.085, 7, 2032 MHz, 3996 MHz, 240.62 W, 35
2026/10/08 04:05:14.085, 0, 345 MHz, 3996 MHz, 227.14 W, 45
2026/10/08 04:05:14.085, 1, 2032 MHz, 3996 MHz, 945.42 W, 59
2026/10/08 04:05:14.085, 2, 1312 MHz, 3996 MHz, 1059.34 W, 64
2026/10/08 04:05:14.085, 3, 1312 MHz, 3996 MHz, 1063.01 W, 65
2026/10/08 04:05:14.085, 4, 2032 MHz, 3996 MHz, 246.28 W, 41
2026/10/08 04:05:14.085, 5, 2032 MHz, 3996 MHz, 239.05 W, 39
2026/10/08 04:05:14.085, 6, 2032 MHz, 3996 MHz, 250.59 W, 36
2026/10/08 04:05:14.085, 7, 2032 MHz, 3996 MHz, 240.62 W, 35
2026/10/08 04:05:15.085, 0, 217 MHz, 3996 MHz, 192.99 W, 45
2026/10/08 04:05:15.086, 1, 2032 MHz, 3996 MHz, 945.70 W, 59
2026/10/08 04:05:15.086, 2, 1320 MHz, 3996 MHz, 1087.29 W, 65
2026/10/08 04:05:15.086, 3, 1335 MHz, 3996 MHz, 1088.91 W, 65
2026/10/08 04:05:15.086, 4, 2032 MHz, 3996 MHz, 246.28 W, 41
2026/10/08 04:05:15.086, 5, 2032 MHz, 3996 MHz, 239.03 W, 39
2026/10/08 04:05:15.086, 6, 2032 MHz, 3996 MHz, 250.56 W, 36
2026/10/08 04:05:15.086, 7, 2032 MHz, 3996 MHz, 240.62 W, 35
2026/10/08 04:05:16.086, 0, 142 MHz, 3996 MHz, 192.19 W, 45
2026/10/08 04:05:16.086, 1, 2032 MHz, 3996 MHz, 947.78 W, 60
2026/10/08 04:05:16.086, 2, 2032 MHz, 3996 MHz, 1026.32 W, 58
2026/10/08 04:05:16.086, 3, 2032 MHz, 3996 MHz, 1021.89 W, 59
2026/10/08 04:05:16.086, 4, 2032 MHz, 3996 MHz, 246.28 W, 41
2026/10/08 04:05:16.086, 5, 2032 MHz, 3996 MHz, 238.80 W, 39
2026/10/08 04:05:16.086, 6, 2032 MHz, 3996 MHz, 250.53 W, 36
2026/10/08 04:05:16.086, 7, 2032 MHz, 3996 MHz, 240.47 W, 35
2026/10/08 04:05:17.086, 0, 120 MHz, 3996 MHz, 192.23 W, 45
2026/10/08 04:05:17.086, 1, 2032 MHz, 3996 MHz, 951.16 W, 60
2026/10/08 04:05:17.086, 2, 2032 MHz, 3996 MHz, 983.76 W, 58
2026/10/08 04:05:17.086, 3, 2032 MHz, 3996 MHz, 974.16 W, 58
2026/10/08 04:05:17.086, 4, 2032 MHz, 3996 MHz, 246.28 W, 41
2026/10/08 04:05:17.086, 5, 2032 MHz, 3996 MHz, 238.90 W, 39
2026/10/08 04:05:17.086, 6, 2032 MHz, 3996 MHz, 250.53 W, 36
2026/10/08 04:05:17.086, 7, 2032 MHz, 3996 MHz, 240.42 W, 35
2026/10/08 04:05:18.086, 0, 120 MHz, 3996 MHz, 192.23 W, 45
2026/10/08 04:05:18.086, 1, 2032 MHz, 3996 MHz, 948.07 W, 61
2026/10/08 04:05:18.086, 2, 2032 MHz, 3996 MHz, 985.95 W, 58
2026/10/08 04:05:18.086, 3, 2032 MHz, 3996 MHz, 974.80 W, 58
2026/10/08 04:05:18.087, 4, 2032 MHz, 3996 MHz, 246.28 W, 41
2026/10/08 04:05:18.087, 5, 2032 MHz, 3996 MHz, 239.18 W, 40
2026/10/08 04:05:18.087, 6, 2032 MHz, 3996 MHz, 250.62 W, 36
2026/10/08 04:05:18.087, 7, 2032 MHz, 3996 MHz, 240.11 W, 35
2026/10/08 04:05:19.087, 0, 120 MHz, 3996 MHz, 192.23 W, 45
2026/10/08 04:05:19.087, 1, 2032 MHz, 3996 MHz, 949.34 W, 61
2026/10/08 04:05:19.087, 2, 2032 MHz, 3996 MHz, 988.24 W, 58
2026/10/08 04:05:19.087, 3, 2032 MHz, 3996 MHz, 975.24 W, 58
2026/10/08 04:05:19.087, 4, 2032 MHz, 3996 MHz, 246.28 W, 41
2026/10/08 04:05:19.087, 5, 2032 MHz, 3996 MHz, 238.97 W, 40
2026/10/08 04:05:19.087, 6, 2032 MHz, 3996 MHz, 250.52 W, 36
2026/10/08 04:05:19.087, 7, 2032 MHz, 3996 MHz, 240.85 W, 34
2026/10/08 04:05:20.087, 0, 120 MHz, 3996 MHz, 192.21 W, 45
2026/10/08 04:05:20.087, 1, 2032 MHz, 3996 MHz, 953.95 W, 62
2026/10/08 04:05:20.087, 2, 2032 MHz, 3996 MHz, 985.87 W, 58
2026/10/08 04:05:20.087, 3, 2032 MHz, 3996 MHz, 976.44 W, 58
2026/10/08 04:05:20.087, 4, 2032 MHz, 3996 MHz, 246.28 W, 41
2026/10/08 04:05:20.087, 5, 2032 MHz, 3996 MHz, 239.23 W, 39
2026/10/08 04:05:20.087, 6, 2032 MHz, 3996 MHz, 250.49 W, 36
2026/10/08 04:05:20.087, 7, 2032 MHz, 3996 MHz, 240.54 W, 34
2026/10/08 04:05:21.087, 0, 120 MHz, 3996 MHz, 192.21 W, 45
2026/10/08 04:05:21.087, 1, 2032 MHz, 3996 MHz, 952.05 W, 62
2026/10/08 04:05:21.087, 2, 2032 MHz, 3996 MHz, 985.87 W, 58
2026/10/08 04:05:21.087, 3, 2032 MHz, 3996 MHz, 983.95 W, 58
2026/10/08 04:05:21.087, 4, 2032 MHz, 3996 MHz, 246.28 W, 41
2026/10/08 04:05:21.087, 5, 2032 MHz, 3996 MHz, 239.01 W, 39
2026/10/08 04:05:21.087, 6, 2032 MHz, 3996 MHz, 250.30 W, 36
2026/10/08 04:05:21.087, 7, 2032 MHz, 3996 MHz, 240.28 W, 34
2026/10/08 04:05:22.088, 0, 120 MHz, 3996 MHz, 192.23 W, 45
2026/10/08 04:05:22.088, 1, 2032 MHz, 3996 MHz, 951.54 W, 62
2026/10/08 04:05:22.088, 2, 2032 MHz, 3996 MHz, 985.76 W, 58
2026/10/08 04:05:22.088, 3, 2032 MHz, 3996 MHz, 980.81 W, 58
2026/10/08 04:05:22.088, 4, 2032 MHz, 3996 MHz, 246.28 W, 41
2026/10/08 04:05:22.088, 5, 2032 MHz, 3996 MHz, 238.90 W, 40
2026/10/08 04:05:22.088, 6, 2032 MHz, 3996 MHz, 250.16 W, 36
2026/10/08 04:05:22.088, 7, 2032 MHz, 3996 MHz, 240.27 W, 34
2026/10/08 04:05:23.088, 0, 120 MHz, 3996 MHz, 192.21 W, 45
2026/10/08 04:05:23.088, 1, 2032 MHz, 3996 MHz, 955.02 W, 63
2026/10/08 04:05:23.088, 2, 2032 MHz, 3996 MHz, 987.38 W, 58
2026/10/08 04:05:23.088, 3, 2032 MHz, 3996 MHz, 978.79 W, 58
2026/10/08 04:05:23.088, 4, 2032 MHz, 3996 MHz, 246.28 W, 41
2026/10/08 04:05:23.088, 5, 2032 MHz, 3996 MHz, 239.01 W, 39
2026/10/08 04:05:23.088, 6, 2032 MHz, 3996 MHz, 249.97 W, 35
2026/10/08 04:05:23.088, 7, 2032 MHz, 3996 MHz, 239.82 W, 34
2026/10/08 04:05:24.088, 0, 120 MHz, 3996 MHz, 192.00 W, 45
2026/10/08 04:05:24.088, 1, 2032 MHz, 3996 MHz, 287.57 W, 52
2026/10/08 04:05:24.088, 2, 2032 MHz, 3996 MHz, 899.58 W, 53
2026/10/08 04:05:24.088, 3, 2032 MHz, 3996 MHz, 880.03 W, 52
2026/10/08 04:05:24.088, 4, 2032 MHz, 3996 MHz, 246.35 W, 41
2026/10/08 04:05:24.088, 5, 2032 MHz, 3996 MHz, 239.02 W, 39
2026/10/08 04:05:24.088, 6, 2032 MHz, 3996 MHz, 709.81 W, 46
2026/10/08 04:05:24.089, 7, 1440 MHz, 3996 MHz, 532.59 W, 49
2026/10/08 04:05:25.089, 0, 120 MHz, 3996 MHz, 192.07 W, 45
2026/10/08 04:05:25.089, 1, 2032 MHz, 3996 MHz, 261.62 W, 51
2026/10/08 04:05:25.089, 2, 2032 MHz, 3996 MHz, 251.46 W, 47
2026/10/08 04:05:25.089, 3, 2032 MHz, 3996 MHz, 254.17 W, 48
2026/10/08 04:05:25.089, 4, 2032 MHz, 3996 MHz, 246.28 W, 41
2026/10/08 04:05:25.089, 5, 2032 MHz, 3996 MHz, 238.85 W, 39
2026/10/08 04:05:25.089, 6, 2032 MHz, 3996 MHz, 325.19 W, 37
2026/10/08 04:05:25.089, 7, 2032 MHz, 3996 MHz, 457.90 W, 36
2026/10/08 04:05:26.089, 0, 120 MHz, 3996 MHz, 192.05 W, 45
2026/10/08 04:05:26.089, 1, 2032 MHz, 3996 MHz, 260.19 W, 51
2026/10/08 04:05:26.089, 2, 2032 MHz, 3996 MHz, 260.27 W, 46
2026/10/08 04:05:26.089, 3, 2032 MHz, 3996 MHz, 262.66 W, 46
2026/10/08 04:05:26.089, 4, 2032 MHz, 3996 MHz, 246.55 W, 41
2026/10/08 04:05:26.089, 5, 2032 MHz, 3996 MHz, 238.81 W, 39
2026/10/08 04:05:26.089, 6, 1665 MHz, 3996 MHz, 537.60 W, 50
2026/10/08 04:05:26.089, 7, 1342 MHz, 3996 MHz, 522.41 W, 44
2026/10/08 04:05:27.089, 0, 120 MHz, 3996 MHz, 192.02 W, 45
2026/10/08 04:05:27.089, 1, 2032 MHz, 3996 MHz, 272.50 W, 51
2026/10/08 04:05:27.089, 2, 2032 MHz, 3996 MHz, 247.65 W, 45
2026/10/08 04:05:27.089, 3, 2032 MHz, 3996 MHz, 249.61 W, 46
2026/10/08 04:05:27.089, 4, 2032 MHz, 3996 MHz, 246.39 W, 41
2026/10/08 04:05:27.089, 5, 2032 MHz, 3996 MHz, 239.01 W, 39
2026/10/08 04:05:27.089, 6, 1290 MHz, 3996 MHz, 923.52 W, 53
2026/10/08 04:05:27.089, 7, 1297 MHz, 3996 MHz, 923.26 W, 52
2026/10/08 04:05:28.090, 0, 120 MHz, 3996 MHz, 192.08 W, 45
2026/10/08 04:05:28.090, 1, 2032 MHz, 3996 MHz, 261.23 W, 50
2026/10/08 04:05:28.090, 2, 2032 MHz, 3996 MHz, 246.35 W, 45
2026/10/08 04:05:28.090, 3, 2032 MHz, 3996 MHz, 248.40 W, 45
2026/10/08 04:05:28.090, 4, 2032 MHz, 3996 MHz, 246.35 W, 41
2026/10/08 04:05:28.090, 5, 2032 MHz, 3996 MHz, 239.02 W, 39
2026/10/08 04:05:28.090, 6, 1297 MHz, 3996 MHz, 1088.80 W, 55
2026/10/08 04:05:28.090, 7, 1312 MHz, 3996 MHz, 1084.33 W, 53
2026/10/08 04:05:29.090, 0, 120 MHz, 3996 MHz, 192.04 W, 45
2026/10/08 04:05:29.090, 1, 907 MHz, 3996 MHz, 255.85 W, 50
2026/10/08 04:05:29.090, 2, 2032 MHz, 3996 MHz, 246.27 W, 44
2026/10/08 04:05:29.090, 3, 2032 MHz, 3996 MHz, 248.22 W, 44
2026/10/08 04:05:29.090, 4, 2032 MHz, 3996 MHz, 246.28 W, 41
2026/10/08 04:05:29.090, 5, 2032 MHz, 3996 MHz, 238.93 W, 39
2026/10/08 04:05:29.090, 6, 1320 MHz, 3996 MHz, 1091.20 W, 56
2026/10/08 04:05:29.090, 7, 1320 MHz, 3996 MHz, 1083.30 W, 53
2026/10/08 04:05:30.090, 0, 120 MHz, 3996 MHz, 192.23 W, 45
2026/10/08 04:05:30.090, 1, 570 MHz, 3996 MHz, 202.53 W, 49
2026/10/08 04:05:30.090, 2, 2032 MHz, 3996 MHz, 246.27 W, 44
2026/10/08 04:05:30.090, 3, 2032 MHz, 3996 MHz, 248.14 W, 44
2026/10/08 04:05:30.090, 4, 2032 MHz, 3996 MHz, 246.28 W, 41
2026/10/08 04:05:30.090, 5, 2032 MHz, 3996 MHz, 239.00 W, 39
2026/10/08 04:05:30.090, 6, 1312 MHz, 3996 MHz, 1089.19 W, 56
2026/10/08 04:05:30.090, 7, 1312 MHz, 3996 MHz, 1086.73 W, 54
2026/10/08 04:05:31.091, 0, 120 MHz, 3996 MHz, 192.23 W, 45
2026/10/08 04:05:31.091, 1, 360 MHz, 3996 MHz, 198.90 W, 49
2026/10/08 04:05:31.091, 2, 2032 MHz, 3996 MHz, 246.27 W, 43
2026/10/08 04:05:31.091, 3, 2032 MHz, 3996 MHz, 247.86 W, 44
2026/10/08 04:05:31.091, 4, 2032 MHz, 3996 MHz, 246.35 W, 41
2026/10/08 04:05:31.091, 5, 2032 MHz, 3996 MHz, 239.48 W, 39
2026/10/08 04:05:31.091, 6, 1305 MHz, 3996 MHz, 1087.72 W, 56
2026/10/08 04:05:31.091, 7, 1320 MHz, 3996 MHz, 1086.89 W, 53
2026/10/08 04:05:32.091, 0, 120 MHz, 3996 MHz, 192.23 W, 45
2026/10/08 04:05:32.091, 1, 225 MHz, 3996 MHz, 196.45 W, 49
2026/10/08 04:05:32.091, 2, 2032 MHz, 3996 MHz, 244.56 W, 43
2026/10/08 04:05:32.091, 3, 2032 MHz, 3996 MHz, 246.90 W, 43
2026/10/08 04:05:32.091, 4, 2032 MHz, 3996 MHz, 246.27 W, 41
2026/10/08 04:05:32.091, 5, 2032 MHz, 3996 MHz, 240.21 W, 39
2026/10/08 04:05:32.091, 6, 1297 MHz, 3996 MHz, 1091.24 W, 57
2026/10/08 04:05:32.091, 7, 1335 MHz, 3996 MHz, 1086.45 W, 54
2026/10/08 04:05:33.091, 0, 120 MHz, 3996 MHz, 192.23 W, 44
2026/10/08 04:05:33.091, 1, 150 MHz, 3996 MHz, 195.52 W, 48
2026/10/08 04:05:33.091, 2, 345 MHz, 3996 MHz, 215.60 W, 42
2026/10/08 04:05:33.091, 3, 427 MHz, 3996 MHz, 243.28 W, 42
2026/10/08 04:05:33.091, 4, 2032 MHz, 3996 MHz, 246.32 W, 41
2026/10/08 04:05:33.091, 5, 2032 MHz, 3996 MHz, 239.73 W, 39
2026/10/08 04:05:33.091, 6, 1297 MHz, 3996 MHz, 1090.97 W, 57
2026/10/08 04:05:33.091, 7, 1365 MHz, 3996 MHz, 1086.81 W, 55
2026/10/08 04:05:34.091, 0, 120 MHz, 3996 MHz, 192.23 W, 44
2026/10/08 04:05:34.092, 1, 120 MHz, 3996 MHz, 194.32 W, 48
2026/10/08 04:05:34.092, 2, 217 MHz, 3996 MHz, 190.82 W, 41
2026/10/08 04:05:34.092, 3, 270 MHz, 3996 MHz, 190.57 W, 41
2026/10/08 04:05:34.092, 4, 2032 MHz, 3996 MHz, 246.32 W, 41
2026/10/08 04:05:34.092, 5, 2032 MHz, 3996 MHz, 239.91 W, 39
2026/10/08 04:05:34.092, 6, 1320 MHz, 3996 MHz, 1088.42 W, 57
2026/10/08 04:05:34.092, 7, 1357 MHz, 3996 MHz, 1085.83 W, 54
2026/10/08 04:05:35.092, 0, 120 MHz, 3996 MHz, 192.23 W, 44
2026/10/08 04:05:35.092, 1, 120 MHz, 3996 MHz, 194.05 W, 48
2026/10/08 04:05:35.092, 2, 142 MHz, 3996 MHz, 189.95 W, 40
2026/10/08 04:05:35.092, 3, 172 MHz, 3996 MHz, 188.89 W, 41
2026/10/08 04:05:35.092, 4, 2032 MHz, 3996 MHz, 246.28 W, 41
2026/10/08 04:05:35.092, 5, 2032 MHz, 3996 MHz, 239.51 W, 39
2026/10/08 04:05:35.092, 6, 1867 MHz, 3996 MHz, 1073.01 W, 52
2026/10/08 04:05:35.092, 7, 1995 MHz, 3996 MHz, 1064.42 W, 50
2026/10/08 04:05:36.092, 0, 120 MHz, 3996 MHz, 192.23 W, 44
2026/10/08 04:05:36.092, 1, 120 MHz, 3996 MHz, 194.05 W, 48
2026/10/08 04:05:36.092, 2, 120 MHz, 3996 MHz, 189.25 W, 40
2026/10/08 04:05:36.092, 3, 120 MHz, 3996 MHz, 188.04 W, 40
2026/10/08 04:05:36.092, 4, 2032 MHz, 3996 MHz, 246.32 W, 41
2026/10/08 04:05:36.092, 5, 2032 MHz, 3996 MHz, 239.49 W, 39
2026/10/08 04:05:36.092, 6, 2032 MHz, 3996 MHz, 1088.67 W, 52
2026/10/08 04:05:36.092, 7, 2032 MHz, 3996 MHz, 1061.95 W, 50
2026/10/08 04:05:37.092, 0, 120 MHz, 3996 MHz, 192.23 W, 44
2026/10/08 04:05:37.092, 1, 120 MHz, 3996 MHz, 194.05 W, 47
2026/10/08 04:05:37.092, 2, 120 MHz, 3996 MHz, 189.57 W, 40
2026/10/08 04:05:37.092, 3, 120 MHz, 3996 MHz, 188.01 W, 40
2026/10/08 04:05:37.092, 4, 2032 MHz, 3996 MHz, 247.38 W, 41
2026/10/08 04:05:37.092, 5, 2032 MHz, 3996 MHz, 239.25 W, 39
2026/10/08 04:05:37.092, 6, 2032 MHz, 3996 MHz, 1093.56 W, 53
2026/10/08 04:05:37.092, 7, 2032 MHz, 3996 MHz, 1063.06 W, 50
2026/10/08 04:05:38.093, 0, 120 MHz, 3996 MHz, 192.12 W, 44
2026/10/08 04:05:38.093, 1, 120 MHz, 3996 MHz, 194.05 W, 47
2026/10/08 04:05:38.093, 2, 120 MHz, 3996 MHz, 188.47 W, 39
2026/10/08 04:05:38.093, 3, 120 MHz, 3996 MHz, 188.01 W, 39
2026/10/08 04:05:38.093, 4, 2032 MHz, 3996 MHz, 247.09 W, 41
2026/10/08 04:05:38.093, 5, 2032 MHz, 3996 MHz, 239.86 W, 40
2026/10/08 04:05:38.093, 6, 2032 MHz, 3996 MHz, 1094.38 W, 53
2026/10/08 04:05:38.093, 7, 2032 MHz, 3996 MHz, 1062.05 W, 50
2026/10/08 04:05:39.093, 0, 120 MHz, 3996 MHz, 191.13 W, 44
2026/10/08 04:05:39.093, 1, 120 MHz, 3996 MHz, 194.05 W, 47
2026/10/08 04:05:39.093, 2, 120 MHz, 3996 MHz, 188.08 W, 39
2026/10/08 04:05:39.093, 3, 120 MHz, 3996 MHz, 188.01 W, 39
2026/10/08 04:05:39.093, 4, 2032 MHz, 3996 MHz, 246.85 W, 41
2026/10/08 04:05:39.093, 5, 2032 MHz, 3996 MHz, 239.52 W, 40
2026/10/08 04:05:39.093, 6, 2032 MHz, 3996 MHz, 1095.10 W, 53
2026/10/08 04:05:39.093, 7, 2032 MHz, 3996 MHz, 1062.72 W, 50
2026/10/08 04:05:40.093, 0, 120 MHz, 3996 MHz, 190.76 W, 44
2026/10/08 04:05:40.093, 1, 120 MHz, 3996 MHz, 194.05 W, 47
2026/10/08 04:05:40.093, 2, 120 MHz, 3996 MHz, 188.00 W, 38
2026/10/08 04:05:40.093, 3, 120 MHz, 3996 MHz, 187.93 W, 38
2026/10/08 04:05:40.093, 4, 2032 MHz, 3996 MHz, 246.54 W, 41
2026/10/08 04:05:40.093, 5, 2032 MHz, 3996 MHz, 239.66 W, 40
2026/10/08 04:05:40.093, 6, 2032 MHz, 3996 MHz, 1094.71 W, 53
2026/10/08 04:05:40.093, 7, 2032 MHz, 3996 MHz, 1062.34 W, 50
2026/10/08 04:05:41.094, 0, 120 MHz, 3996 MHz, 190.75 W, 43
2026/10/08 04:05:41.094, 1, 120 MHz, 3996 MHz, 194.05 W, 47
2026/10/08 04:05:41.094, 2, 120 MHz, 3996 MHz, 188.01 W, 38
2026/10/08 04:05:41.094, 3, 120 MHz, 3996 MHz, 187.89 W, 38
2026/10/08 04:05:41.094, 4, 2032 MHz, 3996 MHz, 246.66 W, 41
2026/10/08 04:05:41.094, 5, 2032 MHz, 3996 MHz, 239.95 W, 40
2026/10/08 04:05:41.094, 6, 2025 MHz, 3996 MHz, 1093.09 W, 53
2026/10/08 04:05:41.094, 7, 2032 MHz, 3996 MHz, 1064.00 W, 51
2026/10/08 04:05:42.094, 0, 120 MHz, 3996 MHz, 190.33 W, 43
2026/10/08 04:05:42.094, 1, 120 MHz, 3996 MHz, 194.05 W, 46
2026/10/08 04:05:42.094, 2, 120 MHz, 3996 MHz, 188.01 W, 38
2026/10/08 04:05:42.094, 3, 120 MHz, 3996 MHz, 187.81 W, 38
2026/10/08 04:05:42.094, 4, 2032 MHz, 3996 MHz, 247.64 W, 41
2026/10/08 04:05:42.094, 5, 2032 MHz, 3996 MHz, 239.72 W, 40
2026/10/08 04:05:42.094, 6, 2025 MHz, 3996 MHz, 1093.06 W, 53
2026/10/08 04:05:42.094, 7, 2032 MHz, 3996 MHz, 1065.53 W, 51
2026/10/08 04:05:43.094, 0, 120 MHz, 3996 MHz, 190.29 W, 43
2026/10/08 04:05:43.094, 1, 120 MHz, 3996 MHz, 194.05 W, 46
2026/10/08 04:05:43.094, 2, 120 MHz, 3996 MHz, 188.00 W, 37
2026/10/08 04:05:43.094, 3, 120 MHz, 3996 MHz, 187.77 W, 37
2026/10/08 04:05:43.094, 4, 2032 MHz, 3996 MHz, 247.38 W, 41
2026/10/08 04:05:43.094, 5, 2032 MHz, 3996 MHz, 239.71 W, 40
2026/10/08 04:05:43.094, 6, 2025 MHz, 3996 MHz, 1093.19 W, 54
2026/10/08 04:05:43.094, 7, 2032 MHz, 3996 MHz, 1065.44 W, 51
2026/10/08 04:05:44.095, 0, 120 MHz, 3996 MHz, 190.29 W, 43
2026/10/08 04:05:44.095, 1, 120 MHz, 3996 MHz, 194.05 W, 46
2026/10/08 04:05:44.095, 2, 120 MHz, 3996 MHz, 188.00 W, 37
2026/10/08 04:05:44.095, 3, 120 MHz, 3996 MHz, 187.66 W, 37
2026/10/08 04:05:44.095, 4, 2032 MHz, 3996 MHz, 247.09 W, 41
2026/10/08 04:05:44.095, 5, 2032 MHz, 3996 MHz, 239.97 W, 40
2026/10/08 04:05:44.095, 6, 2017 MHz, 3996 MHz, 1093.06 W, 54
2026/10/08 04:05:44.095, 7, 2032 MHz, 3996 MHz, 1065.45 W, 51
2026/10/08 04:05:45.095, 0, 120 MHz, 3996 MHz, 190.29 W, 43
2026/10/08 04:05:45.095, 1, 120 MHz, 3996 MHz, 194.05 W, 46
2026/10/08 04:05:45.095, 2, 120 MHz, 3996 MHz, 188.01 W, 37
2026/10/08 04:05:45.095, 3, 120 MHz, 3996 MHz, 187.04 W, 37
2026/10/08 04:05:45.095, 4, 2032 MHz, 3996 MHz, 247.13 W, 41
2026/10/08 04:05:45.095, 5, 2032 MHz, 3996 MHz, 239.61 W, 40
2026/10/08 04:05:45.095, 6, 2025 MHz, 3996 MHz, 1093.70 W, 54
2026/10/08 04:05:45.095, 7, 2032 MHz, 3996 MHz, 1065.84 W, 51
2026/10/08 04:05:46.095, 0, 120 MHz, 3996 MHz, 190.29 W, 42
2026/10/08 04:05:46.095, 1, 120 MHz, 3996 MHz, 194.05 W, 45
2026/10/08 04:05:46.095, 2, 120 MHz, 3996 MHz, 188.01 W, 36
2026/10/08 04:05:46.095, 3, 120 MHz, 3996 MHz, 186.90 W, 36
2026/10/08 04:05:46.095, 4, 2032 MHz, 3996 MHz, 247.27 W, 41
2026/10/08 04:05:46.095, 5, 2032 MHz, 3996 MHz, 239.96 W, 40
2026/10/08 04:05:46.095, 6, 2025 MHz, 3996 MHz, 1090.94 W, 54
2026/10/08 04:05:46.095, 7, 2032 MHz, 3996 MHz, 1064.20 W, 51
2026/10/08 04:05:47.096, 0, 120 MHz, 3996 MHz, 190.29 W, 42
2026/10/08 04:05:47.096, 1, 120 MHz, 3996 MHz, 194.05 W, 45
2026/10/08 04:05:47.096, 2, 120 MHz, 3996 MHz, 188.01 W, 36
2026/10/08 04:05:47.096, 3, 120 MHz, 3996 MHz, 186.36 W, 36
2026/10/08 04:05:47.096, 4, 2032 MHz, 3996 MHz, 247.57 W, 41
2026/10/08 04:05:47.096, 5, 2032 MHz, 3996 MHz, 240.44 W, 40
2026/10/08 04:05:47.096, 6, 2025 MHz, 3996 MHz, 1092.79 W, 54
2026/10/08 04:05:47.096, 7, 2032 MHz, 3996 MHz, 1065.09 W, 51
2026/10/08 04:05:48.096, 0, 120 MHz, 3996 MHz, 190.29 W, 42
2026/10/08 04:05:48.096, 1, 120 MHz, 3996 MHz, 194.01 W, 45
2026/10/08 04:05:48.096, 2, 120 MHz, 3996 MHz, 188.00 W, 36
2026/10/08 04:05:48.096, 3, 120 MHz, 3996 MHz, 186.13 W, 36
2026/10/08 04:05:48.096, 4, 2032 MHz, 3996 MHz, 247.17 W, 41
2026/10/08 04:05:48.096, 5, 2032 MHz, 3996 MHz, 240.47 W, 40
2026/10/08 04:05:48.096, 6, 2017 MHz, 3996 MHz, 1090.89 W, 54
2026/10/08 04:05:48.096, 7, 2032 MHz, 3996 MHz, 1067.72 W, 51
2026/10/08 04:05:49.096, 0, 120 MHz, 3996 MHz, 190.29 W, 42
2026/10/08 04:05:49.096, 1, 120 MHz, 3996 MHz, 193.78 W, 45
2026/10/08 04:05:49.096, 2, 120 MHz, 3996 MHz, 188.01 W, 35
2026/10/08 04:05:49.096, 3, 120 MHz, 3996 MHz, 186.05 W, 36
2026/10/08 04:05:49.096, 4, 2032 MHz, 3996 MHz, 247.36 W, 41
2026/10/08 04:05:49.096, 5, 2032 MHz, 3996 MHz, 240.51 W, 40
2026/10/08 04:05:49.096, 6, 2025 MHz, 3996 MHz, 1091.16 W, 54
2026/10/08 04:05:49.096, 7, 2032 MHz, 3996 MHz, 1068.00 W, 51
2026/10/08 04:05:50.097, 0, 120 MHz, 3996 MHz, 190.29 W, 42
2026/10/08 04:05:50.097, 1, 120 MHz, 3996 MHz, 193.26 W, 44
2026/10/08 04:05:50.097, 2, 120 MHz, 3996 MHz, 188.01 W, 35
2026/10/08 04:05:50.097, 3, 120 MHz, 3996 MHz, 186.05 W, 35
2026/10/08 04:05:50.097, 4, 2032 MHz, 3996 MHz, 247.95 W, 41
2026/10/08 04:05:50.097, 5, 2032 MHz, 3996 MHz, 240.46 W, 40
2026/10/08 04:05:50.097, 6, 2017 MHz, 3996 MHz, 1093.05 W, 54
2026/10/08 04:05:50.097, 7, 2032 MHz, 3996 MHz, 1067.96 W, 51
2026/10/08 04:05:51.097, 0, 120 MHz, 3996 MHz, 190.25 W, 41
2026/10/08 04:05:51.097, 1, 120 MHz, 3996 MHz, 192.42 W, 44
2026/10/08 04:05:51.097, 2, 120 MHz, 3996 MHz, 188.01 W, 35
2026/10/08 04:05:51.097, 3, 120 MHz, 3996 MHz, 186.05 W, 35
2026/10/08 04:05:51.097, 4, 2032 MHz, 3996 MHz, 247.99 W, 41
2026/10/08 04:05:51.097, 5, 2032 MHz, 3996 MHz, 240.45 W, 40
2026/10/08 04:05:51.097, 6, 2025 MHz, 3996 MHz, 1090.91 W, 54
2026/10/08 04:05:51.097, 7, 2032 MHz, 3996 MHz, 1067.28 W, 52
2026/10/08 04:05:52.097, 0, 120 MHz, 3996 MHz, 190.18 W, 41
2026/10/08 04:05:52.097, 1, 120 MHz, 3996 MHz, 192.17 W, 44
2026/10/08 04:05:52.097, 2, 120 MHz, 3996 MHz, 187.97 W, 35
2026/10/08 04:05:52.097, 3, 120 MHz, 3996 MHz, 186.05 W, 35
2026/10/08 04:05:52.097, 4, 2032 MHz, 3996 MHz, 248.03 W, 42
2026/10/08 04:05:52.097, 5, 2032 MHz, 3996 MHz, 240.42 W, 40
2026/10/08 04:05:52.097, 6, 2025 MHz, 3996 MHz, 1092.69 W, 54
2026/10/08 04:05:52.097, 7, 2032 MHz, 3996 MHz, 1067.39 W, 52
2026/10/08 04:05:53.098, 0, 120 MHz, 3996 MHz, 189.83 W, 41
2026/10/08 04:05:53.098, 1, 120 MHz, 3996 MHz, 192.11 W, 44
2026/10/08 04:05:53.098, 2, 120 MHz, 3996 MHz, 187.93 W, 34
2026/10/08 04:05:53.098, 3, 120 MHz, 3996 MHz, 186.05 W, 35
2026/10/08 04:05:53.098, 4, 2032 MHz, 3996 MHz, 248.22 W, 42
2026/10/08 04:05:53.098, 5, 2032 MHz, 3996 MHz, 240.50 W, 40
2026/10/08 04:05:53.098, 6, 2017 MHz, 3996 MHz, 1092.17 W, 54
2026/10/08 04:05:53.098, 7, 2032 MHz, 3996 MHz, 1066.78 W, 52
2026/10/08 04:05:54.098, 0, 120 MHz, 3996 MHz, 189.55 W, 41
2026/10/08 04:05:54.098, 1, 120 MHz, 3996 MHz, 192.11 W, 43
2026/10/08 04:05:54.098, 2, 120 MHz, 3996 MHz, 187.47 W, 34
2026/10/08 04:05:54.098, 3, 120 MHz, 3996 MHz, 186.05 W, 34
2026/10/08 04:05:54.098, 4, 2032 MHz, 3996 MHz, 248.19 W, 42
2026/10/08 04:05:54.098, 5, 2032 MHz, 3996 MHz, 259.76 W, 40
2026/10/08 04:05:54.098, 6, 2025 MHz, 3996 MHz, 1090.11 W, 54
2026/10/08 04:05:54.098, 7, 2032 MHz, 3996 MHz, 1068.20 W, 52
2026/10/08 04:05:55.098, 0, 120 MHz, 3996 MHz, 189.15 W, 41
2026/10/08 04:05:55.098, 1, 120 MHz, 3996 MHz, 192.11 W, 43
2026/10/08 04:05:55.098, 2, 120 MHz, 3996 MHz, 186.93 W, 34
2026/10/08 04:05:55.098, 3, 120 MHz, 3996 MHz, 186.05 W, 34
2026/10/08 04:05:55.098, 4, 2032 MHz, 3996 MHz, 248.16 W, 42
2026/10/08 04:05:55.099, 5, 2032 MHz, 3996 MHz, 258.61 W, 40
2026/10/08 04:05:55.099, 6, 2017 MHz, 3996 MHz, 1090.85 W, 54
2026/10/08 04:05:55.099, 7, 2032 MHz, 3996 MHz, 1069.43 W, 52
2026/10/08 04:05:56.099, 0, 120 MHz, 3996 MHz, 188.51 W, 40
2026/10/08 04:05:56.099, 1, 120 MHz, 3996 MHz, 192.11 W, 43
2026/10/08 04:05:56.099, 2, 120 MHz, 3996 MHz, 186.60 W, 34
2026/10/08 04:05:56.099, 3, 120 MHz, 3996 MHz, 186.05 W, 34
2026/10/08 04:05:56.099, 4, 2032 MHz, 3996 MHz, 248.22 W, 42
2026/10/08 04:05:56.099, 5, 2032 MHz, 3996 MHz, 240.56 W, 40
2026/10/08 04:05:56.099, 6, 2017 MHz, 3996 MHz, 1092.55 W, 55
2026/10/08 04:05:56.099, 7, 2032 MHz, 3996 MHz, 1069.98 W, 52
2026/10/08 04:05:57.099, 0, 120 MHz, 3996 MHz, 188.43 W, 40
2026/10/08 04:05:57.099, 1, 120 MHz, 3996 MHz, 192.11 W, 43
2026/10/08 04:05:57.099, 2, 120 MHz, 3996 MHz, 186.20 W, 34
2026/10/08 04:05:57.099, 3, 120 MHz, 3996 MHz, 185.97 W, 34
2026/10/08 04:05:57.099, 4, 2032 MHz, 3996 MHz, 248.22 W, 42
2026/10/08 04:05:57.099, 5, 2032 MHz, 3996 MHz, 240.58 W, 40
2026/10/08 04:05:57.099, 6, 2025 MHz, 3996 MHz, 1091.20 W, 55
2026/10/08 04:05:57.099, 7, 2032 MHz, 3996 MHz, 1069.15 W, 52
2026/10/08 04:05:58.099, 0, 120 MHz, 3996 MHz, 188.35 W, 40
2026/10/08 04:05:58.099, 1, 120 MHz, 3996 MHz, 192.11 W, 43
2026/10/08 04:05:58.099, 2, 120 MHz, 3996 MHz, 186.05 W, 33
2026/10/08 04:05:58.099, 3, 120 MHz, 3996 MHz, 185.70 W, 34
2026/10/08 04:05:58.099, 4, 2032 MHz, 3996 MHz, 252.46 W, 42
2026/10/08 04:05:58.099, 5, 2032 MHz, 3996 MHz, 240.38 W, 40
2026/10/08 04:05:58.099, 6, 2017 MHz, 3996 MHz, 1091.25 W, 55
2026/10/08 04:05:58.099, 7, 2032 MHz, 3996 MHz, 1068.77 W, 52
2026/10/08 04:05:59.100, 0, 120 MHz, 3996 MHz, 188.35 W, 40
2026/10/08 04:05:59.100, 1, 120 MHz, 3996 MHz, 192.11 W, 42
2026/10/08 04:05:59.100, 2, 120 MHz, 3996 MHz, 186.05 W, 33
2026/10/08 04:05:59.100, 3, 120 MHz, 3996 MHz, 185.55 W, 33
2026/10/08 04:05:59.100, 4, 2032 MHz, 3996 MHz, 248.22 W, 42
2026/10/08 04:05:59.100, 5, 2032 MHz, 3996 MHz, 240.46 W, 40
2026/10/08 04:05:59.100, 6, 2017 MHz, 3996 MHz, 1091.73 W, 55
2026/10/08 04:05:59.100, 7, 2032 MHz, 3996 MHz, 1068.84 W, 52
2026/10/08 04:06:00.100, 0, 120 MHz, 3996 MHz, 188.35 W, 40
2026/10/08 04:06:00.100, 1, 120 MHz, 3996 MHz, 192.11 W, 42
2026/10/08 04:06:00.100, 2, 120 MHz, 3996 MHz, 186.05 W, 33
2026/10/08 04:06:00.100, 3, 120 MHz, 3996 MHz, 185.43 W, 33
2026/10/08 04:06:00.100, 4, 2032 MHz, 3996 MHz, 264.65 W, 42
2026/10/08 04:06:00.100, 5, 2032 MHz, 3996 MHz, 240.11 W, 40
2026/10/08 04:06:00.100, 6, 2032 MHz, 3996 MHz, 1066.54 W, 54
2026/10/08 04:06:00.100, 7, 2032 MHz, 3996 MHz, 1026.01 W, 51
2026/10/08 04:06:01.100, 0, 120 MHz, 3996 MHz, 188.35 W, 40
2026/10/08 04:06:01.100, 1, 120 MHz, 3996 MHz, 192.11 W, 42
2026/10/08 04:06:01.100, 2, 120 MHz, 3996 MHz, 186.05 W, 33
2026/10/08 04:06:01.100, 3, 120 MHz, 3996 MHz, 184.99 W, 33
2026/10/08 04:06:01.100, 4, 2032 MHz, 3996 MHz, 248.22 W, 42
2026/10/08 04:06:01.100, 5, 2032 MHz, 3996 MHz, 240.36 W, 40
2026/10/08 04:06:01.101, 6, 2032 MHz, 3996 MHz, 321.29 W, 43
2026/10/08 04:06:01.101, 7, 2032 MHz, 3996 MHz, 269.26 W, 41
2026/10/08 04:06:02.101, 0, 120 MHz, 3996 MHz, 188.35 W, 39
2026/10/08 04:06:02.101, 1, 120 MHz, 3996 MHz, 192.11 W, 42
2026/10/08 04:06:02.101, 2, 120 MHz, 3996 MHz, 186.05 W, 33
2026/10/08 04:06:02.101, 3, 120 MHz, 3996 MHz, 184.68 W, 33
2026/10/08 04:06:02.101, 4, 2032 MHz, 3996 MHz, 248.22 W, 42
2026/10/08 04:06:02.101, 5, 2032 MHz, 3996 MHz, 240.20 W, 40
2026/10/08 04:06:02.101, 6, 2032 MHz, 3996 MHz, 269.01 W, 41
2026/10/08 04:06:02.101, 7, 2032 MHz, 3996 MHz, 257.55 W, 40
2026/10/08 04:06:03.101, 0, 120 MHz, 3996 MHz, 188.35 W, 39
2026/10/08 04:06:03.101, 1, 120 MHz, 3996 MHz, 192.07 W, 42
2026/10/08 04:06:03.101, 2, 120 MHz, 3996 MHz, 186.05 W, 32
2026/10/08 04:06:03.101, 3, 120 MHz, 3996 MHz, 184.52 W, 33
2026/10/08 04:06:03.101, 4, 2032 MHz, 3996 MHz, 248.22 W, 42
2026/10/08 04:06:03.101, 5, 2032 MHz, 3996 MHz, 240.33 W, 40
2026/10/08 04:06:03.101, 6, 2032 MHz, 3996 MHz, 254.79 W, 40
2026/10/08 04:06:03.101, 7, 2032 MHz, 3996 MHz, 244.67 W, 39
2026/10/08 04:06:04.101, 0, 120 MHz, 3996 MHz, 188.35 W, 39
2026/10/08 04:06:04.101, 1, 120 MHz, 3996 MHz, 191.76 W, 41
2026/10/08 04:06:04.101, 2, 120 MHz, 3996 MHz, 186.05 W, 32
2026/10/08 04:06:04.102, 3, 120 MHz, 3996 MHz, 184.17 W, 32
2026/10/08 04:06:04.102, 4, 2032 MHz, 3996 MHz, 248.29 W, 42
2026/10/08 04:06:04.102, 5, 2032 MHz, 3996 MHz, 240.26 W, 40
2026/10/08 04:06:04.102, 6, 2032 MHz, 3996 MHz, 254.39 W, 40
2026/10/08 04:06:04.102, 7, 2032 MHz, 3996 MHz, 244.45 W, 38
2026/10/08 04:06:05.102, 0, 120 MHz, 3996 MHz, 188.35 W, 39
2026/10/08 04:06:05.102, 1, 120 MHz, 3996 MHz, 191.14 W, 41
2026/10/08 04:06:05.102, 2, 120 MHz, 3996 MHz, 186.05 W, 32
2026/10/08 04:06:05.102, 3, 120 MHz, 3996 MHz, 184.17 W, 32
2026/10/08 04:06:05.102, 4, 2032 MHz, 3996 MHz, 248.22 W, 42
2026/10/08 04:06:05.102, 5, 2032 MHz, 3996 MHz, 240.27 W, 40
2026/10/08 04:06:05.102, 6, 2032 MHz, 3996 MHz, 253.92 W, 39
2026/10/08 04:06:05.102, 7, 2032 MHz, 3996 MHz, 243.49 W, 38
2026/10/08 04:06:06.102, 0, 120 MHz, 3996 MHz, 188.35 W, 39
2026/10/08 04:06:06.102, 1, 120 MHz, 3996 MHz, 190.59 W, 41
2026/10/08 04:06:06.102, 2, 120 MHz, 3996 MHz, 186.05 W, 32
2026/10/08 04:06:06.102, 3, 120 MHz, 3996 MHz, 184.09 W, 32
2026/10/08 04:06:06.102, 4, 2032 MHz, 3996 MHz, 248.22 W, 42
2026/10/08 04:06:06.102, 5, 2032 MHz, 3996 MHz, 240.41 W, 40
2026/10/08 04:06:06.102, 6, 2032 MHz, 3996 MHz, 252.59 W, 39
2026/10/08 04:06:06.102, 7, 2032 MHz, 3996 MHz, 242.54 W, 37
2026/10/08 04:06:07.102, 0, 120 MHz, 3996 MHz, 188.35 W, 38
2026/10/08 04:06:07.102, 1, 120 MHz, 3996 MHz, 190.28 W, 41
2026/10/08 04:06:07.102, 2, 120 MHz, 3996 MHz, 186.05 W, 32
2026/10/08 04:06:07.103, 3, 120 MHz, 3996 MHz, 184.09 W, 32
2026/10/08 04:06:07.103, 4, 2032 MHz, 3996 MHz, 248.18 W, 42
2026/10/08 04:06:07.103, 5, 2032 MHz, 3996 MHz, 240.26 W, 40
2026/10/08 04:06:07.103, 6, 2032 MHz, 3996 MHz, 253.05 W, 38
2026/10/08 04:06:07.103, 7, 2032 MHz, 3996 MHz, 243.08 W, 37
