timestamp, index, clocks.current.sm [MHz], clocks.current.memory [MHz], power.draw [W], temperature.gpu
2026/10/08 03:43:22.695, 0, 120 MHz, 3996 MHz, 186.41 W, 36
2026/10/08 03:43:22.699, 1, 120 MHz, 3996 MHz, 188.23 W, 38
2026/10/08 03:43:22.704, 2, 2032 MHz, 3996 MHz, 798.91 W, 46
2026/10/08 03:43:22.710, 3, 2032 MHz, 3996 MHz, 798.66 W, 46
2026/10/08 03:43:22.715, 4, 120 MHz, 3996 MHz, 184.59 W, 35
2026/10/08 03:43:22.718, 5, 120 MHz, 3996 MHz, 183.50 W, 34
2026/10/08 03:43:22.724, 6, 120 MHz, 3996 MHz, 184.83 W, 28
2026/10/08 03:43:22.731, 7, 120 MHz, 3996 MHz, 184.65 W, 27
2026/10/08 03:43:23.737, 0, 120 MHz, 3996 MHz, 186.45 W, 36
2026/10/08 03:43:23.738, 1, 120 MHz, 3996 MHz, 188.23 W, 38
2026/10/08 03:43:23.738, 2, 2032 MHz, 3996 MHz, 808.53 W, 46
2026/10/08 03:43:23.738, 3, 2032 MHz, 3996 MHz, 800.55 W, 46
2026/10/08 03:43:23.738, 4, 120 MHz, 3996 MHz, 184.59 W, 35
2026/10/08 03:43:23.738, 5, 120 MHz, 3996 MHz, 183.26 W, 34
2026/10/08 03:43:23.738, 6, 120 MHz, 3996 MHz, 184.91 W, 28
2026/10/08 03:43:23.738, 7, 120 MHz, 3996 MHz, 184.64 W, 27
2026/10/08 03:43:24.738, 0, 120 MHz, 3996 MHz, 186.45 W, 36
2026/10/08 03:43:24.738, 1, 120 MHz, 3996 MHz, 188.23 W, 38
2026/10/08 03:43:24.738, 2, 1320 MHz, 3996 MHz, 929.15 W, 55
2026/10/08 03:43:24.738, 3, 1335 MHz, 3996 MHz, 962.44 W, 55
2026/10/08 03:43:24.738, 4, 120 MHz, 3996 MHz, 184.59 W, 35
2026/10/08 03:43:24.738, 5, 120 MHz, 3996 MHz, 183.54 W, 34
2026/10/08 03:43:24.738, 6, 120 MHz, 3996 MHz, 184.91 W, 28
2026/10/08 03:43:24.738, 7, 120 MHz, 3996 MHz, 184.62 W, 27
2026/10/08 03:43:25.738, 0, 120 MHz, 3996 MHz, 186.41 W, 36
2026/10/08 03:43:25.738, 1, 120 MHz, 3996 MHz, 188.23 W, 38
2026/10/08 03:43:25.738, 2, 2032 MHz, 3996 MHz, 834.48 W, 46
2026/10/08 03:43:25.738, 3, 2032 MHz, 3996 MHz, 794.70 W, 47
2026/10/08 03:43:25.738, 4, 120 MHz, 3996 MHz, 184.59 W, 35
2026/10/08 03:43:25.738, 5, 120 MHz, 3996 MHz, 184.12 W, 34
2026/10/08 03:43:25.738, 6, 120 MHz, 3996 MHz, 184.91 W, 28
2026/10/08 03:43:25.738, 7, 120 MHz, 3996 MHz, 184.62 W, 27
2026/10/08 03:43:26.738, 0, 120 MHz, 3996 MHz, 186.48 W, 36
2026/10/08 03:43:26.738, 1, 120 MHz, 3996 MHz, 188.23 W, 38
2026/10/08 03:43:26.738, 2, 2032 MHz, 3996 MHz, 799.12 W, 46
2026/10/08 03:43:26.738, 3, 2032 MHz, 3996 MHz, 800.63 W, 46
2026/10/08 03:43:26.738, 4, 120 MHz, 3996 MHz, 184.59 W, 35
2026/10/08 03:43:26.738, 5, 120 MHz, 3996 MHz, 183.93 W, 34
2026/10/08 03:43:26.738, 6, 120 MHz, 3996 MHz, 185.03 W, 28
2026/10/08 03:43:26.738, 7, 120 MHz, 3996 MHz, 185.15 W, 27
2026/10/08 03:43:27.738, 0, 120 MHz, 3996 MHz, 186.41 W, 36
2026/10/08 03:43:27.738, 1, 120 MHz, 3996 MHz, 188.23 W, 38
2026/10/08 03:43:27.739, 2, 2032 MHz, 3996 MHz, 803.12 W, 46
2026/10/08 03:43:27.739, 3, 2032 MHz, 3996 MHz, 805.37 W, 47
2026/10/08 03:43:27.739, 4, 120 MHz, 3996 MHz, 184.59 W, 35
2026/10/08 03:43:27.739, 5, 120 MHz, 3996 MHz, 183.60 W, 34
2026/10/08 03:43:27.739, 6, 120 MHz, 3996 MHz, 186.24 W, 28
2026/10/08 03:43:27.739, 7, 120 MHz, 3996 MHz, 186.38 W, 27
2026/10/08 03:43:28.739, 0, 120 MHz, 3996 MHz, 186.41 W, 36
2026/10/08 03:43:28.739, 1, 120 MHz, 3996 MHz, 188.23 W, 38
2026/10/08 03:43:28.739, 2, 2032 MHz, 3996 MHz, 783.56 W, 44
2026/10/08 03:43:28.739, 3, 2032 MHz, 3996 MHz, 685.28 W, 43
2026/10/08 03:43:28.739, 4, 120 MHz, 3996 MHz, 184.59 W, 35
2026/10/08 03:43:28.739, 5, 120 MHz, 3996 MHz, 183.32 W, 34
2026/10/08 03:43:28.739, 6, 120 MHz, 3996 MHz, 186.59 W, 28
2026/10/08 03:43:28.739, 7, 120 MHz, 3996 MHz, 185.85 W, 27
2026/10/08 03:43:29.739, 0, 120 MHz, 3996 MHz, 186.41 W, 36
2026/10/08 03:43:29.739, 1, 120 MHz, 3996 MHz, 188.23 W, 38
2026/10/08 03:43:29.739, 2, 2032 MHz, 3996 MHz, 244.07 W, 39
2026/10/08 03:43:29.739, 3, 2032 MHz, 3996 MHz, 249.07 W, 39
2026/10/08 03:43:29.739, 4, 120 MHz, 3996 MHz, 184.59 W, 35
2026/10/08 03:43:29.739, 5, 120 MHz, 3996 MHz, 183.42 W, 34
2026/10/08 03:43:29.739, 6, 120 MHz, 3996 MHz, 185.77 W, 28
2026/10/08 03:43:29.739, 7, 120 MHz, 3996 MHz, 184.76 W, 27
2026/10/08 03:43:30.739, 0, 120 MHz, 3996 MHz, 186.41 W, 36
2026/10/08 03:43:30.739, 1, 120 MHz, 3996 MHz, 188.23 W, 38
2026/10/08 03:43:30.739, 2, 2032 MHz, 3996 MHz, 253.02 W, 38
2026/10/08 03:43:30.739, 3, 2032 MHz, 3996 MHz, 248.99 W, 38
2026/10/08 03:43:30.739, 4, 120 MHz, 3996 MHz, 184.59 W, 35
2026/10/08 03:43:30.739, 5, 120 MHz, 3996 MHz, 183.27 W, 33
2026/10/08 03:43:30.739, 6, 120 MHz, 3996 MHz, 185.29 W, 28
2026/10/08 03:43:30.739, 7, 120 MHz, 3996 MHz, 184.66 W, 27
2026/10/08 03:43:31.740, 0, 120 MHz, 3996 MHz, 186.52 W, 37
2026/10/08 03:43:31.740, 1, 120 MHz, 3996 MHz, 188.23 W, 38
2026/10/08 03:43:31.740, 2, 2032 MHz, 3996 MHz, 240.55 W, 37
2026/10/08 03:43:31.740, 3, 2032 MHz, 3996 MHz, 241.24 W, 38
2026/10/08 03:43:31.740, 4, 120 MHz, 3996 MHz, 184.59 W, 35
2026/10/08 03:43:31.740, 5, 120 MHz, 3996 MHz, 183.48 W, 33
2026/10/08 03:43:31.740, 6, 120 MHz, 3996 MHz, 185.48 W, 28
2026/10/08 03:43:31.740, 7, 120 MHz, 3996 MHz, 184.92 W, 27
2026/10/08 03:43:32.740, 0, 120 MHz, 3996 MHz, 186.41 W, 37
2026/10/08 03:43:32.740, 1, 120 MHz, 3996 MHz, 188.23 W, 38
2026/10/08 03:43:32.740, 2, 2032 MHz, 3996 MHz, 240.46 W, 37
2026/10/08 03:43:32.740, 3, 2032 MHz, 3996 MHz, 240.57 W, 37
2026/10/08 03:43:32.740, 4, 120 MHz, 3996 MHz, 184.59 W, 35
2026/10/08 03:43:32.740, 5, 120 MHz, 3996 MHz, 182.96 W, 33
2026/10/08 03:43:32.740, 6, 120 MHz, 3996 MHz, 185.02 W, 28
2026/10/08 03:43:32.740, 7, 120 MHz, 3996 MHz, 184.69 W, 27
2026/10/08 03:43:33.740, 0, 120 MHz, 3996 MHz, 186.41 W, 37
2026/10/08 03:43:33.740, 1, 120 MHz, 3996 MHz, 188.23 W, 38
2026/10/08 03:43:33.740, 2, 2032 MHz, 3996 MHz, 240.11 W, 37
2026/10/08 03:43:33.740, 3, 2032 MHz, 3996 MHz, 240.57 W, 37
2026/10/08 03:43:33.740, 4, 120 MHz, 3996 MHz, 184.58 W, 35
2026/10/08 03:43:33.740, 5, 120 MHz, 3996 MHz, 183.34 W, 33
2026/10/08 03:43:33.740, 6, 120 MHz, 3996 MHz, 185.10 W, 28
2026/10/08 03:43:33.740, 7, 120 MHz, 3996 MHz, 184.60 W, 27
2026/10/08 03:43:34.740, 0, 120 MHz, 3996 MHz, 186.41 W, 37
2026/10/08 03:43:34.740, 1, 120 MHz, 3996 MHz, 188.23 W, 38
2026/10/08 03:43:34.740, 2, 2032 MHz, 3996 MHz, 239.68 W, 36
2026/10/08 03:43:34.740, 3, 2032 MHz, 3996 MHz, 240.68 W, 37
2026/10/08 03:43:34.740, 4, 120 MHz, 3996 MHz, 184.59 W, 35
2026/10/08 03:43:34.740, 5, 120 MHz, 3996 MHz, 183.38 W, 33
2026/10/08 03:43:34.740, 6, 120 MHz, 3996 MHz, 184.95 W, 28
2026/10/08 03:43:34.740, 7, 120 MHz, 3996 MHz, 184.59 W, 27
2026/10/08 03:43:35.741, 0, 120 MHz, 3996 MHz, 186.41 W, 37
2026/10/08 03:43:35.741, 1, 120 MHz, 3996 MHz, 188.23 W, 38
2026/10/08 03:43:35.741, 2, 2032 MHz, 3996 MHz, 240.24 W, 36
2026/10/08 03:43:35.741, 3, 2032 MHz, 3996 MHz, 240.53 W, 36
2026/10/08 03:43:35.741, 4, 120 MHz, 3996 MHz, 184.58 W, 35
2026/10/08 03:43:35.741, 5, 120 MHz, 3996 MHz, 183.14 W, 33
2026/10/08 03:43:35.741, 6, 120 MHz, 3996 MHz, 184.95 W, 28
2026/10/08 03:43:35.741, 7, 120 MHz, 3996 MHz, 184.60 W, 27
2026/10/08 03:43:36.741, 0, 120 MHz, 3996 MHz, 186.41 W, 37
2026/10/08 03:43:36.741, 1, 120 MHz, 3996 MHz, 188.23 W, 38
2026/10/08 03:43:36.741, 2, 2032 MHz, 3996 MHz, 239.17 W, 36
2026/10/08 03:43:36.741, 3, 412 MHz, 3996 MHz, 233.19 W, 36
2026/10/08 03:43:36.741, 4, 120 MHz, 3996 MHz, 184.59 W, 35
2026/10/08 03:43:36.741, 5, 120 MHz, 3996 MHz, 183.23 W, 33
2026/10/08 03:43:36.741, 6, 120 MHz, 3996 MHz, 185.10 W, 28
2026/10/08 03:43:36.741, 7, 120 MHz, 3996 MHz, 184.60 W, 27
2026/10/08 03:43:37.741, 0, 120 MHz, 3996 MHz, 186.41 W, 37
2026/10/08 03:43:37.741, 1, 120 MHz, 3996 MHz, 188.23 W, 38
2026/10/08 03:43:37.741, 2, 322 MHz, 3996 MHz, 205.28 W, 35
2026/10/08 03:43:37.741, 3, 262 MHz, 3996 MHz, 186.73 W, 35
2026/10/08 03:43:37.741, 4, 120 MHz, 3996 MHz, 184.59 W, 35
2026/10/08 03:43:37.741, 5, 120 MHz, 3996 MHz, 182.96 W, 33
2026/10/08 03:43:37.741, 6, 120 MHz, 3996 MHz, 185.03 W, 28
2026/10/08 03:43:37.741, 7, 120 MHz, 3996 MHz, 184.64 W, 27
2026/10/08 03:43:38.742, 0, 120 MHz, 3996 MHz, 186.41 W, 37
2026/10/08 03:43:38.742, 1, 120 MHz, 3996 MHz, 188.23 W, 38
2026/10/08 03:43:38.742, 2, 202 MHz, 3996 MHz, 187.97 W, 34
2026/10/08 03:43:38.742, 3, 165 MHz, 3996 MHz, 186.05 W, 34
2026/10/08 03:43:38.742, 4, 120 MHz, 3996 MHz, 184.59 W, 35
2026/10/08 03:43:38.742, 5, 120 MHz, 3996 MHz, 183.10 W, 33
2026/10/08 03:43:38.742, 6, 120 MHz, 3996 MHz, 184.95 W, 28
2026/10/08 03:43:38.742, 7, 120 MHz, 3996 MHz, 184.63 W, 27
2026/10/08 03:43:39.742, 0, 120 MHz, 3996 MHz, 186.41 W, 37
2026/10/08 03:43:39.742, 1, 120 MHz, 3996 MHz, 188.23 W, 38
2026/10/08 03:43:39.742, 2, 135 MHz, 3996 MHz, 187.18 W, 34
2026/10/08 03:43:39.742, 3, 120 MHz, 3996 MHz, 185.14 W, 34
2026/10/08 03:43:39.742, 4, 120 MHz, 3996 MHz, 184.59 W, 35
2026/10/08 03:43:39.742, 5, 120 MHz, 3996 MHz, 183.27 W, 33
2026/10/08 03:43:39.742, 6, 120 MHz, 3996 MHz, 184.95 W, 28
2026/10/08 03:43:39.742, 7, 120 MHz, 3996 MHz, 184.63 W, 27
2026/10/08 03:43:40.742, 0, 120 MHz, 3996 MHz, 186.45 W, 37
2026/10/08 03:43:40.742, 1, 120 MHz, 3996 MHz, 188.23 W, 38
2026/10/08 03:43:40.742, 2, 120 MHz, 3996 MHz, 186.17 W, 34
2026/10/08 03:43:40.742, 3, 120 MHz, 3996 MHz, 185.20 W, 34
2026/10/08 03:43:40.742, 4, 120 MHz, 3996 MHz, 184.59 W, 35
2026/10/08 03:43:40.742, 5, 120 MHz, 3996 MHz, 183.19 W, 33
2026/10/08 03:43:40.742, 6, 120 MHz, 3996 MHz, 185.03 W, 28
2026/10/08 03:43:40.742, 7, 120 MHz, 3996 MHz, 184.62 W, 27
2026/10/08 03:43:41.742, 0, 120 MHz, 3996 MHz, 186.41 W, 37
2026/10/08 03:43:41.743, 1, 120 MHz, 3996 MHz, 188.23 W, 38
2026/10/08 03:43:41.743, 2, 120 MHz, 3996 MHz, 186.05 W, 34
2026/10/08 03:43:41.743, 3, 120 MHz, 3996 MHz, 185.86 W, 34
2026/10/08 03:43:41.743, 4, 120 MHz, 3996 MHz, 184.59 W, 34
2026/10/08 03:43:41.743, 5, 120 MHz, 3996 MHz, 183.39 W, 33
2026/10/08 03:43:41.743, 6, 120 MHz, 3996 MHz, 184.87 W, 28
2026/10/08 03:43:41.743, 7, 120 MHz, 3996 MHz, 184.64 W, 27
2026/10/08 03:43:42.743, 0, 120 MHz, 3996 MHz, 186.41 W, 37
2026/10/08 03:43:42.743, 1, 120 MHz, 3996 MHz, 188.23 W, 38
2026/10/08 03:43:42.743, 2, 120 MHz, 3996 MHz, 186.05 W, 33
2026/10/08 03:43:42.743, 3, 120 MHz, 3996 MHz, 185.73 W, 33
2026/10/08 03:43:42.743, 4, 120 MHz, 3996 MHz, 184.59 W, 34
2026/10/08 03:43:42.743, 5, 120 MHz, 3996 MHz, 182.92 W, 33
2026/10/08 03:43:42.743, 6, 120 MHz, 3996 MHz, 184.83 W, 28
2026/10/08 03:43:42.743, 7, 120 MHz, 3996 MHz, 184.72 W, 27
2026/10/08 03:43:43.743, 0, 120 MHz, 3996 MHz, 186.41 W, 37
2026/10/08 03:43:43.743, 1, 120 MHz, 3996 MHz, 188.23 W, 38
2026/10/08 03:43:43.743, 2, 120 MHz, 3996 MHz, 186.09 W, 33
2026/10/08 03:43:43.743, 3, 120 MHz, 3996 MHz, 185.16 W, 33
2026/10/08 03:43:43.743, 4, 120 MHz, 3996 MHz, 184.59 W, 34
2026/10/08 03:43:43.743, 5, 120 MHz, 3996 MHz, 182.88 W, 33
2026/10/08 03:43:43.743, 6, 120 MHz, 3996 MHz, 184.83 W, 28
2026/10/08 03:43:43.743, 7, 120 MHz, 3996 MHz, 184.63 W, 27
2026/10/08 03:43:44.743, 0, 120 MHz, 3996 MHz, 186.41 W, 37
2026/10/08 03:43:44.743, 1, 120 MHz, 3996 MHz, 188.23 W, 38
2026/10/08 03:43:44.743, 2, 120 MHz, 3996 MHz, 186.05 W, 33
2026/10/08 03:43:44.743, 3, 120 MHz, 3996 MHz, 184.36 W, 33
2026/10/08 03:43:44.743, 4, 120 MHz, 3996 MHz, 184.59 W, 34
2026/10/08 03:43:44.743, 5, 120 MHz, 3996 MHz, 182.96 W, 33
2026/10/08 03:43:44.743, 6, 120 MHz, 3996 MHz, 184.83 W, 28
2026/10/08 03:43:44.743, 7, 120 MHz, 3996 MHz, 184.63 W, 27
2026/10/08 03:43:45.744, 0, 120 MHz, 3996 MHz, 186.41 W, 37
2026/10/08 03:43:45.744, 1, 120 MHz, 3996 MHz, 188.23 W, 38
2026/10/08 03:43:45.744, 2, 120 MHz, 3996 MHz, 186.05 W, 33
2026/10/08 03:43:45.744, 3, 120 MHz, 3996 MHz, 184.25 W, 33
2026/10/08 03:43:45.744, 4, 120 MHz, 3996 MHz, 184.59 W, 34
2026/10/08 03:43:45.744, 5, 120 MHz, 3996 MHz, 182.80 W, 33
2026/10/08 03:43:45.744, 6, 120 MHz, 3996 MHz, 184.83 W, 28
2026/10/08 03:43:45.744, 7, 120 MHz, 3996 MHz, 184.62 W, 27
2026/10/08 03:43:46.744, 0, 120 MHz, 3996 MHz, 186.41 W, 36
2026/10/08 03:43:46.744, 1, 120 MHz, 3996 MHz, 188.23 W, 38
2026/10/08 03:43:46.744, 2, 120 MHz, 3996 MHz, 186.05 W, 33
2026/10/08 03:43:46.744, 3, 120 MHz, 3996 MHz, 184.09 W, 33
2026/10/08 03:43:46.744, 4, 120 MHz, 3996 MHz, 184.59 W, 34
2026/10/08 03:43:46.744, 5, 120 MHz, 3996 MHz, 182.65 W, 33
2026/10/08 03:43:46.744, 6, 120 MHz, 3996 MHz, 184.83 W, 28
2026/10/08 03:43:46.744, 7, 120 MHz, 3996 MHz, 184.62 W, 27
2026/10/08 03:43:47.744, 0, 120 MHz, 3996 MHz, 186.41 W, 36
2026/10/08 03:43:47.744, 1, 120 MHz, 3996 MHz, 188.23 W, 38
2026/10/08 03:43:47.744, 2, 120 MHz, 3996 MHz, 186.05 W, 32
2026/10/08 03:43:47.744, 3, 120 MHz, 3996 MHz, 184.09 W, 33
2026/10/08 03:43:47.744, 4, 120 MHz, 3996 MHz, 184.58 W, 34
2026/10/08 03:43:47.744, 5, 120 MHz, 3996 MHz, 182.69 W, 33
2026/10/08 03:43:47.744, 6, 120 MHz, 3996 MHz, 184.83 W, 28
2026/10/08 03:43:47.744, 7, 120 MHz, 3996 MHz, 184.63 W, 27
2026/10/08 03:43:48.745, 0, 120 MHz, 3996 MHz, 186.41 W, 36
2026/10/08 03:43:48.745, 1, 120 MHz, 3996 MHz, 188.23 W, 38
2026/10/08 03:43:48.745, 2, 120 MHz, 3996 MHz, 186.05 W, 32
2026/10/08 03:43:48.745, 3, 120 MHz, 3996 MHz, 184.09 W, 32
2026/10/08 03:43:48.745, 4, 120 MHz, 3996 MHz, 184.59 W, 34
2026/10/08 03:43:48.745, 5, 120 MHz, 3996 MHz, 182.65 W, 33
2026/10/08 03:43:48.745, 6, 120 MHz, 3996 MHz, 184.83 W, 28
2026/10/08 03:43:48.745, 7, 120 MHz, 3996 MHz, 184.65 W, 27
2026/10/08 03:43:49.745, 0, 120 MHz, 3996 MHz, 186.41 W, 36
2026/10/08 03:43:49.745, 1, 120 MHz, 3996 MHz, 188.23 W, 38
2026/10/08 03:43:49.745, 2, 120 MHz, 3996 MHz, 186.05 W, 32
2026/10/08 03:43:49.745, 3, 120 MHz, 3996 MHz, 184.09 W, 32
2026/10/08 03:43:49.745, 4, 120 MHz, 3996 MHz, 184.59 W, 34
2026/10/08 03:43:49.745, 5, 120 MHz, 3996 MHz, 182.65 W, 33
2026/10/08 03:43:49.745, 6, 120 MHz, 3996 MHz, 184.83 W, 28
2026/10/08 03:43:49.745, 7, 120 MHz, 3996 MHz, 184.61 W, 27
2026/10/08 03:43:50.746, 0, 120 MHz, 3996 MHz, 186.41 W, 36
2026/10/08 03:43:50.746, 1, 120 MHz, 3996 MHz, 188.23 W, 38
2026/10/08 03:43:50.746, 2, 120 MHz, 3996 MHz, 186.05 W, 32
2026/10/08 03:43:50.746, 3, 120 MHz, 3996 MHz, 184.09 W, 32
2026/10/08 03:43:50.747, 4, 120 MHz, 3996 MHz, 184.59 W, 34
2026/10/08 03:43:50.747, 5, 120 MHz, 3996 MHz, 182.65 W, 33
2026/10/08 03:43:50.747, 6, 120 MHz, 3996 MHz, 184.83 W, 28
2026/10/08 03:43:50.747, 7, 120 MHz, 3996 MHz, 184.62 W, 27
2026/10/08 03:43:51.747, 0, 120 MHz, 3996 MHz, 186.41 W, 36
2026/10/08 03:43:51.747, 1, 120 MHz, 3996 MHz, 188.23 W, 38
2026/10/08 03:43:51.747, 2, 120 MHz, 3996 MHz, 186.05 W, 32
2026/10/08 03:43:51.747, 3, 120 MHz, 3996 MHz, 184.09 W, 32
2026/10/08 03:43:51.747, 4, 120 MHz, 3996 MHz, 184.59 W, 34
2026/10/08 03:43:51.747, 5, 120 MHz, 3996 MHz, 182.64 W, 33
2026/10/08 03:43:51.747, 6, 120 MHz, 3996 MHz, 184.83 W, 28
2026/10/08 03:43:51.747, 7, 120 MHz, 3996 MHz, 184.61 W, 27
2026/10/08 03:43:52.747, 0, 120 MHz, 3996 MHz, 186.41 W, 36
2026/10/08 03:43:52.747, 1, 120 MHz, 3996 MHz, 188.23 W, 38
2026/10/08 03:43:52.747, 2, 120 MHz, 3996 MHz, 186.05 W, 32
2026/10/08 03:43:52.747, 3, 120 MHz, 3996 MHz, 184.09 W, 32
2026/10/08 03:43:52.747, 4, 2032 MHz, 3996 MHz, 225.97 W, 35
2026/10/08 03:43:52.747, 5, 120 MHz, 3996 MHz, 182.57 W, 33
2026/10/08 03:43:52.747, 6, 120 MHz, 3996 MHz, 184.83 W, 28
2026/10/08 03:43:52.747, 7, 120 MHz, 3996 MHz, 184.60 W, 27
2026/10/08 03:43:53.747, 0, 120 MHz, 3996 MHz, 186.41 W, 36
2026/10/08 03:43:53.747, 1, 120 MHz, 3996 MHz, 188.23 W, 38
2026/10/08 03:43:53.747, 2, 120 MHz, 3996 MHz, 186.05 W, 32
2026/10/08 03:43:53.747, 3, 120 MHz, 3996 MHz, 184.09 W, 32
2026/10/08 03:43:53.747, 4, 2032 MHz, 3996 MHz, 242.60 W, 35
2026/10/08 03:43:53.747, 5, 120 MHz, 3996 MHz, 182.52 W, 33
2026/10/08 03:43:53.747, 6, 120 MHz, 3996 MHz, 184.78 W, 28
2026/10/08 03:43:53.747, 7, 2032 MHz, 3996 MHz, 208.49 W, 27
2026/10/08 03:43:54.748, 0, 120 MHz, 3996 MHz, 186.41 W, 36
2026/10/08 03:43:54.748, 1, 120 MHz, 3996 MHz, 188.23 W, 38
2026/10/08 03:43:54.748, 2, 120 MHz, 3996 MHz, 186.05 W, 31
2026/10/08 03:43:54.748, 3, 120 MHz, 3996 MHz, 184.09 W, 32
2026/10/08 03:43:54.748, 4, 2032 MHz, 3996 MHz, 242.56 W, 35
2026/10/08 03:43:54.748, 5, 120 MHz, 3996 MHz, 182.52 W, 33
2026/10/08 03:43:54.748, 6, 120 MHz, 3996 MHz, 184.71 W, 28
2026/10/08 03:43:54.748, 7, 2032 MHz, 3996 MHz, 234.99 W, 28
2026/10/08 03:43:55.748, 0, 120 MHz, 3996 MHz, 186.41 W, 36
2026/10/08 03:43:55.748, 1, 120 MHz, 3996 MHz, 188.23 W, 38
2026/10/08 03:43:55.748, 2, 120 MHz, 3996 MHz, 186.05 W, 31
2026/10/08 03:43:55.748, 3, 120 MHz, 3996 MHz, 184.09 W, 31
2026/10/08 03:43:55.748, 4, 2032 MHz, 3996 MHz, 242.56 W, 35
2026/10/08 03:43:55.748, 5, 120 MHz, 3996 MHz, 182.52 W, 33
2026/10/08 03:43:55.748, 6, 2032 MHz, 3996 MHz, 188.24 W, 28
2026/10/08 03:43:55.748, 7, 2032 MHz, 3996 MHz, 234.93 W, 28
2026/10/08 03:43:56.748, 0, 120 MHz, 3996 MHz, 186.41 W, 36
2026/10/08 03:43:56.748, 1, 120 MHz, 3996 MHz, 188.23 W, 38
2026/10/08 03:43:56.748, 2, 120 MHz, 3996 MHz, 186.05 W, 31
2026/10/08 03:43:56.748, 3, 120 MHz, 3996 MHz, 184.09 W, 31
2026/10/08 03:43:56.748, 4, 2032 MHz, 3996 MHz, 243.89 W, 35
2026/10/08 03:43:56.748, 5, 2032 MHz, 3996 MHz, 192.01 W, 33
2026/10/08 03:43:56.748, 6, 2032 MHz, 3996 MHz, 244.82 W, 29
2026/10/08 03:43:56.748, 7, 2032 MHz, 3996 MHz, 234.80 W, 28
2026/10/08 03:43:57.748, 0, 120 MHz, 3996 MHz, 186.41 W, 36
2026/10/08 03:43:57.749, 1, 120 MHz, 3996 MHz, 188.23 W, 38
2026/10/08 03:43:57.749, 2, 120 MHz, 3996 MHz, 186.01 W, 31
2026/10/08 03:43:57.749, 3, 120 MHz, 3996 MHz, 184.09 W, 31
2026/10/08 03:43:57.749, 4, 2032 MHz, 3996 MHz, 244.30 W, 35
2026/10/08 03:43:57.749, 5, 2032 MHz, 3996 MHz, 234.93 W, 34
2026/10/08 03:43:57.749, 6, 2032 MHz, 3996 MHz, 244.82 W, 29
2026/10/08 03:43:57.749, 7, 2032 MHz, 3996 MHz, 234.80 W, 28
2026/10/08 03:43:58.749, 0, 120 MHz, 3996 MHz, 186.41 W, 36
2026/10/08 03:43:58.749, 1, 120 MHz, 3996 MHz, 188.23 W, 38
2026/10/08 03:43:58.749, 2, 120 MHz, 3996 MHz, 185.97 W, 31
2026/10/08 03:43:58.749, 3, 120 MHz, 3996 MHz, 184.05 W, 31
2026/10/08 03:43:58.749, 4, 2032 MHz, 3996 MHz, 244.22 W, 35
2026/10/08 03:43:58.749, 5, 2032 MHz, 3996 MHz, 235.06 W, 34
2026/10/08 03:43:58.749, 6, 2032 MHz, 3996 MHz, 244.82 W, 29
2026/10/08 03:43:58.749, 7, 2032 MHz, 3996 MHz, 234.95 W, 28
2026/10/08 03:43:59.749, 0, 120 MHz, 3996 MHz, 186.41 W, 36
2026/10/08 03:43:59.749, 1, 120 MHz, 3996 MHz, 188.23 W, 38
2026/10/08 03:43:59.749, 2, 120 MHz, 3996 MHz, 185.97 W, 31
2026/10/08 03:43:59.749, 3, 120 MHz, 3996 MHz, 184.05 W, 31
2026/10/08 03:43:59.749, 4, 2032 MHz, 3996 MHz, 244.30 W, 36
2026/10/08 03:43:59.749, 5, 2032 MHz, 3996 MHz, 234.93 W, 34
2026/10/08 03:43:59.749, 6, 2032 MHz, 3996 MHz, 244.82 W, 29
2026/10/08 03:43:59.749, 7, 2032 MHz, 3996 MHz, 235.54 W, 28
2026/10/08 03:44:00.749, 0, 120 MHz, 3996 MHz, 186.33 W, 36
2026/10/08 03:44:00.749, 1, 120 MHz, 3996 MHz, 188.19 W, 38
2026/10/08 03:44:00.749, 2, 120 MHz, 3996 MHz, 185.81 W, 31
2026/10/08 03:44:00.749, 3, 120 MHz, 3996 MHz, 184.09 W, 31
2026/10/08 03:44:00.749, 4, 2032 MHz, 3996 MHz, 244.30 W, 36
2026/10/08 03:44:00.749, 5, 2032 MHz, 3996 MHz, 235.21 W, 34
2026/10/08 03:44:00.749, 6, 2032 MHz, 3996 MHz, 244.82 W, 29
2026/10/08 03:44:00.749, 7, 2032 MHz, 3996 MHz, 235.63 W, 28
2026/10/08 03:44:01.749, 0, 120 MHz, 3996 MHz, 186.33 W, 36
2026/10/08 03:44:01.750, 1, 120 MHz, 3996 MHz, 188.23 W, 38
2026/10/08 03:44:01.750, 2, 120 MHz, 3996 MHz, 186.01 W, 31
2026/10/08 03:44:01.750, 3, 120 MHz, 3996 MHz, 184.09 W, 31
2026/10/08 03:44:01.750, 4, 2032 MHz, 3996 MHz, 243.39 W, 36
2026/10/08 03:44:01.750, 5, 2032 MHz, 3996 MHz, 235.78 W, 34
2026/10/08 03:44:01.750, 6, 2032 MHz, 3996 MHz, 244.82 W, 29
2026/10/08 03:44:01.750, 7, 2032 MHz, 3996 MHz, 234.95 W, 28
2026/10/08 03:44:02.750, 0, 120 MHz, 3996 MHz, 186.41 W, 36
2026/10/08 03:44:02.750, 1, 120 MHz, 3996 MHz, 188.11 W, 38
2026/10/08 03:44:02.750, 2, 120 MHz, 3996 MHz, 185.85 W, 31
2026/10/08 03:44:02.750, 3, 120 MHz, 3996 MHz, 184.09 W, 31
2026/10/08 03:44:02.750, 4, 2032 MHz, 3996 MHz, 243.25 W, 36
2026/10/08 03:44:02.750, 5, 2032 MHz, 3996 MHz, 235.61 W, 34
2026/10/08 03:44:02.750, 6, 2032 MHz, 3996 MHz, 244.82 W, 29
2026/10/08 03:44:02.750, 7, 2032 MHz, 3996 MHz, 234.99 W, 28
2026/10/08 03:44:03.750, 0, 120 MHz, 3996 MHz, 186.41 W, 36
2026/10/08 03:44:03.750, 1, 120 MHz, 3996 MHz, 188.11 W, 37
2026/10/08 03:44:03.750, 2, 120 MHz, 3996 MHz, 185.35 W, 31
2026/10/08 03:44:03.750, 3, 120 MHz, 3996 MHz, 184.09 W, 31
2026/10/08 03:44:03.750, 4, 2032 MHz, 3996 MHz, 244.30 W, 36
2026/10/08 03:44:03.750, 5, 2032 MHz, 3996 MHz, 235.10 W, 34
2026/10/08 03:44:03.750, 6, 2032 MHz, 3996 MHz, 244.82 W, 29
2026/10/08 03:44:03.750, 7, 2032 MHz, 3996 MHz, 235.03 W, 28
2026/10/08 03:44:04.750, 0, 120 MHz, 3996 MHz, 186.41 W, 36
2026/10/08 03:44:04.750, 1, 120 MHz, 3996 MHz, 187.85 W, 37
2026/10/08 03:44:04.750, 2, 120 MHz, 3996 MHz, 185.24 W, 31
2026/10/08 03:44:04.750, 3, 120 MHz, 3996 MHz, 184.09 W, 31
2026/10/08 03:44:04.750, 4, 2032 MHz, 3996 MHz, 244.38 W, 36
2026/10/08 03:44:04.750, 5, 2032 MHz, 3996 MHz, 235.28 W, 34
2026/10/08 03:44:04.750, 6, 2032 MHz, 3996 MHz, 244.82 W, 29
2026/10/08 03:44:04.750, 7, 2032 MHz, 3996 MHz, 235.14 W, 28
2026/10/08 03:44:05.751, 0, 120 MHz, 3996 MHz, 186.41 W, 35
2026/10/08 03:44:05.751, 1, 120 MHz, 3996 MHz, 188.23 W, 37
2026/10/08 03:44:05.751, 2, 120 MHz, 3996 MHz, 185.32 W, 30
2026/10/08 03:44:05.751, 3, 2032 MHz, 3996 MHz, 210.93 W, 31
2026/10/08 03:44:05.751, 4, 2032 MHz, 3996 MHz, 261.68 W, 36
2026/10/08 03:44:05.751, 5, 2032 MHz, 3996 MHz, 235.29 W, 34
2026/10/08 03:44:05.751, 6, 2032 MHz, 3996 MHz, 244.82 W, 29
2026/10/08 03:44:05.751, 7, 2032 MHz, 3996 MHz, 235.22 W, 28
2026/10/08 03:44:06.751, 0, 120 MHz, 3996 MHz, 186.41 W, 35
2026/10/08 03:44:06.751, 1, 120 MHz, 3996 MHz, 188.23 W, 37
2026/10/08 03:44:06.751, 2, 120 MHz, 3996 MHz, 185.61 W, 30
2026/10/08 03:44:06.751, 3, 2032 MHz, 3996 MHz, 236.01 W, 32
2026/10/08 03:44:06.751, 4, 2032 MHz, 3996 MHz, 243.29 W, 36
2026/10/08 03:44:06.751, 5, 2032 MHz, 3996 MHz, 235.31 W, 34
2026/10/08 03:44:06.751, 6, 2032 MHz, 3996 MHz, 244.82 W, 30
2026/10/08 03:44:06.751, 7, 2032 MHz, 3996 MHz, 235.18 W, 28
2026/10/08 03:44:07.751, 0, 120 MHz, 3996 MHz, 186.41 W, 35
2026/10/08 03:44:07.751, 1, 120 MHz, 3996 MHz, 188.23 W, 37
2026/10/08 03:44:07.751, 2, 120 MHz, 3996 MHz, 185.69 W, 30
2026/10/08 03:44:07.751, 3, 2032 MHz, 3996 MHz, 236.81 W, 32
2026/10/08 03:44:07.751, 4, 2032 MHz, 3996 MHz, 242.44 W, 36
2026/10/08 03:44:07.751, 5, 2032 MHz, 3996 MHz, 235.63 W, 34
2026/10/08 03:44:07.751, 6, 2032 MHz, 3996 MHz, 244.82 W, 30
2026/10/08 03:44:07.751, 7, 2032 MHz, 3996 MHz, 234.84 W, 28
2026/10/08 03:44:08.751, 0, 120 MHz, 3996 MHz, 186.41 W, 35
2026/10/08 03:44:08.751, 1, 120 MHz, 3996 MHz, 188.23 W, 37
2026/10/08 03:44:08.752, 2, 120 MHz, 3996 MHz, 185.12 W, 30
2026/10/08 03:44:08.752, 3, 2032 MHz, 3996 MHz, 237.32 W, 32
2026/10/08 03:44:08.752, 4, 2032 MHz, 3996 MHz, 242.52 W, 36
2026/10/08 03:44:08.752, 5, 2032 MHz, 3996 MHz, 235.46 W, 34
2026/10/08 03:44:08.752, 6, 2032 MHz, 3996 MHz, 244.82 W, 30
2026/10/08 03:44:08.752, 7, 2032 MHz, 3996 MHz, 234.80 W, 28
2026/10/08 03:44:09.752, 0, 120 MHz, 3996 MHz, 186.41 W, 35
2026/10/08 03:44:09.752, 1, 120 MHz, 3996 MHz, 188.23 W, 37
2026/10/08 03:44:09.752, 2, 120 MHz, 3996 MHz, 185.13 W, 30
2026/10/08 03:44:09.752, 3, 2032 MHz, 3996 MHz, 255.49 W, 33
2026/10/08 03:44:09.752, 4, 2032 MHz, 3996 MHz, 242.40 W, 36
2026/10/08 03:44:09.752, 5, 2032 MHz, 3996 MHz, 235.31 W, 34
2026/10/08 03:44:09.752, 6, 2032 MHz, 3996 MHz, 244.82 W, 30
2026/10/08 03:44:09.752, 7, 2032 MHz, 3996 MHz, 234.80 W, 28
2026/10/08 03:44:10.752, 0, 120 MHz, 3996 MHz, 186.41 W, 35
2026/10/08 03:44:10.752, 1, 120 MHz, 3996 MHz, 188.23 W, 37
2026/10/08 03:44:10.752, 2, 120 MHz, 3996 MHz, 185.29 W, 30
2026/10/08 03:44:10.752, 3, 2032 MHz, 3996 MHz, 256.67 W, 32
2026/10/08 03:44:10.752, 4, 2032 MHz, 3996 MHz, 242.44 W, 36
2026/10/08 03:44:10.752, 5, 2032 MHz, 3996 MHz, 235.83 W, 34
2026/10/08 03:44:10.752, 6, 2032 MHz, 3996 MHz, 244.82 W, 30
2026/10/08 03:44:10.752, 7, 2032 MHz, 3996 MHz, 234.80 W, 28
2026/10/08 03:44:11.752, 0, 120 MHz, 3996 MHz, 186.41 W, 35
2026/10/08 03:44:11.752, 1, 120 MHz, 3996 MHz, 188.23 W, 37
2026/10/08 03:44:11.752, 2, 2032 MHz, 3996 MHz, 219.00 W, 31
2026/10/08 03:44:11.752, 3, 2032 MHz, 3996 MHz, 255.64 W, 32
2026/10/08 03:44:11.752, 4, 2032 MHz, 3996 MHz, 242.44 W, 36
2026/10/08 03:44:11.752, 5, 2032 MHz, 3996 MHz, 234.87 W, 34
2026/10/08 03:44:11.752, 6, 2032 MHz, 3996 MHz, 244.82 W, 30
2026/10/08 03:44:11.752, 7, 2032 MHz, 3996 MHz, 236.66 W, 28
2026/10/08 03:44:12.752, 0, 120 MHz, 3996 MHz, 186.41 W, 35
2026/10/08 03:44:12.752, 1, 120 MHz, 3996 MHz, 188.23 W, 37
2026/10/08 03:44:12.752, 2, 2032 MHz, 3996 MHz, 235.54 W, 31
2026/10/08 03:44:12.752, 3, 2032 MHz, 3996 MHz, 347.17 W, 34
2026/10/08 03:44:12.752, 4, 2032 MHz, 3996 MHz, 242.40 W, 36
2026/10/08 03:44:12.752, 5, 2032 MHz, 3996 MHz, 235.01 W, 34
2026/10/08 03:44:12.752, 6, 2032 MHz, 3996 MHz, 244.82 W, 30
2026/10/08 03:44:12.752, 7, 2032 MHz, 3996 MHz, 236.74 W, 28
2026/10/08 03:44:13.752, 0, 120 MHz, 3996 MHz, 186.41 W, 35
2026/10/08 03:44:13.753, 1, 120 MHz, 3996 MHz, 188.23 W, 37
2026/10/08 03:44:13.753, 2, 2032 MHz, 3996 MHz, 235.78 W, 31
2026/10/08 03:44:13.753, 3, 2032 MHz, 3996 MHz, 318.29 W, 33
2026/10/08 03:44:13.753, 4, 2032 MHz, 3996 MHz, 242.40 W, 36
2026/10/08 03:44:13.753, 5, 2032 MHz, 3996 MHz, 235.84 W, 34
2026/10/08 03:44:13.753, 6, 2032 MHz, 3996 MHz, 244.82 W, 30
2026/10/08 03:44:13.753, 7, 2032 MHz, 3996 MHz, 236.13 W, 28
2026/10/08 03:44:14.753, 0, 120 MHz, 3996 MHz, 186.41 W, 35
2026/10/08 03:44:14.753, 1, 120 MHz, 3996 MHz, 188.15 W, 37
2026/10/08 03:44:14.753, 2, 2032 MHz, 3996 MHz, 236.77 W, 31
2026/10/08 03:44:14.753, 3, 2032 MHz, 3996 MHz, 265.24 W, 32
2026/10/08 03:44:14.753, 4, 2032 MHz, 3996 MHz, 242.40 W, 36
2026/10/08 03:44:14.753, 5, 2032 MHz, 3996 MHz, 235.64 W, 34
2026/10/08 03:44:14.753, 6, 2032 MHz, 3996 MHz, 246.20 W, 30
2026/10/08 03:44:14.753, 7, 2032 MHz, 3996 MHz, 253.57 W, 28
2026/10/08 03:44:15.753, 0, 120 MHz, 3996 MHz, 186.41 W, 35
2026/10/08 03:44:15.753, 1, 120 MHz, 3996 MHz, 188.23 W, 37
2026/10/08 03:44:15.753, 2, 2032 MHz, 3996 MHz, 236.62 W, 31
2026/10/08 03:44:15.753, 3, 2032 MHz, 3996 MHz, 253.94 W, 32
2026/10/08 03:44:15.753, 4, 2032 MHz, 3996 MHz, 242.75 W, 36
2026/10/08 03:44:15.753, 5, 2032 MHz, 3996 MHz, 236.66 W, 34
2026/10/08 03:44:15.753, 6, 2032 MHz, 3996 MHz, 246.69 W, 30
2026/10/08 03:44:15.753, 7, 2032 MHz, 3996 MHz, 234.95 W, 28
2026/10/08 03:44:16.753, 0, 120 MHz, 3996 MHz, 186.41 W, 35
2026/10/08 03:44:16.753, 1, 120 MHz, 3996 MHz, 188.19 W, 37
2026/10/08 03:44:16.753, 2, 2032 MHz, 3996 MHz, 254.11 W, 32
2026/10/08 03:44:16.753, 3, 2032 MHz, 3996 MHz, 239.47 W, 32
2026/10/08 03:44:16.753, 4, 2032 MHz, 3996 MHz, 242.55 W, 36
2026/10/08 03:44:16.753, 5, 2032 MHz, 3996 MHz, 236.42 W, 34
2026/10/08 03:44:16.753, 6, 2032 MHz, 3996 MHz, 245.51 W, 30
2026/10/08 03:44:16.753, 7, 2032 MHz, 3996 MHz, 234.91 W, 28
2026/10/08 03:44:17.753, 0, 120 MHz, 3996 MHz, 186.41 W, 35
2026/10/08 03:44:17.754, 1, 120 MHz, 3996 MHz, 188.19 W, 37
2026/10/08 03:44:17.754, 2, 2032 MHz, 3996 MHz, 239.91 W, 31
2026/10/08 03:44:17.754, 3, 2032 MHz, 3996 MHz, 236.66 W, 32
2026/10/08 03:44:17.754, 4, 2032 MHz, 3996 MHz, 242.43 W, 36
2026/10/08 03:44:17.754, 5, 2032 MHz, 3996 MHz, 235.54 W, 34
2026/10/08 03:44:17.754, 6, 2032 MHz, 3996 MHz, 263.99 W, 30
2026/10/08 03:44:17.754, 7, 2032 MHz, 3996 MHz, 234.89 W, 29
2026/10/08 03:44:18.754, 0, 120 MHz, 3996 MHz, 186.41 W, 35
2026/10/08 03:44:18.754, 1, 120 MHz, 3996 MHz, 188.11 W, 37
2026/10/08 03:44:18.754, 2, 2032 MHz, 3996 MHz, 273.64 W, 32
2026/10/08 03:44:18.754, 3, 2032 MHz, 3996 MHz, 236.80 W, 32
2026/10/08 03:44:18.754, 4, 2032 MHz, 3996 MHz, 242.50 W, 36
2026/10/08 03:44:18.754, 5, 2032 MHz, 3996 MHz, 252.40 W, 34
2026/10/08 03:44:18.754, 6, 2032 MHz, 3996 MHz, 244.82 W, 30
2026/10/08 03:44:18.754, 7, 2032 MHz, 3996 MHz, 234.84 W, 29
2026/10/08 03:44:19.754, 0, 120 MHz, 3996 MHz, 186.37 W, 35
2026/10/08 03:44:19.754, 1, 120 MHz, 3996 MHz, 188.11 W, 37
2026/10/08 03:44:19.754, 2, 2032 MHz, 3996 MHz, 236.85 W, 31
2026/10/08 03:44:19.754, 3, 2032 MHz, 3996 MHz, 245.47 W, 32
2026/10/08 03:44:19.754, 4, 2032 MHz, 3996 MHz, 242.44 W, 36
2026/10/08 03:44:19.754, 5, 2032 MHz, 3996 MHz, 234.98 W, 34
2026/10/08 03:44:19.754, 6, 2032 MHz, 3996 MHz, 244.82 W, 30
2026/10/08 03:44:19.754, 7, 2032 MHz, 3996 MHz, 234.88 W, 29
2026/10/08 03:44:20.754, 0, 120 MHz, 3996 MHz, 186.37 W, 35
2026/10/08 03:44:20.754, 1, 120 MHz, 3996 MHz, 187.27 W, 37
2026/10/08 03:44:20.754, 2, 2032 MHz, 3996 MHz, 292.51 W, 33
2026/10/08 03:44:20.754, 3, 2032 MHz, 3996 MHz, 236.60 W, 32
2026/10/08 03:44:20.754, 4, 2032 MHz, 3996 MHz, 242.60 W, 36
2026/10/08 03:44:20.754, 5, 2032 MHz, 3996 MHz, 235.13 W, 34
2026/10/08 03:44:20.754, 6, 2032 MHz, 3996 MHz, 244.86 W, 30
2026/10/08 03:44:20.754, 7, 2032 MHz, 3996 MHz, 235.11 W, 29
2026/10/08 03:44:21.754, 0, 120 MHz, 3996 MHz, 186.41 W, 35
2026/10/08 03:44:21.754, 1, 120 MHz, 3996 MHz, 187.16 W, 37
2026/10/08 03:44:21.755, 2, 2032 MHz, 3996 MHz, 309.54 W, 32
2026/10/08 03:44:21.755, 3, 2032 MHz, 3996 MHz, 236.40 W, 32
2026/10/08 03:44:21.755, 4, 2032 MHz, 3996 MHz, 242.48 W, 36
2026/10/08 03:44:21.755, 5, 2032 MHz, 3996 MHz, 235.12 W, 34
2026/10/08 03:44:21.755, 6, 2032 MHz, 3996 MHz, 244.82 W, 30
2026/10/08 03:44:21.755, 7, 2032 MHz, 3996 MHz, 235.03 W, 29
2026/10/08 03:44:22.755, 0, 120 MHz, 3996 MHz, 186.26 W, 35
2026/10/08 03:44:22.755, 1, 120 MHz, 3996 MHz, 186.89 W, 37
2026/10/08 03:44:22.755, 2, 2032 MHz, 3996 MHz, 294.52 W, 32
2026/10/08 03:44:22.755, 3, 2032 MHz, 3996 MHz, 236.49 W, 32
2026/10/08 03:44:22.755, 4, 2032 MHz, 3996 MHz, 242.52 W, 36
2026/10/08 03:44:22.755, 5, 2032 MHz, 3996 MHz, 234.88 W, 34
2026/10/08 03:44:22.755, 6, 2032 MHz, 3996 MHz, 244.82 W, 30
2026/10/08 03:44:22.755, 7, 2032 MHz, 3996 MHz, 235.07 W, 29
2026/10/08 03:44:23.755, 0, 120 MHz, 3996 MHz, 186.41 W, 35
2026/10/08 03:44:23.755, 1, 120 MHz, 3996 MHz, 186.98 W, 37
2026/10/08 03:44:23.755, 2, 2032 MHz, 3996 MHz, 255.07 W, 32
2026/10/08 03:44:23.755, 3, 2032 MHz, 3996 MHz, 236.66 W, 32
2026/10/08 03:44:23.755, 4, 2032 MHz, 3996 MHz, 242.74 W, 36
2026/10/08 03:44:23.755, 5, 2032 MHz, 3996 MHz, 235.13 W, 34
2026/10/08 03:44:23.755, 6, 2032 MHz, 3996 MHz, 244.86 W, 30
2026/10/08 03:44:23.755, 7, 2032 MHz, 3996 MHz, 235.42 W, 29
2026/10/08 03:44:24.755, 0, 120 MHz, 3996 MHz, 186.45 W, 35
2026/10/08 03:44:24.755, 1, 120 MHz, 3996 MHz, 186.89 W, 37
2026/10/08 03:44:24.755, 2, 2032 MHz, 3996 MHz, 246.22 W, 32
2026/10/08 03:44:24.755, 3, 2032 MHz, 3996 MHz, 236.63 W, 32
2026/10/08 03:44:24.755, 4, 2032 MHz, 3996 MHz, 243.57 W, 36
2026/10/08 03:44:24.755, 5, 2032 MHz, 3996 MHz, 234.94 W, 34
2026/10/08 03:44:24.755, 6, 2032 MHz, 3996 MHz, 244.86 W, 30
2026/10/08 03:44:24.755, 7, 2032 MHz, 3996 MHz, 235.44 W, 29
2026/10/08 03:44:25.755, 0, 120 MHz, 3996 MHz, 186.41 W, 35
2026/10/08 03:44:25.756, 1, 120 MHz, 3996 MHz, 186.86 W, 37
2026/10/08 03:44:25.756, 2, 2032 MHz, 3996 MHz, 257.14 W, 32
2026/10/08 03:44:25.756, 3, 2032 MHz, 3996 MHz, 236.62 W, 32
2026/10/08 03:44:25.756, 4, 2032 MHz, 3996 MHz, 244.26 W, 36
2026/10/08 03:44:25.756, 5, 2032 MHz, 3996 MHz, 235.00 W, 34
2026/10/08 03:44:25.756, 6, 2032 MHz, 3996 MHz, 244.82 W, 30
2026/10/08 03:44:25.756, 7, 2032 MHz, 3996 MHz, 235.41 W, 29
2026/10/08 03:44:26.756, 0, 120 MHz, 3996 MHz, 186.41 W, 35
2026/10/08 03:44:26.756, 1, 120 MHz, 3996 MHz, 187.08 W, 37
2026/10/08 03:44:26.756, 2, 2032 MHz, 3996 MHz, 250.24 W, 32
2026/10/08 03:44:26.756, 3, 2032 MHz, 3996 MHz, 236.62 W, 32
2026/10/08 03:44:26.756, 4, 2032 MHz, 3996 MHz, 244.26 W, 36
2026/10/08 03:44:26.756, 5, 2032 MHz, 3996 MHz, 234.95 W, 34
2026/10/08 03:44:26.756, 6, 2032 MHz, 3996 MHz, 244.82 W, 30
2026/10/08 03:44:26.756, 7, 2032 MHz, 3996 MHz, 235.57 W, 29
2026/10/08 03:44:27.756, 0, 120 MHz, 3996 MHz, 186.41 W, 35
2026/10/08 03:44:27.756, 1, 120 MHz, 3996 MHz, 186.71 W, 37
2026/10/08 03:44:27.756, 2, 2032 MHz, 3996 MHz, 240.51 W, 32
2026/10/08 03:44:27.756, 3, 2032 MHz, 3996 MHz, 236.65 W, 32
2026/10/08 03:44:27.756, 4, 2032 MHz, 3996 MHz, 243.89 W, 36
2026/10/08 03:44:27.756, 5, 2032 MHz, 3996 MHz, 234.88 W, 34
2026/10/08 03:44:27.756, 6, 2032 MHz, 3996 MHz, 244.82 W, 31
2026/10/08 03:44:27.756, 7, 2032 MHz, 3996 MHz, 235.81 W, 29
2026/10/08 03:44:28.756, 0, 120 MHz, 3996 MHz, 186.41 W, 35
2026/10/08 03:44:28.756, 1, 120 MHz, 3996 MHz, 186.67 W, 37
2026/10/08 03:44:28.756, 2, 2032 MHz, 3996 MHz, 243.81 W, 32
2026/10/08 03:44:28.756, 3, 2032 MHz, 3996 MHz, 236.65 W, 32
2026/10/08 03:44:28.756, 4, 2032 MHz, 3996 MHz, 244.15 W, 36
2026/10/08 03:44:28.756, 5, 2032 MHz, 3996 MHz, 234.74 W, 34
2026/10/08 03:44:28.756, 6, 2032 MHz, 3996 MHz, 244.82 W, 31
2026/10/08 03:44:28.756, 7, 2032 MHz, 3996 MHz, 235.86 W, 29
2026/10/08 03:44:29.756, 0, 120 MHz, 3996 MHz, 186.41 W, 35
2026/10/08 03:44:29.757, 1, 120 MHz, 3996 MHz, 186.75 W, 37
2026/10/08 03:44:29.757, 2, 2032 MHz, 3996 MHz, 236.66 W, 32
2026/10/08 03:44:29.757, 3, 2032 MHz, 3996 MHz, 236.66 W, 32
2026/10/08 03:44:29.757, 4, 2032 MHz, 3996 MHz, 244.26 W, 36
2026/10/08 03:44:29.757, 5, 2032 MHz, 3996 MHz, 235.00 W, 34
2026/10/08 03:44:29.757, 6, 2032 MHz, 3996 MHz, 244.82 W, 31
2026/10/08 03:44:29.757, 7, 2032 MHz, 3996 MHz, 236.23 W, 29
2026/10/08 03:44:30.757, 0, 120 MHz, 3996 MHz, 186.41 W, 35
2026/10/08 03:44:30.757, 1, 120 MHz, 3996 MHz, 186.82 W, 36
2026/10/08 03:44:30.757, 2, 2032 MHz, 3996 MHz, 236.66 W, 32
2026/10/08 03:44:30.757, 3, 2032 MHz, 3996 MHz, 236.66 W, 32
2026/10/08 03:44:30.757, 4, 2032 MHz, 3996 MHz, 244.30 W, 36
2026/10/08 03:44:30.757, 5, 2032 MHz, 3996 MHz, 235.49 W, 34
2026/10/08 03:44:30.757, 6, 2032 MHz, 3996 MHz, 244.86 W, 31
2026/10/08 03:44:30.757, 7, 2032 MHz, 3996 MHz, 236.35 W, 29
2026/10/08 03:44:31.757, 0, 120 MHz, 3996 MHz, 186.41 W, 35
2026/10/08 03:44:31.757, 1, 120 MHz, 3996 MHz, 186.71 W, 36
2026/10/08 03:44:31.757, 2, 2032 MHz, 3996 MHz, 236.66 W, 32
2026/10/08 03:44:31.757, 3, 2032 MHz, 3996 MHz, 236.66 W, 32
2026/10/08 03:44:31.757, 4, 2032 MHz, 3996 MHz, 244.30 W, 36
2026/10/08 03:44:31.757, 5, 2032 MHz, 3996 MHz, 235.43 W, 34
2026/10/08 03:44:31.757, 6, 2032 MHz, 3996 MHz, 244.94 W, 31
2026/10/08 03:44:31.757, 7, 2032 MHz, 3996 MHz, 236.39 W, 29
2026/10/08 03:44:32.757, 0, 2032 MHz, 3996 MHz, 215.25 W, 36
2026/10/08 03:44:32.757, 1, 120 MHz, 3996 MHz, 187.20 W, 36
2026/10/08 03:44:32.757, 2, 2032 MHz, 3996 MHz, 236.95 W, 32
2026/10/08 03:44:32.757, 3, 2032 MHz, 3996 MHz, 240.97 W, 32
2026/10/08 03:44:32.757, 4, 2032 MHz, 3996 MHz, 244.42 W, 36
2026/10/08 03:44:32.758, 5, 2032 MHz, 3996 MHz, 235.52 W, 34
2026/10/08 03:44:32.758, 6, 2032 MHz, 3996 MHz, 244.98 W, 31
2026/10/08 03:44:32.758, 7, 2032 MHz, 3996 MHz, 236.70 W, 29
2026/10/08 03:44:33.758, 0, 2032 MHz, 3996 MHz, 242.60 W, 36
2026/10/08 03:44:33.758, 1, 120 MHz, 3996 MHz, 187.07 W, 36
2026/10/08 03:44:33.758, 2, 2032 MHz, 3996 MHz, 248.39 W, 32
2026/10/08 03:44:33.758, 3, 2032 MHz, 3996 MHz, 236.66 W, 32
2026/10/08 03:44:33.758, 4, 2032 MHz, 3996 MHz, 244.34 W, 36
2026/10/08 03:44:33.758, 5, 2032 MHz, 3996 MHz, 235.33 W, 34
2026/10/08 03:44:33.758, 6, 2032 MHz, 3996 MHz, 245.06 W, 31
2026/10/08 03:44:33.758, 7, 2032 MHz, 3996 MHz, 236.66 W, 29
2026/10/08 03:44:34.758, 0, 2032 MHz, 3996 MHz, 242.55 W, 36
2026/10/08 03:44:34.758, 1, 120 MHz, 3996 MHz, 186.85 W, 36
2026/10/08 03:44:34.758, 2, 2032 MHz, 3996 MHz, 236.66 W, 32
2026/10/08 03:44:34.758, 3, 2032 MHz, 3996 MHz, 236.70 W, 32
2026/10/08 03:44:34.758, 4, 2032 MHz, 3996 MHz, 244.34 W, 36
2026/10/08 03:44:34.758, 5, 2032 MHz, 3996 MHz, 235.50 W, 34
2026/10/08 03:44:34.758, 6, 2032 MHz, 3996 MHz, 245.24 W, 31
2026/10/08 03:44:34.758, 7, 2032 MHz, 3996 MHz, 236.70 W, 30
2026/10/08 03:44:35.758, 0, 2032 MHz, 3996 MHz, 242.55 W, 36
2026/10/08 03:44:35.758, 1, 120 MHz, 3996 MHz, 187.05 W, 36
2026/10/08 03:44:35.758, 2, 2032 MHz, 3996 MHz, 236.66 W, 32
2026/10/08 03:44:35.758, 3, 2032 MHz, 3996 MHz, 236.66 W, 32
2026/10/08 03:44:35.758, 4, 2032 MHz, 3996 MHz, 244.34 W, 36
2026/10/08 03:44:35.758, 5, 2032 MHz, 3996 MHz, 235.52 W, 34
2026/10/08 03:44:35.758, 6, 2032 MHz, 3996 MHz, 245.83 W, 31
2026/10/08 03:44:35.758, 7, 2032 MHz, 3996 MHz, 236.58 W, 30
2026/10/08 03:44:36.759, 0, 2032 MHz, 3996 MHz, 242.98 W, 36
2026/10/08 03:44:36.759, 1, 120 MHz, 3996 MHz, 186.73 W, 36
2026/10/08 03:44:36.759, 2, 2032 MHz, 3996 MHz, 236.66 W, 32
2026/10/08 03:44:36.759, 3, 2032 MHz, 3996 MHz, 236.70 W, 32
2026/10/08 03:44:36.759, 4, 2032 MHz, 3996 MHz, 244.34 W, 36
2026/10/08 03:44:36.759, 5, 2032 MHz, 3996 MHz, 235.47 W, 35
2026/10/08 03:44:36.759, 6, 2032 MHz, 3996 MHz, 245.89 W, 31
2026/10/08 03:44:36.759, 7, 2032 MHz, 3996 MHz, 236.74 W, 30
2026/10/08 03:44:37.759, 0, 2032 MHz, 3996 MHz, 242.56 W, 36
2026/10/08 03:44:37.759, 1, 120 MHz, 3996 MHz, 186.92 W, 36
2026/10/08 03:44:37.759, 2, 2032 MHz, 3996 MHz, 236.81 W, 32
2026/10/08 03:44:37.759, 3, 2017 MHz, 3996 MHz, 516.67 W, 40
2026/10/08 03:44:37.759, 4, 2032 MHz, 3996 MHz, 244.34 W, 36
2026/10/08 03:44:37.759, 5, 2032 MHz, 3996 MHz, 235.20 W, 35
2026/10/08 03:44:37.759, 6, 2032 MHz, 3996 MHz, 245.79 W, 31
2026/10/08 03:44:37.759, 7, 2032 MHz, 3996 MHz, 236.74 W, 30
2026/10/08 03:44:38.759, 0, 292 MHz, 3996 MHz, 193.12 W, 35
2026/10/08 03:44:38.759, 1, 120 MHz, 3996 MHz, 186.58 W, 36
2026/10/08 03:44:38.759, 2, 2032 MHz, 3996 MHz, 236.66 W, 32
2026/10/08 03:44:38.759, 3, 2032 MHz, 3996 MHz, 322.35 W, 33
2026/10/08 03:44:38.759, 4, 2032 MHz, 3996 MHz, 244.34 W, 36
2026/10/08 03:44:38.759, 5, 2032 MHz, 3996 MHz, 235.64 W, 35
2026/10/08 03:44:38.759, 6, 2032 MHz, 3996 MHz, 245.89 W, 31
2026/10/08 03:44:38.759, 7, 2032 MHz, 3996 MHz, 236.74 W, 30
2026/10/08 03:44:39.759, 0, 180 MHz, 3996 MHz, 187.34 W, 35
2026/10/08 03:44:39.760, 1, 120 MHz, 3996 MHz, 186.70 W, 36
2026/10/08 03:44:39.760, 2, 2032 MHz, 3996 MHz, 236.67 W, 32
2026/10/08 03:44:39.760, 3, 2032 MHz, 3996 MHz, 833.65 W, 41
2026/10/08 03:44:39.760, 4, 2032 MHz, 3996 MHz, 248.38 W, 36
2026/10/08 03:44:39.760, 5, 2032 MHz, 3996 MHz, 235.70 W, 35
2026/10/08 03:44:39.760, 6, 2032 MHz, 3996 MHz, 246.10 W, 31
2026/10/08 03:44:39.760, 7, 2032 MHz, 3996 MHz, 236.74 W, 30
2026/10/08 03:44:40.760, 0, 120 MHz, 3996 MHz, 186.41 W, 35
2026/10/08 03:44:40.760, 1, 120 MHz, 3996 MHz, 186.59 W, 36
2026/10/08 03:44:40.760, 2, 2032 MHz, 3996 MHz, 597.48 W, 35
2026/10/08 03:44:40.760, 3, 2032 MHz, 3996 MHz, 790.92 W, 41
2026/10/08 03:44:40.760, 4, 2032 MHz, 3996 MHz, 244.34 W, 36
2026/10/08 03:44:40.760, 5, 2032 MHz, 3996 MHz, 235.85 W, 35
2026/10/08 03:44:40.760, 6, 2032 MHz, 3996 MHz, 246.49 W, 31
2026/10/08 03:44:40.760, 7, 2032 MHz, 3996 MHz, 236.74 W, 30
2026/10/08 03:44:41.760, 0, 120 MHz, 3996 MHz, 186.41 W, 35
2026/10/08 03:44:41.760, 1, 120 MHz, 3996 MHz, 186.75 W, 36
2026/10/08 03:44:41.760, 2, 1365 MHz, 3996 MHz, 493.76 W, 46
2026/10/08 03:44:41.760, 3, 2032 MHz, 3996 MHz, 791.10 W, 42
2026/10/08 03:44:41.760, 4, 2032 MHz, 3996 MHz, 261.20 W, 37
2026/10/08 03:44:41.760, 5, 2032 MHz, 3996 MHz, 235.70 W, 35
2026/10/08 03:44:41.760, 6, 2032 MHz, 3996 MHz, 246.50 W, 31
2026/10/08 03:44:41.760, 7, 2032 MHz, 3996 MHz, 236.74 W, 30
2026/10/08 03:44:42.760, 0, 120 MHz, 3996 MHz, 186.41 W, 35
2026/10/08 03:44:42.760, 1, 120 MHz, 3996 MHz, 186.78 W, 36
2026/10/08 03:44:42.760, 2, 2032 MHz, 3996 MHz, 854.91 W, 41
2026/10/08 03:44:42.760, 3, 2032 MHz, 3996 MHz, 793.02 W, 42
2026/10/08 03:44:42.760, 4, 2032 MHz, 3996 MHz, 244.34 W, 37
2026/10/08 03:44:42.760, 5, 2032 MHz, 3996 MHz, 235.81 W, 35
2026/10/08 03:44:42.760, 6, 2032 MHz, 3996 MHz, 246.72 W, 31
2026/10/08 03:44:42.760, 7, 2032 MHz, 3996 MHz, 236.74 W, 30
2026/10/08 03:44:43.760, 0, 120 MHz, 3996 MHz, 186.41 W, 35
2026/10/08 03:44:43.761, 1, 120 MHz, 3996 MHz, 186.75 W, 36
2026/10/08 03:44:43.761, 2, 2032 MHz, 3996 MHz, 790.67 W, 41
2026/10/08 03:44:43.761, 3, 1342 MHz, 3996 MHz, 957.85 W, 52
2026/10/08 03:44:43.761, 4, 2032 MHz, 3996 MHz, 244.34 W, 37
2026/10/08 03:44:43.761, 5, 2032 MHz, 3996 MHz, 235.56 W, 35
2026/10/08 03:44:43.761, 6, 2032 MHz, 3996 MHz, 246.57 W, 31
2026/10/08 03:44:43.761, 7, 2032 MHz, 3996 MHz, 238.92 W, 30
2026/10/08 03:44:44.761, 0, 120 MHz, 3996 MHz, 186.41 W, 35
2026/10/08 03:44:44.761, 1, 120 MHz, 3996 MHz, 186.67 W, 36
2026/10/08 03:44:44.761, 2, 2032 MHz, 3996 MHz, 797.85 W, 42
2026/10/08 03:44:44.761, 3, 2032 MHz, 3996 MHz, 790.27 W, 43
2026/10/08 03:44:44.761, 4, 2032 MHz, 3996 MHz, 244.42 W, 37
2026/10/08 03:44:44.761, 5, 2032 MHz, 3996 MHz, 235.62 W, 35
2026/10/08 03:44:44.761, 6, 2032 MHz, 3996 MHz, 246.73 W, 32
2026/10/08 03:44:44.761, 7, 2032 MHz, 3996 MHz, 236.74 W, 30
2026/10/08 03:44:45.761, 0, 120 MHz, 3996 MHz, 186.41 W, 35
2026/10/08 03:44:45.761, 1, 120 MHz, 3996 MHz, 186.94 W, 36
2026/10/08 03:44:45.761, 2, 2032 MHz, 3996 MHz, 798.80 W, 42
2026/10/08 03:44:45.761, 3, 2032 MHz, 3996 MHz, 792.30 W, 43
2026/10/08 03:44:45.761, 4, 2032 MHz, 3996 MHz, 244.38 W, 37
2026/10/08 03:44:45.761, 5, 2032 MHz, 3996 MHz, 235.70 W, 35
2026/10/08 03:44:45.761, 6, 2032 MHz, 3996 MHz, 247.01 W, 32
2026/10/08 03:44:45.761, 7, 2032 MHz, 3996 MHz, 236.74 W, 30
2026/10/08 03:44:46.761, 0, 120 MHz, 3996 MHz, 186.41 W, 35
2026/10/08 03:44:46.761, 1, 120 MHz, 3996 MHz, 186.82 W, 37
2026/10/08 03:44:46.761, 2, 2032 MHz, 3996 MHz, 946.06 W, 43
2026/10/08 03:44:46.761, 3, 2032 MHz, 3996 MHz, 797.58 W, 44
2026/10/08 03:44:46.761, 4, 2032 MHz, 3996 MHz, 244.34 W, 37
2026/10/08 03:44:46.761, 5, 2032 MHz, 3996 MHz, 235.82 W, 35
2026/10/08 03:44:46.761, 6, 2032 MHz, 3996 MHz, 246.76 W, 32
2026/10/08 03:44:46.761, 7, 2032 MHz, 3996 MHz, 236.74 W, 30
2026/10/08 03:44:47.761, 0, 120 MHz, 3996 MHz, 186.49 W, 35
2026/10/08 03:44:47.761, 1, 120 MHz, 3996 MHz, 186.71 W, 37
2026/10/08 03:44:47.761, 2, 2032 MHz, 3996 MHz, 793.89 W, 43
2026/10/08 03:44:47.761, 3, 1357 MHz, 3996 MHz, 877.04 W, 53
2026/10/08 03:44:47.761, 4, 2032 MHz, 3996 MHz, 244.34 W, 37
2026/10/08 03:44:47.761, 5, 2032 MHz, 3996 MHz, 237.91 W, 35
2026/10/08 03:44:47.761, 6, 2032 MHz, 3996 MHz, 246.77 W, 32
2026/10/08 03:44:47.761, 7, 2032 MHz, 3996 MHz, 236.74 W, 30
2026/10/08 03:44:48.762, 0, 120 MHz, 3996 MHz, 186.41 W, 35
2026/10/08 03:44:48.762, 1, 120 MHz, 3996 MHz, 186.79 W, 37
2026/10/08 03:44:48.762, 2, 2032 MHz, 3996 MHz, 795.70 W, 43
2026/10/08 03:44:48.762, 3, 2032 MHz, 3996 MHz, 871.83 W, 45
2026/10/08 03:44:48.762, 4, 2032 MHz, 3996 MHz, 244.34 W, 37
2026/10/08 03:44:48.762, 5, 2032 MHz, 3996 MHz, 236.51 W, 35
2026/10/08 03:44:48.762, 6, 2032 MHz, 3996 MHz, 246.76 W, 32
2026/10/08 03:44:48.762, 7, 2032 MHz, 3996 MHz, 236.74 W, 30
2026/10/08 03:44:49.762, 0, 120 MHz, 3996 MHz, 186.45 W, 35
2026/10/08 03:44:49.762, 1, 120 MHz, 3996 MHz, 187.16 W, 37
2026/10/08 03:44:49.762, 2, 2032 MHz, 3996 MHz, 798.72 W, 44
2026/10/08 03:44:49.762, 3, 2032 MHz, 3996 MHz, 795.98 W, 45
2026/10/08 03:44:49.762, 4, 2032 MHz, 3996 MHz, 244.34 W, 37
2026/10/08 03:44:49.762, 5, 2032 MHz, 3996 MHz, 236.46 W, 35
2026/10/08 03:44:49.762, 6, 2032 MHz, 3996 MHz, 246.76 W, 32
2026/10/08 03:44:49.762, 7, 2032 MHz, 3996 MHz, 236.74 W, 30
2026/10/08 03:44:50.762, 0, 120 MHz, 3996 MHz, 186.45 W, 35
2026/10/08 03:44:50.762, 1, 120 MHz, 3996 MHz, 186.91 W, 37
2026/10/08 03:44:50.762, 2, 1950 MHz, 3996 MHz, 942.27 W, 47
2026/10/08 03:44:50.762, 3, 2032 MHz, 3996 MHz, 797.44 W, 45
2026/10/08 03:44:50.762, 4, 2032 MHz, 3996 MHz, 244.34 W, 37
2026/10/08 03:44:50.762, 5, 2032 MHz, 3996 MHz, 236.53 W, 35
2026/10/08 03:44:50.762, 6, 2032 MHz, 3996 MHz, 246.77 W, 32
2026/10/08 03:44:50.762, 7, 2032 MHz, 3996 MHz, 236.74 W, 31
2026/10/08 03:44:51.762, 0, 120 MHz, 3996 MHz, 186.49 W, 35
2026/10/08 03:44:51.762, 1, 120 MHz, 3996 MHz, 187.12 W, 37
2026/10/08 03:44:51.762, 2, 2032 MHz, 3996 MHz, 793.92 W, 44
2026/10/08 03:44:51.762, 3, 2032 MHz, 3996 MHz, 798.74 W, 45
2026/10/08 03:44:51.762, 4, 2032 MHz, 3996 MHz, 244.34 W, 37
2026/10/08 03:44:51.762, 5, 2032 MHz, 3996 MHz, 236.58 W, 35
2026/10/08 03:44:51.762, 6, 2032 MHz, 3996 MHz, 246.76 W, 32
2026/10/08 03:44:51.762, 7, 2032 MHz, 3996 MHz, 236.74 W, 31
2026/10/08 03:44:52.763, 0, 120 MHz, 3996 MHz, 186.49 W, 35
2026/10/08 03:44:52.763, 1, 120 MHz, 3996 MHz, 187.41 W, 37
2026/10/08 03:44:52.763, 2, 2032 MHz, 3996 MHz, 800.13 W, 45
2026/10/08 03:44:52.763, 3, 2032 MHz, 3996 MHz, 942.33 W, 46
2026/10/08 03:44:52.763, 4, 2032 MHz, 3996 MHz, 244.34 W, 37
2026/10/08 03:44:52.763, 5, 2032 MHz, 3996 MHz, 236.52 W, 35
2026/10/08 03:44:52.763, 6, 2032 MHz, 3996 MHz, 246.76 W, 32
2026/10/08 03:44:52.763, 7, 2032 MHz, 3996 MHz, 236.74 W, 31
2026/10/08 03:44:53.763, 0, 120 MHz, 3996 MHz, 186.60 W, 35
2026/10/08 03:44:53.763, 1, 120 MHz, 3996 MHz, 187.33 W, 37
2026/10/08 03:44:53.763, 2, 2032 MHz, 3996 MHz, 800.43 W, 45
2026/10/08 03:44:53.763, 3, 2032 MHz, 3996 MHz, 803.02 W, 46
2026/10/08 03:44:53.763, 4, 2032 MHz, 3996 MHz, 244.34 W, 37
2026/10/08 03:44:53.763, 5, 2032 MHz, 3996 MHz, 236.53 W, 35
2026/10/08 03:44:53.764, 6, 2032 MHz, 3996 MHz, 246.77 W, 32
2026/10/08 03:44:53.764, 7, 2032 MHz, 3996 MHz, 236.74 W, 31
2026/10/08 03:44:54.764, 0, 120 MHz, 3996 MHz, 186.41 W, 35
2026/10/08 03:44:54.764, 1, 120 MHz, 3996 MHz, 187.47 W, 37
2026/10/08 03:44:54.764, 2, 1342 MHz, 3996 MHz, 901.12 W, 54
2026/10/08 03:44:54.764, 3, 2032 MHz, 3996 MHz, 798.94 W, 46
2026/10/08 03:44:54.764, 4, 2032 MHz, 3996 MHz, 244.34 W, 37
2026/10/08 03:44:54.764, 5, 2032 MHz, 3996 MHz, 236.54 W, 35
2026/10/08 03:44:54.764, 6, 2032 MHz, 3996 MHz, 246.77 W, 32
2026/10/08 03:44:54.764, 7, 2032 MHz, 3996 MHz, 236.74 W, 31
2026/10/08 03:44:55.764, 0, 120 MHz, 3996 MHz, 186.56 W, 35
2026/10/08 03:44:55.764, 1, 120 MHz, 3996 MHz, 187.64 W, 37
2026/10/08 03:44:55.764, 2, 2032 MHz, 3996 MHz, 856.03 W, 46
2026/10/08 03:44:55.764, 3, 2032 MHz, 3996 MHz, 802.24 W, 46
2026/10/08 03:44:55.764, 4, 2032 MHz, 3996 MHz, 244.34 W, 37
2026/10/08 03:44:55.764, 5, 2032 MHz, 3996 MHz, 236.54 W, 35
2026/10/08 03:44:55.764, 6, 2032 MHz, 3996 MHz, 246.76 W, 32
2026/10/08 03:44:55.764, 7, 2032 MHz, 3996 MHz, 236.74 W, 31
2026/10/08 03:44:56.764, 0, 120 MHz, 3996 MHz, 186.56 W, 35
2026/10/08 03:44:56.764, 1, 120 MHz, 3996 MHz, 187.85 W, 37
2026/10/08 03:44:56.764, 2, 2032 MHz, 3996 MHz, 798.06 W, 45
2026/10/08 03:44:56.764, 3, 1987 MHz, 3996 MHz, 949.12 W, 48
2026/10/08 03:44:56.764, 4, 2032 MHz, 3996 MHz, 244.34 W, 37
2026/10/08 03:44:56.764, 5, 2032 MHz, 3996 MHz, 236.54 W, 35
2026/10/08 03:44:56.764, 6, 2032 MHz, 3996 MHz, 246.76 W, 32
2026/10/08 03:44:56.764, 7, 2032 MHz, 3996 MHz, 236.74 W, 31
2026/10/08 03:44:57.765, 0, 120 MHz, 3996 MHz, 186.79 W, 35
2026/10/08 03:44:57.765, 1, 120 MHz, 3996 MHz, 187.96 W, 37
2026/10/08 03:44:57.765, 2, 2032 MHz, 3996 MHz, 800.74 W, 46
2026/10/08 03:44:57.765, 3, 2032 MHz, 3996 MHz, 797.61 W, 47
2026/10/08 03:44:57.765, 4, 2032 MHz, 3996 MHz, 244.34 W, 37
2026/10/08 03:44:57.765, 5, 2032 MHz, 3996 MHz, 236.54 W, 35
2026/10/08 03:44:57.765, 6, 2032 MHz, 3996 MHz, 246.76 W, 32
2026/10/08 03:44:57.765, 7, 2032 MHz, 3996 MHz, 236.74 W, 31
2026/10/08 03:44:58.765, 0, 120 MHz, 3996 MHz, 187.07 W, 36
2026/10/08 03:44:58.765, 1, 120 MHz, 3996 MHz, 188.11 W, 37
2026/10/08 03:44:58.765, 2, 2032 MHz, 3996 MHz, 804.26 W, 46
2026/10/08 03:44:58.765, 3, 2032 MHz, 3996 MHz, 797.58 W, 47
2026/10/08 03:44:58.765, 4, 2032 MHz, 3996 MHz, 244.34 W, 37
2026/10/08 03:44:58.765, 5, 2032 MHz, 3996 MHz, 236.54 W, 35
2026/10/08 03:44:58.765, 6, 2032 MHz, 3996 MHz, 246.74 W, 32
2026/10/08 03:44:58.765, 7, 2032 MHz, 3996 MHz, 239.21 W, 31
2026/10/08 03:44:59.765, 0, 120 MHz, 3996 MHz, 186.92 W, 36
2026/10/08 03:44:59.765, 1, 120 MHz, 3996 MHz, 188.07 W, 37
2026/10/08 03:44:59.765, 2, 2032 MHz, 3996 MHz, 953.30 W, 47
2026/10/08 03:44:59.765, 3, 2032 MHz, 3996 MHz, 801.85 W, 47
2026/10/08 03:44:59.765, 4, 2032 MHz, 3996 MHz, 244.34 W, 37
2026/10/08 03:44:59.765, 5, 2032 MHz, 3996 MHz, 236.57 W, 36
2026/10/08 03:44:59.765, 6, 2032 MHz, 3996 MHz, 246.76 W, 32
2026/10/08 03:44:59.765, 7, 2032 MHz, 3996 MHz, 238.45 W, 31
2026/10/08 03:45:00.765, 0, 120 MHz, 3996 MHz, 187.59 W, 36
2026/10/08 03:45:00.766, 1, 120 MHz, 3996 MHz, 188.23 W, 37
2026/10/08 03:45:00.766, 2, 2032 MHz, 3996 MHz, 803.27 W, 47
2026/10/08 03:45:00.766, 3, 1357 MHz, 3996 MHz, 907.43 W, 56
2026/10/08 03:45:00.766, 4, 2032 MHz, 3996 MHz, 244.34 W, 37
2026/10/08 03:45:00.766, 5, 2032 MHz, 3996 MHz, 236.61 W, 36
2026/10/08 03:45:00.766, 6, 2032 MHz, 3996 MHz, 247.04 W, 32
2026/10/08 03:45:00.766, 7, 2032 MHz, 3996 MHz, 238.25 W, 31
2026/10/08 03:45:01.766, 0, 120 MHz, 3996 MHz, 187.57 W, 36
2026/10/08 03:45:01.766, 1, 120 MHz, 3996 MHz, 188.15 W, 37
2026/10/08 03:45:01.766, 2, 2032 MHz, 3996 MHz, 804.82 W, 47
2026/10/08 03:45:01.766, 3, 2032 MHz, 3996 MHz, 839.05 W, 48
2026/10/08 03:45:01.766, 4, 2032 MHz, 3996 MHz, 244.34 W, 37
2026/10/08 03:45:01.766, 5, 2032 MHz, 3996 MHz, 236.55 W, 36
2026/10/08 03:45:01.766, 6, 2032 MHz, 3996 MHz, 247.67 W, 32
2026/10/08 03:45:01.766, 7, 2032 MHz, 3996 MHz, 238.45 W, 31
2026/10/08 03:45:02.766, 0, 120 MHz, 3996 MHz, 187.73 W, 36
2026/10/08 03:45:02.766, 1, 120 MHz, 3996 MHz, 188.23 W, 38
2026/10/08 03:45:02.766, 2, 2032 MHz, 3996 MHz, 803.50 W, 47
2026/10/08 03:45:02.766, 3, 2032 MHz, 3996 MHz, 796.97 W, 48
2026/10/08 03:45:02.766, 4, 2032 MHz, 3996 MHz, 244.34 W, 37
2026/10/08 03:45:02.766, 5, 2032 MHz, 3996 MHz, 237.50 W, 36
2026/10/08 03:45:02.766, 6, 2032 MHz, 3996 MHz, 247.95 W, 33
2026/10/08 03:45:02.766, 7, 2032 MHz, 3996 MHz, 238.49 W, 31
2026/10/08 03:45:03.766, 0, 120 MHz, 3996 MHz, 188.01 W, 36
2026/10/08 03:45:03.766, 1, 120 MHz, 3996 MHz, 188.23 W, 38
2026/10/08 03:45:03.766, 2, 2032 MHz, 3996 MHz, 953.82 W, 49
2026/10/08 03:45:03.766, 3, 2032 MHz, 3996 MHz, 801.22 W, 48
2026/10/08 03:45:03.767, 4, 2032 MHz, 3996 MHz, 244.34 W, 37
2026/10/08 03:45:03.767, 5, 2032 MHz, 3996 MHz, 236.94 W, 36
2026/10/08 03:45:03.767, 6, 2032 MHz, 3996 MHz, 247.89 W, 33
2026/10/08 03:45:03.767, 7, 2032 MHz, 3996 MHz, 238.60 W, 31
2026/10/08 03:45:04.767, 0, 120 MHz, 3996 MHz, 188.16 W, 36
2026/10/08 03:45:04.767, 1, 120 MHz, 3996 MHz, 188.23 W, 38
2026/10/08 03:45:04.767, 2, 2032 MHz, 3996 MHz, 799.87 W, 47
2026/10/08 03:45:04.767, 3, 2032 MHz, 3996 MHz, 809.29 W, 54
2026/10/08 03:45:04.767, 4, 2032 MHz, 3996 MHz, 244.34 W, 37
2026/10/08 03:45:04.767, 5, 2032 MHz, 3996 MHz, 237.12 W, 36
2026/10/08 03:45:04.767, 6, 2032 MHz, 3996 MHz, 247.90 W, 33
2026/10/08 03:45:04.767, 7, 2032 MHz, 3996 MHz, 238.64 W, 31
2026/10/08 03:45:05.767, 0, 120 MHz, 3996 MHz, 188.20 W, 36
2026/10/08 03:45:05.767, 1, 120 MHz, 3996 MHz, 188.23 W, 38
2026/10/08 03:45:05.767, 2, 2032 MHz, 3996 MHz, 804.14 W, 48
2026/10/08 03:45:05.767, 3, 2032 MHz, 3996 MHz, 951.75 W, 49
2026/10/08 03:45:05.767, 4, 2032 MHz, 3996 MHz, 244.34 W, 38
2026/10/08 03:45:05.767, 5, 2032 MHz, 3996 MHz, 237.25 W, 36
2026/10/08 03:45:05.767, 6, 2032 MHz, 3996 MHz, 248.25 W, 33
2026/10/08 03:45:05.767, 7, 2032 MHz, 3996 MHz, 261.60 W, 32
2026/10/08 03:45:06.767, 0, 120 MHz, 3996 MHz, 188.31 W, 36
2026/10/08 03:45:06.767, 1, 120 MHz, 3996 MHz, 188.23 W, 38
2026/10/08 03:45:06.767, 2, 2032 MHz, 3996 MHz, 803.04 W, 48
2026/10/08 03:45:06.767, 3, 2032 MHz, 3996 MHz, 801.63 W, 48
2026/10/08 03:45:06.767, 4, 2032 MHz, 3996 MHz, 244.34 W, 38
2026/10/08 03:45:06.767, 5, 2032 MHz, 3996 MHz, 237.20 W, 36
2026/10/08 03:45:06.767, 6, 2032 MHz, 3996 MHz, 248.12 W, 33
2026/10/08 03:45:06.767, 7, 2032 MHz, 3996 MHz, 237.31 W, 32
2026/10/08 03:45:07.767, 0, 120 MHz, 3996 MHz, 188.31 W, 36
2026/10/08 03:45:07.768, 1, 120 MHz, 3996 MHz, 188.23 W, 38
2026/10/08 03:45:07.768, 2, 1297 MHz, 3996 MHz, 930.77 W, 57
2026/10/08 03:45:07.768, 3, 2032 MHz, 3996 MHz, 806.15 W, 49
2026/10/08 03:45:07.768, 4, 2032 MHz, 3996 MHz, 244.34 W, 38
2026/10/08 03:45:07.768, 5, 2032 MHz, 3996 MHz, 237.14 W, 36
2026/10/08 03:45:07.768, 6, 2032 MHz, 3996 MHz, 251.92 W, 33
2026/10/08 03:45:07.768, 7, 2032 MHz, 3996 MHz, 256.74 W, 32
2026/10/08 03:45:08.768, 0, 120 MHz, 3996 MHz, 188.31 W, 37
2026/10/08 03:45:08.768, 1, 120 MHz, 3996 MHz, 188.23 W, 38
2026/10/08 03:45:08.768, 2, 2032 MHz, 3996 MHz, 825.88 W, 48
2026/10/08 03:45:08.768, 3, 2032 MHz, 3996 MHz, 806.24 W, 49
2026/10/08 03:45:08.768, 4, 2032 MHz, 3996 MHz, 244.34 W, 38
2026/10/08 03:45:08.768, 5, 2032 MHz, 3996 MHz, 237.14 W, 36
2026/10/08 03:45:08.768, 6, 2032 MHz, 3996 MHz, 246.82 W, 33
2026/10/08 03:45:08.768, 7, 2032 MHz, 3996 MHz, 238.68 W, 32
2026/10/08 03:45:09.768, 0, 120 MHz, 3996 MHz, 186.91 W, 37
2026/10/08 03:45:09.768, 1, 120 MHz, 3996 MHz, 188.23 W, 38
2026/10/08 03:45:09.768, 2, 2032 MHz, 3996 MHz, 801.97 W, 48
2026/10/08 03:45:09.768, 3, 2032 MHz, 3996 MHz, 940.52 W, 50
2026/10/08 03:45:09.768, 4, 2032 MHz, 3996 MHz, 244.27 W, 38
2026/10/08 03:45:09.768, 5, 2032 MHz, 3996 MHz, 255.10 W, 36
2026/10/08 03:45:09.768, 6, 2032 MHz, 3996 MHz, 266.01 W, 33
2026/10/08 03:45:09.768, 7, 2032 MHz, 3996 MHz, 238.62 W, 32
2026/10/08 03:45:10.768, 0, 120 MHz, 3996 MHz, 186.95 W, 37
2026/10/08 03:45:10.768, 1, 120 MHz, 3996 MHz, 188.23 W, 38
2026/10/08 03:45:10.768, 2, 2032 MHz, 3996 MHz, 807.96 W, 48
2026/10/08 03:45:10.768, 3, 2032 MHz, 3996 MHz, 801.06 W, 49
2026/10/08 03:45:10.768, 4, 2032 MHz, 3996 MHz, 244.34 W, 38
2026/10/08 03:45:10.768, 5, 2032 MHz, 3996 MHz, 236.74 W, 36
2026/10/08 03:45:10.768, 6, 2032 MHz, 3996 MHz, 248.71 W, 33
2026/10/08 03:45:10.768, 7, 2032 MHz, 3996 MHz, 238.60 W, 32
2026/10/08 03:45:11.769, 0, 120 MHz, 3996 MHz, 187.25 W, 37
2026/10/08 03:45:11.769, 1, 120 MHz, 3996 MHz, 188.23 W, 38
2026/10/08 03:45:11.769, 2, 1530 MHz, 3996 MHz, 821.39 W, 49
2026/10/08 03:45:11.769, 3, 2032 MHz, 3996 MHz, 803.56 W, 49
2026/10/08 03:45:11.769, 4, 2032 MHz, 3996 MHz, 244.32 W, 38
2026/10/08 03:45:11.769, 5, 2032 MHz, 3996 MHz, 253.74 W, 36
2026/10/08 03:45:11.769, 6, 2032 MHz, 3996 MHz, 248.65 W, 33
2026/10/08 03:45:11.769, 7, 2032 MHz, 3996 MHz, 238.76 W, 32
2026/10/08 03:45:12.769, 0, 120 MHz, 3996 MHz, 187.33 W, 37
2026/10/08 03:45:12.769, 1, 120 MHz, 3996 MHz, 188.23 W, 39
2026/10/08 03:45:12.769, 2, 2032 MHz, 3996 MHz, 939.48 W, 49
2026/10/08 03:45:12.769, 3, 2032 MHz, 3996 MHz, 806.18 W, 49
2026/10/08 03:45:12.769, 4, 2032 MHz, 3996 MHz, 244.34 W, 38
2026/10/08 03:45:12.769, 5, 2032 MHz, 3996 MHz, 237.49 W, 36
2026/10/08 03:45:12.769, 6, 2032 MHz, 3996 MHz, 248.70 W, 33
2026/10/08 03:45:12.769, 7, 2032 MHz, 3996 MHz, 238.68 W, 32
2026/10/08 03:45:13.769, 0, 120 MHz, 3996 MHz, 187.85 W, 37
2026/10/08 03:45:13.769, 1, 120 MHz, 3996 MHz, 188.23 W, 39
2026/10/08 03:45:13.769, 2, 2032 MHz, 3996 MHz, 802.49 W, 49
2026/10/08 03:45:13.769, 3, 1290 MHz, 3996 MHz, 935.47 W, 59
2026/10/08 03:45:13.769, 4, 2032 MHz, 3996 MHz, 244.34 W, 38
2026/10/08 03:45:13.769, 5, 2032 MHz, 3996 MHz, 237.18 W, 36
2026/10/08 03:45:13.769, 6, 2032 MHz, 3996 MHz, 248.72 W, 33
2026/10/08 03:45:13.769, 7, 2032 MHz, 3996 MHz, 238.68 W, 32
2026/10/08 03:45:14.769, 0, 120 MHz, 3996 MHz, 187.77 W, 37
2026/10/08 03:45:14.769, 1, 120 MHz, 3996 MHz, 188.23 W, 39
2026/10/08 03:45:14.769, 2, 2032 MHz, 3996 MHz, 808.29 W, 49
2026/10/08 03:45:14.769, 3, 2032 MHz, 3996 MHz, 807.14 W, 50
2026/10/08 03:45:14.769, 4, 2032 MHz, 3996 MHz, 244.34 W, 38
2026/10/08 03:45:14.769, 5, 2032 MHz, 3996 MHz, 237.28 W, 36
2026/10/08 03:45:14.769, 6, 2032 MHz, 3996 MHz, 248.35 W, 33
2026/10/08 03:45:14.769, 7, 2032 MHz, 3996 MHz, 238.64 W, 32
2026/10/08 03:45:15.770, 0, 120 MHz, 3996 MHz, 187.86 W, 37
2026/10/08 03:45:15.770, 1, 120 MHz, 3996 MHz, 188.23 W, 39
2026/10/08 03:45:15.770, 2, 2032 MHz, 3996 MHz, 808.95 W, 49
2026/10/08 03:45:15.770, 3, 2032 MHz, 3996 MHz, 801.12 W, 50
2026/10/08 03:45:15.770, 4, 2032 MHz, 3996 MHz, 244.34 W, 38
2026/10/08 03:45:15.770, 5, 2032 MHz, 3996 MHz, 237.61 W, 36
2026/10/08 03:45:15.770, 6, 2032 MHz, 3996 MHz, 248.31 W, 33
2026/10/08 03:45:15.770, 7, 2032 MHz, 3996 MHz, 238.68 W, 32
2026/10/08 03:45:16.770, 0, 120 MHz, 3996 MHz, 188.23 W, 37
2026/10/08 03:45:16.770, 1, 120 MHz, 3996 MHz, 188.23 W, 39
2026/10/08 03:45:16.770, 2, 2032 MHz, 3996 MHz, 955.05 W, 51
2026/10/08 03:45:16.770, 3, 2032 MHz, 3996 MHz, 804.57 W, 50
2026/10/08 03:45:16.770, 4, 2032 MHz, 3996 MHz, 244.34 W, 38
2026/10/08 03:45:16.770, 5, 2032 MHz, 3996 MHz, 237.08 W, 36
2026/10/08 03:45:16.770, 6, 2032 MHz, 3996 MHz, 248.09 W, 33
2026/10/08 03:45:16.770, 7, 2032 MHz, 3996 MHz, 238.68 W, 32
2026/10/08 03:45:17.770, 0, 120 MHz, 3996 MHz, 188.35 W, 38
2026/10/08 03:45:17.770, 1, 120 MHz, 3996 MHz, 188.23 W, 39
2026/10/08 03:45:17.770, 2, 2032 MHz, 3996 MHz, 804.24 W, 50
2026/10/08 03:45:17.770, 3, 1440 MHz, 3996 MHz, 852.89 W, 58
2026/10/08 03:45:17.770, 4, 2032 MHz, 3996 MHz, 244.34 W, 38
2026/10/08 03:45:17.770, 5, 2032 MHz, 3996 MHz, 236.97 W, 36
2026/10/08 03:45:17.770, 6, 2032 MHz, 3996 MHz, 248.20 W, 33
2026/10/08 03:45:17.770, 7, 2032 MHz, 3996 MHz, 238.68 W, 32
2026/10/08 03:45:18.770, 0, 120 MHz, 3996 MHz, 188.27 W, 38
2026/10/08 03:45:18.771, 1, 120 MHz, 3996 MHz, 188.23 W, 39
2026/10/08 03:45:18.771, 2, 2032 MHz, 3996 MHz, 804.75 W, 50
2026/10/08 03:45:18.771, 3, 2032 MHz, 3996 MHz, 915.40 W, 51
2026/10/08 03:45:18.771, 4, 2032 MHz, 3996 MHz, 244.34 W, 38
2026/10/08 03:45:18.771, 5, 2032 MHz, 3996 MHz, 236.92 W, 36
2026/10/08 03:45:18.771, 6, 2032 MHz, 3996 MHz, 248.17 W, 33
2026/10/08 03:45:18.771, 7, 2032 MHz, 3996 MHz, 238.68 W, 32
2026/10/08 03:45:19.771, 0, 120 MHz, 3996 MHz, 188.31 W, 38
2026/10/08 03:45:19.771, 1, 120 MHz, 3996 MHz, 188.23 W, 39
2026/10/08 03:45:19.771, 2, 2032 MHz, 3996 MHz, 809.12 W, 50
2026/10/08 03:45:19.771, 3, 2032 MHz, 3996 MHz, 804.06 W, 50
2026/10/08 03:45:19.771, 4, 2032 MHz, 3996 MHz, 244.34 W, 38
2026/10/08 03:45:19.771, 5, 2032 MHz, 3996 MHz, 236.86 W, 36
2026/10/08 03:45:19.771, 6, 2032 MHz, 3996 MHz, 248.20 W, 34
2026/10/08 03:45:19.771, 7, 2032 MHz, 3996 MHz, 238.68 W, 32
2026/10/08 03:45:20.771, 0, 120 MHz, 3996 MHz, 188.35 W, 38
2026/10/08 03:45:20.771, 1, 120 MHz, 3996 MHz, 188.23 W, 39
2026/10/08 03:45:20.771, 2, 1282 MHz, 3996 MHz, 936.07 W, 59
2026/10/08 03:45:20.771, 3, 2032 MHz, 3996 MHz, 807.97 W, 51
2026/10/08 03:45:20.771, 4, 2032 MHz, 3996 MHz, 244.34 W, 38
2026/10/08 03:45:20.771, 5, 2032 MHz, 3996 MHz, 237.05 W, 37
2026/10/08 03:45:20.771, 6, 2032 MHz, 3996 MHz, 248.32 W, 34
2026/10/08 03:45:20.771, 7, 2032 MHz, 3996 MHz, 238.68 W, 32
2026/10/08 03:45:21.771, 0, 120 MHz, 3996 MHz, 188.35 W, 38
2026/10/08 03:45:21.772, 1, 120 MHz, 3996 MHz, 188.23 W, 39
2026/10/08 03:45:21.772, 2, 2032 MHz, 3996 MHz, 828.07 W, 50
2026/10/08 03:45:21.772, 3, 2032 MHz, 3996 MHz, 809.62 W, 51
2026/10/08 03:45:21.772, 4, 2032 MHz, 3996 MHz, 244.38 W, 38
2026/10/08 03:45:21.772, 5, 2032 MHz, 3996 MHz, 237.28 W, 37
2026/10/08 03:45:21.772, 6, 2032 MHz, 3996 MHz, 248.47 W, 34
2026/10/08 03:45:21.772, 7, 2032 MHz, 3996 MHz, 238.68 W, 32
2026/10/08 03:45:22.772, 0, 120 MHz, 3996 MHz, 188.35 W, 38
2026/10/08 03:45:22.772, 1, 120 MHz, 3996 MHz, 188.23 W, 40
2026/10/08 03:45:22.772, 2, 2032 MHz, 3996 MHz, 801.95 W, 50
2026/10/08 03:45:22.772, 3, 2032 MHz, 3996 MHz, 368.59 W, 44
2026/10/08 03:45:22.772, 4, 2032 MHz, 3996 MHz, 244.34 W, 38
2026/10/08 03:45:22.772, 5, 2032 MHz, 3996 MHz, 237.03 W, 37
2026/10/08 03:45:22.772, 6, 2032 MHz, 3996 MHz, 248.51 W, 34
2026/10/08 03:45:22.772, 7, 2032 MHz, 3996 MHz, 238.68 W, 32
2026/10/08 03:45:23.772, 0, 120 MHz, 3996 MHz, 188.35 W, 38
2026/10/08 03:45:23.772, 1, 120 MHz, 3996 MHz, 188.26 W, 40
2026/10/08 03:45:23.772, 2, 2032 MHz, 3996 MHz, 808.60 W, 50
2026/10/08 03:45:23.772, 3, 2032 MHz, 3996 MHz, 257.75 W, 43
2026/10/08 03:45:23.772, 4, 2032 MHz, 3996 MHz, 244.49 W, 38
2026/10/08 03:45:23.772, 5, 2032 MHz, 3996 MHz, 237.10 W, 37
2026/10/08 03:45:23.772, 6, 2032 MHz, 3996 MHz, 248.66 W, 34
2026/10/08 03:45:23.772, 7, 2032 MHz, 3996 MHz, 238.68 W, 33
2026/10/08 03:45:24.772, 0, 120 MHz, 3996 MHz, 188.35 W, 38
2026/10/08 03:45:24.772, 1, 120 MHz, 3996 MHz, 188.23 W, 40
2026/10/08 03:45:24.772, 2, 2032 MHz, 3996 MHz, 765.18 W, 50
2026/10/08 03:45:24.772, 3, 2032 MHz, 3996 MHz, 244.71 W, 42
2026/10/08 03:45:24.772, 4, 2032 MHz, 3996 MHz, 244.41 W, 38
2026/10/08 03:45:24.772, 5, 2032 MHz, 3996 MHz, 236.89 W, 37
2026/10/08 03:45:24.772, 6, 2032 MHz, 3996 MHz, 248.49 W, 34
2026/10/08 03:45:24.772, 7, 2032 MHz, 3996 MHz, 238.68 W, 33
2026/10/08 03:45:25.773, 0, 120 MHz, 3996 MHz, 188.35 W, 38
2026/10/08 03:45:25.773, 1, 120 MHz, 3996 MHz, 188.26 W, 40
2026/10/08 03:45:25.773, 2, 2032 MHz, 3996 MHz, 250.90 W, 43
2026/10/08 03:45:25.773, 3, 2032 MHz, 3996 MHz, 245.22 W, 42
2026/10/08 03:45:25.773, 4, 2032 MHz, 3996 MHz, 244.45 W, 39
2026/10/08 03:45:25.773, 5, 2032 MHz, 3996 MHz, 236.83 W, 37
2026/10/08 03:45:25.773, 6, 2032 MHz, 3996 MHz, 248.70 W, 34
2026/10/08 03:45:25.773, 7, 2032 MHz, 3996 MHz, 238.68 W, 33
2026/10/08 03:45:26.773, 0, 120 MHz, 3996 MHz, 188.35 W, 39
2026/10/08 03:45:26.773, 1, 120 MHz, 3996 MHz, 188.54 W, 40
2026/10/08 03:45:26.773, 2, 2032 MHz, 3996 MHz, 253.79 W, 42
2026/10/08 03:45:26.773, 3, 2032 MHz, 3996 MHz, 244.45 W, 41
2026/10/08 03:45:26.773, 4, 2032 MHz, 3996 MHz, 244.41 W, 39
2026/10/08 03:45:26.773, 5, 2032 MHz, 3996 MHz, 237.05 W, 37
2026/10/08 03:45:26.773, 6, 2032 MHz, 3996 MHz, 248.69 W, 34
2026/10/08 03:45:26.773, 7, 2032 MHz, 3996 MHz, 238.68 W, 33
2026/10/08 03:45:27.773, 0, 120 MHz, 3996 MHz, 188.35 W, 39
2026/10/08 03:45:27.773, 1, 120 MHz, 3996 MHz, 188.62 W, 40
2026/10/08 03:45:27.773, 2, 2032 MHz, 3996 MHz, 244.01 W, 42
2026/10/08 03:45:27.773, 3, 480 MHz, 3996 MHz, 229.05 W, 40
2026/10/08 03:45:27.773, 4, 2032 MHz, 3996 MHz, 244.42 W, 39
2026/10/08 03:45:27.773, 5, 2032 MHz, 3996 MHz, 237.38 W, 37
2026/10/08 03:45:27.773, 6, 2032 MHz, 3996 MHz, 248.71 W, 34
2026/10/08 03:45:27.773, 7, 2032 MHz, 3996 MHz, 238.68 W, 33
2026/10/08 03:45:28.773, 0, 120 MHz, 3996 MHz, 188.35 W, 39
2026/10/08 03:45:28.773, 1, 120 MHz, 3996 MHz, 188.73 W, 40
2026/10/08 03:45:28.773, 2, 2032 MHz, 3996 MHz, 242.92 W, 41
2026/10/08 03:45:28.773, 3, 307 MHz, 3996 MHz, 190.50 W, 40
2026/10/08 03:45:28.773, 4, 2032 MHz, 3996 MHz, 244.45 W, 39
2026/10/08 03:45:28.773, 5, 2032 MHz, 3996 MHz, 237.35 W, 37
2026/10/08 03:45:28.773, 6, 2032 MHz, 3996 MHz, 248.68 W, 34
2026/10/08 03:45:28.773, 7, 2032 MHz, 3996 MHz, 238.68 W, 33
2026/10/08 03:45:29.774, 0, 120 MHz, 3996 MHz, 188.35 W, 39
2026/10/08 03:45:29.774, 1, 120 MHz, 3996 MHz, 189.02 W, 40
2026/10/08 03:45:29.774, 2, 525 MHz, 3996 MHz, 231.98 W, 40
2026/10/08 03:45:29.774, 3, 195 MHz, 3996 MHz, 188.54 W, 39
2026/10/08 03:45:29.774, 4, 2032 MHz, 3996 MHz, 244.87 W, 39
2026/10/08 03:45:29.774, 5, 2032 MHz, 3996 MHz, 237.59 W, 37
2026/10/08 03:45:29.774, 6, 2032 MHz, 3996 MHz, 248.69 W, 34
2026/10/08 03:45:29.774, 7, 2032 MHz, 3996 MHz, 238.71 W, 33
2026/10/08 03:45:30.774, 0, 120 MHz, 3996 MHz, 188.35 W, 39
2026/10/08 03:45:30.774, 1, 120 MHz, 3996 MHz, 189.16 W, 40
2026/10/08 03:45:30.774, 2, 330 MHz, 3996 MHz, 191.92 W, 40
2026/10/08 03:45:30.774, 3, 127 MHz, 3996 MHz, 188.01 W, 39
2026/10/08 03:45:30.774, 4, 2032 MHz, 3996 MHz, 245.35 W, 39
2026/10/08 03:45:30.774, 5, 2032 MHz, 3996 MHz, 237.79 W, 37
2026/10/08 03:45:30.774, 6, 2032 MHz, 3996 MHz, 248.69 W, 34
2026/10/08 03:45:30.774, 7, 2032 MHz, 3996 MHz, 238.72 W, 33
2026/10/08 03:45:31.774, 0, 120 MHz, 3996 MHz, 188.35 W, 39
2026/10/08 03:45:31.774, 1, 120 MHz, 3996 MHz, 189.62 W, 41
2026/10/08 03:45:31.774, 2, 210 MHz, 3996 MHz, 190.04 W, 40
2026/10/08 03:45:31.774, 3, 120 MHz, 3996 MHz, 188.01 W, 39
2026/10/08 03:45:31.774, 4, 2032 MHz, 3996 MHz, 245.00 W, 39
2026/10/08 03:45:31.774, 5, 2032 MHz, 3996 MHz, 237.32 W, 37
2026/10/08 03:45:31.774, 6, 2032 MHz, 3996 MHz, 248.67 W, 34
2026/10/08 03:45:31.774, 7, 2032 MHz, 3996 MHz, 238.68 W, 33
2026/10/08 03:45:32.774, 0, 120 MHz, 3996 MHz, 188.35 W, 39
2026/10/08 03:45:32.775, 1, 120 MHz, 3996 MHz, 189.63 W, 41
2026/10/08 03:45:32.775, 2, 135 MHz, 3996 MHz, 188.97 W, 39
2026/10/08 03:45:32.775, 3, 120 MHz, 3996 MHz, 188.01 W, 39
2026/10/08 03:45:32.775, 4, 2032 MHz, 3996 MHz, 244.87 W, 39
2026/10/08 03:45:32.775, 5, 2032 MHz, 3996 MHz, 237.72 W, 37
2026/10/08 03:45:32.775, 6, 2032 MHz, 3996 MHz, 248.67 W, 34
2026/10/08 03:45:32.775, 7, 2032 MHz, 3996 MHz, 238.75 W, 33
2026/10/08 03:45:33.775, 0, 120 MHz, 3996 MHz, 188.35 W, 39
2026/10/08 03:45:33.775, 1, 120 MHz, 3996 MHz, 189.89 W, 41
2026/10/08 03:45:33.775, 2, 120 MHz, 3996 MHz, 188.01 W, 39
2026/10/08 03:45:33.775, 3, 120 MHz, 3996 MHz, 188.01 W, 39
2026/10/08 03:45:33.775, 4, 2032 MHz, 3996 MHz, 245.00 W, 39
2026/10/08 03:45:33.775, 5, 2032 MHz, 3996 MHz, 237.24 W, 37
2026/10/08 03:45:33.775, 6, 2032 MHz, 3996 MHz, 248.69 W, 34
2026/10/08 03:45:33.775, 7, 2032 MHz, 3996 MHz, 238.68 W, 33
2026/10/08 03:45:34.775, 0, 120 MHz, 3996 MHz, 188.35 W, 39
2026/10/08 03:45:34.775, 1, 120 MHz, 3996 MHz, 190.09 W, 41
2026/10/08 03:45:34.775, 2, 120 MHz, 3996 MHz, 188.01 W, 39
2026/10/08 03:45:34.775, 3, 120 MHz, 3996 MHz, 188.01 W, 38
2026/10/08 03:45:34.775, 4, 2032 MHz, 3996 MHz, 245.36 W, 39
2026/10/08 03:45:34.775, 5, 2032 MHz, 3996 MHz, 237.97 W, 37
2026/10/08 03:45:34.775, 6, 2032 MHz, 3996 MHz, 248.69 W, 34
2026/10/08 03:45:34.775, 7, 2032 MHz, 3996 MHz, 238.68 W, 33
2026/10/08 03:45:35.775, 0, 120 MHz, 3996 MHz, 188.35 W, 39
2026/10/08 03:45:35.775, 1, 120 MHz, 3996 MHz, 189.94 W, 41
2026/10/08 03:45:35.775, 2, 120 MHz, 3996 MHz, 188.01 W, 39
2026/10/08 03:45:35.775, 3, 120 MHz, 3996 MHz, 188.01 W, 38
2026/10/08 03:45:35.775, 4, 2032 MHz, 3996 MHz, 245.42 W, 39
2026/10/08 03:45:35.775, 5, 2032 MHz, 3996 MHz, 238.13 W, 37
2026/10/08 03:45:35.775, 6, 2032 MHz, 3996 MHz, 248.67 W, 34
2026/10/08 03:45:35.775, 7, 2032 MHz, 3996 MHz, 238.68 W, 33
2026/10/08 03:45:36.776, 0, 120 MHz, 3996 MHz, 188.35 W, 39
2026/10/08 03:45:36.776, 1, 120 MHz, 3996 MHz, 190.05 W, 41
2026/10/08 03:45:36.776, 2, 120 MHz, 3996 MHz, 188.01 W, 38
2026/10/08 03:45:36.776, 3, 120 MHz, 3996 MHz, 187.77 W, 38
2026/10/08 03:45:36.776, 4, 2032 MHz, 3996 MHz, 245.25 W, 39
2026/10/08 03:45:36.776, 5, 2032 MHz, 3996 MHz, 238.31 W, 37
2026/10/08 03:45:36.776, 6, 2032 MHz, 3996 MHz, 248.67 W, 34
2026/10/08 03:45:36.776, 7, 2032 MHz, 3996 MHz, 238.72 W, 33
2026/10/08 03:45:37.776, 0, 120 MHz, 3996 MHz, 188.35 W, 39
2026/10/08 03:45:37.776, 1, 120 MHz, 3996 MHz, 190.13 W, 41
2026/10/08 03:45:37.776, 2, 120 MHz, 3996 MHz, 188.01 W, 38
2026/10/08 03:45:37.776, 3, 120 MHz, 3996 MHz, 187.93 W, 38
2026/10/08 03:45:37.776, 4, 2032 MHz, 3996 MHz, 245.29 W, 39
2026/10/08 03:45:37.776, 5, 2032 MHz, 3996 MHz, 238.05 W, 37
2026/10/08 03:45:37.776, 6, 2032 MHz, 3996 MHz, 248.68 W, 34
2026/10/08 03:45:37.776, 7, 2032 MHz, 3996 MHz, 238.68 W, 33
2026/10/08 03:45:38.776, 0, 120 MHz, 3996 MHz, 188.35 W, 39
2026/10/08 03:45:38.776, 1, 120 MHz, 3996 MHz, 190.17 W, 41
2026/10/08 03:45:38.776, 2, 120 MHz, 3996 MHz, 188.01 W, 38
2026/10/08 03:45:38.776, 3, 120 MHz, 3996 MHz, 187.47 W, 38
2026/10/08 03:45:38.776, 4, 2032 MHz, 3996 MHz, 245.97 W, 39
2026/10/08 03:45:38.776, 5, 2032 MHz, 3996 MHz, 238.03 W, 37
2026/10/08 03:45:38.776, 6, 2032 MHz, 3996 MHz, 248.69 W, 35
2026/10/08 03:45:38.776, 7, 2032 MHz, 3996 MHz, 238.72 W, 33
2026/10/08 03:45:39.776, 0, 120 MHz, 3996 MHz, 188.35 W, 39
2026/10/08 03:45:39.776, 1, 120 MHz, 3996 MHz, 190.17 W, 41
2026/10/08 03:45:39.776, 2, 120 MHz, 3996 MHz, 188.01 W, 38
2026/10/08 03:45:39.776, 3, 120 MHz, 3996 MHz, 187.38 W, 38
2026/10/08 03:45:39.776, 4, 2032 MHz, 3996 MHz, 245.67 W, 39
2026/10/08 03:45:39.776, 5, 2032 MHz, 3996 MHz, 238.10 W, 37
2026/10/08 03:45:39.776, 6, 2032 MHz, 3996 MHz, 248.68 W, 35
2026/10/08 03:45:39.776, 7, 2032 MHz, 3996 MHz, 238.76 W, 33
2026/10/08 03:45:40.777, 0, 120 MHz, 3996 MHz, 188.35 W, 39
2026/10/08 03:45:40.777, 1, 120 MHz, 3996 MHz, 190.17 W, 41
2026/10/08 03:45:40.777, 2, 120 MHz, 3996 MHz, 188.01 W, 38
2026/10/08 03:45:40.777, 3, 120 MHz, 3996 MHz, 187.36 W, 38
2026/10/08 03:45:40.777, 4, 2032 MHz, 3996 MHz, 246.09 W, 39
2026/10/08 03:45:40.777, 5, 2032 MHz, 3996 MHz, 237.77 W, 38
2026/10/08 03:45:40.777, 6, 2032 MHz, 3996 MHz, 248.69 W, 35
2026/10/08 03:45:40.777, 7, 2032 MHz, 3996 MHz, 238.83 W, 33
2026/10/08 03:45:41.777, 0, 120 MHz, 3996 MHz, 188.35 W, 39
2026/10/08 03:45:41.777, 1, 120 MHz, 3996 MHz, 190.17 W, 41
2026/10/08 03:45:41.777, 2, 120 MHz, 3996 MHz, 188.01 W, 38
2026/10/08 03:45:41.777, 3, 120 MHz, 3996 MHz, 187.05 W, 37
2026/10/08 03:45:41.777, 4, 2032 MHz, 3996 MHz, 246.16 W, 39
2026/10/08 03:45:41.777, 5, 2032 MHz, 3996 MHz, 238.28 W, 38
2026/10/08 03:45:41.777, 6, 2032 MHz, 3996 MHz, 248.70 W, 35
2026/10/08 03:45:41.777, 7, 2032 MHz, 3996 MHz, 238.98 W, 33
2026/10/08 03:45:42.777, 0, 120 MHz, 3996 MHz, 188.35 W, 39
2026/10/08 03:45:42.777, 1, 120 MHz, 3996 MHz, 190.17 W, 41
2026/10/08 03:45:42.777, 2, 120 MHz, 3996 MHz, 188.01 W, 38
2026/10/08 03:45:42.777, 3, 120 MHz, 3996 MHz, 187.16 W, 37
2026/10/08 03:45:42.777, 4, 2032 MHz, 3996 MHz, 246.24 W, 39
2026/10/08 03:45:42.777, 5, 2032 MHz, 3996 MHz, 238.35 W, 38
2026/10/08 03:45:42.777, 6, 2032 MHz, 3996 MHz, 248.69 W, 35
2026/10/08 03:45:42.777, 7, 2032 MHz, 3996 MHz, 239.11 W, 33
2026/10/08 03:45:43.777, 0, 120 MHz, 3996 MHz, 188.35 W, 39
2026/10/08 03:45:43.777, 1, 120 MHz, 3996 MHz, 190.17 W, 41
2026/10/08 03:45:43.777, 2, 120 MHz, 3996 MHz, 188.01 W, 38
2026/10/08 03:45:43.777, 3, 120 MHz, 3996 MHz, 186.99 W, 37
2026/10/08 03:45:43.777, 4, 2032 MHz, 3996 MHz, 246.24 W, 39
2026/10/08 03:45:43.777, 5, 2032 MHz, 3996 MHz, 238.24 W, 38
2026/10/08 03:45:43.777, 6, 2032 MHz, 3996 MHz, 248.69 W, 35
2026/10/08 03:45:43.778, 7, 2032 MHz, 3996 MHz, 239.11 W, 34
2026/10/08 03:45:44.778, 0, 120 MHz, 3996 MHz, 188.35 W, 39
2026/10/08 03:45:44.778, 1, 120 MHz, 3996 MHz, 190.17 W, 41
2026/10/08 03:45:44.778, 2, 120 MHz, 3996 MHz, 188.01 W, 37
2026/10/08 03:45:44.778, 3, 120 MHz, 3996 MHz, 186.75 W, 37
2026/10/08 03:45:44.778, 4, 2032 MHz, 3996 MHz, 246.24 W, 40
2026/10/08 03:45:44.778, 5, 2032 MHz, 3996 MHz, 238.24 W, 38
2026/10/08 03:45:44.778, 6, 2032 MHz, 3996 MHz, 248.69 W, 35
2026/10/08 03:45:44.778, 7, 2032 MHz, 3996 MHz, 239.49 W, 34
2026/10/08 03:45:45.778, 0, 120 MHz, 3996 MHz, 188.35 W, 40
2026/10/08 03:45:45.778, 1, 120 MHz, 3996 MHz, 190.17 W, 41
2026/10/08 03:45:45.778, 2, 120 MHz, 3996 MHz, 188.01 W, 37
2026/10/08 03:45:45.778, 3, 120 MHz, 3996 MHz, 186.50 W, 37
2026/10/08 03:45:45.778, 4, 2032 MHz, 3996 MHz, 246.24 W, 40
2026/10/08 03:45:45.778, 5, 2032 MHz, 3996 MHz, 238.46 W, 38
2026/10/08 03:45:45.778, 6, 2032 MHz, 3996 MHz, 248.69 W, 35
2026/10/08 03:45:45.778, 7, 2032 MHz, 3996 MHz, 239.44 W, 34
2026/10/08 03:45:46.778, 0, 120 MHz, 3996 MHz, 188.39 W, 40
2026/10/08 03:45:46.778, 1, 120 MHz, 3996 MHz, 190.17 W, 41
2026/10/08 03:45:46.778, 2, 120 MHz, 3996 MHz, 188.01 W, 37
2026/10/08 03:45:46.778, 3, 120 MHz, 3996 MHz, 186.43 W, 37
2026/10/08 03:45:46.778, 4, 2032 MHz, 3996 MHz, 246.28 W, 40
2026/10/08 03:45:46.778, 5, 2032 MHz, 3996 MHz, 238.57 W, 38
2026/10/08 03:45:46.778, 6, 2032 MHz, 3996 MHz, 248.72 W, 35
2026/10/08 03:45:46.778, 7, 2032 MHz, 3996 MHz, 239.86 W, 34
2026/10/08 03:45:47.778, 0, 120 MHz, 3996 MHz, 188.35 W, 40
2026/10/08 03:45:47.778, 1, 120 MHz, 3996 MHz, 190.17 W, 41
2026/10/08 03:45:47.779, 2, 120 MHz, 3996 MHz, 188.01 W, 37
2026/10/08 03:45:47.779, 3, 120 MHz, 3996 MHz, 186.28 W, 37
2026/10/08 03:45:47.779, 4, 2032 MHz, 3996 MHz, 246.24 W, 40
2026/10/08 03:45:47.779, 5, 2032 MHz, 3996 MHz, 238.48 W, 38
2026/10/08 03:45:47.779, 6, 2032 MHz, 3996 MHz, 248.85 W, 35
2026/10/08 03:45:47.779, 7, 2032 MHz, 3996 MHz, 239.96 W, 34
2026/10/08 03:45:48.779, 0, 120 MHz, 3996 MHz, 188.35 W, 40
2026/10/08 03:45:48.779, 1, 120 MHz, 3996 MHz, 190.17 W, 41
2026/10/08 03:45:48.779, 2, 120 MHz, 3996 MHz, 188.01 W, 37
2026/10/08 03:45:48.779, 3, 120 MHz, 3996 MHz, 186.12 W, 37
2026/10/08 03:45:48.779, 4, 2032 MHz, 3996 MHz, 246.28 W, 40
2026/10/08 03:45:48.779, 5, 2032 MHz, 3996 MHz, 238.45 W, 38
2026/10/08 03:45:48.779, 6, 2032 MHz, 3996 MHz, 248.77 W, 35
2026/10/08 03:45:48.779, 7, 2032 MHz, 3996 MHz, 239.92 W, 34
2026/10/08 03:45:49.779, 0, 120 MHz, 3996 MHz, 188.39 W, 40
2026/10/08 03:45:49.779, 1, 120 MHz, 3996 MHz, 190.17 W, 41
2026/10/08 03:45:49.779, 2, 120 MHz, 3996 MHz, 188.01 W, 37
2026/10/08 03:45:49.779, 3, 120 MHz, 3996 MHz, 186.16 W, 37
2026/10/08 03:45:49.779, 4, 2032 MHz, 3996 MHz, 246.28 W, 40
2026/10/08 03:45:49.779, 5, 2032 MHz, 3996 MHz, 238.44 W, 38
2026/10/08 03:45:49.779, 6, 2032 MHz, 3996 MHz, 248.69 W, 35
2026/10/08 03:45:49.779, 7, 2032 MHz, 3996 MHz, 239.97 W, 34
2026/10/08 03:45:50.779, 0, 120 MHz, 3996 MHz, 188.39 W, 40
2026/10/08 03:45:50.779, 1, 120 MHz, 3996 MHz, 190.17 W, 41
2026/10/08 03:45:50.779, 2, 120 MHz, 3996 MHz, 188.01 W, 37
2026/10/08 03:45:50.779, 3, 120 MHz, 3996 MHz, 186.16 W, 37
2026/10/08 03:45:50.779, 4, 2032 MHz, 3996 MHz, 246.28 W, 40
2026/10/08 03:45:50.779, 5, 2032 MHz, 3996 MHz, 238.42 W, 38
2026/10/08 03:45:50.779, 6, 2032 MHz, 3996 MHz, 248.71 W, 35
2026/10/08 03:45:50.779, 7, 2032 MHz, 3996 MHz, 240.12 W, 34
2026/10/08 03:45:51.780, 0, 120 MHz, 3996 MHz, 188.39 W, 40
2026/10/08 03:45:51.780, 1, 120 MHz, 3996 MHz, 190.17 W, 41
2026/10/08 03:45:51.780, 2, 120 MHz, 3996 MHz, 188.01 W, 37
2026/10/08 03:45:51.780, 3, 120 MHz, 3996 MHz, 186.09 W, 37
2026/10/08 03:45:51.780, 4, 2032 MHz, 3996 MHz, 246.28 W, 40
2026/10/08 03:45:51.780, 5, 2032 MHz, 3996 MHz, 238.40 W, 38
2026/10/08 03:45:51.780, 6, 2032 MHz, 3996 MHz, 248.68 W, 35
2026/10/08 03:45:51.780, 7, 2032 MHz, 3996 MHz, 239.92 W, 34
2026/10/08 03:45:52.780, 0, 2032 MHz, 3996 MHz, 199.58 W, 40
2026/10/08 03:45:52.780, 1, 120 MHz, 3996 MHz, 190.14 W, 41
2026/10/08 03:45:52.780, 2, 120 MHz, 3996 MHz, 188.01 W, 37
2026/10/08 03:45:52.780, 3, 120 MHz, 3996 MHz, 186.17 W, 37
2026/10/08 03:45:52.780, 4, 2032 MHz, 3996 MHz, 246.28 W, 40
2026/10/08 03:45:52.780, 5, 2032 MHz, 3996 MHz, 238.48 W, 38
2026/10/08 03:45:52.780, 6, 2032 MHz, 3996 MHz, 248.83 W, 35
2026/10/08 03:45:52.780, 7, 2032 MHz, 3996 MHz, 240.35 W, 34
2026/10/08 03:45:53.780, 0, 2032 MHz, 3996 MHz, 246.38 W, 41
2026/10/08 03:45:53.780, 1, 120 MHz, 3996 MHz, 190.04 W, 41
2026/10/08 03:45:53.780, 2, 120 MHz, 3996 MHz, 188.01 W, 37
2026/10/08 03:45:53.780, 3, 120 MHz, 3996 MHz, 186.05 W, 36
2026/10/08 03:45:53.780, 4, 2032 MHz, 3996 MHz, 246.28 W, 40
2026/10/08 03:45:53.780, 5, 2032 MHz, 3996 MHz, 238.40 W, 38
2026/10/08 03:45:53.780, 6, 2032 MHz, 3996 MHz, 248.75 W, 35
2026/10/08 03:45:53.780, 7, 2032 MHz, 3996 MHz, 240.24 W, 34
2026/10/08 03:45:54.780, 0, 2032 MHz, 3996 MHz, 246.41 W, 41
2026/10/08 03:45:54.781, 1, 120 MHz, 3996 MHz, 190.04 W, 41
2026/10/08 03:45:54.781, 2, 120 MHz, 3996 MHz, 188.01 W, 37
2026/10/08 03:45:54.781, 3, 120 MHz, 3996 MHz, 186.09 W, 36
2026/10/08 03:45:54.781, 4, 2032 MHz, 3996 MHz, 246.28 W, 40
2026/10/08 03:45:54.781, 5, 2032 MHz, 3996 MHz, 238.29 W, 38
2026/10/08 03:45:54.781, 6, 2032 MHz, 3996 MHz, 248.70 W, 35
2026/10/08 03:45:54.781, 7, 2032 MHz, 3996 MHz, 240.39 W, 34
2026/10/08 03:45:55.781, 0, 2032 MHz, 3996 MHz, 246.73 W, 41
2026/10/08 03:45:55.781, 1, 120 MHz, 3996 MHz, 190.04 W, 41
2026/10/08 03:45:55.781, 2, 120 MHz, 3996 MHz, 188.01 W, 37
2026/10/08 03:45:55.781, 3, 120 MHz, 3996 MHz, 186.12 W, 36
2026/10/08 03:45:55.781, 4, 2032 MHz, 3996 MHz, 246.28 W, 40
2026/10/08 03:45:55.781, 5, 2032 MHz, 3996 MHz, 238.45 W, 38
2026/10/08 03:45:55.781, 6, 2032 MHz, 3996 MHz, 248.72 W, 35
2026/10/08 03:45:55.781, 7, 2032 MHz, 3996 MHz, 240.35 W, 34
2026/10/08 03:45:56.781, 0, 2032 MHz, 3996 MHz, 246.98 W, 41
2026/10/08 03:45:56.781, 1, 120 MHz, 3996 MHz, 190.04 W, 41
2026/10/08 03:45:56.781, 2, 120 MHz, 3996 MHz, 188.01 W, 36
2026/10/08 03:45:56.781, 3, 120 MHz, 3996 MHz, 186.05 W, 36
2026/10/08 03:45:56.781, 4, 2032 MHz, 3996 MHz, 246.28 W, 40
2026/10/08 03:45:56.781, 5, 2032 MHz, 3996 MHz, 238.51 W, 38
2026/10/08 03:45:56.781, 6, 2032 MHz, 3996 MHz, 248.89 W, 35
2026/10/08 03:45:56.781, 7, 2032 MHz, 3996 MHz, 240.47 W, 34
2026/10/08 03:45:57.781, 0, 2032 MHz, 3996 MHz, 266.03 W, 42
2026/10/08 03:45:57.781, 1, 120 MHz, 3996 MHz, 189.99 W, 41
2026/10/08 03:45:57.781, 2, 120 MHz, 3996 MHz, 188.01 W, 36
2026/10/08 03:45:57.781, 3, 120 MHz, 3996 MHz, 186.05 W, 36
2026/10/08 03:45:57.781, 4, 2032 MHz, 3996 MHz, 246.28 W, 40
2026/10/08 03:45:57.781, 5, 2032 MHz, 3996 MHz, 238.55 W, 38
2026/10/08 03:45:57.781, 6, 2032 MHz, 3996 MHz, 248.86 W, 35
2026/10/08 03:45:57.781, 7, 2032 MHz, 3996 MHz, 240.58 W, 34
2026/10/08 03:45:58.782, 0, 2032 MHz, 3996 MHz, 246.78 W, 41
2026/10/08 03:45:58.782, 1, 120 MHz, 3996 MHz, 190.04 W, 41
2026/10/08 03:45:58.782, 2, 120 MHz, 3996 MHz, 188.01 W, 36
2026/10/08 03:45:58.782, 3, 120 MHz, 3996 MHz, 186.05 W, 36
2026/10/08 03:45:58.782, 4, 2032 MHz, 3996 MHz, 246.28 W, 40
2026/10/08 03:45:58.782, 5, 2032 MHz, 3996 MHz, 238.43 W, 38
2026/10/08 03:45:58.782, 6, 2032 MHz, 3996 MHz, 248.98 W, 35
2026/10/08 03:45:58.782, 7, 2032 MHz, 3996 MHz, 240.58 W, 34
2026/10/08 03:45:59.782, 0, 2032 MHz, 3996 MHz, 284.73 W, 41
2026/10/08 03:45:59.782, 1, 120 MHz, 3996 MHz, 189.96 W, 41
2026/10/08 03:45:59.782, 2, 120 MHz, 3996 MHz, 188.01 W, 36
2026/10/08 03:45:59.782, 3, 120 MHz, 3996 MHz, 186.05 W, 36
2026/10/08 03:45:59.782, 4, 2032 MHz, 3996 MHz, 246.28 W, 40
2026/10/08 03:45:59.782, 5, 2032 MHz, 3996 MHz, 238.50 W, 38
2026/10/08 03:45:59.782, 6, 2032 MHz, 3996 MHz, 248.94 W, 35
2026/10/08 03:45:59.782, 7, 2032 MHz, 3996 MHz, 240.62 W, 34
2026/10/08 03:46:00.782, 0, 2032 MHz, 3996 MHz, 246.63 W, 41
2026/10/08 03:46:00.782, 1, 120 MHz, 3996 MHz, 190.04 W, 41
2026/10/08 03:46:00.782, 2, 120 MHz, 3996 MHz, 188.01 W, 36
2026/10/08 03:46:00.782, 3, 120 MHz, 3996 MHz, 186.05 W, 36
2026/10/08 03:46:00.782, 4, 2032 MHz, 3996 MHz, 271.57 W, 42
2026/10/08 03:46:00.782, 5, 2032 MHz, 3996 MHz, 238.46 W, 38
2026/10/08 03:46:00.782, 6, 2032 MHz, 3996 MHz, 249.19 W, 35
2026/10/08 03:46:00.782, 7, 2032 MHz, 3996 MHz, 240.62 W, 34
2026/10/08 03:46:01.782, 0, 2032 MHz, 3996 MHz, 268.01 W, 41
2026/10/08 03:46:01.782, 1, 120 MHz, 3996 MHz, 190.00 W, 41
2026/10/08 03:46:01.782, 2, 120 MHz, 3996 MHz, 188.01 W, 36
2026/10/08 03:46:01.782, 3, 120 MHz, 3996 MHz, 186.05 W, 36
2026/10/08 03:46:01.782, 4, 2032 MHz, 3996 MHz, 311.90 W, 41
2026/10/08 03:46:01.782, 5, 2032 MHz, 3996 MHz, 238.44 W, 39
2026/10/08 03:46:01.782, 6, 2032 MHz, 3996 MHz, 249.96 W, 35
2026/10/08 03:46:01.782, 7, 2032 MHz, 3996 MHz, 240.62 W, 34
2026/10/08 03:46:02.783, 0, 2032 MHz, 3996 MHz, 248.36 W, 41
2026/10/08 03:46:02.783, 1, 120 MHz, 3996 MHz, 190.03 W, 41
2026/10/08 03:46:02.783, 2, 120 MHz, 3996 MHz, 188.01 W, 36
2026/10/08 03:46:02.783, 3, 120 MHz, 3996 MHz, 186.05 W, 36
2026/10/08 03:46:02.783, 4, 2032 MHz, 3996 MHz, 246.39 W, 41
2026/10/08 03:46:02.783, 5, 2032 MHz, 3996 MHz, 238.57 W, 39
2026/10/08 03:46:02.783, 6, 2032 MHz, 3996 MHz, 249.84 W, 36
2026/10/08 03:46:02.783, 7, 2032 MHz, 3996 MHz, 240.62 W, 34
2026/10/08 03:46:03.783, 0, 2032 MHz, 3996 MHz, 248.63 W, 41
2026/10/08 03:46:03.783, 1, 120 MHz, 3996 MHz, 190.03 W, 41
2026/10/08 03:46:03.783, 2, 120 MHz, 3996 MHz, 188.01 W, 36
2026/10/08 03:46:03.783, 3, 120 MHz, 3996 MHz, 186.20 W, 36
2026/10/08 03:46:03.783, 4, 2032 MHz, 3996 MHz, 297.87 W, 42
2026/10/08 03:46:03.783, 5, 2032 MHz, 3996 MHz, 238.56 W, 39
2026/10/08 03:46:03.783, 6, 2032 MHz, 3996 MHz, 249.99 W, 36
2026/10/08 03:46:03.783, 7, 2032 MHz, 3996 MHz, 240.62 W, 34
2026/10/08 03:46:04.783, 0, 2032 MHz, 3996 MHz, 253.44 W, 41
2026/10/08 03:46:04.783, 1, 120 MHz, 3996 MHz, 190.01 W, 41
2026/10/08 03:46:04.783, 2, 120 MHz, 3996 MHz, 188.01 W, 36
2026/10/08 03:46:04.783, 3, 120 MHz, 3996 MHz, 186.05 W, 36
2026/10/08 03:46:04.783, 4, 2032 MHz, 3996 MHz, 318.72 W, 41
2026/10/08 03:46:04.783, 5, 2032 MHz, 3996 MHz, 238.35 W, 39
2026/10/08 03:46:04.783, 6, 2032 MHz, 3996 MHz, 249.64 W, 36
2026/10/08 03:46:04.783, 7, 2032 MHz, 3996 MHz, 240.62 W, 35
2026/10/08 03:46:05.783, 0, 1327 MHz, 3996 MHz, 334.02 W, 50
2026/10/08 03:46:05.783, 1, 120 MHz, 3996 MHz, 189.96 W, 41
2026/10/08 03:46:05.783, 2, 120 MHz, 3996 MHz, 188.01 W, 36
2026/10/08 03:46:05.783, 3, 120 MHz, 3996 MHz, 186.05 W, 36
2026/10/08 03:46:05.783, 4, 2032 MHz, 3996 MHz, 269.87 W, 41
2026/10/08 03:46:05.783, 5, 2032 MHz, 3996 MHz, 238.54 W, 39
2026/10/08 03:46:05.783, 6, 2032 MHz, 3996 MHz, 249.67 W, 36
2026/10/08 03:46:05.783, 7, 2032 MHz, 3996 MHz, 240.62 W, 35
2026/10/08 03:46:06.784, 0, 2032 MHz, 3996 MHz, 254.96 W, 42
2026/10/08 03:46:06.784, 1, 120 MHz, 3996 MHz, 190.03 W, 41
2026/10/08 03:46:06.784, 2, 120 MHz, 3996 MHz, 188.01 W, 36
2026/10/08 03:46:06.784, 3, 120 MHz, 3996 MHz, 186.05 W, 36
2026/10/08 03:46:06.784, 4, 2032 MHz, 3996 MHz, 263.94 W, 41
2026/10/08 03:46:06.784, 5, 2032 MHz, 3996 MHz, 238.52 W, 39
2026/10/08 03:46:06.784, 6, 2032 MHz, 3996 MHz, 249.86 W, 36
2026/10/08 03:46:06.784, 7, 2032 MHz, 3996 MHz, 240.62 W, 35
2026/10/08 03:46:07.784, 0, 2032 MHz, 3996 MHz, 246.50 W, 41
2026/10/08 03:46:07.784, 1, 120 MHz, 3996 MHz, 190.04 W, 41
2026/10/08 03:46:07.784, 2, 120 MHz, 3996 MHz, 188.01 W, 36
2026/10/08 03:46:07.784, 3, 120 MHz, 3996 MHz, 186.05 W, 36
2026/10/08 03:46:07.784, 4, 2032 MHz, 3996 MHz, 247.72 W, 41
2026/10/08 03:46:07.784, 5, 2032 MHz, 3996 MHz, 238.61 W, 39
2026/10/08 03:46:07.784, 6, 2032 MHz, 3996 MHz, 250.01 W, 36
2026/10/08 03:46:07.784, 7, 2032 MHz, 3996 MHz, 240.62 W, 35
2026/10/08 03:46:08.784, 0, 2032 MHz, 3996 MHz, 256.88 W, 41
2026/10/08 03:46:08.784, 1, 120 MHz, 3996 MHz, 190.01 W, 41
2026/10/08 03:46:08.784, 2, 120 MHz, 3996 MHz, 188.01 W, 36
2026/10/08 03:46:08.784, 3, 120 MHz, 3996 MHz, 186.05 W, 36
2026/10/08 03:46:08.784, 4, 2032 MHz, 3996 MHz, 247.67 W, 41
2026/10/08 03:46:08.784, 5, 2032 MHz, 3996 MHz, 238.65 W, 39
2026/10/08 03:46:08.784, 6, 2032 MHz, 3996 MHz, 250.07 W, 36
2026/10/08 03:46:08.784, 7, 2032 MHz, 3996 MHz, 240.62 W, 35
2026/10/08 03:46:09.784, 0, 2032 MHz, 3996 MHz, 248.18 W, 41
2026/10/08 03:46:09.784, 1, 120 MHz, 3996 MHz, 190.03 W, 41
2026/10/08 03:46:09.784, 2, 120 MHz, 3996 MHz, 188.01 W, 36
2026/10/08 03:46:09.784, 3, 120 MHz, 3996 MHz, 186.05 W, 36
2026/10/08 03:46:09.784, 4, 2032 MHz, 3996 MHz, 247.72 W, 41
2026/10/08 03:46:09.784, 5, 2032 MHz, 3996 MHz, 238.69 W, 39
2026/10/08 03:46:09.784, 6, 2032 MHz, 3996 MHz, 250.15 W, 36
2026/10/08 03:46:09.784, 7, 2032 MHz, 3996 MHz, 240.62 W, 35
2026/10/08 03:46:10.785, 0, 937 MHz, 3996 MHz, 231.54 W, 41
2026/10/08 03:46:10.785, 1, 120 MHz, 3996 MHz, 190.08 W, 41
2026/10/08 03:46:10.785, 2, 120 MHz, 3996 MHz, 188.01 W, 36
2026/10/08 03:46:10.785, 3, 120 MHz, 3996 MHz, 186.05 W, 36
2026/10/08 03:46:10.785, 4, 2032 MHz, 3996 MHz, 247.72 W, 41
2026/10/08 03:46:10.785, 5, 2032 MHz, 3996 MHz, 238.61 W, 39
2026/10/08 03:46:10.786, 6, 2032 MHz, 3996 MHz, 250.10 W, 36
2026/10/08 03:46:10.786, 7, 2032 MHz, 3996 MHz, 240.62 W, 35
2026/10/08 03:46:11.786, 0, 592 MHz, 3996 MHz, 195.70 W, 40
2026/10/08 03:46:11.786, 1, 120 MHz, 3996 MHz, 190.17 W, 41
2026/10/08 03:46:11.786, 2, 120 MHz, 3996 MHz, 188.01 W, 36
2026/10/08 03:46:11.786, 3, 120 MHz, 3996 MHz, 186.05 W, 36
2026/10/08 03:46:11.786, 4, 2032 MHz, 3996 MHz, 248.02 W, 41
2026/10/08 03:46:11.786, 5, 2032 MHz, 3996 MHz, 239.13 W, 39
2026/10/08 03:46:11.786, 6, 2032 MHz, 3996 MHz, 250.51 W, 36
2026/10/08 03:46:11.786, 7, 2032 MHz, 3996 MHz, 240.62 W, 35
2026/10/08 03:46:12.786, 0, 375 MHz, 3996 MHz, 192.04 W, 40
2026/10/08 03:46:12.786, 1, 120 MHz, 3996 MHz, 190.17 W, 41
2026/10/08 03:46:12.786, 2, 120 MHz, 3996 MHz, 188.01 W, 36
2026/10/08 03:46:12.786, 3, 120 MHz, 3996 MHz, 186.05 W, 36
2026/10/08 03:46:12.786, 4, 2032 MHz, 3996 MHz, 251.78 W, 41
2026/10/08 03:46:12.786, 5, 2032 MHz, 3996 MHz, 238.93 W, 39
2026/10/08 03:46:12.786, 6, 2032 MHz, 3996 MHz, 250.54 W, 36
2026/10/08 03:46:12.786, 7, 2032 MHz, 3996 MHz, 240.62 W, 35
2026/10/08 03:46:13.786, 0, 232 MHz, 3996 MHz, 190.17 W, 40
2026/10/08 03:46:13.786, 1, 120 MHz, 3996 MHz, 190.17 W, 41
2026/10/08 03:46:13.786, 2, 120 MHz, 3996 MHz, 188.01 W, 36
2026/10/08 03:46:13.786, 3, 120 MHz, 3996 MHz, 186.05 W, 36
2026/10/08 03:46:13.786, 4, 2032 MHz, 3996 MHz, 249.76 W, 41
2026/10/08 03:46:13.786, 5, 2032 MHz, 3996 MHz, 238.95 W, 39
2026/10/08 03:46:13.786, 6, 2032 MHz, 3996 MHz, 250.51 W, 36
2026/10/08 03:46:13.786, 7, 2032 MHz, 3996 MHz, 240.62 W, 35
2026/10/08 03:46:14.786, 0, 150 MHz, 3996 MHz, 188.39 W, 40
2026/10/08 03:46:14.787, 1, 120 MHz, 3996 MHz, 190.17 W, 41
2026/10/08 03:46:14.787, 2, 120 MHz, 3996 MHz, 188.01 W, 36
2026/10/08 03:46:14.787, 3, 120 MHz, 3996 MHz, 186.05 W, 36
2026/10/08 03:46:14.787, 4, 2032 MHz, 3996 MHz, 253.05 W, 41
2026/10/08 03:46:14.787, 5, 2032 MHz, 3996 MHz, 238.76 W, 39
2026/10/08 03:46:14.787, 6, 2032 MHz, 3996 MHz, 250.47 W, 36
2026/10/08 03:46:14.787, 7, 2032 MHz, 3996 MHz, 240.62 W, 35
2026/10/08 03:46:15.787, 0, 120 MHz, 3996 MHz, 188.35 W, 40
2026/10/08 03:46:15.787, 1, 120 MHz, 3996 MHz, 190.17 W, 41
2026/10/08 03:46:15.787, 2, 120 MHz, 3996 MHz, 188.01 W, 36
2026/10/08 03:46:15.787, 3, 120 MHz, 3996 MHz, 186.05 W, 36
2026/10/08 03:46:15.787, 4, 2032 MHz, 3996 MHz, 248.18 W, 41
2026/10/08 03:46:15.787, 5, 2032 MHz, 3996 MHz, 238.97 W, 39
2026/10/08 03:46:15.787, 6, 2032 MHz, 3996 MHz, 250.35 W, 36
2026/10/08 03:46:15.787, 7, 2032 MHz, 3996 MHz, 240.62 W, 35
2026/10/08 03:46:16.787, 0, 120 MHz, 3996 MHz, 188.35 W, 40
2026/10/08 03:46:16.787, 1, 120 MHz, 3996 MHz, 190.13 W, 41
2026/10/08 03:46:16.787, 2, 120 MHz, 3996 MHz, 188.01 W, 36
2026/10/08 03:46:16.787, 3, 120 MHz, 3996 MHz, 186.05 W, 36
2026/10/08 03:46:16.787, 4, 2032 MHz, 3996 MHz, 248.22 W, 41
2026/10/08 03:46:16.787, 5, 2032 MHz, 3996 MHz, 239.06 W, 39
2026/10/08 03:46:16.787, 6, 2032 MHz, 3996 MHz, 250.52 W, 36
2026/10/08 03:46:16.787, 7, 2032 MHz, 3996 MHz, 240.62 W, 35
2026/10/08 03:46:17.787, 0, 120 MHz, 3996 MHz, 188.35 W, 40
2026/10/08 03:46:17.787, 1, 120 MHz, 3996 MHz, 190.17 W, 41
2026/10/08 03:46:17.787, 2, 120 MHz, 3996 MHz, 188.01 W, 36
2026/10/08 03:46:17.787, 3, 120 MHz, 3996 MHz, 186.05 W, 36
2026/10/08 03:46:17.787, 4, 2032 MHz, 3996 MHz, 248.22 W, 41
2026/10/08 03:46:17.787, 5, 2032 MHz, 3996 MHz, 238.73 W, 39
2026/10/08 03:46:17.787, 6, 2032 MHz, 3996 MHz, 250.42 W, 36
2026/10/08 03:46:17.787, 7, 2032 MHz, 3996 MHz, 240.62 W, 35
2026/10/08 03:46:18.788, 0, 120 MHz, 3996 MHz, 188.35 W, 40
2026/10/08 03:46:18.788, 1, 120 MHz, 3996 MHz, 190.17 W, 41
2026/10/08 03:46:18.788, 2, 2032 MHz, 3996 MHz, 204.77 W, 36
2026/10/08 03:46:18.788, 3, 120 MHz, 3996 MHz, 186.01 W, 36
2026/10/08 03:46:18.788, 4, 2032 MHz, 3996 MHz, 248.22 W, 41
2026/10/08 03:46:18.788, 5, 2032 MHz, 3996 MHz, 238.90 W, 39
2026/10/08 03:46:18.788, 6, 2032 MHz, 3996 MHz, 250.62 W, 36
2026/10/08 03:46:18.788, 7, 2032 MHz, 3996 MHz, 240.62 W, 35
2026/10/08 03:46:19.788, 0, 120 MHz, 3996 MHz, 188.35 W, 40
2026/10/08 03:46:19.788, 1, 120 MHz, 3996 MHz, 190.17 W, 41
2026/10/08 03:46:19.788, 2, 2032 MHz, 3996 MHz, 238.78 W, 37
2026/10/08 03:46:19.788, 3, 2032 MHz, 3996 MHz, 193.64 W, 36
2026/10/08 03:46:19.788, 4, 2032 MHz, 3996 MHz, 248.22 W, 41
2026/10/08 03:46:19.788, 5, 2032 MHz, 3996 MHz, 238.87 W, 39
2026/10/08 03:46:19.788, 6, 2032 MHz, 3996 MHz, 250.55 W, 36
2026/10/08 03:46:19.788, 7, 2032 MHz, 3996 MHz, 240.62 W, 35
2026/10/08 03:46:20.788, 0, 120 MHz, 3996 MHz, 188.35 W, 40
2026/10/08 03:46:20.788, 1, 120 MHz, 3996 MHz, 190.17 W, 41
2026/10/08 03:46:20.788, 2, 2032 MHz, 3996 MHz, 239.47 W, 37
2026/10/08 03:46:20.788, 3, 2032 MHz, 3996 MHz, 240.37 W, 36
2026/10/08 03:46:20.788, 4, 2032 MHz, 3996 MHz, 248.22 W, 41
2026/10/08 03:46:20.788, 5, 2032 MHz, 3996 MHz, 238.84 W, 39
2026/10/08 03:46:20.788, 6, 2032 MHz, 3996 MHz, 250.47 W, 36
2026/10/08 03:46:20.788, 7, 2032 MHz, 3996 MHz, 240.62 W, 35
2026/10/08 03:46:21.789, 0, 120 MHz, 3996 MHz, 188.35 W, 40
2026/10/08 03:46:21.789, 1, 120 MHz, 3996 MHz, 190.17 W, 41
2026/10/08 03:46:21.789, 2, 2032 MHz, 3996 MHz, 240.51 W, 37
2026/10/08 03:46:21.789, 3, 2032 MHz, 3996 MHz, 240.57 W, 37
2026/10/08 03:46:21.789, 4, 2032 MHz, 3996 MHz, 251.89 W, 41
2026/10/08 03:46:21.789, 5, 2032 MHz, 3996 MHz, 238.70 W, 39
2026/10/08 03:46:21.789, 6, 2032 MHz, 3996 MHz, 250.48 W, 36
2026/10/08 03:46:21.789, 7, 2032 MHz, 3996 MHz, 240.62 W, 35
2026/10/08 03:46:22.789, 0, 120 MHz, 3996 MHz, 188.35 W, 40
2026/10/08 03:46:22.789, 1, 120 MHz, 3996 MHz, 190.17 W, 41
2026/10/08 03:46:22.789, 2, 2032 MHz, 3996 MHz, 239.96 W, 37
2026/10/08 03:46:22.789, 3, 2032 MHz, 3996 MHz, 240.99 W, 37
2026/10/08 03:46:22.789, 4, 2032 MHz, 3996 MHz, 247.21 W, 41
2026/10/08 03:46:22.789, 5, 2032 MHz, 3996 MHz, 239.05 W, 39
2026/10/08 03:46:22.789, 6, 2032 MHz, 3996 MHz, 250.55 W, 36
2026/10/08 03:46:22.789, 7, 2032 MHz, 3996 MHz, 240.62 W, 35
2026/10/08 03:46:23.789, 0, 120 MHz, 3996 MHz, 188.35 W, 40
2026/10/08 03:46:23.789, 1, 120 MHz, 3996 MHz, 190.17 W, 41
2026/10/08 03:46:23.789, 2, 2032 MHz, 3996 MHz, 279.77 W, 38
2026/10/08 03:46:23.789, 3, 2032 MHz, 3996 MHz, 241.06 W, 37
2026/10/08 03:46:23.789, 4, 2032 MHz, 3996 MHz, 247.91 W, 41
2026/10/08 03:46:23.789, 5, 2032 MHz, 3996 MHz, 238.82 W, 39
2026/10/08 03:46:23.789, 6, 2032 MHz, 3996 MHz, 250.60 W, 36
2026/10/08 03:46:23.789, 7, 2032 MHz, 3996 MHz, 240.62 W, 35
2026/10/08 03:46:24.789, 0, 120 MHz, 3996 MHz, 188.35 W, 40
2026/10/08 03:46:24.789, 1, 120 MHz, 3996 MHz, 190.17 W, 41
2026/10/08 03:46:24.789, 2, 2032 MHz, 3996 MHz, 249.45 W, 37
2026/10/08 03:46:24.789, 3, 2032 MHz, 3996 MHz, 277.86 W, 37
2026/10/08 03:46:24.789, 4, 2032 MHz, 3996 MHz, 248.22 W, 41
2026/10/08 03:46:24.789, 5, 2032 MHz, 3996 MHz, 238.98 W, 39
2026/10/08 03:46:24.789, 6, 2032 MHz, 3996 MHz, 250.47 W, 36
2026/10/08 03:46:24.789, 7, 2032 MHz, 3996 MHz, 240.62 W, 35
2026/10/08 03:46:25.790, 0, 120 MHz, 3996 MHz, 188.35 W, 40
2026/10/08 03:46:25.790, 1, 120 MHz, 3996 MHz, 190.17 W, 41
2026/10/08 03:46:25.790, 2, 2032 MHz, 3996 MHz, 354.04 W, 38
2026/10/08 03:46:25.790, 3, 2032 MHz, 3996 MHz, 265.66 W, 37
2026/10/08 03:46:25.790, 4, 2032 MHz, 3996 MHz, 248.22 W, 41
2026/10/08 03:46:25.790, 5, 2032 MHz, 3996 MHz, 238.86 W, 39
2026/10/08 03:46:25.790, 6, 2032 MHz, 3996 MHz, 250.42 W, 36
2026/10/08 03:46:25.790, 7, 2032 MHz, 3996 MHz, 240.62 W, 35
2026/10/08 03:46:26.790, 0, 120 MHz, 3996 MHz, 188.35 W, 39
2026/10/08 03:46:26.790, 1, 120 MHz, 3996 MHz, 190.17 W, 41
2026/10/08 03:46:26.790, 2, 2032 MHz, 3996 MHz, 336.03 W, 38
2026/10/08 03:46:26.790, 3, 2032 MHz, 3996 MHz, 355.31 W, 39
2026/10/08 03:46:26.790, 4, 2032 MHz, 3996 MHz, 248.22 W, 41
2026/10/08 03:46:26.790, 5, 2032 MHz, 3996 MHz, 239.02 W, 39
2026/10/08 03:46:26.790, 6, 2032 MHz, 3996 MHz, 250.35 W, 36
2026/10/08 03:46:26.790, 7, 2032 MHz, 3996 MHz, 240.62 W, 35
2026/10/08 03:46:27.790, 0, 120 MHz, 3996 MHz, 188.35 W, 39
2026/10/08 03:46:27.790, 1, 120 MHz, 3996 MHz, 190.13 W, 41
2026/10/08 03:46:27.790, 2, 2032 MHz, 3996 MHz, 270.67 W, 37
2026/10/08 03:46:27.790, 3, 2032 MHz, 3996 MHz, 334.05 W, 38
2026/10/08 03:46:27.790, 4, 2032 MHz, 3996 MHz, 248.22 W, 41
2026/10/08 03:46:27.790, 5, 2032 MHz, 3996 MHz, 238.94 W, 39
2026/10/08 03:46:27.790, 6, 2032 MHz, 3996 MHz, 250.55 W, 36
2026/10/08 03:46:27.790, 7, 2032 MHz, 3996 MHz, 240.62 W, 35
2026/10/08 03:46:28.790, 0, 120 MHz, 3996 MHz, 188.35 W, 39
2026/10/08 03:46:28.790, 1, 120 MHz, 3996 MHz, 190.09 W, 41
2026/10/08 03:46:28.791, 2, 2032 MHz, 3996 MHz, 255.74 W, 37
2026/10/08 03:46:28.791, 3, 2032 MHz, 3996 MHz, 270.75 W, 37
2026/10/08 03:46:28.791, 4, 2032 MHz, 3996 MHz, 248.22 W, 41
2026/10/08 03:46:28.791, 5, 2032 MHz, 3996 MHz, 239.26 W, 40
2026/10/08 03:46:28.791, 6, 2032 MHz, 3996 MHz, 270.32 W, 36
2026/10/08 03:46:28.791, 7, 2032 MHz, 3996 MHz, 240.54 W, 35
2026/10/08 03:46:29.791, 0, 120 MHz, 3996 MHz, 188.35 W, 39
2026/10/08 03:46:29.791, 1, 120 MHz, 3996 MHz, 190.09 W, 41
2026/10/08 03:46:29.791, 2, 2032 MHz, 3996 MHz, 246.56 W, 37
2026/10/08 03:46:29.791, 3, 2032 MHz, 3996 MHz, 261.91 W, 37
2026/10/08 03:46:29.791, 4, 2032 MHz, 3996 MHz, 248.22 W, 42
2026/10/08 03:46:29.791, 5, 2032 MHz, 3996 MHz, 256.95 W, 40
2026/10/08 03:46:29.791, 6, 2032 MHz, 3996 MHz, 305.08 W, 38
2026/10/08 03:46:29.791, 7, 2032 MHz, 3996 MHz, 240.43 W, 35
2026/10/08 03:46:30.791, 0, 120 MHz, 3996 MHz, 188.35 W, 39
2026/10/08 03:46:30.791, 1, 120 MHz, 3996 MHz, 190.13 W, 41
2026/10/08 03:46:30.791, 2, 2032 MHz, 3996 MHz, 240.45 W, 36
2026/10/08 03:46:30.791, 3, 2032 MHz, 3996 MHz, 247.02 W, 37
2026/10/08 03:46:30.791, 4, 2032 MHz, 3996 MHz, 247.99 W, 42
2026/10/08 03:46:30.791, 5, 2032 MHz, 3996 MHz, 307.66 W, 42
2026/10/08 03:46:30.791, 6, 2032 MHz, 3996 MHz, 309.36 W, 37
2026/10/08 03:46:30.791, 7, 2032 MHz, 3996 MHz, 273.92 W, 35
2026/10/08 03:46:31.791, 0, 120 MHz, 3996 MHz, 188.35 W, 39
2026/10/08 03:46:31.791, 1, 120 MHz, 3996 MHz, 190.13 W, 41
2026/10/08 03:46:31.791, 2, 2032 MHz, 3996 MHz, 240.27 W, 36
2026/10/08 03:46:31.791, 3, 2032 MHz, 3996 MHz, 240.57 W, 36
2026/10/08 03:46:31.791, 4, 2032 MHz, 3996 MHz, 248.08 W, 42
2026/10/08 03:46:31.791, 5, 2032 MHz, 3996 MHz, 289.29 W, 40
2026/10/08 03:46:31.791, 6, 2032 MHz, 3996 MHz, 291.56 W, 37
2026/10/08 03:46:31.791, 7, 2032 MHz, 3996 MHz, 320.28 W, 36
2026/10/08 03:46:32.791, 0, 120 MHz, 3996 MHz, 188.35 W, 39
2026/10/08 03:46:32.791, 1, 120 MHz, 3996 MHz, 190.13 W, 41
2026/10/08 03:46:32.791, 2, 2032 MHz, 3996 MHz, 240.39 W, 36
2026/10/08 03:46:32.791, 3, 2032 MHz, 3996 MHz, 240.57 W, 36
2026/10/08 03:46:32.791, 4, 2032 MHz, 3996 MHz, 248.09 W, 42
2026/10/08 03:46:32.791, 5, 2032 MHz, 3996 MHz, 281.23 W, 41
2026/10/08 03:46:32.791, 6, 2032 MHz, 3996 MHz, 291.44 W, 36
2026/10/08 03:46:32.791, 7, 2032 MHz, 3996 MHz, 282.23 W, 36
2026/10/08 03:46:33.792, 0, 120 MHz, 3996 MHz, 188.35 W, 39
2026/10/08 03:46:33.792, 1, 120 MHz, 3996 MHz, 190.09 W, 41
2026/10/08 03:46:33.792, 2, 2032 MHz, 3996 MHz, 249.26 W, 36
2026/10/08 03:46:33.792, 3, 2032 MHz, 3996 MHz, 240.73 W, 36
2026/10/08 03:46:33.792, 4, 2032 MHz, 3996 MHz, 248.13 W, 42
2026/10/08 03:46:33.792, 5, 2032 MHz, 3996 MHz, 269.67 W, 40
2026/10/08 03:46:33.792, 6, 2032 MHz, 3996 MHz, 256.97 W, 36
2026/10/08 03:46:33.792, 7, 2032 MHz, 3996 MHz, 279.59 W, 35
2026/10/08 03:46:34.792, 0, 120 MHz, 3996 MHz, 188.35 W, 39
2026/10/08 03:46:34.792, 1, 120 MHz, 3996 MHz, 190.17 W, 41
2026/10/08 03:46:34.792, 2, 2032 MHz, 3996 MHz, 239.85 W, 36
2026/10/08 03:46:34.792, 3, 2032 MHz, 3996 MHz, 248.97 W, 36
2026/10/08 03:46:34.792, 4, 2032 MHz, 3996 MHz, 256.01 W, 42
2026/10/08 03:46:34.792, 5, 2032 MHz, 3996 MHz, 246.85 W, 40
2026/10/08 03:46:34.792, 6, 2032 MHz, 3996 MHz, 267.97 W, 36
2026/10/08 03:46:34.792, 7, 2032 MHz, 3996 MHz, 258.40 W, 35
2026/10/08 03:46:35.792, 0, 120 MHz, 3996 MHz, 188.35 W, 39
2026/10/08 03:46:35.792, 1, 120 MHz, 3996 MHz, 190.05 W, 41
2026/10/08 03:46:35.792, 2, 2032 MHz, 3996 MHz, 239.19 W, 36
2026/10/08 03:46:35.792, 3, 2032 MHz, 3996 MHz, 240.57 W, 36
2026/10/08 03:46:35.792, 4, 2032 MHz, 3996 MHz, 255.93 W, 42
2026/10/08 03:46:35.792, 5, 2032 MHz, 3996 MHz, 257.45 W, 40
2026/10/08 03:46:35.792, 6, 2032 MHz, 3996 MHz, 261.32 W, 36
2026/10/08 03:46:35.792, 7, 2032 MHz, 3996 MHz, 253.41 W, 35
2026/10/08 03:46:36.792, 0, 120 MHz, 3996 MHz, 188.35 W, 39
2026/10/08 03:46:36.792, 1, 120 MHz, 3996 MHz, 190.17 W, 41
2026/10/08 03:46:36.793, 2, 2032 MHz, 3996 MHz, 238.99 W, 36
2026/10/08 03:46:36.793, 3, 2032 MHz, 3996 MHz, 240.49 W, 36
2026/10/08 03:46:36.793, 4, 2032 MHz, 3996 MHz, 248.18 W, 42
2026/10/08 03:46:36.793, 5, 2032 MHz, 3996 MHz, 251.24 W, 40
2026/10/08 03:46:36.793, 6, 2032 MHz, 3996 MHz, 254.07 W, 36
2026/10/08 03:46:36.793, 7, 2032 MHz, 3996 MHz, 257.27 W, 35
2026/10/08 03:46:37.793, 0, 120 MHz, 3996 MHz, 188.35 W, 39
2026/10/08 03:46:37.793, 1, 120 MHz, 3996 MHz, 190.13 W, 41
2026/10/08 03:46:37.793, 2, 2032 MHz, 3996 MHz, 238.71 W, 36
2026/10/08 03:46:37.793, 3, 2032 MHz, 3996 MHz, 240.49 W, 36
2026/10/08 03:46:37.793, 4, 2032 MHz, 3996 MHz, 248.21 W, 42
2026/10/08 03:46:37.793, 5, 2032 MHz, 3996 MHz, 242.47 W, 40
2026/10/08 03:46:37.793, 6, 2032 MHz, 3996 MHz, 250.52 W, 36
2026/10/08 03:46:37.793, 7, 2032 MHz, 3996 MHz, 249.56 W, 35
2026/10/08 03:46:38.793, 0, 120 MHz, 3996 MHz, 188.35 W, 39
2026/10/08 03:46:38.793, 1, 120 MHz, 3996 MHz, 190.13 W, 41
2026/10/08 03:46:38.793, 2, 2032 MHz, 3996 MHz, 238.59 W, 36
2026/10/08 03:46:38.793, 3, 2032 MHz, 3996 MHz, 240.53 W, 36
2026/10/08 03:46:38.793, 4, 2032 MHz, 3996 MHz, 248.22 W, 42
2026/10/08 03:46:38.793, 5, 2032 MHz, 3996 MHz, 240.23 W, 40
2026/10/08 03:46:38.793, 6, 2032 MHz, 3996 MHz, 250.54 W, 36
2026/10/08 03:46:38.793, 7, 2032 MHz, 3996 MHz, 240.62 W, 34
2026/10/08 03:46:39.793, 0, 120 MHz, 3996 MHz, 188.35 W, 39
2026/10/08 03:46:39.793, 1, 120 MHz, 3996 MHz, 190.05 W, 41
2026/10/08 03:46:39.793, 2, 2032 MHz, 3996 MHz, 238.65 W, 36
2026/10/08 03:46:39.793, 3, 2032 MHz, 3996 MHz, 240.41 W, 36
2026/10/08 03:46:39.793, 4, 2032 MHz, 3996 MHz, 248.22 W, 42
2026/10/08 03:46:39.793, 5, 2032 MHz, 3996 MHz, 240.20 W, 40
2026/10/08 03:46:39.793, 6, 2032 MHz, 3996 MHz, 250.55 W, 36
2026/10/08 03:46:39.793, 7, 2032 MHz, 3996 MHz, 240.62 W, 34
2026/10/08 03:46:40.793, 0, 120 MHz, 3996 MHz, 188.35 W, 39
2026/10/08 03:46:40.793, 1, 120 MHz, 3996 MHz, 189.98 W, 41
2026/10/08 03:46:40.793, 2, 2032 MHz, 3996 MHz, 239.45 W, 36
2026/10/08 03:46:40.793, 3, 2032 MHz, 3996 MHz, 543.52 W, 40
2026/10/08 03:46:40.793, 4, 2032 MHz, 3996 MHz, 248.22 W, 42
2026/10/08 03:46:40.793, 5, 2032 MHz, 3996 MHz, 240.31 W, 40
2026/10/08 03:46:40.793, 6, 2032 MHz, 3996 MHz, 250.53 W, 35
2026/10/08 03:46:40.793, 7, 2032 MHz, 3996 MHz, 240.62 W, 34
2026/10/08 03:46:41.794, 0, 120 MHz, 3996 MHz, 188.35 W, 39
2026/10/08 03:46:41.794, 1, 120 MHz, 3996 MHz, 190.01 W, 41
2026/10/08 03:46:41.794, 2, 2032 MHz, 3996 MHz, 239.45 W, 36
2026/10/08 03:46:41.794, 3, 2032 MHz, 3996 MHz, 525.70 W, 40
2026/10/08 03:46:41.794, 4, 2032 MHz, 3996 MHz, 248.22 W, 42
2026/10/08 03:46:41.794, 5, 2032 MHz, 3996 MHz, 240.29 W, 40
2026/10/08 03:46:41.794, 6, 2032 MHz, 3996 MHz, 250.60 W, 35
2026/10/08 03:46:41.794, 7, 2032 MHz, 3996 MHz, 240.62 W, 34
2026/10/08 03:46:42.794, 0, 120 MHz, 3996 MHz, 188.35 W, 39
2026/10/08 03:46:42.794, 1, 120 MHz, 3996 MHz, 190.01 W, 41
2026/10/08 03:46:42.794, 2, 2032 MHz, 3996 MHz, 239.34 W, 36
2026/10/08 03:46:42.794, 3, 2032 MHz, 3996 MHz, 522.95 W, 40
2026/10/08 03:46:42.794, 4, 2032 MHz, 3996 MHz, 248.22 W, 42
2026/10/08 03:46:42.794, 5, 2032 MHz, 3996 MHz, 240.39 W, 40
2026/10/08 03:46:42.794, 6, 2032 MHz, 3996 MHz, 250.58 W, 35
2026/10/08 03:46:42.794, 7, 2032 MHz, 3996 MHz, 240.62 W, 34
2026/10/08 03:46:43.794, 0, 120 MHz, 3996 MHz, 188.35 W, 39
2026/10/08 03:46:43.794, 1, 120 MHz, 3996 MHz, 189.93 W, 41
2026/10/08 03:46:43.794, 2, 2032 MHz, 3996 MHz, 239.38 W, 36
2026/10/08 03:46:43.794, 3, 2032 MHz, 3996 MHz, 516.20 W, 41
2026/10/08 03:46:43.794, 4, 2032 MHz, 3996 MHz, 248.22 W, 42
2026/10/08 03:46:43.794, 5, 2032 MHz, 3996 MHz, 240.24 W, 40
2026/10/08 03:46:43.794, 6, 2032 MHz, 3996 MHz, 250.57 W, 35
2026/10/08 03:46:43.794, 7, 2032 MHz, 3996 MHz, 240.62 W, 34
2026/10/08 03:46:44.794, 0, 120 MHz, 3996 MHz, 188.35 W, 39
2026/10/08 03:46:44.794, 1, 120 MHz, 3996 MHz, 189.90 W, 41
2026/10/08 03:46:44.794, 2, 2032 MHz, 3996 MHz, 499.34 W, 40
2026/10/08 03:46:44.794, 3, 2032 MHz, 3996 MHz, 516.36 W, 41
2026/10/08 03:46:44.794, 4, 2032 MHz, 3996 MHz, 248.22 W, 42
2026/10/08 03:46:44.794, 5, 2032 MHz, 3996 MHz, 240.47 W, 40
2026/10/08 03:46:44.794, 6, 2032 MHz, 3996 MHz, 250.54 W, 35
2026/10/08 03:46:44.794, 7, 2032 MHz, 3996 MHz, 240.62 W, 34
2026/10/08 03:46:45.795, 0, 120 MHz, 3996 MHz, 188.35 W, 39
2026/10/08 03:46:45.795, 1, 120 MHz, 3996 MHz, 189.56 W, 41
2026/10/08 03:46:45.795, 2, 2032 MHz, 3996 MHz, 526.23 W, 39
2026/10/08 03:46:45.795, 3, 2032 MHz, 3996 MHz, 515.63 W, 41
2026/10/08 03:46:45.795, 4, 2032 MHz, 3996 MHz, 248.22 W, 42
2026/10/08 03:46:45.795, 5, 2032 MHz, 3996 MHz, 240.42 W, 40
2026/10/08 03:46:45.795, 6, 2032 MHz, 3996 MHz, 254.15 W, 35
2026/10/08 03:46:45.795, 7, 2032 MHz, 3996 MHz, 240.61 W, 34
2026/10/08 03:46:46.795, 0, 120 MHz, 3996 MHz, 188.35 W, 39
2026/10/08 03:46:46.795, 1, 120 MHz, 3996 MHz, 189.90 W, 41
2026/10/08 03:46:46.795, 2, 2032 MHz, 3996 MHz, 525.58 W, 40
2026/10/08 03:46:46.795, 3, 2032 MHz, 3996 MHz, 541.97 W, 40
2026/10/08 03:46:46.795, 4, 2032 MHz, 3996 MHz, 248.21 W, 42
2026/10/08 03:46:46.795, 5, 2032 MHz, 3996 MHz, 243.63 W, 40
2026/10/08 03:46:46.795, 6, 2032 MHz, 3996 MHz, 250.54 W, 35
2026/10/08 03:46:46.795, 7, 2032 MHz, 3996 MHz, 244.05 W, 34
2026/10/08 03:46:47.795, 0, 120 MHz, 3996 MHz, 188.35 W, 39
2026/10/08 03:46:47.795, 1, 120 MHz, 3996 MHz, 189.75 W, 41
2026/10/08 03:46:47.795, 2, 2032 MHz, 3996 MHz, 522.85 W, 41
2026/10/08 03:46:47.795, 3, 2032 MHz, 3996 MHz, 562.93 W, 42
2026/10/08 03:46:47.795, 4, 2032 MHz, 3996 MHz, 248.22 W, 42
2026/10/08 03:46:47.795, 5, 2032 MHz, 3996 MHz, 240.51 W, 40
2026/10/08 03:46:47.795, 6, 2032 MHz, 3996 MHz, 255.59 W, 35
2026/10/08 03:46:47.795, 7, 2032 MHz, 3996 MHz, 240.81 W, 34
2026/10/08 03:46:48.795, 0, 120 MHz, 3996 MHz, 188.35 W, 39
2026/10/08 03:46:48.795, 1, 120 MHz, 3996 MHz, 189.47 W, 41
2026/10/08 03:46:48.795, 2, 2032 MHz, 3996 MHz, 515.82 W, 40
2026/10/08 03:46:48.795, 3, 2032 MHz, 3996 MHz, 559.15 W, 41
2026/10/08 03:46:48.795, 4, 2032 MHz, 3996 MHz, 248.21 W, 42
2026/10/08 03:46:48.795, 5, 2032 MHz, 3996 MHz, 244.88 W, 40
2026/10/08 03:46:48.795, 6, 2032 MHz, 3996 MHz, 252.07 W, 35
2026/10/08 03:46:48.795, 7, 2032 MHz, 3996 MHz, 243.72 W, 34
2026/10/08 03:46:49.796, 0, 120 MHz, 3996 MHz, 188.35 W, 39
2026/10/08 03:46:49.796, 1, 120 MHz, 3996 MHz, 189.43 W, 41
2026/10/08 03:46:49.796, 2, 2032 MHz, 3996 MHz, 529.31 W, 41
2026/10/08 03:46:49.796, 3, 2032 MHz, 3996 MHz, 565.76 W, 42
2026/10/08 03:46:49.796, 4, 2032 MHz, 3996 MHz, 248.22 W, 42
2026/10/08 03:46:49.796, 5, 2032 MHz, 3996 MHz, 241.96 W, 40
2026/10/08 03:46:49.796, 6, 2032 MHz, 3996 MHz, 250.41 W, 35
2026/10/08 03:46:49.796, 7, 2032 MHz, 3996 MHz, 243.76 W, 34
2026/10/08 03:46:50.796, 0, 120 MHz, 3996 MHz, 188.35 W, 39
2026/10/08 03:46:50.796, 1, 120 MHz, 3996 MHz, 189.47 W, 41
2026/10/08 03:46:50.796, 2, 2032 MHz, 3996 MHz, 504.62 W, 40
2026/10/08 03:46:50.796, 3, 2032 MHz, 3996 MHz, 557.59 W, 42
2026/10/08 03:46:50.796, 4, 2032 MHz, 3996 MHz, 248.22 W, 42
2026/10/08 03:46:50.796, 5, 2032 MHz, 3996 MHz, 240.31 W, 40
2026/10/08 03:46:50.796, 6, 2032 MHz, 3996 MHz, 250.32 W, 35
2026/10/08 03:46:50.796, 7, 2032 MHz, 3996 MHz, 240.54 W, 34
2026/10/08 03:46:51.796, 0, 120 MHz, 3996 MHz, 188.35 W, 39
2026/10/08 03:46:51.796, 1, 120 MHz, 3996 MHz, 189.04 W, 41
2026/10/08 03:46:51.796, 2, 2032 MHz, 3996 MHz, 532.90 W, 41
2026/10/08 03:46:51.796, 3, 2032 MHz, 3996 MHz, 602.12 W, 42
2026/10/08 03:46:51.796, 4, 2032 MHz, 3996 MHz, 248.22 W, 42
2026/10/08 03:46:51.796, 5, 2032 MHz, 3996 MHz, 240.48 W, 40
2026/10/08 03:46:51.796, 6, 2032 MHz, 3996 MHz, 250.10 W, 35
2026/10/08 03:46:51.796, 7, 2032 MHz, 3996 MHz, 240.58 W, 34
2026/10/08 03:46:52.796, 0, 120 MHz, 3996 MHz, 188.35 W, 39
2026/10/08 03:46:52.796, 1, 120 MHz, 3996 MHz, 188.95 W, 41
2026/10/08 03:46:52.796, 2, 2032 MHz, 3996 MHz, 556.43 W, 41
2026/10/08 03:46:52.796, 3, 2032 MHz, 3996 MHz, 563.63 W, 42
2026/10/08 03:46:52.796, 4, 2032 MHz, 3996 MHz, 248.22 W, 42
2026/10/08 03:46:52.796, 5, 2032 MHz, 3996 MHz, 240.46 W, 40
2026/10/08 03:46:52.796, 6, 2032 MHz, 3996 MHz, 250.27 W, 35
2026/10/08 03:46:52.796, 7, 2032 MHz, 3996 MHz, 240.20 W, 34
2026/10/08 03:46:53.797, 0, 120 MHz, 3996 MHz, 188.35 W, 39
2026/10/08 03:46:53.797, 1, 120 MHz, 3996 MHz, 189.24 W, 41
2026/10/08 03:46:53.797, 2, 2032 MHz, 3996 MHz, 561.27 W, 41
2026/10/08 03:46:53.797, 3, 2032 MHz, 3996 MHz, 543.98 W, 42
2026/10/08 03:46:53.797, 4, 2032 MHz, 3996 MHz, 248.22 W, 42
2026/10/08 03:46:53.797, 5, 2032 MHz, 3996 MHz, 240.42 W, 40
2026/10/08 03:46:53.797, 6, 2032 MHz, 3996 MHz, 250.01 W, 35
2026/10/08 03:46:53.797, 7, 2032 MHz, 3996 MHz, 240.39 W, 33
2026/10/08 03:46:54.797, 0, 120 MHz, 3996 MHz, 188.35 W, 39
2026/10/08 03:46:54.797, 1, 120 MHz, 3996 MHz, 189.08 W, 41
2026/10/08 03:46:54.797, 2, 2032 MHz, 3996 MHz, 571.03 W, 42
2026/10/08 03:46:54.797, 3, 2032 MHz, 3996 MHz, 524.41 W, 41
2026/10/08 03:46:54.797, 4, 2032 MHz, 3996 MHz, 248.22 W, 42
2026/10/08 03:46:54.797, 5, 2032 MHz, 3996 MHz, 240.44 W, 40
2026/10/08 03:46:54.797, 6, 2032 MHz, 3996 MHz, 249.93 W, 35
2026/10/08 03:46:54.797, 7, 2032 MHz, 3996 MHz, 240.09 W, 33
2026/10/08 03:46:55.797, 0, 120 MHz, 3996 MHz, 188.35 W, 39
2026/10/08 03:46:55.797, 1, 120 MHz, 3996 MHz, 189.06 W, 41
2026/10/08 03:46:55.797, 2, 2032 MHz, 3996 MHz, 553.50 W, 41
2026/10/08 03:46:55.797, 3, 2032 MHz, 3996 MHz, 527.86 W, 41
2026/10/08 03:46:55.797, 4, 2032 MHz, 3996 MHz, 248.22 W, 42
2026/10/08 03:46:55.797, 5, 2032 MHz, 3996 MHz, 240.35 W, 40
2026/10/08 03:46:55.797, 6, 2032 MHz, 3996 MHz, 249.92 W, 35
2026/10/08 03:46:55.797, 7, 2032 MHz, 3996 MHz, 240.19 W, 33
2026/10/08 03:46:56.797, 0, 120 MHz, 3996 MHz, 188.35 W, 39
2026/10/08 03:46:56.797, 1, 120 MHz, 3996 MHz, 188.99 W, 40
2026/10/08 03:46:56.797, 2, 2032 MHz, 3996 MHz, 552.02 W, 41
2026/10/08 03:46:56.797, 3, 2032 MHz, 3996 MHz, 542.76 W, 41
2026/10/08 03:46:56.797, 4, 2032 MHz, 3996 MHz, 248.22 W, 42
2026/10/08 03:46:56.797, 5, 2032 MHz, 3996 MHz, 240.32 W, 40
2026/10/08 03:46:56.797, 6, 2032 MHz, 3996 MHz, 253.39 W, 35
2026/10/08 03:46:56.797, 7, 2032 MHz, 3996 MHz, 239.37 W, 33
2026/10/08 03:46:57.798, 0, 120 MHz, 3996 MHz, 188.35 W, 39
2026/10/08 03:46:57.798, 1, 120 MHz, 3996 MHz, 189.12 W, 40
2026/10/08 03:46:57.798, 2, 2032 MHz, 3996 MHz, 537.28 W, 41
2026/10/08 03:46:57.798, 3, 2032 MHz, 3996 MHz, 516.21 W, 41
2026/10/08 03:46:57.798, 4, 2032 MHz, 3996 MHz, 248.22 W, 42
2026/10/08 03:46:57.798, 5, 2032 MHz, 3996 MHz, 240.41 W, 40
2026/10/08 03:46:57.798, 6, 2032 MHz, 3996 MHz, 248.74 W, 35
2026/10/08 03:46:57.798, 7, 2032 MHz, 3996 MHz, 239.59 W, 33
2026/10/08 03:46:58.798, 0, 120 MHz, 3996 MHz, 188.35 W, 39
2026/10/08 03:46:58.798, 1, 120 MHz, 3996 MHz, 189.06 W, 40
2026/10/08 03:46:58.798, 2, 2032 MHz, 3996 MHz, 544.68 W, 41
2026/10/08 03:46:58.798, 3, 2032 MHz, 3996 MHz, 537.70 W, 41
2026/10/08 03:46:58.798, 4, 2032 MHz, 3996 MHz, 248.21 W, 42
2026/10/08 03:46:58.798, 5, 2032 MHz, 3996 MHz, 243.80 W, 40
2026/10/08 03:46:58.798, 6, 2032 MHz, 3996 MHz, 248.69 W, 35
2026/10/08 03:46:58.798, 7, 2032 MHz, 3996 MHz, 239.14 W, 33
2026/10/08 03:46:59.798, 0, 120 MHz, 3996 MHz, 188.35 W, 39
2026/10/08 03:46:59.798, 1, 120 MHz, 3996 MHz, 189.03 W, 40
2026/10/08 03:46:59.798, 2, 2032 MHz, 3996 MHz, 535.40 W, 41
2026/10/08 03:46:59.798, 3, 2032 MHz, 3996 MHz, 505.96 W, 41
2026/10/08 03:46:59.798, 4, 2032 MHz, 3996 MHz, 248.22 W, 42
2026/10/08 03:46:59.798, 5, 2032 MHz, 3996 MHz, 239.58 W, 40
2026/10/08 03:46:59.798, 6, 2032 MHz, 3996 MHz, 248.67 W, 35
2026/10/08 03:46:59.798, 7, 2032 MHz, 3996 MHz, 242.80 W, 33
2026/10/08 03:47:00.798, 0, 120 MHz, 3996 MHz, 188.35 W, 39
2026/10/08 03:47:00.799, 1, 120 MHz, 3996 MHz, 188.96 W, 40
2026/10/08 03:47:00.799, 2, 2032 MHz, 3996 MHz, 517.10 W, 41
2026/10/08 03:47:00.799, 3, 2032 MHz, 3996 MHz, 530.10 W, 42
2026/10/08 03:47:00.799, 4, 2032 MHz, 3996 MHz, 248.22 W, 42
2026/10/08 03:47:00.799, 5, 2032 MHz, 3996 MHz, 239.60 W, 40
2026/10/08 03:47:00.799, 6, 2032 MHz, 3996 MHz, 248.66 W, 34
2026/10/08 03:47:00.799, 7, 2032 MHz, 3996 MHz, 238.68 W, 33
2026/10/08 03:47:01.799, 0, 120 MHz, 3996 MHz, 188.35 W, 39
2026/10/08 03:47:01.799, 1, 120 MHz, 3996 MHz, 189.06 W, 40
2026/10/08 03:47:01.799, 2, 2032 MHz, 3996 MHz, 527.48 W, 42
2026/10/08 03:47:01.799, 3, 2032 MHz, 3996 MHz, 527.98 W, 41
2026/10/08 03:47:01.799, 4, 2032 MHz, 3996 MHz, 248.22 W, 42
2026/10/08 03:47:01.799, 5, 2032 MHz, 3996 MHz, 239.16 W, 40
2026/10/08 03:47:01.799, 6, 2032 MHz, 3996 MHz, 249.05 W, 34
2026/10/08 03:47:01.799, 7, 2032 MHz, 3996 MHz, 238.68 W, 33
2026/10/08 03:47:02.799, 0, 120 MHz, 3996 MHz, 188.35 W, 39
2026/10/08 03:47:02.799, 1, 120 MHz, 3996 MHz, 188.69 W, 40
2026/10/08 03:47:02.799, 2, 2032 MHz, 3996 MHz, 525.77 W, 41
2026/10/08 03:47:02.799, 3, 2032 MHz, 3996 MHz, 540.45 W, 42
2026/10/08 03:47:02.799, 4, 2032 MHz, 3996 MHz, 248.22 W, 41
2026/10/08 03:47:02.799, 5, 2032 MHz, 3996 MHz, 239.17 W, 40
2026/10/08 03:47:02.799, 6, 2032 MHz, 3996 MHz, 248.77 W, 34
2026/10/08 03:47:02.799, 7, 2032 MHz, 3996 MHz, 238.68 W, 33
2026/10/08 03:47:03.799, 0, 120 MHz, 3996 MHz, 188.35 W, 39
2026/10/08 03:47:03.799, 1, 120 MHz, 3996 MHz, 189.60 W, 40
2026/10/08 03:47:03.799, 2, 2032 MHz, 3996 MHz, 525.42 W, 41
2026/10/08 03:47:03.799, 3, 2032 MHz, 3996 MHz, 560.79 W, 43
2026/10/08 03:47:03.799, 4, 2032 MHz, 3996 MHz, 248.22 W, 41
2026/10/08 03:47:03.799, 5, 2032 MHz, 3996 MHz, 239.88 W, 40
2026/10/08 03:47:03.799, 6, 2032 MHz, 3996 MHz, 248.86 W, 34
2026/10/08 03:47:03.799, 7, 2032 MHz, 3996 MHz, 238.68 W, 33
2026/10/08 03:47:04.800, 0, 120 MHz, 3996 MHz, 188.35 W, 39
2026/10/08 03:47:04.800, 1, 120 MHz, 3996 MHz, 190.17 W, 40
2026/10/08 03:47:04.800, 2, 2032 MHz, 3996 MHz, 545.26 W, 41
2026/10/08 03:47:04.800, 3, 2032 MHz, 3996 MHz, 565.61 W, 42
2026/10/08 03:47:04.800, 4, 2032 MHz, 3996 MHz, 248.22 W, 41
2026/10/08 03:47:04.800, 5, 2032 MHz, 3996 MHz, 240.37 W, 40
2026/10/08 03:47:04.800, 6, 2032 MHz, 3996 MHz, 248.78 W, 34
2026/10/08 03:47:04.800, 7, 2032 MHz, 3996 MHz, 239.21 W, 33
2026/10/08 03:47:05.800, 0, 120 MHz, 3996 MHz, 188.35 W, 39
2026/10/08 03:47:05.800, 1, 120 MHz, 3996 MHz, 190.17 W, 40
2026/10/08 03:47:05.800, 2, 2032 MHz, 3996 MHz, 536.01 W, 41
2026/10/08 03:47:05.800, 3, 2032 MHz, 3996 MHz, 541.28 W, 42
2026/10/08 03:47:05.800, 4, 2032 MHz, 3996 MHz, 248.22 W, 41
2026/10/08 03:47:05.800, 5, 2032 MHz, 3996 MHz, 240.27 W, 40
2026/10/08 03:47:05.800, 6, 2032 MHz, 3996 MHz, 248.72 W, 34
2026/10/08 03:47:05.800, 7, 2032 MHz, 3996 MHz, 238.68 W, 33
2026/10/08 03:47:06.800, 0, 120 MHz, 3996 MHz, 188.35 W, 39
2026/10/08 03:47:06.800, 1, 120 MHz, 3996 MHz, 190.17 W, 40
2026/10/08 03:47:06.800, 2, 2032 MHz, 3996 MHz, 557.97 W, 41
2026/10/08 03:47:06.800, 3, 2032 MHz, 3996 MHz, 545.43 W, 41
2026/10/08 03:47:06.800, 4, 2032 MHz, 3996 MHz, 248.22 W, 41
2026/10/08 03:47:06.800, 5, 2032 MHz, 3996 MHz, 240.20 W, 40
2026/10/08 03:47:06.800, 6, 2032 MHz, 3996 MHz, 248.85 W, 34
2026/10/08 03:47:06.800, 7, 2032 MHz, 3996 MHz, 238.76 W, 33
2026/10/08 03:47:07.801, 0, 120 MHz, 3996 MHz, 188.35 W, 39
2026/10/08 03:47:07.801, 1, 120 MHz, 3996 MHz, 190.17 W, 40
2026/10/08 03:47:07.801, 2, 2032 MHz, 3996 MHz, 557.40 W, 41
2026/10/08 03:47:07.801, 3, 2032 MHz, 3996 MHz, 534.51 W, 41
2026/10/08 03:47:07.801, 4, 2032 MHz, 3996 MHz, 248.22 W, 41
2026/10/08 03:47:07.801, 5, 2032 MHz, 3996 MHz, 240.14 W, 40
2026/10/08 03:47:07.801, 6, 2032 MHz, 3996 MHz, 248.63 W, 34
2026/10/08 03:47:07.801, 7, 2032 MHz, 3996 MHz, 238.68 W, 32
2026/10/08 03:47:08.801, 0, 120 MHz, 3996 MHz, 188.35 W, 39
2026/10/08 03:47:08.801, 1, 120 MHz, 3996 MHz, 190.17 W, 40
2026/10/08 03:47:08.801, 2, 2032 MHz, 3996 MHz, 600.65 W, 42
2026/10/08 03:47:08.801, 3, 2032 MHz, 3996 MHz, 534.54 W, 42
2026/10/08 03:47:08.801, 4, 2032 MHz, 3996 MHz, 248.22 W, 41
2026/10/08 03:47:08.801, 5, 2032 MHz, 3996 MHz, 240.10 W, 39
2026/10/08 03:47:08.801, 6, 2032 MHz, 3996 MHz, 248.68 W, 34
2026/10/08 03:47:08.801, 7, 2032 MHz, 3996 MHz, 238.68 W, 32
2026/10/08 03:47:09.801, 0, 120 MHz, 3996 MHz, 188.35 W, 39
2026/10/08 03:47:09.801, 1, 120 MHz, 3996 MHz, 190.17 W, 40
2026/10/08 03:47:09.801, 2, 2032 MHz, 3996 MHz, 554.11 W, 42
2026/10/08 03:47:09.801, 3, 2032 MHz, 3996 MHz, 527.06 W, 42
2026/10/08 03:47:09.801, 4, 2032 MHz, 3996 MHz, 248.22 W, 41
2026/10/08 03:47:09.801, 5, 2032 MHz, 3996 MHz, 240.14 W, 39
2026/10/08 03:47:09.801, 6, 2032 MHz, 3996 MHz, 248.64 W, 34
2026/10/08 03:47:09.801, 7, 2032 MHz, 3996 MHz, 238.68 W, 32
2026/10/08 03:47:10.801, 0, 120 MHz, 3996 MHz, 188.35 W, 39
2026/10/08 03:47:10.802, 1, 120 MHz, 3996 MHz, 190.17 W, 40
2026/10/08 03:47:10.802, 2, 2032 MHz, 3996 MHz, 535.89 W, 41
2026/10/08 03:47:10.802, 3, 2032 MHz, 3996 MHz, 529.44 W, 42
2026/10/08 03:47:10.802, 4, 2032 MHz, 3996 MHz, 248.22 W, 41
2026/10/08 03:47:10.802, 5, 2032 MHz, 3996 MHz, 240.29 W, 39
2026/10/08 03:47:10.802, 6, 2032 MHz, 3996 MHz, 248.66 W, 34
2026/10/08 03:47:10.802, 7, 2032 MHz, 3996 MHz, 238.68 W, 32
2026/10/08 03:47:11.802, 0, 120 MHz, 3996 MHz, 188.35 W, 39
2026/10/08 03:47:11.802, 1, 120 MHz, 3996 MHz, 190.17 W, 40
2026/10/08 03:47:11.802, 2, 2032 MHz, 3996 MHz, 547.97 W, 42
2026/10/08 03:47:11.802, 3, 2032 MHz, 3996 MHz, 548.04 W, 42
2026/10/08 03:47:11.802, 4, 2032 MHz, 3996 MHz, 248.22 W, 41
2026/10/08 03:47:11.802, 5, 2032 MHz, 3996 MHz, 240.16 W, 39
2026/10/08 03:47:11.802, 6, 2032 MHz, 3996 MHz, 248.67 W, 34
2026/10/08 03:47:11.802, 7, 2032 MHz, 3996 MHz, 238.68 W, 32
2026/10/08 03:47:12.802, 0, 2032 MHz, 3996 MHz, 207.90 W, 39
2026/10/08 03:47:12.802, 1, 120 MHz, 3996 MHz, 190.11 W, 40
2026/10/08 03:47:12.802, 2, 2032 MHz, 3996 MHz, 514.28 W, 41
2026/10/08 03:47:12.802, 3, 2032 MHz, 3996 MHz, 542.46 W, 42
2026/10/08 03:47:12.802, 4, 2032 MHz, 3996 MHz, 248.22 W, 41
2026/10/08 03:47:12.802, 5, 2032 MHz, 3996 MHz, 240.30 W, 39
2026/10/08 03:47:12.802, 6, 2032 MHz, 3996 MHz, 248.65 W, 34
2026/10/08 03:47:12.802, 7, 2032 MHz, 3996 MHz, 238.68 W, 32
2026/10/08 03:47:13.802, 0, 2032 MHz, 3996 MHz, 246.30 W, 40
2026/10/08 03:47:13.802, 1, 120 MHz, 3996 MHz, 190.04 W, 40
2026/10/08 03:47:13.802, 2, 2032 MHz, 3996 MHz, 536.77 W, 41
2026/10/08 03:47:13.802, 3, 2032 MHz, 3996 MHz, 554.08 W, 42
2026/10/08 03:47:13.802, 4, 2032 MHz, 3996 MHz, 248.22 W, 41
2026/10/08 03:47:13.802, 5, 2032 MHz, 3996 MHz, 240.06 W, 39
2026/10/08 03:47:13.802, 6, 2032 MHz, 3996 MHz, 248.68 W, 34
2026/10/08 03:47:13.802, 7, 2032 MHz, 3996 MHz, 238.68 W, 32
2026/10/08 03:47:14.802, 0, 2032 MHz, 3996 MHz, 246.36 W, 40
2026/10/08 03:47:14.802, 1, 120 MHz, 3996 MHz, 190.04 W, 40
2026/10/08 03:47:14.802, 2, 2032 MHz, 3996 MHz, 541.28 W, 42
2026/10/08 03:47:14.802, 3, 2032 MHz, 3996 MHz, 563.27 W, 42
2026/10/08 03:47:14.802, 4, 2032 MHz, 3996 MHz, 248.22 W, 41
2026/10/08 03:47:14.802, 5, 2032 MHz, 3996 MHz, 240.33 W, 39
2026/10/08 03:47:14.802, 6, 2032 MHz, 3996 MHz, 248.70 W, 34
2026/10/08 03:47:14.803, 7, 2032 MHz, 3996 MHz, 238.68 W, 32
2026/10/08 03:47:15.803, 0, 2032 MHz, 3996 MHz, 246.96 W, 40
2026/10/08 03:47:15.803, 1, 120 MHz, 3996 MHz, 190.04 W, 40
2026/10/08 03:47:15.803, 2, 2032 MHz, 3996 MHz, 563.19 W, 42
2026/10/08 03:47:15.803, 3, 2032 MHz, 3996 MHz, 562.84 W, 42
2026/10/08 03:47:15.803, 4, 2032 MHz, 3996 MHz, 248.22 W, 41
2026/10/08 03:47:15.803, 5, 2032 MHz, 3996 MHz, 240.15 W, 39
2026/10/08 03:47:15.803, 6, 2032 MHz, 3996 MHz, 248.69 W, 34
2026/10/08 03:47:15.803, 7, 2032 MHz, 3996 MHz, 238.68 W, 32
2026/10/08 03:47:16.803, 0, 2032 MHz, 3996 MHz, 265.20 W, 40
2026/10/08 03:47:16.803, 1, 120 MHz, 3996 MHz, 189.99 W, 40
2026/10/08 03:47:16.803, 2, 2032 MHz, 3996 MHz, 558.23 W, 41
2026/10/08 03:47:16.803, 3, 2032 MHz, 3996 MHz, 532.70 W, 41
2026/10/08 03:47:16.803, 4, 2032 MHz, 3996 MHz, 248.22 W, 41
2026/10/08 03:47:16.803, 5, 2032 MHz, 3996 MHz, 240.16 W, 39
2026/10/08 03:47:16.803, 6, 2032 MHz, 3996 MHz, 248.69 W, 34
2026/10/08 03:47:16.803, 7, 2032 MHz, 3996 MHz, 238.68 W, 32
2026/10/08 03:47:17.803, 0, 2032 MHz, 3996 MHz, 281.48 W, 40
2026/10/08 03:47:17.803, 1, 120 MHz, 3996 MHz, 189.95 W, 40
2026/10/08 03:47:17.803, 2, 2032 MHz, 3996 MHz, 572.00 W, 41
2026/10/08 03:47:17.803, 3, 2032 MHz, 3996 MHz, 529.66 W, 42
2026/10/08 03:47:17.803, 4, 2032 MHz, 3996 MHz, 248.22 W, 41
2026/10/08 03:47:17.803, 5, 2032 MHz, 3996 MHz, 240.31 W, 39
2026/10/08 03:47:17.803, 6, 2032 MHz, 3996 MHz, 248.68 W, 34
2026/10/08 03:47:17.803, 7, 2032 MHz, 3996 MHz, 238.68 W, 32
2026/10/08 03:47:18.803, 0, 2032 MHz, 3996 MHz, 264.57 W, 40
2026/10/08 03:47:18.803, 1, 120 MHz, 3996 MHz, 189.99 W, 40
2026/10/08 03:47:18.803, 2, 2032 MHz, 3996 MHz, 563.87 W, 42
2026/10/08 03:47:18.803, 3, 2032 MHz, 3996 MHz, 538.76 W, 42
2026/10/08 03:47:18.803, 4, 2032 MHz, 3996 MHz, 248.18 W, 41
2026/10/08 03:47:18.803, 5, 2032 MHz, 3996 MHz, 240.05 W, 39
2026/10/08 03:47:18.803, 6, 2032 MHz, 3996 MHz, 248.68 W, 34
2026/10/08 03:47:18.803, 7, 2032 MHz, 3996 MHz, 238.68 W, 32
2026/10/08 03:47:19.803, 0, 2032 MHz, 3996 MHz, 250.09 W, 40
2026/10/08 03:47:19.804, 1, 120 MHz, 3996 MHz, 190.03 W, 40
2026/10/08 03:47:19.804, 2, 2032 MHz, 3996 MHz, 540.62 W, 41
2026/10/08 03:47:19.804, 3, 2032 MHz, 3996 MHz, 543.04 W, 42
2026/10/08 03:47:19.804, 4, 2032 MHz, 3996 MHz, 248.22 W, 41
2026/10/08 03:47:19.804, 5, 2032 MHz, 3996 MHz, 239.93 W, 39
2026/10/08 03:47:19.804, 6, 2032 MHz, 3996 MHz, 250.15 W, 34
2026/10/08 03:47:19.804, 7, 2032 MHz, 3996 MHz, 238.67 W, 32
2026/10/08 03:47:20.804, 0, 2032 MHz, 3996 MHz, 252.82 W, 40
2026/10/08 03:47:20.804, 1, 120 MHz, 3996 MHz, 190.03 W, 40
2026/10/08 03:47:20.804, 2, 2032 MHz, 3996 MHz, 543.76 W, 41
2026/10/08 03:47:20.804, 3, 2032 MHz, 3996 MHz, 541.61 W, 42
2026/10/08 03:47:20.804, 4, 2032 MHz, 3996 MHz, 248.22 W, 41
2026/10/08 03:47:20.804, 5, 2032 MHz, 3996 MHz, 239.87 W, 39
2026/10/08 03:47:20.804, 6, 2032 MHz, 3996 MHz, 248.70 W, 33
2026/10/08 03:47:20.804, 7, 2032 MHz, 3996 MHz, 238.68 W, 32
2026/10/08 03:47:21.804, 0, 2032 MHz, 3996 MHz, 333.22 W, 41
2026/10/08 03:47:21.804, 1, 120 MHz, 3996 MHz, 189.97 W, 40
2026/10/08 03:47:21.804, 2, 2032 MHz, 3996 MHz, 535.79 W, 41
2026/10/08 03:47:21.804, 3, 2032 MHz, 3996 MHz, 534.76 W, 42
2026/10/08 03:47:21.804, 4, 2032 MHz, 3996 MHz, 248.21 W, 41
2026/10/08 03:47:21.804, 5, 2032 MHz, 3996 MHz, 241.67 W, 39
2026/10/08 03:47:21.804, 6, 2032 MHz, 3996 MHz, 248.68 W, 33
2026/10/08 03:47:21.804, 7, 2032 MHz, 3996 MHz, 239.61 W, 32
2026/10/08 03:47:22.804, 0, 2032 MHz, 3996 MHz, 246.51 W, 40
2026/10/08 03:47:22.804, 1, 120 MHz, 3996 MHz, 190.04 W, 40
2026/10/08 03:47:22.804, 2, 2032 MHz, 3996 MHz, 573.42 W, 42
2026/10/08 03:47:22.804, 3, 2032 MHz, 3996 MHz, 539.28 W, 41
2026/10/08 03:47:22.804, 4, 2032 MHz, 3996 MHz, 248.16 W, 41
2026/10/08 03:47:22.804, 5, 2032 MHz, 3996 MHz, 246.58 W, 40
2026/10/08 03:47:22.804, 6, 2032 MHz, 3996 MHz, 248.25 W, 33
2026/10/08 03:47:22.804, 7, 2032 MHz, 3996 MHz, 240.01 W, 32
2026/10/08 03:47:23.804, 0, 2032 MHz, 3996 MHz, 257.92 W, 40
2026/10/08 03:47:23.804, 1, 120 MHz, 3996 MHz, 190.01 W, 40
2026/10/08 03:47:23.804, 2, 2032 MHz, 3996 MHz, 558.05 W, 42
2026/10/08 03:47:23.804, 3, 2032 MHz, 3996 MHz, 552.13 W, 42
2026/10/08 03:47:23.804, 4, 2032 MHz, 3996 MHz, 248.14 W, 41
2026/10/08 03:47:23.804, 5, 2032 MHz, 3996 MHz, 240.26 W, 39
2026/10/08 03:47:23.804, 6, 2032 MHz, 3996 MHz, 247.50 W, 33
2026/10/08 03:47:23.804, 7, 2032 MHz, 3996 MHz, 238.75 W, 32
2026/10/08 03:47:24.805, 0, 2032 MHz, 3996 MHz, 245.50 W, 40
2026/10/08 03:47:24.805, 1, 120 MHz, 3996 MHz, 190.04 W, 40
2026/10/08 03:47:24.805, 2, 2032 MHz, 3996 MHz, 549.96 W, 42
2026/10/08 03:47:24.805, 3, 2032 MHz, 3996 MHz, 533.17 W, 42
2026/10/08 03:47:24.805, 4, 2032 MHz, 3996 MHz, 248.03 W, 41
2026/10/08 03:47:24.805, 5, 2032 MHz, 3996 MHz, 240.09 W, 39
2026/10/08 03:47:24.805, 6, 2032 MHz, 3996 MHz, 247.31 W, 33
2026/10/08 03:47:24.805, 7, 2032 MHz, 3996 MHz, 238.21 W, 32
2026/10/08 03:47:25.805, 0, 630 MHz, 3996 MHz, 199.75 W, 39
2026/10/08 03:47:25.805, 1, 120 MHz, 3996 MHz, 190.16 W, 40
2026/10/08 03:47:25.805, 2, 2032 MHz, 3996 MHz, 527.37 W, 41
2026/10/08 03:47:25.805, 3, 2032 MHz, 3996 MHz, 564.02 W, 42
2026/10/08 03:47:25.805, 4, 2032 MHz, 3996 MHz, 255.91 W, 41
2026/10/08 03:47:25.805, 5, 2032 MHz, 3996 MHz, 239.94 W, 39
2026/10/08 03:47:25.805, 6, 2032 MHz, 3996 MHz, 247.18 W, 33
2026/10/08 03:47:25.805, 7, 2032 MHz, 3996 MHz, 237.61 W, 31
2026/10/08 03:47:26.805, 0, 397 MHz, 3996 MHz, 191.70 W, 39
2026/10/08 03:47:26.805, 1, 120 MHz, 3996 MHz, 190.17 W, 40
2026/10/08 03:47:26.805, 2, 2032 MHz, 3996 MHz, 509.56 W, 41
2026/10/08 03:47:26.805, 3, 2032 MHz, 3996 MHz, 531.82 W, 42
2026/10/08 03:47:26.805, 4, 2032 MHz, 3996 MHz, 248.71 W, 41
2026/10/08 03:47:26.805, 5, 2032 MHz, 3996 MHz, 239.90 W, 39
2026/10/08 03:47:26.805, 6, 2032 MHz, 3996 MHz, 276.57 W, 33
2026/10/08 03:47:26.805, 7, 2032 MHz, 3996 MHz, 237.15 W, 31
2026/10/08 03:47:27.805, 0, 247 MHz, 3996 MHz, 189.64 W, 39
2026/10/08 03:47:27.805, 1, 120 MHz, 3996 MHz, 190.17 W, 40
2026/10/08 03:47:27.805, 2, 2032 MHz, 3996 MHz, 540.76 W, 42
2026/10/08 03:47:27.805, 3, 2032 MHz, 3996 MHz, 548.79 W, 42
2026/10/08 03:47:27.805, 4, 2032 MHz, 3996 MHz, 246.36 W, 41
2026/10/08 03:47:27.805, 5, 2032 MHz, 3996 MHz, 246.89 W, 39
2026/10/08 03:47:27.805, 6, 2032 MHz, 3996 MHz, 248.63 W, 33
2026/10/08 03:47:27.805, 7, 2032 MHz, 3996 MHz, 237.05 W, 31
2026/10/08 03:47:28.805, 0, 157 MHz, 3996 MHz, 188.35 W, 39
2026/10/08 03:47:28.806, 1, 120 MHz, 3996 MHz, 190.17 W, 40
2026/10/08 03:47:28.806, 2, 2032 MHz, 3996 MHz, 531.77 W, 41
2026/10/08 03:47:28.806, 3, 2032 MHz, 3996 MHz, 550.73 W, 41
2026/10/08 03:47:28.806, 4, 2032 MHz, 3996 MHz, 246.32 W, 41
2026/10/08 03:47:28.806, 5, 2032 MHz, 3996 MHz, 239.81 W, 39
2026/10/08 03:47:28.806, 6, 2032 MHz, 3996 MHz, 249.00 W, 33
2026/10/08 03:47:28.806, 7, 2032 MHz, 3996 MHz, 261.72 W, 36
2026/10/08 03:47:29.806, 0, 120 MHz, 3996 MHz, 188.35 W, 39
2026/10/08 03:47:29.806, 1, 120 MHz, 3996 MHz, 190.17 W, 40
2026/10/08 03:47:29.806, 2, 2032 MHz, 3996 MHz, 527.53 W, 40
2026/10/08 03:47:29.806, 3, 2032 MHz, 3996 MHz, 545.16 W, 42
2026/10/08 03:47:29.806, 4, 2032 MHz, 3996 MHz, 246.27 W, 41
2026/10/08 03:47:29.806, 5, 2032 MHz, 3996 MHz, 241.46 W, 39
2026/10/08 03:47:29.806, 6, 2032 MHz, 3996 MHz, 247.05 W, 33
2026/10/08 03:47:29.806, 7, 2032 MHz, 3996 MHz, 238.49 W, 31
2026/10/08 03:47:30.806, 0, 120 MHz, 3996 MHz, 188.35 W, 39
2026/10/08 03:47:30.806, 1, 120 MHz, 3996 MHz, 190.17 W, 40
2026/10/08 03:47:30.806, 2, 2032 MHz, 3996 MHz, 561.23 W, 41
2026/10/08 03:47:30.806, 3, 2032 MHz, 3996 MHz, 528.82 W, 42
2026/10/08 03:47:30.806, 4, 2032 MHz, 3996 MHz, 246.39 W, 41
2026/10/08 03:47:30.806, 5, 2032 MHz, 3996 MHz, 239.44 W, 39
2026/10/08 03:47:30.806, 6, 2032 MHz, 3996 MHz, 247.02 W, 33
2026/10/08 03:47:30.806, 7, 2032 MHz, 3996 MHz, 241.10 W, 31
2026/10/08 03:47:31.806, 0, 120 MHz, 3996 MHz, 188.35 W, 39
2026/10/08 03:47:31.806, 1, 120 MHz, 3996 MHz, 190.17 W, 40
2026/10/08 03:47:31.806, 2, 2032 MHz, 3996 MHz, 548.03 W, 42
2026/10/08 03:47:31.806, 3, 2032 MHz, 3996 MHz, 556.87 W, 42
2026/10/08 03:47:31.806, 4, 2032 MHz, 3996 MHz, 246.28 W, 41
2026/10/08 03:47:31.806, 5, 2032 MHz, 3996 MHz, 239.09 W, 39
2026/10/08 03:47:31.806, 6, 2032 MHz, 3996 MHz, 246.80 W, 33
2026/10/08 03:47:31.806, 7, 2032 MHz, 3996 MHz, 237.32 W, 31
2026/10/08 03:47:32.807, 0, 120 MHz, 3996 MHz, 188.35 W, 39
2026/10/08 03:47:32.807, 1, 120 MHz, 3996 MHz, 190.17 W, 40
2026/10/08 03:47:32.807, 2, 2032 MHz, 3996 MHz, 557.96 W, 41
2026/10/08 03:47:32.807, 3, 2032 MHz, 3996 MHz, 584.12 W, 42
2026/10/08 03:47:32.807, 4, 2032 MHz, 3996 MHz, 246.90 W, 41
2026/10/08 03:47:32.807, 5, 2032 MHz, 3996 MHz, 238.67 W, 39
2026/10/08 03:47:32.807, 6, 2032 MHz, 3996 MHz, 255.50 W, 33
2026/10/08 03:47:32.807, 7, 2032 MHz, 3996 MHz, 236.94 W, 31
2026/10/08 03:47:33.807, 0, 120 MHz, 3996 MHz, 188.35 W, 39
2026/10/08 03:47:33.807, 1, 120 MHz, 3996 MHz, 190.17 W, 40
2026/10/08 03:47:33.807, 2, 2032 MHz, 3996 MHz, 555.41 W, 41
2026/10/08 03:47:33.807, 3, 2032 MHz, 3996 MHz, 548.32 W, 42
2026/10/08 03:47:33.807, 4, 2032 MHz, 3996 MHz, 246.43 W, 41
2026/10/08 03:47:33.807, 5, 2032 MHz, 3996 MHz, 238.82 W, 39
2026/10/08 03:47:33.807, 6, 2032 MHz, 3996 MHz, 248.64 W, 33
2026/10/08 03:47:33.807, 7, 2032 MHz, 3996 MHz, 236.82 W, 31
2026/10/08 03:47:34.807, 0, 120 MHz, 3996 MHz, 188.35 W, 39
2026/10/08 03:47:34.807, 1, 120 MHz, 3996 MHz, 190.17 W, 40
2026/10/08 03:47:34.807, 2, 2032 MHz, 3996 MHz, 562.97 W, 42
2026/10/08 03:47:34.807, 3, 2032 MHz, 3996 MHz, 546.76 W, 42
2026/10/08 03:47:34.807, 4, 2032 MHz, 3996 MHz, 246.28 W, 40
2026/10/08 03:47:34.807, 5, 2032 MHz, 3996 MHz, 238.84 W, 39
2026/10/08 03:47:34.807, 6, 2032 MHz, 3996 MHz, 248.65 W, 33
2026/10/08 03:47:34.807, 7, 2032 MHz, 3996 MHz, 239.65 W, 31
2026/10/08 03:47:35.807, 0, 120 MHz, 3996 MHz, 188.35 W, 39
2026/10/08 03:47:35.807, 1, 120 MHz, 3996 MHz, 190.17 W, 40
2026/10/08 03:47:35.807, 2, 2032 MHz, 3996 MHz, 528.39 W, 41
2026/10/08 03:47:35.807, 3, 2032 MHz, 3996 MHz, 548.87 W, 41
2026/10/08 03:47:35.807, 4, 1320 MHz, 3996 MHz, 429.46 W, 53
2026/10/08 03:47:35.807, 5, 2032 MHz, 3996 MHz, 238.71 W, 39
2026/10/08 03:47:35.807, 6, 2032 MHz, 3996 MHz, 248.63 W, 33
2026/10/08 03:47:35.807, 7, 2032 MHz, 3996 MHz, 242.88 W, 31
2026/10/08 03:47:36.808, 0, 120 MHz, 3996 MHz, 188.35 W, 39
2026/10/08 03:47:36.808, 1, 120 MHz, 3996 MHz, 190.17 W, 40
2026/10/08 03:47:36.808, 2, 2032 MHz, 3996 MHz, 569.82 W, 42
2026/10/08 03:47:36.808, 3, 2032 MHz, 3996 MHz, 548.66 W, 42
2026/10/08 03:47:36.808, 4, 2032 MHz, 3996 MHz, 431.46 W, 43
2026/10/08 03:47:36.808, 5, 2032 MHz, 3996 MHz, 238.62 W, 39
2026/10/08 03:47:36.808, 6, 2032 MHz, 3996 MHz, 248.65 W, 33
2026/10/08 03:47:36.808, 7, 2032 MHz, 3996 MHz, 238.68 W, 31
2026/10/08 03:47:37.808, 0, 120 MHz, 3996 MHz, 188.35 W, 39
2026/10/08 03:47:37.808, 1, 120 MHz, 3996 MHz, 190.17 W, 40
2026/10/08 03:47:37.808, 2, 2032 MHz, 3996 MHz, 545.88 W, 41
2026/10/08 03:47:37.808, 3, 2032 MHz, 3996 MHz, 525.72 W, 41
2026/10/08 03:47:37.808, 4, 1365 MHz, 3996 MHz, 530.58 W, 55
2026/10/08 03:47:37.808, 5, 2032 MHz, 3996 MHz, 238.25 W, 39
2026/10/08 03:47:37.808, 6, 2032 MHz, 3996 MHz, 248.49 W, 33
2026/10/08 03:47:37.808, 7, 2032 MHz, 3996 MHz, 238.68 W, 31
2026/10/08 03:47:38.808, 0, 120 MHz, 3996 MHz, 188.35 W, 39
2026/10/08 03:47:38.808, 1, 120 MHz, 3996 MHz, 190.17 W, 40
2026/10/08 03:47:38.808, 2, 2032 MHz, 3996 MHz, 546.56 W, 41
2026/10/08 03:47:38.808, 3, 2032 MHz, 3996 MHz, 527.19 W, 41
2026/10/08 03:47:38.808, 4, 1312 MHz, 3996 MHz, 998.04 W, 59
2026/10/08 03:47:38.808, 5, 2032 MHz, 3996 MHz, 237.60 W, 39
2026/10/08 03:47:38.808, 6, 2032 MHz, 3996 MHz, 248.38 W, 33
2026/10/08 03:47:38.808, 7, 2032 MHz, 3996 MHz, 238.68 W, 31
2026/10/08 03:47:39.808, 0, 120 MHz, 3996 MHz, 188.35 W, 39
2026/10/08 03:47:39.808, 1, 120 MHz, 3996 MHz, 190.17 W, 40
2026/10/08 03:47:39.808, 2, 2032 MHz, 3996 MHz, 530.03 W, 41
2026/10/08 03:47:39.808, 3, 2032 MHz, 3996 MHz, 549.12 W, 42
2026/10/08 03:47:39.808, 4, 1845 MHz, 3996 MHz, 1066.45 W, 60
2026/10/08 03:47:39.808, 5, 2032 MHz, 3996 MHz, 237.58 W, 38
2026/10/08 03:47:39.808, 6, 2032 MHz, 3996 MHz, 248.57 W, 33
2026/10/08 03:47:39.808, 7, 2032 MHz, 3996 MHz, 238.68 W, 31
2026/10/08 03:47:40.809, 0, 120 MHz, 3996 MHz, 188.35 W, 39
2026/10/08 03:47:40.809, 1, 120 MHz, 3996 MHz, 190.17 W, 40
2026/10/08 03:47:40.809, 2, 2032 MHz, 3996 MHz, 541.86 W, 41
2026/10/08 03:47:40.809, 3, 2032 MHz, 3996 MHz, 511.01 W, 41
2026/10/08 03:47:40.809, 4, 2032 MHz, 3996 MHz, 961.43 W, 53
2026/10/08 03:47:40.809, 5, 1462 MHz, 3996 MHz, 300.18 W, 51
2026/10/08 03:47:40.809, 6, 2032 MHz, 3996 MHz, 246.81 W, 32
2026/10/08 03:47:40.809, 7, 2032 MHz, 3996 MHz, 238.68 W, 31
2026/10/08 03:47:41.809, 0, 120 MHz, 3996 MHz, 188.35 W, 39
2026/10/08 03:47:41.809, 1, 120 MHz, 3996 MHz, 190.17 W, 40
2026/10/08 03:47:41.809, 2, 2032 MHz, 3996 MHz, 525.04 W, 41
2026/10/08 03:47:41.809, 3, 2032 MHz, 3996 MHz, 528.33 W, 40
2026/10/08 03:47:41.809, 4, 2032 MHz, 3996 MHz, 968.70 W, 54
2026/10/08 03:47:41.809, 5, 2032 MHz, 3996 MHz, 483.84 W, 46
2026/10/08 03:47:41.809, 6, 2032 MHz, 3996 MHz, 246.76 W, 32
2026/10/08 03:47:41.809, 7, 2032 MHz, 3996 MHz, 238.68 W, 31
2026/10/08 03:47:42.809, 0, 120 MHz, 3996 MHz, 188.35 W, 38
2026/10/08 03:47:42.809, 1, 120 MHz, 3996 MHz, 190.17 W, 40
2026/10/08 03:47:42.809, 2, 2032 MHz, 3996 MHz, 531.23 W, 41
2026/10/08 03:47:42.809, 3, 2032 MHz, 3996 MHz, 544.86 W, 41
2026/10/08 03:47:42.809, 4, 2032 MHz, 3996 MHz, 971.09 W, 54
2026/10/08 03:47:42.809, 5, 2032 MHz, 3996 MHz, 301.42 W, 39
2026/10/08 03:47:42.809, 6, 2032 MHz, 3996 MHz, 246.74 W, 32
2026/10/08 03:47:42.809, 7, 2032 MHz, 3996 MHz, 238.60 W, 31
2026/10/08 03:47:43.809, 0, 120 MHz, 3996 MHz, 188.35 W, 38
2026/10/08 03:47:43.809, 1, 120 MHz, 3996 MHz, 190.17 W, 40
2026/10/08 03:47:43.809, 2, 2032 MHz, 3996 MHz, 531.79 W, 41
2026/10/08 03:47:43.809, 3, 2032 MHz, 3996 MHz, 566.64 W, 42
2026/10/08 03:47:43.809, 4, 2032 MHz, 3996 MHz, 972.22 W, 54
2026/10/08 03:47:43.809, 5, 1402 MHz, 3996 MHz, 660.69 W, 53
2026/10/08 03:47:43.809, 6, 2032 MHz, 3996 MHz, 246.75 W, 32
2026/10/08 03:47:43.809, 7, 2032 MHz, 3996 MHz, 237.94 W, 31
2026/10/08 03:47:44.810, 0, 120 MHz, 3996 MHz, 188.35 W, 38
2026/10/08 03:47:44.810, 1, 120 MHz, 3996 MHz, 190.17 W, 40
2026/10/08 03:47:44.810, 2, 2032 MHz, 3996 MHz, 527.84 W, 41
2026/10/08 03:47:44.810, 3, 2032 MHz, 3996 MHz, 563.20 W, 42
2026/10/08 03:47:44.810, 4, 2032 MHz, 3996 MHz, 973.50 W, 55
2026/10/08 03:47:44.810, 5, 1350 MHz, 3996 MHz, 1098.45 W, 58
2026/10/08 03:47:44.810, 6, 2032 MHz, 3996 MHz, 246.74 W, 32
2026/10/08 03:47:44.810, 7, 2032 MHz, 3996 MHz, 237.42 W, 31
2026/10/08 03:47:45.810, 0, 120 MHz, 3996 MHz, 188.35 W, 38
2026/10/08 03:47:45.810, 1, 120 MHz, 3996 MHz, 190.17 W, 40
2026/10/08 03:47:45.810, 2, 2032 MHz, 3996 MHz, 528.02 W, 41
2026/10/08 03:47:45.810, 3, 2032 MHz, 3996 MHz, 539.55 W, 41
2026/10/08 03:47:45.810, 4, 2032 MHz, 3996 MHz, 974.74 W, 55
2026/10/08 03:47:45.810, 5, 2032 MHz, 3996 MHz, 1018.70 W, 51
2026/10/08 03:47:45.810, 6, 2032 MHz, 3996 MHz, 592.38 W, 39
2026/10/08 03:47:45.810, 7, 2032 MHz, 3996 MHz, 236.85 W, 31
2026/10/08 03:47:46.810, 0, 120 MHz, 3996 MHz, 188.35 W, 38
2026/10/08 03:47:46.810, 1, 120 MHz, 3996 MHz, 190.17 W, 40
2026/10/08 03:47:46.810, 2, 2032 MHz, 3996 MHz, 548.51 W, 40
2026/10/08 03:47:46.810, 3, 2032 MHz, 3996 MHz, 523.59 W, 41
2026/10/08 03:47:46.810, 4, 2032 MHz, 3996 MHz, 976.91 W, 55
2026/10/08 03:47:46.810, 5, 2032 MHz, 3996 MHz, 953.49 W, 51
2026/10/08 03:47:46.810, 6, 2032 MHz, 3996 MHz, 441.41 W, 34
2026/10/08 03:47:46.810, 7, 2032 MHz, 3996 MHz, 236.63 W, 30
2026/10/08 03:47:47.810, 0, 120 MHz, 3996 MHz, 188.35 W, 38
2026/10/08 03:47:47.810, 1, 120 MHz, 3996 MHz, 190.17 W, 40
2026/10/08 03:47:47.810, 2, 2032 MHz, 3996 MHz, 547.33 W, 41
2026/10/08 03:47:47.810, 3, 2032 MHz, 3996 MHz, 545.66 W, 41
2026/10/08 03:47:47.810, 4, 2032 MHz, 3996 MHz, 983.36 W, 56
2026/10/08 03:47:47.810, 5, 2032 MHz, 3996 MHz, 950.38 W, 51
2026/10/08 03:47:47.810, 6, 2032 MHz, 3996 MHz, 600.38 W, 38
2026/10/08 03:47:47.810, 7, 2032 MHz, 3996 MHz, 420.16 W, 34
2026/10/08 03:47:48.810, 0, 120 MHz, 3996 MHz, 188.35 W, 38
2026/10/08 03:47:48.811, 1, 120 MHz, 3996 MHz, 190.17 W, 40
2026/10/08 03:47:48.811, 2, 2032 MHz, 3996 MHz, 551.88 W, 41
2026/10/08 03:47:48.811, 3, 2032 MHz, 3996 MHz, 536.95 W, 41
2026/10/08 03:47:48.811, 4, 1312 MHz, 3996 MHz, 1078.67 W, 63
2026/10/08 03:47:48.811, 5, 2032 MHz, 3996 MHz, 950.30 W, 52
2026/10/08 03:47:48.811, 6, 1275 MHz, 3996 MHz, 989.43 W, 51
2026/10/08 03:47:48.811, 7, 2032 MHz, 3996 MHz, 567.61 W, 34
2026/10/08 03:47:49.811, 0, 120 MHz, 3996 MHz, 188.35 W, 38
2026/10/08 03:47:49.811, 1, 120 MHz, 3996 MHz, 190.17 W, 40
2026/10/08 03:47:49.811, 2, 2032 MHz, 3996 MHz, 563.97 W, 41
2026/10/08 03:47:49.811, 3, 2032 MHz, 3996 MHz, 558.15 W, 41
2026/10/08 03:47:49.811, 4, 1327 MHz, 3996 MHz, 1080.95 W, 63
2026/10/08 03:47:49.811, 5, 2032 MHz, 3996 MHz, 953.12 W, 52
2026/10/08 03:47:49.811, 6, 1297 MHz, 3996 MHz, 1086.95 W, 52
2026/10/08 03:47:49.811, 7, 1440 MHz, 3996 MHz, 337.79 W, 40
2026/10/08 03:47:50.811, 0, 120 MHz, 3996 MHz, 188.35 W, 38
2026/10/08 03:47:50.811, 1, 120 MHz, 3996 MHz, 190.17 W, 40
2026/10/08 03:47:50.811, 2, 2032 MHz, 3996 MHz, 555.80 W, 41
2026/10/08 03:47:50.811, 3, 2032 MHz, 3996 MHz, 570.57 W, 42
2026/10/08 03:47:50.811, 4, 2032 MHz, 3996 MHz, 995.19 W, 57
2026/10/08 03:47:50.811, 5, 2032 MHz, 3996 MHz, 955.92 W, 53
2026/10/08 03:47:50.811, 6, 1312 MHz, 3996 MHz, 1088.93 W, 53
2026/10/08 03:47:50.811, 7, 1267 MHz, 3996 MHz, 866.99 W, 47
2026/10/08 03:47:51.811, 0, 120 MHz, 3996 MHz, 188.35 W, 38
2026/10/08 03:47:51.811, 1, 120 MHz, 3996 MHz, 190.17 W, 40
2026/10/08 03:47:51.811, 2, 2032 MHz, 3996 MHz, 538.71 W, 41
2026/10/08 03:47:51.811, 3, 2032 MHz, 3996 MHz, 551.43 W, 41
2026/10/08 03:47:51.811, 4, 2032 MHz, 3996 MHz, 972.88 W, 57
2026/10/08 03:47:51.811, 5, 2032 MHz, 3996 MHz, 956.27 W, 53
2026/10/08 03:47:51.811, 6, 1320 MHz, 3996 MHz, 1088.94 W, 53
2026/10/08 03:47:51.811, 7, 1312 MHz, 3996 MHz, 1080.14 W, 49
2026/10/08 03:47:52.811, 0, 120 MHz, 3996 MHz, 188.35 W, 38
2026/10/08 03:47:52.811, 1, 120 MHz, 3996 MHz, 190.13 W, 40
2026/10/08 03:47:52.811, 2, 2032 MHz, 3996 MHz, 536.35 W, 41
2026/10/08 03:47:52.811, 3, 2032 MHz, 3996 MHz, 526.86 W, 41
2026/10/08 03:47:52.811, 4, 2032 MHz, 3996 MHz, 974.65 W, 57
2026/10/08 03:47:52.811, 5, 2032 MHz, 3996 MHz, 955.59 W, 53
2026/10/08 03:47:52.811, 6, 1320 MHz, 3996 MHz, 1089.74 W, 53
2026/10/08 03:47:52.812, 7, 1312 MHz, 3996 MHz, 1082.56 W, 50
2026/10/08 03:47:53.812, 0, 120 MHz, 3996 MHz, 188.35 W, 38
2026/10/08 03:47:53.812, 1, 120 MHz, 3996 MHz, 190.17 W, 40
2026/10/08 03:47:53.812, 2, 2032 MHz, 3996 MHz, 561.01 W, 41
2026/10/08 03:47:53.812, 3, 2032 MHz, 3996 MHz, 556.90 W, 41
2026/10/08 03:47:53.812, 4, 2032 MHz, 3996 MHz, 976.21 W, 57
2026/10/08 03:47:53.812, 5, 1357 MHz, 3996 MHz, 1000.74 W, 60
2026/10/08 03:47:53.812, 6, 1320 MHz, 3996 MHz, 1087.77 W, 54
2026/10/08 03:47:53.812, 7, 1320 MHz, 3996 MHz, 1083.20 W, 50
2026/10/08 03:47:54.812, 0, 120 MHz, 3996 MHz, 188.35 W, 38
2026/10/08 03:47:54.812, 1, 120 MHz, 3996 MHz, 190.17 W, 40
2026/10/08 03:47:54.812, 2, 2032 MHz, 3996 MHz, 546.87 W, 41
2026/10/08 03:47:54.812, 3, 2032 MHz, 3996 MHz, 544.78 W, 41
2026/10/08 03:47:54.812, 4, 2032 MHz, 3996 MHz, 978.34 W, 57
2026/10/08 03:47:54.812, 5, 1357 MHz, 3996 MHz, 1084.59 W, 62
2026/10/08 03:47:54.812, 6, 1320 MHz, 3996 MHz, 1089.16 W, 53
2026/10/08 03:47:54.812, 7, 1327 MHz, 3996 MHz, 1082.75 W, 51
2026/10/08 03:47:55.812, 0, 120 MHz, 3996 MHz, 188.35 W, 38
2026/10/08 03:47:55.812, 1, 120 MHz, 3996 MHz, 190.17 W, 40
2026/10/08 03:47:55.812, 2, 2032 MHz, 3996 MHz, 569.90 W, 41
2026/10/08 03:47:55.812, 3, 2032 MHz, 3996 MHz, 513.87 W, 41
2026/10/08 03:47:55.812, 4, 2032 MHz, 3996 MHz, 979.87 W, 58
2026/10/08 03:47:55.812, 5, 1762 MHz, 3996 MHz, 1067.98 W, 56
2026/10/08 03:47:55.812, 6, 1312 MHz, 3996 MHz, 1086.50 W, 54
2026/10/08 03:47:55.812, 7, 1335 MHz, 3996 MHz, 1082.74 W, 51
2026/10/08 03:47:56.812, 0, 120 MHz, 3996 MHz, 188.35 W, 38
2026/10/08 03:47:56.812, 1, 120 MHz, 3996 MHz, 190.17 W, 40
2026/10/08 03:47:56.812, 2, 2032 MHz, 3996 MHz, 550.78 W, 41
2026/10/08 03:47:56.812, 3, 2032 MHz, 3996 MHz, 573.24 W, 42
2026/10/08 03:47:56.812, 4, 2032 MHz, 3996 MHz, 980.14 W, 58
2026/10/08 03:47:56.812, 5, 2032 MHz, 3996 MHz, 948.02 W, 55
2026/10/08 03:47:56.812, 6, 2032 MHz, 3996 MHz, 1065.27 W, 49
2026/10/08 03:47:56.812, 7, 1327 MHz, 3996 MHz, 1083.12 W, 51
2026/10/08 03:47:57.812, 0, 120 MHz, 3996 MHz, 188.35 W, 38
2026/10/08 03:47:57.813, 1, 120 MHz, 3996 MHz, 190.17 W, 40
2026/10/08 03:47:57.813, 2, 2032 MHz, 3996 MHz, 538.61 W, 40
2026/10/08 03:47:57.813, 3, 2032 MHz, 3996 MHz, 555.38 W, 42
2026/10/08 03:47:57.813, 4, 2032 MHz, 3996 MHz, 981.68 W, 58
2026/10/08 03:47:57.813, 5, 2032 MHz, 3996 MHz, 954.42 W, 55
2026/10/08 03:47:57.813, 6, 2032 MHz, 3996 MHz, 1091.09 W, 50
2026/10/08 03:47:57.813, 7, 1350 MHz, 3996 MHz, 1080.76 W, 52
2026/10/08 03:47:58.813, 0, 120 MHz, 3996 MHz, 188.35 W, 38
2026/10/08 03:47:58.813, 1, 120 MHz, 3996 MHz, 190.17 W, 40
2026/10/08 03:47:58.813, 2, 2032 MHz, 3996 MHz, 556.23 W, 41
2026/10/08 03:47:58.813, 3, 2032 MHz, 3996 MHz, 605.19 W, 42
2026/10/08 03:47:58.813, 4, 1297 MHz, 3996 MHz, 1041.64 W, 65
2026/10/08 03:47:58.813, 5, 2032 MHz, 3996 MHz, 956.24 W, 55
2026/10/08 03:47:58.813, 6, 2032 MHz, 3996 MHz, 1091.75 W, 50
2026/10/08 03:47:58.813, 7, 1320 MHz, 3996 MHz, 1081.51 W, 52
2026/10/08 03:47:59.813, 0, 120 MHz, 3996 MHz, 188.35 W, 38
2026/10/08 03:47:59.813, 1, 120 MHz, 3996 MHz, 190.17 W, 40
2026/10/08 03:47:59.813, 2, 2032 MHz, 3996 MHz, 556.92 W, 41
2026/10/08 03:47:59.813, 3, 2032 MHz, 3996 MHz, 548.75 W, 42
2026/10/08 03:47:59.813, 4, 1320 MHz, 3996 MHz, 1084.91 W, 66
2026/10/08 03:47:59.813, 5, 2032 MHz, 3996 MHz, 957.86 W, 55
2026/10/08 03:47:59.813, 6, 2032 MHz, 3996 MHz, 1090.42 W, 51
2026/10/08 03:47:59.813, 7, 2032 MHz, 3996 MHz, 1043.23 W, 47
2026/10/08 03:48:00.813, 0, 120 MHz, 3996 MHz, 188.35 W, 38
2026/10/08 03:48:00.813, 1, 120 MHz, 3996 MHz, 190.17 W, 40
2026/10/08 03:48:00.813, 2, 2032 MHz, 3996 MHz, 543.28 W, 41
2026/10/08 03:48:00.813, 3, 2032 MHz, 3996 MHz, 566.49 W, 42
2026/10/08 03:48:00.813, 4, 2032 MHz, 3996 MHz, 1037.33 W, 59
2026/10/08 03:48:00.813, 5, 2032 MHz, 3996 MHz, 959.57 W, 56
2026/10/08 03:48:00.813, 6, 2032 MHz, 3996 MHz, 1090.13 W, 51
2026/10/08 03:48:00.813, 7, 2032 MHz, 3996 MHz, 1057.26 W, 47
2026/10/08 03:48:01.813, 0, 120 MHz, 3996 MHz, 188.35 W, 38
2026/10/08 03:48:01.813, 1, 120 MHz, 3996 MHz, 190.13 W, 40
2026/10/08 03:48:01.813, 2, 2032 MHz, 3996 MHz, 566.80 W, 42
2026/10/08 03:48:01.813, 3, 2032 MHz, 3996 MHz, 567.89 W, 42
2026/10/08 03:48:01.813, 4, 2032 MHz, 3996 MHz, 979.24 W, 59
2026/10/08 03:48:01.813, 5, 2032 MHz, 3996 MHz, 960.42 W, 56
2026/10/08 03:48:01.813, 6, 2032 MHz, 3996 MHz, 1090.09 W, 51
2026/10/08 03:48:01.813, 7, 2032 MHz, 3996 MHz, 1057.09 W, 47
2026/10/08 03:48:02.814, 0, 120 MHz, 3996 MHz, 188.35 W, 38
2026/10/08 03:48:02.814, 1, 120 MHz, 3996 MHz, 190.17 W, 40
2026/10/08 03:48:02.814, 2, 2032 MHz, 3996 MHz, 580.61 W, 41
2026/10/08 03:48:02.814, 3, 2032 MHz, 3996 MHz, 517.44 W, 41
2026/10/08 03:48:02.814, 4, 2032 MHz, 3996 MHz, 980.13 W, 59
2026/10/08 03:48:02.814, 5, 2032 MHz, 3996 MHz, 961.59 W, 56
2026/10/08 03:48:02.814, 6, 2032 MHz, 3996 MHz, 1092.51 W, 51
2026/10/08 03:48:02.814, 7, 2032 MHz, 3996 MHz, 1057.32 W, 48
2026/10/08 03:48:03.814, 0, 120 MHz, 3996 MHz, 188.35 W, 38
2026/10/08 03:48:03.814, 1, 120 MHz, 3996 MHz, 190.17 W, 40
2026/10/08 03:48:03.814, 2, 2032 MHz, 3996 MHz, 556.99 W, 41
2026/10/08 03:48:03.814, 3, 2032 MHz, 3996 MHz, 537.42 W, 41
2026/10/08 03:48:03.814, 4, 2032 MHz, 3996 MHz, 981.62 W, 60
2026/10/08 03:48:03.814, 5, 2032 MHz, 3996 MHz, 963.53 W, 57
2026/10/08 03:48:03.814, 6, 2032 MHz, 3996 MHz, 1095.02 W, 52
2026/10/08 03:48:03.814, 7, 2032 MHz, 3996 MHz, 1056.73 W, 48
2026/10/08 03:48:04.814, 0, 120 MHz, 3996 MHz, 188.35 W, 38
2026/10/08 03:48:04.814, 1, 120 MHz, 3996 MHz, 190.09 W, 40
2026/10/08 03:48:04.814, 2, 2032 MHz, 3996 MHz, 561.23 W, 41
2026/10/08 03:48:04.814, 3, 2032 MHz, 3996 MHz, 540.45 W, 41
2026/10/08 03:48:04.814, 4, 2032 MHz, 3996 MHz, 982.77 W, 60
2026/10/08 03:48:04.814, 5, 1350 MHz, 3996 MHz, 1085.85 W, 64
2026/10/08 03:48:04.814, 6, 2032 MHz, 3996 MHz, 1093.93 W, 52
2026/10/08 03:48:04.814, 7, 2032 MHz, 3996 MHz, 1057.89 W, 48
2026/10/08 03:48:05.814, 0, 120 MHz, 3996 MHz, 188.35 W, 38
2026/10/08 03:48:05.814, 1, 120 MHz, 3996 MHz, 190.13 W, 40
2026/10/08 03:48:05.814, 2, 2032 MHz, 3996 MHz, 548.07 W, 41
2026/10/08 03:48:05.814, 3, 2032 MHz, 3996 MHz, 545.55 W, 41
2026/10/08 03:48:05.814, 4, 2032 MHz, 3996 MHz, 987.35 W, 60
2026/10/08 03:48:05.814, 5, 1372 MHz, 3996 MHz, 1082.86 W, 65
2026/10/08 03:48:05.814, 6, 2032 MHz, 3996 MHz, 1093.83 W, 52
2026/10/08 03:48:05.814, 7, 2032 MHz, 3996 MHz, 1060.45 W, 49
2026/10/08 03:48:06.814, 0, 120 MHz, 3996 MHz, 188.35 W, 38
2026/10/08 03:48:06.814, 1, 120 MHz, 3996 MHz, 190.09 W, 40
2026/10/08 03:48:06.814, 2, 2032 MHz, 3996 MHz, 558.99 W, 41
2026/10/08 03:48:06.814, 3, 2032 MHz, 3996 MHz, 549.42 W, 41
2026/10/08 03:48:06.814, 4, 2032 MHz, 3996 MHz, 993.35 W, 60
2026/10/08 03:48:06.815, 5, 2032 MHz, 3996 MHz, 980.57 W, 58
2026/10/08 03:48:06.815, 6, 2032 MHz, 3996 MHz, 1093.66 W, 53
2026/10/08 03:48:06.815, 7, 2032 MHz, 3996 MHz, 1061.24 W, 49
2026/10/08 03:48:07.815, 0, 120 MHz, 3996 MHz, 188.35 W, 38
2026/10/08 03:48:07.815, 1, 120 MHz, 3996 MHz, 190.17 W, 40
2026/10/08 03:48:07.815, 2, 2032 MHz, 3996 MHz, 522.08 W, 40
2026/10/08 03:48:07.815, 3, 2032 MHz, 3996 MHz, 546.76 W, 41
2026/10/08 03:48:07.815, 4, 2032 MHz, 3996 MHz, 989.78 W, 61
2026/10/08 03:48:07.815, 5, 2032 MHz, 3996 MHz, 961.77 W, 58
2026/10/08 03:48:07.815, 6, 2032 MHz, 3996 MHz, 1094.06 W, 53
2026/10/08 03:48:07.815, 7, 2032 MHz, 3996 MHz, 1061.25 W, 49
2026/10/08 03:48:08.815, 0, 120 MHz, 3996 MHz, 188.35 W, 38
2026/10/08 03:48:08.815, 1, 120 MHz, 3996 MHz, 190.17 W, 40
2026/10/08 03:48:08.815, 2, 2032 MHz, 3996 MHz, 507.42 W, 40
2026/10/08 03:48:08.815, 3, 2032 MHz, 3996 MHz, 547.05 W, 41
2026/10/08 03:48:08.815, 4, 2032 MHz, 3996 MHz, 988.73 W, 63
2026/10/08 03:48:08.815, 5, 2032 MHz, 3996 MHz, 962.97 W, 58
2026/10/08 03:48:08.815, 6, 2032 MHz, 3996 MHz, 1094.80 W, 53
2026/10/08 03:48:08.815, 7, 2032 MHz, 3996 MHz, 1060.77 W, 49
2026/10/08 03:48:09.815, 0, 120 MHz, 3996 MHz, 188.35 W, 38
2026/10/08 03:48:09.815, 1, 120 MHz, 3996 MHz, 190.13 W, 40
2026/10/08 03:48:09.815, 2, 2032 MHz, 3996 MHz, 537.03 W, 40
2026/10/08 03:48:09.815, 3, 2032 MHz, 3996 MHz, 561.16 W, 40
2026/10/08 03:48:09.815, 4, 1320 MHz, 3996 MHz, 1100.19 W, 68
2026/10/08 03:48:09.815, 5, 2032 MHz, 3996 MHz, 966.56 W, 58
2026/10/08 03:48:09.815, 6, 2032 MHz, 3996 MHz, 1093.96 W, 53
2026/10/08 03:48:09.815, 7, 2032 MHz, 3996 MHz, 1060.25 W, 49
2026/10/08 03:48:10.816, 0, 120 MHz, 3996 MHz, 188.35 W, 38
2026/10/08 03:48:10.816, 1, 120 MHz, 3996 MHz, 190.17 W, 40
2026/10/08 03:48:10.816, 2, 2032 MHz, 3996 MHz, 553.79 W, 41
2026/10/08 03:48:10.816, 3, 2032 MHz, 3996 MHz, 566.61 W, 41
2026/10/08 03:48:10.816, 4, 1320 MHz, 3996 MHz, 1084.38 W, 68
2026/10/08 03:48:10.816, 5, 2032 MHz, 3996 MHz, 971.72 W, 59
2026/10/08 03:48:10.816, 6, 2025 MHz, 3996 MHz, 1091.70 W, 53
2026/10/08 03:48:10.816, 7, 2032 MHz, 3996 MHz, 1060.81 W, 50
2026/10/08 03:48:11.816, 0, 120 MHz, 3996 MHz, 188.35 W, 38
2026/10/08 03:48:11.816, 1, 120 MHz, 3996 MHz, 190.17 W, 40
2026/10/08 03:48:11.816, 2, 2032 MHz, 3996 MHz, 556.05 W, 40
2026/10/08 03:48:11.816, 3, 2032 MHz, 3996 MHz, 567.18 W, 41
2026/10/08 03:48:11.816, 4, 2032 MHz, 3996 MHz, 983.14 W, 62
2026/10/08 03:48:11.816, 5, 2032 MHz, 3996 MHz, 971.01 W, 59
2026/10/08 03:48:11.816, 6, 2032 MHz, 3996 MHz, 1093.06 W, 53
2026/10/08 03:48:11.816, 7, 2032 MHz, 3996 MHz, 1064.98 W, 50
2026/10/08 03:48:12.816, 0, 120 MHz, 3996 MHz, 188.35 W, 38
2026/10/08 03:48:12.816, 1, 120 MHz, 3996 MHz, 190.17 W, 40
2026/10/08 03:48:12.816, 2, 2032 MHz, 3996 MHz, 553.48 W, 40
2026/10/08 03:48:12.816, 3, 2032 MHz, 3996 MHz, 541.72 W, 40
2026/10/08 03:48:12.816, 4, 2032 MHz, 3996 MHz, 984.62 W, 62
2026/10/08 03:48:12.816, 5, 2032 MHz, 3996 MHz, 968.43 W, 59
2026/10/08 03:48:12.816, 6, 2025 MHz, 3996 MHz, 1093.47 W, 54
2026/10/08 03:48:12.816, 7, 2032 MHz, 3996 MHz, 1066.19 W, 50
2026/10/08 03:48:13.816, 0, 120 MHz, 3996 MHz, 188.35 W, 38
2026/10/08 03:48:13.817, 1, 120 MHz, 3996 MHz, 190.17 W, 40
2026/10/08 03:48:13.817, 2, 2032 MHz, 3996 MHz, 564.43 W, 41
2026/10/08 03:48:13.817, 3, 2032 MHz, 3996 MHz, 561.88 W, 41
2026/10/08 03:48:13.817, 4, 2032 MHz, 3996 MHz, 985.30 W, 62
2026/10/08 03:48:13.817, 5, 2032 MHz, 3996 MHz, 969.66 W, 59
2026/10/08 03:48:13.817, 6, 2032 MHz, 3996 MHz, 1091.91 W, 54
2026/10/08 03:48:13.817, 7, 2032 MHz, 3996 MHz, 1064.81 W, 50
2026/10/08 03:48:14.817, 0, 120 MHz, 3996 MHz, 188.35 W, 38
2026/10/08 03:48:14.817, 1, 120 MHz, 3996 MHz, 190.17 W, 40
2026/10/08 03:48:14.817, 2, 2032 MHz, 3996 MHz, 584.90 W, 42
2026/10/08 03:48:14.817, 3, 2032 MHz, 3996 MHz, 598.08 W, 42
2026/10/08 03:48:14.817, 4, 2032 MHz, 3996 MHz, 987.28 W, 62
2026/10/08 03:48:14.817, 5, 1350 MHz, 3996 MHz, 1043.06 W, 66
2026/10/08 03:48:14.817, 6, 2025 MHz, 3996 MHz, 1096.14 W, 54
2026/10/08 03:48:14.817, 7, 2032 MHz, 3996 MHz, 1064.70 W, 50
2026/10/08 03:48:15.817, 0, 120 MHz, 3996 MHz, 188.35 W, 38
2026/10/08 03:48:15.817, 1, 120 MHz, 3996 MHz, 190.17 W, 40
2026/10/08 03:48:15.817, 2, 2032 MHz, 3996 MHz, 562.90 W, 41
2026/10/08 03:48:15.817, 3, 2032 MHz, 3996 MHz, 549.79 W, 41
2026/10/08 03:48:15.817, 4, 2032 MHz, 3996 MHz, 989.29 W, 62
2026/10/08 03:48:15.817, 5, 1357 MHz, 3996 MHz, 1082.72 W, 67
2026/10/08 03:48:15.817, 6, 2025 MHz, 3996 MHz, 1091.70 W, 54
2026/10/08 03:48:15.817, 7, 2032 MHz, 3996 MHz, 1064.58 W, 51
2026/10/08 03:48:16.817, 0, 120 MHz, 3996 MHz, 188.35 W, 38
2026/10/08 03:48:16.817, 1, 120 MHz, 3996 MHz, 190.17 W, 40
2026/10/08 03:48:16.817, 2, 2032 MHz, 3996 MHz, 564.64 W, 41
2026/10/08 03:48:16.817, 3, 2032 MHz, 3996 MHz, 524.97 W, 40
2026/10/08 03:48:16.817, 4, 2032 MHz, 3996 MHz, 990.20 W, 62
2026/10/08 03:48:16.817, 5, 2032 MHz, 3996 MHz, 1022.41 W, 61
2026/10/08 03:48:16.817, 6, 2017 MHz, 3996 MHz, 1090.56 W, 54
2026/10/08 03:48:16.817, 7, 2032 MHz, 3996 MHz, 1063.65 W, 51
2026/10/08 03:48:17.818, 0, 120 MHz, 3996 MHz, 188.35 W, 38
2026/10/08 03:48:17.818, 1, 120 MHz, 3996 MHz, 190.17 W, 40
2026/10/08 03:48:17.818, 2, 2032 MHz, 3996 MHz, 563.14 W, 41
2026/10/08 03:48:17.818, 3, 2032 MHz, 3996 MHz, 528.60 W, 40
2026/10/08 03:48:17.818, 4, 2032 MHz, 3996 MHz, 990.44 W, 62
2026/10/08 03:48:17.818, 5, 2032 MHz, 3996 MHz, 966.03 W, 60
2026/10/08 03:48:17.818, 6, 2025 MHz, 3996 MHz, 1091.62 W, 54
2026/10/08 03:48:17.818, 7, 2032 MHz, 3996 MHz, 1064.51 W, 51
2026/10/08 03:48:18.818, 0, 120 MHz, 3996 MHz, 188.35 W, 38
2026/10/08 03:48:18.818, 1, 120 MHz, 3996 MHz, 190.17 W, 39
2026/10/08 03:48:18.818, 2, 2032 MHz, 3996 MHz, 538.90 W, 40
2026/10/08 03:48:18.818, 3, 2032 MHz, 3996 MHz, 513.32 W, 40
2026/10/08 03:48:18.818, 4, 2032 MHz, 3996 MHz, 991.50 W, 62
2026/10/08 03:48:18.818, 5, 2032 MHz, 3996 MHz, 966.18 W, 60
2026/10/08 03:48:18.818, 6, 2025 MHz, 3996 MHz, 1091.94 W, 54
2026/10/08 03:48:18.818, 7, 2032 MHz, 3996 MHz, 1066.57 W, 51
2026/10/08 03:48:19.818, 0, 120 MHz, 3996 MHz, 188.20 W, 38
2026/10/08 03:48:19.818, 1, 120 MHz, 3996 MHz, 190.17 W, 39
2026/10/08 03:48:19.818, 2, 2032 MHz, 3996 MHz, 554.92 W, 40
2026/10/08 03:48:19.819, 3, 2032 MHz, 3996 MHz, 535.10 W, 41
2026/10/08 03:48:19.819, 4, 1312 MHz, 3996 MHz, 1060.42 W, 69
2026/10/08 03:48:19.819, 5, 2032 MHz, 3996 MHz, 968.01 W, 60
2026/10/08 03:48:19.819, 6, 2025 MHz, 3996 MHz, 1093.22 W, 54
2026/10/08 03:48:19.819, 7, 2032 MHz, 3996 MHz, 1066.45 W, 51
2026/10/08 03:48:20.819, 0, 120 MHz, 3996 MHz, 187.97 W, 37
2026/10/08 03:48:20.819, 1, 120 MHz, 3996 MHz, 190.17 W, 39
2026/10/08 03:48:20.819, 2, 2032 MHz, 3996 MHz, 533.94 W, 39
2026/10/08 03:48:20.819, 3, 2032 MHz, 3996 MHz, 518.32 W, 40
2026/10/08 03:48:20.819, 4, 1320 MHz, 3996 MHz, 1085.12 W, 69
2026/10/08 03:48:20.819, 5, 2032 MHz, 3996 MHz, 969.07 W, 60
2026/10/08 03:48:20.819, 6, 2025 MHz, 3996 MHz, 1092.62 W, 54
2026/10/08 03:48:20.819, 7, 2032 MHz, 3996 MHz, 1066.36 W, 51
2026/10/08 03:48:21.819, 0, 120 MHz, 3996 MHz, 187.74 W, 37
2026/10/08 03:48:21.819, 1, 120 MHz, 3996 MHz, 190.17 W, 39
2026/10/08 03:48:21.819, 2, 2032 MHz, 3996 MHz, 518.52 W, 40
2026/10/08 03:48:21.819, 3, 2032 MHz, 3996 MHz, 505.27 W, 39
2026/10/08 03:48:21.819, 4, 2032 MHz, 3996 MHz, 1025.25 W, 63
2026/10/08 03:48:21.819, 5, 2032 MHz, 3996 MHz, 970.10 W, 60
2026/10/08 03:48:21.819, 6, 2032 MHz, 3996 MHz, 1056.08 W, 53
2026/10/08 03:48:21.819, 7, 2032 MHz, 3996 MHz, 1066.35 W, 51
2026/10/08 03:48:22.819, 0, 120 MHz, 3996 MHz, 187.14 W, 37
2026/10/08 03:48:22.820, 1, 120 MHz, 3996 MHz, 190.13 W, 39
2026/10/08 03:48:22.820, 2, 2032 MHz, 3996 MHz, 520.89 W, 39
2026/10/08 03:48:22.820, 3, 2032 MHz, 3996 MHz, 544.66 W, 40
2026/10/08 03:48:22.820, 4, 2032 MHz, 3996 MHz, 985.93 W, 62
2026/10/08 03:48:22.820, 5, 2032 MHz, 3996 MHz, 970.08 W, 60
2026/10/08 03:48:22.820, 6, 2032 MHz, 3996 MHz, 280.86 W, 42
2026/10/08 03:48:22.820, 7, 2032 MHz, 3996 MHz, 1066.65 W, 50
2026/10/08 03:48:23.820, 0, 120 MHz, 3996 MHz, 186.71 W, 37
2026/10/08 03:48:23.820, 1, 120 MHz, 3996 MHz, 189.27 W, 39
2026/10/08 03:48:23.820, 2, 2032 MHz, 3996 MHz, 523.89 W, 38
2026/10/08 03:48:23.820, 3, 2032 MHz, 3996 MHz, 510.80 W, 39
2026/10/08 03:48:23.820, 4, 2032 MHz, 3996 MHz, 985.95 W, 62
2026/10/08 03:48:23.820, 5, 2032 MHz, 3996 MHz, 972.20 W, 60
2026/10/08 03:48:23.820, 6, 2032 MHz, 3996 MHz, 263.92 W, 40
2026/10/08 03:48:23.820, 7, 2032 MHz, 3996 MHz, 1030.36 W, 50
2026/10/08 03:48:24.820, 0, 120 MHz, 3996 MHz, 186.53 W, 37
2026/10/08 03:48:24.820, 1, 120 MHz, 3996 MHz, 188.38 W, 39
2026/10/08 03:48:24.820, 2, 2032 MHz, 3996 MHz, 513.21 W, 39
2026/10/08 03:48:24.820, 3, 2032 MHz, 3996 MHz, 601.06 W, 40
2026/10/08 03:48:24.820, 4, 2032 MHz, 3996 MHz, 987.11 W, 62
2026/10/08 03:48:24.820, 5, 1357 MHz, 3996 MHz, 1012.74 W, 67
2026/10/08 03:48:24.820, 6, 2032 MHz, 3996 MHz, 258.23 W, 39
2026/10/08 03:48:24.820, 7, 2032 MHz, 3996 MHz, 520.29 W, 41
2026/10/08 03:48:25.820, 0, 120 MHz, 3996 MHz, 186.63 W, 37
2026/10/08 03:48:25.820, 1, 120 MHz, 3996 MHz, 188.23 W, 39
2026/10/08 03:48:25.820, 2, 2032 MHz, 3996 MHz, 531.22 W, 39
2026/10/08 03:48:25.820, 3, 2032 MHz, 3996 MHz, 430.33 W, 36
2026/10/08 03:48:25.820, 4, 2032 MHz, 3996 MHz, 988.29 W, 62
2026/10/08 03:48:25.820, 5, 1357 MHz, 3996 MHz, 1077.38 W, 67
2026/10/08 03:48:25.821, 6, 2032 MHz, 3996 MHz, 252.54 W, 38
2026/10/08 03:48:25.821, 7, 2032 MHz, 3996 MHz, 248.78 W, 38
2026/10/08 03:48:26.821, 0, 120 MHz, 3996 MHz, 186.87 W, 37
2026/10/08 03:48:26.821, 1, 2032 MHz, 3996 MHz, 242.22 W, 40
2026/10/08 03:48:26.821, 2, 2032 MHz, 3996 MHz, 545.11 W, 38
2026/10/08 03:48:26.821, 3, 2032 MHz, 3996 MHz, 240.10 W, 35
2026/10/08 03:48:26.821, 4, 2032 MHz, 3996 MHz, 989.90 W, 62
2026/10/08 03:48:26.821, 5, 1762 MHz, 3996 MHz, 1067.81 W, 65
2026/10/08 03:48:26.821, 6, 2032 MHz, 3996 MHz, 252.46 W, 38
2026/10/08 03:48:26.821, 7, 2032 MHz, 3996 MHz, 253.53 W, 37
2026/10/08 03:48:27.821, 0, 120 MHz, 3996 MHz, 186.82 W, 37
2026/10/08 03:48:27.821, 1, 2032 MHz, 3996 MHz, 250.09 W, 40
2026/10/08 03:48:27.821, 2, 2032 MHz, 3996 MHz, 503.21 W, 39
2026/10/08 03:48:27.821, 3, 2032 MHz, 3996 MHz, 239.61 W, 34
2026/10/08 03:48:27.821, 4, 2032 MHz, 3996 MHz, 990.33 W, 62
2026/10/08 03:48:27.821, 5, 2032 MHz, 3996 MHz, 958.70 W, 60
2026/10/08 03:48:27.821, 6, 2032 MHz, 3996 MHz, 252.51 W, 37
2026/10/08 03:48:27.821, 7, 2032 MHz, 3996 MHz, 242.56 W, 37
2026/10/08 03:48:28.821, 0, 120 MHz, 3996 MHz, 186.60 W, 36
2026/10/08 03:48:28.821, 1, 2032 MHz, 3996 MHz, 250.98 W, 39
2026/10/08 03:48:28.821, 2, 2032 MHz, 3996 MHz, 545.03 W, 39
2026/10/08 03:48:28.821, 3, 2032 MHz, 3996 MHz, 250.20 W, 34
2026/10/08 03:48:28.821, 4, 2032 MHz, 3996 MHz, 997.25 W, 62
2026/10/08 03:48:28.821, 5, 2032 MHz, 3996 MHz, 970.59 W, 60
2026/10/08 03:48:28.821, 6, 2032 MHz, 3996 MHz, 252.22 W, 37
2026/10/08 03:48:28.821, 7, 2032 MHz, 3996 MHz, 242.56 W, 36
2026/10/08 03:48:29.821, 0, 120 MHz, 3996 MHz, 186.55 W, 36
2026/10/08 03:48:29.821, 1, 2032 MHz, 3996 MHz, 251.78 W, 39
2026/10/08 03:48:29.821, 2, 2032 MHz, 3996 MHz, 572.44 W, 39
2026/10/08 03:48:29.821, 3, 2032 MHz, 3996 MHz, 238.07 W, 34
2026/10/08 03:48:29.822, 4, 2032 MHz, 3996 MHz, 982.18 W, 61
2026/10/08 03:48:29.822, 5, 2032 MHz, 3996 MHz, 973.58 W, 60
2026/10/08 03:48:29.822, 6, 2032 MHz, 3996 MHz, 251.63 W, 36
2026/10/08 03:48:29.822, 7, 2032 MHz, 3996 MHz, 241.95 W, 36
2026/10/08 03:48:30.822, 0, 120 MHz, 3996 MHz, 186.98 W, 36
2026/10/08 03:48:30.822, 1, 2032 MHz, 3996 MHz, 251.44 W, 39
2026/10/08 03:48:30.822, 2, 2032 MHz, 3996 MHz, 603.80 W, 40
2026/10/08 03:48:30.822, 3, 2032 MHz, 3996 MHz, 237.60 W, 34
2026/10/08 03:48:30.822, 4, 2032 MHz, 3996 MHz, 262.39 W, 52
2026/10/08 03:48:30.822, 5, 2032 MHz, 3996 MHz, 977.82 W, 60
2026/10/08 03:48:30.822, 6, 2032 MHz, 3996 MHz, 250.52 W, 36
2026/10/08 03:48:30.822, 7, 2032 MHz, 3996 MHz, 241.20 W, 35
2026/10/08 03:48:31.822, 0, 120 MHz, 3996 MHz, 186.77 W, 36
2026/10/08 03:48:31.822, 1, 2032 MHz, 3996 MHz, 261.95 W, 39
2026/10/08 03:48:31.822, 2, 2032 MHz, 3996 MHz, 469.17 W, 36
2026/10/08 03:48:31.822, 3, 2032 MHz, 3996 MHz, 237.58 W, 33
2026/10/08 03:48:31.822, 4, 2032 MHz, 3996 MHz, 257.94 W, 50
2026/10/08 03:48:31.822, 5, 2032 MHz, 3996 MHz, 971.70 W, 60
2026/10/08 03:48:31.822, 6, 915 MHz, 3996 MHz, 229.47 W, 35
2026/10/08 03:48:31.822, 7, 2032 MHz, 3996 MHz, 241.25 W, 35
2026/10/08 03:48:32.822, 0, 120 MHz, 3996 MHz, 186.54 W, 36
2026/10/08 03:48:32.822, 1, 2032 MHz, 3996 MHz, 257.05 W, 39
2026/10/08 03:48:32.822, 2, 2032 MHz, 3996 MHz, 238.74 W, 34
2026/10/08 03:48:32.822, 3, 2032 MHz, 3996 MHz, 237.46 W, 33
2026/10/08 03:48:32.822, 4, 2032 MHz, 3996 MHz, 267.46 W, 49
2026/10/08 03:48:32.822, 5, 2032 MHz, 3996 MHz, 974.91 W, 60
2026/10/08 03:48:32.822, 6, 262 MHz, 3996 MHz, 192.64 W, 34
2026/10/08 03:48:32.822, 7, 2032 MHz, 3996 MHz, 241.09 W, 34
2026/10/08 03:48:33.822, 0, 2032 MHz, 3996 MHz, 231.12 W, 37
2026/10/08 03:48:33.822, 1, 2032 MHz, 3996 MHz, 286.17 W, 39
2026/10/08 03:48:33.823, 2, 2032 MHz, 3996 MHz, 238.55 W, 34
2026/10/08 03:48:33.823, 3, 2032 MHz, 3996 MHz, 237.04 W, 33
2026/10/08 03:48:33.823, 4, 2032 MHz, 3996 MHz, 255.12 W, 49
2026/10/08 03:48:33.823, 5, 2032 MHz, 3996 MHz, 972.63 W, 60
2026/10/08 03:48:33.823, 6, 165 MHz, 3996 MHz, 188.91 W, 34
2026/10/08 03:48:33.823, 7, 2032 MHz, 3996 MHz, 240.74 W, 34
2026/10/08 03:48:34.823, 0, 2032 MHz, 3996 MHz, 244.27 W, 37
2026/10/08 03:48:34.823, 1, 2032 MHz, 3996 MHz, 250.34 W, 39
2026/10/08 03:48:34.823, 2, 2032 MHz, 3996 MHz, 249.13 W, 33
2026/10/08 03:48:34.823, 3, 2032 MHz, 3996 MHz, 237.91 W, 33
2026/10/08 03:48:34.823, 4, 2032 MHz, 3996 MHz, 253.97 W, 48
2026/10/08 03:48:34.823, 5, 2032 MHz, 3996 MHz, 973.56 W, 59
2026/10/08 03:48:34.823, 6, 120 MHz, 3996 MHz, 188.71 W, 33
2026/10/08 03:48:34.823, 7, 300 MHz, 3996 MHz, 194.20 W, 33
2026/10/08 03:48:35.823, 0, 2032 MHz, 3996 MHz, 244.25 W, 37
2026/10/08 03:48:35.823, 1, 2032 MHz, 3996 MHz, 268.76 W, 39
2026/10/08 03:48:35.823, 2, 2032 MHz, 3996 MHz, 236.75 W, 33
2026/10/08 03:48:35.823, 3, 2032 MHz, 3996 MHz, 236.97 W, 32
2026/10/08 03:48:35.823, 4, 2032 MHz, 3996 MHz, 254.15 W, 47
2026/10/08 03:48:35.823, 5, 2032 MHz, 3996 MHz, 412.26 W, 50
2026/10/08 03:48:35.823, 6, 120 MHz, 3996 MHz, 188.72 W, 33
2026/10/08 03:48:35.823, 7, 187 MHz, 3996 MHz, 188.28 W, 32
2026/10/08 03:48:36.823, 0, 2032 MHz, 3996 MHz, 244.16 W, 37
2026/10/08 03:48:36.823, 1, 2032 MHz, 3996 MHz, 250.48 W, 39
2026/10/08 03:48:36.823, 2, 2032 MHz, 3996 MHz, 236.69 W, 33
2026/10/08 03:48:36.823, 3, 397 MHz, 3996 MHz, 223.36 W, 32
2026/10/08 03:48:36.823, 4, 2032 MHz, 3996 MHz, 253.62 W, 47
2026/10/08 03:48:36.823, 5, 2032 MHz, 3996 MHz, 249.33 W, 48
2026/10/08 03:48:36.823, 6, 120 MHz, 3996 MHz, 188.72 W, 33
2026/10/08 03:48:36.823, 7, 547 MHz, 3996 MHz, 191.04 W, 32
2026/10/08 03:48:37.823, 0, 2032 MHz, 3996 MHz, 244.30 W, 37
2026/10/08 03:48:37.824, 1, 2032 MHz, 3996 MHz, 291.77 W, 40
2026/10/08 03:48:37.824, 2, 2032 MHz, 3996 MHz, 236.73 W, 33
2026/10/08 03:48:37.824, 3, 247 MHz, 3996 MHz, 185.03 W, 31
2026/10/08 03:48:37.824, 4, 2032 MHz, 3996 MHz, 252.51 W, 46
2026/10/08 03:48:37.824, 5, 2032 MHz, 3996 MHz, 259.40 W, 47
2026/10/08 03:48:37.824, 6, 120 MHz, 3996 MHz, 188.61 W, 32
2026/10/08 03:48:37.824, 7, 547 MHz, 3996 MHz, 190.84 W, 32
2026/10/08 03:48:38.824, 0, 2032 MHz, 3996 MHz, 244.08 W, 36
2026/10/08 03:48:38.824, 1, 2032 MHz, 3996 MHz, 319.00 W, 40
2026/10/08 03:48:38.824, 2, 2032 MHz, 3996 MHz, 236.79 W, 32
2026/10/08 03:48:38.824, 3, 157 MHz, 3996 MHz, 183.97 W, 31
2026/10/08 03:48:38.824, 4, 435 MHz, 3996 MHz, 241.88 W, 45
2026/10/08 03:48:38.824, 5, 2032 MHz, 3996 MHz, 246.62 W, 46
2026/10/08 03:48:38.824, 6, 120 MHz, 3996 MHz, 187.92 W, 32
2026/10/08 03:48:38.824, 7, 120 MHz, 3996 MHz, 187.09 W, 31
2026/10/08 03:48:39.824, 0, 2032 MHz, 3996 MHz, 243.84 W, 36
2026/10/08 03:48:39.824, 1, 2032 MHz, 3996 MHz, 304.67 W, 40
2026/10/08 03:48:39.824, 2, 2032 MHz, 3996 MHz, 236.86 W, 32
2026/10/08 03:48:39.824, 3, 120 MHz, 3996 MHz, 183.97 W, 31
2026/10/08 03:48:39.824, 4, 277 MHz, 3996 MHz, 191.59 W, 44
2026/10/08 03:48:39.824, 5, 2025 MHz, 3996 MHz, 244.99 W, 46
2026/10/08 03:48:39.824, 6, 120 MHz, 3996 MHz, 187.36 W, 32
2026/10/08 03:48:39.824, 7, 120 MHz, 3996 MHz, 186.53 W, 31
2026/10/08 03:48:40.824, 0, 2032 MHz, 3996 MHz, 262.37 W, 36
2026/10/08 03:48:40.824, 1, 2032 MHz, 3996 MHz, 285.92 W, 39
2026/10/08 03:48:40.824, 2, 2032 MHz, 3996 MHz, 236.76 W, 32
2026/10/08 03:48:40.824, 3, 120 MHz, 3996 MHz, 183.97 W, 31
2026/10/08 03:48:40.824, 4, 172 MHz, 3996 MHz, 190.18 W, 44
2026/10/08 03:48:40.824, 5, 495 MHz, 3996 MHz, 197.66 W, 44
2026/10/08 03:48:40.824, 6, 120 MHz, 3996 MHz, 187.01 W, 32
2026/10/08 03:48:40.824, 7, 120 MHz, 3996 MHz, 186.53 W, 31
2026/10/08 03:48:41.824, 0, 2032 MHz, 3996 MHz, 242.55 W, 36
2026/10/08 03:48:41.825, 1, 2032 MHz, 3996 MHz, 251.35 W, 38
2026/10/08 03:48:41.825, 2, 322 MHz, 3996 MHz, 203.82 W, 31
2026/10/08 03:48:41.825, 3, 120 MHz, 3996 MHz, 183.97 W, 30
2026/10/08 03:48:41.825, 4, 120 MHz, 3996 MHz, 189.00 W, 43
2026/10/08 03:48:41.825, 5, 315 MHz, 3996 MHz, 191.01 W, 44
2026/10/08 03:48:41.825, 6, 120 MHz, 3996 MHz, 187.40 W, 31
2026/10/08 03:48:41.825, 7, 120 MHz, 3996 MHz, 186.53 W, 30
2026/10/08 03:48:42.825, 0, 2032 MHz, 3996 MHz, 247.51 W, 36
2026/10/08 03:48:42.825, 1, 2032 MHz, 3996 MHz, 256.44 W, 38
2026/10/08 03:48:42.825, 2, 202 MHz, 3996 MHz, 186.05 W, 31
2026/10/08 03:48:42.825, 3, 120 MHz, 3996 MHz, 183.62 W, 30
2026/10/08 03:48:42.825, 4, 120 MHz, 3996 MHz, 189.19 W, 43
2026/10/08 03:48:42.825, 5, 195 MHz, 3996 MHz, 189.49 W, 43
2026/10/08 03:48:42.825, 6, 120 MHz, 3996 MHz, 186.85 W, 31
2026/10/08 03:48:42.825, 7, 120 MHz, 3996 MHz, 186.53 W, 30
2026/10/08 03:48:43.825, 0, 2032 MHz, 3996 MHz, 276.95 W, 36
2026/10/08 03:48:43.825, 1, 2032 MHz, 3996 MHz, 266.93 W, 38
2026/10/08 03:48:43.825, 2, 135 MHz, 3996 MHz, 184.64 W, 31
2026/10/08 03:48:43.825, 3, 120 MHz, 3996 MHz, 184.05 W, 30
2026/10/08 03:48:43.825, 4, 120 MHz, 3996 MHz, 188.67 W, 42
2026/10/08 03:48:43.825, 5, 127 MHz, 3996 MHz, 188.43 W, 42
2026/10/08 03:48:43.825, 6, 120 MHz, 3996 MHz, 186.78 W, 31
2026/10/08 03:48:43.825, 7, 120 MHz, 3996 MHz, 186.53 W, 30
2026/10/08 03:48:44.825, 0, 2032 MHz, 3996 MHz, 338.88 W, 39
2026/10/08 03:48:44.825, 1, 2032 MHz, 3996 MHz, 258.71 W, 38
2026/10/08 03:48:44.825, 2, 120 MHz, 3996 MHz, 184.09 W, 30
2026/10/08 03:48:44.825, 3, 120 MHz, 3996 MHz, 183.89 W, 30
2026/10/08 03:48:44.825, 4, 120 MHz, 3996 MHz, 188.47 W, 42
2026/10/08 03:48:44.825, 5, 120 MHz, 3996 MHz, 188.06 W, 42
2026/10/08 03:48:44.825, 6, 120 MHz, 3996 MHz, 186.78 W, 31
2026/10/08 03:48:44.825, 7, 120 MHz, 3996 MHz, 186.53 W, 30
2026/10/08 03:48:45.826, 0, 2032 MHz, 3996 MHz, 340.17 W, 37
2026/10/08 03:48:45.826, 1, 2032 MHz, 3996 MHz, 253.23 W, 38
2026/10/08 03:48:45.826, 2, 120 MHz, 3996 MHz, 184.09 W, 30
2026/10/08 03:48:45.826, 3, 120 MHz, 3996 MHz, 183.90 W, 30
2026/10/08 03:48:45.826, 4, 120 MHz, 3996 MHz, 188.47 W, 42
2026/10/08 03:48:45.826, 5, 120 MHz, 3996 MHz, 187.58 W, 41
2026/10/08 03:48:45.826, 6, 120 MHz, 3996 MHz, 186.78 W, 31
2026/10/08 03:48:45.826, 7, 120 MHz, 3996 MHz, 186.53 W, 30
2026/10/08 03:48:46.826, 0, 2032 MHz, 3996 MHz, 265.62 W, 36
2026/10/08 03:48:46.826, 1, 2032 MHz, 3996 MHz, 256.26 W, 38
2026/10/08 03:48:46.826, 2, 120 MHz, 3996 MHz, 184.09 W, 30
2026/10/08 03:48:46.826, 3, 120 MHz, 3996 MHz, 183.77 W, 30
2026/10/08 03:48:46.826, 4, 120 MHz, 3996 MHz, 188.48 W, 41
2026/10/08 03:48:46.826, 5, 120 MHz, 3996 MHz, 187.34 W, 41
2026/10/08 03:48:46.826, 6, 120 MHz, 3996 MHz, 186.78 W, 31
2026/10/08 03:48:46.826, 7, 120 MHz, 3996 MHz, 186.53 W, 29
2026/10/08 03:48:47.826, 0, 2032 MHz, 3996 MHz, 255.92 W, 36
2026/10/08 03:48:47.826, 1, 2032 MHz, 3996 MHz, 249.88 W, 38
2026/10/08 03:48:47.826, 2, 120 MHz, 3996 MHz, 184.09 W, 30
2026/10/08 03:48:47.826, 3, 120 MHz, 3996 MHz, 183.07 W, 30
2026/10/08 03:48:47.826, 4, 120 MHz, 3996 MHz, 188.35 W, 41
2026/10/08 03:48:47.826, 5, 120 MHz, 3996 MHz, 186.88 W, 41
2026/10/08 03:48:47.826, 6, 120 MHz, 3996 MHz, 186.78 W, 30
2026/10/08 03:48:47.826, 7, 120 MHz, 3996 MHz, 186.53 W, 29
2026/10/08 03:48:48.826, 0, 2032 MHz, 3996 MHz, 256.70 W, 36
2026/10/08 03:48:48.826, 1, 2032 MHz, 3996 MHz, 249.86 W, 37
2026/10/08 03:48:48.826, 2, 120 MHz, 3996 MHz, 184.09 W, 30
2026/10/08 03:48:48.826, 3, 120 MHz, 3996 MHz, 182.21 W, 30
2026/10/08 03:48:48.826, 4, 120 MHz, 3996 MHz, 186.80 W, 41
2026/10/08 03:48:48.826, 5, 120 MHz, 3996 MHz, 186.64 W, 40
2026/10/08 03:48:48.826, 6, 120 MHz, 3996 MHz, 186.78 W, 30
2026/10/08 03:48:48.826, 7, 120 MHz, 3996 MHz, 186.53 W, 29
2026/10/08 03:48:49.827, 0, 2032 MHz, 3996 MHz, 253.96 W, 36
2026/10/08 03:48:49.827, 1, 2032 MHz, 3996 MHz, 249.89 W, 37
2026/10/08 03:48:49.827, 2, 120 MHz, 3996 MHz, 184.09 W, 30
2026/10/08 03:48:49.827, 3, 120 MHz, 3996 MHz, 182.36 W, 30
2026/10/08 03:48:49.827, 4, 120 MHz, 3996 MHz, 186.53 W, 40
2026/10/08 03:48:49.827, 5, 120 MHz, 3996 MHz, 186.59 W, 40
2026/10/08 03:48:49.827, 6, 120 MHz, 3996 MHz, 186.78 W, 30
2026/10/08 03:48:49.827, 7, 120 MHz, 3996 MHz, 186.54 W, 29
2026/10/08 03:48:50.827, 0, 2032 MHz, 3996 MHz, 246.38 W, 35
2026/10/08 03:48:50.827, 1, 2032 MHz, 3996 MHz, 254.16 W, 37
2026/10/08 03:48:50.827, 2, 120 MHz, 3996 MHz, 184.09 W, 30
2026/10/08 03:48:50.827, 3, 120 MHz, 3996 MHz, 182.44 W, 29
2026/10/08 03:48:50.827, 4, 120 MHz, 3996 MHz, 186.53 W, 40
2026/10/08 03:48:50.827, 5, 120 MHz, 3996 MHz, 186.58 W, 40
2026/10/08 03:48:50.827, 6, 120 MHz, 3996 MHz, 186.78 W, 30
2026/10/08 03:48:50.827, 7, 120 MHz, 3996 MHz, 186.53 W, 29
2026/10/08 03:48:51.827, 0, 2032 MHz, 3996 MHz, 249.39 W, 35
2026/10/08 03:48:51.827, 1, 2032 MHz, 3996 MHz, 256.84 W, 37
2026/10/08 03:48:51.827, 2, 120 MHz, 3996 MHz, 184.09 W, 30
2026/10/08 03:48:51.827, 3, 120 MHz, 3996 MHz, 182.25 W, 29
2026/10/08 03:48:51.828, 4, 120 MHz, 3996 MHz, 186.53 W, 40
2026/10/08 03:48:51.828, 5, 120 MHz, 3996 MHz, 186.56 W, 39
2026/10/08 03:48:51.828, 6, 120 MHz, 3996 MHz, 186.78 W, 30
2026/10/08 03:48:51.828, 7, 120 MHz, 3996 MHz, 186.53 W, 29
2026/10/08 03:48:52.828, 0, 2032 MHz, 3996 MHz, 242.54 W, 35
2026/10/08 03:48:52.828, 1, 2032 MHz, 3996 MHz, 249.78 W, 37
2026/10/08 03:48:52.828, 2, 120 MHz, 3996 MHz, 184.09 W, 30
2026/10/08 03:48:52.828, 3, 120 MHz, 3996 MHz, 182.40 W, 29
2026/10/08 03:48:52.828, 4, 120 MHz, 3996 MHz, 186.53 W, 39
2026/10/08 03:48:52.828, 5, 120 MHz, 3996 MHz, 186.53 W, 39
2026/10/08 03:48:52.828, 6, 120 MHz, 3996 MHz, 186.78 W, 30
2026/10/08 03:48:52.828, 7, 120 MHz, 3996 MHz, 186.53 W, 29
2026/10/08 03:48:53.828, 0, 2032 MHz, 3996 MHz, 242.36 W, 35
2026/10/08 03:48:53.828, 1, 2032 MHz, 3996 MHz, 249.79 W, 37
2026/10/08 03:48:53.828, 2, 120 MHz, 3996 MHz, 184.09 W, 29
2026/10/08 03:48:53.828, 3, 120 MHz, 3996 MHz, 182.29 W, 29
2026/10/08 03:48:53.828, 4, 120 MHz, 3996 MHz, 186.53 W, 39
2026/10/08 03:48:53.828, 5, 120 MHz, 3996 MHz, 186.30 W, 39
2026/10/08 03:48:53.828, 6, 120 MHz, 3996 MHz, 186.78 W, 30
2026/10/08 03:48:53.828, 7, 120 MHz, 3996 MHz, 186.53 W, 29
2026/10/08 03:48:54.828, 0, 2032 MHz, 3996 MHz, 242.64 W, 35
2026/10/08 03:48:54.828, 1, 2032 MHz, 3996 MHz, 249.61 W, 37
2026/10/08 03:48:54.828, 2, 120 MHz, 3996 MHz, 184.09 W, 29
2026/10/08 03:48:54.828, 3, 120 MHz, 3996 MHz, 182.13 W, 29
2026/10/08 03:48:54.828, 4, 120 MHz, 3996 MHz, 186.49 W, 39
2026/10/08 03:48:54.828, 5, 120 MHz, 3996 MHz, 186.00 W, 38
2026/10/08 03:48:54.828, 6, 120 MHz, 3996 MHz, 186.78 W, 30
2026/10/08 03:48:54.828, 7, 120 MHz, 3996 MHz, 186.53 W, 29
2026/10/08 03:48:55.830, 0, 2032 MHz, 3996 MHz, 242.67 W, 35
2026/10/08 03:48:55.830, 1, 2032 MHz, 3996 MHz, 249.38 W, 37
2026/10/08 03:48:55.830, 2, 120 MHz, 3996 MHz, 184.09 W, 29
2026/10/08 03:48:55.830, 3, 120 MHz, 3996 MHz, 182.14 W, 29
2026/10/08 03:48:55.830, 4, 120 MHz, 3996 MHz, 186.38 W, 39
2026/10/08 03:48:55.830, 5, 120 MHz, 3996 MHz, 185.62 W, 38
2026/10/08 03:48:55.830, 6, 120 MHz, 3996 MHz, 186.78 W, 30
2026/10/08 03:48:55.830, 7, 120 MHz, 3996 MHz, 186.53 W, 29
2026/10/08 03:48:56.830, 0, 2032 MHz, 3996 MHz, 257.49 W, 35
2026/10/08 03:48:56.830, 1, 2032 MHz, 3996 MHz, 255.94 W, 37
2026/10/08 03:48:56.830, 2, 120 MHz, 3996 MHz, 184.09 W, 29
2026/10/08 03:48:56.830, 3, 120 MHz, 3996 MHz, 182.13 W, 29
2026/10/08 03:48:56.831, 4, 120 MHz, 3996 MHz, 185.88 W, 39
2026/10/08 03:48:56.831, 5, 120 MHz, 3996 MHz, 185.56 W, 38
2026/10/08 03:48:56.831, 6, 120 MHz, 3996 MHz, 186.72 W, 30
2026/10/08 03:48:56.831, 7, 2032 MHz, 3996 MHz, 209.39 W, 29
2026/10/08 03:48:57.831, 0, 2032 MHz, 3996 MHz, 242.56 W, 35
2026/10/08 03:48:57.831, 1, 2032 MHz, 3996 MHz, 249.86 W, 37
2026/10/08 03:48:57.831, 2, 120 MHz, 3996 MHz, 184.09 W, 29
2026/10/08 03:48:57.831, 3, 120 MHz, 3996 MHz, 182.21 W, 29
2026/10/08 03:48:57.831, 4, 120 MHz, 3996 MHz, 185.79 W, 39
2026/10/08 03:48:57.831, 5, 120 MHz, 3996 MHz, 185.50 W, 38
2026/10/08 03:48:57.831, 6, 120 MHz, 3996 MHz, 186.65 W, 30
2026/10/08 03:48:57.831, 7, 2032 MHz, 3996 MHz, 236.89 W, 30
2026/10/08 03:48:58.831, 0, 2032 MHz, 3996 MHz, 242.43 W, 35
2026/10/08 03:48:58.831, 1, 2032 MHz, 3996 MHz, 249.77 W, 37
2026/10/08 03:48:58.831, 2, 120 MHz, 3996 MHz, 184.05 W, 29
2026/10/08 03:48:58.831, 3, 120 MHz, 3996 MHz, 182.14 W, 29
2026/10/08 03:48:58.831, 4, 120 MHz, 3996 MHz, 185.24 W, 38
2026/10/08 03:48:58.831, 5, 120 MHz, 3996 MHz, 184.80 W, 38
2026/10/08 03:48:58.831, 6, 120 MHz, 3996 MHz, 186.65 W, 30
2026/10/08 03:48:58.831, 7, 2032 MHz, 3996 MHz, 236.86 W, 30
2026/10/08 03:48:59.832, 0, 2032 MHz, 3996 MHz, 242.37 W, 35
2026/10/08 03:48:59.832, 1, 2032 MHz, 3996 MHz, 249.91 W, 37
2026/10/08 03:48:59.832, 2, 120 MHz, 3996 MHz, 184.09 W, 29
2026/10/08 03:48:59.832, 3, 120 MHz, 3996 MHz, 182.17 W, 29
2026/10/08 03:48:59.832, 4, 120 MHz, 3996 MHz, 184.94 W, 38
2026/10/08 03:48:59.832, 5, 120 MHz, 3996 MHz, 184.85 W, 38
2026/10/08 03:48:59.832, 6, 2032 MHz, 3996 MHz, 213.58 W, 31
2026/10/08 03:48:59.832, 7, 2032 MHz, 3996 MHz, 236.83 W, 30
2026/10/08 03:49:00.832, 0, 2032 MHz, 3996 MHz, 242.39 W, 35
2026/10/08 03:49:00.832, 1, 2032 MHz, 3996 MHz, 249.91 W, 37
2026/10/08 03:49:00.832, 2, 120 MHz, 3996 MHz, 184.09 W, 30
2026/10/08 03:49:00.832, 3, 120 MHz, 3996 MHz, 182.26 W, 29
2026/10/08 03:49:00.832, 4, 120 MHz, 3996 MHz, 185.32 W, 38
2026/10/08 03:49:00.832, 5, 120 MHz, 3996 MHz, 184.81 W, 38
2026/10/08 03:49:00.832, 6, 2032 MHz, 3996 MHz, 246.76 W, 31
2026/10/08 03:49:00.832, 7, 2032 MHz, 3996 MHz, 236.74 W, 30
2026/10/08 03:49:01.834, 0, 2032 MHz, 3996 MHz, 242.37 W, 35
2026/10/08 03:49:01.834, 1, 2032 MHz, 3996 MHz, 249.66 W, 37
2026/10/08 03:49:01.834, 2, 120 MHz, 3996 MHz, 184.09 W, 30
2026/10/08 03:49:01.834, 3, 120 MHz, 3996 MHz, 182.21 W, 29
2026/10/08 03:49:01.834, 4, 120 MHz, 3996 MHz, 185.88 W, 38
2026/10/08 03:49:01.835, 5, 120 MHz, 3996 MHz, 184.71 W, 37
2026/10/08 03:49:01.835, 6, 2032 MHz, 3996 MHz, 246.69 W, 31
2026/10/08 03:49:01.835, 7, 2032 MHz, 3996 MHz, 236.74 W, 30
2026/10/08 03:49:02.835, 0, 2032 MHz, 3996 MHz, 271.03 W, 35
2026/10/08 03:49:02.835, 1, 2032 MHz, 3996 MHz, 249.84 W, 37
2026/10/08 03:49:02.835, 2, 120 MHz, 3996 MHz, 184.09 W, 30
2026/10/08 03:49:02.835, 3, 120 MHz, 3996 MHz, 182.17 W, 29
2026/10/08 03:49:02.835, 4, 120 MHz, 3996 MHz, 185.69 W, 38
2026/10/08 03:49:02.835, 5, 120 MHz, 3996 MHz, 184.74 W, 37
2026/10/08 03:49:02.835, 6, 2032 MHz, 3996 MHz, 246.00 W, 31
2026/10/08 03:49:02.835, 7, 2032 MHz, 3996 MHz, 236.74 W, 30
2026/10/08 03:49:03.835, 0, 2032 MHz, 3996 MHz, 562.35 W, 37
2026/10/08 03:49:03.835, 1, 2032 MHz, 3996 MHz, 311.82 W, 47
2026/10/08 03:49:03.835, 2, 120 MHz, 3996 MHz, 184.09 W, 30
2026/10/08 03:49:03.835, 3, 120 MHz, 3996 MHz, 182.37 W, 29
2026/10/08 03:49:03.835, 4, 120 MHz, 3996 MHz, 185.23 W, 38
2026/10/08 03:49:03.835, 5, 2032 MHz, 3996 MHz, 201.06 W, 38
2026/10/08 03:49:03.835, 6, 2032 MHz, 3996 MHz, 246.50 W, 31
2026/10/08 03:49:03.835, 7, 2032 MHz, 3996 MHz, 236.74 W, 30
2026/10/08 03:49:04.835, 0, 1267 MHz, 3996 MHz, 636.87 W, 49
2026/10/08 03:49:04.835, 1, 2032 MHz, 3996 MHz, 548.42 W, 39
2026/10/08 03:49:04.835, 2, 120 MHz, 3996 MHz, 184.09 W, 30
2026/10/08 03:49:04.835, 3, 120 MHz, 3996 MHz, 182.17 W, 30
2026/10/08 03:49:04.835, 4, 120 MHz, 3996 MHz, 185.56 W, 38
2026/10/08 03:49:04.835, 5, 2032 MHz, 3996 MHz, 238.83 W, 38
2026/10/08 03:49:04.835, 6, 2032 MHz, 3996 MHz, 246.76 W, 31
2026/10/08 03:49:04.835, 7, 2032 MHz, 3996 MHz, 236.74 W, 30
2026/10/08 03:49:05.836, 0, 2032 MHz, 3996 MHz, 993.00 W, 46
2026/10/08 03:49:05.836, 1, 1252 MHz, 3996 MHz, 665.91 W, 52
2026/10/08 03:49:05.836, 2, 120 MHz, 3996 MHz, 184.09 W, 30
2026/10/08 03:49:05.836, 3, 120 MHz, 3996 MHz, 182.36 W, 30
2026/10/08 03:49:05.836, 4, 120 MHz, 3996 MHz, 185.08 W, 38
2026/10/08 03:49:05.836, 5, 2032 MHz, 3996 MHz, 238.70 W, 38
2026/10/08 03:49:05.836, 6, 2032 MHz, 3996 MHz, 246.75 W, 31
2026/10/08 03:49:05.836, 7, 2032 MHz, 3996 MHz, 236.74 W, 30
2026/10/08 03:49:06.836, 0, 2032 MHz, 3996 MHz, 883.09 W, 46
2026/10/08 03:49:06.836, 1, 2032 MHz, 3996 MHz, 989.72 W, 47
2026/10/08 03:49:06.836, 2, 120 MHz, 3996 MHz, 184.09 W, 30
2026/10/08 03:49:06.836, 3, 120 MHz, 3996 MHz, 182.17 W, 30
2026/10/08 03:49:06.836, 4, 120 MHz, 3996 MHz, 185.18 W, 38
2026/10/08 03:49:06.836, 5, 2032 MHz, 3996 MHz, 238.68 W, 38
2026/10/08 03:49:06.836, 6, 2032 MHz, 3996 MHz, 246.72 W, 31
2026/10/08 03:49:06.836, 7, 2032 MHz, 3996 MHz, 236.74 W, 30
2026/10/08 03:49:07.836, 0, 2032 MHz, 3996 MHz, 883.99 W, 46
2026/10/08 03:49:07.836, 1, 2032 MHz, 3996 MHz, 890.42 W, 47
2026/10/08 03:49:07.836, 2, 120 MHz, 3996 MHz, 184.09 W, 30
2026/10/08 03:49:07.836, 3, 120 MHz, 3996 MHz, 182.21 W, 30
2026/10/08 03:49:07.836, 4, 120 MHz, 3996 MHz, 184.76 W, 38
2026/10/08 03:49:07.836, 5, 2032 MHz, 3996 MHz, 238.69 W, 38
2026/10/08 03:49:07.836, 6, 2032 MHz, 3996 MHz, 246.76 W, 31
2026/10/08 03:49:07.837, 7, 2032 MHz, 3996 MHz, 237.65 W, 30
2026/10/08 03:49:08.837, 0, 2032 MHz, 3996 MHz, 886.01 W, 47
2026/10/08 03:49:08.837, 1, 2032 MHz, 3996 MHz, 894.70 W, 48
2026/10/08 03:49:08.837, 2, 120 MHz, 3996 MHz, 184.09 W, 30
2026/10/08 03:49:08.837, 3, 120 MHz, 3996 MHz, 182.29 W, 30
2026/10/08 03:49:08.837, 4, 2032 MHz, 3996 MHz, 206.51 W, 39
2026/10/08 03:49:08.837, 5, 2032 MHz, 3996 MHz, 238.65 W, 38
2026/10/08 03:49:08.837, 6, 2032 MHz, 3996 MHz, 246.76 W, 31
2026/10/08 03:49:08.837, 7, 2032 MHz, 3996 MHz, 238.56 W, 30
2026/10/08 03:49:09.837, 0, 2032 MHz, 3996 MHz, 889.05 W, 47
2026/10/08 03:49:09.837, 1, 2032 MHz, 3996 MHz, 904.12 W, 48
2026/10/08 03:49:09.837, 2, 120 MHz, 3996 MHz, 184.09 W, 30
2026/10/08 03:49:09.837, 3, 120 MHz, 3996 MHz, 182.17 W, 30
2026/10/08 03:49:09.837, 4, 2032 MHz, 3996 MHz, 246.16 W, 39
2026/10/08 03:49:09.837, 5, 2032 MHz, 3996 MHz, 238.48 W, 38
2026/10/08 03:49:09.837, 6, 2032 MHz, 3996 MHz, 246.69 W, 31
2026/10/08 03:49:09.837, 7, 2032 MHz, 3996 MHz, 252.91 W, 31
2026/10/08 03:49:10.837, 0, 1402 MHz, 3996 MHz, 892.38 W, 47
2026/10/08 03:49:10.837, 1, 2032 MHz, 3996 MHz, 901.79 W, 49
2026/10/08 03:49:10.837, 2, 120 MHz, 3996 MHz, 184.09 W, 30
2026/10/08 03:49:10.837, 3, 120 MHz, 3996 MHz, 182.36 W, 30
2026/10/08 03:49:10.837, 4, 2032 MHz, 3996 MHz, 245.46 W, 39
2026/10/08 03:49:10.837, 5, 2032 MHz, 3996 MHz, 238.54 W, 38
2026/10/08 03:49:10.837, 6, 2032 MHz, 3996 MHz, 246.76 W, 31
2026/10/08 03:49:10.837, 7, 2032 MHz, 3996 MHz, 246.46 W, 30
2026/10/08 03:49:11.837, 0, 1357 MHz, 3996 MHz, 1093.40 W, 56
2026/10/08 03:49:11.837, 1, 1327 MHz, 3996 MHz, 933.12 W, 57
2026/10/08 03:49:11.837, 2, 120 MHz, 3996 MHz, 184.09 W, 30
2026/10/08 03:49:11.837, 3, 120 MHz, 3996 MHz, 182.29 W, 30
2026/10/08 03:49:11.837, 4, 2032 MHz, 3996 MHz, 245.74 W, 39
2026/10/08 03:49:11.837, 5, 2032 MHz, 3996 MHz, 238.66 W, 38
2026/10/08 03:49:11.837, 6, 2032 MHz, 3996 MHz, 246.76 W, 31
2026/10/08 03:49:11.837, 7, 2032 MHz, 3996 MHz, 236.74 W, 30
2026/10/08 03:49:12.837, 0, 2032 MHz, 3996 MHz, 894.59 W, 48
2026/10/08 03:49:12.838, 1, 1410 MHz, 3996 MHz, 1068.38 W, 54
2026/10/08 03:49:12.838, 2, 120 MHz, 3996 MHz, 184.09 W, 30
2026/10/08 03:49:12.838, 3, 120 MHz, 3996 MHz, 182.25 W, 30
2026/10/08 03:49:12.838, 4, 2032 MHz, 3996 MHz, 246.24 W, 39
2026/10/08 03:49:12.838, 5, 2032 MHz, 3996 MHz, 238.72 W, 38
2026/10/08 03:49:12.838, 6, 2032 MHz, 3996 MHz, 246.74 W, 31
2026/10/08 03:49:12.838, 7, 2032 MHz, 3996 MHz, 236.74 W, 30
2026/10/08 03:49:13.838, 0, 2032 MHz, 3996 MHz, 887.79 W, 48
2026/10/08 03:49:13.838, 1, 2032 MHz, 3996 MHz, 886.67 W, 50
2026/10/08 03:49:13.838, 2, 120 MHz, 3996 MHz, 184.09 W, 30
2026/10/08 03:49:13.838, 3, 120 MHz, 3996 MHz, 182.21 W, 30
2026/10/08 03:49:13.838, 4, 2032 MHz, 3996 MHz, 246.28 W, 39
2026/10/08 03:49:13.838, 5, 2032 MHz, 3996 MHz, 238.59 W, 38
2026/10/08 03:49:13.838, 6, 2032 MHz, 3996 MHz, 246.76 W, 31
2026/10/08 03:49:13.838, 7, 2032 MHz, 3996 MHz, 236.74 W, 30
2026/10/08 03:49:14.838, 0, 2032 MHz, 3996 MHz, 889.84 W, 49
2026/10/08 03:49:14.838, 1, 2032 MHz, 3996 MHz, 895.77 W, 50
2026/10/08 03:49:14.838, 2, 120 MHz, 3996 MHz, 184.09 W, 30
2026/10/08 03:49:14.838, 3, 120 MHz, 3996 MHz, 182.33 W, 30
2026/10/08 03:49:14.838, 4, 2032 MHz, 3996 MHz, 246.28 W, 39
2026/10/08 03:49:14.838, 5, 2032 MHz, 3996 MHz, 238.59 W, 38
2026/10/08 03:49:14.838, 6, 2032 MHz, 3996 MHz, 246.76 W, 31
2026/10/08 03:49:14.838, 7, 2032 MHz, 3996 MHz, 236.74 W, 30
2026/10/08 03:49:15.838, 0, 2032 MHz, 3996 MHz, 892.77 W, 49
2026/10/08 03:49:15.838, 1, 2032 MHz, 3996 MHz, 900.93 W, 50
2026/10/08 03:49:15.838, 2, 120 MHz, 3996 MHz, 184.09 W, 30
2026/10/08 03:49:15.838, 3, 120 MHz, 3996 MHz, 182.56 W, 30
2026/10/08 03:49:15.838, 4, 2032 MHz, 3996 MHz, 246.28 W, 39
2026/10/08 03:49:15.838, 5, 2032 MHz, 3996 MHz, 238.67 W, 38
2026/10/08 03:49:15.838, 6, 2032 MHz, 3996 MHz, 246.75 W, 31
2026/10/08 03:49:15.838, 7, 2032 MHz, 3996 MHz, 236.74 W, 30
2026/10/08 03:49:16.838, 0, 2032 MHz, 3996 MHz, 897.21 W, 49
2026/10/08 03:49:16.838, 1, 2032 MHz, 3996 MHz, 901.28 W, 51
2026/10/08 03:49:16.838, 2, 120 MHz, 3996 MHz, 184.09 W, 30
2026/10/08 03:49:16.838, 3, 120 MHz, 3996 MHz, 182.40 W, 30
2026/10/08 03:49:16.838, 4, 2032 MHz, 3996 MHz, 246.28 W, 39
2026/10/08 03:49:16.838, 5, 2032 MHz, 3996 MHz, 238.74 W, 38
2026/10/08 03:49:16.838, 6, 2032 MHz, 3996 MHz, 246.76 W, 32
2026/10/08 03:49:16.838, 7, 2032 MHz, 3996 MHz, 236.74 W, 30
2026/10/08 03:49:17.838, 0, 1297 MHz, 3996 MHz, 1026.20 W, 57
2026/10/08 03:49:17.839, 1, 2032 MHz, 3996 MHz, 904.10 W, 51
2026/10/08 03:49:17.839, 2, 120 MHz, 3996 MHz, 184.09 W, 30
2026/10/08 03:49:17.839, 3, 120 MHz, 3996 MHz, 182.40 W, 30
2026/10/08 03:49:17.839, 4, 2032 MHz, 3996 MHz, 246.28 W, 39
2026/10/08 03:49:17.839, 5, 2032 MHz, 3996 MHz, 238.55 W, 38
2026/10/08 03:49:17.839, 6, 2032 MHz, 3996 MHz, 248.02 W, 32
2026/10/08 03:49:17.839, 7, 2032 MHz, 3996 MHz, 236.74 W, 30
2026/10/08 03:49:18.839, 0, 2032 MHz, 3996 MHz, 968.89 W, 50
2026/10/08 03:49:18.839, 1, 1290 MHz, 3996 MHz, 1050.57 W, 59
2026/10/08 03:49:18.839, 2, 120 MHz, 3996 MHz, 184.09 W, 30
2026/10/08 03:49:18.839, 3, 120 MHz, 3996 MHz, 182.36 W, 30
2026/10/08 03:49:18.839, 4, 2032 MHz, 3996 MHz, 246.28 W, 39
2026/10/08 03:49:18.839, 5, 2032 MHz, 3996 MHz, 238.48 W, 38
2026/10/08 03:49:18.839, 6, 2032 MHz, 3996 MHz, 247.94 W, 32
2026/10/08 03:49:18.839, 7, 2032 MHz, 3996 MHz, 236.74 W, 30
2026/10/08 03:49:19.839, 0, 2032 MHz, 3996 MHz, 890.14 W, 50
2026/10/08 03:49:19.839, 1, 2032 MHz, 3996 MHz, 965.29 W, 52
2026/10/08 03:49:19.839, 2, 120 MHz, 3996 MHz, 184.09 W, 30
2026/10/08 03:49:19.839, 3, 120 MHz, 3996 MHz, 182.49 W, 30
2026/10/08 03:49:19.839, 4, 2032 MHz, 3996 MHz, 246.28 W, 39
2026/10/08 03:49:19.839, 5, 2032 MHz, 3996 MHz, 238.37 W, 38
2026/10/08 03:49:19.839, 6, 2032 MHz, 3996 MHz, 247.03 W, 32
2026/10/08 03:49:19.839, 7, 2032 MHz, 3996 MHz, 236.89 W, 30
2026/10/08 03:49:20.839, 0, 2032 MHz, 3996 MHz, 891.46 W, 50
2026/10/08 03:49:20.839, 1, 2032 MHz, 3996 MHz, 899.03 W, 52
2026/10/08 03:49:20.839, 2, 120 MHz, 3996 MHz, 184.09 W, 30
2026/10/08 03:49:20.839, 3, 120 MHz, 3996 MHz, 182.60 W, 30
2026/10/08 03:49:20.839, 4, 2032 MHz, 3996 MHz, 246.28 W, 39
2026/10/08 03:49:20.839, 5, 2032 MHz, 3996 MHz, 238.55 W, 38
2026/10/08 03:49:20.839, 6, 2032 MHz, 3996 MHz, 265.52 W, 32
2026/10/08 03:49:20.839, 7, 2032 MHz, 3996 MHz, 236.75 W, 30
2026/10/08 03:49:21.839, 0, 2032 MHz, 3996 MHz, 895.34 W, 50
2026/10/08 03:49:21.839, 1, 2032 MHz, 3996 MHz, 901.99 W, 52
2026/10/08 03:49:21.839, 2, 120 MHz, 3996 MHz, 184.09 W, 30
2026/10/08 03:49:21.839, 3, 120 MHz, 3996 MHz, 182.44 W, 30
2026/10/08 03:49:21.839, 4, 2032 MHz, 3996 MHz, 246.28 W, 39
2026/10/08 03:49:21.839, 5, 2032 MHz, 3996 MHz, 238.95 W, 38
2026/10/08 03:49:21.839, 6, 2032 MHz, 3996 MHz, 246.73 W, 32
2026/10/08 03:49:21.839, 7, 2032 MHz, 3996 MHz, 236.74 W, 30
2026/10/08 03:49:22.840, 0, 2032 MHz, 3996 MHz, 896.21 W, 51
2026/10/08 03:49:22.840, 1, 2032 MHz, 3996 MHz, 903.49 W, 52
2026/10/08 03:49:22.840, 2, 120 MHz, 3996 MHz, 184.09 W, 30
2026/10/08 03:49:22.840, 3, 120 MHz, 3996 MHz, 182.75 W, 30
2026/10/08 03:49:22.840, 4, 2032 MHz, 3996 MHz, 246.16 W, 39
2026/10/08 03:49:22.840, 5, 2032 MHz, 3996 MHz, 239.39 W, 38
2026/10/08 03:49:22.840, 6, 2032 MHz, 3996 MHz, 246.75 W, 32
2026/10/08 03:49:22.840, 7, 2032 MHz, 3996 MHz, 236.74 W, 30
2026/10/08 03:49:23.840, 0, 1327 MHz, 3996 MHz, 960.12 W, 58
2026/10/08 03:49:23.840, 1, 2032 MHz, 3996 MHz, 908.59 W, 53
2026/10/08 03:49:23.840, 2, 120 MHz, 3996 MHz, 184.09 W, 30
2026/10/08 03:49:23.840, 3, 120 MHz, 3996 MHz, 182.72 W, 30
2026/10/08 03:49:23.840, 4, 2032 MHz, 3996 MHz, 246.05 W, 39
2026/10/08 03:49:23.840, 5, 2032 MHz, 3996 MHz, 239.06 W, 38
2026/10/08 03:49:23.840, 6, 2032 MHz, 3996 MHz, 246.75 W, 32
2026/10/08 03:49:23.840, 7, 2032 MHz, 3996 MHz, 236.74 W, 31
2026/10/08 03:49:24.840, 0, 2025 MHz, 3996 MHz, 1037.63 W, 53
2026/10/08 03:49:24.840, 1, 1275 MHz, 3996 MHz, 974.96 W, 60
2026/10/08 03:49:24.840, 2, 120 MHz, 3996 MHz, 184.09 W, 30
2026/10/08 03:49:24.840, 3, 120 MHz, 3996 MHz, 182.59 W, 30
2026/10/08 03:49:24.840, 4, 2032 MHz, 3996 MHz, 246.02 W, 39
2026/10/08 03:49:24.840, 5, 2032 MHz, 3996 MHz, 256.86 W, 38
2026/10/08 03:49:24.840, 6, 2032 MHz, 3996 MHz, 246.75 W, 32
2026/10/08 03:49:24.840, 7, 2032 MHz, 3996 MHz, 236.74 W, 31
2026/10/08 03:49:25.840, 0, 2032 MHz, 3996 MHz, 891.87 W, 51
2026/10/08 03:49:25.840, 1, 2032 MHz, 3996 MHz, 1030.71 W, 54
2026/10/08 03:49:25.840, 2, 120 MHz, 3996 MHz, 184.09 W, 30
2026/10/08 03:49:25.840, 3, 120 MHz, 3996 MHz, 182.52 W, 30
2026/10/08 03:49:25.840, 4, 2032 MHz, 3996 MHz, 246.01 W, 39
2026/10/08 03:49:25.840, 5, 2032 MHz, 3996 MHz, 238.46 W, 38
2026/10/08 03:49:25.840, 6, 2032 MHz, 3996 MHz, 246.76 W, 32
2026/10/08 03:49:25.840, 7, 2032 MHz, 3996 MHz, 236.74 W, 31
2026/10/08 03:49:26.840, 0, 2032 MHz, 3996 MHz, 892.99 W, 51
2026/10/08 03:49:26.840, 1, 2032 MHz, 3996 MHz, 900.78 W, 53
2026/10/08 03:49:26.840, 2, 120 MHz, 3996 MHz, 184.09 W, 30
2026/10/08 03:49:26.841, 3, 120 MHz, 3996 MHz, 182.68 W, 30
2026/10/08 03:49:26.841, 4, 2032 MHz, 3996 MHz, 247.36 W, 39
2026/10/08 03:49:26.841, 5, 2032 MHz, 3996 MHz, 238.38 W, 37
2026/10/08 03:49:26.841, 6, 2032 MHz, 3996 MHz, 246.76 W, 32
2026/10/08 03:49:26.841, 7, 2032 MHz, 3996 MHz, 236.78 W, 31
2026/10/08 03:49:27.841, 0, 2032 MHz, 3996 MHz, 895.28 W, 52
2026/10/08 03:49:27.841, 1, 2032 MHz, 3996 MHz, 901.52 W, 54
2026/10/08 03:49:27.841, 2, 120 MHz, 3996 MHz, 184.09 W, 30
2026/10/08 03:49:27.841, 3, 120 MHz, 3996 MHz, 182.84 W, 30
2026/10/08 03:49:27.841, 4, 2032 MHz, 3996 MHz, 246.35 W, 39
2026/10/08 03:49:27.841, 5, 2032 MHz, 3996 MHz, 238.06 W, 37
2026/10/08 03:49:27.841, 6, 2032 MHz, 3996 MHz, 246.75 W, 32
2026/10/08 03:49:27.841, 7, 2032 MHz, 3996 MHz, 236.74 W, 31
2026/10/08 03:49:28.841, 0, 2032 MHz, 3996 MHz, 897.73 W, 52
2026/10/08 03:49:28.841, 1, 2032 MHz, 3996 MHz, 906.21 W, 54
2026/10/08 03:49:28.841, 2, 120 MHz, 3996 MHz, 184.09 W, 30
2026/10/08 03:49:28.841, 3, 120 MHz, 3996 MHz, 182.86 W, 30
2026/10/08 03:49:28.841, 4, 2032 MHz, 3996 MHz, 246.32 W, 39
2026/10/08 03:49:28.841, 5, 2032 MHz, 3996 MHz, 238.08 W, 37
2026/10/08 03:49:28.841, 6, 2032 MHz, 3996 MHz, 246.76 W, 32
2026/10/08 03:49:28.841, 7, 2032 MHz, 3996 MHz, 237.48 W, 31
2026/10/08 03:49:29.841, 0, 2032 MHz, 3996 MHz, 902.28 W, 52
2026/10/08 03:49:29.841, 1, 2032 MHz, 3996 MHz, 906.84 W, 54
2026/10/08 03:49:29.841, 2, 120 MHz, 3996 MHz, 184.09 W, 30
2026/10/08 03:49:29.841, 3, 120 MHz, 3996 MHz, 183.15 W, 30
2026/10/08 03:49:29.841, 4, 2032 MHz, 3996 MHz, 265.47 W, 39
2026/10/08 03:49:29.841, 5, 2032 MHz, 3996 MHz, 238.17 W, 37
2026/10/08 03:49:29.841, 6, 2032 MHz, 3996 MHz, 246.76 W, 32
2026/10/08 03:49:29.841, 7, 2032 MHz, 3996 MHz, 237.51 W, 31
2026/10/08 03:49:30.841, 0, 1320 MHz, 3996 MHz, 1071.95 W, 60
2026/10/08 03:49:30.841, 1, 2032 MHz, 3996 MHz, 910.26 W, 54
2026/10/08 03:49:30.841, 2, 120 MHz, 3996 MHz, 184.09 W, 30
2026/10/08 03:49:30.841, 3, 120 MHz, 3996 MHz, 182.87 W, 30
2026/10/08 03:49:30.841, 4, 2032 MHz, 3996 MHz, 246.01 W, 39
2026/10/08 03:49:30.841, 5, 2032 MHz, 3996 MHz, 238.09 W, 37
2026/10/08 03:49:30.841, 6, 2032 MHz, 3996 MHz, 246.75 W, 32
2026/10/08 03:49:30.841, 7, 2032 MHz, 3996 MHz, 237.61 W, 31
2026/10/08 03:49:31.841, 0, 2032 MHz, 3996 MHz, 922.35 W, 53
2026/10/08 03:49:31.841, 1, 1282 MHz, 3996 MHz, 1081.07 W, 62
2026/10/08 03:49:31.841, 2, 120 MHz, 3996 MHz, 184.09 W, 30
2026/10/08 03:49:31.842, 3, 120 MHz, 3996 MHz, 183.13 W, 30
2026/10/08 03:49:31.842, 4, 2032 MHz, 3996 MHz, 245.44 W, 39
2026/10/08 03:49:31.842, 5, 2032 MHz, 3996 MHz, 238.44 W, 37
2026/10/08 03:49:31.842, 6, 2032 MHz, 3996 MHz, 246.76 W, 32
2026/10/08 03:49:31.842, 7, 2032 MHz, 3996 MHz, 237.27 W, 31
2026/10/08 03:49:32.842, 0, 2032 MHz, 3996 MHz, 894.69 W, 53
2026/10/08 03:49:32.842, 1, 2032 MHz, 3996 MHz, 921.79 W, 55
2026/10/08 03:49:32.842, 2, 120 MHz, 3996 MHz, 184.09 W, 30
2026/10/08 03:49:32.842, 3, 120 MHz, 3996 MHz, 183.47 W, 30
2026/10/08 03:49:32.842, 4, 2032 MHz, 3996 MHz, 245.23 W, 39
2026/10/08 03:49:32.842, 5, 2032 MHz, 3996 MHz, 238.20 W, 37
2026/10/08 03:49:32.842, 6, 2032 MHz, 3996 MHz, 246.75 W, 32
2026/10/08 03:49:32.842, 7, 2032 MHz, 3996 MHz, 237.63 W, 31
2026/10/08 03:49:33.842, 0, 2032 MHz, 3996 MHz, 897.44 W, 53
2026/10/08 03:49:33.842, 1, 2032 MHz, 3996 MHz, 903.89 W, 55
2026/10/08 03:49:33.842, 2, 120 MHz, 3996 MHz, 184.09 W, 30
2026/10/08 03:49:33.842, 3, 120 MHz, 3996 MHz, 183.27 W, 30
2026/10/08 03:49:33.842, 4, 2032 MHz, 3996 MHz, 245.14 W, 39
2026/10/08 03:49:33.842, 5, 2032 MHz, 3996 MHz, 238.21 W, 37
2026/10/08 03:49:33.842, 6, 2032 MHz, 3996 MHz, 246.74 W, 32
2026/10/08 03:49:33.842, 7, 2032 MHz, 3996 MHz, 237.84 W, 31
2026/10/08 03:49:34.842, 0, 2032 MHz, 3996 MHz, 901.23 W, 53
2026/10/08 03:49:34.842, 1, 2032 MHz, 3996 MHz, 905.72 W, 55
2026/10/08 03:49:34.842, 2, 120 MHz, 3996 MHz, 184.09 W, 30
2026/10/08 03:49:34.842, 3, 120 MHz, 3996 MHz, 183.25 W, 31
2026/10/08 03:49:34.842, 4, 2032 MHz, 3996 MHz, 245.15 W, 39
2026/10/08 03:49:34.842, 5, 2032 MHz, 3996 MHz, 238.16 W, 37
2026/10/08 03:49:34.842, 6, 2032 MHz, 3996 MHz, 246.75 W, 32
2026/10/08 03:49:34.842, 7, 2032 MHz, 3996 MHz, 237.09 W, 31
2026/10/08 03:49:35.842, 0, 2032 MHz, 3996 MHz, 902.84 W, 53
2026/10/08 03:49:35.842, 1, 2032 MHz, 3996 MHz, 910.89 W, 55
2026/10/08 03:49:35.842, 2, 120 MHz, 3996 MHz, 184.09 W, 30
2026/10/08 03:49:35.842, 3, 120 MHz, 3996 MHz, 183.17 W, 31
2026/10/08 03:49:35.842, 4, 2032 MHz, 3996 MHz, 245.02 W, 39
2026/10/08 03:49:35.842, 5, 2032 MHz, 3996 MHz, 238.13 W, 37
2026/10/08 03:49:35.842, 6, 2032 MHz, 3996 MHz, 246.74 W, 32
2026/10/08 03:49:35.842, 7, 2032 MHz, 3996 MHz, 237.24 W, 31
2026/10/08 03:49:36.842, 0, 2032 MHz, 3996 MHz, 618.65 W, 46
2026/10/08 03:49:36.842, 1, 2032 MHz, 3996 MHz, 911.70 W, 55
2026/10/08 03:49:36.843, 2, 120 MHz, 3996 MHz, 184.09 W, 30
2026/10/08 03:49:36.843, 3, 120 MHz, 3996 MHz, 183.46 W, 31
2026/10/08 03:49:36.843, 4, 2032 MHz, 3996 MHz, 245.14 W, 39
2026/10/08 03:49:36.843, 5, 2032 MHz, 3996 MHz, 237.99 W, 37
2026/10/08 03:49:36.843, 6, 2032 MHz, 3996 MHz, 246.75 W, 32
2026/10/08 03:49:36.843, 7, 2032 MHz, 3996 MHz, 238.33 W, 31
2026/10/08 03:49:37.843, 0, 2032 MHz, 3996 MHz, 263.20 W, 44
2026/10/08 03:49:37.843, 1, 2032 MHz, 3996 MHz, 580.72 W, 48
2026/10/08 03:49:37.843, 2, 120 MHz, 3996 MHz, 184.09 W, 31
2026/10/08 03:49:37.843, 3, 120 MHz, 3996 MHz, 183.24 W, 31
2026/10/08 03:49:37.843, 4, 2032 MHz, 3996 MHz, 245.11 W, 39
2026/10/08 03:49:37.843, 5, 2032 MHz, 3996 MHz, 238.03 W, 37
2026/10/08 03:49:37.843, 6, 2032 MHz, 3996 MHz, 246.75 W, 32
2026/10/08 03:49:37.843, 7, 2032 MHz, 3996 MHz, 238.64 W, 31
2026/10/08 03:49:38.843, 0, 2032 MHz, 3996 MHz, 249.39 W, 44
2026/10/08 03:49:38.843, 1, 2032 MHz, 3996 MHz, 269.60 W, 47
2026/10/08 03:49:38.843, 2, 120 MHz, 3996 MHz, 184.09 W, 31
2026/10/08 03:49:38.843, 3, 120 MHz, 3996 MHz, 183.46 W, 31
2026/10/08 03:49:38.843, 4, 2032 MHz, 3996 MHz, 245.27 W, 39
2026/10/08 03:49:38.843, 5, 2032 MHz, 3996 MHz, 238.02 W, 37
2026/10/08 03:49:38.843, 6, 2032 MHz, 3996 MHz, 246.75 W, 32
2026/10/08 03:49:38.843, 7, 2032 MHz, 3996 MHz, 238.68 W, 31
2026/10/08 03:49:39.843, 0, 2032 MHz, 3996 MHz, 248.13 W, 43
2026/10/08 03:49:39.843, 1, 2032 MHz, 3996 MHz, 256.37 W, 46
2026/10/08 03:49:39.843, 2, 120 MHz, 3996 MHz, 184.09 W, 31
2026/10/08 03:49:39.843, 3, 120 MHz, 3996 MHz, 183.41 W, 31
2026/10/08 03:49:39.843, 4, 2032 MHz, 3996 MHz, 245.14 W, 39
2026/10/08 03:49:39.843, 5, 2032 MHz, 3996 MHz, 237.97 W, 37
2026/10/08 03:49:39.843, 6, 2032 MHz, 3996 MHz, 246.74 W, 32
2026/10/08 03:49:39.843, 7, 2032 MHz, 3996 MHz, 238.68 W, 31
2026/10/08 03:49:40.844, 0, 2032 MHz, 3996 MHz, 248.05 W, 43
2026/10/08 03:49:40.844, 1, 2032 MHz, 3996 MHz, 256.09 W, 45
2026/10/08 03:49:40.844, 2, 120 MHz, 3996 MHz, 184.09 W, 31
2026/10/08 03:49:40.844, 3, 120 MHz, 3996 MHz, 183.11 W, 31
2026/10/08 03:49:40.844, 4, 2032 MHz, 3996 MHz, 245.00 W, 39
2026/10/08 03:49:40.844, 5, 2032 MHz, 3996 MHz, 238.23 W, 37
2026/10/08 03:49:40.844, 6, 2032 MHz, 3996 MHz, 246.76 W, 32
2026/10/08 03:49:40.844, 7, 2032 MHz, 3996 MHz, 238.60 W, 31
2026/10/08 03:49:41.844, 0, 2032 MHz, 3996 MHz, 248.05 W, 42
2026/10/08 03:49:41.844, 1, 2032 MHz, 3996 MHz, 255.64 W, 45
2026/10/08 03:49:41.844, 2, 120 MHz, 3996 MHz, 184.09 W, 31
2026/10/08 03:49:41.844, 3, 120 MHz, 3996 MHz, 183.71 W, 31
2026/10/08 03:49:41.844, 4, 2032 MHz, 3996 MHz, 245.07 W, 39
2026/10/08 03:49:41.844, 5, 2032 MHz, 3996 MHz, 238.04 W, 37
2026/10/08 03:49:41.844, 6, 2032 MHz, 3996 MHz, 246.74 W, 32
2026/10/08 03:49:41.844, 7, 2032 MHz, 3996 MHz, 243.26 W, 31
2026/10/08 03:49:42.845, 0, 2032 MHz, 3996 MHz, 248.15 W, 42
2026/10/08 03:49:42.845, 1, 442 MHz, 3996 MHz, 220.32 W, 44
2026/10/08 03:49:42.845, 2, 120 MHz, 3996 MHz, 184.09 W, 31
2026/10/08 03:49:42.845, 3, 120 MHz, 3996 MHz, 183.48 W, 31
2026/10/08 03:49:42.845, 4, 2032 MHz, 3996 MHz, 245.21 W, 39
2026/10/08 03:49:42.845, 5, 2032 MHz, 3996 MHz, 237.70 W, 37
2026/10/08 03:49:42.845, 6, 2032 MHz, 3996 MHz, 246.73 W, 32
2026/10/08 03:49:42.845, 7, 2032 MHz, 3996 MHz, 256.37 W, 32
2026/10/08 03:49:43.845, 0, 2032 MHz, 3996 MHz, 247.96 W, 42
2026/10/08 03:49:43.845, 1, 277 MHz, 3996 MHz, 194.54 W, 43
2026/10/08 03:49:43.845, 2, 120 MHz, 3996 MHz, 184.09 W, 31
2026/10/08 03:49:43.845, 3, 120 MHz, 3996 MHz, 183.43 W, 31
2026/10/08 03:49:43.845, 4, 2032 MHz, 3996 MHz, 245.15 W, 39
2026/10/08 03:49:43.845, 5, 2032 MHz, 3996 MHz, 238.02 W, 37
2026/10/08 03:49:43.845, 6, 2032 MHz, 3996 MHz, 246.76 W, 32
2026/10/08 03:49:43.845, 7, 2032 MHz, 3996 MHz, 238.68 W, 31
2026/10/08 03:49:44.845, 0, 2032 MHz, 3996 MHz, 247.00 W, 42
2026/10/08 03:49:44.845, 1, 180 MHz, 3996 MHz, 192.59 W, 43
2026/10/08 03:49:44.845, 2, 120 MHz, 3996 MHz, 184.09 W, 31
2026/10/08 03:49:44.845, 3, 120 MHz, 3996 MHz, 183.74 W, 31
2026/10/08 03:49:44.845, 4, 2032 MHz, 3996 MHz, 245.08 W, 39
2026/10/08 03:49:44.845, 5, 2032 MHz, 3996 MHz, 237.81 W, 37
2026/10/08 03:49:44.845, 6, 2032 MHz, 3996 MHz, 246.76 W, 33
2026/10/08 03:49:44.845, 7, 2032 MHz, 3996 MHz, 238.76 W, 31
2026/10/08 03:49:45.846, 0, 315 MHz, 3996 MHz, 206.12 W, 41
2026/10/08 03:49:45.846, 1, 120 MHz, 3996 MHz, 192.08 W, 43
2026/10/08 03:49:45.846, 2, 120 MHz, 3996 MHz, 184.09 W, 31
2026/10/08 03:49:45.846, 3, 120 MHz, 3996 MHz, 183.32 W, 31
2026/10/08 03:49:45.846, 4, 2032 MHz, 3996 MHz, 245.67 W, 39
2026/10/08 03:49:45.846, 5, 2032 MHz, 3996 MHz, 237.70 W, 37
2026/10/08 03:49:45.846, 6, 2032 MHz, 3996 MHz, 246.79 W, 33
2026/10/08 03:49:45.846, 7, 2032 MHz, 3996 MHz, 238.72 W, 31
2026/10/08 03:49:46.846, 0, 270 MHz, 3996 MHz, 190.71 W, 40
2026/10/08 03:49:46.846, 1, 120 MHz, 3996 MHz, 192.11 W, 42
2026/10/08 03:49:46.846, 2, 120 MHz, 3996 MHz, 184.09 W, 31
2026/10/08 03:49:46.846, 3, 120 MHz, 3996 MHz, 182.84 W, 31
2026/10/08 03:49:46.846, 4, 2032 MHz, 3996 MHz, 245.70 W, 39
2026/10/08 03:49:46.846, 5, 2032 MHz, 3996 MHz, 238.09 W, 37
2026/10/08 03:49:46.846, 6, 2032 MHz, 3996 MHz, 246.86 W, 33
2026/10/08 03:49:46.846, 7, 2032 MHz, 3996 MHz, 238.60 W, 31
2026/10/08 03:49:47.846, 0, 120 MHz, 3996 MHz, 190.29 W, 40
2026/10/08 03:49:47.846, 1, 120 MHz, 3996 MHz, 192.11 W, 42
2026/10/08 03:49:47.846, 2, 120 MHz, 3996 MHz, 184.09 W, 31
2026/10/08 03:49:47.846, 3, 120 MHz, 3996 MHz, 182.90 W, 31
2026/10/08 03:49:47.846, 4, 2032 MHz, 3996 MHz, 245.74 W, 39
2026/10/08 03:49:47.846, 5, 2032 MHz, 3996 MHz, 237.89 W, 37
2026/10/08 03:49:47.846, 6, 2032 MHz, 3996 MHz, 246.76 W, 33
2026/10/08 03:49:47.846, 7, 2032 MHz, 3996 MHz, 238.18 W, 31
2026/10/08 03:49:48.847, 0, 120 MHz, 3996 MHz, 190.02 W, 40
2026/10/08 03:49:48.847, 1, 120 MHz, 3996 MHz, 192.11 W, 42
2026/10/08 03:49:48.847, 2, 120 MHz, 3996 MHz, 184.09 W, 31
2026/10/08 03:49:48.847, 3, 120 MHz, 3996 MHz, 183.11 W, 31
2026/10/08 03:49:48.847, 4, 2032 MHz, 3996 MHz, 245.71 W, 39
2026/10/08 03:49:48.847, 5, 2032 MHz, 3996 MHz, 237.62 W, 37
2026/10/08 03:49:48.847, 6, 2032 MHz, 3996 MHz, 246.75 W, 33
2026/10/08 03:49:48.847, 7, 2032 MHz, 3996 MHz, 238.30 W, 31
2026/10/08 03:49:49.847, 0, 120 MHz, 3996 MHz, 188.88 W, 40
2026/10/08 03:49:49.847, 1, 120 MHz, 3996 MHz, 192.11 W, 42
2026/10/08 03:49:49.847, 2, 120 MHz, 3996 MHz, 184.09 W, 31
2026/10/08 03:49:49.847, 3, 120 MHz, 3996 MHz, 183.15 W, 31
2026/10/08 03:49:49.847, 4, 2032 MHz, 3996 MHz, 245.55 W, 39
2026/10/08 03:49:49.847, 5, 2032 MHz, 3996 MHz, 237.81 W, 37
2026/10/08 03:49:49.847, 6, 2032 MHz, 3996 MHz, 248.26 W, 33
2026/10/08 03:49:49.847, 7, 2032 MHz, 3996 MHz, 238.21 W, 31
2026/10/08 03:49:50.848, 0, 120 MHz, 3996 MHz, 188.35 W, 39
2026/10/08 03:49:50.848, 1, 120 MHz, 3996 MHz, 192.04 W, 42
2026/10/08 03:49:50.848, 2, 120 MHz, 3996 MHz, 184.09 W, 31
2026/10/08 03:49:50.848, 3, 120 MHz, 3996 MHz, 182.87 W, 31
2026/10/08 03:49:50.848, 4, 2032 MHz, 3996 MHz, 245.00 W, 39
2026/10/08 03:49:50.848, 5, 2032 MHz, 3996 MHz, 238.06 W, 37
2026/10/08 03:49:50.848, 6, 2032 MHz, 3996 MHz, 247.12 W, 33
2026/10/08 03:49:50.848, 7, 2032 MHz, 3996 MHz, 238.14 W, 32
2026/10/08 03:49:51.848, 0, 120 MHz, 3996 MHz, 188.35 W, 39
2026/10/08 03:49:51.848, 1, 120 MHz, 3996 MHz, 191.63 W, 41
2026/10/08 03:49:51.848, 2, 120 MHz, 3996 MHz, 184.09 W, 31
2026/10/08 03:49:51.848, 3, 120 MHz, 3996 MHz, 183.29 W, 31
2026/10/08 03:49:51.848, 4, 2032 MHz, 3996 MHz, 245.48 W, 39
2026/10/08 03:49:51.848, 5, 2032 MHz, 3996 MHz, 238.11 W, 37
2026/10/08 03:49:51.848, 6, 2032 MHz, 3996 MHz, 247.06 W, 33
2026/10/08 03:49:51.848, 7, 2032 MHz, 3996 MHz, 238.26 W, 32
2026/10/08 03:49:52.848, 0, 120 MHz, 3996 MHz, 188.35 W, 39
2026/10/08 03:49:52.848, 1, 120 MHz, 3996 MHz, 190.99 W, 41
2026/10/08 03:49:52.848, 2, 120 MHz, 3996 MHz, 184.09 W, 31
2026/10/08 03:49:52.848, 3, 120 MHz, 3996 MHz, 182.99 W, 31
2026/10/08 03:49:52.848, 4, 2032 MHz, 3996 MHz, 245.70 W, 39
2026/10/08 03:49:52.848, 5, 2032 MHz, 3996 MHz, 238.15 W, 37
2026/10/08 03:49:52.848, 6, 2032 MHz, 3996 MHz, 247.34 W, 33
2026/10/08 03:49:52.848, 7, 2032 MHz, 3996 MHz, 238.60 W, 32
2026/10/08 03:49:53.849, 0, 120 MHz, 3996 MHz, 188.35 W, 39
2026/10/08 03:49:53.849, 1, 120 MHz, 3996 MHz, 190.74 W, 41
2026/10/08 03:49:53.849, 2, 120 MHz, 3996 MHz, 184.09 W, 31
2026/10/08 03:49:53.849, 3, 120 MHz, 3996 MHz, 183.09 W, 31
2026/10/08 03:49:53.849, 4, 2032 MHz, 3996 MHz, 245.71 W, 39
2026/10/08 03:49:53.849, 5, 2032 MHz, 3996 MHz, 238.02 W, 37
2026/10/08 03:49:53.849, 6, 2032 MHz, 3996 MHz, 247.33 W, 33
2026/10/08 03:49:53.849, 7, 2032 MHz, 3996 MHz, 238.30 W, 32
2026/10/08 03:49:54.849, 0, 120 MHz, 3996 MHz, 188.35 W, 39
2026/10/08 03:49:54.849, 1, 120 MHz, 3996 MHz, 190.36 W, 41
2026/10/08 03:49:54.849, 2, 120 MHz, 3996 MHz, 184.09 W, 31
2026/10/08 03:49:54.849, 3, 120 MHz, 3996 MHz, 183.32 W, 31
2026/10/08 03:49:54.849, 4, 2032 MHz, 3996 MHz, 245.55 W, 39
2026/10/08 03:49:54.849, 5, 2032 MHz, 3996 MHz, 238.36 W, 37
2026/10/08 03:49:54.849, 6, 2032 MHz, 3996 MHz, 247.76 W, 33
2026/10/08 03:49:54.849, 7, 2032 MHz, 3996 MHz, 238.45 W, 32
2026/10/08 03:49:55.849, 0, 120 MHz, 3996 MHz, 188.35 W, 39
2026/10/08 03:49:55.849, 1, 120 MHz, 3996 MHz, 190.55 W, 41
2026/10/08 03:49:55.849, 2, 120 MHz, 3996 MHz, 184.09 W, 31
2026/10/08 03:49:55.849, 3, 120 MHz, 3996 MHz, 183.36 W, 31
2026/10/08 03:49:55.849, 4, 2032 MHz, 3996 MHz, 246.20 W, 39
2026/10/08 03:49:55.849, 5, 2032 MHz, 3996 MHz, 238.51 W, 38
2026/10/08 03:49:55.849, 6, 2032 MHz, 3996 MHz, 248.62 W, 33
2026/10/08 03:49:55.849, 7, 2032 MHz, 3996 MHz, 238.68 W, 32
2026/10/08 03:49:56.850, 0, 120 MHz, 3996 MHz, 188.35 W, 38
2026/10/08 03:49:56.850, 1, 120 MHz, 3996 MHz, 190.21 W, 41
2026/10/08 03:49:56.850, 2, 120 MHz, 3996 MHz, 184.09 W, 31
2026/10/08 03:49:56.850, 3, 120 MHz, 3996 MHz, 183.15 W, 31
2026/10/08 03:49:56.850, 4, 2032 MHz, 3996 MHz, 246.01 W, 39
2026/10/08 03:49:56.850, 5, 2032 MHz, 3996 MHz, 238.36 W, 38
2026/10/08 03:49:56.850, 6, 2032 MHz, 3996 MHz, 248.54 W, 33
2026/10/08 03:49:56.850, 7, 2032 MHz, 3996 MHz, 238.64 W, 32
2026/10/08 03:49:57.850, 0, 120 MHz, 3996 MHz, 188.35 W, 38
2026/10/08 03:49:57.850, 1, 120 MHz, 3996 MHz, 190.17 W, 41
2026/10/08 03:49:57.850, 2, 120 MHz, 3996 MHz, 184.09 W, 31
2026/10/08 03:49:57.850, 3, 120 MHz, 3996 MHz, 183.51 W, 31
2026/10/08 03:49:57.850, 4, 2032 MHz, 3996 MHz, 245.97 W, 39
2026/10/08 03:49:57.850, 5, 2032 MHz, 3996 MHz, 238.40 W, 38
2026/10/08 03:49:57.850, 6, 2032 MHz, 3996 MHz, 248.44 W, 33
2026/10/08 03:49:57.850, 7, 2032 MHz, 3996 MHz, 238.53 W, 32
2026/10/08 03:49:58.850, 0, 120 MHz, 3996 MHz, 188.35 W, 38
2026/10/08 03:49:58.850, 1, 120 MHz, 3996 MHz, 190.17 W, 40
2026/10/08 03:49:58.850, 2, 120 MHz, 3996 MHz, 184.09 W, 31
2026/10/08 03:49:58.850, 3, 120 MHz, 3996 MHz, 183.48 W, 31
2026/10/08 03:49:58.850, 4, 2032 MHz, 3996 MHz, 248.32 W, 39
2026/10/08 03:49:58.850, 5, 2032 MHz, 3996 MHz, 238.46 W, 38
2026/10/08 03:49:58.850, 6, 2032 MHz, 3996 MHz, 248.43 W, 33
2026/10/08 03:49:58.850, 7, 2032 MHz, 3996 MHz, 238.60 W, 32
2026/10/08 03:49:59.851, 0, 120 MHz, 3996 MHz, 188.35 W, 38
2026/10/08 03:49:59.851, 1, 120 MHz, 3996 MHz, 190.17 W, 40
2026/10/08 03:49:59.851, 2, 120 MHz, 3996 MHz, 184.09 W, 31
2026/10/08 03:49:59.851, 3, 120 MHz, 3996 MHz, 182.79 W, 32
2026/10/08 03:49:59.851, 4, 2032 MHz, 3996 MHz, 246.28 W, 39
2026/10/08 03:49:59.851, 5, 2032 MHz, 3996 MHz, 238.45 W, 38
2026/10/08 03:49:59.851, 6, 2032 MHz, 3996 MHz, 248.59 W, 33
2026/10/08 03:49:59.851, 7, 2032 MHz, 3996 MHz, 238.60 W, 32
2026/10/08 03:50:00.851, 0, 120 MHz, 3996 MHz, 188.35 W, 38
2026/10/08 03:50:00.851, 1, 120 MHz, 3996 MHz, 190.17 W, 40
2026/10/08 03:50:00.851, 2, 120 MHz, 3996 MHz, 184.09 W, 31
2026/10/08 03:50:00.851, 3, 120 MHz, 3996 MHz, 183.62 W, 32
2026/10/08 03:50:00.851, 4, 2032 MHz, 3996 MHz, 246.28 W, 39
2026/10/08 03:50:00.851, 5, 2032 MHz, 3996 MHz, 238.51 W, 38
2026/10/08 03:50:00.851, 6, 2032 MHz, 3996 MHz, 248.58 W, 33
2026/10/08 03:50:00.851, 7, 2032 MHz, 3996 MHz, 238.64 W, 32
2026/10/08 03:50:01.851, 0, 120 MHz, 3996 MHz, 188.25 W, 38
2026/10/08 03:50:01.851, 1, 2032 MHz, 3996 MHz, 240.40 W, 41
2026/10/08 03:50:01.851, 2, 120 MHz, 3996 MHz, 184.09 W, 31
2026/10/08 03:50:01.851, 3, 120 MHz, 3996 MHz, 182.33 W, 32
2026/10/08 03:50:01.851, 4, 2032 MHz, 3996 MHz, 246.28 W, 39
2026/10/08 03:50:01.851, 5, 2032 MHz, 3996 MHz, 238.48 W, 38
2026/10/08 03:50:01.851, 6, 2032 MHz, 3996 MHz, 248.64 W, 33
2026/10/08 03:50:01.851, 7, 2032 MHz, 3996 MHz, 238.68 W, 32
2026/10/08 03:50:02.852, 0, 120 MHz, 3996 MHz, 188.23 W, 38
2026/10/08 03:50:02.852, 1, 2032 MHz, 3996 MHz, 252.05 W, 41
2026/10/08 03:50:02.852, 2, 120 MHz, 3996 MHz, 184.09 W, 31
2026/10/08 03:50:02.852, 3, 120 MHz, 3996 MHz, 182.52 W, 32
2026/10/08 03:50:02.852, 4, 2032 MHz, 3996 MHz, 246.28 W, 39
2026/10/08 03:50:02.852, 5, 2032 MHz, 3996 MHz, 238.46 W, 38
2026/10/08 03:50:02.852, 6, 2032 MHz, 3996 MHz, 248.62 W, 33
2026/10/08 03:50:02.852, 7, 2032 MHz, 3996 MHz, 238.60 W, 32
2026/10/08 03:50:03.852, 0, 120 MHz, 3996 MHz, 188.23 W, 38
2026/10/08 03:50:03.852, 1, 2032 MHz, 3996 MHz, 253.02 W, 41
2026/10/08 03:50:03.852, 2, 120 MHz, 3996 MHz, 184.09 W, 32
2026/10/08 03:50:03.852, 3, 120 MHz, 3996 MHz, 182.37 W, 32
2026/10/08 03:50:03.852, 4, 2032 MHz, 3996 MHz, 246.28 W, 39
2026/10/08 03:50:03.852, 5, 2032 MHz, 3996 MHz, 238.44 W, 38
2026/10/08 03:50:03.852, 6, 2032 MHz, 3996 MHz, 248.63 W, 33
2026/10/08 03:50:03.852, 7, 2032 MHz, 3996 MHz, 238.68 W, 32
2026/10/08 03:50:04.852, 0, 120 MHz, 3996 MHz, 188.23 W, 38
2026/10/08 03:50:04.852, 1, 2032 MHz, 3996 MHz, 253.42 W, 41
2026/10/08 03:50:04.852, 2, 120 MHz, 3996 MHz, 184.09 W, 32
2026/10/08 03:50:04.852, 3, 120 MHz, 3996 MHz, 182.29 W, 32
2026/10/08 03:50:04.852, 4, 2032 MHz, 3996 MHz, 246.28 W, 39
2026/10/08 03:50:04.852, 5, 2032 MHz, 3996 MHz, 238.49 W, 38
2026/10/08 03:50:04.852, 6, 2032 MHz, 3996 MHz, 249.99 W, 33
2026/10/08 03:50:04.852, 7, 2032 MHz, 3996 MHz, 238.68 W, 32
2026/10/08 03:50:05.852, 0, 120 MHz, 3996 MHz, 188.23 W, 38
2026/10/08 03:50:05.853, 1, 2032 MHz, 3996 MHz, 253.00 W, 41
2026/10/08 03:50:05.853, 2, 120 MHz, 3996 MHz, 184.09 W, 32
2026/10/08 03:50:05.853, 3, 120 MHz, 3996 MHz, 182.40 W, 32
2026/10/08 03:50:05.853, 4, 2032 MHz, 3996 MHz, 246.28 W, 39
2026/10/08 03:50:05.853, 5, 2032 MHz, 3996 MHz, 238.24 W, 38
2026/10/08 03:50:05.853, 6, 2032 MHz, 3996 MHz, 248.67 W, 33
2026/10/08 03:50:05.853, 7, 2032 MHz, 3996 MHz, 238.68 W, 32
2026/10/08 03:50:06.853, 0, 120 MHz, 3996 MHz, 188.17 W, 38
2026/10/08 03:50:06.853, 1, 2032 MHz, 3996 MHz, 272.25 W, 41
2026/10/08 03:50:06.853, 2, 120 MHz, 3996 MHz, 184.09 W, 32
2026/10/08 03:50:06.853, 3, 120 MHz, 3996 MHz, 182.25 W, 32
2026/10/08 03:50:06.853, 4, 2032 MHz, 3996 MHz, 246.28 W, 39
2026/10/08 03:50:06.853, 5, 2032 MHz, 3996 MHz, 238.46 W, 38
2026/10/08 03:50:06.853, 6, 2032 MHz, 3996 MHz, 248.69 W, 33
2026/10/08 03:50:06.853, 7, 2032 MHz, 3996 MHz, 238.64 W, 32
2026/10/08 03:50:07.853, 0, 120 MHz, 3996 MHz, 188.12 W, 37
2026/10/08 03:50:07.853, 1, 2032 MHz, 3996 MHz, 288.30 W, 41
2026/10/08 03:50:07.853, 2, 120 MHz, 3996 MHz, 184.09 W, 32
2026/10/08 03:50:07.853, 3, 120 MHz, 3996 MHz, 182.75 W, 32
2026/10/08 03:50:07.853, 4, 2032 MHz, 3996 MHz, 246.28 W, 39
2026/10/08 03:50:07.853, 5, 2032 MHz, 3996 MHz, 238.43 W, 38
2026/10/08 03:50:07.853, 6, 2032 MHz, 3996 MHz, 248.68 W, 33
2026/10/08 03:50:07.853, 7, 2032 MHz, 3996 MHz, 238.68 W, 32
2026/10/08 03:50:08.853, 0, 120 MHz, 3996 MHz, 187.99 W, 37
2026/10/08 03:50:08.854, 1, 2032 MHz, 3996 MHz, 346.56 W, 44
2026/10/08 03:50:08.854, 2, 120 MHz, 3996 MHz, 184.09 W, 32
2026/10/08 03:50:08.854, 3, 120 MHz, 3996 MHz, 182.48 W, 32
2026/10/08 03:50:08.854, 4, 2032 MHz, 3996 MHz, 246.28 W, 40
2026/10/08 03:50:08.854, 5, 2032 MHz, 3996 MHz, 238.46 W, 38
2026/10/08 03:50:08.854, 6, 2032 MHz, 3996 MHz, 248.68 W, 34
2026/10/08 03:50:08.854, 7, 2032 MHz, 3996 MHz, 238.64 W, 32
2026/10/08 03:50:09.854, 0, 120 MHz, 3996 MHz, 187.95 W, 37
2026/10/08 03:50:09.854, 1, 2032 MHz, 3996 MHz, 353.49 W, 43
2026/10/08 03:50:09.854, 2, 120 MHz, 3996 MHz, 184.09 W, 32
2026/10/08 03:50:09.854, 3, 120 MHz, 3996 MHz, 182.41 W, 32
2026/10/08 03:50:09.854, 4, 2032 MHz, 3996 MHz, 246.28 W, 40
2026/10/08 03:50:09.854, 5, 2032 MHz, 3996 MHz, 238.55 W, 38
2026/10/08 03:50:09.854, 6, 2032 MHz, 3996 MHz, 248.67 W, 34
2026/10/08 03:50:09.854, 7, 2032 MHz, 3996 MHz, 238.68 W, 32
2026/10/08 03:50:10.854, 0, 2032 MHz, 3996 MHz, 217.51 W, 38
2026/10/08 03:50:10.854, 1, 2032 MHz, 3996 MHz, 288.20 W, 42
2026/10/08 03:50:10.854, 2, 120 MHz, 3996 MHz, 184.09 W, 32
2026/10/08 03:50:10.854, 3, 120 MHz, 3996 MHz, 182.32 W, 32
2026/10/08 03:50:10.854, 4, 2032 MHz, 3996 MHz, 246.28 W, 40
2026/10/08 03:50:10.854, 5, 2032 MHz, 3996 MHz, 238.56 W, 38
2026/10/08 03:50:10.854, 6, 2032 MHz, 3996 MHz, 248.68 W, 34
2026/10/08 03:50:10.854, 7, 2032 MHz, 3996 MHz, 238.68 W, 33
2026/10/08 03:50:11.854, 0, 2032 MHz, 3996 MHz, 244.22 W, 38
2026/10/08 03:50:11.854, 1, 2032 MHz, 3996 MHz, 277.85 W, 41
2026/10/08 03:50:11.854, 2, 120 MHz, 3996 MHz, 184.09 W, 32
2026/10/08 03:50:11.855, 3, 120 MHz, 3996 MHz, 182.83 W, 32
2026/10/08 03:50:11.855, 4, 2032 MHz, 3996 MHz, 246.28 W, 40
2026/10/08 03:50:11.855, 5, 2032 MHz, 3996 MHz, 238.54 W, 38
2026/10/08 03:50:11.855, 6, 2032 MHz, 3996 MHz, 273.67 W, 34
2026/10/08 03:50:11.855, 7, 2032 MHz, 3996 MHz, 238.59 W, 33
2026/10/08 03:50:12.855, 0, 2032 MHz, 3996 MHz, 244.18 W, 38
2026/10/08 03:50:12.855, 1, 2032 MHz, 3996 MHz, 262.11 W, 41
2026/10/08 03:50:12.855, 2, 120 MHz, 3996 MHz, 184.09 W, 32
2026/10/08 03:50:12.855, 3, 120 MHz, 3996 MHz, 182.69 W, 32
2026/10/08 03:50:12.855, 4, 2032 MHz, 3996 MHz, 246.28 W, 40
2026/10/08 03:50:12.855, 5, 2032 MHz, 3996 MHz, 238.64 W, 38
2026/10/08 03:50:12.855, 6, 2032 MHz, 3996 MHz, 248.68 W, 34
2026/10/08 03:50:12.855, 7, 2032 MHz, 3996 MHz, 238.68 W, 33
2026/10/08 03:50:13.855, 0, 2032 MHz, 3996 MHz, 244.90 W, 38
2026/10/08 03:50:13.855, 1, 2032 MHz, 3996 MHz, 252.09 W, 41
2026/10/08 03:50:13.855, 2, 120 MHz, 3996 MHz, 184.09 W, 32
2026/10/08 03:50:13.855, 3, 120 MHz, 3996 MHz, 183.09 W, 32
2026/10/08 03:50:13.855, 4, 2032 MHz, 3996 MHz, 246.88 W, 40
2026/10/08 03:50:13.855, 5, 2032 MHz, 3996 MHz, 238.58 W, 38
2026/10/08 03:50:13.855, 6, 2032 MHz, 3996 MHz, 265.28 W, 34
2026/10/08 03:50:13.855, 7, 2032 MHz, 3996 MHz, 238.62 W, 33
2026/10/08 03:50:14.855, 0, 2032 MHz, 3996 MHz, 246.06 W, 38
2026/10/08 03:50:14.855, 1, 2032 MHz, 3996 MHz, 252.16 W, 41
2026/10/08 03:50:14.855, 2, 120 MHz, 3996 MHz, 184.09 W, 32
2026/10/08 03:50:14.855, 3, 120 MHz, 3996 MHz, 183.15 W, 32
2026/10/08 03:50:14.855, 4, 2032 MHz, 3996 MHz, 246.28 W, 40
2026/10/08 03:50:14.855, 5, 2032 MHz, 3996 MHz, 238.55 W, 38
2026/10/08 03:50:14.855, 6, 2032 MHz, 3996 MHz, 248.70 W, 34
2026/10/08 03:50:14.855, 7, 2032 MHz, 3996 MHz, 238.68 W, 33
2026/10/08 03:50:15.855, 0, 2032 MHz, 3996 MHz, 245.93 W, 38
2026/10/08 03:50:15.855, 1, 2032 MHz, 3996 MHz, 252.35 W, 41
2026/10/08 03:50:15.855, 2, 120 MHz, 3996 MHz, 184.09 W, 32
2026/10/08 03:50:15.855, 3, 120 MHz, 3996 MHz, 183.17 W, 32
2026/10/08 03:50:15.855, 4, 2032 MHz, 3996 MHz, 246.30 W, 40
2026/10/08 03:50:15.855, 5, 2032 MHz, 3996 MHz, 242.65 W, 38
2026/10/08 03:50:15.855, 6, 2032 MHz, 3996 MHz, 248.69 W, 34
2026/10/08 03:50:15.855, 7, 2032 MHz, 3996 MHz, 238.68 W, 33
2026/10/08 03:50:16.856, 0, 2032 MHz, 3996 MHz, 247.31 W, 39
2026/10/08 03:50:16.856, 1, 2032 MHz, 3996 MHz, 260.89 W, 41
2026/10/08 03:50:16.856, 2, 120 MHz, 3996 MHz, 184.09 W, 32
2026/10/08 03:50:16.856, 3, 120 MHz, 3996 MHz, 183.19 W, 32
2026/10/08 03:50:16.856, 4, 2032 MHz, 3996 MHz, 246.28 W, 40
2026/10/08 03:50:16.856, 5, 2032 MHz, 3996 MHz, 238.43 W, 38
2026/10/08 03:50:16.856, 6, 2032 MHz, 3996 MHz, 248.69 W, 34
2026/10/08 03:50:16.856, 7, 2032 MHz, 3996 MHz, 238.68 W, 33
2026/10/08 03:50:17.856, 0, 2032 MHz, 3996 MHz, 260.85 W, 38
2026/10/08 03:50:17.856, 1, 2032 MHz, 3996 MHz, 251.80 W, 41
2026/10/08 03:50:17.856, 2, 120 MHz, 3996 MHz, 184.09 W, 32
2026/10/08 03:50:17.856, 3, 120 MHz, 3996 MHz, 183.36 W, 32
2026/10/08 03:50:17.856, 4, 2032 MHz, 3996 MHz, 246.30 W, 40
2026/10/08 03:50:17.856, 5, 2032 MHz, 3996 MHz, 255.46 W, 38
2026/10/08 03:50:17.856, 6, 2032 MHz, 3996 MHz, 248.80 W, 34
2026/10/08 03:50:17.856, 7, 2032 MHz, 3996 MHz, 238.72 W, 33
2026/10/08 03:50:18.856, 0, 2032 MHz, 3996 MHz, 281.14 W, 39
2026/10/08 03:50:18.856, 1, 2032 MHz, 3996 MHz, 251.77 W, 41
2026/10/08 03:50:18.856, 2, 120 MHz, 3996 MHz, 184.09 W, 32
2026/10/08 03:50:18.856, 3, 120 MHz, 3996 MHz, 183.43 W, 32
2026/10/08 03:50:18.856, 4, 2032 MHz, 3996 MHz, 246.28 W, 40
2026/10/08 03:50:18.856, 5, 2032 MHz, 3996 MHz, 238.55 W, 38
2026/10/08 03:50:18.856, 6, 2032 MHz, 3996 MHz, 248.68 W, 34
2026/10/08 03:50:18.856, 7, 2032 MHz, 3996 MHz, 238.68 W, 33
2026/10/08 03:50:19.856, 0, 2032 MHz, 3996 MHz, 245.37 W, 39
2026/10/08 03:50:19.856, 1, 2032 MHz, 3996 MHz, 251.77 W, 41
2026/10/08 03:50:19.856, 2, 120 MHz, 3996 MHz, 184.09 W, 32
2026/10/08 03:50:19.856, 3, 120 MHz, 3996 MHz, 183.37 W, 32
2026/10/08 03:50:19.856, 4, 2032 MHz, 3996 MHz, 246.28 W, 40
2026/10/08 03:50:19.856, 5, 2032 MHz, 3996 MHz, 238.71 W, 38
2026/10/08 03:50:19.856, 6, 2032 MHz, 3996 MHz, 248.70 W, 34
2026/10/08 03:50:19.856, 7, 2032 MHz, 3996 MHz, 238.68 W, 33
2026/10/08 03:50:20.857, 0, 2032 MHz, 3996 MHz, 283.94 W, 39
2026/10/08 03:50:20.857, 1, 2032 MHz, 3996 MHz, 251.76 W, 41
2026/10/08 03:50:20.857, 2, 120 MHz, 3996 MHz, 184.09 W, 32
2026/10/08 03:50:20.857, 3, 120 MHz, 3996 MHz, 183.46 W, 33
2026/10/08 03:50:20.857, 4, 2032 MHz, 3996 MHz, 265.58 W, 40
2026/10/08 03:50:20.857, 5, 2032 MHz, 3996 MHz, 238.54 W, 38
2026/10/08 03:50:20.857, 6, 2032 MHz, 3996 MHz, 248.71 W, 34
2026/10/08 03:50:20.857, 7, 2032 MHz, 3996 MHz, 238.68 W, 33
2026/10/08 03:50:21.857, 0, 2032 MHz, 3996 MHz, 324.07 W, 40
2026/10/08 03:50:21.857, 1, 2032 MHz, 3996 MHz, 251.58 W, 41
2026/10/08 03:50:21.857, 2, 120 MHz, 3996 MHz, 184.09 W, 32
2026/10/08 03:50:21.857, 3, 120 MHz, 3996 MHz, 183.40 W, 33
2026/10/08 03:50:21.857, 4, 2032 MHz, 3996 MHz, 246.28 W, 40
2026/10/08 03:50:21.857, 5, 2032 MHz, 3996 MHz, 238.69 W, 38
2026/10/08 03:50:21.857, 6, 2032 MHz, 3996 MHz, 248.69 W, 34
2026/10/08 03:50:21.857, 7, 2032 MHz, 3996 MHz, 238.68 W, 33
2026/10/08 03:50:22.857, 0, 2032 MHz, 3996 MHz, 305.53 W, 40
2026/10/08 03:50:22.857, 1, 2032 MHz, 3996 MHz, 251.59 W, 41
2026/10/08 03:50:22.857, 2, 120 MHz, 3996 MHz, 184.09 W, 32
2026/10/08 03:50:22.857, 3, 120 MHz, 3996 MHz, 183.52 W, 33
2026/10/08 03:50:22.857, 4, 2032 MHz, 3996 MHz, 263.71 W, 40
2026/10/08 03:50:22.857, 5, 2032 MHz, 3996 MHz, 238.47 W, 38
2026/10/08 03:50:22.857, 6, 2032 MHz, 3996 MHz, 248.70 W, 34
2026/10/08 03:50:22.857, 7, 2032 MHz, 3996 MHz, 238.68 W, 33
2026/10/08 03:50:23.857, 0, 2032 MHz, 3996 MHz, 278.17 W, 39
2026/10/08 03:50:23.857, 1, 2032 MHz, 3996 MHz, 251.68 W, 41
2026/10/08 03:50:23.857, 2, 120 MHz, 3996 MHz, 184.09 W, 33
2026/10/08 03:50:23.857, 3, 120 MHz, 3996 MHz, 183.56 W, 33
2026/10/08 03:50:23.857, 4, 2032 MHz, 3996 MHz, 246.35 W, 40
2026/10/08 03:50:23.857, 5, 2032 MHz, 3996 MHz, 238.57 W, 38
2026/10/08 03:50:23.858, 6, 2032 MHz, 3996 MHz, 248.70 W, 34
2026/10/08 03:50:23.858, 7, 2032 MHz, 3996 MHz, 238.68 W, 33
2026/10/08 03:50:24.858, 0, 2032 MHz, 3996 MHz, 259.30 W, 39
2026/10/08 03:50:24.858, 1, 2032 MHz, 3996 MHz, 251.74 W, 41
2026/10/08 03:50:24.858, 2, 120 MHz, 3996 MHz, 184.09 W, 33
2026/10/08 03:50:24.858, 3, 120 MHz, 3996 MHz, 183.44 W, 33
2026/10/08 03:50:24.858, 4, 2032 MHz, 3996 MHz, 246.28 W, 40
2026/10/08 03:50:24.858, 5, 2032 MHz, 3996 MHz, 238.53 W, 38
2026/10/08 03:50:24.858, 6, 2032 MHz, 3996 MHz, 248.70 W, 34
2026/10/08 03:50:24.858, 7, 2032 MHz, 3996 MHz, 238.68 W, 33
2026/10/08 03:50:25.858, 0, 2032 MHz, 3996 MHz, 265.14 W, 39
2026/10/08 03:50:25.858, 1, 2032 MHz, 3996 MHz, 251.73 W, 41
2026/10/08 03:50:25.858, 2, 120 MHz, 3996 MHz, 184.09 W, 33
2026/10/08 03:50:25.858, 3, 120 MHz, 3996 MHz, 183.63 W, 33
2026/10/08 03:50:25.858, 4, 2032 MHz, 3996 MHz, 246.47 W, 40
2026/10/08 03:50:25.858, 5, 2032 MHz, 3996 MHz, 238.45 W, 38
2026/10/08 03:50:25.858, 6, 2032 MHz, 3996 MHz, 248.71 W, 34
2026/10/08 03:50:25.858, 7, 2032 MHz, 3996 MHz, 238.68 W, 33
2026/10/08 03:50:26.858, 0, 2032 MHz, 3996 MHz, 249.99 W, 39
2026/10/08 03:50:26.858, 1, 2032 MHz, 3996 MHz, 251.76 W, 41
2026/10/08 03:50:26.858, 2, 120 MHz, 3996 MHz, 184.09 W, 33
2026/10/08 03:50:26.858, 3, 120 MHz, 3996 MHz, 183.79 W, 33
2026/10/08 03:50:26.858, 4, 2032 MHz, 3996 MHz, 246.32 W, 40
2026/10/08 03:50:26.858, 5, 2032 MHz, 3996 MHz, 238.56 W, 38
2026/10/08 03:50:26.858, 6, 2032 MHz, 3996 MHz, 248.70 W, 34
2026/10/08 03:50:26.858, 7, 2032 MHz, 3996 MHz, 238.68 W, 33
2026/10/08 03:50:27.859, 0, 2032 MHz, 3996 MHz, 252.24 W, 39
2026/10/08 03:50:27.859, 1, 2032 MHz, 3996 MHz, 251.76 W, 41
2026/10/08 03:50:27.859, 2, 120 MHz, 3996 MHz, 184.09 W, 33
2026/10/08 03:50:27.859, 3, 120 MHz, 3996 MHz, 183.74 W, 33
2026/10/08 03:50:27.859, 4, 2032 MHz, 3996 MHz, 246.28 W, 40
2026/10/08 03:50:27.859, 5, 2032 MHz, 3996 MHz, 238.47 W, 38
2026/10/08 03:50:27.859, 6, 2032 MHz, 3996 MHz, 248.70 W, 35
2026/10/08 03:50:27.859, 7, 2032 MHz, 3996 MHz, 238.68 W, 33
2026/10/08 03:50:28.859, 0, 2032 MHz, 3996 MHz, 249.43 W, 39
2026/10/08 03:50:28.859, 1, 2032 MHz, 3996 MHz, 251.76 W, 41
2026/10/08 03:50:28.859, 2, 120 MHz, 3996 MHz, 184.09 W, 33
2026/10/08 03:50:28.859, 3, 120 MHz, 3996 MHz, 183.71 W, 33
2026/10/08 03:50:28.859, 4, 2032 MHz, 3996 MHz, 246.28 W, 40
2026/10/08 03:50:28.859, 5, 2032 MHz, 3996 MHz, 238.46 W, 38
2026/10/08 03:50:28.859, 6, 2032 MHz, 3996 MHz, 248.71 W, 35
2026/10/08 03:50:28.859, 7, 2032 MHz, 3996 MHz, 238.68 W, 33
2026/10/08 03:50:29.859, 0, 2032 MHz, 3996 MHz, 245.27 W, 39
2026/10/08 03:50:29.859, 1, 2032 MHz, 3996 MHz, 251.76 W, 41
2026/10/08 03:50:29.859, 2, 120 MHz, 3996 MHz, 184.13 W, 33
2026/10/08 03:50:29.859, 3, 120 MHz, 3996 MHz, 183.64 W, 33
2026/10/08 03:50:29.859, 4, 2032 MHz, 3996 MHz, 246.28 W, 40
2026/10/08 03:50:29.859, 5, 2032 MHz, 3996 MHz, 238.52 W, 38
2026/10/08 03:50:29.859, 6, 2032 MHz, 3996 MHz, 248.70 W, 35
2026/10/08 03:50:29.859, 7, 2032 MHz, 3996 MHz, 238.68 W, 34
2026/10/08 03:50:30.860, 0, 2032 MHz, 3996 MHz, 245.49 W, 39
2026/10/08 03:50:30.860, 1, 2032 MHz, 3996 MHz, 251.77 W, 41
2026/10/08 03:50:30.860, 2, 120 MHz, 3996 MHz, 184.09 W, 33
2026/10/08 03:50:30.860, 3, 120 MHz, 3996 MHz, 183.94 W, 33
2026/10/08 03:50:30.860, 4, 2032 MHz, 3996 MHz, 246.28 W, 40
2026/10/08 03:50:30.860, 5, 2032 MHz, 3996 MHz, 238.62 W, 38
2026/10/08 03:50:30.860, 6, 2032 MHz, 3996 MHz, 248.71 W, 35
2026/10/08 03:50:30.860, 7, 2032 MHz, 3996 MHz, 238.68 W, 34
2026/10/08 03:50:31.860, 0, 2032 MHz, 3996 MHz, 245.17 W, 39
2026/10/08 03:50:31.860, 1, 2032 MHz, 3996 MHz, 251.76 W, 41
2026/10/08 03:50:31.860, 2, 120 MHz, 3996 MHz, 184.21 W, 33
2026/10/08 03:50:31.860, 3, 120 MHz, 3996 MHz, 183.71 W, 33
2026/10/08 03:50:31.860, 4, 2032 MHz, 3996 MHz, 246.28 W, 40
2026/10/08 03:50:31.860, 5, 2032 MHz, 3996 MHz, 238.51 W, 38
2026/10/08 03:50:31.860, 6, 2032 MHz, 3996 MHz, 248.70 W, 35
2026/10/08 03:50:31.860, 7, 2032 MHz, 3996 MHz, 238.68 W, 34
2026/10/08 03:50:32.860, 0, 2032 MHz, 3996 MHz, 245.88 W, 39
2026/10/08 03:50:32.860, 1, 2032 MHz, 3996 MHz, 251.76 W, 41
2026/10/08 03:50:32.860, 2, 120 MHz, 3996 MHz, 184.21 W, 33
2026/10/08 03:50:32.860, 3, 120 MHz, 3996 MHz, 183.98 W, 33
2026/10/08 03:50:32.860, 4, 2032 MHz, 3996 MHz, 246.28 W, 40
2026/10/08 03:50:32.860, 5, 2032 MHz, 3996 MHz, 238.40 W, 38
2026/10/08 03:50:32.860, 6, 2032 MHz, 3996 MHz, 248.70 W, 35
2026/10/08 03:50:32.860, 7, 2032 MHz, 3996 MHz, 238.72 W, 34
2026/10/08 03:50:33.860, 0, 2032 MHz, 3996 MHz, 254.36 W, 39
2026/10/08 03:50:33.860, 1, 2032 MHz, 3996 MHz, 258.16 W, 41
2026/10/08 03:50:33.860, 2, 120 MHz, 3996 MHz, 184.17 W, 33
2026/10/08 03:50:33.861, 3, 120 MHz, 3996 MHz, 183.90 W, 33
2026/10/08 03:50:33.861, 4, 2032 MHz, 3996 MHz, 246.28 W, 40
2026/10/08 03:50:33.861, 5, 2032 MHz, 3996 MHz, 238.53 W, 38
2026/10/08 03:50:33.861, 6, 2032 MHz, 3996 MHz, 248.71 W, 35
2026/10/08 03:50:33.861, 7, 2032 MHz, 3996 MHz, 238.68 W, 34
2026/10/08 03:50:34.861, 0, 2032 MHz, 3996 MHz, 252.24 W, 39
2026/10/08 03:50:34.861, 1, 2032 MHz, 3996 MHz, 251.78 W, 41
2026/10/08 03:50:34.861, 2, 120 MHz, 3996 MHz, 184.17 W, 33
2026/10/08 03:50:34.861, 3, 120 MHz, 3996 MHz, 183.83 W, 33
2026/10/08 03:50:34.861, 4, 2032 MHz, 3996 MHz, 246.28 W, 40
2026/10/08 03:50:34.861, 5, 2032 MHz, 3996 MHz, 238.72 W, 39
2026/10/08 03:50:34.861, 6, 2032 MHz, 3996 MHz, 248.97 W, 35
2026/10/08 03:50:34.861, 7, 2032 MHz, 3996 MHz, 238.87 W, 34
2026/10/08 03:50:35.861, 0, 2032 MHz, 3996 MHz, 245.32 W, 39
2026/10/08 03:50:35.861, 1, 2032 MHz, 3996 MHz, 251.77 W, 41
2026/10/08 03:50:35.861, 2, 120 MHz, 3996 MHz, 184.21 W, 33
2026/10/08 03:50:35.861, 3, 120 MHz, 3996 MHz, 183.93 W, 33
2026/10/08 03:50:35.861, 4, 2032 MHz, 3996 MHz, 246.28 W, 40
2026/10/08 03:50:35.861, 5, 2032 MHz, 3996 MHz, 238.56 W, 39
2026/10/08 03:50:35.861, 6, 2032 MHz, 3996 MHz, 248.70 W, 35
2026/10/08 03:50:35.861, 7, 2032 MHz, 3996 MHz, 238.68 W, 34
2026/10/08 03:50:36.861, 0, 2032 MHz, 3996 MHz, 245.05 W, 39
2026/10/08 03:50:36.861, 1, 2032 MHz, 3996 MHz, 251.76 W, 41
2026/10/08 03:50:36.861, 2, 120 MHz, 3996 MHz, 184.32 W, 33
2026/10/08 03:50:36.861, 3, 120 MHz, 3996 MHz, 184.05 W, 33
2026/10/08 03:50:36.861, 4, 2032 MHz, 3996 MHz, 246.28 W, 40
2026/10/08 03:50:36.861, 5, 2032 MHz, 3996 MHz, 238.64 W, 39
2026/10/08 03:50:36.861, 6, 2032 MHz, 3996 MHz, 248.70 W, 35
2026/10/08 03:50:36.861, 7, 2032 MHz, 3996 MHz, 238.79 W, 34
2026/10/08 03:50:37.862, 0, 2032 MHz, 3996 MHz, 245.00 W, 39
2026/10/08 03:50:37.862, 1, 2032 MHz, 3996 MHz, 251.76 W, 41
2026/10/08 03:50:37.862, 2, 120 MHz, 3996 MHz, 184.48 W, 33
2026/10/08 03:50:37.862, 3, 120 MHz, 3996 MHz, 183.90 W, 33
2026/10/08 03:50:37.862, 4, 2032 MHz, 3996 MHz, 246.28 W, 40
2026/10/08 03:50:37.862, 5, 2032 MHz, 3996 MHz, 238.52 W, 39
2026/10/08 03:50:37.862, 6, 2032 MHz, 3996 MHz, 248.76 W, 35
2026/10/08 03:50:37.862, 7, 2032 MHz, 3996 MHz, 238.68 W, 34
2026/10/08 03:50:38.862, 0, 2032 MHz, 3996 MHz, 244.90 W, 39
2026/10/08 03:50:38.862, 1, 2032 MHz, 3996 MHz, 251.77 W, 41
2026/10/08 03:50:38.862, 2, 120 MHz, 3996 MHz, 184.40 W, 33
2026/10/08 03:50:38.862, 3, 120 MHz, 3996 MHz, 184.06 W, 33
2026/10/08 03:50:38.862, 4, 2032 MHz, 3996 MHz, 246.28 W, 40
2026/10/08 03:50:38.862, 5, 2032 MHz, 3996 MHz, 238.53 W, 39
2026/10/08 03:50:38.862, 6, 2032 MHz, 3996 MHz, 248.77 W, 35
2026/10/08 03:50:38.862, 7, 2032 MHz, 3996 MHz, 238.75 W, 34
2026/10/08 03:50:39.862, 0, 2032 MHz, 3996 MHz, 244.97 W, 39
2026/10/08 03:50:39.862, 1, 1320 MHz, 3996 MHz, 423.55 W, 52
2026/10/08 03:50:39.862, 2, 120 MHz, 3996 MHz, 184.68 W, 33
2026/10/08 03:50:39.862, 3, 120 MHz, 3996 MHz, 184.06 W, 33
2026/10/08 03:50:39.862, 4, 2032 MHz, 3996 MHz, 246.28 W, 41
2026/10/08 03:50:39.862, 5, 2032 MHz, 3996 MHz, 238.67 W, 39
2026/10/08 03:50:39.862, 6, 2032 MHz, 3996 MHz, 248.76 W, 35
2026/10/08 03:50:39.862, 7, 2032 MHz, 3996 MHz, 238.72 W, 34
2026/10/08 03:50:40.863, 0, 2032 MHz, 3996 MHz, 586.14 W, 48
2026/10/08 03:50:40.863, 1, 2032 MHz, 3996 MHz, 450.48 W, 42
2026/10/08 03:50:40.863, 2, 120 MHz, 3996 MHz, 184.82 W, 33
2026/10/08 03:50:40.863, 3, 120 MHz, 3996 MHz, 183.94 W, 33
2026/10/08 03:50:40.863, 4, 2032 MHz, 3996 MHz, 246.28 W, 41
2026/10/08 03:50:40.863, 5, 2032 MHz, 3996 MHz, 238.55 W, 39
2026/10/08 03:50:40.863, 6, 2032 MHz, 3996 MHz, 248.94 W, 35
2026/10/08 03:50:40.863, 7, 2032 MHz, 3996 MHz, 238.76 W, 34
2026/10/08 03:50:41.863, 0, 2032 MHz, 3996 MHz, 253.87 W, 40
2026/10/08 03:50:41.863, 1, 1282 MHz, 3996 MHz, 812.47 W, 57
2026/10/08 03:50:41.863, 2, 120 MHz, 3996 MHz, 184.93 W, 33
2026/10/08 03:50:41.863, 3, 120 MHz, 3996 MHz, 183.95 W, 33
2026/10/08 03:50:41.863, 4, 2032 MHz, 3996 MHz, 246.28 W, 41
2026/10/08 03:50:41.863, 5, 2032 MHz, 3996 MHz, 238.60 W, 39
2026/10/08 03:50:41.863, 6, 2032 MHz, 3996 MHz, 248.86 W, 35
2026/10/08 03:50:41.863, 7, 2032 MHz, 3996 MHz, 238.91 W, 34
2026/10/08 03:50:42.863, 0, 1320 MHz, 3996 MHz, 1059.55 W, 57
2026/10/08 03:50:42.863, 1, 2032 MHz, 3996 MHz, 966.02 W, 51
2026/10/08 03:50:42.863, 2, 120 MHz, 3996 MHz, 185.07 W, 33
2026/10/08 03:50:42.863, 3, 120 MHz, 3996 MHz, 184.09 W, 33
2026/10/08 03:50:42.863, 4, 2032 MHz, 3996 MHz, 246.31 W, 41
2026/10/08 03:50:42.863, 5, 2032 MHz, 3996 MHz, 238.79 W, 39
2026/10/08 03:50:42.863, 6, 2032 MHz, 3996 MHz, 248.93 W, 35
2026/10/08 03:50:42.863, 7, 2032 MHz, 3996 MHz, 239.38 W, 34
2026/10/08 03:50:43.863, 0, 2032 MHz, 3996 MHz, 895.28 W, 49
2026/10/08 03:50:43.863, 1, 2032 MHz, 3996 MHz, 895.35 W, 51
2026/10/08 03:50:43.863, 2, 120 MHz, 3996 MHz, 185.15 W, 33
2026/10/08 03:50:43.863, 3, 120 MHz, 3996 MHz, 184.05 W, 34
2026/10/08 03:50:43.863, 4, 2032 MHz, 3996 MHz, 246.28 W, 41
2026/10/08 03:50:43.863, 5, 2032 MHz, 3996 MHz, 238.72 W, 39
2026/10/08 03:50:43.863, 6, 2032 MHz, 3996 MHz, 249.33 W, 35
2026/10/08 03:50:43.864, 7, 2032 MHz, 3996 MHz, 239.36 W, 34
2026/10/08 03:50:44.864, 0, 2032 MHz, 3996 MHz, 890.15 W, 50
2026/10/08 03:50:44.864, 1, 2032 MHz, 3996 MHz, 897.50 W, 52
2026/10/08 03:50:44.864, 2, 120 MHz, 3996 MHz, 185.20 W, 33
2026/10/08 03:50:44.864, 3, 120 MHz, 3996 MHz, 184.02 W, 34
2026/10/08 03:50:44.864, 4, 2032 MHz, 3996 MHz, 246.28 W, 41
2026/10/08 03:50:44.864, 5, 2032 MHz, 3996 MHz, 238.84 W, 39
2026/10/08 03:50:44.864, 6, 2032 MHz, 3996 MHz, 249.18 W, 35
2026/10/08 03:50:44.864, 7, 2032 MHz, 3996 MHz, 239.30 W, 34
2026/10/08 03:50:45.864, 0, 2032 MHz, 3996 MHz, 892.27 W, 50
2026/10/08 03:50:45.864, 1, 2032 MHz, 3996 MHz, 901.40 W, 52
2026/10/08 03:50:45.864, 2, 120 MHz, 3996 MHz, 185.20 W, 33
2026/10/08 03:50:45.864, 3, 120 MHz, 3996 MHz, 184.09 W, 34
2026/10/08 03:50:45.864, 4, 2032 MHz, 3996 MHz, 246.28 W, 41
2026/10/08 03:50:45.864, 5, 2032 MHz, 3996 MHz, 238.92 W, 39
2026/10/08 03:50:45.864, 6, 2032 MHz, 3996 MHz, 249.10 W, 35
2026/10/08 03:50:45.864, 7, 2032 MHz, 3996 MHz, 239.48 W, 34
2026/10/08 03:50:46.864, 0, 2032 MHz, 3996 MHz, 895.22 W, 50
2026/10/08 03:50:46.864, 1, 2032 MHz, 3996 MHz, 903.63 W, 53
2026/10/08 03:50:46.864, 2, 120 MHz, 3996 MHz, 185.44 W, 34
2026/10/08 03:50:46.864, 3, 120 MHz, 3996 MHz, 184.06 W, 34
2026/10/08 03:50:46.864, 4, 2032 MHz, 3996 MHz, 246.28 W, 41
2026/10/08 03:50:46.864, 5, 2032 MHz, 3996 MHz, 238.86 W, 39
2026/10/08 03:50:46.864, 6, 2032 MHz, 3996 MHz, 249.66 W, 35
2026/10/08 03:50:46.864, 7, 2032 MHz, 3996 MHz, 239.73 W, 34
2026/10/08 03:50:47.864, 0, 2032 MHz, 3996 MHz, 897.66 W, 51
2026/10/08 03:50:47.864, 1, 1372 MHz, 3996 MHz, 969.24 W, 60
2026/10/08 03:50:47.864, 2, 120 MHz, 3996 MHz, 185.58 W, 34
2026/10/08 03:50:47.864, 3, 120 MHz, 3996 MHz, 184.06 W, 34
2026/10/08 03:50:47.864, 4, 2032 MHz, 3996 MHz, 246.39 W, 41
2026/10/08 03:50:47.864, 5, 2032 MHz, 3996 MHz, 238.67 W, 39
2026/10/08 03:50:47.864, 6, 2032 MHz, 3996 MHz, 249.56 W, 35
2026/10/08 03:50:47.864, 7, 2032 MHz, 3996 MHz, 239.55 W, 34
2026/10/08 03:50:48.865, 0, 1305 MHz, 3996 MHz, 1031.51 W, 59
2026/10/08 03:50:48.865, 1, 2032 MHz, 3996 MHz, 1041.73 W, 55
2026/10/08 03:50:48.865, 2, 120 MHz, 3996 MHz, 185.69 W, 34
2026/10/08 03:50:48.865, 3, 120 MHz, 3996 MHz, 184.10 W, 34
2026/10/08 03:50:48.865, 4, 2032 MHz, 3996 MHz, 246.28 W, 41
2026/10/08 03:50:48.865, 5, 2032 MHz, 3996 MHz, 238.90 W, 39
2026/10/08 03:50:48.865, 6, 2032 MHz, 3996 MHz, 249.69 W, 35
2026/10/08 03:50:48.865, 7, 2032 MHz, 3996 MHz, 239.80 W, 34
2026/10/08 03:50:49.865, 0, 2032 MHz, 3996 MHz, 970.33 W, 52
2026/10/08 03:50:49.865, 1, 2032 MHz, 3996 MHz, 900.94 W, 54
2026/10/08 03:50:49.865, 2, 120 MHz, 3996 MHz, 185.78 W, 34
2026/10/08 03:50:49.865, 3, 120 MHz, 3996 MHz, 184.11 W, 34
2026/10/08 03:50:49.865, 4, 2032 MHz, 3996 MHz, 246.32 W, 41
2026/10/08 03:50:49.865, 5, 2032 MHz, 3996 MHz, 238.94 W, 39
2026/10/08 03:50:49.865, 6, 2032 MHz, 3996 MHz, 249.75 W, 36
2026/10/08 03:50:49.865, 7, 2032 MHz, 3996 MHz, 239.96 W, 34
2026/10/08 03:50:50.865, 0, 2032 MHz, 3996 MHz, 895.46 W, 52
2026/10/08 03:50:50.865, 1, 2032 MHz, 3996 MHz, 901.82 W, 54
2026/10/08 03:50:50.865, 2, 120 MHz, 3996 MHz, 185.73 W, 34
2026/10/08 03:50:50.865, 3, 120 MHz, 3996 MHz, 184.09 W, 34
2026/10/08 03:50:50.865, 4, 2032 MHz, 3996 MHz, 246.58 W, 41
2026/10/08 03:50:50.865, 5, 2032 MHz, 3996 MHz, 238.68 W, 39
2026/10/08 03:50:50.865, 6, 2032 MHz, 3996 MHz, 250.12 W, 36
2026/10/08 03:50:50.865, 7, 2032 MHz, 3996 MHz, 240.12 W, 34
2026/10/08 03:50:51.865, 0, 2032 MHz, 3996 MHz, 902.17 W, 52
2026/10/08 03:50:51.865, 1, 2032 MHz, 3996 MHz, 906.44 W, 55
2026/10/08 03:50:51.865, 2, 120 MHz, 3996 MHz, 185.62 W, 34
2026/10/08 03:50:51.865, 3, 120 MHz, 3996 MHz, 184.10 W, 34
2026/10/08 03:50:51.865, 4, 2032 MHz, 3996 MHz, 246.39 W, 41
2026/10/08 03:50:51.865, 5, 2032 MHz, 3996 MHz, 238.83 W, 39
2026/10/08 03:50:51.865, 6, 2032 MHz, 3996 MHz, 250.00 W, 36
2026/10/08 03:50:51.865, 7, 2032 MHz, 3996 MHz, 240.09 W, 35
2026/10/08 03:50:52.865, 0, 2032 MHz, 3996 MHz, 899.00 W, 53
2026/10/08 03:50:52.865, 1, 2032 MHz, 3996 MHz, 907.02 W, 55
2026/10/08 03:50:52.865, 2, 120 MHz, 3996 MHz, 185.66 W, 34
2026/10/08 03:50:52.865, 3, 120 MHz, 3996 MHz, 184.10 W, 34
2026/10/08 03:50:52.866, 4, 2032 MHz, 3996 MHz, 246.39 W, 41
2026/10/08 03:50:52.866, 5, 2032 MHz, 3996 MHz, 238.79 W, 39
2026/10/08 03:50:52.866, 6, 2032 MHz, 3996 MHz, 249.72 W, 36
2026/10/08 03:50:52.866, 7, 2032 MHz, 3996 MHz, 240.12 W, 35
2026/10/08 03:50:53.866, 0, 2032 MHz, 3996 MHz, 903.83 W, 53
2026/10/08 03:50:53.866, 1, 2032 MHz, 3996 MHz, 912.47 W, 55
2026/10/08 03:50:53.866, 2, 120 MHz, 3996 MHz, 185.81 W, 34
2026/10/08 03:50:53.866, 3, 120 MHz, 3996 MHz, 184.07 W, 34
2026/10/08 03:50:53.866, 4, 2032 MHz, 3996 MHz, 246.47 W, 41
2026/10/08 03:50:53.866, 5, 2032 MHz, 3996 MHz, 238.90 W, 39
2026/10/08 03:50:53.866, 6, 2032 MHz, 3996 MHz, 249.60 W, 36
2026/10/08 03:50:53.866, 7, 2032 MHz, 3996 MHz, 240.43 W, 35
2026/10/08 03:50:54.866, 0, 1335 MHz, 3996 MHz, 969.97 W, 61
2026/10/08 03:50:54.866, 1, 1282 MHz, 3996 MHz, 1056.10 W, 63
2026/10/08 03:50:54.866, 2, 120 MHz, 3996 MHz, 185.89 W, 34
2026/10/08 03:50:54.866, 3, 120 MHz, 3996 MHz, 184.09 W, 34
2026/10/08 03:50:54.866, 4, 2032 MHz, 3996 MHz, 246.35 W, 41
2026/10/08 03:50:54.866, 5, 2032 MHz, 3996 MHz, 238.96 W, 39
2026/10/08 03:50:54.866, 6, 2032 MHz, 3996 MHz, 250.11 W, 36
2026/10/08 03:50:54.866, 7, 2032 MHz, 3996 MHz, 264.57 W, 35
2026/10/08 03:50:55.866, 0, 2032 MHz, 3996 MHz, 1030.13 W, 55
2026/10/08 03:50:55.866, 1, 2032 MHz, 3996 MHz, 956.24 W, 56
2026/10/08 03:50:55.866, 2, 120 MHz, 3996 MHz, 185.93 W, 34
2026/10/08 03:50:55.866, 3, 120 MHz, 3996 MHz, 184.09 W, 34
2026/10/08 03:50:55.866, 4, 2032 MHz, 3996 MHz, 246.43 W, 41
2026/10/08 03:50:55.866, 5, 2032 MHz, 3996 MHz, 239.17 W, 39
2026/10/08 03:50:55.866, 6, 2032 MHz, 3996 MHz, 250.16 W, 36
2026/10/08 03:50:55.866, 7, 2032 MHz, 3996 MHz, 349.55 W, 36
2026/10/08 03:50:56.866, 0, 2032 MHz, 3996 MHz, 897.15 W, 54
2026/10/08 03:50:56.866, 1, 2032 MHz, 3996 MHz, 903.96 W, 56
2026/10/08 03:50:56.866, 2, 120 MHz, 3996 MHz, 185.70 W, 34
2026/10/08 03:50:56.866, 3, 120 MHz, 3996 MHz, 184.09 W, 34
2026/10/08 03:50:56.866, 4, 2032 MHz, 3996 MHz, 246.55 W, 41
2026/10/08 03:50:56.866, 5, 2032 MHz, 3996 MHz, 239.14 W, 39
2026/10/08 03:50:56.866, 6, 2032 MHz, 3996 MHz, 250.14 W, 36
2026/10/08 03:50:56.866, 7, 2032 MHz, 3996 MHz, 311.88 W, 36
2026/10/08 03:50:57.867, 0, 2032 MHz, 3996 MHz, 898.48 W, 54
2026/10/08 03:50:57.867, 1, 2032 MHz, 3996 MHz, 906.01 W, 56
2026/10/08 03:50:57.867, 2, 120 MHz, 3996 MHz, 185.78 W, 34
2026/10/08 03:50:57.867, 3, 120 MHz, 3996 MHz, 184.06 W, 34
2026/10/08 03:50:57.867, 4, 2032 MHz, 3996 MHz, 246.73 W, 41
2026/10/08 03:50:57.867, 5, 2032 MHz, 3996 MHz, 238.94 W, 39
2026/10/08 03:50:57.867, 6, 2032 MHz, 3996 MHz, 250.14 W, 36
2026/10/08 03:50:57.867, 7, 2032 MHz, 3996 MHz, 257.20 W, 35
2026/10/08 03:50:58.867, 0, 2032 MHz, 3996 MHz, 901.26 W, 54
2026/10/08 03:50:58.867, 1, 2032 MHz, 3996 MHz, 913.84 W, 56
2026/10/08 03:50:58.867, 2, 120 MHz, 3996 MHz, 185.70 W, 34
2026/10/08 03:50:58.867, 3, 120 MHz, 3996 MHz, 184.09 W, 34
2026/10/08 03:50:58.867, 4, 2032 MHz, 3996 MHz, 247.04 W, 41
2026/10/08 03:50:58.867, 5, 2032 MHz, 3996 MHz, 239.09 W, 39
2026/10/08 03:50:58.867, 6, 2032 MHz, 3996 MHz, 250.25 W, 36
2026/10/08 03:50:58.867, 7, 2032 MHz, 3996 MHz, 265.41 W, 35
2026/10/08 03:50:59.867, 0, 2032 MHz, 3996 MHz, 903.04 W, 54
2026/10/08 03:50:59.867, 1, 2032 MHz, 3996 MHz, 911.91 W, 57
2026/10/08 03:50:59.867, 2, 120 MHz, 3996 MHz, 185.77 W, 34
2026/10/08 03:50:59.867, 3, 120 MHz, 3996 MHz, 184.09 W, 34
2026/10/08 03:50:59.867, 4, 2032 MHz, 3996 MHz, 246.96 W, 41
2026/10/08 03:50:59.867, 5, 2032 MHz, 3996 MHz, 239.41 W, 39
2026/10/08 03:50:59.867, 6, 2032 MHz, 3996 MHz, 250.18 W, 36
2026/10/08 03:50:59.867, 7, 2032 MHz, 3996 MHz, 242.05 W, 35
2026/10/08 03:51:00.867, 0, 2032 MHz, 3996 MHz, 907.21 W, 55
2026/10/08 03:51:00.867, 1, 1297 MHz, 3996 MHz, 990.77 W, 64
2026/10/08 03:51:00.867, 2, 120 MHz, 3996 MHz, 185.97 W, 34
2026/10/08 03:51:00.867, 3, 120 MHz, 3996 MHz, 184.09 W, 34
2026/10/08 03:51:00.867, 4, 2032 MHz, 3996 MHz, 247.68 W, 41
2026/10/08 03:51:00.867, 5, 2032 MHz, 3996 MHz, 239.17 W, 39
2026/10/08 03:51:00.867, 6, 2032 MHz, 3996 MHz, 250.19 W, 36
2026/10/08 03:51:00.867, 7, 2032 MHz, 3996 MHz, 240.62 W, 35
2026/10/08 03:51:01.868, 0, 1305 MHz, 3996 MHz, 1088.99 W, 63
2026/10/08 03:51:01.868, 1, 2032 MHz, 3996 MHz, 1018.59 W, 58
2026/10/08 03:51:01.868, 2, 120 MHz, 3996 MHz, 185.78 W, 34
2026/10/08 03:51:01.868, 3, 120 MHz, 3996 MHz, 184.09 W, 34
2026/10/08 03:51:01.868, 4, 2032 MHz, 3996 MHz, 247.19 W, 41
2026/10/08 03:51:01.868, 5, 2032 MHz, 3996 MHz, 239.24 W, 39
2026/10/08 03:51:01.868, 6, 2032 MHz, 3996 MHz, 250.00 W, 36
2026/10/08 03:51:01.868, 7, 2032 MHz, 3996 MHz, 240.62 W, 35
2026/10/08 03:51:02.868, 0, 2032 MHz, 3996 MHz, 918.99 W, 55
2026/10/08 03:51:02.868, 1, 2032 MHz, 3996 MHz, 906.16 W, 57
2026/10/08 03:51:02.868, 2, 120 MHz, 3996 MHz, 185.73 W, 34
2026/10/08 03:51:02.868, 3, 120 MHz, 3996 MHz, 184.06 W, 34
2026/10/08 03:51:02.868, 4, 2032 MHz, 3996 MHz, 247.01 W, 41
2026/10/08 03:51:02.868, 5, 2032 MHz, 3996 MHz, 238.86 W, 39
2026/10/08 03:51:02.868, 6, 2032 MHz, 3996 MHz, 249.94 W, 36
2026/10/08 03:51:02.868, 7, 2032 MHz, 3996 MHz, 240.62 W, 35
2026/10/08 03:51:03.868, 0, 2032 MHz, 3996 MHz, 900.41 W, 55
2026/10/08 03:51:03.868, 1, 2032 MHz, 3996 MHz, 909.84 W, 58
2026/10/08 03:51:03.868, 2, 120 MHz, 3996 MHz, 185.85 W, 34
2026/10/08 03:51:03.868, 3, 120 MHz, 3996 MHz, 184.07 W, 34
2026/10/08 03:51:03.868, 4, 2032 MHz, 3996 MHz, 247.44 W, 41
2026/10/08 03:51:03.868, 5, 2032 MHz, 3996 MHz, 239.02 W, 39
2026/10/08 03:51:03.868, 6, 2032 MHz, 3996 MHz, 249.82 W, 36
2026/10/08 03:51:03.868, 7, 2032 MHz, 3996 MHz, 242.20 W, 35
2026/10/08 03:51:04.868, 0, 2032 MHz, 3996 MHz, 902.91 W, 55
2026/10/08 03:51:04.868, 1, 2032 MHz, 3996 MHz, 909.89 W, 58
2026/10/08 03:51:04.868, 2, 120 MHz, 3996 MHz, 185.81 W, 33
2026/10/08 03:51:04.868, 3, 120 MHz, 3996 MHz, 184.09 W, 34
2026/10/08 03:51:04.868, 4, 2032 MHz, 3996 MHz, 247.49 W, 41
2026/10/08 03:51:04.868, 5, 2032 MHz, 3996 MHz, 239.25 W, 40
2026/10/08 03:51:04.868, 6, 2032 MHz, 3996 MHz, 249.53 W, 36
2026/10/08 03:51:04.868, 7, 2032 MHz, 3996 MHz, 242.82 W, 35
2026/10/08 03:51:05.868, 0, 2032 MHz, 3996 MHz, 906.02 W, 56
2026/10/08 03:51:05.868, 1, 2032 MHz, 3996 MHz, 911.96 W, 58
2026/10/08 03:51:05.868, 2, 120 MHz, 3996 MHz, 185.77 W, 33
2026/10/08 03:51:05.868, 3, 120 MHz, 3996 MHz, 183.95 W, 34
2026/10/08 03:51:05.868, 4, 2032 MHz, 3996 MHz, 247.48 W, 41
2026/10/08 03:51:05.868, 5, 2032 MHz, 3996 MHz, 239.57 W, 40
2026/10/08 03:51:05.868, 6, 2032 MHz, 3996 MHz, 249.44 W, 35
2026/10/08 03:51:05.868, 7, 2032 MHz, 3996 MHz, 247.57 W, 35
2026/10/08 03:51:06.869, 0, 2032 MHz, 3996 MHz, 907.86 W, 56
2026/10/08 03:51:06.869, 1, 2032 MHz, 3996 MHz, 915.65 W, 58
2026/10/08 03:51:06.869, 2, 120 MHz, 3996 MHz, 185.51 W, 33
2026/10/08 03:51:06.869, 3, 120 MHz, 3996 MHz, 184.10 W, 34
2026/10/08 03:51:06.869, 4, 2032 MHz, 3996 MHz, 247.50 W, 41
2026/10/08 03:51:06.869, 5, 2032 MHz, 3996 MHz, 239.13 W, 40
2026/10/08 03:51:06.869, 6, 2032 MHz, 3996 MHz, 249.57 W, 35
2026/10/08 03:51:06.869, 7, 2032 MHz, 3996 MHz, 240.62 W, 34
2026/10/08 03:51:07.869, 0, 1290 MHz, 3996 MHz, 1024.82 W, 64
2026/10/08 03:51:07.869, 1, 1290 MHz, 3996 MHz, 1106.99 W, 66
2026/10/08 03:51:07.869, 2, 120 MHz, 3996 MHz, 185.38 W, 33
2026/10/08 03:51:07.869, 3, 120 MHz, 3996 MHz, 184.02 W, 33
2026/10/08 03:51:07.869, 4, 2032 MHz, 3996 MHz, 247.48 W, 41
2026/10/08 03:51:07.869, 5, 2032 MHz, 3996 MHz, 239.58 W, 40
2026/10/08 03:51:07.869, 6, 2032 MHz, 3996 MHz, 249.25 W, 35
2026/10/08 03:51:07.869, 7, 2032 MHz, 3996 MHz, 240.62 W, 34
2026/10/08 03:51:08.869, 0, 2032 MHz, 3996 MHz, 982.93 W, 57
2026/10/08 03:51:08.869, 1, 2032 MHz, 3996 MHz, 915.18 W, 59
2026/10/08 03:51:08.869, 2, 120 MHz, 3996 MHz, 185.32 W, 33
2026/10/08 03:51:08.869, 3, 120 MHz, 3996 MHz, 184.10 W, 33
2026/10/08 03:51:08.869, 4, 2032 MHz, 3996 MHz, 247.99 W, 41
2026/10/08 03:51:08.869, 5, 2032 MHz, 3996 MHz, 239.28 W, 40
2026/10/08 03:51:08.869, 6, 2032 MHz, 3996 MHz, 249.14 W, 35
2026/10/08 03:51:08.869, 7, 2032 MHz, 3996 MHz, 240.62 W, 34
2026/10/08 03:51:09.869, 0, 2032 MHz, 3996 MHz, 902.63 W, 56
2026/10/08 03:51:09.869, 1, 2032 MHz, 3996 MHz, 909.77 W, 59
2026/10/08 03:51:09.869, 2, 120 MHz, 3996 MHz, 185.28 W, 33
2026/10/08 03:51:09.869, 3, 120 MHz, 3996 MHz, 184.02 W, 33
2026/10/08 03:51:09.869, 4, 2032 MHz, 3996 MHz, 247.83 W, 41
2026/10/08 03:51:09.869, 5, 2032 MHz, 3996 MHz, 239.36 W, 40
2026/10/08 03:51:09.869, 6, 2032 MHz, 3996 MHz, 248.91 W, 35
2026/10/08 03:51:09.869, 7, 2032 MHz, 3996 MHz, 240.62 W, 34
2026/10/08 03:51:10.869, 0, 2032 MHz, 3996 MHz, 908.09 W, 56
2026/10/08 03:51:10.869, 1, 2032 MHz, 3996 MHz, 911.70 W, 59
2026/10/08 03:51:10.869, 2, 120 MHz, 3996 MHz, 185.15 W, 33
2026/10/08 03:51:10.869, 3, 120 MHz, 3996 MHz, 184.01 W, 33
2026/10/08 03:51:10.869, 4, 2032 MHz, 3996 MHz, 247.72 W, 42
2026/10/08 03:51:10.869, 5, 2032 MHz, 3996 MHz, 239.14 W, 40
2026/10/08 03:51:10.869, 6, 2032 MHz, 3996 MHz, 249.24 W, 35
2026/10/08 03:51:10.869, 7, 2032 MHz, 3996 MHz, 240.62 W, 34
2026/10/08 03:51:11.870, 0, 2032 MHz, 3996 MHz, 910.01 W, 57
2026/10/08 03:51:11.870, 1, 2032 MHz, 3996 MHz, 914.16 W, 59
2026/10/08 03:51:11.870, 2, 120 MHz, 3996 MHz, 185.03 W, 33
2026/10/08 03:51:11.870, 3, 120 MHz, 3996 MHz, 184.02 W, 33
2026/10/08 03:51:11.870, 4, 2032 MHz, 3996 MHz, 247.71 W, 42
2026/10/08 03:51:11.870, 5, 2032 MHz, 3996 MHz, 239.43 W, 40
2026/10/08 03:51:11.870, 6, 2032 MHz, 3996 MHz, 249.07 W, 35
2026/10/08 03:51:11.870, 7, 2032 MHz, 3996 MHz, 240.62 W, 34
2026/10/08 03:51:12.870, 0, 2032 MHz, 3996 MHz, 909.00 W, 57
2026/10/08 03:51:12.870, 1, 2032 MHz, 3996 MHz, 920.82 W, 59
2026/10/08 03:51:12.870, 2, 120 MHz, 3996 MHz, 184.90 W, 33
2026/10/08 03:51:12.870, 3, 120 MHz, 3996 MHz, 184.05 W, 33
2026/10/08 03:51:12.870, 4, 2032 MHz, 3996 MHz, 247.88 W, 42
2026/10/08 03:51:12.870, 5, 2032 MHz, 3996 MHz, 239.35 W, 40
2026/10/08 03:51:12.870, 6, 2032 MHz, 3996 MHz, 248.75 W, 35
2026/10/08 03:51:12.870, 7, 2032 MHz, 3996 MHz, 240.62 W, 34
2026/10/08 03:51:13.870, 0, 2032 MHz, 3996 MHz, 846.94 W, 53
2026/10/08 03:51:13.870, 1, 2032 MHz, 3996 MHz, 559.11 W, 52
2026/10/08 03:51:13.870, 2, 120 MHz, 3996 MHz, 184.55 W, 33
2026/10/08 03:51:13.870, 3, 120 MHz, 3996 MHz, 183.98 W, 33
2026/10/08 03:51:13.870, 4, 2032 MHz, 3996 MHz, 247.99 W, 42
2026/10/08 03:51:13.870, 5, 2032 MHz, 3996 MHz, 239.62 W, 40
2026/10/08 03:51:13.870, 6, 2032 MHz, 3996 MHz, 248.83 W, 35
2026/10/08 03:51:13.870, 7, 2032 MHz, 3996 MHz, 242.76 W, 34
2026/10/08 03:51:14.870, 0, 2032 MHz, 3996 MHz, 256.70 W, 48
2026/10/08 03:51:14.871, 1, 2032 MHz, 3996 MHz, 273.40 W, 50
2026/10/08 03:51:14.871, 2, 120 MHz, 3996 MHz, 184.64 W, 33
2026/10/08 03:51:14.871, 3, 120 MHz, 3996 MHz, 183.90 W, 33
2026/10/08 03:51:14.871, 4, 2032 MHz, 3996 MHz, 247.99 W, 42
2026/10/08 03:51:14.871, 5, 2032 MHz, 3996 MHz, 239.73 W, 40
2026/10/08 03:51:14.871, 6, 2032 MHz, 3996 MHz, 249.59 W, 35
2026/10/08 03:51:14.871, 7, 2032 MHz, 3996 MHz, 239.61 W, 34
2026/10/08 03:51:15.871, 0, 2032 MHz, 3996 MHz, 266.39 W, 47
2026/10/08 03:51:15.871, 1, 2032 MHz, 3996 MHz, 259.70 W, 50
2026/10/08 03:51:15.871, 2, 120 MHz, 3996 MHz, 184.29 W, 33
2026/10/08 03:51:15.871, 3, 120 MHz, 3996 MHz, 183.94 W, 33
2026/10/08 03:51:15.871, 4, 2032 MHz, 3996 MHz, 248.02 W, 42
2026/10/08 03:51:15.871, 5, 2032 MHz, 3996 MHz, 239.28 W, 40
2026/10/08 03:51:15.871, 6, 2032 MHz, 3996 MHz, 249.06 W, 35
2026/10/08 03:51:15.871, 7, 2032 MHz, 3996 MHz, 239.36 W, 34
2026/10/08 03:51:16.871, 0, 2032 MHz, 3996 MHz, 252.31 W, 47
2026/10/08 03:51:16.871, 1, 2032 MHz, 3996 MHz, 259.46 W, 49
2026/10/08 03:51:16.871, 2, 120 MHz, 3996 MHz, 185.93 W, 33
2026/10/08 03:51:16.871, 3, 120 MHz, 3996 MHz, 183.90 W, 33
2026/10/08 03:51:16.871, 4, 2032 MHz, 3996 MHz, 248.22 W, 42
2026/10/08 03:51:16.871, 5, 2032 MHz, 3996 MHz, 239.74 W, 40
2026/10/08 03:51:16.871, 6, 2032 MHz, 3996 MHz, 249.60 W, 35
2026/10/08 03:51:16.871, 7, 2032 MHz, 3996 MHz, 240.93 W, 34
2026/10/08 03:51:17.871, 0, 2032 MHz, 3996 MHz, 252.16 W, 46
2026/10/08 03:51:17.871, 1, 2032 MHz, 3996 MHz, 258.33 W, 49
2026/10/08 03:51:17.871, 2, 120 MHz, 3996 MHz, 186.05 W, 33
2026/10/08 03:51:17.871, 3, 120 MHz, 3996 MHz, 184.59 W, 33
2026/10/08 03:51:17.871, 4, 2032 MHz, 3996 MHz, 248.18 W, 42
2026/10/08 03:51:17.871, 5, 2032 MHz, 3996 MHz, 239.67 W, 40
2026/10/08 03:51:17.871, 6, 2032 MHz, 3996 MHz, 249.07 W, 35
2026/10/08 03:51:17.871, 7, 2032 MHz, 3996 MHz, 240.62 W, 34
2026/10/08 03:51:18.871, 0, 2032 MHz, 3996 MHz, 251.93 W, 46
2026/10/08 03:51:18.871, 1, 2032 MHz, 3996 MHz, 257.62 W, 48
2026/10/08 03:51:18.871, 2, 120 MHz, 3996 MHz, 186.05 W, 33
2026/10/08 03:51:18.871, 3, 120 MHz, 3996 MHz, 184.44 W, 33
2026/10/08 03:51:18.871, 4, 2032 MHz, 3996 MHz, 248.10 W, 42
2026/10/08 03:51:18.871, 5, 2032 MHz, 3996 MHz, 239.46 W, 40
2026/10/08 03:51:18.871, 6, 2032 MHz, 3996 MHz, 248.71 W, 35
2026/10/08 03:51:18.871, 7, 2032 MHz, 3996 MHz, 240.50 W, 34
2026/10/08 03:51:19.872, 0, 2032 MHz, 3996 MHz, 251.93 W, 46
2026/10/08 03:51:19.872, 1, 2032 MHz, 3996 MHz, 257.84 W, 48
2026/10/08 03:51:19.872, 2, 120 MHz, 3996 MHz, 186.05 W, 33
2026/10/08 03:51:19.872, 3, 120 MHz, 3996 MHz, 184.13 W, 33
2026/10/08 03:51:19.872, 4, 2032 MHz, 3996 MHz, 248.10 W, 42
2026/10/08 03:51:19.872, 5, 2032 MHz, 3996 MHz, 239.73 W, 40
2026/10/08 03:51:19.872, 6, 2032 MHz, 3996 MHz, 248.60 W, 35
2026/10/08 03:51:19.872, 7, 2032 MHz, 3996 MHz, 240.58 W, 34
2026/10/08 03:51:20.872, 0, 2032 MHz, 3996 MHz, 251.89 W, 45
2026/10/08 03:51:20.872, 1, 2032 MHz, 3996 MHz, 257.80 W, 48
2026/10/08 03:51:20.872, 2, 120 MHz, 3996 MHz, 186.05 W, 33
2026/10/08 03:51:20.872, 3, 120 MHz, 3996 MHz, 184.13 W, 33
2026/10/08 03:51:20.872, 4, 2032 MHz, 3996 MHz, 248.03 W, 42
2026/10/08 03:51:20.872, 5, 2032 MHz, 3996 MHz, 239.43 W, 40
2026/10/08 03:51:20.872, 6, 2032 MHz, 3996 MHz, 248.71 W, 35
2026/10/08 03:51:20.872, 7, 2032 MHz, 3996 MHz, 240.58 W, 34
2026/10/08 03:51:21.872, 0, 2032 MHz, 3996 MHz, 250.11 W, 45
2026/10/08 03:51:21.872, 1, 2032 MHz, 3996 MHz, 257.57 W, 47
2026/10/08 03:51:21.872, 2, 120 MHz, 3996 MHz, 186.05 W, 33
2026/10/08 03:51:21.872, 3, 120 MHz, 3996 MHz, 184.21 W, 33
2026/10/08 03:51:21.872, 4, 2032 MHz, 3996 MHz, 248.06 W, 42
2026/10/08 03:51:21.872, 5, 2032 MHz, 3996 MHz, 239.55 W, 40
2026/10/08 03:51:21.872, 6, 2032 MHz, 3996 MHz, 248.66 W, 35
2026/10/08 03:51:21.872, 7, 2032 MHz, 3996 MHz, 240.47 W, 34
2026/10/08 03:51:22.872, 0, 427 MHz, 3996 MHz, 240.25 W, 44
2026/10/08 03:51:22.872, 1, 307 MHz, 3996 MHz, 204.67 W, 46
2026/10/08 03:51:22.872, 2, 120 MHz, 3996 MHz, 186.05 W, 33
2026/10/08 03:51:22.872, 3, 120 MHz, 3996 MHz, 184.13 W, 33
2026/10/08 03:51:22.872, 4, 2032 MHz, 3996 MHz, 248.10 W, 42
2026/10/08 03:51:22.872, 5, 2032 MHz, 3996 MHz, 239.46 W, 40
2026/10/08 03:51:22.872, 6, 2032 MHz, 3996 MHz, 248.71 W, 35
2026/10/08 03:51:22.872, 7, 2032 MHz, 3996 MHz, 240.23 W, 33
2026/10/08 03:51:23.873, 0, 270 MHz, 3996 MHz, 192.82 W, 43
2026/10/08 03:51:23.873, 1, 180 MHz, 3996 MHz, 194.04 W, 46
2026/10/08 03:51:23.873, 2, 120 MHz, 3996 MHz, 186.05 W, 32
2026/10/08 03:51:23.873, 3, 120 MHz, 3996 MHz, 184.13 W, 32
2026/10/08 03:51:23.873, 4, 2032 MHz, 3996 MHz, 248.02 W, 42
2026/10/08 03:51:23.873, 5, 2032 MHz, 3996 MHz, 239.37 W, 40
2026/10/08 03:51:23.873, 6, 2032 MHz, 3996 MHz, 248.71 W, 35
2026/10/08 03:51:23.873, 7, 2032 MHz, 3996 MHz, 239.90 W, 33
2026/10/08 03:51:24.873, 0, 172 MHz, 3996 MHz, 191.58 W, 43
2026/10/08 03:51:24.873, 1, 120 MHz, 3996 MHz, 194.01 W, 45
2026/10/08 03:51:24.873, 2, 120 MHz, 3996 MHz, 186.05 W, 32
2026/10/08 03:51:24.873, 3, 120 MHz, 3996 MHz, 184.09 W, 32
2026/10/08 03:51:24.873, 4, 2032 MHz, 3996 MHz, 248.10 W, 42
2026/10/08 03:51:24.873, 5, 2032 MHz, 3996 MHz, 240.02 W, 40
2026/10/08 03:51:24.873, 6, 2032 MHz, 3996 MHz, 248.81 W, 35
2026/10/08 03:51:24.873, 7, 2032 MHz, 3996 MHz, 239.97 W, 33
2026/10/08 03:51:25.873, 0, 120 MHz, 3996 MHz, 190.74 W, 43
2026/10/08 03:51:25.873, 1, 120 MHz, 3996 MHz, 194.01 W, 45
2026/10/08 03:51:25.873, 2, 120 MHz, 3996 MHz, 186.05 W, 32
2026/10/08 03:51:25.873, 3, 120 MHz, 3996 MHz, 184.09 W, 32
2026/10/08 03:51:25.873, 4, 2032 MHz, 3996 MHz, 247.95 W, 42
2026/10/08 03:51:25.873, 5, 2032 MHz, 3996 MHz, 239.21 W, 40
2026/10/08 03:51:25.873, 6, 2032 MHz, 3996 MHz, 268.43 W, 35
2026/10/08 03:51:25.873, 7, 2032 MHz, 3996 MHz, 239.90 W, 33
2026/10/08 03:51:26.873, 0, 120 MHz, 3996 MHz, 190.33 W, 43
2026/10/08 03:51:26.873, 1, 120 MHz, 3996 MHz, 193.90 W, 45
2026/10/08 03:51:26.873, 2, 120 MHz, 3996 MHz, 186.05 W, 32
2026/10/08 03:51:26.873, 3, 120 MHz, 3996 MHz, 184.13 W, 32
2026/10/08 03:51:26.873, 4, 2032 MHz, 3996 MHz, 248.07 W, 42
2026/10/08 03:51:26.873, 5, 2032 MHz, 3996 MHz, 239.56 W, 40
2026/10/08 03:51:26.873, 6, 2032 MHz, 3996 MHz, 322.25 W, 35
2026/10/08 03:51:26.873, 7, 2032 MHz, 3996 MHz, 248.95 W, 33
2026/10/08 03:51:27.874, 0, 120 MHz, 3996 MHz, 190.33 W, 42
2026/10/08 03:51:27.874, 1, 120 MHz, 3996 MHz, 192.79 W, 45
2026/10/08 03:51:27.874, 2, 120 MHz, 3996 MHz, 186.05 W, 32
2026/10/08 03:51:27.874, 3, 120 MHz, 3996 MHz, 184.09 W, 32
2026/10/08 03:51:27.874, 4, 2032 MHz, 3996 MHz, 248.22 W, 42
2026/10/08 03:51:27.874, 5, 2032 MHz, 3996 MHz, 239.62 W, 40
2026/10/08 03:51:27.874, 6, 2032 MHz, 3996 MHz, 285.58 W, 35
2026/10/08 03:51:27.874, 7, 2032 MHz, 3996 MHz, 240.26 W, 33
2026/10/08 03:51:28.874, 0, 120 MHz, 3996 MHz, 190.29 W, 42
2026/10/08 03:51:28.874, 1, 120 MHz, 3996 MHz, 192.11 W, 44
2026/10/08 03:51:28.874, 2, 120 MHz, 3996 MHz, 186.05 W, 32
2026/10/08 03:51:28.874, 3, 120 MHz, 3996 MHz, 184.11 W, 32
2026/10/08 03:51:28.874, 4, 2032 MHz, 3996 MHz, 247.95 W, 42
2026/10/08 03:51:28.874, 5, 2032 MHz, 3996 MHz, 239.41 W, 40
2026/10/08 03:51:28.874, 6, 2032 MHz, 3996 MHz, 292.17 W, 35
2026/10/08 03:51:28.874, 7, 2032 MHz, 3996 MHz, 239.85 W, 33
2026/10/08 03:51:29.874, 0, 120 MHz, 3996 MHz, 190.29 W, 42
2026/10/08 03:51:29.874, 1, 120 MHz, 3996 MHz, 192.11 W, 44
2026/10/08 03:51:29.874, 2, 120 MHz, 3996 MHz, 186.05 W, 32
2026/10/08 03:51:29.874, 3, 120 MHz, 3996 MHz, 184.10 W, 32
2026/10/08 03:51:29.875, 4, 2032 MHz, 3996 MHz, 248.29 W, 42
2026/10/08 03:51:29.875, 5, 2032 MHz, 3996 MHz, 238.85 W, 40
2026/10/08 03:51:29.875, 6, 2032 MHz, 3996 MHz, 293.89 W, 35
2026/10/08 03:51:29.875, 7, 2032 MHz, 3996 MHz, 239.45 W, 33
2026/10/08 03:51:30.875, 0, 120 MHz, 3996 MHz, 190.29 W, 42
2026/10/08 03:51:30.875, 1, 120 MHz, 3996 MHz, 192.11 W, 44
2026/10/08 03:51:30.875, 2, 120 MHz, 3996 MHz, 186.05 W, 32
2026/10/08 03:51:30.875, 3, 120 MHz, 3996 MHz, 184.10 W, 32
2026/10/08 03:51:30.875, 4, 2032 MHz, 3996 MHz, 279.27 W, 43
2026/10/08 03:51:30.875, 5, 2032 MHz, 3996 MHz, 239.43 W, 40
2026/10/08 03:51:30.875, 6, 2032 MHz, 3996 MHz, 258.39 W, 35
2026/10/08 03:51:30.875, 7, 2032 MHz, 3996 MHz, 239.06 W, 33
2026/10/08 03:51:31.875, 0, 120 MHz, 3996 MHz, 190.29 W, 41
2026/10/08 03:51:31.875, 1, 120 MHz, 3996 MHz, 192.11 W, 44
2026/10/08 03:51:31.875, 2, 120 MHz, 3996 MHz, 186.05 W, 32
2026/10/08 03:51:31.875, 3, 120 MHz, 3996 MHz, 184.13 W, 32
2026/10/08 03:51:31.875, 4, 2032 MHz, 3996 MHz, 293.91 W, 42
2026/10/08 03:51:31.875, 5, 2032 MHz, 3996 MHz, 239.65 W, 40
2026/10/08 03:51:31.875, 6, 2032 MHz, 3996 MHz, 260.32 W, 34
2026/10/08 03:51:31.875, 7, 2032 MHz, 3996 MHz, 239.17 W, 33
2026/10/08 03:51:32.875, 0, 120 MHz, 3996 MHz, 188.66 W, 41
2026/10/08 03:51:32.875, 1, 120 MHz, 3996 MHz, 191.91 W, 43
2026/10/08 03:51:32.875, 2, 120 MHz, 3996 MHz, 185.85 W, 32
2026/10/08 03:51:32.875, 3, 120 MHz, 3996 MHz, 184.09 W, 32
2026/10/08 03:51:32.875, 4, 2032 MHz, 3996 MHz, 306.85 W, 43
2026/10/08 03:51:32.875, 5, 2032 MHz, 3996 MHz, 238.98 W, 40
2026/10/08 03:51:32.875, 6, 2032 MHz, 3996 MHz, 260.33 W, 34
2026/10/08 03:51:32.875, 7, 2032 MHz, 3996 MHz, 238.86 W, 33
2026/10/08 03:51:33.876, 0, 120 MHz, 3996 MHz, 188.39 W, 41
2026/10/08 03:51:33.876, 1, 120 MHz, 3996 MHz, 192.11 W, 43
2026/10/08 03:51:33.876, 2, 2032 MHz, 3996 MHz, 214.36 W, 33
2026/10/08 03:51:33.876, 3, 120 MHz, 3996 MHz, 184.03 W, 32
2026/10/08 03:51:33.876, 4, 2032 MHz, 3996 MHz, 290.04 W, 43
2026/10/08 03:51:33.876, 5, 2032 MHz, 3996 MHz, 238.92 W, 39
2026/10/08 03:51:33.876, 6, 2032 MHz, 3996 MHz, 257.59 W, 34
2026/10/08 03:51:33.876, 7, 2032 MHz, 3996 MHz, 238.69 W, 33
2026/10/08 03:51:34.876, 0, 120 MHz, 3996 MHz, 188.35 W, 41
2026/10/08 03:51:34.876, 1, 120 MHz, 3996 MHz, 192.11 W, 43
2026/10/08 03:51:34.876, 2, 2032 MHz, 3996 MHz, 236.73 W, 33
2026/10/08 03:51:34.876, 3, 120 MHz, 3996 MHz, 183.97 W, 32
2026/10/08 03:51:34.876, 4, 2032 MHz, 3996 MHz, 287.89 W, 42
2026/10/08 03:51:34.876, 5, 2032 MHz, 3996 MHz, 238.89 W, 39
2026/10/08 03:51:34.876, 6, 2032 MHz, 3996 MHz, 248.71 W, 34
2026/10/08 03:51:34.876, 7, 2032 MHz, 3996 MHz, 238.68 W, 33
2026/10/08 03:51:35.876, 0, 120 MHz, 3996 MHz, 188.35 W, 41
2026/10/08 03:51:35.876, 1, 120 MHz, 3996 MHz, 192.11 W, 43
2026/10/08 03:51:35.876, 2, 2032 MHz, 3996 MHz, 237.70 W, 33
2026/10/08 03:51:35.876, 3, 120 MHz, 3996 MHz, 183.93 W, 32
2026/10/08 03:51:35.876, 4, 2032 MHz, 3996 MHz, 260.65 W, 42
2026/10/08 03:51:35.876, 5, 2032 MHz, 3996 MHz, 239.13 W, 39
2026/10/08 03:51:35.876, 6, 2032 MHz, 3996 MHz, 248.70 W, 34
2026/10/08 03:51:35.876, 7, 2032 MHz, 3996 MHz, 238.68 W, 33
2026/10/08 03:51:36.876, 0, 120 MHz, 3996 MHz, 188.35 W, 41
2026/10/08 03:51:36.877, 1, 120 MHz, 3996 MHz, 192.07 W, 43
2026/10/08 03:51:36.877, 2, 2032 MHz, 3996 MHz, 238.19 W, 33
2026/10/08 03:51:36.877, 3, 120 MHz, 3996 MHz, 183.97 W, 32
2026/10/08 03:51:36.877, 4, 2032 MHz, 3996 MHz, 263.99 W, 42
2026/10/08 03:51:36.877, 5, 2032 MHz, 3996 MHz, 239.30 W, 39
2026/10/08 03:51:36.877, 6, 2032 MHz, 3996 MHz, 248.65 W, 34
2026/10/08 03:51:36.877, 7, 2032 MHz, 3996 MHz, 238.68 W, 33
2026/10/08 03:51:37.877, 0, 120 MHz, 3996 MHz, 188.35 W, 40
2026/10/08 03:51:37.877, 1, 120 MHz, 3996 MHz, 191.95 W, 43
2026/10/08 03:51:37.877, 2, 2032 MHz, 3996 MHz, 255.46 W, 33
2026/10/08 03:51:37.877, 3, 120 MHz, 3996 MHz, 183.95 W, 32
2026/10/08 03:51:37.877, 4, 2032 MHz, 3996 MHz, 258.00 W, 42
2026/10/08 03:51:37.877, 5, 2032 MHz, 3996 MHz, 257.73 W, 40
2026/10/08 03:51:37.877, 6, 2032 MHz, 3996 MHz, 248.66 W, 34
2026/10/08 03:51:37.877, 7, 2032 MHz, 3996 MHz, 238.79 W, 33
2026/10/08 03:51:38.877, 0, 120 MHz, 3996 MHz, 188.35 W, 40
2026/10/08 03:51:38.877, 1, 120 MHz, 3996 MHz, 191.64 W, 42
2026/10/08 03:51:38.877, 2, 2032 MHz, 3996 MHz, 237.09 W, 33
2026/10/08 03:51:38.877, 3, 120 MHz, 3996 MHz, 183.95 W, 32
2026/10/08 03:51:38.877, 4, 2032 MHz, 3996 MHz, 248.10 W, 42
2026/10/08 03:51:38.877, 5, 2032 MHz, 3996 MHz, 272.08 W, 41
2026/10/08 03:51:38.877, 6, 2032 MHz, 3996 MHz, 248.66 W, 34
2026/10/08 03:51:38.877, 7, 2032 MHz, 3996 MHz, 238.68 W, 32
2026/10/08 03:51:39.877, 0, 120 MHz, 3996 MHz, 188.35 W, 40
2026/10/08 03:51:39.877, 1, 120 MHz, 3996 MHz, 191.12 W, 42
2026/10/08 03:51:39.877, 2, 2032 MHz, 3996 MHz, 255.84 W, 33
2026/10/08 03:51:39.877, 3, 120 MHz, 3996 MHz, 183.93 W, 31
2026/10/08 03:51:39.877, 4, 2032 MHz, 3996 MHz, 247.96 W, 41
2026/10/08 03:51:39.877, 5, 2032 MHz, 3996 MHz, 313.01 W, 41
2026/10/08 03:51:39.878, 6, 2032 MHz, 3996 MHz, 248.69 W, 34
2026/10/08 03:51:39.878, 7, 2032 MHz, 3996 MHz, 238.68 W, 32
2026/10/08 03:51:40.878, 0, 120 MHz, 3996 MHz, 188.35 W, 40
2026/10/08 03:51:40.878, 1, 120 MHz, 3996 MHz, 191.23 W, 42
2026/10/08 03:51:40.878, 2, 2032 MHz, 3996 MHz, 361.59 W, 34
2026/10/08 03:51:40.878, 3, 120 MHz, 3996 MHz, 183.71 W, 31
2026/10/08 03:51:40.878, 4, 2032 MHz, 3996 MHz, 248.06 W, 41
2026/10/08 03:51:40.878, 5, 2032 MHz, 3996 MHz, 285.61 W, 40
2026/10/08 03:51:40.878, 6, 2032 MHz, 3996 MHz, 248.70 W, 34
2026/10/08 03:51:40.878, 7, 2032 MHz, 3996 MHz, 238.68 W, 32
2026/10/08 03:51:41.878, 0, 120 MHz, 3996 MHz, 188.35 W, 40
2026/10/08 03:51:41.878, 1, 120 MHz, 3996 MHz, 190.67 W, 42
2026/10/08 03:51:41.878, 2, 2032 MHz, 3996 MHz, 306.32 W, 33
2026/10/08 03:51:41.878, 3, 120 MHz, 3996 MHz, 183.81 W, 31
2026/10/08 03:51:41.878, 4, 2032 MHz, 3996 MHz, 248.10 W, 41
2026/10/08 03:51:41.878, 5, 2032 MHz, 3996 MHz, 276.04 W, 40
2026/10/08 03:51:41.878, 6, 2032 MHz, 3996 MHz, 248.68 W, 34
2026/10/08 03:51:41.878, 7, 2032 MHz, 3996 MHz, 238.68 W, 32
2026/10/08 03:51:42.878, 0, 120 MHz, 3996 MHz, 188.35 W, 40
2026/10/08 03:51:42.878, 1, 120 MHz, 3996 MHz, 191.00 W, 42
2026/10/08 03:51:42.878, 2, 2032 MHz, 3996 MHz, 267.78 W, 33
2026/10/08 03:51:42.878, 3, 2032 MHz, 3996 MHz, 225.51 W, 32
2026/10/08 03:51:42.878, 4, 2032 MHz, 3996 MHz, 248.18 W, 41
2026/10/08 03:51:42.878, 5, 2032 MHz, 3996 MHz, 251.92 W, 40
2026/10/08 03:51:42.878, 6, 2032 MHz, 3996 MHz, 252.60 W, 34
2026/10/08 03:51:42.878, 7, 2032 MHz, 3996 MHz, 238.67 W, 32
2026/10/08 03:51:43.878, 0, 120 MHz, 3996 MHz, 188.35 W, 39
2026/10/08 03:51:43.878, 1, 120 MHz, 3996 MHz, 191.02 W, 42
2026/10/08 03:51:43.878, 2, 2032 MHz, 3996 MHz, 249.63 W, 33
2026/10/08 03:51:43.878, 3, 2032 MHz, 3996 MHz, 236.62 W, 32
2026/10/08 03:51:43.878, 4, 2032 MHz, 3996 MHz, 248.17 W, 41
2026/10/08 03:51:43.878, 5, 2032 MHz, 3996 MHz, 255.12 W, 40
2026/10/08 03:51:43.878, 6, 2032 MHz, 3996 MHz, 248.65 W, 34
2026/10/08 03:51:43.878, 7, 2032 MHz, 3996 MHz, 238.68 W, 32
2026/10/08 03:51:44.878, 0, 120 MHz, 3996 MHz, 188.35 W, 39
2026/10/08 03:51:44.879, 1, 120 MHz, 3996 MHz, 190.66 W, 42
2026/10/08 03:51:44.879, 2, 2032 MHz, 3996 MHz, 243.78 W, 33
2026/10/08 03:51:44.879, 3, 2032 MHz, 3996 MHz, 236.76 W, 32
2026/10/08 03:51:44.879, 4, 2032 MHz, 3996 MHz, 248.18 W, 41
2026/10/08 03:51:44.879, 5, 2032 MHz, 3996 MHz, 249.57 W, 40
2026/10/08 03:51:44.879, 6, 2032 MHz, 3996 MHz, 252.43 W, 34
2026/10/08 03:51:44.879, 7, 2032 MHz, 3996 MHz, 238.66 W, 32
2026/10/08 03:51:45.879, 0, 120 MHz, 3996 MHz, 188.35 W, 39
2026/10/08 03:51:45.879, 1, 120 MHz, 3996 MHz, 190.59 W, 41
2026/10/08 03:51:45.879, 2, 2032 MHz, 3996 MHz, 236.77 W, 33
2026/10/08 03:51:45.879, 3, 2032 MHz, 3996 MHz, 237.79 W, 32
2026/10/08 03:51:45.879, 4, 2032 MHz, 3996 MHz, 248.22 W, 41
2026/10/08 03:51:45.879, 5, 2032 MHz, 3996 MHz, 240.28 W, 39
2026/10/08 03:51:45.879, 6, 2032 MHz, 3996 MHz, 251.66 W, 34
2026/10/08 03:51:45.879, 7, 2032 MHz, 3996 MHz, 238.67 W, 32
2026/10/08 03:51:46.879, 0, 120 MHz, 3996 MHz, 188.35 W, 39
2026/10/08 03:51:46.879, 1, 120 MHz, 3996 MHz, 190.40 W, 41
2026/10/08 03:51:46.879, 2, 2032 MHz, 3996 MHz, 236.93 W, 33
2026/10/08 03:51:46.879, 3, 2032 MHz, 3996 MHz, 238.07 W, 32
2026/10/08 03:51:46.879, 4, 2032 MHz, 3996 MHz, 249.07 W, 41
2026/10/08 03:51:46.879, 5, 2032 MHz, 3996 MHz, 239.93 W, 39
2026/10/08 03:51:46.879, 6, 2032 MHz, 3996 MHz, 248.66 W, 34
2026/10/08 03:51:46.879, 7, 2032 MHz, 3996 MHz, 238.68 W, 32
2026/10/08 03:51:47.879, 0, 120 MHz, 3996 MHz, 188.35 W, 39
2026/10/08 03:51:47.879, 1, 120 MHz, 3996 MHz, 190.32 W, 41
2026/10/08 03:51:47.879, 2, 2032 MHz, 3996 MHz, 245.86 W, 33
2026/10/08 03:51:47.879, 3, 2032 MHz, 3996 MHz, 242.11 W, 32
2026/10/08 03:51:47.879, 4, 2032 MHz, 3996 MHz, 251.32 W, 41
2026/10/08 03:51:47.879, 5, 2032 MHz, 3996 MHz, 240.26 W, 39
2026/10/08 03:51:47.879, 6, 2032 MHz, 3996 MHz, 248.63 W, 34
2026/10/08 03:51:47.879, 7, 2032 MHz, 3996 MHz, 238.68 W, 32
2026/10/08 03:51:48.879, 0, 120 MHz, 3996 MHz, 188.35 W, 39
2026/10/08 03:51:48.879, 1, 120 MHz, 3996 MHz, 190.17 W, 41
2026/10/08 03:51:48.879, 2, 2032 MHz, 3996 MHz, 236.70 W, 33
2026/10/08 03:51:48.879, 3, 2032 MHz, 3996 MHz, 254.97 W, 32
2026/10/08 03:51:48.880, 4, 2032 MHz, 3996 MHz, 249.26 W, 41
2026/10/08 03:51:48.880, 5, 2032 MHz, 3996 MHz, 240.22 W, 39
2026/10/08 03:51:48.880, 6, 2032 MHz, 3996 MHz, 248.67 W, 33
2026/10/08 03:51:48.880, 7, 2032 MHz, 3996 MHz, 238.79 W, 32
2026/10/08 03:51:49.880, 0, 120 MHz, 3996 MHz, 188.35 W, 39
2026/10/08 03:51:49.880, 1, 120 MHz, 3996 MHz, 190.17 W, 41
2026/10/08 03:51:49.880, 2, 2032 MHz, 3996 MHz, 236.70 W, 32
2026/10/08 03:51:49.880, 3, 2032 MHz, 3996 MHz, 251.96 W, 32
2026/10/08 03:51:49.880, 4, 2032 MHz, 3996 MHz, 253.55 W, 41
2026/10/08 03:51:49.880, 5, 2032 MHz, 3996 MHz, 240.21 W, 39
2026/10/08 03:51:49.880, 6, 2032 MHz, 3996 MHz, 248.69 W, 33
2026/10/08 03:51:49.880, 7, 2032 MHz, 3996 MHz, 238.49 W, 32
2026/10/08 03:51:50.880, 0, 120 MHz, 3996 MHz, 188.35 W, 39
2026/10/08 03:51:50.880, 1, 120 MHz, 3996 MHz, 190.17 W, 41
2026/10/08 03:51:50.880, 2, 2032 MHz, 3996 MHz, 236.66 W, 32
2026/10/08 03:51:50.880, 3, 2032 MHz, 3996 MHz, 236.96 W, 32
2026/10/08 03:51:50.880, 4, 2032 MHz, 3996 MHz, 248.22 W, 41
2026/10/08 03:51:50.880, 5, 2032 MHz, 3996 MHz, 240.19 W, 39
2026/10/08 03:51:50.880, 6, 2032 MHz, 3996 MHz, 248.67 W, 33
2026/10/08 03:51:50.880, 7, 2032 MHz, 3996 MHz, 238.49 W, 32
2026/10/08 03:51:51.880, 0, 120 MHz, 3996 MHz, 188.27 W, 38
2026/10/08 03:51:51.880, 1, 120 MHz, 3996 MHz, 190.17 W, 41
2026/10/08 03:51:51.880, 2, 2032 MHz, 3996 MHz, 236.54 W, 32
2026/10/08 03:51:51.880, 3, 2032 MHz, 3996 MHz, 290.12 W, 34
2026/10/08 03:51:51.880, 4, 2032 MHz, 3996 MHz, 248.22 W, 41
2026/10/08 03:51:51.880, 5, 2032 MHz, 3996 MHz, 240.17 W, 39
2026/10/08 03:51:51.880, 6, 2032 MHz, 3996 MHz, 248.69 W, 33
2026/10/08 03:51:51.880, 7, 2032 MHz, 3996 MHz, 266.12 W, 32
2026/10/08 03:51:52.880, 0, 120 MHz, 3996 MHz, 188.27 W, 38
2026/10/08 03:51:52.881, 1, 120 MHz, 3996 MHz, 190.17 W, 41
2026/10/08 03:51:52.881, 2, 2032 MHz, 3996 MHz, 236.51 W, 32
2026/10/08 03:51:52.881, 3, 2032 MHz, 3996 MHz, 305.98 W, 33
2026/10/08 03:51:52.881, 4, 2032 MHz, 3996 MHz, 248.22 W, 41
2026/10/08 03:51:52.881, 5, 2032 MHz, 3996 MHz, 240.06 W, 39
2026/10/08 03:51:52.881, 6, 2032 MHz, 3996 MHz, 248.65 W, 33
2026/10/08 03:51:52.881, 7, 2032 MHz, 3996 MHz, 240.92 W, 32
2026/10/08 03:51:53.881, 0, 120 MHz, 3996 MHz, 188.12 W, 38
2026/10/08 03:51:53.881, 1, 120 MHz, 3996 MHz, 190.17 W, 40
2026/10/08 03:51:53.881, 2, 2032 MHz, 3996 MHz, 236.43 W, 32
2026/10/08 03:51:53.881, 3, 2032 MHz, 3996 MHz, 292.92 W, 33
2026/10/08 03:51:53.881, 4, 2032 MHz, 3996 MHz, 248.21 W, 41
2026/10/08 03:51:53.881, 5, 2032 MHz, 3996 MHz, 240.31 W, 39
2026/10/08 03:51:53.881, 6, 2032 MHz, 3996 MHz, 248.67 W, 33
2026/10/08 03:51:53.881, 7, 2032 MHz, 3996 MHz, 238.41 W, 32
2026/10/08 03:51:54.881, 0, 120 MHz, 3996 MHz, 187.97 W, 38
2026/10/08 03:51:54.881, 1, 120 MHz, 3996 MHz, 190.17 W, 40
2026/10/08 03:51:54.881, 2, 2032 MHz, 3996 MHz, 236.56 W, 32
2026/10/08 03:51:54.881, 3, 2032 MHz, 3996 MHz, 268.25 W, 33
2026/10/08 03:51:54.881, 4, 2032 MHz, 3996 MHz, 248.21 W, 41
2026/10/08 03:51:54.881, 5, 2032 MHz, 3996 MHz, 243.52 W, 39
2026/10/08 03:51:54.881, 6, 2032 MHz, 3996 MHz, 248.63 W, 33
2026/10/08 03:51:54.881, 7, 2032 MHz, 3996 MHz, 238.21 W, 32
2026/10/08 03:51:55.882, 0, 120 MHz, 3996 MHz, 187.74 W, 38
2026/10/08 03:51:55.882, 1, 120 MHz, 3996 MHz, 190.17 W, 40
2026/10/08 03:51:55.882, 2, 2032 MHz, 3996 MHz, 236.61 W, 32
2026/10/08 03:51:55.882, 3, 2032 MHz, 3996 MHz, 249.61 W, 32
2026/10/08 03:51:55.882, 4, 2032 MHz, 3996 MHz, 248.22 W, 41
2026/10/08 03:51:55.882, 5, 2032 MHz, 3996 MHz, 240.09 W, 39
2026/10/08 03:51:55.882, 6, 2032 MHz, 3996 MHz, 251.79 W, 33
2026/10/08 03:51:55.882, 7, 2032 MHz, 3996 MHz, 237.60 W, 32
2026/10/08 03:51:56.882, 0, 120 MHz, 3996 MHz, 187.51 W, 38
2026/10/08 03:51:56.882, 1, 120 MHz, 3996 MHz, 190.17 W, 40
2026/10/08 03:51:56.882, 2, 2032 MHz, 3996 MHz, 476.40 W, 36
2026/10/08 03:51:56.882, 3, 2032 MHz, 3996 MHz, 255.00 W, 32
2026/10/08 03:51:56.882, 4, 2032 MHz, 3996 MHz, 248.21 W, 41
2026/10/08 03:51:56.882, 5, 2032 MHz, 3996 MHz, 244.62 W, 39
2026/10/08 03:51:56.882, 6, 2032 MHz, 3996 MHz, 247.92 W, 33
2026/10/08 03:51:56.882, 7, 2032 MHz, 3996 MHz, 237.50 W, 32
2026/10/08 03:51:57.882, 0, 120 MHz, 3996 MHz, 187.02 W, 38
2026/10/08 03:51:57.882, 1, 120 MHz, 3996 MHz, 190.17 W, 40
2026/10/08 03:51:57.882, 2, 2032 MHz, 3996 MHz, 519.90 W, 36
2026/10/08 03:51:57.882, 3, 2032 MHz, 3996 MHz, 247.91 W, 32
2026/10/08 03:51:57.882, 4, 2032 MHz, 3996 MHz, 248.21 W, 41
2026/10/08 03:51:57.882, 5, 2032 MHz, 3996 MHz, 241.36 W, 39
2026/10/08 03:51:57.882, 6, 2032 MHz, 3996 MHz, 247.24 W, 33
2026/10/08 03:51:57.882, 7, 2032 MHz, 3996 MHz, 238.05 W, 32
2026/10/08 03:51:58.882, 0, 120 MHz, 3996 MHz, 187.02 W, 38
2026/10/08 03:51:58.882, 1, 120 MHz, 3996 MHz, 190.17 W, 40
2026/10/08 03:51:58.882, 2, 2032 MHz, 3996 MHz, 515.46 W, 37
2026/10/08 03:51:58.882, 3, 2032 MHz, 3996 MHz, 241.90 W, 32
2026/10/08 03:51:58.882, 4, 2032 MHz, 3996 MHz, 248.22 W, 41
2026/10/08 03:51:58.882, 5, 2032 MHz, 3996 MHz, 239.79 W, 39
2026/10/08 03:51:58.882, 6, 2032 MHz, 3996 MHz, 247.56 W, 33
2026/10/08 03:51:58.883, 7, 2032 MHz, 3996 MHz, 238.52 W, 31
2026/10/08 03:51:59.883, 0, 120 MHz, 3996 MHz, 186.68 W, 38
2026/10/08 03:51:59.883, 1, 120 MHz, 3996 MHz, 190.17 W, 40
2026/10/08 03:51:59.883, 2, 2032 MHz, 3996 MHz, 515.29 W, 37
2026/10/08 03:51:59.883, 3, 2032 MHz, 3996 MHz, 238.70 W, 32
2026/10/08 03:51:59.883, 4, 2032 MHz, 3996 MHz, 251.88 W, 41
2026/10/08 03:51:59.883, 5, 2032 MHz, 3996 MHz, 240.01 W, 39
2026/10/08 03:51:59.883, 6, 2032 MHz, 3996 MHz, 247.90 W, 33
2026/10/08 03:51:59.883, 7, 2032 MHz, 3996 MHz, 237.90 W, 31
2026/10/08 03:52:00.883, 0, 120 MHz, 3996 MHz, 186.76 W, 37
2026/10/08 03:52:00.883, 1, 120 MHz, 3996 MHz, 190.17 W, 40
2026/10/08 03:52:00.883, 2, 2032 MHz, 3996 MHz, 512.50 W, 37
2026/10/08 03:52:00.883, 3, 2032 MHz, 3996 MHz, 237.01 W, 32
2026/10/08 03:52:00.883, 4, 2032 MHz, 3996 MHz, 246.39 W, 41
2026/10/08 03:52:00.883, 5, 2032 MHz, 3996 MHz, 239.58 W, 39
2026/10/08 03:52:00.883, 6, 2032 MHz, 3996 MHz, 248.82 W, 33
2026/10/08 03:52:00.883, 7, 1372 MHz, 3996 MHz, 386.36 W, 43
2026/10/08 03:52:01.883, 0, 120 MHz, 3996 MHz, 186.75 W, 37
2026/10/08 03:52:01.883, 1, 120 MHz, 3996 MHz, 190.17 W, 40
2026/10/08 03:52:01.883, 2, 2032 MHz, 3996 MHz, 495.68 W, 37
2026/10/08 03:52:01.883, 3, 2032 MHz, 3996 MHz, 236.90 W, 32
2026/10/08 03:52:01.883, 4, 2032 MHz, 3996 MHz, 246.39 W, 41
2026/10/08 03:52:01.883, 5, 2032 MHz, 3996 MHz, 239.67 W, 39
2026/10/08 03:52:01.883, 6, 2032 MHz, 3996 MHz, 248.47 W, 33
2026/10/08 03:52:01.883, 7, 2032 MHz, 3996 MHz, 610.47 W, 35
2026/10/08 03:52:02.883, 0, 120 MHz, 3996 MHz, 186.45 W, 37
2026/10/08 03:52:02.883, 1, 120 MHz, 3996 MHz, 190.17 W, 40
2026/10/08 03:52:02.883, 2, 2032 MHz, 3996 MHz, 535.99 W, 38
2026/10/08 03:52:02.883, 3, 2032 MHz, 3996 MHz, 237.16 W, 32
2026/10/08 03:52:02.884, 4, 2032 MHz, 3996 MHz, 246.32 W, 41
2026/10/08 03:52:02.884, 5, 2032 MHz, 3996 MHz, 239.95 W, 39
2026/10/08 03:52:02.884, 6, 2032 MHz, 3996 MHz, 248.70 W, 33
2026/10/08 03:52:02.884, 7, 2032 MHz, 3996 MHz, 239.18 W, 32
2026/10/08 03:52:03.884, 0, 120 MHz, 3996 MHz, 186.45 W, 37
2026/10/08 03:52:03.884, 1, 120 MHz, 3996 MHz, 190.13 W, 40
2026/10/08 03:52:03.884, 2, 2032 MHz, 3996 MHz, 524.87 W, 38
2026/10/08 03:52:03.884, 3, 2032 MHz, 3996 MHz, 246.43 W, 32
2026/10/08 03:52:03.884, 4, 2032 MHz, 3996 MHz, 246.39 W, 41
2026/10/08 03:52:03.884, 5, 2032 MHz, 3996 MHz, 239.72 W, 39
2026/10/08 03:52:03.884, 6, 2032 MHz, 3996 MHz, 248.23 W, 33
2026/10/08 03:52:03.884, 7, 1357 MHz, 3996 MHz, 783.75 W, 47
2026/10/08 03:52:04.884, 0, 120 MHz, 3996 MHz, 186.41 W, 37
2026/10/08 03:52:04.884, 1, 120 MHz, 3996 MHz, 190.05 W, 40
2026/10/08 03:52:04.884, 2, 2032 MHz, 3996 MHz, 557.06 W, 38
2026/10/08 03:52:04.884, 3, 2032 MHz, 3996 MHz, 236.99 W, 32
2026/10/08 03:52:04.884, 4, 2032 MHz, 3996 MHz, 247.68 W, 41
2026/10/08 03:52:04.884, 5, 2032 MHz, 3996 MHz, 239.76 W, 39
2026/10/08 03:52:04.884, 6, 2032 MHz, 3996 MHz, 247.80 W, 33
2026/10/08 03:52:04.884, 7, 1320 MHz, 3996 MHz, 1086.01 W, 50
2026/10/08 03:52:05.884, 0, 120 MHz, 3996 MHz, 186.41 W, 37
2026/10/08 03:52:05.884, 1, 120 MHz, 3996 MHz, 190.01 W, 40
2026/10/08 03:52:05.884, 2, 2032 MHz, 3996 MHz, 531.01 W, 38
2026/10/08 03:52:05.884, 3, 2032 MHz, 3996 MHz, 236.69 W, 32
2026/10/08 03:52:05.885, 4, 2032 MHz, 3996 MHz, 248.10 W, 41
2026/10/08 03:52:05.885, 5, 2032 MHz, 3996 MHz, 239.41 W, 39
2026/10/08 03:52:05.885, 6, 2032 MHz, 3996 MHz, 247.61 W, 33
2026/10/08 03:52:05.885, 7, 1312 MHz, 3996 MHz, 1077.90 W, 51
2026/10/08 03:52:06.885, 0, 120 MHz, 3996 MHz, 186.41 W, 37
2026/10/08 03:52:06.885, 1, 120 MHz, 3996 MHz, 189.94 W, 39
2026/10/08 03:52:06.885, 2, 2032 MHz, 3996 MHz, 557.90 W, 39
2026/10/08 03:52:06.885, 3, 2032 MHz, 3996 MHz, 236.70 W, 32
2026/10/08 03:52:06.885, 4, 2032 MHz, 3996 MHz, 247.89 W, 41
2026/10/08 03:52:06.885, 5, 2032 MHz, 3996 MHz, 242.10 W, 39
2026/10/08 03:52:06.885, 6, 2032 MHz, 3996 MHz, 247.56 W, 33
2026/10/08 03:52:06.885, 7, 1320 MHz, 3996 MHz, 1083.46 W, 51
2026/10/08 03:52:07.885, 0, 120 MHz, 3996 MHz, 186.41 W, 37
2026/10/08 03:52:07.885, 1, 120 MHz, 3996 MHz, 189.86 W, 39
2026/10/08 03:52:07.885, 2, 2032 MHz, 3996 MHz, 568.60 W, 39
2026/10/08 03:52:07.885, 3, 2032 MHz, 3996 MHz, 236.69 W, 32
2026/10/08 03:52:07.885, 4, 2032 MHz, 3996 MHz, 247.72 W, 41
2026/10/08 03:52:07.885, 5, 2032 MHz, 3996 MHz, 238.59 W, 39
2026/10/08 03:52:07.885, 6, 2032 MHz, 3996 MHz, 247.58 W, 33
2026/10/08 03:52:07.885, 7, 1312 MHz, 3996 MHz, 1083.22 W, 52
2026/10/08 03:52:08.885, 0, 120 MHz, 3996 MHz, 186.41 W, 37
2026/10/08 03:52:08.885, 1, 120 MHz, 3996 MHz, 190.05 W, 39
2026/10/08 03:52:08.885, 2, 2032 MHz, 3996 MHz, 572.66 W, 39
2026/10/08 03:52:08.885, 3, 2032 MHz, 3996 MHz, 462.58 W, 34
2026/10/08 03:52:08.885, 4, 2032 MHz, 3996 MHz, 247.95 W, 41
2026/10/08 03:52:08.885, 5, 2032 MHz, 3996 MHz, 238.55 W, 39
2026/10/08 03:52:08.885, 6, 2032 MHz, 3996 MHz, 247.59 W, 33
2026/10/08 03:52:08.885, 7, 1320 MHz, 3996 MHz, 1082.70 W, 52
2026/10/08 03:52:09.886, 0, 120 MHz, 3996 MHz, 186.41 W, 37
2026/10/08 03:52:09.886, 1, 120 MHz, 3996 MHz, 189.63 W, 39
2026/10/08 03:52:09.886, 2, 2032 MHz, 3996 MHz, 564.80 W, 39
2026/10/08 03:52:09.886, 3, 2032 MHz, 3996 MHz, 465.80 W, 35
2026/10/08 03:52:09.886, 4, 2032 MHz, 3996 MHz, 247.75 W, 41
2026/10/08 03:52:09.886, 5, 2032 MHz, 3996 MHz, 238.55 W, 39
2026/10/08 03:52:09.886, 6, 2032 MHz, 3996 MHz, 247.55 W, 33
2026/10/08 03:52:09.886, 7, 1342 MHz, 3996 MHz, 1083.27 W, 52
2026/10/08 03:52:10.886, 0, 120 MHz, 3996 MHz, 186.41 W, 37
2026/10/08 03:52:10.886, 1, 120 MHz, 3996 MHz, 189.63 W, 39
2026/10/08 03:52:10.886, 2, 2032 MHz, 3996 MHz, 520.06 W, 38
2026/10/08 03:52:10.886, 3, 2032 MHz, 3996 MHz, 436.73 W, 35
2026/10/08 03:52:10.886, 4, 2032 MHz, 3996 MHz, 247.40 W, 41
2026/10/08 03:52:10.886, 5, 2032 MHz, 3996 MHz, 238.68 W, 39
2026/10/08 03:52:10.886, 6, 2032 MHz, 3996 MHz, 247.62 W, 33
2026/10/08 03:52:10.886, 7, 1312 MHz, 3996 MHz, 1082.81 W, 52
2026/10/08 03:52:11.886, 0, 120 MHz, 3996 MHz, 186.41 W, 37
2026/10/08 03:52:11.886, 1, 120 MHz, 3996 MHz, 189.75 W, 39
2026/10/08 03:52:11.886, 2, 2032 MHz, 3996 MHz, 535.17 W, 39
2026/10/08 03:52:11.886, 3, 2032 MHz, 3996 MHz, 465.43 W, 36
2026/10/08 03:52:11.886, 4, 2032 MHz, 3996 MHz, 247.53 W, 41
2026/10/08 03:52:11.886, 5, 2032 MHz, 3996 MHz, 239.61 W, 39
2026/10/08 03:52:11.886, 6, 2032 MHz, 3996 MHz, 247.55 W, 33
2026/10/08 03:52:11.886, 7, 1335 MHz, 3996 MHz, 1085.00 W, 53
2026/10/08 03:52:12.886, 0, 120 MHz, 3996 MHz, 186.41 W, 37
2026/10/08 03:52:12.886, 1, 120 MHz, 3996 MHz, 189.41 W, 39
2026/10/08 03:52:12.886, 2, 2032 MHz, 3996 MHz, 530.36 W, 39
2026/10/08 03:52:12.886, 3, 2032 MHz, 3996 MHz, 460.42 W, 36
2026/10/08 03:52:12.886, 4, 2032 MHz, 3996 MHz, 247.44 W, 41
2026/10/08 03:52:12.886, 5, 2032 MHz, 3996 MHz, 239.26 W, 39
2026/10/08 03:52:12.886, 6, 2032 MHz, 3996 MHz, 247.66 W, 33
2026/10/08 03:52:12.886, 7, 2032 MHz, 3996 MHz, 1049.31 W, 48
2026/10/08 03:52:13.887, 0, 120 MHz, 3996 MHz, 186.41 W, 37
2026/10/08 03:52:13.887, 1, 120 MHz, 3996 MHz, 189.51 W, 39
2026/10/08 03:52:13.887, 2, 2032 MHz, 3996 MHz, 527.68 W, 38
2026/10/08 03:52:13.887, 3, 2032 MHz, 3996 MHz, 483.52 W, 36
2026/10/08 03:52:13.887, 4, 2032 MHz, 3996 MHz, 247.84 W, 41
2026/10/08 03:52:13.887, 5, 2032 MHz, 3996 MHz, 239.40 W, 39
2026/10/08 03:52:13.887, 6, 2032 MHz, 3996 MHz, 247.62 W, 33
2026/10/08 03:52:13.887, 7, 2032 MHz, 3996 MHz, 1060.63 W, 48
2026/10/08 03:52:14.887, 0, 120 MHz, 3996 MHz, 186.41 W, 37
2026/10/08 03:52:14.887, 1, 120 MHz, 3996 MHz, 189.14 W, 39
2026/10/08 03:52:14.887, 2, 2032 MHz, 3996 MHz, 514.72 W, 39
2026/10/08 03:52:14.887, 3, 2032 MHz, 3996 MHz, 461.86 W, 37
2026/10/08 03:52:14.887, 4, 2032 MHz, 3996 MHz, 247.57 W, 41
2026/10/08 03:52:14.887, 5, 2032 MHz, 3996 MHz, 239.54 W, 39
2026/10/08 03:52:14.887, 6, 2032 MHz, 3996 MHz, 247.65 W, 33
2026/10/08 03:52:14.887, 7, 2032 MHz, 3996 MHz, 1062.25 W, 48
2026/10/08 03:52:15.887, 0, 120 MHz, 3996 MHz, 186.41 W, 36
2026/10/08 03:52:15.887, 1, 120 MHz, 3996 MHz, 189.52 W, 39
2026/10/08 03:52:15.887, 2, 2032 MHz, 3996 MHz, 532.45 W, 38
2026/10/08 03:52:15.887, 3, 2032 MHz, 3996 MHz, 443.08 W, 35
2026/10/08 03:52:15.887, 4, 2032 MHz, 3996 MHz, 247.83 W, 41
2026/10/08 03:52:15.887, 5, 2032 MHz, 3996 MHz, 239.39 W, 39
2026/10/08 03:52:15.887, 6, 2032 MHz, 3996 MHz, 247.66 W, 33
2026/10/08 03:52:15.887, 7, 2032 MHz, 3996 MHz, 1060.65 W, 49
2026/10/08 03:52:16.887, 0, 120 MHz, 3996 MHz, 186.41 W, 36
2026/10/08 03:52:16.887, 1, 120 MHz, 3996 MHz, 189.20 W, 39
2026/10/08 03:52:16.887, 2, 2032 MHz, 3996 MHz, 528.70 W, 39
2026/10/08 03:52:16.887, 3, 2032 MHz, 3996 MHz, 482.57 W, 36
2026/10/08 03:52:16.887, 4, 2032 MHz, 3996 MHz, 247.76 W, 41
2026/10/08 03:52:16.887, 5, 2032 MHz, 3996 MHz, 239.61 W, 38
2026/10/08 03:52:16.887, 6, 2032 MHz, 3996 MHz, 247.65 W, 33
2026/10/08 03:52:16.887, 7, 2032 MHz, 3996 MHz, 1061.11 W, 49
2026/10/08 03:52:17.887, 0, 120 MHz, 3996 MHz, 186.41 W, 36
2026/10/08 03:52:17.888, 1, 120 MHz, 3996 MHz, 189.14 W, 39
2026/10/08 03:52:17.888, 2, 2032 MHz, 3996 MHz, 544.50 W, 39
2026/10/08 03:52:17.888, 3, 2032 MHz, 3996 MHz, 471.77 W, 36
2026/10/08 03:52:17.888, 4, 2032 MHz, 3996 MHz, 248.02 W, 41
2026/10/08 03:52:17.888, 5, 2032 MHz, 3996 MHz, 238.93 W, 38
2026/10/08 03:52:17.888, 6, 2032 MHz, 3996 MHz, 247.65 W, 33
2026/10/08 03:52:17.888, 7, 2032 MHz, 3996 MHz, 1060.69 W, 49
2026/10/08 03:52:18.888, 0, 120 MHz, 3996 MHz, 186.41 W, 36
2026/10/08 03:52:18.888, 1, 120 MHz, 3996 MHz, 189.10 W, 39
2026/10/08 03:52:18.888, 2, 2032 MHz, 3996 MHz, 533.56 W, 40
2026/10/08 03:52:18.888, 3, 2032 MHz, 3996 MHz, 536.94 W, 38
2026/10/08 03:52:18.888, 4, 2032 MHz, 3996 MHz, 248.18 W, 41
2026/10/08 03:52:18.888, 5, 2032 MHz, 3996 MHz, 239.01 W, 38
2026/10/08 03:52:18.888, 6, 2032 MHz, 3996 MHz, 249.12 W, 33
2026/10/08 03:52:18.888, 7, 2032 MHz, 3996 MHz, 1064.08 W, 50
2026/10/08 03:52:19.888, 0, 120 MHz, 3996 MHz, 186.41 W, 36
2026/10/08 03:52:19.888, 1, 120 MHz, 3996 MHz, 189.04 W, 39
2026/10/08 03:52:19.888, 2, 2032 MHz, 3996 MHz, 524.99 W, 39
2026/10/08 03:52:19.888, 3, 2032 MHz, 3996 MHz, 506.12 W, 38
2026/10/08 03:52:19.888, 4, 2032 MHz, 3996 MHz, 248.07 W, 41
2026/10/08 03:52:19.888, 5, 2032 MHz, 3996 MHz, 239.23 W, 38
2026/10/08 03:52:19.888, 6, 2032 MHz, 3996 MHz, 247.78 W, 33
2026/10/08 03:52:19.888, 7, 2032 MHz, 3996 MHz, 1064.68 W, 50
2026/10/08 03:52:20.888, 0, 120 MHz, 3996 MHz, 186.41 W, 36
2026/10/08 03:52:20.888, 1, 120 MHz, 3996 MHz, 188.91 W, 39
2026/10/08 03:52:20.888, 2, 2032 MHz, 3996 MHz, 559.69 W, 40
2026/10/08 03:52:20.888, 3, 2032 MHz, 3996 MHz, 487.94 W, 37
2026/10/08 03:52:20.888, 4, 2032 MHz, 3996 MHz, 248.18 W, 41
2026/10/08 03:52:20.888, 5, 2032 MHz, 3996 MHz, 239.32 W, 38
2026/10/08 03:52:20.888, 6, 2032 MHz, 3996 MHz, 247.59 W, 33
2026/10/08 03:52:20.888, 7, 2032 MHz, 3996 MHz, 1064.29 W, 50
2026/10/08 03:52:21.888, 0, 120 MHz, 3996 MHz, 186.41 W, 36
2026/10/08 03:52:21.888, 1, 120 MHz, 3996 MHz, 188.53 W, 39
2026/10/08 03:52:21.888, 2, 2032 MHz, 3996 MHz, 572.29 W, 40
2026/10/08 03:52:21.888, 3, 2032 MHz, 3996 MHz, 501.72 W, 38
2026/10/08 03:52:21.888, 4, 2032 MHz, 3996 MHz, 248.18 W, 41
2026/10/08 03:52:21.888, 5, 2032 MHz, 3996 MHz, 239.33 W, 38
2026/10/08 03:52:21.888, 6, 2032 MHz, 3996 MHz, 247.60 W, 33
2026/10/08 03:52:21.888, 7, 2032 MHz, 3996 MHz, 1064.63 W, 50
2026/10/08 03:52:22.888, 0, 120 MHz, 3996 MHz, 186.41 W, 36
2026/10/08 03:52:22.889, 1, 120 MHz, 3996 MHz, 188.93 W, 39
2026/10/08 03:52:22.889, 2, 2032 MHz, 3996 MHz, 548.45 W, 40
2026/10/08 03:52:22.889, 3, 2032 MHz, 3996 MHz, 537.66 W, 38
2026/10/08 03:52:22.889, 4, 2032 MHz, 3996 MHz, 249.65 W, 41
2026/10/08 03:52:22.889, 5, 2032 MHz, 3996 MHz, 239.40 W, 38
2026/10/08 03:52:22.889, 6, 2032 MHz, 3996 MHz, 247.63 W, 33
2026/10/08 03:52:22.889, 7, 2032 MHz, 3996 MHz, 1064.85 W, 51
2026/10/08 03:52:23.889, 0, 120 MHz, 3996 MHz, 186.41 W, 36
2026/10/08 03:52:23.889, 1, 120 MHz, 3996 MHz, 188.95 W, 39
2026/10/08 03:52:23.889, 2, 2032 MHz, 3996 MHz, 539.52 W, 39
2026/10/08 03:52:23.889, 3, 2032 MHz, 3996 MHz, 473.08 W, 38
2026/10/08 03:52:23.889, 4, 2032 MHz, 3996 MHz, 255.87 W, 41
2026/10/08 03:52:23.889, 5, 2032 MHz, 3996 MHz, 239.49 W, 38
2026/10/08 03:52:23.889, 6, 2032 MHz, 3996 MHz, 247.61 W, 33
2026/10/08 03:52:23.889, 7, 2032 MHz, 3996 MHz, 1064.22 W, 51
2026/10/08 03:52:24.889, 0, 120 MHz, 3996 MHz, 186.41 W, 36
2026/10/08 03:52:24.889, 1, 120 MHz, 3996 MHz, 188.64 W, 39
2026/10/08 03:52:24.889, 2, 2032 MHz, 3996 MHz, 561.10 W, 39
2026/10/08 03:52:24.889, 3, 2032 MHz, 3996 MHz, 499.90 W, 37
2026/10/08 03:52:24.889, 4, 2032 MHz, 3996 MHz, 248.22 W, 41
2026/10/08 03:52:24.889, 5, 2032 MHz, 3996 MHz, 239.55 W, 38
2026/10/08 03:52:24.889, 6, 2032 MHz, 3996 MHz, 272.25 W, 33
2026/10/08 03:52:24.889, 7, 2032 MHz, 3996 MHz, 1066.70 W, 51
2026/10/08 03:52:25.889, 0, 120 MHz, 3996 MHz, 186.41 W, 36
2026/10/08 03:52:25.889, 1, 120 MHz, 3996 MHz, 188.54 W, 39
2026/10/08 03:52:25.889, 2, 2032 MHz, 3996 MHz, 563.18 W, 40
2026/10/08 03:52:25.889, 3, 2032 MHz, 3996 MHz, 491.42 W, 37
2026/10/08 03:52:25.889, 4, 2032 MHz, 3996 MHz, 248.22 W, 41
2026/10/08 03:52:25.889, 5, 2032 MHz, 3996 MHz, 239.28 W, 38
2026/10/08 03:52:25.889, 6, 2032 MHz, 3996 MHz, 257.17 W, 33
2026/10/08 03:52:25.889, 7, 2032 MHz, 3996 MHz, 1068.33 W, 51
2026/10/08 03:52:26.889, 0, 120 MHz, 3996 MHz, 186.41 W, 36
2026/10/08 03:52:26.889, 1, 120 MHz, 3996 MHz, 188.46 W, 39
2026/10/08 03:52:26.889, 2, 2032 MHz, 3996 MHz, 541.45 W, 40
2026/10/08 03:52:26.889, 3, 2032 MHz, 3996 MHz, 488.44 W, 38
2026/10/08 03:52:26.889, 4, 2032 MHz, 3996 MHz, 248.22 W, 41
2026/10/08 03:52:26.889, 5, 2032 MHz, 3996 MHz, 239.03 W, 38
2026/10/08 03:52:26.889, 6, 2032 MHz, 3996 MHz, 248.87 W, 33
2026/10/08 03:52:26.889, 7, 2032 MHz, 3996 MHz, 1068.07 W, 51
2026/10/08 03:52:27.889, 0, 120 MHz, 3996 MHz, 186.41 W, 36
2026/10/08 03:52:27.889, 1, 120 MHz, 3996 MHz, 188.68 W, 39
2026/10/08 03:52:27.889, 2, 2032 MHz, 3996 MHz, 526.36 W, 40
2026/10/08 03:52:27.889, 3, 2032 MHz, 3996 MHz, 473.04 W, 37
2026/10/08 03:52:27.889, 4, 2032 MHz, 3996 MHz, 256.78 W, 42
2026/10/08 03:52:27.889, 5, 2032 MHz, 3996 MHz, 239.04 W, 38
2026/10/08 03:52:27.889, 6, 2032 MHz, 3996 MHz, 247.82 W, 33
2026/10/08 03:52:27.889, 7, 2032 MHz, 3996 MHz, 1068.56 W, 52
2026/10/08 03:52:28.890, 0, 120 MHz, 3996 MHz, 186.41 W, 36
2026/10/08 03:52:28.890, 1, 120 MHz, 3996 MHz, 188.49 W, 39
2026/10/08 03:52:28.890, 2, 2032 MHz, 3996 MHz, 551.55 W, 39
2026/10/08 03:52:28.890, 3, 2032 MHz, 3996 MHz, 455.48 W, 38
2026/10/08 03:52:28.890, 4, 2032 MHz, 3996 MHz, 248.22 W, 42
2026/10/08 03:52:28.890, 5, 2032 MHz, 3996 MHz, 240.34 W, 38
2026/10/08 03:52:28.890, 6, 2032 MHz, 3996 MHz, 247.58 W, 33
2026/10/08 03:52:28.890, 7, 2032 MHz, 3996 MHz, 1068.58 W, 52
2026/10/08 03:52:29.890, 0, 120 MHz, 3996 MHz, 186.41 W, 36
2026/10/08 03:52:29.890, 1, 120 MHz, 3996 MHz, 188.54 W, 39
2026/10/08 03:52:29.890, 2, 2032 MHz, 3996 MHz, 546.70 W, 40
2026/10/08 03:52:29.890, 3, 2032 MHz, 3996 MHz, 466.96 W, 37
2026/10/08 03:52:29.890, 4, 2032 MHz, 3996 MHz, 249.99 W, 42
2026/10/08 03:52:29.890, 5, 2032 MHz, 3996 MHz, 239.14 W, 38
2026/10/08 03:52:29.890, 6, 2032 MHz, 3996 MHz, 247.56 W, 33
2026/10/08 03:52:29.890, 7, 2032 MHz, 3996 MHz, 1068.25 W, 52
2026/10/08 03:52:30.890, 0, 120 MHz, 3996 MHz, 186.41 W, 36
2026/10/08 03:52:30.890, 1, 120 MHz, 3996 MHz, 188.65 W, 39
2026/10/08 03:52:30.890, 2, 2032 MHz, 3996 MHz, 532.80 W, 39
2026/10/08 03:52:30.890, 3, 2032 MHz, 3996 MHz, 473.83 W, 37
2026/10/08 03:52:30.890, 4, 2032 MHz, 3996 MHz, 248.18 W, 42
2026/10/08 03:52:30.890, 5, 2032 MHz, 3996 MHz, 247.70 W, 38
2026/10/08 03:52:30.890, 6, 2032 MHz, 3996 MHz, 249.92 W, 33
2026/10/08 03:52:30.890, 7, 2032 MHz, 3996 MHz, 1068.54 W, 52
2026/10/08 03:52:31.890, 0, 120 MHz, 3996 MHz, 186.41 W, 36
2026/10/08 03:52:31.890, 1, 120 MHz, 3996 MHz, 188.82 W, 39
2026/10/08 03:52:31.890, 2, 2032 MHz, 3996 MHz, 545.58 W, 40
2026/10/08 03:52:31.891, 3, 2032 MHz, 3996 MHz, 450.63 W, 37
2026/10/08 03:52:31.891, 4, 2032 MHz, 3996 MHz, 248.22 W, 42
2026/10/08 03:52:31.891, 5, 2032 MHz, 3996 MHz, 239.12 W, 38
2026/10/08 03:52:31.891, 6, 2032 MHz, 3996 MHz, 252.64 W, 33
2026/10/08 03:52:31.891, 7, 2032 MHz, 3996 MHz, 1070.91 W, 52
2026/10/08 03:52:32.891, 0, 120 MHz, 3996 MHz, 186.41 W, 36
2026/10/08 03:52:32.891, 1, 120 MHz, 3996 MHz, 188.87 W, 39
2026/10/08 03:52:32.891, 2, 2032 MHz, 3996 MHz, 539.06 W, 39
2026/10/08 03:52:32.891, 3, 2032 MHz, 3996 MHz, 472.62 W, 37
2026/10/08 03:52:32.891, 4, 2032 MHz, 3996 MHz, 248.21 W, 42
2026/10/08 03:52:32.891, 5, 2032 MHz, 3996 MHz, 240.08 W, 38
2026/10/08 03:52:32.891, 6, 2032 MHz, 3996 MHz, 247.55 W, 32
2026/10/08 03:52:32.891, 7, 2032 MHz, 3996 MHz, 1071.66 W, 52
2026/10/08 03:52:33.891, 0, 120 MHz, 3996 MHz, 186.41 W, 36
2026/10/08 03:52:33.891, 1, 120 MHz, 3996 MHz, 188.76 W, 39
2026/10/08 03:52:33.891, 2, 2032 MHz, 3996 MHz, 556.92 W, 40
2026/10/08 03:52:33.891, 3, 2032 MHz, 3996 MHz, 488.63 W, 38
2026/10/08 03:52:33.891, 4, 2032 MHz, 3996 MHz, 248.22 W, 42
2026/10/08 03:52:33.891, 5, 2032 MHz, 3996 MHz, 238.66 W, 38
2026/10/08 03:52:33.891, 6, 2032 MHz, 3996 MHz, 247.56 W, 32
2026/10/08 03:52:33.891, 7, 2032 MHz, 3996 MHz, 1071.39 W, 53
2026/10/08 03:52:34.891, 0, 120 MHz, 3996 MHz, 186.41 W, 36
2026/10/08 03:52:34.891, 1, 120 MHz, 3996 MHz, 188.88 W, 39
2026/10/08 03:52:34.891, 2, 2032 MHz, 3996 MHz, 522.19 W, 39
2026/10/08 03:52:34.891, 3, 2032 MHz, 3996 MHz, 446.49 W, 37
2026/10/08 03:52:34.891, 4, 2032 MHz, 3996 MHz, 248.22 W, 42
2026/10/08 03:52:34.891, 5, 2032 MHz, 3996 MHz, 238.52 W, 38
2026/10/08 03:52:34.891, 6, 2032 MHz, 3996 MHz, 247.56 W, 32
2026/10/08 03:52:34.891, 7, 2032 MHz, 3996 MHz, 1070.75 W, 53
2026/10/08 03:52:35.892, 0, 120 MHz, 3996 MHz, 186.41 W, 36
2026/10/08 03:52:35.892, 1, 120 MHz, 3996 MHz, 188.54 W, 39
2026/10/08 03:52:35.892, 2, 2032 MHz, 3996 MHz, 533.73 W, 40
2026/10/08 03:52:35.892, 3, 2032 MHz, 3996 MHz, 475.98 W, 37
2026/10/08 03:52:35.892, 4, 2032 MHz, 3996 MHz, 248.22 W, 42
2026/10/08 03:52:35.892, 5, 2032 MHz, 3996 MHz, 238.58 W, 38
2026/10/08 03:52:35.892, 6, 2032 MHz, 3996 MHz, 247.55 W, 32
2026/10/08 03:52:35.892, 7, 2032 MHz, 3996 MHz, 1071.33 W, 53
2026/10/08 03:52:36.892, 0, 120 MHz, 3996 MHz, 186.41 W, 36
2026/10/08 03:52:36.892, 1, 120 MHz, 3996 MHz, 188.79 W, 39
2026/10/08 03:52:36.892, 2, 2032 MHz, 3996 MHz, 533.44 W, 40
2026/10/08 03:52:36.892, 3, 2032 MHz, 3996 MHz, 506.03 W, 38
2026/10/08 03:52:36.892, 4, 2032 MHz, 3996 MHz, 248.59 W, 42
2026/10/08 03:52:36.892, 5, 2032 MHz, 3996 MHz, 246.21 W, 38
2026/10/08 03:52:36.892, 6, 2032 MHz, 3996 MHz, 247.60 W, 32
2026/10/08 03:52:36.892, 7, 2032 MHz, 3996 MHz, 1066.42 W, 53
2026/10/08 03:52:37.892, 0, 120 MHz, 3996 MHz, 186.41 W, 36
2026/10/08 03:52:37.892, 1, 120 MHz, 3996 MHz, 188.77 W, 39
2026/10/08 03:52:37.892, 2, 2032 MHz, 3996 MHz, 534.21 W, 39
2026/10/08 03:52:37.892, 3, 2032 MHz, 3996 MHz, 500.48 W, 38
2026/10/08 03:52:37.892, 4, 2032 MHz, 3996 MHz, 248.71 W, 42
2026/10/08 03:52:37.892, 5, 2032 MHz, 3996 MHz, 238.96 W, 38
2026/10/08 03:52:37.892, 6, 2032 MHz, 3996 MHz, 248.18 W, 32
2026/10/08 03:52:37.892, 7, 2032 MHz, 3996 MHz, 702.83 W, 44
2026/10/08 03:52:38.893, 0, 120 MHz, 3996 MHz, 186.41 W, 36
2026/10/08 03:52:38.893, 1, 120 MHz, 3996 MHz, 188.69 W, 39
2026/10/08 03:52:38.893, 2, 2032 MHz, 3996 MHz, 522.32 W, 40
2026/10/08 03:52:38.893, 3, 2032 MHz, 3996 MHz, 472.33 W, 38
2026/10/08 03:52:38.893, 4, 2032 MHz, 3996 MHz, 248.22 W, 42
2026/10/08 03:52:38.893, 5, 2032 MHz, 3996 MHz, 238.71 W, 38
2026/10/08 03:52:38.893, 6, 2032 MHz, 3996 MHz, 246.65 W, 32
2026/10/08 03:52:38.893, 7, 2032 MHz, 3996 MHz, 260.30 W, 42
2026/10/08 03:52:39.893, 0, 120 MHz, 3996 MHz, 186.41 W, 36
2026/10/08 03:52:39.893, 1, 120 MHz, 3996 MHz, 188.68 W, 39
2026/10/08 03:52:39.893, 2, 2032 MHz, 3996 MHz, 534.63 W, 40
2026/10/08 03:52:39.893, 3, 2032 MHz, 3996 MHz, 450.39 W, 37
2026/10/08 03:52:39.893, 4, 2032 MHz, 3996 MHz, 248.22 W, 43
2026/10/08 03:52:39.893, 5, 2032 MHz, 3996 MHz, 238.86 W, 38
2026/10/08 03:52:39.893, 6, 2032 MHz, 3996 MHz, 246.65 W, 32
2026/10/08 03:52:39.893, 7, 2032 MHz, 3996 MHz, 246.44 W, 41
2026/10/08 03:52:40.893, 0, 120 MHz, 3996 MHz, 186.41 W, 36
2026/10/08 03:52:40.893, 1, 120 MHz, 3996 MHz, 188.72 W, 39
2026/10/08 03:52:40.893, 2, 2032 MHz, 3996 MHz, 528.26 W, 40
2026/10/08 03:52:40.893, 3, 2032 MHz, 3996 MHz, 481.24 W, 37
2026/10/08 03:52:40.893, 4, 2032 MHz, 3996 MHz, 248.22 W, 43
2026/10/08 03:52:40.893, 5, 2032 MHz, 3996 MHz, 238.87 W, 38
2026/10/08 03:52:40.893, 6, 2032 MHz, 3996 MHz, 246.70 W, 32
2026/10/08 03:52:40.893, 7, 2032 MHz, 3996 MHz, 245.11 W, 40
2026/10/08 03:52:41.893, 0, 120 MHz, 3996 MHz, 186.41 W, 36
2026/10/08 03:52:41.893, 1, 120 MHz, 3996 MHz, 188.58 W, 39
2026/10/08 03:52:41.893, 2, 2032 MHz, 3996 MHz, 527.26 W, 40
2026/10/08 03:52:41.893, 3, 2032 MHz, 3996 MHz, 480.23 W, 38
2026/10/08 03:52:41.893, 4, 2032 MHz, 3996 MHz, 248.22 W, 43
2026/10/08 03:52:41.893, 5, 2032 MHz, 3996 MHz, 238.94 W, 38
2026/10/08 03:52:41.893, 6, 2032 MHz, 3996 MHz, 246.61 W, 32
2026/10/08 03:52:41.893, 7, 2032 MHz, 3996 MHz, 244.54 W, 40
2026/10/08 03:52:42.894, 0, 120 MHz, 3996 MHz, 186.41 W, 36
2026/10/08 03:52:42.894, 1, 120 MHz, 3996 MHz, 188.65 W, 39
2026/10/08 03:52:42.894, 2, 2032 MHz, 3996 MHz, 536.87 W, 40
2026/10/08 03:52:42.894, 3, 2032 MHz, 3996 MHz, 460.02 W, 37
2026/10/08 03:52:42.894, 4, 2032 MHz, 3996 MHz, 432.07 W, 45
2026/10/08 03:52:42.894, 5, 2032 MHz, 3996 MHz, 239.15 W, 38
2026/10/08 03:52:42.894, 6, 2032 MHz, 3996 MHz, 246.62 W, 32
2026/10/08 03:52:42.894, 7, 2032 MHz, 3996 MHz, 244.50 W, 39
2026/10/08 03:52:43.894, 0, 120 MHz, 3996 MHz, 186.41 W, 36
2026/10/08 03:52:43.894, 1, 120 MHz, 3996 MHz, 188.83 W, 39
2026/10/08 03:52:43.894, 2, 2032 MHz, 3996 MHz, 535.36 W, 40
2026/10/08 03:52:43.894, 3, 2032 MHz, 3996 MHz, 506.05 W, 37
2026/10/08 03:52:43.894, 4, 2032 MHz, 3996 MHz, 435.95 W, 45
2026/10/08 03:52:43.894, 5, 2032 MHz, 3996 MHz, 238.37 W, 38
2026/10/08 03:52:43.894, 6, 2032 MHz, 3996 MHz, 541.12 W, 36
2026/10/08 03:52:43.894, 7, 2032 MHz, 3996 MHz, 244.51 W, 39
2026/10/08 03:52:44.894, 0, 120 MHz, 3996 MHz, 186.41 W, 36
2026/10/08 03:52:44.894, 1, 120 MHz, 3996 MHz, 188.80 W, 39
2026/10/08 03:52:44.894, 2, 2032 MHz, 3996 MHz, 515.87 W, 40
2026/10/08 03:52:44.894, 3, 2032 MHz, 3996 MHz, 465.93 W, 38
2026/10/08 03:52:44.894, 4, 2032 MHz, 3996 MHz, 538.26 W, 51
2026/10/08 03:52:44.894, 5, 2032 MHz, 3996 MHz, 238.21 W, 38
2026/10/08 03:52:44.894, 6, 2032 MHz, 3996 MHz, 480.91 W, 34
2026/10/08 03:52:44.894, 7, 2032 MHz, 3996 MHz, 244.23 W, 39
2026/10/08 03:52:45.894, 0, 120 MHz, 3996 MHz, 186.41 W, 36
2026/10/08 03:52:45.894, 1, 120 MHz, 3996 MHz, 188.85 W, 39
2026/10/08 03:52:45.894, 2, 2032 MHz, 3996 MHz, 539.35 W, 41
2026/10/08 03:52:45.894, 3, 2032 MHz, 3996 MHz, 510.09 W, 39
2026/10/08 03:52:45.894, 4, 1312 MHz, 3996 MHz, 964.70 W, 62
2026/10/08 03:52:45.894, 5, 2032 MHz, 3996 MHz, 237.44 W, 38
2026/10/08 03:52:45.894, 6, 2032 MHz, 3996 MHz, 596.30 W, 45
2026/10/08 03:52:45.894, 7, 2032 MHz, 3996 MHz, 243.35 W, 38
2026/10/08 03:52:46.895, 0, 120 MHz, 3996 MHz, 186.41 W, 36
2026/10/08 03:52:46.895, 1, 120 MHz, 3996 MHz, 188.95 W, 39
2026/10/08 03:52:46.895, 2, 2032 MHz, 3996 MHz, 533.24 W, 40
2026/10/08 03:52:46.895, 3, 2032 MHz, 3996 MHz, 483.29 W, 38
2026/10/08 03:52:46.895, 4, 1665 MHz, 3996 MHz, 1070.88 W, 59
2026/10/08 03:52:46.895, 5, 2032 MHz, 3996 MHz, 237.22 W, 38
2026/10/08 03:52:46.895, 6, 1290 MHz, 3996 MHz, 925.35 W, 51
2026/10/08 03:52:46.895, 7, 270 MHz, 3996 MHz, 192.09 W, 37
2026/10/08 03:52:47.895, 0, 120 MHz, 3996 MHz, 186.41 W, 36
2026/10/08 03:52:47.895, 1, 120 MHz, 3996 MHz, 189.02 W, 39
2026/10/08 03:52:47.895, 2, 2032 MHz, 3996 MHz, 532.84 W, 40
2026/10/08 03:52:47.895, 3, 2032 MHz, 3996 MHz, 492.69 W, 38
2026/10/08 03:52:47.895, 4, 2032 MHz, 3996 MHz, 966.81 W, 56
2026/10/08 03:52:47.895, 5, 2032 MHz, 3996 MHz, 237.95 W, 38
2026/10/08 03:52:47.895, 6, 1305 MHz, 3996 MHz, 1089.54 W, 52
2026/10/08 03:52:47.895, 7, 172 MHz, 3996 MHz, 189.74 W, 37
2026/10/08 03:52:48.895, 0, 120 MHz, 3996 MHz, 186.41 W, 36
2026/10/08 03:52:48.895, 1, 120 MHz, 3996 MHz, 188.69 W, 39
2026/10/08 03:52:48.895, 2, 2032 MHz, 3996 MHz, 538.51 W, 40
2026/10/08 03:52:48.895, 3, 2032 MHz, 3996 MHz, 513.27 W, 38
2026/10/08 03:52:48.895, 4, 2032 MHz, 3996 MHz, 974.94 W, 57
2026/10/08 03:52:48.895, 5, 2032 MHz, 3996 MHz, 435.06 W, 44
2026/10/08 03:52:48.895, 6, 1312 MHz, 3996 MHz, 1087.81 W, 53
2026/10/08 03:52:48.895, 7, 120 MHz, 3996 MHz, 188.42 W, 36
2026/10/08 03:52:49.895, 0, 120 MHz, 3996 MHz, 186.41 W, 36
2026/10/08 03:52:49.895, 1, 120 MHz, 3996 MHz, 189.10 W, 39
2026/10/08 03:52:49.895, 2, 2032 MHz, 3996 MHz, 554.40 W, 40
2026/10/08 03:52:49.895, 3, 2032 MHz, 3996 MHz, 526.20 W, 38
2026/10/08 03:52:49.895, 4, 2032 MHz, 3996 MHz, 977.01 W, 57
2026/10/08 03:52:49.895, 5, 2032 MHz, 3996 MHz, 415.32 W, 39
2026/10/08 03:52:49.895, 6, 1305 MHz, 3996 MHz, 1087.51 W, 53
2026/10/08 03:52:49.895, 7, 120 MHz, 3996 MHz, 188.05 W, 36
2026/10/08 03:52:50.896, 0, 120 MHz, 3996 MHz, 186.41 W, 36
2026/10/08 03:52:50.896, 1, 120 MHz, 3996 MHz, 189.04 W, 39
2026/10/08 03:52:50.896, 2, 2032 MHz, 3996 MHz, 553.70 W, 40
2026/10/08 03:52:50.896, 3, 2032 MHz, 3996 MHz, 508.28 W, 38
2026/10/08 03:52:50.896, 4, 2032 MHz, 3996 MHz, 979.61 W, 57
2026/10/08 03:52:50.896, 5, 2032 MHz, 3996 MHz, 586.28 W, 42
2026/10/08 03:52:50.896, 6, 1305 MHz, 3996 MHz, 1088.86 W, 54
2026/10/08 03:52:50.896, 7, 120 MHz, 3996 MHz, 188.03 W, 36
2026/10/08 03:52:51.896, 0, 120 MHz, 3996 MHz, 186.41 W, 36
2026/10/08 03:52:51.896, 1, 120 MHz, 3996 MHz, 188.88 W, 39
2026/10/08 03:52:51.896, 2, 2032 MHz, 3996 MHz, 549.43 W, 40
2026/10/08 03:52:51.896, 3, 2032 MHz, 3996 MHz, 515.12 W, 39
2026/10/08 03:52:51.896, 4, 2032 MHz, 3996 MHz, 981.10 W, 58
2026/10/08 03:52:51.896, 5, 1365 MHz, 3996 MHz, 1082.38 W, 57
2026/10/08 03:52:51.896, 6, 1312 MHz, 3996 MHz, 1088.70 W, 54
2026/10/08 03:52:51.896, 7, 120 MHz, 3996 MHz, 188.06 W, 36
2026/10/08 03:52:52.896, 0, 120 MHz, 3996 MHz, 186.41 W, 36
2026/10/08 03:52:52.896, 1, 120 MHz, 3996 MHz, 188.85 W, 39
2026/10/08 03:52:52.896, 2, 2032 MHz, 3996 MHz, 533.83 W, 41
2026/10/08 03:52:52.896, 3, 2032 MHz, 3996 MHz, 494.28 W, 39
2026/10/08 03:52:52.896, 4, 2032 MHz, 3996 MHz, 981.61 W, 58
2026/10/08 03:52:52.896, 5, 2032 MHz, 3996 MHz, 1018.15 W, 51
2026/10/08 03:52:52.896, 6, 1335 MHz, 3996 MHz, 1089.31 W, 54
2026/10/08 03:52:52.896, 7, 120 MHz, 3996 MHz, 188.02 W, 35
2026/10/08 03:52:53.896, 0, 120 MHz, 3996 MHz, 186.41 W, 36
2026/10/08 03:52:53.896, 1, 120 MHz, 3996 MHz, 189.08 W, 39
2026/10/08 03:52:53.896, 2, 2032 MHz, 3996 MHz, 512.52 W, 40
2026/10/08 03:52:53.896, 3, 2032 MHz, 3996 MHz, 486.47 W, 38
2026/10/08 03:52:53.896, 4, 2032 MHz, 3996 MHz, 982.00 W, 59
2026/10/08 03:52:53.896, 5, 2032 MHz, 3996 MHz, 944.64 W, 51
2026/10/08 03:52:53.896, 6, 1320 MHz, 3996 MHz, 1089.61 W, 55
2026/10/08 03:52:53.896, 7, 120 MHz, 3996 MHz, 188.06 W, 35
2026/10/08 03:52:54.896, 0, 120 MHz, 3996 MHz, 186.41 W, 36
2026/10/08 03:52:54.897, 1, 120 MHz, 3996 MHz, 188.77 W, 39
2026/10/08 03:52:54.897, 2, 2032 MHz, 3996 MHz, 529.54 W, 39
2026/10/08 03:52:54.897, 3, 2032 MHz, 3996 MHz, 475.65 W, 39
2026/10/08 03:52:54.897, 4, 2032 MHz, 3996 MHz, 984.24 W, 59
2026/10/08 03:52:54.897, 5, 2032 MHz, 3996 MHz, 945.41 W, 51
2026/10/08 03:52:54.897, 6, 1425 MHz, 3996 MHz, 1080.17 W, 53
2026/10/08 03:52:54.897, 7, 120 MHz, 3996 MHz, 188.08 W, 35
2026/10/08 03:52:55.897, 0, 120 MHz, 3996 MHz, 186.41 W, 36
2026/10/08 03:52:55.897, 1, 120 MHz, 3996 MHz, 188.91 W, 39
2026/10/08 03:52:55.897, 2, 2032 MHz, 3996 MHz, 533.58 W, 40
2026/10/08 03:52:55.897, 3, 2032 MHz, 3996 MHz, 500.77 W, 39
2026/10/08 03:52:55.897, 4, 1327 MHz, 3996 MHz, 1073.40 W, 66
2026/10/08 03:52:55.897, 5, 2032 MHz, 3996 MHz, 949.58 W, 52
2026/10/08 03:52:55.897, 6, 2032 MHz, 3996 MHz, 1077.44 W, 50
2026/10/08 03:52:55.897, 7, 120 MHz, 3996 MHz, 188.05 W, 35
2026/10/08 03:52:56.897, 0, 120 MHz, 3996 MHz, 186.41 W, 36
2026/10/08 03:52:56.897, 1, 120 MHz, 3996 MHz, 188.85 W, 39
2026/10/08 03:52:56.897, 2, 2032 MHz, 3996 MHz, 557.48 W, 41
2026/10/08 03:52:56.897, 3, 2032 MHz, 3996 MHz, 489.84 W, 38
2026/10/08 03:52:56.897, 4, 1320 MHz, 3996 MHz, 1087.10 W, 67
2026/10/08 03:52:56.897, 5, 2032 MHz, 3996 MHz, 950.59 W, 52
2026/10/08 03:52:56.897, 6, 2032 MHz, 3996 MHz, 1090.97 W, 51
2026/10/08 03:52:56.897, 7, 120 MHz, 3996 MHz, 188.03 W, 34
2026/10/08 03:52:57.897, 0, 120 MHz, 3996 MHz, 186.41 W, 36
2026/10/08 03:52:57.897, 1, 120 MHz, 3996 MHz, 188.95 W, 39
2026/10/08 03:52:57.897, 2, 2032 MHz, 3996 MHz, 518.01 W, 40
2026/10/08 03:52:57.897, 3, 2032 MHz, 3996 MHz, 482.71 W, 38
2026/10/08 03:52:57.897, 4, 2032 MHz, 3996 MHz, 1000.72 W, 60
2026/10/08 03:52:57.897, 5, 2032 MHz, 3996 MHz, 951.70 W, 53
2026/10/08 03:52:57.897, 6, 2032 MHz, 3996 MHz, 1090.94 W, 51
2026/10/08 03:52:57.897, 7, 120 MHz, 3996 MHz, 188.04 W, 34
2026/10/08 03:52:58.897, 0, 120 MHz, 3996 MHz, 186.41 W, 36
2026/10/08 03:52:58.897, 1, 120 MHz, 3996 MHz, 189.24 W, 39
2026/10/08 03:52:58.897, 2, 2032 MHz, 3996 MHz, 541.23 W, 40
2026/10/08 03:52:58.897, 3, 2032 MHz, 3996 MHz, 490.70 W, 39
2026/10/08 03:52:58.897, 4, 2032 MHz, 3996 MHz, 981.94 W, 60
2026/10/08 03:52:58.897, 5, 2032 MHz, 3996 MHz, 952.51 W, 53
2026/10/08 03:52:58.897, 6, 2032 MHz, 3996 MHz, 1090.92 W, 51
2026/10/08 03:52:58.897, 7, 120 MHz, 3996 MHz, 188.03 W, 34
2026/10/08 03:52:59.898, 0, 120 MHz, 3996 MHz, 186.41 W, 36
2026/10/08 03:52:59.898, 1, 120 MHz, 3996 MHz, 188.91 W, 39
2026/10/08 03:52:59.898, 2, 2032 MHz, 3996 MHz, 529.29 W, 40
2026/10/08 03:52:59.898, 3, 2032 MHz, 3996 MHz, 493.35 W, 39
2026/10/08 03:52:59.898, 4, 2032 MHz, 3996 MHz, 986.70 W, 60
2026/10/08 03:52:59.898, 5, 2032 MHz, 3996 MHz, 954.54 W, 53
2026/10/08 03:52:59.898, 6, 2032 MHz, 3996 MHz, 1089.81 W, 52
2026/10/08 03:52:59.898, 7, 120 MHz, 3996 MHz, 188.04 W, 34
2026/10/08 03:53:00.898, 0, 120 MHz, 3996 MHz, 186.41 W, 36
2026/10/08 03:53:00.898, 1, 120 MHz, 3996 MHz, 189.04 W, 39
2026/10/08 03:53:00.898, 2, 2032 MHz, 3996 MHz, 551.86 W, 40
2026/10/08 03:53:00.898, 3, 2032 MHz, 3996 MHz, 471.88 W, 38
2026/10/08 03:53:00.898, 4, 2032 MHz, 3996 MHz, 984.45 W, 60
2026/10/08 03:53:00.898, 5, 2032 MHz, 3996 MHz, 961.94 W, 59
2026/10/08 03:53:00.898, 6, 2032 MHz, 3996 MHz, 1092.49 W, 52
2026/10/08 03:53:00.898, 7, 120 MHz, 3996 MHz, 188.04 W, 33
2026/10/08 03:53:01.898, 0, 120 MHz, 3996 MHz, 186.41 W, 36
2026/10/08 03:53:01.898, 1, 120 MHz, 3996 MHz, 189.08 W, 39
2026/10/08 03:53:01.898, 2, 2032 MHz, 3996 MHz, 571.52 W, 41
2026/10/08 03:53:01.898, 3, 2032 MHz, 3996 MHz, 497.01 W, 38
2026/10/08 03:53:01.898, 4, 2032 MHz, 3996 MHz, 987.59 W, 61
2026/10/08 03:53:01.898, 5, 1350 MHz, 3996 MHz, 1108.28 W, 62
2026/10/08 03:53:01.898, 6, 2032 MHz, 3996 MHz, 1095.04 W, 52
2026/10/08 03:53:01.898, 7, 120 MHz, 3996 MHz, 188.04 W, 33
2026/10/08 03:53:02.898, 0, 120 MHz, 3996 MHz, 186.41 W, 36
2026/10/08 03:53:02.898, 1, 120 MHz, 3996 MHz, 188.87 W, 39
2026/10/08 03:53:02.898, 2, 2032 MHz, 3996 MHz, 564.77 W, 41
2026/10/08 03:53:02.898, 3, 2032 MHz, 3996 MHz, 473.89 W, 39
2026/10/08 03:53:02.898, 4, 2032 MHz, 3996 MHz, 988.79 W, 61
2026/10/08 03:53:02.898, 5, 1350 MHz, 3996 MHz, 1089.33 W, 62
2026/10/08 03:53:02.898, 6, 2032 MHz, 3996 MHz, 1094.65 W, 53
2026/10/08 03:53:02.898, 7, 120 MHz, 3996 MHz, 188.00 W, 33
2026/10/08 03:53:03.898, 0, 120 MHz, 3996 MHz, 186.41 W, 36
2026/10/08 03:53:03.898, 1, 120 MHz, 3996 MHz, 188.87 W, 39
2026/10/08 03:53:03.898, 2, 2032 MHz, 3996 MHz, 576.12 W, 41
2026/10/08 03:53:03.898, 3, 2032 MHz, 3996 MHz, 475.67 W, 38
2026/10/08 03:53:03.898, 4, 2032 MHz, 3996 MHz, 989.48 W, 61
2026/10/08 03:53:03.898, 5, 2032 MHz, 3996 MHz, 950.70 W, 55
2026/10/08 03:53:03.898, 6, 2025 MHz, 3996 MHz, 1094.19 W, 53
2026/10/08 03:53:03.898, 7, 120 MHz, 3996 MHz, 187.46 W, 33
2026/10/08 03:53:04.899, 0, 120 MHz, 3996 MHz, 186.41 W, 36
2026/10/08 03:53:04.899, 1, 120 MHz, 3996 MHz, 188.99 W, 39
2026/10/08 03:53:04.899, 2, 2032 MHz, 3996 MHz, 535.02 W, 40
2026/10/08 03:53:04.899, 3, 2032 MHz, 3996 MHz, 487.32 W, 39
2026/10/08 03:53:04.899, 4, 2032 MHz, 3996 MHz, 990.00 W, 61
2026/10/08 03:53:04.899, 5, 2032 MHz, 3996 MHz, 955.92 W, 55
2026/10/08 03:53:04.899, 6, 2032 MHz, 3996 MHz, 1094.52 W, 53
2026/10/08 03:53:04.899, 7, 120 MHz, 3996 MHz, 187.21 W, 33
2026/10/08 03:53:05.899, 0, 120 MHz, 3996 MHz, 186.41 W, 36
2026/10/08 03:53:05.899, 1, 120 MHz, 3996 MHz, 188.99 W, 39
2026/10/08 03:53:05.899, 2, 2032 MHz, 3996 MHz, 548.47 W, 40
2026/10/08 03:53:05.899, 3, 2032 MHz, 3996 MHz, 473.62 W, 39
2026/10/08 03:53:05.899, 4, 1297 MHz, 3996 MHz, 1049.33 W, 68
2026/10/08 03:53:05.899, 5, 2032 MHz, 3996 MHz, 961.02 W, 56
2026/10/08 03:53:05.899, 6, 2032 MHz, 3996 MHz, 1094.62 W, 53
2026/10/08 03:53:05.899, 7, 120 MHz, 3996 MHz, 186.73 W, 33
2026/10/08 03:53:06.899, 0, 120 MHz, 3996 MHz, 186.41 W, 36
2026/10/08 03:53:06.899, 1, 120 MHz, 3996 MHz, 188.81 W, 39
2026/10/08 03:53:06.899, 2, 2032 MHz, 3996 MHz, 538.01 W, 41
2026/10/08 03:53:06.899, 3, 2032 MHz, 3996 MHz, 458.17 W, 38
2026/10/08 03:53:06.899, 4, 1327 MHz, 3996 MHz, 1086.02 W, 68
2026/10/08 03:53:06.899, 5, 2032 MHz, 3996 MHz, 959.49 W, 56
2026/10/08 03:53:06.899, 6, 2032 MHz, 3996 MHz, 1095.06 W, 53
2026/10/08 03:53:06.899, 7, 120 MHz, 3996 MHz, 186.46 W, 32
2026/10/08 03:53:07.899, 0, 120 MHz, 3996 MHz, 186.41 W, 36
2026/10/08 03:53:07.899, 1, 120 MHz, 3996 MHz, 188.96 W, 39
2026/10/08 03:53:07.899, 2, 2032 MHz, 3996 MHz, 553.57 W, 41
2026/10/08 03:53:07.899, 3, 2032 MHz, 3996 MHz, 476.43 W, 39
2026/10/08 03:53:07.899, 4, 2032 MHz, 3996 MHz, 1041.40 W, 62
2026/10/08 03:53:07.899, 5, 2032 MHz, 3996 MHz, 965.35 W, 56
2026/10/08 03:53:07.899, 6, 2025 MHz, 3996 MHz, 1092.80 W, 54
2026/10/08 03:53:07.899, 7, 120 MHz, 3996 MHz, 186.51 W, 32
2026/10/08 03:53:08.899, 0, 120 MHz, 3996 MHz, 186.41 W, 36
2026/10/08 03:53:08.900, 1, 120 MHz, 3996 MHz, 188.95 W, 39
2026/10/08 03:53:08.900, 2, 2032 MHz, 3996 MHz, 572.50 W, 41
2026/10/08 03:53:08.900, 3, 2032 MHz, 3996 MHz, 482.90 W, 38
2026/10/08 03:53:08.900, 4, 2032 MHz, 3996 MHz, 986.39 W, 62
2026/10/08 03:53:08.900, 5, 2032 MHz, 3996 MHz, 966.25 W, 57
2026/10/08 03:53:08.900, 6, 2025 MHz, 3996 MHz, 1093.69 W, 54
2026/10/08 03:53:08.900, 7, 120 MHz, 3996 MHz, 186.24 W, 32
2026/10/08 03:53:09.900, 0, 120 MHz, 3996 MHz, 186.41 W, 36
2026/10/08 03:53:09.900, 1, 120 MHz, 3996 MHz, 188.87 W, 39
2026/10/08 03:53:09.900, 2, 2032 MHz, 3996 MHz, 526.88 W, 41
2026/10/08 03:53:09.900, 3, 2032 MHz, 3996 MHz, 494.16 W, 39
2026/10/08 03:53:09.900, 4, 2032 MHz, 3996 MHz, 987.69 W, 62
2026/10/08 03:53:09.900, 5, 2032 MHz, 3996 MHz, 969.04 W, 57
2026/10/08 03:53:09.900, 6, 2025 MHz, 3996 MHz, 1094.67 W, 54
2026/10/08 03:53:09.900, 7, 120 MHz, 3996 MHz, 186.16 W, 32
2026/10/08 03:53:10.900, 0, 120 MHz, 3996 MHz, 186.41 W, 36
2026/10/08 03:53:10.900, 1, 120 MHz, 3996 MHz, 189.00 W, 39
2026/10/08 03:53:10.900, 2, 2032 MHz, 3996 MHz, 533.36 W, 40
2026/10/08 03:53:10.900, 3, 2032 MHz, 3996 MHz, 460.24 W, 38
2026/10/08 03:53:10.900, 4, 2032 MHz, 3996 MHz, 989.22 W, 62
2026/10/08 03:53:10.900, 5, 2032 MHz, 3996 MHz, 972.27 W, 58
2026/10/08 03:53:10.900, 6, 2025 MHz, 3996 MHz, 1092.58 W, 54
2026/10/08 03:53:10.900, 7, 120 MHz, 3996 MHz, 186.12 W, 32
2026/10/08 03:53:11.900, 0, 120 MHz, 3996 MHz, 186.41 W, 36
2026/10/08 03:53:11.900, 1, 120 MHz, 3996 MHz, 188.89 W, 39
2026/10/08 03:53:11.900, 2, 2032 MHz, 3996 MHz, 559.30 W, 41
2026/10/08 03:53:11.900, 3, 2032 MHz, 3996 MHz, 500.77 W, 39
2026/10/08 03:53:11.900, 4, 2032 MHz, 3996 MHz, 992.38 W, 62
2026/10/08 03:53:11.900, 5, 1357 MHz, 3996 MHz, 1075.41 W, 65
2026/10/08 03:53:11.900, 6, 2025 MHz, 3996 MHz, 1092.95 W, 54
2026/10/08 03:53:11.900, 7, 120 MHz, 3996 MHz, 186.12 W, 32
2026/10/08 03:53:12.900, 0, 120 MHz, 3996 MHz, 186.41 W, 36
2026/10/08 03:53:12.900, 1, 120 MHz, 3996 MHz, 188.72 W, 39
2026/10/08 03:53:12.900, 2, 2032 MHz, 3996 MHz, 544.10 W, 40
2026/10/08 03:53:12.900, 3, 2032 MHz, 3996 MHz, 526.46 W, 40
2026/10/08 03:53:12.900, 4, 2032 MHz, 3996 MHz, 993.12 W, 62
2026/10/08 03:53:12.900, 5, 1357 MHz, 3996 MHz, 1084.24 W, 65
2026/10/08 03:53:12.900, 6, 2017 MHz, 3996 MHz, 1092.39 W, 54
2026/10/08 03:53:12.900, 7, 120 MHz, 3996 MHz, 186.12 W, 32
2026/10/08 03:53:13.901, 0, 120 MHz, 3996 MHz, 186.41 W, 36
2026/10/08 03:53:13.901, 1, 120 MHz, 3996 MHz, 188.92 W, 39
2026/10/08 03:53:13.901, 2, 2032 MHz, 3996 MHz, 526.76 W, 40
2026/10/08 03:53:13.901, 3, 2032 MHz, 3996 MHz, 477.02 W, 39
2026/10/08 03:53:13.901, 4, 2032 MHz, 3996 MHz, 992.61 W, 62
2026/10/08 03:53:13.901, 5, 2032 MHz, 3996 MHz, 989.49 W, 59
2026/10/08 03:53:13.901, 6, 2025 MHz, 3996 MHz, 1092.95 W, 55
2026/10/08 03:53:13.901, 7, 120 MHz, 3996 MHz, 186.12 W, 31
2026/10/08 03:53:14.901, 0, 120 MHz, 3996 MHz, 186.41 W, 36
2026/10/08 03:53:14.901, 1, 120 MHz, 3996 MHz, 188.65 W, 39
2026/10/08 03:53:14.901, 2, 2032 MHz, 3996 MHz, 542.98 W, 41
2026/10/08 03:53:14.901, 3, 2032 MHz, 3996 MHz, 472.66 W, 39
2026/10/08 03:53:14.901, 4, 2032 MHz, 3996 MHz, 993.63 W, 62
2026/10/08 03:53:14.901, 5, 2032 MHz, 3996 MHz, 961.64 W, 59
2026/10/08 03:53:14.901, 6, 2025 MHz, 3996 MHz, 1092.57 W, 55
2026/10/08 03:53:14.901, 7, 120 MHz, 3996 MHz, 186.13 W, 31
2026/10/08 03:53:15.901, 0, 120 MHz, 3996 MHz, 186.41 W, 36
2026/10/08 03:53:15.901, 1, 120 MHz, 3996 MHz, 188.65 W, 39
2026/10/08 03:53:15.901, 2, 2032 MHz, 3996 MHz, 542.69 W, 41
2026/10/08 03:53:15.901, 3, 2032 MHz, 3996 MHz, 456.61 W, 39
2026/10/08 03:53:15.901, 4, 1515 MHz, 3996 MHz, 1016.70 W, 63
2026/10/08 03:53:15.901, 5, 2032 MHz, 3996 MHz, 968.47 W, 59
2026/10/08 03:53:15.901, 6, 2025 MHz, 3996 MHz, 1092.10 W, 55
2026/10/08 03:53:15.901, 7, 120 MHz, 3996 MHz, 186.12 W, 31
2026/10/08 03:53:16.901, 0, 120 MHz, 3996 MHz, 186.41 W, 36
2026/10/08 03:53:16.901, 1, 120 MHz, 3996 MHz, 189.14 W, 39
2026/10/08 03:53:16.901, 2, 2032 MHz, 3996 MHz, 564.76 W, 41
2026/10/08 03:53:16.901, 3, 2032 MHz, 3996 MHz, 485.02 W, 39
2026/10/08 03:53:16.901, 4, 1312 MHz, 3996 MHz, 1094.73 W, 70
2026/10/08 03:53:16.901, 5, 2032 MHz, 3996 MHz, 972.53 W, 59
2026/10/08 03:53:16.901, 6, 2025 MHz, 3996 MHz, 1092.49 W, 55
2026/10/08 03:53:16.901, 7, 120 MHz, 3996 MHz, 186.12 W, 31
2026/10/08 03:53:17.901, 0, 120 MHz, 3996 MHz, 186.41 W, 36
2026/10/08 03:53:17.902, 1, 120 MHz, 3996 MHz, 188.91 W, 39
2026/10/08 03:53:17.902, 2, 2032 MHz, 3996 MHz, 549.30 W, 41
2026/10/08 03:53:17.902, 3, 2032 MHz, 3996 MHz, 459.26 W, 38
2026/10/08 03:53:17.902, 4, 1320 MHz, 3996 MHz, 1085.05 W, 70
2026/10/08 03:53:17.902, 5, 2032 MHz, 3996 MHz, 966.73 W, 60
2026/10/08 03:53:17.902, 6, 2025 MHz, 3996 MHz, 1091.65 W, 55
2026/10/08 03:53:17.902, 7, 120 MHz, 3996 MHz, 186.13 W, 31
2026/10/08 03:53:18.902, 0, 120 MHz, 3996 MHz, 186.41 W, 36
2026/10/08 03:53:18.902, 1, 120 MHz, 3996 MHz, 188.96 W, 39
2026/10/08 03:53:18.902, 2, 2032 MHz, 3996 MHz, 548.59 W, 40
2026/10/08 03:53:18.902, 3, 2032 MHz, 3996 MHz, 480.17 W, 38
2026/10/08 03:53:18.902, 4, 2032 MHz, 3996 MHz, 986.32 W, 63
2026/10/08 03:53:18.902, 5, 2032 MHz, 3996 MHz, 968.23 W, 60
2026/10/08 03:53:18.902, 6, 2017 MHz, 3996 MHz, 1093.37 W, 55
2026/10/08 03:53:18.902, 7, 120 MHz, 3996 MHz, 186.12 W, 31
2026/10/08 03:53:19.902, 0, 120 MHz, 3996 MHz, 186.41 W, 36
2026/10/08 03:53:19.902, 1, 120 MHz, 3996 MHz, 188.68 W, 39
2026/10/08 03:53:19.902, 2, 2032 MHz, 3996 MHz, 553.49 W, 40
2026/10/08 03:53:19.902, 3, 2032 MHz, 3996 MHz, 469.88 W, 38
2026/10/08 03:53:19.902, 4, 2032 MHz, 3996 MHz, 990.61 W, 63
2026/10/08 03:53:19.902, 5, 2032 MHz, 3996 MHz, 971.47 W, 60
2026/10/08 03:53:19.902, 6, 2032 MHz, 3996 MHz, 1079.92 W, 55
2026/10/08 03:53:19.902, 7, 120 MHz, 3996 MHz, 186.16 W, 31
2026/10/08 03:53:20.902, 0, 120 MHz, 3996 MHz, 186.41 W, 36
2026/10/08 03:53:20.902, 1, 120 MHz, 3996 MHz, 189.03 W, 39
2026/10/08 03:53:20.902, 2, 2032 MHz, 3996 MHz, 522.70 W, 40
2026/10/08 03:53:20.902, 3, 2032 MHz, 3996 MHz, 450.30 W, 39
2026/10/08 03:53:20.902, 4, 2032 MHz, 3996 MHz, 997.34 W, 63
2026/10/08 03:53:20.902, 5, 2032 MHz, 3996 MHz, 976.41 W, 60
2026/10/08 03:53:20.902, 6, 2032 MHz, 3996 MHz, 454.61 W, 44
2026/10/08 03:53:20.902, 7, 120 MHz, 3996 MHz, 186.72 W, 31
2026/10/08 03:53:21.903, 0, 120 MHz, 3996 MHz, 186.41 W, 36
2026/10/08 03:53:21.903, 1, 120 MHz, 3996 MHz, 189.62 W, 39
2026/10/08 03:53:21.903, 2, 2032 MHz, 3996 MHz, 525.90 W, 40
2026/10/08 03:53:21.903, 3, 2032 MHz, 3996 MHz, 489.45 W, 39
2026/10/08 03:53:21.903, 4, 2032 MHz, 3996 MHz, 994.66 W, 63
2026/10/08 03:53:21.903, 5, 1320 MHz, 3996 MHz, 1037.44 W, 67
2026/10/08 03:53:21.903, 6, 2032 MHz, 3996 MHz, 269.81 W, 42
2026/10/08 03:53:21.903, 7, 120 MHz, 3996 MHz, 186.91 W, 31
2026/10/08 03:53:22.903, 0, 120 MHz, 3996 MHz, 186.41 W, 36
2026/10/08 03:53:22.903, 1, 120 MHz, 3996 MHz, 189.62 W, 39
2026/10/08 03:53:22.903, 2, 2032 MHz, 3996 MHz, 556.67 W, 41
2026/10/08 03:53:22.903, 3, 2032 MHz, 3996 MHz, 464.86 W, 39
2026/10/08 03:53:22.903, 4, 2032 MHz, 3996 MHz, 993.33 W, 63
2026/10/08 03:53:22.903, 5, 1350 MHz, 3996 MHz, 1081.24 W, 68
2026/10/08 03:53:22.903, 6, 2032 MHz, 3996 MHz, 256.36 W, 41
2026/10/08 03:53:22.903, 7, 120 MHz, 3996 MHz, 186.68 W, 31
2026/10/08 03:53:23.903, 0, 120 MHz, 3996 MHz, 186.41 W, 36
2026/10/08 03:53:23.903, 1, 120 MHz, 3996 MHz, 189.55 W, 39
2026/10/08 03:53:23.903, 2, 2032 MHz, 3996 MHz, 552.89 W, 40
2026/10/08 03:53:23.903, 3, 2032 MHz, 3996 MHz, 474.02 W, 37
2026/10/08 03:53:23.903, 4, 2032 MHz, 3996 MHz, 996.49 W, 63
2026/10/08 03:53:23.903, 5, 2032 MHz, 3996 MHz, 1028.71 W, 62
2026/10/08 03:53:23.903, 6, 2032 MHz, 3996 MHz, 254.72 W, 41
2026/10/08 03:53:23.903, 7, 120 MHz, 3996 MHz, 186.48 W, 30
2026/10/08 03:53:24.903, 0, 120 MHz, 3996 MHz, 186.41 W, 36
2026/10/08 03:53:24.903, 1, 120 MHz, 3996 MHz, 189.56 W, 39
2026/10/08 03:53:24.903, 2, 2032 MHz, 3996 MHz, 545.43 W, 40
2026/10/08 03:53:24.903, 3, 2032 MHz, 3996 MHz, 480.89 W, 38
2026/10/08 03:53:24.903, 4, 2032 MHz, 3996 MHz, 995.89 W, 63
2026/10/08 03:53:24.903, 5, 2032 MHz, 3996 MHz, 969.34 W, 61
2026/10/08 03:53:24.903, 6, 2032 MHz, 3996 MHz, 254.59 W, 40
2026/10/08 03:53:24.903, 7, 120 MHz, 3996 MHz, 186.52 W, 30
2026/10/08 03:53:25.903, 0, 120 MHz, 3996 MHz, 186.41 W, 36
2026/10/08 03:53:25.903, 1, 120 MHz, 3996 MHz, 189.58 W, 39
2026/10/08 03:53:25.903, 2, 2032 MHz, 3996 MHz, 550.71 W, 41
2026/10/08 03:53:25.903, 3, 2032 MHz, 3996 MHz, 519.49 W, 39
2026/10/08 03:53:25.904, 4, 2032 MHz, 3996 MHz, 995.69 W, 63
2026/10/08 03:53:25.904, 5, 2032 MHz, 3996 MHz, 970.42 W, 61
2026/10/08 03:53:25.904, 6, 2032 MHz, 3996 MHz, 254.60 W, 40
2026/10/08 03:53:25.904, 7, 120 MHz, 3996 MHz, 186.41 W, 30
2026/10/08 03:53:26.904, 0, 120 MHz, 3996 MHz, 186.41 W, 36
2026/10/08 03:53:26.904, 1, 120 MHz, 3996 MHz, 189.94 W, 39
2026/10/08 03:53:26.904, 2, 2032 MHz, 3996 MHz, 556.54 W, 41
2026/10/08 03:53:26.904, 3, 2032 MHz, 3996 MHz, 480.58 W, 38
2026/10/08 03:53:26.904, 4, 1320 MHz, 3996 MHz, 1073.78 W, 70
2026/10/08 03:53:26.904, 5, 2032 MHz, 3996 MHz, 972.53 W, 62
2026/10/08 03:53:26.904, 6, 2032 MHz, 3996 MHz, 254.35 W, 39
2026/10/08 03:53:26.904, 7, 120 MHz, 3996 MHz, 186.41 W, 30
2026/10/08 03:53:27.904, 0, 120 MHz, 3996 MHz, 186.41 W, 36
2026/10/08 03:53:27.904, 1, 120 MHz, 3996 MHz, 189.78 W, 39
2026/10/08 03:53:27.904, 2, 2032 MHz, 3996 MHz, 536.78 W, 40
2026/10/08 03:53:27.904, 3, 2032 MHz, 3996 MHz, 501.79 W, 39
2026/10/08 03:53:27.904, 4, 1320 MHz, 3996 MHz, 1086.14 W, 70
2026/10/08 03:53:27.904, 5, 2032 MHz, 3996 MHz, 973.08 W, 62
2026/10/08 03:53:27.904, 6, 2032 MHz, 3996 MHz, 253.42 W, 39
2026/10/08 03:53:27.904, 7, 120 MHz, 3996 MHz, 186.41 W, 30
2026/10/08 03:53:28.904, 0, 120 MHz, 3996 MHz, 186.41 W, 36
2026/10/08 03:53:28.904, 1, 120 MHz, 3996 MHz, 189.63 W, 39
2026/10/08 03:53:28.904, 2, 2032 MHz, 3996 MHz, 541.67 W, 41
2026/10/08 03:53:28.904, 3, 2032 MHz, 3996 MHz, 518.60 W, 39
2026/10/08 03:53:28.904, 4, 2032 MHz, 3996 MHz, 1014.60 W, 63
2026/10/08 03:53:28.904, 5, 2032 MHz, 3996 MHz, 971.55 W, 62
2026/10/08 03:53:28.904, 6, 412 MHz, 3996 MHz, 244.41 W, 38
2026/10/08 03:53:28.904, 7, 120 MHz, 3996 MHz, 186.44 W, 30
2026/10/08 03:53:29.904, 0, 120 MHz, 3996 MHz, 186.41 W, 36
2026/10/08 03:53:29.904, 1, 120 MHz, 3996 MHz, 189.62 W, 39
2026/10/08 03:53:29.904, 2, 2032 MHz, 3996 MHz, 563.80 W, 40
2026/10/08 03:53:29.904, 3, 2032 MHz, 3996 MHz, 465.30 W, 38
2026/10/08 03:53:29.904, 4, 2032 MHz, 3996 MHz, 990.10 W, 63
2026/10/08 03:53:29.904, 5, 2032 MHz, 3996 MHz, 976.78 W, 62
2026/10/08 03:53:29.904, 6, 262 MHz, 3996 MHz, 191.96 W, 37
2026/10/08 03:53:29.904, 7, 120 MHz, 3996 MHz, 186.53 W, 30
2026/10/08 03:53:30.905, 0, 120 MHz, 3996 MHz, 186.41 W, 36
2026/10/08 03:53:30.905, 1, 120 MHz, 3996 MHz, 189.82 W, 39
2026/10/08 03:53:30.905, 2, 2032 MHz, 3996 MHz, 563.24 W, 40
2026/10/08 03:53:30.905, 3, 2032 MHz, 3996 MHz, 461.77 W, 39
2026/10/08 03:53:30.905, 4, 2032 MHz, 3996 MHz, 994.22 W, 63
2026/10/08 03:53:30.905, 5, 2032 MHz, 3996 MHz, 972.59 W, 62
2026/10/08 03:53:30.905, 6, 165 MHz, 3996 MHz, 190.67 W, 37
2026/10/08 03:53:30.905, 7, 120 MHz, 3996 MHz, 186.53 W, 30
2026/10/08 03:53:31.905, 0, 120 MHz, 3996 MHz, 186.41 W, 36
2026/10/08 03:53:31.905, 1, 120 MHz, 3996 MHz, 189.37 W, 39
2026/10/08 03:53:31.905, 2, 2032 MHz, 3996 MHz, 567.60 W, 41
2026/10/08 03:53:31.905, 3, 2032 MHz, 3996 MHz, 486.45 W, 39
2026/10/08 03:53:31.905, 4, 2032 MHz, 3996 MHz, 995.73 W, 63
2026/10/08 03:53:31.905, 5, 1515 MHz, 3996 MHz, 1000.93 W, 70
2026/10/08 03:53:31.905, 6, 120 MHz, 3996 MHz, 190.67 W, 36
2026/10/08 03:53:31.905, 7, 120 MHz, 3996 MHz, 186.53 W, 30
2026/10/08 03:53:32.905, 0, 120 MHz, 3996 MHz, 186.41 W, 36
2026/10/08 03:53:32.905, 1, 120 MHz, 3996 MHz, 189.33 W, 39
2026/10/08 03:53:32.905, 2, 2032 MHz, 3996 MHz, 565.14 W, 41
2026/10/08 03:53:32.905, 3, 2032 MHz, 3996 MHz, 488.88 W, 39
2026/10/08 03:53:32.905, 4, 2032 MHz, 3996 MHz, 993.36 W, 63
2026/10/08 03:53:32.905, 5, 1357 MHz, 3996 MHz, 1084.60 W, 69
2026/10/08 03:53:32.905, 6, 120 MHz, 3996 MHz, 190.48 W, 36
2026/10/08 03:53:32.905, 7, 120 MHz, 3996 MHz, 186.53 W, 30
2026/10/08 03:53:33.905, 0, 120 MHz, 3996 MHz, 186.41 W, 36
2026/10/08 03:53:33.905, 1, 120 MHz, 3996 MHz, 189.55 W, 39
2026/10/08 03:53:33.905, 2, 2032 MHz, 3996 MHz, 566.25 W, 41
2026/10/08 03:53:33.905, 3, 2032 MHz, 3996 MHz, 473.57 W, 38
2026/10/08 03:53:33.905, 4, 2032 MHz, 3996 MHz, 996.38 W, 63
2026/10/08 03:53:33.905, 5, 1357 MHz, 3996 MHz, 1081.44 W, 69
2026/10/08 03:53:33.905, 6, 120 MHz, 3996 MHz, 188.72 W, 36
2026/10/08 03:53:33.905, 7, 120 MHz, 3996 MHz, 186.53 W, 30
2026/10/08 03:53:34.905, 0, 120 MHz, 3996 MHz, 186.41 W, 36
2026/10/08 03:53:34.905, 1, 120 MHz, 3996 MHz, 189.31 W, 39
2026/10/08 03:53:34.906, 2, 2032 MHz, 3996 MHz, 543.35 W, 41
2026/10/08 03:53:34.906, 3, 2032 MHz, 3996 MHz, 478.50 W, 38
2026/10/08 03:53:34.906, 4, 2032 MHz, 3996 MHz, 994.08 W, 63
2026/10/08 03:53:34.906, 5, 2032 MHz, 3996 MHz, 961.50 W, 62
2026/10/08 03:53:34.906, 6, 120 MHz, 3996 MHz, 188.72 W, 35
2026/10/08 03:53:34.906, 7, 120 MHz, 3996 MHz, 186.53 W, 30
2026/10/08 03:53:35.906, 0, 120 MHz, 3996 MHz, 186.41 W, 36
2026/10/08 03:53:35.906, 1, 120 MHz, 3996 MHz, 189.22 W, 38
2026/10/08 03:53:35.906, 2, 2032 MHz, 3996 MHz, 543.21 W, 40
2026/10/08 03:53:35.906, 3, 2032 MHz, 3996 MHz, 519.54 W, 39
2026/10/08 03:53:35.906, 4, 2032 MHz, 3996 MHz, 995.60 W, 62
2026/10/08 03:53:35.906, 5, 2032 MHz, 3996 MHz, 969.66 W, 62
2026/10/08 03:53:35.906, 6, 120 MHz, 3996 MHz, 188.72 W, 35
2026/10/08 03:53:35.906, 7, 120 MHz, 3996 MHz, 186.53 W, 29
2026/10/08 03:53:36.906, 0, 120 MHz, 3996 MHz, 186.41 W, 36
2026/10/08 03:53:36.906, 1, 120 MHz, 3996 MHz, 189.02 W, 38
2026/10/08 03:53:36.906, 2, 2032 MHz, 3996 MHz, 519.80 W, 40
2026/10/08 03:53:36.906, 3, 2032 MHz, 3996 MHz, 490.60 W, 38
2026/10/08 03:53:36.906, 4, 2032 MHz, 3996 MHz, 820.68 W, 57
2026/10/08 03:53:36.906, 5, 2032 MHz, 3996 MHz, 971.24 W, 62
2026/10/08 03:53:36.906, 6, 120 MHz, 3996 MHz, 188.72 W, 35
2026/10/08 03:53:36.906, 7, 120 MHz, 3996 MHz, 186.53 W, 29
2026/10/08 03:53:37.906, 0, 120 MHz, 3996 MHz, 186.41 W, 36
2026/10/08 03:53:37.906, 1, 120 MHz, 3996 MHz, 189.04 W, 38
2026/10/08 03:53:37.906, 2, 2032 MHz, 3996 MHz, 528.61 W, 40
2026/10/08 03:53:37.906, 3, 2032 MHz, 3996 MHz, 483.30 W, 39
2026/10/08 03:53:37.906, 4, 2032 MHz, 3996 MHz, 259.96 W, 52
2026/10/08 03:53:37.906, 5, 2032 MHz, 3996 MHz, 973.52 W, 62
2026/10/08 03:53:37.906, 6, 120 MHz, 3996 MHz, 188.72 W, 35
2026/10/08 03:53:37.906, 7, 120 MHz, 3996 MHz, 186.53 W, 29
2026/10/08 03:53:38.906, 0, 120 MHz, 3996 MHz, 186.41 W, 36
2026/10/08 03:53:38.906, 1, 120 MHz, 3996 MHz, 188.84 W, 38
2026/10/08 03:53:38.906, 2, 2032 MHz, 3996 MHz, 555.83 W, 41
2026/10/08 03:53:38.906, 3, 2032 MHz, 3996 MHz, 499.04 W, 38
2026/10/08 03:53:38.906, 4, 2032 MHz, 3996 MHz, 269.12 W, 51
2026/10/08 03:53:38.906, 5, 2032 MHz, 3996 MHz, 977.79 W, 62
2026/10/08 03:53:38.906, 6, 120 MHz, 3996 MHz, 188.72 W, 34
2026/10/08 03:53:38.906, 7, 120 MHz, 3996 MHz, 186.53 W, 29
2026/10/08 03:53:39.907, 0, 120 MHz, 3996 MHz, 186.41 W, 36
2026/10/08 03:53:39.907, 1, 120 MHz, 3996 MHz, 189.15 W, 38
2026/10/08 03:53:39.907, 2, 2032 MHz, 3996 MHz, 517.30 W, 40
2026/10/08 03:53:39.907, 3, 2032 MHz, 3996 MHz, 510.02 W, 38
2026/10/08 03:53:39.907, 4, 2032 MHz, 3996 MHz, 255.74 W, 50
2026/10/08 03:53:39.907, 5, 2032 MHz, 3996 MHz, 975.66 W, 62
2026/10/08 03:53:39.907, 6, 120 MHz, 3996 MHz, 188.72 W, 34
2026/10/08 03:53:39.907, 7, 120 MHz, 3996 MHz, 186.53 W, 29
2026/10/08 03:53:40.907, 0, 120 MHz, 3996 MHz, 186.41 W, 36
2026/10/08 03:53:40.907, 1, 120 MHz, 3996 MHz, 189.06 W, 38
2026/10/08 03:53:40.907, 2, 2032 MHz, 3996 MHz, 558.02 W, 40
2026/10/08 03:53:40.907, 3, 2032 MHz, 3996 MHz, 481.43 W, 39
2026/10/08 03:53:40.907, 4, 2032 MHz, 3996 MHz, 255.19 W, 49
2026/10/08 03:53:40.907, 5, 2032 MHz, 3996 MHz, 976.05 W, 62
2026/10/08 03:53:40.907, 6, 120 MHz, 3996 MHz, 188.72 W, 34
2026/10/08 03:53:40.907, 7, 120 MHz, 3996 MHz, 186.53 W, 29
2026/10/08 03:53:41.907, 0, 120 MHz, 3996 MHz, 186.41 W, 36
2026/10/08 03:53:41.907, 1, 120 MHz, 3996 MHz, 188.65 W, 38
2026/10/08 03:53:41.907, 2, 2032 MHz, 3996 MHz, 556.00 W, 41
2026/10/08 03:53:41.907, 3, 2032 MHz, 3996 MHz, 476.48 W, 39
2026/10/08 03:53:41.907, 4, 2032 MHz, 3996 MHz, 255.17 W, 49
2026/10/08 03:53:41.907, 5, 2032 MHz, 3996 MHz, 982.39 W, 62
2026/10/08 03:53:41.907, 6, 120 MHz, 3996 MHz, 188.72 W, 34
2026/10/08 03:53:41.907, 7, 120 MHz, 3996 MHz, 186.53 W, 29
2026/10/08 03:53:42.907, 0, 120 MHz, 3996 MHz, 186.41 W, 36
2026/10/08 03:53:42.907, 1, 120 MHz, 3996 MHz, 188.84 W, 38
2026/10/08 03:53:42.907, 2, 2032 MHz, 3996 MHz, 604.14 W, 41
2026/10/08 03:53:42.907, 3, 2032 MHz, 3996 MHz, 507.19 W, 39
2026/10/08 03:53:42.907, 4, 2032 MHz, 3996 MHz, 254.39 W, 48
2026/10/08 03:53:42.907, 5, 2032 MHz, 3996 MHz, 507.47 W, 53
2026/10/08 03:53:42.907, 6, 120 MHz, 3996 MHz, 188.72 W, 34
2026/10/08 03:53:42.907, 7, 120 MHz, 3996 MHz, 186.53 W, 29
2026/10/08 03:53:43.907, 0, 120 MHz, 3996 MHz, 186.41 W, 36
2026/10/08 03:53:43.907, 1, 120 MHz, 3996 MHz, 188.77 W, 38
2026/10/08 03:53:43.907, 2, 2032 MHz, 3996 MHz, 449.58 W, 37
2026/10/08 03:53:43.907, 3, 2032 MHz, 3996 MHz, 486.72 W, 39
2026/10/08 03:53:43.907, 4, 2032 MHz, 3996 MHz, 254.00 W, 48
2026/10/08 03:53:43.907, 5, 2032 MHz, 3996 MHz, 263.75 W, 51
2026/10/08 03:53:43.907, 6, 120 MHz, 3996 MHz, 188.72 W, 34
2026/10/08 03:53:43.907, 7, 120 MHz, 3996 MHz, 186.53 W, 29
2026/10/08 03:53:44.908, 0, 120 MHz, 3996 MHz, 186.41 W, 36
2026/10/08 03:53:44.908, 1, 120 MHz, 3996 MHz, 188.96 W, 38
2026/10/08 03:53:44.908, 2, 2032 MHz, 3996 MHz, 239.84 W, 36
2026/10/08 03:53:44.908, 3, 2032 MHz, 3996 MHz, 517.38 W, 39
2026/10/08 03:53:44.908, 4, 2025 MHz, 3996 MHz, 252.33 W, 47
2026/10/08 03:53:44.908, 5, 2032 MHz, 3996 MHz, 250.38 W, 50
2026/10/08 03:53:44.908, 6, 120 MHz, 3996 MHz, 188.72 W, 33
2026/10/08 03:53:44.908, 7, 120 MHz, 3996 MHz, 186.53 W, 29
