timestamp, index, clocks.current.sm [MHz], clocks.current.memory [MHz], power.draw [W], temperature.gpu
2026/10/08 04:35:15.897, 0, 2032 MHz, 3996 MHz, 244.18 W, 37
2026/10/08 04:35:15.903, 1, 2032 MHz, 3996 MHz, 250.02 W, 40
2026/10/08 04:35:15.909, 2, 120 MHz, 3996 MHz, 183.74 W, 29
2026/10/08 04:35:15.918, 3, 120 MHz, 3996 MHz, 182.20 W, 29
2026/10/08 04:35:15.927, 4, 120 MHz, 3996 MHz, 184.47 W, 37
2026/10/08 04:35:15.931, 5, 120 MHz, 3996 MHz, 183.04 W, 35
2026/10/08 04:35:15.934, 6, 120 MHz, 3996 MHz, 184.83 W, 29
2026/10/08 04:35:15.938, 7, 120 MHz, 3996 MHz, 184.68 W, 28
2026/10/08 04:35:16.943, 0, 2032 MHz, 3996 MHz, 244.18 W, 37
2026/10/08 04:35:16.943, 1, 2032 MHz, 3996 MHz, 250.82 W, 39
2026/10/08 04:35:16.943, 2, 120 MHz, 3996 MHz, 183.35 W, 29
2026/10/08 04:35:16.943, 3, 120 MHz, 3996 MHz, 182.21 W, 29
2026/10/08 04:35:16.943, 4, 120 MHz, 3996 MHz, 184.55 W, 37
2026/10/08 04:35:16.943, 5, 120 MHz, 3996 MHz, 182.88 W, 35
2026/10/08 04:35:16.943, 6, 120 MHz, 3996 MHz, 184.83 W, 29
2026/10/08 04:35:16.943, 7, 120 MHz, 3996 MHz, 184.66 W, 28
2026/10/08 04:35:17.943, 0, 2032 MHz, 3996 MHz, 244.26 W, 37
2026/10/08 04:35:17.943, 1, 2032 MHz, 3996 MHz, 251.07 W, 39
2026/10/08 04:35:17.943, 2, 120 MHz, 3996 MHz, 183.50 W, 29
2026/10/08 04:35:17.943, 3, 120 MHz, 3996 MHz, 182.20 W, 29
2026/10/08 04:35:17.943, 4, 120 MHz, 3996 MHz, 184.51 W, 37
2026/10/08 04:35:17.943, 5, 120 MHz, 3996 MHz, 182.91 W, 35
2026/10/08 04:35:17.943, 6, 120 MHz, 3996 MHz, 184.83 W, 29
2026/10/08 04:35:17.944, 7, 120 MHz, 3996 MHz, 184.63 W, 28
2026/10/08 04:35:18.944, 0, 2032 MHz, 3996 MHz, 244.18 W, 37
2026/10/08 04:35:18.944, 1, 2032 MHz, 3996 MHz, 251.65 W, 39
2026/10/08 04:35:18.944, 2, 120 MHz, 3996 MHz, 183.74 W, 29
2026/10/08 04:35:18.944, 3, 120 MHz, 3996 MHz, 182.20 W, 29
2026/10/08 04:35:18.944, 4, 120 MHz, 3996 MHz, 184.58 W, 37
2026/10/08 04:35:18.944, 5, 120 MHz, 3996 MHz, 184.43 W, 35
2026/10/08 04:35:18.944, 6, 120 MHz, 3996 MHz, 184.83 W, 29
2026/10/08 04:35:18.944, 7, 120 MHz, 3996 MHz, 184.65 W, 28
2026/10/08 04:35:19.944, 0, 2032 MHz, 3996 MHz, 244.19 W, 37
2026/10/08 04:35:19.944, 1, 2032 MHz, 3996 MHz, 251.61 W, 39
2026/10/08 04:35:19.944, 2, 120 MHz, 3996 MHz, 183.78 W, 29
2026/10/08 04:35:19.944, 3, 120 MHz, 3996 MHz, 182.20 W, 29
2026/10/08 04:35:19.944, 4, 120 MHz, 3996 MHz, 185.40 W, 37
2026/10/08 04:35:19.944, 5, 120 MHz, 3996 MHz, 184.48 W, 35
2026/10/08 04:35:19.944, 6, 120 MHz, 3996 MHz, 184.83 W, 29
2026/10/08 04:35:19.944, 7, 120 MHz, 3996 MHz, 184.65 W, 28
2026/10/08 04:35:20.944, 0, 2032 MHz, 3996 MHz, 244.19 W, 37
2026/10/08 04:35:20.944, 1, 2032 MHz, 3996 MHz, 251.39 W, 39
2026/10/08 04:35:20.944, 2, 120 MHz, 3996 MHz, 182.82 W, 29
2026/10/08 04:35:20.944, 3, 120 MHz, 3996 MHz, 182.21 W, 29
2026/10/08 04:35:20.944, 4, 120 MHz, 3996 MHz, 185.55 W, 37
2026/10/08 04:35:20.945, 5, 120 MHz, 3996 MHz, 184.36 W, 35
2026/10/08 04:35:20.945, 6, 120 MHz, 3996 MHz, 184.99 W, 29
2026/10/08 04:35:20.945, 7, 120 MHz, 3996 MHz, 184.62 W, 28
2026/10/08 04:35:21.945, 0, 2032 MHz, 3996 MHz, 244.49 W, 37
2026/10/08 04:35:21.945, 1, 2032 MHz, 3996 MHz, 251.97 W, 39
2026/10/08 04:35:21.945, 2, 120 MHz, 3996 MHz, 182.95 W, 29
2026/10/08 04:35:21.945, 3, 120 MHz, 3996 MHz, 182.21 W, 29
2026/10/08 04:35:21.945, 4, 120 MHz, 3996 MHz, 184.59 W, 37
2026/10/08 04:35:21.945, 5, 120 MHz, 3996 MHz, 184.55 W, 35
2026/10/08 04:35:21.945, 6, 120 MHz, 3996 MHz, 184.87 W, 29
2026/10/08 04:35:21.945, 7, 120 MHz, 3996 MHz, 184.66 W, 28
2026/10/08 04:35:22.945, 0, 2032 MHz, 3996 MHz, 258.11 W, 37
2026/10/08 04:35:22.945, 1, 2032 MHz, 3996 MHz, 263.36 W, 39
2026/10/08 04:35:22.945, 2, 120 MHz, 3996 MHz, 183.11 W, 29
2026/10/08 04:35:22.945, 3, 120 MHz, 3996 MHz, 182.21 W, 29
2026/10/08 04:35:22.945, 4, 120 MHz, 3996 MHz, 184.58 W, 37
2026/10/08 04:35:22.945, 5, 120 MHz, 3996 MHz, 184.39 W, 35
2026/10/08 04:35:22.945, 6, 120 MHz, 3996 MHz, 184.83 W, 29
2026/10/08 04:35:22.945, 7, 120 MHz, 3996 MHz, 184.65 W, 28
2026/10/08 04:35:23.945, 0, 2032 MHz, 3996 MHz, 259.82 W, 37
2026/10/08 04:35:23.945, 1, 2032 MHz, 3996 MHz, 270.10 W, 40
2026/10/08 04:35:23.945, 2, 120 MHz, 3996 MHz, 182.86 W, 29
2026/10/08 04:35:23.945, 3, 120 MHz, 3996 MHz, 182.20 W, 29
2026/10/08 04:35:23.946, 4, 120 MHz, 3996 MHz, 184.59 W, 37
2026/10/08 04:35:23.946, 5, 120 MHz, 3996 MHz, 184.52 W, 35
2026/10/08 04:35:23.946, 6, 120 MHz, 3996 MHz, 184.83 W, 29
2026/10/08 04:35:23.946, 7, 120 MHz, 3996 MHz, 184.65 W, 28
2026/10/08 04:35:24.946, 0, 2032 MHz, 3996 MHz, 253.21 W, 37
2026/10/08 04:35:24.946, 1, 2032 MHz, 3996 MHz, 257.99 W, 39
2026/10/08 04:35:24.946, 2, 120 MHz, 3996 MHz, 183.01 W, 29
2026/10/08 04:35:24.946, 3, 120 MHz, 3996 MHz, 182.21 W, 29
2026/10/08 04:35:24.946, 4, 120 MHz, 3996 MHz, 184.59 W, 37
2026/10/08 04:35:24.946, 5, 120 MHz, 3996 MHz, 184.48 W, 35
2026/10/08 04:35:24.946, 6, 120 MHz, 3996 MHz, 184.83 W, 29
2026/10/08 04:35:24.946, 7, 120 MHz, 3996 MHz, 184.64 W, 28
2026/10/08 04:35:25.946, 0, 2032 MHz, 3996 MHz, 244.19 W, 37
2026/10/08 04:35:25.946, 1, 2032 MHz, 3996 MHz, 250.64 W, 39
2026/10/08 04:35:25.946, 2, 120 MHz, 3996 MHz, 182.76 W, 29
2026/10/08 04:35:25.946, 3, 120 MHz, 3996 MHz, 182.22 W, 29
2026/10/08 04:35:25.946, 4, 120 MHz, 3996 MHz, 184.58 W, 37
2026/10/08 04:35:25.946, 5, 120 MHz, 3996 MHz, 184.40 W, 35
2026/10/08 04:35:25.946, 6, 120 MHz, 3996 MHz, 184.83 W, 29
2026/10/08 04:35:25.946, 7, 120 MHz, 3996 MHz, 184.65 W, 28
2026/10/08 04:35:26.946, 0, 2032 MHz, 3996 MHz, 244.18 W, 37
2026/10/08 04:35:26.946, 1, 2032 MHz, 3996 MHz, 250.29 W, 39
2026/10/08 04:35:26.946, 2, 120 MHz, 3996 MHz, 182.79 W, 29
2026/10/08 04:35:26.946, 3, 120 MHz, 3996 MHz, 182.23 W, 29
2026/10/08 04:35:26.946, 4, 120 MHz, 3996 MHz, 184.59 W, 37
2026/10/08 04:35:26.946, 5, 120 MHz, 3996 MHz, 184.20 W, 35
2026/10/08 04:35:26.946, 6, 120 MHz, 3996 MHz, 184.83 W, 29
2026/10/08 04:35:26.946, 7, 120 MHz, 3996 MHz, 184.68 W, 28
2026/10/08 04:35:27.947, 0, 2032 MHz, 3996 MHz, 244.18 W, 37
2026/10/08 04:35:27.947, 1, 2032 MHz, 3996 MHz, 250.18 W, 39
2026/10/08 04:35:27.947, 2, 120 MHz, 3996 MHz, 183.03 W, 29
2026/10/08 04:35:27.947, 3, 120 MHz, 3996 MHz, 182.19 W, 29
2026/10/08 04:35:27.947, 4, 120 MHz, 3996 MHz, 184.59 W, 36
2026/10/08 04:35:27.947, 5, 120 MHz, 3996 MHz, 184.36 W, 35
2026/10/08 04:35:27.947, 6, 120 MHz, 3996 MHz, 184.83 W, 29
2026/10/08 04:35:27.947, 7, 120 MHz, 3996 MHz, 184.68 W, 28
2026/10/08 04:35:28.947, 0, 2032 MHz, 3996 MHz, 244.18 W, 37
2026/10/08 04:35:28.947, 1, 2032 MHz, 3996 MHz, 250.22 W, 39
2026/10/08 04:35:28.947, 2, 120 MHz, 3996 MHz, 182.64 W, 29
2026/10/08 04:35:28.947, 3, 120 MHz, 3996 MHz, 182.21 W, 29
2026/10/08 04:35:28.947, 4, 120 MHz, 3996 MHz, 184.58 W, 36
2026/10/08 04:35:28.947, 5, 120 MHz, 3996 MHz, 184.55 W, 35
2026/10/08 04:35:28.947, 6, 120 MHz, 3996 MHz, 184.83 W, 29
2026/10/08 04:35:28.947, 7, 120 MHz, 3996 MHz, 184.63 W, 28
2026/10/08 04:35:29.949, 0, 2032 MHz, 3996 MHz, 244.18 W, 37
2026/10/08 04:35:29.949, 1, 2032 MHz, 3996 MHz, 250.03 W, 39
2026/10/08 04:35:29.949, 2, 120 MHz, 3996 MHz, 182.68 W, 29
2026/10/08 04:35:29.949, 3, 120 MHz, 3996 MHz, 182.16 W, 29
2026/10/08 04:35:29.949, 4, 120 MHz, 3996 MHz, 184.59 W, 36
2026/10/08 04:35:29.949, 5, 120 MHz, 3996 MHz, 184.17 W, 35
2026/10/08 04:35:29.949, 6, 120 MHz, 3996 MHz, 184.83 W, 29
2026/10/08 04:35:29.949, 7, 120 MHz, 3996 MHz, 184.64 W, 28
2026/10/08 04:35:30.949, 0, 2032 MHz, 3996 MHz, 244.18 W, 37
2026/10/08 04:35:30.949, 1, 2032 MHz, 3996 MHz, 250.10 W, 39
2026/10/08 04:35:30.949, 2, 120 MHz, 3996 MHz, 182.94 W, 29
2026/10/08 04:35:30.949, 3, 120 MHz, 3996 MHz, 182.20 W, 29
2026/10/08 04:35:30.949, 4, 120 MHz, 3996 MHz, 184.58 W, 36
2026/10/08 04:35:30.949, 5, 120 MHz, 3996 MHz, 184.12 W, 35
2026/10/08 04:35:30.949, 6, 120 MHz, 3996 MHz, 184.83 W, 29
2026/10/08 04:35:30.949, 7, 120 MHz, 3996 MHz, 184.67 W, 28
2026/10/08 04:35:31.949, 0, 2032 MHz, 3996 MHz, 244.20 W, 37
2026/10/08 04:35:31.949, 1, 2032 MHz, 3996 MHz, 250.15 W, 39
2026/10/08 04:35:31.949, 2, 120 MHz, 3996 MHz, 183.98 W, 29
2026/10/08 04:35:31.949, 3, 120 MHz, 3996 MHz, 182.18 W, 29
2026/10/08 04:35:31.949, 4, 120 MHz, 3996 MHz, 184.59 W, 36
2026/10/08 04:35:31.949, 5, 120 MHz, 3996 MHz, 184.13 W, 35
2026/10/08 04:35:31.949, 6, 120 MHz, 3996 MHz, 184.83 W, 29
2026/10/08 04:35:31.949, 7, 120 MHz, 3996 MHz, 184.67 W, 28
2026/10/08 04:35:32.950, 0, 2032 MHz, 3996 MHz, 244.19 W, 36
2026/10/08 04:35:32.950, 1, 2032 MHz, 3996 MHz, 249.99 W, 39
2026/10/08 04:35:32.950, 2, 120 MHz, 3996 MHz, 184.09 W, 29
2026/10/08 04:35:32.950, 3, 120 MHz, 3996 MHz, 182.22 W, 29
2026/10/08 04:35:32.950, 4, 120 MHz, 3996 MHz, 184.59 W, 36
2026/10/08 04:35:32.950, 5, 120 MHz, 3996 MHz, 183.62 W, 35
2026/10/08 04:35:32.950, 6, 120 MHz, 3996 MHz, 184.83 W, 29
2026/10/08 04:35:32.950, 7, 120 MHz, 3996 MHz, 184.68 W, 28
2026/10/08 04:35:33.950, 0, 2032 MHz, 3996 MHz, 244.20 W, 36
2026/10/08 04:35:33.950, 1, 2032 MHz, 3996 MHz, 253.07 W, 39
2026/10/08 04:35:33.950, 2, 120 MHz, 3996 MHz, 184.09 W, 29
2026/10/08 04:35:33.950, 3, 120 MHz, 3996 MHz, 182.33 W, 29
2026/10/08 04:35:33.950, 4, 120 MHz, 3996 MHz, 184.59 W, 36
2026/10/08 04:35:33.950, 5, 120 MHz, 3996 MHz, 183.51 W, 35
2026/10/08 04:35:33.950, 6, 120 MHz, 3996 MHz, 184.91 W, 29
2026/10/08 04:35:33.950, 7, 120 MHz, 3996 MHz, 184.67 W, 28
2026/10/08 04:35:34.950, 0, 2032 MHz, 3996 MHz, 248.04 W, 36
2026/10/08 04:35:34.950, 1, 2032 MHz, 3996 MHz, 254.49 W, 39
2026/10/08 04:35:34.950, 2, 120 MHz, 3996 MHz, 182.71 W, 29
2026/10/08 04:35:34.950, 3, 120 MHz, 3996 MHz, 182.21 W, 29
2026/10/08 04:35:34.950, 4, 120 MHz, 3996 MHz, 184.47 W, 36
2026/10/08 04:35:34.950, 5, 120 MHz, 3996 MHz, 183.34 W, 34
2026/10/08 04:35:34.950, 6, 120 MHz, 3996 MHz, 184.98 W, 29
2026/10/08 04:35:34.950, 7, 120 MHz, 3996 MHz, 184.65 W, 28
2026/10/08 04:35:35.951, 0, 2032 MHz, 3996 MHz, 250.64 W, 36
2026/10/08 04:35:35.951, 1, 2032 MHz, 3996 MHz, 253.67 W, 39
2026/10/08 04:35:35.951, 2, 120 MHz, 3996 MHz, 182.29 W, 29
2026/10/08 04:35:35.951, 3, 120 MHz, 3996 MHz, 182.20 W, 29
2026/10/08 04:35:35.951, 4, 120 MHz, 3996 MHz, 184.32 W, 36
2026/10/08 04:35:35.951, 5, 120 MHz, 3996 MHz, 183.56 W, 34
2026/10/08 04:35:35.951, 6, 120 MHz, 3996 MHz, 185.06 W, 29
2026/10/08 04:35:35.951, 7, 120 MHz, 3996 MHz, 184.62 W, 28
2026/10/08 04:35:36.951, 0, 2032 MHz, 3996 MHz, 244.17 W, 36
2026/10/08 04:35:36.951, 1, 2032 MHz, 3996 MHz, 249.85 W, 39
2026/10/08 04:35:36.951, 2, 120 MHz, 3996 MHz, 182.33 W, 29
2026/10/08 04:35:36.951, 3, 120 MHz, 3996 MHz, 182.23 W, 29
2026/10/08 04:35:36.951, 4, 120 MHz, 3996 MHz, 184.44 W, 36
2026/10/08 04:35:36.951, 5, 120 MHz, 3996 MHz, 183.42 W, 34
2026/10/08 04:35:36.951, 6, 120 MHz, 3996 MHz, 184.91 W, 29
2026/10/08 04:35:36.951, 7, 120 MHz, 3996 MHz, 184.66 W, 28
2026/10/08 04:35:37.951, 0, 2032 MHz, 3996 MHz, 244.16 W, 36
2026/10/08 04:35:37.952, 1, 2032 MHz, 3996 MHz, 249.97 W, 39
2026/10/08 04:35:37.952, 2, 120 MHz, 3996 MHz, 182.41 W, 29
2026/10/08 04:35:37.952, 3, 120 MHz, 3996 MHz, 182.21 W, 29
2026/10/08 04:35:37.952, 4, 120 MHz, 3996 MHz, 184.20 W, 36
2026/10/08 04:35:37.952, 5, 120 MHz, 3996 MHz, 183.47 W, 34
2026/10/08 04:35:37.952, 6, 120 MHz, 3996 MHz, 185.14 W, 29
2026/10/08 04:35:37.952, 7, 120 MHz, 3996 MHz, 184.65 W, 27
2026/10/08 04:35:38.952, 0, 2032 MHz, 3996 MHz, 244.14 W, 36
2026/10/08 04:35:38.952, 1, 2032 MHz, 3996 MHz, 249.90 W, 39
2026/10/08 04:35:38.952, 2, 120 MHz, 3996 MHz, 182.25 W, 29
2026/10/08 04:35:38.952, 3, 120 MHz, 3996 MHz, 182.22 W, 29
2026/10/08 04:35:38.952, 4, 120 MHz, 3996 MHz, 183.77 W, 36
2026/10/08 04:35:38.952, 5, 120 MHz, 3996 MHz, 182.81 W, 34
2026/10/08 04:35:38.952, 6, 120 MHz, 3996 MHz, 184.83 W, 29
2026/10/08 04:35:38.952, 7, 120 MHz, 3996 MHz, 184.65 W, 27
2026/10/08 04:35:39.952, 0, 2032 MHz, 3996 MHz, 244.15 W, 36
2026/10/08 04:35:39.952, 1, 2032 MHz, 3996 MHz, 249.84 W, 39
2026/10/08 04:35:39.952, 2, 120 MHz, 3996 MHz, 182.26 W, 29
2026/10/08 04:35:39.952, 3, 120 MHz, 3996 MHz, 182.21 W, 29
2026/10/08 04:35:39.952, 4, 120 MHz, 3996 MHz, 183.71 W, 36
2026/10/08 04:35:39.952, 5, 120 MHz, 3996 MHz, 182.95 W, 34
2026/10/08 04:35:39.952, 6, 120 MHz, 3996 MHz, 184.91 W, 29
2026/10/08 04:35:39.952, 7, 120 MHz, 3996 MHz, 184.63 W, 27
2026/10/08 04:35:40.953, 0, 2032 MHz, 3996 MHz, 244.16 W, 36
2026/10/08 04:35:40.953, 1, 2032 MHz, 3996 MHz, 249.86 W, 39
2026/10/08 04:35:40.953, 2, 120 MHz, 3996 MHz, 182.18 W, 29
2026/10/08 04:35:40.953, 3, 120 MHz, 3996 MHz, 182.18 W, 29
2026/10/08 04:35:40.953, 4, 120 MHz, 3996 MHz, 183.52 W, 36
2026/10/08 04:35:40.953, 5, 120 MHz, 3996 MHz, 182.88 W, 34
2026/10/08 04:35:40.953, 6, 120 MHz, 3996 MHz, 184.87 W, 29
2026/10/08 04:35:40.953, 7, 120 MHz, 3996 MHz, 184.62 W, 27
2026/10/08 04:35:41.953, 0, 2032 MHz, 3996 MHz, 244.10 W, 36
2026/10/08 04:35:41.953, 1, 2032 MHz, 3996 MHz, 249.90 W, 39
2026/10/08 04:35:41.953, 2, 120 MHz, 3996 MHz, 182.13 W, 29
2026/10/08 04:35:41.953, 3, 120 MHz, 3996 MHz, 182.20 W, 29
2026/10/08 04:35:41.953, 4, 120 MHz, 3996 MHz, 183.19 W, 36
2026/10/08 04:35:41.953, 5, 120 MHz, 3996 MHz, 182.76 W, 34
2026/10/08 04:35:41.953, 6, 120 MHz, 3996 MHz, 184.99 W, 29
2026/10/08 04:35:41.953, 7, 120 MHz, 3996 MHz, 184.63 W, 27
2026/10/08 04:35:42.953, 0, 2032 MHz, 3996 MHz, 244.09 W, 36
2026/10/08 04:35:42.953, 1, 2032 MHz, 3996 MHz, 249.87 W, 38
2026/10/08 04:35:42.953, 2, 120 MHz, 3996 MHz, 182.15 W, 29
2026/10/08 04:35:42.953, 3, 120 MHz, 3996 MHz, 182.16 W, 29
2026/10/08 04:35:42.953, 4, 2032 MHz, 3996 MHz, 208.53 W, 37
2026/10/08 04:35:42.953, 5, 120 MHz, 3996 MHz, 183.13 W, 34
2026/10/08 04:35:42.953, 6, 120 MHz, 3996 MHz, 184.83 W, 29
2026/10/08 04:35:42.953, 7, 120 MHz, 3996 MHz, 184.62 W, 27
2026/10/08 04:35:43.954, 0, 2032 MHz, 3996 MHz, 243.97 W, 36
2026/10/08 04:35:43.954, 1, 2032 MHz, 3996 MHz, 249.88 W, 38
2026/10/08 04:35:43.954, 2, 120 MHz, 3996 MHz, 182.15 W, 29
2026/10/08 04:35:43.954, 3, 120 MHz, 3996 MHz, 182.24 W, 29
2026/10/08 04:35:43.954, 4, 2032 MHz, 3996 MHz, 244.50 W, 37
2026/10/08 04:35:43.954, 5, 120 MHz, 3996 MHz, 182.76 W, 34
2026/10/08 04:35:43.954, 6, 120 MHz, 3996 MHz, 184.91 W, 29
2026/10/08 04:35:43.954, 7, 120 MHz, 3996 MHz, 184.61 W, 27
2026/10/08 04:35:44.954, 0, 2032 MHz, 3996 MHz, 243.89 W, 36
2026/10/08 04:35:44.954, 1, 2032 MHz, 3996 MHz, 249.88 W, 38
2026/10/08 04:35:44.954, 2, 120 MHz, 3996 MHz, 182.14 W, 29
2026/10/08 04:35:44.954, 3, 120 MHz, 3996 MHz, 182.19 W, 29
2026/10/08 04:35:44.954, 4, 2032 MHz, 3996 MHz, 244.50 W, 37
2026/10/08 04:35:44.954, 5, 120 MHz, 3996 MHz, 182.87 W, 34
2026/10/08 04:35:44.954, 6, 2032 MHz, 3996 MHz, 213.36 W, 30
2026/10/08 04:35:44.954, 7, 120 MHz, 3996 MHz, 184.54 W, 27
2026/10/08 04:35:45.954, 0, 2032 MHz, 3996 MHz, 244.34 W, 36
2026/10/08 04:35:45.954, 1, 2032 MHz, 3996 MHz, 250.32 W, 38
2026/10/08 04:35:45.954, 2, 120 MHz, 3996 MHz, 182.13 W, 29
2026/10/08 04:35:45.954, 3, 120 MHz, 3996 MHz, 182.22 W, 29
2026/10/08 04:35:45.954, 4, 2032 MHz, 3996 MHz, 244.59 W, 37
2026/10/08 04:35:45.954, 5, 2032 MHz, 3996 MHz, 234.35 W, 35
2026/10/08 04:35:45.954, 6, 2032 MHz, 3996 MHz, 245.02 W, 30
2026/10/08 04:35:45.954, 7, 120 MHz, 3996 MHz, 184.47 W, 27
2026/10/08 04:35:46.955, 0, 2032 MHz, 3996 MHz, 243.73 W, 36
2026/10/08 04:35:46.955, 1, 2032 MHz, 3996 MHz, 249.87 W, 38
2026/10/08 04:35:46.955, 2, 120 MHz, 3996 MHz, 182.13 W, 29
2026/10/08 04:35:46.955, 3, 120 MHz, 3996 MHz, 182.07 W, 29
2026/10/08 04:35:46.955, 4, 2032 MHz, 3996 MHz, 246.05 W, 37
2026/10/08 04:35:46.955, 5, 2032 MHz, 3996 MHz, 236.15 W, 35
2026/10/08 04:35:46.955, 6, 2032 MHz, 3996 MHz, 244.98 W, 30
2026/10/08 04:35:46.955, 7, 120 MHz, 3996 MHz, 184.47 W, 27
2026/10/08 04:35:47.955, 0, 2032 MHz, 3996 MHz, 243.59 W, 36
2026/10/08 04:35:47.955, 1, 2032 MHz, 3996 MHz, 249.87 W, 38
2026/10/08 04:35:47.955, 2, 120 MHz, 3996 MHz, 182.13 W, 29
2026/10/08 04:35:47.955, 3, 120 MHz, 3996 MHz, 182.03 W, 29
2026/10/08 04:35:47.955, 4, 2032 MHz, 3996 MHz, 244.61 W, 37
2026/10/08 04:35:47.955, 5, 2032 MHz, 3996 MHz, 237.84 W, 35
2026/10/08 04:35:47.955, 6, 2032 MHz, 3996 MHz, 246.66 W, 30
2026/10/08 04:35:47.955, 7, 120 MHz, 3996 MHz, 184.47 W, 27
2026/10/08 04:35:48.955, 0, 2032 MHz, 3996 MHz, 243.39 W, 36
2026/10/08 04:35:48.955, 1, 2032 MHz, 3996 MHz, 249.85 W, 38
2026/10/08 04:35:48.955, 2, 120 MHz, 3996 MHz, 182.17 W, 29
2026/10/08 04:35:48.955, 3, 120 MHz, 3996 MHz, 182.19 W, 29
2026/10/08 04:35:48.955, 4, 2032 MHz, 3996 MHz, 248.86 W, 37
2026/10/08 04:35:48.955, 5, 2032 MHz, 3996 MHz, 237.33 W, 35
2026/10/08 04:35:48.955, 6, 2032 MHz, 3996 MHz, 246.68 W, 30
2026/10/08 04:35:48.955, 7, 2032 MHz, 3996 MHz, 211.50 W, 28
2026/10/08 04:35:49.955, 0, 2032 MHz, 3996 MHz, 243.10 W, 36
2026/10/08 04:35:49.955, 1, 2032 MHz, 3996 MHz, 249.83 W, 38
2026/10/08 04:35:49.956, 2, 120 MHz, 3996 MHz, 182.18 W, 29
2026/10/08 04:35:49.956, 3, 120 MHz, 3996 MHz, 182.24 W, 29
2026/10/08 04:35:49.956, 4, 2032 MHz, 3996 MHz, 259.02 W, 37
2026/10/08 04:35:49.956, 5, 2032 MHz, 3996 MHz, 255.07 W, 36
2026/10/08 04:35:49.956, 6, 2032 MHz, 3996 MHz, 245.21 W, 30
2026/10/08 04:35:49.956, 7, 2032 MHz, 3996 MHz, 234.87 W, 28
2026/10/08 04:35:50.956, 0, 2032 MHz, 3996 MHz, 243.18 W, 36
2026/10/08 04:35:50.956, 1, 2032 MHz, 3996 MHz, 249.85 W, 38
2026/10/08 04:35:50.956, 2, 120 MHz, 3996 MHz, 182.13 W, 29
2026/10/08 04:35:50.956, 3, 120 MHz, 3996 MHz, 182.05 W, 29
2026/10/08 04:35:50.956, 4, 2032 MHz, 3996 MHz, 279.92 W, 37
2026/10/08 04:35:50.956, 5, 2032 MHz, 3996 MHz, 273.32 W, 36
2026/10/08 04:35:50.956, 6, 2032 MHz, 3996 MHz, 264.30 W, 30
2026/10/08 04:35:50.956, 7, 2032 MHz, 3996 MHz, 234.85 W, 28
2026/10/08 04:35:51.956, 0, 2032 MHz, 3996 MHz, 242.95 W, 36
2026/10/08 04:35:51.956, 1, 2032 MHz, 3996 MHz, 249.85 W, 38
2026/10/08 04:35:51.956, 2, 120 MHz, 3996 MHz, 182.21 W, 29
2026/10/08 04:35:51.956, 3, 120 MHz, 3996 MHz, 182.16 W, 29
2026/10/08 04:35:51.956, 4, 2032 MHz, 3996 MHz, 246.62 W, 37
2026/10/08 04:35:51.956, 5, 2032 MHz, 3996 MHz, 254.91 W, 36
2026/10/08 04:35:51.956, 6, 2032 MHz, 3996 MHz, 284.23 W, 30
2026/10/08 04:35:51.956, 7, 2032 MHz, 3996 MHz, 236.70 W, 28
2026/10/08 04:35:52.956, 0, 2032 MHz, 3996 MHz, 243.06 W, 36
2026/10/08 04:35:52.956, 1, 2032 MHz, 3996 MHz, 249.86 W, 38
2026/10/08 04:35:52.956, 2, 120 MHz, 3996 MHz, 182.23 W, 28
2026/10/08 04:35:52.956, 3, 120 MHz, 3996 MHz, 182.12 W, 29
2026/10/08 04:35:52.956, 4, 2032 MHz, 3996 MHz, 260.77 W, 37
2026/10/08 04:35:52.956, 5, 2032 MHz, 3996 MHz, 243.17 W, 35
2026/10/08 04:35:52.956, 6, 2032 MHz, 3996 MHz, 246.11 W, 30
2026/10/08 04:35:52.956, 7, 2032 MHz, 3996 MHz, 236.74 W, 28
2026/10/08 04:35:53.956, 0, 2032 MHz, 3996 MHz, 243.39 W, 36
2026/10/08 04:35:53.956, 1, 2032 MHz, 3996 MHz, 249.84 W, 38
2026/10/08 04:35:53.956, 2, 120 MHz, 3996 MHz, 182.18 W, 28
2026/10/08 04:35:53.956, 3, 120 MHz, 3996 MHz, 182.16 W, 29
2026/10/08 04:35:53.956, 4, 2032 MHz, 3996 MHz, 249.53 W, 37
2026/10/08 04:35:53.956, 5, 2032 MHz, 3996 MHz, 237.30 W, 35
2026/10/08 04:35:53.957, 6, 2032 MHz, 3996 MHz, 263.04 W, 30
2026/10/08 04:35:53.957, 7, 2032 MHz, 3996 MHz, 235.99 W, 28
2026/10/08 04:35:54.957, 0, 2032 MHz, 3996 MHz, 242.92 W, 36
2026/10/08 04:35:54.957, 1, 2032 MHz, 3996 MHz, 249.85 W, 38
2026/10/08 04:35:54.957, 2, 120 MHz, 3996 MHz, 182.15 W, 28
2026/10/08 04:35:54.957, 3, 120 MHz, 3996 MHz, 181.97 W, 29
2026/10/08 04:35:54.957, 4, 2032 MHz, 3996 MHz, 246.05 W, 37
2026/10/08 04:35:54.957, 5, 2032 MHz, 3996 MHz, 236.80 W, 35
2026/10/08 04:35:54.957, 6, 2032 MHz, 3996 MHz, 249.84 W, 30
2026/10/08 04:35:54.957, 7, 2032 MHz, 3996 MHz, 254.62 W, 28
2026/10/08 04:35:55.957, 0, 2032 MHz, 3996 MHz, 242.73 W, 36
2026/10/08 04:35:55.957, 1, 2032 MHz, 3996 MHz, 249.86 W, 38
2026/10/08 04:35:55.957, 2, 120 MHz, 3996 MHz, 182.15 W, 28
2026/10/08 04:35:55.957, 3, 120 MHz, 3996 MHz, 181.99 W, 29
2026/10/08 04:35:55.957, 4, 2032 MHz, 3996 MHz, 244.46 W, 37
2026/10/08 04:35:55.957, 5, 2032 MHz, 3996 MHz, 237.04 W, 35
2026/10/08 04:35:55.957, 6, 2032 MHz, 3996 MHz, 250.94 W, 30
2026/10/08 04:35:55.957, 7, 2032 MHz, 3996 MHz, 271.12 W, 29
2026/10/08 04:35:56.957, 0, 2032 MHz, 3996 MHz, 244.27 W, 36
2026/10/08 04:35:56.957, 1, 2032 MHz, 3996 MHz, 251.46 W, 38
2026/10/08 04:35:56.957, 2, 120 MHz, 3996 MHz, 182.15 W, 28
2026/10/08 04:35:56.957, 3, 120 MHz, 3996 MHz, 182.17 W, 29
2026/10/08 04:35:56.957, 4, 2032 MHz, 3996 MHz, 244.49 W, 37
2026/10/08 04:35:56.957, 5, 2032 MHz, 3996 MHz, 236.58 W, 35
2026/10/08 04:35:56.957, 6, 2032 MHz, 3996 MHz, 247.82 W, 30
2026/10/08 04:35:56.957, 7, 2032 MHz, 3996 MHz, 236.74 W, 29
2026/10/08 04:35:57.957, 0, 2032 MHz, 3996 MHz, 249.83 W, 36
2026/10/08 04:35:57.957, 1, 2032 MHz, 3996 MHz, 257.46 W, 38
2026/10/08 04:35:57.957, 2, 120 MHz, 3996 MHz, 182.16 W, 28
2026/10/08 04:35:57.957, 3, 120 MHz, 3996 MHz, 182.07 W, 29
2026/10/08 04:35:57.957, 4, 2032 MHz, 3996 MHz, 244.57 W, 37
2026/10/08 04:35:57.957, 5, 2032 MHz, 3996 MHz, 236.83 W, 35
2026/10/08 04:35:57.957, 6, 2032 MHz, 3996 MHz, 246.29 W, 30
2026/10/08 04:35:57.957, 7, 2032 MHz, 3996 MHz, 252.90 W, 29
2026/10/08 04:35:58.958, 0, 2032 MHz, 3996 MHz, 242.44 W, 36
2026/10/08 04:35:58.958, 1, 2032 MHz, 3996 MHz, 249.83 W, 38
2026/10/08 04:35:58.958, 2, 120 MHz, 3996 MHz, 182.15 W, 28
2026/10/08 04:35:58.958, 3, 120 MHz, 3996 MHz, 182.00 W, 29
2026/10/08 04:35:58.958, 4, 2032 MHz, 3996 MHz, 244.53 W, 37
2026/10/08 04:35:58.958, 5, 2032 MHz, 3996 MHz, 236.88 W, 35
2026/10/08 04:35:58.958, 6, 2032 MHz, 3996 MHz, 246.41 W, 30
2026/10/08 04:35:58.958, 7, 2032 MHz, 3996 MHz, 238.57 W, 29
2026/10/08 04:35:59.958, 0, 2032 MHz, 3996 MHz, 242.61 W, 36
2026/10/08 04:35:59.958, 1, 2032 MHz, 3996 MHz, 249.85 W, 38
2026/10/08 04:35:59.958, 2, 120 MHz, 3996 MHz, 182.14 W, 28
2026/10/08 04:35:59.958, 3, 120 MHz, 3996 MHz, 182.09 W, 28
2026/10/08 04:35:59.958, 4, 2032 MHz, 3996 MHz, 253.69 W, 37
2026/10/08 04:35:59.958, 5, 2032 MHz, 3996 MHz, 245.59 W, 35
2026/10/08 04:35:59.958, 6, 2032 MHz, 3996 MHz, 246.38 W, 30
2026/10/08 04:35:59.958, 7, 2032 MHz, 3996 MHz, 242.01 W, 29
2026/10/08 04:36:00.958, 0, 2032 MHz, 3996 MHz, 242.57 W, 35
2026/10/08 04:36:00.958, 1, 2032 MHz, 3996 MHz, 249.86 W, 38
2026/10/08 04:36:00.958, 2, 120 MHz, 3996 MHz, 182.14 W, 28
2026/10/08 04:36:00.958, 3, 120 MHz, 3996 MHz, 182.19 W, 29
2026/10/08 04:36:00.958, 4, 2032 MHz, 3996 MHz, 244.34 W, 37
2026/10/08 04:36:00.958, 5, 2032 MHz, 3996 MHz, 236.55 W, 35
2026/10/08 04:36:00.958, 6, 2032 MHz, 3996 MHz, 246.84 W, 30
2026/10/08 04:36:00.958, 7, 2032 MHz, 3996 MHz, 240.08 W, 29
2026/10/08 04:36:01.958, 0, 2032 MHz, 3996 MHz, 248.64 W, 36
2026/10/08 04:36:01.958, 1, 2032 MHz, 3996 MHz, 256.60 W, 38
2026/10/08 04:36:01.958, 2, 120 MHz, 3996 MHz, 182.19 W, 28
2026/10/08 04:36:01.958, 3, 120 MHz, 3996 MHz, 182.13 W, 29
2026/10/08 04:36:01.958, 4, 2032 MHz, 3996 MHz, 244.41 W, 37
2026/10/08 04:36:01.958, 5, 2032 MHz, 3996 MHz, 240.84 W, 35
2026/10/08 04:36:01.958, 6, 2032 MHz, 3996 MHz, 254.42 W, 30
2026/10/08 04:36:01.958, 7, 2032 MHz, 3996 MHz, 236.71 W, 29
2026/10/08 04:36:02.959, 0, 2032 MHz, 3996 MHz, 242.51 W, 35
2026/10/08 04:36:02.959, 1, 2032 MHz, 3996 MHz, 249.85 W, 38
2026/10/08 04:36:02.959, 2, 120 MHz, 3996 MHz, 182.13 W, 28
2026/10/08 04:36:02.959, 3, 120 MHz, 3996 MHz, 182.12 W, 28
2026/10/08 04:36:02.959, 4, 2032 MHz, 3996 MHz, 244.34 W, 37
2026/10/08 04:36:02.959, 5, 2032 MHz, 3996 MHz, 236.79 W, 35
2026/10/08 04:36:02.959, 6, 2032 MHz, 3996 MHz, 246.49 W, 30
2026/10/08 04:36:02.959, 7, 2032 MHz, 3996 MHz, 236.74 W, 29
2026/10/08 04:36:03.959, 0, 2032 MHz, 3996 MHz, 242.40 W, 35
2026/10/08 04:36:03.959, 1, 2032 MHz, 3996 MHz, 249.85 W, 38
2026/10/08 04:36:03.959, 2, 120 MHz, 3996 MHz, 182.15 W, 28
2026/10/08 04:36:03.959, 3, 120 MHz, 3996 MHz, 182.15 W, 29
2026/10/08 04:36:03.959, 4, 2032 MHz, 3996 MHz, 248.28 W, 37
2026/10/08 04:36:03.959, 5, 2032 MHz, 3996 MHz, 237.02 W, 35
2026/10/08 04:36:03.959, 6, 2032 MHz, 3996 MHz, 246.14 W, 30
2026/10/08 04:36:03.959, 7, 2032 MHz, 3996 MHz, 236.74 W, 29
2026/10/08 04:36:04.960, 0, 2032 MHz, 3996 MHz, 242.46 W, 35
2026/10/08 04:36:04.960, 1, 2032 MHz, 3996 MHz, 249.86 W, 38
2026/10/08 04:36:04.960, 2, 120 MHz, 3996 MHz, 182.15 W, 28
2026/10/08 04:36:04.960, 3, 120 MHz, 3996 MHz, 182.04 W, 28
2026/10/08 04:36:04.960, 4, 2032 MHz, 3996 MHz, 244.34 W, 37
2026/10/08 04:36:04.960, 5, 2032 MHz, 3996 MHz, 236.72 W, 35
2026/10/08 04:36:04.960, 6, 2032 MHz, 3996 MHz, 246.35 W, 30
2026/10/08 04:36:04.960, 7, 2032 MHz, 3996 MHz, 237.01 W, 29
2026/10/08 04:36:05.960, 0, 2032 MHz, 3996 MHz, 242.68 W, 35
2026/10/08 04:36:05.960, 1, 2032 MHz, 3996 MHz, 249.84 W, 38
2026/10/08 04:36:05.960, 2, 120 MHz, 3996 MHz, 182.19 W, 28
2026/10/08 04:36:05.960, 3, 120 MHz, 3996 MHz, 182.09 W, 28
2026/10/08 04:36:05.960, 4, 2032 MHz, 3996 MHz, 244.34 W, 37
2026/10/08 04:36:05.960, 5, 2032 MHz, 3996 MHz, 236.73 W, 35
2026/10/08 04:36:05.960, 6, 2032 MHz, 3996 MHz, 252.64 W, 30
2026/10/08 04:36:05.960, 7, 2032 MHz, 3996 MHz, 249.58 W, 29
2026/10/08 04:36:06.960, 0, 2032 MHz, 3996 MHz, 242.38 W, 35
2026/10/08 04:36:06.961, 1, 2032 MHz, 3996 MHz, 249.84 W, 38
2026/10/08 04:36:06.961, 2, 120 MHz, 3996 MHz, 182.15 W, 28
2026/10/08 04:36:06.961, 3, 120 MHz, 3996 MHz, 182.05 W, 29
2026/10/08 04:36:06.961, 4, 2032 MHz, 3996 MHz, 244.34 W, 37
2026/10/08 04:36:06.961, 5, 2032 MHz, 3996 MHz, 236.89 W, 35
2026/10/08 04:36:06.961, 6, 2032 MHz, 3996 MHz, 246.53 W, 30
2026/10/08 04:36:06.961, 7, 2032 MHz, 3996 MHz, 236.74 W, 29
2026/10/08 04:36:07.961, 0, 2032 MHz, 3996 MHz, 242.30 W, 35
2026/10/08 04:36:07.961, 1, 2032 MHz, 3996 MHz, 249.86 W, 38
2026/10/08 04:36:07.961, 2, 120 MHz, 3996 MHz, 182.15 W, 28
2026/10/08 04:36:07.961, 3, 120 MHz, 3996 MHz, 182.19 W, 29
2026/10/08 04:36:07.961, 4, 2032 MHz, 3996 MHz, 244.88 W, 37
2026/10/08 04:36:07.961, 5, 2032 MHz, 3996 MHz, 569.53 W, 40
2026/10/08 04:36:07.961, 6, 2032 MHz, 3996 MHz, 246.69 W, 30
2026/10/08 04:36:07.961, 7, 2032 MHz, 3996 MHz, 236.74 W, 29
2026/10/08 04:36:08.961, 0, 2032 MHz, 3996 MHz, 242.34 W, 35
2026/10/08 04:36:08.961, 1, 1612 MHz, 3996 MHz, 293.41 W, 42
2026/10/08 04:36:08.961, 2, 120 MHz, 3996 MHz, 182.15 W, 28
2026/10/08 04:36:08.961, 3, 120 MHz, 3996 MHz, 182.16 W, 29
2026/10/08 04:36:08.962, 4, 2032 MHz, 3996 MHz, 244.42 W, 37
2026/10/08 04:36:08.962, 5, 2032 MHz, 3996 MHz, 250.14 W, 36
2026/10/08 04:36:08.962, 6, 2032 MHz, 3996 MHz, 246.57 W, 30
2026/10/08 04:36:08.962, 7, 2032 MHz, 3996 MHz, 236.74 W, 29
2026/10/08 04:36:09.962, 0, 2032 MHz, 3996 MHz, 242.88 W, 35
2026/10/08 04:36:09.962, 1, 2032 MHz, 3996 MHz, 719.85 W, 41
2026/10/08 04:36:09.962, 2, 120 MHz, 3996 MHz, 182.16 W, 28
2026/10/08 04:36:09.962, 3, 120 MHz, 3996 MHz, 182.13 W, 29
2026/10/08 04:36:09.962, 4, 2032 MHz, 3996 MHz, 244.79 W, 37
2026/10/08 04:36:09.962, 5, 2032 MHz, 3996 MHz, 865.46 W, 44
2026/10/08 04:36:09.962, 6, 2032 MHz, 3996 MHz, 246.57 W, 30
2026/10/08 04:36:09.962, 7, 2032 MHz, 3996 MHz, 236.74 W, 29
2026/10/08 04:36:10.962, 0, 2032 MHz, 3996 MHz, 752.59 W, 44
2026/10/08 04:36:10.962, 1, 1335 MHz, 3996 MHz, 409.72 W, 50
2026/10/08 04:36:10.962, 2, 120 MHz, 3996 MHz, 182.15 W, 28
2026/10/08 04:36:10.962, 3, 120 MHz, 3996 MHz, 182.15 W, 29
2026/10/08 04:36:10.962, 4, 2032 MHz, 3996 MHz, 520.68 W, 41
2026/10/08 04:36:10.962, 5, 2032 MHz, 3996 MHz, 786.29 W, 44
2026/10/08 04:36:10.962, 6, 2032 MHz, 3996 MHz, 246.54 W, 30
2026/10/08 04:36:10.962, 7, 2032 MHz, 3996 MHz, 236.74 W, 29
2026/10/08 04:36:11.962, 0, 2032 MHz, 3996 MHz, 244.94 W, 36
2026/10/08 04:36:11.963, 1, 1305 MHz, 3996 MHz, 1084.82 W, 55
2026/10/08 04:36:11.963, 2, 120 MHz, 3996 MHz, 182.14 W, 28
2026/10/08 04:36:11.963, 3, 120 MHz, 3996 MHz, 182.11 W, 29
2026/10/08 04:36:11.963, 4, 2032 MHz, 3996 MHz, 329.16 W, 38
2026/10/08 04:36:11.963, 5, 2032 MHz, 3996 MHz, 790.74 W, 45
2026/10/08 04:36:11.963, 6, 2032 MHz, 3996 MHz, 246.47 W, 30
2026/10/08 04:36:11.963, 7, 2032 MHz, 3996 MHz, 467.85 W, 44
2026/10/08 04:36:12.963, 0, 1297 MHz, 3996 MHz, 1026.15 W, 53
2026/10/08 04:36:12.963, 1, 1297 MHz, 3996 MHz, 1086.06 W, 56
2026/10/08 04:36:12.963, 2, 120 MHz, 3996 MHz, 182.13 W, 28
2026/10/08 04:36:12.963, 3, 120 MHz, 3996 MHz, 182.18 W, 29
2026/10/08 04:36:12.963, 4, 1350 MHz, 3996 MHz, 442.43 W, 50
2026/10/08 04:36:12.963, 5, 2032 MHz, 3996 MHz, 794.16 W, 45
2026/10/08 04:36:12.963, 6, 2032 MHz, 3996 MHz, 512.20 W, 34
2026/10/08 04:36:12.963, 7, 2032 MHz, 3996 MHz, 351.78 W, 32
2026/10/08 04:36:13.963, 0, 1320 MHz, 3996 MHz, 1083.86 W, 54
2026/10/08 04:36:13.963, 1, 1297 MHz, 3996 MHz, 1087.35 W, 57
2026/10/08 04:36:13.963, 2, 120 MHz, 3996 MHz, 182.13 W, 28
2026/10/08 04:36:13.963, 3, 120 MHz, 3996 MHz, 182.07 W, 29
2026/10/08 04:36:13.963, 4, 2032 MHz, 3996 MHz, 882.26 W, 46
2026/10/08 04:36:13.963, 5, 1995 MHz, 3996 MHz, 942.44 W, 55
2026/10/08 04:36:13.963, 6, 2032 MHz, 3996 MHz, 345.12 W, 32
2026/10/08 04:36:13.963, 7, 2032 MHz, 3996 MHz, 240.22 W, 29
2026/10/08 04:36:14.963, 0, 1297 MHz, 3996 MHz, 1080.60 W, 54
2026/10/08 04:36:14.963, 1, 1297 MHz, 3996 MHz, 1086.14 W, 57
2026/10/08 04:36:14.963, 2, 120 MHz, 3996 MHz, 182.13 W, 28
2026/10/08 04:36:14.963, 3, 120 MHz, 3996 MHz, 181.94 W, 29
2026/10/08 04:36:14.963, 4, 2032 MHz, 3996 MHz, 802.52 W, 47
2026/10/08 04:36:14.964, 5, 2032 MHz, 3996 MHz, 789.98 W, 46
2026/10/08 04:36:14.964, 6, 1350 MHz, 3996 MHz, 359.09 W, 41
2026/10/08 04:36:14.964, 7, 1320 MHz, 3996 MHz, 1015.64 W, 46
2026/10/08 04:36:15.964, 0, 1320 MHz, 3996 MHz, 1083.31 W, 55
2026/10/08 04:36:15.964, 1, 1282 MHz, 3996 MHz, 1088.05 W, 57
2026/10/08 04:36:15.964, 2, 120 MHz, 3996 MHz, 182.13 W, 29
2026/10/08 04:36:15.964, 3, 120 MHz, 3996 MHz, 182.21 W, 29
2026/10/08 04:36:15.964, 4, 2032 MHz, 3996 MHz, 810.46 W, 47
2026/10/08 04:36:15.964, 5, 2032 MHz, 3996 MHz, 790.86 W, 46
2026/10/08 04:36:15.964, 6, 1927 MHz, 3996 MHz, 1069.13 W, 42
2026/10/08 04:36:15.964, 7, 2032 MHz, 3996 MHz, 860.97 W, 39
2026/10/08 04:36:16.964, 0, 1327 MHz, 3996 MHz, 1083.90 W, 55
2026/10/08 04:36:16.964, 1, 1305 MHz, 3996 MHz, 1089.24 W, 58
2026/10/08 04:36:16.964, 2, 120 MHz, 3996 MHz, 182.14 W, 29
2026/10/08 04:36:16.964, 3, 120 MHz, 3996 MHz, 181.99 W, 29
2026/10/08 04:36:16.964, 4, 2032 MHz, 3996 MHz, 811.01 W, 47
2026/10/08 04:36:16.964, 5, 2032 MHz, 3996 MHz, 796.04 W, 47
2026/10/08 04:36:16.964, 6, 2032 MHz, 3996 MHz, 882.66 W, 41
2026/10/08 04:36:16.964, 7, 2032 MHz, 3996 MHz, 856.72 W, 40
2026/10/08 04:36:17.964, 0, 1327 MHz, 3996 MHz, 1085.05 W, 56
2026/10/08 04:36:17.964, 1, 1312 MHz, 3996 MHz, 1085.69 W, 58
2026/10/08 04:36:17.964, 2, 120 MHz, 3996 MHz, 182.14 W, 29
2026/10/08 04:36:17.964, 3, 120 MHz, 3996 MHz, 182.15 W, 29
2026/10/08 04:36:17.964, 4, 2032 MHz, 3996 MHz, 928.26 W, 49
2026/10/08 04:36:17.964, 5, 1372 MHz, 3996 MHz, 897.13 W, 56
2026/10/08 04:36:17.964, 6, 2032 MHz, 3996 MHz, 889.16 W, 42
2026/10/08 04:36:17.964, 7, 2032 MHz, 3996 MHz, 859.33 W, 40
2026/10/08 04:36:18.965, 0, 1327 MHz, 3996 MHz, 1086.47 W, 56
2026/10/08 04:36:18.965, 1, 1320 MHz, 3996 MHz, 1085.19 W, 58
2026/10/08 04:36:18.965, 2, 120 MHz, 3996 MHz, 182.17 W, 29
2026/10/08 04:36:18.965, 3, 120 MHz, 3996 MHz, 182.19 W, 29
2026/10/08 04:36:18.965, 4, 2032 MHz, 3996 MHz, 805.70 W, 48
2026/10/08 04:36:18.965, 5, 2032 MHz, 3996 MHz, 843.19 W, 47
2026/10/08 04:36:18.965, 6, 2032 MHz, 3996 MHz, 892.11 W, 42
2026/10/08 04:36:18.965, 7, 2032 MHz, 3996 MHz, 862.45 W, 40
2026/10/08 04:36:19.965, 0, 1327 MHz, 3996 MHz, 1083.56 W, 56
2026/10/08 04:36:19.965, 1, 1665 MHz, 3996 MHz, 1071.73 W, 57
2026/10/08 04:36:19.965, 2, 120 MHz, 3996 MHz, 182.13 W, 29
2026/10/08 04:36:19.965, 3, 120 MHz, 3996 MHz, 182.19 W, 29
2026/10/08 04:36:19.965, 4, 2032 MHz, 3996 MHz, 810.60 W, 48
2026/10/08 04:36:19.965, 5, 2032 MHz, 3996 MHz, 792.39 W, 47
2026/10/08 04:36:19.965, 6, 2032 MHz, 3996 MHz, 896.22 W, 43
2026/10/08 04:36:19.965, 7, 2032 MHz, 3996 MHz, 869.15 W, 41
2026/10/08 04:36:20.965, 0, 1372 MHz, 3996 MHz, 1083.08 W, 57
2026/10/08 04:36:20.965, 1, 2032 MHz, 3996 MHz, 1079.57 W, 54
2026/10/08 04:36:20.965, 2, 120 MHz, 3996 MHz, 182.13 W, 29
2026/10/08 04:36:20.965, 3, 120 MHz, 3996 MHz, 182.02 W, 29
2026/10/08 04:36:20.965, 4, 2032 MHz, 3996 MHz, 810.73 W, 49
2026/10/08 04:36:20.965, 5, 2032 MHz, 3996 MHz, 797.54 W, 48
2026/10/08 04:36:20.965, 6, 2032 MHz, 3996 MHz, 900.62 W, 43
2026/10/08 04:36:20.965, 7, 1305 MHz, 3996 MHz, 993.86 W, 49
2026/10/08 04:36:21.965, 0, 2032 MHz, 3996 MHz, 1060.62 W, 52
2026/10/08 04:36:21.965, 1, 2017 MHz, 3996 MHz, 1093.76 W, 55
2026/10/08 04:36:21.965, 2, 120 MHz, 3996 MHz, 182.13 W, 29
2026/10/08 04:36:21.965, 3, 120 MHz, 3996 MHz, 182.15 W, 29
2026/10/08 04:36:21.965, 4, 1657 MHz, 3996 MHz, 946.74 W, 56
2026/10/08 04:36:21.965, 5, 2032 MHz, 3996 MHz, 811.16 W, 58
2026/10/08 04:36:21.965, 6, 1305 MHz, 3996 MHz, 1034.38 W, 52
2026/10/08 04:36:21.965, 7, 2032 MHz, 3996 MHz, 972.62 W, 42
2026/10/08 04:36:22.966, 0, 2032 MHz, 3996 MHz, 1084.00 W, 53
2026/10/08 04:36:22.966, 1, 2025 MHz, 3996 MHz, 1093.06 W, 55
2026/10/08 04:36:22.966, 2, 120 MHz, 3996 MHz, 182.13 W, 29
2026/10/08 04:36:22.966, 3, 120 MHz, 3996 MHz, 182.20 W, 29
2026/10/08 04:36:22.966, 4, 2032 MHz, 3996 MHz, 802.95 W, 50
2026/10/08 04:36:22.966, 5, 2032 MHz, 3996 MHz, 930.05 W, 49
2026/10/08 04:36:22.966, 6, 2032 MHz, 3996 MHz, 941.34 W, 44
2026/10/08 04:36:22.966, 7, 2032 MHz, 3996 MHz, 863.35 W, 42
2026/10/08 04:36:23.966, 0, 2032 MHz, 3996 MHz, 1083.91 W, 53
2026/10/08 04:36:23.966, 1, 2025 MHz, 3996 MHz, 1093.09 W, 55
2026/10/08 04:36:23.966, 2, 120 MHz, 3996 MHz, 182.17 W, 29
2026/10/08 04:36:23.966, 3, 120 MHz, 3996 MHz, 182.21 W, 29
2026/10/08 04:36:23.966, 4, 2032 MHz, 3996 MHz, 808.98 W, 50
2026/10/08 04:36:23.966, 5, 2032 MHz, 3996 MHz, 795.11 W, 49
2026/10/08 04:36:23.966, 6, 2032 MHz, 3996 MHz, 892.84 W, 44
2026/10/08 04:36:23.966, 7, 2032 MHz, 3996 MHz, 865.02 W, 42
2026/10/08 04:36:24.966, 0, 2032 MHz, 3996 MHz, 1085.16 W, 53
2026/10/08 04:36:24.966, 1, 2025 MHz, 3996 MHz, 1093.43 W, 56
2026/10/08 04:36:24.966, 2, 120 MHz, 3996 MHz, 182.21 W, 29
2026/10/08 04:36:24.966, 3, 120 MHz, 3996 MHz, 182.15 W, 29
2026/10/08 04:36:24.966, 4, 2032 MHz, 3996 MHz, 813.34 W, 50
2026/10/08 04:36:24.966, 5, 2032 MHz, 3996 MHz, 797.90 W, 49
2026/10/08 04:36:24.966, 6, 2032 MHz, 3996 MHz, 898.09 W, 45
2026/10/08 04:36:24.966, 7, 2032 MHz, 3996 MHz, 866.90 W, 43
2026/10/08 04:36:25.967, 0, 2032 MHz, 3996 MHz, 1085.11 W, 54
2026/10/08 04:36:25.967, 1, 2017 MHz, 3996 MHz, 1093.84 W, 56
2026/10/08 04:36:25.967, 2, 120 MHz, 3996 MHz, 182.17 W, 29
2026/10/08 04:36:25.967, 3, 120 MHz, 3996 MHz, 182.13 W, 29
2026/10/08 04:36:25.967, 4, 1357 MHz, 3996 MHz, 895.83 W, 59
2026/10/08 04:36:25.967, 5, 2032 MHz, 3996 MHz, 801.31 W, 49
2026/10/08 04:36:25.967, 6, 2032 MHz, 3996 MHz, 898.05 W, 45
2026/10/08 04:36:25.967, 7, 2032 MHz, 3996 MHz, 870.08 W, 43
2026/10/08 04:36:26.967, 0, 2032 MHz, 3996 MHz, 1086.46 W, 54
2026/10/08 04:36:26.967, 1, 2017 MHz, 3996 MHz, 1094.25 W, 56
2026/10/08 04:36:26.967, 2, 120 MHz, 3996 MHz, 182.17 W, 29
2026/10/08 04:36:26.967, 3, 120 MHz, 3996 MHz, 182.23 W, 29
2026/10/08 04:36:26.967, 4, 2032 MHz, 3996 MHz, 870.59 W, 51
2026/10/08 04:36:26.967, 5, 2032 MHz, 3996 MHz, 943.59 W, 51
2026/10/08 04:36:26.967, 6, 2032 MHz, 3996 MHz, 905.43 W, 45
2026/10/08 04:36:26.967, 7, 1342 MHz, 3996 MHz, 923.02 W, 50
2026/10/08 04:36:27.967, 0, 2032 MHz, 3996 MHz, 1087.93 W, 54
2026/10/08 04:36:27.967, 1, 2017 MHz, 3996 MHz, 1093.70 W, 57
2026/10/08 04:36:27.967, 2, 120 MHz, 3996 MHz, 182.17 W, 29
2026/10/08 04:36:27.967, 3, 120 MHz, 3996 MHz, 182.11 W, 29
2026/10/08 04:36:27.967, 4, 2032 MHz, 3996 MHz, 809.59 W, 51
2026/10/08 04:36:27.967, 5, 2032 MHz, 3996 MHz, 794.93 W, 50
2026/10/08 04:36:27.967, 6, 1297 MHz, 3996 MHz, 969.89 W, 54
2026/10/08 04:36:27.967, 7, 1950 MHz, 3996 MHz, 1050.69 W, 47
2026/10/08 04:36:28.967, 0, 2032 MHz, 3996 MHz, 1089.30 W, 54
2026/10/08 04:36:28.967, 1, 2017 MHz, 3996 MHz, 1093.95 W, 57
2026/10/08 04:36:28.967, 2, 120 MHz, 3996 MHz, 182.36 W, 29
2026/10/08 04:36:28.967, 3, 120 MHz, 3996 MHz, 182.19 W, 29
2026/10/08 04:36:28.967, 4, 2032 MHz, 3996 MHz, 813.94 W, 51
2026/10/08 04:36:28.967, 5, 2032 MHz, 3996 MHz, 798.61 W, 50
2026/10/08 04:36:28.967, 6, 2032 MHz, 3996 MHz, 1012.93 W, 47
2026/10/08 04:36:28.967, 7, 2032 MHz, 3996 MHz, 864.64 W, 44
2026/10/08 04:36:29.968, 0, 2032 MHz, 3996 MHz, 1089.91 W, 55
2026/10/08 04:36:29.968, 1, 2017 MHz, 3996 MHz, 1094.02 W, 57
2026/10/08 04:36:29.968, 2, 120 MHz, 3996 MHz, 182.21 W, 29
2026/10/08 04:36:29.968, 3, 120 MHz, 3996 MHz, 182.10 W, 29
2026/10/08 04:36:29.968, 4, 2032 MHz, 3996 MHz, 822.75 W, 52
2026/10/08 04:36:29.968, 5, 2032 MHz, 3996 MHz, 800.13 W, 50
2026/10/08 04:36:29.968, 6, 2032 MHz, 3996 MHz, 898.06 W, 46
2026/10/08 04:36:29.968, 7, 2032 MHz, 3996 MHz, 867.45 W, 44
2026/10/08 04:36:30.968, 0, 2032 MHz, 3996 MHz, 1089.77 W, 55
2026/10/08 04:36:30.968, 1, 2025 MHz, 3996 MHz, 1094.16 W, 57
2026/10/08 04:36:30.968, 2, 120 MHz, 3996 MHz, 182.37 W, 29
2026/10/08 04:36:30.968, 3, 120 MHz, 3996 MHz, 182.22 W, 29
2026/10/08 04:36:30.968, 4, 2032 MHz, 3996 MHz, 942.30 W, 53
2026/10/08 04:36:30.968, 5, 1342 MHz, 3996 MHz, 949.60 W, 60
2026/10/08 04:36:30.968, 6, 2032 MHz, 3996 MHz, 900.44 W, 46
2026/10/08 04:36:30.968, 7, 2032 MHz, 3996 MHz, 871.55 W, 44
2026/10/08 04:36:31.968, 0, 2032 MHz, 3996 MHz, 1089.85 W, 55
2026/10/08 04:36:31.968, 1, 2017 MHz, 3996 MHz, 1094.42 W, 58
2026/10/08 04:36:31.968, 2, 120 MHz, 3996 MHz, 182.32 W, 29
2026/10/08 04:36:31.968, 3, 120 MHz, 3996 MHz, 182.18 W, 29
2026/10/08 04:36:31.968, 4, 2032 MHz, 3996 MHz, 817.19 W, 52
2026/10/08 04:36:31.968, 5, 2032 MHz, 3996 MHz, 797.22 W, 51
2026/10/08 04:36:31.968, 6, 2032 MHz, 3996 MHz, 899.89 W, 47
2026/10/08 04:36:31.968, 7, 2032 MHz, 3996 MHz, 870.99 W, 44
2026/10/08 04:36:32.968, 0, 2032 MHz, 3996 MHz, 1090.11 W, 55
2026/10/08 04:36:32.968, 1, 2010 MHz, 3996 MHz, 1095.07 W, 58
2026/10/08 04:36:32.969, 2, 120 MHz, 3996 MHz, 182.36 W, 29
2026/10/08 04:36:32.969, 3, 120 MHz, 3996 MHz, 182.21 W, 29
2026/10/08 04:36:32.969, 4, 2032 MHz, 3996 MHz, 817.36 W, 52
2026/10/08 04:36:32.969, 5, 2032 MHz, 3996 MHz, 798.93 W, 51
2026/10/08 04:36:32.969, 6, 2032 MHz, 3996 MHz, 903.18 W, 47
2026/10/08 04:36:32.969, 7, 2032 MHz, 3996 MHz, 876.85 W, 45
2026/10/08 04:36:33.969, 0, 2032 MHz, 3996 MHz, 1092.71 W, 56
2026/10/08 04:36:33.969, 1, 2010 MHz, 3996 MHz, 1095.09 W, 58
2026/10/08 04:36:33.969, 2, 120 MHz, 3996 MHz, 182.45 W, 29
2026/10/08 04:36:33.969, 3, 120 MHz, 3996 MHz, 182.22 W, 29
2026/10/08 04:36:33.969, 4, 2032 MHz, 3996 MHz, 816.59 W, 53
2026/10/08 04:36:33.969, 5, 2032 MHz, 3996 MHz, 806.43 W, 51
2026/10/08 04:36:33.969, 6, 2032 MHz, 3996 MHz, 907.50 W, 47
2026/10/08 04:36:33.969, 7, 1327 MHz, 3996 MHz, 1057.65 W, 53
2026/10/08 04:36:34.969, 0, 2032 MHz, 3996 MHz, 1092.64 W, 56
2026/10/08 04:36:34.969, 1, 2017 MHz, 3996 MHz, 1094.29 W, 58
2026/10/08 04:36:34.969, 2, 120 MHz, 3996 MHz, 182.71 W, 29
2026/10/08 04:36:34.969, 3, 120 MHz, 3996 MHz, 182.19 W, 29
2026/10/08 04:36:34.969, 4, 1950 MHz, 3996 MHz, 938.80 W, 55
2026/10/08 04:36:34.969, 5, 1387 MHz, 3996 MHz, 883.45 W, 60
2026/10/08 04:36:34.969, 6, 1282 MHz, 3996 MHz, 1074.35 W, 56
2026/10/08 04:36:34.969, 7, 2032 MHz, 3996 MHz, 911.38 W, 45
2026/10/08 04:36:35.969, 0, 2025 MHz, 3996 MHz, 1093.19 W, 56
2026/10/08 04:36:35.969, 1, 2010 MHz, 3996 MHz, 1094.65 W, 58
2026/10/08 04:36:35.969, 2, 120 MHz, 3996 MHz, 182.51 W, 29
2026/10/08 04:36:35.969, 3, 120 MHz, 3996 MHz, 182.18 W, 29
2026/10/08 04:36:35.969, 4, 2032 MHz, 3996 MHz, 814.73 W, 53
2026/10/08 04:36:35.969, 5, 2032 MHz, 3996 MHz, 870.69 W, 52
2026/10/08 04:36:35.969, 6, 2032 MHz, 3996 MHz, 897.27 W, 48
2026/10/08 04:36:35.969, 7, 2032 MHz, 3996 MHz, 868.97 W, 45
2026/10/08 04:36:36.970, 0, 2017 MHz, 3996 MHz, 1093.08 W, 56
2026/10/08 04:36:36.970, 1, 2010 MHz, 3996 MHz, 1094.04 W, 59
2026/10/08 04:36:36.970, 2, 120 MHz, 3996 MHz, 182.52 W, 29
2026/10/08 04:36:36.970, 3, 120 MHz, 3996 MHz, 182.20 W, 29
2026/10/08 04:36:36.970, 4, 2032 MHz, 3996 MHz, 812.75 W, 53
2026/10/08 04:36:36.970, 5, 2032 MHz, 3996 MHz, 798.71 W, 52
2026/10/08 04:36:36.970, 6, 2032 MHz, 3996 MHz, 901.65 W, 48
2026/10/08 04:36:36.970, 7, 2032 MHz, 3996 MHz, 871.31 W, 46
2026/10/08 04:36:37.970, 0, 2025 MHz, 3996 MHz, 1093.02 W, 57
2026/10/08 04:36:37.970, 1, 2017 MHz, 3996 MHz, 1094.57 W, 59
2026/10/08 04:36:37.970, 2, 120 MHz, 3996 MHz, 183.05 W, 29
2026/10/08 04:36:37.970, 3, 120 MHz, 3996 MHz, 182.20 W, 29
2026/10/08 04:36:37.970, 4, 2032 MHz, 3996 MHz, 821.49 W, 54
2026/10/08 04:36:37.970, 5, 2032 MHz, 3996 MHz, 801.65 W, 52
2026/10/08 04:36:37.970, 6, 2032 MHz, 3996 MHz, 902.31 W, 48
2026/10/08 04:36:37.970, 7, 2032 MHz, 3996 MHz, 872.63 W, 46
2026/10/08 04:36:38.970, 0, 2032 MHz, 3996 MHz, 1091.74 W, 57
2026/10/08 04:36:38.970, 1, 2002 MHz, 3996 MHz, 1092.76 W, 59
2026/10/08 04:36:38.970, 2, 120 MHz, 3996 MHz, 182.82 W, 29
2026/10/08 04:36:38.970, 3, 120 MHz, 3996 MHz, 182.16 W, 29
2026/10/08 04:36:38.970, 4, 1335 MHz, 3996 MHz, 911.49 W, 63
2026/10/08 04:36:38.970, 5, 2032 MHz, 3996 MHz, 805.43 W, 52
2026/10/08 04:36:38.970, 6, 2032 MHz, 3996 MHz, 905.25 W, 48
2026/10/08 04:36:38.970, 7, 2032 MHz, 3996 MHz, 875.15 W, 46
2026/10/08 04:36:39.970, 0, 2032 MHz, 3996 MHz, 1093.83 W, 57
2026/10/08 04:36:39.971, 1, 2002 MHz, 3996 MHz, 1090.92 W, 59
2026/10/08 04:36:39.971, 2, 120 MHz, 3996 MHz, 182.84 W, 29
2026/10/08 04:36:39.971, 3, 120 MHz, 3996 MHz, 182.18 W, 29
2026/10/08 04:36:39.971, 4, 2032 MHz, 3996 MHz, 847.56 W, 54
2026/10/08 04:36:39.971, 5, 2032 MHz, 3996 MHz, 938.37 W, 53
2026/10/08 04:36:39.971, 6, 2032 MHz, 3996 MHz, 907.63 W, 48
2026/10/08 04:36:39.971, 7, 1297 MHz, 3996 MHz, 994.53 W, 54
2026/10/08 04:36:40.971, 0, 2032 MHz, 3996 MHz, 1093.06 W, 57
2026/10/08 04:36:40.971, 1, 2002 MHz, 3996 MHz, 1091.07 W, 59
2026/10/08 04:36:40.971, 2, 120 MHz, 3996 MHz, 182.90 W, 29
2026/10/08 04:36:40.971, 3, 120 MHz, 3996 MHz, 182.19 W, 29
2026/10/08 04:36:40.971, 4, 2032 MHz, 3996 MHz, 815.11 W, 54
2026/10/08 04:36:40.971, 5, 2032 MHz, 3996 MHz, 801.74 W, 53
2026/10/08 04:36:40.971, 6, 1290 MHz, 3996 MHz, 1014.15 W, 57
2026/10/08 04:36:40.971, 7, 2032 MHz, 3996 MHz, 983.13 W, 47
2026/10/08 04:36:41.971, 0, 2025 MHz, 3996 MHz, 1093.56 W, 57
2026/10/08 04:36:41.971, 1, 2010 MHz, 3996 MHz, 1091.95 W, 60
2026/10/08 04:36:41.971, 2, 120 MHz, 3996 MHz, 182.98 W, 29
2026/10/08 04:36:41.971, 3, 120 MHz, 3996 MHz, 182.20 W, 29
2026/10/08 04:36:41.971, 4, 2032 MHz, 3996 MHz, 818.00 W, 55
2026/10/08 04:36:41.971, 5, 2032 MHz, 3996 MHz, 802.80 W, 53
2026/10/08 04:36:41.971, 6, 2032 MHz, 3996 MHz, 961.03 W, 49
2026/10/08 04:36:41.971, 7, 2032 MHz, 3996 MHz, 875.00 W, 47
2026/10/08 04:36:42.971, 0, 2025 MHz, 3996 MHz, 1093.10 W, 58
2026/10/08 04:36:42.971, 1, 2002 MHz, 3996 MHz, 1091.93 W, 60
2026/10/08 04:36:42.971, 2, 120 MHz, 3996 MHz, 182.95 W, 29
2026/10/08 04:36:42.971, 3, 120 MHz, 3996 MHz, 182.19 W, 29
2026/10/08 04:36:42.971, 4, 2032 MHz, 3996 MHz, 800.28 W, 55
2026/10/08 04:36:42.971, 5, 2032 MHz, 3996 MHz, 806.29 W, 53
2026/10/08 04:36:42.971, 6, 2032 MHz, 3996 MHz, 900.59 W, 49
2026/10/08 04:36:42.971, 7, 2032 MHz, 3996 MHz, 880.07 W, 47
2026/10/08 04:36:43.972, 0, 2025 MHz, 3996 MHz, 1092.94 W, 58
2026/10/08 04:36:43.972, 1, 2002 MHz, 3996 MHz, 1092.93 W, 60
2026/10/08 04:36:43.972, 2, 120 MHz, 3996 MHz, 183.40 W, 29
2026/10/08 04:36:43.972, 3, 120 MHz, 3996 MHz, 182.18 W, 30
2026/10/08 04:36:43.972, 4, 2032 MHz, 3996 MHz, 949.37 W, 56
2026/10/08 04:36:43.972, 5, 2010 MHz, 3996 MHz, 945.05 W, 55
2026/10/08 04:36:43.972, 6, 2032 MHz, 3996 MHz, 907.73 W, 49
2026/10/08 04:36:43.972, 7, 2032 MHz, 3996 MHz, 877.04 W, 47
2026/10/08 04:36:44.972, 0, 2032 MHz, 3996 MHz, 1094.26 W, 58
2026/10/08 04:36:44.972, 1, 1320 MHz, 3996 MHz, 1101.93 W, 64
2026/10/08 04:36:44.972, 2, 120 MHz, 3996 MHz, 183.31 W, 29
2026/10/08 04:36:44.972, 3, 120 MHz, 3996 MHz, 182.20 W, 30
2026/10/08 04:36:44.972, 4, 2032 MHz, 3996 MHz, 818.80 W, 55
2026/10/08 04:36:44.972, 5, 2032 MHz, 3996 MHz, 800.77 W, 54
2026/10/08 04:36:44.972, 6, 2032 MHz, 3996 MHz, 905.58 W, 49
2026/10/08 04:36:44.972, 7, 2032 MHz, 3996 MHz, 876.99 W, 47
2026/10/08 04:36:45.972, 0, 1327 MHz, 3996 MHz, 1097.29 W, 63
2026/10/08 04:36:45.972, 1, 1305 MHz, 3996 MHz, 1090.32 W, 65
2026/10/08 04:36:45.972, 2, 120 MHz, 3996 MHz, 183.24 W, 29
2026/10/08 04:36:45.972, 3, 120 MHz, 3996 MHz, 182.17 W, 30
2026/10/08 04:36:45.972, 4, 2032 MHz, 3996 MHz, 819.32 W, 56
2026/10/08 04:36:45.972, 5, 2032 MHz, 3996 MHz, 802.87 W, 54
2026/10/08 04:36:45.972, 6, 2032 MHz, 3996 MHz, 909.26 W, 50
2026/10/08 04:36:45.972, 7, 2032 MHz, 3996 MHz, 801.87 W, 45
2026/10/08 04:36:46.973, 0, 1327 MHz, 3996 MHz, 1086.83 W, 63
2026/10/08 04:36:46.973, 1, 1305 MHz, 3996 MHz, 1089.99 W, 65
2026/10/08 04:36:46.973, 2, 120 MHz, 3996 MHz, 183.46 W, 30
2026/10/08 04:36:46.973, 3, 120 MHz, 3996 MHz, 182.17 W, 30
2026/10/08 04:36:46.973, 4, 2032 MHz, 3996 MHz, 821.04 W, 56
2026/10/08 04:36:46.973, 5, 2032 MHz, 3996 MHz, 805.79 W, 54
2026/10/08 04:36:46.973, 6, 2032 MHz, 3996 MHz, 785.80 W, 45
2026/10/08 04:36:46.973, 7, 2032 MHz, 3996 MHz, 248.58 W, 39
2026/10/08 04:36:47.973, 0, 1327 MHz, 3996 MHz, 1085.98 W, 63
2026/10/08 04:36:47.973, 1, 1297 MHz, 3996 MHz, 1077.18 W, 65
2026/10/08 04:36:47.973, 2, 120 MHz, 3996 MHz, 183.71 W, 30
2026/10/08 04:36:47.973, 3, 120 MHz, 3996 MHz, 182.16 W, 30
2026/10/08 04:36:47.973, 4, 2032 MHz, 3996 MHz, 948.46 W, 58
2026/10/08 04:36:47.973, 5, 1312 MHz, 3996 MHz, 924.86 W, 64
2026/10/08 04:36:47.973, 6, 2032 MHz, 3996 MHz, 261.45 W, 41
2026/10/08 04:36:47.973, 7, 2032 MHz, 3996 MHz, 252.26 W, 38
2026/10/08 04:36:48.973, 0, 1320 MHz, 3996 MHz, 1086.67 W, 63
2026/10/08 04:36:48.973, 1, 1305 MHz, 3996 MHz, 1090.73 W, 65
2026/10/08 04:36:48.973, 2, 120 MHz, 3996 MHz, 183.74 W, 30
2026/10/08 04:36:48.973, 3, 120 MHz, 3996 MHz, 182.15 W, 30
2026/10/08 04:36:48.973, 4, 2032 MHz, 3996 MHz, 817.15 W, 56
2026/10/08 04:36:48.973, 5, 2032 MHz, 3996 MHz, 834.19 W, 55
2026/10/08 04:36:48.973, 6, 2032 MHz, 3996 MHz, 263.20 W, 40
2026/10/08 04:36:48.974, 7, 2032 MHz, 3996 MHz, 243.05 W, 38
2026/10/08 04:36:49.974, 0, 1320 MHz, 3996 MHz, 1086.13 W, 63
2026/10/08 04:36:49.974, 1, 1320 MHz, 3996 MHz, 1088.77 W, 65
2026/10/08 04:36:49.974, 2, 120 MHz, 3996 MHz, 183.70 W, 30
2026/10/08 04:36:49.974, 3, 120 MHz, 3996 MHz, 182.15 W, 30
2026/10/08 04:36:49.974, 4, 2032 MHz, 3996 MHz, 819.77 W, 57
2026/10/08 04:36:49.974, 5, 2032 MHz, 3996 MHz, 804.80 W, 55
2026/10/08 04:36:49.974, 6, 2032 MHz, 3996 MHz, 252.89 W, 39
2026/10/08 04:36:49.974, 7, 2032 MHz, 3996 MHz, 242.56 W, 37
2026/10/08 04:36:50.974, 0, 1320 MHz, 3996 MHz, 1084.09 W, 63
2026/10/08 04:36:50.974, 1, 1297 MHz, 3996 MHz, 1089.31 W, 65
2026/10/08 04:36:50.974, 2, 120 MHz, 3996 MHz, 184.01 W, 30
2026/10/08 04:36:50.974, 3, 120 MHz, 3996 MHz, 182.15 W, 30
2026/10/08 04:36:50.974, 4, 2032 MHz, 3996 MHz, 821.67 W, 57
2026/10/08 04:36:50.974, 5, 2032 MHz, 3996 MHz, 809.94 W, 55
2026/10/08 04:36:50.974, 6, 2032 MHz, 3996 MHz, 252.55 W, 39
2026/10/08 04:36:50.974, 7, 495 MHz, 3996 MHz, 225.60 W, 36
2026/10/08 04:36:51.974, 0, 1327 MHz, 3996 MHz, 1086.09 W, 64
2026/10/08 04:36:51.974, 1, 1305 MHz, 3996 MHz, 1090.44 W, 66
2026/10/08 04:36:51.974, 2, 120 MHz, 3996 MHz, 183.81 W, 30
2026/10/08 04:36:51.974, 3, 120 MHz, 3996 MHz, 182.16 W, 30
2026/10/08 04:36:51.974, 4, 1320 MHz, 3996 MHz, 932.23 W, 66
2026/10/08 04:36:51.974, 5, 2032 MHz, 3996 MHz, 768.52 W, 52
2026/10/08 04:36:51.974, 6, 2032 MHz, 3996 MHz, 252.61 W, 38
2026/10/08 04:36:51.974, 7, 315 MHz, 3996 MHz, 191.30 W, 36
2026/10/08 04:36:52.974, 0, 1320 MHz, 3996 MHz, 1085.96 W, 63
2026/10/08 04:36:52.975, 1, 1320 MHz, 3996 MHz, 1088.64 W, 65
2026/10/08 04:36:52.975, 2, 120 MHz, 3996 MHz, 183.94 W, 30
2026/10/08 04:36:52.975, 3, 120 MHz, 3996 MHz, 182.15 W, 30
2026/10/08 04:36:52.975, 4, 2032 MHz, 3996 MHz, 845.69 W, 57
2026/10/08 04:36:52.975, 5, 2032 MHz, 3996 MHz, 252.18 W, 48
2026/10/08 04:36:52.975, 6, 2032 MHz, 3996 MHz, 252.67 W, 38
2026/10/08 04:36:52.975, 7, 195 MHz, 3996 MHz, 189.88 W, 36
2026/10/08 04:36:53.975, 0, 1342 MHz, 3996 MHz, 1085.08 W, 64
2026/10/08 04:36:53.975, 1, 1417 MHz, 3996 MHz, 1083.78 W, 65
2026/10/08 04:36:53.975, 2, 120 MHz, 3996 MHz, 183.97 W, 30
2026/10/08 04:36:53.975, 3, 120 MHz, 3996 MHz, 182.17 W, 30
2026/10/08 04:36:53.975, 4, 2032 MHz, 3996 MHz, 821.37 W, 57
2026/10/08 04:36:53.975, 5, 2032 MHz, 3996 MHz, 254.73 W, 47
2026/10/08 04:36:53.975, 6, 2032 MHz, 3996 MHz, 252.89 W, 38
2026/10/08 04:36:53.975, 7, 127 MHz, 3996 MHz, 188.96 W, 35
2026/10/08 04:36:54.975, 0, 1320 MHz, 3996 MHz, 1084.58 W, 64
2026/10/08 04:36:54.975, 1, 2002 MHz, 3996 MHz, 1076.30 W, 61
2026/10/08 04:36:54.975, 2, 120 MHz, 3996 MHz, 183.93 W, 30
2026/10/08 04:36:54.975, 3, 120 MHz, 3996 MHz, 182.16 W, 30
2026/10/08 04:36:54.975, 4, 2032 MHz, 3996 MHz, 824.14 W, 58
2026/10/08 04:36:54.975, 5, 2032 MHz, 3996 MHz, 244.71 W, 47
2026/10/08 04:36:54.975, 6, 2017 MHz, 3996 MHz, 252.13 W, 38
2026/10/08 04:36:54.975, 7, 120 MHz, 3996 MHz, 188.39 W, 35
2026/10/08 04:36:55.976, 0, 2017 MHz, 3996 MHz, 1070.96 W, 59
2026/10/08 04:36:55.976, 1, 2002 MHz, 3996 MHz, 1090.38 W, 61
2026/10/08 04:36:55.976, 2, 120 MHz, 3996 MHz, 184.05 W, 30
2026/10/08 04:36:55.976, 3, 120 MHz, 3996 MHz, 182.15 W, 30
2026/10/08 04:36:55.976, 4, 2032 MHz, 3996 MHz, 783.48 W, 58
2026/10/08 04:36:55.976, 5, 2032 MHz, 3996 MHz, 244.90 W, 46
2026/10/08 04:36:55.976, 6, 382 MHz, 3996 MHz, 225.94 W, 37
2026/10/08 04:36:55.976, 7, 120 MHz, 3996 MHz, 188.45 W, 35
2026/10/08 04:36:56.976, 0, 2017 MHz, 3996 MHz, 1093.36 W, 60
2026/10/08 04:36:56.976, 1, 2002 MHz, 3996 MHz, 1090.23 W, 62
2026/10/08 04:36:56.976, 2, 120 MHz, 3996 MHz, 184.05 W, 30
2026/10/08 04:36:56.976, 3, 120 MHz, 3996 MHz, 182.20 W, 30
2026/10/08 04:36:56.976, 4, 2032 MHz, 3996 MHz, 257.76 W, 50
2026/10/08 04:36:56.976, 5, 2032 MHz, 3996 MHz, 245.83 W, 46
2026/10/08 04:36:56.976, 6, 615 MHz, 3996 MHz, 194.76 W, 36
2026/10/08 04:36:56.976, 7, 120 MHz, 3996 MHz, 188.51 W, 35
2026/10/08 04:36:57.976, 0, 2025 MHz, 3996 MHz, 1093.07 W, 60
2026/10/08 04:36:57.976, 1, 2002 MHz, 3996 MHz, 1092.15 W, 62
2026/10/08 04:36:57.976, 2, 120 MHz, 3996 MHz, 184.01 W, 30
2026/10/08 04:36:57.976, 3, 120 MHz, 3996 MHz, 182.25 W, 30
2026/10/08 04:36:57.976, 4, 2032 MHz, 3996 MHz, 255.97 W, 49
2026/10/08 04:36:57.976, 5, 2032 MHz, 3996 MHz, 245.83 W, 46
2026/10/08 04:36:57.976, 6, 195 MHz, 3996 MHz, 194.45 W, 36
2026/10/08 04:36:57.976, 7, 120 MHz, 3996 MHz, 188.63 W, 35
2026/10/08 04:36:58.977, 0, 2025 MHz, 3996 MHz, 1094.16 W, 60
2026/10/08 04:36:58.977, 1, 2002 MHz, 3996 MHz, 1090.69 W, 62
2026/10/08 04:36:58.977, 2, 120 MHz, 3996 MHz, 184.05 W, 30
2026/10/08 04:36:58.977, 3, 120 MHz, 3996 MHz, 182.18 W, 30
2026/10/08 04:36:58.977, 4, 2032 MHz, 3996 MHz, 266.43 W, 49
2026/10/08 04:36:58.977, 5, 2032 MHz, 3996 MHz, 244.67 W, 46
2026/10/08 04:36:58.977, 6, 127 MHz, 3996 MHz, 190.63 W, 36
2026/10/08 04:36:58.977, 7, 120 MHz, 3996 MHz, 188.48 W, 34
2026/10/08 04:36:59.977, 0, 2025 MHz, 3996 MHz, 1093.72 W, 60
2026/10/08 04:36:59.977, 1, 2002 MHz, 3996 MHz, 1091.06 W, 62
2026/10/08 04:36:59.977, 2, 120 MHz, 3996 MHz, 184.09 W, 30
2026/10/08 04:36:59.977, 3, 120 MHz, 3996 MHz, 182.19 W, 30
2026/10/08 04:36:59.977, 4, 2032 MHz, 3996 MHz, 254.03 W, 48
2026/10/08 04:36:59.977, 5, 412 MHz, 3996 MHz, 240.72 W, 45
2026/10/08 04:36:59.977, 6, 120 MHz, 3996 MHz, 189.11 W, 36
2026/10/08 04:36:59.977, 7, 120 MHz, 3996 MHz, 188.48 W, 34
2026/10/08 04:37:00.977, 0, 2017 MHz, 3996 MHz, 1094.10 W, 60
2026/10/08 04:37:00.977, 1, 2002 MHz, 3996 MHz, 1089.08 W, 62
2026/10/08 04:37:00.977, 2, 120 MHz, 3996 MHz, 184.09 W, 30
2026/10/08 04:37:00.977, 3, 120 MHz, 3996 MHz, 182.20 W, 30
2026/10/08 04:37:00.977, 4, 2032 MHz, 3996 MHz, 254.16 W, 48
2026/10/08 04:37:00.977, 5, 262 MHz, 3996 MHz, 189.88 W, 44
2026/10/08 04:37:00.977, 6, 120 MHz, 3996 MHz, 188.80 W, 35
2026/10/08 04:37:00.977, 7, 120 MHz, 3996 MHz, 188.48 W, 34
2026/10/08 04:37:01.977, 0, 2025 MHz, 3996 MHz, 1095.08 W, 60
2026/10/08 04:37:01.977, 1, 1995 MHz, 3996 MHz, 1089.85 W, 62
2026/10/08 04:37:01.977, 2, 120 MHz, 3996 MHz, 184.05 W, 30
2026/10/08 04:37:01.977, 3, 120 MHz, 3996 MHz, 182.20 W, 30
2026/10/08 04:37:01.977, 4, 2032 MHz, 3996 MHz, 253.40 W, 48
2026/10/08 04:37:01.977, 5, 165 MHz, 3996 MHz, 188.39 W, 44
2026/10/08 04:37:01.977, 6, 120 MHz, 3996 MHz, 188.72 W, 35
2026/10/08 04:37:01.978, 7, 120 MHz, 3996 MHz, 188.48 W, 34
2026/10/08 04:37:02.978, 0, 2025 MHz, 3996 MHz, 1093.80 W, 60
2026/10/08 04:37:02.978, 1, 1995 MHz, 3996 MHz, 1088.69 W, 62
2026/10/08 04:37:02.978, 2, 120 MHz, 3996 MHz, 184.09 W, 30
2026/10/08 04:37:02.978, 3, 120 MHz, 3996 MHz, 182.23 W, 30
2026/10/08 04:37:02.978, 4, 2032 MHz, 3996 MHz, 252.41 W, 47
2026/10/08 04:37:02.978, 5, 120 MHz, 3996 MHz, 188.27 W, 44
2026/10/08 04:37:02.978, 6, 120 MHz, 3996 MHz, 188.72 W, 35
2026/10/08 04:37:02.978, 7, 120 MHz, 3996 MHz, 188.48 W, 34
2026/10/08 04:37:03.978, 0, 2017 MHz, 3996 MHz, 1095.53 W, 60
2026/10/08 04:37:03.978, 1, 1995 MHz, 3996 MHz, 1089.81 W, 62
2026/10/08 04:37:03.978, 2, 120 MHz, 3996 MHz, 184.09 W, 30
2026/10/08 04:37:03.978, 3, 120 MHz, 3996 MHz, 182.21 W, 30
2026/10/08 04:37:03.978, 4, 2032 MHz, 3996 MHz, 253.18 W, 47
2026/10/08 04:37:03.978, 5, 120 MHz, 3996 MHz, 188.23 W, 43
2026/10/08 04:37:03.978, 6, 120 MHz, 3996 MHz, 188.72 W, 35
2026/10/08 04:37:03.978, 7, 120 MHz, 3996 MHz, 188.47 W, 34
2026/10/08 04:37:04.978, 0, 2025 MHz, 3996 MHz, 1094.45 W, 60
2026/10/08 04:37:04.978, 1, 1995 MHz, 3996 MHz, 1090.80 W, 62
2026/10/08 04:37:04.978, 2, 120 MHz, 3996 MHz, 184.10 W, 30
2026/10/08 04:37:04.978, 3, 120 MHz, 3996 MHz, 182.26 W, 30
2026/10/08 04:37:04.978, 4, 2032 MHz, 3996 MHz, 252.30 W, 47
2026/10/08 04:37:04.978, 5, 120 MHz, 3996 MHz, 188.16 W, 43
2026/10/08 04:37:04.978, 6, 120 MHz, 3996 MHz, 188.72 W, 35
2026/10/08 04:37:04.979, 7, 120 MHz, 3996 MHz, 188.48 W, 34
2026/10/08 04:37:05.979, 0, 2032 MHz, 3996 MHz, 1093.99 W, 60
2026/10/08 04:37:05.979, 1, 2002 MHz, 3996 MHz, 1090.23 W, 62
2026/10/08 04:37:05.979, 2, 120 MHz, 3996 MHz, 184.09 W, 30
2026/10/08 04:37:05.979, 3, 120 MHz, 3996 MHz, 182.22 W, 30
2026/10/08 04:37:05.979, 4, 352 MHz, 3996 MHz, 216.10 W, 46
2026/10/08 04:37:05.979, 5, 120 MHz, 3996 MHz, 187.83 W, 43
2026/10/08 04:37:05.979, 6, 120 MHz, 3996 MHz, 188.72 W, 35
2026/10/08 04:37:05.979, 7, 120 MHz, 3996 MHz, 188.47 W, 33
2026/10/08 04:37:06.979, 0, 2032 MHz, 3996 MHz, 1094.16 W, 60
2026/10/08 04:37:06.979, 1, 2010 MHz, 3996 MHz, 1088.71 W, 62
2026/10/08 04:37:06.979, 2, 120 MHz, 3996 MHz, 184.09 W, 30
2026/10/08 04:37:06.979, 3, 120 MHz, 3996 MHz, 182.23 W, 30
2026/10/08 04:37:06.979, 4, 217 MHz, 3996 MHz, 191.37 W, 45
2026/10/08 04:37:06.979, 5, 120 MHz, 3996 MHz, 188.45 W, 43
2026/10/08 04:37:06.979, 6, 120 MHz, 3996 MHz, 188.72 W, 34
2026/10/08 04:37:06.979, 7, 120 MHz, 3996 MHz, 188.47 W, 33
2026/10/08 04:37:07.979, 0, 2010 MHz, 3996 MHz, 1093.87 W, 60
2026/10/08 04:37:07.979, 1, 1995 MHz, 3996 MHz, 1089.63 W, 62
2026/10/08 04:37:07.979, 2, 120 MHz, 3996 MHz, 184.09 W, 30
2026/10/08 04:37:07.979, 3, 120 MHz, 3996 MHz, 182.18 W, 30
2026/10/08 04:37:07.979, 4, 165 MHz, 3996 MHz, 190.46 W, 45
2026/10/08 04:37:07.979, 5, 120 MHz, 3996 MHz, 188.39 W, 43
2026/10/08 04:37:07.979, 6, 120 MHz, 3996 MHz, 188.72 W, 34
2026/10/08 04:37:07.979, 7, 120 MHz, 3996 MHz, 188.12 W, 33
2026/10/08 04:37:08.980, 0, 2017 MHz, 3996 MHz, 1093.29 W, 60
2026/10/08 04:37:08.980, 1, 2002 MHz, 3996 MHz, 1088.94 W, 62
2026/10/08 04:37:08.980, 2, 120 MHz, 3996 MHz, 184.10 W, 30
2026/10/08 04:37:08.980, 3, 120 MHz, 3996 MHz, 182.50 W, 31
2026/10/08 04:37:08.980, 4, 120 MHz, 3996 MHz, 190.35 W, 45
2026/10/08 04:37:08.980, 5, 120 MHz, 3996 MHz, 187.73 W, 42
2026/10/08 04:37:08.980, 6, 120 MHz, 3996 MHz, 188.72 W, 34
2026/10/08 04:37:08.980, 7, 120 MHz, 3996 MHz, 188.02 W, 33
2026/10/08 04:37:09.980, 0, 2010 MHz, 3996 MHz, 1093.40 W, 60
2026/10/08 04:37:09.980, 1, 1995 MHz, 3996 MHz, 1090.63 W, 62
2026/10/08 04:37:09.980, 2, 120 MHz, 3996 MHz, 184.02 W, 30
2026/10/08 04:37:09.980, 3, 120 MHz, 3996 MHz, 184.04 W, 31
2026/10/08 04:37:09.980, 4, 120 MHz, 3996 MHz, 189.28 W, 44
2026/10/08 04:37:09.980, 5, 120 MHz, 3996 MHz, 187.66 W, 42
2026/10/08 04:37:09.980, 6, 120 MHz, 3996 MHz, 188.72 W, 34
2026/10/08 04:37:09.980, 7, 120 MHz, 3996 MHz, 187.54 W, 33
2026/10/08 04:37:10.980, 0, 2017 MHz, 3996 MHz, 1094.60 W, 60
2026/10/08 04:37:10.981, 1, 1995 MHz, 3996 MHz, 1089.65 W, 62
2026/10/08 04:37:10.981, 2, 120 MHz, 3996 MHz, 184.05 W, 30
2026/10/08 04:37:10.981, 3, 120 MHz, 3996 MHz, 183.99 W, 31
2026/10/08 04:37:10.981, 4, 120 MHz, 3996 MHz, 188.48 W, 44
2026/10/08 04:37:10.981, 5, 120 MHz, 3996 MHz, 187.10 W, 42
2026/10/08 04:37:10.981, 6, 120 MHz, 3996 MHz, 188.72 W, 34
2026/10/08 04:37:10.981, 7, 120 MHz, 3996 MHz, 187.10 W, 33
2026/10/08 04:37:11.981, 0, 2017 MHz, 3996 MHz, 1092.90 W, 60
2026/10/08 04:37:11.981, 1, 2002 MHz, 3996 MHz, 1090.86 W, 62
2026/10/08 04:37:11.981, 2, 120 MHz, 3996 MHz, 184.09 W, 30
2026/10/08 04:37:11.981, 3, 120 MHz, 3996 MHz, 183.13 W, 31
2026/10/08 04:37:11.981, 4, 120 MHz, 3996 MHz, 188.48 W, 44
2026/10/08 04:37:11.981, 5, 120 MHz, 3996 MHz, 187.14 W, 42
2026/10/08 04:37:11.981, 6, 120 MHz, 3996 MHz, 188.72 W, 34
2026/10/08 04:37:11.981, 7, 120 MHz, 3996 MHz, 187.32 W, 33
2026/10/08 04:37:12.981, 0, 2010 MHz, 3996 MHz, 1093.87 W, 60
2026/10/08 04:37:12.981, 1, 1995 MHz, 3996 MHz, 1089.48 W, 62
2026/10/08 04:37:12.981, 2, 120 MHz, 3996 MHz, 184.09 W, 31
2026/10/08 04:37:12.981, 3, 120 MHz, 3996 MHz, 183.35 W, 31
2026/10/08 04:37:12.981, 4, 120 MHz, 3996 MHz, 188.39 W, 43
2026/10/08 04:37:12.981, 5, 120 MHz, 3996 MHz, 186.98 W, 41
2026/10/08 04:37:12.981, 6, 120 MHz, 3996 MHz, 188.72 W, 34
2026/10/08 04:37:12.981, 7, 120 MHz, 3996 MHz, 188.21 W, 32
2026/10/08 04:37:13.981, 0, 2017 MHz, 3996 MHz, 1093.75 W, 60
2026/10/08 04:37:13.981, 1, 1995 MHz, 3996 MHz, 1090.10 W, 62
2026/10/08 04:37:13.981, 2, 120 MHz, 3996 MHz, 184.10 W, 31
2026/10/08 04:37:13.982, 3, 120 MHz, 3996 MHz, 182.62 W, 31
2026/10/08 04:37:13.982, 4, 120 MHz, 3996 MHz, 188.40 W, 43
2026/10/08 04:37:13.982, 5, 120 MHz, 3996 MHz, 186.90 W, 41
2026/10/08 04:37:13.982, 6, 120 MHz, 3996 MHz, 188.72 W, 33
2026/10/08 04:37:13.982, 7, 120 MHz, 3996 MHz, 187.76 W, 32
2026/10/08 04:37:14.982, 0, 2017 MHz, 3996 MHz, 1092.68 W, 60
2026/10/08 04:37:14.982, 1, 1995 MHz, 3996 MHz, 1089.35 W, 62
2026/10/08 04:37:14.982, 2, 120 MHz, 3996 MHz, 184.09 W, 31
2026/10/08 04:37:14.982, 3, 120 MHz, 3996 MHz, 182.27 W, 31
2026/10/08 04:37:14.982, 4, 120 MHz, 3996 MHz, 188.43 W, 43
2026/10/08 04:37:14.982, 5, 120 MHz, 3996 MHz, 186.64 W, 41
2026/10/08 04:37:14.982, 6, 120 MHz, 3996 MHz, 188.72 W, 33
2026/10/08 04:37:14.982, 7, 120 MHz, 3996 MHz, 187.19 W, 32
2026/10/08 04:37:15.982, 0, 2010 MHz, 3996 MHz, 1091.99 W, 60
2026/10/08 04:37:15.982, 1, 1995 MHz, 3996 MHz, 1089.90 W, 62
2026/10/08 04:37:15.982, 2, 120 MHz, 3996 MHz, 184.09 W, 31
2026/10/08 04:37:15.982, 3, 120 MHz, 3996 MHz, 182.24 W, 31
2026/10/08 04:37:15.982, 4, 120 MHz, 3996 MHz, 188.40 W, 43
2026/10/08 04:37:15.982, 5, 120 MHz, 3996 MHz, 186.73 W, 41
2026/10/08 04:37:15.982, 6, 120 MHz, 3996 MHz, 188.72 W, 33
2026/10/08 04:37:15.982, 7, 120 MHz, 3996 MHz, 187.33 W, 32
2026/10/08 04:37:16.982, 0, 2025 MHz, 3996 MHz, 1093.34 W, 60
2026/10/08 04:37:16.983, 1, 2002 MHz, 3996 MHz, 1089.71 W, 62
2026/10/08 04:37:16.983, 2, 120 MHz, 3996 MHz, 184.09 W, 31
2026/10/08 04:37:16.983, 3, 120 MHz, 3996 MHz, 182.24 W, 31
2026/10/08 04:37:16.983, 4, 120 MHz, 3996 MHz, 188.40 W, 43
2026/10/08 04:37:16.983, 5, 120 MHz, 3996 MHz, 186.53 W, 41
2026/10/08 04:37:16.983, 6, 120 MHz, 3996 MHz, 188.68 W, 33
2026/10/08 04:37:16.983, 7, 120 MHz, 3996 MHz, 187.58 W, 32
2026/10/08 04:37:17.983, 0, 2010 MHz, 3996 MHz, 1093.35 W, 60
2026/10/08 04:37:17.983, 1, 2002 MHz, 3996 MHz, 1089.19 W, 62
2026/10/08 04:37:17.983, 2, 120 MHz, 3996 MHz, 184.09 W, 31
2026/10/08 04:37:17.983, 3, 120 MHz, 3996 MHz, 182.27 W, 31
2026/10/08 04:37:17.983, 4, 120 MHz, 3996 MHz, 188.40 W, 42
2026/10/08 04:37:17.983, 5, 120 MHz, 3996 MHz, 186.57 W, 40
2026/10/08 04:37:17.983, 6, 120 MHz, 3996 MHz, 188.68 W, 33
2026/10/08 04:37:17.983, 7, 2032 MHz, 3996 MHz, 189.69 W, 32
2026/10/08 04:37:18.983, 0, 2017 MHz, 3996 MHz, 1093.64 W, 60
2026/10/08 04:37:18.983, 1, 1320 MHz, 3996 MHz, 1102.72 W, 66
2026/10/08 04:37:18.983, 2, 120 MHz, 3996 MHz, 184.09 W, 31
2026/10/08 04:37:18.983, 3, 120 MHz, 3996 MHz, 182.20 W, 31
2026/10/08 04:37:18.983, 4, 120 MHz, 3996 MHz, 188.39 W, 42
2026/10/08 04:37:18.983, 5, 120 MHz, 3996 MHz, 186.56 W, 40
2026/10/08 04:37:18.984, 6, 120 MHz, 3996 MHz, 188.60 W, 33
2026/10/08 04:37:18.984, 7, 2032 MHz, 3996 MHz, 238.95 W, 33
2026/10/08 04:37:19.984, 0, 1290 MHz, 3996 MHz, 1097.73 W, 65
2026/10/08 04:37:19.984, 1, 1320 MHz, 3996 MHz, 1088.90 W, 66
2026/10/08 04:37:19.984, 2, 120 MHz, 3996 MHz, 184.09 W, 31
2026/10/08 04:37:19.984, 3, 120 MHz, 3996 MHz, 182.26 W, 31
2026/10/08 04:37:19.984, 4, 120 MHz, 3996 MHz, 188.44 W, 42
2026/10/08 04:37:19.984, 5, 120 MHz, 3996 MHz, 186.56 W, 40
2026/10/08 04:37:19.984, 6, 120 MHz, 3996 MHz, 188.60 W, 33
2026/10/08 04:37:19.984, 7, 2032 MHz, 3996 MHz, 238.84 W, 33
2026/10/08 04:37:20.984, 0, 1327 MHz, 3996 MHz, 1088.80 W, 65
2026/10/08 04:37:20.984, 1, 1320 MHz, 3996 MHz, 1090.54 W, 66
2026/10/08 04:37:20.984, 2, 120 MHz, 3996 MHz, 184.09 W, 31
2026/10/08 04:37:20.984, 3, 120 MHz, 3996 MHz, 182.32 W, 31
2026/10/08 04:37:20.984, 4, 120 MHz, 3996 MHz, 188.40 W, 42
2026/10/08 04:37:20.984, 5, 120 MHz, 3996 MHz, 186.51 W, 40
2026/10/08 04:37:20.984, 6, 120 MHz, 3996 MHz, 188.60 W, 33
2026/10/08 04:37:20.984, 7, 2032 MHz, 3996 MHz, 238.84 W, 33
2026/10/08 04:37:21.984, 0, 1350 MHz, 3996 MHz, 1087.52 W, 65
2026/10/08 04:37:21.984, 1, 1312 MHz, 3996 MHz, 1089.54 W, 66
2026/10/08 04:37:21.984, 2, 120 MHz, 3996 MHz, 184.09 W, 31
2026/10/08 04:37:21.984, 3, 120 MHz, 3996 MHz, 182.40 W, 31
2026/10/08 04:37:21.985, 4, 120 MHz, 3996 MHz, 188.08 W, 42
2026/10/08 04:37:21.985, 5, 120 MHz, 3996 MHz, 186.35 W, 40
2026/10/08 04:37:21.985, 6, 120 MHz, 3996 MHz, 188.60 W, 33
2026/10/08 04:37:21.985, 7, 2032 MHz, 3996 MHz, 239.94 W, 33
2026/10/08 04:37:22.985, 0, 1327 MHz, 3996 MHz, 1089.08 W, 65
2026/10/08 04:37:22.985, 1, 1365 MHz, 3996 MHz, 1086.85 W, 66
2026/10/08 04:37:22.985, 2, 120 MHz, 3996 MHz, 184.09 W, 31
2026/10/08 04:37:22.985, 3, 120 MHz, 3996 MHz, 182.30 W, 31
2026/10/08 04:37:22.985, 4, 120 MHz, 3996 MHz, 187.58 W, 41
2026/10/08 04:37:22.985, 5, 120 MHz, 3996 MHz, 186.38 W, 40
2026/10/08 04:37:22.985, 6, 120 MHz, 3996 MHz, 188.56 W, 33
2026/10/08 04:37:22.985, 7, 2032 MHz, 3996 MHz, 240.62 W, 33
2026/10/08 04:37:23.985, 0, 1327 MHz, 3996 MHz, 1087.63 W, 65
2026/10/08 04:37:23.985, 1, 1305 MHz, 3996 MHz, 1090.51 W, 66
2026/10/08 04:37:23.985, 2, 120 MHz, 3996 MHz, 184.09 W, 31
2026/10/08 04:37:23.985, 3, 120 MHz, 3996 MHz, 182.31 W, 31
2026/10/08 04:37:23.985, 4, 120 MHz, 3996 MHz, 186.98 W, 41
2026/10/08 04:37:23.985, 5, 120 MHz, 3996 MHz, 186.13 W, 40
2026/10/08 04:37:23.985, 6, 120 MHz, 3996 MHz, 188.48 W, 33
2026/10/08 04:37:23.985, 7, 2032 MHz, 3996 MHz, 239.82 W, 33
2026/10/08 04:37:24.985, 0, 1335 MHz, 3996 MHz, 1085.30 W, 65
2026/10/08 04:37:24.985, 1, 1312 MHz, 3996 MHz, 1089.25 W, 66
2026/10/08 04:37:24.986, 2, 120 MHz, 3996 MHz, 184.09 W, 31
2026/10/08 04:37:24.986, 3, 120 MHz, 3996 MHz, 182.17 W, 31
2026/10/08 04:37:24.986, 4, 120 MHz, 3996 MHz, 187.08 W, 41
2026/10/08 04:37:24.986, 5, 120 MHz, 3996 MHz, 185.83 W, 39
2026/10/08 04:37:24.986, 6, 2032 MHz, 3996 MHz, 241.49 W, 34
2026/10/08 04:37:24.986, 7, 2032 MHz, 3996 MHz, 257.21 W, 33
2026/10/08 04:37:25.986, 0, 1327 MHz, 3996 MHz, 1089.08 W, 65
2026/10/08 04:37:25.986, 1, 1312 MHz, 3996 MHz, 1091.12 W, 66
2026/10/08 04:37:25.986, 2, 120 MHz, 3996 MHz, 184.09 W, 31
2026/10/08 04:37:25.986, 3, 120 MHz, 3996 MHz, 182.20 W, 31
2026/10/08 04:37:25.986, 4, 120 MHz, 3996 MHz, 186.90 W, 41
2026/10/08 04:37:25.986, 5, 120 MHz, 3996 MHz, 185.90 W, 39
2026/10/08 04:37:25.986, 6, 2032 MHz, 3996 MHz, 248.73 W, 34
2026/10/08 04:37:25.986, 7, 2032 MHz, 3996 MHz, 275.78 W, 34
2026/10/08 04:37:26.986, 0, 1327 MHz, 3996 MHz, 1085.55 W, 65
2026/10/08 04:37:26.986, 1, 1297 MHz, 3996 MHz, 1088.30 W, 66
2026/10/08 04:37:26.986, 2, 120 MHz, 3996 MHz, 184.09 W, 31
2026/10/08 04:37:26.986, 3, 120 MHz, 3996 MHz, 182.15 W, 31
2026/10/08 04:37:26.986, 4, 120 MHz, 3996 MHz, 186.67 W, 41
2026/10/08 04:37:26.986, 5, 120 MHz, 3996 MHz, 185.83 W, 39
2026/10/08 04:37:26.986, 6, 2032 MHz, 3996 MHz, 248.82 W, 34
2026/10/08 04:37:26.986, 7, 2032 MHz, 3996 MHz, 243.98 W, 33
2026/10/08 04:37:27.986, 0, 1350 MHz, 3996 MHz, 1084.33 W, 65
2026/10/08 04:37:27.986, 1, 1425 MHz, 3996 MHz, 1078.56 W, 62
2026/10/08 04:37:27.986, 2, 120 MHz, 3996 MHz, 184.09 W, 31
2026/10/08 04:37:27.987, 3, 120 MHz, 3996 MHz, 182.18 W, 31
2026/10/08 04:37:27.987, 4, 120 MHz, 3996 MHz, 186.55 W, 41
2026/10/08 04:37:27.987, 5, 120 MHz, 3996 MHz, 185.47 W, 39
2026/10/08 04:37:27.987, 6, 2032 MHz, 3996 MHz, 250.32 W, 34
2026/10/08 04:37:27.987, 7, 2032 MHz, 3996 MHz, 256.66 W, 33
2026/10/08 04:37:28.987, 0, 1327 MHz, 3996 MHz, 1082.06 W, 65
2026/10/08 04:37:28.987, 1, 2010 MHz, 3996 MHz, 1082.53 W, 62
2026/10/08 04:37:28.987, 2, 120 MHz, 3996 MHz, 184.09 W, 31
2026/10/08 04:37:28.987, 3, 120 MHz, 3996 MHz, 182.16 W, 31
2026/10/08 04:37:28.987, 4, 120 MHz, 3996 MHz, 186.55 W, 41
2026/10/08 04:37:28.987, 5, 120 MHz, 3996 MHz, 185.38 W, 39
2026/10/08 04:37:28.987, 6, 2032 MHz, 3996 MHz, 250.25 W, 34
2026/10/08 04:37:28.987, 7, 2032 MHz, 3996 MHz, 239.06 W, 33
2026/10/08 04:37:29.987, 0, 2025 MHz, 3996 MHz, 1070.68 W, 60
2026/10/08 04:37:29.987, 1, 2002 MHz, 3996 MHz, 1089.81 W, 62
2026/10/08 04:37:29.987, 2, 120 MHz, 3996 MHz, 184.09 W, 31
2026/10/08 04:37:29.987, 3, 120 MHz, 3996 MHz, 182.17 W, 31
2026/10/08 04:37:29.987, 4, 120 MHz, 3996 MHz, 186.51 W, 40
2026/10/08 04:37:29.987, 5, 120 MHz, 3996 MHz, 185.34 W, 39
2026/10/08 04:37:29.987, 6, 2032 MHz, 3996 MHz, 252.08 W, 35
2026/10/08 04:37:29.987, 7, 2032 MHz, 3996 MHz, 242.75 W, 33
2026/10/08 04:37:30.988, 0, 2025 MHz, 3996 MHz, 1094.11 W, 60
2026/10/08 04:37:30.988, 1, 2010 MHz, 3996 MHz, 1090.21 W, 62
2026/10/08 04:37:30.988, 2, 120 MHz, 3996 MHz, 184.09 W, 31
2026/10/08 04:37:30.988, 3, 120 MHz, 3996 MHz, 182.22 W, 31
2026/10/08 04:37:30.988, 4, 2032 MHz, 3996 MHz, 188.41 W, 40
2026/10/08 04:37:30.988, 5, 2032 MHz, 3996 MHz, 237.96 W, 40
2026/10/08 04:37:30.988, 6, 2032 MHz, 3996 MHz, 268.15 W, 34
2026/10/08 04:37:30.988, 7, 2032 MHz, 3996 MHz, 246.20 W, 33
2026/10/08 04:37:31.988, 0, 2025 MHz, 3996 MHz, 1094.65 W, 60
2026/10/08 04:37:31.988, 1, 2002 MHz, 3996 MHz, 1091.02 W, 62
2026/10/08 04:37:31.988, 2, 120 MHz, 3996 MHz, 184.09 W, 31
2026/10/08 04:37:31.988, 3, 120 MHz, 3996 MHz, 182.19 W, 31
2026/10/08 04:37:31.988, 4, 2032 MHz, 3996 MHz, 248.10 W, 41
2026/10/08 04:37:31.988, 5, 2032 MHz, 3996 MHz, 239.66 W, 40
2026/10/08 04:37:31.988, 6, 2032 MHz, 3996 MHz, 288.21 W, 35
2026/10/08 04:37:31.988, 7, 2032 MHz, 3996 MHz, 238.97 W, 33
2026/10/08 04:37:32.988, 0, 2017 MHz, 3996 MHz, 1093.82 W, 60
2026/10/08 04:37:32.988, 1, 2010 MHz, 3996 MHz, 1091.26 W, 62
2026/10/08 04:37:32.988, 2, 120 MHz, 3996 MHz, 184.09 W, 31
2026/10/08 04:37:32.988, 3, 120 MHz, 3996 MHz, 182.19 W, 31
2026/10/08 04:37:32.988, 4, 2032 MHz, 3996 MHz, 248.03 W, 41
2026/10/08 04:37:32.988, 5, 2032 MHz, 3996 MHz, 239.99 W, 40
2026/10/08 04:37:32.988, 6, 2032 MHz, 3996 MHz, 249.06 W, 34
2026/10/08 04:37:32.988, 7, 2032 MHz, 3996 MHz, 238.83 W, 33
2026/10/08 04:37:33.988, 0, 2032 MHz, 3996 MHz, 1094.03 W, 61
2026/10/08 04:37:33.988, 1, 1995 MHz, 3996 MHz, 1090.79 W, 62
2026/10/08 04:37:33.988, 2, 120 MHz, 3996 MHz, 184.09 W, 31
2026/10/08 04:37:33.988, 3, 120 MHz, 3996 MHz, 182.19 W, 31
2026/10/08 04:37:33.988, 4, 2032 MHz, 3996 MHz, 248.64 W, 41
2026/10/08 04:37:33.988, 5, 2032 MHz, 3996 MHz, 240.97 W, 40
2026/10/08 04:37:33.988, 6, 2032 MHz, 3996 MHz, 266.35 W, 34
2026/10/08 04:37:33.988, 7, 2032 MHz, 3996 MHz, 239.17 W, 33
2026/10/08 04:37:34.989, 0, 2025 MHz, 3996 MHz, 1093.86 W, 61
2026/10/08 04:37:34.989, 1, 1995 MHz, 3996 MHz, 1090.00 W, 62
2026/10/08 04:37:34.989, 2, 120 MHz, 3996 MHz, 184.09 W, 31
2026/10/08 04:37:34.989, 3, 120 MHz, 3996 MHz, 182.18 W, 32
2026/10/08 04:37:34.989, 4, 2032 MHz, 3996 MHz, 248.96 W, 41
2026/10/08 04:37:34.989, 5, 2032 MHz, 3996 MHz, 240.64 W, 40
2026/10/08 04:37:34.989, 6, 2032 MHz, 3996 MHz, 250.52 W, 34
2026/10/08 04:37:34.989, 7, 2032 MHz, 3996 MHz, 239.41 W, 33
2026/10/08 04:37:35.989, 0, 2025 MHz, 3996 MHz, 1093.68 W, 61
2026/10/08 04:37:35.989, 1, 1995 MHz, 3996 MHz, 1090.45 W, 62
2026/10/08 04:37:35.989, 2, 120 MHz, 3996 MHz, 184.09 W, 31
2026/10/08 04:37:35.989, 3, 120 MHz, 3996 MHz, 182.18 W, 32
2026/10/08 04:37:35.989, 4, 2032 MHz, 3996 MHz, 248.26 W, 41
2026/10/08 04:37:35.989, 5, 2032 MHz, 3996 MHz, 240.43 W, 40
2026/10/08 04:37:35.989, 6, 2032 MHz, 3996 MHz, 254.31 W, 34
2026/10/08 04:37:35.989, 7, 2032 MHz, 3996 MHz, 248.37 W, 33
2026/10/08 04:37:36.989, 0, 2017 MHz, 3996 MHz, 1094.01 W, 61
2026/10/08 04:37:36.989, 1, 1995 MHz, 3996 MHz, 1091.67 W, 62
2026/10/08 04:37:36.989, 2, 120 MHz, 3996 MHz, 184.09 W, 31
2026/10/08 04:37:36.989, 3, 120 MHz, 3996 MHz, 182.24 W, 32
2026/10/08 04:37:36.989, 4, 2032 MHz, 3996 MHz, 266.86 W, 42
2026/10/08 04:37:36.989, 5, 2032 MHz, 3996 MHz, 258.65 W, 40
2026/10/08 04:37:36.989, 6, 2032 MHz, 3996 MHz, 253.50 W, 34
2026/10/08 04:37:36.989, 7, 2032 MHz, 3996 MHz, 240.45 W, 33
2026/10/08 04:37:37.989, 0, 2025 MHz, 3996 MHz, 1095.21 W, 61
2026/10/08 04:37:37.990, 1, 2002 MHz, 3996 MHz, 1090.35 W, 62
2026/10/08 04:37:37.990, 2, 120 MHz, 3996 MHz, 184.09 W, 31
2026/10/08 04:37:37.990, 3, 120 MHz, 3996 MHz, 182.32 W, 32
2026/10/08 04:37:37.990, 4, 2032 MHz, 3996 MHz, 252.68 W, 42
2026/10/08 04:37:37.990, 5, 2032 MHz, 3996 MHz, 276.73 W, 40
2026/10/08 04:37:37.990, 6, 2032 MHz, 3996 MHz, 248.69 W, 34
2026/10/08 04:37:37.990, 7, 2032 MHz, 3996 MHz, 240.43 W, 33
2026/10/08 04:37:38.990, 0, 2032 MHz, 3996 MHz, 1093.97 W, 61
2026/10/08 04:37:38.990, 1, 2010 MHz, 3996 MHz, 1090.48 W, 62
2026/10/08 04:37:38.990, 2, 120 MHz, 3996 MHz, 184.09 W, 32
2026/10/08 04:37:38.990, 3, 120 MHz, 3996 MHz, 182.27 W, 32
2026/10/08 04:37:38.990, 4, 2032 MHz, 3996 MHz, 280.17 W, 41
2026/10/08 04:37:38.990, 5, 2032 MHz, 3996 MHz, 240.62 W, 39
2026/10/08 04:37:38.990, 6, 2032 MHz, 3996 MHz, 249.02 W, 34
2026/10/08 04:37:38.990, 7, 2032 MHz, 3996 MHz, 240.32 W, 33
2026/10/08 04:37:39.990, 0, 2025 MHz, 3996 MHz, 1094.49 W, 61
2026/10/08 04:37:39.990, 1, 2002 MHz, 3996 MHz, 1089.69 W, 62
2026/10/08 04:37:39.990, 2, 120 MHz, 3996 MHz, 184.09 W, 32
2026/10/08 04:37:39.990, 3, 120 MHz, 3996 MHz, 182.28 W, 32
2026/10/08 04:37:39.990, 4, 2032 MHz, 3996 MHz, 265.31 W, 42
2026/10/08 04:37:39.990, 5, 2032 MHz, 3996 MHz, 253.25 W, 40
2026/10/08 04:37:39.990, 6, 2032 MHz, 3996 MHz, 248.66 W, 34
2026/10/08 04:37:39.990, 7, 2032 MHz, 3996 MHz, 240.43 W, 33
2026/10/08 04:37:40.990, 0, 2025 MHz, 3996 MHz, 1093.94 W, 61
2026/10/08 04:37:40.990, 1, 2002 MHz, 3996 MHz, 1089.91 W, 62
2026/10/08 04:37:40.990, 2, 120 MHz, 3996 MHz, 184.09 W, 32
2026/10/08 04:37:40.990, 3, 120 MHz, 3996 MHz, 182.31 W, 32
2026/10/08 04:37:40.990, 4, 2032 MHz, 3996 MHz, 248.21 W, 41
2026/10/08 04:37:40.990, 5, 2032 MHz, 3996 MHz, 241.82 W, 39
2026/10/08 04:37:40.990, 6, 2032 MHz, 3996 MHz, 249.06 W, 34
2026/10/08 04:37:40.991, 7, 2032 MHz, 3996 MHz, 246.93 W, 33
2026/10/08 04:37:41.991, 0, 2010 MHz, 3996 MHz, 1095.09 W, 61
2026/10/08 04:37:41.991, 1, 2002 MHz, 3996 MHz, 1090.16 W, 62
2026/10/08 04:37:41.991, 2, 120 MHz, 3996 MHz, 184.09 W, 32
2026/10/08 04:37:41.991, 3, 120 MHz, 3996 MHz, 182.29 W, 32
2026/10/08 04:37:41.991, 4, 2032 MHz, 3996 MHz, 253.05 W, 41
2026/10/08 04:37:41.991, 5, 2032 MHz, 3996 MHz, 245.12 W, 39
2026/10/08 04:37:41.991, 6, 2032 MHz, 3996 MHz, 263.68 W, 34
2026/10/08 04:37:41.991, 7, 2032 MHz, 3996 MHz, 239.62 W, 33
2026/10/08 04:37:42.991, 0, 2010 MHz, 3996 MHz, 1094.58 W, 61
2026/10/08 04:37:42.991, 1, 2002 MHz, 3996 MHz, 1091.19 W, 62
2026/10/08 04:37:42.991, 2, 120 MHz, 3996 MHz, 184.09 W, 32
2026/10/08 04:37:42.991, 3, 120 MHz, 3996 MHz, 182.47 W, 32
2026/10/08 04:37:42.991, 4, 2032 MHz, 3996 MHz, 249.88 W, 41
2026/10/08 04:37:42.991, 5, 2032 MHz, 3996 MHz, 240.32 W, 39
2026/10/08 04:37:42.991, 6, 2032 MHz, 3996 MHz, 248.71 W, 34
2026/10/08 04:37:42.991, 7, 2032 MHz, 3996 MHz, 239.36 W, 33
2026/10/08 04:37:43.991, 0, 2025 MHz, 3996 MHz, 1095.14 W, 61
2026/10/08 04:37:43.991, 1, 2002 MHz, 3996 MHz, 1089.35 W, 62
2026/10/08 04:37:43.991, 2, 120 MHz, 3996 MHz, 184.09 W, 32
2026/10/08 04:37:43.991, 3, 120 MHz, 3996 MHz, 182.41 W, 32
2026/10/08 04:37:43.991, 4, 2032 MHz, 3996 MHz, 248.22 W, 41
2026/10/08 04:37:43.991, 5, 2032 MHz, 3996 MHz, 240.09 W, 39
2026/10/08 04:37:43.992, 6, 2032 MHz, 3996 MHz, 248.69 W, 34
2026/10/08 04:37:43.992, 7, 2032 MHz, 3996 MHz, 238.83 W, 33
2026/10/08 04:37:44.992, 0, 2025 MHz, 3996 MHz, 1093.84 W, 61
2026/10/08 04:37:44.992, 1, 2002 MHz, 3996 MHz, 1091.69 W, 62
2026/10/08 04:37:44.992, 2, 120 MHz, 3996 MHz, 184.09 W, 32
2026/10/08 04:37:44.992, 3, 120 MHz, 3996 MHz, 182.34 W, 32
2026/10/08 04:37:44.992, 4, 2032 MHz, 3996 MHz, 248.07 W, 41
2026/10/08 04:37:44.992, 5, 2032 MHz, 3996 MHz, 240.18 W, 39
2026/10/08 04:37:44.992, 6, 2032 MHz, 3996 MHz, 248.72 W, 34
2026/10/08 04:37:44.992, 7, 2032 MHz, 3996 MHz, 239.06 W, 33
2026/10/08 04:37:45.992, 0, 2025 MHz, 3996 MHz, 1093.27 W, 61
2026/10/08 04:37:45.992, 1, 2002 MHz, 3996 MHz, 1091.18 W, 62
2026/10/08 04:37:45.992, 2, 120 MHz, 3996 MHz, 184.09 W, 32
2026/10/08 04:37:45.992, 3, 120 MHz, 3996 MHz, 182.47 W, 32
2026/10/08 04:37:45.992, 4, 2032 MHz, 3996 MHz, 248.06 W, 41
2026/10/08 04:37:45.992, 5, 2032 MHz, 3996 MHz, 240.56 W, 39
2026/10/08 04:37:45.992, 6, 2032 MHz, 3996 MHz, 248.69 W, 34
2026/10/08 04:37:45.992, 7, 2032 MHz, 3996 MHz, 238.87 W, 33
2026/10/08 04:37:46.992, 0, 2017 MHz, 3996 MHz, 1094.13 W, 61
2026/10/08 04:37:46.992, 1, 2002 MHz, 3996 MHz, 1089.24 W, 62
2026/10/08 04:37:46.992, 2, 120 MHz, 3996 MHz, 184.09 W, 32
2026/10/08 04:37:46.993, 3, 120 MHz, 3996 MHz, 182.38 W, 32
2026/10/08 04:37:46.993, 4, 2032 MHz, 3996 MHz, 248.50 W, 41
2026/10/08 04:37:46.993, 5, 2032 MHz, 3996 MHz, 248.50 W, 39
2026/10/08 04:37:46.993, 6, 2032 MHz, 3996 MHz, 248.67 W, 34
2026/10/08 04:37:46.993, 7, 2032 MHz, 3996 MHz, 262.12 W, 42
2026/10/08 04:37:47.993, 0, 2010 MHz, 3996 MHz, 1094.11 W, 61
2026/10/08 04:37:47.997, 1, 1995 MHz, 3996 MHz, 1089.20 W, 62
2026/10/08 04:37:47.997, 2, 120 MHz, 3996 MHz, 184.09 W, 32
2026/10/08 04:37:47.997, 3, 120 MHz, 3996 MHz, 182.58 W, 32
2026/10/08 04:37:47.997, 4, 2032 MHz, 3996 MHz, 256.60 W, 41
2026/10/08 04:37:47.997, 5, 2032 MHz, 3996 MHz, 245.17 W, 39
2026/10/08 04:37:47.997, 6, 2032 MHz, 3996 MHz, 249.57 W, 34
2026/10/08 04:37:47.997, 7, 2032 MHz, 3996 MHz, 537.20 W, 36
2026/10/08 04:37:48.997, 0, 2017 MHz, 3996 MHz, 1094.04 W, 61
2026/10/08 04:37:48.997, 1, 2002 MHz, 3996 MHz, 1092.19 W, 62
2026/10/08 04:37:48.997, 2, 120 MHz, 3996 MHz, 184.09 W, 32
2026/10/08 04:37:48.997, 3, 120 MHz, 3996 MHz, 182.54 W, 32
2026/10/08 04:37:48.997, 4, 2032 MHz, 3996 MHz, 252.54 W, 41
2026/10/08 04:37:48.997, 5, 2032 MHz, 3996 MHz, 240.09 W, 39
2026/10/08 04:37:48.997, 6, 2032 MHz, 3996 MHz, 532.54 W, 38
2026/10/08 04:37:48.997, 7, 2032 MHz, 3996 MHz, 286.21 W, 34
2026/10/08 04:37:49.997, 0, 2017 MHz, 3996 MHz, 1094.59 W, 61
2026/10/08 04:37:49.998, 1, 1995 MHz, 3996 MHz, 1089.06 W, 62
2026/10/08 04:37:49.998, 2, 120 MHz, 3996 MHz, 184.09 W, 32
2026/10/08 04:37:49.998, 3, 120 MHz, 3996 MHz, 182.55 W, 32
2026/10/08 04:37:49.998, 4, 2032 MHz, 3996 MHz, 247.87 W, 41
2026/10/08 04:37:49.998, 5, 2032 MHz, 3996 MHz, 239.93 W, 39
2026/10/08 04:37:49.998, 6, 2032 MHz, 3996 MHz, 325.89 W, 36
2026/10/08 04:37:49.998, 7, 1290 MHz, 3996 MHz, 697.51 W, 49
2026/10/08 04:37:50.998, 0, 2017 MHz, 3996 MHz, 1093.01 W, 61
2026/10/08 04:37:50.998, 1, 2002 MHz, 3996 MHz, 1091.80 W, 62
2026/10/08 04:37:50.998, 2, 120 MHz, 3996 MHz, 184.09 W, 32
2026/10/08 04:37:50.998, 3, 120 MHz, 3996 MHz, 182.64 W, 32
2026/10/08 04:37:50.998, 4, 2032 MHz, 3996 MHz, 247.91 W, 41
2026/10/08 04:37:50.998, 5, 2032 MHz, 3996 MHz, 239.74 W, 39
2026/10/08 04:37:50.998, 6, 1342 MHz, 3996 MHz, 505.07 W, 49
2026/10/08 04:37:50.998, 7, 2032 MHz, 3996 MHz, 963.50 W, 44
2026/10/08 04:37:51.998, 0, 2025 MHz, 3996 MHz, 1093.67 W, 61
2026/10/08 04:37:51.998, 1, 1995 MHz, 3996 MHz, 1090.61 W, 62
2026/10/08 04:37:51.998, 2, 120 MHz, 3996 MHz, 184.09 W, 32
2026/10/08 04:37:51.998, 3, 120 MHz, 3996 MHz, 182.55 W, 32
2026/10/08 04:37:51.998, 4, 2032 MHz, 3996 MHz, 247.95 W, 41
2026/10/08 04:37:51.998, 5, 2032 MHz, 3996 MHz, 240.20 W, 39
2026/10/08 04:37:51.998, 6, 2032 MHz, 3996 MHz, 1026.73 W, 46
2026/10/08 04:37:51.998, 7, 2032 MHz, 3996 MHz, 864.52 W, 44
2026/10/08 04:37:52.999, 0, 2017 MHz, 3996 MHz, 1094.76 W, 61
2026/10/08 04:37:52.999, 1, 1320 MHz, 3996 MHz, 1093.98 W, 67
2026/10/08 04:37:52.999, 2, 120 MHz, 3996 MHz, 184.09 W, 32
2026/10/08 04:37:52.999, 3, 120 MHz, 3996 MHz, 182.81 W, 32
2026/10/08 04:37:52.999, 4, 2032 MHz, 3996 MHz, 248.03 W, 41
2026/10/08 04:37:52.999, 5, 2032 MHz, 3996 MHz, 239.52 W, 39
2026/10/08 04:37:52.999, 6, 2032 MHz, 3996 MHz, 893.46 W, 45
2026/10/08 04:37:52.999, 7, 2032 MHz, 3996 MHz, 871.05 W, 44
2026/10/08 04:37:53.999, 0, 1312 MHz, 3996 MHz, 1101.84 W, 66
2026/10/08 04:37:53.999, 1, 1320 MHz, 3996 MHz, 1088.19 W, 67
2026/10/08 04:37:53.999, 2, 120 MHz, 3996 MHz, 184.09 W, 32
2026/10/08 04:37:53.999, 3, 120 MHz, 3996 MHz, 183.00 W, 32
2026/10/08 04:37:53.999, 4, 2032 MHz, 3996 MHz, 247.66 W, 41
2026/10/08 04:37:53.999, 5, 1372 MHz, 3996 MHz, 416.86 W, 48
2026/10/08 04:37:53.999, 6, 2032 MHz, 3996 MHz, 896.82 W, 46
2026/10/08 04:37:53.999, 7, 2032 MHz, 3996 MHz, 870.84 W, 45
2026/10/08 04:37:54.999, 0, 1342 MHz, 3996 MHz, 1087.92 W, 66
2026/10/08 04:37:54.999, 1, 1297 MHz, 3996 MHz, 1090.68 W, 67
2026/10/08 04:37:54.999, 2, 120 MHz, 3996 MHz, 184.09 W, 32
2026/10/08 04:37:54.999, 3, 120 MHz, 3996 MHz, 182.82 W, 32
2026/10/08 04:37:55.000, 4, 2032 MHz, 3996 MHz, 247.79 W, 41
2026/10/08 04:37:55.000, 5, 2032 MHz, 3996 MHz, 402.10 W, 42
2026/10/08 04:37:55.000, 6, 2032 MHz, 3996 MHz, 899.89 W, 47
2026/10/08 04:37:55.000, 7, 2032 MHz, 3996 MHz, 872.25 W, 45
2026/10/08 04:37:56.000, 0, 1327 MHz, 3996 MHz, 1088.05 W, 66
2026/10/08 04:37:56.000, 1, 1297 MHz, 3996 MHz, 1090.35 W, 67
2026/10/08 04:37:56.000, 2, 120 MHz, 3996 MHz, 184.09 W, 32
2026/10/08 04:37:56.000, 3, 120 MHz, 3996 MHz, 182.97 W, 32
2026/10/08 04:37:56.000, 4, 2032 MHz, 3996 MHz, 552.21 W, 44
2026/10/08 04:37:56.000, 5, 2032 MHz, 3996 MHz, 256.15 W, 40
2026/10/08 04:37:56.000, 6, 2032 MHz, 3996 MHz, 906.64 W, 47
2026/10/08 04:37:56.000, 7, 1327 MHz, 3996 MHz, 886.04 W, 52
2026/10/08 04:37:57.000, 0, 1335 MHz, 3996 MHz, 1084.97 W, 66
2026/10/08 04:37:57.000, 1, 1335 MHz, 3996 MHz, 1089.97 W, 67
2026/10/08 04:37:57.000, 2, 120 MHz, 3996 MHz, 184.09 W, 32
2026/10/08 04:37:57.000, 3, 120 MHz, 3996 MHz, 182.97 W, 32
2026/10/08 04:37:57.000, 4, 2032 MHz, 3996 MHz, 307.83 W, 42
2026/10/08 04:37:57.000, 5, 2032 MHz, 3996 MHz, 822.78 W, 48
2026/10/08 04:37:57.000, 6, 2032 MHz, 3996 MHz, 908.20 W, 47
2026/10/08 04:37:57.000, 7, 1875 MHz, 3996 MHz, 1052.27 W, 48
2026/10/08 04:37:58.000, 0, 1335 MHz, 3996 MHz, 1088.85 W, 66
2026/10/08 04:37:58.000, 1, 1320 MHz, 3996 MHz, 1090.12 W, 67
2026/10/08 04:37:58.000, 2, 120 MHz, 3996 MHz, 184.09 W, 32
2026/10/08 04:37:58.000, 3, 120 MHz, 3996 MHz, 182.71 W, 32
2026/10/08 04:37:58.000, 4, 1410 MHz, 3996 MHz, 597.92 W, 55
2026/10/08 04:37:58.000, 5, 2032 MHz, 3996 MHz, 791.43 W, 48
2026/10/08 04:37:58.000, 6, 1320 MHz, 3996 MHz, 1086.26 W, 57
2026/10/08 04:37:58.000, 7, 2032 MHz, 3996 MHz, 867.71 W, 46
2026/10/08 04:37:59.001, 0, 1327 MHz, 3996 MHz, 1088.11 W, 66
2026/10/08 04:37:59.001, 1, 1312 MHz, 3996 MHz, 1090.48 W, 67
2026/10/08 04:37:59.001, 2, 120 MHz, 3996 MHz, 184.09 W, 32
2026/10/08 04:37:59.001, 3, 120 MHz, 3996 MHz, 183.12 W, 32
2026/10/08 04:37:59.001, 4, 2032 MHz, 3996 MHz, 825.76 W, 50
2026/10/08 04:37:59.001, 5, 2032 MHz, 3996 MHz, 793.65 W, 48
2026/10/08 04:37:59.001, 6, 2032 MHz, 3996 MHz, 911.20 W, 48
2026/10/08 04:37:59.001, 7, 2032 MHz, 3996 MHz, 870.15 W, 46
2026/10/08 04:38:00.001, 0, 1327 MHz, 3996 MHz, 1085.57 W, 66
2026/10/08 04:38:00.001, 1, 1297 MHz, 3996 MHz, 1089.47 W, 67
2026/10/08 04:38:00.001, 2, 120 MHz, 3996 MHz, 184.09 W, 32
2026/10/08 04:38:00.001, 3, 120 MHz, 3996 MHz, 183.20 W, 33
2026/10/08 04:38:00.001, 4, 2032 MHz, 3996 MHz, 807.33 W, 50
2026/10/08 04:38:00.001, 5, 2032 MHz, 3996 MHz, 797.91 W, 49
2026/10/08 04:38:00.001, 6, 2032 MHz, 3996 MHz, 900.80 W, 48
2026/10/08 04:38:00.001, 7, 2032 MHz, 3996 MHz, 872.43 W, 47
2026/10/08 04:38:01.001, 0, 1342 MHz, 3996 MHz, 1084.28 W, 66
2026/10/08 04:38:01.001, 1, 1297 MHz, 3996 MHz, 1090.74 W, 67
2026/10/08 04:38:01.001, 2, 120 MHz, 3996 MHz, 184.09 W, 32
2026/10/08 04:38:01.001, 3, 120 MHz, 3996 MHz, 183.47 W, 33
2026/10/08 04:38:01.001, 4, 2032 MHz, 3996 MHz, 812.12 W, 51
2026/10/08 04:38:01.001, 5, 1305 MHz, 3996 MHz, 934.56 W, 58
2026/10/08 04:38:01.001, 6, 2032 MHz, 3996 MHz, 903.37 W, 49
2026/10/08 04:38:01.001, 7, 2032 MHz, 3996 MHz, 880.47 W, 47
2026/10/08 04:38:02.002, 0, 1320 MHz, 3996 MHz, 1087.02 W, 66
2026/10/08 04:38:02.002, 1, 1380 MHz, 3996 MHz, 1079.29 W, 64
2026/10/08 04:38:02.002, 2, 120 MHz, 3996 MHz, 184.09 W, 32
2026/10/08 04:38:02.002, 3, 120 MHz, 3996 MHz, 183.24 W, 33
2026/10/08 04:38:02.002, 4, 1410 MHz, 3996 MHz, 849.17 W, 51
2026/10/08 04:38:02.002, 5, 2032 MHz, 3996 MHz, 796.27 W, 50
2026/10/08 04:38:02.002, 6, 2032 MHz, 3996 MHz, 906.58 W, 49
2026/10/08 04:38:02.002, 7, 2032 MHz, 3996 MHz, 878.11 W, 47
2026/10/08 04:38:03.002, 0, 1327 MHz, 3996 MHz, 1085.26 W, 66
2026/10/08 04:38:03.002, 1, 2002 MHz, 3996 MHz, 1082.66 W, 63
2026/10/08 04:38:03.002, 2, 120 MHz, 3996 MHz, 184.09 W, 33
2026/10/08 04:38:03.002, 3, 120 MHz, 3996 MHz, 183.45 W, 33
2026/10/08 04:38:03.002, 4, 2032 MHz, 3996 MHz, 905.41 W, 52
2026/10/08 04:38:03.002, 5, 2032 MHz, 3996 MHz, 796.38 W, 50
2026/10/08 04:38:03.002, 6, 2032 MHz, 3996 MHz, 909.05 W, 49
2026/10/08 04:38:03.002, 7, 1320 MHz, 3996 MHz, 1032.79 W, 56
2026/10/08 04:38:04.002, 0, 2010 MHz, 3996 MHz, 1070.27 W, 61
2026/10/08 04:38:04.002, 1, 1995 MHz, 3996 MHz, 1089.74 W, 63
2026/10/08 04:38:04.002, 2, 120 MHz, 3996 MHz, 184.09 W, 33
2026/10/08 04:38:04.002, 3, 120 MHz, 3996 MHz, 183.34 W, 33
2026/10/08 04:38:04.002, 4, 2032 MHz, 3996 MHz, 808.83 W, 52
2026/10/08 04:38:04.002, 5, 2032 MHz, 3996 MHz, 801.55 W, 51
2026/10/08 04:38:04.002, 6, 1320 MHz, 3996 MHz, 1033.45 W, 58
2026/10/08 04:38:04.002, 7, 2032 MHz, 3996 MHz, 920.28 W, 48
2026/10/08 04:38:05.003, 0, 2017 MHz, 3996 MHz, 1091.75 W, 61
2026/10/08 04:38:05.003, 1, 1995 MHz, 3996 MHz, 1089.11 W, 63
2026/10/08 04:38:05.003, 2, 120 MHz, 3996 MHz, 184.09 W, 33
2026/10/08 04:38:05.003, 3, 120 MHz, 3996 MHz, 183.38 W, 33
2026/10/08 04:38:05.003, 4, 2032 MHz, 3996 MHz, 811.17 W, 52
2026/10/08 04:38:05.003, 5, 1380 MHz, 3996 MHz, 844.44 W, 59
2026/10/08 04:38:05.003, 6, 2032 MHz, 3996 MHz, 975.69 W, 50
2026/10/08 04:38:05.003, 7, 2032 MHz, 3996 MHz, 872.96 W, 48
2026/10/08 04:38:06.003, 0, 2010 MHz, 3996 MHz, 1092.62 W, 62
2026/10/08 04:38:06.003, 1, 1995 MHz, 3996 MHz, 1089.26 W, 63
2026/10/08 04:38:06.003, 2, 120 MHz, 3996 MHz, 184.09 W, 33
2026/10/08 04:38:06.003, 3, 120 MHz, 3996 MHz, 183.42 W, 33
2026/10/08 04:38:06.003, 4, 2032 MHz, 3996 MHz, 814.51 W, 53
2026/10/08 04:38:06.003, 5, 2032 MHz, 3996 MHz, 894.74 W, 52
2026/10/08 04:38:06.003, 6, 2032 MHz, 3996 MHz, 902.89 W, 50
2026/10/08 04:38:06.003, 7, 2032 MHz, 3996 MHz, 873.66 W, 48
2026/10/08 04:38:07.003, 0, 2017 MHz, 3996 MHz, 1093.35 W, 62
2026/10/08 04:38:07.003, 1, 2002 MHz, 3996 MHz, 1089.39 W, 63
2026/10/08 04:38:07.003, 2, 120 MHz, 3996 MHz, 184.09 W, 33
2026/10/08 04:38:07.003, 3, 120 MHz, 3996 MHz, 183.74 W, 33
2026/10/08 04:38:07.003, 4, 2032 MHz, 3996 MHz, 937.55 W, 54
2026/10/08 04:38:07.003, 5, 2032 MHz, 3996 MHz, 797.59 W, 51
2026/10/08 04:38:07.003, 6, 2032 MHz, 3996 MHz, 905.40 W, 50
2026/10/08 04:38:07.003, 7, 2032 MHz, 3996 MHz, 876.36 W, 48
2026/10/08 04:38:08.003, 0, 2025 MHz, 3996 MHz, 1093.42 W, 62
2026/10/08 04:38:08.003, 1, 2002 MHz, 3996 MHz, 1088.66 W, 63
2026/10/08 04:38:08.003, 2, 120 MHz, 3996 MHz, 184.09 W, 33
2026/10/08 04:38:08.003, 3, 120 MHz, 3996 MHz, 183.69 W, 33
2026/10/08 04:38:08.003, 4, 2032 MHz, 3996 MHz, 812.11 W, 53
2026/10/08 04:38:08.003, 5, 2032 MHz, 3996 MHz, 800.28 W, 52
2026/10/08 04:38:08.003, 6, 2032 MHz, 3996 MHz, 915.10 W, 51
2026/10/08 04:38:08.003, 7, 2032 MHz, 3996 MHz, 880.45 W, 48
2026/10/08 04:38:09.004, 0, 2010 MHz, 3996 MHz, 1093.15 W, 62
2026/10/08 04:38:09.004, 1, 2002 MHz, 3996 MHz, 1089.38 W, 63
2026/10/08 04:38:09.004, 2, 120 MHz, 3996 MHz, 184.09 W, 33
2026/10/08 04:38:09.004, 3, 120 MHz, 3996 MHz, 183.62 W, 33
2026/10/08 04:38:09.004, 4, 2032 MHz, 3996 MHz, 812.48 W, 54
2026/10/08 04:38:09.004, 5, 2032 MHz, 3996 MHz, 805.04 W, 52
2026/10/08 04:38:09.004, 6, 2032 MHz, 3996 MHz, 913.86 W, 51
2026/10/08 04:38:09.004, 7, 1357 MHz, 3996 MHz, 951.90 W, 57
2026/10/08 04:38:10.004, 0, 2017 MHz, 3996 MHz, 1092.57 W, 62
2026/10/08 04:38:10.004, 1, 1995 MHz, 3996 MHz, 1089.52 W, 63
2026/10/08 04:38:10.004, 2, 120 MHz, 3996 MHz, 184.09 W, 33
2026/10/08 04:38:10.004, 3, 120 MHz, 3996 MHz, 183.74 W, 33
2026/10/08 04:38:10.004, 4, 2032 MHz, 3996 MHz, 815.95 W, 54
2026/10/08 04:38:10.004, 5, 2032 MHz, 3996 MHz, 928.34 W, 53
2026/10/08 04:38:10.004, 6, 1312 MHz, 3996 MHz, 979.92 W, 59
2026/10/08 04:38:10.004, 7, 2032 MHz, 3996 MHz, 999.03 W, 50
2026/10/08 04:38:11.004, 0, 2010 MHz, 3996 MHz, 1091.93 W, 62
2026/10/08 04:38:11.004, 1, 1995 MHz, 3996 MHz, 1089.42 W, 63
2026/10/08 04:38:11.004, 2, 120 MHz, 3996 MHz, 184.09 W, 33
2026/10/08 04:38:11.004, 3, 120 MHz, 3996 MHz, 183.59 W, 33
2026/10/08 04:38:11.004, 4, 1312 MHz, 3996 MHz, 906.91 W, 63
2026/10/08 04:38:11.004, 5, 2032 MHz, 3996 MHz, 800.74 W, 53
2026/10/08 04:38:11.004, 6, 2025 MHz, 3996 MHz, 1032.51 W, 53
2026/10/08 04:38:11.004, 7, 2032 MHz, 3996 MHz, 875.43 W, 49
2026/10/08 04:38:12.004, 0, 2010 MHz, 3996 MHz, 1091.82 W, 62
2026/10/08 04:38:12.005, 1, 2002 MHz, 3996 MHz, 1089.26 W, 63
2026/10/08 04:38:12.005, 2, 120 MHz, 3996 MHz, 184.13 W, 33
2026/10/08 04:38:12.005, 3, 120 MHz, 3996 MHz, 183.76 W, 33
2026/10/08 04:38:12.005, 4, 2032 MHz, 3996 MHz, 852.56 W, 55
2026/10/08 04:38:12.005, 5, 2032 MHz, 3996 MHz, 803.46 W, 53
2026/10/08 04:38:12.005, 6, 2032 MHz, 3996 MHz, 906.05 W, 52
2026/10/08 04:38:12.005, 7, 2032 MHz, 3996 MHz, 876.16 W, 49
2026/10/08 04:38:13.005, 0, 2017 MHz, 3996 MHz, 1092.90 W, 62
2026/10/08 04:38:13.005, 1, 2002 MHz, 3996 MHz, 1089.10 W, 63
2026/10/08 04:38:13.005, 2, 120 MHz, 3996 MHz, 184.09 W, 33
2026/10/08 04:38:13.005, 3, 120 MHz, 3996 MHz, 183.58 W, 33
2026/10/08 04:38:13.005, 4, 2032 MHz, 3996 MHz, 813.95 W, 55
2026/10/08 04:38:13.005, 5, 2032 MHz, 3996 MHz, 803.39 W, 53
2026/10/08 04:38:13.005, 6, 2032 MHz, 3996 MHz, 910.76 W, 52
2026/10/08 04:38:13.005, 7, 2032 MHz, 3996 MHz, 878.62 W, 49
2026/10/08 04:38:14.005, 0, 2025 MHz, 3996 MHz, 1093.14 W, 62
2026/10/08 04:38:14.005, 1, 2002 MHz, 3996 MHz, 1090.66 W, 63
2026/10/08 04:38:14.005, 2, 120 MHz, 3996 MHz, 184.13 W, 33
2026/10/08 04:38:14.005, 3, 120 MHz, 3996 MHz, 183.94 W, 33
2026/10/08 04:38:14.005, 4, 2032 MHz, 3996 MHz, 820.13 W, 55
2026/10/08 04:38:14.005, 5, 1380 MHz, 3996 MHz, 949.25 W, 57
2026/10/08 04:38:14.005, 6, 2032 MHz, 3996 MHz, 909.99 W, 52
2026/10/08 04:38:14.005, 7, 2032 MHz, 3996 MHz, 880.68 W, 50
2026/10/08 04:38:15.005, 0, 2025 MHz, 3996 MHz, 1093.43 W, 62
2026/10/08 04:38:15.005, 1, 1995 MHz, 3996 MHz, 1088.85 W, 63
2026/10/08 04:38:15.005, 2, 120 MHz, 3996 MHz, 184.13 W, 33
2026/10/08 04:38:15.005, 3, 120 MHz, 3996 MHz, 183.84 W, 33
2026/10/08 04:38:15.006, 4, 2032 MHz, 3996 MHz, 822.42 W, 55
2026/10/08 04:38:15.006, 5, 2032 MHz, 3996 MHz, 795.37 W, 54
2026/10/08 04:38:15.006, 6, 2032 MHz, 3996 MHz, 913.57 W, 52
2026/10/08 04:38:15.006, 7, 2032 MHz, 3996 MHz, 875.44 W, 50
2026/10/08 04:38:16.006, 0, 2010 MHz, 3996 MHz, 1091.67 W, 62
2026/10/08 04:38:16.006, 1, 1995 MHz, 3996 MHz, 1089.78 W, 63
2026/10/08 04:38:16.006, 2, 120 MHz, 3996 MHz, 184.09 W, 33
2026/10/08 04:38:16.006, 3, 120 MHz, 3996 MHz, 183.98 W, 33
2026/10/08 04:38:16.006, 4, 2032 MHz, 3996 MHz, 954.69 W, 56
2026/10/08 04:38:16.006, 5, 2032 MHz, 3996 MHz, 806.50 W, 54
2026/10/08 04:38:16.006, 6, 2032 MHz, 3996 MHz, 916.29 W, 52
2026/10/08 04:38:16.006, 7, 1297 MHz, 3996 MHz, 1079.03 W, 58
2026/10/08 04:38:17.006, 0, 2002 MHz, 3996 MHz, 1091.95 W, 62
2026/10/08 04:38:17.006, 1, 1995 MHz, 3996 MHz, 1089.63 W, 63
2026/10/08 04:38:17.006, 2, 120 MHz, 3996 MHz, 184.21 W, 33
2026/10/08 04:38:17.006, 3, 120 MHz, 3996 MHz, 183.97 W, 33
2026/10/08 04:38:17.006, 4, 2032 MHz, 3996 MHz, 816.59 W, 56
2026/10/08 04:38:17.006, 5, 2032 MHz, 3996 MHz, 806.53 W, 54
2026/10/08 04:38:17.006, 6, 1297 MHz, 3996 MHz, 1082.89 W, 61
2026/10/08 04:38:17.006, 7, 2032 MHz, 3996 MHz, 875.95 W, 50
2026/10/08 04:38:18.006, 0, 2010 MHz, 3996 MHz, 1090.70 W, 62
2026/10/08 04:38:18.006, 1, 1995 MHz, 3996 MHz, 1088.80 W, 63
2026/10/08 04:38:18.006, 2, 120 MHz, 3996 MHz, 186.05 W, 33
2026/10/08 04:38:18.006, 3, 120 MHz, 3996 MHz, 183.99 W, 33
2026/10/08 04:38:18.006, 4, 2032 MHz, 3996 MHz, 820.53 W, 56
2026/10/08 04:38:18.006, 5, 1402 MHz, 3996 MHz, 868.80 W, 63
2026/10/08 04:38:18.006, 6, 2032 MHz, 3996 MHz, 923.52 W, 53
2026/10/08 04:38:18.006, 7, 2032 MHz, 3996 MHz, 876.27 W, 50
2026/10/08 04:38:19.007, 0, 2010 MHz, 3996 MHz, 1090.95 W, 62
2026/10/08 04:38:19.007, 1, 1995 MHz, 3996 MHz, 1089.55 W, 63
2026/10/08 04:38:19.007, 2, 120 MHz, 3996 MHz, 186.05 W, 33
2026/10/08 04:38:19.007, 3, 120 MHz, 3996 MHz, 184.27 W, 33
2026/10/08 04:38:19.007, 4, 2032 MHz, 3996 MHz, 821.49 W, 56
2026/10/08 04:38:19.007, 5, 2032 MHz, 3996 MHz, 867.79 W, 55
2026/10/08 04:38:19.007, 6, 2032 MHz, 3996 MHz, 907.20 W, 53
2026/10/08 04:38:19.007, 7, 2032 MHz, 3996 MHz, 882.93 W, 50
2026/10/08 04:38:20.007, 0, 2017 MHz, 3996 MHz, 1091.54 W, 62
2026/10/08 04:38:20.007, 1, 1995 MHz, 3996 MHz, 1090.21 W, 63
2026/10/08 04:38:20.007, 2, 120 MHz, 3996 MHz, 186.05 W, 33
2026/10/08 04:38:20.007, 3, 120 MHz, 3996 MHz, 184.32 W, 33
2026/10/08 04:38:20.007, 4, 1995 MHz, 3996 MHz, 957.40 W, 60
2026/10/08 04:38:20.007, 5, 2032 MHz, 3996 MHz, 808.76 W, 55
2026/10/08 04:38:20.007, 6, 2032 MHz, 3996 MHz, 911.29 W, 53
2026/10/08 04:38:20.007, 7, 2032 MHz, 3996 MHz, 883.74 W, 50
2026/10/08 04:38:21.007, 0, 2010 MHz, 3996 MHz, 1093.58 W, 62
2026/10/08 04:38:21.007, 1, 1995 MHz, 3996 MHz, 1088.39 W, 63
2026/10/08 04:38:21.007, 2, 120 MHz, 3996 MHz, 186.05 W, 33
2026/10/08 04:38:21.007, 3, 120 MHz, 3996 MHz, 184.18 W, 33
2026/10/08 04:38:21.008, 4, 2032 MHz, 3996 MHz, 816.29 W, 57
2026/10/08 04:38:21.008, 5, 2032 MHz, 3996 MHz, 805.94 W, 55
2026/10/08 04:38:21.008, 6, 2032 MHz, 3996 MHz, 915.30 W, 53
2026/10/08 04:38:21.008, 7, 2032 MHz, 3996 MHz, 885.20 W, 51
2026/10/08 04:38:22.008, 0, 2010 MHz, 3996 MHz, 1091.69 W, 62
2026/10/08 04:38:22.008, 1, 1995 MHz, 3996 MHz, 1089.45 W, 63
2026/10/08 04:38:22.008, 2, 120 MHz, 3996 MHz, 186.05 W, 33
2026/10/08 04:38:22.008, 3, 120 MHz, 3996 MHz, 184.21 W, 33
2026/10/08 04:38:22.008, 4, 2032 MHz, 3996 MHz, 819.61 W, 57
2026/10/08 04:38:22.008, 5, 2032 MHz, 3996 MHz, 815.82 W, 56
2026/10/08 04:38:22.008, 6, 2032 MHz, 3996 MHz, 916.47 W, 53
2026/10/08 04:38:22.008, 7, 2032 MHz, 3996 MHz, 545.61 W, 44
2026/10/08 04:38:23.008, 0, 2010 MHz, 3996 MHz, 1093.29 W, 62
2026/10/08 04:38:23.008, 1, 1995 MHz, 3996 MHz, 1089.59 W, 63
2026/10/08 04:38:23.008, 2, 120 MHz, 3996 MHz, 186.05 W, 33
2026/10/08 04:38:23.008, 3, 120 MHz, 3996 MHz, 184.26 W, 33
2026/10/08 04:38:23.008, 4, 2032 MHz, 3996 MHz, 824.60 W, 57
2026/10/08 04:38:23.008, 5, 2032 MHz, 3996 MHz, 937.78 W, 57
2026/10/08 04:38:23.008, 6, 2032 MHz, 3996 MHz, 559.72 W, 46
2026/10/08 04:38:23.008, 7, 2032 MHz, 3996 MHz, 259.28 W, 42
2026/10/08 04:38:24.008, 0, 2017 MHz, 3996 MHz, 1091.88 W, 62
2026/10/08 04:38:24.009, 1, 1995 MHz, 3996 MHz, 1088.96 W, 63
2026/10/08 04:38:24.009, 2, 120 MHz, 3996 MHz, 186.05 W, 33
2026/10/08 04:38:24.009, 3, 120 MHz, 3996 MHz, 184.18 W, 33
2026/10/08 04:38:24.009, 4, 1335 MHz, 3996 MHz, 918.09 W, 67
2026/10/08 04:38:24.009, 5, 2032 MHz, 3996 MHz, 804.80 W, 56
2026/10/08 04:38:24.009, 6, 2032 MHz, 3996 MHz, 258.88 W, 43
2026/10/08 04:38:24.009, 7, 2032 MHz, 3996 MHz, 246.45 W, 41
2026/10/08 04:38:25.009, 0, 2017 MHz, 3996 MHz, 1091.71 W, 62
2026/10/08 04:38:25.009, 1, 1995 MHz, 3996 MHz, 1088.98 W, 63
2026/10/08 04:38:25.009, 2, 120 MHz, 3996 MHz, 186.05 W, 33
2026/10/08 04:38:25.009, 3, 120 MHz, 3996 MHz, 184.18 W, 33
2026/10/08 04:38:25.009, 4, 2032 MHz, 3996 MHz, 856.06 W, 58
2026/10/08 04:38:25.009, 5, 2032 MHz, 3996 MHz, 807.16 W, 56
2026/10/08 04:38:25.009, 6, 2032 MHz, 3996 MHz, 269.07 W, 43
2026/10/08 04:38:25.009, 7, 2032 MHz, 3996 MHz, 246.37 W, 41
2026/10/08 04:38:26.009, 0, 2010 MHz, 3996 MHz, 1092.24 W, 62
2026/10/08 04:38:26.009, 1, 1995 MHz, 3996 MHz, 1089.55 W, 64
2026/10/08 04:38:26.009, 2, 120 MHz, 3996 MHz, 186.05 W, 33
2026/10/08 04:38:26.009, 3, 120 MHz, 3996 MHz, 184.21 W, 33
2026/10/08 04:38:26.009, 4, 2032 MHz, 3996 MHz, 823.34 W, 58
2026/10/08 04:38:26.009, 5, 2032 MHz, 3996 MHz, 813.54 W, 57
2026/10/08 04:38:26.009, 6, 2032 MHz, 3996 MHz, 256.38 W, 42
2026/10/08 04:38:26.009, 7, 547 MHz, 3996 MHz, 232.11 W, 40
2026/10/08 04:38:27.010, 0, 2010 MHz, 3996 MHz, 1092.56 W, 62
2026/10/08 04:38:27.010, 1, 1305 MHz, 3996 MHz, 1095.81 W, 68
2026/10/08 04:38:27.010, 2, 120 MHz, 3996 MHz, 186.05 W, 33
2026/10/08 04:38:27.010, 3, 120 MHz, 3996 MHz, 184.19 W, 33
2026/10/08 04:38:27.010, 4, 2032 MHz, 3996 MHz, 825.55 W, 58
2026/10/08 04:38:27.010, 5, 2010 MHz, 3996 MHz, 917.96 W, 58
2026/10/08 04:38:27.010, 6, 2032 MHz, 3996 MHz, 255.63 W, 42
2026/10/08 04:38:27.010, 7, 345 MHz, 3996 MHz, 194.29 W, 39
2026/10/08 04:38:28.010, 0, 1350 MHz, 3996 MHz, 1101.00 W, 67
2026/10/08 04:38:28.010, 1, 1297 MHz, 3996 MHz, 1088.90 W, 68
2026/10/08 04:38:28.010, 2, 120 MHz, 3996 MHz, 186.05 W, 33
2026/10/08 04:38:28.010, 3, 120 MHz, 3996 MHz, 184.29 W, 33
2026/10/08 04:38:28.010, 4, 2032 MHz, 3996 MHz, 833.01 W, 67
2026/10/08 04:38:28.010, 5, 2032 MHz, 3996 MHz, 807.96 W, 57
2026/10/08 04:38:28.010, 6, 2032 MHz, 3996 MHz, 254.64 W, 41
2026/10/08 04:38:28.010, 7, 217 MHz, 3996 MHz, 192.34 W, 39
2026/10/08 04:38:29.010, 0, 1327 MHz, 3996 MHz, 1087.16 W, 67
2026/10/08 04:38:29.010, 1, 1335 MHz, 3996 MHz, 1090.78 W, 68
2026/10/08 04:38:29.010, 2, 120 MHz, 3996 MHz, 186.05 W, 33
2026/10/08 04:38:29.010, 3, 120 MHz, 3996 MHz, 184.15 W, 33
2026/10/08 04:38:29.011, 4, 2032 MHz, 3996 MHz, 950.37 W, 59
2026/10/08 04:38:29.011, 5, 2032 MHz, 3996 MHz, 807.06 W, 57
2026/10/08 04:38:29.011, 6, 2032 MHz, 3996 MHz, 254.83 W, 41
2026/10/08 04:38:29.011, 7, 142 MHz, 3996 MHz, 191.76 W, 38
2026/10/08 04:38:30.011, 0, 1327 MHz, 3996 MHz, 1086.43 W, 67
2026/10/08 04:38:30.011, 1, 1320 MHz, 3996 MHz, 1091.25 W, 68
2026/10/08 04:38:30.011, 2, 120 MHz, 3996 MHz, 186.05 W, 33
2026/10/08 04:38:30.011, 3, 120 MHz, 3996 MHz, 184.13 W, 33
2026/10/08 04:38:30.011, 4, 2032 MHz, 3996 MHz, 821.83 W, 59
2026/10/08 04:38:30.011, 5, 2032 MHz, 3996 MHz, 810.03 W, 57
2026/10/08 04:38:30.011, 6, 2032 MHz, 3996 MHz, 255.16 W, 41
2026/10/08 04:38:30.011, 7, 120 MHz, 3996 MHz, 190.45 W, 38
2026/10/08 04:38:31.011, 0, 1312 MHz, 3996 MHz, 1084.62 W, 67
2026/10/08 04:38:31.011, 1, 1305 MHz, 3996 MHz, 1089.23 W, 68
2026/10/08 04:38:31.011, 2, 120 MHz, 3996 MHz, 186.05 W, 33
2026/10/08 04:38:31.011, 3, 120 MHz, 3996 MHz, 184.14 W, 33
2026/10/08 04:38:31.011, 4, 2032 MHz, 3996 MHz, 823.56 W, 59
2026/10/08 04:38:31.011, 5, 1380 MHz, 3996 MHz, 892.30 W, 66
2026/10/08 04:38:31.011, 6, 2032 MHz, 3996 MHz, 254.69 W, 40
2026/10/08 04:38:31.011, 7, 120 MHz, 3996 MHz, 190.29 W, 38
2026/10/08 04:38:32.012, 0, 1320 MHz, 3996 MHz, 1086.29 W, 67
2026/10/08 04:38:32.012, 1, 1297 MHz, 3996 MHz, 1090.59 W, 68
2026/10/08 04:38:32.012, 2, 120 MHz, 3996 MHz, 186.05 W, 33
2026/10/08 04:38:32.012, 3, 120 MHz, 3996 MHz, 184.25 W, 33
2026/10/08 04:38:32.012, 4, 2032 MHz, 3996 MHz, 828.21 W, 59
2026/10/08 04:38:32.012, 5, 2032 MHz, 3996 MHz, 854.92 W, 58
2026/10/08 04:38:32.012, 6, 412 MHz, 3996 MHz, 247.74 W, 40
2026/10/08 04:38:32.012, 7, 120 MHz, 3996 MHz, 190.30 W, 37
2026/10/08 04:38:33.012, 0, 1327 MHz, 3996 MHz, 1086.85 W, 67
2026/10/08 04:38:33.012, 1, 1320 MHz, 3996 MHz, 1090.15 W, 68
2026/10/08 04:38:33.012, 2, 120 MHz, 3996 MHz, 186.05 W, 33
2026/10/08 04:38:33.012, 3, 120 MHz, 3996 MHz, 184.36 W, 33
2026/10/08 04:38:33.012, 4, 2032 MHz, 3996 MHz, 958.29 W, 60
2026/10/08 04:38:33.012, 5, 2032 MHz, 3996 MHz, 808.01 W, 58
2026/10/08 04:38:33.012, 6, 262 MHz, 3996 MHz, 193.07 W, 39
2026/10/08 04:38:33.012, 7, 120 MHz, 3996 MHz, 190.38 W, 37
2026/10/08 04:38:34.013, 0, 1342 MHz, 3996 MHz, 1086.79 W, 67
2026/10/08 04:38:34.013, 1, 1305 MHz, 3996 MHz, 1091.54 W, 68
2026/10/08 04:38:34.013, 2, 120 MHz, 3996 MHz, 186.05 W, 33
2026/10/08 04:38:34.013, 3, 120 MHz, 3996 MHz, 184.09 W, 33
2026/10/08 04:38:34.013, 4, 2032 MHz, 3996 MHz, 825.40 W, 59
2026/10/08 04:38:34.013, 5, 2032 MHz, 3996 MHz, 813.22 W, 58
2026/10/08 04:38:34.013, 6, 165 MHz, 3996 MHz, 190.90 W, 38
2026/10/08 04:38:34.013, 7, 120 MHz, 3996 MHz, 188.51 W, 37
2026/10/08 04:38:35.013, 0, 1327 MHz, 3996 MHz, 1088.45 W, 67
2026/10/08 04:38:35.013, 1, 1335 MHz, 3996 MHz, 1090.48 W, 68
2026/10/08 04:38:35.013, 2, 120 MHz, 3996 MHz, 186.05 W, 33
2026/10/08 04:38:35.013, 3, 120 MHz, 3996 MHz, 184.09 W, 33
2026/10/08 04:38:35.013, 4, 2032 MHz, 3996 MHz, 824.89 W, 59
2026/10/08 04:38:35.013, 5, 2032 MHz, 3996 MHz, 801.07 W, 56
2026/10/08 04:38:35.013, 6, 120 MHz, 3996 MHz, 190.56 W, 38
2026/10/08 04:38:35.013, 7, 120 MHz, 3996 MHz, 188.48 W, 37
2026/10/08 04:38:36.013, 0, 1320 MHz, 3996 MHz, 1088.40 W, 67
2026/10/08 04:38:36.014, 1, 1335 MHz, 3996 MHz, 1088.67 W, 68
2026/10/08 04:38:36.014, 2, 120 MHz, 3996 MHz, 186.05 W, 33
2026/10/08 04:38:36.014, 3, 120 MHz, 3996 MHz, 184.09 W, 33
2026/10/08 04:38:36.014, 4, 2032 MHz, 3996 MHz, 828.05 W, 59
2026/10/08 04:38:36.014, 5, 2032 MHz, 3996 MHz, 958.99 W, 59
2026/10/08 04:38:36.014, 6, 120 MHz, 3996 MHz, 190.51 W, 38
2026/10/08 04:38:36.014, 7, 120 MHz, 3996 MHz, 188.48 W, 36
2026/10/08 04:38:37.014, 0, 1327 MHz, 3996 MHz, 1084.95 W, 67
2026/10/08 04:38:37.014, 1, 2002 MHz, 3996 MHz, 1074.56 W, 64
2026/10/08 04:38:37.014, 2, 120 MHz, 3996 MHz, 186.05 W, 33
2026/10/08 04:38:37.014, 3, 120 MHz, 3996 MHz, 184.10 W, 33
2026/10/08 04:38:37.014, 4, 1267 MHz, 3996 MHz, 964.12 W, 68
2026/10/08 04:38:37.014, 5, 2032 MHz, 3996 MHz, 811.41 W, 58
2026/10/08 04:38:37.014, 6, 120 MHz, 3996 MHz, 189.93 W, 37
2026/10/08 04:38:37.014, 7, 120 MHz, 3996 MHz, 188.48 W, 36
2026/10/08 04:38:38.014, 0, 2025 MHz, 3996 MHz, 1069.16 W, 63
2026/10/08 04:38:38.015, 1, 2002 MHz, 3996 MHz, 1090.56 W, 64
2026/10/08 04:38:38.015, 2, 120 MHz, 3996 MHz, 186.05 W, 33
2026/10/08 04:38:38.015, 3, 120 MHz, 3996 MHz, 184.10 W, 33
2026/10/08 04:38:38.015, 4, 2032 MHz, 3996 MHz, 830.83 W, 60
2026/10/08 04:38:38.015, 5, 2032 MHz, 3996 MHz, 815.32 W, 58
2026/10/08 04:38:38.015, 6, 120 MHz, 3996 MHz, 189.18 W, 37
2026/10/08 04:38:38.015, 7, 120 MHz, 3996 MHz, 188.48 W, 36
2026/10/08 04:38:39.015, 0, 2017 MHz, 3996 MHz, 1092.38 W, 62
2026/10/08 04:38:39.015, 1, 1995 MHz, 3996 MHz, 1089.16 W, 64
2026/10/08 04:38:39.015, 2, 120 MHz, 3996 MHz, 186.05 W, 33
2026/10/08 04:38:39.015, 3, 120 MHz, 3996 MHz, 184.13 W, 33
2026/10/08 04:38:39.015, 4, 2032 MHz, 3996 MHz, 823.66 W, 60
2026/10/08 04:38:39.015, 5, 2032 MHz, 3996 MHz, 814.59 W, 58
2026/10/08 04:38:39.015, 6, 120 MHz, 3996 MHz, 188.72 W, 37
2026/10/08 04:38:39.015, 7, 120 MHz, 3996 MHz, 188.48 W, 36
2026/10/08 04:38:40.015, 0, 2025 MHz, 3996 MHz, 1094.97 W, 62
2026/10/08 04:38:40.015, 1, 2002 MHz, 3996 MHz, 1090.24 W, 64
2026/10/08 04:38:40.015, 2, 120 MHz, 3996 MHz, 186.05 W, 33
2026/10/08 04:38:40.015, 3, 120 MHz, 3996 MHz, 184.10 W, 33
2026/10/08 04:38:40.015, 4, 2032 MHz, 3996 MHz, 830.60 W, 60
2026/10/08 04:38:40.015, 5, 2032 MHz, 3996 MHz, 404.41 W, 51
2026/10/08 04:38:40.015, 6, 120 MHz, 3996 MHz, 189.64 W, 37
2026/10/08 04:38:40.015, 7, 120 MHz, 3996 MHz, 188.48 W, 36
2026/10/08 04:38:41.016, 0, 2017 MHz, 3996 MHz, 1094.19 W, 63
2026/10/08 04:38:41.016, 1, 2002 MHz, 3996 MHz, 1090.33 W, 64
2026/10/08 04:38:41.016, 2, 2032 MHz, 3996 MHz, 217.78 W, 34
2026/10/08 04:38:41.016, 3, 120 MHz, 3996 MHz, 184.06 W, 33
2026/10/08 04:38:41.016, 4, 2032 MHz, 3996 MHz, 742.97 W, 56
2026/10/08 04:38:41.016, 5, 2032 MHz, 3996 MHz, 261.27 W, 50
2026/10/08 04:38:41.016, 6, 120 MHz, 3996 MHz, 189.57 W, 37
2026/10/08 04:38:41.016, 7, 120 MHz, 3996 MHz, 188.51 W, 35
2026/10/08 04:38:42.016, 0, 2017 MHz, 3996 MHz, 1094.56 W, 63
2026/10/08 04:38:42.016, 1, 1995 MHz, 3996 MHz, 1090.09 W, 64
2026/10/08 04:38:42.016, 2, 2032 MHz, 3996 MHz, 237.05 W, 34
2026/10/08 04:38:42.016, 3, 120 MHz, 3996 MHz, 183.97 W, 33
2026/10/08 04:38:42.016, 4, 2032 MHz, 3996 MHz, 259.36 W, 52
2026/10/08 04:38:42.016, 5, 2032 MHz, 3996 MHz, 248.57 W, 49
2026/10/08 04:38:42.016, 6, 120 MHz, 3996 MHz, 189.86 W, 36
2026/10/08 04:38:42.016, 7, 120 MHz, 3996 MHz, 188.48 W, 35
2026/10/08 04:38:43.016, 0, 2017 MHz, 3996 MHz, 1094.59 W, 63
2026/10/08 04:38:43.016, 1, 2002 MHz, 3996 MHz, 1089.04 W, 64
2026/10/08 04:38:43.016, 2, 2032 MHz, 3996 MHz, 236.81 W, 34
2026/10/08 04:38:43.016, 3, 120 MHz, 3996 MHz, 183.97 W, 33
2026/10/08 04:38:43.016, 4, 2032 MHz, 3996 MHz, 268.14 W, 51
2026/10/08 04:38:43.016, 5, 2032 MHz, 3996 MHz, 248.16 W, 49
2026/10/08 04:38:43.017, 6, 120 MHz, 3996 MHz, 189.98 W, 36
2026/10/08 04:38:43.017, 7, 120 MHz, 3996 MHz, 188.48 W, 35
2026/10/08 04:38:44.017, 0, 2017 MHz, 3996 MHz, 1094.12 W, 63
2026/10/08 04:38:44.017, 1, 2002 MHz, 3996 MHz, 1089.76 W, 64
2026/10/08 04:38:44.017, 2, 2032 MHz, 3996 MHz, 237.55 W, 34
2026/10/08 04:38:44.017, 3, 2032 MHz, 3996 MHz, 206.09 W, 33
2026/10/08 04:38:44.017, 4, 2032 MHz, 3996 MHz, 255.97 W, 50
2026/10/08 04:38:44.017, 5, 2032 MHz, 3996 MHz, 248.00 W, 48
2026/10/08 04:38:44.017, 6, 120 MHz, 3996 MHz, 189.30 W, 36
2026/10/08 04:38:44.017, 7, 120 MHz, 3996 MHz, 188.48 W, 35
2026/10/08 04:38:45.017, 0, 2025 MHz, 3996 MHz, 1094.31 W, 63
2026/10/08 04:38:45.017, 1, 2010 MHz, 3996 MHz, 1089.91 W, 64
2026/10/08 04:38:45.017, 2, 2032 MHz, 3996 MHz, 238.61 W, 34
2026/10/08 04:38:45.017, 3, 2032 MHz, 3996 MHz, 236.77 W, 34
2026/10/08 04:38:45.017, 4, 2032 MHz, 3996 MHz, 255.52 W, 50
2026/10/08 04:38:45.017, 5, 2032 MHz, 3996 MHz, 247.51 W, 48
2026/10/08 04:38:45.017, 6, 120 MHz, 3996 MHz, 189.07 W, 36
2026/10/08 04:38:45.017, 7, 120 MHz, 3996 MHz, 188.48 W, 35
2026/10/08 04:38:46.017, 0, 2025 MHz, 3996 MHz, 1094.82 W, 62
2026/10/08 04:38:46.017, 1, 2002 MHz, 3996 MHz, 1089.28 W, 64
2026/10/08 04:38:46.017, 2, 2032 MHz, 3996 MHz, 238.42 W, 34
2026/10/08 04:38:46.017, 3, 2032 MHz, 3996 MHz, 236.89 W, 34
2026/10/08 04:38:46.018, 4, 2032 MHz, 3996 MHz, 254.71 W, 49
2026/10/08 04:38:46.018, 5, 2032 MHz, 3996 MHz, 247.27 W, 47
2026/10/08 04:38:46.018, 6, 120 MHz, 3996 MHz, 188.83 W, 36
2026/10/08 04:38:46.018, 7, 120 MHz, 3996 MHz, 188.47 W, 34
2026/10/08 04:38:47.018, 0, 2025 MHz, 3996 MHz, 1094.00 W, 62
2026/10/08 04:38:47.018, 1, 2010 MHz, 3996 MHz, 1090.49 W, 64
2026/10/08 04:38:47.018, 2, 2032 MHz, 3996 MHz, 255.34 W, 34
2026/10/08 04:38:47.018, 3, 2032 MHz, 3996 MHz, 238.21 W, 33
2026/10/08 04:38:47.018, 4, 2032 MHz, 3996 MHz, 254.72 W, 49
2026/10/08 04:38:47.018, 5, 2032 MHz, 3996 MHz, 246.65 W, 47
2026/10/08 04:38:47.018, 6, 120 MHz, 3996 MHz, 188.72 W, 35
2026/10/08 04:38:47.018, 7, 120 MHz, 3996 MHz, 188.48 W, 34
