timestamp, index, clocks.current.sm [MHz], clocks.current.memory [MHz], power.draw [W], temperature.gpu
2026/10/08 03:43:22.700, 0, 120 MHz, 3996 MHz, 186.41 W, 36
2026/10/08 03:43:22.706, 1, 120 MHz, 3996 MHz, 188.23 W, 38
2026/10/08 03:43:22.712, 2, 2032 MHz, 3996 MHz, 800.50 W, 46
2026/10/08 03:43:22.721, 3, 2032 MHz, 3996 MHz, 798.66 W, 46
2026/10/08 03:43:22.726, 4, 120 MHz, 3996 MHz, 184.59 W, 35
2026/10/08 03:43:22.729, 5, 120 MHz, 3996 MHz, 183.50 W, 34
2026/10/08 03:43:22.734, 6, 120 MHz, 3996 MHz, 184.83 W, 28
2026/10/08 03:43:22.738, 7, 120 MHz, 3996 MHz, 184.65 W, 27
2026/10/08 03:43:23.741, 0, 120 MHz, 3996 MHz, 186.45 W, 36
2026/10/08 03:43:23.741, 1, 120 MHz, 3996 MHz, 188.23 W, 38
2026/10/08 03:43:23.741, 2, 2032 MHz, 3996 MHz, 808.53 W, 46
2026/10/08 03:43:23.741, 3, 2032 MHz, 3996 MHz, 800.55 W, 46
2026/10/08 03:43:23.741, 4, 120 MHz, 3996 MHz, 184.59 W, 35
2026/10/08 03:43:23.741, 5, 120 MHz, 3996 MHz, 183.41 W, 34
2026/10/08 03:43:23.741, 6, 120 MHz, 3996 MHz, 184.91 W, 28
2026/10/08 03:43:23.741, 7, 120 MHz, 3996 MHz, 184.64 W, 27
2026/10/08 03:43:24.741, 0, 120 MHz, 3996 MHz, 186.45 W, 36
2026/10/08 03:43:24.741, 1, 120 MHz, 3996 MHz, 188.23 W, 38
2026/10/08 03:43:24.741, 2, 1320 MHz, 3996 MHz, 929.15 W, 55
2026/10/08 03:43:24.741, 3, 1335 MHz, 3996 MHz, 962.44 W, 55
2026/10/08 03:43:24.741, 4, 120 MHz, 3996 MHz, 184.59 W, 35
2026/10/08 03:43:24.741, 5, 120 MHz, 3996 MHz, 183.54 W, 34
2026/10/08 03:43:24.741, 6, 120 MHz, 3996 MHz, 184.91 W, 28
2026/10/08 03:43:24.741, 7, 120 MHz, 3996 MHz, 184.62 W, 27
2026/10/08 03:43:25.741, 0, 120 MHz, 3996 MHz, 186.41 W, 36
2026/10/08 03:43:25.741, 1, 120 MHz, 3996 MHz, 188.23 W, 38
2026/10/08 03:43:25.741, 2, 2032 MHz, 3996 MHz, 834.48 W, 46
2026/10/08 03:43:25.741, 3, 2032 MHz, 3996 MHz, 794.70 W, 47
2026/10/08 03:43:25.741, 4, 120 MHz, 3996 MHz, 184.59 W, 35
2026/10/08 03:43:25.741, 5, 120 MHz, 3996 MHz, 184.12 W, 34
2026/10/08 03:43:25.741, 6, 120 MHz, 3996 MHz, 184.91 W, 28
2026/10/08 03:43:25.741, 7, 120 MHz, 3996 MHz, 184.62 W, 27
2026/10/08 03:43:26.741, 0, 120 MHz, 3996 MHz, 186.48 W, 36
2026/10/08 03:43:26.742, 1, 120 MHz, 3996 MHz, 188.23 W, 38
2026/10/08 03:43:26.742, 2, 2032 MHz, 3996 MHz, 799.12 W, 46
2026/10/08 03:43:26.742, 3, 2032 MHz, 3996 MHz, 800.63 W, 46
2026/10/08 03:43:26.742, 4, 120 MHz, 3996 MHz, 184.59 W, 35
2026/10/08 03:43:26.742, 5, 120 MHz, 3996 MHz, 183.93 W, 34
2026/10/08 03:43:26.742, 6, 120 MHz, 3996 MHz, 185.03 W, 28
2026/10/08 03:43:26.742, 7, 120 MHz, 3996 MHz, 185.15 W, 27
2026/10/08 03:43:27.742, 0, 120 MHz, 3996 MHz, 186.41 W, 36
2026/10/08 03:43:27.742, 1, 120 MHz, 3996 MHz, 188.23 W, 38
2026/10/08 03:43:27.742, 2, 2032 MHz, 3996 MHz, 803.12 W, 46
2026/10/08 03:43:27.742, 3, 2032 MHz, 3996 MHz, 805.37 W, 47
2026/10/08 03:43:27.742, 4, 120 MHz, 3996 MHz, 184.59 W, 35
2026/10/08 03:43:27.742, 5, 120 MHz, 3996 MHz, 183.60 W, 34
2026/10/08 03:43:27.742, 6, 120 MHz, 3996 MHz, 186.24 W, 28
2026/10/08 03:43:27.742, 7, 120 MHz, 3996 MHz, 186.38 W, 27
2026/10/08 03:43:28.742, 0, 120 MHz, 3996 MHz, 186.41 W, 36
2026/10/08 03:43:28.742, 1, 120 MHz, 3996 MHz, 188.23 W, 38
2026/10/08 03:43:28.742, 2, 2032 MHz, 3996 MHz, 783.56 W, 44
2026/10/08 03:43:28.742, 3, 2032 MHz, 3996 MHz, 685.28 W, 43
2026/10/08 03:43:28.742, 4, 120 MHz, 3996 MHz, 184.59 W, 35
2026/10/08 03:43:28.742, 5, 120 MHz, 3996 MHz, 183.32 W, 34
2026/10/08 03:43:28.742, 6, 120 MHz, 3996 MHz, 186.59 W, 28
2026/10/08 03:43:28.742, 7, 120 MHz, 3996 MHz, 185.85 W, 27
2026/10/08 03:43:29.743, 0, 120 MHz, 3996 MHz, 186.41 W, 36
2026/10/08 03:43:29.743, 1, 120 MHz, 3996 MHz, 188.23 W, 38
2026/10/08 03:43:29.743, 2, 2032 MHz, 3996 MHz, 244.07 W, 39
2026/10/08 03:43:29.743, 3, 2032 MHz, 3996 MHz, 249.07 W, 39
2026/10/08 03:43:29.743, 4, 120 MHz, 3996 MHz, 184.59 W, 35
2026/10/08 03:43:29.743, 5, 120 MHz, 3996 MHz, 183.42 W, 34
2026/10/08 03:43:29.743, 6, 120 MHz, 3996 MHz, 185.77 W, 28
2026/10/08 03:43:29.743, 7, 120 MHz, 3996 MHz, 184.76 W, 27
2026/10/08 03:43:30.743, 0, 120 MHz, 3996 MHz, 186.41 W, 36
2026/10/08 03:43:30.743, 1, 120 MHz, 3996 MHz, 188.23 W, 38
2026/10/08 03:43:30.743, 2, 2032 MHz, 3996 MHz, 253.02 W, 38
2026/10/08 03:43:30.743, 3, 2032 MHz, 3996 MHz, 248.99 W, 38
2026/10/08 03:43:30.743, 4, 120 MHz, 3996 MHz, 184.59 W, 35
2026/10/08 03:43:30.743, 5, 120 MHz, 3996 MHz, 183.27 W, 33
2026/10/08 03:43:30.743, 6, 120 MHz, 3996 MHz, 185.29 W, 28
2026/10/08 03:43:30.743, 7, 120 MHz, 3996 MHz, 184.66 W, 27
2026/10/08 03:43:31.743, 0, 120 MHz, 3996 MHz, 186.52 W, 37
2026/10/08 03:43:31.743, 1, 120 MHz, 3996 MHz, 188.23 W, 38
2026/10/08 03:43:31.743, 2, 2032 MHz, 3996 MHz, 240.55 W, 37
2026/10/08 03:43:31.743, 3, 2032 MHz, 3996 MHz, 241.24 W, 38
2026/10/08 03:43:31.743, 4, 120 MHz, 3996 MHz, 184.59 W, 35
2026/10/08 03:43:31.743, 5, 120 MHz, 3996 MHz, 183.48 W, 33
2026/10/08 03:43:31.743, 6, 120 MHz, 3996 MHz, 185.48 W, 28
2026/10/08 03:43:31.743, 7, 120 MHz, 3996 MHz, 184.92 W, 27
2026/10/08 03:43:32.744, 0, 120 MHz, 3996 MHz, 186.41 W, 37
2026/10/08 03:43:32.744, 1, 120 MHz, 3996 MHz, 188.23 W, 38
2026/10/08 03:43:32.744, 2, 2032 MHz, 3996 MHz, 240.46 W, 37
2026/10/08 03:43:32.744, 3, 2032 MHz, 3996 MHz, 240.57 W, 37
2026/10/08 03:43:32.744, 4, 120 MHz, 3996 MHz, 184.59 W, 35
2026/10/08 03:43:32.744, 5, 120 MHz, 3996 MHz, 182.96 W, 33
2026/10/08 03:43:32.744, 6, 120 MHz, 3996 MHz, 185.02 W, 28
2026/10/08 03:43:32.744, 7, 120 MHz, 3996 MHz, 184.69 W, 27
2026/10/08 03:43:33.744, 0, 120 MHz, 3996 MHz, 186.41 W, 37
2026/10/08 03:43:33.744, 1, 120 MHz, 3996 MHz, 188.23 W, 38
2026/10/08 03:43:33.744, 2, 2032 MHz, 3996 MHz, 240.11 W, 37
2026/10/08 03:43:33.744, 3, 2032 MHz, 3996 MHz, 240.57 W, 37
2026/10/08 03:43:33.744, 4, 120 MHz, 3996 MHz, 184.58 W, 35
2026/10/08 03:43:33.744, 5, 120 MHz, 3996 MHz, 183.34 W, 33
2026/10/08 03:43:33.744, 6, 120 MHz, 3996 MHz, 185.10 W, 28
2026/10/08 03:43:33.744, 7, 120 MHz, 3996 MHz, 184.60 W, 27
2026/10/08 03:43:34.744, 0, 120 MHz, 3996 MHz, 186.41 W, 37
2026/10/08 03:43:34.744, 1, 120 MHz, 3996 MHz, 188.23 W, 38
2026/10/08 03:43:34.744, 2, 2032 MHz, 3996 MHz, 239.68 W, 36
2026/10/08 03:43:34.744, 3, 2032 MHz, 3996 MHz, 240.68 W, 37
2026/10/08 03:43:34.744, 4, 120 MHz, 3996 MHz, 184.59 W, 35
2026/10/08 03:43:34.744, 5, 120 MHz, 3996 MHz, 183.38 W, 33
2026/10/08 03:43:34.744, 6, 120 MHz, 3996 MHz, 184.95 W, 28
2026/10/08 03:43:34.744, 7, 120 MHz, 3996 MHz, 184.59 W, 27
2026/10/08 03:43:35.744, 0, 120 MHz, 3996 MHz, 186.41 W, 37
2026/10/08 03:43:35.744, 1, 120 MHz, 3996 MHz, 188.23 W, 38
2026/10/08 03:43:35.745, 2, 2032 MHz, 3996 MHz, 240.24 W, 36
2026/10/08 03:43:35.745, 3, 2032 MHz, 3996 MHz, 240.53 W, 36
2026/10/08 03:43:35.745, 4, 120 MHz, 3996 MHz, 184.58 W, 35
2026/10/08 03:43:35.745, 5, 120 MHz, 3996 MHz, 183.14 W, 33
2026/10/08 03:43:35.745, 6, 120 MHz, 3996 MHz, 184.95 W, 28
2026/10/08 03:43:35.745, 7, 120 MHz, 3996 MHz, 184.60 W, 27
2026/10/08 03:43:36.745, 0, 120 MHz, 3996 MHz, 186.41 W, 37
2026/10/08 03:43:36.745, 1, 120 MHz, 3996 MHz, 188.23 W, 38
2026/10/08 03:43:36.745, 2, 2032 MHz, 3996 MHz, 239.17 W, 36
2026/10/08 03:43:36.745, 3, 412 MHz, 3996 MHz, 233.19 W, 36
2026/10/08 03:43:36.745, 4, 120 MHz, 3996 MHz, 184.59 W, 35
2026/10/08 03:43:36.745, 5, 120 MHz, 3996 MHz, 183.23 W, 33
2026/10/08 03:43:36.745, 6, 120 MHz, 3996 MHz, 185.10 W, 28
2026/10/08 03:43:36.745, 7, 120 MHz, 3996 MHz, 184.60 W, 27
2026/10/08 03:43:37.745, 0, 120 MHz, 3996 MHz, 186.41 W, 37
2026/10/08 03:43:37.745, 1, 120 MHz, 3996 MHz, 188.23 W, 38
2026/10/08 03:43:37.745, 2, 322 MHz, 3996 MHz, 205.28 W, 35
2026/10/08 03:43:37.745, 3, 262 MHz, 3996 MHz, 186.73 W, 35
2026/10/08 03:43:37.745, 4, 120 MHz, 3996 MHz, 184.59 W, 35
2026/10/08 03:43:37.745, 5, 120 MHz, 3996 MHz, 182.96 W, 33
2026/10/08 03:43:37.745, 6, 120 MHz, 3996 MHz, 185.02 W, 28
2026/10/08 03:43:37.745, 7, 120 MHz, 3996 MHz, 184.64 W, 27
2026/10/08 03:43:38.746, 0, 120 MHz, 3996 MHz, 186.41 W, 37
2026/10/08 03:43:38.746, 1, 120 MHz, 3996 MHz, 188.23 W, 38
2026/10/08 03:43:38.746, 2, 202 MHz, 3996 MHz, 187.97 W, 34
2026/10/08 03:43:38.746, 3, 165 MHz, 3996 MHz, 186.05 W, 34
2026/10/08 03:43:38.746, 4, 120 MHz, 3996 MHz, 184.59 W, 35
2026/10/08 03:43:38.746, 5, 120 MHz, 3996 MHz, 183.10 W, 33
2026/10/08 03:43:38.746, 6, 120 MHz, 3996 MHz, 184.95 W, 28
2026/10/08 03:43:38.746, 7, 120 MHz, 3996 MHz, 184.63 W, 27
2026/10/08 03:43:39.746, 0, 120 MHz, 3996 MHz, 186.41 W, 37
2026/10/08 03:43:39.746, 1, 120 MHz, 3996 MHz, 188.23 W, 38
2026/10/08 03:43:39.746, 2, 135 MHz, 3996 MHz, 187.18 W, 34
2026/10/08 03:43:39.746, 3, 120 MHz, 3996 MHz, 185.14 W, 34
2026/10/08 03:43:39.746, 4, 120 MHz, 3996 MHz, 184.59 W, 35
2026/10/08 03:43:39.746, 5, 120 MHz, 3996 MHz, 183.27 W, 33
2026/10/08 03:43:39.746, 6, 120 MHz, 3996 MHz, 184.95 W, 28
2026/10/08 03:43:39.746, 7, 120 MHz, 3996 MHz, 184.63 W, 27
2026/10/08 03:43:40.746, 0, 120 MHz, 3996 MHz, 186.45 W, 37
2026/10/08 03:43:40.746, 1, 120 MHz, 3996 MHz, 188.23 W, 38
2026/10/08 03:43:40.746, 2, 120 MHz, 3996 MHz, 186.17 W, 34
2026/10/08 03:43:40.746, 3, 120 MHz, 3996 MHz, 185.20 W, 34
2026/10/08 03:43:40.746, 4, 120 MHz, 3996 MHz, 184.59 W, 35
2026/10/08 03:43:40.746, 5, 120 MHz, 3996 MHz, 183.19 W, 33
2026/10/08 03:43:40.746, 6, 120 MHz, 3996 MHz, 185.03 W, 28
2026/10/08 03:43:40.746, 7, 120 MHz, 3996 MHz, 184.62 W, 27
2026/10/08 03:43:41.747, 0, 120 MHz, 3996 MHz, 186.41 W, 37
2026/10/08 03:43:41.747, 1, 120 MHz, 3996 MHz, 188.23 W, 38
2026/10/08 03:43:41.747, 2, 120 MHz, 3996 MHz, 186.05 W, 34
2026/10/08 03:43:41.747, 3, 120 MHz, 3996 MHz, 185.86 W, 34
2026/10/08 03:43:41.747, 4, 120 MHz, 3996 MHz, 184.59 W, 34
2026/10/08 03:43:41.747, 5, 120 MHz, 3996 MHz, 183.39 W, 33
2026/10/08 03:43:41.747, 6, 120 MHz, 3996 MHz, 184.87 W, 28
2026/10/08 03:43:41.747, 7, 120 MHz, 3996 MHz, 184.64 W, 27
2026/10/08 03:43:42.747, 0, 120 MHz, 3996 MHz, 186.41 W, 37
2026/10/08 03:43:42.747, 1, 120 MHz, 3996 MHz, 188.23 W, 38
2026/10/08 03:43:42.747, 2, 120 MHz, 3996 MHz, 186.05 W, 33
2026/10/08 03:43:42.747, 3, 120 MHz, 3996 MHz, 185.73 W, 33
2026/10/08 03:43:42.747, 4, 120 MHz, 3996 MHz, 184.59 W, 34
2026/10/08 03:43:42.747, 5, 120 MHz, 3996 MHz, 182.92 W, 33
2026/10/08 03:43:42.747, 6, 120 MHz, 3996 MHz, 184.83 W, 28
2026/10/08 03:43:42.747, 7, 120 MHz, 3996 MHz, 184.72 W, 27
2026/10/08 03:43:43.747, 0, 120 MHz, 3996 MHz, 186.41 W, 37
2026/10/08 03:43:43.747, 1, 120 MHz, 3996 MHz, 188.23 W, 38
2026/10/08 03:43:43.747, 2, 120 MHz, 3996 MHz, 186.09 W, 33
2026/10/08 03:43:43.747, 3, 120 MHz, 3996 MHz, 185.16 W, 33
2026/10/08 03:43:43.747, 4, 120 MHz, 3996 MHz, 184.59 W, 34
2026/10/08 03:43:43.747, 5, 120 MHz, 3996 MHz, 182.88 W, 33
2026/10/08 03:43:43.747, 6, 120 MHz, 3996 MHz, 184.83 W, 28
2026/10/08 03:43:43.748, 7, 120 MHz, 3996 MHz, 184.63 W, 27
2026/10/08 03:43:44.748, 0, 120 MHz, 3996 MHz, 186.41 W, 37
2026/10/08 03:43:44.748, 1, 120 MHz, 3996 MHz, 188.23 W, 38
2026/10/08 03:43:44.748, 2, 120 MHz, 3996 MHz, 186.05 W, 33
2026/10/08 03:43:44.748, 3, 120 MHz, 3996 MHz, 184.36 W, 33
2026/10/08 03:43:44.748, 4, 120 MHz, 3996 MHz, 184.59 W, 34
2026/10/08 03:43:44.748, 5, 120 MHz, 3996 MHz, 182.96 W, 33
2026/10/08 03:43:44.748, 6, 120 MHz, 3996 MHz, 184.83 W, 28
2026/10/08 03:43:44.748, 7, 120 MHz, 3996 MHz, 184.63 W, 27
2026/10/08 03:43:45.748, 0, 120 MHz, 3996 MHz, 186.41 W, 37
2026/10/08 03:43:45.748, 1, 120 MHz, 3996 MHz, 188.23 W, 38
2026/10/08 03:43:45.748, 2, 120 MHz, 3996 MHz, 186.05 W, 33
2026/10/08 03:43:45.748, 3, 120 MHz, 3996 MHz, 184.25 W, 33
2026/10/08 03:43:45.748, 4, 120 MHz, 3996 MHz, 184.59 W, 34
2026/10/08 03:43:45.748, 5, 120 MHz, 3996 MHz, 182.80 W, 33
2026/10/08 03:43:45.748, 6, 120 MHz, 3996 MHz, 184.83 W, 28
2026/10/08 03:43:45.748, 7, 120 MHz, 3996 MHz, 184.62 W, 27
2026/10/08 03:43:46.748, 0, 120 MHz, 3996 MHz, 186.41 W, 36
2026/10/08 03:43:46.748, 1, 120 MHz, 3996 MHz, 188.23 W, 38
2026/10/08 03:43:46.748, 2, 120 MHz, 3996 MHz, 186.05 W, 33
2026/10/08 03:43:46.748, 3, 120 MHz, 3996 MHz, 184.09 W, 33
2026/10/08 03:43:46.748, 4, 120 MHz, 3996 MHz, 184.59 W, 34
2026/10/08 03:43:46.748, 5, 120 MHz, 3996 MHz, 182.65 W, 33
2026/10/08 03:43:46.748, 6, 120 MHz, 3996 MHz, 184.83 W, 28
2026/10/08 03:43:46.749, 7, 120 MHz, 3996 MHz, 184.62 W, 27
2026/10/08 03:43:47.749, 0, 120 MHz, 3996 MHz, 186.41 W, 36
2026/10/08 03:43:47.749, 1, 120 MHz, 3996 MHz, 188.23 W, 38
2026/10/08 03:43:47.749, 2, 120 MHz, 3996 MHz, 186.05 W, 32
2026/10/08 03:43:47.749, 3, 120 MHz, 3996 MHz, 184.09 W, 33
2026/10/08 03:43:47.749, 4, 120 MHz, 3996 MHz, 184.58 W, 34
2026/10/08 03:43:47.749, 5, 120 MHz, 3996 MHz, 182.69 W, 33
2026/10/08 03:43:47.749, 6, 120 MHz, 3996 MHz, 184.83 W, 28
2026/10/08 03:43:47.749, 7, 120 MHz, 3996 MHz, 184.63 W, 27
2026/10/08 03:43:48.749, 0, 120 MHz, 3996 MHz, 186.41 W, 36
2026/10/08 03:43:48.749, 1, 120 MHz, 3996 MHz, 188.23 W, 38
2026/10/08 03:43:48.749, 2, 120 MHz, 3996 MHz, 186.05 W, 32
2026/10/08 03:43:48.749, 3, 120 MHz, 3996 MHz, 184.09 W, 32
2026/10/08 03:43:48.749, 4, 120 MHz, 3996 MHz, 184.59 W, 34
2026/10/08 03:43:48.749, 5, 120 MHz, 3996 MHz, 182.65 W, 33
2026/10/08 03:43:48.749, 6, 120 MHz, 3996 MHz, 184.83 W, 28
2026/10/08 03:43:48.749, 7, 120 MHz, 3996 MHz, 184.65 W, 27
2026/10/08 03:43:49.749, 0, 120 MHz, 3996 MHz, 186.41 W, 36
2026/10/08 03:43:49.749, 1, 120 MHz, 3996 MHz, 188.23 W, 38
2026/10/08 03:43:49.749, 2, 120 MHz, 3996 MHz, 186.05 W, 32
2026/10/08 03:43:49.749, 3, 120 MHz, 3996 MHz, 184.09 W, 32
2026/10/08 03:43:49.750, 4, 120 MHz, 3996 MHz, 184.59 W, 34
2026/10/08 03:43:49.750, 5, 120 MHz, 3996 MHz, 182.65 W, 33
2026/10/08 03:43:49.750, 6, 120 MHz, 3996 MHz, 184.83 W, 28
2026/10/08 03:43:49.750, 7, 120 MHz, 3996 MHz, 184.61 W, 27
2026/10/08 03:43:50.750, 0, 120 MHz, 3996 MHz, 186.41 W, 36
2026/10/08 03:43:50.750, 1, 120 MHz, 3996 MHz, 188.23 W, 38
2026/10/08 03:43:50.750, 2, 120 MHz, 3996 MHz, 186.05 W, 32
2026/10/08 03:43:50.750, 3, 120 MHz, 3996 MHz, 184.09 W, 32
2026/10/08 03:43:50.750, 4, 120 MHz, 3996 MHz, 184.59 W, 34
2026/10/08 03:43:50.750, 5, 120 MHz, 3996 MHz, 182.65 W, 33
2026/10/08 03:43:50.750, 6, 120 MHz, 3996 MHz, 184.83 W, 28
2026/10/08 03:43:50.750, 7, 120 MHz, 3996 MHz, 184.62 W, 27
2026/10/08 03:43:51.750, 0, 120 MHz, 3996 MHz, 186.41 W, 36
2026/10/08 03:43:51.750, 1, 120 MHz, 3996 MHz, 188.23 W, 38
2026/10/08 03:43:51.750, 2, 120 MHz, 3996 MHz, 186.05 W, 32
2026/10/08 03:43:51.750, 3, 120 MHz, 3996 MHz, 184.09 W, 32
2026/10/08 03:43:51.750, 4, 120 MHz, 3996 MHz, 184.59 W, 34
2026/10/08 03:43:51.750, 5, 120 MHz, 3996 MHz, 182.64 W, 33
2026/10/08 03:43:51.750, 6, 120 MHz, 3996 MHz, 184.83 W, 28
2026/10/08 03:43:51.750, 7, 120 MHz, 3996 MHz, 184.61 W, 27
2026/10/08 03:43:52.750, 0, 120 MHz, 3996 MHz, 186.41 W, 36
2026/10/08 03:43:52.751, 1, 120 MHz, 3996 MHz, 188.23 W, 38
2026/10/08 03:43:52.751, 2, 120 MHz, 3996 MHz, 186.05 W, 32
2026/10/08 03:43:52.751, 3, 120 MHz, 3996 MHz, 184.09 W, 32
2026/10/08 03:43:52.751, 4, 2032 MHz, 3996 MHz, 225.97 W, 35
2026/10/08 03:43:52.751, 5, 120 MHz, 3996 MHz, 182.57 W, 33
2026/10/08 03:43:52.751, 6, 120 MHz, 3996 MHz, 184.83 W, 28
2026/10/08 03:43:52.751, 7, 120 MHz, 3996 MHz, 184.60 W, 27
2026/10/08 03:43:53.751, 0, 120 MHz, 3996 MHz, 186.41 W, 36
2026/10/08 03:43:53.751, 1, 120 MHz, 3996 MHz, 188.23 W, 38
2026/10/08 03:43:53.751, 2, 120 MHz, 3996 MHz, 186.05 W, 32
2026/10/08 03:43:53.751, 3, 120 MHz, 3996 MHz, 184.09 W, 32
2026/10/08 03:43:53.751, 4, 2032 MHz, 3996 MHz, 242.60 W, 35
2026/10/08 03:43:53.751, 5, 120 MHz, 3996 MHz, 182.52 W, 33
2026/10/08 03:43:53.751, 6, 120 MHz, 3996 MHz, 184.78 W, 28
2026/10/08 03:43:53.751, 7, 2032 MHz, 3996 MHz, 208.49 W, 27
2026/10/08 03:43:54.751, 0, 120 MHz, 3996 MHz, 186.41 W, 36
2026/10/08 03:43:54.751, 1, 120 MHz, 3996 MHz, 188.23 W, 38
2026/10/08 03:43:54.751, 2, 120 MHz, 3996 MHz, 186.05 W, 31
2026/10/08 03:43:54.751, 3, 120 MHz, 3996 MHz, 184.09 W, 32
2026/10/08 03:43:54.751, 4, 2032 MHz, 3996 MHz, 242.56 W, 35
2026/10/08 03:43:54.751, 5, 120 MHz, 3996 MHz, 182.52 W, 33
2026/10/08 03:43:54.751, 6, 120 MHz, 3996 MHz, 184.71 W, 28
2026/10/08 03:43:54.751, 7, 2032 MHz, 3996 MHz, 234.99 W, 28
2026/10/08 03:43:55.751, 0, 120 MHz, 3996 MHz, 186.41 W, 36
2026/10/08 03:43:55.752, 1, 120 MHz, 3996 MHz, 188.23 W, 38
2026/10/08 03:43:55.752, 2, 120 MHz, 3996 MHz, 186.05 W, 31
2026/10/08 03:43:55.752, 3, 120 MHz, 3996 MHz, 184.09 W, 31
2026/10/08 03:43:55.752, 4, 2032 MHz, 3996 MHz, 242.56 W, 35
2026/10/08 03:43:55.752, 5, 120 MHz, 3996 MHz, 182.52 W, 33
2026/10/08 03:43:55.752, 6, 2032 MHz, 3996 MHz, 188.24 W, 28
2026/10/08 03:43:55.752, 7, 2032 MHz, 3996 MHz, 234.93 W, 28
2026/10/08 03:43:56.752, 0, 120 MHz, 3996 MHz, 186.41 W, 36
2026/10/08 03:43:56.752, 1, 120 MHz, 3996 MHz, 188.23 W, 38
2026/10/08 03:43:56.752, 2, 120 MHz, 3996 MHz, 186.05 W, 31
2026/10/08 03:43:56.752, 3, 120 MHz, 3996 MHz, 184.09 W, 31
2026/10/08 03:43:56.752, 4, 2032 MHz, 3996 MHz, 243.89 W, 35
2026/10/08 03:43:56.752, 5, 2032 MHz, 3996 MHz, 192.01 W, 33
2026/10/08 03:43:56.752, 6, 2032 MHz, 3996 MHz, 244.82 W, 29
2026/10/08 03:43:56.752, 7, 2032 MHz, 3996 MHz, 234.80 W, 28
2026/10/08 03:43:57.752, 0, 120 MHz, 3996 MHz, 186.41 W, 36
2026/10/08 03:43:57.752, 1, 120 MHz, 3996 MHz, 188.23 W, 38
2026/10/08 03:43:57.752, 2, 120 MHz, 3996 MHz, 186.01 W, 31
2026/10/08 03:43:57.752, 3, 120 MHz, 3996 MHz, 184.09 W, 31
2026/10/08 03:43:57.752, 4, 2032 MHz, 3996 MHz, 244.30 W, 35
2026/10/08 03:43:57.752, 5, 2032 MHz, 3996 MHz, 234.93 W, 34
2026/10/08 03:43:57.752, 6, 2032 MHz, 3996 MHz, 244.82 W, 29
2026/10/08 03:43:57.752, 7, 2032 MHz, 3996 MHz, 234.80 W, 28
2026/10/08 03:43:58.752, 0, 120 MHz, 3996 MHz, 186.41 W, 36
2026/10/08 03:43:58.752, 1, 120 MHz, 3996 MHz, 188.23 W, 38
2026/10/08 03:43:58.752, 2, 120 MHz, 3996 MHz, 185.97 W, 31
2026/10/08 03:43:58.752, 3, 120 MHz, 3996 MHz, 184.05 W, 31
2026/10/08 03:43:58.752, 4, 2032 MHz, 3996 MHz, 244.22 W, 35
2026/10/08 03:43:58.753, 5, 2032 MHz, 3996 MHz, 235.06 W, 34
2026/10/08 03:43:58.753, 6, 2032 MHz, 3996 MHz, 244.82 W, 29
2026/10/08 03:43:58.753, 7, 2032 MHz, 3996 MHz, 234.95 W, 28
2026/10/08 03:43:59.753, 0, 120 MHz, 3996 MHz, 186.41 W, 36
2026/10/08 03:43:59.753, 1, 120 MHz, 3996 MHz, 188.23 W, 38
2026/10/08 03:43:59.753, 2, 120 MHz, 3996 MHz, 185.97 W, 31
2026/10/08 03:43:59.753, 3, 120 MHz, 3996 MHz, 184.05 W, 31
2026/10/08 03:43:59.753, 4, 2032 MHz, 3996 MHz, 244.30 W, 36
2026/10/08 03:43:59.753, 5, 2032 MHz, 3996 MHz, 234.93 W, 34
2026/10/08 03:43:59.753, 6, 2032 MHz, 3996 MHz, 244.82 W, 29
2026/10/08 03:43:59.753, 7, 2032 MHz, 3996 MHz, 235.54 W, 28
2026/10/08 03:44:00.753, 0, 120 MHz, 3996 MHz, 186.33 W, 36
2026/10/08 03:44:00.753, 1, 120 MHz, 3996 MHz, 188.19 W, 38
2026/10/08 03:44:00.753, 2, 120 MHz, 3996 MHz, 185.81 W, 31
2026/10/08 03:44:00.753, 3, 120 MHz, 3996 MHz, 184.09 W, 31
2026/10/08 03:44:00.753, 4, 2032 MHz, 3996 MHz, 244.30 W, 36
2026/10/08 03:44:00.753, 5, 2032 MHz, 3996 MHz, 235.21 W, 34
2026/10/08 03:44:00.753, 6, 2032 MHz, 3996 MHz, 244.82 W, 29
2026/10/08 03:44:00.753, 7, 2032 MHz, 3996 MHz, 235.63 W, 28
2026/10/08 03:44:01.753, 0, 120 MHz, 3996 MHz, 186.33 W, 36
2026/10/08 03:44:01.753, 1, 120 MHz, 3996 MHz, 188.23 W, 38
2026/10/08 03:44:01.753, 2, 120 MHz, 3996 MHz, 186.01 W, 31
2026/10/08 03:44:01.753, 3, 120 MHz, 3996 MHz, 184.09 W, 31
2026/10/08 03:44:01.753, 4, 2032 MHz, 3996 MHz, 243.39 W, 36
2026/10/08 03:44:01.753, 5, 2032 MHz, 3996 MHz, 235.78 W, 34
2026/10/08 03:44:01.753, 6, 2032 MHz, 3996 MHz, 244.82 W, 29
2026/10/08 03:44:01.753, 7, 2032 MHz, 3996 MHz, 234.95 W, 28
2026/10/08 03:44:02.754, 0, 120 MHz, 3996 MHz, 186.41 W, 36
2026/10/08 03:44:02.754, 1, 120 MHz, 3996 MHz, 188.11 W, 38
2026/10/08 03:44:02.754, 2, 120 MHz, 3996 MHz, 185.85 W, 31
2026/10/08 03:44:02.754, 3, 120 MHz, 3996 MHz, 184.09 W, 31
2026/10/08 03:44:02.754, 4, 2032 MHz, 3996 MHz, 243.25 W, 36
2026/10/08 03:44:02.754, 5, 2032 MHz, 3996 MHz, 235.61 W, 34
2026/10/08 03:44:02.754, 6, 2032 MHz, 3996 MHz, 244.82 W, 29
2026/10/08 03:44:02.754, 7, 2032 MHz, 3996 MHz, 234.99 W, 28
2026/10/08 03:44:03.754, 0, 120 MHz, 3996 MHz, 186.41 W, 36
2026/10/08 03:44:03.754, 1, 120 MHz, 3996 MHz, 188.11 W, 37
2026/10/08 03:44:03.754, 2, 120 MHz, 3996 MHz, 185.35 W, 31
2026/10/08 03:44:03.754, 3, 120 MHz, 3996 MHz, 184.09 W, 31
2026/10/08 03:44:03.754, 4, 2032 MHz, 3996 MHz, 244.30 W, 36
2026/10/08 03:44:03.754, 5, 2032 MHz, 3996 MHz, 235.10 W, 34
2026/10/08 03:44:03.754, 6, 2032 MHz, 3996 MHz, 244.82 W, 29
2026/10/08 03:44:03.754, 7, 2032 MHz, 3996 MHz, 235.03 W, 28
2026/10/08 03:44:04.754, 0, 120 MHz, 3996 MHz, 186.41 W, 36
2026/10/08 03:44:04.754, 1, 120 MHz, 3996 MHz, 187.85 W, 37
2026/10/08 03:44:04.754, 2, 120 MHz, 3996 MHz, 185.24 W, 31
2026/10/08 03:44:04.754, 3, 120 MHz, 3996 MHz, 184.09 W, 31
2026/10/08 03:44:04.754, 4, 2032 MHz, 3996 MHz, 244.38 W, 36
2026/10/08 03:44:04.754, 5, 2032 MHz, 3996 MHz, 235.28 W, 34
2026/10/08 03:44:04.754, 6, 2032 MHz, 3996 MHz, 244.82 W, 29
2026/10/08 03:44:04.754, 7, 2032 MHz, 3996 MHz, 235.14 W, 28
2026/10/08 03:44:05.754, 0, 120 MHz, 3996 MHz, 186.41 W, 35
2026/10/08 03:44:05.755, 1, 120 MHz, 3996 MHz, 188.23 W, 37
2026/10/08 03:44:05.755, 2, 120 MHz, 3996 MHz, 185.32 W, 30
2026/10/08 03:44:05.755, 3, 2032 MHz, 3996 MHz, 210.93 W, 31
2026/10/08 03:44:05.755, 4, 2032 MHz, 3996 MHz, 261.68 W, 36
2026/10/08 03:44:05.755, 5, 2032 MHz, 3996 MHz, 235.29 W, 34
2026/10/08 03:44:05.755, 6, 2032 MHz, 3996 MHz, 244.82 W, 29
2026/10/08 03:44:05.755, 7, 2032 MHz, 3996 MHz, 235.22 W, 28
2026/10/08 03:44:06.755, 0, 120 MHz, 3996 MHz, 186.41 W, 35
2026/10/08 03:44:06.755, 1, 120 MHz, 3996 MHz, 188.23 W, 37
2026/10/08 03:44:06.755, 2, 120 MHz, 3996 MHz, 185.61 W, 30
2026/10/08 03:44:06.755, 3, 2032 MHz, 3996 MHz, 236.01 W, 32
2026/10/08 03:44:06.755, 4, 2032 MHz, 3996 MHz, 243.29 W, 36
2026/10/08 03:44:06.755, 5, 2032 MHz, 3996 MHz, 235.31 W, 34
2026/10/08 03:44:06.755, 6, 2032 MHz, 3996 MHz, 244.82 W, 30
2026/10/08 03:44:06.755, 7, 2032 MHz, 3996 MHz, 235.18 W, 28
2026/10/08 03:44:07.755, 0, 120 MHz, 3996 MHz, 186.41 W, 35
2026/10/08 03:44:07.755, 1, 120 MHz, 3996 MHz, 188.23 W, 37
2026/10/08 03:44:07.755, 2, 120 MHz, 3996 MHz, 185.69 W, 30
2026/10/08 03:44:07.755, 3, 2032 MHz, 3996 MHz, 236.81 W, 32
2026/10/08 03:44:07.755, 4, 2032 MHz, 3996 MHz, 242.44 W, 36
2026/10/08 03:44:07.755, 5, 2032 MHz, 3996 MHz, 235.63 W, 34
2026/10/08 03:44:07.755, 6, 2032 MHz, 3996 MHz, 244.82 W, 30
2026/10/08 03:44:07.755, 7, 2032 MHz, 3996 MHz, 234.84 W, 28
2026/10/08 03:44:08.755, 0, 120 MHz, 3996 MHz, 186.41 W, 35
2026/10/08 03:44:08.755, 1, 120 MHz, 3996 MHz, 188.23 W, 37
2026/10/08 03:44:08.756, 2, 120 MHz, 3996 MHz, 185.12 W, 30
2026/10/08 03:44:08.756, 3, 2032 MHz, 3996 MHz, 237.32 W, 32
2026/10/08 03:44:08.756, 4, 2032 MHz, 3996 MHz, 242.52 W, 36
2026/10/08 03:44:08.756, 5, 2032 MHz, 3996 MHz, 235.46 W, 34
2026/10/08 03:44:08.756, 6, 2032 MHz, 3996 MHz, 244.82 W, 30
2026/10/08 03:44:08.756, 7, 2032 MHz, 3996 MHz, 234.80 W, 28
2026/10/08 03:44:09.756, 0, 120 MHz, 3996 MHz, 186.41 W, 35
2026/10/08 03:44:09.756, 1, 120 MHz, 3996 MHz, 188.23 W, 37
2026/10/08 03:44:09.756, 2, 120 MHz, 3996 MHz, 185.13 W, 30
2026/10/08 03:44:09.756, 3, 2032 MHz, 3996 MHz, 255.49 W, 33
2026/10/08 03:44:09.756, 4, 2032 MHz, 3996 MHz, 242.40 W, 36
2026/10/08 03:44:09.756, 5, 2032 MHz, 3996 MHz, 235.31 W, 34
2026/10/08 03:44:09.756, 6, 2032 MHz, 3996 MHz, 244.82 W, 30
2026/10/08 03:44:09.756, 7, 2032 MHz, 3996 MHz, 234.80 W, 28
2026/10/08 03:44:10.756, 0, 120 MHz, 3996 MHz, 186.41 W, 35
2026/10/08 03:44:10.756, 1, 120 MHz, 3996 MHz, 188.23 W, 37
2026/10/08 03:44:10.756, 2, 120 MHz, 3996 MHz, 185.29 W, 30
2026/10/08 03:44:10.756, 3, 2032 MHz, 3996 MHz, 256.67 W, 32
2026/10/08 03:44:10.756, 4, 2032 MHz, 3996 MHz, 242.44 W, 36
2026/10/08 03:44:10.756, 5, 2032 MHz, 3996 MHz, 235.83 W, 34
2026/10/08 03:44:10.756, 6, 2032 MHz, 3996 MHz, 244.82 W, 30
2026/10/08 03:44:10.756, 7, 2032 MHz, 3996 MHz, 234.80 W, 28
2026/10/08 03:44:11.756, 0, 120 MHz, 3996 MHz, 186.41 W, 35
2026/10/08 03:44:11.756, 1, 120 MHz, 3996 MHz, 188.23 W, 37
2026/10/08 03:44:11.756, 2, 2032 MHz, 3996 MHz, 219.00 W, 31
2026/10/08 03:44:11.756, 3, 2032 MHz, 3996 MHz, 255.64 W, 32
2026/10/08 03:44:11.756, 4, 2032 MHz, 3996 MHz, 242.44 W, 36
2026/10/08 03:44:11.756, 5, 2032 MHz, 3996 MHz, 234.87 W, 34
2026/10/08 03:44:11.756, 6, 2032 MHz, 3996 MHz, 244.82 W, 30
2026/10/08 03:44:11.756, 7, 2032 MHz, 3996 MHz, 236.66 W, 28
2026/10/08 03:44:12.757, 0, 120 MHz, 3996 MHz, 186.41 W, 35
2026/10/08 03:44:12.757, 1, 120 MHz, 3996 MHz, 188.23 W, 37
2026/10/08 03:44:12.757, 2, 2032 MHz, 3996 MHz, 235.54 W, 31
2026/10/08 03:44:12.757, 3, 2032 MHz, 3996 MHz, 347.17 W, 34
2026/10/08 03:44:12.757, 4, 2032 MHz, 3996 MHz, 242.40 W, 36
2026/10/08 03:44:12.757, 5, 2032 MHz, 3996 MHz, 235.01 W, 34
2026/10/08 03:44:12.757, 6, 2032 MHz, 3996 MHz, 244.82 W, 30
2026/10/08 03:44:12.757, 7, 2032 MHz, 3996 MHz, 236.74 W, 28
2026/10/08 03:44:13.757, 0, 120 MHz, 3996 MHz, 186.41 W, 35
2026/10/08 03:44:13.757, 1, 120 MHz, 3996 MHz, 188.23 W, 37
2026/10/08 03:44:13.757, 2, 2032 MHz, 3996 MHz, 235.78 W, 31
2026/10/08 03:44:13.757, 3, 2032 MHz, 3996 MHz, 318.29 W, 33
2026/10/08 03:44:13.757, 4, 2032 MHz, 3996 MHz, 242.40 W, 36
2026/10/08 03:44:13.757, 5, 2032 MHz, 3996 MHz, 235.84 W, 34
2026/10/08 03:44:13.757, 6, 2032 MHz, 3996 MHz, 244.82 W, 30
2026/10/08 03:44:13.757, 7, 2032 MHz, 3996 MHz, 236.13 W, 28
2026/10/08 03:44:14.757, 0, 120 MHz, 3996 MHz, 186.41 W, 35
2026/10/08 03:44:14.757, 1, 120 MHz, 3996 MHz, 188.15 W, 37
2026/10/08 03:44:14.757, 2, 2032 MHz, 3996 MHz, 236.77 W, 31
2026/10/08 03:44:14.757, 3, 2032 MHz, 3996 MHz, 265.24 W, 32
2026/10/08 03:44:14.757, 4, 2032 MHz, 3996 MHz, 242.40 W, 36
2026/10/08 03:44:14.757, 5, 2032 MHz, 3996 MHz, 235.64 W, 34
2026/10/08 03:44:14.757, 6, 2032 MHz, 3996 MHz, 246.20 W, 30
2026/10/08 03:44:14.757, 7, 2032 MHz, 3996 MHz, 253.57 W, 28
2026/10/08 03:44:15.757, 0, 120 MHz, 3996 MHz, 186.41 W, 35
2026/10/08 03:44:15.757, 1, 120 MHz, 3996 MHz, 188.23 W, 37
2026/10/08 03:44:15.757, 2, 2032 MHz, 3996 MHz, 236.62 W, 31
2026/10/08 03:44:15.757, 3, 2032 MHz, 3996 MHz, 253.94 W, 32
2026/10/08 03:44:15.757, 4, 2032 MHz, 3996 MHz, 242.75 W, 36
2026/10/08 03:44:15.757, 5, 2032 MHz, 3996 MHz, 236.66 W, 34
2026/10/08 03:44:15.757, 6, 2032 MHz, 3996 MHz, 246.69 W, 30
2026/10/08 03:44:15.758, 7, 2032 MHz, 3996 MHz, 234.95 W, 28
2026/10/08 03:44:16.758, 0, 120 MHz, 3996 MHz, 186.41 W, 35
2026/10/08 03:44:16.758, 1, 120 MHz, 3996 MHz, 188.19 W, 37
2026/10/08 03:44:16.758, 2, 2032 MHz, 3996 MHz, 254.11 W, 32
2026/10/08 03:44:16.758, 3, 2032 MHz, 3996 MHz, 239.47 W, 32
2026/10/08 03:44:16.758, 4, 2032 MHz, 3996 MHz, 242.55 W, 36
2026/10/08 03:44:16.758, 5, 2032 MHz, 3996 MHz, 236.42 W, 34
2026/10/08 03:44:16.758, 6, 2032 MHz, 3996 MHz, 245.51 W, 30
2026/10/08 03:44:16.758, 7, 2032 MHz, 3996 MHz, 234.91 W, 28
2026/10/08 03:44:17.758, 0, 120 MHz, 3996 MHz, 186.41 W, 35
2026/10/08 03:44:17.758, 1, 120 MHz, 3996 MHz, 188.19 W, 37
2026/10/08 03:44:17.758, 2, 2032 MHz, 3996 MHz, 239.91 W, 31
2026/10/08 03:44:17.758, 3, 2032 MHz, 3996 MHz, 236.66 W, 32
2026/10/08 03:44:17.758, 4, 2032 MHz, 3996 MHz, 242.43 W, 36
2026/10/08 03:44:17.758, 5, 2032 MHz, 3996 MHz, 235.54 W, 34
2026/10/08 03:44:17.758, 6, 2032 MHz, 3996 MHz, 263.99 W, 30
2026/10/08 03:44:17.758, 7, 2032 MHz, 3996 MHz, 234.89 W, 29
2026/10/08 03:44:18.758, 0, 120 MHz, 3996 MHz, 186.41 W, 35
2026/10/08 03:44:18.758, 1, 120 MHz, 3996 MHz, 188.11 W, 37
2026/10/08 03:44:18.758, 2, 2032 MHz, 3996 MHz, 273.64 W, 32
2026/10/08 03:44:18.758, 3, 2032 MHz, 3996 MHz, 236.80 W, 32
2026/10/08 03:44:18.758, 4, 2032 MHz, 3996 MHz, 242.50 W, 36
2026/10/08 03:44:18.758, 5, 2032 MHz, 3996 MHz, 252.40 W, 34
2026/10/08 03:44:18.758, 6, 2032 MHz, 3996 MHz, 244.82 W, 30
2026/10/08 03:44:18.758, 7, 2032 MHz, 3996 MHz, 234.84 W, 29
2026/10/08 03:44:19.759, 0, 120 MHz, 3996 MHz, 186.37 W, 35
2026/10/08 03:44:19.759, 1, 120 MHz, 3996 MHz, 188.11 W, 37
2026/10/08 03:44:19.759, 2, 2032 MHz, 3996 MHz, 236.85 W, 31
2026/10/08 03:44:19.759, 3, 2032 MHz, 3996 MHz, 245.47 W, 32
2026/10/08 03:44:19.759, 4, 2032 MHz, 3996 MHz, 242.44 W, 36
2026/10/08 03:44:19.759, 5, 2032 MHz, 3996 MHz, 234.98 W, 34
2026/10/08 03:44:19.759, 6, 2032 MHz, 3996 MHz, 244.82 W, 30
2026/10/08 03:44:19.759, 7, 2032 MHz, 3996 MHz, 234.88 W, 29
2026/10/08 03:44:20.759, 0, 120 MHz, 3996 MHz, 186.37 W, 35
2026/10/08 03:44:20.759, 1, 120 MHz, 3996 MHz, 187.27 W, 37
2026/10/08 03:44:20.759, 2, 2032 MHz, 3996 MHz, 292.51 W, 33
2026/10/08 03:44:20.759, 3, 2032 MHz, 3996 MHz, 236.60 W, 32
2026/10/08 03:44:20.759, 4, 2032 MHz, 3996 MHz, 242.60 W, 36
2026/10/08 03:44:20.759, 5, 2032 MHz, 3996 MHz, 235.13 W, 34
2026/10/08 03:44:20.759, 6, 2032 MHz, 3996 MHz, 244.86 W, 30
2026/10/08 03:44:20.759, 7, 2032 MHz, 3996 MHz, 235.03 W, 29
2026/10/08 03:44:21.759, 0, 120 MHz, 3996 MHz, 186.41 W, 35
2026/10/08 03:44:21.759, 1, 120 MHz, 3996 MHz, 187.16 W, 37
2026/10/08 03:44:21.759, 2, 2032 MHz, 3996 MHz, 309.54 W, 32
2026/10/08 03:44:21.759, 3, 2032 MHz, 3996 MHz, 236.40 W, 32
2026/10/08 03:44:21.759, 4, 2032 MHz, 3996 MHz, 242.48 W, 36
2026/10/08 03:44:21.759, 5, 2032 MHz, 3996 MHz, 235.12 W, 34
2026/10/08 03:44:21.759, 6, 2032 MHz, 3996 MHz, 244.82 W, 30
2026/10/08 03:44:21.759, 7, 2032 MHz, 3996 MHz, 235.03 W, 29
2026/10/08 03:44:22.759, 0, 120 MHz, 3996 MHz, 186.26 W, 35
2026/10/08 03:44:22.759, 1, 120 MHz, 3996 MHz, 186.89 W, 37
2026/10/08 03:44:22.759, 2, 2032 MHz, 3996 MHz, 294.52 W, 32
2026/10/08 03:44:22.759, 3, 2032 MHz, 3996 MHz, 236.49 W, 32
2026/10/08 03:44:22.759, 4, 2032 MHz, 3996 MHz, 242.52 W, 36
2026/10/08 03:44:22.759, 5, 2032 MHz, 3996 MHz, 234.88 W, 34
2026/10/08 03:44:22.759, 6, 2032 MHz, 3996 MHz, 244.82 W, 30
2026/10/08 03:44:22.759, 7, 2032 MHz, 3996 MHz, 235.11 W, 29
2026/10/08 03:44:23.760, 0, 120 MHz, 3996 MHz, 186.41 W, 35
2026/10/08 03:44:23.760, 1, 120 MHz, 3996 MHz, 187.02 W, 37
2026/10/08 03:44:23.760, 2, 2032 MHz, 3996 MHz, 255.07 W, 32
2026/10/08 03:44:23.760, 3, 2032 MHz, 3996 MHz, 236.66 W, 32
2026/10/08 03:44:23.760, 4, 2032 MHz, 3996 MHz, 242.74 W, 36
2026/10/08 03:44:23.760, 5, 2032 MHz, 3996 MHz, 235.13 W, 34
2026/10/08 03:44:23.760, 6, 2032 MHz, 3996 MHz, 244.86 W, 30
2026/10/08 03:44:23.760, 7, 2032 MHz, 3996 MHz, 235.46 W, 29
2026/10/08 03:44:24.760, 0, 120 MHz, 3996 MHz, 186.45 W, 35
2026/10/08 03:44:24.760, 1, 120 MHz, 3996 MHz, 186.82 W, 37
2026/10/08 03:44:24.760, 2, 2032 MHz, 3996 MHz, 246.22 W, 32
2026/10/08 03:44:24.760, 3, 2032 MHz, 3996 MHz, 236.63 W, 32
2026/10/08 03:44:24.760, 4, 2032 MHz, 3996 MHz, 243.57 W, 36
2026/10/08 03:44:24.760, 5, 2032 MHz, 3996 MHz, 234.94 W, 34
2026/10/08 03:44:24.760, 6, 2032 MHz, 3996 MHz, 244.86 W, 30
2026/10/08 03:44:24.760, 7, 2032 MHz, 3996 MHz, 235.41 W, 29
2026/10/08 03:44:25.760, 0, 120 MHz, 3996 MHz, 186.41 W, 35
2026/10/08 03:44:25.760, 1, 120 MHz, 3996 MHz, 186.99 W, 37
2026/10/08 03:44:25.760, 2, 2032 MHz, 3996 MHz, 257.14 W, 32
2026/10/08 03:44:25.760, 3, 2032 MHz, 3996 MHz, 236.62 W, 32
2026/10/08 03:44:25.760, 4, 2032 MHz, 3996 MHz, 244.26 W, 36
2026/10/08 03:44:25.760, 5, 2032 MHz, 3996 MHz, 235.00 W, 34
2026/10/08 03:44:25.760, 6, 2032 MHz, 3996 MHz, 244.82 W, 30
2026/10/08 03:44:25.760, 7, 2032 MHz, 3996 MHz, 235.52 W, 29
2026/10/08 03:44:26.761, 0, 120 MHz, 3996 MHz, 186.41 W, 35
2026/10/08 03:44:26.761, 1, 120 MHz, 3996 MHz, 187.05 W, 37
2026/10/08 03:44:26.761, 2, 2032 MHz, 3996 MHz, 250.24 W, 32
2026/10/08 03:44:26.761, 3, 2032 MHz, 3996 MHz, 236.62 W, 32
2026/10/08 03:44:26.761, 4, 2032 MHz, 3996 MHz, 244.26 W, 36
2026/10/08 03:44:26.761, 5, 2032 MHz, 3996 MHz, 234.95 W, 34
2026/10/08 03:44:26.761, 6, 2032 MHz, 3996 MHz, 244.82 W, 30
2026/10/08 03:44:26.761, 7, 2032 MHz, 3996 MHz, 235.50 W, 29
2026/10/08 03:44:27.761, 0, 120 MHz, 3996 MHz, 186.41 W, 35
2026/10/08 03:44:27.761, 1, 120 MHz, 3996 MHz, 186.67 W, 37
2026/10/08 03:44:27.761, 2, 2032 MHz, 3996 MHz, 240.51 W, 32
2026/10/08 03:44:27.761, 3, 2032 MHz, 3996 MHz, 236.65 W, 32
2026/10/08 03:44:27.761, 4, 2032 MHz, 3996 MHz, 243.89 W, 36
2026/10/08 03:44:27.761, 5, 2032 MHz, 3996 MHz, 234.88 W, 34
2026/10/08 03:44:27.761, 6, 2032 MHz, 3996 MHz, 244.82 W, 31
2026/10/08 03:44:27.761, 7, 2032 MHz, 3996 MHz, 235.77 W, 29
2026/10/08 03:44:28.761, 0, 120 MHz, 3996 MHz, 186.41 W, 35
2026/10/08 03:44:28.761, 1, 120 MHz, 3996 MHz, 186.74 W, 37
2026/10/08 03:44:28.761, 2, 2032 MHz, 3996 MHz, 243.81 W, 32
2026/10/08 03:44:28.761, 3, 2032 MHz, 3996 MHz, 236.65 W, 32
2026/10/08 03:44:28.761, 4, 2032 MHz, 3996 MHz, 244.15 W, 36
2026/10/08 03:44:28.761, 5, 2032 MHz, 3996 MHz, 234.74 W, 34
2026/10/08 03:44:28.761, 6, 2032 MHz, 3996 MHz, 244.82 W, 31
2026/10/08 03:44:28.761, 7, 2032 MHz, 3996 MHz, 236.01 W, 29
2026/10/08 03:44:29.762, 0, 120 MHz, 3996 MHz, 186.41 W, 35
2026/10/08 03:44:29.762, 1, 120 MHz, 3996 MHz, 186.70 W, 36
2026/10/08 03:44:29.762, 2, 2032 MHz, 3996 MHz, 236.66 W, 32
2026/10/08 03:44:29.762, 3, 2032 MHz, 3996 MHz, 236.66 W, 32
2026/10/08 03:44:29.762, 4, 2032 MHz, 3996 MHz, 244.26 W, 36
2026/10/08 03:44:29.762, 5, 2032 MHz, 3996 MHz, 235.00 W, 34
2026/10/08 03:44:29.762, 6, 2032 MHz, 3996 MHz, 244.82 W, 31
2026/10/08 03:44:29.762, 7, 2032 MHz, 3996 MHz, 236.21 W, 29
2026/10/08 03:44:30.762, 0, 120 MHz, 3996 MHz, 186.41 W, 35
2026/10/08 03:44:30.762, 1, 120 MHz, 3996 MHz, 186.89 W, 36
2026/10/08 03:44:30.762, 2, 2032 MHz, 3996 MHz, 236.66 W, 32
2026/10/08 03:44:30.762, 3, 2032 MHz, 3996 MHz, 236.66 W, 32
2026/10/08 03:44:30.762, 4, 2032 MHz, 3996 MHz, 244.30 W, 36
2026/10/08 03:44:30.762, 5, 2032 MHz, 3996 MHz, 235.49 W, 34
2026/10/08 03:44:30.762, 6, 2032 MHz, 3996 MHz, 244.86 W, 31
2026/10/08 03:44:30.762, 7, 2032 MHz, 3996 MHz, 236.35 W, 29
2026/10/08 03:44:31.762, 0, 120 MHz, 3996 MHz, 186.41 W, 35
2026/10/08 03:44:31.762, 1, 120 MHz, 3996 MHz, 186.67 W, 36
2026/10/08 03:44:31.762, 2, 2032 MHz, 3996 MHz, 236.66 W, 32
2026/10/08 03:44:31.762, 3, 2032 MHz, 3996 MHz, 236.66 W, 32
2026/10/08 03:44:31.762, 4, 2032 MHz, 3996 MHz, 244.30 W, 36
2026/10/08 03:44:31.762, 5, 2032 MHz, 3996 MHz, 235.43 W, 34
2026/10/08 03:44:31.762, 6, 2032 MHz, 3996 MHz, 244.94 W, 31
2026/10/08 03:44:31.762, 7, 2032 MHz, 3996 MHz, 236.43 W, 29
2026/10/08 03:44:32.763, 0, 2032 MHz, 3996 MHz, 215.25 W, 36
2026/10/08 03:44:32.763, 1, 120 MHz, 3996 MHz, 187.21 W, 36
2026/10/08 03:44:32.763, 2, 2032 MHz, 3996 MHz, 236.95 W, 32
2026/10/08 03:44:32.763, 3, 2032 MHz, 3996 MHz, 240.97 W, 32
2026/10/08 03:44:32.763, 4, 2032 MHz, 3996 MHz, 244.42 W, 36
2026/10/08 03:44:32.763, 5, 2032 MHz, 3996 MHz, 235.52 W, 34
2026/10/08 03:44:32.763, 6, 2032 MHz, 3996 MHz, 244.98 W, 31
2026/10/08 03:44:32.763, 7, 2032 MHz, 3996 MHz, 236.70 W, 29
2026/10/08 03:44:33.763, 0, 2032 MHz, 3996 MHz, 242.60 W, 36
2026/10/08 03:44:33.763, 1, 120 MHz, 3996 MHz, 187.05 W, 36
2026/10/08 03:44:33.763, 2, 2032 MHz, 3996 MHz, 248.39 W, 32
2026/10/08 03:44:33.763, 3, 2032 MHz, 3996 MHz, 236.66 W, 32
2026/10/08 03:44:33.763, 4, 2032 MHz, 3996 MHz, 244.34 W, 36
2026/10/08 03:44:33.763, 5, 2032 MHz, 3996 MHz, 235.33 W, 34
2026/10/08 03:44:33.763, 6, 2032 MHz, 3996 MHz, 245.06 W, 31
2026/10/08 03:44:33.763, 7, 2032 MHz, 3996 MHz, 236.66 W, 29
2026/10/08 03:44:34.763, 0, 2032 MHz, 3996 MHz, 242.55 W, 36
2026/10/08 03:44:34.763, 1, 120 MHz, 3996 MHz, 186.85 W, 36
2026/10/08 03:44:34.763, 2, 2032 MHz, 3996 MHz, 236.66 W, 32
2026/10/08 03:44:34.763, 3, 2032 MHz, 3996 MHz, 236.70 W, 32
2026/10/08 03:44:34.763, 4, 2032 MHz, 3996 MHz, 244.34 W, 36
2026/10/08 03:44:34.763, 5, 2032 MHz, 3996 MHz, 235.50 W, 34
2026/10/08 03:44:34.763, 6, 2032 MHz, 3996 MHz, 245.24 W, 31
2026/10/08 03:44:34.763, 7, 2032 MHz, 3996 MHz, 236.70 W, 30
2026/10/08 03:44:35.764, 0, 2032 MHz, 3996 MHz, 242.55 W, 36
2026/10/08 03:44:35.764, 1, 120 MHz, 3996 MHz, 187.05 W, 36
2026/10/08 03:44:35.764, 2, 2032 MHz, 3996 MHz, 236.66 W, 32
2026/10/08 03:44:35.764, 3, 2032 MHz, 3996 MHz, 236.66 W, 32
2026/10/08 03:44:35.764, 4, 2032 MHz, 3996 MHz, 244.34 W, 36
2026/10/08 03:44:35.764, 5, 2032 MHz, 3996 MHz, 235.52 W, 34
2026/10/08 03:44:35.764, 6, 2032 MHz, 3996 MHz, 245.83 W, 31
2026/10/08 03:44:35.764, 7, 2032 MHz, 3996 MHz, 236.58 W, 30
2026/10/08 03:44:36.764, 0, 2032 MHz, 3996 MHz, 242.98 W, 36
2026/10/08 03:44:36.764, 1, 120 MHz, 3996 MHz, 186.73 W, 36
2026/10/08 03:44:36.764, 2, 2032 MHz, 3996 MHz, 236.66 W, 32
2026/10/08 03:44:36.764, 3, 2032 MHz, 3996 MHz, 236.70 W, 32
2026/10/08 03:44:36.764, 4, 2032 MHz, 3996 MHz, 244.34 W, 36
2026/10/08 03:44:36.764, 5, 2032 MHz, 3996 MHz, 235.47 W, 35
2026/10/08 03:44:36.764, 6, 2032 MHz, 3996 MHz, 245.89 W, 31
2026/10/08 03:44:36.764, 7, 2032 MHz, 3996 MHz, 236.74 W, 30
2026/10/08 03:44:37.764, 0, 2032 MHz, 3996 MHz, 242.56 W, 36
2026/10/08 03:44:37.764, 1, 120 MHz, 3996 MHz, 186.92 W, 36
2026/10/08 03:44:37.764, 2, 2032 MHz, 3996 MHz, 236.81 W, 32
2026/10/08 03:44:37.764, 3, 2017 MHz, 3996 MHz, 516.67 W, 40
2026/10/08 03:44:37.764, 4, 2032 MHz, 3996 MHz, 244.34 W, 36
2026/10/08 03:44:37.764, 5, 2032 MHz, 3996 MHz, 235.20 W, 35
2026/10/08 03:44:37.764, 6, 2032 MHz, 3996 MHz, 245.79 W, 31
2026/10/08 03:44:37.764, 7, 2032 MHz, 3996 MHz, 236.74 W, 30
2026/10/08 03:44:38.765, 0, 292 MHz, 3996 MHz, 193.12 W, 35
2026/10/08 03:44:38.765, 1, 120 MHz, 3996 MHz, 186.58 W, 36
2026/10/08 03:44:38.765, 2, 2032 MHz, 3996 MHz, 236.66 W, 32
2026/10/08 03:44:38.765, 3, 2032 MHz, 3996 MHz, 322.35 W, 33
2026/10/08 03:44:38.765, 4, 2032 MHz, 3996 MHz, 244.34 W, 36
2026/10/08 03:44:38.765, 5, 2032 MHz, 3996 MHz, 235.64 W, 35
2026/10/08 03:44:38.765, 6, 2032 MHz, 3996 MHz, 245.89 W, 31
2026/10/08 03:44:38.765, 7, 2032 MHz, 3996 MHz, 236.74 W, 30
2026/10/08 03:44:39.765, 0, 180 MHz, 3996 MHz, 187.34 W, 35
2026/10/08 03:44:39.765, 1, 120 MHz, 3996 MHz, 186.70 W, 36
2026/10/08 03:44:39.765, 2, 2032 MHz, 3996 MHz, 236.67 W, 32
2026/10/08 03:44:39.765, 3, 2032 MHz, 3996 MHz, 833.65 W, 41
2026/10/08 03:44:39.765, 4, 2032 MHz, 3996 MHz, 248.38 W, 36
2026/10/08 03:44:39.765, 5, 2032 MHz, 3996 MHz, 235.70 W, 35
2026/10/08 03:44:39.765, 6, 2032 MHz, 3996 MHz, 246.10 W, 31
2026/10/08 03:44:39.765, 7, 2032 MHz, 3996 MHz, 236.74 W, 30
2026/10/08 03:44:40.765, 0, 120 MHz, 3996 MHz, 186.41 W, 35
2026/10/08 03:44:40.765, 1, 120 MHz, 3996 MHz, 186.59 W, 36
2026/10/08 03:44:40.765, 2, 2032 MHz, 3996 MHz, 597.48 W, 35
2026/10/08 03:44:40.765, 3, 2032 MHz, 3996 MHz, 790.92 W, 41
2026/10/08 03:44:40.765, 4, 2032 MHz, 3996 MHz, 244.34 W, 36
2026/10/08 03:44:40.765, 5, 2032 MHz, 3996 MHz, 235.85 W, 35
2026/10/08 03:44:40.765, 6, 2032 MHz, 3996 MHz, 246.49 W, 31
2026/10/08 03:44:40.765, 7, 2032 MHz, 3996 MHz, 236.74 W, 30
2026/10/08 03:44:41.765, 0, 120 MHz, 3996 MHz, 186.41 W, 35
2026/10/08 03:44:41.765, 1, 120 MHz, 3996 MHz, 186.75 W, 36
2026/10/08 03:44:41.765, 2, 1365 MHz, 3996 MHz, 493.76 W, 46
2026/10/08 03:44:41.765, 3, 2032 MHz, 3996 MHz, 791.10 W, 42
2026/10/08 03:44:41.765, 4, 2032 MHz, 3996 MHz, 261.20 W, 37
2026/10/08 03:44:41.765, 5, 2032 MHz, 3996 MHz, 235.70 W, 35
2026/10/08 03:44:41.765, 6, 2032 MHz, 3996 MHz, 246.50 W, 31
2026/10/08 03:44:41.765, 7, 2032 MHz, 3996 MHz, 236.74 W, 30
2026/10/08 03:44:42.766, 0, 120 MHz, 3996 MHz, 186.41 W, 35
2026/10/08 03:44:42.766, 1, 120 MHz, 3996 MHz, 186.78 W, 36
2026/10/08 03:44:42.766, 2, 2032 MHz, 3996 MHz, 854.91 W, 41
2026/10/08 03:44:42.766, 3, 2032 MHz, 3996 MHz, 793.02 W, 42
2026/10/08 03:44:42.766, 4, 2032 MHz, 3996 MHz, 244.34 W, 37
2026/10/08 03:44:42.766, 5, 2032 MHz, 3996 MHz, 235.81 W, 35
2026/10/08 03:44:42.766, 6, 2032 MHz, 3996 MHz, 246.72 W, 31
2026/10/08 03:44:42.766, 7, 2032 MHz, 3996 MHz, 236.74 W, 30
2026/10/08 03:44:43.766, 0, 120 MHz, 3996 MHz, 186.41 W, 35
2026/10/08 03:44:43.766, 1, 120 MHz, 3996 MHz, 186.75 W, 36
2026/10/08 03:44:43.766, 2, 2032 MHz, 3996 MHz, 790.67 W, 41
2026/10/08 03:44:43.766, 3, 1342 MHz, 3996 MHz, 957.85 W, 52
2026/10/08 03:44:43.766, 4, 2032 MHz, 3996 MHz, 244.34 W, 37
2026/10/08 03:44:43.766, 5, 2032 MHz, 3996 MHz, 235.56 W, 35
2026/10/08 03:44:43.766, 6, 2032 MHz, 3996 MHz, 246.57 W, 31
2026/10/08 03:44:43.766, 7, 2032 MHz, 3996 MHz, 238.92 W, 30
2026/10/08 03:44:44.766, 0, 120 MHz, 3996 MHz, 186.41 W, 35
2026/10/08 03:44:44.766, 1, 120 MHz, 3996 MHz, 186.67 W, 36
2026/10/08 03:44:44.766, 2, 2032 MHz, 3996 MHz, 797.85 W, 42
2026/10/08 03:44:44.766, 3, 2032 MHz, 3996 MHz, 790.27 W, 43
2026/10/08 03:44:44.766, 4, 2032 MHz, 3996 MHz, 244.42 W, 37
2026/10/08 03:44:44.766, 5, 2032 MHz, 3996 MHz, 235.62 W, 35
2026/10/08 03:44:44.766, 6, 2032 MHz, 3996 MHz, 246.73 W, 32
2026/10/08 03:44:44.766, 7, 2032 MHz, 3996 MHz, 236.74 W, 30
2026/10/08 03:44:45.766, 0, 120 MHz, 3996 MHz, 186.41 W, 35
2026/10/08 03:44:45.766, 1, 120 MHz, 3996 MHz, 186.94 W, 36
2026/10/08 03:44:45.766, 2, 2032 MHz, 3996 MHz, 798.80 W, 42
2026/10/08 03:44:45.766, 3, 2032 MHz, 3996 MHz, 792.30 W, 43
2026/10/08 03:44:45.766, 4, 2032 MHz, 3996 MHz, 244.38 W, 37
2026/10/08 03:44:45.766, 5, 2032 MHz, 3996 MHz, 235.70 W, 35
2026/10/08 03:44:45.766, 6, 2032 MHz, 3996 MHz, 247.01 W, 32
2026/10/08 03:44:45.766, 7, 2032 MHz, 3996 MHz, 236.74 W, 30
2026/10/08 03:44:46.767, 0, 120 MHz, 3996 MHz, 186.41 W, 35
2026/10/08 03:44:46.767, 1, 120 MHz, 3996 MHz, 186.82 W, 37
2026/10/08 03:44:46.767, 2, 2032 MHz, 3996 MHz, 946.06 W, 43
2026/10/08 03:44:46.767, 3, 2032 MHz, 3996 MHz, 797.58 W, 44
2026/10/08 03:44:46.767, 4, 2032 MHz, 3996 MHz, 244.34 W, 37
2026/10/08 03:44:46.767, 5, 2032 MHz, 3996 MHz, 235.82 W, 35
2026/10/08 03:44:46.767, 6, 2032 MHz, 3996 MHz, 246.76 W, 32
2026/10/08 03:44:46.767, 7, 2032 MHz, 3996 MHz, 236.74 W, 30
2026/10/08 03:44:47.767, 0, 120 MHz, 3996 MHz, 186.49 W, 35
2026/10/08 03:44:47.767, 1, 120 MHz, 3996 MHz, 186.71 W, 37
2026/10/08 03:44:47.767, 2, 2032 MHz, 3996 MHz, 793.89 W, 43
2026/10/08 03:44:47.767, 3, 1357 MHz, 3996 MHz, 877.04 W, 53
2026/10/08 03:44:47.767, 4, 2032 MHz, 3996 MHz, 244.34 W, 37
2026/10/08 03:44:47.767, 5, 2032 MHz, 3996 MHz, 237.91 W, 35
2026/10/08 03:44:47.767, 6, 2032 MHz, 3996 MHz, 246.77 W, 32
2026/10/08 03:44:47.767, 7, 2032 MHz, 3996 MHz, 236.74 W, 30
2026/10/08 03:44:48.767, 0, 120 MHz, 3996 MHz, 186.41 W, 35
2026/10/08 03:44:48.767, 1, 120 MHz, 3996 MHz, 186.79 W, 37
2026/10/08 03:44:48.767, 2, 2032 MHz, 3996 MHz, 795.70 W, 43
2026/10/08 03:44:48.767, 3, 2032 MHz, 3996 MHz, 871.83 W, 45
2026/10/08 03:44:48.767, 4, 2032 MHz, 3996 MHz, 244.34 W, 37
2026/10/08 03:44:48.767, 5, 2032 MHz, 3996 MHz, 236.51 W, 35
2026/10/08 03:44:48.767, 6, 2032 MHz, 3996 MHz, 246.76 W, 32
2026/10/08 03:44:48.767, 7, 2032 MHz, 3996 MHz, 236.74 W, 30
2026/10/08 03:44:49.767, 0, 120 MHz, 3996 MHz, 186.45 W, 35
2026/10/08 03:44:49.768, 1, 120 MHz, 3996 MHz, 187.16 W, 37
2026/10/08 03:44:49.768, 2, 2032 MHz, 3996 MHz, 798.72 W, 44
2026/10/08 03:44:49.768, 3, 2032 MHz, 3996 MHz, 795.98 W, 45
2026/10/08 03:44:49.768, 4, 2032 MHz, 3996 MHz, 244.34 W, 37
2026/10/08 03:44:49.768, 5, 2032 MHz, 3996 MHz, 236.46 W, 35
2026/10/08 03:44:49.768, 6, 2032 MHz, 3996 MHz, 246.76 W, 32
2026/10/08 03:44:49.768, 7, 2032 MHz, 3996 MHz, 236.74 W, 30
2026/10/08 03:44:50.768, 0, 120 MHz, 3996 MHz, 186.45 W, 35
2026/10/08 03:44:50.768, 1, 120 MHz, 3996 MHz, 186.91 W, 37
2026/10/08 03:44:50.768, 2, 1950 MHz, 3996 MHz, 942.27 W, 47
2026/10/08 03:44:50.768, 3, 2032 MHz, 3996 MHz, 797.44 W, 45
2026/10/08 03:44:50.768, 4, 2032 MHz, 3996 MHz, 244.34 W, 37
2026/10/08 03:44:50.768, 5, 2032 MHz, 3996 MHz, 236.53 W, 35
2026/10/08 03:44:50.768, 6, 2032 MHz, 3996 MHz, 246.77 W, 32
2026/10/08 03:44:50.768, 7, 2032 MHz, 3996 MHz, 236.74 W, 31
2026/10/08 03:44:51.768, 0, 120 MHz, 3996 MHz, 186.49 W, 35
2026/10/08 03:44:51.768, 1, 120 MHz, 3996 MHz, 187.12 W, 37
2026/10/08 03:44:51.768, 2, 2032 MHz, 3996 MHz, 793.92 W, 44
2026/10/08 03:44:51.768, 3, 2032 MHz, 3996 MHz, 798.74 W, 45
2026/10/08 03:44:51.768, 4, 2032 MHz, 3996 MHz, 244.34 W, 37
2026/10/08 03:44:51.768, 5, 2032 MHz, 3996 MHz, 236.58 W, 35
2026/10/08 03:44:51.768, 6, 2032 MHz, 3996 MHz, 246.76 W, 32
2026/10/08 03:44:51.768, 7, 2032 MHz, 3996 MHz, 236.74 W, 31
2026/10/08 03:44:52.768, 0, 120 MHz, 3996 MHz, 186.49 W, 35
2026/10/08 03:44:52.768, 1, 120 MHz, 3996 MHz, 187.41 W, 37
2026/10/08 03:44:52.768, 2, 2032 MHz, 3996 MHz, 800.13 W, 45
2026/10/08 03:44:52.768, 3, 2032 MHz, 3996 MHz, 942.33 W, 46
2026/10/08 03:44:52.768, 4, 2032 MHz, 3996 MHz, 244.34 W, 37
2026/10/08 03:44:52.768, 5, 2032 MHz, 3996 MHz, 236.52 W, 35
2026/10/08 03:44:52.768, 6, 2032 MHz, 3996 MHz, 246.76 W, 32
2026/10/08 03:44:52.768, 7, 2032 MHz, 3996 MHz, 236.74 W, 31
2026/10/08 03:44:53.769, 0, 120 MHz, 3996 MHz, 186.60 W, 35
2026/10/08 03:44:53.769, 1, 120 MHz, 3996 MHz, 187.33 W, 37
2026/10/08 03:44:53.769, 2, 2032 MHz, 3996 MHz, 800.43 W, 45
2026/10/08 03:44:53.769, 3, 2032 MHz, 3996 MHz, 803.02 W, 46
2026/10/08 03:44:53.769, 4, 2032 MHz, 3996 MHz, 244.34 W, 37
2026/10/08 03:44:53.769, 5, 2032 MHz, 3996 MHz, 236.53 W, 35
2026/10/08 03:44:53.769, 6, 2032 MHz, 3996 MHz, 246.77 W, 32
2026/10/08 03:44:53.769, 7, 2032 MHz, 3996 MHz, 236.74 W, 31
2026/10/08 03:44:54.769, 0, 120 MHz, 3996 MHz, 186.41 W, 35
2026/10/08 03:44:54.769, 1, 120 MHz, 3996 MHz, 187.47 W, 37
2026/10/08 03:44:54.769, 2, 1342 MHz, 3996 MHz, 901.12 W, 54
2026/10/08 03:44:54.769, 3, 2032 MHz, 3996 MHz, 798.94 W, 46
2026/10/08 03:44:54.769, 4, 2032 MHz, 3996 MHz, 244.34 W, 37
2026/10/08 03:44:54.769, 5, 2032 MHz, 3996 MHz, 236.54 W, 35
2026/10/08 03:44:54.769, 6, 2032 MHz, 3996 MHz, 246.77 W, 32
2026/10/08 03:44:54.769, 7, 2032 MHz, 3996 MHz, 236.74 W, 31
2026/10/08 03:44:55.769, 0, 120 MHz, 3996 MHz, 186.56 W, 35
2026/10/08 03:44:55.769, 1, 120 MHz, 3996 MHz, 187.64 W, 37
2026/10/08 03:44:55.769, 2, 2032 MHz, 3996 MHz, 856.03 W, 46
2026/10/08 03:44:55.769, 3, 2032 MHz, 3996 MHz, 802.24 W, 46
2026/10/08 03:44:55.769, 4, 2032 MHz, 3996 MHz, 244.34 W, 37
2026/10/08 03:44:55.769, 5, 2032 MHz, 3996 MHz, 236.54 W, 35
2026/10/08 03:44:55.769, 6, 2032 MHz, 3996 MHz, 246.76 W, 32
2026/10/08 03:44:55.769, 7, 2032 MHz, 3996 MHz, 236.74 W, 31
2026/10/08 03:44:56.770, 0, 120 MHz, 3996 MHz, 186.56 W, 35
2026/10/08 03:44:56.770, 1, 120 MHz, 3996 MHz, 187.85 W, 37
2026/10/08 03:44:56.770, 2, 2032 MHz, 3996 MHz, 798.06 W, 45
2026/10/08 03:44:56.770, 3, 1987 MHz, 3996 MHz, 949.12 W, 48
2026/10/08 03:44:56.770, 4, 2032 MHz, 3996 MHz, 244.34 W, 37
2026/10/08 03:44:56.770, 5, 2032 MHz, 3996 MHz, 236.54 W, 35
2026/10/08 03:44:56.770, 6, 2032 MHz, 3996 MHz, 246.76 W, 32
2026/10/08 03:44:56.770, 7, 2032 MHz, 3996 MHz, 236.74 W, 31
2026/10/08 03:44:57.770, 0, 120 MHz, 3996 MHz, 186.79 W, 35
2026/10/08 03:44:57.770, 1, 120 MHz, 3996 MHz, 187.96 W, 37
2026/10/08 03:44:57.770, 2, 2032 MHz, 3996 MHz, 800.74 W, 46
2026/10/08 03:44:57.770, 3, 2032 MHz, 3996 MHz, 797.61 W, 47
2026/10/08 03:44:57.770, 4, 2032 MHz, 3996 MHz, 244.34 W, 37
2026/10/08 03:44:57.770, 5, 2032 MHz, 3996 MHz, 236.54 W, 35
2026/10/08 03:44:57.770, 6, 2032 MHz, 3996 MHz, 246.76 W, 32
2026/10/08 03:44:57.770, 7, 2032 MHz, 3996 MHz, 236.74 W, 31
2026/10/08 03:44:58.770, 0, 120 MHz, 3996 MHz, 187.07 W, 36
2026/10/08 03:44:58.771, 1, 120 MHz, 3996 MHz, 188.11 W, 37
2026/10/08 03:44:58.771, 2, 2032 MHz, 3996 MHz, 804.26 W, 46
2026/10/08 03:44:58.771, 3, 2032 MHz, 3996 MHz, 797.58 W, 47
2026/10/08 03:44:58.771, 4, 2032 MHz, 3996 MHz, 244.34 W, 37
2026/10/08 03:44:58.771, 5, 2032 MHz, 3996 MHz, 236.54 W, 35
2026/10/08 03:44:58.771, 6, 2032 MHz, 3996 MHz, 246.74 W, 32
2026/10/08 03:44:58.771, 7, 2032 MHz, 3996 MHz, 239.21 W, 31
2026/10/08 03:44:59.771, 0, 120 MHz, 3996 MHz, 186.92 W, 36
2026/10/08 03:44:59.771, 1, 120 MHz, 3996 MHz, 188.07 W, 37
2026/10/08 03:44:59.771, 2, 2032 MHz, 3996 MHz, 953.30 W, 47
2026/10/08 03:44:59.771, 3, 2032 MHz, 3996 MHz, 801.85 W, 47
2026/10/08 03:44:59.771, 4, 2032 MHz, 3996 MHz, 244.34 W, 37
2026/10/08 03:44:59.771, 5, 2032 MHz, 3996 MHz, 236.57 W, 36
2026/10/08 03:44:59.771, 6, 2032 MHz, 3996 MHz, 246.76 W, 32
2026/10/08 03:44:59.771, 7, 2032 MHz, 3996 MHz, 238.45 W, 31
2026/10/08 03:45:00.771, 0, 120 MHz, 3996 MHz, 187.59 W, 36
2026/10/08 03:45:00.771, 1, 120 MHz, 3996 MHz, 188.23 W, 37
2026/10/08 03:45:00.771, 2, 2032 MHz, 3996 MHz, 803.27 W, 47
2026/10/08 03:45:00.771, 3, 1357 MHz, 3996 MHz, 907.43 W, 56
2026/10/08 03:45:00.771, 4, 2032 MHz, 3996 MHz, 244.34 W, 37
2026/10/08 03:45:00.771, 5, 2032 MHz, 3996 MHz, 236.61 W, 36
2026/10/08 03:45:00.771, 6, 2032 MHz, 3996 MHz, 247.04 W, 32
2026/10/08 03:45:00.771, 7, 2032 MHz, 3996 MHz, 238.25 W, 31
2026/10/08 03:45:01.772, 0, 120 MHz, 3996 MHz, 187.57 W, 36
2026/10/08 03:45:01.772, 1, 120 MHz, 3996 MHz, 188.15 W, 37
2026/10/08 03:45:01.772, 2, 2032 MHz, 3996 MHz, 804.82 W, 47
2026/10/08 03:45:01.772, 3, 2032 MHz, 3996 MHz, 839.05 W, 48
2026/10/08 03:45:01.772, 4, 2032 MHz, 3996 MHz, 244.34 W, 37
2026/10/08 03:45:01.772, 5, 2032 MHz, 3996 MHz, 236.55 W, 36
2026/10/08 03:45:01.772, 6, 2032 MHz, 3996 MHz, 247.67 W, 32
2026/10/08 03:45:01.772, 7, 2032 MHz, 3996 MHz, 238.45 W, 31
2026/10/08 03:45:02.772, 0, 120 MHz, 3996 MHz, 187.73 W, 36
2026/10/08 03:45:02.772, 1, 120 MHz, 3996 MHz, 188.23 W, 38
2026/10/08 03:45:02.772, 2, 2032 MHz, 3996 MHz, 803.50 W, 47
2026/10/08 03:45:02.772, 3, 2032 MHz, 3996 MHz, 796.97 W, 48
2026/10/08 03:45:02.772, 4, 2032 MHz, 3996 MHz, 244.34 W, 37
2026/10/08 03:45:02.772, 5, 2032 MHz, 3996 MHz, 237.50 W, 36
2026/10/08 03:45:02.772, 6, 2032 MHz, 3996 MHz, 247.95 W, 33
2026/10/08 03:45:02.772, 7, 2032 MHz, 3996 MHz, 238.49 W, 31
2026/10/08 03:45:03.772, 0, 120 MHz, 3996 MHz, 188.01 W, 36
2026/10/08 03:45:03.772, 1, 120 MHz, 3996 MHz, 188.23 W, 38
2026/10/08 03:45:03.772, 2, 2032 MHz, 3996 MHz, 953.82 W, 49
2026/10/08 03:45:03.772, 3, 2032 MHz, 3996 MHz, 801.22 W, 48
2026/10/08 03:45:03.773, 4, 2032 MHz, 3996 MHz, 244.34 W, 37
2026/10/08 03:45:03.773, 5, 2032 MHz, 3996 MHz, 236.94 W, 36
2026/10/08 03:45:03.773, 6, 2032 MHz, 3996 MHz, 247.89 W, 33
2026/10/08 03:45:03.773, 7, 2032 MHz, 3996 MHz, 238.60 W, 31
2026/10/08 03:45:04.773, 0, 120 MHz, 3996 MHz, 188.16 W, 36
2026/10/08 03:45:04.773, 1, 120 MHz, 3996 MHz, 188.23 W, 38
2026/10/08 03:45:04.773, 2, 2032 MHz, 3996 MHz, 799.87 W, 47
2026/10/08 03:45:04.773, 3, 2032 MHz, 3996 MHz, 809.29 W, 54
2026/10/08 03:45:04.773, 4, 2032 MHz, 3996 MHz, 244.34 W, 37
2026/10/08 03:45:04.773, 5, 2032 MHz, 3996 MHz, 237.12 W, 36
2026/10/08 03:45:04.773, 6, 2032 MHz, 3996 MHz, 247.90 W, 33
2026/10/08 03:45:04.773, 7, 2032 MHz, 3996 MHz, 238.64 W, 31
2026/10/08 03:45:05.773, 0, 120 MHz, 3996 MHz, 188.20 W, 36
2026/10/08 03:45:05.773, 1, 120 MHz, 3996 MHz, 188.23 W, 38
2026/10/08 03:45:05.773, 2, 2032 MHz, 3996 MHz, 804.14 W, 48
2026/10/08 03:45:05.773, 3, 2032 MHz, 3996 MHz, 951.75 W, 49
2026/10/08 03:45:05.773, 4, 2032 MHz, 3996 MHz, 244.34 W, 38
2026/10/08 03:45:05.773, 5, 2032 MHz, 3996 MHz, 237.25 W, 36
2026/10/08 03:45:05.773, 6, 2032 MHz, 3996 MHz, 248.25 W, 33
2026/10/08 03:45:05.773, 7, 2032 MHz, 3996 MHz, 261.60 W, 32
2026/10/08 03:45:06.773, 0, 120 MHz, 3996 MHz, 188.31 W, 36
2026/10/08 03:45:06.773, 1, 120 MHz, 3996 MHz, 188.23 W, 38
2026/10/08 03:45:06.773, 2, 2032 MHz, 3996 MHz, 803.04 W, 48
2026/10/08 03:45:06.773, 3, 2032 MHz, 3996 MHz, 801.63 W, 48
2026/10/08 03:45:06.773, 4, 2032 MHz, 3996 MHz, 244.34 W, 38
2026/10/08 03:45:06.773, 5, 2032 MHz, 3996 MHz, 237.20 W, 36
2026/10/08 03:45:06.773, 6, 2032 MHz, 3996 MHz, 248.12 W, 33
2026/10/08 03:45:06.773, 7, 2032 MHz, 3996 MHz, 237.31 W, 32
2026/10/08 03:45:07.774, 0, 120 MHz, 3996 MHz, 188.31 W, 36
2026/10/08 03:45:07.774, 1, 120 MHz, 3996 MHz, 188.23 W, 38
2026/10/08 03:45:07.774, 2, 1297 MHz, 3996 MHz, 930.77 W, 57
2026/10/08 03:45:07.774, 3, 2032 MHz, 3996 MHz, 806.15 W, 49
2026/10/08 03:45:07.774, 4, 2032 MHz, 3996 MHz, 244.34 W, 38
2026/10/08 03:45:07.774, 5, 2032 MHz, 3996 MHz, 237.14 W, 36
2026/10/08 03:45:07.774, 6, 2032 MHz, 3996 MHz, 251.92 W, 33
2026/10/08 03:45:07.774, 7, 2032 MHz, 3996 MHz, 256.74 W, 32
2026/10/08 03:45:08.774, 0, 120 MHz, 3996 MHz, 188.31 W, 37
2026/10/08 03:45:08.774, 1, 120 MHz, 3996 MHz, 188.23 W, 38
2026/10/08 03:45:08.774, 2, 2032 MHz, 3996 MHz, 825.88 W, 48
2026/10/08 03:45:08.774, 3, 2032 MHz, 3996 MHz, 806.24 W, 49
2026/10/08 03:45:08.774, 4, 2032 MHz, 3996 MHz, 244.34 W, 38
2026/10/08 03:45:08.774, 5, 2032 MHz, 3996 MHz, 237.14 W, 36
2026/10/08 03:45:08.774, 6, 2032 MHz, 3996 MHz, 246.82 W, 33
2026/10/08 03:45:08.774, 7, 2032 MHz, 3996 MHz, 238.68 W, 32
2026/10/08 03:45:09.774, 0, 120 MHz, 3996 MHz, 186.91 W, 37
2026/10/08 03:45:09.774, 1, 120 MHz, 3996 MHz, 188.23 W, 38
2026/10/08 03:45:09.774, 2, 2032 MHz, 3996 MHz, 801.97 W, 48
2026/10/08 03:45:09.774, 3, 2032 MHz, 3996 MHz, 940.52 W, 50
2026/10/08 03:45:09.774, 4, 2032 MHz, 3996 MHz, 244.27 W, 38
2026/10/08 03:45:09.774, 5, 2032 MHz, 3996 MHz, 255.10 W, 36
2026/10/08 03:45:09.774, 6, 2032 MHz, 3996 MHz, 266.01 W, 33
2026/10/08 03:45:09.774, 7, 2032 MHz, 3996 MHz, 238.62 W, 32
2026/10/08 03:45:10.775, 0, 120 MHz, 3996 MHz, 186.95 W, 37
2026/10/08 03:45:10.775, 1, 120 MHz, 3996 MHz, 188.23 W, 38
2026/10/08 03:45:10.775, 2, 2032 MHz, 3996 MHz, 807.96 W, 48
2026/10/08 03:45:10.775, 3, 2032 MHz, 3996 MHz, 801.06 W, 49
2026/10/08 03:45:10.775, 4, 2032 MHz, 3996 MHz, 244.34 W, 38
2026/10/08 03:45:10.775, 5, 2032 MHz, 3996 MHz, 236.74 W, 36
2026/10/08 03:45:10.775, 6, 2032 MHz, 3996 MHz, 248.71 W, 33
2026/10/08 03:45:10.775, 7, 2032 MHz, 3996 MHz, 238.60 W, 32
2026/10/08 03:45:11.775, 0, 120 MHz, 3996 MHz, 187.25 W, 37
2026/10/08 03:45:11.775, 1, 120 MHz, 3996 MHz, 188.23 W, 38
2026/10/08 03:45:11.775, 2, 1530 MHz, 3996 MHz, 821.39 W, 49
2026/10/08 03:45:11.775, 3, 2032 MHz, 3996 MHz, 803.56 W, 49
2026/10/08 03:45:11.775, 4, 2032 MHz, 3996 MHz, 244.32 W, 38
2026/10/08 03:45:11.775, 5, 2032 MHz, 3996 MHz, 253.74 W, 36
2026/10/08 03:45:11.775, 6, 2032 MHz, 3996 MHz, 248.65 W, 33
2026/10/08 03:45:11.775, 7, 2032 MHz, 3996 MHz, 238.76 W, 32
2026/10/08 03:45:12.775, 0, 120 MHz, 3996 MHz, 187.33 W, 37
2026/10/08 03:45:12.775, 1, 120 MHz, 3996 MHz, 188.23 W, 39
2026/10/08 03:45:12.775, 2, 2032 MHz, 3996 MHz, 939.48 W, 49
2026/10/08 03:45:12.775, 3, 2032 MHz, 3996 MHz, 806.18 W, 49
2026/10/08 03:45:12.775, 4, 2032 MHz, 3996 MHz, 244.34 W, 38
2026/10/08 03:45:12.775, 5, 2032 MHz, 3996 MHz, 237.49 W, 36
2026/10/08 03:45:12.775, 6, 2032 MHz, 3996 MHz, 248.70 W, 33
2026/10/08 03:45:12.775, 7, 2032 MHz, 3996 MHz, 238.68 W, 32
2026/10/08 03:45:13.775, 0, 120 MHz, 3996 MHz, 187.85 W, 37
2026/10/08 03:45:13.776, 1, 120 MHz, 3996 MHz, 188.23 W, 39
2026/10/08 03:45:13.776, 2, 2032 MHz, 3996 MHz, 802.49 W, 49
2026/10/08 03:45:13.776, 3, 1290 MHz, 3996 MHz, 935.47 W, 59
2026/10/08 03:45:13.776, 4, 2032 MHz, 3996 MHz, 244.34 W, 38
2026/10/08 03:45:13.776, 5, 2032 MHz, 3996 MHz, 237.18 W, 36
2026/10/08 03:45:13.776, 6, 2032 MHz, 3996 MHz, 248.72 W, 33
2026/10/08 03:45:13.776, 7, 2032 MHz, 3996 MHz, 238.68 W, 32
2026/10/08 03:45:14.776, 0, 120 MHz, 3996 MHz, 187.77 W, 37
2026/10/08 03:45:14.776, 1, 120 MHz, 3996 MHz, 188.23 W, 39
2026/10/08 03:45:14.776, 2, 2032 MHz, 3996 MHz, 808.29 W, 49
2026/10/08 03:45:14.776, 3, 2032 MHz, 3996 MHz, 807.14 W, 50
2026/10/08 03:45:14.776, 4, 2032 MHz, 3996 MHz, 244.34 W, 38
2026/10/08 03:45:14.776, 5, 2032 MHz, 3996 MHz, 237.28 W, 36
2026/10/08 03:45:14.776, 6, 2032 MHz, 3996 MHz, 248.35 W, 33
2026/10/08 03:45:14.776, 7, 2032 MHz, 3996 MHz, 238.64 W, 32
2026/10/08 03:45:15.776, 0, 120 MHz, 3996 MHz, 187.86 W, 37
2026/10/08 03:45:15.776, 1, 120 MHz, 3996 MHz, 188.23 W, 39
2026/10/08 03:45:15.776, 2, 2032 MHz, 3996 MHz, 808.95 W, 49
2026/10/08 03:45:15.776, 3, 2032 MHz, 3996 MHz, 801.12 W, 50
2026/10/08 03:45:15.776, 4, 2032 MHz, 3996 MHz, 244.34 W, 38
2026/10/08 03:45:15.776, 5, 2032 MHz, 3996 MHz, 237.61 W, 36
2026/10/08 03:45:15.776, 6, 2032 MHz, 3996 MHz, 248.31 W, 33
2026/10/08 03:45:15.776, 7, 2032 MHz, 3996 MHz, 238.68 W, 32
2026/10/08 03:45:16.776, 0, 120 MHz, 3996 MHz, 188.23 W, 37
2026/10/08 03:45:16.776, 1, 120 MHz, 3996 MHz, 188.23 W, 39
2026/10/08 03:45:16.776, 2, 2032 MHz, 3996 MHz, 955.05 W, 51
2026/10/08 03:45:16.776, 3, 2032 MHz, 3996 MHz, 804.57 W, 50
2026/10/08 03:45:16.776, 4, 2032 MHz, 3996 MHz, 244.34 W, 38
2026/10/08 03:45:16.776, 5, 2032 MHz, 3996 MHz, 237.08 W, 36
2026/10/08 03:45:16.776, 6, 2032 MHz, 3996 MHz, 248.09 W, 33
2026/10/08 03:45:16.776, 7, 2032 MHz, 3996 MHz, 238.68 W, 32
2026/10/08 03:45:17.777, 0, 120 MHz, 3996 MHz, 188.35 W, 38
2026/10/08 03:45:17.777, 1, 120 MHz, 3996 MHz, 188.23 W, 39
2026/10/08 03:45:17.777, 2, 2032 MHz, 3996 MHz, 804.24 W, 50
2026/10/08 03:45:17.777, 3, 1440 MHz, 3996 MHz, 852.89 W, 58
2026/10/08 03:45:17.777, 4, 2032 MHz, 3996 MHz, 244.34 W, 38
2026/10/08 03:45:17.777, 5, 2032 MHz, 3996 MHz, 236.97 W, 36
2026/10/08 03:45:17.777, 6, 2032 MHz, 3996 MHz, 248.20 W, 33
2026/10/08 03:45:17.777, 7, 2032 MHz, 3996 MHz, 238.68 W, 32
2026/10/08 03:45:18.777, 0, 120 MHz, 3996 MHz, 188.27 W, 38
2026/10/08 03:45:18.777, 1, 120 MHz, 3996 MHz, 188.23 W, 39
2026/10/08 03:45:18.777, 2, 2032 MHz, 3996 MHz, 804.75 W, 50
2026/10/08 03:45:18.777, 3, 2032 MHz, 3996 MHz, 915.40 W, 51
2026/10/08 03:45:18.777, 4, 2032 MHz, 3996 MHz, 244.34 W, 38
2026/10/08 03:45:18.777, 5, 2032 MHz, 3996 MHz, 236.92 W, 36
2026/10/08 03:45:18.777, 6, 2032 MHz, 3996 MHz, 248.17 W, 33
2026/10/08 03:45:18.777, 7, 2032 MHz, 3996 MHz, 238.68 W, 32
2026/10/08 03:45:19.777, 0, 120 MHz, 3996 MHz, 188.31 W, 38
2026/10/08 03:45:19.777, 1, 120 MHz, 3996 MHz, 188.23 W, 39
2026/10/08 03:45:19.777, 2, 2032 MHz, 3996 MHz, 809.12 W, 50
2026/10/08 03:45:19.777, 3, 2032 MHz, 3996 MHz, 804.06 W, 50
2026/10/08 03:45:19.777, 4, 2032 MHz, 3996 MHz, 244.34 W, 38
2026/10/08 03:45:19.777, 5, 2032 MHz, 3996 MHz, 236.86 W, 36
2026/10/08 03:45:19.778, 6, 2032 MHz, 3996 MHz, 248.20 W, 34
2026/10/08 03:45:19.778, 7, 2032 MHz, 3996 MHz, 238.68 W, 32
2026/10/08 03:45:20.778, 0, 120 MHz, 3996 MHz, 188.35 W, 38
2026/10/08 03:45:20.778, 1, 120 MHz, 3996 MHz, 188.23 W, 39
2026/10/08 03:45:20.778, 2, 1282 MHz, 3996 MHz, 936.07 W, 59
2026/10/08 03:45:20.778, 3, 2032 MHz, 3996 MHz, 807.97 W, 51
2026/10/08 03:45:20.778, 4, 2032 MHz, 3996 MHz, 244.34 W, 38
2026/10/08 03:45:20.778, 5, 2032 MHz, 3996 MHz, 237.05 W, 37
2026/10/08 03:45:20.778, 6, 2032 MHz, 3996 MHz, 248.32 W, 34
2026/10/08 03:45:20.778, 7, 2032 MHz, 3996 MHz, 238.68 W, 32
2026/10/08 03:45:21.778, 0, 120 MHz, 3996 MHz, 188.35 W, 38
2026/10/08 03:45:21.778, 1, 120 MHz, 3996 MHz, 188.23 W, 39
2026/10/08 03:45:21.778, 2, 2032 MHz, 3996 MHz, 828.07 W, 50
2026/10/08 03:45:21.778, 3, 2032 MHz, 3996 MHz, 809.62 W, 51
2026/10/08 03:45:21.778, 4, 2032 MHz, 3996 MHz, 244.38 W, 38
2026/10/08 03:45:21.778, 5, 2032 MHz, 3996 MHz, 237.28 W, 37
2026/10/08 03:45:21.778, 6, 2032 MHz, 3996 MHz, 248.47 W, 34
2026/10/08 03:45:21.778, 7, 2032 MHz, 3996 MHz, 238.68 W, 32
2026/10/08 03:45:22.778, 0, 120 MHz, 3996 MHz, 188.35 W, 38
2026/10/08 03:45:22.778, 1, 120 MHz, 3996 MHz, 188.23 W, 40
2026/10/08 03:45:22.778, 2, 2032 MHz, 3996 MHz, 801.95 W, 50
2026/10/08 03:45:22.778, 3, 2032 MHz, 3996 MHz, 368.59 W, 44
2026/10/08 03:45:22.778, 4, 2032 MHz, 3996 MHz, 244.34 W, 38
2026/10/08 03:45:22.778, 5, 2032 MHz, 3996 MHz, 237.03 W, 37
2026/10/08 03:45:22.778, 6, 2032 MHz, 3996 MHz, 248.51 W, 34
2026/10/08 03:45:22.778, 7, 2032 MHz, 3996 MHz, 238.68 W, 32
2026/10/08 03:45:23.779, 0, 120 MHz, 3996 MHz, 188.35 W, 38
2026/10/08 03:45:23.779, 1, 120 MHz, 3996 MHz, 188.26 W, 40
2026/10/08 03:45:23.779, 2, 2032 MHz, 3996 MHz, 808.60 W, 50
2026/10/08 03:45:23.779, 3, 2032 MHz, 3996 MHz, 257.75 W, 43
2026/10/08 03:45:23.779, 4, 2032 MHz, 3996 MHz, 244.49 W, 38
2026/10/08 03:45:23.779, 5, 2032 MHz, 3996 MHz, 237.10 W, 37
2026/10/08 03:45:23.779, 6, 2032 MHz, 3996 MHz, 248.66 W, 34
2026/10/08 03:45:23.779, 7, 2032 MHz, 3996 MHz, 238.68 W, 33
2026/10/08 03:45:24.779, 0, 120 MHz, 3996 MHz, 188.35 W, 38
2026/10/08 03:45:24.779, 1, 120 MHz, 3996 MHz, 188.23 W, 40
2026/10/08 03:45:24.779, 2, 2032 MHz, 3996 MHz, 765.18 W, 50
2026/10/08 03:45:24.779, 3, 2032 MHz, 3996 MHz, 244.71 W, 42
2026/10/08 03:45:24.779, 4, 2032 MHz, 3996 MHz, 244.41 W, 38
2026/10/08 03:45:24.779, 5, 2032 MHz, 3996 MHz, 236.89 W, 37
2026/10/08 03:45:24.779, 6, 2032 MHz, 3996 MHz, 248.49 W, 34
2026/10/08 03:45:24.779, 7, 2032 MHz, 3996 MHz, 238.68 W, 33
2026/10/08 03:45:25.779, 0, 120 MHz, 3996 MHz, 188.35 W, 38
2026/10/08 03:45:25.779, 1, 120 MHz, 3996 MHz, 188.26 W, 40
2026/10/08 03:45:25.779, 2, 2032 MHz, 3996 MHz, 250.90 W, 43
2026/10/08 03:45:25.779, 3, 2032 MHz, 3996 MHz, 245.22 W, 42
2026/10/08 03:45:25.779, 4, 2032 MHz, 3996 MHz, 244.45 W, 39
2026/10/08 03:45:25.779, 5, 2032 MHz, 3996 MHz, 236.83 W, 37
2026/10/08 03:45:25.779, 6, 2032 MHz, 3996 MHz, 248.70 W, 34
2026/10/08 03:45:25.779, 7, 2032 MHz, 3996 MHz, 238.68 W, 33
2026/10/08 03:45:26.779, 0, 120 MHz, 3996 MHz, 188.35 W, 39
2026/10/08 03:45:26.779, 1, 120 MHz, 3996 MHz, 188.54 W, 40
2026/10/08 03:45:26.779, 2, 2032 MHz, 3996 MHz, 253.79 W, 42
2026/10/08 03:45:26.780, 3, 2032 MHz, 3996 MHz, 244.45 W, 41
2026/10/08 03:45:26.780, 4, 2032 MHz, 3996 MHz, 244.41 W, 39
2026/10/08 03:45:26.780, 5, 2032 MHz, 3996 MHz, 237.05 W, 37
2026/10/08 03:45:26.780, 6, 2032 MHz, 3996 MHz, 248.69 W, 34
2026/10/08 03:45:26.780, 7, 2032 MHz, 3996 MHz, 238.68 W, 33
2026/10/08 03:45:27.780, 0, 120 MHz, 3996 MHz, 188.35 W, 39
2026/10/08 03:45:27.780, 1, 120 MHz, 3996 MHz, 188.62 W, 40
2026/10/08 03:45:27.780, 2, 2032 MHz, 3996 MHz, 244.01 W, 42
2026/10/08 03:45:27.780, 3, 480 MHz, 3996 MHz, 229.05 W, 40
2026/10/08 03:45:27.780, 4, 2032 MHz, 3996 MHz, 244.42 W, 39
2026/10/08 03:45:27.780, 5, 2032 MHz, 3996 MHz, 237.38 W, 37
2026/10/08 03:45:27.780, 6, 2032 MHz, 3996 MHz, 248.71 W, 34
2026/10/08 03:45:27.780, 7, 2032 MHz, 3996 MHz, 238.68 W, 33
2026/10/08 03:45:28.780, 0, 120 MHz, 3996 MHz, 188.35 W, 39
2026/10/08 03:45:28.780, 1, 120 MHz, 3996 MHz, 188.73 W, 40
2026/10/08 03:45:28.780, 2, 2032 MHz, 3996 MHz, 242.92 W, 41
2026/10/08 03:45:28.780, 3, 307 MHz, 3996 MHz, 190.50 W, 40
2026/10/08 03:45:28.780, 4, 2032 MHz, 3996 MHz, 244.45 W, 39
2026/10/08 03:45:28.780, 5, 2032 MHz, 3996 MHz, 237.35 W, 37
2026/10/08 03:45:28.780, 6, 2032 MHz, 3996 MHz, 248.68 W, 34
2026/10/08 03:45:28.780, 7, 2032 MHz, 3996 MHz, 238.68 W, 33
2026/10/08 03:45:29.780, 0, 120 MHz, 3996 MHz, 188.35 W, 39
2026/10/08 03:45:29.780, 1, 120 MHz, 3996 MHz, 189.02 W, 40
2026/10/08 03:45:29.780, 2, 525 MHz, 3996 MHz, 231.98 W, 40
2026/10/08 03:45:29.780, 3, 195 MHz, 3996 MHz, 188.54 W, 39
2026/10/08 03:45:29.780, 4, 2032 MHz, 3996 MHz, 244.87 W, 39
2026/10/08 03:45:29.780, 5, 2032 MHz, 3996 MHz, 237.59 W, 37
2026/10/08 03:45:29.780, 6, 2032 MHz, 3996 MHz, 248.69 W, 34
2026/10/08 03:45:29.780, 7, 2032 MHz, 3996 MHz, 238.71 W, 33
2026/10/08 03:45:30.781, 0, 120 MHz, 3996 MHz, 188.35 W, 39
2026/10/08 03:45:30.781, 1, 120 MHz, 3996 MHz, 189.16 W, 40
2026/10/08 03:45:30.781, 2, 330 MHz, 3996 MHz, 191.92 W, 40
2026/10/08 03:45:30.781, 3, 127 MHz, 3996 MHz, 188.01 W, 39
2026/10/08 03:45:30.781, 4, 2032 MHz, 3996 MHz, 245.35 W, 39
2026/10/08 03:45:30.781, 5, 2032 MHz, 3996 MHz, 237.79 W, 37
2026/10/08 03:45:30.781, 6, 2032 MHz, 3996 MHz, 248.69 W, 34
2026/10/08 03:45:30.781, 7, 2032 MHz, 3996 MHz, 238.72 W, 33
2026/10/08 03:45:31.781, 0, 120 MHz, 3996 MHz, 188.35 W, 39
2026/10/08 03:45:31.781, 1, 120 MHz, 3996 MHz, 189.62 W, 41
2026/10/08 03:45:31.781, 2, 210 MHz, 3996 MHz, 190.04 W, 40
2026/10/08 03:45:31.781, 3, 120 MHz, 3996 MHz, 188.01 W, 39
2026/10/08 03:45:31.781, 4, 2032 MHz, 3996 MHz, 245.00 W, 39
2026/10/08 03:45:31.781, 5, 2032 MHz, 3996 MHz, 237.32 W, 37
2026/10/08 03:45:31.781, 6, 2032 MHz, 3996 MHz, 248.67 W, 34
2026/10/08 03:45:31.781, 7, 2032 MHz, 3996 MHz, 238.68 W, 33
2026/10/08 03:45:32.781, 0, 120 MHz, 3996 MHz, 188.35 W, 39
2026/10/08 03:45:32.781, 1, 120 MHz, 3996 MHz, 189.63 W, 41
2026/10/08 03:45:32.781, 2, 135 MHz, 3996 MHz, 188.97 W, 39
2026/10/08 03:45:32.781, 3, 120 MHz, 3996 MHz, 188.01 W, 39
2026/10/08 03:45:32.781, 4, 2032 MHz, 3996 MHz, 244.87 W, 39
2026/10/08 03:45:32.781, 5, 2032 MHz, 3996 MHz, 237.72 W, 37
2026/10/08 03:45:32.781, 6, 2032 MHz, 3996 MHz, 248.67 W, 34
2026/10/08 03:45:32.781, 7, 2032 MHz, 3996 MHz, 238.75 W, 33
2026/10/08 03:45:33.782, 0, 120 MHz, 3996 MHz, 188.35 W, 39
2026/10/08 03:45:33.782, 1, 120 MHz, 3996 MHz, 189.89 W, 41
2026/10/08 03:45:33.782, 2, 120 MHz, 3996 MHz, 188.01 W, 39
2026/10/08 03:45:33.782, 3, 120 MHz, 3996 MHz, 188.01 W, 39
2026/10/08 03:45:33.782, 4, 2032 MHz, 3996 MHz, 245.00 W, 39
2026/10/08 03:45:33.782, 5, 2032 MHz, 3996 MHz, 237.24 W, 37
2026/10/08 03:45:33.782, 6, 2032 MHz, 3996 MHz, 248.69 W, 34
2026/10/08 03:45:33.782, 7, 2032 MHz, 3996 MHz, 238.68 W, 33
2026/10/08 03:45:34.782, 0, 120 MHz, 3996 MHz, 188.35 W, 39
2026/10/08 03:45:34.782, 1, 120 MHz, 3996 MHz, 190.09 W, 41
2026/10/08 03:45:34.782, 2, 120 MHz, 3996 MHz, 188.01 W, 39
2026/10/08 03:45:34.782, 3, 120 MHz, 3996 MHz, 188.01 W, 38
2026/10/08 03:45:34.782, 4, 2032 MHz, 3996 MHz, 245.36 W, 39
2026/10/08 03:45:34.782, 5, 2032 MHz, 3996 MHz, 237.97 W, 37
2026/10/08 03:45:34.782, 6, 2032 MHz, 3996 MHz, 248.69 W, 34
2026/10/08 03:45:34.782, 7, 2032 MHz, 3996 MHz, 238.68 W, 33
2026/10/08 03:45:35.782, 0, 120 MHz, 3996 MHz, 188.35 W, 39
2026/10/08 03:45:35.782, 1, 120 MHz, 3996 MHz, 189.94 W, 41
2026/10/08 03:45:35.782, 2, 120 MHz, 3996 MHz, 188.01 W, 39
2026/10/08 03:45:35.782, 3, 120 MHz, 3996 MHz, 188.01 W, 38
2026/10/08 03:45:35.782, 4, 2032 MHz, 3996 MHz, 245.42 W, 39
2026/10/08 03:45:35.782, 5, 2032 MHz, 3996 MHz, 238.13 W, 37
2026/10/08 03:45:35.782, 6, 2032 MHz, 3996 MHz, 248.67 W, 34
2026/10/08 03:45:35.782, 7, 2032 MHz, 3996 MHz, 238.68 W, 33
2026/10/08 03:45:36.782, 0, 120 MHz, 3996 MHz, 188.35 W, 39
2026/10/08 03:45:36.782, 1, 120 MHz, 3996 MHz, 190.05 W, 41
2026/10/08 03:45:36.782, 2, 120 MHz, 3996 MHz, 188.01 W, 38
2026/10/08 03:45:36.782, 3, 120 MHz, 3996 MHz, 187.77 W, 38
2026/10/08 03:45:36.782, 4, 2032 MHz, 3996 MHz, 245.25 W, 39
2026/10/08 03:45:36.782, 5, 2032 MHz, 3996 MHz, 238.31 W, 37
2026/10/08 03:45:36.783, 6, 2032 MHz, 3996 MHz, 248.67 W, 34
2026/10/08 03:45:36.783, 7, 2032 MHz, 3996 MHz, 238.72 W, 33
2026/10/08 03:45:37.783, 0, 120 MHz, 3996 MHz, 188.35 W, 39
2026/10/08 03:45:37.783, 1, 120 MHz, 3996 MHz, 190.13 W, 41
2026/10/08 03:45:37.783, 2, 120 MHz, 3996 MHz, 188.01 W, 38
2026/10/08 03:45:37.783, 3, 120 MHz, 3996 MHz, 187.93 W, 38
2026/10/08 03:45:37.783, 4, 2032 MHz, 3996 MHz, 245.29 W, 39
2026/10/08 03:45:37.783, 5, 2032 MHz, 3996 MHz, 238.05 W, 37
2026/10/08 03:45:37.783, 6, 2032 MHz, 3996 MHz, 248.68 W, 34
2026/10/08 03:45:37.783, 7, 2032 MHz, 3996 MHz, 238.68 W, 33
2026/10/08 03:45:38.783, 0, 120 MHz, 3996 MHz, 188.35 W, 39
2026/10/08 03:45:38.783, 1, 120 MHz, 3996 MHz, 190.17 W, 41
2026/10/08 03:45:38.783, 2, 120 MHz, 3996 MHz, 188.01 W, 38
2026/10/08 03:45:38.783, 3, 120 MHz, 3996 MHz, 187.47 W, 38
2026/10/08 03:45:38.783, 4, 2032 MHz, 3996 MHz, 245.97 W, 39
2026/10/08 03:45:38.783, 5, 2032 MHz, 3996 MHz, 238.03 W, 37
2026/10/08 03:45:38.783, 6, 2032 MHz, 3996 MHz, 248.69 W, 35
2026/10/08 03:45:38.783, 7, 2032 MHz, 3996 MHz, 238.72 W, 33
2026/10/08 03:45:39.783, 0, 120 MHz, 3996 MHz, 188.35 W, 39
2026/10/08 03:45:39.783, 1, 120 MHz, 3996 MHz, 190.17 W, 41
2026/10/08 03:45:39.783, 2, 120 MHz, 3996 MHz, 188.01 W, 38
2026/10/08 03:45:39.783, 3, 120 MHz, 3996 MHz, 187.38 W, 38
2026/10/08 03:45:39.783, 4, 2032 MHz, 3996 MHz, 245.67 W, 39
2026/10/08 03:45:39.783, 5, 2032 MHz, 3996 MHz, 238.10 W, 37
2026/10/08 03:45:39.783, 6, 2032 MHz, 3996 MHz, 248.68 W, 35
2026/10/08 03:45:39.783, 7, 2032 MHz, 3996 MHz, 238.76 W, 33
2026/10/08 03:45:40.784, 0, 120 MHz, 3996 MHz, 188.35 W, 39
2026/10/08 03:45:40.784, 1, 120 MHz, 3996 MHz, 190.17 W, 41
2026/10/08 03:45:40.784, 2, 120 MHz, 3996 MHz, 188.01 W, 38
2026/10/08 03:45:40.784, 3, 120 MHz, 3996 MHz, 187.36 W, 38
2026/10/08 03:45:40.784, 4, 2032 MHz, 3996 MHz, 246.09 W, 39
2026/10/08 03:45:40.784, 5, 2032 MHz, 3996 MHz, 237.77 W, 38
2026/10/08 03:45:40.784, 6, 2032 MHz, 3996 MHz, 248.69 W, 35
2026/10/08 03:45:40.784, 7, 2032 MHz, 3996 MHz, 238.83 W, 33
2026/10/08 03:45:41.784, 0, 120 MHz, 3996 MHz, 188.35 W, 39
2026/10/08 03:45:41.784, 1, 120 MHz, 3996 MHz, 190.17 W, 41
2026/10/08 03:45:41.784, 2, 120 MHz, 3996 MHz, 188.01 W, 38
2026/10/08 03:45:41.784, 3, 120 MHz, 3996 MHz, 187.05 W, 37
2026/10/08 03:45:41.784, 4, 2032 MHz, 3996 MHz, 246.16 W, 39
2026/10/08 03:45:41.784, 5, 2032 MHz, 3996 MHz, 238.28 W, 38
2026/10/08 03:45:41.784, 6, 2032 MHz, 3996 MHz, 248.70 W, 35
2026/10/08 03:45:41.784, 7, 2032 MHz, 3996 MHz, 238.98 W, 33
2026/10/08 03:45:42.784, 0, 120 MHz, 3996 MHz, 188.35 W, 39
2026/10/08 03:45:42.784, 1, 120 MHz, 3996 MHz, 190.17 W, 41
2026/10/08 03:45:42.784, 2, 120 MHz, 3996 MHz, 188.01 W, 38
2026/10/08 03:45:42.784, 3, 120 MHz, 3996 MHz, 187.16 W, 37
2026/10/08 03:45:42.784, 4, 2032 MHz, 3996 MHz, 246.24 W, 39
2026/10/08 03:45:42.784, 5, 2032 MHz, 3996 MHz, 238.35 W, 38
2026/10/08 03:45:42.784, 6, 2032 MHz, 3996 MHz, 248.69 W, 35
2026/10/08 03:45:42.784, 7, 2032 MHz, 3996 MHz, 239.11 W, 33
2026/10/08 03:45:43.784, 0, 120 MHz, 3996 MHz, 188.35 W, 39
2026/10/08 03:45:43.784, 1, 120 MHz, 3996 MHz, 190.17 W, 41
2026/10/08 03:45:43.784, 2, 120 MHz, 3996 MHz, 188.01 W, 38
2026/10/08 03:45:43.784, 3, 120 MHz, 3996 MHz, 186.99 W, 37
2026/10/08 03:45:43.785, 4, 2032 MHz, 3996 MHz, 246.24 W, 39
2026/10/08 03:45:43.785, 5, 2032 MHz, 3996 MHz, 238.24 W, 38
2026/10/08 03:45:43.785, 6, 2032 MHz, 3996 MHz, 248.69 W, 35
2026/10/08 03:45:43.785, 7, 2032 MHz, 3996 MHz, 239.11 W, 34
2026/10/08 03:45:44.785, 0, 120 MHz, 3996 MHz, 188.35 W, 40
2026/10/08 03:45:44.785, 1, 120 MHz, 3996 MHz, 190.17 W, 41
2026/10/08 03:45:44.785, 2, 120 MHz, 3996 MHz, 188.01 W, 37
2026/10/08 03:45:44.785, 3, 120 MHz, 3996 MHz, 186.75 W, 37
2026/10/08 03:45:44.785, 4, 2032 MHz, 3996 MHz, 246.24 W, 40
2026/10/08 03:45:44.785, 5, 2032 MHz, 3996 MHz, 238.24 W, 38
2026/10/08 03:45:44.785, 6, 2032 MHz, 3996 MHz, 248.69 W, 35
2026/10/08 03:45:44.785, 7, 2032 MHz, 3996 MHz, 239.49 W, 34
2026/10/08 03:45:45.785, 0, 120 MHz, 3996 MHz, 188.35 W, 40
2026/10/08 03:45:45.785, 1, 120 MHz, 3996 MHz, 190.17 W, 41
2026/10/08 03:45:45.785, 2, 120 MHz, 3996 MHz, 188.01 W, 37
2026/10/08 03:45:45.785, 3, 120 MHz, 3996 MHz, 186.50 W, 37
2026/10/08 03:45:45.785, 4, 2032 MHz, 3996 MHz, 246.24 W, 40
2026/10/08 03:45:45.785, 5, 2032 MHz, 3996 MHz, 238.46 W, 38
2026/10/08 03:45:45.785, 6, 2032 MHz, 3996 MHz, 248.69 W, 35
2026/10/08 03:45:45.785, 7, 2032 MHz, 3996 MHz, 239.44 W, 34
2026/10/08 03:45:46.785, 0, 120 MHz, 3996 MHz, 188.39 W, 40
2026/10/08 03:45:46.785, 1, 120 MHz, 3996 MHz, 190.17 W, 41
2026/10/08 03:45:46.785, 2, 120 MHz, 3996 MHz, 188.01 W, 37
2026/10/08 03:45:46.785, 3, 120 MHz, 3996 MHz, 186.43 W, 37
2026/10/08 03:45:46.785, 4, 2032 MHz, 3996 MHz, 246.28 W, 40
2026/10/08 03:45:46.785, 5, 2032 MHz, 3996 MHz, 238.57 W, 38
2026/10/08 03:45:46.785, 6, 2032 MHz, 3996 MHz, 248.72 W, 35
2026/10/08 03:45:46.785, 7, 2032 MHz, 3996 MHz, 239.86 W, 34
2026/10/08 03:45:47.786, 0, 120 MHz, 3996 MHz, 188.35 W, 40
2026/10/08 03:45:47.786, 1, 120 MHz, 3996 MHz, 190.17 W, 41
2026/10/08 03:45:47.786, 2, 120 MHz, 3996 MHz, 188.01 W, 37
2026/10/08 03:45:47.786, 3, 120 MHz, 3996 MHz, 186.28 W, 37
2026/10/08 03:45:47.786, 4, 2032 MHz, 3996 MHz, 246.24 W, 40
2026/10/08 03:45:47.786, 5, 2032 MHz, 3996 MHz, 238.48 W, 38
2026/10/08 03:45:47.786, 6, 2032 MHz, 3996 MHz, 248.85 W, 35
2026/10/08 03:45:47.786, 7, 2032 MHz, 3996 MHz, 239.96 W, 34
2026/10/08 03:45:48.786, 0, 120 MHz, 3996 MHz, 188.35 W, 40
2026/10/08 03:45:48.786, 1, 120 MHz, 3996 MHz, 190.17 W, 41
2026/10/08 03:45:48.786, 2, 120 MHz, 3996 MHz, 188.01 W, 37
2026/10/08 03:45:48.786, 3, 120 MHz, 3996 MHz, 186.12 W, 37
2026/10/08 03:45:48.786, 4, 2032 MHz, 3996 MHz, 246.28 W, 40
2026/10/08 03:45:48.786, 5, 2032 MHz, 3996 MHz, 238.45 W, 38
2026/10/08 03:45:48.786, 6, 2032 MHz, 3996 MHz, 248.77 W, 35
2026/10/08 03:45:48.786, 7, 2032 MHz, 3996 MHz, 239.92 W, 34
2026/10/08 03:45:49.786, 0, 120 MHz, 3996 MHz, 188.39 W, 40
2026/10/08 03:45:49.786, 1, 120 MHz, 3996 MHz, 190.17 W, 41
2026/10/08 03:45:49.786, 2, 120 MHz, 3996 MHz, 188.01 W, 37
2026/10/08 03:45:49.786, 3, 120 MHz, 3996 MHz, 186.16 W, 37
2026/10/08 03:45:49.786, 4, 2032 MHz, 3996 MHz, 246.28 W, 40
2026/10/08 03:45:49.786, 5, 2032 MHz, 3996 MHz, 238.44 W, 38
2026/10/08 03:45:49.786, 6, 2032 MHz, 3996 MHz, 248.69 W, 35
2026/10/08 03:45:49.786, 7, 2032 MHz, 3996 MHz, 239.97 W, 34
2026/10/08 03:45:50.786, 0, 120 MHz, 3996 MHz, 188.39 W, 40
2026/10/08 03:45:50.786, 1, 120 MHz, 3996 MHz, 190.17 W, 41
2026/10/08 03:45:50.786, 2, 120 MHz, 3996 MHz, 188.01 W, 37
2026/10/08 03:45:50.786, 3, 120 MHz, 3996 MHz, 186.16 W, 37
2026/10/08 03:45:50.786, 4, 2032 MHz, 3996 MHz, 246.28 W, 40
2026/10/08 03:45:50.786, 5, 2032 MHz, 3996 MHz, 238.42 W, 38
2026/10/08 03:45:50.786, 6, 2032 MHz, 3996 MHz, 248.71 W, 35
2026/10/08 03:45:50.786, 7, 2032 MHz, 3996 MHz, 240.12 W, 34
2026/10/08 03:45:51.787, 0, 120 MHz, 3996 MHz, 188.39 W, 40
2026/10/08 03:45:51.787, 1, 120 MHz, 3996 MHz, 190.17 W, 41
2026/10/08 03:45:51.787, 2, 120 MHz, 3996 MHz, 188.01 W, 37
2026/10/08 03:45:51.787, 3, 120 MHz, 3996 MHz, 186.09 W, 37
2026/10/08 03:45:51.787, 4, 2032 MHz, 3996 MHz, 246.28 W, 40
2026/10/08 03:45:51.787, 5, 2032 MHz, 3996 MHz, 238.40 W, 38
2026/10/08 03:45:51.787, 6, 2032 MHz, 3996 MHz, 248.68 W, 35
2026/10/08 03:45:51.787, 7, 2032 MHz, 3996 MHz, 239.92 W, 34
2026/10/08 03:45:52.787, 0, 2032 MHz, 3996 MHz, 199.58 W, 40
2026/10/08 03:45:52.787, 1, 120 MHz, 3996 MHz, 190.14 W, 41
2026/10/08 03:45:52.787, 2, 120 MHz, 3996 MHz, 188.01 W, 37
2026/10/08 03:45:52.787, 3, 120 MHz, 3996 MHz, 186.17 W, 37
2026/10/08 03:45:52.787, 4, 2032 MHz, 3996 MHz, 246.28 W, 40
2026/10/08 03:45:52.787, 5, 2032 MHz, 3996 MHz, 238.48 W, 38
2026/10/08 03:45:52.787, 6, 2032 MHz, 3996 MHz, 248.83 W, 35
2026/10/08 03:45:52.787, 7, 2032 MHz, 3996 MHz, 240.35 W, 34
2026/10/08 03:45:53.787, 0, 2032 MHz, 3996 MHz, 246.38 W, 41
2026/10/08 03:45:53.787, 1, 120 MHz, 3996 MHz, 190.04 W, 41
2026/10/08 03:45:53.787, 2, 120 MHz, 3996 MHz, 188.01 W, 37
2026/10/08 03:45:53.787, 3, 120 MHz, 3996 MHz, 186.05 W, 36
2026/10/08 03:45:53.787, 4, 2032 MHz, 3996 MHz, 246.28 W, 40
2026/10/08 03:45:53.787, 5, 2032 MHz, 3996 MHz, 238.40 W, 38
2026/10/08 03:45:53.787, 6, 2032 MHz, 3996 MHz, 248.75 W, 35
2026/10/08 03:45:53.787, 7, 2032 MHz, 3996 MHz, 240.24 W, 34
2026/10/08 03:45:54.787, 0, 2032 MHz, 3996 MHz, 246.41 W, 41
2026/10/08 03:45:54.787, 1, 120 MHz, 3996 MHz, 190.04 W, 41
2026/10/08 03:45:54.787, 2, 120 MHz, 3996 MHz, 188.01 W, 37
2026/10/08 03:45:54.787, 3, 120 MHz, 3996 MHz, 186.09 W, 36
2026/10/08 03:45:54.787, 4, 2032 MHz, 3996 MHz, 246.28 W, 40
2026/10/08 03:45:54.787, 5, 2032 MHz, 3996 MHz, 238.29 W, 38
2026/10/08 03:45:54.787, 6, 2032 MHz, 3996 MHz, 248.70 W, 35
2026/10/08 03:45:54.787, 7, 2032 MHz, 3996 MHz, 240.39 W, 34
2026/10/08 03:45:55.788, 0, 2032 MHz, 3996 MHz, 246.73 W, 41
2026/10/08 03:45:55.788, 1, 120 MHz, 3996 MHz, 190.04 W, 41
2026/10/08 03:45:55.788, 2, 120 MHz, 3996 MHz, 188.01 W, 37
2026/10/08 03:45:55.788, 3, 120 MHz, 3996 MHz, 186.12 W, 36
2026/10/08 03:45:55.788, 4, 2032 MHz, 3996 MHz, 246.28 W, 40
2026/10/08 03:45:55.788, 5, 2032 MHz, 3996 MHz, 238.45 W, 38
2026/10/08 03:45:55.788, 6, 2032 MHz, 3996 MHz, 248.72 W, 35
2026/10/08 03:45:55.788, 7, 2032 MHz, 3996 MHz, 240.35 W, 34
2026/10/08 03:45:56.788, 0, 2032 MHz, 3996 MHz, 246.98 W, 41
2026/10/08 03:45:56.788, 1, 120 MHz, 3996 MHz, 190.04 W, 41
2026/10/08 03:45:56.788, 2, 120 MHz, 3996 MHz, 188.01 W, 36
2026/10/08 03:45:56.788, 3, 120 MHz, 3996 MHz, 186.05 W, 36
2026/10/08 03:45:56.788, 4, 2032 MHz, 3996 MHz, 246.28 W, 40
2026/10/08 03:45:56.788, 5, 2032 MHz, 3996 MHz, 238.51 W, 38
2026/10/08 03:45:56.788, 6, 2032 MHz, 3996 MHz, 248.89 W, 35
2026/10/08 03:45:56.788, 7, 2032 MHz, 3996 MHz, 240.47 W, 34
2026/10/08 03:45:57.788, 0, 2032 MHz, 3996 MHz, 266.03 W, 42
2026/10/08 03:45:57.788, 1, 120 MHz, 3996 MHz, 189.99 W, 41
2026/10/08 03:45:57.788, 2, 120 MHz, 3996 MHz, 188.01 W, 36
2026/10/08 03:45:57.788, 3, 120 MHz, 3996 MHz, 186.05 W, 36
2026/10/08 03:45:57.788, 4, 2032 MHz, 3996 MHz, 246.28 W, 40
2026/10/08 03:45:57.788, 5, 2032 MHz, 3996 MHz, 238.55 W, 38
2026/10/08 03:45:57.788, 6, 2032 MHz, 3996 MHz, 248.86 W, 35
2026/10/08 03:45:57.788, 7, 2032 MHz, 3996 MHz, 240.58 W, 34
2026/10/08 03:45:58.788, 0, 2032 MHz, 3996 MHz, 246.78 W, 41
2026/10/08 03:45:58.788, 1, 120 MHz, 3996 MHz, 190.04 W, 41
2026/10/08 03:45:58.788, 2, 120 MHz, 3996 MHz, 188.01 W, 36
2026/10/08 03:45:58.788, 3, 120 MHz, 3996 MHz, 186.05 W, 36
2026/10/08 03:45:58.788, 4, 2032 MHz, 3996 MHz, 246.28 W, 40
2026/10/08 03:45:58.788, 5, 2032 MHz, 3996 MHz, 238.43 W, 38
2026/10/08 03:45:58.788, 6, 2032 MHz, 3996 MHz, 248.98 W, 35
2026/10/08 03:45:58.788, 7, 2032 MHz, 3996 MHz, 240.58 W, 34
2026/10/08 03:45:59.789, 0, 2032 MHz, 3996 MHz, 284.73 W, 41
2026/10/08 03:45:59.789, 1, 120 MHz, 3996 MHz, 189.96 W, 41
2026/10/08 03:45:59.789, 2, 120 MHz, 3996 MHz, 188.01 W, 36
2026/10/08 03:45:59.789, 3, 120 MHz, 3996 MHz, 186.05 W, 36
2026/10/08 03:45:59.789, 4, 2032 MHz, 3996 MHz, 246.28 W, 40
2026/10/08 03:45:59.789, 5, 2032 MHz, 3996 MHz, 238.50 W, 38
2026/10/08 03:45:59.789, 6, 2032 MHz, 3996 MHz, 248.94 W, 35
2026/10/08 03:45:59.789, 7, 2032 MHz, 3996 MHz, 240.62 W, 34
2026/10/08 03:46:00.789, 0, 2032 MHz, 3996 MHz, 246.63 W, 41
2026/10/08 03:46:00.789, 1, 120 MHz, 3996 MHz, 190.04 W, 41
2026/10/08 03:46:00.789, 2, 120 MHz, 3996 MHz, 188.01 W, 36
2026/10/08 03:46:00.789, 3, 120 MHz, 3996 MHz, 186.05 W, 36
2026/10/08 03:46:00.789, 4, 2032 MHz, 3996 MHz, 271.57 W, 42
2026/10/08 03:46:00.789, 5, 2032 MHz, 3996 MHz, 238.46 W, 38
2026/10/08 03:46:00.789, 6, 2032 MHz, 3996 MHz, 249.19 W, 35
2026/10/08 03:46:00.789, 7, 2032 MHz, 3996 MHz, 240.62 W, 34
2026/10/08 03:46:01.789, 0, 2032 MHz, 3996 MHz, 268.01 W, 41
2026/10/08 03:46:01.789, 1, 120 MHz, 3996 MHz, 190.00 W, 41
2026/10/08 03:46:01.789, 2, 120 MHz, 3996 MHz, 188.01 W, 36
2026/10/08 03:46:01.789, 3, 120 MHz, 3996 MHz, 186.05 W, 36
2026/10/08 03:46:01.789, 4, 2032 MHz, 3996 MHz, 311.90 W, 41
2026/10/08 03:46:01.789, 5, 2032 MHz, 3996 MHz, 238.44 W, 39
2026/10/08 03:46:01.789, 6, 2032 MHz, 3996 MHz, 249.96 W, 35
2026/10/08 03:46:01.789, 7, 2032 MHz, 3996 MHz, 240.62 W, 34
2026/10/08 03:46:02.789, 0, 2032 MHz, 3996 MHz, 248.36 W, 41
2026/10/08 03:46:02.789, 1, 120 MHz, 3996 MHz, 190.03 W, 41
2026/10/08 03:46:02.789, 2, 120 MHz, 3996 MHz, 188.01 W, 36
2026/10/08 03:46:02.789, 3, 120 MHz, 3996 MHz, 186.05 W, 36
2026/10/08 03:46:02.789, 4, 2032 MHz, 3996 MHz, 246.39 W, 41
2026/10/08 03:46:02.789, 5, 2032 MHz, 3996 MHz, 238.57 W, 39
2026/10/08 03:46:02.789, 6, 2032 MHz, 3996 MHz, 249.84 W, 36
2026/10/08 03:46:02.789, 7, 2032 MHz, 3996 MHz, 240.62 W, 34
2026/10/08 03:46:03.789, 0, 2032 MHz, 3996 MHz, 248.63 W, 41
2026/10/08 03:46:03.790, 1, 120 MHz, 3996 MHz, 190.03 W, 41
2026/10/08 03:46:03.790, 2, 120 MHz, 3996 MHz, 188.01 W, 36
2026/10/08 03:46:03.790, 3, 120 MHz, 3996 MHz, 186.20 W, 36
2026/10/08 03:46:03.790, 4, 2032 MHz, 3996 MHz, 297.87 W, 42
2026/10/08 03:46:03.790, 5, 2032 MHz, 3996 MHz, 238.56 W, 39
2026/10/08 03:46:03.790, 6, 2032 MHz, 3996 MHz, 249.99 W, 36
2026/10/08 03:46:03.790, 7, 2032 MHz, 3996 MHz, 240.62 W, 34
2026/10/08 03:46:04.790, 0, 2032 MHz, 3996 MHz, 253.44 W, 41
2026/10/08 03:46:04.790, 1, 120 MHz, 3996 MHz, 190.01 W, 41
2026/10/08 03:46:04.790, 2, 120 MHz, 3996 MHz, 188.01 W, 36
2026/10/08 03:46:04.790, 3, 120 MHz, 3996 MHz, 186.05 W, 36
2026/10/08 03:46:04.790, 4, 2032 MHz, 3996 MHz, 318.72 W, 41
2026/10/08 03:46:04.790, 5, 2032 MHz, 3996 MHz, 238.35 W, 39
2026/10/08 03:46:04.790, 6, 2032 MHz, 3996 MHz, 249.64 W, 36
2026/10/08 03:46:04.790, 7, 2032 MHz, 3996 MHz, 240.62 W, 35
2026/10/08 03:46:05.790, 0, 1327 MHz, 3996 MHz, 334.02 W, 50
2026/10/08 03:46:05.790, 1, 120 MHz, 3996 MHz, 189.96 W, 41
2026/10/08 03:46:05.790, 2, 120 MHz, 3996 MHz, 188.01 W, 36
2026/10/08 03:46:05.790, 3, 120 MHz, 3996 MHz, 186.05 W, 36
2026/10/08 03:46:05.790, 4, 2032 MHz, 3996 MHz, 269.87 W, 41
2026/10/08 03:46:05.790, 5, 2032 MHz, 3996 MHz, 238.54 W, 39
2026/10/08 03:46:05.790, 6, 2032 MHz, 3996 MHz, 249.67 W, 36
2026/10/08 03:46:05.790, 7, 2032 MHz, 3996 MHz, 240.62 W, 35
2026/10/08 03:46:06.790, 0, 2032 MHz, 3996 MHz, 254.96 W, 42
2026/10/08 03:46:06.790, 1, 120 MHz, 3996 MHz, 190.03 W, 41
2026/10/08 03:46:06.790, 2, 120 MHz, 3996 MHz, 188.01 W, 36
2026/10/08 03:46:06.790, 3, 120 MHz, 3996 MHz, 186.05 W, 36
2026/10/08 03:46:06.790, 4, 2032 MHz, 3996 MHz, 263.94 W, 41
2026/10/08 03:46:06.790, 5, 2032 MHz, 3996 MHz, 238.52 W, 39
2026/10/08 03:46:06.790, 6, 2032 MHz, 3996 MHz, 249.86 W, 36
2026/10/08 03:46:06.790, 7, 2032 MHz, 3996 MHz, 240.62 W, 35
2026/10/08 03:46:07.790, 0, 2032 MHz, 3996 MHz, 246.50 W, 41
2026/10/08 03:46:07.790, 1, 120 MHz, 3996 MHz, 190.04 W, 41
2026/10/08 03:46:07.790, 2, 120 MHz, 3996 MHz, 188.01 W, 36
2026/10/08 03:46:07.790, 3, 120 MHz, 3996 MHz, 186.05 W, 36
2026/10/08 03:46:07.790, 4, 2032 MHz, 3996 MHz, 247.72 W, 41
2026/10/08 03:46:07.790, 5, 2032 MHz, 3996 MHz, 238.61 W, 39
2026/10/08 03:46:07.790, 6, 2032 MHz, 3996 MHz, 250.01 W, 36
2026/10/08 03:46:07.790, 7, 2032 MHz, 3996 MHz, 240.62 W, 35
2026/10/08 03:46:08.791, 0, 2032 MHz, 3996 MHz, 256.88 W, 41
2026/10/08 03:46:08.791, 1, 120 MHz, 3996 MHz, 190.01 W, 41
2026/10/08 03:46:08.791, 2, 120 MHz, 3996 MHz, 188.01 W, 36
2026/10/08 03:46:08.791, 3, 120 MHz, 3996 MHz, 186.05 W, 36
2026/10/08 03:46:08.791, 4, 2032 MHz, 3996 MHz, 247.67 W, 41
2026/10/08 03:46:08.791, 5, 2032 MHz, 3996 MHz, 238.65 W, 39
2026/10/08 03:46:08.791, 6, 2032 MHz, 3996 MHz, 250.07 W, 36
2026/10/08 03:46:08.791, 7, 2032 MHz, 3996 MHz, 240.62 W, 35
2026/10/08 03:46:09.791, 0, 2032 MHz, 3996 MHz, 248.18 W, 41
2026/10/08 03:46:09.791, 1, 120 MHz, 3996 MHz, 190.03 W, 41
2026/10/08 03:46:09.791, 2, 120 MHz, 3996 MHz, 188.01 W, 36
2026/10/08 03:46:09.791, 3, 120 MHz, 3996 MHz, 186.05 W, 36
2026/10/08 03:46:09.791, 4, 2032 MHz, 3996 MHz, 247.72 W, 41
2026/10/08 03:46:09.791, 5, 2032 MHz, 3996 MHz, 238.69 W, 39
2026/10/08 03:46:09.791, 6, 2032 MHz, 3996 MHz, 250.15 W, 36
2026/10/08 03:46:09.791, 7, 2032 MHz, 3996 MHz, 240.62 W, 35
2026/10/08 03:46:10.791, 0, 937 MHz, 3996 MHz, 231.54 W, 41
2026/10/08 03:46:10.791, 1, 120 MHz, 3996 MHz, 190.08 W, 41
2026/10/08 03:46:10.791, 2, 120 MHz, 3996 MHz, 188.01 W, 36
2026/10/08 03:46:10.791, 3, 120 MHz, 3996 MHz, 186.05 W, 36
2026/10/08 03:46:10.791, 4, 2032 MHz, 3996 MHz, 247.72 W, 41
2026/10/08 03:46:10.791, 5, 2032 MHz, 3996 MHz, 238.61 W, 39
2026/10/08 03:46:10.791, 6, 2032 MHz, 3996 MHz, 250.10 W, 36
2026/10/08 03:46:10.791, 7, 2032 MHz, 3996 MHz, 240.62 W, 35
2026/10/08 03:46:11.791, 0, 592 MHz, 3996 MHz, 195.70 W, 40
2026/10/08 03:46:11.791, 1, 120 MHz, 3996 MHz, 190.17 W, 41
2026/10/08 03:46:11.791, 2, 120 MHz, 3996 MHz, 188.01 W, 36
2026/10/08 03:46:11.791, 3, 120 MHz, 3996 MHz, 186.05 W, 36
2026/10/08 03:46:11.791, 4, 2032 MHz, 3996 MHz, 248.02 W, 41
2026/10/08 03:46:11.791, 5, 2032 MHz, 3996 MHz, 239.13 W, 39
2026/10/08 03:46:11.791, 6, 2032 MHz, 3996 MHz, 250.51 W, 36
2026/10/08 03:46:11.791, 7, 2032 MHz, 3996 MHz, 240.62 W, 35
2026/10/08 03:46:12.792, 0, 375 MHz, 3996 MHz, 192.04 W, 40
2026/10/08 03:46:12.792, 1, 120 MHz, 3996 MHz, 190.17 W, 41
2026/10/08 03:46:12.792, 2, 120 MHz, 3996 MHz, 188.01 W, 36
2026/10/08 03:46:12.792, 3, 120 MHz, 3996 MHz, 186.05 W, 36
2026/10/08 03:46:12.792, 4, 2032 MHz, 3996 MHz, 251.78 W, 41
2026/10/08 03:46:12.792, 5, 2032 MHz, 3996 MHz, 238.93 W, 39
2026/10/08 03:46:12.792, 6, 2032 MHz, 3996 MHz, 250.54 W, 36
2026/10/08 03:46:12.792, 7, 2032 MHz, 3996 MHz, 240.62 W, 35
2026/10/08 03:46:13.792, 0, 232 MHz, 3996 MHz, 190.17 W, 40
2026/10/08 03:46:13.792, 1, 120 MHz, 3996 MHz, 190.17 W, 41
2026/10/08 03:46:13.792, 2, 120 MHz, 3996 MHz, 188.01 W, 36
2026/10/08 03:46:13.792, 3, 120 MHz, 3996 MHz, 186.05 W, 36
2026/10/08 03:46:13.792, 4, 2032 MHz, 3996 MHz, 249.76 W, 41
2026/10/08 03:46:13.792, 5, 2032 MHz, 3996 MHz, 238.95 W, 39
2026/10/08 03:46:13.792, 6, 2032 MHz, 3996 MHz, 250.51 W, 36
2026/10/08 03:46:13.792, 7, 2032 MHz, 3996 MHz, 240.62 W, 35
2026/10/08 03:46:14.792, 0, 150 MHz, 3996 MHz, 188.39 W, 40
2026/10/08 03:46:14.792, 1, 120 MHz, 3996 MHz, 190.17 W, 41
2026/10/08 03:46:14.792, 2, 120 MHz, 3996 MHz, 188.01 W, 36
2026/10/08 03:46:14.792, 3, 120 MHz, 3996 MHz, 186.05 W, 36
2026/10/08 03:46:14.792, 4, 2032 MHz, 3996 MHz, 253.05 W, 41
2026/10/08 03:46:14.792, 5, 2032 MHz, 3996 MHz, 238.76 W, 39
2026/10/08 03:46:14.792, 6, 2032 MHz, 3996 MHz, 250.47 W, 36
2026/10/08 03:46:14.792, 7, 2032 MHz, 3996 MHz, 240.62 W, 35
2026/10/08 03:46:15.792, 0, 120 MHz, 3996 MHz, 188.35 W, 40
2026/10/08 03:46:15.792, 1, 120 MHz, 3996 MHz, 190.17 W, 41
2026/10/08 03:46:15.792, 2, 120 MHz, 3996 MHz, 188.01 W, 36
2026/10/08 03:46:15.792, 3, 120 MHz, 3996 MHz, 186.05 W, 36
2026/10/08 03:46:15.792, 4, 2032 MHz, 3996 MHz, 248.18 W, 41
2026/10/08 03:46:15.792, 5, 2032 MHz, 3996 MHz, 238.97 W, 39
2026/10/08 03:46:15.792, 6, 2032 MHz, 3996 MHz, 250.35 W, 36
2026/10/08 03:46:15.792, 7, 2032 MHz, 3996 MHz, 240.62 W, 35
2026/10/08 03:46:16.793, 0, 120 MHz, 3996 MHz, 188.35 W, 40
2026/10/08 03:46:16.793, 1, 120 MHz, 3996 MHz, 190.13 W, 41
2026/10/08 03:46:16.793, 2, 120 MHz, 3996 MHz, 188.01 W, 36
2026/10/08 03:46:16.793, 3, 120 MHz, 3996 MHz, 186.05 W, 36
2026/10/08 03:46:16.793, 4, 2032 MHz, 3996 MHz, 248.22 W, 41
2026/10/08 03:46:16.793, 5, 2032 MHz, 3996 MHz, 239.06 W, 39
2026/10/08 03:46:16.793, 6, 2032 MHz, 3996 MHz, 250.52 W, 36
2026/10/08 03:46:16.793, 7, 2032 MHz, 3996 MHz, 240.62 W, 35
2026/10/08 03:46:17.793, 0, 120 MHz, 3996 MHz, 188.35 W, 40
2026/10/08 03:46:17.793, 1, 120 MHz, 3996 MHz, 190.17 W, 41
2026/10/08 03:46:17.793, 2, 120 MHz, 3996 MHz, 188.01 W, 36
2026/10/08 03:46:17.793, 3, 120 MHz, 3996 MHz, 186.05 W, 36
2026/10/08 03:46:17.793, 4, 2032 MHz, 3996 MHz, 248.22 W, 41
2026/10/08 03:46:17.793, 5, 2032 MHz, 3996 MHz, 238.73 W, 39
2026/10/08 03:46:17.793, 6, 2032 MHz, 3996 MHz, 250.42 W, 36
2026/10/08 03:46:17.793, 7, 2032 MHz, 3996 MHz, 240.62 W, 35
2026/10/08 03:46:18.793, 0, 120 MHz, 3996 MHz, 188.35 W, 40
2026/10/08 03:46:18.793, 1, 120 MHz, 3996 MHz, 190.17 W, 41
2026/10/08 03:46:18.793, 2, 2032 MHz, 3996 MHz, 204.77 W, 36
2026/10/08 03:46:18.793, 3, 120 MHz, 3996 MHz, 186.01 W, 36
2026/10/08 03:46:18.793, 4, 2032 MHz, 3996 MHz, 248.22 W, 41
2026/10/08 03:46:18.793, 5, 2032 MHz, 3996 MHz, 238.90 W, 39
2026/10/08 03:46:18.793, 6, 2032 MHz, 3996 MHz, 250.62 W, 36
2026/10/08 03:46:18.793, 7, 2032 MHz, 3996 MHz, 240.62 W, 35
2026/10/08 03:46:19.793, 0, 120 MHz, 3996 MHz, 188.35 W, 40
2026/10/08 03:46:19.794, 1, 120 MHz, 3996 MHz, 190.17 W, 41
2026/10/08 03:46:19.794, 2, 2032 MHz, 3996 MHz, 238.78 W, 37
2026/10/08 03:46:19.794, 3, 2032 MHz, 3996 MHz, 193.64 W, 36
2026/10/08 03:46:19.794, 4, 2032 MHz, 3996 MHz, 248.22 W, 41
2026/10/08 03:46:19.794, 5, 2032 MHz, 3996 MHz, 238.87 W, 39
2026/10/08 03:46:19.794, 6, 2032 MHz, 3996 MHz, 250.55 W, 36
2026/10/08 03:46:19.794, 7, 2032 MHz, 3996 MHz, 240.62 W, 35
2026/10/08 03:46:20.794, 0, 120 MHz, 3996 MHz, 188.35 W, 40
2026/10/08 03:46:20.794, 1, 120 MHz, 3996 MHz, 190.17 W, 41
2026/10/08 03:46:20.794, 2, 2032 MHz, 3996 MHz, 239.47 W, 37
2026/10/08 03:46:20.794, 3, 2032 MHz, 3996 MHz, 240.37 W, 36
2026/10/08 03:46:20.794, 4, 2032 MHz, 3996 MHz, 248.22 W, 41
2026/10/08 03:46:20.794, 5, 2032 MHz, 3996 MHz, 238.84 W, 39
2026/10/08 03:46:20.794, 6, 2032 MHz, 3996 MHz, 250.47 W, 36
2026/10/08 03:46:20.794, 7, 2032 MHz, 3996 MHz, 240.62 W, 35
2026/10/08 03:46:21.794, 0, 120 MHz, 3996 MHz, 188.35 W, 40
2026/10/08 03:46:21.794, 1, 120 MHz, 3996 MHz, 190.17 W, 41
2026/10/08 03:46:21.794, 2, 2032 MHz, 3996 MHz, 240.51 W, 37
2026/10/08 03:46:21.794, 3, 2032 MHz, 3996 MHz, 240.57 W, 37
2026/10/08 03:46:21.794, 4, 2032 MHz, 3996 MHz, 251.89 W, 41
2026/10/08 03:46:21.794, 5, 2032 MHz, 3996 MHz, 238.70 W, 39
2026/10/08 03:46:21.794, 6, 2032 MHz, 3996 MHz, 250.48 W, 36
2026/10/08 03:46:21.794, 7, 2032 MHz, 3996 MHz, 240.62 W, 35
2026/10/08 03:46:22.794, 0, 120 MHz, 3996 MHz, 188.35 W, 40
2026/10/08 03:46:22.794, 1, 120 MHz, 3996 MHz, 190.17 W, 41
2026/10/08 03:46:22.794, 2, 2032 MHz, 3996 MHz, 239.96 W, 37
2026/10/08 03:46:22.794, 3, 2032 MHz, 3996 MHz, 240.99 W, 37
2026/10/08 03:46:22.794, 4, 2032 MHz, 3996 MHz, 247.21 W, 41
2026/10/08 03:46:22.794, 5, 2032 MHz, 3996 MHz, 239.05 W, 39
2026/10/08 03:46:22.794, 6, 2032 MHz, 3996 MHz, 250.55 W, 36
2026/10/08 03:46:22.794, 7, 2032 MHz, 3996 MHz, 240.62 W, 35
2026/10/08 03:46:23.794, 0, 120 MHz, 3996 MHz, 188.35 W, 40
2026/10/08 03:46:23.794, 1, 120 MHz, 3996 MHz, 190.17 W, 41
2026/10/08 03:46:23.795, 2, 2032 MHz, 3996 MHz, 279.77 W, 38
2026/10/08 03:46:23.795, 3, 2032 MHz, 3996 MHz, 241.06 W, 37
2026/10/08 03:46:23.795, 4, 2032 MHz, 3996 MHz, 247.91 W, 41
2026/10/08 03:46:23.795, 5, 2032 MHz, 3996 MHz, 238.82 W, 39
2026/10/08 03:46:23.795, 6, 2032 MHz, 3996 MHz, 250.60 W, 36
2026/10/08 03:46:23.795, 7, 2032 MHz, 3996 MHz, 240.62 W, 35
2026/10/08 03:46:24.795, 0, 120 MHz, 3996 MHz, 188.35 W, 40
2026/10/08 03:46:24.795, 1, 120 MHz, 3996 MHz, 190.17 W, 41
2026/10/08 03:46:24.795, 2, 2032 MHz, 3996 MHz, 249.45 W, 37
2026/10/08 03:46:24.795, 3, 2032 MHz, 3996 MHz, 277.86 W, 37
2026/10/08 03:46:24.795, 4, 2032 MHz, 3996 MHz, 248.22 W, 41
2026/10/08 03:46:24.795, 5, 2032 MHz, 3996 MHz, 238.98 W, 39
2026/10/08 03:46:24.795, 6, 2032 MHz, 3996 MHz, 250.47 W, 36
2026/10/08 03:46:24.795, 7, 2032 MHz, 3996 MHz, 240.62 W, 35
2026/10/08 03:46:25.795, 0, 120 MHz, 3996 MHz, 188.35 W, 40
2026/10/08 03:46:25.795, 1, 120 MHz, 3996 MHz, 190.17 W, 41
2026/10/08 03:46:25.795, 2, 2032 MHz, 3996 MHz, 354.04 W, 38
2026/10/08 03:46:25.795, 3, 2032 MHz, 3996 MHz, 265.66 W, 37
2026/10/08 03:46:25.795, 4, 2032 MHz, 3996 MHz, 248.22 W, 41
2026/10/08 03:46:25.795, 5, 2032 MHz, 3996 MHz, 238.86 W, 39
2026/10/08 03:46:25.795, 6, 2032 MHz, 3996 MHz, 250.42 W, 36
2026/10/08 03:46:25.795, 7, 2032 MHz, 3996 MHz, 240.62 W, 35
2026/10/08 03:46:26.795, 0, 120 MHz, 3996 MHz, 188.35 W, 39
2026/10/08 03:46:26.795, 1, 120 MHz, 3996 MHz, 190.17 W, 41
2026/10/08 03:46:26.795, 2, 2032 MHz, 3996 MHz, 336.03 W, 38
2026/10/08 03:46:26.795, 3, 2032 MHz, 3996 MHz, 355.31 W, 39
2026/10/08 03:46:26.795, 4, 2032 MHz, 3996 MHz, 248.22 W, 41
2026/10/08 03:46:26.795, 5, 2032 MHz, 3996 MHz, 239.02 W, 39
2026/10/08 03:46:26.795, 6, 2032 MHz, 3996 MHz, 250.35 W, 36
2026/10/08 03:46:26.795, 7, 2032 MHz, 3996 MHz, 240.62 W, 35
2026/10/08 03:46:27.795, 0, 120 MHz, 3996 MHz, 188.35 W, 39
2026/10/08 03:46:27.795, 1, 120 MHz, 3996 MHz, 190.13 W, 41
2026/10/08 03:46:27.795, 2, 2032 MHz, 3996 MHz, 270.67 W, 37
2026/10/08 03:46:27.795, 3, 2032 MHz, 3996 MHz, 334.05 W, 38
2026/10/08 03:46:27.795, 4, 2032 MHz, 3996 MHz, 248.22 W, 41
2026/10/08 03:46:27.795, 5, 2032 MHz, 3996 MHz, 238.94 W, 39
2026/10/08 03:46:27.795, 6, 2032 MHz, 3996 MHz, 250.55 W, 36
2026/10/08 03:46:27.795, 7, 2032 MHz, 3996 MHz, 240.62 W, 35
2026/10/08 03:46:28.796, 0, 120 MHz, 3996 MHz, 188.35 W, 39
2026/10/08 03:46:28.796, 1, 120 MHz, 3996 MHz, 190.09 W, 41
2026/10/08 03:46:28.796, 2, 2032 MHz, 3996 MHz, 255.74 W, 37
2026/10/08 03:46:28.796, 3, 2032 MHz, 3996 MHz, 270.75 W, 37
2026/10/08 03:46:28.796, 4, 2032 MHz, 3996 MHz, 248.22 W, 41
2026/10/08 03:46:28.796, 5, 2032 MHz, 3996 MHz, 239.26 W, 40
2026/10/08 03:46:28.796, 6, 2032 MHz, 3996 MHz, 270.32 W, 36
2026/10/08 03:46:28.796, 7, 2032 MHz, 3996 MHz, 240.54 W, 35
2026/10/08 03:46:29.796, 0, 120 MHz, 3996 MHz, 188.35 W, 39
2026/10/08 03:46:29.796, 1, 120 MHz, 3996 MHz, 190.09 W, 41
2026/10/08 03:46:29.796, 2, 2032 MHz, 3996 MHz, 246.56 W, 37
2026/10/08 03:46:29.796, 3, 2032 MHz, 3996 MHz, 261.91 W, 37
2026/10/08 03:46:29.796, 4, 2032 MHz, 3996 MHz, 248.22 W, 42
2026/10/08 03:46:29.796, 5, 2032 MHz, 3996 MHz, 256.95 W, 40
2026/10/08 03:46:29.796, 6, 2032 MHz, 3996 MHz, 305.08 W, 38
2026/10/08 03:46:29.796, 7, 2032 MHz, 3996 MHz, 240.43 W, 35
2026/10/08 03:46:30.796, 0, 120 MHz, 3996 MHz, 188.35 W, 39
2026/10/08 03:46:30.796, 1, 120 MHz, 3996 MHz, 190.13 W, 41
2026/10/08 03:46:30.796, 2, 2032 MHz, 3996 MHz, 240.45 W, 36
2026/10/08 03:46:30.796, 3, 2032 MHz, 3996 MHz, 247.02 W, 37
2026/10/08 03:46:30.796, 4, 2032 MHz, 3996 MHz, 247.99 W, 42
2026/10/08 03:46:30.796, 5, 2032 MHz, 3996 MHz, 307.66 W, 42
2026/10/08 03:46:30.796, 6, 2032 MHz, 3996 MHz, 309.36 W, 37
2026/10/08 03:46:30.796, 7, 2032 MHz, 3996 MHz, 273.92 W, 35
2026/10/08 03:46:31.796, 0, 120 MHz, 3996 MHz, 188.35 W, 39
2026/10/08 03:46:31.796, 1, 120 MHz, 3996 MHz, 190.13 W, 41
2026/10/08 03:46:31.796, 2, 2032 MHz, 3996 MHz, 240.27 W, 36
2026/10/08 03:46:31.796, 3, 2032 MHz, 3996 MHz, 240.57 W, 36
2026/10/08 03:46:31.796, 4, 2032 MHz, 3996 MHz, 248.08 W, 42
2026/10/08 03:46:31.796, 5, 2032 MHz, 3996 MHz, 289.29 W, 40
2026/10/08 03:46:31.796, 6, 2032 MHz, 3996 MHz, 291.56 W, 37
2026/10/08 03:46:31.796, 7, 2032 MHz, 3996 MHz, 320.28 W, 36
2026/10/08 03:46:32.796, 0, 120 MHz, 3996 MHz, 188.35 W, 39
2026/10/08 03:46:32.797, 1, 120 MHz, 3996 MHz, 190.13 W, 41
2026/10/08 03:46:32.797, 2, 2032 MHz, 3996 MHz, 240.39 W, 36
2026/10/08 03:46:32.797, 3, 2032 MHz, 3996 MHz, 240.57 W, 36
2026/10/08 03:46:32.797, 4, 2032 MHz, 3996 MHz, 248.09 W, 42
2026/10/08 03:46:32.797, 5, 2032 MHz, 3996 MHz, 281.23 W, 41
2026/10/08 03:46:32.797, 6, 2032 MHz, 3996 MHz, 291.44 W, 36
2026/10/08 03:46:32.797, 7, 2032 MHz, 3996 MHz, 282.23 W, 36
2026/10/08 03:46:33.797, 0, 120 MHz, 3996 MHz, 188.35 W, 39
2026/10/08 03:46:33.797, 1, 120 MHz, 3996 MHz, 190.09 W, 41
2026/10/08 03:46:33.797, 2, 2032 MHz, 3996 MHz, 249.26 W, 36
2026/10/08 03:46:33.797, 3, 2032 MHz, 3996 MHz, 240.73 W, 36
2026/10/08 03:46:33.797, 4, 2032 MHz, 3996 MHz, 248.13 W, 42
2026/10/08 03:46:33.797, 5, 2032 MHz, 3996 MHz, 269.67 W, 40
2026/10/08 03:46:33.797, 6, 2032 MHz, 3996 MHz, 256.97 W, 36
2026/10/08 03:46:33.797, 7, 2032 MHz, 3996 MHz, 279.59 W, 35
2026/10/08 03:46:34.797, 0, 120 MHz, 3996 MHz, 188.35 W, 39
2026/10/08 03:46:34.797, 1, 120 MHz, 3996 MHz, 190.17 W, 41
2026/10/08 03:46:34.797, 2, 2032 MHz, 3996 MHz, 239.85 W, 36
2026/10/08 03:46:34.797, 3, 2032 MHz, 3996 MHz, 248.97 W, 36
2026/10/08 03:46:34.797, 4, 2032 MHz, 3996 MHz, 256.01 W, 42
2026/10/08 03:46:34.797, 5, 2032 MHz, 3996 MHz, 246.85 W, 40
2026/10/08 03:46:34.797, 6, 2032 MHz, 3996 MHz, 267.97 W, 36
2026/10/08 03:46:34.797, 7, 2032 MHz, 3996 MHz, 258.40 W, 35
2026/10/08 03:46:35.797, 0, 120 MHz, 3996 MHz, 188.35 W, 39
2026/10/08 03:46:35.797, 1, 120 MHz, 3996 MHz, 190.05 W, 41
2026/10/08 03:46:35.797, 2, 2032 MHz, 3996 MHz, 239.19 W, 36
2026/10/08 03:46:35.797, 3, 2032 MHz, 3996 MHz, 240.57 W, 36
2026/10/08 03:46:35.797, 4, 2032 MHz, 3996 MHz, 255.93 W, 42
2026/10/08 03:46:35.797, 5, 2032 MHz, 3996 MHz, 257.45 W, 40
2026/10/08 03:46:35.797, 6, 2032 MHz, 3996 MHz, 261.32 W, 36
2026/10/08 03:46:35.797, 7, 2032 MHz, 3996 MHz, 253.41 W, 35
2026/10/08 03:46:36.797, 0, 120 MHz, 3996 MHz, 188.35 W, 39
2026/10/08 03:46:36.797, 1, 120 MHz, 3996 MHz, 190.17 W, 41
2026/10/08 03:46:36.798, 2, 2032 MHz, 3996 MHz, 238.99 W, 36
2026/10/08 03:46:36.798, 3, 2032 MHz, 3996 MHz, 240.49 W, 36
2026/10/08 03:46:36.798, 4, 2032 MHz, 3996 MHz, 248.18 W, 42
2026/10/08 03:46:36.798, 5, 2032 MHz, 3996 MHz, 251.24 W, 40
2026/10/08 03:46:36.798, 6, 2032 MHz, 3996 MHz, 254.07 W, 36
2026/10/08 03:46:36.798, 7, 2032 MHz, 3996 MHz, 257.27 W, 35
2026/10/08 03:46:37.798, 0, 120 MHz, 3996 MHz, 188.35 W, 39
2026/10/08 03:46:37.798, 1, 120 MHz, 3996 MHz, 190.13 W, 41
2026/10/08 03:46:37.798, 2, 2032 MHz, 3996 MHz, 238.71 W, 36
2026/10/08 03:46:37.798, 3, 2032 MHz, 3996 MHz, 240.49 W, 36
2026/10/08 03:46:37.798, 4, 2032 MHz, 3996 MHz, 248.21 W, 42
2026/10/08 03:46:37.798, 5, 2032 MHz, 3996 MHz, 242.47 W, 40
2026/10/08 03:46:37.798, 6, 2032 MHz, 3996 MHz, 250.52 W, 36
2026/10/08 03:46:37.798, 7, 2032 MHz, 3996 MHz, 249.56 W, 35
2026/10/08 03:46:38.798, 0, 120 MHz, 3996 MHz, 188.35 W, 39
2026/10/08 03:46:38.798, 1, 120 MHz, 3996 MHz, 190.13 W, 41
2026/10/08 03:46:38.798, 2, 2032 MHz, 3996 MHz, 238.59 W, 36
2026/10/08 03:46:38.798, 3, 2032 MHz, 3996 MHz, 240.53 W, 36
2026/10/08 03:46:38.798, 4, 2032 MHz, 3996 MHz, 248.22 W, 42
2026/10/08 03:46:38.798, 5, 2032 MHz, 3996 MHz, 240.23 W, 40
2026/10/08 03:46:38.798, 6, 2032 MHz, 3996 MHz, 250.54 W, 36
2026/10/08 03:46:38.798, 7, 2032 MHz, 3996 MHz, 240.62 W, 34
2026/10/08 03:46:39.798, 0, 120 MHz, 3996 MHz, 188.35 W, 39
2026/10/08 03:46:39.798, 1, 120 MHz, 3996 MHz, 190.05 W, 41
2026/10/08 03:46:39.798, 2, 2032 MHz, 3996 MHz, 238.65 W, 36
2026/10/08 03:46:39.798, 3, 2032 MHz, 3996 MHz, 240.41 W, 36
2026/10/08 03:46:39.798, 4, 2032 MHz, 3996 MHz, 248.22 W, 42
2026/10/08 03:46:39.798, 5, 2032 MHz, 3996 MHz, 240.20 W, 40
2026/10/08 03:46:39.798, 6, 2032 MHz, 3996 MHz, 250.55 W, 36
2026/10/08 03:46:39.798, 7, 2032 MHz, 3996 MHz, 240.62 W, 34
2026/10/08 03:46:40.798, 0, 120 MHz, 3996 MHz, 188.35 W, 39
2026/10/08 03:46:40.798, 1, 120 MHz, 3996 MHz, 189.98 W, 41
2026/10/08 03:46:40.798, 2, 2032 MHz, 3996 MHz, 239.45 W, 36
2026/10/08 03:46:40.798, 3, 2032 MHz, 3996 MHz, 543.52 W, 40
2026/10/08 03:46:40.798, 4, 2032 MHz, 3996 MHz, 248.22 W, 42
2026/10/08 03:46:40.798, 5, 2032 MHz, 3996 MHz, 240.31 W, 40
2026/10/08 03:46:40.798, 6, 2032 MHz, 3996 MHz, 250.53 W, 35
2026/10/08 03:46:40.798, 7, 2032 MHz, 3996 MHz, 240.62 W, 34
2026/10/08 03:46:41.799, 0, 120 MHz, 3996 MHz, 188.35 W, 39
2026/10/08 03:46:41.799, 1, 120 MHz, 3996 MHz, 190.01 W, 41
2026/10/08 03:46:41.799, 2, 2032 MHz, 3996 MHz, 239.45 W, 36
2026/10/08 03:46:41.799, 3, 2032 MHz, 3996 MHz, 525.70 W, 40
2026/10/08 03:46:41.799, 4, 2032 MHz, 3996 MHz, 248.22 W, 42
2026/10/08 03:46:41.799, 5, 2032 MHz, 3996 MHz, 240.29 W, 40
2026/10/08 03:46:41.799, 6, 2032 MHz, 3996 MHz, 250.60 W, 35
2026/10/08 03:46:41.799, 7, 2032 MHz, 3996 MHz, 240.62 W, 34
2026/10/08 03:46:42.799, 0, 120 MHz, 3996 MHz, 188.35 W, 39
2026/10/08 03:46:42.799, 1, 120 MHz, 3996 MHz, 190.01 W, 41
2026/10/08 03:46:42.799, 2, 2032 MHz, 3996 MHz, 239.34 W, 36
2026/10/08 03:46:42.799, 3, 2032 MHz, 3996 MHz, 522.95 W, 40
2026/10/08 03:46:42.799, 4, 2032 MHz, 3996 MHz, 248.22 W, 42
2026/10/08 03:46:42.799, 5, 2032 MHz, 3996 MHz, 240.39 W, 40
2026/10/08 03:46:42.799, 6, 2032 MHz, 3996 MHz, 250.58 W, 35
2026/10/08 03:46:42.799, 7, 2032 MHz, 3996 MHz, 240.62 W, 34
2026/10/08 03:46:43.799, 0, 120 MHz, 3996 MHz, 188.35 W, 39
2026/10/08 03:46:43.799, 1, 120 MHz, 3996 MHz, 189.93 W, 41
2026/10/08 03:46:43.799, 2, 2032 MHz, 3996 MHz, 239.38 W, 36
2026/10/08 03:46:43.799, 3, 2032 MHz, 3996 MHz, 516.20 W, 41
2026/10/08 03:46:43.799, 4, 2032 MHz, 3996 MHz, 248.22 W, 42
2026/10/08 03:46:43.799, 5, 2032 MHz, 3996 MHz, 240.24 W, 40
2026/10/08 03:46:43.799, 6, 2032 MHz, 3996 MHz, 250.57 W, 35
2026/10/08 03:46:43.799, 7, 2032 MHz, 3996 MHz, 240.62 W, 34
2026/10/08 03:46:44.799, 0, 120 MHz, 3996 MHz, 188.35 W, 39
2026/10/08 03:46:44.799, 1, 120 MHz, 3996 MHz, 189.90 W, 41
2026/10/08 03:46:44.799, 2, 2032 MHz, 3996 MHz, 499.34 W, 40
2026/10/08 03:46:44.799, 3, 2032 MHz, 3996 MHz, 516.36 W, 41
2026/10/08 03:46:44.799, 4, 2032 MHz, 3996 MHz, 248.22 W, 42
2026/10/08 03:46:44.799, 5, 2032 MHz, 3996 MHz, 240.47 W, 40
2026/10/08 03:46:44.799, 6, 2032 MHz, 3996 MHz, 250.54 W, 35
2026/10/08 03:46:44.799, 7, 2032 MHz, 3996 MHz, 240.62 W, 34
2026/10/08 03:46:45.799, 0, 120 MHz, 3996 MHz, 188.35 W, 39
2026/10/08 03:46:45.799, 1, 120 MHz, 3996 MHz, 189.56 W, 41
2026/10/08 03:46:45.799, 2, 2032 MHz, 3996 MHz, 526.23 W, 39
2026/10/08 03:46:45.799, 3, 2032 MHz, 3996 MHz, 515.63 W, 41
2026/10/08 03:46:45.799, 4, 2032 MHz, 3996 MHz, 248.22 W, 42
2026/10/08 03:46:45.799, 5, 2032 MHz, 3996 MHz, 240.42 W, 40
2026/10/08 03:46:45.799, 6, 2032 MHz, 3996 MHz, 254.15 W, 35
2026/10/08 03:46:45.800, 7, 2032 MHz, 3996 MHz, 240.61 W, 34
2026/10/08 03:46:46.800, 0, 120 MHz, 3996 MHz, 188.35 W, 39
2026/10/08 03:46:46.800, 1, 120 MHz, 3996 MHz, 189.90 W, 41
2026/10/08 03:46:46.800, 2, 2032 MHz, 3996 MHz, 525.58 W, 40
2026/10/08 03:46:46.800, 3, 2032 MHz, 3996 MHz, 541.97 W, 40
2026/10/08 03:46:46.800, 4, 2032 MHz, 3996 MHz, 248.21 W, 42
2026/10/08 03:46:46.800, 5, 2032 MHz, 3996 MHz, 243.63 W, 40
2026/10/08 03:46:46.800, 6, 2032 MHz, 3996 MHz, 250.54 W, 35
2026/10/08 03:46:46.800, 7, 2032 MHz, 3996 MHz, 244.05 W, 34
2026/10/08 03:46:47.800, 0, 120 MHz, 3996 MHz, 188.35 W, 39
2026/10/08 03:46:47.800, 1, 120 MHz, 3996 MHz, 189.75 W, 41
2026/10/08 03:46:47.800, 2, 2032 MHz, 3996 MHz, 522.85 W, 41
2026/10/08 03:46:47.800, 3, 2032 MHz, 3996 MHz, 562.93 W, 42
2026/10/08 03:46:47.800, 4, 2032 MHz, 3996 MHz, 248.22 W, 42
2026/10/08 03:46:47.800, 5, 2032 MHz, 3996 MHz, 240.51 W, 40
2026/10/08 03:46:47.800, 6, 2032 MHz, 3996 MHz, 255.59 W, 35
2026/10/08 03:46:47.800, 7, 2032 MHz, 3996 MHz, 240.81 W, 34
2026/10/08 03:46:48.800, 0, 120 MHz, 3996 MHz, 188.35 W, 39
2026/10/08 03:46:48.800, 1, 120 MHz, 3996 MHz, 189.47 W, 41
2026/10/08 03:46:48.800, 2, 2032 MHz, 3996 MHz, 515.82 W, 40
2026/10/08 03:46:48.800, 3, 2032 MHz, 3996 MHz, 559.15 W, 41
2026/10/08 03:46:48.800, 4, 2032 MHz, 3996 MHz, 248.21 W, 42
2026/10/08 03:46:48.800, 5, 2032 MHz, 3996 MHz, 244.88 W, 40
2026/10/08 03:46:48.800, 6, 2032 MHz, 3996 MHz, 252.07 W, 35
2026/10/08 03:46:48.800, 7, 2032 MHz, 3996 MHz, 243.72 W, 34
2026/10/08 03:46:49.800, 0, 120 MHz, 3996 MHz, 188.35 W, 39
2026/10/08 03:46:49.800, 1, 120 MHz, 3996 MHz, 189.43 W, 41
2026/10/08 03:46:49.800, 2, 2032 MHz, 3996 MHz, 529.31 W, 41
2026/10/08 03:46:49.800, 3, 2032 MHz, 3996 MHz, 565.76 W, 42
2026/10/08 03:46:49.800, 4, 2032 MHz, 3996 MHz, 248.22 W, 42
2026/10/08 03:46:49.800, 5, 2032 MHz, 3996 MHz, 241.96 W, 40
2026/10/08 03:46:49.800, 6, 2032 MHz, 3996 MHz, 250.41 W, 35
2026/10/08 03:46:49.800, 7, 2032 MHz, 3996 MHz, 243.76 W, 34
2026/10/08 03:46:50.801, 0, 120 MHz, 3996 MHz, 188.35 W, 39
2026/10/08 03:46:50.801, 1, 120 MHz, 3996 MHz, 189.47 W, 41
2026/10/08 03:46:50.801, 2, 2032 MHz, 3996 MHz, 504.62 W, 40
2026/10/08 03:46:50.801, 3, 2032 MHz, 3996 MHz, 557.59 W, 42
2026/10/08 03:46:50.801, 4, 2032 MHz, 3996 MHz, 248.22 W, 42
2026/10/08 03:46:50.801, 5, 2032 MHz, 3996 MHz, 240.31 W, 40
2026/10/08 03:46:50.801, 6, 2032 MHz, 3996 MHz, 250.32 W, 35
2026/10/08 03:46:50.801, 7, 2032 MHz, 3996 MHz, 240.54 W, 34
2026/10/08 03:46:51.801, 0, 120 MHz, 3996 MHz, 188.35 W, 39
2026/10/08 03:46:51.801, 1, 120 MHz, 3996 MHz, 189.04 W, 41
2026/10/08 03:46:51.801, 2, 2032 MHz, 3996 MHz, 532.90 W, 41
2026/10/08 03:46:51.801, 3, 2032 MHz, 3996 MHz, 602.12 W, 42
2026/10/08 03:46:51.801, 4, 2032 MHz, 3996 MHz, 248.22 W, 42
2026/10/08 03:46:51.801, 5, 2032 MHz, 3996 MHz, 240.48 W, 40
2026/10/08 03:46:51.801, 6, 2032 MHz, 3996 MHz, 250.10 W, 35
2026/10/08 03:46:51.801, 7, 2032 MHz, 3996 MHz, 240.58 W, 34
2026/10/08 03:46:52.801, 0, 120 MHz, 3996 MHz, 188.35 W, 39
2026/10/08 03:46:52.801, 1, 120 MHz, 3996 MHz, 188.95 W, 41
2026/10/08 03:46:52.801, 2, 2032 MHz, 3996 MHz, 556.43 W, 41
2026/10/08 03:46:52.801, 3, 2032 MHz, 3996 MHz, 563.63 W, 42
2026/10/08 03:46:52.801, 4, 2032 MHz, 3996 MHz, 248.22 W, 42
2026/10/08 03:46:52.801, 5, 2032 MHz, 3996 MHz, 240.46 W, 40
2026/10/08 03:46:52.801, 6, 2032 MHz, 3996 MHz, 250.27 W, 35
2026/10/08 03:46:52.801, 7, 2032 MHz, 3996 MHz, 240.20 W, 34
2026/10/08 03:46:53.801, 0, 120 MHz, 3996 MHz, 188.35 W, 39
2026/10/08 03:46:53.801, 1, 120 MHz, 3996 MHz, 189.24 W, 41
2026/10/08 03:46:53.801, 2, 2032 MHz, 3996 MHz, 561.27 W, 41
2026/10/08 03:46:53.801, 3, 2032 MHz, 3996 MHz, 543.98 W, 42
2026/10/08 03:46:53.801, 4, 2032 MHz, 3996 MHz, 248.22 W, 42
2026/10/08 03:46:53.801, 5, 2032 MHz, 3996 MHz, 240.42 W, 40
2026/10/08 03:46:53.801, 6, 2032 MHz, 3996 MHz, 250.01 W, 35
2026/10/08 03:46:53.801, 7, 2032 MHz, 3996 MHz, 240.39 W, 33
2026/10/08 03:46:54.801, 0, 120 MHz, 3996 MHz, 188.35 W, 39
2026/10/08 03:46:54.802, 1, 120 MHz, 3996 MHz, 189.08 W, 41
2026/10/08 03:46:54.802, 2, 2032 MHz, 3996 MHz, 571.03 W, 42
2026/10/08 03:46:54.802, 3, 2032 MHz, 3996 MHz, 524.41 W, 41
2026/10/08 03:46:54.802, 4, 2032 MHz, 3996 MHz, 248.22 W, 42
2026/10/08 03:46:54.802, 5, 2032 MHz, 3996 MHz, 240.44 W, 40
2026/10/08 03:46:54.802, 6, 2032 MHz, 3996 MHz, 249.93 W, 35
2026/10/08 03:46:54.802, 7, 2032 MHz, 3996 MHz, 240.09 W, 33
2026/10/08 03:46:55.802, 0, 120 MHz, 3996 MHz, 188.35 W, 39
2026/10/08 03:46:55.802, 1, 120 MHz, 3996 MHz, 189.06 W, 41
2026/10/08 03:46:55.802, 2, 2032 MHz, 3996 MHz, 553.50 W, 41
2026/10/08 03:46:55.802, 3, 2032 MHz, 3996 MHz, 527.86 W, 41
2026/10/08 03:46:55.802, 4, 2032 MHz, 3996 MHz, 248.22 W, 42
2026/10/08 03:46:55.802, 5, 2032 MHz, 3996 MHz, 240.35 W, 40
2026/10/08 03:46:55.802, 6, 2032 MHz, 3996 MHz, 249.92 W, 35
2026/10/08 03:46:55.802, 7, 2032 MHz, 3996 MHz, 240.19 W, 33
2026/10/08 03:46:56.802, 0, 120 MHz, 3996 MHz, 188.35 W, 39
2026/10/08 03:46:56.802, 1, 120 MHz, 3996 MHz, 188.99 W, 40
2026/10/08 03:46:56.802, 2, 2032 MHz, 3996 MHz, 552.02 W, 41
2026/10/08 03:46:56.802, 3, 2032 MHz, 3996 MHz, 542.76 W, 41
2026/10/08 03:46:56.802, 4, 2032 MHz, 3996 MHz, 248.22 W, 42
2026/10/08 03:46:56.802, 5, 2032 MHz, 3996 MHz, 240.32 W, 40
2026/10/08 03:46:56.802, 6, 2032 MHz, 3996 MHz, 253.39 W, 35
2026/10/08 03:46:56.802, 7, 2032 MHz, 3996 MHz, 239.37 W, 33
2026/10/08 03:46:57.802, 0, 120 MHz, 3996 MHz, 188.35 W, 39
2026/10/08 03:46:57.802, 1, 120 MHz, 3996 MHz, 189.12 W, 40
2026/10/08 03:46:57.802, 2, 2032 MHz, 3996 MHz, 537.28 W, 41
2026/10/08 03:46:57.802, 3, 2032 MHz, 3996 MHz, 516.21 W, 41
2026/10/08 03:46:57.802, 4, 2032 MHz, 3996 MHz, 248.22 W, 42
2026/10/08 03:46:57.802, 5, 2032 MHz, 3996 MHz, 240.41 W, 40
2026/10/08 03:46:57.802, 6, 2032 MHz, 3996 MHz, 248.74 W, 35
2026/10/08 03:46:57.802, 7, 2032 MHz, 3996 MHz, 239.59 W, 33
2026/10/08 03:46:58.802, 0, 120 MHz, 3996 MHz, 188.35 W, 39
2026/10/08 03:46:58.803, 1, 120 MHz, 3996 MHz, 189.06 W, 40
2026/10/08 03:46:58.803, 2, 2032 MHz, 3996 MHz, 544.68 W, 41
2026/10/08 03:46:58.803, 3, 2032 MHz, 3996 MHz, 537.70 W, 41
2026/10/08 03:46:58.803, 4, 2032 MHz, 3996 MHz, 248.21 W, 42
2026/10/08 03:46:58.803, 5, 2032 MHz, 3996 MHz, 243.80 W, 40
2026/10/08 03:46:58.803, 6, 2032 MHz, 3996 MHz, 248.69 W, 35
2026/10/08 03:46:58.803, 7, 2032 MHz, 3996 MHz, 239.14 W, 33
2026/10/08 03:46:59.803, 0, 120 MHz, 3996 MHz, 188.35 W, 39
2026/10/08 03:46:59.803, 1, 120 MHz, 3996 MHz, 189.03 W, 40
2026/10/08 03:46:59.803, 2, 2032 MHz, 3996 MHz, 535.40 W, 41
2026/10/08 03:46:59.803, 3, 2032 MHz, 3996 MHz, 505.96 W, 41
2026/10/08 03:46:59.803, 4, 2032 MHz, 3996 MHz, 248.22 W, 42
2026/10/08 03:46:59.803, 5, 2032 MHz, 3996 MHz, 239.58 W, 40
2026/10/08 03:46:59.803, 6, 2032 MHz, 3996 MHz, 248.67 W, 35
2026/10/08 03:46:59.803, 7, 2032 MHz, 3996 MHz, 242.80 W, 33
2026/10/08 03:47:00.803, 0, 120 MHz, 3996 MHz, 188.35 W, 39
2026/10/08 03:47:00.803, 1, 120 MHz, 3996 MHz, 188.96 W, 40
2026/10/08 03:47:00.803, 2, 2032 MHz, 3996 MHz, 517.10 W, 41
2026/10/08 03:47:00.803, 3, 2032 MHz, 3996 MHz, 530.10 W, 42
2026/10/08 03:47:00.803, 4, 2032 MHz, 3996 MHz, 248.22 W, 42
2026/10/08 03:47:00.803, 5, 2032 MHz, 3996 MHz, 239.60 W, 40
2026/10/08 03:47:00.803, 6, 2032 MHz, 3996 MHz, 248.66 W, 34
2026/10/08 03:47:00.803, 7, 2032 MHz, 3996 MHz, 238.68 W, 33
2026/10/08 03:47:01.803, 0, 120 MHz, 3996 MHz, 188.35 W, 39
2026/10/08 03:47:01.803, 1, 120 MHz, 3996 MHz, 189.06 W, 40
2026/10/08 03:47:01.803, 2, 2032 MHz, 3996 MHz, 527.48 W, 42
2026/10/08 03:47:01.803, 3, 2032 MHz, 3996 MHz, 527.98 W, 41
2026/10/08 03:47:01.803, 4, 2032 MHz, 3996 MHz, 248.22 W, 42
2026/10/08 03:47:01.803, 5, 2032 MHz, 3996 MHz, 239.16 W, 40
2026/10/08 03:47:01.804, 6, 2032 MHz, 3996 MHz, 249.05 W, 34
2026/10/08 03:47:01.804, 7, 2032 MHz, 3996 MHz, 238.68 W, 33
2026/10/08 03:47:02.804, 0, 120 MHz, 3996 MHz, 188.35 W, 39
2026/10/08 03:47:02.804, 1, 120 MHz, 3996 MHz, 188.69 W, 40
2026/10/08 03:47:02.804, 2, 2032 MHz, 3996 MHz, 525.77 W, 41
2026/10/08 03:47:02.804, 3, 2032 MHz, 3996 MHz, 540.45 W, 42
2026/10/08 03:47:02.804, 4, 2032 MHz, 3996 MHz, 248.22 W, 41
2026/10/08 03:47:02.804, 5, 2032 MHz, 3996 MHz, 239.17 W, 40
2026/10/08 03:47:02.804, 6, 2032 MHz, 3996 MHz, 248.77 W, 34
2026/10/08 03:47:02.804, 7, 2032 MHz, 3996 MHz, 238.68 W, 33
2026/10/08 03:47:03.804, 0, 120 MHz, 3996 MHz, 188.35 W, 39
2026/10/08 03:47:03.804, 1, 120 MHz, 3996 MHz, 189.60 W, 40
2026/10/08 03:47:03.804, 2, 2032 MHz, 3996 MHz, 525.42 W, 41
2026/10/08 03:47:03.804, 3, 2032 MHz, 3996 MHz, 560.79 W, 43
2026/10/08 03:47:03.804, 4, 2032 MHz, 3996 MHz, 248.22 W, 41
2026/10/08 03:47:03.804, 5, 2032 MHz, 3996 MHz, 239.88 W, 40
2026/10/08 03:47:03.804, 6, 2032 MHz, 3996 MHz, 248.86 W, 34
2026/10/08 03:47:03.804, 7, 2032 MHz, 3996 MHz, 238.68 W, 33
2026/10/08 03:47:04.804, 0, 120 MHz, 3996 MHz, 188.35 W, 39
2026/10/08 03:47:04.804, 1, 120 MHz, 3996 MHz, 190.17 W, 40
2026/10/08 03:47:04.804, 2, 2032 MHz, 3996 MHz, 545.26 W, 41
2026/10/08 03:47:04.804, 3, 2032 MHz, 3996 MHz, 565.61 W, 42
2026/10/08 03:47:04.804, 4, 2032 MHz, 3996 MHz, 248.22 W, 41
2026/10/08 03:47:04.804, 5, 2032 MHz, 3996 MHz, 240.37 W, 40
2026/10/08 03:47:04.804, 6, 2032 MHz, 3996 MHz, 248.78 W, 34
2026/10/08 03:47:04.804, 7, 2032 MHz, 3996 MHz, 239.21 W, 33
2026/10/08 03:47:05.804, 0, 120 MHz, 3996 MHz, 188.35 W, 39
2026/10/08 03:47:05.805, 1, 120 MHz, 3996 MHz, 190.17 W, 40
2026/10/08 03:47:05.805, 2, 2032 MHz, 3996 MHz, 536.01 W, 41
2026/10/08 03:47:05.805, 3, 2032 MHz, 3996 MHz, 541.28 W, 42
2026/10/08 03:47:05.805, 4, 2032 MHz, 3996 MHz, 248.22 W, 41
2026/10/08 03:47:05.805, 5, 2032 MHz, 3996 MHz, 240.27 W, 40
2026/10/08 03:47:05.805, 6, 2032 MHz, 3996 MHz, 248.72 W, 34
2026/10/08 03:47:05.805, 7, 2032 MHz, 3996 MHz, 238.68 W, 33
2026/10/08 03:47:06.805, 0, 120 MHz, 3996 MHz, 188.35 W, 39
2026/10/08 03:47:06.805, 1, 120 MHz, 3996 MHz, 190.17 W, 40
2026/10/08 03:47:06.805, 2, 2032 MHz, 3996 MHz, 557.97 W, 41
2026/10/08 03:47:06.805, 3, 2032 MHz, 3996 MHz, 545.43 W, 41
2026/10/08 03:47:06.805, 4, 2032 MHz, 3996 MHz, 248.22 W, 41
2026/10/08 03:47:06.805, 5, 2032 MHz, 3996 MHz, 240.20 W, 40
2026/10/08 03:47:06.805, 6, 2032 MHz, 3996 MHz, 248.85 W, 34
2026/10/08 03:47:06.805, 7, 2032 MHz, 3996 MHz, 238.76 W, 33
2026/10/08 03:47:07.805, 0, 120 MHz, 3996 MHz, 188.35 W, 39
2026/10/08 03:47:07.805, 1, 120 MHz, 3996 MHz, 190.17 W, 40
2026/10/08 03:47:07.805, 2, 2032 MHz, 3996 MHz, 557.40 W, 41
2026/10/08 03:47:07.805, 3, 2032 MHz, 3996 MHz, 534.51 W, 41
2026/10/08 03:47:07.805, 4, 2032 MHz, 3996 MHz, 248.22 W, 41
2026/10/08 03:47:07.805, 5, 2032 MHz, 3996 MHz, 240.14 W, 40
2026/10/08 03:47:07.805, 6, 2032 MHz, 3996 MHz, 248.63 W, 34
2026/10/08 03:47:07.805, 7, 2032 MHz, 3996 MHz, 238.68 W, 32
2026/10/08 03:47:08.805, 0, 120 MHz, 3996 MHz, 188.35 W, 39
2026/10/08 03:47:08.805, 1, 120 MHz, 3996 MHz, 190.17 W, 40
2026/10/08 03:47:08.805, 2, 2032 MHz, 3996 MHz, 600.65 W, 42
2026/10/08 03:47:08.805, 3, 2032 MHz, 3996 MHz, 534.54 W, 42
2026/10/08 03:47:08.805, 4, 2032 MHz, 3996 MHz, 248.22 W, 41
2026/10/08 03:47:08.805, 5, 2032 MHz, 3996 MHz, 240.10 W, 39
2026/10/08 03:47:08.805, 6, 2032 MHz, 3996 MHz, 248.68 W, 34
2026/10/08 03:47:08.805, 7, 2032 MHz, 3996 MHz, 238.68 W, 32
2026/10/08 03:47:09.806, 0, 120 MHz, 3996 MHz, 188.35 W, 39
2026/10/08 03:47:09.806, 1, 120 MHz, 3996 MHz, 190.17 W, 40
2026/10/08 03:47:09.806, 2, 2032 MHz, 3996 MHz, 554.11 W, 42
2026/10/08 03:47:09.806, 3, 2032 MHz, 3996 MHz, 527.06 W, 42
2026/10/08 03:47:09.806, 4, 2032 MHz, 3996 MHz, 248.22 W, 41
2026/10/08 03:47:09.806, 5, 2032 MHz, 3996 MHz, 240.14 W, 39
2026/10/08 03:47:09.806, 6, 2032 MHz, 3996 MHz, 248.64 W, 34
2026/10/08 03:47:09.806, 7, 2032 MHz, 3996 MHz, 238.68 W, 32
2026/10/08 03:47:10.806, 0, 120 MHz, 3996 MHz, 188.35 W, 39
2026/10/08 03:47:10.806, 1, 120 MHz, 3996 MHz, 190.17 W, 40
2026/10/08 03:47:10.806, 2, 2032 MHz, 3996 MHz, 535.89 W, 41
2026/10/08 03:47:10.806, 3, 2032 MHz, 3996 MHz, 529.44 W, 42
2026/10/08 03:47:10.806, 4, 2032 MHz, 3996 MHz, 248.22 W, 41
2026/10/08 03:47:10.806, 5, 2032 MHz, 3996 MHz, 240.29 W, 39
2026/10/08 03:47:10.806, 6, 2032 MHz, 3996 MHz, 248.66 W, 34
2026/10/08 03:47:10.806, 7, 2032 MHz, 3996 MHz, 238.68 W, 32
2026/10/08 03:47:11.806, 0, 120 MHz, 3996 MHz, 188.35 W, 39
2026/10/08 03:47:11.806, 1, 120 MHz, 3996 MHz, 190.17 W, 40
2026/10/08 03:47:11.806, 2, 2032 MHz, 3996 MHz, 547.97 W, 42
2026/10/08 03:47:11.806, 3, 2032 MHz, 3996 MHz, 548.04 W, 42
2026/10/08 03:47:11.806, 4, 2032 MHz, 3996 MHz, 248.22 W, 41
2026/10/08 03:47:11.806, 5, 2032 MHz, 3996 MHz, 240.16 W, 39
2026/10/08 03:47:11.806, 6, 2032 MHz, 3996 MHz, 248.67 W, 34
2026/10/08 03:47:11.806, 7, 2032 MHz, 3996 MHz, 238.68 W, 32
2026/10/08 03:47:12.806, 0, 2032 MHz, 3996 MHz, 207.90 W, 39
2026/10/08 03:47:12.806, 1, 120 MHz, 3996 MHz, 190.11 W, 40
2026/10/08 03:47:12.806, 2, 2032 MHz, 3996 MHz, 514.28 W, 41
2026/10/08 03:47:12.806, 3, 2032 MHz, 3996 MHz, 542.46 W, 42
2026/10/08 03:47:12.806, 4, 2032 MHz, 3996 MHz, 248.22 W, 41
2026/10/08 03:47:12.806, 5, 2032 MHz, 3996 MHz, 240.30 W, 39
2026/10/08 03:47:12.806, 6, 2032 MHz, 3996 MHz, 248.65 W, 34
2026/10/08 03:47:12.806, 7, 2032 MHz, 3996 MHz, 238.68 W, 32
2026/10/08 03:47:13.807, 0, 2032 MHz, 3996 MHz, 246.30 W, 40
2026/10/08 03:47:13.807, 1, 120 MHz, 3996 MHz, 190.04 W, 40
2026/10/08 03:47:13.807, 2, 2032 MHz, 3996 MHz, 536.77 W, 41
2026/10/08 03:47:13.807, 3, 2032 MHz, 3996 MHz, 554.08 W, 42
2026/10/08 03:47:13.807, 4, 2032 MHz, 3996 MHz, 248.22 W, 41
2026/10/08 03:47:13.807, 5, 2032 MHz, 3996 MHz, 240.06 W, 39
2026/10/08 03:47:13.807, 6, 2032 MHz, 3996 MHz, 248.68 W, 34
2026/10/08 03:47:13.807, 7, 2032 MHz, 3996 MHz, 238.68 W, 32
2026/10/08 03:47:14.807, 0, 2032 MHz, 3996 MHz, 246.36 W, 40
2026/10/08 03:47:14.807, 1, 120 MHz, 3996 MHz, 190.04 W, 40
2026/10/08 03:47:14.807, 2, 2032 MHz, 3996 MHz, 541.28 W, 41
2026/10/08 03:47:14.807, 3, 2032 MHz, 3996 MHz, 563.27 W, 42
2026/10/08 03:47:14.807, 4, 2032 MHz, 3996 MHz, 248.22 W, 41
2026/10/08 03:47:14.807, 5, 2032 MHz, 3996 MHz, 240.33 W, 39
2026/10/08 03:47:14.807, 6, 2032 MHz, 3996 MHz, 248.70 W, 34
2026/10/08 03:47:14.807, 7, 2032 MHz, 3996 MHz, 238.68 W, 32
2026/10/08 03:47:15.807, 0, 2032 MHz, 3996 MHz, 246.96 W, 40
2026/10/08 03:47:15.807, 1, 120 MHz, 3996 MHz, 190.04 W, 40
2026/10/08 03:47:15.807, 2, 2032 MHz, 3996 MHz, 563.47 W, 41
2026/10/08 03:47:15.807, 3, 2032 MHz, 3996 MHz, 562.84 W, 42
2026/10/08 03:47:15.807, 4, 2032 MHz, 3996 MHz, 248.22 W, 41
2026/10/08 03:47:15.807, 5, 2032 MHz, 3996 MHz, 240.15 W, 39
2026/10/08 03:47:15.807, 6, 2032 MHz, 3996 MHz, 248.69 W, 34
2026/10/08 03:47:15.807, 7, 2032 MHz, 3996 MHz, 238.68 W, 32
2026/10/08 03:47:16.807, 0, 2032 MHz, 3996 MHz, 265.20 W, 40
2026/10/08 03:47:16.807, 1, 120 MHz, 3996 MHz, 189.99 W, 40
2026/10/08 03:47:16.807, 2, 2032 MHz, 3996 MHz, 559.71 W, 42
2026/10/08 03:47:16.807, 3, 2032 MHz, 3996 MHz, 532.70 W, 41
2026/10/08 03:47:16.807, 4, 2032 MHz, 3996 MHz, 248.22 W, 41
2026/10/08 03:47:16.807, 5, 2032 MHz, 3996 MHz, 240.16 W, 39
2026/10/08 03:47:16.807, 6, 2032 MHz, 3996 MHz, 248.69 W, 34
2026/10/08 03:47:16.807, 7, 2032 MHz, 3996 MHz, 238.68 W, 32
2026/10/08 03:47:17.807, 0, 2032 MHz, 3996 MHz, 281.48 W, 40
2026/10/08 03:47:17.807, 1, 120 MHz, 3996 MHz, 189.95 W, 40
2026/10/08 03:47:17.807, 2, 2032 MHz, 3996 MHz, 570.24 W, 42
2026/10/08 03:47:17.807, 3, 2032 MHz, 3996 MHz, 529.66 W, 42
2026/10/08 03:47:17.807, 4, 2032 MHz, 3996 MHz, 248.22 W, 41
2026/10/08 03:47:17.807, 5, 2032 MHz, 3996 MHz, 240.31 W, 39
2026/10/08 03:47:17.807, 6, 2032 MHz, 3996 MHz, 248.68 W, 34
2026/10/08 03:47:17.808, 7, 2032 MHz, 3996 MHz, 238.68 W, 32
2026/10/08 03:47:18.808, 0, 2032 MHz, 3996 MHz, 264.57 W, 40
2026/10/08 03:47:18.808, 1, 120 MHz, 3996 MHz, 189.99 W, 40
2026/10/08 03:47:18.808, 2, 2032 MHz, 3996 MHz, 564.36 W, 41
2026/10/08 03:47:18.808, 3, 2032 MHz, 3996 MHz, 538.76 W, 42
2026/10/08 03:47:18.808, 4, 2032 MHz, 3996 MHz, 248.18 W, 41
2026/10/08 03:47:18.808, 5, 2032 MHz, 3996 MHz, 240.05 W, 39
2026/10/08 03:47:18.808, 6, 2032 MHz, 3996 MHz, 248.68 W, 34
2026/10/08 03:47:18.808, 7, 2032 MHz, 3996 MHz, 238.68 W, 32
2026/10/08 03:47:19.808, 0, 2032 MHz, 3996 MHz, 250.09 W, 40
2026/10/08 03:47:19.808, 1, 120 MHz, 3996 MHz, 190.03 W, 40
2026/10/08 03:47:19.808, 2, 2032 MHz, 3996 MHz, 540.45 W, 42
2026/10/08 03:47:19.808, 3, 2032 MHz, 3996 MHz, 543.04 W, 42
2026/10/08 03:47:19.808, 4, 2032 MHz, 3996 MHz, 248.22 W, 41
2026/10/08 03:47:19.808, 5, 2032 MHz, 3996 MHz, 239.93 W, 39
2026/10/08 03:47:19.808, 6, 2032 MHz, 3996 MHz, 250.15 W, 34
2026/10/08 03:47:19.808, 7, 2032 MHz, 3996 MHz, 238.67 W, 32
2026/10/08 03:47:20.808, 0, 2032 MHz, 3996 MHz, 252.82 W, 40
2026/10/08 03:47:20.808, 1, 120 MHz, 3996 MHz, 190.03 W, 40
2026/10/08 03:47:20.808, 2, 2032 MHz, 3996 MHz, 543.92 W, 42
2026/10/08 03:47:20.808, 3, 2032 MHz, 3996 MHz, 541.61 W, 42
2026/10/08 03:47:20.808, 4, 2032 MHz, 3996 MHz, 248.22 W, 41
2026/10/08 03:47:20.808, 5, 2032 MHz, 3996 MHz, 239.87 W, 39
2026/10/08 03:47:20.808, 6, 2032 MHz, 3996 MHz, 248.70 W, 33
2026/10/08 03:47:20.808, 7, 2032 MHz, 3996 MHz, 238.68 W, 32
2026/10/08 03:47:21.808, 0, 2032 MHz, 3996 MHz, 333.22 W, 41
2026/10/08 03:47:21.808, 1, 120 MHz, 3996 MHz, 189.97 W, 40
2026/10/08 03:47:21.808, 2, 2032 MHz, 3996 MHz, 544.69 W, 42
2026/10/08 03:47:21.808, 3, 2032 MHz, 3996 MHz, 534.76 W, 42
2026/10/08 03:47:21.808, 4, 2032 MHz, 3996 MHz, 248.21 W, 41
2026/10/08 03:47:21.808, 5, 2032 MHz, 3996 MHz, 241.67 W, 39
2026/10/08 03:47:21.808, 6, 2032 MHz, 3996 MHz, 248.68 W, 33
2026/10/08 03:47:21.808, 7, 2032 MHz, 3996 MHz, 239.61 W, 32
2026/10/08 03:47:22.809, 0, 2032 MHz, 3996 MHz, 246.51 W, 40
2026/10/08 03:47:22.809, 1, 120 MHz, 3996 MHz, 190.04 W, 40
2026/10/08 03:47:22.809, 2, 2032 MHz, 3996 MHz, 563.08 W, 42
2026/10/08 03:47:22.809, 3, 2032 MHz, 3996 MHz, 539.28 W, 41
2026/10/08 03:47:22.809, 4, 2032 MHz, 3996 MHz, 248.16 W, 41
2026/10/08 03:47:22.809, 5, 2032 MHz, 3996 MHz, 246.58 W, 40
2026/10/08 03:47:22.809, 6, 2032 MHz, 3996 MHz, 248.25 W, 33
2026/10/08 03:47:22.809, 7, 2032 MHz, 3996 MHz, 240.01 W, 32
2026/10/08 03:47:23.809, 0, 2032 MHz, 3996 MHz, 257.92 W, 40
2026/10/08 03:47:23.809, 1, 120 MHz, 3996 MHz, 190.01 W, 40
2026/10/08 03:47:23.809, 2, 2032 MHz, 3996 MHz, 556.67 W, 42
2026/10/08 03:47:23.809, 3, 2032 MHz, 3996 MHz, 552.13 W, 42
2026/10/08 03:47:23.809, 4, 2032 MHz, 3996 MHz, 248.14 W, 41
2026/10/08 03:47:23.809, 5, 2032 MHz, 3996 MHz, 240.26 W, 39
2026/10/08 03:47:23.809, 6, 2032 MHz, 3996 MHz, 247.50 W, 33
2026/10/08 03:47:23.809, 7, 2032 MHz, 3996 MHz, 238.75 W, 32
2026/10/08 03:47:24.809, 0, 2032 MHz, 3996 MHz, 245.50 W, 40
2026/10/08 03:47:24.809, 1, 120 MHz, 3996 MHz, 190.04 W, 40
2026/10/08 03:47:24.809, 2, 2032 MHz, 3996 MHz, 551.12 W, 42
2026/10/08 03:47:24.809, 3, 2032 MHz, 3996 MHz, 533.17 W, 42
2026/10/08 03:47:24.809, 4, 2032 MHz, 3996 MHz, 248.03 W, 41
2026/10/08 03:47:24.809, 5, 2032 MHz, 3996 MHz, 240.09 W, 39
2026/10/08 03:47:24.809, 6, 2032 MHz, 3996 MHz, 247.31 W, 33
2026/10/08 03:47:24.809, 7, 2032 MHz, 3996 MHz, 238.21 W, 32
2026/10/08 03:47:25.809, 0, 630 MHz, 3996 MHz, 199.75 W, 39
2026/10/08 03:47:25.809, 1, 120 MHz, 3996 MHz, 190.16 W, 40
2026/10/08 03:47:25.809, 2, 2032 MHz, 3996 MHz, 528.71 W, 41
2026/10/08 03:47:25.809, 3, 2032 MHz, 3996 MHz, 564.02 W, 42
2026/10/08 03:47:25.809, 4, 2032 MHz, 3996 MHz, 255.91 W, 41
2026/10/08 03:47:25.809, 5, 2032 MHz, 3996 MHz, 239.94 W, 39
2026/10/08 03:47:25.809, 6, 2032 MHz, 3996 MHz, 247.18 W, 33
2026/10/08 03:47:25.809, 7, 2032 MHz, 3996 MHz, 237.61 W, 31
2026/10/08 03:47:26.809, 0, 397 MHz, 3996 MHz, 191.70 W, 39
2026/10/08 03:47:26.809, 1, 120 MHz, 3996 MHz, 190.17 W, 40
2026/10/08 03:47:26.809, 2, 2032 MHz, 3996 MHz, 509.56 W, 41
2026/10/08 03:47:26.809, 3, 2032 MHz, 3996 MHz, 531.82 W, 42
2026/10/08 03:47:26.809, 4, 2032 MHz, 3996 MHz, 248.71 W, 41
2026/10/08 03:47:26.809, 5, 2032 MHz, 3996 MHz, 239.90 W, 39
2026/10/08 03:47:26.809, 6, 2032 MHz, 3996 MHz, 276.57 W, 33
2026/10/08 03:47:26.809, 7, 2032 MHz, 3996 MHz, 237.15 W, 31
2026/10/08 03:47:27.810, 0, 247 MHz, 3996 MHz, 189.64 W, 39
2026/10/08 03:47:27.810, 1, 120 MHz, 3996 MHz, 190.17 W, 40
2026/10/08 03:47:27.810, 2, 2032 MHz, 3996 MHz, 540.76 W, 42
2026/10/08 03:47:27.810, 3, 2032 MHz, 3996 MHz, 548.79 W, 42
2026/10/08 03:47:27.810, 4, 2032 MHz, 3996 MHz, 246.36 W, 41
2026/10/08 03:47:27.810, 5, 2032 MHz, 3996 MHz, 246.89 W, 39
2026/10/08 03:47:27.810, 6, 2032 MHz, 3996 MHz, 248.63 W, 33
2026/10/08 03:47:27.810, 7, 2032 MHz, 3996 MHz, 237.05 W, 31
2026/10/08 03:47:28.810, 0, 157 MHz, 3996 MHz, 188.35 W, 39
2026/10/08 03:47:28.810, 1, 120 MHz, 3996 MHz, 190.17 W, 40
2026/10/08 03:47:28.810, 2, 2032 MHz, 3996 MHz, 531.77 W, 41
2026/10/08 03:47:28.810, 3, 2032 MHz, 3996 MHz, 550.73 W, 41
2026/10/08 03:47:28.810, 4, 2032 MHz, 3996 MHz, 246.32 W, 41
2026/10/08 03:47:28.810, 5, 2032 MHz, 3996 MHz, 239.81 W, 39
2026/10/08 03:47:28.810, 6, 2032 MHz, 3996 MHz, 249.00 W, 33
2026/10/08 03:47:28.810, 7, 2032 MHz, 3996 MHz, 261.72 W, 36
2026/10/08 03:47:29.810, 0, 120 MHz, 3996 MHz, 188.35 W, 39
2026/10/08 03:47:29.810, 1, 120 MHz, 3996 MHz, 190.17 W, 40
2026/10/08 03:47:29.810, 2, 2032 MHz, 3996 MHz, 527.53 W, 40
2026/10/08 03:47:29.810, 3, 2032 MHz, 3996 MHz, 545.16 W, 42
2026/10/08 03:47:29.810, 4, 2032 MHz, 3996 MHz, 246.27 W, 41
2026/10/08 03:47:29.810, 5, 2032 MHz, 3996 MHz, 241.46 W, 39
2026/10/08 03:47:29.810, 6, 2032 MHz, 3996 MHz, 247.05 W, 33
2026/10/08 03:47:29.810, 7, 2032 MHz, 3996 MHz, 238.49 W, 31
2026/10/08 03:47:30.810, 0, 120 MHz, 3996 MHz, 188.35 W, 39
2026/10/08 03:47:30.810, 1, 120 MHz, 3996 MHz, 190.17 W, 40
2026/10/08 03:47:30.810, 2, 2032 MHz, 3996 MHz, 561.23 W, 41
2026/10/08 03:47:30.810, 3, 2032 MHz, 3996 MHz, 528.82 W, 42
2026/10/08 03:47:30.810, 4, 2032 MHz, 3996 MHz, 246.39 W, 41
2026/10/08 03:47:30.810, 5, 2032 MHz, 3996 MHz, 239.44 W, 39
2026/10/08 03:47:30.810, 6, 2032 MHz, 3996 MHz, 247.02 W, 33
2026/10/08 03:47:30.810, 7, 2032 MHz, 3996 MHz, 241.10 W, 31
2026/10/08 03:47:31.811, 0, 120 MHz, 3996 MHz, 188.35 W, 39
2026/10/08 03:47:31.811, 1, 120 MHz, 3996 MHz, 190.17 W, 40
2026/10/08 03:47:31.811, 2, 2032 MHz, 3996 MHz, 548.03 W, 42
2026/10/08 03:47:31.811, 3, 2032 MHz, 3996 MHz, 556.87 W, 42
2026/10/08 03:47:31.811, 4, 2032 MHz, 3996 MHz, 246.28 W, 41
2026/10/08 03:47:31.811, 5, 2032 MHz, 3996 MHz, 239.09 W, 39
2026/10/08 03:47:31.811, 6, 2032 MHz, 3996 MHz, 246.80 W, 33
2026/10/08 03:47:31.811, 7, 2032 MHz, 3996 MHz, 237.32 W, 31
2026/10/08 03:47:32.811, 0, 120 MHz, 3996 MHz, 188.35 W, 39
2026/10/08 03:47:32.811, 1, 120 MHz, 3996 MHz, 190.17 W, 40
2026/10/08 03:47:32.811, 2, 2032 MHz, 3996 MHz, 557.96 W, 41
2026/10/08 03:47:32.811, 3, 2032 MHz, 3996 MHz, 584.12 W, 42
2026/10/08 03:47:32.811, 4, 2032 MHz, 3996 MHz, 246.90 W, 41
2026/10/08 03:47:32.811, 5, 2032 MHz, 3996 MHz, 238.67 W, 39
2026/10/08 03:47:32.811, 6, 2032 MHz, 3996 MHz, 255.50 W, 33
2026/10/08 03:47:32.811, 7, 2032 MHz, 3996 MHz, 236.94 W, 31
2026/10/08 03:47:33.811, 0, 120 MHz, 3996 MHz, 188.35 W, 39
2026/10/08 03:47:33.811, 1, 120 MHz, 3996 MHz, 190.17 W, 40
2026/10/08 03:47:33.811, 2, 2032 MHz, 3996 MHz, 555.41 W, 41
2026/10/08 03:47:33.811, 3, 2032 MHz, 3996 MHz, 548.32 W, 42
2026/10/08 03:47:33.811, 4, 2032 MHz, 3996 MHz, 246.43 W, 41
2026/10/08 03:47:33.811, 5, 2032 MHz, 3996 MHz, 238.82 W, 39
2026/10/08 03:47:33.811, 6, 2032 MHz, 3996 MHz, 248.64 W, 33
2026/10/08 03:47:33.811, 7, 2032 MHz, 3996 MHz, 236.82 W, 31
2026/10/08 03:47:34.811, 0, 120 MHz, 3996 MHz, 188.35 W, 39
2026/10/08 03:47:34.811, 1, 120 MHz, 3996 MHz, 190.17 W, 40
2026/10/08 03:47:34.811, 2, 2032 MHz, 3996 MHz, 562.97 W, 42
2026/10/08 03:47:34.811, 3, 2032 MHz, 3996 MHz, 546.76 W, 42
2026/10/08 03:47:34.811, 4, 2032 MHz, 3996 MHz, 246.28 W, 40
2026/10/08 03:47:34.811, 5, 2032 MHz, 3996 MHz, 238.84 W, 39
2026/10/08 03:47:34.811, 6, 2032 MHz, 3996 MHz, 248.65 W, 33
2026/10/08 03:47:34.811, 7, 2032 MHz, 3996 MHz, 239.65 W, 31
2026/10/08 03:47:35.811, 0, 120 MHz, 3996 MHz, 188.35 W, 39
2026/10/08 03:47:35.812, 1, 120 MHz, 3996 MHz, 190.17 W, 40
2026/10/08 03:47:35.812, 2, 2032 MHz, 3996 MHz, 528.39 W, 41
2026/10/08 03:47:35.812, 3, 2032 MHz, 3996 MHz, 548.87 W, 41
2026/10/08 03:47:35.812, 4, 1320 MHz, 3996 MHz, 429.46 W, 53
2026/10/08 03:47:35.812, 5, 2032 MHz, 3996 MHz, 238.71 W, 39
2026/10/08 03:47:35.812, 6, 2032 MHz, 3996 MHz, 248.63 W, 33
2026/10/08 03:47:35.812, 7, 2032 MHz, 3996 MHz, 242.88 W, 31
2026/10/08 03:47:36.812, 0, 120 MHz, 3996 MHz, 188.35 W, 39
2026/10/08 03:47:36.812, 1, 120 MHz, 3996 MHz, 190.17 W, 40
2026/10/08 03:47:36.812, 2, 2032 MHz, 3996 MHz, 569.82 W, 42
2026/10/08 03:47:36.812, 3, 2032 MHz, 3996 MHz, 548.66 W, 42
2026/10/08 03:47:36.812, 4, 2032 MHz, 3996 MHz, 431.46 W, 43
2026/10/08 03:47:36.812, 5, 2032 MHz, 3996 MHz, 238.62 W, 39
2026/10/08 03:47:36.812, 6, 2032 MHz, 3996 MHz, 248.65 W, 33
2026/10/08 03:47:36.812, 7, 2032 MHz, 3996 MHz, 238.68 W, 31
2026/10/08 03:47:37.812, 0, 120 MHz, 3996 MHz, 188.35 W, 39
2026/10/08 03:47:37.812, 1, 120 MHz, 3996 MHz, 190.17 W, 40
2026/10/08 03:47:37.812, 2, 2032 MHz, 3996 MHz, 545.88 W, 41
2026/10/08 03:47:37.812, 3, 2032 MHz, 3996 MHz, 525.72 W, 41
2026/10/08 03:47:37.812, 4, 1365 MHz, 3996 MHz, 530.58 W, 55
2026/10/08 03:47:37.812, 5, 2032 MHz, 3996 MHz, 238.25 W, 39
2026/10/08 03:47:37.812, 6, 2032 MHz, 3996 MHz, 248.49 W, 33
2026/10/08 03:47:37.812, 7, 2032 MHz, 3996 MHz, 238.68 W, 31
2026/10/08 03:47:38.812, 0, 120 MHz, 3996 MHz, 188.35 W, 39
2026/10/08 03:47:38.812, 1, 120 MHz, 3996 MHz, 190.17 W, 40
2026/10/08 03:47:38.812, 2, 2032 MHz, 3996 MHz, 546.56 W, 41
2026/10/08 03:47:38.812, 3, 2032 MHz, 3996 MHz, 527.19 W, 41
2026/10/08 03:47:38.812, 4, 1312 MHz, 3996 MHz, 998.04 W, 59
2026/10/08 03:47:38.812, 5, 2032 MHz, 3996 MHz, 237.60 W, 39
2026/10/08 03:47:38.812, 6, 2032 MHz, 3996 MHz, 248.38 W, 33
2026/10/08 03:47:38.812, 7, 2032 MHz, 3996 MHz, 238.68 W, 31
2026/10/08 03:47:39.813, 0, 120 MHz, 3996 MHz, 188.35 W, 39
2026/10/08 03:47:39.813, 1, 120 MHz, 3996 MHz, 190.17 W, 40
2026/10/08 03:47:39.813, 2, 2032 MHz, 3996 MHz, 530.03 W, 41
2026/10/08 03:47:39.813, 3, 2032 MHz, 3996 MHz, 549.12 W, 42
2026/10/08 03:47:39.813, 4, 1845 MHz, 3996 MHz, 1066.45 W, 60
2026/10/08 03:47:39.813, 5, 2032 MHz, 3996 MHz, 237.58 W, 38
2026/10/08 03:47:39.813, 6, 2032 MHz, 3996 MHz, 248.57 W, 33
2026/10/08 03:47:39.813, 7, 2032 MHz, 3996 MHz, 238.68 W, 31
2026/10/08 03:47:40.813, 0, 120 MHz, 3996 MHz, 188.35 W, 39
2026/10/08 03:47:40.813, 1, 120 MHz, 3996 MHz, 190.17 W, 40
2026/10/08 03:47:40.813, 2, 2032 MHz, 3996 MHz, 541.86 W, 41
2026/10/08 03:47:40.813, 3, 2032 MHz, 3996 MHz, 511.01 W, 41
2026/10/08 03:47:40.813, 4, 2032 MHz, 3996 MHz, 961.43 W, 53
2026/10/08 03:47:40.813, 5, 1462 MHz, 3996 MHz, 300.18 W, 51
2026/10/08 03:47:40.813, 6, 2032 MHz, 3996 MHz, 246.81 W, 32
2026/10/08 03:47:40.813, 7, 2032 MHz, 3996 MHz, 238.68 W, 31
2026/10/08 03:47:41.813, 0, 120 MHz, 3996 MHz, 188.35 W, 39
2026/10/08 03:47:41.813, 1, 120 MHz, 3996 MHz, 190.17 W, 40
2026/10/08 03:47:41.813, 2, 2032 MHz, 3996 MHz, 525.04 W, 41
2026/10/08 03:47:41.813, 3, 2032 MHz, 3996 MHz, 528.33 W, 40
2026/10/08 03:47:41.813, 4, 2032 MHz, 3996 MHz, 968.70 W, 54
2026/10/08 03:47:41.813, 5, 2032 MHz, 3996 MHz, 483.84 W, 46
2026/10/08 03:47:41.813, 6, 2032 MHz, 3996 MHz, 246.76 W, 32
2026/10/08 03:47:41.813, 7, 2032 MHz, 3996 MHz, 238.68 W, 31
2026/10/08 03:47:42.813, 0, 120 MHz, 3996 MHz, 188.35 W, 38
2026/10/08 03:47:42.813, 1, 120 MHz, 3996 MHz, 190.17 W, 40
2026/10/08 03:47:42.813, 2, 2032 MHz, 3996 MHz, 531.23 W, 41
2026/10/08 03:47:42.813, 3, 2032 MHz, 3996 MHz, 544.86 W, 41
2026/10/08 03:47:42.813, 4, 2032 MHz, 3996 MHz, 971.09 W, 54
2026/10/08 03:47:42.813, 5, 2032 MHz, 3996 MHz, 301.42 W, 39
2026/10/08 03:47:42.813, 6, 2032 MHz, 3996 MHz, 246.74 W, 32
2026/10/08 03:47:42.813, 7, 2032 MHz, 3996 MHz, 238.60 W, 31
2026/10/08 03:47:43.814, 0, 120 MHz, 3996 MHz, 188.35 W, 38
2026/10/08 03:47:43.814, 1, 120 MHz, 3996 MHz, 190.17 W, 40
2026/10/08 03:47:43.814, 2, 2032 MHz, 3996 MHz, 531.79 W, 41
2026/10/08 03:47:43.814, 3, 2032 MHz, 3996 MHz, 566.64 W, 42
2026/10/08 03:47:43.814, 4, 2032 MHz, 3996 MHz, 972.22 W, 54
2026/10/08 03:47:43.814, 5, 1402 MHz, 3996 MHz, 660.69 W, 53
2026/10/08 03:47:43.814, 6, 2032 MHz, 3996 MHz, 246.75 W, 32
2026/10/08 03:47:43.814, 7, 2032 MHz, 3996 MHz, 237.94 W, 31
2026/10/08 03:47:44.814, 0, 120 MHz, 3996 MHz, 188.35 W, 38
2026/10/08 03:47:44.814, 1, 120 MHz, 3996 MHz, 190.17 W, 40
2026/10/08 03:47:44.814, 2, 2032 MHz, 3996 MHz, 527.84 W, 41
2026/10/08 03:47:44.814, 3, 2032 MHz, 3996 MHz, 563.20 W, 42
2026/10/08 03:47:44.814, 4, 2032 MHz, 3996 MHz, 973.50 W, 55
2026/10/08 03:47:44.814, 5, 1350 MHz, 3996 MHz, 1098.45 W, 58
2026/10/08 03:47:44.814, 6, 2032 MHz, 3996 MHz, 246.74 W, 32
2026/10/08 03:47:44.814, 7, 2032 MHz, 3996 MHz, 237.42 W, 31
2026/10/08 03:47:45.814, 0, 120 MHz, 3996 MHz, 188.35 W, 38
2026/10/08 03:47:45.814, 1, 120 MHz, 3996 MHz, 190.17 W, 40
2026/10/08 03:47:45.814, 2, 2032 MHz, 3996 MHz, 528.02 W, 41
2026/10/08 03:47:45.814, 3, 2032 MHz, 3996 MHz, 539.55 W, 41
2026/10/08 03:47:45.814, 4, 2032 MHz, 3996 MHz, 974.74 W, 55
2026/10/08 03:47:45.814, 5, 2032 MHz, 3996 MHz, 1018.70 W, 51
2026/10/08 03:47:45.814, 6, 2032 MHz, 3996 MHz, 592.38 W, 39
2026/10/08 03:47:45.814, 7, 2032 MHz, 3996 MHz, 236.85 W, 31
2026/10/08 03:47:46.814, 0, 120 MHz, 3996 MHz, 188.35 W, 38
2026/10/08 03:47:46.814, 1, 120 MHz, 3996 MHz, 190.17 W, 40
2026/10/08 03:47:46.814, 2, 2032 MHz, 3996 MHz, 548.51 W, 40
2026/10/08 03:47:46.814, 3, 2032 MHz, 3996 MHz, 523.59 W, 41
2026/10/08 03:47:46.814, 4, 2032 MHz, 3996 MHz, 976.91 W, 55
2026/10/08 03:47:46.814, 5, 2032 MHz, 3996 MHz, 953.49 W, 51
2026/10/08 03:47:46.814, 6, 2032 MHz, 3996 MHz, 441.41 W, 34
2026/10/08 03:47:46.814, 7, 2032 MHz, 3996 MHz, 236.63 W, 30
2026/10/08 03:47:47.815, 0, 120 MHz, 3996 MHz, 188.35 W, 38
2026/10/08 03:47:47.815, 1, 120 MHz, 3996 MHz, 190.17 W, 40
2026/10/08 03:47:47.815, 2, 2032 MHz, 3996 MHz, 547.33 W, 41
2026/10/08 03:47:47.815, 3, 2032 MHz, 3996 MHz, 545.66 W, 41
2026/10/08 03:47:47.815, 4, 2032 MHz, 3996 MHz, 983.36 W, 56
2026/10/08 03:47:47.815, 5, 2032 MHz, 3996 MHz, 950.38 W, 51
2026/10/08 03:47:47.815, 6, 2032 MHz, 3996 MHz, 600.38 W, 38
2026/10/08 03:47:47.815, 7, 2032 MHz, 3996 MHz, 420.16 W, 34
2026/10/08 03:47:48.815, 0, 120 MHz, 3996 MHz, 188.35 W, 38
2026/10/08 03:47:48.815, 1, 120 MHz, 3996 MHz, 190.17 W, 40
2026/10/08 03:47:48.815, 2, 2032 MHz, 3996 MHz, 551.88 W, 41
2026/10/08 03:47:48.815, 3, 2032 MHz, 3996 MHz, 536.95 W, 41
2026/10/08 03:47:48.815, 4, 1312 MHz, 3996 MHz, 1078.67 W, 63
2026/10/08 03:47:48.815, 5, 2032 MHz, 3996 MHz, 950.30 W, 52
2026/10/08 03:47:48.815, 6, 1275 MHz, 3996 MHz, 989.43 W, 51
2026/10/08 03:47:48.815, 7, 2032 MHz, 3996 MHz, 567.61 W, 34
2026/10/08 03:47:49.815, 0, 120 MHz, 3996 MHz, 188.35 W, 38
2026/10/08 03:47:49.815, 1, 120 MHz, 3996 MHz, 190.17 W, 40
2026/10/08 03:47:49.815, 2, 2032 MHz, 3996 MHz, 563.97 W, 41
2026/10/08 03:47:49.815, 3, 2032 MHz, 3996 MHz, 558.15 W, 41
2026/10/08 03:47:49.815, 4, 1327 MHz, 3996 MHz, 1080.95 W, 63
2026/10/08 03:47:49.815, 5, 2032 MHz, 3996 MHz, 953.12 W, 52
2026/10/08 03:47:49.815, 6, 1297 MHz, 3996 MHz, 1086.95 W, 52
2026/10/08 03:47:49.815, 7, 1440 MHz, 3996 MHz, 337.79 W, 40
2026/10/08 03:47:50.815, 0, 120 MHz, 3996 MHz, 188.35 W, 38
2026/10/08 03:47:50.815, 1, 120 MHz, 3996 MHz, 190.17 W, 40
2026/10/08 03:47:50.815, 2, 2032 MHz, 3996 MHz, 555.80 W, 41
2026/10/08 03:47:50.815, 3, 2032 MHz, 3996 MHz, 570.57 W, 42
2026/10/08 03:47:50.815, 4, 2032 MHz, 3996 MHz, 995.19 W, 57
2026/10/08 03:47:50.815, 5, 2032 MHz, 3996 MHz, 955.92 W, 53
2026/10/08 03:47:50.815, 6, 1312 MHz, 3996 MHz, 1088.93 W, 53
2026/10/08 03:47:50.815, 7, 1267 MHz, 3996 MHz, 866.99 W, 47
2026/10/08 03:47:51.816, 0, 120 MHz, 3996 MHz, 188.35 W, 38
2026/10/08 03:47:51.816, 1, 120 MHz, 3996 MHz, 190.17 W, 40
2026/10/08 03:47:51.816, 2, 2032 MHz, 3996 MHz, 538.71 W, 41
2026/10/08 03:47:51.816, 3, 2032 MHz, 3996 MHz, 551.43 W, 41
2026/10/08 03:47:51.816, 4, 2032 MHz, 3996 MHz, 972.88 W, 57
2026/10/08 03:47:51.816, 5, 2032 MHz, 3996 MHz, 956.27 W, 53
2026/10/08 03:47:51.816, 6, 1320 MHz, 3996 MHz, 1088.94 W, 53
2026/10/08 03:47:51.816, 7, 1312 MHz, 3996 MHz, 1080.14 W, 49
2026/10/08 03:47:52.816, 0, 120 MHz, 3996 MHz, 188.35 W, 38
2026/10/08 03:47:52.816, 1, 120 MHz, 3996 MHz, 190.13 W, 40
2026/10/08 03:47:52.816, 2, 2032 MHz, 3996 MHz, 536.35 W, 41
2026/10/08 03:47:52.816, 3, 2032 MHz, 3996 MHz, 526.86 W, 41
2026/10/08 03:47:52.816, 4, 2032 MHz, 3996 MHz, 974.65 W, 57
2026/10/08 03:47:52.816, 5, 2032 MHz, 3996 MHz, 955.59 W, 53
2026/10/08 03:47:52.816, 6, 1320 MHz, 3996 MHz, 1089.74 W, 53
2026/10/08 03:47:52.816, 7, 1312 MHz, 3996 MHz, 1082.56 W, 50
2026/10/08 03:47:53.816, 0, 120 MHz, 3996 MHz, 188.35 W, 38
2026/10/08 03:47:53.816, 1, 120 MHz, 3996 MHz, 190.17 W, 40
2026/10/08 03:47:53.816, 2, 2032 MHz, 3996 MHz, 561.01 W, 41
2026/10/08 03:47:53.816, 3, 2032 MHz, 3996 MHz, 556.90 W, 41
2026/10/08 03:47:53.816, 4, 2032 MHz, 3996 MHz, 976.21 W, 57
2026/10/08 03:47:53.816, 5, 1357 MHz, 3996 MHz, 1000.74 W, 60
2026/10/08 03:47:53.816, 6, 1320 MHz, 3996 MHz, 1087.77 W, 54
2026/10/08 03:47:53.816, 7, 1320 MHz, 3996 MHz, 1083.20 W, 50
2026/10/08 03:47:54.816, 0, 120 MHz, 3996 MHz, 188.35 W, 38
2026/10/08 03:47:54.816, 1, 120 MHz, 3996 MHz, 190.17 W, 40
2026/10/08 03:47:54.816, 2, 2032 MHz, 3996 MHz, 546.87 W, 41
2026/10/08 03:47:54.816, 3, 2032 MHz, 3996 MHz, 544.78 W, 41
2026/10/08 03:47:54.816, 4, 2032 MHz, 3996 MHz, 978.34 W, 57
2026/10/08 03:47:54.816, 5, 1357 MHz, 3996 MHz, 1084.59 W, 62
2026/10/08 03:47:54.816, 6, 1320 MHz, 3996 MHz, 1089.16 W, 53
2026/10/08 03:47:54.816, 7, 1327 MHz, 3996 MHz, 1082.75 W, 51
2026/10/08 03:47:55.817, 0, 120 MHz, 3996 MHz, 188.35 W, 38
2026/10/08 03:47:55.817, 1, 120 MHz, 3996 MHz, 190.17 W, 40
2026/10/08 03:47:55.817, 2, 2032 MHz, 3996 MHz, 569.90 W, 41
2026/10/08 03:47:55.817, 3, 2032 MHz, 3996 MHz, 513.87 W, 41
2026/10/08 03:47:55.817, 4, 2032 MHz, 3996 MHz, 979.87 W, 58
2026/10/08 03:47:55.817, 5, 1762 MHz, 3996 MHz, 1067.98 W, 56
2026/10/08 03:47:55.817, 6, 1312 MHz, 3996 MHz, 1086.50 W, 54
2026/10/08 03:47:55.817, 7, 1335 MHz, 3996 MHz, 1082.74 W, 51
2026/10/08 03:47:56.817, 0, 120 MHz, 3996 MHz, 188.35 W, 38
2026/10/08 03:47:56.817, 1, 120 MHz, 3996 MHz, 190.17 W, 40
2026/10/08 03:47:56.817, 2, 2032 MHz, 3996 MHz, 550.78 W, 41
2026/10/08 03:47:56.817, 3, 2032 MHz, 3996 MHz, 573.24 W, 42
2026/10/08 03:47:56.817, 4, 2032 MHz, 3996 MHz, 980.14 W, 58
2026/10/08 03:47:56.817, 5, 2032 MHz, 3996 MHz, 948.02 W, 55
2026/10/08 03:47:56.817, 6, 2032 MHz, 3996 MHz, 1065.27 W, 49
2026/10/08 03:47:56.817, 7, 1327 MHz, 3996 MHz, 1083.12 W, 51
2026/10/08 03:47:57.817, 0, 120 MHz, 3996 MHz, 188.35 W, 38
2026/10/08 03:47:57.817, 1, 120 MHz, 3996 MHz, 190.17 W, 40
2026/10/08 03:47:57.817, 2, 2032 MHz, 3996 MHz, 538.61 W, 40
2026/10/08 03:47:57.817, 3, 2032 MHz, 3996 MHz, 555.38 W, 42
2026/10/08 03:47:57.817, 4, 2032 MHz, 3996 MHz, 981.68 W, 58
2026/10/08 03:47:57.817, 5, 2032 MHz, 3996 MHz, 954.42 W, 55
2026/10/08 03:47:57.817, 6, 2032 MHz, 3996 MHz, 1091.09 W, 50
2026/10/08 03:47:57.817, 7, 1350 MHz, 3996 MHz, 1080.76 W, 52
2026/10/08 03:47:58.817, 0, 120 MHz, 3996 MHz, 188.35 W, 38
2026/10/08 03:47:58.817, 1, 120 MHz, 3996 MHz, 190.17 W, 40
2026/10/08 03:47:58.817, 2, 2032 MHz, 3996 MHz, 556.23 W, 41
2026/10/08 03:47:58.817, 3, 2032 MHz, 3996 MHz, 605.19 W, 42
2026/10/08 03:47:58.817, 4, 1297 MHz, 3996 MHz, 1041.64 W, 65
2026/10/08 03:47:58.817, 5, 2032 MHz, 3996 MHz, 956.24 W, 55
2026/10/08 03:47:58.817, 6, 2032 MHz, 3996 MHz, 1091.75 W, 50
2026/10/08 03:47:58.817, 7, 1320 MHz, 3996 MHz, 1081.51 W, 52
2026/10/08 03:47:59.818, 0, 120 MHz, 3996 MHz, 188.35 W, 38
2026/10/08 03:47:59.818, 1, 120 MHz, 3996 MHz, 190.17 W, 40
2026/10/08 03:47:59.818, 2, 2032 MHz, 3996 MHz, 556.92 W, 41
2026/10/08 03:47:59.818, 3, 2032 MHz, 3996 MHz, 548.75 W, 42
2026/10/08 03:47:59.818, 4, 1320 MHz, 3996 MHz, 1084.91 W, 66
2026/10/08 03:47:59.818, 5, 2032 MHz, 3996 MHz, 957.86 W, 55
2026/10/08 03:47:59.818, 6, 2032 MHz, 3996 MHz, 1090.42 W, 51
2026/10/08 03:47:59.818, 7, 2032 MHz, 3996 MHz, 1043.23 W, 47
2026/10/08 03:48:00.818, 0, 120 MHz, 3996 MHz, 188.35 W, 38
2026/10/08 03:48:00.818, 1, 120 MHz, 3996 MHz, 190.17 W, 40
2026/10/08 03:48:00.818, 2, 2032 MHz, 3996 MHz, 543.28 W, 41
2026/10/08 03:48:00.818, 3, 2032 MHz, 3996 MHz, 566.49 W, 42
2026/10/08 03:48:00.818, 4, 2032 MHz, 3996 MHz, 1037.33 W, 59
2026/10/08 03:48:00.818, 5, 2032 MHz, 3996 MHz, 959.57 W, 56
2026/10/08 03:48:00.818, 6, 2032 MHz, 3996 MHz, 1090.13 W, 51
2026/10/08 03:48:00.818, 7, 2032 MHz, 3996 MHz, 1057.26 W, 47
2026/10/08 03:48:01.818, 0, 120 MHz, 3996 MHz, 188.35 W, 38
2026/10/08 03:48:01.818, 1, 120 MHz, 3996 MHz, 190.13 W, 40
2026/10/08 03:48:01.818, 2, 2032 MHz, 3996 MHz, 566.80 W, 42
2026/10/08 03:48:01.818, 3, 2032 MHz, 3996 MHz, 567.89 W, 42
2026/10/08 03:48:01.818, 4, 2032 MHz, 3996 MHz, 979.24 W, 59
2026/10/08 03:48:01.818, 5, 2032 MHz, 3996 MHz, 960.42 W, 56
2026/10/08 03:48:01.818, 6, 2032 MHz, 3996 MHz, 1090.09 W, 51
2026/10/08 03:48:01.818, 7, 2032 MHz, 3996 MHz, 1057.09 W, 47
2026/10/08 03:48:02.818, 0, 120 MHz, 3996 MHz, 188.35 W, 38
2026/10/08 03:48:02.818, 1, 120 MHz, 3996 MHz, 190.17 W, 40
2026/10/08 03:48:02.818, 2, 2032 MHz, 3996 MHz, 580.61 W, 41
2026/10/08 03:48:02.818, 3, 2032 MHz, 3996 MHz, 517.44 W, 41
2026/10/08 03:48:02.818, 4, 2032 MHz, 3996 MHz, 980.13 W, 59
2026/10/08 03:48:02.818, 5, 2032 MHz, 3996 MHz, 961.59 W, 56
2026/10/08 03:48:02.818, 6, 2032 MHz, 3996 MHz, 1092.51 W, 51
2026/10/08 03:48:02.818, 7, 2032 MHz, 3996 MHz, 1057.32 W, 48
2026/10/08 03:48:03.819, 0, 120 MHz, 3996 MHz, 188.35 W, 38
2026/10/08 03:48:03.819, 1, 120 MHz, 3996 MHz, 190.17 W, 40
2026/10/08 03:48:03.819, 2, 2032 MHz, 3996 MHz, 556.99 W, 41
2026/10/08 03:48:03.819, 3, 2032 MHz, 3996 MHz, 537.42 W, 41
2026/10/08 03:48:03.819, 4, 2032 MHz, 3996 MHz, 981.62 W, 60
2026/10/08 03:48:03.819, 5, 2032 MHz, 3996 MHz, 963.53 W, 57
2026/10/08 03:48:03.819, 6, 2032 MHz, 3996 MHz, 1095.02 W, 52
2026/10/08 03:48:03.819, 7, 2032 MHz, 3996 MHz, 1056.73 W, 48
2026/10/08 03:48:04.819, 0, 120 MHz, 3996 MHz, 188.35 W, 38
2026/10/08 03:48:04.819, 1, 120 MHz, 3996 MHz, 190.09 W, 40
2026/10/08 03:48:04.819, 2, 2032 MHz, 3996 MHz, 561.23 W, 41
2026/10/08 03:48:04.819, 3, 2032 MHz, 3996 MHz, 540.45 W, 41
2026/10/08 03:48:04.819, 4, 2032 MHz, 3996 MHz, 982.77 W, 60
2026/10/08 03:48:04.819, 5, 1350 MHz, 3996 MHz, 1085.85 W, 64
2026/10/08 03:48:04.819, 6, 2032 MHz, 3996 MHz, 1093.93 W, 52
2026/10/08 03:48:04.819, 7, 2032 MHz, 3996 MHz, 1057.89 W, 48
2026/10/08 03:48:05.819, 0, 120 MHz, 3996 MHz, 188.35 W, 38
2026/10/08 03:48:05.819, 1, 120 MHz, 3996 MHz, 190.13 W, 40
2026/10/08 03:48:05.819, 2, 2032 MHz, 3996 MHz, 548.07 W, 41
2026/10/08 03:48:05.819, 3, 2032 MHz, 3996 MHz, 545.55 W, 41
2026/10/08 03:48:05.819, 4, 2032 MHz, 3996 MHz, 987.35 W, 60
2026/10/08 03:48:05.819, 5, 1372 MHz, 3996 MHz, 1082.86 W, 65
2026/10/08 03:48:05.819, 6, 2032 MHz, 3996 MHz, 1093.83 W, 52
2026/10/08 03:48:05.819, 7, 2032 MHz, 3996 MHz, 1060.45 W, 49
2026/10/08 03:48:06.819, 0, 120 MHz, 3996 MHz, 188.35 W, 38
2026/10/08 03:48:06.819, 1, 120 MHz, 3996 MHz, 190.09 W, 40
2026/10/08 03:48:06.819, 2, 2032 MHz, 3996 MHz, 558.99 W, 41
2026/10/08 03:48:06.819, 3, 2032 MHz, 3996 MHz, 549.42 W, 41
2026/10/08 03:48:06.819, 4, 2032 MHz, 3996 MHz, 993.35 W, 60
2026/10/08 03:48:06.819, 5, 2032 MHz, 3996 MHz, 980.57 W, 58
2026/10/08 03:48:06.819, 6, 2032 MHz, 3996 MHz, 1093.66 W, 53
2026/10/08 03:48:06.819, 7, 2032 MHz, 3996 MHz, 1061.24 W, 49
2026/10/08 03:48:07.819, 0, 120 MHz, 3996 MHz, 188.35 W, 38
2026/10/08 03:48:07.820, 1, 120 MHz, 3996 MHz, 190.17 W, 40
2026/10/08 03:48:07.820, 2, 2032 MHz, 3996 MHz, 522.08 W, 40
2026/10/08 03:48:07.820, 3, 2032 MHz, 3996 MHz, 546.76 W, 41
2026/10/08 03:48:07.820, 4, 2032 MHz, 3996 MHz, 989.78 W, 61
2026/10/08 03:48:07.820, 5, 2032 MHz, 3996 MHz, 961.77 W, 58
2026/10/08 03:48:07.820, 6, 2032 MHz, 3996 MHz, 1094.06 W, 53
2026/10/08 03:48:07.820, 7, 2032 MHz, 3996 MHz, 1061.25 W, 49
2026/10/08 03:48:08.820, 0, 120 MHz, 3996 MHz, 188.35 W, 38
2026/10/08 03:48:08.820, 1, 120 MHz, 3996 MHz, 190.17 W, 40
2026/10/08 03:48:08.820, 2, 2032 MHz, 3996 MHz, 507.42 W, 40
2026/10/08 03:48:08.820, 3, 2032 MHz, 3996 MHz, 547.05 W, 41
2026/10/08 03:48:08.820, 4, 2032 MHz, 3996 MHz, 988.73 W, 63
2026/10/08 03:48:08.820, 5, 2032 MHz, 3996 MHz, 962.97 W, 58
2026/10/08 03:48:08.820, 6, 2032 MHz, 3996 MHz, 1094.80 W, 53
2026/10/08 03:48:08.820, 7, 2032 MHz, 3996 MHz, 1060.77 W, 49
2026/10/08 03:48:09.820, 0, 120 MHz, 3996 MHz, 188.35 W, 38
2026/10/08 03:48:09.820, 1, 120 MHz, 3996 MHz, 190.13 W, 40
2026/10/08 03:48:09.820, 2, 2032 MHz, 3996 MHz, 537.03 W, 40
2026/10/08 03:48:09.820, 3, 2032 MHz, 3996 MHz, 561.16 W, 40
2026/10/08 03:48:09.820, 4, 1320 MHz, 3996 MHz, 1100.19 W, 68
2026/10/08 03:48:09.820, 5, 2032 MHz, 3996 MHz, 966.56 W, 58
2026/10/08 03:48:09.820, 6, 2032 MHz, 3996 MHz, 1093.96 W, 53
2026/10/08 03:48:09.820, 7, 2032 MHz, 3996 MHz, 1060.25 W, 49
2026/10/08 03:48:10.820, 0, 120 MHz, 3996 MHz, 188.35 W, 38
2026/10/08 03:48:10.820, 1, 120 MHz, 3996 MHz, 190.17 W, 40
2026/10/08 03:48:10.820, 2, 2032 MHz, 3996 MHz, 553.79 W, 41
2026/10/08 03:48:10.820, 3, 2032 MHz, 3996 MHz, 566.61 W, 41
2026/10/08 03:48:10.820, 4, 1320 MHz, 3996 MHz, 1084.38 W, 68
2026/10/08 03:48:10.820, 5, 2032 MHz, 3996 MHz, 971.72 W, 59
2026/10/08 03:48:10.820, 6, 2025 MHz, 3996 MHz, 1091.70 W, 53
2026/10/08 03:48:10.820, 7, 2032 MHz, 3996 MHz, 1060.81 W, 50
2026/10/08 03:48:11.820, 0, 120 MHz, 3996 MHz, 188.35 W, 38
2026/10/08 03:48:11.820, 1, 120 MHz, 3996 MHz, 190.17 W, 40
2026/10/08 03:48:11.821, 2, 2032 MHz, 3996 MHz, 556.05 W, 40
2026/10/08 03:48:11.821, 3, 2032 MHz, 3996 MHz, 567.18 W, 41
2026/10/08 03:48:11.821, 4, 2032 MHz, 3996 MHz, 983.14 W, 62
2026/10/08 03:48:11.821, 5, 2032 MHz, 3996 MHz, 971.01 W, 59
2026/10/08 03:48:11.821, 6, 2032 MHz, 3996 MHz, 1093.06 W, 53
2026/10/08 03:48:11.821, 7, 2032 MHz, 3996 MHz, 1064.98 W, 50
2026/10/08 03:48:12.821, 0, 120 MHz, 3996 MHz, 188.35 W, 38
2026/10/08 03:48:12.821, 1, 120 MHz, 3996 MHz, 190.17 W, 40
2026/10/08 03:48:12.821, 2, 2032 MHz, 3996 MHz, 553.48 W, 40
2026/10/08 03:48:12.821, 3, 2032 MHz, 3996 MHz, 541.72 W, 40
2026/10/08 03:48:12.821, 4, 2032 MHz, 3996 MHz, 984.62 W, 62
2026/10/08 03:48:12.821, 5, 2032 MHz, 3996 MHz, 968.43 W, 59
2026/10/08 03:48:12.821, 6, 2025 MHz, 3996 MHz, 1093.47 W, 54
2026/10/08 03:48:12.821, 7, 2032 MHz, 3996 MHz, 1066.19 W, 50
2026/10/08 03:48:13.821, 0, 120 MHz, 3996 MHz, 188.35 W, 38
2026/10/08 03:48:13.821, 1, 120 MHz, 3996 MHz, 190.17 W, 40
2026/10/08 03:48:13.821, 2, 2032 MHz, 3996 MHz, 564.43 W, 41
2026/10/08 03:48:13.821, 3, 2032 MHz, 3996 MHz, 561.88 W, 41
2026/10/08 03:48:13.821, 4, 2032 MHz, 3996 MHz, 985.30 W, 62
2026/10/08 03:48:13.821, 5, 2032 MHz, 3996 MHz, 969.66 W, 59
2026/10/08 03:48:13.821, 6, 2032 MHz, 3996 MHz, 1091.91 W, 54
2026/10/08 03:48:13.821, 7, 2032 MHz, 3996 MHz, 1064.81 W, 50
2026/10/08 03:48:14.821, 0, 120 MHz, 3996 MHz, 188.35 W, 38
2026/10/08 03:48:14.821, 1, 120 MHz, 3996 MHz, 190.17 W, 40
2026/10/08 03:48:14.821, 2, 2032 MHz, 3996 MHz, 584.90 W, 42
2026/10/08 03:48:14.821, 3, 2032 MHz, 3996 MHz, 598.08 W, 42
2026/10/08 03:48:14.821, 4, 2032 MHz, 3996 MHz, 987.28 W, 62
2026/10/08 03:48:14.821, 5, 1350 MHz, 3996 MHz, 1043.06 W, 66
2026/10/08 03:48:14.821, 6, 2025 MHz, 3996 MHz, 1096.14 W, 54
2026/10/08 03:48:14.821, 7, 2032 MHz, 3996 MHz, 1064.70 W, 50
2026/10/08 03:48:15.821, 0, 120 MHz, 3996 MHz, 188.35 W, 38
2026/10/08 03:48:15.821, 1, 120 MHz, 3996 MHz, 190.17 W, 40
2026/10/08 03:48:15.821, 2, 2032 MHz, 3996 MHz, 562.90 W, 41
2026/10/08 03:48:15.822, 3, 2032 MHz, 3996 MHz, 549.79 W, 41
2026/10/08 03:48:15.822, 4, 2032 MHz, 3996 MHz, 989.29 W, 62
2026/10/08 03:48:15.822, 5, 1357 MHz, 3996 MHz, 1082.72 W, 67
2026/10/08 03:48:15.822, 6, 2025 MHz, 3996 MHz, 1091.70 W, 54
2026/10/08 03:48:15.822, 7, 2032 MHz, 3996 MHz, 1064.58 W, 51
2026/10/08 03:48:16.822, 0, 120 MHz, 3996 MHz, 188.35 W, 38
2026/10/08 03:48:16.822, 1, 120 MHz, 3996 MHz, 190.17 W, 40
2026/10/08 03:48:16.822, 2, 2032 MHz, 3996 MHz, 564.64 W, 41
2026/10/08 03:48:16.822, 3, 2032 MHz, 3996 MHz, 524.97 W, 40
2026/10/08 03:48:16.822, 4, 2032 MHz, 3996 MHz, 990.20 W, 62
2026/10/08 03:48:16.822, 5, 2032 MHz, 3996 MHz, 1022.41 W, 61
2026/10/08 03:48:16.822, 6, 2017 MHz, 3996 MHz, 1090.56 W, 54
2026/10/08 03:48:16.822, 7, 2032 MHz, 3996 MHz, 1063.65 W, 51
2026/10/08 03:48:17.822, 0, 120 MHz, 3996 MHz, 188.35 W, 38
2026/10/08 03:48:17.822, 1, 120 MHz, 3996 MHz, 190.17 W, 40
2026/10/08 03:48:17.822, 2, 2032 MHz, 3996 MHz, 563.14 W, 41
2026/10/08 03:48:17.822, 3, 2032 MHz, 3996 MHz, 528.60 W, 40
2026/10/08 03:48:17.822, 4, 2032 MHz, 3996 MHz, 990.44 W, 62
2026/10/08 03:48:17.822, 5, 2032 MHz, 3996 MHz, 966.03 W, 60
2026/10/08 03:48:17.822, 6, 2025 MHz, 3996 MHz, 1091.62 W, 54
2026/10/08 03:48:17.822, 7, 2032 MHz, 3996 MHz, 1064.51 W, 51
2026/10/08 03:48:18.822, 0, 120 MHz, 3996 MHz, 188.35 W, 38
2026/10/08 03:48:18.822, 1, 120 MHz, 3996 MHz, 190.17 W, 39
2026/10/08 03:48:18.822, 2, 2032 MHz, 3996 MHz, 538.90 W, 40
2026/10/08 03:48:18.822, 3, 2032 MHz, 3996 MHz, 513.32 W, 40
2026/10/08 03:48:18.822, 4, 2032 MHz, 3996 MHz, 991.50 W, 62
2026/10/08 03:48:18.822, 5, 2032 MHz, 3996 MHz, 966.18 W, 60
2026/10/08 03:48:18.822, 6, 2025 MHz, 3996 MHz, 1091.94 W, 54
2026/10/08 03:48:18.822, 7, 2032 MHz, 3996 MHz, 1066.57 W, 51
2026/10/08 03:48:19.823, 0, 120 MHz, 3996 MHz, 188.20 W, 38
2026/10/08 03:48:19.823, 1, 120 MHz, 3996 MHz, 190.17 W, 39
2026/10/08 03:48:19.823, 2, 2032 MHz, 3996 MHz, 554.92 W, 40
2026/10/08 03:48:19.823, 3, 2032 MHz, 3996 MHz, 535.10 W, 41
2026/10/08 03:48:19.823, 4, 1312 MHz, 3996 MHz, 1060.42 W, 69
2026/10/08 03:48:19.823, 5, 2032 MHz, 3996 MHz, 968.01 W, 60
2026/10/08 03:48:19.823, 6, 2025 MHz, 3996 MHz, 1093.22 W, 54
2026/10/08 03:48:19.823, 7, 2032 MHz, 3996 MHz, 1066.45 W, 51
2026/10/08 03:48:20.823, 0, 120 MHz, 3996 MHz, 187.97 W, 37
2026/10/08 03:48:20.823, 1, 120 MHz, 3996 MHz, 190.17 W, 39
2026/10/08 03:48:20.823, 2, 2032 MHz, 3996 MHz, 533.94 W, 39
2026/10/08 03:48:20.823, 3, 2032 MHz, 3996 MHz, 518.32 W, 40
2026/10/08 03:48:20.823, 4, 1320 MHz, 3996 MHz, 1085.12 W, 69
2026/10/08 03:48:20.823, 5, 2032 MHz, 3996 MHz, 969.07 W, 60
2026/10/08 03:48:20.823, 6, 2025 MHz, 3996 MHz, 1092.62 W, 54
2026/10/08 03:48:20.823, 7, 2032 MHz, 3996 MHz, 1066.36 W, 51
2026/10/08 03:48:21.823, 0, 120 MHz, 3996 MHz, 187.74 W, 37
2026/10/08 03:48:21.823, 1, 120 MHz, 3996 MHz, 190.17 W, 39
2026/10/08 03:48:21.823, 2, 2032 MHz, 3996 MHz, 518.52 W, 40
2026/10/08 03:48:21.823, 3, 2032 MHz, 3996 MHz, 505.27 W, 39
2026/10/08 03:48:21.823, 4, 2032 MHz, 3996 MHz, 1025.25 W, 63
2026/10/08 03:48:21.823, 5, 2032 MHz, 3996 MHz, 970.10 W, 60
2026/10/08 03:48:21.823, 6, 2032 MHz, 3996 MHz, 1056.08 W, 53
2026/10/08 03:48:21.823, 7, 2032 MHz, 3996 MHz, 1066.35 W, 51
2026/10/08 03:48:22.824, 0, 120 MHz, 3996 MHz, 187.14 W, 37
2026/10/08 03:48:22.824, 1, 120 MHz, 3996 MHz, 190.13 W, 39
2026/10/08 03:48:22.824, 2, 2032 MHz, 3996 MHz, 520.89 W, 39
2026/10/08 03:48:22.824, 3, 2032 MHz, 3996 MHz, 544.66 W, 40
2026/10/08 03:48:22.824, 4, 2032 MHz, 3996 MHz, 985.93 W, 62
2026/10/08 03:48:22.824, 5, 2032 MHz, 3996 MHz, 970.08 W, 60
2026/10/08 03:48:22.824, 6, 2032 MHz, 3996 MHz, 280.86 W, 42
2026/10/08 03:48:22.824, 7, 2032 MHz, 3996 MHz, 1066.65 W, 50
2026/10/08 03:48:23.824, 0, 120 MHz, 3996 MHz, 186.71 W, 37
2026/10/08 03:48:23.824, 1, 120 MHz, 3996 MHz, 189.27 W, 39
2026/10/08 03:48:23.824, 2, 2032 MHz, 3996 MHz, 523.89 W, 38
2026/10/08 03:48:23.824, 3, 2032 MHz, 3996 MHz, 510.80 W, 39
2026/10/08 03:48:23.824, 4, 2032 MHz, 3996 MHz, 985.95 W, 62
2026/10/08 03:48:23.824, 5, 2032 MHz, 3996 MHz, 972.20 W, 60
2026/10/08 03:48:23.824, 6, 2032 MHz, 3996 MHz, 263.92 W, 40
2026/10/08 03:48:23.824, 7, 2032 MHz, 3996 MHz, 1030.36 W, 50
2026/10/08 03:48:24.824, 0, 120 MHz, 3996 MHz, 186.53 W, 37
2026/10/08 03:48:24.824, 1, 120 MHz, 3996 MHz, 188.38 W, 39
2026/10/08 03:48:24.824, 2, 2032 MHz, 3996 MHz, 513.21 W, 39
2026/10/08 03:48:24.824, 3, 2032 MHz, 3996 MHz, 601.06 W, 40
2026/10/08 03:48:24.824, 4, 2032 MHz, 3996 MHz, 987.16 W, 62
2026/10/08 03:48:24.824, 5, 1357 MHz, 3996 MHz, 1012.74 W, 67
2026/10/08 03:48:24.824, 6, 2032 MHz, 3996 MHz, 258.23 W, 39
2026/10/08 03:48:24.824, 7, 2032 MHz, 3996 MHz, 520.29 W, 41
2026/10/08 03:48:25.825, 0, 120 MHz, 3996 MHz, 186.63 W, 37
2026/10/08 03:48:25.825, 1, 120 MHz, 3996 MHz, 188.23 W, 39
2026/10/08 03:48:25.825, 2, 2032 MHz, 3996 MHz, 531.22 W, 39
2026/10/08 03:48:25.825, 3, 2032 MHz, 3996 MHz, 430.33 W, 36
2026/10/08 03:48:25.825, 4, 2032 MHz, 3996 MHz, 988.14 W, 62
2026/10/08 03:48:25.825, 5, 1357 MHz, 3996 MHz, 1077.38 W, 67
2026/10/08 03:48:25.825, 6, 2032 MHz, 3996 MHz, 252.54 W, 38
2026/10/08 03:48:25.825, 7, 2032 MHz, 3996 MHz, 248.78 W, 38
2026/10/08 03:48:26.825, 0, 120 MHz, 3996 MHz, 186.87 W, 37
2026/10/08 03:48:26.825, 1, 2032 MHz, 3996 MHz, 242.22 W, 40
2026/10/08 03:48:26.825, 2, 2032 MHz, 3996 MHz, 545.11 W, 38
2026/10/08 03:48:26.825, 3, 2032 MHz, 3996 MHz, 240.10 W, 35
2026/10/08 03:48:26.825, 4, 2032 MHz, 3996 MHz, 990.11 W, 62
2026/10/08 03:48:26.825, 5, 1762 MHz, 3996 MHz, 1067.81 W, 65
2026/10/08 03:48:26.825, 6, 2032 MHz, 3996 MHz, 252.46 W, 38
2026/10/08 03:48:26.825, 7, 2032 MHz, 3996 MHz, 253.53 W, 37
2026/10/08 03:48:27.825, 0, 120 MHz, 3996 MHz, 186.82 W, 37
2026/10/08 03:48:27.825, 1, 2032 MHz, 3996 MHz, 250.09 W, 40
2026/10/08 03:48:27.825, 2, 2032 MHz, 3996 MHz, 503.21 W, 39
2026/10/08 03:48:27.825, 3, 2032 MHz, 3996 MHz, 239.61 W, 34
2026/10/08 03:48:27.825, 4, 2032 MHz, 3996 MHz, 991.03 W, 62
2026/10/08 03:48:27.825, 5, 2032 MHz, 3996 MHz, 958.70 W, 60
2026/10/08 03:48:27.825, 6, 2032 MHz, 3996 MHz, 252.51 W, 37
2026/10/08 03:48:27.825, 7, 2032 MHz, 3996 MHz, 242.56 W, 37
2026/10/08 03:48:28.825, 0, 120 MHz, 3996 MHz, 186.60 W, 36
2026/10/08 03:48:28.825, 1, 2032 MHz, 3996 MHz, 250.98 W, 39
2026/10/08 03:48:28.825, 2, 2032 MHz, 3996 MHz, 545.03 W, 39
2026/10/08 03:48:28.825, 3, 2032 MHz, 3996 MHz, 250.20 W, 34
2026/10/08 03:48:28.825, 4, 2032 MHz, 3996 MHz, 997.34 W, 62
2026/10/08 03:48:28.825, 5, 2032 MHz, 3996 MHz, 970.59 W, 60
2026/10/08 03:48:28.825, 6, 2032 MHz, 3996 MHz, 252.22 W, 37
2026/10/08 03:48:28.825, 7, 2032 MHz, 3996 MHz, 242.56 W, 36
2026/10/08 03:48:29.826, 0, 120 MHz, 3996 MHz, 186.55 W, 36
2026/10/08 03:48:29.826, 1, 2032 MHz, 3996 MHz, 251.78 W, 39
2026/10/08 03:48:29.826, 2, 2032 MHz, 3996 MHz, 572.44 W, 39
2026/10/08 03:48:29.826, 3, 2032 MHz, 3996 MHz, 238.07 W, 34
2026/10/08 03:48:29.826, 4, 2032 MHz, 3996 MHz, 910.65 W, 57
2026/10/08 03:48:29.826, 5, 2032 MHz, 3996 MHz, 973.58 W, 60
2026/10/08 03:48:29.826, 6, 2032 MHz, 3996 MHz, 251.63 W, 36
2026/10/08 03:48:29.826, 7, 2032 MHz, 3996 MHz, 241.95 W, 36
2026/10/08 03:48:30.826, 0, 120 MHz, 3996 MHz, 186.98 W, 36
2026/10/08 03:48:30.826, 1, 2032 MHz, 3996 MHz, 251.44 W, 39
2026/10/08 03:48:30.826, 2, 2032 MHz, 3996 MHz, 603.80 W, 40
2026/10/08 03:48:30.826, 3, 2032 MHz, 3996 MHz, 237.60 W, 34
2026/10/08 03:48:30.826, 4, 2032 MHz, 3996 MHz, 260.10 W, 51
2026/10/08 03:48:30.826, 5, 2032 MHz, 3996 MHz, 977.82 W, 60
2026/10/08 03:48:30.826, 6, 2032 MHz, 3996 MHz, 250.52 W, 36
2026/10/08 03:48:30.826, 7, 2032 MHz, 3996 MHz, 241.20 W, 35
2026/10/08 03:48:31.826, 0, 120 MHz, 3996 MHz, 186.77 W, 36
2026/10/08 03:48:31.826, 1, 2032 MHz, 3996 MHz, 261.95 W, 39
2026/10/08 03:48:31.826, 2, 2032 MHz, 3996 MHz, 469.17 W, 36
2026/10/08 03:48:31.826, 3, 2032 MHz, 3996 MHz, 237.58 W, 33
2026/10/08 03:48:31.826, 4, 2032 MHz, 3996 MHz, 264.37 W, 50
2026/10/08 03:48:31.826, 5, 2032 MHz, 3996 MHz, 971.70 W, 60
2026/10/08 03:48:31.826, 6, 915 MHz, 3996 MHz, 229.47 W, 35
2026/10/08 03:48:31.826, 7, 2032 MHz, 3996 MHz, 241.25 W, 35
2026/10/08 03:48:32.826, 0, 120 MHz, 3996 MHz, 186.54 W, 36
2026/10/08 03:48:32.826, 1, 2032 MHz, 3996 MHz, 257.05 W, 39
2026/10/08 03:48:32.826, 2, 2032 MHz, 3996 MHz, 238.74 W, 34
2026/10/08 03:48:32.826, 3, 2032 MHz, 3996 MHz, 237.46 W, 33
2026/10/08 03:48:32.826, 4, 2032 MHz, 3996 MHz, 261.74 W, 49
2026/10/08 03:48:32.826, 5, 2032 MHz, 3996 MHz, 974.91 W, 60
2026/10/08 03:48:32.826, 6, 262 MHz, 3996 MHz, 192.64 W, 34
2026/10/08 03:48:32.826, 7, 2032 MHz, 3996 MHz, 241.09 W, 34
2026/10/08 03:48:33.827, 0, 2032 MHz, 3996 MHz, 231.12 W, 37
2026/10/08 03:48:33.827, 1, 2032 MHz, 3996 MHz, 286.17 W, 39
2026/10/08 03:48:33.827, 2, 2032 MHz, 3996 MHz, 238.55 W, 34
2026/10/08 03:48:33.827, 3, 2032 MHz, 3996 MHz, 237.04 W, 33
2026/10/08 03:48:33.827, 4, 2032 MHz, 3996 MHz, 255.04 W, 49
2026/10/08 03:48:33.827, 5, 2032 MHz, 3996 MHz, 972.63 W, 60
2026/10/08 03:48:33.827, 6, 165 MHz, 3996 MHz, 188.91 W, 34
2026/10/08 03:48:33.827, 7, 2032 MHz, 3996 MHz, 240.74 W, 34
2026/10/08 03:48:34.827, 0, 2032 MHz, 3996 MHz, 244.27 W, 37
2026/10/08 03:48:34.827, 1, 2032 MHz, 3996 MHz, 250.34 W, 39
2026/10/08 03:48:34.827, 2, 2032 MHz, 3996 MHz, 249.13 W, 33
2026/10/08 03:48:34.827, 3, 2032 MHz, 3996 MHz, 237.91 W, 33
2026/10/08 03:48:34.827, 4, 2032 MHz, 3996 MHz, 254.04 W, 48
2026/10/08 03:48:34.827, 5, 2032 MHz, 3996 MHz, 973.56 W, 59
2026/10/08 03:48:34.827, 6, 120 MHz, 3996 MHz, 188.71 W, 33
2026/10/08 03:48:34.827, 7, 300 MHz, 3996 MHz, 194.20 W, 33
2026/10/08 03:48:35.827, 0, 2032 MHz, 3996 MHz, 244.25 W, 37
2026/10/08 03:48:35.827, 1, 2032 MHz, 3996 MHz, 268.76 W, 39
2026/10/08 03:48:35.827, 2, 2032 MHz, 3996 MHz, 236.75 W, 33
2026/10/08 03:48:35.827, 3, 2032 MHz, 3996 MHz, 236.97 W, 32
2026/10/08 03:48:35.827, 4, 2032 MHz, 3996 MHz, 254.15 W, 47
2026/10/08 03:48:35.827, 5, 2032 MHz, 3996 MHz, 412.26 W, 50
2026/10/08 03:48:35.827, 6, 120 MHz, 3996 MHz, 188.72 W, 33
2026/10/08 03:48:35.827, 7, 187 MHz, 3996 MHz, 188.28 W, 32
2026/10/08 03:48:36.827, 0, 2032 MHz, 3996 MHz, 244.16 W, 37
2026/10/08 03:48:36.827, 1, 2032 MHz, 3996 MHz, 250.48 W, 39
2026/10/08 03:48:36.827, 2, 2032 MHz, 3996 MHz, 236.69 W, 33
2026/10/08 03:48:36.827, 3, 397 MHz, 3996 MHz, 223.36 W, 32
2026/10/08 03:48:36.827, 4, 2032 MHz, 3996 MHz, 253.62 W, 47
2026/10/08 03:48:36.827, 5, 2032 MHz, 3996 MHz, 249.33 W, 48
2026/10/08 03:48:36.827, 6, 120 MHz, 3996 MHz, 188.72 W, 33
2026/10/08 03:48:36.827, 7, 547 MHz, 3996 MHz, 191.04 W, 32
2026/10/08 03:48:37.828, 0, 2032 MHz, 3996 MHz, 244.30 W, 37
2026/10/08 03:48:37.828, 1, 2032 MHz, 3996 MHz, 291.77 W, 40
2026/10/08 03:48:37.828, 2, 2032 MHz, 3996 MHz, 236.73 W, 33
2026/10/08 03:48:37.828, 3, 247 MHz, 3996 MHz, 185.03 W, 31
2026/10/08 03:48:37.828, 4, 2032 MHz, 3996 MHz, 252.51 W, 46
2026/10/08 03:48:37.828, 5, 2032 MHz, 3996 MHz, 259.40 W, 47
2026/10/08 03:48:37.828, 6, 120 MHz, 3996 MHz, 188.61 W, 32
2026/10/08 03:48:37.828, 7, 547 MHz, 3996 MHz, 190.84 W, 32
2026/10/08 03:48:38.828, 0, 2032 MHz, 3996 MHz, 244.08 W, 36
2026/10/08 03:48:38.828, 1, 2032 MHz, 3996 MHz, 319.00 W, 40
2026/10/08 03:48:38.828, 2, 2032 MHz, 3996 MHz, 236.79 W, 32
2026/10/08 03:48:38.828, 3, 157 MHz, 3996 MHz, 183.97 W, 31
2026/10/08 03:48:38.828, 4, 435 MHz, 3996 MHz, 241.88 W, 45
2026/10/08 03:48:38.828, 5, 2032 MHz, 3996 MHz, 246.62 W, 46
2026/10/08 03:48:38.828, 6, 120 MHz, 3996 MHz, 187.92 W, 32
2026/10/08 03:48:38.828, 7, 120 MHz, 3996 MHz, 187.09 W, 31
2026/10/08 03:48:39.828, 0, 2032 MHz, 3996 MHz, 243.84 W, 36
2026/10/08 03:48:39.828, 1, 2032 MHz, 3996 MHz, 304.67 W, 40
2026/10/08 03:48:39.828, 2, 2032 MHz, 3996 MHz, 236.86 W, 32
2026/10/08 03:48:39.828, 3, 120 MHz, 3996 MHz, 183.97 W, 31
2026/10/08 03:48:39.828, 4, 277 MHz, 3996 MHz, 191.59 W, 44
2026/10/08 03:48:39.828, 5, 2025 MHz, 3996 MHz, 244.99 W, 46
2026/10/08 03:48:39.828, 6, 120 MHz, 3996 MHz, 187.36 W, 32
2026/10/08 03:48:39.828, 7, 120 MHz, 3996 MHz, 186.53 W, 31
2026/10/08 03:48:40.828, 0, 2032 MHz, 3996 MHz, 262.37 W, 36
2026/10/08 03:48:40.828, 1, 2032 MHz, 3996 MHz, 285.92 W, 39
2026/10/08 03:48:40.828, 2, 2032 MHz, 3996 MHz, 236.76 W, 32
2026/10/08 03:48:40.828, 3, 120 MHz, 3996 MHz, 183.97 W, 31
2026/10/08 03:48:40.828, 4, 172 MHz, 3996 MHz, 190.18 W, 44
2026/10/08 03:48:40.828, 5, 495 MHz, 3996 MHz, 197.66 W, 44
2026/10/08 03:48:40.828, 6, 120 MHz, 3996 MHz, 187.01 W, 32
2026/10/08 03:48:40.828, 7, 120 MHz, 3996 MHz, 186.53 W, 31
2026/10/08 03:48:41.829, 0, 2032 MHz, 3996 MHz, 242.55 W, 36
2026/10/08 03:48:41.829, 1, 2032 MHz, 3996 MHz, 251.35 W, 38
2026/10/08 03:48:41.829, 2, 322 MHz, 3996 MHz, 203.82 W, 31
2026/10/08 03:48:41.829, 3, 120 MHz, 3996 MHz, 183.97 W, 30
2026/10/08 03:48:41.829, 4, 120 MHz, 3996 MHz, 189.00 W, 43
2026/10/08 03:48:41.829, 5, 315 MHz, 3996 MHz, 191.01 W, 44
2026/10/08 03:48:41.829, 6, 120 MHz, 3996 MHz, 187.40 W, 31
2026/10/08 03:48:41.829, 7, 120 MHz, 3996 MHz, 186.53 W, 30
2026/10/08 03:48:42.829, 0, 2032 MHz, 3996 MHz, 247.51 W, 36
2026/10/08 03:48:42.829, 1, 2032 MHz, 3996 MHz, 256.44 W, 38
2026/10/08 03:48:42.829, 2, 202 MHz, 3996 MHz, 186.05 W, 31
2026/10/08 03:48:42.829, 3, 120 MHz, 3996 MHz, 183.62 W, 30
2026/10/08 03:48:42.829, 4, 120 MHz, 3996 MHz, 189.19 W, 43
2026/10/08 03:48:42.829, 5, 195 MHz, 3996 MHz, 189.49 W, 43
2026/10/08 03:48:42.829, 6, 120 MHz, 3996 MHz, 186.85 W, 31
2026/10/08 03:48:42.829, 7, 120 MHz, 3996 MHz, 186.53 W, 30
2026/10/08 03:48:43.829, 0, 2032 MHz, 3996 MHz, 276.95 W, 36
2026/10/08 03:48:43.829, 1, 2032 MHz, 3996 MHz, 266.93 W, 38
2026/10/08 03:48:43.829, 2, 135 MHz, 3996 MHz, 184.64 W, 31
2026/10/08 03:48:43.829, 3, 120 MHz, 3996 MHz, 184.05 W, 30
2026/10/08 03:48:43.829, 4, 120 MHz, 3996 MHz, 188.67 W, 42
2026/10/08 03:48:43.829, 5, 127 MHz, 3996 MHz, 188.43 W, 42
2026/10/08 03:48:43.829, 6, 120 MHz, 3996 MHz, 186.78 W, 31
2026/10/08 03:48:43.829, 7, 120 MHz, 3996 MHz, 186.53 W, 30
2026/10/08 03:48:44.829, 0, 2032 MHz, 3996 MHz, 338.88 W, 39
2026/10/08 03:48:44.829, 1, 2032 MHz, 3996 MHz, 258.71 W, 38
2026/10/08 03:48:44.829, 2, 120 MHz, 3996 MHz, 184.09 W, 30
2026/10/08 03:48:44.829, 3, 120 MHz, 3996 MHz, 183.89 W, 30
2026/10/08 03:48:44.829, 4, 120 MHz, 3996 MHz, 188.47 W, 42
2026/10/08 03:48:44.829, 5, 120 MHz, 3996 MHz, 188.06 W, 42
2026/10/08 03:48:44.829, 6, 120 MHz, 3996 MHz, 186.78 W, 31
2026/10/08 03:48:44.829, 7, 120 MHz, 3996 MHz, 186.53 W, 30
2026/10/08 03:48:45.830, 0, 2032 MHz, 3996 MHz, 340.17 W, 37
2026/10/08 03:48:45.830, 1, 2032 MHz, 3996 MHz, 253.23 W, 38
2026/10/08 03:48:45.830, 2, 120 MHz, 3996 MHz, 184.09 W, 30
2026/10/08 03:48:45.830, 3, 120 MHz, 3996 MHz, 183.90 W, 30
2026/10/08 03:48:45.830, 4, 120 MHz, 3996 MHz, 188.47 W, 42
2026/10/08 03:48:45.830, 5, 120 MHz, 3996 MHz, 187.58 W, 41
2026/10/08 03:48:45.830, 6, 120 MHz, 3996 MHz, 186.78 W, 31
2026/10/08 03:48:45.830, 7, 120 MHz, 3996 MHz, 186.53 W, 30
2026/10/08 03:48:46.831, 0, 2032 MHz, 3996 MHz, 265.62 W, 36
2026/10/08 03:48:46.831, 1, 2032 MHz, 3996 MHz, 256.26 W, 38
2026/10/08 03:48:46.831, 2, 120 MHz, 3996 MHz, 184.09 W, 30
2026/10/08 03:48:46.831, 3, 120 MHz, 3996 MHz, 183.77 W, 30
2026/10/08 03:48:46.831, 4, 120 MHz, 3996 MHz, 188.48 W, 41
2026/10/08 03:48:46.831, 5, 120 MHz, 3996 MHz, 187.34 W, 41
2026/10/08 03:48:46.831, 6, 120 MHz, 3996 MHz, 186.78 W, 31
2026/10/08 03:48:46.831, 7, 120 MHz, 3996 MHz, 186.53 W, 29
2026/10/08 03:48:47.831, 0, 2032 MHz, 3996 MHz, 255.92 W, 36
2026/10/08 03:48:47.831, 1, 2032 MHz, 3996 MHz, 249.88 W, 38
2026/10/08 03:48:47.831, 2, 120 MHz, 3996 MHz, 184.09 W, 30
2026/10/08 03:48:47.831, 3, 120 MHz, 3996 MHz, 183.07 W, 30
2026/10/08 03:48:47.831, 4, 120 MHz, 3996 MHz, 188.35 W, 41
2026/10/08 03:48:47.831, 5, 120 MHz, 3996 MHz, 186.88 W, 41
2026/10/08 03:48:47.831, 6, 120 MHz, 3996 MHz, 186.78 W, 30
2026/10/08 03:48:47.831, 7, 120 MHz, 3996 MHz, 186.53 W, 29
2026/10/08 03:48:48.831, 0, 2032 MHz, 3996 MHz, 256.70 W, 36
2026/10/08 03:48:48.831, 1, 2032 MHz, 3996 MHz, 249.86 W, 37
2026/10/08 03:48:48.831, 2, 120 MHz, 3996 MHz, 184.09 W, 30
2026/10/08 03:48:48.831, 3, 120 MHz, 3996 MHz, 182.21 W, 30
2026/10/08 03:48:48.831, 4, 120 MHz, 3996 MHz, 186.80 W, 41
2026/10/08 03:48:48.831, 5, 120 MHz, 3996 MHz, 186.64 W, 40
2026/10/08 03:48:48.831, 6, 120 MHz, 3996 MHz, 186.78 W, 30
2026/10/08 03:48:48.831, 7, 120 MHz, 3996 MHz, 186.53 W, 29
2026/10/08 03:48:49.832, 0, 2032 MHz, 3996 MHz, 253.96 W, 36
2026/10/08 03:48:49.832, 1, 2032 MHz, 3996 MHz, 249.89 W, 37
2026/10/08 03:48:49.832, 2, 120 MHz, 3996 MHz, 184.09 W, 30
2026/10/08 03:48:49.832, 3, 120 MHz, 3996 MHz, 182.36 W, 30
2026/10/08 03:48:49.832, 4, 120 MHz, 3996 MHz, 186.53 W, 40
2026/10/08 03:48:49.832, 5, 120 MHz, 3996 MHz, 186.59 W, 40
2026/10/08 03:48:49.832, 6, 120 MHz, 3996 MHz, 186.78 W, 30
2026/10/08 03:48:49.832, 7, 120 MHz, 3996 MHz, 186.54 W, 29
2026/10/08 03:48:50.832, 0, 2032 MHz, 3996 MHz, 246.38 W, 35
2026/10/08 03:48:50.832, 1, 2032 MHz, 3996 MHz, 254.16 W, 37
2026/10/08 03:48:50.832, 2, 120 MHz, 3996 MHz, 184.09 W, 30
2026/10/08 03:48:50.832, 3, 120 MHz, 3996 MHz, 182.44 W, 29
2026/10/08 03:48:50.832, 4, 120 MHz, 3996 MHz, 186.53 W, 40
2026/10/08 03:48:50.832, 5, 120 MHz, 3996 MHz, 186.58 W, 40
2026/10/08 03:48:50.832, 6, 120 MHz, 3996 MHz, 186.78 W, 30
2026/10/08 03:48:50.832, 7, 120 MHz, 3996 MHz, 186.53 W, 29
2026/10/08 03:48:51.832, 0, 2032 MHz, 3996 MHz, 249.39 W, 35
2026/10/08 03:48:51.832, 1, 2032 MHz, 3996 MHz, 256.84 W, 37
2026/10/08 03:48:51.832, 2, 120 MHz, 3996 MHz, 184.09 W, 30
2026/10/08 03:48:51.833, 3, 120 MHz, 3996 MHz, 182.25 W, 29
2026/10/08 03:48:51.833, 4, 120 MHz, 3996 MHz, 186.53 W, 40
2026/10/08 03:48:51.833, 5, 120 MHz, 3996 MHz, 186.56 W, 39
2026/10/08 03:48:51.833, 6, 120 MHz, 3996 MHz, 186.78 W, 30
2026/10/08 03:48:51.833, 7, 120 MHz, 3996 MHz, 186.53 W, 29
2026/10/08 03:48:52.833, 0, 2032 MHz, 3996 MHz, 242.54 W, 35
2026/10/08 03:48:52.833, 1, 2032 MHz, 3996 MHz, 249.78 W, 37
2026/10/08 03:48:52.833, 2, 120 MHz, 3996 MHz, 184.09 W, 30
2026/10/08 03:48:52.833, 3, 120 MHz, 3996 MHz, 182.40 W, 29
2026/10/08 03:48:52.833, 4, 120 MHz, 3996 MHz, 186.53 W, 39
2026/10/08 03:48:52.833, 5, 120 MHz, 3996 MHz, 186.53 W, 39
2026/10/08 03:48:52.833, 6, 120 MHz, 3996 MHz, 186.78 W, 30
2026/10/08 03:48:52.833, 7, 120 MHz, 3996 MHz, 186.53 W, 29
2026/10/08 03:48:53.833, 0, 2032 MHz, 3996 MHz, 242.36 W, 35
2026/10/08 03:48:53.833, 1, 2032 MHz, 3996 MHz, 249.79 W, 37
2026/10/08 03:48:53.833, 2, 120 MHz, 3996 MHz, 184.09 W, 29
2026/10/08 03:48:53.833, 3, 120 MHz, 3996 MHz, 182.29 W, 29
2026/10/08 03:48:53.833, 4, 120 MHz, 3996 MHz, 186.53 W, 39
2026/10/08 03:48:53.833, 5, 120 MHz, 3996 MHz, 186.30 W, 39
2026/10/08 03:48:53.833, 6, 120 MHz, 3996 MHz, 186.78 W, 30
2026/10/08 03:48:53.833, 7, 120 MHz, 3996 MHz, 186.53 W, 29
2026/10/08 03:48:54.833, 0, 2032 MHz, 3996 MHz, 242.64 W, 35
2026/10/08 03:48:54.833, 1, 2032 MHz, 3996 MHz, 249.61 W, 37
2026/10/08 03:48:54.833, 2, 120 MHz, 3996 MHz, 184.09 W, 29
2026/10/08 03:48:54.833, 3, 120 MHz, 3996 MHz, 182.13 W, 29
2026/10/08 03:48:54.833, 4, 120 MHz, 3996 MHz, 186.49 W, 39
2026/10/08 03:48:54.833, 5, 120 MHz, 3996 MHz, 186.00 W, 38
2026/10/08 03:48:54.833, 6, 120 MHz, 3996 MHz, 186.78 W, 30
2026/10/08 03:48:54.834, 7, 120 MHz, 3996 MHz, 186.53 W, 29
2026/10/08 03:48:55.834, 0, 2032 MHz, 3996 MHz, 242.67 W, 35
2026/10/08 03:48:55.834, 1, 2032 MHz, 3996 MHz, 249.38 W, 37
2026/10/08 03:48:55.834, 2, 120 MHz, 3996 MHz, 184.09 W, 29
2026/10/08 03:48:55.834, 3, 120 MHz, 3996 MHz, 182.14 W, 29
2026/10/08 03:48:55.834, 4, 120 MHz, 3996 MHz, 186.38 W, 39
2026/10/08 03:48:55.834, 5, 120 MHz, 3996 MHz, 185.62 W, 38
2026/10/08 03:48:55.834, 6, 120 MHz, 3996 MHz, 186.78 W, 30
2026/10/08 03:48:55.834, 7, 120 MHz, 3996 MHz, 186.53 W, 29
2026/10/08 03:48:56.834, 0, 2032 MHz, 3996 MHz, 257.49 W, 35
2026/10/08 03:48:56.834, 1, 2032 MHz, 3996 MHz, 255.94 W, 37
2026/10/08 03:48:56.834, 2, 120 MHz, 3996 MHz, 184.09 W, 29
2026/10/08 03:48:56.834, 3, 120 MHz, 3996 MHz, 182.13 W, 29
2026/10/08 03:48:56.834, 4, 120 MHz, 3996 MHz, 185.88 W, 39
2026/10/08 03:48:56.834, 5, 120 MHz, 3996 MHz, 185.56 W, 38
2026/10/08 03:48:56.834, 6, 120 MHz, 3996 MHz, 186.72 W, 30
2026/10/08 03:48:56.834, 7, 2032 MHz, 3996 MHz, 209.39 W, 29
2026/10/08 03:48:57.835, 0, 2032 MHz, 3996 MHz, 242.56 W, 35
2026/10/08 03:48:57.835, 1, 2032 MHz, 3996 MHz, 249.86 W, 37
2026/10/08 03:48:57.835, 2, 120 MHz, 3996 MHz, 184.09 W, 29
2026/10/08 03:48:57.835, 3, 120 MHz, 3996 MHz, 182.21 W, 29
2026/10/08 03:48:57.835, 4, 120 MHz, 3996 MHz, 185.79 W, 39
2026/10/08 03:48:57.835, 5, 120 MHz, 3996 MHz, 185.50 W, 38
2026/10/08 03:48:57.835, 6, 120 MHz, 3996 MHz, 186.65 W, 30
2026/10/08 03:48:57.835, 7, 2032 MHz, 3996 MHz, 236.89 W, 30
2026/10/08 03:48:58.835, 0, 2032 MHz, 3996 MHz, 242.43 W, 35
2026/10/08 03:48:58.835, 1, 2032 MHz, 3996 MHz, 249.77 W, 37
2026/10/08 03:48:58.835, 2, 120 MHz, 3996 MHz, 184.05 W, 29
2026/10/08 03:48:58.835, 3, 120 MHz, 3996 MHz, 182.14 W, 29
2026/10/08 03:48:58.835, 4, 120 MHz, 3996 MHz, 185.24 W, 38
2026/10/08 03:48:58.835, 5, 120 MHz, 3996 MHz, 184.80 W, 38
2026/10/08 03:48:58.835, 6, 120 MHz, 3996 MHz, 186.65 W, 30
2026/10/08 03:48:58.835, 7, 2032 MHz, 3996 MHz, 236.86 W, 30
2026/10/08 03:48:59.835, 0, 2032 MHz, 3996 MHz, 242.37 W, 35
2026/10/08 03:48:59.835, 1, 2032 MHz, 3996 MHz, 249.91 W, 37
2026/10/08 03:48:59.835, 2, 120 MHz, 3996 MHz, 184.09 W, 29
2026/10/08 03:48:59.836, 3, 120 MHz, 3996 MHz, 182.17 W, 29
2026/10/08 03:48:59.836, 4, 120 MHz, 3996 MHz, 184.94 W, 38
2026/10/08 03:48:59.836, 5, 120 MHz, 3996 MHz, 184.85 W, 38
2026/10/08 03:48:59.836, 6, 2032 MHz, 3996 MHz, 213.58 W, 31
2026/10/08 03:48:59.836, 7, 2032 MHz, 3996 MHz, 236.83 W, 30
2026/10/08 03:49:00.836, 0, 2032 MHz, 3996 MHz, 242.39 W, 35
2026/10/08 03:49:00.836, 1, 2032 MHz, 3996 MHz, 249.91 W, 37
2026/10/08 03:49:00.836, 2, 120 MHz, 3996 MHz, 184.09 W, 30
2026/10/08 03:49:00.836, 3, 120 MHz, 3996 MHz, 182.26 W, 29
2026/10/08 03:49:00.836, 4, 120 MHz, 3996 MHz, 185.32 W, 38
2026/10/08 03:49:00.836, 5, 120 MHz, 3996 MHz, 184.81 W, 38
2026/10/08 03:49:00.836, 6, 2032 MHz, 3996 MHz, 246.76 W, 31
2026/10/08 03:49:00.836, 7, 2032 MHz, 3996 MHz, 236.74 W, 30
2026/10/08 03:49:01.836, 0, 2032 MHz, 3996 MHz, 242.37 W, 35
2026/10/08 03:49:01.836, 1, 2032 MHz, 3996 MHz, 249.66 W, 37
2026/10/08 03:49:01.836, 2, 120 MHz, 3996 MHz, 184.09 W, 30
2026/10/08 03:49:01.836, 3, 120 MHz, 3996 MHz, 182.21 W, 29
2026/10/08 03:49:01.836, 4, 120 MHz, 3996 MHz, 185.88 W, 38
2026/10/08 03:49:01.836, 5, 120 MHz, 3996 MHz, 184.71 W, 37
2026/10/08 03:49:01.836, 6, 2032 MHz, 3996 MHz, 246.69 W, 31
2026/10/08 03:49:01.836, 7, 2032 MHz, 3996 MHz, 236.74 W, 30
2026/10/08 03:49:02.837, 0, 2032 MHz, 3996 MHz, 271.03 W, 35
2026/10/08 03:49:02.837, 1, 2032 MHz, 3996 MHz, 249.84 W, 37
2026/10/08 03:49:02.837, 2, 120 MHz, 3996 MHz, 184.09 W, 30
2026/10/08 03:49:02.837, 3, 120 MHz, 3996 MHz, 182.17 W, 29
2026/10/08 03:49:02.837, 4, 120 MHz, 3996 MHz, 185.69 W, 38
2026/10/08 03:49:02.837, 5, 120 MHz, 3996 MHz, 184.74 W, 37
2026/10/08 03:49:02.837, 6, 2032 MHz, 3996 MHz, 246.00 W, 31
2026/10/08 03:49:02.837, 7, 2032 MHz, 3996 MHz, 236.74 W, 30
2026/10/08 03:49:03.837, 0, 2032 MHz, 3996 MHz, 562.35 W, 37
2026/10/08 03:49:03.837, 1, 2032 MHz, 3996 MHz, 311.82 W, 47
2026/10/08 03:49:03.837, 2, 120 MHz, 3996 MHz, 184.09 W, 30
2026/10/08 03:49:03.837, 3, 120 MHz, 3996 MHz, 182.37 W, 29
2026/10/08 03:49:03.837, 4, 120 MHz, 3996 MHz, 185.23 W, 38
2026/10/08 03:49:03.837, 5, 2032 MHz, 3996 MHz, 201.06 W, 38
2026/10/08 03:49:03.837, 6, 2032 MHz, 3996 MHz, 246.50 W, 31
2026/10/08 03:49:03.837, 7, 2032 MHz, 3996 MHz, 236.74 W, 30
2026/10/08 03:49:04.837, 0, 1267 MHz, 3996 MHz, 636.87 W, 49
2026/10/08 03:49:04.837, 1, 2032 MHz, 3996 MHz, 548.42 W, 39
2026/10/08 03:49:04.837, 2, 120 MHz, 3996 MHz, 184.09 W, 30
2026/10/08 03:49:04.837, 3, 120 MHz, 3996 MHz, 182.17 W, 30
2026/10/08 03:49:04.838, 4, 120 MHz, 3996 MHz, 185.56 W, 38
2026/10/08 03:49:04.838, 5, 2032 MHz, 3996 MHz, 238.83 W, 38
2026/10/08 03:49:04.838, 6, 2032 MHz, 3996 MHz, 246.76 W, 31
2026/10/08 03:49:04.838, 7, 2032 MHz, 3996 MHz, 236.74 W, 30
2026/10/08 03:49:05.838, 0, 2032 MHz, 3996 MHz, 993.00 W, 46
2026/10/08 03:49:05.838, 1, 1252 MHz, 3996 MHz, 665.91 W, 52
2026/10/08 03:49:05.838, 2, 120 MHz, 3996 MHz, 184.09 W, 30
2026/10/08 03:49:05.838, 3, 120 MHz, 3996 MHz, 182.36 W, 30
2026/10/08 03:49:05.838, 4, 120 MHz, 3996 MHz, 185.08 W, 38
2026/10/08 03:49:05.838, 5, 2032 MHz, 3996 MHz, 238.70 W, 38
2026/10/08 03:49:05.838, 6, 2032 MHz, 3996 MHz, 246.75 W, 31
2026/10/08 03:49:05.838, 7, 2032 MHz, 3996 MHz, 236.74 W, 30
2026/10/08 03:49:06.838, 0, 2032 MHz, 3996 MHz, 883.09 W, 46
2026/10/08 03:49:06.838, 1, 2032 MHz, 3996 MHz, 989.72 W, 47
2026/10/08 03:49:06.838, 2, 120 MHz, 3996 MHz, 184.09 W, 30
2026/10/08 03:49:06.838, 3, 120 MHz, 3996 MHz, 182.17 W, 30
2026/10/08 03:49:06.838, 4, 120 MHz, 3996 MHz, 185.18 W, 38
2026/10/08 03:49:06.838, 5, 2032 MHz, 3996 MHz, 238.68 W, 38
2026/10/08 03:49:06.838, 6, 2032 MHz, 3996 MHz, 246.72 W, 31
2026/10/08 03:49:06.838, 7, 2032 MHz, 3996 MHz, 236.74 W, 30
2026/10/08 03:49:07.838, 0, 2032 MHz, 3996 MHz, 883.99 W, 46
2026/10/08 03:49:07.838, 1, 2032 MHz, 3996 MHz, 890.42 W, 47
2026/10/08 03:49:07.838, 2, 120 MHz, 3996 MHz, 184.09 W, 30
2026/10/08 03:49:07.839, 3, 120 MHz, 3996 MHz, 182.21 W, 30
2026/10/08 03:49:07.839, 4, 120 MHz, 3996 MHz, 184.76 W, 38
2026/10/08 03:49:07.839, 5, 2032 MHz, 3996 MHz, 238.69 W, 38
2026/10/08 03:49:07.839, 6, 2032 MHz, 3996 MHz, 246.76 W, 31
2026/10/08 03:49:07.839, 7, 2032 MHz, 3996 MHz, 237.65 W, 30
2026/10/08 03:49:08.839, 0, 2032 MHz, 3996 MHz, 886.20 W, 47
2026/10/08 03:49:08.839, 1, 2032 MHz, 3996 MHz, 894.70 W, 48
2026/10/08 03:49:08.839, 2, 120 MHz, 3996 MHz, 184.09 W, 30
2026/10/08 03:49:08.839, 3, 120 MHz, 3996 MHz, 182.29 W, 30
2026/10/08 03:49:08.839, 4, 2032 MHz, 3996 MHz, 206.51 W, 39
2026/10/08 03:49:08.839, 5, 2032 MHz, 3996 MHz, 238.65 W, 38
2026/10/08 03:49:08.839, 6, 2032 MHz, 3996 MHz, 246.76 W, 31
2026/10/08 03:49:08.839, 7, 2032 MHz, 3996 MHz, 238.56 W, 30
2026/10/08 03:49:09.839, 0, 2032 MHz, 3996 MHz, 889.48 W, 47
2026/10/08 03:49:09.839, 1, 2032 MHz, 3996 MHz, 904.12 W, 48
2026/10/08 03:49:09.839, 2, 120 MHz, 3996 MHz, 184.09 W, 30
2026/10/08 03:49:09.839, 3, 120 MHz, 3996 MHz, 182.17 W, 30
2026/10/08 03:49:09.839, 4, 2032 MHz, 3996 MHz, 246.16 W, 39
2026/10/08 03:49:09.839, 5, 2032 MHz, 3996 MHz, 238.48 W, 38
2026/10/08 03:49:09.839, 6, 2032 MHz, 3996 MHz, 246.69 W, 31
2026/10/08 03:49:09.839, 7, 2032 MHz, 3996 MHz, 252.91 W, 31
2026/10/08 03:49:10.839, 0, 1402 MHz, 3996 MHz, 920.14 W, 55
2026/10/08 03:49:10.839, 1, 2032 MHz, 3996 MHz, 901.79 W, 49
2026/10/08 03:49:10.839, 2, 120 MHz, 3996 MHz, 184.09 W, 30
2026/10/08 03:49:10.839, 3, 120 MHz, 3996 MHz, 182.36 W, 30
2026/10/08 03:49:10.839, 4, 2032 MHz, 3996 MHz, 245.46 W, 39
2026/10/08 03:49:10.839, 5, 2032 MHz, 3996 MHz, 238.54 W, 38
2026/10/08 03:49:10.839, 6, 2032 MHz, 3996 MHz, 246.76 W, 31
2026/10/08 03:49:10.839, 7, 2032 MHz, 3996 MHz, 246.46 W, 30
2026/10/08 03:49:11.840, 0, 1357 MHz, 3996 MHz, 1079.75 W, 51
2026/10/08 03:49:11.840, 1, 1327 MHz, 3996 MHz, 933.12 W, 57
2026/10/08 03:49:11.840, 2, 120 MHz, 3996 MHz, 184.09 W, 30
2026/10/08 03:49:11.840, 3, 120 MHz, 3996 MHz, 182.29 W, 30
2026/10/08 03:49:11.840, 4, 2032 MHz, 3996 MHz, 245.74 W, 39
2026/10/08 03:49:11.840, 5, 2032 MHz, 3996 MHz, 238.66 W, 38
2026/10/08 03:49:11.840, 6, 2032 MHz, 3996 MHz, 246.76 W, 31
2026/10/08 03:49:11.840, 7, 2032 MHz, 3996 MHz, 236.74 W, 30
2026/10/08 03:49:12.840, 0, 2032 MHz, 3996 MHz, 877.36 W, 48
2026/10/08 03:49:12.840, 1, 1410 MHz, 3996 MHz, 1068.38 W, 54
2026/10/08 03:49:12.840, 2, 120 MHz, 3996 MHz, 184.09 W, 30
2026/10/08 03:49:12.840, 3, 120 MHz, 3996 MHz, 182.25 W, 30
2026/10/08 03:49:12.840, 4, 2032 MHz, 3996 MHz, 246.24 W, 39
2026/10/08 03:49:12.840, 5, 2032 MHz, 3996 MHz, 238.72 W, 38
2026/10/08 03:49:12.840, 6, 2032 MHz, 3996 MHz, 246.74 W, 31
2026/10/08 03:49:12.840, 7, 2032 MHz, 3996 MHz, 236.74 W, 30
2026/10/08 03:49:13.840, 0, 2032 MHz, 3996 MHz, 887.85 W, 48
2026/10/08 03:49:13.840, 1, 2032 MHz, 3996 MHz, 886.67 W, 50
2026/10/08 03:49:13.840, 2, 120 MHz, 3996 MHz, 184.09 W, 30
2026/10/08 03:49:13.840, 3, 120 MHz, 3996 MHz, 182.21 W, 30
2026/10/08 03:49:13.840, 4, 2032 MHz, 3996 MHz, 246.28 W, 39
2026/10/08 03:49:13.840, 5, 2032 MHz, 3996 MHz, 238.59 W, 38
2026/10/08 03:49:13.840, 6, 2032 MHz, 3996 MHz, 246.76 W, 31
2026/10/08 03:49:13.840, 7, 2032 MHz, 3996 MHz, 236.74 W, 30
2026/10/08 03:49:14.841, 0, 2032 MHz, 3996 MHz, 890.09 W, 49
2026/10/08 03:49:14.841, 1, 2032 MHz, 3996 MHz, 895.77 W, 50
2026/10/08 03:49:14.841, 2, 120 MHz, 3996 MHz, 184.09 W, 30
2026/10/08 03:49:14.841, 3, 120 MHz, 3996 MHz, 182.33 W, 30
2026/10/08 03:49:14.841, 4, 2032 MHz, 3996 MHz, 246.28 W, 39
2026/10/08 03:49:14.841, 5, 2032 MHz, 3996 MHz, 238.59 W, 38
2026/10/08 03:49:14.841, 6, 2032 MHz, 3996 MHz, 246.76 W, 31
2026/10/08 03:49:14.841, 7, 2032 MHz, 3996 MHz, 236.74 W, 30
2026/10/08 03:49:15.841, 0, 2032 MHz, 3996 MHz, 893.08 W, 49
2026/10/08 03:49:15.841, 1, 2032 MHz, 3996 MHz, 900.93 W, 50
2026/10/08 03:49:15.841, 2, 120 MHz, 3996 MHz, 184.09 W, 30
2026/10/08 03:49:15.841, 3, 120 MHz, 3996 MHz, 182.56 W, 30
2026/10/08 03:49:15.841, 4, 2032 MHz, 3996 MHz, 246.28 W, 39
2026/10/08 03:49:15.841, 5, 2032 MHz, 3996 MHz, 238.67 W, 38
2026/10/08 03:49:15.841, 6, 2032 MHz, 3996 MHz, 246.75 W, 31
2026/10/08 03:49:15.841, 7, 2032 MHz, 3996 MHz, 236.74 W, 30
2026/10/08 03:49:16.841, 0, 2032 MHz, 3996 MHz, 897.21 W, 49
2026/10/08 03:49:16.841, 1, 2032 MHz, 3996 MHz, 901.28 W, 51
2026/10/08 03:49:16.841, 2, 120 MHz, 3996 MHz, 184.09 W, 30
2026/10/08 03:49:16.841, 3, 120 MHz, 3996 MHz, 182.40 W, 30
2026/10/08 03:49:16.841, 4, 2032 MHz, 3996 MHz, 246.28 W, 39
2026/10/08 03:49:16.841, 5, 2032 MHz, 3996 MHz, 238.74 W, 38
2026/10/08 03:49:16.841, 6, 2032 MHz, 3996 MHz, 246.76 W, 32
2026/10/08 03:49:16.841, 7, 2032 MHz, 3996 MHz, 236.74 W, 30
2026/10/08 03:49:17.841, 0, 1320 MHz, 3996 MHz, 1026.20 W, 57
2026/10/08 03:49:17.842, 1, 2032 MHz, 3996 MHz, 904.10 W, 51
2026/10/08 03:49:17.842, 2, 120 MHz, 3996 MHz, 184.09 W, 30
2026/10/08 03:49:17.842, 3, 120 MHz, 3996 MHz, 182.40 W, 30
2026/10/08 03:49:17.842, 4, 2032 MHz, 3996 MHz, 246.28 W, 39
2026/10/08 03:49:17.842, 5, 2032 MHz, 3996 MHz, 238.55 W, 38
2026/10/08 03:49:17.842, 6, 2032 MHz, 3996 MHz, 248.02 W, 32
2026/10/08 03:49:17.842, 7, 2032 MHz, 3996 MHz, 236.74 W, 30
2026/10/08 03:49:18.842, 0, 2032 MHz, 3996 MHz, 968.89 W, 50
2026/10/08 03:49:18.842, 1, 1290 MHz, 3996 MHz, 1050.57 W, 59
2026/10/08 03:49:18.842, 2, 120 MHz, 3996 MHz, 184.09 W, 30
2026/10/08 03:49:18.842, 3, 120 MHz, 3996 MHz, 182.36 W, 30
2026/10/08 03:49:18.842, 4, 2032 MHz, 3996 MHz, 246.28 W, 39
2026/10/08 03:49:18.842, 5, 2032 MHz, 3996 MHz, 238.48 W, 38
2026/10/08 03:49:18.842, 6, 2032 MHz, 3996 MHz, 247.94 W, 32
2026/10/08 03:49:18.842, 7, 2032 MHz, 3996 MHz, 236.74 W, 30
2026/10/08 03:49:19.842, 0, 2032 MHz, 3996 MHz, 890.14 W, 50
2026/10/08 03:49:19.842, 1, 2032 MHz, 3996 MHz, 944.01 W, 52
2026/10/08 03:49:19.842, 2, 120 MHz, 3996 MHz, 184.09 W, 30
2026/10/08 03:49:19.842, 3, 120 MHz, 3996 MHz, 182.49 W, 30
2026/10/08 03:49:19.842, 4, 2032 MHz, 3996 MHz, 246.28 W, 39
2026/10/08 03:49:19.842, 5, 2032 MHz, 3996 MHz, 238.37 W, 38
2026/10/08 03:49:19.842, 6, 2032 MHz, 3996 MHz, 247.03 W, 32
2026/10/08 03:49:19.842, 7, 2032 MHz, 3996 MHz, 236.89 W, 30
2026/10/08 03:49:20.842, 0, 2032 MHz, 3996 MHz, 891.46 W, 50
2026/10/08 03:49:20.842, 1, 2032 MHz, 3996 MHz, 900.10 W, 52
2026/10/08 03:49:20.842, 2, 120 MHz, 3996 MHz, 184.09 W, 30
2026/10/08 03:49:20.842, 3, 120 MHz, 3996 MHz, 182.60 W, 30
2026/10/08 03:49:20.842, 4, 2032 MHz, 3996 MHz, 246.28 W, 39
2026/10/08 03:49:20.842, 5, 2032 MHz, 3996 MHz, 238.55 W, 38
2026/10/08 03:49:20.842, 6, 2032 MHz, 3996 MHz, 265.52 W, 32
2026/10/08 03:49:20.843, 7, 2032 MHz, 3996 MHz, 236.75 W, 30
2026/10/08 03:49:21.843, 0, 2032 MHz, 3996 MHz, 895.34 W, 50
2026/10/08 03:49:21.843, 1, 2032 MHz, 3996 MHz, 901.36 W, 52
2026/10/08 03:49:21.843, 2, 120 MHz, 3996 MHz, 184.09 W, 30
2026/10/08 03:49:21.843, 3, 120 MHz, 3996 MHz, 182.44 W, 30
2026/10/08 03:49:21.843, 4, 2032 MHz, 3996 MHz, 246.28 W, 39
2026/10/08 03:49:21.843, 5, 2032 MHz, 3996 MHz, 238.95 W, 38
2026/10/08 03:49:21.843, 6, 2032 MHz, 3996 MHz, 246.73 W, 32
2026/10/08 03:49:21.843, 7, 2032 MHz, 3996 MHz, 236.74 W, 30
2026/10/08 03:49:22.843, 0, 2032 MHz, 3996 MHz, 896.21 W, 51
2026/10/08 03:49:22.843, 1, 2032 MHz, 3996 MHz, 904.95 W, 53
2026/10/08 03:49:22.843, 2, 120 MHz, 3996 MHz, 184.09 W, 30
2026/10/08 03:49:22.843, 3, 120 MHz, 3996 MHz, 182.75 W, 30
2026/10/08 03:49:22.843, 4, 2032 MHz, 3996 MHz, 246.16 W, 39
2026/10/08 03:49:22.843, 5, 2032 MHz, 3996 MHz, 239.39 W, 38
2026/10/08 03:49:22.843, 6, 2032 MHz, 3996 MHz, 246.75 W, 32
2026/10/08 03:49:22.843, 7, 2032 MHz, 3996 MHz, 236.74 W, 30
2026/10/08 03:49:23.843, 0, 1320 MHz, 3996 MHz, 960.12 W, 58
2026/10/08 03:49:23.843, 1, 2032 MHz, 3996 MHz, 908.93 W, 53
2026/10/08 03:49:23.843, 2, 120 MHz, 3996 MHz, 184.09 W, 30
2026/10/08 03:49:23.843, 3, 120 MHz, 3996 MHz, 182.72 W, 30
2026/10/08 03:49:23.843, 4, 2032 MHz, 3996 MHz, 246.05 W, 39
2026/10/08 03:49:23.843, 5, 2032 MHz, 3996 MHz, 239.06 W, 38
2026/10/08 03:49:23.844, 6, 2032 MHz, 3996 MHz, 246.75 W, 32
2026/10/08 03:49:23.844, 7, 2032 MHz, 3996 MHz, 236.74 W, 31
2026/10/08 03:49:24.844, 0, 2032 MHz, 3996 MHz, 1037.63 W, 53
2026/10/08 03:49:24.844, 1, 1275 MHz, 3996 MHz, 990.71 W, 60
2026/10/08 03:49:24.844, 2, 120 MHz, 3996 MHz, 184.09 W, 30
2026/10/08 03:49:24.844, 3, 120 MHz, 3996 MHz, 182.59 W, 30
2026/10/08 03:49:24.844, 4, 2032 MHz, 3996 MHz, 246.02 W, 39
2026/10/08 03:49:24.844, 5, 2032 MHz, 3996 MHz, 256.86 W, 38
2026/10/08 03:49:24.844, 6, 2032 MHz, 3996 MHz, 246.75 W, 32
2026/10/08 03:49:24.844, 7, 2032 MHz, 3996 MHz, 236.74 W, 31
2026/10/08 03:49:25.844, 0, 2032 MHz, 3996 MHz, 891.87 W, 51
2026/10/08 03:49:25.844, 1, 2032 MHz, 3996 MHz, 1012.87 W, 54
2026/10/08 03:49:25.844, 2, 120 MHz, 3996 MHz, 184.09 W, 30
2026/10/08 03:49:25.844, 3, 120 MHz, 3996 MHz, 182.52 W, 30
2026/10/08 03:49:25.844, 4, 2032 MHz, 3996 MHz, 246.01 W, 39
2026/10/08 03:49:25.844, 5, 2032 MHz, 3996 MHz, 238.46 W, 38
2026/10/08 03:49:25.844, 6, 2032 MHz, 3996 MHz, 246.76 W, 32
2026/10/08 03:49:25.844, 7, 2032 MHz, 3996 MHz, 236.74 W, 31
2026/10/08 03:49:26.844, 0, 2032 MHz, 3996 MHz, 892.99 W, 51
2026/10/08 03:49:26.844, 1, 2032 MHz, 3996 MHz, 900.59 W, 53
2026/10/08 03:49:26.844, 2, 120 MHz, 3996 MHz, 184.09 W, 30
2026/10/08 03:49:26.844, 3, 120 MHz, 3996 MHz, 182.68 W, 30
2026/10/08 03:49:26.844, 4, 2032 MHz, 3996 MHz, 247.36 W, 39
2026/10/08 03:49:26.844, 5, 2032 MHz, 3996 MHz, 238.38 W, 37
2026/10/08 03:49:26.844, 6, 2032 MHz, 3996 MHz, 246.76 W, 32
2026/10/08 03:49:26.844, 7, 2032 MHz, 3996 MHz, 236.78 W, 31
2026/10/08 03:49:27.845, 0, 2032 MHz, 3996 MHz, 895.28 W, 52
2026/10/08 03:49:27.845, 1, 2032 MHz, 3996 MHz, 901.52 W, 54
2026/10/08 03:49:27.845, 2, 120 MHz, 3996 MHz, 184.09 W, 30
2026/10/08 03:49:27.845, 3, 120 MHz, 3996 MHz, 182.84 W, 30
2026/10/08 03:49:27.845, 4, 2032 MHz, 3996 MHz, 246.35 W, 39
2026/10/08 03:49:27.845, 5, 2032 MHz, 3996 MHz, 238.06 W, 37
2026/10/08 03:49:27.845, 6, 2032 MHz, 3996 MHz, 246.75 W, 32
2026/10/08 03:49:27.845, 7, 2032 MHz, 3996 MHz, 236.74 W, 31
2026/10/08 03:49:28.845, 0, 2032 MHz, 3996 MHz, 897.73 W, 52
2026/10/08 03:49:28.845, 1, 2032 MHz, 3996 MHz, 906.21 W, 54
2026/10/08 03:49:28.845, 2, 120 MHz, 3996 MHz, 184.09 W, 30
2026/10/08 03:49:28.845, 3, 120 MHz, 3996 MHz, 182.86 W, 30
2026/10/08 03:49:28.845, 4, 2032 MHz, 3996 MHz, 246.32 W, 39
2026/10/08 03:49:28.845, 5, 2032 MHz, 3996 MHz, 238.08 W, 37
2026/10/08 03:49:28.845, 6, 2032 MHz, 3996 MHz, 246.76 W, 32
2026/10/08 03:49:28.845, 7, 2032 MHz, 3996 MHz, 237.48 W, 31
2026/10/08 03:49:29.845, 0, 2032 MHz, 3996 MHz, 902.28 W, 52
2026/10/08 03:49:29.845, 1, 2032 MHz, 3996 MHz, 906.84 W, 54
2026/10/08 03:49:29.845, 2, 120 MHz, 3996 MHz, 184.09 W, 30
2026/10/08 03:49:29.845, 3, 120 MHz, 3996 MHz, 183.15 W, 30
2026/10/08 03:49:29.845, 4, 2032 MHz, 3996 MHz, 265.47 W, 39
2026/10/08 03:49:29.845, 5, 2032 MHz, 3996 MHz, 238.17 W, 37
2026/10/08 03:49:29.845, 6, 2032 MHz, 3996 MHz, 246.76 W, 32
2026/10/08 03:49:29.845, 7, 2032 MHz, 3996 MHz, 237.51 W, 31
2026/10/08 03:49:30.846, 0, 1320 MHz, 3996 MHz, 1071.95 W, 60
2026/10/08 03:49:30.846, 1, 2032 MHz, 3996 MHz, 910.26 W, 54
2026/10/08 03:49:30.846, 2, 120 MHz, 3996 MHz, 184.09 W, 30
2026/10/08 03:49:30.846, 3, 120 MHz, 3996 MHz, 182.87 W, 30
2026/10/08 03:49:30.846, 4, 2032 MHz, 3996 MHz, 246.01 W, 39
2026/10/08 03:49:30.846, 5, 2032 MHz, 3996 MHz, 238.09 W, 37
2026/10/08 03:49:30.846, 6, 2032 MHz, 3996 MHz, 246.75 W, 32
2026/10/08 03:49:30.846, 7, 2032 MHz, 3996 MHz, 237.61 W, 31
2026/10/08 03:49:31.846, 0, 2032 MHz, 3996 MHz, 922.35 W, 53
2026/10/08 03:49:31.846, 1, 1282 MHz, 3996 MHz, 1081.07 W, 62
2026/10/08 03:49:31.846, 2, 120 MHz, 3996 MHz, 184.09 W, 30
2026/10/08 03:49:31.846, 3, 120 MHz, 3996 MHz, 183.13 W, 30
2026/10/08 03:49:31.846, 4, 2032 MHz, 3996 MHz, 245.44 W, 39
2026/10/08 03:49:31.846, 5, 2032 MHz, 3996 MHz, 238.44 W, 37
2026/10/08 03:49:31.846, 6, 2032 MHz, 3996 MHz, 246.76 W, 32
2026/10/08 03:49:31.846, 7, 2032 MHz, 3996 MHz, 237.27 W, 31
2026/10/08 03:49:32.846, 0, 2032 MHz, 3996 MHz, 894.69 W, 53
2026/10/08 03:49:32.846, 1, 2032 MHz, 3996 MHz, 921.79 W, 55
2026/10/08 03:49:32.846, 2, 120 MHz, 3996 MHz, 184.09 W, 30
2026/10/08 03:49:32.846, 3, 120 MHz, 3996 MHz, 183.47 W, 30
2026/10/08 03:49:32.846, 4, 2032 MHz, 3996 MHz, 245.23 W, 39
2026/10/08 03:49:32.846, 5, 2032 MHz, 3996 MHz, 238.20 W, 37
2026/10/08 03:49:32.846, 6, 2032 MHz, 3996 MHz, 246.75 W, 32
2026/10/08 03:49:32.846, 7, 2032 MHz, 3996 MHz, 237.63 W, 31
2026/10/08 03:49:33.846, 0, 2032 MHz, 3996 MHz, 897.44 W, 53
2026/10/08 03:49:33.846, 1, 2032 MHz, 3996 MHz, 903.89 W, 55
2026/10/08 03:49:33.846, 2, 120 MHz, 3996 MHz, 184.09 W, 30
2026/10/08 03:49:33.846, 3, 120 MHz, 3996 MHz, 183.27 W, 30
2026/10/08 03:49:33.846, 4, 2032 MHz, 3996 MHz, 245.14 W, 39
2026/10/08 03:49:33.846, 5, 2032 MHz, 3996 MHz, 238.21 W, 37
2026/10/08 03:49:33.846, 6, 2032 MHz, 3996 MHz, 246.74 W, 32
2026/10/08 03:49:33.847, 7, 2032 MHz, 3996 MHz, 237.84 W, 31
2026/10/08 03:49:34.847, 0, 2032 MHz, 3996 MHz, 901.23 W, 53
2026/10/08 03:49:34.847, 1, 2032 MHz, 3996 MHz, 905.72 W, 55
2026/10/08 03:49:34.847, 2, 120 MHz, 3996 MHz, 184.09 W, 30
2026/10/08 03:49:34.847, 3, 120 MHz, 3996 MHz, 183.25 W, 31
2026/10/08 03:49:34.847, 4, 2032 MHz, 3996 MHz, 245.15 W, 39
2026/10/08 03:49:34.847, 5, 2032 MHz, 3996 MHz, 238.16 W, 37
2026/10/08 03:49:34.847, 6, 2032 MHz, 3996 MHz, 246.75 W, 32
2026/10/08 03:49:34.847, 7, 2032 MHz, 3996 MHz, 237.09 W, 31
2026/10/08 03:49:35.847, 0, 2032 MHz, 3996 MHz, 902.84 W, 53
2026/10/08 03:49:35.847, 1, 2032 MHz, 3996 MHz, 910.89 W, 55
2026/10/08 03:49:35.847, 2, 120 MHz, 3996 MHz, 184.09 W, 30
2026/10/08 03:49:35.847, 3, 120 MHz, 3996 MHz, 183.17 W, 31
2026/10/08 03:49:35.847, 4, 2032 MHz, 3996 MHz, 245.02 W, 39
2026/10/08 03:49:35.847, 5, 2032 MHz, 3996 MHz, 238.13 W, 37
2026/10/08 03:49:35.847, 6, 2032 MHz, 3996 MHz, 246.74 W, 32
2026/10/08 03:49:35.847, 7, 2032 MHz, 3996 MHz, 237.24 W, 31
2026/10/08 03:49:36.847, 0, 2032 MHz, 3996 MHz, 618.65 W, 46
2026/10/08 03:49:36.847, 1, 2032 MHz, 3996 MHz, 911.70 W, 55
2026/10/08 03:49:36.847, 2, 120 MHz, 3996 MHz, 184.09 W, 30
2026/10/08 03:49:36.847, 3, 120 MHz, 3996 MHz, 183.46 W, 31
2026/10/08 03:49:36.847, 4, 2032 MHz, 3996 MHz, 245.14 W, 39
2026/10/08 03:49:36.847, 5, 2032 MHz, 3996 MHz, 237.99 W, 37
2026/10/08 03:49:36.847, 6, 2032 MHz, 3996 MHz, 246.75 W, 32
2026/10/08 03:49:36.847, 7, 2032 MHz, 3996 MHz, 238.33 W, 31
2026/10/08 03:49:37.848, 0, 2032 MHz, 3996 MHz, 263.20 W, 44
2026/10/08 03:49:37.848, 1, 2032 MHz, 3996 MHz, 580.72 W, 48
2026/10/08 03:49:37.848, 2, 120 MHz, 3996 MHz, 184.09 W, 31
2026/10/08 03:49:37.848, 3, 120 MHz, 3996 MHz, 183.24 W, 31
2026/10/08 03:49:37.848, 4, 2032 MHz, 3996 MHz, 245.11 W, 39
2026/10/08 03:49:37.848, 5, 2032 MHz, 3996 MHz, 238.03 W, 37
2026/10/08 03:49:37.848, 6, 2032 MHz, 3996 MHz, 246.75 W, 32
2026/10/08 03:49:37.848, 7, 2032 MHz, 3996 MHz, 238.64 W, 31
2026/10/08 03:49:38.848, 0, 2032 MHz, 3996 MHz, 249.39 W, 44
2026/10/08 03:49:38.848, 1, 2032 MHz, 3996 MHz, 269.60 W, 47
2026/10/08 03:49:38.848, 2, 120 MHz, 3996 MHz, 184.09 W, 31
2026/10/08 03:49:38.848, 3, 120 MHz, 3996 MHz, 183.46 W, 31
2026/10/08 03:49:38.848, 4, 2032 MHz, 3996 MHz, 245.27 W, 39
2026/10/08 03:49:38.848, 5, 2032 MHz, 3996 MHz, 238.02 W, 37
2026/10/08 03:49:38.848, 6, 2032 MHz, 3996 MHz, 246.75 W, 32
2026/10/08 03:49:38.848, 7, 2032 MHz, 3996 MHz, 238.68 W, 31
2026/10/08 03:49:39.848, 0, 2032 MHz, 3996 MHz, 248.13 W, 43
2026/10/08 03:49:39.848, 1, 2032 MHz, 3996 MHz, 256.37 W, 46
2026/10/08 03:49:39.848, 2, 120 MHz, 3996 MHz, 184.09 W, 31
2026/10/08 03:49:39.848, 3, 120 MHz, 3996 MHz, 183.41 W, 31
2026/10/08 03:49:39.848, 4, 2032 MHz, 3996 MHz, 245.14 W, 39
2026/10/08 03:49:39.848, 5, 2032 MHz, 3996 MHz, 237.97 W, 37
2026/10/08 03:49:39.848, 6, 2032 MHz, 3996 MHz, 246.74 W, 32
2026/10/08 03:49:39.848, 7, 2032 MHz, 3996 MHz, 238.68 W, 31
2026/10/08 03:49:40.849, 0, 2032 MHz, 3996 MHz, 248.05 W, 43
2026/10/08 03:49:40.849, 1, 2032 MHz, 3996 MHz, 256.09 W, 45
2026/10/08 03:49:40.849, 2, 120 MHz, 3996 MHz, 184.09 W, 31
2026/10/08 03:49:40.849, 3, 120 MHz, 3996 MHz, 183.11 W, 31
2026/10/08 03:49:40.849, 4, 2032 MHz, 3996 MHz, 245.00 W, 39
2026/10/08 03:49:40.849, 5, 2032 MHz, 3996 MHz, 238.23 W, 37
2026/10/08 03:49:40.849, 6, 2032 MHz, 3996 MHz, 246.76 W, 32
2026/10/08 03:49:40.849, 7, 2032 MHz, 3996 MHz, 238.60 W, 31
2026/10/08 03:49:41.849, 0, 2032 MHz, 3996 MHz, 248.05 W, 42
2026/10/08 03:49:41.849, 1, 2032 MHz, 3996 MHz, 255.64 W, 45
2026/10/08 03:49:41.849, 2, 120 MHz, 3996 MHz, 184.09 W, 31
2026/10/08 03:49:41.849, 3, 120 MHz, 3996 MHz, 183.71 W, 31
2026/10/08 03:49:41.849, 4, 2032 MHz, 3996 MHz, 245.07 W, 39
2026/10/08 03:49:41.849, 5, 2032 MHz, 3996 MHz, 238.04 W, 37
2026/10/08 03:49:41.849, 6, 2032 MHz, 3996 MHz, 246.74 W, 32
2026/10/08 03:49:41.849, 7, 2032 MHz, 3996 MHz, 243.26 W, 31
2026/10/08 03:49:42.849, 0, 2032 MHz, 3996 MHz, 248.15 W, 42
2026/10/08 03:49:42.849, 1, 442 MHz, 3996 MHz, 220.32 W, 44
2026/10/08 03:49:42.849, 2, 120 MHz, 3996 MHz, 184.09 W, 31
2026/10/08 03:49:42.849, 3, 120 MHz, 3996 MHz, 183.48 W, 31
2026/10/08 03:49:42.850, 4, 2032 MHz, 3996 MHz, 245.21 W, 39
2026/10/08 03:49:42.850, 5, 2032 MHz, 3996 MHz, 237.70 W, 37
2026/10/08 03:49:42.850, 6, 2032 MHz, 3996 MHz, 246.73 W, 32
2026/10/08 03:49:42.850, 7, 2032 MHz, 3996 MHz, 256.37 W, 32
2026/10/08 03:49:43.850, 0, 2032 MHz, 3996 MHz, 247.96 W, 42
2026/10/08 03:49:43.850, 1, 277 MHz, 3996 MHz, 194.54 W, 43
2026/10/08 03:49:43.850, 2, 120 MHz, 3996 MHz, 184.09 W, 31
2026/10/08 03:49:43.850, 3, 120 MHz, 3996 MHz, 183.43 W, 31
2026/10/08 03:49:43.850, 4, 2032 MHz, 3996 MHz, 245.15 W, 39
2026/10/08 03:49:43.850, 5, 2032 MHz, 3996 MHz, 238.02 W, 37
2026/10/08 03:49:43.850, 6, 2032 MHz, 3996 MHz, 246.76 W, 32
2026/10/08 03:49:43.850, 7, 2032 MHz, 3996 MHz, 238.68 W, 31
2026/10/08 03:49:44.850, 0, 2032 MHz, 3996 MHz, 247.00 W, 42
2026/10/08 03:49:44.850, 1, 180 MHz, 3996 MHz, 192.59 W, 43
2026/10/08 03:49:44.850, 2, 120 MHz, 3996 MHz, 184.09 W, 31
2026/10/08 03:49:44.850, 3, 120 MHz, 3996 MHz, 183.74 W, 31
2026/10/08 03:49:44.850, 4, 2032 MHz, 3996 MHz, 245.08 W, 39
2026/10/08 03:49:44.850, 5, 2032 MHz, 3996 MHz, 237.81 W, 37
2026/10/08 03:49:44.850, 6, 2032 MHz, 3996 MHz, 246.76 W, 33
2026/10/08 03:49:44.850, 7, 2032 MHz, 3996 MHz, 238.76 W, 31
2026/10/08 03:49:45.850, 0, 315 MHz, 3996 MHz, 206.12 W, 41
2026/10/08 03:49:45.851, 1, 120 MHz, 3996 MHz, 192.08 W, 43
2026/10/08 03:49:45.851, 2, 120 MHz, 3996 MHz, 184.09 W, 31
2026/10/08 03:49:45.851, 3, 120 MHz, 3996 MHz, 183.32 W, 31
2026/10/08 03:49:45.851, 4, 2032 MHz, 3996 MHz, 245.67 W, 39
2026/10/08 03:49:45.851, 5, 2032 MHz, 3996 MHz, 237.70 W, 37
2026/10/08 03:49:45.851, 6, 2032 MHz, 3996 MHz, 246.79 W, 33
2026/10/08 03:49:45.851, 7, 2032 MHz, 3996 MHz, 238.72 W, 31
2026/10/08 03:49:46.851, 0, 270 MHz, 3996 MHz, 190.71 W, 40
2026/10/08 03:49:46.851, 1, 120 MHz, 3996 MHz, 192.11 W, 42
2026/10/08 03:49:46.851, 2, 120 MHz, 3996 MHz, 184.09 W, 31
2026/10/08 03:49:46.851, 3, 120 MHz, 3996 MHz, 182.84 W, 31
2026/10/08 03:49:46.851, 4, 2032 MHz, 3996 MHz, 245.70 W, 39
2026/10/08 03:49:46.851, 5, 2032 MHz, 3996 MHz, 238.09 W, 37
2026/10/08 03:49:46.851, 6, 2032 MHz, 3996 MHz, 246.86 W, 33
2026/10/08 03:49:46.851, 7, 2032 MHz, 3996 MHz, 238.60 W, 31
2026/10/08 03:49:47.851, 0, 120 MHz, 3996 MHz, 190.29 W, 40
2026/10/08 03:49:47.851, 1, 120 MHz, 3996 MHz, 192.11 W, 42
2026/10/08 03:49:47.851, 2, 120 MHz, 3996 MHz, 184.09 W, 31
2026/10/08 03:49:47.851, 3, 120 MHz, 3996 MHz, 182.90 W, 31
2026/10/08 03:49:47.851, 4, 2032 MHz, 3996 MHz, 245.74 W, 39
2026/10/08 03:49:47.851, 5, 2032 MHz, 3996 MHz, 237.89 W, 37
2026/10/08 03:49:47.851, 6, 2032 MHz, 3996 MHz, 246.76 W, 33
2026/10/08 03:49:47.851, 7, 2032 MHz, 3996 MHz, 238.18 W, 31
2026/10/08 03:49:48.851, 0, 120 MHz, 3996 MHz, 190.02 W, 40
2026/10/08 03:49:48.851, 1, 120 MHz, 3996 MHz, 192.11 W, 42
2026/10/08 03:49:48.851, 2, 120 MHz, 3996 MHz, 184.09 W, 31
2026/10/08 03:49:48.852, 3, 120 MHz, 3996 MHz, 183.11 W, 31
2026/10/08 03:49:48.852, 4, 2032 MHz, 3996 MHz, 245.71 W, 39
2026/10/08 03:49:48.852, 5, 2032 MHz, 3996 MHz, 237.62 W, 37
2026/10/08 03:49:48.852, 6, 2032 MHz, 3996 MHz, 246.75 W, 33
2026/10/08 03:49:48.852, 7, 2032 MHz, 3996 MHz, 238.30 W, 31
2026/10/08 03:49:49.852, 0, 120 MHz, 3996 MHz, 188.88 W, 40
2026/10/08 03:49:49.852, 1, 120 MHz, 3996 MHz, 192.11 W, 42
2026/10/08 03:49:49.852, 2, 120 MHz, 3996 MHz, 184.09 W, 31
2026/10/08 03:49:49.852, 3, 120 MHz, 3996 MHz, 183.15 W, 31
2026/10/08 03:49:49.852, 4, 2032 MHz, 3996 MHz, 245.55 W, 39
2026/10/08 03:49:49.852, 5, 2032 MHz, 3996 MHz, 237.81 W, 37
2026/10/08 03:49:49.852, 6, 2032 MHz, 3996 MHz, 248.26 W, 33
2026/10/08 03:49:49.852, 7, 2032 MHz, 3996 MHz, 238.21 W, 31
2026/10/08 03:49:50.852, 0, 120 MHz, 3996 MHz, 188.35 W, 39
2026/10/08 03:49:50.852, 1, 120 MHz, 3996 MHz, 192.04 W, 42
2026/10/08 03:49:50.852, 2, 120 MHz, 3996 MHz, 184.09 W, 31
2026/10/08 03:49:50.852, 3, 120 MHz, 3996 MHz, 182.87 W, 31
2026/10/08 03:49:50.852, 4, 2032 MHz, 3996 MHz, 245.00 W, 39
2026/10/08 03:49:50.852, 5, 2032 MHz, 3996 MHz, 238.06 W, 37
2026/10/08 03:49:50.852, 6, 2032 MHz, 3996 MHz, 247.12 W, 33
2026/10/08 03:49:50.852, 7, 2032 MHz, 3996 MHz, 238.14 W, 32
2026/10/08 03:49:51.853, 0, 120 MHz, 3996 MHz, 188.35 W, 39
2026/10/08 03:49:51.853, 1, 120 MHz, 3996 MHz, 191.63 W, 41
2026/10/08 03:49:51.853, 2, 120 MHz, 3996 MHz, 184.09 W, 31
2026/10/08 03:49:51.853, 3, 120 MHz, 3996 MHz, 183.29 W, 31
2026/10/08 03:49:51.853, 4, 2032 MHz, 3996 MHz, 245.48 W, 39
2026/10/08 03:49:51.853, 5, 2032 MHz, 3996 MHz, 238.11 W, 37
2026/10/08 03:49:51.853, 6, 2032 MHz, 3996 MHz, 247.06 W, 33
2026/10/08 03:49:51.853, 7, 2032 MHz, 3996 MHz, 238.26 W, 32
2026/10/08 03:49:52.853, 0, 120 MHz, 3996 MHz, 188.35 W, 39
2026/10/08 03:49:52.853, 1, 120 MHz, 3996 MHz, 190.99 W, 41
2026/10/08 03:49:52.853, 2, 120 MHz, 3996 MHz, 184.09 W, 31
2026/10/08 03:49:52.853, 3, 120 MHz, 3996 MHz, 182.99 W, 31
2026/10/08 03:49:52.853, 4, 2032 MHz, 3996 MHz, 245.70 W, 39
2026/10/08 03:49:52.853, 5, 2032 MHz, 3996 MHz, 238.15 W, 37
2026/10/08 03:49:52.853, 6, 2032 MHz, 3996 MHz, 247.34 W, 33
2026/10/08 03:49:52.853, 7, 2032 MHz, 3996 MHz, 238.60 W, 32
2026/10/08 03:49:53.853, 0, 120 MHz, 3996 MHz, 188.35 W, 39
2026/10/08 03:49:53.853, 1, 120 MHz, 3996 MHz, 190.74 W, 41
2026/10/08 03:49:53.853, 2, 120 MHz, 3996 MHz, 184.09 W, 31
2026/10/08 03:49:53.853, 3, 120 MHz, 3996 MHz, 183.09 W, 31
2026/10/08 03:49:53.853, 4, 2032 MHz, 3996 MHz, 245.71 W, 39
2026/10/08 03:49:53.853, 5, 2032 MHz, 3996 MHz, 238.02 W, 37
2026/10/08 03:49:53.853, 6, 2032 MHz, 3996 MHz, 247.33 W, 33
2026/10/08 03:49:53.853, 7, 2032 MHz, 3996 MHz, 238.30 W, 32
2026/10/08 03:49:54.854, 0, 120 MHz, 3996 MHz, 188.35 W, 39
2026/10/08 03:49:54.854, 1, 120 MHz, 3996 MHz, 190.36 W, 41
2026/10/08 03:49:54.854, 2, 120 MHz, 3996 MHz, 184.09 W, 31
2026/10/08 03:49:54.854, 3, 120 MHz, 3996 MHz, 183.32 W, 31
2026/10/08 03:49:54.854, 4, 2032 MHz, 3996 MHz, 245.55 W, 39
2026/10/08 03:49:54.854, 5, 2032 MHz, 3996 MHz, 238.36 W, 37
2026/10/08 03:49:54.854, 6, 2032 MHz, 3996 MHz, 247.76 W, 33
2026/10/08 03:49:54.854, 7, 2032 MHz, 3996 MHz, 238.45 W, 32
2026/10/08 03:49:55.854, 0, 120 MHz, 3996 MHz, 188.35 W, 39
2026/10/08 03:49:55.854, 1, 120 MHz, 3996 MHz, 190.55 W, 41
2026/10/08 03:49:55.854, 2, 120 MHz, 3996 MHz, 184.09 W, 31
2026/10/08 03:49:55.854, 3, 120 MHz, 3996 MHz, 183.36 W, 31
2026/10/08 03:49:55.854, 4, 2032 MHz, 3996 MHz, 246.20 W, 39
2026/10/08 03:49:55.854, 5, 2032 MHz, 3996 MHz, 238.51 W, 38
2026/10/08 03:49:55.854, 6, 2032 MHz, 3996 MHz, 248.62 W, 33
2026/10/08 03:49:55.854, 7, 2032 MHz, 3996 MHz, 238.68 W, 32
2026/10/08 03:49:56.854, 0, 120 MHz, 3996 MHz, 188.35 W, 38
2026/10/08 03:49:56.854, 1, 120 MHz, 3996 MHz, 190.21 W, 41
2026/10/08 03:49:56.854, 2, 120 MHz, 3996 MHz, 184.09 W, 31
2026/10/08 03:49:56.854, 3, 120 MHz, 3996 MHz, 183.15 W, 31
2026/10/08 03:49:56.854, 4, 2032 MHz, 3996 MHz, 246.01 W, 39
2026/10/08 03:49:56.854, 5, 2032 MHz, 3996 MHz, 238.36 W, 38
2026/10/08 03:49:56.854, 6, 2032 MHz, 3996 MHz, 248.54 W, 33
2026/10/08 03:49:56.854, 7, 2032 MHz, 3996 MHz, 238.64 W, 32
2026/10/08 03:49:57.855, 0, 120 MHz, 3996 MHz, 188.35 W, 38
2026/10/08 03:49:57.855, 1, 120 MHz, 3996 MHz, 190.17 W, 41
2026/10/08 03:49:57.855, 2, 120 MHz, 3996 MHz, 184.09 W, 31
2026/10/08 03:49:57.855, 3, 120 MHz, 3996 MHz, 183.51 W, 31
2026/10/08 03:49:57.855, 4, 2032 MHz, 3996 MHz, 245.97 W, 39
2026/10/08 03:49:57.855, 5, 2032 MHz, 3996 MHz, 238.40 W, 38
2026/10/08 03:49:57.855, 6, 2032 MHz, 3996 MHz, 248.44 W, 33
2026/10/08 03:49:57.855, 7, 2032 MHz, 3996 MHz, 238.53 W, 32
2026/10/08 03:49:58.855, 0, 120 MHz, 3996 MHz, 188.35 W, 38
2026/10/08 03:49:58.855, 1, 120 MHz, 3996 MHz, 190.17 W, 40
2026/10/08 03:49:58.855, 2, 120 MHz, 3996 MHz, 184.09 W, 31
2026/10/08 03:49:58.855, 3, 120 MHz, 3996 MHz, 183.48 W, 31
2026/10/08 03:49:58.855, 4, 2032 MHz, 3996 MHz, 248.32 W, 39
2026/10/08 03:49:58.855, 5, 2032 MHz, 3996 MHz, 238.46 W, 38
2026/10/08 03:49:58.855, 6, 2032 MHz, 3996 MHz, 248.43 W, 33
2026/10/08 03:49:58.855, 7, 2032 MHz, 3996 MHz, 238.60 W, 32
2026/10/08 03:49:59.856, 0, 120 MHz, 3996 MHz, 188.35 W, 38
2026/10/08 03:49:59.856, 1, 120 MHz, 3996 MHz, 190.17 W, 40
2026/10/08 03:49:59.856, 2, 120 MHz, 3996 MHz, 184.09 W, 31
2026/10/08 03:49:59.856, 3, 120 MHz, 3996 MHz, 182.79 W, 32
2026/10/08 03:49:59.856, 4, 2032 MHz, 3996 MHz, 246.28 W, 39
2026/10/08 03:49:59.856, 5, 2032 MHz, 3996 MHz, 238.45 W, 38
2026/10/08 03:49:59.856, 6, 2032 MHz, 3996 MHz, 248.59 W, 33
2026/10/08 03:49:59.856, 7, 2032 MHz, 3996 MHz, 238.60 W, 32
2026/10/08 03:50:00.856, 0, 120 MHz, 3996 MHz, 188.35 W, 38
2026/10/08 03:50:00.856, 1, 120 MHz, 3996 MHz, 190.17 W, 40
2026/10/08 03:50:00.856, 2, 120 MHz, 3996 MHz, 184.09 W, 31
2026/10/08 03:50:00.856, 3, 120 MHz, 3996 MHz, 183.62 W, 32
2026/10/08 03:50:00.856, 4, 2032 MHz, 3996 MHz, 246.28 W, 39
2026/10/08 03:50:00.856, 5, 2032 MHz, 3996 MHz, 238.51 W, 38
2026/10/08 03:50:00.856, 6, 2032 MHz, 3996 MHz, 248.58 W, 33
2026/10/08 03:50:00.856, 7, 2032 MHz, 3996 MHz, 238.64 W, 32
2026/10/08 03:50:01.856, 0, 120 MHz, 3996 MHz, 188.25 W, 38
2026/10/08 03:50:01.856, 1, 2032 MHz, 3996 MHz, 240.40 W, 41
2026/10/08 03:50:01.856, 2, 120 MHz, 3996 MHz, 184.09 W, 31
2026/10/08 03:50:01.856, 3, 120 MHz, 3996 MHz, 182.33 W, 32
2026/10/08 03:50:01.856, 4, 2032 MHz, 3996 MHz, 246.28 W, 39
2026/10/08 03:50:01.856, 5, 2032 MHz, 3996 MHz, 238.48 W, 38
2026/10/08 03:50:01.856, 6, 2032 MHz, 3996 MHz, 248.64 W, 33
2026/10/08 03:50:01.856, 7, 2032 MHz, 3996 MHz, 238.68 W, 32
2026/10/08 03:50:02.857, 0, 120 MHz, 3996 MHz, 188.23 W, 38
2026/10/08 03:50:02.857, 1, 2032 MHz, 3996 MHz, 252.05 W, 41
2026/10/08 03:50:02.857, 2, 120 MHz, 3996 MHz, 184.09 W, 31
2026/10/08 03:50:02.857, 3, 120 MHz, 3996 MHz, 182.52 W, 32
2026/10/08 03:50:02.857, 4, 2032 MHz, 3996 MHz, 246.28 W, 39
2026/10/08 03:50:02.857, 5, 2032 MHz, 3996 MHz, 238.46 W, 38
2026/10/08 03:50:02.857, 6, 2032 MHz, 3996 MHz, 248.62 W, 33
2026/10/08 03:50:02.857, 7, 2032 MHz, 3996 MHz, 238.60 W, 32
2026/10/08 03:50:03.857, 0, 120 MHz, 3996 MHz, 188.23 W, 38
2026/10/08 03:50:03.857, 1, 2032 MHz, 3996 MHz, 253.02 W, 41
2026/10/08 03:50:03.857, 2, 120 MHz, 3996 MHz, 184.09 W, 32
2026/10/08 03:50:03.857, 3, 120 MHz, 3996 MHz, 182.37 W, 32
2026/10/08 03:50:03.857, 4, 2032 MHz, 3996 MHz, 246.28 W, 39
2026/10/08 03:50:03.857, 5, 2032 MHz, 3996 MHz, 238.44 W, 38
2026/10/08 03:50:03.857, 6, 2032 MHz, 3996 MHz, 248.63 W, 33
2026/10/08 03:50:03.857, 7, 2032 MHz, 3996 MHz, 238.68 W, 32
2026/10/08 03:50:04.857, 0, 120 MHz, 3996 MHz, 188.23 W, 38
2026/10/08 03:50:04.857, 1, 2032 MHz, 3996 MHz, 253.42 W, 41
2026/10/08 03:50:04.857, 2, 120 MHz, 3996 MHz, 184.09 W, 32
2026/10/08 03:50:04.857, 3, 120 MHz, 3996 MHz, 182.29 W, 32
2026/10/08 03:50:04.857, 4, 2032 MHz, 3996 MHz, 246.28 W, 39
2026/10/08 03:50:04.857, 5, 2032 MHz, 3996 MHz, 238.49 W, 38
2026/10/08 03:50:04.857, 6, 2032 MHz, 3996 MHz, 249.99 W, 33
2026/10/08 03:50:04.857, 7, 2032 MHz, 3996 MHz, 238.68 W, 32
2026/10/08 03:50:05.858, 0, 120 MHz, 3996 MHz, 188.23 W, 38
2026/10/08 03:50:05.858, 1, 2032 MHz, 3996 MHz, 253.00 W, 41
2026/10/08 03:50:05.858, 2, 120 MHz, 3996 MHz, 184.09 W, 32
2026/10/08 03:50:05.858, 3, 120 MHz, 3996 MHz, 182.40 W, 32
2026/10/08 03:50:05.858, 4, 2032 MHz, 3996 MHz, 246.28 W, 39
2026/10/08 03:50:05.858, 5, 2032 MHz, 3996 MHz, 238.24 W, 38
2026/10/08 03:50:05.858, 6, 2032 MHz, 3996 MHz, 248.67 W, 33
2026/10/08 03:50:05.858, 7, 2032 MHz, 3996 MHz, 238.68 W, 32
2026/10/08 03:50:06.858, 0, 120 MHz, 3996 MHz, 188.17 W, 38
2026/10/08 03:50:06.858, 1, 2032 MHz, 3996 MHz, 272.25 W, 41
2026/10/08 03:50:06.858, 2, 120 MHz, 3996 MHz, 184.09 W, 32
2026/10/08 03:50:06.858, 3, 120 MHz, 3996 MHz, 182.25 W, 32
2026/10/08 03:50:06.858, 4, 2032 MHz, 3996 MHz, 246.28 W, 39
2026/10/08 03:50:06.858, 5, 2032 MHz, 3996 MHz, 238.46 W, 38
2026/10/08 03:50:06.858, 6, 2032 MHz, 3996 MHz, 248.69 W, 33
2026/10/08 03:50:06.858, 7, 2032 MHz, 3996 MHz, 238.64 W, 32
2026/10/08 03:50:07.858, 0, 120 MHz, 3996 MHz, 188.12 W, 37
2026/10/08 03:50:07.858, 1, 2032 MHz, 3996 MHz, 288.30 W, 41
2026/10/08 03:50:07.858, 2, 120 MHz, 3996 MHz, 184.09 W, 32
2026/10/08 03:50:07.858, 3, 120 MHz, 3996 MHz, 182.75 W, 32
2026/10/08 03:50:07.858, 4, 2032 MHz, 3996 MHz, 246.28 W, 39
2026/10/08 03:50:07.859, 5, 2032 MHz, 3996 MHz, 238.43 W, 38
2026/10/08 03:50:07.859, 6, 2032 MHz, 3996 MHz, 248.68 W, 33
2026/10/08 03:50:07.859, 7, 2032 MHz, 3996 MHz, 238.68 W, 32
2026/10/08 03:50:08.859, 0, 120 MHz, 3996 MHz, 187.99 W, 37
2026/10/08 03:50:08.859, 1, 2032 MHz, 3996 MHz, 346.56 W, 44
2026/10/08 03:50:08.859, 2, 120 MHz, 3996 MHz, 184.09 W, 32
2026/10/08 03:50:08.859, 3, 120 MHz, 3996 MHz, 182.48 W, 32
2026/10/08 03:50:08.859, 4, 2032 MHz, 3996 MHz, 246.28 W, 40
2026/10/08 03:50:08.859, 5, 2032 MHz, 3996 MHz, 238.46 W, 38
2026/10/08 03:50:08.859, 6, 2032 MHz, 3996 MHz, 248.68 W, 34
2026/10/08 03:50:08.859, 7, 2032 MHz, 3996 MHz, 238.64 W, 32
2026/10/08 03:50:09.859, 0, 120 MHz, 3996 MHz, 187.95 W, 37
2026/10/08 03:50:09.859, 1, 2032 MHz, 3996 MHz, 353.49 W, 43
2026/10/08 03:50:09.859, 2, 120 MHz, 3996 MHz, 184.09 W, 32
2026/10/08 03:50:09.859, 3, 120 MHz, 3996 MHz, 182.41 W, 32
2026/10/08 03:50:09.859, 4, 2032 MHz, 3996 MHz, 246.28 W, 40
2026/10/08 03:50:09.859, 5, 2032 MHz, 3996 MHz, 238.55 W, 38
2026/10/08 03:50:09.859, 6, 2032 MHz, 3996 MHz, 248.67 W, 34
2026/10/08 03:50:09.859, 7, 2032 MHz, 3996 MHz, 238.68 W, 32
2026/10/08 03:50:10.860, 0, 2032 MHz, 3996 MHz, 217.51 W, 38
2026/10/08 03:50:10.860, 1, 2032 MHz, 3996 MHz, 288.20 W, 42
2026/10/08 03:50:10.860, 2, 120 MHz, 3996 MHz, 184.09 W, 32
2026/10/08 03:50:10.860, 3, 120 MHz, 3996 MHz, 182.32 W, 32
2026/10/08 03:50:10.860, 4, 2032 MHz, 3996 MHz, 246.28 W, 40
2026/10/08 03:50:10.860, 5, 2032 MHz, 3996 MHz, 238.56 W, 38
2026/10/08 03:50:10.860, 6, 2032 MHz, 3996 MHz, 248.68 W, 34
2026/10/08 03:50:10.860, 7, 2032 MHz, 3996 MHz, 238.68 W, 33
2026/10/08 03:50:11.860, 0, 2032 MHz, 3996 MHz, 244.22 W, 38
2026/10/08 03:50:11.860, 1, 2032 MHz, 3996 MHz, 277.85 W, 41
2026/10/08 03:50:11.860, 2, 120 MHz, 3996 MHz, 184.09 W, 32
2026/10/08 03:50:11.860, 3, 120 MHz, 3996 MHz, 182.83 W, 32
2026/10/08 03:50:11.860, 4, 2032 MHz, 3996 MHz, 246.28 W, 40
2026/10/08 03:50:11.860, 5, 2032 MHz, 3996 MHz, 238.54 W, 38
2026/10/08 03:50:11.860, 6, 2032 MHz, 3996 MHz, 273.67 W, 34
2026/10/08 03:50:11.860, 7, 2032 MHz, 3996 MHz, 238.59 W, 33
2026/10/08 03:50:12.860, 0, 2032 MHz, 3996 MHz, 244.18 W, 38
2026/10/08 03:50:12.860, 1, 2032 MHz, 3996 MHz, 262.11 W, 41
2026/10/08 03:50:12.860, 2, 120 MHz, 3996 MHz, 184.09 W, 32
2026/10/08 03:50:12.860, 3, 120 MHz, 3996 MHz, 182.69 W, 32
2026/10/08 03:50:12.860, 4, 2032 MHz, 3996 MHz, 246.28 W, 40
2026/10/08 03:50:12.860, 5, 2032 MHz, 3996 MHz, 238.64 W, 38
2026/10/08 03:50:12.860, 6, 2032 MHz, 3996 MHz, 248.68 W, 34
2026/10/08 03:50:12.860, 7, 2032 MHz, 3996 MHz, 238.68 W, 33
2026/10/08 03:50:13.861, 0, 2032 MHz, 3996 MHz, 244.90 W, 38
2026/10/08 03:50:13.861, 1, 2032 MHz, 3996 MHz, 252.09 W, 41
2026/10/08 03:50:13.861, 2, 120 MHz, 3996 MHz, 184.09 W, 32
2026/10/08 03:50:13.861, 3, 120 MHz, 3996 MHz, 183.09 W, 32
2026/10/08 03:50:13.861, 4, 2032 MHz, 3996 MHz, 246.88 W, 40
2026/10/08 03:50:13.861, 5, 2032 MHz, 3996 MHz, 238.58 W, 38
2026/10/08 03:50:13.861, 6, 2032 MHz, 3996 MHz, 265.28 W, 34
2026/10/08 03:50:13.861, 7, 2032 MHz, 3996 MHz, 238.62 W, 33
2026/10/08 03:50:14.861, 0, 2032 MHz, 3996 MHz, 246.06 W, 38
2026/10/08 03:50:14.861, 1, 2032 MHz, 3996 MHz, 252.16 W, 41
2026/10/08 03:50:14.861, 2, 120 MHz, 3996 MHz, 184.09 W, 32
2026/10/08 03:50:14.861, 3, 120 MHz, 3996 MHz, 183.15 W, 32
2026/10/08 03:50:14.861, 4, 2032 MHz, 3996 MHz, 246.28 W, 40
2026/10/08 03:50:14.861, 5, 2032 MHz, 3996 MHz, 238.55 W, 38
2026/10/08 03:50:14.861, 6, 2032 MHz, 3996 MHz, 248.70 W, 34
2026/10/08 03:50:14.861, 7, 2032 MHz, 3996 MHz, 238.68 W, 33
2026/10/08 03:50:15.861, 0, 2032 MHz, 3996 MHz, 245.93 W, 38
2026/10/08 03:50:15.861, 1, 2032 MHz, 3996 MHz, 252.35 W, 41
2026/10/08 03:50:15.861, 2, 120 MHz, 3996 MHz, 184.09 W, 32
2026/10/08 03:50:15.861, 3, 120 MHz, 3996 MHz, 183.17 W, 32
2026/10/08 03:50:15.862, 4, 2032 MHz, 3996 MHz, 246.30 W, 40
2026/10/08 03:50:15.862, 5, 2032 MHz, 3996 MHz, 242.65 W, 38
2026/10/08 03:50:15.862, 6, 2032 MHz, 3996 MHz, 248.69 W, 34
2026/10/08 03:50:15.862, 7, 2032 MHz, 3996 MHz, 238.68 W, 33
2026/10/08 03:50:16.862, 0, 2032 MHz, 3996 MHz, 247.31 W, 39
2026/10/08 03:50:16.862, 1, 2032 MHz, 3996 MHz, 260.89 W, 41
2026/10/08 03:50:16.862, 2, 120 MHz, 3996 MHz, 184.09 W, 32
2026/10/08 03:50:16.862, 3, 120 MHz, 3996 MHz, 183.19 W, 32
2026/10/08 03:50:16.862, 4, 2032 MHz, 3996 MHz, 246.28 W, 40
2026/10/08 03:50:16.862, 5, 2032 MHz, 3996 MHz, 238.43 W, 38
2026/10/08 03:50:16.862, 6, 2032 MHz, 3996 MHz, 248.69 W, 34
2026/10/08 03:50:16.862, 7, 2032 MHz, 3996 MHz, 238.68 W, 33
2026/10/08 03:50:17.862, 0, 2032 MHz, 3996 MHz, 260.85 W, 38
2026/10/08 03:50:17.862, 1, 2032 MHz, 3996 MHz, 251.80 W, 41
2026/10/08 03:50:17.862, 2, 120 MHz, 3996 MHz, 184.09 W, 32
2026/10/08 03:50:17.862, 3, 120 MHz, 3996 MHz, 183.36 W, 32
2026/10/08 03:50:17.862, 4, 2032 MHz, 3996 MHz, 246.30 W, 40
2026/10/08 03:50:17.862, 5, 2032 MHz, 3996 MHz, 255.46 W, 38
2026/10/08 03:50:17.862, 6, 2032 MHz, 3996 MHz, 248.80 W, 34
2026/10/08 03:50:17.862, 7, 2032 MHz, 3996 MHz, 238.72 W, 33
2026/10/08 03:50:18.862, 0, 2032 MHz, 3996 MHz, 281.14 W, 39
2026/10/08 03:50:18.862, 1, 2032 MHz, 3996 MHz, 251.77 W, 41
2026/10/08 03:50:18.862, 2, 120 MHz, 3996 MHz, 184.09 W, 32
2026/10/08 03:50:18.862, 3, 120 MHz, 3996 MHz, 183.43 W, 32
2026/10/08 03:50:18.862, 4, 2032 MHz, 3996 MHz, 246.28 W, 40
2026/10/08 03:50:18.862, 5, 2032 MHz, 3996 MHz, 238.55 W, 38
2026/10/08 03:50:18.862, 6, 2032 MHz, 3996 MHz, 248.68 W, 34
2026/10/08 03:50:18.862, 7, 2032 MHz, 3996 MHz, 238.68 W, 33
2026/10/08 03:50:19.863, 0, 2032 MHz, 3996 MHz, 245.37 W, 39
2026/10/08 03:50:19.863, 1, 2032 MHz, 3996 MHz, 251.77 W, 41
2026/10/08 03:50:19.863, 2, 120 MHz, 3996 MHz, 184.09 W, 32
2026/10/08 03:50:19.863, 3, 120 MHz, 3996 MHz, 183.37 W, 32
2026/10/08 03:50:19.863, 4, 2032 MHz, 3996 MHz, 246.28 W, 40
2026/10/08 03:50:19.863, 5, 2032 MHz, 3996 MHz, 238.71 W, 38
2026/10/08 03:50:19.863, 6, 2032 MHz, 3996 MHz, 248.70 W, 34
2026/10/08 03:50:19.863, 7, 2032 MHz, 3996 MHz, 238.68 W, 33
2026/10/08 03:50:20.863, 0, 2032 MHz, 3996 MHz, 283.94 W, 39
2026/10/08 03:50:20.863, 1, 2032 MHz, 3996 MHz, 251.76 W, 41
2026/10/08 03:50:20.863, 2, 120 MHz, 3996 MHz, 184.09 W, 32
2026/10/08 03:50:20.863, 3, 120 MHz, 3996 MHz, 183.46 W, 33
2026/10/08 03:50:20.863, 4, 2032 MHz, 3996 MHz, 265.58 W, 40
2026/10/08 03:50:20.863, 5, 2032 MHz, 3996 MHz, 238.54 W, 38
2026/10/08 03:50:20.863, 6, 2032 MHz, 3996 MHz, 248.71 W, 34
2026/10/08 03:50:20.863, 7, 2032 MHz, 3996 MHz, 238.68 W, 33
2026/10/08 03:50:21.863, 0, 2032 MHz, 3996 MHz, 324.07 W, 40
2026/10/08 03:50:21.863, 1, 2032 MHz, 3996 MHz, 251.58 W, 41
2026/10/08 03:50:21.863, 2, 120 MHz, 3996 MHz, 184.09 W, 32
2026/10/08 03:50:21.863, 3, 120 MHz, 3996 MHz, 183.40 W, 33
2026/10/08 03:50:21.863, 4, 2032 MHz, 3996 MHz, 246.28 W, 40
2026/10/08 03:50:21.863, 5, 2032 MHz, 3996 MHz, 238.69 W, 38
2026/10/08 03:50:21.863, 6, 2032 MHz, 3996 MHz, 248.69 W, 34
2026/10/08 03:50:21.863, 7, 2032 MHz, 3996 MHz, 238.68 W, 33
2026/10/08 03:50:22.864, 0, 2032 MHz, 3996 MHz, 305.53 W, 40
2026/10/08 03:50:22.864, 1, 2032 MHz, 3996 MHz, 251.59 W, 41
2026/10/08 03:50:22.864, 2, 120 MHz, 3996 MHz, 184.09 W, 32
2026/10/08 03:50:22.864, 3, 120 MHz, 3996 MHz, 183.52 W, 33
2026/10/08 03:50:22.864, 4, 2032 MHz, 3996 MHz, 263.71 W, 40
2026/10/08 03:50:22.864, 5, 2032 MHz, 3996 MHz, 238.47 W, 38
2026/10/08 03:50:22.864, 6, 2032 MHz, 3996 MHz, 248.70 W, 34
2026/10/08 03:50:22.864, 7, 2032 MHz, 3996 MHz, 238.68 W, 33
2026/10/08 03:50:23.864, 0, 2032 MHz, 3996 MHz, 278.17 W, 39
2026/10/08 03:50:23.864, 1, 2032 MHz, 3996 MHz, 251.68 W, 41
2026/10/08 03:50:23.864, 2, 120 MHz, 3996 MHz, 184.09 W, 33
2026/10/08 03:50:23.864, 3, 120 MHz, 3996 MHz, 183.56 W, 33
2026/10/08 03:50:23.864, 4, 2032 MHz, 3996 MHz, 246.35 W, 40
2026/10/08 03:50:23.864, 5, 2032 MHz, 3996 MHz, 238.57 W, 38
2026/10/08 03:50:23.864, 6, 2032 MHz, 3996 MHz, 248.70 W, 34
2026/10/08 03:50:23.864, 7, 2032 MHz, 3996 MHz, 238.68 W, 33
2026/10/08 03:50:24.864, 0, 2032 MHz, 3996 MHz, 259.30 W, 39
2026/10/08 03:50:24.864, 1, 2032 MHz, 3996 MHz, 251.74 W, 41
2026/10/08 03:50:24.864, 2, 120 MHz, 3996 MHz, 184.09 W, 33
2026/10/08 03:50:24.864, 3, 120 MHz, 3996 MHz, 183.44 W, 33
2026/10/08 03:50:24.864, 4, 2032 MHz, 3996 MHz, 246.28 W, 40
2026/10/08 03:50:24.864, 5, 2032 MHz, 3996 MHz, 238.53 W, 38
2026/10/08 03:50:24.864, 6, 2032 MHz, 3996 MHz, 248.70 W, 34
2026/10/08 03:50:24.864, 7, 2032 MHz, 3996 MHz, 238.68 W, 33
2026/10/08 03:50:25.865, 0, 2032 MHz, 3996 MHz, 265.14 W, 39
2026/10/08 03:50:25.865, 1, 2032 MHz, 3996 MHz, 251.73 W, 41
2026/10/08 03:50:25.865, 2, 120 MHz, 3996 MHz, 184.09 W, 33
2026/10/08 03:50:25.865, 3, 120 MHz, 3996 MHz, 183.63 W, 33
2026/10/08 03:50:25.865, 4, 2032 MHz, 3996 MHz, 246.47 W, 40
2026/10/08 03:50:25.865, 5, 2032 MHz, 3996 MHz, 238.45 W, 38
2026/10/08 03:50:25.865, 6, 2032 MHz, 3996 MHz, 248.71 W, 34
2026/10/08 03:50:25.865, 7, 2032 MHz, 3996 MHz, 238.68 W, 33
2026/10/08 03:50:26.865, 0, 2032 MHz, 3996 MHz, 249.99 W, 39
2026/10/08 03:50:26.865, 1, 2032 MHz, 3996 MHz, 251.76 W, 41
2026/10/08 03:50:26.865, 2, 120 MHz, 3996 MHz, 184.09 W, 33
2026/10/08 03:50:26.865, 3, 120 MHz, 3996 MHz, 183.79 W, 33
2026/10/08 03:50:26.865, 4, 2032 MHz, 3996 MHz, 246.32 W, 40
2026/10/08 03:50:26.865, 5, 2032 MHz, 3996 MHz, 238.56 W, 38
2026/10/08 03:50:26.865, 6, 2032 MHz, 3996 MHz, 248.70 W, 34
2026/10/08 03:50:26.865, 7, 2032 MHz, 3996 MHz, 238.68 W, 33
2026/10/08 03:50:27.865, 0, 2032 MHz, 3996 MHz, 252.24 W, 39
2026/10/08 03:50:27.865, 1, 2032 MHz, 3996 MHz, 251.76 W, 41
2026/10/08 03:50:27.865, 2, 120 MHz, 3996 MHz, 184.09 W, 33
2026/10/08 03:50:27.865, 3, 120 MHz, 3996 MHz, 183.74 W, 33
2026/10/08 03:50:27.865, 4, 2032 MHz, 3996 MHz, 246.28 W, 40
2026/10/08 03:50:27.865, 5, 2032 MHz, 3996 MHz, 238.47 W, 38
2026/10/08 03:50:27.866, 6, 2032 MHz, 3996 MHz, 248.70 W, 35
2026/10/08 03:50:27.866, 7, 2032 MHz, 3996 MHz, 238.68 W, 33
2026/10/08 03:50:28.866, 0, 2032 MHz, 3996 MHz, 249.43 W, 39
2026/10/08 03:50:28.866, 1, 2032 MHz, 3996 MHz, 251.76 W, 41
2026/10/08 03:50:28.866, 2, 120 MHz, 3996 MHz, 184.09 W, 33
2026/10/08 03:50:28.866, 3, 120 MHz, 3996 MHz, 183.71 W, 33
2026/10/08 03:50:28.866, 4, 2032 MHz, 3996 MHz, 246.28 W, 40
2026/10/08 03:50:28.866, 5, 2032 MHz, 3996 MHz, 238.46 W, 38
2026/10/08 03:50:28.866, 6, 2032 MHz, 3996 MHz, 248.71 W, 35
2026/10/08 03:50:28.866, 7, 2032 MHz, 3996 MHz, 238.68 W, 33
2026/10/08 03:50:29.866, 0, 2032 MHz, 3996 MHz, 245.27 W, 39
2026/10/08 03:50:29.866, 1, 2032 MHz, 3996 MHz, 251.76 W, 41
2026/10/08 03:50:29.866, 2, 120 MHz, 3996 MHz, 184.13 W, 33
2026/10/08 03:50:29.866, 3, 120 MHz, 3996 MHz, 183.64 W, 33
2026/10/08 03:50:29.866, 4, 2032 MHz, 3996 MHz, 246.28 W, 40
2026/10/08 03:50:29.866, 5, 2032 MHz, 3996 MHz, 238.52 W, 38
2026/10/08 03:50:29.866, 6, 2032 MHz, 3996 MHz, 248.70 W, 35
2026/10/08 03:50:29.866, 7, 2032 MHz, 3996 MHz, 238.68 W, 34
2026/10/08 03:50:30.866, 0, 2032 MHz, 3996 MHz, 245.49 W, 39
2026/10/08 03:50:30.866, 1, 2032 MHz, 3996 MHz, 251.77 W, 41
2026/10/08 03:50:30.866, 2, 120 MHz, 3996 MHz, 184.09 W, 33
2026/10/08 03:50:30.866, 3, 120 MHz, 3996 MHz, 183.94 W, 33
2026/10/08 03:50:30.866, 4, 2032 MHz, 3996 MHz, 246.28 W, 40
2026/10/08 03:50:30.866, 5, 2032 MHz, 3996 MHz, 238.62 W, 38
2026/10/08 03:50:30.867, 6, 2032 MHz, 3996 MHz, 248.71 W, 35
2026/10/08 03:50:30.867, 7, 2032 MHz, 3996 MHz, 238.68 W, 34
2026/10/08 03:50:31.867, 0, 2032 MHz, 3996 MHz, 245.17 W, 39
2026/10/08 03:50:31.867, 1, 2032 MHz, 3996 MHz, 251.76 W, 41
2026/10/08 03:50:31.867, 2, 120 MHz, 3996 MHz, 184.21 W, 33
2026/10/08 03:50:31.867, 3, 120 MHz, 3996 MHz, 183.71 W, 33
2026/10/08 03:50:31.867, 4, 2032 MHz, 3996 MHz, 246.28 W, 40
2026/10/08 03:50:31.867, 5, 2032 MHz, 3996 MHz, 238.51 W, 38
2026/10/08 03:50:31.867, 6, 2032 MHz, 3996 MHz, 248.70 W, 35
2026/10/08 03:50:31.867, 7, 2032 MHz, 3996 MHz, 238.68 W, 34
2026/10/08 03:50:32.867, 0, 2032 MHz, 3996 MHz, 245.88 W, 39
2026/10/08 03:50:32.867, 1, 2032 MHz, 3996 MHz, 251.76 W, 41
2026/10/08 03:50:32.867, 2, 120 MHz, 3996 MHz, 184.21 W, 33
2026/10/08 03:50:32.867, 3, 120 MHz, 3996 MHz, 183.98 W, 33
2026/10/08 03:50:32.867, 4, 2032 MHz, 3996 MHz, 246.28 W, 40
2026/10/08 03:50:32.867, 5, 2032 MHz, 3996 MHz, 238.40 W, 38
2026/10/08 03:50:32.867, 6, 2032 MHz, 3996 MHz, 248.70 W, 35
2026/10/08 03:50:32.867, 7, 2032 MHz, 3996 MHz, 238.72 W, 34
2026/10/08 03:50:33.868, 0, 2032 MHz, 3996 MHz, 254.36 W, 39
2026/10/08 03:50:33.868, 1, 2032 MHz, 3996 MHz, 258.16 W, 41
2026/10/08 03:50:33.868, 2, 120 MHz, 3996 MHz, 184.17 W, 33
2026/10/08 03:50:33.868, 3, 120 MHz, 3996 MHz, 183.90 W, 33
2026/10/08 03:50:33.868, 4, 2032 MHz, 3996 MHz, 246.28 W, 40
2026/10/08 03:50:33.868, 5, 2032 MHz, 3996 MHz, 238.53 W, 38
2026/10/08 03:50:33.868, 6, 2032 MHz, 3996 MHz, 248.71 W, 35
2026/10/08 03:50:33.868, 7, 2032 MHz, 3996 MHz, 238.68 W, 34
2026/10/08 03:50:34.868, 0, 2032 MHz, 3996 MHz, 252.24 W, 39
2026/10/08 03:50:34.868, 1, 2032 MHz, 3996 MHz, 251.78 W, 41
2026/10/08 03:50:34.868, 2, 120 MHz, 3996 MHz, 184.17 W, 33
2026/10/08 03:50:34.868, 3, 120 MHz, 3996 MHz, 183.83 W, 33
2026/10/08 03:50:34.868, 4, 2032 MHz, 3996 MHz, 246.28 W, 40
2026/10/08 03:50:34.868, 5, 2032 MHz, 3996 MHz, 238.72 W, 39
2026/10/08 03:50:34.868, 6, 2032 MHz, 3996 MHz, 248.97 W, 35
2026/10/08 03:50:34.868, 7, 2032 MHz, 3996 MHz, 238.87 W, 34
2026/10/08 03:50:35.868, 0, 2032 MHz, 3996 MHz, 245.32 W, 39
2026/10/08 03:50:35.868, 1, 2032 MHz, 3996 MHz, 251.77 W, 41
2026/10/08 03:50:35.868, 2, 120 MHz, 3996 MHz, 184.21 W, 33
2026/10/08 03:50:35.869, 3, 120 MHz, 3996 MHz, 183.93 W, 33
2026/10/08 03:50:35.869, 4, 2032 MHz, 3996 MHz, 246.28 W, 40
2026/10/08 03:50:35.869, 5, 2032 MHz, 3996 MHz, 238.56 W, 39
2026/10/08 03:50:35.869, 6, 2032 MHz, 3996 MHz, 248.70 W, 35
2026/10/08 03:50:35.869, 7, 2032 MHz, 3996 MHz, 238.68 W, 34
2026/10/08 03:50:36.869, 0, 2032 MHz, 3996 MHz, 245.05 W, 39
2026/10/08 03:50:36.869, 1, 2032 MHz, 3996 MHz, 251.76 W, 41
2026/10/08 03:50:36.869, 2, 120 MHz, 3996 MHz, 184.32 W, 33
2026/10/08 03:50:36.869, 3, 120 MHz, 3996 MHz, 184.05 W, 33
2026/10/08 03:50:36.869, 4, 2032 MHz, 3996 MHz, 246.28 W, 40
2026/10/08 03:50:36.869, 5, 2032 MHz, 3996 MHz, 238.64 W, 39
2026/10/08 03:50:36.869, 6, 2032 MHz, 3996 MHz, 248.70 W, 35
2026/10/08 03:50:36.869, 7, 2032 MHz, 3996 MHz, 238.79 W, 34
2026/10/08 03:50:37.869, 0, 2032 MHz, 3996 MHz, 245.00 W, 39
2026/10/08 03:50:37.869, 1, 2032 MHz, 3996 MHz, 251.76 W, 41
2026/10/08 03:50:37.869, 2, 120 MHz, 3996 MHz, 184.48 W, 33
2026/10/08 03:50:37.869, 3, 120 MHz, 3996 MHz, 183.90 W, 33
2026/10/08 03:50:37.869, 4, 2032 MHz, 3996 MHz, 246.28 W, 40
2026/10/08 03:50:37.869, 5, 2032 MHz, 3996 MHz, 238.52 W, 39
2026/10/08 03:50:37.869, 6, 2032 MHz, 3996 MHz, 248.76 W, 35
2026/10/08 03:50:37.869, 7, 2032 MHz, 3996 MHz, 238.68 W, 34
2026/10/08 03:50:38.870, 0, 2032 MHz, 3996 MHz, 244.90 W, 39
2026/10/08 03:50:38.870, 1, 2032 MHz, 3996 MHz, 251.77 W, 41
2026/10/08 03:50:38.870, 2, 120 MHz, 3996 MHz, 184.40 W, 33
2026/10/08 03:50:38.870, 3, 120 MHz, 3996 MHz, 184.06 W, 33
2026/10/08 03:50:38.870, 4, 2032 MHz, 3996 MHz, 246.28 W, 40
2026/10/08 03:50:38.870, 5, 2032 MHz, 3996 MHz, 238.53 W, 39
2026/10/08 03:50:38.870, 6, 2032 MHz, 3996 MHz, 248.77 W, 35
2026/10/08 03:50:38.870, 7, 2032 MHz, 3996 MHz, 238.75 W, 34
2026/10/08 03:50:39.870, 0, 2032 MHz, 3996 MHz, 244.97 W, 39
2026/10/08 03:50:39.870, 1, 1320 MHz, 3996 MHz, 423.55 W, 52
2026/10/08 03:50:39.870, 2, 120 MHz, 3996 MHz, 184.68 W, 33
2026/10/08 03:50:39.870, 3, 120 MHz, 3996 MHz, 184.06 W, 33
2026/10/08 03:50:39.870, 4, 2032 MHz, 3996 MHz, 246.28 W, 41
2026/10/08 03:50:39.870, 5, 2032 MHz, 3996 MHz, 238.67 W, 39
2026/10/08 03:50:39.870, 6, 2032 MHz, 3996 MHz, 248.76 W, 35
2026/10/08 03:50:39.870, 7, 2032 MHz, 3996 MHz, 238.72 W, 34
2026/10/08 03:50:40.870, 0, 2032 MHz, 3996 MHz, 586.14 W, 48
2026/10/08 03:50:40.870, 1, 2032 MHz, 3996 MHz, 450.48 W, 42
2026/10/08 03:50:40.870, 2, 120 MHz, 3996 MHz, 184.82 W, 33
2026/10/08 03:50:40.870, 3, 120 MHz, 3996 MHz, 183.94 W, 33
2026/10/08 03:50:40.870, 4, 2032 MHz, 3996 MHz, 246.28 W, 41
2026/10/08 03:50:40.870, 5, 2032 MHz, 3996 MHz, 238.55 W, 39
2026/10/08 03:50:40.871, 6, 2032 MHz, 3996 MHz, 248.94 W, 35
2026/10/08 03:50:40.871, 7, 2032 MHz, 3996 MHz, 238.76 W, 34
2026/10/08 03:50:41.871, 0, 2032 MHz, 3996 MHz, 253.87 W, 40
2026/10/08 03:50:41.871, 1, 1282 MHz, 3996 MHz, 812.47 W, 57
2026/10/08 03:50:41.871, 2, 120 MHz, 3996 MHz, 184.93 W, 33
2026/10/08 03:50:41.871, 3, 120 MHz, 3996 MHz, 183.95 W, 33
2026/10/08 03:50:41.871, 4, 2032 MHz, 3996 MHz, 246.28 W, 41
2026/10/08 03:50:41.871, 5, 2032 MHz, 3996 MHz, 238.60 W, 39
2026/10/08 03:50:41.871, 6, 2032 MHz, 3996 MHz, 248.86 W, 35
2026/10/08 03:50:41.871, 7, 2032 MHz, 3996 MHz, 238.91 W, 34
2026/10/08 03:50:42.871, 0, 1320 MHz, 3996 MHz, 1059.55 W, 57
2026/10/08 03:50:42.871, 1, 2032 MHz, 3996 MHz, 966.02 W, 51
2026/10/08 03:50:42.871, 2, 120 MHz, 3996 MHz, 185.07 W, 33
2026/10/08 03:50:42.871, 3, 120 MHz, 3996 MHz, 184.09 W, 33
2026/10/08 03:50:42.871, 4, 2032 MHz, 3996 MHz, 246.31 W, 41
2026/10/08 03:50:42.871, 5, 2032 MHz, 3996 MHz, 238.79 W, 39
2026/10/08 03:50:42.871, 6, 2032 MHz, 3996 MHz, 248.93 W, 35
2026/10/08 03:50:42.871, 7, 2032 MHz, 3996 MHz, 239.38 W, 34
2026/10/08 03:50:43.871, 0, 2032 MHz, 3996 MHz, 895.28 W, 49
2026/10/08 03:50:43.871, 1, 2032 MHz, 3996 MHz, 895.35 W, 51
2026/10/08 03:50:43.871, 2, 120 MHz, 3996 MHz, 185.15 W, 33
2026/10/08 03:50:43.871, 3, 120 MHz, 3996 MHz, 184.05 W, 34
2026/10/08 03:50:43.871, 4, 2032 MHz, 3996 MHz, 246.28 W, 41
2026/10/08 03:50:43.872, 5, 2032 MHz, 3996 MHz, 238.72 W, 39
2026/10/08 03:50:43.872, 6, 2032 MHz, 3996 MHz, 249.33 W, 35
2026/10/08 03:50:43.872, 7, 2032 MHz, 3996 MHz, 239.36 W, 34
2026/10/08 03:50:44.872, 0, 2032 MHz, 3996 MHz, 890.15 W, 50
2026/10/08 03:50:44.872, 1, 2032 MHz, 3996 MHz, 897.50 W, 52
2026/10/08 03:50:44.872, 2, 120 MHz, 3996 MHz, 185.20 W, 33
2026/10/08 03:50:44.872, 3, 120 MHz, 3996 MHz, 184.02 W, 34
2026/10/08 03:50:44.872, 4, 2032 MHz, 3996 MHz, 246.28 W, 41
2026/10/08 03:50:44.872, 5, 2032 MHz, 3996 MHz, 238.84 W, 39
2026/10/08 03:50:44.872, 6, 2032 MHz, 3996 MHz, 249.18 W, 35
2026/10/08 03:50:44.872, 7, 2032 MHz, 3996 MHz, 239.30 W, 34
2026/10/08 03:50:45.872, 0, 2032 MHz, 3996 MHz, 892.27 W, 50
2026/10/08 03:50:45.872, 1, 2032 MHz, 3996 MHz, 901.40 W, 52
2026/10/08 03:50:45.872, 2, 120 MHz, 3996 MHz, 185.20 W, 33
2026/10/08 03:50:45.872, 3, 120 MHz, 3996 MHz, 184.09 W, 34
2026/10/08 03:50:45.872, 4, 2032 MHz, 3996 MHz, 246.28 W, 41
2026/10/08 03:50:45.872, 5, 2032 MHz, 3996 MHz, 238.92 W, 39
2026/10/08 03:50:45.872, 6, 2032 MHz, 3996 MHz, 249.10 W, 35
2026/10/08 03:50:45.872, 7, 2032 MHz, 3996 MHz, 239.48 W, 34
2026/10/08 03:50:46.872, 0, 2032 MHz, 3996 MHz, 895.22 W, 50
2026/10/08 03:50:46.873, 1, 2032 MHz, 3996 MHz, 903.63 W, 53
2026/10/08 03:50:46.873, 2, 120 MHz, 3996 MHz, 185.44 W, 34
2026/10/08 03:50:46.873, 3, 120 MHz, 3996 MHz, 184.06 W, 34
2026/10/08 03:50:46.873, 4, 2032 MHz, 3996 MHz, 246.28 W, 41
2026/10/08 03:50:46.873, 5, 2032 MHz, 3996 MHz, 238.86 W, 39
2026/10/08 03:50:46.873, 6, 2032 MHz, 3996 MHz, 249.66 W, 35
2026/10/08 03:50:46.873, 7, 2032 MHz, 3996 MHz, 239.73 W, 34
2026/10/08 03:50:47.873, 0, 2032 MHz, 3996 MHz, 897.66 W, 51
2026/10/08 03:50:47.873, 1, 1372 MHz, 3996 MHz, 969.24 W, 60
2026/10/08 03:50:47.873, 2, 120 MHz, 3996 MHz, 185.58 W, 34
2026/10/08 03:50:47.873, 3, 120 MHz, 3996 MHz, 184.06 W, 34
2026/10/08 03:50:47.873, 4, 2032 MHz, 3996 MHz, 246.39 W, 41
2026/10/08 03:50:47.873, 5, 2032 MHz, 3996 MHz, 238.67 W, 39
2026/10/08 03:50:47.873, 6, 2032 MHz, 3996 MHz, 249.56 W, 35
2026/10/08 03:50:47.873, 7, 2032 MHz, 3996 MHz, 239.55 W, 34
2026/10/08 03:50:48.873, 0, 1305 MHz, 3996 MHz, 1031.51 W, 59
2026/10/08 03:50:48.873, 1, 2032 MHz, 3996 MHz, 1041.73 W, 55
2026/10/08 03:50:48.873, 2, 120 MHz, 3996 MHz, 185.69 W, 34
2026/10/08 03:50:48.873, 3, 120 MHz, 3996 MHz, 184.10 W, 34
2026/10/08 03:50:48.873, 4, 2032 MHz, 3996 MHz, 246.28 W, 41
2026/10/08 03:50:48.873, 5, 2032 MHz, 3996 MHz, 238.90 W, 39
2026/10/08 03:50:48.873, 6, 2032 MHz, 3996 MHz, 249.69 W, 35
2026/10/08 03:50:48.873, 7, 2032 MHz, 3996 MHz, 239.80 W, 34
2026/10/08 03:50:49.873, 0, 2032 MHz, 3996 MHz, 970.33 W, 52
2026/10/08 03:50:49.873, 1, 2032 MHz, 3996 MHz, 900.94 W, 54
2026/10/08 03:50:49.874, 2, 120 MHz, 3996 MHz, 185.78 W, 34
2026/10/08 03:50:49.874, 3, 120 MHz, 3996 MHz, 184.11 W, 34
2026/10/08 03:50:49.874, 4, 2032 MHz, 3996 MHz, 246.32 W, 41
2026/10/08 03:50:49.874, 5, 2032 MHz, 3996 MHz, 238.94 W, 39
2026/10/08 03:50:49.874, 6, 2032 MHz, 3996 MHz, 249.75 W, 36
2026/10/08 03:50:49.874, 7, 2032 MHz, 3996 MHz, 239.96 W, 34
2026/10/08 03:50:50.874, 0, 2032 MHz, 3996 MHz, 895.46 W, 52
2026/10/08 03:50:50.874, 1, 2032 MHz, 3996 MHz, 901.82 W, 54
2026/10/08 03:50:50.874, 2, 120 MHz, 3996 MHz, 185.73 W, 34
2026/10/08 03:50:50.874, 3, 120 MHz, 3996 MHz, 184.09 W, 34
2026/10/08 03:50:50.874, 4, 2032 MHz, 3996 MHz, 246.58 W, 41
2026/10/08 03:50:50.874, 5, 2032 MHz, 3996 MHz, 238.68 W, 39
2026/10/08 03:50:50.874, 6, 2032 MHz, 3996 MHz, 250.12 W, 36
2026/10/08 03:50:50.874, 7, 2032 MHz, 3996 MHz, 240.12 W, 34
2026/10/08 03:50:51.874, 0, 2032 MHz, 3996 MHz, 902.17 W, 52
2026/10/08 03:50:51.874, 1, 2032 MHz, 3996 MHz, 906.44 W, 55
2026/10/08 03:50:51.874, 2, 120 MHz, 3996 MHz, 185.62 W, 34
2026/10/08 03:50:51.874, 3, 120 MHz, 3996 MHz, 184.10 W, 34
2026/10/08 03:50:51.874, 4, 2032 MHz, 3996 MHz, 246.39 W, 41
2026/10/08 03:50:51.874, 5, 2032 MHz, 3996 MHz, 238.83 W, 39
2026/10/08 03:50:51.874, 6, 2032 MHz, 3996 MHz, 250.00 W, 36
2026/10/08 03:50:51.874, 7, 2032 MHz, 3996 MHz, 240.09 W, 35
2026/10/08 03:50:52.874, 0, 2032 MHz, 3996 MHz, 899.00 W, 53
2026/10/08 03:50:52.874, 1, 2032 MHz, 3996 MHz, 907.02 W, 55
2026/10/08 03:50:52.875, 2, 120 MHz, 3996 MHz, 185.66 W, 34
2026/10/08 03:50:52.875, 3, 120 MHz, 3996 MHz, 184.10 W, 34
2026/10/08 03:50:52.875, 4, 2032 MHz, 3996 MHz, 246.39 W, 41
2026/10/08 03:50:52.875, 5, 2032 MHz, 3996 MHz, 238.79 W, 39
2026/10/08 03:50:52.875, 6, 2032 MHz, 3996 MHz, 249.72 W, 36
2026/10/08 03:50:52.875, 7, 2032 MHz, 3996 MHz, 240.12 W, 35
2026/10/08 03:50:53.875, 0, 2032 MHz, 3996 MHz, 903.83 W, 53
2026/10/08 03:50:53.875, 1, 2032 MHz, 3996 MHz, 913.79 W, 55
2026/10/08 03:50:53.875, 2, 120 MHz, 3996 MHz, 185.81 W, 34
2026/10/08 03:50:53.875, 3, 120 MHz, 3996 MHz, 184.07 W, 34
2026/10/08 03:50:53.875, 4, 2032 MHz, 3996 MHz, 246.47 W, 41
2026/10/08 03:50:53.875, 5, 2032 MHz, 3996 MHz, 238.90 W, 39
2026/10/08 03:50:53.875, 6, 2032 MHz, 3996 MHz, 249.60 W, 36
2026/10/08 03:50:53.875, 7, 2032 MHz, 3996 MHz, 240.43 W, 35
2026/10/08 03:50:54.875, 0, 1335 MHz, 3996 MHz, 969.97 W, 61
2026/10/08 03:50:54.875, 1, 1282 MHz, 3996 MHz, 1076.20 W, 63
2026/10/08 03:50:54.875, 2, 120 MHz, 3996 MHz, 185.89 W, 34
2026/10/08 03:50:54.875, 3, 120 MHz, 3996 MHz, 184.09 W, 34
2026/10/08 03:50:54.875, 4, 2032 MHz, 3996 MHz, 246.35 W, 41
2026/10/08 03:50:54.875, 5, 2032 MHz, 3996 MHz, 238.96 W, 39
2026/10/08 03:50:54.875, 6, 2032 MHz, 3996 MHz, 250.11 W, 36
2026/10/08 03:50:54.875, 7, 2032 MHz, 3996 MHz, 264.57 W, 35
2026/10/08 03:50:55.876, 0, 2032 MHz, 3996 MHz, 1030.13 W, 55
2026/10/08 03:50:55.876, 1, 2032 MHz, 3996 MHz, 937.20 W, 56
2026/10/08 03:50:55.876, 2, 120 MHz, 3996 MHz, 185.93 W, 34
2026/10/08 03:50:55.876, 3, 120 MHz, 3996 MHz, 184.09 W, 34
2026/10/08 03:50:55.876, 4, 2032 MHz, 3996 MHz, 246.43 W, 41
2026/10/08 03:50:55.876, 5, 2032 MHz, 3996 MHz, 239.17 W, 39
2026/10/08 03:50:55.876, 6, 2032 MHz, 3996 MHz, 250.16 W, 36
2026/10/08 03:50:55.876, 7, 2032 MHz, 3996 MHz, 349.55 W, 36
2026/10/08 03:50:56.876, 0, 2032 MHz, 3996 MHz, 897.15 W, 54
2026/10/08 03:50:56.876, 1, 2032 MHz, 3996 MHz, 903.94 W, 56
2026/10/08 03:50:56.876, 2, 120 MHz, 3996 MHz, 185.70 W, 34
2026/10/08 03:50:56.876, 3, 120 MHz, 3996 MHz, 184.09 W, 34
2026/10/08 03:50:56.876, 4, 2032 MHz, 3996 MHz, 246.55 W, 41
2026/10/08 03:50:56.876, 5, 2032 MHz, 3996 MHz, 239.14 W, 39
2026/10/08 03:50:56.876, 6, 2032 MHz, 3996 MHz, 250.14 W, 36
2026/10/08 03:50:56.876, 7, 2032 MHz, 3996 MHz, 311.88 W, 36
2026/10/08 03:50:57.876, 0, 2032 MHz, 3996 MHz, 898.48 W, 54
2026/10/08 03:50:57.876, 1, 2032 MHz, 3996 MHz, 906.67 W, 56
2026/10/08 03:50:57.876, 2, 120 MHz, 3996 MHz, 185.78 W, 34
2026/10/08 03:50:57.876, 3, 120 MHz, 3996 MHz, 184.06 W, 34
2026/10/08 03:50:57.876, 4, 2032 MHz, 3996 MHz, 246.73 W, 41
2026/10/08 03:50:57.876, 5, 2032 MHz, 3996 MHz, 238.94 W, 39
2026/10/08 03:50:57.876, 6, 2032 MHz, 3996 MHz, 250.14 W, 36
2026/10/08 03:50:57.876, 7, 2032 MHz, 3996 MHz, 257.20 W, 35
2026/10/08 03:50:58.877, 0, 2032 MHz, 3996 MHz, 901.26 W, 54
2026/10/08 03:50:58.877, 1, 2032 MHz, 3996 MHz, 913.83 W, 56
2026/10/08 03:50:58.877, 2, 120 MHz, 3996 MHz, 185.70 W, 34
2026/10/08 03:50:58.877, 3, 120 MHz, 3996 MHz, 184.09 W, 34
2026/10/08 03:50:58.877, 4, 2032 MHz, 3996 MHz, 247.04 W, 41
2026/10/08 03:50:58.877, 5, 2032 MHz, 3996 MHz, 239.09 W, 39
2026/10/08 03:50:58.877, 6, 2032 MHz, 3996 MHz, 250.25 W, 36
2026/10/08 03:50:58.877, 7, 2032 MHz, 3996 MHz, 265.41 W, 35
2026/10/08 03:50:59.877, 0, 2032 MHz, 3996 MHz, 903.04 W, 54
2026/10/08 03:50:59.877, 1, 2032 MHz, 3996 MHz, 912.36 W, 57
2026/10/08 03:50:59.877, 2, 120 MHz, 3996 MHz, 185.77 W, 34
2026/10/08 03:50:59.877, 3, 120 MHz, 3996 MHz, 184.09 W, 34
2026/10/08 03:50:59.877, 4, 2032 MHz, 3996 MHz, 246.96 W, 41
2026/10/08 03:50:59.877, 5, 2032 MHz, 3996 MHz, 239.41 W, 39
2026/10/08 03:50:59.877, 6, 2032 MHz, 3996 MHz, 250.18 W, 36
2026/10/08 03:50:59.877, 7, 2032 MHz, 3996 MHz, 242.05 W, 35
2026/10/08 03:51:00.877, 0, 2032 MHz, 3996 MHz, 907.21 W, 55
2026/10/08 03:51:00.877, 1, 1267 MHz, 3996 MHz, 1009.66 W, 64
2026/10/08 03:51:00.877, 2, 120 MHz, 3996 MHz, 185.97 W, 34
2026/10/08 03:51:00.877, 3, 120 MHz, 3996 MHz, 184.09 W, 34
2026/10/08 03:51:00.877, 4, 2032 MHz, 3996 MHz, 247.68 W, 41
2026/10/08 03:51:00.877, 5, 2032 MHz, 3996 MHz, 239.17 W, 39
2026/10/08 03:51:00.877, 6, 2032 MHz, 3996 MHz, 250.19 W, 36
2026/10/08 03:51:00.877, 7, 2032 MHz, 3996 MHz, 240.62 W, 35
2026/10/08 03:51:01.878, 0, 1305 MHz, 3996 MHz, 1088.99 W, 63
2026/10/08 03:51:01.878, 1, 2032 MHz, 3996 MHz, 1002.86 W, 58
2026/10/08 03:51:01.878, 2, 120 MHz, 3996 MHz, 185.78 W, 34
2026/10/08 03:51:01.878, 3, 120 MHz, 3996 MHz, 184.09 W, 34
2026/10/08 03:51:01.878, 4, 2032 MHz, 3996 MHz, 247.19 W, 41
2026/10/08 03:51:01.878, 5, 2032 MHz, 3996 MHz, 239.24 W, 39
2026/10/08 03:51:01.878, 6, 2032 MHz, 3996 MHz, 250.00 W, 36
2026/10/08 03:51:01.878, 7, 2032 MHz, 3996 MHz, 240.62 W, 35
2026/10/08 03:51:02.878, 0, 2032 MHz, 3996 MHz, 918.99 W, 55
2026/10/08 03:51:02.878, 1, 2032 MHz, 3996 MHz, 906.32 W, 57
2026/10/08 03:51:02.878, 2, 120 MHz, 3996 MHz, 185.73 W, 34
2026/10/08 03:51:02.878, 3, 120 MHz, 3996 MHz, 184.06 W, 34
2026/10/08 03:51:02.878, 4, 2032 MHz, 3996 MHz, 247.01 W, 41
2026/10/08 03:51:02.878, 5, 2032 MHz, 3996 MHz, 238.86 W, 39
2026/10/08 03:51:02.878, 6, 2032 MHz, 3996 MHz, 249.94 W, 36
2026/10/08 03:51:02.878, 7, 2032 MHz, 3996 MHz, 240.62 W, 35
2026/10/08 03:51:03.879, 0, 2032 MHz, 3996 MHz, 900.41 W, 55
2026/10/08 03:51:03.879, 1, 2032 MHz, 3996 MHz, 909.94 W, 58
2026/10/08 03:51:03.879, 2, 120 MHz, 3996 MHz, 185.85 W, 34
2026/10/08 03:51:03.879, 3, 120 MHz, 3996 MHz, 184.07 W, 34
2026/10/08 03:51:03.879, 4, 2032 MHz, 3996 MHz, 247.44 W, 41
2026/10/08 03:51:03.879, 5, 2032 MHz, 3996 MHz, 239.02 W, 39
2026/10/08 03:51:03.879, 6, 2032 MHz, 3996 MHz, 249.82 W, 36
2026/10/08 03:51:03.879, 7, 2032 MHz, 3996 MHz, 242.20 W, 35
2026/10/08 03:51:04.879, 0, 2032 MHz, 3996 MHz, 902.91 W, 55
2026/10/08 03:51:04.879, 1, 2032 MHz, 3996 MHz, 910.02 W, 58
2026/10/08 03:51:04.879, 2, 120 MHz, 3996 MHz, 185.81 W, 33
2026/10/08 03:51:04.879, 3, 120 MHz, 3996 MHz, 184.02 W, 34
2026/10/08 03:51:04.879, 4, 2032 MHz, 3996 MHz, 247.49 W, 41
2026/10/08 03:51:04.879, 5, 2032 MHz, 3996 MHz, 239.25 W, 40
2026/10/08 03:51:04.879, 6, 2032 MHz, 3996 MHz, 249.53 W, 36
2026/10/08 03:51:04.879, 7, 2032 MHz, 3996 MHz, 242.82 W, 35
2026/10/08 03:51:05.879, 0, 2032 MHz, 3996 MHz, 906.02 W, 56
2026/10/08 03:51:05.879, 1, 2032 MHz, 3996 MHz, 912.24 W, 58
2026/10/08 03:51:05.879, 2, 120 MHz, 3996 MHz, 185.77 W, 33
2026/10/08 03:51:05.879, 3, 120 MHz, 3996 MHz, 184.02 W, 34
2026/10/08 03:51:05.879, 4, 2032 MHz, 3996 MHz, 247.48 W, 41
2026/10/08 03:51:05.879, 5, 2032 MHz, 3996 MHz, 239.57 W, 40
2026/10/08 03:51:05.879, 6, 2032 MHz, 3996 MHz, 249.44 W, 35
2026/10/08 03:51:05.879, 7, 2032 MHz, 3996 MHz, 247.57 W, 35
2026/10/08 03:51:06.879, 0, 2032 MHz, 3996 MHz, 907.86 W, 56
2026/10/08 03:51:06.880, 1, 2032 MHz, 3996 MHz, 948.96 W, 58
2026/10/08 03:51:06.880, 2, 120 MHz, 3996 MHz, 185.51 W, 33
2026/10/08 03:51:06.880, 3, 120 MHz, 3996 MHz, 184.10 W, 34
2026/10/08 03:51:06.880, 4, 2032 MHz, 3996 MHz, 247.50 W, 41
2026/10/08 03:51:06.880, 5, 2032 MHz, 3996 MHz, 239.13 W, 40
2026/10/08 03:51:06.880, 6, 2032 MHz, 3996 MHz, 249.57 W, 35
2026/10/08 03:51:06.880, 7, 2032 MHz, 3996 MHz, 240.62 W, 34
2026/10/08 03:51:07.880, 0, 1290 MHz, 3996 MHz, 1024.82 W, 64
2026/10/08 03:51:07.880, 1, 1275 MHz, 3996 MHz, 1096.27 W, 66
2026/10/08 03:51:07.880, 2, 120 MHz, 3996 MHz, 185.38 W, 33
2026/10/08 03:51:07.880, 3, 120 MHz, 3996 MHz, 184.02 W, 33
2026/10/08 03:51:07.880, 4, 2032 MHz, 3996 MHz, 247.48 W, 41
2026/10/08 03:51:07.880, 5, 2032 MHz, 3996 MHz, 239.58 W, 40
2026/10/08 03:51:07.880, 6, 2032 MHz, 3996 MHz, 249.25 W, 35
2026/10/08 03:51:07.880, 7, 2032 MHz, 3996 MHz, 240.62 W, 34
2026/10/08 03:51:08.880, 0, 2032 MHz, 3996 MHz, 982.93 W, 57
2026/10/08 03:51:08.880, 1, 2032 MHz, 3996 MHz, 898.08 W, 59
2026/10/08 03:51:08.880, 2, 120 MHz, 3996 MHz, 185.32 W, 33
2026/10/08 03:51:08.880, 3, 120 MHz, 3996 MHz, 184.11 W, 33
2026/10/08 03:51:08.880, 4, 2032 MHz, 3996 MHz, 247.99 W, 41
2026/10/08 03:51:08.880, 5, 2032 MHz, 3996 MHz, 239.28 W, 40
2026/10/08 03:51:08.880, 6, 2032 MHz, 3996 MHz, 249.14 W, 35
2026/10/08 03:51:08.880, 7, 2032 MHz, 3996 MHz, 240.62 W, 34
2026/10/08 03:51:09.881, 0, 2032 MHz, 3996 MHz, 902.63 W, 56
2026/10/08 03:51:09.881, 1, 2032 MHz, 3996 MHz, 909.68 W, 59
2026/10/08 03:51:09.881, 2, 120 MHz, 3996 MHz, 185.28 W, 33
2026/10/08 03:51:09.881, 3, 120 MHz, 3996 MHz, 184.02 W, 33
2026/10/08 03:51:09.881, 4, 2032 MHz, 3996 MHz, 247.83 W, 41
2026/10/08 03:51:09.881, 5, 2032 MHz, 3996 MHz, 239.36 W, 40
2026/10/08 03:51:09.881, 6, 2032 MHz, 3996 MHz, 248.91 W, 35
2026/10/08 03:51:09.881, 7, 2032 MHz, 3996 MHz, 240.62 W, 34
2026/10/08 03:51:10.881, 0, 2032 MHz, 3996 MHz, 908.48 W, 56
2026/10/08 03:51:10.881, 1, 2032 MHz, 3996 MHz, 911.91 W, 59
2026/10/08 03:51:10.881, 2, 120 MHz, 3996 MHz, 185.15 W, 33
2026/10/08 03:51:10.881, 3, 120 MHz, 3996 MHz, 183.98 W, 33
2026/10/08 03:51:10.881, 4, 2032 MHz, 3996 MHz, 247.72 W, 42
2026/10/08 03:51:10.881, 5, 2032 MHz, 3996 MHz, 239.14 W, 40
2026/10/08 03:51:10.881, 6, 2032 MHz, 3996 MHz, 249.24 W, 35
2026/10/08 03:51:10.881, 7, 2032 MHz, 3996 MHz, 240.62 W, 34
2026/10/08 03:51:11.881, 0, 2032 MHz, 3996 MHz, 910.25 W, 57
2026/10/08 03:51:11.881, 1, 2032 MHz, 3996 MHz, 914.70 W, 59
2026/10/08 03:51:11.881, 2, 120 MHz, 3996 MHz, 185.03 W, 33
2026/10/08 03:51:11.881, 3, 120 MHz, 3996 MHz, 184.02 W, 33
2026/10/08 03:51:11.881, 4, 2032 MHz, 3996 MHz, 247.71 W, 42
2026/10/08 03:51:11.882, 5, 2032 MHz, 3996 MHz, 239.43 W, 40
2026/10/08 03:51:11.882, 6, 2032 MHz, 3996 MHz, 249.07 W, 35
2026/10/08 03:51:11.882, 7, 2032 MHz, 3996 MHz, 240.62 W, 34
2026/10/08 03:51:12.882, 0, 2032 MHz, 3996 MHz, 909.38 W, 57
2026/10/08 03:51:12.882, 1, 2032 MHz, 3996 MHz, 921.03 W, 59
2026/10/08 03:51:12.882, 2, 120 MHz, 3996 MHz, 184.90 W, 33
2026/10/08 03:51:12.882, 3, 120 MHz, 3996 MHz, 184.05 W, 33
2026/10/08 03:51:12.882, 4, 2032 MHz, 3996 MHz, 247.88 W, 42
2026/10/08 03:51:12.882, 5, 2032 MHz, 3996 MHz, 239.35 W, 40
2026/10/08 03:51:12.882, 6, 2032 MHz, 3996 MHz, 248.75 W, 35
2026/10/08 03:51:12.882, 7, 2032 MHz, 3996 MHz, 240.62 W, 34
2026/10/08 03:51:13.882, 0, 2032 MHz, 3996 MHz, 781.98 W, 52
2026/10/08 03:51:13.882, 1, 2032 MHz, 3996 MHz, 493.08 W, 52
2026/10/08 03:51:13.882, 2, 120 MHz, 3996 MHz, 184.55 W, 33
2026/10/08 03:51:13.882, 3, 120 MHz, 3996 MHz, 183.98 W, 33
2026/10/08 03:51:13.882, 4, 2032 MHz, 3996 MHz, 247.99 W, 42
2026/10/08 03:51:13.882, 5, 2032 MHz, 3996 MHz, 239.62 W, 40
2026/10/08 03:51:13.882, 6, 2032 MHz, 3996 MHz, 248.83 W, 35
2026/10/08 03:51:13.882, 7, 2032 MHz, 3996 MHz, 242.76 W, 34
2026/10/08 03:51:14.882, 0, 2032 MHz, 3996 MHz, 256.22 W, 48
2026/10/08 03:51:14.882, 1, 2032 MHz, 3996 MHz, 273.16 W, 50
2026/10/08 03:51:14.882, 2, 120 MHz, 3996 MHz, 184.64 W, 33
2026/10/08 03:51:14.882, 3, 120 MHz, 3996 MHz, 183.86 W, 33
2026/10/08 03:51:14.882, 4, 2032 MHz, 3996 MHz, 247.99 W, 42
2026/10/08 03:51:14.882, 5, 2032 MHz, 3996 MHz, 239.73 W, 40
2026/10/08 03:51:14.882, 6, 2032 MHz, 3996 MHz, 249.59 W, 35
2026/10/08 03:51:14.883, 7, 2032 MHz, 3996 MHz, 239.61 W, 34
2026/10/08 03:51:15.883, 0, 2032 MHz, 3996 MHz, 265.94 W, 47
2026/10/08 03:51:15.883, 1, 2032 MHz, 3996 MHz, 259.66 W, 49
2026/10/08 03:51:15.883, 2, 120 MHz, 3996 MHz, 184.29 W, 33
2026/10/08 03:51:15.883, 3, 120 MHz, 3996 MHz, 183.95 W, 33
2026/10/08 03:51:15.883, 4, 2032 MHz, 3996 MHz, 248.02 W, 42
2026/10/08 03:51:15.883, 5, 2032 MHz, 3996 MHz, 239.28 W, 40
2026/10/08 03:51:15.883, 6, 2032 MHz, 3996 MHz, 249.06 W, 35
2026/10/08 03:51:15.883, 7, 2032 MHz, 3996 MHz, 239.36 W, 34
2026/10/08 03:51:16.883, 0, 2032 MHz, 3996 MHz, 252.27 W, 47
2026/10/08 03:51:16.883, 1, 2032 MHz, 3996 MHz, 259.35 W, 49
2026/10/08 03:51:16.883, 2, 120 MHz, 3996 MHz, 185.93 W, 33
2026/10/08 03:51:16.883, 3, 120 MHz, 3996 MHz, 183.90 W, 33
2026/10/08 03:51:16.883, 4, 2032 MHz, 3996 MHz, 248.22 W, 42
2026/10/08 03:51:16.883, 5, 2032 MHz, 3996 MHz, 239.74 W, 40
2026/10/08 03:51:16.883, 6, 2032 MHz, 3996 MHz, 249.60 W, 35
2026/10/08 03:51:16.883, 7, 2032 MHz, 3996 MHz, 240.93 W, 34
2026/10/08 03:51:17.883, 0, 2032 MHz, 3996 MHz, 252.05 W, 46
2026/10/08 03:51:17.883, 1, 2032 MHz, 3996 MHz, 258.24 W, 49
2026/10/08 03:51:17.883, 2, 120 MHz, 3996 MHz, 186.05 W, 33
2026/10/08 03:51:17.883, 3, 120 MHz, 3996 MHz, 184.59 W, 33
2026/10/08 03:51:17.883, 4, 2032 MHz, 3996 MHz, 248.18 W, 42
2026/10/08 03:51:17.883, 5, 2032 MHz, 3996 MHz, 239.67 W, 40
2026/10/08 03:51:17.883, 6, 2032 MHz, 3996 MHz, 249.07 W, 35
2026/10/08 03:51:17.883, 7, 2032 MHz, 3996 MHz, 240.62 W, 34
2026/10/08 03:51:18.884, 0, 2032 MHz, 3996 MHz, 251.93 W, 46
2026/10/08 03:51:18.884, 1, 2032 MHz, 3996 MHz, 257.62 W, 48
2026/10/08 03:51:18.884, 2, 120 MHz, 3996 MHz, 186.05 W, 33
2026/10/08 03:51:18.884, 3, 120 MHz, 3996 MHz, 184.44 W, 33
2026/10/08 03:51:18.884, 4, 2032 MHz, 3996 MHz, 248.10 W, 42
2026/10/08 03:51:18.884, 5, 2032 MHz, 3996 MHz, 239.46 W, 40
2026/10/08 03:51:18.884, 6, 2032 MHz, 3996 MHz, 248.71 W, 35
2026/10/08 03:51:18.884, 7, 2032 MHz, 3996 MHz, 240.50 W, 34
2026/10/08 03:51:19.884, 0, 2032 MHz, 3996 MHz, 251.93 W, 46
2026/10/08 03:51:19.884, 1, 2032 MHz, 3996 MHz, 257.84 W, 48
2026/10/08 03:51:19.884, 2, 120 MHz, 3996 MHz, 186.05 W, 33
2026/10/08 03:51:19.884, 3, 120 MHz, 3996 MHz, 184.13 W, 33
2026/10/08 03:51:19.884, 4, 2032 MHz, 3996 MHz, 248.10 W, 42
2026/10/08 03:51:19.884, 5, 2032 MHz, 3996 MHz, 239.73 W, 40
2026/10/08 03:51:19.884, 6, 2032 MHz, 3996 MHz, 248.60 W, 35
2026/10/08 03:51:19.884, 7, 2032 MHz, 3996 MHz, 240.58 W, 34
2026/10/08 03:51:20.884, 0, 2032 MHz, 3996 MHz, 251.75 W, 45
2026/10/08 03:51:20.884, 1, 2032 MHz, 3996 MHz, 257.80 W, 48
2026/10/08 03:51:20.884, 2, 120 MHz, 3996 MHz, 186.05 W, 33
2026/10/08 03:51:20.884, 3, 120 MHz, 3996 MHz, 184.13 W, 33
2026/10/08 03:51:20.884, 4, 2032 MHz, 3996 MHz, 248.03 W, 42
2026/10/08 03:51:20.884, 5, 2032 MHz, 3996 MHz, 239.43 W, 40
2026/10/08 03:51:20.884, 6, 2032 MHz, 3996 MHz, 248.71 W, 35
2026/10/08 03:51:20.884, 7, 2032 MHz, 3996 MHz, 240.58 W, 34
2026/10/08 03:51:21.884, 0, 2025 MHz, 3996 MHz, 250.03 W, 45
2026/10/08 03:51:21.884, 1, 2032 MHz, 3996 MHz, 257.57 W, 47
2026/10/08 03:51:21.884, 2, 120 MHz, 3996 MHz, 186.05 W, 33
2026/10/08 03:51:21.884, 3, 120 MHz, 3996 MHz, 184.21 W, 33
2026/10/08 03:51:21.884, 4, 2032 MHz, 3996 MHz, 248.06 W, 42
2026/10/08 03:51:21.884, 5, 2032 MHz, 3996 MHz, 239.55 W, 40
2026/10/08 03:51:21.884, 6, 2032 MHz, 3996 MHz, 248.66 W, 35
2026/10/08 03:51:21.884, 7, 2032 MHz, 3996 MHz, 240.47 W, 34
2026/10/08 03:51:22.885, 0, 390 MHz, 3996 MHz, 234.61 W, 44
2026/10/08 03:51:22.885, 1, 277 MHz, 3996 MHz, 204.67 W, 46
2026/10/08 03:51:22.885, 2, 120 MHz, 3996 MHz, 186.05 W, 33
2026/10/08 03:51:22.885, 3, 120 MHz, 3996 MHz, 184.13 W, 33
2026/10/08 03:51:22.885, 4, 2032 MHz, 3996 MHz, 248.10 W, 42
2026/10/08 03:51:22.885, 5, 2032 MHz, 3996 MHz, 239.46 W, 40
2026/10/08 03:51:22.885, 6, 2032 MHz, 3996 MHz, 248.71 W, 35
2026/10/08 03:51:22.885, 7, 2032 MHz, 3996 MHz, 240.23 W, 33
2026/10/08 03:51:23.885, 0, 247 MHz, 3996 MHz, 192.65 W, 43
2026/10/08 03:51:23.885, 1, 180 MHz, 3996 MHz, 194.04 W, 46
2026/10/08 03:51:23.885, 2, 120 MHz, 3996 MHz, 186.05 W, 32
2026/10/08 03:51:23.885, 3, 120 MHz, 3996 MHz, 184.13 W, 32
2026/10/08 03:51:23.885, 4, 2032 MHz, 3996 MHz, 248.02 W, 42
2026/10/08 03:51:23.885, 5, 2032 MHz, 3996 MHz, 239.37 W, 40
2026/10/08 03:51:23.885, 6, 2032 MHz, 3996 MHz, 248.71 W, 35
2026/10/08 03:51:23.885, 7, 2032 MHz, 3996 MHz, 239.90 W, 33
2026/10/08 03:51:24.885, 0, 157 MHz, 3996 MHz, 191.47 W, 43
2026/10/08 03:51:24.885, 1, 120 MHz, 3996 MHz, 194.01 W, 45
2026/10/08 03:51:24.885, 2, 120 MHz, 3996 MHz, 186.05 W, 32
2026/10/08 03:51:24.885, 3, 120 MHz, 3996 MHz, 184.09 W, 32
2026/10/08 03:51:24.885, 4, 2032 MHz, 3996 MHz, 248.10 W, 42
2026/10/08 03:51:24.885, 5, 2032 MHz, 3996 MHz, 240.02 W, 40
2026/10/08 03:51:24.885, 6, 2032 MHz, 3996 MHz, 248.81 W, 35
2026/10/08 03:51:24.885, 7, 2032 MHz, 3996 MHz, 239.97 W, 33
2026/10/08 03:51:25.885, 0, 120 MHz, 3996 MHz, 190.60 W, 43
2026/10/08 03:51:25.886, 1, 120 MHz, 3996 MHz, 194.01 W, 45
2026/10/08 03:51:25.886, 2, 120 MHz, 3996 MHz, 186.05 W, 32
2026/10/08 03:51:25.886, 3, 120 MHz, 3996 MHz, 184.09 W, 32
2026/10/08 03:51:25.886, 4, 2032 MHz, 3996 MHz, 247.95 W, 42
2026/10/08 03:51:25.886, 5, 2032 MHz, 3996 MHz, 239.21 W, 40
2026/10/08 03:51:25.886, 6, 2032 MHz, 3996 MHz, 268.43 W, 35
2026/10/08 03:51:25.886, 7, 2032 MHz, 3996 MHz, 239.90 W, 33
2026/10/08 03:51:26.886, 0, 120 MHz, 3996 MHz, 190.33 W, 43
2026/10/08 03:51:26.886, 1, 120 MHz, 3996 MHz, 193.90 W, 45
2026/10/08 03:51:26.886, 2, 120 MHz, 3996 MHz, 186.05 W, 32
2026/10/08 03:51:26.886, 3, 120 MHz, 3996 MHz, 184.13 W, 32
2026/10/08 03:51:26.886, 4, 2032 MHz, 3996 MHz, 248.07 W, 42
2026/10/08 03:51:26.886, 5, 2032 MHz, 3996 MHz, 239.56 W, 40
2026/10/08 03:51:26.886, 6, 2032 MHz, 3996 MHz, 322.25 W, 35
2026/10/08 03:51:26.886, 7, 2032 MHz, 3996 MHz, 248.95 W, 33
2026/10/08 03:51:27.886, 0, 120 MHz, 3996 MHz, 190.33 W, 42
2026/10/08 03:51:27.886, 1, 120 MHz, 3996 MHz, 192.79 W, 45
2026/10/08 03:51:27.886, 2, 120 MHz, 3996 MHz, 186.05 W, 32
2026/10/08 03:51:27.886, 3, 120 MHz, 3996 MHz, 184.09 W, 32
2026/10/08 03:51:27.886, 4, 2032 MHz, 3996 MHz, 248.22 W, 42
2026/10/08 03:51:27.886, 5, 2032 MHz, 3996 MHz, 239.62 W, 40
2026/10/08 03:51:27.886, 6, 2032 MHz, 3996 MHz, 285.58 W, 35
2026/10/08 03:51:27.886, 7, 2032 MHz, 3996 MHz, 240.26 W, 33
2026/10/08 03:51:28.886, 0, 120 MHz, 3996 MHz, 190.29 W, 42
2026/10/08 03:51:28.886, 1, 120 MHz, 3996 MHz, 192.11 W, 44
2026/10/08 03:51:28.886, 2, 120 MHz, 3996 MHz, 186.05 W, 32
2026/10/08 03:51:28.886, 3, 120 MHz, 3996 MHz, 184.11 W, 32
2026/10/08 03:51:28.886, 4, 2032 MHz, 3996 MHz, 247.95 W, 42
2026/10/08 03:51:28.886, 5, 2032 MHz, 3996 MHz, 239.41 W, 40
2026/10/08 03:51:28.886, 6, 2032 MHz, 3996 MHz, 292.17 W, 35
2026/10/08 03:51:28.886, 7, 2032 MHz, 3996 MHz, 239.85 W, 33
2026/10/08 03:51:29.887, 0, 120 MHz, 3996 MHz, 190.29 W, 42
2026/10/08 03:51:29.887, 1, 120 MHz, 3996 MHz, 192.11 W, 44
2026/10/08 03:51:29.887, 2, 120 MHz, 3996 MHz, 186.05 W, 32
2026/10/08 03:51:29.887, 3, 120 MHz, 3996 MHz, 184.10 W, 32
2026/10/08 03:51:29.887, 4, 2032 MHz, 3996 MHz, 248.29 W, 42
2026/10/08 03:51:29.887, 5, 2032 MHz, 3996 MHz, 238.85 W, 40
2026/10/08 03:51:29.887, 6, 2032 MHz, 3996 MHz, 293.89 W, 35
2026/10/08 03:51:29.887, 7, 2032 MHz, 3996 MHz, 239.45 W, 33
2026/10/08 03:51:30.887, 0, 120 MHz, 3996 MHz, 190.29 W, 42
2026/10/08 03:51:30.887, 1, 120 MHz, 3996 MHz, 192.11 W, 44
2026/10/08 03:51:30.887, 2, 120 MHz, 3996 MHz, 186.05 W, 32
2026/10/08 03:51:30.887, 3, 120 MHz, 3996 MHz, 184.10 W, 32
2026/10/08 03:51:30.887, 4, 2032 MHz, 3996 MHz, 279.27 W, 43
2026/10/08 03:51:30.887, 5, 2032 MHz, 3996 MHz, 239.43 W, 40
2026/10/08 03:51:30.887, 6, 2032 MHz, 3996 MHz, 258.39 W, 35
2026/10/08 03:51:30.887, 7, 2032 MHz, 3996 MHz, 239.06 W, 33
2026/10/08 03:51:31.887, 0, 120 MHz, 3996 MHz, 190.29 W, 41
2026/10/08 03:51:31.887, 1, 120 MHz, 3996 MHz, 192.11 W, 44
2026/10/08 03:51:31.887, 2, 120 MHz, 3996 MHz, 186.05 W, 32
2026/10/08 03:51:31.887, 3, 120 MHz, 3996 MHz, 184.13 W, 32
2026/10/08 03:51:31.887, 4, 2032 MHz, 3996 MHz, 293.91 W, 42
2026/10/08 03:51:31.887, 5, 2032 MHz, 3996 MHz, 239.65 W, 40
2026/10/08 03:51:31.887, 6, 2032 MHz, 3996 MHz, 260.32 W, 34
2026/10/08 03:51:31.887, 7, 2032 MHz, 3996 MHz, 239.17 W, 33
2026/10/08 03:51:32.887, 0, 120 MHz, 3996 MHz, 188.66 W, 41
2026/10/08 03:51:32.887, 1, 120 MHz, 3996 MHz, 191.91 W, 43
2026/10/08 03:51:32.887, 2, 120 MHz, 3996 MHz, 185.85 W, 32
2026/10/08 03:51:32.887, 3, 120 MHz, 3996 MHz, 184.09 W, 32
2026/10/08 03:51:32.887, 4, 2032 MHz, 3996 MHz, 306.85 W, 43
2026/10/08 03:51:32.887, 5, 2032 MHz, 3996 MHz, 238.98 W, 40
2026/10/08 03:51:32.887, 6, 2032 MHz, 3996 MHz, 260.33 W, 34
2026/10/08 03:51:32.887, 7, 2032 MHz, 3996 MHz, 238.86 W, 33
2026/10/08 03:51:33.888, 0, 120 MHz, 3996 MHz, 188.39 W, 41
2026/10/08 03:51:33.888, 1, 120 MHz, 3996 MHz, 192.11 W, 43
2026/10/08 03:51:33.888, 2, 2032 MHz, 3996 MHz, 214.36 W, 33
2026/10/08 03:51:33.888, 3, 120 MHz, 3996 MHz, 184.02 W, 32
2026/10/08 03:51:33.888, 4, 2032 MHz, 3996 MHz, 290.04 W, 43
2026/10/08 03:51:33.888, 5, 2032 MHz, 3996 MHz, 238.92 W, 39
2026/10/08 03:51:33.888, 6, 2032 MHz, 3996 MHz, 257.59 W, 34
2026/10/08 03:51:33.888, 7, 2032 MHz, 3996 MHz, 238.69 W, 33
2026/10/08 03:51:34.888, 0, 120 MHz, 3996 MHz, 188.35 W, 41
2026/10/08 03:51:34.888, 1, 120 MHz, 3996 MHz, 192.11 W, 43
2026/10/08 03:51:34.888, 2, 2032 MHz, 3996 MHz, 236.73 W, 33
2026/10/08 03:51:34.888, 3, 120 MHz, 3996 MHz, 183.97 W, 32
2026/10/08 03:51:34.888, 4, 2032 MHz, 3996 MHz, 287.89 W, 42
2026/10/08 03:51:34.888, 5, 2032 MHz, 3996 MHz, 238.89 W, 39
2026/10/08 03:51:34.888, 6, 2032 MHz, 3996 MHz, 248.71 W, 34
2026/10/08 03:51:34.888, 7, 2032 MHz, 3996 MHz, 238.68 W, 33
2026/10/08 03:51:35.888, 0, 120 MHz, 3996 MHz, 188.35 W, 41
2026/10/08 03:51:35.888, 1, 120 MHz, 3996 MHz, 192.11 W, 43
2026/10/08 03:51:35.888, 2, 2032 MHz, 3996 MHz, 237.70 W, 33
2026/10/08 03:51:35.888, 3, 120 MHz, 3996 MHz, 183.93 W, 32
2026/10/08 03:51:35.888, 4, 2032 MHz, 3996 MHz, 260.65 W, 42
2026/10/08 03:51:35.888, 5, 2032 MHz, 3996 MHz, 239.13 W, 39
2026/10/08 03:51:35.888, 6, 2032 MHz, 3996 MHz, 248.70 W, 34
2026/10/08 03:51:35.888, 7, 2032 MHz, 3996 MHz, 238.68 W, 33
2026/10/08 03:51:36.888, 0, 120 MHz, 3996 MHz, 188.35 W, 41
2026/10/08 03:51:36.888, 1, 120 MHz, 3996 MHz, 192.07 W, 43
2026/10/08 03:51:36.888, 2, 2032 MHz, 3996 MHz, 238.19 W, 33
2026/10/08 03:51:36.888, 3, 120 MHz, 3996 MHz, 183.97 W, 32
2026/10/08 03:51:36.888, 4, 2032 MHz, 3996 MHz, 263.99 W, 42
2026/10/08 03:51:36.888, 5, 2032 MHz, 3996 MHz, 239.30 W, 39
2026/10/08 03:51:36.888, 6, 2032 MHz, 3996 MHz, 248.65 W, 34
2026/10/08 03:51:36.888, 7, 2032 MHz, 3996 MHz, 238.68 W, 33
2026/10/08 03:51:37.889, 0, 120 MHz, 3996 MHz, 188.35 W, 40
2026/10/08 03:51:37.889, 1, 120 MHz, 3996 MHz, 191.95 W, 43
2026/10/08 03:51:37.889, 2, 2032 MHz, 3996 MHz, 255.46 W, 33
2026/10/08 03:51:37.889, 3, 120 MHz, 3996 MHz, 183.93 W, 32
2026/10/08 03:51:37.889, 4, 2032 MHz, 3996 MHz, 258.00 W, 42
2026/10/08 03:51:37.889, 5, 2032 MHz, 3996 MHz, 257.73 W, 40
2026/10/08 03:51:37.889, 6, 2032 MHz, 3996 MHz, 248.66 W, 34
2026/10/08 03:51:37.889, 7, 2032 MHz, 3996 MHz, 238.79 W, 33
2026/10/08 03:51:38.889, 0, 120 MHz, 3996 MHz, 188.35 W, 40
2026/10/08 03:51:38.889, 1, 120 MHz, 3996 MHz, 191.64 W, 42
2026/10/08 03:51:38.889, 2, 2032 MHz, 3996 MHz, 237.09 W, 33
2026/10/08 03:51:38.889, 3, 120 MHz, 3996 MHz, 183.97 W, 32
2026/10/08 03:51:38.889, 4, 2032 MHz, 3996 MHz, 248.10 W, 42
2026/10/08 03:51:38.889, 5, 2032 MHz, 3996 MHz, 272.08 W, 41
2026/10/08 03:51:38.889, 6, 2032 MHz, 3996 MHz, 248.66 W, 34
2026/10/08 03:51:38.889, 7, 2032 MHz, 3996 MHz, 238.68 W, 32
2026/10/08 03:51:39.889, 0, 120 MHz, 3996 MHz, 188.35 W, 40
2026/10/08 03:51:39.889, 1, 120 MHz, 3996 MHz, 191.12 W, 42
2026/10/08 03:51:39.889, 2, 2032 MHz, 3996 MHz, 255.84 W, 33
2026/10/08 03:51:39.889, 3, 120 MHz, 3996 MHz, 183.93 W, 31
2026/10/08 03:51:39.889, 4, 2032 MHz, 3996 MHz, 247.96 W, 41
2026/10/08 03:51:39.889, 5, 2032 MHz, 3996 MHz, 313.01 W, 41
2026/10/08 03:51:39.889, 6, 2032 MHz, 3996 MHz, 248.69 W, 34
2026/10/08 03:51:39.889, 7, 2032 MHz, 3996 MHz, 238.68 W, 32
2026/10/08 03:51:40.889, 0, 120 MHz, 3996 MHz, 188.35 W, 40
2026/10/08 03:51:40.889, 1, 120 MHz, 3996 MHz, 191.23 W, 42
2026/10/08 03:51:40.889, 2, 2032 MHz, 3996 MHz, 361.59 W, 34
2026/10/08 03:51:40.889, 3, 120 MHz, 3996 MHz, 183.68 W, 31
2026/10/08 03:51:40.889, 4, 2032 MHz, 3996 MHz, 248.06 W, 41
2026/10/08 03:51:40.889, 5, 2032 MHz, 3996 MHz, 285.61 W, 40
2026/10/08 03:51:40.889, 6, 2032 MHz, 3996 MHz, 248.70 W, 34
2026/10/08 03:51:40.889, 7, 2032 MHz, 3996 MHz, 238.68 W, 32
2026/10/08 03:51:41.890, 0, 120 MHz, 3996 MHz, 188.35 W, 40
2026/10/08 03:51:41.890, 1, 120 MHz, 3996 MHz, 190.67 W, 42
2026/10/08 03:51:41.890, 2, 2032 MHz, 3996 MHz, 306.32 W, 33
2026/10/08 03:51:41.890, 3, 120 MHz, 3996 MHz, 183.84 W, 31
2026/10/08 03:51:41.890, 4, 2032 MHz, 3996 MHz, 248.10 W, 41
2026/10/08 03:51:41.890, 5, 2032 MHz, 3996 MHz, 276.04 W, 40
2026/10/08 03:51:41.890, 6, 2032 MHz, 3996 MHz, 248.68 W, 34
2026/10/08 03:51:41.890, 7, 2032 MHz, 3996 MHz, 238.68 W, 32
2026/10/08 03:51:42.890, 0, 120 MHz, 3996 MHz, 188.35 W, 40
2026/10/08 03:51:42.890, 1, 120 MHz, 3996 MHz, 191.00 W, 42
2026/10/08 03:51:42.890, 2, 2032 MHz, 3996 MHz, 267.78 W, 33
2026/10/08 03:51:42.890, 3, 2032 MHz, 3996 MHz, 230.68 W, 32
2026/10/08 03:51:42.890, 4, 2032 MHz, 3996 MHz, 248.18 W, 41
2026/10/08 03:51:42.890, 5, 2032 MHz, 3996 MHz, 251.92 W, 40
2026/10/08 03:51:42.890, 6, 2032 MHz, 3996 MHz, 252.60 W, 34
2026/10/08 03:51:42.890, 7, 2032 MHz, 3996 MHz, 238.67 W, 32
2026/10/08 03:51:43.890, 0, 120 MHz, 3996 MHz, 188.35 W, 39
2026/10/08 03:51:43.890, 1, 120 MHz, 3996 MHz, 191.02 W, 42
2026/10/08 03:51:43.890, 2, 2032 MHz, 3996 MHz, 249.63 W, 33
2026/10/08 03:51:43.890, 3, 2032 MHz, 3996 MHz, 236.63 W, 32
2026/10/08 03:51:43.890, 4, 2032 MHz, 3996 MHz, 248.17 W, 41
2026/10/08 03:51:43.890, 5, 2032 MHz, 3996 MHz, 255.12 W, 40
2026/10/08 03:51:43.890, 6, 2032 MHz, 3996 MHz, 248.65 W, 34
2026/10/08 03:51:43.890, 7, 2032 MHz, 3996 MHz, 238.68 W, 32
2026/10/08 03:51:44.890, 0, 120 MHz, 3996 MHz, 188.35 W, 39
2026/10/08 03:51:44.890, 1, 120 MHz, 3996 MHz, 190.66 W, 42
2026/10/08 03:51:44.890, 2, 2032 MHz, 3996 MHz, 243.78 W, 33
2026/10/08 03:51:44.890, 3, 2032 MHz, 3996 MHz, 236.88 W, 32
2026/10/08 03:51:44.890, 4, 2032 MHz, 3996 MHz, 248.18 W, 41
2026/10/08 03:51:44.890, 5, 2032 MHz, 3996 MHz, 249.57 W, 40
2026/10/08 03:51:44.890, 6, 2032 MHz, 3996 MHz, 252.43 W, 34
2026/10/08 03:51:44.890, 7, 2032 MHz, 3996 MHz, 238.66 W, 32
2026/10/08 03:51:45.890, 0, 120 MHz, 3996 MHz, 188.35 W, 39
2026/10/08 03:51:45.891, 1, 120 MHz, 3996 MHz, 190.59 W, 41
2026/10/08 03:51:45.891, 2, 2032 MHz, 3996 MHz, 236.77 W, 33
2026/10/08 03:51:45.891, 3, 2032 MHz, 3996 MHz, 237.79 W, 32
2026/10/08 03:51:45.891, 4, 2032 MHz, 3996 MHz, 248.22 W, 41
2026/10/08 03:51:45.891, 5, 2032 MHz, 3996 MHz, 240.28 W, 39
2026/10/08 03:51:45.891, 6, 2032 MHz, 3996 MHz, 251.66 W, 34
2026/10/08 03:51:45.891, 7, 2032 MHz, 3996 MHz, 238.67 W, 32
2026/10/08 03:51:46.891, 0, 120 MHz, 3996 MHz, 188.35 W, 39
2026/10/08 03:51:46.891, 1, 120 MHz, 3996 MHz, 190.40 W, 41
2026/10/08 03:51:46.891, 2, 2032 MHz, 3996 MHz, 236.93 W, 33
2026/10/08 03:51:46.891, 3, 2032 MHz, 3996 MHz, 237.99 W, 32
2026/10/08 03:51:46.891, 4, 2032 MHz, 3996 MHz, 249.07 W, 41
2026/10/08 03:51:46.891, 5, 2032 MHz, 3996 MHz, 239.93 W, 39
2026/10/08 03:51:46.891, 6, 2032 MHz, 3996 MHz, 248.66 W, 34
2026/10/08 03:51:46.891, 7, 2032 MHz, 3996 MHz, 238.68 W, 32
2026/10/08 03:51:47.891, 0, 120 MHz, 3996 MHz, 188.35 W, 39
2026/10/08 03:51:47.891, 1, 120 MHz, 3996 MHz, 190.32 W, 41
2026/10/08 03:51:47.891, 2, 2032 MHz, 3996 MHz, 245.86 W, 33
2026/10/08 03:51:47.891, 3, 2032 MHz, 3996 MHz, 255.19 W, 33
2026/10/08 03:51:47.891, 4, 2032 MHz, 3996 MHz, 251.32 W, 41
2026/10/08 03:51:47.891, 5, 2032 MHz, 3996 MHz, 240.26 W, 39
2026/10/08 03:51:47.891, 6, 2032 MHz, 3996 MHz, 248.63 W, 34
2026/10/08 03:51:47.891, 7, 2032 MHz, 3996 MHz, 238.68 W, 32
2026/10/08 03:51:48.892, 0, 120 MHz, 3996 MHz, 188.35 W, 39
2026/10/08 03:51:48.892, 1, 120 MHz, 3996 MHz, 190.17 W, 41
2026/10/08 03:51:48.892, 2, 2032 MHz, 3996 MHz, 236.70 W, 33
2026/10/08 03:51:48.892, 3, 2032 MHz, 3996 MHz, 236.88 W, 32
2026/10/08 03:51:48.892, 4, 2032 MHz, 3996 MHz, 249.26 W, 41
2026/10/08 03:51:48.892, 5, 2032 MHz, 3996 MHz, 240.22 W, 39
2026/10/08 03:51:48.892, 6, 2032 MHz, 3996 MHz, 248.67 W, 33
2026/10/08 03:51:48.892, 7, 2032 MHz, 3996 MHz, 238.79 W, 32
2026/10/08 03:51:49.892, 0, 120 MHz, 3996 MHz, 188.35 W, 39
2026/10/08 03:51:49.892, 1, 120 MHz, 3996 MHz, 190.17 W, 41
2026/10/08 03:51:49.892, 2, 2032 MHz, 3996 MHz, 236.70 W, 32
2026/10/08 03:51:49.892, 3, 2032 MHz, 3996 MHz, 251.66 W, 32
2026/10/08 03:51:49.892, 4, 2032 MHz, 3996 MHz, 253.55 W, 41
2026/10/08 03:51:49.892, 5, 2032 MHz, 3996 MHz, 240.21 W, 39
2026/10/08 03:51:49.892, 6, 2032 MHz, 3996 MHz, 248.69 W, 33
2026/10/08 03:51:49.892, 7, 2032 MHz, 3996 MHz, 238.49 W, 32
2026/10/08 03:51:50.892, 0, 120 MHz, 3996 MHz, 188.35 W, 39
2026/10/08 03:51:50.892, 1, 120 MHz, 3996 MHz, 190.17 W, 41
2026/10/08 03:51:50.892, 2, 2032 MHz, 3996 MHz, 236.66 W, 32
2026/10/08 03:51:50.892, 3, 2032 MHz, 3996 MHz, 236.93 W, 32
2026/10/08 03:51:50.892, 4, 2032 MHz, 3996 MHz, 248.22 W, 41
2026/10/08 03:51:50.892, 5, 2032 MHz, 3996 MHz, 240.19 W, 39
2026/10/08 03:51:50.892, 6, 2032 MHz, 3996 MHz, 248.67 W, 33
2026/10/08 03:51:50.892, 7, 2032 MHz, 3996 MHz, 238.49 W, 32
2026/10/08 03:51:51.893, 0, 120 MHz, 3996 MHz, 188.27 W, 38
2026/10/08 03:51:51.893, 1, 120 MHz, 3996 MHz, 190.17 W, 41
2026/10/08 03:51:51.893, 2, 2032 MHz, 3996 MHz, 236.54 W, 32
2026/10/08 03:51:51.893, 3, 2032 MHz, 3996 MHz, 300.21 W, 34
2026/10/08 03:51:51.893, 4, 2032 MHz, 3996 MHz, 248.22 W, 41
2026/10/08 03:51:51.893, 5, 2032 MHz, 3996 MHz, 240.17 W, 39
2026/10/08 03:51:51.893, 6, 2032 MHz, 3996 MHz, 248.69 W, 33
2026/10/08 03:51:51.893, 7, 2032 MHz, 3996 MHz, 266.12 W, 32
2026/10/08 03:51:52.893, 0, 120 MHz, 3996 MHz, 188.27 W, 38
2026/10/08 03:51:52.893, 1, 120 MHz, 3996 MHz, 190.17 W, 41
2026/10/08 03:51:52.893, 2, 2032 MHz, 3996 MHz, 236.51 W, 32
2026/10/08 03:51:52.893, 3, 2032 MHz, 3996 MHz, 301.92 W, 33
2026/10/08 03:51:52.893, 4, 2032 MHz, 3996 MHz, 248.22 W, 41
2026/10/08 03:51:52.893, 5, 2032 MHz, 3996 MHz, 240.06 W, 39
2026/10/08 03:51:52.893, 6, 2032 MHz, 3996 MHz, 248.65 W, 33
2026/10/08 03:51:52.893, 7, 2032 MHz, 3996 MHz, 240.92 W, 32
2026/10/08 03:51:53.893, 0, 120 MHz, 3996 MHz, 188.12 W, 38
2026/10/08 03:51:53.893, 1, 120 MHz, 3996 MHz, 190.17 W, 40
2026/10/08 03:51:53.893, 2, 2032 MHz, 3996 MHz, 236.43 W, 32
2026/10/08 03:51:53.893, 3, 2032 MHz, 3996 MHz, 292.49 W, 33
2026/10/08 03:51:53.893, 4, 2032 MHz, 3996 MHz, 248.21 W, 41
2026/10/08 03:51:53.893, 5, 2032 MHz, 3996 MHz, 240.31 W, 39
2026/10/08 03:51:53.893, 6, 2032 MHz, 3996 MHz, 248.67 W, 33
2026/10/08 03:51:53.893, 7, 2032 MHz, 3996 MHz, 238.41 W, 32
2026/10/08 03:51:54.894, 0, 120 MHz, 3996 MHz, 187.97 W, 38
2026/10/08 03:51:54.894, 1, 120 MHz, 3996 MHz, 190.17 W, 40
2026/10/08 03:51:54.894, 2, 2032 MHz, 3996 MHz, 236.56 W, 32
2026/10/08 03:51:54.894, 3, 2032 MHz, 3996 MHz, 260.70 W, 33
2026/10/08 03:51:54.894, 4, 2032 MHz, 3996 MHz, 248.21 W, 41
2026/10/08 03:51:54.894, 5, 2032 MHz, 3996 MHz, 243.52 W, 39
2026/10/08 03:51:54.894, 6, 2032 MHz, 3996 MHz, 248.63 W, 33
2026/10/08 03:51:54.894, 7, 2032 MHz, 3996 MHz, 238.21 W, 32
2026/10/08 03:51:55.894, 0, 120 MHz, 3996 MHz, 187.74 W, 38
2026/10/08 03:51:55.894, 1, 120 MHz, 3996 MHz, 190.17 W, 40
2026/10/08 03:51:55.894, 2, 2032 MHz, 3996 MHz, 236.61 W, 32
2026/10/08 03:51:55.894, 3, 2032 MHz, 3996 MHz, 250.94 W, 32
2026/10/08 03:51:55.894, 4, 2032 MHz, 3996 MHz, 248.22 W, 41
2026/10/08 03:51:55.894, 5, 2032 MHz, 3996 MHz, 240.09 W, 39
2026/10/08 03:51:55.894, 6, 2032 MHz, 3996 MHz, 251.79 W, 33
2026/10/08 03:51:55.894, 7, 2032 MHz, 3996 MHz, 237.60 W, 32
2026/10/08 03:51:56.894, 0, 120 MHz, 3996 MHz, 187.51 W, 38
2026/10/08 03:51:56.894, 1, 120 MHz, 3996 MHz, 190.17 W, 40
2026/10/08 03:51:56.894, 2, 2032 MHz, 3996 MHz, 476.40 W, 36
2026/10/08 03:51:56.894, 3, 2032 MHz, 3996 MHz, 256.45 W, 32
2026/10/08 03:51:56.894, 4, 2032 MHz, 3996 MHz, 248.21 W, 41
2026/10/08 03:51:56.894, 5, 2032 MHz, 3996 MHz, 244.62 W, 39
2026/10/08 03:51:56.894, 6, 2032 MHz, 3996 MHz, 247.92 W, 33
2026/10/08 03:51:56.894, 7, 2032 MHz, 3996 MHz, 237.50 W, 32
2026/10/08 03:51:57.895, 0, 120 MHz, 3996 MHz, 187.02 W, 38
2026/10/08 03:51:57.895, 1, 120 MHz, 3996 MHz, 190.17 W, 40
2026/10/08 03:51:57.895, 2, 2032 MHz, 3996 MHz, 519.90 W, 36
2026/10/08 03:51:57.895, 3, 2032 MHz, 3996 MHz, 245.69 W, 32
2026/10/08 03:51:57.895, 4, 2032 MHz, 3996 MHz, 248.21 W, 41
2026/10/08 03:51:57.895, 5, 2032 MHz, 3996 MHz, 241.36 W, 39
2026/10/08 03:51:57.895, 6, 2032 MHz, 3996 MHz, 247.24 W, 33
2026/10/08 03:51:57.895, 7, 2032 MHz, 3996 MHz, 238.05 W, 32
2026/10/08 03:51:58.895, 0, 120 MHz, 3996 MHz, 187.02 W, 38
2026/10/08 03:51:58.895, 1, 120 MHz, 3996 MHz, 190.17 W, 40
2026/10/08 03:51:58.895, 2, 2032 MHz, 3996 MHz, 515.46 W, 37
2026/10/08 03:51:58.895, 3, 2032 MHz, 3996 MHz, 241.92 W, 32
2026/10/08 03:51:58.895, 4, 2032 MHz, 3996 MHz, 248.22 W, 41
2026/10/08 03:51:58.895, 5, 2032 MHz, 3996 MHz, 239.79 W, 39
2026/10/08 03:51:58.895, 6, 2032 MHz, 3996 MHz, 247.56 W, 33
2026/10/08 03:51:58.895, 7, 2032 MHz, 3996 MHz, 238.52 W, 31
2026/10/08 03:51:59.895, 0, 120 MHz, 3996 MHz, 186.68 W, 38
2026/10/08 03:51:59.895, 1, 120 MHz, 3996 MHz, 190.17 W, 40
2026/10/08 03:51:59.895, 2, 2032 MHz, 3996 MHz, 515.29 W, 37
2026/10/08 03:51:59.895, 3, 2032 MHz, 3996 MHz, 238.69 W, 32
2026/10/08 03:51:59.895, 4, 2032 MHz, 3996 MHz, 251.88 W, 41
2026/10/08 03:51:59.896, 5, 2032 MHz, 3996 MHz, 240.01 W, 39
2026/10/08 03:51:59.896, 6, 2032 MHz, 3996 MHz, 247.90 W, 33
2026/10/08 03:51:59.896, 7, 2032 MHz, 3996 MHz, 237.90 W, 31
2026/10/08 03:52:00.896, 0, 120 MHz, 3996 MHz, 186.76 W, 37
2026/10/08 03:52:00.896, 1, 120 MHz, 3996 MHz, 190.17 W, 40
2026/10/08 03:52:00.896, 2, 2032 MHz, 3996 MHz, 512.50 W, 37
2026/10/08 03:52:00.896, 3, 2032 MHz, 3996 MHz, 237.04 W, 32
2026/10/08 03:52:00.896, 4, 2032 MHz, 3996 MHz, 246.39 W, 41
2026/10/08 03:52:00.896, 5, 2032 MHz, 3996 MHz, 239.58 W, 39
2026/10/08 03:52:00.896, 6, 2032 MHz, 3996 MHz, 248.82 W, 33
2026/10/08 03:52:00.896, 7, 1372 MHz, 3996 MHz, 386.36 W, 43
2026/10/08 03:52:01.896, 0, 120 MHz, 3996 MHz, 186.75 W, 37
2026/10/08 03:52:01.896, 1, 120 MHz, 3996 MHz, 190.17 W, 40
2026/10/08 03:52:01.896, 2, 2032 MHz, 3996 MHz, 495.68 W, 37
2026/10/08 03:52:01.896, 3, 2032 MHz, 3996 MHz, 236.91 W, 32
2026/10/08 03:52:01.896, 4, 2032 MHz, 3996 MHz, 246.39 W, 41
2026/10/08 03:52:01.896, 5, 2032 MHz, 3996 MHz, 239.67 W, 39
2026/10/08 03:52:01.896, 6, 2032 MHz, 3996 MHz, 248.47 W, 33
2026/10/08 03:52:01.896, 7, 2032 MHz, 3996 MHz, 610.47 W, 35
2026/10/08 03:52:02.896, 0, 120 MHz, 3996 MHz, 186.45 W, 37
2026/10/08 03:52:02.896, 1, 120 MHz, 3996 MHz, 190.17 W, 40
2026/10/08 03:52:02.896, 2, 2032 MHz, 3996 MHz, 535.99 W, 38
2026/10/08 03:52:02.897, 3, 2032 MHz, 3996 MHz, 237.13 W, 32
2026/10/08 03:52:02.897, 4, 2032 MHz, 3996 MHz, 246.32 W, 41
2026/10/08 03:52:02.897, 5, 2032 MHz, 3996 MHz, 239.95 W, 39
2026/10/08 03:52:02.897, 6, 2032 MHz, 3996 MHz, 248.70 W, 33
2026/10/08 03:52:02.897, 7, 2032 MHz, 3996 MHz, 239.18 W, 32
2026/10/08 03:52:03.897, 0, 120 MHz, 3996 MHz, 186.45 W, 37
2026/10/08 03:52:03.897, 1, 120 MHz, 3996 MHz, 190.13 W, 40
2026/10/08 03:52:03.897, 2, 2032 MHz, 3996 MHz, 524.87 W, 38
2026/10/08 03:52:03.897, 3, 2032 MHz, 3996 MHz, 246.61 W, 32
2026/10/08 03:52:03.897, 4, 2032 MHz, 3996 MHz, 246.39 W, 41
2026/10/08 03:52:03.897, 5, 2032 MHz, 3996 MHz, 239.72 W, 39
2026/10/08 03:52:03.897, 6, 2032 MHz, 3996 MHz, 248.23 W, 33
2026/10/08 03:52:03.897, 7, 1357 MHz, 3996 MHz, 783.75 W, 47
2026/10/08 03:52:04.897, 0, 120 MHz, 3996 MHz, 186.41 W, 37
2026/10/08 03:52:04.897, 1, 120 MHz, 3996 MHz, 190.05 W, 40
2026/10/08 03:52:04.897, 2, 2032 MHz, 3996 MHz, 557.06 W, 38
2026/10/08 03:52:04.897, 3, 2032 MHz, 3996 MHz, 236.97 W, 32
2026/10/08 03:52:04.897, 4, 2032 MHz, 3996 MHz, 247.68 W, 41
2026/10/08 03:52:04.897, 5, 2032 MHz, 3996 MHz, 239.76 W, 39
2026/10/08 03:52:04.897, 6, 2032 MHz, 3996 MHz, 247.80 W, 33
2026/10/08 03:52:04.897, 7, 1320 MHz, 3996 MHz, 1086.01 W, 50
2026/10/08 03:52:05.898, 0, 120 MHz, 3996 MHz, 186.41 W, 37
2026/10/08 03:52:05.898, 1, 120 MHz, 3996 MHz, 190.01 W, 40
2026/10/08 03:52:05.898, 2, 2032 MHz, 3996 MHz, 531.01 W, 38
2026/10/08 03:52:05.898, 3, 2032 MHz, 3996 MHz, 236.63 W, 32
2026/10/08 03:52:05.898, 4, 2032 MHz, 3996 MHz, 248.10 W, 41
2026/10/08 03:52:05.898, 5, 2032 MHz, 3996 MHz, 239.41 W, 39
2026/10/08 03:52:05.898, 6, 2032 MHz, 3996 MHz, 247.61 W, 33
2026/10/08 03:52:05.898, 7, 1312 MHz, 3996 MHz, 1077.90 W, 51
2026/10/08 03:52:06.898, 0, 120 MHz, 3996 MHz, 186.41 W, 37
2026/10/08 03:52:06.898, 1, 120 MHz, 3996 MHz, 189.94 W, 39
2026/10/08 03:52:06.898, 2, 2032 MHz, 3996 MHz, 557.90 W, 39
2026/10/08 03:52:06.898, 3, 2032 MHz, 3996 MHz, 236.65 W, 32
2026/10/08 03:52:06.898, 4, 2032 MHz, 3996 MHz, 247.89 W, 41
2026/10/08 03:52:06.898, 5, 2032 MHz, 3996 MHz, 242.10 W, 39
2026/10/08 03:52:06.898, 6, 2032 MHz, 3996 MHz, 247.56 W, 33
2026/10/08 03:52:06.898, 7, 1320 MHz, 3996 MHz, 1083.46 W, 51
2026/10/08 03:52:07.899, 0, 120 MHz, 3996 MHz, 186.41 W, 37
2026/10/08 03:52:07.899, 1, 120 MHz, 3996 MHz, 189.86 W, 39
2026/10/08 03:52:07.899, 2, 2032 MHz, 3996 MHz, 568.60 W, 39
2026/10/08 03:52:07.899, 3, 2032 MHz, 3996 MHz, 236.75 W, 32
2026/10/08 03:52:07.899, 4, 2032 MHz, 3996 MHz, 247.72 W, 41
2026/10/08 03:52:07.899, 5, 2032 MHz, 3996 MHz, 238.59 W, 39
2026/10/08 03:52:07.899, 6, 2032 MHz, 3996 MHz, 247.58 W, 33
2026/10/08 03:52:07.899, 7, 1312 MHz, 3996 MHz, 1083.22 W, 52
2026/10/08 03:52:08.899, 0, 120 MHz, 3996 MHz, 186.41 W, 37
2026/10/08 03:52:08.899, 1, 120 MHz, 3996 MHz, 190.05 W, 39
2026/10/08 03:52:08.899, 2, 2032 MHz, 3996 MHz, 572.66 W, 39
2026/10/08 03:52:08.899, 3, 2032 MHz, 3996 MHz, 492.97 W, 35
2026/10/08 03:52:08.899, 4, 2032 MHz, 3996 MHz, 247.95 W, 41
2026/10/08 03:52:08.899, 5, 2032 MHz, 3996 MHz, 238.55 W, 39
2026/10/08 03:52:08.899, 6, 2032 MHz, 3996 MHz, 247.59 W, 33
2026/10/08 03:52:08.899, 7, 1320 MHz, 3996 MHz, 1082.70 W, 52
2026/10/08 03:52:09.899, 0, 120 MHz, 3996 MHz, 186.41 W, 37
2026/10/08 03:52:09.899, 1, 120 MHz, 3996 MHz, 189.63 W, 39
2026/10/08 03:52:09.900, 2, 2032 MHz, 3996 MHz, 564.80 W, 39
2026/10/08 03:52:09.900, 3, 2032 MHz, 3996 MHz, 468.59 W, 35
2026/10/08 03:52:09.900, 4, 2032 MHz, 3996 MHz, 247.75 W, 41
2026/10/08 03:52:09.900, 5, 2032 MHz, 3996 MHz, 238.55 W, 39
2026/10/08 03:52:09.900, 6, 2032 MHz, 3996 MHz, 247.55 W, 33
2026/10/08 03:52:09.900, 7, 1342 MHz, 3996 MHz, 1083.27 W, 52
2026/10/08 03:52:10.900, 0, 120 MHz, 3996 MHz, 186.41 W, 37
2026/10/08 03:52:10.900, 1, 120 MHz, 3996 MHz, 189.63 W, 39
2026/10/08 03:52:10.900, 2, 2032 MHz, 3996 MHz, 520.06 W, 38
2026/10/08 03:52:10.900, 3, 2032 MHz, 3996 MHz, 433.40 W, 35
2026/10/08 03:52:10.900, 4, 2032 MHz, 3996 MHz, 247.40 W, 41
2026/10/08 03:52:10.900, 5, 2032 MHz, 3996 MHz, 238.68 W, 39
2026/10/08 03:52:10.900, 6, 2032 MHz, 3996 MHz, 247.62 W, 33
2026/10/08 03:52:10.900, 7, 1312 MHz, 3996 MHz, 1082.81 W, 52
2026/10/08 03:52:11.900, 0, 120 MHz, 3996 MHz, 186.41 W, 37
2026/10/08 03:52:11.900, 1, 120 MHz, 3996 MHz, 189.75 W, 39
2026/10/08 03:52:11.900, 2, 2032 MHz, 3996 MHz, 535.17 W, 39
2026/10/08 03:52:11.900, 3, 2032 MHz, 3996 MHz, 465.43 W, 36
2026/10/08 03:52:11.900, 4, 2032 MHz, 3996 MHz, 247.53 W, 41
2026/10/08 03:52:11.900, 5, 2032 MHz, 3996 MHz, 239.61 W, 39
2026/10/08 03:52:11.900, 6, 2032 MHz, 3996 MHz, 247.55 W, 33
2026/10/08 03:52:11.900, 7, 1335 MHz, 3996 MHz, 1085.00 W, 53
2026/10/08 03:52:12.901, 0, 120 MHz, 3996 MHz, 186.41 W, 37
2026/10/08 03:52:12.901, 1, 120 MHz, 3996 MHz, 189.41 W, 39
2026/10/08 03:52:12.901, 2, 2032 MHz, 3996 MHz, 530.36 W, 39
2026/10/08 03:52:12.901, 3, 2032 MHz, 3996 MHz, 460.42 W, 36
2026/10/08 03:52:12.901, 4, 2032 MHz, 3996 MHz, 247.44 W, 41
2026/10/08 03:52:12.901, 5, 2032 MHz, 3996 MHz, 239.26 W, 39
2026/10/08 03:52:12.901, 6, 2032 MHz, 3996 MHz, 247.66 W, 33
2026/10/08 03:52:12.901, 7, 2032 MHz, 3996 MHz, 1049.31 W, 48
2026/10/08 03:52:13.901, 0, 120 MHz, 3996 MHz, 186.41 W, 37
2026/10/08 03:52:13.901, 1, 120 MHz, 3996 MHz, 189.51 W, 39
2026/10/08 03:52:13.901, 2, 2032 MHz, 3996 MHz, 527.68 W, 38
2026/10/08 03:52:13.901, 3, 2032 MHz, 3996 MHz, 483.52 W, 36
2026/10/08 03:52:13.901, 4, 2032 MHz, 3996 MHz, 247.84 W, 41
2026/10/08 03:52:13.901, 5, 2032 MHz, 3996 MHz, 239.40 W, 39
2026/10/08 03:52:13.901, 6, 2032 MHz, 3996 MHz, 247.62 W, 33
2026/10/08 03:52:13.901, 7, 2032 MHz, 3996 MHz, 1060.63 W, 48
2026/10/08 03:52:14.901, 0, 120 MHz, 3996 MHz, 186.41 W, 37
2026/10/08 03:52:14.902, 1, 120 MHz, 3996 MHz, 189.14 W, 39
2026/10/08 03:52:14.902, 2, 2032 MHz, 3996 MHz, 514.72 W, 39
2026/10/08 03:52:14.902, 3, 2032 MHz, 3996 MHz, 461.86 W, 37
2026/10/08 03:52:14.902, 4, 2032 MHz, 3996 MHz, 247.57 W, 41
2026/10/08 03:52:14.902, 5, 2032 MHz, 3996 MHz, 239.54 W, 39
2026/10/08 03:52:14.902, 6, 2032 MHz, 3996 MHz, 247.65 W, 33
2026/10/08 03:52:14.902, 7, 2032 MHz, 3996 MHz, 1062.25 W, 48
2026/10/08 03:52:15.902, 0, 120 MHz, 3996 MHz, 186.41 W, 36
2026/10/08 03:52:15.902, 1, 120 MHz, 3996 MHz, 189.52 W, 39
2026/10/08 03:52:15.902, 2, 2032 MHz, 3996 MHz, 532.45 W, 38
2026/10/08 03:52:15.902, 3, 2032 MHz, 3996 MHz, 443.08 W, 35
2026/10/08 03:52:15.902, 4, 2032 MHz, 3996 MHz, 247.83 W, 41
2026/10/08 03:52:15.902, 5, 2032 MHz, 3996 MHz, 239.39 W, 39
2026/10/08 03:52:15.902, 6, 2032 MHz, 3996 MHz, 247.66 W, 33
2026/10/08 03:52:15.902, 7, 2032 MHz, 3996 MHz, 1060.65 W, 49
2026/10/08 03:52:16.902, 0, 120 MHz, 3996 MHz, 186.41 W, 36
2026/10/08 03:52:16.902, 1, 120 MHz, 3996 MHz, 189.20 W, 39
2026/10/08 03:52:16.902, 2, 2032 MHz, 3996 MHz, 528.70 W, 39
2026/10/08 03:52:16.902, 3, 2032 MHz, 3996 MHz, 482.57 W, 36
2026/10/08 03:52:16.902, 4, 2032 MHz, 3996 MHz, 247.76 W, 41
2026/10/08 03:52:16.902, 5, 2032 MHz, 3996 MHz, 239.61 W, 38
2026/10/08 03:52:16.902, 6, 2032 MHz, 3996 MHz, 247.65 W, 33
2026/10/08 03:52:16.902, 7, 2032 MHz, 3996 MHz, 1061.11 W, 49
2026/10/08 03:52:17.903, 0, 120 MHz, 3996 MHz, 186.41 W, 36
2026/10/08 03:52:17.903, 1, 120 MHz, 3996 MHz, 189.14 W, 39
2026/10/08 03:52:17.903, 2, 2032 MHz, 3996 MHz, 544.50 W, 39
2026/10/08 03:52:17.903, 3, 2032 MHz, 3996 MHz, 471.77 W, 36
2026/10/08 03:52:17.903, 4, 2032 MHz, 3996 MHz, 248.02 W, 41
2026/10/08 03:52:17.903, 5, 2032 MHz, 3996 MHz, 238.93 W, 38
2026/10/08 03:52:17.903, 6, 2032 MHz, 3996 MHz, 247.65 W, 33
2026/10/08 03:52:17.903, 7, 2032 MHz, 3996 MHz, 1060.69 W, 49
2026/10/08 03:52:18.903, 0, 120 MHz, 3996 MHz, 186.41 W, 36
2026/10/08 03:52:18.903, 1, 120 MHz, 3996 MHz, 189.10 W, 39
2026/10/08 03:52:18.903, 2, 2032 MHz, 3996 MHz, 533.56 W, 40
2026/10/08 03:52:18.903, 3, 2032 MHz, 3996 MHz, 536.94 W, 38
2026/10/08 03:52:18.903, 4, 2032 MHz, 3996 MHz, 248.18 W, 41
2026/10/08 03:52:18.903, 5, 2032 MHz, 3996 MHz, 239.01 W, 38
2026/10/08 03:52:18.903, 6, 2032 MHz, 3996 MHz, 249.12 W, 33
2026/10/08 03:52:18.903, 7, 2032 MHz, 3996 MHz, 1064.08 W, 50
2026/10/08 03:52:19.903, 0, 120 MHz, 3996 MHz, 186.41 W, 36
2026/10/08 03:52:19.903, 1, 120 MHz, 3996 MHz, 189.04 W, 39
2026/10/08 03:52:19.903, 2, 2032 MHz, 3996 MHz, 524.99 W, 39
2026/10/08 03:52:19.903, 3, 2032 MHz, 3996 MHz, 506.12 W, 38
2026/10/08 03:52:19.903, 4, 2032 MHz, 3996 MHz, 248.07 W, 41
2026/10/08 03:52:19.903, 5, 2032 MHz, 3996 MHz, 239.23 W, 38
2026/10/08 03:52:19.903, 6, 2032 MHz, 3996 MHz, 247.78 W, 33
2026/10/08 03:52:19.903, 7, 2032 MHz, 3996 MHz, 1064.68 W, 50
2026/10/08 03:52:20.904, 0, 120 MHz, 3996 MHz, 186.41 W, 36
2026/10/08 03:52:20.904, 1, 120 MHz, 3996 MHz, 188.91 W, 39
2026/10/08 03:52:20.904, 2, 2032 MHz, 3996 MHz, 559.69 W, 40
2026/10/08 03:52:20.904, 3, 2032 MHz, 3996 MHz, 487.94 W, 37
2026/10/08 03:52:20.904, 4, 2032 MHz, 3996 MHz, 248.18 W, 41
2026/10/08 03:52:20.904, 5, 2032 MHz, 3996 MHz, 239.32 W, 38
2026/10/08 03:52:20.904, 6, 2032 MHz, 3996 MHz, 247.59 W, 33
2026/10/08 03:52:20.904, 7, 2032 MHz, 3996 MHz, 1064.29 W, 50
2026/10/08 03:52:21.904, 0, 120 MHz, 3996 MHz, 186.41 W, 36
2026/10/08 03:52:21.904, 1, 120 MHz, 3996 MHz, 188.53 W, 39
2026/10/08 03:52:21.904, 2, 2032 MHz, 3996 MHz, 572.29 W, 40
2026/10/08 03:52:21.904, 3, 2032 MHz, 3996 MHz, 501.72 W, 38
2026/10/08 03:52:21.904, 4, 2032 MHz, 3996 MHz, 248.18 W, 41
2026/10/08 03:52:21.904, 5, 2032 MHz, 3996 MHz, 239.33 W, 38
2026/10/08 03:52:21.904, 6, 2032 MHz, 3996 MHz, 247.60 W, 33
2026/10/08 03:52:21.904, 7, 2032 MHz, 3996 MHz, 1064.63 W, 50
2026/10/08 03:52:22.904, 0, 120 MHz, 3996 MHz, 186.41 W, 36
2026/10/08 03:52:22.904, 1, 120 MHz, 3996 MHz, 188.93 W, 39
2026/10/08 03:52:22.904, 2, 2032 MHz, 3996 MHz, 548.45 W, 40
2026/10/08 03:52:22.904, 3, 2032 MHz, 3996 MHz, 537.66 W, 38
2026/10/08 03:52:22.904, 4, 2032 MHz, 3996 MHz, 249.65 W, 41
2026/10/08 03:52:22.904, 5, 2032 MHz, 3996 MHz, 239.40 W, 38
2026/10/08 03:52:22.904, 6, 2032 MHz, 3996 MHz, 247.63 W, 33
2026/10/08 03:52:22.904, 7, 2032 MHz, 3996 MHz, 1064.85 W, 51
2026/10/08 03:52:23.904, 0, 120 MHz, 3996 MHz, 186.41 W, 36
2026/10/08 03:52:23.904, 1, 120 MHz, 3996 MHz, 188.95 W, 39
2026/10/08 03:52:23.904, 2, 2032 MHz, 3996 MHz, 539.52 W, 39
2026/10/08 03:52:23.904, 3, 2032 MHz, 3996 MHz, 473.08 W, 38
2026/10/08 03:52:23.904, 4, 2032 MHz, 3996 MHz, 255.87 W, 41
2026/10/08 03:52:23.904, 5, 2032 MHz, 3996 MHz, 239.49 W, 38
2026/10/08 03:52:23.904, 6, 2032 MHz, 3996 MHz, 247.61 W, 33
2026/10/08 03:52:23.905, 7, 2032 MHz, 3996 MHz, 1064.22 W, 51
2026/10/08 03:52:24.905, 0, 120 MHz, 3996 MHz, 186.41 W, 36
2026/10/08 03:52:24.905, 1, 120 MHz, 3996 MHz, 188.64 W, 39
2026/10/08 03:52:24.905, 2, 2032 MHz, 3996 MHz, 561.10 W, 39
2026/10/08 03:52:24.905, 3, 2032 MHz, 3996 MHz, 499.90 W, 37
2026/10/08 03:52:24.905, 4, 2032 MHz, 3996 MHz, 248.22 W, 41
2026/10/08 03:52:24.905, 5, 2032 MHz, 3996 MHz, 239.55 W, 38
2026/10/08 03:52:24.905, 6, 2032 MHz, 3996 MHz, 272.25 W, 33
2026/10/08 03:52:24.905, 7, 2032 MHz, 3996 MHz, 1066.70 W, 51
2026/10/08 03:52:25.905, 0, 120 MHz, 3996 MHz, 186.41 W, 36
2026/10/08 03:52:25.905, 1, 120 MHz, 3996 MHz, 188.54 W, 39
2026/10/08 03:52:25.905, 2, 2032 MHz, 3996 MHz, 563.18 W, 40
2026/10/08 03:52:25.905, 3, 2032 MHz, 3996 MHz, 491.42 W, 37
2026/10/08 03:52:25.905, 4, 2032 MHz, 3996 MHz, 248.22 W, 41
2026/10/08 03:52:25.905, 5, 2032 MHz, 3996 MHz, 239.28 W, 38
2026/10/08 03:52:25.905, 6, 2032 MHz, 3996 MHz, 257.17 W, 33
2026/10/08 03:52:25.905, 7, 2032 MHz, 3996 MHz, 1068.33 W, 51
2026/10/08 03:52:26.905, 0, 120 MHz, 3996 MHz, 186.41 W, 36
2026/10/08 03:52:26.905, 1, 120 MHz, 3996 MHz, 188.46 W, 39
2026/10/08 03:52:26.905, 2, 2032 MHz, 3996 MHz, 541.45 W, 40
2026/10/08 03:52:26.905, 3, 2032 MHz, 3996 MHz, 488.44 W, 38
2026/10/08 03:52:26.905, 4, 2032 MHz, 3996 MHz, 248.22 W, 41
2026/10/08 03:52:26.905, 5, 2032 MHz, 3996 MHz, 239.03 W, 38
2026/10/08 03:52:26.905, 6, 2032 MHz, 3996 MHz, 248.87 W, 33
2026/10/08 03:52:26.905, 7, 2032 MHz, 3996 MHz, 1068.07 W, 51
2026/10/08 03:52:27.905, 0, 120 MHz, 3996 MHz, 186.41 W, 36
2026/10/08 03:52:27.905, 1, 120 MHz, 3996 MHz, 188.68 W, 39
2026/10/08 03:52:27.905, 2, 2032 MHz, 3996 MHz, 526.36 W, 40
2026/10/08 03:52:27.905, 3, 2032 MHz, 3996 MHz, 473.04 W, 37
2026/10/08 03:52:27.906, 4, 2032 MHz, 3996 MHz, 256.78 W, 42
2026/10/08 03:52:27.906, 5, 2032 MHz, 3996 MHz, 239.04 W, 38
2026/10/08 03:52:27.906, 6, 2032 MHz, 3996 MHz, 247.82 W, 33
2026/10/08 03:52:27.906, 7, 2032 MHz, 3996 MHz, 1068.56 W, 52
2026/10/08 03:52:28.906, 0, 120 MHz, 3996 MHz, 186.41 W, 36
2026/10/08 03:52:28.906, 1, 120 MHz, 3996 MHz, 188.49 W, 39
2026/10/08 03:52:28.906, 2, 2032 MHz, 3996 MHz, 551.55 W, 39
2026/10/08 03:52:28.906, 3, 2032 MHz, 3996 MHz, 455.48 W, 38
2026/10/08 03:52:28.906, 4, 2032 MHz, 3996 MHz, 248.22 W, 42
2026/10/08 03:52:28.906, 5, 2032 MHz, 3996 MHz, 240.34 W, 38
2026/10/08 03:52:28.906, 6, 2032 MHz, 3996 MHz, 247.58 W, 33
2026/10/08 03:52:28.906, 7, 2032 MHz, 3996 MHz, 1068.58 W, 52
2026/10/08 03:52:29.906, 0, 120 MHz, 3996 MHz, 186.41 W, 36
2026/10/08 03:52:29.906, 1, 120 MHz, 3996 MHz, 188.54 W, 39
2026/10/08 03:52:29.906, 2, 2032 MHz, 3996 MHz, 546.70 W, 40
2026/10/08 03:52:29.906, 3, 2032 MHz, 3996 MHz, 466.96 W, 37
2026/10/08 03:52:29.906, 4, 2032 MHz, 3996 MHz, 249.99 W, 42
2026/10/08 03:52:29.906, 5, 2032 MHz, 3996 MHz, 239.14 W, 38
2026/10/08 03:52:29.906, 6, 2032 MHz, 3996 MHz, 247.56 W, 33
2026/10/08 03:52:29.906, 7, 2032 MHz, 3996 MHz, 1068.25 W, 52
2026/10/08 03:52:30.906, 0, 120 MHz, 3996 MHz, 186.41 W, 36
2026/10/08 03:52:30.906, 1, 120 MHz, 3996 MHz, 188.65 W, 39
2026/10/08 03:52:30.906, 2, 2032 MHz, 3996 MHz, 532.80 W, 39
2026/10/08 03:52:30.906, 3, 2032 MHz, 3996 MHz, 473.83 W, 37
2026/10/08 03:52:30.906, 4, 2032 MHz, 3996 MHz, 248.18 W, 42
2026/10/08 03:52:30.906, 5, 2032 MHz, 3996 MHz, 247.70 W, 38
2026/10/08 03:52:30.906, 6, 2032 MHz, 3996 MHz, 249.92 W, 33
2026/10/08 03:52:30.906, 7, 2032 MHz, 3996 MHz, 1068.54 W, 52
2026/10/08 03:52:31.906, 0, 120 MHz, 3996 MHz, 186.41 W, 36
2026/10/08 03:52:31.907, 1, 120 MHz, 3996 MHz, 188.82 W, 39
2026/10/08 03:52:31.907, 2, 2032 MHz, 3996 MHz, 545.58 W, 40
2026/10/08 03:52:31.907, 3, 2032 MHz, 3996 MHz, 450.63 W, 37
2026/10/08 03:52:31.907, 4, 2032 MHz, 3996 MHz, 248.22 W, 42
2026/10/08 03:52:31.907, 5, 2032 MHz, 3996 MHz, 239.12 W, 38
2026/10/08 03:52:31.907, 6, 2032 MHz, 3996 MHz, 252.64 W, 33
2026/10/08 03:52:31.907, 7, 2032 MHz, 3996 MHz, 1070.91 W, 52
2026/10/08 03:52:32.907, 0, 120 MHz, 3996 MHz, 186.41 W, 36
2026/10/08 03:52:32.907, 1, 120 MHz, 3996 MHz, 188.87 W, 39
2026/10/08 03:52:32.907, 2, 2032 MHz, 3996 MHz, 539.06 W, 39
2026/10/08 03:52:32.907, 3, 2032 MHz, 3996 MHz, 472.62 W, 37
2026/10/08 03:52:32.907, 4, 2032 MHz, 3996 MHz, 248.21 W, 42
2026/10/08 03:52:32.907, 5, 2032 MHz, 3996 MHz, 240.08 W, 38
2026/10/08 03:52:32.907, 6, 2032 MHz, 3996 MHz, 247.55 W, 32
2026/10/08 03:52:32.907, 7, 2032 MHz, 3996 MHz, 1071.66 W, 52
2026/10/08 03:52:33.907, 0, 120 MHz, 3996 MHz, 186.41 W, 36
2026/10/08 03:52:33.907, 1, 120 MHz, 3996 MHz, 188.76 W, 39
2026/10/08 03:52:33.907, 2, 2032 MHz, 3996 MHz, 556.92 W, 40
2026/10/08 03:52:33.907, 3, 2032 MHz, 3996 MHz, 488.63 W, 38
2026/10/08 03:52:33.907, 4, 2032 MHz, 3996 MHz, 248.22 W, 42
2026/10/08 03:52:33.907, 5, 2032 MHz, 3996 MHz, 238.66 W, 38
2026/10/08 03:52:33.907, 6, 2032 MHz, 3996 MHz, 247.56 W, 32
2026/10/08 03:52:33.907, 7, 2032 MHz, 3996 MHz, 1071.39 W, 53
2026/10/08 03:52:34.907, 0, 120 MHz, 3996 MHz, 186.41 W, 36
2026/10/08 03:52:34.907, 1, 120 MHz, 3996 MHz, 188.88 W, 39
2026/10/08 03:52:34.907, 2, 2032 MHz, 3996 MHz, 522.19 W, 39
2026/10/08 03:52:34.907, 3, 2032 MHz, 3996 MHz, 446.49 W, 37
2026/10/08 03:52:34.907, 4, 2032 MHz, 3996 MHz, 248.22 W, 42
2026/10/08 03:52:34.907, 5, 2032 MHz, 3996 MHz, 238.52 W, 38
2026/10/08 03:52:34.907, 6, 2032 MHz, 3996 MHz, 247.56 W, 32
2026/10/08 03:52:34.907, 7, 2032 MHz, 3996 MHz, 1070.75 W, 53
2026/10/08 03:52:35.907, 0, 120 MHz, 3996 MHz, 186.41 W, 36
2026/10/08 03:52:35.907, 1, 120 MHz, 3996 MHz, 188.54 W, 39
2026/10/08 03:52:35.907, 2, 2032 MHz, 3996 MHz, 533.73 W, 40
2026/10/08 03:52:35.907, 3, 2032 MHz, 3996 MHz, 475.98 W, 37
2026/10/08 03:52:35.907, 4, 2032 MHz, 3996 MHz, 248.22 W, 42
2026/10/08 03:52:35.907, 5, 2032 MHz, 3996 MHz, 238.58 W, 38
2026/10/08 03:52:35.907, 6, 2032 MHz, 3996 MHz, 247.55 W, 32
2026/10/08 03:52:35.907, 7, 2032 MHz, 3996 MHz, 1071.33 W, 53
2026/10/08 03:52:36.908, 0, 120 MHz, 3996 MHz, 186.41 W, 36
2026/10/08 03:52:36.908, 1, 120 MHz, 3996 MHz, 188.79 W, 39
2026/10/08 03:52:36.908, 2, 2032 MHz, 3996 MHz, 533.44 W, 40
2026/10/08 03:52:36.908, 3, 2032 MHz, 3996 MHz, 506.03 W, 38
2026/10/08 03:52:36.908, 4, 2032 MHz, 3996 MHz, 248.59 W, 42
2026/10/08 03:52:36.908, 5, 2032 MHz, 3996 MHz, 246.21 W, 38
2026/10/08 03:52:36.908, 6, 2032 MHz, 3996 MHz, 247.60 W, 32
2026/10/08 03:52:36.908, 7, 2032 MHz, 3996 MHz, 1066.42 W, 53
2026/10/08 03:52:37.908, 0, 120 MHz, 3996 MHz, 186.41 W, 36
2026/10/08 03:52:37.908, 1, 120 MHz, 3996 MHz, 188.77 W, 39
2026/10/08 03:52:37.908, 2, 2032 MHz, 3996 MHz, 534.21 W, 39
2026/10/08 03:52:37.908, 3, 2032 MHz, 3996 MHz, 500.48 W, 38
2026/10/08 03:52:37.908, 4, 2032 MHz, 3996 MHz, 248.71 W, 42
2026/10/08 03:52:37.908, 5, 2032 MHz, 3996 MHz, 238.96 W, 38
2026/10/08 03:52:37.908, 6, 2032 MHz, 3996 MHz, 248.18 W, 32
2026/10/08 03:52:37.908, 7, 2032 MHz, 3996 MHz, 702.83 W, 44
2026/10/08 03:52:38.908, 0, 120 MHz, 3996 MHz, 186.41 W, 36
2026/10/08 03:52:38.908, 1, 120 MHz, 3996 MHz, 188.69 W, 39
2026/10/08 03:52:38.908, 2, 2032 MHz, 3996 MHz, 522.32 W, 40
2026/10/08 03:52:38.908, 3, 2032 MHz, 3996 MHz, 472.33 W, 38
2026/10/08 03:52:38.908, 4, 2032 MHz, 3996 MHz, 248.22 W, 42
2026/10/08 03:52:38.908, 5, 2032 MHz, 3996 MHz, 238.71 W, 38
2026/10/08 03:52:38.908, 6, 2032 MHz, 3996 MHz, 246.65 W, 32
2026/10/08 03:52:38.908, 7, 2032 MHz, 3996 MHz, 260.30 W, 42
2026/10/08 03:52:39.908, 0, 120 MHz, 3996 MHz, 186.41 W, 36
2026/10/08 03:52:39.908, 1, 120 MHz, 3996 MHz, 188.68 W, 39
2026/10/08 03:52:39.908, 2, 2032 MHz, 3996 MHz, 534.63 W, 40
2026/10/08 03:52:39.908, 3, 2032 MHz, 3996 MHz, 450.39 W, 37
2026/10/08 03:52:39.908, 4, 2032 MHz, 3996 MHz, 248.22 W, 43
2026/10/08 03:52:39.908, 5, 2032 MHz, 3996 MHz, 238.86 W, 38
2026/10/08 03:52:39.908, 6, 2032 MHz, 3996 MHz, 246.65 W, 32
2026/10/08 03:52:39.908, 7, 2032 MHz, 3996 MHz, 246.44 W, 41
2026/10/08 03:52:40.909, 0, 120 MHz, 3996 MHz, 186.41 W, 36
2026/10/08 03:52:40.909, 1, 120 MHz, 3996 MHz, 188.72 W, 39
2026/10/08 03:52:40.909, 2, 2032 MHz, 3996 MHz, 528.26 W, 40
2026/10/08 03:52:40.909, 3, 2032 MHz, 3996 MHz, 481.24 W, 37
2026/10/08 03:52:40.909, 4, 2032 MHz, 3996 MHz, 248.22 W, 43
2026/10/08 03:52:40.909, 5, 2032 MHz, 3996 MHz, 238.87 W, 38
2026/10/08 03:52:40.909, 6, 2032 MHz, 3996 MHz, 246.70 W, 32
2026/10/08 03:52:40.909, 7, 2032 MHz, 3996 MHz, 245.11 W, 40
2026/10/08 03:52:41.909, 0, 120 MHz, 3996 MHz, 186.41 W, 36
2026/10/08 03:52:41.909, 1, 120 MHz, 3996 MHz, 188.58 W, 39
2026/10/08 03:52:41.909, 2, 2032 MHz, 3996 MHz, 527.26 W, 40
2026/10/08 03:52:41.909, 3, 2032 MHz, 3996 MHz, 480.23 W, 38
2026/10/08 03:52:41.909, 4, 2032 MHz, 3996 MHz, 248.22 W, 43
2026/10/08 03:52:41.909, 5, 2032 MHz, 3996 MHz, 238.94 W, 38
2026/10/08 03:52:41.909, 6, 2032 MHz, 3996 MHz, 246.61 W, 32
2026/10/08 03:52:41.909, 7, 2032 MHz, 3996 MHz, 244.54 W, 40
2026/10/08 03:52:42.909, 0, 120 MHz, 3996 MHz, 186.41 W, 36
2026/10/08 03:52:42.909, 1, 120 MHz, 3996 MHz, 188.65 W, 39
2026/10/08 03:52:42.909, 2, 2032 MHz, 3996 MHz, 536.87 W, 40
2026/10/08 03:52:42.909, 3, 2032 MHz, 3996 MHz, 460.02 W, 37
2026/10/08 03:52:42.909, 4, 2032 MHz, 3996 MHz, 432.07 W, 45
2026/10/08 03:52:42.909, 5, 2032 MHz, 3996 MHz, 239.15 W, 38
2026/10/08 03:52:42.909, 6, 2032 MHz, 3996 MHz, 246.62 W, 32
2026/10/08 03:52:42.909, 7, 2032 MHz, 3996 MHz, 244.50 W, 39
2026/10/08 03:52:43.909, 0, 120 MHz, 3996 MHz, 186.41 W, 36
2026/10/08 03:52:43.909, 1, 120 MHz, 3996 MHz, 188.83 W, 39
2026/10/08 03:52:43.909, 2, 2032 MHz, 3996 MHz, 535.36 W, 40
2026/10/08 03:52:43.909, 3, 2032 MHz, 3996 MHz, 506.05 W, 37
2026/10/08 03:52:43.909, 4, 2032 MHz, 3996 MHz, 435.95 W, 45
2026/10/08 03:52:43.909, 5, 2032 MHz, 3996 MHz, 238.37 W, 38
2026/10/08 03:52:43.909, 6, 2032 MHz, 3996 MHz, 541.12 W, 36
2026/10/08 03:52:43.909, 7, 2032 MHz, 3996 MHz, 244.51 W, 39
2026/10/08 03:52:44.910, 0, 120 MHz, 3996 MHz, 186.41 W, 36
2026/10/08 03:52:44.910, 1, 120 MHz, 3996 MHz, 188.80 W, 39
2026/10/08 03:52:44.910, 2, 2032 MHz, 3996 MHz, 515.87 W, 40
2026/10/08 03:52:44.910, 3, 2032 MHz, 3996 MHz, 465.93 W, 38
2026/10/08 03:52:44.910, 4, 2032 MHz, 3996 MHz, 538.26 W, 51
2026/10/08 03:52:44.910, 5, 2032 MHz, 3996 MHz, 238.21 W, 38
2026/10/08 03:52:44.910, 6, 2032 MHz, 3996 MHz, 480.91 W, 34
2026/10/08 03:52:44.910, 7, 2032 MHz, 3996 MHz, 244.23 W, 39
2026/10/08 03:52:45.910, 0, 120 MHz, 3996 MHz, 186.41 W, 36
2026/10/08 03:52:45.910, 1, 120 MHz, 3996 MHz, 188.85 W, 39
2026/10/08 03:52:45.910, 2, 2032 MHz, 3996 MHz, 539.35 W, 41
2026/10/08 03:52:45.910, 3, 2032 MHz, 3996 MHz, 510.09 W, 39
2026/10/08 03:52:45.910, 4, 1312 MHz, 3996 MHz, 964.70 W, 62
2026/10/08 03:52:45.910, 5, 2032 MHz, 3996 MHz, 237.44 W, 38
2026/10/08 03:52:45.910, 6, 2032 MHz, 3996 MHz, 596.30 W, 45
2026/10/08 03:52:45.910, 7, 2032 MHz, 3996 MHz, 243.35 W, 38
2026/10/08 03:52:46.910, 0, 120 MHz, 3996 MHz, 186.41 W, 36
2026/10/08 03:52:46.910, 1, 120 MHz, 3996 MHz, 188.95 W, 39
2026/10/08 03:52:46.910, 2, 2032 MHz, 3996 MHz, 533.24 W, 40
2026/10/08 03:52:46.910, 3, 2032 MHz, 3996 MHz, 483.29 W, 38
2026/10/08 03:52:46.910, 4, 1665 MHz, 3996 MHz, 1070.88 W, 59
2026/10/08 03:52:46.910, 5, 2032 MHz, 3996 MHz, 237.22 W, 38
2026/10/08 03:52:46.910, 6, 1290 MHz, 3996 MHz, 925.35 W, 51
2026/10/08 03:52:46.910, 7, 270 MHz, 3996 MHz, 192.09 W, 37
2026/10/08 03:52:47.910, 0, 120 MHz, 3996 MHz, 186.41 W, 36
2026/10/08 03:52:47.910, 1, 120 MHz, 3996 MHz, 189.02 W, 39
2026/10/08 03:52:47.910, 2, 2032 MHz, 3996 MHz, 532.84 W, 40
2026/10/08 03:52:47.910, 3, 2032 MHz, 3996 MHz, 492.69 W, 38
2026/10/08 03:52:47.910, 4, 2032 MHz, 3996 MHz, 966.81 W, 56
2026/10/08 03:52:47.910, 5, 2032 MHz, 3996 MHz, 237.95 W, 38
2026/10/08 03:52:47.910, 6, 1305 MHz, 3996 MHz, 1089.54 W, 52
2026/10/08 03:52:47.910, 7, 172 MHz, 3996 MHz, 189.74 W, 37
2026/10/08 03:52:48.911, 0, 120 MHz, 3996 MHz, 186.41 W, 36
2026/10/08 03:52:48.911, 1, 120 MHz, 3996 MHz, 188.69 W, 39
2026/10/08 03:52:48.911, 2, 2032 MHz, 3996 MHz, 538.51 W, 40
2026/10/08 03:52:48.911, 3, 2032 MHz, 3996 MHz, 513.27 W, 38
2026/10/08 03:52:48.911, 4, 2032 MHz, 3996 MHz, 974.94 W, 57
2026/10/08 03:52:48.911, 5, 2032 MHz, 3996 MHz, 435.06 W, 44
2026/10/08 03:52:48.911, 6, 1312 MHz, 3996 MHz, 1087.81 W, 53
2026/10/08 03:52:48.911, 7, 120 MHz, 3996 MHz, 188.42 W, 36
2026/10/08 03:52:49.911, 0, 120 MHz, 3996 MHz, 186.41 W, 36
2026/10/08 03:52:49.911, 1, 120 MHz, 3996 MHz, 189.10 W, 39
2026/10/08 03:52:49.911, 2, 2032 MHz, 3996 MHz, 554.40 W, 40
2026/10/08 03:52:49.911, 3, 2032 MHz, 3996 MHz, 526.20 W, 38
2026/10/08 03:52:49.911, 4, 2032 MHz, 3996 MHz, 977.01 W, 57
2026/10/08 03:52:49.911, 5, 2032 MHz, 3996 MHz, 415.32 W, 39
2026/10/08 03:52:49.911, 6, 1305 MHz, 3996 MHz, 1087.51 W, 53
2026/10/08 03:52:49.911, 7, 120 MHz, 3996 MHz, 188.05 W, 36
2026/10/08 03:52:50.911, 0, 120 MHz, 3996 MHz, 186.41 W, 36
2026/10/08 03:52:50.911, 1, 120 MHz, 3996 MHz, 189.04 W, 39
2026/10/08 03:52:50.911, 2, 2032 MHz, 3996 MHz, 553.70 W, 40
2026/10/08 03:52:50.911, 3, 2032 MHz, 3996 MHz, 508.28 W, 38
2026/10/08 03:52:50.911, 4, 2032 MHz, 3996 MHz, 979.61 W, 57
2026/10/08 03:52:50.911, 5, 2032 MHz, 3996 MHz, 586.28 W, 42
2026/10/08 03:52:50.911, 6, 1305 MHz, 3996 MHz, 1088.86 W, 54
2026/10/08 03:52:50.911, 7, 120 MHz, 3996 MHz, 188.03 W, 36
2026/10/08 03:52:51.911, 0, 120 MHz, 3996 MHz, 186.41 W, 36
2026/10/08 03:52:51.911, 1, 120 MHz, 3996 MHz, 188.88 W, 39
2026/10/08 03:52:51.911, 2, 2032 MHz, 3996 MHz, 549.43 W, 40
2026/10/08 03:52:51.911, 3, 2032 MHz, 3996 MHz, 515.12 W, 39
2026/10/08 03:52:51.911, 4, 2032 MHz, 3996 MHz, 981.10 W, 58
2026/10/08 03:52:51.911, 5, 1365 MHz, 3996 MHz, 1082.38 W, 57
2026/10/08 03:52:51.911, 6, 1312 MHz, 3996 MHz, 1088.44 W, 54
2026/10/08 03:52:51.911, 7, 120 MHz, 3996 MHz, 188.06 W, 36
2026/10/08 03:52:52.912, 0, 120 MHz, 3996 MHz, 186.41 W, 36
2026/10/08 03:52:52.912, 1, 120 MHz, 3996 MHz, 188.85 W, 39
2026/10/08 03:52:52.912, 2, 2032 MHz, 3996 MHz, 533.83 W, 41
2026/10/08 03:52:52.912, 3, 2032 MHz, 3996 MHz, 494.28 W, 39
2026/10/08 03:52:52.912, 4, 2032 MHz, 3996 MHz, 981.61 W, 58
2026/10/08 03:52:52.912, 5, 2032 MHz, 3996 MHz, 1018.15 W, 51
2026/10/08 03:52:52.912, 6, 1335 MHz, 3996 MHz, 1088.48 W, 54
2026/10/08 03:52:52.912, 7, 120 MHz, 3996 MHz, 188.02 W, 35
2026/10/08 03:52:53.912, 0, 120 MHz, 3996 MHz, 186.41 W, 36
2026/10/08 03:52:53.912, 1, 120 MHz, 3996 MHz, 189.08 W, 39
2026/10/08 03:52:53.912, 2, 2032 MHz, 3996 MHz, 512.52 W, 39
2026/10/08 03:52:53.912, 3, 2032 MHz, 3996 MHz, 486.47 W, 38
2026/10/08 03:52:53.912, 4, 2032 MHz, 3996 MHz, 982.00 W, 59
2026/10/08 03:52:53.912, 5, 2032 MHz, 3996 MHz, 944.64 W, 51
2026/10/08 03:52:53.912, 6, 1320 MHz, 3996 MHz, 1091.00 W, 55
2026/10/08 03:52:53.912, 7, 120 MHz, 3996 MHz, 188.06 W, 35
2026/10/08 03:52:54.912, 0, 120 MHz, 3996 MHz, 186.41 W, 36
2026/10/08 03:52:54.912, 1, 120 MHz, 3996 MHz, 188.77 W, 39
2026/10/08 03:52:54.912, 2, 2032 MHz, 3996 MHz, 529.54 W, 39
2026/10/08 03:52:54.912, 3, 2032 MHz, 3996 MHz, 475.65 W, 39
2026/10/08 03:52:54.912, 4, 2032 MHz, 3996 MHz, 984.24 W, 59
2026/10/08 03:52:54.912, 5, 2032 MHz, 3996 MHz, 945.41 W, 51
2026/10/08 03:52:54.912, 6, 1980 MHz, 3996 MHz, 1068.13 W, 50
2026/10/08 03:52:54.912, 7, 120 MHz, 3996 MHz, 188.08 W, 35
2026/10/08 03:52:55.912, 0, 120 MHz, 3996 MHz, 186.41 W, 36
2026/10/08 03:52:55.912, 1, 120 MHz, 3996 MHz, 188.91 W, 39
2026/10/08 03:52:55.912, 2, 2032 MHz, 3996 MHz, 533.58 W, 41
2026/10/08 03:52:55.912, 3, 2032 MHz, 3996 MHz, 500.77 W, 39
2026/10/08 03:52:55.912, 4, 1327 MHz, 3996 MHz, 1073.40 W, 66
2026/10/08 03:52:55.912, 5, 2032 MHz, 3996 MHz, 949.58 W, 52
2026/10/08 03:52:55.912, 6, 2032 MHz, 3996 MHz, 1088.98 W, 50
2026/10/08 03:52:55.912, 7, 120 MHz, 3996 MHz, 188.05 W, 35
2026/10/08 03:52:56.912, 0, 120 MHz, 3996 MHz, 186.41 W, 36
2026/10/08 03:52:56.912, 1, 120 MHz, 3996 MHz, 188.85 W, 39
2026/10/08 03:52:56.912, 2, 2032 MHz, 3996 MHz, 555.09 W, 41
2026/10/08 03:52:56.913, 3, 2032 MHz, 3996 MHz, 489.84 W, 38
2026/10/08 03:52:56.913, 4, 1320 MHz, 3996 MHz, 1087.10 W, 67
2026/10/08 03:52:56.913, 5, 2032 MHz, 3996 MHz, 950.59 W, 52
2026/10/08 03:52:56.913, 6, 2032 MHz, 3996 MHz, 1091.16 W, 51
2026/10/08 03:52:56.913, 7, 120 MHz, 3996 MHz, 188.03 W, 34
2026/10/08 03:52:57.913, 0, 120 MHz, 3996 MHz, 186.41 W, 36
2026/10/08 03:52:57.913, 1, 120 MHz, 3996 MHz, 188.95 W, 39
2026/10/08 03:52:57.913, 2, 2032 MHz, 3996 MHz, 496.17 W, 40
2026/10/08 03:52:57.913, 3, 2032 MHz, 3996 MHz, 482.71 W, 38
2026/10/08 03:52:57.913, 4, 2032 MHz, 3996 MHz, 1000.72 W, 60
2026/10/08 03:52:57.913, 5, 2032 MHz, 3996 MHz, 951.70 W, 53
2026/10/08 03:52:57.913, 6, 2032 MHz, 3996 MHz, 1091.02 W, 51
2026/10/08 03:52:57.913, 7, 120 MHz, 3996 MHz, 188.04 W, 34
2026/10/08 03:52:58.913, 0, 120 MHz, 3996 MHz, 186.41 W, 36
2026/10/08 03:52:58.913, 1, 120 MHz, 3996 MHz, 189.24 W, 39
2026/10/08 03:52:58.913, 2, 2032 MHz, 3996 MHz, 539.95 W, 39
2026/10/08 03:52:58.913, 3, 2032 MHz, 3996 MHz, 490.70 W, 39
2026/10/08 03:52:58.913, 4, 2032 MHz, 3996 MHz, 981.94 W, 60
2026/10/08 03:52:58.913, 5, 2032 MHz, 3996 MHz, 952.51 W, 53
2026/10/08 03:52:58.913, 6, 2032 MHz, 3996 MHz, 1090.96 W, 51
2026/10/08 03:52:58.913, 7, 120 MHz, 3996 MHz, 188.03 W, 34
2026/10/08 03:52:59.913, 0, 120 MHz, 3996 MHz, 186.41 W, 36
2026/10/08 03:52:59.913, 1, 120 MHz, 3996 MHz, 188.91 W, 39
2026/10/08 03:52:59.913, 2, 2032 MHz, 3996 MHz, 539.92 W, 41
2026/10/08 03:52:59.913, 3, 2032 MHz, 3996 MHz, 493.35 W, 39
2026/10/08 03:52:59.913, 4, 2032 MHz, 3996 MHz, 986.70 W, 60
2026/10/08 03:52:59.913, 5, 2032 MHz, 3996 MHz, 954.54 W, 53
2026/10/08 03:52:59.913, 6, 2032 MHz, 3996 MHz, 1089.75 W, 52
2026/10/08 03:52:59.913, 7, 120 MHz, 3996 MHz, 188.04 W, 34
2026/10/08 03:53:00.913, 0, 120 MHz, 3996 MHz, 186.41 W, 36
2026/10/08 03:53:00.913, 1, 120 MHz, 3996 MHz, 189.04 W, 39
2026/10/08 03:53:00.913, 2, 2032 MHz, 3996 MHz, 561.28 W, 41
2026/10/08 03:53:00.913, 3, 2032 MHz, 3996 MHz, 471.88 W, 38
2026/10/08 03:53:00.913, 4, 2032 MHz, 3996 MHz, 984.45 W, 60
2026/10/08 03:53:00.913, 5, 2032 MHz, 3996 MHz, 961.94 W, 59
2026/10/08 03:53:00.913, 6, 2032 MHz, 3996 MHz, 1093.07 W, 52
2026/10/08 03:53:00.913, 7, 120 MHz, 3996 MHz, 188.04 W, 33
2026/10/08 03:53:01.914, 0, 120 MHz, 3996 MHz, 186.41 W, 36
2026/10/08 03:53:01.914, 1, 120 MHz, 3996 MHz, 189.08 W, 39
2026/10/08 03:53:01.914, 2, 2032 MHz, 3996 MHz, 563.19 W, 40
2026/10/08 03:53:01.914, 3, 2032 MHz, 3996 MHz, 497.01 W, 38
2026/10/08 03:53:01.914, 4, 2032 MHz, 3996 MHz, 987.59 W, 61
2026/10/08 03:53:01.914, 5, 1350 MHz, 3996 MHz, 1108.28 W, 62
2026/10/08 03:53:01.914, 6, 2032 MHz, 3996 MHz, 1094.72 W, 52
2026/10/08 03:53:01.914, 7, 120 MHz, 3996 MHz, 188.04 W, 33
2026/10/08 03:53:02.914, 0, 120 MHz, 3996 MHz, 186.41 W, 36
2026/10/08 03:53:02.914, 1, 120 MHz, 3996 MHz, 188.87 W, 39
2026/10/08 03:53:02.914, 2, 2032 MHz, 3996 MHz, 573.38 W, 41
2026/10/08 03:53:02.914, 3, 2032 MHz, 3996 MHz, 473.89 W, 39
2026/10/08 03:53:02.914, 4, 2032 MHz, 3996 MHz, 988.79 W, 61
2026/10/08 03:53:02.914, 5, 1350 MHz, 3996 MHz, 1089.33 W, 62
2026/10/08 03:53:02.914, 6, 2032 MHz, 3996 MHz, 1094.79 W, 53
2026/10/08 03:53:02.914, 7, 120 MHz, 3996 MHz, 188.00 W, 33
2026/10/08 03:53:03.914, 0, 120 MHz, 3996 MHz, 186.41 W, 36
2026/10/08 03:53:03.914, 1, 120 MHz, 3996 MHz, 188.87 W, 39
2026/10/08 03:53:03.914, 2, 2032 MHz, 3996 MHz, 556.04 W, 40
2026/10/08 03:53:03.914, 3, 2032 MHz, 3996 MHz, 475.67 W, 38
2026/10/08 03:53:03.914, 4, 2032 MHz, 3996 MHz, 989.48 W, 61
2026/10/08 03:53:03.914, 5, 2032 MHz, 3996 MHz, 950.70 W, 55
2026/10/08 03:53:03.914, 6, 2032 MHz, 3996 MHz, 1094.06 W, 53
2026/10/08 03:53:03.914, 7, 120 MHz, 3996 MHz, 187.46 W, 33
2026/10/08 03:53:04.914, 0, 120 MHz, 3996 MHz, 186.41 W, 36
2026/10/08 03:53:04.914, 1, 120 MHz, 3996 MHz, 188.99 W, 39
2026/10/08 03:53:04.914, 2, 2032 MHz, 3996 MHz, 539.72 W, 41
2026/10/08 03:53:04.914, 3, 2032 MHz, 3996 MHz, 487.32 W, 39
2026/10/08 03:53:04.914, 4, 2032 MHz, 3996 MHz, 990.00 W, 61
2026/10/08 03:53:04.914, 5, 2032 MHz, 3996 MHz, 955.92 W, 55
2026/10/08 03:53:04.914, 6, 2032 MHz, 3996 MHz, 1094.40 W, 53
2026/10/08 03:53:04.914, 7, 120 MHz, 3996 MHz, 187.21 W, 33
2026/10/08 03:53:05.914, 0, 120 MHz, 3996 MHz, 186.41 W, 36
2026/10/08 03:53:05.914, 1, 120 MHz, 3996 MHz, 188.99 W, 39
2026/10/08 03:53:05.914, 2, 2032 MHz, 3996 MHz, 547.87 W, 40
2026/10/08 03:53:05.914, 3, 2032 MHz, 3996 MHz, 473.62 W, 39
2026/10/08 03:53:05.914, 4, 1297 MHz, 3996 MHz, 1049.33 W, 68
2026/10/08 03:53:05.914, 5, 2032 MHz, 3996 MHz, 961.02 W, 56
2026/10/08 03:53:05.914, 6, 2032 MHz, 3996 MHz, 1094.76 W, 53
2026/10/08 03:53:05.914, 7, 120 MHz, 3996 MHz, 186.73 W, 33
2026/10/08 03:53:06.915, 0, 120 MHz, 3996 MHz, 186.41 W, 36
2026/10/08 03:53:06.915, 1, 120 MHz, 3996 MHz, 188.81 W, 39
2026/10/08 03:53:06.915, 2, 2032 MHz, 3996 MHz, 553.65 W, 41
2026/10/08 03:53:06.915, 3, 2032 MHz, 3996 MHz, 458.17 W, 38
2026/10/08 03:53:06.915, 4, 1327 MHz, 3996 MHz, 1086.02 W, 68
2026/10/08 03:53:06.915, 5, 2032 MHz, 3996 MHz, 959.49 W, 56
2026/10/08 03:53:06.915, 6, 2032 MHz, 3996 MHz, 1095.22 W, 53
2026/10/08 03:53:06.915, 7, 120 MHz, 3996 MHz, 186.46 W, 32
2026/10/08 03:53:07.915, 0, 120 MHz, 3996 MHz, 186.41 W, 36
2026/10/08 03:53:07.915, 1, 120 MHz, 3996 MHz, 188.96 W, 39
2026/10/08 03:53:07.915, 2, 2032 MHz, 3996 MHz, 542.13 W, 40
2026/10/08 03:53:07.915, 3, 2032 MHz, 3996 MHz, 476.43 W, 39
2026/10/08 03:53:07.915, 4, 2032 MHz, 3996 MHz, 1041.40 W, 62
2026/10/08 03:53:07.915, 5, 2032 MHz, 3996 MHz, 965.35 W, 56
2026/10/08 03:53:07.915, 6, 2025 MHz, 3996 MHz, 1092.40 W, 54
2026/10/08 03:53:07.915, 7, 120 MHz, 3996 MHz, 186.51 W, 32
2026/10/08 03:53:08.915, 0, 120 MHz, 3996 MHz, 186.41 W, 36
2026/10/08 03:53:08.915, 1, 120 MHz, 3996 MHz, 188.95 W, 39
2026/10/08 03:53:08.915, 2, 2032 MHz, 3996 MHz, 567.23 W, 40
2026/10/08 03:53:08.915, 3, 2032 MHz, 3996 MHz, 482.90 W, 38
2026/10/08 03:53:08.915, 4, 2032 MHz, 3996 MHz, 986.39 W, 62
2026/10/08 03:53:08.915, 5, 2032 MHz, 3996 MHz, 966.25 W, 57
2026/10/08 03:53:08.915, 6, 2025 MHz, 3996 MHz, 1093.97 W, 54
2026/10/08 03:53:08.915, 7, 120 MHz, 3996 MHz, 186.24 W, 32
2026/10/08 03:53:09.915, 0, 120 MHz, 3996 MHz, 186.41 W, 36
2026/10/08 03:53:09.915, 1, 120 MHz, 3996 MHz, 188.87 W, 39
2026/10/08 03:53:09.915, 2, 2032 MHz, 3996 MHz, 534.24 W, 40
2026/10/08 03:53:09.915, 3, 2032 MHz, 3996 MHz, 494.16 W, 39
2026/10/08 03:53:09.915, 4, 2032 MHz, 3996 MHz, 987.69 W, 62
2026/10/08 03:53:09.915, 5, 2032 MHz, 3996 MHz, 969.04 W, 57
2026/10/08 03:53:09.915, 6, 2017 MHz, 3996 MHz, 1094.32 W, 54
2026/10/08 03:53:09.915, 7, 120 MHz, 3996 MHz, 186.16 W, 32
2026/10/08 03:53:10.915, 0, 120 MHz, 3996 MHz, 186.41 W, 36
2026/10/08 03:53:10.916, 1, 120 MHz, 3996 MHz, 189.00 W, 39
2026/10/08 03:53:10.916, 2, 2032 MHz, 3996 MHz, 527.34 W, 40
2026/10/08 03:53:10.916, 3, 2032 MHz, 3996 MHz, 460.24 W, 38
2026/10/08 03:53:10.916, 4, 2032 MHz, 3996 MHz, 989.22 W, 62
2026/10/08 03:53:10.916, 5, 2032 MHz, 3996 MHz, 972.27 W, 58
2026/10/08 03:53:10.916, 6, 2025 MHz, 3996 MHz, 1092.81 W, 54
2026/10/08 03:53:10.916, 7, 120 MHz, 3996 MHz, 186.12 W, 32
2026/10/08 03:53:11.916, 0, 120 MHz, 3996 MHz, 186.41 W, 36
2026/10/08 03:53:11.916, 1, 120 MHz, 3996 MHz, 188.89 W, 39
2026/10/08 03:53:11.916, 2, 2032 MHz, 3996 MHz, 562.22 W, 41
2026/10/08 03:53:11.916, 3, 2032 MHz, 3996 MHz, 500.77 W, 39
2026/10/08 03:53:11.916, 4, 2032 MHz, 3996 MHz, 992.38 W, 62
2026/10/08 03:53:11.916, 5, 1357 MHz, 3996 MHz, 1075.41 W, 65
2026/10/08 03:53:11.916, 6, 2025 MHz, 3996 MHz, 1092.81 W, 54
2026/10/08 03:53:11.916, 7, 120 MHz, 3996 MHz, 186.12 W, 32
2026/10/08 03:53:12.916, 0, 120 MHz, 3996 MHz, 186.41 W, 36
2026/10/08 03:53:12.916, 1, 120 MHz, 3996 MHz, 188.72 W, 39
2026/10/08 03:53:12.916, 2, 2032 MHz, 3996 MHz, 553.32 W, 41
2026/10/08 03:53:12.916, 3, 2032 MHz, 3996 MHz, 526.46 W, 40
2026/10/08 03:53:12.916, 4, 2032 MHz, 3996 MHz, 993.12 W, 62
2026/10/08 03:53:12.916, 5, 1357 MHz, 3996 MHz, 1084.24 W, 65
2026/10/08 03:53:12.916, 6, 2032 MHz, 3996 MHz, 1092.61 W, 54
2026/10/08 03:53:12.916, 7, 120 MHz, 3996 MHz, 186.12 W, 32
2026/10/08 03:53:13.916, 0, 120 MHz, 3996 MHz, 186.41 W, 36
2026/10/08 03:53:13.916, 1, 120 MHz, 3996 MHz, 188.92 W, 39
2026/10/08 03:53:13.916, 2, 2032 MHz, 3996 MHz, 522.47 W, 41
2026/10/08 03:53:13.916, 3, 2032 MHz, 3996 MHz, 477.02 W, 39
2026/10/08 03:53:13.916, 4, 2032 MHz, 3996 MHz, 992.61 W, 62
2026/10/08 03:53:13.916, 5, 2032 MHz, 3996 MHz, 989.49 W, 59
2026/10/08 03:53:13.916, 6, 2025 MHz, 3996 MHz, 1093.04 W, 55
2026/10/08 03:53:13.916, 7, 120 MHz, 3996 MHz, 186.12 W, 31
2026/10/08 03:53:14.916, 0, 120 MHz, 3996 MHz, 186.41 W, 36
2026/10/08 03:53:14.916, 1, 120 MHz, 3996 MHz, 188.65 W, 39
2026/10/08 03:53:14.916, 2, 2032 MHz, 3996 MHz, 534.94 W, 40
2026/10/08 03:53:14.916, 3, 2032 MHz, 3996 MHz, 472.66 W, 39
2026/10/08 03:53:14.916, 4, 2032 MHz, 3996 MHz, 993.63 W, 62
2026/10/08 03:53:14.916, 5, 2032 MHz, 3996 MHz, 961.64 W, 59
2026/10/08 03:53:14.916, 6, 2025 MHz, 3996 MHz, 1092.53 W, 55
2026/10/08 03:53:14.916, 7, 120 MHz, 3996 MHz, 186.13 W, 31
2026/10/08 03:53:15.917, 0, 120 MHz, 3996 MHz, 186.41 W, 36
2026/10/08 03:53:15.917, 1, 120 MHz, 3996 MHz, 188.65 W, 39
2026/10/08 03:53:15.917, 2, 2032 MHz, 3996 MHz, 548.21 W, 40
2026/10/08 03:53:15.917, 3, 2032 MHz, 3996 MHz, 456.61 W, 39
2026/10/08 03:53:15.917, 4, 1515 MHz, 3996 MHz, 1016.70 W, 63
2026/10/08 03:53:15.917, 5, 2032 MHz, 3996 MHz, 968.47 W, 59
2026/10/08 03:53:15.917, 6, 2017 MHz, 3996 MHz, 1091.64 W, 55
2026/10/08 03:53:15.917, 7, 120 MHz, 3996 MHz, 186.12 W, 31
2026/10/08 03:53:16.917, 0, 120 MHz, 3996 MHz, 186.41 W, 36
2026/10/08 03:53:16.917, 1, 120 MHz, 3996 MHz, 189.14 W, 39
2026/10/08 03:53:16.917, 2, 2032 MHz, 3996 MHz, 563.59 W, 40
2026/10/08 03:53:16.917, 3, 2032 MHz, 3996 MHz, 485.02 W, 39
2026/10/08 03:53:16.917, 4, 1312 MHz, 3996 MHz, 1094.73 W, 70
2026/10/08 03:53:16.917, 5, 2032 MHz, 3996 MHz, 972.53 W, 59
2026/10/08 03:53:16.917, 6, 2017 MHz, 3996 MHz, 1092.64 W, 55
2026/10/08 03:53:16.917, 7, 120 MHz, 3996 MHz, 186.12 W, 31
2026/10/08 03:53:17.917, 0, 120 MHz, 3996 MHz, 186.41 W, 36
2026/10/08 03:53:17.917, 1, 120 MHz, 3996 MHz, 188.91 W, 39
2026/10/08 03:53:17.917, 2, 2032 MHz, 3996 MHz, 553.68 W, 41
2026/10/08 03:53:17.917, 3, 2032 MHz, 3996 MHz, 459.26 W, 38
2026/10/08 03:53:17.917, 4, 1320 MHz, 3996 MHz, 1085.05 W, 70
2026/10/08 03:53:17.917, 5, 2032 MHz, 3996 MHz, 966.73 W, 60
2026/10/08 03:53:17.917, 6, 2025 MHz, 3996 MHz, 1092.08 W, 55
2026/10/08 03:53:17.917, 7, 120 MHz, 3996 MHz, 186.13 W, 31
2026/10/08 03:53:18.917, 0, 120 MHz, 3996 MHz, 186.41 W, 36
2026/10/08 03:53:18.917, 1, 120 MHz, 3996 MHz, 188.96 W, 39
2026/10/08 03:53:18.917, 2, 2032 MHz, 3996 MHz, 549.73 W, 40
2026/10/08 03:53:18.917, 3, 2032 MHz, 3996 MHz, 480.17 W, 38
2026/10/08 03:53:18.917, 4, 2032 MHz, 3996 MHz, 986.32 W, 63
2026/10/08 03:53:18.917, 5, 2032 MHz, 3996 MHz, 968.23 W, 60
2026/10/08 03:53:18.917, 6, 2017 MHz, 3996 MHz, 1092.42 W, 55
2026/10/08 03:53:18.917, 7, 120 MHz, 3996 MHz, 186.12 W, 31
2026/10/08 03:53:19.918, 0, 120 MHz, 3996 MHz, 186.41 W, 36
2026/10/08 03:53:19.918, 1, 120 MHz, 3996 MHz, 188.68 W, 39
2026/10/08 03:53:19.918, 2, 2032 MHz, 3996 MHz, 558.25 W, 41
2026/10/08 03:53:19.918, 3, 2032 MHz, 3996 MHz, 469.88 W, 38
2026/10/08 03:53:19.918, 4, 2032 MHz, 3996 MHz, 990.61 W, 63
2026/10/08 03:53:19.918, 5, 2032 MHz, 3996 MHz, 971.47 W, 60
2026/10/08 03:53:19.918, 6, 2032 MHz, 3996 MHz, 1074.88 W, 55
2026/10/08 03:53:19.918, 7, 120 MHz, 3996 MHz, 186.16 W, 31
2026/10/08 03:53:20.918, 0, 120 MHz, 3996 MHz, 186.41 W, 36
2026/10/08 03:53:20.918, 1, 120 MHz, 3996 MHz, 189.03 W, 39
2026/10/08 03:53:20.918, 2, 2032 MHz, 3996 MHz, 520.59 W, 41
2026/10/08 03:53:20.918, 3, 2032 MHz, 3996 MHz, 450.30 W, 39
2026/10/08 03:53:20.918, 4, 2032 MHz, 3996 MHz, 997.34 W, 63
2026/10/08 03:53:20.918, 5, 2032 MHz, 3996 MHz, 976.41 W, 60
2026/10/08 03:53:20.918, 6, 2032 MHz, 3996 MHz, 364.94 W, 44
2026/10/08 03:53:20.918, 7, 120 MHz, 3996 MHz, 186.72 W, 31
2026/10/08 03:53:21.918, 0, 120 MHz, 3996 MHz, 186.41 W, 36
2026/10/08 03:53:21.918, 1, 120 MHz, 3996 MHz, 189.62 W, 39
2026/10/08 03:53:21.918, 2, 2032 MHz, 3996 MHz, 544.24 W, 41
2026/10/08 03:53:21.918, 3, 2032 MHz, 3996 MHz, 489.45 W, 39
2026/10/08 03:53:21.918, 4, 2032 MHz, 3996 MHz, 994.66 W, 63
2026/10/08 03:53:21.918, 5, 1320 MHz, 3996 MHz, 1037.44 W, 67
2026/10/08 03:53:21.918, 6, 2032 MHz, 3996 MHz, 269.51 W, 42
2026/10/08 03:53:21.918, 7, 120 MHz, 3996 MHz, 186.91 W, 31
2026/10/08 03:53:22.918, 0, 120 MHz, 3996 MHz, 186.41 W, 36
2026/10/08 03:53:22.918, 1, 120 MHz, 3996 MHz, 189.62 W, 39
2026/10/08 03:53:22.918, 2, 2032 MHz, 3996 MHz, 553.28 W, 41
2026/10/08 03:53:22.918, 3, 2032 MHz, 3996 MHz, 464.86 W, 39
2026/10/08 03:53:22.918, 4, 2032 MHz, 3996 MHz, 993.33 W, 63
2026/10/08 03:53:22.918, 5, 1350 MHz, 3996 MHz, 1081.24 W, 68
2026/10/08 03:53:22.918, 6, 2032 MHz, 3996 MHz, 256.20 W, 41
2026/10/08 03:53:22.918, 7, 120 MHz, 3996 MHz, 186.68 W, 31
2026/10/08 03:53:23.919, 0, 120 MHz, 3996 MHz, 186.41 W, 36
2026/10/08 03:53:23.919, 1, 120 MHz, 3996 MHz, 189.55 W, 39
2026/10/08 03:53:23.919, 2, 2032 MHz, 3996 MHz, 538.23 W, 40
2026/10/08 03:53:23.919, 3, 2032 MHz, 3996 MHz, 474.02 W, 37
2026/10/08 03:53:23.919, 4, 2032 MHz, 3996 MHz, 996.49 W, 63
2026/10/08 03:53:23.919, 5, 2032 MHz, 3996 MHz, 1028.71 W, 62
2026/10/08 03:53:23.919, 6, 2032 MHz, 3996 MHz, 254.66 W, 41
2026/10/08 03:53:23.919, 7, 120 MHz, 3996 MHz, 186.48 W, 30
2026/10/08 03:53:24.919, 0, 120 MHz, 3996 MHz, 186.41 W, 36
2026/10/08 03:53:24.919, 1, 120 MHz, 3996 MHz, 189.56 W, 39
2026/10/08 03:53:24.919, 2, 2032 MHz, 3996 MHz, 549.50 W, 40
2026/10/08 03:53:24.919, 3, 2032 MHz, 3996 MHz, 480.89 W, 38
2026/10/08 03:53:24.919, 4, 2032 MHz, 3996 MHz, 995.89 W, 63
2026/10/08 03:53:24.919, 5, 2032 MHz, 3996 MHz, 969.34 W, 61
2026/10/08 03:53:24.919, 6, 2032 MHz, 3996 MHz, 254.59 W, 40
2026/10/08 03:53:24.919, 7, 120 MHz, 3996 MHz, 186.52 W, 30
2026/10/08 03:53:25.919, 0, 120 MHz, 3996 MHz, 186.41 W, 36
2026/10/08 03:53:25.919, 1, 120 MHz, 3996 MHz, 189.58 W, 39
2026/10/08 03:53:25.919, 2, 2032 MHz, 3996 MHz, 546.07 W, 40
2026/10/08 03:53:25.919, 3, 2032 MHz, 3996 MHz, 519.49 W, 39
2026/10/08 03:53:25.919, 4, 2032 MHz, 3996 MHz, 995.69 W, 63
2026/10/08 03:53:25.919, 5, 2032 MHz, 3996 MHz, 970.42 W, 61
2026/10/08 03:53:25.919, 6, 2032 MHz, 3996 MHz, 254.60 W, 40
2026/10/08 03:53:25.919, 7, 120 MHz, 3996 MHz, 186.41 W, 30
2026/10/08 03:53:26.919, 0, 120 MHz, 3996 MHz, 186.41 W, 36
2026/10/08 03:53:26.919, 1, 120 MHz, 3996 MHz, 189.94 W, 39
2026/10/08 03:53:26.919, 2, 2032 MHz, 3996 MHz, 548.63 W, 40
2026/10/08 03:53:26.919, 3, 2032 MHz, 3996 MHz, 480.58 W, 38
2026/10/08 03:53:26.919, 4, 1320 MHz, 3996 MHz, 1073.78 W, 70
2026/10/08 03:53:26.919, 5, 2032 MHz, 3996 MHz, 972.53 W, 62
2026/10/08 03:53:26.919, 6, 2032 MHz, 3996 MHz, 254.40 W, 39
2026/10/08 03:53:26.919, 7, 120 MHz, 3996 MHz, 186.41 W, 30
