timestamp, index, clocks.current.sm [MHz], clocks.current.memory [MHz], power.draw [W], temperature.gpu
2026/10/08 02:03:58.787, 0, 120 MHz, 3996 MHz, 186.41 W, 34
2026/10/08 02:03:58.790, 1, 120 MHz, 3996 MHz, 188.23 W, 37
2026/10/08 02:03:58.792, 2, 120 MHz, 3996 MHz, 184.01 W, 30
2026/10/08 02:03:58.793, 3, 120 MHz, 3996 MHz, 182.14 W, 30
2026/10/08 02:03:58.795, 4, 120 MHz, 3996 MHz, 184.47 W, 37
2026/10/08 02:03:58.797, 5, 120 MHz, 3996 MHz, 184.56 W, 35
2026/10/08 02:03:58.798, 6, 120 MHz, 3996 MHz, 186.78 W, 30
2026/10/08 02:03:58.800, 7, 120 MHz, 3996 MHz, 186.53 W, 29
2026/10/08 02:03:58.901, 0, 120 MHz, 3996 MHz, 186.41 W, 34
2026/10/08 02:03:58.901, 1, 120 MHz, 3996 MHz, 188.23 W, 37
2026/10/08 02:03:58.901, 2, 120 MHz, 3996 MHz, 184.01 W, 30
2026/10/08 02:03:58.901, 3, 120 MHz, 3996 MHz, 182.14 W, 30
2026/10/08 02:03:58.901, 4, 120 MHz, 3996 MHz, 184.47 W, 37
2026/10/08 02:03:58.901, 5, 120 MHz, 3996 MHz, 184.52 W, 35
2026/10/08 02:03:58.901, 6, 120 MHz, 3996 MHz, 186.78 W, 30
2026/10/08 02:03:58.902, 7, 120 MHz, 3996 MHz, 186.53 W, 29
2026/10/08 02:03:59.002, 0, 120 MHz, 3996 MHz, 186.41 W, 34
2026/10/08 02:03:59.002, 1, 120 MHz, 3996 MHz, 188.23 W, 37
2026/10/08 02:03:59.002, 2, 120 MHz, 3996 MHz, 184.01 W, 30
2026/10/08 02:03:59.002, 3, 120 MHz, 3996 MHz, 182.15 W, 30
2026/10/08 02:03:59.002, 4, 120 MHz, 3996 MHz, 184.47 W, 37
2026/10/08 02:03:59.002, 5, 120 MHz, 3996 MHz, 184.52 W, 35
2026/10/08 02:03:59.002, 6, 120 MHz, 3996 MHz, 186.78 W, 30
2026/10/08 02:03:59.002, 7, 120 MHz, 3996 MHz, 186.53 W, 29
2026/10/08 02:03:59.102, 0, 120 MHz, 3996 MHz, 186.41 W, 34
2026/10/08 02:03:59.102, 1, 120 MHz, 3996 MHz, 188.23 W, 37
2026/10/08 02:03:59.102, 2, 120 MHz, 3996 MHz, 184.01 W, 30
2026/10/08 02:03:59.102, 3, 120 MHz, 3996 MHz, 182.15 W, 30
2026/10/08 02:03:59.102, 4, 120 MHz, 3996 MHz, 184.47 W, 37
2026/10/08 02:03:59.102, 5, 120 MHz, 3996 MHz, 184.52 W, 35
2026/10/08 02:03:59.102, 6, 120 MHz, 3996 MHz, 186.78 W, 30
2026/10/08 02:03:59.102, 7, 120 MHz, 3996 MHz, 186.53 W, 29
2026/10/08 02:03:59.202, 0, 120 MHz, 3996 MHz, 186.41 W, 34
2026/10/08 02:03:59.202, 1, 120 MHz, 3996 MHz, 188.23 W, 37
2026/10/08 02:03:59.202, 2, 120 MHz, 3996 MHz, 184.01 W, 30
2026/10/08 02:03:59.202, 3, 120 MHz, 3996 MHz, 182.15 W, 30
2026/10/08 02:03:59.202, 4, 120 MHz, 3996 MHz, 184.47 W, 37
2026/10/08 02:03:59.202, 5, 120 MHz, 3996 MHz, 184.49 W, 35
2026/10/08 02:03:59.202, 6, 120 MHz, 3996 MHz, 186.78 W, 30
2026/10/08 02:03:59.202, 7, 120 MHz, 3996 MHz, 186.53 W, 29
2026/10/08 02:03:59.302, 0, 120 MHz, 3996 MHz, 186.41 W, 34
2026/10/08 02:03:59.303, 1, 120 MHz, 3996 MHz, 188.23 W, 37
2026/10/08 02:03:59.303, 2, 120 MHz, 3996 MHz, 184.01 W, 30
2026/10/08 02:03:59.303, 3, 120 MHz, 3996 MHz, 182.15 W, 30
2026/10/08 02:03:59.303, 4, 120 MHz, 3996 MHz, 184.47 W, 37
2026/10/08 02:03:59.303, 5, 120 MHz, 3996 MHz, 184.49 W, 35
2026/10/08 02:03:59.303, 6, 120 MHz, 3996 MHz, 186.78 W, 30
2026/10/08 02:03:59.303, 7, 120 MHz, 3996 MHz, 186.53 W, 29
2026/10/08 02:03:59.403, 0, 120 MHz, 3996 MHz, 186.41 W, 34
2026/10/08 02:03:59.403, 1, 120 MHz, 3996 MHz, 188.23 W, 37
2026/10/08 02:03:59.403, 2, 120 MHz, 3996 MHz, 184.01 W, 30
2026/10/08 02:03:59.403, 3, 120 MHz, 3996 MHz, 182.15 W, 30
2026/10/08 02:03:59.403, 4, 120 MHz, 3996 MHz, 184.47 W, 37
2026/10/08 02:03:59.403, 5, 120 MHz, 3996 MHz, 184.49 W, 35
2026/10/08 02:03:59.403, 6, 120 MHz, 3996 MHz, 186.78 W, 30
2026/10/08 02:03:59.403, 7, 120 MHz, 3996 MHz, 186.53 W, 29
2026/10/08 02:03:59.503, 0, 120 MHz, 3996 MHz, 186.41 W, 34
2026/10/08 02:03:59.503, 1, 120 MHz, 3996 MHz, 188.23 W, 37
2026/10/08 02:03:59.503, 2, 120 MHz, 3996 MHz, 184.05 W, 30
2026/10/08 02:03:59.503, 3, 120 MHz, 3996 MHz, 182.15 W, 30
2026/10/08 02:03:59.503, 4, 120 MHz, 3996 MHz, 184.47 W, 37
2026/10/08 02:03:59.503, 5, 120 MHz, 3996 MHz, 184.50 W, 35
2026/10/08 02:03:59.503, 6, 120 MHz, 3996 MHz, 186.78 W, 30
2026/10/08 02:03:59.503, 7, 120 MHz, 3996 MHz, 186.53 W, 29
2026/10/08 02:03:59.603, 0, 120 MHz, 3996 MHz, 186.41 W, 34
2026/10/08 02:03:59.603, 1, 120 MHz, 3996 MHz, 188.23 W, 37
2026/10/08 02:03:59.603, 2, 120 MHz, 3996 MHz, 184.05 W, 30
2026/10/08 02:03:59.603, 3, 120 MHz, 3996 MHz, 182.16 W, 30
2026/10/08 02:03:59.603, 4, 120 MHz, 3996 MHz, 184.47 W, 37
2026/10/08 02:03:59.603, 5, 120 MHz, 3996 MHz, 184.50 W, 35
2026/10/08 02:03:59.603, 6, 120 MHz, 3996 MHz, 186.78 W, 30
2026/10/08 02:03:59.603, 7, 120 MHz, 3996 MHz, 186.53 W, 29
2026/10/08 02:03:59.704, 0, 120 MHz, 3996 MHz, 186.41 W, 34
2026/10/08 02:03:59.704, 1, 120 MHz, 3996 MHz, 188.23 W, 37
2026/10/08 02:03:59.704, 2, 120 MHz, 3996 MHz, 184.09 W, 30
2026/10/08 02:03:59.704, 3, 120 MHz, 3996 MHz, 182.16 W, 30
2026/10/08 02:03:59.704, 4, 120 MHz, 3996 MHz, 184.47 W, 37
2026/10/08 02:03:59.704, 5, 120 MHz, 3996 MHz, 184.50 W, 35
2026/10/08 02:03:59.704, 6, 120 MHz, 3996 MHz, 186.78 W, 30
2026/10/08 02:03:59.704, 7, 120 MHz, 3996 MHz, 186.53 W, 29
2026/10/08 02:03:59.804, 0, 120 MHz, 3996 MHz, 186.41 W, 34
2026/10/08 02:03:59.804, 1, 120 MHz, 3996 MHz, 188.23 W, 37
2026/10/08 02:03:59.804, 2, 120 MHz, 3996 MHz, 184.09 W, 30
2026/10/08 02:03:59.804, 3, 120 MHz, 3996 MHz, 182.16 W, 30
2026/10/08 02:03:59.804, 4, 120 MHz, 3996 MHz, 184.47 W, 37
2026/10/08 02:03:59.804, 5, 120 MHz, 3996 MHz, 184.46 W, 35
2026/10/08 02:03:59.804, 6, 120 MHz, 3996 MHz, 186.78 W, 30
2026/10/08 02:03:59.804, 7, 120 MHz, 3996 MHz, 186.53 W, 29
2026/10/08 02:03:59.904, 0, 120 MHz, 3996 MHz, 186.41 W, 34
2026/10/08 02:03:59.904, 1, 120 MHz, 3996 MHz, 188.23 W, 37
2026/10/08 02:03:59.904, 2, 120 MHz, 3996 MHz, 184.09 W, 30
2026/10/08 02:03:59.904, 3, 120 MHz, 3996 MHz, 182.16 W, 30
2026/10/08 02:03:59.904, 4, 120 MHz, 3996 MHz, 184.47 W, 37
2026/10/08 02:03:59.904, 5, 120 MHz, 3996 MHz, 184.50 W, 35
2026/10/08 02:03:59.904, 6, 120 MHz, 3996 MHz, 186.78 W, 30
2026/10/08 02:03:59.904, 7, 120 MHz, 3996 MHz, 186.53 W, 29
2026/10/08 02:04:00.004, 0, 120 MHz, 3996 MHz, 186.41 W, 34
2026/10/08 02:04:00.004, 1, 120 MHz, 3996 MHz, 188.23 W, 37
2026/10/08 02:04:00.004, 2, 120 MHz, 3996 MHz, 184.09 W, 30
2026/10/08 02:04:00.004, 3, 120 MHz, 3996 MHz, 182.16 W, 30
2026/10/08 02:04:00.004, 4, 120 MHz, 3996 MHz, 184.47 W, 37
2026/10/08 02:04:00.004, 5, 120 MHz, 3996 MHz, 184.50 W, 35
2026/10/08 02:04:00.004, 6, 120 MHz, 3996 MHz, 186.78 W, 30
2026/10/08 02:04:00.004, 7, 120 MHz, 3996 MHz, 186.53 W, 29
2026/10/08 02:04:00.105, 0, 120 MHz, 3996 MHz, 186.41 W, 34
2026/10/08 02:04:00.105, 1, 120 MHz, 3996 MHz, 188.23 W, 37
2026/10/08 02:04:00.105, 2, 120 MHz, 3996 MHz, 184.09 W, 30
2026/10/08 02:04:00.105, 3, 120 MHz, 3996 MHz, 182.16 W, 30
2026/10/08 02:04:00.105, 4, 120 MHz, 3996 MHz, 184.47 W, 37
2026/10/08 02:04:00.105, 5, 120 MHz, 3996 MHz, 184.50 W, 35
2026/10/08 02:04:00.105, 6, 120 MHz, 3996 MHz, 186.78 W, 30
2026/10/08 02:04:00.105, 7, 120 MHz, 3996 MHz, 186.53 W, 29
2026/10/08 02:04:00.205, 0, 120 MHz, 3996 MHz, 186.41 W, 34
2026/10/08 02:04:00.205, 1, 120 MHz, 3996 MHz, 188.23 W, 37
2026/10/08 02:04:00.205, 2, 120 MHz, 3996 MHz, 184.09 W, 30
2026/10/08 02:04:00.205, 3, 120 MHz, 3996 MHz, 182.20 W, 30
2026/10/08 02:04:00.205, 4, 120 MHz, 3996 MHz, 184.47 W, 37
2026/10/08 02:04:00.205, 5, 120 MHz, 3996 MHz, 184.54 W, 35
2026/10/08 02:04:00.205, 6, 120 MHz, 3996 MHz, 186.78 W, 30
2026/10/08 02:04:00.205, 7, 120 MHz, 3996 MHz, 186.53 W, 29
2026/10/08 02:04:00.305, 0, 120 MHz, 3996 MHz, 186.41 W, 34
2026/10/08 02:04:00.305, 1, 120 MHz, 3996 MHz, 188.23 W, 37
2026/10/08 02:04:00.305, 2, 120 MHz, 3996 MHz, 184.09 W, 30
2026/10/08 02:04:00.305, 3, 120 MHz, 3996 MHz, 182.20 W, 30
2026/10/08 02:04:00.305, 4, 120 MHz, 3996 MHz, 184.47 W, 37
2026/10/08 02:04:00.305, 5, 120 MHz, 3996 MHz, 184.54 W, 35
2026/10/08 02:04:00.305, 6, 120 MHz, 3996 MHz, 186.78 W, 30
2026/10/08 02:04:00.305, 7, 120 MHz, 3996 MHz, 186.53 W, 29
2026/10/08 02:04:00.405, 0, 120 MHz, 3996 MHz, 186.41 W, 34
2026/10/08 02:04:00.405, 1, 120 MHz, 3996 MHz, 188.23 W, 37
2026/10/08 02:04:00.405, 2, 120 MHz, 3996 MHz, 184.09 W, 30
2026/10/08 02:04:00.405, 3, 120 MHz, 3996 MHz, 182.20 W, 30
2026/10/08 02:04:00.405, 4, 120 MHz, 3996 MHz, 184.47 W, 37
2026/10/08 02:04:00.405, 5, 120 MHz, 3996 MHz, 184.54 W, 35
2026/10/08 02:04:00.405, 6, 120 MHz, 3996 MHz, 186.78 W, 30
2026/10/08 02:04:00.405, 7, 120 MHz, 3996 MHz, 186.53 W, 29
2026/10/08 02:04:00.506, 0, 120 MHz, 3996 MHz, 186.41 W, 34
2026/10/08 02:04:00.506, 1, 120 MHz, 3996 MHz, 188.23 W, 37
2026/10/08 02:04:00.506, 2, 120 MHz, 3996 MHz, 184.09 W, 30
2026/10/08 02:04:00.506, 3, 120 MHz, 3996 MHz, 182.20 W, 30
2026/10/08 02:04:00.506, 4, 120 MHz, 3996 MHz, 184.47 W, 37
2026/10/08 02:04:00.506, 5, 120 MHz, 3996 MHz, 184.54 W, 35
2026/10/08 02:04:00.506, 6, 120 MHz, 3996 MHz, 186.78 W, 30
2026/10/08 02:04:00.506, 7, 120 MHz, 3996 MHz, 186.53 W, 29
2026/10/08 02:04:00.606, 0, 120 MHz, 3996 MHz, 186.41 W, 34
2026/10/08 02:04:00.606, 1, 120 MHz, 3996 MHz, 188.23 W, 37
2026/10/08 02:04:00.606, 2, 120 MHz, 3996 MHz, 184.09 W, 30
2026/10/08 02:04:00.606, 3, 120 MHz, 3996 MHz, 182.19 W, 30
2026/10/08 02:04:00.606, 4, 120 MHz, 3996 MHz, 184.47 W, 37
2026/10/08 02:04:00.606, 5, 120 MHz, 3996 MHz, 184.53 W, 35
2026/10/08 02:04:00.606, 6, 120 MHz, 3996 MHz, 186.78 W, 30
2026/10/08 02:04:00.606, 7, 120 MHz, 3996 MHz, 186.53 W, 29
2026/10/08 02:04:00.706, 0, 120 MHz, 3996 MHz, 186.41 W, 34
2026/10/08 02:04:00.706, 1, 120 MHz, 3996 MHz, 188.23 W, 37
2026/10/08 02:04:00.706, 2, 120 MHz, 3996 MHz, 184.09 W, 30
2026/10/08 02:04:00.706, 3, 120 MHz, 3996 MHz, 182.19 W, 30
2026/10/08 02:04:00.706, 4, 120 MHz, 3996 MHz, 184.47 W, 37
2026/10/08 02:04:00.706, 5, 120 MHz, 3996 MHz, 184.53 W, 35
2026/10/08 02:04:00.706, 6, 120 MHz, 3996 MHz, 186.78 W, 30
2026/10/08 02:04:00.706, 7, 120 MHz, 3996 MHz, 186.53 W, 28
2026/10/08 02:04:00.806, 0, 120 MHz, 3996 MHz, 186.41 W, 34
2026/10/08 02:04:00.806, 1, 120 MHz, 3996 MHz, 188.23 W, 37
2026/10/08 02:04:00.806, 2, 120 MHz, 3996 MHz, 184.09 W, 30
2026/10/08 02:04:00.806, 3, 120 MHz, 3996 MHz, 182.20 W, 30
2026/10/08 02:04:00.806, 4, 120 MHz, 3996 MHz, 184.47 W, 37
2026/10/08 02:04:00.806, 5, 120 MHz, 3996 MHz, 184.57 W, 35
2026/10/08 02:04:00.806, 6, 120 MHz, 3996 MHz, 186.78 W, 30
2026/10/08 02:04:00.806, 7, 120 MHz, 3996 MHz, 186.53 W, 29
2026/10/08 02:04:00.907, 0, 120 MHz, 3996 MHz, 186.41 W, 34
2026/10/08 02:04:00.907, 1, 120 MHz, 3996 MHz, 188.23 W, 37
2026/10/08 02:04:00.907, 2, 120 MHz, 3996 MHz, 184.09 W, 30
2026/10/08 02:04:00.907, 3, 120 MHz, 3996 MHz, 182.19 W, 30
2026/10/08 02:04:00.907, 4, 120 MHz, 3996 MHz, 184.47 W, 37
2026/10/08 02:04:00.907, 5, 120 MHz, 3996 MHz, 184.57 W, 35
2026/10/08 02:04:00.907, 6, 120 MHz, 3996 MHz, 186.78 W, 30
2026/10/08 02:04:00.907, 7, 120 MHz, 3996 MHz, 186.53 W, 29
2026/10/08 02:04:01.007, 0, 120 MHz, 3996 MHz, 186.41 W, 34
2026/10/08 02:04:01.007, 1, 120 MHz, 3996 MHz, 188.23 W, 37
2026/10/08 02:04:01.007, 2, 120 MHz, 3996 MHz, 184.09 W, 30
2026/10/08 02:04:01.007, 3, 120 MHz, 3996 MHz, 182.19 W, 30
2026/10/08 02:04:01.007, 4, 120 MHz, 3996 MHz, 184.48 W, 37
2026/10/08 02:04:01.007, 5, 120 MHz, 3996 MHz, 184.57 W, 35
2026/10/08 02:04:01.007, 6, 120 MHz, 3996 MHz, 186.78 W, 30
2026/10/08 02:04:01.007, 7, 120 MHz, 3996 MHz, 186.53 W, 29
2026/10/08 02:04:01.107, 0, 120 MHz, 3996 MHz, 186.41 W, 34
2026/10/08 02:04:01.107, 1, 120 MHz, 3996 MHz, 188.23 W, 37
2026/10/08 02:04:01.107, 2, 120 MHz, 3996 MHz, 184.09 W, 30
2026/10/08 02:04:01.107, 3, 120 MHz, 3996 MHz, 182.20 W, 30
2026/10/08 02:04:01.107, 4, 120 MHz, 3996 MHz, 184.48 W, 37
2026/10/08 02:04:01.107, 5, 120 MHz, 3996 MHz, 184.57 W, 35
2026/10/08 02:04:01.107, 6, 120 MHz, 3996 MHz, 186.78 W, 30
2026/10/08 02:04:01.107, 7, 120 MHz, 3996 MHz, 186.53 W, 28
2026/10/08 02:04:01.207, 0, 120 MHz, 3996 MHz, 186.41 W, 34
2026/10/08 02:04:01.207, 1, 120 MHz, 3996 MHz, 188.23 W, 37
2026/10/08 02:04:01.207, 2, 120 MHz, 3996 MHz, 184.09 W, 30
2026/10/08 02:04:01.207, 3, 120 MHz, 3996 MHz, 182.16 W, 30
2026/10/08 02:04:01.207, 4, 120 MHz, 3996 MHz, 184.48 W, 37
2026/10/08 02:04:01.207, 5, 120 MHz, 3996 MHz, 184.56 W, 35
2026/10/08 02:04:01.207, 6, 120 MHz, 3996 MHz, 186.78 W, 30
2026/10/08 02:04:01.207, 7, 120 MHz, 3996 MHz, 186.53 W, 28
2026/10/08 02:04:01.308, 0, 120 MHz, 3996 MHz, 186.41 W, 34
2026/10/08 02:04:01.308, 1, 120 MHz, 3996 MHz, 188.23 W, 37
2026/10/08 02:04:01.308, 2, 120 MHz, 3996 MHz, 184.09 W, 30
2026/10/08 02:04:01.308, 3, 120 MHz, 3996 MHz, 182.17 W, 30
2026/10/08 02:04:01.308, 4, 120 MHz, 3996 MHz, 184.48 W, 37
2026/10/08 02:04:01.308, 5, 120 MHz, 3996 MHz, 184.56 W, 35
2026/10/08 02:04:01.308, 6, 120 MHz, 3996 MHz, 186.78 W, 30
2026/10/08 02:04:01.308, 7, 120 MHz, 3996 MHz, 186.53 W, 29
2026/10/08 02:04:01.408, 0, 120 MHz, 3996 MHz, 186.41 W, 34
2026/10/08 02:04:01.408, 1, 120 MHz, 3996 MHz, 188.23 W, 37
2026/10/08 02:04:01.408, 2, 120 MHz, 3996 MHz, 184.09 W, 30
2026/10/08 02:04:01.408, 3, 120 MHz, 3996 MHz, 182.17 W, 30
2026/10/08 02:04:01.408, 4, 120 MHz, 3996 MHz, 184.48 W, 37
2026/10/08 02:04:01.408, 5, 120 MHz, 3996 MHz, 184.56 W, 35
2026/10/08 02:04:01.408, 6, 120 MHz, 3996 MHz, 186.78 W, 30
2026/10/08 02:04:01.408, 7, 120 MHz, 3996 MHz, 186.53 W, 28
2026/10/08 02:04:01.508, 0, 120 MHz, 3996 MHz, 186.41 W, 34
2026/10/08 02:04:01.508, 1, 120 MHz, 3996 MHz, 188.23 W, 37
2026/10/08 02:04:01.508, 2, 120 MHz, 3996 MHz, 184.09 W, 30
2026/10/08 02:04:01.508, 3, 120 MHz, 3996 MHz, 182.17 W, 30
2026/10/08 02:04:01.508, 4, 120 MHz, 3996 MHz, 184.48 W, 37
2026/10/08 02:04:01.508, 5, 120 MHz, 3996 MHz, 184.56 W, 35
2026/10/08 02:04:01.508, 6, 120 MHz, 3996 MHz, 186.78 W, 30
2026/10/08 02:04:01.508, 7, 120 MHz, 3996 MHz, 186.53 W, 29
2026/10/08 02:04:01.608, 0, 120 MHz, 3996 MHz, 186.41 W, 34
2026/10/08 02:04:01.608, 1, 120 MHz, 3996 MHz, 188.23 W, 37
2026/10/08 02:04:01.608, 2, 120 MHz, 3996 MHz, 184.09 W, 30
2026/10/08 02:04:01.608, 3, 120 MHz, 3996 MHz, 182.17 W, 30
2026/10/08 02:04:01.608, 4, 120 MHz, 3996 MHz, 184.48 W, 37
2026/10/08 02:04:01.608, 5, 120 MHz, 3996 MHz, 184.56 W, 35
2026/10/08 02:04:01.608, 6, 120 MHz, 3996 MHz, 186.78 W, 30
2026/10/08 02:04:01.608, 7, 120 MHz, 3996 MHz, 186.53 W, 28
2026/10/08 02:04:01.709, 0, 120 MHz, 3996 MHz, 186.41 W, 34
2026/10/08 02:04:01.709, 1, 120 MHz, 3996 MHz, 188.23 W, 37
2026/10/08 02:04:01.709, 2, 120 MHz, 3996 MHz, 184.09 W, 30
2026/10/08 02:04:01.709, 3, 120 MHz, 3996 MHz, 182.17 W, 30
2026/10/08 02:04:01.709, 4, 120 MHz, 3996 MHz, 184.48 W, 37
2026/10/08 02:04:01.709, 5, 120 MHz, 3996 MHz, 184.52 W, 35
2026/10/08 02:04:01.709, 6, 120 MHz, 3996 MHz, 186.78 W, 30
2026/10/08 02:04:01.709, 7, 120 MHz, 3996 MHz, 186.53 W, 28
2026/10/08 02:04:01.809, 0, 120 MHz, 3996 MHz, 186.41 W, 34
2026/10/08 02:04:01.809, 1, 120 MHz, 3996 MHz, 188.23 W, 37
2026/10/08 02:04:01.809, 2, 120 MHz, 3996 MHz, 184.09 W, 30
2026/10/08 02:04:01.809, 3, 120 MHz, 3996 MHz, 182.16 W, 30
2026/10/08 02:04:01.809, 4, 120 MHz, 3996 MHz, 184.48 W, 37
2026/10/08 02:04:01.809, 5, 120 MHz, 3996 MHz, 184.52 W, 35
2026/10/08 02:04:01.809, 6, 120 MHz, 3996 MHz, 186.78 W, 30
2026/10/08 02:04:01.809, 7, 120 MHz, 3996 MHz, 186.53 W, 28
2026/10/08 02:04:01.909, 0, 120 MHz, 3996 MHz, 186.41 W, 34
2026/10/08 02:04:01.909, 1, 120 MHz, 3996 MHz, 188.23 W, 37
2026/10/08 02:04:01.909, 2, 120 MHz, 3996 MHz, 184.09 W, 30
2026/10/08 02:04:01.909, 3, 120 MHz, 3996 MHz, 182.17 W, 30
2026/10/08 02:04:01.909, 4, 120 MHz, 3996 MHz, 184.48 W, 37
2026/10/08 02:04:01.909, 5, 120 MHz, 3996 MHz, 184.53 W, 35
2026/10/08 02:04:01.909, 6, 120 MHz, 3996 MHz, 186.78 W, 30
2026/10/08 02:04:01.909, 7, 120 MHz, 3996 MHz, 186.53 W, 28
2026/10/08 02:04:02.009, 0, 120 MHz, 3996 MHz, 186.25 W, 34
2026/10/08 02:04:02.009, 1, 120 MHz, 3996 MHz, 188.19 W, 37
2026/10/08 02:04:02.009, 2, 120 MHz, 3996 MHz, 184.09 W, 30
2026/10/08 02:04:02.009, 3, 120 MHz, 3996 MHz, 182.17 W, 30
2026/10/08 02:04:02.009, 4, 120 MHz, 3996 MHz, 184.47 W, 37
2026/10/08 02:04:02.009, 5, 120 MHz, 3996 MHz, 184.53 W, 35
2026/10/08 02:04:02.009, 6, 120 MHz, 3996 MHz, 186.78 W, 30
2026/10/08 02:04:02.009, 7, 120 MHz, 3996 MHz, 186.53 W, 28
2026/10/08 02:04:02.109, 0, 120 MHz, 3996 MHz, 186.06 W, 34
2026/10/08 02:04:02.110, 1, 120 MHz, 3996 MHz, 187.99 W, 37
2026/10/08 02:04:02.110, 2, 120 MHz, 3996 MHz, 184.09 W, 30
2026/10/08 02:04:02.110, 3, 120 MHz, 3996 MHz, 182.17 W, 30
2026/10/08 02:04:02.110, 4, 120 MHz, 3996 MHz, 184.47 W, 37
2026/10/08 02:04:02.110, 5, 120 MHz, 3996 MHz, 184.53 W, 35
2026/10/08 02:04:02.110, 6, 120 MHz, 3996 MHz, 186.78 W, 30
2026/10/08 02:04:02.110, 7, 120 MHz, 3996 MHz, 186.53 W, 28
2026/10/08 02:04:02.210, 0, 120 MHz, 3996 MHz, 185.87 W, 34
2026/10/08 02:04:02.210, 1, 120 MHz, 3996 MHz, 187.80 W, 37
2026/10/08 02:04:02.210, 2, 120 MHz, 3996 MHz, 184.05 W, 30
2026/10/08 02:04:02.210, 3, 120 MHz, 3996 MHz, 182.16 W, 30
2026/10/08 02:04:02.210, 4, 120 MHz, 3996 MHz, 184.47 W, 37
2026/10/08 02:04:02.210, 5, 120 MHz, 3996 MHz, 184.52 W, 35
2026/10/08 02:04:02.210, 6, 120 MHz, 3996 MHz, 186.74 W, 30
2026/10/08 02:04:02.210, 7, 120 MHz, 3996 MHz, 186.53 W, 28
2026/10/08 02:04:02.310, 0, 120 MHz, 3996 MHz, 185.67 W, 34
2026/10/08 02:04:02.310, 1, 120 MHz, 3996 MHz, 187.62 W, 37
2026/10/08 02:04:02.310, 2, 120 MHz, 3996 MHz, 183.94 W, 30
2026/10/08 02:04:02.310, 3, 120 MHz, 3996 MHz, 182.16 W, 30
2026/10/08 02:04:02.310, 4, 120 MHz, 3996 MHz, 184.47 W, 37
2026/10/08 02:04:02.310, 5, 120 MHz, 3996 MHz, 184.52 W, 35
2026/10/08 02:04:02.310, 6, 120 MHz, 3996 MHz, 186.62 W, 30
2026/10/08 02:04:02.310, 7, 120 MHz, 3996 MHz, 186.38 W, 28
2026/10/08 02:04:02.410, 0, 120 MHz, 3996 MHz, 185.51 W, 34
2026/10/08 02:04:02.410, 1, 120 MHz, 3996 MHz, 187.43 W, 37
2026/10/08 02:04:02.410, 2, 120 MHz, 3996 MHz, 183.93 W, 30
2026/10/08 02:04:02.410, 3, 120 MHz, 3996 MHz, 182.16 W, 30
2026/10/08 02:04:02.410, 4, 120 MHz, 3996 MHz, 184.47 W, 37
2026/10/08 02:04:02.410, 5, 120 MHz, 3996 MHz, 184.52 W, 35
2026/10/08 02:04:02.410, 6, 120 MHz, 3996 MHz, 186.47 W, 30
2026/10/08 02:04:02.410, 7, 120 MHz, 3996 MHz, 186.22 W, 28
2026/10/08 02:04:02.510, 0, 120 MHz, 3996 MHz, 185.32 W, 34
2026/10/08 02:04:02.510, 1, 120 MHz, 3996 MHz, 187.22 W, 37
2026/10/08 02:04:02.511, 2, 120 MHz, 3996 MHz, 183.85 W, 30
2026/10/08 02:04:02.511, 3, 120 MHz, 3996 MHz, 182.16 W, 30
2026/10/08 02:04:02.511, 4, 120 MHz, 3996 MHz, 184.47 W, 37
2026/10/08 02:04:02.511, 5, 120 MHz, 3996 MHz, 184.52 W, 35
2026/10/08 02:04:02.511, 6, 120 MHz, 3996 MHz, 186.28 W, 30
2026/10/08 02:04:02.511, 7, 120 MHz, 3996 MHz, 186.04 W, 28
2026/10/08 02:04:02.611, 0, 120 MHz, 3996 MHz, 185.15 W, 34
2026/10/08 02:04:02.611, 1, 120 MHz, 3996 MHz, 187.02 W, 37
2026/10/08 02:04:02.611, 2, 120 MHz, 3996 MHz, 183.82 W, 30
2026/10/08 02:04:02.611, 3, 120 MHz, 3996 MHz, 182.16 W, 30
2026/10/08 02:04:02.611, 4, 120 MHz, 3996 MHz, 184.47 W, 37
2026/10/08 02:04:02.611, 5, 120 MHz, 3996 MHz, 184.52 W, 35
2026/10/08 02:04:02.611, 6, 120 MHz, 3996 MHz, 186.13 W, 30
2026/10/08 02:04:02.611, 7, 120 MHz, 3996 MHz, 185.83 W, 28
2026/10/08 02:04:02.711, 0, 120 MHz, 3996 MHz, 184.96 W, 34
2026/10/08 02:04:02.711, 1, 120 MHz, 3996 MHz, 186.86 W, 37
2026/10/08 02:04:02.711, 2, 120 MHz, 3996 MHz, 183.78 W, 30
2026/10/08 02:04:02.711, 3, 120 MHz, 3996 MHz, 182.16 W, 30
2026/10/08 02:04:02.711, 4, 120 MHz, 3996 MHz, 184.48 W, 37
2026/10/08 02:04:02.711, 5, 120 MHz, 3996 MHz, 184.56 W, 35
2026/10/08 02:04:02.711, 6, 120 MHz, 3996 MHz, 185.98 W, 30
2026/10/08 02:04:02.711, 7, 120 MHz, 3996 MHz, 185.65 W, 28
2026/10/08 02:04:02.811, 0, 120 MHz, 3996 MHz, 184.77 W, 34
2026/10/08 02:04:02.811, 1, 120 MHz, 3996 MHz, 186.63 W, 37
2026/10/08 02:04:02.811, 2, 120 MHz, 3996 MHz, 183.70 W, 30
2026/10/08 02:04:02.811, 3, 120 MHz, 3996 MHz, 182.16 W, 30
2026/10/08 02:04:02.811, 4, 120 MHz, 3996 MHz, 184.48 W, 37
2026/10/08 02:04:02.811, 5, 120 MHz, 3996 MHz, 184.56 W, 35
2026/10/08 02:04:02.811, 6, 120 MHz, 3996 MHz, 185.86 W, 30
2026/10/08 02:04:02.811, 7, 120 MHz, 3996 MHz, 185.48 W, 28
2026/10/08 02:04:02.911, 0, 120 MHz, 3996 MHz, 184.58 W, 34
2026/10/08 02:04:02.912, 1, 120 MHz, 3996 MHz, 186.48 W, 37
2026/10/08 02:04:02.912, 2, 120 MHz, 3996 MHz, 183.66 W, 30
2026/10/08 02:04:02.912, 3, 120 MHz, 3996 MHz, 182.16 W, 30
2026/10/08 02:04:02.912, 4, 120 MHz, 3996 MHz, 184.48 W, 37
2026/10/08 02:04:02.912, 5, 120 MHz, 3996 MHz, 184.56 W, 35
2026/10/08 02:04:02.912, 6, 120 MHz, 3996 MHz, 185.71 W, 30
2026/10/08 02:04:02.912, 7, 120 MHz, 3996 MHz, 185.29 W, 28
2026/10/08 02:04:03.012, 0, 120 MHz, 3996 MHz, 184.51 W, 34
2026/10/08 02:04:03.012, 1, 120 MHz, 3996 MHz, 186.29 W, 37
2026/10/08 02:04:03.012, 2, 120 MHz, 3996 MHz, 183.54 W, 30
2026/10/08 02:04:03.012, 3, 120 MHz, 3996 MHz, 182.16 W, 30
2026/10/08 02:04:03.012, 4, 120 MHz, 3996 MHz, 184.48 W, 37
2026/10/08 02:04:03.012, 5, 120 MHz, 3996 MHz, 184.48 W, 35
2026/10/08 02:04:03.012, 6, 120 MHz, 3996 MHz, 185.56 W, 30
2026/10/08 02:04:03.012, 7, 120 MHz, 3996 MHz, 185.16 W, 28
2026/10/08 02:04:03.112, 0, 120 MHz, 3996 MHz, 184.51 W, 34
2026/10/08 02:04:03.112, 1, 120 MHz, 3996 MHz, 186.29 W, 37
2026/10/08 02:04:03.112, 2, 120 MHz, 3996 MHz, 183.44 W, 30
2026/10/08 02:04:03.112, 3, 120 MHz, 3996 MHz, 182.16 W, 30
2026/10/08 02:04:03.112, 4, 120 MHz, 3996 MHz, 184.47 W, 37
2026/10/08 02:04:03.112, 5, 120 MHz, 3996 MHz, 184.48 W, 35
2026/10/08 02:04:03.112, 6, 120 MHz, 3996 MHz, 185.37 W, 30
2026/10/08 02:04:03.112, 7, 120 MHz, 3996 MHz, 185.01 W, 28
2026/10/08 02:04:03.212, 0, 120 MHz, 3996 MHz, 184.54 W, 34
2026/10/08 02:04:03.212, 1, 120 MHz, 3996 MHz, 186.32 W, 37
2026/10/08 02:04:03.212, 2, 120 MHz, 3996 MHz, 183.43 W, 30
2026/10/08 02:04:03.212, 3, 120 MHz, 3996 MHz, 182.16 W, 30
2026/10/08 02:04:03.212, 4, 120 MHz, 3996 MHz, 184.47 W, 37
2026/10/08 02:04:03.212, 5, 120 MHz, 3996 MHz, 184.49 W, 35
2026/10/08 02:04:03.212, 6, 120 MHz, 3996 MHz, 185.18 W, 30
2026/10/08 02:04:03.212, 7, 120 MHz, 3996 MHz, 184.82 W, 28
2026/10/08 02:04:03.313, 0, 120 MHz, 3996 MHz, 184.54 W, 34
2026/10/08 02:04:03.313, 1, 120 MHz, 3996 MHz, 186.32 W, 37
2026/10/08 02:04:03.313, 2, 120 MHz, 3996 MHz, 183.50 W, 30
2026/10/08 02:04:03.313, 3, 120 MHz, 3996 MHz, 182.16 W, 30
2026/10/08 02:04:03.313, 4, 120 MHz, 3996 MHz, 184.47 W, 37
2026/10/08 02:04:03.313, 5, 120 MHz, 3996 MHz, 184.49 W, 35
2026/10/08 02:04:03.313, 6, 120 MHz, 3996 MHz, 185.21 W, 30
2026/10/08 02:04:03.313, 7, 120 MHz, 3996 MHz, 184.79 W, 28
2026/10/08 02:04:03.413, 0, 120 MHz, 3996 MHz, 184.51 W, 34
2026/10/08 02:04:03.413, 1, 120 MHz, 3996 MHz, 186.36 W, 37
2026/10/08 02:04:03.413, 2, 120 MHz, 3996 MHz, 183.35 W, 30
2026/10/08 02:04:03.413, 3, 120 MHz, 3996 MHz, 182.16 W, 30
2026/10/08 02:04:03.413, 4, 120 MHz, 3996 MHz, 184.47 W, 37
2026/10/08 02:04:03.413, 5, 120 MHz, 3996 MHz, 184.49 W, 35
2026/10/08 02:04:03.413, 6, 120 MHz, 3996 MHz, 185.21 W, 30
2026/10/08 02:04:03.413, 7, 120 MHz, 3996 MHz, 184.74 W, 28
2026/10/08 02:04:03.513, 0, 120 MHz, 3996 MHz, 184.51 W, 34
2026/10/08 02:04:03.513, 1, 120 MHz, 3996 MHz, 186.36 W, 37
2026/10/08 02:04:03.513, 2, 120 MHz, 3996 MHz, 183.35 W, 30
2026/10/08 02:04:03.513, 3, 120 MHz, 3996 MHz, 182.16 W, 30
2026/10/08 02:04:03.513, 4, 120 MHz, 3996 MHz, 184.47 W, 37
2026/10/08 02:04:03.513, 5, 120 MHz, 3996 MHz, 184.49 W, 35
2026/10/08 02:04:03.513, 6, 120 MHz, 3996 MHz, 185.21 W, 30
2026/10/08 02:04:03.513, 7, 120 MHz, 3996 MHz, 184.79 W, 28
2026/10/08 02:04:03.613, 0, 120 MHz, 3996 MHz, 184.51 W, 34
2026/10/08 02:04:03.613, 1, 120 MHz, 3996 MHz, 186.36 W, 37
2026/10/08 02:04:03.613, 2, 120 MHz, 3996 MHz, 183.31 W, 30
2026/10/08 02:04:03.613, 3, 120 MHz, 3996 MHz, 182.16 W, 30
2026/10/08 02:04:03.613, 4, 120 MHz, 3996 MHz, 184.47 W, 37
2026/10/08 02:04:03.613, 5, 120 MHz, 3996 MHz, 184.49 W, 35
2026/10/08 02:04:03.613, 6, 120 MHz, 3996 MHz, 185.22 W, 30
2026/10/08 02:04:03.613, 7, 120 MHz, 3996 MHz, 184.82 W, 28
2026/10/08 02:04:03.713, 0, 120 MHz, 3996 MHz, 184.51 W, 34
2026/10/08 02:04:03.714, 1, 120 MHz, 3996 MHz, 186.36 W, 37
2026/10/08 02:04:03.714, 2, 120 MHz, 3996 MHz, 183.25 W, 30
2026/10/08 02:04:03.714, 3, 120 MHz, 3996 MHz, 182.16 W, 30
2026/10/08 02:04:03.714, 4, 120 MHz, 3996 MHz, 184.47 W, 37
2026/10/08 02:04:03.714, 5, 120 MHz, 3996 MHz, 184.50 W, 35
2026/10/08 02:04:03.714, 6, 120 MHz, 3996 MHz, 185.30 W, 30
2026/10/08 02:04:03.714, 7, 120 MHz, 3996 MHz, 184.86 W, 28
2026/10/08 02:04:03.814, 0, 120 MHz, 3996 MHz, 184.51 W, 34
2026/10/08 02:04:03.814, 1, 120 MHz, 3996 MHz, 186.36 W, 37
2026/10/08 02:04:03.814, 2, 120 MHz, 3996 MHz, 183.25 W, 30
2026/10/08 02:04:03.814, 3, 120 MHz, 3996 MHz, 182.17 W, 30
2026/10/08 02:04:03.814, 4, 120 MHz, 3996 MHz, 184.48 W, 37
2026/10/08 02:04:03.814, 5, 120 MHz, 3996 MHz, 184.50 W, 35
2026/10/08 02:04:03.814, 6, 120 MHz, 3996 MHz, 185.25 W, 30
2026/10/08 02:04:03.814, 7, 120 MHz, 3996 MHz, 184.93 W, 28
2026/10/08 02:04:03.914, 0, 120 MHz, 3996 MHz, 184.51 W, 34
2026/10/08 02:04:03.914, 1, 120 MHz, 3996 MHz, 186.36 W, 37
2026/10/08 02:04:03.914, 2, 120 MHz, 3996 MHz, 183.21 W, 30
2026/10/08 02:04:03.914, 3, 120 MHz, 3996 MHz, 182.16 W, 30
2026/10/08 02:04:03.914, 4, 120 MHz, 3996 MHz, 184.48 W, 37
2026/10/08 02:04:03.914, 5, 120 MHz, 3996 MHz, 184.50 W, 35
2026/10/08 02:04:03.914, 6, 120 MHz, 3996 MHz, 185.22 W, 30
2026/10/08 02:04:03.914, 7, 120 MHz, 3996 MHz, 184.97 W, 28
2026/10/08 02:04:04.014, 0, 120 MHz, 3996 MHz, 184.51 W, 34
2026/10/08 02:04:04.014, 1, 120 MHz, 3996 MHz, 186.36 W, 37
2026/10/08 02:04:04.014, 2, 120 MHz, 3996 MHz, 183.21 W, 30
2026/10/08 02:04:04.014, 3, 120 MHz, 3996 MHz, 182.17 W, 30
2026/10/08 02:04:04.014, 4, 120 MHz, 3996 MHz, 184.48 W, 37
2026/10/08 02:04:04.014, 5, 120 MHz, 3996 MHz, 184.58 W, 35
2026/10/08 02:04:04.014, 6, 120 MHz, 3996 MHz, 185.26 W, 30
2026/10/08 02:04:04.014, 7, 120 MHz, 3996 MHz, 185.01 W, 28
2026/10/08 02:04:04.115, 0, 120 MHz, 3996 MHz, 184.51 W, 34
2026/10/08 02:04:04.115, 1, 120 MHz, 3996 MHz, 186.36 W, 37
2026/10/08 02:04:04.115, 2, 120 MHz, 3996 MHz, 183.31 W, 30
2026/10/08 02:04:04.115, 3, 120 MHz, 3996 MHz, 182.17 W, 30
2026/10/08 02:04:04.115, 4, 120 MHz, 3996 MHz, 184.48 W, 37
2026/10/08 02:04:04.115, 5, 120 MHz, 3996 MHz, 184.57 W, 35
2026/10/08 02:04:04.115, 6, 120 MHz, 3996 MHz, 185.26 W, 30
2026/10/08 02:04:04.115, 7, 120 MHz, 3996 MHz, 184.98 W, 28
2026/10/08 02:04:04.215, 0, 120 MHz, 3996 MHz, 184.47 W, 34
2026/10/08 02:04:04.215, 1, 120 MHz, 3996 MHz, 186.32 W, 37
2026/10/08 02:04:04.215, 2, 120 MHz, 3996 MHz, 183.32 W, 30
2026/10/08 02:04:04.215, 3, 120 MHz, 3996 MHz, 182.17 W, 30
2026/10/08 02:04:04.215, 4, 120 MHz, 3996 MHz, 184.48 W, 37
2026/10/08 02:04:04.215, 5, 120 MHz, 3996 MHz, 184.57 W, 35
2026/10/08 02:04:04.215, 6, 120 MHz, 3996 MHz, 185.25 W, 30
2026/10/08 02:04:04.215, 7, 120 MHz, 3996 MHz, 184.93 W, 28
2026/10/08 02:04:04.315, 0, 120 MHz, 3996 MHz, 184.47 W, 34
2026/10/08 02:04:04.315, 1, 120 MHz, 3996 MHz, 186.32 W, 37
2026/10/08 02:04:04.315, 2, 120 MHz, 3996 MHz, 183.17 W, 30
2026/10/08 02:04:04.315, 3, 120 MHz, 3996 MHz, 182.17 W, 30
2026/10/08 02:04:04.315, 4, 120 MHz, 3996 MHz, 184.48 W, 37
2026/10/08 02:04:04.315, 5, 120 MHz, 3996 MHz, 184.57 W, 35
2026/10/08 02:04:04.315, 6, 120 MHz, 3996 MHz, 185.14 W, 30
2026/10/08 02:04:04.315, 7, 120 MHz, 3996 MHz, 184.94 W, 28
2026/10/08 02:04:04.415, 0, 120 MHz, 3996 MHz, 184.47 W, 34
2026/10/08 02:04:04.415, 1, 120 MHz, 3996 MHz, 186.29 W, 37
2026/10/08 02:04:04.415, 2, 120 MHz, 3996 MHz, 183.29 W, 30
2026/10/08 02:04:04.415, 3, 120 MHz, 3996 MHz, 182.17 W, 30
2026/10/08 02:04:04.415, 4, 120 MHz, 3996 MHz, 184.48 W, 37
2026/10/08 02:04:04.416, 5, 120 MHz, 3996 MHz, 184.49 W, 35
2026/10/08 02:04:04.416, 6, 120 MHz, 3996 MHz, 185.10 W, 30
2026/10/08 02:04:04.416, 7, 120 MHz, 3996 MHz, 184.98 W, 28
2026/10/08 02:04:04.516, 0, 120 MHz, 3996 MHz, 184.47 W, 34
2026/10/08 02:04:04.516, 1, 120 MHz, 3996 MHz, 186.29 W, 37
2026/10/08 02:04:04.516, 2, 120 MHz, 3996 MHz, 183.21 W, 30
2026/10/08 02:04:04.516, 3, 120 MHz, 3996 MHz, 182.16 W, 30
2026/10/08 02:04:04.516, 4, 120 MHz, 3996 MHz, 184.48 W, 37
2026/10/08 02:04:04.516, 5, 120 MHz, 3996 MHz, 184.48 W, 35
2026/10/08 02:04:04.516, 6, 120 MHz, 3996 MHz, 185.14 W, 30
2026/10/08 02:04:04.516, 7, 120 MHz, 3996 MHz, 184.97 W, 28
2026/10/08 02:04:04.616, 0, 120 MHz, 3996 MHz, 184.47 W, 34
2026/10/08 02:04:04.616, 1, 120 MHz, 3996 MHz, 186.29 W, 37
2026/10/08 02:04:04.616, 2, 120 MHz, 3996 MHz, 183.27 W, 30
2026/10/08 02:04:04.616, 3, 120 MHz, 3996 MHz, 182.17 W, 30
2026/10/08 02:04:04.616, 4, 120 MHz, 3996 MHz, 184.47 W, 37
2026/10/08 02:04:04.616, 5, 120 MHz, 3996 MHz, 184.48 W, 35
2026/10/08 02:04:04.616, 6, 120 MHz, 3996 MHz, 185.10 W, 30
2026/10/08 02:04:04.616, 7, 120 MHz, 3996 MHz, 184.93 W, 28
2026/10/08 02:04:04.716, 0, 120 MHz, 3996 MHz, 184.47 W, 34
2026/10/08 02:04:04.716, 1, 120 MHz, 3996 MHz, 186.29 W, 37
2026/10/08 02:04:04.716, 2, 120 MHz, 3996 MHz, 183.28 W, 30
2026/10/08 02:04:04.716, 3, 120 MHz, 3996 MHz, 182.17 W, 30
2026/10/08 02:04:04.716, 4, 120 MHz, 3996 MHz, 184.47 W, 37
2026/10/08 02:04:04.716, 5, 120 MHz, 3996 MHz, 184.44 W, 35
2026/10/08 02:04:04.716, 6, 120 MHz, 3996 MHz, 185.10 W, 30
2026/10/08 02:04:04.716, 7, 120 MHz, 3996 MHz, 184.90 W, 28
2026/10/08 02:04:04.816, 0, 120 MHz, 3996 MHz, 184.47 W, 34
2026/10/08 02:04:04.817, 1, 120 MHz, 3996 MHz, 186.29 W, 37
2026/10/08 02:04:04.817, 2, 120 MHz, 3996 MHz, 183.28 W, 30
2026/10/08 02:04:04.817, 3, 120 MHz, 3996 MHz, 182.17 W, 30
2026/10/08 02:04:04.817, 4, 120 MHz, 3996 MHz, 184.47 W, 37
2026/10/08 02:04:04.817, 5, 120 MHz, 3996 MHz, 184.44 W, 35
2026/10/08 02:04:04.817, 6, 120 MHz, 3996 MHz, 185.06 W, 30
2026/10/08 02:04:04.817, 7, 120 MHz, 3996 MHz, 184.78 W, 28
2026/10/08 02:04:04.917, 0, 120 MHz, 3996 MHz, 184.47 W, 34
2026/10/08 02:04:04.917, 1, 120 MHz, 3996 MHz, 186.29 W, 37
2026/10/08 02:04:04.917, 2, 120 MHz, 3996 MHz, 183.27 W, 30
2026/10/08 02:04:04.917, 3, 120 MHz, 3996 MHz, 182.16 W, 30
2026/10/08 02:04:04.917, 4, 120 MHz, 3996 MHz, 184.47 W, 37
2026/10/08 02:04:04.917, 5, 120 MHz, 3996 MHz, 184.40 W, 35
2026/10/08 02:04:04.917, 6, 120 MHz, 3996 MHz, 185.06 W, 30
2026/10/08 02:04:04.917, 7, 120 MHz, 3996 MHz, 184.74 W, 28
2026/10/08 02:04:05.017, 0, 120 MHz, 3996 MHz, 184.47 W, 34
2026/10/08 02:04:05.017, 1, 120 MHz, 3996 MHz, 186.29 W, 37
2026/10/08 02:04:05.017, 2, 120 MHz, 3996 MHz, 183.26 W, 30
2026/10/08 02:04:05.017, 3, 120 MHz, 3996 MHz, 182.16 W, 30
2026/10/08 02:04:05.017, 4, 120 MHz, 3996 MHz, 184.47 W, 37
2026/10/08 02:04:05.017, 5, 120 MHz, 3996 MHz, 184.40 W, 35
2026/10/08 02:04:05.017, 6, 120 MHz, 3996 MHz, 184.98 W, 30
2026/10/08 02:04:05.017, 7, 120 MHz, 3996 MHz, 184.74 W, 28
2026/10/08 02:04:05.117, 0, 120 MHz, 3996 MHz, 184.47 W, 34
2026/10/08 02:04:05.117, 1, 120 MHz, 3996 MHz, 186.29 W, 37
2026/10/08 02:04:05.117, 2, 120 MHz, 3996 MHz, 183.17 W, 30
2026/10/08 02:04:05.117, 3, 120 MHz, 3996 MHz, 182.16 W, 30
2026/10/08 02:04:05.117, 4, 120 MHz, 3996 MHz, 184.48 W, 37
2026/10/08 02:04:05.117, 5, 120 MHz, 3996 MHz, 184.40 W, 35
2026/10/08 02:04:05.117, 6, 120 MHz, 3996 MHz, 185.03 W, 30
2026/10/08 02:04:05.117, 7, 120 MHz, 3996 MHz, 184.70 W, 28
2026/10/08 02:04:05.217, 0, 120 MHz, 3996 MHz, 184.47 W, 34
2026/10/08 02:04:05.218, 1, 120 MHz, 3996 MHz, 186.29 W, 37
2026/10/08 02:04:05.218, 2, 120 MHz, 3996 MHz, 183.19 W, 30
2026/10/08 02:04:05.218, 3, 120 MHz, 3996 MHz, 182.15 W, 30
2026/10/08 02:04:05.218, 4, 120 MHz, 3996 MHz, 184.48 W, 37
2026/10/08 02:04:05.218, 5, 120 MHz, 3996 MHz, 184.41 W, 35
2026/10/08 02:04:05.218, 6, 120 MHz, 3996 MHz, 185.06 W, 30
2026/10/08 02:04:05.218, 7, 120 MHz, 3996 MHz, 184.71 W, 28
2026/10/08 02:04:05.318, 0, 120 MHz, 3996 MHz, 184.47 W, 34
2026/10/08 02:04:05.318, 1, 120 MHz, 3996 MHz, 186.29 W, 37
2026/10/08 02:04:05.318, 2, 120 MHz, 3996 MHz, 183.16 W, 30
2026/10/08 02:04:05.318, 3, 120 MHz, 3996 MHz, 182.15 W, 30
2026/10/08 02:04:05.318, 4, 120 MHz, 3996 MHz, 184.48 W, 37
2026/10/08 02:04:05.318, 5, 120 MHz, 3996 MHz, 184.41 W, 35
2026/10/08 02:04:05.318, 6, 120 MHz, 3996 MHz, 185.14 W, 30
2026/10/08 02:04:05.318, 7, 120 MHz, 3996 MHz, 184.70 W, 28
2026/10/08 02:04:05.418, 0, 120 MHz, 3996 MHz, 184.47 W, 34
2026/10/08 02:04:05.418, 1, 120 MHz, 3996 MHz, 186.29 W, 37
2026/10/08 02:04:05.418, 2, 120 MHz, 3996 MHz, 183.23 W, 29
2026/10/08 02:04:05.418, 3, 120 MHz, 3996 MHz, 182.15 W, 30
2026/10/08 02:04:05.418, 4, 120 MHz, 3996 MHz, 184.48 W, 37
2026/10/08 02:04:05.418, 5, 120 MHz, 3996 MHz, 184.49 W, 35
2026/10/08 02:04:05.418, 6, 120 MHz, 3996 MHz, 185.17 W, 30
2026/10/08 02:04:05.418, 7, 120 MHz, 3996 MHz, 184.67 W, 28
2026/10/08 02:04:05.518, 0, 120 MHz, 3996 MHz, 184.47 W, 34
2026/10/08 02:04:05.518, 1, 120 MHz, 3996 MHz, 186.29 W, 37
2026/10/08 02:04:05.518, 2, 120 MHz, 3996 MHz, 183.22 W, 30
2026/10/08 02:04:05.518, 3, 120 MHz, 3996 MHz, 182.15 W, 30
2026/10/08 02:04:05.518, 4, 120 MHz, 3996 MHz, 184.48 W, 37
2026/10/08 02:04:05.518, 5, 120 MHz, 3996 MHz, 184.49 W, 35
2026/10/08 02:04:05.518, 6, 120 MHz, 3996 MHz, 185.14 W, 30
2026/10/08 02:04:05.518, 7, 120 MHz, 3996 MHz, 184.67 W, 28
2026/10/08 02:04:05.620, 0, 120 MHz, 3996 MHz, 184.47 W, 34
2026/10/08 02:04:05.620, 1, 120 MHz, 3996 MHz, 186.29 W, 37
2026/10/08 02:04:05.620, 2, 120 MHz, 3996 MHz, 183.13 W, 30
2026/10/08 02:04:05.620, 3, 120 MHz, 3996 MHz, 182.14 W, 30
2026/10/08 02:04:05.620, 4, 120 MHz, 3996 MHz, 184.48 W, 37
2026/10/08 02:04:05.620, 5, 120 MHz, 3996 MHz, 184.50 W, 35
2026/10/08 02:04:05.620, 6, 120 MHz, 3996 MHz, 185.14 W, 30
2026/10/08 02:04:05.621, 7, 120 MHz, 3996 MHz, 184.70 W, 28
2026/10/08 02:04:05.721, 0, 120 MHz, 3996 MHz, 184.47 W, 34
2026/10/08 02:04:05.721, 1, 120 MHz, 3996 MHz, 186.29 W, 37
2026/10/08 02:04:05.721, 2, 120 MHz, 3996 MHz, 183.05 W, 30
2026/10/08 02:04:05.721, 3, 120 MHz, 3996 MHz, 182.13 W, 30
2026/10/08 02:04:05.721, 4, 120 MHz, 3996 MHz, 184.48 W, 37
2026/10/08 02:04:05.721, 5, 120 MHz, 3996 MHz, 184.54 W, 35
2026/10/08 02:04:05.721, 6, 120 MHz, 3996 MHz, 185.14 W, 30
2026/10/08 02:04:05.721, 7, 120 MHz, 3996 MHz, 184.70 W, 28
2026/10/08 02:04:05.821, 0, 120 MHz, 3996 MHz, 184.47 W, 34
2026/10/08 02:04:05.821, 1, 120 MHz, 3996 MHz, 186.29 W, 37
2026/10/08 02:04:05.821, 2, 120 MHz, 3996 MHz, 183.03 W, 29
2026/10/08 02:04:05.821, 3, 120 MHz, 3996 MHz, 182.13 W, 30
2026/10/08 02:04:05.821, 4, 120 MHz, 3996 MHz, 184.48 W, 37
2026/10/08 02:04:05.821, 5, 120 MHz, 3996 MHz, 184.53 W, 35
2026/10/08 02:04:05.821, 6, 120 MHz, 3996 MHz, 185.18 W, 30
2026/10/08 02:04:05.821, 7, 120 MHz, 3996 MHz, 184.74 W, 28
2026/10/08 02:04:05.921, 0, 120 MHz, 3996 MHz, 184.47 W, 34
2026/10/08 02:04:05.921, 1, 120 MHz, 3996 MHz, 186.29 W, 37
2026/10/08 02:04:05.921, 2, 120 MHz, 3996 MHz, 183.05 W, 29
2026/10/08 02:04:05.921, 3, 120 MHz, 3996 MHz, 182.13 W, 30
2026/10/08 02:04:05.921, 4, 120 MHz, 3996 MHz, 184.48 W, 37
2026/10/08 02:04:05.921, 5, 120 MHz, 3996 MHz, 184.57 W, 35
2026/10/08 02:04:05.921, 6, 120 MHz, 3996 MHz, 185.18 W, 30
2026/10/08 02:04:05.921, 7, 120 MHz, 3996 MHz, 184.70 W, 28
2026/10/08 02:04:06.021, 0, 120 MHz, 3996 MHz, 184.47 W, 34
2026/10/08 02:04:06.022, 1, 120 MHz, 3996 MHz, 186.33 W, 37
2026/10/08 02:04:06.022, 2, 120 MHz, 3996 MHz, 183.15 W, 29
2026/10/08 02:04:06.022, 3, 120 MHz, 3996 MHz, 182.13 W, 30
2026/10/08 02:04:06.022, 4, 120 MHz, 3996 MHz, 184.48 W, 37
2026/10/08 02:04:06.022, 5, 120 MHz, 3996 MHz, 184.57 W, 35
2026/10/08 02:04:06.022, 6, 120 MHz, 3996 MHz, 185.18 W, 30
2026/10/08 02:04:06.022, 7, 120 MHz, 3996 MHz, 184.70 W, 28
2026/10/08 02:04:06.122, 0, 120 MHz, 3996 MHz, 184.47 W, 34
2026/10/08 02:04:06.122, 1, 120 MHz, 3996 MHz, 186.33 W, 37
2026/10/08 02:04:06.122, 2, 120 MHz, 3996 MHz, 183.19 W, 29
2026/10/08 02:04:06.122, 3, 120 MHz, 3996 MHz, 182.13 W, 30
2026/10/08 02:04:06.122, 4, 120 MHz, 3996 MHz, 184.47 W, 37
2026/10/08 02:04:06.122, 5, 120 MHz, 3996 MHz, 184.57 W, 35
2026/10/08 02:04:06.122, 6, 120 MHz, 3996 MHz, 185.14 W, 30
2026/10/08 02:04:06.122, 7, 120 MHz, 3996 MHz, 184.70 W, 28
2026/10/08 02:04:06.222, 0, 120 MHz, 3996 MHz, 184.47 W, 34
2026/10/08 02:04:06.222, 1, 120 MHz, 3996 MHz, 186.33 W, 37
2026/10/08 02:04:06.222, 2, 120 MHz, 3996 MHz, 183.19 W, 29
2026/10/08 02:04:06.222, 3, 120 MHz, 3996 MHz, 182.13 W, 30
2026/10/08 02:04:06.222, 4, 120 MHz, 3996 MHz, 184.47 W, 36
2026/10/08 02:04:06.222, 5, 120 MHz, 3996 MHz, 184.57 W, 35
2026/10/08 02:04:06.222, 6, 120 MHz, 3996 MHz, 185.10 W, 30
2026/10/08 02:04:06.222, 7, 120 MHz, 3996 MHz, 184.74 W, 28
2026/10/08 02:04:06.322, 0, 120 MHz, 3996 MHz, 184.47 W, 34
2026/10/08 02:04:06.322, 1, 120 MHz, 3996 MHz, 186.33 W, 37
2026/10/08 02:04:06.322, 2, 120 MHz, 3996 MHz, 183.28 W, 29
2026/10/08 02:04:06.322, 3, 120 MHz, 3996 MHz, 182.14 W, 30
2026/10/08 02:04:06.322, 4, 120 MHz, 3996 MHz, 184.47 W, 37
2026/10/08 02:04:06.322, 5, 120 MHz, 3996 MHz, 184.57 W, 35
2026/10/08 02:04:06.322, 6, 120 MHz, 3996 MHz, 185.02 W, 30
2026/10/08 02:04:06.322, 7, 120 MHz, 3996 MHz, 184.74 W, 28
2026/10/08 02:04:06.423, 0, 120 MHz, 3996 MHz, 184.47 W, 34
2026/10/08 02:04:06.423, 1, 120 MHz, 3996 MHz, 186.33 W, 36
2026/10/08 02:04:06.423, 2, 120 MHz, 3996 MHz, 183.27 W, 29
2026/10/08 02:04:06.423, 3, 120 MHz, 3996 MHz, 182.14 W, 30
2026/10/08 02:04:06.423, 4, 120 MHz, 3996 MHz, 184.47 W, 37
2026/10/08 02:04:06.423, 5, 120 MHz, 3996 MHz, 184.57 W, 35
2026/10/08 02:04:06.423, 6, 120 MHz, 3996 MHz, 184.98 W, 30
2026/10/08 02:04:06.423, 7, 120 MHz, 3996 MHz, 184.74 W, 28
2026/10/08 02:04:06.523, 0, 120 MHz, 3996 MHz, 184.47 W, 34
2026/10/08 02:04:06.523, 1, 120 MHz, 3996 MHz, 186.33 W, 36
2026/10/08 02:04:06.523, 2, 120 MHz, 3996 MHz, 183.28 W, 29
2026/10/08 02:04:06.523, 3, 120 MHz, 3996 MHz, 182.15 W, 30
2026/10/08 02:04:06.523, 4, 120 MHz, 3996 MHz, 184.47 W, 37
2026/10/08 02:04:06.523, 5, 120 MHz, 3996 MHz, 184.57 W, 35
2026/10/08 02:04:06.523, 6, 120 MHz, 3996 MHz, 184.98 W, 30
2026/10/08 02:04:06.523, 7, 120 MHz, 3996 MHz, 184.70 W, 28
2026/10/08 02:04:06.623, 0, 120 MHz, 3996 MHz, 184.47 W, 34
2026/10/08 02:04:06.623, 1, 120 MHz, 3996 MHz, 186.33 W, 37
2026/10/08 02:04:06.623, 2, 120 MHz, 3996 MHz, 183.32 W, 29
2026/10/08 02:04:06.623, 3, 120 MHz, 3996 MHz, 182.16 W, 30
2026/10/08 02:04:06.623, 4, 120 MHz, 3996 MHz, 184.47 W, 37
2026/10/08 02:04:06.623, 5, 120 MHz, 3996 MHz, 184.57 W, 35
2026/10/08 02:04:06.623, 6, 120 MHz, 3996 MHz, 184.99 W, 30
2026/10/08 02:04:06.623, 7, 120 MHz, 3996 MHz, 184.74 W, 28
2026/10/08 02:04:06.723, 0, 120 MHz, 3996 MHz, 184.47 W, 34
2026/10/08 02:04:06.723, 1, 120 MHz, 3996 MHz, 186.33 W, 36
2026/10/08 02:04:06.723, 2, 120 MHz, 3996 MHz, 183.35 W, 29
2026/10/08 02:04:06.723, 3, 120 MHz, 3996 MHz, 182.16 W, 30
2026/10/08 02:04:06.723, 4, 120 MHz, 3996 MHz, 184.47 W, 36
2026/10/08 02:04:06.723, 5, 120 MHz, 3996 MHz, 184.57 W, 35
2026/10/08 02:04:06.723, 6, 120 MHz, 3996 MHz, 184.91 W, 30
2026/10/08 02:04:06.723, 7, 120 MHz, 3996 MHz, 184.74 W, 28
2026/10/08 02:04:06.824, 0, 120 MHz, 3996 MHz, 184.47 W, 34
2026/10/08 02:04:06.824, 1, 120 MHz, 3996 MHz, 186.33 W, 36
2026/10/08 02:04:06.824, 2, 120 MHz, 3996 MHz, 183.32 W, 29
2026/10/08 02:04:06.824, 3, 120 MHz, 3996 MHz, 182.16 W, 30
2026/10/08 02:04:06.824, 4, 120 MHz, 3996 MHz, 184.47 W, 36
2026/10/08 02:04:06.824, 5, 120 MHz, 3996 MHz, 184.58 W, 35
2026/10/08 02:04:06.824, 6, 120 MHz, 3996 MHz, 184.83 W, 30
2026/10/08 02:04:06.824, 7, 120 MHz, 3996 MHz, 184.71 W, 28
2026/10/08 02:04:06.924, 0, 120 MHz, 3996 MHz, 184.47 W, 34
2026/10/08 02:04:06.924, 1, 120 MHz, 3996 MHz, 186.33 W, 36
2026/10/08 02:04:06.924, 2, 120 MHz, 3996 MHz, 183.31 W, 29
2026/10/08 02:04:06.924, 3, 120 MHz, 3996 MHz, 182.17 W, 30
2026/10/08 02:04:06.924, 4, 120 MHz, 3996 MHz, 184.47 W, 36
2026/10/08 02:04:06.924, 5, 120 MHz, 3996 MHz, 184.54 W, 35
2026/10/08 02:04:06.924, 6, 120 MHz, 3996 MHz, 184.83 W, 30
2026/10/08 02:04:06.924, 7, 120 MHz, 3996 MHz, 184.70 W, 28
2026/10/08 02:04:07.024, 0, 120 MHz, 3996 MHz, 184.47 W, 34
2026/10/08 02:04:07.024, 1, 120 MHz, 3996 MHz, 186.32 W, 36
2026/10/08 02:04:07.024, 2, 120 MHz, 3996 MHz, 183.21 W, 29
2026/10/08 02:04:07.024, 3, 120 MHz, 3996 MHz, 182.17 W, 29
2026/10/08 02:04:07.024, 4, 120 MHz, 3996 MHz, 184.47 W, 36
2026/10/08 02:04:07.024, 5, 120 MHz, 3996 MHz, 184.54 W, 35
2026/10/08 02:04:07.024, 6, 120 MHz, 3996 MHz, 184.83 W, 30
2026/10/08 02:04:07.024, 7, 120 MHz, 3996 MHz, 184.71 W, 28
2026/10/08 02:04:07.124, 0, 120 MHz, 3996 MHz, 184.47 W, 34
2026/10/08 02:04:07.124, 1, 120 MHz, 3996 MHz, 186.32 W, 36
2026/10/08 02:04:07.124, 2, 120 MHz, 3996 MHz, 183.27 W, 29
2026/10/08 02:04:07.124, 3, 120 MHz, 3996 MHz, 182.17 W, 29
2026/10/08 02:04:07.124, 4, 120 MHz, 3996 MHz, 184.47 W, 36
2026/10/08 02:04:07.124, 5, 120 MHz, 3996 MHz, 184.50 W, 35
2026/10/08 02:04:07.124, 6, 120 MHz, 3996 MHz, 184.87 W, 30
2026/10/08 02:04:07.124, 7, 120 MHz, 3996 MHz, 184.71 W, 28
2026/10/08 02:04:07.225, 0, 120 MHz, 3996 MHz, 184.47 W, 34
2026/10/08 02:04:07.225, 1, 120 MHz, 3996 MHz, 186.32 W, 36
2026/10/08 02:04:07.225, 2, 120 MHz, 3996 MHz, 183.17 W, 29
2026/10/08 02:04:07.225, 3, 120 MHz, 3996 MHz, 182.18 W, 30
2026/10/08 02:04:07.225, 4, 120 MHz, 3996 MHz, 184.47 W, 36
2026/10/08 02:04:07.225, 5, 120 MHz, 3996 MHz, 184.50 W, 35
2026/10/08 02:04:07.225, 6, 120 MHz, 3996 MHz, 184.91 W, 30
2026/10/08 02:04:07.225, 7, 120 MHz, 3996 MHz, 184.66 W, 28
2026/10/08 02:04:07.325, 0, 120 MHz, 3996 MHz, 184.47 W, 34
2026/10/08 02:04:07.325, 1, 120 MHz, 3996 MHz, 186.32 W, 36
2026/10/08 02:04:07.325, 2, 120 MHz, 3996 MHz, 183.17 W, 29
2026/10/08 02:04:07.325, 3, 120 MHz, 3996 MHz, 182.18 W, 29
2026/10/08 02:04:07.325, 4, 120 MHz, 3996 MHz, 184.47 W, 36
2026/10/08 02:04:07.325, 5, 120 MHz, 3996 MHz, 184.50 W, 35
2026/10/08 02:04:07.325, 6, 120 MHz, 3996 MHz, 184.95 W, 30
2026/10/08 02:04:07.325, 7, 120 MHz, 3996 MHz, 184.66 W, 28
2026/10/08 02:04:07.425, 0, 120 MHz, 3996 MHz, 184.47 W, 34
2026/10/08 02:04:07.425, 1, 120 MHz, 3996 MHz, 186.32 W, 36
2026/10/08 02:04:07.425, 2, 120 MHz, 3996 MHz, 183.05 W, 29
2026/10/08 02:04:07.425, 3, 120 MHz, 3996 MHz, 182.18 W, 30
2026/10/08 02:04:07.425, 4, 120 MHz, 3996 MHz, 184.47 W, 36
2026/10/08 02:04:07.425, 5, 120 MHz, 3996 MHz, 184.50 W, 35
2026/10/08 02:04:07.425, 6, 120 MHz, 3996 MHz, 184.95 W, 30
2026/10/08 02:04:07.425, 7, 120 MHz, 3996 MHz, 184.67 W, 28
2026/10/08 02:04:07.525, 0, 120 MHz, 3996 MHz, 184.47 W, 34
2026/10/08 02:04:07.525, 1, 120 MHz, 3996 MHz, 186.32 W, 36
2026/10/08 02:04:07.525, 2, 120 MHz, 3996 MHz, 182.96 W, 29
2026/10/08 02:04:07.525, 3, 120 MHz, 3996 MHz, 182.17 W, 29
2026/10/08 02:04:07.525, 4, 120 MHz, 3996 MHz, 184.47 W, 36
2026/10/08 02:04:07.525, 5, 120 MHz, 3996 MHz, 184.50 W, 35
2026/10/08 02:04:07.525, 6, 120 MHz, 3996 MHz, 185.03 W, 30
2026/10/08 02:04:07.525, 7, 120 MHz, 3996 MHz, 184.67 W, 28
2026/10/08 02:04:07.626, 0, 120 MHz, 3996 MHz, 184.47 W, 34
2026/10/08 02:04:07.626, 1, 120 MHz, 3996 MHz, 186.32 W, 36
2026/10/08 02:04:07.626, 2, 120 MHz, 3996 MHz, 182.96 W, 29
2026/10/08 02:04:07.626, 3, 120 MHz, 3996 MHz, 182.16 W, 29
2026/10/08 02:04:07.626, 4, 120 MHz, 3996 MHz, 184.47 W, 36
2026/10/08 02:04:07.626, 5, 120 MHz, 3996 MHz, 184.50 W, 35
2026/10/08 02:04:07.626, 6, 120 MHz, 3996 MHz, 185.02 W, 30
2026/10/08 02:04:07.626, 7, 120 MHz, 3996 MHz, 184.59 W, 28
2026/10/08 02:04:07.726, 0, 120 MHz, 3996 MHz, 184.47 W, 34
2026/10/08 02:04:07.726, 1, 120 MHz, 3996 MHz, 186.36 W, 36
2026/10/08 02:04:07.726, 2, 120 MHz, 3996 MHz, 182.98 W, 29
2026/10/08 02:04:07.726, 3, 120 MHz, 3996 MHz, 182.17 W, 29
2026/10/08 02:04:07.726, 4, 120 MHz, 3996 MHz, 184.47 W, 36
2026/10/08 02:04:07.726, 5, 120 MHz, 3996 MHz, 184.46 W, 35
2026/10/08 02:04:07.726, 6, 120 MHz, 3996 MHz, 185.03 W, 30
2026/10/08 02:04:07.726, 7, 120 MHz, 3996 MHz, 184.63 W, 28
2026/10/08 02:04:07.826, 0, 120 MHz, 3996 MHz, 184.47 W, 34
2026/10/08 02:04:07.826, 1, 120 MHz, 3996 MHz, 186.36 W, 36
2026/10/08 02:04:07.826, 2, 120 MHz, 3996 MHz, 182.99 W, 29
2026/10/08 02:04:07.826, 3, 120 MHz, 3996 MHz, 182.17 W, 29
2026/10/08 02:04:07.826, 4, 120 MHz, 3996 MHz, 184.47 W, 36
2026/10/08 02:04:07.826, 5, 120 MHz, 3996 MHz, 184.46 W, 35
2026/10/08 02:04:07.826, 6, 120 MHz, 3996 MHz, 185.06 W, 30
2026/10/08 02:04:07.826, 7, 120 MHz, 3996 MHz, 184.67 W, 28
2026/10/08 02:04:07.926, 0, 120 MHz, 3996 MHz, 184.47 W, 34
2026/10/08 02:04:07.926, 1, 120 MHz, 3996 MHz, 186.36 W, 36
2026/10/08 02:04:07.926, 2, 120 MHz, 3996 MHz, 182.98 W, 29
2026/10/08 02:04:07.926, 3, 120 MHz, 3996 MHz, 182.16 W, 29
2026/10/08 02:04:07.926, 4, 120 MHz, 3996 MHz, 184.47 W, 36
2026/10/08 02:04:07.926, 5, 120 MHz, 3996 MHz, 184.49 W, 35
2026/10/08 02:04:07.926, 6, 120 MHz, 3996 MHz, 185.06 W, 30
2026/10/08 02:04:07.926, 7, 120 MHz, 3996 MHz, 184.67 W, 28
2026/10/08 02:04:08.027, 0, 120 MHz, 3996 MHz, 184.47 W, 34
2026/10/08 02:04:08.027, 1, 120 MHz, 3996 MHz, 186.32 W, 36
2026/10/08 02:04:08.027, 2, 120 MHz, 3996 MHz, 182.88 W, 29
2026/10/08 02:04:08.027, 3, 120 MHz, 3996 MHz, 182.16 W, 29
2026/10/08 02:04:08.027, 4, 120 MHz, 3996 MHz, 184.47 W, 36
2026/10/08 02:04:08.027, 5, 120 MHz, 3996 MHz, 184.49 W, 35
2026/10/08 02:04:08.027, 6, 120 MHz, 3996 MHz, 185.10 W, 30
2026/10/08 02:04:08.027, 7, 120 MHz, 3996 MHz, 184.66 W, 28
2026/10/08 02:04:08.127, 0, 120 MHz, 3996 MHz, 184.47 W, 34
2026/10/08 02:04:08.127, 1, 120 MHz, 3996 MHz, 186.32 W, 36
2026/10/08 02:04:08.127, 2, 120 MHz, 3996 MHz, 182.78 W, 29
2026/10/08 02:04:08.127, 3, 120 MHz, 3996 MHz, 182.16 W, 29
2026/10/08 02:04:08.127, 4, 120 MHz, 3996 MHz, 184.47 W, 36
2026/10/08 02:04:08.127, 5, 120 MHz, 3996 MHz, 184.53 W, 35
2026/10/08 02:04:08.127, 6, 120 MHz, 3996 MHz, 185.10 W, 30
2026/10/08 02:04:08.127, 7, 120 MHz, 3996 MHz, 184.66 W, 28
2026/10/08 02:04:08.227, 0, 120 MHz, 3996 MHz, 184.47 W, 34
2026/10/08 02:04:08.227, 1, 120 MHz, 3996 MHz, 186.32 W, 36
2026/10/08 02:04:08.227, 2, 120 MHz, 3996 MHz, 182.76 W, 29
2026/10/08 02:04:08.227, 3, 120 MHz, 3996 MHz, 182.17 W, 29
2026/10/08 02:04:08.227, 4, 120 MHz, 3996 MHz, 184.47 W, 36
2026/10/08 02:04:08.227, 5, 120 MHz, 3996 MHz, 184.53 W, 35
2026/10/08 02:04:08.227, 6, 120 MHz, 3996 MHz, 185.06 W, 30
2026/10/08 02:04:08.227, 7, 120 MHz, 3996 MHz, 184.66 W, 28
2026/10/08 02:04:08.327, 0, 120 MHz, 3996 MHz, 184.47 W, 34
2026/10/08 02:04:08.328, 1, 120 MHz, 3996 MHz, 186.32 W, 36
2026/10/08 02:04:08.328, 2, 120 MHz, 3996 MHz, 182.72 W, 29
2026/10/08 02:04:08.328, 3, 120 MHz, 3996 MHz, 182.18 W, 29
2026/10/08 02:04:08.328, 4, 120 MHz, 3996 MHz, 184.47 W, 36
2026/10/08 02:04:08.328, 5, 120 MHz, 3996 MHz, 184.53 W, 35
2026/10/08 02:04:08.328, 6, 120 MHz, 3996 MHz, 185.06 W, 30
2026/10/08 02:04:08.328, 7, 120 MHz, 3996 MHz, 184.67 W, 28
2026/10/08 02:04:08.428, 0, 120 MHz, 3996 MHz, 184.47 W, 34
2026/10/08 02:04:08.428, 1, 120 MHz, 3996 MHz, 186.32 W, 36
2026/10/08 02:04:08.428, 2, 120 MHz, 3996 MHz, 182.68 W, 29
2026/10/08 02:04:08.428, 3, 120 MHz, 3996 MHz, 182.17 W, 29
2026/10/08 02:04:08.428, 4, 120 MHz, 3996 MHz, 184.47 W, 36
2026/10/08 02:04:08.428, 5, 120 MHz, 3996 MHz, 184.53 W, 35
2026/10/08 02:04:08.428, 6, 120 MHz, 3996 MHz, 185.06 W, 30
2026/10/08 02:04:08.428, 7, 120 MHz, 3996 MHz, 184.66 W, 28
2026/10/08 02:04:08.528, 0, 120 MHz, 3996 MHz, 184.47 W, 34
2026/10/08 02:04:08.528, 1, 120 MHz, 3996 MHz, 186.32 W, 36
2026/10/08 02:04:08.528, 2, 120 MHz, 3996 MHz, 182.74 W, 29
2026/10/08 02:04:08.528, 3, 120 MHz, 3996 MHz, 182.17 W, 29
2026/10/08 02:04:08.528, 4, 120 MHz, 3996 MHz, 184.47 W, 36
2026/10/08 02:04:08.528, 5, 120 MHz, 3996 MHz, 184.41 W, 35
2026/10/08 02:04:08.528, 6, 120 MHz, 3996 MHz, 184.98 W, 30
2026/10/08 02:04:08.528, 7, 120 MHz, 3996 MHz, 184.66 W, 28
2026/10/08 02:04:08.628, 0, 120 MHz, 3996 MHz, 184.47 W, 34
2026/10/08 02:04:08.628, 1, 120 MHz, 3996 MHz, 186.32 W, 36
2026/10/08 02:04:08.628, 2, 120 MHz, 3996 MHz, 182.81 W, 29
2026/10/08 02:04:08.628, 3, 120 MHz, 3996 MHz, 182.17 W, 29
2026/10/08 02:04:08.628, 4, 120 MHz, 3996 MHz, 184.47 W, 36
2026/10/08 02:04:08.628, 5, 120 MHz, 3996 MHz, 184.41 W, 35
2026/10/08 02:04:08.628, 6, 120 MHz, 3996 MHz, 185.02 W, 30
2026/10/08 02:04:08.628, 7, 120 MHz, 3996 MHz, 184.67 W, 28
2026/10/08 02:04:08.729, 0, 120 MHz, 3996 MHz, 184.47 W, 34
2026/10/08 02:04:08.729, 1, 120 MHz, 3996 MHz, 186.29 W, 36
2026/10/08 02:04:08.729, 2, 120 MHz, 3996 MHz, 182.82 W, 29
2026/10/08 02:04:08.729, 3, 120 MHz, 3996 MHz, 182.17 W, 29
2026/10/08 02:04:08.729, 4, 120 MHz, 3996 MHz, 184.47 W, 36
2026/10/08 02:04:08.729, 5, 120 MHz, 3996 MHz, 184.37 W, 35
2026/10/08 02:04:08.729, 6, 120 MHz, 3996 MHz, 185.02 W, 30
2026/10/08 02:04:08.729, 7, 120 MHz, 3996 MHz, 184.63 W, 28
2026/10/08 02:04:08.829, 0, 120 MHz, 3996 MHz, 184.47 W, 34
2026/10/08 02:04:08.829, 1, 120 MHz, 3996 MHz, 186.29 W, 36
2026/10/08 02:04:08.829, 2, 120 MHz, 3996 MHz, 182.87 W, 29
2026/10/08 02:04:08.829, 3, 120 MHz, 3996 MHz, 182.17 W, 29
2026/10/08 02:04:08.829, 4, 120 MHz, 3996 MHz, 184.47 W, 36
2026/10/08 02:04:08.829, 5, 120 MHz, 3996 MHz, 184.41 W, 35
2026/10/08 02:04:08.829, 6, 120 MHz, 3996 MHz, 184.98 W, 30
2026/10/08 02:04:08.829, 7, 120 MHz, 3996 MHz, 184.66 W, 28
2026/10/08 02:04:08.929, 0, 120 MHz, 3996 MHz, 184.47 W, 34
2026/10/08 02:04:08.929, 1, 120 MHz, 3996 MHz, 186.29 W, 36
2026/10/08 02:04:08.929, 2, 120 MHz, 3996 MHz, 183.01 W, 29
2026/10/08 02:04:08.929, 3, 120 MHz, 3996 MHz, 182.17 W, 29
2026/10/08 02:04:08.929, 4, 120 MHz, 3996 MHz, 184.47 W, 36
2026/10/08 02:04:08.929, 5, 120 MHz, 3996 MHz, 184.37 W, 35
2026/10/08 02:04:08.929, 6, 120 MHz, 3996 MHz, 185.02 W, 30
2026/10/08 02:04:08.929, 7, 120 MHz, 3996 MHz, 184.63 W, 28
2026/10/08 02:04:09.029, 0, 120 MHz, 3996 MHz, 184.47 W, 34
2026/10/08 02:04:09.029, 1, 120 MHz, 3996 MHz, 186.29 W, 36
2026/10/08 02:04:09.029, 2, 120 MHz, 3996 MHz, 183.12 W, 29
2026/10/08 02:04:09.029, 3, 120 MHz, 3996 MHz, 182.18 W, 29
2026/10/08 02:04:09.029, 4, 120 MHz, 3996 MHz, 184.47 W, 36
2026/10/08 02:04:09.029, 5, 120 MHz, 3996 MHz, 184.37 W, 35
2026/10/08 02:04:09.029, 6, 120 MHz, 3996 MHz, 185.02 W, 30
2026/10/08 02:04:09.029, 7, 120 MHz, 3996 MHz, 184.63 W, 28
2026/10/08 02:04:09.130, 0, 120 MHz, 3996 MHz, 184.47 W, 34
2026/10/08 02:04:09.130, 1, 120 MHz, 3996 MHz, 186.29 W, 36
2026/10/08 02:04:09.130, 2, 120 MHz, 3996 MHz, 183.08 W, 29
2026/10/08 02:04:09.130, 3, 120 MHz, 3996 MHz, 182.17 W, 29
2026/10/08 02:04:09.130, 4, 120 MHz, 3996 MHz, 184.47 W, 36
2026/10/08 02:04:09.130, 5, 120 MHz, 3996 MHz, 184.37 W, 35
2026/10/08 02:04:09.130, 6, 120 MHz, 3996 MHz, 184.95 W, 30
2026/10/08 02:04:09.130, 7, 120 MHz, 3996 MHz, 184.63 W, 28
2026/10/08 02:04:09.230, 0, 120 MHz, 3996 MHz, 184.47 W, 34
2026/10/08 02:04:09.230, 1, 120 MHz, 3996 MHz, 186.29 W, 36
2026/10/08 02:04:09.230, 2, 120 MHz, 3996 MHz, 183.02 W, 29
2026/10/08 02:04:09.230, 3, 120 MHz, 3996 MHz, 182.16 W, 29
2026/10/08 02:04:09.230, 4, 120 MHz, 3996 MHz, 184.47 W, 36
2026/10/08 02:04:09.230, 5, 120 MHz, 3996 MHz, 184.37 W, 35
2026/10/08 02:04:09.230, 6, 120 MHz, 3996 MHz, 184.95 W, 30
2026/10/08 02:04:09.230, 7, 120 MHz, 3996 MHz, 184.63 W, 28
2026/10/08 02:04:09.330, 0, 120 MHz, 3996 MHz, 184.47 W, 34
2026/10/08 02:04:09.330, 1, 120 MHz, 3996 MHz, 186.29 W, 36
2026/10/08 02:04:09.330, 2, 120 MHz, 3996 MHz, 183.10 W, 29
2026/10/08 02:04:09.330, 3, 120 MHz, 3996 MHz, 182.16 W, 29
2026/10/08 02:04:09.330, 4, 120 MHz, 3996 MHz, 184.47 W, 36
2026/10/08 02:04:09.330, 5, 120 MHz, 3996 MHz, 184.36 W, 35
2026/10/08 02:04:09.330, 6, 120 MHz, 3996 MHz, 184.91 W, 30
2026/10/08 02:04:09.330, 7, 120 MHz, 3996 MHz, 184.63 W, 28
2026/10/08 02:04:09.430, 0, 120 MHz, 3996 MHz, 184.47 W, 34
2026/10/08 02:04:09.430, 1, 120 MHz, 3996 MHz, 186.29 W, 36
2026/10/08 02:04:09.431, 2, 120 MHz, 3996 MHz, 183.18 W, 29
2026/10/08 02:04:09.431, 3, 120 MHz, 3996 MHz, 182.16 W, 29
2026/10/08 02:04:09.431, 4, 120 MHz, 3996 MHz, 184.47 W, 36
2026/10/08 02:04:09.431, 5, 120 MHz, 3996 MHz, 184.32 W, 35
2026/10/08 02:04:09.431, 6, 120 MHz, 3996 MHz, 184.95 W, 30
2026/10/08 02:04:09.431, 7, 120 MHz, 3996 MHz, 184.63 W, 28
2026/10/08 02:04:09.531, 0, 120 MHz, 3996 MHz, 184.47 W, 34
2026/10/08 02:04:09.531, 1, 120 MHz, 3996 MHz, 186.29 W, 36
2026/10/08 02:04:09.531, 2, 120 MHz, 3996 MHz, 183.11 W, 29
2026/10/08 02:04:09.531, 3, 120 MHz, 3996 MHz, 182.16 W, 29
2026/10/08 02:04:09.531, 4, 120 MHz, 3996 MHz, 184.47 W, 36
2026/10/08 02:04:09.531, 5, 120 MHz, 3996 MHz, 184.33 W, 35
2026/10/08 02:04:09.531, 6, 120 MHz, 3996 MHz, 184.95 W, 30
2026/10/08 02:04:09.531, 7, 120 MHz, 3996 MHz, 184.63 W, 28
2026/10/08 02:04:09.631, 0, 120 MHz, 3996 MHz, 184.47 W, 34
2026/10/08 02:04:09.631, 1, 120 MHz, 3996 MHz, 186.29 W, 36
2026/10/08 02:04:09.631, 2, 120 MHz, 3996 MHz, 183.03 W, 29
2026/10/08 02:04:09.631, 3, 120 MHz, 3996 MHz, 182.17 W, 29
2026/10/08 02:04:09.631, 4, 120 MHz, 3996 MHz, 184.47 W, 36
2026/10/08 02:04:09.631, 5, 120 MHz, 3996 MHz, 184.37 W, 35
2026/10/08 02:04:09.631, 6, 120 MHz, 3996 MHz, 184.91 W, 30
2026/10/08 02:04:09.631, 7, 120 MHz, 3996 MHz, 184.63 W, 28
2026/10/08 02:04:09.731, 0, 120 MHz, 3996 MHz, 184.47 W, 34
2026/10/08 02:04:09.731, 1, 120 MHz, 3996 MHz, 186.29 W, 36
2026/10/08 02:04:09.731, 2, 120 MHz, 3996 MHz, 183.03 W, 29
2026/10/08 02:04:09.731, 3, 120 MHz, 3996 MHz, 182.17 W, 29
2026/10/08 02:04:09.731, 4, 120 MHz, 3996 MHz, 184.47 W, 36
2026/10/08 02:04:09.731, 5, 120 MHz, 3996 MHz, 184.41 W, 35
2026/10/08 02:04:09.731, 6, 120 MHz, 3996 MHz, 184.91 W, 30
2026/10/08 02:04:09.731, 7, 120 MHz, 3996 MHz, 184.63 W, 28
2026/10/08 02:04:09.832, 0, 120 MHz, 3996 MHz, 184.47 W, 34
2026/10/08 02:04:09.832, 1, 120 MHz, 3996 MHz, 186.29 W, 36
2026/10/08 02:04:09.832, 2, 120 MHz, 3996 MHz, 183.01 W, 29
2026/10/08 02:04:09.832, 3, 120 MHz, 3996 MHz, 182.17 W, 29
2026/10/08 02:04:09.832, 4, 120 MHz, 3996 MHz, 184.47 W, 36
2026/10/08 02:04:09.832, 5, 120 MHz, 3996 MHz, 184.41 W, 35
2026/10/08 02:04:09.832, 6, 120 MHz, 3996 MHz, 184.91 W, 30
2026/10/08 02:04:09.832, 7, 120 MHz, 3996 MHz, 184.59 W, 28
2026/10/08 02:04:09.932, 0, 120 MHz, 3996 MHz, 184.47 W, 34
2026/10/08 02:04:09.932, 1, 120 MHz, 3996 MHz, 186.29 W, 36
2026/10/08 02:04:09.932, 2, 120 MHz, 3996 MHz, 182.99 W, 29
2026/10/08 02:04:09.932, 3, 120 MHz, 3996 MHz, 182.17 W, 29
2026/10/08 02:04:09.932, 4, 120 MHz, 3996 MHz, 184.47 W, 36
2026/10/08 02:04:09.932, 5, 120 MHz, 3996 MHz, 184.42 W, 35
2026/10/08 02:04:09.932, 6, 120 MHz, 3996 MHz, 184.87 W, 30
2026/10/08 02:04:09.932, 7, 120 MHz, 3996 MHz, 184.59 W, 28
2026/10/08 02:04:10.032, 0, 120 MHz, 3996 MHz, 184.47 W, 34
2026/10/08 02:04:10.032, 1, 120 MHz, 3996 MHz, 186.29 W, 36
2026/10/08 02:04:10.032, 2, 120 MHz, 3996 MHz, 182.97 W, 29
2026/10/08 02:04:10.032, 3, 120 MHz, 3996 MHz, 182.17 W, 29
2026/10/08 02:04:10.032, 4, 120 MHz, 3996 MHz, 184.47 W, 36
2026/10/08 02:04:10.032, 5, 120 MHz, 3996 MHz, 184.45 W, 35
2026/10/08 02:04:10.032, 6, 120 MHz, 3996 MHz, 184.91 W, 30
2026/10/08 02:04:10.032, 7, 120 MHz, 3996 MHz, 184.59 W, 28
2026/10/08 02:04:10.132, 0, 120 MHz, 3996 MHz, 184.47 W, 34
2026/10/08 02:04:10.132, 1, 120 MHz, 3996 MHz, 186.29 W, 36
2026/10/08 02:04:10.132, 2, 120 MHz, 3996 MHz, 182.91 W, 29
2026/10/08 02:04:10.132, 3, 120 MHz, 3996 MHz, 182.17 W, 29
2026/10/08 02:04:10.132, 4, 120 MHz, 3996 MHz, 184.47 W, 36
2026/10/08 02:04:10.132, 5, 120 MHz, 3996 MHz, 184.44 W, 35
2026/10/08 02:04:10.132, 6, 120 MHz, 3996 MHz, 184.91 W, 30
2026/10/08 02:04:10.132, 7, 120 MHz, 3996 MHz, 184.59 W, 28
2026/10/08 02:04:10.233, 0, 120 MHz, 3996 MHz, 184.47 W, 34
2026/10/08 02:04:10.233, 1, 120 MHz, 3996 MHz, 186.29 W, 36
2026/10/08 02:04:10.233, 2, 120 MHz, 3996 MHz, 183.03 W, 29
2026/10/08 02:04:10.233, 3, 120 MHz, 3996 MHz, 182.17 W, 29
2026/10/08 02:04:10.233, 4, 120 MHz, 3996 MHz, 184.47 W, 36
2026/10/08 02:04:10.233, 5, 120 MHz, 3996 MHz, 184.44 W, 35
2026/10/08 02:04:10.233, 6, 120 MHz, 3996 MHz, 184.91 W, 30
2026/10/08 02:04:10.233, 7, 120 MHz, 3996 MHz, 184.59 W, 28
2026/10/08 02:04:10.333, 0, 120 MHz, 3996 MHz, 184.47 W, 34
2026/10/08 02:04:10.333, 1, 120 MHz, 3996 MHz, 186.29 W, 36
2026/10/08 02:04:10.333, 2, 120 MHz, 3996 MHz, 183.15 W, 29
2026/10/08 02:04:10.333, 3, 120 MHz, 3996 MHz, 182.17 W, 29
2026/10/08 02:04:10.333, 4, 120 MHz, 3996 MHz, 184.47 W, 36
2026/10/08 02:04:10.333, 5, 120 MHz, 3996 MHz, 184.41 W, 35
2026/10/08 02:04:10.333, 6, 120 MHz, 3996 MHz, 184.95 W, 30
2026/10/08 02:04:10.333, 7, 120 MHz, 3996 MHz, 184.59 W, 28
2026/10/08 02:04:10.433, 0, 120 MHz, 3996 MHz, 184.47 W, 34
2026/10/08 02:04:10.433, 1, 120 MHz, 3996 MHz, 186.29 W, 36
2026/10/08 02:04:10.433, 2, 120 MHz, 3996 MHz, 183.07 W, 29
2026/10/08 02:04:10.433, 3, 120 MHz, 3996 MHz, 182.17 W, 29
2026/10/08 02:04:10.433, 4, 120 MHz, 3996 MHz, 184.47 W, 36
2026/10/08 02:04:10.433, 5, 120 MHz, 3996 MHz, 184.41 W, 35
2026/10/08 02:04:10.433, 6, 120 MHz, 3996 MHz, 184.91 W, 30
2026/10/08 02:04:10.433, 7, 120 MHz, 3996 MHz, 184.59 W, 28
2026/10/08 02:04:10.533, 0, 120 MHz, 3996 MHz, 184.47 W, 34
2026/10/08 02:04:10.533, 1, 120 MHz, 3996 MHz, 186.29 W, 36
2026/10/08 02:04:10.533, 2, 120 MHz, 3996 MHz, 183.09 W, 29
2026/10/08 02:04:10.533, 3, 120 MHz, 3996 MHz, 182.17 W, 29
2026/10/08 02:04:10.533, 4, 120 MHz, 3996 MHz, 184.47 W, 36
2026/10/08 02:04:10.533, 5, 120 MHz, 3996 MHz, 184.45 W, 35
2026/10/08 02:04:10.533, 6, 120 MHz, 3996 MHz, 184.95 W, 30
2026/10/08 02:04:10.533, 7, 120 MHz, 3996 MHz, 184.63 W, 28
2026/10/08 02:04:10.634, 0, 120 MHz, 3996 MHz, 184.47 W, 34
2026/10/08 02:04:10.634, 1, 120 MHz, 3996 MHz, 186.29 W, 36
2026/10/08 02:04:10.634, 2, 120 MHz, 3996 MHz, 183.11 W, 29
2026/10/08 02:04:10.634, 3, 120 MHz, 3996 MHz, 182.16 W, 29
2026/10/08 02:04:10.634, 4, 120 MHz, 3996 MHz, 184.47 W, 36
2026/10/08 02:04:10.634, 5, 120 MHz, 3996 MHz, 184.45 W, 35
2026/10/08 02:04:10.634, 6, 120 MHz, 3996 MHz, 184.95 W, 30
2026/10/08 02:04:10.634, 7, 120 MHz, 3996 MHz, 184.63 W, 28
2026/10/08 02:04:10.734, 0, 120 MHz, 3996 MHz, 184.47 W, 34
2026/10/08 02:04:10.734, 1, 120 MHz, 3996 MHz, 186.29 W, 36
2026/10/08 02:04:10.734, 2, 120 MHz, 3996 MHz, 183.24 W, 29
2026/10/08 02:04:10.734, 3, 120 MHz, 3996 MHz, 182.16 W, 29
2026/10/08 02:04:10.734, 4, 120 MHz, 3996 MHz, 184.47 W, 36
2026/10/08 02:04:10.734, 5, 120 MHz, 3996 MHz, 184.37 W, 35
2026/10/08 02:04:10.734, 6, 120 MHz, 3996 MHz, 184.95 W, 30
2026/10/08 02:04:10.734, 7, 120 MHz, 3996 MHz, 184.63 W, 28
2026/10/08 02:04:10.834, 0, 120 MHz, 3996 MHz, 184.47 W, 34
2026/10/08 02:04:10.834, 1, 120 MHz, 3996 MHz, 186.29 W, 36
2026/10/08 02:04:10.834, 2, 120 MHz, 3996 MHz, 183.32 W, 29
2026/10/08 02:04:10.834, 3, 120 MHz, 3996 MHz, 182.16 W, 29
2026/10/08 02:04:10.834, 4, 120 MHz, 3996 MHz, 184.47 W, 36
2026/10/08 02:04:10.834, 5, 120 MHz, 3996 MHz, 184.36 W, 35
2026/10/08 02:04:10.834, 6, 120 MHz, 3996 MHz, 184.95 W, 30
2026/10/08 02:04:10.834, 7, 120 MHz, 3996 MHz, 184.63 W, 28
2026/10/08 02:04:10.934, 0, 120 MHz, 3996 MHz, 184.47 W, 34
2026/10/08 02:04:10.934, 1, 120 MHz, 3996 MHz, 186.29 W, 36
2026/10/08 02:04:10.934, 2, 120 MHz, 3996 MHz, 183.31 W, 29
2026/10/08 02:04:10.934, 3, 120 MHz, 3996 MHz, 182.15 W, 29
2026/10/08 02:04:10.934, 4, 120 MHz, 3996 MHz, 184.47 W, 36
2026/10/08 02:04:10.934, 5, 120 MHz, 3996 MHz, 184.37 W, 35
2026/10/08 02:04:10.934, 6, 120 MHz, 3996 MHz, 184.95 W, 30
2026/10/08 02:04:10.934, 7, 120 MHz, 3996 MHz, 184.63 W, 28
2026/10/08 02:04:11.035, 0, 120 MHz, 3996 MHz, 184.47 W, 34
2026/10/08 02:04:11.035, 1, 120 MHz, 3996 MHz, 186.29 W, 36
2026/10/08 02:04:11.035, 2, 120 MHz, 3996 MHz, 183.19 W, 29
2026/10/08 02:04:11.035, 3, 120 MHz, 3996 MHz, 182.15 W, 29
2026/10/08 02:04:11.035, 4, 120 MHz, 3996 MHz, 184.48 W, 36
2026/10/08 02:04:11.035, 5, 120 MHz, 3996 MHz, 184.33 W, 35
2026/10/08 02:04:11.035, 6, 120 MHz, 3996 MHz, 184.95 W, 30
2026/10/08 02:04:11.035, 7, 120 MHz, 3996 MHz, 184.63 W, 28
2026/10/08 02:04:11.135, 0, 120 MHz, 3996 MHz, 184.47 W, 34
2026/10/08 02:04:11.135, 1, 120 MHz, 3996 MHz, 186.29 W, 36
2026/10/08 02:04:11.135, 2, 120 MHz, 3996 MHz, 183.17 W, 29
2026/10/08 02:04:11.135, 3, 120 MHz, 3996 MHz, 182.15 W, 29
2026/10/08 02:04:11.135, 4, 120 MHz, 3996 MHz, 184.47 W, 36
2026/10/08 02:04:11.135, 5, 120 MHz, 3996 MHz, 184.31 W, 35
2026/10/08 02:04:11.135, 6, 120 MHz, 3996 MHz, 184.91 W, 30
2026/10/08 02:04:11.135, 7, 120 MHz, 3996 MHz, 184.63 W, 28
2026/10/08 02:04:11.235, 0, 120 MHz, 3996 MHz, 184.47 W, 34
2026/10/08 02:04:11.235, 1, 120 MHz, 3996 MHz, 186.29 W, 36
2026/10/08 02:04:11.235, 2, 120 MHz, 3996 MHz, 183.17 W, 29
2026/10/08 02:04:11.235, 3, 120 MHz, 3996 MHz, 182.15 W, 29
2026/10/08 02:04:11.235, 4, 120 MHz, 3996 MHz, 184.47 W, 36
2026/10/08 02:04:11.235, 5, 120 MHz, 3996 MHz, 184.30 W, 35
2026/10/08 02:04:11.235, 6, 120 MHz, 3996 MHz, 184.91 W, 30
2026/10/08 02:04:11.235, 7, 120 MHz, 3996 MHz, 184.70 W, 28
2026/10/08 02:04:11.335, 0, 120 MHz, 3996 MHz, 184.47 W, 34
2026/10/08 02:04:11.335, 1, 120 MHz, 3996 MHz, 186.29 W, 36
2026/10/08 02:04:11.335, 2, 120 MHz, 3996 MHz, 183.07 W, 29
2026/10/08 02:04:11.335, 3, 120 MHz, 3996 MHz, 182.15 W, 29
2026/10/08 02:04:11.335, 4, 120 MHz, 3996 MHz, 184.47 W, 36
2026/10/08 02:04:11.335, 5, 120 MHz, 3996 MHz, 184.34 W, 35
2026/10/08 02:04:11.335, 6, 120 MHz, 3996 MHz, 184.87 W, 30
2026/10/08 02:04:11.335, 7, 120 MHz, 3996 MHz, 184.71 W, 28
2026/10/08 02:04:11.436, 0, 120 MHz, 3996 MHz, 184.47 W, 34
2026/10/08 02:04:11.436, 1, 120 MHz, 3996 MHz, 186.29 W, 36
2026/10/08 02:04:11.436, 2, 120 MHz, 3996 MHz, 182.98 W, 29
2026/10/08 02:04:11.436, 3, 120 MHz, 3996 MHz, 182.15 W, 29
2026/10/08 02:04:11.436, 4, 120 MHz, 3996 MHz, 184.47 W, 36
2026/10/08 02:04:11.436, 5, 120 MHz, 3996 MHz, 184.38 W, 35
2026/10/08 02:04:11.436, 6, 120 MHz, 3996 MHz, 184.87 W, 30
2026/10/08 02:04:11.436, 7, 120 MHz, 3996 MHz, 184.70 W, 28
2026/10/08 02:04:11.536, 0, 120 MHz, 3996 MHz, 184.47 W, 34
2026/10/08 02:04:11.536, 1, 120 MHz, 3996 MHz, 186.29 W, 36
2026/10/08 02:04:11.536, 2, 120 MHz, 3996 MHz, 183.06 W, 29
2026/10/08 02:04:11.536, 3, 120 MHz, 3996 MHz, 182.16 W, 29
2026/10/08 02:04:11.536, 4, 120 MHz, 3996 MHz, 184.47 W, 36
2026/10/08 02:04:11.536, 5, 120 MHz, 3996 MHz, 184.42 W, 35
2026/10/08 02:04:11.536, 6, 120 MHz, 3996 MHz, 184.83 W, 30
2026/10/08 02:04:11.536, 7, 120 MHz, 3996 MHz, 184.66 W, 28
2026/10/08 02:04:11.636, 0, 120 MHz, 3996 MHz, 184.47 W, 34
2026/10/08 02:04:11.636, 1, 120 MHz, 3996 MHz, 186.29 W, 36
2026/10/08 02:04:11.636, 2, 120 MHz, 3996 MHz, 183.05 W, 29
2026/10/08 02:04:11.636, 3, 120 MHz, 3996 MHz, 182.16 W, 29
2026/10/08 02:04:11.636, 4, 120 MHz, 3996 MHz, 184.47 W, 36
2026/10/08 02:04:11.636, 5, 120 MHz, 3996 MHz, 184.38 W, 35
2026/10/08 02:04:11.636, 6, 120 MHz, 3996 MHz, 184.83 W, 30
2026/10/08 02:04:11.636, 7, 120 MHz, 3996 MHz, 184.67 W, 28
2026/10/08 02:04:11.736, 0, 120 MHz, 3996 MHz, 184.47 W, 34
2026/10/08 02:04:11.736, 1, 120 MHz, 3996 MHz, 186.29 W, 36
2026/10/08 02:04:11.736, 2, 120 MHz, 3996 MHz, 183.00 W, 29
2026/10/08 02:04:11.736, 3, 120 MHz, 3996 MHz, 182.16 W, 29
2026/10/08 02:04:11.736, 4, 120 MHz, 3996 MHz, 184.47 W, 36
2026/10/08 02:04:11.736, 5, 120 MHz, 3996 MHz, 184.46 W, 35
2026/10/08 02:04:11.736, 6, 120 MHz, 3996 MHz, 184.83 W, 30
2026/10/08 02:04:11.736, 7, 120 MHz, 3996 MHz, 184.66 W, 28
2026/10/08 02:04:11.837, 0, 120 MHz, 3996 MHz, 184.47 W, 34
2026/10/08 02:04:11.837, 1, 120 MHz, 3996 MHz, 186.29 W, 36
2026/10/08 02:04:11.837, 2, 120 MHz, 3996 MHz, 182.92 W, 29
2026/10/08 02:04:11.837, 3, 120 MHz, 3996 MHz, 182.16 W, 29
2026/10/08 02:04:11.837, 4, 120 MHz, 3996 MHz, 184.46 W, 36
2026/10/08 02:04:11.837, 5, 2032 MHz, 3996 MHz, 184.46 W, 35
2026/10/08 02:04:11.837, 6, 120 MHz, 3996 MHz, 184.83 W, 30
2026/10/08 02:04:11.837, 7, 120 MHz, 3996 MHz, 184.70 W, 28
2026/10/08 02:04:11.937, 0, 120 MHz, 3996 MHz, 184.47 W, 34
2026/10/08 02:04:11.937, 1, 120 MHz, 3996 MHz, 186.29 W, 36
2026/10/08 02:04:11.937, 2, 120 MHz, 3996 MHz, 182.88 W, 29
2026/10/08 02:04:11.937, 3, 120 MHz, 3996 MHz, 182.16 W, 29
2026/10/08 02:04:11.937, 4, 120 MHz, 3996 MHz, 184.45 W, 36
2026/10/08 02:04:11.937, 5, 2032 MHz, 3996 MHz, 189.12 W, 35
2026/10/08 02:04:11.937, 6, 120 MHz, 3996 MHz, 184.83 W, 30
2026/10/08 02:04:11.937, 7, 120 MHz, 3996 MHz, 184.70 W, 28
2026/10/08 02:04:12.037, 0, 120 MHz, 3996 MHz, 184.47 W, 34
2026/10/08 02:04:12.037, 1, 120 MHz, 3996 MHz, 186.29 W, 36
2026/10/08 02:04:12.037, 2, 120 MHz, 3996 MHz, 182.86 W, 29
2026/10/08 02:04:12.037, 3, 120 MHz, 3996 MHz, 182.16 W, 29
2026/10/08 02:04:12.037, 4, 120 MHz, 3996 MHz, 184.44 W, 36
2026/10/08 02:04:12.037, 5, 2032 MHz, 3996 MHz, 194.21 W, 35
2026/10/08 02:04:12.037, 6, 120 MHz, 3996 MHz, 184.83 W, 30
2026/10/08 02:04:12.037, 7, 120 MHz, 3996 MHz, 184.70 W, 28
2026/10/08 02:04:12.137, 0, 120 MHz, 3996 MHz, 184.47 W, 34
2026/10/08 02:04:12.137, 1, 120 MHz, 3996 MHz, 186.29 W, 36
2026/10/08 02:04:12.137, 2, 120 MHz, 3996 MHz, 182.88 W, 29
2026/10/08 02:04:12.137, 3, 120 MHz, 3996 MHz, 182.17 W, 29
2026/10/08 02:04:12.137, 4, 120 MHz, 3996 MHz, 184.43 W, 36
2026/10/08 02:04:12.137, 5, 2032 MHz, 3996 MHz, 199.35 W, 35
2026/10/08 02:04:12.137, 6, 120 MHz, 3996 MHz, 184.83 W, 30
2026/10/08 02:04:12.137, 7, 120 MHz, 3996 MHz, 184.70 W, 28
2026/10/08 02:04:12.238, 0, 120 MHz, 3996 MHz, 184.47 W, 34
2026/10/08 02:04:12.238, 1, 120 MHz, 3996 MHz, 186.29 W, 36
2026/10/08 02:04:12.238, 2, 120 MHz, 3996 MHz, 182.90 W, 29
2026/10/08 02:04:12.238, 3, 120 MHz, 3996 MHz, 182.16 W, 29
2026/10/08 02:04:12.238, 4, 120 MHz, 3996 MHz, 184.41 W, 36
2026/10/08 02:04:12.238, 5, 2032 MHz, 3996 MHz, 204.49 W, 35
2026/10/08 02:04:12.238, 6, 120 MHz, 3996 MHz, 184.83 W, 30
2026/10/08 02:04:12.238, 7, 120 MHz, 3996 MHz, 184.63 W, 28
2026/10/08 02:04:12.338, 0, 120 MHz, 3996 MHz, 184.47 W, 34
2026/10/08 02:04:12.338, 1, 120 MHz, 3996 MHz, 186.29 W, 36
2026/10/08 02:04:12.338, 2, 120 MHz, 3996 MHz, 182.79 W, 29
2026/10/08 02:04:12.338, 3, 120 MHz, 3996 MHz, 182.16 W, 29
2026/10/08 02:04:12.338, 4, 120 MHz, 3996 MHz, 184.40 W, 36
2026/10/08 02:04:12.338, 5, 2032 MHz, 3996 MHz, 210.14 W, 36
2026/10/08 02:04:12.338, 6, 120 MHz, 3996 MHz, 184.87 W, 30
2026/10/08 02:04:12.338, 7, 120 MHz, 3996 MHz, 184.63 W, 28
2026/10/08 02:04:12.438, 0, 120 MHz, 3996 MHz, 184.47 W, 34
2026/10/08 02:04:12.438, 1, 120 MHz, 3996 MHz, 186.29 W, 36
2026/10/08 02:04:12.438, 2, 120 MHz, 3996 MHz, 182.84 W, 29
2026/10/08 02:04:12.438, 3, 120 MHz, 3996 MHz, 182.16 W, 29
2026/10/08 02:04:12.438, 4, 2032 MHz, 3996 MHz, 187.60 W, 36
2026/10/08 02:04:12.438, 5, 2032 MHz, 3996 MHz, 214.76 W, 36
2026/10/08 02:04:12.438, 6, 120 MHz, 3996 MHz, 184.91 W, 30
2026/10/08 02:04:12.438, 7, 120 MHz, 3996 MHz, 184.63 W, 28
2026/10/08 02:04:12.538, 0, 120 MHz, 3996 MHz, 184.47 W, 34
2026/10/08 02:04:12.538, 1, 120 MHz, 3996 MHz, 186.29 W, 36
2026/10/08 02:04:12.538, 2, 120 MHz, 3996 MHz, 182.76 W, 29
2026/10/08 02:04:12.538, 3, 120 MHz, 3996 MHz, 182.16 W, 29
2026/10/08 02:04:12.538, 4, 2032 MHz, 3996 MHz, 193.55 W, 37
2026/10/08 02:04:12.538, 5, 2032 MHz, 3996 MHz, 219.84 W, 36
2026/10/08 02:04:12.538, 6, 120 MHz, 3996 MHz, 184.91 W, 30
2026/10/08 02:04:12.538, 7, 120 MHz, 3996 MHz, 184.63 W, 28
2026/10/08 02:04:12.639, 0, 120 MHz, 3996 MHz, 184.47 W, 34
2026/10/08 02:04:12.639, 1, 120 MHz, 3996 MHz, 186.29 W, 36
2026/10/08 02:04:12.639, 2, 120 MHz, 3996 MHz, 182.84 W, 29
2026/10/08 02:04:12.639, 3, 120 MHz, 3996 MHz, 182.15 W, 29
2026/10/08 02:04:12.639, 4, 2032 MHz, 3996 MHz, 199.43 W, 37
2026/10/08 02:04:12.639, 5, 2032 MHz, 3996 MHz, 224.96 W, 36
2026/10/08 02:04:12.639, 6, 120 MHz, 3996 MHz, 184.91 W, 30
2026/10/08 02:04:12.639, 7, 120 MHz, 3996 MHz, 184.67 W, 28
2026/10/08 02:04:12.739, 0, 120 MHz, 3996 MHz, 184.47 W, 34
2026/10/08 02:04:12.739, 1, 120 MHz, 3996 MHz, 186.29 W, 36
2026/10/08 02:04:12.739, 2, 120 MHz, 3996 MHz, 182.90 W, 29
2026/10/08 02:04:12.739, 3, 120 MHz, 3996 MHz, 182.15 W, 29
2026/10/08 02:04:12.739, 4, 2032 MHz, 3996 MHz, 205.29 W, 37
2026/10/08 02:04:12.739, 5, 2032 MHz, 3996 MHz, 230.05 W, 36
2026/10/08 02:04:12.739, 6, 120 MHz, 3996 MHz, 184.91 W, 30
2026/10/08 02:04:12.739, 7, 120 MHz, 3996 MHz, 184.67 W, 28
2026/10/08 02:04:12.839, 0, 120 MHz, 3996 MHz, 184.47 W, 34
2026/10/08 02:04:12.839, 1, 120 MHz, 3996 MHz, 186.29 W, 36
2026/10/08 02:04:12.839, 2, 120 MHz, 3996 MHz, 182.88 W, 29
2026/10/08 02:04:12.839, 3, 120 MHz, 3996 MHz, 182.16 W, 29
2026/10/08 02:04:12.839, 4, 2032 MHz, 3996 MHz, 211.17 W, 37
2026/10/08 02:04:12.839, 5, 2032 MHz, 3996 MHz, 235.13 W, 36
2026/10/08 02:04:12.839, 6, 120 MHz, 3996 MHz, 184.91 W, 30
2026/10/08 02:04:12.839, 7, 120 MHz, 3996 MHz, 184.63 W, 28
2026/10/08 02:04:12.939, 0, 120 MHz, 3996 MHz, 184.47 W, 34
2026/10/08 02:04:12.939, 1, 120 MHz, 3996 MHz, 186.29 W, 36
2026/10/08 02:04:12.939, 2, 120 MHz, 3996 MHz, 182.79 W, 29
2026/10/08 02:04:12.939, 3, 120 MHz, 3996 MHz, 182.16 W, 29
2026/10/08 02:04:12.939, 4, 2032 MHz, 3996 MHz, 217.05 W, 37
2026/10/08 02:04:12.939, 5, 2032 MHz, 3996 MHz, 236.61 W, 36
2026/10/08 02:04:12.939, 6, 120 MHz, 3996 MHz, 184.95 W, 30
2026/10/08 02:04:12.939, 7, 120 MHz, 3996 MHz, 184.63 W, 28
2026/10/08 02:04:13.040, 0, 120 MHz, 3996 MHz, 184.47 W, 34
2026/10/08 02:04:13.040, 1, 120 MHz, 3996 MHz, 186.29 W, 36
2026/10/08 02:04:13.040, 2, 120 MHz, 3996 MHz, 182.91 W, 29
2026/10/08 02:04:13.040, 3, 120 MHz, 3996 MHz, 182.17 W, 29
2026/10/08 02:04:13.040, 4, 2032 MHz, 3996 MHz, 222.93 W, 37
2026/10/08 02:04:13.040, 5, 2032 MHz, 3996 MHz, 236.55 W, 36
2026/10/08 02:04:13.040, 6, 120 MHz, 3996 MHz, 184.95 W, 30
2026/10/08 02:04:13.040, 7, 120 MHz, 3996 MHz, 184.63 W, 28
2026/10/08 02:04:13.140, 0, 120 MHz, 3996 MHz, 184.47 W, 34
2026/10/08 02:04:13.140, 1, 120 MHz, 3996 MHz, 186.29 W, 36
2026/10/08 02:04:13.140, 2, 120 MHz, 3996 MHz, 182.94 W, 29
2026/10/08 02:04:13.140, 3, 120 MHz, 3996 MHz, 182.16 W, 29
2026/10/08 02:04:13.140, 4, 2032 MHz, 3996 MHz, 228.81 W, 37
2026/10/08 02:04:13.140, 5, 2032 MHz, 3996 MHz, 236.54 W, 36
2026/10/08 02:04:13.140, 6, 120 MHz, 3996 MHz, 184.95 W, 30
2026/10/08 02:04:13.140, 7, 120 MHz, 3996 MHz, 184.70 W, 28
2026/10/08 02:04:13.240, 0, 120 MHz, 3996 MHz, 184.47 W, 34
2026/10/08 02:04:13.240, 1, 120 MHz, 3996 MHz, 186.29 W, 36
2026/10/08 02:04:13.240, 2, 120 MHz, 3996 MHz, 182.90 W, 29
2026/10/08 02:04:13.240, 3, 120 MHz, 3996 MHz, 182.16 W, 29
2026/10/08 02:04:13.240, 4, 2032 MHz, 3996 MHz, 234.70 W, 37
2026/10/08 02:04:13.240, 5, 2032 MHz, 3996 MHz, 236.52 W, 36
2026/10/08 02:04:13.240, 6, 120 MHz, 3996 MHz, 184.95 W, 30
2026/10/08 02:04:13.240, 7, 120 MHz, 3996 MHz, 184.70 W, 28
2026/10/08 02:04:13.340, 0, 120 MHz, 3996 MHz, 184.47 W, 34
2026/10/08 02:04:13.340, 1, 120 MHz, 3996 MHz, 186.29 W, 36
2026/10/08 02:04:13.340, 2, 120 MHz, 3996 MHz, 182.99 W, 29
2026/10/08 02:04:13.340, 3, 120 MHz, 3996 MHz, 182.16 W, 29
2026/10/08 02:04:13.340, 4, 2032 MHz, 3996 MHz, 241.70 W, 37
2026/10/08 02:04:13.340, 5, 2032 MHz, 3996 MHz, 236.46 W, 36
2026/10/08 02:04:13.340, 6, 120 MHz, 3996 MHz, 184.91 W, 30
2026/10/08 02:04:13.340, 7, 120 MHz, 3996 MHz, 184.70 W, 28
2026/10/08 02:04:13.441, 0, 120 MHz, 3996 MHz, 184.47 W, 34
2026/10/08 02:04:13.441, 1, 120 MHz, 3996 MHz, 186.29 W, 36
2026/10/08 02:04:13.441, 2, 120 MHz, 3996 MHz, 182.97 W, 29
2026/10/08 02:04:13.441, 3, 120 MHz, 3996 MHz, 182.17 W, 29
2026/10/08 02:04:13.441, 4, 2032 MHz, 3996 MHz, 244.42 W, 38
2026/10/08 02:04:13.441, 5, 2032 MHz, 3996 MHz, 236.44 W, 36
2026/10/08 02:04:13.441, 6, 120 MHz, 3996 MHz, 184.87 W, 30
2026/10/08 02:04:13.441, 7, 120 MHz, 3996 MHz, 184.71 W, 28
2026/10/08 02:04:13.541, 0, 120 MHz, 3996 MHz, 184.47 W, 34
2026/10/08 02:04:13.541, 1, 120 MHz, 3996 MHz, 186.29 W, 36
2026/10/08 02:04:13.541, 2, 120 MHz, 3996 MHz, 182.94 W, 29
2026/10/08 02:04:13.541, 3, 120 MHz, 3996 MHz, 182.17 W, 29
2026/10/08 02:04:13.541, 4, 2032 MHz, 3996 MHz, 244.34 W, 38
2026/10/08 02:04:13.541, 5, 2032 MHz, 3996 MHz, 236.43 W, 36
2026/10/08 02:04:13.541, 6, 120 MHz, 3996 MHz, 184.87 W, 30
2026/10/08 02:04:13.541, 7, 120 MHz, 3996 MHz, 184.70 W, 28
2026/10/08 02:04:13.641, 0, 120 MHz, 3996 MHz, 184.47 W, 34
2026/10/08 02:04:13.641, 1, 120 MHz, 3996 MHz, 186.29 W, 36
2026/10/08 02:04:13.641, 2, 120 MHz, 3996 MHz, 182.78 W, 29
2026/10/08 02:04:13.641, 3, 120 MHz, 3996 MHz, 182.16 W, 29
2026/10/08 02:04:13.641, 4, 2032 MHz, 3996 MHz, 244.34 W, 38
2026/10/08 02:04:13.641, 5, 2032 MHz, 3996 MHz, 236.43 W, 36
2026/10/08 02:04:13.641, 6, 120 MHz, 3996 MHz, 184.91 W, 30
2026/10/08 02:04:13.641, 7, 120 MHz, 3996 MHz, 184.67 W, 28
2026/10/08 02:04:13.741, 0, 120 MHz, 3996 MHz, 184.47 W, 34
2026/10/08 02:04:13.742, 1, 120 MHz, 3996 MHz, 186.29 W, 36
2026/10/08 02:04:13.742, 2, 120 MHz, 3996 MHz, 182.63 W, 29
2026/10/08 02:04:13.742, 3, 120 MHz, 3996 MHz, 182.16 W, 29
2026/10/08 02:04:13.742, 4, 2032 MHz, 3996 MHz, 244.34 W, 38
2026/10/08 02:04:13.742, 5, 2032 MHz, 3996 MHz, 236.44 W, 36
2026/10/08 02:04:13.742, 6, 120 MHz, 3996 MHz, 184.95 W, 30
2026/10/08 02:04:13.742, 7, 120 MHz, 3996 MHz, 184.66 W, 28
2026/10/08 02:04:13.842, 0, 120 MHz, 3996 MHz, 184.47 W, 34
2026/10/08 02:04:13.842, 1, 120 MHz, 3996 MHz, 186.29 W, 36
2026/10/08 02:04:13.842, 2, 120 MHz, 3996 MHz, 182.56 W, 29
2026/10/08 02:04:13.842, 3, 120 MHz, 3996 MHz, 182.16 W, 29
2026/10/08 02:04:13.842, 4, 2032 MHz, 3996 MHz, 244.34 W, 38
2026/10/08 02:04:13.842, 5, 2032 MHz, 3996 MHz, 236.36 W, 36
2026/10/08 02:04:13.842, 6, 120 MHz, 3996 MHz, 184.95 W, 30
2026/10/08 02:04:13.842, 7, 120 MHz, 3996 MHz, 184.67 W, 28
2026/10/08 02:04:13.942, 0, 120 MHz, 3996 MHz, 184.47 W, 34
2026/10/08 02:04:13.942, 1, 120 MHz, 3996 MHz, 186.29 W, 36
2026/10/08 02:04:13.942, 2, 120 MHz, 3996 MHz, 182.71 W, 29
2026/10/08 02:04:13.942, 3, 120 MHz, 3996 MHz, 182.15 W, 29
2026/10/08 02:04:13.942, 4, 2032 MHz, 3996 MHz, 244.34 W, 38
2026/10/08 02:04:13.942, 5, 2032 MHz, 3996 MHz, 236.37 W, 36
2026/10/08 02:04:13.942, 6, 120 MHz, 3996 MHz, 184.91 W, 30
2026/10/08 02:04:13.942, 7, 120 MHz, 3996 MHz, 184.66 W, 28
2026/10/08 02:04:14.042, 0, 120 MHz, 3996 MHz, 184.47 W, 34
2026/10/08 02:04:14.042, 1, 120 MHz, 3996 MHz, 186.29 W, 36
2026/10/08 02:04:14.042, 2, 120 MHz, 3996 MHz, 182.74 W, 29
2026/10/08 02:04:14.042, 3, 120 MHz, 3996 MHz, 182.15 W, 29
2026/10/08 02:04:14.042, 4, 2032 MHz, 3996 MHz, 244.34 W, 38
2026/10/08 02:04:14.042, 5, 2032 MHz, 3996 MHz, 236.48 W, 36
2026/10/08 02:04:14.042, 6, 120 MHz, 3996 MHz, 184.95 W, 30
2026/10/08 02:04:14.042, 7, 120 MHz, 3996 MHz, 184.67 W, 28
2026/10/08 02:04:14.142, 0, 120 MHz, 3996 MHz, 184.47 W, 34
2026/10/08 02:04:14.143, 1, 120 MHz, 3996 MHz, 186.29 W, 36
2026/10/08 02:04:14.143, 2, 120 MHz, 3996 MHz, 182.67 W, 29
2026/10/08 02:04:14.143, 3, 120 MHz, 3996 MHz, 182.15 W, 29
2026/10/08 02:04:14.143, 4, 2032 MHz, 3996 MHz, 244.34 W, 38
2026/10/08 02:04:14.143, 5, 2032 MHz, 3996 MHz, 236.64 W, 36
2026/10/08 02:04:14.143, 6, 120 MHz, 3996 MHz, 185.02 W, 30
2026/10/08 02:04:14.143, 7, 120 MHz, 3996 MHz, 184.59 W, 28
2026/10/08 02:04:14.243, 0, 120 MHz, 3996 MHz, 184.47 W, 34
2026/10/08 02:04:14.243, 1, 120 MHz, 3996 MHz, 186.29 W, 36
2026/10/08 02:04:14.243, 2, 120 MHz, 3996 MHz, 182.60 W, 29
2026/10/08 02:04:14.243, 3, 120 MHz, 3996 MHz, 182.15 W, 29
2026/10/08 02:04:14.243, 4, 2032 MHz, 3996 MHz, 244.34 W, 38
2026/10/08 02:04:14.243, 5, 2032 MHz, 3996 MHz, 236.84 W, 36
2026/10/08 02:04:14.243, 6, 120 MHz, 3996 MHz, 185.03 W, 30
2026/10/08 02:04:14.243, 7, 120 MHz, 3996 MHz, 184.59 W, 28
2026/10/08 02:04:14.343, 0, 120 MHz, 3996 MHz, 184.47 W, 34
2026/10/08 02:04:14.343, 1, 120 MHz, 3996 MHz, 186.29 W, 36
2026/10/08 02:04:14.343, 2, 120 MHz, 3996 MHz, 182.63 W, 29
2026/10/08 02:04:14.343, 3, 120 MHz, 3996 MHz, 182.15 W, 29
2026/10/08 02:04:14.343, 4, 2032 MHz, 3996 MHz, 244.34 W, 38
2026/10/08 02:04:14.343, 5, 2032 MHz, 3996 MHz, 237.05 W, 36
2026/10/08 02:04:14.343, 6, 120 MHz, 3996 MHz, 185.02 W, 30
2026/10/08 02:04:14.343, 7, 120 MHz, 3996 MHz, 184.59 W, 28
2026/10/08 02:04:14.443, 0, 120 MHz, 3996 MHz, 184.47 W, 34
2026/10/08 02:04:14.443, 1, 120 MHz, 3996 MHz, 186.29 W, 36
2026/10/08 02:04:14.443, 2, 120 MHz, 3996 MHz, 182.67 W, 29
2026/10/08 02:04:14.443, 3, 120 MHz, 3996 MHz, 182.14 W, 29
2026/10/08 02:04:14.443, 4, 2032 MHz, 3996 MHz, 244.34 W, 38
2026/10/08 02:04:14.443, 5, 2032 MHz, 3996 MHz, 237.22 W, 36
2026/10/08 02:04:14.443, 6, 120 MHz, 3996 MHz, 185.02 W, 30
2026/10/08 02:04:14.443, 7, 120 MHz, 3996 MHz, 184.59 W, 28
2026/10/08 02:04:14.543, 0, 120 MHz, 3996 MHz, 184.47 W, 34
2026/10/08 02:04:14.543, 1, 120 MHz, 3996 MHz, 186.29 W, 36
2026/10/08 02:04:14.544, 2, 120 MHz, 3996 MHz, 182.72 W, 29
2026/10/08 02:04:14.544, 3, 120 MHz, 3996 MHz, 182.14 W, 29
2026/10/08 02:04:14.544, 4, 2032 MHz, 3996 MHz, 244.38 W, 38
2026/10/08 02:04:14.544, 5, 2032 MHz, 3996 MHz, 237.39 W, 36
2026/10/08 02:04:14.544, 6, 120 MHz, 3996 MHz, 185.03 W, 30
2026/10/08 02:04:14.544, 7, 120 MHz, 3996 MHz, 184.63 W, 28
2026/10/08 02:04:14.644, 0, 120 MHz, 3996 MHz, 184.47 W, 34
2026/10/08 02:04:14.644, 1, 120 MHz, 3996 MHz, 186.29 W, 36
2026/10/08 02:04:14.644, 2, 120 MHz, 3996 MHz, 182.79 W, 29
2026/10/08 02:04:14.644, 3, 120 MHz, 3996 MHz, 182.14 W, 29
2026/10/08 02:04:14.644, 4, 2032 MHz, 3996 MHz, 244.49 W, 38
2026/10/08 02:04:14.644, 5, 2032 MHz, 3996 MHz, 237.62 W, 36
2026/10/08 02:04:14.644, 6, 120 MHz, 3996 MHz, 184.98 W, 30
2026/10/08 02:04:14.644, 7, 120 MHz, 3996 MHz, 184.63 W, 28
2026/10/08 02:04:14.744, 0, 120 MHz, 3996 MHz, 184.47 W, 34
2026/10/08 02:04:14.744, 1, 120 MHz, 3996 MHz, 186.29 W, 36
2026/10/08 02:04:14.744, 2, 120 MHz, 3996 MHz, 182.91 W, 29
2026/10/08 02:04:14.744, 3, 120 MHz, 3996 MHz, 182.14 W, 29
2026/10/08 02:04:14.744, 4, 2032 MHz, 3996 MHz, 244.68 W, 38
2026/10/08 02:04:14.744, 5, 2032 MHz, 3996 MHz, 237.76 W, 36
2026/10/08 02:04:14.744, 6, 120 MHz, 3996 MHz, 184.99 W, 30
2026/10/08 02:04:14.744, 7, 120 MHz, 3996 MHz, 184.63 W, 28
2026/10/08 02:04:14.844, 0, 120 MHz, 3996 MHz, 184.47 W, 34
2026/10/08 02:04:14.844, 1, 120 MHz, 3996 MHz, 186.29 W, 36
2026/10/08 02:04:14.844, 2, 120 MHz, 3996 MHz, 183.09 W, 29
2026/10/08 02:04:14.844, 3, 120 MHz, 3996 MHz, 182.14 W, 29
2026/10/08 02:04:14.844, 4, 2032 MHz, 3996 MHz, 244.96 W, 38
2026/10/08 02:04:14.844, 5, 2032 MHz, 3996 MHz, 237.99 W, 36
2026/10/08 02:04:14.844, 6, 120 MHz, 3996 MHz, 185.03 W, 30
2026/10/08 02:04:14.844, 7, 120 MHz, 3996 MHz, 184.66 W, 28
2026/10/08 02:04:14.944, 0, 120 MHz, 3996 MHz, 184.47 W, 34
2026/10/08 02:04:14.945, 1, 120 MHz, 3996 MHz, 186.29 W, 36
2026/10/08 02:04:14.945, 2, 120 MHz, 3996 MHz, 183.07 W, 29
2026/10/08 02:04:14.945, 3, 120 MHz, 3996 MHz, 182.14 W, 29
2026/10/08 02:04:14.945, 4, 2032 MHz, 3996 MHz, 245.15 W, 38
2026/10/08 02:04:14.945, 5, 2032 MHz, 3996 MHz, 238.13 W, 36
2026/10/08 02:04:14.945, 6, 120 MHz, 3996 MHz, 185.03 W, 30
2026/10/08 02:04:14.945, 7, 120 MHz, 3996 MHz, 184.67 W, 28
2026/10/08 02:04:15.045, 0, 120 MHz, 3996 MHz, 184.47 W, 34
2026/10/08 02:04:15.045, 1, 120 MHz, 3996 MHz, 186.29 W, 36
2026/10/08 02:04:15.045, 2, 120 MHz, 3996 MHz, 182.99 W, 29
2026/10/08 02:04:15.045, 3, 120 MHz, 3996 MHz, 182.14 W, 29
2026/10/08 02:04:15.045, 4, 2032 MHz, 3996 MHz, 245.35 W, 38
2026/10/08 02:04:15.045, 5, 2032 MHz, 3996 MHz, 238.18 W, 36
2026/10/08 02:04:15.045, 6, 120 MHz, 3996 MHz, 185.02 W, 30
2026/10/08 02:04:15.045, 7, 120 MHz, 3996 MHz, 184.67 W, 28
2026/10/08 02:04:15.145, 0, 120 MHz, 3996 MHz, 184.47 W, 34
2026/10/08 02:04:15.145, 1, 120 MHz, 3996 MHz, 186.29 W, 36
2026/10/08 02:04:15.145, 2, 120 MHz, 3996 MHz, 182.99 W, 29
2026/10/08 02:04:15.145, 3, 120 MHz, 3996 MHz, 182.14 W, 29
2026/10/08 02:04:15.145, 4, 2032 MHz, 3996 MHz, 245.54 W, 38
2026/10/08 02:04:15.145, 5, 2032 MHz, 3996 MHz, 238.22 W, 36
2026/10/08 02:04:15.145, 6, 120 MHz, 3996 MHz, 184.91 W, 30
2026/10/08 02:04:15.145, 7, 120 MHz, 3996 MHz, 184.67 W, 28
2026/10/08 02:04:15.245, 0, 120 MHz, 3996 MHz, 184.47 W, 34
2026/10/08 02:04:15.245, 1, 120 MHz, 3996 MHz, 186.29 W, 36
2026/10/08 02:04:15.245, 2, 120 MHz, 3996 MHz, 183.13 W, 29
2026/10/08 02:04:15.245, 3, 120 MHz, 3996 MHz, 182.15 W, 29
2026/10/08 02:04:15.245, 4, 2032 MHz, 3996 MHz, 245.71 W, 38
2026/10/08 02:04:15.245, 5, 2032 MHz, 3996 MHz, 238.18 W, 36
2026/10/08 02:04:15.245, 6, 120 MHz, 3996 MHz, 184.91 W, 30
2026/10/08 02:04:15.245, 7, 120 MHz, 3996 MHz, 184.67 W, 28
2026/10/08 02:04:15.345, 0, 120 MHz, 3996 MHz, 184.47 W, 34
2026/10/08 02:04:15.346, 1, 120 MHz, 3996 MHz, 186.29 W, 36
2026/10/08 02:04:15.346, 2, 120 MHz, 3996 MHz, 183.19 W, 29
2026/10/08 02:04:15.346, 3, 120 MHz, 3996 MHz, 182.15 W, 29
2026/10/08 02:04:15.346, 4, 2032 MHz, 3996 MHz, 245.89 W, 38
2026/10/08 02:04:15.346, 5, 2032 MHz, 3996 MHz, 238.18 W, 36
2026/10/08 02:04:15.346, 6, 120 MHz, 3996 MHz, 184.91 W, 30
2026/10/08 02:04:15.346, 7, 120 MHz, 3996 MHz, 184.71 W, 28
2026/10/08 02:04:15.446, 0, 120 MHz, 3996 MHz, 184.47 W, 34
2026/10/08 02:04:15.446, 1, 120 MHz, 3996 MHz, 186.29 W, 36
2026/10/08 02:04:15.446, 2, 120 MHz, 3996 MHz, 183.19 W, 29
2026/10/08 02:04:15.446, 3, 120 MHz, 3996 MHz, 182.15 W, 29
2026/10/08 02:04:15.446, 4, 2032 MHz, 3996 MHz, 246.12 W, 38
2026/10/08 02:04:15.446, 5, 2032 MHz, 3996 MHz, 238.10 W, 36
2026/10/08 02:04:15.446, 6, 120 MHz, 3996 MHz, 184.91 W, 30
2026/10/08 02:04:15.446, 7, 120 MHz, 3996 MHz, 184.70 W, 28
2026/10/08 02:04:15.546, 0, 120 MHz, 3996 MHz, 184.47 W, 34
2026/10/08 02:04:15.546, 1, 120 MHz, 3996 MHz, 186.29 W, 36
2026/10/08 02:04:15.546, 2, 120 MHz, 3996 MHz, 183.17 W, 29
2026/10/08 02:04:15.546, 3, 120 MHz, 3996 MHz, 182.16 W, 29
2026/10/08 02:04:15.546, 4, 2032 MHz, 3996 MHz, 246.16 W, 38
2026/10/08 02:04:15.546, 5, 2032 MHz, 3996 MHz, 238.03 W, 36
2026/10/08 02:04:15.546, 6, 120 MHz, 3996 MHz, 184.91 W, 30
2026/10/08 02:04:15.546, 7, 120 MHz, 3996 MHz, 184.66 W, 28
2026/10/08 02:04:15.646, 0, 120 MHz, 3996 MHz, 184.47 W, 34
2026/10/08 02:04:15.646, 1, 120 MHz, 3996 MHz, 186.29 W, 36
2026/10/08 02:04:15.646, 2, 120 MHz, 3996 MHz, 183.13 W, 29
2026/10/08 02:04:15.646, 3, 120 MHz, 3996 MHz, 182.16 W, 29
2026/10/08 02:04:15.646, 4, 2032 MHz, 3996 MHz, 246.20 W, 38
2026/10/08 02:04:15.646, 5, 2032 MHz, 3996 MHz, 238.07 W, 36
2026/10/08 02:04:15.646, 6, 120 MHz, 3996 MHz, 184.91 W, 29
2026/10/08 02:04:15.646, 7, 120 MHz, 3996 MHz, 184.66 W, 28
2026/10/08 02:04:15.746, 0, 120 MHz, 3996 MHz, 184.47 W, 34
2026/10/08 02:04:15.746, 1, 120 MHz, 3996 MHz, 186.29 W, 36
2026/10/08 02:04:15.746, 2, 120 MHz, 3996 MHz, 183.05 W, 29
2026/10/08 02:04:15.746, 3, 120 MHz, 3996 MHz, 182.16 W, 29
2026/10/08 02:04:15.746, 4, 2032 MHz, 3996 MHz, 246.20 W, 38
2026/10/08 02:04:15.746, 5, 2032 MHz, 3996 MHz, 238.08 W, 36
2026/10/08 02:04:15.746, 6, 120 MHz, 3996 MHz, 184.87 W, 30
2026/10/08 02:04:15.746, 7, 120 MHz, 3996 MHz, 184.67 W, 28
2026/10/08 02:04:15.847, 0, 120 MHz, 3996 MHz, 184.47 W, 34
2026/10/08 02:04:15.847, 1, 120 MHz, 3996 MHz, 186.29 W, 36
2026/10/08 02:04:15.847, 2, 120 MHz, 3996 MHz, 183.05 W, 29
2026/10/08 02:04:15.847, 3, 120 MHz, 3996 MHz, 182.16 W, 29
2026/10/08 02:04:15.847, 4, 2032 MHz, 3996 MHz, 246.12 W, 38
2026/10/08 02:04:15.847, 5, 2032 MHz, 3996 MHz, 238.15 W, 36
2026/10/08 02:04:15.847, 6, 120 MHz, 3996 MHz, 184.91 W, 30
2026/10/08 02:04:15.847, 7, 120 MHz, 3996 MHz, 184.63 W, 28
2026/10/08 02:04:15.947, 0, 120 MHz, 3996 MHz, 184.47 W, 34
2026/10/08 02:04:15.947, 1, 120 MHz, 3996 MHz, 186.29 W, 36
2026/10/08 02:04:15.947, 2, 120 MHz, 3996 MHz, 182.98 W, 29
2026/10/08 02:04:15.947, 3, 120 MHz, 3996 MHz, 182.16 W, 29
2026/10/08 02:04:15.947, 4, 2032 MHz, 3996 MHz, 246.12 W, 38
2026/10/08 02:04:15.947, 5, 2032 MHz, 3996 MHz, 238.27 W, 36
2026/10/08 02:04:15.947, 6, 120 MHz, 3996 MHz, 184.91 W, 30
2026/10/08 02:04:15.947, 7, 120 MHz, 3996 MHz, 184.63 W, 28
2026/10/08 02:04:16.047, 0, 120 MHz, 3996 MHz, 184.47 W, 34
2026/10/08 02:04:16.047, 1, 120 MHz, 3996 MHz, 186.29 W, 36
2026/10/08 02:04:16.047, 2, 120 MHz, 3996 MHz, 182.99 W, 29
2026/10/08 02:04:16.047, 3, 120 MHz, 3996 MHz, 182.16 W, 29
2026/10/08 02:04:16.047, 4, 2032 MHz, 3996 MHz, 246.12 W, 38
2026/10/08 02:04:16.047, 5, 2032 MHz, 3996 MHz, 238.31 W, 36
2026/10/08 02:04:16.047, 6, 120 MHz, 3996 MHz, 184.91 W, 30
2026/10/08 02:04:16.047, 7, 120 MHz, 3996 MHz, 184.63 W, 28
2026/10/08 02:04:16.147, 0, 120 MHz, 3996 MHz, 184.47 W, 34
2026/10/08 02:04:16.147, 1, 120 MHz, 3996 MHz, 186.29 W, 36
2026/10/08 02:04:16.147, 2, 120 MHz, 3996 MHz, 183.03 W, 29
2026/10/08 02:04:16.147, 3, 120 MHz, 3996 MHz, 182.16 W, 29
2026/10/08 02:04:16.147, 4, 2032 MHz, 3996 MHz, 246.12 W, 38
2026/10/08 02:04:16.147, 5, 2032 MHz, 3996 MHz, 238.31 W, 36
2026/10/08 02:04:16.147, 6, 120 MHz, 3996 MHz, 184.91 W, 30
2026/10/08 02:04:16.147, 7, 120 MHz, 3996 MHz, 184.63 W, 28
2026/10/08 02:04:16.248, 0, 120 MHz, 3996 MHz, 184.47 W, 34
2026/10/08 02:04:16.248, 1, 120 MHz, 3996 MHz, 186.29 W, 36
2026/10/08 02:04:16.248, 2, 120 MHz, 3996 MHz, 182.99 W, 29
2026/10/08 02:04:16.248, 3, 120 MHz, 3996 MHz, 182.15 W, 29
2026/10/08 02:04:16.248, 4, 2032 MHz, 3996 MHz, 246.12 W, 38
2026/10/08 02:04:16.248, 5, 2032 MHz, 3996 MHz, 238.31 W, 36
2026/10/08 02:04:16.248, 6, 120 MHz, 3996 MHz, 184.91 W, 30
2026/10/08 02:04:16.248, 7, 120 MHz, 3996 MHz, 184.67 W, 28
2026/10/08 02:04:16.348, 0, 120 MHz, 3996 MHz, 184.47 W, 34
2026/10/08 02:04:16.348, 1, 120 MHz, 3996 MHz, 186.29 W, 36
2026/10/08 02:04:16.348, 2, 120 MHz, 3996 MHz, 183.09 W, 29
2026/10/08 02:04:16.348, 3, 120 MHz, 3996 MHz, 182.15 W, 29
2026/10/08 02:04:16.348, 4, 2032 MHz, 3996 MHz, 246.12 W, 38
2026/10/08 02:04:16.348, 5, 2032 MHz, 3996 MHz, 238.27 W, 36
2026/10/08 02:04:16.348, 6, 120 MHz, 3996 MHz, 184.91 W, 30
2026/10/08 02:04:16.348, 7, 120 MHz, 3996 MHz, 184.63 W, 28
2026/10/08 02:04:16.448, 0, 120 MHz, 3996 MHz, 184.47 W, 34
2026/10/08 02:04:16.448, 1, 120 MHz, 3996 MHz, 186.29 W, 36
2026/10/08 02:04:16.448, 2, 120 MHz, 3996 MHz, 182.99 W, 29
2026/10/08 02:04:16.448, 3, 120 MHz, 3996 MHz, 182.15 W, 29
2026/10/08 02:04:16.448, 4, 2032 MHz, 3996 MHz, 246.12 W, 38
2026/10/08 02:04:16.448, 5, 2032 MHz, 3996 MHz, 238.12 W, 36
2026/10/08 02:04:16.448, 6, 120 MHz, 3996 MHz, 184.91 W, 30
2026/10/08 02:04:16.448, 7, 120 MHz, 3996 MHz, 184.63 W, 28
2026/10/08 02:04:16.548, 0, 120 MHz, 3996 MHz, 184.47 W, 34
2026/10/08 02:04:16.548, 1, 120 MHz, 3996 MHz, 186.29 W, 36
2026/10/08 02:04:16.548, 2, 120 MHz, 3996 MHz, 183.01 W, 29
2026/10/08 02:04:16.548, 3, 120 MHz, 3996 MHz, 182.14 W, 29
2026/10/08 02:04:16.548, 4, 2032 MHz, 3996 MHz, 246.12 W, 38
2026/10/08 02:04:16.548, 5, 2032 MHz, 3996 MHz, 238.04 W, 36
2026/10/08 02:04:16.548, 6, 120 MHz, 3996 MHz, 184.91 W, 29
2026/10/08 02:04:16.548, 7, 120 MHz, 3996 MHz, 184.63 W, 28
2026/10/08 02:04:16.648, 0, 120 MHz, 3996 MHz, 184.47 W, 34
2026/10/08 02:04:16.649, 1, 120 MHz, 3996 MHz, 186.29 W, 36
2026/10/08 02:04:16.649, 2, 120 MHz, 3996 MHz, 182.99 W, 29
2026/10/08 02:04:16.649, 3, 120 MHz, 3996 MHz, 182.14 W, 29
2026/10/08 02:04:16.649, 4, 2032 MHz, 3996 MHz, 246.02 W, 38
2026/10/08 02:04:16.649, 5, 2032 MHz, 3996 MHz, 240.59 W, 36
2026/10/08 02:04:16.649, 6, 120 MHz, 3996 MHz, 184.91 W, 30
2026/10/08 02:04:16.649, 7, 120 MHz, 3996 MHz, 184.63 W, 28
2026/10/08 02:04:16.749, 0, 120 MHz, 3996 MHz, 184.47 W, 34
2026/10/08 02:04:16.749, 1, 120 MHz, 3996 MHz, 186.29 W, 36
2026/10/08 02:04:16.749, 2, 120 MHz, 3996 MHz, 183.09 W, 29
2026/10/08 02:04:16.749, 3, 120 MHz, 3996 MHz, 182.14 W, 29
2026/10/08 02:04:16.749, 4, 2032 MHz, 3996 MHz, 245.82 W, 38
2026/10/08 02:04:16.749, 5, 2032 MHz, 3996 MHz, 255.79 W, 37
2026/10/08 02:04:16.749, 6, 120 MHz, 3996 MHz, 184.91 W, 30
2026/10/08 02:04:16.749, 7, 120 MHz, 3996 MHz, 184.63 W, 28
2026/10/08 02:04:16.849, 0, 120 MHz, 3996 MHz, 184.47 W, 34
2026/10/08 02:04:16.849, 1, 120 MHz, 3996 MHz, 186.29 W, 36
2026/10/08 02:04:16.849, 2, 120 MHz, 3996 MHz, 182.99 W, 29
2026/10/08 02:04:16.849, 3, 120 MHz, 3996 MHz, 182.14 W, 29
2026/10/08 02:04:16.849, 4, 2032 MHz, 3996 MHz, 245.62 W, 38
2026/10/08 02:04:16.849, 5, 2032 MHz, 3996 MHz, 255.60 W, 36
2026/10/08 02:04:16.849, 6, 120 MHz, 3996 MHz, 184.83 W, 30
2026/10/08 02:04:16.849, 7, 120 MHz, 3996 MHz, 184.63 W, 28
2026/10/08 02:04:16.949, 0, 120 MHz, 3996 MHz, 184.47 W, 34
2026/10/08 02:04:16.949, 1, 120 MHz, 3996 MHz, 186.29 W, 36
2026/10/08 02:04:16.949, 2, 120 MHz, 3996 MHz, 182.91 W, 29
2026/10/08 02:04:16.949, 3, 120 MHz, 3996 MHz, 182.14 W, 29
2026/10/08 02:04:16.949, 4, 2032 MHz, 3996 MHz, 245.44 W, 38
2026/10/08 02:04:16.949, 5, 2032 MHz, 3996 MHz, 255.07 W, 36
2026/10/08 02:04:16.949, 6, 120 MHz, 3996 MHz, 184.83 W, 30
2026/10/08 02:04:16.949, 7, 120 MHz, 3996 MHz, 184.63 W, 28
2026/10/08 02:04:17.050, 0, 120 MHz, 3996 MHz, 184.47 W, 34
2026/10/08 02:04:17.050, 1, 120 MHz, 3996 MHz, 186.29 W, 36
2026/10/08 02:04:17.050, 2, 120 MHz, 3996 MHz, 182.90 W, 29
2026/10/08 02:04:17.050, 3, 120 MHz, 3996 MHz, 182.15 W, 29
2026/10/08 02:04:17.050, 4, 2032 MHz, 3996 MHz, 258.99 W, 38
2026/10/08 02:04:17.050, 5, 2032 MHz, 3996 MHz, 255.19 W, 36
2026/10/08 02:04:17.050, 6, 120 MHz, 3996 MHz, 184.83 W, 29
2026/10/08 02:04:17.050, 7, 120 MHz, 3996 MHz, 184.63 W, 28
2026/10/08 02:04:17.150, 0, 120 MHz, 3996 MHz, 184.47 W, 34
2026/10/08 02:04:17.150, 1, 120 MHz, 3996 MHz, 186.29 W, 36
2026/10/08 02:04:17.150, 2, 120 MHz, 3996 MHz, 182.98 W, 29
2026/10/08 02:04:17.150, 3, 120 MHz, 3996 MHz, 182.16 W, 29
2026/10/08 02:04:17.150, 4, 2032 MHz, 3996 MHz, 263.62 W, 38
2026/10/08 02:04:17.150, 5, 2032 MHz, 3996 MHz, 255.02 W, 36
2026/10/08 02:04:17.150, 6, 120 MHz, 3996 MHz, 184.83 W, 30
2026/10/08 02:04:17.150, 7, 120 MHz, 3996 MHz, 184.63 W, 28
2026/10/08 02:04:17.250, 0, 120 MHz, 3996 MHz, 184.47 W, 34
2026/10/08 02:04:17.250, 1, 120 MHz, 3996 MHz, 186.29 W, 36
2026/10/08 02:04:17.250, 2, 120 MHz, 3996 MHz, 182.94 W, 29
2026/10/08 02:04:17.250, 3, 120 MHz, 3996 MHz, 182.17 W, 29
2026/10/08 02:04:17.250, 4, 2032 MHz, 3996 MHz, 263.77 W, 38
2026/10/08 02:04:17.250, 5, 2032 MHz, 3996 MHz, 254.70 W, 36
2026/10/08 02:04:17.250, 6, 120 MHz, 3996 MHz, 184.83 W, 30
2026/10/08 02:04:17.250, 7, 120 MHz, 3996 MHz, 184.59 W, 28
2026/10/08 02:04:17.350, 0, 120 MHz, 3996 MHz, 184.47 W, 34
2026/10/08 02:04:17.350, 1, 120 MHz, 3996 MHz, 186.29 W, 36
2026/10/08 02:04:17.350, 2, 120 MHz, 3996 MHz, 182.80 W, 29
2026/10/08 02:04:17.350, 3, 120 MHz, 3996 MHz, 182.18 W, 29
2026/10/08 02:04:17.350, 4, 2032 MHz, 3996 MHz, 263.58 W, 38
2026/10/08 02:04:17.350, 5, 2032 MHz, 3996 MHz, 254.58 W, 36
2026/10/08 02:04:17.350, 6, 120 MHz, 3996 MHz, 184.83 W, 30
2026/10/08 02:04:17.350, 7, 120 MHz, 3996 MHz, 184.59 W, 28
2026/10/08 02:04:17.451, 0, 120 MHz, 3996 MHz, 184.47 W, 34
2026/10/08 02:04:17.451, 1, 120 MHz, 3996 MHz, 186.29 W, 36
2026/10/08 02:04:17.451, 2, 120 MHz, 3996 MHz, 182.78 W, 29
2026/10/08 02:04:17.451, 3, 120 MHz, 3996 MHz, 182.17 W, 29
2026/10/08 02:04:17.451, 4, 2032 MHz, 3996 MHz, 263.39 W, 38
2026/10/08 02:04:17.451, 5, 2032 MHz, 3996 MHz, 254.94 W, 36
2026/10/08 02:04:17.451, 6, 120 MHz, 3996 MHz, 184.83 W, 29
2026/10/08 02:04:17.451, 7, 120 MHz, 3996 MHz, 184.59 W, 28
2026/10/08 02:04:17.551, 0, 120 MHz, 3996 MHz, 184.47 W, 34
2026/10/08 02:04:17.551, 1, 120 MHz, 3996 MHz, 186.29 W, 36
2026/10/08 02:04:17.551, 2, 120 MHz, 3996 MHz, 182.88 W, 29
2026/10/08 02:04:17.551, 3, 120 MHz, 3996 MHz, 182.18 W, 29
2026/10/08 02:04:17.551, 4, 2032 MHz, 3996 MHz, 262.94 W, 38
2026/10/08 02:04:17.551, 5, 2032 MHz, 3996 MHz, 255.29 W, 36
2026/10/08 02:04:17.551, 6, 120 MHz, 3996 MHz, 184.83 W, 29
2026/10/08 02:04:17.551, 7, 120 MHz, 3996 MHz, 184.59 W, 28
2026/10/08 02:04:17.651, 0, 120 MHz, 3996 MHz, 184.47 W, 34
2026/10/08 02:04:17.651, 1, 120 MHz, 3996 MHz, 186.29 W, 36
2026/10/08 02:04:17.651, 2, 120 MHz, 3996 MHz, 183.01 W, 29
2026/10/08 02:04:17.651, 3, 120 MHz, 3996 MHz, 182.19 W, 29
2026/10/08 02:04:17.651, 4, 2032 MHz, 3996 MHz, 263.05 W, 38
2026/10/08 02:04:17.651, 5, 2032 MHz, 3996 MHz, 252.24 W, 36
2026/10/08 02:04:17.651, 6, 120 MHz, 3996 MHz, 184.83 W, 29
2026/10/08 02:04:17.651, 7, 120 MHz, 3996 MHz, 184.59 W, 28
2026/10/08 02:04:17.751, 0, 120 MHz, 3996 MHz, 184.47 W, 34
2026/10/08 02:04:17.751, 1, 120 MHz, 3996 MHz, 186.29 W, 36
2026/10/08 02:04:17.751, 2, 120 MHz, 3996 MHz, 182.99 W, 29
2026/10/08 02:04:17.751, 3, 120 MHz, 3996 MHz, 182.19 W, 29
2026/10/08 02:04:17.751, 4, 2032 MHz, 3996 MHz, 263.07 W, 38
2026/10/08 02:04:17.751, 5, 2032 MHz, 3996 MHz, 237.29 W, 36
2026/10/08 02:04:17.752, 6, 120 MHz, 3996 MHz, 184.83 W, 29
2026/10/08 02:04:17.752, 7, 120 MHz, 3996 MHz, 184.59 W, 28
2026/10/08 02:04:17.852, 0, 120 MHz, 3996 MHz, 184.47 W, 34
2026/10/08 02:04:17.852, 1, 120 MHz, 3996 MHz, 186.29 W, 36
2026/10/08 02:04:17.852, 2, 120 MHz, 3996 MHz, 182.91 W, 29
2026/10/08 02:04:17.852, 3, 120 MHz, 3996 MHz, 182.20 W, 29
2026/10/08 02:04:17.852, 4, 2032 MHz, 3996 MHz, 263.05 W, 38
2026/10/08 02:04:17.852, 5, 2032 MHz, 3996 MHz, 242.83 W, 36
2026/10/08 02:04:17.852, 6, 120 MHz, 3996 MHz, 184.83 W, 29
2026/10/08 02:04:17.852, 7, 120 MHz, 3996 MHz, 184.59 W, 28
2026/10/08 02:04:17.952, 0, 120 MHz, 3996 MHz, 184.47 W, 34
2026/10/08 02:04:17.952, 1, 120 MHz, 3996 MHz, 186.29 W, 36
2026/10/08 02:04:17.952, 2, 120 MHz, 3996 MHz, 182.91 W, 29
2026/10/08 02:04:17.952, 3, 120 MHz, 3996 MHz, 182.19 W, 29
2026/10/08 02:04:17.952, 4, 2032 MHz, 3996 MHz, 263.66 W, 38
2026/10/08 02:04:17.952, 5, 2032 MHz, 3996 MHz, 243.88 W, 36
2026/10/08 02:04:17.952, 6, 120 MHz, 3996 MHz, 184.83 W, 29
2026/10/08 02:04:17.952, 7, 120 MHz, 3996 MHz, 184.59 W, 28
2026/10/08 02:04:18.052, 0, 120 MHz, 3996 MHz, 184.47 W, 34
2026/10/08 02:04:18.052, 1, 120 MHz, 3996 MHz, 186.29 W, 36
2026/10/08 02:04:18.052, 2, 120 MHz, 3996 MHz, 182.90 W, 29
2026/10/08 02:04:18.052, 3, 120 MHz, 3996 MHz, 182.18 W, 29
2026/10/08 02:04:18.052, 4, 2032 MHz, 3996 MHz, 254.92 W, 38
2026/10/08 02:04:18.052, 5, 2032 MHz, 3996 MHz, 243.73 W, 36
2026/10/08 02:04:18.052, 6, 120 MHz, 3996 MHz, 184.83 W, 29
2026/10/08 02:04:18.052, 7, 120 MHz, 3996 MHz, 184.59 W, 28
2026/10/08 02:04:18.152, 0, 120 MHz, 3996 MHz, 184.47 W, 34
2026/10/08 02:04:18.153, 1, 120 MHz, 3996 MHz, 186.29 W, 36
2026/10/08 02:04:18.153, 2, 120 MHz, 3996 MHz, 182.95 W, 29
2026/10/08 02:04:18.153, 3, 120 MHz, 3996 MHz, 182.18 W, 29
2026/10/08 02:04:18.153, 4, 2032 MHz, 3996 MHz, 244.77 W, 38
2026/10/08 02:04:18.153, 5, 2032 MHz, 3996 MHz, 243.76 W, 36
2026/10/08 02:04:18.153, 6, 120 MHz, 3996 MHz, 184.83 W, 29
2026/10/08 02:04:18.153, 7, 120 MHz, 3996 MHz, 184.59 W, 28
2026/10/08 02:04:18.253, 0, 120 MHz, 3996 MHz, 184.47 W, 34
2026/10/08 02:04:18.253, 1, 120 MHz, 3996 MHz, 186.29 W, 36
2026/10/08 02:04:18.253, 2, 120 MHz, 3996 MHz, 182.94 W, 29
2026/10/08 02:04:18.253, 3, 120 MHz, 3996 MHz, 182.17 W, 29
2026/10/08 02:04:18.253, 4, 2032 MHz, 3996 MHz, 244.80 W, 38
2026/10/08 02:04:18.253, 5, 2032 MHz, 3996 MHz, 243.76 W, 36
2026/10/08 02:04:18.253, 6, 120 MHz, 3996 MHz, 184.83 W, 29
2026/10/08 02:04:18.253, 7, 120 MHz, 3996 MHz, 184.59 W, 28
2026/10/08 02:04:18.353, 0, 120 MHz, 3996 MHz, 184.47 W, 34
2026/10/08 02:04:18.353, 1, 120 MHz, 3996 MHz, 186.29 W, 36
2026/10/08 02:04:18.353, 2, 120 MHz, 3996 MHz, 182.86 W, 29
2026/10/08 02:04:18.353, 3, 120 MHz, 3996 MHz, 182.18 W, 29
2026/10/08 02:04:18.353, 4, 2032 MHz, 3996 MHz, 244.97 W, 38
2026/10/08 02:04:18.353, 5, 2032 MHz, 3996 MHz, 243.71 W, 36
2026/10/08 02:04:18.353, 6, 120 MHz, 3996 MHz, 184.83 W, 29
2026/10/08 02:04:18.353, 7, 120 MHz, 3996 MHz, 184.59 W, 28
2026/10/08 02:04:18.453, 0, 120 MHz, 3996 MHz, 184.47 W, 34
2026/10/08 02:04:18.453, 1, 120 MHz, 3996 MHz, 186.29 W, 36
2026/10/08 02:04:18.453, 2, 120 MHz, 3996 MHz, 182.94 W, 29
2026/10/08 02:04:18.453, 3, 120 MHz, 3996 MHz, 182.18 W, 29
2026/10/08 02:04:18.453, 4, 2032 MHz, 3996 MHz, 249.23 W, 38
2026/10/08 02:04:18.453, 5, 2032 MHz, 3996 MHz, 243.56 W, 36
2026/10/08 02:04:18.453, 6, 120 MHz, 3996 MHz, 184.83 W, 29
2026/10/08 02:04:18.453, 7, 120 MHz, 3996 MHz, 184.59 W, 28
2026/10/08 02:04:18.553, 0, 120 MHz, 3996 MHz, 184.47 W, 34
2026/10/08 02:04:18.554, 1, 120 MHz, 3996 MHz, 186.29 W, 36
2026/10/08 02:04:18.554, 2, 120 MHz, 3996 MHz, 182.78 W, 29
2026/10/08 02:04:18.554, 3, 120 MHz, 3996 MHz, 182.19 W, 29
2026/10/08 02:04:18.554, 4, 2032 MHz, 3996 MHz, 252.40 W, 38
2026/10/08 02:04:18.554, 5, 2032 MHz, 3996 MHz, 243.29 W, 36
2026/10/08 02:04:18.554, 6, 120 MHz, 3996 MHz, 184.83 W, 29
2026/10/08 02:04:18.554, 7, 120 MHz, 3996 MHz, 184.59 W, 28
2026/10/08 02:04:18.654, 0, 120 MHz, 3996 MHz, 184.47 W, 34
2026/10/08 02:04:18.654, 1, 120 MHz, 3996 MHz, 186.29 W, 36
2026/10/08 02:04:18.654, 2, 120 MHz, 3996 MHz, 182.71 W, 29
2026/10/08 02:04:18.654, 3, 120 MHz, 3996 MHz, 182.20 W, 29
2026/10/08 02:04:18.654, 4, 2032 MHz, 3996 MHz, 252.28 W, 38
2026/10/08 02:04:18.654, 5, 2032 MHz, 3996 MHz, 243.25 W, 36
2026/10/08 02:04:18.654, 6, 120 MHz, 3996 MHz, 184.83 W, 29
2026/10/08 02:04:18.654, 7, 120 MHz, 3996 MHz, 184.63 W, 28
2026/10/08 02:04:18.754, 0, 120 MHz, 3996 MHz, 184.47 W, 34
2026/10/08 02:04:18.754, 1, 120 MHz, 3996 MHz, 186.29 W, 36
2026/10/08 02:04:18.754, 2, 120 MHz, 3996 MHz, 182.63 W, 29
2026/10/08 02:04:18.754, 3, 120 MHz, 3996 MHz, 182.20 W, 29
2026/10/08 02:04:18.754, 4, 2032 MHz, 3996 MHz, 252.26 W, 38
2026/10/08 02:04:18.754, 5, 2032 MHz, 3996 MHz, 243.39 W, 36
2026/10/08 02:04:18.754, 6, 120 MHz, 3996 MHz, 184.83 W, 29
2026/10/08 02:04:18.754, 7, 120 MHz, 3996 MHz, 184.63 W, 28
2026/10/08 02:04:18.854, 0, 120 MHz, 3996 MHz, 184.47 W, 34
2026/10/08 02:04:18.854, 1, 120 MHz, 3996 MHz, 186.29 W, 36
2026/10/08 02:04:18.854, 2, 120 MHz, 3996 MHz, 182.71 W, 29
2026/10/08 02:04:18.854, 3, 120 MHz, 3996 MHz, 182.19 W, 29
2026/10/08 02:04:18.854, 4, 2032 MHz, 3996 MHz, 252.27 W, 38
2026/10/08 02:04:18.854, 5, 2032 MHz, 3996 MHz, 237.83 W, 36
2026/10/08 02:04:18.854, 6, 120 MHz, 3996 MHz, 184.83 W, 29
2026/10/08 02:04:18.854, 7, 120 MHz, 3996 MHz, 184.63 W, 28
2026/10/08 02:04:18.954, 0, 120 MHz, 3996 MHz, 184.47 W, 34
2026/10/08 02:04:18.955, 1, 120 MHz, 3996 MHz, 186.29 W, 36
2026/10/08 02:04:18.955, 2, 120 MHz, 3996 MHz, 182.82 W, 29
2026/10/08 02:04:18.955, 3, 120 MHz, 3996 MHz, 182.20 W, 29
2026/10/08 02:04:18.955, 4, 2032 MHz, 3996 MHz, 251.93 W, 38
2026/10/08 02:04:18.955, 5, 2032 MHz, 3996 MHz, 237.02 W, 36
2026/10/08 02:04:18.955, 6, 120 MHz, 3996 MHz, 184.83 W, 29
2026/10/08 02:04:18.955, 7, 120 MHz, 3996 MHz, 184.63 W, 28
2026/10/08 02:04:19.055, 0, 120 MHz, 3996 MHz, 184.47 W, 34
2026/10/08 02:04:19.055, 1, 120 MHz, 3996 MHz, 186.29 W, 36
2026/10/08 02:04:19.055, 2, 120 MHz, 3996 MHz, 182.87 W, 29
2026/10/08 02:04:19.055, 3, 120 MHz, 3996 MHz, 182.20 W, 29
2026/10/08 02:04:19.055, 4, 2032 MHz, 3996 MHz, 252.00 W, 38
2026/10/08 02:04:19.055, 5, 2032 MHz, 3996 MHz, 237.05 W, 36
2026/10/08 02:04:19.055, 6, 120 MHz, 3996 MHz, 184.83 W, 29
2026/10/08 02:04:19.055, 7, 120 MHz, 3996 MHz, 184.63 W, 28
2026/10/08 02:04:19.155, 0, 120 MHz, 3996 MHz, 184.47 W, 34
2026/10/08 02:04:19.155, 1, 120 MHz, 3996 MHz, 186.29 W, 36
2026/10/08 02:04:19.155, 2, 120 MHz, 3996 MHz, 182.82 W, 29
2026/10/08 02:04:19.155, 3, 120 MHz, 3996 MHz, 182.20 W, 29
2026/10/08 02:04:19.155, 4, 2032 MHz, 3996 MHz, 251.85 W, 38
2026/10/08 02:04:19.155, 5, 2032 MHz, 3996 MHz, 236.98 W, 36
2026/10/08 02:04:19.155, 6, 120 MHz, 3996 MHz, 184.83 W, 29
2026/10/08 02:04:19.155, 7, 120 MHz, 3996 MHz, 184.66 W, 28
2026/10/08 02:04:19.255, 0, 120 MHz, 3996 MHz, 184.47 W, 34
2026/10/08 02:04:19.255, 1, 120 MHz, 3996 MHz, 186.29 W, 36
2026/10/08 02:04:19.255, 2, 120 MHz, 3996 MHz, 182.72 W, 29
2026/10/08 02:04:19.255, 3, 120 MHz, 3996 MHz, 182.20 W, 29
2026/10/08 02:04:19.255, 4, 2032 MHz, 3996 MHz, 251.95 W, 38
2026/10/08 02:04:19.255, 5, 2032 MHz, 3996 MHz, 247.02 W, 36
2026/10/08 02:04:19.255, 6, 120 MHz, 3996 MHz, 184.83 W, 29
2026/10/08 02:04:19.255, 7, 120 MHz, 3996 MHz, 184.66 W, 28
2026/10/08 02:04:19.355, 0, 120 MHz, 3996 MHz, 184.47 W, 34
2026/10/08 02:04:19.356, 1, 120 MHz, 3996 MHz, 186.29 W, 36
2026/10/08 02:04:19.356, 2, 120 MHz, 3996 MHz, 182.76 W, 29
2026/10/08 02:04:19.356, 3, 120 MHz, 3996 MHz, 182.20 W, 29
2026/10/08 02:04:19.356, 4, 2032 MHz, 3996 MHz, 251.79 W, 38
2026/10/08 02:04:19.356, 5, 2032 MHz, 3996 MHz, 255.65 W, 39
2026/10/08 02:04:19.356, 6, 120 MHz, 3996 MHz, 184.83 W, 29
2026/10/08 02:04:19.356, 7, 120 MHz, 3996 MHz, 184.67 W, 28
2026/10/08 02:04:19.456, 0, 120 MHz, 3996 MHz, 184.47 W, 34
2026/10/08 02:04:19.456, 1, 120 MHz, 3996 MHz, 186.29 W, 36
2026/10/08 02:04:19.456, 2, 120 MHz, 3996 MHz, 182.82 W, 29
2026/10/08 02:04:19.456, 3, 120 MHz, 3996 MHz, 182.19 W, 29
2026/10/08 02:04:19.456, 4, 2032 MHz, 3996 MHz, 247.47 W, 38
2026/10/08 02:04:19.456, 5, 2032 MHz, 3996 MHz, 255.55 W, 36
2026/10/08 02:04:19.456, 6, 120 MHz, 3996 MHz, 184.83 W, 29
2026/10/08 02:04:19.456, 7, 120 MHz, 3996 MHz, 184.67 W, 28
2026/10/08 02:04:19.556, 0, 120 MHz, 3996 MHz, 184.47 W, 34
2026/10/08 02:04:19.556, 1, 120 MHz, 3996 MHz, 186.29 W, 36
2026/10/08 02:04:19.556, 2, 120 MHz, 3996 MHz, 182.82 W, 29
2026/10/08 02:04:19.556, 3, 120 MHz, 3996 MHz, 182.19 W, 29
2026/10/08 02:04:19.556, 4, 2032 MHz, 3996 MHz, 244.43 W, 38
2026/10/08 02:04:19.556, 5, 2032 MHz, 3996 MHz, 256.01 W, 36
2026/10/08 02:04:19.556, 6, 120 MHz, 3996 MHz, 184.83 W, 29
2026/10/08 02:04:19.556, 7, 120 MHz, 3996 MHz, 184.67 W, 28
2026/10/08 02:04:19.656, 0, 120 MHz, 3996 MHz, 184.47 W, 34
2026/10/08 02:04:19.656, 1, 120 MHz, 3996 MHz, 186.29 W, 36
2026/10/08 02:04:19.656, 2, 120 MHz, 3996 MHz, 182.79 W, 29
2026/10/08 02:04:19.656, 3, 120 MHz, 3996 MHz, 182.19 W, 29
2026/10/08 02:04:19.656, 4, 2032 MHz, 3996 MHz, 244.54 W, 38
2026/10/08 02:04:19.656, 5, 2032 MHz, 3996 MHz, 256.06 W, 36
2026/10/08 02:04:19.656, 6, 120 MHz, 3996 MHz, 184.83 W, 29
2026/10/08 02:04:19.656, 7, 120 MHz, 3996 MHz, 184.63 W, 28
2026/10/08 02:04:19.757, 0, 120 MHz, 3996 MHz, 184.47 W, 34
2026/10/08 02:04:19.757, 1, 120 MHz, 3996 MHz, 186.29 W, 36
2026/10/08 02:04:19.757, 2, 120 MHz, 3996 MHz, 182.75 W, 29
2026/10/08 02:04:19.757, 3, 120 MHz, 3996 MHz, 182.19 W, 29
2026/10/08 02:04:19.757, 4, 2032 MHz, 3996 MHz, 244.74 W, 38
2026/10/08 02:04:19.757, 5, 2032 MHz, 3996 MHz, 256.02 W, 36
2026/10/08 02:04:19.757, 6, 120 MHz, 3996 MHz, 184.83 W, 29
2026/10/08 02:04:19.757, 7, 120 MHz, 3996 MHz, 184.63 W, 28
2026/10/08 02:04:19.857, 0, 120 MHz, 3996 MHz, 184.47 W, 34
2026/10/08 02:04:19.857, 1, 120 MHz, 3996 MHz, 186.29 W, 36
2026/10/08 02:04:19.857, 2, 120 MHz, 3996 MHz, 182.72 W, 29
2026/10/08 02:04:19.857, 3, 120 MHz, 3996 MHz, 182.20 W, 29
2026/10/08 02:04:19.857, 4, 2032 MHz, 3996 MHz, 244.74 W, 38
2026/10/08 02:04:19.857, 5, 2032 MHz, 3996 MHz, 255.74 W, 36
2026/10/08 02:04:19.857, 6, 120 MHz, 3996 MHz, 184.87 W, 29
2026/10/08 02:04:19.857, 7, 120 MHz, 3996 MHz, 184.63 W, 28
2026/10/08 02:04:19.957, 0, 120 MHz, 3996 MHz, 184.47 W, 34
2026/10/08 02:04:19.957, 1, 120 MHz, 3996 MHz, 186.29 W, 36
2026/10/08 02:04:19.957, 2, 120 MHz, 3996 MHz, 182.60 W, 29
2026/10/08 02:04:19.957, 3, 120 MHz, 3996 MHz, 182.19 W, 29
2026/10/08 02:04:19.957, 4, 2032 MHz, 3996 MHz, 244.74 W, 38
2026/10/08 02:04:19.957, 5, 2032 MHz, 3996 MHz, 255.56 W, 36
2026/10/08 02:04:19.957, 6, 120 MHz, 3996 MHz, 184.87 W, 29
2026/10/08 02:04:19.957, 7, 120 MHz, 3996 MHz, 184.63 W, 28
2026/10/08 02:04:20.057, 0, 120 MHz, 3996 MHz, 184.47 W, 34
2026/10/08 02:04:20.058, 1, 120 MHz, 3996 MHz, 186.29 W, 36
2026/10/08 02:04:20.058, 2, 120 MHz, 3996 MHz, 182.48 W, 29
2026/10/08 02:04:20.058, 3, 120 MHz, 3996 MHz, 182.19 W, 29
2026/10/08 02:04:20.058, 4, 2032 MHz, 3996 MHz, 244.75 W, 38
2026/10/08 02:04:20.058, 5, 2032 MHz, 3996 MHz, 255.98 W, 36
2026/10/08 02:04:20.058, 6, 120 MHz, 3996 MHz, 184.87 W, 29
2026/10/08 02:04:20.058, 7, 120 MHz, 3996 MHz, 184.63 W, 28
2026/10/08 02:04:20.158, 0, 120 MHz, 3996 MHz, 184.47 W, 34
2026/10/08 02:04:20.158, 1, 120 MHz, 3996 MHz, 186.29 W, 36
2026/10/08 02:04:20.158, 2, 120 MHz, 3996 MHz, 182.44 W, 29
2026/10/08 02:04:20.158, 3, 120 MHz, 3996 MHz, 182.20 W, 29
2026/10/08 02:04:20.158, 4, 2032 MHz, 3996 MHz, 263.38 W, 38
2026/10/08 02:04:20.158, 5, 2032 MHz, 3996 MHz, 257.39 W, 36
2026/10/08 02:04:20.158, 6, 120 MHz, 3996 MHz, 184.87 W, 29
2026/10/08 02:04:20.158, 7, 120 MHz, 3996 MHz, 184.59 W, 28
2026/10/08 02:04:20.258, 0, 120 MHz, 3996 MHz, 184.47 W, 34
2026/10/08 02:04:20.258, 1, 120 MHz, 3996 MHz, 186.29 W, 36
2026/10/08 02:04:20.258, 2, 120 MHz, 3996 MHz, 182.48 W, 29
2026/10/08 02:04:20.258, 3, 120 MHz, 3996 MHz, 182.20 W, 29
2026/10/08 02:04:20.258, 4, 2032 MHz, 3996 MHz, 264.35 W, 38
2026/10/08 02:04:20.258, 5, 2032 MHz, 3996 MHz, 259.39 W, 36
2026/10/08 02:04:20.258, 6, 120 MHz, 3996 MHz, 184.87 W, 29
2026/10/08 02:04:20.258, 7, 120 MHz, 3996 MHz, 184.59 W, 28
2026/10/08 02:04:20.358, 0, 120 MHz, 3996 MHz, 184.47 W, 34
2026/10/08 02:04:20.358, 1, 120 MHz, 3996 MHz, 186.29 W, 36
2026/10/08 02:04:20.358, 2, 120 MHz, 3996 MHz, 182.48 W, 29
2026/10/08 02:04:20.358, 3, 120 MHz, 3996 MHz, 182.20 W, 29
2026/10/08 02:04:20.358, 4, 2032 MHz, 3996 MHz, 264.55 W, 38
2026/10/08 02:04:20.358, 5, 2032 MHz, 3996 MHz, 243.23 W, 36
2026/10/08 02:04:20.358, 6, 120 MHz, 3996 MHz, 184.87 W, 29
2026/10/08 02:04:20.358, 7, 120 MHz, 3996 MHz, 184.59 W, 28
2026/10/08 02:04:20.459, 0, 120 MHz, 3996 MHz, 184.47 W, 34
2026/10/08 02:04:20.459, 1, 120 MHz, 3996 MHz, 186.29 W, 36
2026/10/08 02:04:20.459, 2, 120 MHz, 3996 MHz, 182.33 W, 29
2026/10/08 02:04:20.459, 3, 120 MHz, 3996 MHz, 182.20 W, 29
2026/10/08 02:04:20.459, 4, 2032 MHz, 3996 MHz, 264.68 W, 38
2026/10/08 02:04:20.459, 5, 2032 MHz, 3996 MHz, 245.05 W, 36
2026/10/08 02:04:20.459, 6, 120 MHz, 3996 MHz, 184.87 W, 29
2026/10/08 02:04:20.459, 7, 120 MHz, 3996 MHz, 184.59 W, 28
2026/10/08 02:04:20.559, 0, 120 MHz, 3996 MHz, 184.47 W, 34
2026/10/08 02:04:20.559, 1, 120 MHz, 3996 MHz, 186.29 W, 36
2026/10/08 02:04:20.559, 2, 120 MHz, 3996 MHz, 182.36 W, 29
2026/10/08 02:04:20.559, 3, 120 MHz, 3996 MHz, 182.20 W, 29
2026/10/08 02:04:20.559, 4, 2032 MHz, 3996 MHz, 264.69 W, 38
2026/10/08 02:04:20.559, 5, 2032 MHz, 3996 MHz, 245.24 W, 36
2026/10/08 02:04:20.559, 6, 120 MHz, 3996 MHz, 184.87 W, 29
2026/10/08 02:04:20.559, 7, 120 MHz, 3996 MHz, 184.59 W, 28
2026/10/08 02:04:20.659, 0, 120 MHz, 3996 MHz, 184.47 W, 34
2026/10/08 02:04:20.659, 1, 120 MHz, 3996 MHz, 186.29 W, 36
2026/10/08 02:04:20.659, 2, 120 MHz, 3996 MHz, 182.37 W, 29
2026/10/08 02:04:20.659, 3, 120 MHz, 3996 MHz, 182.20 W, 29
2026/10/08 02:04:20.659, 4, 2032 MHz, 3996 MHz, 264.94 W, 38
2026/10/08 02:04:20.659, 5, 2032 MHz, 3996 MHz, 245.34 W, 36
2026/10/08 02:04:20.659, 6, 120 MHz, 3996 MHz, 184.87 W, 29
2026/10/08 02:04:20.659, 7, 120 MHz, 3996 MHz, 184.59 W, 28
2026/10/08 02:04:20.759, 0, 120 MHz, 3996 MHz, 184.47 W, 34
2026/10/08 02:04:20.759, 1, 120 MHz, 3996 MHz, 186.29 W, 36
2026/10/08 02:04:20.759, 2, 120 MHz, 3996 MHz, 182.48 W, 29
2026/10/08 02:04:20.759, 3, 120 MHz, 3996 MHz, 182.20 W, 29
2026/10/08 02:04:20.759, 4, 2032 MHz, 3996 MHz, 264.82 W, 38
2026/10/08 02:04:20.759, 5, 2032 MHz, 3996 MHz, 245.34 W, 36
2026/10/08 02:04:20.759, 6, 120 MHz, 3996 MHz, 184.87 W, 29
2026/10/08 02:04:20.759, 7, 120 MHz, 3996 MHz, 184.59 W, 28
2026/10/08 02:04:20.859, 0, 120 MHz, 3996 MHz, 184.47 W, 34
2026/10/08 02:04:20.860, 1, 120 MHz, 3996 MHz, 186.29 W, 36
2026/10/08 02:04:20.860, 2, 120 MHz, 3996 MHz, 182.48 W, 29
2026/10/08 02:04:20.860, 3, 120 MHz, 3996 MHz, 182.19 W, 29
2026/10/08 02:04:20.860, 4, 2032 MHz, 3996 MHz, 264.41 W, 38
2026/10/08 02:04:20.860, 5, 2032 MHz, 3996 MHz, 245.87 W, 36
2026/10/08 02:04:20.860, 6, 120 MHz, 3996 MHz, 184.83 W, 29
2026/10/08 02:04:20.860, 7, 120 MHz, 3996 MHz, 184.59 W, 28
2026/10/08 02:04:20.960, 0, 120 MHz, 3996 MHz, 184.47 W, 34
2026/10/08 02:04:20.960, 1, 120 MHz, 3996 MHz, 186.29 W, 36
2026/10/08 02:04:20.960, 2, 120 MHz, 3996 MHz, 182.49 W, 29
2026/10/08 02:04:20.960, 3, 120 MHz, 3996 MHz, 182.19 W, 29
2026/10/08 02:04:20.960, 4, 2032 MHz, 3996 MHz, 265.77 W, 38
2026/10/08 02:04:20.960, 5, 2032 MHz, 3996 MHz, 247.36 W, 36
2026/10/08 02:04:20.960, 6, 120 MHz, 3996 MHz, 184.83 W, 29
2026/10/08 02:04:20.960, 7, 120 MHz, 3996 MHz, 184.59 W, 28
2026/10/08 02:04:21.060, 0, 120 MHz, 3996 MHz, 184.47 W, 34
2026/10/08 02:04:21.060, 1, 120 MHz, 3996 MHz, 186.29 W, 36
2026/10/08 02:04:21.060, 2, 120 MHz, 3996 MHz, 182.52 W, 29
2026/10/08 02:04:21.060, 3, 120 MHz, 3996 MHz, 182.19 W, 29
2026/10/08 02:04:21.060, 4, 2032 MHz, 3996 MHz, 268.20 W, 38
2026/10/08 02:04:21.060, 5, 2032 MHz, 3996 MHz, 248.97 W, 36
2026/10/08 02:04:21.060, 6, 120 MHz, 3996 MHz, 184.83 W, 29
2026/10/08 02:04:21.060, 7, 120 MHz, 3996 MHz, 184.59 W, 28
2026/10/08 02:04:21.160, 0, 120 MHz, 3996 MHz, 184.47 W, 34
2026/10/08 02:04:21.160, 1, 120 MHz, 3996 MHz, 186.29 W, 36
2026/10/08 02:04:21.160, 2, 120 MHz, 3996 MHz, 182.59 W, 29
2026/10/08 02:04:21.160, 3, 120 MHz, 3996 MHz, 182.19 W, 29
2026/10/08 02:04:21.160, 4, 2032 MHz, 3996 MHz, 251.37 W, 38
2026/10/08 02:04:21.160, 5, 2032 MHz, 3996 MHz, 247.21 W, 36
2026/10/08 02:04:21.160, 6, 120 MHz, 3996 MHz, 184.83 W, 29
2026/10/08 02:04:21.160, 7, 120 MHz, 3996 MHz, 184.59 W, 28
2026/10/08 02:04:21.260, 0, 120 MHz, 3996 MHz, 184.47 W, 34
2026/10/08 02:04:21.261, 1, 120 MHz, 3996 MHz, 186.29 W, 36
2026/10/08 02:04:21.261, 2, 120 MHz, 3996 MHz, 182.55 W, 29
2026/10/08 02:04:21.261, 3, 120 MHz, 3996 MHz, 182.19 W, 29
2026/10/08 02:04:21.261, 4, 2032 MHz, 3996 MHz, 252.61 W, 38
2026/10/08 02:04:21.261, 5, 2032 MHz, 3996 MHz, 245.65 W, 36
2026/10/08 02:04:21.261, 6, 120 MHz, 3996 MHz, 184.83 W, 29
2026/10/08 02:04:21.261, 7, 120 MHz, 3996 MHz, 184.59 W, 28
2026/10/08 02:04:21.361, 0, 120 MHz, 3996 MHz, 184.47 W, 34
2026/10/08 02:04:21.361, 1, 120 MHz, 3996 MHz, 186.29 W, 36
2026/10/08 02:04:21.361, 2, 120 MHz, 3996 MHz, 182.52 W, 29
2026/10/08 02:04:21.361, 3, 120 MHz, 3996 MHz, 182.19 W, 29
2026/10/08 02:04:21.361, 4, 2032 MHz, 3996 MHz, 253.87 W, 38
2026/10/08 02:04:21.361, 5, 2032 MHz, 3996 MHz, 243.14 W, 36
2026/10/08 02:04:21.361, 6, 120 MHz, 3996 MHz, 184.83 W, 29
2026/10/08 02:04:21.361, 7, 120 MHz, 3996 MHz, 184.59 W, 28
2026/10/08 02:04:21.461, 0, 120 MHz, 3996 MHz, 184.47 W, 34
2026/10/08 02:04:21.461, 1, 120 MHz, 3996 MHz, 186.29 W, 36
2026/10/08 02:04:21.461, 2, 120 MHz, 3996 MHz, 182.51 W, 29
2026/10/08 02:04:21.461, 3, 120 MHz, 3996 MHz, 182.19 W, 29
2026/10/08 02:04:21.461, 4, 2032 MHz, 3996 MHz, 253.80 W, 38
2026/10/08 02:04:21.461, 5, 2032 MHz, 3996 MHz, 241.83 W, 36
2026/10/08 02:04:21.461, 6, 120 MHz, 3996 MHz, 184.87 W, 29
2026/10/08 02:04:21.461, 7, 120 MHz, 3996 MHz, 184.59 W, 28
2026/10/08 02:04:21.561, 0, 120 MHz, 3996 MHz, 184.47 W, 34
2026/10/08 02:04:21.561, 1, 120 MHz, 3996 MHz, 186.29 W, 36
2026/10/08 02:04:21.561, 2, 120 MHz, 3996 MHz, 182.48 W, 29
2026/10/08 02:04:21.561, 3, 120 MHz, 3996 MHz, 182.19 W, 29
2026/10/08 02:04:21.561, 4, 2032 MHz, 3996 MHz, 253.92 W, 38
2026/10/08 02:04:21.561, 5, 2032 MHz, 3996 MHz, 240.87 W, 36
2026/10/08 02:04:21.561, 6, 120 MHz, 3996 MHz, 184.87 W, 29
2026/10/08 02:04:21.561, 7, 120 MHz, 3996 MHz, 184.59 W, 28
2026/10/08 02:04:21.661, 0, 120 MHz, 3996 MHz, 184.47 W, 34
2026/10/08 02:04:21.662, 1, 120 MHz, 3996 MHz, 186.29 W, 36
2026/10/08 02:04:21.662, 2, 120 MHz, 3996 MHz, 182.55 W, 29
2026/10/08 02:04:21.662, 3, 120 MHz, 3996 MHz, 182.18 W, 29
2026/10/08 02:04:21.662, 4, 2032 MHz, 3996 MHz, 253.96 W, 38
2026/10/08 02:04:21.662, 5, 2032 MHz, 3996 MHz, 240.87 W, 36
2026/10/08 02:04:21.662, 6, 120 MHz, 3996 MHz, 184.87 W, 29
2026/10/08 02:04:21.662, 7, 120 MHz, 3996 MHz, 184.59 W, 28
2026/10/08 02:04:21.762, 0, 120 MHz, 3996 MHz, 184.47 W, 34
2026/10/08 02:04:21.762, 1, 120 MHz, 3996 MHz, 186.29 W, 36
2026/10/08 02:04:21.762, 2, 120 MHz, 3996 MHz, 182.44 W, 29
2026/10/08 02:04:21.762, 3, 120 MHz, 3996 MHz, 182.18 W, 29
2026/10/08 02:04:21.762, 4, 2032 MHz, 3996 MHz, 255.62 W, 38
2026/10/08 02:04:21.762, 5, 2032 MHz, 3996 MHz, 242.04 W, 36
2026/10/08 02:04:21.762, 6, 120 MHz, 3996 MHz, 184.87 W, 29
2026/10/08 02:04:21.762, 7, 120 MHz, 3996 MHz, 184.59 W, 28
2026/10/08 02:04:21.862, 0, 120 MHz, 3996 MHz, 184.47 W, 34
2026/10/08 02:04:21.862, 1, 120 MHz, 3996 MHz, 186.29 W, 36
2026/10/08 02:04:21.862, 2, 120 MHz, 3996 MHz, 182.36 W, 29
2026/10/08 02:04:21.862, 3, 120 MHz, 3996 MHz, 182.18 W, 29
2026/10/08 02:04:21.862, 4, 2032 MHz, 3996 MHz, 257.97 W, 38
2026/10/08 02:04:21.862, 5, 2032 MHz, 3996 MHz, 243.03 W, 36
2026/10/08 02:04:21.862, 6, 120 MHz, 3996 MHz, 184.87 W, 29
2026/10/08 02:04:21.862, 7, 120 MHz, 3996 MHz, 184.59 W, 28
2026/10/08 02:04:21.962, 0, 120 MHz, 3996 MHz, 184.47 W, 34
2026/10/08 02:04:21.962, 1, 120 MHz, 3996 MHz, 186.29 W, 36
2026/10/08 02:04:21.962, 2, 120 MHz, 3996 MHz, 182.40 W, 29
2026/10/08 02:04:21.962, 3, 120 MHz, 3996 MHz, 182.18 W, 29
2026/10/08 02:04:21.962, 4, 2032 MHz, 3996 MHz, 257.59 W, 38
2026/10/08 02:04:21.962, 5, 2032 MHz, 3996 MHz, 242.53 W, 36
2026/10/08 02:04:21.962, 6, 120 MHz, 3996 MHz, 184.87 W, 29
2026/10/08 02:04:21.962, 7, 120 MHz, 3996 MHz, 184.59 W, 28
2026/10/08 02:04:22.063, 0, 120 MHz, 3996 MHz, 184.47 W, 34
2026/10/08 02:04:22.063, 1, 120 MHz, 3996 MHz, 186.29 W, 36
2026/10/08 02:04:22.063, 2, 120 MHz, 3996 MHz, 182.44 W, 29
2026/10/08 02:04:22.063, 3, 120 MHz, 3996 MHz, 182.18 W, 29
2026/10/08 02:04:22.063, 4, 2032 MHz, 3996 MHz, 255.24 W, 38
2026/10/08 02:04:22.063, 5, 2032 MHz, 3996 MHz, 241.82 W, 36
2026/10/08 02:04:22.063, 6, 120 MHz, 3996 MHz, 184.87 W, 29
2026/10/08 02:04:22.063, 7, 120 MHz, 3996 MHz, 184.59 W, 28
2026/10/08 02:04:22.163, 0, 120 MHz, 3996 MHz, 184.47 W, 34
2026/10/08 02:04:22.163, 1, 120 MHz, 3996 MHz, 186.29 W, 36
2026/10/08 02:04:22.163, 2, 120 MHz, 3996 MHz, 182.36 W, 29
2026/10/08 02:04:22.163, 3, 120 MHz, 3996 MHz, 182.18 W, 29
2026/10/08 02:04:22.163, 4, 2032 MHz, 3996 MHz, 253.17 W, 38
2026/10/08 02:04:22.163, 5, 2032 MHz, 3996 MHz, 241.90 W, 36
2026/10/08 02:04:22.163, 6, 120 MHz, 3996 MHz, 184.87 W, 29
2026/10/08 02:04:22.163, 7, 120 MHz, 3996 MHz, 184.59 W, 28
2026/10/08 02:04:22.263, 0, 120 MHz, 3996 MHz, 184.47 W, 34
2026/10/08 02:04:22.263, 1, 120 MHz, 3996 MHz, 186.29 W, 36
2026/10/08 02:04:22.263, 2, 120 MHz, 3996 MHz, 182.44 W, 29
2026/10/08 02:04:22.263, 3, 120 MHz, 3996 MHz, 182.17 W, 29
2026/10/08 02:04:22.263, 4, 2032 MHz, 3996 MHz, 251.05 W, 38
2026/10/08 02:04:22.263, 5, 2032 MHz, 3996 MHz, 241.96 W, 36
2026/10/08 02:04:22.263, 6, 120 MHz, 3996 MHz, 184.87 W, 29
2026/10/08 02:04:22.263, 7, 120 MHz, 3996 MHz, 184.59 W, 28
2026/10/08 02:04:22.363, 0, 120 MHz, 3996 MHz, 184.47 W, 34
2026/10/08 02:04:22.363, 1, 120 MHz, 3996 MHz, 186.29 W, 36
2026/10/08 02:04:22.363, 2, 120 MHz, 3996 MHz, 182.44 W, 29
2026/10/08 02:04:22.363, 3, 120 MHz, 3996 MHz, 182.16 W, 29
2026/10/08 02:04:22.363, 4, 2032 MHz, 3996 MHz, 249.12 W, 38
2026/10/08 02:04:22.363, 5, 2032 MHz, 3996 MHz, 243.33 W, 36
2026/10/08 02:04:22.363, 6, 120 MHz, 3996 MHz, 184.87 W, 29
2026/10/08 02:04:22.363, 7, 120 MHz, 3996 MHz, 184.59 W, 28
2026/10/08 02:04:22.464, 0, 120 MHz, 3996 MHz, 184.47 W, 34
2026/10/08 02:04:22.464, 1, 120 MHz, 3996 MHz, 186.29 W, 36
2026/10/08 02:04:22.464, 2, 120 MHz, 3996 MHz, 182.48 W, 29
2026/10/08 02:04:22.464, 3, 120 MHz, 3996 MHz, 182.17 W, 29
2026/10/08 02:04:22.464, 4, 2032 MHz, 3996 MHz, 249.05 W, 38
2026/10/08 02:04:22.464, 5, 2032 MHz, 3996 MHz, 243.47 W, 36
2026/10/08 02:04:22.464, 6, 120 MHz, 3996 MHz, 184.87 W, 29
2026/10/08 02:04:22.464, 7, 120 MHz, 3996 MHz, 184.59 W, 28
2026/10/08 02:04:22.564, 0, 120 MHz, 3996 MHz, 184.47 W, 34
2026/10/08 02:04:22.564, 1, 120 MHz, 3996 MHz, 186.29 W, 36
2026/10/08 02:04:22.564, 2, 120 MHz, 3996 MHz, 182.55 W, 29
2026/10/08 02:04:22.564, 3, 120 MHz, 3996 MHz, 182.18 W, 29
2026/10/08 02:04:22.564, 4, 2032 MHz, 3996 MHz, 249.49 W, 38
2026/10/08 02:04:22.564, 5, 2032 MHz, 3996 MHz, 243.26 W, 36
2026/10/08 02:04:22.564, 6, 120 MHz, 3996 MHz, 184.83 W, 29
2026/10/08 02:04:22.564, 7, 120 MHz, 3996 MHz, 184.63 W, 28
2026/10/08 02:04:22.664, 0, 120 MHz, 3996 MHz, 184.47 W, 34
2026/10/08 02:04:22.664, 1, 120 MHz, 3996 MHz, 186.29 W, 36
2026/10/08 02:04:22.664, 2, 120 MHz, 3996 MHz, 182.48 W, 29
2026/10/08 02:04:22.664, 3, 120 MHz, 3996 MHz, 182.18 W, 29
2026/10/08 02:04:22.664, 4, 2032 MHz, 3996 MHz, 250.79 W, 38
2026/10/08 02:04:22.664, 5, 2032 MHz, 3996 MHz, 243.18 W, 36
2026/10/08 02:04:22.664, 6, 120 MHz, 3996 MHz, 184.83 W, 29
2026/10/08 02:04:22.664, 7, 120 MHz, 3996 MHz, 184.63 W, 28
2026/10/08 02:04:22.764, 0, 120 MHz, 3996 MHz, 184.47 W, 34
2026/10/08 02:04:22.764, 1, 120 MHz, 3996 MHz, 186.29 W, 36
2026/10/08 02:04:22.764, 2, 120 MHz, 3996 MHz, 182.48 W, 29
2026/10/08 02:04:22.764, 3, 120 MHz, 3996 MHz, 182.17 W, 29
2026/10/08 02:04:22.764, 4, 2032 MHz, 3996 MHz, 250.59 W, 38
2026/10/08 02:04:22.764, 5, 2032 MHz, 3996 MHz, 242.50 W, 36
2026/10/08 02:04:22.764, 6, 120 MHz, 3996 MHz, 184.83 W, 29
2026/10/08 02:04:22.764, 7, 120 MHz, 3996 MHz, 184.63 W, 28
2026/10/08 02:04:22.865, 0, 120 MHz, 3996 MHz, 184.47 W, 34
2026/10/08 02:04:22.865, 1, 120 MHz, 3996 MHz, 186.29 W, 36
2026/10/08 02:04:22.865, 2, 120 MHz, 3996 MHz, 182.51 W, 29
2026/10/08 02:04:22.865, 3, 120 MHz, 3996 MHz, 182.17 W, 29
2026/10/08 02:04:22.865, 4, 2032 MHz, 3996 MHz, 250.22 W, 38
2026/10/08 02:04:22.865, 5, 2032 MHz, 3996 MHz, 241.06 W, 36
2026/10/08 02:04:22.865, 6, 120 MHz, 3996 MHz, 184.83 W, 29
2026/10/08 02:04:22.865, 7, 120 MHz, 3996 MHz, 184.63 W, 28
2026/10/08 02:04:22.965, 0, 120 MHz, 3996 MHz, 184.47 W, 34
2026/10/08 02:04:22.965, 1, 120 MHz, 3996 MHz, 186.29 W, 36
2026/10/08 02:04:22.965, 2, 120 MHz, 3996 MHz, 182.64 W, 29
2026/10/08 02:04:22.965, 3, 120 MHz, 3996 MHz, 182.17 W, 29
2026/10/08 02:04:22.965, 4, 2032 MHz, 3996 MHz, 250.35 W, 38
2026/10/08 02:04:22.965, 5, 2032 MHz, 3996 MHz, 239.97 W, 36
2026/10/08 02:04:22.965, 6, 120 MHz, 3996 MHz, 184.83 W, 29
2026/10/08 02:04:22.965, 7, 120 MHz, 3996 MHz, 184.63 W, 28
2026/10/08 02:04:23.065, 0, 120 MHz, 3996 MHz, 184.47 W, 34
2026/10/08 02:04:23.065, 1, 120 MHz, 3996 MHz, 186.29 W, 36
2026/10/08 02:04:23.065, 2, 120 MHz, 3996 MHz, 182.68 W, 29
2026/10/08 02:04:23.065, 3, 120 MHz, 3996 MHz, 182.17 W, 29
2026/10/08 02:04:23.065, 4, 2032 MHz, 3996 MHz, 250.19 W, 38
2026/10/08 02:04:23.065, 5, 2032 MHz, 3996 MHz, 238.79 W, 36
2026/10/08 02:04:23.065, 6, 120 MHz, 3996 MHz, 184.83 W, 29
2026/10/08 02:04:23.065, 7, 120 MHz, 3996 MHz, 184.63 W, 28
2026/10/08 02:04:23.165, 0, 120 MHz, 3996 MHz, 184.47 W, 34
2026/10/08 02:04:23.165, 1, 120 MHz, 3996 MHz, 186.29 W, 36
2026/10/08 02:04:23.165, 2, 120 MHz, 3996 MHz, 182.68 W, 29
2026/10/08 02:04:23.165, 3, 120 MHz, 3996 MHz, 182.17 W, 29
2026/10/08 02:04:23.165, 4, 2032 MHz, 3996 MHz, 251.39 W, 38
2026/10/08 02:04:23.165, 5, 2032 MHz, 3996 MHz, 238.79 W, 36
2026/10/08 02:04:23.165, 6, 120 MHz, 3996 MHz, 184.83 W, 29
2026/10/08 02:04:23.165, 7, 120 MHz, 3996 MHz, 184.63 W, 28
2026/10/08 02:04:23.266, 0, 120 MHz, 3996 MHz, 184.47 W, 34
2026/10/08 02:04:23.266, 1, 120 MHz, 3996 MHz, 186.29 W, 36
2026/10/08 02:04:23.266, 2, 120 MHz, 3996 MHz, 182.60 W, 29
2026/10/08 02:04:23.266, 3, 120 MHz, 3996 MHz, 182.17 W, 29
2026/10/08 02:04:23.266, 4, 2032 MHz, 3996 MHz, 251.89 W, 38
2026/10/08 02:04:23.266, 5, 2032 MHz, 3996 MHz, 238.55 W, 36
2026/10/08 02:04:23.266, 6, 120 MHz, 3996 MHz, 184.83 W, 29
2026/10/08 02:04:23.266, 7, 120 MHz, 3996 MHz, 184.63 W, 28
2026/10/08 02:04:23.366, 0, 120 MHz, 3996 MHz, 184.47 W, 34
2026/10/08 02:04:23.366, 1, 120 MHz, 3996 MHz, 186.29 W, 36
2026/10/08 02:04:23.366, 2, 120 MHz, 3996 MHz, 182.59 W, 29
2026/10/08 02:04:23.366, 3, 120 MHz, 3996 MHz, 182.17 W, 29
2026/10/08 02:04:23.366, 4, 2032 MHz, 3996 MHz, 252.01 W, 38
2026/10/08 02:04:23.366, 5, 2032 MHz, 3996 MHz, 237.23 W, 36
2026/10/08 02:04:23.366, 6, 120 MHz, 3996 MHz, 184.87 W, 29
2026/10/08 02:04:23.366, 7, 120 MHz, 3996 MHz, 184.63 W, 28
2026/10/08 02:04:23.466, 0, 120 MHz, 3996 MHz, 184.47 W, 34
2026/10/08 02:04:23.466, 1, 120 MHz, 3996 MHz, 186.29 W, 36
2026/10/08 02:04:23.466, 2, 120 MHz, 3996 MHz, 182.60 W, 29
2026/10/08 02:04:23.466, 3, 120 MHz, 3996 MHz, 182.16 W, 29
2026/10/08 02:04:23.466, 4, 2032 MHz, 3996 MHz, 251.97 W, 38
2026/10/08 02:04:23.466, 5, 2032 MHz, 3996 MHz, 238.39 W, 36
2026/10/08 02:04:23.466, 6, 120 MHz, 3996 MHz, 184.87 W, 29
2026/10/08 02:04:23.466, 7, 120 MHz, 3996 MHz, 184.63 W, 28
2026/10/08 02:04:23.566, 0, 120 MHz, 3996 MHz, 184.47 W, 34
2026/10/08 02:04:23.566, 1, 120 MHz, 3996 MHz, 186.29 W, 36
2026/10/08 02:04:23.566, 2, 120 MHz, 3996 MHz, 182.56 W, 29
2026/10/08 02:04:23.566, 3, 120 MHz, 3996 MHz, 182.16 W, 29
2026/10/08 02:04:23.566, 4, 2032 MHz, 3996 MHz, 251.61 W, 38
2026/10/08 02:04:23.567, 5, 1357 MHz, 3996 MHz, 327.81 W, 36
2026/10/08 02:04:23.567, 6, 120 MHz, 3996 MHz, 184.87 W, 29
2026/10/08 02:04:23.567, 7, 120 MHz, 3996 MHz, 184.59 W, 28
2026/10/08 02:04:23.667, 0, 120 MHz, 3996 MHz, 184.47 W, 34
2026/10/08 02:04:23.667, 1, 120 MHz, 3996 MHz, 186.29 W, 36
2026/10/08 02:04:23.667, 2, 120 MHz, 3996 MHz, 182.51 W, 29
2026/10/08 02:04:23.667, 3, 120 MHz, 3996 MHz, 182.16 W, 29
2026/10/08 02:04:23.667, 4, 2032 MHz, 3996 MHz, 250.22 W, 38
2026/10/08 02:04:23.667, 5, 1357 MHz, 3996 MHz, 415.80 W, 47
2026/10/08 02:04:23.667, 6, 120 MHz, 3996 MHz, 184.87 W, 29
2026/10/08 02:04:23.667, 7, 120 MHz, 3996 MHz, 184.59 W, 28
2026/10/08 02:04:23.767, 0, 120 MHz, 3996 MHz, 184.47 W, 34
2026/10/08 02:04:23.767, 1, 120 MHz, 3996 MHz, 186.29 W, 36
2026/10/08 02:04:23.767, 2, 120 MHz, 3996 MHz, 182.52 W, 29
2026/10/08 02:04:23.767, 3, 120 MHz, 3996 MHz, 182.17 W, 29
2026/10/08 02:04:23.767, 4, 2032 MHz, 3996 MHz, 248.63 W, 38
2026/10/08 02:04:23.767, 5, 1365 MHz, 3996 MHz, 506.37 W, 50
2026/10/08 02:04:23.767, 6, 120 MHz, 3996 MHz, 184.87 W, 29
2026/10/08 02:04:23.767, 7, 120 MHz, 3996 MHz, 184.59 W, 28
2026/10/08 02:04:23.867, 0, 120 MHz, 3996 MHz, 184.47 W, 34
2026/10/08 02:04:23.867, 1, 120 MHz, 3996 MHz, 186.29 W, 36
2026/10/08 02:04:23.867, 2, 120 MHz, 3996 MHz, 182.48 W, 29
2026/10/08 02:04:23.867, 3, 120 MHz, 3996 MHz, 182.17 W, 29
2026/10/08 02:04:23.867, 4, 2032 MHz, 3996 MHz, 247.37 W, 38
2026/10/08 02:04:23.867, 5, 1312 MHz, 3996 MHz, 595.32 W, 51
2026/10/08 02:04:23.867, 6, 120 MHz, 3996 MHz, 184.87 W, 29
2026/10/08 02:04:23.867, 7, 120 MHz, 3996 MHz, 184.59 W, 28
2026/10/08 02:04:23.967, 0, 120 MHz, 3996 MHz, 184.47 W, 34
2026/10/08 02:04:23.967, 1, 120 MHz, 3996 MHz, 186.29 W, 36
2026/10/08 02:04:23.967, 2, 120 MHz, 3996 MHz, 182.32 W, 29
2026/10/08 02:04:23.967, 3, 120 MHz, 3996 MHz, 182.18 W, 29
2026/10/08 02:04:23.967, 4, 2032 MHz, 3996 MHz, 246.78 W, 38
2026/10/08 02:04:23.968, 5, 1252 MHz, 3996 MHz, 675.24 W, 52
2026/10/08 02:04:23.968, 6, 120 MHz, 3996 MHz, 184.87 W, 29
2026/10/08 02:04:23.968, 7, 120 MHz, 3996 MHz, 184.59 W, 28
2026/10/08 02:04:24.068, 0, 120 MHz, 3996 MHz, 184.47 W, 34
2026/10/08 02:04:24.068, 1, 120 MHz, 3996 MHz, 186.29 W, 36
2026/10/08 02:04:24.068, 2, 120 MHz, 3996 MHz, 182.25 W, 29
2026/10/08 02:04:24.068, 3, 120 MHz, 3996 MHz, 182.18 W, 29
2026/10/08 02:04:24.068, 4, 2032 MHz, 3996 MHz, 246.76 W, 38
2026/10/08 02:04:24.068, 5, 1342 MHz, 3996 MHz, 754.05 W, 49
2026/10/08 02:04:24.068, 6, 120 MHz, 3996 MHz, 184.87 W, 29
2026/10/08 02:04:24.068, 7, 120 MHz, 3996 MHz, 184.59 W, 28
2026/10/08 02:04:24.168, 0, 120 MHz, 3996 MHz, 184.47 W, 34
2026/10/08 02:04:24.168, 1, 120 MHz, 3996 MHz, 186.29 W, 36
2026/10/08 02:04:24.168, 2, 120 MHz, 3996 MHz, 182.25 W, 29
2026/10/08 02:04:24.168, 3, 120 MHz, 3996 MHz, 182.17 W, 29
2026/10/08 02:04:24.168, 4, 2032 MHz, 3996 MHz, 246.10 W, 38
2026/10/08 02:04:24.168, 5, 1305 MHz, 3996 MHz, 838.98 W, 53
2026/10/08 02:04:24.168, 6, 120 MHz, 3996 MHz, 184.87 W, 29
2026/10/08 02:04:24.168, 7, 120 MHz, 3996 MHz, 184.59 W, 28
2026/10/08 02:04:24.268, 0, 120 MHz, 3996 MHz, 184.47 W, 34
2026/10/08 02:04:24.268, 1, 120 MHz, 3996 MHz, 186.29 W, 36
2026/10/08 02:04:24.268, 2, 120 MHz, 3996 MHz, 182.24 W, 29
2026/10/08 02:04:24.268, 3, 120 MHz, 3996 MHz, 182.18 W, 29
2026/10/08 02:04:24.268, 4, 2032 MHz, 3996 MHz, 245.15 W, 38
2026/10/08 02:04:24.268, 5, 1342 MHz, 3996 MHz, 925.78 W, 54
2026/10/08 02:04:24.268, 6, 120 MHz, 3996 MHz, 184.87 W, 29
2026/10/08 02:04:24.268, 7, 120 MHz, 3996 MHz, 184.59 W, 28
2026/10/08 02:04:24.368, 0, 120 MHz, 3996 MHz, 184.47 W, 34
2026/10/08 02:04:24.368, 1, 120 MHz, 3996 MHz, 186.29 W, 36
2026/10/08 02:04:24.368, 2, 120 MHz, 3996 MHz, 182.36 W, 29
2026/10/08 02:04:24.368, 3, 120 MHz, 3996 MHz, 182.18 W, 29
2026/10/08 02:04:24.369, 4, 2032 MHz, 3996 MHz, 246.36 W, 38
2026/10/08 02:04:24.369, 5, 1305 MHz, 3996 MHz, 1012.01 W, 54
2026/10/08 02:04:24.369, 6, 120 MHz, 3996 MHz, 184.83 W, 29
2026/10/08 02:04:24.369, 7, 120 MHz, 3996 MHz, 184.59 W, 28
2026/10/08 02:04:24.469, 0, 120 MHz, 3996 MHz, 184.47 W, 34
2026/10/08 02:04:24.469, 1, 120 MHz, 3996 MHz, 186.29 W, 36
2026/10/08 02:04:24.469, 2, 120 MHz, 3996 MHz, 182.40 W, 29
2026/10/08 02:04:24.469, 3, 120 MHz, 3996 MHz, 182.18 W, 29
2026/10/08 02:04:24.469, 4, 1342 MHz, 3996 MHz, 340.84 W, 47
2026/10/08 02:04:24.469, 5, 1312 MHz, 3996 MHz, 1078.91 W, 54
2026/10/08 02:04:24.469, 6, 120 MHz, 3996 MHz, 184.83 W, 29
2026/10/08 02:04:24.469, 7, 120 MHz, 3996 MHz, 184.59 W, 28
2026/10/08 02:04:24.569, 0, 120 MHz, 3996 MHz, 184.47 W, 34
2026/10/08 02:04:24.569, 1, 120 MHz, 3996 MHz, 186.29 W, 36
2026/10/08 02:04:24.569, 2, 120 MHz, 3996 MHz, 182.36 W, 29
2026/10/08 02:04:24.569, 3, 120 MHz, 3996 MHz, 182.18 W, 29
2026/10/08 02:04:24.569, 4, 1327 MHz, 3996 MHz, 429.45 W, 50
2026/10/08 02:04:24.569, 5, 1320 MHz, 3996 MHz, 1090.12 W, 55
2026/10/08 02:04:24.569, 6, 120 MHz, 3996 MHz, 184.83 W, 29
2026/10/08 02:04:24.569, 7, 120 MHz, 3996 MHz, 184.59 W, 28
2026/10/08 02:04:24.669, 0, 120 MHz, 3996 MHz, 184.47 W, 34
2026/10/08 02:04:24.669, 1, 120 MHz, 3996 MHz, 186.29 W, 36
2026/10/08 02:04:24.669, 2, 120 MHz, 3996 MHz, 182.37 W, 29
2026/10/08 02:04:24.669, 3, 120 MHz, 3996 MHz, 182.18 W, 29
2026/10/08 02:04:24.669, 4, 1335 MHz, 3996 MHz, 516.18 W, 52
2026/10/08 02:04:24.669, 5, 1305 MHz, 3996 MHz, 1086.48 W, 54
2026/10/08 02:04:24.669, 6, 120 MHz, 3996 MHz, 184.83 W, 29
2026/10/08 02:04:24.669, 7, 120 MHz, 3996 MHz, 184.59 W, 28
2026/10/08 02:04:24.769, 0, 120 MHz, 3996 MHz, 184.47 W, 34
2026/10/08 02:04:24.770, 1, 120 MHz, 3996 MHz, 186.29 W, 36
2026/10/08 02:04:24.770, 2, 120 MHz, 3996 MHz, 182.51 W, 29
2026/10/08 02:04:24.770, 3, 120 MHz, 3996 MHz, 182.18 W, 29
2026/10/08 02:04:24.770, 4, 1312 MHz, 3996 MHz, 605.12 W, 52
2026/10/08 02:04:24.770, 5, 1312 MHz, 3996 MHz, 1082.57 W, 55
2026/10/08 02:04:24.770, 6, 120 MHz, 3996 MHz, 184.83 W, 29
2026/10/08 02:04:24.770, 7, 120 MHz, 3996 MHz, 184.59 W, 28
2026/10/08 02:04:24.870, 0, 120 MHz, 3996 MHz, 184.47 W, 34
2026/10/08 02:04:24.870, 1, 120 MHz, 3996 MHz, 186.29 W, 36
2026/10/08 02:04:24.870, 2, 120 MHz, 3996 MHz, 182.63 W, 29
2026/10/08 02:04:24.870, 3, 120 MHz, 3996 MHz, 182.19 W, 29
2026/10/08 02:04:24.870, 4, 1267 MHz, 3996 MHz, 687.50 W, 53
2026/10/08 02:04:24.870, 5, 1342 MHz, 3996 MHz, 1078.93 W, 55
2026/10/08 02:04:24.870, 6, 120 MHz, 3996 MHz, 184.83 W, 29
2026/10/08 02:04:24.870, 7, 120 MHz, 3996 MHz, 184.59 W, 28
2026/10/08 02:04:24.970, 0, 120 MHz, 3996 MHz, 184.47 W, 34
2026/10/08 02:04:24.970, 1, 120 MHz, 3996 MHz, 186.29 W, 36
2026/10/08 02:04:24.970, 2, 120 MHz, 3996 MHz, 182.72 W, 29
2026/10/08 02:04:24.970, 3, 120 MHz, 3996 MHz, 182.19 W, 29
2026/10/08 02:04:24.970, 4, 1312 MHz, 3996 MHz, 766.34 W, 54
2026/10/08 02:04:24.970, 5, 1327 MHz, 3996 MHz, 1084.01 W, 55
2026/10/08 02:04:24.970, 6, 120 MHz, 3996 MHz, 184.87 W, 29
2026/10/08 02:04:24.970, 7, 120 MHz, 3996 MHz, 184.59 W, 28
2026/10/08 02:04:25.070, 0, 120 MHz, 3996 MHz, 184.47 W, 34
2026/10/08 02:04:25.070, 1, 120 MHz, 3996 MHz, 186.29 W, 36
2026/10/08 02:04:25.070, 2, 120 MHz, 3996 MHz, 182.67 W, 29
2026/10/08 02:04:25.070, 3, 120 MHz, 3996 MHz, 182.19 W, 29
2026/10/08 02:04:25.070, 4, 1267 MHz, 3996 MHz, 850.67 W, 56
2026/10/08 02:04:25.070, 5, 1380 MHz, 3996 MHz, 1086.40 W, 56
2026/10/08 02:04:25.070, 6, 120 MHz, 3996 MHz, 184.87 W, 29
2026/10/08 02:04:25.070, 7, 120 MHz, 3996 MHz, 184.59 W, 28
2026/10/08 02:04:25.171, 0, 120 MHz, 3996 MHz, 184.47 W, 34
2026/10/08 02:04:25.171, 1, 120 MHz, 3996 MHz, 186.29 W, 36
2026/10/08 02:04:25.171, 2, 120 MHz, 3996 MHz, 182.71 W, 29
2026/10/08 02:04:25.171, 3, 120 MHz, 3996 MHz, 182.20 W, 29
2026/10/08 02:04:25.171, 4, 1282 MHz, 3996 MHz, 935.53 W, 56
2026/10/08 02:04:25.171, 5, 1320 MHz, 3996 MHz, 1086.60 W, 56
2026/10/08 02:04:25.171, 6, 120 MHz, 3996 MHz, 184.87 W, 29
2026/10/08 02:04:25.171, 7, 120 MHz, 3996 MHz, 184.59 W, 28
2026/10/08 02:04:25.271, 0, 120 MHz, 3996 MHz, 184.47 W, 34
2026/10/08 02:04:25.271, 1, 120 MHz, 3996 MHz, 186.29 W, 36
2026/10/08 02:04:25.271, 2, 120 MHz, 3996 MHz, 182.72 W, 29
2026/10/08 02:04:25.271, 3, 120 MHz, 3996 MHz, 182.21 W, 29
2026/10/08 02:04:25.271, 4, 1275 MHz, 3996 MHz, 1019.43 W, 56
2026/10/08 02:04:25.271, 5, 1312 MHz, 3996 MHz, 1086.65 W, 56
2026/10/08 02:04:25.271, 6, 120 MHz, 3996 MHz, 184.87 W, 29
2026/10/08 02:04:25.271, 7, 120 MHz, 3996 MHz, 184.59 W, 28
2026/10/08 02:04:25.371, 0, 120 MHz, 3996 MHz, 184.47 W, 34
2026/10/08 02:04:25.371, 1, 120 MHz, 3996 MHz, 186.29 W, 36
2026/10/08 02:04:25.371, 2, 120 MHz, 3996 MHz, 182.60 W, 29
2026/10/08 02:04:25.371, 3, 120 MHz, 3996 MHz, 182.21 W, 29
2026/10/08 02:04:25.371, 4, 1267 MHz, 3996 MHz, 1102.15 W, 57
2026/10/08 02:04:25.371, 5, 1327 MHz, 3996 MHz, 1086.90 W, 56
2026/10/08 02:04:25.371, 6, 120 MHz, 3996 MHz, 184.87 W, 29
2026/10/08 02:04:25.371, 7, 120 MHz, 3996 MHz, 184.59 W, 28
2026/10/08 02:04:25.471, 0, 120 MHz, 3996 MHz, 184.47 W, 34
2026/10/08 02:04:25.471, 1, 120 MHz, 3996 MHz, 186.29 W, 36
2026/10/08 02:04:25.471, 2, 120 MHz, 3996 MHz, 182.51 W, 29
2026/10/08 02:04:25.471, 3, 120 MHz, 3996 MHz, 182.22 W, 29
2026/10/08 02:04:25.471, 4, 1312 MHz, 3996 MHz, 1091.14 W, 57
2026/10/08 02:04:25.471, 5, 1305 MHz, 3996 MHz, 1087.00 W, 56
2026/10/08 02:04:25.471, 6, 120 MHz, 3996 MHz, 184.87 W, 29
2026/10/08 02:04:25.471, 7, 120 MHz, 3996 MHz, 184.59 W, 28
2026/10/08 02:04:25.572, 0, 120 MHz, 3996 MHz, 184.47 W, 34
2026/10/08 02:04:25.572, 1, 120 MHz, 3996 MHz, 186.29 W, 36
2026/10/08 02:04:25.572, 2, 120 MHz, 3996 MHz, 182.59 W, 29
2026/10/08 02:04:25.572, 3, 120 MHz, 3996 MHz, 182.22 W, 29
2026/10/08 02:04:25.572, 4, 1282 MHz, 3996 MHz, 1089.24 W, 57
2026/10/08 02:04:25.572, 5, 1335 MHz, 3996 MHz, 1087.08 W, 55
2026/10/08 02:04:25.572, 6, 120 MHz, 3996 MHz, 184.87 W, 29
2026/10/08 02:04:25.572, 7, 120 MHz, 3996 MHz, 184.59 W, 28
2026/10/08 02:04:25.672, 0, 120 MHz, 3996 MHz, 184.47 W, 34
2026/10/08 02:04:25.672, 1, 120 MHz, 3996 MHz, 186.29 W, 36
2026/10/08 02:04:25.672, 2, 120 MHz, 3996 MHz, 182.63 W, 29
2026/10/08 02:04:25.672, 3, 120 MHz, 3996 MHz, 182.22 W, 29
2026/10/08 02:04:25.672, 4, 1267 MHz, 3996 MHz, 1086.68 W, 57
2026/10/08 02:04:25.672, 5, 1327 MHz, 3996 MHz, 1088.50 W, 56
2026/10/08 02:04:25.672, 6, 120 MHz, 3996 MHz, 184.87 W, 29
2026/10/08 02:04:25.672, 7, 120 MHz, 3996 MHz, 184.59 W, 28
2026/10/08 02:04:25.772, 0, 120 MHz, 3996 MHz, 184.47 W, 34
2026/10/08 02:04:25.772, 1, 120 MHz, 3996 MHz, 186.29 W, 36
2026/10/08 02:04:25.772, 2, 120 MHz, 3996 MHz, 182.56 W, 29
2026/10/08 02:04:25.772, 3, 120 MHz, 3996 MHz, 182.23 W, 29
2026/10/08 02:04:25.772, 4, 1305 MHz, 3996 MHz, 1082.59 W, 56
2026/10/08 02:04:25.772, 5, 1335 MHz, 3996 MHz, 1089.82 W, 56
2026/10/08 02:04:25.772, 6, 120 MHz, 3996 MHz, 184.87 W, 29
2026/10/08 02:04:25.772, 7, 120 MHz, 3996 MHz, 184.59 W, 28
2026/10/08 02:04:25.872, 0, 120 MHz, 3996 MHz, 184.47 W, 34
2026/10/08 02:04:25.872, 1, 120 MHz, 3996 MHz, 186.29 W, 36
2026/10/08 02:04:25.872, 2, 120 MHz, 3996 MHz, 182.48 W, 29
2026/10/08 02:04:25.872, 3, 120 MHz, 3996 MHz, 182.22 W, 29
2026/10/08 02:04:25.872, 4, 1290 MHz, 3996 MHz, 1084.54 W, 57
2026/10/08 02:04:25.872, 5, 1350 MHz, 3996 MHz, 1091.26 W, 56
2026/10/08 02:04:25.872, 6, 120 MHz, 3996 MHz, 184.87 W, 29
2026/10/08 02:04:25.872, 7, 120 MHz, 3996 MHz, 184.59 W, 28
2026/10/08 02:04:25.973, 0, 120 MHz, 3996 MHz, 184.47 W, 34
2026/10/08 02:04:25.973, 1, 120 MHz, 3996 MHz, 186.29 W, 36
2026/10/08 02:04:25.973, 2, 120 MHz, 3996 MHz, 182.40 W, 29
2026/10/08 02:04:25.973, 3, 120 MHz, 3996 MHz, 182.22 W, 29
2026/10/08 02:04:25.973, 4, 1440 MHz, 3996 MHz, 1088.86 W, 57
2026/10/08 02:04:25.973, 5, 1320 MHz, 3996 MHz, 1078.08 W, 56
2026/10/08 02:04:25.973, 6, 120 MHz, 3996 MHz, 184.83 W, 29
2026/10/08 02:04:25.973, 7, 120 MHz, 3996 MHz, 184.60 W, 28
2026/10/08 02:04:26.073, 0, 120 MHz, 3996 MHz, 184.47 W, 34
2026/10/08 02:04:26.073, 1, 120 MHz, 3996 MHz, 186.29 W, 36
2026/10/08 02:04:26.073, 2, 120 MHz, 3996 MHz, 182.40 W, 29
2026/10/08 02:04:26.073, 3, 120 MHz, 3996 MHz, 182.22 W, 29
2026/10/08 02:04:26.073, 4, 1282 MHz, 3996 MHz, 1091.60 W, 57
2026/10/08 02:04:26.073, 5, 1575 MHz, 3996 MHz, 1053.54 W, 52
2026/10/08 02:04:26.073, 6, 120 MHz, 3996 MHz, 184.83 W, 29
2026/10/08 02:04:26.073, 7, 120 MHz, 3996 MHz, 184.60 W, 28
2026/10/08 02:04:26.173, 0, 120 MHz, 3996 MHz, 184.47 W, 34
2026/10/08 02:04:26.173, 1, 120 MHz, 3996 MHz, 186.29 W, 36
2026/10/08 02:04:26.173, 2, 120 MHz, 3996 MHz, 182.44 W, 29
2026/10/08 02:04:26.173, 3, 120 MHz, 3996 MHz, 182.22 W, 29
2026/10/08 02:04:26.173, 4, 1290 MHz, 3996 MHz, 1089.10 W, 57
2026/10/08 02:04:26.173, 5, 2032 MHz, 3996 MHz, 965.72 W, 47
2026/10/08 02:04:26.173, 6, 120 MHz, 3996 MHz, 184.83 W, 29
2026/10/08 02:04:26.173, 7, 120 MHz, 3996 MHz, 184.60 W, 28
2026/10/08 02:04:26.273, 0, 120 MHz, 3996 MHz, 184.47 W, 34
2026/10/08 02:04:26.273, 1, 120 MHz, 3996 MHz, 186.29 W, 36
2026/10/08 02:04:26.273, 2, 120 MHz, 3996 MHz, 182.52 W, 29
2026/10/08 02:04:26.273, 3, 120 MHz, 3996 MHz, 182.21 W, 29
2026/10/08 02:04:26.273, 4, 1290 MHz, 3996 MHz, 1090.15 W, 58
2026/10/08 02:04:26.273, 5, 1470 MHz, 3996 MHz, 986.58 W, 52
2026/10/08 02:04:26.273, 6, 120 MHz, 3996 MHz, 184.83 W, 29
2026/10/08 02:04:26.273, 7, 120 MHz, 3996 MHz, 184.60 W, 28
2026/10/08 02:04:26.374, 0, 120 MHz, 3996 MHz, 184.47 W, 34
2026/10/08 02:04:26.374, 1, 120 MHz, 3996 MHz, 186.29 W, 36
2026/10/08 02:04:26.374, 2, 120 MHz, 3996 MHz, 182.52 W, 29
2026/10/08 02:04:26.374, 3, 120 MHz, 3996 MHz, 182.20 W, 29
2026/10/08 02:04:26.374, 4, 1267 MHz, 3996 MHz, 1089.99 W, 58
2026/10/08 02:04:26.374, 5, 1972 MHz, 3996 MHz, 952.69 W, 54
2026/10/08 02:04:26.374, 6, 120 MHz, 3996 MHz, 184.87 W, 29
2026/10/08 02:04:26.374, 7, 120 MHz, 3996 MHz, 184.60 W, 28
2026/10/08 02:04:26.474, 0, 120 MHz, 3996 MHz, 184.47 W, 34
2026/10/08 02:04:26.474, 1, 120 MHz, 3996 MHz, 186.29 W, 36
2026/10/08 02:04:26.474, 2, 120 MHz, 3996 MHz, 182.52 W, 29
2026/10/08 02:04:26.474, 3, 120 MHz, 3996 MHz, 182.20 W, 29
2026/10/08 02:04:26.474, 4, 1267 MHz, 3996 MHz, 1089.71 W, 58
2026/10/08 02:04:26.474, 5, 1350 MHz, 3996 MHz, 965.50 W, 55
2026/10/08 02:04:26.474, 6, 120 MHz, 3996 MHz, 184.87 W, 29
2026/10/08 02:04:26.474, 7, 120 MHz, 3996 MHz, 184.60 W, 28
2026/10/08 02:04:26.574, 0, 120 MHz, 3996 MHz, 184.47 W, 34
2026/10/08 02:04:26.574, 1, 120 MHz, 3996 MHz, 186.29 W, 36
2026/10/08 02:04:26.574, 2, 120 MHz, 3996 MHz, 182.49 W, 29
2026/10/08 02:04:26.574, 3, 120 MHz, 3996 MHz, 182.19 W, 29
2026/10/08 02:04:26.574, 4, 1290 MHz, 3996 MHz, 1091.22 W, 58
2026/10/08 02:04:26.574, 5, 1372 MHz, 3996 MHz, 974.43 W, 55
2026/10/08 02:04:26.574, 6, 120 MHz, 3996 MHz, 184.87 W, 29
2026/10/08 02:04:26.574, 7, 120 MHz, 3996 MHz, 184.60 W, 28
2026/10/08 02:04:26.674, 0, 120 MHz, 3996 MHz, 184.47 W, 34
2026/10/08 02:04:26.674, 1, 120 MHz, 3996 MHz, 186.29 W, 36
2026/10/08 02:04:26.674, 2, 120 MHz, 3996 MHz, 182.48 W, 29
2026/10/08 02:04:26.674, 3, 120 MHz, 3996 MHz, 182.19 W, 29
2026/10/08 02:04:26.674, 4, 1297 MHz, 3996 MHz, 1090.11 W, 58
2026/10/08 02:04:26.674, 5, 1335 MHz, 3996 MHz, 971.85 W, 55
2026/10/08 02:04:26.674, 6, 120 MHz, 3996 MHz, 184.87 W, 29
2026/10/08 02:04:26.674, 7, 120 MHz, 3996 MHz, 184.60 W, 28
2026/10/08 02:04:26.775, 0, 120 MHz, 3996 MHz, 184.47 W, 34
2026/10/08 02:04:26.775, 1, 120 MHz, 3996 MHz, 186.29 W, 36
2026/10/08 02:04:26.775, 2, 120 MHz, 3996 MHz, 182.40 W, 29
2026/10/08 02:04:26.775, 3, 120 MHz, 3996 MHz, 182.19 W, 29
2026/10/08 02:04:26.775, 4, 1305 MHz, 3996 MHz, 1091.47 W, 58
2026/10/08 02:04:26.775, 5, 1275 MHz, 3996 MHz, 972.23 W, 56
2026/10/08 02:04:26.775, 6, 120 MHz, 3996 MHz, 184.87 W, 29
2026/10/08 02:04:26.775, 7, 120 MHz, 3996 MHz, 184.60 W, 28
2026/10/08 02:04:26.875, 0, 120 MHz, 3996 MHz, 184.47 W, 34
2026/10/08 02:04:26.875, 1, 120 MHz, 3996 MHz, 186.29 W, 36
2026/10/08 02:04:26.875, 2, 120 MHz, 3996 MHz, 182.37 W, 29
2026/10/08 02:04:26.875, 3, 120 MHz, 3996 MHz, 182.19 W, 29
2026/10/08 02:04:26.875, 4, 1282 MHz, 3996 MHz, 1092.42 W, 58
2026/10/08 02:04:26.875, 5, 1320 MHz, 3996 MHz, 964.46 W, 56
2026/10/08 02:04:26.875, 6, 120 MHz, 3996 MHz, 184.87 W, 29
2026/10/08 02:04:26.875, 7, 120 MHz, 3996 MHz, 184.60 W, 28
2026/10/08 02:04:26.975, 0, 120 MHz, 3996 MHz, 184.47 W, 34
2026/10/08 02:04:26.975, 1, 120 MHz, 3996 MHz, 186.29 W, 36
2026/10/08 02:04:26.975, 2, 120 MHz, 3996 MHz, 182.41 W, 29
2026/10/08 02:04:26.975, 3, 120 MHz, 3996 MHz, 182.18 W, 29
2026/10/08 02:04:26.975, 4, 1785 MHz, 3996 MHz, 1083.70 W, 58
2026/10/08 02:04:26.975, 5, 1320 MHz, 3996 MHz, 969.19 W, 56
2026/10/08 02:04:26.975, 6, 120 MHz, 3996 MHz, 184.87 W, 29
2026/10/08 02:04:26.975, 7, 120 MHz, 3996 MHz, 184.60 W, 28
2026/10/08 02:04:27.075, 0, 120 MHz, 3996 MHz, 184.47 W, 34
2026/10/08 02:04:27.075, 1, 120 MHz, 3996 MHz, 186.29 W, 36
2026/10/08 02:04:27.075, 2, 120 MHz, 3996 MHz, 182.49 W, 29
2026/10/08 02:04:27.075, 3, 120 MHz, 3996 MHz, 182.18 W, 29
2026/10/08 02:04:27.075, 4, 2032 MHz, 3996 MHz, 1005.81 W, 50
2026/10/08 02:04:27.075, 5, 1305 MHz, 3996 MHz, 1009.56 W, 56
2026/10/08 02:04:27.075, 6, 120 MHz, 3996 MHz, 184.87 W, 29
2026/10/08 02:04:27.075, 7, 120 MHz, 3996 MHz, 184.60 W, 28
2026/10/08 02:04:27.176, 0, 120 MHz, 3996 MHz, 184.47 W, 34
2026/10/08 02:04:27.176, 1, 120 MHz, 3996 MHz, 186.29 W, 36
2026/10/08 02:04:27.176, 2, 120 MHz, 3996 MHz, 182.45 W, 29
2026/10/08 02:04:27.176, 3, 120 MHz, 3996 MHz, 182.17 W, 29
2026/10/08 02:04:27.176, 4, 1807 MHz, 3996 MHz, 983.74 W, 47
2026/10/08 02:04:27.176, 5, 1327 MHz, 3996 MHz, 1077.18 W, 56
2026/10/08 02:04:27.176, 6, 120 MHz, 3996 MHz, 184.87 W, 29
2026/10/08 02:04:27.176, 7, 120 MHz, 3996 MHz, 184.60 W, 28
2026/10/08 02:04:27.276, 0, 120 MHz, 3996 MHz, 184.47 W, 34
2026/10/08 02:04:27.276, 1, 120 MHz, 3996 MHz, 186.29 W, 36
2026/10/08 02:04:27.276, 2, 120 MHz, 3996 MHz, 182.36 W, 29
2026/10/08 02:04:27.276, 3, 120 MHz, 3996 MHz, 182.17 W, 29
2026/10/08 02:04:27.276, 4, 1372 MHz, 3996 MHz, 965.51 W, 56
2026/10/08 02:04:27.276, 5, 1320 MHz, 3996 MHz, 1078.64 W, 57
2026/10/08 02:04:27.276, 6, 120 MHz, 3996 MHz, 184.83 W, 29
2026/10/08 02:04:27.276, 7, 120 MHz, 3996 MHz, 184.60 W, 28
2026/10/08 02:04:27.376, 0, 120 MHz, 3996 MHz, 184.47 W, 34
2026/10/08 02:04:27.376, 1, 120 MHz, 3996 MHz, 186.29 W, 36
2026/10/08 02:04:27.376, 2, 120 MHz, 3996 MHz, 182.40 W, 29
2026/10/08 02:04:27.376, 3, 120 MHz, 3996 MHz, 182.17 W, 29
2026/10/08 02:04:27.376, 4, 1432 MHz, 3996 MHz, 963.79 W, 48
2026/10/08 02:04:27.376, 5, 1305 MHz, 3996 MHz, 1103.63 W, 57
2026/10/08 02:04:27.376, 6, 120 MHz, 3996 MHz, 184.83 W, 29
2026/10/08 02:04:27.376, 7, 120 MHz, 3996 MHz, 184.60 W, 28
2026/10/08 02:04:27.476, 0, 120 MHz, 3996 MHz, 184.47 W, 34
2026/10/08 02:04:27.476, 1, 120 MHz, 3996 MHz, 186.29 W, 36
2026/10/08 02:04:27.476, 2, 120 MHz, 3996 MHz, 182.48 W, 29
2026/10/08 02:04:27.476, 3, 120 MHz, 3996 MHz, 182.16 W, 29
2026/10/08 02:04:27.476, 4, 1350 MHz, 3996 MHz, 974.14 W, 57
2026/10/08 02:04:27.476, 5, 1305 MHz, 3996 MHz, 1093.12 W, 57
2026/10/08 02:04:27.476, 6, 120 MHz, 3996 MHz, 184.83 W, 29
2026/10/08 02:04:27.476, 7, 120 MHz, 3996 MHz, 184.60 W, 28
2026/10/08 02:04:27.577, 0, 120 MHz, 3996 MHz, 184.47 W, 34
2026/10/08 02:04:27.577, 1, 120 MHz, 3996 MHz, 186.29 W, 36
2026/10/08 02:04:27.577, 2, 120 MHz, 3996 MHz, 182.44 W, 29
2026/10/08 02:04:27.577, 3, 120 MHz, 3996 MHz, 182.17 W, 29
2026/10/08 02:04:27.577, 4, 1267 MHz, 3996 MHz, 971.08 W, 58
2026/10/08 02:04:27.577, 5, 1327 MHz, 3996 MHz, 1087.55 W, 57
2026/10/08 02:04:27.577, 6, 120 MHz, 3996 MHz, 184.87 W, 29
2026/10/08 02:04:27.577, 7, 120 MHz, 3996 MHz, 184.60 W, 28
2026/10/08 02:04:27.677, 0, 120 MHz, 3996 MHz, 184.47 W, 34
2026/10/08 02:04:27.677, 1, 120 MHz, 3996 MHz, 186.29 W, 36
2026/10/08 02:04:27.677, 2, 120 MHz, 3996 MHz, 182.44 W, 29
2026/10/08 02:04:27.677, 3, 120 MHz, 3996 MHz, 182.16 W, 29
2026/10/08 02:04:27.677, 4, 1312 MHz, 3996 MHz, 971.76 W, 58
2026/10/08 02:04:27.677, 5, 1335 MHz, 3996 MHz, 1087.09 W, 58
2026/10/08 02:04:27.677, 6, 120 MHz, 3996 MHz, 184.87 W, 29
2026/10/08 02:04:27.677, 7, 120 MHz, 3996 MHz, 184.60 W, 28
2026/10/08 02:04:27.777, 0, 120 MHz, 3996 MHz, 184.47 W, 34
2026/10/08 02:04:27.777, 1, 120 MHz, 3996 MHz, 186.29 W, 36
2026/10/08 02:04:27.777, 2, 120 MHz, 3996 MHz, 182.44 W, 29
2026/10/08 02:04:27.777, 3, 120 MHz, 3996 MHz, 182.16 W, 29
2026/10/08 02:04:27.777, 4, 1267 MHz, 3996 MHz, 970.06 W, 58
2026/10/08 02:04:27.777, 5, 1305 MHz, 3996 MHz, 1084.86 W, 58
2026/10/08 02:04:27.777, 6, 120 MHz, 3996 MHz, 184.87 W, 29
2026/10/08 02:04:27.777, 7, 120 MHz, 3996 MHz, 184.60 W, 28
2026/10/08 02:04:27.877, 0, 120 MHz, 3996 MHz, 184.47 W, 34
2026/10/08 02:04:27.877, 1, 120 MHz, 3996 MHz, 186.29 W, 36
2026/10/08 02:04:27.877, 2, 120 MHz, 3996 MHz, 182.44 W, 29
2026/10/08 02:04:27.877, 3, 120 MHz, 3996 MHz, 182.16 W, 29
2026/10/08 02:04:27.877, 4, 1327 MHz, 3996 MHz, 970.47 W, 58
2026/10/08 02:04:27.877, 5, 1320 MHz, 3996 MHz, 1088.48 W, 57
2026/10/08 02:04:27.877, 6, 120 MHz, 3996 MHz, 184.87 W, 29
2026/10/08 02:04:27.877, 7, 120 MHz, 3996 MHz, 184.60 W, 28
2026/10/08 02:04:27.978, 0, 120 MHz, 3996 MHz, 184.47 W, 34
2026/10/08 02:04:27.978, 1, 120 MHz, 3996 MHz, 186.29 W, 36
2026/10/08 02:04:27.978, 2, 120 MHz, 3996 MHz, 182.44 W, 29
2026/10/08 02:04:27.978, 3, 120 MHz, 3996 MHz, 182.17 W, 29
2026/10/08 02:04:27.978, 4, 1290 MHz, 3996 MHz, 984.83 W, 58
2026/10/08 02:04:27.978, 5, 1342 MHz, 3996 MHz, 1089.47 W, 57
2026/10/08 02:04:27.978, 6, 120 MHz, 3996 MHz, 184.87 W, 29
2026/10/08 02:04:27.978, 7, 120 MHz, 3996 MHz, 184.60 W, 28
2026/10/08 02:04:28.078, 0, 120 MHz, 3996 MHz, 184.47 W, 34
2026/10/08 02:04:28.078, 1, 120 MHz, 3996 MHz, 186.29 W, 36
2026/10/08 02:04:28.078, 2, 120 MHz, 3996 MHz, 182.36 W, 29
2026/10/08 02:04:28.078, 3, 120 MHz, 3996 MHz, 182.16 W, 29
2026/10/08 02:04:28.078, 4, 1267 MHz, 3996 MHz, 1055.84 W, 59
2026/10/08 02:04:28.078, 5, 1305 MHz, 3996 MHz, 1088.64 W, 57
2026/10/08 02:04:28.078, 6, 120 MHz, 3996 MHz, 184.87 W, 29
2026/10/08 02:04:28.078, 7, 120 MHz, 3996 MHz, 184.60 W, 28
2026/10/08 02:04:28.178, 0, 120 MHz, 3996 MHz, 184.47 W, 34
2026/10/08 02:04:28.178, 1, 120 MHz, 3996 MHz, 186.29 W, 36
2026/10/08 02:04:28.178, 2, 120 MHz, 3996 MHz, 182.29 W, 29
2026/10/08 02:04:28.178, 3, 120 MHz, 3996 MHz, 182.17 W, 29
2026/10/08 02:04:28.178, 4, 1297 MHz, 3996 MHz, 1085.62 W, 59
2026/10/08 02:04:28.178, 5, 1327 MHz, 3996 MHz, 1088.65 W, 57
2026/10/08 02:04:28.178, 6, 120 MHz, 3996 MHz, 184.87 W, 29
2026/10/08 02:04:28.178, 7, 120 MHz, 3996 MHz, 184.60 W, 28
2026/10/08 02:04:28.278, 0, 120 MHz, 3996 MHz, 184.47 W, 33
2026/10/08 02:04:28.278, 1, 120 MHz, 3996 MHz, 186.29 W, 36
2026/10/08 02:04:28.278, 2, 120 MHz, 3996 MHz, 182.29 W, 29
2026/10/08 02:04:28.278, 3, 120 MHz, 3996 MHz, 182.17 W, 29
2026/10/08 02:04:28.278, 4, 1282 MHz, 3996 MHz, 1089.02 W, 59
2026/10/08 02:04:28.278, 5, 1335 MHz, 3996 MHz, 1088.06 W, 57
2026/10/08 02:04:28.278, 6, 120 MHz, 3996 MHz, 184.87 W, 29
2026/10/08 02:04:28.278, 7, 120 MHz, 3996 MHz, 184.60 W, 28
2026/10/08 02:04:28.379, 0, 120 MHz, 3996 MHz, 184.47 W, 33
2026/10/08 02:04:28.379, 1, 120 MHz, 3996 MHz, 186.29 W, 36
2026/10/08 02:04:28.379, 2, 120 MHz, 3996 MHz, 182.36 W, 29
2026/10/08 02:04:28.379, 3, 120 MHz, 3996 MHz, 182.17 W, 29
2026/10/08 02:04:28.379, 4, 1417 MHz, 3996 MHz, 1103.08 W, 59
2026/10/08 02:04:28.379, 5, 1312 MHz, 3996 MHz, 1089.73 W, 58
2026/10/08 02:04:28.379, 6, 120 MHz, 3996 MHz, 184.87 W, 29
2026/10/08 02:04:28.379, 7, 120 MHz, 3996 MHz, 184.60 W, 28
2026/10/08 02:04:28.479, 0, 120 MHz, 3996 MHz, 184.47 W, 34
2026/10/08 02:04:28.479, 1, 120 MHz, 3996 MHz, 186.29 W, 36
2026/10/08 02:04:28.479, 2, 120 MHz, 3996 MHz, 182.32 W, 29
2026/10/08 02:04:28.479, 3, 120 MHz, 3996 MHz, 182.17 W, 29
2026/10/08 02:04:28.479, 4, 1290 MHz, 3996 MHz, 1095.64 W, 59
2026/10/08 02:04:28.479, 5, 1335 MHz, 3996 MHz, 1090.02 W, 55
2026/10/08 02:04:28.479, 6, 120 MHz, 3996 MHz, 184.87 W, 29
2026/10/08 02:04:28.479, 7, 120 MHz, 3996 MHz, 184.60 W, 28
2026/10/08 02:04:28.579, 0, 120 MHz, 3996 MHz, 184.47 W, 34
2026/10/08 02:04:28.579, 1, 120 MHz, 3996 MHz, 186.29 W, 36
2026/10/08 02:04:28.579, 2, 120 MHz, 3996 MHz, 182.36 W, 29
2026/10/08 02:04:28.579, 3, 120 MHz, 3996 MHz, 182.17 W, 29
2026/10/08 02:04:28.579, 4, 1267 MHz, 3996 MHz, 1092.61 W, 58
2026/10/08 02:04:28.579, 5, 1312 MHz, 3996 MHz, 1089.74 W, 57
2026/10/08 02:04:28.579, 6, 120 MHz, 3996 MHz, 184.83 W, 29
2026/10/08 02:04:28.579, 7, 120 MHz, 3996 MHz, 184.59 W, 28
2026/10/08 02:04:28.679, 0, 120 MHz, 3996 MHz, 184.47 W, 33
2026/10/08 02:04:28.679, 1, 120 MHz, 3996 MHz, 186.29 W, 36
2026/10/08 02:04:28.679, 2, 120 MHz, 3996 MHz, 182.32 W, 29
2026/10/08 02:04:28.679, 3, 120 MHz, 3996 MHz, 182.17 W, 29
2026/10/08 02:04:28.679, 4, 1290 MHz, 3996 MHz, 1092.34 W, 59
2026/10/08 02:04:28.679, 5, 1312 MHz, 3996 MHz, 1089.87 W, 57
2026/10/08 02:04:28.679, 6, 120 MHz, 3996 MHz, 184.83 W, 29
2026/10/08 02:04:28.679, 7, 120 MHz, 3996 MHz, 184.60 W, 28
2026/10/08 02:04:28.780, 0, 120 MHz, 3996 MHz, 184.47 W, 33
2026/10/08 02:04:28.780, 1, 120 MHz, 3996 MHz, 186.29 W, 36
2026/10/08 02:04:28.780, 2, 120 MHz, 3996 MHz, 182.32 W, 29
2026/10/08 02:04:28.780, 3, 120 MHz, 3996 MHz, 182.17 W, 29
2026/10/08 02:04:28.780, 4, 1267 MHz, 3996 MHz, 1094.30 W, 59
2026/10/08 02:04:28.780, 5, 1327 MHz, 3996 MHz, 1090.58 W, 58
2026/10/08 02:04:28.780, 6, 120 MHz, 3996 MHz, 184.83 W, 29
2026/10/08 02:04:28.780, 7, 120 MHz, 3996 MHz, 184.60 W, 28
2026/10/08 02:04:28.880, 0, 120 MHz, 3996 MHz, 184.47 W, 33
2026/10/08 02:04:28.880, 1, 120 MHz, 3996 MHz, 186.29 W, 36
2026/10/08 02:04:28.880, 2, 120 MHz, 3996 MHz, 182.36 W, 29
2026/10/08 02:04:28.880, 3, 120 MHz, 3996 MHz, 182.17 W, 29
2026/10/08 02:04:28.880, 4, 1282 MHz, 3996 MHz, 1090.81 W, 59
2026/10/08 02:04:28.880, 5, 1417 MHz, 3996 MHz, 1087.12 W, 58
2026/10/08 02:04:28.880, 6, 120 MHz, 3996 MHz, 184.83 W, 29
2026/10/08 02:04:28.880, 7, 120 MHz, 3996 MHz, 184.61 W, 28
2026/10/08 02:04:28.980, 0, 120 MHz, 3996 MHz, 184.47 W, 33
2026/10/08 02:04:28.980, 1, 120 MHz, 3996 MHz, 186.29 W, 36
2026/10/08 02:04:28.980, 2, 120 MHz, 3996 MHz, 182.36 W, 29
2026/10/08 02:04:28.980, 3, 120 MHz, 3996 MHz, 182.17 W, 29
2026/10/08 02:04:28.980, 4, 1297 MHz, 3996 MHz, 1092.88 W, 59
2026/10/08 02:04:28.980, 5, 2032 MHz, 3996 MHz, 1017.64 W, 57
2026/10/08 02:04:28.980, 6, 120 MHz, 3996 MHz, 184.83 W, 29
2026/10/08 02:04:28.980, 7, 120 MHz, 3996 MHz, 184.61 W, 28
2026/10/08 02:04:29.080, 0, 120 MHz, 3996 MHz, 184.47 W, 33
2026/10/08 02:04:29.080, 1, 120 MHz, 3996 MHz, 186.29 W, 36
2026/10/08 02:04:29.080, 2, 120 MHz, 3996 MHz, 182.36 W, 29
2026/10/08 02:04:29.080, 3, 120 MHz, 3996 MHz, 182.17 W, 29
2026/10/08 02:04:29.080, 4, 1297 MHz, 3996 MHz, 1092.63 W, 59
2026/10/08 02:04:29.080, 5, 2032 MHz, 3996 MHz, 936.47 W, 47
2026/10/08 02:04:29.080, 6, 120 MHz, 3996 MHz, 184.83 W, 29
2026/10/08 02:04:29.080, 7, 120 MHz, 3996 MHz, 184.61 W, 28
2026/10/08 02:04:29.181, 0, 120 MHz, 3996 MHz, 184.47 W, 33
2026/10/08 02:04:29.181, 1, 120 MHz, 3996 MHz, 186.29 W, 36
2026/10/08 02:04:29.181, 2, 120 MHz, 3996 MHz, 182.36 W, 29
2026/10/08 02:04:29.181, 3, 120 MHz, 3996 MHz, 182.17 W, 29
2026/10/08 02:04:29.181, 4, 1297 MHz, 3996 MHz, 1092.31 W, 59
2026/10/08 02:04:29.181, 5, 2032 MHz, 3996 MHz, 849.16 W, 45
2026/10/08 02:04:29.181, 6, 120 MHz, 3996 MHz, 184.83 W, 29
2026/10/08 02:04:29.181, 7, 120 MHz, 3996 MHz, 184.62 W, 28
2026/10/08 02:04:29.281, 0, 120 MHz, 3996 MHz, 184.47 W, 33
2026/10/08 02:04:29.281, 1, 120 MHz, 3996 MHz, 186.29 W, 36
2026/10/08 02:04:29.281, 2, 120 MHz, 3996 MHz, 182.48 W, 29
2026/10/08 02:04:29.281, 3, 120 MHz, 3996 MHz, 182.16 W, 29
2026/10/08 02:04:29.281, 4, 1267 MHz, 3996 MHz, 1091.32 W, 59
2026/10/08 02:04:29.281, 5, 2032 MHz, 3996 MHz, 763.95 W, 44
2026/10/08 02:04:29.281, 6, 120 MHz, 3996 MHz, 184.83 W, 29
2026/10/08 02:04:29.281, 7, 120 MHz, 3996 MHz, 184.62 W, 28
2026/10/08 02:04:29.381, 0, 120 MHz, 3996 MHz, 184.47 W, 33
2026/10/08 02:04:29.381, 1, 120 MHz, 3996 MHz, 186.29 W, 36
2026/10/08 02:04:29.381, 2, 120 MHz, 3996 MHz, 182.43 W, 29
2026/10/08 02:04:29.381, 3, 120 MHz, 3996 MHz, 182.16 W, 29
2026/10/08 02:04:29.381, 4, 1275 MHz, 3996 MHz, 1092.83 W, 59
2026/10/08 02:04:29.381, 5, 2032 MHz, 3996 MHz, 686.98 W, 43
2026/10/08 02:04:29.381, 6, 120 MHz, 3996 MHz, 184.83 W, 29
2026/10/08 02:04:29.381, 7, 120 MHz, 3996 MHz, 184.62 W, 28
2026/10/08 02:04:29.481, 0, 120 MHz, 3996 MHz, 184.47 W, 33
2026/10/08 02:04:29.481, 1, 120 MHz, 3996 MHz, 186.29 W, 36
2026/10/08 02:04:29.481, 2, 120 MHz, 3996 MHz, 182.43 W, 29
2026/10/08 02:04:29.481, 3, 120 MHz, 3996 MHz, 182.16 W, 29
2026/10/08 02:04:29.481, 4, 1282 MHz, 3996 MHz, 1089.75 W, 59
2026/10/08 02:04:29.481, 5, 2032 MHz, 3996 MHz, 593.75 W, 42
2026/10/08 02:04:29.481, 6, 120 MHz, 3996 MHz, 184.83 W, 29
2026/10/08 02:04:29.481, 7, 120 MHz, 3996 MHz, 184.62 W, 28
2026/10/08 02:04:29.582, 0, 120 MHz, 3996 MHz, 184.47 W, 33
2026/10/08 02:04:29.582, 1, 120 MHz, 3996 MHz, 186.29 W, 36
2026/10/08 02:04:29.582, 2, 120 MHz, 3996 MHz, 182.40 W, 29
2026/10/08 02:04:29.582, 3, 120 MHz, 3996 MHz, 182.16 W, 29
2026/10/08 02:04:29.582, 4, 1297 MHz, 3996 MHz, 1090.25 W, 59
2026/10/08 02:04:29.582, 5, 2032 MHz, 3996 MHz, 519.61 W, 42
2026/10/08 02:04:29.582, 6, 120 MHz, 3996 MHz, 184.83 W, 29
2026/10/08 02:04:29.582, 7, 120 MHz, 3996 MHz, 184.62 W, 28
2026/10/08 02:04:29.682, 0, 120 MHz, 3996 MHz, 184.47 W, 33
2026/10/08 02:04:29.682, 1, 120 MHz, 3996 MHz, 186.29 W, 36
2026/10/08 02:04:29.682, 2, 120 MHz, 3996 MHz, 182.44 W, 29
2026/10/08 02:04:29.682, 3, 120 MHz, 3996 MHz, 182.16 W, 29
2026/10/08 02:04:29.682, 4, 1312 MHz, 3996 MHz, 1090.74 W, 60
2026/10/08 02:04:29.682, 5, 2032 MHz, 3996 MHz, 424.35 W, 41
2026/10/08 02:04:29.682, 6, 120 MHz, 3996 MHz, 184.83 W, 29
2026/10/08 02:04:29.682, 7, 120 MHz, 3996 MHz, 184.61 W, 28
2026/10/08 02:04:29.782, 0, 120 MHz, 3996 MHz, 184.47 W, 33
2026/10/08 02:04:29.782, 1, 120 MHz, 3996 MHz, 186.29 W, 36
2026/10/08 02:04:29.782, 2, 120 MHz, 3996 MHz, 182.47 W, 29
2026/10/08 02:04:29.782, 3, 120 MHz, 3996 MHz, 182.16 W, 29
2026/10/08 02:04:29.782, 4, 1297 MHz, 3996 MHz, 1091.87 W, 60
2026/10/08 02:04:29.782, 5, 2032 MHz, 3996 MHz, 338.63 W, 41
2026/10/08 02:04:29.782, 6, 120 MHz, 3996 MHz, 184.83 W, 29
2026/10/08 02:04:29.782, 7, 120 MHz, 3996 MHz, 184.60 W, 28
2026/10/08 02:04:29.882, 0, 120 MHz, 3996 MHz, 184.47 W, 33
2026/10/08 02:04:29.882, 1, 120 MHz, 3996 MHz, 186.29 W, 36
2026/10/08 02:04:29.882, 2, 120 MHz, 3996 MHz, 182.48 W, 29
2026/10/08 02:04:29.882, 3, 120 MHz, 3996 MHz, 182.17 W, 29
2026/10/08 02:04:29.882, 4, 1387 MHz, 3996 MHz, 1091.67 W, 60
2026/10/08 02:04:29.882, 5, 2032 MHz, 3996 MHz, 257.79 W, 40
2026/10/08 02:04:29.882, 6, 120 MHz, 3996 MHz, 184.83 W, 29
2026/10/08 02:04:29.883, 7, 120 MHz, 3996 MHz, 184.60 W, 28
2026/10/08 02:04:29.983, 0, 120 MHz, 3996 MHz, 184.47 W, 33
2026/10/08 02:04:29.983, 1, 120 MHz, 3996 MHz, 186.29 W, 36
2026/10/08 02:04:29.983, 2, 120 MHz, 3996 MHz, 182.47 W, 29
2026/10/08 02:04:29.983, 3, 120 MHz, 3996 MHz, 182.17 W, 29
2026/10/08 02:04:29.983, 4, 2032 MHz, 3996 MHz, 1024.71 W, 53
2026/10/08 02:04:29.983, 5, 1897 MHz, 3996 MHz, 303.11 W, 40
2026/10/08 02:04:29.983, 6, 120 MHz, 3996 MHz, 184.83 W, 29
2026/10/08 02:04:29.983, 7, 120 MHz, 3996 MHz, 184.60 W, 28
2026/10/08 02:04:30.083, 0, 120 MHz, 3996 MHz, 184.47 W, 33
2026/10/08 02:04:30.083, 1, 120 MHz, 3996 MHz, 186.29 W, 36
2026/10/08 02:04:30.083, 2, 120 MHz, 3996 MHz, 182.52 W, 29
2026/10/08 02:04:30.083, 3, 120 MHz, 3996 MHz, 182.17 W, 29
2026/10/08 02:04:30.083, 4, 2032 MHz, 3996 MHz, 942.70 W, 49
2026/10/08 02:04:30.083, 5, 1297 MHz, 3996 MHz, 381.91 W, 51
2026/10/08 02:04:30.083, 6, 120 MHz, 3996 MHz, 184.83 W, 29
2026/10/08 02:04:30.083, 7, 120 MHz, 3996 MHz, 184.60 W, 28
2026/10/08 02:04:30.183, 0, 120 MHz, 3996 MHz, 184.47 W, 33
2026/10/08 02:04:30.183, 1, 120 MHz, 3996 MHz, 186.29 W, 36
2026/10/08 02:04:30.183, 2, 120 MHz, 3996 MHz, 182.55 W, 29
2026/10/08 02:04:30.183, 3, 120 MHz, 3996 MHz, 182.16 W, 29
2026/10/08 02:04:30.183, 4, 2032 MHz, 3996 MHz, 861.14 W, 47
2026/10/08 02:04:30.183, 5, 1372 MHz, 3996 MHz, 463.44 W, 44
2026/10/08 02:04:30.183, 6, 120 MHz, 3996 MHz, 184.83 W, 29
2026/10/08 02:04:30.183, 7, 120 MHz, 3996 MHz, 184.60 W, 28
2026/10/08 02:04:30.283, 0, 120 MHz, 3996 MHz, 184.47 W, 33
2026/10/08 02:04:30.284, 1, 120 MHz, 3996 MHz, 186.29 W, 36
2026/10/08 02:04:30.284, 2, 120 MHz, 3996 MHz, 182.51 W, 29
2026/10/08 02:04:30.284, 3, 120 MHz, 3996 MHz, 182.17 W, 29
2026/10/08 02:04:30.284, 4, 2032 MHz, 3996 MHz, 778.05 W, 45
2026/10/08 02:04:30.284, 5, 1357 MHz, 3996 MHz, 550.22 W, 54
2026/10/08 02:04:30.284, 6, 120 MHz, 3996 MHz, 184.87 W, 29
2026/10/08 02:04:30.284, 7, 120 MHz, 3996 MHz, 184.60 W, 28
2026/10/08 02:04:30.384, 0, 120 MHz, 3996 MHz, 184.47 W, 33
2026/10/08 02:04:30.384, 1, 120 MHz, 3996 MHz, 186.29 W, 36
2026/10/08 02:04:30.384, 2, 120 MHz, 3996 MHz, 182.48 W, 29
2026/10/08 02:04:30.384, 3, 120 MHz, 3996 MHz, 182.18 W, 29
2026/10/08 02:04:30.384, 4, 2032 MHz, 3996 MHz, 695.41 W, 44
2026/10/08 02:04:30.384, 5, 1305 MHz, 3996 MHz, 640.71 W, 55
2026/10/08 02:04:30.384, 6, 120 MHz, 3996 MHz, 184.87 W, 29
2026/10/08 02:04:30.384, 7, 120 MHz, 3996 MHz, 184.60 W, 28
2026/10/08 02:04:30.484, 0, 120 MHz, 3996 MHz, 184.47 W, 33
2026/10/08 02:04:30.484, 1, 120 MHz, 3996 MHz, 186.29 W, 36
2026/10/08 02:04:30.484, 2, 120 MHz, 3996 MHz, 182.45 W, 29
2026/10/08 02:04:30.484, 3, 120 MHz, 3996 MHz, 182.18 W, 29
2026/10/08 02:04:30.484, 4, 2032 MHz, 3996 MHz, 613.97 W, 44
2026/10/08 02:04:30.484, 5, 1335 MHz, 3996 MHz, 716.66 W, 55
2026/10/08 02:04:30.484, 6, 120 MHz, 3996 MHz, 184.87 W, 29
2026/10/08 02:04:30.484, 7, 120 MHz, 3996 MHz, 184.60 W, 28
2026/10/08 02:04:30.584, 0, 120 MHz, 3996 MHz, 184.47 W, 33
2026/10/08 02:04:30.584, 1, 120 MHz, 3996 MHz, 186.29 W, 36
2026/10/08 02:04:30.584, 2, 120 MHz, 3996 MHz, 182.45 W, 29
2026/10/08 02:04:30.584, 3, 120 MHz, 3996 MHz, 182.18 W, 29
2026/10/08 02:04:30.584, 4, 2032 MHz, 3996 MHz, 530.28 W, 43
2026/10/08 02:04:30.584, 5, 1275 MHz, 3996 MHz, 808.24 W, 56
2026/10/08 02:04:30.584, 6, 120 MHz, 3996 MHz, 184.87 W, 29
2026/10/08 02:04:30.584, 7, 120 MHz, 3996 MHz, 184.60 W, 28
2026/10/08 02:04:30.685, 0, 120 MHz, 3996 MHz, 184.47 W, 33
2026/10/08 02:04:30.685, 1, 120 MHz, 3996 MHz, 186.29 W, 36
2026/10/08 02:04:30.685, 2, 120 MHz, 3996 MHz, 182.44 W, 29
2026/10/08 02:04:30.685, 3, 120 MHz, 3996 MHz, 182.17 W, 29
2026/10/08 02:04:30.685, 4, 2032 MHz, 3996 MHz, 447.00 W, 43
2026/10/08 02:04:30.685, 5, 1372 MHz, 3996 MHz, 891.46 W, 55
2026/10/08 02:04:30.685, 6, 120 MHz, 3996 MHz, 184.87 W, 29
2026/10/08 02:04:30.685, 7, 120 MHz, 3996 MHz, 184.60 W, 28
2026/10/08 02:04:30.785, 0, 120 MHz, 3996 MHz, 184.47 W, 33
2026/10/08 02:04:30.785, 1, 120 MHz, 3996 MHz, 186.29 W, 36
2026/10/08 02:04:30.785, 2, 120 MHz, 3996 MHz, 182.60 W, 29
2026/10/08 02:04:30.785, 3, 120 MHz, 3996 MHz, 182.17 W, 29
2026/10/08 02:04:30.785, 4, 2032 MHz, 3996 MHz, 364.07 W, 42
2026/10/08 02:04:30.785, 5, 1297 MHz, 3996 MHz, 961.70 W, 57
2026/10/08 02:04:30.785, 6, 120 MHz, 3996 MHz, 184.87 W, 29
2026/10/08 02:04:30.785, 7, 120 MHz, 3996 MHz, 184.60 W, 28
2026/10/08 02:04:30.885, 0, 120 MHz, 3996 MHz, 184.47 W, 33
2026/10/08 02:04:30.885, 1, 120 MHz, 3996 MHz, 186.29 W, 36
2026/10/08 02:04:30.885, 2, 120 MHz, 3996 MHz, 182.56 W, 29
2026/10/08 02:04:30.885, 3, 120 MHz, 3996 MHz, 182.17 W, 29
2026/10/08 02:04:30.885, 4, 2032 MHz, 3996 MHz, 282.76 W, 42
2026/10/08 02:04:30.885, 5, 1320 MHz, 3996 MHz, 1044.67 W, 57
2026/10/08 02:04:30.885, 6, 120 MHz, 3996 MHz, 184.87 W, 29
2026/10/08 02:04:30.885, 7, 120 MHz, 3996 MHz, 184.60 W, 28
2026/10/08 02:04:30.985, 0, 120 MHz, 3996 MHz, 184.47 W, 33
2026/10/08 02:04:30.985, 1, 120 MHz, 3996 MHz, 186.29 W, 36
2026/10/08 02:04:30.985, 2, 120 MHz, 3996 MHz, 182.56 W, 29
2026/10/08 02:04:30.985, 3, 120 MHz, 3996 MHz, 182.16 W, 29
2026/10/08 02:04:30.985, 4, 1762 MHz, 3996 MHz, 312.07 W, 42
2026/10/08 02:04:30.985, 5, 1335 MHz, 3996 MHz, 1090.29 W, 57
2026/10/08 02:04:30.985, 6, 120 MHz, 3996 MHz, 184.87 W, 29
2026/10/08 02:04:30.985, 7, 120 MHz, 3996 MHz, 184.60 W, 28
2026/10/08 02:04:31.086, 0, 120 MHz, 3996 MHz, 184.47 W, 33
2026/10/08 02:04:31.086, 1, 120 MHz, 3996 MHz, 186.29 W, 36
2026/10/08 02:04:31.086, 2, 120 MHz, 3996 MHz, 182.56 W, 29
2026/10/08 02:04:31.086, 3, 120 MHz, 3996 MHz, 182.16 W, 29
2026/10/08 02:04:31.086, 4, 1275 MHz, 3996 MHz, 389.33 W, 52
2026/10/08 02:04:31.086, 5, 1305 MHz, 3996 MHz, 1090.33 W, 58
2026/10/08 02:04:31.086, 6, 120 MHz, 3996 MHz, 184.87 W, 29
2026/10/08 02:04:31.086, 7, 120 MHz, 3996 MHz, 184.59 W, 28
2026/10/08 02:04:31.186, 0, 120 MHz, 3996 MHz, 184.47 W, 33
2026/10/08 02:04:31.186, 1, 120 MHz, 3996 MHz, 186.29 W, 36
2026/10/08 02:04:31.186, 2, 120 MHz, 3996 MHz, 182.56 W, 29
2026/10/08 02:04:31.186, 3, 120 MHz, 3996 MHz, 182.17 W, 29
2026/10/08 02:04:31.186, 4, 1365 MHz, 3996 MHz, 472.00 W, 53
2026/10/08 02:04:31.186, 5, 1350 MHz, 3996 MHz, 1089.31 W, 57
2026/10/08 02:04:31.186, 6, 120 MHz, 3996 MHz, 184.91 W, 29
2026/10/08 02:04:31.186, 7, 120 MHz, 3996 MHz, 184.59 W, 28
2026/10/08 02:04:31.286, 0, 120 MHz, 3996 MHz, 184.47 W, 33
2026/10/08 02:04:31.286, 1, 120 MHz, 3996 MHz, 186.29 W, 36
2026/10/08 02:04:31.286, 2, 120 MHz, 3996 MHz, 182.48 W, 29
2026/10/08 02:04:31.286, 3, 120 MHz, 3996 MHz, 182.16 W, 29
2026/10/08 02:04:31.286, 4, 1312 MHz, 3996 MHz, 558.99 W, 56
2026/10/08 02:04:31.286, 5, 1282 MHz, 3996 MHz, 1084.79 W, 58
2026/10/08 02:04:31.286, 6, 120 MHz, 3996 MHz, 184.87 W, 29
2026/10/08 02:04:31.286, 7, 120 MHz, 3996 MHz, 184.59 W, 28
2026/10/08 02:04:31.386, 0, 120 MHz, 3996 MHz, 184.47 W, 33
2026/10/08 02:04:31.386, 1, 120 MHz, 3996 MHz, 186.29 W, 36
2026/10/08 02:04:31.386, 2, 120 MHz, 3996 MHz, 182.48 W, 29
2026/10/08 02:04:31.386, 3, 120 MHz, 3996 MHz, 182.16 W, 29
2026/10/08 02:04:31.386, 4, 1282 MHz, 3996 MHz, 641.24 W, 57
2026/10/08 02:04:31.386, 5, 1305 MHz, 3996 MHz, 1083.74 W, 58
2026/10/08 02:04:31.386, 6, 120 MHz, 3996 MHz, 184.87 W, 29
2026/10/08 02:04:31.386, 7, 120 MHz, 3996 MHz, 184.59 W, 28
2026/10/08 02:04:31.487, 0, 120 MHz, 3996 MHz, 184.47 W, 33
2026/10/08 02:04:31.487, 1, 120 MHz, 3996 MHz, 186.29 W, 36
2026/10/08 02:04:31.487, 2, 120 MHz, 3996 MHz, 182.55 W, 29
2026/10/08 02:04:31.487, 3, 120 MHz, 3996 MHz, 182.16 W, 29
2026/10/08 02:04:31.487, 4, 1267 MHz, 3996 MHz, 726.49 W, 57
2026/10/08 02:04:31.487, 5, 1305 MHz, 3996 MHz, 1084.07 W, 58
2026/10/08 02:04:31.487, 6, 120 MHz, 3996 MHz, 184.87 W, 29
2026/10/08 02:04:31.487, 7, 120 MHz, 3996 MHz, 184.59 W, 28
2026/10/08 02:04:31.587, 0, 120 MHz, 3996 MHz, 184.47 W, 33
2026/10/08 02:04:31.587, 1, 120 MHz, 3996 MHz, 186.29 W, 36
2026/10/08 02:04:31.587, 2, 120 MHz, 3996 MHz, 182.63 W, 29
2026/10/08 02:04:31.587, 3, 120 MHz, 3996 MHz, 182.16 W, 29
2026/10/08 02:04:31.587, 4, 1267 MHz, 3996 MHz, 809.47 W, 58
2026/10/08 02:04:31.587, 5, 1320 MHz, 3996 MHz, 1086.05 W, 58
2026/10/08 02:04:31.587, 6, 120 MHz, 3996 MHz, 184.87 W, 29
2026/10/08 02:04:31.587, 7, 120 MHz, 3996 MHz, 184.59 W, 28
2026/10/08 02:04:31.687, 0, 120 MHz, 3996 MHz, 184.47 W, 33
2026/10/08 02:04:31.687, 1, 120 MHz, 3996 MHz, 186.29 W, 36
2026/10/08 02:04:31.687, 2, 120 MHz, 3996 MHz, 182.67 W, 29
2026/10/08 02:04:31.687, 3, 120 MHz, 3996 MHz, 182.17 W, 29
2026/10/08 02:04:31.687, 4, 1312 MHz, 3996 MHz, 893.03 W, 56
2026/10/08 02:04:31.687, 5, 1380 MHz, 3996 MHz, 1088.20 W, 58
2026/10/08 02:04:31.687, 6, 120 MHz, 3996 MHz, 184.87 W, 29
2026/10/08 02:04:31.687, 7, 120 MHz, 3996 MHz, 184.59 W, 28
2026/10/08 02:04:31.787, 0, 120 MHz, 3996 MHz, 184.47 W, 33
2026/10/08 02:04:31.787, 1, 120 MHz, 3996 MHz, 186.29 W, 36
2026/10/08 02:04:31.787, 2, 120 MHz, 3996 MHz, 182.44 W, 29
2026/10/08 02:04:31.787, 3, 120 MHz, 3996 MHz, 182.18 W, 29
2026/10/08 02:04:31.787, 4, 1290 MHz, 3996 MHz, 976.77 W, 58
2026/10/08 02:04:31.787, 5, 1320 MHz, 3996 MHz, 1087.09 W, 59
2026/10/08 02:04:31.787, 6, 120 MHz, 3996 MHz, 184.87 W, 29
2026/10/08 02:04:31.787, 7, 120 MHz, 3996 MHz, 184.59 W, 28
2026/10/08 02:04:31.888, 0, 120 MHz, 3996 MHz, 184.47 W, 33
2026/10/08 02:04:31.888, 1, 120 MHz, 3996 MHz, 186.29 W, 36
2026/10/08 02:04:31.888, 2, 120 MHz, 3996 MHz, 182.44 W, 29
2026/10/08 02:04:31.888, 3, 120 MHz, 3996 MHz, 182.19 W, 29
2026/10/08 02:04:31.888, 4, 1305 MHz, 3996 MHz, 1061.01 W, 58
2026/10/08 02:04:31.888, 5, 1320 MHz, 3996 MHz, 1089.36 W, 58
2026/10/08 02:04:31.888, 6, 120 MHz, 3996 MHz, 184.87 W, 29
2026/10/08 02:04:31.888, 7, 120 MHz, 3996 MHz, 184.59 W, 28
2026/10/08 02:04:31.988, 0, 120 MHz, 3996 MHz, 184.47 W, 33
2026/10/08 02:04:31.988, 1, 120 MHz, 3996 MHz, 186.29 W, 36
2026/10/08 02:04:31.988, 2, 120 MHz, 3996 MHz, 182.52 W, 29
2026/10/08 02:04:31.988, 3, 120 MHz, 3996 MHz, 182.19 W, 29
2026/10/08 02:04:31.988, 4, 1297 MHz, 3996 MHz, 1090.04 W, 59
2026/10/08 02:04:31.988, 5, 1312 MHz, 3996 MHz, 1088.23 W, 59
2026/10/08 02:04:31.988, 6, 120 MHz, 3996 MHz, 184.87 W, 29
2026/10/08 02:04:31.988, 7, 120 MHz, 3996 MHz, 184.59 W, 28
2026/10/08 02:04:32.088, 0, 120 MHz, 3996 MHz, 184.47 W, 33
2026/10/08 02:04:32.088, 1, 120 MHz, 3996 MHz, 186.29 W, 36
2026/10/08 02:04:32.088, 2, 120 MHz, 3996 MHz, 182.60 W, 29
2026/10/08 02:04:32.088, 3, 120 MHz, 3996 MHz, 182.19 W, 29
2026/10/08 02:04:32.088, 4, 1267 MHz, 3996 MHz, 1084.44 W, 59
2026/10/08 02:04:32.088, 5, 1312 MHz, 3996 MHz, 1089.07 W, 59
2026/10/08 02:04:32.088, 6, 120 MHz, 3996 MHz, 184.87 W, 29
2026/10/08 02:04:32.088, 7, 120 MHz, 3996 MHz, 184.59 W, 28
2026/10/08 02:04:32.188, 0, 120 MHz, 3996 MHz, 184.47 W, 33
2026/10/08 02:04:32.188, 1, 120 MHz, 3996 MHz, 186.29 W, 36
2026/10/08 02:04:32.188, 2, 120 MHz, 3996 MHz, 182.51 W, 29
2026/10/08 02:04:32.188, 3, 120 MHz, 3996 MHz, 182.19 W, 29
2026/10/08 02:04:32.188, 4, 1335 MHz, 3996 MHz, 1087.57 W, 59
2026/10/08 02:04:32.188, 5, 1305 MHz, 3996 MHz, 1087.38 W, 58
2026/10/08 02:04:32.188, 6, 120 MHz, 3996 MHz, 184.83 W, 29
2026/10/08 02:04:32.188, 7, 120 MHz, 3996 MHz, 184.59 W, 28
2026/10/08 02:04:32.289, 0, 120 MHz, 3996 MHz, 184.47 W, 33
2026/10/08 02:04:32.289, 1, 120 MHz, 3996 MHz, 186.29 W, 36
2026/10/08 02:04:32.289, 2, 120 MHz, 3996 MHz, 182.51 W, 29
2026/10/08 02:04:32.289, 3, 120 MHz, 3996 MHz, 182.18 W, 29
2026/10/08 02:04:32.289, 4, 1267 MHz, 3996 MHz, 1084.71 W, 59
2026/10/08 02:04:32.289, 5, 1305 MHz, 3996 MHz, 1087.76 W, 58
2026/10/08 02:04:32.289, 6, 120 MHz, 3996 MHz, 184.87 W, 29
2026/10/08 02:04:32.289, 7, 120 MHz, 3996 MHz, 184.59 W, 28
2026/10/08 02:04:32.389, 0, 120 MHz, 3996 MHz, 184.47 W, 33
2026/10/08 02:04:32.389, 1, 120 MHz, 3996 MHz, 186.29 W, 36
2026/10/08 02:04:32.389, 2, 120 MHz, 3996 MHz, 182.52 W, 29
2026/10/08 02:04:32.389, 3, 120 MHz, 3996 MHz, 182.18 W, 29
2026/10/08 02:04:32.389, 4, 1305 MHz, 3996 MHz, 1085.94 W, 59
2026/10/08 02:04:32.389, 5, 1320 MHz, 3996 MHz, 1087.62 W, 58
2026/10/08 02:04:32.389, 6, 120 MHz, 3996 MHz, 184.87 W, 29
2026/10/08 02:04:32.389, 7, 120 MHz, 3996 MHz, 184.59 W, 28
2026/10/08 02:04:32.489, 0, 120 MHz, 3996 MHz, 184.47 W, 33
2026/10/08 02:04:32.489, 1, 120 MHz, 3996 MHz, 186.29 W, 36
2026/10/08 02:04:32.489, 2, 120 MHz, 3996 MHz, 182.44 W, 29
2026/10/08 02:04:32.489, 3, 120 MHz, 3996 MHz, 182.18 W, 29
2026/10/08 02:04:32.489, 4, 1290 MHz, 3996 MHz, 1084.55 W, 60
2026/10/08 02:04:32.489, 5, 1320 MHz, 3996 MHz, 1088.29 W, 59
2026/10/08 02:04:32.489, 6, 120 MHz, 3996 MHz, 184.87 W, 29
2026/10/08 02:04:32.489, 7, 120 MHz, 3996 MHz, 184.59 W, 28
2026/10/08 02:04:32.589, 0, 120 MHz, 3996 MHz, 184.47 W, 33
2026/10/08 02:04:32.589, 1, 120 MHz, 3996 MHz, 186.29 W, 36
2026/10/08 02:04:32.589, 2, 120 MHz, 3996 MHz, 182.37 W, 29
2026/10/08 02:04:32.589, 3, 120 MHz, 3996 MHz, 182.18 W, 29
2026/10/08 02:04:32.589, 4, 1267 MHz, 3996 MHz, 1085.27 W, 60
2026/10/08 02:04:32.589, 5, 1485 MHz, 3996 MHz, 1085.29 W, 59
2026/10/08 02:04:32.589, 6, 120 MHz, 3996 MHz, 184.87 W, 29
2026/10/08 02:04:32.589, 7, 120 MHz, 3996 MHz, 184.59 W, 28
2026/10/08 02:04:32.689, 0, 120 MHz, 3996 MHz, 184.47 W, 33
2026/10/08 02:04:32.690, 1, 120 MHz, 3996 MHz, 186.29 W, 36
2026/10/08 02:04:32.690, 2, 120 MHz, 3996 MHz, 182.33 W, 29
2026/10/08 02:04:32.690, 3, 120 MHz, 3996 MHz, 182.18 W, 29
2026/10/08 02:04:32.690, 4, 1395 MHz, 3996 MHz, 1085.49 W, 60
2026/10/08 02:04:32.690, 5, 1290 MHz, 3996 MHz, 1084.94 W, 58
2026/10/08 02:04:32.690, 6, 120 MHz, 3996 MHz, 184.87 W, 29
2026/10/08 02:04:32.690, 7, 120 MHz, 3996 MHz, 184.60 W, 28
2026/10/08 02:04:32.790, 0, 120 MHz, 3996 MHz, 184.47 W, 33
2026/10/08 02:04:32.790, 1, 120 MHz, 3996 MHz, 186.29 W, 36
2026/10/08 02:04:32.790, 2, 120 MHz, 3996 MHz, 182.32 W, 29
2026/10/08 02:04:32.790, 3, 120 MHz, 3996 MHz, 182.17 W, 29
2026/10/08 02:04:32.790, 4, 1267 MHz, 3996 MHz, 1084.90 W, 60
2026/10/08 02:04:32.790, 5, 1545 MHz, 3996 MHz, 1080.85 W, 59
2026/10/08 02:04:32.790, 6, 120 MHz, 3996 MHz, 184.87 W, 29
2026/10/08 02:04:32.790, 7, 120 MHz, 3996 MHz, 184.60 W, 28
2026/10/08 02:04:32.890, 0, 120 MHz, 3996 MHz, 184.47 W, 33
2026/10/08 02:04:32.890, 1, 120 MHz, 3996 MHz, 186.29 W, 36
2026/10/08 02:04:32.890, 2, 120 MHz, 3996 MHz, 182.44 W, 29
2026/10/08 02:04:32.890, 3, 120 MHz, 3996 MHz, 182.16 W, 29
2026/10/08 02:04:32.890, 4, 1275 MHz, 3996 MHz, 1084.53 W, 60
2026/10/08 02:04:32.890, 5, 1312 MHz, 3996 MHz, 1071.27 W, 53
2026/10/08 02:04:32.890, 6, 120 MHz, 3996 MHz, 184.87 W, 29
2026/10/08 02:04:32.890, 7, 120 MHz, 3996 MHz, 184.60 W, 28
2026/10/08 02:04:32.990, 0, 120 MHz, 3996 MHz, 184.47 W, 33
2026/10/08 02:04:32.990, 1, 120 MHz, 3996 MHz, 186.29 W, 36
2026/10/08 02:04:32.990, 2, 120 MHz, 3996 MHz, 182.40 W, 29
2026/10/08 02:04:32.990, 3, 120 MHz, 3996 MHz, 182.16 W, 29
2026/10/08 02:04:32.990, 4, 1305 MHz, 3996 MHz, 1083.83 W, 60
2026/10/08 02:04:32.990, 5, 1320 MHz, 3996 MHz, 1075.51 W, 59
2026/10/08 02:04:32.990, 6, 120 MHz, 3996 MHz, 184.87 W, 29
2026/10/08 02:04:32.990, 7, 120 MHz, 3996 MHz, 184.60 W, 28
2026/10/08 02:04:33.091, 0, 120 MHz, 3996 MHz, 184.47 W, 33
2026/10/08 02:04:33.091, 1, 120 MHz, 3996 MHz, 186.29 W, 36
2026/10/08 02:04:33.091, 2, 120 MHz, 3996 MHz, 182.28 W, 29
2026/10/08 02:04:33.091, 3, 120 MHz, 3996 MHz, 182.15 W, 29
2026/10/08 02:04:33.091, 4, 1282 MHz, 3996 MHz, 1085.67 W, 60
2026/10/08 02:04:33.091, 5, 1342 MHz, 3996 MHz, 1077.28 W, 58
2026/10/08 02:04:33.091, 6, 120 MHz, 3996 MHz, 184.87 W, 29
2026/10/08 02:04:33.091, 7, 120 MHz, 3996 MHz, 184.60 W, 28
2026/10/08 02:04:33.191, 0, 120 MHz, 3996 MHz, 184.47 W, 33
2026/10/08 02:04:33.191, 1, 120 MHz, 3996 MHz, 186.29 W, 36
2026/10/08 02:04:33.191, 2, 120 MHz, 3996 MHz, 182.29 W, 29
2026/10/08 02:04:33.191, 3, 120 MHz, 3996 MHz, 182.16 W, 29
2026/10/08 02:04:33.191, 4, 1275 MHz, 3996 MHz, 1086.11 W, 60
2026/10/08 02:04:33.191, 5, 1275 MHz, 3996 MHz, 1082.87 W, 59
2026/10/08 02:04:33.191, 6, 120 MHz, 3996 MHz, 184.87 W, 29
2026/10/08 02:04:33.191, 7, 120 MHz, 3996 MHz, 184.60 W, 28
2026/10/08 02:04:33.291, 0, 120 MHz, 3996 MHz, 184.47 W, 33
2026/10/08 02:04:33.291, 1, 120 MHz, 3996 MHz, 186.29 W, 36
2026/10/08 02:04:33.291, 2, 120 MHz, 3996 MHz, 182.33 W, 29
2026/10/08 02:04:33.291, 3, 120 MHz, 3996 MHz, 182.16 W, 29
2026/10/08 02:04:33.291, 4, 1275 MHz, 3996 MHz, 1088.06 W, 61
2026/10/08 02:04:33.291, 5, 1372 MHz, 3996 MHz, 1081.41 W, 59
2026/10/08 02:04:33.291, 6, 120 MHz, 3996 MHz, 184.83 W, 29
2026/10/08 02:04:33.291, 7, 120 MHz, 3996 MHz, 184.60 W, 28
2026/10/08 02:04:33.391, 0, 120 MHz, 3996 MHz, 184.47 W, 33
2026/10/08 02:04:33.391, 1, 120 MHz, 3996 MHz, 186.29 W, 36
2026/10/08 02:04:33.391, 2, 120 MHz, 3996 MHz, 182.37 W, 29
2026/10/08 02:04:33.391, 3, 120 MHz, 3996 MHz, 182.16 W, 29
2026/10/08 02:04:33.391, 4, 1290 MHz, 3996 MHz, 1087.84 W, 60
2026/10/08 02:04:33.391, 5, 1297 MHz, 3996 MHz, 1080.66 W, 59
2026/10/08 02:04:33.391, 6, 120 MHz, 3996 MHz, 184.83 W, 29
2026/10/08 02:04:33.391, 7, 120 MHz, 3996 MHz, 184.60 W, 28
2026/10/08 02:04:33.492, 0, 120 MHz, 3996 MHz, 184.47 W, 33
2026/10/08 02:04:33.492, 1, 120 MHz, 3996 MHz, 186.29 W, 36
2026/10/08 02:04:33.492, 2, 120 MHz, 3996 MHz, 182.37 W, 29
2026/10/08 02:04:33.492, 3, 120 MHz, 3996 MHz, 182.16 W, 29
2026/10/08 02:04:33.492, 4, 1282 MHz, 3996 MHz, 1087.97 W, 60
2026/10/08 02:04:33.492, 5, 1305 MHz, 3996 MHz, 1080.89 W, 59
2026/10/08 02:04:33.492, 6, 120 MHz, 3996 MHz, 184.83 W, 29
2026/10/08 02:04:33.492, 7, 120 MHz, 3996 MHz, 184.61 W, 28
2026/10/08 02:04:33.592, 0, 120 MHz, 3996 MHz, 184.47 W, 33
2026/10/08 02:04:33.592, 1, 120 MHz, 3996 MHz, 186.29 W, 36
2026/10/08 02:04:33.592, 2, 120 MHz, 3996 MHz, 182.36 W, 29
2026/10/08 02:04:33.592, 3, 120 MHz, 3996 MHz, 182.15 W, 29
2026/10/08 02:04:33.592, 4, 1275 MHz, 3996 MHz, 1088.60 W, 60
2026/10/08 02:04:33.592, 5, 1320 MHz, 3996 MHz, 1114.29 W, 59
2026/10/08 02:04:33.592, 6, 120 MHz, 3996 MHz, 184.83 W, 29
2026/10/08 02:04:33.592, 7, 120 MHz, 3996 MHz, 184.60 W, 28
2026/10/08 02:04:33.692, 0, 120 MHz, 3996 MHz, 184.47 W, 33
2026/10/08 02:04:33.692, 1, 120 MHz, 3996 MHz, 186.29 W, 36
2026/10/08 02:04:33.692, 2, 120 MHz, 3996 MHz, 182.36 W, 29
2026/10/08 02:04:33.692, 3, 120 MHz, 3996 MHz, 182.15 W, 29
2026/10/08 02:04:33.692, 4, 1365 MHz, 3996 MHz, 1086.06 W, 60
2026/10/08 02:04:33.692, 5, 1312 MHz, 3996 MHz, 1086.04 W, 59
2026/10/08 02:04:33.692, 6, 120 MHz, 3996 MHz, 184.83 W, 29
2026/10/08 02:04:33.692, 7, 120 MHz, 3996 MHz, 184.60 W, 28
2026/10/08 02:04:33.792, 0, 120 MHz, 3996 MHz, 184.47 W, 33
2026/10/08 02:04:33.792, 1, 120 MHz, 3996 MHz, 186.29 W, 36
2026/10/08 02:04:33.792, 2, 120 MHz, 3996 MHz, 182.40 W, 29
2026/10/08 02:04:33.792, 3, 120 MHz, 3996 MHz, 182.15 W, 29
2026/10/08 02:04:33.792, 4, 1267 MHz, 3996 MHz, 1083.93 W, 60
2026/10/08 02:04:33.792, 5, 1305 MHz, 3996 MHz, 1096.58 W, 59
2026/10/08 02:04:33.792, 6, 120 MHz, 3996 MHz, 184.83 W, 29
2026/10/08 02:04:33.792, 7, 120 MHz, 3996 MHz, 184.60 W, 28
2026/10/08 02:04:33.893, 0, 120 MHz, 3996 MHz, 184.47 W, 33
2026/10/08 02:04:33.893, 1, 120 MHz, 3996 MHz, 186.29 W, 36
2026/10/08 02:04:33.893, 2, 120 MHz, 3996 MHz, 182.33 W, 29
2026/10/08 02:04:33.893, 3, 120 MHz, 3996 MHz, 182.16 W, 29
2026/10/08 02:04:33.893, 4, 1747 MHz, 3996 MHz, 1060.85 W, 60
2026/10/08 02:04:33.893, 5, 1290 MHz, 3996 MHz, 1093.68 W, 60
2026/10/08 02:04:33.893, 6, 120 MHz, 3996 MHz, 184.83 W, 29
2026/10/08 02:04:33.893, 7, 120 MHz, 3996 MHz, 184.60 W, 28
2026/10/08 02:04:33.993, 0, 120 MHz, 3996 MHz, 184.47 W, 33
2026/10/08 02:04:33.993, 1, 120 MHz, 3996 MHz, 186.29 W, 36
2026/10/08 02:04:33.993, 2, 120 MHz, 3996 MHz, 182.37 W, 29
2026/10/08 02:04:33.993, 3, 120 MHz, 3996 MHz, 182.16 W, 29
2026/10/08 02:04:33.993, 4, 1245 MHz, 3996 MHz, 1074.07 W, 62
2026/10/08 02:04:33.993, 5, 1320 MHz, 3996 MHz, 1091.30 W, 60
2026/10/08 02:04:33.993, 6, 120 MHz, 3996 MHz, 184.83 W, 29
2026/10/08 02:04:33.993, 7, 120 MHz, 3996 MHz, 184.60 W, 28
2026/10/08 02:04:34.093, 0, 120 MHz, 3996 MHz, 184.47 W, 33
2026/10/08 02:04:34.093, 1, 120 MHz, 3996 MHz, 186.29 W, 36
2026/10/08 02:04:34.093, 2, 120 MHz, 3996 MHz, 182.40 W, 29
2026/10/08 02:04:34.093, 3, 120 MHz, 3996 MHz, 182.17 W, 29
2026/10/08 02:04:34.093, 4, 1297 MHz, 3996 MHz, 1074.81 W, 61
2026/10/08 02:04:34.093, 5, 1320 MHz, 3996 MHz, 1089.36 W, 59
2026/10/08 02:04:34.093, 6, 120 MHz, 3996 MHz, 184.83 W, 29
2026/10/08 02:04:34.093, 7, 120 MHz, 3996 MHz, 184.60 W, 28
2026/10/08 02:04:34.193, 0, 120 MHz, 3996 MHz, 184.47 W, 33
2026/10/08 02:04:34.193, 1, 120 MHz, 3996 MHz, 186.29 W, 36
2026/10/08 02:04:34.193, 2, 120 MHz, 3996 MHz, 182.40 W, 29
2026/10/08 02:04:34.193, 3, 120 MHz, 3996 MHz, 182.16 W, 29
2026/10/08 02:04:34.193, 4, 1290 MHz, 3996 MHz, 1079.33 W, 61
2026/10/08 02:04:34.193, 5, 1305 MHz, 3996 MHz, 1090.18 W, 59
2026/10/08 02:04:34.193, 6, 120 MHz, 3996 MHz, 184.83 W, 29
2026/10/08 02:04:34.193, 7, 120 MHz, 3996 MHz, 184.60 W, 28
2026/10/08 02:04:34.294, 0, 120 MHz, 3996 MHz, 184.47 W, 33
2026/10/08 02:04:34.294, 1, 120 MHz, 3996 MHz, 186.29 W, 36
2026/10/08 02:04:34.294, 2, 120 MHz, 3996 MHz, 182.40 W, 29
2026/10/08 02:04:34.294, 3, 120 MHz, 3996 MHz, 182.15 W, 29
2026/10/08 02:04:34.294, 4, 1267 MHz, 3996 MHz, 1076.81 W, 61
2026/10/08 02:04:34.294, 5, 1410 MHz, 3996 MHz, 1093.23 W, 59
2026/10/08 02:04:34.294, 6, 120 MHz, 3996 MHz, 184.83 W, 29
2026/10/08 02:04:34.294, 7, 120 MHz, 3996 MHz, 184.60 W, 28
2026/10/08 02:04:34.394, 0, 120 MHz, 3996 MHz, 184.47 W, 33
2026/10/08 02:04:34.394, 1, 120 MHz, 3996 MHz, 186.29 W, 36
2026/10/08 02:04:34.394, 2, 120 MHz, 3996 MHz, 182.40 W, 29
2026/10/08 02:04:34.394, 3, 120 MHz, 3996 MHz, 182.15 W, 29
2026/10/08 02:04:34.394, 4, 1275 MHz, 3996 MHz, 1076.36 W, 61
2026/10/08 02:04:34.394, 5, 1290 MHz, 3996 MHz, 1094.22 W, 60
2026/10/08 02:04:34.394, 6, 120 MHz, 3996 MHz, 184.83 W, 29
2026/10/08 02:04:34.394, 7, 120 MHz, 3996 MHz, 184.60 W, 28
2026/10/08 02:04:34.494, 0, 120 MHz, 3996 MHz, 184.47 W, 33
2026/10/08 02:04:34.494, 1, 120 MHz, 3996 MHz, 186.29 W, 36
2026/10/08 02:04:34.494, 2, 120 MHz, 3996 MHz, 182.40 W, 29
2026/10/08 02:04:34.494, 3, 120 MHz, 3996 MHz, 182.16 W, 29
2026/10/08 02:04:34.494, 4, 1290 MHz, 3996 MHz, 1074.48 W, 60
2026/10/08 02:04:34.494, 5, 1320 MHz, 3996 MHz, 1092.92 W, 59
2026/10/08 02:04:34.494, 6, 120 MHz, 3996 MHz, 184.83 W, 29
2026/10/08 02:04:34.494, 7, 120 MHz, 3996 MHz, 184.59 W, 28
2026/10/08 02:04:34.594, 0, 120 MHz, 3996 MHz, 184.47 W, 33
2026/10/08 02:04:34.594, 1, 120 MHz, 3996 MHz, 186.29 W, 36
2026/10/08 02:04:34.594, 2, 120 MHz, 3996 MHz, 182.44 W, 29
2026/10/08 02:04:34.594, 3, 120 MHz, 3996 MHz, 182.16 W, 29
2026/10/08 02:04:34.594, 4, 1267 MHz, 3996 MHz, 1073.29 W, 61
2026/10/08 02:04:34.594, 5, 1327 MHz, 3996 MHz, 1093.57 W, 59
2026/10/08 02:04:34.594, 6, 120 MHz, 3996 MHz, 184.83 W, 29
2026/10/08 02:04:34.594, 7, 120 MHz, 3996 MHz, 184.59 W, 28
2026/10/08 02:04:34.695, 0, 120 MHz, 3996 MHz, 184.47 W, 33
2026/10/08 02:04:34.695, 1, 120 MHz, 3996 MHz, 186.29 W, 36
2026/10/08 02:04:34.695, 2, 120 MHz, 3996 MHz, 182.48 W, 29
2026/10/08 02:04:34.695, 3, 120 MHz, 3996 MHz, 182.15 W, 29
2026/10/08 02:04:34.695, 4, 1290 MHz, 3996 MHz, 1079.03 W, 61
2026/10/08 02:04:34.695, 5, 1305 MHz, 3996 MHz, 1094.50 W, 60
2026/10/08 02:04:34.695, 6, 120 MHz, 3996 MHz, 184.83 W, 29
2026/10/08 02:04:34.695, 7, 120 MHz, 3996 MHz, 184.59 W, 28
2026/10/08 02:04:34.795, 0, 120 MHz, 3996 MHz, 184.47 W, 33
2026/10/08 02:04:34.795, 1, 120 MHz, 3996 MHz, 186.29 W, 36
2026/10/08 02:04:34.795, 2, 120 MHz, 3996 MHz, 182.51 W, 29
2026/10/08 02:04:34.795, 3, 120 MHz, 3996 MHz, 182.15 W, 29
2026/10/08 02:04:34.795, 4, 1267 MHz, 3996 MHz, 1080.76 W, 61
2026/10/08 02:04:34.795, 5, 1320 MHz, 3996 MHz, 1092.30 W, 59
2026/10/08 02:04:34.795, 6, 120 MHz, 3996 MHz, 184.83 W, 29
2026/10/08 02:04:34.795, 7, 120 MHz, 3996 MHz, 184.59 W, 28
2026/10/08 02:04:34.895, 0, 120 MHz, 3996 MHz, 184.47 W, 33
2026/10/08 02:04:34.895, 1, 120 MHz, 3996 MHz, 186.29 W, 36
2026/10/08 02:04:34.895, 2, 120 MHz, 3996 MHz, 182.44 W, 29
2026/10/08 02:04:34.895, 3, 120 MHz, 3996 MHz, 182.15 W, 29
2026/10/08 02:04:34.895, 4, 1267 MHz, 3996 MHz, 1090.54 W, 60
2026/10/08 02:04:34.895, 5, 1305 MHz, 3996 MHz, 1093.15 W, 60
2026/10/08 02:04:34.895, 6, 120 MHz, 3996 MHz, 184.83 W, 29
2026/10/08 02:04:34.895, 7, 120 MHz, 3996 MHz, 184.59 W, 28
2026/10/08 02:04:34.995, 0, 120 MHz, 3996 MHz, 184.47 W, 33
2026/10/08 02:04:34.995, 1, 120 MHz, 3996 MHz, 186.29 W, 36
2026/10/08 02:04:34.995, 2, 120 MHz, 3996 MHz, 182.48 W, 29
2026/10/08 02:04:34.995, 3, 120 MHz, 3996 MHz, 182.15 W, 29
2026/10/08 02:04:34.995, 4, 1312 MHz, 3996 MHz, 1085.27 W, 61
2026/10/08 02:04:34.995, 5, 1312 MHz, 3996 MHz, 1095.20 W, 60
2026/10/08 02:04:34.995, 6, 120 MHz, 3996 MHz, 184.83 W, 29
2026/10/08 02:04:34.995, 7, 120 MHz, 3996 MHz, 184.60 W, 28
2026/10/08 02:04:35.096, 0, 120 MHz, 3996 MHz, 184.47 W, 33
2026/10/08 02:04:35.096, 1, 120 MHz, 3996 MHz, 186.29 W, 36
2026/10/08 02:04:35.096, 2, 120 MHz, 3996 MHz, 182.44 W, 29
2026/10/08 02:04:35.096, 3, 120 MHz, 3996 MHz, 182.15 W, 29
2026/10/08 02:04:35.096, 4, 1275 MHz, 3996 MHz, 1084.66 W, 61
2026/10/08 02:04:35.096, 5, 1305 MHz, 3996 MHz, 1094.34 W, 60
2026/10/08 02:04:35.096, 6, 120 MHz, 3996 MHz, 184.83 W, 29
2026/10/08 02:04:35.096, 7, 120 MHz, 3996 MHz, 184.60 W, 28
2026/10/08 02:04:35.196, 0, 120 MHz, 3996 MHz, 184.47 W, 33
2026/10/08 02:04:35.196, 1, 120 MHz, 3996 MHz, 186.29 W, 36
2026/10/08 02:04:35.196, 2, 120 MHz, 3996 MHz, 182.52 W, 29
2026/10/08 02:04:35.196, 3, 120 MHz, 3996 MHz, 182.15 W, 29
2026/10/08 02:04:35.196, 4, 1267 MHz, 3996 MHz, 1084.08 W, 61
2026/10/08 02:04:35.196, 5, 1320 MHz, 3996 MHz, 1093.50 W, 60
2026/10/08 02:04:35.196, 6, 120 MHz, 3996 MHz, 184.83 W, 29
2026/10/08 02:04:35.196, 7, 120 MHz, 3996 MHz, 184.60 W, 28
2026/10/08 02:04:35.296, 0, 120 MHz, 3996 MHz, 184.47 W, 33
2026/10/08 02:04:35.296, 1, 120 MHz, 3996 MHz, 186.29 W, 36
2026/10/08 02:04:35.296, 2, 120 MHz, 3996 MHz, 182.56 W, 29
2026/10/08 02:04:35.296, 3, 120 MHz, 3996 MHz, 182.16 W, 29
2026/10/08 02:04:35.296, 4, 1275 MHz, 3996 MHz, 1083.74 W, 61
2026/10/08 02:04:35.296, 5, 1395 MHz, 3996 MHz, 1086.25 W, 60
2026/10/08 02:04:35.296, 6, 120 MHz, 3996 MHz, 184.83 W, 29
2026/10/08 02:04:35.296, 7, 120 MHz, 3996 MHz, 184.60 W, 28
2026/10/08 02:04:35.396, 0, 120 MHz, 3996 MHz, 184.47 W, 33
2026/10/08 02:04:35.396, 1, 120 MHz, 3996 MHz, 186.29 W, 36
2026/10/08 02:04:35.396, 2, 120 MHz, 3996 MHz, 182.48 W, 29
2026/10/08 02:04:35.396, 3, 120 MHz, 3996 MHz, 182.17 W, 29
2026/10/08 02:04:35.396, 4, 1282 MHz, 3996 MHz, 1085.45 W, 61
2026/10/08 02:04:35.396, 5, 1365 MHz, 3996 MHz, 1085.20 W, 60
2026/10/08 02:04:35.397, 6, 120 MHz, 3996 MHz, 184.83 W, 29
2026/10/08 02:04:35.397, 7, 120 MHz, 3996 MHz, 184.60 W, 28
2026/10/08 02:04:35.497, 0, 120 MHz, 3996 MHz, 184.47 W, 33
2026/10/08 02:04:35.497, 1, 120 MHz, 3996 MHz, 186.29 W, 36
2026/10/08 02:04:35.497, 2, 120 MHz, 3996 MHz, 182.44 W, 29
2026/10/08 02:04:35.497, 3, 120 MHz, 3996 MHz, 182.17 W, 29
2026/10/08 02:04:35.497, 4, 1312 MHz, 3996 MHz, 1085.91 W, 61
2026/10/08 02:04:35.497, 5, 2032 MHz, 3996 MHz, 1027.72 W, 56
2026/10/08 02:04:35.497, 6, 120 MHz, 3996 MHz, 184.83 W, 29
2026/10/08 02:04:35.497, 7, 120 MHz, 3996 MHz, 184.62 W, 28
2026/10/08 02:04:35.597, 0, 120 MHz, 3996 MHz, 184.47 W, 33
2026/10/08 02:04:35.597, 1, 120 MHz, 3996 MHz, 186.29 W, 36
2026/10/08 02:04:35.597, 2, 120 MHz, 3996 MHz, 182.44 W, 29
2026/10/08 02:04:35.597, 3, 120 MHz, 3996 MHz, 182.17 W, 29
2026/10/08 02:04:35.597, 4, 1267 MHz, 3996 MHz, 1086.91 W, 62
2026/10/08 02:04:35.597, 5, 1342 MHz, 3996 MHz, 1041.36 W, 57
2026/10/08 02:04:35.597, 6, 120 MHz, 3996 MHz, 184.83 W, 29
2026/10/08 02:04:35.597, 7, 120 MHz, 3996 MHz, 184.62 W, 28
2026/10/08 02:04:35.697, 0, 120 MHz, 3996 MHz, 184.47 W, 33
2026/10/08 02:04:35.697, 1, 120 MHz, 3996 MHz, 186.29 W, 36
2026/10/08 02:04:35.697, 2, 120 MHz, 3996 MHz, 182.44 W, 29
2026/10/08 02:04:35.697, 3, 120 MHz, 3996 MHz, 182.18 W, 29
2026/10/08 02:04:35.697, 4, 1267 MHz, 3996 MHz, 1086.74 W, 61
2026/10/08 02:04:35.697, 5, 1357 MHz, 3996 MHz, 1043.20 W, 60
2026/10/08 02:04:35.697, 6, 120 MHz, 3996 MHz, 184.83 W, 29
2026/10/08 02:04:35.697, 7, 120 MHz, 3996 MHz, 184.62 W, 28
2026/10/08 02:04:35.797, 0, 120 MHz, 3996 MHz, 184.47 W, 33
2026/10/08 02:04:35.797, 1, 120 MHz, 3996 MHz, 186.29 W, 36
2026/10/08 02:04:35.797, 2, 120 MHz, 3996 MHz, 182.36 W, 29
2026/10/08 02:04:35.797, 3, 120 MHz, 3996 MHz, 182.17 W, 29
2026/10/08 02:04:35.797, 4, 1305 MHz, 3996 MHz, 1084.88 W, 61
2026/10/08 02:04:35.797, 5, 1357 MHz, 3996 MHz, 1053.94 W, 60
2026/10/08 02:04:35.797, 6, 120 MHz, 3996 MHz, 184.83 W, 29
2026/10/08 02:04:35.797, 7, 120 MHz, 3996 MHz, 184.62 W, 28
2026/10/08 02:04:35.898, 0, 120 MHz, 3996 MHz, 184.47 W, 33
2026/10/08 02:04:35.898, 1, 120 MHz, 3996 MHz, 186.29 W, 36
2026/10/08 02:04:35.898, 2, 120 MHz, 3996 MHz, 182.36 W, 29
2026/10/08 02:04:35.898, 3, 120 MHz, 3996 MHz, 182.17 W, 29
2026/10/08 02:04:35.898, 4, 1275 MHz, 3996 MHz, 1085.24 W, 61
2026/10/08 02:04:35.898, 5, 1357 MHz, 3996 MHz, 1056.85 W, 60
2026/10/08 02:04:35.898, 6, 120 MHz, 3996 MHz, 184.83 W, 29
2026/10/08 02:04:35.898, 7, 120 MHz, 3996 MHz, 184.61 W, 28
2026/10/08 02:04:35.998, 0, 120 MHz, 3996 MHz, 184.47 W, 33
2026/10/08 02:04:35.998, 1, 120 MHz, 3996 MHz, 186.29 W, 36
2026/10/08 02:04:35.998, 2, 120 MHz, 3996 MHz, 182.44 W, 29
2026/10/08 02:04:35.998, 3, 120 MHz, 3996 MHz, 182.18 W, 29
2026/10/08 02:04:35.998, 4, 1282 MHz, 3996 MHz, 1089.58 W, 61
2026/10/08 02:04:35.998, 5, 1282 MHz, 3996 MHz, 1050.24 W, 60
2026/10/08 02:04:35.998, 6, 120 MHz, 3996 MHz, 184.83 W, 29
2026/10/08 02:04:35.998, 7, 120 MHz, 3996 MHz, 184.61 W, 28
2026/10/08 02:04:36.098, 0, 120 MHz, 3996 MHz, 184.47 W, 33
2026/10/08 02:04:36.098, 1, 120 MHz, 3996 MHz, 186.29 W, 36
2026/10/08 02:04:36.098, 2, 120 MHz, 3996 MHz, 182.48 W, 29
2026/10/08 02:04:36.098, 3, 120 MHz, 3996 MHz, 182.17 W, 29
2026/10/08 02:04:36.098, 4, 1260 MHz, 3996 MHz, 1089.41 W, 62
2026/10/08 02:04:36.098, 5, 1305 MHz, 3996 MHz, 1050.99 W, 60
2026/10/08 02:04:36.098, 6, 120 MHz, 3996 MHz, 184.83 W, 29
2026/10/08 02:04:36.098, 7, 120 MHz, 3996 MHz, 184.61 W, 28
2026/10/08 02:04:36.198, 0, 120 MHz, 3996 MHz, 184.47 W, 33
2026/10/08 02:04:36.198, 1, 120 MHz, 3996 MHz, 186.29 W, 36
2026/10/08 02:04:36.198, 2, 120 MHz, 3996 MHz, 182.40 W, 29
2026/10/08 02:04:36.198, 3, 120 MHz, 3996 MHz, 182.17 W, 29
2026/10/08 02:04:36.198, 4, 1267 MHz, 3996 MHz, 1087.66 W, 61
2026/10/08 02:04:36.198, 5, 1275 MHz, 3996 MHz, 1048.06 W, 60
2026/10/08 02:04:36.198, 6, 120 MHz, 3996 MHz, 184.83 W, 29
2026/10/08 02:04:36.198, 7, 120 MHz, 3996 MHz, 184.61 W, 28
2026/10/08 02:04:36.299, 0, 120 MHz, 3996 MHz, 184.47 W, 33
2026/10/08 02:04:36.299, 1, 120 MHz, 3996 MHz, 186.29 W, 36
2026/10/08 02:04:36.299, 2, 120 MHz, 3996 MHz, 182.36 W, 29
2026/10/08 02:04:36.299, 3, 120 MHz, 3996 MHz, 182.17 W, 29
2026/10/08 02:04:36.299, 4, 1305 MHz, 3996 MHz, 1088.26 W, 61
2026/10/08 02:04:36.299, 5, 1305 MHz, 3996 MHz, 1055.56 W, 59
2026/10/08 02:04:36.299, 6, 120 MHz, 3996 MHz, 184.83 W, 29
2026/10/08 02:04:36.299, 7, 120 MHz, 3996 MHz, 184.61 W, 28
2026/10/08 02:04:36.399, 0, 120 MHz, 3996 MHz, 184.47 W, 33
2026/10/08 02:04:36.399, 1, 120 MHz, 3996 MHz, 186.29 W, 36
2026/10/08 02:04:36.399, 2, 120 MHz, 3996 MHz, 182.36 W, 29
2026/10/08 02:04:36.399, 3, 120 MHz, 3996 MHz, 182.16 W, 29
2026/10/08 02:04:36.399, 4, 1282 MHz, 3996 MHz, 1087.90 W, 61
2026/10/08 02:04:36.399, 5, 1320 MHz, 3996 MHz, 1054.93 W, 60
2026/10/08 02:04:36.399, 6, 120 MHz, 3996 MHz, 184.83 W, 29
2026/10/08 02:04:36.399, 7, 120 MHz, 3996 MHz, 184.60 W, 28
2026/10/08 02:04:36.499, 0, 120 MHz, 3996 MHz, 184.47 W, 33
2026/10/08 02:04:36.499, 1, 120 MHz, 3996 MHz, 186.29 W, 36
2026/10/08 02:04:36.499, 2, 120 MHz, 3996 MHz, 182.36 W, 29
2026/10/08 02:04:36.499, 3, 120 MHz, 3996 MHz, 182.16 W, 29
2026/10/08 02:04:36.499, 4, 1350 MHz, 3996 MHz, 1087.74 W, 62
2026/10/08 02:04:36.499, 5, 1305 MHz, 3996 MHz, 1097.06 W, 60
2026/10/08 02:04:36.499, 6, 120 MHz, 3996 MHz, 184.83 W, 29
2026/10/08 02:04:36.499, 7, 120 MHz, 3996 MHz, 184.60 W, 28
2026/10/08 02:04:36.599, 0, 120 MHz, 3996 MHz, 184.47 W, 33
2026/10/08 02:04:36.599, 1, 120 MHz, 3996 MHz, 186.29 W, 36
2026/10/08 02:04:36.599, 2, 120 MHz, 3996 MHz, 182.32 W, 29
2026/10/08 02:04:36.599, 3, 120 MHz, 3996 MHz, 182.16 W, 29
2026/10/08 02:04:36.599, 4, 1312 MHz, 3996 MHz, 1085.97 W, 61
2026/10/08 02:04:36.599, 5, 1350 MHz, 3996 MHz, 1098.44 W, 59
2026/10/08 02:04:36.599, 6, 120 MHz, 3996 MHz, 184.83 W, 29
2026/10/08 02:04:36.599, 7, 120 MHz, 3996 MHz, 184.60 W, 28
2026/10/08 02:04:36.700, 0, 120 MHz, 3996 MHz, 184.47 W, 33
2026/10/08 02:04:36.700, 1, 120 MHz, 3996 MHz, 186.29 W, 36
2026/10/08 02:04:36.700, 2, 120 MHz, 3996 MHz, 182.33 W, 29
2026/10/08 02:04:36.700, 3, 120 MHz, 3996 MHz, 182.16 W, 29
2026/10/08 02:04:36.700, 4, 1852 MHz, 3996 MHz, 1052.70 W, 61
2026/10/08 02:04:36.700, 5, 1305 MHz, 3996 MHz, 1096.75 W, 61
2026/10/08 02:04:36.700, 6, 120 MHz, 3996 MHz, 184.83 W, 29
2026/10/08 02:04:36.700, 7, 120 MHz, 3996 MHz, 184.60 W, 28
2026/10/08 02:04:36.800, 0, 120 MHz, 3996 MHz, 184.47 W, 33
2026/10/08 02:04:36.800, 1, 120 MHz, 3996 MHz, 186.29 W, 36
2026/10/08 02:04:36.800, 2, 120 MHz, 3996 MHz, 182.33 W, 29
2026/10/08 02:04:36.800, 3, 120 MHz, 3996 MHz, 182.16 W, 29
2026/10/08 02:04:36.800, 4, 1380 MHz, 3996 MHz, 1036.62 W, 52
2026/10/08 02:04:36.800, 5, 1327 MHz, 3996 MHz, 1090.18 W, 60
2026/10/08 02:04:36.800, 6, 120 MHz, 3996 MHz, 184.83 W, 29
2026/10/08 02:04:36.800, 7, 120 MHz, 3996 MHz, 184.60 W, 28
2026/10/08 02:04:36.900, 0, 120 MHz, 3996 MHz, 184.47 W, 33
2026/10/08 02:04:36.900, 1, 120 MHz, 3996 MHz, 186.29 W, 36
2026/10/08 02:04:36.900, 2, 120 MHz, 3996 MHz, 182.37 W, 29
2026/10/08 02:04:36.900, 3, 120 MHz, 3996 MHz, 182.16 W, 29
2026/10/08 02:04:36.900, 4, 1320 MHz, 3996 MHz, 1042.74 W, 61
2026/10/08 02:04:36.900, 5, 1312 MHz, 3996 MHz, 1086.68 W, 61
2026/10/08 02:04:36.900, 6, 120 MHz, 3996 MHz, 184.83 W, 29
2026/10/08 02:04:36.900, 7, 120 MHz, 3996 MHz, 184.60 W, 28
2026/10/08 02:04:37.000, 0, 120 MHz, 3996 MHz, 184.47 W, 33
2026/10/08 02:04:37.000, 1, 120 MHz, 3996 MHz, 186.29 W, 36
2026/10/08 02:04:37.000, 2, 120 MHz, 3996 MHz, 182.40 W, 29
2026/10/08 02:04:37.000, 3, 120 MHz, 3996 MHz, 182.16 W, 29
2026/10/08 02:04:37.000, 4, 1327 MHz, 3996 MHz, 1048.51 W, 61
2026/10/08 02:04:37.000, 5, 1312 MHz, 3996 MHz, 1091.68 W, 61
2026/10/08 02:04:37.000, 6, 120 MHz, 3996 MHz, 184.83 W, 29
2026/10/08 02:04:37.000, 7, 120 MHz, 3996 MHz, 184.61 W, 28
2026/10/08 02:04:37.101, 0, 120 MHz, 3996 MHz, 184.47 W, 33
2026/10/08 02:04:37.101, 1, 120 MHz, 3996 MHz, 186.29 W, 36
2026/10/08 02:04:37.101, 2, 120 MHz, 3996 MHz, 182.32 W, 29
2026/10/08 02:04:37.101, 3, 120 MHz, 3996 MHz, 182.16 W, 29
2026/10/08 02:04:37.101, 4, 1327 MHz, 3996 MHz, 1052.77 W, 62
2026/10/08 02:04:37.101, 5, 1305 MHz, 3996 MHz, 1091.28 W, 61
2026/10/08 02:04:37.101, 6, 120 MHz, 3996 MHz, 184.83 W, 29
2026/10/08 02:04:37.101, 7, 120 MHz, 3996 MHz, 184.61 W, 28
2026/10/08 02:04:37.201, 0, 120 MHz, 3996 MHz, 184.47 W, 33
2026/10/08 02:04:37.201, 1, 120 MHz, 3996 MHz, 186.29 W, 36
2026/10/08 02:04:37.201, 2, 120 MHz, 3996 MHz, 182.32 W, 29
2026/10/08 02:04:37.201, 3, 120 MHz, 3996 MHz, 182.16 W, 29
2026/10/08 02:04:37.201, 4, 1245 MHz, 3996 MHz, 1052.27 W, 62
2026/10/08 02:04:37.201, 5, 1305 MHz, 3996 MHz, 1092.91 W, 61
2026/10/08 02:04:37.201, 6, 120 MHz, 3996 MHz, 184.83 W, 29
2026/10/08 02:04:37.201, 7, 120 MHz, 3996 MHz, 184.61 W, 28
2026/10/08 02:04:37.301, 0, 120 MHz, 3996 MHz, 184.47 W, 33
2026/10/08 02:04:37.301, 1, 120 MHz, 3996 MHz, 186.29 W, 36
2026/10/08 02:04:37.301, 2, 120 MHz, 3996 MHz, 182.32 W, 29
2026/10/08 02:04:37.301, 3, 120 MHz, 3996 MHz, 182.16 W, 29
2026/10/08 02:04:37.301, 4, 1312 MHz, 3996 MHz, 1049.14 W, 62
2026/10/08 02:04:37.301, 5, 1305 MHz, 3996 MHz, 1093.83 W, 61
2026/10/08 02:04:37.301, 6, 120 MHz, 3996 MHz, 184.83 W, 29
2026/10/08 02:04:37.301, 7, 120 MHz, 3996 MHz, 184.61 W, 28
2026/10/08 02:04:37.401, 0, 120 MHz, 3996 MHz, 184.47 W, 33
2026/10/08 02:04:37.401, 1, 120 MHz, 3996 MHz, 186.29 W, 36
2026/10/08 02:04:37.401, 2, 120 MHz, 3996 MHz, 182.32 W, 29
2026/10/08 02:04:37.401, 3, 120 MHz, 3996 MHz, 182.16 W, 29
2026/10/08 02:04:37.401, 4, 1252 MHz, 3996 MHz, 1049.23 W, 62
2026/10/08 02:04:37.401, 5, 1320 MHz, 3996 MHz, 1093.68 W, 60
2026/10/08 02:04:37.401, 6, 120 MHz, 3996 MHz, 184.83 W, 29
2026/10/08 02:04:37.401, 7, 120 MHz, 3996 MHz, 184.61 W, 28
2026/10/08 02:04:37.502, 0, 120 MHz, 3996 MHz, 184.47 W, 33
2026/10/08 02:04:37.502, 1, 120 MHz, 3996 MHz, 186.29 W, 36
2026/10/08 02:04:37.502, 2, 120 MHz, 3996 MHz, 182.32 W, 29
2026/10/08 02:04:37.502, 3, 120 MHz, 3996 MHz, 182.16 W, 29
2026/10/08 02:04:37.502, 4, 1290 MHz, 3996 MHz, 1050.03 W, 61
2026/10/08 02:04:37.502, 5, 1305 MHz, 3996 MHz, 1091.90 W, 61
2026/10/08 02:04:37.502, 6, 120 MHz, 3996 MHz, 184.83 W, 29
2026/10/08 02:04:37.502, 7, 120 MHz, 3996 MHz, 184.61 W, 28
2026/10/08 02:04:37.602, 0, 120 MHz, 3996 MHz, 184.47 W, 33
2026/10/08 02:04:37.602, 1, 120 MHz, 3996 MHz, 186.29 W, 36
2026/10/08 02:04:37.602, 2, 120 MHz, 3996 MHz, 182.32 W, 29
2026/10/08 02:04:37.602, 3, 120 MHz, 3996 MHz, 182.16 W, 29
2026/10/08 02:04:37.602, 4, 1275 MHz, 3996 MHz, 1051.27 W, 62
2026/10/08 02:04:37.602, 5, 1350 MHz, 3996 MHz, 1092.22 W, 61
2026/10/08 02:04:37.602, 6, 120 MHz, 3996 MHz, 184.83 W, 29
2026/10/08 02:04:37.602, 7, 120 MHz, 3996 MHz, 184.60 W, 28
2026/10/08 02:04:37.702, 0, 120 MHz, 3996 MHz, 184.47 W, 33
2026/10/08 02:04:37.702, 1, 120 MHz, 3996 MHz, 186.29 W, 36
2026/10/08 02:04:37.702, 2, 120 MHz, 3996 MHz, 182.32 W, 29
2026/10/08 02:04:37.702, 3, 120 MHz, 3996 MHz, 182.16 W, 29
2026/10/08 02:04:37.702, 4, 1275 MHz, 3996 MHz, 1069.25 W, 62
2026/10/08 02:04:37.702, 5, 1290 MHz, 3996 MHz, 1091.10 W, 61
2026/10/08 02:04:37.702, 6, 120 MHz, 3996 MHz, 184.83 W, 29
2026/10/08 02:04:37.702, 7, 120 MHz, 3996 MHz, 184.60 W, 28
2026/10/08 02:04:37.802, 0, 120 MHz, 3996 MHz, 184.47 W, 33
2026/10/08 02:04:37.802, 1, 120 MHz, 3996 MHz, 186.29 W, 36
2026/10/08 02:04:37.802, 2, 120 MHz, 3996 MHz, 182.37 W, 29
2026/10/08 02:04:37.802, 3, 120 MHz, 3996 MHz, 182.16 W, 29
2026/10/08 02:04:37.802, 4, 1275 MHz, 3996 MHz, 1099.07 W, 62
2026/10/08 02:04:37.802, 5, 1305 MHz, 3996 MHz, 1091.35 W, 61
2026/10/08 02:04:37.802, 6, 120 MHz, 3996 MHz, 184.83 W, 29
2026/10/08 02:04:37.802, 7, 120 MHz, 3996 MHz, 184.60 W, 28
2026/10/08 02:04:37.903, 0, 120 MHz, 3996 MHz, 184.47 W, 33
2026/10/08 02:04:37.903, 1, 120 MHz, 3996 MHz, 186.29 W, 36
2026/10/08 02:04:37.903, 2, 120 MHz, 3996 MHz, 182.36 W, 29
2026/10/08 02:04:37.903, 3, 120 MHz, 3996 MHz, 182.16 W, 29
2026/10/08 02:04:37.903, 4, 1267 MHz, 3996 MHz, 1095.74 W, 62
2026/10/08 02:04:37.903, 5, 1327 MHz, 3996 MHz, 1091.14 W, 61
2026/10/08 02:04:37.903, 6, 120 MHz, 3996 MHz, 184.83 W, 29
2026/10/08 02:04:37.903, 7, 120 MHz, 3996 MHz, 184.60 W, 28
2026/10/08 02:04:38.003, 0, 120 MHz, 3996 MHz, 184.47 W, 33
2026/10/08 02:04:38.003, 1, 120 MHz, 3996 MHz, 186.29 W, 36
2026/10/08 02:04:38.003, 2, 120 MHz, 3996 MHz, 182.29 W, 29
2026/10/08 02:04:38.003, 3, 120 MHz, 3996 MHz, 182.16 W, 29
2026/10/08 02:04:38.003, 4, 1245 MHz, 3996 MHz, 1088.10 W, 62
2026/10/08 02:04:38.003, 5, 1327 MHz, 3996 MHz, 1090.99 W, 61
2026/10/08 02:04:38.003, 6, 120 MHz, 3996 MHz, 184.83 W, 29
2026/10/08 02:04:38.003, 7, 120 MHz, 3996 MHz, 184.60 W, 28
2026/10/08 02:04:38.103, 0, 120 MHz, 3996 MHz, 184.47 W, 33
2026/10/08 02:04:38.103, 1, 120 MHz, 3996 MHz, 186.29 W, 36
2026/10/08 02:04:38.103, 2, 120 MHz, 3996 MHz, 182.25 W, 29
2026/10/08 02:04:38.103, 3, 120 MHz, 3996 MHz, 182.16 W, 29
2026/10/08 02:04:38.103, 4, 1275 MHz, 3996 MHz, 1082.52 W, 62
2026/10/08 02:04:38.103, 5, 2032 MHz, 3996 MHz, 1053.56 W, 60
2026/10/08 02:04:38.103, 6, 120 MHz, 3996 MHz, 184.83 W, 29
2026/10/08 02:04:38.103, 7, 120 MHz, 3996 MHz, 184.60 W, 28
2026/10/08 02:04:38.203, 0, 120 MHz, 3996 MHz, 184.47 W, 33
2026/10/08 02:04:38.203, 1, 120 MHz, 3996 MHz, 186.29 W, 36
2026/10/08 02:04:38.203, 2, 120 MHz, 3996 MHz, 182.25 W, 29
2026/10/08 02:04:38.203, 3, 120 MHz, 3996 MHz, 182.16 W, 29
2026/10/08 02:04:38.203, 4, 1290 MHz, 3996 MHz, 1084.65 W, 62
2026/10/08 02:04:38.203, 5, 1290 MHz, 3996 MHz, 1069.03 W, 61
2026/10/08 02:04:38.203, 6, 120 MHz, 3996 MHz, 184.83 W, 29
2026/10/08 02:04:38.203, 7, 120 MHz, 3996 MHz, 184.60 W, 28
2026/10/08 02:04:38.304, 0, 120 MHz, 3996 MHz, 184.47 W, 33
2026/10/08 02:04:38.304, 1, 120 MHz, 3996 MHz, 186.29 W, 36
2026/10/08 02:04:38.304, 2, 120 MHz, 3996 MHz, 182.28 W, 29
2026/10/08 02:04:38.304, 3, 120 MHz, 3996 MHz, 182.15 W, 29
2026/10/08 02:04:38.304, 4, 1245 MHz, 3996 MHz, 1082.44 W, 62
2026/10/08 02:04:38.304, 5, 2032 MHz, 3996 MHz, 996.81 W, 57
2026/10/08 02:04:38.304, 6, 120 MHz, 3996 MHz, 184.87 W, 29
2026/10/08 02:04:38.304, 7, 120 MHz, 3996 MHz, 184.60 W, 28
2026/10/08 02:04:38.404, 0, 120 MHz, 3996 MHz, 184.47 W, 33
2026/10/08 02:04:38.404, 1, 120 MHz, 3996 MHz, 186.29 W, 36
2026/10/08 02:04:38.404, 2, 120 MHz, 3996 MHz, 182.29 W, 29
2026/10/08 02:04:38.404, 3, 120 MHz, 3996 MHz, 182.15 W, 29
2026/10/08 02:04:38.404, 4, 1260 MHz, 3996 MHz, 1083.54 W, 62
2026/10/08 02:04:38.404, 5, 2032 MHz, 3996 MHz, 932.03 W, 50
2026/10/08 02:04:38.404, 6, 120 MHz, 3996 MHz, 184.87 W, 29
2026/10/08 02:04:38.404, 7, 120 MHz, 3996 MHz, 184.60 W, 28
2026/10/08 02:04:38.504, 0, 120 MHz, 3996 MHz, 184.47 W, 33
2026/10/08 02:04:38.504, 1, 120 MHz, 3996 MHz, 186.29 W, 36
2026/10/08 02:04:38.504, 2, 120 MHz, 3996 MHz, 182.32 W, 29
2026/10/08 02:04:38.504, 3, 120 MHz, 3996 MHz, 182.14 W, 29
2026/10/08 02:04:38.504, 4, 1282 MHz, 3996 MHz, 1085.85 W, 62
2026/10/08 02:04:38.504, 5, 1455 MHz, 3996 MHz, 930.78 W, 49
2026/10/08 02:04:38.504, 6, 120 MHz, 3996 MHz, 184.87 W, 29
2026/10/08 02:04:38.504, 7, 120 MHz, 3996 MHz, 184.60 W, 28
2026/10/08 02:04:38.604, 0, 120 MHz, 3996 MHz, 184.47 W, 33
2026/10/08 02:04:38.604, 1, 120 MHz, 3996 MHz, 186.29 W, 36
2026/10/08 02:04:38.604, 2, 120 MHz, 3996 MHz, 182.37 W, 29
2026/10/08 02:04:38.604, 3, 120 MHz, 3996 MHz, 182.14 W, 29
2026/10/08 02:04:38.604, 4, 1297 MHz, 3996 MHz, 1084.09 W, 62
2026/10/08 02:04:38.604, 5, 1350 MHz, 3996 MHz, 939.17 W, 59
2026/10/08 02:04:38.604, 6, 120 MHz, 3996 MHz, 184.87 W, 29
2026/10/08 02:04:38.604, 7, 120 MHz, 3996 MHz, 184.60 W, 28
2026/10/08 02:04:38.705, 0, 120 MHz, 3996 MHz, 184.47 W, 33
2026/10/08 02:04:38.705, 1, 120 MHz, 3996 MHz, 186.29 W, 36
2026/10/08 02:04:38.705, 2, 120 MHz, 3996 MHz, 182.36 W, 29
2026/10/08 02:04:38.705, 3, 120 MHz, 3996 MHz, 182.15 W, 29
2026/10/08 02:04:38.705, 4, 1260 MHz, 3996 MHz, 1084.00 W, 63
2026/10/08 02:04:38.705, 5, 1342 MHz, 3996 MHz, 942.15 W, 59
2026/10/08 02:04:38.705, 6, 120 MHz, 3996 MHz, 184.87 W, 29
2026/10/08 02:04:38.705, 7, 120 MHz, 3996 MHz, 184.60 W, 28
2026/10/08 02:04:38.805, 0, 120 MHz, 3996 MHz, 184.47 W, 33
2026/10/08 02:04:38.805, 1, 120 MHz, 3996 MHz, 186.29 W, 36
2026/10/08 02:04:38.805, 2, 120 MHz, 3996 MHz, 182.40 W, 29
2026/10/08 02:04:38.805, 3, 120 MHz, 3996 MHz, 182.15 W, 29
2026/10/08 02:04:38.805, 4, 1275 MHz, 3996 MHz, 1086.04 W, 62
2026/10/08 02:04:38.805, 5, 1335 MHz, 3996 MHz, 946.62 W, 60
2026/10/08 02:04:38.805, 6, 120 MHz, 3996 MHz, 184.87 W, 29
2026/10/08 02:04:38.805, 7, 120 MHz, 3996 MHz, 184.61 W, 28
2026/10/08 02:04:38.905, 0, 120 MHz, 3996 MHz, 184.47 W, 33
2026/10/08 02:04:38.905, 1, 120 MHz, 3996 MHz, 186.29 W, 36
2026/10/08 02:04:38.905, 2, 120 MHz, 3996 MHz, 182.37 W, 29
2026/10/08 02:04:38.905, 3, 120 MHz, 3996 MHz, 182.15 W, 29
2026/10/08 02:04:38.905, 4, 1290 MHz, 3996 MHz, 1086.51 W, 60
2026/10/08 02:04:38.905, 5, 1267 MHz, 3996 MHz, 941.78 W, 61
2026/10/08 02:04:38.905, 6, 120 MHz, 3996 MHz, 184.87 W, 29
2026/10/08 02:04:38.905, 7, 120 MHz, 3996 MHz, 184.61 W, 28
2026/10/08 02:04:39.005, 0, 120 MHz, 3996 MHz, 184.47 W, 33
2026/10/08 02:04:39.005, 1, 120 MHz, 3996 MHz, 186.29 W, 36
2026/10/08 02:04:39.005, 2, 120 MHz, 3996 MHz, 182.32 W, 29
2026/10/08 02:04:39.005, 3, 120 MHz, 3996 MHz, 182.15 W, 29
2026/10/08 02:04:39.005, 4, 1275 MHz, 3996 MHz, 1087.33 W, 62
2026/10/08 02:04:39.005, 5, 1320 MHz, 3996 MHz, 941.00 W, 60
2026/10/08 02:04:39.005, 6, 120 MHz, 3996 MHz, 184.87 W, 29
2026/10/08 02:04:39.005, 7, 120 MHz, 3996 MHz, 184.60 W, 28
2026/10/08 02:04:39.106, 0, 120 MHz, 3996 MHz, 184.47 W, 33
2026/10/08 02:04:39.106, 1, 120 MHz, 3996 MHz, 186.29 W, 36
2026/10/08 02:04:39.106, 2, 120 MHz, 3996 MHz, 182.36 W, 29
2026/10/08 02:04:39.106, 3, 120 MHz, 3996 MHz, 182.15 W, 29
2026/10/08 02:04:39.106, 4, 1305 MHz, 3996 MHz, 1088.86 W, 62
2026/10/08 02:04:39.106, 5, 1312 MHz, 3996 MHz, 978.29 W, 61
2026/10/08 02:04:39.106, 6, 120 MHz, 3996 MHz, 184.87 W, 29
2026/10/08 02:04:39.106, 7, 120 MHz, 3996 MHz, 184.60 W, 28
2026/10/08 02:04:39.206, 0, 120 MHz, 3996 MHz, 184.47 W, 33
2026/10/08 02:04:39.206, 1, 120 MHz, 3996 MHz, 186.29 W, 36
2026/10/08 02:04:39.206, 2, 120 MHz, 3996 MHz, 182.36 W, 29
2026/10/08 02:04:39.206, 3, 120 MHz, 3996 MHz, 182.15 W, 29
2026/10/08 02:04:39.206, 4, 1282 MHz, 3996 MHz, 1088.40 W, 62
2026/10/08 02:04:39.206, 5, 1312 MHz, 3996 MHz, 965.59 W, 61
2026/10/08 02:04:39.206, 6, 120 MHz, 3996 MHz, 184.87 W, 29
2026/10/08 02:04:39.206, 7, 120 MHz, 3996 MHz, 184.60 W, 28
2026/10/08 02:04:39.306, 0, 120 MHz, 3996 MHz, 184.47 W, 33
2026/10/08 02:04:39.306, 1, 120 MHz, 3996 MHz, 186.29 W, 36
2026/10/08 02:04:39.306, 2, 120 MHz, 3996 MHz, 182.37 W, 29
2026/10/08 02:04:39.306, 3, 120 MHz, 3996 MHz, 182.15 W, 29
2026/10/08 02:04:39.306, 4, 1365 MHz, 3996 MHz, 1086.17 W, 62
2026/10/08 02:04:39.306, 5, 1320 MHz, 3996 MHz, 1019.27 W, 61
2026/10/08 02:04:39.306, 6, 120 MHz, 3996 MHz, 184.83 W, 29
2026/10/08 02:04:39.306, 7, 120 MHz, 3996 MHz, 184.60 W, 28
2026/10/08 02:04:39.406, 0, 120 MHz, 3996 MHz, 184.47 W, 33
2026/10/08 02:04:39.406, 1, 120 MHz, 3996 MHz, 186.29 W, 36
2026/10/08 02:04:39.406, 2, 120 MHz, 3996 MHz, 182.36 W, 29
2026/10/08 02:04:39.406, 3, 120 MHz, 3996 MHz, 182.15 W, 29
2026/10/08 02:04:39.406, 4, 2032 MHz, 3996 MHz, 1054.86 W, 62
2026/10/08 02:04:39.406, 5, 1305 MHz, 3996 MHz, 1082.32 W, 61
2026/10/08 02:04:39.406, 6, 120 MHz, 3996 MHz, 184.83 W, 29
2026/10/08 02:04:39.406, 7, 120 MHz, 3996 MHz, 184.60 W, 28
2026/10/08 02:04:39.506, 0, 120 MHz, 3996 MHz, 184.47 W, 33
2026/10/08 02:04:39.507, 1, 120 MHz, 3996 MHz, 186.29 W, 36
2026/10/08 02:04:39.507, 2, 120 MHz, 3996 MHz, 182.33 W, 29
2026/10/08 02:04:39.507, 3, 120 MHz, 3996 MHz, 182.15 W, 29
2026/10/08 02:04:39.507, 4, 1320 MHz, 3996 MHz, 1067.62 W, 63
2026/10/08 02:04:39.507, 5, 1342 MHz, 3996 MHz, 1099.99 W, 60
2026/10/08 02:04:39.507, 6, 120 MHz, 3996 MHz, 184.83 W, 29
2026/10/08 02:04:39.507, 7, 120 MHz, 3996 MHz, 184.60 W, 28
2026/10/08 02:04:39.607, 0, 120 MHz, 3996 MHz, 184.47 W, 33
2026/10/08 02:04:39.607, 1, 120 MHz, 3996 MHz, 186.29 W, 36
2026/10/08 02:04:39.607, 2, 120 MHz, 3996 MHz, 182.36 W, 29
2026/10/08 02:04:39.607, 3, 120 MHz, 3996 MHz, 182.15 W, 29
2026/10/08 02:04:39.607, 4, 2032 MHz, 3996 MHz, 1001.42 W, 56
2026/10/08 02:04:39.607, 5, 1312 MHz, 3996 MHz, 1095.51 W, 62
2026/10/08 02:04:39.607, 6, 120 MHz, 3996 MHz, 184.83 W, 29
2026/10/08 02:04:39.607, 7, 120 MHz, 3996 MHz, 184.60 W, 28
2026/10/08 02:04:39.707, 0, 120 MHz, 3996 MHz, 184.47 W, 33
2026/10/08 02:04:39.707, 1, 120 MHz, 3996 MHz, 186.29 W, 36
2026/10/08 02:04:39.707, 2, 120 MHz, 3996 MHz, 182.37 W, 29
2026/10/08 02:04:39.707, 3, 120 MHz, 3996 MHz, 182.15 W, 29
2026/10/08 02:04:39.707, 4, 2032 MHz, 3996 MHz, 936.30 W, 51
2026/10/08 02:04:39.707, 5, 1320 MHz, 3996 MHz, 1091.65 W, 61
2026/10/08 02:04:39.707, 6, 120 MHz, 3996 MHz, 184.83 W, 29
2026/10/08 02:04:39.707, 7, 120 MHz, 3996 MHz, 184.60 W, 28
2026/10/08 02:04:39.807, 0, 120 MHz, 3996 MHz, 184.47 W, 33
2026/10/08 02:04:39.807, 1, 120 MHz, 3996 MHz, 186.29 W, 36
2026/10/08 02:04:39.807, 2, 120 MHz, 3996 MHz, 182.32 W, 29
2026/10/08 02:04:39.807, 3, 120 MHz, 3996 MHz, 182.15 W, 29
2026/10/08 02:04:39.807, 4, 1462 MHz, 3996 MHz, 928.17 W, 50
2026/10/08 02:04:39.807, 5, 1305 MHz, 3996 MHz, 1088.86 W, 61
2026/10/08 02:04:39.807, 6, 120 MHz, 3996 MHz, 184.83 W, 29
2026/10/08 02:04:39.807, 7, 120 MHz, 3996 MHz, 184.60 W, 28
2026/10/08 02:04:39.908, 0, 120 MHz, 3996 MHz, 184.47 W, 33
2026/10/08 02:04:39.908, 1, 120 MHz, 3996 MHz, 186.29 W, 36
2026/10/08 02:04:39.908, 2, 120 MHz, 3996 MHz, 182.36 W, 29
2026/10/08 02:04:39.908, 3, 120 MHz, 3996 MHz, 182.15 W, 29
2026/10/08 02:04:39.908, 4, 1312 MHz, 3996 MHz, 929.25 W, 61
2026/10/08 02:04:39.908, 5, 1305 MHz, 3996 MHz, 1090.20 W, 61
2026/10/08 02:04:39.908, 6, 120 MHz, 3996 MHz, 184.83 W, 29
2026/10/08 02:04:39.908, 7, 120 MHz, 3996 MHz, 184.60 W, 28
2026/10/08 02:04:40.008, 0, 120 MHz, 3996 MHz, 184.47 W, 33
2026/10/08 02:04:40.008, 1, 120 MHz, 3996 MHz, 186.29 W, 36
2026/10/08 02:04:40.008, 2, 120 MHz, 3996 MHz, 182.40 W, 29
2026/10/08 02:04:40.008, 3, 120 MHz, 3996 MHz, 182.15 W, 29
2026/10/08 02:04:40.008, 4, 1320 MHz, 3996 MHz, 932.85 W, 61
2026/10/08 02:04:40.008, 5, 1357 MHz, 3996 MHz, 1089.77 W, 61
2026/10/08 02:04:40.008, 6, 120 MHz, 3996 MHz, 184.83 W, 29
2026/10/08 02:04:40.008, 7, 120 MHz, 3996 MHz, 184.60 W, 28
2026/10/08 02:04:40.108, 0, 120 MHz, 3996 MHz, 184.47 W, 33
2026/10/08 02:04:40.108, 1, 120 MHz, 3996 MHz, 186.29 W, 36
2026/10/08 02:04:40.108, 2, 120 MHz, 3996 MHz, 182.36 W, 29
2026/10/08 02:04:40.108, 3, 120 MHz, 3996 MHz, 182.15 W, 29
2026/10/08 02:04:40.108, 4, 1297 MHz, 3996 MHz, 936.28 W, 62
2026/10/08 02:04:40.108, 5, 1297 MHz, 3996 MHz, 1088.89 W, 62
2026/10/08 02:04:40.108, 6, 120 MHz, 3996 MHz, 184.83 W, 29
2026/10/08 02:04:40.108, 7, 120 MHz, 3996 MHz, 184.60 W, 28
2026/10/08 02:04:40.208, 0, 120 MHz, 3996 MHz, 184.47 W, 33
2026/10/08 02:04:40.208, 1, 120 MHz, 3996 MHz, 186.29 W, 36
2026/10/08 02:04:40.208, 2, 120 MHz, 3996 MHz, 182.36 W, 29
2026/10/08 02:04:40.209, 3, 120 MHz, 3996 MHz, 182.15 W, 29
2026/10/08 02:04:40.209, 4, 1245 MHz, 3996 MHz, 932.40 W, 62
2026/10/08 02:04:40.209, 5, 1305 MHz, 3996 MHz, 1087.99 W, 61
2026/10/08 02:04:40.209, 6, 120 MHz, 3996 MHz, 184.83 W, 29
2026/10/08 02:04:40.209, 7, 120 MHz, 3996 MHz, 184.60 W, 28
2026/10/08 02:04:40.309, 0, 120 MHz, 3996 MHz, 184.47 W, 33
2026/10/08 02:04:40.309, 1, 120 MHz, 3996 MHz, 186.29 W, 36
2026/10/08 02:04:40.309, 2, 120 MHz, 3996 MHz, 182.33 W, 29
2026/10/08 02:04:40.309, 3, 120 MHz, 3996 MHz, 182.15 W, 29
2026/10/08 02:04:40.309, 4, 1335 MHz, 3996 MHz, 936.97 W, 62
2026/10/08 02:04:40.309, 5, 1327 MHz, 3996 MHz, 1087.64 W, 62
2026/10/08 02:04:40.309, 6, 120 MHz, 3996 MHz, 184.83 W, 29
2026/10/08 02:04:40.309, 7, 120 MHz, 3996 MHz, 184.61 W, 28
2026/10/08 02:04:40.409, 0, 120 MHz, 3996 MHz, 184.47 W, 33
2026/10/08 02:04:40.409, 1, 120 MHz, 3996 MHz, 186.29 W, 36
2026/10/08 02:04:40.409, 2, 120 MHz, 3996 MHz, 182.32 W, 29
2026/10/08 02:04:40.409, 3, 120 MHz, 3996 MHz, 182.15 W, 29
2026/10/08 02:04:40.409, 4, 1275 MHz, 3996 MHz, 976.37 W, 62
2026/10/08 02:04:40.409, 5, 1320 MHz, 3996 MHz, 1087.73 W, 61
2026/10/08 02:04:40.409, 6, 120 MHz, 3996 MHz, 184.83 W, 29
2026/10/08 02:04:40.409, 7, 120 MHz, 3996 MHz, 184.65 W, 28
2026/10/08 02:04:40.509, 0, 120 MHz, 3996 MHz, 184.47 W, 33
2026/10/08 02:04:40.509, 1, 120 MHz, 3996 MHz, 186.29 W, 36
2026/10/08 02:04:40.509, 2, 120 MHz, 3996 MHz, 182.36 W, 29
2026/10/08 02:04:40.509, 3, 120 MHz, 3996 MHz, 182.15 W, 29
2026/10/08 02:04:40.509, 4, 1282 MHz, 3996 MHz, 964.02 W, 63
2026/10/08 02:04:40.509, 5, 1372 MHz, 3996 MHz, 1090.74 W, 61
2026/10/08 02:04:40.509, 6, 120 MHz, 3996 MHz, 184.83 W, 29
2026/10/08 02:04:40.509, 7, 120 MHz, 3996 MHz, 184.65 W, 28
2026/10/08 02:04:40.610, 0, 120 MHz, 3996 MHz, 184.47 W, 33
2026/10/08 02:04:40.610, 1, 120 MHz, 3996 MHz, 186.29 W, 36
2026/10/08 02:04:40.610, 2, 120 MHz, 3996 MHz, 182.40 W, 29
2026/10/08 02:04:40.610, 3, 120 MHz, 3996 MHz, 182.15 W, 29
2026/10/08 02:04:40.610, 4, 1267 MHz, 3996 MHz, 1031.07 W, 63
2026/10/08 02:04:40.610, 5, 1297 MHz, 3996 MHz, 1091.90 W, 61
2026/10/08 02:04:40.610, 6, 120 MHz, 3996 MHz, 184.83 W, 29
2026/10/08 02:04:40.610, 7, 120 MHz, 3996 MHz, 184.65 W, 28
2026/10/08 02:04:40.710, 0, 120 MHz, 3996 MHz, 184.47 W, 33
2026/10/08 02:04:40.710, 1, 120 MHz, 3996 MHz, 186.29 W, 36
2026/10/08 02:04:40.710, 2, 120 MHz, 3996 MHz, 182.37 W, 29
2026/10/08 02:04:40.710, 3, 120 MHz, 3996 MHz, 182.15 W, 29
2026/10/08 02:04:40.710, 4, 1267 MHz, 3996 MHz, 1095.68 W, 63
2026/10/08 02:04:40.710, 5, 1305 MHz, 3996 MHz, 1091.03 W, 61
2026/10/08 02:04:40.710, 6, 120 MHz, 3996 MHz, 184.83 W, 29
2026/10/08 02:04:40.710, 7, 120 MHz, 3996 MHz, 184.65 W, 28
2026/10/08 02:04:40.810, 0, 120 MHz, 3996 MHz, 184.47 W, 33
2026/10/08 02:04:40.810, 1, 120 MHz, 3996 MHz, 186.29 W, 36
2026/10/08 02:04:40.810, 2, 120 MHz, 3996 MHz, 182.33 W, 29
2026/10/08 02:04:40.810, 3, 120 MHz, 3996 MHz, 182.15 W, 29
2026/10/08 02:04:40.810, 4, 1357 MHz, 3996 MHz, 1104.99 W, 62
2026/10/08 02:04:40.810, 5, 1305 MHz, 3996 MHz, 1089.98 W, 61
2026/10/08 02:04:40.810, 6, 120 MHz, 3996 MHz, 184.83 W, 29
2026/10/08 02:04:40.810, 7, 120 MHz, 3996 MHz, 184.64 W, 28
2026/10/08 02:04:40.910, 0, 120 MHz, 3996 MHz, 184.47 W, 33
2026/10/08 02:04:40.910, 1, 120 MHz, 3996 MHz, 186.29 W, 36
2026/10/08 02:04:40.910, 2, 120 MHz, 3996 MHz, 182.36 W, 29
2026/10/08 02:04:40.910, 3, 120 MHz, 3996 MHz, 182.16 W, 29
2026/10/08 02:04:40.910, 4, 1252 MHz, 3996 MHz, 1101.69 W, 63
2026/10/08 02:04:40.910, 5, 1312 MHz, 3996 MHz, 1092.15 W, 62
2026/10/08 02:04:40.910, 6, 120 MHz, 3996 MHz, 184.83 W, 29
2026/10/08 02:04:40.910, 7, 120 MHz, 3996 MHz, 184.64 W, 28
2026/10/08 02:04:41.011, 0, 120 MHz, 3996 MHz, 184.47 W, 33
2026/10/08 02:04:41.011, 1, 120 MHz, 3996 MHz, 186.29 W, 36
2026/10/08 02:04:41.011, 2, 120 MHz, 3996 MHz, 182.40 W, 29
2026/10/08 02:04:41.011, 3, 120 MHz, 3996 MHz, 182.17 W, 29
2026/10/08 02:04:41.011, 4, 1252 MHz, 3996 MHz, 1097.64 W, 63
2026/10/08 02:04:41.011, 5, 1380 MHz, 3996 MHz, 1082.98 W, 60
2026/10/08 02:04:41.011, 6, 120 MHz, 3996 MHz, 184.83 W, 29
2026/10/08 02:04:41.011, 7, 120 MHz, 3996 MHz, 184.64 W, 28
2026/10/08 02:04:41.111, 0, 120 MHz, 3996 MHz, 184.47 W, 33
2026/10/08 02:04:41.111, 1, 120 MHz, 3996 MHz, 186.29 W, 36
2026/10/08 02:04:41.111, 2, 120 MHz, 3996 MHz, 182.40 W, 29
2026/10/08 02:04:41.111, 3, 120 MHz, 3996 MHz, 182.16 W, 29
2026/10/08 02:04:41.111, 4, 1267 MHz, 3996 MHz, 1093.66 W, 63
2026/10/08 02:04:41.111, 5, 1357 MHz, 3996 MHz, 1084.81 W, 61
2026/10/08 02:04:41.111, 6, 120 MHz, 3996 MHz, 184.83 W, 29
2026/10/08 02:04:41.111, 7, 120 MHz, 3996 MHz, 184.64 W, 28
2026/10/08 02:04:41.211, 0, 120 MHz, 3996 MHz, 184.47 W, 33
2026/10/08 02:04:41.211, 1, 120 MHz, 3996 MHz, 186.29 W, 36
2026/10/08 02:04:41.211, 2, 120 MHz, 3996 MHz, 182.40 W, 29
2026/10/08 02:04:41.211, 3, 120 MHz, 3996 MHz, 182.16 W, 29
2026/10/08 02:04:41.211, 4, 1267 MHz, 3996 MHz, 1095.33 W, 62
2026/10/08 02:04:41.211, 5, 2032 MHz, 3996 MHz, 1007.89 W, 56
2026/10/08 02:04:41.211, 6, 120 MHz, 3996 MHz, 184.83 W, 29
2026/10/08 02:04:41.211, 7, 120 MHz, 3996 MHz, 184.64 W, 28
2026/10/08 02:04:41.311, 0, 120 MHz, 3996 MHz, 184.47 W, 33
2026/10/08 02:04:41.311, 1, 120 MHz, 3996 MHz, 186.29 W, 36
2026/10/08 02:04:41.311, 2, 120 MHz, 3996 MHz, 182.40 W, 29
2026/10/08 02:04:41.311, 3, 120 MHz, 3996 MHz, 182.16 W, 29
2026/10/08 02:04:41.311, 4, 1282 MHz, 3996 MHz, 1091.52 W, 63
2026/10/08 02:04:41.311, 5, 2032 MHz, 3996 MHz, 951.16 W, 51
2026/10/08 02:04:41.311, 6, 120 MHz, 3996 MHz, 184.83 W, 29
2026/10/08 02:04:41.311, 7, 120 MHz, 3996 MHz, 184.63 W, 28
2026/10/08 02:04:41.412, 0, 120 MHz, 3996 MHz, 184.47 W, 33
2026/10/08 02:04:41.412, 1, 120 MHz, 3996 MHz, 186.29 W, 36
2026/10/08 02:04:41.412, 2, 120 MHz, 3996 MHz, 182.44 W, 29
2026/10/08 02:04:41.412, 3, 120 MHz, 3996 MHz, 182.16 W, 29
2026/10/08 02:04:41.412, 4, 1275 MHz, 3996 MHz, 1089.86 W, 63
2026/10/08 02:04:41.412, 5, 1432 MHz, 3996 MHz, 941.40 W, 50
2026/10/08 02:04:41.412, 6, 120 MHz, 3996 MHz, 184.83 W, 29
2026/10/08 02:04:41.412, 7, 120 MHz, 3996 MHz, 184.59 W, 28
2026/10/08 02:04:41.512, 0, 120 MHz, 3996 MHz, 184.47 W, 33
2026/10/08 02:04:41.512, 1, 120 MHz, 3996 MHz, 186.29 W, 36
2026/10/08 02:04:41.512, 2, 120 MHz, 3996 MHz, 182.48 W, 29
2026/10/08 02:04:41.512, 3, 120 MHz, 3996 MHz, 182.17 W, 29
2026/10/08 02:04:41.512, 4, 1260 MHz, 3996 MHz, 1086.80 W, 63
2026/10/08 02:04:41.512, 5, 1365 MHz, 3996 MHz, 946.91 W, 59
2026/10/08 02:04:41.512, 6, 120 MHz, 3996 MHz, 184.83 W, 29
2026/10/08 02:04:41.512, 7, 120 MHz, 3996 MHz, 184.59 W, 28
2026/10/08 02:04:41.612, 0, 120 MHz, 3996 MHz, 184.47 W, 33
2026/10/08 02:04:41.612, 1, 120 MHz, 3996 MHz, 186.29 W, 36
2026/10/08 02:04:41.612, 2, 120 MHz, 3996 MHz, 182.40 W, 29
2026/10/08 02:04:41.612, 3, 120 MHz, 3996 MHz, 182.17 W, 29
2026/10/08 02:04:41.612, 4, 1267 MHz, 3996 MHz, 1087.96 W, 62
2026/10/08 02:04:41.612, 5, 1357 MHz, 3996 MHz, 952.86 W, 60
2026/10/08 02:04:41.612, 6, 120 MHz, 3996 MHz, 184.87 W, 29
2026/10/08 02:04:41.612, 7, 120 MHz, 3996 MHz, 184.59 W, 28
2026/10/08 02:04:41.712, 0, 120 MHz, 3996 MHz, 184.47 W, 33
2026/10/08 02:04:41.712, 1, 120 MHz, 3996 MHz, 186.29 W, 36
2026/10/08 02:04:41.712, 2, 120 MHz, 3996 MHz, 182.40 W, 29
2026/10/08 02:04:41.712, 3, 120 MHz, 3996 MHz, 182.17 W, 29
2026/10/08 02:04:41.712, 4, 1267 MHz, 3996 MHz, 1088.33 W, 62
2026/10/08 02:04:41.712, 5, 1342 MHz, 3996 MHz, 957.52 W, 61
2026/10/08 02:04:41.712, 6, 120 MHz, 3996 MHz, 184.87 W, 29
2026/10/08 02:04:41.712, 7, 120 MHz, 3996 MHz, 184.59 W, 28
2026/10/08 02:04:41.813, 0, 120 MHz, 3996 MHz, 184.47 W, 33
2026/10/08 02:04:41.813, 1, 120 MHz, 3996 MHz, 186.29 W, 36
2026/10/08 02:04:41.813, 2, 120 MHz, 3996 MHz, 182.44 W, 29
2026/10/08 02:04:41.813, 3, 120 MHz, 3996 MHz, 182.18 W, 29
2026/10/08 02:04:41.813, 4, 1260 MHz, 3996 MHz, 1084.55 W, 63
2026/10/08 02:04:41.813, 5, 1290 MHz, 3996 MHz, 951.05 W, 61
2026/10/08 02:04:41.813, 6, 120 MHz, 3996 MHz, 184.87 W, 29
2026/10/08 02:04:41.813, 7, 120 MHz, 3996 MHz, 184.59 W, 28
2026/10/08 02:04:41.913, 0, 120 MHz, 3996 MHz, 184.47 W, 33
2026/10/08 02:04:41.913, 1, 120 MHz, 3996 MHz, 186.29 W, 36
2026/10/08 02:04:41.913, 2, 120 MHz, 3996 MHz, 182.37 W, 29
2026/10/08 02:04:41.913, 3, 120 MHz, 3996 MHz, 182.17 W, 29
2026/10/08 02:04:41.913, 4, 1297 MHz, 3996 MHz, 1085.37 W, 63
2026/10/08 02:04:41.913, 5, 1320 MHz, 3996 MHz, 951.07 W, 61
2026/10/08 02:04:41.913, 6, 120 MHz, 3996 MHz, 184.87 W, 29
2026/10/08 02:04:41.913, 7, 120 MHz, 3996 MHz, 184.59 W, 28
2026/10/08 02:04:42.013, 0, 120 MHz, 3996 MHz, 184.47 W, 33
2026/10/08 02:04:42.013, 1, 120 MHz, 3996 MHz, 186.29 W, 36
2026/10/08 02:04:42.013, 2, 120 MHz, 3996 MHz, 182.33 W, 29
2026/10/08 02:04:42.013, 3, 120 MHz, 3996 MHz, 182.17 W, 29
2026/10/08 02:04:42.013, 4, 1267 MHz, 3996 MHz, 1087.12 W, 63
2026/10/08 02:04:42.013, 5, 1305 MHz, 3996 MHz, 960.88 W, 61
2026/10/08 02:04:42.013, 6, 120 MHz, 3996 MHz, 184.87 W, 29
2026/10/08 02:04:42.013, 7, 120 MHz, 3996 MHz, 184.59 W, 28
2026/10/08 02:04:42.113, 0, 120 MHz, 3996 MHz, 184.47 W, 33
2026/10/08 02:04:42.113, 1, 120 MHz, 3996 MHz, 186.29 W, 36
2026/10/08 02:04:42.113, 2, 120 MHz, 3996 MHz, 182.28 W, 29
2026/10/08 02:04:42.113, 3, 120 MHz, 3996 MHz, 182.17 W, 29
2026/10/08 02:04:42.113, 4, 1267 MHz, 3996 MHz, 1087.62 W, 64
2026/10/08 02:04:42.113, 5, 1305 MHz, 3996 MHz, 956.99 W, 61
2026/10/08 02:04:42.113, 6, 120 MHz, 3996 MHz, 184.87 W, 29
2026/10/08 02:04:42.113, 7, 120 MHz, 3996 MHz, 184.59 W, 28
2026/10/08 02:04:42.214, 0, 120 MHz, 3996 MHz, 184.47 W, 33
2026/10/08 02:04:42.214, 1, 120 MHz, 3996 MHz, 186.29 W, 36
2026/10/08 02:04:42.214, 2, 120 MHz, 3996 MHz, 182.28 W, 29
2026/10/08 02:04:42.214, 3, 120 MHz, 3996 MHz, 182.18 W, 29
2026/10/08 02:04:42.214, 4, 1267 MHz, 3996 MHz, 1089.25 W, 63
2026/10/08 02:04:42.214, 5, 1320 MHz, 3996 MHz, 1020.12 W, 61
2026/10/08 02:04:42.214, 6, 120 MHz, 3996 MHz, 184.87 W, 29
2026/10/08 02:04:42.214, 7, 120 MHz, 3996 MHz, 184.59 W, 28
2026/10/08 02:04:42.314, 0, 120 MHz, 3996 MHz, 184.47 W, 33
2026/10/08 02:04:42.314, 1, 120 MHz, 3996 MHz, 186.29 W, 36
2026/10/08 02:04:42.314, 2, 120 MHz, 3996 MHz, 182.28 W, 29
2026/10/08 02:04:42.314, 3, 120 MHz, 3996 MHz, 182.18 W, 29
2026/10/08 02:04:42.314, 4, 1365 MHz, 3996 MHz, 1085.54 W, 63
2026/10/08 02:04:42.314, 5, 1312 MHz, 3996 MHz, 1097.35 W, 62
2026/10/08 02:04:42.314, 6, 120 MHz, 3996 MHz, 184.87 W, 29
2026/10/08 02:04:42.314, 7, 120 MHz, 3996 MHz, 184.59 W, 28
2026/10/08 02:04:42.414, 0, 120 MHz, 3996 MHz, 184.47 W, 33
2026/10/08 02:04:42.414, 1, 120 MHz, 3996 MHz, 186.29 W, 36
2026/10/08 02:04:42.414, 2, 120 MHz, 3996 MHz, 182.29 W, 29
2026/10/08 02:04:42.414, 3, 120 MHz, 3996 MHz, 182.18 W, 29
2026/10/08 02:04:42.414, 4, 1365 MHz, 3996 MHz, 1083.62 W, 63
2026/10/08 02:04:42.414, 5, 1350 MHz, 3996 MHz, 1103.25 W, 62
2026/10/08 02:04:42.414, 6, 120 MHz, 3996 MHz, 184.87 W, 29
2026/10/08 02:04:42.414, 7, 120 MHz, 3996 MHz, 184.59 W, 28
2026/10/08 02:04:42.514, 0, 120 MHz, 3996 MHz, 184.47 W, 33
2026/10/08 02:04:42.514, 1, 120 MHz, 3996 MHz, 186.29 W, 36
2026/10/08 02:04:42.514, 2, 120 MHz, 3996 MHz, 182.25 W, 29
2026/10/08 02:04:42.514, 3, 120 MHz, 3996 MHz, 182.17 W, 29
2026/10/08 02:04:42.514, 4, 1605 MHz, 3996 MHz, 1047.82 W, 63
2026/10/08 02:04:42.514, 5, 1297 MHz, 3996 MHz, 1096.15 W, 62
2026/10/08 02:04:42.514, 6, 120 MHz, 3996 MHz, 184.87 W, 29
2026/10/08 02:04:42.514, 7, 120 MHz, 3996 MHz, 184.59 W, 28
2026/10/08 02:04:42.615, 0, 120 MHz, 3996 MHz, 184.47 W, 33
2026/10/08 02:04:42.615, 1, 120 MHz, 3996 MHz, 186.29 W, 36
2026/10/08 02:04:42.615, 2, 120 MHz, 3996 MHz, 182.24 W, 29
2026/10/08 02:04:42.615, 3, 120 MHz, 3996 MHz, 182.18 W, 29
2026/10/08 02:04:42.615, 4, 2032 MHz, 3996 MHz, 987.59 W, 54
2026/10/08 02:04:42.615, 5, 1312 MHz, 3996 MHz, 1090.61 W, 62
2026/10/08 02:04:42.615, 6, 120 MHz, 3996 MHz, 184.83 W, 29
2026/10/08 02:04:42.615, 7, 120 MHz, 3996 MHz, 184.59 W, 28
2026/10/08 02:04:42.715, 0, 120 MHz, 3996 MHz, 184.47 W, 33
2026/10/08 02:04:42.715, 1, 120 MHz, 3996 MHz, 186.29 W, 36
2026/10/08 02:04:42.715, 2, 120 MHz, 3996 MHz, 182.29 W, 29
2026/10/08 02:04:42.715, 3, 120 MHz, 3996 MHz, 182.17 W, 29
2026/10/08 02:04:42.715, 4, 2032 MHz, 3996 MHz, 936.82 W, 53
2026/10/08 02:04:42.715, 5, 1312 MHz, 3996 MHz, 1086.87 W, 62
2026/10/08 02:04:42.715, 6, 120 MHz, 3996 MHz, 184.83 W, 29
2026/10/08 02:04:42.715, 7, 120 MHz, 3996 MHz, 184.59 W, 28
2026/10/08 02:04:42.815, 0, 120 MHz, 3996 MHz, 184.47 W, 33
2026/10/08 02:04:42.815, 1, 120 MHz, 3996 MHz, 186.29 W, 36
2026/10/08 02:04:42.815, 2, 120 MHz, 3996 MHz, 182.28 W, 29
2026/10/08 02:04:42.815, 3, 120 MHz, 3996 MHz, 182.16 W, 29
2026/10/08 02:04:42.815, 4, 1305 MHz, 3996 MHz, 953.86 W, 61
2026/10/08 02:04:42.815, 5, 1305 MHz, 3996 MHz, 1090.78 W, 62
2026/10/08 02:04:42.815, 6, 120 MHz, 3996 MHz, 184.83 W, 29
2026/10/08 02:04:42.815, 7, 120 MHz, 3996 MHz, 184.59 W, 28
2026/10/08 02:04:42.915, 0, 120 MHz, 3996 MHz, 184.47 W, 33
2026/10/08 02:04:42.915, 1, 120 MHz, 3996 MHz, 186.29 W, 36
2026/10/08 02:04:42.915, 2, 120 MHz, 3996 MHz, 182.29 W, 29
2026/10/08 02:04:42.915, 3, 120 MHz, 3996 MHz, 182.17 W, 29
2026/10/08 02:04:42.915, 4, 1327 MHz, 3996 MHz, 959.87 W, 61
2026/10/08 02:04:42.915, 5, 1312 MHz, 3996 MHz, 1090.87 W, 62
2026/10/08 02:04:42.915, 6, 120 MHz, 3996 MHz, 184.83 W, 29
2026/10/08 02:04:42.915, 7, 120 MHz, 3996 MHz, 184.59 W, 28
2026/10/08 02:04:43.016, 0, 120 MHz, 3996 MHz, 184.47 W, 33
2026/10/08 02:04:43.016, 1, 120 MHz, 3996 MHz, 186.29 W, 36
2026/10/08 02:04:43.016, 2, 120 MHz, 3996 MHz, 182.28 W, 29
2026/10/08 02:04:43.016, 3, 120 MHz, 3996 MHz, 182.16 W, 29
2026/10/08 02:04:43.016, 4, 1320 MHz, 3996 MHz, 961.13 W, 62
2026/10/08 02:04:43.016, 5, 1290 MHz, 3996 MHz, 1091.54 W, 62
2026/10/08 02:04:43.016, 6, 120 MHz, 3996 MHz, 184.83 W, 29
2026/10/08 02:04:43.016, 7, 120 MHz, 3996 MHz, 184.59 W, 28
2026/10/08 02:04:43.116, 0, 120 MHz, 3996 MHz, 184.47 W, 33
2026/10/08 02:04:43.116, 1, 120 MHz, 3996 MHz, 186.29 W, 36
2026/10/08 02:04:43.116, 2, 120 MHz, 3996 MHz, 182.28 W, 29
2026/10/08 02:04:43.116, 3, 120 MHz, 3996 MHz, 182.16 W, 29
2026/10/08 02:04:43.116, 4, 1215 MHz, 3996 MHz, 960.16 W, 62
2026/10/08 02:04:43.116, 5, 1312 MHz, 3996 MHz, 1091.04 W, 62
2026/10/08 02:04:43.116, 6, 120 MHz, 3996 MHz, 184.83 W, 29
2026/10/08 02:04:43.116, 7, 120 MHz, 3996 MHz, 184.59 W, 28
2026/10/08 02:04:43.216, 0, 120 MHz, 3996 MHz, 184.47 W, 33
2026/10/08 02:04:43.216, 1, 120 MHz, 3996 MHz, 186.29 W, 36
2026/10/08 02:04:43.216, 2, 120 MHz, 3996 MHz, 182.28 W, 29
2026/10/08 02:04:43.216, 3, 120 MHz, 3996 MHz, 182.15 W, 29
2026/10/08 02:04:43.216, 4, 1260 MHz, 3996 MHz, 956.84 W, 63
2026/10/08 02:04:43.216, 5, 1320 MHz, 3996 MHz, 1090.41 W, 62
2026/10/08 02:04:43.216, 6, 120 MHz, 3996 MHz, 184.83 W, 29
2026/10/08 02:04:43.216, 7, 120 MHz, 3996 MHz, 184.59 W, 28
2026/10/08 02:04:43.316, 0, 120 MHz, 3996 MHz, 184.47 W, 33
2026/10/08 02:04:43.316, 1, 120 MHz, 3996 MHz, 186.29 W, 36
2026/10/08 02:04:43.316, 2, 120 MHz, 3996 MHz, 182.29 W, 29
2026/10/08 02:04:43.316, 3, 120 MHz, 3996 MHz, 182.15 W, 29
2026/10/08 02:04:43.316, 4, 1275 MHz, 3996 MHz, 962.87 W, 63
2026/10/08 02:04:43.316, 5, 1305 MHz, 3996 MHz, 1089.24 W, 62
2026/10/08 02:04:43.316, 6, 120 MHz, 3996 MHz, 184.83 W, 29
2026/10/08 02:04:43.316, 7, 120 MHz, 3996 MHz, 184.59 W, 28
2026/10/08 02:04:43.417, 0, 120 MHz, 3996 MHz, 184.47 W, 33
2026/10/08 02:04:43.417, 1, 120 MHz, 3996 MHz, 186.29 W, 36
2026/10/08 02:04:43.417, 2, 120 MHz, 3996 MHz, 182.24 W, 29
2026/10/08 02:04:43.417, 3, 120 MHz, 3996 MHz, 182.15 W, 29
2026/10/08 02:04:43.417, 4, 1275 MHz, 3996 MHz, 966.20 W, 63
2026/10/08 02:04:43.417, 5, 1297 MHz, 3996 MHz, 1088.88 W, 62
2026/10/08 02:04:43.417, 6, 120 MHz, 3996 MHz, 184.83 W, 29
2026/10/08 02:04:43.417, 7, 120 MHz, 3996 MHz, 184.59 W, 28
2026/10/08 02:04:43.517, 0, 120 MHz, 3996 MHz, 184.47 W, 33
2026/10/08 02:04:43.517, 1, 120 MHz, 3996 MHz, 186.29 W, 36
2026/10/08 02:04:43.517, 2, 120 MHz, 3996 MHz, 182.24 W, 29
2026/10/08 02:04:43.517, 3, 120 MHz, 3996 MHz, 182.15 W, 29
2026/10/08 02:04:43.517, 4, 1267 MHz, 3996 MHz, 1001.00 W, 63
2026/10/08 02:04:43.517, 5, 1305 MHz, 3996 MHz, 1090.19 W, 63
2026/10/08 02:04:43.517, 6, 120 MHz, 3996 MHz, 184.83 W, 29
2026/10/08 02:04:43.517, 7, 120 MHz, 3996 MHz, 184.59 W, 28
2026/10/08 02:04:43.617, 0, 120 MHz, 3996 MHz, 184.47 W, 33
2026/10/08 02:04:43.617, 1, 120 MHz, 3996 MHz, 186.29 W, 36
2026/10/08 02:04:43.617, 2, 120 MHz, 3996 MHz, 182.29 W, 29
2026/10/08 02:04:43.617, 3, 120 MHz, 3996 MHz, 182.15 W, 29
2026/10/08 02:04:43.617, 4, 1267 MHz, 3996 MHz, 1063.38 W, 63
2026/10/08 02:04:43.617, 5, 1312 MHz, 3996 MHz, 1089.29 W, 62
2026/10/08 02:04:43.617, 6, 120 MHz, 3996 MHz, 184.83 W, 29
2026/10/08 02:04:43.617, 7, 120 MHz, 3996 MHz, 184.59 W, 28
2026/10/08 02:04:43.717, 0, 120 MHz, 3996 MHz, 184.47 W, 33
2026/10/08 02:04:43.717, 1, 120 MHz, 3996 MHz, 186.29 W, 36
2026/10/08 02:04:43.717, 2, 120 MHz, 3996 MHz, 182.25 W, 29
2026/10/08 02:04:43.717, 3, 120 MHz, 3996 MHz, 182.15 W, 29
2026/10/08 02:04:43.717, 4, 1267 MHz, 3996 MHz, 1108.76 W, 63
2026/10/08 02:04:43.717, 5, 1320 MHz, 3996 MHz, 1088.39 W, 62
2026/10/08 02:04:43.717, 6, 120 MHz, 3996 MHz, 184.83 W, 29
2026/10/08 02:04:43.717, 7, 120 MHz, 3996 MHz, 184.59 W, 28
2026/10/08 02:04:43.817, 0, 120 MHz, 3996 MHz, 184.47 W, 33
2026/10/08 02:04:43.818, 1, 120 MHz, 3996 MHz, 186.29 W, 36
2026/10/08 02:04:43.818, 2, 120 MHz, 3996 MHz, 182.21 W, 29
2026/10/08 02:04:43.818, 3, 120 MHz, 3996 MHz, 182.16 W, 29
2026/10/08 02:04:43.818, 4, 1282 MHz, 3996 MHz, 1094.48 W, 63
2026/10/08 02:04:43.818, 5, 1312 MHz, 3996 MHz, 1088.36 W, 62
2026/10/08 02:04:43.818, 6, 120 MHz, 3996 MHz, 184.83 W, 29
2026/10/08 02:04:43.818, 7, 120 MHz, 3996 MHz, 184.59 W, 28
2026/10/08 02:04:43.918, 0, 120 MHz, 3996 MHz, 184.47 W, 33
2026/10/08 02:04:43.918, 1, 120 MHz, 3996 MHz, 186.29 W, 36
2026/10/08 02:04:43.918, 2, 120 MHz, 3996 MHz, 182.21 W, 29
2026/10/08 02:04:43.918, 3, 120 MHz, 3996 MHz, 182.16 W, 29
2026/10/08 02:04:43.918, 4, 1267 MHz, 3996 MHz, 1087.14 W, 64
2026/10/08 02:04:43.918, 5, 1372 MHz, 3996 MHz, 1079.78 W, 62
2026/10/08 02:04:43.918, 6, 120 MHz, 3996 MHz, 184.83 W, 29
2026/10/08 02:04:43.918, 7, 120 MHz, 3996 MHz, 184.59 W, 28
2026/10/08 02:04:44.018, 0, 120 MHz, 3996 MHz, 184.47 W, 33
2026/10/08 02:04:44.018, 1, 120 MHz, 3996 MHz, 186.29 W, 36
2026/10/08 02:04:44.018, 2, 120 MHz, 3996 MHz, 182.21 W, 29
2026/10/08 02:04:44.018, 3, 120 MHz, 3996 MHz, 182.16 W, 29
2026/10/08 02:04:44.018, 4, 1297 MHz, 3996 MHz, 1084.50 W, 63
2026/10/08 02:04:44.018, 5, 1342 MHz, 3996 MHz, 1083.04 W, 62
2026/10/08 02:04:44.018, 6, 120 MHz, 3996 MHz, 184.83 W, 29
2026/10/08 02:04:44.018, 7, 120 MHz, 3996 MHz, 184.59 W, 28
2026/10/08 02:04:44.118, 0, 120 MHz, 3996 MHz, 184.47 W, 33
2026/10/08 02:04:44.118, 1, 120 MHz, 3996 MHz, 186.29 W, 36
2026/10/08 02:04:44.118, 2, 120 MHz, 3996 MHz, 182.25 W, 29
2026/10/08 02:04:44.118, 3, 120 MHz, 3996 MHz, 182.16 W, 29
2026/10/08 02:04:44.118, 4, 1297 MHz, 3996 MHz, 1083.69 W, 64
2026/10/08 02:04:44.118, 5, 2032 MHz, 3996 MHz, 1011.37 W, 59
2026/10/08 02:04:44.118, 6, 120 MHz, 3996 MHz, 184.83 W, 29
2026/10/08 02:04:44.118, 7, 120 MHz, 3996 MHz, 184.59 W, 28
2026/10/08 02:04:44.219, 0, 120 MHz, 3996 MHz, 184.47 W, 33
2026/10/08 02:04:44.219, 1, 120 MHz, 3996 MHz, 186.29 W, 36
2026/10/08 02:04:44.219, 2, 120 MHz, 3996 MHz, 182.25 W, 29
2026/10/08 02:04:44.219, 3, 120 MHz, 3996 MHz, 182.16 W, 29
2026/10/08 02:04:44.219, 4, 1252 MHz, 3996 MHz, 1088.30 W, 64
2026/10/08 02:04:44.219, 5, 2032 MHz, 3996 MHz, 947.80 W, 52
2026/10/08 02:04:44.219, 6, 120 MHz, 3996 MHz, 184.83 W, 29
2026/10/08 02:04:44.219, 7, 120 MHz, 3996 MHz, 184.59 W, 28
2026/10/08 02:04:44.319, 0, 120 MHz, 3996 MHz, 184.47 W, 33
2026/10/08 02:04:44.319, 1, 120 MHz, 3996 MHz, 186.29 W, 36
2026/10/08 02:04:44.319, 2, 120 MHz, 3996 MHz, 182.25 W, 29
2026/10/08 02:04:44.319, 3, 120 MHz, 3996 MHz, 182.17 W, 29
2026/10/08 02:04:44.319, 4, 1312 MHz, 3996 MHz, 1086.88 W, 63
2026/10/08 02:04:44.319, 5, 1440 MHz, 3996 MHz, 945.49 W, 50
2026/10/08 02:04:44.319, 6, 120 MHz, 3996 MHz, 184.83 W, 29
2026/10/08 02:04:44.319, 7, 120 MHz, 3996 MHz, 184.59 W, 28
2026/10/08 02:04:44.419, 0, 120 MHz, 3996 MHz, 184.47 W, 33
2026/10/08 02:04:44.419, 1, 120 MHz, 3996 MHz, 186.29 W, 36
2026/10/08 02:04:44.419, 2, 120 MHz, 3996 MHz, 182.24 W, 29
2026/10/08 02:04:44.419, 3, 120 MHz, 3996 MHz, 182.17 W, 29
2026/10/08 02:04:44.419, 4, 1290 MHz, 3996 MHz, 1087.91 W, 63
2026/10/08 02:04:44.419, 5, 1350 MHz, 3996 MHz, 949.89 W, 60
2026/10/08 02:04:44.419, 6, 120 MHz, 3996 MHz, 184.83 W, 29
2026/10/08 02:04:44.419, 7, 120 MHz, 3996 MHz, 184.59 W, 28
2026/10/08 02:04:44.519, 0, 120 MHz, 3996 MHz, 184.47 W, 33
2026/10/08 02:04:44.519, 1, 120 MHz, 3996 MHz, 186.29 W, 36
2026/10/08 02:04:44.519, 2, 120 MHz, 3996 MHz, 182.21 W, 29
2026/10/08 02:04:44.519, 3, 120 MHz, 3996 MHz, 182.17 W, 29
2026/10/08 02:04:44.519, 4, 1290 MHz, 3996 MHz, 1086.62 W, 63
2026/10/08 02:04:44.519, 5, 1357 MHz, 3996 MHz, 952.41 W, 61
2026/10/08 02:04:44.519, 6, 120 MHz, 3996 MHz, 184.83 W, 29
2026/10/08 02:04:44.519, 7, 120 MHz, 3996 MHz, 184.59 W, 28
2026/10/08 02:04:44.620, 0, 120 MHz, 3996 MHz, 184.47 W, 33
2026/10/08 02:04:44.620, 1, 120 MHz, 3996 MHz, 186.29 W, 36
2026/10/08 02:04:44.620, 2, 120 MHz, 3996 MHz, 182.17 W, 29
2026/10/08 02:04:44.620, 3, 120 MHz, 3996 MHz, 182.17 W, 29
2026/10/08 02:04:44.620, 4, 1267 MHz, 3996 MHz, 1085.89 W, 64
2026/10/08 02:04:44.620, 5, 1350 MHz, 3996 MHz, 958.24 W, 62
2026/10/08 02:04:44.620, 6, 120 MHz, 3996 MHz, 184.83 W, 29
2026/10/08 02:04:44.620, 7, 120 MHz, 3996 MHz, 184.59 W, 28
2026/10/08 02:04:44.720, 0, 120 MHz, 3996 MHz, 184.47 W, 33
2026/10/08 02:04:44.720, 1, 120 MHz, 3996 MHz, 186.29 W, 36
2026/10/08 02:04:44.720, 2, 120 MHz, 3996 MHz, 182.21 W, 29
2026/10/08 02:04:44.720, 3, 120 MHz, 3996 MHz, 182.17 W, 29
2026/10/08 02:04:44.720, 4, 1275 MHz, 3996 MHz, 1086.32 W, 64
2026/10/08 02:04:44.720, 5, 1290 MHz, 3996 MHz, 955.19 W, 62
2026/10/08 02:04:44.720, 6, 120 MHz, 3996 MHz, 184.83 W, 29
2026/10/08 02:04:44.720, 7, 120 MHz, 3996 MHz, 184.60 W, 28
2026/10/08 02:04:44.820, 0, 120 MHz, 3996 MHz, 184.47 W, 33
2026/10/08 02:04:44.820, 1, 120 MHz, 3996 MHz, 186.29 W, 36
2026/10/08 02:04:44.820, 2, 120 MHz, 3996 MHz, 182.21 W, 29
2026/10/08 02:04:44.820, 3, 120 MHz, 3996 MHz, 182.16 W, 29
2026/10/08 02:04:44.820, 4, 1320 MHz, 3996 MHz, 1088.23 W, 64
2026/10/08 02:04:44.820, 5, 1320 MHz, 3996 MHz, 955.76 W, 62
2026/10/08 02:04:44.820, 6, 120 MHz, 3996 MHz, 184.83 W, 29
2026/10/08 02:04:44.820, 7, 120 MHz, 3996 MHz, 184.60 W, 28
2026/10/08 02:04:44.920, 0, 120 MHz, 3996 MHz, 184.47 W, 33
2026/10/08 02:04:44.920, 1, 120 MHz, 3996 MHz, 186.29 W, 36
2026/10/08 02:04:44.920, 2, 120 MHz, 3996 MHz, 182.21 W, 29
2026/10/08 02:04:44.920, 3, 120 MHz, 3996 MHz, 182.16 W, 29
2026/10/08 02:04:44.920, 4, 1245 MHz, 3996 MHz, 1089.45 W, 64
2026/10/08 02:04:44.920, 5, 1297 MHz, 3996 MHz, 964.66 W, 61
2026/10/08 02:04:44.920, 6, 120 MHz, 3996 MHz, 184.83 W, 29
2026/10/08 02:04:44.920, 7, 120 MHz, 3996 MHz, 184.60 W, 28
2026/10/08 02:04:45.021, 0, 120 MHz, 3996 MHz, 184.47 W, 33
2026/10/08 02:04:45.021, 1, 120 MHz, 3996 MHz, 186.29 W, 36
2026/10/08 02:04:45.021, 2, 120 MHz, 3996 MHz, 182.25 W, 29
2026/10/08 02:04:45.021, 3, 120 MHz, 3996 MHz, 182.16 W, 29
2026/10/08 02:04:45.021, 4, 1267 MHz, 3996 MHz, 1087.86 W, 64
2026/10/08 02:04:45.021, 5, 1320 MHz, 3996 MHz, 958.64 W, 62
2026/10/08 02:04:45.021, 6, 120 MHz, 3996 MHz, 184.83 W, 29
2026/10/08 02:04:45.021, 7, 120 MHz, 3996 MHz, 184.60 W, 28
2026/10/08 02:04:45.121, 0, 120 MHz, 3996 MHz, 184.47 W, 33
2026/10/08 02:04:45.121, 1, 120 MHz, 3996 MHz, 186.29 W, 36
2026/10/08 02:04:45.121, 2, 120 MHz, 3996 MHz, 182.25 W, 29
2026/10/08 02:04:45.121, 3, 120 MHz, 3996 MHz, 182.15 W, 29
2026/10/08 02:04:45.121, 4, 1282 MHz, 3996 MHz, 1087.05 W, 64
2026/10/08 02:04:45.121, 5, 1327 MHz, 3996 MHz, 1033.83 W, 62
2026/10/08 02:04:45.121, 6, 120 MHz, 3996 MHz, 184.83 W, 29
2026/10/08 02:04:45.121, 7, 120 MHz, 3996 MHz, 184.60 W, 28
2026/10/08 02:04:45.221, 0, 120 MHz, 3996 MHz, 184.47 W, 33
2026/10/08 02:04:45.221, 1, 120 MHz, 3996 MHz, 186.29 W, 36
2026/10/08 02:04:45.221, 2, 120 MHz, 3996 MHz, 182.28 W, 29
2026/10/08 02:04:45.221, 3, 120 MHz, 3996 MHz, 182.15 W, 29
2026/10/08 02:04:45.221, 4, 1260 MHz, 3996 MHz, 1087.28 W, 64
2026/10/08 02:04:45.221, 5, 1290 MHz, 3996 MHz, 1095.83 W, 63
2026/10/08 02:04:45.221, 6, 120 MHz, 3996 MHz, 184.83 W, 29
2026/10/08 02:04:45.221, 7, 120 MHz, 3996 MHz, 184.60 W, 28
2026/10/08 02:04:45.321, 0, 120 MHz, 3996 MHz, 184.47 W, 33
2026/10/08 02:04:45.322, 1, 120 MHz, 3996 MHz, 186.29 W, 36
2026/10/08 02:04:45.322, 2, 120 MHz, 3996 MHz, 182.32 W, 29
2026/10/08 02:04:45.322, 3, 120 MHz, 3996 MHz, 182.15 W, 29
2026/10/08 02:04:45.322, 4, 1350 MHz, 3996 MHz, 1079.72 W, 61
2026/10/08 02:04:45.322, 5, 1365 MHz, 3996 MHz, 1101.72 W, 62
2026/10/08 02:04:45.322, 6, 120 MHz, 3996 MHz, 184.83 W, 29
2026/10/08 02:04:45.322, 7, 120 MHz, 3996 MHz, 184.60 W, 28
2026/10/08 02:04:45.422, 0, 120 MHz, 3996 MHz, 184.47 W, 33
2026/10/08 02:04:45.422, 1, 120 MHz, 3996 MHz, 186.29 W, 36
2026/10/08 02:04:45.422, 2, 120 MHz, 3996 MHz, 182.36 W, 29
2026/10/08 02:04:45.422, 3, 120 MHz, 3996 MHz, 182.14 W, 29
2026/10/08 02:04:45.422, 4, 1230 MHz, 3996 MHz, 1081.66 W, 64
2026/10/08 02:04:45.422, 5, 1282 MHz, 3996 MHz, 1098.31 W, 63
2026/10/08 02:04:45.422, 6, 120 MHz, 3996 MHz, 184.83 W, 29
2026/10/08 02:04:45.422, 7, 120 MHz, 3996 MHz, 184.60 W, 28
2026/10/08 02:04:45.522, 0, 120 MHz, 3996 MHz, 184.47 W, 33
2026/10/08 02:04:45.522, 1, 120 MHz, 3996 MHz, 186.29 W, 36
2026/10/08 02:04:45.522, 2, 120 MHz, 3996 MHz, 182.44 W, 29
2026/10/08 02:04:45.522, 3, 120 MHz, 3996 MHz, 182.14 W, 29
2026/10/08 02:04:45.522, 4, 2032 MHz, 3996 MHz, 1005.12 W, 62
2026/10/08 02:04:45.522, 5, 1305 MHz, 3996 MHz, 1093.41 W, 62
2026/10/08 02:04:45.522, 6, 120 MHz, 3996 MHz, 184.83 W, 29
2026/10/08 02:04:45.522, 7, 120 MHz, 3996 MHz, 184.59 W, 28
2026/10/08 02:04:45.622, 0, 120 MHz, 3996 MHz, 184.47 W, 33
2026/10/08 02:04:45.622, 1, 120 MHz, 3996 MHz, 186.29 W, 36
2026/10/08 02:04:45.622, 2, 120 MHz, 3996 MHz, 182.47 W, 29
2026/10/08 02:04:45.622, 3, 120 MHz, 3996 MHz, 182.15 W, 29
2026/10/08 02:04:45.622, 4, 2032 MHz, 3996 MHz, 943.34 W, 53
2026/10/08 02:04:45.622, 5, 1305 MHz, 3996 MHz, 1088.28 W, 62
2026/10/08 02:04:45.622, 6, 120 MHz, 3996 MHz, 184.83 W, 29
2026/10/08 02:04:45.622, 7, 120 MHz, 3996 MHz, 184.59 W, 28
2026/10/08 02:04:45.723, 0, 120 MHz, 3996 MHz, 184.47 W, 33
2026/10/08 02:04:45.723, 1, 120 MHz, 3996 MHz, 186.29 W, 36
2026/10/08 02:04:45.723, 2, 120 MHz, 3996 MHz, 182.44 W, 29
2026/10/08 02:04:45.723, 3, 120 MHz, 3996 MHz, 182.15 W, 29
2026/10/08 02:04:45.723, 4, 1410 MHz, 3996 MHz, 945.00 W, 52
2026/10/08 02:04:45.723, 5, 1297 MHz, 3996 MHz, 1090.27 W, 62
2026/10/08 02:04:45.723, 6, 120 MHz, 3996 MHz, 184.83 W, 29
2026/10/08 02:04:45.723, 7, 120 MHz, 3996 MHz, 184.59 W, 28
2026/10/08 02:04:45.823, 0, 120 MHz, 3996 MHz, 184.47 W, 33
2026/10/08 02:04:45.823, 1, 120 MHz, 3996 MHz, 186.29 W, 36
2026/10/08 02:04:45.823, 2, 120 MHz, 3996 MHz, 182.43 W, 29
2026/10/08 02:04:45.823, 3, 120 MHz, 3996 MHz, 182.15 W, 29
2026/10/08 02:04:45.823, 4, 1305 MHz, 3996 MHz, 950.41 W, 62
2026/10/08 02:04:45.823, 5, 1410 MHz, 3996 MHz, 1088.97 W, 63
2026/10/08 02:04:45.823, 6, 120 MHz, 3996 MHz, 184.83 W, 29
2026/10/08 02:04:45.823, 7, 120 MHz, 3996 MHz, 184.59 W, 28
2026/10/08 02:04:45.923, 0, 120 MHz, 3996 MHz, 184.47 W, 33
2026/10/08 02:04:45.923, 1, 120 MHz, 3996 MHz, 186.29 W, 36
2026/10/08 02:04:45.923, 2, 120 MHz, 3996 MHz, 182.48 W, 29
2026/10/08 02:04:45.923, 3, 120 MHz, 3996 MHz, 182.15 W, 29
2026/10/08 02:04:45.923, 4, 1327 MHz, 3996 MHz, 952.60 W, 63
2026/10/08 02:04:45.923, 5, 1305 MHz, 3996 MHz, 1089.43 W, 62
2026/10/08 02:04:45.923, 6, 120 MHz, 3996 MHz, 184.83 W, 29
2026/10/08 02:04:45.923, 7, 120 MHz, 3996 MHz, 184.59 W, 28
2026/10/08 02:04:46.023, 0, 120 MHz, 3996 MHz, 184.47 W, 33
2026/10/08 02:04:46.023, 1, 120 MHz, 3996 MHz, 186.29 W, 36
2026/10/08 02:04:46.023, 2, 120 MHz, 3996 MHz, 182.47 W, 29
2026/10/08 02:04:46.023, 3, 120 MHz, 3996 MHz, 182.15 W, 29
2026/10/08 02:04:46.023, 4, 1297 MHz, 3996 MHz, 959.51 W, 63
2026/10/08 02:04:46.023, 5, 1320 MHz, 3996 MHz, 1088.80 W, 62
2026/10/08 02:04:46.023, 6, 120 MHz, 3996 MHz, 184.83 W, 29
2026/10/08 02:04:46.023, 7, 120 MHz, 3996 MHz, 184.59 W, 28
2026/10/08 02:04:46.124, 0, 120 MHz, 3996 MHz, 184.47 W, 33
2026/10/08 02:04:46.124, 1, 120 MHz, 3996 MHz, 186.29 W, 36
2026/10/08 02:04:46.124, 2, 120 MHz, 3996 MHz, 182.44 W, 29
2026/10/08 02:04:46.124, 3, 120 MHz, 3996 MHz, 182.15 W, 29
2026/10/08 02:04:46.124, 4, 1230 MHz, 3996 MHz, 953.80 W, 63
2026/10/08 02:04:46.124, 5, 1305 MHz, 3996 MHz, 1087.08 W, 62
2026/10/08 02:04:46.124, 6, 120 MHz, 3996 MHz, 184.83 W, 29
2026/10/08 02:04:46.124, 7, 120 MHz, 3996 MHz, 184.59 W, 28
2026/10/08 02:04:46.224, 0, 120 MHz, 3996 MHz, 184.47 W, 33
2026/10/08 02:04:46.224, 1, 120 MHz, 3996 MHz, 186.29 W, 36
2026/10/08 02:04:46.224, 2, 120 MHz, 3996 MHz, 182.40 W, 29
2026/10/08 02:04:46.224, 3, 120 MHz, 3996 MHz, 182.15 W, 29
2026/10/08 02:04:46.224, 4, 1305 MHz, 3996 MHz, 951.97 W, 63
2026/10/08 02:04:46.224, 5, 1305 MHz, 3996 MHz, 1086.04 W, 62
2026/10/08 02:04:46.224, 6, 120 MHz, 3996 MHz, 184.83 W, 29
2026/10/08 02:04:46.224, 7, 120 MHz, 3996 MHz, 184.60 W, 28
2026/10/08 02:04:46.324, 0, 120 MHz, 3996 MHz, 184.47 W, 33
2026/10/08 02:04:46.324, 1, 120 MHz, 3996 MHz, 186.29 W, 36
2026/10/08 02:04:46.324, 2, 120 MHz, 3996 MHz, 182.36 W, 29
2026/10/08 02:04:46.324, 3, 120 MHz, 3996 MHz, 182.15 W, 29
2026/10/08 02:04:46.324, 4, 1267 MHz, 3996 MHz, 961.40 W, 64
2026/10/08 02:04:46.324, 5, 1350 MHz, 3996 MHz, 1081.62 W, 63
2026/10/08 02:04:46.324, 6, 120 MHz, 3996 MHz, 184.83 W, 29
2026/10/08 02:04:46.324, 7, 120 MHz, 3996 MHz, 184.60 W, 28
2026/10/08 02:04:46.424, 0, 120 MHz, 3996 MHz, 184.47 W, 33
2026/10/08 02:04:46.424, 1, 120 MHz, 3996 MHz, 186.29 W, 36
2026/10/08 02:04:46.424, 2, 120 MHz, 3996 MHz, 182.36 W, 29
2026/10/08 02:04:46.424, 3, 120 MHz, 3996 MHz, 182.15 W, 29
2026/10/08 02:04:46.424, 4, 1267 MHz, 3996 MHz, 958.16 W, 64
2026/10/08 02:04:46.424, 5, 1297 MHz, 3996 MHz, 1083.65 W, 63
2026/10/08 02:04:46.424, 6, 120 MHz, 3996 MHz, 184.83 W, 29
2026/10/08 02:04:46.424, 7, 120 MHz, 3996 MHz, 184.60 W, 28
2026/10/08 02:04:46.524, 0, 120 MHz, 3996 MHz, 184.47 W, 33
2026/10/08 02:04:46.525, 1, 120 MHz, 3996 MHz, 186.29 W, 36
2026/10/08 02:04:46.525, 2, 120 MHz, 3996 MHz, 182.28 W, 29
2026/10/08 02:04:46.525, 3, 120 MHz, 3996 MHz, 182.15 W, 29
2026/10/08 02:04:46.525, 4, 1267 MHz, 3996 MHz, 1020.07 W, 64
2026/10/08 02:04:46.525, 5, 1320 MHz, 3996 MHz, 1083.34 W, 63
2026/10/08 02:04:46.525, 6, 120 MHz, 3996 MHz, 184.83 W, 29
2026/10/08 02:04:46.525, 7, 120 MHz, 3996 MHz, 184.60 W, 28
2026/10/08 02:04:46.625, 0, 120 MHz, 3996 MHz, 184.47 W, 33
2026/10/08 02:04:46.625, 1, 120 MHz, 3996 MHz, 186.29 W, 36
2026/10/08 02:04:46.625, 2, 120 MHz, 3996 MHz, 182.28 W, 29
2026/10/08 02:04:46.625, 3, 120 MHz, 3996 MHz, 182.15 W, 29
2026/10/08 02:04:46.625, 4, 1260 MHz, 3996 MHz, 1080.81 W, 63
2026/10/08 02:04:46.625, 5, 1320 MHz, 3996 MHz, 1083.58 W, 63
2026/10/08 02:04:46.625, 6, 120 MHz, 3996 MHz, 184.83 W, 29
2026/10/08 02:04:46.625, 7, 120 MHz, 3996 MHz, 184.61 W, 28
2026/10/08 02:04:46.725, 0, 120 MHz, 3996 MHz, 184.47 W, 33
2026/10/08 02:04:46.725, 1, 120 MHz, 3996 MHz, 186.29 W, 36
2026/10/08 02:04:46.725, 2, 120 MHz, 3996 MHz, 182.29 W, 29
2026/10/08 02:04:46.725, 3, 120 MHz, 3996 MHz, 182.15 W, 29
2026/10/08 02:04:46.725, 4, 1282 MHz, 3996 MHz, 1094.95 W, 64
2026/10/08 02:04:46.725, 5, 1297 MHz, 3996 MHz, 1084.18 W, 63
2026/10/08 02:04:46.725, 6, 120 MHz, 3996 MHz, 184.83 W, 29
2026/10/08 02:04:46.725, 7, 120 MHz, 3996 MHz, 184.61 W, 28
2026/10/08 02:04:46.825, 0, 120 MHz, 3996 MHz, 184.47 W, 33
2026/10/08 02:04:46.825, 1, 120 MHz, 3996 MHz, 186.29 W, 36
2026/10/08 02:04:46.825, 2, 120 MHz, 3996 MHz, 182.29 W, 29
2026/10/08 02:04:46.825, 3, 120 MHz, 3996 MHz, 182.15 W, 29
2026/10/08 02:04:46.825, 4, 1275 MHz, 3996 MHz, 1091.76 W, 65
2026/10/08 02:04:46.825, 5, 1500 MHz, 3996 MHz, 1083.29 W, 63
2026/10/08 02:04:46.825, 6, 120 MHz, 3996 MHz, 184.83 W, 29
2026/10/08 02:04:46.825, 7, 120 MHz, 3996 MHz, 184.61 W, 28
2026/10/08 02:04:46.926, 0, 120 MHz, 3996 MHz, 184.47 W, 33
2026/10/08 02:04:46.926, 1, 120 MHz, 3996 MHz, 186.29 W, 36
2026/10/08 02:04:46.926, 2, 120 MHz, 3996 MHz, 182.28 W, 29
2026/10/08 02:04:46.926, 3, 120 MHz, 3996 MHz, 182.15 W, 29
2026/10/08 02:04:46.926, 4, 1267 MHz, 3996 MHz, 1086.70 W, 64
2026/10/08 02:04:46.926, 5, 1275 MHz, 3996 MHz, 1088.29 W, 63
2026/10/08 02:04:46.926, 6, 120 MHz, 3996 MHz, 184.83 W, 29
2026/10/08 02:04:46.926, 7, 120 MHz, 3996 MHz, 184.61 W, 28
2026/10/08 02:04:47.026, 0, 120 MHz, 3996 MHz, 184.47 W, 33
2026/10/08 02:04:47.026, 1, 120 MHz, 3996 MHz, 186.29 W, 36
2026/10/08 02:04:47.026, 2, 120 MHz, 3996 MHz, 182.28 W, 29
2026/10/08 02:04:47.026, 3, 120 MHz, 3996 MHz, 182.15 W, 29
2026/10/08 02:04:47.026, 4, 1305 MHz, 3996 MHz, 1081.49 W, 64
2026/10/08 02:04:47.026, 5, 2032 MHz, 3996 MHz, 1021.00 W, 61
2026/10/08 02:04:47.026, 6, 120 MHz, 3996 MHz, 184.83 W, 29
2026/10/08 02:04:47.026, 7, 120 MHz, 3996 MHz, 184.62 W, 28
2026/10/08 02:04:47.126, 0, 120 MHz, 3996 MHz, 184.47 W, 33
2026/10/08 02:04:47.126, 1, 120 MHz, 3996 MHz, 186.29 W, 36
2026/10/08 02:04:47.126, 2, 120 MHz, 3996 MHz, 182.25 W, 29
2026/10/08 02:04:47.126, 3, 120 MHz, 3996 MHz, 182.15 W, 29
2026/10/08 02:04:47.126, 4, 1282 MHz, 3996 MHz, 1084.89 W, 64
2026/10/08 02:04:47.126, 5, 2032 MHz, 3996 MHz, 956.33 W, 53
2026/10/08 02:04:47.126, 6, 120 MHz, 3996 MHz, 184.83 W, 29
2026/10/08 02:04:47.126, 7, 120 MHz, 3996 MHz, 184.61 W, 28
2026/10/08 02:04:47.226, 0, 120 MHz, 3996 MHz, 184.47 W, 33
2026/10/08 02:04:47.226, 1, 120 MHz, 3996 MHz, 186.29 W, 36
2026/10/08 02:04:47.226, 2, 120 MHz, 3996 MHz, 182.25 W, 29
2026/10/08 02:04:47.226, 3, 120 MHz, 3996 MHz, 182.11 W, 29
2026/10/08 02:04:47.226, 4, 1267 MHz, 3996 MHz, 1085.83 W, 64
2026/10/08 02:04:47.226, 5, 2032 MHz, 3996 MHz, 872.78 W, 51
2026/10/08 02:04:47.226, 6, 120 MHz, 3996 MHz, 184.83 W, 29
2026/10/08 02:04:47.226, 7, 120 MHz, 3996 MHz, 184.61 W, 28
2026/10/08 02:04:47.327, 0, 120 MHz, 3996 MHz, 184.47 W, 33
2026/10/08 02:04:47.327, 1, 120 MHz, 3996 MHz, 186.29 W, 36
2026/10/08 02:04:47.327, 2, 120 MHz, 3996 MHz, 182.24 W, 29
2026/10/08 02:04:47.327, 3, 120 MHz, 3996 MHz, 182.12 W, 29
2026/10/08 02:04:47.327, 4, 1282 MHz, 3996 MHz, 1086.74 W, 65
2026/10/08 02:04:47.327, 5, 2032 MHz, 3996 MHz, 792.42 W, 49
2026/10/08 02:04:47.327, 6, 120 MHz, 3996 MHz, 184.83 W, 29
2026/10/08 02:04:47.327, 7, 120 MHz, 3996 MHz, 184.62 W, 28
2026/10/08 02:04:47.427, 0, 120 MHz, 3996 MHz, 184.47 W, 33
2026/10/08 02:04:47.427, 1, 120 MHz, 3996 MHz, 186.29 W, 36
2026/10/08 02:04:47.427, 2, 120 MHz, 3996 MHz, 182.21 W, 29
2026/10/08 02:04:47.427, 3, 120 MHz, 3996 MHz, 182.12 W, 29
2026/10/08 02:04:47.427, 4, 1290 MHz, 3996 MHz, 1087.06 W, 65
2026/10/08 02:04:47.427, 5, 2032 MHz, 3996 MHz, 713.87 W, 48
2026/10/08 02:04:47.427, 6, 120 MHz, 3996 MHz, 184.83 W, 29
2026/10/08 02:04:47.427, 7, 120 MHz, 3996 MHz, 184.61 W, 28
2026/10/08 02:04:47.527, 0, 120 MHz, 3996 MHz, 184.47 W, 33
2026/10/08 02:04:47.527, 1, 120 MHz, 3996 MHz, 186.29 W, 36
2026/10/08 02:04:47.527, 2, 120 MHz, 3996 MHz, 182.21 W, 29
2026/10/08 02:04:47.527, 3, 120 MHz, 3996 MHz, 182.12 W, 29
2026/10/08 02:04:47.527, 4, 1297 MHz, 3996 MHz, 1086.41 W, 64
2026/10/08 02:04:47.527, 5, 2032 MHz, 3996 MHz, 632.24 W, 48
2026/10/08 02:04:47.527, 6, 120 MHz, 3996 MHz, 184.83 W, 29
2026/10/08 02:04:47.527, 7, 120 MHz, 3996 MHz, 184.62 W, 28
2026/10/08 02:04:47.627, 0, 120 MHz, 3996 MHz, 184.47 W, 33
2026/10/08 02:04:47.627, 1, 120 MHz, 3996 MHz, 186.29 W, 36
2026/10/08 02:04:47.627, 2, 120 MHz, 3996 MHz, 182.17 W, 29
2026/10/08 02:04:47.627, 3, 120 MHz, 3996 MHz, 182.12 W, 29
2026/10/08 02:04:47.627, 4, 1297 MHz, 3996 MHz, 1088.09 W, 64
2026/10/08 02:04:47.627, 5, 2032 MHz, 3996 MHz, 549.83 W, 47
2026/10/08 02:04:47.627, 6, 120 MHz, 3996 MHz, 184.83 W, 29
2026/10/08 02:04:47.627, 7, 120 MHz, 3996 MHz, 184.60 W, 28
2026/10/08 02:04:47.728, 0, 120 MHz, 3996 MHz, 184.47 W, 33
2026/10/08 02:04:47.728, 1, 120 MHz, 3996 MHz, 186.29 W, 36
2026/10/08 02:04:47.728, 2, 120 MHz, 3996 MHz, 182.21 W, 29
2026/10/08 02:04:47.728, 3, 120 MHz, 3996 MHz, 182.12 W, 29
2026/10/08 02:04:47.728, 4, 1297 MHz, 3996 MHz, 1089.82 W, 64
2026/10/08 02:04:47.728, 5, 2032 MHz, 3996 MHz, 453.47 W, 46
2026/10/08 02:04:47.728, 6, 120 MHz, 3996 MHz, 184.83 W, 29
2026/10/08 02:04:47.728, 7, 120 MHz, 3996 MHz, 184.60 W, 28
2026/10/08 02:04:47.828, 0, 120 MHz, 3996 MHz, 184.47 W, 33
2026/10/08 02:04:47.828, 1, 120 MHz, 3996 MHz, 186.29 W, 36
2026/10/08 02:04:47.828, 2, 120 MHz, 3996 MHz, 182.21 W, 29
2026/10/08 02:04:47.828, 3, 120 MHz, 3996 MHz, 182.13 W, 29
2026/10/08 02:04:47.828, 4, 1282 MHz, 3996 MHz, 1091.82 W, 64
2026/10/08 02:04:47.828, 5, 2032 MHz, 3996 MHz, 385.63 W, 46
2026/10/08 02:04:47.828, 6, 120 MHz, 3996 MHz, 184.83 W, 29
2026/10/08 02:04:47.828, 7, 120 MHz, 3996 MHz, 184.60 W, 28
2026/10/08 02:04:47.928, 0, 120 MHz, 3996 MHz, 184.47 W, 33
2026/10/08 02:04:47.928, 1, 120 MHz, 3996 MHz, 186.29 W, 35
2026/10/08 02:04:47.928, 2, 120 MHz, 3996 MHz, 182.21 W, 29
2026/10/08 02:04:47.928, 3, 120 MHz, 3996 MHz, 182.12 W, 29
2026/10/08 02:04:47.928, 4, 1267 MHz, 3996 MHz, 1091.11 W, 65
2026/10/08 02:04:47.928, 5, 2032 MHz, 3996 MHz, 284.26 W, 46
2026/10/08 02:04:47.928, 6, 120 MHz, 3996 MHz, 184.83 W, 29
2026/10/08 02:04:47.928, 7, 120 MHz, 3996 MHz, 184.60 W, 28
2026/10/08 02:04:48.028, 0, 120 MHz, 3996 MHz, 184.47 W, 33
2026/10/08 02:04:48.028, 1, 120 MHz, 3996 MHz, 186.29 W, 36
2026/10/08 02:04:48.028, 2, 120 MHz, 3996 MHz, 182.21 W, 29
2026/10/08 02:04:48.028, 3, 120 MHz, 3996 MHz, 182.12 W, 29
2026/10/08 02:04:48.028, 4, 1305 MHz, 3996 MHz, 1092.22 W, 65
2026/10/08 02:04:48.028, 5, 2032 MHz, 3996 MHz, 269.02 W, 45
2026/10/08 02:04:48.028, 6, 120 MHz, 3996 MHz, 184.83 W, 29
2026/10/08 02:04:48.028, 7, 120 MHz, 3996 MHz, 184.60 W, 28
2026/10/08 02:04:48.129, 0, 120 MHz, 3996 MHz, 184.47 W, 33
2026/10/08 02:04:48.129, 1, 120 MHz, 3996 MHz, 186.29 W, 35
2026/10/08 02:04:48.129, 2, 120 MHz, 3996 MHz, 182.21 W, 29
2026/10/08 02:04:48.129, 3, 120 MHz, 3996 MHz, 182.12 W, 29
2026/10/08 02:04:48.129, 4, 1305 MHz, 3996 MHz, 1092.83 W, 65
2026/10/08 02:04:48.129, 5, 2032 MHz, 3996 MHz, 247.34 W, 45
2026/10/08 02:04:48.129, 6, 120 MHz, 3996 MHz, 184.87 W, 29
2026/10/08 02:04:48.129, 7, 120 MHz, 3996 MHz, 184.60 W, 28
2026/10/08 02:04:48.229, 0, 120 MHz, 3996 MHz, 184.47 W, 33
2026/10/08 02:04:48.229, 1, 120 MHz, 3996 MHz, 186.29 W, 35
2026/10/08 02:04:48.229, 2, 120 MHz, 3996 MHz, 182.25 W, 29
2026/10/08 02:04:48.229, 3, 120 MHz, 3996 MHz, 182.16 W, 29
2026/10/08 02:04:48.229, 4, 1275 MHz, 3996 MHz, 1089.10 W, 65
2026/10/08 02:04:48.229, 5, 2032 MHz, 3996 MHz, 245.67 W, 45
2026/10/08 02:04:48.229, 6, 120 MHz, 3996 MHz, 184.87 W, 29
2026/10/08 02:04:48.229, 7, 120 MHz, 3996 MHz, 184.60 W, 28
2026/10/08 02:04:48.329, 0, 120 MHz, 3996 MHz, 184.47 W, 33
2026/10/08 02:04:48.329, 1, 120 MHz, 3996 MHz, 186.29 W, 36
2026/10/08 02:04:48.329, 2, 120 MHz, 3996 MHz, 182.25 W, 29
2026/10/08 02:04:48.329, 3, 120 MHz, 3996 MHz, 182.16 W, 29
2026/10/08 02:04:48.329, 4, 1447 MHz, 3996 MHz, 1087.32 W, 64
2026/10/08 02:04:48.329, 5, 2032 MHz, 3996 MHz, 245.16 W, 45
2026/10/08 02:04:48.329, 6, 120 MHz, 3996 MHz, 184.87 W, 29
2026/10/08 02:04:48.329, 7, 120 MHz, 3996 MHz, 184.60 W, 28
2026/10/08 02:04:48.429, 0, 120 MHz, 3996 MHz, 184.47 W, 33
2026/10/08 02:04:48.429, 1, 120 MHz, 3996 MHz, 186.29 W, 35
2026/10/08 02:04:48.429, 2, 120 MHz, 3996 MHz, 182.25 W, 29
2026/10/08 02:04:48.429, 3, 120 MHz, 3996 MHz, 182.15 W, 29
2026/10/08 02:04:48.429, 4, 1680 MHz, 3996 MHz, 1047.75 W, 64
2026/10/08 02:04:48.429, 5, 2032 MHz, 3996 MHz, 244.94 W, 45
2026/10/08 02:04:48.430, 6, 120 MHz, 3996 MHz, 184.87 W, 29
2026/10/08 02:04:48.430, 7, 120 MHz, 3996 MHz, 184.60 W, 28
2026/10/08 02:04:48.530, 0, 120 MHz, 3996 MHz, 184.47 W, 33
2026/10/08 02:04:48.530, 1, 120 MHz, 3996 MHz, 186.29 W, 36
2026/10/08 02:04:48.530, 2, 120 MHz, 3996 MHz, 182.29 W, 29
2026/10/08 02:04:48.530, 3, 120 MHz, 3996 MHz, 182.15 W, 29
2026/10/08 02:04:48.530, 4, 2032 MHz, 3996 MHz, 980.81 W, 55
2026/10/08 02:04:48.530, 5, 2032 MHz, 3996 MHz, 244.62 W, 45
2026/10/08 02:04:48.530, 6, 120 MHz, 3996 MHz, 184.87 W, 29
2026/10/08 02:04:48.530, 7, 120 MHz, 3996 MHz, 184.59 W, 28
2026/10/08 02:04:48.630, 0, 120 MHz, 3996 MHz, 184.47 W, 33
2026/10/08 02:04:48.630, 1, 120 MHz, 3996 MHz, 186.29 W, 35
2026/10/08 02:04:48.630, 2, 120 MHz, 3996 MHz, 182.36 W, 29
2026/10/08 02:04:48.630, 3, 120 MHz, 3996 MHz, 182.14 W, 29
2026/10/08 02:04:48.630, 4, 2032 MHz, 3996 MHz, 900.28 W, 54
2026/10/08 02:04:48.630, 5, 2032 MHz, 3996 MHz, 244.43 W, 45
2026/10/08 02:04:48.630, 6, 120 MHz, 3996 MHz, 184.87 W, 29
2026/10/08 02:04:48.630, 7, 120 MHz, 3996 MHz, 184.60 W, 28
2026/10/08 02:04:48.730, 0, 120 MHz, 3996 MHz, 184.47 W, 33
2026/10/08 02:04:48.730, 1, 120 MHz, 3996 MHz, 186.29 W, 35
2026/10/08 02:04:48.730, 2, 120 MHz, 3996 MHz, 182.32 W, 29
2026/10/08 02:04:48.730, 3, 120 MHz, 3996 MHz, 182.14 W, 29
2026/10/08 02:04:48.730, 4, 2032 MHz, 3996 MHz, 819.49 W, 52
2026/10/08 02:04:48.730, 5, 2032 MHz, 3996 MHz, 244.36 W, 44
2026/10/08 02:04:48.730, 6, 120 MHz, 3996 MHz, 184.87 W, 29
2026/10/08 02:04:48.730, 7, 120 MHz, 3996 MHz, 184.60 W, 28
2026/10/08 02:04:48.830, 0, 120 MHz, 3996 MHz, 184.47 W, 33
2026/10/08 02:04:48.830, 1, 120 MHz, 3996 MHz, 186.29 W, 35
2026/10/08 02:04:48.830, 2, 120 MHz, 3996 MHz, 182.32 W, 29
2026/10/08 02:04:48.831, 3, 120 MHz, 3996 MHz, 182.14 W, 29
2026/10/08 02:04:48.831, 4, 2032 MHz, 3996 MHz, 733.50 W, 50
2026/10/08 02:04:48.831, 5, 2032 MHz, 3996 MHz, 244.32 W, 44
2026/10/08 02:04:48.831, 6, 120 MHz, 3996 MHz, 184.87 W, 29
2026/10/08 02:04:48.831, 7, 120 MHz, 3996 MHz, 184.59 W, 28
2026/10/08 02:04:48.931, 0, 120 MHz, 3996 MHz, 184.47 W, 33
2026/10/08 02:04:48.931, 1, 120 MHz, 3996 MHz, 186.29 W, 35
2026/10/08 02:04:48.931, 2, 120 MHz, 3996 MHz, 182.29 W, 29
2026/10/08 02:04:48.931, 3, 120 MHz, 3996 MHz, 182.14 W, 29
2026/10/08 02:04:48.931, 4, 2032 MHz, 3996 MHz, 650.90 W, 50
2026/10/08 02:04:48.931, 5, 2032 MHz, 3996 MHz, 244.22 W, 44
2026/10/08 02:04:48.931, 6, 120 MHz, 3996 MHz, 184.87 W, 29
2026/10/08 02:04:48.931, 7, 120 MHz, 3996 MHz, 184.59 W, 28
2026/10/08 02:04:49.031, 0, 120 MHz, 3996 MHz, 184.47 W, 33
2026/10/08 02:04:49.031, 1, 120 MHz, 3996 MHz, 186.29 W, 35
2026/10/08 02:04:49.031, 2, 120 MHz, 3996 MHz, 182.28 W, 29
2026/10/08 02:04:49.031, 3, 120 MHz, 3996 MHz, 182.14 W, 29
2026/10/08 02:04:49.031, 4, 2032 MHz, 3996 MHz, 567.01 W, 49
2026/10/08 02:04:49.031, 5, 2032 MHz, 3996 MHz, 244.26 W, 44
2026/10/08 02:04:49.031, 6, 120 MHz, 3996 MHz, 184.87 W, 29
2026/10/08 02:04:49.031, 7, 120 MHz, 3996 MHz, 184.60 W, 28
2026/10/08 02:04:49.131, 0, 120 MHz, 3996 MHz, 184.47 W, 33
2026/10/08 02:04:49.131, 1, 120 MHz, 3996 MHz, 186.29 W, 35
2026/10/08 02:04:49.131, 2, 120 MHz, 3996 MHz, 182.28 W, 29
2026/10/08 02:04:49.131, 3, 120 MHz, 3996 MHz, 182.14 W, 29
2026/10/08 02:04:49.131, 4, 2032 MHz, 3996 MHz, 493.95 W, 48
2026/10/08 02:04:49.131, 5, 2032 MHz, 3996 MHz, 244.21 W, 44
2026/10/08 02:04:49.131, 6, 120 MHz, 3996 MHz, 184.83 W, 29
2026/10/08 02:04:49.131, 7, 120 MHz, 3996 MHz, 184.60 W, 28
2026/10/08 02:04:49.231, 0, 120 MHz, 3996 MHz, 184.47 W, 33
2026/10/08 02:04:49.231, 1, 120 MHz, 3996 MHz, 186.29 W, 35
2026/10/08 02:04:49.231, 2, 120 MHz, 3996 MHz, 182.24 W, 29
2026/10/08 02:04:49.231, 3, 120 MHz, 3996 MHz, 182.14 W, 29
2026/10/08 02:04:49.231, 4, 2032 MHz, 3996 MHz, 404.11 W, 48
2026/10/08 02:04:49.231, 5, 2032 MHz, 3996 MHz, 244.18 W, 44
2026/10/08 02:04:49.231, 6, 120 MHz, 3996 MHz, 184.83 W, 29
2026/10/08 02:04:49.231, 7, 120 MHz, 3996 MHz, 184.60 W, 28
2026/10/08 02:04:49.332, 0, 120 MHz, 3996 MHz, 184.47 W, 33
2026/10/08 02:04:49.332, 1, 120 MHz, 3996 MHz, 186.29 W, 35
2026/10/08 02:04:49.332, 2, 120 MHz, 3996 MHz, 182.25 W, 29
2026/10/08 02:04:49.332, 3, 120 MHz, 3996 MHz, 182.14 W, 29
2026/10/08 02:04:49.332, 4, 2032 MHz, 3996 MHz, 320.61 W, 48
2026/10/08 02:04:49.332, 5, 2032 MHz, 3996 MHz, 244.31 W, 44
2026/10/08 02:04:49.332, 6, 120 MHz, 3996 MHz, 184.83 W, 29
2026/10/08 02:04:49.332, 7, 120 MHz, 3996 MHz, 184.60 W, 28
2026/10/08 02:04:49.432, 0, 120 MHz, 3996 MHz, 184.47 W, 33
2026/10/08 02:04:49.432, 1, 120 MHz, 3996 MHz, 186.29 W, 35
2026/10/08 02:04:49.432, 2, 120 MHz, 3996 MHz, 182.24 W, 29
2026/10/08 02:04:49.432, 3, 120 MHz, 3996 MHz, 182.14 W, 29
2026/10/08 02:04:49.432, 4, 2032 MHz, 3996 MHz, 278.47 W, 47
2026/10/08 02:04:49.432, 5, 2032 MHz, 3996 MHz, 244.19 W, 44
2026/10/08 02:04:49.432, 6, 120 MHz, 3996 MHz, 184.83 W, 29
2026/10/08 02:04:49.432, 7, 120 MHz, 3996 MHz, 184.60 W, 28
2026/10/08 02:04:49.532, 0, 120 MHz, 3996 MHz, 184.47 W, 33
2026/10/08 02:04:49.532, 1, 120 MHz, 3996 MHz, 186.29 W, 35
2026/10/08 02:04:49.532, 2, 120 MHz, 3996 MHz, 182.21 W, 29
2026/10/08 02:04:49.532, 3, 120 MHz, 3996 MHz, 182.13 W, 29
2026/10/08 02:04:49.532, 4, 2032 MHz, 3996 MHz, 272.47 W, 47
2026/10/08 02:04:49.532, 5, 2032 MHz, 3996 MHz, 244.26 W, 44
2026/10/08 02:04:49.532, 6, 120 MHz, 3996 MHz, 184.83 W, 29
2026/10/08 02:04:49.532, 7, 120 MHz, 3996 MHz, 184.60 W, 28
2026/10/08 02:04:49.632, 0, 120 MHz, 3996 MHz, 184.47 W, 33
2026/10/08 02:04:49.632, 1, 120 MHz, 3996 MHz, 186.29 W, 35
2026/10/08 02:04:49.632, 2, 120 MHz, 3996 MHz, 182.17 W, 29
2026/10/08 02:04:49.632, 3, 120 MHz, 3996 MHz, 182.13 W, 29
2026/10/08 02:04:49.632, 4, 2032 MHz, 3996 MHz, 254.33 W, 47
2026/10/08 02:04:49.632, 5, 2032 MHz, 3996 MHz, 244.26 W, 44
2026/10/08 02:04:49.632, 6, 120 MHz, 3996 MHz, 184.83 W, 29
2026/10/08 02:04:49.632, 7, 120 MHz, 3996 MHz, 184.60 W, 28
2026/10/08 02:04:49.733, 0, 120 MHz, 3996 MHz, 184.47 W, 33
2026/10/08 02:04:49.733, 1, 120 MHz, 3996 MHz, 186.29 W, 35
2026/10/08 02:04:49.733, 2, 120 MHz, 3996 MHz, 182.17 W, 29
2026/10/08 02:04:49.733, 3, 120 MHz, 3996 MHz, 182.14 W, 29
2026/10/08 02:04:49.733, 4, 2032 MHz, 3996 MHz, 253.80 W, 47
2026/10/08 02:04:49.733, 5, 2032 MHz, 3996 MHz, 244.21 W, 44
2026/10/08 02:04:49.733, 6, 120 MHz, 3996 MHz, 184.83 W, 29
2026/10/08 02:04:49.733, 7, 120 MHz, 3996 MHz, 184.60 W, 28
2026/10/08 02:04:49.833, 0, 120 MHz, 3996 MHz, 184.47 W, 33
2026/10/08 02:04:49.833, 1, 120 MHz, 3996 MHz, 186.29 W, 35
2026/10/08 02:04:49.833, 2, 120 MHz, 3996 MHz, 182.17 W, 29
2026/10/08 02:04:49.833, 3, 120 MHz, 3996 MHz, 182.14 W, 29
2026/10/08 02:04:49.833, 4, 2032 MHz, 3996 MHz, 253.42 W, 47
2026/10/08 02:04:49.833, 5, 2032 MHz, 3996 MHz, 244.18 W, 44
2026/10/08 02:04:49.833, 6, 120 MHz, 3996 MHz, 184.83 W, 29
2026/10/08 02:04:49.833, 7, 120 MHz, 3996 MHz, 184.60 W, 28
2026/10/08 02:04:49.933, 0, 120 MHz, 3996 MHz, 184.47 W, 33
2026/10/08 02:04:49.933, 1, 120 MHz, 3996 MHz, 186.29 W, 35
2026/10/08 02:04:49.933, 2, 120 MHz, 3996 MHz, 182.17 W, 29
2026/10/08 02:04:49.933, 3, 120 MHz, 3996 MHz, 182.14 W, 29
2026/10/08 02:04:49.933, 4, 2032 MHz, 3996 MHz, 253.15 W, 47
2026/10/08 02:04:49.933, 5, 2032 MHz, 3996 MHz, 244.18 W, 44
2026/10/08 02:04:49.933, 6, 120 MHz, 3996 MHz, 184.83 W, 29
2026/10/08 02:04:49.933, 7, 120 MHz, 3996 MHz, 184.60 W, 28
2026/10/08 02:04:50.033, 0, 120 MHz, 3996 MHz, 184.47 W, 33
2026/10/08 02:04:50.033, 1, 120 MHz, 3996 MHz, 186.29 W, 35
2026/10/08 02:04:50.033, 2, 120 MHz, 3996 MHz, 182.24 W, 29
2026/10/08 02:04:50.033, 3, 120 MHz, 3996 MHz, 182.15 W, 29
2026/10/08 02:04:50.033, 4, 2032 MHz, 3996 MHz, 253.00 W, 46
2026/10/08 02:04:50.033, 5, 2032 MHz, 3996 MHz, 244.19 W, 44
2026/10/08 02:04:50.033, 6, 120 MHz, 3996 MHz, 184.83 W, 29
2026/10/08 02:04:50.033, 7, 120 MHz, 3996 MHz, 184.60 W, 28
2026/10/08 02:04:50.134, 0, 120 MHz, 3996 MHz, 184.47 W, 33
2026/10/08 02:04:50.134, 1, 120 MHz, 3996 MHz, 186.29 W, 35
2026/10/08 02:04:50.134, 2, 120 MHz, 3996 MHz, 182.25 W, 29
2026/10/08 02:04:50.134, 3, 120 MHz, 3996 MHz, 182.15 W, 29
2026/10/08 02:04:50.134, 4, 2032 MHz, 3996 MHz, 252.72 W, 46
2026/10/08 02:04:50.134, 5, 2032 MHz, 3996 MHz, 247.52 W, 44
2026/10/08 02:04:50.134, 6, 120 MHz, 3996 MHz, 184.83 W, 29
2026/10/08 02:04:50.134, 7, 120 MHz, 3996 MHz, 184.60 W, 28
2026/10/08 02:04:50.234, 0, 120 MHz, 3996 MHz, 184.47 W, 33
2026/10/08 02:04:50.234, 1, 120 MHz, 3996 MHz, 186.29 W, 35
2026/10/08 02:04:50.234, 2, 120 MHz, 3996 MHz, 182.25 W, 29
2026/10/08 02:04:50.234, 3, 120 MHz, 3996 MHz, 182.15 W, 29
2026/10/08 02:04:50.234, 4, 2032 MHz, 3996 MHz, 252.52 W, 46
2026/10/08 02:04:50.234, 5, 2032 MHz, 3996 MHz, 254.59 W, 44
2026/10/08 02:04:50.234, 6, 120 MHz, 3996 MHz, 184.83 W, 29
2026/10/08 02:04:50.234, 7, 120 MHz, 3996 MHz, 184.60 W, 28
2026/10/08 02:04:50.334, 0, 120 MHz, 3996 MHz, 184.47 W, 33
2026/10/08 02:04:50.334, 1, 120 MHz, 3996 MHz, 186.29 W, 35
2026/10/08 02:04:50.334, 2, 120 MHz, 3996 MHz, 182.24 W, 29
2026/10/08 02:04:50.334, 3, 120 MHz, 3996 MHz, 182.15 W, 29
2026/10/08 02:04:50.334, 4, 2032 MHz, 3996 MHz, 252.31 W, 46
2026/10/08 02:04:50.334, 5, 2032 MHz, 3996 MHz, 255.95 W, 44
2026/10/08 02:04:50.334, 6, 120 MHz, 3996 MHz, 184.83 W, 29
2026/10/08 02:04:50.334, 7, 120 MHz, 3996 MHz, 184.61 W, 28
2026/10/08 02:04:50.434, 0, 120 MHz, 3996 MHz, 184.47 W, 33
2026/10/08 02:04:50.434, 1, 120 MHz, 3996 MHz, 186.29 W, 35
2026/10/08 02:04:50.434, 2, 120 MHz, 3996 MHz, 182.25 W, 29
2026/10/08 02:04:50.434, 3, 120 MHz, 3996 MHz, 182.15 W, 29
2026/10/08 02:04:50.434, 4, 2032 MHz, 3996 MHz, 252.12 W, 46
2026/10/08 02:04:50.434, 5, 2032 MHz, 3996 MHz, 256.03 W, 43
2026/10/08 02:04:50.434, 6, 120 MHz, 3996 MHz, 184.83 W, 29
2026/10/08 02:04:50.434, 7, 120 MHz, 3996 MHz, 184.61 W, 28
2026/10/08 02:04:50.535, 0, 120 MHz, 3996 MHz, 184.47 W, 33
2026/10/08 02:04:50.535, 1, 120 MHz, 3996 MHz, 186.29 W, 35
2026/10/08 02:04:50.535, 2, 120 MHz, 3996 MHz, 182.28 W, 29
2026/10/08 02:04:50.535, 3, 120 MHz, 3996 MHz, 182.16 W, 29
2026/10/08 02:04:50.535, 4, 2032 MHz, 3996 MHz, 252.09 W, 46
2026/10/08 02:04:50.535, 5, 2032 MHz, 3996 MHz, 256.23 W, 43
2026/10/08 02:04:50.535, 6, 120 MHz, 3996 MHz, 184.83 W, 29
2026/10/08 02:04:50.535, 7, 120 MHz, 3996 MHz, 184.61 W, 28
2026/10/08 02:04:50.635, 0, 120 MHz, 3996 MHz, 184.47 W, 33
2026/10/08 02:04:50.635, 1, 120 MHz, 3996 MHz, 186.29 W, 35
2026/10/08 02:04:50.635, 2, 120 MHz, 3996 MHz, 182.25 W, 29
2026/10/08 02:04:50.635, 3, 120 MHz, 3996 MHz, 182.16 W, 29
2026/10/08 02:04:50.635, 4, 2032 MHz, 3996 MHz, 252.09 W, 46
2026/10/08 02:04:50.635, 5, 2032 MHz, 3996 MHz, 256.19 W, 43
2026/10/08 02:04:50.635, 6, 120 MHz, 3996 MHz, 184.83 W, 29
2026/10/08 02:04:50.635, 7, 120 MHz, 3996 MHz, 184.61 W, 28
2026/10/08 02:04:50.735, 0, 120 MHz, 3996 MHz, 184.47 W, 33
2026/10/08 02:04:50.735, 1, 120 MHz, 3996 MHz, 186.29 W, 35
2026/10/08 02:04:50.735, 2, 120 MHz, 3996 MHz, 182.24 W, 29
2026/10/08 02:04:50.735, 3, 120 MHz, 3996 MHz, 182.16 W, 29
2026/10/08 02:04:50.735, 4, 2032 MHz, 3996 MHz, 252.09 W, 46
2026/10/08 02:04:50.735, 5, 2032 MHz, 3996 MHz, 255.96 W, 43
2026/10/08 02:04:50.735, 6, 120 MHz, 3996 MHz, 184.83 W, 29
2026/10/08 02:04:50.735, 7, 120 MHz, 3996 MHz, 184.61 W, 28
2026/10/08 02:04:50.835, 0, 120 MHz, 3996 MHz, 184.47 W, 33
2026/10/08 02:04:50.836, 1, 120 MHz, 3996 MHz, 186.29 W, 35
2026/10/08 02:04:50.836, 2, 120 MHz, 3996 MHz, 182.25 W, 29
2026/10/08 02:04:50.836, 3, 120 MHz, 3996 MHz, 182.16 W, 29
2026/10/08 02:04:50.836, 4, 2032 MHz, 3996 MHz, 252.09 W, 46
2026/10/08 02:04:50.836, 5, 2032 MHz, 3996 MHz, 256.11 W, 43
2026/10/08 02:04:50.836, 6, 120 MHz, 3996 MHz, 184.83 W, 29
2026/10/08 02:04:50.836, 7, 120 MHz, 3996 MHz, 184.61 W, 28
2026/10/08 02:04:50.936, 0, 120 MHz, 3996 MHz, 184.47 W, 33
2026/10/08 02:04:50.936, 1, 120 MHz, 3996 MHz, 186.29 W, 35
2026/10/08 02:04:50.936, 2, 120 MHz, 3996 MHz, 182.25 W, 29
2026/10/08 02:04:50.936, 3, 120 MHz, 3996 MHz, 182.16 W, 29
2026/10/08 02:04:50.936, 4, 2032 MHz, 3996 MHz, 252.09 W, 46
2026/10/08 02:04:50.936, 5, 2032 MHz, 3996 MHz, 256.11 W, 43
2026/10/08 02:04:50.936, 6, 120 MHz, 3996 MHz, 184.83 W, 29
2026/10/08 02:04:50.936, 7, 120 MHz, 3996 MHz, 184.61 W, 28
2026/10/08 02:04:51.036, 0, 120 MHz, 3996 MHz, 184.47 W, 33
2026/10/08 02:04:51.036, 1, 120 MHz, 3996 MHz, 186.29 W, 35
2026/10/08 02:04:51.036, 2, 120 MHz, 3996 MHz, 182.17 W, 29
2026/10/08 02:04:51.036, 3, 120 MHz, 3996 MHz, 182.15 W, 29
2026/10/08 02:04:51.036, 4, 2032 MHz, 3996 MHz, 252.05 W, 46
2026/10/08 02:04:51.036, 5, 2032 MHz, 3996 MHz, 255.84 W, 43
2026/10/08 02:04:51.036, 6, 120 MHz, 3996 MHz, 184.83 W, 29
2026/10/08 02:04:51.036, 7, 120 MHz, 3996 MHz, 184.61 W, 28
2026/10/08 02:04:51.136, 0, 120 MHz, 3996 MHz, 184.47 W, 33
2026/10/08 02:04:51.136, 1, 120 MHz, 3996 MHz, 186.29 W, 35
2026/10/08 02:04:51.136, 2, 120 MHz, 3996 MHz, 182.21 W, 29
2026/10/08 02:04:51.136, 3, 120 MHz, 3996 MHz, 182.15 W, 29
2026/10/08 02:04:51.136, 4, 2032 MHz, 3996 MHz, 252.05 W, 46
2026/10/08 02:04:51.136, 5, 2032 MHz, 3996 MHz, 252.66 W, 43
2026/10/08 02:04:51.136, 6, 120 MHz, 3996 MHz, 184.83 W, 29
2026/10/08 02:04:51.136, 7, 120 MHz, 3996 MHz, 184.60 W, 28
2026/10/08 02:04:51.236, 0, 120 MHz, 3996 MHz, 184.47 W, 33
2026/10/08 02:04:51.237, 1, 120 MHz, 3996 MHz, 186.29 W, 35
2026/10/08 02:04:51.237, 2, 120 MHz, 3996 MHz, 182.21 W, 29
2026/10/08 02:04:51.237, 3, 120 MHz, 3996 MHz, 182.15 W, 29
2026/10/08 02:04:51.237, 4, 2032 MHz, 3996 MHz, 252.07 W, 45
2026/10/08 02:04:51.237, 5, 2032 MHz, 3996 MHz, 245.62 W, 43
2026/10/08 02:04:51.237, 6, 120 MHz, 3996 MHz, 184.83 W, 29
2026/10/08 02:04:51.237, 7, 120 MHz, 3996 MHz, 184.60 W, 28
2026/10/08 02:04:51.337, 0, 120 MHz, 3996 MHz, 184.47 W, 33
2026/10/08 02:04:51.337, 1, 120 MHz, 3996 MHz, 186.29 W, 35
2026/10/08 02:04:51.337, 2, 120 MHz, 3996 MHz, 182.21 W, 29
2026/10/08 02:04:51.337, 3, 120 MHz, 3996 MHz, 182.15 W, 29
2026/10/08 02:04:51.337, 4, 2032 MHz, 3996 MHz, 252.66 W, 45
2026/10/08 02:04:51.337, 5, 2032 MHz, 3996 MHz, 243.90 W, 43
2026/10/08 02:04:51.337, 6, 120 MHz, 3996 MHz, 184.83 W, 29
2026/10/08 02:04:51.337, 7, 120 MHz, 3996 MHz, 184.60 W, 28
2026/10/08 02:04:51.437, 0, 120 MHz, 3996 MHz, 184.47 W, 33
2026/10/08 02:04:51.437, 1, 120 MHz, 3996 MHz, 186.29 W, 35
2026/10/08 02:04:51.437, 2, 120 MHz, 3996 MHz, 182.21 W, 29
2026/10/08 02:04:51.437, 3, 120 MHz, 3996 MHz, 182.15 W, 29
2026/10/08 02:04:51.437, 4, 2032 MHz, 3996 MHz, 259.50 W, 45
2026/10/08 02:04:51.437, 5, 2032 MHz, 3996 MHz, 243.75 W, 43
2026/10/08 02:04:51.437, 6, 120 MHz, 3996 MHz, 184.83 W, 29
2026/10/08 02:04:51.437, 7, 120 MHz, 3996 MHz, 184.60 W, 28
2026/10/08 02:04:51.537, 0, 120 MHz, 3996 MHz, 184.47 W, 33
2026/10/08 02:04:51.537, 1, 120 MHz, 3996 MHz, 186.29 W, 35
2026/10/08 02:04:51.537, 2, 120 MHz, 3996 MHz, 182.17 W, 29
2026/10/08 02:04:51.537, 3, 120 MHz, 3996 MHz, 182.11 W, 29
2026/10/08 02:04:51.537, 4, 2032 MHz, 3996 MHz, 263.92 W, 46
2026/10/08 02:04:51.537, 5, 2032 MHz, 3996 MHz, 243.65 W, 43
2026/10/08 02:04:51.537, 6, 120 MHz, 3996 MHz, 184.83 W, 29
2026/10/08 02:04:51.537, 7, 120 MHz, 3996 MHz, 184.60 W, 28
2026/10/08 02:04:51.638, 0, 120 MHz, 3996 MHz, 184.47 W, 33
2026/10/08 02:04:51.638, 1, 120 MHz, 3996 MHz, 186.29 W, 35
2026/10/08 02:04:51.638, 2, 120 MHz, 3996 MHz, 182.17 W, 29
2026/10/08 02:04:51.638, 3, 120 MHz, 3996 MHz, 182.11 W, 29
2026/10/08 02:04:51.638, 4, 2032 MHz, 3996 MHz, 263.92 W, 45
2026/10/08 02:04:51.638, 5, 2032 MHz, 3996 MHz, 243.58 W, 43
2026/10/08 02:04:51.638, 6, 120 MHz, 3996 MHz, 184.83 W, 29
2026/10/08 02:04:51.638, 7, 120 MHz, 3996 MHz, 184.60 W, 28
2026/10/08 02:04:51.738, 0, 120 MHz, 3996 MHz, 184.47 W, 33
2026/10/08 02:04:51.738, 1, 120 MHz, 3996 MHz, 186.29 W, 35
2026/10/08 02:04:51.738, 2, 120 MHz, 3996 MHz, 182.25 W, 29
2026/10/08 02:04:51.738, 3, 120 MHz, 3996 MHz, 182.11 W, 29
2026/10/08 02:04:51.738, 4, 2032 MHz, 3996 MHz, 263.94 W, 45
2026/10/08 02:04:51.738, 5, 2032 MHz, 3996 MHz, 243.45 W, 43
2026/10/08 02:04:51.738, 6, 120 MHz, 3996 MHz, 184.83 W, 29
2026/10/08 02:04:51.738, 7, 120 MHz, 3996 MHz, 184.60 W, 28
2026/10/08 02:04:51.838, 0, 120 MHz, 3996 MHz, 184.47 W, 33
2026/10/08 02:04:51.838, 1, 120 MHz, 3996 MHz, 186.29 W, 35
2026/10/08 02:04:51.838, 2, 120 MHz, 3996 MHz, 182.25 W, 29
2026/10/08 02:04:51.838, 3, 120 MHz, 3996 MHz, 182.12 W, 29
2026/10/08 02:04:51.838, 4, 2032 MHz, 3996 MHz, 263.93 W, 45
2026/10/08 02:04:51.838, 5, 2032 MHz, 3996 MHz, 243.43 W, 43
2026/10/08 02:04:51.838, 6, 120 MHz, 3996 MHz, 184.83 W, 29
2026/10/08 02:04:51.838, 7, 120 MHz, 3996 MHz, 184.60 W, 28
2026/10/08 02:04:51.938, 0, 120 MHz, 3996 MHz, 184.47 W, 33
2026/10/08 02:04:51.938, 1, 120 MHz, 3996 MHz, 186.29 W, 35
2026/10/08 02:04:51.938, 2, 120 MHz, 3996 MHz, 182.25 W, 29
2026/10/08 02:04:51.938, 3, 120 MHz, 3996 MHz, 182.12 W, 29
2026/10/08 02:04:51.938, 4, 2032 MHz, 3996 MHz, 263.92 W, 45
2026/10/08 02:04:51.938, 5, 2032 MHz, 3996 MHz, 243.24 W, 43
2026/10/08 02:04:51.938, 6, 120 MHz, 3996 MHz, 184.83 W, 29
2026/10/08 02:04:51.939, 7, 120 MHz, 3996 MHz, 184.60 W, 28
2026/10/08 02:04:52.039, 0, 120 MHz, 3996 MHz, 184.47 W, 33
2026/10/08 02:04:52.039, 1, 120 MHz, 3996 MHz, 186.29 W, 35
2026/10/08 02:04:52.039, 2, 120 MHz, 3996 MHz, 182.29 W, 29
2026/10/08 02:04:52.039, 3, 120 MHz, 3996 MHz, 182.12 W, 29
2026/10/08 02:04:52.039, 4, 2032 MHz, 3996 MHz, 263.92 W, 45
2026/10/08 02:04:52.039, 5, 1012 MHz, 3996 MHz, 242.34 W, 42
2026/10/08 02:04:52.039, 6, 120 MHz, 3996 MHz, 184.83 W, 29
2026/10/08 02:04:52.039, 7, 120 MHz, 3996 MHz, 184.60 W, 28
2026/10/08 02:04:52.139, 0, 120 MHz, 3996 MHz, 184.47 W, 33
2026/10/08 02:04:52.139, 1, 120 MHz, 3996 MHz, 186.29 W, 35
2026/10/08 02:04:52.139, 2, 120 MHz, 3996 MHz, 182.25 W, 29
2026/10/08 02:04:52.139, 3, 120 MHz, 3996 MHz, 182.12 W, 29
2026/10/08 02:04:52.139, 4, 2032 MHz, 3996 MHz, 263.82 W, 45
2026/10/08 02:04:52.139, 5, 937 MHz, 3996 MHz, 238.08 W, 42
2026/10/08 02:04:52.139, 6, 120 MHz, 3996 MHz, 184.83 W, 29
2026/10/08 02:04:52.139, 7, 120 MHz, 3996 MHz, 184.60 W, 28
2026/10/08 02:04:52.239, 0, 120 MHz, 3996 MHz, 184.47 W, 33
2026/10/08 02:04:52.239, 1, 120 MHz, 3996 MHz, 186.29 W, 35
2026/10/08 02:04:52.239, 2, 120 MHz, 3996 MHz, 182.24 W, 29
2026/10/08 02:04:52.239, 3, 120 MHz, 3996 MHz, 182.12 W, 29
2026/10/08 02:04:52.239, 4, 2032 MHz, 3996 MHz, 263.80 W, 45
2026/10/08 02:04:52.239, 5, 937 MHz, 3996 MHz, 233.43 W, 42
2026/10/08 02:04:52.239, 6, 120 MHz, 3996 MHz, 184.83 W, 29
2026/10/08 02:04:52.239, 7, 120 MHz, 3996 MHz, 184.60 W, 28
2026/10/08 02:04:52.339, 0, 120 MHz, 3996 MHz, 184.47 W, 33
2026/10/08 02:04:52.339, 1, 120 MHz, 3996 MHz, 186.29 W, 35
2026/10/08 02:04:52.340, 2, 120 MHz, 3996 MHz, 182.29 W, 29
2026/10/08 02:04:52.340, 3, 120 MHz, 3996 MHz, 182.12 W, 29
2026/10/08 02:04:52.340, 4, 2032 MHz, 3996 MHz, 263.47 W, 45
2026/10/08 02:04:52.340, 5, 855 MHz, 3996 MHz, 228.48 W, 42
2026/10/08 02:04:52.340, 6, 120 MHz, 3996 MHz, 184.83 W, 29
2026/10/08 02:04:52.340, 7, 120 MHz, 3996 MHz, 184.60 W, 28
2026/10/08 02:04:52.440, 0, 120 MHz, 3996 MHz, 184.47 W, 33
2026/10/08 02:04:52.440, 1, 120 MHz, 3996 MHz, 186.29 W, 35
2026/10/08 02:04:52.440, 2, 120 MHz, 3996 MHz, 182.28 W, 29
2026/10/08 02:04:52.440, 3, 120 MHz, 3996 MHz, 182.11 W, 29
2026/10/08 02:04:52.440, 4, 2032 MHz, 3996 MHz, 256.44 W, 45
2026/10/08 02:04:52.440, 5, 855 MHz, 3996 MHz, 224.12 W, 42
2026/10/08 02:04:52.440, 6, 120 MHz, 3996 MHz, 184.83 W, 29
2026/10/08 02:04:52.440, 7, 120 MHz, 3996 MHz, 184.60 W, 28
2026/10/08 02:04:52.540, 0, 120 MHz, 3996 MHz, 184.47 W, 33
2026/10/08 02:04:52.540, 1, 120 MHz, 3996 MHz, 186.29 W, 35
2026/10/08 02:04:52.540, 2, 120 MHz, 3996 MHz, 182.29 W, 29
2026/10/08 02:04:52.540, 3, 120 MHz, 3996 MHz, 182.12 W, 29
2026/10/08 02:04:52.540, 4, 2032 MHz, 3996 MHz, 251.79 W, 45
2026/10/08 02:04:52.540, 5, 780 MHz, 3996 MHz, 218.94 W, 42
2026/10/08 02:04:52.540, 6, 120 MHz, 3996 MHz, 184.83 W, 29
2026/10/08 02:04:52.540, 7, 120 MHz, 3996 MHz, 184.59 W, 28
2026/10/08 02:04:52.640, 0, 120 MHz, 3996 MHz, 184.47 W, 33
2026/10/08 02:04:52.640, 1, 120 MHz, 3996 MHz, 186.29 W, 35
2026/10/08 02:04:52.640, 2, 120 MHz, 3996 MHz, 182.29 W, 29
2026/10/08 02:04:52.640, 3, 120 MHz, 3996 MHz, 182.15 W, 29
2026/10/08 02:04:52.640, 4, 2032 MHz, 3996 MHz, 251.69 W, 45
2026/10/08 02:04:52.640, 5, 780 MHz, 3996 MHz, 213.91 W, 42
2026/10/08 02:04:52.640, 6, 120 MHz, 3996 MHz, 184.83 W, 29
2026/10/08 02:04:52.640, 7, 120 MHz, 3996 MHz, 184.59 W, 28
2026/10/08 02:04:52.740, 0, 120 MHz, 3996 MHz, 184.47 W, 33
2026/10/08 02:04:52.741, 1, 120 MHz, 3996 MHz, 186.29 W, 35
2026/10/08 02:04:52.741, 2, 120 MHz, 3996 MHz, 182.28 W, 29
2026/10/08 02:04:52.741, 3, 120 MHz, 3996 MHz, 182.15 W, 29
2026/10/08 02:04:52.741, 4, 2032 MHz, 3996 MHz, 251.55 W, 45
2026/10/08 02:04:52.741, 5, 712 MHz, 3996 MHz, 209.01 W, 42
2026/10/08 02:04:52.741, 6, 120 MHz, 3996 MHz, 184.83 W, 29
2026/10/08 02:04:52.741, 7, 120 MHz, 3996 MHz, 184.60 W, 28
2026/10/08 02:04:52.841, 0, 120 MHz, 3996 MHz, 184.47 W, 33
2026/10/08 02:04:52.841, 1, 120 MHz, 3996 MHz, 186.29 W, 35
2026/10/08 02:04:52.841, 2, 120 MHz, 3996 MHz, 182.29 W, 29
2026/10/08 02:04:52.841, 3, 120 MHz, 3996 MHz, 182.15 W, 29
2026/10/08 02:04:52.841, 4, 2032 MHz, 3996 MHz, 251.46 W, 45
2026/10/08 02:04:52.841, 5, 712 MHz, 3996 MHz, 204.71 W, 42
2026/10/08 02:04:52.841, 6, 120 MHz, 3996 MHz, 184.83 W, 29
2026/10/08 02:04:52.841, 7, 120 MHz, 3996 MHz, 184.60 W, 28
2026/10/08 02:04:52.941, 0, 120 MHz, 3996 MHz, 184.47 W, 33
2026/10/08 02:04:52.941, 1, 120 MHz, 3996 MHz, 186.29 W, 35
2026/10/08 02:04:52.941, 2, 120 MHz, 3996 MHz, 182.29 W, 29
2026/10/08 02:04:52.941, 3, 120 MHz, 3996 MHz, 182.14 W, 29
2026/10/08 02:04:52.941, 4, 2032 MHz, 3996 MHz, 251.27 W, 45
2026/10/08 02:04:52.941, 5, 645 MHz, 3996 MHz, 198.94 W, 42
2026/10/08 02:04:52.941, 6, 120 MHz, 3996 MHz, 184.83 W, 29
2026/10/08 02:04:52.941, 7, 120 MHz, 3996 MHz, 184.60 W, 28
2026/10/08 02:04:53.041, 0, 120 MHz, 3996 MHz, 184.47 W, 33
2026/10/08 02:04:53.041, 1, 120 MHz, 3996 MHz, 186.29 W, 35
2026/10/08 02:04:53.041, 2, 120 MHz, 3996 MHz, 182.32 W, 29
2026/10/08 02:04:53.041, 3, 120 MHz, 3996 MHz, 182.14 W, 29
2026/10/08 02:04:53.041, 4, 2032 MHz, 3996 MHz, 251.10 W, 45
2026/10/08 02:04:53.041, 5, 645 MHz, 3996 MHz, 194.82 W, 42
2026/10/08 02:04:53.041, 6, 120 MHz, 3996 MHz, 184.83 W, 29
2026/10/08 02:04:53.041, 7, 120 MHz, 3996 MHz, 184.60 W, 28
2026/10/08 02:04:53.141, 0, 120 MHz, 3996 MHz, 184.47 W, 33
2026/10/08 02:04:53.142, 1, 120 MHz, 3996 MHz, 186.29 W, 35
2026/10/08 02:04:53.142, 2, 120 MHz, 3996 MHz, 182.29 W, 29
2026/10/08 02:04:53.142, 3, 120 MHz, 3996 MHz, 182.14 W, 29
2026/10/08 02:04:53.142, 4, 2032 MHz, 3996 MHz, 251.02 W, 45
2026/10/08 02:04:53.142, 5, 592 MHz, 3996 MHz, 193.62 W, 41
2026/10/08 02:04:53.142, 6, 120 MHz, 3996 MHz, 184.83 W, 29
2026/10/08 02:04:53.142, 7, 120 MHz, 3996 MHz, 184.60 W, 28
2026/10/08 02:04:53.242, 0, 120 MHz, 3996 MHz, 184.47 W, 33
2026/10/08 02:04:53.242, 1, 120 MHz, 3996 MHz, 186.29 W, 35
2026/10/08 02:04:53.242, 2, 120 MHz, 3996 MHz, 182.33 W, 29
2026/10/08 02:04:53.242, 3, 120 MHz, 3996 MHz, 182.14 W, 29
2026/10/08 02:04:53.242, 4, 2032 MHz, 3996 MHz, 250.89 W, 45
2026/10/08 02:04:53.242, 5, 592 MHz, 3996 MHz, 193.14 W, 41
2026/10/08 02:04:53.242, 6, 120 MHz, 3996 MHz, 184.83 W, 29
2026/10/08 02:04:53.242, 7, 120 MHz, 3996 MHz, 184.60 W, 28
2026/10/08 02:04:53.342, 0, 120 MHz, 3996 MHz, 184.47 W, 33
2026/10/08 02:04:53.342, 1, 120 MHz, 3996 MHz, 186.29 W, 35
2026/10/08 02:04:53.342, 2, 120 MHz, 3996 MHz, 182.29 W, 29
2026/10/08 02:04:53.342, 3, 120 MHz, 3996 MHz, 182.14 W, 29
2026/10/08 02:04:53.342, 4, 780 MHz, 3996 MHz, 246.76 W, 45
2026/10/08 02:04:53.342, 5, 540 MHz, 3996 MHz, 192.58 W, 41
2026/10/08 02:04:53.342, 6, 120 MHz, 3996 MHz, 184.83 W, 29
2026/10/08 02:04:53.342, 7, 120 MHz, 3996 MHz, 184.60 W, 28
2026/10/08 02:04:53.442, 0, 120 MHz, 3996 MHz, 184.47 W, 33
2026/10/08 02:04:53.442, 1, 120 MHz, 3996 MHz, 186.29 W, 35
2026/10/08 02:04:53.442, 2, 120 MHz, 3996 MHz, 182.29 W, 29
2026/10/08 02:04:53.442, 3, 120 MHz, 3996 MHz, 182.14 W, 29
2026/10/08 02:04:53.442, 4, 780 MHz, 3996 MHz, 241.22 W, 44
2026/10/08 02:04:53.442, 5, 540 MHz, 3996 MHz, 192.11 W, 41
2026/10/08 02:04:53.442, 6, 120 MHz, 3996 MHz, 184.83 W, 29
2026/10/08 02:04:53.442, 7, 120 MHz, 3996 MHz, 184.60 W, 28
2026/10/08 02:04:53.543, 0, 120 MHz, 3996 MHz, 184.47 W, 33
2026/10/08 02:04:53.543, 1, 120 MHz, 3996 MHz, 186.29 W, 35
2026/10/08 02:04:53.543, 2, 120 MHz, 3996 MHz, 182.29 W, 29
2026/10/08 02:04:53.543, 3, 120 MHz, 3996 MHz, 182.14 W, 29
2026/10/08 02:04:53.543, 4, 720 MHz, 3996 MHz, 235.74 W, 44
2026/10/08 02:04:53.543, 5, 487 MHz, 3996 MHz, 191.70 W, 41
2026/10/08 02:04:53.543, 6, 120 MHz, 3996 MHz, 184.83 W, 29
2026/10/08 02:04:53.543, 7, 120 MHz, 3996 MHz, 184.60 W, 28
2026/10/08 02:04:53.643, 0, 120 MHz, 3996 MHz, 184.47 W, 33
2026/10/08 02:04:53.643, 1, 120 MHz, 3996 MHz, 186.29 W, 35
2026/10/08 02:04:53.643, 2, 120 MHz, 3996 MHz, 182.25 W, 29
2026/10/08 02:04:53.643, 3, 120 MHz, 3996 MHz, 182.15 W, 29
2026/10/08 02:04:53.643, 4, 652 MHz, 3996 MHz, 230.20 W, 44
2026/10/08 02:04:53.643, 5, 487 MHz, 3996 MHz, 191.28 W, 41
2026/10/08 02:04:53.643, 6, 120 MHz, 3996 MHz, 184.83 W, 29
2026/10/08 02:04:53.643, 7, 120 MHz, 3996 MHz, 184.61 W, 28
2026/10/08 02:04:53.743, 0, 120 MHz, 3996 MHz, 184.47 W, 33
2026/10/08 02:04:53.743, 1, 120 MHz, 3996 MHz, 186.29 W, 35
2026/10/08 02:04:53.743, 2, 120 MHz, 3996 MHz, 182.21 W, 29
2026/10/08 02:04:53.743, 3, 120 MHz, 3996 MHz, 182.15 W, 29
2026/10/08 02:04:53.743, 4, 652 MHz, 3996 MHz, 225.14 W, 44
2026/10/08 02:04:53.743, 5, 450 MHz, 3996 MHz, 190.94 W, 41
2026/10/08 02:04:53.743, 6, 120 MHz, 3996 MHz, 184.83 W, 29
2026/10/08 02:04:53.743, 7, 120 MHz, 3996 MHz, 184.60 W, 28
2026/10/08 02:04:53.843, 0, 120 MHz, 3996 MHz, 184.47 W, 33
2026/10/08 02:04:53.843, 1, 120 MHz, 3996 MHz, 186.29 W, 35
2026/10/08 02:04:53.843, 2, 120 MHz, 3996 MHz, 182.21 W, 29
2026/10/08 02:04:53.843, 3, 120 MHz, 3996 MHz, 182.15 W, 29
2026/10/08 02:04:53.843, 4, 592 MHz, 3996 MHz, 218.90 W, 44
2026/10/08 02:04:53.843, 5, 450 MHz, 3996 MHz, 190.71 W, 41
2026/10/08 02:04:53.843, 6, 120 MHz, 3996 MHz, 184.83 W, 29
2026/10/08 02:04:53.843, 7, 120 MHz, 3996 MHz, 184.61 W, 28
2026/10/08 02:04:53.944, 0, 120 MHz, 3996 MHz, 184.47 W, 33
2026/10/08 02:04:53.944, 1, 120 MHz, 3996 MHz, 186.29 W, 35
2026/10/08 02:04:53.944, 2, 120 MHz, 3996 MHz, 182.25 W, 29
2026/10/08 02:04:53.944, 3, 120 MHz, 3996 MHz, 182.16 W, 29
2026/10/08 02:04:53.944, 4, 540 MHz, 3996 MHz, 213.29 W, 43
2026/10/08 02:04:53.944, 5, 405 MHz, 3996 MHz, 190.43 W, 41
2026/10/08 02:04:53.944, 6, 120 MHz, 3996 MHz, 184.83 W, 29
2026/10/08 02:04:53.944, 7, 120 MHz, 3996 MHz, 184.60 W, 28
2026/10/08 02:04:54.044, 0, 120 MHz, 3996 MHz, 184.47 W, 33
2026/10/08 02:04:54.044, 1, 120 MHz, 3996 MHz, 186.29 W, 35
2026/10/08 02:04:54.044, 2, 120 MHz, 3996 MHz, 182.21 W, 29
2026/10/08 02:04:54.044, 3, 120 MHz, 3996 MHz, 182.16 W, 29
2026/10/08 02:04:54.044, 4, 540 MHz, 3996 MHz, 207.66 W, 43
2026/10/08 02:04:54.044, 5, 405 MHz, 3996 MHz, 190.13 W, 41
2026/10/08 02:04:54.044, 6, 120 MHz, 3996 MHz, 184.83 W, 29
2026/10/08 02:04:54.044, 7, 120 MHz, 3996 MHz, 184.60 W, 28
2026/10/08 02:04:54.144, 0, 120 MHz, 3996 MHz, 184.47 W, 33
2026/10/08 02:04:54.144, 1, 120 MHz, 3996 MHz, 186.29 W, 35
2026/10/08 02:04:54.144, 2, 120 MHz, 3996 MHz, 182.21 W, 29
2026/10/08 02:04:54.144, 3, 120 MHz, 3996 MHz, 182.16 W, 29
2026/10/08 02:04:54.144, 4, 495 MHz, 3996 MHz, 202.06 W, 43
2026/10/08 02:04:54.144, 5, 375 MHz, 3996 MHz, 189.79 W, 41
2026/10/08 02:04:54.144, 6, 120 MHz, 3996 MHz, 184.83 W, 29
2026/10/08 02:04:54.144, 7, 120 MHz, 3996 MHz, 184.60 W, 28
2026/10/08 02:04:54.244, 0, 120 MHz, 3996 MHz, 184.47 W, 33
2026/10/08 02:04:54.244, 1, 120 MHz, 3996 MHz, 186.29 W, 35
2026/10/08 02:04:54.244, 2, 120 MHz, 3996 MHz, 182.21 W, 29
2026/10/08 02:04:54.244, 3, 120 MHz, 3996 MHz, 182.17 W, 29
2026/10/08 02:04:54.244, 4, 495 MHz, 3996 MHz, 196.38 W, 43
2026/10/08 02:04:54.244, 5, 375 MHz, 3996 MHz, 189.56 W, 41
2026/10/08 02:04:54.244, 6, 120 MHz, 3996 MHz, 184.83 W, 29
2026/10/08 02:04:54.244, 7, 120 MHz, 3996 MHz, 184.60 W, 28
2026/10/08 02:04:54.345, 0, 120 MHz, 3996 MHz, 184.47 W, 33
2026/10/08 02:04:54.345, 1, 120 MHz, 3996 MHz, 186.29 W, 35
2026/10/08 02:04:54.345, 2, 120 MHz, 3996 MHz, 182.17 W, 29
2026/10/08 02:04:54.345, 3, 120 MHz, 3996 MHz, 182.17 W, 29
2026/10/08 02:04:54.345, 4, 450 MHz, 3996 MHz, 194.49 W, 43
2026/10/08 02:04:54.345, 5, 337 MHz, 3996 MHz, 189.37 W, 41
2026/10/08 02:04:54.345, 6, 120 MHz, 3996 MHz, 184.83 W, 29
2026/10/08 02:04:54.345, 7, 120 MHz, 3996 MHz, 184.60 W, 28
2026/10/08 02:04:54.445, 0, 120 MHz, 3996 MHz, 184.47 W, 33
2026/10/08 02:04:54.445, 1, 120 MHz, 3996 MHz, 186.29 W, 35
2026/10/08 02:04:54.445, 2, 120 MHz, 3996 MHz, 182.17 W, 29
2026/10/08 02:04:54.445, 3, 120 MHz, 3996 MHz, 182.17 W, 29
2026/10/08 02:04:54.445, 4, 450 MHz, 3996 MHz, 194.07 W, 43
2026/10/08 02:04:54.445, 5, 337 MHz, 3996 MHz, 189.18 W, 41
2026/10/08 02:04:54.445, 6, 120 MHz, 3996 MHz, 184.83 W, 29
2026/10/08 02:04:54.445, 7, 120 MHz, 3996 MHz, 184.60 W, 28
2026/10/08 02:04:54.545, 0, 120 MHz, 3996 MHz, 184.47 W, 33
2026/10/08 02:04:54.545, 1, 120 MHz, 3996 MHz, 186.29 W, 35
2026/10/08 02:04:54.545, 2, 120 MHz, 3996 MHz, 182.17 W, 29
2026/10/08 02:04:54.545, 3, 120 MHz, 3996 MHz, 182.18 W, 29
2026/10/08 02:04:54.545, 4, 412 MHz, 3996 MHz, 193.74 W, 43
2026/10/08 02:04:54.545, 5, 307 MHz, 3996 MHz, 188.98 W, 41
2026/10/08 02:04:54.545, 6, 120 MHz, 3996 MHz, 184.83 W, 29
2026/10/08 02:04:54.545, 7, 120 MHz, 3996 MHz, 184.60 W, 28
2026/10/08 02:04:54.645, 0, 120 MHz, 3996 MHz, 184.47 W, 33
2026/10/08 02:04:54.645, 1, 120 MHz, 3996 MHz, 186.29 W, 35
2026/10/08 02:04:54.646, 2, 120 MHz, 3996 MHz, 182.17 W, 29
2026/10/08 02:04:54.646, 3, 120 MHz, 3996 MHz, 182.18 W, 29
2026/10/08 02:04:54.646, 4, 412 MHz, 3996 MHz, 193.37 W, 43
2026/10/08 02:04:54.646, 5, 307 MHz, 3996 MHz, 188.86 W, 41
2026/10/08 02:04:54.646, 6, 120 MHz, 3996 MHz, 184.83 W, 29
2026/10/08 02:04:54.646, 7, 120 MHz, 3996 MHz, 184.60 W, 28
2026/10/08 02:04:54.746, 0, 120 MHz, 3996 MHz, 184.47 W, 33
2026/10/08 02:04:54.746, 1, 120 MHz, 3996 MHz, 186.29 W, 35
2026/10/08 02:04:54.746, 2, 120 MHz, 3996 MHz, 182.17 W, 29
2026/10/08 02:04:54.746, 3, 120 MHz, 3996 MHz, 182.18 W, 29
2026/10/08 02:04:54.746, 4, 375 MHz, 3996 MHz, 193.17 W, 43
2026/10/08 02:04:54.746, 5, 285 MHz, 3996 MHz, 188.70 W, 41
2026/10/08 02:04:54.746, 6, 120 MHz, 3996 MHz, 184.83 W, 29
2026/10/08 02:04:54.746, 7, 120 MHz, 3996 MHz, 184.60 W, 28
2026/10/08 02:04:54.846, 0, 120 MHz, 3996 MHz, 184.47 W, 33
2026/10/08 02:04:54.846, 1, 120 MHz, 3996 MHz, 186.29 W, 35
2026/10/08 02:04:54.846, 2, 120 MHz, 3996 MHz, 182.17 W, 29
2026/10/08 02:04:54.846, 3, 120 MHz, 3996 MHz, 182.18 W, 29
2026/10/08 02:04:54.846, 4, 375 MHz, 3996 MHz, 192.97 W, 43
2026/10/08 02:04:54.846, 5, 285 MHz, 3996 MHz, 188.59 W, 41
2026/10/08 02:04:54.846, 6, 120 MHz, 3996 MHz, 184.83 W, 29
2026/10/08 02:04:54.846, 7, 120 MHz, 3996 MHz, 184.60 W, 28
2026/10/08 02:04:54.946, 0, 120 MHz, 3996 MHz, 184.47 W, 33
2026/10/08 02:04:54.946, 1, 120 MHz, 3996 MHz, 186.29 W, 35
2026/10/08 02:04:54.946, 2, 120 MHz, 3996 MHz, 182.13 W, 29
2026/10/08 02:04:54.946, 3, 120 MHz, 3996 MHz, 182.18 W, 29
2026/10/08 02:04:54.946, 4, 375 MHz, 3996 MHz, 192.59 W, 43
2026/10/08 02:04:54.946, 5, 255 MHz, 3996 MHz, 188.44 W, 41
2026/10/08 02:04:54.946, 6, 120 MHz, 3996 MHz, 184.83 W, 29
2026/10/08 02:04:54.946, 7, 120 MHz, 3996 MHz, 184.60 W, 28
2026/10/08 02:04:55.047, 0, 120 MHz, 3996 MHz, 184.47 W, 33
2026/10/08 02:04:55.047, 1, 120 MHz, 3996 MHz, 186.29 W, 35
2026/10/08 02:04:55.047, 2, 120 MHz, 3996 MHz, 182.13 W, 29
2026/10/08 02:04:55.047, 3, 120 MHz, 3996 MHz, 182.18 W, 29
2026/10/08 02:04:55.047, 4, 345 MHz, 3996 MHz, 192.21 W, 43
2026/10/08 02:04:55.047, 5, 255 MHz, 3996 MHz, 188.44 W, 41
2026/10/08 02:04:55.047, 6, 120 MHz, 3996 MHz, 184.83 W, 29
2026/10/08 02:04:55.047, 7, 120 MHz, 3996 MHz, 184.60 W, 28
2026/10/08 02:04:55.147, 0, 120 MHz, 3996 MHz, 184.47 W, 33
2026/10/08 02:04:55.147, 1, 120 MHz, 3996 MHz, 186.29 W, 35
2026/10/08 02:04:55.147, 2, 120 MHz, 3996 MHz, 182.13 W, 29
2026/10/08 02:04:55.147, 3, 120 MHz, 3996 MHz, 182.19 W, 29
2026/10/08 02:04:55.147, 4, 315 MHz, 3996 MHz, 191.87 W, 43
2026/10/08 02:04:55.147, 5, 232 MHz, 3996 MHz, 188.36 W, 41
2026/10/08 02:04:55.147, 6, 120 MHz, 3996 MHz, 184.83 W, 29
2026/10/08 02:04:55.147, 7, 120 MHz, 3996 MHz, 184.60 W, 28
2026/10/08 02:04:55.247, 0, 120 MHz, 3996 MHz, 184.47 W, 33
2026/10/08 02:04:55.247, 1, 120 MHz, 3996 MHz, 186.29 W, 35
2026/10/08 02:04:55.247, 2, 120 MHz, 3996 MHz, 182.13 W, 29
2026/10/08 02:04:55.247, 3, 120 MHz, 3996 MHz, 182.18 W, 29
2026/10/08 02:04:55.247, 4, 315 MHz, 3996 MHz, 191.70 W, 43
2026/10/08 02:04:55.247, 5, 232 MHz, 3996 MHz, 188.28 W, 41
2026/10/08 02:04:55.247, 6, 120 MHz, 3996 MHz, 184.83 W, 29
2026/10/08 02:04:55.247, 7, 120 MHz, 3996 MHz, 184.60 W, 28
2026/10/08 02:04:55.347, 0, 120 MHz, 3996 MHz, 184.47 W, 33
2026/10/08 02:04:55.347, 1, 120 MHz, 3996 MHz, 186.29 W, 35
2026/10/08 02:04:55.347, 2, 120 MHz, 3996 MHz, 182.13 W, 29
2026/10/08 02:04:55.347, 3, 120 MHz, 3996 MHz, 182.18 W, 29
2026/10/08 02:04:55.347, 4, 285 MHz, 3996 MHz, 191.51 W, 43
2026/10/08 02:04:55.347, 5, 217 MHz, 3996 MHz, 188.20 W, 41
2026/10/08 02:04:55.347, 6, 120 MHz, 3996 MHz, 184.83 W, 29
2026/10/08 02:04:55.347, 7, 120 MHz, 3996 MHz, 184.60 W, 28
2026/10/08 02:04:55.448, 0, 120 MHz, 3996 MHz, 184.47 W, 33
2026/10/08 02:04:55.448, 1, 120 MHz, 3996 MHz, 186.29 W, 35
2026/10/08 02:04:55.448, 2, 120 MHz, 3996 MHz, 182.13 W, 29
2026/10/08 02:04:55.448, 3, 120 MHz, 3996 MHz, 182.18 W, 29
2026/10/08 02:04:55.448, 4, 285 MHz, 3996 MHz, 191.32 W, 43
2026/10/08 02:04:55.448, 5, 217 MHz, 3996 MHz, 188.09 W, 41
2026/10/08 02:04:55.448, 6, 120 MHz, 3996 MHz, 184.83 W, 29
2026/10/08 02:04:55.448, 7, 120 MHz, 3996 MHz, 184.60 W, 28
2026/10/08 02:04:55.548, 0, 120 MHz, 3996 MHz, 184.47 W, 33
2026/10/08 02:04:55.548, 1, 120 MHz, 3996 MHz, 186.29 W, 35
2026/10/08 02:04:55.548, 2, 120 MHz, 3996 MHz, 182.13 W, 29
2026/10/08 02:04:55.548, 3, 120 MHz, 3996 MHz, 182.18 W, 29
2026/10/08 02:04:55.548, 4, 262 MHz, 3996 MHz, 191.10 W, 43
2026/10/08 02:04:55.548, 5, 195 MHz, 3996 MHz, 187.89 W, 41
2026/10/08 02:04:55.548, 6, 120 MHz, 3996 MHz, 184.83 W, 29
2026/10/08 02:04:55.548, 7, 120 MHz, 3996 MHz, 184.60 W, 28
2026/10/08 02:04:55.648, 0, 120 MHz, 3996 MHz, 184.47 W, 33
2026/10/08 02:04:55.648, 1, 120 MHz, 3996 MHz, 186.29 W, 35
2026/10/08 02:04:55.648, 2, 120 MHz, 3996 MHz, 182.13 W, 29
2026/10/08 02:04:55.648, 3, 120 MHz, 3996 MHz, 182.18 W, 29
2026/10/08 02:04:55.648, 4, 262 MHz, 3996 MHz, 190.90 W, 43
2026/10/08 02:04:55.648, 5, 195 MHz, 3996 MHz, 187.71 W, 41
2026/10/08 02:04:55.648, 6, 120 MHz, 3996 MHz, 184.83 W, 29
2026/10/08 02:04:55.648, 7, 120 MHz, 3996 MHz, 184.60 W, 28
2026/10/08 02:04:55.749, 0, 120 MHz, 3996 MHz, 184.47 W, 33
2026/10/08 02:04:55.749, 1, 120 MHz, 3996 MHz, 186.29 W, 35
2026/10/08 02:04:55.749, 2, 120 MHz, 3996 MHz, 182.13 W, 29
2026/10/08 02:04:55.749, 3, 120 MHz, 3996 MHz, 182.19 W, 29
2026/10/08 02:04:55.749, 4, 240 MHz, 3996 MHz, 190.75 W, 43
2026/10/08 02:04:55.749, 5, 180 MHz, 3996 MHz, 187.50 W, 41
2026/10/08 02:04:55.749, 6, 120 MHz, 3996 MHz, 184.83 W, 29
2026/10/08 02:04:55.749, 7, 120 MHz, 3996 MHz, 184.60 W, 28
2026/10/08 02:04:55.849, 0, 120 MHz, 3996 MHz, 184.47 W, 33
2026/10/08 02:04:55.849, 1, 120 MHz, 3996 MHz, 186.29 W, 35
2026/10/08 02:04:55.849, 2, 120 MHz, 3996 MHz, 182.13 W, 29
2026/10/08 02:04:55.849, 3, 120 MHz, 3996 MHz, 182.19 W, 29
2026/10/08 02:04:55.849, 4, 240 MHz, 3996 MHz, 190.56 W, 43
2026/10/08 02:04:55.849, 5, 180 MHz, 3996 MHz, 187.35 W, 41
2026/10/08 02:04:55.849, 6, 120 MHz, 3996 MHz, 184.83 W, 29
2026/10/08 02:04:55.849, 7, 120 MHz, 3996 MHz, 184.60 W, 28
2026/10/08 02:04:55.949, 0, 120 MHz, 3996 MHz, 184.47 W, 33
2026/10/08 02:04:55.949, 1, 120 MHz, 3996 MHz, 186.29 W, 35
2026/10/08 02:04:55.949, 2, 120 MHz, 3996 MHz, 182.13 W, 29
2026/10/08 02:04:55.949, 3, 120 MHz, 3996 MHz, 182.19 W, 29
2026/10/08 02:04:55.949, 4, 217 MHz, 3996 MHz, 190.25 W, 43
2026/10/08 02:04:55.949, 5, 165 MHz, 3996 MHz, 187.18 W, 41
2026/10/08 02:04:55.949, 6, 120 MHz, 3996 MHz, 184.83 W, 29
2026/10/08 02:04:55.949, 7, 120 MHz, 3996 MHz, 184.60 W, 28
2026/10/08 02:04:56.049, 0, 120 MHz, 3996 MHz, 184.47 W, 33
2026/10/08 02:04:56.049, 1, 120 MHz, 3996 MHz, 186.29 W, 35
2026/10/08 02:04:56.049, 2, 120 MHz, 3996 MHz, 182.17 W, 29
2026/10/08 02:04:56.050, 3, 120 MHz, 3996 MHz, 182.20 W, 29
2026/10/08 02:04:56.050, 4, 217 MHz, 3996 MHz, 190.03 W, 42
2026/10/08 02:04:56.050, 5, 165 MHz, 3996 MHz, 186.99 W, 40
2026/10/08 02:04:56.050, 6, 120 MHz, 3996 MHz, 184.83 W, 29
2026/10/08 02:04:56.050, 7, 120 MHz, 3996 MHz, 184.60 W, 28
2026/10/08 02:04:56.150, 0, 120 MHz, 3996 MHz, 184.47 W, 33
2026/10/08 02:04:56.150, 1, 120 MHz, 3996 MHz, 186.29 W, 35
2026/10/08 02:04:56.150, 2, 120 MHz, 3996 MHz, 182.17 W, 29
2026/10/08 02:04:56.150, 3, 120 MHz, 3996 MHz, 182.19 W, 29
2026/10/08 02:04:56.150, 4, 195 MHz, 3996 MHz, 189.84 W, 42
2026/10/08 02:04:56.150, 5, 150 MHz, 3996 MHz, 186.84 W, 40
2026/10/08 02:04:56.150, 6, 120 MHz, 3996 MHz, 184.83 W, 29
2026/10/08 02:04:56.150, 7, 120 MHz, 3996 MHz, 184.60 W, 28
2026/10/08 02:04:56.250, 0, 120 MHz, 3996 MHz, 184.47 W, 33
2026/10/08 02:04:56.250, 1, 120 MHz, 3996 MHz, 186.29 W, 35
2026/10/08 02:04:56.250, 2, 120 MHz, 3996 MHz, 182.17 W, 29
2026/10/08 02:04:56.250, 3, 120 MHz, 3996 MHz, 182.19 W, 29
2026/10/08 02:04:56.250, 4, 195 MHz, 3996 MHz, 189.64 W, 42
2026/10/08 02:04:56.250, 5, 150 MHz, 3996 MHz, 186.76 W, 40
2026/10/08 02:04:56.250, 6, 120 MHz, 3996 MHz, 184.83 W, 29
2026/10/08 02:04:56.250, 7, 120 MHz, 3996 MHz, 184.60 W, 28
2026/10/08 02:04:56.350, 0, 120 MHz, 3996 MHz, 184.47 W, 33
2026/10/08 02:04:56.350, 1, 120 MHz, 3996 MHz, 186.29 W, 35
2026/10/08 02:04:56.350, 2, 120 MHz, 3996 MHz, 182.21 W, 29
2026/10/08 02:04:56.350, 3, 120 MHz, 3996 MHz, 182.20 W, 29
2026/10/08 02:04:56.350, 4, 180 MHz, 3996 MHz, 189.45 W, 42
2026/10/08 02:04:56.350, 5, 142 MHz, 3996 MHz, 186.65 W, 40
2026/10/08 02:04:56.350, 6, 120 MHz, 3996 MHz, 184.83 W, 29
2026/10/08 02:04:56.350, 7, 120 MHz, 3996 MHz, 184.59 W, 28
2026/10/08 02:04:56.450, 0, 120 MHz, 3996 MHz, 184.47 W, 33
2026/10/08 02:04:56.450, 1, 120 MHz, 3996 MHz, 186.29 W, 35
2026/10/08 02:04:56.450, 2, 120 MHz, 3996 MHz, 182.22 W, 29
2026/10/08 02:04:56.451, 3, 120 MHz, 3996 MHz, 182.20 W, 29
2026/10/08 02:04:56.451, 4, 180 MHz, 3996 MHz, 189.26 W, 42
2026/10/08 02:04:56.451, 5, 142 MHz, 3996 MHz, 186.53 W, 40
2026/10/08 02:04:56.451, 6, 120 MHz, 3996 MHz, 184.83 W, 29
2026/10/08 02:04:56.451, 7, 120 MHz, 3996 MHz, 184.59 W, 28
2026/10/08 02:04:56.551, 0, 120 MHz, 3996 MHz, 184.47 W, 33
2026/10/08 02:04:56.551, 1, 120 MHz, 3996 MHz, 186.29 W, 35
2026/10/08 02:04:56.551, 2, 120 MHz, 3996 MHz, 182.21 W, 29
2026/10/08 02:04:56.551, 3, 120 MHz, 3996 MHz, 182.19 W, 29
2026/10/08 02:04:56.551, 4, 165 MHz, 3996 MHz, 189.07 W, 42
2026/10/08 02:04:56.551, 5, 127 MHz, 3996 MHz, 186.53 W, 40
2026/10/08 02:04:56.551, 6, 120 MHz, 3996 MHz, 184.83 W, 29
2026/10/08 02:04:56.551, 7, 120 MHz, 3996 MHz, 184.59 W, 28
2026/10/08 02:04:56.651, 0, 120 MHz, 3996 MHz, 184.47 W, 33
2026/10/08 02:04:56.651, 1, 120 MHz, 3996 MHz, 186.29 W, 35
2026/10/08 02:04:56.651, 2, 120 MHz, 3996 MHz, 182.21 W, 29
2026/10/08 02:04:56.651, 3, 120 MHz, 3996 MHz, 182.19 W, 29
2026/10/08 02:04:56.651, 4, 165 MHz, 3996 MHz, 188.88 W, 42
2026/10/08 02:04:56.651, 5, 127 MHz, 3996 MHz, 186.53 W, 40
2026/10/08 02:04:56.651, 6, 120 MHz, 3996 MHz, 184.83 W, 29
2026/10/08 02:04:56.651, 7, 120 MHz, 3996 MHz, 184.59 W, 28
2026/10/08 02:04:56.751, 0, 120 MHz, 3996 MHz, 184.47 W, 33
2026/10/08 02:04:56.751, 1, 120 MHz, 3996 MHz, 186.29 W, 35
2026/10/08 02:04:56.751, 2, 120 MHz, 3996 MHz, 182.21 W, 29
2026/10/08 02:04:56.751, 3, 120 MHz, 3996 MHz, 182.20 W, 29
2026/10/08 02:04:56.751, 4, 150 MHz, 3996 MHz, 188.68 W, 42
2026/10/08 02:04:56.751, 5, 120 MHz, 3996 MHz, 186.53 W, 40
2026/10/08 02:04:56.751, 6, 120 MHz, 3996 MHz, 184.83 W, 29
2026/10/08 02:04:56.751, 7, 120 MHz, 3996 MHz, 184.60 W, 28
2026/10/08 02:04:56.852, 0, 120 MHz, 3996 MHz, 184.47 W, 33
2026/10/08 02:04:56.852, 1, 120 MHz, 3996 MHz, 186.29 W, 35
2026/10/08 02:04:56.852, 2, 120 MHz, 3996 MHz, 182.21 W, 29
2026/10/08 02:04:56.852, 3, 120 MHz, 3996 MHz, 182.19 W, 29
2026/10/08 02:04:56.852, 4, 150 MHz, 3996 MHz, 188.54 W, 42
2026/10/08 02:04:56.852, 5, 120 MHz, 3996 MHz, 186.53 W, 40
2026/10/08 02:04:56.852, 6, 120 MHz, 3996 MHz, 184.83 W, 29
2026/10/08 02:04:56.852, 7, 120 MHz, 3996 MHz, 184.60 W, 28
2026/10/08 02:04:56.952, 0, 120 MHz, 3996 MHz, 184.47 W, 33
2026/10/08 02:04:56.952, 1, 120 MHz, 3996 MHz, 186.29 W, 35
2026/10/08 02:04:56.952, 2, 120 MHz, 3996 MHz, 182.21 W, 29
2026/10/08 02:04:56.952, 3, 120 MHz, 3996 MHz, 182.19 W, 29
2026/10/08 02:04:56.952, 4, 142 MHz, 3996 MHz, 188.46 W, 42
2026/10/08 02:04:56.952, 5, 120 MHz, 3996 MHz, 186.54 W, 40
2026/10/08 02:04:56.952, 6, 120 MHz, 3996 MHz, 184.83 W, 29
2026/10/08 02:04:56.952, 7, 120 MHz, 3996 MHz, 184.60 W, 28
2026/10/08 02:04:57.052, 0, 120 MHz, 3996 MHz, 184.47 W, 33
2026/10/08 02:04:57.052, 1, 120 MHz, 3996 MHz, 186.29 W, 35
2026/10/08 02:04:57.052, 2, 120 MHz, 3996 MHz, 182.17 W, 29
2026/10/08 02:04:57.052, 3, 120 MHz, 3996 MHz, 182.20 W, 29
2026/10/08 02:04:57.052, 4, 142 MHz, 3996 MHz, 188.46 W, 42
2026/10/08 02:04:57.052, 5, 120 MHz, 3996 MHz, 186.54 W, 40
2026/10/08 02:04:57.052, 6, 120 MHz, 3996 MHz, 184.83 W, 29
2026/10/08 02:04:57.052, 7, 120 MHz, 3996 MHz, 184.60 W, 28
2026/10/08 02:04:57.152, 0, 120 MHz, 3996 MHz, 184.47 W, 33
2026/10/08 02:04:57.152, 1, 120 MHz, 3996 MHz, 186.29 W, 35
2026/10/08 02:04:57.152, 2, 120 MHz, 3996 MHz, 182.18 W, 29
2026/10/08 02:04:57.152, 3, 120 MHz, 3996 MHz, 182.20 W, 29
2026/10/08 02:04:57.152, 4, 127 MHz, 3996 MHz, 188.46 W, 42
2026/10/08 02:04:57.152, 5, 120 MHz, 3996 MHz, 186.54 W, 40
2026/10/08 02:04:57.152, 6, 120 MHz, 3996 MHz, 184.83 W, 29
2026/10/08 02:04:57.152, 7, 120 MHz, 3996 MHz, 184.60 W, 28
2026/10/08 02:04:57.253, 0, 120 MHz, 3996 MHz, 184.47 W, 33
2026/10/08 02:04:57.253, 1, 120 MHz, 3996 MHz, 186.29 W, 35
2026/10/08 02:04:57.253, 2, 120 MHz, 3996 MHz, 182.18 W, 29
2026/10/08 02:04:57.253, 3, 120 MHz, 3996 MHz, 182.20 W, 29
2026/10/08 02:04:57.253, 4, 127 MHz, 3996 MHz, 188.46 W, 42
2026/10/08 02:04:57.253, 5, 120 MHz, 3996 MHz, 186.54 W, 40
2026/10/08 02:04:57.253, 6, 120 MHz, 3996 MHz, 184.83 W, 29
2026/10/08 02:04:57.253, 7, 120 MHz, 3996 MHz, 184.61 W, 28
2026/10/08 02:04:57.353, 0, 120 MHz, 3996 MHz, 184.47 W, 33
2026/10/08 02:04:57.353, 1, 120 MHz, 3996 MHz, 186.29 W, 35
2026/10/08 02:04:57.353, 2, 120 MHz, 3996 MHz, 182.14 W, 29
2026/10/08 02:04:57.353, 3, 120 MHz, 3996 MHz, 182.20 W, 29
2026/10/08 02:04:57.353, 4, 120 MHz, 3996 MHz, 188.46 W, 42
2026/10/08 02:04:57.353, 5, 120 MHz, 3996 MHz, 186.54 W, 40
2026/10/08 02:04:57.353, 6, 120 MHz, 3996 MHz, 184.83 W, 29
2026/10/08 02:04:57.353, 7, 120 MHz, 3996 MHz, 184.61 W, 28
2026/10/08 02:04:57.453, 0, 120 MHz, 3996 MHz, 184.47 W, 33
2026/10/08 02:04:57.453, 1, 120 MHz, 3996 MHz, 186.29 W, 35
2026/10/08 02:04:57.453, 2, 120 MHz, 3996 MHz, 182.13 W, 29
2026/10/08 02:04:57.453, 3, 120 MHz, 3996 MHz, 182.20 W, 29
2026/10/08 02:04:57.453, 4, 120 MHz, 3996 MHz, 188.46 W, 42
2026/10/08 02:04:57.453, 5, 120 MHz, 3996 MHz, 186.55 W, 40
2026/10/08 02:04:57.453, 6, 120 MHz, 3996 MHz, 184.83 W, 29
2026/10/08 02:04:57.453, 7, 120 MHz, 3996 MHz, 184.61 W, 28
2026/10/08 02:04:57.553, 0, 120 MHz, 3996 MHz, 184.47 W, 33
2026/10/08 02:04:57.553, 1, 120 MHz, 3996 MHz, 186.29 W, 35
2026/10/08 02:04:57.553, 2, 120 MHz, 3996 MHz, 182.13 W, 29
2026/10/08 02:04:57.553, 3, 120 MHz, 3996 MHz, 182.20 W, 29
2026/10/08 02:04:57.553, 4, 120 MHz, 3996 MHz, 188.46 W, 42
2026/10/08 02:04:57.553, 5, 120 MHz, 3996 MHz, 186.55 W, 40
2026/10/08 02:04:57.553, 6, 120 MHz, 3996 MHz, 184.83 W, 29
2026/10/08 02:04:57.553, 7, 120 MHz, 3996 MHz, 184.61 W, 28
2026/10/08 02:04:57.654, 0, 120 MHz, 3996 MHz, 184.47 W, 33
2026/10/08 02:04:57.654, 1, 120 MHz, 3996 MHz, 186.29 W, 35
2026/10/08 02:04:57.654, 2, 120 MHz, 3996 MHz, 182.13 W, 29
2026/10/08 02:04:57.654, 3, 120 MHz, 3996 MHz, 182.20 W, 29
2026/10/08 02:04:57.654, 4, 120 MHz, 3996 MHz, 188.46 W, 42
2026/10/08 02:04:57.654, 5, 120 MHz, 3996 MHz, 186.54 W, 40
2026/10/08 02:04:57.654, 6, 120 MHz, 3996 MHz, 184.83 W, 29
2026/10/08 02:04:57.654, 7, 120 MHz, 3996 MHz, 184.61 W, 28
2026/10/08 02:04:57.754, 0, 120 MHz, 3996 MHz, 184.47 W, 33
2026/10/08 02:04:57.754, 1, 120 MHz, 3996 MHz, 186.29 W, 35
2026/10/08 02:04:57.754, 2, 120 MHz, 3996 MHz, 182.13 W, 29
2026/10/08 02:04:57.754, 3, 120 MHz, 3996 MHz, 182.19 W, 29
2026/10/08 02:04:57.754, 4, 120 MHz, 3996 MHz, 188.46 W, 42
2026/10/08 02:04:57.754, 5, 120 MHz, 3996 MHz, 186.54 W, 40
2026/10/08 02:04:57.754, 6, 120 MHz, 3996 MHz, 184.83 W, 29
2026/10/08 02:04:57.754, 7, 120 MHz, 3996 MHz, 184.61 W, 28
2026/10/08 02:04:57.854, 0, 120 MHz, 3996 MHz, 184.47 W, 33
2026/10/08 02:04:57.854, 1, 120 MHz, 3996 MHz, 186.29 W, 35
2026/10/08 02:04:57.854, 2, 120 MHz, 3996 MHz, 182.13 W, 29
2026/10/08 02:04:57.854, 3, 120 MHz, 3996 MHz, 182.19 W, 29
2026/10/08 02:04:57.854, 4, 120 MHz, 3996 MHz, 188.46 W, 42
2026/10/08 02:04:57.854, 5, 120 MHz, 3996 MHz, 186.54 W, 40
2026/10/08 02:04:57.854, 6, 120 MHz, 3996 MHz, 184.83 W, 29
2026/10/08 02:04:57.854, 7, 120 MHz, 3996 MHz, 184.61 W, 28
2026/10/08 02:04:57.954, 0, 120 MHz, 3996 MHz, 184.47 W, 33
2026/10/08 02:04:57.954, 1, 120 MHz, 3996 MHz, 186.29 W, 35
2026/10/08 02:04:57.954, 2, 120 MHz, 3996 MHz, 182.13 W, 29
2026/10/08 02:04:57.954, 3, 120 MHz, 3996 MHz, 182.18 W, 29
2026/10/08 02:04:57.954, 4, 120 MHz, 3996 MHz, 188.46 W, 42
2026/10/08 02:04:57.954, 5, 120 MHz, 3996 MHz, 186.54 W, 40
2026/10/08 02:04:57.954, 6, 120 MHz, 3996 MHz, 184.83 W, 29
2026/10/08 02:04:57.954, 7, 120 MHz, 3996 MHz, 184.61 W, 28
2026/10/08 02:04:58.055, 0, 120 MHz, 3996 MHz, 184.47 W, 33
2026/10/08 02:04:58.055, 1, 120 MHz, 3996 MHz, 186.29 W, 35
2026/10/08 02:04:58.055, 2, 120 MHz, 3996 MHz, 182.17 W, 29
2026/10/08 02:04:58.055, 3, 120 MHz, 3996 MHz, 182.18 W, 29
2026/10/08 02:04:58.055, 4, 120 MHz, 3996 MHz, 188.46 W, 42
2026/10/08 02:04:58.055, 5, 120 MHz, 3996 MHz, 186.54 W, 40
2026/10/08 02:04:58.055, 6, 120 MHz, 3996 MHz, 184.83 W, 29
2026/10/08 02:04:58.055, 7, 120 MHz, 3996 MHz, 184.61 W, 28
2026/10/08 02:04:58.155, 0, 120 MHz, 3996 MHz, 184.47 W, 33
2026/10/08 02:04:58.155, 1, 120 MHz, 3996 MHz, 186.29 W, 35
2026/10/08 02:04:58.155, 2, 120 MHz, 3996 MHz, 182.17 W, 29
2026/10/08 02:04:58.155, 3, 120 MHz, 3996 MHz, 182.18 W, 29
2026/10/08 02:04:58.155, 4, 120 MHz, 3996 MHz, 188.46 W, 42
2026/10/08 02:04:58.155, 5, 120 MHz, 3996 MHz, 186.54 W, 40
2026/10/08 02:04:58.155, 6, 120 MHz, 3996 MHz, 184.83 W, 29
2026/10/08 02:04:58.155, 7, 120 MHz, 3996 MHz, 184.60 W, 28
2026/10/08 02:04:58.255, 0, 120 MHz, 3996 MHz, 184.47 W, 33
2026/10/08 02:04:58.255, 1, 120 MHz, 3996 MHz, 186.29 W, 35
2026/10/08 02:04:58.255, 2, 120 MHz, 3996 MHz, 182.17 W, 29
2026/10/08 02:04:58.255, 3, 120 MHz, 3996 MHz, 182.17 W, 29
2026/10/08 02:04:58.255, 4, 120 MHz, 3996 MHz, 188.45 W, 42
2026/10/08 02:04:58.255, 5, 120 MHz, 3996 MHz, 186.53 W, 40
2026/10/08 02:04:58.255, 6, 120 MHz, 3996 MHz, 184.83 W, 29
2026/10/08 02:04:58.255, 7, 120 MHz, 3996 MHz, 184.60 W, 28
2026/10/08 02:04:58.355, 0, 120 MHz, 3996 MHz, 184.47 W, 33
2026/10/08 02:04:58.355, 1, 120 MHz, 3996 MHz, 186.29 W, 35
2026/10/08 02:04:58.355, 2, 120 MHz, 3996 MHz, 182.21 W, 29
2026/10/08 02:04:58.355, 3, 120 MHz, 3996 MHz, 182.17 W, 29
2026/10/08 02:04:58.355, 4, 120 MHz, 3996 MHz, 188.46 W, 42
2026/10/08 02:04:58.355, 5, 120 MHz, 3996 MHz, 186.58 W, 40
2026/10/08 02:04:58.355, 6, 120 MHz, 3996 MHz, 184.83 W, 29
2026/10/08 02:04:58.355, 7, 120 MHz, 3996 MHz, 184.60 W, 28
2026/10/08 02:04:58.456, 0, 120 MHz, 3996 MHz, 184.47 W, 33
2026/10/08 02:04:58.456, 1, 120 MHz, 3996 MHz, 186.29 W, 35
2026/10/08 02:04:58.456, 2, 120 MHz, 3996 MHz, 182.24 W, 29
2026/10/08 02:04:58.456, 3, 120 MHz, 3996 MHz, 182.17 W, 29
2026/10/08 02:04:58.456, 4, 120 MHz, 3996 MHz, 188.46 W, 42
2026/10/08 02:04:58.456, 5, 120 MHz, 3996 MHz, 186.58 W, 40
2026/10/08 02:04:58.456, 6, 120 MHz, 3996 MHz, 184.83 W, 29
2026/10/08 02:04:58.456, 7, 120 MHz, 3996 MHz, 184.60 W, 28
2026/10/08 02:04:58.556, 0, 120 MHz, 3996 MHz, 184.47 W, 33
2026/10/08 02:04:58.556, 1, 120 MHz, 3996 MHz, 186.29 W, 35
2026/10/08 02:04:58.556, 2, 120 MHz, 3996 MHz, 182.25 W, 29
2026/10/08 02:04:58.556, 3, 120 MHz, 3996 MHz, 182.18 W, 29
2026/10/08 02:04:58.556, 4, 120 MHz, 3996 MHz, 188.46 W, 42
2026/10/08 02:04:58.556, 5, 120 MHz, 3996 MHz, 186.57 W, 40
2026/10/08 02:04:58.556, 6, 120 MHz, 3996 MHz, 184.83 W, 29
2026/10/08 02:04:58.556, 7, 120 MHz, 3996 MHz, 184.60 W, 28
2026/10/08 02:04:58.656, 0, 120 MHz, 3996 MHz, 184.47 W, 33
2026/10/08 02:04:58.656, 1, 120 MHz, 3996 MHz, 186.32 W, 35
2026/10/08 02:04:58.656, 2, 120 MHz, 3996 MHz, 182.24 W, 29
2026/10/08 02:04:58.656, 3, 120 MHz, 3996 MHz, 182.18 W, 29
2026/10/08 02:04:58.656, 4, 120 MHz, 3996 MHz, 188.46 W, 42
2026/10/08 02:04:58.656, 5, 120 MHz, 3996 MHz, 186.58 W, 40
2026/10/08 02:04:58.656, 6, 120 MHz, 3996 MHz, 184.83 W, 29
2026/10/08 02:04:58.656, 7, 120 MHz, 3996 MHz, 184.60 W, 28
2026/10/08 02:04:58.756, 0, 120 MHz, 3996 MHz, 184.47 W, 33
2026/10/08 02:04:58.756, 1, 120 MHz, 3996 MHz, 186.32 W, 35
2026/10/08 02:04:58.756, 2, 120 MHz, 3996 MHz, 182.24 W, 29
2026/10/08 02:04:58.756, 3, 120 MHz, 3996 MHz, 182.18 W, 29
2026/10/08 02:04:58.756, 4, 120 MHz, 3996 MHz, 188.46 W, 42
2026/10/08 02:04:58.756, 5, 120 MHz, 3996 MHz, 186.57 W, 40
2026/10/08 02:04:58.756, 6, 120 MHz, 3996 MHz, 184.83 W, 29
2026/10/08 02:04:58.756, 7, 120 MHz, 3996 MHz, 184.60 W, 28
2026/10/08 02:04:58.857, 0, 120 MHz, 3996 MHz, 184.47 W, 33
2026/10/08 02:04:58.857, 1, 120 MHz, 3996 MHz, 186.32 W, 35
2026/10/08 02:04:58.857, 2, 120 MHz, 3996 MHz, 182.24 W, 29
2026/10/08 02:04:58.857, 3, 120 MHz, 3996 MHz, 182.18 W, 29
2026/10/08 02:04:58.857, 4, 120 MHz, 3996 MHz, 188.46 W, 42
2026/10/08 02:04:58.857, 5, 120 MHz, 3996 MHz, 186.58 W, 40
2026/10/08 02:04:58.857, 6, 120 MHz, 3996 MHz, 184.83 W, 29
2026/10/08 02:04:58.857, 7, 120 MHz, 3996 MHz, 184.60 W, 28
2026/10/08 02:04:58.957, 0, 120 MHz, 3996 MHz, 184.47 W, 33
2026/10/08 02:04:58.957, 1, 120 MHz, 3996 MHz, 186.32 W, 35
2026/10/08 02:04:58.957, 2, 120 MHz, 3996 MHz, 182.28 W, 29
2026/10/08 02:04:58.957, 3, 120 MHz, 3996 MHz, 182.18 W, 29
2026/10/08 02:04:58.957, 4, 120 MHz, 3996 MHz, 188.46 W, 42
2026/10/08 02:04:58.957, 5, 120 MHz, 3996 MHz, 186.58 W, 40
2026/10/08 02:04:58.957, 6, 120 MHz, 3996 MHz, 184.83 W, 29
2026/10/08 02:04:58.957, 7, 120 MHz, 3996 MHz, 184.59 W, 28
2026/10/08 02:04:59.057, 0, 120 MHz, 3996 MHz, 184.47 W, 33
2026/10/08 02:04:59.057, 1, 120 MHz, 3996 MHz, 186.32 W, 35
2026/10/08 02:04:59.057, 2, 120 MHz, 3996 MHz, 182.25 W, 29
2026/10/08 02:04:59.057, 3, 120 MHz, 3996 MHz, 182.18 W, 29
2026/10/08 02:04:59.057, 4, 120 MHz, 3996 MHz, 188.46 W, 42
2026/10/08 02:04:59.057, 5, 120 MHz, 3996 MHz, 186.58 W, 40
2026/10/08 02:04:59.057, 6, 120 MHz, 3996 MHz, 184.83 W, 29
2026/10/08 02:04:59.057, 7, 120 MHz, 3996 MHz, 184.59 W, 28
2026/10/08 02:04:59.157, 0, 120 MHz, 3996 MHz, 184.47 W, 33
2026/10/08 02:04:59.157, 1, 120 MHz, 3996 MHz, 186.32 W, 35
2026/10/08 02:04:59.157, 2, 120 MHz, 3996 MHz, 182.25 W, 29
2026/10/08 02:04:59.157, 3, 120 MHz, 3996 MHz, 182.18 W, 29
2026/10/08 02:04:59.157, 4, 120 MHz, 3996 MHz, 188.46 W, 42
2026/10/08 02:04:59.157, 5, 120 MHz, 3996 MHz, 186.58 W, 40
2026/10/08 02:04:59.157, 6, 120 MHz, 3996 MHz, 184.83 W, 29
2026/10/08 02:04:59.157, 7, 120 MHz, 3996 MHz, 184.59 W, 28
2026/10/08 02:04:59.258, 0, 120 MHz, 3996 MHz, 184.47 W, 33
2026/10/08 02:04:59.258, 1, 120 MHz, 3996 MHz, 186.32 W, 35
2026/10/08 02:04:59.258, 2, 120 MHz, 3996 MHz, 182.25 W, 29
2026/10/08 02:04:59.258, 3, 120 MHz, 3996 MHz, 182.18 W, 29
2026/10/08 02:04:59.258, 4, 120 MHz, 3996 MHz, 188.47 W, 42
2026/10/08 02:04:59.258, 5, 120 MHz, 3996 MHz, 186.58 W, 40
2026/10/08 02:04:59.258, 6, 120 MHz, 3996 MHz, 184.83 W, 29
2026/10/08 02:04:59.258, 7, 120 MHz, 3996 MHz, 184.59 W, 28
2026/10/08 02:04:59.358, 0, 120 MHz, 3996 MHz, 184.47 W, 33
2026/10/08 02:04:59.358, 1, 120 MHz, 3996 MHz, 186.32 W, 35
2026/10/08 02:04:59.358, 2, 120 MHz, 3996 MHz, 182.28 W, 29
2026/10/08 02:04:59.358, 3, 120 MHz, 3996 MHz, 182.17 W, 29
2026/10/08 02:04:59.358, 4, 120 MHz, 3996 MHz, 188.47 W, 42
2026/10/08 02:04:59.358, 5, 120 MHz, 3996 MHz, 186.54 W, 40
2026/10/08 02:04:59.358, 6, 120 MHz, 3996 MHz, 184.83 W, 29
2026/10/08 02:04:59.358, 7, 120 MHz, 3996 MHz, 184.59 W, 28
2026/10/08 02:04:59.458, 0, 120 MHz, 3996 MHz, 184.47 W, 33
2026/10/08 02:04:59.458, 1, 120 MHz, 3996 MHz, 186.32 W, 35
2026/10/08 02:04:59.458, 2, 120 MHz, 3996 MHz, 182.21 W, 29
2026/10/08 02:04:59.458, 3, 120 MHz, 3996 MHz, 182.18 W, 29
2026/10/08 02:04:59.458, 4, 120 MHz, 3996 MHz, 188.46 W, 41
2026/10/08 02:04:59.458, 5, 120 MHz, 3996 MHz, 186.54 W, 40
2026/10/08 02:04:59.458, 6, 120 MHz, 3996 MHz, 184.83 W, 29
2026/10/08 02:04:59.458, 7, 120 MHz, 3996 MHz, 184.59 W, 28
2026/10/08 02:04:59.558, 0, 120 MHz, 3996 MHz, 184.47 W, 33
2026/10/08 02:04:59.559, 1, 120 MHz, 3996 MHz, 186.32 W, 35
2026/10/08 02:04:59.559, 2, 120 MHz, 3996 MHz, 182.21 W, 29
2026/10/08 02:04:59.559, 3, 120 MHz, 3996 MHz, 182.18 W, 29
2026/10/08 02:04:59.559, 4, 120 MHz, 3996 MHz, 188.46 W, 41
2026/10/08 02:04:59.559, 5, 120 MHz, 3996 MHz, 186.54 W, 40
2026/10/08 02:04:59.559, 6, 120 MHz, 3996 MHz, 184.83 W, 29
2026/10/08 02:04:59.559, 7, 120 MHz, 3996 MHz, 184.59 W, 28
2026/10/08 02:04:59.659, 0, 120 MHz, 3996 MHz, 184.47 W, 33
2026/10/08 02:04:59.659, 1, 120 MHz, 3996 MHz, 186.29 W, 35
2026/10/08 02:04:59.659, 2, 120 MHz, 3996 MHz, 182.21 W, 29
2026/10/08 02:04:59.659, 3, 120 MHz, 3996 MHz, 182.17 W, 29
2026/10/08 02:04:59.659, 4, 120 MHz, 3996 MHz, 188.46 W, 41
2026/10/08 02:04:59.659, 5, 120 MHz, 3996 MHz, 186.54 W, 40
2026/10/08 02:04:59.659, 6, 120 MHz, 3996 MHz, 184.83 W, 29
2026/10/08 02:04:59.659, 7, 120 MHz, 3996 MHz, 184.59 W, 28
2026/10/08 02:04:59.759, 0, 120 MHz, 3996 MHz, 184.47 W, 33
2026/10/08 02:04:59.759, 1, 120 MHz, 3996 MHz, 186.29 W, 35
2026/10/08 02:04:59.759, 2, 120 MHz, 3996 MHz, 182.21 W, 29
2026/10/08 02:04:59.759, 3, 120 MHz, 3996 MHz, 182.17 W, 29
2026/10/08 02:04:59.759, 4, 120 MHz, 3996 MHz, 188.43 W, 41
2026/10/08 02:04:59.759, 5, 120 MHz, 3996 MHz, 186.55 W, 40
2026/10/08 02:04:59.759, 6, 120 MHz, 3996 MHz, 184.83 W, 29
2026/10/08 02:04:59.759, 7, 120 MHz, 3996 MHz, 184.59 W, 28
2026/10/08 02:04:59.859, 0, 120 MHz, 3996 MHz, 184.47 W, 33
2026/10/08 02:04:59.859, 1, 120 MHz, 3996 MHz, 186.29 W, 35
2026/10/08 02:04:59.859, 2, 120 MHz, 3996 MHz, 182.21 W, 29
2026/10/08 02:04:59.859, 3, 120 MHz, 3996 MHz, 182.17 W, 29
2026/10/08 02:04:59.859, 4, 120 MHz, 3996 MHz, 188.39 W, 41
2026/10/08 02:04:59.859, 5, 120 MHz, 3996 MHz, 186.55 W, 40
2026/10/08 02:04:59.859, 6, 120 MHz, 3996 MHz, 184.83 W, 29
2026/10/08 02:04:59.859, 7, 120 MHz, 3996 MHz, 184.59 W, 28
2026/10/08 02:04:59.960, 0, 120 MHz, 3996 MHz, 184.47 W, 33
2026/10/08 02:04:59.960, 1, 120 MHz, 3996 MHz, 186.29 W, 35
2026/10/08 02:04:59.960, 2, 120 MHz, 3996 MHz, 182.17 W, 29
2026/10/08 02:04:59.960, 3, 120 MHz, 3996 MHz, 182.17 W, 29
2026/10/08 02:04:59.960, 4, 120 MHz, 3996 MHz, 188.39 W, 41
2026/10/08 02:04:59.960, 5, 120 MHz, 3996 MHz, 186.55 W, 40
2026/10/08 02:04:59.960, 6, 120 MHz, 3996 MHz, 184.83 W, 29
2026/10/08 02:04:59.960, 7, 120 MHz, 3996 MHz, 184.59 W, 28
2026/10/08 02:05:00.060, 0, 120 MHz, 3996 MHz, 184.47 W, 33
2026/10/08 02:05:00.060, 1, 120 MHz, 3996 MHz, 186.29 W, 35
2026/10/08 02:05:00.060, 2, 120 MHz, 3996 MHz, 182.17 W, 29
2026/10/08 02:05:00.060, 3, 120 MHz, 3996 MHz, 182.16 W, 29
2026/10/08 02:05:00.060, 4, 120 MHz, 3996 MHz, 188.39 W, 41
2026/10/08 02:05:00.060, 5, 120 MHz, 3996 MHz, 186.55 W, 40
2026/10/08 02:05:00.060, 6, 120 MHz, 3996 MHz, 184.83 W, 29
2026/10/08 02:05:00.060, 7, 120 MHz, 3996 MHz, 184.59 W, 28
2026/10/08 02:05:00.160, 0, 120 MHz, 3996 MHz, 184.47 W, 33
2026/10/08 02:05:00.160, 1, 120 MHz, 3996 MHz, 186.29 W, 35
2026/10/08 02:05:00.160, 2, 120 MHz, 3996 MHz, 182.17 W, 29
2026/10/08 02:05:00.160, 3, 120 MHz, 3996 MHz, 182.16 W, 29
2026/10/08 02:05:00.160, 4, 120 MHz, 3996 MHz, 188.38 W, 41
2026/10/08 02:05:00.160, 5, 120 MHz, 3996 MHz, 186.55 W, 39
2026/10/08 02:05:00.160, 6, 120 MHz, 3996 MHz, 184.83 W, 29
2026/10/08 02:05:00.160, 7, 120 MHz, 3996 MHz, 184.59 W, 28
2026/10/08 02:05:00.260, 0, 120 MHz, 3996 MHz, 184.47 W, 33
2026/10/08 02:05:00.260, 1, 120 MHz, 3996 MHz, 186.29 W, 35
2026/10/08 02:05:00.260, 2, 120 MHz, 3996 MHz, 182.17 W, 29
2026/10/08 02:05:00.260, 3, 120 MHz, 3996 MHz, 182.16 W, 29
2026/10/08 02:05:00.260, 4, 120 MHz, 3996 MHz, 188.39 W, 41
2026/10/08 02:05:00.260, 5, 120 MHz, 3996 MHz, 186.55 W, 39
2026/10/08 02:05:00.260, 6, 120 MHz, 3996 MHz, 184.83 W, 29
2026/10/08 02:05:00.260, 7, 120 MHz, 3996 MHz, 184.59 W, 28
2026/10/08 02:05:00.361, 0, 120 MHz, 3996 MHz, 184.47 W, 33
2026/10/08 02:05:00.361, 1, 120 MHz, 3996 MHz, 186.29 W, 35
2026/10/08 02:05:00.361, 2, 120 MHz, 3996 MHz, 182.13 W, 29
2026/10/08 02:05:00.361, 3, 120 MHz, 3996 MHz, 182.16 W, 29
2026/10/08 02:05:00.361, 4, 120 MHz, 3996 MHz, 188.39 W, 41
2026/10/08 02:05:00.361, 5, 120 MHz, 3996 MHz, 186.55 W, 39
2026/10/08 02:05:00.361, 6, 120 MHz, 3996 MHz, 184.83 W, 29
2026/10/08 02:05:00.361, 7, 120 MHz, 3996 MHz, 184.59 W, 28
2026/10/08 02:05:00.461, 0, 120 MHz, 3996 MHz, 184.47 W, 33
2026/10/08 02:05:00.461, 1, 120 MHz, 3996 MHz, 186.29 W, 35
2026/10/08 02:05:00.461, 2, 120 MHz, 3996 MHz, 182.13 W, 29
2026/10/08 02:05:00.461, 3, 120 MHz, 3996 MHz, 182.16 W, 29
2026/10/08 02:05:00.461, 4, 120 MHz, 3996 MHz, 188.39 W, 41
2026/10/08 02:05:00.461, 5, 120 MHz, 3996 MHz, 186.55 W, 39
2026/10/08 02:05:00.461, 6, 120 MHz, 3996 MHz, 184.83 W, 29
2026/10/08 02:05:00.461, 7, 120 MHz, 3996 MHz, 184.59 W, 28
2026/10/08 02:05:00.561, 0, 120 MHz, 3996 MHz, 184.47 W, 33
2026/10/08 02:05:00.561, 1, 120 MHz, 3996 MHz, 186.29 W, 35
2026/10/08 02:05:00.561, 2, 120 MHz, 3996 MHz, 182.13 W, 29
2026/10/08 02:05:00.561, 3, 120 MHz, 3996 MHz, 182.15 W, 29
2026/10/08 02:05:00.561, 4, 120 MHz, 3996 MHz, 188.39 W, 41
2026/10/08 02:05:00.561, 5, 120 MHz, 3996 MHz, 186.55 W, 39
2026/10/08 02:05:00.561, 6, 120 MHz, 3996 MHz, 184.83 W, 29
2026/10/08 02:05:00.561, 7, 120 MHz, 3996 MHz, 184.59 W, 28
2026/10/08 02:05:00.662, 0, 120 MHz, 3996 MHz, 184.47 W, 33
2026/10/08 02:05:00.662, 1, 120 MHz, 3996 MHz, 186.29 W, 35
2026/10/08 02:05:00.662, 2, 120 MHz, 3996 MHz, 182.13 W, 29
2026/10/08 02:05:00.662, 3, 120 MHz, 3996 MHz, 182.15 W, 29
2026/10/08 02:05:00.662, 4, 120 MHz, 3996 MHz, 188.38 W, 41
2026/10/08 02:05:00.662, 5, 120 MHz, 3996 MHz, 186.55 W, 39
2026/10/08 02:05:00.662, 6, 120 MHz, 3996 MHz, 184.83 W, 29
2026/10/08 02:05:00.662, 7, 120 MHz, 3996 MHz, 184.59 W, 28
2026/10/08 02:05:00.762, 0, 120 MHz, 3996 MHz, 184.47 W, 33
2026/10/08 02:05:00.762, 1, 120 MHz, 3996 MHz, 186.29 W, 35
2026/10/08 02:05:00.762, 2, 120 MHz, 3996 MHz, 182.13 W, 29
2026/10/08 02:05:00.762, 3, 120 MHz, 3996 MHz, 182.15 W, 29
2026/10/08 02:05:00.762, 4, 120 MHz, 3996 MHz, 188.33 W, 41
2026/10/08 02:05:00.762, 5, 120 MHz, 3996 MHz, 186.55 W, 39
2026/10/08 02:05:00.762, 6, 120 MHz, 3996 MHz, 184.83 W, 29
2026/10/08 02:05:00.762, 7, 120 MHz, 3996 MHz, 184.59 W, 28
2026/10/08 02:05:00.862, 0, 120 MHz, 3996 MHz, 184.47 W, 33
2026/10/08 02:05:00.862, 1, 120 MHz, 3996 MHz, 186.29 W, 35
2026/10/08 02:05:00.862, 2, 120 MHz, 3996 MHz, 182.13 W, 29
2026/10/08 02:05:00.862, 3, 120 MHz, 3996 MHz, 182.15 W, 29
2026/10/08 02:05:00.862, 4, 120 MHz, 3996 MHz, 188.30 W, 41
2026/10/08 02:05:00.862, 5, 120 MHz, 3996 MHz, 186.54 W, 39
2026/10/08 02:05:00.862, 6, 120 MHz, 3996 MHz, 184.83 W, 29
2026/10/08 02:05:00.862, 7, 120 MHz, 3996 MHz, 184.59 W, 28
2026/10/08 02:05:00.962, 0, 120 MHz, 3996 MHz, 184.47 W, 33
2026/10/08 02:05:00.963, 1, 120 MHz, 3996 MHz, 186.29 W, 35
2026/10/08 02:05:00.963, 2, 120 MHz, 3996 MHz, 182.13 W, 29
2026/10/08 02:05:00.963, 3, 120 MHz, 3996 MHz, 182.15 W, 29
2026/10/08 02:05:00.963, 4, 120 MHz, 3996 MHz, 188.33 W, 41
2026/10/08 02:05:00.963, 5, 120 MHz, 3996 MHz, 186.51 W, 39
2026/10/08 02:05:00.963, 6, 120 MHz, 3996 MHz, 184.83 W, 29
2026/10/08 02:05:00.963, 7, 120 MHz, 3996 MHz, 184.59 W, 28
2026/10/08 02:05:01.063, 0, 120 MHz, 3996 MHz, 184.47 W, 33
2026/10/08 02:05:01.063, 1, 120 MHz, 3996 MHz, 186.29 W, 35
2026/10/08 02:05:01.063, 2, 120 MHz, 3996 MHz, 182.13 W, 29
2026/10/08 02:05:01.063, 3, 120 MHz, 3996 MHz, 182.15 W, 29
2026/10/08 02:05:01.063, 4, 120 MHz, 3996 MHz, 188.29 W, 41
2026/10/08 02:05:01.063, 5, 120 MHz, 3996 MHz, 186.51 W, 39
2026/10/08 02:05:01.063, 6, 120 MHz, 3996 MHz, 184.83 W, 29
2026/10/08 02:05:01.063, 7, 120 MHz, 3996 MHz, 184.59 W, 28
2026/10/08 02:05:01.163, 0, 120 MHz, 3996 MHz, 184.47 W, 33
2026/10/08 02:05:01.163, 1, 120 MHz, 3996 MHz, 186.29 W, 35
2026/10/08 02:05:01.163, 2, 120 MHz, 3996 MHz, 182.13 W, 29
2026/10/08 02:05:01.163, 3, 120 MHz, 3996 MHz, 182.15 W, 29
2026/10/08 02:05:01.163, 4, 120 MHz, 3996 MHz, 188.23 W, 41
2026/10/08 02:05:01.163, 5, 120 MHz, 3996 MHz, 186.51 W, 39
2026/10/08 02:05:01.163, 6, 120 MHz, 3996 MHz, 184.83 W, 29
2026/10/08 02:05:01.163, 7, 120 MHz, 3996 MHz, 184.59 W, 28
2026/10/08 02:05:01.263, 0, 120 MHz, 3996 MHz, 184.47 W, 33
2026/10/08 02:05:01.263, 1, 120 MHz, 3996 MHz, 186.29 W, 35
2026/10/08 02:05:01.263, 2, 120 MHz, 3996 MHz, 182.13 W, 29
2026/10/08 02:05:01.263, 3, 120 MHz, 3996 MHz, 182.15 W, 29
2026/10/08 02:05:01.263, 4, 120 MHz, 3996 MHz, 188.15 W, 41
2026/10/08 02:05:01.263, 5, 120 MHz, 3996 MHz, 186.51 W, 39
2026/10/08 02:05:01.263, 6, 120 MHz, 3996 MHz, 184.83 W, 29
2026/10/08 02:05:01.263, 7, 120 MHz, 3996 MHz, 184.59 W, 28
2026/10/08 02:05:01.364, 0, 120 MHz, 3996 MHz, 184.47 W, 33
2026/10/08 02:05:01.364, 1, 120 MHz, 3996 MHz, 186.29 W, 35
2026/10/08 02:05:01.364, 2, 120 MHz, 3996 MHz, 182.13 W, 29
2026/10/08 02:05:01.364, 3, 120 MHz, 3996 MHz, 182.15 W, 29
2026/10/08 02:05:01.364, 4, 120 MHz, 3996 MHz, 188.07 W, 41
2026/10/08 02:05:01.364, 5, 120 MHz, 3996 MHz, 186.51 W, 39
2026/10/08 02:05:01.364, 6, 120 MHz, 3996 MHz, 184.83 W, 29
2026/10/08 02:05:01.364, 7, 120 MHz, 3996 MHz, 184.59 W, 28
2026/10/08 02:05:01.464, 0, 120 MHz, 3996 MHz, 184.47 W, 33
2026/10/08 02:05:01.464, 1, 120 MHz, 3996 MHz, 186.29 W, 35
2026/10/08 02:05:01.464, 2, 120 MHz, 3996 MHz, 182.13 W, 29
2026/10/08 02:05:01.464, 3, 120 MHz, 3996 MHz, 182.15 W, 29
2026/10/08 02:05:01.464, 4, 120 MHz, 3996 MHz, 188.06 W, 41
2026/10/08 02:05:01.464, 5, 120 MHz, 3996 MHz, 186.52 W, 39
2026/10/08 02:05:01.464, 6, 120 MHz, 3996 MHz, 184.83 W, 29
2026/10/08 02:05:01.464, 7, 120 MHz, 3996 MHz, 184.59 W, 28
2026/10/08 02:05:01.564, 0, 120 MHz, 3996 MHz, 184.47 W, 33
2026/10/08 02:05:01.564, 1, 120 MHz, 3996 MHz, 186.29 W, 35
2026/10/08 02:05:01.564, 2, 120 MHz, 3996 MHz, 182.13 W, 29
2026/10/08 02:05:01.564, 3, 120 MHz, 3996 MHz, 182.15 W, 29
2026/10/08 02:05:01.564, 4, 120 MHz, 3996 MHz, 187.99 W, 41
2026/10/08 02:05:01.564, 5, 120 MHz, 3996 MHz, 186.51 W, 39
2026/10/08 02:05:01.564, 6, 120 MHz, 3996 MHz, 184.83 W, 29
2026/10/08 02:05:01.564, 7, 120 MHz, 3996 MHz, 184.59 W, 28
2026/10/08 02:05:01.664, 0, 120 MHz, 3996 MHz, 184.47 W, 33
2026/10/08 02:05:01.664, 1, 120 MHz, 3996 MHz, 186.29 W, 35
2026/10/08 02:05:01.664, 2, 120 MHz, 3996 MHz, 182.13 W, 29
2026/10/08 02:05:01.664, 3, 120 MHz, 3996 MHz, 182.14 W, 29
2026/10/08 02:05:01.664, 4, 120 MHz, 3996 MHz, 188.00 W, 41
2026/10/08 02:05:01.665, 5, 120 MHz, 3996 MHz, 186.47 W, 39
2026/10/08 02:05:01.665, 6, 120 MHz, 3996 MHz, 184.83 W, 29
2026/10/08 02:05:01.665, 7, 120 MHz, 3996 MHz, 184.59 W, 28
2026/10/08 02:05:01.765, 0, 120 MHz, 3996 MHz, 184.47 W, 33
2026/10/08 02:05:01.765, 1, 120 MHz, 3996 MHz, 186.29 W, 35
2026/10/08 02:05:01.765, 2, 120 MHz, 3996 MHz, 182.17 W, 29
2026/10/08 02:05:01.765, 3, 120 MHz, 3996 MHz, 182.14 W, 29
2026/10/08 02:05:01.765, 4, 120 MHz, 3996 MHz, 188.01 W, 41
2026/10/08 02:05:01.765, 5, 120 MHz, 3996 MHz, 186.48 W, 39
2026/10/08 02:05:01.765, 6, 120 MHz, 3996 MHz, 184.83 W, 29
2026/10/08 02:05:01.765, 7, 120 MHz, 3996 MHz, 184.59 W, 28
2026/10/08 02:05:01.865, 0, 120 MHz, 3996 MHz, 184.47 W, 33
2026/10/08 02:05:01.865, 1, 120 MHz, 3996 MHz, 186.29 W, 35
2026/10/08 02:05:01.865, 2, 120 MHz, 3996 MHz, 182.17 W, 29
2026/10/08 02:05:01.865, 3, 120 MHz, 3996 MHz, 182.10 W, 29
2026/10/08 02:05:01.865, 4, 120 MHz, 3996 MHz, 187.97 W, 41
2026/10/08 02:05:01.865, 5, 120 MHz, 3996 MHz, 186.48 W, 39
2026/10/08 02:05:01.865, 6, 120 MHz, 3996 MHz, 184.83 W, 29
2026/10/08 02:05:01.865, 7, 120 MHz, 3996 MHz, 184.59 W, 28
2026/10/08 02:05:01.965, 0, 120 MHz, 3996 MHz, 184.47 W, 33
2026/10/08 02:05:01.965, 1, 120 MHz, 3996 MHz, 186.29 W, 35
2026/10/08 02:05:01.965, 2, 120 MHz, 3996 MHz, 182.17 W, 29
2026/10/08 02:05:01.965, 3, 120 MHz, 3996 MHz, 182.11 W, 29
2026/10/08 02:05:01.965, 4, 120 MHz, 3996 MHz, 187.93 W, 41
2026/10/08 02:05:01.965, 5, 120 MHz, 3996 MHz, 186.52 W, 39
2026/10/08 02:05:01.965, 6, 120 MHz, 3996 MHz, 184.83 W, 29
2026/10/08 02:05:01.965, 7, 120 MHz, 3996 MHz, 184.59 W, 28
2026/10/08 02:05:02.065, 0, 120 MHz, 3996 MHz, 184.47 W, 33
2026/10/08 02:05:02.066, 1, 120 MHz, 3996 MHz, 186.29 W, 35
2026/10/08 02:05:02.066, 2, 120 MHz, 3996 MHz, 182.17 W, 29
2026/10/08 02:05:02.066, 3, 120 MHz, 3996 MHz, 182.11 W, 29
2026/10/08 02:05:02.066, 4, 120 MHz, 3996 MHz, 187.87 W, 41
2026/10/08 02:05:02.066, 5, 120 MHz, 3996 MHz, 186.52 W, 39
2026/10/08 02:05:02.066, 6, 120 MHz, 3996 MHz, 184.83 W, 29
2026/10/08 02:05:02.066, 7, 120 MHz, 3996 MHz, 184.59 W, 28
2026/10/08 02:05:02.166, 0, 120 MHz, 3996 MHz, 184.47 W, 33
2026/10/08 02:05:02.166, 1, 120 MHz, 3996 MHz, 186.29 W, 35
2026/10/08 02:05:02.166, 2, 120 MHz, 3996 MHz, 182.17 W, 29
2026/10/08 02:05:02.166, 3, 120 MHz, 3996 MHz, 182.11 W, 29
2026/10/08 02:05:02.166, 4, 120 MHz, 3996 MHz, 187.74 W, 41
2026/10/08 02:05:02.166, 5, 120 MHz, 3996 MHz, 186.48 W, 39
2026/10/08 02:05:02.166, 6, 120 MHz, 3996 MHz, 184.83 W, 29
2026/10/08 02:05:02.166, 7, 120 MHz, 3996 MHz, 184.59 W, 28
2026/10/08 02:05:02.266, 0, 120 MHz, 3996 MHz, 184.47 W, 33
2026/10/08 02:05:02.266, 1, 120 MHz, 3996 MHz, 186.29 W, 35
2026/10/08 02:05:02.266, 2, 120 MHz, 3996 MHz, 182.17 W, 29
2026/10/08 02:05:02.266, 3, 120 MHz, 3996 MHz, 182.11 W, 29
2026/10/08 02:05:02.266, 4, 120 MHz, 3996 MHz, 187.66 W, 41
2026/10/08 02:05:02.266, 5, 120 MHz, 3996 MHz, 186.48 W, 39
2026/10/08 02:05:02.266, 6, 120 MHz, 3996 MHz, 184.83 W, 29
2026/10/08 02:05:02.266, 7, 120 MHz, 3996 MHz, 184.59 W, 28
2026/10/08 02:05:02.366, 0, 120 MHz, 3996 MHz, 184.47 W, 33
2026/10/08 02:05:02.366, 1, 120 MHz, 3996 MHz, 186.29 W, 35
2026/10/08 02:05:02.366, 2, 120 MHz, 3996 MHz, 182.17 W, 29
2026/10/08 02:05:02.366, 3, 120 MHz, 3996 MHz, 182.11 W, 29
2026/10/08 02:05:02.366, 4, 120 MHz, 3996 MHz, 187.59 W, 41
2026/10/08 02:05:02.366, 5, 120 MHz, 3996 MHz, 186.48 W, 39
2026/10/08 02:05:02.366, 6, 120 MHz, 3996 MHz, 184.83 W, 29
2026/10/08 02:05:02.366, 7, 120 MHz, 3996 MHz, 184.59 W, 28
2026/10/08 02:05:02.466, 0, 120 MHz, 3996 MHz, 184.47 W, 33
2026/10/08 02:05:02.467, 1, 120 MHz, 3996 MHz, 186.29 W, 35
2026/10/08 02:05:02.467, 2, 120 MHz, 3996 MHz, 182.17 W, 29
2026/10/08 02:05:02.467, 3, 120 MHz, 3996 MHz, 182.12 W, 29
2026/10/08 02:05:02.467, 4, 120 MHz, 3996 MHz, 187.49 W, 41
2026/10/08 02:05:02.467, 5, 120 MHz, 3996 MHz, 186.47 W, 39
2026/10/08 02:05:02.467, 6, 120 MHz, 3996 MHz, 184.83 W, 29
2026/10/08 02:05:02.467, 7, 120 MHz, 3996 MHz, 184.59 W, 28
2026/10/08 02:05:02.567, 0, 120 MHz, 3996 MHz, 184.47 W, 33
2026/10/08 02:05:02.567, 1, 120 MHz, 3996 MHz, 186.29 W, 35
2026/10/08 02:05:02.567, 2, 120 MHz, 3996 MHz, 182.17 W, 29
2026/10/08 02:05:02.567, 3, 120 MHz, 3996 MHz, 182.12 W, 29
2026/10/08 02:05:02.567, 4, 120 MHz, 3996 MHz, 187.42 W, 41
2026/10/08 02:05:02.567, 5, 120 MHz, 3996 MHz, 186.44 W, 39
2026/10/08 02:05:02.567, 6, 120 MHz, 3996 MHz, 184.83 W, 29
2026/10/08 02:05:02.567, 7, 120 MHz, 3996 MHz, 184.59 W, 28
2026/10/08 02:05:02.667, 0, 120 MHz, 3996 MHz, 184.47 W, 33
2026/10/08 02:05:02.667, 1, 120 MHz, 3996 MHz, 186.29 W, 35
2026/10/08 02:05:02.667, 2, 120 MHz, 3996 MHz, 182.17 W, 29
2026/10/08 02:05:02.667, 3, 120 MHz, 3996 MHz, 182.12 W, 29
2026/10/08 02:05:02.667, 4, 120 MHz, 3996 MHz, 187.30 W, 41
2026/10/08 02:05:02.667, 5, 120 MHz, 3996 MHz, 186.45 W, 39
2026/10/08 02:05:02.667, 6, 120 MHz, 3996 MHz, 184.83 W, 29
2026/10/08 02:05:02.667, 7, 120 MHz, 3996 MHz, 184.59 W, 28
2026/10/08 02:05:02.767, 0, 120 MHz, 3996 MHz, 184.47 W, 33
2026/10/08 02:05:02.767, 1, 120 MHz, 3996 MHz, 186.29 W, 35
2026/10/08 02:05:02.767, 2, 120 MHz, 3996 MHz, 182.13 W, 29
2026/10/08 02:05:02.767, 3, 120 MHz, 3996 MHz, 182.12 W, 29
2026/10/08 02:05:02.767, 4, 120 MHz, 3996 MHz, 187.16 W, 41
2026/10/08 02:05:02.767, 5, 120 MHz, 3996 MHz, 186.44 W, 39
2026/10/08 02:05:02.767, 6, 120 MHz, 3996 MHz, 184.83 W, 29
2026/10/08 02:05:02.767, 7, 120 MHz, 3996 MHz, 184.59 W, 28
2026/10/08 02:05:02.868, 0, 120 MHz, 3996 MHz, 184.47 W, 33
2026/10/08 02:05:02.868, 1, 120 MHz, 3996 MHz, 186.29 W, 35
2026/10/08 02:05:02.868, 2, 120 MHz, 3996 MHz, 182.13 W, 29
2026/10/08 02:05:02.868, 3, 120 MHz, 3996 MHz, 182.12 W, 29
2026/10/08 02:05:02.868, 4, 120 MHz, 3996 MHz, 187.12 W, 41
2026/10/08 02:05:02.868, 5, 120 MHz, 3996 MHz, 186.45 W, 39
2026/10/08 02:05:02.868, 6, 120 MHz, 3996 MHz, 184.83 W, 29
2026/10/08 02:05:02.868, 7, 120 MHz, 3996 MHz, 184.59 W, 28
2026/10/08 02:05:02.968, 0, 120 MHz, 3996 MHz, 184.47 W, 33
2026/10/08 02:05:02.968, 1, 120 MHz, 3996 MHz, 186.29 W, 35
2026/10/08 02:05:02.968, 2, 120 MHz, 3996 MHz, 182.13 W, 29
2026/10/08 02:05:02.968, 3, 120 MHz, 3996 MHz, 182.15 W, 29
2026/10/08 02:05:02.968, 4, 120 MHz, 3996 MHz, 186.99 W, 41
2026/10/08 02:05:02.968, 5, 120 MHz, 3996 MHz, 186.44 W, 39
2026/10/08 02:05:02.968, 6, 120 MHz, 3996 MHz, 184.83 W, 29
2026/10/08 02:05:02.968, 7, 120 MHz, 3996 MHz, 184.59 W, 28
2026/10/08 02:05:03.068, 0, 120 MHz, 3996 MHz, 184.47 W, 33
2026/10/08 02:05:03.068, 1, 120 MHz, 3996 MHz, 186.29 W, 35
2026/10/08 02:05:03.068, 2, 120 MHz, 3996 MHz, 182.13 W, 29
2026/10/08 02:05:03.068, 3, 120 MHz, 3996 MHz, 182.15 W, 29
2026/10/08 02:05:03.068, 4, 120 MHz, 3996 MHz, 186.92 W, 41
2026/10/08 02:05:03.068, 5, 120 MHz, 3996 MHz, 186.36 W, 39
2026/10/08 02:05:03.068, 6, 120 MHz, 3996 MHz, 184.83 W, 29
2026/10/08 02:05:03.068, 7, 120 MHz, 3996 MHz, 184.59 W, 28
2026/10/08 02:05:03.168, 0, 120 MHz, 3996 MHz, 184.47 W, 33
2026/10/08 02:05:03.168, 1, 120 MHz, 3996 MHz, 186.29 W, 35
2026/10/08 02:05:03.168, 2, 120 MHz, 3996 MHz, 182.13 W, 29
2026/10/08 02:05:03.168, 3, 120 MHz, 3996 MHz, 182.16 W, 29
2026/10/08 02:05:03.168, 4, 120 MHz, 3996 MHz, 186.95 W, 41
2026/10/08 02:05:03.168, 5, 120 MHz, 3996 MHz, 186.41 W, 39
2026/10/08 02:05:03.168, 6, 120 MHz, 3996 MHz, 184.83 W, 29
2026/10/08 02:05:03.168, 7, 120 MHz, 3996 MHz, 184.59 W, 28
2026/10/08 02:05:03.269, 0, 120 MHz, 3996 MHz, 184.47 W, 33
2026/10/08 02:05:03.269, 1, 120 MHz, 3996 MHz, 186.29 W, 35
2026/10/08 02:05:03.269, 2, 120 MHz, 3996 MHz, 182.17 W, 29
2026/10/08 02:05:03.269, 3, 120 MHz, 3996 MHz, 182.16 W, 29
2026/10/08 02:05:03.269, 4, 120 MHz, 3996 MHz, 186.95 W, 41
2026/10/08 02:05:03.269, 5, 120 MHz, 3996 MHz, 186.37 W, 39
2026/10/08 02:05:03.269, 6, 120 MHz, 3996 MHz, 184.83 W, 29
2026/10/08 02:05:03.269, 7, 120 MHz, 3996 MHz, 184.59 W, 28
2026/10/08 02:05:03.369, 0, 120 MHz, 3996 MHz, 184.47 W, 33
2026/10/08 02:05:03.369, 1, 120 MHz, 3996 MHz, 186.29 W, 35
2026/10/08 02:05:03.369, 2, 120 MHz, 3996 MHz, 182.17 W, 29
2026/10/08 02:05:03.369, 3, 120 MHz, 3996 MHz, 182.16 W, 29
2026/10/08 02:05:03.369, 4, 120 MHz, 3996 MHz, 186.95 W, 41
2026/10/08 02:05:03.369, 5, 120 MHz, 3996 MHz, 186.34 W, 39
2026/10/08 02:05:03.369, 6, 120 MHz, 3996 MHz, 184.83 W, 29
2026/10/08 02:05:03.369, 7, 120 MHz, 3996 MHz, 184.59 W, 28
2026/10/08 02:05:03.469, 0, 120 MHz, 3996 MHz, 184.47 W, 33
2026/10/08 02:05:03.469, 1, 120 MHz, 3996 MHz, 186.29 W, 35
2026/10/08 02:05:03.469, 2, 120 MHz, 3996 MHz, 182.17 W, 29
2026/10/08 02:05:03.469, 3, 120 MHz, 3996 MHz, 182.16 W, 29
2026/10/08 02:05:03.469, 4, 120 MHz, 3996 MHz, 186.95 W, 41
2026/10/08 02:05:03.469, 5, 120 MHz, 3996 MHz, 186.27 W, 39
2026/10/08 02:05:03.469, 6, 120 MHz, 3996 MHz, 184.83 W, 29
2026/10/08 02:05:03.469, 7, 120 MHz, 3996 MHz, 184.59 W, 28
2026/10/08 02:05:03.569, 0, 120 MHz, 3996 MHz, 184.47 W, 33
2026/10/08 02:05:03.569, 1, 120 MHz, 3996 MHz, 186.29 W, 35
2026/10/08 02:05:03.569, 2, 120 MHz, 3996 MHz, 182.17 W, 29
2026/10/08 02:05:03.569, 3, 120 MHz, 3996 MHz, 182.15 W, 29
2026/10/08 02:05:03.569, 4, 120 MHz, 3996 MHz, 186.84 W, 41
2026/10/08 02:05:03.569, 5, 120 MHz, 3996 MHz, 186.27 W, 39
2026/10/08 02:05:03.569, 6, 120 MHz, 3996 MHz, 184.83 W, 29
2026/10/08 02:05:03.569, 7, 120 MHz, 3996 MHz, 184.59 W, 28
2026/10/08 02:05:03.670, 0, 120 MHz, 3996 MHz, 184.47 W, 33
2026/10/08 02:05:03.670, 1, 120 MHz, 3996 MHz, 186.29 W, 35
2026/10/08 02:05:03.670, 2, 120 MHz, 3996 MHz, 182.17 W, 29
2026/10/08 02:05:03.670, 3, 120 MHz, 3996 MHz, 182.15 W, 29
2026/10/08 02:05:03.670, 4, 120 MHz, 3996 MHz, 186.80 W, 41
2026/10/08 02:05:03.670, 5, 120 MHz, 3996 MHz, 186.30 W, 39
2026/10/08 02:05:03.670, 6, 120 MHz, 3996 MHz, 184.83 W, 29
2026/10/08 02:05:03.670, 7, 120 MHz, 3996 MHz, 184.59 W, 28
2026/10/08 02:05:03.770, 0, 120 MHz, 3996 MHz, 184.47 W, 33
2026/10/08 02:05:03.770, 1, 120 MHz, 3996 MHz, 186.29 W, 35
2026/10/08 02:05:03.770, 2, 120 MHz, 3996 MHz, 182.17 W, 29
2026/10/08 02:05:03.770, 3, 120 MHz, 3996 MHz, 182.15 W, 29
2026/10/08 02:05:03.770, 4, 120 MHz, 3996 MHz, 186.87 W, 41
2026/10/08 02:05:03.770, 5, 120 MHz, 3996 MHz, 186.27 W, 39
2026/10/08 02:05:03.770, 6, 120 MHz, 3996 MHz, 184.83 W, 29
2026/10/08 02:05:03.770, 7, 120 MHz, 3996 MHz, 184.59 W, 28
2026/10/08 02:05:03.870, 0, 120 MHz, 3996 MHz, 184.47 W, 33
2026/10/08 02:05:03.870, 1, 120 MHz, 3996 MHz, 186.29 W, 35
2026/10/08 02:05:03.870, 2, 120 MHz, 3996 MHz, 182.17 W, 29
2026/10/08 02:05:03.870, 3, 120 MHz, 3996 MHz, 182.15 W, 29
2026/10/08 02:05:03.870, 4, 120 MHz, 3996 MHz, 186.84 W, 41
2026/10/08 02:05:03.870, 5, 120 MHz, 3996 MHz, 186.26 W, 39
2026/10/08 02:05:03.870, 6, 120 MHz, 3996 MHz, 184.83 W, 29
2026/10/08 02:05:03.870, 7, 120 MHz, 3996 MHz, 184.59 W, 28
2026/10/08 02:05:03.970, 0, 120 MHz, 3996 MHz, 184.47 W, 33
2026/10/08 02:05:03.970, 1, 120 MHz, 3996 MHz, 186.29 W, 35
2026/10/08 02:05:03.970, 2, 120 MHz, 3996 MHz, 182.17 W, 29
2026/10/08 02:05:03.970, 3, 120 MHz, 3996 MHz, 182.15 W, 29
2026/10/08 02:05:03.970, 4, 120 MHz, 3996 MHz, 186.83 W, 41
2026/10/08 02:05:03.970, 5, 120 MHz, 3996 MHz, 186.22 W, 39
2026/10/08 02:05:03.970, 6, 120 MHz, 3996 MHz, 184.83 W, 29
2026/10/08 02:05:03.970, 7, 120 MHz, 3996 MHz, 184.59 W, 28
2026/10/08 02:05:04.071, 0, 120 MHz, 3996 MHz, 184.47 W, 33
2026/10/08 02:05:04.071, 1, 120 MHz, 3996 MHz, 186.29 W, 35
2026/10/08 02:05:04.071, 2, 120 MHz, 3996 MHz, 182.17 W, 29
2026/10/08 02:05:04.071, 3, 120 MHz, 3996 MHz, 182.15 W, 29
2026/10/08 02:05:04.071, 4, 120 MHz, 3996 MHz, 186.79 W, 41
2026/10/08 02:05:04.071, 5, 120 MHz, 3996 MHz, 186.27 W, 39
2026/10/08 02:05:04.071, 6, 120 MHz, 3996 MHz, 184.83 W, 29
2026/10/08 02:05:04.071, 7, 120 MHz, 3996 MHz, 184.59 W, 28
2026/10/08 02:05:04.171, 0, 120 MHz, 3996 MHz, 184.47 W, 33
2026/10/08 02:05:04.171, 1, 120 MHz, 3996 MHz, 186.29 W, 35
2026/10/08 02:05:04.171, 2, 120 MHz, 3996 MHz, 182.17 W, 29
2026/10/08 02:05:04.171, 3, 120 MHz, 3996 MHz, 182.15 W, 29
2026/10/08 02:05:04.171, 4, 120 MHz, 3996 MHz, 186.76 W, 41
2026/10/08 02:05:04.171, 5, 120 MHz, 3996 MHz, 186.30 W, 39
2026/10/08 02:05:04.171, 6, 120 MHz, 3996 MHz, 184.83 W, 29
2026/10/08 02:05:04.171, 7, 120 MHz, 3996 MHz, 184.59 W, 28
2026/10/08 02:05:04.271, 0, 120 MHz, 3996 MHz, 184.47 W, 33
2026/10/08 02:05:04.271, 1, 120 MHz, 3996 MHz, 186.29 W, 35
2026/10/08 02:05:04.271, 2, 120 MHz, 3996 MHz, 182.13 W, 29
2026/10/08 02:05:04.271, 3, 120 MHz, 3996 MHz, 182.14 W, 29
2026/10/08 02:05:04.271, 4, 120 MHz, 3996 MHz, 186.79 W, 40
2026/10/08 02:05:04.271, 5, 120 MHz, 3996 MHz, 186.29 W, 39
2026/10/08 02:05:04.271, 6, 120 MHz, 3996 MHz, 184.83 W, 29
2026/10/08 02:05:04.271, 7, 120 MHz, 3996 MHz, 184.60 W, 28
2026/10/08 02:05:04.371, 0, 120 MHz, 3996 MHz, 184.47 W, 33
2026/10/08 02:05:04.371, 1, 120 MHz, 3996 MHz, 186.29 W, 35
2026/10/08 02:05:04.371, 2, 120 MHz, 3996 MHz, 182.13 W, 29
2026/10/08 02:05:04.371, 3, 120 MHz, 3996 MHz, 182.14 W, 29
2026/10/08 02:05:04.371, 4, 120 MHz, 3996 MHz, 186.72 W, 40
2026/10/08 02:05:04.371, 5, 120 MHz, 3996 MHz, 186.24 W, 39
2026/10/08 02:05:04.371, 6, 120 MHz, 3996 MHz, 184.83 W, 29
2026/10/08 02:05:04.371, 7, 120 MHz, 3996 MHz, 184.60 W, 28
2026/10/08 02:05:04.472, 0, 120 MHz, 3996 MHz, 184.47 W, 33
2026/10/08 02:05:04.472, 1, 120 MHz, 3996 MHz, 186.29 W, 35
2026/10/08 02:05:04.472, 2, 120 MHz, 3996 MHz, 182.13 W, 29
2026/10/08 02:05:04.472, 3, 120 MHz, 3996 MHz, 182.14 W, 29
2026/10/08 02:05:04.472, 4, 120 MHz, 3996 MHz, 186.68 W, 40
2026/10/08 02:05:04.472, 5, 120 MHz, 3996 MHz, 186.28 W, 39
2026/10/08 02:05:04.472, 6, 120 MHz, 3996 MHz, 184.83 W, 29
2026/10/08 02:05:04.472, 7, 120 MHz, 3996 MHz, 184.60 W, 28
2026/10/08 02:05:04.572, 0, 120 MHz, 3996 MHz, 184.47 W, 33
2026/10/08 02:05:04.572, 1, 120 MHz, 3996 MHz, 186.29 W, 35
2026/10/08 02:05:04.572, 2, 120 MHz, 3996 MHz, 182.17 W, 29
2026/10/08 02:05:04.572, 3, 120 MHz, 3996 MHz, 182.14 W, 29
2026/10/08 02:05:04.572, 4, 120 MHz, 3996 MHz, 186.68 W, 40
2026/10/08 02:05:04.572, 5, 120 MHz, 3996 MHz, 186.21 W, 39
2026/10/08 02:05:04.572, 6, 120 MHz, 3996 MHz, 184.83 W, 29
2026/10/08 02:05:04.572, 7, 120 MHz, 3996 MHz, 184.60 W, 28
2026/10/08 02:05:04.672, 0, 120 MHz, 3996 MHz, 184.47 W, 33
2026/10/08 02:05:04.672, 1, 120 MHz, 3996 MHz, 186.29 W, 35
2026/10/08 02:05:04.672, 2, 120 MHz, 3996 MHz, 182.17 W, 29
2026/10/08 02:05:04.672, 3, 120 MHz, 3996 MHz, 182.14 W, 29
2026/10/08 02:05:04.672, 4, 120 MHz, 3996 MHz, 186.67 W, 40
2026/10/08 02:05:04.672, 5, 120 MHz, 3996 MHz, 186.20 W, 39
2026/10/08 02:05:04.672, 6, 120 MHz, 3996 MHz, 184.83 W, 29
2026/10/08 02:05:04.672, 7, 120 MHz, 3996 MHz, 184.60 W, 28
2026/10/08 02:05:04.772, 0, 120 MHz, 3996 MHz, 184.47 W, 33
2026/10/08 02:05:04.772, 1, 120 MHz, 3996 MHz, 186.29 W, 35
2026/10/08 02:05:04.772, 2, 120 MHz, 3996 MHz, 182.21 W, 29
2026/10/08 02:05:04.772, 3, 120 MHz, 3996 MHz, 182.14 W, 29
2026/10/08 02:05:04.772, 4, 120 MHz, 3996 MHz, 186.63 W, 40
2026/10/08 02:05:04.772, 5, 120 MHz, 3996 MHz, 186.20 W, 39
2026/10/08 02:05:04.772, 6, 120 MHz, 3996 MHz, 184.83 W, 29
2026/10/08 02:05:04.772, 7, 120 MHz, 3996 MHz, 184.59 W, 28
2026/10/08 02:05:04.873, 0, 120 MHz, 3996 MHz, 184.47 W, 33
2026/10/08 02:05:04.873, 1, 120 MHz, 3996 MHz, 186.29 W, 35
2026/10/08 02:05:04.873, 2, 120 MHz, 3996 MHz, 182.21 W, 29
2026/10/08 02:05:04.873, 3, 120 MHz, 3996 MHz, 182.14 W, 29
2026/10/08 02:05:04.873, 4, 120 MHz, 3996 MHz, 186.56 W, 40
2026/10/08 02:05:04.873, 5, 120 MHz, 3996 MHz, 186.13 W, 39
2026/10/08 02:05:04.873, 6, 120 MHz, 3996 MHz, 184.83 W, 29
2026/10/08 02:05:04.873, 7, 120 MHz, 3996 MHz, 184.59 W, 28
2026/10/08 02:05:04.973, 0, 120 MHz, 3996 MHz, 184.47 W, 33
2026/10/08 02:05:04.973, 1, 120 MHz, 3996 MHz, 186.29 W, 35
2026/10/08 02:05:04.973, 2, 120 MHz, 3996 MHz, 182.25 W, 29
2026/10/08 02:05:04.973, 3, 120 MHz, 3996 MHz, 182.14 W, 29
2026/10/08 02:05:04.973, 4, 120 MHz, 3996 MHz, 186.56 W, 40
2026/10/08 02:05:04.973, 5, 120 MHz, 3996 MHz, 186.10 W, 39
2026/10/08 02:05:04.973, 6, 120 MHz, 3996 MHz, 184.83 W, 29
2026/10/08 02:05:04.973, 7, 120 MHz, 3996 MHz, 184.59 W, 28
2026/10/08 02:05:05.073, 0, 120 MHz, 3996 MHz, 184.47 W, 33
2026/10/08 02:05:05.073, 1, 120 MHz, 3996 MHz, 186.29 W, 35
2026/10/08 02:05:05.073, 2, 120 MHz, 3996 MHz, 182.29 W, 29
2026/10/08 02:05:05.073, 3, 120 MHz, 3996 MHz, 182.14 W, 29
2026/10/08 02:05:05.073, 4, 120 MHz, 3996 MHz, 186.56 W, 40
2026/10/08 02:05:05.073, 5, 120 MHz, 3996 MHz, 185.98 W, 39
2026/10/08 02:05:05.073, 6, 120 MHz, 3996 MHz, 184.83 W, 29
2026/10/08 02:05:05.073, 7, 120 MHz, 3996 MHz, 184.60 W, 28
2026/10/08 02:05:05.173, 0, 120 MHz, 3996 MHz, 184.47 W, 33
2026/10/08 02:05:05.173, 1, 120 MHz, 3996 MHz, 186.29 W, 35
2026/10/08 02:05:05.173, 2, 120 MHz, 3996 MHz, 182.29 W, 29
2026/10/08 02:05:05.173, 3, 120 MHz, 3996 MHz, 182.14 W, 29
2026/10/08 02:05:05.173, 4, 120 MHz, 3996 MHz, 186.56 W, 40
2026/10/08 02:05:05.173, 5, 120 MHz, 3996 MHz, 185.90 W, 39
2026/10/08 02:05:05.173, 6, 120 MHz, 3996 MHz, 184.83 W, 29
2026/10/08 02:05:05.173, 7, 120 MHz, 3996 MHz, 184.60 W, 28
2026/10/08 02:05:05.274, 0, 120 MHz, 3996 MHz, 184.47 W, 33
2026/10/08 02:05:05.274, 1, 120 MHz, 3996 MHz, 186.29 W, 35
2026/10/08 02:05:05.274, 2, 120 MHz, 3996 MHz, 182.29 W, 29
2026/10/08 02:05:05.274, 3, 120 MHz, 3996 MHz, 182.14 W, 29
2026/10/08 02:05:05.274, 4, 120 MHz, 3996 MHz, 186.53 W, 40
2026/10/08 02:05:05.274, 5, 120 MHz, 3996 MHz, 185.86 W, 39
2026/10/08 02:05:05.274, 6, 120 MHz, 3996 MHz, 184.83 W, 29
2026/10/08 02:05:05.274, 7, 120 MHz, 3996 MHz, 184.60 W, 28
2026/10/08 02:05:05.374, 0, 120 MHz, 3996 MHz, 184.47 W, 33
2026/10/08 02:05:05.374, 1, 120 MHz, 3996 MHz, 186.29 W, 35
2026/10/08 02:05:05.374, 2, 120 MHz, 3996 MHz, 182.29 W, 29
2026/10/08 02:05:05.374, 3, 120 MHz, 3996 MHz, 182.15 W, 29
2026/10/08 02:05:05.374, 4, 120 MHz, 3996 MHz, 186.53 W, 40
2026/10/08 02:05:05.374, 5, 120 MHz, 3996 MHz, 185.86 W, 39
2026/10/08 02:05:05.374, 6, 120 MHz, 3996 MHz, 184.83 W, 29
2026/10/08 02:05:05.374, 7, 120 MHz, 3996 MHz, 184.59 W, 28
2026/10/08 02:05:05.474, 0, 120 MHz, 3996 MHz, 184.47 W, 33
2026/10/08 02:05:05.474, 1, 120 MHz, 3996 MHz, 186.29 W, 35
2026/10/08 02:05:05.474, 2, 120 MHz, 3996 MHz, 182.29 W, 29
2026/10/08 02:05:05.474, 3, 120 MHz, 3996 MHz, 182.15 W, 29
2026/10/08 02:05:05.474, 4, 120 MHz, 3996 MHz, 186.53 W, 40
2026/10/08 02:05:05.474, 5, 120 MHz, 3996 MHz, 185.87 W, 38
2026/10/08 02:05:05.474, 6, 120 MHz, 3996 MHz, 184.83 W, 29
2026/10/08 02:05:05.474, 7, 120 MHz, 3996 MHz, 184.59 W, 28
2026/10/08 02:05:05.575, 0, 120 MHz, 3996 MHz, 184.47 W, 33
2026/10/08 02:05:05.575, 1, 120 MHz, 3996 MHz, 186.29 W, 35
2026/10/08 02:05:05.575, 2, 120 MHz, 3996 MHz, 182.25 W, 29
2026/10/08 02:05:05.575, 3, 120 MHz, 3996 MHz, 182.11 W, 29
2026/10/08 02:05:05.575, 4, 120 MHz, 3996 MHz, 186.53 W, 40
2026/10/08 02:05:05.575, 5, 120 MHz, 3996 MHz, 185.84 W, 38
2026/10/08 02:05:05.575, 6, 120 MHz, 3996 MHz, 184.83 W, 29
2026/10/08 02:05:05.575, 7, 120 MHz, 3996 MHz, 184.59 W, 28
2026/10/08 02:05:05.675, 0, 120 MHz, 3996 MHz, 184.47 W, 33
2026/10/08 02:05:05.675, 1, 120 MHz, 3996 MHz, 186.29 W, 35
2026/10/08 02:05:05.675, 2, 120 MHz, 3996 MHz, 182.25 W, 29
2026/10/08 02:05:05.675, 3, 120 MHz, 3996 MHz, 182.12 W, 29
2026/10/08 02:05:05.675, 4, 120 MHz, 3996 MHz, 186.53 W, 40
2026/10/08 02:05:05.675, 5, 120 MHz, 3996 MHz, 185.78 W, 38
2026/10/08 02:05:05.675, 6, 120 MHz, 3996 MHz, 184.83 W, 29
2026/10/08 02:05:05.675, 7, 120 MHz, 3996 MHz, 184.59 W, 28
2026/10/08 02:05:05.775, 0, 120 MHz, 3996 MHz, 184.47 W, 33
2026/10/08 02:05:05.775, 1, 120 MHz, 3996 MHz, 186.29 W, 35
2026/10/08 02:05:05.775, 2, 120 MHz, 3996 MHz, 182.21 W, 29
2026/10/08 02:05:05.775, 3, 120 MHz, 3996 MHz, 182.12 W, 29
2026/10/08 02:05:05.775, 4, 120 MHz, 3996 MHz, 186.53 W, 40
2026/10/08 02:05:05.775, 5, 120 MHz, 3996 MHz, 185.84 W, 38
2026/10/08 02:05:05.775, 6, 120 MHz, 3996 MHz, 184.83 W, 29
2026/10/08 02:05:05.775, 7, 120 MHz, 3996 MHz, 184.59 W, 28
2026/10/08 02:05:05.875, 0, 120 MHz, 3996 MHz, 184.47 W, 33
2026/10/08 02:05:05.876, 1, 120 MHz, 3996 MHz, 186.29 W, 35
2026/10/08 02:05:05.876, 2, 120 MHz, 3996 MHz, 182.21 W, 29
2026/10/08 02:05:05.876, 3, 120 MHz, 3996 MHz, 182.12 W, 29
2026/10/08 02:05:05.876, 4, 120 MHz, 3996 MHz, 186.53 W, 40
2026/10/08 02:05:05.876, 5, 120 MHz, 3996 MHz, 185.85 W, 38
2026/10/08 02:05:05.876, 6, 120 MHz, 3996 MHz, 184.83 W, 29
2026/10/08 02:05:05.876, 7, 120 MHz, 3996 MHz, 184.60 W, 28
2026/10/08 02:05:05.976, 0, 120 MHz, 3996 MHz, 184.47 W, 33
2026/10/08 02:05:05.976, 1, 120 MHz, 3996 MHz, 186.29 W, 35
2026/10/08 02:05:05.976, 2, 120 MHz, 3996 MHz, 182.17 W, 29
2026/10/08 02:05:05.976, 3, 120 MHz, 3996 MHz, 182.12 W, 29
2026/10/08 02:05:05.976, 4, 120 MHz, 3996 MHz, 186.52 W, 40
2026/10/08 02:05:05.976, 5, 120 MHz, 3996 MHz, 185.81 W, 38
2026/10/08 02:05:05.976, 6, 120 MHz, 3996 MHz, 184.83 W, 29
2026/10/08 02:05:05.976, 7, 120 MHz, 3996 MHz, 184.60 W, 28
2026/10/08 02:05:06.076, 0, 120 MHz, 3996 MHz, 184.47 W, 33
2026/10/08 02:05:06.076, 1, 120 MHz, 3996 MHz, 186.29 W, 35
2026/10/08 02:05:06.076, 2, 120 MHz, 3996 MHz, 182.13 W, 29
2026/10/08 02:05:06.076, 3, 120 MHz, 3996 MHz, 182.12 W, 29
2026/10/08 02:05:06.076, 4, 120 MHz, 3996 MHz, 186.52 W, 40
2026/10/08 02:05:06.076, 5, 120 MHz, 3996 MHz, 185.96 W, 38
2026/10/08 02:05:06.076, 6, 120 MHz, 3996 MHz, 184.83 W, 29
2026/10/08 02:05:06.076, 7, 120 MHz, 3996 MHz, 184.60 W, 28
2026/10/08 02:05:06.176, 0, 120 MHz, 3996 MHz, 184.47 W, 33
2026/10/08 02:05:06.176, 1, 120 MHz, 3996 MHz, 186.29 W, 35
2026/10/08 02:05:06.176, 2, 120 MHz, 3996 MHz, 182.13 W, 29
2026/10/08 02:05:06.176, 3, 120 MHz, 3996 MHz, 182.12 W, 29
2026/10/08 02:05:06.176, 4, 120 MHz, 3996 MHz, 186.52 W, 40
2026/10/08 02:05:06.176, 5, 120 MHz, 3996 MHz, 185.88 W, 38
2026/10/08 02:05:06.176, 6, 120 MHz, 3996 MHz, 184.83 W, 29
2026/10/08 02:05:06.176, 7, 120 MHz, 3996 MHz, 184.60 W, 28
2026/10/08 02:05:06.277, 0, 120 MHz, 3996 MHz, 184.47 W, 33
2026/10/08 02:05:06.277, 1, 120 MHz, 3996 MHz, 186.29 W, 35
2026/10/08 02:05:06.277, 2, 120 MHz, 3996 MHz, 182.13 W, 29
2026/10/08 02:05:06.277, 3, 120 MHz, 3996 MHz, 182.12 W, 29
2026/10/08 02:05:06.277, 4, 120 MHz, 3996 MHz, 186.52 W, 40
2026/10/08 02:05:06.277, 5, 120 MHz, 3996 MHz, 185.89 W, 38
2026/10/08 02:05:06.277, 6, 120 MHz, 3996 MHz, 184.83 W, 29
2026/10/08 02:05:06.277, 7, 120 MHz, 3996 MHz, 184.60 W, 28
2026/10/08 02:05:06.377, 0, 120 MHz, 3996 MHz, 184.47 W, 33
2026/10/08 02:05:06.377, 1, 120 MHz, 3996 MHz, 186.29 W, 35
2026/10/08 02:05:06.377, 2, 120 MHz, 3996 MHz, 182.13 W, 29
2026/10/08 02:05:06.377, 3, 120 MHz, 3996 MHz, 182.12 W, 29
2026/10/08 02:05:06.377, 4, 120 MHz, 3996 MHz, 186.52 W, 40
2026/10/08 02:05:06.377, 5, 120 MHz, 3996 MHz, 185.89 W, 38
2026/10/08 02:05:06.377, 6, 120 MHz, 3996 MHz, 184.83 W, 29
2026/10/08 02:05:06.377, 7, 120 MHz, 3996 MHz, 184.60 W, 28
2026/10/08 02:05:06.477, 0, 120 MHz, 3996 MHz, 184.47 W, 33
2026/10/08 02:05:06.477, 1, 120 MHz, 3996 MHz, 186.29 W, 35
2026/10/08 02:05:06.477, 2, 120 MHz, 3996 MHz, 182.13 W, 29
2026/10/08 02:05:06.477, 3, 120 MHz, 3996 MHz, 182.11 W, 29
2026/10/08 02:05:06.477, 4, 120 MHz, 3996 MHz, 186.52 W, 40
2026/10/08 02:05:06.477, 5, 120 MHz, 3996 MHz, 185.85 W, 38
2026/10/08 02:05:06.477, 6, 120 MHz, 3996 MHz, 184.83 W, 29
2026/10/08 02:05:06.477, 7, 120 MHz, 3996 MHz, 184.60 W, 28
2026/10/08 02:05:06.577, 0, 120 MHz, 3996 MHz, 184.47 W, 33
2026/10/08 02:05:06.578, 1, 120 MHz, 3996 MHz, 186.29 W, 35
2026/10/08 02:05:06.578, 2, 120 MHz, 3996 MHz, 182.13 W, 29
2026/10/08 02:05:06.578, 3, 120 MHz, 3996 MHz, 182.15 W, 29
2026/10/08 02:05:06.578, 4, 120 MHz, 3996 MHz, 186.52 W, 40
2026/10/08 02:05:06.578, 5, 120 MHz, 3996 MHz, 185.89 W, 38
2026/10/08 02:05:06.578, 6, 120 MHz, 3996 MHz, 184.83 W, 29
2026/10/08 02:05:06.578, 7, 120 MHz, 3996 MHz, 184.60 W, 28
2026/10/08 02:05:06.678, 0, 120 MHz, 3996 MHz, 184.47 W, 33
2026/10/08 02:05:06.678, 1, 120 MHz, 3996 MHz, 186.29 W, 35
2026/10/08 02:05:06.678, 2, 120 MHz, 3996 MHz, 182.13 W, 29
2026/10/08 02:05:06.678, 3, 120 MHz, 3996 MHz, 182.15 W, 29
2026/10/08 02:05:06.678, 4, 120 MHz, 3996 MHz, 186.52 W, 40
2026/10/08 02:05:06.678, 5, 120 MHz, 3996 MHz, 185.92 W, 38
2026/10/08 02:05:06.678, 6, 120 MHz, 3996 MHz, 184.83 W, 29
2026/10/08 02:05:06.678, 7, 120 MHz, 3996 MHz, 184.60 W, 28
2026/10/08 02:05:06.778, 0, 120 MHz, 3996 MHz, 184.47 W, 33
2026/10/08 02:05:06.778, 1, 120 MHz, 3996 MHz, 186.29 W, 35
2026/10/08 02:05:06.778, 2, 120 MHz, 3996 MHz, 182.13 W, 29
2026/10/08 02:05:06.778, 3, 120 MHz, 3996 MHz, 182.15 W, 29
2026/10/08 02:05:06.778, 4, 120 MHz, 3996 MHz, 186.52 W, 40
2026/10/08 02:05:06.778, 5, 120 MHz, 3996 MHz, 185.91 W, 38
2026/10/08 02:05:06.778, 6, 120 MHz, 3996 MHz, 184.83 W, 29
2026/10/08 02:05:06.778, 7, 120 MHz, 3996 MHz, 184.60 W, 28
2026/10/08 02:05:06.878, 0, 120 MHz, 3996 MHz, 184.47 W, 33
2026/10/08 02:05:06.878, 1, 120 MHz, 3996 MHz, 186.29 W, 35
2026/10/08 02:05:06.878, 2, 120 MHz, 3996 MHz, 182.21 W, 29
2026/10/08 02:05:06.878, 3, 120 MHz, 3996 MHz, 182.15 W, 29
2026/10/08 02:05:06.878, 4, 120 MHz, 3996 MHz, 186.52 W, 40
2026/10/08 02:05:06.878, 5, 120 MHz, 3996 MHz, 185.95 W, 38
2026/10/08 02:05:06.878, 6, 120 MHz, 3996 MHz, 184.83 W, 29
2026/10/08 02:05:06.878, 7, 120 MHz, 3996 MHz, 184.60 W, 28
2026/10/08 02:05:06.978, 0, 120 MHz, 3996 MHz, 184.47 W, 33
2026/10/08 02:05:06.979, 1, 120 MHz, 3996 MHz, 186.29 W, 35
2026/10/08 02:05:06.979, 2, 120 MHz, 3996 MHz, 182.21 W, 29
2026/10/08 02:05:06.979, 3, 120 MHz, 3996 MHz, 182.15 W, 29
2026/10/08 02:05:06.979, 4, 120 MHz, 3996 MHz, 186.53 W, 40
2026/10/08 02:05:06.979, 5, 120 MHz, 3996 MHz, 186.00 W, 38
2026/10/08 02:05:06.979, 6, 120 MHz, 3996 MHz, 184.83 W, 29
2026/10/08 02:05:06.979, 7, 120 MHz, 3996 MHz, 184.60 W, 28
2026/10/08 02:05:07.079, 0, 120 MHz, 3996 MHz, 184.47 W, 33
2026/10/08 02:05:07.079, 1, 120 MHz, 3996 MHz, 186.29 W, 35
2026/10/08 02:05:07.079, 2, 120 MHz, 3996 MHz, 182.21 W, 29
2026/10/08 02:05:07.079, 3, 120 MHz, 3996 MHz, 182.15 W, 29
2026/10/08 02:05:07.079, 4, 120 MHz, 3996 MHz, 186.53 W, 40
2026/10/08 02:05:07.079, 5, 120 MHz, 3996 MHz, 185.80 W, 38
2026/10/08 02:05:07.079, 6, 120 MHz, 3996 MHz, 184.83 W, 29
2026/10/08 02:05:07.079, 7, 120 MHz, 3996 MHz, 184.59 W, 28
2026/10/08 02:05:07.179, 0, 120 MHz, 3996 MHz, 184.47 W, 33
2026/10/08 02:05:07.179, 1, 120 MHz, 3996 MHz, 186.29 W, 35
2026/10/08 02:05:07.179, 2, 120 MHz, 3996 MHz, 182.21 W, 29
2026/10/08 02:05:07.179, 3, 120 MHz, 3996 MHz, 182.15 W, 29
2026/10/08 02:05:07.179, 4, 120 MHz, 3996 MHz, 186.53 W, 40
2026/10/08 02:05:07.179, 5, 120 MHz, 3996 MHz, 185.93 W, 38
2026/10/08 02:05:07.179, 6, 120 MHz, 3996 MHz, 184.83 W, 29
2026/10/08 02:05:07.179, 7, 120 MHz, 3996 MHz, 184.59 W, 28
2026/10/08 02:05:07.279, 0, 120 MHz, 3996 MHz, 184.47 W, 33
2026/10/08 02:05:07.279, 1, 120 MHz, 3996 MHz, 186.29 W, 35
2026/10/08 02:05:07.279, 2, 120 MHz, 3996 MHz, 182.21 W, 29
2026/10/08 02:05:07.279, 3, 120 MHz, 3996 MHz, 182.15 W, 29
2026/10/08 02:05:07.279, 4, 120 MHz, 3996 MHz, 186.53 W, 40
2026/10/08 02:05:07.279, 5, 120 MHz, 3996 MHz, 186.00 W, 38
2026/10/08 02:05:07.279, 6, 120 MHz, 3996 MHz, 184.83 W, 29
2026/10/08 02:05:07.279, 7, 120 MHz, 3996 MHz, 184.59 W, 28
2026/10/08 02:05:07.379, 0, 120 MHz, 3996 MHz, 184.47 W, 33
2026/10/08 02:05:07.380, 1, 120 MHz, 3996 MHz, 186.29 W, 35
2026/10/08 02:05:07.380, 2, 120 MHz, 3996 MHz, 182.21 W, 29
2026/10/08 02:05:07.380, 3, 120 MHz, 3996 MHz, 182.12 W, 29
2026/10/08 02:05:07.380, 4, 120 MHz, 3996 MHz, 186.53 W, 40
2026/10/08 02:05:07.380, 5, 120 MHz, 3996 MHz, 186.03 W, 38
2026/10/08 02:05:07.380, 6, 120 MHz, 3996 MHz, 184.83 W, 29
2026/10/08 02:05:07.380, 7, 120 MHz, 3996 MHz, 184.59 W, 28
2026/10/08 02:05:07.480, 0, 120 MHz, 3996 MHz, 184.47 W, 33
2026/10/08 02:05:07.480, 1, 120 MHz, 3996 MHz, 186.29 W, 35
2026/10/08 02:05:07.480, 2, 120 MHz, 3996 MHz, 182.21 W, 29
2026/10/08 02:05:07.480, 3, 120 MHz, 3996 MHz, 182.12 W, 29
2026/10/08 02:05:07.480, 4, 120 MHz, 3996 MHz, 186.53 W, 40
2026/10/08 02:05:07.480, 5, 120 MHz, 3996 MHz, 186.04 W, 38
2026/10/08 02:05:07.480, 6, 120 MHz, 3996 MHz, 184.83 W, 29
2026/10/08 02:05:07.480, 7, 120 MHz, 3996 MHz, 184.59 W, 28
2026/10/08 02:05:07.580, 0, 120 MHz, 3996 MHz, 184.47 W, 33
2026/10/08 02:05:07.580, 1, 120 MHz, 3996 MHz, 186.29 W, 35
2026/10/08 02:05:07.580, 2, 120 MHz, 3996 MHz, 182.21 W, 29
2026/10/08 02:05:07.580, 3, 120 MHz, 3996 MHz, 182.12 W, 29
2026/10/08 02:05:07.580, 4, 120 MHz, 3996 MHz, 186.53 W, 40
2026/10/08 02:05:07.580, 5, 120 MHz, 3996 MHz, 185.99 W, 38
2026/10/08 02:05:07.580, 6, 120 MHz, 3996 MHz, 184.83 W, 29
2026/10/08 02:05:07.580, 7, 120 MHz, 3996 MHz, 184.59 W, 28
2026/10/08 02:05:07.680, 0, 120 MHz, 3996 MHz, 184.47 W, 33
2026/10/08 02:05:07.680, 1, 120 MHz, 3996 MHz, 186.29 W, 35
2026/10/08 02:05:07.680, 2, 120 MHz, 3996 MHz, 182.25 W, 29
2026/10/08 02:05:07.680, 3, 120 MHz, 3996 MHz, 182.12 W, 29
2026/10/08 02:05:07.680, 4, 120 MHz, 3996 MHz, 186.53 W, 40
2026/10/08 02:05:07.680, 5, 120 MHz, 3996 MHz, 185.89 W, 38
2026/10/08 02:05:07.680, 6, 120 MHz, 3996 MHz, 184.83 W, 29
2026/10/08 02:05:07.680, 7, 120 MHz, 3996 MHz, 184.59 W, 28
2026/10/08 02:05:07.780, 0, 120 MHz, 3996 MHz, 184.47 W, 33
2026/10/08 02:05:07.781, 1, 120 MHz, 3996 MHz, 186.29 W, 35
2026/10/08 02:05:07.781, 2, 120 MHz, 3996 MHz, 182.29 W, 29
2026/10/08 02:05:07.781, 3, 120 MHz, 3996 MHz, 182.11 W, 29
2026/10/08 02:05:07.781, 4, 120 MHz, 3996 MHz, 186.53 W, 40
2026/10/08 02:05:07.781, 5, 120 MHz, 3996 MHz, 185.81 W, 38
2026/10/08 02:05:07.781, 6, 120 MHz, 3996 MHz, 184.83 W, 29
2026/10/08 02:05:07.781, 7, 120 MHz, 3996 MHz, 184.59 W, 28
2026/10/08 02:05:07.881, 0, 120 MHz, 3996 MHz, 184.47 W, 33
2026/10/08 02:05:07.881, 1, 120 MHz, 3996 MHz, 186.29 W, 35
2026/10/08 02:05:07.881, 2, 120 MHz, 3996 MHz, 182.21 W, 29
2026/10/08 02:05:07.881, 3, 120 MHz, 3996 MHz, 182.11 W, 29
2026/10/08 02:05:07.881, 4, 120 MHz, 3996 MHz, 186.53 W, 40
2026/10/08 02:05:07.881, 5, 120 MHz, 3996 MHz, 185.78 W, 38
2026/10/08 02:05:07.881, 6, 120 MHz, 3996 MHz, 184.83 W, 29
2026/10/08 02:05:07.881, 7, 120 MHz, 3996 MHz, 184.59 W, 28
2026/10/08 02:05:07.981, 0, 120 MHz, 3996 MHz, 184.47 W, 33
2026/10/08 02:05:07.981, 1, 120 MHz, 3996 MHz, 186.29 W, 35
2026/10/08 02:05:07.981, 2, 120 MHz, 3996 MHz, 182.25 W, 29
2026/10/08 02:05:07.981, 3, 120 MHz, 3996 MHz, 182.11 W, 29
2026/10/08 02:05:07.981, 4, 120 MHz, 3996 MHz, 186.53 W, 40
2026/10/08 02:05:07.981, 5, 120 MHz, 3996 MHz, 185.63 W, 38
2026/10/08 02:05:07.981, 6, 120 MHz, 3996 MHz, 184.83 W, 29
2026/10/08 02:05:07.981, 7, 120 MHz, 3996 MHz, 184.59 W, 28
2026/10/08 02:05:08.081, 0, 120 MHz, 3996 MHz, 184.47 W, 33
2026/10/08 02:05:08.081, 1, 120 MHz, 3996 MHz, 186.29 W, 35
2026/10/08 02:05:08.081, 2, 120 MHz, 3996 MHz, 182.25 W, 29
2026/10/08 02:05:08.081, 3, 120 MHz, 3996 MHz, 182.11 W, 29
2026/10/08 02:05:08.081, 4, 120 MHz, 3996 MHz, 186.53 W, 40
2026/10/08 02:05:08.081, 5, 120 MHz, 3996 MHz, 185.75 W, 38
2026/10/08 02:05:08.081, 6, 120 MHz, 3996 MHz, 184.83 W, 29
2026/10/08 02:05:08.081, 7, 120 MHz, 3996 MHz, 184.60 W, 28
2026/10/08 02:05:08.182, 0, 120 MHz, 3996 MHz, 184.47 W, 33
2026/10/08 02:05:08.182, 1, 120 MHz, 3996 MHz, 186.29 W, 35
2026/10/08 02:05:08.182, 2, 120 MHz, 3996 MHz, 182.29 W, 29
2026/10/08 02:05:08.182, 3, 120 MHz, 3996 MHz, 182.11 W, 29
2026/10/08 02:05:08.182, 4, 120 MHz, 3996 MHz, 186.53 W, 40
2026/10/08 02:05:08.182, 5, 120 MHz, 3996 MHz, 185.69 W, 38
2026/10/08 02:05:08.182, 6, 120 MHz, 3996 MHz, 184.83 W, 29
2026/10/08 02:05:08.182, 7, 120 MHz, 3996 MHz, 184.60 W, 28
2026/10/08 02:05:08.282, 0, 120 MHz, 3996 MHz, 184.47 W, 33
2026/10/08 02:05:08.282, 1, 120 MHz, 3996 MHz, 186.29 W, 35
2026/10/08 02:05:08.282, 2, 120 MHz, 3996 MHz, 182.29 W, 29
2026/10/08 02:05:08.282, 3, 120 MHz, 3996 MHz, 182.10 W, 29
2026/10/08 02:05:08.282, 4, 120 MHz, 3996 MHz, 186.53 W, 40
2026/10/08 02:05:08.282, 5, 120 MHz, 3996 MHz, 185.71 W, 38
2026/10/08 02:05:08.282, 6, 120 MHz, 3996 MHz, 184.83 W, 29
2026/10/08 02:05:08.282, 7, 120 MHz, 3996 MHz, 184.60 W, 28
2026/10/08 02:05:08.382, 0, 120 MHz, 3996 MHz, 184.47 W, 33
2026/10/08 02:05:08.382, 1, 120 MHz, 3996 MHz, 186.29 W, 35
2026/10/08 02:05:08.382, 2, 120 MHz, 3996 MHz, 182.29 W, 29
2026/10/08 02:05:08.382, 3, 120 MHz, 3996 MHz, 182.14 W, 29
2026/10/08 02:05:08.382, 4, 120 MHz, 3996 MHz, 186.53 W, 40
2026/10/08 02:05:08.382, 5, 120 MHz, 3996 MHz, 185.71 W, 38
2026/10/08 02:05:08.382, 6, 120 MHz, 3996 MHz, 184.83 W, 29
2026/10/08 02:05:08.382, 7, 120 MHz, 3996 MHz, 184.60 W, 28
2026/10/08 02:05:08.482, 0, 120 MHz, 3996 MHz, 184.47 W, 33
2026/10/08 02:05:08.482, 1, 120 MHz, 3996 MHz, 186.29 W, 35
2026/10/08 02:05:08.482, 2, 120 MHz, 3996 MHz, 182.29 W, 29
2026/10/08 02:05:08.482, 3, 120 MHz, 3996 MHz, 182.14 W, 29
2026/10/08 02:05:08.482, 4, 120 MHz, 3996 MHz, 186.53 W, 40
2026/10/08 02:05:08.482, 5, 120 MHz, 3996 MHz, 185.63 W, 38
2026/10/08 02:05:08.482, 6, 120 MHz, 3996 MHz, 184.83 W, 29
2026/10/08 02:05:08.482, 7, 120 MHz, 3996 MHz, 184.60 W, 28
2026/10/08 02:05:08.582, 0, 120 MHz, 3996 MHz, 184.47 W, 33
2026/10/08 02:05:08.583, 1, 120 MHz, 3996 MHz, 186.29 W, 35
2026/10/08 02:05:08.583, 2, 120 MHz, 3996 MHz, 182.32 W, 29
2026/10/08 02:05:08.583, 3, 120 MHz, 3996 MHz, 182.14 W, 29
2026/10/08 02:05:08.583, 4, 120 MHz, 3996 MHz, 186.53 W, 40
2026/10/08 02:05:08.583, 5, 120 MHz, 3996 MHz, 185.67 W, 38
2026/10/08 02:05:08.583, 6, 120 MHz, 3996 MHz, 184.83 W, 29
2026/10/08 02:05:08.583, 7, 120 MHz, 3996 MHz, 184.60 W, 28
2026/10/08 02:05:08.683, 0, 120 MHz, 3996 MHz, 184.47 W, 33
2026/10/08 02:05:08.683, 1, 120 MHz, 3996 MHz, 186.29 W, 35
2026/10/08 02:05:08.683, 2, 120 MHz, 3996 MHz, 182.29 W, 29
2026/10/08 02:05:08.683, 3, 120 MHz, 3996 MHz, 182.14 W, 29
2026/10/08 02:05:08.683, 4, 120 MHz, 3996 MHz, 186.53 W, 40
2026/10/08 02:05:08.683, 5, 120 MHz, 3996 MHz, 185.63 W, 38
2026/10/08 02:05:08.683, 6, 120 MHz, 3996 MHz, 184.83 W, 29
2026/10/08 02:05:08.683, 7, 120 MHz, 3996 MHz, 184.60 W, 28
2026/10/08 02:05:08.783, 0, 120 MHz, 3996 MHz, 184.47 W, 33
2026/10/08 02:05:08.783, 1, 120 MHz, 3996 MHz, 186.29 W, 35
2026/10/08 02:05:08.783, 2, 120 MHz, 3996 MHz, 182.25 W, 29
2026/10/08 02:05:08.783, 3, 120 MHz, 3996 MHz, 182.14 W, 29
2026/10/08 02:05:08.783, 4, 120 MHz, 3996 MHz, 186.53 W, 40
2026/10/08 02:05:08.783, 5, 120 MHz, 3996 MHz, 185.62 W, 38
2026/10/08 02:05:08.783, 6, 120 MHz, 3996 MHz, 184.83 W, 29
2026/10/08 02:05:08.783, 7, 120 MHz, 3996 MHz, 184.60 W, 28
2026/10/08 02:05:08.883, 0, 120 MHz, 3996 MHz, 184.47 W, 33
2026/10/08 02:05:08.883, 1, 120 MHz, 3996 MHz, 186.32 W, 35
2026/10/08 02:05:08.883, 2, 120 MHz, 3996 MHz, 182.25 W, 29
2026/10/08 02:05:08.883, 3, 120 MHz, 3996 MHz, 182.15 W, 29
2026/10/08 02:05:08.883, 4, 120 MHz, 3996 MHz, 186.53 W, 40
2026/10/08 02:05:08.883, 5, 120 MHz, 3996 MHz, 185.52 W, 38
2026/10/08 02:05:08.883, 6, 120 MHz, 3996 MHz, 184.83 W, 29
2026/10/08 02:05:08.883, 7, 120 MHz, 3996 MHz, 184.60 W, 28
2026/10/08 02:05:08.984, 0, 120 MHz, 3996 MHz, 184.47 W, 33
2026/10/08 02:05:08.984, 1, 120 MHz, 3996 MHz, 186.36 W, 35
2026/10/08 02:05:08.984, 2, 120 MHz, 3996 MHz, 182.21 W, 29
2026/10/08 02:05:08.984, 3, 120 MHz, 3996 MHz, 182.15 W, 29
2026/10/08 02:05:08.984, 4, 120 MHz, 3996 MHz, 186.53 W, 40
2026/10/08 02:05:08.984, 5, 120 MHz, 3996 MHz, 185.65 W, 38
2026/10/08 02:05:08.984, 6, 120 MHz, 3996 MHz, 184.83 W, 29
2026/10/08 02:05:08.984, 7, 120 MHz, 3996 MHz, 184.60 W, 28
2026/10/08 02:05:09.084, 0, 120 MHz, 3996 MHz, 184.47 W, 33
2026/10/08 02:05:09.084, 1, 120 MHz, 3996 MHz, 186.36 W, 35
2026/10/08 02:05:09.084, 2, 120 MHz, 3996 MHz, 182.21 W, 29
2026/10/08 02:05:09.084, 3, 120 MHz, 3996 MHz, 182.15 W, 29
2026/10/08 02:05:09.084, 4, 120 MHz, 3996 MHz, 186.53 W, 40
2026/10/08 02:05:09.084, 5, 120 MHz, 3996 MHz, 185.63 W, 38
2026/10/08 02:05:09.084, 6, 120 MHz, 3996 MHz, 184.83 W, 29
2026/10/08 02:05:09.084, 7, 120 MHz, 3996 MHz, 184.59 W, 28
2026/10/08 02:05:09.184, 0, 120 MHz, 3996 MHz, 184.47 W, 33
2026/10/08 02:05:09.184, 1, 120 MHz, 3996 MHz, 186.36 W, 35
2026/10/08 02:05:09.184, 2, 120 MHz, 3996 MHz, 182.17 W, 29
2026/10/08 02:05:09.184, 3, 120 MHz, 3996 MHz, 182.15 W, 29
2026/10/08 02:05:09.184, 4, 120 MHz, 3996 MHz, 186.53 W, 40
2026/10/08 02:05:09.184, 5, 120 MHz, 3996 MHz, 185.58 W, 38
2026/10/08 02:05:09.184, 6, 120 MHz, 3996 MHz, 184.83 W, 29
2026/10/08 02:05:09.184, 7, 120 MHz, 3996 MHz, 184.59 W, 28
2026/10/08 02:05:09.284, 0, 120 MHz, 3996 MHz, 184.47 W, 33
2026/10/08 02:05:09.284, 1, 120 MHz, 3996 MHz, 186.36 W, 35
2026/10/08 02:05:09.284, 2, 120 MHz, 3996 MHz, 182.17 W, 29
2026/10/08 02:05:09.284, 3, 120 MHz, 3996 MHz, 182.16 W, 29
2026/10/08 02:05:09.284, 4, 120 MHz, 3996 MHz, 186.53 W, 40
2026/10/08 02:05:09.284, 5, 120 MHz, 3996 MHz, 185.48 W, 38
2026/10/08 02:05:09.284, 6, 120 MHz, 3996 MHz, 184.83 W, 29
2026/10/08 02:05:09.284, 7, 120 MHz, 3996 MHz, 184.59 W, 28
2026/10/08 02:05:09.385, 0, 120 MHz, 3996 MHz, 184.47 W, 33
2026/10/08 02:05:09.385, 1, 120 MHz, 3996 MHz, 186.36 W, 35
2026/10/08 02:05:09.385, 2, 120 MHz, 3996 MHz, 182.21 W, 29
2026/10/08 02:05:09.385, 3, 120 MHz, 3996 MHz, 182.16 W, 29
2026/10/08 02:05:09.385, 4, 120 MHz, 3996 MHz, 186.53 W, 40
2026/10/08 02:05:09.385, 5, 120 MHz, 3996 MHz, 185.38 W, 38
2026/10/08 02:05:09.385, 6, 120 MHz, 3996 MHz, 184.83 W, 29
2026/10/08 02:05:09.385, 7, 120 MHz, 3996 MHz, 184.59 W, 28
2026/10/08 02:05:09.485, 0, 120 MHz, 3996 MHz, 184.47 W, 33
2026/10/08 02:05:09.485, 1, 120 MHz, 3996 MHz, 186.36 W, 35
2026/10/08 02:05:09.485, 2, 120 MHz, 3996 MHz, 182.24 W, 29
2026/10/08 02:05:09.485, 3, 120 MHz, 3996 MHz, 182.17 W, 29
2026/10/08 02:05:09.485, 4, 120 MHz, 3996 MHz, 186.53 W, 40
2026/10/08 02:05:09.485, 5, 120 MHz, 3996 MHz, 185.30 W, 38
2026/10/08 02:05:09.485, 6, 120 MHz, 3996 MHz, 184.83 W, 29
2026/10/08 02:05:09.485, 7, 120 MHz, 3996 MHz, 184.59 W, 28
2026/10/08 02:05:09.585, 0, 120 MHz, 3996 MHz, 184.47 W, 33
2026/10/08 02:05:09.585, 1, 120 MHz, 3996 MHz, 186.36 W, 35
2026/10/08 02:05:09.585, 2, 120 MHz, 3996 MHz, 182.24 W, 29
2026/10/08 02:05:09.585, 3, 120 MHz, 3996 MHz, 182.17 W, 29
2026/10/08 02:05:09.585, 4, 120 MHz, 3996 MHz, 186.53 W, 40
2026/10/08 02:05:09.585, 5, 120 MHz, 3996 MHz, 185.18 W, 38
2026/10/08 02:05:09.585, 6, 120 MHz, 3996 MHz, 184.83 W, 29
2026/10/08 02:05:09.585, 7, 120 MHz, 3996 MHz, 184.59 W, 28
2026/10/08 02:05:09.685, 0, 120 MHz, 3996 MHz, 184.47 W, 33
2026/10/08 02:05:09.685, 1, 120 MHz, 3996 MHz, 186.36 W, 35
2026/10/08 02:05:09.685, 2, 120 MHz, 3996 MHz, 182.21 W, 29
2026/10/08 02:05:09.685, 3, 120 MHz, 3996 MHz, 182.16 W, 29
2026/10/08 02:05:09.685, 4, 120 MHz, 3996 MHz, 186.53 W, 40
2026/10/08 02:05:09.685, 5, 120 MHz, 3996 MHz, 185.18 W, 38
2026/10/08 02:05:09.685, 6, 120 MHz, 3996 MHz, 184.83 W, 29
2026/10/08 02:05:09.685, 7, 120 MHz, 3996 MHz, 184.59 W, 28
2026/10/08 02:05:09.786, 0, 120 MHz, 3996 MHz, 184.47 W, 33
2026/10/08 02:05:09.786, 1, 120 MHz, 3996 MHz, 186.36 W, 35
2026/10/08 02:05:09.786, 2, 120 MHz, 3996 MHz, 182.21 W, 29
2026/10/08 02:05:09.786, 3, 120 MHz, 3996 MHz, 182.17 W, 29
2026/10/08 02:05:09.786, 4, 120 MHz, 3996 MHz, 186.53 W, 40
2026/10/08 02:05:09.786, 5, 120 MHz, 3996 MHz, 185.15 W, 38
2026/10/08 02:05:09.786, 6, 120 MHz, 3996 MHz, 184.83 W, 29
2026/10/08 02:05:09.786, 7, 120 MHz, 3996 MHz, 184.59 W, 28
2026/10/08 02:05:09.886, 0, 120 MHz, 3996 MHz, 184.47 W, 33
2026/10/08 02:05:09.886, 1, 120 MHz, 3996 MHz, 186.32 W, 35
2026/10/08 02:05:09.886, 2, 120 MHz, 3996 MHz, 182.24 W, 29
2026/10/08 02:05:09.886, 3, 120 MHz, 3996 MHz, 182.17 W, 29
2026/10/08 02:05:09.886, 4, 120 MHz, 3996 MHz, 186.53 W, 40
2026/10/08 02:05:09.886, 5, 120 MHz, 3996 MHz, 185.18 W, 38
2026/10/08 02:05:09.886, 6, 120 MHz, 3996 MHz, 184.83 W, 29
2026/10/08 02:05:09.886, 7, 120 MHz, 3996 MHz, 184.59 W, 28
2026/10/08 02:05:09.986, 0, 120 MHz, 3996 MHz, 184.47 W, 33
2026/10/08 02:05:09.986, 1, 120 MHz, 3996 MHz, 186.29 W, 35
2026/10/08 02:05:09.986, 2, 120 MHz, 3996 MHz, 182.25 W, 29
2026/10/08 02:05:09.986, 3, 120 MHz, 3996 MHz, 182.17 W, 28
2026/10/08 02:05:09.990, 4, 120 MHz, 3996 MHz, 186.53 W, 40
2026/10/08 02:05:09.990, 5, 120 MHz, 3996 MHz, 185.11 W, 38
2026/10/08 02:05:09.990, 6, 120 MHz, 3996 MHz, 184.83 W, 29
2026/10/08 02:05:09.990, 7, 120 MHz, 3996 MHz, 184.59 W, 28
2026/10/08 02:05:10.090, 0, 120 MHz, 3996 MHz, 184.47 W, 33
2026/10/08 02:05:10.090, 1, 120 MHz, 3996 MHz, 186.29 W, 35
2026/10/08 02:05:10.090, 2, 120 MHz, 3996 MHz, 182.25 W, 29
2026/10/08 02:05:10.090, 3, 120 MHz, 3996 MHz, 182.17 W, 29
2026/10/08 02:05:10.090, 4, 120 MHz, 3996 MHz, 186.53 W, 40
2026/10/08 02:05:10.090, 5, 120 MHz, 3996 MHz, 185.18 W, 38
2026/10/08 02:05:10.090, 6, 120 MHz, 3996 MHz, 184.83 W, 29
2026/10/08 02:05:10.090, 7, 120 MHz, 3996 MHz, 184.59 W, 28
2026/10/08 02:05:10.190, 0, 120 MHz, 3996 MHz, 184.47 W, 33
2026/10/08 02:05:10.190, 1, 120 MHz, 3996 MHz, 186.29 W, 35
2026/10/08 02:05:10.190, 2, 120 MHz, 3996 MHz, 182.25 W, 29
2026/10/08 02:05:10.190, 3, 120 MHz, 3996 MHz, 182.16 W, 29
2026/10/08 02:05:10.190, 4, 120 MHz, 3996 MHz, 186.53 W, 40
2026/10/08 02:05:10.190, 5, 120 MHz, 3996 MHz, 185.15 W, 38
2026/10/08 02:05:10.190, 6, 120 MHz, 3996 MHz, 184.83 W, 29
2026/10/08 02:05:10.190, 7, 120 MHz, 3996 MHz, 184.59 W, 28
2026/10/08 02:05:10.290, 0, 120 MHz, 3996 MHz, 184.47 W, 33
2026/10/08 02:05:10.290, 1, 120 MHz, 3996 MHz, 186.29 W, 35
2026/10/08 02:05:10.290, 2, 120 MHz, 3996 MHz, 182.24 W, 29
2026/10/08 02:05:10.290, 3, 120 MHz, 3996 MHz, 182.17 W, 29
2026/10/08 02:05:10.290, 4, 120 MHz, 3996 MHz, 186.53 W, 39
2026/10/08 02:05:10.290, 5, 120 MHz, 3996 MHz, 185.07 W, 38
2026/10/08 02:05:10.290, 6, 120 MHz, 3996 MHz, 184.83 W, 29
2026/10/08 02:05:10.290, 7, 120 MHz, 3996 MHz, 184.59 W, 28
2026/10/08 02:05:10.390, 0, 120 MHz, 3996 MHz, 184.47 W, 33
2026/10/08 02:05:10.390, 1, 120 MHz, 3996 MHz, 186.29 W, 35
2026/10/08 02:05:10.391, 2, 120 MHz, 3996 MHz, 182.24 W, 29
2026/10/08 02:05:10.391, 3, 120 MHz, 3996 MHz, 182.16 W, 29
2026/10/08 02:05:10.391, 4, 120 MHz, 3996 MHz, 186.53 W, 39
2026/10/08 02:05:10.391, 5, 120 MHz, 3996 MHz, 185.14 W, 38
2026/10/08 02:05:10.391, 6, 120 MHz, 3996 MHz, 184.83 W, 29
2026/10/08 02:05:10.391, 7, 120 MHz, 3996 MHz, 184.59 W, 28
2026/10/08 02:05:10.491, 0, 120 MHz, 3996 MHz, 184.47 W, 33
2026/10/08 02:05:10.491, 1, 120 MHz, 3996 MHz, 186.29 W, 35
2026/10/08 02:05:10.491, 2, 120 MHz, 3996 MHz, 182.17 W, 29
2026/10/08 02:05:10.491, 3, 120 MHz, 3996 MHz, 182.16 W, 29
2026/10/08 02:05:10.491, 4, 120 MHz, 3996 MHz, 186.53 W, 39
2026/10/08 02:05:10.491, 5, 120 MHz, 3996 MHz, 185.12 W, 38
2026/10/08 02:05:10.491, 6, 120 MHz, 3996 MHz, 184.83 W, 29
2026/10/08 02:05:10.491, 7, 120 MHz, 3996 MHz, 184.59 W, 28
2026/10/08 02:05:10.591, 0, 120 MHz, 3996 MHz, 184.47 W, 33
2026/10/08 02:05:10.591, 1, 120 MHz, 3996 MHz, 186.29 W, 35
2026/10/08 02:05:10.591, 2, 120 MHz, 3996 MHz, 182.17 W, 29
2026/10/08 02:05:10.591, 3, 120 MHz, 3996 MHz, 182.16 W, 29
2026/10/08 02:05:10.591, 4, 120 MHz, 3996 MHz, 186.53 W, 39
2026/10/08 02:05:10.591, 5, 120 MHz, 3996 MHz, 185.19 W, 38
2026/10/08 02:05:10.591, 6, 120 MHz, 3996 MHz, 184.83 W, 29
2026/10/08 02:05:10.591, 7, 120 MHz, 3996 MHz, 184.59 W, 28
2026/10/08 02:05:10.691, 0, 120 MHz, 3996 MHz, 184.47 W, 33
2026/10/08 02:05:10.691, 1, 120 MHz, 3996 MHz, 186.29 W, 35
2026/10/08 02:05:10.691, 2, 120 MHz, 3996 MHz, 182.17 W, 29
2026/10/08 02:05:10.691, 3, 120 MHz, 3996 MHz, 182.17 W, 29
2026/10/08 02:05:10.691, 4, 120 MHz, 3996 MHz, 186.53 W, 39
2026/10/08 02:05:10.691, 5, 120 MHz, 3996 MHz, 185.23 W, 38
2026/10/08 02:05:10.691, 6, 120 MHz, 3996 MHz, 184.83 W, 29
2026/10/08 02:05:10.691, 7, 120 MHz, 3996 MHz, 184.59 W, 28
2026/10/08 02:05:10.792, 0, 120 MHz, 3996 MHz, 184.47 W, 33
2026/10/08 02:05:10.792, 1, 120 MHz, 3996 MHz, 186.29 W, 35
2026/10/08 02:05:10.792, 2, 120 MHz, 3996 MHz, 182.17 W, 29
2026/10/08 02:05:10.792, 3, 120 MHz, 3996 MHz, 182.17 W, 29
2026/10/08 02:05:10.792, 4, 120 MHz, 3996 MHz, 186.53 W, 39
2026/10/08 02:05:10.792, 5, 120 MHz, 3996 MHz, 185.19 W, 38
2026/10/08 02:05:10.792, 6, 120 MHz, 3996 MHz, 184.83 W, 29
2026/10/08 02:05:10.792, 7, 120 MHz, 3996 MHz, 184.59 W, 28
2026/10/08 02:05:10.892, 0, 120 MHz, 3996 MHz, 184.47 W, 33
2026/10/08 02:05:10.892, 1, 120 MHz, 3996 MHz, 186.29 W, 35
2026/10/08 02:05:10.892, 2, 120 MHz, 3996 MHz, 182.17 W, 29
2026/10/08 02:05:10.892, 3, 120 MHz, 3996 MHz, 182.17 W, 29
2026/10/08 02:05:10.892, 4, 120 MHz, 3996 MHz, 186.53 W, 39
2026/10/08 02:05:10.892, 5, 120 MHz, 3996 MHz, 185.14 W, 38
2026/10/08 02:05:10.892, 6, 120 MHz, 3996 MHz, 184.83 W, 29
2026/10/08 02:05:10.892, 7, 120 MHz, 3996 MHz, 184.59 W, 28
2026/10/08 02:05:10.992, 0, 120 MHz, 3996 MHz, 184.47 W, 33
2026/10/08 02:05:10.992, 1, 120 MHz, 3996 MHz, 186.29 W, 35
2026/10/08 02:05:10.992, 2, 120 MHz, 3996 MHz, 182.13 W, 29
2026/10/08 02:05:10.992, 3, 120 MHz, 3996 MHz, 182.18 W, 29
2026/10/08 02:05:10.992, 4, 120 MHz, 3996 MHz, 186.53 W, 39
2026/10/08 02:05:10.992, 5, 120 MHz, 3996 MHz, 185.07 W, 38
2026/10/08 02:05:10.992, 6, 120 MHz, 3996 MHz, 184.83 W, 29
2026/10/08 02:05:10.992, 7, 120 MHz, 3996 MHz, 184.59 W, 28
2026/10/08 02:05:11.093, 0, 120 MHz, 3996 MHz, 184.47 W, 33
2026/10/08 02:05:11.093, 1, 120 MHz, 3996 MHz, 186.29 W, 35
2026/10/08 02:05:11.093, 2, 120 MHz, 3996 MHz, 182.13 W, 29
2026/10/08 02:05:11.093, 3, 120 MHz, 3996 MHz, 182.17 W, 29
2026/10/08 02:05:11.093, 4, 120 MHz, 3996 MHz, 186.53 W, 39
2026/10/08 02:05:11.093, 5, 120 MHz, 3996 MHz, 184.96 W, 38
2026/10/08 02:05:11.093, 6, 120 MHz, 3996 MHz, 184.83 W, 29
2026/10/08 02:05:11.093, 7, 120 MHz, 3996 MHz, 184.59 W, 28
2026/10/08 02:05:11.193, 0, 120 MHz, 3996 MHz, 184.47 W, 33
2026/10/08 02:05:11.193, 1, 120 MHz, 3996 MHz, 186.29 W, 35
2026/10/08 02:05:11.193, 2, 120 MHz, 3996 MHz, 182.13 W, 29
2026/10/08 02:05:11.193, 3, 120 MHz, 3996 MHz, 182.18 W, 29
2026/10/08 02:05:11.193, 4, 120 MHz, 3996 MHz, 186.53 W, 39
2026/10/08 02:05:11.193, 5, 120 MHz, 3996 MHz, 184.95 W, 38
2026/10/08 02:05:11.193, 6, 120 MHz, 3996 MHz, 184.83 W, 29
2026/10/08 02:05:11.193, 7, 120 MHz, 3996 MHz, 184.59 W, 28
2026/10/08 02:05:11.293, 0, 120 MHz, 3996 MHz, 184.47 W, 33
2026/10/08 02:05:11.293, 1, 120 MHz, 3996 MHz, 186.29 W, 35
2026/10/08 02:05:11.293, 2, 120 MHz, 3996 MHz, 182.17 W, 29
2026/10/08 02:05:11.293, 3, 120 MHz, 3996 MHz, 182.17 W, 29
2026/10/08 02:05:11.293, 4, 120 MHz, 3996 MHz, 186.53 W, 39
2026/10/08 02:05:11.293, 5, 120 MHz, 3996 MHz, 184.96 W, 38
2026/10/08 02:05:11.293, 6, 120 MHz, 3996 MHz, 184.83 W, 29
2026/10/08 02:05:11.293, 7, 120 MHz, 3996 MHz, 184.59 W, 28
2026/10/08 02:05:11.393, 0, 120 MHz, 3996 MHz, 184.47 W, 33
2026/10/08 02:05:11.394, 1, 120 MHz, 3996 MHz, 186.29 W, 35
2026/10/08 02:05:11.394, 2, 120 MHz, 3996 MHz, 182.21 W, 29
2026/10/08 02:05:11.394, 3, 120 MHz, 3996 MHz, 182.17 W, 29
2026/10/08 02:05:11.394, 4, 120 MHz, 3996 MHz, 186.53 W, 39
2026/10/08 02:05:11.394, 5, 120 MHz, 3996 MHz, 184.88 W, 38
2026/10/08 02:05:11.394, 6, 120 MHz, 3996 MHz, 184.83 W, 29
2026/10/08 02:05:11.394, 7, 120 MHz, 3996 MHz, 184.59 W, 28
2026/10/08 02:05:11.494, 0, 120 MHz, 3996 MHz, 184.47 W, 33
2026/10/08 02:05:11.494, 1, 120 MHz, 3996 MHz, 186.29 W, 35
2026/10/08 02:05:11.494, 2, 120 MHz, 3996 MHz, 182.21 W, 29
2026/10/08 02:05:11.494, 3, 120 MHz, 3996 MHz, 182.18 W, 29
2026/10/08 02:05:11.494, 4, 120 MHz, 3996 MHz, 186.53 W, 39
2026/10/08 02:05:11.494, 5, 120 MHz, 3996 MHz, 184.91 W, 38
2026/10/08 02:05:11.494, 6, 120 MHz, 3996 MHz, 184.83 W, 29
2026/10/08 02:05:11.494, 7, 120 MHz, 3996 MHz, 184.59 W, 28
2026/10/08 02:05:11.594, 0, 120 MHz, 3996 MHz, 184.47 W, 33
2026/10/08 02:05:11.594, 1, 120 MHz, 3996 MHz, 186.29 W, 35
2026/10/08 02:05:11.594, 2, 120 MHz, 3996 MHz, 182.21 W, 29
2026/10/08 02:05:11.594, 3, 120 MHz, 3996 MHz, 182.18 W, 29
2026/10/08 02:05:11.594, 4, 120 MHz, 3996 MHz, 186.53 W, 39
2026/10/08 02:05:11.594, 5, 120 MHz, 3996 MHz, 184.84 W, 38
2026/10/08 02:05:11.594, 6, 120 MHz, 3996 MHz, 184.83 W, 29
2026/10/08 02:05:11.594, 7, 120 MHz, 3996 MHz, 184.60 W, 28
2026/10/08 02:05:11.694, 0, 120 MHz, 3996 MHz, 184.47 W, 33
2026/10/08 02:05:11.694, 1, 120 MHz, 3996 MHz, 186.29 W, 35
2026/10/08 02:05:11.694, 2, 120 MHz, 3996 MHz, 182.21 W, 29
2026/10/08 02:05:11.694, 3, 120 MHz, 3996 MHz, 182.17 W, 29
2026/10/08 02:05:11.694, 4, 120 MHz, 3996 MHz, 186.53 W, 39
2026/10/08 02:05:11.694, 5, 120 MHz, 3996 MHz, 184.80 W, 38
2026/10/08 02:05:11.694, 6, 120 MHz, 3996 MHz, 184.83 W, 29
2026/10/08 02:05:11.694, 7, 120 MHz, 3996 MHz, 184.60 W, 28
2026/10/08 02:05:11.795, 0, 120 MHz, 3996 MHz, 184.47 W, 33
2026/10/08 02:05:11.795, 1, 120 MHz, 3996 MHz, 186.29 W, 35
2026/10/08 02:05:11.795, 2, 120 MHz, 3996 MHz, 182.21 W, 29
2026/10/08 02:05:11.795, 3, 120 MHz, 3996 MHz, 182.18 W, 29
2026/10/08 02:05:11.795, 4, 120 MHz, 3996 MHz, 186.53 W, 39
2026/10/08 02:05:11.795, 5, 120 MHz, 3996 MHz, 184.83 W, 38
2026/10/08 02:05:11.795, 6, 120 MHz, 3996 MHz, 184.83 W, 29
2026/10/08 02:05:11.795, 7, 120 MHz, 3996 MHz, 184.60 W, 28
2026/10/08 02:05:11.895, 0, 120 MHz, 3996 MHz, 184.47 W, 33
2026/10/08 02:05:11.895, 1, 120 MHz, 3996 MHz, 186.29 W, 35
2026/10/08 02:05:11.895, 2, 120 MHz, 3996 MHz, 182.21 W, 29
2026/10/08 02:05:11.895, 3, 120 MHz, 3996 MHz, 182.18 W, 29
2026/10/08 02:05:11.895, 4, 120 MHz, 3996 MHz, 186.53 W, 39
2026/10/08 02:05:11.895, 5, 120 MHz, 3996 MHz, 184.83 W, 38
2026/10/08 02:05:11.895, 6, 120 MHz, 3996 MHz, 184.83 W, 29
2026/10/08 02:05:11.895, 7, 120 MHz, 3996 MHz, 184.60 W, 28
2026/10/08 02:05:11.995, 0, 120 MHz, 3996 MHz, 184.47 W, 33
2026/10/08 02:05:11.995, 1, 120 MHz, 3996 MHz, 186.29 W, 35
2026/10/08 02:05:11.995, 2, 120 MHz, 3996 MHz, 182.21 W, 29
2026/10/08 02:05:11.995, 3, 120 MHz, 3996 MHz, 182.18 W, 29
2026/10/08 02:05:11.995, 4, 120 MHz, 3996 MHz, 186.53 W, 39
2026/10/08 02:05:11.995, 5, 120 MHz, 3996 MHz, 184.83 W, 38
2026/10/08 02:05:11.995, 6, 120 MHz, 3996 MHz, 184.83 W, 29
2026/10/08 02:05:11.995, 7, 120 MHz, 3996 MHz, 184.60 W, 28
2026/10/08 02:05:12.095, 0, 120 MHz, 3996 MHz, 184.47 W, 33
2026/10/08 02:05:12.095, 1, 120 MHz, 3996 MHz, 186.29 W, 35
2026/10/08 02:05:12.095, 2, 120 MHz, 3996 MHz, 182.21 W, 29
2026/10/08 02:05:12.096, 3, 120 MHz, 3996 MHz, 182.18 W, 29
2026/10/08 02:05:12.096, 4, 120 MHz, 3996 MHz, 186.53 W, 39
2026/10/08 02:05:12.096, 5, 120 MHz, 3996 MHz, 184.83 W, 38
2026/10/08 02:05:12.096, 6, 120 MHz, 3996 MHz, 184.83 W, 29
2026/10/08 02:05:12.096, 7, 120 MHz, 3996 MHz, 184.60 W, 28
2026/10/08 02:05:12.196, 0, 120 MHz, 3996 MHz, 184.47 W, 33
2026/10/08 02:05:12.196, 1, 120 MHz, 3996 MHz, 186.29 W, 35
2026/10/08 02:05:12.196, 2, 120 MHz, 3996 MHz, 182.21 W, 29
2026/10/08 02:05:12.196, 3, 120 MHz, 3996 MHz, 182.18 W, 29
2026/10/08 02:05:12.196, 4, 120 MHz, 3996 MHz, 186.53 W, 39
2026/10/08 02:05:12.196, 5, 120 MHz, 3996 MHz, 184.75 W, 38
2026/10/08 02:05:12.196, 6, 120 MHz, 3996 MHz, 184.83 W, 29
2026/10/08 02:05:12.196, 7, 120 MHz, 3996 MHz, 184.60 W, 28
2026/10/08 02:05:12.296, 0, 120 MHz, 3996 MHz, 184.47 W, 33
2026/10/08 02:05:12.296, 1, 120 MHz, 3996 MHz, 186.29 W, 35
2026/10/08 02:05:12.296, 2, 120 MHz, 3996 MHz, 182.17 W, 29
2026/10/08 02:05:12.296, 3, 120 MHz, 3996 MHz, 182.18 W, 29
2026/10/08 02:05:12.296, 4, 120 MHz, 3996 MHz, 186.53 W, 39
2026/10/08 02:05:12.296, 5, 120 MHz, 3996 MHz, 184.75 W, 37
2026/10/08 02:05:12.296, 6, 120 MHz, 3996 MHz, 184.83 W, 29
2026/10/08 02:05:12.296, 7, 120 MHz, 3996 MHz, 184.60 W, 28
2026/10/08 02:05:12.396, 0, 120 MHz, 3996 MHz, 184.47 W, 33
2026/10/08 02:05:12.396, 1, 120 MHz, 3996 MHz, 186.29 W, 35
2026/10/08 02:05:12.396, 2, 120 MHz, 3996 MHz, 182.13 W, 29
2026/10/08 02:05:12.396, 3, 120 MHz, 3996 MHz, 182.18 W, 29
2026/10/08 02:05:12.396, 4, 120 MHz, 3996 MHz, 186.53 W, 39
2026/10/08 02:05:12.396, 5, 120 MHz, 3996 MHz, 184.75 W, 37
2026/10/08 02:05:12.396, 6, 120 MHz, 3996 MHz, 184.83 W, 29
2026/10/08 02:05:12.396, 7, 120 MHz, 3996 MHz, 184.60 W, 28
2026/10/08 02:05:12.496, 0, 120 MHz, 3996 MHz, 184.47 W, 33
2026/10/08 02:05:12.497, 1, 120 MHz, 3996 MHz, 186.29 W, 35
2026/10/08 02:05:12.497, 2, 120 MHz, 3996 MHz, 182.13 W, 29
2026/10/08 02:05:12.497, 3, 120 MHz, 3996 MHz, 182.19 W, 29
2026/10/08 02:05:12.497, 4, 120 MHz, 3996 MHz, 186.53 W, 39
2026/10/08 02:05:12.497, 5, 120 MHz, 3996 MHz, 184.71 W, 37
2026/10/08 02:05:12.497, 6, 120 MHz, 3996 MHz, 184.83 W, 29
2026/10/08 02:05:12.497, 7, 120 MHz, 3996 MHz, 184.60 W, 28
2026/10/08 02:05:12.597, 0, 120 MHz, 3996 MHz, 184.47 W, 33
2026/10/08 02:05:12.597, 1, 120 MHz, 3996 MHz, 186.29 W, 35
2026/10/08 02:05:12.597, 2, 120 MHz, 3996 MHz, 182.13 W, 29
2026/10/08 02:05:12.597, 3, 120 MHz, 3996 MHz, 182.18 W, 29
2026/10/08 02:05:12.597, 4, 120 MHz, 3996 MHz, 186.53 W, 39
2026/10/08 02:05:12.597, 5, 120 MHz, 3996 MHz, 184.71 W, 37
2026/10/08 02:05:12.597, 6, 120 MHz, 3996 MHz, 184.83 W, 29
2026/10/08 02:05:12.597, 7, 120 MHz, 3996 MHz, 184.60 W, 28
2026/10/08 02:05:12.697, 0, 120 MHz, 3996 MHz, 184.47 W, 33
2026/10/08 02:05:12.697, 1, 120 MHz, 3996 MHz, 186.29 W, 35
2026/10/08 02:05:12.697, 2, 120 MHz, 3996 MHz, 182.13 W, 29
2026/10/08 02:05:12.697, 3, 120 MHz, 3996 MHz, 182.18 W, 29
2026/10/08 02:05:12.697, 4, 120 MHz, 3996 MHz, 186.53 W, 39
2026/10/08 02:05:12.697, 5, 120 MHz, 3996 MHz, 184.72 W, 37
2026/10/08 02:05:12.697, 6, 120 MHz, 3996 MHz, 184.83 W, 29
2026/10/08 02:05:12.697, 7, 120 MHz, 3996 MHz, 184.60 W, 28
2026/10/08 02:05:12.797, 0, 120 MHz, 3996 MHz, 184.47 W, 33
2026/10/08 02:05:12.797, 1, 120 MHz, 3996 MHz, 186.29 W, 35
2026/10/08 02:05:12.797, 2, 120 MHz, 3996 MHz, 182.13 W, 29
2026/10/08 02:05:12.797, 3, 120 MHz, 3996 MHz, 182.19 W, 29
2026/10/08 02:05:12.797, 4, 120 MHz, 3996 MHz, 186.53 W, 39
2026/10/08 02:05:12.797, 5, 120 MHz, 3996 MHz, 184.68 W, 37
2026/10/08 02:05:12.797, 6, 120 MHz, 3996 MHz, 184.83 W, 29
2026/10/08 02:05:12.797, 7, 120 MHz, 3996 MHz, 184.59 W, 28
2026/10/08 02:05:12.898, 0, 120 MHz, 3996 MHz, 184.47 W, 33
2026/10/08 02:05:12.898, 1, 120 MHz, 3996 MHz, 186.29 W, 35
2026/10/08 02:05:12.898, 2, 120 MHz, 3996 MHz, 182.13 W, 29
2026/10/08 02:05:12.898, 3, 120 MHz, 3996 MHz, 182.19 W, 29
2026/10/08 02:05:12.898, 4, 120 MHz, 3996 MHz, 186.53 W, 39
2026/10/08 02:05:12.898, 5, 120 MHz, 3996 MHz, 184.72 W, 37
2026/10/08 02:05:12.898, 6, 120 MHz, 3996 MHz, 184.83 W, 29
2026/10/08 02:05:12.898, 7, 120 MHz, 3996 MHz, 184.59 W, 28
2026/10/08 02:05:12.998, 0, 120 MHz, 3996 MHz, 184.47 W, 33
2026/10/08 02:05:12.998, 1, 120 MHz, 3996 MHz, 186.29 W, 35
2026/10/08 02:05:12.998, 2, 120 MHz, 3996 MHz, 182.17 W, 29
2026/10/08 02:05:12.998, 3, 120 MHz, 3996 MHz, 182.19 W, 29
2026/10/08 02:05:12.998, 4, 120 MHz, 3996 MHz, 186.53 W, 39
2026/10/08 02:05:12.998, 5, 120 MHz, 3996 MHz, 184.76 W, 37
2026/10/08 02:05:12.998, 6, 120 MHz, 3996 MHz, 184.83 W, 29
2026/10/08 02:05:12.998, 7, 120 MHz, 3996 MHz, 184.59 W, 28
2026/10/08 02:05:13.098, 0, 120 MHz, 3996 MHz, 184.47 W, 33
2026/10/08 02:05:13.098, 1, 120 MHz, 3996 MHz, 186.29 W, 35
2026/10/08 02:05:13.098, 2, 120 MHz, 3996 MHz, 182.17 W, 29
2026/10/08 02:05:13.098, 3, 120 MHz, 3996 MHz, 182.18 W, 29
2026/10/08 02:05:13.098, 4, 120 MHz, 3996 MHz, 186.53 W, 39
2026/10/08 02:05:13.098, 5, 120 MHz, 3996 MHz, 184.76 W, 37
2026/10/08 02:05:13.098, 6, 120 MHz, 3996 MHz, 184.83 W, 29
2026/10/08 02:05:13.098, 7, 120 MHz, 3996 MHz, 184.60 W, 28
2026/10/08 02:05:13.198, 0, 120 MHz, 3996 MHz, 184.47 W, 33
2026/10/08 02:05:13.198, 1, 120 MHz, 3996 MHz, 186.29 W, 35
2026/10/08 02:05:13.198, 2, 120 MHz, 3996 MHz, 182.17 W, 29
2026/10/08 02:05:13.198, 3, 120 MHz, 3996 MHz, 182.18 W, 29
2026/10/08 02:05:13.198, 4, 120 MHz, 3996 MHz, 186.53 W, 39
2026/10/08 02:05:13.198, 5, 120 MHz, 3996 MHz, 184.77 W, 37
2026/10/08 02:05:13.198, 6, 120 MHz, 3996 MHz, 184.83 W, 29
2026/10/08 02:05:13.198, 7, 120 MHz, 3996 MHz, 184.60 W, 28
2026/10/08 02:05:13.299, 0, 120 MHz, 3996 MHz, 184.47 W, 33
2026/10/08 02:05:13.299, 1, 120 MHz, 3996 MHz, 186.29 W, 35
2026/10/08 02:05:13.299, 2, 120 MHz, 3996 MHz, 182.17 W, 29
2026/10/08 02:05:13.299, 3, 120 MHz, 3996 MHz, 182.18 W, 29
2026/10/08 02:05:13.299, 4, 120 MHz, 3996 MHz, 186.53 W, 39
2026/10/08 02:05:13.299, 5, 120 MHz, 3996 MHz, 184.76 W, 37
2026/10/08 02:05:13.299, 6, 120 MHz, 3996 MHz, 184.83 W, 29
2026/10/08 02:05:13.299, 7, 120 MHz, 3996 MHz, 184.60 W, 28
2026/10/08 02:05:13.399, 0, 120 MHz, 3996 MHz, 184.47 W, 33
2026/10/08 02:05:13.399, 1, 120 MHz, 3996 MHz, 186.29 W, 35
2026/10/08 02:05:13.399, 2, 120 MHz, 3996 MHz, 182.17 W, 29
2026/10/08 02:05:13.399, 3, 120 MHz, 3996 MHz, 182.18 W, 29
2026/10/08 02:05:13.399, 4, 120 MHz, 3996 MHz, 186.53 W, 39
2026/10/08 02:05:13.399, 5, 120 MHz, 3996 MHz, 184.76 W, 37
2026/10/08 02:05:13.399, 6, 120 MHz, 3996 MHz, 184.83 W, 29
2026/10/08 02:05:13.399, 7, 120 MHz, 3996 MHz, 184.60 W, 28
2026/10/08 02:05:13.499, 0, 120 MHz, 3996 MHz, 184.47 W, 33
2026/10/08 02:05:13.499, 1, 120 MHz, 3996 MHz, 186.29 W, 35
2026/10/08 02:05:13.499, 2, 120 MHz, 3996 MHz, 182.17 W, 29
2026/10/08 02:05:13.499, 3, 120 MHz, 3996 MHz, 182.18 W, 29
2026/10/08 02:05:13.499, 4, 120 MHz, 3996 MHz, 186.53 W, 39
2026/10/08 02:05:13.499, 5, 120 MHz, 3996 MHz, 184.79 W, 37
2026/10/08 02:05:13.499, 6, 120 MHz, 3996 MHz, 184.83 W, 29
2026/10/08 02:05:13.499, 7, 120 MHz, 3996 MHz, 184.60 W, 28
2026/10/08 02:05:13.599, 0, 120 MHz, 3996 MHz, 184.47 W, 33
2026/10/08 02:05:13.599, 1, 120 MHz, 3996 MHz, 186.29 W, 35
2026/10/08 02:05:13.599, 2, 120 MHz, 3996 MHz, 182.21 W, 29
2026/10/08 02:05:13.599, 3, 120 MHz, 3996 MHz, 182.17 W, 29
2026/10/08 02:05:13.599, 4, 120 MHz, 3996 MHz, 186.53 W, 39
2026/10/08 02:05:13.599, 5, 120 MHz, 3996 MHz, 184.79 W, 37
2026/10/08 02:05:13.599, 6, 120 MHz, 3996 MHz, 184.83 W, 29
2026/10/08 02:05:13.599, 7, 120 MHz, 3996 MHz, 184.60 W, 28
2026/10/08 02:05:13.700, 0, 120 MHz, 3996 MHz, 184.47 W, 33
2026/10/08 02:05:13.700, 1, 120 MHz, 3996 MHz, 186.29 W, 35
2026/10/08 02:05:13.700, 2, 120 MHz, 3996 MHz, 182.21 W, 29
2026/10/08 02:05:13.700, 3, 120 MHz, 3996 MHz, 182.17 W, 29
2026/10/08 02:05:13.700, 4, 120 MHz, 3996 MHz, 186.53 W, 39
2026/10/08 02:05:13.700, 5, 120 MHz, 3996 MHz, 184.82 W, 37
2026/10/08 02:05:13.700, 6, 120 MHz, 3996 MHz, 184.83 W, 29
2026/10/08 02:05:13.700, 7, 120 MHz, 3996 MHz, 184.60 W, 28
2026/10/08 02:05:13.800, 0, 120 MHz, 3996 MHz, 184.47 W, 33
2026/10/08 02:05:13.800, 1, 120 MHz, 3996 MHz, 186.29 W, 35
2026/10/08 02:05:13.800, 2, 120 MHz, 3996 MHz, 182.21 W, 29
2026/10/08 02:05:13.800, 3, 120 MHz, 3996 MHz, 182.16 W, 29
2026/10/08 02:05:13.800, 4, 120 MHz, 3996 MHz, 186.53 W, 39
2026/10/08 02:05:13.800, 5, 120 MHz, 3996 MHz, 184.83 W, 37
2026/10/08 02:05:13.800, 6, 120 MHz, 3996 MHz, 184.83 W, 29
2026/10/08 02:05:13.800, 7, 120 MHz, 3996 MHz, 184.60 W, 28
2026/10/08 02:05:13.900, 0, 120 MHz, 3996 MHz, 184.47 W, 33
2026/10/08 02:05:13.900, 1, 120 MHz, 3996 MHz, 186.29 W, 35
2026/10/08 02:05:13.900, 2, 120 MHz, 3996 MHz, 182.25 W, 29
2026/10/08 02:05:13.900, 3, 120 MHz, 3996 MHz, 182.16 W, 29
2026/10/08 02:05:13.900, 4, 120 MHz, 3996 MHz, 186.53 W, 39
2026/10/08 02:05:13.900, 5, 120 MHz, 3996 MHz, 184.78 W, 37
2026/10/08 02:05:13.900, 6, 120 MHz, 3996 MHz, 184.83 W, 29
2026/10/08 02:05:13.900, 7, 120 MHz, 3996 MHz, 184.60 W, 28
2026/10/08 02:05:14.000, 0, 120 MHz, 3996 MHz, 184.47 W, 33
2026/10/08 02:05:14.001, 1, 120 MHz, 3996 MHz, 186.29 W, 35
2026/10/08 02:05:14.001, 2, 120 MHz, 3996 MHz, 182.21 W, 29
2026/10/08 02:05:14.001, 3, 120 MHz, 3996 MHz, 182.16 W, 29
2026/10/08 02:05:14.001, 4, 120 MHz, 3996 MHz, 186.53 W, 39
2026/10/08 02:05:14.001, 5, 120 MHz, 3996 MHz, 184.71 W, 37
2026/10/08 02:05:14.001, 6, 120 MHz, 3996 MHz, 184.83 W, 29
2026/10/08 02:05:14.001, 7, 120 MHz, 3996 MHz, 184.60 W, 28
2026/10/08 02:05:14.101, 0, 120 MHz, 3996 MHz, 184.47 W, 33
2026/10/08 02:05:14.101, 1, 120 MHz, 3996 MHz, 186.29 W, 35
2026/10/08 02:05:14.101, 2, 120 MHz, 3996 MHz, 182.21 W, 29
2026/10/08 02:05:14.101, 3, 120 MHz, 3996 MHz, 182.16 W, 29
2026/10/08 02:05:14.101, 4, 120 MHz, 3996 MHz, 186.53 W, 39
2026/10/08 02:05:14.101, 5, 120 MHz, 3996 MHz, 184.75 W, 37
2026/10/08 02:05:14.101, 6, 120 MHz, 3996 MHz, 184.83 W, 29
2026/10/08 02:05:14.101, 7, 120 MHz, 3996 MHz, 184.60 W, 28
2026/10/08 02:05:14.201, 0, 120 MHz, 3996 MHz, 184.47 W, 33
2026/10/08 02:05:14.201, 1, 120 MHz, 3996 MHz, 186.29 W, 35
2026/10/08 02:05:14.201, 2, 120 MHz, 3996 MHz, 182.21 W, 29
2026/10/08 02:05:14.201, 3, 120 MHz, 3996 MHz, 182.16 W, 29
2026/10/08 02:05:14.201, 4, 120 MHz, 3996 MHz, 186.53 W, 39
2026/10/08 02:05:14.201, 5, 120 MHz, 3996 MHz, 184.78 W, 37
2026/10/08 02:05:14.201, 6, 120 MHz, 3996 MHz, 184.83 W, 29
2026/10/08 02:05:14.201, 7, 120 MHz, 3996 MHz, 184.60 W, 28
2026/10/08 02:05:14.301, 0, 120 MHz, 3996 MHz, 184.47 W, 33
2026/10/08 02:05:14.301, 1, 120 MHz, 3996 MHz, 186.29 W, 35
2026/10/08 02:05:14.301, 2, 120 MHz, 3996 MHz, 182.21 W, 29
2026/10/08 02:05:14.301, 3, 120 MHz, 3996 MHz, 182.16 W, 29
2026/10/08 02:05:14.301, 4, 120 MHz, 3996 MHz, 186.53 W, 39
2026/10/08 02:05:14.301, 5, 120 MHz, 3996 MHz, 184.82 W, 37
2026/10/08 02:05:14.301, 6, 120 MHz, 3996 MHz, 184.83 W, 29
2026/10/08 02:05:14.301, 7, 120 MHz, 3996 MHz, 184.60 W, 28
2026/10/08 02:05:14.401, 0, 120 MHz, 3996 MHz, 184.47 W, 33
2026/10/08 02:05:14.402, 1, 120 MHz, 3996 MHz, 186.29 W, 35
2026/10/08 02:05:14.402, 2, 120 MHz, 3996 MHz, 182.21 W, 29
2026/10/08 02:05:14.402, 3, 120 MHz, 3996 MHz, 182.16 W, 29
2026/10/08 02:05:14.402, 4, 120 MHz, 3996 MHz, 186.53 W, 39
2026/10/08 02:05:14.402, 5, 120 MHz, 3996 MHz, 184.86 W, 37
2026/10/08 02:05:14.402, 6, 120 MHz, 3996 MHz, 184.83 W, 29
2026/10/08 02:05:14.402, 7, 120 MHz, 3996 MHz, 184.60 W, 28
2026/10/08 02:05:14.502, 0, 120 MHz, 3996 MHz, 184.47 W, 33
2026/10/08 02:05:14.502, 1, 120 MHz, 3996 MHz, 186.29 W, 35
2026/10/08 02:05:14.502, 2, 120 MHz, 3996 MHz, 182.21 W, 29
2026/10/08 02:05:14.502, 3, 120 MHz, 3996 MHz, 182.15 W, 29
2026/10/08 02:05:14.502, 4, 120 MHz, 3996 MHz, 186.53 W, 39
2026/10/08 02:05:14.502, 5, 120 MHz, 3996 MHz, 184.83 W, 37
2026/10/08 02:05:14.502, 6, 120 MHz, 3996 MHz, 184.83 W, 29
2026/10/08 02:05:14.502, 7, 120 MHz, 3996 MHz, 184.60 W, 28
2026/10/08 02:05:14.602, 0, 120 MHz, 3996 MHz, 184.47 W, 33
2026/10/08 02:05:14.602, 1, 120 MHz, 3996 MHz, 186.29 W, 35
2026/10/08 02:05:14.602, 2, 120 MHz, 3996 MHz, 182.17 W, 29
2026/10/08 02:05:14.602, 3, 120 MHz, 3996 MHz, 182.15 W, 29
2026/10/08 02:05:14.602, 4, 120 MHz, 3996 MHz, 186.53 W, 39
2026/10/08 02:05:14.602, 5, 120 MHz, 3996 MHz, 184.87 W, 37
2026/10/08 02:05:14.602, 6, 120 MHz, 3996 MHz, 184.83 W, 29
2026/10/08 02:05:14.602, 7, 120 MHz, 3996 MHz, 184.60 W, 28
2026/10/08 02:05:14.702, 0, 120 MHz, 3996 MHz, 184.47 W, 33
2026/10/08 02:05:14.702, 1, 120 MHz, 3996 MHz, 186.29 W, 35
2026/10/08 02:05:14.702, 2, 120 MHz, 3996 MHz, 182.17 W, 29
2026/10/08 02:05:14.702, 3, 120 MHz, 3996 MHz, 182.14 W, 29
2026/10/08 02:05:14.702, 4, 120 MHz, 3996 MHz, 186.53 W, 39
2026/10/08 02:05:14.702, 5, 120 MHz, 3996 MHz, 184.90 W, 37
2026/10/08 02:05:14.702, 6, 120 MHz, 3996 MHz, 184.83 W, 29
2026/10/08 02:05:14.702, 7, 120 MHz, 3996 MHz, 184.61 W, 28
2026/10/08 02:05:14.803, 0, 120 MHz, 3996 MHz, 184.47 W, 33
2026/10/08 02:05:14.803, 1, 120 MHz, 3996 MHz, 186.29 W, 35
2026/10/08 02:05:14.803, 2, 120 MHz, 3996 MHz, 182.21 W, 29
2026/10/08 02:05:14.803, 3, 120 MHz, 3996 MHz, 182.15 W, 29
2026/10/08 02:05:14.803, 4, 120 MHz, 3996 MHz, 186.53 W, 39
2026/10/08 02:05:14.803, 5, 120 MHz, 3996 MHz, 184.91 W, 37
2026/10/08 02:05:14.803, 6, 120 MHz, 3996 MHz, 184.83 W, 29
2026/10/08 02:05:14.803, 7, 120 MHz, 3996 MHz, 184.61 W, 28
2026/10/08 02:05:14.903, 0, 120 MHz, 3996 MHz, 184.47 W, 33
2026/10/08 02:05:14.903, 1, 120 MHz, 3996 MHz, 186.29 W, 35
2026/10/08 02:05:14.903, 2, 120 MHz, 3996 MHz, 182.25 W, 29
2026/10/08 02:05:14.903, 3, 120 MHz, 3996 MHz, 182.15 W, 29
2026/10/08 02:05:14.903, 4, 120 MHz, 3996 MHz, 186.53 W, 39
2026/10/08 02:05:14.903, 5, 120 MHz, 3996 MHz, 184.95 W, 37
2026/10/08 02:05:14.903, 6, 120 MHz, 3996 MHz, 184.83 W, 29
2026/10/08 02:05:14.903, 7, 120 MHz, 3996 MHz, 184.61 W, 28
2026/10/08 02:05:15.003, 0, 120 MHz, 3996 MHz, 184.47 W, 33
2026/10/08 02:05:15.003, 1, 120 MHz, 3996 MHz, 186.29 W, 35
2026/10/08 02:05:15.003, 2, 120 MHz, 3996 MHz, 182.25 W, 29
2026/10/08 02:05:15.003, 3, 120 MHz, 3996 MHz, 182.16 W, 29
2026/10/08 02:05:15.003, 4, 120 MHz, 3996 MHz, 186.53 W, 39
2026/10/08 02:05:15.003, 5, 120 MHz, 3996 MHz, 184.95 W, 37
2026/10/08 02:05:15.003, 6, 120 MHz, 3996 MHz, 184.83 W, 29
2026/10/08 02:05:15.003, 7, 120 MHz, 3996 MHz, 184.61 W, 28
2026/10/08 02:05:15.103, 0, 120 MHz, 3996 MHz, 184.47 W, 33
2026/10/08 02:05:15.103, 1, 120 MHz, 3996 MHz, 186.29 W, 35
2026/10/08 02:05:15.103, 2, 120 MHz, 3996 MHz, 182.24 W, 29
2026/10/08 02:05:15.103, 3, 120 MHz, 3996 MHz, 182.16 W, 29
2026/10/08 02:05:15.103, 4, 120 MHz, 3996 MHz, 186.53 W, 39
2026/10/08 02:05:15.103, 5, 120 MHz, 3996 MHz, 184.91 W, 37
2026/10/08 02:05:15.103, 6, 120 MHz, 3996 MHz, 184.83 W, 29
2026/10/08 02:05:15.103, 7, 120 MHz, 3996 MHz, 184.60 W, 28
2026/10/08 02:05:15.204, 0, 120 MHz, 3996 MHz, 184.47 W, 33
2026/10/08 02:05:15.204, 1, 120 MHz, 3996 MHz, 186.29 W, 35
2026/10/08 02:05:15.204, 2, 120 MHz, 3996 MHz, 182.24 W, 29
2026/10/08 02:05:15.204, 3, 120 MHz, 3996 MHz, 182.15 W, 29
2026/10/08 02:05:15.204, 4, 120 MHz, 3996 MHz, 186.53 W, 39
2026/10/08 02:05:15.204, 5, 120 MHz, 3996 MHz, 184.91 W, 37
2026/10/08 02:05:15.204, 6, 120 MHz, 3996 MHz, 184.83 W, 29
2026/10/08 02:05:15.204, 7, 120 MHz, 3996 MHz, 184.60 W, 28
2026/10/08 02:05:15.304, 0, 120 MHz, 3996 MHz, 184.47 W, 33
2026/10/08 02:05:15.304, 1, 120 MHz, 3996 MHz, 186.29 W, 35
2026/10/08 02:05:15.304, 2, 120 MHz, 3996 MHz, 182.29 W, 29
2026/10/08 02:05:15.304, 3, 120 MHz, 3996 MHz, 182.15 W, 29
2026/10/08 02:05:15.304, 4, 120 MHz, 3996 MHz, 186.53 W, 39
2026/10/08 02:05:15.304, 5, 120 MHz, 3996 MHz, 184.84 W, 37
2026/10/08 02:05:15.304, 6, 120 MHz, 3996 MHz, 184.83 W, 29
2026/10/08 02:05:15.304, 7, 120 MHz, 3996 MHz, 184.60 W, 28
2026/10/08 02:05:15.404, 0, 120 MHz, 3996 MHz, 184.47 W, 33
2026/10/08 02:05:15.404, 1, 120 MHz, 3996 MHz, 186.29 W, 35
2026/10/08 02:05:15.404, 2, 120 MHz, 3996 MHz, 182.29 W, 29
2026/10/08 02:05:15.404, 3, 120 MHz, 3996 MHz, 182.15 W, 29
2026/10/08 02:05:15.404, 4, 120 MHz, 3996 MHz, 186.53 W, 39
2026/10/08 02:05:15.404, 5, 120 MHz, 3996 MHz, 184.79 W, 37
2026/10/08 02:05:15.404, 6, 120 MHz, 3996 MHz, 184.83 W, 29
2026/10/08 02:05:15.404, 7, 120 MHz, 3996 MHz, 184.60 W, 28
2026/10/08 02:05:15.504, 0, 120 MHz, 3996 MHz, 184.47 W, 33
2026/10/08 02:05:15.504, 1, 120 MHz, 3996 MHz, 186.29 W, 35
2026/10/08 02:05:15.504, 2, 120 MHz, 3996 MHz, 182.28 W, 29
2026/10/08 02:05:15.504, 3, 120 MHz, 3996 MHz, 182.16 W, 29
2026/10/08 02:05:15.504, 4, 120 MHz, 3996 MHz, 186.53 W, 39
2026/10/08 02:05:15.504, 5, 120 MHz, 3996 MHz, 184.76 W, 37
2026/10/08 02:05:15.504, 6, 120 MHz, 3996 MHz, 184.83 W, 29
2026/10/08 02:05:15.504, 7, 120 MHz, 3996 MHz, 184.60 W, 28
2026/10/08 02:05:15.605, 0, 120 MHz, 3996 MHz, 184.47 W, 33
2026/10/08 02:05:15.605, 1, 120 MHz, 3996 MHz, 186.29 W, 35
2026/10/08 02:05:15.605, 2, 120 MHz, 3996 MHz, 182.28 W, 29
2026/10/08 02:05:15.605, 3, 120 MHz, 3996 MHz, 182.16 W, 29
2026/10/08 02:05:15.605, 4, 120 MHz, 3996 MHz, 186.53 W, 39
2026/10/08 02:05:15.605, 5, 120 MHz, 3996 MHz, 184.80 W, 37
2026/10/08 02:05:15.605, 6, 120 MHz, 3996 MHz, 184.83 W, 29
2026/10/08 02:05:15.605, 7, 120 MHz, 3996 MHz, 184.60 W, 28
2026/10/08 02:05:15.705, 0, 120 MHz, 3996 MHz, 184.47 W, 33
2026/10/08 02:05:15.705, 1, 120 MHz, 3996 MHz, 186.29 W, 35
2026/10/08 02:05:15.705, 2, 120 MHz, 3996 MHz, 182.28 W, 29
2026/10/08 02:05:15.705, 3, 120 MHz, 3996 MHz, 182.17 W, 29
2026/10/08 02:05:15.705, 4, 120 MHz, 3996 MHz, 186.53 W, 39
2026/10/08 02:05:15.705, 5, 120 MHz, 3996 MHz, 184.68 W, 37
2026/10/08 02:05:15.705, 6, 120 MHz, 3996 MHz, 184.83 W, 29
2026/10/08 02:05:15.705, 7, 120 MHz, 3996 MHz, 184.60 W, 28
2026/10/08 02:05:15.805, 0, 120 MHz, 3996 MHz, 184.47 W, 33
2026/10/08 02:05:15.805, 1, 120 MHz, 3996 MHz, 186.29 W, 35
2026/10/08 02:05:15.805, 2, 120 MHz, 3996 MHz, 182.32 W, 29
2026/10/08 02:05:15.805, 3, 120 MHz, 3996 MHz, 182.18 W, 29
2026/10/08 02:05:15.805, 4, 120 MHz, 3996 MHz, 186.53 W, 39
2026/10/08 02:05:15.805, 5, 120 MHz, 3996 MHz, 184.68 W, 37
2026/10/08 02:05:15.805, 6, 120 MHz, 3996 MHz, 184.83 W, 29
2026/10/08 02:05:15.805, 7, 120 MHz, 3996 MHz, 184.59 W, 28
2026/10/08 02:05:15.905, 0, 120 MHz, 3996 MHz, 184.47 W, 33
2026/10/08 02:05:15.906, 1, 120 MHz, 3996 MHz, 186.29 W, 35
2026/10/08 02:05:15.906, 2, 120 MHz, 3996 MHz, 182.21 W, 29
2026/10/08 02:05:15.906, 3, 120 MHz, 3996 MHz, 182.17 W, 29
2026/10/08 02:05:15.906, 4, 120 MHz, 3996 MHz, 186.53 W, 39
2026/10/08 02:05:15.906, 5, 120 MHz, 3996 MHz, 184.64 W, 37
2026/10/08 02:05:15.906, 6, 120 MHz, 3996 MHz, 184.83 W, 29
2026/10/08 02:05:15.906, 7, 120 MHz, 3996 MHz, 184.59 W, 28
2026/10/08 02:05:16.006, 0, 120 MHz, 3996 MHz, 184.47 W, 33
2026/10/08 02:05:16.006, 1, 120 MHz, 3996 MHz, 186.29 W, 35
2026/10/08 02:05:16.006, 2, 120 MHz, 3996 MHz, 182.21 W, 29
2026/10/08 02:05:16.006, 3, 120 MHz, 3996 MHz, 182.17 W, 29
2026/10/08 02:05:16.006, 4, 120 MHz, 3996 MHz, 186.53 W, 39
2026/10/08 02:05:16.006, 5, 120 MHz, 3996 MHz, 184.64 W, 37
2026/10/08 02:05:16.006, 6, 120 MHz, 3996 MHz, 184.83 W, 29
2026/10/08 02:05:16.006, 7, 120 MHz, 3996 MHz, 184.59 W, 28
2026/10/08 02:05:16.106, 0, 120 MHz, 3996 MHz, 184.47 W, 33
2026/10/08 02:05:16.106, 1, 120 MHz, 3996 MHz, 186.29 W, 35
2026/10/08 02:05:16.106, 2, 120 MHz, 3996 MHz, 182.25 W, 29
2026/10/08 02:05:16.106, 3, 120 MHz, 3996 MHz, 182.17 W, 29
2026/10/08 02:05:16.106, 4, 120 MHz, 3996 MHz, 186.53 W, 39
2026/10/08 02:05:16.106, 5, 120 MHz, 3996 MHz, 184.64 W, 37
2026/10/08 02:05:16.106, 6, 120 MHz, 3996 MHz, 184.83 W, 29
2026/10/08 02:05:16.106, 7, 120 MHz, 3996 MHz, 184.59 W, 28
2026/10/08 02:05:16.206, 0, 120 MHz, 3996 MHz, 184.47 W, 33
2026/10/08 02:05:16.207, 1, 120 MHz, 3996 MHz, 186.29 W, 35
2026/10/08 02:05:16.207, 2, 120 MHz, 3996 MHz, 182.29 W, 29
2026/10/08 02:05:16.207, 3, 120 MHz, 3996 MHz, 182.17 W, 29
2026/10/08 02:05:16.207, 4, 120 MHz, 3996 MHz, 186.53 W, 39
2026/10/08 02:05:16.207, 5, 120 MHz, 3996 MHz, 184.64 W, 37
2026/10/08 02:05:16.207, 6, 120 MHz, 3996 MHz, 184.83 W, 29
2026/10/08 02:05:16.207, 7, 120 MHz, 3996 MHz, 184.59 W, 28
2026/10/08 02:05:16.307, 0, 120 MHz, 3996 MHz, 184.47 W, 33
2026/10/08 02:05:16.307, 1, 120 MHz, 3996 MHz, 186.29 W, 35
2026/10/08 02:05:16.307, 2, 120 MHz, 3996 MHz, 182.25 W, 29
2026/10/08 02:05:16.307, 3, 120 MHz, 3996 MHz, 182.18 W, 29
2026/10/08 02:05:16.307, 4, 120 MHz, 3996 MHz, 186.53 W, 39
2026/10/08 02:05:16.307, 5, 120 MHz, 3996 MHz, 184.64 W, 37
2026/10/08 02:05:16.307, 6, 120 MHz, 3996 MHz, 184.83 W, 29
2026/10/08 02:05:16.307, 7, 120 MHz, 3996 MHz, 184.60 W, 28
2026/10/08 02:05:16.407, 0, 120 MHz, 3996 MHz, 184.47 W, 33
2026/10/08 02:05:16.407, 1, 120 MHz, 3996 MHz, 186.29 W, 35
2026/10/08 02:05:16.407, 2, 120 MHz, 3996 MHz, 182.25 W, 29
2026/10/08 02:05:16.407, 3, 120 MHz, 3996 MHz, 182.18 W, 29
2026/10/08 02:05:16.407, 4, 120 MHz, 3996 MHz, 186.53 W, 39
2026/10/08 02:05:16.407, 5, 120 MHz, 3996 MHz, 184.64 W, 37
2026/10/08 02:05:16.407, 6, 120 MHz, 3996 MHz, 184.83 W, 29
2026/10/08 02:05:16.407, 7, 120 MHz, 3996 MHz, 184.60 W, 28
2026/10/08 02:05:16.507, 0, 120 MHz, 3996 MHz, 184.47 W, 33
2026/10/08 02:05:16.507, 1, 120 MHz, 3996 MHz, 186.29 W, 35
2026/10/08 02:05:16.507, 2, 120 MHz, 3996 MHz, 182.25 W, 29
2026/10/08 02:05:16.507, 3, 120 MHz, 3996 MHz, 182.18 W, 29
2026/10/08 02:05:16.507, 4, 120 MHz, 3996 MHz, 186.53 W, 39
2026/10/08 02:05:16.507, 5, 120 MHz, 3996 MHz, 184.64 W, 37
2026/10/08 02:05:16.507, 6, 120 MHz, 3996 MHz, 184.83 W, 29
2026/10/08 02:05:16.507, 7, 120 MHz, 3996 MHz, 184.59 W, 28
2026/10/08 02:05:16.608, 0, 120 MHz, 3996 MHz, 184.47 W, 33
2026/10/08 02:05:16.608, 1, 120 MHz, 3996 MHz, 186.29 W, 35
2026/10/08 02:05:16.608, 2, 120 MHz, 3996 MHz, 182.25 W, 29
2026/10/08 02:05:16.608, 3, 120 MHz, 3996 MHz, 182.17 W, 29
2026/10/08 02:05:16.608, 4, 120 MHz, 3996 MHz, 186.53 W, 39
2026/10/08 02:05:16.608, 5, 120 MHz, 3996 MHz, 184.60 W, 37
2026/10/08 02:05:16.608, 6, 120 MHz, 3996 MHz, 184.83 W, 29
2026/10/08 02:05:16.608, 7, 120 MHz, 3996 MHz, 184.59 W, 28
2026/10/08 02:05:16.708, 0, 120 MHz, 3996 MHz, 184.47 W, 33
2026/10/08 02:05:16.708, 1, 120 MHz, 3996 MHz, 186.29 W, 35
2026/10/08 02:05:16.708, 2, 120 MHz, 3996 MHz, 182.25 W, 29
2026/10/08 02:05:16.708, 3, 120 MHz, 3996 MHz, 182.17 W, 29
2026/10/08 02:05:16.708, 4, 120 MHz, 3996 MHz, 186.53 W, 39
2026/10/08 02:05:16.708, 5, 120 MHz, 3996 MHz, 184.60 W, 37
2026/10/08 02:05:16.708, 6, 120 MHz, 3996 MHz, 184.83 W, 29
2026/10/08 02:05:16.708, 7, 120 MHz, 3996 MHz, 184.59 W, 28
2026/10/08 02:05:16.808, 0, 120 MHz, 3996 MHz, 184.47 W, 33
2026/10/08 02:05:16.808, 1, 120 MHz, 3996 MHz, 186.29 W, 35
2026/10/08 02:05:16.808, 2, 120 MHz, 3996 MHz, 182.21 W, 29
2026/10/08 02:05:16.808, 3, 120 MHz, 3996 MHz, 182.16 W, 29
2026/10/08 02:05:16.808, 4, 120 MHz, 3996 MHz, 186.53 W, 39
2026/10/08 02:05:16.808, 5, 120 MHz, 3996 MHz, 184.60 W, 37
2026/10/08 02:05:16.808, 6, 120 MHz, 3996 MHz, 184.83 W, 29
2026/10/08 02:05:16.808, 7, 120 MHz, 3996 MHz, 184.59 W, 28
2026/10/08 02:05:16.908, 0, 120 MHz, 3996 MHz, 184.47 W, 33
2026/10/08 02:05:16.908, 1, 120 MHz, 3996 MHz, 186.29 W, 35
2026/10/08 02:05:16.908, 2, 120 MHz, 3996 MHz, 182.21 W, 29
2026/10/08 02:05:16.908, 3, 120 MHz, 3996 MHz, 182.16 W, 29
2026/10/08 02:05:16.908, 4, 120 MHz, 3996 MHz, 186.53 W, 39
2026/10/08 02:05:16.908, 5, 120 MHz, 3996 MHz, 184.63 W, 37
2026/10/08 02:05:16.908, 6, 120 MHz, 3996 MHz, 184.83 W, 29
2026/10/08 02:05:16.908, 7, 120 MHz, 3996 MHz, 184.59 W, 28
2026/10/08 02:05:17.009, 0, 120 MHz, 3996 MHz, 184.47 W, 33
2026/10/08 02:05:17.009, 1, 120 MHz, 3996 MHz, 186.29 W, 35
2026/10/08 02:05:17.009, 2, 120 MHz, 3996 MHz, 182.21 W, 29
2026/10/08 02:05:17.009, 3, 120 MHz, 3996 MHz, 182.16 W, 29
2026/10/08 02:05:17.009, 4, 120 MHz, 3996 MHz, 186.53 W, 39
2026/10/08 02:05:17.009, 5, 120 MHz, 3996 MHz, 184.63 W, 37
2026/10/08 02:05:17.009, 6, 120 MHz, 3996 MHz, 184.83 W, 29
2026/10/08 02:05:17.009, 7, 120 MHz, 3996 MHz, 184.59 W, 28
2026/10/08 02:05:17.109, 0, 120 MHz, 3996 MHz, 184.47 W, 33
2026/10/08 02:05:17.109, 1, 120 MHz, 3996 MHz, 186.29 W, 35
2026/10/08 02:05:17.109, 2, 120 MHz, 3996 MHz, 182.29 W, 29
2026/10/08 02:05:17.109, 3, 120 MHz, 3996 MHz, 182.16 W, 29
2026/10/08 02:05:17.109, 4, 120 MHz, 3996 MHz, 186.53 W, 39
2026/10/08 02:05:17.109, 5, 120 MHz, 3996 MHz, 184.63 W, 37
2026/10/08 02:05:17.109, 6, 120 MHz, 3996 MHz, 184.83 W, 29
2026/10/08 02:05:17.109, 7, 120 MHz, 3996 MHz, 184.59 W, 28
2026/10/08 02:05:17.209, 0, 120 MHz, 3996 MHz, 184.47 W, 33
2026/10/08 02:05:17.209, 1, 120 MHz, 3996 MHz, 186.29 W, 35
2026/10/08 02:05:17.209, 2, 120 MHz, 3996 MHz, 182.25 W, 29
2026/10/08 02:05:17.209, 3, 120 MHz, 3996 MHz, 182.17 W, 29
2026/10/08 02:05:17.209, 4, 120 MHz, 3996 MHz, 186.53 W, 39
2026/10/08 02:05:17.209, 5, 120 MHz, 3996 MHz, 184.63 W, 37
2026/10/08 02:05:17.209, 6, 120 MHz, 3996 MHz, 184.83 W, 29
2026/10/08 02:05:17.209, 7, 120 MHz, 3996 MHz, 184.60 W, 28
2026/10/08 02:05:17.309, 0, 120 MHz, 3996 MHz, 184.47 W, 33
2026/10/08 02:05:17.309, 1, 120 MHz, 3996 MHz, 186.29 W, 35
2026/10/08 02:05:17.309, 2, 120 MHz, 3996 MHz, 182.25 W, 29
2026/10/08 02:05:17.309, 3, 120 MHz, 3996 MHz, 182.16 W, 29
2026/10/08 02:05:17.309, 4, 120 MHz, 3996 MHz, 186.53 W, 39
2026/10/08 02:05:17.309, 5, 120 MHz, 3996 MHz, 184.63 W, 37
2026/10/08 02:05:17.309, 6, 120 MHz, 3996 MHz, 184.83 W, 29
2026/10/08 02:05:17.309, 7, 120 MHz, 3996 MHz, 184.60 W, 28
2026/10/08 02:05:17.410, 0, 120 MHz, 3996 MHz, 184.47 W, 33
2026/10/08 02:05:17.410, 1, 120 MHz, 3996 MHz, 186.29 W, 35
2026/10/08 02:05:17.410, 2, 120 MHz, 3996 MHz, 182.25 W, 29
2026/10/08 02:05:17.410, 3, 120 MHz, 3996 MHz, 182.16 W, 29
2026/10/08 02:05:17.410, 4, 120 MHz, 3996 MHz, 186.53 W, 39
2026/10/08 02:05:17.410, 5, 120 MHz, 3996 MHz, 184.63 W, 37
2026/10/08 02:05:17.410, 6, 120 MHz, 3996 MHz, 184.83 W, 29
2026/10/08 02:05:17.410, 7, 120 MHz, 3996 MHz, 184.60 W, 28
2026/10/08 02:05:17.510, 0, 120 MHz, 3996 MHz, 184.47 W, 33
2026/10/08 02:05:17.510, 1, 120 MHz, 3996 MHz, 186.29 W, 35
2026/10/08 02:05:17.510, 2, 120 MHz, 3996 MHz, 182.28 W, 29
2026/10/08 02:05:17.510, 3, 120 MHz, 3996 MHz, 182.16 W, 29
2026/10/08 02:05:17.510, 4, 120 MHz, 3996 MHz, 186.53 W, 39
2026/10/08 02:05:17.510, 5, 120 MHz, 3996 MHz, 184.63 W, 37
2026/10/08 02:05:17.510, 6, 120 MHz, 3996 MHz, 184.83 W, 29
2026/10/08 02:05:17.510, 7, 120 MHz, 3996 MHz, 184.60 W, 28
2026/10/08 02:05:17.610, 0, 120 MHz, 3996 MHz, 184.47 W, 33
2026/10/08 02:05:17.610, 1, 120 MHz, 3996 MHz, 186.29 W, 35
2026/10/08 02:05:17.610, 2, 120 MHz, 3996 MHz, 182.28 W, 29
2026/10/08 02:05:17.610, 3, 120 MHz, 3996 MHz, 182.17 W, 29
2026/10/08 02:05:17.610, 4, 120 MHz, 3996 MHz, 186.53 W, 39
2026/10/08 02:05:17.610, 5, 120 MHz, 3996 MHz, 184.63 W, 37
2026/10/08 02:05:17.610, 6, 120 MHz, 3996 MHz, 184.83 W, 29
2026/10/08 02:05:17.610, 7, 120 MHz, 3996 MHz, 184.60 W, 28
2026/10/08 02:05:17.710, 0, 120 MHz, 3996 MHz, 184.47 W, 33
2026/10/08 02:05:17.710, 1, 120 MHz, 3996 MHz, 186.29 W, 35
2026/10/08 02:05:17.710, 2, 120 MHz, 3996 MHz, 182.28 W, 29
2026/10/08 02:05:17.710, 3, 120 MHz, 3996 MHz, 182.18 W, 29
2026/10/08 02:05:17.710, 4, 120 MHz, 3996 MHz, 186.53 W, 39
2026/10/08 02:05:17.710, 5, 120 MHz, 3996 MHz, 184.64 W, 37
2026/10/08 02:05:17.710, 6, 120 MHz, 3996 MHz, 184.83 W, 29
2026/10/08 02:05:17.710, 7, 120 MHz, 3996 MHz, 184.60 W, 28
2026/10/08 02:05:17.811, 0, 120 MHz, 3996 MHz, 184.47 W, 33
2026/10/08 02:05:17.811, 1, 120 MHz, 3996 MHz, 186.29 W, 35
2026/10/08 02:05:17.811, 2, 120 MHz, 3996 MHz, 182.28 W, 29
2026/10/08 02:05:17.811, 3, 120 MHz, 3996 MHz, 182.18 W, 29
2026/10/08 02:05:17.811, 4, 120 MHz, 3996 MHz, 186.53 W, 39
2026/10/08 02:05:17.811, 5, 120 MHz, 3996 MHz, 184.64 W, 37
2026/10/08 02:05:17.811, 6, 120 MHz, 3996 MHz, 184.83 W, 29
2026/10/08 02:05:17.811, 7, 120 MHz, 3996 MHz, 184.61 W, 28
2026/10/08 02:05:17.911, 0, 120 MHz, 3996 MHz, 184.47 W, 33
2026/10/08 02:05:17.911, 1, 120 MHz, 3996 MHz, 186.29 W, 35
2026/10/08 02:05:17.911, 2, 120 MHz, 3996 MHz, 182.28 W, 29
2026/10/08 02:05:17.911, 3, 120 MHz, 3996 MHz, 182.18 W, 29
2026/10/08 02:05:17.911, 4, 120 MHz, 3996 MHz, 186.53 W, 39
2026/10/08 02:05:17.911, 5, 120 MHz, 3996 MHz, 184.68 W, 37
2026/10/08 02:05:17.911, 6, 120 MHz, 3996 MHz, 184.83 W, 29
2026/10/08 02:05:17.911, 7, 120 MHz, 3996 MHz, 184.61 W, 28
2026/10/08 02:05:18.011, 0, 120 MHz, 3996 MHz, 184.47 W, 33
2026/10/08 02:05:18.011, 1, 120 MHz, 3996 MHz, 186.29 W, 35
2026/10/08 02:05:18.011, 2, 120 MHz, 3996 MHz, 182.28 W, 29
2026/10/08 02:05:18.011, 3, 120 MHz, 3996 MHz, 182.18 W, 29
2026/10/08 02:05:18.011, 4, 120 MHz, 3996 MHz, 186.53 W, 39
2026/10/08 02:05:18.011, 5, 120 MHz, 3996 MHz, 184.65 W, 37
2026/10/08 02:05:18.011, 6, 120 MHz, 3996 MHz, 184.83 W, 29
2026/10/08 02:05:18.011, 7, 120 MHz, 3996 MHz, 184.62 W, 28
2026/10/08 02:05:18.111, 0, 120 MHz, 3996 MHz, 184.47 W, 33
2026/10/08 02:05:18.111, 1, 120 MHz, 3996 MHz, 186.29 W, 35
2026/10/08 02:05:18.111, 2, 120 MHz, 3996 MHz, 182.17 W, 29
2026/10/08 02:05:18.111, 3, 120 MHz, 3996 MHz, 182.18 W, 29
2026/10/08 02:05:18.111, 4, 120 MHz, 3996 MHz, 186.53 W, 38
2026/10/08 02:05:18.111, 5, 120 MHz, 3996 MHz, 184.66 W, 37
2026/10/08 02:05:18.111, 6, 120 MHz, 3996 MHz, 184.83 W, 29
2026/10/08 02:05:18.111, 7, 120 MHz, 3996 MHz, 184.62 W, 28
2026/10/08 02:05:18.212, 0, 120 MHz, 3996 MHz, 184.47 W, 33
2026/10/08 02:05:18.212, 1, 120 MHz, 3996 MHz, 186.29 W, 35
2026/10/08 02:05:18.212, 2, 120 MHz, 3996 MHz, 182.17 W, 29
2026/10/08 02:05:18.212, 3, 120 MHz, 3996 MHz, 182.18 W, 29
2026/10/08 02:05:18.212, 4, 120 MHz, 3996 MHz, 186.53 W, 38
2026/10/08 02:05:18.212, 5, 120 MHz, 3996 MHz, 184.65 W, 37
2026/10/08 02:05:18.212, 6, 120 MHz, 3996 MHz, 184.83 W, 29
2026/10/08 02:05:18.212, 7, 120 MHz, 3996 MHz, 184.61 W, 28
2026/10/08 02:05:18.312, 0, 120 MHz, 3996 MHz, 184.47 W, 33
2026/10/08 02:05:18.312, 1, 120 MHz, 3996 MHz, 186.29 W, 35
2026/10/08 02:05:18.312, 2, 120 MHz, 3996 MHz, 182.17 W, 29
2026/10/08 02:05:18.312, 3, 120 MHz, 3996 MHz, 182.18 W, 29
2026/10/08 02:05:18.312, 4, 120 MHz, 3996 MHz, 186.53 W, 38
2026/10/08 02:05:18.312, 5, 120 MHz, 3996 MHz, 184.65 W, 37
2026/10/08 02:05:18.312, 6, 120 MHz, 3996 MHz, 184.83 W, 29
2026/10/08 02:05:18.312, 7, 120 MHz, 3996 MHz, 184.62 W, 28
2026/10/08 02:05:18.412, 0, 120 MHz, 3996 MHz, 184.47 W, 33
2026/10/08 02:05:18.412, 1, 120 MHz, 3996 MHz, 186.29 W, 35
2026/10/08 02:05:18.412, 2, 120 MHz, 3996 MHz, 182.17 W, 29
2026/10/08 02:05:18.412, 3, 120 MHz, 3996 MHz, 182.19 W, 29
2026/10/08 02:05:18.412, 4, 120 MHz, 3996 MHz, 186.53 W, 38
2026/10/08 02:05:18.412, 5, 120 MHz, 3996 MHz, 184.66 W, 37
2026/10/08 02:05:18.412, 6, 120 MHz, 3996 MHz, 184.83 W, 29
2026/10/08 02:05:18.412, 7, 120 MHz, 3996 MHz, 184.62 W, 28
2026/10/08 02:05:18.512, 0, 120 MHz, 3996 MHz, 184.47 W, 33
2026/10/08 02:05:18.512, 1, 120 MHz, 3996 MHz, 186.29 W, 35
2026/10/08 02:05:18.512, 2, 120 MHz, 3996 MHz, 182.17 W, 29
2026/10/08 02:05:18.512, 3, 120 MHz, 3996 MHz, 182.19 W, 29
2026/10/08 02:05:18.512, 4, 120 MHz, 3996 MHz, 186.53 W, 38
2026/10/08 02:05:18.512, 5, 120 MHz, 3996 MHz, 184.66 W, 37
2026/10/08 02:05:18.512, 6, 120 MHz, 3996 MHz, 184.83 W, 29
2026/10/08 02:05:18.512, 7, 120 MHz, 3996 MHz, 184.61 W, 28
2026/10/08 02:05:18.613, 0, 120 MHz, 3996 MHz, 184.47 W, 33
2026/10/08 02:05:18.613, 1, 120 MHz, 3996 MHz, 186.29 W, 35
2026/10/08 02:05:18.613, 2, 120 MHz, 3996 MHz, 182.17 W, 29
2026/10/08 02:05:18.613, 3, 120 MHz, 3996 MHz, 182.19 W, 29
2026/10/08 02:05:18.613, 4, 120 MHz, 3996 MHz, 186.53 W, 38
2026/10/08 02:05:18.613, 5, 120 MHz, 3996 MHz, 184.66 W, 37
2026/10/08 02:05:18.613, 6, 120 MHz, 3996 MHz, 184.83 W, 29
2026/10/08 02:05:18.613, 7, 120 MHz, 3996 MHz, 184.61 W, 28
2026/10/08 02:05:18.713, 0, 120 MHz, 3996 MHz, 184.47 W, 33
2026/10/08 02:05:18.713, 1, 120 MHz, 3996 MHz, 186.29 W, 35
2026/10/08 02:05:18.713, 2, 120 MHz, 3996 MHz, 182.17 W, 29
2026/10/08 02:05:18.713, 3, 120 MHz, 3996 MHz, 182.19 W, 29
2026/10/08 02:05:18.713, 4, 120 MHz, 3996 MHz, 186.53 W, 38
2026/10/08 02:05:18.713, 5, 120 MHz, 3996 MHz, 184.65 W, 37
2026/10/08 02:05:18.713, 6, 120 MHz, 3996 MHz, 184.83 W, 29
2026/10/08 02:05:18.713, 7, 120 MHz, 3996 MHz, 184.61 W, 28
2026/10/08 02:05:18.813, 0, 120 MHz, 3996 MHz, 184.47 W, 33
2026/10/08 02:05:18.813, 1, 120 MHz, 3996 MHz, 186.29 W, 35
2026/10/08 02:05:18.813, 2, 120 MHz, 3996 MHz, 182.18 W, 29
2026/10/08 02:05:18.813, 3, 120 MHz, 3996 MHz, 182.20 W, 29
2026/10/08 02:05:18.813, 4, 120 MHz, 3996 MHz, 186.53 W, 38
2026/10/08 02:05:18.813, 5, 120 MHz, 3996 MHz, 184.65 W, 37
2026/10/08 02:05:18.813, 6, 120 MHz, 3996 MHz, 184.83 W, 29
2026/10/08 02:05:18.813, 7, 120 MHz, 3996 MHz, 184.61 W, 28
2026/10/08 02:05:18.913, 0, 120 MHz, 3996 MHz, 184.47 W, 33
2026/10/08 02:05:18.914, 1, 120 MHz, 3996 MHz, 186.29 W, 35
2026/10/08 02:05:18.914, 2, 120 MHz, 3996 MHz, 182.17 W, 29
2026/10/08 02:05:18.914, 3, 120 MHz, 3996 MHz, 182.20 W, 29
2026/10/08 02:05:18.914, 4, 120 MHz, 3996 MHz, 186.53 W, 38
2026/10/08 02:05:18.914, 5, 120 MHz, 3996 MHz, 184.61 W, 37
2026/10/08 02:05:18.914, 6, 120 MHz, 3996 MHz, 184.83 W, 29
2026/10/08 02:05:18.914, 7, 120 MHz, 3996 MHz, 184.60 W, 28
2026/10/08 02:05:19.014, 0, 120 MHz, 3996 MHz, 184.47 W, 33
2026/10/08 02:05:19.014, 1, 120 MHz, 3996 MHz, 186.29 W, 35
2026/10/08 02:05:19.014, 2, 120 MHz, 3996 MHz, 182.18 W, 29
2026/10/08 02:05:19.014, 3, 120 MHz, 3996 MHz, 182.20 W, 29
2026/10/08 02:05:19.014, 4, 120 MHz, 3996 MHz, 186.53 W, 38
2026/10/08 02:05:19.014, 5, 120 MHz, 3996 MHz, 184.61 W, 37
2026/10/08 02:05:19.014, 6, 120 MHz, 3996 MHz, 184.83 W, 29
2026/10/08 02:05:19.014, 7, 120 MHz, 3996 MHz, 184.61 W, 28
2026/10/08 02:05:19.114, 0, 120 MHz, 3996 MHz, 184.47 W, 33
2026/10/08 02:05:19.114, 1, 120 MHz, 3996 MHz, 186.29 W, 35
2026/10/08 02:05:19.114, 2, 120 MHz, 3996 MHz, 182.18 W, 29
2026/10/08 02:05:19.114, 3, 120 MHz, 3996 MHz, 182.20 W, 29
2026/10/08 02:05:19.114, 4, 120 MHz, 3996 MHz, 186.53 W, 38
2026/10/08 02:05:19.114, 5, 120 MHz, 3996 MHz, 184.60 W, 37
2026/10/08 02:05:19.114, 6, 120 MHz, 3996 MHz, 184.83 W, 29
2026/10/08 02:05:19.114, 7, 120 MHz, 3996 MHz, 184.61 W, 28
2026/10/08 02:05:19.214, 0, 120 MHz, 3996 MHz, 184.47 W, 33
2026/10/08 02:05:19.214, 1, 120 MHz, 3996 MHz, 186.29 W, 35
2026/10/08 02:05:19.214, 2, 120 MHz, 3996 MHz, 182.18 W, 29
2026/10/08 02:05:19.214, 3, 120 MHz, 3996 MHz, 182.20 W, 29
2026/10/08 02:05:19.214, 4, 120 MHz, 3996 MHz, 186.53 W, 38
2026/10/08 02:05:19.214, 5, 120 MHz, 3996 MHz, 184.60 W, 37
2026/10/08 02:05:19.214, 6, 120 MHz, 3996 MHz, 184.83 W, 29
2026/10/08 02:05:19.214, 7, 120 MHz, 3996 MHz, 184.61 W, 28
2026/10/08 02:05:19.315, 0, 120 MHz, 3996 MHz, 184.47 W, 33
2026/10/08 02:05:19.315, 1, 120 MHz, 3996 MHz, 186.29 W, 35
2026/10/08 02:05:19.315, 2, 120 MHz, 3996 MHz, 182.17 W, 29
2026/10/08 02:05:19.315, 3, 120 MHz, 3996 MHz, 182.20 W, 29
2026/10/08 02:05:19.315, 4, 120 MHz, 3996 MHz, 186.53 W, 38
2026/10/08 02:05:19.315, 5, 120 MHz, 3996 MHz, 184.60 W, 37
2026/10/08 02:05:19.315, 6, 120 MHz, 3996 MHz, 184.83 W, 29
2026/10/08 02:05:19.315, 7, 120 MHz, 3996 MHz, 184.60 W, 28
2026/10/08 02:05:19.415, 0, 120 MHz, 3996 MHz, 184.47 W, 33
2026/10/08 02:05:19.415, 1, 120 MHz, 3996 MHz, 186.29 W, 35
2026/10/08 02:05:19.415, 2, 120 MHz, 3996 MHz, 182.17 W, 29
2026/10/08 02:05:19.415, 3, 120 MHz, 3996 MHz, 182.20 W, 29
2026/10/08 02:05:19.415, 4, 120 MHz, 3996 MHz, 186.53 W, 38
2026/10/08 02:05:19.415, 5, 120 MHz, 3996 MHz, 184.60 W, 37
2026/10/08 02:05:19.415, 6, 120 MHz, 3996 MHz, 184.83 W, 29
2026/10/08 02:05:19.415, 7, 120 MHz, 3996 MHz, 184.60 W, 28
2026/10/08 02:05:19.515, 0, 120 MHz, 3996 MHz, 184.47 W, 33
2026/10/08 02:05:19.515, 1, 120 MHz, 3996 MHz, 186.29 W, 35
2026/10/08 02:05:19.515, 2, 120 MHz, 3996 MHz, 182.13 W, 29
2026/10/08 02:05:19.515, 3, 120 MHz, 3996 MHz, 182.20 W, 29
2026/10/08 02:05:19.515, 4, 120 MHz, 3996 MHz, 186.53 W, 38
2026/10/08 02:05:19.515, 5, 120 MHz, 3996 MHz, 184.60 W, 37
2026/10/08 02:05:19.515, 6, 120 MHz, 3996 MHz, 184.83 W, 29
2026/10/08 02:05:19.515, 7, 120 MHz, 3996 MHz, 184.60 W, 28
2026/10/08 02:05:19.615, 0, 120 MHz, 3996 MHz, 184.47 W, 33
2026/10/08 02:05:19.615, 1, 120 MHz, 3996 MHz, 186.29 W, 35
2026/10/08 02:05:19.615, 2, 120 MHz, 3996 MHz, 182.13 W, 29
2026/10/08 02:05:19.615, 3, 120 MHz, 3996 MHz, 182.19 W, 29
2026/10/08 02:05:19.615, 4, 120 MHz, 3996 MHz, 186.53 W, 38
2026/10/08 02:05:19.615, 5, 120 MHz, 3996 MHz, 184.60 W, 37
2026/10/08 02:05:19.615, 6, 120 MHz, 3996 MHz, 184.83 W, 29
2026/10/08 02:05:19.615, 7, 120 MHz, 3996 MHz, 184.60 W, 28
2026/10/08 02:05:19.716, 0, 120 MHz, 3996 MHz, 184.47 W, 33
2026/10/08 02:05:19.716, 1, 120 MHz, 3996 MHz, 186.29 W, 35
2026/10/08 02:05:19.716, 2, 120 MHz, 3996 MHz, 182.17 W, 29
2026/10/08 02:05:19.716, 3, 120 MHz, 3996 MHz, 182.18 W, 29
2026/10/08 02:05:19.716, 4, 120 MHz, 3996 MHz, 186.53 W, 38
2026/10/08 02:05:19.716, 5, 120 MHz, 3996 MHz, 184.60 W, 37
2026/10/08 02:05:19.716, 6, 120 MHz, 3996 MHz, 184.83 W, 29
2026/10/08 02:05:19.716, 7, 120 MHz, 3996 MHz, 184.60 W, 28
2026/10/08 02:05:19.816, 0, 120 MHz, 3996 MHz, 184.47 W, 33
2026/10/08 02:05:19.816, 1, 120 MHz, 3996 MHz, 186.29 W, 35
2026/10/08 02:05:19.816, 2, 120 MHz, 3996 MHz, 182.17 W, 29
2026/10/08 02:05:19.816, 3, 120 MHz, 3996 MHz, 182.18 W, 29
2026/10/08 02:05:19.816, 4, 120 MHz, 3996 MHz, 186.53 W, 38
2026/10/08 02:05:19.816, 5, 120 MHz, 3996 MHz, 184.60 W, 37
2026/10/08 02:05:19.816, 6, 120 MHz, 3996 MHz, 184.83 W, 29
2026/10/08 02:05:19.816, 7, 120 MHz, 3996 MHz, 184.60 W, 28
2026/10/08 02:05:19.916, 0, 120 MHz, 3996 MHz, 184.47 W, 33
2026/10/08 02:05:19.916, 1, 120 MHz, 3996 MHz, 186.29 W, 35
2026/10/08 02:05:19.916, 2, 120 MHz, 3996 MHz, 182.17 W, 29
2026/10/08 02:05:19.916, 3, 120 MHz, 3996 MHz, 182.18 W, 29
2026/10/08 02:05:19.916, 4, 120 MHz, 3996 MHz, 186.53 W, 38
2026/10/08 02:05:19.916, 5, 120 MHz, 3996 MHz, 184.61 W, 37
2026/10/08 02:05:19.916, 6, 120 MHz, 3996 MHz, 184.83 W, 29
2026/10/08 02:05:19.916, 7, 120 MHz, 3996 MHz, 184.60 W, 28
2026/10/08 02:05:20.016, 0, 120 MHz, 3996 MHz, 184.47 W, 33
2026/10/08 02:05:20.016, 1, 120 MHz, 3996 MHz, 186.29 W, 35
2026/10/08 02:05:20.016, 2, 120 MHz, 3996 MHz, 182.17 W, 29
2026/10/08 02:05:20.017, 3, 120 MHz, 3996 MHz, 182.18 W, 29
2026/10/08 02:05:20.017, 4, 120 MHz, 3996 MHz, 186.53 W, 38
2026/10/08 02:05:20.017, 5, 120 MHz, 3996 MHz, 184.60 W, 37
2026/10/08 02:05:20.017, 6, 120 MHz, 3996 MHz, 184.83 W, 29
2026/10/08 02:05:20.017, 7, 120 MHz, 3996 MHz, 184.60 W, 28
2026/10/08 02:05:20.117, 0, 120 MHz, 3996 MHz, 184.47 W, 33
2026/10/08 02:05:20.117, 1, 120 MHz, 3996 MHz, 186.29 W, 35
2026/10/08 02:05:20.117, 2, 120 MHz, 3996 MHz, 182.17 W, 29
2026/10/08 02:05:20.117, 3, 120 MHz, 3996 MHz, 182.18 W, 29
2026/10/08 02:05:20.117, 4, 120 MHz, 3996 MHz, 186.53 W, 38
2026/10/08 02:05:20.117, 5, 120 MHz, 3996 MHz, 184.61 W, 37
2026/10/08 02:05:20.117, 6, 120 MHz, 3996 MHz, 184.83 W, 29
2026/10/08 02:05:20.117, 7, 120 MHz, 3996 MHz, 184.60 W, 28
2026/10/08 02:05:20.217, 0, 120 MHz, 3996 MHz, 184.47 W, 33
2026/10/08 02:05:20.217, 1, 120 MHz, 3996 MHz, 186.29 W, 35
2026/10/08 02:05:20.217, 2, 120 MHz, 3996 MHz, 182.17 W, 29
2026/10/08 02:05:20.217, 3, 120 MHz, 3996 MHz, 182.19 W, 29
2026/10/08 02:05:20.217, 4, 120 MHz, 3996 MHz, 186.53 W, 38
2026/10/08 02:05:20.217, 5, 120 MHz, 3996 MHz, 184.61 W, 37
2026/10/08 02:05:20.217, 6, 120 MHz, 3996 MHz, 184.83 W, 29
2026/10/08 02:05:20.217, 7, 120 MHz, 3996 MHz, 184.60 W, 28
2026/10/08 02:05:20.317, 0, 120 MHz, 3996 MHz, 184.47 W, 33
2026/10/08 02:05:20.317, 1, 120 MHz, 3996 MHz, 186.29 W, 35
2026/10/08 02:05:20.317, 2, 120 MHz, 3996 MHz, 182.17 W, 29
2026/10/08 02:05:20.317, 3, 120 MHz, 3996 MHz, 182.19 W, 29
2026/10/08 02:05:20.317, 4, 120 MHz, 3996 MHz, 186.53 W, 38
2026/10/08 02:05:20.317, 5, 120 MHz, 3996 MHz, 184.61 W, 37
2026/10/08 02:05:20.317, 6, 120 MHz, 3996 MHz, 184.83 W, 29
2026/10/08 02:05:20.317, 7, 120 MHz, 3996 MHz, 184.60 W, 28
2026/10/08 02:05:20.418, 0, 120 MHz, 3996 MHz, 184.47 W, 33
2026/10/08 02:05:20.418, 1, 120 MHz, 3996 MHz, 186.29 W, 35
2026/10/08 02:05:20.418, 2, 120 MHz, 3996 MHz, 182.17 W, 29
2026/10/08 02:05:20.418, 3, 120 MHz, 3996 MHz, 182.19 W, 29
2026/10/08 02:05:20.418, 4, 120 MHz, 3996 MHz, 186.53 W, 38
2026/10/08 02:05:20.418, 5, 120 MHz, 3996 MHz, 184.61 W, 37
2026/10/08 02:05:20.418, 6, 120 MHz, 3996 MHz, 184.83 W, 29
2026/10/08 02:05:20.418, 7, 120 MHz, 3996 MHz, 184.60 W, 28
2026/10/08 02:05:20.518, 0, 120 MHz, 3996 MHz, 184.47 W, 33
2026/10/08 02:05:20.518, 1, 120 MHz, 3996 MHz, 186.29 W, 35
2026/10/08 02:05:20.518, 2, 120 MHz, 3996 MHz, 182.21 W, 29
2026/10/08 02:05:20.518, 3, 120 MHz, 3996 MHz, 182.19 W, 29
2026/10/08 02:05:20.518, 4, 120 MHz, 3996 MHz, 186.53 W, 38
2026/10/08 02:05:20.518, 5, 120 MHz, 3996 MHz, 184.61 W, 37
2026/10/08 02:05:20.518, 6, 120 MHz, 3996 MHz, 184.83 W, 29
2026/10/08 02:05:20.518, 7, 120 MHz, 3996 MHz, 184.60 W, 28
2026/10/08 02:05:20.618, 0, 120 MHz, 3996 MHz, 184.47 W, 33
2026/10/08 02:05:20.618, 1, 120 MHz, 3996 MHz, 186.29 W, 35
2026/10/08 02:05:20.618, 2, 120 MHz, 3996 MHz, 182.21 W, 29
2026/10/08 02:05:20.618, 3, 120 MHz, 3996 MHz, 182.20 W, 29
2026/10/08 02:05:20.618, 4, 120 MHz, 3996 MHz, 186.53 W, 38
2026/10/08 02:05:20.618, 5, 120 MHz, 3996 MHz, 184.61 W, 37
2026/10/08 02:05:20.618, 6, 120 MHz, 3996 MHz, 184.83 W, 29
2026/10/08 02:05:20.618, 7, 120 MHz, 3996 MHz, 184.60 W, 28
2026/10/08 02:05:20.718, 0, 120 MHz, 3996 MHz, 184.47 W, 33
2026/10/08 02:05:20.718, 1, 120 MHz, 3996 MHz, 186.29 W, 35
2026/10/08 02:05:20.718, 2, 120 MHz, 3996 MHz, 182.29 W, 29
2026/10/08 02:05:20.718, 3, 120 MHz, 3996 MHz, 182.20 W, 29
2026/10/08 02:05:20.718, 4, 120 MHz, 3996 MHz, 186.53 W, 38
2026/10/08 02:05:20.718, 5, 120 MHz, 3996 MHz, 184.61 W, 37
2026/10/08 02:05:20.718, 6, 120 MHz, 3996 MHz, 184.83 W, 29
2026/10/08 02:05:20.719, 7, 120 MHz, 3996 MHz, 184.59 W, 28
2026/10/08 02:05:20.819, 0, 120 MHz, 3996 MHz, 184.47 W, 33
2026/10/08 02:05:20.819, 1, 120 MHz, 3996 MHz, 186.29 W, 35
2026/10/08 02:05:20.819, 2, 120 MHz, 3996 MHz, 182.25 W, 29
2026/10/08 02:05:20.819, 3, 120 MHz, 3996 MHz, 182.20 W, 29
2026/10/08 02:05:20.819, 4, 120 MHz, 3996 MHz, 186.49 W, 38
2026/10/08 02:05:20.819, 5, 120 MHz, 3996 MHz, 184.61 W, 37
2026/10/08 02:05:20.819, 6, 120 MHz, 3996 MHz, 184.83 W, 29
2026/10/08 02:05:20.819, 7, 120 MHz, 3996 MHz, 184.59 W, 28
2026/10/08 02:05:20.919, 0, 120 MHz, 3996 MHz, 184.47 W, 33
2026/10/08 02:05:20.919, 1, 120 MHz, 3996 MHz, 186.29 W, 35
2026/10/08 02:05:20.919, 2, 120 MHz, 3996 MHz, 182.25 W, 29
2026/10/08 02:05:20.919, 3, 120 MHz, 3996 MHz, 182.19 W, 29
2026/10/08 02:05:20.919, 4, 120 MHz, 3996 MHz, 186.49 W, 38
2026/10/08 02:05:20.919, 5, 120 MHz, 3996 MHz, 184.61 W, 37
2026/10/08 02:05:20.919, 6, 120 MHz, 3996 MHz, 184.83 W, 29
2026/10/08 02:05:20.919, 7, 120 MHz, 3996 MHz, 184.59 W, 28
2026/10/08 02:05:21.019, 0, 120 MHz, 3996 MHz, 184.47 W, 33
2026/10/08 02:05:21.019, 1, 120 MHz, 3996 MHz, 186.29 W, 35
2026/10/08 02:05:21.019, 2, 120 MHz, 3996 MHz, 182.25 W, 29
2026/10/08 02:05:21.019, 3, 120 MHz, 3996 MHz, 182.19 W, 29
2026/10/08 02:05:21.019, 4, 120 MHz, 3996 MHz, 186.49 W, 38
2026/10/08 02:05:21.019, 5, 120 MHz, 3996 MHz, 184.61 W, 37
2026/10/08 02:05:21.019, 6, 120 MHz, 3996 MHz, 184.83 W, 29
2026/10/08 02:05:21.019, 7, 120 MHz, 3996 MHz, 184.59 W, 28
2026/10/08 02:05:21.120, 0, 120 MHz, 3996 MHz, 184.47 W, 33
2026/10/08 02:05:21.120, 1, 120 MHz, 3996 MHz, 186.29 W, 35
2026/10/08 02:05:21.120, 2, 120 MHz, 3996 MHz, 182.25 W, 29
2026/10/08 02:05:21.120, 3, 120 MHz, 3996 MHz, 182.20 W, 29
2026/10/08 02:05:21.120, 4, 120 MHz, 3996 MHz, 186.49 W, 38
2026/10/08 02:05:21.120, 5, 120 MHz, 3996 MHz, 184.60 W, 37
2026/10/08 02:05:21.120, 6, 120 MHz, 3996 MHz, 184.83 W, 29
2026/10/08 02:05:21.120, 7, 120 MHz, 3996 MHz, 184.59 W, 28
2026/10/08 02:05:21.220, 0, 120 MHz, 3996 MHz, 184.47 W, 33
2026/10/08 02:05:21.220, 1, 120 MHz, 3996 MHz, 186.29 W, 35
2026/10/08 02:05:21.220, 2, 120 MHz, 3996 MHz, 182.25 W, 29
2026/10/08 02:05:21.220, 3, 120 MHz, 3996 MHz, 182.19 W, 29
2026/10/08 02:05:21.220, 4, 120 MHz, 3996 MHz, 186.49 W, 38
2026/10/08 02:05:21.220, 5, 120 MHz, 3996 MHz, 184.61 W, 37
2026/10/08 02:05:21.220, 6, 120 MHz, 3996 MHz, 184.83 W, 29
2026/10/08 02:05:21.220, 7, 120 MHz, 3996 MHz, 184.59 W, 28
2026/10/08 02:05:21.320, 0, 120 MHz, 3996 MHz, 184.47 W, 33
2026/10/08 02:05:21.320, 1, 120 MHz, 3996 MHz, 186.29 W, 35
2026/10/08 02:05:21.320, 2, 120 MHz, 3996 MHz, 182.25 W, 29
2026/10/08 02:05:21.320, 3, 120 MHz, 3996 MHz, 182.18 W, 29
2026/10/08 02:05:21.320, 4, 120 MHz, 3996 MHz, 186.49 W, 38
2026/10/08 02:05:21.320, 5, 120 MHz, 3996 MHz, 184.61 W, 37
2026/10/08 02:05:21.320, 6, 120 MHz, 3996 MHz, 184.83 W, 29
2026/10/08 02:05:21.320, 7, 120 MHz, 3996 MHz, 184.59 W, 28
2026/10/08 02:05:21.420, 0, 120 MHz, 3996 MHz, 184.47 W, 33
2026/10/08 02:05:21.420, 1, 120 MHz, 3996 MHz, 186.29 W, 35
2026/10/08 02:05:21.420, 2, 120 MHz, 3996 MHz, 182.25 W, 29
2026/10/08 02:05:21.421, 3, 120 MHz, 3996 MHz, 182.18 W, 29
2026/10/08 02:05:21.421, 4, 120 MHz, 3996 MHz, 186.49 W, 38
2026/10/08 02:05:21.421, 5, 120 MHz, 3996 MHz, 184.61 W, 37
2026/10/08 02:05:21.421, 6, 120 MHz, 3996 MHz, 184.83 W, 29
2026/10/08 02:05:21.421, 7, 120 MHz, 3996 MHz, 184.59 W, 28
2026/10/08 02:05:21.521, 0, 120 MHz, 3996 MHz, 184.47 W, 33
2026/10/08 02:05:21.521, 1, 120 MHz, 3996 MHz, 186.29 W, 35
2026/10/08 02:05:21.521, 2, 120 MHz, 3996 MHz, 182.33 W, 29
2026/10/08 02:05:21.521, 3, 120 MHz, 3996 MHz, 182.18 W, 29
2026/10/08 02:05:21.521, 4, 120 MHz, 3996 MHz, 186.49 W, 38
2026/10/08 02:05:21.521, 5, 120 MHz, 3996 MHz, 184.62 W, 36
2026/10/08 02:05:21.521, 6, 120 MHz, 3996 MHz, 184.83 W, 29
2026/10/08 02:05:21.521, 7, 120 MHz, 3996 MHz, 184.59 W, 28
2026/10/08 02:05:21.621, 0, 120 MHz, 3996 MHz, 184.47 W, 33
2026/10/08 02:05:21.621, 1, 120 MHz, 3996 MHz, 186.29 W, 35
2026/10/08 02:05:21.621, 2, 120 MHz, 3996 MHz, 182.36 W, 29
2026/10/08 02:05:21.621, 3, 120 MHz, 3996 MHz, 182.18 W, 29
2026/10/08 02:05:21.621, 4, 120 MHz, 3996 MHz, 186.49 W, 38
2026/10/08 02:05:21.621, 5, 120 MHz, 3996 MHz, 184.62 W, 36
2026/10/08 02:05:21.621, 6, 120 MHz, 3996 MHz, 184.83 W, 29
2026/10/08 02:05:21.621, 7, 120 MHz, 3996 MHz, 184.59 W, 28
2026/10/08 02:05:21.721, 0, 120 MHz, 3996 MHz, 184.47 W, 33
2026/10/08 02:05:21.721, 1, 120 MHz, 3996 MHz, 186.29 W, 35
2026/10/08 02:05:21.721, 2, 120 MHz, 3996 MHz, 182.29 W, 29
2026/10/08 02:05:21.721, 3, 120 MHz, 3996 MHz, 182.18 W, 29
2026/10/08 02:05:21.721, 4, 120 MHz, 3996 MHz, 186.49 W, 38
2026/10/08 02:05:21.721, 5, 120 MHz, 3996 MHz, 184.62 W, 36
2026/10/08 02:05:21.721, 6, 120 MHz, 3996 MHz, 184.83 W, 29
2026/10/08 02:05:21.721, 7, 120 MHz, 3996 MHz, 184.59 W, 28
2026/10/08 02:05:21.821, 0, 120 MHz, 3996 MHz, 184.47 W, 33
2026/10/08 02:05:21.821, 1, 120 MHz, 3996 MHz, 186.29 W, 35
2026/10/08 02:05:21.822, 2, 120 MHz, 3996 MHz, 182.29 W, 29
2026/10/08 02:05:21.822, 3, 120 MHz, 3996 MHz, 182.18 W, 29
2026/10/08 02:05:21.822, 4, 120 MHz, 3996 MHz, 186.49 W, 38
2026/10/08 02:05:21.822, 5, 120 MHz, 3996 MHz, 184.62 W, 36
2026/10/08 02:05:21.822, 6, 120 MHz, 3996 MHz, 184.83 W, 29
2026/10/08 02:05:21.822, 7, 120 MHz, 3996 MHz, 184.60 W, 28
2026/10/08 02:05:21.922, 0, 120 MHz, 3996 MHz, 184.47 W, 33
2026/10/08 02:05:21.922, 1, 120 MHz, 3996 MHz, 186.29 W, 35
2026/10/08 02:05:21.922, 2, 120 MHz, 3996 MHz, 182.33 W, 29
2026/10/08 02:05:21.922, 3, 120 MHz, 3996 MHz, 182.18 W, 29
2026/10/08 02:05:21.922, 4, 120 MHz, 3996 MHz, 186.49 W, 38
2026/10/08 02:05:21.922, 5, 120 MHz, 3996 MHz, 184.61 W, 36
2026/10/08 02:05:21.922, 6, 120 MHz, 3996 MHz, 184.83 W, 29
2026/10/08 02:05:21.922, 7, 120 MHz, 3996 MHz, 184.60 W, 28
2026/10/08 02:05:22.022, 0, 120 MHz, 3996 MHz, 184.47 W, 33
2026/10/08 02:05:22.022, 1, 120 MHz, 3996 MHz, 186.29 W, 35
2026/10/08 02:05:22.022, 2, 120 MHz, 3996 MHz, 182.36 W, 29
2026/10/08 02:05:22.022, 3, 120 MHz, 3996 MHz, 182.18 W, 29
2026/10/08 02:05:22.022, 4, 120 MHz, 3996 MHz, 186.45 W, 38
2026/10/08 02:05:22.022, 5, 120 MHz, 3996 MHz, 184.62 W, 36
2026/10/08 02:05:22.022, 6, 120 MHz, 3996 MHz, 184.83 W, 29
2026/10/08 02:05:22.022, 7, 120 MHz, 3996 MHz, 184.60 W, 28
2026/10/08 02:05:22.122, 0, 120 MHz, 3996 MHz, 184.47 W, 33
2026/10/08 02:05:22.122, 1, 120 MHz, 3996 MHz, 186.29 W, 35
2026/10/08 02:05:22.122, 2, 120 MHz, 3996 MHz, 182.37 W, 29
2026/10/08 02:05:22.122, 3, 120 MHz, 3996 MHz, 182.18 W, 29
2026/10/08 02:05:22.122, 4, 120 MHz, 3996 MHz, 186.46 W, 38
2026/10/08 02:05:22.122, 5, 120 MHz, 3996 MHz, 184.62 W, 36
2026/10/08 02:05:22.122, 6, 120 MHz, 3996 MHz, 184.83 W, 29
2026/10/08 02:05:22.122, 7, 120 MHz, 3996 MHz, 184.60 W, 28
2026/10/08 02:05:22.223, 0, 120 MHz, 3996 MHz, 184.47 W, 33
2026/10/08 02:05:22.223, 1, 120 MHz, 3996 MHz, 186.29 W, 35
2026/10/08 02:05:22.223, 2, 120 MHz, 3996 MHz, 182.36 W, 29
2026/10/08 02:05:22.223, 3, 120 MHz, 3996 MHz, 182.18 W, 29
2026/10/08 02:05:22.223, 4, 120 MHz, 3996 MHz, 186.45 W, 38
2026/10/08 02:05:22.223, 5, 120 MHz, 3996 MHz, 184.61 W, 36
2026/10/08 02:05:22.223, 6, 120 MHz, 3996 MHz, 184.83 W, 29
2026/10/08 02:05:22.223, 7, 120 MHz, 3996 MHz, 184.60 W, 28
2026/10/08 02:05:22.323, 0, 120 MHz, 3996 MHz, 184.47 W, 33
2026/10/08 02:05:22.323, 1, 120 MHz, 3996 MHz, 186.29 W, 35
2026/10/08 02:05:22.323, 2, 120 MHz, 3996 MHz, 182.36 W, 29
2026/10/08 02:05:22.323, 3, 120 MHz, 3996 MHz, 182.18 W, 29
2026/10/08 02:05:22.323, 4, 120 MHz, 3996 MHz, 186.46 W, 38
2026/10/08 02:05:22.323, 5, 120 MHz, 3996 MHz, 184.60 W, 36
2026/10/08 02:05:22.323, 6, 120 MHz, 3996 MHz, 184.83 W, 29
2026/10/08 02:05:22.323, 7, 120 MHz, 3996 MHz, 184.59 W, 28
2026/10/08 02:05:22.423, 0, 120 MHz, 3996 MHz, 184.47 W, 33
2026/10/08 02:05:22.423, 1, 120 MHz, 3996 MHz, 186.29 W, 35
2026/10/08 02:05:22.423, 2, 120 MHz, 3996 MHz, 182.41 W, 29
2026/10/08 02:05:22.423, 3, 120 MHz, 3996 MHz, 182.18 W, 29
2026/10/08 02:05:22.423, 4, 120 MHz, 3996 MHz, 186.46 W, 38
2026/10/08 02:05:22.423, 5, 120 MHz, 3996 MHz, 184.60 W, 36
2026/10/08 02:05:22.423, 6, 120 MHz, 3996 MHz, 184.83 W, 29
2026/10/08 02:05:22.423, 7, 120 MHz, 3996 MHz, 184.59 W, 28
2026/10/08 02:05:22.523, 0, 120 MHz, 3996 MHz, 184.47 W, 33
2026/10/08 02:05:22.523, 1, 120 MHz, 3996 MHz, 186.29 W, 35
2026/10/08 02:05:22.523, 2, 120 MHz, 3996 MHz, 182.36 W, 29
2026/10/08 02:05:22.523, 3, 120 MHz, 3996 MHz, 182.18 W, 29
2026/10/08 02:05:22.523, 4, 120 MHz, 3996 MHz, 186.42 W, 38
2026/10/08 02:05:22.523, 5, 120 MHz, 3996 MHz, 184.60 W, 36
2026/10/08 02:05:22.523, 6, 120 MHz, 3996 MHz, 184.83 W, 29
2026/10/08 02:05:22.523, 7, 120 MHz, 3996 MHz, 184.60 W, 28
2026/10/08 02:05:22.623, 0, 120 MHz, 3996 MHz, 184.47 W, 33
2026/10/08 02:05:22.624, 1, 120 MHz, 3996 MHz, 186.29 W, 35
2026/10/08 02:05:22.624, 2, 120 MHz, 3996 MHz, 182.37 W, 29
2026/10/08 02:05:22.624, 3, 120 MHz, 3996 MHz, 182.18 W, 29
2026/10/08 02:05:22.624, 4, 120 MHz, 3996 MHz, 186.41 W, 38
2026/10/08 02:05:22.624, 5, 120 MHz, 3996 MHz, 184.60 W, 36
2026/10/08 02:05:22.624, 6, 120 MHz, 3996 MHz, 184.83 W, 29
2026/10/08 02:05:22.624, 7, 120 MHz, 3996 MHz, 184.60 W, 28
2026/10/08 02:05:22.724, 0, 120 MHz, 3996 MHz, 184.47 W, 33
2026/10/08 02:05:22.724, 1, 120 MHz, 3996 MHz, 186.29 W, 35
2026/10/08 02:05:22.724, 2, 120 MHz, 3996 MHz, 182.36 W, 29
2026/10/08 02:05:22.724, 3, 120 MHz, 3996 MHz, 182.18 W, 29
2026/10/08 02:05:22.724, 4, 120 MHz, 3996 MHz, 186.41 W, 38
2026/10/08 02:05:22.724, 5, 120 MHz, 3996 MHz, 184.60 W, 36
2026/10/08 02:05:22.724, 6, 120 MHz, 3996 MHz, 184.83 W, 29
2026/10/08 02:05:22.724, 7, 120 MHz, 3996 MHz, 184.60 W, 28
2026/10/08 02:05:22.824, 0, 120 MHz, 3996 MHz, 184.47 W, 33
2026/10/08 02:05:22.824, 1, 120 MHz, 3996 MHz, 186.29 W, 35
2026/10/08 02:05:22.824, 2, 120 MHz, 3996 MHz, 182.44 W, 29
2026/10/08 02:05:22.824, 3, 120 MHz, 3996 MHz, 182.18 W, 29
2026/10/08 02:05:22.824, 4, 120 MHz, 3996 MHz, 186.42 W, 38
2026/10/08 02:05:22.824, 5, 120 MHz, 3996 MHz, 184.60 W, 36
2026/10/08 02:05:22.824, 6, 120 MHz, 3996 MHz, 184.83 W, 29
2026/10/08 02:05:22.824, 7, 120 MHz, 3996 MHz, 184.60 W, 28
2026/10/08 02:05:22.924, 0, 120 MHz, 3996 MHz, 184.47 W, 33
2026/10/08 02:05:22.924, 1, 120 MHz, 3996 MHz, 186.29 W, 35
2026/10/08 02:05:22.924, 2, 120 MHz, 3996 MHz, 182.40 W, 29
2026/10/08 02:05:22.924, 3, 120 MHz, 3996 MHz, 182.18 W, 29
2026/10/08 02:05:22.924, 4, 120 MHz, 3996 MHz, 186.46 W, 38
2026/10/08 02:05:22.924, 5, 120 MHz, 3996 MHz, 184.60 W, 36
2026/10/08 02:05:22.924, 6, 120 MHz, 3996 MHz, 184.83 W, 29
2026/10/08 02:05:22.924, 7, 120 MHz, 3996 MHz, 184.60 W, 28
2026/10/08 02:05:23.025, 0, 120 MHz, 3996 MHz, 184.47 W, 33
2026/10/08 02:05:23.025, 1, 120 MHz, 3996 MHz, 186.29 W, 35
2026/10/08 02:05:23.025, 2, 120 MHz, 3996 MHz, 182.37 W, 29
2026/10/08 02:05:23.025, 3, 120 MHz, 3996 MHz, 182.18 W, 29
2026/10/08 02:05:23.025, 4, 120 MHz, 3996 MHz, 186.49 W, 38
2026/10/08 02:05:23.025, 5, 120 MHz, 3996 MHz, 184.59 W, 36
2026/10/08 02:05:23.025, 6, 120 MHz, 3996 MHz, 184.83 W, 29
2026/10/08 02:05:23.025, 7, 120 MHz, 3996 MHz, 184.60 W, 28
2026/10/08 02:05:23.125, 0, 120 MHz, 3996 MHz, 184.47 W, 33
2026/10/08 02:05:23.125, 1, 120 MHz, 3996 MHz, 186.29 W, 35
2026/10/08 02:05:23.125, 2, 120 MHz, 3996 MHz, 182.40 W, 29
2026/10/08 02:05:23.125, 3, 120 MHz, 3996 MHz, 182.17 W, 29
2026/10/08 02:05:23.125, 4, 120 MHz, 3996 MHz, 186.45 W, 38
2026/10/08 02:05:23.125, 5, 120 MHz, 3996 MHz, 184.59 W, 36
2026/10/08 02:05:23.125, 6, 120 MHz, 3996 MHz, 184.83 W, 29
2026/10/08 02:05:23.125, 7, 120 MHz, 3996 MHz, 184.60 W, 28
2026/10/08 02:05:23.225, 0, 120 MHz, 3996 MHz, 184.47 W, 33
2026/10/08 02:05:23.225, 1, 120 MHz, 3996 MHz, 186.29 W, 35
2026/10/08 02:05:23.225, 2, 120 MHz, 3996 MHz, 182.44 W, 29
2026/10/08 02:05:23.225, 3, 120 MHz, 3996 MHz, 182.17 W, 29
2026/10/08 02:05:23.225, 4, 120 MHz, 3996 MHz, 186.46 W, 38
2026/10/08 02:05:23.225, 5, 120 MHz, 3996 MHz, 184.59 W, 36
2026/10/08 02:05:23.225, 6, 120 MHz, 3996 MHz, 184.83 W, 29
2026/10/08 02:05:23.225, 7, 120 MHz, 3996 MHz, 184.60 W, 28
2026/10/08 02:05:23.325, 0, 120 MHz, 3996 MHz, 184.47 W, 33
2026/10/08 02:05:23.325, 1, 120 MHz, 3996 MHz, 186.29 W, 35
2026/10/08 02:05:23.325, 2, 120 MHz, 3996 MHz, 182.48 W, 29
2026/10/08 02:05:23.325, 3, 120 MHz, 3996 MHz, 182.17 W, 29
2026/10/08 02:05:23.325, 4, 120 MHz, 3996 MHz, 186.45 W, 38
2026/10/08 02:05:23.325, 5, 120 MHz, 3996 MHz, 184.59 W, 36
2026/10/08 02:05:23.325, 6, 120 MHz, 3996 MHz, 184.83 W, 29
2026/10/08 02:05:23.325, 7, 120 MHz, 3996 MHz, 184.60 W, 28
2026/10/08 02:05:23.426, 0, 120 MHz, 3996 MHz, 184.47 W, 33
2026/10/08 02:05:23.426, 1, 120 MHz, 3996 MHz, 186.29 W, 35
2026/10/08 02:05:23.426, 2, 120 MHz, 3996 MHz, 182.44 W, 29
2026/10/08 02:05:23.426, 3, 120 MHz, 3996 MHz, 182.17 W, 29
2026/10/08 02:05:23.426, 4, 120 MHz, 3996 MHz, 186.41 W, 38
2026/10/08 02:05:23.426, 5, 120 MHz, 3996 MHz, 184.60 W, 36
2026/10/08 02:05:23.426, 6, 120 MHz, 3996 MHz, 184.83 W, 29
2026/10/08 02:05:23.426, 7, 120 MHz, 3996 MHz, 184.60 W, 28
2026/10/08 02:05:23.526, 0, 120 MHz, 3996 MHz, 184.47 W, 33
2026/10/08 02:05:23.526, 1, 120 MHz, 3996 MHz, 186.29 W, 35
2026/10/08 02:05:23.526, 2, 120 MHz, 3996 MHz, 182.36 W, 29
2026/10/08 02:05:23.526, 3, 120 MHz, 3996 MHz, 182.17 W, 29
2026/10/08 02:05:23.526, 4, 120 MHz, 3996 MHz, 186.42 W, 38
2026/10/08 02:05:23.526, 5, 120 MHz, 3996 MHz, 184.60 W, 36
2026/10/08 02:05:23.526, 6, 120 MHz, 3996 MHz, 184.83 W, 29
2026/10/08 02:05:23.526, 7, 120 MHz, 3996 MHz, 184.59 W, 28
2026/10/08 02:05:23.626, 0, 120 MHz, 3996 MHz, 184.47 W, 33
2026/10/08 02:05:23.626, 1, 120 MHz, 3996 MHz, 186.29 W, 35
2026/10/08 02:05:23.626, 2, 120 MHz, 3996 MHz, 182.32 W, 29
2026/10/08 02:05:23.626, 3, 120 MHz, 3996 MHz, 182.17 W, 29
2026/10/08 02:05:23.626, 4, 120 MHz, 3996 MHz, 186.46 W, 38
2026/10/08 02:05:23.626, 5, 120 MHz, 3996 MHz, 184.60 W, 36
2026/10/08 02:05:23.626, 6, 120 MHz, 3996 MHz, 184.83 W, 29
2026/10/08 02:05:23.626, 7, 120 MHz, 3996 MHz, 184.59 W, 28
2026/10/08 02:05:23.726, 0, 120 MHz, 3996 MHz, 184.47 W, 33
2026/10/08 02:05:23.726, 1, 120 MHz, 3996 MHz, 186.29 W, 35
2026/10/08 02:05:23.726, 2, 120 MHz, 3996 MHz, 182.36 W, 29
2026/10/08 02:05:23.726, 3, 120 MHz, 3996 MHz, 182.17 W, 29
2026/10/08 02:05:23.726, 4, 120 MHz, 3996 MHz, 186.41 W, 38
2026/10/08 02:05:23.726, 5, 120 MHz, 3996 MHz, 184.60 W, 36
2026/10/08 02:05:23.726, 6, 120 MHz, 3996 MHz, 184.83 W, 29
2026/10/08 02:05:23.726, 7, 120 MHz, 3996 MHz, 184.59 W, 28
2026/10/08 02:05:23.827, 0, 120 MHz, 3996 MHz, 184.47 W, 33
2026/10/08 02:05:23.827, 1, 120 MHz, 3996 MHz, 186.29 W, 35
2026/10/08 02:05:23.827, 2, 120 MHz, 3996 MHz, 182.47 W, 29
2026/10/08 02:05:23.827, 3, 120 MHz, 3996 MHz, 182.17 W, 29
2026/10/08 02:05:23.827, 4, 120 MHz, 3996 MHz, 186.38 W, 38
2026/10/08 02:05:23.827, 5, 120 MHz, 3996 MHz, 184.56 W, 36
2026/10/08 02:05:23.827, 6, 120 MHz, 3996 MHz, 184.83 W, 29
2026/10/08 02:05:23.827, 7, 120 MHz, 3996 MHz, 184.59 W, 28
2026/10/08 02:05:23.927, 0, 120 MHz, 3996 MHz, 184.47 W, 33
2026/10/08 02:05:23.927, 1, 120 MHz, 3996 MHz, 186.29 W, 35
2026/10/08 02:05:23.927, 2, 120 MHz, 3996 MHz, 182.48 W, 29
2026/10/08 02:05:23.927, 3, 120 MHz, 3996 MHz, 182.16 W, 29
2026/10/08 02:05:23.927, 4, 120 MHz, 3996 MHz, 186.30 W, 38
2026/10/08 02:05:23.927, 5, 120 MHz, 3996 MHz, 184.47 W, 36
2026/10/08 02:05:23.927, 6, 120 MHz, 3996 MHz, 184.83 W, 29
2026/10/08 02:05:23.927, 7, 120 MHz, 3996 MHz, 184.59 W, 28
2026/10/08 02:05:24.027, 0, 120 MHz, 3996 MHz, 184.47 W, 33
2026/10/08 02:05:24.027, 1, 120 MHz, 3996 MHz, 186.29 W, 35
2026/10/08 02:05:24.027, 2, 120 MHz, 3996 MHz, 182.48 W, 29
2026/10/08 02:05:24.027, 3, 120 MHz, 3996 MHz, 182.16 W, 29
2026/10/08 02:05:24.027, 4, 120 MHz, 3996 MHz, 186.30 W, 38
2026/10/08 02:05:24.027, 5, 120 MHz, 3996 MHz, 184.44 W, 36
2026/10/08 02:05:24.027, 6, 120 MHz, 3996 MHz, 184.83 W, 29
2026/10/08 02:05:24.027, 7, 120 MHz, 3996 MHz, 184.59 W, 28
2026/10/08 02:05:24.127, 0, 120 MHz, 3996 MHz, 184.47 W, 33
2026/10/08 02:05:24.127, 1, 120 MHz, 3996 MHz, 186.29 W, 35
2026/10/08 02:05:24.127, 2, 120 MHz, 3996 MHz, 182.48 W, 29
2026/10/08 02:05:24.128, 3, 120 MHz, 3996 MHz, 182.17 W, 29
2026/10/08 02:05:24.128, 4, 120 MHz, 3996 MHz, 186.30 W, 38
2026/10/08 02:05:24.128, 5, 120 MHz, 3996 MHz, 184.43 W, 36
2026/10/08 02:05:24.128, 6, 120 MHz, 3996 MHz, 184.83 W, 29
2026/10/08 02:05:24.128, 7, 120 MHz, 3996 MHz, 184.59 W, 28
2026/10/08 02:05:24.228, 0, 120 MHz, 3996 MHz, 184.47 W, 33
2026/10/08 02:05:24.228, 1, 120 MHz, 3996 MHz, 186.29 W, 35
2026/10/08 02:05:24.228, 2, 120 MHz, 3996 MHz, 182.48 W, 29
2026/10/08 02:05:24.228, 3, 120 MHz, 3996 MHz, 182.17 W, 29
2026/10/08 02:05:24.228, 4, 120 MHz, 3996 MHz, 186.30 W, 38
2026/10/08 02:05:24.228, 5, 120 MHz, 3996 MHz, 184.44 W, 36
2026/10/08 02:05:24.228, 6, 120 MHz, 3996 MHz, 184.83 W, 29
2026/10/08 02:05:24.228, 7, 120 MHz, 3996 MHz, 184.59 W, 28
2026/10/08 02:05:24.328, 0, 120 MHz, 3996 MHz, 184.47 W, 33
2026/10/08 02:05:24.328, 1, 120 MHz, 3996 MHz, 186.29 W, 35
2026/10/08 02:05:24.328, 2, 120 MHz, 3996 MHz, 182.48 W, 29
2026/10/08 02:05:24.328, 3, 120 MHz, 3996 MHz, 182.18 W, 29
2026/10/08 02:05:24.328, 4, 120 MHz, 3996 MHz, 186.26 W, 38
2026/10/08 02:05:24.328, 5, 120 MHz, 3996 MHz, 184.45 W, 36
2026/10/08 02:05:24.328, 6, 120 MHz, 3996 MHz, 184.83 W, 29
2026/10/08 02:05:24.328, 7, 120 MHz, 3996 MHz, 184.59 W, 28
2026/10/08 02:05:24.428, 0, 120 MHz, 3996 MHz, 184.47 W, 33
2026/10/08 02:05:24.428, 1, 120 MHz, 3996 MHz, 186.29 W, 35
2026/10/08 02:05:24.428, 2, 120 MHz, 3996 MHz, 182.48 W, 29
2026/10/08 02:05:24.428, 3, 120 MHz, 3996 MHz, 182.18 W, 29
2026/10/08 02:05:24.428, 4, 120 MHz, 3996 MHz, 186.30 W, 38
2026/10/08 02:05:24.428, 5, 120 MHz, 3996 MHz, 184.45 W, 36
2026/10/08 02:05:24.428, 6, 120 MHz, 3996 MHz, 184.83 W, 29
2026/10/08 02:05:24.428, 7, 120 MHz, 3996 MHz, 184.59 W, 28
2026/10/08 02:05:24.529, 0, 120 MHz, 3996 MHz, 184.47 W, 33
2026/10/08 02:05:24.529, 1, 120 MHz, 3996 MHz, 186.29 W, 35
2026/10/08 02:05:24.529, 2, 120 MHz, 3996 MHz, 182.51 W, 29
2026/10/08 02:05:24.529, 3, 120 MHz, 3996 MHz, 182.18 W, 29
2026/10/08 02:05:24.529, 4, 120 MHz, 3996 MHz, 186.30 W, 38
2026/10/08 02:05:24.529, 5, 120 MHz, 3996 MHz, 184.45 W, 36
2026/10/08 02:05:24.529, 6, 120 MHz, 3996 MHz, 184.83 W, 29
2026/10/08 02:05:24.529, 7, 120 MHz, 3996 MHz, 184.59 W, 28
2026/10/08 02:05:24.629, 0, 120 MHz, 3996 MHz, 184.47 W, 33
2026/10/08 02:05:24.629, 1, 120 MHz, 3996 MHz, 186.29 W, 35
2026/10/08 02:05:24.629, 2, 120 MHz, 3996 MHz, 182.55 W, 29
2026/10/08 02:05:24.629, 3, 120 MHz, 3996 MHz, 182.18 W, 29
2026/10/08 02:05:24.629, 4, 120 MHz, 3996 MHz, 186.30 W, 38
2026/10/08 02:05:24.629, 5, 120 MHz, 3996 MHz, 184.45 W, 36
2026/10/08 02:05:24.629, 6, 120 MHz, 3996 MHz, 184.83 W, 29
2026/10/08 02:05:24.629, 7, 120 MHz, 3996 MHz, 184.59 W, 28
2026/10/08 02:05:24.729, 0, 120 MHz, 3996 MHz, 184.47 W, 33
2026/10/08 02:05:24.729, 1, 120 MHz, 3996 MHz, 186.29 W, 35
2026/10/08 02:05:24.729, 2, 120 MHz, 3996 MHz, 182.51 W, 29
2026/10/08 02:05:24.729, 3, 120 MHz, 3996 MHz, 182.18 W, 29
2026/10/08 02:05:24.729, 4, 120 MHz, 3996 MHz, 186.34 W, 38
2026/10/08 02:05:24.729, 5, 120 MHz, 3996 MHz, 184.45 W, 36
2026/10/08 02:05:24.729, 6, 120 MHz, 3996 MHz, 184.83 W, 29
2026/10/08 02:05:24.729, 7, 120 MHz, 3996 MHz, 184.59 W, 28
2026/10/08 02:05:24.829, 0, 120 MHz, 3996 MHz, 184.47 W, 33
2026/10/08 02:05:24.829, 1, 120 MHz, 3996 MHz, 186.29 W, 35
2026/10/08 02:05:24.829, 2, 120 MHz, 3996 MHz, 182.37 W, 29
2026/10/08 02:05:24.829, 3, 120 MHz, 3996 MHz, 182.19 W, 29
2026/10/08 02:05:24.829, 4, 120 MHz, 3996 MHz, 186.38 W, 38
2026/10/08 02:05:24.829, 5, 120 MHz, 3996 MHz, 184.48 W, 36
2026/10/08 02:05:24.829, 6, 120 MHz, 3996 MHz, 184.83 W, 29
2026/10/08 02:05:24.830, 7, 120 MHz, 3996 MHz, 184.59 W, 28
2026/10/08 02:05:24.930, 0, 120 MHz, 3996 MHz, 184.47 W, 33
2026/10/08 02:05:24.930, 1, 120 MHz, 3996 MHz, 186.29 W, 35
2026/10/08 02:05:24.930, 2, 120 MHz, 3996 MHz, 182.32 W, 29
2026/10/08 02:05:24.930, 3, 120 MHz, 3996 MHz, 182.19 W, 29
2026/10/08 02:05:24.930, 4, 120 MHz, 3996 MHz, 186.45 W, 38
2026/10/08 02:05:24.930, 5, 120 MHz, 3996 MHz, 184.56 W, 36
2026/10/08 02:05:24.930, 6, 120 MHz, 3996 MHz, 184.83 W, 29
2026/10/08 02:05:24.930, 7, 120 MHz, 3996 MHz, 184.60 W, 28
2026/10/08 02:05:25.030, 0, 120 MHz, 3996 MHz, 184.47 W, 33
2026/10/08 02:05:25.030, 1, 120 MHz, 3996 MHz, 186.29 W, 35
2026/10/08 02:05:25.030, 2, 120 MHz, 3996 MHz, 182.32 W, 29
2026/10/08 02:05:25.030, 3, 120 MHz, 3996 MHz, 182.20 W, 29
2026/10/08 02:05:25.030, 4, 120 MHz, 3996 MHz, 186.38 W, 38
2026/10/08 02:05:25.030, 5, 120 MHz, 3996 MHz, 184.60 W, 36
2026/10/08 02:05:25.030, 6, 120 MHz, 3996 MHz, 184.83 W, 29
2026/10/08 02:05:25.030, 7, 120 MHz, 3996 MHz, 184.60 W, 28
2026/10/08 02:05:25.130, 0, 120 MHz, 3996 MHz, 184.47 W, 33
2026/10/08 02:05:25.130, 1, 120 MHz, 3996 MHz, 186.29 W, 35
2026/10/08 02:05:25.130, 2, 120 MHz, 3996 MHz, 182.33 W, 29
2026/10/08 02:05:25.130, 3, 120 MHz, 3996 MHz, 182.20 W, 29
2026/10/08 02:05:25.130, 4, 120 MHz, 3996 MHz, 186.26 W, 38
2026/10/08 02:05:25.130, 5, 120 MHz, 3996 MHz, 184.57 W, 36
2026/10/08 02:05:25.130, 6, 120 MHz, 3996 MHz, 184.83 W, 29
2026/10/08 02:05:25.130, 7, 120 MHz, 3996 MHz, 184.60 W, 28
2026/10/08 02:05:25.230, 0, 120 MHz, 3996 MHz, 184.47 W, 33
2026/10/08 02:05:25.231, 1, 120 MHz, 3996 MHz, 186.29 W, 35
2026/10/08 02:05:25.231, 2, 120 MHz, 3996 MHz, 182.32 W, 29
2026/10/08 02:05:25.231, 3, 120 MHz, 3996 MHz, 182.19 W, 29
2026/10/08 02:05:25.231, 4, 120 MHz, 3996 MHz, 186.30 W, 38
2026/10/08 02:05:25.231, 5, 120 MHz, 3996 MHz, 184.57 W, 36
2026/10/08 02:05:25.231, 6, 120 MHz, 3996 MHz, 184.83 W, 29
2026/10/08 02:05:25.231, 7, 120 MHz, 3996 MHz, 184.60 W, 28
2026/10/08 02:05:25.331, 0, 120 MHz, 3996 MHz, 184.47 W, 33
2026/10/08 02:05:25.331, 1, 120 MHz, 3996 MHz, 186.29 W, 35
2026/10/08 02:05:25.331, 2, 120 MHz, 3996 MHz, 182.25 W, 29
2026/10/08 02:05:25.331, 3, 120 MHz, 3996 MHz, 182.19 W, 29
2026/10/08 02:05:25.331, 4, 120 MHz, 3996 MHz, 186.34 W, 38
2026/10/08 02:05:25.331, 5, 120 MHz, 3996 MHz, 184.56 W, 36
2026/10/08 02:05:25.331, 6, 120 MHz, 3996 MHz, 184.83 W, 29
2026/10/08 02:05:25.331, 7, 120 MHz, 3996 MHz, 184.63 W, 28
2026/10/08 02:05:25.431, 0, 120 MHz, 3996 MHz, 184.47 W, 33
2026/10/08 02:05:25.431, 1, 120 MHz, 3996 MHz, 186.29 W, 35
2026/10/08 02:05:25.431, 2, 120 MHz, 3996 MHz, 182.28 W, 29
2026/10/08 02:05:25.431, 3, 120 MHz, 3996 MHz, 182.18 W, 29
2026/10/08 02:05:25.431, 4, 120 MHz, 3996 MHz, 186.34 W, 38
2026/10/08 02:05:25.431, 5, 120 MHz, 3996 MHz, 184.56 W, 36
2026/10/08 02:05:25.431, 6, 120 MHz, 3996 MHz, 184.83 W, 29
2026/10/08 02:05:25.431, 7, 120 MHz, 3996 MHz, 184.63 W, 28
2026/10/08 02:05:25.531, 0, 120 MHz, 3996 MHz, 184.47 W, 33
2026/10/08 02:05:25.531, 1, 120 MHz, 3996 MHz, 186.29 W, 35
2026/10/08 02:05:25.531, 2, 120 MHz, 3996 MHz, 182.33 W, 29
2026/10/08 02:05:25.531, 3, 120 MHz, 3996 MHz, 182.18 W, 29
2026/10/08 02:05:25.531, 4, 120 MHz, 3996 MHz, 186.22 W, 38
2026/10/08 02:05:25.531, 5, 120 MHz, 3996 MHz, 184.56 W, 36
2026/10/08 02:05:25.531, 6, 120 MHz, 3996 MHz, 184.83 W, 29
2026/10/08 02:05:25.531, 7, 120 MHz, 3996 MHz, 184.63 W, 28
2026/10/08 02:05:25.632, 0, 120 MHz, 3996 MHz, 184.47 W, 33
2026/10/08 02:05:25.632, 1, 120 MHz, 3996 MHz, 186.29 W, 35
2026/10/08 02:05:25.632, 2, 120 MHz, 3996 MHz, 182.29 W, 29
2026/10/08 02:05:25.632, 3, 120 MHz, 3996 MHz, 182.19 W, 29
2026/10/08 02:05:25.632, 4, 120 MHz, 3996 MHz, 186.18 W, 38
2026/10/08 02:05:25.632, 5, 120 MHz, 3996 MHz, 184.56 W, 36
2026/10/08 02:05:25.632, 6, 120 MHz, 3996 MHz, 184.83 W, 29
2026/10/08 02:05:25.632, 7, 120 MHz, 3996 MHz, 184.63 W, 28
2026/10/08 02:05:25.732, 0, 120 MHz, 3996 MHz, 184.47 W, 33
2026/10/08 02:05:25.732, 1, 120 MHz, 3996 MHz, 186.29 W, 35
2026/10/08 02:05:25.732, 2, 120 MHz, 3996 MHz, 182.32 W, 29
2026/10/08 02:05:25.732, 3, 120 MHz, 3996 MHz, 182.18 W, 29
2026/10/08 02:05:25.732, 4, 120 MHz, 3996 MHz, 186.07 W, 38
2026/10/08 02:05:25.732, 5, 120 MHz, 3996 MHz, 184.57 W, 36
2026/10/08 02:05:25.732, 6, 120 MHz, 3996 MHz, 184.83 W, 29
2026/10/08 02:05:25.732, 7, 120 MHz, 3996 MHz, 184.64 W, 28
2026/10/08 02:05:25.832, 0, 120 MHz, 3996 MHz, 184.47 W, 33
2026/10/08 02:05:25.832, 1, 120 MHz, 3996 MHz, 186.29 W, 35
2026/10/08 02:05:25.832, 2, 120 MHz, 3996 MHz, 182.32 W, 29
2026/10/08 02:05:25.832, 3, 120 MHz, 3996 MHz, 182.18 W, 29
2026/10/08 02:05:25.832, 4, 120 MHz, 3996 MHz, 186.07 W, 38
2026/10/08 02:05:25.832, 5, 120 MHz, 3996 MHz, 184.57 W, 36
2026/10/08 02:05:25.832, 6, 120 MHz, 3996 MHz, 184.83 W, 29
2026/10/08 02:05:25.832, 7, 120 MHz, 3996 MHz, 184.64 W, 28
2026/10/08 02:05:25.932, 0, 120 MHz, 3996 MHz, 184.47 W, 33
2026/10/08 02:05:25.932, 1, 120 MHz, 3996 MHz, 186.29 W, 35
2026/10/08 02:05:25.933, 2, 120 MHz, 3996 MHz, 182.44 W, 29
2026/10/08 02:05:25.933, 3, 120 MHz, 3996 MHz, 182.18 W, 29
2026/10/08 02:05:25.933, 4, 120 MHz, 3996 MHz, 186.04 W, 38
2026/10/08 02:05:25.933, 5, 120 MHz, 3996 MHz, 184.57 W, 36
2026/10/08 02:05:25.933, 6, 120 MHz, 3996 MHz, 184.83 W, 29
2026/10/08 02:05:25.933, 7, 120 MHz, 3996 MHz, 184.64 W, 28
2026/10/08 02:05:26.033, 0, 120 MHz, 3996 MHz, 184.47 W, 33
2026/10/08 02:05:26.033, 1, 120 MHz, 3996 MHz, 186.29 W, 35
2026/10/08 02:05:26.033, 2, 120 MHz, 3996 MHz, 182.48 W, 29
2026/10/08 02:05:26.033, 3, 120 MHz, 3996 MHz, 182.18 W, 29
2026/10/08 02:05:26.033, 4, 120 MHz, 3996 MHz, 186.11 W, 38
2026/10/08 02:05:26.033, 5, 120 MHz, 3996 MHz, 184.57 W, 36
2026/10/08 02:05:26.033, 6, 120 MHz, 3996 MHz, 184.83 W, 29
2026/10/08 02:05:26.033, 7, 120 MHz, 3996 MHz, 184.64 W, 28
2026/10/08 02:05:26.133, 0, 120 MHz, 3996 MHz, 184.47 W, 33
2026/10/08 02:05:26.133, 1, 120 MHz, 3996 MHz, 186.29 W, 35
2026/10/08 02:05:26.133, 2, 120 MHz, 3996 MHz, 182.48 W, 29
2026/10/08 02:05:26.133, 3, 120 MHz, 3996 MHz, 182.18 W, 29
2026/10/08 02:05:26.133, 4, 120 MHz, 3996 MHz, 186.11 W, 38
2026/10/08 02:05:26.133, 5, 120 MHz, 3996 MHz, 184.61 W, 36
2026/10/08 02:05:26.133, 6, 120 MHz, 3996 MHz, 184.83 W, 29
2026/10/08 02:05:26.133, 7, 120 MHz, 3996 MHz, 184.64 W, 28
2026/10/08 02:05:26.233, 0, 120 MHz, 3996 MHz, 184.47 W, 33
2026/10/08 02:05:26.233, 1, 120 MHz, 3996 MHz, 186.29 W, 35
2026/10/08 02:05:26.233, 2, 120 MHz, 3996 MHz, 182.52 W, 29
2026/10/08 02:05:26.233, 3, 120 MHz, 3996 MHz, 182.18 W, 29
2026/10/08 02:05:26.233, 4, 120 MHz, 3996 MHz, 186.07 W, 38
2026/10/08 02:05:26.233, 5, 120 MHz, 3996 MHz, 184.57 W, 36
2026/10/08 02:05:26.233, 6, 120 MHz, 3996 MHz, 184.83 W, 29
2026/10/08 02:05:26.233, 7, 120 MHz, 3996 MHz, 184.63 W, 28
2026/10/08 02:05:26.334, 0, 120 MHz, 3996 MHz, 184.47 W, 33
2026/10/08 02:05:26.334, 1, 120 MHz, 3996 MHz, 186.29 W, 35
2026/10/08 02:05:26.334, 2, 120 MHz, 3996 MHz, 182.52 W, 29
2026/10/08 02:05:26.334, 3, 120 MHz, 3996 MHz, 182.18 W, 29
2026/10/08 02:05:26.334, 4, 120 MHz, 3996 MHz, 186.04 W, 38
2026/10/08 02:05:26.334, 5, 120 MHz, 3996 MHz, 184.57 W, 36
2026/10/08 02:05:26.334, 6, 120 MHz, 3996 MHz, 184.83 W, 29
2026/10/08 02:05:26.334, 7, 120 MHz, 3996 MHz, 184.60 W, 28
2026/10/08 02:05:26.434, 0, 120 MHz, 3996 MHz, 184.47 W, 33
2026/10/08 02:05:26.434, 1, 120 MHz, 3996 MHz, 186.29 W, 35
2026/10/08 02:05:26.434, 2, 120 MHz, 3996 MHz, 182.56 W, 29
2026/10/08 02:05:26.434, 3, 120 MHz, 3996 MHz, 182.18 W, 29
2026/10/08 02:05:26.434, 4, 120 MHz, 3996 MHz, 186.00 W, 38
2026/10/08 02:05:26.434, 5, 120 MHz, 3996 MHz, 184.57 W, 36
2026/10/08 02:05:26.434, 6, 120 MHz, 3996 MHz, 184.83 W, 29
2026/10/08 02:05:26.434, 7, 120 MHz, 3996 MHz, 184.60 W, 28
2026/10/08 02:05:26.534, 0, 120 MHz, 3996 MHz, 184.47 W, 33
2026/10/08 02:05:26.534, 1, 120 MHz, 3996 MHz, 186.29 W, 35
2026/10/08 02:05:26.534, 2, 120 MHz, 3996 MHz, 182.48 W, 29
2026/10/08 02:05:26.534, 3, 120 MHz, 3996 MHz, 182.18 W, 29
2026/10/08 02:05:26.534, 4, 120 MHz, 3996 MHz, 185.96 W, 38
2026/10/08 02:05:26.534, 5, 120 MHz, 3996 MHz, 184.57 W, 36
2026/10/08 02:05:26.534, 6, 120 MHz, 3996 MHz, 184.83 W, 29
2026/10/08 02:05:26.534, 7, 120 MHz, 3996 MHz, 184.60 W, 28
2026/10/08 02:05:26.634, 0, 120 MHz, 3996 MHz, 184.47 W, 33
2026/10/08 02:05:26.635, 1, 120 MHz, 3996 MHz, 186.29 W, 35
2026/10/08 02:05:26.635, 2, 120 MHz, 3996 MHz, 182.48 W, 29
2026/10/08 02:05:26.635, 3, 120 MHz, 3996 MHz, 182.18 W, 29
2026/10/08 02:05:26.635, 4, 120 MHz, 3996 MHz, 185.88 W, 38
2026/10/08 02:05:26.635, 5, 120 MHz, 3996 MHz, 184.56 W, 36
2026/10/08 02:05:26.635, 6, 120 MHz, 3996 MHz, 184.83 W, 29
2026/10/08 02:05:26.635, 7, 120 MHz, 3996 MHz, 184.60 W, 28
2026/10/08 02:05:26.735, 0, 120 MHz, 3996 MHz, 184.47 W, 33
2026/10/08 02:05:26.735, 1, 120 MHz, 3996 MHz, 186.29 W, 35
2026/10/08 02:05:26.735, 2, 120 MHz, 3996 MHz, 182.45 W, 29
2026/10/08 02:05:26.735, 3, 120 MHz, 3996 MHz, 182.18 W, 29
2026/10/08 02:05:26.735, 4, 120 MHz, 3996 MHz, 185.96 W, 38
2026/10/08 02:05:26.735, 5, 120 MHz, 3996 MHz, 184.53 W, 36
2026/10/08 02:05:26.735, 6, 120 MHz, 3996 MHz, 184.83 W, 29
2026/10/08 02:05:26.735, 7, 120 MHz, 3996 MHz, 184.60 W, 28
2026/10/08 02:05:26.835, 0, 120 MHz, 3996 MHz, 184.47 W, 33
2026/10/08 02:05:26.835, 1, 120 MHz, 3996 MHz, 186.29 W, 35
2026/10/08 02:05:26.835, 2, 120 MHz, 3996 MHz, 182.48 W, 29
2026/10/08 02:05:26.835, 3, 120 MHz, 3996 MHz, 182.18 W, 29
2026/10/08 02:05:26.835, 4, 120 MHz, 3996 MHz, 185.89 W, 38
2026/10/08 02:05:26.835, 5, 120 MHz, 3996 MHz, 184.53 W, 36
2026/10/08 02:05:26.835, 6, 120 MHz, 3996 MHz, 184.83 W, 29
2026/10/08 02:05:26.835, 7, 120 MHz, 3996 MHz, 184.59 W, 28
2026/10/08 02:05:26.935, 0, 120 MHz, 3996 MHz, 184.47 W, 33
2026/10/08 02:05:26.935, 1, 120 MHz, 3996 MHz, 186.29 W, 35
2026/10/08 02:05:26.935, 2, 120 MHz, 3996 MHz, 182.48 W, 29
2026/10/08 02:05:26.935, 3, 120 MHz, 3996 MHz, 182.18 W, 29
2026/10/08 02:05:26.935, 4, 120 MHz, 3996 MHz, 185.70 W, 38
2026/10/08 02:05:26.935, 5, 120 MHz, 3996 MHz, 184.53 W, 36
2026/10/08 02:05:26.935, 6, 120 MHz, 3996 MHz, 184.83 W, 29
2026/10/08 02:05:26.935, 7, 120 MHz, 3996 MHz, 184.59 W, 28
2026/10/08 02:05:27.036, 0, 120 MHz, 3996 MHz, 184.47 W, 33
2026/10/08 02:05:27.036, 1, 120 MHz, 3996 MHz, 186.29 W, 35
2026/10/08 02:05:27.036, 2, 120 MHz, 3996 MHz, 182.48 W, 29
2026/10/08 02:05:27.036, 3, 120 MHz, 3996 MHz, 182.17 W, 29
2026/10/08 02:05:27.036, 4, 120 MHz, 3996 MHz, 185.64 W, 38
2026/10/08 02:05:27.036, 5, 120 MHz, 3996 MHz, 184.52 W, 36
2026/10/08 02:05:27.036, 6, 120 MHz, 3996 MHz, 184.83 W, 29
2026/10/08 02:05:27.036, 7, 120 MHz, 3996 MHz, 184.60 W, 28
2026/10/08 02:05:27.136, 0, 120 MHz, 3996 MHz, 184.47 W, 33
2026/10/08 02:05:27.136, 1, 120 MHz, 3996 MHz, 186.29 W, 35
2026/10/08 02:05:27.136, 2, 120 MHz, 3996 MHz, 182.44 W, 29
2026/10/08 02:05:27.136, 3, 120 MHz, 3996 MHz, 182.17 W, 29
2026/10/08 02:05:27.136, 4, 120 MHz, 3996 MHz, 185.64 W, 38
2026/10/08 02:05:27.136, 5, 120 MHz, 3996 MHz, 184.52 W, 36
2026/10/08 02:05:27.136, 6, 120 MHz, 3996 MHz, 184.83 W, 29
2026/10/08 02:05:27.136, 7, 120 MHz, 3996 MHz, 184.60 W, 28
2026/10/08 02:05:27.236, 0, 120 MHz, 3996 MHz, 184.47 W, 33
2026/10/08 02:05:27.236, 1, 120 MHz, 3996 MHz, 186.29 W, 35
2026/10/08 02:05:27.236, 2, 120 MHz, 3996 MHz, 182.56 W, 29
2026/10/08 02:05:27.236, 3, 120 MHz, 3996 MHz, 182.17 W, 29
2026/10/08 02:05:27.236, 4, 120 MHz, 3996 MHz, 185.58 W, 38
2026/10/08 02:05:27.236, 5, 120 MHz, 3996 MHz, 184.56 W, 36
2026/10/08 02:05:27.236, 6, 120 MHz, 3996 MHz, 184.83 W, 29
2026/10/08 02:05:27.236, 7, 120 MHz, 3996 MHz, 184.60 W, 28
2026/10/08 02:05:27.336, 0, 120 MHz, 3996 MHz, 184.47 W, 33
2026/10/08 02:05:27.336, 1, 120 MHz, 3996 MHz, 186.29 W, 35
2026/10/08 02:05:27.336, 2, 120 MHz, 3996 MHz, 182.68 W, 29
2026/10/08 02:05:27.336, 3, 120 MHz, 3996 MHz, 182.16 W, 29
2026/10/08 02:05:27.336, 4, 120 MHz, 3996 MHz, 185.60 W, 38
2026/10/08 02:05:27.336, 5, 120 MHz, 3996 MHz, 184.56 W, 36
2026/10/08 02:05:27.336, 6, 120 MHz, 3996 MHz, 184.83 W, 29
2026/10/08 02:05:27.336, 7, 120 MHz, 3996 MHz, 184.60 W, 28
2026/10/08 02:05:27.437, 0, 120 MHz, 3996 MHz, 184.47 W, 33
2026/10/08 02:05:27.437, 1, 120 MHz, 3996 MHz, 186.29 W, 35
2026/10/08 02:05:27.437, 2, 120 MHz, 3996 MHz, 182.63 W, 29
2026/10/08 02:05:27.437, 3, 120 MHz, 3996 MHz, 182.16 W, 29
2026/10/08 02:05:27.437, 4, 120 MHz, 3996 MHz, 185.54 W, 38
2026/10/08 02:05:27.437, 5, 120 MHz, 3996 MHz, 184.57 W, 36
2026/10/08 02:05:27.437, 6, 120 MHz, 3996 MHz, 184.83 W, 29
2026/10/08 02:05:27.437, 7, 120 MHz, 3996 MHz, 184.60 W, 28
2026/10/08 02:05:27.537, 0, 120 MHz, 3996 MHz, 184.47 W, 33
2026/10/08 02:05:27.537, 1, 120 MHz, 3996 MHz, 186.29 W, 35
2026/10/08 02:05:27.537, 2, 120 MHz, 3996 MHz, 182.59 W, 29
2026/10/08 02:05:27.537, 3, 120 MHz, 3996 MHz, 182.16 W, 29
2026/10/08 02:05:27.537, 4, 120 MHz, 3996 MHz, 185.58 W, 38
2026/10/08 02:05:27.537, 5, 120 MHz, 3996 MHz, 184.57 W, 36
2026/10/08 02:05:27.537, 6, 120 MHz, 3996 MHz, 184.83 W, 29
2026/10/08 02:05:27.537, 7, 120 MHz, 3996 MHz, 184.60 W, 28
2026/10/08 02:05:27.637, 0, 120 MHz, 3996 MHz, 184.47 W, 33
2026/10/08 02:05:27.637, 1, 120 MHz, 3996 MHz, 186.29 W, 35
2026/10/08 02:05:27.637, 2, 120 MHz, 3996 MHz, 182.60 W, 29
2026/10/08 02:05:27.637, 3, 120 MHz, 3996 MHz, 182.16 W, 29
2026/10/08 02:05:27.637, 4, 120 MHz, 3996 MHz, 185.64 W, 38
2026/10/08 02:05:27.637, 5, 120 MHz, 3996 MHz, 184.57 W, 36
2026/10/08 02:05:27.637, 6, 120 MHz, 3996 MHz, 184.83 W, 29
2026/10/08 02:05:27.637, 7, 120 MHz, 3996 MHz, 184.60 W, 28
2026/10/08 02:05:27.737, 0, 120 MHz, 3996 MHz, 184.47 W, 33
2026/10/08 02:05:27.737, 1, 120 MHz, 3996 MHz, 186.29 W, 35
2026/10/08 02:05:27.737, 2, 120 MHz, 3996 MHz, 182.64 W, 29
2026/10/08 02:05:27.737, 3, 120 MHz, 3996 MHz, 182.16 W, 29
2026/10/08 02:05:27.737, 4, 120 MHz, 3996 MHz, 185.49 W, 38
2026/10/08 02:05:27.737, 5, 120 MHz, 3996 MHz, 184.60 W, 36
2026/10/08 02:05:27.737, 6, 120 MHz, 3996 MHz, 184.83 W, 29
2026/10/08 02:05:27.737, 7, 120 MHz, 3996 MHz, 184.60 W, 28
2026/10/08 02:05:27.838, 0, 120 MHz, 3996 MHz, 184.47 W, 33
2026/10/08 02:05:27.838, 1, 120 MHz, 3996 MHz, 186.29 W, 35
2026/10/08 02:05:27.838, 2, 120 MHz, 3996 MHz, 182.59 W, 29
2026/10/08 02:05:27.838, 3, 120 MHz, 3996 MHz, 182.16 W, 29
2026/10/08 02:05:27.838, 4, 120 MHz, 3996 MHz, 185.56 W, 38
2026/10/08 02:05:27.838, 5, 120 MHz, 3996 MHz, 184.61 W, 36
2026/10/08 02:05:27.838, 6, 120 MHz, 3996 MHz, 184.83 W, 29
2026/10/08 02:05:27.838, 7, 120 MHz, 3996 MHz, 184.61 W, 28
2026/10/08 02:05:27.938, 0, 120 MHz, 3996 MHz, 184.47 W, 33
2026/10/08 02:05:27.938, 1, 120 MHz, 3996 MHz, 186.29 W, 35
2026/10/08 02:05:27.938, 2, 120 MHz, 3996 MHz, 182.52 W, 29
2026/10/08 02:05:27.938, 3, 120 MHz, 3996 MHz, 182.16 W, 29
2026/10/08 02:05:27.938, 4, 120 MHz, 3996 MHz, 185.66 W, 38
2026/10/08 02:05:27.938, 5, 120 MHz, 3996 MHz, 184.60 W, 36
2026/10/08 02:05:27.938, 6, 120 MHz, 3996 MHz, 184.83 W, 29
2026/10/08 02:05:27.938, 7, 120 MHz, 3996 MHz, 184.61 W, 28
2026/10/08 02:05:28.038, 0, 120 MHz, 3996 MHz, 184.47 W, 33
2026/10/08 02:05:28.038, 1, 120 MHz, 3996 MHz, 186.29 W, 35
2026/10/08 02:05:28.038, 2, 120 MHz, 3996 MHz, 182.48 W, 29
2026/10/08 02:05:28.038, 3, 120 MHz, 3996 MHz, 182.16 W, 29
2026/10/08 02:05:28.038, 4, 120 MHz, 3996 MHz, 185.62 W, 38
2026/10/08 02:05:28.038, 5, 120 MHz, 3996 MHz, 184.60 W, 36
2026/10/08 02:05:28.038, 6, 120 MHz, 3996 MHz, 184.83 W, 29
2026/10/08 02:05:28.038, 7, 120 MHz, 3996 MHz, 184.61 W, 28
2026/10/08 02:05:28.138, 0, 120 MHz, 3996 MHz, 184.47 W, 33
2026/10/08 02:05:28.138, 1, 120 MHz, 3996 MHz, 186.29 W, 35
2026/10/08 02:05:28.138, 2, 120 MHz, 3996 MHz, 182.48 W, 29
2026/10/08 02:05:28.138, 3, 120 MHz, 3996 MHz, 182.17 W, 29
2026/10/08 02:05:28.138, 4, 120 MHz, 3996 MHz, 185.58 W, 38
2026/10/08 02:05:28.138, 5, 120 MHz, 3996 MHz, 184.60 W, 36
2026/10/08 02:05:28.138, 6, 120 MHz, 3996 MHz, 184.83 W, 29
2026/10/08 02:05:28.138, 7, 120 MHz, 3996 MHz, 184.60 W, 28
2026/10/08 02:05:28.239, 0, 120 MHz, 3996 MHz, 184.47 W, 33
2026/10/08 02:05:28.239, 1, 120 MHz, 3996 MHz, 186.29 W, 35
2026/10/08 02:05:28.239, 2, 120 MHz, 3996 MHz, 182.40 W, 29
2026/10/08 02:05:28.239, 3, 120 MHz, 3996 MHz, 182.17 W, 29
2026/10/08 02:05:28.239, 4, 120 MHz, 3996 MHz, 185.52 W, 38
2026/10/08 02:05:28.239, 5, 120 MHz, 3996 MHz, 184.60 W, 36
2026/10/08 02:05:28.239, 6, 120 MHz, 3996 MHz, 184.83 W, 29
2026/10/08 02:05:28.239, 7, 120 MHz, 3996 MHz, 184.61 W, 28
2026/10/08 02:05:28.339, 0, 120 MHz, 3996 MHz, 184.47 W, 33
2026/10/08 02:05:28.339, 1, 120 MHz, 3996 MHz, 186.29 W, 35
2026/10/08 02:05:28.339, 2, 120 MHz, 3996 MHz, 182.28 W, 29
2026/10/08 02:05:28.339, 3, 120 MHz, 3996 MHz, 182.17 W, 29
2026/10/08 02:05:28.339, 4, 120 MHz, 3996 MHz, 185.43 W, 38
2026/10/08 02:05:28.339, 5, 120 MHz, 3996 MHz, 184.60 W, 36
2026/10/08 02:05:28.339, 6, 120 MHz, 3996 MHz, 184.83 W, 29
2026/10/08 02:05:28.339, 7, 120 MHz, 3996 MHz, 184.60 W, 28
2026/10/08 02:05:28.439, 0, 120 MHz, 3996 MHz, 184.47 W, 33
2026/10/08 02:05:28.439, 1, 120 MHz, 3996 MHz, 186.29 W, 35
2026/10/08 02:05:28.439, 2, 120 MHz, 3996 MHz, 182.29 W, 29
2026/10/08 02:05:28.439, 3, 120 MHz, 3996 MHz, 182.17 W, 29
2026/10/08 02:05:28.439, 4, 120 MHz, 3996 MHz, 185.33 W, 38
2026/10/08 02:05:28.439, 5, 120 MHz, 3996 MHz, 184.53 W, 36
2026/10/08 02:05:28.439, 6, 120 MHz, 3996 MHz, 184.83 W, 29
2026/10/08 02:05:28.439, 7, 120 MHz, 3996 MHz, 184.60 W, 28
2026/10/08 02:05:28.539, 0, 120 MHz, 3996 MHz, 184.47 W, 33
2026/10/08 02:05:28.539, 1, 120 MHz, 3996 MHz, 186.29 W, 35
2026/10/08 02:05:28.539, 2, 120 MHz, 3996 MHz, 182.36 W, 29
2026/10/08 02:05:28.539, 3, 120 MHz, 3996 MHz, 182.16 W, 29
2026/10/08 02:05:28.539, 4, 120 MHz, 3996 MHz, 185.37 W, 38
2026/10/08 02:05:28.539, 5, 120 MHz, 3996 MHz, 184.54 W, 36
2026/10/08 02:05:28.539, 6, 120 MHz, 3996 MHz, 184.83 W, 29
2026/10/08 02:05:28.539, 7, 120 MHz, 3996 MHz, 184.60 W, 28
2026/10/08 02:05:28.640, 0, 120 MHz, 3996 MHz, 184.47 W, 33
2026/10/08 02:05:28.640, 1, 120 MHz, 3996 MHz, 186.29 W, 35
2026/10/08 02:05:28.640, 2, 120 MHz, 3996 MHz, 182.36 W, 29
2026/10/08 02:05:28.640, 3, 120 MHz, 3996 MHz, 182.16 W, 29
2026/10/08 02:05:28.640, 4, 120 MHz, 3996 MHz, 185.31 W, 38
2026/10/08 02:05:28.640, 5, 120 MHz, 3996 MHz, 184.50 W, 36
2026/10/08 02:05:28.640, 6, 120 MHz, 3996 MHz, 184.83 W, 29
2026/10/08 02:05:28.640, 7, 120 MHz, 3996 MHz, 184.60 W, 28
2026/10/08 02:05:28.740, 0, 120 MHz, 3996 MHz, 184.47 W, 33
2026/10/08 02:05:28.740, 1, 120 MHz, 3996 MHz, 186.29 W, 35
2026/10/08 02:05:28.740, 2, 120 MHz, 3996 MHz, 182.32 W, 29
2026/10/08 02:05:28.740, 3, 120 MHz, 3996 MHz, 182.15 W, 29
2026/10/08 02:05:28.740, 4, 120 MHz, 3996 MHz, 185.35 W, 38
2026/10/08 02:05:28.740, 5, 120 MHz, 3996 MHz, 184.46 W, 36
2026/10/08 02:05:28.740, 6, 120 MHz, 3996 MHz, 184.83 W, 29
2026/10/08 02:05:28.740, 7, 120 MHz, 3996 MHz, 184.60 W, 28
2026/10/08 02:05:28.840, 0, 120 MHz, 3996 MHz, 184.47 W, 33
2026/10/08 02:05:28.840, 1, 120 MHz, 3996 MHz, 186.29 W, 35
2026/10/08 02:05:28.840, 2, 120 MHz, 3996 MHz, 182.32 W, 29
2026/10/08 02:05:28.840, 3, 120 MHz, 3996 MHz, 182.15 W, 29
2026/10/08 02:05:28.840, 4, 120 MHz, 3996 MHz, 185.27 W, 38
2026/10/08 02:05:28.840, 5, 120 MHz, 3996 MHz, 184.46 W, 36
2026/10/08 02:05:28.840, 6, 120 MHz, 3996 MHz, 184.83 W, 29
2026/10/08 02:05:28.840, 7, 120 MHz, 3996 MHz, 184.60 W, 28
2026/10/08 02:05:28.940, 0, 120 MHz, 3996 MHz, 184.47 W, 33
2026/10/08 02:05:28.940, 1, 120 MHz, 3996 MHz, 186.29 W, 35
2026/10/08 02:05:28.941, 2, 120 MHz, 3996 MHz, 182.36 W, 29
2026/10/08 02:05:28.941, 3, 120 MHz, 3996 MHz, 182.16 W, 29
2026/10/08 02:05:28.941, 4, 120 MHz, 3996 MHz, 185.17 W, 38
2026/10/08 02:05:28.941, 5, 120 MHz, 3996 MHz, 184.46 W, 36
2026/10/08 02:05:28.941, 6, 120 MHz, 3996 MHz, 184.83 W, 29
2026/10/08 02:05:28.941, 7, 120 MHz, 3996 MHz, 184.60 W, 28
2026/10/08 02:05:29.041, 0, 120 MHz, 3996 MHz, 184.47 W, 33
2026/10/08 02:05:29.041, 1, 120 MHz, 3996 MHz, 186.29 W, 35
2026/10/08 02:05:29.041, 2, 120 MHz, 3996 MHz, 182.40 W, 29
2026/10/08 02:05:29.041, 3, 120 MHz, 3996 MHz, 182.16 W, 29
2026/10/08 02:05:29.041, 4, 120 MHz, 3996 MHz, 185.13 W, 38
2026/10/08 02:05:29.041, 5, 120 MHz, 3996 MHz, 184.47 W, 36
2026/10/08 02:05:29.041, 6, 120 MHz, 3996 MHz, 184.83 W, 29
2026/10/08 02:05:29.041, 7, 120 MHz, 3996 MHz, 184.59 W, 28
2026/10/08 02:05:29.141, 0, 120 MHz, 3996 MHz, 184.47 W, 33
2026/10/08 02:05:29.141, 1, 120 MHz, 3996 MHz, 186.29 W, 35
2026/10/08 02:05:29.141, 2, 120 MHz, 3996 MHz, 182.43 W, 29
2026/10/08 02:05:29.141, 3, 120 MHz, 3996 MHz, 182.16 W, 29
2026/10/08 02:05:29.141, 4, 120 MHz, 3996 MHz, 185.12 W, 38
2026/10/08 02:05:29.141, 5, 120 MHz, 3996 MHz, 184.47 W, 36
2026/10/08 02:05:29.141, 6, 120 MHz, 3996 MHz, 184.83 W, 29
2026/10/08 02:05:29.141, 7, 120 MHz, 3996 MHz, 184.59 W, 28
2026/10/08 02:05:29.241, 0, 120 MHz, 3996 MHz, 184.47 W, 33
2026/10/08 02:05:29.241, 1, 120 MHz, 3996 MHz, 186.29 W, 35
2026/10/08 02:05:29.241, 2, 120 MHz, 3996 MHz, 182.40 W, 29
2026/10/08 02:05:29.241, 3, 120 MHz, 3996 MHz, 182.17 W, 29
2026/10/08 02:05:29.241, 4, 120 MHz, 3996 MHz, 185.21 W, 38
2026/10/08 02:05:29.241, 5, 120 MHz, 3996 MHz, 184.47 W, 36
2026/10/08 02:05:29.241, 6, 120 MHz, 3996 MHz, 184.83 W, 29
2026/10/08 02:05:29.241, 7, 120 MHz, 3996 MHz, 184.59 W, 28
2026/10/08 02:05:29.341, 0, 120 MHz, 3996 MHz, 184.47 W, 33
2026/10/08 02:05:29.341, 1, 120 MHz, 3996 MHz, 186.29 W, 35
2026/10/08 02:05:29.342, 2, 120 MHz, 3996 MHz, 182.36 W, 29
2026/10/08 02:05:29.342, 3, 120 MHz, 3996 MHz, 182.17 W, 29
2026/10/08 02:05:29.342, 4, 120 MHz, 3996 MHz, 185.17 W, 37
2026/10/08 02:05:29.342, 5, 120 MHz, 3996 MHz, 184.47 W, 36
2026/10/08 02:05:29.342, 6, 120 MHz, 3996 MHz, 184.83 W, 29
2026/10/08 02:05:29.342, 7, 120 MHz, 3996 MHz, 184.59 W, 28
2026/10/08 02:05:29.442, 0, 120 MHz, 3996 MHz, 184.47 W, 33
2026/10/08 02:05:29.442, 1, 120 MHz, 3996 MHz, 186.29 W, 35
2026/10/08 02:05:29.442, 2, 120 MHz, 3996 MHz, 182.40 W, 29
2026/10/08 02:05:29.442, 3, 120 MHz, 3996 MHz, 182.18 W, 29
2026/10/08 02:05:29.442, 4, 120 MHz, 3996 MHz, 185.24 W, 38
2026/10/08 02:05:29.442, 5, 120 MHz, 3996 MHz, 184.54 W, 36
2026/10/08 02:05:29.442, 6, 120 MHz, 3996 MHz, 184.83 W, 29
2026/10/08 02:05:29.442, 7, 120 MHz, 3996 MHz, 184.59 W, 28
2026/10/08 02:05:29.542, 0, 120 MHz, 3996 MHz, 184.47 W, 33
2026/10/08 02:05:29.542, 1, 120 MHz, 3996 MHz, 186.29 W, 35
2026/10/08 02:05:29.542, 2, 120 MHz, 3996 MHz, 182.37 W, 29
2026/10/08 02:05:29.542, 3, 120 MHz, 3996 MHz, 182.18 W, 29
2026/10/08 02:05:29.542, 4, 120 MHz, 3996 MHz, 185.20 W, 37
2026/10/08 02:05:29.542, 5, 120 MHz, 3996 MHz, 184.53 W, 36
2026/10/08 02:05:29.542, 6, 120 MHz, 3996 MHz, 184.83 W, 29
2026/10/08 02:05:29.542, 7, 120 MHz, 3996 MHz, 184.59 W, 28
2026/10/08 02:05:29.642, 0, 120 MHz, 3996 MHz, 184.47 W, 33
2026/10/08 02:05:29.642, 1, 120 MHz, 3996 MHz, 186.29 W, 35
2026/10/08 02:05:29.642, 2, 120 MHz, 3996 MHz, 182.40 W, 29
2026/10/08 02:05:29.642, 3, 120 MHz, 3996 MHz, 182.19 W, 29
2026/10/08 02:05:29.642, 4, 120 MHz, 3996 MHz, 185.18 W, 37
2026/10/08 02:05:29.642, 5, 120 MHz, 3996 MHz, 184.49 W, 36
2026/10/08 02:05:29.642, 6, 120 MHz, 3996 MHz, 184.83 W, 29
2026/10/08 02:05:29.642, 7, 120 MHz, 3996 MHz, 184.59 W, 28
2026/10/08 02:05:29.742, 0, 120 MHz, 3996 MHz, 184.47 W, 33
2026/10/08 02:05:29.742, 1, 120 MHz, 3996 MHz, 186.29 W, 35
2026/10/08 02:05:29.742, 2, 120 MHz, 3996 MHz, 182.40 W, 29
2026/10/08 02:05:29.742, 3, 120 MHz, 3996 MHz, 182.19 W, 29
2026/10/08 02:05:29.743, 4, 120 MHz, 3996 MHz, 185.14 W, 37
2026/10/08 02:05:29.743, 5, 120 MHz, 3996 MHz, 184.53 W, 36
2026/10/08 02:05:29.743, 6, 120 MHz, 3996 MHz, 184.83 W, 29
2026/10/08 02:05:29.743, 7, 120 MHz, 3996 MHz, 184.60 W, 28
2026/10/08 02:05:29.843, 0, 120 MHz, 3996 MHz, 184.47 W, 33
2026/10/08 02:05:29.843, 1, 120 MHz, 3996 MHz, 186.29 W, 35
2026/10/08 02:05:29.843, 2, 120 MHz, 3996 MHz, 182.44 W, 29
2026/10/08 02:05:29.843, 3, 120 MHz, 3996 MHz, 182.19 W, 29
2026/10/08 02:05:29.843, 4, 120 MHz, 3996 MHz, 185.10 W, 37
2026/10/08 02:05:29.843, 5, 120 MHz, 3996 MHz, 184.53 W, 36
2026/10/08 02:05:29.843, 6, 120 MHz, 3996 MHz, 184.83 W, 29
2026/10/08 02:05:29.843, 7, 120 MHz, 3996 MHz, 184.60 W, 28
2026/10/08 02:05:29.943, 0, 120 MHz, 3996 MHz, 184.47 W, 33
2026/10/08 02:05:29.943, 1, 120 MHz, 3996 MHz, 186.29 W, 35
2026/10/08 02:05:29.943, 2, 120 MHz, 3996 MHz, 182.48 W, 29
2026/10/08 02:05:29.943, 3, 120 MHz, 3996 MHz, 182.19 W, 29
2026/10/08 02:05:29.943, 4, 120 MHz, 3996 MHz, 185.05 W, 37
2026/10/08 02:05:29.943, 5, 120 MHz, 3996 MHz, 184.53 W, 36
2026/10/08 02:05:29.943, 6, 120 MHz, 3996 MHz, 184.83 W, 29
2026/10/08 02:05:29.943, 7, 120 MHz, 3996 MHz, 184.60 W, 28
2026/10/08 02:05:30.043, 0, 120 MHz, 3996 MHz, 184.47 W, 33
2026/10/08 02:05:30.043, 1, 120 MHz, 3996 MHz, 186.29 W, 35
2026/10/08 02:05:30.043, 2, 120 MHz, 3996 MHz, 182.55 W, 29
2026/10/08 02:05:30.043, 3, 120 MHz, 3996 MHz, 182.19 W, 29
2026/10/08 02:05:30.043, 4, 120 MHz, 3996 MHz, 185.14 W, 37
2026/10/08 02:05:30.043, 5, 120 MHz, 3996 MHz, 184.53 W, 36
2026/10/08 02:05:30.043, 6, 120 MHz, 3996 MHz, 184.83 W, 29
2026/10/08 02:05:30.043, 7, 120 MHz, 3996 MHz, 184.60 W, 28
2026/10/08 02:05:30.144, 0, 120 MHz, 3996 MHz, 184.47 W, 33
2026/10/08 02:05:30.144, 1, 120 MHz, 3996 MHz, 186.29 W, 35
2026/10/08 02:05:30.144, 2, 120 MHz, 3996 MHz, 182.55 W, 29
2026/10/08 02:05:30.144, 3, 120 MHz, 3996 MHz, 182.19 W, 29
2026/10/08 02:05:30.144, 4, 120 MHz, 3996 MHz, 185.14 W, 37
2026/10/08 02:05:30.144, 5, 120 MHz, 3996 MHz, 184.53 W, 36
2026/10/08 02:05:30.144, 6, 120 MHz, 3996 MHz, 184.83 W, 29
2026/10/08 02:05:30.144, 7, 120 MHz, 3996 MHz, 184.60 W, 28
2026/10/08 02:05:30.244, 0, 120 MHz, 3996 MHz, 184.47 W, 33
2026/10/08 02:05:30.244, 1, 120 MHz, 3996 MHz, 186.29 W, 35
2026/10/08 02:05:30.244, 2, 120 MHz, 3996 MHz, 182.52 W, 29
2026/10/08 02:05:30.244, 3, 120 MHz, 3996 MHz, 182.19 W, 29
2026/10/08 02:05:30.244, 4, 120 MHz, 3996 MHz, 185.01 W, 37
2026/10/08 02:05:30.244, 5, 120 MHz, 3996 MHz, 184.53 W, 36
2026/10/08 02:05:30.244, 6, 120 MHz, 3996 MHz, 184.83 W, 29
2026/10/08 02:05:30.244, 7, 120 MHz, 3996 MHz, 184.60 W, 28
2026/10/08 02:05:30.344, 0, 120 MHz, 3996 MHz, 184.47 W, 33
2026/10/08 02:05:30.344, 1, 120 MHz, 3996 MHz, 186.29 W, 35
2026/10/08 02:05:30.344, 2, 120 MHz, 3996 MHz, 182.56 W, 29
2026/10/08 02:05:30.344, 3, 120 MHz, 3996 MHz, 182.18 W, 29
2026/10/08 02:05:30.344, 4, 120 MHz, 3996 MHz, 185.13 W, 37
2026/10/08 02:05:30.344, 5, 120 MHz, 3996 MHz, 184.53 W, 36
2026/10/08 02:05:30.344, 6, 120 MHz, 3996 MHz, 184.83 W, 29
2026/10/08 02:05:30.344, 7, 120 MHz, 3996 MHz, 184.60 W, 28
2026/10/08 02:05:30.444, 0, 120 MHz, 3996 MHz, 184.47 W, 33
2026/10/08 02:05:30.444, 1, 120 MHz, 3996 MHz, 186.29 W, 35
2026/10/08 02:05:30.444, 2, 120 MHz, 3996 MHz, 182.63 W, 29
2026/10/08 02:05:30.444, 3, 120 MHz, 3996 MHz, 182.19 W, 29
2026/10/08 02:05:30.444, 4, 120 MHz, 3996 MHz, 185.06 W, 37
2026/10/08 02:05:30.444, 5, 120 MHz, 3996 MHz, 184.54 W, 36
2026/10/08 02:05:30.444, 6, 120 MHz, 3996 MHz, 184.83 W, 29
2026/10/08 02:05:30.444, 7, 120 MHz, 3996 MHz, 184.60 W, 28
2026/10/08 02:05:30.545, 0, 120 MHz, 3996 MHz, 184.47 W, 33
2026/10/08 02:05:30.545, 1, 120 MHz, 3996 MHz, 186.29 W, 35
2026/10/08 02:05:30.545, 2, 120 MHz, 3996 MHz, 182.72 W, 29
2026/10/08 02:05:30.545, 3, 120 MHz, 3996 MHz, 182.18 W, 29
2026/10/08 02:05:30.545, 4, 120 MHz, 3996 MHz, 185.09 W, 37
2026/10/08 02:05:30.545, 5, 120 MHz, 3996 MHz, 184.54 W, 36
2026/10/08 02:05:30.545, 6, 120 MHz, 3996 MHz, 184.83 W, 29
2026/10/08 02:05:30.545, 7, 120 MHz, 3996 MHz, 184.60 W, 28
2026/10/08 02:05:30.645, 0, 120 MHz, 3996 MHz, 184.47 W, 33
2026/10/08 02:05:30.645, 1, 120 MHz, 3996 MHz, 186.29 W, 35
2026/10/08 02:05:30.645, 2, 120 MHz, 3996 MHz, 182.72 W, 29
2026/10/08 02:05:30.645, 3, 120 MHz, 3996 MHz, 182.19 W, 29
2026/10/08 02:05:30.645, 4, 120 MHz, 3996 MHz, 185.02 W, 37
2026/10/08 02:05:30.645, 5, 120 MHz, 3996 MHz, 184.62 W, 36
2026/10/08 02:05:30.645, 6, 120 MHz, 3996 MHz, 184.83 W, 29
2026/10/08 02:05:30.645, 7, 120 MHz, 3996 MHz, 184.60 W, 28
2026/10/08 02:05:30.745, 0, 120 MHz, 3996 MHz, 184.47 W, 33
2026/10/08 02:05:30.745, 1, 120 MHz, 3996 MHz, 186.29 W, 35
2026/10/08 02:05:30.745, 2, 120 MHz, 3996 MHz, 182.71 W, 29
2026/10/08 02:05:30.745, 3, 120 MHz, 3996 MHz, 182.19 W, 29
2026/10/08 02:05:30.745, 4, 120 MHz, 3996 MHz, 184.97 W, 37
2026/10/08 02:05:30.745, 5, 120 MHz, 3996 MHz, 184.62 W, 36
2026/10/08 02:05:30.745, 6, 120 MHz, 3996 MHz, 184.83 W, 29
2026/10/08 02:05:30.745, 7, 120 MHz, 3996 MHz, 184.61 W, 28
2026/10/08 02:05:30.845, 0, 120 MHz, 3996 MHz, 184.47 W, 33
2026/10/08 02:05:30.845, 1, 120 MHz, 3996 MHz, 186.29 W, 35
2026/10/08 02:05:30.845, 2, 120 MHz, 3996 MHz, 182.74 W, 29
2026/10/08 02:05:30.845, 3, 120 MHz, 3996 MHz, 182.18 W, 29
2026/10/08 02:05:30.845, 4, 120 MHz, 3996 MHz, 185.08 W, 37
2026/10/08 02:05:30.845, 5, 120 MHz, 3996 MHz, 184.62 W, 36
2026/10/08 02:05:30.845, 6, 120 MHz, 3996 MHz, 184.83 W, 29
2026/10/08 02:05:30.845, 7, 120 MHz, 3996 MHz, 184.60 W, 28
2026/10/08 02:05:30.946, 0, 120 MHz, 3996 MHz, 184.47 W, 33
2026/10/08 02:05:30.946, 1, 120 MHz, 3996 MHz, 186.29 W, 35
2026/10/08 02:05:30.946, 2, 120 MHz, 3996 MHz, 182.71 W, 29
2026/10/08 02:05:30.946, 3, 120 MHz, 3996 MHz, 182.19 W, 29
2026/10/08 02:05:30.946, 4, 120 MHz, 3996 MHz, 185.12 W, 37
2026/10/08 02:05:30.946, 5, 120 MHz, 3996 MHz, 184.61 W, 36
2026/10/08 02:05:30.946, 6, 120 MHz, 3996 MHz, 184.83 W, 29
2026/10/08 02:05:30.946, 7, 120 MHz, 3996 MHz, 184.60 W, 28
2026/10/08 02:05:31.046, 0, 120 MHz, 3996 MHz, 184.47 W, 33
2026/10/08 02:05:31.046, 1, 120 MHz, 3996 MHz, 186.29 W, 35
2026/10/08 02:05:31.046, 2, 120 MHz, 3996 MHz, 182.60 W, 29
2026/10/08 02:05:31.046, 3, 120 MHz, 3996 MHz, 182.18 W, 29
2026/10/08 02:05:31.046, 4, 120 MHz, 3996 MHz, 185.16 W, 37
2026/10/08 02:05:31.046, 5, 120 MHz, 3996 MHz, 184.61 W, 36
2026/10/08 02:05:31.046, 6, 120 MHz, 3996 MHz, 184.83 W, 29
2026/10/08 02:05:31.046, 7, 120 MHz, 3996 MHz, 184.60 W, 28
2026/10/08 02:05:31.146, 0, 120 MHz, 3996 MHz, 184.47 W, 33
2026/10/08 02:05:31.146, 1, 120 MHz, 3996 MHz, 186.29 W, 35
2026/10/08 02:05:31.146, 2, 120 MHz, 3996 MHz, 182.60 W, 29
2026/10/08 02:05:31.146, 3, 120 MHz, 3996 MHz, 182.18 W, 29
2026/10/08 02:05:31.146, 4, 120 MHz, 3996 MHz, 185.13 W, 37
2026/10/08 02:05:31.146, 5, 120 MHz, 3996 MHz, 184.61 W, 36
2026/10/08 02:05:31.146, 6, 120 MHz, 3996 MHz, 184.83 W, 29
2026/10/08 02:05:31.146, 7, 120 MHz, 3996 MHz, 184.60 W, 28
2026/10/08 02:05:31.246, 0, 120 MHz, 3996 MHz, 184.47 W, 33
2026/10/08 02:05:31.247, 1, 120 MHz, 3996 MHz, 186.29 W, 35
2026/10/08 02:05:31.247, 2, 120 MHz, 3996 MHz, 182.71 W, 29
2026/10/08 02:05:31.247, 3, 120 MHz, 3996 MHz, 182.18 W, 29
2026/10/08 02:05:31.247, 4, 120 MHz, 3996 MHz, 185.12 W, 37
2026/10/08 02:05:31.247, 5, 120 MHz, 3996 MHz, 184.60 W, 36
2026/10/08 02:05:31.247, 6, 120 MHz, 3996 MHz, 184.83 W, 29
2026/10/08 02:05:31.247, 7, 120 MHz, 3996 MHz, 184.60 W, 28
2026/10/08 02:05:31.347, 0, 120 MHz, 3996 MHz, 184.47 W, 33
2026/10/08 02:05:31.347, 1, 120 MHz, 3996 MHz, 186.29 W, 35
2026/10/08 02:05:31.347, 2, 120 MHz, 3996 MHz, 182.72 W, 29
2026/10/08 02:05:31.347, 3, 120 MHz, 3996 MHz, 182.19 W, 29
2026/10/08 02:05:31.347, 4, 120 MHz, 3996 MHz, 185.05 W, 37
2026/10/08 02:05:31.347, 5, 120 MHz, 3996 MHz, 184.56 W, 36
2026/10/08 02:05:31.347, 6, 120 MHz, 3996 MHz, 184.83 W, 29
2026/10/08 02:05:31.347, 7, 120 MHz, 3996 MHz, 184.60 W, 28
2026/10/08 02:05:31.447, 0, 120 MHz, 3996 MHz, 184.47 W, 33
2026/10/08 02:05:31.447, 1, 120 MHz, 3996 MHz, 186.29 W, 35
2026/10/08 02:05:31.447, 2, 120 MHz, 3996 MHz, 182.63 W, 29
2026/10/08 02:05:31.447, 3, 120 MHz, 3996 MHz, 182.19 W, 29
2026/10/08 02:05:31.447, 4, 120 MHz, 3996 MHz, 185.04 W, 37
2026/10/08 02:05:31.447, 5, 120 MHz, 3996 MHz, 184.52 W, 36
2026/10/08 02:05:31.447, 6, 120 MHz, 3996 MHz, 184.83 W, 29
2026/10/08 02:05:31.447, 7, 120 MHz, 3996 MHz, 184.60 W, 28
2026/10/08 02:05:31.547, 0, 120 MHz, 3996 MHz, 184.47 W, 33
2026/10/08 02:05:31.547, 1, 120 MHz, 3996 MHz, 186.29 W, 35
2026/10/08 02:05:31.547, 2, 120 MHz, 3996 MHz, 182.48 W, 29
2026/10/08 02:05:31.547, 3, 120 MHz, 3996 MHz, 182.20 W, 29
2026/10/08 02:05:31.547, 4, 120 MHz, 3996 MHz, 185.05 W, 37
2026/10/08 02:05:31.547, 5, 120 MHz, 3996 MHz, 184.51 W, 36
2026/10/08 02:05:31.547, 6, 120 MHz, 3996 MHz, 184.83 W, 29
2026/10/08 02:05:31.547, 7, 120 MHz, 3996 MHz, 184.60 W, 28
2026/10/08 02:05:31.648, 0, 120 MHz, 3996 MHz, 184.47 W, 33
2026/10/08 02:05:31.648, 1, 120 MHz, 3996 MHz, 186.29 W, 35
2026/10/08 02:05:31.648, 2, 120 MHz, 3996 MHz, 182.51 W, 29
2026/10/08 02:05:31.648, 3, 120 MHz, 3996 MHz, 182.20 W, 29
2026/10/08 02:05:31.648, 4, 120 MHz, 3996 MHz, 185.05 W, 37
2026/10/08 02:05:31.648, 5, 120 MHz, 3996 MHz, 184.51 W, 36
2026/10/08 02:05:31.648, 6, 120 MHz, 3996 MHz, 184.83 W, 29
2026/10/08 02:05:31.648, 7, 120 MHz, 3996 MHz, 184.60 W, 28
2026/10/08 02:05:31.748, 0, 120 MHz, 3996 MHz, 184.47 W, 33
2026/10/08 02:05:31.748, 1, 120 MHz, 3996 MHz, 186.29 W, 35
2026/10/08 02:05:31.748, 2, 120 MHz, 3996 MHz, 182.60 W, 29
2026/10/08 02:05:31.748, 3, 120 MHz, 3996 MHz, 182.20 W, 29
2026/10/08 02:05:31.748, 4, 120 MHz, 3996 MHz, 185.05 W, 37
2026/10/08 02:05:31.748, 5, 120 MHz, 3996 MHz, 184.48 W, 36
2026/10/08 02:05:31.748, 6, 120 MHz, 3996 MHz, 184.83 W, 29
2026/10/08 02:05:31.748, 7, 120 MHz, 3996 MHz, 184.60 W, 28
2026/10/08 02:05:31.848, 0, 120 MHz, 3996 MHz, 184.47 W, 33
2026/10/08 02:05:31.848, 1, 120 MHz, 3996 MHz, 186.29 W, 35
2026/10/08 02:05:31.848, 2, 120 MHz, 3996 MHz, 182.60 W, 29
2026/10/08 02:05:31.848, 3, 120 MHz, 3996 MHz, 182.20 W, 29
2026/10/08 02:05:31.848, 4, 120 MHz, 3996 MHz, 184.98 W, 37
2026/10/08 02:05:31.848, 5, 120 MHz, 3996 MHz, 184.36 W, 36
2026/10/08 02:05:31.848, 6, 120 MHz, 3996 MHz, 184.83 W, 29
2026/10/08 02:05:31.848, 7, 120 MHz, 3996 MHz, 184.60 W, 28
2026/10/08 02:05:31.948, 0, 120 MHz, 3996 MHz, 184.47 W, 33
2026/10/08 02:05:31.948, 1, 120 MHz, 3996 MHz, 186.29 W, 35
2026/10/08 02:05:31.948, 2, 120 MHz, 3996 MHz, 182.68 W, 29
2026/10/08 02:05:31.948, 3, 120 MHz, 3996 MHz, 182.20 W, 29
2026/10/08 02:05:31.948, 4, 120 MHz, 3996 MHz, 184.93 W, 37
2026/10/08 02:05:31.948, 5, 120 MHz, 3996 MHz, 184.37 W, 36
2026/10/08 02:05:31.948, 6, 120 MHz, 3996 MHz, 184.83 W, 29
2026/10/08 02:05:31.948, 7, 120 MHz, 3996 MHz, 184.60 W, 28
2026/10/08 02:05:32.049, 0, 120 MHz, 3996 MHz, 184.47 W, 33
2026/10/08 02:05:32.049, 1, 120 MHz, 3996 MHz, 186.29 W, 35
2026/10/08 02:05:32.049, 2, 120 MHz, 3996 MHz, 182.68 W, 29
2026/10/08 02:05:32.049, 3, 120 MHz, 3996 MHz, 182.21 W, 29
2026/10/08 02:05:32.049, 4, 120 MHz, 3996 MHz, 184.85 W, 37
2026/10/08 02:05:32.049, 5, 120 MHz, 3996 MHz, 184.37 W, 36
2026/10/08 02:05:32.049, 6, 120 MHz, 3996 MHz, 184.83 W, 29
2026/10/08 02:05:32.049, 7, 120 MHz, 3996 MHz, 184.60 W, 28
2026/10/08 02:05:32.149, 0, 120 MHz, 3996 MHz, 184.47 W, 33
2026/10/08 02:05:32.149, 1, 120 MHz, 3996 MHz, 186.29 W, 35
2026/10/08 02:05:32.149, 2, 120 MHz, 3996 MHz, 182.63 W, 29
2026/10/08 02:05:32.149, 3, 120 MHz, 3996 MHz, 182.20 W, 29
2026/10/08 02:05:32.149, 4, 120 MHz, 3996 MHz, 184.82 W, 37
2026/10/08 02:05:32.149, 5, 120 MHz, 3996 MHz, 184.37 W, 36
2026/10/08 02:05:32.149, 6, 120 MHz, 3996 MHz, 184.83 W, 29
2026/10/08 02:05:32.149, 7, 120 MHz, 3996 MHz, 184.60 W, 28
2026/10/08 02:05:32.249, 0, 120 MHz, 3996 MHz, 184.47 W, 33
2026/10/08 02:05:32.249, 1, 120 MHz, 3996 MHz, 186.29 W, 35
2026/10/08 02:05:32.249, 2, 120 MHz, 3996 MHz, 182.56 W, 29
2026/10/08 02:05:32.249, 3, 120 MHz, 3996 MHz, 182.21 W, 29
2026/10/08 02:05:32.249, 4, 120 MHz, 3996 MHz, 184.86 W, 37
2026/10/08 02:05:32.249, 5, 120 MHz, 3996 MHz, 184.37 W, 36
2026/10/08 02:05:32.249, 6, 120 MHz, 3996 MHz, 184.83 W, 29
2026/10/08 02:05:32.249, 7, 120 MHz, 3996 MHz, 184.60 W, 28
2026/10/08 02:05:32.349, 0, 120 MHz, 3996 MHz, 184.70 W, 33
2026/10/08 02:05:32.349, 1, 120 MHz, 3996 MHz, 186.29 W, 35
2026/10/08 02:05:32.349, 2, 120 MHz, 3996 MHz, 182.55 W, 29
2026/10/08 02:05:32.349, 3, 120 MHz, 3996 MHz, 182.21 W, 29
2026/10/08 02:05:32.349, 4, 120 MHz, 3996 MHz, 184.86 W, 37
2026/10/08 02:05:32.349, 5, 120 MHz, 3996 MHz, 184.37 W, 36
2026/10/08 02:05:32.349, 6, 120 MHz, 3996 MHz, 184.83 W, 29
2026/10/08 02:05:32.349, 7, 120 MHz, 3996 MHz, 184.60 W, 28
2026/10/08 02:05:32.449, 0, 120 MHz, 3996 MHz, 184.89 W, 33
2026/10/08 02:05:32.450, 1, 120 MHz, 3996 MHz, 186.29 W, 35
2026/10/08 02:05:32.450, 2, 120 MHz, 3996 MHz, 182.56 W, 29
2026/10/08 02:05:32.450, 3, 120 MHz, 3996 MHz, 182.20 W, 29
2026/10/08 02:05:32.450, 4, 120 MHz, 3996 MHz, 184.82 W, 37
2026/10/08 02:05:32.450, 5, 120 MHz, 3996 MHz, 184.33 W, 36
2026/10/08 02:05:32.450, 6, 120 MHz, 3996 MHz, 184.83 W, 29
2026/10/08 02:05:32.450, 7, 120 MHz, 3996 MHz, 184.60 W, 28
2026/10/08 02:05:32.550, 0, 120 MHz, 3996 MHz, 185.09 W, 33
2026/10/08 02:05:32.550, 1, 120 MHz, 3996 MHz, 186.29 W, 35
2026/10/08 02:05:32.550, 2, 120 MHz, 3996 MHz, 182.59 W, 29
2026/10/08 02:05:32.550, 3, 120 MHz, 3996 MHz, 182.20 W, 29
2026/10/08 02:05:32.550, 4, 120 MHz, 3996 MHz, 184.78 W, 37
2026/10/08 02:05:32.550, 5, 120 MHz, 3996 MHz, 184.25 W, 36
2026/10/08 02:05:32.550, 6, 120 MHz, 3996 MHz, 184.83 W, 29
2026/10/08 02:05:32.550, 7, 120 MHz, 3996 MHz, 184.61 W, 28
2026/10/08 02:05:32.650, 0, 120 MHz, 3996 MHz, 185.28 W, 33
2026/10/08 02:05:32.650, 1, 120 MHz, 3996 MHz, 186.32 W, 35
2026/10/08 02:05:32.650, 2, 120 MHz, 3996 MHz, 182.60 W, 29
2026/10/08 02:05:32.650, 3, 120 MHz, 3996 MHz, 182.20 W, 29
2026/10/08 02:05:32.650, 4, 120 MHz, 3996 MHz, 184.78 W, 37
2026/10/08 02:05:32.650, 5, 120 MHz, 3996 MHz, 184.26 W, 36
2026/10/08 02:05:32.650, 6, 120 MHz, 3996 MHz, 184.83 W, 29
2026/10/08 02:05:32.650, 7, 120 MHz, 3996 MHz, 184.61 W, 28
2026/10/08 02:05:32.750, 0, 120 MHz, 3996 MHz, 185.42 W, 33
2026/10/08 02:05:32.750, 1, 120 MHz, 3996 MHz, 186.40 W, 35
2026/10/08 02:05:32.750, 2, 120 MHz, 3996 MHz, 182.55 W, 29
2026/10/08 02:05:32.750, 3, 120 MHz, 3996 MHz, 182.20 W, 29
2026/10/08 02:05:32.750, 4, 120 MHz, 3996 MHz, 184.78 W, 37
2026/10/08 02:05:32.750, 5, 120 MHz, 3996 MHz, 184.29 W, 36
2026/10/08 02:05:32.750, 6, 120 MHz, 3996 MHz, 184.83 W, 29
2026/10/08 02:05:32.750, 7, 120 MHz, 3996 MHz, 184.61 W, 28
2026/10/08 02:05:32.851, 0, 2032 MHz, 3996 MHz, 189.78 W, 33
2026/10/08 02:05:32.851, 1, 120 MHz, 3996 MHz, 186.54 W, 35
2026/10/08 02:05:32.851, 2, 120 MHz, 3996 MHz, 182.48 W, 29
2026/10/08 02:05:32.851, 3, 120 MHz, 3996 MHz, 182.20 W, 29
2026/10/08 02:05:32.851, 4, 120 MHz, 3996 MHz, 184.74 W, 37
2026/10/08 02:05:32.851, 5, 120 MHz, 3996 MHz, 184.40 W, 36
2026/10/08 02:05:32.851, 6, 120 MHz, 3996 MHz, 184.83 W, 29
2026/10/08 02:05:32.851, 7, 120 MHz, 3996 MHz, 184.61 W, 28
2026/10/08 02:05:32.951, 0, 2032 MHz, 3996 MHz, 194.94 W, 33
2026/10/08 02:05:32.951, 1, 120 MHz, 3996 MHz, 186.60 W, 35
2026/10/08 02:05:32.951, 2, 120 MHz, 3996 MHz, 182.44 W, 29
2026/10/08 02:05:32.951, 3, 120 MHz, 3996 MHz, 182.20 W, 29
2026/10/08 02:05:32.951, 4, 120 MHz, 3996 MHz, 184.74 W, 37
2026/10/08 02:05:32.951, 5, 120 MHz, 3996 MHz, 184.37 W, 36
2026/10/08 02:05:32.951, 6, 120 MHz, 3996 MHz, 184.83 W, 29
2026/10/08 02:05:32.951, 7, 120 MHz, 3996 MHz, 184.62 W, 28
2026/10/08 02:05:33.051, 0, 2032 MHz, 3996 MHz, 200.08 W, 33
2026/10/08 02:05:33.051, 1, 120 MHz, 3996 MHz, 186.75 W, 35
2026/10/08 02:05:33.051, 2, 120 MHz, 3996 MHz, 182.55 W, 29
2026/10/08 02:05:33.051, 3, 120 MHz, 3996 MHz, 182.20 W, 29
2026/10/08 02:05:33.051, 4, 120 MHz, 3996 MHz, 184.74 W, 37
2026/10/08 02:05:33.051, 5, 120 MHz, 3996 MHz, 184.33 W, 36
2026/10/08 02:05:33.051, 6, 120 MHz, 3996 MHz, 184.83 W, 29
2026/10/08 02:05:33.051, 7, 120 MHz, 3996 MHz, 184.62 W, 28
2026/10/08 02:05:33.151, 0, 2032 MHz, 3996 MHz, 205.28 W, 33
2026/10/08 02:05:33.151, 1, 120 MHz, 3996 MHz, 186.84 W, 35
2026/10/08 02:05:33.151, 2, 120 MHz, 3996 MHz, 182.64 W, 29
2026/10/08 02:05:33.151, 3, 120 MHz, 3996 MHz, 182.20 W, 29
2026/10/08 02:05:33.151, 4, 120 MHz, 3996 MHz, 184.74 W, 37
2026/10/08 02:05:33.151, 5, 120 MHz, 3996 MHz, 184.28 W, 36
2026/10/08 02:05:33.151, 6, 120 MHz, 3996 MHz, 184.83 W, 29
2026/10/08 02:05:33.151, 7, 120 MHz, 3996 MHz, 184.62 W, 28
2026/10/08 02:05:33.252, 0, 2032 MHz, 3996 MHz, 210.48 W, 34
2026/10/08 02:05:33.252, 1, 120 MHz, 3996 MHz, 186.99 W, 35
2026/10/08 02:05:33.252, 2, 120 MHz, 3996 MHz, 182.68 W, 29
2026/10/08 02:05:33.252, 3, 120 MHz, 3996 MHz, 182.20 W, 29
2026/10/08 02:05:33.252, 4, 120 MHz, 3996 MHz, 184.71 W, 37
2026/10/08 02:05:33.252, 5, 120 MHz, 3996 MHz, 184.29 W, 36
2026/10/08 02:05:33.252, 6, 120 MHz, 3996 MHz, 184.83 W, 29
2026/10/08 02:05:33.252, 7, 120 MHz, 3996 MHz, 184.62 W, 28
2026/10/08 02:05:33.352, 0, 2032 MHz, 3996 MHz, 216.02 W, 34
2026/10/08 02:05:33.352, 1, 120 MHz, 3996 MHz, 187.16 W, 35
2026/10/08 02:05:33.352, 2, 120 MHz, 3996 MHz, 182.63 W, 29
2026/10/08 02:05:33.352, 3, 120 MHz, 3996 MHz, 182.20 W, 29
2026/10/08 02:05:33.352, 4, 120 MHz, 3996 MHz, 184.66 W, 37
2026/10/08 02:05:33.352, 5, 120 MHz, 3996 MHz, 184.28 W, 36
2026/10/08 02:05:33.352, 6, 120 MHz, 3996 MHz, 184.83 W, 29
2026/10/08 02:05:33.352, 7, 120 MHz, 3996 MHz, 184.62 W, 28
2026/10/08 02:05:33.452, 0, 2032 MHz, 3996 MHz, 220.32 W, 34
2026/10/08 02:05:33.452, 1, 120 MHz, 3996 MHz, 187.26 W, 35
2026/10/08 02:05:33.452, 2, 120 MHz, 3996 MHz, 182.71 W, 29
2026/10/08 02:05:33.452, 3, 120 MHz, 3996 MHz, 182.19 W, 29
2026/10/08 02:05:33.452, 4, 120 MHz, 3996 MHz, 184.66 W, 37
2026/10/08 02:05:33.452, 5, 120 MHz, 3996 MHz, 184.29 W, 36
2026/10/08 02:05:33.452, 6, 120 MHz, 3996 MHz, 184.83 W, 29
2026/10/08 02:05:33.452, 7, 120 MHz, 3996 MHz, 184.62 W, 28
2026/10/08 02:05:33.552, 0, 2032 MHz, 3996 MHz, 225.25 W, 34
2026/10/08 02:05:33.552, 1, 120 MHz, 3996 MHz, 187.38 W, 35
2026/10/08 02:05:33.552, 2, 120 MHz, 3996 MHz, 182.76 W, 29
2026/10/08 02:05:33.552, 3, 120 MHz, 3996 MHz, 182.18 W, 29
2026/10/08 02:05:33.552, 4, 120 MHz, 3996 MHz, 184.66 W, 37
2026/10/08 02:05:33.552, 5, 120 MHz, 3996 MHz, 184.37 W, 36
2026/10/08 02:05:33.552, 6, 120 MHz, 3996 MHz, 184.83 W, 29
2026/10/08 02:05:33.552, 7, 120 MHz, 3996 MHz, 184.62 W, 28
2026/10/08 02:05:33.653, 0, 2032 MHz, 3996 MHz, 230.18 W, 34
2026/10/08 02:05:33.653, 1, 120 MHz, 3996 MHz, 187.37 W, 35
2026/10/08 02:05:33.653, 2, 120 MHz, 3996 MHz, 182.76 W, 29
2026/10/08 02:05:33.653, 3, 120 MHz, 3996 MHz, 182.18 W, 30
2026/10/08 02:05:33.653, 4, 120 MHz, 3996 MHz, 184.67 W, 37
2026/10/08 02:05:33.653, 5, 120 MHz, 3996 MHz, 184.33 W, 36
2026/10/08 02:05:33.653, 6, 120 MHz, 3996 MHz, 184.83 W, 29
2026/10/08 02:05:33.653, 7, 120 MHz, 3996 MHz, 184.62 W, 28
2026/10/08 02:05:33.753, 0, 2032 MHz, 3996 MHz, 236.12 W, 34
2026/10/08 02:05:33.753, 1, 120 MHz, 3996 MHz, 187.38 W, 35
2026/10/08 02:05:33.753, 2, 120 MHz, 3996 MHz, 182.76 W, 29
2026/10/08 02:05:33.753, 3, 120 MHz, 3996 MHz, 182.18 W, 29
2026/10/08 02:05:33.753, 4, 120 MHz, 3996 MHz, 184.63 W, 37
2026/10/08 02:05:33.753, 5, 120 MHz, 3996 MHz, 184.32 W, 36
2026/10/08 02:05:33.753, 6, 120 MHz, 3996 MHz, 184.83 W, 29
2026/10/08 02:05:33.753, 7, 120 MHz, 3996 MHz, 184.62 W, 28
2026/10/08 02:05:33.853, 0, 2032 MHz, 3996 MHz, 236.85 W, 34
2026/10/08 02:05:33.853, 1, 120 MHz, 3996 MHz, 187.27 W, 35
2026/10/08 02:05:33.853, 2, 120 MHz, 3996 MHz, 182.79 W, 29
2026/10/08 02:05:33.853, 3, 120 MHz, 3996 MHz, 182.17 W, 30
2026/10/08 02:05:33.853, 4, 120 MHz, 3996 MHz, 184.63 W, 37
2026/10/08 02:05:33.853, 5, 120 MHz, 3996 MHz, 184.33 W, 36
2026/10/08 02:05:33.853, 6, 120 MHz, 3996 MHz, 184.83 W, 29
2026/10/08 02:05:33.853, 7, 120 MHz, 3996 MHz, 184.61 W, 28
2026/10/08 02:05:33.953, 0, 2032 MHz, 3996 MHz, 236.82 W, 34
2026/10/08 02:05:33.953, 1, 120 MHz, 3996 MHz, 187.37 W, 35
2026/10/08 02:05:33.953, 2, 120 MHz, 3996 MHz, 182.79 W, 29
2026/10/08 02:05:33.953, 3, 120 MHz, 3996 MHz, 182.17 W, 30
2026/10/08 02:05:33.953, 4, 120 MHz, 3996 MHz, 184.63 W, 37
2026/10/08 02:05:33.953, 5, 120 MHz, 3996 MHz, 184.37 W, 36
2026/10/08 02:05:33.953, 6, 120 MHz, 3996 MHz, 184.83 W, 29
2026/10/08 02:05:33.953, 7, 120 MHz, 3996 MHz, 184.60 W, 28
2026/10/08 02:05:34.054, 0, 2032 MHz, 3996 MHz, 236.70 W, 34
2026/10/08 02:05:34.054, 1, 120 MHz, 3996 MHz, 187.38 W, 35
2026/10/08 02:05:34.054, 2, 120 MHz, 3996 MHz, 182.84 W, 29
2026/10/08 02:05:34.054, 3, 120 MHz, 3996 MHz, 182.16 W, 30
2026/10/08 02:05:34.054, 4, 120 MHz, 3996 MHz, 184.59 W, 37
2026/10/08 02:05:34.054, 5, 120 MHz, 3996 MHz, 184.40 W, 36
2026/10/08 02:05:34.054, 6, 120 MHz, 3996 MHz, 184.83 W, 29
2026/10/08 02:05:34.054, 7, 120 MHz, 3996 MHz, 184.60 W, 28
2026/10/08 02:05:34.154, 0, 2032 MHz, 3996 MHz, 236.66 W, 34
2026/10/08 02:05:34.154, 1, 120 MHz, 3996 MHz, 187.40 W, 35
2026/10/08 02:05:34.154, 2, 120 MHz, 3996 MHz, 182.79 W, 29
2026/10/08 02:05:34.154, 3, 120 MHz, 3996 MHz, 182.15 W, 30
2026/10/08 02:05:34.154, 4, 120 MHz, 3996 MHz, 184.59 W, 37
2026/10/08 02:05:34.154, 5, 120 MHz, 3996 MHz, 184.45 W, 36
2026/10/08 02:05:34.154, 6, 120 MHz, 3996 MHz, 184.83 W, 29
2026/10/08 02:05:34.154, 7, 120 MHz, 3996 MHz, 184.60 W, 28
2026/10/08 02:05:34.254, 0, 2032 MHz, 3996 MHz, 240.01 W, 34
2026/10/08 02:05:34.254, 1, 120 MHz, 3996 MHz, 187.38 W, 35
2026/10/08 02:05:34.254, 2, 120 MHz, 3996 MHz, 182.75 W, 29
2026/10/08 02:05:34.254, 3, 120 MHz, 3996 MHz, 182.15 W, 30
2026/10/08 02:05:34.254, 4, 120 MHz, 3996 MHz, 184.59 W, 37
2026/10/08 02:05:34.254, 5, 120 MHz, 3996 MHz, 184.41 W, 36
2026/10/08 02:05:34.254, 6, 120 MHz, 3996 MHz, 184.83 W, 29
2026/10/08 02:05:34.254, 7, 120 MHz, 3996 MHz, 184.60 W, 28
2026/10/08 02:05:34.354, 0, 2032 MHz, 3996 MHz, 239.98 W, 34
2026/10/08 02:05:34.354, 1, 120 MHz, 3996 MHz, 187.29 W, 35
2026/10/08 02:05:34.354, 2, 120 MHz, 3996 MHz, 182.76 W, 29
2026/10/08 02:05:34.354, 3, 120 MHz, 3996 MHz, 182.15 W, 30
2026/10/08 02:05:34.354, 4, 120 MHz, 3996 MHz, 184.59 W, 37
2026/10/08 02:05:34.354, 5, 120 MHz, 3996 MHz, 184.41 W, 36
2026/10/08 02:05:34.354, 6, 120 MHz, 3996 MHz, 184.83 W, 29
2026/10/08 02:05:34.354, 7, 120 MHz, 3996 MHz, 184.60 W, 28
2026/10/08 02:05:34.455, 0, 2032 MHz, 3996 MHz, 262.47 W, 34
2026/10/08 02:05:34.455, 1, 120 MHz, 3996 MHz, 187.28 W, 35
2026/10/08 02:05:34.455, 2, 120 MHz, 3996 MHz, 182.82 W, 29
2026/10/08 02:05:34.455, 3, 120 MHz, 3996 MHz, 182.15 W, 30
2026/10/08 02:05:34.455, 4, 120 MHz, 3996 MHz, 184.59 W, 37
2026/10/08 02:05:34.455, 5, 120 MHz, 3996 MHz, 184.52 W, 36
2026/10/08 02:05:34.455, 6, 120 MHz, 3996 MHz, 184.83 W, 29
2026/10/08 02:05:34.455, 7, 120 MHz, 3996 MHz, 184.60 W, 28
2026/10/08 02:05:34.555, 0, 1087 MHz, 3996 MHz, 354.37 W, 44
2026/10/08 02:05:34.555, 1, 120 MHz, 3996 MHz, 187.30 W, 35
2026/10/08 02:05:34.555, 2, 120 MHz, 3996 MHz, 182.84 W, 29
2026/10/08 02:05:34.555, 3, 120 MHz, 3996 MHz, 182.15 W, 30
2026/10/08 02:05:34.555, 4, 120 MHz, 3996 MHz, 184.59 W, 37
2026/10/08 02:05:34.555, 5, 120 MHz, 3996 MHz, 184.49 W, 36
2026/10/08 02:05:34.555, 6, 120 MHz, 3996 MHz, 184.83 W, 29
2026/10/08 02:05:34.555, 7, 120 MHz, 3996 MHz, 184.59 W, 28
2026/10/08 02:05:34.655, 0, 1087 MHz, 3996 MHz, 354.37 W, 44
2026/10/08 02:05:34.655, 1, 120 MHz, 3996 MHz, 187.34 W, 35
2026/10/08 02:05:34.655, 2, 120 MHz, 3996 MHz, 182.78 W, 29
2026/10/08 02:05:34.655, 3, 120 MHz, 3996 MHz, 182.15 W, 30
2026/10/08 02:05:34.655, 4, 120 MHz, 3996 MHz, 184.59 W, 37
2026/10/08 02:05:34.655, 5, 120 MHz, 3996 MHz, 184.53 W, 36
2026/10/08 02:05:34.655, 6, 120 MHz, 3996 MHz, 184.83 W, 29
2026/10/08 02:05:34.655, 7, 120 MHz, 3996 MHz, 184.60 W, 28
2026/10/08 02:05:34.755, 0, 1087 MHz, 3996 MHz, 354.37 W, 44
2026/10/08 02:05:34.755, 1, 120 MHz, 3996 MHz, 187.38 W, 35
2026/10/08 02:05:34.755, 2, 120 MHz, 3996 MHz, 182.76 W, 29
2026/10/08 02:05:34.755, 3, 120 MHz, 3996 MHz, 182.14 W, 30
2026/10/08 02:05:34.755, 4, 120 MHz, 3996 MHz, 184.59 W, 37
2026/10/08 02:05:34.755, 5, 120 MHz, 3996 MHz, 184.53 W, 36
2026/10/08 02:05:34.755, 6, 120 MHz, 3996 MHz, 184.83 W, 29
2026/10/08 02:05:34.755, 7, 120 MHz, 3996 MHz, 184.60 W, 28
2026/10/08 02:05:34.856, 0, 2032 MHz, 3996 MHz, 366.05 W, 36
2026/10/08 02:05:34.856, 1, 120 MHz, 3996 MHz, 187.50 W, 35
2026/10/08 02:05:34.856, 2, 120 MHz, 3996 MHz, 182.78 W, 29
2026/10/08 02:05:34.856, 3, 120 MHz, 3996 MHz, 182.14 W, 30
2026/10/08 02:05:34.856, 4, 120 MHz, 3996 MHz, 184.59 W, 37
2026/10/08 02:05:34.856, 5, 120 MHz, 3996 MHz, 184.52 W, 36
2026/10/08 02:05:34.856, 6, 120 MHz, 3996 MHz, 184.83 W, 29
2026/10/08 02:05:34.856, 7, 120 MHz, 3996 MHz, 184.60 W, 28
2026/10/08 02:05:34.956, 0, 2032 MHz, 3996 MHz, 370.64 W, 36
2026/10/08 02:05:34.956, 1, 120 MHz, 3996 MHz, 187.49 W, 35
2026/10/08 02:05:34.956, 2, 120 MHz, 3996 MHz, 182.79 W, 29
2026/10/08 02:05:34.956, 3, 120 MHz, 3996 MHz, 182.15 W, 30
2026/10/08 02:05:34.956, 4, 120 MHz, 3996 MHz, 184.59 W, 37
2026/10/08 02:05:34.956, 5, 120 MHz, 3996 MHz, 184.48 W, 36
2026/10/08 02:05:34.956, 6, 120 MHz, 3996 MHz, 184.83 W, 29
2026/10/08 02:05:34.956, 7, 120 MHz, 3996 MHz, 184.60 W, 28
2026/10/08 02:05:35.056, 0, 2032 MHz, 3996 MHz, 375.36 W, 36
2026/10/08 02:05:35.056, 1, 120 MHz, 3996 MHz, 187.47 W, 35
2026/10/08 02:05:35.056, 2, 120 MHz, 3996 MHz, 182.74 W, 29
2026/10/08 02:05:35.056, 3, 120 MHz, 3996 MHz, 182.15 W, 30
2026/10/08 02:05:35.056, 4, 120 MHz, 3996 MHz, 184.59 W, 37
2026/10/08 02:05:35.056, 5, 120 MHz, 3996 MHz, 184.44 W, 36
2026/10/08 02:05:35.056, 6, 120 MHz, 3996 MHz, 184.83 W, 29
2026/10/08 02:05:35.056, 7, 120 MHz, 3996 MHz, 184.60 W, 28
2026/10/08 02:05:35.156, 0, 2032 MHz, 3996 MHz, 374.68 W, 36
2026/10/08 02:05:35.156, 1, 120 MHz, 3996 MHz, 187.47 W, 35
2026/10/08 02:05:35.156, 2, 120 MHz, 3996 MHz, 182.70 W, 29
2026/10/08 02:05:35.156, 3, 120 MHz, 3996 MHz, 182.15 W, 30
2026/10/08 02:05:35.156, 4, 120 MHz, 3996 MHz, 184.59 W, 37
2026/10/08 02:05:35.156, 5, 120 MHz, 3996 MHz, 184.37 W, 36
2026/10/08 02:05:35.156, 6, 120 MHz, 3996 MHz, 184.83 W, 29
2026/10/08 02:05:35.156, 7, 120 MHz, 3996 MHz, 184.60 W, 28
2026/10/08 02:05:35.257, 0, 2032 MHz, 3996 MHz, 373.87 W, 35
2026/10/08 02:05:35.257, 1, 120 MHz, 3996 MHz, 187.46 W, 35
2026/10/08 02:05:35.257, 2, 120 MHz, 3996 MHz, 182.78 W, 29
2026/10/08 02:05:35.257, 3, 120 MHz, 3996 MHz, 182.15 W, 30
2026/10/08 02:05:35.257, 4, 120 MHz, 3996 MHz, 184.59 W, 37
2026/10/08 02:05:35.257, 5, 120 MHz, 3996 MHz, 184.37 W, 36
2026/10/08 02:05:35.257, 6, 120 MHz, 3996 MHz, 184.83 W, 29
2026/10/08 02:05:35.257, 7, 120 MHz, 3996 MHz, 184.60 W, 28
2026/10/08 02:05:35.357, 0, 2032 MHz, 3996 MHz, 394.97 W, 36
2026/10/08 02:05:35.357, 1, 120 MHz, 3996 MHz, 187.54 W, 35
2026/10/08 02:05:35.357, 2, 120 MHz, 3996 MHz, 182.84 W, 29
2026/10/08 02:05:35.357, 3, 120 MHz, 3996 MHz, 182.16 W, 30
2026/10/08 02:05:35.357, 4, 120 MHz, 3996 MHz, 184.59 W, 37
2026/10/08 02:05:35.357, 5, 120 MHz, 3996 MHz, 184.37 W, 36
2026/10/08 02:05:35.357, 6, 120 MHz, 3996 MHz, 184.83 W, 29
2026/10/08 02:05:35.357, 7, 120 MHz, 3996 MHz, 184.60 W, 28
2026/10/08 02:05:35.457, 0, 2032 MHz, 3996 MHz, 359.69 W, 36
2026/10/08 02:05:35.457, 1, 120 MHz, 3996 MHz, 187.59 W, 35
2026/10/08 02:05:35.457, 2, 120 MHz, 3996 MHz, 182.68 W, 29
2026/10/08 02:05:35.457, 3, 120 MHz, 3996 MHz, 182.17 W, 30
2026/10/08 02:05:35.457, 4, 120 MHz, 3996 MHz, 184.59 W, 37
2026/10/08 02:05:35.457, 5, 120 MHz, 3996 MHz, 184.37 W, 36
2026/10/08 02:05:35.457, 6, 120 MHz, 3996 MHz, 184.83 W, 29
2026/10/08 02:05:35.457, 7, 120 MHz, 3996 MHz, 184.60 W, 28
2026/10/08 02:05:35.557, 0, 2032 MHz, 3996 MHz, 311.19 W, 36
2026/10/08 02:05:35.557, 1, 120 MHz, 3996 MHz, 187.58 W, 35
2026/10/08 02:05:35.557, 2, 120 MHz, 3996 MHz, 182.59 W, 29
2026/10/08 02:05:35.557, 3, 120 MHz, 3996 MHz, 182.17 W, 30
2026/10/08 02:05:35.557, 4, 120 MHz, 3996 MHz, 184.59 W, 37
2026/10/08 02:05:35.557, 5, 120 MHz, 3996 MHz, 184.29 W, 36
2026/10/08 02:05:35.557, 6, 120 MHz, 3996 MHz, 184.83 W, 29
2026/10/08 02:05:35.557, 7, 120 MHz, 3996 MHz, 184.60 W, 28
2026/10/08 02:05:35.658, 0, 2032 MHz, 3996 MHz, 309.36 W, 36
2026/10/08 02:05:35.658, 1, 120 MHz, 3996 MHz, 187.74 W, 35
2026/10/08 02:05:35.658, 2, 120 MHz, 3996 MHz, 182.67 W, 29
2026/10/08 02:05:35.658, 3, 120 MHz, 3996 MHz, 182.18 W, 30
2026/10/08 02:05:35.658, 4, 120 MHz, 3996 MHz, 184.59 W, 37
2026/10/08 02:05:35.658, 5, 120 MHz, 3996 MHz, 184.25 W, 36
2026/10/08 02:05:35.658, 6, 120 MHz, 3996 MHz, 184.83 W, 29
2026/10/08 02:05:35.658, 7, 120 MHz, 3996 MHz, 184.60 W, 28
2026/10/08 02:05:35.758, 0, 2032 MHz, 3996 MHz, 304.87 W, 36
2026/10/08 02:05:35.758, 1, 120 MHz, 3996 MHz, 187.76 W, 35
2026/10/08 02:05:35.758, 2, 120 MHz, 3996 MHz, 182.71 W, 29
2026/10/08 02:05:35.758, 3, 120 MHz, 3996 MHz, 182.18 W, 30
2026/10/08 02:05:35.758, 4, 120 MHz, 3996 MHz, 184.59 W, 37
2026/10/08 02:05:35.758, 5, 120 MHz, 3996 MHz, 184.24 W, 36
2026/10/08 02:05:35.758, 6, 120 MHz, 3996 MHz, 184.83 W, 29
2026/10/08 02:05:35.758, 7, 120 MHz, 3996 MHz, 184.60 W, 28
2026/10/08 02:05:35.858, 0, 2032 MHz, 3996 MHz, 301.05 W, 35
2026/10/08 02:05:35.858, 1, 120 MHz, 3996 MHz, 187.76 W, 35
2026/10/08 02:05:35.858, 2, 120 MHz, 3996 MHz, 182.84 W, 29
2026/10/08 02:05:35.858, 3, 120 MHz, 3996 MHz, 182.18 W, 30
2026/10/08 02:05:35.858, 4, 120 MHz, 3996 MHz, 184.59 W, 37
2026/10/08 02:05:35.858, 5, 120 MHz, 3996 MHz, 184.21 W, 36
2026/10/08 02:05:35.858, 6, 120 MHz, 3996 MHz, 184.83 W, 29
2026/10/08 02:05:35.858, 7, 120 MHz, 3996 MHz, 184.60 W, 28
2026/10/08 02:05:35.958, 0, 2032 MHz, 3996 MHz, 297.74 W, 35
2026/10/08 02:05:35.958, 1, 120 MHz, 3996 MHz, 187.81 W, 35
2026/10/08 02:05:35.958, 2, 120 MHz, 3996 MHz, 182.82 W, 29
2026/10/08 02:05:35.958, 3, 120 MHz, 3996 MHz, 182.18 W, 30
2026/10/08 02:05:35.958, 4, 120 MHz, 3996 MHz, 184.59 W, 37
2026/10/08 02:05:35.958, 5, 120 MHz, 3996 MHz, 184.24 W, 36
2026/10/08 02:05:35.958, 6, 120 MHz, 3996 MHz, 184.83 W, 29
2026/10/08 02:05:35.958, 7, 120 MHz, 3996 MHz, 184.60 W, 28
2026/10/08 02:05:36.059, 0, 2032 MHz, 3996 MHz, 294.08 W, 35
2026/10/08 02:05:36.059, 1, 120 MHz, 3996 MHz, 187.79 W, 35
2026/10/08 02:05:36.059, 2, 120 MHz, 3996 MHz, 182.82 W, 29
2026/10/08 02:05:36.059, 3, 120 MHz, 3996 MHz, 182.19 W, 30
2026/10/08 02:05:36.059, 4, 120 MHz, 3996 MHz, 184.59 W, 37
2026/10/08 02:05:36.059, 5, 120 MHz, 3996 MHz, 184.25 W, 35
2026/10/08 02:05:36.059, 6, 120 MHz, 3996 MHz, 184.87 W, 29
2026/10/08 02:05:36.059, 7, 120 MHz, 3996 MHz, 184.59 W, 28
2026/10/08 02:05:36.159, 0, 2032 MHz, 3996 MHz, 293.79 W, 35
2026/10/08 02:05:36.159, 1, 120 MHz, 3996 MHz, 187.83 W, 35
2026/10/08 02:05:36.159, 2, 120 MHz, 3996 MHz, 182.78 W, 29
2026/10/08 02:05:36.159, 3, 120 MHz, 3996 MHz, 182.19 W, 30
2026/10/08 02:05:36.159, 4, 120 MHz, 3996 MHz, 184.59 W, 37
2026/10/08 02:05:36.159, 5, 120 MHz, 3996 MHz, 184.28 W, 35
2026/10/08 02:05:36.159, 6, 120 MHz, 3996 MHz, 184.87 W, 29
2026/10/08 02:05:36.159, 7, 120 MHz, 3996 MHz, 184.59 W, 28
2026/10/08 02:05:36.259, 0, 2032 MHz, 3996 MHz, 289.84 W, 35
2026/10/08 02:05:36.259, 1, 120 MHz, 3996 MHz, 187.93 W, 35
2026/10/08 02:05:36.259, 2, 120 MHz, 3996 MHz, 182.80 W, 29
2026/10/08 02:05:36.259, 3, 120 MHz, 3996 MHz, 182.19 W, 30
2026/10/08 02:05:36.259, 4, 120 MHz, 3996 MHz, 184.59 W, 37
2026/10/08 02:05:36.259, 5, 120 MHz, 3996 MHz, 184.32 W, 35
2026/10/08 02:05:36.259, 6, 120 MHz, 3996 MHz, 184.87 W, 29
2026/10/08 02:05:36.259, 7, 120 MHz, 3996 MHz, 184.59 W, 28
2026/10/08 02:05:36.359, 0, 2032 MHz, 3996 MHz, 274.02 W, 35
2026/10/08 02:05:36.360, 1, 120 MHz, 3996 MHz, 187.95 W, 35
2026/10/08 02:05:36.360, 2, 120 MHz, 3996 MHz, 182.80 W, 29
2026/10/08 02:05:36.360, 3, 120 MHz, 3996 MHz, 182.18 W, 30
2026/10/08 02:05:36.360, 4, 120 MHz, 3996 MHz, 184.59 W, 37
2026/10/08 02:05:36.360, 5, 120 MHz, 3996 MHz, 184.32 W, 35
2026/10/08 02:05:36.360, 6, 120 MHz, 3996 MHz, 184.87 W, 29
2026/10/08 02:05:36.360, 7, 120 MHz, 3996 MHz, 184.59 W, 28
2026/10/08 02:05:36.460, 0, 2032 MHz, 3996 MHz, 267.83 W, 34
2026/10/08 02:05:36.460, 1, 120 MHz, 3996 MHz, 187.91 W, 35
2026/10/08 02:05:36.460, 2, 120 MHz, 3996 MHz, 182.82 W, 29
2026/10/08 02:05:36.460, 3, 120 MHz, 3996 MHz, 182.18 W, 30
2026/10/08 02:05:36.460, 4, 120 MHz, 3996 MHz, 184.59 W, 37
2026/10/08 02:05:36.460, 5, 120 MHz, 3996 MHz, 184.32 W, 35
2026/10/08 02:05:36.460, 6, 120 MHz, 3996 MHz, 184.87 W, 29
2026/10/08 02:05:36.460, 7, 120 MHz, 3996 MHz, 184.59 W, 28
2026/10/08 02:05:36.560, 0, 2032 MHz, 3996 MHz, 243.94 W, 34
2026/10/08 02:05:36.560, 1, 120 MHz, 3996 MHz, 187.87 W, 35
2026/10/08 02:05:36.560, 2, 120 MHz, 3996 MHz, 182.98 W, 30
2026/10/08 02:05:36.560, 3, 120 MHz, 3996 MHz, 182.18 W, 30
2026/10/08 02:05:36.560, 4, 120 MHz, 3996 MHz, 184.59 W, 37
2026/10/08 02:05:36.560, 5, 120 MHz, 3996 MHz, 184.43 W, 35
2026/10/08 02:05:36.560, 6, 120 MHz, 3996 MHz, 184.87 W, 29
2026/10/08 02:05:36.560, 7, 120 MHz, 3996 MHz, 184.59 W, 28
2026/10/08 02:05:36.660, 0, 2032 MHz, 3996 MHz, 242.56 W, 34
2026/10/08 02:05:36.660, 1, 120 MHz, 3996 MHz, 187.80 W, 35
2026/10/08 02:05:36.660, 2, 120 MHz, 3996 MHz, 183.07 W, 30
2026/10/08 02:05:36.660, 3, 120 MHz, 3996 MHz, 182.17 W, 30
2026/10/08 02:05:36.660, 4, 120 MHz, 3996 MHz, 184.59 W, 37
2026/10/08 02:05:36.660, 5, 120 MHz, 3996 MHz, 184.48 W, 35
2026/10/08 02:05:36.660, 6, 120 MHz, 3996 MHz, 184.87 W, 29
2026/10/08 02:05:36.660, 7, 120 MHz, 3996 MHz, 184.59 W, 28
2026/10/08 02:05:36.761, 0, 2032 MHz, 3996 MHz, 242.56 W, 34
2026/10/08 02:05:36.761, 1, 120 MHz, 3996 MHz, 187.71 W, 35
2026/10/08 02:05:36.761, 2, 120 MHz, 3996 MHz, 183.19 W, 30
2026/10/08 02:05:36.761, 3, 120 MHz, 3996 MHz, 182.17 W, 30
2026/10/08 02:05:36.761, 4, 120 MHz, 3996 MHz, 184.59 W, 37
2026/10/08 02:05:36.761, 5, 120 MHz, 3996 MHz, 184.48 W, 35
2026/10/08 02:05:36.761, 6, 120 MHz, 3996 MHz, 184.87 W, 29
2026/10/08 02:05:36.761, 7, 120 MHz, 3996 MHz, 184.59 W, 28
2026/10/08 02:05:36.861, 0, 2032 MHz, 3996 MHz, 242.56 W, 34
2026/10/08 02:05:36.861, 1, 120 MHz, 3996 MHz, 187.67 W, 35
2026/10/08 02:05:36.861, 2, 120 MHz, 3996 MHz, 183.05 W, 30
2026/10/08 02:05:36.861, 3, 120 MHz, 3996 MHz, 182.17 W, 30
2026/10/08 02:05:36.861, 4, 120 MHz, 3996 MHz, 184.59 W, 37
2026/10/08 02:05:36.861, 5, 120 MHz, 3996 MHz, 184.51 W, 35
2026/10/08 02:05:36.861, 6, 120 MHz, 3996 MHz, 184.87 W, 29
2026/10/08 02:05:36.861, 7, 120 MHz, 3996 MHz, 184.59 W, 28
2026/10/08 02:05:36.961, 0, 2032 MHz, 3996 MHz, 242.56 W, 34
2026/10/08 02:05:36.961, 1, 120 MHz, 3996 MHz, 187.61 W, 35
2026/10/08 02:05:36.961, 2, 120 MHz, 3996 MHz, 183.02 W, 30
2026/10/08 02:05:36.961, 3, 120 MHz, 3996 MHz, 182.17 W, 30
2026/10/08 02:05:36.961, 4, 120 MHz, 3996 MHz, 184.59 W, 37
2026/10/08 02:05:36.961, 5, 120 MHz, 3996 MHz, 184.51 W, 35
2026/10/08 02:05:36.961, 6, 120 MHz, 3996 MHz, 184.87 W, 29
2026/10/08 02:05:36.961, 7, 120 MHz, 3996 MHz, 184.59 W, 28
2026/10/08 02:05:37.061, 0, 2032 MHz, 3996 MHz, 242.63 W, 34
2026/10/08 02:05:37.061, 1, 120 MHz, 3996 MHz, 187.64 W, 35
2026/10/08 02:05:37.061, 2, 120 MHz, 3996 MHz, 183.02 W, 30
2026/10/08 02:05:37.061, 3, 120 MHz, 3996 MHz, 182.17 W, 30
2026/10/08 02:05:37.061, 4, 120 MHz, 3996 MHz, 184.59 W, 37
2026/10/08 02:05:37.061, 5, 120 MHz, 3996 MHz, 184.51 W, 35
2026/10/08 02:05:37.061, 6, 120 MHz, 3996 MHz, 184.83 W, 29
2026/10/08 02:05:37.062, 7, 120 MHz, 3996 MHz, 184.59 W, 28
2026/10/08 02:05:37.162, 0, 2032 MHz, 3996 MHz, 242.63 W, 34
2026/10/08 02:05:37.162, 1, 120 MHz, 3996 MHz, 187.63 W, 35
2026/10/08 02:05:37.162, 2, 120 MHz, 3996 MHz, 183.11 W, 30
2026/10/08 02:05:37.162, 3, 120 MHz, 3996 MHz, 182.17 W, 30
2026/10/08 02:05:37.162, 4, 120 MHz, 3996 MHz, 184.59 W, 37
2026/10/08 02:05:37.162, 5, 120 MHz, 3996 MHz, 184.55 W, 35
2026/10/08 02:05:37.162, 6, 120 MHz, 3996 MHz, 184.83 W, 29
2026/10/08 02:05:37.162, 7, 120 MHz, 3996 MHz, 184.59 W, 28
2026/10/08 02:05:37.262, 0, 2032 MHz, 3996 MHz, 242.63 W, 34
2026/10/08 02:05:37.262, 1, 120 MHz, 3996 MHz, 187.60 W, 35
2026/10/08 02:05:37.262, 2, 120 MHz, 3996 MHz, 183.15 W, 30
2026/10/08 02:05:37.262, 3, 120 MHz, 3996 MHz, 182.17 W, 30
2026/10/08 02:05:37.262, 4, 120 MHz, 3996 MHz, 184.59 W, 37
2026/10/08 02:05:37.262, 5, 120 MHz, 3996 MHz, 184.55 W, 35
2026/10/08 02:05:37.262, 6, 120 MHz, 3996 MHz, 184.83 W, 29
2026/10/08 02:05:37.262, 7, 120 MHz, 3996 MHz, 184.59 W, 28
2026/10/08 02:05:37.362, 0, 2032 MHz, 3996 MHz, 242.63 W, 34
2026/10/08 02:05:37.362, 1, 120 MHz, 3996 MHz, 187.48 W, 35
2026/10/08 02:05:37.362, 2, 120 MHz, 3996 MHz, 183.17 W, 30
2026/10/08 02:05:37.362, 3, 120 MHz, 3996 MHz, 182.18 W, 30
2026/10/08 02:05:37.362, 4, 120 MHz, 3996 MHz, 184.59 W, 37
2026/10/08 02:05:37.362, 5, 120 MHz, 3996 MHz, 184.55 W, 35
2026/10/08 02:05:37.362, 6, 120 MHz, 3996 MHz, 184.83 W, 29
2026/10/08 02:05:37.362, 7, 120 MHz, 3996 MHz, 184.59 W, 28
2026/10/08 02:05:37.462, 0, 2032 MHz, 3996 MHz, 242.63 W, 34
2026/10/08 02:05:37.462, 1, 120 MHz, 3996 MHz, 187.49 W, 35
2026/10/08 02:05:37.462, 2, 120 MHz, 3996 MHz, 183.17 W, 30
2026/10/08 02:05:37.463, 3, 120 MHz, 3996 MHz, 182.18 W, 30
2026/10/08 02:05:37.463, 4, 120 MHz, 3996 MHz, 184.59 W, 37
2026/10/08 02:05:37.463, 5, 120 MHz, 3996 MHz, 184.55 W, 35
2026/10/08 02:05:37.463, 6, 120 MHz, 3996 MHz, 184.83 W, 29
2026/10/08 02:05:37.463, 7, 120 MHz, 3996 MHz, 184.59 W, 28
2026/10/08 02:05:37.563, 0, 2032 MHz, 3996 MHz, 242.59 W, 34
2026/10/08 02:05:37.563, 1, 120 MHz, 3996 MHz, 187.52 W, 35
2026/10/08 02:05:37.563, 2, 120 MHz, 3996 MHz, 183.19 W, 30
2026/10/08 02:05:37.563, 3, 120 MHz, 3996 MHz, 182.18 W, 30
2026/10/08 02:05:37.563, 4, 120 MHz, 3996 MHz, 184.59 W, 37
2026/10/08 02:05:37.563, 5, 120 MHz, 3996 MHz, 184.55 W, 35
2026/10/08 02:05:37.563, 6, 120 MHz, 3996 MHz, 184.83 W, 29
2026/10/08 02:05:37.563, 7, 120 MHz, 3996 MHz, 184.59 W, 28
2026/10/08 02:05:37.663, 0, 2032 MHz, 3996 MHz, 242.56 W, 34
2026/10/08 02:05:37.663, 1, 120 MHz, 3996 MHz, 187.57 W, 35
2026/10/08 02:05:37.663, 2, 120 MHz, 3996 MHz, 183.21 W, 30
2026/10/08 02:05:37.663, 3, 120 MHz, 3996 MHz, 182.18 W, 30
2026/10/08 02:05:37.663, 4, 120 MHz, 3996 MHz, 184.59 W, 37
2026/10/08 02:05:37.663, 5, 120 MHz, 3996 MHz, 184.55 W, 35
2026/10/08 02:05:37.663, 6, 120 MHz, 3996 MHz, 184.83 W, 29
2026/10/08 02:05:37.663, 7, 120 MHz, 3996 MHz, 184.59 W, 28
2026/10/08 02:05:37.763, 0, 2032 MHz, 3996 MHz, 242.56 W, 34
2026/10/08 02:05:37.763, 1, 120 MHz, 3996 MHz, 187.57 W, 35
2026/10/08 02:05:37.763, 2, 120 MHz, 3996 MHz, 183.05 W, 30
2026/10/08 02:05:37.763, 3, 120 MHz, 3996 MHz, 182.18 W, 30
2026/10/08 02:05:37.763, 4, 120 MHz, 3996 MHz, 184.59 W, 37
2026/10/08 02:05:37.763, 5, 120 MHz, 3996 MHz, 184.55 W, 35
2026/10/08 02:05:37.763, 6, 120 MHz, 3996 MHz, 184.83 W, 29
2026/10/08 02:05:37.763, 7, 120 MHz, 3996 MHz, 184.59 W, 28
2026/10/08 02:05:37.863, 0, 2032 MHz, 3996 MHz, 242.67 W, 34
2026/10/08 02:05:37.863, 1, 120 MHz, 3996 MHz, 187.67 W, 35
2026/10/08 02:05:37.863, 2, 120 MHz, 3996 MHz, 183.06 W, 30
2026/10/08 02:05:37.864, 3, 120 MHz, 3996 MHz, 182.19 W, 30
2026/10/08 02:05:37.864, 4, 120 MHz, 3996 MHz, 184.59 W, 37
2026/10/08 02:05:37.864, 5, 120 MHz, 3996 MHz, 184.55 W, 35
2026/10/08 02:05:37.864, 6, 120 MHz, 3996 MHz, 184.83 W, 29
2026/10/08 02:05:37.864, 7, 120 MHz, 3996 MHz, 184.59 W, 28
2026/10/08 02:05:37.964, 0, 2032 MHz, 3996 MHz, 242.59 W, 34
2026/10/08 02:05:37.964, 1, 120 MHz, 3996 MHz, 187.71 W, 35
2026/10/08 02:05:37.964, 2, 120 MHz, 3996 MHz, 183.09 W, 30
2026/10/08 02:05:37.964, 3, 120 MHz, 3996 MHz, 182.20 W, 30
2026/10/08 02:05:37.964, 4, 120 MHz, 3996 MHz, 184.59 W, 37
2026/10/08 02:05:37.964, 5, 120 MHz, 3996 MHz, 184.55 W, 35
2026/10/08 02:05:37.964, 6, 120 MHz, 3996 MHz, 184.83 W, 29
2026/10/08 02:05:37.964, 7, 120 MHz, 3996 MHz, 184.60 W, 28
2026/10/08 02:05:38.064, 0, 2032 MHz, 3996 MHz, 242.32 W, 34
2026/10/08 02:05:38.064, 1, 120 MHz, 3996 MHz, 187.64 W, 35
2026/10/08 02:05:38.064, 2, 120 MHz, 3996 MHz, 183.21 W, 30
2026/10/08 02:05:38.064, 3, 120 MHz, 3996 MHz, 182.20 W, 30
2026/10/08 02:05:38.064, 4, 120 MHz, 3996 MHz, 184.59 W, 37
2026/10/08 02:05:38.064, 5, 120 MHz, 3996 MHz, 184.59 W, 35
2026/10/08 02:05:38.064, 6, 120 MHz, 3996 MHz, 184.83 W, 29
2026/10/08 02:05:38.064, 7, 120 MHz, 3996 MHz, 184.59 W, 28
2026/10/08 02:05:38.164, 0, 2032 MHz, 3996 MHz, 242.14 W, 34
2026/10/08 02:05:38.164, 1, 120 MHz, 3996 MHz, 187.60 W, 35
2026/10/08 02:05:38.164, 2, 120 MHz, 3996 MHz, 183.25 W, 30
2026/10/08 02:05:38.164, 3, 120 MHz, 3996 MHz, 182.20 W, 30
2026/10/08 02:05:38.164, 4, 120 MHz, 3996 MHz, 184.59 W, 37
2026/10/08 02:05:38.164, 5, 120 MHz, 3996 MHz, 184.59 W, 35
2026/10/08 02:05:38.164, 6, 120 MHz, 3996 MHz, 184.83 W, 29
2026/10/08 02:05:38.164, 7, 120 MHz, 3996 MHz, 184.59 W, 28
2026/10/08 02:05:38.264, 0, 2032 MHz, 3996 MHz, 241.95 W, 34
2026/10/08 02:05:38.265, 1, 120 MHz, 3996 MHz, 187.57 W, 35
2026/10/08 02:05:38.265, 2, 120 MHz, 3996 MHz, 183.25 W, 30
2026/10/08 02:05:38.265, 3, 120 MHz, 3996 MHz, 182.21 W, 30
2026/10/08 02:05:38.265, 4, 120 MHz, 3996 MHz, 184.59 W, 37
2026/10/08 02:05:38.265, 5, 120 MHz, 3996 MHz, 184.59 W, 35
2026/10/08 02:05:38.265, 6, 120 MHz, 3996 MHz, 184.83 W, 29
2026/10/08 02:05:38.265, 7, 120 MHz, 3996 MHz, 184.59 W, 28
2026/10/08 02:05:38.365, 0, 2032 MHz, 3996 MHz, 241.74 W, 34
2026/10/08 02:05:38.365, 1, 120 MHz, 3996 MHz, 187.64 W, 35
2026/10/08 02:05:38.365, 2, 120 MHz, 3996 MHz, 183.25 W, 30
2026/10/08 02:05:38.365, 3, 120 MHz, 3996 MHz, 182.21 W, 30
2026/10/08 02:05:38.365, 4, 120 MHz, 3996 MHz, 184.59 W, 37
2026/10/08 02:05:38.365, 5, 120 MHz, 3996 MHz, 184.59 W, 35
2026/10/08 02:05:38.365, 6, 120 MHz, 3996 MHz, 184.83 W, 29
2026/10/08 02:05:38.365, 7, 120 MHz, 3996 MHz, 184.59 W, 28
2026/10/08 02:05:38.465, 0, 2032 MHz, 3996 MHz, 241.74 W, 34
2026/10/08 02:05:38.465, 1, 120 MHz, 3996 MHz, 187.64 W, 35
2026/10/08 02:05:38.465, 2, 120 MHz, 3996 MHz, 183.32 W, 30
2026/10/08 02:05:38.465, 3, 120 MHz, 3996 MHz, 182.21 W, 30
2026/10/08 02:05:38.465, 4, 120 MHz, 3996 MHz, 184.59 W, 37
2026/10/08 02:05:38.465, 5, 120 MHz, 3996 MHz, 184.59 W, 35
2026/10/08 02:05:38.465, 6, 120 MHz, 3996 MHz, 184.83 W, 29
2026/10/08 02:05:38.465, 7, 120 MHz, 3996 MHz, 184.59 W, 28
2026/10/08 02:05:38.565, 0, 2032 MHz, 3996 MHz, 241.71 W, 34
2026/10/08 02:05:38.565, 1, 120 MHz, 3996 MHz, 187.68 W, 35
2026/10/08 02:05:38.565, 2, 120 MHz, 3996 MHz, 183.23 W, 30
2026/10/08 02:05:38.565, 3, 120 MHz, 3996 MHz, 182.22 W, 30
2026/10/08 02:05:38.565, 4, 120 MHz, 3996 MHz, 184.59 W, 37
2026/10/08 02:05:38.565, 5, 120 MHz, 3996 MHz, 184.59 W, 35
2026/10/08 02:05:38.565, 6, 120 MHz, 3996 MHz, 184.83 W, 29
2026/10/08 02:05:38.565, 7, 120 MHz, 3996 MHz, 184.59 W, 28
2026/10/08 02:05:38.666, 0, 2032 MHz, 3996 MHz, 241.57 W, 34
2026/10/08 02:05:38.666, 1, 120 MHz, 3996 MHz, 187.67 W, 35
2026/10/08 02:05:38.666, 2, 120 MHz, 3996 MHz, 183.13 W, 30
2026/10/08 02:05:38.666, 3, 120 MHz, 3996 MHz, 182.22 W, 30
2026/10/08 02:05:38.666, 4, 120 MHz, 3996 MHz, 184.59 W, 37
2026/10/08 02:05:38.666, 5, 120 MHz, 3996 MHz, 184.59 W, 35
2026/10/08 02:05:38.666, 6, 120 MHz, 3996 MHz, 184.83 W, 29
2026/10/08 02:05:38.666, 7, 120 MHz, 3996 MHz, 184.59 W, 28
2026/10/08 02:05:38.766, 0, 2032 MHz, 3996 MHz, 241.38 W, 34
2026/10/08 02:05:38.766, 1, 120 MHz, 3996 MHz, 187.75 W, 35
2026/10/08 02:05:38.766, 2, 120 MHz, 3996 MHz, 183.21 W, 30
2026/10/08 02:05:38.766, 3, 120 MHz, 3996 MHz, 182.22 W, 30
2026/10/08 02:05:38.766, 4, 120 MHz, 3996 MHz, 184.59 W, 37
2026/10/08 02:05:38.766, 5, 120 MHz, 3996 MHz, 184.59 W, 35
2026/10/08 02:05:38.766, 6, 120 MHz, 3996 MHz, 184.83 W, 29
2026/10/08 02:05:38.766, 7, 120 MHz, 3996 MHz, 184.59 W, 28
2026/10/08 02:05:38.866, 0, 2032 MHz, 3996 MHz, 241.08 W, 34
2026/10/08 02:05:38.866, 1, 120 MHz, 3996 MHz, 187.68 W, 35
2026/10/08 02:05:38.866, 2, 120 MHz, 3996 MHz, 183.31 W, 30
2026/10/08 02:05:38.866, 3, 120 MHz, 3996 MHz, 182.22 W, 30
2026/10/08 02:05:38.866, 4, 120 MHz, 3996 MHz, 184.59 W, 37
2026/10/08 02:05:38.866, 5, 120 MHz, 3996 MHz, 184.59 W, 35
2026/10/08 02:05:38.866, 6, 120 MHz, 3996 MHz, 184.83 W, 29
2026/10/08 02:05:38.866, 7, 120 MHz, 3996 MHz, 184.60 W, 28
2026/10/08 02:05:38.966, 0, 2032 MHz, 3996 MHz, 240.92 W, 34
2026/10/08 02:05:38.967, 1, 120 MHz, 3996 MHz, 187.68 W, 35
2026/10/08 02:05:38.967, 2, 120 MHz, 3996 MHz, 183.35 W, 30
2026/10/08 02:05:38.967, 3, 120 MHz, 3996 MHz, 182.22 W, 30
2026/10/08 02:05:38.967, 4, 120 MHz, 3996 MHz, 184.59 W, 37
2026/10/08 02:05:38.967, 5, 120 MHz, 3996 MHz, 184.59 W, 35
2026/10/08 02:05:38.967, 6, 120 MHz, 3996 MHz, 184.83 W, 29
2026/10/08 02:05:38.967, 7, 120 MHz, 3996 MHz, 184.60 W, 28
2026/10/08 02:05:39.067, 0, 2032 MHz, 3996 MHz, 240.92 W, 34
2026/10/08 02:05:39.067, 1, 120 MHz, 3996 MHz, 187.72 W, 35
2026/10/08 02:05:39.067, 2, 120 MHz, 3996 MHz, 183.35 W, 30
2026/10/08 02:05:39.067, 3, 120 MHz, 3996 MHz, 182.22 W, 30
2026/10/08 02:05:39.067, 4, 120 MHz, 3996 MHz, 184.59 W, 37
2026/10/08 02:05:39.067, 5, 120 MHz, 3996 MHz, 184.55 W, 35
2026/10/08 02:05:39.067, 6, 120 MHz, 3996 MHz, 184.83 W, 29
2026/10/08 02:05:39.067, 7, 120 MHz, 3996 MHz, 184.60 W, 28
2026/10/08 02:05:39.167, 0, 2032 MHz, 3996 MHz, 240.93 W, 34
2026/10/08 02:05:39.167, 1, 120 MHz, 3996 MHz, 187.72 W, 35
2026/10/08 02:05:39.167, 2, 120 MHz, 3996 MHz, 183.32 W, 30
2026/10/08 02:05:39.167, 3, 120 MHz, 3996 MHz, 182.22 W, 30
2026/10/08 02:05:39.167, 4, 120 MHz, 3996 MHz, 184.59 W, 37
2026/10/08 02:05:39.167, 5, 120 MHz, 3996 MHz, 184.55 W, 35
2026/10/08 02:05:39.167, 6, 120 MHz, 3996 MHz, 184.83 W, 29
2026/10/08 02:05:39.167, 7, 120 MHz, 3996 MHz, 184.60 W, 28
2026/10/08 02:05:39.267, 0, 2032 MHz, 3996 MHz, 240.93 W, 34
2026/10/08 02:05:39.267, 1, 120 MHz, 3996 MHz, 187.79 W, 35
2026/10/08 02:05:39.267, 2, 120 MHz, 3996 MHz, 183.38 W, 30
2026/10/08 02:05:39.267, 3, 120 MHz, 3996 MHz, 182.21 W, 30
2026/10/08 02:05:39.267, 4, 120 MHz, 3996 MHz, 184.59 W, 37
2026/10/08 02:05:39.267, 5, 120 MHz, 3996 MHz, 184.55 W, 35
2026/10/08 02:05:39.267, 6, 120 MHz, 3996 MHz, 184.83 W, 29
2026/10/08 02:05:39.267, 7, 120 MHz, 3996 MHz, 184.61 W, 28
2026/10/08 02:05:39.368, 0, 2025 MHz, 3996 MHz, 240.93 W, 34
2026/10/08 02:05:39.368, 1, 120 MHz, 3996 MHz, 187.83 W, 35
2026/10/08 02:05:39.368, 2, 120 MHz, 3996 MHz, 183.48 W, 30
2026/10/08 02:05:39.368, 3, 120 MHz, 3996 MHz, 182.21 W, 30
2026/10/08 02:05:39.368, 4, 120 MHz, 3996 MHz, 184.59 W, 37
2026/10/08 02:05:39.368, 5, 120 MHz, 3996 MHz, 184.55 W, 35
2026/10/08 02:05:39.368, 6, 120 MHz, 3996 MHz, 184.83 W, 29
2026/10/08 02:05:39.368, 7, 120 MHz, 3996 MHz, 184.61 W, 28
2026/10/08 02:05:39.468, 0, 2025 MHz, 3996 MHz, 240.77 W, 34
2026/10/08 02:05:39.468, 1, 120 MHz, 3996 MHz, 187.83 W, 35
2026/10/08 02:05:39.468, 2, 120 MHz, 3996 MHz, 183.54 W, 30
2026/10/08 02:05:39.468, 3, 120 MHz, 3996 MHz, 182.22 W, 30
2026/10/08 02:05:39.468, 4, 120 MHz, 3996 MHz, 184.59 W, 37
2026/10/08 02:05:39.468, 5, 120 MHz, 3996 MHz, 184.55 W, 35
2026/10/08 02:05:39.468, 6, 120 MHz, 3996 MHz, 184.83 W, 29
2026/10/08 02:05:39.468, 7, 120 MHz, 3996 MHz, 184.61 W, 28
2026/10/08 02:05:39.568, 0, 2025 MHz, 3996 MHz, 240.62 W, 34
2026/10/08 02:05:39.568, 1, 120 MHz, 3996 MHz, 187.79 W, 35
2026/10/08 02:05:39.568, 2, 120 MHz, 3996 MHz, 183.59 W, 30
2026/10/08 02:05:39.568, 3, 120 MHz, 3996 MHz, 182.21 W, 30
2026/10/08 02:05:39.568, 4, 120 MHz, 3996 MHz, 184.59 W, 37
2026/10/08 02:05:39.568, 5, 120 MHz, 3996 MHz, 184.55 W, 35
2026/10/08 02:05:39.568, 6, 120 MHz, 3996 MHz, 184.83 W, 29
2026/10/08 02:05:39.568, 7, 120 MHz, 3996 MHz, 184.61 W, 28
2026/10/08 02:05:39.668, 0, 510 MHz, 3996 MHz, 239.26 W, 34
2026/10/08 02:05:39.668, 1, 120 MHz, 3996 MHz, 187.80 W, 35
2026/10/08 02:05:39.668, 2, 120 MHz, 3996 MHz, 183.66 W, 30
2026/10/08 02:05:39.668, 3, 120 MHz, 3996 MHz, 182.21 W, 30
2026/10/08 02:05:39.668, 4, 120 MHz, 3996 MHz, 184.59 W, 37
2026/10/08 02:05:39.668, 5, 120 MHz, 3996 MHz, 184.55 W, 35
2026/10/08 02:05:39.668, 6, 120 MHz, 3996 MHz, 184.83 W, 29
2026/10/08 02:05:39.668, 7, 120 MHz, 3996 MHz, 184.61 W, 28
2026/10/08 02:05:39.769, 0, 510 MHz, 3996 MHz, 234.22 W, 34
2026/10/08 02:05:39.769, 1, 120 MHz, 3996 MHz, 187.74 W, 35
2026/10/08 02:05:39.769, 2, 120 MHz, 3996 MHz, 183.74 W, 30
2026/10/08 02:05:39.769, 3, 120 MHz, 3996 MHz, 182.20 W, 30
2026/10/08 02:05:39.769, 4, 120 MHz, 3996 MHz, 184.59 W, 37
2026/10/08 02:05:39.769, 5, 120 MHz, 3996 MHz, 184.55 W, 35
2026/10/08 02:05:39.769, 6, 120 MHz, 3996 MHz, 184.83 W, 29
2026/10/08 02:05:39.769, 7, 120 MHz, 3996 MHz, 184.61 W, 28
2026/10/08 02:05:39.869, 0, 465 MHz, 3996 MHz, 229.24 W, 34
2026/10/08 02:05:39.869, 1, 120 MHz, 3996 MHz, 187.79 W, 35
2026/10/08 02:05:39.869, 2, 120 MHz, 3996 MHz, 183.78 W, 30
2026/10/08 02:05:39.869, 3, 120 MHz, 3996 MHz, 182.21 W, 30
2026/10/08 02:05:39.869, 4, 120 MHz, 3996 MHz, 184.59 W, 37
2026/10/08 02:05:39.869, 5, 120 MHz, 3996 MHz, 184.55 W, 35
2026/10/08 02:05:39.869, 6, 120 MHz, 3996 MHz, 184.83 W, 29
2026/10/08 02:05:39.869, 7, 120 MHz, 3996 MHz, 184.60 W, 28
2026/10/08 02:05:39.969, 0, 465 MHz, 3996 MHz, 224.09 W, 34
2026/10/08 02:05:39.969, 1, 120 MHz, 3996 MHz, 187.80 W, 35
2026/10/08 02:05:39.969, 2, 120 MHz, 3996 MHz, 183.75 W, 30
2026/10/08 02:05:39.969, 3, 120 MHz, 3996 MHz, 182.20 W, 30
2026/10/08 02:05:39.969, 4, 120 MHz, 3996 MHz, 184.59 W, 37
2026/10/08 02:05:39.969, 5, 120 MHz, 3996 MHz, 184.55 W, 35
2026/10/08 02:05:39.969, 6, 120 MHz, 3996 MHz, 184.83 W, 30
2026/10/08 02:05:39.969, 7, 120 MHz, 3996 MHz, 184.60 W, 28
2026/10/08 02:05:40.069, 0, 427 MHz, 3996 MHz, 218.93 W, 34
2026/10/08 02:05:40.069, 1, 120 MHz, 3996 MHz, 187.85 W, 35
2026/10/08 02:05:40.069, 2, 120 MHz, 3996 MHz, 183.67 W, 30
2026/10/08 02:05:40.069, 3, 120 MHz, 3996 MHz, 182.21 W, 30
2026/10/08 02:05:40.069, 4, 120 MHz, 3996 MHz, 184.59 W, 37
2026/10/08 02:05:40.069, 5, 120 MHz, 3996 MHz, 184.59 W, 35
2026/10/08 02:05:40.069, 6, 120 MHz, 3996 MHz, 184.87 W, 29
2026/10/08 02:05:40.069, 7, 120 MHz, 3996 MHz, 184.60 W, 28
2026/10/08 02:05:40.170, 0, 427 MHz, 3996 MHz, 213.71 W, 33
2026/10/08 02:05:40.170, 1, 120 MHz, 3996 MHz, 187.75 W, 35
2026/10/08 02:05:40.170, 2, 120 MHz, 3996 MHz, 183.67 W, 30
2026/10/08 02:05:40.170, 3, 120 MHz, 3996 MHz, 182.21 W, 30
2026/10/08 02:05:40.170, 4, 120 MHz, 3996 MHz, 184.59 W, 37
2026/10/08 02:05:40.170, 5, 120 MHz, 3996 MHz, 184.59 W, 35
2026/10/08 02:05:40.170, 6, 120 MHz, 3996 MHz, 184.87 W, 30
2026/10/08 02:05:40.170, 7, 120 MHz, 3996 MHz, 184.60 W, 28
2026/10/08 02:05:40.270, 0, 390 MHz, 3996 MHz, 209.12 W, 33
2026/10/08 02:05:40.270, 1, 120 MHz, 3996 MHz, 187.76 W, 35
2026/10/08 02:05:40.270, 2, 120 MHz, 3996 MHz, 183.75 W, 30
2026/10/08 02:05:40.270, 3, 120 MHz, 3996 MHz, 182.21 W, 30
2026/10/08 02:05:40.270, 4, 120 MHz, 3996 MHz, 184.58 W, 37
2026/10/08 02:05:40.270, 5, 120 MHz, 3996 MHz, 184.59 W, 35
2026/10/08 02:05:40.270, 6, 120 MHz, 3996 MHz, 184.87 W, 29
2026/10/08 02:05:40.270, 7, 120 MHz, 3996 MHz, 184.59 W, 28
2026/10/08 02:05:40.370, 0, 390 MHz, 3996 MHz, 203.26 W, 33
2026/10/08 02:05:40.370, 1, 120 MHz, 3996 MHz, 187.74 W, 35
2026/10/08 02:05:40.370, 2, 120 MHz, 3996 MHz, 183.70 W, 30
2026/10/08 02:05:40.370, 3, 120 MHz, 3996 MHz, 182.21 W, 30
2026/10/08 02:05:40.370, 4, 120 MHz, 3996 MHz, 184.58 W, 37
2026/10/08 02:05:40.370, 5, 120 MHz, 3996 MHz, 184.59 W, 35
2026/10/08 02:05:40.370, 6, 120 MHz, 3996 MHz, 184.87 W, 30
2026/10/08 02:05:40.370, 7, 120 MHz, 3996 MHz, 184.59 W, 28
2026/10/08 02:05:40.470, 0, 352 MHz, 3996 MHz, 198.04 W, 33
2026/10/08 02:05:40.470, 1, 120 MHz, 3996 MHz, 187.71 W, 35
2026/10/08 02:05:40.470, 2, 120 MHz, 3996 MHz, 183.71 W, 30
2026/10/08 02:05:40.470, 3, 120 MHz, 3996 MHz, 182.22 W, 30
2026/10/08 02:05:40.470, 4, 120 MHz, 3996 MHz, 184.59 W, 37
2026/10/08 02:05:40.470, 5, 120 MHz, 3996 MHz, 184.59 W, 35
2026/10/08 02:05:40.470, 6, 120 MHz, 3996 MHz, 184.87 W, 30
2026/10/08 02:05:40.470, 7, 120 MHz, 3996 MHz, 184.59 W, 28
2026/10/08 02:05:40.571, 0, 352 MHz, 3996 MHz, 193.74 W, 33
2026/10/08 02:05:40.571, 1, 120 MHz, 3996 MHz, 187.76 W, 35
2026/10/08 02:05:40.571, 2, 120 MHz, 3996 MHz, 183.67 W, 30
2026/10/08 02:05:40.571, 3, 120 MHz, 3996 MHz, 182.22 W, 30
2026/10/08 02:05:40.571, 4, 120 MHz, 3996 MHz, 184.59 W, 37
2026/10/08 02:05:40.571, 5, 120 MHz, 3996 MHz, 184.59 W, 35
2026/10/08 02:05:40.571, 6, 120 MHz, 3996 MHz, 184.87 W, 30
2026/10/08 02:05:40.571, 7, 120 MHz, 3996 MHz, 184.59 W, 28
2026/10/08 02:05:40.671, 0, 322 MHz, 3996 MHz, 188.93 W, 33
2026/10/08 02:05:40.671, 1, 120 MHz, 3996 MHz, 187.68 W, 35
2026/10/08 02:05:40.671, 2, 120 MHz, 3996 MHz, 183.74 W, 30
2026/10/08 02:05:40.671, 3, 120 MHz, 3996 MHz, 182.22 W, 30
2026/10/08 02:05:40.671, 4, 120 MHz, 3996 MHz, 184.59 W, 37
2026/10/08 02:05:40.671, 5, 120 MHz, 3996 MHz, 184.59 W, 35
2026/10/08 02:05:40.671, 6, 120 MHz, 3996 MHz, 184.87 W, 30
2026/10/08 02:05:40.671, 7, 120 MHz, 3996 MHz, 184.60 W, 28
2026/10/08 02:05:40.771, 0, 322 MHz, 3996 MHz, 188.73 W, 33
2026/10/08 02:05:40.771, 1, 120 MHz, 3996 MHz, 187.76 W, 35
2026/10/08 02:05:40.771, 2, 120 MHz, 3996 MHz, 183.71 W, 30
2026/10/08 02:05:40.771, 3, 120 MHz, 3996 MHz, 182.22 W, 30
2026/10/08 02:05:40.771, 4, 120 MHz, 3996 MHz, 184.59 W, 37
2026/10/08 02:05:40.771, 5, 120 MHz, 3996 MHz, 184.59 W, 35
2026/10/08 02:05:40.771, 6, 120 MHz, 3996 MHz, 184.87 W, 30
2026/10/08 02:05:40.771, 7, 120 MHz, 3996 MHz, 184.60 W, 28
2026/10/08 02:05:40.871, 0, 292 MHz, 3996 MHz, 188.50 W, 33
2026/10/08 02:05:40.871, 1, 120 MHz, 3996 MHz, 187.77 W, 35
2026/10/08 02:05:40.871, 2, 120 MHz, 3996 MHz, 183.59 W, 30
2026/10/08 02:05:40.871, 3, 120 MHz, 3996 MHz, 182.22 W, 30
2026/10/08 02:05:40.871, 4, 120 MHz, 3996 MHz, 184.59 W, 37
2026/10/08 02:05:40.871, 5, 120 MHz, 3996 MHz, 184.59 W, 35
2026/10/08 02:05:40.871, 6, 120 MHz, 3996 MHz, 184.87 W, 30
2026/10/08 02:05:40.871, 7, 120 MHz, 3996 MHz, 184.60 W, 28
2026/10/08 02:05:40.972, 0, 292 MHz, 3996 MHz, 188.27 W, 33
2026/10/08 02:05:40.972, 1, 120 MHz, 3996 MHz, 187.77 W, 35
2026/10/08 02:05:40.972, 2, 120 MHz, 3996 MHz, 183.46 W, 30
2026/10/08 02:05:40.972, 3, 120 MHz, 3996 MHz, 182.22 W, 30
2026/10/08 02:05:40.972, 4, 120 MHz, 3996 MHz, 184.59 W, 37
2026/10/08 02:05:40.972, 5, 120 MHz, 3996 MHz, 184.59 W, 35
2026/10/08 02:05:40.972, 6, 120 MHz, 3996 MHz, 184.87 W, 30
2026/10/08 02:05:40.972, 7, 120 MHz, 3996 MHz, 184.60 W, 28
2026/10/08 02:05:41.072, 0, 270 MHz, 3996 MHz, 188.08 W, 33
2026/10/08 02:05:41.072, 1, 120 MHz, 3996 MHz, 187.65 W, 35
2026/10/08 02:05:41.072, 2, 120 MHz, 3996 MHz, 183.44 W, 30
2026/10/08 02:05:41.072, 3, 120 MHz, 3996 MHz, 182.22 W, 30
2026/10/08 02:05:41.072, 4, 120 MHz, 3996 MHz, 184.59 W, 37
2026/10/08 02:05:41.072, 5, 120 MHz, 3996 MHz, 184.59 W, 35
2026/10/08 02:05:41.072, 6, 120 MHz, 3996 MHz, 184.83 W, 30
2026/10/08 02:05:41.072, 7, 120 MHz, 3996 MHz, 184.60 W, 28
2026/10/08 02:05:41.172, 0, 270 MHz, 3996 MHz, 187.90 W, 33
2026/10/08 02:05:41.172, 1, 120 MHz, 3996 MHz, 187.64 W, 35
2026/10/08 02:05:41.172, 2, 120 MHz, 3996 MHz, 183.51 W, 30
2026/10/08 02:05:41.172, 3, 120 MHz, 3996 MHz, 182.22 W, 30
2026/10/08 02:05:41.172, 4, 120 MHz, 3996 MHz, 184.59 W, 37
2026/10/08 02:05:41.172, 5, 120 MHz, 3996 MHz, 184.59 W, 35
2026/10/08 02:05:41.172, 6, 120 MHz, 3996 MHz, 184.83 W, 30
2026/10/08 02:05:41.172, 7, 120 MHz, 3996 MHz, 184.60 W, 28
2026/10/08 02:05:41.272, 0, 247 MHz, 3996 MHz, 187.69 W, 33
2026/10/08 02:05:41.272, 1, 120 MHz, 3996 MHz, 187.65 W, 35
2026/10/08 02:05:41.272, 2, 120 MHz, 3996 MHz, 183.47 W, 30
2026/10/08 02:05:41.272, 3, 120 MHz, 3996 MHz, 182.22 W, 30
2026/10/08 02:05:41.272, 4, 120 MHz, 3996 MHz, 184.59 W, 37
2026/10/08 02:05:41.272, 5, 120 MHz, 3996 MHz, 184.59 W, 35
2026/10/08 02:05:41.273, 6, 120 MHz, 3996 MHz, 184.83 W, 30
2026/10/08 02:05:41.273, 7, 120 MHz, 3996 MHz, 184.60 W, 28
2026/10/08 02:05:41.373, 0, 247 MHz, 3996 MHz, 187.50 W, 33
2026/10/08 02:05:41.373, 1, 120 MHz, 3996 MHz, 187.64 W, 35
2026/10/08 02:05:41.373, 2, 120 MHz, 3996 MHz, 183.44 W, 30
2026/10/08 02:05:41.373, 3, 120 MHz, 3996 MHz, 182.21 W, 30
2026/10/08 02:05:41.373, 4, 120 MHz, 3996 MHz, 184.59 W, 37
2026/10/08 02:05:41.373, 5, 120 MHz, 3996 MHz, 184.59 W, 35
2026/10/08 02:05:41.373, 6, 120 MHz, 3996 MHz, 184.83 W, 30
2026/10/08 02:05:41.373, 7, 120 MHz, 3996 MHz, 184.60 W, 28
2026/10/08 02:05:41.473, 0, 225 MHz, 3996 MHz, 187.30 W, 33
2026/10/08 02:05:41.473, 1, 120 MHz, 3996 MHz, 187.64 W, 35
2026/10/08 02:05:41.473, 2, 120 MHz, 3996 MHz, 183.48 W, 30
2026/10/08 02:05:41.473, 3, 120 MHz, 3996 MHz, 182.21 W, 30
2026/10/08 02:05:41.473, 4, 120 MHz, 3996 MHz, 184.59 W, 37
2026/10/08 02:05:41.473, 5, 120 MHz, 3996 MHz, 184.59 W, 35
2026/10/08 02:05:41.473, 6, 120 MHz, 3996 MHz, 184.83 W, 30
2026/10/08 02:05:41.473, 7, 120 MHz, 3996 MHz, 184.60 W, 28
2026/10/08 02:05:41.573, 0, 225 MHz, 3996 MHz, 187.11 W, 33
2026/10/08 02:05:41.573, 1, 120 MHz, 3996 MHz, 187.57 W, 35
2026/10/08 02:05:41.573, 2, 120 MHz, 3996 MHz, 183.54 W, 30
2026/10/08 02:05:41.573, 3, 120 MHz, 3996 MHz, 182.21 W, 30
2026/10/08 02:05:41.573, 4, 120 MHz, 3996 MHz, 184.59 W, 37
2026/10/08 02:05:41.573, 5, 120 MHz, 3996 MHz, 184.59 W, 35
2026/10/08 02:05:41.573, 6, 120 MHz, 3996 MHz, 184.83 W, 30
2026/10/08 02:05:41.573, 7, 120 MHz, 3996 MHz, 184.60 W, 28
2026/10/08 02:05:41.673, 0, 202 MHz, 3996 MHz, 186.95 W, 33
2026/10/08 02:05:41.674, 1, 120 MHz, 3996 MHz, 187.49 W, 35
2026/10/08 02:05:41.674, 2, 120 MHz, 3996 MHz, 183.55 W, 30
2026/10/08 02:05:41.674, 3, 120 MHz, 3996 MHz, 182.21 W, 30
2026/10/08 02:05:41.674, 4, 120 MHz, 3996 MHz, 184.59 W, 37
2026/10/08 02:05:41.674, 5, 120 MHz, 3996 MHz, 184.59 W, 35
2026/10/08 02:05:41.674, 6, 120 MHz, 3996 MHz, 184.83 W, 30
2026/10/08 02:05:41.674, 7, 120 MHz, 3996 MHz, 184.60 W, 28
2026/10/08 02:05:41.774, 0, 202 MHz, 3996 MHz, 186.72 W, 33
2026/10/08 02:05:41.774, 1, 120 MHz, 3996 MHz, 187.45 W, 35
2026/10/08 02:05:41.774, 2, 120 MHz, 3996 MHz, 183.55 W, 30
2026/10/08 02:05:41.774, 3, 120 MHz, 3996 MHz, 182.22 W, 30
2026/10/08 02:05:41.774, 4, 120 MHz, 3996 MHz, 184.59 W, 37
2026/10/08 02:05:41.774, 5, 120 MHz, 3996 MHz, 184.59 W, 35
2026/10/08 02:05:41.774, 6, 120 MHz, 3996 MHz, 184.83 W, 30
2026/10/08 02:05:41.774, 7, 120 MHz, 3996 MHz, 184.60 W, 28
2026/10/08 02:05:41.874, 0, 187 MHz, 3996 MHz, 186.57 W, 33
2026/10/08 02:05:41.874, 1, 120 MHz, 3996 MHz, 187.37 W, 35
2026/10/08 02:05:41.874, 2, 120 MHz, 3996 MHz, 183.59 W, 30
2026/10/08 02:05:41.874, 3, 120 MHz, 3996 MHz, 182.21 W, 30
2026/10/08 02:05:41.874, 4, 120 MHz, 3996 MHz, 184.59 W, 37
2026/10/08 02:05:41.874, 5, 120 MHz, 3996 MHz, 184.59 W, 35
2026/10/08 02:05:41.874, 6, 120 MHz, 3996 MHz, 184.83 W, 30
2026/10/08 02:05:41.874, 7, 120 MHz, 3996 MHz, 184.60 W, 28
2026/10/08 02:05:41.974, 0, 187 MHz, 3996 MHz, 186.49 W, 33
2026/10/08 02:05:41.974, 1, 120 MHz, 3996 MHz, 187.33 W, 35
2026/10/08 02:05:41.974, 2, 120 MHz, 3996 MHz, 183.63 W, 30
2026/10/08 02:05:41.974, 3, 120 MHz, 3996 MHz, 182.20 W, 30
2026/10/08 02:05:41.974, 4, 120 MHz, 3996 MHz, 184.59 W, 37
2026/10/08 02:05:41.974, 5, 120 MHz, 3996 MHz, 184.55 W, 35
2026/10/08 02:05:41.974, 6, 120 MHz, 3996 MHz, 184.83 W, 30
2026/10/08 02:05:41.975, 7, 120 MHz, 3996 MHz, 184.59 W, 28
2026/10/08 02:05:42.075, 0, 172 MHz, 3996 MHz, 186.41 W, 33
2026/10/08 02:05:42.075, 1, 120 MHz, 3996 MHz, 187.29 W, 35
2026/10/08 02:05:42.075, 2, 120 MHz, 3996 MHz, 183.78 W, 30
2026/10/08 02:05:42.075, 3, 120 MHz, 3996 MHz, 182.20 W, 30
2026/10/08 02:05:42.075, 4, 120 MHz, 3996 MHz, 184.59 W, 37
2026/10/08 02:05:42.075, 5, 120 MHz, 3996 MHz, 184.55 W, 35
2026/10/08 02:05:42.075, 6, 120 MHz, 3996 MHz, 184.83 W, 30
2026/10/08 02:05:42.075, 7, 120 MHz, 3996 MHz, 184.59 W, 28
2026/10/08 02:05:42.175, 0, 172 MHz, 3996 MHz, 186.41 W, 33
2026/10/08 02:05:42.175, 1, 120 MHz, 3996 MHz, 187.31 W, 35
2026/10/08 02:05:42.175, 2, 120 MHz, 3996 MHz, 183.70 W, 30
2026/10/08 02:05:42.175, 3, 120 MHz, 3996 MHz, 182.19 W, 30
2026/10/08 02:05:42.175, 4, 120 MHz, 3996 MHz, 184.59 W, 37
2026/10/08 02:05:42.175, 5, 120 MHz, 3996 MHz, 184.55 W, 35
2026/10/08 02:05:42.175, 6, 120 MHz, 3996 MHz, 184.83 W, 30
2026/10/08 02:05:42.175, 7, 120 MHz, 3996 MHz, 184.59 W, 28
2026/10/08 02:05:42.275, 0, 157 MHz, 3996 MHz, 186.41 W, 33
2026/10/08 02:05:42.275, 1, 120 MHz, 3996 MHz, 187.30 W, 35
2026/10/08 02:05:42.275, 2, 120 MHz, 3996 MHz, 183.67 W, 30
2026/10/08 02:05:42.275, 3, 120 MHz, 3996 MHz, 182.19 W, 30
2026/10/08 02:05:42.275, 4, 120 MHz, 3996 MHz, 184.58 W, 37
2026/10/08 02:05:42.275, 5, 120 MHz, 3996 MHz, 184.55 W, 35
2026/10/08 02:05:42.275, 6, 120 MHz, 3996 MHz, 184.83 W, 30
2026/10/08 02:05:42.275, 7, 120 MHz, 3996 MHz, 184.59 W, 28
2026/10/08 02:05:42.375, 0, 157 MHz, 3996 MHz, 186.41 W, 33
2026/10/08 02:05:42.376, 1, 120 MHz, 3996 MHz, 187.31 W, 35
2026/10/08 02:05:42.376, 2, 120 MHz, 3996 MHz, 183.66 W, 30
2026/10/08 02:05:42.376, 3, 120 MHz, 3996 MHz, 182.19 W, 30
2026/10/08 02:05:42.376, 4, 120 MHz, 3996 MHz, 184.58 W, 37
2026/10/08 02:05:42.376, 5, 120 MHz, 3996 MHz, 184.55 W, 35
2026/10/08 02:05:42.376, 6, 120 MHz, 3996 MHz, 184.83 W, 30
2026/10/08 02:05:42.376, 7, 120 MHz, 3996 MHz, 184.60 W, 28
2026/10/08 02:05:42.476, 0, 142 MHz, 3996 MHz, 186.41 W, 33
2026/10/08 02:05:42.476, 1, 120 MHz, 3996 MHz, 187.32 W, 35
2026/10/08 02:05:42.476, 2, 120 MHz, 3996 MHz, 183.66 W, 30
2026/10/08 02:05:42.476, 3, 120 MHz, 3996 MHz, 182.19 W, 30
2026/10/08 02:05:42.476, 4, 120 MHz, 3996 MHz, 184.58 W, 37
2026/10/08 02:05:42.476, 5, 120 MHz, 3996 MHz, 184.55 W, 35
2026/10/08 02:05:42.476, 6, 120 MHz, 3996 MHz, 184.83 W, 30
2026/10/08 02:05:42.476, 7, 120 MHz, 3996 MHz, 184.60 W, 28
2026/10/08 02:05:42.576, 0, 142 MHz, 3996 MHz, 186.41 W, 33
2026/10/08 02:05:42.576, 1, 120 MHz, 3996 MHz, 187.31 W, 35
2026/10/08 02:05:42.576, 2, 120 MHz, 3996 MHz, 183.66 W, 30
2026/10/08 02:05:42.576, 3, 120 MHz, 3996 MHz, 182.19 W, 30
2026/10/08 02:05:42.576, 4, 120 MHz, 3996 MHz, 184.58 W, 37
2026/10/08 02:05:42.576, 5, 120 MHz, 3996 MHz, 184.55 W, 35
2026/10/08 02:05:42.576, 6, 120 MHz, 3996 MHz, 184.83 W, 30
2026/10/08 02:05:42.576, 7, 120 MHz, 3996 MHz, 184.59 W, 28
2026/10/08 02:05:42.676, 0, 135 MHz, 3996 MHz, 186.41 W, 33
2026/10/08 02:05:42.676, 1, 120 MHz, 3996 MHz, 187.41 W, 35
2026/10/08 02:05:42.676, 2, 120 MHz, 3996 MHz, 183.62 W, 30
2026/10/08 02:05:42.676, 3, 120 MHz, 3996 MHz, 182.19 W, 30
2026/10/08 02:05:42.676, 4, 120 MHz, 3996 MHz, 184.58 W, 37
2026/10/08 02:05:42.676, 5, 120 MHz, 3996 MHz, 184.55 W, 35
2026/10/08 02:05:42.676, 6, 120 MHz, 3996 MHz, 184.83 W, 30
2026/10/08 02:05:42.676, 7, 120 MHz, 3996 MHz, 184.59 W, 28
2026/10/08 02:05:42.777, 0, 135 MHz, 3996 MHz, 186.41 W, 33
2026/10/08 02:05:42.777, 1, 120 MHz, 3996 MHz, 187.47 W, 35
2026/10/08 02:05:42.777, 2, 120 MHz, 3996 MHz, 183.54 W, 30
2026/10/08 02:05:42.777, 3, 120 MHz, 3996 MHz, 182.18 W, 30
2026/10/08 02:05:42.777, 4, 120 MHz, 3996 MHz, 184.59 W, 37
2026/10/08 02:05:42.777, 5, 120 MHz, 3996 MHz, 184.55 W, 35
2026/10/08 02:05:42.777, 6, 120 MHz, 3996 MHz, 184.83 W, 30
2026/10/08 02:05:42.777, 7, 120 MHz, 3996 MHz, 184.59 W, 28
2026/10/08 02:05:42.877, 0, 120 MHz, 3996 MHz, 186.41 W, 33
2026/10/08 02:05:42.877, 1, 120 MHz, 3996 MHz, 187.43 W, 35
2026/10/08 02:05:42.877, 2, 120 MHz, 3996 MHz, 183.62 W, 30
2026/10/08 02:05:42.877, 3, 120 MHz, 3996 MHz, 182.19 W, 30
2026/10/08 02:05:42.877, 4, 120 MHz, 3996 MHz, 184.59 W, 37
2026/10/08 02:05:42.877, 5, 120 MHz, 3996 MHz, 184.55 W, 35
2026/10/08 02:05:42.877, 6, 120 MHz, 3996 MHz, 184.83 W, 30
2026/10/08 02:05:42.877, 7, 120 MHz, 3996 MHz, 184.59 W, 28
2026/10/08 02:05:42.977, 0, 120 MHz, 3996 MHz, 186.29 W, 33
2026/10/08 02:05:42.977, 1, 120 MHz, 3996 MHz, 187.45 W, 35
2026/10/08 02:05:42.977, 2, 120 MHz, 3996 MHz, 183.71 W, 30
2026/10/08 02:05:42.977, 3, 120 MHz, 3996 MHz, 182.20 W, 30
2026/10/08 02:05:42.977, 4, 120 MHz, 3996 MHz, 184.59 W, 37
2026/10/08 02:05:42.977, 5, 120 MHz, 3996 MHz, 184.55 W, 35
2026/10/08 02:05:42.977, 6, 120 MHz, 3996 MHz, 184.83 W, 30
2026/10/08 02:05:42.977, 7, 120 MHz, 3996 MHz, 184.59 W, 28
2026/10/08 02:05:43.077, 0, 120 MHz, 3996 MHz, 186.26 W, 33
2026/10/08 02:05:43.077, 1, 120 MHz, 3996 MHz, 187.46 W, 35
2026/10/08 02:05:43.077, 2, 120 MHz, 3996 MHz, 183.66 W, 30
2026/10/08 02:05:43.077, 3, 120 MHz, 3996 MHz, 182.21 W, 30
2026/10/08 02:05:43.077, 4, 120 MHz, 3996 MHz, 184.59 W, 37
2026/10/08 02:05:43.077, 5, 120 MHz, 3996 MHz, 184.59 W, 35
2026/10/08 02:05:43.077, 6, 120 MHz, 3996 MHz, 184.83 W, 30
2026/10/08 02:05:43.077, 7, 120 MHz, 3996 MHz, 184.59 W, 28
2026/10/08 02:05:43.178, 0, 120 MHz, 3996 MHz, 186.18 W, 33
2026/10/08 02:05:43.178, 1, 120 MHz, 3996 MHz, 187.49 W, 35
2026/10/08 02:05:43.178, 2, 120 MHz, 3996 MHz, 183.60 W, 30
2026/10/08 02:05:43.178, 3, 120 MHz, 3996 MHz, 182.21 W, 30
2026/10/08 02:05:43.178, 4, 120 MHz, 3996 MHz, 184.59 W, 37
2026/10/08 02:05:43.178, 5, 120 MHz, 3996 MHz, 184.55 W, 35
2026/10/08 02:05:43.178, 6, 120 MHz, 3996 MHz, 184.83 W, 30
2026/10/08 02:05:43.178, 7, 120 MHz, 3996 MHz, 184.59 W, 29
2026/10/08 02:05:43.278, 0, 120 MHz, 3996 MHz, 186.10 W, 33
2026/10/08 02:05:43.278, 1, 120 MHz, 3996 MHz, 187.45 W, 35
2026/10/08 02:05:43.278, 2, 120 MHz, 3996 MHz, 183.63 W, 30
2026/10/08 02:05:43.278, 3, 120 MHz, 3996 MHz, 182.21 W, 30
2026/10/08 02:05:43.278, 4, 120 MHz, 3996 MHz, 184.59 W, 37
2026/10/08 02:05:43.278, 5, 120 MHz, 3996 MHz, 184.55 W, 35
2026/10/08 02:05:43.278, 6, 120 MHz, 3996 MHz, 184.83 W, 30
2026/10/08 02:05:43.278, 7, 120 MHz, 3996 MHz, 184.59 W, 29
2026/10/08 02:05:43.378, 0, 120 MHz, 3996 MHz, 186.02 W, 33
2026/10/08 02:05:43.378, 1, 120 MHz, 3996 MHz, 187.43 W, 35
2026/10/08 02:05:43.378, 2, 120 MHz, 3996 MHz, 183.68 W, 30
2026/10/08 02:05:43.378, 3, 120 MHz, 3996 MHz, 182.21 W, 30
2026/10/08 02:05:43.378, 4, 120 MHz, 3996 MHz, 184.59 W, 37
2026/10/08 02:05:43.378, 5, 120 MHz, 3996 MHz, 184.55 W, 35
2026/10/08 02:05:43.378, 6, 120 MHz, 3996 MHz, 184.83 W, 30
2026/10/08 02:05:43.378, 7, 120 MHz, 3996 MHz, 184.59 W, 29
2026/10/08 02:05:43.478, 0, 120 MHz, 3996 MHz, 185.90 W, 33
2026/10/08 02:05:43.478, 1, 120 MHz, 3996 MHz, 187.43 W, 35
2026/10/08 02:05:43.478, 2, 120 MHz, 3996 MHz, 183.64 W, 30
2026/10/08 02:05:43.478, 3, 120 MHz, 3996 MHz, 182.22 W, 30
2026/10/08 02:05:43.478, 4, 120 MHz, 3996 MHz, 184.59 W, 37
2026/10/08 02:05:43.478, 5, 120 MHz, 3996 MHz, 184.55 W, 35
2026/10/08 02:05:43.478, 6, 120 MHz, 3996 MHz, 184.83 W, 30
2026/10/08 02:05:43.478, 7, 120 MHz, 3996 MHz, 184.59 W, 29
2026/10/08 02:05:43.579, 0, 120 MHz, 3996 MHz, 185.82 W, 33
2026/10/08 02:05:43.579, 1, 120 MHz, 3996 MHz, 187.39 W, 35
2026/10/08 02:05:43.579, 2, 120 MHz, 3996 MHz, 183.56 W, 30
2026/10/08 02:05:43.579, 3, 120 MHz, 3996 MHz, 182.22 W, 30
2026/10/08 02:05:43.579, 4, 120 MHz, 3996 MHz, 184.59 W, 37
2026/10/08 02:05:43.579, 5, 120 MHz, 3996 MHz, 184.55 W, 35
2026/10/08 02:05:43.579, 6, 120 MHz, 3996 MHz, 184.83 W, 30
2026/10/08 02:05:43.579, 7, 120 MHz, 3996 MHz, 184.59 W, 29
2026/10/08 02:05:43.679, 0, 120 MHz, 3996 MHz, 185.76 W, 33
2026/10/08 02:05:43.679, 1, 120 MHz, 3996 MHz, 187.39 W, 35
2026/10/08 02:05:43.679, 2, 120 MHz, 3996 MHz, 183.56 W, 30
2026/10/08 02:05:43.679, 3, 120 MHz, 3996 MHz, 182.22 W, 30
2026/10/08 02:05:43.679, 4, 120 MHz, 3996 MHz, 184.59 W, 37
2026/10/08 02:05:43.679, 5, 120 MHz, 3996 MHz, 184.55 W, 35
2026/10/08 02:05:43.679, 6, 120 MHz, 3996 MHz, 184.83 W, 30
2026/10/08 02:05:43.679, 7, 120 MHz, 3996 MHz, 184.59 W, 29
2026/10/08 02:05:43.779, 0, 120 MHz, 3996 MHz, 185.67 W, 33
2026/10/08 02:05:43.779, 1, 120 MHz, 3996 MHz, 187.22 W, 35
2026/10/08 02:05:43.779, 2, 120 MHz, 3996 MHz, 183.70 W, 30
2026/10/08 02:05:43.779, 3, 120 MHz, 3996 MHz, 182.22 W, 30
2026/10/08 02:05:43.779, 4, 120 MHz, 3996 MHz, 184.59 W, 37
2026/10/08 02:05:43.779, 5, 120 MHz, 3996 MHz, 184.55 W, 35
2026/10/08 02:05:43.779, 6, 120 MHz, 3996 MHz, 184.87 W, 30
2026/10/08 02:05:43.779, 7, 120 MHz, 3996 MHz, 184.59 W, 29
2026/10/08 02:05:43.879, 0, 120 MHz, 3996 MHz, 185.63 W, 33
2026/10/08 02:05:43.879, 1, 120 MHz, 3996 MHz, 187.14 W, 35
2026/10/08 02:05:43.879, 2, 120 MHz, 3996 MHz, 183.71 W, 30
2026/10/08 02:05:43.879, 3, 120 MHz, 3996 MHz, 182.23 W, 30
2026/10/08 02:05:43.880, 4, 120 MHz, 3996 MHz, 184.59 W, 37
2026/10/08 02:05:43.880, 5, 120 MHz, 3996 MHz, 184.55 W, 35
2026/10/08 02:05:43.880, 6, 120 MHz, 3996 MHz, 184.87 W, 30
2026/10/08 02:05:43.880, 7, 120 MHz, 3996 MHz, 184.59 W, 29
2026/10/08 02:05:43.980, 0, 120 MHz, 3996 MHz, 185.71 W, 33
2026/10/08 02:05:43.980, 1, 120 MHz, 3996 MHz, 187.12 W, 35
2026/10/08 02:05:43.980, 2, 120 MHz, 3996 MHz, 183.59 W, 30
2026/10/08 02:05:43.980, 3, 120 MHz, 3996 MHz, 182.22 W, 30
2026/10/08 02:05:43.980, 4, 120 MHz, 3996 MHz, 184.59 W, 37
2026/10/08 02:05:43.980, 5, 120 MHz, 3996 MHz, 184.55 W, 35
2026/10/08 02:05:43.980, 6, 120 MHz, 3996 MHz, 184.91 W, 30
2026/10/08 02:05:43.980, 7, 120 MHz, 3996 MHz, 184.59 W, 29
2026/10/08 02:05:44.080, 0, 120 MHz, 3996 MHz, 185.63 W, 33
2026/10/08 02:05:44.080, 1, 120 MHz, 3996 MHz, 187.14 W, 35
2026/10/08 02:05:44.080, 2, 120 MHz, 3996 MHz, 183.63 W, 30
2026/10/08 02:05:44.080, 3, 120 MHz, 3996 MHz, 182.22 W, 30
2026/10/08 02:05:44.080, 4, 120 MHz, 3996 MHz, 184.59 W, 37
2026/10/08 02:05:44.080, 5, 120 MHz, 3996 MHz, 184.55 W, 35
2026/10/08 02:05:44.080, 6, 120 MHz, 3996 MHz, 184.91 W, 30
2026/10/08 02:05:44.080, 7, 120 MHz, 3996 MHz, 184.59 W, 29
2026/10/08 02:05:44.180, 0, 120 MHz, 3996 MHz, 185.68 W, 33
2026/10/08 02:05:44.180, 1, 120 MHz, 3996 MHz, 187.09 W, 35
2026/10/08 02:05:44.180, 2, 120 MHz, 3996 MHz, 183.70 W, 30
2026/10/08 02:05:44.180, 3, 120 MHz, 3996 MHz, 182.22 W, 30
2026/10/08 02:05:44.180, 4, 120 MHz, 3996 MHz, 184.59 W, 37
2026/10/08 02:05:44.180, 5, 120 MHz, 3996 MHz, 184.59 W, 35
2026/10/08 02:05:44.180, 6, 120 MHz, 3996 MHz, 184.91 W, 30
2026/10/08 02:05:44.180, 7, 120 MHz, 3996 MHz, 184.59 W, 29
