timestamp, index, clocks.current.sm [MHz], clocks.current.memory [MHz], power.draw [W], temperature.gpu
2026/10/08 01:35:26.783, 0, 120 MHz, 3996 MHz, 186.41 W, 36
2026/10/08 01:35:26.785, 1, 120 MHz, 3996 MHz, 188.23 W, 38
2026/10/08 01:35:26.787, 2, 120 MHz, 3996 MHz, 184.36 W, 33
2026/10/08 01:35:26.788, 3, 120 MHz, 3996 MHz, 183.83 W, 33
2026/10/08 01:35:26.790, 4, 120 MHz, 3996 MHz, 184.62 W, 38
2026/10/08 01:35:26.791, 5, 120 MHz, 3996 MHz, 184.56 W, 36
2026/10/08 01:35:26.793, 6, 120 MHz, 3996 MHz, 184.83 W, 32
2026/10/08 01:35:26.794, 7, 120 MHz, 3996 MHz, 186.53 W, 31
2026/10/08 01:35:26.996, 0, 120 MHz, 3996 MHz, 186.41 W, 36
2026/10/08 01:35:26.996, 1, 120 MHz, 3996 MHz, 188.23 W, 38
2026/10/08 01:35:26.996, 2, 120 MHz, 3996 MHz, 184.36 W, 33
2026/10/08 01:35:26.996, 3, 120 MHz, 3996 MHz, 183.83 W, 33
2026/10/08 01:35:26.996, 4, 120 MHz, 3996 MHz, 184.74 W, 38
2026/10/08 01:35:26.996, 5, 120 MHz, 3996 MHz, 184.56 W, 36
2026/10/08 01:35:26.996, 6, 120 MHz, 3996 MHz, 184.83 W, 32
2026/10/08 01:35:26.996, 7, 120 MHz, 3996 MHz, 186.53 W, 31
2026/10/08 01:35:27.196, 0, 120 MHz, 3996 MHz, 186.41 W, 36
2026/10/08 01:35:27.196, 1, 120 MHz, 3996 MHz, 188.23 W, 38
2026/10/08 01:35:27.196, 2, 120 MHz, 3996 MHz, 184.36 W, 33
2026/10/08 01:35:27.196, 3, 120 MHz, 3996 MHz, 183.82 W, 33
2026/10/08 01:35:27.196, 4, 120 MHz, 3996 MHz, 184.73 W, 37
2026/10/08 01:35:27.196, 5, 120 MHz, 3996 MHz, 184.55 W, 36
2026/10/08 01:35:27.196, 6, 120 MHz, 3996 MHz, 184.83 W, 32
2026/10/08 01:35:27.196, 7, 120 MHz, 3996 MHz, 186.53 W, 31
2026/10/08 01:35:27.396, 0, 120 MHz, 3996 MHz, 186.41 W, 36
2026/10/08 01:35:27.397, 1, 120 MHz, 3996 MHz, 188.23 W, 38
2026/10/08 01:35:27.397, 2, 120 MHz, 3996 MHz, 184.36 W, 33
2026/10/08 01:35:27.397, 3, 120 MHz, 3996 MHz, 183.90 W, 33
2026/10/08 01:35:27.397, 4, 120 MHz, 3996 MHz, 184.82 W, 38
2026/10/08 01:35:27.397, 5, 120 MHz, 3996 MHz, 184.55 W, 36
2026/10/08 01:35:27.397, 6, 120 MHz, 3996 MHz, 184.83 W, 32
2026/10/08 01:35:27.397, 7, 120 MHz, 3996 MHz, 186.53 W, 31
2026/10/08 01:35:27.597, 0, 120 MHz, 3996 MHz, 186.41 W, 36
2026/10/08 01:35:27.597, 1, 120 MHz, 3996 MHz, 188.23 W, 38
2026/10/08 01:35:27.597, 2, 120 MHz, 3996 MHz, 184.25 W, 33
2026/10/08 01:35:27.597, 3, 120 MHz, 3996 MHz, 183.94 W, 33
2026/10/08 01:35:27.597, 4, 120 MHz, 3996 MHz, 184.74 W, 37
2026/10/08 01:35:27.597, 5, 120 MHz, 3996 MHz, 184.54 W, 36
2026/10/08 01:35:27.597, 6, 120 MHz, 3996 MHz, 184.83 W, 32
2026/10/08 01:35:27.597, 7, 120 MHz, 3996 MHz, 186.53 W, 31
2026/10/08 01:35:27.797, 0, 120 MHz, 3996 MHz, 186.41 W, 36
2026/10/08 01:35:27.797, 1, 120 MHz, 3996 MHz, 188.23 W, 38
2026/10/08 01:35:27.797, 2, 120 MHz, 3996 MHz, 184.21 W, 33
2026/10/08 01:35:27.797, 3, 120 MHz, 3996 MHz, 184.02 W, 33
2026/10/08 01:35:27.797, 4, 120 MHz, 3996 MHz, 184.77 W, 38
2026/10/08 01:35:27.797, 5, 120 MHz, 3996 MHz, 184.54 W, 36
2026/10/08 01:35:27.797, 6, 120 MHz, 3996 MHz, 184.83 W, 32
2026/10/08 01:35:27.797, 7, 120 MHz, 3996 MHz, 186.53 W, 31
2026/10/08 01:35:27.997, 0, 120 MHz, 3996 MHz, 186.41 W, 36
2026/10/08 01:35:27.997, 1, 120 MHz, 3996 MHz, 188.23 W, 38
2026/10/08 01:35:27.997, 2, 120 MHz, 3996 MHz, 184.21 W, 32
2026/10/08 01:35:27.997, 3, 120 MHz, 3996 MHz, 183.90 W, 33
2026/10/08 01:35:27.997, 4, 120 MHz, 3996 MHz, 184.71 W, 38
2026/10/08 01:35:27.997, 5, 120 MHz, 3996 MHz, 184.55 W, 36
2026/10/08 01:35:27.997, 6, 120 MHz, 3996 MHz, 184.83 W, 32
2026/10/08 01:35:27.998, 7, 120 MHz, 3996 MHz, 186.53 W, 31
2026/10/08 01:35:28.198, 0, 120 MHz, 3996 MHz, 186.41 W, 36
2026/10/08 01:35:28.198, 1, 120 MHz, 3996 MHz, 188.23 W, 38
2026/10/08 01:35:28.198, 2, 120 MHz, 3996 MHz, 184.09 W, 32
2026/10/08 01:35:28.198, 3, 120 MHz, 3996 MHz, 183.91 W, 33
2026/10/08 01:35:28.198, 4, 120 MHz, 3996 MHz, 184.70 W, 38
2026/10/08 01:35:28.198, 5, 120 MHz, 3996 MHz, 184.52 W, 36
2026/10/08 01:35:28.198, 6, 120 MHz, 3996 MHz, 184.83 W, 32
2026/10/08 01:35:28.198, 7, 120 MHz, 3996 MHz, 186.53 W, 31
2026/10/08 01:35:28.398, 0, 120 MHz, 3996 MHz, 186.41 W, 36
2026/10/08 01:35:28.398, 1, 120 MHz, 3996 MHz, 188.23 W, 38
2026/10/08 01:35:28.398, 2, 120 MHz, 3996 MHz, 184.13 W, 32
2026/10/08 01:35:28.398, 3, 120 MHz, 3996 MHz, 183.91 W, 33
2026/10/08 01:35:28.398, 4, 120 MHz, 3996 MHz, 184.59 W, 38
2026/10/08 01:35:28.398, 5, 120 MHz, 3996 MHz, 184.41 W, 36
2026/10/08 01:35:28.398, 6, 120 MHz, 3996 MHz, 184.83 W, 32
2026/10/08 01:35:28.398, 7, 120 MHz, 3996 MHz, 186.53 W, 31
2026/10/08 01:35:28.598, 0, 120 MHz, 3996 MHz, 186.41 W, 36
2026/10/08 01:35:28.598, 1, 120 MHz, 3996 MHz, 188.23 W, 38
2026/10/08 01:35:28.598, 2, 120 MHz, 3996 MHz, 184.13 W, 32
2026/10/08 01:35:28.598, 3, 120 MHz, 3996 MHz, 183.84 W, 33
2026/10/08 01:35:28.598, 4, 120 MHz, 3996 MHz, 184.70 W, 38
2026/10/08 01:35:28.598, 5, 120 MHz, 3996 MHz, 184.39 W, 36
2026/10/08 01:35:28.598, 6, 120 MHz, 3996 MHz, 184.83 W, 32
2026/10/08 01:35:28.598, 7, 120 MHz, 3996 MHz, 186.53 W, 31
2026/10/08 01:35:28.799, 0, 120 MHz, 3996 MHz, 186.41 W, 36
2026/10/08 01:35:28.799, 1, 120 MHz, 3996 MHz, 188.23 W, 38
2026/10/08 01:35:28.799, 2, 120 MHz, 3996 MHz, 184.17 W, 32
2026/10/08 01:35:28.799, 3, 120 MHz, 3996 MHz, 183.72 W, 33
2026/10/08 01:35:28.799, 4, 120 MHz, 3996 MHz, 184.63 W, 38
2026/10/08 01:35:28.799, 5, 120 MHz, 3996 MHz, 184.28 W, 36
2026/10/08 01:35:28.799, 6, 120 MHz, 3996 MHz, 184.83 W, 32
2026/10/08 01:35:28.799, 7, 120 MHz, 3996 MHz, 186.53 W, 31
2026/10/08 01:35:28.999, 0, 120 MHz, 3996 MHz, 186.41 W, 36
2026/10/08 01:35:28.999, 1, 120 MHz, 3996 MHz, 188.23 W, 38
2026/10/08 01:35:28.999, 2, 120 MHz, 3996 MHz, 184.17 W, 32
2026/10/08 01:35:28.999, 3, 120 MHz, 3996 MHz, 183.83 W, 32
2026/10/08 01:35:28.999, 4, 120 MHz, 3996 MHz, 184.66 W, 38
2026/10/08 01:35:28.999, 5, 120 MHz, 3996 MHz, 184.16 W, 36
2026/10/08 01:35:28.999, 6, 120 MHz, 3996 MHz, 184.83 W, 32
2026/10/08 01:35:28.999, 7, 120 MHz, 3996 MHz, 186.53 W, 31
2026/10/08 01:35:29.199, 0, 120 MHz, 3996 MHz, 186.41 W, 36
2026/10/08 01:35:29.199, 1, 120 MHz, 3996 MHz, 188.23 W, 38
2026/10/08 01:35:29.199, 2, 120 MHz, 3996 MHz, 184.17 W, 32
2026/10/08 01:35:29.199, 3, 120 MHz, 3996 MHz, 183.75 W, 32
2026/10/08 01:35:29.199, 4, 120 MHz, 3996 MHz, 184.74 W, 38
2026/10/08 01:35:29.199, 5, 120 MHz, 3996 MHz, 184.10 W, 36
2026/10/08 01:35:29.199, 6, 120 MHz, 3996 MHz, 184.83 W, 32
2026/10/08 01:35:29.199, 7, 120 MHz, 3996 MHz, 186.53 W, 31
2026/10/08 01:35:29.399, 0, 120 MHz, 3996 MHz, 186.41 W, 36
2026/10/08 01:35:29.400, 1, 120 MHz, 3996 MHz, 188.23 W, 38
2026/10/08 01:35:29.400, 2, 120 MHz, 3996 MHz, 184.17 W, 32
2026/10/08 01:35:29.400, 3, 120 MHz, 3996 MHz, 183.71 W, 32
2026/10/08 01:35:29.400, 4, 120 MHz, 3996 MHz, 184.89 W, 38
2026/10/08 01:35:29.400, 5, 120 MHz, 3996 MHz, 184.12 W, 36
2026/10/08 01:35:29.400, 6, 120 MHz, 3996 MHz, 184.83 W, 32
2026/10/08 01:35:29.400, 7, 120 MHz, 3996 MHz, 186.49 W, 31
2026/10/08 01:35:29.600, 0, 120 MHz, 3996 MHz, 186.41 W, 36
2026/10/08 01:35:29.600, 1, 120 MHz, 3996 MHz, 188.23 W, 38
2026/10/08 01:35:29.600, 2, 120 MHz, 3996 MHz, 184.17 W, 32
2026/10/08 01:35:29.600, 3, 120 MHz, 3996 MHz, 183.72 W, 32
2026/10/08 01:35:29.600, 4, 120 MHz, 3996 MHz, 184.82 W, 38
2026/10/08 01:35:29.600, 5, 120 MHz, 3996 MHz, 184.16 W, 36
2026/10/08 01:35:29.600, 6, 120 MHz, 3996 MHz, 184.83 W, 32
2026/10/08 01:35:29.600, 7, 120 MHz, 3996 MHz, 186.49 W, 31
2026/10/08 01:35:29.800, 0, 120 MHz, 3996 MHz, 186.41 W, 36
2026/10/08 01:35:29.800, 1, 120 MHz, 3996 MHz, 188.23 W, 38
2026/10/08 01:35:29.800, 2, 120 MHz, 3996 MHz, 184.17 W, 32
2026/10/08 01:35:29.800, 3, 120 MHz, 3996 MHz, 183.79 W, 32
2026/10/08 01:35:29.800, 4, 120 MHz, 3996 MHz, 184.85 W, 38
2026/10/08 01:35:29.800, 5, 120 MHz, 3996 MHz, 184.24 W, 36
2026/10/08 01:35:29.800, 6, 120 MHz, 3996 MHz, 184.83 W, 32
2026/10/08 01:35:29.800, 7, 120 MHz, 3996 MHz, 186.49 W, 31
2026/10/08 01:35:30.000, 0, 120 MHz, 3996 MHz, 186.41 W, 36
2026/10/08 01:35:30.000, 1, 120 MHz, 3996 MHz, 188.23 W, 38
2026/10/08 01:35:30.000, 2, 120 MHz, 3996 MHz, 184.17 W, 32
2026/10/08 01:35:30.000, 3, 120 MHz, 3996 MHz, 183.64 W, 32
2026/10/08 01:35:30.000, 4, 120 MHz, 3996 MHz, 184.82 W, 38
2026/10/08 01:35:30.000, 5, 120 MHz, 3996 MHz, 184.21 W, 36
2026/10/08 01:35:30.000, 6, 120 MHz, 3996 MHz, 184.83 W, 32
2026/10/08 01:35:30.001, 7, 120 MHz, 3996 MHz, 186.38 W, 31
2026/10/08 01:35:30.201, 0, 120 MHz, 3996 MHz, 186.33 W, 36
2026/10/08 01:35:30.201, 1, 120 MHz, 3996 MHz, 188.15 W, 38
2026/10/08 01:35:30.201, 2, 120 MHz, 3996 MHz, 184.17 W, 32
2026/10/08 01:35:30.201, 3, 120 MHz, 3996 MHz, 183.46 W, 32
2026/10/08 01:35:30.201, 4, 120 MHz, 3996 MHz, 185.13 W, 38
2026/10/08 01:35:30.201, 5, 120 MHz, 3996 MHz, 184.24 W, 36
2026/10/08 01:35:30.201, 6, 120 MHz, 3996 MHz, 184.83 W, 32
2026/10/08 01:35:30.201, 7, 120 MHz, 3996 MHz, 186.15 W, 31
2026/10/08 01:35:30.401, 0, 120 MHz, 3996 MHz, 186.33 W, 36
2026/10/08 01:35:30.401, 1, 120 MHz, 3996 MHz, 188.15 W, 38
2026/10/08 01:35:30.401, 2, 120 MHz, 3996 MHz, 184.13 W, 32
2026/10/08 01:35:30.401, 3, 120 MHz, 3996 MHz, 183.23 W, 32
2026/10/08 01:35:30.401, 4, 120 MHz, 3996 MHz, 185.42 W, 38
2026/10/08 01:35:30.401, 5, 120 MHz, 3996 MHz, 184.35 W, 36
2026/10/08 01:35:30.401, 6, 120 MHz, 3996 MHz, 184.83 W, 32
2026/10/08 01:35:30.401, 7, 120 MHz, 3996 MHz, 186.07 W, 31
2026/10/08 01:35:30.601, 0, 120 MHz, 3996 MHz, 186.29 W, 36
2026/10/08 01:35:30.601, 1, 120 MHz, 3996 MHz, 188.11 W, 38
2026/10/08 01:35:30.601, 2, 120 MHz, 3996 MHz, 184.13 W, 32
2026/10/08 01:35:30.601, 3, 120 MHz, 3996 MHz, 183.14 W, 32
2026/10/08 01:35:30.601, 4, 120 MHz, 3996 MHz, 185.54 W, 38
2026/10/08 01:35:30.601, 5, 120 MHz, 3996 MHz, 184.32 W, 36
2026/10/08 01:35:30.601, 6, 120 MHz, 3996 MHz, 184.83 W, 32
2026/10/08 01:35:30.601, 7, 120 MHz, 3996 MHz, 185.88 W, 31
2026/10/08 01:35:30.801, 0, 120 MHz, 3996 MHz, 186.26 W, 36
2026/10/08 01:35:30.802, 1, 120 MHz, 3996 MHz, 188.11 W, 38
2026/10/08 01:35:30.802, 2, 120 MHz, 3996 MHz, 184.09 W, 32
2026/10/08 01:35:30.802, 3, 120 MHz, 3996 MHz, 183.02 W, 32
2026/10/08 01:35:30.802, 4, 120 MHz, 3996 MHz, 185.81 W, 38
2026/10/08 01:35:30.802, 5, 120 MHz, 3996 MHz, 184.36 W, 36
2026/10/08 01:35:30.802, 6, 120 MHz, 3996 MHz, 184.83 W, 32
2026/10/08 01:35:30.802, 7, 120 MHz, 3996 MHz, 185.64 W, 31
2026/10/08 01:35:31.002, 0, 120 MHz, 3996 MHz, 186.21 W, 36
2026/10/08 01:35:31.002, 1, 120 MHz, 3996 MHz, 188.11 W, 38
2026/10/08 01:35:31.002, 2, 120 MHz, 3996 MHz, 184.09 W, 32
2026/10/08 01:35:31.002, 3, 120 MHz, 3996 MHz, 182.90 W, 32
2026/10/08 01:35:31.002, 4, 120 MHz, 3996 MHz, 185.96 W, 38
2026/10/08 01:35:31.002, 5, 120 MHz, 3996 MHz, 184.47 W, 36
2026/10/08 01:35:31.002, 6, 120 MHz, 3996 MHz, 184.83 W, 32
2026/10/08 01:35:31.002, 7, 120 MHz, 3996 MHz, 185.46 W, 31
2026/10/08 01:35:31.202, 0, 120 MHz, 3996 MHz, 186.21 W, 36
2026/10/08 01:35:31.202, 1, 120 MHz, 3996 MHz, 188.15 W, 38
2026/10/08 01:35:31.202, 2, 120 MHz, 3996 MHz, 184.09 W, 32
2026/10/08 01:35:31.202, 3, 120 MHz, 3996 MHz, 182.89 W, 32
2026/10/08 01:35:31.202, 4, 120 MHz, 3996 MHz, 186.07 W, 38
2026/10/08 01:35:31.202, 5, 120 MHz, 3996 MHz, 184.43 W, 36
2026/10/08 01:35:31.202, 6, 120 MHz, 3996 MHz, 184.83 W, 32
2026/10/08 01:35:31.202, 7, 120 MHz, 3996 MHz, 185.37 W, 31
2026/10/08 01:35:31.402, 0, 120 MHz, 3996 MHz, 186.10 W, 36
2026/10/08 01:35:31.402, 1, 120 MHz, 3996 MHz, 188.11 W, 38
2026/10/08 01:35:31.402, 2, 120 MHz, 3996 MHz, 184.09 W, 32
2026/10/08 01:35:31.402, 3, 120 MHz, 3996 MHz, 182.90 W, 32
2026/10/08 01:35:31.402, 4, 120 MHz, 3996 MHz, 186.03 W, 38
2026/10/08 01:35:31.402, 5, 120 MHz, 3996 MHz, 184.39 W, 36
2026/10/08 01:35:31.402, 6, 120 MHz, 3996 MHz, 184.83 W, 32
2026/10/08 01:35:31.402, 7, 120 MHz, 3996 MHz, 185.21 W, 31
2026/10/08 01:35:31.603, 0, 120 MHz, 3996 MHz, 186.10 W, 36
2026/10/08 01:35:31.603, 1, 120 MHz, 3996 MHz, 188.04 W, 38
2026/10/08 01:35:31.603, 2, 120 MHz, 3996 MHz, 184.09 W, 32
2026/10/08 01:35:31.603, 3, 120 MHz, 3996 MHz, 182.89 W, 32
2026/10/08 01:35:31.603, 4, 120 MHz, 3996 MHz, 186.14 W, 38
2026/10/08 01:35:31.603, 5, 120 MHz, 3996 MHz, 184.36 W, 36
2026/10/08 01:35:31.603, 6, 120 MHz, 3996 MHz, 184.83 W, 32
2026/10/08 01:35:31.603, 7, 120 MHz, 3996 MHz, 185.17 W, 31
2026/10/08 01:35:31.803, 0, 120 MHz, 3996 MHz, 185.99 W, 36
2026/10/08 01:35:31.803, 1, 120 MHz, 3996 MHz, 187.88 W, 38
2026/10/08 01:35:31.803, 2, 120 MHz, 3996 MHz, 184.09 W, 32
2026/10/08 01:35:31.803, 3, 120 MHz, 3996 MHz, 182.86 W, 32
2026/10/08 01:35:31.803, 4, 120 MHz, 3996 MHz, 186.02 W, 38
2026/10/08 01:35:31.803, 5, 120 MHz, 3996 MHz, 184.24 W, 36
2026/10/08 01:35:31.803, 6, 120 MHz, 3996 MHz, 184.83 W, 32
2026/10/08 01:35:31.803, 7, 120 MHz, 3996 MHz, 185.08 W, 31
2026/10/08 01:35:32.003, 0, 120 MHz, 3996 MHz, 185.95 W, 36
2026/10/08 01:35:32.003, 1, 120 MHz, 3996 MHz, 187.88 W, 38
2026/10/08 01:35:32.003, 2, 120 MHz, 3996 MHz, 184.09 W, 32
2026/10/08 01:35:32.003, 3, 120 MHz, 3996 MHz, 182.72 W, 32
2026/10/08 01:35:32.003, 4, 120 MHz, 3996 MHz, 186.03 W, 38
2026/10/08 01:35:32.003, 5, 120 MHz, 3996 MHz, 184.28 W, 36
2026/10/08 01:35:32.003, 6, 120 MHz, 3996 MHz, 184.83 W, 32
2026/10/08 01:35:32.003, 7, 120 MHz, 3996 MHz, 185.02 W, 31
2026/10/08 01:35:32.203, 0, 120 MHz, 3996 MHz, 185.91 W, 36
2026/10/08 01:35:32.204, 1, 120 MHz, 3996 MHz, 187.84 W, 38
2026/10/08 01:35:32.204, 2, 120 MHz, 3996 MHz, 184.09 W, 32
2026/10/08 01:35:32.204, 3, 120 MHz, 3996 MHz, 182.82 W, 32
2026/10/08 01:35:32.204, 4, 120 MHz, 3996 MHz, 185.76 W, 38
2026/10/08 01:35:32.204, 5, 120 MHz, 3996 MHz, 184.32 W, 36
2026/10/08 01:35:32.204, 6, 120 MHz, 3996 MHz, 184.83 W, 32
2026/10/08 01:35:32.204, 7, 120 MHz, 3996 MHz, 185.02 W, 31
2026/10/08 01:35:32.404, 0, 120 MHz, 3996 MHz, 185.94 W, 36
2026/10/08 01:35:32.404, 1, 120 MHz, 3996 MHz, 187.85 W, 38
2026/10/08 01:35:32.404, 2, 120 MHz, 3996 MHz, 184.09 W, 32
2026/10/08 01:35:32.404, 3, 120 MHz, 3996 MHz, 182.90 W, 32
2026/10/08 01:35:32.404, 4, 120 MHz, 3996 MHz, 185.44 W, 38
2026/10/08 01:35:32.404, 5, 120 MHz, 3996 MHz, 184.35 W, 36
2026/10/08 01:35:32.404, 6, 120 MHz, 3996 MHz, 184.83 W, 32
2026/10/08 01:35:32.404, 7, 120 MHz, 3996 MHz, 185.05 W, 31
2026/10/08 01:35:32.604, 0, 120 MHz, 3996 MHz, 185.91 W, 36
2026/10/08 01:35:32.604, 1, 120 MHz, 3996 MHz, 187.95 W, 38
2026/10/08 01:35:32.604, 2, 120 MHz, 3996 MHz, 184.09 W, 32
2026/10/08 01:35:32.604, 3, 120 MHz, 3996 MHz, 182.78 W, 32
2026/10/08 01:35:32.604, 4, 120 MHz, 3996 MHz, 185.21 W, 38
2026/10/08 01:35:32.604, 5, 120 MHz, 3996 MHz, 184.17 W, 36
2026/10/08 01:35:32.604, 6, 120 MHz, 3996 MHz, 184.83 W, 32
2026/10/08 01:35:32.604, 7, 120 MHz, 3996 MHz, 185.05 W, 31
2026/10/08 01:35:32.804, 0, 120 MHz, 3996 MHz, 185.95 W, 36
2026/10/08 01:35:32.804, 1, 120 MHz, 3996 MHz, 187.88 W, 38
2026/10/08 01:35:32.804, 2, 120 MHz, 3996 MHz, 184.09 W, 32
2026/10/08 01:35:32.804, 3, 120 MHz, 3996 MHz, 182.81 W, 32
2026/10/08 01:35:32.804, 4, 120 MHz, 3996 MHz, 185.05 W, 38
2026/10/08 01:35:32.804, 5, 120 MHz, 3996 MHz, 184.16 W, 36
2026/10/08 01:35:32.804, 6, 120 MHz, 3996 MHz, 184.83 W, 32
2026/10/08 01:35:32.804, 7, 120 MHz, 3996 MHz, 184.97 W, 31
2026/10/08 01:35:33.005, 0, 120 MHz, 3996 MHz, 185.99 W, 36
2026/10/08 01:35:33.005, 1, 120 MHz, 3996 MHz, 187.85 W, 38
2026/10/08 01:35:33.005, 2, 120 MHz, 3996 MHz, 184.09 W, 32
2026/10/08 01:35:33.005, 3, 120 MHz, 3996 MHz, 182.98 W, 32
2026/10/08 01:35:33.005, 4, 120 MHz, 3996 MHz, 184.86 W, 38
2026/10/08 01:35:33.005, 5, 120 MHz, 3996 MHz, 184.12 W, 36
2026/10/08 01:35:33.005, 6, 120 MHz, 3996 MHz, 184.83 W, 32
2026/10/08 01:35:33.005, 7, 120 MHz, 3996 MHz, 184.98 W, 31
2026/10/08 01:35:33.205, 0, 120 MHz, 3996 MHz, 185.94 W, 36
2026/10/08 01:35:33.205, 1, 120 MHz, 3996 MHz, 187.92 W, 38
2026/10/08 01:35:33.205, 2, 120 MHz, 3996 MHz, 184.09 W, 32
2026/10/08 01:35:33.205, 3, 120 MHz, 3996 MHz, 182.96 W, 32
2026/10/08 01:35:33.205, 4, 120 MHz, 3996 MHz, 184.81 W, 38
2026/10/08 01:35:33.205, 5, 120 MHz, 3996 MHz, 184.05 W, 36
2026/10/08 01:35:33.205, 6, 120 MHz, 3996 MHz, 184.83 W, 32
2026/10/08 01:35:33.205, 7, 120 MHz, 3996 MHz, 184.97 W, 31
2026/10/08 01:35:33.405, 0, 120 MHz, 3996 MHz, 185.88 W, 36
2026/10/08 01:35:33.405, 1, 120 MHz, 3996 MHz, 187.92 W, 38
2026/10/08 01:35:33.405, 2, 120 MHz, 3996 MHz, 184.09 W, 32
2026/10/08 01:35:33.405, 3, 120 MHz, 3996 MHz, 182.83 W, 32
2026/10/08 01:35:33.405, 4, 120 MHz, 3996 MHz, 184.78 W, 38
2026/10/08 01:35:33.405, 5, 120 MHz, 3996 MHz, 183.98 W, 36
2026/10/08 01:35:33.405, 6, 120 MHz, 3996 MHz, 184.83 W, 32
2026/10/08 01:35:33.405, 7, 120 MHz, 3996 MHz, 184.94 W, 31
2026/10/08 01:35:33.605, 0, 120 MHz, 3996 MHz, 185.95 W, 36
2026/10/08 01:35:33.606, 1, 120 MHz, 3996 MHz, 187.81 W, 38
2026/10/08 01:35:33.606, 2, 120 MHz, 3996 MHz, 184.09 W, 32
2026/10/08 01:35:33.606, 3, 120 MHz, 3996 MHz, 182.88 W, 32
2026/10/08 01:35:33.606, 4, 120 MHz, 3996 MHz, 184.70 W, 38
2026/10/08 01:35:33.606, 5, 120 MHz, 3996 MHz, 184.20 W, 36
2026/10/08 01:35:33.606, 6, 120 MHz, 3996 MHz, 184.83 W, 32
2026/10/08 01:35:33.606, 7, 120 MHz, 3996 MHz, 184.82 W, 31
2026/10/08 01:35:33.806, 0, 120 MHz, 3996 MHz, 185.94 W, 36
2026/10/08 01:35:33.806, 1, 120 MHz, 3996 MHz, 187.92 W, 38
2026/10/08 01:35:33.806, 2, 120 MHz, 3996 MHz, 184.09 W, 32
2026/10/08 01:35:33.806, 3, 120 MHz, 3996 MHz, 182.83 W, 32
2026/10/08 01:35:33.806, 4, 120 MHz, 3996 MHz, 184.66 W, 38
2026/10/08 01:35:33.806, 5, 120 MHz, 3996 MHz, 184.13 W, 36
2026/10/08 01:35:33.806, 6, 120 MHz, 3996 MHz, 184.83 W, 32
2026/10/08 01:35:33.806, 7, 120 MHz, 3996 MHz, 184.82 W, 31
2026/10/08 01:35:34.006, 0, 120 MHz, 3996 MHz, 185.90 W, 36
2026/10/08 01:35:34.006, 1, 120 MHz, 3996 MHz, 187.92 W, 38
2026/10/08 01:35:34.006, 2, 120 MHz, 3996 MHz, 184.09 W, 32
2026/10/08 01:35:34.006, 3, 120 MHz, 3996 MHz, 182.65 W, 32
2026/10/08 01:35:34.006, 4, 120 MHz, 3996 MHz, 184.62 W, 38
2026/10/08 01:35:34.006, 5, 120 MHz, 3996 MHz, 184.16 W, 36
2026/10/08 01:35:34.006, 6, 120 MHz, 3996 MHz, 184.83 W, 32
2026/10/08 01:35:34.006, 7, 120 MHz, 3996 MHz, 184.85 W, 31
2026/10/08 01:35:34.208, 0, 120 MHz, 3996 MHz, 185.99 W, 36
2026/10/08 01:35:34.208, 1, 120 MHz, 3996 MHz, 187.88 W, 38
2026/10/08 01:35:34.208, 2, 120 MHz, 3996 MHz, 184.09 W, 32
2026/10/08 01:35:34.208, 3, 120 MHz, 3996 MHz, 182.57 W, 32
2026/10/08 01:35:34.208, 4, 120 MHz, 3996 MHz, 184.59 W, 38
2026/10/08 01:35:34.208, 5, 120 MHz, 3996 MHz, 184.20 W, 36
2026/10/08 01:35:34.209, 6, 120 MHz, 3996 MHz, 184.83 W, 32
2026/10/08 01:35:34.209, 7, 120 MHz, 3996 MHz, 184.94 W, 31
2026/10/08 01:35:34.409, 0, 120 MHz, 3996 MHz, 186.14 W, 36
2026/10/08 01:35:34.409, 1, 120 MHz, 3996 MHz, 187.84 W, 38
2026/10/08 01:35:34.409, 2, 120 MHz, 3996 MHz, 184.09 W, 32
2026/10/08 01:35:34.409, 3, 120 MHz, 3996 MHz, 182.54 W, 32
2026/10/08 01:35:34.409, 4, 120 MHz, 3996 MHz, 184.59 W, 38
2026/10/08 01:35:34.409, 5, 120 MHz, 3996 MHz, 184.27 W, 36
2026/10/08 01:35:34.409, 6, 120 MHz, 3996 MHz, 184.83 W, 32
2026/10/08 01:35:34.409, 7, 120 MHz, 3996 MHz, 184.89 W, 31
2026/10/08 01:35:34.609, 0, 120 MHz, 3996 MHz, 186.03 W, 36
2026/10/08 01:35:34.609, 1, 120 MHz, 3996 MHz, 187.85 W, 38
2026/10/08 01:35:34.609, 2, 120 MHz, 3996 MHz, 184.09 W, 32
2026/10/08 01:35:34.609, 3, 120 MHz, 3996 MHz, 182.58 W, 32
2026/10/08 01:35:34.609, 4, 120 MHz, 3996 MHz, 184.63 W, 38
2026/10/08 01:35:34.609, 5, 120 MHz, 3996 MHz, 184.24 W, 36
2026/10/08 01:35:34.609, 6, 120 MHz, 3996 MHz, 184.83 W, 32
2026/10/08 01:35:34.609, 7, 120 MHz, 3996 MHz, 184.90 W, 31
2026/10/08 01:35:34.809, 0, 120 MHz, 3996 MHz, 186.10 W, 36
2026/10/08 01:35:34.809, 1, 120 MHz, 3996 MHz, 187.88 W, 38
2026/10/08 01:35:34.809, 2, 120 MHz, 3996 MHz, 184.09 W, 32
2026/10/08 01:35:34.809, 3, 120 MHz, 3996 MHz, 182.51 W, 32
2026/10/08 01:35:34.809, 4, 120 MHz, 3996 MHz, 184.71 W, 38
2026/10/08 01:35:34.809, 5, 120 MHz, 3996 MHz, 184.36 W, 36
2026/10/08 01:35:34.809, 6, 120 MHz, 3996 MHz, 184.83 W, 32
2026/10/08 01:35:34.809, 7, 120 MHz, 3996 MHz, 184.86 W, 31
2026/10/08 01:35:35.010, 0, 120 MHz, 3996 MHz, 186.06 W, 36
2026/10/08 01:35:35.010, 1, 120 MHz, 3996 MHz, 187.88 W, 38
2026/10/08 01:35:35.010, 2, 120 MHz, 3996 MHz, 184.09 W, 32
2026/10/08 01:35:35.010, 3, 120 MHz, 3996 MHz, 182.47 W, 32
2026/10/08 01:35:35.010, 4, 120 MHz, 3996 MHz, 184.75 W, 38
2026/10/08 01:35:35.010, 5, 120 MHz, 3996 MHz, 184.35 W, 36
2026/10/08 01:35:35.010, 6, 120 MHz, 3996 MHz, 184.83 W, 32
2026/10/08 01:35:35.010, 7, 120 MHz, 3996 MHz, 184.82 W, 31
2026/10/08 01:35:35.210, 0, 120 MHz, 3996 MHz, 186.07 W, 36
2026/10/08 01:35:35.210, 1, 120 MHz, 3996 MHz, 187.85 W, 38
2026/10/08 01:35:35.210, 2, 120 MHz, 3996 MHz, 184.09 W, 32
2026/10/08 01:35:35.210, 3, 120 MHz, 3996 MHz, 182.51 W, 32
2026/10/08 01:35:35.210, 4, 120 MHz, 3996 MHz, 184.79 W, 38
2026/10/08 01:35:35.210, 5, 120 MHz, 3996 MHz, 184.35 W, 36
2026/10/08 01:35:35.210, 6, 120 MHz, 3996 MHz, 184.83 W, 32
2026/10/08 01:35:35.210, 7, 120 MHz, 3996 MHz, 184.70 W, 31
2026/10/08 01:35:35.410, 0, 120 MHz, 3996 MHz, 186.07 W, 36
2026/10/08 01:35:35.410, 1, 120 MHz, 3996 MHz, 187.85 W, 38
2026/10/08 01:35:35.410, 2, 120 MHz, 3996 MHz, 184.09 W, 32
2026/10/08 01:35:35.410, 3, 120 MHz, 3996 MHz, 182.52 W, 32
2026/10/08 01:35:35.410, 4, 120 MHz, 3996 MHz, 184.83 W, 38
2026/10/08 01:35:35.410, 5, 120 MHz, 3996 MHz, 184.32 W, 36
2026/10/08 01:35:35.410, 6, 120 MHz, 3996 MHz, 184.83 W, 32
2026/10/08 01:35:35.410, 7, 120 MHz, 3996 MHz, 184.67 W, 31
2026/10/08 01:35:35.610, 0, 120 MHz, 3996 MHz, 186.06 W, 36
2026/10/08 01:35:35.611, 1, 120 MHz, 3996 MHz, 187.96 W, 38
2026/10/08 01:35:35.611, 2, 120 MHz, 3996 MHz, 184.09 W, 32
2026/10/08 01:35:35.611, 3, 120 MHz, 3996 MHz, 182.36 W, 32
2026/10/08 01:35:35.611, 4, 2032 MHz, 3996 MHz, 188.72 W, 38
2026/10/08 01:35:35.611, 5, 120 MHz, 3996 MHz, 184.30 W, 36
2026/10/08 01:35:35.611, 6, 120 MHz, 3996 MHz, 184.83 W, 32
2026/10/08 01:35:35.611, 7, 120 MHz, 3996 MHz, 184.71 W, 31
2026/10/08 01:35:35.811, 0, 120 MHz, 3996 MHz, 186.03 W, 36
2026/10/08 01:35:35.811, 1, 120 MHz, 3996 MHz, 188.00 W, 38
2026/10/08 01:35:35.811, 2, 120 MHz, 3996 MHz, 184.09 W, 32
2026/10/08 01:35:35.811, 3, 120 MHz, 3996 MHz, 182.43 W, 32
2026/10/08 01:35:35.811, 4, 2032 MHz, 3996 MHz, 201.13 W, 38
2026/10/08 01:35:35.811, 5, 120 MHz, 3996 MHz, 184.24 W, 36
2026/10/08 01:35:35.811, 6, 120 MHz, 3996 MHz, 184.83 W, 32
2026/10/08 01:35:35.811, 7, 120 MHz, 3996 MHz, 184.71 W, 31
2026/10/08 01:35:36.011, 0, 120 MHz, 3996 MHz, 186.03 W, 35
2026/10/08 01:35:36.011, 1, 120 MHz, 3996 MHz, 187.92 W, 38
2026/10/08 01:35:36.011, 2, 120 MHz, 3996 MHz, 184.09 W, 32
2026/10/08 01:35:36.011, 3, 120 MHz, 3996 MHz, 182.45 W, 32
2026/10/08 01:35:36.011, 4, 2032 MHz, 3996 MHz, 213.03 W, 39
2026/10/08 01:35:36.011, 5, 2032 MHz, 3996 MHz, 186.63 W, 36
2026/10/08 01:35:36.011, 6, 120 MHz, 3996 MHz, 184.83 W, 32
2026/10/08 01:35:36.011, 7, 120 MHz, 3996 MHz, 184.67 W, 31
2026/10/08 01:35:36.211, 0, 120 MHz, 3996 MHz, 186.02 W, 35
2026/10/08 01:35:36.211, 1, 120 MHz, 3996 MHz, 187.88 W, 38
2026/10/08 01:35:36.211, 2, 120 MHz, 3996 MHz, 184.09 W, 32
2026/10/08 01:35:36.211, 3, 120 MHz, 3996 MHz, 182.38 W, 32
2026/10/08 01:35:36.211, 4, 2032 MHz, 3996 MHz, 225.78 W, 39
2026/10/08 01:35:36.211, 5, 2032 MHz, 3996 MHz, 197.17 W, 37
2026/10/08 01:35:36.211, 6, 120 MHz, 3996 MHz, 184.83 W, 32
2026/10/08 01:35:36.211, 7, 120 MHz, 3996 MHz, 184.67 W, 31
2026/10/08 01:35:36.411, 0, 120 MHz, 3996 MHz, 185.88 W, 36
2026/10/08 01:35:36.412, 1, 120 MHz, 3996 MHz, 187.84 W, 38
2026/10/08 01:35:36.412, 2, 120 MHz, 3996 MHz, 184.09 W, 32
2026/10/08 01:35:36.412, 3, 120 MHz, 3996 MHz, 182.37 W, 32
2026/10/08 01:35:36.412, 4, 2032 MHz, 3996 MHz, 236.82 W, 39
2026/10/08 01:35:36.412, 5, 2032 MHz, 3996 MHz, 208.34 W, 37
2026/10/08 01:35:36.412, 6, 120 MHz, 3996 MHz, 184.83 W, 32
2026/10/08 01:35:36.412, 7, 120 MHz, 3996 MHz, 184.67 W, 31
2026/10/08 01:35:36.612, 0, 120 MHz, 3996 MHz, 185.90 W, 35
2026/10/08 01:35:36.612, 1, 120 MHz, 3996 MHz, 187.81 W, 38
2026/10/08 01:35:36.612, 2, 120 MHz, 3996 MHz, 184.09 W, 32
2026/10/08 01:35:36.612, 3, 120 MHz, 3996 MHz, 182.44 W, 32
2026/10/08 01:35:36.612, 4, 2032 MHz, 3996 MHz, 246.03 W, 39
2026/10/08 01:35:36.612, 5, 2032 MHz, 3996 MHz, 218.84 W, 37
2026/10/08 01:35:36.612, 6, 120 MHz, 3996 MHz, 184.83 W, 32
2026/10/08 01:35:36.612, 7, 120 MHz, 3996 MHz, 184.59 W, 31
2026/10/08 01:35:36.812, 0, 120 MHz, 3996 MHz, 185.94 W, 35
2026/10/08 01:35:36.812, 1, 120 MHz, 3996 MHz, 187.81 W, 38
2026/10/08 01:35:36.812, 2, 120 MHz, 3996 MHz, 184.09 W, 32
2026/10/08 01:35:36.812, 3, 120 MHz, 3996 MHz, 182.37 W, 32
2026/10/08 01:35:36.812, 4, 2032 MHz, 3996 MHz, 245.80 W, 39
2026/10/08 01:35:36.812, 5, 2032 MHz, 3996 MHz, 229.28 W, 37
2026/10/08 01:35:36.812, 6, 120 MHz, 3996 MHz, 184.83 W, 32
2026/10/08 01:35:36.812, 7, 120 MHz, 3996 MHz, 184.59 W, 31
2026/10/08 01:35:37.012, 0, 120 MHz, 3996 MHz, 185.94 W, 35
2026/10/08 01:35:37.012, 1, 120 MHz, 3996 MHz, 187.76 W, 38
2026/10/08 01:35:37.012, 2, 120 MHz, 3996 MHz, 184.09 W, 32
2026/10/08 01:35:37.012, 3, 120 MHz, 3996 MHz, 182.29 W, 32
2026/10/08 01:35:37.012, 4, 2032 MHz, 3996 MHz, 245.38 W, 39
2026/10/08 01:35:37.012, 5, 2032 MHz, 3996 MHz, 238.17 W, 37
2026/10/08 01:35:37.012, 6, 120 MHz, 3996 MHz, 184.83 W, 32
2026/10/08 01:35:37.012, 7, 120 MHz, 3996 MHz, 184.59 W, 31
2026/10/08 01:35:37.213, 0, 120 MHz, 3996 MHz, 185.87 W, 35
2026/10/08 01:35:37.213, 1, 120 MHz, 3996 MHz, 187.69 W, 38
2026/10/08 01:35:37.213, 2, 120 MHz, 3996 MHz, 184.09 W, 32
2026/10/08 01:35:37.213, 3, 120 MHz, 3996 MHz, 182.30 W, 32
2026/10/08 01:35:37.213, 4, 2032 MHz, 3996 MHz, 245.38 W, 39
2026/10/08 01:35:37.213, 5, 2032 MHz, 3996 MHz, 237.94 W, 37
2026/10/08 01:35:37.213, 6, 120 MHz, 3996 MHz, 184.83 W, 32
2026/10/08 01:35:37.213, 7, 120 MHz, 3996 MHz, 184.63 W, 31
2026/10/08 01:35:37.413, 0, 120 MHz, 3996 MHz, 185.86 W, 35
2026/10/08 01:35:37.413, 1, 120 MHz, 3996 MHz, 187.62 W, 38
2026/10/08 01:35:37.413, 2, 120 MHz, 3996 MHz, 184.09 W, 32
2026/10/08 01:35:37.413, 3, 120 MHz, 3996 MHz, 182.26 W, 32
2026/10/08 01:35:37.413, 4, 2032 MHz, 3996 MHz, 245.40 W, 39
2026/10/08 01:35:37.413, 5, 2032 MHz, 3996 MHz, 237.02 W, 37
2026/10/08 01:35:37.413, 6, 120 MHz, 3996 MHz, 184.83 W, 32
2026/10/08 01:35:37.413, 7, 120 MHz, 3996 MHz, 184.63 W, 31
2026/10/08 01:35:37.613, 0, 120 MHz, 3996 MHz, 185.87 W, 35
2026/10/08 01:35:37.613, 1, 120 MHz, 3996 MHz, 187.61 W, 38
2026/10/08 01:35:37.613, 2, 120 MHz, 3996 MHz, 184.09 W, 32
2026/10/08 01:35:37.613, 3, 120 MHz, 3996 MHz, 182.16 W, 32
2026/10/08 01:35:37.613, 4, 2032 MHz, 3996 MHz, 245.34 W, 39
2026/10/08 01:35:37.613, 5, 2032 MHz, 3996 MHz, 236.85 W, 37
2026/10/08 01:35:37.613, 6, 120 MHz, 3996 MHz, 184.83 W, 32
2026/10/08 01:35:37.613, 7, 120 MHz, 3996 MHz, 184.63 W, 31
2026/10/08 01:35:37.813, 0, 120 MHz, 3996 MHz, 185.84 W, 35
2026/10/08 01:35:37.813, 1, 120 MHz, 3996 MHz, 187.65 W, 38
2026/10/08 01:35:37.813, 2, 120 MHz, 3996 MHz, 184.09 W, 32
2026/10/08 01:35:37.813, 3, 120 MHz, 3996 MHz, 182.16 W, 32
2026/10/08 01:35:37.813, 4, 2032 MHz, 3996 MHz, 245.36 W, 39
2026/10/08 01:35:37.813, 5, 2032 MHz, 3996 MHz, 236.82 W, 37
2026/10/08 01:35:37.813, 6, 120 MHz, 3996 MHz, 184.83 W, 32
2026/10/08 01:35:37.814, 7, 120 MHz, 3996 MHz, 184.63 W, 31
2026/10/08 01:35:38.014, 0, 120 MHz, 3996 MHz, 185.88 W, 35
2026/10/08 01:35:38.014, 1, 120 MHz, 3996 MHz, 187.76 W, 38
2026/10/08 01:35:38.014, 2, 120 MHz, 3996 MHz, 184.09 W, 32
2026/10/08 01:35:38.014, 3, 120 MHz, 3996 MHz, 182.16 W, 32
2026/10/08 01:35:38.014, 4, 2032 MHz, 3996 MHz, 245.44 W, 39
2026/10/08 01:35:38.014, 5, 2032 MHz, 3996 MHz, 236.93 W, 37
2026/10/08 01:35:38.014, 6, 120 MHz, 3996 MHz, 184.83 W, 32
2026/10/08 01:35:38.014, 7, 120 MHz, 3996 MHz, 184.63 W, 31
2026/10/08 01:35:38.214, 0, 120 MHz, 3996 MHz, 185.95 W, 35
2026/10/08 01:35:38.214, 1, 120 MHz, 3996 MHz, 187.88 W, 38
2026/10/08 01:35:38.214, 2, 120 MHz, 3996 MHz, 184.09 W, 32
2026/10/08 01:35:38.214, 3, 120 MHz, 3996 MHz, 182.20 W, 32
2026/10/08 01:35:38.214, 4, 2032 MHz, 3996 MHz, 245.29 W, 39
2026/10/08 01:35:38.214, 5, 2032 MHz, 3996 MHz, 236.97 W, 37
2026/10/08 01:35:38.214, 6, 120 MHz, 3996 MHz, 184.83 W, 32
2026/10/08 01:35:38.214, 7, 120 MHz, 3996 MHz, 184.59 W, 31
2026/10/08 01:35:38.414, 0, 120 MHz, 3996 MHz, 186.03 W, 35
2026/10/08 01:35:38.414, 1, 120 MHz, 3996 MHz, 188.04 W, 38
2026/10/08 01:35:38.414, 2, 120 MHz, 3996 MHz, 184.09 W, 32
2026/10/08 01:35:38.414, 3, 120 MHz, 3996 MHz, 182.20 W, 32
2026/10/08 01:35:38.414, 4, 2032 MHz, 3996 MHz, 245.33 W, 39
2026/10/08 01:35:38.414, 5, 2032 MHz, 3996 MHz, 237.02 W, 37
2026/10/08 01:35:38.414, 6, 120 MHz, 3996 MHz, 184.83 W, 32
2026/10/08 01:35:38.414, 7, 120 MHz, 3996 MHz, 184.63 W, 31
2026/10/08 01:35:38.614, 0, 120 MHz, 3996 MHz, 186.02 W, 35
2026/10/08 01:35:38.615, 1, 120 MHz, 3996 MHz, 188.00 W, 38
2026/10/08 01:35:38.615, 2, 120 MHz, 3996 MHz, 184.09 W, 32
2026/10/08 01:35:38.615, 3, 120 MHz, 3996 MHz, 182.23 W, 32
2026/10/08 01:35:38.615, 4, 2032 MHz, 3996 MHz, 245.33 W, 39
2026/10/08 01:35:38.615, 5, 2032 MHz, 3996 MHz, 236.99 W, 37
2026/10/08 01:35:38.615, 6, 120 MHz, 3996 MHz, 184.83 W, 32
2026/10/08 01:35:38.615, 7, 120 MHz, 3996 MHz, 184.63 W, 31
2026/10/08 01:35:38.815, 0, 120 MHz, 3996 MHz, 185.99 W, 35
2026/10/08 01:35:38.815, 1, 120 MHz, 3996 MHz, 187.99 W, 38
2026/10/08 01:35:38.815, 2, 120 MHz, 3996 MHz, 184.09 W, 32
2026/10/08 01:35:38.815, 3, 120 MHz, 3996 MHz, 182.23 W, 32
2026/10/08 01:35:38.815, 4, 2032 MHz, 3996 MHz, 245.43 W, 39
2026/10/08 01:35:38.815, 5, 2032 MHz, 3996 MHz, 236.93 W, 37
2026/10/08 01:35:38.815, 6, 120 MHz, 3996 MHz, 184.83 W, 32
2026/10/08 01:35:38.815, 7, 120 MHz, 3996 MHz, 184.63 W, 31
2026/10/08 01:35:39.015, 0, 120 MHz, 3996 MHz, 186.06 W, 35
2026/10/08 01:35:39.015, 1, 120 MHz, 3996 MHz, 188.00 W, 38
2026/10/08 01:35:39.015, 2, 120 MHz, 3996 MHz, 184.09 W, 32
2026/10/08 01:35:39.015, 3, 120 MHz, 3996 MHz, 182.23 W, 32
2026/10/08 01:35:39.015, 4, 2032 MHz, 3996 MHz, 249.09 W, 42
2026/10/08 01:35:39.015, 5, 2032 MHz, 3996 MHz, 236.84 W, 37
2026/10/08 01:35:39.015, 6, 120 MHz, 3996 MHz, 184.83 W, 32
2026/10/08 01:35:39.015, 7, 120 MHz, 3996 MHz, 184.63 W, 31
2026/10/08 01:35:39.215, 0, 120 MHz, 3996 MHz, 186.02 W, 35
2026/10/08 01:35:39.215, 1, 120 MHz, 3996 MHz, 188.00 W, 38
2026/10/08 01:35:39.215, 2, 120 MHz, 3996 MHz, 184.09 W, 32
2026/10/08 01:35:39.215, 3, 120 MHz, 3996 MHz, 182.27 W, 32
2026/10/08 01:35:39.215, 4, 2032 MHz, 3996 MHz, 255.34 W, 39
2026/10/08 01:35:39.215, 5, 2032 MHz, 3996 MHz, 236.80 W, 37
2026/10/08 01:35:39.215, 6, 120 MHz, 3996 MHz, 184.83 W, 31
2026/10/08 01:35:39.215, 7, 120 MHz, 3996 MHz, 184.63 W, 31
2026/10/08 01:35:39.416, 0, 120 MHz, 3996 MHz, 185.98 W, 35
2026/10/08 01:35:39.416, 1, 120 MHz, 3996 MHz, 187.92 W, 38
2026/10/08 01:35:39.416, 2, 120 MHz, 3996 MHz, 184.09 W, 32
2026/10/08 01:35:39.416, 3, 120 MHz, 3996 MHz, 182.31 W, 32
2026/10/08 01:35:39.416, 4, 2032 MHz, 3996 MHz, 255.91 W, 39
2026/10/08 01:35:39.416, 5, 2032 MHz, 3996 MHz, 236.76 W, 37
2026/10/08 01:35:39.416, 6, 120 MHz, 3996 MHz, 184.83 W, 31
2026/10/08 01:35:39.416, 7, 120 MHz, 3996 MHz, 184.59 W, 31
2026/10/08 01:35:39.616, 0, 120 MHz, 3996 MHz, 185.94 W, 35
2026/10/08 01:35:39.616, 1, 120 MHz, 3996 MHz, 187.92 W, 38
2026/10/08 01:35:39.616, 2, 120 MHz, 3996 MHz, 184.09 W, 32
2026/10/08 01:35:39.616, 3, 120 MHz, 3996 MHz, 182.32 W, 32
2026/10/08 01:35:39.616, 4, 2032 MHz, 3996 MHz, 256.23 W, 39
2026/10/08 01:35:39.616, 5, 2032 MHz, 3996 MHz, 244.37 W, 37
2026/10/08 01:35:39.616, 6, 120 MHz, 3996 MHz, 184.83 W, 31
2026/10/08 01:35:39.616, 7, 120 MHz, 3996 MHz, 184.59 W, 31
2026/10/08 01:35:39.816, 0, 120 MHz, 3996 MHz, 185.94 W, 35
2026/10/08 01:35:39.816, 1, 120 MHz, 3996 MHz, 187.96 W, 38
2026/10/08 01:35:39.816, 2, 120 MHz, 3996 MHz, 184.09 W, 32
2026/10/08 01:35:39.816, 3, 120 MHz, 3996 MHz, 182.36 W, 32
2026/10/08 01:35:39.816, 4, 2032 MHz, 3996 MHz, 256.61 W, 39
2026/10/08 01:35:39.816, 5, 2032 MHz, 3996 MHz, 244.80 W, 37
2026/10/08 01:35:39.816, 6, 120 MHz, 3996 MHz, 184.83 W, 31
2026/10/08 01:35:39.816, 7, 120 MHz, 3996 MHz, 184.59 W, 30
2026/10/08 01:35:40.016, 0, 120 MHz, 3996 MHz, 185.82 W, 35
2026/10/08 01:35:40.017, 1, 120 MHz, 3996 MHz, 188.00 W, 38
2026/10/08 01:35:40.017, 2, 120 MHz, 3996 MHz, 184.09 W, 32
2026/10/08 01:35:40.017, 3, 120 MHz, 3996 MHz, 182.40 W, 32
2026/10/08 01:35:40.017, 4, 2032 MHz, 3996 MHz, 262.00 W, 39
2026/10/08 01:35:40.017, 5, 2032 MHz, 3996 MHz, 245.09 W, 37
2026/10/08 01:35:40.017, 6, 120 MHz, 3996 MHz, 184.83 W, 31
2026/10/08 01:35:40.017, 7, 120 MHz, 3996 MHz, 184.59 W, 30
2026/10/08 01:35:40.217, 0, 120 MHz, 3996 MHz, 185.82 W, 35
2026/10/08 01:35:40.217, 1, 120 MHz, 3996 MHz, 188.07 W, 38
2026/10/08 01:35:40.217, 2, 120 MHz, 3996 MHz, 184.09 W, 32
2026/10/08 01:35:40.217, 3, 120 MHz, 3996 MHz, 182.32 W, 32
2026/10/08 01:35:40.217, 4, 2032 MHz, 3996 MHz, 252.53 W, 39
2026/10/08 01:35:40.217, 5, 2032 MHz, 3996 MHz, 246.02 W, 37
2026/10/08 01:35:40.217, 6, 120 MHz, 3996 MHz, 184.83 W, 31
2026/10/08 01:35:40.217, 7, 120 MHz, 3996 MHz, 184.59 W, 30
2026/10/08 01:35:40.417, 0, 120 MHz, 3996 MHz, 185.82 W, 35
2026/10/08 01:35:40.417, 1, 120 MHz, 3996 MHz, 187.99 W, 38
2026/10/08 01:35:40.417, 2, 120 MHz, 3996 MHz, 184.09 W, 32
2026/10/08 01:35:40.417, 3, 120 MHz, 3996 MHz, 182.31 W, 32
2026/10/08 01:35:40.417, 4, 2032 MHz, 3996 MHz, 252.32 W, 39
2026/10/08 01:35:40.417, 5, 2032 MHz, 3996 MHz, 250.72 W, 37
2026/10/08 01:35:40.417, 6, 120 MHz, 3996 MHz, 184.83 W, 31
2026/10/08 01:35:40.417, 7, 120 MHz, 3996 MHz, 184.63 W, 30
2026/10/08 01:35:40.617, 0, 120 MHz, 3996 MHz, 185.84 W, 35
2026/10/08 01:35:40.617, 1, 120 MHz, 3996 MHz, 187.99 W, 38
2026/10/08 01:35:40.617, 2, 120 MHz, 3996 MHz, 184.09 W, 32
2026/10/08 01:35:40.617, 3, 120 MHz, 3996 MHz, 182.23 W, 32
2026/10/08 01:35:40.617, 4, 2032 MHz, 3996 MHz, 252.12 W, 39
2026/10/08 01:35:40.617, 5, 2032 MHz, 3996 MHz, 243.28 W, 37
2026/10/08 01:35:40.617, 6, 120 MHz, 3996 MHz, 184.83 W, 31
2026/10/08 01:35:40.617, 7, 120 MHz, 3996 MHz, 184.63 W, 30
2026/10/08 01:35:40.818, 0, 120 MHz, 3996 MHz, 185.72 W, 35
2026/10/08 01:35:40.818, 1, 120 MHz, 3996 MHz, 187.92 W, 38
2026/10/08 01:35:40.818, 2, 120 MHz, 3996 MHz, 184.09 W, 32
2026/10/08 01:35:40.818, 3, 120 MHz, 3996 MHz, 182.18 W, 32
2026/10/08 01:35:40.818, 4, 2032 MHz, 3996 MHz, 251.92 W, 39
2026/10/08 01:35:40.818, 5, 2032 MHz, 3996 MHz, 243.27 W, 37
2026/10/08 01:35:40.818, 6, 120 MHz, 3996 MHz, 184.83 W, 31
2026/10/08 01:35:40.818, 7, 120 MHz, 3996 MHz, 184.63 W, 30
2026/10/08 01:35:41.018, 0, 120 MHz, 3996 MHz, 185.76 W, 35
2026/10/08 01:35:41.018, 1, 120 MHz, 3996 MHz, 187.72 W, 38
2026/10/08 01:35:41.018, 2, 120 MHz, 3996 MHz, 184.09 W, 32
2026/10/08 01:35:41.018, 3, 120 MHz, 3996 MHz, 182.15 W, 32
2026/10/08 01:35:41.018, 4, 2032 MHz, 3996 MHz, 246.30 W, 39
2026/10/08 01:35:41.018, 5, 2032 MHz, 3996 MHz, 243.27 W, 37
2026/10/08 01:35:41.018, 6, 120 MHz, 3996 MHz, 184.83 W, 31
2026/10/08 01:35:41.018, 7, 120 MHz, 3996 MHz, 184.63 W, 30
2026/10/08 01:35:41.218, 0, 120 MHz, 3996 MHz, 185.83 W, 35
2026/10/08 01:35:41.218, 1, 120 MHz, 3996 MHz, 187.68 W, 38
2026/10/08 01:35:41.218, 2, 120 MHz, 3996 MHz, 184.09 W, 32
2026/10/08 01:35:41.218, 3, 120 MHz, 3996 MHz, 182.17 W, 32
2026/10/08 01:35:41.218, 4, 2032 MHz, 3996 MHz, 246.26 W, 39
2026/10/08 01:35:41.218, 5, 2032 MHz, 3996 MHz, 242.55 W, 37
2026/10/08 01:35:41.218, 6, 120 MHz, 3996 MHz, 184.83 W, 31
2026/10/08 01:35:41.218, 7, 120 MHz, 3996 MHz, 184.63 W, 30
2026/10/08 01:35:41.418, 0, 120 MHz, 3996 MHz, 185.88 W, 35
2026/10/08 01:35:41.419, 1, 120 MHz, 3996 MHz, 187.65 W, 38
2026/10/08 01:35:41.419, 2, 120 MHz, 3996 MHz, 184.09 W, 32
2026/10/08 01:35:41.419, 3, 120 MHz, 3996 MHz, 182.18 W, 32
2026/10/08 01:35:41.419, 4, 2032 MHz, 3996 MHz, 246.28 W, 39
2026/10/08 01:35:41.419, 5, 2032 MHz, 3996 MHz, 238.35 W, 37
2026/10/08 01:35:41.419, 6, 120 MHz, 3996 MHz, 184.83 W, 31
2026/10/08 01:35:41.419, 7, 120 MHz, 3996 MHz, 184.59 W, 30
2026/10/08 01:35:41.619, 0, 120 MHz, 3996 MHz, 185.87 W, 35
2026/10/08 01:35:41.619, 1, 120 MHz, 3996 MHz, 187.69 W, 38
2026/10/08 01:35:41.619, 2, 120 MHz, 3996 MHz, 184.09 W, 32
2026/10/08 01:35:41.619, 3, 120 MHz, 3996 MHz, 182.23 W, 32
2026/10/08 01:35:41.619, 4, 2032 MHz, 3996 MHz, 246.28 W, 39
2026/10/08 01:35:41.619, 5, 2032 MHz, 3996 MHz, 238.26 W, 37
2026/10/08 01:35:41.619, 6, 120 MHz, 3996 MHz, 184.83 W, 31
2026/10/08 01:35:41.619, 7, 120 MHz, 3996 MHz, 184.59 W, 30
2026/10/08 01:35:41.819, 0, 120 MHz, 3996 MHz, 185.82 W, 35
2026/10/08 01:35:41.819, 1, 120 MHz, 3996 MHz, 187.61 W, 38
2026/10/08 01:35:41.819, 2, 120 MHz, 3996 MHz, 184.09 W, 32
2026/10/08 01:35:41.819, 3, 120 MHz, 3996 MHz, 182.26 W, 32
2026/10/08 01:35:41.819, 4, 2032 MHz, 3996 MHz, 246.28 W, 39
2026/10/08 01:35:41.819, 5, 2032 MHz, 3996 MHz, 238.21 W, 37
2026/10/08 01:35:41.819, 6, 120 MHz, 3996 MHz, 184.83 W, 31
2026/10/08 01:35:41.819, 7, 120 MHz, 3996 MHz, 184.59 W, 30
2026/10/08 01:35:42.019, 0, 120 MHz, 3996 MHz, 185.72 W, 35
2026/10/08 01:35:42.019, 1, 120 MHz, 3996 MHz, 187.77 W, 38
2026/10/08 01:35:42.019, 2, 120 MHz, 3996 MHz, 184.09 W, 31
2026/10/08 01:35:42.019, 3, 120 MHz, 3996 MHz, 182.30 W, 32
2026/10/08 01:35:42.019, 4, 2032 MHz, 3996 MHz, 246.28 W, 39
2026/10/08 01:35:42.019, 5, 2032 MHz, 3996 MHz, 238.18 W, 37
2026/10/08 01:35:42.019, 6, 120 MHz, 3996 MHz, 184.83 W, 31
2026/10/08 01:35:42.019, 7, 120 MHz, 3996 MHz, 184.59 W, 30
2026/10/08 01:35:42.220, 0, 120 MHz, 3996 MHz, 185.76 W, 35
2026/10/08 01:35:42.220, 1, 120 MHz, 3996 MHz, 187.77 W, 38
2026/10/08 01:35:42.220, 2, 120 MHz, 3996 MHz, 184.09 W, 31
2026/10/08 01:35:42.220, 3, 120 MHz, 3996 MHz, 182.30 W, 32
2026/10/08 01:35:42.220, 4, 2032 MHz, 3996 MHz, 246.28 W, 39
2026/10/08 01:35:42.220, 5, 2032 MHz, 3996 MHz, 238.12 W, 37
2026/10/08 01:35:42.220, 6, 120 MHz, 3996 MHz, 184.83 W, 31
2026/10/08 01:35:42.220, 7, 120 MHz, 3996 MHz, 184.59 W, 30
2026/10/08 01:35:42.420, 0, 120 MHz, 3996 MHz, 185.80 W, 35
2026/10/08 01:35:42.420, 1, 120 MHz, 3996 MHz, 187.85 W, 38
2026/10/08 01:35:42.420, 2, 120 MHz, 3996 MHz, 184.09 W, 31
2026/10/08 01:35:42.420, 3, 120 MHz, 3996 MHz, 182.30 W, 31
2026/10/08 01:35:42.420, 4, 2032 MHz, 3996 MHz, 278.90 W, 42
2026/10/08 01:35:42.420, 5, 2032 MHz, 3996 MHz, 238.07 W, 37
2026/10/08 01:35:42.420, 6, 120 MHz, 3996 MHz, 184.83 W, 31
2026/10/08 01:35:42.420, 7, 120 MHz, 3996 MHz, 184.59 W, 30
2026/10/08 01:35:42.620, 0, 120 MHz, 3996 MHz, 185.80 W, 35
2026/10/08 01:35:42.620, 1, 120 MHz, 3996 MHz, 187.88 W, 38
2026/10/08 01:35:42.620, 2, 120 MHz, 3996 MHz, 184.09 W, 31
2026/10/08 01:35:42.620, 3, 120 MHz, 3996 MHz, 182.25 W, 31
2026/10/08 01:35:42.620, 4, 2032 MHz, 3996 MHz, 285.05 W, 40
2026/10/08 01:35:42.620, 5, 2032 MHz, 3996 MHz, 238.07 W, 37
2026/10/08 01:35:42.620, 6, 120 MHz, 3996 MHz, 184.83 W, 31
2026/10/08 01:35:42.620, 7, 120 MHz, 3996 MHz, 184.59 W, 30
2026/10/08 01:35:42.821, 0, 120 MHz, 3996 MHz, 185.95 W, 35
2026/10/08 01:35:42.821, 1, 120 MHz, 3996 MHz, 187.88 W, 38
2026/10/08 01:35:42.821, 2, 120 MHz, 3996 MHz, 184.09 W, 31
2026/10/08 01:35:42.821, 3, 120 MHz, 3996 MHz, 182.21 W, 31
2026/10/08 01:35:42.821, 4, 2032 MHz, 3996 MHz, 285.04 W, 39
2026/10/08 01:35:42.821, 5, 2032 MHz, 3996 MHz, 268.68 W, 40
2026/10/08 01:35:42.821, 6, 120 MHz, 3996 MHz, 184.83 W, 31
2026/10/08 01:35:42.821, 7, 120 MHz, 3996 MHz, 184.78 W, 30
2026/10/08 01:35:43.021, 0, 120 MHz, 3996 MHz, 185.95 W, 35
2026/10/08 01:35:43.021, 1, 120 MHz, 3996 MHz, 187.72 W, 38
2026/10/08 01:35:43.021, 2, 120 MHz, 3996 MHz, 184.09 W, 31
2026/10/08 01:35:43.021, 3, 120 MHz, 3996 MHz, 182.16 W, 31
2026/10/08 01:35:43.021, 4, 2032 MHz, 3996 MHz, 285.04 W, 39
2026/10/08 01:35:43.021, 5, 2032 MHz, 3996 MHz, 269.82 W, 38
2026/10/08 01:35:43.021, 6, 120 MHz, 3996 MHz, 184.83 W, 31
2026/10/08 01:35:43.021, 7, 120 MHz, 3996 MHz, 184.94 W, 30
2026/10/08 01:35:43.221, 0, 120 MHz, 3996 MHz, 185.76 W, 35
2026/10/08 01:35:43.221, 1, 120 MHz, 3996 MHz, 187.73 W, 38
2026/10/08 01:35:43.221, 2, 120 MHz, 3996 MHz, 184.09 W, 31
2026/10/08 01:35:43.221, 3, 120 MHz, 3996 MHz, 182.15 W, 31
2026/10/08 01:35:43.221, 4, 2032 MHz, 3996 MHz, 285.03 W, 39
2026/10/08 01:35:43.221, 5, 2032 MHz, 3996 MHz, 269.80 W, 38
2026/10/08 01:35:43.221, 6, 120 MHz, 3996 MHz, 184.83 W, 31
2026/10/08 01:35:43.221, 7, 120 MHz, 3996 MHz, 185.31 W, 30
2026/10/08 01:35:43.421, 0, 120 MHz, 3996 MHz, 185.68 W, 35
2026/10/08 01:35:43.421, 1, 120 MHz, 3996 MHz, 187.68 W, 38
2026/10/08 01:35:43.421, 2, 120 MHz, 3996 MHz, 184.09 W, 31
2026/10/08 01:35:43.422, 3, 120 MHz, 3996 MHz, 182.14 W, 31
2026/10/08 01:35:43.422, 4, 2032 MHz, 3996 MHz, 253.18 W, 39
2026/10/08 01:35:43.422, 5, 2032 MHz, 3996 MHz, 269.66 W, 37
2026/10/08 01:35:43.422, 6, 120 MHz, 3996 MHz, 184.83 W, 31
2026/10/08 01:35:43.422, 7, 120 MHz, 3996 MHz, 185.63 W, 30
2026/10/08 01:35:43.622, 0, 120 MHz, 3996 MHz, 185.68 W, 35
2026/10/08 01:35:43.622, 1, 120 MHz, 3996 MHz, 187.49 W, 38
2026/10/08 01:35:43.622, 2, 120 MHz, 3996 MHz, 184.09 W, 31
2026/10/08 01:35:43.622, 3, 120 MHz, 3996 MHz, 182.14 W, 31
2026/10/08 01:35:43.622, 4, 2032 MHz, 3996 MHz, 246.22 W, 39
2026/10/08 01:35:43.622, 5, 2032 MHz, 3996 MHz, 269.41 W, 37
2026/10/08 01:35:43.622, 6, 120 MHz, 3996 MHz, 184.83 W, 31
2026/10/08 01:35:43.622, 7, 120 MHz, 3996 MHz, 185.81 W, 30
2026/10/08 01:35:43.822, 0, 120 MHz, 3996 MHz, 185.59 W, 35
2026/10/08 01:35:43.822, 1, 120 MHz, 3996 MHz, 187.53 W, 38
2026/10/08 01:35:43.822, 2, 120 MHz, 3996 MHz, 184.09 W, 31
2026/10/08 01:35:43.822, 3, 120 MHz, 3996 MHz, 182.14 W, 31
2026/10/08 01:35:43.822, 4, 2032 MHz, 3996 MHz, 246.18 W, 39
2026/10/08 01:35:43.822, 5, 2032 MHz, 3996 MHz, 238.00 W, 37
2026/10/08 01:35:43.822, 6, 120 MHz, 3996 MHz, 184.83 W, 31
2026/10/08 01:35:43.822, 7, 120 MHz, 3996 MHz, 185.99 W, 30
2026/10/08 01:35:44.022, 0, 120 MHz, 3996 MHz, 185.63 W, 35
2026/10/08 01:35:44.022, 1, 120 MHz, 3996 MHz, 187.57 W, 38
2026/10/08 01:35:44.022, 2, 120 MHz, 3996 MHz, 184.09 W, 31
2026/10/08 01:35:44.022, 3, 120 MHz, 3996 MHz, 182.14 W, 31
2026/10/08 01:35:44.022, 4, 2032 MHz, 3996 MHz, 246.16 W, 39
2026/10/08 01:35:44.022, 5, 2032 MHz, 3996 MHz, 237.27 W, 37
2026/10/08 01:35:44.022, 6, 120 MHz, 3996 MHz, 184.83 W, 31
2026/10/08 01:35:44.022, 7, 120 MHz, 3996 MHz, 186.07 W, 30
2026/10/08 01:35:44.222, 0, 120 MHz, 3996 MHz, 185.71 W, 35
2026/10/08 01:35:44.223, 1, 120 MHz, 3996 MHz, 187.58 W, 38
2026/10/08 01:35:44.223, 2, 120 MHz, 3996 MHz, 184.09 W, 31
2026/10/08 01:35:44.223, 3, 120 MHz, 3996 MHz, 182.14 W, 31
2026/10/08 01:35:44.223, 4, 2032 MHz, 3996 MHz, 246.09 W, 39
2026/10/08 01:35:44.223, 5, 2032 MHz, 3996 MHz, 237.15 W, 37
2026/10/08 01:35:44.223, 6, 120 MHz, 3996 MHz, 184.83 W, 31
2026/10/08 01:35:44.223, 7, 120 MHz, 3996 MHz, 185.99 W, 30
2026/10/08 01:35:44.423, 0, 120 MHz, 3996 MHz, 185.61 W, 35
2026/10/08 01:35:44.423, 1, 120 MHz, 3996 MHz, 187.49 W, 38
2026/10/08 01:35:44.423, 2, 120 MHz, 3996 MHz, 184.09 W, 31
2026/10/08 01:35:44.423, 3, 120 MHz, 3996 MHz, 182.14 W, 31
2026/10/08 01:35:44.423, 4, 2032 MHz, 3996 MHz, 246.05 W, 39
2026/10/08 01:35:44.423, 5, 2032 MHz, 3996 MHz, 237.17 W, 37
2026/10/08 01:35:44.423, 6, 120 MHz, 3996 MHz, 184.83 W, 31
2026/10/08 01:35:44.423, 7, 120 MHz, 3996 MHz, 185.96 W, 30
2026/10/08 01:35:44.623, 0, 120 MHz, 3996 MHz, 185.42 W, 35
2026/10/08 01:35:44.623, 1, 120 MHz, 3996 MHz, 187.62 W, 38
2026/10/08 01:35:44.623, 2, 120 MHz, 3996 MHz, 184.09 W, 31
2026/10/08 01:35:44.623, 3, 120 MHz, 3996 MHz, 182.18 W, 31
2026/10/08 01:35:44.623, 4, 2032 MHz, 3996 MHz, 245.94 W, 39
2026/10/08 01:35:44.623, 5, 2032 MHz, 3996 MHz, 237.24 W, 37
2026/10/08 01:35:44.623, 6, 120 MHz, 3996 MHz, 184.83 W, 31
2026/10/08 01:35:44.623, 7, 120 MHz, 3996 MHz, 186.07 W, 30
2026/10/08 01:35:44.823, 0, 120 MHz, 3996 MHz, 185.46 W, 35
2026/10/08 01:35:44.823, 1, 120 MHz, 3996 MHz, 187.62 W, 38
2026/10/08 01:35:44.823, 2, 120 MHz, 3996 MHz, 184.09 W, 31
2026/10/08 01:35:44.823, 3, 120 MHz, 3996 MHz, 182.18 W, 31
2026/10/08 01:35:44.823, 4, 2032 MHz, 3996 MHz, 245.93 W, 39
2026/10/08 01:35:44.823, 5, 2032 MHz, 3996 MHz, 237.43 W, 37
2026/10/08 01:35:44.823, 6, 120 MHz, 3996 MHz, 184.83 W, 31
2026/10/08 01:35:44.823, 7, 120 MHz, 3996 MHz, 185.95 W, 30
2026/10/08 01:35:45.024, 0, 120 MHz, 3996 MHz, 185.44 W, 35
2026/10/08 01:35:45.024, 1, 120 MHz, 3996 MHz, 187.53 W, 38
2026/10/08 01:35:45.024, 2, 120 MHz, 3996 MHz, 184.09 W, 31
2026/10/08 01:35:45.024, 3, 120 MHz, 3996 MHz, 182.18 W, 31
2026/10/08 01:35:45.024, 4, 2032 MHz, 3996 MHz, 245.90 W, 39
2026/10/08 01:35:45.024, 5, 2032 MHz, 3996 MHz, 237.48 W, 37
2026/10/08 01:35:45.024, 6, 120 MHz, 3996 MHz, 184.83 W, 31
2026/10/08 01:35:45.024, 7, 120 MHz, 3996 MHz, 185.96 W, 30
2026/10/08 01:35:45.224, 0, 120 MHz, 3996 MHz, 185.36 W, 35
2026/10/08 01:35:45.224, 1, 120 MHz, 3996 MHz, 187.50 W, 37
2026/10/08 01:35:45.224, 2, 120 MHz, 3996 MHz, 184.09 W, 31
2026/10/08 01:35:45.224, 3, 120 MHz, 3996 MHz, 182.18 W, 31
2026/10/08 01:35:45.224, 4, 2032 MHz, 3996 MHz, 245.89 W, 39
2026/10/08 01:35:45.224, 5, 2032 MHz, 3996 MHz, 237.43 W, 37
2026/10/08 01:35:45.224, 6, 120 MHz, 3996 MHz, 184.83 W, 31
2026/10/08 01:35:45.224, 7, 120 MHz, 3996 MHz, 186.00 W, 30
2026/10/08 01:35:45.424, 0, 120 MHz, 3996 MHz, 185.44 W, 35
2026/10/08 01:35:45.424, 1, 120 MHz, 3996 MHz, 187.60 W, 38
2026/10/08 01:35:45.424, 2, 120 MHz, 3996 MHz, 184.09 W, 31
2026/10/08 01:35:45.424, 3, 120 MHz, 3996 MHz, 182.18 W, 31
2026/10/08 01:35:45.424, 4, 2032 MHz, 3996 MHz, 258.08 W, 39
2026/10/08 01:35:45.424, 5, 2032 MHz, 3996 MHz, 237.45 W, 37
2026/10/08 01:35:45.424, 6, 120 MHz, 3996 MHz, 184.83 W, 31
2026/10/08 01:35:45.424, 7, 120 MHz, 3996 MHz, 186.02 W, 30
2026/10/08 01:35:45.624, 0, 120 MHz, 3996 MHz, 185.59 W, 35
2026/10/08 01:35:45.624, 1, 120 MHz, 3996 MHz, 187.68 W, 37
2026/10/08 01:35:45.624, 2, 120 MHz, 3996 MHz, 184.09 W, 31
2026/10/08 01:35:45.624, 3, 120 MHz, 3996 MHz, 182.16 W, 31
2026/10/08 01:35:45.625, 4, 1207 MHz, 3996 MHz, 440.83 W, 52
2026/10/08 01:35:45.625, 5, 2032 MHz, 3996 MHz, 237.10 W, 37
2026/10/08 01:35:45.625, 6, 120 MHz, 3996 MHz, 184.83 W, 31
2026/10/08 01:35:45.625, 7, 120 MHz, 3996 MHz, 185.88 W, 30
2026/10/08 01:35:45.825, 0, 120 MHz, 3996 MHz, 185.61 W, 35
2026/10/08 01:35:45.825, 1, 120 MHz, 3996 MHz, 187.76 W, 37
2026/10/08 01:35:45.825, 2, 120 MHz, 3996 MHz, 184.09 W, 31
2026/10/08 01:35:45.825, 3, 120 MHz, 3996 MHz, 182.16 W, 31
2026/10/08 01:35:45.825, 4, 1200 MHz, 3996 MHz, 619.53 W, 55
2026/10/08 01:35:45.825, 5, 2032 MHz, 3996 MHz, 249.93 W, 37
2026/10/08 01:35:45.825, 6, 120 MHz, 3996 MHz, 184.83 W, 31
2026/10/08 01:35:45.825, 7, 120 MHz, 3996 MHz, 185.87 W, 30
2026/10/08 01:35:46.025, 0, 120 MHz, 3996 MHz, 185.50 W, 35
2026/10/08 01:35:46.025, 1, 120 MHz, 3996 MHz, 187.81 W, 38
2026/10/08 01:35:46.025, 2, 120 MHz, 3996 MHz, 184.09 W, 31
2026/10/08 01:35:46.025, 3, 120 MHz, 3996 MHz, 182.15 W, 31
2026/10/08 01:35:46.025, 4, 1185 MHz, 3996 MHz, 783.22 W, 56
2026/10/08 01:35:46.025, 5, 1230 MHz, 3996 MHz, 425.35 W, 49
2026/10/08 01:35:46.025, 6, 120 MHz, 3996 MHz, 184.83 W, 31
2026/10/08 01:35:46.025, 7, 120 MHz, 3996 MHz, 185.79 W, 30
2026/10/08 01:35:46.225, 0, 120 MHz, 3996 MHz, 185.50 W, 35
2026/10/08 01:35:46.225, 1, 120 MHz, 3996 MHz, 187.76 W, 37
2026/10/08 01:35:46.225, 2, 120 MHz, 3996 MHz, 184.09 W, 31
2026/10/08 01:35:46.225, 3, 120 MHz, 3996 MHz, 182.15 W, 31
2026/10/08 01:35:46.225, 4, 1207 MHz, 3996 MHz, 950.93 W, 57
2026/10/08 01:35:46.225, 5, 1207 MHz, 3996 MHz, 605.67 W, 52
2026/10/08 01:35:46.225, 6, 120 MHz, 3996 MHz, 184.83 W, 31
2026/10/08 01:35:46.225, 7, 120 MHz, 3996 MHz, 185.73 W, 30
2026/10/08 01:35:46.425, 0, 120 MHz, 3996 MHz, 185.40 W, 35
2026/10/08 01:35:46.426, 1, 120 MHz, 3996 MHz, 187.77 W, 37
2026/10/08 01:35:46.426, 2, 120 MHz, 3996 MHz, 184.09 W, 31
2026/10/08 01:35:46.426, 3, 120 MHz, 3996 MHz, 182.15 W, 31
2026/10/08 01:35:46.426, 4, 1110 MHz, 3996 MHz, 1105.08 W, 57
2026/10/08 01:35:46.426, 5, 1185 MHz, 3996 MHz, 771.76 W, 53
2026/10/08 01:35:46.426, 6, 120 MHz, 3996 MHz, 184.83 W, 31
2026/10/08 01:35:46.426, 7, 120 MHz, 3996 MHz, 185.58 W, 30
2026/10/08 01:35:46.626, 0, 120 MHz, 3996 MHz, 185.46 W, 35
2026/10/08 01:35:46.626, 1, 120 MHz, 3996 MHz, 187.72 W, 37
2026/10/08 01:35:46.626, 2, 120 MHz, 3996 MHz, 184.09 W, 31
2026/10/08 01:35:46.626, 3, 120 MHz, 3996 MHz, 182.15 W, 31
2026/10/08 01:35:46.626, 4, 1117 MHz, 3996 MHz, 1095.55 W, 58
2026/10/08 01:35:46.626, 5, 1200 MHz, 3996 MHz, 942.68 W, 55
2026/10/08 01:35:46.626, 6, 120 MHz, 3996 MHz, 184.83 W, 31
2026/10/08 01:35:46.626, 7, 120 MHz, 3996 MHz, 185.54 W, 30
2026/10/08 01:35:46.826, 0, 120 MHz, 3996 MHz, 185.48 W, 35
2026/10/08 01:35:46.826, 1, 120 MHz, 3996 MHz, 187.60 W, 37
2026/10/08 01:35:46.826, 2, 120 MHz, 3996 MHz, 184.09 W, 31
2026/10/08 01:35:46.826, 3, 120 MHz, 3996 MHz, 182.16 W, 31
2026/10/08 01:35:46.826, 4, 1290 MHz, 3996 MHz, 1078.91 W, 59
2026/10/08 01:35:46.826, 5, 1305 MHz, 3996 MHz, 1097.97 W, 55
2026/10/08 01:35:46.826, 6, 120 MHz, 3996 MHz, 184.83 W, 31
2026/10/08 01:35:46.826, 7, 120 MHz, 3996 MHz, 185.46 W, 30
2026/10/08 01:35:47.026, 0, 120 MHz, 3996 MHz, 185.65 W, 35
2026/10/08 01:35:47.026, 1, 120 MHz, 3996 MHz, 187.68 W, 37
2026/10/08 01:35:47.026, 2, 120 MHz, 3996 MHz, 184.09 W, 31
2026/10/08 01:35:47.026, 3, 120 MHz, 3996 MHz, 182.16 W, 31
2026/10/08 01:35:47.026, 4, 1095 MHz, 3996 MHz, 1089.68 W, 58
2026/10/08 01:35:47.026, 5, 1275 MHz, 3996 MHz, 1090.66 W, 55
2026/10/08 01:35:47.026, 6, 120 MHz, 3996 MHz, 184.83 W, 31
2026/10/08 01:35:47.027, 7, 120 MHz, 3996 MHz, 185.39 W, 30
2026/10/08 01:35:47.227, 0, 120 MHz, 3996 MHz, 185.63 W, 35
2026/10/08 01:35:47.227, 1, 120 MHz, 3996 MHz, 187.69 W, 37
2026/10/08 01:35:47.227, 2, 120 MHz, 3996 MHz, 184.09 W, 31
2026/10/08 01:35:47.227, 3, 120 MHz, 3996 MHz, 182.17 W, 31
2026/10/08 01:35:47.227, 4, 1132 MHz, 3996 MHz, 1085.75 W, 59
2026/10/08 01:35:47.227, 5, 1147 MHz, 3996 MHz, 1085.99 W, 56
2026/10/08 01:35:47.227, 6, 120 MHz, 3996 MHz, 184.83 W, 31
2026/10/08 01:35:47.227, 7, 120 MHz, 3996 MHz, 185.33 W, 30
2026/10/08 01:35:47.427, 0, 120 MHz, 3996 MHz, 185.61 W, 35
2026/10/08 01:35:47.427, 1, 120 MHz, 3996 MHz, 187.64 W, 37
2026/10/08 01:35:47.427, 2, 120 MHz, 3996 MHz, 184.09 W, 31
2026/10/08 01:35:47.427, 3, 120 MHz, 3996 MHz, 182.17 W, 31
2026/10/08 01:35:47.427, 4, 1125 MHz, 3996 MHz, 1080.65 W, 58
2026/10/08 01:35:47.427, 5, 1305 MHz, 3996 MHz, 1084.67 W, 56
2026/10/08 01:35:47.427, 6, 120 MHz, 3996 MHz, 184.83 W, 31
2026/10/08 01:35:47.427, 7, 120 MHz, 3996 MHz, 185.42 W, 30
2026/10/08 01:35:47.627, 0, 120 MHz, 3996 MHz, 185.48 W, 35
2026/10/08 01:35:47.627, 1, 120 MHz, 3996 MHz, 187.62 W, 37
2026/10/08 01:35:47.627, 2, 120 MHz, 3996 MHz, 184.09 W, 31
2026/10/08 01:35:47.627, 3, 120 MHz, 3996 MHz, 182.17 W, 31
2026/10/08 01:35:47.627, 4, 1102 MHz, 3996 MHz, 1082.92 W, 59
2026/10/08 01:35:47.627, 5, 1282 MHz, 3996 MHz, 1082.53 W, 56
2026/10/08 01:35:47.627, 6, 120 MHz, 3996 MHz, 184.83 W, 31
2026/10/08 01:35:47.627, 7, 120 MHz, 3996 MHz, 185.48 W, 30
2026/10/08 01:35:47.827, 0, 120 MHz, 3996 MHz, 185.49 W, 35
2026/10/08 01:35:47.828, 1, 120 MHz, 3996 MHz, 187.68 W, 37
2026/10/08 01:35:47.828, 2, 120 MHz, 3996 MHz, 184.09 W, 31
2026/10/08 01:35:47.828, 3, 120 MHz, 3996 MHz, 182.18 W, 31
2026/10/08 01:35:47.828, 4, 1282 MHz, 3996 MHz, 1083.39 W, 60
2026/10/08 01:35:47.828, 5, 1177 MHz, 3996 MHz, 1093.80 W, 57
2026/10/08 01:35:47.828, 6, 120 MHz, 3996 MHz, 184.83 W, 31
2026/10/08 01:35:47.828, 7, 120 MHz, 3996 MHz, 185.49 W, 30
2026/10/08 01:35:48.028, 0, 120 MHz, 3996 MHz, 185.43 W, 35
2026/10/08 01:35:48.028, 1, 120 MHz, 3996 MHz, 187.69 W, 37
2026/10/08 01:35:48.028, 2, 120 MHz, 3996 MHz, 184.09 W, 31
2026/10/08 01:35:48.028, 3, 120 MHz, 3996 MHz, 182.17 W, 31
2026/10/08 01:35:48.028, 4, 1102 MHz, 3996 MHz, 1081.48 W, 59
2026/10/08 01:35:48.028, 5, 1312 MHz, 3996 MHz, 1090.32 W, 57
2026/10/08 01:35:48.028, 6, 120 MHz, 3996 MHz, 184.83 W, 31
2026/10/08 01:35:48.028, 7, 120 MHz, 3996 MHz, 185.50 W, 30
2026/10/08 01:35:48.228, 0, 120 MHz, 3996 MHz, 185.38 W, 35
2026/10/08 01:35:48.228, 1, 120 MHz, 3996 MHz, 187.64 W, 37
2026/10/08 01:35:48.228, 2, 120 MHz, 3996 MHz, 184.09 W, 31
2026/10/08 01:35:48.228, 3, 120 MHz, 3996 MHz, 182.17 W, 31
2026/10/08 01:35:48.228, 4, 1117 MHz, 3996 MHz, 1085.16 W, 59
2026/10/08 01:35:48.228, 5, 1155 MHz, 3996 MHz, 1088.00 W, 57
2026/10/08 01:35:48.228, 6, 120 MHz, 3996 MHz, 184.83 W, 31
2026/10/08 01:35:48.228, 7, 120 MHz, 3996 MHz, 185.38 W, 30
2026/10/08 01:35:48.428, 0, 120 MHz, 3996 MHz, 185.26 W, 35
2026/10/08 01:35:48.428, 1, 120 MHz, 3996 MHz, 187.66 W, 37
2026/10/08 01:35:48.428, 2, 120 MHz, 3996 MHz, 184.09 W, 31
2026/10/08 01:35:48.428, 3, 120 MHz, 3996 MHz, 182.18 W, 31
2026/10/08 01:35:48.428, 4, 1155 MHz, 3996 MHz, 1081.17 W, 59
2026/10/08 01:35:48.428, 5, 1170 MHz, 3996 MHz, 1094.12 W, 57
2026/10/08 01:35:48.428, 6, 120 MHz, 3996 MHz, 184.83 W, 31
2026/10/08 01:35:48.428, 7, 120 MHz, 3996 MHz, 185.20 W, 30
2026/10/08 01:35:48.629, 0, 120 MHz, 3996 MHz, 185.23 W, 35
2026/10/08 01:35:48.629, 1, 120 MHz, 3996 MHz, 187.54 W, 37
2026/10/08 01:35:48.629, 2, 120 MHz, 3996 MHz, 184.09 W, 31
2026/10/08 01:35:48.629, 3, 120 MHz, 3996 MHz, 182.19 W, 31
2026/10/08 01:35:48.629, 4, 1110 MHz, 3996 MHz, 1083.10 W, 59
2026/10/08 01:35:48.629, 5, 1305 MHz, 3996 MHz, 1088.18 W, 57
2026/10/08 01:35:48.629, 6, 120 MHz, 3996 MHz, 184.83 W, 31
2026/10/08 01:35:48.629, 7, 120 MHz, 3996 MHz, 185.16 W, 30
2026/10/08 01:35:48.829, 0, 120 MHz, 3996 MHz, 185.19 W, 35
2026/10/08 01:35:48.829, 1, 120 MHz, 3996 MHz, 187.51 W, 37
2026/10/08 01:35:48.829, 2, 120 MHz, 3996 MHz, 184.09 W, 31
2026/10/08 01:35:48.829, 3, 120 MHz, 3996 MHz, 182.17 W, 31
2026/10/08 01:35:48.829, 4, 1267 MHz, 3996 MHz, 1084.33 W, 60
2026/10/08 01:35:48.829, 5, 1110 MHz, 3996 MHz, 1087.24 W, 58
2026/10/08 01:35:48.829, 6, 120 MHz, 3996 MHz, 184.83 W, 31
2026/10/08 01:35:48.829, 7, 120 MHz, 3996 MHz, 185.07 W, 30
2026/10/08 01:35:49.029, 0, 120 MHz, 3996 MHz, 185.09 W, 35
2026/10/08 01:35:49.029, 1, 120 MHz, 3996 MHz, 187.35 W, 37
2026/10/08 01:35:49.029, 2, 120 MHz, 3996 MHz, 184.09 W, 31
2026/10/08 01:35:49.029, 3, 120 MHz, 3996 MHz, 182.18 W, 31
2026/10/08 01:35:49.029, 4, 1117 MHz, 3996 MHz, 1078.68 W, 59
2026/10/08 01:35:49.029, 5, 1162 MHz, 3996 MHz, 1090.47 W, 58
2026/10/08 01:35:49.029, 6, 120 MHz, 3996 MHz, 184.83 W, 31
2026/10/08 01:35:49.029, 7, 120 MHz, 3996 MHz, 185.03 W, 30
2026/10/08 01:35:49.229, 0, 120 MHz, 3996 MHz, 185.19 W, 35
2026/10/08 01:35:49.229, 1, 120 MHz, 3996 MHz, 187.49 W, 37
2026/10/08 01:35:49.229, 2, 120 MHz, 3996 MHz, 184.09 W, 31
2026/10/08 01:35:49.229, 3, 120 MHz, 3996 MHz, 182.16 W, 31
2026/10/08 01:35:49.229, 4, 1102 MHz, 3996 MHz, 1083.18 W, 60
2026/10/08 01:35:49.229, 5, 1147 MHz, 3996 MHz, 1084.57 W, 58
2026/10/08 01:35:49.229, 6, 120 MHz, 3996 MHz, 184.83 W, 31
2026/10/08 01:35:49.229, 7, 120 MHz, 3996 MHz, 185.10 W, 30
2026/10/08 01:35:49.430, 0, 120 MHz, 3996 MHz, 185.24 W, 35
2026/10/08 01:35:49.430, 1, 120 MHz, 3996 MHz, 187.53 W, 37
2026/10/08 01:35:49.430, 2, 120 MHz, 3996 MHz, 184.09 W, 31
2026/10/08 01:35:49.430, 3, 120 MHz, 3996 MHz, 182.15 W, 31
2026/10/08 01:35:49.430, 4, 1215 MHz, 3996 MHz, 1082.32 W, 59
2026/10/08 01:35:49.430, 5, 1110 MHz, 3996 MHz, 1085.33 W, 58
2026/10/08 01:35:49.430, 6, 120 MHz, 3996 MHz, 184.83 W, 31
2026/10/08 01:35:49.430, 7, 120 MHz, 3996 MHz, 185.18 W, 30
2026/10/08 01:35:49.630, 0, 120 MHz, 3996 MHz, 185.24 W, 35
2026/10/08 01:35:49.630, 1, 120 MHz, 3996 MHz, 187.68 W, 37
2026/10/08 01:35:49.630, 2, 120 MHz, 3996 MHz, 184.09 W, 31
2026/10/08 01:35:49.630, 3, 120 MHz, 3996 MHz, 182.15 W, 31
2026/10/08 01:35:49.630, 4, 1117 MHz, 3996 MHz, 1079.50 W, 59
2026/10/08 01:35:49.630, 5, 1305 MHz, 3996 MHz, 1086.10 W, 58
2026/10/08 01:35:49.630, 6, 120 MHz, 3996 MHz, 184.83 W, 31
2026/10/08 01:35:49.630, 7, 120 MHz, 3996 MHz, 185.02 W, 30
2026/10/08 01:35:49.830, 0, 120 MHz, 3996 MHz, 185.16 W, 35
2026/10/08 01:35:49.830, 1, 120 MHz, 3996 MHz, 187.73 W, 37
2026/10/08 01:35:49.830, 2, 120 MHz, 3996 MHz, 184.09 W, 31
2026/10/08 01:35:49.830, 3, 120 MHz, 3996 MHz, 182.16 W, 31
2026/10/08 01:35:49.830, 4, 1267 MHz, 3996 MHz, 1085.04 W, 60
2026/10/08 01:35:49.830, 5, 1132 MHz, 3996 MHz, 1080.54 W, 58
2026/10/08 01:35:49.830, 6, 120 MHz, 3996 MHz, 184.83 W, 31
2026/10/08 01:35:49.830, 7, 120 MHz, 3996 MHz, 185.18 W, 30
2026/10/08 01:35:50.030, 0, 120 MHz, 3996 MHz, 185.15 W, 35
2026/10/08 01:35:50.030, 1, 120 MHz, 3996 MHz, 187.84 W, 37
2026/10/08 01:35:50.030, 2, 120 MHz, 3996 MHz, 184.09 W, 31
2026/10/08 01:35:50.030, 3, 120 MHz, 3996 MHz, 182.16 W, 31
2026/10/08 01:35:50.030, 4, 1102 MHz, 3996 MHz, 1082.52 W, 59
2026/10/08 01:35:50.030, 5, 1125 MHz, 3996 MHz, 1085.68 W, 58
2026/10/08 01:35:50.030, 6, 120 MHz, 3996 MHz, 184.83 W, 31
2026/10/08 01:35:50.030, 7, 120 MHz, 3996 MHz, 185.15 W, 30
2026/10/08 01:35:50.231, 0, 120 MHz, 3996 MHz, 185.16 W, 35
2026/10/08 01:35:50.231, 1, 120 MHz, 3996 MHz, 187.73 W, 37
2026/10/08 01:35:50.231, 2, 120 MHz, 3996 MHz, 184.09 W, 31
2026/10/08 01:35:50.231, 3, 120 MHz, 3996 MHz, 182.17 W, 31
2026/10/08 01:35:50.231, 4, 1102 MHz, 3996 MHz, 1076.32 W, 60
2026/10/08 01:35:50.231, 5, 1260 MHz, 3996 MHz, 1080.02 W, 58
2026/10/08 01:35:50.231, 6, 120 MHz, 3996 MHz, 184.83 W, 31
2026/10/08 01:35:50.231, 7, 120 MHz, 3996 MHz, 185.16 W, 30
2026/10/08 01:35:50.431, 0, 120 MHz, 3996 MHz, 185.09 W, 35
2026/10/08 01:35:50.431, 1, 120 MHz, 3996 MHz, 187.60 W, 37
2026/10/08 01:35:50.431, 2, 120 MHz, 3996 MHz, 184.09 W, 31
2026/10/08 01:35:50.431, 3, 120 MHz, 3996 MHz, 182.17 W, 31
2026/10/08 01:35:50.431, 4, 2032 MHz, 3996 MHz, 917.56 W, 48
2026/10/08 01:35:50.431, 5, 1125 MHz, 3996 MHz, 1081.08 W, 58
2026/10/08 01:35:50.431, 6, 120 MHz, 3996 MHz, 184.83 W, 31
2026/10/08 01:35:50.431, 7, 120 MHz, 3996 MHz, 185.08 W, 30
2026/10/08 01:35:50.631, 0, 120 MHz, 3996 MHz, 185.24 W, 35
2026/10/08 01:35:50.631, 1, 120 MHz, 3996 MHz, 187.45 W, 37
2026/10/08 01:35:50.631, 2, 120 MHz, 3996 MHz, 184.09 W, 31
2026/10/08 01:35:50.631, 3, 120 MHz, 3996 MHz, 182.18 W, 31
2026/10/08 01:35:50.631, 4, 2032 MHz, 3996 MHz, 754.38 W, 46
2026/10/08 01:35:50.631, 5, 2032 MHz, 3996 MHz, 996.83 W, 50
2026/10/08 01:35:50.631, 6, 120 MHz, 3996 MHz, 184.83 W, 31
2026/10/08 01:35:50.631, 7, 120 MHz, 3996 MHz, 185.08 W, 30
2026/10/08 01:35:50.831, 0, 120 MHz, 3996 MHz, 185.19 W, 35
2026/10/08 01:35:50.831, 1, 120 MHz, 3996 MHz, 187.37 W, 37
2026/10/08 01:35:50.831, 2, 120 MHz, 3996 MHz, 184.09 W, 31
2026/10/08 01:35:50.831, 3, 120 MHz, 3996 MHz, 182.18 W, 31
2026/10/08 01:35:50.831, 4, 2032 MHz, 3996 MHz, 583.46 W, 44
2026/10/08 01:35:50.831, 5, 2032 MHz, 3996 MHz, 823.45 W, 45
2026/10/08 01:35:50.831, 6, 120 MHz, 3996 MHz, 184.83 W, 31
2026/10/08 01:35:50.831, 7, 120 MHz, 3996 MHz, 184.93 W, 30
2026/10/08 01:35:51.032, 0, 120 MHz, 3996 MHz, 185.09 W, 35
2026/10/08 01:35:51.032, 1, 120 MHz, 3996 MHz, 187.37 W, 37
2026/10/08 01:35:51.032, 2, 120 MHz, 3996 MHz, 184.09 W, 31
2026/10/08 01:35:51.032, 3, 120 MHz, 3996 MHz, 182.19 W, 31
2026/10/08 01:35:51.032, 4, 2032 MHz, 3996 MHz, 415.47 W, 44
2026/10/08 01:35:51.032, 5, 2032 MHz, 3996 MHz, 660.61 W, 43
2026/10/08 01:35:51.032, 6, 120 MHz, 3996 MHz, 184.83 W, 31
2026/10/08 01:35:51.032, 7, 120 MHz, 3996 MHz, 184.86 W, 30
2026/10/08 01:35:51.232, 0, 120 MHz, 3996 MHz, 185.08 W, 35
2026/10/08 01:35:51.232, 1, 120 MHz, 3996 MHz, 187.33 W, 37
2026/10/08 01:35:51.232, 2, 120 MHz, 3996 MHz, 184.09 W, 31
2026/10/08 01:35:51.232, 3, 120 MHz, 3996 MHz, 182.18 W, 31
2026/10/08 01:35:51.232, 4, 2032 MHz, 3996 MHz, 260.58 W, 43
2026/10/08 01:35:51.232, 5, 2032 MHz, 3996 MHz, 489.95 W, 42
2026/10/08 01:35:51.232, 6, 120 MHz, 3996 MHz, 184.83 W, 31
2026/10/08 01:35:51.232, 7, 120 MHz, 3996 MHz, 184.74 W, 30
2026/10/08 01:35:51.432, 0, 120 MHz, 3996 MHz, 185.15 W, 35
2026/10/08 01:35:51.432, 1, 120 MHz, 3996 MHz, 187.27 W, 37
2026/10/08 01:35:51.432, 2, 120 MHz, 3996 MHz, 184.09 W, 31
2026/10/08 01:35:51.432, 3, 120 MHz, 3996 MHz, 182.19 W, 31
2026/10/08 01:35:51.432, 4, 2032 MHz, 3996 MHz, 251.25 W, 43
2026/10/08 01:35:51.432, 5, 2032 MHz, 3996 MHz, 319.30 W, 42
2026/10/08 01:35:51.432, 6, 120 MHz, 3996 MHz, 184.83 W, 31
2026/10/08 01:35:51.432, 7, 120 MHz, 3996 MHz, 184.74 W, 30
2026/10/08 01:35:51.633, 0, 120 MHz, 3996 MHz, 185.04 W, 35
2026/10/08 01:35:51.633, 1, 120 MHz, 3996 MHz, 187.31 W, 37
2026/10/08 01:35:51.633, 2, 120 MHz, 3996 MHz, 184.09 W, 31
2026/10/08 01:35:51.633, 3, 120 MHz, 3996 MHz, 182.19 W, 31
2026/10/08 01:35:51.633, 4, 2032 MHz, 3996 MHz, 250.62 W, 43
2026/10/08 01:35:51.633, 5, 2032 MHz, 3996 MHz, 243.15 W, 41
2026/10/08 01:35:51.633, 6, 120 MHz, 3996 MHz, 184.83 W, 31
2026/10/08 01:35:51.633, 7, 120 MHz, 3996 MHz, 184.74 W, 30
2026/10/08 01:35:51.833, 0, 120 MHz, 3996 MHz, 185.25 W, 35
2026/10/08 01:35:51.833, 1, 120 MHz, 3996 MHz, 187.41 W, 37
2026/10/08 01:35:51.833, 2, 120 MHz, 3996 MHz, 184.09 W, 31
2026/10/08 01:35:51.833, 3, 120 MHz, 3996 MHz, 182.18 W, 31
2026/10/08 01:35:51.833, 4, 2032 MHz, 3996 MHz, 250.16 W, 42
2026/10/08 01:35:51.833, 5, 2032 MHz, 3996 MHz, 242.10 W, 41
2026/10/08 01:35:51.833, 6, 120 MHz, 3996 MHz, 184.83 W, 31
2026/10/08 01:35:51.833, 7, 120 MHz, 3996 MHz, 184.70 W, 30
2026/10/08 01:35:52.033, 0, 120 MHz, 3996 MHz, 185.23 W, 35
2026/10/08 01:35:52.033, 1, 120 MHz, 3996 MHz, 187.43 W, 37
2026/10/08 01:35:52.033, 2, 120 MHz, 3996 MHz, 184.09 W, 31
2026/10/08 01:35:52.033, 3, 120 MHz, 3996 MHz, 182.18 W, 31
2026/10/08 01:35:52.033, 4, 2032 MHz, 3996 MHz, 250.04 W, 42
2026/10/08 01:35:52.033, 5, 2032 MHz, 3996 MHz, 241.45 W, 41
2026/10/08 01:35:52.033, 6, 120 MHz, 3996 MHz, 184.83 W, 31
2026/10/08 01:35:52.033, 7, 120 MHz, 3996 MHz, 184.72 W, 30
2026/10/08 01:35:52.234, 0, 120 MHz, 3996 MHz, 185.09 W, 35
2026/10/08 01:35:52.234, 1, 120 MHz, 3996 MHz, 187.43 W, 37
2026/10/08 01:35:52.234, 2, 120 MHz, 3996 MHz, 184.09 W, 31
2026/10/08 01:35:52.234, 3, 120 MHz, 3996 MHz, 182.18 W, 31
2026/10/08 01:35:52.234, 4, 2032 MHz, 3996 MHz, 250.92 W, 42
2026/10/08 01:35:52.234, 5, 2032 MHz, 3996 MHz, 241.13 W, 40
2026/10/08 01:35:52.234, 6, 120 MHz, 3996 MHz, 184.83 W, 31
2026/10/08 01:35:52.234, 7, 120 MHz, 3996 MHz, 184.68 W, 30
2026/10/08 01:35:52.434, 0, 120 MHz, 3996 MHz, 185.09 W, 35
2026/10/08 01:35:52.434, 1, 120 MHz, 3996 MHz, 187.43 W, 37
2026/10/08 01:35:52.434, 2, 120 MHz, 3996 MHz, 184.09 W, 31
2026/10/08 01:35:52.434, 3, 120 MHz, 3996 MHz, 182.18 W, 31
2026/10/08 01:35:52.434, 4, 2032 MHz, 3996 MHz, 250.54 W, 42
2026/10/08 01:35:52.434, 5, 2032 MHz, 3996 MHz, 240.87 W, 40
2026/10/08 01:35:52.434, 6, 120 MHz, 3996 MHz, 184.83 W, 31
2026/10/08 01:35:52.434, 7, 120 MHz, 3996 MHz, 184.64 W, 30
2026/10/08 01:35:52.634, 0, 120 MHz, 3996 MHz, 185.08 W, 35
2026/10/08 01:35:52.634, 1, 120 MHz, 3996 MHz, 187.49 W, 37
2026/10/08 01:35:52.634, 2, 120 MHz, 3996 MHz, 184.09 W, 31
2026/10/08 01:35:52.634, 3, 120 MHz, 3996 MHz, 182.18 W, 31
2026/10/08 01:35:52.634, 4, 2032 MHz, 3996 MHz, 250.15 W, 42
2026/10/08 01:35:52.634, 5, 2032 MHz, 3996 MHz, 241.71 W, 40
2026/10/08 01:35:52.634, 6, 120 MHz, 3996 MHz, 184.83 W, 31
2026/10/08 01:35:52.634, 7, 120 MHz, 3996 MHz, 184.64 W, 30
2026/10/08 01:35:52.835, 0, 120 MHz, 3996 MHz, 184.92 W, 35
2026/10/08 01:35:52.835, 1, 120 MHz, 3996 MHz, 187.43 W, 37
2026/10/08 01:35:52.835, 2, 120 MHz, 3996 MHz, 184.09 W, 31
2026/10/08 01:35:52.835, 3, 120 MHz, 3996 MHz, 182.18 W, 31
2026/10/08 01:35:52.835, 4, 2032 MHz, 3996 MHz, 249.84 W, 42
2026/10/08 01:35:52.835, 5, 2032 MHz, 3996 MHz, 241.71 W, 40
2026/10/08 01:35:52.835, 6, 120 MHz, 3996 MHz, 184.83 W, 31
2026/10/08 01:35:52.835, 7, 120 MHz, 3996 MHz, 184.64 W, 30
2026/10/08 01:35:53.035, 0, 120 MHz, 3996 MHz, 184.96 W, 35
2026/10/08 01:35:53.035, 1, 120 MHz, 3996 MHz, 187.28 W, 37
2026/10/08 01:35:53.035, 2, 120 MHz, 3996 MHz, 184.09 W, 31
2026/10/08 01:35:53.035, 3, 120 MHz, 3996 MHz, 182.18 W, 31
2026/10/08 01:35:53.035, 4, 2032 MHz, 3996 MHz, 249.51 W, 42
2026/10/08 01:35:53.035, 5, 2032 MHz, 3996 MHz, 241.63 W, 40
2026/10/08 01:35:53.035, 6, 120 MHz, 3996 MHz, 184.83 W, 31
2026/10/08 01:35:53.035, 7, 120 MHz, 3996 MHz, 184.64 W, 30
2026/10/08 01:35:53.235, 0, 120 MHz, 3996 MHz, 185.08 W, 35
2026/10/08 01:35:53.235, 1, 120 MHz, 3996 MHz, 187.34 W, 37
2026/10/08 01:35:53.235, 2, 120 MHz, 3996 MHz, 184.09 W, 31
2026/10/08 01:35:53.235, 3, 120 MHz, 3996 MHz, 182.18 W, 31
2026/10/08 01:35:53.235, 4, 2032 MHz, 3996 MHz, 248.22 W, 42
2026/10/08 01:35:53.235, 5, 2032 MHz, 3996 MHz, 241.53 W, 40
2026/10/08 01:35:53.235, 6, 120 MHz, 3996 MHz, 184.83 W, 31
2026/10/08 01:35:53.235, 7, 120 MHz, 3996 MHz, 184.64 W, 30
2026/10/08 01:35:53.435, 0, 120 MHz, 3996 MHz, 185.09 W, 35
2026/10/08 01:35:53.435, 1, 120 MHz, 3996 MHz, 187.41 W, 37
2026/10/08 01:35:53.435, 2, 120 MHz, 3996 MHz, 184.09 W, 31
2026/10/08 01:35:53.435, 3, 120 MHz, 3996 MHz, 182.17 W, 31
2026/10/08 01:35:53.435, 4, 2032 MHz, 3996 MHz, 248.22 W, 42
2026/10/08 01:35:53.435, 5, 2032 MHz, 3996 MHz, 241.47 W, 40
2026/10/08 01:35:53.435, 6, 120 MHz, 3996 MHz, 184.83 W, 31
2026/10/08 01:35:53.435, 7, 120 MHz, 3996 MHz, 184.64 W, 30
2026/10/08 01:35:53.636, 0, 120 MHz, 3996 MHz, 185.13 W, 35
2026/10/08 01:35:53.636, 1, 120 MHz, 3996 MHz, 187.49 W, 37
2026/10/08 01:35:53.636, 2, 120 MHz, 3996 MHz, 184.09 W, 31
2026/10/08 01:35:53.636, 3, 120 MHz, 3996 MHz, 182.17 W, 31
2026/10/08 01:35:53.636, 4, 2032 MHz, 3996 MHz, 248.23 W, 42
2026/10/08 01:35:53.636, 5, 495 MHz, 3996 MHz, 235.15 W, 39
2026/10/08 01:35:53.636, 6, 120 MHz, 3996 MHz, 184.83 W, 31
2026/10/08 01:35:53.636, 7, 120 MHz, 3996 MHz, 184.68 W, 30
2026/10/08 01:35:53.836, 0, 120 MHz, 3996 MHz, 185.12 W, 35
2026/10/08 01:35:53.836, 1, 120 MHz, 3996 MHz, 187.41 W, 37
2026/10/08 01:35:53.836, 2, 120 MHz, 3996 MHz, 184.09 W, 31
2026/10/08 01:35:53.836, 3, 120 MHz, 3996 MHz, 182.16 W, 31
2026/10/08 01:35:53.836, 4, 2032 MHz, 3996 MHz, 248.27 W, 41
2026/10/08 01:35:53.836, 5, 450 MHz, 3996 MHz, 224.82 W, 39
2026/10/08 01:35:53.836, 6, 120 MHz, 3996 MHz, 184.83 W, 31
2026/10/08 01:35:53.836, 7, 120 MHz, 3996 MHz, 184.68 W, 30
2026/10/08 01:35:54.036, 0, 120 MHz, 3996 MHz, 185.05 W, 35
2026/10/08 01:35:54.036, 1, 120 MHz, 3996 MHz, 187.35 W, 37
2026/10/08 01:35:54.036, 2, 120 MHz, 3996 MHz, 184.09 W, 31
2026/10/08 01:35:54.036, 3, 120 MHz, 3996 MHz, 182.15 W, 31
2026/10/08 01:35:54.036, 4, 465 MHz, 3996 MHz, 243.47 W, 41
2026/10/08 01:35:54.036, 5, 412 MHz, 3996 MHz, 214.43 W, 39
2026/10/08 01:35:54.036, 6, 120 MHz, 3996 MHz, 184.83 W, 31
2026/10/08 01:35:54.036, 7, 120 MHz, 3996 MHz, 184.64 W, 29
2026/10/08 01:35:54.236, 0, 120 MHz, 3996 MHz, 185.05 W, 35
2026/10/08 01:35:54.237, 1, 120 MHz, 3996 MHz, 187.35 W, 37
2026/10/08 01:35:54.237, 2, 120 MHz, 3996 MHz, 184.09 W, 31
2026/10/08 01:35:54.237, 3, 120 MHz, 3996 MHz, 182.16 W, 31
2026/10/08 01:35:54.237, 4, 412 MHz, 3996 MHz, 232.09 W, 41
2026/10/08 01:35:54.237, 5, 375 MHz, 3996 MHz, 203.79 W, 39
2026/10/08 01:35:54.237, 6, 120 MHz, 3996 MHz, 184.83 W, 31
2026/10/08 01:35:54.237, 7, 120 MHz, 3996 MHz, 184.64 W, 29
2026/10/08 01:35:54.437, 0, 120 MHz, 3996 MHz, 185.00 W, 35
2026/10/08 01:35:54.437, 1, 120 MHz, 3996 MHz, 187.34 W, 37
2026/10/08 01:35:54.437, 2, 120 MHz, 3996 MHz, 184.09 W, 31
2026/10/08 01:35:54.437, 3, 120 MHz, 3996 MHz, 182.16 W, 31
2026/10/08 01:35:54.437, 4, 375 MHz, 3996 MHz, 220.52 W, 40
2026/10/08 01:35:54.437, 5, 345 MHz, 3996 MHz, 193.98 W, 39
2026/10/08 01:35:54.437, 6, 120 MHz, 3996 MHz, 184.83 W, 31
2026/10/08 01:35:54.437, 7, 120 MHz, 3996 MHz, 184.64 W, 29
2026/10/08 01:35:54.637, 0, 120 MHz, 3996 MHz, 184.85 W, 35
2026/10/08 01:35:54.637, 1, 120 MHz, 3996 MHz, 187.32 W, 37
2026/10/08 01:35:54.637, 2, 120 MHz, 3996 MHz, 184.09 W, 31
2026/10/08 01:35:54.637, 3, 120 MHz, 3996 MHz, 182.16 W, 31
2026/10/08 01:35:54.637, 4, 345 MHz, 3996 MHz, 208.93 W, 40
2026/10/08 01:35:54.637, 5, 315 MHz, 3996 MHz, 187.41 W, 38
2026/10/08 01:35:54.637, 6, 120 MHz, 3996 MHz, 184.83 W, 30
2026/10/08 01:35:54.637, 7, 120 MHz, 3996 MHz, 184.60 W, 29
2026/10/08 01:35:54.837, 0, 120 MHz, 3996 MHz, 184.82 W, 35
2026/10/08 01:35:54.837, 1, 120 MHz, 3996 MHz, 187.24 W, 37
2026/10/08 01:35:54.837, 2, 120 MHz, 3996 MHz, 184.09 W, 31
2026/10/08 01:35:54.837, 3, 120 MHz, 3996 MHz, 182.16 W, 31
2026/10/08 01:35:54.837, 4, 315 MHz, 3996 MHz, 197.20 W, 40
2026/10/08 01:35:54.837, 5, 285 MHz, 3996 MHz, 187.05 W, 38
2026/10/08 01:35:54.837, 6, 120 MHz, 3996 MHz, 184.83 W, 30
2026/10/08 01:35:54.837, 7, 120 MHz, 3996 MHz, 184.60 W, 29
2026/10/08 01:35:55.038, 0, 120 MHz, 3996 MHz, 184.81 W, 35
2026/10/08 01:35:55.038, 1, 120 MHz, 3996 MHz, 187.24 W, 37
2026/10/08 01:35:55.038, 2, 120 MHz, 3996 MHz, 184.09 W, 31
2026/10/08 01:35:55.038, 3, 120 MHz, 3996 MHz, 182.17 W, 31
2026/10/08 01:35:55.038, 4, 285 MHz, 3996 MHz, 189.99 W, 40
2026/10/08 01:35:55.038, 5, 262 MHz, 3996 MHz, 186.73 W, 38
2026/10/08 01:35:55.038, 6, 120 MHz, 3996 MHz, 184.83 W, 30
2026/10/08 01:35:55.038, 7, 120 MHz, 3996 MHz, 184.60 W, 29
2026/10/08 01:35:55.238, 0, 120 MHz, 3996 MHz, 184.85 W, 35
2026/10/08 01:35:55.238, 1, 120 MHz, 3996 MHz, 187.18 W, 37
2026/10/08 01:35:55.238, 2, 120 MHz, 3996 MHz, 184.09 W, 31
2026/10/08 01:35:55.238, 3, 120 MHz, 3996 MHz, 182.17 W, 31
2026/10/08 01:35:55.238, 4, 262 MHz, 3996 MHz, 189.49 W, 40
2026/10/08 01:35:55.238, 5, 240 MHz, 3996 MHz, 186.49 W, 38
2026/10/08 01:35:55.238, 6, 120 MHz, 3996 MHz, 184.83 W, 30
2026/10/08 01:35:55.238, 7, 120 MHz, 3996 MHz, 184.60 W, 29
2026/10/08 01:35:55.438, 0, 120 MHz, 3996 MHz, 184.82 W, 35
2026/10/08 01:35:55.438, 1, 120 MHz, 3996 MHz, 187.22 W, 37
2026/10/08 01:35:55.438, 2, 120 MHz, 3996 MHz, 184.09 W, 31
2026/10/08 01:35:55.438, 3, 120 MHz, 3996 MHz, 182.17 W, 31
2026/10/08 01:35:55.438, 4, 240 MHz, 3996 MHz, 189.10 W, 40
2026/10/08 01:35:55.438, 5, 217 MHz, 3996 MHz, 186.30 W, 38
2026/10/08 01:35:55.438, 6, 120 MHz, 3996 MHz, 184.83 W, 30
2026/10/08 01:35:55.438, 7, 120 MHz, 3996 MHz, 184.60 W, 29
2026/10/08 01:35:55.639, 0, 120 MHz, 3996 MHz, 184.85 W, 35
2026/10/08 01:35:55.639, 1, 120 MHz, 3996 MHz, 187.24 W, 37
2026/10/08 01:35:55.639, 2, 120 MHz, 3996 MHz, 184.09 W, 31
2026/10/08 01:35:55.639, 3, 120 MHz, 3996 MHz, 182.17 W, 31
2026/10/08 01:35:55.639, 4, 217 MHz, 3996 MHz, 188.69 W, 40
2026/10/08 01:35:55.639, 5, 195 MHz, 3996 MHz, 186.04 W, 38
2026/10/08 01:35:55.639, 6, 120 MHz, 3996 MHz, 184.83 W, 30
2026/10/08 01:35:55.639, 7, 120 MHz, 3996 MHz, 184.60 W, 29
2026/10/08 01:35:55.839, 0, 120 MHz, 3996 MHz, 184.85 W, 35
2026/10/08 01:35:55.839, 1, 120 MHz, 3996 MHz, 187.24 W, 37
2026/10/08 01:35:55.839, 2, 120 MHz, 3996 MHz, 184.09 W, 31
2026/10/08 01:35:55.839, 3, 120 MHz, 3996 MHz, 182.17 W, 31
2026/10/08 01:35:55.839, 4, 195 MHz, 3996 MHz, 188.24 W, 40
2026/10/08 01:35:55.839, 5, 180 MHz, 3996 MHz, 185.71 W, 38
2026/10/08 01:35:55.839, 6, 120 MHz, 3996 MHz, 184.83 W, 30
2026/10/08 01:35:55.839, 7, 120 MHz, 3996 MHz, 184.64 W, 29
2026/10/08 01:35:56.039, 0, 120 MHz, 3996 MHz, 184.82 W, 35
2026/10/08 01:35:56.039, 1, 120 MHz, 3996 MHz, 187.30 W, 37
2026/10/08 01:35:56.039, 2, 120 MHz, 3996 MHz, 184.09 W, 31
2026/10/08 01:35:56.039, 3, 120 MHz, 3996 MHz, 182.18 W, 31
2026/10/08 01:35:56.039, 4, 180 MHz, 3996 MHz, 188.01 W, 40
2026/10/08 01:35:56.039, 5, 165 MHz, 3996 MHz, 185.32 W, 38
2026/10/08 01:35:56.039, 6, 120 MHz, 3996 MHz, 184.83 W, 30
2026/10/08 01:35:56.039, 7, 120 MHz, 3996 MHz, 184.68 W, 29
2026/10/08 01:35:56.240, 0, 120 MHz, 3996 MHz, 184.70 W, 35
2026/10/08 01:35:56.240, 1, 120 MHz, 3996 MHz, 187.34 W, 37
2026/10/08 01:35:56.240, 2, 120 MHz, 3996 MHz, 184.09 W, 30
2026/10/08 01:35:56.240, 3, 120 MHz, 3996 MHz, 182.18 W, 31
2026/10/08 01:35:56.240, 4, 165 MHz, 3996 MHz, 187.64 W, 40
2026/10/08 01:35:56.240, 5, 150 MHz, 3996 MHz, 184.98 W, 38
2026/10/08 01:35:56.240, 6, 120 MHz, 3996 MHz, 184.83 W, 30
2026/10/08 01:35:56.240, 7, 120 MHz, 3996 MHz, 184.68 W, 29
2026/10/08 01:35:56.440, 0, 120 MHz, 3996 MHz, 184.73 W, 35
2026/10/08 01:35:56.440, 1, 120 MHz, 3996 MHz, 187.18 W, 37
2026/10/08 01:35:56.440, 2, 120 MHz, 3996 MHz, 184.09 W, 30
2026/10/08 01:35:56.440, 3, 120 MHz, 3996 MHz, 182.17 W, 31
2026/10/08 01:35:56.440, 4, 150 MHz, 3996 MHz, 187.26 W, 40
2026/10/08 01:35:56.440, 5, 142 MHz, 3996 MHz, 184.84 W, 38
2026/10/08 01:35:56.440, 6, 120 MHz, 3996 MHz, 184.83 W, 30
2026/10/08 01:35:56.440, 7, 120 MHz, 3996 MHz, 184.69 W, 29
2026/10/08 01:35:56.640, 0, 120 MHz, 3996 MHz, 184.74 W, 35
2026/10/08 01:35:56.640, 1, 120 MHz, 3996 MHz, 186.99 W, 37
2026/10/08 01:35:56.640, 2, 120 MHz, 3996 MHz, 184.09 W, 30
2026/10/08 01:35:56.640, 3, 120 MHz, 3996 MHz, 182.18 W, 30
2026/10/08 01:35:56.640, 4, 142 MHz, 3996 MHz, 186.87 W, 40
2026/10/08 01:35:56.640, 5, 127 MHz, 3996 MHz, 184.69 W, 38
2026/10/08 01:35:56.640, 6, 120 MHz, 3996 MHz, 184.83 W, 30
2026/10/08 01:35:56.640, 7, 120 MHz, 3996 MHz, 184.68 W, 29
2026/10/08 01:35:56.840, 0, 120 MHz, 3996 MHz, 184.66 W, 35
2026/10/08 01:35:56.841, 1, 120 MHz, 3996 MHz, 187.02 W, 37
2026/10/08 01:35:56.841, 2, 120 MHz, 3996 MHz, 184.09 W, 30
2026/10/08 01:35:56.841, 3, 120 MHz, 3996 MHz, 182.18 W, 30
2026/10/08 01:35:56.841, 4, 127 MHz, 3996 MHz, 186.68 W, 40
2026/10/08 01:35:56.841, 5, 120 MHz, 3996 MHz, 184.81 W, 38
2026/10/08 01:35:56.841, 6, 120 MHz, 3996 MHz, 184.83 W, 30
2026/10/08 01:35:56.841, 7, 120 MHz, 3996 MHz, 184.65 W, 29
2026/10/08 01:35:57.041, 0, 120 MHz, 3996 MHz, 184.77 W, 35
2026/10/08 01:35:57.041, 1, 120 MHz, 3996 MHz, 187.06 W, 37
2026/10/08 01:35:57.041, 2, 120 MHz, 3996 MHz, 184.09 W, 30
2026/10/08 01:35:57.041, 3, 120 MHz, 3996 MHz, 182.17 W, 30
2026/10/08 01:35:57.041, 4, 120 MHz, 3996 MHz, 186.53 W, 40
2026/10/08 01:35:57.041, 5, 120 MHz, 3996 MHz, 184.91 W, 38
2026/10/08 01:35:57.041, 6, 120 MHz, 3996 MHz, 184.83 W, 30
2026/10/08 01:35:57.041, 7, 120 MHz, 3996 MHz, 184.60 W, 29
2026/10/08 01:35:57.241, 0, 120 MHz, 3996 MHz, 184.73 W, 35
2026/10/08 01:35:57.241, 1, 120 MHz, 3996 MHz, 187.01 W, 37
2026/10/08 01:35:57.241, 2, 120 MHz, 3996 MHz, 184.09 W, 30
2026/10/08 01:35:57.241, 3, 120 MHz, 3996 MHz, 182.17 W, 30
2026/10/08 01:35:57.241, 4, 120 MHz, 3996 MHz, 186.53 W, 40
2026/10/08 01:35:57.241, 5, 120 MHz, 3996 MHz, 184.96 W, 38
2026/10/08 01:35:57.241, 6, 120 MHz, 3996 MHz, 184.83 W, 30
2026/10/08 01:35:57.241, 7, 120 MHz, 3996 MHz, 184.61 W, 29
2026/10/08 01:35:57.441, 0, 120 MHz, 3996 MHz, 184.70 W, 35
2026/10/08 01:35:57.442, 1, 120 MHz, 3996 MHz, 187.04 W, 37
2026/10/08 01:35:57.442, 2, 120 MHz, 3996 MHz, 184.09 W, 30
2026/10/08 01:35:57.442, 3, 120 MHz, 3996 MHz, 182.18 W, 30
2026/10/08 01:35:57.442, 4, 120 MHz, 3996 MHz, 186.53 W, 39
2026/10/08 01:35:57.442, 5, 120 MHz, 3996 MHz, 184.95 W, 38
2026/10/08 01:35:57.442, 6, 120 MHz, 3996 MHz, 184.83 W, 30
2026/10/08 01:35:57.442, 7, 120 MHz, 3996 MHz, 184.61 W, 29
2026/10/08 01:35:57.642, 0, 120 MHz, 3996 MHz, 184.69 W, 35
2026/10/08 01:35:57.642, 1, 120 MHz, 3996 MHz, 187.06 W, 37
2026/10/08 01:35:57.642, 2, 120 MHz, 3996 MHz, 184.09 W, 30
2026/10/08 01:35:57.642, 3, 120 MHz, 3996 MHz, 182.18 W, 30
2026/10/08 01:35:57.642, 4, 120 MHz, 3996 MHz, 186.53 W, 39
2026/10/08 01:35:57.642, 5, 120 MHz, 3996 MHz, 184.94 W, 38
2026/10/08 01:35:57.642, 6, 120 MHz, 3996 MHz, 184.83 W, 30
2026/10/08 01:35:57.642, 7, 120 MHz, 3996 MHz, 184.62 W, 29
2026/10/08 01:35:57.842, 0, 120 MHz, 3996 MHz, 184.73 W, 35
2026/10/08 01:35:57.842, 1, 120 MHz, 3996 MHz, 186.93 W, 37
2026/10/08 01:35:57.842, 2, 120 MHz, 3996 MHz, 184.09 W, 30
2026/10/08 01:35:57.842, 3, 120 MHz, 3996 MHz, 182.18 W, 30
2026/10/08 01:35:57.842, 4, 120 MHz, 3996 MHz, 186.53 W, 39
2026/10/08 01:35:57.842, 5, 120 MHz, 3996 MHz, 184.94 W, 38
2026/10/08 01:35:57.842, 6, 120 MHz, 3996 MHz, 184.83 W, 30
2026/10/08 01:35:57.842, 7, 120 MHz, 3996 MHz, 184.61 W, 29
2026/10/08 01:35:58.042, 0, 120 MHz, 3996 MHz, 184.70 W, 35
2026/10/08 01:35:58.042, 1, 120 MHz, 3996 MHz, 186.82 W, 37
2026/10/08 01:35:58.042, 2, 120 MHz, 3996 MHz, 184.09 W, 30
2026/10/08 01:35:58.042, 3, 120 MHz, 3996 MHz, 182.18 W, 30
2026/10/08 01:35:58.042, 4, 120 MHz, 3996 MHz, 186.53 W, 39
2026/10/08 01:35:58.042, 5, 120 MHz, 3996 MHz, 184.91 W, 38
2026/10/08 01:35:58.042, 6, 120 MHz, 3996 MHz, 184.83 W, 30
2026/10/08 01:35:58.042, 7, 120 MHz, 3996 MHz, 184.61 W, 29
2026/10/08 01:35:58.243, 0, 120 MHz, 3996 MHz, 184.66 W, 35
2026/10/08 01:35:58.243, 1, 120 MHz, 3996 MHz, 186.87 W, 37
2026/10/08 01:35:58.243, 2, 120 MHz, 3996 MHz, 184.09 W, 30
2026/10/08 01:35:58.243, 3, 120 MHz, 3996 MHz, 182.21 W, 30
2026/10/08 01:35:58.243, 4, 120 MHz, 3996 MHz, 186.53 W, 39
2026/10/08 01:35:58.243, 5, 120 MHz, 3996 MHz, 184.87 W, 38
2026/10/08 01:35:58.243, 6, 120 MHz, 3996 MHz, 184.83 W, 30
2026/10/08 01:35:58.243, 7, 120 MHz, 3996 MHz, 184.61 W, 29
2026/10/08 01:35:58.443, 0, 120 MHz, 3996 MHz, 184.66 W, 35
2026/10/08 01:35:58.443, 1, 120 MHz, 3996 MHz, 186.91 W, 37
2026/10/08 01:35:58.443, 2, 120 MHz, 3996 MHz, 184.09 W, 30
2026/10/08 01:35:58.443, 3, 120 MHz, 3996 MHz, 182.25 W, 30
2026/10/08 01:35:58.443, 4, 120 MHz, 3996 MHz, 186.53 W, 39
2026/10/08 01:35:58.443, 5, 120 MHz, 3996 MHz, 184.84 W, 38
2026/10/08 01:35:58.443, 6, 120 MHz, 3996 MHz, 184.83 W, 30
2026/10/08 01:35:58.443, 7, 120 MHz, 3996 MHz, 184.60 W, 29
2026/10/08 01:35:58.643, 0, 120 MHz, 3996 MHz, 184.66 W, 35
2026/10/08 01:35:58.643, 1, 120 MHz, 3996 MHz, 186.93 W, 37
2026/10/08 01:35:58.643, 2, 120 MHz, 3996 MHz, 184.09 W, 30
2026/10/08 01:35:58.643, 3, 120 MHz, 3996 MHz, 182.28 W, 30
2026/10/08 01:35:58.643, 4, 120 MHz, 3996 MHz, 186.53 W, 39
2026/10/08 01:35:58.643, 5, 120 MHz, 3996 MHz, 184.91 W, 38
2026/10/08 01:35:58.643, 6, 120 MHz, 3996 MHz, 184.83 W, 30
2026/10/08 01:35:58.643, 7, 120 MHz, 3996 MHz, 184.61 W, 29
2026/10/08 01:35:58.843, 0, 120 MHz, 3996 MHz, 184.70 W, 35
2026/10/08 01:35:58.843, 1, 120 MHz, 3996 MHz, 187.02 W, 37
2026/10/08 01:35:58.843, 2, 120 MHz, 3996 MHz, 184.09 W, 30
2026/10/08 01:35:58.843, 3, 120 MHz, 3996 MHz, 182.27 W, 30
2026/10/08 01:35:58.843, 4, 120 MHz, 3996 MHz, 186.53 W, 39
2026/10/08 01:35:58.843, 5, 120 MHz, 3996 MHz, 184.80 W, 38
2026/10/08 01:35:58.843, 6, 120 MHz, 3996 MHz, 184.83 W, 30
2026/10/08 01:35:58.844, 7, 120 MHz, 3996 MHz, 184.60 W, 29
2026/10/08 01:35:59.044, 0, 120 MHz, 3996 MHz, 184.70 W, 35
2026/10/08 01:35:59.044, 1, 120 MHz, 3996 MHz, 187.02 W, 37
2026/10/08 01:35:59.044, 2, 120 MHz, 3996 MHz, 184.09 W, 30
2026/10/08 01:35:59.044, 3, 120 MHz, 3996 MHz, 182.28 W, 30
2026/10/08 01:35:59.044, 4, 120 MHz, 3996 MHz, 186.53 W, 39
2026/10/08 01:35:59.044, 5, 120 MHz, 3996 MHz, 184.72 W, 38
2026/10/08 01:35:59.044, 6, 120 MHz, 3996 MHz, 184.83 W, 30
2026/10/08 01:35:59.044, 7, 120 MHz, 3996 MHz, 184.61 W, 29
2026/10/08 01:35:59.244, 0, 120 MHz, 3996 MHz, 184.69 W, 35
2026/10/08 01:35:59.244, 1, 120 MHz, 3996 MHz, 187.05 W, 37
2026/10/08 01:35:59.244, 2, 120 MHz, 3996 MHz, 184.09 W, 30
2026/10/08 01:35:59.244, 3, 120 MHz, 3996 MHz, 182.25 W, 30
2026/10/08 01:35:59.244, 4, 120 MHz, 3996 MHz, 186.53 W, 39
2026/10/08 01:35:59.244, 5, 120 MHz, 3996 MHz, 184.69 W, 38
2026/10/08 01:35:59.244, 6, 120 MHz, 3996 MHz, 184.83 W, 30
2026/10/08 01:35:59.244, 7, 120 MHz, 3996 MHz, 184.61 W, 29
2026/10/08 01:35:59.444, 0, 120 MHz, 3996 MHz, 184.70 W, 35
2026/10/08 01:35:59.444, 1, 120 MHz, 3996 MHz, 186.93 W, 37
2026/10/08 01:35:59.444, 2, 120 MHz, 3996 MHz, 184.09 W, 30
2026/10/08 01:35:59.444, 3, 120 MHz, 3996 MHz, 182.28 W, 30
2026/10/08 01:35:59.444, 4, 120 MHz, 3996 MHz, 186.53 W, 39
2026/10/08 01:35:59.444, 5, 120 MHz, 3996 MHz, 184.70 W, 37
2026/10/08 01:35:59.444, 6, 120 MHz, 3996 MHz, 184.83 W, 30
2026/10/08 01:35:59.444, 7, 120 MHz, 3996 MHz, 184.60 W, 29
2026/10/08 01:35:59.645, 0, 120 MHz, 3996 MHz, 184.66 W, 35
2026/10/08 01:35:59.645, 1, 120 MHz, 3996 MHz, 186.87 W, 37
2026/10/08 01:35:59.645, 2, 120 MHz, 3996 MHz, 184.09 W, 30
2026/10/08 01:35:59.645, 3, 120 MHz, 3996 MHz, 182.20 W, 30
2026/10/08 01:35:59.645, 4, 120 MHz, 3996 MHz, 186.53 W, 39
2026/10/08 01:35:59.645, 5, 120 MHz, 3996 MHz, 184.62 W, 37
2026/10/08 01:35:59.645, 6, 120 MHz, 3996 MHz, 184.83 W, 30
2026/10/08 01:35:59.645, 7, 120 MHz, 3996 MHz, 184.60 W, 29
2026/10/08 01:35:59.845, 0, 120 MHz, 3996 MHz, 184.62 W, 35
2026/10/08 01:35:59.845, 1, 120 MHz, 3996 MHz, 186.87 W, 37
2026/10/08 01:35:59.845, 2, 120 MHz, 3996 MHz, 184.09 W, 30
2026/10/08 01:35:59.845, 3, 120 MHz, 3996 MHz, 182.24 W, 30
2026/10/08 01:35:59.845, 4, 120 MHz, 3996 MHz, 186.53 W, 39
2026/10/08 01:35:59.845, 5, 120 MHz, 3996 MHz, 184.66 W, 37
2026/10/08 01:35:59.845, 6, 120 MHz, 3996 MHz, 184.83 W, 30
2026/10/08 01:35:59.845, 7, 120 MHz, 3996 MHz, 184.61 W, 29
2026/10/08 01:36:00.045, 0, 120 MHz, 3996 MHz, 184.58 W, 35
2026/10/08 01:36:00.045, 1, 120 MHz, 3996 MHz, 186.97 W, 37
2026/10/08 01:36:00.045, 2, 120 MHz, 3996 MHz, 184.09 W, 30
2026/10/08 01:36:00.045, 3, 120 MHz, 3996 MHz, 182.23 W, 30
2026/10/08 01:36:00.045, 4, 120 MHz, 3996 MHz, 186.53 W, 39
2026/10/08 01:36:00.045, 5, 120 MHz, 3996 MHz, 184.71 W, 37
2026/10/08 01:36:00.045, 6, 120 MHz, 3996 MHz, 184.83 W, 30
2026/10/08 01:36:00.045, 7, 120 MHz, 3996 MHz, 184.62 W, 29
2026/10/08 01:36:00.245, 0, 120 MHz, 3996 MHz, 184.54 W, 35
2026/10/08 01:36:00.245, 1, 120 MHz, 3996 MHz, 186.90 W, 37
2026/10/08 01:36:00.245, 2, 120 MHz, 3996 MHz, 184.09 W, 30
2026/10/08 01:36:00.245, 3, 120 MHz, 3996 MHz, 182.22 W, 30
2026/10/08 01:36:00.245, 4, 120 MHz, 3996 MHz, 186.53 W, 39
2026/10/08 01:36:00.245, 5, 120 MHz, 3996 MHz, 184.71 W, 37
2026/10/08 01:36:00.245, 6, 120 MHz, 3996 MHz, 184.83 W, 30
2026/10/08 01:36:00.245, 7, 120 MHz, 3996 MHz, 184.61 W, 29
2026/10/08 01:36:00.446, 0, 120 MHz, 3996 MHz, 184.54 W, 35
2026/10/08 01:36:00.446, 1, 120 MHz, 3996 MHz, 186.90 W, 37
2026/10/08 01:36:00.446, 2, 120 MHz, 3996 MHz, 184.09 W, 30
2026/10/08 01:36:00.446, 3, 120 MHz, 3996 MHz, 182.19 W, 30
2026/10/08 01:36:00.446, 4, 120 MHz, 3996 MHz, 186.53 W, 39
2026/10/08 01:36:00.446, 5, 120 MHz, 3996 MHz, 184.70 W, 37
2026/10/08 01:36:00.446, 6, 120 MHz, 3996 MHz, 184.83 W, 30
2026/10/08 01:36:00.446, 7, 120 MHz, 3996 MHz, 184.62 W, 29
2026/10/08 01:36:00.646, 0, 120 MHz, 3996 MHz, 184.54 W, 35
2026/10/08 01:36:00.646, 1, 120 MHz, 3996 MHz, 186.86 W, 37
2026/10/08 01:36:00.646, 2, 120 MHz, 3996 MHz, 184.09 W, 30
2026/10/08 01:36:00.646, 3, 120 MHz, 3996 MHz, 182.20 W, 30
2026/10/08 01:36:00.646, 4, 120 MHz, 3996 MHz, 186.53 W, 39
2026/10/08 01:36:00.646, 5, 120 MHz, 3996 MHz, 184.74 W, 37
2026/10/08 01:36:00.646, 6, 120 MHz, 3996 MHz, 184.83 W, 30
2026/10/08 01:36:00.646, 7, 120 MHz, 3996 MHz, 184.62 W, 29
2026/10/08 01:36:00.846, 0, 120 MHz, 3996 MHz, 184.58 W, 35
2026/10/08 01:36:00.846, 1, 120 MHz, 3996 MHz, 186.93 W, 37
2026/10/08 01:36:00.846, 2, 120 MHz, 3996 MHz, 184.09 W, 30
2026/10/08 01:36:00.846, 3, 120 MHz, 3996 MHz, 182.16 W, 30
2026/10/08 01:36:00.846, 4, 120 MHz, 3996 MHz, 186.53 W, 39
2026/10/08 01:36:00.846, 5, 120 MHz, 3996 MHz, 184.70 W, 37
2026/10/08 01:36:00.846, 6, 120 MHz, 3996 MHz, 184.83 W, 30
2026/10/08 01:36:00.846, 7, 120 MHz, 3996 MHz, 184.62 W, 29
2026/10/08 01:36:01.047, 0, 120 MHz, 3996 MHz, 184.62 W, 35
2026/10/08 01:36:01.047, 1, 120 MHz, 3996 MHz, 186.79 W, 37
2026/10/08 01:36:01.047, 2, 120 MHz, 3996 MHz, 184.09 W, 30
2026/10/08 01:36:01.047, 3, 120 MHz, 3996 MHz, 182.18 W, 30
2026/10/08 01:36:01.047, 4, 120 MHz, 3996 MHz, 186.53 W, 39
2026/10/08 01:36:01.047, 5, 120 MHz, 3996 MHz, 184.65 W, 37
2026/10/08 01:36:01.047, 6, 120 MHz, 3996 MHz, 184.83 W, 30
2026/10/08 01:36:01.047, 7, 120 MHz, 3996 MHz, 184.61 W, 29
2026/10/08 01:36:01.247, 0, 120 MHz, 3996 MHz, 184.66 W, 35
2026/10/08 01:36:01.247, 1, 120 MHz, 3996 MHz, 186.75 W, 37
2026/10/08 01:36:01.247, 2, 120 MHz, 3996 MHz, 184.09 W, 30
2026/10/08 01:36:01.247, 3, 120 MHz, 3996 MHz, 182.18 W, 30
2026/10/08 01:36:01.247, 4, 120 MHz, 3996 MHz, 186.53 W, 39
2026/10/08 01:36:01.247, 5, 120 MHz, 3996 MHz, 184.65 W, 37
2026/10/08 01:36:01.247, 6, 120 MHz, 3996 MHz, 184.83 W, 30
2026/10/08 01:36:01.247, 7, 120 MHz, 3996 MHz, 184.62 W, 29
2026/10/08 01:36:01.447, 0, 120 MHz, 3996 MHz, 184.66 W, 35
2026/10/08 01:36:01.447, 1, 120 MHz, 3996 MHz, 186.67 W, 37
2026/10/08 01:36:01.447, 2, 120 MHz, 3996 MHz, 184.09 W, 30
2026/10/08 01:36:01.447, 3, 120 MHz, 3996 MHz, 182.18 W, 30
2026/10/08 01:36:01.447, 4, 120 MHz, 3996 MHz, 186.53 W, 39
2026/10/08 01:36:01.447, 5, 120 MHz, 3996 MHz, 184.66 W, 37
2026/10/08 01:36:01.447, 6, 120 MHz, 3996 MHz, 184.83 W, 30
2026/10/08 01:36:01.447, 7, 120 MHz, 3996 MHz, 184.63 W, 29
2026/10/08 01:36:01.647, 0, 120 MHz, 3996 MHz, 184.66 W, 35
2026/10/08 01:36:01.647, 1, 120 MHz, 3996 MHz, 186.75 W, 37
2026/10/08 01:36:01.647, 2, 120 MHz, 3996 MHz, 184.09 W, 30
2026/10/08 01:36:01.647, 3, 120 MHz, 3996 MHz, 182.18 W, 30
2026/10/08 01:36:01.647, 4, 120 MHz, 3996 MHz, 186.53 W, 39
2026/10/08 01:36:01.647, 5, 120 MHz, 3996 MHz, 184.61 W, 37
2026/10/08 01:36:01.647, 6, 120 MHz, 3996 MHz, 184.83 W, 30
2026/10/08 01:36:01.647, 7, 120 MHz, 3996 MHz, 184.64 W, 29
2026/10/08 01:36:01.848, 0, 120 MHz, 3996 MHz, 184.58 W, 35
2026/10/08 01:36:01.848, 1, 120 MHz, 3996 MHz, 186.63 W, 37
2026/10/08 01:36:01.848, 2, 120 MHz, 3996 MHz, 184.09 W, 30
2026/10/08 01:36:01.848, 3, 120 MHz, 3996 MHz, 182.19 W, 30
2026/10/08 01:36:01.848, 4, 120 MHz, 3996 MHz, 186.53 W, 39
2026/10/08 01:36:01.848, 5, 120 MHz, 3996 MHz, 184.62 W, 37
2026/10/08 01:36:01.848, 6, 120 MHz, 3996 MHz, 184.83 W, 30
2026/10/08 01:36:01.848, 7, 120 MHz, 3996 MHz, 184.64 W, 29
2026/10/08 01:36:02.048, 0, 120 MHz, 3996 MHz, 184.62 W, 35
2026/10/08 01:36:02.048, 1, 120 MHz, 3996 MHz, 186.59 W, 37
2026/10/08 01:36:02.048, 2, 120 MHz, 3996 MHz, 184.09 W, 30
2026/10/08 01:36:02.048, 3, 120 MHz, 3996 MHz, 182.22 W, 30
2026/10/08 01:36:02.048, 4, 120 MHz, 3996 MHz, 186.53 W, 39
2026/10/08 01:36:02.048, 5, 120 MHz, 3996 MHz, 184.62 W, 37
2026/10/08 01:36:02.048, 6, 120 MHz, 3996 MHz, 184.83 W, 30
2026/10/08 01:36:02.048, 7, 120 MHz, 3996 MHz, 184.64 W, 29
2026/10/08 01:36:02.248, 0, 120 MHz, 3996 MHz, 184.62 W, 35
2026/10/08 01:36:02.248, 1, 120 MHz, 3996 MHz, 186.56 W, 37
2026/10/08 01:36:02.248, 2, 120 MHz, 3996 MHz, 184.09 W, 30
2026/10/08 01:36:02.248, 3, 120 MHz, 3996 MHz, 182.21 W, 30
2026/10/08 01:36:02.248, 4, 120 MHz, 3996 MHz, 186.53 W, 39
2026/10/08 01:36:02.248, 5, 120 MHz, 3996 MHz, 184.62 W, 37
2026/10/08 01:36:02.248, 6, 120 MHz, 3996 MHz, 184.83 W, 30
2026/10/08 01:36:02.248, 7, 120 MHz, 3996 MHz, 184.64 W, 29
2026/10/08 01:36:02.449, 0, 120 MHz, 3996 MHz, 184.58 W, 35
2026/10/08 01:36:02.449, 1, 120 MHz, 3996 MHz, 186.56 W, 37
2026/10/08 01:36:02.449, 2, 120 MHz, 3996 MHz, 184.09 W, 30
2026/10/08 01:36:02.449, 3, 120 MHz, 3996 MHz, 182.21 W, 30
2026/10/08 01:36:02.449, 4, 120 MHz, 3996 MHz, 186.53 W, 39
2026/10/08 01:36:02.449, 5, 120 MHz, 3996 MHz, 184.62 W, 37
2026/10/08 01:36:02.449, 6, 120 MHz, 3996 MHz, 184.83 W, 30
2026/10/08 01:36:02.449, 7, 120 MHz, 3996 MHz, 184.62 W, 29
2026/10/08 01:36:02.649, 0, 120 MHz, 3996 MHz, 184.58 W, 35
2026/10/08 01:36:02.649, 1, 120 MHz, 3996 MHz, 186.59 W, 37
2026/10/08 01:36:02.649, 2, 120 MHz, 3996 MHz, 184.09 W, 30
2026/10/08 01:36:02.649, 3, 120 MHz, 3996 MHz, 182.22 W, 30
2026/10/08 01:36:02.649, 4, 120 MHz, 3996 MHz, 186.53 W, 39
2026/10/08 01:36:02.649, 5, 120 MHz, 3996 MHz, 184.67 W, 37
2026/10/08 01:36:02.649, 6, 120 MHz, 3996 MHz, 184.83 W, 30
2026/10/08 01:36:02.649, 7, 120 MHz, 3996 MHz, 184.62 W, 29
2026/10/08 01:36:02.849, 0, 120 MHz, 3996 MHz, 184.62 W, 35
2026/10/08 01:36:02.849, 1, 120 MHz, 3996 MHz, 186.60 W, 37
2026/10/08 01:36:02.849, 2, 120 MHz, 3996 MHz, 184.09 W, 30
2026/10/08 01:36:02.849, 3, 120 MHz, 3996 MHz, 182.21 W, 30
2026/10/08 01:36:02.849, 4, 120 MHz, 3996 MHz, 186.53 W, 39
2026/10/08 01:36:02.849, 5, 120 MHz, 3996 MHz, 184.66 W, 37
2026/10/08 01:36:02.849, 6, 120 MHz, 3996 MHz, 184.83 W, 30
2026/10/08 01:36:02.849, 7, 120 MHz, 3996 MHz, 184.61 W, 29
2026/10/08 01:36:03.049, 0, 120 MHz, 3996 MHz, 184.54 W, 35
2026/10/08 01:36:03.049, 1, 120 MHz, 3996 MHz, 186.67 W, 37
2026/10/08 01:36:03.049, 2, 120 MHz, 3996 MHz, 184.09 W, 30
2026/10/08 01:36:03.049, 3, 120 MHz, 3996 MHz, 182.17 W, 30
2026/10/08 01:36:03.049, 4, 120 MHz, 3996 MHz, 186.53 W, 39
2026/10/08 01:36:03.049, 5, 120 MHz, 3996 MHz, 184.70 W, 37
2026/10/08 01:36:03.049, 6, 120 MHz, 3996 MHz, 184.83 W, 30
2026/10/08 01:36:03.050, 7, 120 MHz, 3996 MHz, 184.62 W, 29
2026/10/08 01:36:03.250, 0, 120 MHz, 3996 MHz, 184.58 W, 35
2026/10/08 01:36:03.250, 1, 120 MHz, 3996 MHz, 186.63 W, 37
2026/10/08 01:36:03.250, 2, 120 MHz, 3996 MHz, 184.09 W, 30
2026/10/08 01:36:03.250, 3, 120 MHz, 3996 MHz, 182.18 W, 30
2026/10/08 01:36:03.250, 4, 120 MHz, 3996 MHz, 186.53 W, 39
2026/10/08 01:36:03.250, 5, 120 MHz, 3996 MHz, 184.70 W, 37
2026/10/08 01:36:03.250, 6, 120 MHz, 3996 MHz, 184.83 W, 30
2026/10/08 01:36:03.250, 7, 120 MHz, 3996 MHz, 184.61 W, 29
2026/10/08 01:36:03.450, 0, 120 MHz, 3996 MHz, 184.58 W, 35
2026/10/08 01:36:03.450, 1, 120 MHz, 3996 MHz, 186.59 W, 37
2026/10/08 01:36:03.450, 2, 120 MHz, 3996 MHz, 184.09 W, 30
2026/10/08 01:36:03.450, 3, 120 MHz, 3996 MHz, 182.17 W, 30
2026/10/08 01:36:03.450, 4, 120 MHz, 3996 MHz, 186.53 W, 39
2026/10/08 01:36:03.450, 5, 120 MHz, 3996 MHz, 184.70 W, 37
2026/10/08 01:36:03.450, 6, 120 MHz, 3996 MHz, 184.83 W, 30
2026/10/08 01:36:03.450, 7, 120 MHz, 3996 MHz, 184.60 W, 29
2026/10/08 01:36:03.650, 0, 120 MHz, 3996 MHz, 184.58 W, 35
2026/10/08 01:36:03.650, 1, 120 MHz, 3996 MHz, 186.52 W, 37
2026/10/08 01:36:03.650, 2, 120 MHz, 3996 MHz, 184.09 W, 30
2026/10/08 01:36:03.650, 3, 120 MHz, 3996 MHz, 182.16 W, 30
2026/10/08 01:36:03.650, 4, 120 MHz, 3996 MHz, 186.53 W, 39
2026/10/08 01:36:03.650, 5, 120 MHz, 3996 MHz, 184.66 W, 37
2026/10/08 01:36:03.650, 6, 120 MHz, 3996 MHz, 184.83 W, 30
2026/10/08 01:36:03.650, 7, 120 MHz, 3996 MHz, 184.60 W, 29
2026/10/08 01:36:03.850, 0, 120 MHz, 3996 MHz, 184.54 W, 35
2026/10/08 01:36:03.851, 1, 120 MHz, 3996 MHz, 186.52 W, 37
2026/10/08 01:36:03.851, 2, 120 MHz, 3996 MHz, 184.09 W, 30
2026/10/08 01:36:03.851, 3, 120 MHz, 3996 MHz, 182.17 W, 30
2026/10/08 01:36:03.851, 4, 120 MHz, 3996 MHz, 186.53 W, 39
2026/10/08 01:36:03.851, 5, 120 MHz, 3996 MHz, 184.66 W, 37
2026/10/08 01:36:03.851, 6, 120 MHz, 3996 MHz, 184.83 W, 30
2026/10/08 01:36:03.851, 7, 120 MHz, 3996 MHz, 184.60 W, 29
2026/10/08 01:36:04.051, 0, 120 MHz, 3996 MHz, 184.54 W, 35
2026/10/08 01:36:04.051, 1, 120 MHz, 3996 MHz, 186.40 W, 37
2026/10/08 01:36:04.051, 2, 120 MHz, 3996 MHz, 184.09 W, 30
2026/10/08 01:36:04.051, 3, 120 MHz, 3996 MHz, 182.17 W, 30
2026/10/08 01:36:04.051, 4, 120 MHz, 3996 MHz, 186.53 W, 39
2026/10/08 01:36:04.051, 5, 120 MHz, 3996 MHz, 184.63 W, 37
2026/10/08 01:36:04.051, 6, 120 MHz, 3996 MHz, 184.83 W, 30
2026/10/08 01:36:04.051, 7, 120 MHz, 3996 MHz, 184.61 W, 29
2026/10/08 01:36:04.251, 0, 120 MHz, 3996 MHz, 184.51 W, 35
2026/10/08 01:36:04.251, 1, 120 MHz, 3996 MHz, 186.40 W, 37
2026/10/08 01:36:04.251, 2, 120 MHz, 3996 MHz, 184.09 W, 30
2026/10/08 01:36:04.251, 3, 120 MHz, 3996 MHz, 182.16 W, 30
2026/10/08 01:36:04.251, 4, 120 MHz, 3996 MHz, 186.53 W, 39
2026/10/08 01:36:04.251, 5, 120 MHz, 3996 MHz, 184.63 W, 37
2026/10/08 01:36:04.251, 6, 120 MHz, 3996 MHz, 184.83 W, 30
2026/10/08 01:36:04.251, 7, 120 MHz, 3996 MHz, 184.61 W, 29
2026/10/08 01:36:04.451, 0, 120 MHz, 3996 MHz, 184.47 W, 35
2026/10/08 01:36:04.451, 1, 120 MHz, 3996 MHz, 186.52 W, 37
2026/10/08 01:36:04.451, 2, 120 MHz, 3996 MHz, 184.09 W, 30
2026/10/08 01:36:04.451, 3, 120 MHz, 3996 MHz, 182.17 W, 30
2026/10/08 01:36:04.451, 4, 120 MHz, 3996 MHz, 186.53 W, 39
2026/10/08 01:36:04.451, 5, 120 MHz, 3996 MHz, 184.63 W, 37
2026/10/08 01:36:04.451, 6, 120 MHz, 3996 MHz, 184.83 W, 30
2026/10/08 01:36:04.451, 7, 120 MHz, 3996 MHz, 184.62 W, 29
2026/10/08 01:36:04.652, 0, 120 MHz, 3996 MHz, 184.47 W, 35
2026/10/08 01:36:04.652, 1, 120 MHz, 3996 MHz, 186.63 W, 37
2026/10/08 01:36:04.652, 2, 120 MHz, 3996 MHz, 184.09 W, 30
2026/10/08 01:36:04.652, 3, 120 MHz, 3996 MHz, 182.17 W, 30
2026/10/08 01:36:04.652, 4, 120 MHz, 3996 MHz, 186.53 W, 39
2026/10/08 01:36:04.652, 5, 120 MHz, 3996 MHz, 184.63 W, 37
2026/10/08 01:36:04.652, 6, 120 MHz, 3996 MHz, 184.83 W, 30
2026/10/08 01:36:04.652, 7, 120 MHz, 3996 MHz, 184.63 W, 29
2026/10/08 01:36:04.852, 0, 120 MHz, 3996 MHz, 184.47 W, 35
2026/10/08 01:36:04.852, 1, 120 MHz, 3996 MHz, 186.55 W, 37
2026/10/08 01:36:04.852, 2, 120 MHz, 3996 MHz, 184.09 W, 30
2026/10/08 01:36:04.852, 3, 120 MHz, 3996 MHz, 182.17 W, 30
2026/10/08 01:36:04.852, 4, 120 MHz, 3996 MHz, 186.53 W, 39
2026/10/08 01:36:04.852, 5, 120 MHz, 3996 MHz, 184.64 W, 37
2026/10/08 01:36:04.852, 6, 120 MHz, 3996 MHz, 184.83 W, 30
2026/10/08 01:36:04.852, 7, 120 MHz, 3996 MHz, 184.62 W, 29
2026/10/08 01:36:05.052, 0, 120 MHz, 3996 MHz, 184.51 W, 35
2026/10/08 01:36:05.052, 1, 120 MHz, 3996 MHz, 186.55 W, 37
2026/10/08 01:36:05.052, 2, 120 MHz, 3996 MHz, 184.09 W, 30
2026/10/08 01:36:05.052, 3, 120 MHz, 3996 MHz, 182.21 W, 30
2026/10/08 01:36:05.052, 4, 120 MHz, 3996 MHz, 186.53 W, 39
2026/10/08 01:36:05.052, 5, 120 MHz, 3996 MHz, 184.64 W, 37
2026/10/08 01:36:05.052, 6, 120 MHz, 3996 MHz, 184.83 W, 30
2026/10/08 01:36:05.052, 7, 120 MHz, 3996 MHz, 184.61 W, 29
2026/10/08 01:36:05.252, 0, 120 MHz, 3996 MHz, 184.54 W, 35
2026/10/08 01:36:05.252, 1, 120 MHz, 3996 MHz, 186.52 W, 37
2026/10/08 01:36:05.252, 2, 120 MHz, 3996 MHz, 184.09 W, 30
2026/10/08 01:36:05.252, 3, 120 MHz, 3996 MHz, 182.21 W, 30
2026/10/08 01:36:05.252, 4, 120 MHz, 3996 MHz, 186.53 W, 39
2026/10/08 01:36:05.252, 5, 120 MHz, 3996 MHz, 184.63 W, 37
2026/10/08 01:36:05.252, 6, 120 MHz, 3996 MHz, 184.83 W, 30
2026/10/08 01:36:05.252, 7, 120 MHz, 3996 MHz, 184.62 W, 29
2026/10/08 01:36:05.453, 0, 120 MHz, 3996 MHz, 184.54 W, 35
2026/10/08 01:36:05.453, 1, 120 MHz, 3996 MHz, 186.51 W, 37
2026/10/08 01:36:05.453, 2, 120 MHz, 3996 MHz, 184.09 W, 30
2026/10/08 01:36:05.453, 3, 120 MHz, 3996 MHz, 182.20 W, 30
2026/10/08 01:36:05.453, 4, 120 MHz, 3996 MHz, 186.53 W, 39
2026/10/08 01:36:05.453, 5, 120 MHz, 3996 MHz, 184.63 W, 37
2026/10/08 01:36:05.453, 6, 120 MHz, 3996 MHz, 184.83 W, 30
2026/10/08 01:36:05.453, 7, 120 MHz, 3996 MHz, 184.61 W, 29
2026/10/08 01:36:05.653, 0, 120 MHz, 3996 MHz, 184.54 W, 35
2026/10/08 01:36:05.653, 1, 120 MHz, 3996 MHz, 186.40 W, 37
2026/10/08 01:36:05.653, 2, 120 MHz, 3996 MHz, 184.09 W, 30
2026/10/08 01:36:05.653, 3, 120 MHz, 3996 MHz, 182.24 W, 30
2026/10/08 01:36:05.653, 4, 120 MHz, 3996 MHz, 186.53 W, 39
2026/10/08 01:36:05.653, 5, 120 MHz, 3996 MHz, 184.62 W, 37
2026/10/08 01:36:05.653, 6, 120 MHz, 3996 MHz, 184.83 W, 30
2026/10/08 01:36:05.653, 7, 120 MHz, 3996 MHz, 184.61 W, 29
2026/10/08 01:36:05.853, 0, 120 MHz, 3996 MHz, 184.54 W, 35
2026/10/08 01:36:05.853, 1, 120 MHz, 3996 MHz, 186.44 W, 37
2026/10/08 01:36:05.853, 2, 120 MHz, 3996 MHz, 184.09 W, 30
2026/10/08 01:36:05.853, 3, 120 MHz, 3996 MHz, 182.25 W, 30
2026/10/08 01:36:05.853, 4, 120 MHz, 3996 MHz, 186.53 W, 39
2026/10/08 01:36:05.853, 5, 120 MHz, 3996 MHz, 184.61 W, 37
2026/10/08 01:36:05.853, 6, 120 MHz, 3996 MHz, 184.83 W, 30
2026/10/08 01:36:05.853, 7, 120 MHz, 3996 MHz, 184.61 W, 29
2026/10/08 01:36:06.053, 0, 120 MHz, 3996 MHz, 184.51 W, 35
2026/10/08 01:36:06.053, 1, 120 MHz, 3996 MHz, 186.48 W, 37
2026/10/08 01:36:06.054, 2, 120 MHz, 3996 MHz, 184.05 W, 30
2026/10/08 01:36:06.054, 3, 120 MHz, 3996 MHz, 182.22 W, 30
2026/10/08 01:36:06.054, 4, 120 MHz, 3996 MHz, 186.53 W, 39
2026/10/08 01:36:06.054, 5, 120 MHz, 3996 MHz, 184.60 W, 37
2026/10/08 01:36:06.054, 6, 120 MHz, 3996 MHz, 184.83 W, 30
2026/10/08 01:36:06.054, 7, 120 MHz, 3996 MHz, 184.61 W, 29
2026/10/08 01:36:06.254, 0, 120 MHz, 3996 MHz, 184.47 W, 35
2026/10/08 01:36:06.254, 1, 120 MHz, 3996 MHz, 186.56 W, 37
2026/10/08 01:36:06.254, 2, 120 MHz, 3996 MHz, 184.05 W, 30
2026/10/08 01:36:06.254, 3, 120 MHz, 3996 MHz, 182.21 W, 30
2026/10/08 01:36:06.254, 4, 120 MHz, 3996 MHz, 186.53 W, 39
2026/10/08 01:36:06.254, 5, 120 MHz, 3996 MHz, 184.60 W, 37
2026/10/08 01:36:06.254, 6, 120 MHz, 3996 MHz, 184.83 W, 30
2026/10/08 01:36:06.254, 7, 120 MHz, 3996 MHz, 184.61 W, 29
2026/10/08 01:36:06.454, 0, 120 MHz, 3996 MHz, 184.47 W, 35
2026/10/08 01:36:06.454, 1, 120 MHz, 3996 MHz, 186.44 W, 37
2026/10/08 01:36:06.454, 2, 120 MHz, 3996 MHz, 184.05 W, 30
2026/10/08 01:36:06.454, 3, 120 MHz, 3996 MHz, 182.22 W, 30
2026/10/08 01:36:06.454, 4, 120 MHz, 3996 MHz, 186.53 W, 39
2026/10/08 01:36:06.454, 5, 120 MHz, 3996 MHz, 184.60 W, 37
2026/10/08 01:36:06.454, 6, 120 MHz, 3996 MHz, 184.83 W, 30
2026/10/08 01:36:06.454, 7, 120 MHz, 3996 MHz, 184.61 W, 29
2026/10/08 01:36:06.654, 0, 120 MHz, 3996 MHz, 184.47 W, 35
2026/10/08 01:36:06.654, 1, 120 MHz, 3996 MHz, 186.52 W, 37
2026/10/08 01:36:06.654, 2, 120 MHz, 3996 MHz, 184.05 W, 30
2026/10/08 01:36:06.654, 3, 120 MHz, 3996 MHz, 182.20 W, 30
2026/10/08 01:36:06.654, 4, 120 MHz, 3996 MHz, 186.53 W, 39
2026/10/08 01:36:06.654, 5, 120 MHz, 3996 MHz, 184.61 W, 37
2026/10/08 01:36:06.654, 6, 120 MHz, 3996 MHz, 184.83 W, 30
2026/10/08 01:36:06.654, 7, 120 MHz, 3996 MHz, 184.61 W, 29
2026/10/08 01:36:06.854, 0, 120 MHz, 3996 MHz, 184.47 W, 35
2026/10/08 01:36:06.854, 1, 120 MHz, 3996 MHz, 186.63 W, 37
2026/10/08 01:36:06.855, 2, 120 MHz, 3996 MHz, 184.05 W, 30
2026/10/08 01:36:06.855, 3, 120 MHz, 3996 MHz, 182.19 W, 30
2026/10/08 01:36:06.855, 4, 120 MHz, 3996 MHz, 186.53 W, 38
2026/10/08 01:36:06.855, 5, 120 MHz, 3996 MHz, 184.62 W, 37
2026/10/08 01:36:06.855, 6, 120 MHz, 3996 MHz, 184.83 W, 30
2026/10/08 01:36:06.855, 7, 120 MHz, 3996 MHz, 184.61 W, 29
2026/10/08 01:36:07.055, 0, 120 MHz, 3996 MHz, 184.47 W, 35
2026/10/08 01:36:07.055, 1, 120 MHz, 3996 MHz, 186.60 W, 37
2026/10/08 01:36:07.055, 2, 120 MHz, 3996 MHz, 184.09 W, 30
2026/10/08 01:36:07.055, 3, 120 MHz, 3996 MHz, 182.19 W, 30
2026/10/08 01:36:07.055, 4, 120 MHz, 3996 MHz, 186.53 W, 38
2026/10/08 01:36:07.055, 5, 120 MHz, 3996 MHz, 184.63 W, 37
2026/10/08 01:36:07.055, 6, 120 MHz, 3996 MHz, 184.83 W, 30
2026/10/08 01:36:07.055, 7, 120 MHz, 3996 MHz, 184.61 W, 29
2026/10/08 01:36:07.255, 0, 120 MHz, 3996 MHz, 184.47 W, 35
2026/10/08 01:36:07.255, 1, 120 MHz, 3996 MHz, 186.55 W, 37
2026/10/08 01:36:07.255, 2, 120 MHz, 3996 MHz, 184.09 W, 30
2026/10/08 01:36:07.255, 3, 120 MHz, 3996 MHz, 182.20 W, 30
2026/10/08 01:36:07.255, 4, 120 MHz, 3996 MHz, 186.53 W, 38
2026/10/08 01:36:07.255, 5, 120 MHz, 3996 MHz, 184.60 W, 37
2026/10/08 01:36:07.255, 6, 120 MHz, 3996 MHz, 184.83 W, 30
2026/10/08 01:36:07.255, 7, 120 MHz, 3996 MHz, 184.61 W, 29
2026/10/08 01:36:07.455, 0, 120 MHz, 3996 MHz, 184.47 W, 35
2026/10/08 01:36:07.455, 1, 120 MHz, 3996 MHz, 186.59 W, 37
2026/10/08 01:36:07.455, 2, 120 MHz, 3996 MHz, 184.05 W, 30
2026/10/08 01:36:07.455, 3, 120 MHz, 3996 MHz, 182.19 W, 30
2026/10/08 01:36:07.455, 4, 120 MHz, 3996 MHz, 186.53 W, 38
2026/10/08 01:36:07.455, 5, 120 MHz, 3996 MHz, 184.60 W, 37
2026/10/08 01:36:07.455, 6, 120 MHz, 3996 MHz, 184.83 W, 30
2026/10/08 01:36:07.455, 7, 120 MHz, 3996 MHz, 184.62 W, 29
2026/10/08 01:36:07.656, 0, 120 MHz, 3996 MHz, 184.51 W, 35
2026/10/08 01:36:07.656, 1, 120 MHz, 3996 MHz, 186.55 W, 37
2026/10/08 01:36:07.656, 2, 120 MHz, 3996 MHz, 184.01 W, 30
2026/10/08 01:36:07.656, 3, 120 MHz, 3996 MHz, 182.19 W, 30
2026/10/08 01:36:07.656, 4, 120 MHz, 3996 MHz, 186.53 W, 38
2026/10/08 01:36:07.656, 5, 120 MHz, 3996 MHz, 184.61 W, 37
2026/10/08 01:36:07.656, 6, 120 MHz, 3996 MHz, 184.83 W, 30
2026/10/08 01:36:07.656, 7, 120 MHz, 3996 MHz, 184.61 W, 29
2026/10/08 01:36:07.856, 0, 120 MHz, 3996 MHz, 184.51 W, 35
2026/10/08 01:36:07.856, 1, 120 MHz, 3996 MHz, 186.40 W, 37
2026/10/08 01:36:07.856, 2, 120 MHz, 3996 MHz, 183.93 W, 30
2026/10/08 01:36:07.856, 3, 120 MHz, 3996 MHz, 182.19 W, 30
2026/10/08 01:36:07.856, 4, 120 MHz, 3996 MHz, 186.53 W, 38
2026/10/08 01:36:07.856, 5, 120 MHz, 3996 MHz, 184.60 W, 37
2026/10/08 01:36:07.856, 6, 120 MHz, 3996 MHz, 184.83 W, 30
2026/10/08 01:36:07.856, 7, 120 MHz, 3996 MHz, 184.61 W, 29
2026/10/08 01:36:08.056, 0, 120 MHz, 3996 MHz, 184.54 W, 35
2026/10/08 01:36:08.056, 1, 120 MHz, 3996 MHz, 186.44 W, 37
2026/10/08 01:36:08.056, 2, 120 MHz, 3996 MHz, 183.93 W, 30
2026/10/08 01:36:08.056, 3, 120 MHz, 3996 MHz, 182.18 W, 30
2026/10/08 01:36:08.056, 4, 120 MHz, 3996 MHz, 186.53 W, 38
2026/10/08 01:36:08.056, 5, 120 MHz, 3996 MHz, 184.60 W, 37
2026/10/08 01:36:08.056, 6, 120 MHz, 3996 MHz, 184.83 W, 30
2026/10/08 01:36:08.056, 7, 120 MHz, 3996 MHz, 184.61 W, 29
2026/10/08 01:36:08.256, 0, 120 MHz, 3996 MHz, 184.54 W, 35
2026/10/08 01:36:08.256, 1, 120 MHz, 3996 MHz, 186.40 W, 37
2026/10/08 01:36:08.256, 2, 120 MHz, 3996 MHz, 183.89 W, 30
2026/10/08 01:36:08.256, 3, 120 MHz, 3996 MHz, 182.18 W, 30
2026/10/08 01:36:08.256, 4, 120 MHz, 3996 MHz, 186.53 W, 38
2026/10/08 01:36:08.256, 5, 120 MHz, 3996 MHz, 184.62 W, 37
2026/10/08 01:36:08.256, 6, 120 MHz, 3996 MHz, 184.83 W, 30
2026/10/08 01:36:08.256, 7, 120 MHz, 3996 MHz, 184.60 W, 29
2026/10/08 01:36:08.457, 0, 120 MHz, 3996 MHz, 184.54 W, 35
2026/10/08 01:36:08.457, 1, 120 MHz, 3996 MHz, 186.36 W, 37
2026/10/08 01:36:08.457, 2, 120 MHz, 3996 MHz, 183.94 W, 30
2026/10/08 01:36:08.457, 3, 120 MHz, 3996 MHz, 182.19 W, 30
2026/10/08 01:36:08.457, 4, 120 MHz, 3996 MHz, 186.53 W, 38
2026/10/08 01:36:08.457, 5, 120 MHz, 3996 MHz, 184.59 W, 37
2026/10/08 01:36:08.457, 6, 120 MHz, 3996 MHz, 184.83 W, 30
2026/10/08 01:36:08.457, 7, 120 MHz, 3996 MHz, 184.59 W, 29
2026/10/08 01:36:08.657, 0, 120 MHz, 3996 MHz, 184.51 W, 35
2026/10/08 01:36:08.657, 1, 120 MHz, 3996 MHz, 186.32 W, 37
2026/10/08 01:36:08.657, 2, 120 MHz, 3996 MHz, 183.98 W, 30
2026/10/08 01:36:08.657, 3, 120 MHz, 3996 MHz, 182.19 W, 30
2026/10/08 01:36:08.657, 4, 120 MHz, 3996 MHz, 186.53 W, 38
2026/10/08 01:36:08.657, 5, 120 MHz, 3996 MHz, 184.59 W, 37
2026/10/08 01:36:08.657, 6, 120 MHz, 3996 MHz, 184.83 W, 30
2026/10/08 01:36:08.657, 7, 120 MHz, 3996 MHz, 184.60 W, 29
2026/10/08 01:36:08.857, 0, 120 MHz, 3996 MHz, 184.51 W, 35
2026/10/08 01:36:08.857, 1, 120 MHz, 3996 MHz, 186.36 W, 37
2026/10/08 01:36:08.857, 2, 120 MHz, 3996 MHz, 184.01 W, 30
2026/10/08 01:36:08.857, 3, 120 MHz, 3996 MHz, 182.19 W, 30
2026/10/08 01:36:08.857, 4, 120 MHz, 3996 MHz, 186.53 W, 38
2026/10/08 01:36:08.857, 5, 120 MHz, 3996 MHz, 184.59 W, 37
2026/10/08 01:36:08.857, 6, 120 MHz, 3996 MHz, 184.83 W, 30
2026/10/08 01:36:08.857, 7, 120 MHz, 3996 MHz, 184.60 W, 29
2026/10/08 01:36:09.057, 0, 120 MHz, 3996 MHz, 184.47 W, 35
2026/10/08 01:36:09.058, 1, 120 MHz, 3996 MHz, 186.32 W, 37
2026/10/08 01:36:09.058, 2, 120 MHz, 3996 MHz, 184.02 W, 30
2026/10/08 01:36:09.058, 3, 120 MHz, 3996 MHz, 182.19 W, 30
2026/10/08 01:36:09.058, 4, 120 MHz, 3996 MHz, 186.53 W, 38
2026/10/08 01:36:09.058, 5, 120 MHz, 3996 MHz, 184.61 W, 37
2026/10/08 01:36:09.058, 6, 120 MHz, 3996 MHz, 184.83 W, 30
2026/10/08 01:36:09.058, 7, 120 MHz, 3996 MHz, 184.60 W, 29
2026/10/08 01:36:09.258, 0, 120 MHz, 3996 MHz, 184.47 W, 35
2026/10/08 01:36:09.258, 1, 120 MHz, 3996 MHz, 186.40 W, 37
2026/10/08 01:36:09.258, 2, 120 MHz, 3996 MHz, 184.02 W, 30
2026/10/08 01:36:09.258, 3, 120 MHz, 3996 MHz, 182.21 W, 30
2026/10/08 01:36:09.258, 4, 120 MHz, 3996 MHz, 186.53 W, 38
2026/10/08 01:36:09.258, 5, 120 MHz, 3996 MHz, 184.56 W, 37
2026/10/08 01:36:09.258, 6, 120 MHz, 3996 MHz, 184.83 W, 30
2026/10/08 01:36:09.258, 7, 120 MHz, 3996 MHz, 184.61 W, 29
2026/10/08 01:36:09.458, 0, 120 MHz, 3996 MHz, 184.47 W, 35
2026/10/08 01:36:09.458, 1, 120 MHz, 3996 MHz, 186.48 W, 37
2026/10/08 01:36:09.458, 2, 120 MHz, 3996 MHz, 184.02 W, 30
2026/10/08 01:36:09.458, 3, 120 MHz, 3996 MHz, 182.21 W, 30
2026/10/08 01:36:09.458, 4, 120 MHz, 3996 MHz, 186.49 W, 38
2026/10/08 01:36:09.458, 5, 120 MHz, 3996 MHz, 184.60 W, 37
2026/10/08 01:36:09.458, 6, 120 MHz, 3996 MHz, 184.83 W, 30
2026/10/08 01:36:09.458, 7, 120 MHz, 3996 MHz, 184.62 W, 29
2026/10/08 01:36:09.658, 0, 120 MHz, 3996 MHz, 184.47 W, 34
2026/10/08 01:36:09.658, 1, 120 MHz, 3996 MHz, 186.52 W, 37
2026/10/08 01:36:09.658, 2, 120 MHz, 3996 MHz, 183.94 W, 30
2026/10/08 01:36:09.658, 3, 120 MHz, 3996 MHz, 182.20 W, 30
2026/10/08 01:36:09.658, 4, 120 MHz, 3996 MHz, 186.49 W, 38
2026/10/08 01:36:09.658, 5, 120 MHz, 3996 MHz, 184.59 W, 37
2026/10/08 01:36:09.658, 6, 120 MHz, 3996 MHz, 184.83 W, 30
2026/10/08 01:36:09.658, 7, 120 MHz, 3996 MHz, 184.61 W, 29
2026/10/08 01:36:09.859, 0, 120 MHz, 3996 MHz, 184.47 W, 34
2026/10/08 01:36:09.859, 1, 120 MHz, 3996 MHz, 186.48 W, 37
2026/10/08 01:36:09.859, 2, 120 MHz, 3996 MHz, 183.98 W, 30
2026/10/08 01:36:09.859, 3, 120 MHz, 3996 MHz, 182.21 W, 30
2026/10/08 01:36:09.859, 4, 120 MHz, 3996 MHz, 186.49 W, 38
2026/10/08 01:36:09.859, 5, 120 MHz, 3996 MHz, 184.59 W, 36
2026/10/08 01:36:09.859, 6, 120 MHz, 3996 MHz, 184.83 W, 30
2026/10/08 01:36:09.859, 7, 120 MHz, 3996 MHz, 184.61 W, 29
2026/10/08 01:36:10.059, 0, 120 MHz, 3996 MHz, 184.47 W, 34
2026/10/08 01:36:10.059, 1, 120 MHz, 3996 MHz, 186.48 W, 37
2026/10/08 01:36:10.059, 2, 120 MHz, 3996 MHz, 183.86 W, 30
2026/10/08 01:36:10.059, 3, 120 MHz, 3996 MHz, 182.21 W, 30
2026/10/08 01:36:10.059, 4, 120 MHz, 3996 MHz, 186.49 W, 38
2026/10/08 01:36:10.059, 5, 120 MHz, 3996 MHz, 184.57 W, 36
2026/10/08 01:36:10.059, 6, 120 MHz, 3996 MHz, 184.83 W, 30
2026/10/08 01:36:10.059, 7, 120 MHz, 3996 MHz, 184.61 W, 29
2026/10/08 01:36:10.259, 0, 120 MHz, 3996 MHz, 184.47 W, 34
2026/10/08 01:36:10.259, 1, 120 MHz, 3996 MHz, 186.40 W, 37
2026/10/08 01:36:10.259, 2, 120 MHz, 3996 MHz, 183.86 W, 30
2026/10/08 01:36:10.259, 3, 120 MHz, 3996 MHz, 182.20 W, 30
2026/10/08 01:36:10.259, 4, 120 MHz, 3996 MHz, 186.49 W, 38
2026/10/08 01:36:10.259, 5, 120 MHz, 3996 MHz, 184.62 W, 36
2026/10/08 01:36:10.259, 6, 120 MHz, 3996 MHz, 184.83 W, 30
2026/10/08 01:36:10.259, 7, 120 MHz, 3996 MHz, 184.62 W, 28
2026/10/08 01:36:10.460, 0, 120 MHz, 3996 MHz, 184.47 W, 34
2026/10/08 01:36:10.460, 1, 120 MHz, 3996 MHz, 186.32 W, 37
2026/10/08 01:36:10.460, 2, 120 MHz, 3996 MHz, 183.82 W, 30
2026/10/08 01:36:10.460, 3, 120 MHz, 3996 MHz, 182.19 W, 30
2026/10/08 01:36:10.460, 4, 120 MHz, 3996 MHz, 186.53 W, 38
2026/10/08 01:36:10.460, 5, 120 MHz, 3996 MHz, 184.61 W, 36
2026/10/08 01:36:10.460, 6, 120 MHz, 3996 MHz, 184.83 W, 30
2026/10/08 01:36:10.460, 7, 120 MHz, 3996 MHz, 184.63 W, 28
2026/10/08 01:36:10.660, 0, 120 MHz, 3996 MHz, 184.47 W, 34
2026/10/08 01:36:10.660, 1, 120 MHz, 3996 MHz, 186.32 W, 37
2026/10/08 01:36:10.660, 2, 120 MHz, 3996 MHz, 183.79 W, 30
2026/10/08 01:36:10.660, 3, 120 MHz, 3996 MHz, 182.21 W, 30
2026/10/08 01:36:10.660, 4, 120 MHz, 3996 MHz, 186.53 W, 38
2026/10/08 01:36:10.660, 5, 120 MHz, 3996 MHz, 184.62 W, 36
2026/10/08 01:36:10.660, 6, 120 MHz, 3996 MHz, 184.83 W, 30
2026/10/08 01:36:10.660, 7, 120 MHz, 3996 MHz, 184.63 W, 28
2026/10/08 01:36:10.860, 0, 120 MHz, 3996 MHz, 184.47 W, 34
2026/10/08 01:36:10.860, 1, 120 MHz, 3996 MHz, 186.32 W, 37
2026/10/08 01:36:10.860, 2, 120 MHz, 3996 MHz, 183.79 W, 30
2026/10/08 01:36:10.860, 3, 120 MHz, 3996 MHz, 182.20 W, 30
2026/10/08 01:36:10.860, 4, 120 MHz, 3996 MHz, 186.53 W, 38
2026/10/08 01:36:10.860, 5, 120 MHz, 3996 MHz, 184.59 W, 36
2026/10/08 01:36:10.860, 6, 120 MHz, 3996 MHz, 184.83 W, 30
2026/10/08 01:36:10.860, 7, 120 MHz, 3996 MHz, 184.63 W, 28
2026/10/08 01:36:11.060, 0, 120 MHz, 3996 MHz, 184.47 W, 34
2026/10/08 01:36:11.060, 1, 120 MHz, 3996 MHz, 186.32 W, 37
2026/10/08 01:36:11.060, 2, 120 MHz, 3996 MHz, 183.85 W, 30
2026/10/08 01:36:11.060, 3, 120 MHz, 3996 MHz, 182.20 W, 30
2026/10/08 01:36:11.061, 4, 120 MHz, 3996 MHz, 186.53 W, 38
2026/10/08 01:36:11.061, 5, 120 MHz, 3996 MHz, 184.60 W, 36
2026/10/08 01:36:11.061, 6, 120 MHz, 3996 MHz, 184.83 W, 30
2026/10/08 01:36:11.061, 7, 120 MHz, 3996 MHz, 184.64 W, 28
2026/10/08 01:36:11.261, 0, 120 MHz, 3996 MHz, 184.47 W, 34
2026/10/08 01:36:11.261, 1, 120 MHz, 3996 MHz, 186.32 W, 37
2026/10/08 01:36:11.261, 2, 120 MHz, 3996 MHz, 183.82 W, 30
2026/10/08 01:36:11.261, 3, 120 MHz, 3996 MHz, 182.21 W, 30
2026/10/08 01:36:11.261, 4, 120 MHz, 3996 MHz, 186.53 W, 38
2026/10/08 01:36:11.261, 5, 120 MHz, 3996 MHz, 184.60 W, 36
2026/10/08 01:36:11.261, 6, 120 MHz, 3996 MHz, 184.83 W, 30
2026/10/08 01:36:11.261, 7, 120 MHz, 3996 MHz, 184.64 W, 28
2026/10/08 01:36:11.461, 0, 120 MHz, 3996 MHz, 184.47 W, 34
2026/10/08 01:36:11.461, 1, 120 MHz, 3996 MHz, 186.36 W, 37
2026/10/08 01:36:11.461, 2, 120 MHz, 3996 MHz, 183.78 W, 30
2026/10/08 01:36:11.461, 3, 120 MHz, 3996 MHz, 182.21 W, 30
2026/10/08 01:36:11.461, 4, 120 MHz, 3996 MHz, 186.53 W, 38
2026/10/08 01:36:11.461, 5, 120 MHz, 3996 MHz, 184.61 W, 36
2026/10/08 01:36:11.461, 6, 120 MHz, 3996 MHz, 184.83 W, 30
2026/10/08 01:36:11.461, 7, 120 MHz, 3996 MHz, 184.63 W, 28
2026/10/08 01:36:11.661, 0, 120 MHz, 3996 MHz, 184.47 W, 34
2026/10/08 01:36:11.661, 1, 120 MHz, 3996 MHz, 186.36 W, 37
2026/10/08 01:36:11.661, 2, 120 MHz, 3996 MHz, 183.90 W, 30
2026/10/08 01:36:11.661, 3, 120 MHz, 3996 MHz, 182.21 W, 30
2026/10/08 01:36:11.661, 4, 120 MHz, 3996 MHz, 186.49 W, 38
2026/10/08 01:36:11.661, 5, 120 MHz, 3996 MHz, 184.57 W, 36
2026/10/08 01:36:11.661, 6, 120 MHz, 3996 MHz, 184.83 W, 30
2026/10/08 01:36:11.661, 7, 120 MHz, 3996 MHz, 184.63 W, 28
2026/10/08 01:36:11.861, 0, 120 MHz, 3996 MHz, 184.47 W, 34
2026/10/08 01:36:11.862, 1, 120 MHz, 3996 MHz, 186.40 W, 37
2026/10/08 01:36:11.862, 2, 120 MHz, 3996 MHz, 183.81 W, 30
2026/10/08 01:36:11.862, 3, 120 MHz, 3996 MHz, 182.22 W, 30
2026/10/08 01:36:11.862, 4, 120 MHz, 3996 MHz, 186.49 W, 38
2026/10/08 01:36:11.862, 5, 120 MHz, 3996 MHz, 184.60 W, 36
2026/10/08 01:36:11.862, 6, 120 MHz, 3996 MHz, 184.83 W, 30
2026/10/08 01:36:11.862, 7, 120 MHz, 3996 MHz, 184.62 W, 28
2026/10/08 01:36:12.062, 0, 120 MHz, 3996 MHz, 184.47 W, 34
2026/10/08 01:36:12.062, 1, 120 MHz, 3996 MHz, 186.40 W, 37
2026/10/08 01:36:12.062, 2, 120 MHz, 3996 MHz, 183.82 W, 30
2026/10/08 01:36:12.062, 3, 120 MHz, 3996 MHz, 182.22 W, 30
2026/10/08 01:36:12.062, 4, 120 MHz, 3996 MHz, 186.49 W, 38
2026/10/08 01:36:12.062, 5, 120 MHz, 3996 MHz, 184.59 W, 36
2026/10/08 01:36:12.062, 6, 120 MHz, 3996 MHz, 184.83 W, 30
2026/10/08 01:36:12.062, 7, 120 MHz, 3996 MHz, 184.61 W, 28
2026/10/08 01:36:12.262, 0, 120 MHz, 3996 MHz, 184.47 W, 34
2026/10/08 01:36:12.262, 1, 120 MHz, 3996 MHz, 186.44 W, 37
2026/10/08 01:36:12.262, 2, 120 MHz, 3996 MHz, 183.78 W, 30
2026/10/08 01:36:12.262, 3, 120 MHz, 3996 MHz, 182.21 W, 30
2026/10/08 01:36:12.262, 4, 120 MHz, 3996 MHz, 186.45 W, 38
2026/10/08 01:36:12.262, 5, 120 MHz, 3996 MHz, 184.55 W, 36
2026/10/08 01:36:12.262, 6, 120 MHz, 3996 MHz, 184.83 W, 30
2026/10/08 01:36:12.262, 7, 120 MHz, 3996 MHz, 184.60 W, 28
2026/10/08 01:36:12.462, 0, 120 MHz, 3996 MHz, 184.47 W, 34
2026/10/08 01:36:12.462, 1, 120 MHz, 3996 MHz, 186.44 W, 37
2026/10/08 01:36:12.462, 2, 120 MHz, 3996 MHz, 183.81 W, 30
2026/10/08 01:36:12.462, 3, 120 MHz, 3996 MHz, 182.21 W, 30
2026/10/08 01:36:12.462, 4, 120 MHz, 3996 MHz, 186.42 W, 38
2026/10/08 01:36:12.462, 5, 120 MHz, 3996 MHz, 184.54 W, 36
2026/10/08 01:36:12.462, 6, 120 MHz, 3996 MHz, 184.83 W, 30
2026/10/08 01:36:12.462, 7, 120 MHz, 3996 MHz, 184.60 W, 28
2026/10/08 01:36:12.663, 0, 120 MHz, 3996 MHz, 184.47 W, 34
2026/10/08 01:36:12.663, 1, 120 MHz, 3996 MHz, 186.52 W, 37
2026/10/08 01:36:12.663, 2, 120 MHz, 3996 MHz, 183.78 W, 30
2026/10/08 01:36:12.663, 3, 120 MHz, 3996 MHz, 182.22 W, 30
2026/10/08 01:36:12.663, 4, 120 MHz, 3996 MHz, 186.46 W, 38
2026/10/08 01:36:12.663, 5, 120 MHz, 3996 MHz, 184.58 W, 36
2026/10/08 01:36:12.663, 6, 120 MHz, 3996 MHz, 184.83 W, 30
2026/10/08 01:36:12.663, 7, 120 MHz, 3996 MHz, 184.60 W, 28
2026/10/08 01:36:12.863, 0, 120 MHz, 3996 MHz, 184.47 W, 34
2026/10/08 01:36:12.863, 1, 120 MHz, 3996 MHz, 186.48 W, 37
2026/10/08 01:36:12.863, 2, 120 MHz, 3996 MHz, 183.58 W, 30
2026/10/08 01:36:12.863, 3, 120 MHz, 3996 MHz, 182.22 W, 30
2026/10/08 01:36:12.863, 4, 120 MHz, 3996 MHz, 186.46 W, 38
2026/10/08 01:36:12.863, 5, 120 MHz, 3996 MHz, 184.54 W, 36
2026/10/08 01:36:12.863, 6, 120 MHz, 3996 MHz, 184.83 W, 30
2026/10/08 01:36:12.863, 7, 120 MHz, 3996 MHz, 184.60 W, 28
2026/10/08 01:36:13.063, 0, 120 MHz, 3996 MHz, 184.47 W, 34
2026/10/08 01:36:13.063, 1, 120 MHz, 3996 MHz, 186.48 W, 37
2026/10/08 01:36:13.063, 2, 120 MHz, 3996 MHz, 183.59 W, 30
2026/10/08 01:36:13.063, 3, 120 MHz, 3996 MHz, 182.21 W, 30
2026/10/08 01:36:13.063, 4, 120 MHz, 3996 MHz, 186.46 W, 38
2026/10/08 01:36:13.063, 5, 120 MHz, 3996 MHz, 184.54 W, 36
2026/10/08 01:36:13.063, 6, 120 MHz, 3996 MHz, 184.83 W, 30
2026/10/08 01:36:13.063, 7, 120 MHz, 3996 MHz, 184.60 W, 28
2026/10/08 01:36:13.264, 0, 120 MHz, 3996 MHz, 184.47 W, 34
2026/10/08 01:36:13.264, 1, 120 MHz, 3996 MHz, 186.52 W, 37
2026/10/08 01:36:13.264, 2, 120 MHz, 3996 MHz, 183.62 W, 30
2026/10/08 01:36:13.264, 3, 120 MHz, 3996 MHz, 182.21 W, 30
2026/10/08 01:36:13.264, 4, 120 MHz, 3996 MHz, 186.42 W, 38
2026/10/08 01:36:13.264, 5, 120 MHz, 3996 MHz, 184.54 W, 36
2026/10/08 01:36:13.264, 6, 120 MHz, 3996 MHz, 184.83 W, 30
2026/10/08 01:36:13.264, 7, 120 MHz, 3996 MHz, 184.60 W, 28
2026/10/08 01:36:13.464, 0, 120 MHz, 3996 MHz, 184.47 W, 34
2026/10/08 01:36:13.464, 1, 120 MHz, 3996 MHz, 186.48 W, 37
2026/10/08 01:36:13.464, 2, 120 MHz, 3996 MHz, 183.63 W, 30
2026/10/08 01:36:13.464, 3, 120 MHz, 3996 MHz, 182.21 W, 30
2026/10/08 01:36:13.464, 4, 120 MHz, 3996 MHz, 186.49 W, 38
2026/10/08 01:36:13.464, 5, 120 MHz, 3996 MHz, 184.55 W, 36
2026/10/08 01:36:13.464, 6, 120 MHz, 3996 MHz, 184.83 W, 29
2026/10/08 01:36:13.464, 7, 120 MHz, 3996 MHz, 184.60 W, 28
2026/10/08 01:36:13.664, 0, 120 MHz, 3996 MHz, 184.47 W, 34
2026/10/08 01:36:13.664, 1, 120 MHz, 3996 MHz, 186.40 W, 37
2026/10/08 01:36:13.664, 2, 120 MHz, 3996 MHz, 183.38 W, 30
2026/10/08 01:36:13.664, 3, 120 MHz, 3996 MHz, 182.21 W, 30
2026/10/08 01:36:13.664, 4, 120 MHz, 3996 MHz, 186.49 W, 38
2026/10/08 01:36:13.664, 5, 120 MHz, 3996 MHz, 184.51 W, 36
2026/10/08 01:36:13.664, 6, 120 MHz, 3996 MHz, 184.83 W, 29
2026/10/08 01:36:13.664, 7, 120 MHz, 3996 MHz, 184.60 W, 28
2026/10/08 01:36:13.865, 0, 120 MHz, 3996 MHz, 184.47 W, 34
2026/10/08 01:36:13.865, 1, 120 MHz, 3996 MHz, 186.36 W, 37
2026/10/08 01:36:13.865, 2, 120 MHz, 3996 MHz, 183.47 W, 30
2026/10/08 01:36:13.865, 3, 120 MHz, 3996 MHz, 182.18 W, 30
2026/10/08 01:36:13.865, 4, 120 MHz, 3996 MHz, 186.41 W, 38
2026/10/08 01:36:13.865, 5, 120 MHz, 3996 MHz, 184.54 W, 36
2026/10/08 01:36:13.865, 6, 120 MHz, 3996 MHz, 184.83 W, 29
2026/10/08 01:36:13.865, 7, 120 MHz, 3996 MHz, 184.60 W, 28
2026/10/08 01:36:14.065, 0, 120 MHz, 3996 MHz, 184.47 W, 34
2026/10/08 01:36:14.065, 1, 120 MHz, 3996 MHz, 186.36 W, 37
2026/10/08 01:36:14.065, 2, 120 MHz, 3996 MHz, 183.42 W, 30
2026/10/08 01:36:14.065, 3, 120 MHz, 3996 MHz, 182.18 W, 30
2026/10/08 01:36:14.065, 4, 120 MHz, 3996 MHz, 186.41 W, 38
2026/10/08 01:36:14.065, 5, 120 MHz, 3996 MHz, 184.56 W, 36
2026/10/08 01:36:14.065, 6, 120 MHz, 3996 MHz, 184.83 W, 29
2026/10/08 01:36:14.065, 7, 120 MHz, 3996 MHz, 184.60 W, 28
2026/10/08 01:36:14.265, 0, 120 MHz, 3996 MHz, 184.47 W, 34
2026/10/08 01:36:14.265, 1, 120 MHz, 3996 MHz, 186.32 W, 37
2026/10/08 01:36:14.265, 2, 120 MHz, 3996 MHz, 183.28 W, 29
2026/10/08 01:36:14.265, 3, 120 MHz, 3996 MHz, 182.18 W, 30
2026/10/08 01:36:14.265, 4, 120 MHz, 3996 MHz, 186.34 W, 38
2026/10/08 01:36:14.265, 5, 120 MHz, 3996 MHz, 184.57 W, 36
2026/10/08 01:36:14.265, 6, 120 MHz, 3996 MHz, 184.83 W, 29
2026/10/08 01:36:14.265, 7, 120 MHz, 3996 MHz, 184.60 W, 28
2026/10/08 01:36:14.465, 0, 120 MHz, 3996 MHz, 184.47 W, 34
2026/10/08 01:36:14.466, 1, 120 MHz, 3996 MHz, 186.29 W, 37
2026/10/08 01:36:14.466, 2, 120 MHz, 3996 MHz, 183.11 W, 29
2026/10/08 01:36:14.466, 3, 120 MHz, 3996 MHz, 182.18 W, 30
2026/10/08 01:36:14.466, 4, 120 MHz, 3996 MHz, 186.34 W, 38
2026/10/08 01:36:14.466, 5, 120 MHz, 3996 MHz, 184.53 W, 36
2026/10/08 01:36:14.466, 6, 120 MHz, 3996 MHz, 184.83 W, 29
2026/10/08 01:36:14.466, 7, 120 MHz, 3996 MHz, 184.61 W, 28
2026/10/08 01:36:14.666, 0, 120 MHz, 3996 MHz, 184.47 W, 34
2026/10/08 01:36:14.666, 1, 120 MHz, 3996 MHz, 186.29 W, 37
2026/10/08 01:36:14.666, 2, 120 MHz, 3996 MHz, 183.21 W, 29
2026/10/08 01:36:14.666, 3, 120 MHz, 3996 MHz, 182.18 W, 30
2026/10/08 01:36:14.666, 4, 120 MHz, 3996 MHz, 186.38 W, 38
2026/10/08 01:36:14.666, 5, 120 MHz, 3996 MHz, 184.54 W, 36
2026/10/08 01:36:14.666, 6, 120 MHz, 3996 MHz, 184.83 W, 29
2026/10/08 01:36:14.666, 7, 120 MHz, 3996 MHz, 184.61 W, 28
2026/10/08 01:36:14.866, 0, 120 MHz, 3996 MHz, 184.47 W, 34
2026/10/08 01:36:14.866, 1, 120 MHz, 3996 MHz, 186.29 W, 37
2026/10/08 01:36:14.866, 2, 120 MHz, 3996 MHz, 183.23 W, 29
2026/10/08 01:36:14.866, 3, 120 MHz, 3996 MHz, 182.21 W, 30
2026/10/08 01:36:14.866, 4, 120 MHz, 3996 MHz, 186.26 W, 38
2026/10/08 01:36:14.866, 5, 120 MHz, 3996 MHz, 184.51 W, 36
2026/10/08 01:36:14.866, 6, 120 MHz, 3996 MHz, 184.83 W, 29
2026/10/08 01:36:14.866, 7, 120 MHz, 3996 MHz, 184.61 W, 28
2026/10/08 01:36:15.066, 0, 120 MHz, 3996 MHz, 184.47 W, 34
2026/10/08 01:36:15.066, 1, 120 MHz, 3996 MHz, 186.29 W, 37
2026/10/08 01:36:15.066, 2, 120 MHz, 3996 MHz, 183.16 W, 29
2026/10/08 01:36:15.066, 3, 120 MHz, 3996 MHz, 182.21 W, 30
2026/10/08 01:36:15.066, 4, 120 MHz, 3996 MHz, 186.15 W, 38
2026/10/08 01:36:15.066, 5, 120 MHz, 3996 MHz, 184.51 W, 36
2026/10/08 01:36:15.066, 6, 120 MHz, 3996 MHz, 184.83 W, 29
2026/10/08 01:36:15.066, 7, 120 MHz, 3996 MHz, 184.62 W, 28
2026/10/08 01:36:15.267, 0, 120 MHz, 3996 MHz, 184.47 W, 34
2026/10/08 01:36:15.267, 1, 120 MHz, 3996 MHz, 186.29 W, 37
2026/10/08 01:36:15.267, 2, 120 MHz, 3996 MHz, 183.32 W, 29
2026/10/08 01:36:15.267, 3, 120 MHz, 3996 MHz, 182.21 W, 29
2026/10/08 01:36:15.267, 4, 120 MHz, 3996 MHz, 186.23 W, 38
2026/10/08 01:36:15.267, 5, 120 MHz, 3996 MHz, 184.53 W, 36
2026/10/08 01:36:15.267, 6, 120 MHz, 3996 MHz, 184.83 W, 29
2026/10/08 01:36:15.267, 7, 120 MHz, 3996 MHz, 184.62 W, 28
2026/10/08 01:36:15.467, 0, 120 MHz, 3996 MHz, 184.47 W, 34
2026/10/08 01:36:15.467, 1, 120 MHz, 3996 MHz, 186.29 W, 37
2026/10/08 01:36:15.467, 2, 120 MHz, 3996 MHz, 183.34 W, 29
2026/10/08 01:36:15.467, 3, 120 MHz, 3996 MHz, 182.20 W, 29
2026/10/08 01:36:15.467, 4, 120 MHz, 3996 MHz, 186.19 W, 38
2026/10/08 01:36:15.467, 5, 120 MHz, 3996 MHz, 184.53 W, 36
2026/10/08 01:36:15.467, 6, 120 MHz, 3996 MHz, 184.83 W, 29
2026/10/08 01:36:15.467, 7, 120 MHz, 3996 MHz, 184.62 W, 28
2026/10/08 01:36:15.667, 0, 120 MHz, 3996 MHz, 184.47 W, 34
2026/10/08 01:36:15.667, 1, 120 MHz, 3996 MHz, 186.29 W, 37
2026/10/08 01:36:15.667, 2, 120 MHz, 3996 MHz, 183.36 W, 29
2026/10/08 01:36:15.667, 3, 120 MHz, 3996 MHz, 182.20 W, 29
2026/10/08 01:36:15.667, 4, 120 MHz, 3996 MHz, 186.07 W, 38
2026/10/08 01:36:15.667, 5, 120 MHz, 3996 MHz, 184.58 W, 36
2026/10/08 01:36:15.667, 6, 120 MHz, 3996 MHz, 184.83 W, 29
2026/10/08 01:36:15.667, 7, 120 MHz, 3996 MHz, 184.62 W, 28
2026/10/08 01:36:15.868, 0, 120 MHz, 3996 MHz, 184.47 W, 34
2026/10/08 01:36:15.868, 1, 120 MHz, 3996 MHz, 186.29 W, 37
2026/10/08 01:36:15.868, 2, 120 MHz, 3996 MHz, 183.47 W, 29
2026/10/08 01:36:15.868, 3, 120 MHz, 3996 MHz, 182.19 W, 29
2026/10/08 01:36:15.868, 4, 120 MHz, 3996 MHz, 186.19 W, 38
2026/10/08 01:36:15.868, 5, 120 MHz, 3996 MHz, 184.58 W, 36
2026/10/08 01:36:15.868, 6, 120 MHz, 3996 MHz, 184.83 W, 29
2026/10/08 01:36:15.868, 7, 120 MHz, 3996 MHz, 184.62 W, 28
2026/10/08 01:36:16.068, 0, 120 MHz, 3996 MHz, 184.47 W, 34
2026/10/08 01:36:16.068, 1, 120 MHz, 3996 MHz, 186.29 W, 37
2026/10/08 01:36:16.068, 2, 120 MHz, 3996 MHz, 183.36 W, 29
2026/10/08 01:36:16.068, 3, 120 MHz, 3996 MHz, 182.20 W, 29
2026/10/08 01:36:16.068, 4, 120 MHz, 3996 MHz, 186.23 W, 38
2026/10/08 01:36:16.068, 5, 120 MHz, 3996 MHz, 184.53 W, 36
2026/10/08 01:36:16.068, 6, 120 MHz, 3996 MHz, 184.83 W, 29
2026/10/08 01:36:16.068, 7, 120 MHz, 3996 MHz, 184.62 W, 28
2026/10/08 01:36:16.268, 0, 120 MHz, 3996 MHz, 184.47 W, 34
2026/10/08 01:36:16.268, 1, 120 MHz, 3996 MHz, 186.29 W, 37
2026/10/08 01:36:16.268, 2, 120 MHz, 3996 MHz, 183.34 W, 29
2026/10/08 01:36:16.268, 3, 120 MHz, 3996 MHz, 182.19 W, 29
2026/10/08 01:36:16.268, 4, 120 MHz, 3996 MHz, 186.15 W, 38
2026/10/08 01:36:16.268, 5, 120 MHz, 3996 MHz, 184.46 W, 36
2026/10/08 01:36:16.268, 6, 120 MHz, 3996 MHz, 184.83 W, 29
2026/10/08 01:36:16.268, 7, 120 MHz, 3996 MHz, 184.62 W, 28
2026/10/08 01:36:16.468, 0, 120 MHz, 3996 MHz, 184.47 W, 34
2026/10/08 01:36:16.468, 1, 120 MHz, 3996 MHz, 186.29 W, 37
2026/10/08 01:36:16.468, 2, 120 MHz, 3996 MHz, 183.19 W, 29
2026/10/08 01:36:16.468, 3, 120 MHz, 3996 MHz, 182.16 W, 29
2026/10/08 01:36:16.468, 4, 120 MHz, 3996 MHz, 186.03 W, 38
2026/10/08 01:36:16.468, 5, 120 MHz, 3996 MHz, 184.42 W, 36
2026/10/08 01:36:16.469, 6, 120 MHz, 3996 MHz, 184.83 W, 29
2026/10/08 01:36:16.469, 7, 120 MHz, 3996 MHz, 184.62 W, 28
2026/10/08 01:36:16.669, 0, 120 MHz, 3996 MHz, 184.47 W, 34
2026/10/08 01:36:16.669, 1, 120 MHz, 3996 MHz, 186.29 W, 37
2026/10/08 01:36:16.669, 2, 120 MHz, 3996 MHz, 183.17 W, 29
2026/10/08 01:36:16.669, 3, 120 MHz, 3996 MHz, 182.16 W, 29
2026/10/08 01:36:16.669, 4, 120 MHz, 3996 MHz, 185.84 W, 38
2026/10/08 01:36:16.669, 5, 120 MHz, 3996 MHz, 184.41 W, 36
2026/10/08 01:36:16.669, 6, 120 MHz, 3996 MHz, 184.79 W, 29
2026/10/08 01:36:16.669, 7, 120 MHz, 3996 MHz, 184.62 W, 28
2026/10/08 01:36:16.869, 0, 120 MHz, 3996 MHz, 184.47 W, 34
2026/10/08 01:36:16.869, 1, 120 MHz, 3996 MHz, 186.29 W, 37
2026/10/08 01:36:16.869, 2, 120 MHz, 3996 MHz, 182.98 W, 29
2026/10/08 01:36:16.869, 3, 120 MHz, 3996 MHz, 182.16 W, 29
2026/10/08 01:36:16.869, 4, 120 MHz, 3996 MHz, 185.81 W, 38
2026/10/08 01:36:16.869, 5, 120 MHz, 3996 MHz, 184.40 W, 36
2026/10/08 01:36:16.869, 6, 120 MHz, 3996 MHz, 184.75 W, 29
2026/10/08 01:36:16.869, 7, 120 MHz, 3996 MHz, 184.61 W, 28
2026/10/08 01:36:17.069, 0, 120 MHz, 3996 MHz, 184.47 W, 34
2026/10/08 01:36:17.069, 1, 120 MHz, 3996 MHz, 186.32 W, 37
2026/10/08 01:36:17.069, 2, 120 MHz, 3996 MHz, 183.11 W, 29
2026/10/08 01:36:17.069, 3, 120 MHz, 3996 MHz, 182.17 W, 29
2026/10/08 01:36:17.069, 4, 120 MHz, 3996 MHz, 185.81 W, 38
2026/10/08 01:36:17.069, 5, 120 MHz, 3996 MHz, 184.40 W, 36
2026/10/08 01:36:17.069, 6, 120 MHz, 3996 MHz, 184.71 W, 29
2026/10/08 01:36:17.069, 7, 120 MHz, 3996 MHz, 184.61 W, 28
2026/10/08 01:36:17.269, 0, 120 MHz, 3996 MHz, 184.47 W, 34
2026/10/08 01:36:17.270, 1, 120 MHz, 3996 MHz, 186.32 W, 36
2026/10/08 01:36:17.270, 2, 120 MHz, 3996 MHz, 182.92 W, 29
2026/10/08 01:36:17.270, 3, 120 MHz, 3996 MHz, 182.17 W, 29
2026/10/08 01:36:17.270, 4, 120 MHz, 3996 MHz, 185.72 W, 38
2026/10/08 01:36:17.270, 5, 120 MHz, 3996 MHz, 184.43 W, 36
2026/10/08 01:36:17.270, 6, 120 MHz, 3996 MHz, 184.68 W, 29
2026/10/08 01:36:17.270, 7, 120 MHz, 3996 MHz, 184.61 W, 28
2026/10/08 01:36:17.470, 0, 120 MHz, 3996 MHz, 184.47 W, 34
2026/10/08 01:36:17.470, 1, 120 MHz, 3996 MHz, 186.32 W, 36
2026/10/08 01:36:17.470, 2, 120 MHz, 3996 MHz, 183.07 W, 29
2026/10/08 01:36:17.470, 3, 120 MHz, 3996 MHz, 182.19 W, 29
2026/10/08 01:36:17.470, 4, 120 MHz, 3996 MHz, 185.77 W, 38
2026/10/08 01:36:17.470, 5, 120 MHz, 3996 MHz, 184.46 W, 36
2026/10/08 01:36:17.470, 6, 120 MHz, 3996 MHz, 184.68 W, 29
2026/10/08 01:36:17.470, 7, 120 MHz, 3996 MHz, 184.61 W, 28
2026/10/08 01:36:17.670, 0, 120 MHz, 3996 MHz, 184.47 W, 34
2026/10/08 01:36:17.670, 1, 120 MHz, 3996 MHz, 186.32 W, 36
2026/10/08 01:36:17.670, 2, 120 MHz, 3996 MHz, 183.05 W, 29
2026/10/08 01:36:17.670, 3, 120 MHz, 3996 MHz, 182.20 W, 29
2026/10/08 01:36:17.670, 4, 120 MHz, 3996 MHz, 185.96 W, 38
2026/10/08 01:36:17.670, 5, 120 MHz, 3996 MHz, 184.45 W, 36
2026/10/08 01:36:17.670, 6, 120 MHz, 3996 MHz, 184.72 W, 29
2026/10/08 01:36:17.670, 7, 120 MHz, 3996 MHz, 184.62 W, 28
2026/10/08 01:36:17.870, 0, 120 MHz, 3996 MHz, 184.47 W, 34
2026/10/08 01:36:17.870, 1, 120 MHz, 3996 MHz, 186.32 W, 36
2026/10/08 01:36:17.870, 2, 120 MHz, 3996 MHz, 183.05 W, 29
2026/10/08 01:36:17.870, 3, 120 MHz, 3996 MHz, 182.21 W, 29
2026/10/08 01:36:17.870, 4, 120 MHz, 3996 MHz, 185.96 W, 38
2026/10/08 01:36:17.870, 5, 120 MHz, 3996 MHz, 184.42 W, 36
2026/10/08 01:36:17.870, 6, 120 MHz, 3996 MHz, 184.72 W, 29
2026/10/08 01:36:17.870, 7, 120 MHz, 3996 MHz, 184.63 W, 28
2026/10/08 01:36:18.071, 0, 120 MHz, 3996 MHz, 184.47 W, 34
2026/10/08 01:36:18.071, 1, 120 MHz, 3996 MHz, 186.29 W, 36
2026/10/08 01:36:18.071, 2, 120 MHz, 3996 MHz, 183.01 W, 29
2026/10/08 01:36:18.071, 3, 120 MHz, 3996 MHz, 182.20 W, 29
2026/10/08 01:36:18.071, 4, 120 MHz, 3996 MHz, 185.76 W, 38
2026/10/08 01:36:18.071, 5, 120 MHz, 3996 MHz, 184.31 W, 36
2026/10/08 01:36:18.071, 6, 120 MHz, 3996 MHz, 184.75 W, 29
2026/10/08 01:36:18.071, 7, 120 MHz, 3996 MHz, 184.63 W, 28
2026/10/08 01:36:18.271, 0, 120 MHz, 3996 MHz, 184.47 W, 34
2026/10/08 01:36:18.271, 1, 120 MHz, 3996 MHz, 186.29 W, 36
2026/10/08 01:36:18.271, 2, 120 MHz, 3996 MHz, 182.97 W, 29
2026/10/08 01:36:18.271, 3, 120 MHz, 3996 MHz, 182.20 W, 29
2026/10/08 01:36:18.271, 4, 120 MHz, 3996 MHz, 185.69 W, 38
2026/10/08 01:36:18.271, 5, 120 MHz, 3996 MHz, 184.40 W, 36
2026/10/08 01:36:18.271, 6, 120 MHz, 3996 MHz, 184.79 W, 29
2026/10/08 01:36:18.271, 7, 120 MHz, 3996 MHz, 184.64 W, 28
2026/10/08 01:36:18.471, 0, 120 MHz, 3996 MHz, 184.47 W, 34
2026/10/08 01:36:18.471, 1, 120 MHz, 3996 MHz, 186.29 W, 36
2026/10/08 01:36:18.471, 2, 120 MHz, 3996 MHz, 182.98 W, 29
2026/10/08 01:36:18.471, 3, 120 MHz, 3996 MHz, 182.21 W, 29
2026/10/08 01:36:18.471, 4, 120 MHz, 3996 MHz, 185.48 W, 38
2026/10/08 01:36:18.471, 5, 120 MHz, 3996 MHz, 184.35 W, 36
2026/10/08 01:36:18.471, 6, 120 MHz, 3996 MHz, 184.79 W, 29
2026/10/08 01:36:18.471, 7, 120 MHz, 3996 MHz, 184.64 W, 28
2026/10/08 01:36:18.671, 0, 120 MHz, 3996 MHz, 184.47 W, 34
2026/10/08 01:36:18.671, 1, 120 MHz, 3996 MHz, 186.29 W, 36
2026/10/08 01:36:18.671, 2, 120 MHz, 3996 MHz, 182.78 W, 29
2026/10/08 01:36:18.671, 3, 120 MHz, 3996 MHz, 182.21 W, 29
2026/10/08 01:36:18.671, 4, 120 MHz, 3996 MHz, 185.35 W, 38
2026/10/08 01:36:18.671, 5, 120 MHz, 3996 MHz, 184.35 W, 36
2026/10/08 01:36:18.671, 6, 120 MHz, 3996 MHz, 184.79 W, 29
2026/10/08 01:36:18.671, 7, 120 MHz, 3996 MHz, 184.63 W, 28
2026/10/08 01:36:18.872, 0, 120 MHz, 3996 MHz, 184.47 W, 34
2026/10/08 01:36:18.872, 1, 120 MHz, 3996 MHz, 186.29 W, 36
2026/10/08 01:36:18.872, 2, 120 MHz, 3996 MHz, 182.78 W, 29
2026/10/08 01:36:18.872, 3, 120 MHz, 3996 MHz, 182.20 W, 29
2026/10/08 01:36:18.872, 4, 120 MHz, 3996 MHz, 185.33 W, 38
2026/10/08 01:36:18.872, 5, 120 MHz, 3996 MHz, 184.43 W, 36
2026/10/08 01:36:18.872, 6, 120 MHz, 3996 MHz, 184.76 W, 29
2026/10/08 01:36:18.872, 7, 120 MHz, 3996 MHz, 184.63 W, 28
2026/10/08 01:36:19.072, 0, 120 MHz, 3996 MHz, 184.47 W, 34
2026/10/08 01:36:19.072, 1, 120 MHz, 3996 MHz, 186.29 W, 36
2026/10/08 01:36:19.072, 2, 120 MHz, 3996 MHz, 182.64 W, 29
2026/10/08 01:36:19.072, 3, 120 MHz, 3996 MHz, 182.21 W, 29
2026/10/08 01:36:19.072, 4, 120 MHz, 3996 MHz, 185.48 W, 38
2026/10/08 01:36:19.072, 5, 120 MHz, 3996 MHz, 184.53 W, 36
2026/10/08 01:36:19.072, 6, 120 MHz, 3996 MHz, 184.76 W, 29
2026/10/08 01:36:19.072, 7, 120 MHz, 3996 MHz, 184.63 W, 28
2026/10/08 01:36:19.272, 0, 120 MHz, 3996 MHz, 184.47 W, 34
2026/10/08 01:36:19.272, 1, 120 MHz, 3996 MHz, 186.29 W, 36
2026/10/08 01:36:19.272, 2, 120 MHz, 3996 MHz, 182.65 W, 29
2026/10/08 01:36:19.272, 3, 120 MHz, 3996 MHz, 182.22 W, 29
2026/10/08 01:36:19.272, 4, 120 MHz, 3996 MHz, 185.48 W, 37
2026/10/08 01:36:19.272, 5, 120 MHz, 3996 MHz, 184.52 W, 36
2026/10/08 01:36:19.272, 6, 120 MHz, 3996 MHz, 184.72 W, 29
2026/10/08 01:36:19.272, 7, 120 MHz, 3996 MHz, 184.62 W, 28
2026/10/08 01:36:19.472, 0, 120 MHz, 3996 MHz, 184.47 W, 34
2026/10/08 01:36:19.473, 1, 120 MHz, 3996 MHz, 186.29 W, 36
2026/10/08 01:36:19.473, 2, 120 MHz, 3996 MHz, 182.61 W, 29
2026/10/08 01:36:19.473, 3, 120 MHz, 3996 MHz, 182.22 W, 29
2026/10/08 01:36:19.473, 4, 120 MHz, 3996 MHz, 185.69 W, 37
2026/10/08 01:36:19.473, 5, 120 MHz, 3996 MHz, 184.60 W, 36
2026/10/08 01:36:19.473, 6, 120 MHz, 3996 MHz, 184.68 W, 29
2026/10/08 01:36:19.473, 7, 120 MHz, 3996 MHz, 184.62 W, 28
2026/10/08 01:36:19.673, 0, 120 MHz, 3996 MHz, 184.47 W, 34
2026/10/08 01:36:19.673, 1, 120 MHz, 3996 MHz, 186.29 W, 36
2026/10/08 01:36:19.673, 2, 120 MHz, 3996 MHz, 182.69 W, 29
2026/10/08 01:36:19.673, 3, 120 MHz, 3996 MHz, 182.22 W, 29
2026/10/08 01:36:19.673, 4, 120 MHz, 3996 MHz, 185.75 W, 37
2026/10/08 01:36:19.673, 5, 120 MHz, 3996 MHz, 184.60 W, 36
2026/10/08 01:36:19.673, 6, 120 MHz, 3996 MHz, 184.60 W, 29
2026/10/08 01:36:19.673, 7, 120 MHz, 3996 MHz, 184.62 W, 28
2026/10/08 01:36:19.873, 0, 120 MHz, 3996 MHz, 184.47 W, 34
2026/10/08 01:36:19.873, 1, 120 MHz, 3996 MHz, 186.29 W, 36
2026/10/08 01:36:19.873, 2, 120 MHz, 3996 MHz, 182.57 W, 29
2026/10/08 01:36:19.873, 3, 120 MHz, 3996 MHz, 182.22 W, 29
2026/10/08 01:36:19.873, 4, 120 MHz, 3996 MHz, 185.62 W, 37
2026/10/08 01:36:19.873, 5, 120 MHz, 3996 MHz, 184.63 W, 36
2026/10/08 01:36:19.873, 6, 120 MHz, 3996 MHz, 184.56 W, 29
2026/10/08 01:36:19.873, 7, 120 MHz, 3996 MHz, 184.63 W, 28
2026/10/08 01:36:20.073, 0, 120 MHz, 3996 MHz, 184.47 W, 34
2026/10/08 01:36:20.073, 1, 120 MHz, 3996 MHz, 186.29 W, 36
2026/10/08 01:36:20.073, 2, 120 MHz, 3996 MHz, 182.48 W, 29
2026/10/08 01:36:20.073, 3, 120 MHz, 3996 MHz, 182.22 W, 29
2026/10/08 01:36:20.073, 4, 120 MHz, 3996 MHz, 185.42 W, 37
2026/10/08 01:36:20.073, 5, 120 MHz, 3996 MHz, 184.63 W, 36
2026/10/08 01:36:20.073, 6, 120 MHz, 3996 MHz, 184.56 W, 29
2026/10/08 01:36:20.073, 7, 120 MHz, 3996 MHz, 184.62 W, 28
2026/10/08 01:36:20.274, 0, 120 MHz, 3996 MHz, 184.47 W, 34
2026/10/08 01:36:20.274, 1, 120 MHz, 3996 MHz, 186.29 W, 36
2026/10/08 01:36:20.274, 2, 120 MHz, 3996 MHz, 182.65 W, 29
2026/10/08 01:36:20.274, 3, 120 MHz, 3996 MHz, 182.21 W, 29
2026/10/08 01:36:20.274, 4, 120 MHz, 3996 MHz, 185.42 W, 37
2026/10/08 01:36:20.274, 5, 120 MHz, 3996 MHz, 184.63 W, 36
2026/10/08 01:36:20.274, 6, 120 MHz, 3996 MHz, 184.56 W, 29
2026/10/08 01:36:20.274, 7, 120 MHz, 3996 MHz, 184.62 W, 28
2026/10/08 01:36:20.474, 0, 120 MHz, 3996 MHz, 184.47 W, 34
2026/10/08 01:36:20.474, 1, 120 MHz, 3996 MHz, 186.32 W, 36
2026/10/08 01:36:20.474, 2, 120 MHz, 3996 MHz, 182.60 W, 29
2026/10/08 01:36:20.474, 3, 120 MHz, 3996 MHz, 182.22 W, 29
2026/10/08 01:36:20.474, 4, 120 MHz, 3996 MHz, 185.17 W, 37
2026/10/08 01:36:20.474, 5, 120 MHz, 3996 MHz, 184.63 W, 36
2026/10/08 01:36:20.474, 6, 120 MHz, 3996 MHz, 184.56 W, 29
2026/10/08 01:36:20.474, 7, 120 MHz, 3996 MHz, 184.62 W, 28
2026/10/08 01:36:20.674, 0, 120 MHz, 3996 MHz, 184.47 W, 34
2026/10/08 01:36:20.674, 1, 120 MHz, 3996 MHz, 186.32 W, 36
2026/10/08 01:36:20.674, 2, 120 MHz, 3996 MHz, 182.59 W, 29
2026/10/08 01:36:20.674, 3, 120 MHz, 3996 MHz, 182.22 W, 29
2026/10/08 01:36:20.674, 4, 120 MHz, 3996 MHz, 185.13 W, 37
2026/10/08 01:36:20.674, 5, 120 MHz, 3996 MHz, 184.63 W, 36
2026/10/08 01:36:20.674, 6, 120 MHz, 3996 MHz, 184.64 W, 29
2026/10/08 01:36:20.674, 7, 120 MHz, 3996 MHz, 184.63 W, 28
2026/10/08 01:36:20.874, 0, 120 MHz, 3996 MHz, 184.47 W, 34
2026/10/08 01:36:20.874, 1, 120 MHz, 3996 MHz, 186.32 W, 36
2026/10/08 01:36:20.874, 2, 120 MHz, 3996 MHz, 182.63 W, 29
2026/10/08 01:36:20.874, 3, 120 MHz, 3996 MHz, 182.22 W, 29
2026/10/08 01:36:20.874, 4, 120 MHz, 3996 MHz, 185.13 W, 37
2026/10/08 01:36:20.874, 5, 120 MHz, 3996 MHz, 184.59 W, 36
2026/10/08 01:36:20.874, 6, 120 MHz, 3996 MHz, 184.68 W, 29
2026/10/08 01:36:20.874, 7, 120 MHz, 3996 MHz, 184.63 W, 28
2026/10/08 01:36:21.075, 0, 120 MHz, 3996 MHz, 184.47 W, 34
2026/10/08 01:36:21.075, 1, 120 MHz, 3996 MHz, 186.32 W, 36
2026/10/08 01:36:21.075, 2, 120 MHz, 3996 MHz, 182.68 W, 29
2026/10/08 01:36:21.075, 3, 120 MHz, 3996 MHz, 182.21 W, 29
2026/10/08 01:36:21.075, 4, 120 MHz, 3996 MHz, 185.18 W, 37
2026/10/08 01:36:21.075, 5, 120 MHz, 3996 MHz, 184.59 W, 36
2026/10/08 01:36:21.075, 6, 120 MHz, 3996 MHz, 184.72 W, 29
2026/10/08 01:36:21.075, 7, 120 MHz, 3996 MHz, 184.64 W, 28
2026/10/08 01:36:21.275, 0, 120 MHz, 3996 MHz, 184.47 W, 34
2026/10/08 01:36:21.275, 1, 120 MHz, 3996 MHz, 186.32 W, 36
2026/10/08 01:36:21.275, 2, 120 MHz, 3996 MHz, 182.63 W, 29
2026/10/08 01:36:21.275, 3, 120 MHz, 3996 MHz, 182.22 W, 29
2026/10/08 01:36:21.275, 4, 120 MHz, 3996 MHz, 185.10 W, 37
2026/10/08 01:36:21.275, 5, 120 MHz, 3996 MHz, 184.59 W, 36
2026/10/08 01:36:21.275, 6, 120 MHz, 3996 MHz, 184.71 W, 29
2026/10/08 01:36:21.275, 7, 120 MHz, 3996 MHz, 184.64 W, 28
2026/10/08 01:36:21.475, 0, 120 MHz, 3996 MHz, 184.47 W, 34
2026/10/08 01:36:21.475, 1, 120 MHz, 3996 MHz, 186.32 W, 36
2026/10/08 01:36:21.475, 2, 120 MHz, 3996 MHz, 182.55 W, 29
2026/10/08 01:36:21.475, 3, 120 MHz, 3996 MHz, 182.21 W, 29
2026/10/08 01:36:21.475, 4, 120 MHz, 3996 MHz, 185.12 W, 37
2026/10/08 01:36:21.475, 5, 120 MHz, 3996 MHz, 184.59 W, 36
2026/10/08 01:36:21.475, 6, 120 MHz, 3996 MHz, 184.71 W, 29
2026/10/08 01:36:21.475, 7, 120 MHz, 3996 MHz, 184.64 W, 28
2026/10/08 01:36:21.676, 0, 120 MHz, 3996 MHz, 184.47 W, 34
2026/10/08 01:36:21.676, 1, 120 MHz, 3996 MHz, 186.29 W, 36
2026/10/08 01:36:21.676, 2, 120 MHz, 3996 MHz, 182.57 W, 29
2026/10/08 01:36:21.676, 3, 120 MHz, 3996 MHz, 182.21 W, 29
2026/10/08 01:36:21.676, 4, 120 MHz, 3996 MHz, 185.05 W, 37
2026/10/08 01:36:21.676, 5, 120 MHz, 3996 MHz, 184.59 W, 36
2026/10/08 01:36:21.676, 6, 120 MHz, 3996 MHz, 184.68 W, 29
2026/10/08 01:36:21.676, 7, 120 MHz, 3996 MHz, 184.63 W, 28
2026/10/08 01:36:21.876, 0, 120 MHz, 3996 MHz, 184.47 W, 34
2026/10/08 01:36:21.876, 1, 120 MHz, 3996 MHz, 186.29 W, 36
2026/10/08 01:36:21.876, 2, 120 MHz, 3996 MHz, 182.52 W, 29
2026/10/08 01:36:21.876, 3, 120 MHz, 3996 MHz, 182.22 W, 29
2026/10/08 01:36:21.876, 4, 120 MHz, 3996 MHz, 184.97 W, 37
2026/10/08 01:36:21.876, 5, 120 MHz, 3996 MHz, 184.58 W, 36
2026/10/08 01:36:21.876, 6, 120 MHz, 3996 MHz, 184.68 W, 29
2026/10/08 01:36:21.876, 7, 120 MHz, 3996 MHz, 184.63 W, 28
2026/10/08 01:36:22.076, 0, 120 MHz, 3996 MHz, 184.47 W, 34
2026/10/08 01:36:22.076, 1, 120 MHz, 3996 MHz, 186.29 W, 36
2026/10/08 01:36:22.076, 2, 120 MHz, 3996 MHz, 182.56 W, 29
2026/10/08 01:36:22.076, 3, 120 MHz, 3996 MHz, 182.18 W, 29
2026/10/08 01:36:22.076, 4, 120 MHz, 3996 MHz, 185.02 W, 37
2026/10/08 01:36:22.076, 5, 120 MHz, 3996 MHz, 184.59 W, 36
2026/10/08 01:36:22.076, 6, 120 MHz, 3996 MHz, 184.68 W, 29
2026/10/08 01:36:22.076, 7, 120 MHz, 3996 MHz, 184.62 W, 28
2026/10/08 01:36:22.276, 0, 120 MHz, 3996 MHz, 184.47 W, 34
2026/10/08 01:36:22.276, 1, 120 MHz, 3996 MHz, 186.29 W, 36
2026/10/08 01:36:22.276, 2, 120 MHz, 3996 MHz, 182.51 W, 29
2026/10/08 01:36:22.276, 3, 120 MHz, 3996 MHz, 182.18 W, 29
2026/10/08 01:36:22.276, 4, 120 MHz, 3996 MHz, 185.05 W, 37
2026/10/08 01:36:22.276, 5, 120 MHz, 3996 MHz, 184.62 W, 36
2026/10/08 01:36:22.276, 6, 120 MHz, 3996 MHz, 184.72 W, 29
2026/10/08 01:36:22.276, 7, 120 MHz, 3996 MHz, 184.62 W, 28
2026/10/08 01:36:22.477, 0, 120 MHz, 3996 MHz, 184.47 W, 34
2026/10/08 01:36:22.477, 1, 120 MHz, 3996 MHz, 186.29 W, 36
2026/10/08 01:36:22.477, 2, 120 MHz, 3996 MHz, 182.60 W, 29
2026/10/08 01:36:22.477, 3, 120 MHz, 3996 MHz, 182.18 W, 29
2026/10/08 01:36:22.477, 4, 120 MHz, 3996 MHz, 185.10 W, 37
2026/10/08 01:36:22.477, 5, 120 MHz, 3996 MHz, 184.63 W, 36
2026/10/08 01:36:22.477, 6, 120 MHz, 3996 MHz, 184.68 W, 29
2026/10/08 01:36:22.477, 7, 120 MHz, 3996 MHz, 184.62 W, 28
2026/10/08 01:36:22.677, 0, 120 MHz, 3996 MHz, 184.47 W, 34
2026/10/08 01:36:22.677, 1, 120 MHz, 3996 MHz, 186.29 W, 36
2026/10/08 01:36:22.677, 2, 120 MHz, 3996 MHz, 182.66 W, 29
2026/10/08 01:36:22.677, 3, 120 MHz, 3996 MHz, 182.18 W, 29
2026/10/08 01:36:22.677, 4, 120 MHz, 3996 MHz, 185.14 W, 37
2026/10/08 01:36:22.677, 5, 120 MHz, 3996 MHz, 184.63 W, 36
2026/10/08 01:36:22.677, 6, 120 MHz, 3996 MHz, 184.71 W, 29
2026/10/08 01:36:22.677, 7, 120 MHz, 3996 MHz, 184.62 W, 28
2026/10/08 01:36:22.877, 0, 120 MHz, 3996 MHz, 184.47 W, 34
2026/10/08 01:36:22.877, 1, 120 MHz, 3996 MHz, 186.29 W, 36
2026/10/08 01:36:22.877, 2, 120 MHz, 3996 MHz, 182.63 W, 29
2026/10/08 01:36:22.877, 3, 120 MHz, 3996 MHz, 182.17 W, 29
2026/10/08 01:36:22.877, 4, 120 MHz, 3996 MHz, 185.21 W, 37
2026/10/08 01:36:22.877, 5, 120 MHz, 3996 MHz, 184.63 W, 36
2026/10/08 01:36:22.877, 6, 120 MHz, 3996 MHz, 184.68 W, 29
2026/10/08 01:36:22.877, 7, 120 MHz, 3996 MHz, 184.62 W, 28
2026/10/08 01:36:23.077, 0, 120 MHz, 3996 MHz, 184.47 W, 34
2026/10/08 01:36:23.078, 1, 120 MHz, 3996 MHz, 186.29 W, 36
2026/10/08 01:36:23.078, 2, 120 MHz, 3996 MHz, 182.68 W, 29
2026/10/08 01:36:23.078, 3, 120 MHz, 3996 MHz, 182.21 W, 29
2026/10/08 01:36:23.078, 4, 120 MHz, 3996 MHz, 185.10 W, 37
2026/10/08 01:36:23.078, 5, 120 MHz, 3996 MHz, 184.63 W, 36
2026/10/08 01:36:23.078, 6, 120 MHz, 3996 MHz, 184.68 W, 29
2026/10/08 01:36:23.078, 7, 120 MHz, 3996 MHz, 184.63 W, 28
2026/10/08 01:36:23.278, 0, 120 MHz, 3996 MHz, 184.47 W, 34
2026/10/08 01:36:23.278, 1, 120 MHz, 3996 MHz, 186.29 W, 36
2026/10/08 01:36:23.278, 2, 120 MHz, 3996 MHz, 182.59 W, 29
2026/10/08 01:36:23.278, 3, 120 MHz, 3996 MHz, 182.22 W, 29
2026/10/08 01:36:23.278, 4, 120 MHz, 3996 MHz, 185.09 W, 37
2026/10/08 01:36:23.278, 5, 120 MHz, 3996 MHz, 184.59 W, 36
2026/10/08 01:36:23.278, 6, 120 MHz, 3996 MHz, 184.60 W, 29
2026/10/08 01:36:23.278, 7, 120 MHz, 3996 MHz, 184.63 W, 28
2026/10/08 01:36:23.478, 0, 120 MHz, 3996 MHz, 184.47 W, 34
2026/10/08 01:36:23.478, 1, 120 MHz, 3996 MHz, 186.29 W, 36
2026/10/08 01:36:23.478, 2, 120 MHz, 3996 MHz, 182.56 W, 29
2026/10/08 01:36:23.478, 3, 120 MHz, 3996 MHz, 182.22 W, 29
2026/10/08 01:36:23.478, 4, 120 MHz, 3996 MHz, 184.97 W, 37
2026/10/08 01:36:23.478, 5, 120 MHz, 3996 MHz, 184.60 W, 36
2026/10/08 01:36:23.478, 6, 120 MHz, 3996 MHz, 184.56 W, 29
2026/10/08 01:36:23.478, 7, 120 MHz, 3996 MHz, 184.65 W, 28
2026/10/08 01:36:23.678, 0, 120 MHz, 3996 MHz, 184.47 W, 34
2026/10/08 01:36:23.678, 1, 120 MHz, 3996 MHz, 186.29 W, 36
2026/10/08 01:36:23.678, 2, 120 MHz, 3996 MHz, 182.45 W, 29
2026/10/08 01:36:23.678, 3, 120 MHz, 3996 MHz, 182.21 W, 29
2026/10/08 01:36:23.678, 4, 120 MHz, 3996 MHz, 185.02 W, 37
2026/10/08 01:36:23.678, 5, 120 MHz, 3996 MHz, 184.60 W, 35
2026/10/08 01:36:23.678, 6, 120 MHz, 3996 MHz, 184.48 W, 29
2026/10/08 01:36:23.679, 7, 120 MHz, 3996 MHz, 184.67 W, 28
2026/10/08 01:36:23.879, 0, 120 MHz, 3996 MHz, 184.47 W, 34
2026/10/08 01:36:23.879, 1, 120 MHz, 3996 MHz, 186.29 W, 36
2026/10/08 01:36:23.879, 2, 120 MHz, 3996 MHz, 182.49 W, 29
2026/10/08 01:36:23.879, 3, 120 MHz, 3996 MHz, 182.22 W, 29
2026/10/08 01:36:23.879, 4, 120 MHz, 3996 MHz, 185.01 W, 37
2026/10/08 01:36:23.879, 5, 120 MHz, 3996 MHz, 184.60 W, 35
2026/10/08 01:36:23.879, 6, 120 MHz, 3996 MHz, 184.48 W, 29
2026/10/08 01:36:23.879, 7, 120 MHz, 3996 MHz, 184.68 W, 28
2026/10/08 01:36:24.079, 0, 120 MHz, 3996 MHz, 184.47 W, 34
2026/10/08 01:36:24.079, 1, 120 MHz, 3996 MHz, 186.29 W, 36
2026/10/08 01:36:24.079, 2, 120 MHz, 3996 MHz, 182.49 W, 29
2026/10/08 01:36:24.079, 3, 120 MHz, 3996 MHz, 182.22 W, 29
2026/10/08 01:36:24.079, 4, 120 MHz, 3996 MHz, 185.09 W, 37
2026/10/08 01:36:24.079, 5, 120 MHz, 3996 MHz, 184.60 W, 35
2026/10/08 01:36:24.079, 6, 120 MHz, 3996 MHz, 184.41 W, 29
2026/10/08 01:36:24.079, 7, 120 MHz, 3996 MHz, 184.67 W, 28
2026/10/08 01:36:24.279, 0, 120 MHz, 3996 MHz, 184.47 W, 34
2026/10/08 01:36:24.279, 1, 120 MHz, 3996 MHz, 186.29 W, 36
2026/10/08 01:36:24.279, 2, 120 MHz, 3996 MHz, 182.48 W, 29
2026/10/08 01:36:24.279, 3, 120 MHz, 3996 MHz, 182.22 W, 29
2026/10/08 01:36:24.279, 4, 120 MHz, 3996 MHz, 185.09 W, 37
2026/10/08 01:36:24.279, 5, 120 MHz, 3996 MHz, 184.60 W, 35
2026/10/08 01:36:24.279, 6, 120 MHz, 3996 MHz, 184.48 W, 29
2026/10/08 01:36:24.279, 7, 120 MHz, 3996 MHz, 184.67 W, 28
2026/10/08 01:36:24.480, 0, 120 MHz, 3996 MHz, 184.47 W, 34
2026/10/08 01:36:24.480, 1, 120 MHz, 3996 MHz, 186.29 W, 36
2026/10/08 01:36:24.480, 2, 120 MHz, 3996 MHz, 182.44 W, 29
2026/10/08 01:36:24.480, 3, 120 MHz, 3996 MHz, 182.22 W, 29
2026/10/08 01:36:24.480, 4, 120 MHz, 3996 MHz, 185.17 W, 37
2026/10/08 01:36:24.480, 5, 120 MHz, 3996 MHz, 184.59 W, 35
2026/10/08 01:36:24.480, 6, 120 MHz, 3996 MHz, 184.49 W, 29
2026/10/08 01:36:24.480, 7, 120 MHz, 3996 MHz, 184.66 W, 28
2026/10/08 01:36:24.680, 0, 120 MHz, 3996 MHz, 184.47 W, 34
2026/10/08 01:36:24.680, 1, 120 MHz, 3996 MHz, 186.29 W, 36
2026/10/08 01:36:24.680, 2, 120 MHz, 3996 MHz, 182.41 W, 29
2026/10/08 01:36:24.680, 3, 120 MHz, 3996 MHz, 182.22 W, 29
2026/10/08 01:36:24.680, 4, 120 MHz, 3996 MHz, 185.02 W, 37
2026/10/08 01:36:24.680, 5, 120 MHz, 3996 MHz, 184.59 W, 35
2026/10/08 01:36:24.680, 6, 120 MHz, 3996 MHz, 184.56 W, 29
2026/10/08 01:36:24.680, 7, 120 MHz, 3996 MHz, 184.65 W, 28
2026/10/08 01:36:24.880, 0, 120 MHz, 3996 MHz, 184.47 W, 34
2026/10/08 01:36:24.880, 1, 120 MHz, 3996 MHz, 186.29 W, 36
2026/10/08 01:36:24.880, 2, 120 MHz, 3996 MHz, 182.49 W, 29
2026/10/08 01:36:24.880, 3, 120 MHz, 3996 MHz, 182.21 W, 29
2026/10/08 01:36:24.880, 4, 120 MHz, 3996 MHz, 184.94 W, 37
2026/10/08 01:36:24.880, 5, 120 MHz, 3996 MHz, 184.59 W, 35
2026/10/08 01:36:24.880, 6, 120 MHz, 3996 MHz, 184.56 W, 29
2026/10/08 01:36:24.880, 7, 120 MHz, 3996 MHz, 184.65 W, 28
2026/10/08 01:36:25.081, 0, 120 MHz, 3996 MHz, 184.47 W, 34
2026/10/08 01:36:25.081, 1, 120 MHz, 3996 MHz, 186.29 W, 36
2026/10/08 01:36:25.081, 2, 120 MHz, 3996 MHz, 182.45 W, 29
2026/10/08 01:36:25.081, 3, 120 MHz, 3996 MHz, 182.21 W, 29
2026/10/08 01:36:25.081, 4, 120 MHz, 3996 MHz, 184.86 W, 37
2026/10/08 01:36:25.081, 5, 120 MHz, 3996 MHz, 184.59 W, 35
2026/10/08 01:36:25.081, 6, 120 MHz, 3996 MHz, 184.52 W, 29
2026/10/08 01:36:25.081, 7, 120 MHz, 3996 MHz, 184.65 W, 28
2026/10/08 01:36:25.281, 0, 120 MHz, 3996 MHz, 184.47 W, 34
2026/10/08 01:36:25.281, 1, 120 MHz, 3996 MHz, 186.29 W, 36
2026/10/08 01:36:25.281, 2, 120 MHz, 3996 MHz, 182.49 W, 29
2026/10/08 01:36:25.281, 3, 120 MHz, 3996 MHz, 182.21 W, 29
2026/10/08 01:36:25.281, 4, 120 MHz, 3996 MHz, 184.74 W, 37
2026/10/08 01:36:25.281, 5, 120 MHz, 3996 MHz, 184.59 W, 35
2026/10/08 01:36:25.281, 6, 120 MHz, 3996 MHz, 184.52 W, 29
2026/10/08 01:36:25.281, 7, 120 MHz, 3996 MHz, 184.66 W, 28
2026/10/08 01:36:25.481, 0, 120 MHz, 3996 MHz, 184.47 W, 34
2026/10/08 01:36:25.481, 1, 120 MHz, 3996 MHz, 186.29 W, 36
2026/10/08 01:36:25.481, 2, 120 MHz, 3996 MHz, 182.44 W, 29
2026/10/08 01:36:25.481, 3, 120 MHz, 3996 MHz, 182.21 W, 29
2026/10/08 01:36:25.481, 4, 120 MHz, 3996 MHz, 184.74 W, 37
2026/10/08 01:36:25.481, 5, 120 MHz, 3996 MHz, 184.59 W, 35
2026/10/08 01:36:25.481, 6, 120 MHz, 3996 MHz, 184.49 W, 29
2026/10/08 01:36:25.481, 7, 120 MHz, 3996 MHz, 184.67 W, 28
2026/10/08 01:36:25.681, 0, 120 MHz, 3996 MHz, 184.47 W, 34
2026/10/08 01:36:25.681, 1, 120 MHz, 3996 MHz, 186.29 W, 36
2026/10/08 01:36:25.681, 2, 120 MHz, 3996 MHz, 182.48 W, 29
2026/10/08 01:36:25.681, 3, 120 MHz, 3996 MHz, 182.22 W, 29
2026/10/08 01:36:25.681, 4, 120 MHz, 3996 MHz, 184.74 W, 37
2026/10/08 01:36:25.681, 5, 120 MHz, 3996 MHz, 184.59 W, 35
2026/10/08 01:36:25.681, 6, 120 MHz, 3996 MHz, 184.34 W, 29
2026/10/08 01:36:25.681, 7, 120 MHz, 3996 MHz, 184.68 W, 28
2026/10/08 01:36:25.882, 0, 120 MHz, 3996 MHz, 184.47 W, 34
2026/10/08 01:36:25.882, 1, 120 MHz, 3996 MHz, 186.29 W, 36
2026/10/08 01:36:25.882, 2, 120 MHz, 3996 MHz, 182.32 W, 29
2026/10/08 01:36:25.882, 3, 120 MHz, 3996 MHz, 182.22 W, 29
2026/10/08 01:36:25.882, 4, 120 MHz, 3996 MHz, 184.74 W, 37
2026/10/08 01:36:25.882, 5, 120 MHz, 3996 MHz, 184.59 W, 35
2026/10/08 01:36:25.882, 6, 120 MHz, 3996 MHz, 184.41 W, 29
2026/10/08 01:36:25.882, 7, 120 MHz, 3996 MHz, 184.67 W, 28
2026/10/08 01:36:26.082, 0, 120 MHz, 3996 MHz, 184.47 W, 34
2026/10/08 01:36:26.082, 1, 120 MHz, 3996 MHz, 186.29 W, 36
2026/10/08 01:36:26.082, 2, 120 MHz, 3996 MHz, 182.29 W, 29
2026/10/08 01:36:26.082, 3, 120 MHz, 3996 MHz, 182.22 W, 29
2026/10/08 01:36:26.082, 4, 120 MHz, 3996 MHz, 184.74 W, 37
2026/10/08 01:36:26.082, 5, 120 MHz, 3996 MHz, 184.59 W, 35
2026/10/08 01:36:26.082, 6, 120 MHz, 3996 MHz, 184.37 W, 29
2026/10/08 01:36:26.082, 7, 120 MHz, 3996 MHz, 184.67 W, 28
2026/10/08 01:36:26.282, 0, 120 MHz, 3996 MHz, 184.47 W, 34
2026/10/08 01:36:26.282, 1, 120 MHz, 3996 MHz, 186.29 W, 36
2026/10/08 01:36:26.282, 2, 120 MHz, 3996 MHz, 182.25 W, 29
2026/10/08 01:36:26.282, 3, 120 MHz, 3996 MHz, 182.22 W, 29
2026/10/08 01:36:26.282, 4, 120 MHz, 3996 MHz, 184.74 W, 37
2026/10/08 01:36:26.282, 5, 120 MHz, 3996 MHz, 184.68 W, 35
2026/10/08 01:36:26.282, 6, 120 MHz, 3996 MHz, 184.30 W, 29
2026/10/08 01:36:26.282, 7, 120 MHz, 3996 MHz, 184.68 W, 28
2026/10/08 01:36:26.482, 0, 120 MHz, 3996 MHz, 184.47 W, 34
2026/10/08 01:36:26.483, 1, 120 MHz, 3996 MHz, 186.29 W, 36
2026/10/08 01:36:26.483, 2, 120 MHz, 3996 MHz, 182.25 W, 29
2026/10/08 01:36:26.483, 3, 120 MHz, 3996 MHz, 182.22 W, 29
2026/10/08 01:36:26.483, 4, 120 MHz, 3996 MHz, 184.67 W, 37
2026/10/08 01:36:26.483, 5, 120 MHz, 3996 MHz, 184.68 W, 35
2026/10/08 01:36:26.483, 6, 120 MHz, 3996 MHz, 184.29 W, 29
2026/10/08 01:36:26.483, 7, 120 MHz, 3996 MHz, 184.67 W, 28
2026/10/08 01:36:26.683, 0, 120 MHz, 3996 MHz, 184.47 W, 34
2026/10/08 01:36:26.683, 1, 120 MHz, 3996 MHz, 186.29 W, 36
2026/10/08 01:36:26.683, 2, 120 MHz, 3996 MHz, 182.25 W, 29
2026/10/08 01:36:26.683, 3, 120 MHz, 3996 MHz, 182.21 W, 29
2026/10/08 01:36:26.683, 4, 120 MHz, 3996 MHz, 184.63 W, 37
2026/10/08 01:36:26.683, 5, 120 MHz, 3996 MHz, 184.68 W, 35
2026/10/08 01:36:26.683, 6, 120 MHz, 3996 MHz, 184.32 W, 29
2026/10/08 01:36:26.683, 7, 120 MHz, 3996 MHz, 184.68 W, 28
2026/10/08 01:36:26.883, 0, 120 MHz, 3996 MHz, 184.47 W, 34
2026/10/08 01:36:26.883, 1, 120 MHz, 3996 MHz, 186.29 W, 36
2026/10/08 01:36:26.883, 2, 120 MHz, 3996 MHz, 182.29 W, 29
2026/10/08 01:36:26.883, 3, 120 MHz, 3996 MHz, 182.22 W, 29
2026/10/08 01:36:26.883, 4, 120 MHz, 3996 MHz, 184.59 W, 37
2026/10/08 01:36:26.883, 5, 120 MHz, 3996 MHz, 184.68 W, 35
2026/10/08 01:36:26.883, 6, 120 MHz, 3996 MHz, 184.30 W, 29
2026/10/08 01:36:26.883, 7, 120 MHz, 3996 MHz, 184.69 W, 28
2026/10/08 01:36:27.083, 0, 120 MHz, 3996 MHz, 184.47 W, 34
2026/10/08 01:36:27.083, 1, 120 MHz, 3996 MHz, 186.29 W, 36
2026/10/08 01:36:27.083, 2, 120 MHz, 3996 MHz, 182.28 W, 29
2026/10/08 01:36:27.083, 3, 120 MHz, 3996 MHz, 182.23 W, 29
2026/10/08 01:36:27.083, 4, 120 MHz, 3996 MHz, 184.59 W, 37
2026/10/08 01:36:27.083, 5, 120 MHz, 3996 MHz, 184.67 W, 35
2026/10/08 01:36:27.083, 6, 120 MHz, 3996 MHz, 184.37 W, 29
2026/10/08 01:36:27.083, 7, 120 MHz, 3996 MHz, 184.68 W, 28
2026/10/08 01:36:27.284, 0, 120 MHz, 3996 MHz, 184.47 W, 34
2026/10/08 01:36:27.284, 1, 120 MHz, 3996 MHz, 186.29 W, 36
2026/10/08 01:36:27.284, 2, 120 MHz, 3996 MHz, 182.25 W, 29
2026/10/08 01:36:27.284, 3, 120 MHz, 3996 MHz, 182.19 W, 29
2026/10/08 01:36:27.284, 4, 120 MHz, 3996 MHz, 184.59 W, 37
2026/10/08 01:36:27.284, 5, 120 MHz, 3996 MHz, 184.59 W, 35
2026/10/08 01:36:27.284, 6, 120 MHz, 3996 MHz, 184.32 W, 29
2026/10/08 01:36:27.284, 7, 120 MHz, 3996 MHz, 184.67 W, 28
2026/10/08 01:36:27.484, 0, 120 MHz, 3996 MHz, 184.47 W, 34
2026/10/08 01:36:27.484, 1, 120 MHz, 3996 MHz, 186.29 W, 36
2026/10/08 01:36:27.484, 2, 120 MHz, 3996 MHz, 182.29 W, 29
2026/10/08 01:36:27.484, 3, 120 MHz, 3996 MHz, 182.19 W, 29
2026/10/08 01:36:27.484, 4, 120 MHz, 3996 MHz, 184.59 W, 37
2026/10/08 01:36:27.484, 5, 120 MHz, 3996 MHz, 184.59 W, 35
2026/10/08 01:36:27.484, 6, 120 MHz, 3996 MHz, 184.30 W, 29
2026/10/08 01:36:27.484, 7, 120 MHz, 3996 MHz, 184.66 W, 28
2026/10/08 01:36:27.684, 0, 120 MHz, 3996 MHz, 184.47 W, 34
2026/10/08 01:36:27.684, 1, 120 MHz, 3996 MHz, 186.29 W, 36
2026/10/08 01:36:27.684, 2, 120 MHz, 3996 MHz, 182.25 W, 29
2026/10/08 01:36:27.684, 3, 120 MHz, 3996 MHz, 182.20 W, 29
2026/10/08 01:36:27.684, 4, 120 MHz, 3996 MHz, 184.63 W, 37
2026/10/08 01:36:27.684, 5, 120 MHz, 3996 MHz, 184.59 W, 35
2026/10/08 01:36:27.684, 6, 120 MHz, 3996 MHz, 184.32 W, 29
2026/10/08 01:36:27.684, 7, 120 MHz, 3996 MHz, 184.66 W, 28
2026/10/08 01:36:27.884, 0, 120 MHz, 3996 MHz, 184.47 W, 34
2026/10/08 01:36:27.884, 1, 120 MHz, 3996 MHz, 186.29 W, 36
2026/10/08 01:36:27.884, 2, 120 MHz, 3996 MHz, 182.21 W, 29
2026/10/08 01:36:27.884, 3, 120 MHz, 3996 MHz, 182.18 W, 29
2026/10/08 01:36:27.884, 4, 120 MHz, 3996 MHz, 184.63 W, 37
2026/10/08 01:36:27.884, 5, 120 MHz, 3996 MHz, 184.59 W, 35
2026/10/08 01:36:27.884, 6, 120 MHz, 3996 MHz, 184.22 W, 29
2026/10/08 01:36:27.884, 7, 120 MHz, 3996 MHz, 184.65 W, 28
2026/10/08 01:36:28.085, 0, 120 MHz, 3996 MHz, 184.47 W, 34
2026/10/08 01:36:28.085, 1, 120 MHz, 3996 MHz, 186.29 W, 36
2026/10/08 01:36:28.085, 2, 120 MHz, 3996 MHz, 182.18 W, 29
2026/10/08 01:36:28.085, 3, 120 MHz, 3996 MHz, 182.18 W, 29
2026/10/08 01:36:28.085, 4, 120 MHz, 3996 MHz, 184.63 W, 37
2026/10/08 01:36:28.085, 5, 120 MHz, 3996 MHz, 184.59 W, 35
2026/10/08 01:36:28.085, 6, 120 MHz, 3996 MHz, 184.11 W, 29
2026/10/08 01:36:28.085, 7, 120 MHz, 3996 MHz, 184.67 W, 28
2026/10/08 01:36:28.285, 0, 120 MHz, 3996 MHz, 184.47 W, 34
2026/10/08 01:36:28.285, 1, 120 MHz, 3996 MHz, 186.29 W, 36
2026/10/08 01:36:28.285, 2, 120 MHz, 3996 MHz, 182.18 W, 29
2026/10/08 01:36:28.285, 3, 120 MHz, 3996 MHz, 182.21 W, 29
2026/10/08 01:36:28.285, 4, 120 MHz, 3996 MHz, 184.63 W, 37
2026/10/08 01:36:28.285, 5, 120 MHz, 3996 MHz, 184.59 W, 35
2026/10/08 01:36:28.285, 6, 120 MHz, 3996 MHz, 184.15 W, 29
2026/10/08 01:36:28.285, 7, 120 MHz, 3996 MHz, 184.67 W, 28
2026/10/08 01:36:28.485, 0, 120 MHz, 3996 MHz, 184.47 W, 34
2026/10/08 01:36:28.485, 1, 120 MHz, 3996 MHz, 186.29 W, 36
2026/10/08 01:36:28.485, 2, 120 MHz, 3996 MHz, 182.13 W, 29
2026/10/08 01:36:28.485, 3, 120 MHz, 3996 MHz, 182.21 W, 29
2026/10/08 01:36:28.485, 4, 120 MHz, 3996 MHz, 184.63 W, 37
2026/10/08 01:36:28.485, 5, 120 MHz, 3996 MHz, 184.59 W, 35
2026/10/08 01:36:28.485, 6, 120 MHz, 3996 MHz, 184.18 W, 29
2026/10/08 01:36:28.485, 7, 120 MHz, 3996 MHz, 184.67 W, 28
2026/10/08 01:36:28.686, 0, 120 MHz, 3996 MHz, 184.47 W, 34
2026/10/08 01:36:28.686, 1, 120 MHz, 3996 MHz, 186.29 W, 36
2026/10/08 01:36:28.686, 2, 120 MHz, 3996 MHz, 182.13 W, 29
2026/10/08 01:36:28.686, 3, 120 MHz, 3996 MHz, 182.19 W, 29
2026/10/08 01:36:28.686, 4, 120 MHz, 3996 MHz, 184.59 W, 37
2026/10/08 01:36:28.686, 5, 120 MHz, 3996 MHz, 184.59 W, 35
2026/10/08 01:36:28.686, 6, 120 MHz, 3996 MHz, 184.26 W, 29
2026/10/08 01:36:28.686, 7, 120 MHz, 3996 MHz, 184.67 W, 28
2026/10/08 01:36:28.886, 0, 120 MHz, 3996 MHz, 184.47 W, 34
2026/10/08 01:36:28.886, 1, 120 MHz, 3996 MHz, 186.29 W, 36
2026/10/08 01:36:28.886, 2, 120 MHz, 3996 MHz, 182.17 W, 29
2026/10/08 01:36:28.886, 3, 120 MHz, 3996 MHz, 182.16 W, 29
2026/10/08 01:36:28.886, 4, 120 MHz, 3996 MHz, 184.59 W, 37
2026/10/08 01:36:28.886, 5, 120 MHz, 3996 MHz, 184.59 W, 35
2026/10/08 01:36:28.886, 6, 120 MHz, 3996 MHz, 184.48 W, 29
2026/10/08 01:36:28.886, 7, 120 MHz, 3996 MHz, 184.67 W, 28
2026/10/08 01:36:29.086, 0, 120 MHz, 3996 MHz, 184.47 W, 34
2026/10/08 01:36:29.086, 1, 120 MHz, 3996 MHz, 186.29 W, 36
2026/10/08 01:36:29.086, 2, 120 MHz, 3996 MHz, 182.17 W, 29
2026/10/08 01:36:29.086, 3, 120 MHz, 3996 MHz, 182.16 W, 29
2026/10/08 01:36:29.086, 4, 120 MHz, 3996 MHz, 184.59 W, 37
2026/10/08 01:36:29.086, 5, 120 MHz, 3996 MHz, 184.59 W, 35
2026/10/08 01:36:29.086, 6, 120 MHz, 3996 MHz, 184.48 W, 29
2026/10/08 01:36:29.086, 7, 120 MHz, 3996 MHz, 184.65 W, 28
2026/10/08 01:36:29.286, 0, 120 MHz, 3996 MHz, 184.47 W, 34
2026/10/08 01:36:29.287, 1, 120 MHz, 3996 MHz, 186.29 W, 36
2026/10/08 01:36:29.287, 2, 120 MHz, 3996 MHz, 182.17 W, 29
2026/10/08 01:36:29.287, 3, 120 MHz, 3996 MHz, 182.16 W, 29
2026/10/08 01:36:29.287, 4, 120 MHz, 3996 MHz, 184.59 W, 37
2026/10/08 01:36:29.287, 5, 120 MHz, 3996 MHz, 184.59 W, 35
2026/10/08 01:36:29.287, 6, 120 MHz, 3996 MHz, 184.57 W, 29
2026/10/08 01:36:29.287, 7, 120 MHz, 3996 MHz, 184.64 W, 28
2026/10/08 01:36:29.487, 0, 120 MHz, 3996 MHz, 184.47 W, 34
2026/10/08 01:36:29.487, 1, 120 MHz, 3996 MHz, 186.29 W, 36
2026/10/08 01:36:29.487, 2, 120 MHz, 3996 MHz, 182.21 W, 29
2026/10/08 01:36:29.487, 3, 120 MHz, 3996 MHz, 182.15 W, 29
2026/10/08 01:36:29.487, 4, 120 MHz, 3996 MHz, 184.59 W, 37
2026/10/08 01:36:29.487, 5, 120 MHz, 3996 MHz, 184.59 W, 35
2026/10/08 01:36:29.487, 6, 120 MHz, 3996 MHz, 184.48 W, 29
2026/10/08 01:36:29.487, 7, 120 MHz, 3996 MHz, 184.62 W, 28
2026/10/08 01:36:29.687, 0, 120 MHz, 3996 MHz, 184.47 W, 34
2026/10/08 01:36:29.687, 1, 120 MHz, 3996 MHz, 186.29 W, 36
2026/10/08 01:36:29.687, 2, 120 MHz, 3996 MHz, 182.25 W, 29
2026/10/08 01:36:29.687, 3, 120 MHz, 3996 MHz, 182.16 W, 29
2026/10/08 01:36:29.687, 4, 120 MHz, 3996 MHz, 184.59 W, 37
2026/10/08 01:36:29.687, 5, 120 MHz, 3996 MHz, 184.59 W, 35
2026/10/08 01:36:29.687, 6, 120 MHz, 3996 MHz, 184.37 W, 29
2026/10/08 01:36:29.687, 7, 120 MHz, 3996 MHz, 184.62 W, 28
2026/10/08 01:36:29.887, 0, 120 MHz, 3996 MHz, 184.47 W, 34
2026/10/08 01:36:29.887, 1, 120 MHz, 3996 MHz, 186.29 W, 36
2026/10/08 01:36:29.887, 2, 120 MHz, 3996 MHz, 182.21 W, 29
2026/10/08 01:36:29.887, 3, 120 MHz, 3996 MHz, 182.21 W, 29
2026/10/08 01:36:29.887, 4, 120 MHz, 3996 MHz, 184.59 W, 37
2026/10/08 01:36:29.887, 5, 120 MHz, 3996 MHz, 184.59 W, 35
2026/10/08 01:36:29.887, 6, 120 MHz, 3996 MHz, 184.25 W, 29
2026/10/08 01:36:29.887, 7, 120 MHz, 3996 MHz, 184.62 W, 28
2026/10/08 01:36:30.088, 0, 120 MHz, 3996 MHz, 184.47 W, 34
2026/10/08 01:36:30.088, 1, 120 MHz, 3996 MHz, 186.29 W, 36
2026/10/08 01:36:30.088, 2, 120 MHz, 3996 MHz, 182.21 W, 29
2026/10/08 01:36:30.088, 3, 120 MHz, 3996 MHz, 182.20 W, 29
2026/10/08 01:36:30.088, 4, 120 MHz, 3996 MHz, 184.59 W, 37
2026/10/08 01:36:30.088, 5, 120 MHz, 3996 MHz, 184.59 W, 35
2026/10/08 01:36:30.088, 6, 120 MHz, 3996 MHz, 184.26 W, 29
2026/10/08 01:36:30.088, 7, 120 MHz, 3996 MHz, 184.63 W, 28
2026/10/08 01:36:30.288, 0, 120 MHz, 3996 MHz, 184.47 W, 34
2026/10/08 01:36:30.288, 1, 120 MHz, 3996 MHz, 186.29 W, 36
2026/10/08 01:36:30.288, 2, 120 MHz, 3996 MHz, 182.21 W, 29
2026/10/08 01:36:30.288, 3, 120 MHz, 3996 MHz, 182.21 W, 29
2026/10/08 01:36:30.288, 4, 120 MHz, 3996 MHz, 184.59 W, 37
2026/10/08 01:36:30.288, 5, 120 MHz, 3996 MHz, 184.59 W, 35
2026/10/08 01:36:30.288, 6, 120 MHz, 3996 MHz, 184.17 W, 29
2026/10/08 01:36:30.288, 7, 120 MHz, 3996 MHz, 184.63 W, 28
2026/10/08 01:36:30.488, 0, 120 MHz, 3996 MHz, 184.47 W, 34
2026/10/08 01:36:30.488, 1, 120 MHz, 3996 MHz, 186.29 W, 36
2026/10/08 01:36:30.488, 2, 120 MHz, 3996 MHz, 182.17 W, 29
2026/10/08 01:36:30.488, 3, 120 MHz, 3996 MHz, 182.21 W, 29
2026/10/08 01:36:30.488, 4, 120 MHz, 3996 MHz, 184.59 W, 37
2026/10/08 01:36:30.488, 5, 120 MHz, 3996 MHz, 184.55 W, 35
2026/10/08 01:36:30.488, 6, 120 MHz, 3996 MHz, 184.11 W, 29
2026/10/08 01:36:30.488, 7, 120 MHz, 3996 MHz, 184.65 W, 28
2026/10/08 01:36:30.688, 0, 120 MHz, 3996 MHz, 184.47 W, 34
2026/10/08 01:36:30.688, 1, 120 MHz, 3996 MHz, 186.29 W, 36
2026/10/08 01:36:30.688, 2, 120 MHz, 3996 MHz, 182.17 W, 29
2026/10/08 01:36:30.688, 3, 120 MHz, 3996 MHz, 182.20 W, 29
2026/10/08 01:36:30.688, 4, 120 MHz, 3996 MHz, 184.59 W, 37
2026/10/08 01:36:30.688, 5, 120 MHz, 3996 MHz, 184.55 W, 35
2026/10/08 01:36:30.689, 6, 120 MHz, 3996 MHz, 184.01 W, 29
2026/10/08 01:36:30.689, 7, 120 MHz, 3996 MHz, 184.65 W, 28
2026/10/08 01:36:30.889, 0, 120 MHz, 3996 MHz, 184.47 W, 34
2026/10/08 01:36:30.889, 1, 120 MHz, 3996 MHz, 186.29 W, 36
2026/10/08 01:36:30.889, 2, 120 MHz, 3996 MHz, 182.17 W, 29
2026/10/08 01:36:30.889, 3, 120 MHz, 3996 MHz, 182.19 W, 29
2026/10/08 01:36:30.889, 4, 120 MHz, 3996 MHz, 184.59 W, 37
2026/10/08 01:36:30.889, 5, 120 MHz, 3996 MHz, 184.55 W, 35
2026/10/08 01:36:30.889, 6, 120 MHz, 3996 MHz, 183.98 W, 29
2026/10/08 01:36:30.889, 7, 120 MHz, 3996 MHz, 184.66 W, 28
