timestamp, index, clocks.current.sm [MHz], clocks.current.memory [MHz], power.draw [W], temperature.gpu
2026/10/08 01:27:53.874, 0, 120 MHz, 3996 MHz, 184.47 W, 32
2026/10/08 01:27:53.876, 1, 120 MHz, 3996 MHz, 186.29 W, 35
2026/10/08 01:27:53.877, 2, 120 MHz, 3996 MHz, 182.13 W, 28
2026/10/08 01:27:53.879, 3, 120 MHz, 3996 MHz, 182.11 W, 28
2026/10/08 01:27:53.880, 4, 120 MHz, 3996 MHz, 184.41 W, 35
2026/10/08 01:27:53.881, 5, 120 MHz, 3996 MHz, 182.97 W, 33
2026/10/08 01:27:53.883, 6, 120 MHz, 3996 MHz, 182.92 W, 28
2026/10/08 01:27:53.884, 7, 120 MHz, 3996 MHz, 184.59 W, 27
2026/10/08 01:27:54.086, 0, 120 MHz, 3996 MHz, 184.47 W, 32
2026/10/08 01:27:54.086, 1, 120 MHz, 3996 MHz, 186.29 W, 35
2026/10/08 01:27:54.086, 2, 120 MHz, 3996 MHz, 182.13 W, 28
2026/10/08 01:27:54.086, 3, 120 MHz, 3996 MHz, 182.10 W, 28
2026/10/08 01:27:54.086, 4, 120 MHz, 3996 MHz, 184.45 W, 35
2026/10/08 01:27:54.086, 5, 120 MHz, 3996 MHz, 182.82 W, 33
2026/10/08 01:27:54.086, 6, 120 MHz, 3996 MHz, 182.88 W, 28
2026/10/08 01:27:54.086, 7, 120 MHz, 3996 MHz, 184.59 W, 27
2026/10/08 01:27:54.286, 0, 120 MHz, 3996 MHz, 184.47 W, 32
2026/10/08 01:27:54.286, 1, 120 MHz, 3996 MHz, 186.29 W, 35
2026/10/08 01:27:54.286, 2, 120 MHz, 3996 MHz, 182.13 W, 28
2026/10/08 01:27:54.286, 3, 120 MHz, 3996 MHz, 182.10 W, 28
2026/10/08 01:27:54.286, 4, 120 MHz, 3996 MHz, 184.45 W, 35
2026/10/08 01:27:54.286, 5, 120 MHz, 3996 MHz, 182.78 W, 33
2026/10/08 01:27:54.286, 6, 120 MHz, 3996 MHz, 182.88 W, 28
2026/10/08 01:27:54.286, 7, 120 MHz, 3996 MHz, 184.59 W, 27
2026/10/08 01:27:54.486, 0, 120 MHz, 3996 MHz, 184.47 W, 32
2026/10/08 01:27:54.486, 1, 120 MHz, 3996 MHz, 186.29 W, 35
2026/10/08 01:27:54.486, 2, 120 MHz, 3996 MHz, 182.13 W, 28
2026/10/08 01:27:54.486, 3, 120 MHz, 3996 MHz, 182.10 W, 28
2026/10/08 01:27:54.486, 4, 120 MHz, 3996 MHz, 184.45 W, 35
2026/10/08 01:27:54.486, 5, 120 MHz, 3996 MHz, 182.75 W, 33
2026/10/08 01:27:54.486, 6, 120 MHz, 3996 MHz, 182.89 W, 28
2026/10/08 01:27:54.486, 7, 120 MHz, 3996 MHz, 184.59 W, 27
2026/10/08 01:27:54.687, 0, 120 MHz, 3996 MHz, 184.47 W, 32
2026/10/08 01:27:54.687, 1, 120 MHz, 3996 MHz, 186.29 W, 35
2026/10/08 01:27:54.687, 2, 120 MHz, 3996 MHz, 182.13 W, 28
2026/10/08 01:27:54.687, 3, 120 MHz, 3996 MHz, 182.10 W, 28
2026/10/08 01:27:54.687, 4, 120 MHz, 3996 MHz, 184.37 W, 35
2026/10/08 01:27:54.687, 5, 120 MHz, 3996 MHz, 182.75 W, 33
2026/10/08 01:27:54.687, 6, 120 MHz, 3996 MHz, 182.93 W, 28
2026/10/08 01:27:54.687, 7, 120 MHz, 3996 MHz, 184.59 W, 27
2026/10/08 01:27:54.887, 0, 120 MHz, 3996 MHz, 184.47 W, 32
2026/10/08 01:27:54.887, 1, 120 MHz, 3996 MHz, 186.29 W, 35
2026/10/08 01:27:54.887, 2, 120 MHz, 3996 MHz, 182.13 W, 28
2026/10/08 01:27:54.887, 3, 120 MHz, 3996 MHz, 182.14 W, 28
2026/10/08 01:27:54.887, 4, 120 MHz, 3996 MHz, 184.38 W, 35
2026/10/08 01:27:54.887, 5, 120 MHz, 3996 MHz, 182.79 W, 33
2026/10/08 01:27:54.887, 6, 120 MHz, 3996 MHz, 182.96 W, 28
2026/10/08 01:27:54.887, 7, 120 MHz, 3996 MHz, 184.59 W, 27
2026/10/08 01:27:55.087, 0, 120 MHz, 3996 MHz, 184.47 W, 32
2026/10/08 01:27:55.087, 1, 120 MHz, 3996 MHz, 186.29 W, 35
2026/10/08 01:27:55.087, 2, 120 MHz, 3996 MHz, 182.13 W, 28
2026/10/08 01:27:55.087, 3, 120 MHz, 3996 MHz, 182.07 W, 28
2026/10/08 01:27:55.087, 4, 120 MHz, 3996 MHz, 184.37 W, 35
2026/10/08 01:27:55.087, 5, 120 MHz, 3996 MHz, 182.87 W, 33
2026/10/08 01:27:55.087, 6, 120 MHz, 3996 MHz, 182.96 W, 28
2026/10/08 01:27:55.087, 7, 120 MHz, 3996 MHz, 184.59 W, 27
2026/10/08 01:27:55.287, 0, 120 MHz, 3996 MHz, 184.47 W, 32
2026/10/08 01:27:55.287, 1, 120 MHz, 3996 MHz, 186.29 W, 35
2026/10/08 01:27:55.287, 2, 120 MHz, 3996 MHz, 182.13 W, 28
2026/10/08 01:27:55.287, 3, 120 MHz, 3996 MHz, 182.09 W, 28
2026/10/08 01:27:55.287, 4, 120 MHz, 3996 MHz, 184.37 W, 35
2026/10/08 01:27:55.287, 5, 120 MHz, 3996 MHz, 182.98 W, 33
2026/10/08 01:27:55.287, 6, 120 MHz, 3996 MHz, 182.96 W, 28
2026/10/08 01:27:55.287, 7, 120 MHz, 3996 MHz, 184.59 W, 27
2026/10/08 01:27:55.487, 0, 120 MHz, 3996 MHz, 184.47 W, 32
2026/10/08 01:27:55.487, 1, 120 MHz, 3996 MHz, 186.29 W, 35
2026/10/08 01:27:55.487, 2, 120 MHz, 3996 MHz, 182.13 W, 28
2026/10/08 01:27:55.488, 3, 120 MHz, 3996 MHz, 182.12 W, 28
2026/10/08 01:27:55.488, 4, 120 MHz, 3996 MHz, 184.33 W, 35
2026/10/08 01:27:55.488, 5, 120 MHz, 3996 MHz, 183.07 W, 33
2026/10/08 01:27:55.488, 6, 120 MHz, 3996 MHz, 183.00 W, 28
2026/10/08 01:27:55.488, 7, 120 MHz, 3996 MHz, 184.59 W, 27
2026/10/08 01:27:55.688, 0, 120 MHz, 3996 MHz, 184.47 W, 32
2026/10/08 01:27:55.688, 1, 120 MHz, 3996 MHz, 186.29 W, 35
2026/10/08 01:27:55.688, 2, 120 MHz, 3996 MHz, 182.13 W, 28
2026/10/08 01:27:55.688, 3, 120 MHz, 3996 MHz, 182.04 W, 28
2026/10/08 01:27:55.688, 4, 120 MHz, 3996 MHz, 184.46 W, 35
2026/10/08 01:27:55.688, 5, 120 MHz, 3996 MHz, 183.06 W, 33
2026/10/08 01:27:55.688, 6, 120 MHz, 3996 MHz, 182.96 W, 28
2026/10/08 01:27:55.688, 7, 120 MHz, 3996 MHz, 184.59 W, 27
2026/10/08 01:27:55.888, 0, 120 MHz, 3996 MHz, 184.47 W, 32
2026/10/08 01:27:55.888, 1, 120 MHz, 3996 MHz, 186.29 W, 35
2026/10/08 01:27:55.888, 2, 120 MHz, 3996 MHz, 182.13 W, 28
2026/10/08 01:27:55.888, 3, 120 MHz, 3996 MHz, 182.05 W, 28
2026/10/08 01:27:55.888, 4, 120 MHz, 3996 MHz, 184.42 W, 35
2026/10/08 01:27:55.888, 5, 120 MHz, 3996 MHz, 182.99 W, 33
2026/10/08 01:27:55.888, 6, 120 MHz, 3996 MHz, 182.92 W, 28
2026/10/08 01:27:55.888, 7, 120 MHz, 3996 MHz, 184.59 W, 27
2026/10/08 01:27:56.088, 0, 120 MHz, 3996 MHz, 184.47 W, 32
2026/10/08 01:27:56.088, 1, 120 MHz, 3996 MHz, 186.29 W, 35
2026/10/08 01:27:56.088, 2, 120 MHz, 3996 MHz, 182.13 W, 28
2026/10/08 01:27:56.088, 3, 120 MHz, 3996 MHz, 182.12 W, 28
2026/10/08 01:27:56.088, 4, 120 MHz, 3996 MHz, 184.39 W, 35
2026/10/08 01:27:56.088, 5, 120 MHz, 3996 MHz, 182.95 W, 33
2026/10/08 01:27:56.088, 6, 120 MHz, 3996 MHz, 182.96 W, 28
2026/10/08 01:27:56.088, 7, 120 MHz, 3996 MHz, 184.59 W, 27
2026/10/08 01:27:56.288, 0, 120 MHz, 3996 MHz, 184.47 W, 32
2026/10/08 01:27:56.288, 1, 120 MHz, 3996 MHz, 186.29 W, 35
2026/10/08 01:27:56.288, 2, 120 MHz, 3996 MHz, 182.13 W, 28
2026/10/08 01:27:56.288, 3, 120 MHz, 3996 MHz, 182.12 W, 28
2026/10/08 01:27:56.288, 4, 120 MHz, 3996 MHz, 184.40 W, 35
2026/10/08 01:27:56.288, 5, 120 MHz, 3996 MHz, 182.80 W, 33
2026/10/08 01:27:56.288, 6, 120 MHz, 3996 MHz, 182.96 W, 28
2026/10/08 01:27:56.288, 7, 120 MHz, 3996 MHz, 184.59 W, 27
2026/10/08 01:27:56.488, 0, 120 MHz, 3996 MHz, 184.47 W, 32
2026/10/08 01:27:56.489, 1, 120 MHz, 3996 MHz, 186.29 W, 35
2026/10/08 01:27:56.489, 2, 120 MHz, 3996 MHz, 182.13 W, 28
2026/10/08 01:27:56.489, 3, 120 MHz, 3996 MHz, 182.11 W, 28
2026/10/08 01:27:56.489, 4, 120 MHz, 3996 MHz, 184.40 W, 35
2026/10/08 01:27:56.489, 5, 120 MHz, 3996 MHz, 182.68 W, 33
2026/10/08 01:27:56.489, 6, 120 MHz, 3996 MHz, 182.96 W, 28
2026/10/08 01:27:56.489, 7, 120 MHz, 3996 MHz, 184.59 W, 27
2026/10/08 01:27:56.689, 0, 120 MHz, 3996 MHz, 184.47 W, 32
2026/10/08 01:27:56.689, 1, 120 MHz, 3996 MHz, 186.29 W, 35
2026/10/08 01:27:56.689, 2, 120 MHz, 3996 MHz, 182.13 W, 28
2026/10/08 01:27:56.689, 3, 120 MHz, 3996 MHz, 182.18 W, 28
2026/10/08 01:27:56.689, 4, 120 MHz, 3996 MHz, 184.36 W, 35
2026/10/08 01:27:56.689, 5, 120 MHz, 3996 MHz, 182.71 W, 33
2026/10/08 01:27:56.689, 6, 120 MHz, 3996 MHz, 183.04 W, 28
2026/10/08 01:27:56.689, 7, 120 MHz, 3996 MHz, 184.59 W, 27
2026/10/08 01:27:56.889, 0, 120 MHz, 3996 MHz, 184.47 W, 32
2026/10/08 01:27:56.889, 1, 120 MHz, 3996 MHz, 186.29 W, 35
2026/10/08 01:27:56.889, 2, 120 MHz, 3996 MHz, 182.17 W, 28
2026/10/08 01:27:56.889, 3, 120 MHz, 3996 MHz, 182.17 W, 28
2026/10/08 01:27:56.889, 4, 120 MHz, 3996 MHz, 184.39 W, 35
2026/10/08 01:27:56.889, 5, 120 MHz, 3996 MHz, 182.71 W, 33
2026/10/08 01:27:56.889, 6, 120 MHz, 3996 MHz, 183.12 W, 28
2026/10/08 01:27:56.889, 7, 120 MHz, 3996 MHz, 184.59 W, 27
2026/10/08 01:27:57.089, 0, 120 MHz, 3996 MHz, 184.47 W, 32
2026/10/08 01:27:57.089, 1, 120 MHz, 3996 MHz, 186.29 W, 35
2026/10/08 01:27:57.089, 2, 120 MHz, 3996 MHz, 182.17 W, 28
2026/10/08 01:27:57.089, 3, 120 MHz, 3996 MHz, 182.12 W, 28
2026/10/08 01:27:57.089, 4, 120 MHz, 3996 MHz, 184.38 W, 35
2026/10/08 01:27:57.089, 5, 120 MHz, 3996 MHz, 182.75 W, 33
2026/10/08 01:27:57.089, 6, 120 MHz, 3996 MHz, 183.08 W, 28
2026/10/08 01:27:57.089, 7, 120 MHz, 3996 MHz, 184.59 W, 27
2026/10/08 01:27:57.289, 0, 120 MHz, 3996 MHz, 184.47 W, 32
2026/10/08 01:27:57.289, 1, 120 MHz, 3996 MHz, 186.29 W, 35
2026/10/08 01:27:57.290, 2, 120 MHz, 3996 MHz, 182.17 W, 28
2026/10/08 01:27:57.290, 3, 120 MHz, 3996 MHz, 182.03 W, 28
2026/10/08 01:27:57.290, 4, 120 MHz, 3996 MHz, 184.34 W, 35
2026/10/08 01:27:57.290, 5, 120 MHz, 3996 MHz, 182.82 W, 33
2026/10/08 01:27:57.290, 6, 120 MHz, 3996 MHz, 183.08 W, 28
2026/10/08 01:27:57.290, 7, 120 MHz, 3996 MHz, 184.59 W, 27
2026/10/08 01:27:57.490, 0, 120 MHz, 3996 MHz, 184.47 W, 32
2026/10/08 01:27:57.490, 1, 120 MHz, 3996 MHz, 186.29 W, 35
2026/10/08 01:27:57.490, 2, 120 MHz, 3996 MHz, 182.17 W, 28
2026/10/08 01:27:57.490, 3, 120 MHz, 3996 MHz, 181.96 W, 28
2026/10/08 01:27:57.490, 4, 120 MHz, 3996 MHz, 184.38 W, 35
2026/10/08 01:27:57.490, 5, 120 MHz, 3996 MHz, 182.86 W, 33
2026/10/08 01:27:57.490, 6, 120 MHz, 3996 MHz, 183.04 W, 28
2026/10/08 01:27:57.490, 7, 120 MHz, 3996 MHz, 184.59 W, 27
2026/10/08 01:27:57.690, 0, 120 MHz, 3996 MHz, 184.47 W, 32
2026/10/08 01:27:57.690, 1, 120 MHz, 3996 MHz, 186.29 W, 35
2026/10/08 01:27:57.690, 2, 120 MHz, 3996 MHz, 182.17 W, 28
2026/10/08 01:27:57.690, 3, 120 MHz, 3996 MHz, 181.84 W, 28
2026/10/08 01:27:57.690, 4, 120 MHz, 3996 MHz, 184.38 W, 35
2026/10/08 01:27:57.690, 5, 120 MHz, 3996 MHz, 182.82 W, 33
2026/10/08 01:27:57.690, 6, 120 MHz, 3996 MHz, 182.96 W, 28
2026/10/08 01:27:57.690, 7, 120 MHz, 3996 MHz, 184.59 W, 27
2026/10/08 01:27:57.890, 0, 120 MHz, 3996 MHz, 184.47 W, 32
2026/10/08 01:27:57.890, 1, 120 MHz, 3996 MHz, 186.29 W, 35
2026/10/08 01:27:57.890, 2, 120 MHz, 3996 MHz, 182.13 W, 28
2026/10/08 01:27:57.890, 3, 120 MHz, 3996 MHz, 181.69 W, 28
2026/10/08 01:27:57.890, 4, 120 MHz, 3996 MHz, 184.31 W, 35
2026/10/08 01:27:57.890, 5, 120 MHz, 3996 MHz, 182.86 W, 33
2026/10/08 01:27:57.890, 6, 120 MHz, 3996 MHz, 182.89 W, 28
2026/10/08 01:27:57.890, 7, 120 MHz, 3996 MHz, 184.59 W, 27
2026/10/08 01:27:58.090, 0, 120 MHz, 3996 MHz, 184.47 W, 32
2026/10/08 01:27:58.090, 1, 120 MHz, 3996 MHz, 186.29 W, 35
2026/10/08 01:27:58.090, 2, 120 MHz, 3996 MHz, 182.13 W, 28
2026/10/08 01:27:58.090, 3, 120 MHz, 3996 MHz, 181.65 W, 28
2026/10/08 01:27:58.090, 4, 120 MHz, 3996 MHz, 184.35 W, 35
2026/10/08 01:27:58.090, 5, 120 MHz, 3996 MHz, 182.86 W, 33
2026/10/08 01:27:58.090, 6, 120 MHz, 3996 MHz, 182.88 W, 28
2026/10/08 01:27:58.090, 7, 120 MHz, 3996 MHz, 184.59 W, 27
2026/10/08 01:27:58.291, 0, 120 MHz, 3996 MHz, 184.47 W, 32
2026/10/08 01:27:58.291, 1, 120 MHz, 3996 MHz, 186.29 W, 35
2026/10/08 01:27:58.291, 2, 120 MHz, 3996 MHz, 182.13 W, 28
2026/10/08 01:27:58.291, 3, 120 MHz, 3996 MHz, 181.61 W, 28
2026/10/08 01:27:58.291, 4, 120 MHz, 3996 MHz, 184.31 W, 35
2026/10/08 01:27:58.291, 5, 120 MHz, 3996 MHz, 182.79 W, 33
2026/10/08 01:27:58.291, 6, 120 MHz, 3996 MHz, 182.88 W, 28
2026/10/08 01:27:58.291, 7, 120 MHz, 3996 MHz, 184.59 W, 27
2026/10/08 01:27:58.491, 0, 120 MHz, 3996 MHz, 184.47 W, 32
2026/10/08 01:27:58.491, 1, 120 MHz, 3996 MHz, 186.29 W, 35
2026/10/08 01:27:58.491, 2, 120 MHz, 3996 MHz, 182.13 W, 28
2026/10/08 01:27:58.491, 3, 120 MHz, 3996 MHz, 181.66 W, 28
2026/10/08 01:27:58.491, 4, 120 MHz, 3996 MHz, 184.26 W, 35
2026/10/08 01:27:58.491, 5, 120 MHz, 3996 MHz, 182.79 W, 33
2026/10/08 01:27:58.491, 6, 120 MHz, 3996 MHz, 182.88 W, 28
2026/10/08 01:27:58.491, 7, 120 MHz, 3996 MHz, 184.59 W, 27
2026/10/08 01:27:58.691, 0, 120 MHz, 3996 MHz, 184.47 W, 32
2026/10/08 01:27:58.691, 1, 120 MHz, 3996 MHz, 186.29 W, 35
2026/10/08 01:27:58.691, 2, 120 MHz, 3996 MHz, 182.13 W, 28
2026/10/08 01:27:58.691, 3, 120 MHz, 3996 MHz, 181.74 W, 28
2026/10/08 01:27:58.691, 4, 120 MHz, 3996 MHz, 184.18 W, 35
2026/10/08 01:27:58.691, 5, 120 MHz, 3996 MHz, 182.83 W, 33
2026/10/08 01:27:58.691, 6, 120 MHz, 3996 MHz, 182.89 W, 28
2026/10/08 01:27:58.691, 7, 120 MHz, 3996 MHz, 184.59 W, 27
2026/10/08 01:27:58.891, 0, 120 MHz, 3996 MHz, 184.47 W, 32
2026/10/08 01:27:58.891, 1, 120 MHz, 3996 MHz, 186.29 W, 35
2026/10/08 01:27:58.891, 2, 120 MHz, 3996 MHz, 182.13 W, 28
2026/10/08 01:27:58.891, 3, 120 MHz, 3996 MHz, 181.79 W, 28
2026/10/08 01:27:58.891, 4, 120 MHz, 3996 MHz, 184.15 W, 35
2026/10/08 01:27:58.891, 5, 120 MHz, 3996 MHz, 182.83 W, 33
2026/10/08 01:27:58.891, 6, 120 MHz, 3996 MHz, 182.89 W, 28
2026/10/08 01:27:58.891, 7, 120 MHz, 3996 MHz, 184.59 W, 27
2026/10/08 01:27:59.091, 0, 120 MHz, 3996 MHz, 184.47 W, 32
2026/10/08 01:27:59.091, 1, 120 MHz, 3996 MHz, 186.29 W, 35
2026/10/08 01:27:59.091, 2, 120 MHz, 3996 MHz, 182.13 W, 28
2026/10/08 01:27:59.091, 3, 120 MHz, 3996 MHz, 181.83 W, 28
2026/10/08 01:27:59.091, 4, 120 MHz, 3996 MHz, 184.12 W, 35
2026/10/08 01:27:59.091, 5, 120 MHz, 3996 MHz, 182.79 W, 33
2026/10/08 01:27:59.092, 6, 120 MHz, 3996 MHz, 182.88 W, 28
2026/10/08 01:27:59.092, 7, 120 MHz, 3996 MHz, 184.59 W, 27
2026/10/08 01:27:59.292, 0, 120 MHz, 3996 MHz, 184.47 W, 32
2026/10/08 01:27:59.292, 1, 120 MHz, 3996 MHz, 186.29 W, 35
2026/10/08 01:27:59.292, 2, 120 MHz, 3996 MHz, 182.13 W, 28
2026/10/08 01:27:59.292, 3, 120 MHz, 3996 MHz, 181.89 W, 28
2026/10/08 01:27:59.292, 4, 120 MHz, 3996 MHz, 184.08 W, 35
2026/10/08 01:27:59.292, 5, 120 MHz, 3996 MHz, 182.79 W, 33
2026/10/08 01:27:59.292, 6, 120 MHz, 3996 MHz, 182.89 W, 28
2026/10/08 01:27:59.292, 7, 120 MHz, 3996 MHz, 184.59 W, 27
2026/10/08 01:27:59.492, 0, 120 MHz, 3996 MHz, 184.47 W, 32
2026/10/08 01:27:59.492, 1, 120 MHz, 3996 MHz, 186.29 W, 35
2026/10/08 01:27:59.492, 2, 120 MHz, 3996 MHz, 182.13 W, 28
2026/10/08 01:27:59.492, 3, 120 MHz, 3996 MHz, 181.90 W, 28
2026/10/08 01:27:59.492, 4, 120 MHz, 3996 MHz, 184.13 W, 35
2026/10/08 01:27:59.492, 5, 120 MHz, 3996 MHz, 182.83 W, 33
2026/10/08 01:27:59.492, 6, 120 MHz, 3996 MHz, 182.89 W, 28
2026/10/08 01:27:59.492, 7, 120 MHz, 3996 MHz, 184.59 W, 27
2026/10/08 01:27:59.692, 0, 120 MHz, 3996 MHz, 184.47 W, 32
2026/10/08 01:27:59.692, 1, 120 MHz, 3996 MHz, 186.29 W, 35
2026/10/08 01:27:59.692, 2, 120 MHz, 3996 MHz, 182.13 W, 28
2026/10/08 01:27:59.692, 3, 120 MHz, 3996 MHz, 181.77 W, 28
2026/10/08 01:27:59.692, 4, 120 MHz, 3996 MHz, 184.13 W, 35
2026/10/08 01:27:59.692, 5, 120 MHz, 3996 MHz, 182.74 W, 33
2026/10/08 01:27:59.692, 6, 120 MHz, 3996 MHz, 182.88 W, 28
2026/10/08 01:27:59.692, 7, 120 MHz, 3996 MHz, 184.59 W, 27
2026/10/08 01:27:59.892, 0, 120 MHz, 3996 MHz, 184.47 W, 32
2026/10/08 01:27:59.892, 1, 120 MHz, 3996 MHz, 186.29 W, 35
2026/10/08 01:27:59.892, 2, 120 MHz, 3996 MHz, 182.13 W, 28
2026/10/08 01:27:59.892, 3, 120 MHz, 3996 MHz, 181.78 W, 28
2026/10/08 01:27:59.892, 4, 120 MHz, 3996 MHz, 184.18 W, 35
2026/10/08 01:27:59.892, 5, 120 MHz, 3996 MHz, 182.71 W, 33
2026/10/08 01:27:59.892, 6, 120 MHz, 3996 MHz, 182.88 W, 28
2026/10/08 01:27:59.892, 7, 120 MHz, 3996 MHz, 184.59 W, 27
2026/10/08 01:28:00.093, 0, 120 MHz, 3996 MHz, 184.47 W, 32
2026/10/08 01:28:00.093, 1, 120 MHz, 3996 MHz, 186.29 W, 35
2026/10/08 01:28:00.093, 2, 120 MHz, 3996 MHz, 182.13 W, 28
2026/10/08 01:28:00.093, 3, 120 MHz, 3996 MHz, 181.73 W, 28
2026/10/08 01:28:00.093, 4, 120 MHz, 3996 MHz, 184.13 W, 35
2026/10/08 01:28:00.093, 5, 120 MHz, 3996 MHz, 182.75 W, 33
2026/10/08 01:28:00.093, 6, 120 MHz, 3996 MHz, 182.88 W, 28
2026/10/08 01:28:00.093, 7, 120 MHz, 3996 MHz, 184.59 W, 27
2026/10/08 01:28:00.293, 0, 120 MHz, 3996 MHz, 184.47 W, 32
2026/10/08 01:28:00.293, 1, 120 MHz, 3996 MHz, 186.29 W, 35
2026/10/08 01:28:00.293, 2, 120 MHz, 3996 MHz, 182.13 W, 28
2026/10/08 01:28:00.293, 3, 120 MHz, 3996 MHz, 181.52 W, 28
2026/10/08 01:28:00.293, 4, 120 MHz, 3996 MHz, 184.12 W, 35
2026/10/08 01:28:00.293, 5, 120 MHz, 3996 MHz, 182.70 W, 33
2026/10/08 01:28:00.293, 6, 120 MHz, 3996 MHz, 182.88 W, 28
2026/10/08 01:28:00.293, 7, 120 MHz, 3996 MHz, 184.59 W, 27
2026/10/08 01:28:00.494, 0, 120 MHz, 3996 MHz, 184.47 W, 32
2026/10/08 01:28:00.494, 1, 120 MHz, 3996 MHz, 186.29 W, 35
2026/10/08 01:28:00.494, 2, 120 MHz, 3996 MHz, 182.13 W, 28
2026/10/08 01:28:00.494, 3, 120 MHz, 3996 MHz, 181.45 W, 28
2026/10/08 01:28:00.494, 4, 120 MHz, 3996 MHz, 184.05 W, 35
2026/10/08 01:28:00.494, 5, 120 MHz, 3996 MHz, 182.67 W, 33
2026/10/08 01:28:00.494, 6, 120 MHz, 3996 MHz, 182.89 W, 28
2026/10/08 01:28:00.494, 7, 120 MHz, 3996 MHz, 184.59 W, 27
2026/10/08 01:28:00.695, 0, 120 MHz, 3996 MHz, 184.47 W, 32
2026/10/08 01:28:00.695, 1, 120 MHz, 3996 MHz, 186.29 W, 35
2026/10/08 01:28:00.695, 2, 120 MHz, 3996 MHz, 182.13 W, 28
2026/10/08 01:28:00.695, 3, 120 MHz, 3996 MHz, 181.41 W, 28
2026/10/08 01:28:00.695, 4, 120 MHz, 3996 MHz, 184.08 W, 35
2026/10/08 01:28:00.695, 5, 120 MHz, 3996 MHz, 182.75 W, 33
2026/10/08 01:28:00.695, 6, 120 MHz, 3996 MHz, 182.89 W, 28
2026/10/08 01:28:00.695, 7, 120 MHz, 3996 MHz, 184.59 W, 27
2026/10/08 01:28:00.895, 0, 120 MHz, 3996 MHz, 184.47 W, 32
2026/10/08 01:28:00.895, 1, 120 MHz, 3996 MHz, 186.29 W, 35
2026/10/08 01:28:00.895, 2, 120 MHz, 3996 MHz, 182.13 W, 28
2026/10/08 01:28:00.895, 3, 120 MHz, 3996 MHz, 181.51 W, 28
2026/10/08 01:28:00.895, 4, 120 MHz, 3996 MHz, 184.05 W, 35
2026/10/08 01:28:00.895, 5, 120 MHz, 3996 MHz, 182.79 W, 33
2026/10/08 01:28:00.895, 6, 120 MHz, 3996 MHz, 182.88 W, 28
2026/10/08 01:28:00.895, 7, 120 MHz, 3996 MHz, 184.59 W, 27
2026/10/08 01:28:01.095, 0, 120 MHz, 3996 MHz, 184.47 W, 32
2026/10/08 01:28:01.095, 1, 120 MHz, 3996 MHz, 186.29 W, 35
2026/10/08 01:28:01.095, 2, 120 MHz, 3996 MHz, 182.13 W, 28
2026/10/08 01:28:01.095, 3, 120 MHz, 3996 MHz, 181.51 W, 28
2026/10/08 01:28:01.095, 4, 120 MHz, 3996 MHz, 183.94 W, 35
2026/10/08 01:28:01.095, 5, 120 MHz, 3996 MHz, 182.75 W, 33
2026/10/08 01:28:01.095, 6, 120 MHz, 3996 MHz, 182.89 W, 28
2026/10/08 01:28:01.095, 7, 120 MHz, 3996 MHz, 184.59 W, 27
2026/10/08 01:28:01.295, 0, 120 MHz, 3996 MHz, 184.47 W, 32
2026/10/08 01:28:01.295, 1, 120 MHz, 3996 MHz, 186.29 W, 35
2026/10/08 01:28:01.295, 2, 120 MHz, 3996 MHz, 182.13 W, 28
2026/10/08 01:28:01.295, 3, 120 MHz, 3996 MHz, 181.64 W, 28
2026/10/08 01:28:01.295, 4, 120 MHz, 3996 MHz, 183.94 W, 35
2026/10/08 01:28:01.295, 5, 120 MHz, 3996 MHz, 182.76 W, 33
2026/10/08 01:28:01.295, 6, 120 MHz, 3996 MHz, 182.89 W, 28
2026/10/08 01:28:01.295, 7, 120 MHz, 3996 MHz, 184.59 W, 27
2026/10/08 01:28:01.495, 0, 120 MHz, 3996 MHz, 184.47 W, 32
2026/10/08 01:28:01.496, 1, 120 MHz, 3996 MHz, 186.29 W, 35
2026/10/08 01:28:01.496, 2, 120 MHz, 3996 MHz, 182.13 W, 28
2026/10/08 01:28:01.496, 3, 120 MHz, 3996 MHz, 181.71 W, 28
2026/10/08 01:28:01.496, 4, 120 MHz, 3996 MHz, 183.93 W, 35
2026/10/08 01:28:01.496, 5, 120 MHz, 3996 MHz, 182.76 W, 33
2026/10/08 01:28:01.496, 6, 120 MHz, 3996 MHz, 182.89 W, 28
2026/10/08 01:28:01.496, 7, 120 MHz, 3996 MHz, 184.59 W, 27
2026/10/08 01:28:01.696, 0, 120 MHz, 3996 MHz, 184.47 W, 32
2026/10/08 01:28:01.696, 1, 120 MHz, 3996 MHz, 186.29 W, 35
2026/10/08 01:28:01.696, 2, 120 MHz, 3996 MHz, 182.13 W, 28
2026/10/08 01:28:01.696, 3, 120 MHz, 3996 MHz, 181.74 W, 28
2026/10/08 01:28:01.696, 4, 120 MHz, 3996 MHz, 184.01 W, 35
2026/10/08 01:28:01.696, 5, 120 MHz, 3996 MHz, 182.72 W, 33
2026/10/08 01:28:01.696, 6, 120 MHz, 3996 MHz, 182.88 W, 28
2026/10/08 01:28:01.696, 7, 120 MHz, 3996 MHz, 184.59 W, 27
2026/10/08 01:28:01.896, 0, 120 MHz, 3996 MHz, 184.47 W, 32
2026/10/08 01:28:01.896, 1, 120 MHz, 3996 MHz, 186.29 W, 35
2026/10/08 01:28:01.896, 2, 120 MHz, 3996 MHz, 182.13 W, 28
2026/10/08 01:28:01.896, 3, 120 MHz, 3996 MHz, 181.71 W, 28
2026/10/08 01:28:01.896, 4, 120 MHz, 3996 MHz, 184.04 W, 35
2026/10/08 01:28:01.896, 5, 120 MHz, 3996 MHz, 182.68 W, 33
2026/10/08 01:28:01.896, 6, 120 MHz, 3996 MHz, 182.89 W, 28
2026/10/08 01:28:01.896, 7, 120 MHz, 3996 MHz, 184.59 W, 27
2026/10/08 01:28:02.096, 0, 120 MHz, 3996 MHz, 184.47 W, 32
2026/10/08 01:28:02.096, 1, 120 MHz, 3996 MHz, 186.29 W, 35
2026/10/08 01:28:02.096, 2, 120 MHz, 3996 MHz, 182.13 W, 28
2026/10/08 01:28:02.096, 3, 120 MHz, 3996 MHz, 181.74 W, 28
2026/10/08 01:28:02.096, 4, 120 MHz, 3996 MHz, 184.11 W, 35
2026/10/08 01:28:02.096, 5, 120 MHz, 3996 MHz, 182.76 W, 33
2026/10/08 01:28:02.096, 6, 120 MHz, 3996 MHz, 182.89 W, 28
2026/10/08 01:28:02.096, 7, 120 MHz, 3996 MHz, 184.59 W, 27
2026/10/08 01:28:02.296, 0, 120 MHz, 3996 MHz, 184.47 W, 32
2026/10/08 01:28:02.296, 1, 120 MHz, 3996 MHz, 186.29 W, 34
2026/10/08 01:28:02.296, 2, 120 MHz, 3996 MHz, 182.13 W, 28
2026/10/08 01:28:02.296, 3, 120 MHz, 3996 MHz, 181.77 W, 28
2026/10/08 01:28:02.296, 4, 120 MHz, 3996 MHz, 184.24 W, 35
2026/10/08 01:28:02.296, 5, 120 MHz, 3996 MHz, 182.80 W, 33
2026/10/08 01:28:02.296, 6, 120 MHz, 3996 MHz, 182.89 W, 28
2026/10/08 01:28:02.296, 7, 120 MHz, 3996 MHz, 184.59 W, 27
2026/10/08 01:28:02.497, 0, 120 MHz, 3996 MHz, 184.47 W, 32
2026/10/08 01:28:02.497, 1, 120 MHz, 3996 MHz, 186.29 W, 34
2026/10/08 01:28:02.497, 2, 120 MHz, 3996 MHz, 182.13 W, 28
2026/10/08 01:28:02.497, 3, 120 MHz, 3996 MHz, 181.74 W, 28
2026/10/08 01:28:02.497, 4, 120 MHz, 3996 MHz, 184.29 W, 35
2026/10/08 01:28:02.497, 5, 2032 MHz, 3996 MHz, 191.60 W, 33
2026/10/08 01:28:02.497, 6, 120 MHz, 3996 MHz, 182.89 W, 28
2026/10/08 01:28:02.497, 7, 120 MHz, 3996 MHz, 184.59 W, 27
2026/10/08 01:28:02.697, 0, 120 MHz, 3996 MHz, 184.47 W, 32
2026/10/08 01:28:02.697, 1, 120 MHz, 3996 MHz, 186.29 W, 35
2026/10/08 01:28:02.697, 2, 120 MHz, 3996 MHz, 182.13 W, 28
2026/10/08 01:28:02.697, 3, 120 MHz, 3996 MHz, 181.82 W, 28
2026/10/08 01:28:02.697, 4, 120 MHz, 3996 MHz, 184.26 W, 35
2026/10/08 01:28:02.697, 5, 2032 MHz, 3996 MHz, 202.77 W, 34
2026/10/08 01:28:02.697, 6, 120 MHz, 3996 MHz, 182.88 W, 28
2026/10/08 01:28:02.697, 7, 120 MHz, 3996 MHz, 184.59 W, 27
2026/10/08 01:28:02.897, 0, 120 MHz, 3996 MHz, 184.47 W, 32
2026/10/08 01:28:02.897, 1, 120 MHz, 3996 MHz, 186.29 W, 35
2026/10/08 01:28:02.897, 2, 120 MHz, 3996 MHz, 182.13 W, 28
2026/10/08 01:28:02.897, 3, 120 MHz, 3996 MHz, 181.79 W, 28
2026/10/08 01:28:02.897, 4, 2032 MHz, 3996 MHz, 189.05 W, 35
2026/10/08 01:28:02.897, 5, 2032 MHz, 3996 MHz, 213.01 W, 34
2026/10/08 01:28:02.897, 6, 120 MHz, 3996 MHz, 182.89 W, 28
2026/10/08 01:28:02.897, 7, 120 MHz, 3996 MHz, 184.59 W, 27
2026/10/08 01:28:03.097, 0, 120 MHz, 3996 MHz, 184.47 W, 32
2026/10/08 01:28:03.097, 1, 120 MHz, 3996 MHz, 186.29 W, 34
2026/10/08 01:28:03.097, 2, 120 MHz, 3996 MHz, 182.13 W, 28
2026/10/08 01:28:03.097, 3, 120 MHz, 3996 MHz, 181.67 W, 28
2026/10/08 01:28:03.097, 4, 2032 MHz, 3996 MHz, 199.31 W, 35
2026/10/08 01:28:03.097, 5, 2032 MHz, 3996 MHz, 223.17 W, 34
2026/10/08 01:28:03.097, 6, 120 MHz, 3996 MHz, 182.89 W, 28
2026/10/08 01:28:03.097, 7, 120 MHz, 3996 MHz, 184.59 W, 27
2026/10/08 01:28:03.297, 0, 120 MHz, 3996 MHz, 184.47 W, 32
2026/10/08 01:28:03.297, 1, 120 MHz, 3996 MHz, 186.29 W, 35
2026/10/08 01:28:03.297, 2, 120 MHz, 3996 MHz, 182.13 W, 28
2026/10/08 01:28:03.297, 3, 120 MHz, 3996 MHz, 181.72 W, 28
2026/10/08 01:28:03.297, 4, 2032 MHz, 3996 MHz, 209.55 W, 35
2026/10/08 01:28:03.297, 5, 2032 MHz, 3996 MHz, 233.36 W, 34
2026/10/08 01:28:03.297, 6, 120 MHz, 3996 MHz, 182.89 W, 28
2026/10/08 01:28:03.297, 7, 120 MHz, 3996 MHz, 184.59 W, 27
2026/10/08 01:28:03.498, 0, 120 MHz, 3996 MHz, 184.47 W, 32
2026/10/08 01:28:03.498, 1, 120 MHz, 3996 MHz, 186.29 W, 34
2026/10/08 01:28:03.498, 2, 120 MHz, 3996 MHz, 182.13 W, 28
2026/10/08 01:28:03.498, 3, 120 MHz, 3996 MHz, 181.67 W, 28
2026/10/08 01:28:03.498, 4, 2032 MHz, 3996 MHz, 219.45 W, 36
2026/10/08 01:28:03.498, 5, 2032 MHz, 3996 MHz, 235.81 W, 34
2026/10/08 01:28:03.498, 6, 120 MHz, 3996 MHz, 182.88 W, 28
2026/10/08 01:28:03.498, 7, 120 MHz, 3996 MHz, 184.59 W, 27
2026/10/08 01:28:03.698, 0, 120 MHz, 3996 MHz, 184.47 W, 32
2026/10/08 01:28:03.698, 1, 120 MHz, 3996 MHz, 186.29 W, 35
2026/10/08 01:28:03.698, 2, 120 MHz, 3996 MHz, 182.13 W, 28
2026/10/08 01:28:03.698, 3, 120 MHz, 3996 MHz, 181.67 W, 28
2026/10/08 01:28:03.698, 4, 2032 MHz, 3996 MHz, 229.31 W, 36
2026/10/08 01:28:03.698, 5, 2032 MHz, 3996 MHz, 234.89 W, 34
2026/10/08 01:28:03.698, 6, 120 MHz, 3996 MHz, 182.89 W, 28
2026/10/08 01:28:03.698, 7, 120 MHz, 3996 MHz, 184.59 W, 27
2026/10/08 01:28:03.898, 0, 120 MHz, 3996 MHz, 184.47 W, 32
2026/10/08 01:28:03.898, 1, 120 MHz, 3996 MHz, 186.29 W, 34
2026/10/08 01:28:03.898, 2, 120 MHz, 3996 MHz, 182.13 W, 28
2026/10/08 01:28:03.898, 3, 120 MHz, 3996 MHz, 181.63 W, 28
2026/10/08 01:28:03.898, 4, 2032 MHz, 3996 MHz, 235.38 W, 36
2026/10/08 01:28:03.898, 5, 2032 MHz, 3996 MHz, 234.89 W, 34
2026/10/08 01:28:03.898, 6, 120 MHz, 3996 MHz, 182.89 W, 28
2026/10/08 01:28:03.898, 7, 120 MHz, 3996 MHz, 184.59 W, 27
2026/10/08 01:28:04.098, 0, 120 MHz, 3996 MHz, 184.47 W, 32
2026/10/08 01:28:04.098, 1, 120 MHz, 3996 MHz, 186.29 W, 34
2026/10/08 01:28:04.098, 2, 120 MHz, 3996 MHz, 182.13 W, 28
2026/10/08 01:28:04.098, 3, 120 MHz, 3996 MHz, 181.74 W, 28
2026/10/08 01:28:04.098, 4, 2032 MHz, 3996 MHz, 235.07 W, 36
2026/10/08 01:28:04.098, 5, 2032 MHz, 3996 MHz, 234.98 W, 34
2026/10/08 01:28:04.098, 6, 120 MHz, 3996 MHz, 182.89 W, 28
2026/10/08 01:28:04.098, 7, 120 MHz, 3996 MHz, 184.59 W, 27
2026/10/08 01:28:04.298, 0, 120 MHz, 3996 MHz, 184.47 W, 32
2026/10/08 01:28:04.298, 1, 120 MHz, 3996 MHz, 186.29 W, 34
2026/10/08 01:28:04.298, 2, 120 MHz, 3996 MHz, 182.13 W, 28
2026/10/08 01:28:04.298, 3, 120 MHz, 3996 MHz, 181.71 W, 28
2026/10/08 01:28:04.298, 4, 2032 MHz, 3996 MHz, 234.64 W, 36
2026/10/08 01:28:04.298, 5, 2032 MHz, 3996 MHz, 234.98 W, 34
2026/10/08 01:28:04.298, 6, 120 MHz, 3996 MHz, 182.89 W, 28
2026/10/08 01:28:04.298, 7, 120 MHz, 3996 MHz, 184.59 W, 27
2026/10/08 01:28:04.499, 0, 120 MHz, 3996 MHz, 184.47 W, 32
2026/10/08 01:28:04.499, 1, 120 MHz, 3996 MHz, 186.29 W, 34
2026/10/08 01:28:04.499, 2, 120 MHz, 3996 MHz, 182.13 W, 28
2026/10/08 01:28:04.499, 3, 120 MHz, 3996 MHz, 181.85 W, 28
2026/10/08 01:28:04.499, 4, 2032 MHz, 3996 MHz, 234.64 W, 36
2026/10/08 01:28:04.499, 5, 2032 MHz, 3996 MHz, 235.04 W, 34
2026/10/08 01:28:04.499, 6, 120 MHz, 3996 MHz, 182.89 W, 28
2026/10/08 01:28:04.499, 7, 120 MHz, 3996 MHz, 184.59 W, 27
2026/10/08 01:28:04.699, 0, 120 MHz, 3996 MHz, 184.47 W, 32
2026/10/08 01:28:04.699, 1, 120 MHz, 3996 MHz, 186.29 W, 34
2026/10/08 01:28:04.699, 2, 120 MHz, 3996 MHz, 182.13 W, 28
2026/10/08 01:28:04.699, 3, 120 MHz, 3996 MHz, 181.70 W, 28
2026/10/08 01:28:04.699, 4, 2032 MHz, 3996 MHz, 234.64 W, 36
2026/10/08 01:28:04.699, 5, 2032 MHz, 3996 MHz, 234.99 W, 34
2026/10/08 01:28:04.699, 6, 120 MHz, 3996 MHz, 182.88 W, 28
2026/10/08 01:28:04.699, 7, 120 MHz, 3996 MHz, 184.59 W, 27
2026/10/08 01:28:04.899, 0, 120 MHz, 3996 MHz, 184.47 W, 32
2026/10/08 01:28:04.899, 1, 120 MHz, 3996 MHz, 186.29 W, 34
2026/10/08 01:28:04.899, 2, 120 MHz, 3996 MHz, 182.13 W, 28
2026/10/08 01:28:04.899, 3, 120 MHz, 3996 MHz, 181.79 W, 28
2026/10/08 01:28:04.899, 4, 2032 MHz, 3996 MHz, 234.64 W, 36
2026/10/08 01:28:04.899, 5, 2032 MHz, 3996 MHz, 235.00 W, 34
2026/10/08 01:28:04.899, 6, 120 MHz, 3996 MHz, 182.89 W, 28
2026/10/08 01:28:04.899, 7, 120 MHz, 3996 MHz, 184.59 W, 27
2026/10/08 01:28:05.099, 0, 120 MHz, 3996 MHz, 184.47 W, 32
2026/10/08 01:28:05.099, 1, 120 MHz, 3996 MHz, 186.29 W, 34
2026/10/08 01:28:05.099, 2, 120 MHz, 3996 MHz, 182.13 W, 28
2026/10/08 01:28:05.099, 3, 120 MHz, 3996 MHz, 181.71 W, 28
2026/10/08 01:28:05.099, 4, 2032 MHz, 3996 MHz, 234.64 W, 36
2026/10/08 01:28:05.099, 5, 2032 MHz, 3996 MHz, 234.91 W, 34
2026/10/08 01:28:05.099, 6, 120 MHz, 3996 MHz, 182.89 W, 28
2026/10/08 01:28:05.099, 7, 120 MHz, 3996 MHz, 184.59 W, 27
2026/10/08 01:28:05.299, 0, 120 MHz, 3996 MHz, 184.47 W, 32
2026/10/08 01:28:05.299, 1, 120 MHz, 3996 MHz, 186.29 W, 34
2026/10/08 01:28:05.299, 2, 120 MHz, 3996 MHz, 182.13 W, 28
2026/10/08 01:28:05.300, 3, 120 MHz, 3996 MHz, 181.43 W, 28
2026/10/08 01:28:05.300, 4, 2032 MHz, 3996 MHz, 234.64 W, 36
2026/10/08 01:28:05.300, 5, 2032 MHz, 3996 MHz, 234.96 W, 34
2026/10/08 01:28:05.300, 6, 120 MHz, 3996 MHz, 182.89 W, 28
2026/10/08 01:28:05.300, 7, 120 MHz, 3996 MHz, 184.59 W, 27
2026/10/08 01:28:05.500, 0, 120 MHz, 3996 MHz, 184.47 W, 32
2026/10/08 01:28:05.500, 1, 120 MHz, 3996 MHz, 186.29 W, 34
2026/10/08 01:28:05.500, 2, 120 MHz, 3996 MHz, 182.13 W, 28
2026/10/08 01:28:05.500, 3, 120 MHz, 3996 MHz, 181.26 W, 28
2026/10/08 01:28:05.500, 4, 2032 MHz, 3996 MHz, 234.64 W, 36
2026/10/08 01:28:05.500, 5, 2032 MHz, 3996 MHz, 243.72 W, 34
2026/10/08 01:28:05.500, 6, 120 MHz, 3996 MHz, 182.89 W, 28
2026/10/08 01:28:05.500, 7, 120 MHz, 3996 MHz, 184.59 W, 27
2026/10/08 01:28:05.700, 0, 120 MHz, 3996 MHz, 184.47 W, 32
2026/10/08 01:28:05.700, 1, 120 MHz, 3996 MHz, 186.29 W, 34
2026/10/08 01:28:05.700, 2, 120 MHz, 3996 MHz, 182.13 W, 28
2026/10/08 01:28:05.700, 3, 120 MHz, 3996 MHz, 181.33 W, 28
2026/10/08 01:28:05.700, 4, 2032 MHz, 3996 MHz, 234.64 W, 36
2026/10/08 01:28:05.700, 5, 2032 MHz, 3996 MHz, 244.03 W, 34
2026/10/08 01:28:05.700, 6, 120 MHz, 3996 MHz, 182.89 W, 28
2026/10/08 01:28:05.700, 7, 120 MHz, 3996 MHz, 184.59 W, 27
2026/10/08 01:28:05.900, 0, 120 MHz, 3996 MHz, 184.47 W, 32
2026/10/08 01:28:05.900, 1, 120 MHz, 3996 MHz, 186.29 W, 34
2026/10/08 01:28:05.900, 2, 120 MHz, 3996 MHz, 182.13 W, 28
2026/10/08 01:28:05.900, 3, 120 MHz, 3996 MHz, 181.36 W, 28
2026/10/08 01:28:05.900, 4, 2032 MHz, 3996 MHz, 245.32 W, 36
2026/10/08 01:28:05.900, 5, 2032 MHz, 3996 MHz, 244.24 W, 34
2026/10/08 01:28:05.900, 6, 120 MHz, 3996 MHz, 182.89 W, 28
2026/10/08 01:28:05.900, 7, 120 MHz, 3996 MHz, 184.59 W, 27
2026/10/08 01:28:06.100, 0, 120 MHz, 3996 MHz, 184.47 W, 32
2026/10/08 01:28:06.100, 1, 120 MHz, 3996 MHz, 186.29 W, 34
2026/10/08 01:28:06.100, 2, 120 MHz, 3996 MHz, 182.13 W, 28
2026/10/08 01:28:06.100, 3, 120 MHz, 3996 MHz, 181.41 W, 28
2026/10/08 01:28:06.100, 4, 2032 MHz, 3996 MHz, 245.65 W, 36
2026/10/08 01:28:06.100, 5, 2032 MHz, 3996 MHz, 245.01 W, 34
2026/10/08 01:28:06.100, 6, 120 MHz, 3996 MHz, 182.89 W, 28
2026/10/08 01:28:06.100, 7, 120 MHz, 3996 MHz, 184.59 W, 27
2026/10/08 01:28:06.301, 0, 120 MHz, 3996 MHz, 184.47 W, 32
2026/10/08 01:28:06.301, 1, 120 MHz, 3996 MHz, 186.29 W, 34
2026/10/08 01:28:06.301, 2, 120 MHz, 3996 MHz, 182.13 W, 28
2026/10/08 01:28:06.301, 3, 120 MHz, 3996 MHz, 181.66 W, 28
2026/10/08 01:28:06.301, 4, 2032 MHz, 3996 MHz, 245.93 W, 36
2026/10/08 01:28:06.301, 5, 2032 MHz, 3996 MHz, 250.68 W, 34
2026/10/08 01:28:06.301, 6, 120 MHz, 3996 MHz, 182.88 W, 28
2026/10/08 01:28:06.301, 7, 120 MHz, 3996 MHz, 184.59 W, 27
2026/10/08 01:28:06.501, 0, 120 MHz, 3996 MHz, 184.47 W, 32
2026/10/08 01:28:06.501, 1, 120 MHz, 3996 MHz, 186.29 W, 34
2026/10/08 01:28:06.501, 2, 120 MHz, 3996 MHz, 182.13 W, 28
2026/10/08 01:28:06.501, 3, 120 MHz, 3996 MHz, 181.85 W, 28
2026/10/08 01:28:06.501, 4, 2032 MHz, 3996 MHz, 245.71 W, 36
2026/10/08 01:28:06.501, 5, 2032 MHz, 3996 MHz, 242.04 W, 34
2026/10/08 01:28:06.501, 6, 120 MHz, 3996 MHz, 182.89 W, 28
2026/10/08 01:28:06.501, 7, 120 MHz, 3996 MHz, 184.59 W, 27
2026/10/08 01:28:06.701, 0, 120 MHz, 3996 MHz, 184.47 W, 32
2026/10/08 01:28:06.701, 1, 120 MHz, 3996 MHz, 186.29 W, 34
2026/10/08 01:28:06.701, 2, 120 MHz, 3996 MHz, 182.13 W, 28
2026/10/08 01:28:06.701, 3, 120 MHz, 3996 MHz, 181.93 W, 28
2026/10/08 01:28:06.701, 4, 2032 MHz, 3996 MHz, 246.43 W, 36
2026/10/08 01:28:06.701, 5, 2032 MHz, 3996 MHz, 241.92 W, 34
2026/10/08 01:28:06.701, 6, 120 MHz, 3996 MHz, 182.88 W, 28
2026/10/08 01:28:06.701, 7, 120 MHz, 3996 MHz, 184.59 W, 27
2026/10/08 01:28:06.901, 0, 120 MHz, 3996 MHz, 184.47 W, 32
2026/10/08 01:28:06.901, 1, 120 MHz, 3996 MHz, 186.29 W, 34
2026/10/08 01:28:06.901, 2, 120 MHz, 3996 MHz, 182.13 W, 28
2026/10/08 01:28:06.901, 3, 120 MHz, 3996 MHz, 181.83 W, 28
2026/10/08 01:28:06.901, 4, 2032 MHz, 3996 MHz, 239.00 W, 36
2026/10/08 01:28:06.901, 5, 2032 MHz, 3996 MHz, 241.88 W, 34
2026/10/08 01:28:06.901, 6, 120 MHz, 3996 MHz, 182.89 W, 28
2026/10/08 01:28:06.901, 7, 120 MHz, 3996 MHz, 184.59 W, 27
2026/10/08 01:28:07.101, 0, 120 MHz, 3996 MHz, 184.47 W, 32
2026/10/08 01:28:07.101, 1, 120 MHz, 3996 MHz, 186.29 W, 34
2026/10/08 01:28:07.101, 2, 120 MHz, 3996 MHz, 182.13 W, 28
2026/10/08 01:28:07.101, 3, 120 MHz, 3996 MHz, 181.68 W, 28
2026/10/08 01:28:07.101, 4, 2032 MHz, 3996 MHz, 238.23 W, 36
2026/10/08 01:28:07.101, 5, 2032 MHz, 3996 MHz, 241.70 W, 34
2026/10/08 01:28:07.101, 6, 120 MHz, 3996 MHz, 182.89 W, 28
2026/10/08 01:28:07.101, 7, 120 MHz, 3996 MHz, 184.59 W, 27
2026/10/08 01:28:07.302, 0, 120 MHz, 3996 MHz, 184.47 W, 32
2026/10/08 01:28:07.302, 1, 120 MHz, 3996 MHz, 186.29 W, 34
2026/10/08 01:28:07.302, 2, 120 MHz, 3996 MHz, 182.13 W, 28
2026/10/08 01:28:07.302, 3, 120 MHz, 3996 MHz, 181.64 W, 28
2026/10/08 01:28:07.302, 4, 2032 MHz, 3996 MHz, 238.23 W, 36
2026/10/08 01:28:07.302, 5, 2032 MHz, 3996 MHz, 236.40 W, 34
2026/10/08 01:28:07.302, 6, 120 MHz, 3996 MHz, 182.89 W, 28
2026/10/08 01:28:07.302, 7, 120 MHz, 3996 MHz, 184.59 W, 27
2026/10/08 01:28:07.502, 0, 120 MHz, 3996 MHz, 184.47 W, 32
2026/10/08 01:28:07.502, 1, 120 MHz, 3996 MHz, 186.29 W, 34
2026/10/08 01:28:07.502, 2, 120 MHz, 3996 MHz, 182.13 W, 28
2026/10/08 01:28:07.502, 3, 120 MHz, 3996 MHz, 181.60 W, 28
2026/10/08 01:28:07.502, 4, 2032 MHz, 3996 MHz, 238.23 W, 36
2026/10/08 01:28:07.502, 5, 2032 MHz, 3996 MHz, 236.34 W, 34
2026/10/08 01:28:07.502, 6, 120 MHz, 3996 MHz, 182.89 W, 28
2026/10/08 01:28:07.502, 7, 120 MHz, 3996 MHz, 184.59 W, 27
2026/10/08 01:28:07.702, 0, 120 MHz, 3996 MHz, 184.47 W, 32
2026/10/08 01:28:07.702, 1, 120 MHz, 3996 MHz, 186.29 W, 34
2026/10/08 01:28:07.702, 2, 120 MHz, 3996 MHz, 182.13 W, 28
2026/10/08 01:28:07.702, 3, 120 MHz, 3996 MHz, 181.51 W, 28
2026/10/08 01:28:07.702, 4, 2032 MHz, 3996 MHz, 237.48 W, 36
2026/10/08 01:28:07.702, 5, 2032 MHz, 3996 MHz, 236.30 W, 34
2026/10/08 01:28:07.702, 6, 120 MHz, 3996 MHz, 182.89 W, 28
2026/10/08 01:28:07.702, 7, 120 MHz, 3996 MHz, 184.59 W, 27
2026/10/08 01:28:07.902, 0, 120 MHz, 3996 MHz, 184.47 W, 32
2026/10/08 01:28:07.902, 1, 120 MHz, 3996 MHz, 186.29 W, 34
2026/10/08 01:28:07.902, 2, 120 MHz, 3996 MHz, 182.13 W, 28
2026/10/08 01:28:07.902, 3, 120 MHz, 3996 MHz, 181.58 W, 28
2026/10/08 01:28:07.902, 4, 2032 MHz, 3996 MHz, 234.64 W, 36
2026/10/08 01:28:07.902, 5, 2032 MHz, 3996 MHz, 236.30 W, 34
2026/10/08 01:28:07.902, 6, 120 MHz, 3996 MHz, 182.89 W, 28
2026/10/08 01:28:07.902, 7, 120 MHz, 3996 MHz, 184.59 W, 27
2026/10/08 01:28:08.102, 0, 120 MHz, 3996 MHz, 184.47 W, 32
2026/10/08 01:28:08.103, 1, 120 MHz, 3996 MHz, 186.29 W, 34
2026/10/08 01:28:08.103, 2, 120 MHz, 3996 MHz, 182.13 W, 28
2026/10/08 01:28:08.103, 3, 120 MHz, 3996 MHz, 181.71 W, 28
2026/10/08 01:28:08.103, 4, 2032 MHz, 3996 MHz, 234.64 W, 36
2026/10/08 01:28:08.103, 5, 2032 MHz, 3996 MHz, 236.27 W, 34
2026/10/08 01:28:08.103, 6, 120 MHz, 3996 MHz, 182.89 W, 28
2026/10/08 01:28:08.103, 7, 120 MHz, 3996 MHz, 184.59 W, 27
2026/10/08 01:28:08.303, 0, 120 MHz, 3996 MHz, 184.47 W, 32
2026/10/08 01:28:08.303, 1, 120 MHz, 3996 MHz, 186.29 W, 34
2026/10/08 01:28:08.303, 2, 120 MHz, 3996 MHz, 182.13 W, 28
2026/10/08 01:28:08.303, 3, 120 MHz, 3996 MHz, 181.76 W, 28
2026/10/08 01:28:08.303, 4, 2032 MHz, 3996 MHz, 234.64 W, 36
2026/10/08 01:28:08.303, 5, 2032 MHz, 3996 MHz, 236.07 W, 34
2026/10/08 01:28:08.303, 6, 120 MHz, 3996 MHz, 182.89 W, 28
2026/10/08 01:28:08.303, 7, 120 MHz, 3996 MHz, 184.59 W, 27
2026/10/08 01:28:08.503, 0, 120 MHz, 3996 MHz, 184.47 W, 32
2026/10/08 01:28:08.503, 1, 120 MHz, 3996 MHz, 186.29 W, 34
2026/10/08 01:28:08.503, 2, 120 MHz, 3996 MHz, 182.13 W, 28
2026/10/08 01:28:08.503, 3, 120 MHz, 3996 MHz, 181.84 W, 28
2026/10/08 01:28:08.503, 4, 2032 MHz, 3996 MHz, 234.64 W, 36
2026/10/08 01:28:08.503, 5, 2032 MHz, 3996 MHz, 235.95 W, 34
2026/10/08 01:28:08.503, 6, 120 MHz, 3996 MHz, 182.89 W, 28
2026/10/08 01:28:08.503, 7, 120 MHz, 3996 MHz, 184.59 W, 27
2026/10/08 01:28:08.703, 0, 120 MHz, 3996 MHz, 184.47 W, 32
2026/10/08 01:28:08.703, 1, 120 MHz, 3996 MHz, 186.29 W, 34
2026/10/08 01:28:08.703, 2, 120 MHz, 3996 MHz, 182.13 W, 28
2026/10/08 01:28:08.703, 3, 120 MHz, 3996 MHz, 181.89 W, 28
2026/10/08 01:28:08.703, 4, 2032 MHz, 3996 MHz, 234.64 W, 36
2026/10/08 01:28:08.703, 5, 2032 MHz, 3996 MHz, 275.38 W, 40
2026/10/08 01:28:08.703, 6, 120 MHz, 3996 MHz, 182.88 W, 28
2026/10/08 01:28:08.703, 7, 120 MHz, 3996 MHz, 184.59 W, 27
2026/10/08 01:28:08.903, 0, 120 MHz, 3996 MHz, 184.47 W, 32
2026/10/08 01:28:08.903, 1, 120 MHz, 3996 MHz, 186.29 W, 34
2026/10/08 01:28:08.903, 2, 120 MHz, 3996 MHz, 182.13 W, 28
2026/10/08 01:28:08.903, 3, 120 MHz, 3996 MHz, 181.88 W, 28
2026/10/08 01:28:08.903, 4, 2032 MHz, 3996 MHz, 234.69 W, 36
2026/10/08 01:28:08.903, 5, 2032 MHz, 3996 MHz, 276.12 W, 35
2026/10/08 01:28:08.903, 6, 120 MHz, 3996 MHz, 182.88 W, 28
2026/10/08 01:28:08.903, 7, 120 MHz, 3996 MHz, 184.59 W, 27
2026/10/08 01:28:09.104, 0, 120 MHz, 3996 MHz, 184.47 W, 32
2026/10/08 01:28:09.104, 1, 120 MHz, 3996 MHz, 186.29 W, 34
2026/10/08 01:28:09.104, 2, 120 MHz, 3996 MHz, 182.13 W, 28
2026/10/08 01:28:09.104, 3, 120 MHz, 3996 MHz, 181.80 W, 28
2026/10/08 01:28:09.104, 4, 2032 MHz, 3996 MHz, 234.69 W, 36
2026/10/08 01:28:09.104, 5, 2032 MHz, 3996 MHz, 276.80 W, 34
2026/10/08 01:28:09.104, 6, 120 MHz, 3996 MHz, 182.89 W, 28
2026/10/08 01:28:09.104, 7, 120 MHz, 3996 MHz, 184.59 W, 27
2026/10/08 01:28:09.304, 0, 120 MHz, 3996 MHz, 184.47 W, 32
2026/10/08 01:28:09.304, 1, 120 MHz, 3996 MHz, 186.29 W, 34
2026/10/08 01:28:09.304, 2, 120 MHz, 3996 MHz, 182.13 W, 28
2026/10/08 01:28:09.304, 3, 120 MHz, 3996 MHz, 181.87 W, 28
2026/10/08 01:28:09.304, 4, 2032 MHz, 3996 MHz, 265.22 W, 42
2026/10/08 01:28:09.304, 5, 2032 MHz, 3996 MHz, 276.12 W, 34
2026/10/08 01:28:09.304, 6, 120 MHz, 3996 MHz, 182.88 W, 28
2026/10/08 01:28:09.304, 7, 120 MHz, 3996 MHz, 184.59 W, 27
2026/10/08 01:28:09.504, 0, 120 MHz, 3996 MHz, 184.47 W, 32
2026/10/08 01:28:09.504, 1, 120 MHz, 3996 MHz, 186.29 W, 34
2026/10/08 01:28:09.504, 2, 120 MHz, 3996 MHz, 182.13 W, 28
2026/10/08 01:28:09.504, 3, 120 MHz, 3996 MHz, 181.80 W, 28
2026/10/08 01:28:09.504, 4, 2032 MHz, 3996 MHz, 265.99 W, 37
2026/10/08 01:28:09.504, 5, 2032 MHz, 3996 MHz, 276.80 W, 34
2026/10/08 01:28:09.504, 6, 120 MHz, 3996 MHz, 182.89 W, 28
2026/10/08 01:28:09.504, 7, 120 MHz, 3996 MHz, 184.59 W, 27
2026/10/08 01:28:09.704, 0, 120 MHz, 3996 MHz, 184.47 W, 32
2026/10/08 01:28:09.704, 1, 120 MHz, 3996 MHz, 186.29 W, 34
2026/10/08 01:28:09.704, 2, 120 MHz, 3996 MHz, 182.13 W, 28
2026/10/08 01:28:09.704, 3, 120 MHz, 3996 MHz, 181.84 W, 28
2026/10/08 01:28:09.704, 4, 2032 MHz, 3996 MHz, 266.03 W, 36
2026/10/08 01:28:09.704, 5, 2032 MHz, 3996 MHz, 242.84 W, 34
2026/10/08 01:28:09.704, 6, 120 MHz, 3996 MHz, 182.88 W, 28
2026/10/08 01:28:09.704, 7, 120 MHz, 3996 MHz, 184.59 W, 27
2026/10/08 01:28:09.904, 0, 120 MHz, 3996 MHz, 184.47 W, 32
2026/10/08 01:28:09.904, 1, 120 MHz, 3996 MHz, 186.29 W, 34
2026/10/08 01:28:09.904, 2, 120 MHz, 3996 MHz, 182.13 W, 28
2026/10/08 01:28:09.904, 3, 120 MHz, 3996 MHz, 181.66 W, 28
2026/10/08 01:28:09.904, 4, 2032 MHz, 3996 MHz, 265.36 W, 36
2026/10/08 01:28:09.904, 5, 2032 MHz, 3996 MHz, 235.42 W, 34
2026/10/08 01:28:09.904, 6, 120 MHz, 3996 MHz, 182.89 W, 28
2026/10/08 01:28:09.904, 7, 120 MHz, 3996 MHz, 184.59 W, 27
2026/10/08 01:28:10.105, 0, 120 MHz, 3996 MHz, 184.47 W, 32
2026/10/08 01:28:10.105, 1, 120 MHz, 3996 MHz, 186.29 W, 34
2026/10/08 01:28:10.105, 2, 120 MHz, 3996 MHz, 182.13 W, 28
2026/10/08 01:28:10.105, 3, 120 MHz, 3996 MHz, 181.65 W, 28
2026/10/08 01:28:10.105, 4, 2032 MHz, 3996 MHz, 265.36 W, 36
2026/10/08 01:28:10.105, 5, 2032 MHz, 3996 MHz, 235.27 W, 34
2026/10/08 01:28:10.105, 6, 120 MHz, 3996 MHz, 182.89 W, 28
2026/10/08 01:28:10.105, 7, 120 MHz, 3996 MHz, 184.59 W, 27
2026/10/08 01:28:10.305, 0, 120 MHz, 3996 MHz, 184.47 W, 32
2026/10/08 01:28:10.305, 1, 120 MHz, 3996 MHz, 186.29 W, 34
2026/10/08 01:28:10.305, 2, 120 MHz, 3996 MHz, 182.13 W, 28
2026/10/08 01:28:10.305, 3, 120 MHz, 3996 MHz, 181.63 W, 28
2026/10/08 01:28:10.305, 4, 2032 MHz, 3996 MHz, 234.85 W, 36
2026/10/08 01:28:10.305, 5, 2032 MHz, 3996 MHz, 235.22 W, 34
2026/10/08 01:28:10.305, 6, 120 MHz, 3996 MHz, 182.89 W, 28
2026/10/08 01:28:10.305, 7, 120 MHz, 3996 MHz, 184.59 W, 27
2026/10/08 01:28:10.505, 0, 120 MHz, 3996 MHz, 184.47 W, 32
2026/10/08 01:28:10.505, 1, 120 MHz, 3996 MHz, 186.29 W, 34
2026/10/08 01:28:10.505, 2, 120 MHz, 3996 MHz, 182.13 W, 28
2026/10/08 01:28:10.505, 3, 120 MHz, 3996 MHz, 181.70 W, 28
2026/10/08 01:28:10.505, 4, 2032 MHz, 3996 MHz, 234.64 W, 36
2026/10/08 01:28:10.505, 5, 2032 MHz, 3996 MHz, 235.26 W, 34
2026/10/08 01:28:10.505, 6, 120 MHz, 3996 MHz, 182.89 W, 28
2026/10/08 01:28:10.505, 7, 120 MHz, 3996 MHz, 184.59 W, 27
2026/10/08 01:28:10.705, 0, 120 MHz, 3996 MHz, 184.47 W, 32
2026/10/08 01:28:10.705, 1, 120 MHz, 3996 MHz, 186.29 W, 34
2026/10/08 01:28:10.705, 2, 120 MHz, 3996 MHz, 182.13 W, 28
2026/10/08 01:28:10.705, 3, 120 MHz, 3996 MHz, 181.66 W, 28
2026/10/08 01:28:10.705, 4, 2032 MHz, 3996 MHz, 234.64 W, 36
2026/10/08 01:28:10.705, 5, 2032 MHz, 3996 MHz, 235.27 W, 34
2026/10/08 01:28:10.705, 6, 120 MHz, 3996 MHz, 182.89 W, 28
2026/10/08 01:28:10.705, 7, 120 MHz, 3996 MHz, 184.59 W, 27
2026/10/08 01:28:10.905, 0, 120 MHz, 3996 MHz, 184.47 W, 32
2026/10/08 01:28:10.905, 1, 120 MHz, 3996 MHz, 186.29 W, 34
2026/10/08 01:28:10.905, 2, 120 MHz, 3996 MHz, 182.13 W, 28
2026/10/08 01:28:10.905, 3, 120 MHz, 3996 MHz, 181.78 W, 28
2026/10/08 01:28:10.905, 4, 2032 MHz, 3996 MHz, 234.64 W, 36
2026/10/08 01:28:10.905, 5, 2032 MHz, 3996 MHz, 235.41 W, 34
2026/10/08 01:28:10.905, 6, 120 MHz, 3996 MHz, 182.89 W, 28
2026/10/08 01:28:10.905, 7, 120 MHz, 3996 MHz, 184.59 W, 27
2026/10/08 01:28:11.106, 0, 120 MHz, 3996 MHz, 184.47 W, 32
2026/10/08 01:28:11.106, 1, 120 MHz, 3996 MHz, 186.29 W, 34
2026/10/08 01:28:11.106, 2, 120 MHz, 3996 MHz, 182.13 W, 28
2026/10/08 01:28:11.106, 3, 120 MHz, 3996 MHz, 181.89 W, 28
2026/10/08 01:28:11.106, 4, 2032 MHz, 3996 MHz, 234.64 W, 36
2026/10/08 01:28:11.106, 5, 2032 MHz, 3996 MHz, 235.48 W, 34
2026/10/08 01:28:11.106, 6, 120 MHz, 3996 MHz, 182.89 W, 28
2026/10/08 01:28:11.106, 7, 120 MHz, 3996 MHz, 184.59 W, 27
2026/10/08 01:28:11.306, 0, 120 MHz, 3996 MHz, 184.47 W, 32
2026/10/08 01:28:11.306, 1, 120 MHz, 3996 MHz, 186.29 W, 34
2026/10/08 01:28:11.306, 2, 120 MHz, 3996 MHz, 182.13 W, 28
2026/10/08 01:28:11.306, 3, 120 MHz, 3996 MHz, 181.93 W, 28
2026/10/08 01:28:11.306, 4, 2032 MHz, 3996 MHz, 234.58 W, 36
2026/10/08 01:28:11.306, 5, 1207 MHz, 3996 MHz, 327.82 W, 41
2026/10/08 01:28:11.306, 6, 120 MHz, 3996 MHz, 182.88 W, 28
2026/10/08 01:28:11.306, 7, 120 MHz, 3996 MHz, 184.59 W, 27
2026/10/08 01:28:11.506, 0, 120 MHz, 3996 MHz, 184.47 W, 32
2026/10/08 01:28:11.506, 1, 120 MHz, 3996 MHz, 186.29 W, 34
2026/10/08 01:28:11.506, 2, 120 MHz, 3996 MHz, 182.13 W, 28
2026/10/08 01:28:11.506, 3, 120 MHz, 3996 MHz, 181.93 W, 28
2026/10/08 01:28:11.506, 4, 2032 MHz, 3996 MHz, 234.44 W, 36
2026/10/08 01:28:11.506, 5, 1252 MHz, 3996 MHz, 503.18 W, 48
2026/10/08 01:28:11.506, 6, 120 MHz, 3996 MHz, 182.89 W, 28
2026/10/08 01:28:11.506, 7, 120 MHz, 3996 MHz, 184.59 W, 27
2026/10/08 01:28:11.706, 0, 120 MHz, 3996 MHz, 184.47 W, 32
2026/10/08 01:28:11.706, 1, 120 MHz, 3996 MHz, 186.29 W, 34
2026/10/08 01:28:11.706, 2, 120 MHz, 3996 MHz, 182.13 W, 28
2026/10/08 01:28:11.706, 3, 120 MHz, 3996 MHz, 181.89 W, 28
2026/10/08 01:28:11.706, 4, 2032 MHz, 3996 MHz, 234.22 W, 36
2026/10/08 01:28:11.706, 5, 1170 MHz, 3996 MHz, 669.47 W, 50
2026/10/08 01:28:11.706, 6, 120 MHz, 3996 MHz, 182.88 W, 28
2026/10/08 01:28:11.706, 7, 120 MHz, 3996 MHz, 184.59 W, 27
2026/10/08 01:28:11.906, 0, 120 MHz, 3996 MHz, 184.47 W, 32
2026/10/08 01:28:11.907, 1, 120 MHz, 3996 MHz, 186.29 W, 34
2026/10/08 01:28:11.907, 2, 120 MHz, 3996 MHz, 182.13 W, 28
2026/10/08 01:28:11.907, 3, 120 MHz, 3996 MHz, 181.96 W, 28
2026/10/08 01:28:11.907, 4, 1215 MHz, 3996 MHz, 344.35 W, 42
2026/10/08 01:28:11.907, 5, 1177 MHz, 3996 MHz, 847.78 W, 51
2026/10/08 01:28:11.907, 6, 120 MHz, 3996 MHz, 182.89 W, 28
2026/10/08 01:28:11.907, 7, 120 MHz, 3996 MHz, 184.59 W, 27
2026/10/08 01:28:12.107, 0, 120 MHz, 3996 MHz, 184.47 W, 32
2026/10/08 01:28:12.107, 1, 120 MHz, 3996 MHz, 186.29 W, 34
2026/10/08 01:28:12.107, 2, 120 MHz, 3996 MHz, 182.13 W, 28
2026/10/08 01:28:12.107, 3, 120 MHz, 3996 MHz, 182.01 W, 28
2026/10/08 01:28:12.107, 4, 1162 MHz, 3996 MHz, 525.82 W, 50
2026/10/08 01:28:12.107, 5, 1230 MHz, 3996 MHz, 1016.27 W, 52
2026/10/08 01:28:12.107, 6, 120 MHz, 3996 MHz, 182.89 W, 28
2026/10/08 01:28:12.107, 7, 120 MHz, 3996 MHz, 184.59 W, 27
2026/10/08 01:28:12.307, 0, 120 MHz, 3996 MHz, 184.47 W, 32
2026/10/08 01:28:12.307, 1, 120 MHz, 3996 MHz, 186.29 W, 34
2026/10/08 01:28:12.307, 2, 120 MHz, 3996 MHz, 182.13 W, 28
2026/10/08 01:28:12.307, 3, 120 MHz, 3996 MHz, 182.02 W, 28
2026/10/08 01:28:12.307, 4, 1162 MHz, 3996 MHz, 695.84 W, 51
2026/10/08 01:28:12.307, 5, 1057 MHz, 3996 MHz, 1102.65 W, 53
2026/10/08 01:28:12.307, 6, 120 MHz, 3996 MHz, 182.88 W, 28
2026/10/08 01:28:12.307, 7, 120 MHz, 3996 MHz, 184.59 W, 27
2026/10/08 01:28:12.507, 0, 120 MHz, 3996 MHz, 184.47 W, 32
2026/10/08 01:28:12.507, 1, 120 MHz, 3996 MHz, 186.29 W, 34
2026/10/08 01:28:12.507, 2, 120 MHz, 3996 MHz, 182.13 W, 28
2026/10/08 01:28:12.507, 3, 120 MHz, 3996 MHz, 182.04 W, 28
2026/10/08 01:28:12.507, 4, 1215 MHz, 3996 MHz, 862.32 W, 53
2026/10/08 01:28:12.507, 5, 1125 MHz, 3996 MHz, 1094.64 W, 54
2026/10/08 01:28:12.507, 6, 120 MHz, 3996 MHz, 182.88 W, 28
2026/10/08 01:28:12.507, 7, 120 MHz, 3996 MHz, 184.59 W, 27
2026/10/08 01:28:12.707, 0, 120 MHz, 3996 MHz, 184.47 W, 32
2026/10/08 01:28:12.707, 1, 120 MHz, 3996 MHz, 186.29 W, 34
2026/10/08 01:28:12.707, 2, 120 MHz, 3996 MHz, 182.13 W, 28
2026/10/08 01:28:12.707, 3, 120 MHz, 3996 MHz, 182.15 W, 28
2026/10/08 01:28:12.707, 4, 1117 MHz, 3996 MHz, 1035.84 W, 54
2026/10/08 01:28:12.707, 5, 1230 MHz, 3996 MHz, 1087.75 W, 53
2026/10/08 01:28:12.708, 6, 120 MHz, 3996 MHz, 182.89 W, 28
2026/10/08 01:28:12.708, 7, 120 MHz, 3996 MHz, 184.59 W, 27
2026/10/08 01:28:12.908, 0, 120 MHz, 3996 MHz, 184.47 W, 32
2026/10/08 01:28:12.908, 1, 120 MHz, 3996 MHz, 186.29 W, 34
2026/10/08 01:28:12.908, 2, 120 MHz, 3996 MHz, 182.13 W, 28
2026/10/08 01:28:12.908, 3, 120 MHz, 3996 MHz, 182.09 W, 28
2026/10/08 01:28:12.908, 4, 1275 MHz, 3996 MHz, 1094.04 W, 53
2026/10/08 01:28:12.908, 5, 1042 MHz, 3996 MHz, 1095.35 W, 54
2026/10/08 01:28:12.908, 6, 120 MHz, 3996 MHz, 182.89 W, 28
2026/10/08 01:28:12.908, 7, 120 MHz, 3996 MHz, 184.60 W, 27
2026/10/08 01:28:13.108, 0, 120 MHz, 3996 MHz, 184.47 W, 32
2026/10/08 01:28:13.108, 1, 120 MHz, 3996 MHz, 186.29 W, 34
2026/10/08 01:28:13.108, 2, 120 MHz, 3996 MHz, 182.13 W, 28
2026/10/08 01:28:13.108, 3, 120 MHz, 3996 MHz, 182.09 W, 29
2026/10/08 01:28:13.108, 4, 1305 MHz, 3996 MHz, 1079.35 W, 54
2026/10/08 01:28:13.108, 5, 1290 MHz, 3996 MHz, 1085.97 W, 54
2026/10/08 01:28:13.108, 6, 120 MHz, 3996 MHz, 182.88 W, 28
2026/10/08 01:28:13.108, 7, 120 MHz, 3996 MHz, 184.60 W, 27
2026/10/08 01:28:13.308, 0, 120 MHz, 3996 MHz, 184.47 W, 32
2026/10/08 01:28:13.308, 1, 120 MHz, 3996 MHz, 186.29 W, 34
2026/10/08 01:28:13.308, 2, 120 MHz, 3996 MHz, 182.13 W, 28
2026/10/08 01:28:13.308, 3, 120 MHz, 3996 MHz, 182.02 W, 29
2026/10/08 01:28:13.308, 4, 1042 MHz, 3996 MHz, 1083.81 W, 56
2026/10/08 01:28:13.308, 5, 1117 MHz, 3996 MHz, 1083.56 W, 53
2026/10/08 01:28:13.308, 6, 120 MHz, 3996 MHz, 182.88 W, 28
2026/10/08 01:28:13.308, 7, 120 MHz, 3996 MHz, 184.61 W, 27
2026/10/08 01:28:13.508, 0, 120 MHz, 3996 MHz, 184.47 W, 32
2026/10/08 01:28:13.508, 1, 120 MHz, 3996 MHz, 186.29 W, 34
2026/10/08 01:28:13.508, 2, 120 MHz, 3996 MHz, 182.13 W, 28
2026/10/08 01:28:13.508, 3, 120 MHz, 3996 MHz, 181.83 W, 29
2026/10/08 01:28:13.508, 4, 1117 MHz, 3996 MHz, 1081.83 W, 54
2026/10/08 01:28:13.508, 5, 1110 MHz, 3996 MHz, 1086.57 W, 54
2026/10/08 01:28:13.508, 6, 120 MHz, 3996 MHz, 182.89 W, 28
2026/10/08 01:28:13.508, 7, 120 MHz, 3996 MHz, 184.62 W, 27
2026/10/08 01:28:13.708, 0, 120 MHz, 3996 MHz, 184.47 W, 32
2026/10/08 01:28:13.708, 1, 120 MHz, 3996 MHz, 186.29 W, 34
2026/10/08 01:28:13.708, 2, 120 MHz, 3996 MHz, 182.14 W, 28
2026/10/08 01:28:13.709, 3, 120 MHz, 3996 MHz, 181.79 W, 29
2026/10/08 01:28:13.709, 4, 1132 MHz, 3996 MHz, 1083.79 W, 55
2026/10/08 01:28:13.709, 5, 1252 MHz, 3996 MHz, 1084.27 W, 53
2026/10/08 01:28:13.709, 6, 120 MHz, 3996 MHz, 182.88 W, 28
2026/10/08 01:28:13.709, 7, 120 MHz, 3996 MHz, 184.63 W, 27
2026/10/08 01:28:13.909, 0, 120 MHz, 3996 MHz, 184.47 W, 32
2026/10/08 01:28:13.909, 1, 120 MHz, 3996 MHz, 186.29 W, 34
2026/10/08 01:28:13.909, 2, 120 MHz, 3996 MHz, 182.14 W, 28
2026/10/08 01:28:13.909, 3, 120 MHz, 3996 MHz, 181.79 W, 29
2026/10/08 01:28:13.909, 4, 1035 MHz, 3996 MHz, 1085.61 W, 55
2026/10/08 01:28:13.909, 5, 1102 MHz, 3996 MHz, 1081.43 W, 54
2026/10/08 01:28:13.909, 6, 120 MHz, 3996 MHz, 182.88 W, 28
2026/10/08 01:28:13.909, 7, 120 MHz, 3996 MHz, 184.64 W, 27
2026/10/08 01:28:14.109, 0, 120 MHz, 3996 MHz, 184.47 W, 32
2026/10/08 01:28:14.109, 1, 120 MHz, 3996 MHz, 186.29 W, 34
2026/10/08 01:28:14.109, 2, 120 MHz, 3996 MHz, 182.13 W, 28
2026/10/08 01:28:14.109, 3, 120 MHz, 3996 MHz, 181.71 W, 29
2026/10/08 01:28:14.109, 4, 1282 MHz, 3996 MHz, 1083.58 W, 55
2026/10/08 01:28:14.109, 5, 1297 MHz, 3996 MHz, 1084.68 W, 55
2026/10/08 01:28:14.109, 6, 120 MHz, 3996 MHz, 182.88 W, 28
2026/10/08 01:28:14.109, 7, 120 MHz, 3996 MHz, 184.64 W, 27
2026/10/08 01:28:14.309, 0, 120 MHz, 3996 MHz, 184.47 W, 32
2026/10/08 01:28:14.309, 1, 120 MHz, 3996 MHz, 186.29 W, 34
2026/10/08 01:28:14.309, 2, 120 MHz, 3996 MHz, 182.14 W, 28
2026/10/08 01:28:14.309, 3, 120 MHz, 3996 MHz, 181.73 W, 29
2026/10/08 01:28:14.309, 4, 1057 MHz, 3996 MHz, 1087.46 W, 56
2026/10/08 01:28:14.309, 5, 1252 MHz, 3996 MHz, 1074.28 W, 53
2026/10/08 01:28:14.309, 6, 120 MHz, 3996 MHz, 182.88 W, 28
2026/10/08 01:28:14.309, 7, 120 MHz, 3996 MHz, 184.63 W, 27
2026/10/08 01:28:14.509, 0, 120 MHz, 3996 MHz, 184.47 W, 32
2026/10/08 01:28:14.509, 1, 120 MHz, 3996 MHz, 186.29 W, 34
2026/10/08 01:28:14.509, 2, 120 MHz, 3996 MHz, 182.14 W, 28
2026/10/08 01:28:14.509, 3, 120 MHz, 3996 MHz, 181.84 W, 29
2026/10/08 01:28:14.509, 4, 1080 MHz, 3996 MHz, 1082.65 W, 55
2026/10/08 01:28:14.509, 5, 1147 MHz, 3996 MHz, 1082.21 W, 54
2026/10/08 01:28:14.509, 6, 120 MHz, 3996 MHz, 182.89 W, 28
2026/10/08 01:28:14.509, 7, 120 MHz, 3996 MHz, 184.62 W, 27
2026/10/08 01:28:14.709, 0, 120 MHz, 3996 MHz, 184.47 W, 32
2026/10/08 01:28:14.710, 1, 120 MHz, 3996 MHz, 186.29 W, 34
2026/10/08 01:28:14.710, 2, 120 MHz, 3996 MHz, 182.13 W, 28
2026/10/08 01:28:14.710, 3, 120 MHz, 3996 MHz, 181.81 W, 29
2026/10/08 01:28:14.710, 4, 1177 MHz, 3996 MHz, 1083.86 W, 56
2026/10/08 01:28:14.710, 5, 1290 MHz, 3996 MHz, 1084.13 W, 54
2026/10/08 01:28:14.710, 6, 120 MHz, 3996 MHz, 182.88 W, 28
2026/10/08 01:28:14.710, 7, 120 MHz, 3996 MHz, 184.61 W, 27
2026/10/08 01:28:14.910, 0, 120 MHz, 3996 MHz, 184.47 W, 32
2026/10/08 01:28:14.910, 1, 120 MHz, 3996 MHz, 186.29 W, 34
2026/10/08 01:28:14.910, 2, 120 MHz, 3996 MHz, 182.13 W, 28
2026/10/08 01:28:14.910, 3, 120 MHz, 3996 MHz, 181.80 W, 29
2026/10/08 01:28:14.910, 4, 1065 MHz, 3996 MHz, 1087.79 W, 56
2026/10/08 01:28:14.910, 5, 1245 MHz, 3996 MHz, 1073.97 W, 54
2026/10/08 01:28:14.910, 6, 120 MHz, 3996 MHz, 182.88 W, 28
2026/10/08 01:28:14.910, 7, 120 MHz, 3996 MHz, 184.61 W, 27
2026/10/08 01:28:15.110, 0, 120 MHz, 3996 MHz, 184.47 W, 32
2026/10/08 01:28:15.110, 1, 120 MHz, 3996 MHz, 186.29 W, 34
2026/10/08 01:28:15.110, 2, 120 MHz, 3996 MHz, 182.13 W, 28
2026/10/08 01:28:15.110, 3, 120 MHz, 3996 MHz, 181.91 W, 29
2026/10/08 01:28:15.110, 4, 1282 MHz, 3996 MHz, 1085.49 W, 55
2026/10/08 01:28:15.110, 5, 1305 MHz, 3996 MHz, 1087.70 W, 55
2026/10/08 01:28:15.110, 6, 120 MHz, 3996 MHz, 182.89 W, 28
2026/10/08 01:28:15.110, 7, 120 MHz, 3996 MHz, 184.62 W, 27
2026/10/08 01:28:15.310, 0, 120 MHz, 3996 MHz, 184.47 W, 32
2026/10/08 01:28:15.310, 1, 120 MHz, 3996 MHz, 186.29 W, 34
2026/10/08 01:28:15.310, 2, 120 MHz, 3996 MHz, 182.13 W, 28
2026/10/08 01:28:15.310, 3, 120 MHz, 3996 MHz, 182.01 W, 29
2026/10/08 01:28:15.310, 4, 1140 MHz, 3996 MHz, 1087.29 W, 57
2026/10/08 01:28:15.310, 5, 1297 MHz, 3996 MHz, 1086.06 W, 54
2026/10/08 01:28:15.310, 6, 120 MHz, 3996 MHz, 182.88 W, 28
2026/10/08 01:28:15.310, 7, 120 MHz, 3996 MHz, 184.63 W, 27
2026/10/08 01:28:15.510, 0, 120 MHz, 3996 MHz, 184.47 W, 32
2026/10/08 01:28:15.510, 1, 120 MHz, 3996 MHz, 186.29 W, 34
2026/10/08 01:28:15.510, 2, 120 MHz, 3996 MHz, 182.13 W, 28
2026/10/08 01:28:15.510, 3, 120 MHz, 3996 MHz, 182.08 W, 29
2026/10/08 01:28:15.510, 4, 1110 MHz, 3996 MHz, 1089.45 W, 56
2026/10/08 01:28:15.510, 5, 1140 MHz, 3996 MHz, 1086.01 W, 55
2026/10/08 01:28:15.510, 6, 120 MHz, 3996 MHz, 182.89 W, 28
2026/10/08 01:28:15.510, 7, 120 MHz, 3996 MHz, 184.64 W, 27
2026/10/08 01:28:15.711, 0, 120 MHz, 3996 MHz, 184.47 W, 32
2026/10/08 01:28:15.711, 1, 120 MHz, 3996 MHz, 186.29 W, 34
2026/10/08 01:28:15.711, 2, 120 MHz, 3996 MHz, 182.13 W, 28
2026/10/08 01:28:15.711, 3, 120 MHz, 3996 MHz, 182.15 W, 29
2026/10/08 01:28:15.711, 4, 1237 MHz, 3996 MHz, 1085.36 W, 56
2026/10/08 01:28:15.711, 5, 1305 MHz, 3996 MHz, 1088.30 W, 55
2026/10/08 01:28:15.711, 6, 120 MHz, 3996 MHz, 182.89 W, 28
2026/10/08 01:28:15.711, 7, 120 MHz, 3996 MHz, 184.64 W, 27
2026/10/08 01:28:15.911, 0, 120 MHz, 3996 MHz, 184.47 W, 32
2026/10/08 01:28:15.911, 1, 120 MHz, 3996 MHz, 186.29 W, 34
2026/10/08 01:28:15.911, 2, 120 MHz, 3996 MHz, 182.13 W, 28
2026/10/08 01:28:15.911, 3, 120 MHz, 3996 MHz, 182.12 W, 29
2026/10/08 01:28:15.911, 4, 1065 MHz, 3996 MHz, 1091.13 W, 57
2026/10/08 01:28:15.911, 5, 1312 MHz, 3996 MHz, 1087.77 W, 55
2026/10/08 01:28:15.911, 6, 120 MHz, 3996 MHz, 182.89 W, 28
2026/10/08 01:28:15.911, 7, 120 MHz, 3996 MHz, 184.65 W, 27
2026/10/08 01:28:16.111, 0, 120 MHz, 3996 MHz, 184.47 W, 32
2026/10/08 01:28:16.111, 1, 120 MHz, 3996 MHz, 186.29 W, 34
2026/10/08 01:28:16.111, 2, 120 MHz, 3996 MHz, 182.13 W, 28
2026/10/08 01:28:16.111, 3, 120 MHz, 3996 MHz, 182.12 W, 29
2026/10/08 01:28:16.111, 4, 1267 MHz, 3996 MHz, 1081.78 W, 56
2026/10/08 01:28:16.111, 5, 2032 MHz, 3996 MHz, 935.39 W, 45
2026/10/08 01:28:16.111, 6, 120 MHz, 3996 MHz, 182.89 W, 28
2026/10/08 01:28:16.111, 7, 120 MHz, 3996 MHz, 184.66 W, 27
2026/10/08 01:28:16.311, 0, 120 MHz, 3996 MHz, 184.47 W, 32
2026/10/08 01:28:16.311, 1, 120 MHz, 3996 MHz, 186.29 W, 34
2026/10/08 01:28:16.311, 2, 120 MHz, 3996 MHz, 182.13 W, 28
2026/10/08 01:28:16.311, 3, 120 MHz, 3996 MHz, 182.12 W, 29
2026/10/08 01:28:16.311, 4, 1237 MHz, 3996 MHz, 1081.97 W, 58
2026/10/08 01:28:16.311, 5, 2032 MHz, 3996 MHz, 770.54 W, 42
2026/10/08 01:28:16.311, 6, 120 MHz, 3996 MHz, 182.89 W, 28
2026/10/08 01:28:16.311, 7, 120 MHz, 3996 MHz, 184.66 W, 27
2026/10/08 01:28:16.511, 0, 120 MHz, 3996 MHz, 184.47 W, 32
2026/10/08 01:28:16.511, 1, 120 MHz, 3996 MHz, 186.29 W, 34
2026/10/08 01:28:16.511, 2, 120 MHz, 3996 MHz, 182.13 W, 28
2026/10/08 01:28:16.511, 3, 120 MHz, 3996 MHz, 182.13 W, 29
2026/10/08 01:28:16.511, 4, 1117 MHz, 3996 MHz, 1060.92 W, 57
2026/10/08 01:28:16.511, 5, 2032 MHz, 3996 MHz, 596.75 W, 40
2026/10/08 01:28:16.511, 6, 120 MHz, 3996 MHz, 182.89 W, 28
2026/10/08 01:28:16.511, 7, 120 MHz, 3996 MHz, 184.66 W, 27
2026/10/08 01:28:16.712, 0, 120 MHz, 3996 MHz, 184.47 W, 32
2026/10/08 01:28:16.712, 1, 120 MHz, 3996 MHz, 186.29 W, 34
2026/10/08 01:28:16.712, 2, 120 MHz, 3996 MHz, 182.13 W, 28
2026/10/08 01:28:16.712, 3, 120 MHz, 3996 MHz, 182.05 W, 29
2026/10/08 01:28:16.712, 4, 2032 MHz, 3996 MHz, 899.99 W, 46
2026/10/08 01:28:16.712, 5, 2032 MHz, 3996 MHz, 446.40 W, 39
2026/10/08 01:28:16.712, 6, 120 MHz, 3996 MHz, 182.88 W, 28
2026/10/08 01:28:16.712, 7, 120 MHz, 3996 MHz, 184.65 W, 27
2026/10/08 01:28:16.912, 0, 120 MHz, 3996 MHz, 184.47 W, 32
2026/10/08 01:28:16.912, 1, 120 MHz, 3996 MHz, 186.29 W, 34
2026/10/08 01:28:16.912, 2, 120 MHz, 3996 MHz, 182.13 W, 29
2026/10/08 01:28:16.912, 3, 120 MHz, 3996 MHz, 182.09 W, 29
2026/10/08 01:28:16.912, 4, 2032 MHz, 3996 MHz, 731.00 W, 43
2026/10/08 01:28:16.912, 5, 2032 MHz, 3996 MHz, 280.05 W, 38
2026/10/08 01:28:16.912, 6, 120 MHz, 3996 MHz, 182.89 W, 28
2026/10/08 01:28:16.912, 7, 120 MHz, 3996 MHz, 184.64 W, 27
2026/10/08 01:28:17.112, 0, 120 MHz, 3996 MHz, 184.47 W, 32
2026/10/08 01:28:17.112, 1, 120 MHz, 3996 MHz, 186.29 W, 34
2026/10/08 01:28:17.112, 2, 120 MHz, 3996 MHz, 182.13 W, 29
2026/10/08 01:28:17.112, 3, 120 MHz, 3996 MHz, 182.14 W, 29
2026/10/08 01:28:17.112, 4, 2032 MHz, 3996 MHz, 562.32 W, 41
2026/10/08 01:28:17.112, 5, 2032 MHz, 3996 MHz, 240.03 W, 38
2026/10/08 01:28:17.112, 6, 120 MHz, 3996 MHz, 182.89 W, 28
2026/10/08 01:28:17.112, 7, 120 MHz, 3996 MHz, 184.64 W, 27
2026/10/08 01:28:17.312, 0, 120 MHz, 3996 MHz, 184.47 W, 32
2026/10/08 01:28:17.312, 1, 120 MHz, 3996 MHz, 186.29 W, 34
2026/10/08 01:28:17.312, 2, 120 MHz, 3996 MHz, 182.13 W, 29
2026/10/08 01:28:17.312, 3, 120 MHz, 3996 MHz, 182.14 W, 29
2026/10/08 01:28:17.312, 4, 2032 MHz, 3996 MHz, 404.79 W, 41
2026/10/08 01:28:17.312, 5, 2032 MHz, 3996 MHz, 239.51 W, 38
2026/10/08 01:28:17.312, 6, 120 MHz, 3996 MHz, 182.89 W, 28
2026/10/08 01:28:17.312, 7, 120 MHz, 3996 MHz, 184.64 W, 27
2026/10/08 01:28:17.513, 0, 120 MHz, 3996 MHz, 184.47 W, 32
2026/10/08 01:28:17.513, 1, 120 MHz, 3996 MHz, 186.29 W, 34
2026/10/08 01:28:17.513, 2, 120 MHz, 3996 MHz, 182.13 W, 29
2026/10/08 01:28:17.513, 3, 120 MHz, 3996 MHz, 182.13 W, 29
2026/10/08 01:28:17.513, 4, 2032 MHz, 3996 MHz, 240.81 W, 40
2026/10/08 01:28:17.513, 5, 2032 MHz, 3996 MHz, 239.37 W, 38
2026/10/08 01:28:17.513, 6, 120 MHz, 3996 MHz, 182.88 W, 28
2026/10/08 01:28:17.513, 7, 120 MHz, 3996 MHz, 184.64 W, 27
2026/10/08 01:28:17.713, 0, 120 MHz, 3996 MHz, 184.47 W, 32
2026/10/08 01:28:17.713, 1, 120 MHz, 3996 MHz, 186.29 W, 34
2026/10/08 01:28:17.713, 2, 120 MHz, 3996 MHz, 182.13 W, 29
2026/10/08 01:28:17.713, 3, 120 MHz, 3996 MHz, 182.17 W, 29
2026/10/08 01:28:17.713, 4, 2032 MHz, 3996 MHz, 239.18 W, 40
2026/10/08 01:28:17.713, 5, 2032 MHz, 3996 MHz, 239.14 W, 37
2026/10/08 01:28:17.713, 6, 120 MHz, 3996 MHz, 182.89 W, 28
2026/10/08 01:28:17.713, 7, 120 MHz, 3996 MHz, 184.65 W, 27
2026/10/08 01:28:17.913, 0, 120 MHz, 3996 MHz, 184.47 W, 32
2026/10/08 01:28:17.913, 1, 120 MHz, 3996 MHz, 186.29 W, 34
2026/10/08 01:28:17.913, 2, 120 MHz, 3996 MHz, 182.13 W, 29
2026/10/08 01:28:17.913, 3, 120 MHz, 3996 MHz, 182.17 W, 29
2026/10/08 01:28:17.913, 4, 2032 MHz, 3996 MHz, 238.75 W, 39
2026/10/08 01:28:17.913, 5, 2032 MHz, 3996 MHz, 239.61 W, 37
2026/10/08 01:28:17.913, 6, 120 MHz, 3996 MHz, 182.89 W, 28
2026/10/08 01:28:17.913, 7, 120 MHz, 3996 MHz, 184.66 W, 27
2026/10/08 01:28:18.113, 0, 120 MHz, 3996 MHz, 184.47 W, 32
2026/10/08 01:28:18.113, 1, 120 MHz, 3996 MHz, 186.29 W, 34
2026/10/08 01:28:18.113, 2, 120 MHz, 3996 MHz, 182.13 W, 29
2026/10/08 01:28:18.113, 3, 120 MHz, 3996 MHz, 182.13 W, 29
2026/10/08 01:28:18.113, 4, 2032 MHz, 3996 MHz, 238.52 W, 39
2026/10/08 01:28:18.113, 5, 2032 MHz, 3996 MHz, 239.50 W, 37
2026/10/08 01:28:18.113, 6, 120 MHz, 3996 MHz, 182.88 W, 28
2026/10/08 01:28:18.113, 7, 120 MHz, 3996 MHz, 184.66 W, 27
2026/10/08 01:28:18.313, 0, 120 MHz, 3996 MHz, 184.47 W, 32
2026/10/08 01:28:18.314, 1, 120 MHz, 3996 MHz, 186.29 W, 34
2026/10/08 01:28:18.314, 2, 120 MHz, 3996 MHz, 182.13 W, 29
2026/10/08 01:28:18.314, 3, 120 MHz, 3996 MHz, 182.13 W, 29
2026/10/08 01:28:18.314, 4, 2032 MHz, 3996 MHz, 239.21 W, 39
2026/10/08 01:28:18.314, 5, 2032 MHz, 3996 MHz, 239.41 W, 37
2026/10/08 01:28:18.314, 6, 120 MHz, 3996 MHz, 182.88 W, 28
2026/10/08 01:28:18.314, 7, 120 MHz, 3996 MHz, 184.65 W, 27
2026/10/08 01:28:18.514, 0, 120 MHz, 3996 MHz, 184.47 W, 32
2026/10/08 01:28:18.514, 1, 120 MHz, 3996 MHz, 186.29 W, 34
2026/10/08 01:28:18.514, 2, 120 MHz, 3996 MHz, 182.14 W, 29
2026/10/08 01:28:18.514, 3, 120 MHz, 3996 MHz, 182.13 W, 29
2026/10/08 01:28:18.514, 4, 2032 MHz, 3996 MHz, 239.21 W, 39
2026/10/08 01:28:18.514, 5, 2032 MHz, 3996 MHz, 239.30 W, 37
2026/10/08 01:28:18.514, 6, 120 MHz, 3996 MHz, 182.89 W, 28
2026/10/08 01:28:18.514, 7, 120 MHz, 3996 MHz, 184.64 W, 27
2026/10/08 01:28:18.714, 0, 120 MHz, 3996 MHz, 184.47 W, 32
2026/10/08 01:28:18.714, 1, 120 MHz, 3996 MHz, 186.29 W, 34
2026/10/08 01:28:18.714, 2, 120 MHz, 3996 MHz, 182.13 W, 29
2026/10/08 01:28:18.714, 3, 120 MHz, 3996 MHz, 182.18 W, 29
2026/10/08 01:28:18.714, 4, 2032 MHz, 3996 MHz, 238.82 W, 39
2026/10/08 01:28:18.714, 5, 2032 MHz, 3996 MHz, 239.20 W, 37
2026/10/08 01:28:18.714, 6, 120 MHz, 3996 MHz, 182.89 W, 28
2026/10/08 01:28:18.714, 7, 120 MHz, 3996 MHz, 184.64 W, 27
2026/10/08 01:28:18.914, 0, 120 MHz, 3996 MHz, 184.47 W, 32
2026/10/08 01:28:18.914, 1, 120 MHz, 3996 MHz, 186.29 W, 34
2026/10/08 01:28:18.914, 2, 120 MHz, 3996 MHz, 182.13 W, 29
2026/10/08 01:28:18.914, 3, 120 MHz, 3996 MHz, 182.14 W, 29
2026/10/08 01:28:18.914, 4, 2032 MHz, 3996 MHz, 238.44 W, 39
2026/10/08 01:28:18.914, 5, 2032 MHz, 3996 MHz, 238.46 W, 37
2026/10/08 01:28:18.914, 6, 120 MHz, 3996 MHz, 182.89 W, 28
2026/10/08 01:28:18.914, 7, 120 MHz, 3996 MHz, 184.63 W, 27
2026/10/08 01:28:19.114, 0, 120 MHz, 3996 MHz, 184.47 W, 32
2026/10/08 01:28:19.114, 1, 120 MHz, 3996 MHz, 186.29 W, 34
2026/10/08 01:28:19.114, 2, 120 MHz, 3996 MHz, 182.14 W, 29
2026/10/08 01:28:19.114, 3, 120 MHz, 3996 MHz, 182.14 W, 29
2026/10/08 01:28:19.114, 4, 2032 MHz, 3996 MHz, 238.05 W, 39
2026/10/08 01:28:19.114, 5, 2032 MHz, 3996 MHz, 238.47 W, 37
2026/10/08 01:28:19.114, 6, 120 MHz, 3996 MHz, 182.88 W, 28
2026/10/08 01:28:19.114, 7, 120 MHz, 3996 MHz, 184.62 W, 27
2026/10/08 01:28:19.315, 0, 120 MHz, 3996 MHz, 184.47 W, 32
2026/10/08 01:28:19.315, 1, 120 MHz, 3996 MHz, 186.29 W, 34
2026/10/08 01:28:19.315, 2, 120 MHz, 3996 MHz, 182.13 W, 29
2026/10/08 01:28:19.315, 3, 120 MHz, 3996 MHz, 182.15 W, 29
2026/10/08 01:28:19.315, 4, 2032 MHz, 3996 MHz, 236.97 W, 39
2026/10/08 01:28:19.315, 5, 2032 MHz, 3996 MHz, 238.47 W, 37
2026/10/08 01:28:19.315, 6, 120 MHz, 3996 MHz, 182.89 W, 28
2026/10/08 01:28:19.315, 7, 120 MHz, 3996 MHz, 184.63 W, 27
2026/10/08 01:28:19.515, 0, 120 MHz, 3996 MHz, 184.47 W, 32
2026/10/08 01:28:19.515, 1, 120 MHz, 3996 MHz, 186.29 W, 34
2026/10/08 01:28:19.515, 2, 120 MHz, 3996 MHz, 182.13 W, 29
2026/10/08 01:28:19.515, 3, 120 MHz, 3996 MHz, 182.11 W, 29
2026/10/08 01:28:19.515, 4, 2032 MHz, 3996 MHz, 236.61 W, 38
2026/10/08 01:28:19.515, 5, 472 MHz, 3996 MHz, 233.90 W, 36
2026/10/08 01:28:19.515, 6, 120 MHz, 3996 MHz, 182.88 W, 28
2026/10/08 01:28:19.515, 7, 120 MHz, 3996 MHz, 184.63 W, 27
2026/10/08 01:28:19.715, 0, 120 MHz, 3996 MHz, 184.47 W, 32
2026/10/08 01:28:19.715, 1, 120 MHz, 3996 MHz, 186.29 W, 34
2026/10/08 01:28:19.715, 2, 120 MHz, 3996 MHz, 182.13 W, 29
2026/10/08 01:28:19.715, 3, 120 MHz, 3996 MHz, 182.10 W, 29
2026/10/08 01:28:19.715, 4, 2032 MHz, 3996 MHz, 236.64 W, 38
2026/10/08 01:28:19.715, 5, 450 MHz, 3996 MHz, 222.40 W, 36
2026/10/08 01:28:19.715, 6, 120 MHz, 3996 MHz, 182.89 W, 28
2026/10/08 01:28:19.715, 7, 120 MHz, 3996 MHz, 184.62 W, 27
2026/10/08 01:28:19.915, 0, 120 MHz, 3996 MHz, 184.47 W, 32
2026/10/08 01:28:19.915, 1, 120 MHz, 3996 MHz, 186.29 W, 34
2026/10/08 01:28:19.915, 2, 120 MHz, 3996 MHz, 182.13 W, 29
2026/10/08 01:28:19.915, 3, 120 MHz, 3996 MHz, 182.06 W, 29
2026/10/08 01:28:19.915, 4, 2017 MHz, 3996 MHz, 236.44 W, 38
2026/10/08 01:28:19.915, 5, 412 MHz, 3996 MHz, 212.00 W, 36
2026/10/08 01:28:19.915, 6, 120 MHz, 3996 MHz, 182.92 W, 28
2026/10/08 01:28:19.915, 7, 120 MHz, 3996 MHz, 184.63 W, 27
2026/10/08 01:28:20.115, 0, 120 MHz, 3996 MHz, 184.47 W, 32
2026/10/08 01:28:20.116, 1, 120 MHz, 3996 MHz, 186.29 W, 34
2026/10/08 01:28:20.116, 2, 120 MHz, 3996 MHz, 182.13 W, 29
2026/10/08 01:28:20.116, 3, 120 MHz, 3996 MHz, 181.98 W, 29
2026/10/08 01:28:20.116, 4, 450 MHz, 3996 MHz, 235.66 W, 38
2026/10/08 01:28:20.116, 5, 375 MHz, 3996 MHz, 201.54 W, 36
2026/10/08 01:28:20.116, 6, 120 MHz, 3996 MHz, 182.92 W, 28
2026/10/08 01:28:20.116, 7, 120 MHz, 3996 MHz, 184.64 W, 27
2026/10/08 01:28:20.316, 0, 120 MHz, 3996 MHz, 184.47 W, 32
2026/10/08 01:28:20.316, 1, 120 MHz, 3996 MHz, 186.29 W, 34
2026/10/08 01:28:20.316, 2, 120 MHz, 3996 MHz, 182.13 W, 29
2026/10/08 01:28:20.316, 3, 120 MHz, 3996 MHz, 181.98 W, 29
2026/10/08 01:28:20.316, 4, 412 MHz, 3996 MHz, 226.12 W, 38
2026/10/08 01:28:20.316, 5, 345 MHz, 3996 MHz, 190.82 W, 36
2026/10/08 01:28:20.316, 6, 120 MHz, 3996 MHz, 182.92 W, 28
2026/10/08 01:28:20.316, 7, 120 MHz, 3996 MHz, 184.64 W, 27
2026/10/08 01:28:20.516, 0, 120 MHz, 3996 MHz, 184.47 W, 32
2026/10/08 01:28:20.516, 1, 120 MHz, 3996 MHz, 186.29 W, 34
2026/10/08 01:28:20.516, 2, 120 MHz, 3996 MHz, 182.13 W, 29
2026/10/08 01:28:20.516, 3, 120 MHz, 3996 MHz, 182.02 W, 29
2026/10/08 01:28:20.516, 4, 375 MHz, 3996 MHz, 216.53 W, 38
2026/10/08 01:28:20.516, 5, 315 MHz, 3996 MHz, 185.69 W, 36
2026/10/08 01:28:20.516, 6, 120 MHz, 3996 MHz, 182.92 W, 28
2026/10/08 01:28:20.516, 7, 120 MHz, 3996 MHz, 184.64 W, 27
2026/10/08 01:28:20.716, 0, 120 MHz, 3996 MHz, 184.47 W, 32
2026/10/08 01:28:20.716, 1, 120 MHz, 3996 MHz, 186.29 W, 34
2026/10/08 01:28:20.716, 2, 120 MHz, 3996 MHz, 182.13 W, 29
2026/10/08 01:28:20.716, 3, 120 MHz, 3996 MHz, 182.02 W, 29
2026/10/08 01:28:20.716, 4, 345 MHz, 3996 MHz, 206.08 W, 37
2026/10/08 01:28:20.716, 5, 285 MHz, 3996 MHz, 185.42 W, 35
2026/10/08 01:28:20.716, 6, 120 MHz, 3996 MHz, 182.92 W, 28
2026/10/08 01:28:20.716, 7, 120 MHz, 3996 MHz, 184.65 W, 27
2026/10/08 01:28:20.916, 0, 120 MHz, 3996 MHz, 184.47 W, 32
2026/10/08 01:28:20.916, 1, 120 MHz, 3996 MHz, 186.29 W, 34
2026/10/08 01:28:20.916, 2, 120 MHz, 3996 MHz, 182.13 W, 29
2026/10/08 01:28:20.916, 3, 120 MHz, 3996 MHz, 182.05 W, 29
2026/10/08 01:28:20.916, 4, 315 MHz, 3996 MHz, 197.03 W, 37
2026/10/08 01:28:20.916, 5, 262 MHz, 3996 MHz, 185.06 W, 35
2026/10/08 01:28:20.916, 6, 120 MHz, 3996 MHz, 182.89 W, 28
2026/10/08 01:28:20.916, 7, 120 MHz, 3996 MHz, 184.65 W, 27
2026/10/08 01:28:21.117, 0, 120 MHz, 3996 MHz, 184.47 W, 32
2026/10/08 01:28:21.117, 1, 120 MHz, 3996 MHz, 186.29 W, 34
2026/10/08 01:28:21.117, 2, 120 MHz, 3996 MHz, 182.13 W, 29
2026/10/08 01:28:21.117, 3, 120 MHz, 3996 MHz, 182.16 W, 29
2026/10/08 01:28:21.117, 4, 285 MHz, 3996 MHz, 187.57 W, 37
2026/10/08 01:28:21.117, 5, 240 MHz, 3996 MHz, 184.74 W, 35
2026/10/08 01:28:21.117, 6, 120 MHz, 3996 MHz, 182.89 W, 28
2026/10/08 01:28:21.117, 7, 120 MHz, 3996 MHz, 184.64 W, 27
2026/10/08 01:28:21.317, 0, 120 MHz, 3996 MHz, 184.47 W, 32
2026/10/08 01:28:21.317, 1, 120 MHz, 3996 MHz, 186.29 W, 34
2026/10/08 01:28:21.317, 2, 120 MHz, 3996 MHz, 182.13 W, 29
2026/10/08 01:28:21.317, 3, 120 MHz, 3996 MHz, 182.12 W, 29
2026/10/08 01:28:21.317, 4, 262 MHz, 3996 MHz, 186.53 W, 37
2026/10/08 01:28:21.317, 5, 217 MHz, 3996 MHz, 184.68 W, 35
2026/10/08 01:28:21.317, 6, 120 MHz, 3996 MHz, 182.92 W, 28
2026/10/08 01:28:21.317, 7, 120 MHz, 3996 MHz, 184.63 W, 27
2026/10/08 01:28:21.517, 0, 120 MHz, 3996 MHz, 184.47 W, 32
2026/10/08 01:28:21.517, 1, 120 MHz, 3996 MHz, 186.29 W, 34
2026/10/08 01:28:21.517, 2, 120 MHz, 3996 MHz, 182.13 W, 29
2026/10/08 01:28:21.517, 3, 120 MHz, 3996 MHz, 182.11 W, 29
2026/10/08 01:28:21.517, 4, 240 MHz, 3996 MHz, 186.11 W, 37
2026/10/08 01:28:21.517, 5, 195 MHz, 3996 MHz, 184.64 W, 35
2026/10/08 01:28:21.517, 6, 120 MHz, 3996 MHz, 182.92 W, 28
2026/10/08 01:28:21.517, 7, 120 MHz, 3996 MHz, 184.63 W, 27
2026/10/08 01:28:21.717, 0, 120 MHz, 3996 MHz, 184.47 W, 32
2026/10/08 01:28:21.717, 1, 120 MHz, 3996 MHz, 186.29 W, 34
2026/10/08 01:28:21.717, 2, 120 MHz, 3996 MHz, 182.13 W, 29
2026/10/08 01:28:21.717, 3, 120 MHz, 3996 MHz, 182.11 W, 29
2026/10/08 01:28:21.717, 4, 217 MHz, 3996 MHz, 185.72 W, 37
2026/10/08 01:28:21.717, 5, 180 MHz, 3996 MHz, 184.41 W, 35
2026/10/08 01:28:21.717, 6, 120 MHz, 3996 MHz, 182.92 W, 28
2026/10/08 01:28:21.717, 7, 120 MHz, 3996 MHz, 184.63 W, 27
2026/10/08 01:28:21.918, 0, 120 MHz, 3996 MHz, 184.47 W, 32
2026/10/08 01:28:21.918, 1, 120 MHz, 3996 MHz, 186.29 W, 34
2026/10/08 01:28:21.918, 2, 120 MHz, 3996 MHz, 182.13 W, 29
2026/10/08 01:28:21.918, 3, 120 MHz, 3996 MHz, 182.12 W, 29
2026/10/08 01:28:21.918, 4, 195 MHz, 3996 MHz, 185.35 W, 37
2026/10/08 01:28:21.918, 5, 165 MHz, 3996 MHz, 184.41 W, 35
2026/10/08 01:28:21.918, 6, 120 MHz, 3996 MHz, 182.92 W, 28
2026/10/08 01:28:21.918, 7, 120 MHz, 3996 MHz, 184.62 W, 27
2026/10/08 01:28:22.118, 0, 120 MHz, 3996 MHz, 184.47 W, 32
2026/10/08 01:28:22.118, 1, 120 MHz, 3996 MHz, 186.29 W, 34
2026/10/08 01:28:22.118, 2, 120 MHz, 3996 MHz, 182.13 W, 29
2026/10/08 01:28:22.118, 3, 120 MHz, 3996 MHz, 182.09 W, 29
2026/10/08 01:28:22.118, 4, 195 MHz, 3996 MHz, 184.94 W, 37
2026/10/08 01:28:22.118, 5, 150 MHz, 3996 MHz, 184.40 W, 35
2026/10/08 01:28:22.118, 6, 120 MHz, 3996 MHz, 182.92 W, 28
2026/10/08 01:28:22.118, 7, 120 MHz, 3996 MHz, 184.62 W, 27
2026/10/08 01:28:22.318, 0, 120 MHz, 3996 MHz, 184.47 W, 32
2026/10/08 01:28:22.318, 1, 120 MHz, 3996 MHz, 186.29 W, 34
2026/10/08 01:28:22.318, 2, 120 MHz, 3996 MHz, 182.14 W, 29
2026/10/08 01:28:22.318, 3, 120 MHz, 3996 MHz, 182.12 W, 29
2026/10/08 01:28:22.318, 4, 165 MHz, 3996 MHz, 184.63 W, 37
2026/10/08 01:28:22.318, 5, 142 MHz, 3996 MHz, 184.40 W, 35
2026/10/08 01:28:22.318, 6, 120 MHz, 3996 MHz, 182.92 W, 28
2026/10/08 01:28:22.318, 7, 120 MHz, 3996 MHz, 184.62 W, 27
2026/10/08 01:28:22.518, 0, 120 MHz, 3996 MHz, 184.47 W, 32
2026/10/08 01:28:22.518, 1, 120 MHz, 3996 MHz, 186.29 W, 34
2026/10/08 01:28:22.518, 2, 120 MHz, 3996 MHz, 182.14 W, 29
2026/10/08 01:28:22.518, 3, 120 MHz, 3996 MHz, 182.09 W, 29
2026/10/08 01:28:22.518, 4, 150 MHz, 3996 MHz, 184.59 W, 37
2026/10/08 01:28:22.518, 5, 127 MHz, 3996 MHz, 184.43 W, 35
2026/10/08 01:28:22.518, 6, 120 MHz, 3996 MHz, 182.92 W, 28
2026/10/08 01:28:22.518, 7, 120 MHz, 3996 MHz, 184.62 W, 27
2026/10/08 01:28:22.719, 0, 120 MHz, 3996 MHz, 184.47 W, 32
2026/10/08 01:28:22.719, 1, 120 MHz, 3996 MHz, 186.29 W, 34
2026/10/08 01:28:22.719, 2, 120 MHz, 3996 MHz, 182.13 W, 29
2026/10/08 01:28:22.719, 3, 120 MHz, 3996 MHz, 182.09 W, 29
2026/10/08 01:28:22.719, 4, 142 MHz, 3996 MHz, 184.59 W, 37
2026/10/08 01:28:22.719, 5, 120 MHz, 3996 MHz, 184.59 W, 35
2026/10/08 01:28:22.719, 6, 120 MHz, 3996 MHz, 182.96 W, 28
2026/10/08 01:28:22.719, 7, 120 MHz, 3996 MHz, 184.62 W, 27
2026/10/08 01:28:22.919, 0, 120 MHz, 3996 MHz, 184.47 W, 32
2026/10/08 01:28:22.919, 1, 120 MHz, 3996 MHz, 186.29 W, 34
2026/10/08 01:28:22.919, 2, 120 MHz, 3996 MHz, 182.13 W, 29
2026/10/08 01:28:22.919, 3, 120 MHz, 3996 MHz, 182.12 W, 29
2026/10/08 01:28:22.919, 4, 127 MHz, 3996 MHz, 184.59 W, 37
2026/10/08 01:28:22.919, 5, 120 MHz, 3996 MHz, 184.59 W, 35
2026/10/08 01:28:22.919, 6, 120 MHz, 3996 MHz, 182.96 W, 28
2026/10/08 01:28:22.919, 7, 120 MHz, 3996 MHz, 184.64 W, 27
2026/10/08 01:28:23.119, 0, 120 MHz, 3996 MHz, 184.47 W, 32
2026/10/08 01:28:23.119, 1, 120 MHz, 3996 MHz, 186.29 W, 34
2026/10/08 01:28:23.119, 2, 120 MHz, 3996 MHz, 182.13 W, 29
2026/10/08 01:28:23.119, 3, 120 MHz, 3996 MHz, 182.15 W, 29
2026/10/08 01:28:23.119, 4, 120 MHz, 3996 MHz, 184.59 W, 37
2026/10/08 01:28:23.119, 5, 120 MHz, 3996 MHz, 184.59 W, 35
2026/10/08 01:28:23.119, 6, 120 MHz, 3996 MHz, 182.96 W, 28
2026/10/08 01:28:23.119, 7, 120 MHz, 3996 MHz, 184.64 W, 27
2026/10/08 01:28:23.319, 0, 120 MHz, 3996 MHz, 184.47 W, 32
2026/10/08 01:28:23.319, 1, 120 MHz, 3996 MHz, 186.29 W, 34
2026/10/08 01:28:23.319, 2, 120 MHz, 3996 MHz, 182.13 W, 29
2026/10/08 01:28:23.319, 3, 120 MHz, 3996 MHz, 182.16 W, 29
2026/10/08 01:28:23.319, 4, 120 MHz, 3996 MHz, 184.59 W, 37
2026/10/08 01:28:23.319, 5, 120 MHz, 3996 MHz, 184.55 W, 35
2026/10/08 01:28:23.319, 6, 120 MHz, 3996 MHz, 182.92 W, 28
2026/10/08 01:28:23.319, 7, 120 MHz, 3996 MHz, 184.64 W, 27
2026/10/08 01:28:23.519, 0, 120 MHz, 3996 MHz, 184.47 W, 32
2026/10/08 01:28:23.520, 1, 120 MHz, 3996 MHz, 186.29 W, 34
2026/10/08 01:28:23.520, 2, 120 MHz, 3996 MHz, 182.13 W, 29
2026/10/08 01:28:23.520, 3, 120 MHz, 3996 MHz, 182.20 W, 29
2026/10/08 01:28:23.520, 4, 120 MHz, 3996 MHz, 184.59 W, 37
2026/10/08 01:28:23.520, 5, 120 MHz, 3996 MHz, 184.55 W, 35
2026/10/08 01:28:23.520, 6, 120 MHz, 3996 MHz, 182.92 W, 28
2026/10/08 01:28:23.520, 7, 120 MHz, 3996 MHz, 184.64 W, 27
2026/10/08 01:28:23.720, 0, 120 MHz, 3996 MHz, 184.47 W, 32
2026/10/08 01:28:23.720, 1, 120 MHz, 3996 MHz, 186.29 W, 34
2026/10/08 01:28:23.720, 2, 120 MHz, 3996 MHz, 182.13 W, 29
2026/10/08 01:28:23.720, 3, 120 MHz, 3996 MHz, 182.20 W, 29
2026/10/08 01:28:23.720, 4, 120 MHz, 3996 MHz, 184.59 W, 37
2026/10/08 01:28:23.720, 5, 120 MHz, 3996 MHz, 184.55 W, 35
2026/10/08 01:28:23.720, 6, 120 MHz, 3996 MHz, 182.89 W, 28
2026/10/08 01:28:23.720, 7, 120 MHz, 3996 MHz, 184.63 W, 27
2026/10/08 01:28:23.920, 0, 120 MHz, 3996 MHz, 184.47 W, 32
2026/10/08 01:28:23.920, 1, 120 MHz, 3996 MHz, 186.29 W, 34
2026/10/08 01:28:23.920, 2, 120 MHz, 3996 MHz, 182.13 W, 29
2026/10/08 01:28:23.920, 3, 120 MHz, 3996 MHz, 182.16 W, 29
2026/10/08 01:28:23.920, 4, 120 MHz, 3996 MHz, 184.59 W, 37
2026/10/08 01:28:23.920, 5, 120 MHz, 3996 MHz, 184.55 W, 35
2026/10/08 01:28:23.920, 6, 120 MHz, 3996 MHz, 182.88 W, 28
2026/10/08 01:28:23.920, 7, 120 MHz, 3996 MHz, 184.62 W, 27
2026/10/08 01:28:24.120, 0, 120 MHz, 3996 MHz, 184.47 W, 32
2026/10/08 01:28:24.120, 1, 120 MHz, 3996 MHz, 186.29 W, 34
2026/10/08 01:28:24.120, 2, 120 MHz, 3996 MHz, 182.13 W, 29
2026/10/08 01:28:24.120, 3, 120 MHz, 3996 MHz, 182.18 W, 29
2026/10/08 01:28:24.120, 4, 120 MHz, 3996 MHz, 184.59 W, 37
2026/10/08 01:28:24.120, 5, 120 MHz, 3996 MHz, 184.55 W, 35
2026/10/08 01:28:24.120, 6, 120 MHz, 3996 MHz, 182.88 W, 28
2026/10/08 01:28:24.120, 7, 120 MHz, 3996 MHz, 184.63 W, 27
2026/10/08 01:28:24.320, 0, 120 MHz, 3996 MHz, 184.47 W, 32
2026/10/08 01:28:24.320, 1, 120 MHz, 3996 MHz, 186.29 W, 34
2026/10/08 01:28:24.320, 2, 120 MHz, 3996 MHz, 182.13 W, 29
2026/10/08 01:28:24.320, 3, 120 MHz, 3996 MHz, 182.13 W, 29
2026/10/08 01:28:24.320, 4, 120 MHz, 3996 MHz, 184.59 W, 37
2026/10/08 01:28:24.320, 5, 120 MHz, 3996 MHz, 184.59 W, 35
2026/10/08 01:28:24.320, 6, 120 MHz, 3996 MHz, 182.88 W, 28
2026/10/08 01:28:24.320, 7, 120 MHz, 3996 MHz, 184.63 W, 27
2026/10/08 01:28:24.521, 0, 120 MHz, 3996 MHz, 184.47 W, 32
2026/10/08 01:28:24.521, 1, 120 MHz, 3996 MHz, 186.29 W, 34
2026/10/08 01:28:24.521, 2, 120 MHz, 3996 MHz, 182.17 W, 29
2026/10/08 01:28:24.521, 3, 120 MHz, 3996 MHz, 182.13 W, 29
2026/10/08 01:28:24.521, 4, 120 MHz, 3996 MHz, 184.59 W, 37
2026/10/08 01:28:24.521, 5, 120 MHz, 3996 MHz, 184.59 W, 35
2026/10/08 01:28:24.521, 6, 120 MHz, 3996 MHz, 182.93 W, 28
2026/10/08 01:28:24.521, 7, 120 MHz, 3996 MHz, 184.62 W, 27
2026/10/08 01:28:24.721, 0, 120 MHz, 3996 MHz, 184.47 W, 32
2026/10/08 01:28:24.721, 1, 120 MHz, 3996 MHz, 186.29 W, 34
2026/10/08 01:28:24.721, 2, 120 MHz, 3996 MHz, 182.17 W, 29
2026/10/08 01:28:24.721, 3, 120 MHz, 3996 MHz, 182.13 W, 29
2026/10/08 01:28:24.721, 4, 120 MHz, 3996 MHz, 184.59 W, 37
2026/10/08 01:28:24.721, 5, 120 MHz, 3996 MHz, 184.59 W, 35
2026/10/08 01:28:24.721, 6, 120 MHz, 3996 MHz, 182.93 W, 28
2026/10/08 01:28:24.721, 7, 120 MHz, 3996 MHz, 184.62 W, 27
2026/10/08 01:28:24.921, 0, 120 MHz, 3996 MHz, 184.47 W, 32
2026/10/08 01:28:24.921, 1, 120 MHz, 3996 MHz, 186.29 W, 34
2026/10/08 01:28:24.921, 2, 120 MHz, 3996 MHz, 182.17 W, 29
2026/10/08 01:28:24.921, 3, 120 MHz, 3996 MHz, 182.14 W, 29
2026/10/08 01:28:24.921, 4, 120 MHz, 3996 MHz, 184.59 W, 37
2026/10/08 01:28:24.921, 5, 120 MHz, 3996 MHz, 184.59 W, 35
2026/10/08 01:28:24.921, 6, 120 MHz, 3996 MHz, 182.96 W, 28
2026/10/08 01:28:24.921, 7, 120 MHz, 3996 MHz, 184.62 W, 27
2026/10/08 01:28:25.121, 0, 120 MHz, 3996 MHz, 184.47 W, 32
2026/10/08 01:28:25.121, 1, 120 MHz, 3996 MHz, 186.29 W, 34
2026/10/08 01:28:25.121, 2, 120 MHz, 3996 MHz, 182.17 W, 29
2026/10/08 01:28:25.121, 3, 120 MHz, 3996 MHz, 182.14 W, 29
2026/10/08 01:28:25.121, 4, 120 MHz, 3996 MHz, 184.59 W, 37
2026/10/08 01:28:25.121, 5, 120 MHz, 3996 MHz, 184.59 W, 35
2026/10/08 01:28:25.121, 6, 120 MHz, 3996 MHz, 183.04 W, 28
2026/10/08 01:28:25.121, 7, 120 MHz, 3996 MHz, 184.60 W, 27
2026/10/08 01:28:25.321, 0, 120 MHz, 3996 MHz, 184.47 W, 32
2026/10/08 01:28:25.321, 1, 120 MHz, 3996 MHz, 186.29 W, 34
2026/10/08 01:28:25.321, 2, 120 MHz, 3996 MHz, 182.17 W, 29
2026/10/08 01:28:25.321, 3, 120 MHz, 3996 MHz, 182.18 W, 29
2026/10/08 01:28:25.321, 4, 120 MHz, 3996 MHz, 184.59 W, 36
2026/10/08 01:28:25.321, 5, 120 MHz, 3996 MHz, 184.59 W, 35
2026/10/08 01:28:25.321, 6, 120 MHz, 3996 MHz, 183.04 W, 28
2026/10/08 01:28:25.321, 7, 120 MHz, 3996 MHz, 184.62 W, 27
2026/10/08 01:28:25.522, 0, 120 MHz, 3996 MHz, 184.47 W, 32
2026/10/08 01:28:25.522, 1, 120 MHz, 3996 MHz, 186.29 W, 34
2026/10/08 01:28:25.522, 2, 120 MHz, 3996 MHz, 182.17 W, 29
2026/10/08 01:28:25.522, 3, 120 MHz, 3996 MHz, 182.15 W, 29
2026/10/08 01:28:25.522, 4, 120 MHz, 3996 MHz, 184.59 W, 36
2026/10/08 01:28:25.522, 5, 120 MHz, 3996 MHz, 184.59 W, 35
2026/10/08 01:28:25.522, 6, 120 MHz, 3996 MHz, 183.00 W, 28
2026/10/08 01:28:25.522, 7, 120 MHz, 3996 MHz, 184.64 W, 27
2026/10/08 01:28:25.722, 0, 120 MHz, 3996 MHz, 184.47 W, 32
2026/10/08 01:28:25.722, 1, 120 MHz, 3996 MHz, 186.29 W, 34
2026/10/08 01:28:25.722, 2, 120 MHz, 3996 MHz, 182.18 W, 29
2026/10/08 01:28:25.722, 3, 120 MHz, 3996 MHz, 182.15 W, 29
2026/10/08 01:28:25.722, 4, 120 MHz, 3996 MHz, 184.59 W, 36
2026/10/08 01:28:25.722, 5, 120 MHz, 3996 MHz, 184.59 W, 35
2026/10/08 01:28:25.722, 6, 120 MHz, 3996 MHz, 183.00 W, 28
2026/10/08 01:28:25.722, 7, 120 MHz, 3996 MHz, 184.64 W, 27
2026/10/08 01:28:25.922, 0, 120 MHz, 3996 MHz, 184.47 W, 32
2026/10/08 01:28:25.922, 1, 120 MHz, 3996 MHz, 186.29 W, 34
2026/10/08 01:28:25.922, 2, 120 MHz, 3996 MHz, 182.18 W, 29
2026/10/08 01:28:25.922, 3, 120 MHz, 3996 MHz, 182.18 W, 29
2026/10/08 01:28:25.922, 4, 120 MHz, 3996 MHz, 184.59 W, 36
2026/10/08 01:28:25.922, 5, 120 MHz, 3996 MHz, 184.59 W, 35
2026/10/08 01:28:25.922, 6, 120 MHz, 3996 MHz, 183.00 W, 28
2026/10/08 01:28:25.922, 7, 120 MHz, 3996 MHz, 184.65 W, 27
2026/10/08 01:28:26.122, 0, 120 MHz, 3996 MHz, 184.47 W, 32
2026/10/08 01:28:26.122, 1, 120 MHz, 3996 MHz, 186.29 W, 34
2026/10/08 01:28:26.122, 2, 120 MHz, 3996 MHz, 182.18 W, 29
2026/10/08 01:28:26.122, 3, 120 MHz, 3996 MHz, 182.18 W, 29
2026/10/08 01:28:26.122, 4, 120 MHz, 3996 MHz, 184.59 W, 36
2026/10/08 01:28:26.122, 5, 120 MHz, 3996 MHz, 184.59 W, 35
2026/10/08 01:28:26.122, 6, 120 MHz, 3996 MHz, 182.96 W, 28
2026/10/08 01:28:26.122, 7, 120 MHz, 3996 MHz, 184.66 W, 28
2026/10/08 01:28:26.322, 0, 120 MHz, 3996 MHz, 184.47 W, 32
2026/10/08 01:28:26.323, 1, 120 MHz, 3996 MHz, 186.29 W, 34
2026/10/08 01:28:26.323, 2, 120 MHz, 3996 MHz, 182.17 W, 29
2026/10/08 01:28:26.323, 3, 120 MHz, 3996 MHz, 182.18 W, 29
2026/10/08 01:28:26.323, 4, 120 MHz, 3996 MHz, 184.59 W, 36
2026/10/08 01:28:26.323, 5, 120 MHz, 3996 MHz, 184.59 W, 35
2026/10/08 01:28:26.323, 6, 120 MHz, 3996 MHz, 182.96 W, 28
2026/10/08 01:28:26.323, 7, 120 MHz, 3996 MHz, 184.66 W, 28
2026/10/08 01:28:26.523, 0, 120 MHz, 3996 MHz, 184.47 W, 32
2026/10/08 01:28:26.523, 1, 120 MHz, 3996 MHz, 186.29 W, 34
2026/10/08 01:28:26.523, 2, 120 MHz, 3996 MHz, 182.13 W, 29
2026/10/08 01:28:26.523, 3, 120 MHz, 3996 MHz, 182.16 W, 29
2026/10/08 01:28:26.523, 4, 120 MHz, 3996 MHz, 184.59 W, 36
2026/10/08 01:28:26.523, 5, 120 MHz, 3996 MHz, 184.59 W, 35
2026/10/08 01:28:26.523, 6, 120 MHz, 3996 MHz, 182.96 W, 28
2026/10/08 01:28:26.523, 7, 120 MHz, 3996 MHz, 184.66 W, 28
2026/10/08 01:28:26.723, 0, 120 MHz, 3996 MHz, 184.47 W, 32
2026/10/08 01:28:26.723, 1, 120 MHz, 3996 MHz, 186.29 W, 34
2026/10/08 01:28:26.723, 2, 120 MHz, 3996 MHz, 182.13 W, 29
2026/10/08 01:28:26.723, 3, 120 MHz, 3996 MHz, 182.20 W, 29
2026/10/08 01:28:26.723, 4, 120 MHz, 3996 MHz, 184.59 W, 36
2026/10/08 01:28:26.723, 5, 120 MHz, 3996 MHz, 184.59 W, 35
2026/10/08 01:28:26.723, 6, 120 MHz, 3996 MHz, 182.96 W, 28
2026/10/08 01:28:26.723, 7, 120 MHz, 3996 MHz, 184.66 W, 28
2026/10/08 01:28:26.923, 0, 120 MHz, 3996 MHz, 184.47 W, 32
2026/10/08 01:28:26.923, 1, 120 MHz, 3996 MHz, 186.29 W, 34
2026/10/08 01:28:26.923, 2, 120 MHz, 3996 MHz, 182.13 W, 29
2026/10/08 01:28:26.923, 3, 120 MHz, 3996 MHz, 182.21 W, 29
2026/10/08 01:28:26.923, 4, 120 MHz, 3996 MHz, 184.59 W, 36
2026/10/08 01:28:26.923, 5, 120 MHz, 3996 MHz, 184.59 W, 35
2026/10/08 01:28:26.923, 6, 120 MHz, 3996 MHz, 183.00 W, 29
2026/10/08 01:28:26.923, 7, 120 MHz, 3996 MHz, 184.65 W, 27
2026/10/08 01:28:27.123, 0, 120 MHz, 3996 MHz, 184.47 W, 32
2026/10/08 01:28:27.123, 1, 120 MHz, 3996 MHz, 186.29 W, 34
2026/10/08 01:28:27.123, 2, 120 MHz, 3996 MHz, 182.13 W, 29
2026/10/08 01:28:27.123, 3, 120 MHz, 3996 MHz, 182.16 W, 29
2026/10/08 01:28:27.123, 4, 120 MHz, 3996 MHz, 184.59 W, 36
2026/10/08 01:28:27.123, 5, 120 MHz, 3996 MHz, 184.59 W, 35
2026/10/08 01:28:27.123, 6, 120 MHz, 3996 MHz, 183.04 W, 28
2026/10/08 01:28:27.123, 7, 120 MHz, 3996 MHz, 184.65 W, 28
2026/10/08 01:28:27.324, 0, 120 MHz, 3996 MHz, 184.47 W, 32
2026/10/08 01:28:27.324, 1, 120 MHz, 3996 MHz, 186.29 W, 34
2026/10/08 01:28:27.324, 2, 120 MHz, 3996 MHz, 182.17 W, 29
2026/10/08 01:28:27.324, 3, 120 MHz, 3996 MHz, 182.16 W, 29
2026/10/08 01:28:27.324, 4, 120 MHz, 3996 MHz, 184.59 W, 36
2026/10/08 01:28:27.324, 5, 120 MHz, 3996 MHz, 184.59 W, 35
2026/10/08 01:28:27.324, 6, 120 MHz, 3996 MHz, 183.00 W, 28
2026/10/08 01:28:27.324, 7, 120 MHz, 3996 MHz, 184.64 W, 28
2026/10/08 01:28:27.524, 0, 120 MHz, 3996 MHz, 184.47 W, 32
2026/10/08 01:28:27.524, 1, 120 MHz, 3996 MHz, 186.29 W, 34
2026/10/08 01:28:27.524, 2, 120 MHz, 3996 MHz, 182.17 W, 29
2026/10/08 01:28:27.524, 3, 120 MHz, 3996 MHz, 182.17 W, 29
2026/10/08 01:28:27.524, 4, 120 MHz, 3996 MHz, 184.59 W, 36
2026/10/08 01:28:27.524, 5, 120 MHz, 3996 MHz, 184.55 W, 35
2026/10/08 01:28:27.524, 6, 120 MHz, 3996 MHz, 183.00 W, 28
2026/10/08 01:28:27.524, 7, 120 MHz, 3996 MHz, 184.63 W, 28
2026/10/08 01:28:27.724, 0, 120 MHz, 3996 MHz, 184.47 W, 32
2026/10/08 01:28:27.724, 1, 120 MHz, 3996 MHz, 186.29 W, 34
2026/10/08 01:28:27.724, 2, 120 MHz, 3996 MHz, 182.17 W, 29
2026/10/08 01:28:27.724, 3, 120 MHz, 3996 MHz, 182.16 W, 29
2026/10/08 01:28:27.724, 4, 120 MHz, 3996 MHz, 184.59 W, 36
2026/10/08 01:28:27.724, 5, 120 MHz, 3996 MHz, 184.55 W, 35
2026/10/08 01:28:27.724, 6, 120 MHz, 3996 MHz, 183.04 W, 28
2026/10/08 01:28:27.724, 7, 120 MHz, 3996 MHz, 184.63 W, 28
2026/10/08 01:28:27.924, 0, 120 MHz, 3996 MHz, 184.47 W, 32
2026/10/08 01:28:27.924, 1, 120 MHz, 3996 MHz, 186.29 W, 34
2026/10/08 01:28:27.924, 2, 120 MHz, 3996 MHz, 182.17 W, 29
2026/10/08 01:28:27.924, 3, 120 MHz, 3996 MHz, 182.08 W, 29
2026/10/08 01:28:27.924, 4, 120 MHz, 3996 MHz, 184.59 W, 36
2026/10/08 01:28:27.924, 5, 120 MHz, 3996 MHz, 184.55 W, 35
2026/10/08 01:28:27.924, 6, 120 MHz, 3996 MHz, 183.00 W, 28
2026/10/08 01:28:27.924, 7, 120 MHz, 3996 MHz, 184.63 W, 28
2026/10/08 01:28:28.124, 0, 120 MHz, 3996 MHz, 184.47 W, 32
2026/10/08 01:28:28.125, 1, 120 MHz, 3996 MHz, 186.29 W, 34
2026/10/08 01:28:28.125, 2, 120 MHz, 3996 MHz, 182.17 W, 29
2026/10/08 01:28:28.125, 3, 120 MHz, 3996 MHz, 182.12 W, 29
2026/10/08 01:28:28.125, 4, 120 MHz, 3996 MHz, 184.59 W, 36
2026/10/08 01:28:28.125, 5, 120 MHz, 3996 MHz, 184.55 W, 35
2026/10/08 01:28:28.125, 6, 120 MHz, 3996 MHz, 183.04 W, 28
2026/10/08 01:28:28.125, 7, 120 MHz, 3996 MHz, 184.63 W, 28
2026/10/08 01:28:28.325, 0, 120 MHz, 3996 MHz, 184.47 W, 32
2026/10/08 01:28:28.325, 1, 120 MHz, 3996 MHz, 186.29 W, 34
2026/10/08 01:28:28.325, 2, 120 MHz, 3996 MHz, 182.13 W, 29
2026/10/08 01:28:28.325, 3, 120 MHz, 3996 MHz, 182.12 W, 29
2026/10/08 01:28:28.325, 4, 120 MHz, 3996 MHz, 184.59 W, 36
2026/10/08 01:28:28.325, 5, 120 MHz, 3996 MHz, 184.51 W, 35
2026/10/08 01:28:28.325, 6, 120 MHz, 3996 MHz, 183.04 W, 29
2026/10/08 01:28:28.325, 7, 120 MHz, 3996 MHz, 184.62 W, 28
2026/10/08 01:28:28.525, 0, 120 MHz, 3996 MHz, 184.47 W, 32
2026/10/08 01:28:28.525, 1, 120 MHz, 3996 MHz, 186.29 W, 34
2026/10/08 01:28:28.525, 2, 120 MHz, 3996 MHz, 182.17 W, 29
2026/10/08 01:28:28.525, 3, 120 MHz, 3996 MHz, 182.12 W, 29
2026/10/08 01:28:28.525, 4, 120 MHz, 3996 MHz, 184.59 W, 36
2026/10/08 01:28:28.525, 5, 120 MHz, 3996 MHz, 184.55 W, 35
2026/10/08 01:28:28.525, 6, 120 MHz, 3996 MHz, 183.04 W, 29
2026/10/08 01:28:28.525, 7, 120 MHz, 3996 MHz, 184.62 W, 28
2026/10/08 01:28:28.725, 0, 120 MHz, 3996 MHz, 184.47 W, 32
2026/10/08 01:28:28.725, 1, 120 MHz, 3996 MHz, 186.29 W, 34
2026/10/08 01:28:28.725, 2, 120 MHz, 3996 MHz, 182.17 W, 29
2026/10/08 01:28:28.725, 3, 120 MHz, 3996 MHz, 182.12 W, 29
2026/10/08 01:28:28.725, 4, 120 MHz, 3996 MHz, 184.59 W, 36
2026/10/08 01:28:28.725, 5, 120 MHz, 3996 MHz, 184.55 W, 35
2026/10/08 01:28:28.725, 6, 120 MHz, 3996 MHz, 183.00 W, 29
2026/10/08 01:28:28.725, 7, 120 MHz, 3996 MHz, 184.62 W, 28
2026/10/08 01:28:28.925, 0, 120 MHz, 3996 MHz, 184.47 W, 32
2026/10/08 01:28:28.925, 1, 120 MHz, 3996 MHz, 186.29 W, 34
2026/10/08 01:28:28.925, 2, 120 MHz, 3996 MHz, 182.18 W, 29
2026/10/08 01:28:28.925, 3, 120 MHz, 3996 MHz, 182.20 W, 29
2026/10/08 01:28:28.925, 4, 120 MHz, 3996 MHz, 184.59 W, 36
2026/10/08 01:28:28.925, 5, 120 MHz, 3996 MHz, 184.44 W, 35
2026/10/08 01:28:28.925, 6, 120 MHz, 3996 MHz, 183.00 W, 29
2026/10/08 01:28:28.925, 7, 120 MHz, 3996 MHz, 184.63 W, 28
2026/10/08 01:28:29.125, 0, 120 MHz, 3996 MHz, 184.47 W, 32
2026/10/08 01:28:29.126, 1, 120 MHz, 3996 MHz, 186.29 W, 34
2026/10/08 01:28:29.126, 2, 120 MHz, 3996 MHz, 182.18 W, 29
2026/10/08 01:28:29.126, 3, 120 MHz, 3996 MHz, 182.17 W, 29
2026/10/08 01:28:29.126, 4, 120 MHz, 3996 MHz, 184.59 W, 36
2026/10/08 01:28:29.126, 5, 120 MHz, 3996 MHz, 184.44 W, 34
2026/10/08 01:28:29.126, 6, 120 MHz, 3996 MHz, 182.96 W, 29
2026/10/08 01:28:29.126, 7, 120 MHz, 3996 MHz, 184.62 W, 28
2026/10/08 01:28:29.326, 0, 120 MHz, 3996 MHz, 184.47 W, 32
2026/10/08 01:28:29.326, 1, 120 MHz, 3996 MHz, 186.29 W, 34
2026/10/08 01:28:29.326, 2, 120 MHz, 3996 MHz, 182.18 W, 29
2026/10/08 01:28:29.326, 3, 120 MHz, 3996 MHz, 182.17 W, 29
2026/10/08 01:28:29.326, 4, 120 MHz, 3996 MHz, 184.59 W, 36
2026/10/08 01:28:29.326, 5, 120 MHz, 3996 MHz, 184.44 W, 34
2026/10/08 01:28:29.326, 6, 120 MHz, 3996 MHz, 182.96 W, 29
2026/10/08 01:28:29.326, 7, 120 MHz, 3996 MHz, 184.63 W, 28
2026/10/08 01:28:29.526, 0, 120 MHz, 3996 MHz, 184.47 W, 32
2026/10/08 01:28:29.526, 1, 120 MHz, 3996 MHz, 186.29 W, 34
2026/10/08 01:28:29.526, 2, 120 MHz, 3996 MHz, 182.21 W, 29
2026/10/08 01:28:29.526, 3, 120 MHz, 3996 MHz, 182.16 W, 29
2026/10/08 01:28:29.526, 4, 120 MHz, 3996 MHz, 184.59 W, 36
2026/10/08 01:28:29.526, 5, 120 MHz, 3996 MHz, 184.44 W, 34
2026/10/08 01:28:29.526, 6, 120 MHz, 3996 MHz, 183.00 W, 29
2026/10/08 01:28:29.526, 7, 120 MHz, 3996 MHz, 184.64 W, 28
2026/10/08 01:28:29.726, 0, 120 MHz, 3996 MHz, 184.47 W, 32
2026/10/08 01:28:29.726, 1, 120 MHz, 3996 MHz, 186.29 W, 34
2026/10/08 01:28:29.726, 2, 120 MHz, 3996 MHz, 182.18 W, 29
2026/10/08 01:28:29.726, 3, 120 MHz, 3996 MHz, 182.13 W, 29
2026/10/08 01:28:29.726, 4, 120 MHz, 3996 MHz, 184.59 W, 36
2026/10/08 01:28:29.726, 5, 120 MHz, 3996 MHz, 184.39 W, 34
2026/10/08 01:28:29.726, 6, 120 MHz, 3996 MHz, 183.04 W, 29
2026/10/08 01:28:29.726, 7, 120 MHz, 3996 MHz, 184.64 W, 28
2026/10/08 01:28:29.926, 0, 120 MHz, 3996 MHz, 184.47 W, 32
2026/10/08 01:28:29.926, 1, 120 MHz, 3996 MHz, 186.29 W, 34
2026/10/08 01:28:29.926, 2, 120 MHz, 3996 MHz, 182.18 W, 29
2026/10/08 01:28:29.926, 3, 120 MHz, 3996 MHz, 182.13 W, 29
2026/10/08 01:28:29.926, 4, 120 MHz, 3996 MHz, 184.59 W, 36
2026/10/08 01:28:29.926, 5, 120 MHz, 3996 MHz, 184.40 W, 34
2026/10/08 01:28:29.926, 6, 120 MHz, 3996 MHz, 183.00 W, 29
2026/10/08 01:28:29.926, 7, 120 MHz, 3996 MHz, 184.64 W, 28
2026/10/08 01:28:30.127, 0, 120 MHz, 3996 MHz, 184.47 W, 32
2026/10/08 01:28:30.127, 1, 120 MHz, 3996 MHz, 186.29 W, 34
2026/10/08 01:28:30.127, 2, 120 MHz, 3996 MHz, 182.17 W, 29
2026/10/08 01:28:30.127, 3, 120 MHz, 3996 MHz, 182.16 W, 29
2026/10/08 01:28:30.127, 4, 120 MHz, 3996 MHz, 184.59 W, 36
2026/10/08 01:28:30.127, 5, 120 MHz, 3996 MHz, 184.43 W, 34
2026/10/08 01:28:30.127, 6, 120 MHz, 3996 MHz, 183.04 W, 29
2026/10/08 01:28:30.127, 7, 120 MHz, 3996 MHz, 184.64 W, 28
2026/10/08 01:28:30.327, 0, 120 MHz, 3996 MHz, 184.47 W, 32
2026/10/08 01:28:30.327, 1, 120 MHz, 3996 MHz, 186.29 W, 34
2026/10/08 01:28:30.327, 2, 120 MHz, 3996 MHz, 182.21 W, 29
2026/10/08 01:28:30.327, 3, 120 MHz, 3996 MHz, 182.16 W, 29
2026/10/08 01:28:30.327, 4, 120 MHz, 3996 MHz, 184.59 W, 36
2026/10/08 01:28:30.327, 5, 120 MHz, 3996 MHz, 184.44 W, 34
2026/10/08 01:28:30.327, 6, 120 MHz, 3996 MHz, 183.08 W, 29
2026/10/08 01:28:30.327, 7, 120 MHz, 3996 MHz, 184.64 W, 28
2026/10/08 01:28:30.527, 0, 120 MHz, 3996 MHz, 184.47 W, 32
2026/10/08 01:28:30.527, 1, 120 MHz, 3996 MHz, 186.29 W, 34
2026/10/08 01:28:30.527, 2, 120 MHz, 3996 MHz, 182.17 W, 29
2026/10/08 01:28:30.527, 3, 120 MHz, 3996 MHz, 182.12 W, 29
2026/10/08 01:28:30.527, 4, 120 MHz, 3996 MHz, 184.59 W, 36
2026/10/08 01:28:30.527, 5, 120 MHz, 3996 MHz, 184.47 W, 34
2026/10/08 01:28:30.527, 6, 120 MHz, 3996 MHz, 183.15 W, 29
2026/10/08 01:28:30.527, 7, 120 MHz, 3996 MHz, 184.63 W, 28
2026/10/08 01:28:30.727, 0, 120 MHz, 3996 MHz, 184.47 W, 32
2026/10/08 01:28:30.727, 1, 120 MHz, 3996 MHz, 186.29 W, 34
2026/10/08 01:28:30.727, 2, 120 MHz, 3996 MHz, 182.25 W, 29
2026/10/08 01:28:30.727, 3, 120 MHz, 3996 MHz, 182.16 W, 29
2026/10/08 01:28:30.727, 4, 120 MHz, 3996 MHz, 184.59 W, 36
2026/10/08 01:28:30.727, 5, 120 MHz, 3996 MHz, 184.43 W, 34
2026/10/08 01:28:30.727, 6, 120 MHz, 3996 MHz, 183.16 W, 29
2026/10/08 01:28:30.727, 7, 120 MHz, 3996 MHz, 184.63 W, 28
2026/10/08 01:28:30.927, 0, 120 MHz, 3996 MHz, 184.47 W, 32
2026/10/08 01:28:30.927, 1, 120 MHz, 3996 MHz, 186.29 W, 34
2026/10/08 01:28:30.927, 2, 120 MHz, 3996 MHz, 182.29 W, 29
2026/10/08 01:28:30.927, 3, 120 MHz, 3996 MHz, 182.12 W, 29
2026/10/08 01:28:30.927, 4, 120 MHz, 3996 MHz, 184.59 W, 36
2026/10/08 01:28:30.927, 5, 120 MHz, 3996 MHz, 184.51 W, 34
2026/10/08 01:28:30.927, 6, 120 MHz, 3996 MHz, 183.30 W, 29
2026/10/08 01:28:30.927, 7, 120 MHz, 3996 MHz, 184.64 W, 28
2026/10/08 01:28:31.128, 0, 120 MHz, 3996 MHz, 184.47 W, 32
2026/10/08 01:28:31.128, 1, 120 MHz, 3996 MHz, 186.29 W, 34
2026/10/08 01:28:31.128, 2, 120 MHz, 3996 MHz, 182.29 W, 29
2026/10/08 01:28:31.128, 3, 120 MHz, 3996 MHz, 182.13 W, 29
2026/10/08 01:28:31.128, 4, 120 MHz, 3996 MHz, 184.59 W, 36
2026/10/08 01:28:31.128, 5, 120 MHz, 3996 MHz, 184.44 W, 34
2026/10/08 01:28:31.128, 6, 120 MHz, 3996 MHz, 183.30 W, 29
2026/10/08 01:28:31.128, 7, 120 MHz, 3996 MHz, 184.65 W, 28
2026/10/08 01:28:31.328, 0, 120 MHz, 3996 MHz, 184.47 W, 32
2026/10/08 01:28:31.328, 1, 120 MHz, 3996 MHz, 186.29 W, 34
2026/10/08 01:28:31.328, 2, 120 MHz, 3996 MHz, 182.25 W, 29
2026/10/08 01:28:31.328, 3, 120 MHz, 3996 MHz, 182.14 W, 29
2026/10/08 01:28:31.328, 4, 120 MHz, 3996 MHz, 184.59 W, 36
2026/10/08 01:28:31.328, 5, 120 MHz, 3996 MHz, 184.40 W, 34
2026/10/08 01:28:31.328, 6, 120 MHz, 3996 MHz, 183.24 W, 29
2026/10/08 01:28:31.328, 7, 120 MHz, 3996 MHz, 184.64 W, 28
2026/10/08 01:28:31.528, 0, 120 MHz, 3996 MHz, 184.47 W, 32
2026/10/08 01:28:31.528, 1, 120 MHz, 3996 MHz, 186.29 W, 34
2026/10/08 01:28:31.528, 2, 120 MHz, 3996 MHz, 182.25 W, 29
2026/10/08 01:28:31.528, 3, 120 MHz, 3996 MHz, 182.17 W, 29
2026/10/08 01:28:31.528, 4, 120 MHz, 3996 MHz, 184.59 W, 36
2026/10/08 01:28:31.528, 5, 120 MHz, 3996 MHz, 184.32 W, 34
2026/10/08 01:28:31.528, 6, 120 MHz, 3996 MHz, 183.35 W, 29
2026/10/08 01:28:31.528, 7, 120 MHz, 3996 MHz, 184.66 W, 28
2026/10/08 01:28:31.728, 0, 120 MHz, 3996 MHz, 184.47 W, 32
2026/10/08 01:28:31.728, 1, 120 MHz, 3996 MHz, 186.29 W, 34
2026/10/08 01:28:31.728, 2, 120 MHz, 3996 MHz, 182.17 W, 29
2026/10/08 01:28:31.728, 3, 120 MHz, 3996 MHz, 182.10 W, 29
2026/10/08 01:28:31.728, 4, 120 MHz, 3996 MHz, 184.59 W, 36
2026/10/08 01:28:31.728, 5, 120 MHz, 3996 MHz, 184.40 W, 34
2026/10/08 01:28:31.728, 6, 120 MHz, 3996 MHz, 183.35 W, 29
2026/10/08 01:28:31.728, 7, 120 MHz, 3996 MHz, 184.66 W, 28
2026/10/08 01:28:31.928, 0, 120 MHz, 3996 MHz, 184.47 W, 32
2026/10/08 01:28:31.928, 1, 120 MHz, 3996 MHz, 186.29 W, 34
2026/10/08 01:28:31.928, 2, 120 MHz, 3996 MHz, 182.17 W, 29
2026/10/08 01:28:31.928, 3, 120 MHz, 3996 MHz, 182.13 W, 29
2026/10/08 01:28:31.929, 4, 120 MHz, 3996 MHz, 184.59 W, 36
2026/10/08 01:28:31.929, 5, 120 MHz, 3996 MHz, 184.36 W, 34
2026/10/08 01:28:31.929, 6, 120 MHz, 3996 MHz, 183.24 W, 29
2026/10/08 01:28:31.929, 7, 120 MHz, 3996 MHz, 184.66 W, 28
2026/10/08 01:28:32.129, 0, 120 MHz, 3996 MHz, 184.47 W, 32
2026/10/08 01:28:32.129, 1, 120 MHz, 3996 MHz, 186.29 W, 34
2026/10/08 01:28:32.129, 2, 120 MHz, 3996 MHz, 182.21 W, 29
2026/10/08 01:28:32.129, 3, 120 MHz, 3996 MHz, 182.13 W, 29
2026/10/08 01:28:32.129, 4, 120 MHz, 3996 MHz, 184.59 W, 36
2026/10/08 01:28:32.129, 5, 120 MHz, 3996 MHz, 184.40 W, 34
2026/10/08 01:28:32.129, 6, 120 MHz, 3996 MHz, 183.30 W, 29
2026/10/08 01:28:32.129, 7, 120 MHz, 3996 MHz, 184.65 W, 28
2026/10/08 01:28:32.329, 0, 120 MHz, 3996 MHz, 184.47 W, 32
2026/10/08 01:28:32.329, 1, 120 MHz, 3996 MHz, 186.29 W, 34
2026/10/08 01:28:32.329, 2, 120 MHz, 3996 MHz, 182.25 W, 29
2026/10/08 01:28:32.329, 3, 120 MHz, 3996 MHz, 182.11 W, 29
2026/10/08 01:28:32.329, 4, 120 MHz, 3996 MHz, 184.59 W, 36
2026/10/08 01:28:32.329, 5, 120 MHz, 3996 MHz, 184.44 W, 34
2026/10/08 01:28:32.329, 6, 120 MHz, 3996 MHz, 183.38 W, 29
2026/10/08 01:28:32.329, 7, 120 MHz, 3996 MHz, 184.67 W, 28
2026/10/08 01:28:32.529, 0, 120 MHz, 3996 MHz, 184.47 W, 32
2026/10/08 01:28:32.529, 1, 120 MHz, 3996 MHz, 186.29 W, 34
2026/10/08 01:28:32.529, 2, 120 MHz, 3996 MHz, 182.25 W, 29
2026/10/08 01:28:32.529, 3, 120 MHz, 3996 MHz, 182.11 W, 29
2026/10/08 01:28:32.529, 4, 120 MHz, 3996 MHz, 184.59 W, 36
2026/10/08 01:28:32.529, 5, 120 MHz, 3996 MHz, 184.40 W, 34
2026/10/08 01:28:32.529, 6, 120 MHz, 3996 MHz, 183.23 W, 29
2026/10/08 01:28:32.529, 7, 120 MHz, 3996 MHz, 184.67 W, 28
2026/10/08 01:28:32.729, 0, 120 MHz, 3996 MHz, 184.47 W, 32
2026/10/08 01:28:32.729, 1, 120 MHz, 3996 MHz, 186.29 W, 34
2026/10/08 01:28:32.729, 2, 120 MHz, 3996 MHz, 182.25 W, 29
2026/10/08 01:28:32.729, 3, 120 MHz, 3996 MHz, 182.18 W, 29
2026/10/08 01:28:32.729, 4, 120 MHz, 3996 MHz, 184.59 W, 36
2026/10/08 01:28:32.729, 5, 120 MHz, 3996 MHz, 184.36 W, 34
2026/10/08 01:28:32.729, 6, 120 MHz, 3996 MHz, 183.15 W, 29
2026/10/08 01:28:32.729, 7, 120 MHz, 3996 MHz, 184.66 W, 28
2026/10/08 01:28:32.930, 0, 120 MHz, 3996 MHz, 184.47 W, 32
2026/10/08 01:28:32.930, 1, 120 MHz, 3996 MHz, 186.29 W, 34
2026/10/08 01:28:32.930, 2, 120 MHz, 3996 MHz, 182.21 W, 29
2026/10/08 01:28:32.930, 3, 120 MHz, 3996 MHz, 182.18 W, 29
2026/10/08 01:28:32.930, 4, 120 MHz, 3996 MHz, 184.59 W, 36
2026/10/08 01:28:32.930, 5, 120 MHz, 3996 MHz, 184.36 W, 34
2026/10/08 01:28:32.930, 6, 120 MHz, 3996 MHz, 183.15 W, 29
2026/10/08 01:28:32.930, 7, 120 MHz, 3996 MHz, 184.66 W, 28
2026/10/08 01:28:33.130, 0, 120 MHz, 3996 MHz, 184.47 W, 32
2026/10/08 01:28:33.130, 1, 120 MHz, 3996 MHz, 186.29 W, 34
2026/10/08 01:28:33.130, 2, 120 MHz, 3996 MHz, 182.21 W, 29
2026/10/08 01:28:33.130, 3, 120 MHz, 3996 MHz, 182.18 W, 29
2026/10/08 01:28:33.130, 4, 120 MHz, 3996 MHz, 184.59 W, 36
2026/10/08 01:28:33.130, 5, 120 MHz, 3996 MHz, 184.32 W, 34
2026/10/08 01:28:33.130, 6, 120 MHz, 3996 MHz, 183.23 W, 29
2026/10/08 01:28:33.130, 7, 120 MHz, 3996 MHz, 184.66 W, 28
2026/10/08 01:28:33.330, 0, 120 MHz, 3996 MHz, 184.47 W, 32
2026/10/08 01:28:33.330, 1, 120 MHz, 3996 MHz, 186.29 W, 35
2026/10/08 01:28:33.330, 2, 120 MHz, 3996 MHz, 182.17 W, 29
2026/10/08 01:28:33.330, 3, 120 MHz, 3996 MHz, 182.19 W, 29
2026/10/08 01:28:33.330, 4, 120 MHz, 3996 MHz, 184.59 W, 36
2026/10/08 01:28:33.330, 5, 120 MHz, 3996 MHz, 184.24 W, 34
2026/10/08 01:28:33.330, 6, 120 MHz, 3996 MHz, 183.20 W, 29
2026/10/08 01:28:33.330, 7, 120 MHz, 3996 MHz, 184.65 W, 28
2026/10/08 01:28:33.530, 0, 120 MHz, 3996 MHz, 184.47 W, 32
2026/10/08 01:28:33.530, 1, 120 MHz, 3996 MHz, 186.29 W, 34
2026/10/08 01:28:33.530, 2, 120 MHz, 3996 MHz, 182.25 W, 29
2026/10/08 01:28:33.530, 3, 120 MHz, 3996 MHz, 182.19 W, 29
2026/10/08 01:28:33.530, 4, 120 MHz, 3996 MHz, 184.59 W, 36
2026/10/08 01:28:33.530, 5, 120 MHz, 3996 MHz, 184.36 W, 34
2026/10/08 01:28:33.530, 6, 120 MHz, 3996 MHz, 183.12 W, 29
2026/10/08 01:28:33.530, 7, 120 MHz, 3996 MHz, 184.65 W, 28
2026/10/08 01:28:33.730, 0, 120 MHz, 3996 MHz, 184.47 W, 32
2026/10/08 01:28:33.730, 1, 120 MHz, 3996 MHz, 186.29 W, 34
2026/10/08 01:28:33.730, 2, 120 MHz, 3996 MHz, 182.25 W, 29
2026/10/08 01:28:33.730, 3, 120 MHz, 3996 MHz, 182.19 W, 29
2026/10/08 01:28:33.730, 4, 120 MHz, 3996 MHz, 184.59 W, 36
2026/10/08 01:28:33.730, 5, 120 MHz, 3996 MHz, 184.35 W, 34
2026/10/08 01:28:33.730, 6, 120 MHz, 3996 MHz, 183.15 W, 29
2026/10/08 01:28:33.731, 7, 120 MHz, 3996 MHz, 184.64 W, 28
2026/10/08 01:28:33.931, 0, 120 MHz, 3996 MHz, 184.47 W, 32
2026/10/08 01:28:33.931, 1, 120 MHz, 3996 MHz, 186.29 W, 34
2026/10/08 01:28:33.931, 2, 120 MHz, 3996 MHz, 182.29 W, 29
2026/10/08 01:28:33.931, 3, 120 MHz, 3996 MHz, 182.19 W, 29
2026/10/08 01:28:33.931, 4, 120 MHz, 3996 MHz, 184.59 W, 36
2026/10/08 01:28:33.931, 5, 120 MHz, 3996 MHz, 184.39 W, 34
2026/10/08 01:28:33.931, 6, 120 MHz, 3996 MHz, 183.24 W, 29
2026/10/08 01:28:33.931, 7, 120 MHz, 3996 MHz, 184.63 W, 28
2026/10/08 01:28:34.131, 0, 120 MHz, 3996 MHz, 184.47 W, 32
2026/10/08 01:28:34.131, 1, 120 MHz, 3996 MHz, 186.29 W, 34
2026/10/08 01:28:34.131, 2, 120 MHz, 3996 MHz, 182.29 W, 29
2026/10/08 01:28:34.131, 3, 120 MHz, 3996 MHz, 182.19 W, 29
2026/10/08 01:28:34.131, 4, 120 MHz, 3996 MHz, 184.59 W, 36
2026/10/08 01:28:34.131, 5, 120 MHz, 3996 MHz, 184.40 W, 34
2026/10/08 01:28:34.131, 6, 120 MHz, 3996 MHz, 183.20 W, 29
2026/10/08 01:28:34.131, 7, 120 MHz, 3996 MHz, 184.62 W, 28
2026/10/08 01:28:34.331, 0, 120 MHz, 3996 MHz, 184.47 W, 32
2026/10/08 01:28:34.331, 1, 120 MHz, 3996 MHz, 186.29 W, 35
2026/10/08 01:28:34.331, 2, 120 MHz, 3996 MHz, 182.29 W, 29
2026/10/08 01:28:34.331, 3, 120 MHz, 3996 MHz, 182.20 W, 29
2026/10/08 01:28:34.331, 4, 120 MHz, 3996 MHz, 184.59 W, 36
2026/10/08 01:28:34.331, 5, 120 MHz, 3996 MHz, 184.43 W, 34
2026/10/08 01:28:34.331, 6, 120 MHz, 3996 MHz, 183.27 W, 29
2026/10/08 01:28:34.331, 7, 120 MHz, 3996 MHz, 184.62 W, 28
2026/10/08 01:28:34.531, 0, 120 MHz, 3996 MHz, 184.47 W, 32
2026/10/08 01:28:34.531, 1, 120 MHz, 3996 MHz, 186.29 W, 35
2026/10/08 01:28:34.531, 2, 120 MHz, 3996 MHz, 182.25 W, 29
2026/10/08 01:28:34.531, 3, 120 MHz, 3996 MHz, 182.20 W, 29
2026/10/08 01:28:34.531, 4, 120 MHz, 3996 MHz, 184.59 W, 36
2026/10/08 01:28:34.531, 5, 120 MHz, 3996 MHz, 184.40 W, 34
2026/10/08 01:28:34.531, 6, 120 MHz, 3996 MHz, 183.35 W, 29
2026/10/08 01:28:34.531, 7, 120 MHz, 3996 MHz, 184.62 W, 28
2026/10/08 01:28:34.732, 0, 120 MHz, 3996 MHz, 184.47 W, 32
2026/10/08 01:28:34.732, 1, 120 MHz, 3996 MHz, 186.29 W, 35
2026/10/08 01:28:34.732, 2, 120 MHz, 3996 MHz, 182.33 W, 29
2026/10/08 01:28:34.732, 3, 120 MHz, 3996 MHz, 182.21 W, 29
2026/10/08 01:28:34.732, 4, 120 MHz, 3996 MHz, 184.59 W, 36
2026/10/08 01:28:34.732, 5, 120 MHz, 3996 MHz, 184.39 W, 34
2026/10/08 01:28:34.732, 6, 120 MHz, 3996 MHz, 183.35 W, 29
2026/10/08 01:28:34.732, 7, 120 MHz, 3996 MHz, 184.62 W, 28
2026/10/08 01:28:34.932, 0, 120 MHz, 3996 MHz, 184.47 W, 32
2026/10/08 01:28:34.932, 1, 120 MHz, 3996 MHz, 186.29 W, 35
2026/10/08 01:28:34.932, 2, 120 MHz, 3996 MHz, 182.36 W, 29
2026/10/08 01:28:34.932, 3, 120 MHz, 3996 MHz, 182.21 W, 29
2026/10/08 01:28:34.932, 4, 120 MHz, 3996 MHz, 184.59 W, 36
2026/10/08 01:28:34.932, 5, 120 MHz, 3996 MHz, 184.35 W, 34
2026/10/08 01:28:34.932, 6, 120 MHz, 3996 MHz, 183.31 W, 29
2026/10/08 01:28:34.932, 7, 120 MHz, 3996 MHz, 184.62 W, 28
2026/10/08 01:28:35.132, 0, 120 MHz, 3996 MHz, 184.47 W, 32
2026/10/08 01:28:35.132, 1, 120 MHz, 3996 MHz, 186.29 W, 35
2026/10/08 01:28:35.132, 2, 120 MHz, 3996 MHz, 182.40 W, 29
2026/10/08 01:28:35.132, 3, 120 MHz, 3996 MHz, 182.21 W, 29
2026/10/08 01:28:35.132, 4, 120 MHz, 3996 MHz, 184.59 W, 36
2026/10/08 01:28:35.132, 5, 120 MHz, 3996 MHz, 184.28 W, 34
2026/10/08 01:28:35.132, 6, 120 MHz, 3996 MHz, 183.31 W, 29
2026/10/08 01:28:35.132, 7, 120 MHz, 3996 MHz, 184.61 W, 28
2026/10/08 01:28:35.332, 0, 120 MHz, 3996 MHz, 184.47 W, 32
2026/10/08 01:28:35.332, 1, 120 MHz, 3996 MHz, 186.29 W, 35
2026/10/08 01:28:35.332, 2, 120 MHz, 3996 MHz, 182.40 W, 29
2026/10/08 01:28:35.332, 3, 120 MHz, 3996 MHz, 182.19 W, 29
2026/10/08 01:28:35.332, 4, 120 MHz, 3996 MHz, 184.59 W, 36
2026/10/08 01:28:35.332, 5, 120 MHz, 3996 MHz, 184.24 W, 34
2026/10/08 01:28:35.332, 6, 120 MHz, 3996 MHz, 183.27 W, 29
2026/10/08 01:28:35.332, 7, 120 MHz, 3996 MHz, 184.62 W, 28
2026/10/08 01:28:35.532, 0, 120 MHz, 3996 MHz, 184.47 W, 32
2026/10/08 01:28:35.532, 1, 120 MHz, 3996 MHz, 186.29 W, 35
2026/10/08 01:28:35.532, 2, 120 MHz, 3996 MHz, 182.40 W, 29
2026/10/08 01:28:35.532, 3, 120 MHz, 3996 MHz, 182.18 W, 29
2026/10/08 01:28:35.532, 4, 120 MHz, 3996 MHz, 184.59 W, 36
2026/10/08 01:28:35.532, 5, 120 MHz, 3996 MHz, 184.27 W, 34
2026/10/08 01:28:35.532, 6, 120 MHz, 3996 MHz, 183.15 W, 29
2026/10/08 01:28:35.532, 7, 120 MHz, 3996 MHz, 184.62 W, 28
2026/10/08 01:28:35.733, 0, 120 MHz, 3996 MHz, 184.47 W, 32
2026/10/08 01:28:35.733, 1, 120 MHz, 3996 MHz, 186.29 W, 35
2026/10/08 01:28:35.733, 2, 120 MHz, 3996 MHz, 182.48 W, 29
2026/10/08 01:28:35.733, 3, 120 MHz, 3996 MHz, 182.16 W, 29
2026/10/08 01:28:35.733, 4, 120 MHz, 3996 MHz, 184.59 W, 36
2026/10/08 01:28:35.733, 5, 120 MHz, 3996 MHz, 184.24 W, 34
2026/10/08 01:28:35.733, 6, 120 MHz, 3996 MHz, 183.27 W, 29
2026/10/08 01:28:35.733, 7, 120 MHz, 3996 MHz, 184.62 W, 28
2026/10/08 01:28:35.933, 0, 120 MHz, 3996 MHz, 184.47 W, 32
2026/10/08 01:28:35.933, 1, 120 MHz, 3996 MHz, 186.29 W, 35
2026/10/08 01:28:35.933, 2, 120 MHz, 3996 MHz, 182.44 W, 29
2026/10/08 01:28:35.933, 3, 120 MHz, 3996 MHz, 182.16 W, 29
2026/10/08 01:28:35.933, 4, 120 MHz, 3996 MHz, 184.59 W, 36
2026/10/08 01:28:35.933, 5, 120 MHz, 3996 MHz, 184.28 W, 34
2026/10/08 01:28:35.933, 6, 120 MHz, 3996 MHz, 183.35 W, 29
2026/10/08 01:28:35.933, 7, 120 MHz, 3996 MHz, 184.62 W, 28
2026/10/08 01:28:36.133, 0, 120 MHz, 3996 MHz, 184.47 W, 32
2026/10/08 01:28:36.133, 1, 120 MHz, 3996 MHz, 186.29 W, 35
2026/10/08 01:28:36.133, 2, 120 MHz, 3996 MHz, 182.64 W, 29
2026/10/08 01:28:36.133, 3, 120 MHz, 3996 MHz, 182.16 W, 29
2026/10/08 01:28:36.133, 4, 120 MHz, 3996 MHz, 184.59 W, 36
2026/10/08 01:28:36.133, 5, 120 MHz, 3996 MHz, 184.40 W, 34
2026/10/08 01:28:36.133, 6, 120 MHz, 3996 MHz, 183.39 W, 29
2026/10/08 01:28:36.133, 7, 120 MHz, 3996 MHz, 184.62 W, 28
2026/10/08 01:28:36.333, 0, 120 MHz, 3996 MHz, 184.47 W, 32
2026/10/08 01:28:36.333, 1, 120 MHz, 3996 MHz, 186.29 W, 35
2026/10/08 01:28:36.333, 2, 120 MHz, 3996 MHz, 182.68 W, 29
2026/10/08 01:28:36.333, 3, 120 MHz, 3996 MHz, 182.16 W, 29
2026/10/08 01:28:36.333, 4, 120 MHz, 3996 MHz, 184.59 W, 36
2026/10/08 01:28:36.333, 5, 120 MHz, 3996 MHz, 184.40 W, 34
2026/10/08 01:28:36.333, 6, 120 MHz, 3996 MHz, 183.55 W, 29
2026/10/08 01:28:36.333, 7, 120 MHz, 3996 MHz, 184.62 W, 28
2026/10/08 01:28:36.533, 0, 120 MHz, 3996 MHz, 184.47 W, 32
2026/10/08 01:28:36.533, 1, 120 MHz, 3996 MHz, 186.29 W, 35
2026/10/08 01:28:36.533, 2, 120 MHz, 3996 MHz, 182.68 W, 29
2026/10/08 01:28:36.533, 3, 120 MHz, 3996 MHz, 182.18 W, 29
2026/10/08 01:28:36.533, 4, 120 MHz, 3996 MHz, 184.59 W, 36
2026/10/08 01:28:36.533, 5, 120 MHz, 3996 MHz, 184.36 W, 34
2026/10/08 01:28:36.533, 6, 120 MHz, 3996 MHz, 183.66 W, 29
2026/10/08 01:28:36.533, 7, 120 MHz, 3996 MHz, 184.61 W, 28
2026/10/08 01:28:36.734, 0, 120 MHz, 3996 MHz, 184.47 W, 32
2026/10/08 01:28:36.734, 1, 120 MHz, 3996 MHz, 186.29 W, 35
2026/10/08 01:28:36.734, 2, 120 MHz, 3996 MHz, 182.60 W, 29
2026/10/08 01:28:36.734, 3, 120 MHz, 3996 MHz, 182.19 W, 29
2026/10/08 01:28:36.734, 4, 120 MHz, 3996 MHz, 184.59 W, 36
2026/10/08 01:28:36.734, 5, 120 MHz, 3996 MHz, 184.24 W, 34
2026/10/08 01:28:36.734, 6, 120 MHz, 3996 MHz, 183.66 W, 29
2026/10/08 01:28:36.734, 7, 120 MHz, 3996 MHz, 184.60 W, 28
2026/10/08 01:28:36.934, 0, 120 MHz, 3996 MHz, 184.47 W, 32
2026/10/08 01:28:36.934, 1, 120 MHz, 3996 MHz, 186.29 W, 35
2026/10/08 01:28:36.934, 2, 120 MHz, 3996 MHz, 182.64 W, 29
2026/10/08 01:28:36.934, 3, 120 MHz, 3996 MHz, 182.20 W, 29
2026/10/08 01:28:36.934, 4, 120 MHz, 3996 MHz, 184.59 W, 36
2026/10/08 01:28:36.934, 5, 120 MHz, 3996 MHz, 184.08 W, 34
2026/10/08 01:28:36.934, 6, 120 MHz, 3996 MHz, 183.57 W, 29
2026/10/08 01:28:36.934, 7, 120 MHz, 3996 MHz, 184.60 W, 28
2026/10/08 01:28:37.134, 0, 120 MHz, 3996 MHz, 184.47 W, 32
2026/10/08 01:28:37.134, 1, 120 MHz, 3996 MHz, 186.29 W, 35
2026/10/08 01:28:37.134, 2, 120 MHz, 3996 MHz, 182.60 W, 29
2026/10/08 01:28:37.134, 3, 120 MHz, 3996 MHz, 182.20 W, 29
2026/10/08 01:28:37.134, 4, 120 MHz, 3996 MHz, 184.59 W, 36
2026/10/08 01:28:37.134, 5, 120 MHz, 3996 MHz, 184.02 W, 34
2026/10/08 01:28:37.134, 6, 120 MHz, 3996 MHz, 183.60 W, 29
2026/10/08 01:28:37.134, 7, 120 MHz, 3996 MHz, 184.60 W, 28
2026/10/08 01:28:37.334, 0, 120 MHz, 3996 MHz, 184.47 W, 32
2026/10/08 01:28:37.334, 1, 120 MHz, 3996 MHz, 186.29 W, 35
2026/10/08 01:28:37.334, 2, 120 MHz, 3996 MHz, 182.53 W, 29
2026/10/08 01:28:37.334, 3, 120 MHz, 3996 MHz, 182.20 W, 29
2026/10/08 01:28:37.334, 4, 120 MHz, 3996 MHz, 184.59 W, 36
2026/10/08 01:28:37.334, 5, 120 MHz, 3996 MHz, 184.02 W, 34
2026/10/08 01:28:37.334, 6, 120 MHz, 3996 MHz, 183.49 W, 29
2026/10/08 01:28:37.334, 7, 120 MHz, 3996 MHz, 184.61 W, 28
2026/10/08 01:28:37.534, 0, 120 MHz, 3996 MHz, 184.47 W, 32
2026/10/08 01:28:37.534, 1, 120 MHz, 3996 MHz, 186.29 W, 35
2026/10/08 01:28:37.534, 2, 120 MHz, 3996 MHz, 182.60 W, 29
2026/10/08 01:28:37.534, 3, 120 MHz, 3996 MHz, 182.19 W, 29
2026/10/08 01:28:37.534, 4, 120 MHz, 3996 MHz, 184.59 W, 36
2026/10/08 01:28:37.534, 5, 120 MHz, 3996 MHz, 183.90 W, 34
2026/10/08 01:28:37.534, 6, 120 MHz, 3996 MHz, 183.55 W, 29
2026/10/08 01:28:37.534, 7, 120 MHz, 3996 MHz, 184.62 W, 28
2026/10/08 01:28:37.735, 0, 120 MHz, 3996 MHz, 184.47 W, 32
2026/10/08 01:28:37.735, 1, 120 MHz, 3996 MHz, 186.29 W, 35
2026/10/08 01:28:37.735, 2, 120 MHz, 3996 MHz, 182.52 W, 29
2026/10/08 01:28:37.735, 3, 120 MHz, 3996 MHz, 182.18 W, 29
2026/10/08 01:28:37.735, 4, 120 MHz, 3996 MHz, 184.59 W, 36
2026/10/08 01:28:37.735, 5, 120 MHz, 3996 MHz, 184.04 W, 34
2026/10/08 01:28:37.735, 6, 120 MHz, 3996 MHz, 183.42 W, 29
2026/10/08 01:28:37.735, 7, 120 MHz, 3996 MHz, 184.62 W, 28
2026/10/08 01:28:37.935, 0, 120 MHz, 3996 MHz, 184.47 W, 32
2026/10/08 01:28:37.935, 1, 120 MHz, 3996 MHz, 186.29 W, 35
2026/10/08 01:28:37.935, 2, 120 MHz, 3996 MHz, 182.67 W, 29
2026/10/08 01:28:37.935, 3, 120 MHz, 3996 MHz, 182.17 W, 29
2026/10/08 01:28:37.935, 4, 120 MHz, 3996 MHz, 184.59 W, 36
2026/10/08 01:28:37.935, 5, 120 MHz, 3996 MHz, 184.12 W, 34
2026/10/08 01:28:37.935, 6, 120 MHz, 3996 MHz, 183.43 W, 29
2026/10/08 01:28:37.935, 7, 120 MHz, 3996 MHz, 184.62 W, 28
2026/10/08 01:28:38.135, 0, 120 MHz, 3996 MHz, 184.47 W, 32
2026/10/08 01:28:38.135, 1, 120 MHz, 3996 MHz, 186.29 W, 35
2026/10/08 01:28:38.135, 2, 120 MHz, 3996 MHz, 182.59 W, 29
2026/10/08 01:28:38.135, 3, 120 MHz, 3996 MHz, 182.17 W, 29
2026/10/08 01:28:38.135, 4, 120 MHz, 3996 MHz, 184.59 W, 36
2026/10/08 01:28:38.135, 5, 120 MHz, 3996 MHz, 184.15 W, 34
2026/10/08 01:28:38.135, 6, 120 MHz, 3996 MHz, 183.47 W, 29
2026/10/08 01:28:38.135, 7, 120 MHz, 3996 MHz, 184.62 W, 28
2026/10/08 01:28:38.335, 0, 120 MHz, 3996 MHz, 184.47 W, 32
2026/10/08 01:28:38.335, 1, 120 MHz, 3996 MHz, 186.29 W, 35
2026/10/08 01:28:38.335, 2, 120 MHz, 3996 MHz, 182.71 W, 29
2026/10/08 01:28:38.335, 3, 120 MHz, 3996 MHz, 182.18 W, 29
2026/10/08 01:28:38.335, 4, 120 MHz, 3996 MHz, 184.59 W, 36
2026/10/08 01:28:38.335, 5, 120 MHz, 3996 MHz, 184.12 W, 34
2026/10/08 01:28:38.335, 6, 120 MHz, 3996 MHz, 183.69 W, 29
2026/10/08 01:28:38.335, 7, 120 MHz, 3996 MHz, 184.62 W, 28
2026/10/08 01:28:38.535, 0, 120 MHz, 3996 MHz, 184.47 W, 32
2026/10/08 01:28:38.536, 1, 120 MHz, 3996 MHz, 186.29 W, 35
2026/10/08 01:28:38.536, 2, 120 MHz, 3996 MHz, 182.63 W, 29
2026/10/08 01:28:38.536, 3, 120 MHz, 3996 MHz, 182.18 W, 30
2026/10/08 01:28:38.536, 4, 120 MHz, 3996 MHz, 184.59 W, 36
2026/10/08 01:28:38.536, 5, 120 MHz, 3996 MHz, 184.23 W, 34
2026/10/08 01:28:38.536, 6, 120 MHz, 3996 MHz, 183.69 W, 29
2026/10/08 01:28:38.536, 7, 120 MHz, 3996 MHz, 184.61 W, 28
2026/10/08 01:28:38.736, 0, 120 MHz, 3996 MHz, 184.47 W, 32
2026/10/08 01:28:38.736, 1, 120 MHz, 3996 MHz, 186.29 W, 35
2026/10/08 01:28:38.736, 2, 120 MHz, 3996 MHz, 182.68 W, 29
2026/10/08 01:28:38.736, 3, 120 MHz, 3996 MHz, 182.14 W, 30
2026/10/08 01:28:38.736, 4, 120 MHz, 3996 MHz, 184.59 W, 36
2026/10/08 01:28:38.736, 5, 120 MHz, 3996 MHz, 184.20 W, 34
2026/10/08 01:28:38.736, 6, 120 MHz, 3996 MHz, 183.86 W, 29
2026/10/08 01:28:38.736, 7, 120 MHz, 3996 MHz, 184.62 W, 28
2026/10/08 01:28:38.936, 0, 120 MHz, 3996 MHz, 184.47 W, 32
2026/10/08 01:28:38.936, 1, 120 MHz, 3996 MHz, 186.29 W, 35
2026/10/08 01:28:38.936, 2, 120 MHz, 3996 MHz, 182.48 W, 29
2026/10/08 01:28:38.936, 3, 120 MHz, 3996 MHz, 182.15 W, 30
2026/10/08 01:28:38.936, 4, 120 MHz, 3996 MHz, 184.59 W, 36
2026/10/08 01:28:38.936, 5, 120 MHz, 3996 MHz, 184.12 W, 34
2026/10/08 01:28:38.936, 6, 120 MHz, 3996 MHz, 183.90 W, 29
2026/10/08 01:28:38.936, 7, 120 MHz, 3996 MHz, 184.62 W, 28
2026/10/08 01:28:39.136, 0, 120 MHz, 3996 MHz, 184.47 W, 32
2026/10/08 01:28:39.136, 1, 120 MHz, 3996 MHz, 186.29 W, 35
2026/10/08 01:28:39.136, 2, 120 MHz, 3996 MHz, 182.40 W, 29
2026/10/08 01:28:39.136, 3, 120 MHz, 3996 MHz, 182.14 W, 30
2026/10/08 01:28:39.136, 4, 120 MHz, 3996 MHz, 184.59 W, 36
2026/10/08 01:28:39.136, 5, 120 MHz, 3996 MHz, 184.17 W, 34
2026/10/08 01:28:39.136, 6, 120 MHz, 3996 MHz, 183.88 W, 29
2026/10/08 01:28:39.136, 7, 120 MHz, 3996 MHz, 184.63 W, 28
2026/10/08 01:28:39.336, 0, 120 MHz, 3996 MHz, 184.47 W, 32
2026/10/08 01:28:39.336, 1, 120 MHz, 3996 MHz, 186.29 W, 35
2026/10/08 01:28:39.336, 2, 120 MHz, 3996 MHz, 182.37 W, 29
2026/10/08 01:28:39.336, 3, 120 MHz, 3996 MHz, 182.13 W, 30
2026/10/08 01:28:39.336, 4, 120 MHz, 3996 MHz, 184.59 W, 36
2026/10/08 01:28:39.336, 5, 120 MHz, 3996 MHz, 184.20 W, 34
2026/10/08 01:28:39.336, 6, 120 MHz, 3996 MHz, 183.86 W, 29
2026/10/08 01:28:39.336, 7, 120 MHz, 3996 MHz, 184.63 W, 28
2026/10/08 01:28:39.537, 0, 120 MHz, 3996 MHz, 184.47 W, 32
2026/10/08 01:28:39.537, 1, 120 MHz, 3996 MHz, 186.29 W, 35
2026/10/08 01:28:39.537, 2, 120 MHz, 3996 MHz, 182.36 W, 29
2026/10/08 01:28:39.537, 3, 120 MHz, 3996 MHz, 182.12 W, 30
2026/10/08 01:28:39.537, 4, 120 MHz, 3996 MHz, 184.59 W, 36
2026/10/08 01:28:39.537, 5, 120 MHz, 3996 MHz, 184.32 W, 34
2026/10/08 01:28:39.537, 6, 120 MHz, 3996 MHz, 183.99 W, 29
2026/10/08 01:28:39.537, 7, 120 MHz, 3996 MHz, 184.63 W, 28
2026/10/08 01:28:39.737, 0, 120 MHz, 3996 MHz, 184.47 W, 32
2026/10/08 01:28:39.737, 1, 120 MHz, 3996 MHz, 186.29 W, 35
2026/10/08 01:28:39.737, 2, 120 MHz, 3996 MHz, 182.60 W, 29
2026/10/08 01:28:39.737, 3, 120 MHz, 3996 MHz, 182.17 W, 30
2026/10/08 01:28:39.737, 4, 120 MHz, 3996 MHz, 184.59 W, 36
2026/10/08 01:28:39.737, 5, 120 MHz, 3996 MHz, 184.40 W, 34
2026/10/08 01:28:39.737, 6, 120 MHz, 3996 MHz, 183.95 W, 29
2026/10/08 01:28:39.737, 7, 120 MHz, 3996 MHz, 184.62 W, 28
2026/10/08 01:28:39.937, 0, 120 MHz, 3996 MHz, 184.47 W, 32
2026/10/08 01:28:39.937, 1, 120 MHz, 3996 MHz, 186.29 W, 35
2026/10/08 01:28:39.937, 2, 120 MHz, 3996 MHz, 182.63 W, 29
2026/10/08 01:28:39.937, 3, 120 MHz, 3996 MHz, 182.17 W, 30
2026/10/08 01:28:39.937, 4, 120 MHz, 3996 MHz, 184.59 W, 36
2026/10/08 01:28:39.937, 5, 120 MHz, 3996 MHz, 184.40 W, 34
2026/10/08 01:28:39.937, 6, 120 MHz, 3996 MHz, 184.01 W, 29
2026/10/08 01:28:39.937, 7, 120 MHz, 3996 MHz, 184.62 W, 28
2026/10/08 01:28:40.137, 0, 120 MHz, 3996 MHz, 184.47 W, 32
2026/10/08 01:28:40.137, 1, 120 MHz, 3996 MHz, 186.29 W, 35
2026/10/08 01:28:40.137, 2, 120 MHz, 3996 MHz, 182.76 W, 29
2026/10/08 01:28:40.137, 3, 120 MHz, 3996 MHz, 182.17 W, 30
2026/10/08 01:28:40.137, 4, 120 MHz, 3996 MHz, 184.59 W, 36
2026/10/08 01:28:40.137, 5, 120 MHz, 3996 MHz, 184.32 W, 34
2026/10/08 01:28:40.137, 6, 120 MHz, 3996 MHz, 183.93 W, 29
2026/10/08 01:28:40.137, 7, 120 MHz, 3996 MHz, 184.62 W, 28
2026/10/08 01:28:40.337, 0, 120 MHz, 3996 MHz, 184.47 W, 32
2026/10/08 01:28:40.338, 1, 120 MHz, 3996 MHz, 186.29 W, 35
2026/10/08 01:28:40.338, 2, 120 MHz, 3996 MHz, 182.71 W, 29
2026/10/08 01:28:40.338, 3, 120 MHz, 3996 MHz, 182.14 W, 30
2026/10/08 01:28:40.338, 4, 120 MHz, 3996 MHz, 184.59 W, 36
2026/10/08 01:28:40.338, 5, 120 MHz, 3996 MHz, 184.28 W, 34
2026/10/08 01:28:40.338, 6, 120 MHz, 3996 MHz, 183.82 W, 29
2026/10/08 01:28:40.338, 7, 120 MHz, 3996 MHz, 184.62 W, 28
2026/10/08 01:28:40.538, 0, 120 MHz, 3996 MHz, 184.47 W, 32
2026/10/08 01:28:40.538, 1, 120 MHz, 3996 MHz, 186.29 W, 35
2026/10/08 01:28:40.538, 2, 120 MHz, 3996 MHz, 182.91 W, 29
2026/10/08 01:28:40.538, 3, 120 MHz, 3996 MHz, 182.14 W, 30
2026/10/08 01:28:40.538, 4, 120 MHz, 3996 MHz, 184.59 W, 36
2026/10/08 01:28:40.538, 5, 120 MHz, 3996 MHz, 184.16 W, 34
2026/10/08 01:28:40.538, 6, 120 MHz, 3996 MHz, 183.76 W, 29
2026/10/08 01:28:40.538, 7, 120 MHz, 3996 MHz, 184.62 W, 28
2026/10/08 01:28:40.738, 0, 120 MHz, 3996 MHz, 184.47 W, 32
2026/10/08 01:28:40.738, 1, 120 MHz, 3996 MHz, 186.29 W, 35
2026/10/08 01:28:40.738, 2, 120 MHz, 3996 MHz, 182.76 W, 29
2026/10/08 01:28:40.738, 3, 120 MHz, 3996 MHz, 182.13 W, 30
2026/10/08 01:28:40.738, 4, 120 MHz, 3996 MHz, 184.59 W, 36
2026/10/08 01:28:40.738, 5, 120 MHz, 3996 MHz, 184.02 W, 34
2026/10/08 01:28:40.738, 6, 120 MHz, 3996 MHz, 183.86 W, 29
2026/10/08 01:28:40.738, 7, 120 MHz, 3996 MHz, 184.61 W, 28
2026/10/08 01:28:40.938, 0, 120 MHz, 3996 MHz, 184.47 W, 32
2026/10/08 01:28:40.938, 1, 120 MHz, 3996 MHz, 186.29 W, 35
2026/10/08 01:28:40.938, 2, 120 MHz, 3996 MHz, 182.87 W, 29
2026/10/08 01:28:40.938, 3, 120 MHz, 3996 MHz, 182.13 W, 30
2026/10/08 01:28:40.938, 4, 120 MHz, 3996 MHz, 184.59 W, 36
2026/10/08 01:28:40.938, 5, 120 MHz, 3996 MHz, 183.85 W, 34
2026/10/08 01:28:40.938, 6, 120 MHz, 3996 MHz, 183.86 W, 29
2026/10/08 01:28:40.938, 7, 120 MHz, 3996 MHz, 184.61 W, 28
2026/10/08 01:28:41.138, 0, 120 MHz, 3996 MHz, 184.47 W, 32
2026/10/08 01:28:41.138, 1, 120 MHz, 3996 MHz, 186.29 W, 35
2026/10/08 01:28:41.138, 2, 120 MHz, 3996 MHz, 183.05 W, 29
2026/10/08 01:28:41.138, 3, 120 MHz, 3996 MHz, 182.13 W, 30
2026/10/08 01:28:41.138, 4, 120 MHz, 3996 MHz, 184.59 W, 36
2026/10/08 01:28:41.138, 5, 120 MHz, 3996 MHz, 183.89 W, 34
2026/10/08 01:28:41.138, 6, 120 MHz, 3996 MHz, 183.96 W, 29
2026/10/08 01:28:41.138, 7, 120 MHz, 3996 MHz, 184.61 W, 28
2026/10/08 01:28:41.339, 0, 120 MHz, 3996 MHz, 184.47 W, 32
2026/10/08 01:28:41.339, 1, 120 MHz, 3996 MHz, 186.29 W, 35
2026/10/08 01:28:41.339, 2, 120 MHz, 3996 MHz, 183.07 W, 29
2026/10/08 01:28:41.339, 3, 120 MHz, 3996 MHz, 182.16 W, 30
2026/10/08 01:28:41.339, 4, 120 MHz, 3996 MHz, 184.59 W, 36
2026/10/08 01:28:41.339, 5, 120 MHz, 3996 MHz, 183.98 W, 34
2026/10/08 01:28:41.339, 6, 120 MHz, 3996 MHz, 184.09 W, 29
2026/10/08 01:28:41.339, 7, 120 MHz, 3996 MHz, 184.61 W, 28
2026/10/08 01:28:41.539, 0, 120 MHz, 3996 MHz, 184.47 W, 32
2026/10/08 01:28:41.539, 1, 120 MHz, 3996 MHz, 186.29 W, 35
2026/10/08 01:28:41.539, 2, 120 MHz, 3996 MHz, 183.05 W, 29
2026/10/08 01:28:41.539, 3, 120 MHz, 3996 MHz, 182.13 W, 30
2026/10/08 01:28:41.539, 4, 120 MHz, 3996 MHz, 184.59 W, 36
2026/10/08 01:28:41.539, 5, 120 MHz, 3996 MHz, 183.98 W, 34
2026/10/08 01:28:41.539, 6, 120 MHz, 3996 MHz, 184.09 W, 29
2026/10/08 01:28:41.539, 7, 120 MHz, 3996 MHz, 184.61 W, 28
2026/10/08 01:28:41.739, 0, 120 MHz, 3996 MHz, 184.47 W, 32
2026/10/08 01:28:41.739, 1, 120 MHz, 3996 MHz, 186.29 W, 35
2026/10/08 01:28:41.739, 2, 120 MHz, 3996 MHz, 182.90 W, 29
2026/10/08 01:28:41.739, 3, 120 MHz, 3996 MHz, 182.14 W, 30
2026/10/08 01:28:41.739, 4, 120 MHz, 3996 MHz, 184.59 W, 36
2026/10/08 01:28:41.739, 5, 120 MHz, 3996 MHz, 184.05 W, 34
2026/10/08 01:28:41.739, 6, 120 MHz, 3996 MHz, 184.13 W, 29
2026/10/08 01:28:41.739, 7, 120 MHz, 3996 MHz, 184.61 W, 28
2026/10/08 01:28:41.939, 0, 120 MHz, 3996 MHz, 184.47 W, 32
2026/10/08 01:28:41.939, 1, 120 MHz, 3996 MHz, 186.29 W, 35
2026/10/08 01:28:41.939, 2, 120 MHz, 3996 MHz, 182.82 W, 29
2026/10/08 01:28:41.939, 3, 120 MHz, 3996 MHz, 182.14 W, 30
2026/10/08 01:28:41.939, 4, 120 MHz, 3996 MHz, 184.59 W, 36
2026/10/08 01:28:41.939, 5, 120 MHz, 3996 MHz, 184.12 W, 34
2026/10/08 01:28:41.939, 6, 120 MHz, 3996 MHz, 184.14 W, 29
2026/10/08 01:28:41.939, 7, 120 MHz, 3996 MHz, 184.60 W, 28
2026/10/08 01:28:42.140, 0, 120 MHz, 3996 MHz, 184.47 W, 32
2026/10/08 01:28:42.140, 1, 120 MHz, 3996 MHz, 186.29 W, 35
2026/10/08 01:28:42.140, 2, 120 MHz, 3996 MHz, 182.63 W, 29
2026/10/08 01:28:42.140, 3, 120 MHz, 3996 MHz, 182.15 W, 30
2026/10/08 01:28:42.140, 4, 120 MHz, 3996 MHz, 184.59 W, 36
2026/10/08 01:28:42.140, 5, 120 MHz, 3996 MHz, 183.98 W, 34
2026/10/08 01:28:42.140, 6, 120 MHz, 3996 MHz, 184.22 W, 29
2026/10/08 01:28:42.140, 7, 120 MHz, 3996 MHz, 184.59 W, 28
2026/10/08 01:28:42.340, 0, 120 MHz, 3996 MHz, 184.47 W, 32
2026/10/08 01:28:42.340, 1, 120 MHz, 3996 MHz, 186.29 W, 35
2026/10/08 01:28:42.340, 2, 120 MHz, 3996 MHz, 182.82 W, 29
2026/10/08 01:28:42.340, 3, 120 MHz, 3996 MHz, 182.16 W, 30
2026/10/08 01:28:42.340, 4, 120 MHz, 3996 MHz, 184.59 W, 36
2026/10/08 01:28:42.340, 5, 120 MHz, 3996 MHz, 183.97 W, 34
2026/10/08 01:28:42.340, 6, 120 MHz, 3996 MHz, 184.14 W, 29
2026/10/08 01:28:42.340, 7, 120 MHz, 3996 MHz, 184.59 W, 28
2026/10/08 01:28:42.540, 0, 120 MHz, 3996 MHz, 184.47 W, 32
2026/10/08 01:28:42.540, 1, 120 MHz, 3996 MHz, 186.29 W, 35
2026/10/08 01:28:42.540, 2, 120 MHz, 3996 MHz, 182.72 W, 29
2026/10/08 01:28:42.540, 3, 120 MHz, 3996 MHz, 182.19 W, 30
2026/10/08 01:28:42.540, 4, 120 MHz, 3996 MHz, 184.59 W, 36
2026/10/08 01:28:42.540, 5, 120 MHz, 3996 MHz, 183.82 W, 34
2026/10/08 01:28:42.540, 6, 120 MHz, 3996 MHz, 184.05 W, 29
2026/10/08 01:28:42.540, 7, 120 MHz, 3996 MHz, 184.59 W, 28
2026/10/08 01:28:42.740, 0, 120 MHz, 3996 MHz, 184.47 W, 32
2026/10/08 01:28:42.740, 1, 120 MHz, 3996 MHz, 186.29 W, 35
2026/10/08 01:28:42.740, 2, 120 MHz, 3996 MHz, 182.91 W, 30
2026/10/08 01:28:42.740, 3, 120 MHz, 3996 MHz, 182.14 W, 30
2026/10/08 01:28:42.740, 4, 120 MHz, 3996 MHz, 184.59 W, 36
2026/10/08 01:28:42.740, 5, 120 MHz, 3996 MHz, 183.79 W, 34
2026/10/08 01:28:42.740, 6, 120 MHz, 3996 MHz, 184.15 W, 29
2026/10/08 01:28:42.740, 7, 120 MHz, 3996 MHz, 184.59 W, 28
2026/10/08 01:28:42.940, 0, 120 MHz, 3996 MHz, 184.47 W, 32
2026/10/08 01:28:42.941, 1, 120 MHz, 3996 MHz, 186.29 W, 35
2026/10/08 01:28:42.941, 2, 120 MHz, 3996 MHz, 182.99 W, 30
2026/10/08 01:28:42.941, 3, 120 MHz, 3996 MHz, 182.15 W, 30
2026/10/08 01:28:42.941, 4, 120 MHz, 3996 MHz, 184.59 W, 36
2026/10/08 01:28:42.941, 5, 120 MHz, 3996 MHz, 183.82 W, 34
2026/10/08 01:28:42.941, 6, 120 MHz, 3996 MHz, 184.05 W, 29
2026/10/08 01:28:42.941, 7, 120 MHz, 3996 MHz, 184.60 W, 28
2026/10/08 01:28:43.141, 0, 120 MHz, 3996 MHz, 184.47 W, 32
2026/10/08 01:28:43.141, 1, 120 MHz, 3996 MHz, 186.29 W, 35
2026/10/08 01:28:43.141, 2, 120 MHz, 3996 MHz, 183.07 W, 30
2026/10/08 01:28:43.141, 3, 120 MHz, 3996 MHz, 182.15 W, 30
2026/10/08 01:28:43.141, 4, 120 MHz, 3996 MHz, 184.59 W, 36
2026/10/08 01:28:43.141, 5, 120 MHz, 3996 MHz, 183.94 W, 34
2026/10/08 01:28:43.141, 6, 120 MHz, 3996 MHz, 184.01 W, 29
2026/10/08 01:28:43.141, 7, 120 MHz, 3996 MHz, 184.60 W, 28
2026/10/08 01:28:43.341, 0, 120 MHz, 3996 MHz, 184.47 W, 32
2026/10/08 01:28:43.341, 1, 120 MHz, 3996 MHz, 186.29 W, 35
2026/10/08 01:28:43.341, 2, 120 MHz, 3996 MHz, 182.95 W, 30
2026/10/08 01:28:43.341, 3, 120 MHz, 3996 MHz, 182.15 W, 30
2026/10/08 01:28:43.341, 4, 120 MHz, 3996 MHz, 184.59 W, 36
2026/10/08 01:28:43.341, 5, 120 MHz, 3996 MHz, 183.94 W, 34
2026/10/08 01:28:43.341, 6, 120 MHz, 3996 MHz, 184.17 W, 29
2026/10/08 01:28:43.341, 7, 120 MHz, 3996 MHz, 184.61 W, 28
2026/10/08 01:28:43.541, 0, 120 MHz, 3996 MHz, 184.47 W, 32
2026/10/08 01:28:43.541, 1, 120 MHz, 3996 MHz, 186.29 W, 35
2026/10/08 01:28:43.541, 2, 120 MHz, 3996 MHz, 183.07 W, 30
2026/10/08 01:28:43.541, 3, 120 MHz, 3996 MHz, 182.16 W, 30
2026/10/08 01:28:43.541, 4, 120 MHz, 3996 MHz, 184.59 W, 36
2026/10/08 01:28:43.541, 5, 120 MHz, 3996 MHz, 184.05 W, 34
2026/10/08 01:28:43.541, 6, 120 MHz, 3996 MHz, 184.17 W, 29
2026/10/08 01:28:43.541, 7, 120 MHz, 3996 MHz, 184.62 W, 28
2026/10/08 01:28:43.741, 0, 120 MHz, 3996 MHz, 184.47 W, 32
2026/10/08 01:28:43.741, 1, 120 MHz, 3996 MHz, 186.29 W, 35
2026/10/08 01:28:43.741, 2, 120 MHz, 3996 MHz, 183.07 W, 30
2026/10/08 01:28:43.741, 3, 120 MHz, 3996 MHz, 182.16 W, 30
2026/10/08 01:28:43.741, 4, 120 MHz, 3996 MHz, 184.59 W, 36
2026/10/08 01:28:43.741, 5, 120 MHz, 3996 MHz, 183.93 W, 34
2026/10/08 01:28:43.741, 6, 120 MHz, 3996 MHz, 184.09 W, 29
2026/10/08 01:28:43.741, 7, 120 MHz, 3996 MHz, 184.62 W, 28
2026/10/08 01:28:43.941, 0, 120 MHz, 3996 MHz, 184.47 W, 32
2026/10/08 01:28:43.942, 1, 120 MHz, 3996 MHz, 186.29 W, 35
2026/10/08 01:28:43.942, 2, 120 MHz, 3996 MHz, 183.19 W, 30
2026/10/08 01:28:43.942, 3, 120 MHz, 3996 MHz, 182.20 W, 30
2026/10/08 01:28:43.942, 4, 120 MHz, 3996 MHz, 184.59 W, 36
2026/10/08 01:28:43.942, 5, 120 MHz, 3996 MHz, 184.01 W, 34
2026/10/08 01:28:43.942, 6, 120 MHz, 3996 MHz, 184.21 W, 29
2026/10/08 01:28:43.942, 7, 120 MHz, 3996 MHz, 184.62 W, 28
2026/10/08 01:28:44.142, 0, 120 MHz, 3996 MHz, 184.47 W, 32
2026/10/08 01:28:44.142, 1, 120 MHz, 3996 MHz, 186.29 W, 35
2026/10/08 01:28:44.142, 2, 120 MHz, 3996 MHz, 183.28 W, 30
2026/10/08 01:28:44.142, 3, 120 MHz, 3996 MHz, 182.20 W, 30
2026/10/08 01:28:44.142, 4, 120 MHz, 3996 MHz, 184.59 W, 36
2026/10/08 01:28:44.142, 5, 120 MHz, 3996 MHz, 183.89 W, 34
2026/10/08 01:28:44.142, 6, 120 MHz, 3996 MHz, 184.18 W, 29
2026/10/08 01:28:44.142, 7, 120 MHz, 3996 MHz, 184.62 W, 28
2026/10/08 01:28:44.342, 0, 120 MHz, 3996 MHz, 184.47 W, 32
2026/10/08 01:28:44.342, 1, 120 MHz, 3996 MHz, 186.29 W, 35
2026/10/08 01:28:44.342, 2, 120 MHz, 3996 MHz, 183.24 W, 30
2026/10/08 01:28:44.342, 3, 120 MHz, 3996 MHz, 182.19 W, 30
2026/10/08 01:28:44.342, 4, 120 MHz, 3996 MHz, 184.59 W, 36
2026/10/08 01:28:44.342, 5, 120 MHz, 3996 MHz, 183.71 W, 34
2026/10/08 01:28:44.342, 6, 120 MHz, 3996 MHz, 184.13 W, 29
2026/10/08 01:28:44.342, 7, 120 MHz, 3996 MHz, 184.61 W, 28
2026/10/08 01:28:44.542, 0, 120 MHz, 3996 MHz, 184.47 W, 32
2026/10/08 01:28:44.542, 1, 120 MHz, 3996 MHz, 186.29 W, 35
2026/10/08 01:28:44.542, 2, 120 MHz, 3996 MHz, 183.32 W, 30
2026/10/08 01:28:44.542, 3, 120 MHz, 3996 MHz, 182.19 W, 30
2026/10/08 01:28:44.542, 4, 120 MHz, 3996 MHz, 184.59 W, 36
2026/10/08 01:28:44.542, 5, 120 MHz, 3996 MHz, 183.66 W, 34
2026/10/08 01:28:44.542, 6, 120 MHz, 3996 MHz, 184.18 W, 29
2026/10/08 01:28:44.542, 7, 120 MHz, 3996 MHz, 184.61 W, 28
2026/10/08 01:28:44.742, 0, 120 MHz, 3996 MHz, 184.47 W, 32
2026/10/08 01:28:44.743, 1, 120 MHz, 3996 MHz, 186.29 W, 35
2026/10/08 01:28:44.743, 2, 120 MHz, 3996 MHz, 183.28 W, 30
2026/10/08 01:28:44.743, 3, 120 MHz, 3996 MHz, 182.20 W, 30
2026/10/08 01:28:44.743, 4, 120 MHz, 3996 MHz, 184.59 W, 36
2026/10/08 01:28:44.743, 5, 120 MHz, 3996 MHz, 183.75 W, 34
2026/10/08 01:28:44.743, 6, 120 MHz, 3996 MHz, 184.32 W, 29
2026/10/08 01:28:44.743, 7, 120 MHz, 3996 MHz, 184.61 W, 28
2026/10/08 01:28:44.943, 0, 120 MHz, 3996 MHz, 184.47 W, 32
2026/10/08 01:28:44.943, 1, 120 MHz, 3996 MHz, 186.29 W, 35
2026/10/08 01:28:44.943, 2, 120 MHz, 3996 MHz, 183.17 W, 30
2026/10/08 01:28:44.943, 3, 120 MHz, 3996 MHz, 182.20 W, 30
2026/10/08 01:28:44.943, 4, 120 MHz, 3996 MHz, 184.59 W, 36
2026/10/08 01:28:44.943, 5, 120 MHz, 3996 MHz, 183.71 W, 34
2026/10/08 01:28:44.943, 6, 120 MHz, 3996 MHz, 184.33 W, 29
2026/10/08 01:28:44.943, 7, 120 MHz, 3996 MHz, 184.60 W, 28
2026/10/08 01:28:45.143, 0, 120 MHz, 3996 MHz, 184.47 W, 32
2026/10/08 01:28:45.143, 1, 120 MHz, 3996 MHz, 186.29 W, 35
2026/10/08 01:28:45.143, 2, 120 MHz, 3996 MHz, 183.11 W, 30
2026/10/08 01:28:45.143, 3, 120 MHz, 3996 MHz, 182.20 W, 30
2026/10/08 01:28:45.143, 4, 120 MHz, 3996 MHz, 184.59 W, 36
2026/10/08 01:28:45.143, 5, 120 MHz, 3996 MHz, 183.89 W, 34
2026/10/08 01:28:45.143, 6, 120 MHz, 3996 MHz, 184.29 W, 29
2026/10/08 01:28:45.143, 7, 120 MHz, 3996 MHz, 184.60 W, 28
2026/10/08 01:28:45.343, 0, 120 MHz, 3996 MHz, 184.47 W, 32
2026/10/08 01:28:45.343, 1, 120 MHz, 3996 MHz, 186.29 W, 35
2026/10/08 01:28:45.343, 2, 120 MHz, 3996 MHz, 183.01 W, 30
2026/10/08 01:28:45.343, 3, 120 MHz, 3996 MHz, 182.20 W, 30
2026/10/08 01:28:45.343, 4, 120 MHz, 3996 MHz, 184.59 W, 36
2026/10/08 01:28:45.343, 5, 120 MHz, 3996 MHz, 183.89 W, 34
2026/10/08 01:28:45.343, 6, 120 MHz, 3996 MHz, 184.18 W, 29
2026/10/08 01:28:45.343, 7, 120 MHz, 3996 MHz, 184.60 W, 28
2026/10/08 01:28:45.543, 0, 120 MHz, 3996 MHz, 184.47 W, 32
2026/10/08 01:28:45.543, 1, 120 MHz, 3996 MHz, 186.29 W, 35
2026/10/08 01:28:45.543, 2, 120 MHz, 3996 MHz, 183.09 W, 30
2026/10/08 01:28:45.543, 3, 120 MHz, 3996 MHz, 182.19 W, 30
2026/10/08 01:28:45.544, 4, 120 MHz, 3996 MHz, 184.59 W, 36
2026/10/08 01:28:45.544, 5, 120 MHz, 3996 MHz, 183.90 W, 34
2026/10/08 01:28:45.544, 6, 120 MHz, 3996 MHz, 184.21 W, 29
2026/10/08 01:28:45.544, 7, 120 MHz, 3996 MHz, 184.60 W, 28
2026/10/08 01:28:45.744, 0, 120 MHz, 3996 MHz, 184.47 W, 32
2026/10/08 01:28:45.744, 1, 120 MHz, 3996 MHz, 186.29 W, 35
2026/10/08 01:28:45.744, 2, 120 MHz, 3996 MHz, 183.05 W, 30
2026/10/08 01:28:45.744, 3, 120 MHz, 3996 MHz, 182.18 W, 30
2026/10/08 01:28:45.744, 4, 120 MHz, 3996 MHz, 184.59 W, 36
2026/10/08 01:28:45.744, 5, 120 MHz, 3996 MHz, 183.89 W, 34
2026/10/08 01:28:45.744, 6, 120 MHz, 3996 MHz, 184.13 W, 29
2026/10/08 01:28:45.744, 7, 120 MHz, 3996 MHz, 184.60 W, 28
2026/10/08 01:28:45.944, 0, 120 MHz, 3996 MHz, 184.47 W, 32
2026/10/08 01:28:45.944, 1, 120 MHz, 3996 MHz, 186.29 W, 35
2026/10/08 01:28:45.944, 2, 120 MHz, 3996 MHz, 183.24 W, 30
2026/10/08 01:28:45.944, 3, 120 MHz, 3996 MHz, 182.19 W, 30
2026/10/08 01:28:45.944, 4, 120 MHz, 3996 MHz, 184.59 W, 36
2026/10/08 01:28:45.944, 5, 120 MHz, 3996 MHz, 183.89 W, 34
2026/10/08 01:28:45.944, 6, 120 MHz, 3996 MHz, 184.17 W, 29
2026/10/08 01:28:45.944, 7, 120 MHz, 3996 MHz, 184.61 W, 28
2026/10/08 01:28:46.144, 0, 120 MHz, 3996 MHz, 184.47 W, 32
2026/10/08 01:28:46.144, 1, 120 MHz, 3996 MHz, 186.29 W, 35
2026/10/08 01:28:46.144, 2, 120 MHz, 3996 MHz, 183.15 W, 30
2026/10/08 01:28:46.144, 3, 120 MHz, 3996 MHz, 182.20 W, 30
2026/10/08 01:28:46.144, 4, 120 MHz, 3996 MHz, 184.59 W, 36
2026/10/08 01:28:46.144, 5, 120 MHz, 3996 MHz, 183.71 W, 34
2026/10/08 01:28:46.144, 6, 120 MHz, 3996 MHz, 184.25 W, 29
2026/10/08 01:28:46.144, 7, 120 MHz, 3996 MHz, 184.61 W, 28
2026/10/08 01:28:46.344, 0, 120 MHz, 3996 MHz, 184.47 W, 32
2026/10/08 01:28:46.344, 1, 120 MHz, 3996 MHz, 186.29 W, 35
2026/10/08 01:28:46.344, 2, 120 MHz, 3996 MHz, 183.31 W, 30
2026/10/08 01:28:46.344, 3, 120 MHz, 3996 MHz, 182.21 W, 30
2026/10/08 01:28:46.344, 4, 120 MHz, 3996 MHz, 184.59 W, 36
2026/10/08 01:28:46.344, 5, 120 MHz, 3996 MHz, 183.78 W, 34
2026/10/08 01:28:46.344, 6, 120 MHz, 3996 MHz, 184.27 W, 29
2026/10/08 01:28:46.344, 7, 120 MHz, 3996 MHz, 184.61 W, 28
2026/10/08 01:28:46.545, 0, 120 MHz, 3996 MHz, 184.47 W, 32
2026/10/08 01:28:46.545, 1, 120 MHz, 3996 MHz, 186.29 W, 35
2026/10/08 01:28:46.545, 2, 120 MHz, 3996 MHz, 183.35 W, 30
2026/10/08 01:28:46.545, 3, 120 MHz, 3996 MHz, 182.22 W, 30
2026/10/08 01:28:46.545, 4, 120 MHz, 3996 MHz, 184.59 W, 36
2026/10/08 01:28:46.545, 5, 120 MHz, 3996 MHz, 183.86 W, 34
2026/10/08 01:28:46.545, 6, 120 MHz, 3996 MHz, 184.30 W, 29
2026/10/08 01:28:46.545, 7, 120 MHz, 3996 MHz, 184.61 W, 28
2026/10/08 01:28:46.745, 0, 120 MHz, 3996 MHz, 184.47 W, 32
2026/10/08 01:28:46.745, 1, 120 MHz, 3996 MHz, 186.29 W, 35
2026/10/08 01:28:46.745, 2, 120 MHz, 3996 MHz, 183.39 W, 30
2026/10/08 01:28:46.745, 3, 120 MHz, 3996 MHz, 182.22 W, 30
2026/10/08 01:28:46.745, 4, 120 MHz, 3996 MHz, 184.59 W, 36
2026/10/08 01:28:46.745, 5, 120 MHz, 3996 MHz, 183.94 W, 34
2026/10/08 01:28:46.745, 6, 120 MHz, 3996 MHz, 184.20 W, 29
2026/10/08 01:28:46.745, 7, 120 MHz, 3996 MHz, 184.61 W, 28
2026/10/08 01:28:46.945, 0, 120 MHz, 3996 MHz, 184.47 W, 32
2026/10/08 01:28:46.945, 1, 120 MHz, 3996 MHz, 186.29 W, 35
2026/10/08 01:28:46.945, 2, 120 MHz, 3996 MHz, 183.21 W, 30
2026/10/08 01:28:46.945, 3, 120 MHz, 3996 MHz, 182.21 W, 30
2026/10/08 01:28:46.945, 4, 120 MHz, 3996 MHz, 184.59 W, 36
2026/10/08 01:28:46.945, 5, 120 MHz, 3996 MHz, 183.90 W, 34
2026/10/08 01:28:46.945, 6, 120 MHz, 3996 MHz, 184.26 W, 29
2026/10/08 01:28:46.945, 7, 120 MHz, 3996 MHz, 184.61 W, 28
2026/10/08 01:28:47.145, 0, 120 MHz, 3996 MHz, 184.47 W, 32
2026/10/08 01:28:47.145, 1, 120 MHz, 3996 MHz, 186.29 W, 35
2026/10/08 01:28:47.145, 2, 120 MHz, 3996 MHz, 183.35 W, 30
2026/10/08 01:28:47.145, 3, 120 MHz, 3996 MHz, 182.21 W, 30
2026/10/08 01:28:47.145, 4, 120 MHz, 3996 MHz, 184.59 W, 36
2026/10/08 01:28:47.145, 5, 120 MHz, 3996 MHz, 183.93 W, 34
2026/10/08 01:28:47.145, 6, 120 MHz, 3996 MHz, 184.38 W, 29
2026/10/08 01:28:47.145, 7, 120 MHz, 3996 MHz, 184.61 W, 28
2026/10/08 01:28:47.345, 0, 120 MHz, 3996 MHz, 184.47 W, 32
2026/10/08 01:28:47.345, 1, 120 MHz, 3996 MHz, 186.29 W, 35
2026/10/08 01:28:47.345, 2, 120 MHz, 3996 MHz, 183.32 W, 30
2026/10/08 01:28:47.345, 3, 120 MHz, 3996 MHz, 182.20 W, 30
2026/10/08 01:28:47.345, 4, 120 MHz, 3996 MHz, 184.59 W, 36
2026/10/08 01:28:47.345, 5, 120 MHz, 3996 MHz, 183.98 W, 34
2026/10/08 01:28:47.345, 6, 120 MHz, 3996 MHz, 184.52 W, 29
2026/10/08 01:28:47.345, 7, 120 MHz, 3996 MHz, 184.62 W, 28
2026/10/08 01:28:47.546, 0, 120 MHz, 3996 MHz, 184.47 W, 32
2026/10/08 01:28:47.546, 1, 120 MHz, 3996 MHz, 186.29 W, 35
2026/10/08 01:28:47.546, 2, 120 MHz, 3996 MHz, 183.27 W, 30
2026/10/08 01:28:47.546, 3, 120 MHz, 3996 MHz, 182.20 W, 30
2026/10/08 01:28:47.546, 4, 120 MHz, 3996 MHz, 184.59 W, 36
2026/10/08 01:28:47.546, 5, 120 MHz, 3996 MHz, 184.01 W, 34
2026/10/08 01:28:47.546, 6, 120 MHz, 3996 MHz, 184.56 W, 29
2026/10/08 01:28:47.546, 7, 120 MHz, 3996 MHz, 184.62 W, 28
2026/10/08 01:28:47.746, 0, 120 MHz, 3996 MHz, 184.47 W, 32
2026/10/08 01:28:47.746, 1, 120 MHz, 3996 MHz, 186.29 W, 35
2026/10/08 01:28:47.746, 2, 120 MHz, 3996 MHz, 183.32 W, 30
2026/10/08 01:28:47.746, 3, 120 MHz, 3996 MHz, 182.19 W, 30
2026/10/08 01:28:47.746, 4, 120 MHz, 3996 MHz, 184.59 W, 36
2026/10/08 01:28:47.746, 5, 120 MHz, 3996 MHz, 183.98 W, 34
2026/10/08 01:28:47.746, 6, 120 MHz, 3996 MHz, 184.60 W, 29
2026/10/08 01:28:47.746, 7, 120 MHz, 3996 MHz, 184.62 W, 28
2026/10/08 01:28:47.946, 0, 120 MHz, 3996 MHz, 184.47 W, 32
2026/10/08 01:28:47.946, 1, 120 MHz, 3996 MHz, 186.29 W, 35
2026/10/08 01:28:47.946, 2, 120 MHz, 3996 MHz, 183.31 W, 30
2026/10/08 01:28:47.946, 3, 120 MHz, 3996 MHz, 182.20 W, 30
2026/10/08 01:28:47.946, 4, 120 MHz, 3996 MHz, 184.59 W, 36
2026/10/08 01:28:47.946, 5, 120 MHz, 3996 MHz, 184.01 W, 34
2026/10/08 01:28:47.946, 6, 120 MHz, 3996 MHz, 184.64 W, 29
2026/10/08 01:28:47.946, 7, 120 MHz, 3996 MHz, 184.63 W, 28
2026/10/08 01:28:48.146, 0, 120 MHz, 3996 MHz, 184.47 W, 32
2026/10/08 01:28:48.146, 1, 120 MHz, 3996 MHz, 186.29 W, 35
2026/10/08 01:28:48.146, 2, 120 MHz, 3996 MHz, 183.32 W, 30
2026/10/08 01:28:48.146, 3, 120 MHz, 3996 MHz, 182.20 W, 30
2026/10/08 01:28:48.146, 4, 120 MHz, 3996 MHz, 184.59 W, 36
2026/10/08 01:28:48.146, 5, 120 MHz, 3996 MHz, 184.04 W, 34
2026/10/08 01:28:48.146, 6, 120 MHz, 3996 MHz, 184.52 W, 29
2026/10/08 01:28:48.146, 7, 120 MHz, 3996 MHz, 184.63 W, 28
2026/10/08 01:28:48.346, 0, 120 MHz, 3996 MHz, 184.47 W, 32
2026/10/08 01:28:48.346, 1, 120 MHz, 3996 MHz, 186.29 W, 35
2026/10/08 01:28:48.346, 2, 120 MHz, 3996 MHz, 183.32 W, 30
2026/10/08 01:28:48.346, 3, 120 MHz, 3996 MHz, 182.21 W, 30
2026/10/08 01:28:48.346, 4, 120 MHz, 3996 MHz, 184.59 W, 36
2026/10/08 01:28:48.346, 5, 120 MHz, 3996 MHz, 183.98 W, 34
2026/10/08 01:28:48.346, 6, 120 MHz, 3996 MHz, 184.57 W, 29
2026/10/08 01:28:48.346, 7, 120 MHz, 3996 MHz, 184.63 W, 28
2026/10/08 01:28:48.547, 0, 120 MHz, 3996 MHz, 184.47 W, 32
2026/10/08 01:28:48.547, 1, 120 MHz, 3996 MHz, 186.29 W, 35
2026/10/08 01:28:48.547, 2, 120 MHz, 3996 MHz, 183.32 W, 30
2026/10/08 01:28:48.547, 3, 120 MHz, 3996 MHz, 182.21 W, 30
2026/10/08 01:28:48.547, 4, 120 MHz, 3996 MHz, 184.59 W, 36
2026/10/08 01:28:48.547, 5, 120 MHz, 3996 MHz, 183.87 W, 34
2026/10/08 01:28:48.547, 6, 120 MHz, 3996 MHz, 184.57 W, 29
2026/10/08 01:28:48.547, 7, 120 MHz, 3996 MHz, 184.64 W, 28
2026/10/08 01:28:48.747, 0, 120 MHz, 3996 MHz, 184.47 W, 32
2026/10/08 01:28:48.747, 1, 120 MHz, 3996 MHz, 186.29 W, 35
2026/10/08 01:28:48.747, 2, 120 MHz, 3996 MHz, 183.35 W, 30
2026/10/08 01:28:48.747, 3, 120 MHz, 3996 MHz, 182.21 W, 30
2026/10/08 01:28:48.747, 4, 120 MHz, 3996 MHz, 184.59 W, 36
2026/10/08 01:28:48.747, 5, 120 MHz, 3996 MHz, 183.81 W, 34
2026/10/08 01:28:48.747, 6, 120 MHz, 3996 MHz, 184.68 W, 29
2026/10/08 01:28:48.747, 7, 120 MHz, 3996 MHz, 184.63 W, 28
2026/10/08 01:28:48.947, 0, 120 MHz, 3996 MHz, 184.47 W, 32
2026/10/08 01:28:48.947, 1, 120 MHz, 3996 MHz, 186.29 W, 35
2026/10/08 01:28:48.947, 2, 120 MHz, 3996 MHz, 183.48 W, 30
2026/10/08 01:28:48.947, 3, 120 MHz, 3996 MHz, 182.21 W, 30
2026/10/08 01:28:48.947, 4, 120 MHz, 3996 MHz, 184.59 W, 36
2026/10/08 01:28:48.947, 5, 120 MHz, 3996 MHz, 183.98 W, 34
2026/10/08 01:28:48.947, 6, 120 MHz, 3996 MHz, 184.68 W, 29
2026/10/08 01:28:48.947, 7, 120 MHz, 3996 MHz, 184.63 W, 28
2026/10/08 01:28:49.147, 0, 120 MHz, 3996 MHz, 184.47 W, 32
2026/10/08 01:28:49.147, 1, 120 MHz, 3996 MHz, 186.29 W, 35
2026/10/08 01:28:49.147, 2, 120 MHz, 3996 MHz, 183.66 W, 30
2026/10/08 01:28:49.147, 3, 120 MHz, 3996 MHz, 182.21 W, 30
2026/10/08 01:28:49.147, 4, 120 MHz, 3996 MHz, 184.59 W, 36
2026/10/08 01:28:49.147, 5, 120 MHz, 3996 MHz, 184.02 W, 34
2026/10/08 01:28:49.147, 6, 120 MHz, 3996 MHz, 184.72 W, 29
2026/10/08 01:28:49.147, 7, 120 MHz, 3996 MHz, 184.63 W, 28
2026/10/08 01:28:49.347, 0, 120 MHz, 3996 MHz, 184.47 W, 32
2026/10/08 01:28:49.347, 1, 120 MHz, 3996 MHz, 186.29 W, 35
2026/10/08 01:28:49.348, 2, 120 MHz, 3996 MHz, 183.66 W, 30
2026/10/08 01:28:49.348, 3, 120 MHz, 3996 MHz, 182.21 W, 30
2026/10/08 01:28:49.348, 4, 120 MHz, 3996 MHz, 184.59 W, 36
2026/10/08 01:28:49.348, 5, 120 MHz, 3996 MHz, 183.91 W, 34
2026/10/08 01:28:49.348, 6, 120 MHz, 3996 MHz, 184.76 W, 29
2026/10/08 01:28:49.348, 7, 120 MHz, 3996 MHz, 184.63 W, 28
2026/10/08 01:28:49.548, 0, 120 MHz, 3996 MHz, 184.47 W, 32
2026/10/08 01:28:49.548, 1, 120 MHz, 3996 MHz, 186.29 W, 35
2026/10/08 01:28:49.548, 2, 120 MHz, 3996 MHz, 183.78 W, 30
2026/10/08 01:28:49.548, 3, 120 MHz, 3996 MHz, 182.21 W, 30
2026/10/08 01:28:49.548, 4, 120 MHz, 3996 MHz, 184.59 W, 36
2026/10/08 01:28:49.548, 5, 120 MHz, 3996 MHz, 183.85 W, 34
2026/10/08 01:28:49.548, 6, 120 MHz, 3996 MHz, 184.71 W, 29
2026/10/08 01:28:49.548, 7, 120 MHz, 3996 MHz, 184.62 W, 28
2026/10/08 01:28:49.748, 0, 120 MHz, 3996 MHz, 184.47 W, 32
2026/10/08 01:28:49.748, 1, 120 MHz, 3996 MHz, 186.29 W, 35
2026/10/08 01:28:49.748, 2, 120 MHz, 3996 MHz, 183.74 W, 30
2026/10/08 01:28:49.748, 3, 120 MHz, 3996 MHz, 182.21 W, 30
2026/10/08 01:28:49.748, 4, 120 MHz, 3996 MHz, 184.59 W, 36
2026/10/08 01:28:49.748, 5, 120 MHz, 3996 MHz, 183.89 W, 34
2026/10/08 01:28:49.748, 6, 120 MHz, 3996 MHz, 184.68 W, 29
2026/10/08 01:28:49.748, 7, 120 MHz, 3996 MHz, 184.62 W, 28
2026/10/08 01:28:49.948, 0, 120 MHz, 3996 MHz, 184.47 W, 32
2026/10/08 01:28:49.948, 1, 120 MHz, 3996 MHz, 186.29 W, 35
2026/10/08 01:28:49.948, 2, 120 MHz, 3996 MHz, 183.62 W, 30
2026/10/08 01:28:49.948, 3, 120 MHz, 3996 MHz, 182.20 W, 30
2026/10/08 01:28:49.948, 4, 120 MHz, 3996 MHz, 184.59 W, 36
2026/10/08 01:28:49.948, 5, 120 MHz, 3996 MHz, 183.70 W, 34
2026/10/08 01:28:49.948, 6, 120 MHz, 3996 MHz, 184.60 W, 29
2026/10/08 01:28:49.948, 7, 120 MHz, 3996 MHz, 184.62 W, 28
2026/10/08 01:28:50.148, 0, 120 MHz, 3996 MHz, 184.47 W, 32
2026/10/08 01:28:50.148, 1, 120 MHz, 3996 MHz, 186.29 W, 35
2026/10/08 01:28:50.148, 2, 120 MHz, 3996 MHz, 183.47 W, 30
2026/10/08 01:28:50.148, 3, 120 MHz, 3996 MHz, 182.20 W, 30
2026/10/08 01:28:50.148, 4, 120 MHz, 3996 MHz, 184.59 W, 36
2026/10/08 01:28:50.148, 5, 120 MHz, 3996 MHz, 183.54 W, 34
2026/10/08 01:28:50.148, 6, 120 MHz, 3996 MHz, 184.60 W, 29
2026/10/08 01:28:50.148, 7, 120 MHz, 3996 MHz, 184.61 W, 28
2026/10/08 01:28:50.348, 0, 120 MHz, 3996 MHz, 184.47 W, 33
2026/10/08 01:28:50.349, 1, 120 MHz, 3996 MHz, 186.29 W, 35
2026/10/08 01:28:50.349, 2, 120 MHz, 3996 MHz, 183.58 W, 30
2026/10/08 01:28:50.349, 3, 120 MHz, 3996 MHz, 182.20 W, 30
2026/10/08 01:28:50.349, 4, 120 MHz, 3996 MHz, 184.59 W, 36
2026/10/08 01:28:50.349, 5, 120 MHz, 3996 MHz, 183.58 W, 34
2026/10/08 01:28:50.349, 6, 120 MHz, 3996 MHz, 184.56 W, 29
2026/10/08 01:28:50.349, 7, 120 MHz, 3996 MHz, 184.61 W, 28
2026/10/08 01:28:50.549, 0, 120 MHz, 3996 MHz, 184.47 W, 32
2026/10/08 01:28:50.549, 1, 120 MHz, 3996 MHz, 186.29 W, 35
2026/10/08 01:28:50.549, 2, 120 MHz, 3996 MHz, 183.62 W, 30
2026/10/08 01:28:50.549, 3, 120 MHz, 3996 MHz, 182.21 W, 30
2026/10/08 01:28:50.549, 4, 120 MHz, 3996 MHz, 184.59 W, 36
2026/10/08 01:28:50.549, 5, 120 MHz, 3996 MHz, 183.68 W, 34
2026/10/08 01:28:50.549, 6, 120 MHz, 3996 MHz, 184.64 W, 29
2026/10/08 01:28:50.549, 7, 120 MHz, 3996 MHz, 184.60 W, 28
2026/10/08 01:28:50.749, 0, 120 MHz, 3996 MHz, 184.47 W, 33
2026/10/08 01:28:50.749, 1, 120 MHz, 3996 MHz, 186.29 W, 35
2026/10/08 01:28:50.749, 2, 120 MHz, 3996 MHz, 183.74 W, 30
2026/10/08 01:28:50.749, 3, 120 MHz, 3996 MHz, 182.21 W, 30
2026/10/08 01:28:50.749, 4, 120 MHz, 3996 MHz, 184.59 W, 36
2026/10/08 01:28:50.749, 5, 120 MHz, 3996 MHz, 183.60 W, 34
2026/10/08 01:28:50.749, 6, 120 MHz, 3996 MHz, 184.68 W, 29
2026/10/08 01:28:50.749, 7, 120 MHz, 3996 MHz, 184.61 W, 28
2026/10/08 01:28:50.949, 0, 120 MHz, 3996 MHz, 184.47 W, 33
2026/10/08 01:28:50.949, 1, 120 MHz, 3996 MHz, 186.29 W, 35
2026/10/08 01:28:50.949, 2, 120 MHz, 3996 MHz, 183.75 W, 30
2026/10/08 01:28:50.949, 3, 120 MHz, 3996 MHz, 182.22 W, 30
2026/10/08 01:28:50.949, 4, 120 MHz, 3996 MHz, 184.59 W, 36
2026/10/08 01:28:50.949, 5, 120 MHz, 3996 MHz, 183.74 W, 34
2026/10/08 01:28:50.949, 6, 120 MHz, 3996 MHz, 184.68 W, 29
2026/10/08 01:28:50.949, 7, 120 MHz, 3996 MHz, 184.61 W, 28
2026/10/08 01:28:51.149, 0, 120 MHz, 3996 MHz, 184.47 W, 33
2026/10/08 01:28:51.149, 1, 120 MHz, 3996 MHz, 186.29 W, 35
2026/10/08 01:28:51.149, 2, 120 MHz, 3996 MHz, 183.87 W, 30
2026/10/08 01:28:51.149, 3, 120 MHz, 3996 MHz, 182.22 W, 30
2026/10/08 01:28:51.149, 4, 120 MHz, 3996 MHz, 184.59 W, 36
2026/10/08 01:28:51.149, 5, 120 MHz, 3996 MHz, 183.93 W, 34
2026/10/08 01:28:51.149, 6, 120 MHz, 3996 MHz, 184.71 W, 29
2026/10/08 01:28:51.149, 7, 120 MHz, 3996 MHz, 184.62 W, 28
2026/10/08 01:28:51.350, 0, 120 MHz, 3996 MHz, 184.47 W, 33
2026/10/08 01:28:51.350, 1, 120 MHz, 3996 MHz, 186.29 W, 35
2026/10/08 01:28:51.350, 2, 120 MHz, 3996 MHz, 183.87 W, 30
2026/10/08 01:28:51.350, 3, 120 MHz, 3996 MHz, 182.22 W, 30
2026/10/08 01:28:51.350, 4, 120 MHz, 3996 MHz, 184.59 W, 36
2026/10/08 01:28:51.350, 5, 120 MHz, 3996 MHz, 184.04 W, 34
2026/10/08 01:28:51.350, 6, 120 MHz, 3996 MHz, 184.76 W, 29
2026/10/08 01:28:51.350, 7, 120 MHz, 3996 MHz, 184.62 W, 28
2026/10/08 01:28:51.550, 0, 120 MHz, 3996 MHz, 184.47 W, 33
2026/10/08 01:28:51.550, 1, 120 MHz, 3996 MHz, 186.29 W, 35
2026/10/08 01:28:51.550, 2, 120 MHz, 3996 MHz, 183.87 W, 30
2026/10/08 01:28:51.550, 3, 120 MHz, 3996 MHz, 182.21 W, 30
2026/10/08 01:28:51.550, 4, 120 MHz, 3996 MHz, 184.59 W, 36
2026/10/08 01:28:51.550, 5, 120 MHz, 3996 MHz, 183.92 W, 34
2026/10/08 01:28:51.550, 6, 120 MHz, 3996 MHz, 184.68 W, 29
2026/10/08 01:28:51.550, 7, 120 MHz, 3996 MHz, 184.63 W, 28
2026/10/08 01:28:51.750, 0, 120 MHz, 3996 MHz, 184.47 W, 33
2026/10/08 01:28:51.750, 1, 120 MHz, 3996 MHz, 186.29 W, 35
2026/10/08 01:28:51.750, 2, 120 MHz, 3996 MHz, 183.81 W, 30
2026/10/08 01:28:51.750, 3, 120 MHz, 3996 MHz, 182.21 W, 30
2026/10/08 01:28:51.750, 4, 120 MHz, 3996 MHz, 184.59 W, 36
2026/10/08 01:28:51.750, 5, 120 MHz, 3996 MHz, 184.08 W, 34
2026/10/08 01:28:51.750, 6, 120 MHz, 3996 MHz, 184.68 W, 29
2026/10/08 01:28:51.750, 7, 120 MHz, 3996 MHz, 184.63 W, 28
2026/10/08 01:28:51.950, 0, 120 MHz, 3996 MHz, 184.47 W, 33
2026/10/08 01:28:51.950, 1, 120 MHz, 3996 MHz, 186.29 W, 35
2026/10/08 01:28:51.950, 2, 120 MHz, 3996 MHz, 183.82 W, 30
2026/10/08 01:28:51.950, 3, 120 MHz, 3996 MHz, 182.20 W, 30
2026/10/08 01:28:51.950, 4, 120 MHz, 3996 MHz, 184.59 W, 36
2026/10/08 01:28:51.950, 5, 120 MHz, 3996 MHz, 183.88 W, 34
2026/10/08 01:28:51.950, 6, 120 MHz, 3996 MHz, 184.72 W, 29
2026/10/08 01:28:51.950, 7, 120 MHz, 3996 MHz, 184.63 W, 28
2026/10/08 01:28:52.150, 0, 120 MHz, 3996 MHz, 184.47 W, 33
2026/10/08 01:28:52.150, 1, 120 MHz, 3996 MHz, 186.29 W, 35
2026/10/08 01:28:52.150, 2, 120 MHz, 3996 MHz, 183.85 W, 30
2026/10/08 01:28:52.150, 3, 120 MHz, 3996 MHz, 182.20 W, 30
2026/10/08 01:28:52.150, 4, 120 MHz, 3996 MHz, 184.59 W, 36
2026/10/08 01:28:52.151, 5, 120 MHz, 3996 MHz, 183.78 W, 34
2026/10/08 01:28:52.151, 6, 120 MHz, 3996 MHz, 184.60 W, 29
2026/10/08 01:28:52.151, 7, 120 MHz, 3996 MHz, 184.64 W, 29
2026/10/08 01:28:52.351, 0, 120 MHz, 3996 MHz, 184.47 W, 33
2026/10/08 01:28:52.351, 1, 120 MHz, 3996 MHz, 186.29 W, 35
2026/10/08 01:28:52.351, 2, 120 MHz, 3996 MHz, 183.78 W, 30
2026/10/08 01:28:52.351, 3, 120 MHz, 3996 MHz, 182.20 W, 30
2026/10/08 01:28:52.351, 4, 120 MHz, 3996 MHz, 184.59 W, 36
2026/10/08 01:28:52.351, 5, 120 MHz, 3996 MHz, 183.71 W, 34
2026/10/08 01:28:52.351, 6, 120 MHz, 3996 MHz, 184.56 W, 29
2026/10/08 01:28:52.351, 7, 120 MHz, 3996 MHz, 184.63 W, 29
2026/10/08 01:28:52.551, 0, 120 MHz, 3996 MHz, 184.47 W, 33
2026/10/08 01:28:52.551, 1, 120 MHz, 3996 MHz, 186.29 W, 35
2026/10/08 01:28:52.551, 2, 120 MHz, 3996 MHz, 183.62 W, 30
2026/10/08 01:28:52.551, 3, 120 MHz, 3996 MHz, 182.20 W, 30
2026/10/08 01:28:52.551, 4, 120 MHz, 3996 MHz, 184.59 W, 36
2026/10/08 01:28:52.551, 5, 120 MHz, 3996 MHz, 183.90 W, 34
2026/10/08 01:28:52.551, 6, 120 MHz, 3996 MHz, 184.49 W, 29
2026/10/08 01:28:52.551, 7, 120 MHz, 3996 MHz, 184.63 W, 29
2026/10/08 01:28:52.751, 0, 120 MHz, 3996 MHz, 184.47 W, 33
2026/10/08 01:28:52.751, 1, 120 MHz, 3996 MHz, 186.29 W, 35
2026/10/08 01:28:52.751, 2, 120 MHz, 3996 MHz, 183.63 W, 30
2026/10/08 01:28:52.751, 3, 120 MHz, 3996 MHz, 182.20 W, 30
2026/10/08 01:28:52.751, 4, 120 MHz, 3996 MHz, 184.59 W, 36
2026/10/08 01:28:52.751, 5, 120 MHz, 3996 MHz, 183.85 W, 34
2026/10/08 01:28:52.751, 6, 120 MHz, 3996 MHz, 184.48 W, 29
2026/10/08 01:28:52.751, 7, 120 MHz, 3996 MHz, 184.64 W, 29
2026/10/08 01:28:52.951, 0, 120 MHz, 3996 MHz, 184.47 W, 33
2026/10/08 01:28:52.951, 1, 120 MHz, 3996 MHz, 186.29 W, 35
2026/10/08 01:28:52.951, 2, 120 MHz, 3996 MHz, 183.67 W, 30
2026/10/08 01:28:52.951, 3, 120 MHz, 3996 MHz, 182.22 W, 30
2026/10/08 01:28:52.951, 4, 120 MHz, 3996 MHz, 184.59 W, 36
2026/10/08 01:28:52.951, 5, 120 MHz, 3996 MHz, 183.82 W, 34
2026/10/08 01:28:52.951, 6, 120 MHz, 3996 MHz, 184.52 W, 29
2026/10/08 01:28:52.951, 7, 120 MHz, 3996 MHz, 184.65 W, 29
2026/10/08 01:28:53.152, 0, 120 MHz, 3996 MHz, 184.47 W, 33
2026/10/08 01:28:53.152, 1, 120 MHz, 3996 MHz, 186.29 W, 35
2026/10/08 01:28:53.152, 2, 120 MHz, 3996 MHz, 183.62 W, 30
2026/10/08 01:28:53.152, 3, 120 MHz, 3996 MHz, 182.21 W, 30
2026/10/08 01:28:53.152, 4, 120 MHz, 3996 MHz, 184.59 W, 36
2026/10/08 01:28:53.152, 5, 120 MHz, 3996 MHz, 183.86 W, 34
2026/10/08 01:28:53.152, 6, 120 MHz, 3996 MHz, 184.60 W, 29
2026/10/08 01:28:53.152, 7, 120 MHz, 3996 MHz, 184.65 W, 29
2026/10/08 01:28:53.352, 0, 120 MHz, 3996 MHz, 184.47 W, 33
2026/10/08 01:28:53.352, 1, 120 MHz, 3996 MHz, 186.29 W, 35
2026/10/08 01:28:53.352, 2, 120 MHz, 3996 MHz, 183.66 W, 30
2026/10/08 01:28:53.352, 3, 120 MHz, 3996 MHz, 182.21 W, 30
2026/10/08 01:28:53.352, 4, 120 MHz, 3996 MHz, 184.59 W, 36
2026/10/08 01:28:53.352, 5, 120 MHz, 3996 MHz, 183.97 W, 34
2026/10/08 01:28:53.352, 6, 120 MHz, 3996 MHz, 184.64 W, 29
2026/10/08 01:28:53.352, 7, 120 MHz, 3996 MHz, 184.66 W, 29
2026/10/08 01:28:53.552, 0, 120 MHz, 3996 MHz, 184.47 W, 33
2026/10/08 01:28:53.552, 1, 120 MHz, 3996 MHz, 186.29 W, 35
2026/10/08 01:28:53.552, 2, 120 MHz, 3996 MHz, 183.78 W, 30
2026/10/08 01:28:53.552, 3, 120 MHz, 3996 MHz, 182.21 W, 30
2026/10/08 01:28:53.552, 4, 120 MHz, 3996 MHz, 184.59 W, 36
2026/10/08 01:28:53.552, 5, 120 MHz, 3996 MHz, 183.89 W, 34
2026/10/08 01:28:53.552, 6, 120 MHz, 3996 MHz, 184.75 W, 29
2026/10/08 01:28:53.552, 7, 120 MHz, 3996 MHz, 184.66 W, 29
2026/10/08 01:28:53.752, 0, 120 MHz, 3996 MHz, 184.47 W, 33
2026/10/08 01:28:53.752, 1, 120 MHz, 3996 MHz, 186.29 W, 35
2026/10/08 01:28:53.752, 2, 120 MHz, 3996 MHz, 183.82 W, 30
2026/10/08 01:28:53.752, 3, 120 MHz, 3996 MHz, 182.20 W, 30
2026/10/08 01:28:53.752, 4, 120 MHz, 3996 MHz, 184.59 W, 36
2026/10/08 01:28:53.752, 5, 120 MHz, 3996 MHz, 183.96 W, 34
2026/10/08 01:28:53.752, 6, 120 MHz, 3996 MHz, 184.76 W, 29
2026/10/08 01:28:53.752, 7, 120 MHz, 3996 MHz, 184.65 W, 29
2026/10/08 01:28:53.952, 0, 120 MHz, 3996 MHz, 184.47 W, 33
2026/10/08 01:28:53.952, 1, 120 MHz, 3996 MHz, 186.29 W, 35
2026/10/08 01:28:53.952, 2, 120 MHz, 3996 MHz, 183.90 W, 30
2026/10/08 01:28:53.952, 3, 120 MHz, 3996 MHz, 182.19 W, 30
2026/10/08 01:28:53.952, 4, 120 MHz, 3996 MHz, 184.59 W, 36
2026/10/08 01:28:53.952, 5, 120 MHz, 3996 MHz, 184.23 W, 34
2026/10/08 01:28:53.952, 6, 120 MHz, 3996 MHz, 184.76 W, 29
2026/10/08 01:28:53.952, 7, 120 MHz, 3996 MHz, 184.65 W, 29
2026/10/08 01:28:54.153, 0, 120 MHz, 3996 MHz, 184.47 W, 33
2026/10/08 01:28:54.153, 1, 120 MHz, 3996 MHz, 186.29 W, 35
2026/10/08 01:28:54.153, 2, 120 MHz, 3996 MHz, 183.90 W, 30
2026/10/08 01:28:54.153, 3, 120 MHz, 3996 MHz, 182.18 W, 30
2026/10/08 01:28:54.153, 4, 120 MHz, 3996 MHz, 184.59 W, 36
2026/10/08 01:28:54.153, 5, 120 MHz, 3996 MHz, 184.23 W, 34
2026/10/08 01:28:54.153, 6, 120 MHz, 3996 MHz, 184.79 W, 29
2026/10/08 01:28:54.153, 7, 120 MHz, 3996 MHz, 184.65 W, 29
2026/10/08 01:28:54.353, 0, 120 MHz, 3996 MHz, 184.47 W, 33
2026/10/08 01:28:54.353, 1, 120 MHz, 3996 MHz, 186.29 W, 35
2026/10/08 01:28:54.353, 2, 120 MHz, 3996 MHz, 183.94 W, 30
2026/10/08 01:28:54.353, 3, 120 MHz, 3996 MHz, 182.22 W, 30
2026/10/08 01:28:54.353, 4, 120 MHz, 3996 MHz, 184.58 W, 35
2026/10/08 01:28:54.353, 5, 120 MHz, 3996 MHz, 184.23 W, 34
2026/10/08 01:28:54.353, 6, 120 MHz, 3996 MHz, 184.79 W, 29
2026/10/08 01:28:54.353, 7, 120 MHz, 3996 MHz, 184.65 W, 29
2026/10/08 01:28:54.553, 0, 120 MHz, 3996 MHz, 184.47 W, 33
2026/10/08 01:28:54.553, 1, 120 MHz, 3996 MHz, 186.29 W, 35
2026/10/08 01:28:54.553, 2, 120 MHz, 3996 MHz, 183.89 W, 30
2026/10/08 01:28:54.553, 3, 120 MHz, 3996 MHz, 182.23 W, 30
2026/10/08 01:28:54.553, 4, 120 MHz, 3996 MHz, 184.58 W, 36
2026/10/08 01:28:54.553, 5, 120 MHz, 3996 MHz, 184.20 W, 34
2026/10/08 01:28:54.553, 6, 120 MHz, 3996 MHz, 184.79 W, 29
2026/10/08 01:28:54.553, 7, 120 MHz, 3996 MHz, 184.66 W, 29
2026/10/08 01:28:54.753, 0, 120 MHz, 3996 MHz, 184.47 W, 33
2026/10/08 01:28:54.753, 1, 120 MHz, 3996 MHz, 186.29 W, 35
2026/10/08 01:28:54.753, 2, 120 MHz, 3996 MHz, 183.90 W, 30
2026/10/08 01:28:54.753, 3, 120 MHz, 3996 MHz, 182.24 W, 30
2026/10/08 01:28:54.753, 4, 120 MHz, 3996 MHz, 184.58 W, 36
2026/10/08 01:28:54.753, 5, 120 MHz, 3996 MHz, 184.20 W, 34
2026/10/08 01:28:54.753, 6, 120 MHz, 3996 MHz, 184.83 W, 29
2026/10/08 01:28:54.753, 7, 120 MHz, 3996 MHz, 184.65 W, 29
2026/10/08 01:28:54.954, 0, 120 MHz, 3996 MHz, 184.47 W, 33
2026/10/08 01:28:54.954, 1, 120 MHz, 3996 MHz, 186.29 W, 35
2026/10/08 01:28:54.954, 2, 120 MHz, 3996 MHz, 183.89 W, 30
2026/10/08 01:28:54.954, 3, 120 MHz, 3996 MHz, 182.24 W, 30
2026/10/08 01:28:54.954, 4, 120 MHz, 3996 MHz, 184.58 W, 36
2026/10/08 01:28:54.954, 5, 120 MHz, 3996 MHz, 184.13 W, 34
2026/10/08 01:28:54.954, 6, 120 MHz, 3996 MHz, 184.79 W, 29
2026/10/08 01:28:54.954, 7, 120 MHz, 3996 MHz, 184.65 W, 29
2026/10/08 01:28:55.154, 0, 120 MHz, 3996 MHz, 184.47 W, 33
2026/10/08 01:28:55.154, 1, 120 MHz, 3996 MHz, 186.29 W, 35
2026/10/08 01:28:55.154, 2, 120 MHz, 3996 MHz, 183.93 W, 30
2026/10/08 01:28:55.154, 3, 120 MHz, 3996 MHz, 182.26 W, 30
2026/10/08 01:28:55.154, 4, 120 MHz, 3996 MHz, 184.59 W, 36
2026/10/08 01:28:55.154, 5, 120 MHz, 3996 MHz, 184.16 W, 34
2026/10/08 01:28:55.154, 6, 120 MHz, 3996 MHz, 184.79 W, 29
2026/10/08 01:28:55.154, 7, 120 MHz, 3996 MHz, 184.66 W, 29
2026/10/08 01:28:55.354, 0, 120 MHz, 3996 MHz, 184.47 W, 33
2026/10/08 01:28:55.354, 1, 120 MHz, 3996 MHz, 186.29 W, 35
2026/10/08 01:28:55.354, 2, 120 MHz, 3996 MHz, 183.90 W, 30
2026/10/08 01:28:55.354, 3, 120 MHz, 3996 MHz, 182.23 W, 30
2026/10/08 01:28:55.354, 4, 120 MHz, 3996 MHz, 184.59 W, 36
2026/10/08 01:28:55.354, 5, 120 MHz, 3996 MHz, 184.09 W, 34
2026/10/08 01:28:55.354, 6, 120 MHz, 3996 MHz, 184.79 W, 30
2026/10/08 01:28:55.354, 7, 120 MHz, 3996 MHz, 184.65 W, 29
2026/10/08 01:28:55.554, 0, 120 MHz, 3996 MHz, 184.47 W, 33
2026/10/08 01:28:55.554, 1, 120 MHz, 3996 MHz, 186.29 W, 35
2026/10/08 01:28:55.554, 2, 120 MHz, 3996 MHz, 183.98 W, 30
2026/10/08 01:28:55.554, 3, 120 MHz, 3996 MHz, 182.22 W, 30
2026/10/08 01:28:55.554, 4, 120 MHz, 3996 MHz, 184.59 W, 35
2026/10/08 01:28:55.554, 5, 120 MHz, 3996 MHz, 184.16 W, 34
2026/10/08 01:28:55.554, 6, 120 MHz, 3996 MHz, 184.75 W, 30
2026/10/08 01:28:55.554, 7, 120 MHz, 3996 MHz, 184.64 W, 29
2026/10/08 01:28:55.754, 0, 120 MHz, 3996 MHz, 184.47 W, 33
2026/10/08 01:28:55.754, 1, 120 MHz, 3996 MHz, 186.29 W, 35
2026/10/08 01:28:55.754, 2, 120 MHz, 3996 MHz, 183.98 W, 30
2026/10/08 01:28:55.755, 3, 120 MHz, 3996 MHz, 182.20 W, 30
2026/10/08 01:28:55.755, 4, 120 MHz, 3996 MHz, 184.59 W, 35
2026/10/08 01:28:55.755, 5, 120 MHz, 3996 MHz, 184.20 W, 34
2026/10/08 01:28:55.755, 6, 120 MHz, 3996 MHz, 184.71 W, 30
2026/10/08 01:28:55.755, 7, 120 MHz, 3996 MHz, 184.65 W, 29
2026/10/08 01:28:55.955, 0, 120 MHz, 3996 MHz, 184.47 W, 33
2026/10/08 01:28:55.955, 1, 120 MHz, 3996 MHz, 186.29 W, 35
2026/10/08 01:28:55.955, 2, 120 MHz, 3996 MHz, 183.94 W, 30
2026/10/08 01:28:55.955, 3, 120 MHz, 3996 MHz, 182.20 W, 30
2026/10/08 01:28:55.955, 4, 120 MHz, 3996 MHz, 184.58 W, 35
2026/10/08 01:28:55.955, 5, 120 MHz, 3996 MHz, 184.12 W, 34
2026/10/08 01:28:55.955, 6, 120 MHz, 3996 MHz, 184.76 W, 30
2026/10/08 01:28:55.955, 7, 120 MHz, 3996 MHz, 184.64 W, 29
2026/10/08 01:28:56.155, 0, 120 MHz, 3996 MHz, 184.47 W, 33
2026/10/08 01:28:56.155, 1, 120 MHz, 3996 MHz, 186.29 W, 35
2026/10/08 01:28:56.155, 2, 120 MHz, 3996 MHz, 183.94 W, 30
2026/10/08 01:28:56.155, 3, 120 MHz, 3996 MHz, 182.18 W, 30
2026/10/08 01:28:56.155, 4, 120 MHz, 3996 MHz, 184.58 W, 36
2026/10/08 01:28:56.155, 5, 120 MHz, 3996 MHz, 184.12 W, 34
2026/10/08 01:28:56.155, 6, 120 MHz, 3996 MHz, 184.75 W, 30
2026/10/08 01:28:56.155, 7, 120 MHz, 3996 MHz, 184.63 W, 29
2026/10/08 01:28:56.355, 0, 120 MHz, 3996 MHz, 184.47 W, 33
2026/10/08 01:28:56.355, 1, 120 MHz, 3996 MHz, 186.29 W, 35
2026/10/08 01:28:56.355, 2, 120 MHz, 3996 MHz, 183.94 W, 30
2026/10/08 01:28:56.355, 3, 120 MHz, 3996 MHz, 182.17 W, 30
2026/10/08 01:28:56.355, 4, 120 MHz, 3996 MHz, 184.58 W, 36
2026/10/08 01:28:56.355, 5, 120 MHz, 3996 MHz, 184.04 W, 34
2026/10/08 01:28:56.355, 6, 120 MHz, 3996 MHz, 184.75 W, 30
2026/10/08 01:28:56.355, 7, 120 MHz, 3996 MHz, 184.62 W, 29
2026/10/08 01:28:56.555, 0, 120 MHz, 3996 MHz, 184.47 W, 33
2026/10/08 01:28:56.555, 1, 120 MHz, 3996 MHz, 186.29 W, 35
2026/10/08 01:28:56.555, 2, 120 MHz, 3996 MHz, 183.98 W, 30
2026/10/08 01:28:56.555, 3, 120 MHz, 3996 MHz, 182.17 W, 30
2026/10/08 01:28:56.555, 4, 120 MHz, 3996 MHz, 184.58 W, 36
2026/10/08 01:28:56.555, 5, 120 MHz, 3996 MHz, 183.79 W, 34
2026/10/08 01:28:56.555, 6, 120 MHz, 3996 MHz, 184.79 W, 30
2026/10/08 01:28:56.555, 7, 120 MHz, 3996 MHz, 184.62 W, 29
2026/10/08 01:28:56.755, 0, 120 MHz, 3996 MHz, 184.47 W, 33
2026/10/08 01:28:56.755, 1, 120 MHz, 3996 MHz, 186.29 W, 35
2026/10/08 01:28:56.756, 2, 120 MHz, 3996 MHz, 183.97 W, 30
2026/10/08 01:28:56.756, 3, 120 MHz, 3996 MHz, 182.18 W, 30
2026/10/08 01:28:56.756, 4, 120 MHz, 3996 MHz, 184.58 W, 36
2026/10/08 01:28:56.756, 5, 120 MHz, 3996 MHz, 183.62 W, 34
2026/10/08 01:28:56.756, 6, 120 MHz, 3996 MHz, 184.83 W, 30
2026/10/08 01:28:56.756, 7, 120 MHz, 3996 MHz, 184.62 W, 29
2026/10/08 01:28:56.956, 0, 120 MHz, 3996 MHz, 184.47 W, 33
2026/10/08 01:28:56.956, 1, 120 MHz, 3996 MHz, 186.29 W, 35
2026/10/08 01:28:56.956, 2, 120 MHz, 3996 MHz, 184.01 W, 30
2026/10/08 01:28:56.956, 3, 120 MHz, 3996 MHz, 182.18 W, 30
2026/10/08 01:28:56.956, 4, 120 MHz, 3996 MHz, 184.59 W, 35
2026/10/08 01:28:56.956, 5, 120 MHz, 3996 MHz, 183.65 W, 34
2026/10/08 01:28:56.956, 6, 120 MHz, 3996 MHz, 184.83 W, 30
2026/10/08 01:28:56.956, 7, 120 MHz, 3996 MHz, 184.62 W, 29
2026/10/08 01:28:57.156, 0, 120 MHz, 3996 MHz, 184.47 W, 33
2026/10/08 01:28:57.156, 1, 120 MHz, 3996 MHz, 186.29 W, 35
2026/10/08 01:28:57.156, 2, 120 MHz, 3996 MHz, 184.05 W, 30
2026/10/08 01:28:57.156, 3, 120 MHz, 3996 MHz, 182.19 W, 30
2026/10/08 01:28:57.156, 4, 120 MHz, 3996 MHz, 184.59 W, 36
2026/10/08 01:28:57.156, 5, 120 MHz, 3996 MHz, 183.56 W, 34
2026/10/08 01:28:57.156, 6, 120 MHz, 3996 MHz, 184.83 W, 30
2026/10/08 01:28:57.156, 7, 120 MHz, 3996 MHz, 184.62 W, 29
2026/10/08 01:28:57.356, 0, 120 MHz, 3996 MHz, 184.47 W, 33
2026/10/08 01:28:57.356, 1, 120 MHz, 3996 MHz, 186.29 W, 35
2026/10/08 01:28:57.356, 2, 120 MHz, 3996 MHz, 184.05 W, 30
2026/10/08 01:28:57.356, 3, 120 MHz, 3996 MHz, 182.20 W, 30
2026/10/08 01:28:57.356, 4, 120 MHz, 3996 MHz, 184.59 W, 35
2026/10/08 01:28:57.356, 5, 120 MHz, 3996 MHz, 183.57 W, 34
2026/10/08 01:28:57.356, 6, 120 MHz, 3996 MHz, 184.83 W, 30
2026/10/08 01:28:57.356, 7, 120 MHz, 3996 MHz, 184.62 W, 29
2026/10/08 01:28:57.556, 0, 120 MHz, 3996 MHz, 184.47 W, 33
2026/10/08 01:28:57.556, 1, 120 MHz, 3996 MHz, 186.29 W, 35
2026/10/08 01:28:57.556, 2, 120 MHz, 3996 MHz, 184.05 W, 30
2026/10/08 01:28:57.556, 3, 120 MHz, 3996 MHz, 182.21 W, 30
2026/10/08 01:28:57.556, 4, 120 MHz, 3996 MHz, 184.59 W, 35
2026/10/08 01:28:57.556, 5, 120 MHz, 3996 MHz, 183.81 W, 34
2026/10/08 01:28:57.556, 6, 120 MHz, 3996 MHz, 184.83 W, 30
2026/10/08 01:28:57.556, 7, 120 MHz, 3996 MHz, 184.62 W, 29
2026/10/08 01:28:57.757, 0, 120 MHz, 3996 MHz, 184.47 W, 33
2026/10/08 01:28:57.757, 1, 120 MHz, 3996 MHz, 186.29 W, 35
2026/10/08 01:28:57.757, 2, 120 MHz, 3996 MHz, 184.05 W, 30
2026/10/08 01:28:57.757, 3, 120 MHz, 3996 MHz, 182.21 W, 30
2026/10/08 01:28:57.757, 4, 120 MHz, 3996 MHz, 184.59 W, 36
2026/10/08 01:28:57.757, 5, 120 MHz, 3996 MHz, 183.78 W, 34
2026/10/08 01:28:57.757, 6, 120 MHz, 3996 MHz, 184.83 W, 30
2026/10/08 01:28:57.757, 7, 120 MHz, 3996 MHz, 184.62 W, 29
2026/10/08 01:28:57.957, 0, 120 MHz, 3996 MHz, 184.47 W, 33
2026/10/08 01:28:57.957, 1, 120 MHz, 3996 MHz, 186.29 W, 35
2026/10/08 01:28:57.957, 2, 120 MHz, 3996 MHz, 184.05 W, 30
2026/10/08 01:28:57.957, 3, 120 MHz, 3996 MHz, 182.21 W, 30
2026/10/08 01:28:57.957, 4, 120 MHz, 3996 MHz, 184.59 W, 36
2026/10/08 01:28:57.957, 5, 120 MHz, 3996 MHz, 183.80 W, 34
2026/10/08 01:28:57.957, 6, 120 MHz, 3996 MHz, 184.83 W, 30
2026/10/08 01:28:57.957, 7, 120 MHz, 3996 MHz, 184.63 W, 29
2026/10/08 01:28:58.157, 0, 120 MHz, 3996 MHz, 184.47 W, 33
2026/10/08 01:28:58.157, 1, 120 MHz, 3996 MHz, 186.29 W, 35
2026/10/08 01:28:58.157, 2, 120 MHz, 3996 MHz, 184.05 W, 30
2026/10/08 01:28:58.157, 3, 120 MHz, 3996 MHz, 182.21 W, 30
2026/10/08 01:28:58.157, 4, 120 MHz, 3996 MHz, 184.59 W, 36
2026/10/08 01:28:58.157, 5, 120 MHz, 3996 MHz, 183.88 W, 34
2026/10/08 01:28:58.157, 6, 120 MHz, 3996 MHz, 184.83 W, 30
2026/10/08 01:28:58.157, 7, 120 MHz, 3996 MHz, 184.63 W, 29
2026/10/08 01:28:58.357, 0, 120 MHz, 3996 MHz, 184.47 W, 33
2026/10/08 01:28:58.357, 1, 120 MHz, 3996 MHz, 186.29 W, 35
2026/10/08 01:28:58.357, 2, 120 MHz, 3996 MHz, 184.09 W, 30
2026/10/08 01:28:58.357, 3, 120 MHz, 3996 MHz, 182.19 W, 30
2026/10/08 01:28:58.357, 4, 120 MHz, 3996 MHz, 184.59 W, 36
2026/10/08 01:28:58.357, 5, 120 MHz, 3996 MHz, 183.98 W, 34
2026/10/08 01:28:58.357, 6, 120 MHz, 3996 MHz, 184.83 W, 30
2026/10/08 01:28:58.357, 7, 120 MHz, 3996 MHz, 184.62 W, 29
2026/10/08 01:28:58.557, 0, 120 MHz, 3996 MHz, 184.47 W, 33
2026/10/08 01:28:58.557, 1, 120 MHz, 3996 MHz, 186.29 W, 35
2026/10/08 01:28:58.557, 2, 120 MHz, 3996 MHz, 184.09 W, 30
2026/10/08 01:28:58.557, 3, 120 MHz, 3996 MHz, 182.19 W, 30
2026/10/08 01:28:58.557, 4, 120 MHz, 3996 MHz, 184.59 W, 35
2026/10/08 01:28:58.557, 5, 120 MHz, 3996 MHz, 183.98 W, 34
2026/10/08 01:28:58.557, 6, 120 MHz, 3996 MHz, 184.83 W, 30
2026/10/08 01:28:58.557, 7, 120 MHz, 3996 MHz, 184.63 W, 29
