timestamp, index, clocks.current.sm [MHz], clocks.current.memory [MHz], power.draw [W], temperature.gpu
2026/10/07 20:19:20.561, 0, 120 MHz, 3996 MHz, 186.41 W, 34
2026/10/07 20:19:20.563, 1, 120 MHz, 3996 MHz, 188.23 W, 37
2026/10/07 20:19:20.565, 2, 120 MHz, 3996 MHz, 186.05 W, 32
2026/10/07 20:19:20.566, 3, 120 MHz, 3996 MHz, 184.12 W, 32
2026/10/07 20:19:20.568, 4, 120 MHz, 3996 MHz, 184.59 W, 36
2026/10/07 20:19:20.569, 5, 120 MHz, 3996 MHz, 184.28 W, 35
2026/10/07 20:19:20.570, 6, 120 MHz, 3996 MHz, 186.78 W, 32
2026/10/07 20:19:20.572, 7, 120 MHz, 3996 MHz, 186.53 W, 31
2026/10/07 20:19:21.574, 0, 120 MHz, 3996 MHz, 186.41 W, 34
2026/10/07 20:19:21.574, 1, 120 MHz, 3996 MHz, 188.23 W, 37
2026/10/07 20:19:21.574, 2, 120 MHz, 3996 MHz, 186.05 W, 32
2026/10/07 20:19:21.574, 3, 120 MHz, 3996 MHz, 184.15 W, 32
2026/10/07 20:19:21.574, 4, 120 MHz, 3996 MHz, 184.59 W, 36
2026/10/07 20:19:21.574, 5, 120 MHz, 3996 MHz, 184.51 W, 35
2026/10/07 20:19:21.574, 6, 120 MHz, 3996 MHz, 186.78 W, 32
2026/10/07 20:19:21.574, 7, 120 MHz, 3996 MHz, 186.53 W, 31
2026/10/07 20:19:22.574, 0, 120 MHz, 3996 MHz, 186.41 W, 34
2026/10/07 20:19:22.574, 1, 120 MHz, 3996 MHz, 188.23 W, 37
2026/10/07 20:19:22.574, 2, 120 MHz, 3996 MHz, 186.05 W, 32
2026/10/07 20:19:22.574, 3, 120 MHz, 3996 MHz, 184.13 W, 32
2026/10/07 20:19:22.574, 4, 120 MHz, 3996 MHz, 184.59 W, 36
2026/10/07 20:19:22.574, 5, 120 MHz, 3996 MHz, 184.32 W, 35
2026/10/07 20:19:22.574, 6, 120 MHz, 3996 MHz, 186.78 W, 32
2026/10/07 20:19:22.574, 7, 120 MHz, 3996 MHz, 186.49 W, 31
2026/10/07 20:19:23.574, 0, 120 MHz, 3996 MHz, 186.41 W, 34
2026/10/07 20:19:23.574, 1, 120 MHz, 3996 MHz, 188.23 W, 37
2026/10/07 20:19:23.574, 2, 120 MHz, 3996 MHz, 186.05 W, 32
2026/10/07 20:19:23.574, 3, 120 MHz, 3996 MHz, 184.12 W, 32
2026/10/07 20:19:23.574, 4, 120 MHz, 3996 MHz, 184.58 W, 36
2026/10/07 20:19:23.574, 5, 120 MHz, 3996 MHz, 184.47 W, 35
2026/10/07 20:19:23.574, 6, 120 MHz, 3996 MHz, 186.78 W, 32
2026/10/07 20:19:23.574, 7, 120 MHz, 3996 MHz, 186.53 W, 31
2026/10/07 20:19:24.575, 0, 120 MHz, 3996 MHz, 186.41 W, 34
2026/10/07 20:19:24.575, 1, 120 MHz, 3996 MHz, 188.23 W, 37
2026/10/07 20:19:24.575, 2, 120 MHz, 3996 MHz, 186.05 W, 32
2026/10/07 20:19:24.575, 3, 120 MHz, 3996 MHz, 184.10 W, 32
2026/10/07 20:19:24.575, 4, 120 MHz, 3996 MHz, 184.58 W, 36
2026/10/07 20:19:24.575, 5, 120 MHz, 3996 MHz, 184.55 W, 35
2026/10/07 20:19:24.575, 6, 120 MHz, 3996 MHz, 186.78 W, 32
2026/10/07 20:19:24.575, 7, 120 MHz, 3996 MHz, 186.53 W, 31
2026/10/07 20:19:25.575, 0, 120 MHz, 3996 MHz, 186.41 W, 34
2026/10/07 20:19:25.575, 1, 120 MHz, 3996 MHz, 188.23 W, 37
2026/10/07 20:19:25.575, 2, 120 MHz, 3996 MHz, 186.05 W, 32
2026/10/07 20:19:25.575, 3, 120 MHz, 3996 MHz, 184.11 W, 32
2026/10/07 20:19:25.575, 4, 120 MHz, 3996 MHz, 184.51 W, 36
2026/10/07 20:19:25.575, 5, 120 MHz, 3996 MHz, 184.28 W, 35
2026/10/07 20:19:25.575, 6, 120 MHz, 3996 MHz, 186.78 W, 32
2026/10/07 20:19:25.575, 7, 120 MHz, 3996 MHz, 186.53 W, 31
2026/10/07 20:19:26.575, 0, 120 MHz, 3996 MHz, 186.41 W, 35
2026/10/07 20:19:26.575, 1, 120 MHz, 3996 MHz, 188.23 W, 37
2026/10/07 20:19:26.575, 2, 120 MHz, 3996 MHz, 186.05 W, 32
2026/10/07 20:19:26.575, 3, 120 MHz, 3996 MHz, 184.12 W, 32
2026/10/07 20:19:26.575, 4, 120 MHz, 3996 MHz, 184.35 W, 36
2026/10/07 20:19:26.575, 5, 120 MHz, 3996 MHz, 184.39 W, 35
2026/10/07 20:19:26.575, 6, 120 MHz, 3996 MHz, 186.78 W, 32
2026/10/07 20:19:26.575, 7, 120 MHz, 3996 MHz, 186.53 W, 31
2026/10/07 20:19:27.576, 0, 120 MHz, 3996 MHz, 186.41 W, 35
2026/10/07 20:19:27.576, 1, 120 MHz, 3996 MHz, 188.23 W, 37
2026/10/07 20:19:27.576, 2, 120 MHz, 3996 MHz, 186.05 W, 32
2026/10/07 20:19:27.576, 3, 120 MHz, 3996 MHz, 184.10 W, 32
2026/10/07 20:19:27.576, 4, 120 MHz, 3996 MHz, 184.59 W, 36
2026/10/07 20:19:27.576, 5, 120 MHz, 3996 MHz, 183.41 W, 35
2026/10/07 20:19:27.576, 6, 120 MHz, 3996 MHz, 186.78 W, 32
2026/10/07 20:19:27.576, 7, 120 MHz, 3996 MHz, 186.53 W, 31
2026/10/07 20:19:28.576, 0, 120 MHz, 3996 MHz, 186.41 W, 35
2026/10/07 20:19:28.576, 1, 120 MHz, 3996 MHz, 188.23 W, 37
2026/10/07 20:19:28.576, 2, 120 MHz, 3996 MHz, 186.05 W, 32
2026/10/07 20:19:28.576, 3, 120 MHz, 3996 MHz, 184.13 W, 32
2026/10/07 20:19:28.576, 4, 120 MHz, 3996 MHz, 184.59 W, 36
2026/10/07 20:19:28.576, 5, 120 MHz, 3996 MHz, 184.05 W, 35
2026/10/07 20:19:28.576, 6, 120 MHz, 3996 MHz, 186.78 W, 32
2026/10/07 20:19:28.576, 7, 120 MHz, 3996 MHz, 186.53 W, 31
2026/10/07 20:19:29.576, 0, 120 MHz, 3996 MHz, 186.41 W, 35
2026/10/07 20:19:29.577, 1, 120 MHz, 3996 MHz, 188.23 W, 37
2026/10/07 20:19:29.577, 2, 120 MHz, 3996 MHz, 186.05 W, 32
2026/10/07 20:19:29.577, 3, 120 MHz, 3996 MHz, 184.12 W, 33
2026/10/07 20:19:29.577, 4, 120 MHz, 3996 MHz, 184.58 W, 36
2026/10/07 20:19:29.577, 5, 120 MHz, 3996 MHz, 183.71 W, 35
2026/10/07 20:19:29.577, 6, 120 MHz, 3996 MHz, 186.78 W, 32
2026/10/07 20:19:29.577, 7, 120 MHz, 3996 MHz, 186.53 W, 31
2026/10/07 20:19:30.577, 0, 120 MHz, 3996 MHz, 186.41 W, 35
2026/10/07 20:19:30.577, 1, 120 MHz, 3996 MHz, 188.23 W, 37
2026/10/07 20:19:30.577, 2, 120 MHz, 3996 MHz, 186.05 W, 32
2026/10/07 20:19:30.577, 3, 120 MHz, 3996 MHz, 184.10 W, 33
2026/10/07 20:19:30.577, 4, 120 MHz, 3996 MHz, 184.58 W, 37
2026/10/07 20:19:30.577, 5, 120 MHz, 3996 MHz, 184.17 W, 35
2026/10/07 20:19:30.577, 6, 120 MHz, 3996 MHz, 186.78 W, 32
2026/10/07 20:19:30.577, 7, 120 MHz, 3996 MHz, 186.53 W, 31
2026/10/07 20:19:31.577, 0, 120 MHz, 3996 MHz, 186.41 W, 35
2026/10/07 20:19:31.577, 1, 120 MHz, 3996 MHz, 188.23 W, 37
2026/10/07 20:19:31.577, 2, 120 MHz, 3996 MHz, 186.05 W, 32
2026/10/07 20:19:31.577, 3, 120 MHz, 3996 MHz, 184.10 W, 33
2026/10/07 20:19:31.577, 4, 120 MHz, 3996 MHz, 184.59 W, 37
2026/10/07 20:19:31.577, 5, 120 MHz, 3996 MHz, 183.98 W, 35
2026/10/07 20:19:31.577, 6, 120 MHz, 3996 MHz, 186.78 W, 32
2026/10/07 20:19:31.577, 7, 120 MHz, 3996 MHz, 186.53 W, 31
2026/10/07 20:19:32.578, 0, 120 MHz, 3996 MHz, 186.41 W, 35
2026/10/07 20:19:32.578, 1, 120 MHz, 3996 MHz, 188.23 W, 37
2026/10/07 20:19:32.578, 2, 120 MHz, 3996 MHz, 186.05 W, 33
2026/10/07 20:19:32.578, 3, 120 MHz, 3996 MHz, 184.10 W, 33
2026/10/07 20:19:32.578, 4, 120 MHz, 3996 MHz, 184.58 W, 37
2026/10/07 20:19:32.578, 5, 120 MHz, 3996 MHz, 184.05 W, 35
2026/10/07 20:19:32.578, 6, 120 MHz, 3996 MHz, 186.78 W, 32
2026/10/07 20:19:32.578, 7, 120 MHz, 3996 MHz, 186.53 W, 31
2026/10/07 20:19:33.578, 0, 120 MHz, 3996 MHz, 186.41 W, 35
2026/10/07 20:19:33.578, 1, 120 MHz, 3996 MHz, 188.23 W, 37
2026/10/07 20:19:33.578, 2, 120 MHz, 3996 MHz, 186.05 W, 33
2026/10/07 20:19:33.578, 3, 120 MHz, 3996 MHz, 184.11 W, 33
2026/10/07 20:19:33.578, 4, 120 MHz, 3996 MHz, 184.59 W, 37
2026/10/07 20:19:33.578, 5, 120 MHz, 3996 MHz, 183.97 W, 35
2026/10/07 20:19:33.578, 6, 120 MHz, 3996 MHz, 186.78 W, 32
2026/10/07 20:19:33.578, 7, 120 MHz, 3996 MHz, 186.53 W, 31
2026/10/07 20:19:34.578, 0, 120 MHz, 3996 MHz, 186.41 W, 35
2026/10/07 20:19:34.578, 1, 120 MHz, 3996 MHz, 188.23 W, 37
2026/10/07 20:19:34.579, 2, 120 MHz, 3996 MHz, 186.05 W, 33
2026/10/07 20:19:34.579, 3, 120 MHz, 3996 MHz, 184.13 W, 33
2026/10/07 20:19:34.579, 4, 120 MHz, 3996 MHz, 184.59 W, 37
2026/10/07 20:19:34.579, 5, 120 MHz, 3996 MHz, 184.36 W, 35
2026/10/07 20:19:34.579, 6, 120 MHz, 3996 MHz, 186.78 W, 32
2026/10/07 20:19:34.579, 7, 120 MHz, 3996 MHz, 186.53 W, 31
2026/10/07 20:19:35.579, 0, 120 MHz, 3996 MHz, 186.41 W, 35
2026/10/07 20:19:35.579, 1, 120 MHz, 3996 MHz, 188.23 W, 37
2026/10/07 20:19:35.579, 2, 120 MHz, 3996 MHz, 186.05 W, 33
2026/10/07 20:19:35.579, 3, 120 MHz, 3996 MHz, 184.11 W, 33
2026/10/07 20:19:35.579, 4, 120 MHz, 3996 MHz, 184.59 W, 37
2026/10/07 20:19:35.579, 5, 120 MHz, 3996 MHz, 184.00 W, 35
2026/10/07 20:19:35.579, 6, 120 MHz, 3996 MHz, 186.78 W, 32
2026/10/07 20:19:35.579, 7, 120 MHz, 3996 MHz, 186.53 W, 31
2026/10/07 20:19:36.579, 0, 120 MHz, 3996 MHz, 186.41 W, 35
2026/10/07 20:19:36.579, 1, 120 MHz, 3996 MHz, 188.23 W, 37
2026/10/07 20:19:36.579, 2, 120 MHz, 3996 MHz, 185.89 W, 33
2026/10/07 20:19:36.579, 3, 120 MHz, 3996 MHz, 184.11 W, 33
2026/10/07 20:19:36.579, 4, 120 MHz, 3996 MHz, 184.58 W, 37
2026/10/07 20:19:36.579, 5, 120 MHz, 3996 MHz, 184.17 W, 35
2026/10/07 20:19:36.580, 6, 120 MHz, 3996 MHz, 186.78 W, 32
2026/10/07 20:19:36.580, 7, 120 MHz, 3996 MHz, 186.53 W, 31
2026/10/07 20:19:37.580, 0, 120 MHz, 3996 MHz, 186.41 W, 35
2026/10/07 20:19:37.580, 1, 120 MHz, 3996 MHz, 188.19 W, 37
2026/10/07 20:19:37.580, 2, 120 MHz, 3996 MHz, 185.85 W, 33
2026/10/07 20:19:37.580, 3, 120 MHz, 3996 MHz, 184.13 W, 33
2026/10/07 20:19:37.580, 4, 120 MHz, 3996 MHz, 184.59 W, 37
2026/10/07 20:19:37.580, 5, 120 MHz, 3996 MHz, 184.32 W, 35
2026/10/07 20:19:37.580, 6, 120 MHz, 3996 MHz, 186.78 W, 32
2026/10/07 20:19:37.580, 7, 120 MHz, 3996 MHz, 186.53 W, 31
2026/10/07 20:19:38.580, 0, 120 MHz, 3996 MHz, 186.41 W, 35
2026/10/07 20:19:38.580, 1, 120 MHz, 3996 MHz, 188.23 W, 37
2026/10/07 20:19:38.580, 2, 120 MHz, 3996 MHz, 186.05 W, 33
2026/10/07 20:19:38.580, 3, 120 MHz, 3996 MHz, 184.13 W, 33
2026/10/07 20:19:38.580, 4, 120 MHz, 3996 MHz, 184.58 W, 37
2026/10/07 20:19:38.580, 5, 120 MHz, 3996 MHz, 184.36 W, 35
2026/10/07 20:19:38.580, 6, 120 MHz, 3996 MHz, 186.78 W, 32
2026/10/07 20:19:38.580, 7, 120 MHz, 3996 MHz, 186.53 W, 31
2026/10/07 20:19:39.580, 0, 120 MHz, 3996 MHz, 186.37 W, 35
2026/10/07 20:19:39.581, 1, 120 MHz, 3996 MHz, 188.23 W, 37
2026/10/07 20:19:39.581, 2, 120 MHz, 3996 MHz, 186.01 W, 33
2026/10/07 20:19:39.581, 3, 120 MHz, 3996 MHz, 184.13 W, 33
2026/10/07 20:19:39.581, 4, 120 MHz, 3996 MHz, 184.59 W, 37
2026/10/07 20:19:39.581, 5, 120 MHz, 3996 MHz, 183.66 W, 35
2026/10/07 20:19:39.581, 6, 120 MHz, 3996 MHz, 186.78 W, 32
2026/10/07 20:19:39.581, 7, 120 MHz, 3996 MHz, 186.53 W, 31
2026/10/07 20:19:40.581, 0, 120 MHz, 3996 MHz, 186.41 W, 35
2026/10/07 20:19:40.581, 1, 120 MHz, 3996 MHz, 188.23 W, 37
2026/10/07 20:19:40.581, 2, 120 MHz, 3996 MHz, 186.00 W, 33
2026/10/07 20:19:40.581, 3, 2032 MHz, 3996 MHz, 206.94 W, 34
2026/10/07 20:19:40.581, 4, 120 MHz, 3996 MHz, 184.58 W, 37
2026/10/07 20:19:40.581, 5, 120 MHz, 3996 MHz, 183.45 W, 35
2026/10/07 20:19:40.581, 6, 120 MHz, 3996 MHz, 186.78 W, 32
2026/10/07 20:19:40.581, 7, 120 MHz, 3996 MHz, 186.53 W, 32
2026/10/07 20:19:41.581, 0, 120 MHz, 3996 MHz, 186.41 W, 35
2026/10/07 20:19:41.582, 1, 120 MHz, 3996 MHz, 188.23 W, 37
2026/10/07 20:19:41.582, 2, 120 MHz, 3996 MHz, 185.93 W, 33
2026/10/07 20:19:41.582, 3, 2032 MHz, 3996 MHz, 238.39 W, 34
2026/10/07 20:19:41.582, 4, 120 MHz, 3996 MHz, 184.59 W, 37
2026/10/07 20:19:41.582, 5, 120 MHz, 3996 MHz, 183.70 W, 35
2026/10/07 20:19:41.582, 6, 120 MHz, 3996 MHz, 186.78 W, 32
2026/10/07 20:19:41.582, 7, 120 MHz, 3996 MHz, 186.53 W, 32
2026/10/07 20:19:42.582, 0, 120 MHz, 3996 MHz, 186.41 W, 35
2026/10/07 20:19:42.582, 1, 120 MHz, 3996 MHz, 188.23 W, 37
2026/10/07 20:19:42.582, 2, 120 MHz, 3996 MHz, 185.93 W, 33
2026/10/07 20:19:42.582, 3, 2032 MHz, 3996 MHz, 238.73 W, 34
2026/10/07 20:19:42.582, 4, 120 MHz, 3996 MHz, 184.59 W, 37
2026/10/07 20:19:42.582, 5, 120 MHz, 3996 MHz, 183.75 W, 35
2026/10/07 20:19:42.582, 6, 120 MHz, 3996 MHz, 186.78 W, 32
2026/10/07 20:19:42.582, 7, 120 MHz, 3996 MHz, 186.53 W, 32
2026/10/07 20:19:43.582, 0, 120 MHz, 3996 MHz, 186.41 W, 35
2026/10/07 20:19:43.583, 1, 120 MHz, 3996 MHz, 188.23 W, 37
2026/10/07 20:19:43.583, 2, 120 MHz, 3996 MHz, 185.93 W, 33
2026/10/07 20:19:43.583, 3, 2032 MHz, 3996 MHz, 238.61 W, 34
2026/10/07 20:19:43.583, 4, 120 MHz, 3996 MHz, 184.59 W, 37
2026/10/07 20:19:43.583, 5, 120 MHz, 3996 MHz, 183.41 W, 35
2026/10/07 20:19:43.583, 6, 120 MHz, 3996 MHz, 186.78 W, 32
2026/10/07 20:19:43.583, 7, 120 MHz, 3996 MHz, 186.53 W, 32
2026/10/07 20:19:44.583, 0, 120 MHz, 3996 MHz, 186.41 W, 35
2026/10/07 20:19:44.583, 1, 120 MHz, 3996 MHz, 188.15 W, 37
2026/10/07 20:19:44.583, 2, 120 MHz, 3996 MHz, 185.93 W, 33
2026/10/07 20:19:44.583, 3, 2032 MHz, 3996 MHz, 238.77 W, 34
2026/10/07 20:19:44.583, 4, 120 MHz, 3996 MHz, 184.04 W, 37
2026/10/07 20:19:44.583, 5, 120 MHz, 3996 MHz, 182.96 W, 35
2026/10/07 20:19:44.583, 6, 120 MHz, 3996 MHz, 186.78 W, 32
2026/10/07 20:19:44.583, 7, 120 MHz, 3996 MHz, 186.53 W, 32
2026/10/07 20:19:45.583, 0, 120 MHz, 3996 MHz, 186.41 W, 35
2026/10/07 20:19:45.584, 1, 120 MHz, 3996 MHz, 188.11 W, 37
2026/10/07 20:19:45.584, 2, 120 MHz, 3996 MHz, 185.89 W, 33
2026/10/07 20:19:45.584, 3, 2032 MHz, 3996 MHz, 238.85 W, 34
2026/10/07 20:19:45.584, 4, 120 MHz, 3996 MHz, 184.44 W, 37
2026/10/07 20:19:45.584, 5, 120 MHz, 3996 MHz, 183.11 W, 35
2026/10/07 20:19:45.584, 6, 120 MHz, 3996 MHz, 186.78 W, 32
2026/10/07 20:19:45.584, 7, 120 MHz, 3996 MHz, 186.53 W, 32
2026/10/07 20:19:46.584, 0, 120 MHz, 3996 MHz, 186.41 W, 35
2026/10/07 20:19:46.584, 1, 120 MHz, 3996 MHz, 188.23 W, 37
2026/10/07 20:19:46.584, 2, 120 MHz, 3996 MHz, 185.89 W, 33
2026/10/07 20:19:46.584, 3, 2032 MHz, 3996 MHz, 239.12 W, 34
2026/10/07 20:19:46.584, 4, 120 MHz, 3996 MHz, 184.43 W, 37
2026/10/07 20:19:46.584, 5, 120 MHz, 3996 MHz, 183.06 W, 35
2026/10/07 20:19:46.584, 6, 120 MHz, 3996 MHz, 186.78 W, 32
2026/10/07 20:19:46.584, 7, 120 MHz, 3996 MHz, 186.53 W, 32
2026/10/07 20:19:47.584, 0, 120 MHz, 3996 MHz, 186.41 W, 35
2026/10/07 20:19:47.584, 1, 120 MHz, 3996 MHz, 188.15 W, 37
2026/10/07 20:19:47.584, 2, 120 MHz, 3996 MHz, 185.88 W, 33
2026/10/07 20:19:47.584, 3, 2032 MHz, 3996 MHz, 256.89 W, 35
2026/10/07 20:19:47.584, 4, 120 MHz, 3996 MHz, 184.43 W, 37
2026/10/07 20:19:47.584, 5, 2032 MHz, 3996 MHz, 235.05 W, 37
2026/10/07 20:19:47.584, 6, 120 MHz, 3996 MHz, 186.78 W, 32
2026/10/07 20:19:47.584, 7, 120 MHz, 3996 MHz, 186.53 W, 32
2026/10/07 20:19:48.585, 0, 120 MHz, 3996 MHz, 186.41 W, 35
2026/10/07 20:19:48.585, 1, 120 MHz, 3996 MHz, 188.23 W, 37
2026/10/07 20:19:48.585, 2, 120 MHz, 3996 MHz, 185.93 W, 33
2026/10/07 20:19:48.585, 3, 2032 MHz, 3996 MHz, 238.58 W, 34
2026/10/07 20:19:48.585, 4, 120 MHz, 3996 MHz, 184.42 W, 37
2026/10/07 20:19:48.585, 5, 2032 MHz, 3996 MHz, 237.06 W, 37
2026/10/07 20:19:48.585, 6, 120 MHz, 3996 MHz, 186.78 W, 32
2026/10/07 20:19:48.585, 7, 120 MHz, 3996 MHz, 186.53 W, 32
2026/10/07 20:19:49.585, 0, 120 MHz, 3996 MHz, 186.41 W, 35
2026/10/07 20:19:49.585, 1, 120 MHz, 3996 MHz, 188.23 W, 37
2026/10/07 20:19:49.585, 2, 120 MHz, 3996 MHz, 185.93 W, 33
2026/10/07 20:19:49.585, 3, 2032 MHz, 3996 MHz, 238.26 W, 34
2026/10/07 20:19:49.585, 4, 120 MHz, 3996 MHz, 184.46 W, 37
2026/10/07 20:19:49.585, 5, 2032 MHz, 3996 MHz, 237.00 W, 37
2026/10/07 20:19:49.585, 6, 120 MHz, 3996 MHz, 186.78 W, 33
2026/10/07 20:19:49.585, 7, 120 MHz, 3996 MHz, 186.53 W, 32
2026/10/07 20:19:50.586, 0, 120 MHz, 3996 MHz, 186.41 W, 35
2026/10/07 20:19:50.586, 1, 120 MHz, 3996 MHz, 188.23 W, 37
2026/10/07 20:19:50.586, 2, 120 MHz, 3996 MHz, 185.91 W, 33
2026/10/07 20:19:50.586, 3, 2032 MHz, 3996 MHz, 247.29 W, 35
2026/10/07 20:19:50.586, 4, 2032 MHz, 3996 MHz, 230.01 W, 38
2026/10/07 20:19:50.586, 5, 2032 MHz, 3996 MHz, 238.07 W, 37
2026/10/07 20:19:50.586, 6, 2032 MHz, 3996 MHz, 225.00 W, 33
2026/10/07 20:19:50.586, 7, 120 MHz, 3996 MHz, 186.45 W, 32
2026/10/07 20:19:51.586, 0, 120 MHz, 3996 MHz, 186.41 W, 35
2026/10/07 20:19:51.586, 1, 120 MHz, 3996 MHz, 188.23 W, 37
2026/10/07 20:19:51.586, 2, 120 MHz, 3996 MHz, 185.73 W, 33
2026/10/07 20:19:51.586, 3, 2032 MHz, 3996 MHz, 320.90 W, 36
2026/10/07 20:19:51.586, 4, 2032 MHz, 3996 MHz, 235.89 W, 38
2026/10/07 20:19:51.586, 5, 2032 MHz, 3996 MHz, 238.76 W, 37
2026/10/07 20:19:51.586, 6, 2032 MHz, 3996 MHz, 239.15 W, 34
2026/10/07 20:19:51.586, 7, 120 MHz, 3996 MHz, 186.41 W, 32
2026/10/07 20:19:52.586, 0, 120 MHz, 3996 MHz, 186.32 W, 35
2026/10/07 20:19:52.586, 1, 2032 MHz, 3996 MHz, 237.83 W, 39
2026/10/07 20:19:52.586, 2, 120 MHz, 3996 MHz, 185.80 W, 33
2026/10/07 20:19:52.586, 3, 2032 MHz, 3996 MHz, 296.87 W, 36
2026/10/07 20:19:52.586, 4, 2032 MHz, 3996 MHz, 236.20 W, 38
2026/10/07 20:19:52.586, 5, 2032 MHz, 3996 MHz, 238.48 W, 37
2026/10/07 20:19:52.586, 6, 2032 MHz, 3996 MHz, 239.15 W, 34
2026/10/07 20:19:52.586, 7, 120 MHz, 3996 MHz, 186.41 W, 32
2026/10/07 20:19:53.587, 0, 120 MHz, 3996 MHz, 186.29 W, 35
2026/10/07 20:19:53.587, 1, 2032 MHz, 3996 MHz, 249.63 W, 39
2026/10/07 20:19:53.587, 2, 120 MHz, 3996 MHz, 185.84 W, 33
2026/10/07 20:19:53.587, 3, 2032 MHz, 3996 MHz, 280.39 W, 35
2026/10/07 20:19:53.587, 4, 2032 MHz, 3996 MHz, 237.70 W, 38
2026/10/07 20:19:53.587, 5, 2032 MHz, 3996 MHz, 254.19 W, 37
2026/10/07 20:19:53.587, 6, 2032 MHz, 3996 MHz, 240.07 W, 34
2026/10/07 20:19:53.587, 7, 2032 MHz, 3996 MHz, 208.19 W, 33
2026/10/07 20:19:54.587, 0, 2032 MHz, 3996 MHz, 237.00 W, 36
2026/10/07 20:19:54.587, 1, 2032 MHz, 3996 MHz, 249.76 W, 39
2026/10/07 20:19:54.587, 2, 120 MHz, 3996 MHz, 185.91 W, 33
2026/10/07 20:19:54.587, 3, 2032 MHz, 3996 MHz, 244.97 W, 35
2026/10/07 20:19:54.587, 4, 2032 MHz, 3996 MHz, 236.78 W, 39
2026/10/07 20:19:54.587, 5, 2032 MHz, 3996 MHz, 237.30 W, 37
2026/10/07 20:19:54.587, 6, 2032 MHz, 3996 MHz, 240.73 W, 34
2026/10/07 20:19:54.587, 7, 2032 MHz, 3996 MHz, 238.68 W, 33
2026/10/07 20:19:55.587, 0, 2032 MHz, 3996 MHz, 237.52 W, 37
2026/10/07 20:19:55.587, 1, 2032 MHz, 3996 MHz, 250.54 W, 39
2026/10/07 20:19:55.587, 2, 2032 MHz, 3996 MHz, 217.99 W, 34
2026/10/07 20:19:55.587, 3, 2032 MHz, 3996 MHz, 259.33 W, 35
2026/10/07 20:19:55.587, 4, 2032 MHz, 3996 MHz, 236.71 W, 39
2026/10/07 20:19:55.587, 5, 2032 MHz, 3996 MHz, 237.34 W, 37
2026/10/07 20:19:55.587, 6, 2032 MHz, 3996 MHz, 239.95 W, 34
2026/10/07 20:19:55.587, 7, 2032 MHz, 3996 MHz, 238.68 W, 33
2026/10/07 20:19:56.588, 0, 2032 MHz, 3996 MHz, 238.09 W, 37
2026/10/07 20:19:56.588, 1, 2032 MHz, 3996 MHz, 251.06 W, 39
2026/10/07 20:19:56.588, 2, 2032 MHz, 3996 MHz, 237.41 W, 34
2026/10/07 20:19:56.588, 3, 2032 MHz, 3996 MHz, 249.76 W, 35
2026/10/07 20:19:56.588, 4, 2032 MHz, 3996 MHz, 254.94 W, 39
2026/10/07 20:19:56.588, 5, 2032 MHz, 3996 MHz, 272.43 W, 39
2026/10/07 20:19:56.588, 6, 2032 MHz, 3996 MHz, 257.67 W, 34
2026/10/07 20:19:56.588, 7, 2032 MHz, 3996 MHz, 239.38 W, 33
2026/10/07 20:19:57.588, 0, 2032 MHz, 3996 MHz, 238.87 W, 37
2026/10/07 20:19:57.588, 1, 2032 MHz, 3996 MHz, 251.21 W, 39
2026/10/07 20:19:57.588, 2, 2032 MHz, 3996 MHz, 236.63 W, 34
2026/10/07 20:19:57.588, 3, 2032 MHz, 3996 MHz, 244.54 W, 35
2026/10/07 20:19:57.588, 4, 2032 MHz, 3996 MHz, 236.38 W, 39
2026/10/07 20:19:57.588, 5, 2032 MHz, 3996 MHz, 310.99 W, 39
2026/10/07 20:19:57.588, 6, 2032 MHz, 3996 MHz, 239.02 W, 34
2026/10/07 20:19:57.588, 7, 2032 MHz, 3996 MHz, 240.43 W, 33
2026/10/07 20:19:58.588, 0, 2032 MHz, 3996 MHz, 239.28 W, 37
2026/10/07 20:19:58.588, 1, 2032 MHz, 3996 MHz, 269.09 W, 39
2026/10/07 20:19:58.588, 2, 2032 MHz, 3996 MHz, 237.85 W, 34
2026/10/07 20:19:58.588, 3, 2032 MHz, 3996 MHz, 243.76 W, 35
2026/10/07 20:19:58.588, 4, 2032 MHz, 3996 MHz, 236.51 W, 39
2026/10/07 20:19:58.588, 5, 2032 MHz, 3996 MHz, 298.79 W, 38
2026/10/07 20:19:58.588, 6, 2032 MHz, 3996 MHz, 239.18 W, 34
2026/10/07 20:19:58.588, 7, 2032 MHz, 3996 MHz, 239.63 W, 33
2026/10/07 20:19:59.589, 0, 2032 MHz, 3996 MHz, 250.58 W, 37
2026/10/07 20:19:59.589, 1, 2032 MHz, 3996 MHz, 249.96 W, 39
2026/10/07 20:19:59.589, 2, 2032 MHz, 3996 MHz, 238.54 W, 34
2026/10/07 20:19:59.589, 3, 2032 MHz, 3996 MHz, 238.65 W, 35
2026/10/07 20:19:59.589, 4, 2032 MHz, 3996 MHz, 315.89 W, 40
2026/10/07 20:19:59.589, 5, 2032 MHz, 3996 MHz, 260.01 W, 38
2026/10/07 20:19:59.589, 6, 2032 MHz, 3996 MHz, 302.08 W, 36
2026/10/07 20:19:59.589, 7, 2032 MHz, 3996 MHz, 256.91 W, 33
2026/10/07 20:20:00.589, 0, 2032 MHz, 3996 MHz, 250.28 W, 37
2026/10/07 20:20:00.589, 1, 2032 MHz, 3996 MHz, 249.95 W, 39
2026/10/07 20:20:00.589, 2, 2032 MHz, 3996 MHz, 256.55 W, 35
2026/10/07 20:20:00.589, 3, 2032 MHz, 3996 MHz, 238.71 W, 35
2026/10/07 20:20:00.589, 4, 2032 MHz, 3996 MHz, 286.44 W, 40
2026/10/07 20:20:00.589, 5, 2032 MHz, 3996 MHz, 250.39 W, 38
2026/10/07 20:20:00.589, 6, 2032 MHz, 3996 MHz, 294.30 W, 35
2026/10/07 20:20:00.589, 7, 2032 MHz, 3996 MHz, 238.54 W, 33
2026/10/07 20:20:01.589, 0, 2032 MHz, 3996 MHz, 238.37 W, 37
2026/10/07 20:20:01.589, 1, 2032 MHz, 3996 MHz, 297.78 W, 41
2026/10/07 20:20:01.589, 2, 2032 MHz, 3996 MHz, 237.20 W, 34
2026/10/07 20:20:01.589, 3, 2032 MHz, 3996 MHz, 238.61 W, 35
2026/10/07 20:20:01.589, 4, 2032 MHz, 3996 MHz, 300.02 W, 40
2026/10/07 20:20:01.589, 5, 2032 MHz, 3996 MHz, 254.58 W, 38
2026/10/07 20:20:01.589, 6, 2032 MHz, 3996 MHz, 296.87 W, 35
2026/10/07 20:20:01.589, 7, 2032 MHz, 3996 MHz, 238.49 W, 33
2026/10/07 20:20:02.590, 0, 2032 MHz, 3996 MHz, 239.32 W, 37
2026/10/07 20:20:02.590, 1, 2032 MHz, 3996 MHz, 318.32 W, 40
2026/10/07 20:20:02.590, 2, 2032 MHz, 3996 MHz, 256.50 W, 36
2026/10/07 20:20:02.590, 3, 2032 MHz, 3996 MHz, 238.65 W, 35
2026/10/07 20:20:02.590, 4, 2032 MHz, 3996 MHz, 265.12 W, 39
2026/10/07 20:20:02.590, 5, 2032 MHz, 3996 MHz, 250.15 W, 38
2026/10/07 20:20:02.590, 6, 2032 MHz, 3996 MHz, 262.44 W, 35
2026/10/07 20:20:02.590, 7, 2032 MHz, 3996 MHz, 287.30 W, 34
2026/10/07 20:20:03.590, 0, 2032 MHz, 3996 MHz, 324.99 W, 38
2026/10/07 20:20:03.590, 1, 2032 MHz, 3996 MHz, 308.57 W, 40
2026/10/07 20:20:03.590, 2, 2032 MHz, 3996 MHz, 344.85 W, 35
2026/10/07 20:20:03.590, 3, 2032 MHz, 3996 MHz, 238.53 W, 35
2026/10/07 20:20:03.590, 4, 2032 MHz, 3996 MHz, 249.70 W, 39
2026/10/07 20:20:03.590, 5, 2032 MHz, 3996 MHz, 243.15 W, 38
2026/10/07 20:20:03.590, 6, 2032 MHz, 3996 MHz, 261.13 W, 34
2026/10/07 20:20:03.590, 7, 2032 MHz, 3996 MHz, 303.61 W, 34
2026/10/07 20:20:04.590, 0, 2032 MHz, 3996 MHz, 296.63 W, 38
2026/10/07 20:20:04.590, 1, 2032 MHz, 3996 MHz, 273.54 W, 40
2026/10/07 20:20:04.590, 2, 2032 MHz, 3996 MHz, 294.65 W, 35
2026/10/07 20:20:04.590, 3, 2032 MHz, 3996 MHz, 238.45 W, 35
2026/10/07 20:20:04.590, 4, 2032 MHz, 3996 MHz, 243.75 W, 39
2026/10/07 20:20:04.591, 5, 2032 MHz, 3996 MHz, 240.10 W, 38
2026/10/07 20:20:04.591, 6, 2032 MHz, 3996 MHz, 254.52 W, 34
2026/10/07 20:20:04.591, 7, 2032 MHz, 3996 MHz, 298.84 W, 34
2026/10/07 20:20:05.591, 0, 2032 MHz, 3996 MHz, 286.85 W, 38
2026/10/07 20:20:05.591, 1, 2032 MHz, 3996 MHz, 263.27 W, 40
2026/10/07 20:20:05.591, 2, 2032 MHz, 3996 MHz, 259.79 W, 35
2026/10/07 20:20:05.591, 3, 2032 MHz, 3996 MHz, 238.54 W, 35
2026/10/07 20:20:05.591, 4, 2032 MHz, 3996 MHz, 236.70 W, 39
2026/10/07 20:20:05.591, 5, 2032 MHz, 3996 MHz, 238.46 W, 38
2026/10/07 20:20:05.591, 6, 2032 MHz, 3996 MHz, 244.05 W, 34
2026/10/07 20:20:05.591, 7, 2032 MHz, 3996 MHz, 257.90 W, 33
2026/10/07 20:20:06.591, 0, 2032 MHz, 3996 MHz, 250.65 W, 38
2026/10/07 20:20:06.591, 1, 2032 MHz, 3996 MHz, 270.45 W, 40
2026/10/07 20:20:06.591, 2, 2032 MHz, 3996 MHz, 258.91 W, 35
2026/10/07 20:20:06.591, 3, 2032 MHz, 3996 MHz, 238.57 W, 35
2026/10/07 20:20:06.591, 4, 2032 MHz, 3996 MHz, 236.66 W, 39
2026/10/07 20:20:06.591, 5, 2032 MHz, 3996 MHz, 238.57 W, 38
2026/10/07 20:20:06.591, 6, 2032 MHz, 3996 MHz, 246.59 W, 34
2026/10/07 20:20:06.591, 7, 2032 MHz, 3996 MHz, 251.70 W, 33
2026/10/07 20:20:07.591, 0, 2032 MHz, 3996 MHz, 255.50 W, 37
2026/10/07 20:20:07.592, 1, 2032 MHz, 3996 MHz, 261.85 W, 40
2026/10/07 20:20:07.592, 2, 2032 MHz, 3996 MHz, 248.10 W, 34
2026/10/07 20:20:07.592, 3, 2032 MHz, 3996 MHz, 238.59 W, 34
2026/10/07 20:20:07.592, 4, 2032 MHz, 3996 MHz, 236.66 W, 39
2026/10/07 20:20:07.592, 5, 2032 MHz, 3996 MHz, 238.62 W, 38
2026/10/07 20:20:07.592, 6, 2032 MHz, 3996 MHz, 240.21 W, 34
2026/10/07 20:20:07.592, 7, 2032 MHz, 3996 MHz, 258.41 W, 33
2026/10/07 20:20:08.592, 0, 2032 MHz, 3996 MHz, 250.52 W, 37
2026/10/07 20:20:08.592, 1, 2032 MHz, 3996 MHz, 256.22 W, 40
2026/10/07 20:20:08.592, 2, 2032 MHz, 3996 MHz, 243.25 W, 34
2026/10/07 20:20:08.592, 3, 2032 MHz, 3996 MHz, 238.69 W, 34
2026/10/07 20:20:08.592, 4, 2032 MHz, 3996 MHz, 237.16 W, 39
2026/10/07 20:20:08.592, 5, 2032 MHz, 3996 MHz, 238.54 W, 38
2026/10/07 20:20:08.592, 6, 2032 MHz, 3996 MHz, 239.95 W, 34
2026/10/07 20:20:08.592, 7, 2032 MHz, 3996 MHz, 248.62 W, 33
2026/10/07 20:20:09.592, 0, 2032 MHz, 3996 MHz, 243.23 W, 38
2026/10/07 20:20:09.592, 1, 2032 MHz, 3996 MHz, 253.27 W, 40
2026/10/07 20:20:09.592, 2, 2032 MHz, 3996 MHz, 244.33 W, 34
2026/10/07 20:20:09.592, 3, 2032 MHz, 3996 MHz, 238.88 W, 35
2026/10/07 20:20:09.592, 4, 2032 MHz, 3996 MHz, 237.24 W, 39
2026/10/07 20:20:09.592, 5, 2032 MHz, 3996 MHz, 238.51 W, 38
2026/10/07 20:20:09.592, 6, 2032 MHz, 3996 MHz, 239.63 W, 34
2026/10/07 20:20:09.592, 7, 2032 MHz, 3996 MHz, 244.89 W, 33
2026/10/07 20:20:10.593, 0, 2032 MHz, 3996 MHz, 241.73 W, 37
2026/10/07 20:20:10.593, 1, 2032 MHz, 3996 MHz, 251.53 W, 40
2026/10/07 20:20:10.593, 2, 2032 MHz, 3996 MHz, 238.51 W, 34
2026/10/07 20:20:10.593, 3, 2032 MHz, 3996 MHz, 247.39 W, 34
2026/10/07 20:20:10.593, 4, 2032 MHz, 3996 MHz, 245.97 W, 39
2026/10/07 20:20:10.593, 5, 2032 MHz, 3996 MHz, 238.49 W, 38
2026/10/07 20:20:10.593, 6, 2032 MHz, 3996 MHz, 239.71 W, 34
2026/10/07 20:20:10.593, 7, 2032 MHz, 3996 MHz, 241.51 W, 33
2026/10/07 20:20:11.593, 0, 2032 MHz, 3996 MHz, 238.48 W, 37
2026/10/07 20:20:11.593, 1, 2032 MHz, 3996 MHz, 251.60 W, 40
2026/10/07 20:20:11.593, 2, 2032 MHz, 3996 MHz, 238.42 W, 34
2026/10/07 20:20:11.593, 3, 2032 MHz, 3996 MHz, 238.65 W, 34
2026/10/07 20:20:11.593, 4, 2032 MHz, 3996 MHz, 236.66 W, 39
2026/10/07 20:20:11.593, 5, 2032 MHz, 3996 MHz, 238.57 W, 38
2026/10/07 20:20:11.593, 6, 2032 MHz, 3996 MHz, 239.43 W, 34
2026/10/07 20:20:11.593, 7, 2032 MHz, 3996 MHz, 239.63 W, 33
2026/10/07 20:20:12.593, 0, 2032 MHz, 3996 MHz, 238.53 W, 37
2026/10/07 20:20:12.593, 1, 2032 MHz, 3996 MHz, 251.61 W, 40
2026/10/07 20:20:12.593, 2, 2032 MHz, 3996 MHz, 238.42 W, 34
2026/10/07 20:20:12.593, 3, 2032 MHz, 3996 MHz, 238.61 W, 34
2026/10/07 20:20:12.593, 4, 2032 MHz, 3996 MHz, 236.70 W, 39
2026/10/07 20:20:12.593, 5, 2032 MHz, 3996 MHz, 238.60 W, 38
2026/10/07 20:20:12.594, 6, 2032 MHz, 3996 MHz, 239.35 W, 34
2026/10/07 20:20:12.594, 7, 2032 MHz, 3996 MHz, 239.53 W, 33
2026/10/07 20:20:13.594, 0, 2032 MHz, 3996 MHz, 238.45 W, 37
2026/10/07 20:20:13.594, 1, 2032 MHz, 3996 MHz, 251.68 W, 40
2026/10/07 20:20:13.594, 2, 2032 MHz, 3996 MHz, 238.38 W, 34
2026/10/07 20:20:13.594, 3, 2032 MHz, 3996 MHz, 238.61 W, 34
2026/10/07 20:20:13.594, 4, 2032 MHz, 3996 MHz, 236.66 W, 39
2026/10/07 20:20:13.594, 5, 2032 MHz, 3996 MHz, 238.56 W, 38
2026/10/07 20:20:13.594, 6, 2032 MHz, 3996 MHz, 239.29 W, 34
2026/10/07 20:20:13.594, 7, 2032 MHz, 3996 MHz, 239.33 W, 33
2026/10/07 20:20:14.594, 0, 2032 MHz, 3996 MHz, 238.48 W, 37
2026/10/07 20:20:14.594, 1, 2032 MHz, 3996 MHz, 251.78 W, 40
2026/10/07 20:20:14.594, 2, 2032 MHz, 3996 MHz, 238.61 W, 34
2026/10/07 20:20:14.594, 3, 2032 MHz, 3996 MHz, 238.61 W, 34
2026/10/07 20:20:14.594, 4, 2032 MHz, 3996 MHz, 236.70 W, 39
2026/10/07 20:20:14.594, 5, 2032 MHz, 3996 MHz, 238.76 W, 38
2026/10/07 20:20:14.594, 6, 2032 MHz, 3996 MHz, 239.30 W, 34
2026/10/07 20:20:14.594, 7, 2032 MHz, 3996 MHz, 239.71 W, 33
2026/10/07 20:20:15.594, 0, 2032 MHz, 3996 MHz, 238.46 W, 38
2026/10/07 20:20:15.594, 1, 2032 MHz, 3996 MHz, 251.79 W, 40
2026/10/07 20:20:15.594, 2, 2032 MHz, 3996 MHz, 246.54 W, 34
2026/10/07 20:20:15.594, 3, 2032 MHz, 3996 MHz, 238.58 W, 34
2026/10/07 20:20:15.595, 4, 2032 MHz, 3996 MHz, 236.85 W, 39
2026/10/07 20:20:15.595, 5, 2032 MHz, 3996 MHz, 238.67 W, 38
2026/10/07 20:20:15.595, 6, 2032 MHz, 3996 MHz, 239.25 W, 34
2026/10/07 20:20:15.595, 7, 2032 MHz, 3996 MHz, 239.42 W, 33
2026/10/07 20:20:16.595, 0, 2032 MHz, 3996 MHz, 238.46 W, 38
2026/10/07 20:20:16.595, 1, 2032 MHz, 3996 MHz, 251.76 W, 40
2026/10/07 20:20:16.595, 2, 2032 MHz, 3996 MHz, 238.27 W, 34
2026/10/07 20:20:16.595, 3, 2032 MHz, 3996 MHz, 238.61 W, 34
2026/10/07 20:20:16.595, 4, 2032 MHz, 3996 MHz, 237.28 W, 39
2026/10/07 20:20:16.595, 5, 2032 MHz, 3996 MHz, 239.00 W, 38
2026/10/07 20:20:16.595, 6, 2032 MHz, 3996 MHz, 239.26 W, 34
2026/10/07 20:20:16.595, 7, 2032 MHz, 3996 MHz, 247.19 W, 33
2026/10/07 20:20:17.595, 0, 2032 MHz, 3996 MHz, 238.49 W, 38
2026/10/07 20:20:17.595, 1, 2032 MHz, 3996 MHz, 251.84 W, 40
2026/10/07 20:20:17.595, 2, 2032 MHz, 3996 MHz, 238.04 W, 34
2026/10/07 20:20:17.595, 3, 2032 MHz, 3996 MHz, 238.61 W, 34
2026/10/07 20:20:17.595, 4, 2032 MHz, 3996 MHz, 237.29 W, 39
2026/10/07 20:20:17.595, 5, 2032 MHz, 3996 MHz, 247.90 W, 38
2026/10/07 20:20:17.595, 6, 2032 MHz, 3996 MHz, 239.60 W, 34
2026/10/07 20:20:17.595, 7, 2032 MHz, 3996 MHz, 238.76 W, 33
2026/10/07 20:20:18.596, 0, 2032 MHz, 3996 MHz, 238.49 W, 38
2026/10/07 20:20:18.596, 1, 2032 MHz, 3996 MHz, 251.80 W, 40
2026/10/07 20:20:18.596, 2, 2032 MHz, 3996 MHz, 237.91 W, 34
2026/10/07 20:20:18.596, 3, 2032 MHz, 3996 MHz, 238.61 W, 34
2026/10/07 20:20:18.596, 4, 2032 MHz, 3996 MHz, 237.49 W, 39
2026/10/07 20:20:18.596, 5, 2032 MHz, 3996 MHz, 238.63 W, 38
2026/10/07 20:20:18.596, 6, 2032 MHz, 3996 MHz, 239.34 W, 34
2026/10/07 20:20:18.596, 7, 2032 MHz, 3996 MHz, 238.83 W, 33
2026/10/07 20:20:19.596, 0, 2032 MHz, 3996 MHz, 238.44 W, 38
2026/10/07 20:20:19.596, 1, 2032 MHz, 3996 MHz, 251.81 W, 40
2026/10/07 20:20:19.596, 2, 2032 MHz, 3996 MHz, 237.92 W, 34
2026/10/07 20:20:19.596, 3, 2032 MHz, 3996 MHz, 238.61 W, 34
2026/10/07 20:20:19.596, 4, 2032 MHz, 3996 MHz, 237.01 W, 40
2026/10/07 20:20:19.596, 5, 2032 MHz, 3996 MHz, 238.60 W, 38
2026/10/07 20:20:19.596, 6, 2032 MHz, 3996 MHz, 239.68 W, 34
2026/10/07 20:20:19.596, 7, 2032 MHz, 3996 MHz, 238.68 W, 33
2026/10/07 20:20:20.596, 0, 2032 MHz, 3996 MHz, 238.45 W, 38
2026/10/07 20:20:20.596, 1, 2032 MHz, 3996 MHz, 251.82 W, 40
2026/10/07 20:20:20.596, 2, 2032 MHz, 3996 MHz, 237.48 W, 34
2026/10/07 20:20:20.596, 3, 2032 MHz, 3996 MHz, 238.61 W, 34
2026/10/07 20:20:20.596, 4, 2032 MHz, 3996 MHz, 236.74 W, 40
2026/10/07 20:20:20.596, 5, 2032 MHz, 3996 MHz, 238.66 W, 38
2026/10/07 20:20:20.597, 6, 2032 MHz, 3996 MHz, 248.23 W, 34
2026/10/07 20:20:20.597, 7, 2032 MHz, 3996 MHz, 238.69 W, 33
2026/10/07 20:20:21.597, 0, 2032 MHz, 3996 MHz, 238.82 W, 38
2026/10/07 20:20:21.597, 1, 2032 MHz, 3996 MHz, 252.06 W, 40
2026/10/07 20:20:21.597, 2, 2032 MHz, 3996 MHz, 237.38 W, 34
2026/10/07 20:20:21.597, 3, 2032 MHz, 3996 MHz, 238.61 W, 34
2026/10/07 20:20:21.597, 4, 2032 MHz, 3996 MHz, 236.97 W, 40
2026/10/07 20:20:21.597, 5, 2032 MHz, 3996 MHz, 238.80 W, 38
2026/10/07 20:20:21.597, 6, 2032 MHz, 3996 MHz, 239.15 W, 34
2026/10/07 20:20:21.597, 7, 2032 MHz, 3996 MHz, 238.68 W, 33
2026/10/07 20:20:22.597, 0, 2032 MHz, 3996 MHz, 239.27 W, 38
2026/10/07 20:20:22.597, 1, 2032 MHz, 3996 MHz, 261.10 W, 40
2026/10/07 20:20:22.597, 2, 2032 MHz, 3996 MHz, 237.39 W, 34
2026/10/07 20:20:22.597, 3, 2032 MHz, 3996 MHz, 238.57 W, 34
2026/10/07 20:20:22.597, 4, 2032 MHz, 3996 MHz, 236.96 W, 40
2026/10/07 20:20:22.597, 5, 2032 MHz, 3996 MHz, 238.75 W, 38
2026/10/07 20:20:22.597, 6, 2032 MHz, 3996 MHz, 239.19 W, 34
2026/10/07 20:20:22.597, 7, 2032 MHz, 3996 MHz, 238.72 W, 33
2026/10/07 20:20:23.598, 0, 2032 MHz, 3996 MHz, 247.02 W, 38
2026/10/07 20:20:23.598, 1, 2032 MHz, 3996 MHz, 251.77 W, 40
2026/10/07 20:20:23.598, 2, 2032 MHz, 3996 MHz, 237.32 W, 34
2026/10/07 20:20:23.598, 3, 2032 MHz, 3996 MHz, 238.61 W, 34
2026/10/07 20:20:23.598, 4, 2032 MHz, 3996 MHz, 237.15 W, 40
2026/10/07 20:20:23.598, 5, 2032 MHz, 3996 MHz, 238.82 W, 38
2026/10/07 20:20:23.598, 6, 2032 MHz, 3996 MHz, 239.07 W, 34
2026/10/07 20:20:23.598, 7, 2032 MHz, 3996 MHz, 238.68 W, 33
2026/10/07 20:20:24.598, 0, 2032 MHz, 3996 MHz, 238.52 W, 38
2026/10/07 20:20:24.598, 1, 2032 MHz, 3996 MHz, 251.79 W, 40
2026/10/07 20:20:24.598, 2, 2032 MHz, 3996 MHz, 237.19 W, 34
2026/10/07 20:20:24.598, 3, 2032 MHz, 3996 MHz, 238.61 W, 34
2026/10/07 20:20:24.598, 4, 2032 MHz, 3996 MHz, 237.28 W, 40
2026/10/07 20:20:24.598, 5, 2032 MHz, 3996 MHz, 238.94 W, 38
2026/10/07 20:20:24.598, 6, 2032 MHz, 3996 MHz, 239.02 W, 34
2026/10/07 20:20:24.598, 7, 2032 MHz, 3996 MHz, 238.68 W, 33
2026/10/07 20:20:25.598, 0, 2032 MHz, 3996 MHz, 275.13 W, 38
2026/10/07 20:20:25.598, 1, 2032 MHz, 3996 MHz, 284.29 W, 40
2026/10/07 20:20:25.598, 2, 2032 MHz, 3996 MHz, 270.48 W, 34
2026/10/07 20:20:25.599, 3, 2032 MHz, 3996 MHz, 271.39 W, 34
2026/10/07 20:20:25.599, 4, 2032 MHz, 3996 MHz, 268.32 W, 40
2026/10/07 20:20:25.599, 5, 2032 MHz, 3996 MHz, 270.06 W, 38
2026/10/07 20:20:25.599, 6, 2032 MHz, 3996 MHz, 269.35 W, 34
2026/10/07 20:20:25.599, 7, 2032 MHz, 3996 MHz, 270.63 W, 33
2026/10/07 20:20:26.599, 0, 2032 MHz, 3996 MHz, 238.52 W, 38
2026/10/07 20:20:26.599, 1, 2032 MHz, 3996 MHz, 250.26 W, 40
2026/10/07 20:20:26.599, 2, 2032 MHz, 3996 MHz, 236.69 W, 34
2026/10/07 20:20:26.599, 3, 2032 MHz, 3996 MHz, 237.92 W, 34
2026/10/07 20:20:26.599, 4, 2032 MHz, 3996 MHz, 236.62 W, 40
2026/10/07 20:20:26.599, 5, 2032 MHz, 3996 MHz, 238.55 W, 38
2026/10/07 20:20:26.599, 6, 2032 MHz, 3996 MHz, 238.99 W, 34
2026/10/07 20:20:26.599, 7, 2032 MHz, 3996 MHz, 238.68 W, 33
2026/10/07 20:20:27.599, 0, 2032 MHz, 3996 MHz, 238.46 W, 38
2026/10/07 20:20:27.599, 1, 2032 MHz, 3996 MHz, 249.96 W, 40
2026/10/07 20:20:27.599, 2, 2032 MHz, 3996 MHz, 236.66 W, 33
2026/10/07 20:20:27.599, 3, 2032 MHz, 3996 MHz, 237.23 W, 34
2026/10/07 20:20:27.599, 4, 2032 MHz, 3996 MHz, 236.59 W, 40
2026/10/07 20:20:27.599, 5, 2032 MHz, 3996 MHz, 238.51 W, 38
2026/10/07 20:20:27.599, 6, 2032 MHz, 3996 MHz, 238.99 W, 34
2026/10/07 20:20:27.599, 7, 2032 MHz, 3996 MHz, 238.68 W, 32
2026/10/07 20:20:28.600, 0, 2032 MHz, 3996 MHz, 238.48 W, 38
2026/10/07 20:20:28.600, 1, 2032 MHz, 3996 MHz, 249.88 W, 40
2026/10/07 20:20:28.600, 2, 2032 MHz, 3996 MHz, 236.66 W, 33
2026/10/07 20:20:28.600, 3, 2032 MHz, 3996 MHz, 237.09 W, 34
2026/10/07 20:20:28.600, 4, 2032 MHz, 3996 MHz, 236.58 W, 40
2026/10/07 20:20:28.600, 5, 2032 MHz, 3996 MHz, 238.50 W, 38
2026/10/07 20:20:28.600, 6, 2032 MHz, 3996 MHz, 238.99 W, 33
2026/10/07 20:20:28.600, 7, 2032 MHz, 3996 MHz, 238.68 W, 32
2026/10/07 20:20:29.600, 0, 2032 MHz, 3996 MHz, 238.49 W, 38
2026/10/07 20:20:29.600, 1, 2032 MHz, 3996 MHz, 249.97 W, 40
2026/10/07 20:20:29.600, 2, 2032 MHz, 3996 MHz, 236.66 W, 33
2026/10/07 20:20:29.600, 3, 2032 MHz, 3996 MHz, 237.27 W, 34
2026/10/07 20:20:29.600, 4, 2032 MHz, 3996 MHz, 236.59 W, 40
2026/10/07 20:20:29.600, 5, 2032 MHz, 3996 MHz, 238.41 W, 38
2026/10/07 20:20:29.600, 6, 2032 MHz, 3996 MHz, 238.99 W, 33
2026/10/07 20:20:29.600, 7, 2032 MHz, 3996 MHz, 238.68 W, 32
2026/10/07 20:20:30.600, 0, 2032 MHz, 3996 MHz, 238.48 W, 38
2026/10/07 20:20:30.600, 1, 2032 MHz, 3996 MHz, 250.15 W, 40
2026/10/07 20:20:30.600, 2, 2032 MHz, 3996 MHz, 236.66 W, 33
2026/10/07 20:20:30.600, 3, 2032 MHz, 3996 MHz, 237.12 W, 33
2026/10/07 20:20:30.600, 4, 2032 MHz, 3996 MHz, 236.58 W, 40
2026/10/07 20:20:30.601, 5, 2032 MHz, 3996 MHz, 238.50 W, 38
2026/10/07 20:20:30.601, 6, 2032 MHz, 3996 MHz, 238.98 W, 33
2026/10/07 20:20:30.601, 7, 2032 MHz, 3996 MHz, 238.68 W, 32
2026/10/07 20:20:31.601, 0, 2032 MHz, 3996 MHz, 238.50 W, 38
2026/10/07 20:20:31.601, 1, 2032 MHz, 3996 MHz, 249.95 W, 40
2026/10/07 20:20:31.601, 2, 2032 MHz, 3996 MHz, 236.66 W, 33
2026/10/07 20:20:31.601, 3, 2032 MHz, 3996 MHz, 237.08 W, 33
2026/10/07 20:20:31.601, 4, 2032 MHz, 3996 MHz, 236.58 W, 40
2026/10/07 20:20:31.601, 5, 2032 MHz, 3996 MHz, 238.41 W, 38
2026/10/07 20:20:31.601, 6, 1477 MHz, 3996 MHz, 497.01 W, 48
2026/10/07 20:20:31.601, 7, 2032 MHz, 3996 MHz, 238.37 W, 32
2026/10/07 20:20:32.601, 0, 2032 MHz, 3996 MHz, 238.37 W, 38
2026/10/07 20:20:32.601, 1, 2032 MHz, 3996 MHz, 770.05 W, 45
2026/10/07 20:20:32.601, 2, 1612 MHz, 3996 MHz, 477.86 W, 49
2026/10/07 20:20:32.601, 3, 1770 MHz, 3996 MHz, 530.10 W, 50
2026/10/07 20:20:32.601, 4, 2032 MHz, 3996 MHz, 272.48 W, 40
2026/10/07 20:20:32.601, 5, 2032 MHz, 3996 MHz, 745.14 W, 43
2026/10/07 20:20:32.601, 6, 2032 MHz, 3996 MHz, 485.84 W, 36
2026/10/07 20:20:32.601, 7, 2032 MHz, 3996 MHz, 238.25 W, 32
2026/10/07 20:20:33.601, 0, 2032 MHz, 3996 MHz, 738.28 W, 44
2026/10/07 20:20:33.602, 1, 2032 MHz, 3996 MHz, 290.75 W, 50
2026/10/07 20:20:33.602, 2, 2032 MHz, 3996 MHz, 506.74 W, 35
2026/10/07 20:20:33.602, 3, 2032 MHz, 3996 MHz, 466.93 W, 35
2026/10/07 20:20:33.602, 4, 2032 MHz, 3996 MHz, 720.08 W, 44
2026/10/07 20:20:33.602, 5, 1417 MHz, 3996 MHz, 308.85 W, 50
2026/10/07 20:20:33.602, 6, 1297 MHz, 3996 MHz, 656.16 W, 48
2026/10/07 20:20:33.602, 7, 2032 MHz, 3996 MHz, 689.53 W, 43
2026/10/07 20:20:34.602, 0, 1815 MHz, 3996 MHz, 300.89 W, 39
2026/10/07 20:20:34.602, 1, 1297 MHz, 3996 MHz, 1104.77 W, 58
2026/10/07 20:20:34.602, 2, 1320 MHz, 3996 MHz, 632.45 W, 49
2026/10/07 20:20:34.602, 3, 1327 MHz, 3996 MHz, 690.56 W, 50
2026/10/07 20:20:34.602, 4, 1410 MHz, 3996 MHz, 408.02 W, 52
2026/10/07 20:20:34.602, 5, 1372 MHz, 3996 MHz, 1098.87 W, 57
2026/10/07 20:20:34.602, 6, 1327 MHz, 3996 MHz, 1087.63 W, 53
2026/10/07 20:20:34.602, 7, 2032 MHz, 3996 MHz, 313.04 W, 34
2026/10/07 20:20:35.602, 0, 1335 MHz, 3996 MHz, 1096.56 W, 56
2026/10/07 20:20:35.602, 1, 1327 MHz, 3996 MHz, 1087.55 W, 59
2026/10/07 20:20:35.602, 2, 1327 MHz, 3996 MHz, 1086.92 W, 53
2026/10/07 20:20:35.603, 3, 1350 MHz, 3996 MHz, 1082.22 W, 53
2026/10/07 20:20:35.603, 4, 1350 MHz, 3996 MHz, 1088.52 W, 59
2026/10/07 20:20:35.603, 5, 1372 MHz, 3996 MHz, 1089.84 W, 58
2026/10/07 20:20:35.603, 6, 1327 MHz, 3996 MHz, 1087.84 W, 54
2026/10/07 20:20:35.603, 7, 1320 MHz, 3996 MHz, 897.90 W, 48
2026/10/07 20:20:36.603, 0, 1327 MHz, 3996 MHz, 1088.38 W, 57
2026/10/07 20:20:36.603, 1, 1320 MHz, 3996 MHz, 1085.54 W, 59
2026/10/07 20:20:36.603, 2, 1335 MHz, 3996 MHz, 1090.10 W, 53
2026/10/07 20:20:36.603, 3, 1350 MHz, 3996 MHz, 1087.31 W, 53
2026/10/07 20:20:36.603, 4, 1350 MHz, 3996 MHz, 1081.37 W, 60
2026/10/07 20:20:36.603, 5, 1372 MHz, 3996 MHz, 1091.18 W, 59
2026/10/07 20:20:36.603, 6, 1342 MHz, 3996 MHz, 1086.99 W, 54
2026/10/07 20:20:36.603, 7, 1327 MHz, 3996 MHz, 1081.21 W, 51
2026/10/07 20:20:37.603, 0, 1350 MHz, 3996 MHz, 1088.46 W, 58
2026/10/07 20:20:37.603, 1, 1320 MHz, 3996 MHz, 1086.05 W, 59
2026/10/07 20:20:37.603, 2, 1320 MHz, 3996 MHz, 1087.72 W, 54
2026/10/07 20:20:37.603, 3, 1350 MHz, 3996 MHz, 1084.79 W, 54
2026/10/07 20:20:37.603, 4, 1357 MHz, 3996 MHz, 1085.11 W, 60
2026/10/07 20:20:37.603, 5, 1365 MHz, 3996 MHz, 1093.60 W, 59
2026/10/07 20:20:37.603, 6, 1327 MHz, 3996 MHz, 1090.35 W, 55
2026/10/07 20:20:37.603, 7, 1335 MHz, 3996 MHz, 1083.78 W, 52
2026/10/07 20:20:38.604, 0, 1342 MHz, 3996 MHz, 1092.43 W, 58
2026/10/07 20:20:38.604, 1, 1320 MHz, 3996 MHz, 1088.74 W, 60
2026/10/07 20:20:38.604, 2, 1320 MHz, 3996 MHz, 1085.65 W, 54
2026/10/07 20:20:38.604, 3, 1342 MHz, 3996 MHz, 1083.91 W, 54
2026/10/07 20:20:38.604, 4, 1365 MHz, 3996 MHz, 1084.00 W, 61
2026/10/07 20:20:38.604, 5, 1380 MHz, 3996 MHz, 1089.58 W, 59
2026/10/07 20:20:38.604, 6, 1357 MHz, 3996 MHz, 1090.54 W, 55
2026/10/07 20:20:38.604, 7, 1327 MHz, 3996 MHz, 1084.61 W, 52
2026/10/07 20:20:39.604, 0, 1342 MHz, 3996 MHz, 1087.20 W, 58
2026/10/07 20:20:39.604, 1, 1320 MHz, 3996 MHz, 1086.54 W, 60
2026/10/07 20:20:39.604, 2, 1357 MHz, 3996 MHz, 1088.72 W, 55
2026/10/07 20:20:39.604, 3, 1387 MHz, 3996 MHz, 1085.42 W, 55
2026/10/07 20:20:39.604, 4, 1365 MHz, 3996 MHz, 1082.80 W, 61
2026/10/07 20:20:39.604, 5, 1372 MHz, 3996 MHz, 1090.69 W, 60
2026/10/07 20:20:39.604, 6, 1350 MHz, 3996 MHz, 1091.59 W, 55
2026/10/07 20:20:39.604, 7, 1342 MHz, 3996 MHz, 1086.15 W, 52
2026/10/07 20:20:40.604, 0, 1335 MHz, 3996 MHz, 1085.58 W, 58
2026/10/07 20:20:40.604, 1, 1320 MHz, 3996 MHz, 1085.80 W, 61
2026/10/07 20:20:40.604, 2, 1365 MHz, 3996 MHz, 1085.04 W, 54
2026/10/07 20:20:40.604, 3, 1365 MHz, 3996 MHz, 1091.99 W, 55
2026/10/07 20:20:40.604, 4, 1365 MHz, 3996 MHz, 1083.70 W, 62
2026/10/07 20:20:40.604, 5, 1380 MHz, 3996 MHz, 1085.83 W, 60
2026/10/07 20:20:40.604, 6, 1372 MHz, 3996 MHz, 1087.58 W, 56
2026/10/07 20:20:40.604, 7, 1357 MHz, 3996 MHz, 1083.42 W, 53
2026/10/07 20:20:41.605, 0, 1365 MHz, 3996 MHz, 1084.88 W, 59
2026/10/07 20:20:41.605, 1, 1335 MHz, 3996 MHz, 1087.14 W, 61
2026/10/07 20:20:41.605, 2, 1357 MHz, 3996 MHz, 1087.83 W, 55
2026/10/07 20:20:41.605, 3, 1387 MHz, 3996 MHz, 1088.48 W, 55
2026/10/07 20:20:41.605, 4, 1357 MHz, 3996 MHz, 1084.09 W, 62
2026/10/07 20:20:41.605, 5, 1380 MHz, 3996 MHz, 1091.97 W, 61
2026/10/07 20:20:41.605, 6, 1342 MHz, 3996 MHz, 1090.72 W, 56
2026/10/07 20:20:41.605, 7, 1357 MHz, 3996 MHz, 1080.95 W, 53
2026/10/07 20:20:42.605, 0, 1335 MHz, 3996 MHz, 1087.47 W, 59
2026/10/07 20:20:42.605, 1, 1312 MHz, 3996 MHz, 1085.26 W, 61
2026/10/07 20:20:42.605, 2, 1357 MHz, 3996 MHz, 1088.93 W, 55
2026/10/07 20:20:42.605, 3, 1365 MHz, 3996 MHz, 1091.47 W, 55
2026/10/07 20:20:42.605, 4, 1365 MHz, 3996 MHz, 1080.52 W, 62
2026/10/07 20:20:42.605, 5, 2010 MHz, 3996 MHz, 1067.42 W, 56
2026/10/07 20:20:42.605, 6, 2032 MHz, 3996 MHz, 1063.64 W, 51
2026/10/07 20:20:42.605, 7, 1350 MHz, 3996 MHz, 1081.98 W, 53
2026/10/07 20:20:43.605, 0, 1372 MHz, 3996 MHz, 1082.49 W, 59
2026/10/07 20:20:43.605, 1, 2017 MHz, 3996 MHz, 1072.39 W, 57
2026/10/07 20:20:43.605, 2, 2032 MHz, 3996 MHz, 1062.59 W, 50
2026/10/07 20:20:43.605, 3, 2032 MHz, 3996 MHz, 1058.46 W, 50
2026/10/07 20:20:43.605, 4, 1920 MHz, 3996 MHz, 1063.76 W, 58
2026/10/07 20:20:43.605, 5, 2032 MHz, 3996 MHz, 1059.30 W, 56
2026/10/07 20:20:43.605, 6, 2032 MHz, 3996 MHz, 1072.69 W, 51
2026/10/07 20:20:43.605, 7, 1365 MHz, 3996 MHz, 1078.60 W, 53
2026/10/07 20:20:44.605, 0, 2032 MHz, 3996 MHz, 1057.41 W, 55
2026/10/07 20:20:44.605, 1, 2017 MHz, 3996 MHz, 1094.10 W, 58
2026/10/07 20:20:44.606, 2, 2032 MHz, 3996 MHz, 1068.51 W, 50
2026/10/07 20:20:44.606, 3, 2032 MHz, 3996 MHz, 1059.69 W, 50
2026/10/07 20:20:44.606, 4, 2032 MHz, 3996 MHz, 1056.35 W, 58
2026/10/07 20:20:44.606, 5, 2032 MHz, 3996 MHz, 1059.96 W, 57
2026/10/07 20:20:44.606, 6, 2032 MHz, 3996 MHz, 1072.50 W, 51
2026/10/07 20:20:44.606, 7, 2032 MHz, 3996 MHz, 1050.03 W, 49
2026/10/07 20:20:45.606, 0, 2032 MHz, 3996 MHz, 1076.65 W, 55
2026/10/07 20:20:45.606, 1, 2017 MHz, 3996 MHz, 1093.78 W, 58
2026/10/07 20:20:45.606, 2, 2032 MHz, 3996 MHz, 1069.20 W, 50
2026/10/07 20:20:45.606, 3, 2032 MHz, 3996 MHz, 1059.99 W, 51
2026/10/07 20:20:45.606, 4, 2032 MHz, 3996 MHz, 1061.33 W, 58
2026/10/07 20:20:45.606, 5, 2032 MHz, 3996 MHz, 1059.68 W, 57
2026/10/07 20:20:45.606, 6, 2032 MHz, 3996 MHz, 1072.19 W, 52
2026/10/07 20:20:45.606, 7, 2032 MHz, 3996 MHz, 1060.89 W, 49
2026/10/07 20:20:46.606, 0, 2032 MHz, 3996 MHz, 1076.83 W, 56
2026/10/07 20:20:46.606, 1, 2025 MHz, 3996 MHz, 1093.98 W, 58
2026/10/07 20:20:46.606, 2, 2032 MHz, 3996 MHz, 1068.41 W, 51
2026/10/07 20:20:46.606, 3, 2032 MHz, 3996 MHz, 1059.75 W, 51
2026/10/07 20:20:46.606, 4, 2032 MHz, 3996 MHz, 1061.71 W, 58
2026/10/07 20:20:46.606, 5, 2032 MHz, 3996 MHz, 1059.99 W, 57
2026/10/07 20:20:46.606, 6, 2032 MHz, 3996 MHz, 1072.28 W, 52
2026/10/07 20:20:46.606, 7, 2032 MHz, 3996 MHz, 1061.04 W, 49
2026/10/07 20:20:47.607, 0, 2032 MHz, 3996 MHz, 1076.77 W, 56
2026/10/07 20:20:47.607, 1, 2017 MHz, 3996 MHz, 1094.20 W, 59
2026/10/07 20:20:47.607, 2, 2032 MHz, 3996 MHz, 1068.85 W, 51
2026/10/07 20:20:47.607, 3, 2032 MHz, 3996 MHz, 1059.32 W, 51
2026/10/07 20:20:47.607, 4, 2032 MHz, 3996 MHz, 1060.85 W, 59
2026/10/07 20:20:47.607, 5, 2032 MHz, 3996 MHz, 1059.95 W, 58
2026/10/07 20:20:47.607, 6, 2032 MHz, 3996 MHz, 1071.37 W, 52
2026/10/07 20:20:47.607, 7, 2032 MHz, 3996 MHz, 1060.26 W, 49
2026/10/07 20:20:48.607, 0, 2032 MHz, 3996 MHz, 1076.28 W, 57
2026/10/07 20:20:48.607, 1, 2010 MHz, 3996 MHz, 1094.67 W, 59
2026/10/07 20:20:48.607, 2, 2032 MHz, 3996 MHz, 1067.55 W, 51
2026/10/07 20:20:48.607, 3, 2032 MHz, 3996 MHz, 1059.22 W, 51
2026/10/07 20:20:48.607, 4, 2032 MHz, 3996 MHz, 1061.43 W, 59
2026/10/07 20:20:48.607, 5, 2032 MHz, 3996 MHz, 1062.35 W, 58
2026/10/07 20:20:48.607, 6, 2032 MHz, 3996 MHz, 1074.74 W, 52
2026/10/07 20:20:48.607, 7, 2032 MHz, 3996 MHz, 1059.75 W, 50
2026/10/07 20:20:49.607, 0, 2032 MHz, 3996 MHz, 1078.53 W, 57
2026/10/07 20:20:49.607, 1, 2010 MHz, 3996 MHz, 1094.87 W, 60
2026/10/07 20:20:49.607, 2, 2032 MHz, 3996 MHz, 1070.62 W, 52
2026/10/07 20:20:49.607, 3, 2032 MHz, 3996 MHz, 1062.63 W, 52
2026/10/07 20:20:49.608, 4, 2032 MHz, 3996 MHz, 1064.38 W, 60
2026/10/07 20:20:49.608, 5, 2032 MHz, 3996 MHz, 1064.75 W, 59
2026/10/07 20:20:49.608, 6, 2032 MHz, 3996 MHz, 1076.06 W, 53
2026/10/07 20:20:49.608, 7, 2032 MHz, 3996 MHz, 1059.92 W, 50
2026/10/07 20:20:50.608, 0, 2032 MHz, 3996 MHz, 1082.38 W, 57
2026/10/07 20:20:50.608, 1, 2010 MHz, 3996 MHz, 1095.61 W, 60
2026/10/07 20:20:50.608, 2, 2032 MHz, 3996 MHz, 1072.39 W, 52
2026/10/07 20:20:50.608, 3, 2032 MHz, 3996 MHz, 1063.27 W, 52
2026/10/07 20:20:50.608, 4, 2032 MHz, 3996 MHz, 1066.16 W, 60
2026/10/07 20:20:50.608, 5, 2032 MHz, 3996 MHz, 1065.59 W, 59
2026/10/07 20:20:50.608, 6, 2032 MHz, 3996 MHz, 1077.57 W, 53
2026/10/07 20:20:50.608, 7, 2032 MHz, 3996 MHz, 1064.12 W, 50
2026/10/07 20:20:51.608, 0, 2032 MHz, 3996 MHz, 1083.45 W, 58
2026/10/07 20:20:51.608, 1, 2010 MHz, 3996 MHz, 1093.45 W, 60
2026/10/07 20:20:51.608, 2, 2032 MHz, 3996 MHz, 1072.44 W, 52
2026/10/07 20:20:51.608, 3, 2032 MHz, 3996 MHz, 1063.79 W, 52
2026/10/07 20:20:51.608, 4, 2032 MHz, 3996 MHz, 1067.23 W, 60
2026/10/07 20:20:51.608, 5, 2032 MHz, 3996 MHz, 1067.33 W, 59
2026/10/07 20:20:51.608, 6, 2032 MHz, 3996 MHz, 1075.86 W, 53
2026/10/07 20:20:51.608, 7, 2032 MHz, 3996 MHz, 1064.03 W, 50
2026/10/07 20:20:52.608, 0, 2032 MHz, 3996 MHz, 1083.18 W, 58
2026/10/07 20:20:52.608, 1, 2017 MHz, 3996 MHz, 1094.12 W, 60
2026/10/07 20:20:52.608, 2, 2032 MHz, 3996 MHz, 1072.37 W, 52
2026/10/07 20:20:52.608, 3, 2032 MHz, 3996 MHz, 1064.56 W, 52
2026/10/07 20:20:52.609, 4, 2032 MHz, 3996 MHz, 1066.93 W, 61
2026/10/07 20:20:52.609, 5, 2032 MHz, 3996 MHz, 1066.42 W, 60
2026/10/07 20:20:52.609, 6, 2032 MHz, 3996 MHz, 1076.41 W, 54
2026/10/07 20:20:52.609, 7, 2032 MHz, 3996 MHz, 1063.72 W, 51
2026/10/07 20:20:53.609, 0, 2032 MHz, 3996 MHz, 1083.63 W, 58
2026/10/07 20:20:53.609, 1, 2017 MHz, 3996 MHz, 1095.80 W, 61
2026/10/07 20:20:53.609, 2, 2032 MHz, 3996 MHz, 1074.24 W, 52
2026/10/07 20:20:53.609, 3, 2032 MHz, 3996 MHz, 1063.71 W, 53
2026/10/07 20:20:53.609, 4, 2032 MHz, 3996 MHz, 1067.35 W, 61
2026/10/07 20:20:53.609, 5, 2032 MHz, 3996 MHz, 1066.28 W, 60
2026/10/07 20:20:53.609, 6, 2032 MHz, 3996 MHz, 1076.02 W, 54
2026/10/07 20:20:53.609, 7, 2032 MHz, 3996 MHz, 1064.31 W, 51
2026/10/07 20:20:54.609, 0, 2032 MHz, 3996 MHz, 1083.07 W, 59
2026/10/07 20:20:54.609, 1, 2017 MHz, 3996 MHz, 1093.58 W, 61
2026/10/07 20:20:54.609, 2, 2032 MHz, 3996 MHz, 1072.00 W, 53
2026/10/07 20:20:54.609, 3, 2032 MHz, 3996 MHz, 1063.26 W, 53
2026/10/07 20:20:54.609, 4, 2032 MHz, 3996 MHz, 1068.39 W, 61
2026/10/07 20:20:54.609, 5, 2032 MHz, 3996 MHz, 1067.65 W, 60
2026/10/07 20:20:54.609, 6, 2032 MHz, 3996 MHz, 1077.36 W, 54
2026/10/07 20:20:54.609, 7, 2032 MHz, 3996 MHz, 1063.28 W, 51
2026/10/07 20:20:55.609, 0, 2032 MHz, 3996 MHz, 1083.08 W, 59
2026/10/07 20:20:55.609, 1, 2002 MHz, 3996 MHz, 1092.93 W, 61
2026/10/07 20:20:55.609, 2, 2032 MHz, 3996 MHz, 1073.72 W, 53
2026/10/07 20:20:55.609, 3, 2032 MHz, 3996 MHz, 1065.29 W, 53
2026/10/07 20:20:55.609, 4, 2032 MHz, 3996 MHz, 1068.05 W, 62
2026/10/07 20:20:55.609, 5, 2032 MHz, 3996 MHz, 1070.59 W, 61
2026/10/07 20:20:55.609, 6, 2032 MHz, 3996 MHz, 1080.45 W, 54
2026/10/07 20:20:55.609, 7, 2032 MHz, 3996 MHz, 1063.92 W, 51
2026/10/07 20:20:56.610, 0, 2032 MHz, 3996 MHz, 1086.83 W, 60
2026/10/07 20:20:56.610, 1, 2002 MHz, 3996 MHz, 1093.11 W, 62
2026/10/07 20:20:56.610, 2, 2032 MHz, 3996 MHz, 1076.20 W, 53
2026/10/07 20:20:56.610, 3, 2032 MHz, 3996 MHz, 1067.55 W, 53
2026/10/07 20:20:56.610, 4, 2032 MHz, 3996 MHz, 1071.30 W, 62
2026/10/07 20:20:56.610, 5, 2032 MHz, 3996 MHz, 1072.15 W, 61
2026/10/07 20:20:56.610, 6, 2032 MHz, 3996 MHz, 1080.03 W, 54
2026/10/07 20:20:56.610, 7, 2032 MHz, 3996 MHz, 1066.21 W, 51
2026/10/07 20:20:57.610, 0, 2032 MHz, 3996 MHz, 1088.07 W, 60
2026/10/07 20:20:57.610, 1, 2002 MHz, 3996 MHz, 1091.26 W, 62
2026/10/07 20:20:57.610, 2, 2032 MHz, 3996 MHz, 1077.96 W, 53
2026/10/07 20:20:57.610, 3, 2032 MHz, 3996 MHz, 1067.39 W, 53
2026/10/07 20:20:57.610, 4, 2032 MHz, 3996 MHz, 1072.73 W, 62
2026/10/07 20:20:57.610, 5, 2032 MHz, 3996 MHz, 1072.25 W, 61
2026/10/07 20:20:57.610, 6, 2032 MHz, 3996 MHz, 1080.83 W, 54
2026/10/07 20:20:57.610, 7, 2032 MHz, 3996 MHz, 1067.90 W, 52
2026/10/07 20:20:58.610, 0, 2032 MHz, 3996 MHz, 1088.59 W, 60
2026/10/07 20:20:58.610, 1, 2002 MHz, 3996 MHz, 1092.56 W, 62
2026/10/07 20:20:58.610, 2, 2032 MHz, 3996 MHz, 1078.33 W, 53
2026/10/07 20:20:58.610, 3, 2032 MHz, 3996 MHz, 1067.36 W, 54
2026/10/07 20:20:58.610, 4, 2032 MHz, 3996 MHz, 1072.56 W, 63
2026/10/07 20:20:58.611, 5, 2032 MHz, 3996 MHz, 1072.18 W, 62
2026/10/07 20:20:58.611, 6, 2032 MHz, 3996 MHz, 1081.19 W, 55
2026/10/07 20:20:58.611, 7, 2032 MHz, 3996 MHz, 1067.94 W, 52
2026/10/07 20:20:59.611, 0, 2032 MHz, 3996 MHz, 1090.23 W, 60
2026/10/07 20:20:59.611, 1, 2002 MHz, 3996 MHz, 1091.97 W, 63
2026/10/07 20:20:59.611, 2, 2032 MHz, 3996 MHz, 1076.72 W, 54
2026/10/07 20:20:59.611, 3, 2032 MHz, 3996 MHz, 1067.28 W, 54
2026/10/07 20:20:59.611, 4, 2032 MHz, 3996 MHz, 1073.23 W, 63
2026/10/07 20:20:59.611, 5, 2032 MHz, 3996 MHz, 1072.66 W, 62
2026/10/07 20:20:59.611, 6, 2032 MHz, 3996 MHz, 1080.42 W, 55
2026/10/07 20:20:59.611, 7, 2032 MHz, 3996 MHz, 1067.79 W, 52
2026/10/07 20:21:00.611, 0, 2032 MHz, 3996 MHz, 1089.26 W, 61
2026/10/07 20:21:00.611, 1, 2002 MHz, 3996 MHz, 1090.34 W, 63
2026/10/07 20:21:00.611, 2, 2032 MHz, 3996 MHz, 1076.44 W, 54
2026/10/07 20:21:00.611, 3, 2032 MHz, 3996 MHz, 1067.31 W, 54
2026/10/07 20:21:00.611, 4, 2032 MHz, 3996 MHz, 1073.16 W, 63
2026/10/07 20:21:00.611, 5, 2032 MHz, 3996 MHz, 1072.42 W, 62
2026/10/07 20:21:00.611, 6, 2032 MHz, 3996 MHz, 1079.67 W, 55
2026/10/07 20:21:00.611, 7, 2032 MHz, 3996 MHz, 1067.48 W, 52
2026/10/07 20:21:01.611, 0, 2032 MHz, 3996 MHz, 1088.64 W, 61
2026/10/07 20:21:01.612, 1, 1987 MHz, 3996 MHz, 1090.38 W, 63
2026/10/07 20:21:01.612, 2, 2032 MHz, 3996 MHz, 1074.25 W, 54
2026/10/07 20:21:01.612, 3, 2032 MHz, 3996 MHz, 1066.96 W, 54
2026/10/07 20:21:01.612, 4, 2032 MHz, 3996 MHz, 1072.41 W, 64
2026/10/07 20:21:01.612, 5, 2032 MHz, 3996 MHz, 1074.80 W, 63
2026/10/07 20:21:01.612, 6, 2032 MHz, 3996 MHz, 1082.03 W, 55
2026/10/07 20:21:01.612, 7, 2032 MHz, 3996 MHz, 1067.68 W, 52
2026/10/07 20:21:02.612, 0, 2032 MHz, 3996 MHz, 1090.26 W, 61
2026/10/07 20:21:02.612, 1, 1995 MHz, 3996 MHz, 1089.93 W, 63
2026/10/07 20:21:02.612, 2, 2032 MHz, 3996 MHz, 1078.04 W, 54
2026/10/07 20:21:02.612, 3, 2032 MHz, 3996 MHz, 1071.42 W, 54
2026/10/07 20:21:02.612, 4, 2032 MHz, 3996 MHz, 1075.72 W, 64
2026/10/07 20:21:02.612, 5, 2032 MHz, 3996 MHz, 1077.58 W, 63
2026/10/07 20:21:02.612, 6, 2032 MHz, 3996 MHz, 1083.42 W, 55
2026/10/07 20:21:02.612, 7, 2032 MHz, 3996 MHz, 1068.03 W, 52
2026/10/07 20:21:03.613, 0, 2025 MHz, 3996 MHz, 1092.18 W, 62
2026/10/07 20:21:03.613, 1, 2002 MHz, 3996 MHz, 1089.27 W, 64
2026/10/07 20:21:03.613, 2, 2032 MHz, 3996 MHz, 1078.82 W, 54
2026/10/07 20:21:03.613, 3, 2032 MHz, 3996 MHz, 1072.55 W, 54
2026/10/07 20:21:03.613, 4, 2032 MHz, 3996 MHz, 1078.10 W, 64
2026/10/07 20:21:03.613, 5, 2032 MHz, 3996 MHz, 1077.77 W, 63
2026/10/07 20:21:03.613, 6, 2032 MHz, 3996 MHz, 1083.47 W, 55
2026/10/07 20:21:03.613, 7, 2032 MHz, 3996 MHz, 1070.36 W, 53
2026/10/07 20:21:04.613, 0, 2025 MHz, 3996 MHz, 1092.52 W, 62
2026/10/07 20:21:04.613, 1, 2002 MHz, 3996 MHz, 1090.39 W, 64
2026/10/07 20:21:04.613, 2, 2032 MHz, 3996 MHz, 1078.51 W, 54
2026/10/07 20:21:04.613, 3, 2032 MHz, 3996 MHz, 1071.03 W, 55
2026/10/07 20:21:04.613, 4, 2032 MHz, 3996 MHz, 1077.48 W, 64
2026/10/07 20:21:04.613, 5, 2032 MHz, 3996 MHz, 1077.68 W, 64
2026/10/07 20:21:04.613, 6, 2032 MHz, 3996 MHz, 1083.49 W, 56
2026/10/07 20:21:04.613, 7, 2032 MHz, 3996 MHz, 1070.77 W, 53
2026/10/07 20:21:05.613, 0, 2032 MHz, 3996 MHz, 1092.61 W, 62
2026/10/07 20:21:05.613, 1, 1995 MHz, 3996 MHz, 1088.74 W, 64
2026/10/07 20:21:05.613, 2, 2032 MHz, 3996 MHz, 1078.19 W, 54
2026/10/07 20:21:05.613, 3, 2032 MHz, 3996 MHz, 1070.29 W, 55
2026/10/07 20:21:05.613, 4, 2032 MHz, 3996 MHz, 1078.00 W, 65
2026/10/07 20:21:05.614, 5, 2032 MHz, 3996 MHz, 1077.85 W, 64
2026/10/07 20:21:05.614, 6, 2032 MHz, 3996 MHz, 1082.80 W, 56
2026/10/07 20:21:05.614, 7, 2032 MHz, 3996 MHz, 1070.43 W, 53
2026/10/07 20:21:06.614, 0, 2032 MHz, 3996 MHz, 1092.32 W, 62
2026/10/07 20:21:06.614, 1, 1995 MHz, 3996 MHz, 1090.02 W, 64
2026/10/07 20:21:06.614, 2, 2032 MHz, 3996 MHz, 1078.34 W, 54
2026/10/07 20:21:06.614, 3, 2032 MHz, 3996 MHz, 1069.90 W, 55
2026/10/07 20:21:06.614, 4, 2032 MHz, 3996 MHz, 1077.88 W, 65
2026/10/07 20:21:06.614, 5, 2032 MHz, 3996 MHz, 1077.91 W, 64
2026/10/07 20:21:06.614, 6, 2032 MHz, 3996 MHz, 1082.12 W, 56
2026/10/07 20:21:06.614, 7, 2032 MHz, 3996 MHz, 1070.34 W, 53
2026/10/07 20:21:07.614, 0, 2025 MHz, 3996 MHz, 1093.18 W, 62
2026/10/07 20:21:07.614, 1, 2032 MHz, 3996 MHz, 1089.49 W, 64
2026/10/07 20:21:07.614, 2, 2032 MHz, 3996 MHz, 1077.44 W, 54
2026/10/07 20:21:07.614, 3, 2032 MHz, 3996 MHz, 1068.35 W, 55
2026/10/07 20:21:07.614, 4, 2032 MHz, 3996 MHz, 1077.12 W, 65
2026/10/07 20:21:07.614, 5, 2032 MHz, 3996 MHz, 1047.87 W, 63
2026/10/07 20:21:07.614, 6, 2032 MHz, 3996 MHz, 1045.01 W, 55
2026/10/07 20:21:07.614, 7, 2032 MHz, 3996 MHz, 1069.88 W, 53
2026/10/07 20:21:08.614, 0, 2032 MHz, 3996 MHz, 1087.25 W, 63
2026/10/07 20:21:08.615, 1, 2032 MHz, 3996 MHz, 568.43 W, 55
2026/10/07 20:21:08.615, 2, 2032 MHz, 3996 MHz, 1000.27 W, 53
2026/10/07 20:21:08.615, 3, 2032 MHz, 3996 MHz, 851.43 W, 47
2026/10/07 20:21:08.615, 4, 2032 MHz, 3996 MHz, 1064.89 W, 65
2026/10/07 20:21:08.615, 5, 2032 MHz, 3996 MHz, 294.87 W, 53
2026/10/07 20:21:08.615, 6, 2032 MHz, 3996 MHz, 276.43 W, 44
2026/10/07 20:21:08.615, 7, 2032 MHz, 3996 MHz, 1067.41 W, 53
2026/10/07 20:21:09.615, 0, 2032 MHz, 3996 MHz, 633.86 W, 53
2026/10/07 20:21:09.615, 1, 2032 MHz, 3996 MHz, 264.86 W, 53
2026/10/07 20:21:09.615, 2, 2032 MHz, 3996 MHz, 249.74 W, 43
2026/10/07 20:21:09.615, 3, 2032 MHz, 3996 MHz, 248.28 W, 43
2026/10/07 20:21:09.615, 4, 2032 MHz, 3996 MHz, 450.30 W, 54
2026/10/07 20:21:09.615, 5, 2032 MHz, 3996 MHz, 263.51 W, 51
2026/10/07 20:21:09.615, 6, 2032 MHz, 3996 MHz, 248.87 W, 42
2026/10/07 20:21:09.615, 7, 2032 MHz, 3996 MHz, 710.72 W, 44
2026/10/07 20:21:10.615, 0, 2032 MHz, 3996 MHz, 253.23 W, 51
2026/10/07 20:21:10.615, 1, 2032 MHz, 3996 MHz, 275.51 W, 52
2026/10/07 20:21:10.615, 2, 2032 MHz, 3996 MHz, 244.55 W, 41
2026/10/07 20:21:10.615, 3, 2032 MHz, 3996 MHz, 246.40 W, 41
2026/10/07 20:21:10.615, 4, 2032 MHz, 3996 MHz, 250.87 W, 53
2026/10/07 20:21:10.615, 5, 2032 MHz, 3996 MHz, 250.21 W, 51
2026/10/07 20:21:10.615, 6, 2032 MHz, 3996 MHz, 259.69 W, 41
2026/10/07 20:21:10.615, 7, 2032 MHz, 3996 MHz, 248.59 W, 41
2026/10/07 20:21:11.616, 0, 2032 MHz, 3996 MHz, 251.96 W, 50
2026/10/07 20:21:11.616, 1, 2032 MHz, 3996 MHz, 261.52 W, 52
2026/10/07 20:21:11.616, 2, 2032 MHz, 3996 MHz, 255.02 W, 41
2026/10/07 20:21:11.616, 3, 2032 MHz, 3996 MHz, 257.01 W, 41
2026/10/07 20:21:11.616, 4, 2032 MHz, 3996 MHz, 250.00 W, 52
2026/10/07 20:21:11.616, 5, 2032 MHz, 3996 MHz, 249.47 W, 50
2026/10/07 20:21:11.616, 6, 2032 MHz, 3996 MHz, 246.33 W, 40
2026/10/07 20:21:11.616, 7, 2032 MHz, 3996 MHz, 246.62 W, 40
2026/10/07 20:21:12.616, 0, 2032 MHz, 3996 MHz, 262.32 W, 49
2026/10/07 20:21:12.616, 1, 2032 MHz, 3996 MHz, 261.40 W, 51
2026/10/07 20:21:12.616, 2, 2032 MHz, 3996 MHz, 242.38 W, 40
2026/10/07 20:21:12.616, 3, 2032 MHz, 3996 MHz, 244.25 W, 40
2026/10/07 20:21:12.616, 4, 2032 MHz, 3996 MHz, 260.22 W, 51
2026/10/07 20:21:12.616, 5, 2032 MHz, 3996 MHz, 248.55 W, 50
2026/10/07 20:21:12.616, 6, 2032 MHz, 3996 MHz, 244.74 W, 40
2026/10/07 20:21:12.616, 7, 2032 MHz, 3996 MHz, 257.32 W, 40
2026/10/07 20:21:13.616, 0, 2032 MHz, 3996 MHz, 249.99 W, 49
2026/10/07 20:21:13.616, 1, 2032 MHz, 3996 MHz, 261.18 W, 51
2026/10/07 20:21:13.616, 2, 2032 MHz, 3996 MHz, 242.32 W, 39
2026/10/07 20:21:13.616, 3, 2032 MHz, 3996 MHz, 242.88 W, 39
2026/10/07 20:21:13.616, 4, 2032 MHz, 3996 MHz, 247.61 W, 51
2026/10/07 20:21:13.616, 5, 2032 MHz, 3996 MHz, 248.32 W, 49
2026/10/07 20:21:13.616, 6, 2032 MHz, 3996 MHz, 244.78 W, 39
2026/10/07 20:21:13.616, 7, 2032 MHz, 3996 MHz, 244.50 W, 39
2026/10/07 20:21:14.616, 0, 2032 MHz, 3996 MHz, 249.53 W, 48
2026/10/07 20:21:14.617, 1, 2032 MHz, 3996 MHz, 260.26 W, 50
2026/10/07 20:21:14.617, 2, 2032 MHz, 3996 MHz, 241.20 W, 39
2026/10/07 20:21:14.617, 3, 2032 MHz, 3996 MHz, 242.52 W, 39
2026/10/07 20:21:14.617, 4, 2032 MHz, 3996 MHz, 246.35 W, 50
2026/10/07 20:21:14.617, 5, 2032 MHz, 3996 MHz, 248.27 W, 49
2026/10/07 20:21:14.617, 6, 2032 MHz, 3996 MHz, 244.87 W, 39
2026/10/07 20:21:14.617, 7, 2032 MHz, 3996 MHz, 244.22 W, 38
2026/10/07 20:21:15.617, 0, 2032 MHz, 3996 MHz, 248.32 W, 48
2026/10/07 20:21:15.617, 1, 2032 MHz, 3996 MHz, 260.32 W, 50
2026/10/07 20:21:15.617, 2, 2032 MHz, 3996 MHz, 241.77 W, 38
2026/10/07 20:21:15.617, 3, 2032 MHz, 3996 MHz, 242.68 W, 39
2026/10/07 20:21:15.617, 4, 2032 MHz, 3996 MHz, 246.39 W, 50
2026/10/07 20:21:15.617, 5, 2032 MHz, 3996 MHz, 248.12 W, 48
2026/10/07 20:21:15.617, 6, 2032 MHz, 3996 MHz, 244.57 W, 39
2026/10/07 20:21:15.617, 7, 2032 MHz, 3996 MHz, 243.69 W, 38
2026/10/07 20:21:16.617, 0, 2032 MHz, 3996 MHz, 249.18 W, 48
2026/10/07 20:21:16.617, 1, 2025 MHz, 3996 MHz, 259.43 W, 50
2026/10/07 20:21:16.617, 2, 2032 MHz, 3996 MHz, 240.59 W, 38
2026/10/07 20:21:16.617, 3, 2032 MHz, 3996 MHz, 242.48 W, 38
2026/10/07 20:21:16.617, 4, 2032 MHz, 3996 MHz, 246.58 W, 50
2026/10/07 20:21:16.617, 5, 2032 MHz, 3996 MHz, 247.30 W, 48
2026/10/07 20:21:16.617, 6, 442 MHz, 3996 MHz, 232.03 W, 38
2026/10/07 20:21:16.617, 7, 2032 MHz, 3996 MHz, 243.30 W, 37
2026/10/07 20:21:17.617, 0, 2032 MHz, 3996 MHz, 248.22 W, 47
2026/10/07 20:21:17.618, 1, 300 MHz, 3996 MHz, 205.13 W, 48
2026/10/07 20:21:17.618, 2, 330 MHz, 3996 MHz, 193.19 W, 37
2026/10/07 20:21:17.618, 3, 390 MHz, 3996 MHz, 210.51 W, 37
2026/10/07 20:21:17.618, 4, 427 MHz, 3996 MHz, 233.79 W, 49
2026/10/07 20:21:17.618, 5, 315 MHz, 3996 MHz, 200.15 W, 47
2026/10/07 20:21:17.618, 6, 277 MHz, 3996 MHz, 190.81 W, 37
2026/10/07 20:21:17.618, 7, 2032 MHz, 3996 MHz, 242.99 W, 37
2026/10/07 20:21:18.618, 0, 330 MHz, 3996 MHz, 208.53 W, 46
2026/10/07 20:21:18.618, 1, 187 MHz, 3996 MHz, 194.88 W, 48
2026/10/07 20:21:18.618, 2, 210 MHz, 3996 MHz, 188.01 W, 36
2026/10/07 20:21:18.618, 3, 247 MHz, 3996 MHz, 187.74 W, 36
2026/10/07 20:21:18.618, 4, 270 MHz, 3996 MHz, 191.55 W, 48
2026/10/07 20:21:18.618, 5, 202 MHz, 3996 MHz, 190.47 W, 46
2026/10/07 20:21:18.618, 6, 180 MHz, 3996 MHz, 189.17 W, 36
2026/10/07 20:21:18.618, 7, 397 MHz, 3996 MHz, 228.54 W, 36
2026/10/07 20:21:19.618, 0, 210 MHz, 3996 MHz, 192.77 W, 46
2026/10/07 20:21:19.618, 1, 127 MHz, 3996 MHz, 194.16 W, 47
2026/10/07 20:21:19.618, 2, 615 MHz, 3996 MHz, 190.27 W, 36
2026/10/07 20:21:19.618, 3, 157 MHz, 3996 MHz, 186.43 W, 36
2026/10/07 20:21:19.618, 4, 172 MHz, 3996 MHz, 190.50 W, 47
2026/10/07 20:21:19.618, 5, 135 MHz, 3996 MHz, 190.08 W, 46
2026/10/07 20:21:19.618, 6, 120 MHz, 3996 MHz, 188.72 W, 36
2026/10/07 20:21:19.618, 7, 255 MHz, 3996 MHz, 190.99 W, 35
2026/10/07 20:21:20.619, 0, 135 MHz, 3996 MHz, 192.23 W, 45
2026/10/07 20:21:20.619, 1, 120 MHz, 3996 MHz, 194.05 W, 47
2026/10/07 20:21:20.619, 2, 615 MHz, 3996 MHz, 191.92 W, 36
2026/10/07 20:21:20.619, 3, 120 MHz, 3996 MHz, 186.05 W, 36
2026/10/07 20:21:20.619, 4, 120 MHz, 3996 MHz, 190.41 W, 47
2026/10/07 20:21:20.619, 5, 120 MHz, 3996 MHz, 189.56 W, 46
2026/10/07 20:21:20.619, 6, 120 MHz, 3996 MHz, 188.72 W, 36
2026/10/07 20:21:20.619, 7, 157 MHz, 3996 MHz, 189.57 W, 35
2026/10/07 20:21:21.619, 0, 120 MHz, 3996 MHz, 192.15 W, 45
2026/10/07 20:21:21.619, 1, 120 MHz, 3996 MHz, 194.05 W, 47
2026/10/07 20:21:21.619, 2, 120 MHz, 3996 MHz, 188.82 W, 35
2026/10/07 20:21:21.619, 3, 120 MHz, 3996 MHz, 186.05 W, 35
2026/10/07 20:21:21.619, 4, 120 MHz, 3996 MHz, 189.84 W, 47
2026/10/07 20:21:21.619, 5, 120 MHz, 3996 MHz, 189.12 W, 45
2026/10/07 20:21:21.619, 6, 120 MHz, 3996 MHz, 188.72 W, 35
2026/10/07 20:21:21.619, 7, 120 MHz, 3996 MHz, 188.47 W, 35
2026/10/07 20:21:22.619, 0, 120 MHz, 3996 MHz, 191.59 W, 45
2026/10/07 20:21:22.619, 1, 120 MHz, 3996 MHz, 194.05 W, 46
2026/10/07 20:21:22.619, 2, 120 MHz, 3996 MHz, 187.93 W, 35
2026/10/07 20:21:22.619, 3, 120 MHz, 3996 MHz, 185.94 W, 35
2026/10/07 20:21:22.619, 4, 120 MHz, 3996 MHz, 188.46 W, 46
2026/10/07 20:21:22.619, 5, 120 MHz, 3996 MHz, 189.19 W, 45
2026/10/07 20:21:22.619, 6, 120 MHz, 3996 MHz, 188.72 W, 35
2026/10/07 20:21:22.619, 7, 120 MHz, 3996 MHz, 188.47 W, 34
2026/10/07 20:21:23.619, 0, 120 MHz, 3996 MHz, 190.71 W, 44
2026/10/07 20:21:23.620, 1, 120 MHz, 3996 MHz, 194.01 W, 46
2026/10/07 20:21:23.620, 2, 120 MHz, 3996 MHz, 187.57 W, 35
2026/10/07 20:21:23.620, 3, 120 MHz, 3996 MHz, 186.05 W, 35
2026/10/07 20:21:23.620, 4, 120 MHz, 3996 MHz, 188.88 W, 46
2026/10/07 20:21:23.620, 5, 120 MHz, 3996 MHz, 189.13 W, 45
2026/10/07 20:21:23.620, 6, 120 MHz, 3996 MHz, 188.72 W, 35
2026/10/07 20:21:23.620, 7, 120 MHz, 3996 MHz, 188.48 W, 34
2026/10/07 20:21:24.620, 0, 120 MHz, 3996 MHz, 191.47 W, 44
2026/10/07 20:21:24.620, 1, 120 MHz, 3996 MHz, 193.55 W, 46
2026/10/07 20:21:24.620, 2, 120 MHz, 3996 MHz, 186.87 W, 35
2026/10/07 20:21:24.620, 3, 120 MHz, 3996 MHz, 186.05 W, 35
2026/10/07 20:21:24.620, 4, 120 MHz, 3996 MHz, 189.99 W, 46
2026/10/07 20:21:24.620, 5, 120 MHz, 3996 MHz, 188.94 W, 44
2026/10/07 20:21:24.620, 6, 120 MHz, 3996 MHz, 188.72 W, 35
2026/10/07 20:21:24.620, 7, 120 MHz, 3996 MHz, 188.48 W, 34
2026/10/07 20:21:25.620, 0, 120 MHz, 3996 MHz, 192.23 W, 44
2026/10/07 20:21:25.620, 1, 120 MHz, 3996 MHz, 193.00 W, 46
2026/10/07 20:21:25.620, 2, 120 MHz, 3996 MHz, 186.32 W, 34
2026/10/07 20:21:25.620, 3, 120 MHz, 3996 MHz, 186.05 W, 34
2026/10/07 20:21:25.620, 4, 120 MHz, 3996 MHz, 189.11 W, 46
2026/10/07 20:21:25.620, 5, 120 MHz, 3996 MHz, 188.58 W, 44
2026/10/07 20:21:25.620, 6, 120 MHz, 3996 MHz, 188.72 W, 34
2026/10/07 20:21:25.620, 7, 120 MHz, 3996 MHz, 188.48 W, 34
2026/10/07 20:21:26.621, 0, 120 MHz, 3996 MHz, 191.92 W, 43
2026/10/07 20:21:26.621, 1, 120 MHz, 3996 MHz, 192.19 W, 45
2026/10/07 20:21:26.621, 2, 120 MHz, 3996 MHz, 186.43 W, 34
2026/10/07 20:21:26.621, 3, 120 MHz, 3996 MHz, 186.05 W, 34
2026/10/07 20:21:26.621, 4, 120 MHz, 3996 MHz, 189.99 W, 45
2026/10/07 20:21:26.621, 5, 120 MHz, 3996 MHz, 188.52 W, 44
2026/10/07 20:21:26.621, 6, 120 MHz, 3996 MHz, 188.72 W, 34
2026/10/07 20:21:26.621, 7, 120 MHz, 3996 MHz, 188.48 W, 33
2026/10/07 20:21:27.621, 0, 120 MHz, 3996 MHz, 191.10 W, 43
2026/10/07 20:21:27.621, 1, 120 MHz, 3996 MHz, 193.18 W, 45
2026/10/07 20:21:27.621, 2, 120 MHz, 3996 MHz, 186.09 W, 34
2026/10/07 20:21:27.621, 3, 120 MHz, 3996 MHz, 186.05 W, 34
2026/10/07 20:21:27.621, 4, 120 MHz, 3996 MHz, 188.80 W, 45
2026/10/07 20:21:27.621, 5, 120 MHz, 3996 MHz, 188.51 W, 44
2026/10/07 20:21:27.621, 6, 120 MHz, 3996 MHz, 188.72 W, 34
2026/10/07 20:21:27.621, 7, 120 MHz, 3996 MHz, 188.48 W, 33
2026/10/07 20:21:28.621, 0, 120 MHz, 3996 MHz, 190.63 W, 43
2026/10/07 20:21:28.621, 1, 120 MHz, 3996 MHz, 193.31 W, 45
2026/10/07 20:21:28.622, 2, 120 MHz, 3996 MHz, 186.05 W, 34
2026/10/07 20:21:28.622, 3, 120 MHz, 3996 MHz, 185.97 W, 34
2026/10/07 20:21:28.622, 4, 120 MHz, 3996 MHz, 188.47 W, 45
2026/10/07 20:21:28.622, 5, 120 MHz, 3996 MHz, 188.52 W, 43
2026/10/07 20:21:28.622, 6, 120 MHz, 3996 MHz, 188.30 W, 34
2026/10/07 20:21:28.622, 7, 120 MHz, 3996 MHz, 188.48 W, 33
2026/10/07 20:21:29.622, 0, 120 MHz, 3996 MHz, 190.42 W, 43
2026/10/07 20:21:29.622, 1, 120 MHz, 3996 MHz, 192.53 W, 45
2026/10/07 20:21:29.622, 2, 120 MHz, 3996 MHz, 186.05 W, 33
2026/10/07 20:21:29.622, 3, 120 MHz, 3996 MHz, 185.86 W, 34
2026/10/07 20:21:29.623, 4, 120 MHz, 3996 MHz, 188.46 W, 45
2026/10/07 20:21:29.623, 5, 120 MHz, 3996 MHz, 188.44 W, 43
2026/10/07 20:21:29.623, 6, 120 MHz, 3996 MHz, 187.24 W, 33
2026/10/07 20:21:29.623, 7, 120 MHz, 3996 MHz, 188.47 W, 33
2026/10/07 20:21:30.623, 0, 120 MHz, 3996 MHz, 190.29 W, 43
2026/10/07 20:21:30.623, 1, 120 MHz, 3996 MHz, 192.15 W, 44
2026/10/07 20:21:30.623, 2, 120 MHz, 3996 MHz, 186.05 W, 33
2026/10/07 20:21:30.623, 3, 120 MHz, 3996 MHz, 185.40 W, 33
2026/10/07 20:21:30.623, 4, 120 MHz, 3996 MHz, 188.46 W, 45
2026/10/07 20:21:30.623, 5, 120 MHz, 3996 MHz, 188.52 W, 43
2026/10/07 20:21:30.623, 6, 120 MHz, 3996 MHz, 187.27 W, 33
2026/10/07 20:21:30.623, 7, 120 MHz, 3996 MHz, 188.48 W, 32
2026/10/07 20:21:31.623, 0, 120 MHz, 3996 MHz, 190.29 W, 42
2026/10/07 20:21:31.623, 1, 120 MHz, 3996 MHz, 192.11 W, 44
2026/10/07 20:21:31.623, 2, 120 MHz, 3996 MHz, 186.05 W, 33
2026/10/07 20:21:31.623, 3, 120 MHz, 3996 MHz, 185.27 W, 33
2026/10/07 20:21:31.623, 4, 120 MHz, 3996 MHz, 188.46 W, 44
2026/10/07 20:21:31.623, 5, 120 MHz, 3996 MHz, 188.31 W, 43
2026/10/07 20:21:31.623, 6, 120 MHz, 3996 MHz, 186.82 W, 33
2026/10/07 20:21:31.623, 7, 120 MHz, 3996 MHz, 188.40 W, 32
2026/10/07 20:21:32.623, 0, 120 MHz, 3996 MHz, 190.29 W, 42
2026/10/07 20:21:32.624, 1, 120 MHz, 3996 MHz, 192.11 W, 44
2026/10/07 20:21:32.624, 2, 120 MHz, 3996 MHz, 186.05 W, 33
2026/10/07 20:21:32.624, 3, 120 MHz, 3996 MHz, 184.49 W, 33
2026/10/07 20:21:32.624, 4, 120 MHz, 3996 MHz, 188.47 W, 44
2026/10/07 20:21:32.624, 5, 120 MHz, 3996 MHz, 188.01 W, 43
2026/10/07 20:21:32.624, 6, 120 MHz, 3996 MHz, 186.78 W, 33
2026/10/07 20:21:32.624, 7, 120 MHz, 3996 MHz, 187.45 W, 32
2026/10/07 20:21:33.624, 0, 120 MHz, 3996 MHz, 190.29 W, 42
2026/10/07 20:21:33.624, 1, 120 MHz, 3996 MHz, 192.11 W, 44
2026/10/07 20:21:33.624, 2, 120 MHz, 3996 MHz, 186.05 W, 33
2026/10/07 20:21:33.624, 3, 120 MHz, 3996 MHz, 184.09 W, 33
2026/10/07 20:21:33.624, 4, 120 MHz, 3996 MHz, 188.36 W, 44
2026/10/07 20:21:33.624, 5, 120 MHz, 3996 MHz, 187.25 W, 42
2026/10/07 20:21:33.624, 6, 120 MHz, 3996 MHz, 186.78 W, 33
2026/10/07 20:21:33.624, 7, 120 MHz, 3996 MHz, 186.53 W, 32
2026/10/07 20:21:34.624, 0, 120 MHz, 3996 MHz, 190.29 W, 42
2026/10/07 20:21:34.624, 1, 120 MHz, 3996 MHz, 192.11 W, 44
2026/10/07 20:21:34.624, 2, 120 MHz, 3996 MHz, 186.05 W, 33
2026/10/07 20:21:34.625, 3, 120 MHz, 3996 MHz, 184.09 W, 33
2026/10/07 20:21:34.625, 4, 120 MHz, 3996 MHz, 187.28 W, 44
2026/10/07 20:21:34.625, 5, 120 MHz, 3996 MHz, 186.65 W, 42
2026/10/07 20:21:34.625, 6, 120 MHz, 3996 MHz, 186.78 W, 33
2026/10/07 20:21:34.625, 7, 120 MHz, 3996 MHz, 186.53 W, 32
2026/10/07 20:21:35.625, 0, 120 MHz, 3996 MHz, 188.65 W, 41
2026/10/07 20:21:35.625, 1, 120 MHz, 3996 MHz, 192.11 W, 43
2026/10/07 20:21:35.625, 2, 120 MHz, 3996 MHz, 186.05 W, 32
2026/10/07 20:21:35.625, 3, 120 MHz, 3996 MHz, 184.09 W, 33
2026/10/07 20:21:35.625, 4, 120 MHz, 3996 MHz, 187.12 W, 44
2026/10/07 20:21:35.625, 5, 120 MHz, 3996 MHz, 186.80 W, 42
2026/10/07 20:21:35.625, 6, 120 MHz, 3996 MHz, 186.78 W, 33
2026/10/07 20:21:35.625, 7, 120 MHz, 3996 MHz, 186.53 W, 32
2026/10/07 20:21:36.625, 0, 120 MHz, 3996 MHz, 189.57 W, 41
2026/10/07 20:21:36.626, 1, 120 MHz, 3996 MHz, 192.11 W, 43
2026/10/07 20:21:36.626, 2, 120 MHz, 3996 MHz, 186.05 W, 32
2026/10/07 20:21:36.626, 3, 120 MHz, 3996 MHz, 184.09 W, 32
2026/10/07 20:21:36.626, 4, 120 MHz, 3996 MHz, 187.67 W, 43
2026/10/07 20:21:36.626, 5, 120 MHz, 3996 MHz, 187.02 W, 42
2026/10/07 20:21:36.626, 6, 120 MHz, 3996 MHz, 186.78 W, 32
2026/10/07 20:21:36.626, 7, 120 MHz, 3996 MHz, 186.53 W, 31
2026/10/07 20:21:37.626, 0, 120 MHz, 3996 MHz, 189.30 W, 41
2026/10/07 20:21:37.626, 1, 120 MHz, 3996 MHz, 192.11 W, 43
2026/10/07 20:21:37.626, 2, 120 MHz, 3996 MHz, 186.05 W, 32
2026/10/07 20:21:37.626, 3, 120 MHz, 3996 MHz, 184.11 W, 32
2026/10/07 20:21:37.626, 4, 120 MHz, 3996 MHz, 187.51 W, 43
2026/10/07 20:21:37.626, 5, 120 MHz, 3996 MHz, 186.83 W, 42
2026/10/07 20:21:37.626, 6, 120 MHz, 3996 MHz, 186.78 W, 32
2026/10/07 20:21:37.626, 7, 120 MHz, 3996 MHz, 186.53 W, 31
2026/10/07 20:21:38.626, 0, 120 MHz, 3996 MHz, 188.66 W, 41
2026/10/07 20:21:38.627, 1, 120 MHz, 3996 MHz, 192.11 W, 43
2026/10/07 20:21:38.627, 2, 120 MHz, 3996 MHz, 186.01 W, 32
2026/10/07 20:21:38.627, 3, 120 MHz, 3996 MHz, 184.09 W, 32
2026/10/07 20:21:38.627, 4, 120 MHz, 3996 MHz, 187.02 W, 43
2026/10/07 20:21:38.627, 5, 120 MHz, 3996 MHz, 186.75 W, 41
2026/10/07 20:21:38.627, 6, 120 MHz, 3996 MHz, 186.78 W, 32
2026/10/07 20:21:38.627, 7, 120 MHz, 3996 MHz, 186.53 W, 31
2026/10/07 20:21:39.627, 0, 120 MHz, 3996 MHz, 188.51 W, 41
2026/10/07 20:21:39.627, 1, 120 MHz, 3996 MHz, 192.11 W, 43
2026/10/07 20:21:39.627, 2, 120 MHz, 3996 MHz, 186.05 W, 32
2026/10/07 20:21:39.627, 3, 120 MHz, 3996 MHz, 184.11 W, 32
2026/10/07 20:21:39.627, 4, 120 MHz, 3996 MHz, 186.72 W, 43
2026/10/07 20:21:39.627, 5, 120 MHz, 3996 MHz, 186.74 W, 41
2026/10/07 20:21:39.627, 6, 120 MHz, 3996 MHz, 186.78 W, 32
2026/10/07 20:21:39.627, 7, 120 MHz, 3996 MHz, 186.57 W, 31
2026/10/07 20:21:40.627, 0, 120 MHz, 3996 MHz, 188.54 W, 40
2026/10/07 20:21:40.628, 1, 120 MHz, 3996 MHz, 192.11 W, 42
2026/10/07 20:21:40.628, 2, 120 MHz, 3996 MHz, 186.05 W, 32
2026/10/07 20:21:40.628, 3, 120 MHz, 3996 MHz, 184.11 W, 32
2026/10/07 20:21:40.628, 4, 120 MHz, 3996 MHz, 186.61 W, 43
2026/10/07 20:21:40.628, 5, 120 MHz, 3996 MHz, 186.68 W, 41
2026/10/07 20:21:40.628, 6, 120 MHz, 3996 MHz, 186.78 W, 32
2026/10/07 20:21:40.628, 7, 120 MHz, 3996 MHz, 186.57 W, 31
2026/10/07 20:21:41.628, 0, 120 MHz, 3996 MHz, 188.39 W, 40
2026/10/07 20:21:41.628, 1, 120 MHz, 3996 MHz, 191.76 W, 42
2026/10/07 20:21:41.628, 2, 120 MHz, 3996 MHz, 185.30 W, 32
2026/10/07 20:21:41.628, 3, 120 MHz, 3996 MHz, 184.11 W, 32
2026/10/07 20:21:41.628, 4, 120 MHz, 3996 MHz, 186.53 W, 42
2026/10/07 20:21:41.628, 5, 120 MHz, 3996 MHz, 186.54 W, 41
2026/10/07 20:21:41.628, 6, 120 MHz, 3996 MHz, 186.78 W, 32
2026/10/07 20:21:41.628, 7, 120 MHz, 3996 MHz, 186.57 W, 31
2026/10/07 20:21:42.628, 0, 120 MHz, 3996 MHz, 188.35 W, 40
2026/10/07 20:21:42.629, 1, 120 MHz, 3996 MHz, 190.62 W, 42
2026/10/07 20:21:42.629, 2, 2032 MHz, 3996 MHz, 185.16 W, 32
2026/10/07 20:21:42.629, 3, 120 MHz, 3996 MHz, 184.10 W, 32
2026/10/07 20:21:42.629, 4, 120 MHz, 3996 MHz, 186.53 W, 42
2026/10/07 20:21:42.629, 5, 120 MHz, 3996 MHz, 186.55 W, 41
2026/10/07 20:21:42.629, 6, 120 MHz, 3996 MHz, 186.78 W, 32
2026/10/07 20:21:42.629, 7, 120 MHz, 3996 MHz, 186.53 W, 31
2026/10/07 20:21:43.629, 0, 120 MHz, 3996 MHz, 188.35 W, 40
2026/10/07 20:21:43.629, 1, 120 MHz, 3996 MHz, 190.36 W, 42
2026/10/07 20:21:43.629, 2, 2032 MHz, 3996 MHz, 236.77 W, 32
2026/10/07 20:21:43.629, 3, 120 MHz, 3996 MHz, 183.97 W, 32
2026/10/07 20:21:43.629, 4, 120 MHz, 3996 MHz, 186.53 W, 42
2026/10/07 20:21:43.629, 5, 120 MHz, 3996 MHz, 186.52 W, 40
2026/10/07 20:21:43.629, 6, 120 MHz, 3996 MHz, 186.78 W, 32
2026/10/07 20:21:43.629, 7, 120 MHz, 3996 MHz, 186.53 W, 30
2026/10/07 20:21:44.629, 0, 120 MHz, 3996 MHz, 188.35 W, 40
2026/10/07 20:21:44.629, 1, 120 MHz, 3996 MHz, 190.21 W, 42
2026/10/07 20:21:44.629, 2, 2032 MHz, 3996 MHz, 236.81 W, 32
2026/10/07 20:21:44.630, 3, 120 MHz, 3996 MHz, 183.97 W, 31
2026/10/07 20:21:44.630, 4, 120 MHz, 3996 MHz, 186.53 W, 42
2026/10/07 20:21:44.630, 5, 120 MHz, 3996 MHz, 186.41 W, 40
2026/10/07 20:21:44.630, 6, 2032 MHz, 3996 MHz, 204.43 W, 32
2026/10/07 20:21:44.630, 7, 120 MHz, 3996 MHz, 186.50 W, 30
2026/10/07 20:21:45.630, 0, 120 MHz, 3996 MHz, 188.35 W, 40
2026/10/07 20:21:45.630, 1, 120 MHz, 3996 MHz, 190.17 W, 42
2026/10/07 20:21:45.630, 2, 2032 MHz, 3996 MHz, 236.81 W, 32
2026/10/07 20:21:45.630, 3, 120 MHz, 3996 MHz, 183.97 W, 31
2026/10/07 20:21:45.630, 4, 120 MHz, 3996 MHz, 186.51 W, 42
2026/10/07 20:21:45.630, 5, 2032 MHz, 3996 MHz, 196.09 W, 41
2026/10/07 20:21:45.630, 6, 2032 MHz, 3996 MHz, 238.46 W, 32
2026/10/07 20:21:45.630, 7, 120 MHz, 3996 MHz, 186.41 W, 30
2026/10/07 20:21:46.630, 0, 120 MHz, 3996 MHz, 188.35 W, 39
2026/10/07 20:21:46.630, 1, 120 MHz, 3996 MHz, 190.17 W, 41
2026/10/07 20:21:46.630, 2, 2032 MHz, 3996 MHz, 237.19 W, 32
2026/10/07 20:21:46.630, 3, 120 MHz, 3996 MHz, 183.97 W, 31
2026/10/07 20:21:46.630, 4, 2032 MHz, 3996 MHz, 221.42 W, 42
2026/10/07 20:21:46.630, 5, 2032 MHz, 3996 MHz, 240.63 W, 41
2026/10/07 20:21:46.630, 6, 2032 MHz, 3996 MHz, 238.12 W, 32
2026/10/07 20:21:46.630, 7, 120 MHz, 3996 MHz, 186.41 W, 30
2026/10/07 20:21:47.630, 0, 120 MHz, 3996 MHz, 188.35 W, 39
2026/10/07 20:21:47.631, 1, 2032 MHz, 3996 MHz, 194.07 W, 42
2026/10/07 20:21:47.631, 2, 2032 MHz, 3996 MHz, 237.18 W, 32
2026/10/07 20:21:47.631, 3, 2032 MHz, 3996 MHz, 189.48 W, 32
2026/10/07 20:21:47.631, 4, 2032 MHz, 3996 MHz, 238.79 W, 42
2026/10/07 20:21:47.631, 5, 2032 MHz, 3996 MHz, 240.70 W, 41
2026/10/07 20:21:47.631, 6, 2032 MHz, 3996 MHz, 237.43 W, 32
2026/10/07 20:21:47.631, 7, 120 MHz, 3996 MHz, 186.41 W, 30
2026/10/07 20:21:48.631, 0, 120 MHz, 3996 MHz, 188.23 W, 39
2026/10/07 20:21:48.631, 1, 2032 MHz, 3996 MHz, 252.65 W, 42
2026/10/07 20:21:48.631, 2, 2032 MHz, 3996 MHz, 237.91 W, 32
2026/10/07 20:21:48.631, 3, 2032 MHz, 3996 MHz, 236.70 W, 32
2026/10/07 20:21:48.631, 4, 2032 MHz, 3996 MHz, 238.56 W, 42
2026/10/07 20:21:48.631, 5, 2032 MHz, 3996 MHz, 240.64 W, 41
2026/10/07 20:21:48.631, 6, 2032 MHz, 3996 MHz, 239.39 W, 32
2026/10/07 20:21:48.631, 7, 120 MHz, 3996 MHz, 186.41 W, 30
2026/10/07 20:21:49.631, 0, 120 MHz, 3996 MHz, 188.23 W, 39
2026/10/07 20:21:49.631, 1, 2032 MHz, 3996 MHz, 252.07 W, 42
2026/10/07 20:21:49.631, 2, 2032 MHz, 3996 MHz, 255.46 W, 32
2026/10/07 20:21:49.631, 3, 2032 MHz, 3996 MHz, 236.44 W, 32
2026/10/07 20:21:49.631, 4, 2032 MHz, 3996 MHz, 239.85 W, 42
2026/10/07 20:21:49.631, 5, 2032 MHz, 3996 MHz, 242.39 W, 41
2026/10/07 20:21:49.631, 6, 2032 MHz, 3996 MHz, 239.17 W, 32
2026/10/07 20:21:49.631, 7, 120 MHz, 3996 MHz, 186.41 W, 30
2026/10/07 20:21:50.631, 0, 2032 MHz, 3996 MHz, 238.05 W, 40
2026/10/07 20:21:50.631, 1, 2032 MHz, 3996 MHz, 251.95 W, 42
2026/10/07 20:21:50.632, 2, 2032 MHz, 3996 MHz, 236.66 W, 32
2026/10/07 20:21:50.632, 3, 2032 MHz, 3996 MHz, 238.27 W, 32
2026/10/07 20:21:50.632, 4, 2032 MHz, 3996 MHz, 240.46 W, 42
2026/10/07 20:21:50.632, 5, 2032 MHz, 3996 MHz, 242.11 W, 41
2026/10/07 20:21:50.632, 6, 2032 MHz, 3996 MHz, 239.13 W, 32
2026/10/07 20:21:50.632, 7, 120 MHz, 3996 MHz, 186.41 W, 30
2026/10/07 20:21:51.632, 0, 2032 MHz, 3996 MHz, 240.37 W, 40
2026/10/07 20:21:51.632, 1, 2032 MHz, 3996 MHz, 253.72 W, 42
2026/10/07 20:21:51.632, 2, 2032 MHz, 3996 MHz, 236.66 W, 32
2026/10/07 20:21:51.632, 3, 2032 MHz, 3996 MHz, 237.95 W, 32
2026/10/07 20:21:51.632, 4, 2032 MHz, 3996 MHz, 240.13 W, 42
2026/10/07 20:21:51.632, 5, 2032 MHz, 3996 MHz, 259.02 W, 41
2026/10/07 20:21:51.632, 6, 2032 MHz, 3996 MHz, 257.04 W, 32
2026/10/07 20:21:51.632, 7, 120 MHz, 3996 MHz, 186.37 W, 30
2026/10/07 20:21:52.632, 0, 2032 MHz, 3996 MHz, 240.76 W, 40
2026/10/07 20:21:52.632, 1, 2032 MHz, 3996 MHz, 253.73 W, 42
2026/10/07 20:21:52.632, 2, 2032 MHz, 3996 MHz, 273.83 W, 34
2026/10/07 20:21:52.632, 3, 2032 MHz, 3996 MHz, 255.63 W, 32
2026/10/07 20:21:52.632, 4, 2032 MHz, 3996 MHz, 257.14 W, 42
2026/10/07 20:21:52.632, 5, 2032 MHz, 3996 MHz, 240.48 W, 40
2026/10/07 20:21:52.632, 6, 2032 MHz, 3996 MHz, 237.80 W, 32
2026/10/07 20:21:52.632, 7, 2032 MHz, 3996 MHz, 229.10 W, 30
2026/10/07 20:21:53.632, 0, 2032 MHz, 3996 MHz, 242.22 W, 39
2026/10/07 20:21:53.632, 1, 2032 MHz, 3996 MHz, 253.35 W, 42
2026/10/07 20:21:53.632, 2, 2032 MHz, 3996 MHz, 314.71 W, 33
2026/10/07 20:21:53.632, 3, 2032 MHz, 3996 MHz, 236.40 W, 32
2026/10/07 20:21:53.632, 4, 2032 MHz, 3996 MHz, 238.56 W, 42
2026/10/07 20:21:53.632, 5, 2032 MHz, 3996 MHz, 240.25 W, 40
2026/10/07 20:21:53.632, 6, 2032 MHz, 3996 MHz, 238.00 W, 32
2026/10/07 20:21:53.632, 7, 2032 MHz, 3996 MHz, 236.74 W, 31
2026/10/07 20:21:54.633, 0, 2032 MHz, 3996 MHz, 241.59 W, 39
2026/10/07 20:21:54.633, 1, 2032 MHz, 3996 MHz, 271.32 W, 42
2026/10/07 20:21:54.633, 2, 2032 MHz, 3996 MHz, 300.34 W, 33
2026/10/07 20:21:54.633, 3, 2032 MHz, 3996 MHz, 335.52 W, 34
2026/10/07 20:21:54.633, 4, 2032 MHz, 3996 MHz, 238.64 W, 42
2026/10/07 20:21:54.633, 5, 2032 MHz, 3996 MHz, 252.31 W, 41
2026/10/07 20:21:54.633, 6, 2032 MHz, 3996 MHz, 320.60 W, 33
2026/10/07 20:21:54.633, 7, 2032 MHz, 3996 MHz, 236.57 W, 30
2026/10/07 20:21:55.633, 0, 2032 MHz, 3996 MHz, 259.38 W, 39
2026/10/07 20:21:55.633, 1, 2032 MHz, 3996 MHz, 251.89 W, 42
2026/10/07 20:21:55.633, 2, 2032 MHz, 3996 MHz, 257.75 W, 32
2026/10/07 20:21:55.633, 3, 2032 MHz, 3996 MHz, 324.39 W, 33
2026/10/07 20:21:55.633, 4, 2032 MHz, 3996 MHz, 297.93 W, 43
2026/10/07 20:21:55.633, 5, 2032 MHz, 3996 MHz, 322.64 W, 41
2026/10/07 20:21:55.633, 6, 2032 MHz, 3996 MHz, 301.14 W, 33
2026/10/07 20:21:55.633, 7, 2032 MHz, 3996 MHz, 238.08 W, 30
2026/10/07 20:21:56.633, 0, 2032 MHz, 3996 MHz, 240.39 W, 39
2026/10/07 20:21:56.633, 1, 2032 MHz, 3996 MHz, 252.20 W, 42
2026/10/07 20:21:56.633, 2, 2032 MHz, 3996 MHz, 250.79 W, 32
2026/10/07 20:21:56.633, 3, 2032 MHz, 3996 MHz, 252.38 W, 32
2026/10/07 20:21:56.633, 4, 2032 MHz, 3996 MHz, 305.28 W, 43
2026/10/07 20:21:56.633, 5, 2032 MHz, 3996 MHz, 302.76 W, 42
2026/10/07 20:21:56.633, 6, 2032 MHz, 3996 MHz, 287.94 W, 33
2026/10/07 20:21:56.633, 7, 2032 MHz, 3996 MHz, 238.53 W, 30
2026/10/07 20:21:57.634, 0, 2032 MHz, 3996 MHz, 334.42 W, 41
2026/10/07 20:21:57.634, 1, 2032 MHz, 3996 MHz, 324.90 W, 43
2026/10/07 20:21:57.634, 2, 2032 MHz, 3996 MHz, 257.82 W, 32
2026/10/07 20:21:57.634, 3, 2032 MHz, 3996 MHz, 254.00 W, 32
2026/10/07 20:21:57.634, 4, 2032 MHz, 3996 MHz, 296.95 W, 42
2026/10/07 20:21:57.634, 5, 2032 MHz, 3996 MHz, 271.72 W, 40
2026/10/07 20:21:57.634, 6, 2032 MHz, 3996 MHz, 247.06 W, 32
2026/10/07 20:21:57.634, 7, 2032 MHz, 3996 MHz, 255.96 W, 31
2026/10/07 20:21:58.634, 0, 2032 MHz, 3996 MHz, 334.00 W, 41
2026/10/07 20:21:58.634, 1, 2032 MHz, 3996 MHz, 308.73 W, 42
2026/10/07 20:21:58.634, 2, 2032 MHz, 3996 MHz, 244.86 W, 32
2026/10/07 20:21:58.634, 3, 2032 MHz, 3996 MHz, 249.40 W, 32
2026/10/07 20:21:58.634, 4, 2032 MHz, 3996 MHz, 251.16 W, 42
2026/10/07 20:21:58.634, 5, 2032 MHz, 3996 MHz, 257.84 W, 40
2026/10/07 20:21:58.634, 6, 2032 MHz, 3996 MHz, 259.95 W, 32
2026/10/07 20:21:58.634, 7, 2032 MHz, 3996 MHz, 236.72 W, 30
2026/10/07 20:21:59.634, 0, 2032 MHz, 3996 MHz, 259.91 W, 39
2026/10/07 20:21:59.634, 1, 2032 MHz, 3996 MHz, 305.71 W, 42
2026/10/07 20:21:59.634, 2, 2032 MHz, 3996 MHz, 243.56 W, 32
2026/10/07 20:21:59.634, 3, 2032 MHz, 3996 MHz, 241.86 W, 32
2026/10/07 20:21:59.634, 4, 2032 MHz, 3996 MHz, 258.60 W, 42
2026/10/07 20:21:59.634, 5, 2032 MHz, 3996 MHz, 258.00 W, 40
2026/10/07 20:21:59.635, 6, 2032 MHz, 3996 MHz, 247.20 W, 32
2026/10/07 20:21:59.635, 7, 2032 MHz, 3996 MHz, 277.90 W, 32
2026/10/07 20:22:00.635, 0, 2032 MHz, 3996 MHz, 267.65 W, 39
2026/10/07 20:22:00.635, 1, 2032 MHz, 3996 MHz, 274.62 W, 42
2026/10/07 20:22:00.635, 2, 2032 MHz, 3996 MHz, 236.65 W, 32
2026/10/07 20:22:00.635, 3, 2032 MHz, 3996 MHz, 238.14 W, 32
2026/10/07 20:22:00.635, 4, 2032 MHz, 3996 MHz, 256.65 W, 41
2026/10/07 20:22:00.635, 5, 2032 MHz, 3996 MHz, 244.89 W, 40
2026/10/07 20:22:00.635, 6, 2032 MHz, 3996 MHz, 244.11 W, 32
2026/10/07 20:22:00.635, 7, 2032 MHz, 3996 MHz, 340.31 W, 32
2026/10/07 20:22:01.635, 0, 2032 MHz, 3996 MHz, 250.37 W, 39
2026/10/07 20:22:01.635, 1, 2032 MHz, 3996 MHz, 272.45 W, 41
2026/10/07 20:22:01.635, 2, 2032 MHz, 3996 MHz, 236.66 W, 32
2026/10/07 20:22:01.635, 3, 2032 MHz, 3996 MHz, 236.66 W, 32
2026/10/07 20:22:01.635, 4, 2032 MHz, 3996 MHz, 243.13 W, 41
2026/10/07 20:22:01.635, 5, 2032 MHz, 3996 MHz, 247.00 W, 40
2026/10/07 20:22:01.635, 6, 2032 MHz, 3996 MHz, 243.84 W, 32
2026/10/07 20:22:01.635, 7, 2032 MHz, 3996 MHz, 293.84 W, 31
2026/10/07 20:22:02.635, 0, 2032 MHz, 3996 MHz, 240.38 W, 39
2026/10/07 20:22:02.636, 1, 2032 MHz, 3996 MHz, 261.73 W, 41
2026/10/07 20:22:02.636, 2, 2032 MHz, 3996 MHz, 236.66 W, 32
2026/10/07 20:22:02.636, 3, 2032 MHz, 3996 MHz, 236.66 W, 32
2026/10/07 20:22:02.636, 4, 2032 MHz, 3996 MHz, 245.40 W, 41
2026/10/07 20:22:02.636, 5, 2032 MHz, 3996 MHz, 240.29 W, 39
2026/10/07 20:22:02.636, 6, 2032 MHz, 3996 MHz, 238.86 W, 32
2026/10/07 20:22:02.636, 7, 2032 MHz, 3996 MHz, 270.31 W, 31
2026/10/07 20:22:03.636, 0, 2032 MHz, 3996 MHz, 240.36 W, 39
2026/10/07 20:22:03.636, 1, 2032 MHz, 3996 MHz, 257.80 W, 41
2026/10/07 20:22:03.636, 2, 2032 MHz, 3996 MHz, 236.66 W, 32
2026/10/07 20:22:03.636, 3, 2032 MHz, 3996 MHz, 236.70 W, 32
2026/10/07 20:22:03.636, 4, 2032 MHz, 3996 MHz, 238.52 W, 41
2026/10/07 20:22:03.636, 5, 2032 MHz, 3996 MHz, 240.46 W, 39
2026/10/07 20:22:03.636, 6, 2032 MHz, 3996 MHz, 238.90 W, 32
2026/10/07 20:22:03.636, 7, 2032 MHz, 3996 MHz, 248.46 W, 31
2026/10/07 20:22:04.636, 0, 2032 MHz, 3996 MHz, 240.37 W, 39
2026/10/07 20:22:04.636, 1, 2032 MHz, 3996 MHz, 256.75 W, 41
2026/10/07 20:22:04.636, 2, 2032 MHz, 3996 MHz, 236.65 W, 32
2026/10/07 20:22:04.636, 3, 2032 MHz, 3996 MHz, 236.93 W, 32
2026/10/07 20:22:04.636, 4, 2032 MHz, 3996 MHz, 238.52 W, 41
2026/10/07 20:22:04.636, 5, 2032 MHz, 3996 MHz, 240.23 W, 39
2026/10/07 20:22:04.636, 6, 2032 MHz, 3996 MHz, 238.96 W, 32
2026/10/07 20:22:04.636, 7, 2032 MHz, 3996 MHz, 239.51 W, 30
2026/10/07 20:22:05.637, 0, 2032 MHz, 3996 MHz, 240.42 W, 38
2026/10/07 20:22:05.637, 1, 2032 MHz, 3996 MHz, 251.82 W, 41
2026/10/07 20:22:05.637, 2, 2032 MHz, 3996 MHz, 236.62 W, 32
2026/10/07 20:22:05.637, 3, 2032 MHz, 3996 MHz, 244.57 W, 32
2026/10/07 20:22:05.637, 4, 2032 MHz, 3996 MHz, 238.52 W, 41
2026/10/07 20:22:05.637, 5, 2032 MHz, 3996 MHz, 240.43 W, 39
2026/10/07 20:22:05.637, 6, 2032 MHz, 3996 MHz, 238.95 W, 32
2026/10/07 20:22:05.637, 7, 2032 MHz, 3996 MHz, 237.96 W, 30
2026/10/07 20:22:06.637, 0, 2032 MHz, 3996 MHz, 249.17 W, 39
2026/10/07 20:22:06.637, 1, 2032 MHz, 3996 MHz, 251.82 W, 41
2026/10/07 20:22:06.637, 2, 2032 MHz, 3996 MHz, 236.66 W, 31
2026/10/07 20:22:06.637, 3, 2032 MHz, 3996 MHz, 236.66 W, 32
2026/10/07 20:22:06.637, 4, 2032 MHz, 3996 MHz, 238.52 W, 41
2026/10/07 20:22:06.637, 5, 2032 MHz, 3996 MHz, 240.36 W, 39
2026/10/07 20:22:06.637, 6, 2032 MHz, 3996 MHz, 238.84 W, 32
2026/10/07 20:22:06.637, 7, 2032 MHz, 3996 MHz, 237.86 W, 30
2026/10/07 20:22:07.637, 0, 2032 MHz, 3996 MHz, 240.43 W, 38
2026/10/07 20:22:07.637, 1, 2032 MHz, 3996 MHz, 251.87 W, 41
2026/10/07 20:22:07.637, 2, 2032 MHz, 3996 MHz, 236.66 W, 31
2026/10/07 20:22:07.638, 3, 2032 MHz, 3996 MHz, 236.66 W, 32
2026/10/07 20:22:07.638, 4, 2032 MHz, 3996 MHz, 238.50 W, 40
2026/10/07 20:22:07.638, 5, 2032 MHz, 3996 MHz, 248.64 W, 39
2026/10/07 20:22:07.638, 6, 2032 MHz, 3996 MHz, 238.76 W, 32
2026/10/07 20:22:07.638, 7, 2032 MHz, 3996 MHz, 237.65 W, 30
2026/10/07 20:22:08.638, 0, 2032 MHz, 3996 MHz, 240.40 W, 38
2026/10/07 20:22:08.638, 1, 2032 MHz, 3996 MHz, 251.95 W, 41
2026/10/07 20:22:08.638, 2, 2032 MHz, 3996 MHz, 236.66 W, 31
2026/10/07 20:22:08.638, 3, 2032 MHz, 3996 MHz, 236.66 W, 32
2026/10/07 20:22:08.638, 4, 2032 MHz, 3996 MHz, 238.52 W, 40
2026/10/07 20:22:08.638, 5, 2032 MHz, 3996 MHz, 240.43 W, 39
2026/10/07 20:22:08.638, 6, 2032 MHz, 3996 MHz, 238.76 W, 32
2026/10/07 20:22:08.638, 7, 2032 MHz, 3996 MHz, 237.61 W, 30
2026/10/07 20:22:09.638, 0, 2032 MHz, 3996 MHz, 240.39 W, 38
2026/10/07 20:22:09.638, 1, 2032 MHz, 3996 MHz, 251.86 W, 41
2026/10/07 20:22:09.638, 2, 2032 MHz, 3996 MHz, 236.66 W, 31
2026/10/07 20:22:09.638, 3, 2032 MHz, 3996 MHz, 236.66 W, 32
2026/10/07 20:22:09.638, 4, 2032 MHz, 3996 MHz, 238.52 W, 40
2026/10/07 20:22:09.638, 5, 2032 MHz, 3996 MHz, 240.07 W, 39
2026/10/07 20:22:09.638, 6, 2032 MHz, 3996 MHz, 238.69 W, 32
2026/10/07 20:22:09.638, 7, 2032 MHz, 3996 MHz, 237.76 W, 30
2026/10/07 20:22:10.639, 0, 2032 MHz, 3996 MHz, 240.39 W, 38
2026/10/07 20:22:10.639, 1, 2032 MHz, 3996 MHz, 252.25 W, 40
2026/10/07 20:22:10.639, 2, 2032 MHz, 3996 MHz, 236.66 W, 31
2026/10/07 20:22:10.639, 3, 2032 MHz, 3996 MHz, 236.66 W, 32
2026/10/07 20:22:10.639, 4, 2032 MHz, 3996 MHz, 238.52 W, 40
2026/10/07 20:22:10.639, 5, 2032 MHz, 3996 MHz, 239.89 W, 39
2026/10/07 20:22:10.639, 6, 2032 MHz, 3996 MHz, 238.68 W, 32
2026/10/07 20:22:10.639, 7, 2032 MHz, 3996 MHz, 237.44 W, 30
2026/10/07 20:22:11.639, 0, 2032 MHz, 3996 MHz, 240.23 W, 38
2026/10/07 20:22:11.639, 1, 2032 MHz, 3996 MHz, 260.07 W, 40
2026/10/07 20:22:11.639, 2, 2032 MHz, 3996 MHz, 236.70 W, 31
2026/10/07 20:22:11.639, 3, 2032 MHz, 3996 MHz, 236.66 W, 32
2026/10/07 20:22:11.639, 4, 2032 MHz, 3996 MHz, 238.79 W, 40
2026/10/07 20:22:11.639, 5, 2032 MHz, 3996 MHz, 239.61 W, 39
2026/10/07 20:22:11.639, 6, 2032 MHz, 3996 MHz, 238.42 W, 32
2026/10/07 20:22:11.639, 7, 2032 MHz, 3996 MHz, 237.38 W, 30
2026/10/07 20:22:12.639, 0, 2032 MHz, 3996 MHz, 240.28 W, 38
2026/10/07 20:22:12.639, 1, 2032 MHz, 3996 MHz, 251.85 W, 40
2026/10/07 20:22:12.639, 2, 2032 MHz, 3996 MHz, 238.33 W, 32
2026/10/07 20:22:12.639, 3, 2032 MHz, 3996 MHz, 236.65 W, 32
2026/10/07 20:22:12.639, 4, 2032 MHz, 3996 MHz, 246.73 W, 40
2026/10/07 20:22:12.639, 5, 2032 MHz, 3996 MHz, 239.41 W, 39
2026/10/07 20:22:12.640, 6, 2032 MHz, 3996 MHz, 238.73 W, 32
2026/10/07 20:22:12.640, 7, 2032 MHz, 3996 MHz, 237.40 W, 30
2026/10/07 20:22:13.640, 0, 2032 MHz, 3996 MHz, 240.15 W, 38
2026/10/07 20:22:13.640, 1, 2032 MHz, 3996 MHz, 251.85 W, 40
2026/10/07 20:22:13.640, 2, 2032 MHz, 3996 MHz, 243.71 W, 31
2026/10/07 20:22:13.640, 3, 2032 MHz, 3996 MHz, 236.63 W, 32
2026/10/07 20:22:13.640, 4, 2032 MHz, 3996 MHz, 238.52 W, 40
2026/10/07 20:22:13.640, 5, 2032 MHz, 3996 MHz, 239.81 W, 39
2026/10/07 20:22:13.640, 6, 2032 MHz, 3996 MHz, 239.22 W, 32
2026/10/07 20:22:13.640, 7, 2032 MHz, 3996 MHz, 237.63 W, 30
2026/10/07 20:22:14.640, 0, 2032 MHz, 3996 MHz, 240.13 W, 38
2026/10/07 20:22:14.640, 1, 2032 MHz, 3996 MHz, 251.83 W, 40
2026/10/07 20:22:14.640, 2, 2032 MHz, 3996 MHz, 236.66 W, 31
2026/10/07 20:22:14.640, 3, 2032 MHz, 3996 MHz, 236.66 W, 32
2026/10/07 20:22:14.640, 4, 2032 MHz, 3996 MHz, 238.52 W, 40
2026/10/07 20:22:14.640, 5, 2032 MHz, 3996 MHz, 239.81 W, 38
2026/10/07 20:22:14.640, 6, 2032 MHz, 3996 MHz, 246.99 W, 32
2026/10/07 20:22:14.640, 7, 2032 MHz, 3996 MHz, 237.59 W, 30
2026/10/07 20:22:15.640, 0, 2032 MHz, 3996 MHz, 240.16 W, 38
2026/10/07 20:22:15.641, 1, 2032 MHz, 3996 MHz, 251.84 W, 40
2026/10/07 20:22:15.641, 2, 2032 MHz, 3996 MHz, 236.66 W, 31
2026/10/07 20:22:15.641, 3, 2032 MHz, 3996 MHz, 236.66 W, 32
2026/10/07 20:22:15.641, 4, 2032 MHz, 3996 MHz, 238.52 W, 40
2026/10/07 20:22:15.641, 5, 2032 MHz, 3996 MHz, 239.76 W, 38
2026/10/07 20:22:15.641, 6, 2032 MHz, 3996 MHz, 238.84 W, 32
2026/10/07 20:22:15.641, 7, 2032 MHz, 3996 MHz, 237.75 W, 30
2026/10/07 20:22:16.641, 0, 2032 MHz, 3996 MHz, 239.75 W, 38
2026/10/07 20:22:16.641, 1, 2032 MHz, 3996 MHz, 251.88 W, 40
2026/10/07 20:22:16.641, 2, 2032 MHz, 3996 MHz, 236.66 W, 32
2026/10/07 20:22:16.641, 3, 2032 MHz, 3996 MHz, 236.66 W, 32
2026/10/07 20:22:16.641, 4, 2032 MHz, 3996 MHz, 238.53 W, 40
2026/10/07 20:22:16.641, 5, 2032 MHz, 3996 MHz, 239.23 W, 38
2026/10/07 20:22:16.641, 6, 2032 MHz, 3996 MHz, 238.72 W, 32
2026/10/07 20:22:16.641, 7, 2032 MHz, 3996 MHz, 238.07 W, 30
2026/10/07 20:22:17.641, 0, 2032 MHz, 3996 MHz, 239.64 W, 38
2026/10/07 20:22:17.641, 1, 2032 MHz, 3996 MHz, 251.88 W, 40
2026/10/07 20:22:17.641, 2, 2032 MHz, 3996 MHz, 236.66 W, 32
2026/10/07 20:22:17.641, 3, 2032 MHz, 3996 MHz, 236.66 W, 32
2026/10/07 20:22:17.641, 4, 2032 MHz, 3996 MHz, 238.52 W, 40
2026/10/07 20:22:17.641, 5, 2032 MHz, 3996 MHz, 239.25 W, 38
2026/10/07 20:22:17.641, 6, 2032 MHz, 3996 MHz, 238.47 W, 32
2026/10/07 20:22:17.641, 7, 2032 MHz, 3996 MHz, 247.43 W, 30
2026/10/07 20:22:18.642, 0, 2032 MHz, 3996 MHz, 239.14 W, 37
2026/10/07 20:22:18.642, 1, 2032 MHz, 3996 MHz, 251.83 W, 40
2026/10/07 20:22:18.642, 2, 2032 MHz, 3996 MHz, 236.66 W, 32
2026/10/07 20:22:18.642, 3, 2032 MHz, 3996 MHz, 236.66 W, 32
2026/10/07 20:22:18.642, 4, 2032 MHz, 3996 MHz, 238.52 W, 40
2026/10/07 20:22:18.642, 5, 2032 MHz, 3996 MHz, 239.04 W, 38
2026/10/07 20:22:18.642, 6, 2032 MHz, 3996 MHz, 238.76 W, 32
2026/10/07 20:22:18.642, 7, 2032 MHz, 3996 MHz, 237.82 W, 30
2026/10/07 20:22:19.642, 0, 1822 MHz, 3996 MHz, 267.99 W, 37
2026/10/07 20:22:19.642, 1, 2032 MHz, 3996 MHz, 283.54 W, 40
2026/10/07 20:22:19.642, 2, 2032 MHz, 3996 MHz, 236.63 W, 32
2026/10/07 20:22:19.642, 3, 2032 MHz, 3996 MHz, 267.36 W, 32
2026/10/07 20:22:19.642, 4, 2032 MHz, 3996 MHz, 273.46 W, 40
2026/10/07 20:22:19.642, 5, 2032 MHz, 3996 MHz, 270.18 W, 38
2026/10/07 20:22:19.642, 6, 2032 MHz, 3996 MHz, 273.88 W, 32
2026/10/07 20:22:19.642, 7, 2032 MHz, 3996 MHz, 268.00 W, 31
2026/10/07 20:22:20.642, 0, 2032 MHz, 3996 MHz, 241.83 W, 37
2026/10/07 20:22:20.643, 1, 2032 MHz, 3996 MHz, 250.26 W, 40
2026/10/07 20:22:20.643, 2, 2032 MHz, 3996 MHz, 271.87 W, 32
2026/10/07 20:22:20.643, 3, 2032 MHz, 3996 MHz, 236.60 W, 32
2026/10/07 20:22:20.643, 4, 2032 MHz, 3996 MHz, 236.74 W, 40
2026/10/07 20:22:20.643, 5, 2032 MHz, 3996 MHz, 238.59 W, 38
2026/10/07 20:22:20.643, 6, 2032 MHz, 3996 MHz, 237.16 W, 32
2026/10/07 20:22:20.643, 7, 2032 MHz, 3996 MHz, 236.74 W, 30
2026/10/07 20:22:21.643, 0, 2032 MHz, 3996 MHz, 238.49 W, 37
2026/10/07 20:22:21.643, 1, 2032 MHz, 3996 MHz, 249.93 W, 40
2026/10/07 20:22:21.643, 2, 2032 MHz, 3996 MHz, 235.60 W, 32
2026/10/07 20:22:21.643, 3, 2032 MHz, 3996 MHz, 236.58 W, 32
2026/10/07 20:22:21.643, 4, 2032 MHz, 3996 MHz, 236.65 W, 40
2026/10/07 20:22:21.643, 5, 2032 MHz, 3996 MHz, 238.51 W, 38
2026/10/07 20:22:21.643, 6, 2032 MHz, 3996 MHz, 237.05 W, 32
2026/10/07 20:22:21.643, 7, 2032 MHz, 3996 MHz, 236.74 W, 30
2026/10/07 20:22:22.644, 0, 2032 MHz, 3996 MHz, 238.51 W, 37
2026/10/07 20:22:22.644, 1, 2032 MHz, 3996 MHz, 250.03 W, 40
2026/10/07 20:22:22.644, 2, 2032 MHz, 3996 MHz, 235.12 W, 32
2026/10/07 20:22:22.644, 3, 2032 MHz, 3996 MHz, 236.39 W, 32
2026/10/07 20:22:22.644, 4, 2032 MHz, 3996 MHz, 236.59 W, 39
2026/10/07 20:22:22.644, 5, 2032 MHz, 3996 MHz, 238.47 W, 38
2026/10/07 20:22:22.644, 6, 2032 MHz, 3996 MHz, 237.05 W, 32
2026/10/07 20:22:22.644, 7, 2032 MHz, 3996 MHz, 236.74 W, 30
2026/10/07 20:22:23.644, 0, 2032 MHz, 3996 MHz, 238.51 W, 37
2026/10/07 20:22:23.644, 1, 2032 MHz, 3996 MHz, 249.97 W, 40
2026/10/07 20:22:23.644, 2, 2032 MHz, 3996 MHz, 235.05 W, 32
2026/10/07 20:22:23.644, 3, 2032 MHz, 3996 MHz, 236.46 W, 32
2026/10/07 20:22:23.644, 4, 2032 MHz, 3996 MHz, 236.60 W, 39
2026/10/07 20:22:23.644, 5, 2032 MHz, 3996 MHz, 238.51 W, 38
2026/10/07 20:22:23.644, 6, 2032 MHz, 3996 MHz, 237.05 W, 32
2026/10/07 20:22:23.644, 7, 2032 MHz, 3996 MHz, 236.74 W, 30
2026/10/07 20:22:24.645, 0, 2032 MHz, 3996 MHz, 238.50 W, 37
2026/10/07 20:22:24.645, 1, 2032 MHz, 3996 MHz, 249.96 W, 40
2026/10/07 20:22:24.645, 2, 2032 MHz, 3996 MHz, 234.85 W, 32
2026/10/07 20:22:24.645, 3, 2032 MHz, 3996 MHz, 236.62 W, 32
2026/10/07 20:22:24.645, 4, 2032 MHz, 3996 MHz, 236.59 W, 39
2026/10/07 20:22:24.645, 5, 2032 MHz, 3996 MHz, 238.46 W, 38
2026/10/07 20:22:24.645, 6, 2032 MHz, 3996 MHz, 237.05 W, 32
2026/10/07 20:22:24.645, 7, 2032 MHz, 3996 MHz, 236.74 W, 30
2026/10/07 20:22:25.645, 0, 2032 MHz, 3996 MHz, 238.48 W, 37
2026/10/07 20:22:25.645, 1, 2032 MHz, 3996 MHz, 249.92 W, 40
2026/10/07 20:22:25.645, 2, 2032 MHz, 3996 MHz, 235.16 W, 32
2026/10/07 20:22:25.645, 3, 2032 MHz, 3996 MHz, 236.46 W, 32
2026/10/07 20:22:25.645, 4, 2032 MHz, 3996 MHz, 236.58 W, 39
2026/10/07 20:22:25.645, 5, 2032 MHz, 3996 MHz, 238.32 W, 38
2026/10/07 20:22:25.645, 6, 2032 MHz, 3996 MHz, 237.05 W, 32
2026/10/07 20:22:25.645, 7, 2032 MHz, 3996 MHz, 236.74 W, 30
2026/10/07 20:22:26.645, 0, 2032 MHz, 3996 MHz, 238.47 W, 37
2026/10/07 20:22:26.645, 1, 2032 MHz, 3996 MHz, 249.90 W, 40
2026/10/07 20:22:26.645, 2, 2032 MHz, 3996 MHz, 235.59 W, 32
2026/10/07 20:22:26.645, 3, 2032 MHz, 3996 MHz, 647.74 W, 43
2026/10/07 20:22:26.645, 4, 2032 MHz, 3996 MHz, 236.59 W, 39
2026/10/07 20:22:26.645, 5, 2032 MHz, 3996 MHz, 238.38 W, 38
2026/10/07 20:22:26.646, 6, 2032 MHz, 3996 MHz, 237.09 W, 32
2026/10/07 20:22:26.646, 7, 2032 MHz, 3996 MHz, 236.74 W, 30
2026/10/07 20:22:27.646, 0, 2032 MHz, 3996 MHz, 741.73 W, 42
2026/10/07 20:22:27.646, 1, 1530 MHz, 3996 MHz, 505.16 W, 56
2026/10/07 20:22:27.646, 2, 2032 MHz, 3996 MHz, 236.29 W, 32
2026/10/07 20:22:27.646, 3, 2032 MHz, 3996 MHz, 345.40 W, 33
2026/10/07 20:22:27.646, 4, 1657 MHz, 3996 MHz, 543.05 W, 49
2026/10/07 20:22:27.646, 5, 2032 MHz, 3996 MHz, 736.20 W, 44
2026/10/07 20:22:27.646, 6, 2032 MHz, 3996 MHz, 754.96 W, 36
2026/10/07 20:22:27.646, 7, 2032 MHz, 3996 MHz, 729.39 W, 41
2026/10/07 20:22:28.646, 0, 1372 MHz, 3996 MHz, 372.72 W, 46
2026/10/07 20:22:28.646, 1, 2032 MHz, 3996 MHz, 516.88 W, 41
2026/10/07 20:22:28.646, 2, 2032 MHz, 3996 MHz, 740.42 W, 36
2026/10/07 20:22:28.646, 3, 1342 MHz, 3996 MHz, 866.48 W, 50
2026/10/07 20:22:28.646, 4, 2032 MHz, 3996 MHz, 449.21 W, 41
2026/10/07 20:22:28.646, 5, 2032 MHz, 3996 MHz, 239.93 W, 39
2026/10/07 20:22:28.646, 6, 1402 MHz, 3996 MHz, 338.95 W, 43
2026/10/07 20:22:28.646, 7, 2032 MHz, 3996 MHz, 245.10 W, 32
2026/10/07 20:22:29.646, 0, 1320 MHz, 3996 MHz, 1090.61 W, 55
2026/10/07 20:22:29.646, 1, 1260 MHz, 3996 MHz, 623.58 W, 51
2026/10/07 20:22:29.647, 2, 1357 MHz, 3996 MHz, 335.61 W, 44
2026/10/07 20:22:29.647, 3, 1357 MHz, 3996 MHz, 1086.86 W, 51
2026/10/07 20:22:29.647, 4, 1320 MHz, 3996 MHz, 716.01 W, 56
2026/10/07 20:22:29.647, 5, 1372 MHz, 3996 MHz, 1101.18 W, 56
2026/10/07 20:22:29.647, 6, 1327 MHz, 3996 MHz, 1093.35 W, 50
2026/10/07 20:22:29.647, 7, 1327 MHz, 3996 MHz, 1009.52 W, 48
2026/10/07 20:22:30.647, 0, 1335 MHz, 3996 MHz, 1085.78 W, 56
2026/10/07 20:22:30.647, 1, 1312 MHz, 3996 MHz, 1083.66 W, 58
2026/10/07 20:22:30.647, 2, 1320 MHz, 3996 MHz, 1092.90 W, 51
2026/10/07 20:22:30.647, 3, 1357 MHz, 3996 MHz, 1084.79 W, 52
2026/10/07 20:22:30.647, 4, 1365 MHz, 3996 MHz, 1083.85 W, 59
2026/10/07 20:22:30.647, 5, 1380 MHz, 3996 MHz, 1088.94 W, 58
2026/10/07 20:22:30.647, 6, 1327 MHz, 3996 MHz, 1087.86 W, 52
2026/10/07 20:22:30.647, 7, 1320 MHz, 3996 MHz, 1081.02 W, 49
2026/10/07 20:22:31.647, 0, 1327 MHz, 3996 MHz, 1085.20 W, 57
2026/10/07 20:22:31.647, 1, 1312 MHz, 3996 MHz, 1088.52 W, 58
2026/10/07 20:22:31.647, 2, 1327 MHz, 3996 MHz, 1088.48 W, 52
2026/10/07 20:22:31.647, 3, 1342 MHz, 3996 MHz, 1087.50 W, 53
2026/10/07 20:22:31.647, 4, 1357 MHz, 3996 MHz, 1086.02 W, 60
2026/10/07 20:22:31.647, 5, 1372 MHz, 3996 MHz, 1090.16 W, 58
2026/10/07 20:22:31.647, 6, 1327 MHz, 3996 MHz, 1088.65 W, 53
2026/10/07 20:22:31.647, 7, 1335 MHz, 3996 MHz, 1083.81 W, 50
2026/10/07 20:22:32.647, 0, 1357 MHz, 3996 MHz, 1084.33 W, 57
2026/10/07 20:22:32.648, 1, 1327 MHz, 3996 MHz, 1088.95 W, 59
2026/10/07 20:22:32.648, 2, 1335 MHz, 3996 MHz, 1088.59 W, 53
2026/10/07 20:22:32.648, 3, 1357 MHz, 3996 MHz, 1085.50 W, 53
2026/10/07 20:22:32.648, 4, 1365 MHz, 3996 MHz, 1083.24 W, 59
2026/10/07 20:22:32.648, 5, 1387 MHz, 3996 MHz, 1088.28 W, 59
2026/10/07 20:22:32.648, 6, 1335 MHz, 3996 MHz, 1089.99 W, 53
2026/10/07 20:22:32.648, 7, 1320 MHz, 3996 MHz, 1084.17 W, 51
2026/10/07 20:22:33.648, 0, 1335 MHz, 3996 MHz, 1085.84 W, 57
2026/10/07 20:22:33.648, 1, 1320 MHz, 3996 MHz, 1088.17 W, 59
2026/10/07 20:22:33.648, 2, 1342 MHz, 3996 MHz, 1086.56 W, 53
2026/10/07 20:22:33.648, 3, 1365 MHz, 3996 MHz, 1087.06 W, 53
2026/10/07 20:22:33.648, 4, 1357 MHz, 3996 MHz, 1083.49 W, 60
2026/10/07 20:22:33.648, 5, 1372 MHz, 3996 MHz, 1089.58 W, 59
2026/10/07 20:22:33.648, 6, 1335 MHz, 3996 MHz, 1085.81 W, 54
2026/10/07 20:22:33.648, 7, 1350 MHz, 3996 MHz, 1080.40 W, 51
2026/10/07 20:22:34.648, 0, 1365 MHz, 3996 MHz, 1087.30 W, 58
2026/10/07 20:22:34.648, 1, 1327 MHz, 3996 MHz, 1086.68 W, 59
2026/10/07 20:22:34.648, 2, 1357 MHz, 3996 MHz, 1089.18 W, 54
2026/10/07 20:22:34.648, 3, 1380 MHz, 3996 MHz, 1089.38 W, 54
2026/10/07 20:22:34.648, 4, 1372 MHz, 3996 MHz, 1081.06 W, 61
2026/10/07 20:22:34.648, 5, 1380 MHz, 3996 MHz, 1090.79 W, 60
2026/10/07 20:22:34.648, 6, 1350 MHz, 3996 MHz, 1087.93 W, 54
2026/10/07 20:22:34.648, 7, 1365 MHz, 3996 MHz, 1082.91 W, 52
2026/10/07 20:22:35.648, 0, 1327 MHz, 3996 MHz, 1086.67 W, 58
2026/10/07 20:22:35.648, 1, 1320 MHz, 3996 MHz, 1085.39 W, 60
2026/10/07 20:22:35.648, 2, 1357 MHz, 3996 MHz, 1085.97 W, 54
2026/10/07 20:22:35.648, 3, 1357 MHz, 3996 MHz, 1085.44 W, 54
2026/10/07 20:22:35.648, 4, 1365 MHz, 3996 MHz, 1081.41 W, 61
2026/10/07 20:22:35.648, 5, 1395 MHz, 3996 MHz, 1092.06 W, 60
2026/10/07 20:22:35.648, 6, 1372 MHz, 3996 MHz, 1088.18 W, 54
2026/10/07 20:22:35.648, 7, 1357 MHz, 3996 MHz, 1080.67 W, 52
2026/10/07 20:22:36.649, 0, 1342 MHz, 3996 MHz, 1087.09 W, 58
2026/10/07 20:22:36.649, 1, 1327 MHz, 3996 MHz, 1085.19 W, 60
2026/10/07 20:22:36.649, 2, 1357 MHz, 3996 MHz, 1087.73 W, 54
2026/10/07 20:22:36.649, 3, 1357 MHz, 3996 MHz, 1089.25 W, 55
2026/10/07 20:22:36.649, 4, 1365 MHz, 3996 MHz, 1082.34 W, 61
2026/10/07 20:22:36.649, 5, 1387 MHz, 3996 MHz, 1093.31 W, 60
2026/10/07 20:22:36.649, 6, 1357 MHz, 3996 MHz, 1088.60 W, 55
2026/10/07 20:22:36.649, 7, 1350 MHz, 3996 MHz, 1082.12 W, 52
2026/10/07 20:22:37.649, 0, 1402 MHz, 3996 MHz, 1086.32 W, 58
2026/10/07 20:22:37.649, 1, 1320 MHz, 3996 MHz, 1086.81 W, 60
2026/10/07 20:22:37.649, 2, 1357 MHz, 3996 MHz, 1085.52 W, 54
2026/10/07 20:22:37.649, 3, 2032 MHz, 3996 MHz, 1049.37 W, 49
2026/10/07 20:22:37.649, 4, 1365 MHz, 3996 MHz, 1082.10 W, 62
2026/10/07 20:22:37.649, 5, 1680 MHz, 3996 MHz, 1078.70 W, 57
2026/10/07 20:22:37.649, 6, 1350 MHz, 3996 MHz, 1090.25 W, 55
2026/10/07 20:22:37.649, 7, 1342 MHz, 3996 MHz, 1081.48 W, 52
2026/10/07 20:22:38.649, 0, 2032 MHz, 3996 MHz, 1061.43 W, 54
2026/10/07 20:22:38.649, 1, 1965 MHz, 3996 MHz, 1064.78 W, 56
2026/10/07 20:22:38.649, 2, 1357 MHz, 3996 MHz, 1084.39 W, 54
2026/10/07 20:22:38.649, 3, 2032 MHz, 3996 MHz, 1056.88 W, 50
2026/10/07 20:22:38.649, 4, 2032 MHz, 3996 MHz, 1054.17 W, 57
2026/10/07 20:22:38.649, 5, 2032 MHz, 3996 MHz, 1044.68 W, 55
2026/10/07 20:22:38.649, 6, 2032 MHz, 3996 MHz, 1056.10 W, 50
2026/10/07 20:22:38.649, 7, 2032 MHz, 3996 MHz, 1044.59 W, 48
2026/10/07 20:22:39.650, 0, 2032 MHz, 3996 MHz, 1080.57 W, 55
2026/10/07 20:22:39.650, 1, 2025 MHz, 3996 MHz, 1092.71 W, 56
2026/10/07 20:22:39.650, 2, 2032 MHz, 3996 MHz, 1053.25 W, 50
2026/10/07 20:22:39.650, 3, 2032 MHz, 3996 MHz, 1055.64 W, 50
2026/10/07 20:22:39.650, 4, 2032 MHz, 3996 MHz, 1063.82 W, 57
2026/10/07 20:22:39.650, 5, 2032 MHz, 3996 MHz, 1055.11 W, 56
2026/10/07 20:22:39.650, 6, 2032 MHz, 3996 MHz, 1072.39 W, 50
2026/10/07 20:22:39.650, 7, 2032 MHz, 3996 MHz, 1055.14 W, 48
2026/10/07 20:22:40.650, 0, 2032 MHz, 3996 MHz, 1080.30 W, 55
2026/10/07 20:22:40.650, 1, 2025 MHz, 3996 MHz, 1092.56 W, 57
2026/10/07 20:22:40.650, 2, 2032 MHz, 3996 MHz, 1070.93 W, 50
2026/10/07 20:22:40.650, 3, 2032 MHz, 3996 MHz, 1055.43 W, 51
2026/10/07 20:22:40.650, 4, 2032 MHz, 3996 MHz, 1064.74 W, 57
2026/10/07 20:22:40.650, 5, 2032 MHz, 3996 MHz, 1055.23 W, 56
2026/10/07 20:22:40.650, 6, 2032 MHz, 3996 MHz, 1073.84 W, 51
2026/10/07 20:22:40.650, 7, 2032 MHz, 3996 MHz, 1057.45 W, 49
2026/10/07 20:22:41.650, 0, 2032 MHz, 3996 MHz, 1080.14 W, 56
2026/10/07 20:22:41.650, 1, 2032 MHz, 3996 MHz, 1093.07 W, 57
2026/10/07 20:22:41.650, 2, 2032 MHz, 3996 MHz, 1071.08 W, 50
2026/10/07 20:22:41.650, 3, 2032 MHz, 3996 MHz, 1055.74 W, 51
2026/10/07 20:22:41.650, 4, 2032 MHz, 3996 MHz, 1064.94 W, 58
2026/10/07 20:22:41.650, 5, 2032 MHz, 3996 MHz, 1055.80 W, 57
2026/10/07 20:22:41.650, 6, 2032 MHz, 3996 MHz, 1073.34 W, 51
2026/10/07 20:22:41.650, 7, 2032 MHz, 3996 MHz, 1058.03 W, 49
2026/10/07 20:22:42.650, 0, 2032 MHz, 3996 MHz, 1080.10 W, 56
2026/10/07 20:22:42.651, 1, 2010 MHz, 3996 MHz, 1094.18 W, 58
2026/10/07 20:22:42.651, 2, 2032 MHz, 3996 MHz, 1069.75 W, 51
2026/10/07 20:22:42.651, 3, 2032 MHz, 3996 MHz, 1056.27 W, 51
2026/10/07 20:22:42.651, 4, 2032 MHz, 3996 MHz, 1064.53 W, 58
2026/10/07 20:22:42.651, 5, 2032 MHz, 3996 MHz, 1055.03 W, 57
2026/10/07 20:22:42.651, 6, 2032 MHz, 3996 MHz, 1073.25 W, 51
2026/10/07 20:22:42.651, 7, 2032 MHz, 3996 MHz, 1058.61 W, 49
2026/10/07 20:22:43.651, 0, 2032 MHz, 3996 MHz, 1082.15 W, 56
2026/10/07 20:22:43.651, 1, 2010 MHz, 3996 MHz, 1092.59 W, 58
2026/10/07 20:22:43.651, 2, 2032 MHz, 3996 MHz, 1070.57 W, 51
2026/10/07 20:22:43.651, 3, 2032 MHz, 3996 MHz, 1059.46 W, 52
2026/10/07 20:22:43.651, 4, 2032 MHz, 3996 MHz, 1064.93 W, 59
2026/10/07 20:22:43.651, 5, 2032 MHz, 3996 MHz, 1057.61 W, 57
2026/10/07 20:22:43.651, 6, 2032 MHz, 3996 MHz, 1077.02 W, 52
2026/10/07 20:22:43.651, 7, 2032 MHz, 3996 MHz, 1056.15 W, 49
2026/10/07 20:22:44.651, 0, 2032 MHz, 3996 MHz, 1085.57 W, 57
2026/10/07 20:22:44.651, 1, 2025 MHz, 3996 MHz, 1092.95 W, 58
2026/10/07 20:22:44.651, 2, 2032 MHz, 3996 MHz, 1071.71 W, 51
2026/10/07 20:22:44.651, 3, 2032 MHz, 3996 MHz, 1060.05 W, 52
2026/10/07 20:22:44.651, 4, 2032 MHz, 3996 MHz, 1067.43 W, 59
2026/10/07 20:22:44.651, 5, 2032 MHz, 3996 MHz, 1059.68 W, 58
2026/10/07 20:22:44.651, 6, 2032 MHz, 3996 MHz, 1079.82 W, 52
2026/10/07 20:22:44.651, 7, 2032 MHz, 3996 MHz, 1059.39 W, 50
2026/10/07 20:22:45.651, 0, 2032 MHz, 3996 MHz, 1085.50 W, 57
2026/10/07 20:22:45.651, 1, 2017 MHz, 3996 MHz, 1093.77 W, 59
2026/10/07 20:22:45.651, 2, 2032 MHz, 3996 MHz, 1074.69 W, 52
2026/10/07 20:22:45.651, 3, 2032 MHz, 3996 MHz, 1060.81 W, 52
2026/10/07 20:22:45.651, 4, 2032 MHz, 3996 MHz, 1069.46 W, 59
2026/10/07 20:22:45.651, 5, 2032 MHz, 3996 MHz, 1062.38 W, 58
2026/10/07 20:22:45.651, 6, 2032 MHz, 3996 MHz, 1080.65 W, 53
2026/10/07 20:22:45.652, 7, 2032 MHz, 3996 MHz, 1061.35 W, 50
2026/10/07 20:22:46.652, 0, 2032 MHz, 3996 MHz, 1087.22 W, 58
2026/10/07 20:22:46.652, 1, 2017 MHz, 3996 MHz, 1094.12 W, 59
2026/10/07 20:22:46.652, 2, 2032 MHz, 3996 MHz, 1075.47 W, 52
2026/10/07 20:22:46.652, 3, 2032 MHz, 3996 MHz, 1060.62 W, 53
2026/10/07 20:22:46.652, 4, 2032 MHz, 3996 MHz, 1069.64 W, 60
2026/10/07 20:22:46.652, 5, 2032 MHz, 3996 MHz, 1062.21 W, 59
2026/10/07 20:22:46.652, 6, 2032 MHz, 3996 MHz, 1080.80 W, 53
2026/10/07 20:22:46.652, 7, 2032 MHz, 3996 MHz, 1062.56 W, 50
2026/10/07 20:22:47.652, 0, 2032 MHz, 3996 MHz, 1086.25 W, 58
2026/10/07 20:22:47.652, 1, 2017 MHz, 3996 MHz, 1094.56 W, 60
2026/10/07 20:22:47.652, 2, 2032 MHz, 3996 MHz, 1075.41 W, 52
2026/10/07 20:22:47.652, 3, 2032 MHz, 3996 MHz, 1060.89 W, 53
2026/10/07 20:22:47.652, 4, 2032 MHz, 3996 MHz, 1069.29 W, 60
2026/10/07 20:22:47.652, 5, 2032 MHz, 3996 MHz, 1063.50 W, 59
2026/10/07 20:22:47.652, 6, 2032 MHz, 3996 MHz, 1079.50 W, 53
2026/10/07 20:22:47.652, 7, 2032 MHz, 3996 MHz, 1061.60 W, 51
2026/10/07 20:22:48.652, 0, 2032 MHz, 3996 MHz, 1085.92 W, 58
2026/10/07 20:22:48.652, 1, 2017 MHz, 3996 MHz, 1094.49 W, 60
2026/10/07 20:22:48.652, 2, 2032 MHz, 3996 MHz, 1075.80 W, 52
2026/10/07 20:22:48.652, 3, 2032 MHz, 3996 MHz, 1060.06 W, 53
2026/10/07 20:22:48.652, 4, 2032 MHz, 3996 MHz, 1069.75 W, 60
2026/10/07 20:22:48.652, 5, 2032 MHz, 3996 MHz, 1063.42 W, 59
2026/10/07 20:22:48.652, 6, 2032 MHz, 3996 MHz, 1079.58 W, 53
2026/10/07 20:22:48.653, 7, 2032 MHz, 3996 MHz, 1063.03 W, 51
2026/10/07 20:22:49.653, 0, 2032 MHz, 3996 MHz, 1086.97 W, 59
2026/10/07 20:22:49.653, 1, 2025 MHz, 3996 MHz, 1093.94 W, 60
2026/10/07 20:22:49.653, 2, 2032 MHz, 3996 MHz, 1075.26 W, 53
2026/10/07 20:22:49.653, 3, 2032 MHz, 3996 MHz, 1062.98 W, 53
2026/10/07 20:22:49.653, 4, 2032 MHz, 3996 MHz, 1069.05 W, 61
2026/10/07 20:22:49.653, 5, 2032 MHz, 3996 MHz, 1063.21 W, 60
2026/10/07 20:22:49.653, 6, 2032 MHz, 3996 MHz, 1078.13 W, 54
2026/10/07 20:22:49.653, 7, 2032 MHz, 3996 MHz, 1062.56 W, 51
2026/10/07 20:22:50.653, 0, 2032 MHz, 3996 MHz, 1089.86 W, 59
2026/10/07 20:22:50.653, 1, 2002 MHz, 3996 MHz, 1093.90 W, 61
2026/10/07 20:22:50.653, 2, 2032 MHz, 3996 MHz, 1075.09 W, 53
2026/10/07 20:22:50.653, 3, 2032 MHz, 3996 MHz, 1064.83 W, 54
2026/10/07 20:22:50.653, 4, 2032 MHz, 3996 MHz, 1071.22 W, 61
2026/10/07 20:22:50.653, 5, 2032 MHz, 3996 MHz, 1065.72 W, 60
2026/10/07 20:22:50.653, 6, 2032 MHz, 3996 MHz, 1081.84 W, 54
2026/10/07 20:22:50.653, 7, 2032 MHz, 3996 MHz, 1064.91 W, 52
2026/10/07 20:22:51.653, 0, 2032 MHz, 3996 MHz, 1090.93 W, 59
2026/10/07 20:22:51.653, 1, 2010 MHz, 3996 MHz, 1093.27 W, 61
2026/10/07 20:22:51.653, 2, 2032 MHz, 3996 MHz, 1078.44 W, 53
2026/10/07 20:22:51.653, 3, 2032 MHz, 3996 MHz, 1065.60 W, 54
2026/10/07 20:22:51.653, 4, 2032 MHz, 3996 MHz, 1073.60 W, 62
2026/10/07 20:22:51.653, 5, 2032 MHz, 3996 MHz, 1066.54 W, 60
2026/10/07 20:22:51.653, 6, 2032 MHz, 3996 MHz, 1084.40 W, 54
2026/10/07 20:22:51.653, 7, 2032 MHz, 3996 MHz, 1066.40 W, 52
2026/10/07 20:22:52.654, 0, 2032 MHz, 3996 MHz, 1091.74 W, 60
2026/10/07 20:22:52.654, 1, 2002 MHz, 3996 MHz, 1093.43 W, 61
2026/10/07 20:22:52.654, 2, 2032 MHz, 3996 MHz, 1079.26 W, 54
2026/10/07 20:22:52.654, 3, 2032 MHz, 3996 MHz, 1065.55 W, 54
2026/10/07 20:22:52.654, 4, 2032 MHz, 3996 MHz, 1074.79 W, 62
2026/10/07 20:22:52.654, 5, 2032 MHz, 3996 MHz, 1067.28 W, 61
2026/10/07 20:22:52.654, 6, 2032 MHz, 3996 MHz, 1083.63 W, 54
2026/10/07 20:22:52.654, 7, 2032 MHz, 3996 MHz, 1066.66 W, 52
2026/10/07 20:22:53.654, 0, 2032 MHz, 3996 MHz, 1091.45 W, 60
2026/10/07 20:22:53.654, 1, 2010 MHz, 3996 MHz, 1092.76 W, 61
2026/10/07 20:22:53.654, 2, 2032 MHz, 3996 MHz, 1079.60 W, 54
2026/10/07 20:22:53.654, 3, 2032 MHz, 3996 MHz, 1065.95 W, 54
2026/10/07 20:22:53.654, 4, 2032 MHz, 3996 MHz, 1074.45 W, 62
2026/10/07 20:22:53.654, 5, 2032 MHz, 3996 MHz, 1066.23 W, 61
2026/10/07 20:22:53.654, 6, 2032 MHz, 3996 MHz, 1082.94 W, 55
2026/10/07 20:22:53.654, 7, 2032 MHz, 3996 MHz, 1067.06 W, 52
2026/10/07 20:22:54.654, 0, 2032 MHz, 3996 MHz, 1092.32 W, 60
2026/10/07 20:22:54.654, 1, 2002 MHz, 3996 MHz, 1092.18 W, 62
2026/10/07 20:22:54.654, 2, 2032 MHz, 3996 MHz, 1079.49 W, 54
2026/10/07 20:22:54.654, 3, 2032 MHz, 3996 MHz, 1065.55 W, 55
2026/10/07 20:22:54.654, 4, 2032 MHz, 3996 MHz, 1075.53 W, 62
2026/10/07 20:22:54.654, 5, 2032 MHz, 3996 MHz, 1069.25 W, 61
2026/10/07 20:22:54.654, 6, 2032 MHz, 3996 MHz, 1083.27 W, 55
2026/10/07 20:22:54.654, 7, 2032 MHz, 3996 MHz, 1064.97 W, 53
2026/10/07 20:22:55.654, 0, 2032 MHz, 3996 MHz, 1091.70 W, 61
2026/10/07 20:22:55.655, 1, 2017 MHz, 3996 MHz, 1093.14 W, 62
2026/10/07 20:22:55.655, 2, 2032 MHz, 3996 MHz, 1079.53 W, 54
2026/10/07 20:22:55.655, 3, 2032 MHz, 3996 MHz, 1065.73 W, 55
2026/10/07 20:22:55.655, 4, 2032 MHz, 3996 MHz, 1075.16 W, 63
2026/10/07 20:22:55.655, 5, 2032 MHz, 3996 MHz, 1069.09 W, 62
2026/10/07 20:22:55.655, 6, 2032 MHz, 3996 MHz, 1082.21 W, 55
2026/10/07 20:22:55.655, 7, 2032 MHz, 3996 MHz, 1064.12 W, 53
2026/10/07 20:22:56.655, 0, 2032 MHz, 3996 MHz, 1092.91 W, 61
2026/10/07 20:22:56.655, 1, 2010 MHz, 3996 MHz, 1094.14 W, 62
2026/10/07 20:22:56.655, 2, 2032 MHz, 3996 MHz, 1079.49 W, 55
2026/10/07 20:22:56.655, 3, 2032 MHz, 3996 MHz, 1068.15 W, 55
2026/10/07 20:22:56.655, 4, 2032 MHz, 3996 MHz, 1075.81 W, 63
2026/10/07 20:22:56.655, 5, 2032 MHz, 3996 MHz, 1071.27 W, 62
2026/10/07 20:22:56.655, 6, 2032 MHz, 3996 MHz, 1084.54 W, 55
2026/10/07 20:22:56.655, 7, 2032 MHz, 3996 MHz, 1064.61 W, 53
2026/10/07 20:22:57.655, 0, 2017 MHz, 3996 MHz, 1094.30 W, 61
2026/10/07 20:22:57.655, 1, 2002 MHz, 3996 MHz, 1092.89 W, 63
2026/10/07 20:22:57.655, 2, 2032 MHz, 3996 MHz, 1080.90 W, 55
2026/10/07 20:22:57.655, 3, 2032 MHz, 3996 MHz, 1068.85 W, 55
2026/10/07 20:22:57.655, 4, 2032 MHz, 3996 MHz, 1080.19 W, 63
2026/10/07 20:22:57.655, 5, 2032 MHz, 3996 MHz, 1074.25 W, 62
2026/10/07 20:22:57.655, 6, 2032 MHz, 3996 MHz, 1087.22 W, 56
2026/10/07 20:22:57.655, 7, 2032 MHz, 3996 MHz, 1067.79 W, 53
2026/10/07 20:22:58.655, 0, 2025 MHz, 3996 MHz, 1093.63 W, 62
2026/10/07 20:22:58.656, 1, 1995 MHz, 3996 MHz, 1091.06 W, 63
2026/10/07 20:22:58.656, 2, 2032 MHz, 3996 MHz, 1083.34 W, 55
2026/10/07 20:22:58.656, 3, 2032 MHz, 3996 MHz, 1069.48 W, 55
2026/10/07 20:22:58.656, 4, 2032 MHz, 3996 MHz, 1078.96 W, 64
2026/10/07 20:22:58.656, 5, 2032 MHz, 3996 MHz, 1074.68 W, 63
2026/10/07 20:22:58.656, 6, 2032 MHz, 3996 MHz, 1087.52 W, 56
2026/10/07 20:22:58.656, 7, 2032 MHz, 3996 MHz, 1068.05 W, 53
2026/10/07 20:22:59.656, 0, 2017 MHz, 3996 MHz, 1093.25 W, 62
2026/10/07 20:22:59.656, 1, 2002 MHz, 3996 MHz, 1091.72 W, 63
2026/10/07 20:22:59.656, 2, 2032 MHz, 3996 MHz, 1082.79 W, 55
2026/10/07 20:22:59.656, 3, 2032 MHz, 3996 MHz, 1069.47 W, 56
2026/10/07 20:22:59.656, 4, 2032 MHz, 3996 MHz, 1080.52 W, 64
2026/10/07 20:22:59.656, 5, 2032 MHz, 3996 MHz, 1074.92 W, 63
2026/10/07 20:22:59.656, 6, 2032 MHz, 3996 MHz, 1087.07 W, 56
2026/10/07 20:22:59.656, 7, 2032 MHz, 3996 MHz, 1068.11 W, 54
2026/10/07 20:23:00.656, 0, 2025 MHz, 3996 MHz, 1093.46 W, 62
2026/10/07 20:23:00.656, 1, 2002 MHz, 3996 MHz, 1091.57 W, 64
2026/10/07 20:23:00.656, 2, 2032 MHz, 3996 MHz, 1083.23 W, 55
2026/10/07 20:23:00.656, 3, 2032 MHz, 3996 MHz, 1069.16 W, 56
2026/10/07 20:23:00.656, 4, 2032 MHz, 3996 MHz, 1081.61 W, 64
2026/10/07 20:23:00.656, 5, 2032 MHz, 3996 MHz, 1074.78 W, 63
2026/10/07 20:23:00.656, 6, 2032 MHz, 3996 MHz, 1087.26 W, 56
2026/10/07 20:23:00.656, 7, 2032 MHz, 3996 MHz, 1067.74 W, 54
2026/10/07 20:23:01.656, 0, 2025 MHz, 3996 MHz, 1094.46 W, 62
2026/10/07 20:23:01.656, 1, 1995 MHz, 3996 MHz, 1090.61 W, 64
2026/10/07 20:23:01.656, 2, 2032 MHz, 3996 MHz, 1082.79 W, 56
2026/10/07 20:23:01.656, 3, 2032 MHz, 3996 MHz, 1066.61 W, 56
2026/10/07 20:23:01.656, 4, 2032 MHz, 3996 MHz, 1082.23 W, 65
2026/10/07 20:23:01.656, 5, 2032 MHz, 3996 MHz, 1075.06 W, 64
2026/10/07 20:23:01.656, 6, 2032 MHz, 3996 MHz, 1087.39 W, 57
2026/10/07 20:23:01.657, 7, 2032 MHz, 3996 MHz, 1068.28 W, 54
2026/10/07 20:23:02.657, 0, 2032 MHz, 3996 MHz, 1079.66 W, 62
2026/10/07 20:23:02.657, 1, 2002 MHz, 3996 MHz, 1090.38 W, 64
2026/10/07 20:23:02.657, 2, 2032 MHz, 3996 MHz, 1082.61 W, 56
2026/10/07 20:23:02.657, 3, 2032 MHz, 3996 MHz, 769.00 W, 48
2026/10/07 20:23:02.657, 4, 2032 MHz, 3996 MHz, 1079.79 W, 65
2026/10/07 20:23:02.657, 5, 2032 MHz, 3996 MHz, 1062.22 W, 63
2026/10/07 20:23:02.657, 6, 2032 MHz, 3996 MHz, 1076.61 W, 56
2026/10/07 20:23:02.657, 7, 2032 MHz, 3996 MHz, 1062.32 W, 54
2026/10/07 20:23:03.657, 0, 2032 MHz, 3996 MHz, 439.08 W, 52
2026/10/07 20:23:03.657, 1, 2032 MHz, 3996 MHz, 920.97 W, 58
2026/10/07 20:23:03.657, 2, 2032 MHz, 3996 MHz, 961.58 W, 50
2026/10/07 20:23:03.657, 3, 2032 MHz, 3996 MHz, 252.13 W, 44
2026/10/07 20:23:03.657, 4, 2032 MHz, 3996 MHz, 845.58 W, 57
2026/10/07 20:23:03.657, 5, 2032 MHz, 3996 MHz, 451.63 W, 53
2026/10/07 20:23:03.657, 6, 2032 MHz, 3996 MHz, 539.10 W, 46
2026/10/07 20:23:03.657, 7, 2032 MHz, 3996 MHz, 657.24 W, 46
2026/10/07 20:23:04.657, 0, 2032 MHz, 3996 MHz, 264.93 W, 51
2026/10/07 20:23:04.657, 1, 2032 MHz, 3996 MHz, 531.19 W, 54
2026/10/07 20:23:04.657, 2, 2032 MHz, 3996 MHz, 517.14 W, 45
2026/10/07 20:23:04.658, 3, 2032 MHz, 3996 MHz, 257.85 W, 43
2026/10/07 20:23:04.658, 4, 2032 MHz, 3996 MHz, 252.40 W, 53
2026/10/07 20:23:04.658, 5, 2032 MHz, 3996 MHz, 252.00 W, 51
2026/10/07 20:23:04.658, 6, 2032 MHz, 3996 MHz, 250.52 W, 43
2026/10/07 20:23:04.658, 7, 2032 MHz, 3996 MHz, 249.06 W, 43
2026/10/07 20:23:05.658, 0, 2032 MHz, 3996 MHz, 250.96 W, 50
2026/10/07 20:23:05.658, 1, 2032 MHz, 3996 MHz, 264.48 W, 53
2026/10/07 20:23:05.658, 2, 2032 MHz, 3996 MHz, 246.43 W, 43
2026/10/07 20:23:05.658, 3, 2032 MHz, 3996 MHz, 246.30 W, 42
2026/10/07 20:23:05.658, 4, 2032 MHz, 3996 MHz, 250.11 W, 52
2026/10/07 20:23:05.658, 5, 2032 MHz, 3996 MHz, 262.09 W, 51
2026/10/07 20:23:05.658, 6, 2032 MHz, 3996 MHz, 260.59 W, 43
2026/10/07 20:23:05.658, 7, 2032 MHz, 3996 MHz, 248.20 W, 42
2026/10/07 20:23:06.658, 0, 2032 MHz, 3996 MHz, 249.96 W, 49
2026/10/07 20:23:06.658, 1, 2032 MHz, 3996 MHz, 275.47 W, 52
2026/10/07 20:23:06.658, 2, 2032 MHz, 3996 MHz, 245.38 W, 42
2026/10/07 20:23:06.658, 3, 2032 MHz, 3996 MHz, 245.94 W, 42
2026/10/07 20:23:06.658, 4, 2032 MHz, 3996 MHz, 259.91 W, 51
2026/10/07 20:23:06.658, 5, 2032 MHz, 3996 MHz, 249.56 W, 50
2026/10/07 20:23:06.658, 6, 2032 MHz, 3996 MHz, 246.97 W, 42
2026/10/07 20:23:06.658, 7, 2032 MHz, 3996 MHz, 258.43 W, 41
2026/10/07 20:23:07.658, 0, 2032 MHz, 3996 MHz, 249.99 W, 49
2026/10/07 20:23:07.658, 1, 2032 MHz, 3996 MHz, 261.56 W, 52
2026/10/07 20:23:07.658, 2, 2032 MHz, 3996 MHz, 256.10 W, 42
2026/10/07 20:23:07.658, 3, 2032 MHz, 3996 MHz, 245.02 W, 41
2026/10/07 20:23:07.658, 4, 2032 MHz, 3996 MHz, 247.91 W, 51
2026/10/07 20:23:07.658, 5, 2032 MHz, 3996 MHz, 248.74 W, 50
2026/10/07 20:23:07.659, 6, 2032 MHz, 3996 MHz, 246.61 W, 41
2026/10/07 20:23:07.659, 7, 2032 MHz, 3996 MHz, 245.74 W, 41
2026/10/07 20:23:08.659, 0, 2032 MHz, 3996 MHz, 249.99 W, 49
2026/10/07 20:23:08.659, 1, 2032 MHz, 3996 MHz, 261.45 W, 51
2026/10/07 20:23:08.659, 2, 2032 MHz, 3996 MHz, 243.43 W, 41
2026/10/07 20:23:08.659, 3, 2032 MHz, 3996 MHz, 244.48 W, 41
2026/10/07 20:23:08.659, 4, 2032 MHz, 3996 MHz, 246.70 W, 50
2026/10/07 20:23:08.659, 5, 2032 MHz, 3996 MHz, 248.29 W, 49
2026/10/07 20:23:08.659, 6, 2032 MHz, 3996 MHz, 246.51 W, 41
2026/10/07 20:23:08.659, 7, 2032 MHz, 3996 MHz, 244.49 W, 40
2026/10/07 20:23:09.659, 0, 2032 MHz, 3996 MHz, 249.57 W, 48
2026/10/07 20:23:09.659, 1, 2032 MHz, 3996 MHz, 261.41 W, 51
2026/10/07 20:23:09.659, 2, 2032 MHz, 3996 MHz, 242.49 W, 41
2026/10/07 20:23:09.659, 3, 2032 MHz, 3996 MHz, 244.59 W, 41
2026/10/07 20:23:09.659, 4, 2032 MHz, 3996 MHz, 246.40 W, 50
2026/10/07 20:23:09.659, 5, 2032 MHz, 3996 MHz, 248.74 W, 49
2026/10/07 20:23:09.659, 6, 2032 MHz, 3996 MHz, 246.36 W, 40
2026/10/07 20:23:09.659, 7, 2032 MHz, 3996 MHz, 244.60 W, 40
2026/10/07 20:23:10.659, 0, 2032 MHz, 3996 MHz, 249.02 W, 48
2026/10/07 20:23:10.659, 1, 2032 MHz, 3996 MHz, 260.21 W, 50
2026/10/07 20:23:10.659, 2, 420 MHz, 3996 MHz, 193.70 W, 40
2026/10/07 20:23:10.659, 3, 2032 MHz, 3996 MHz, 244.35 W, 40
2026/10/07 20:23:10.659, 4, 2032 MHz, 3996 MHz, 246.73 W, 50
2026/10/07 20:23:10.659, 5, 2032 MHz, 3996 MHz, 247.82 W, 48
2026/10/07 20:23:10.659, 6, 2032 MHz, 3996 MHz, 245.46 W, 40
2026/10/07 20:23:10.659, 7, 2032 MHz, 3996 MHz, 244.50 W, 39
