timestamp, index, clocks.current.sm [MHz], clocks.current.memory [MHz], power.draw [W], temperature.gpu
2026/10/08 04:34:41.645, 0, 120 MHz, 3996 MHz, 188.35 W, 39
2026/10/08 04:34:41.647, 1, 120 MHz, 3996 MHz, 190.55 W, 41
2026/10/08 04:34:41.648, 2, 120 MHz, 3996 MHz, 184.09 W, 31
2026/10/08 04:34:41.650, 3, 120 MHz, 3996 MHz, 183.45 W, 31
2026/10/08 04:34:41.651, 4, 120 MHz, 3996 MHz, 184.59 W, 39
2026/10/08 04:34:41.653, 5, 120 MHz, 3996 MHz, 183.20 W, 37
2026/10/08 04:34:41.654, 6, 120 MHz, 3996 MHz, 184.87 W, 31
2026/10/08 04:34:41.656, 7, 120 MHz, 3996 MHz, 185.92 W, 30
2026/10/08 04:34:42.657, 0, 120 MHz, 3996 MHz, 188.35 W, 39
2026/10/08 04:34:42.657, 1, 120 MHz, 3996 MHz, 190.39 W, 41
2026/10/08 04:34:42.657, 2, 120 MHz, 3996 MHz, 184.09 W, 31
2026/10/08 04:34:42.657, 3, 120 MHz, 3996 MHz, 183.28 W, 31
2026/10/08 04:34:42.657, 4, 120 MHz, 3996 MHz, 184.58 W, 38
2026/10/08 04:34:42.657, 5, 120 MHz, 3996 MHz, 183.23 W, 37
2026/10/08 04:34:42.657, 6, 120 MHz, 3996 MHz, 184.87 W, 31
2026/10/08 04:34:42.657, 7, 120 MHz, 3996 MHz, 185.48 W, 30
2026/10/08 04:34:43.658, 0, 120 MHz, 3996 MHz, 188.50 W, 39
2026/10/08 04:34:43.658, 1, 120 MHz, 3996 MHz, 190.17 W, 41
2026/10/08 04:34:43.658, 2, 120 MHz, 3996 MHz, 184.09 W, 31
2026/10/08 04:34:43.658, 3, 120 MHz, 3996 MHz, 183.04 W, 31
2026/10/08 04:34:43.658, 4, 120 MHz, 3996 MHz, 184.58 W, 38
2026/10/08 04:34:43.658, 5, 120 MHz, 3996 MHz, 182.98 W, 37
2026/10/08 04:34:43.658, 6, 120 MHz, 3996 MHz, 185.92 W, 31
2026/10/08 04:34:43.658, 7, 120 MHz, 3996 MHz, 185.57 W, 30
2026/10/08 04:34:44.658, 0, 120 MHz, 3996 MHz, 188.54 W, 38
2026/10/08 04:34:44.658, 1, 120 MHz, 3996 MHz, 190.51 W, 41
2026/10/08 04:34:44.658, 2, 120 MHz, 3996 MHz, 184.09 W, 31
2026/10/08 04:34:44.658, 3, 120 MHz, 3996 MHz, 182.39 W, 31
2026/10/08 04:34:44.658, 4, 120 MHz, 3996 MHz, 184.59 W, 38
2026/10/08 04:34:44.658, 5, 120 MHz, 3996 MHz, 182.87 W, 37
2026/10/08 04:34:44.658, 6, 120 MHz, 3996 MHz, 186.02 W, 31
2026/10/08 04:34:44.658, 7, 120 MHz, 3996 MHz, 185.54 W, 30
2026/10/08 04:34:45.658, 0, 120 MHz, 3996 MHz, 188.39 W, 38
2026/10/08 04:34:45.658, 1, 120 MHz, 3996 MHz, 190.44 W, 41
2026/10/08 04:34:45.658, 2, 120 MHz, 3996 MHz, 184.09 W, 31
2026/10/08 04:34:45.658, 3, 120 MHz, 3996 MHz, 182.58 W, 31
2026/10/08 04:34:45.658, 4, 120 MHz, 3996 MHz, 184.58 W, 38
2026/10/08 04:34:45.658, 5, 120 MHz, 3996 MHz, 182.82 W, 37
2026/10/08 04:34:45.658, 6, 120 MHz, 3996 MHz, 185.44 W, 31
2026/10/08 04:34:45.658, 7, 120 MHz, 3996 MHz, 185.09 W, 30
2026/10/08 04:34:46.658, 0, 120 MHz, 3996 MHz, 188.35 W, 38
2026/10/08 04:34:46.659, 1, 120 MHz, 3996 MHz, 190.20 W, 41
2026/10/08 04:34:46.659, 2, 120 MHz, 3996 MHz, 184.09 W, 31
2026/10/08 04:34:46.659, 3, 120 MHz, 3996 MHz, 182.35 W, 31
2026/10/08 04:34:46.659, 4, 120 MHz, 3996 MHz, 184.59 W, 38
2026/10/08 04:34:46.659, 5, 120 MHz, 3996 MHz, 182.75 W, 37
2026/10/08 04:34:46.659, 6, 120 MHz, 3996 MHz, 185.29 W, 31
2026/10/08 04:34:46.659, 7, 120 MHz, 3996 MHz, 184.83 W, 30
2026/10/08 04:34:47.659, 0, 120 MHz, 3996 MHz, 188.35 W, 38
2026/10/08 04:34:47.659, 1, 120 MHz, 3996 MHz, 190.17 W, 40
2026/10/08 04:34:47.659, 2, 120 MHz, 3996 MHz, 184.09 W, 31
2026/10/08 04:34:47.659, 3, 120 MHz, 3996 MHz, 182.28 W, 31
2026/10/08 04:34:47.659, 4, 120 MHz, 3996 MHz, 184.58 W, 38
2026/10/08 04:34:47.659, 5, 120 MHz, 3996 MHz, 182.78 W, 37
2026/10/08 04:34:47.659, 6, 120 MHz, 3996 MHz, 185.22 W, 31
2026/10/08 04:34:47.659, 7, 120 MHz, 3996 MHz, 184.78 W, 30
2026/10/08 04:34:48.659, 0, 120 MHz, 3996 MHz, 188.35 W, 38
2026/10/08 04:34:48.659, 1, 120 MHz, 3996 MHz, 190.17 W, 40
2026/10/08 04:34:48.659, 2, 120 MHz, 3996 MHz, 184.09 W, 31
2026/10/08 04:34:48.659, 3, 120 MHz, 3996 MHz, 182.17 W, 31
2026/10/08 04:34:48.659, 4, 120 MHz, 3996 MHz, 184.59 W, 38
2026/10/08 04:34:48.659, 5, 120 MHz, 3996 MHz, 182.94 W, 37
2026/10/08 04:34:48.659, 6, 120 MHz, 3996 MHz, 185.02 W, 31
2026/10/08 04:34:48.659, 7, 120 MHz, 3996 MHz, 184.79 W, 30
2026/10/08 04:34:49.659, 0, 120 MHz, 3996 MHz, 188.35 W, 38
2026/10/08 04:34:49.659, 1, 120 MHz, 3996 MHz, 190.17 W, 40
2026/10/08 04:34:49.659, 2, 120 MHz, 3996 MHz, 184.09 W, 31
2026/10/08 04:34:49.660, 3, 120 MHz, 3996 MHz, 182.30 W, 31
2026/10/08 04:34:49.660, 4, 120 MHz, 3996 MHz, 184.58 W, 38
2026/10/08 04:34:49.660, 5, 120 MHz, 3996 MHz, 182.87 W, 36
2026/10/08 04:34:49.660, 6, 120 MHz, 3996 MHz, 184.99 W, 31
2026/10/08 04:34:49.660, 7, 120 MHz, 3996 MHz, 184.67 W, 30
2026/10/08 04:34:50.660, 0, 120 MHz, 3996 MHz, 188.35 W, 38
2026/10/08 04:34:50.660, 1, 120 MHz, 3996 MHz, 190.17 W, 40
2026/10/08 04:34:50.660, 2, 120 MHz, 3996 MHz, 184.09 W, 31
2026/10/08 04:34:50.660, 3, 120 MHz, 3996 MHz, 182.34 W, 31
2026/10/08 04:34:50.660, 4, 120 MHz, 3996 MHz, 184.58 W, 38
2026/10/08 04:34:50.660, 5, 120 MHz, 3996 MHz, 182.78 W, 36
2026/10/08 04:34:50.660, 6, 120 MHz, 3996 MHz, 184.87 W, 31
2026/10/08 04:34:50.660, 7, 120 MHz, 3996 MHz, 184.73 W, 30
2026/10/08 04:34:51.660, 0, 120 MHz, 3996 MHz, 188.35 W, 38
2026/10/08 04:34:51.660, 1, 120 MHz, 3996 MHz, 190.17 W, 40
2026/10/08 04:34:51.660, 2, 120 MHz, 3996 MHz, 184.09 W, 31
2026/10/08 04:34:51.660, 3, 120 MHz, 3996 MHz, 182.20 W, 31
2026/10/08 04:34:51.660, 4, 120 MHz, 3996 MHz, 184.59 W, 38
2026/10/08 04:34:51.660, 5, 120 MHz, 3996 MHz, 182.82 W, 36
2026/10/08 04:34:51.660, 6, 120 MHz, 3996 MHz, 184.91 W, 31
2026/10/08 04:34:51.660, 7, 120 MHz, 3996 MHz, 184.73 W, 30
2026/10/08 04:34:52.660, 0, 120 MHz, 3996 MHz, 188.35 W, 38
2026/10/08 04:34:52.660, 1, 120 MHz, 3996 MHz, 190.17 W, 40
2026/10/08 04:34:52.660, 2, 120 MHz, 3996 MHz, 184.09 W, 31
2026/10/08 04:34:52.660, 3, 120 MHz, 3996 MHz, 182.21 W, 31
2026/10/08 04:34:52.660, 4, 120 MHz, 3996 MHz, 184.58 W, 38
2026/10/08 04:34:52.660, 5, 120 MHz, 3996 MHz, 182.85 W, 36
2026/10/08 04:34:52.661, 6, 120 MHz, 3996 MHz, 184.83 W, 31
2026/10/08 04:34:52.661, 7, 120 MHz, 3996 MHz, 184.67 W, 29
2026/10/08 04:34:53.661, 0, 120 MHz, 3996 MHz, 188.35 W, 38
2026/10/08 04:34:53.661, 1, 120 MHz, 3996 MHz, 190.17 W, 40
2026/10/08 04:34:53.661, 2, 120 MHz, 3996 MHz, 184.09 W, 31
2026/10/08 04:34:53.661, 3, 120 MHz, 3996 MHz, 182.20 W, 31
2026/10/08 04:34:53.661, 4, 120 MHz, 3996 MHz, 184.59 W, 38
2026/10/08 04:34:53.661, 5, 120 MHz, 3996 MHz, 182.77 W, 36
2026/10/08 04:34:53.661, 6, 120 MHz, 3996 MHz, 184.83 W, 31
2026/10/08 04:34:53.661, 7, 120 MHz, 3996 MHz, 184.65 W, 29
2026/10/08 04:34:54.661, 0, 120 MHz, 3996 MHz, 188.35 W, 37
2026/10/08 04:34:54.661, 1, 120 MHz, 3996 MHz, 190.17 W, 40
2026/10/08 04:34:54.661, 2, 120 MHz, 3996 MHz, 184.09 W, 30
2026/10/08 04:34:54.661, 3, 120 MHz, 3996 MHz, 182.24 W, 30
2026/10/08 04:34:54.661, 4, 120 MHz, 3996 MHz, 184.57 W, 38
2026/10/08 04:34:54.661, 5, 120 MHz, 3996 MHz, 182.70 W, 36
2026/10/08 04:34:54.661, 6, 120 MHz, 3996 MHz, 184.83 W, 31
2026/10/08 04:34:54.661, 7, 120 MHz, 3996 MHz, 184.64 W, 29
2026/10/08 04:34:55.661, 0, 120 MHz, 3996 MHz, 188.27 W, 37
2026/10/08 04:34:55.661, 1, 120 MHz, 3996 MHz, 190.17 W, 40
2026/10/08 04:34:55.661, 2, 120 MHz, 3996 MHz, 184.09 W, 30
2026/10/08 04:34:55.661, 3, 120 MHz, 3996 MHz, 182.21 W, 30
2026/10/08 04:34:55.661, 4, 120 MHz, 3996 MHz, 184.58 W, 38
2026/10/08 04:34:55.661, 5, 120 MHz, 3996 MHz, 182.67 W, 36
2026/10/08 04:34:55.661, 6, 120 MHz, 3996 MHz, 184.87 W, 30
2026/10/08 04:34:55.661, 7, 120 MHz, 3996 MHz, 184.62 W, 29
2026/10/08 04:34:56.662, 0, 120 MHz, 3996 MHz, 188.16 W, 37
2026/10/08 04:34:56.662, 1, 120 MHz, 3996 MHz, 190.17 W, 40
2026/10/08 04:34:56.662, 2, 120 MHz, 3996 MHz, 184.09 W, 30
2026/10/08 04:34:56.662, 3, 120 MHz, 3996 MHz, 182.28 W, 30
2026/10/08 04:34:56.662, 4, 120 MHz, 3996 MHz, 184.58 W, 38
2026/10/08 04:34:56.662, 5, 120 MHz, 3996 MHz, 182.67 W, 36
2026/10/08 04:34:56.662, 6, 120 MHz, 3996 MHz, 184.83 W, 30
2026/10/08 04:34:56.662, 7, 120 MHz, 3996 MHz, 184.60 W, 29
2026/10/08 04:34:57.662, 0, 120 MHz, 3996 MHz, 188.08 W, 37
2026/10/08 04:34:57.662, 1, 120 MHz, 3996 MHz, 190.17 W, 39
2026/10/08 04:34:57.662, 2, 120 MHz, 3996 MHz, 184.07 W, 30
2026/10/08 04:34:57.662, 3, 120 MHz, 3996 MHz, 182.26 W, 30
2026/10/08 04:34:57.662, 4, 120 MHz, 3996 MHz, 184.59 W, 38
2026/10/08 04:34:57.662, 5, 120 MHz, 3996 MHz, 182.68 W, 36
2026/10/08 04:34:57.662, 6, 120 MHz, 3996 MHz, 184.83 W, 30
2026/10/08 04:34:57.662, 7, 120 MHz, 3996 MHz, 184.61 W, 29
2026/10/08 04:34:58.662, 0, 120 MHz, 3996 MHz, 188.05 W, 37
2026/10/08 04:34:58.662, 1, 120 MHz, 3996 MHz, 190.17 W, 39
2026/10/08 04:34:58.662, 2, 120 MHz, 3996 MHz, 184.09 W, 30
2026/10/08 04:34:58.662, 3, 120 MHz, 3996 MHz, 182.30 W, 30
2026/10/08 04:34:58.662, 4, 120 MHz, 3996 MHz, 184.58 W, 38
2026/10/08 04:34:58.662, 5, 120 MHz, 3996 MHz, 182.67 W, 36
2026/10/08 04:34:58.662, 6, 120 MHz, 3996 MHz, 184.83 W, 30
2026/10/08 04:34:58.662, 7, 120 MHz, 3996 MHz, 184.62 W, 29
2026/10/08 04:34:59.663, 0, 120 MHz, 3996 MHz, 186.45 W, 37
2026/10/08 04:34:59.663, 1, 120 MHz, 3996 MHz, 190.13 W, 39
2026/10/08 04:34:59.663, 2, 120 MHz, 3996 MHz, 184.04 W, 30
2026/10/08 04:34:59.663, 3, 120 MHz, 3996 MHz, 182.31 W, 30
2026/10/08 04:34:59.663, 4, 120 MHz, 3996 MHz, 184.59 W, 38
2026/10/08 04:34:59.663, 5, 120 MHz, 3996 MHz, 182.66 W, 36
2026/10/08 04:34:59.663, 6, 120 MHz, 3996 MHz, 184.83 W, 30
2026/10/08 04:34:59.663, 7, 120 MHz, 3996 MHz, 184.62 W, 29
2026/10/08 04:35:00.663, 0, 120 MHz, 3996 MHz, 186.41 W, 37
2026/10/08 04:35:00.663, 1, 120 MHz, 3996 MHz, 190.17 W, 39
2026/10/08 04:35:00.663, 2, 120 MHz, 3996 MHz, 184.03 W, 30
2026/10/08 04:35:00.663, 3, 120 MHz, 3996 MHz, 182.32 W, 30
2026/10/08 04:35:00.663, 4, 120 MHz, 3996 MHz, 184.59 W, 38
2026/10/08 04:35:00.663, 5, 120 MHz, 3996 MHz, 182.67 W, 36
2026/10/08 04:35:00.663, 6, 120 MHz, 3996 MHz, 184.83 W, 30
2026/10/08 04:35:00.663, 7, 120 MHz, 3996 MHz, 184.63 W, 29
2026/10/08 04:35:01.663, 0, 120 MHz, 3996 MHz, 186.41 W, 37
2026/10/08 04:35:01.663, 1, 120 MHz, 3996 MHz, 190.17 W, 39
2026/10/08 04:35:01.663, 2, 120 MHz, 3996 MHz, 184.12 W, 30
2026/10/08 04:35:01.663, 3, 120 MHz, 3996 MHz, 182.29 W, 30
2026/10/08 04:35:01.663, 4, 120 MHz, 3996 MHz, 184.59 W, 38
2026/10/08 04:35:01.663, 5, 120 MHz, 3996 MHz, 182.73 W, 36
2026/10/08 04:35:01.663, 6, 120 MHz, 3996 MHz, 184.83 W, 30
2026/10/08 04:35:01.663, 7, 120 MHz, 3996 MHz, 184.63 W, 29
2026/10/08 04:35:02.664, 0, 120 MHz, 3996 MHz, 186.41 W, 37
2026/10/08 04:35:02.664, 1, 120 MHz, 3996 MHz, 190.17 W, 39
2026/10/08 04:35:02.664, 2, 120 MHz, 3996 MHz, 184.08 W, 30
2026/10/08 04:35:02.664, 3, 120 MHz, 3996 MHz, 182.25 W, 30
2026/10/08 04:35:02.664, 4, 120 MHz, 3996 MHz, 184.57 W, 38
2026/10/08 04:35:02.664, 5, 120 MHz, 3996 MHz, 182.70 W, 36
2026/10/08 04:35:02.664, 6, 120 MHz, 3996 MHz, 184.83 W, 30
2026/10/08 04:35:02.664, 7, 120 MHz, 3996 MHz, 184.64 W, 29
2026/10/08 04:35:03.664, 0, 120 MHz, 3996 MHz, 186.41 W, 37
2026/10/08 04:35:03.664, 1, 120 MHz, 3996 MHz, 189.86 W, 39
2026/10/08 04:35:03.664, 2, 120 MHz, 3996 MHz, 184.07 W, 30
2026/10/08 04:35:03.664, 3, 120 MHz, 3996 MHz, 182.24 W, 30
2026/10/08 04:35:03.664, 4, 120 MHz, 3996 MHz, 184.57 W, 38
2026/10/08 04:35:03.664, 5, 120 MHz, 3996 MHz, 182.66 W, 36
2026/10/08 04:35:03.664, 6, 120 MHz, 3996 MHz, 184.83 W, 30
2026/10/08 04:35:03.664, 7, 120 MHz, 3996 MHz, 184.64 W, 29
2026/10/08 04:35:04.664, 0, 2032 MHz, 3996 MHz, 212.80 W, 37
2026/10/08 04:35:04.664, 1, 120 MHz, 3996 MHz, 189.94 W, 39
2026/10/08 04:35:04.664, 2, 120 MHz, 3996 MHz, 184.04 W, 30
2026/10/08 04:35:04.664, 3, 120 MHz, 3996 MHz, 182.24 W, 30
2026/10/08 04:35:04.664, 4, 120 MHz, 3996 MHz, 184.55 W, 38
2026/10/08 04:35:04.664, 5, 120 MHz, 3996 MHz, 182.70 W, 36
2026/10/08 04:35:04.664, 6, 120 MHz, 3996 MHz, 184.83 W, 30
2026/10/08 04:35:04.664, 7, 120 MHz, 3996 MHz, 184.65 W, 29
2026/10/08 04:35:05.664, 0, 2032 MHz, 3996 MHz, 244.31 W, 38
2026/10/08 04:35:05.665, 1, 120 MHz, 3996 MHz, 189.93 W, 39
2026/10/08 04:35:05.665, 2, 120 MHz, 3996 MHz, 183.95 W, 30
2026/10/08 04:35:05.665, 3, 120 MHz, 3996 MHz, 182.24 W, 30
2026/10/08 04:35:05.665, 4, 120 MHz, 3996 MHz, 184.54 W, 37
2026/10/08 04:35:05.665, 5, 120 MHz, 3996 MHz, 182.66 W, 36
2026/10/08 04:35:05.665, 6, 120 MHz, 3996 MHz, 184.83 W, 30
2026/10/08 04:35:05.665, 7, 120 MHz, 3996 MHz, 184.65 W, 29
2026/10/08 04:35:06.665, 0, 2032 MHz, 3996 MHz, 244.11 W, 38
2026/10/08 04:35:06.665, 1, 120 MHz, 3996 MHz, 189.77 W, 39
2026/10/08 04:35:06.665, 2, 120 MHz, 3996 MHz, 184.10 W, 30
2026/10/08 04:35:06.665, 3, 120 MHz, 3996 MHz, 182.24 W, 30
2026/10/08 04:35:06.665, 4, 120 MHz, 3996 MHz, 184.57 W, 37
2026/10/08 04:35:06.665, 5, 120 MHz, 3996 MHz, 182.70 W, 36
2026/10/08 04:35:06.665, 6, 120 MHz, 3996 MHz, 184.83 W, 30
2026/10/08 04:35:06.665, 7, 120 MHz, 3996 MHz, 184.63 W, 29
2026/10/08 04:35:07.665, 0, 2032 MHz, 3996 MHz, 244.69 W, 38
2026/10/08 04:35:07.665, 1, 120 MHz, 3996 MHz, 189.73 W, 39
2026/10/08 04:35:07.665, 2, 120 MHz, 3996 MHz, 183.95 W, 30
2026/10/08 04:35:07.665, 3, 120 MHz, 3996 MHz, 182.24 W, 30
2026/10/08 04:35:07.665, 4, 120 MHz, 3996 MHz, 184.57 W, 37
2026/10/08 04:35:07.665, 5, 120 MHz, 3996 MHz, 182.65 W, 36
2026/10/08 04:35:07.665, 6, 120 MHz, 3996 MHz, 184.83 W, 30
2026/10/08 04:35:07.665, 7, 120 MHz, 3996 MHz, 184.62 W, 29
2026/10/08 04:35:08.665, 0, 2032 MHz, 3996 MHz, 244.61 W, 38
2026/10/08 04:35:08.665, 1, 2032 MHz, 3996 MHz, 194.11 W, 39
2026/10/08 04:35:08.665, 2, 120 MHz, 3996 MHz, 183.85 W, 30
2026/10/08 04:35:08.665, 3, 120 MHz, 3996 MHz, 182.28 W, 30
2026/10/08 04:35:08.665, 4, 120 MHz, 3996 MHz, 184.57 W, 37
2026/10/08 04:35:08.665, 5, 120 MHz, 3996 MHz, 182.65 W, 36
2026/10/08 04:35:08.665, 6, 120 MHz, 3996 MHz, 184.83 W, 30
2026/10/08 04:35:08.665, 7, 120 MHz, 3996 MHz, 184.66 W, 29
2026/10/08 04:35:09.666, 0, 2032 MHz, 3996 MHz, 245.09 W, 38
2026/10/08 04:35:09.666, 1, 2032 MHz, 3996 MHz, 250.52 W, 40
2026/10/08 04:35:09.666, 2, 120 MHz, 3996 MHz, 183.88 W, 30
2026/10/08 04:35:09.666, 3, 120 MHz, 3996 MHz, 182.25 W, 30
2026/10/08 04:35:09.666, 4, 120 MHz, 3996 MHz, 184.56 W, 37
2026/10/08 04:35:09.666, 5, 120 MHz, 3996 MHz, 182.66 W, 36
2026/10/08 04:35:09.666, 6, 120 MHz, 3996 MHz, 184.83 W, 30
2026/10/08 04:35:09.666, 7, 120 MHz, 3996 MHz, 184.63 W, 28
2026/10/08 04:35:10.666, 0, 2032 MHz, 3996 MHz, 262.49 W, 38
2026/10/08 04:35:10.666, 1, 2032 MHz, 3996 MHz, 249.92 W, 40
2026/10/08 04:35:10.666, 2, 120 MHz, 3996 MHz, 183.90 W, 30
2026/10/08 04:35:10.666, 3, 120 MHz, 3996 MHz, 182.25 W, 30
2026/10/08 04:35:10.666, 4, 120 MHz, 3996 MHz, 184.54 W, 37
2026/10/08 04:35:10.666, 5, 120 MHz, 3996 MHz, 182.66 W, 36
2026/10/08 04:35:10.666, 6, 120 MHz, 3996 MHz, 184.83 W, 30
2026/10/08 04:35:10.666, 7, 120 MHz, 3996 MHz, 184.68 W, 28
2026/10/08 04:35:11.666, 0, 2032 MHz, 3996 MHz, 244.14 W, 37
2026/10/08 04:35:11.666, 1, 2032 MHz, 3996 MHz, 251.02 W, 40
2026/10/08 04:35:11.666, 2, 120 MHz, 3996 MHz, 183.72 W, 30
2026/10/08 04:35:11.666, 3, 120 MHz, 3996 MHz, 182.24 W, 30
2026/10/08 04:35:11.666, 4, 120 MHz, 3996 MHz, 184.54 W, 37
2026/10/08 04:35:11.666, 5, 120 MHz, 3996 MHz, 182.67 W, 35
2026/10/08 04:35:11.666, 6, 120 MHz, 3996 MHz, 184.83 W, 30
2026/10/08 04:35:11.666, 7, 120 MHz, 3996 MHz, 184.66 W, 28
2026/10/08 04:35:12.666, 0, 2032 MHz, 3996 MHz, 244.20 W, 37
2026/10/08 04:35:12.666, 1, 2032 MHz, 3996 MHz, 251.76 W, 40
2026/10/08 04:35:12.667, 2, 120 MHz, 3996 MHz, 183.56 W, 30
2026/10/08 04:35:12.667, 3, 120 MHz, 3996 MHz, 182.24 W, 30
2026/10/08 04:35:12.667, 4, 120 MHz, 3996 MHz, 184.58 W, 37
2026/10/08 04:35:12.667, 5, 120 MHz, 3996 MHz, 182.64 W, 35
2026/10/08 04:35:12.667, 6, 120 MHz, 3996 MHz, 184.83 W, 30
2026/10/08 04:35:12.667, 7, 120 MHz, 3996 MHz, 184.64 W, 28
2026/10/08 04:35:13.667, 0, 2032 MHz, 3996 MHz, 243.90 W, 37
2026/10/08 04:35:13.667, 1, 2032 MHz, 3996 MHz, 251.69 W, 40
2026/10/08 04:35:13.667, 2, 120 MHz, 3996 MHz, 183.57 W, 30
2026/10/08 04:35:13.667, 3, 120 MHz, 3996 MHz, 182.24 W, 30
2026/10/08 04:35:13.667, 4, 120 MHz, 3996 MHz, 184.59 W, 37
2026/10/08 04:35:13.667, 5, 120 MHz, 3996 MHz, 182.63 W, 35
2026/10/08 04:35:13.667, 6, 120 MHz, 3996 MHz, 184.83 W, 30
2026/10/08 04:35:13.667, 7, 120 MHz, 3996 MHz, 184.64 W, 28
2026/10/08 04:35:14.667, 0, 2032 MHz, 3996 MHz, 243.83 W, 37
2026/10/08 04:35:14.667, 1, 2032 MHz, 3996 MHz, 269.22 W, 40
2026/10/08 04:35:14.667, 2, 120 MHz, 3996 MHz, 183.78 W, 29
2026/10/08 04:35:14.667, 3, 120 MHz, 3996 MHz, 182.23 W, 29
2026/10/08 04:35:14.667, 4, 120 MHz, 3996 MHz, 184.47 W, 37
2026/10/08 04:35:14.667, 5, 120 MHz, 3996 MHz, 182.63 W, 35
2026/10/08 04:35:14.667, 6, 120 MHz, 3996 MHz, 184.83 W, 29
2026/10/08 04:35:14.667, 7, 120 MHz, 3996 MHz, 184.63 W, 28
2026/10/08 04:35:15.667, 0, 2032 MHz, 3996 MHz, 244.14 W, 37
2026/10/08 04:35:15.667, 1, 2032 MHz, 3996 MHz, 250.02 W, 40
2026/10/08 04:35:15.667, 2, 120 MHz, 3996 MHz, 183.71 W, 29
2026/10/08 04:35:15.667, 3, 120 MHz, 3996 MHz, 182.18 W, 29
2026/10/08 04:35:15.667, 4, 120 MHz, 3996 MHz, 184.47 W, 37
2026/10/08 04:35:15.668, 5, 120 MHz, 3996 MHz, 182.85 W, 35
2026/10/08 04:35:15.668, 6, 120 MHz, 3996 MHz, 184.83 W, 29
2026/10/08 04:35:15.668, 7, 120 MHz, 3996 MHz, 184.67 W, 28
2026/10/08 04:35:16.668, 0, 2032 MHz, 3996 MHz, 244.18 W, 37
2026/10/08 04:35:16.668, 1, 2032 MHz, 3996 MHz, 250.51 W, 39
2026/10/08 04:35:16.668, 2, 120 MHz, 3996 MHz, 183.44 W, 29
2026/10/08 04:35:16.668, 3, 120 MHz, 3996 MHz, 182.21 W, 29
2026/10/08 04:35:16.668, 4, 120 MHz, 3996 MHz, 184.59 W, 37
2026/10/08 04:35:16.668, 5, 120 MHz, 3996 MHz, 182.99 W, 35
2026/10/08 04:35:16.668, 6, 120 MHz, 3996 MHz, 184.83 W, 29
2026/10/08 04:35:16.668, 7, 120 MHz, 3996 MHz, 184.68 W, 28
2026/10/08 04:35:17.668, 0, 2032 MHz, 3996 MHz, 244.26 W, 37
2026/10/08 04:35:17.668, 1, 2032 MHz, 3996 MHz, 251.04 W, 39
2026/10/08 04:35:17.668, 2, 120 MHz, 3996 MHz, 183.50 W, 29
2026/10/08 04:35:17.668, 3, 120 MHz, 3996 MHz, 182.19 W, 29
2026/10/08 04:35:17.668, 4, 120 MHz, 3996 MHz, 184.47 W, 37
2026/10/08 04:35:17.668, 5, 120 MHz, 3996 MHz, 182.88 W, 35
2026/10/08 04:35:17.668, 6, 120 MHz, 3996 MHz, 184.83 W, 29
2026/10/08 04:35:17.668, 7, 120 MHz, 3996 MHz, 184.63 W, 28
2026/10/08 04:35:18.668, 0, 2032 MHz, 3996 MHz, 244.18 W, 37
2026/10/08 04:35:18.668, 1, 2032 MHz, 3996 MHz, 251.47 W, 39
2026/10/08 04:35:18.668, 2, 120 MHz, 3996 MHz, 183.63 W, 29
2026/10/08 04:35:18.668, 3, 120 MHz, 3996 MHz, 182.21 W, 29
2026/10/08 04:35:18.668, 4, 120 MHz, 3996 MHz, 184.58 W, 37
2026/10/08 04:35:18.668, 5, 120 MHz, 3996 MHz, 183.94 W, 35
2026/10/08 04:35:18.668, 6, 120 MHz, 3996 MHz, 184.83 W, 29
2026/10/08 04:35:18.668, 7, 120 MHz, 3996 MHz, 184.64 W, 28
2026/10/08 04:35:19.669, 0, 2032 MHz, 3996 MHz, 244.19 W, 37
2026/10/08 04:35:19.669, 1, 2032 MHz, 3996 MHz, 251.65 W, 39
2026/10/08 04:35:19.669, 2, 120 MHz, 3996 MHz, 183.86 W, 29
2026/10/08 04:35:19.669, 3, 120 MHz, 3996 MHz, 182.20 W, 29
2026/10/08 04:35:19.669, 4, 120 MHz, 3996 MHz, 185.04 W, 37
2026/10/08 04:35:19.669, 5, 120 MHz, 3996 MHz, 184.55 W, 35
2026/10/08 04:35:19.669, 6, 120 MHz, 3996 MHz, 184.83 W, 29
2026/10/08 04:35:19.669, 7, 120 MHz, 3996 MHz, 184.65 W, 28
2026/10/08 04:35:20.669, 0, 2032 MHz, 3996 MHz, 244.18 W, 37
2026/10/08 04:35:20.669, 1, 2032 MHz, 3996 MHz, 251.42 W, 39
2026/10/08 04:35:20.669, 2, 120 MHz, 3996 MHz, 182.87 W, 29
2026/10/08 04:35:20.669, 3, 120 MHz, 3996 MHz, 182.20 W, 29
2026/10/08 04:35:20.669, 4, 120 MHz, 3996 MHz, 185.69 W, 37
2026/10/08 04:35:20.669, 5, 120 MHz, 3996 MHz, 184.40 W, 35
2026/10/08 04:35:20.669, 6, 120 MHz, 3996 MHz, 184.98 W, 29
2026/10/08 04:35:20.669, 7, 120 MHz, 3996 MHz, 184.62 W, 28
2026/10/08 04:35:21.669, 0, 2032 MHz, 3996 MHz, 244.23 W, 37
2026/10/08 04:35:21.669, 1, 2032 MHz, 3996 MHz, 251.21 W, 39
2026/10/08 04:35:21.669, 2, 120 MHz, 3996 MHz, 183.05 W, 29
2026/10/08 04:35:21.669, 3, 120 MHz, 3996 MHz, 182.21 W, 29
2026/10/08 04:35:21.669, 4, 120 MHz, 3996 MHz, 184.74 W, 37
2026/10/08 04:35:21.669, 5, 120 MHz, 3996 MHz, 184.44 W, 35
2026/10/08 04:35:21.669, 6, 120 MHz, 3996 MHz, 184.87 W, 29
2026/10/08 04:35:21.669, 7, 120 MHz, 3996 MHz, 184.66 W, 28
2026/10/08 04:35:22.670, 0, 2032 MHz, 3996 MHz, 251.96 W, 37
2026/10/08 04:35:22.670, 1, 2032 MHz, 3996 MHz, 261.21 W, 40
2026/10/08 04:35:22.670, 2, 120 MHz, 3996 MHz, 183.11 W, 29
2026/10/08 04:35:22.670, 3, 120 MHz, 3996 MHz, 182.22 W, 29
2026/10/08 04:35:22.670, 4, 120 MHz, 3996 MHz, 184.58 W, 37
2026/10/08 04:35:22.670, 5, 120 MHz, 3996 MHz, 184.43 W, 35
2026/10/08 04:35:22.670, 6, 120 MHz, 3996 MHz, 184.83 W, 29
2026/10/08 04:35:22.670, 7, 120 MHz, 3996 MHz, 184.66 W, 28
2026/10/08 04:35:23.670, 0, 2032 MHz, 3996 MHz, 264.87 W, 37
2026/10/08 04:35:23.670, 1, 2032 MHz, 3996 MHz, 271.23 W, 40
2026/10/08 04:35:23.670, 2, 120 MHz, 3996 MHz, 182.90 W, 29
2026/10/08 04:35:23.670, 3, 120 MHz, 3996 MHz, 182.20 W, 29
2026/10/08 04:35:23.670, 4, 120 MHz, 3996 MHz, 184.59 W, 37
2026/10/08 04:35:23.670, 5, 120 MHz, 3996 MHz, 184.48 W, 35
2026/10/08 04:35:23.670, 6, 120 MHz, 3996 MHz, 184.83 W, 29
2026/10/08 04:35:23.670, 7, 120 MHz, 3996 MHz, 184.65 W, 28
2026/10/08 04:35:24.670, 0, 2032 MHz, 3996 MHz, 255.30 W, 37
2026/10/08 04:35:24.670, 1, 2032 MHz, 3996 MHz, 259.65 W, 39
2026/10/08 04:35:24.670, 2, 120 MHz, 3996 MHz, 182.90 W, 29
2026/10/08 04:35:24.670, 3, 120 MHz, 3996 MHz, 182.21 W, 29
2026/10/08 04:35:24.670, 4, 120 MHz, 3996 MHz, 184.59 W, 37
2026/10/08 04:35:24.670, 5, 120 MHz, 3996 MHz, 184.51 W, 35
2026/10/08 04:35:24.670, 6, 120 MHz, 3996 MHz, 184.83 W, 29
2026/10/08 04:35:24.670, 7, 120 MHz, 3996 MHz, 184.64 W, 28
2026/10/08 04:35:25.671, 0, 2032 MHz, 3996 MHz, 244.19 W, 37
2026/10/08 04:35:25.671, 1, 2032 MHz, 3996 MHz, 250.59 W, 39
2026/10/08 04:35:25.671, 2, 120 MHz, 3996 MHz, 182.91 W, 29
2026/10/08 04:35:25.671, 3, 120 MHz, 3996 MHz, 182.21 W, 29
2026/10/08 04:35:25.671, 4, 120 MHz, 3996 MHz, 184.59 W, 37
2026/10/08 04:35:25.671, 5, 120 MHz, 3996 MHz, 184.51 W, 35
2026/10/08 04:35:25.671, 6, 120 MHz, 3996 MHz, 184.83 W, 29
2026/10/08 04:35:25.671, 7, 120 MHz, 3996 MHz, 184.66 W, 28
2026/10/08 04:35:26.671, 0, 2032 MHz, 3996 MHz, 244.18 W, 37
2026/10/08 04:35:26.671, 1, 2032 MHz, 3996 MHz, 250.33 W, 39
2026/10/08 04:35:26.671, 2, 120 MHz, 3996 MHz, 182.79 W, 29
2026/10/08 04:35:26.671, 3, 120 MHz, 3996 MHz, 182.22 W, 29
2026/10/08 04:35:26.671, 4, 120 MHz, 3996 MHz, 184.58 W, 37
2026/10/08 04:35:26.671, 5, 120 MHz, 3996 MHz, 184.16 W, 35
2026/10/08 04:35:26.671, 6, 120 MHz, 3996 MHz, 184.83 W, 29
2026/10/08 04:35:26.671, 7, 120 MHz, 3996 MHz, 184.65 W, 28
2026/10/08 04:35:27.671, 0, 2032 MHz, 3996 MHz, 244.18 W, 37
2026/10/08 04:35:27.671, 1, 2032 MHz, 3996 MHz, 250.24 W, 39
2026/10/08 04:35:27.671, 2, 120 MHz, 3996 MHz, 183.03 W, 29
2026/10/08 04:35:27.671, 3, 120 MHz, 3996 MHz, 182.22 W, 29
2026/10/08 04:35:27.671, 4, 120 MHz, 3996 MHz, 184.59 W, 36
2026/10/08 04:35:27.671, 5, 120 MHz, 3996 MHz, 184.29 W, 35
2026/10/08 04:35:27.671, 6, 120 MHz, 3996 MHz, 184.83 W, 29
2026/10/08 04:35:27.672, 7, 120 MHz, 3996 MHz, 184.69 W, 28
2026/10/08 04:35:28.672, 0, 2032 MHz, 3996 MHz, 244.19 W, 37
2026/10/08 04:35:28.672, 1, 2032 MHz, 3996 MHz, 250.22 W, 39
2026/10/08 04:35:28.672, 2, 120 MHz, 3996 MHz, 182.67 W, 29
2026/10/08 04:35:28.672, 3, 120 MHz, 3996 MHz, 182.20 W, 29
2026/10/08 04:35:28.672, 4, 120 MHz, 3996 MHz, 184.58 W, 36
2026/10/08 04:35:28.672, 5, 120 MHz, 3996 MHz, 184.51 W, 35
2026/10/08 04:35:28.672, 6, 120 MHz, 3996 MHz, 184.83 W, 29
2026/10/08 04:35:28.672, 7, 120 MHz, 3996 MHz, 184.65 W, 28
2026/10/08 04:35:29.672, 0, 2032 MHz, 3996 MHz, 244.18 W, 37
2026/10/08 04:35:29.672, 1, 2032 MHz, 3996 MHz, 250.06 W, 39
2026/10/08 04:35:29.672, 2, 120 MHz, 3996 MHz, 182.60 W, 29
2026/10/08 04:35:29.672, 3, 120 MHz, 3996 MHz, 182.16 W, 29
2026/10/08 04:35:29.672, 4, 120 MHz, 3996 MHz, 184.59 W, 36
2026/10/08 04:35:29.672, 5, 120 MHz, 3996 MHz, 184.28 W, 35
2026/10/08 04:35:29.672, 6, 120 MHz, 3996 MHz, 184.83 W, 29
2026/10/08 04:35:29.672, 7, 120 MHz, 3996 MHz, 184.63 W, 28
2026/10/08 04:35:30.672, 0, 2032 MHz, 3996 MHz, 244.18 W, 37
2026/10/08 04:35:30.672, 1, 2032 MHz, 3996 MHz, 250.06 W, 39
2026/10/08 04:35:30.672, 2, 120 MHz, 3996 MHz, 182.72 W, 29
2026/10/08 04:35:30.673, 3, 120 MHz, 3996 MHz, 182.21 W, 29
2026/10/08 04:35:30.673, 4, 120 MHz, 3996 MHz, 184.58 W, 36
2026/10/08 04:35:30.673, 5, 120 MHz, 3996 MHz, 184.21 W, 35
2026/10/08 04:35:30.673, 6, 120 MHz, 3996 MHz, 184.83 W, 29
2026/10/08 04:35:30.673, 7, 120 MHz, 3996 MHz, 184.65 W, 28
2026/10/08 04:35:31.673, 0, 2032 MHz, 3996 MHz, 244.19 W, 37
2026/10/08 04:35:31.673, 1, 2032 MHz, 3996 MHz, 250.11 W, 39
2026/10/08 04:35:31.673, 2, 120 MHz, 3996 MHz, 183.85 W, 29
2026/10/08 04:35:31.673, 3, 120 MHz, 3996 MHz, 182.18 W, 29
2026/10/08 04:35:31.673, 4, 120 MHz, 3996 MHz, 184.59 W, 36
2026/10/08 04:35:31.673, 5, 120 MHz, 3996 MHz, 184.24 W, 35
2026/10/08 04:35:31.673, 6, 120 MHz, 3996 MHz, 184.83 W, 29
2026/10/08 04:35:31.673, 7, 120 MHz, 3996 MHz, 184.67 W, 28
2026/10/08 04:35:32.673, 0, 2032 MHz, 3996 MHz, 244.19 W, 36
2026/10/08 04:35:32.673, 1, 2032 MHz, 3996 MHz, 249.99 W, 39
2026/10/08 04:35:32.673, 2, 120 MHz, 3996 MHz, 184.09 W, 29
2026/10/08 04:35:32.673, 3, 120 MHz, 3996 MHz, 182.18 W, 29
2026/10/08 04:35:32.673, 4, 120 MHz, 3996 MHz, 184.59 W, 36
2026/10/08 04:35:32.673, 5, 120 MHz, 3996 MHz, 183.65 W, 35
2026/10/08 04:35:32.673, 6, 120 MHz, 3996 MHz, 184.83 W, 29
2026/10/08 04:35:32.673, 7, 120 MHz, 3996 MHz, 184.68 W, 28
2026/10/08 04:35:33.674, 0, 2032 MHz, 3996 MHz, 244.19 W, 36
2026/10/08 04:35:33.674, 1, 2032 MHz, 3996 MHz, 250.18 W, 39
2026/10/08 04:35:33.674, 2, 120 MHz, 3996 MHz, 184.09 W, 29
2026/10/08 04:35:33.674, 3, 120 MHz, 3996 MHz, 182.38 W, 29
2026/10/08 04:35:33.674, 4, 120 MHz, 3996 MHz, 184.59 W, 36
2026/10/08 04:35:33.674, 5, 120 MHz, 3996 MHz, 183.51 W, 35
2026/10/08 04:35:33.674, 6, 120 MHz, 3996 MHz, 184.83 W, 29
2026/10/08 04:35:33.674, 7, 120 MHz, 3996 MHz, 184.68 W, 28
2026/10/08 04:35:34.674, 0, 2032 MHz, 3996 MHz, 247.70 W, 36
2026/10/08 04:35:34.674, 1, 2032 MHz, 3996 MHz, 254.21 W, 39
2026/10/08 04:35:34.674, 2, 120 MHz, 3996 MHz, 183.23 W, 29
2026/10/08 04:35:34.674, 3, 120 MHz, 3996 MHz, 182.24 W, 29
2026/10/08 04:35:34.674, 4, 120 MHz, 3996 MHz, 184.51 W, 36
2026/10/08 04:35:34.674, 5, 120 MHz, 3996 MHz, 183.22 W, 35
2026/10/08 04:35:34.674, 6, 120 MHz, 3996 MHz, 184.98 W, 29
2026/10/08 04:35:34.674, 7, 120 MHz, 3996 MHz, 184.64 W, 28
2026/10/08 04:35:35.674, 0, 2032 MHz, 3996 MHz, 250.92 W, 36
2026/10/08 04:35:35.674, 1, 2032 MHz, 3996 MHz, 256.84 W, 39
2026/10/08 04:35:35.674, 2, 120 MHz, 3996 MHz, 182.29 W, 29
2026/10/08 04:35:35.674, 3, 120 MHz, 3996 MHz, 182.16 W, 29
2026/10/08 04:35:35.674, 4, 120 MHz, 3996 MHz, 184.32 W, 36
2026/10/08 04:35:35.674, 5, 120 MHz, 3996 MHz, 183.62 W, 34
2026/10/08 04:35:35.674, 6, 120 MHz, 3996 MHz, 185.09 W, 29
2026/10/08 04:35:35.674, 7, 120 MHz, 3996 MHz, 184.63 W, 28
2026/10/08 04:35:36.675, 0, 2032 MHz, 3996 MHz, 244.20 W, 36
2026/10/08 04:35:36.675, 1, 2032 MHz, 3996 MHz, 249.85 W, 39
2026/10/08 04:35:36.675, 2, 120 MHz, 3996 MHz, 182.33 W, 29
2026/10/08 04:35:36.675, 3, 120 MHz, 3996 MHz, 182.22 W, 29
2026/10/08 04:35:36.675, 4, 120 MHz, 3996 MHz, 184.47 W, 36
2026/10/08 04:35:36.675, 5, 120 MHz, 3996 MHz, 183.68 W, 34
2026/10/08 04:35:36.675, 6, 120 MHz, 3996 MHz, 184.95 W, 29
2026/10/08 04:35:36.675, 7, 120 MHz, 3996 MHz, 184.65 W, 28
2026/10/08 04:35:37.675, 0, 2032 MHz, 3996 MHz, 244.13 W, 36
2026/10/08 04:35:37.675, 1, 2032 MHz, 3996 MHz, 249.86 W, 39
2026/10/08 04:35:37.675, 2, 120 MHz, 3996 MHz, 182.45 W, 29
2026/10/08 04:35:37.675, 3, 120 MHz, 3996 MHz, 182.22 W, 29
2026/10/08 04:35:37.675, 4, 120 MHz, 3996 MHz, 184.43 W, 36
2026/10/08 04:35:37.675, 5, 120 MHz, 3996 MHz, 183.46 W, 34
2026/10/08 04:35:37.675, 6, 120 MHz, 3996 MHz, 185.06 W, 29
2026/10/08 04:35:37.675, 7, 120 MHz, 3996 MHz, 184.65 W, 27
2026/10/08 04:35:38.675, 0, 2032 MHz, 3996 MHz, 244.17 W, 36
2026/10/08 04:35:38.676, 1, 2032 MHz, 3996 MHz, 250.02 W, 39
2026/10/08 04:35:38.676, 2, 120 MHz, 3996 MHz, 182.21 W, 29
2026/10/08 04:35:38.676, 3, 120 MHz, 3996 MHz, 182.22 W, 29
2026/10/08 04:35:38.676, 4, 120 MHz, 3996 MHz, 183.67 W, 36
2026/10/08 04:35:38.676, 5, 120 MHz, 3996 MHz, 182.77 W, 34
2026/10/08 04:35:38.676, 6, 120 MHz, 3996 MHz, 184.91 W, 29
2026/10/08 04:35:38.676, 7, 120 MHz, 3996 MHz, 184.65 W, 27
2026/10/08 04:35:39.676, 0, 2032 MHz, 3996 MHz, 244.12 W, 36
2026/10/08 04:35:39.676, 1, 2032 MHz, 3996 MHz, 249.85 W, 39
2026/10/08 04:35:39.676, 2, 120 MHz, 3996 MHz, 182.25 W, 29
2026/10/08 04:35:39.676, 3, 120 MHz, 3996 MHz, 182.20 W, 29
2026/10/08 04:35:39.676, 4, 120 MHz, 3996 MHz, 183.74 W, 36
2026/10/08 04:35:39.676, 5, 120 MHz, 3996 MHz, 182.88 W, 34
2026/10/08 04:35:39.676, 6, 120 MHz, 3996 MHz, 184.87 W, 29
2026/10/08 04:35:39.676, 7, 120 MHz, 3996 MHz, 184.63 W, 27
2026/10/08 04:35:40.676, 0, 2032 MHz, 3996 MHz, 244.15 W, 36
2026/10/08 04:35:40.676, 1, 2032 MHz, 3996 MHz, 249.85 W, 39
2026/10/08 04:35:40.676, 2, 120 MHz, 3996 MHz, 182.18 W, 29
2026/10/08 04:35:40.676, 3, 120 MHz, 3996 MHz, 182.18 W, 29
2026/10/08 04:35:40.676, 4, 120 MHz, 3996 MHz, 183.62 W, 36
2026/10/08 04:35:40.676, 5, 120 MHz, 3996 MHz, 183.04 W, 34
2026/10/08 04:35:40.676, 6, 120 MHz, 3996 MHz, 184.87 W, 29
2026/10/08 04:35:40.676, 7, 120 MHz, 3996 MHz, 184.62 W, 27
2026/10/08 04:35:41.677, 0, 2032 MHz, 3996 MHz, 244.14 W, 36
2026/10/08 04:35:41.677, 1, 2032 MHz, 3996 MHz, 249.91 W, 39
2026/10/08 04:35:41.677, 2, 120 MHz, 3996 MHz, 182.17 W, 29
2026/10/08 04:35:41.677, 3, 120 MHz, 3996 MHz, 182.24 W, 29
2026/10/08 04:35:41.677, 4, 120 MHz, 3996 MHz, 183.21 W, 36
2026/10/08 04:35:41.677, 5, 120 MHz, 3996 MHz, 182.76 W, 34
2026/10/08 04:35:41.677, 6, 120 MHz, 3996 MHz, 184.98 W, 29
2026/10/08 04:35:41.677, 7, 120 MHz, 3996 MHz, 184.63 W, 27
2026/10/08 04:35:42.677, 0, 2032 MHz, 3996 MHz, 244.13 W, 36
2026/10/08 04:35:42.677, 1, 2032 MHz, 3996 MHz, 249.86 W, 38
2026/10/08 04:35:42.677, 2, 120 MHz, 3996 MHz, 182.15 W, 29
2026/10/08 04:35:42.677, 3, 120 MHz, 3996 MHz, 182.16 W, 29
2026/10/08 04:35:42.677, 4, 2032 MHz, 3996 MHz, 196.40 W, 37
2026/10/08 04:35:42.677, 5, 120 MHz, 3996 MHz, 182.89 W, 34
2026/10/08 04:35:42.677, 6, 120 MHz, 3996 MHz, 184.87 W, 29
2026/10/08 04:35:42.677, 7, 120 MHz, 3996 MHz, 184.61 W, 27
2026/10/08 04:35:43.677, 0, 2032 MHz, 3996 MHz, 243.89 W, 36
2026/10/08 04:35:43.677, 1, 2032 MHz, 3996 MHz, 249.87 W, 38
2026/10/08 04:35:43.677, 2, 120 MHz, 3996 MHz, 182.15 W, 29
2026/10/08 04:35:43.677, 3, 120 MHz, 3996 MHz, 182.19 W, 29
2026/10/08 04:35:43.677, 4, 2032 MHz, 3996 MHz, 244.54 W, 37
2026/10/08 04:35:43.677, 5, 120 MHz, 3996 MHz, 182.95 W, 34
2026/10/08 04:35:43.677, 6, 120 MHz, 3996 MHz, 184.87 W, 29
2026/10/08 04:35:43.677, 7, 120 MHz, 3996 MHz, 184.62 W, 27
2026/10/08 04:35:44.678, 0, 2032 MHz, 3996 MHz, 243.99 W, 36
2026/10/08 04:35:44.678, 1, 2032 MHz, 3996 MHz, 249.89 W, 38
2026/10/08 04:35:44.678, 2, 120 MHz, 3996 MHz, 182.14 W, 29
2026/10/08 04:35:44.678, 3, 120 MHz, 3996 MHz, 182.22 W, 29
2026/10/08 04:35:44.678, 4, 2032 MHz, 3996 MHz, 244.50 W, 37
2026/10/08 04:35:44.678, 5, 120 MHz, 3996 MHz, 182.83 W, 34
2026/10/08 04:35:44.678, 6, 2032 MHz, 3996 MHz, 195.92 W, 29
2026/10/08 04:35:44.678, 7, 120 MHz, 3996 MHz, 184.58 W, 27
2026/10/08 04:35:45.678, 0, 2032 MHz, 3996 MHz, 244.22 W, 36
2026/10/08 04:35:45.678, 1, 2032 MHz, 3996 MHz, 250.30 W, 38
2026/10/08 04:35:45.678, 2, 120 MHz, 3996 MHz, 182.13 W, 29
2026/10/08 04:35:45.678, 3, 120 MHz, 3996 MHz, 182.19 W, 29
2026/10/08 04:35:45.678, 4, 2032 MHz, 3996 MHz, 244.62 W, 37
2026/10/08 04:35:45.678, 5, 2032 MHz, 3996 MHz, 217.44 W, 35
2026/10/08 04:35:45.678, 6, 2032 MHz, 3996 MHz, 245.05 W, 30
2026/10/08 04:35:45.678, 7, 120 MHz, 3996 MHz, 184.47 W, 27
2026/10/08 04:35:46.678, 0, 2032 MHz, 3996 MHz, 243.85 W, 36
2026/10/08 04:35:46.678, 1, 2032 MHz, 3996 MHz, 249.89 W, 38
2026/10/08 04:35:46.678, 2, 120 MHz, 3996 MHz, 182.13 W, 29
2026/10/08 04:35:46.678, 3, 120 MHz, 3996 MHz, 182.12 W, 29
2026/10/08 04:35:46.678, 4, 2032 MHz, 3996 MHz, 245.70 W, 37
2026/10/08 04:35:46.678, 5, 2032 MHz, 3996 MHz, 236.42 W, 35
2026/10/08 04:35:46.678, 6, 2032 MHz, 3996 MHz, 245.02 W, 30
2026/10/08 04:35:46.678, 7, 120 MHz, 3996 MHz, 184.47 W, 27
2026/10/08 04:35:47.679, 0, 2032 MHz, 3996 MHz, 243.72 W, 36
2026/10/08 04:35:47.679, 1, 2032 MHz, 3996 MHz, 249.86 W, 38
2026/10/08 04:35:47.679, 2, 120 MHz, 3996 MHz, 182.13 W, 29
2026/10/08 04:35:47.679, 3, 120 MHz, 3996 MHz, 182.15 W, 29
2026/10/08 04:35:47.679, 4, 2032 MHz, 3996 MHz, 244.92 W, 37
2026/10/08 04:35:47.679, 5, 2032 MHz, 3996 MHz, 237.20 W, 35
2026/10/08 04:35:47.679, 6, 2032 MHz, 3996 MHz, 246.11 W, 30
2026/10/08 04:35:47.679, 7, 120 MHz, 3996 MHz, 184.47 W, 27
2026/10/08 04:35:48.679, 0, 2032 MHz, 3996 MHz, 243.58 W, 36
2026/10/08 04:35:48.679, 1, 2032 MHz, 3996 MHz, 249.87 W, 38
2026/10/08 04:35:48.679, 2, 120 MHz, 3996 MHz, 182.17 W, 29
2026/10/08 04:35:48.679, 3, 120 MHz, 3996 MHz, 182.04 W, 29
2026/10/08 04:35:48.679, 4, 2032 MHz, 3996 MHz, 244.49 W, 37
2026/10/08 04:35:48.679, 5, 2032 MHz, 3996 MHz, 237.65 W, 35
2026/10/08 04:35:48.679, 6, 2032 MHz, 3996 MHz, 246.73 W, 30
2026/10/08 04:35:48.679, 7, 2032 MHz, 3996 MHz, 196.62 W, 28
2026/10/08 04:35:49.679, 0, 2032 MHz, 3996 MHz, 243.02 W, 36
2026/10/08 04:35:49.679, 1, 2032 MHz, 3996 MHz, 249.84 W, 38
2026/10/08 04:35:49.679, 2, 120 MHz, 3996 MHz, 182.18 W, 29
2026/10/08 04:35:49.679, 3, 120 MHz, 3996 MHz, 182.23 W, 29
2026/10/08 04:35:49.679, 4, 2032 MHz, 3996 MHz, 263.73 W, 37
2026/10/08 04:35:49.679, 5, 2032 MHz, 3996 MHz, 236.85 W, 35
2026/10/08 04:35:49.679, 6, 2032 MHz, 3996 MHz, 245.81 W, 30
2026/10/08 04:35:49.679, 7, 2032 MHz, 3996 MHz, 234.88 W, 28
2026/10/08 04:35:50.680, 0, 2032 MHz, 3996 MHz, 243.14 W, 36
2026/10/08 04:35:50.680, 1, 2032 MHz, 3996 MHz, 249.84 W, 38
2026/10/08 04:35:50.680, 2, 120 MHz, 3996 MHz, 182.13 W, 29
2026/10/08 04:35:50.680, 3, 120 MHz, 3996 MHz, 182.05 W, 29
2026/10/08 04:35:50.680, 4, 2032 MHz, 3996 MHz, 279.90 W, 38
2026/10/08 04:35:50.680, 5, 2032 MHz, 3996 MHz, 271.16 W, 36
2026/10/08 04:35:50.680, 6, 2032 MHz, 3996 MHz, 263.87 W, 30
2026/10/08 04:35:50.680, 7, 2032 MHz, 3996 MHz, 234.93 W, 28
2026/10/08 04:35:51.680, 0, 2032 MHz, 3996 MHz, 243.06 W, 36
2026/10/08 04:35:51.680, 1, 2032 MHz, 3996 MHz, 249.85 W, 38
2026/10/08 04:35:51.680, 2, 120 MHz, 3996 MHz, 182.18 W, 29
2026/10/08 04:35:51.680, 3, 120 MHz, 3996 MHz, 182.19 W, 29
2026/10/08 04:35:51.680, 4, 2032 MHz, 3996 MHz, 244.70 W, 37
2026/10/08 04:35:51.680, 5, 2032 MHz, 3996 MHz, 263.74 W, 35
2026/10/08 04:35:51.680, 6, 2032 MHz, 3996 MHz, 284.17 W, 31
2026/10/08 04:35:51.680, 7, 2032 MHz, 3996 MHz, 236.09 W, 28
2026/10/08 04:35:52.680, 0, 2032 MHz, 3996 MHz, 242.98 W, 36
2026/10/08 04:35:52.680, 1, 2032 MHz, 3996 MHz, 249.85 W, 38
2026/10/08 04:35:52.680, 2, 120 MHz, 3996 MHz, 182.26 W, 29
2026/10/08 04:35:52.680, 3, 120 MHz, 3996 MHz, 182.08 W, 29
2026/10/08 04:35:52.680, 4, 2032 MHz, 3996 MHz, 263.09 W, 37
2026/10/08 04:35:52.680, 5, 2032 MHz, 3996 MHz, 256.08 W, 35
2026/10/08 04:35:52.680, 6, 2032 MHz, 3996 MHz, 246.50 W, 30
2026/10/08 04:35:52.680, 7, 2032 MHz, 3996 MHz, 236.74 W, 28
2026/10/08 04:35:53.680, 0, 2032 MHz, 3996 MHz, 243.37 W, 36
2026/10/08 04:35:53.681, 1, 2032 MHz, 3996 MHz, 249.84 W, 38
2026/10/08 04:35:53.681, 2, 120 MHz, 3996 MHz, 182.18 W, 28
2026/10/08 04:35:53.681, 3, 120 MHz, 3996 MHz, 182.16 W, 29
2026/10/08 04:35:53.681, 4, 2032 MHz, 3996 MHz, 249.46 W, 37
2026/10/08 04:35:53.681, 5, 2032 MHz, 3996 MHz, 242.07 W, 35
2026/10/08 04:35:53.681, 6, 2032 MHz, 3996 MHz, 262.65 W, 30
2026/10/08 04:35:53.681, 7, 2032 MHz, 3996 MHz, 236.31 W, 28
2026/10/08 04:35:54.681, 0, 2032 MHz, 3996 MHz, 242.96 W, 36
2026/10/08 04:35:54.681, 1, 2032 MHz, 3996 MHz, 249.84 W, 38
2026/10/08 04:35:54.681, 2, 120 MHz, 3996 MHz, 182.14 W, 28
2026/10/08 04:35:54.681, 3, 120 MHz, 3996 MHz, 182.12 W, 29
2026/10/08 04:35:54.681, 4, 2032 MHz, 3996 MHz, 246.09 W, 37
2026/10/08 04:35:54.681, 5, 2032 MHz, 3996 MHz, 236.81 W, 35
2026/10/08 04:35:54.681, 6, 2032 MHz, 3996 MHz, 246.81 W, 30
2026/10/08 04:35:54.681, 7, 2032 MHz, 3996 MHz, 254.28 W, 29
2026/10/08 04:35:55.681, 0, 2032 MHz, 3996 MHz, 242.80 W, 36
2026/10/08 04:35:55.681, 1, 2032 MHz, 3996 MHz, 249.85 W, 38
2026/10/08 04:35:55.681, 2, 120 MHz, 3996 MHz, 182.15 W, 28
2026/10/08 04:35:55.681, 3, 120 MHz, 3996 MHz, 181.92 W, 29
2026/10/08 04:35:55.681, 4, 2032 MHz, 3996 MHz, 244.45 W, 37
2026/10/08 04:35:55.681, 5, 2032 MHz, 3996 MHz, 236.72 W, 35
2026/10/08 04:35:55.681, 6, 2032 MHz, 3996 MHz, 251.30 W, 30
2026/10/08 04:35:55.681, 7, 2032 MHz, 3996 MHz, 271.19 W, 29
2026/10/08 04:35:56.681, 0, 2032 MHz, 3996 MHz, 243.47 W, 36
2026/10/08 04:35:56.682, 1, 2032 MHz, 3996 MHz, 251.46 W, 38
2026/10/08 04:35:56.682, 2, 120 MHz, 3996 MHz, 182.15 W, 28
2026/10/08 04:35:56.682, 3, 120 MHz, 3996 MHz, 182.08 W, 29
2026/10/08 04:35:56.682, 4, 2032 MHz, 3996 MHz, 244.49 W, 37
2026/10/08 04:35:56.682, 5, 2032 MHz, 3996 MHz, 237.05 W, 35
2026/10/08 04:35:56.682, 6, 2032 MHz, 3996 MHz, 250.92 W, 30
2026/10/08 04:35:56.682, 7, 2032 MHz, 3996 MHz, 236.74 W, 29
2026/10/08 04:35:57.682, 0, 2032 MHz, 3996 MHz, 250.55 W, 36
2026/10/08 04:35:57.682, 1, 2032 MHz, 3996 MHz, 257.45 W, 38
2026/10/08 04:35:57.682, 2, 120 MHz, 3996 MHz, 182.15 W, 28
2026/10/08 04:35:57.682, 3, 120 MHz, 3996 MHz, 182.15 W, 28
2026/10/08 04:35:57.682, 4, 2032 MHz, 3996 MHz, 244.38 W, 37
2026/10/08 04:35:57.682, 5, 2032 MHz, 3996 MHz, 236.74 W, 35
2026/10/08 04:35:57.682, 6, 2032 MHz, 3996 MHz, 246.25 W, 30
2026/10/08 04:35:57.682, 7, 2032 MHz, 3996 MHz, 252.89 W, 29
2026/10/08 04:35:58.682, 0, 2032 MHz, 3996 MHz, 243.98 W, 36
2026/10/08 04:35:58.682, 1, 2032 MHz, 3996 MHz, 249.84 W, 38
2026/10/08 04:35:58.682, 2, 120 MHz, 3996 MHz, 182.16 W, 28
2026/10/08 04:35:58.682, 3, 120 MHz, 3996 MHz, 181.97 W, 29
2026/10/08 04:35:58.682, 4, 2032 MHz, 3996 MHz, 244.68 W, 37
2026/10/08 04:35:58.682, 5, 2032 MHz, 3996 MHz, 236.77 W, 35
2026/10/08 04:35:58.682, 6, 2032 MHz, 3996 MHz, 246.42 W, 30
2026/10/08 04:35:58.682, 7, 2032 MHz, 3996 MHz, 236.74 W, 29
2026/10/08 04:35:59.682, 0, 2032 MHz, 3996 MHz, 242.57 W, 36
2026/10/08 04:35:59.682, 1, 2032 MHz, 3996 MHz, 249.84 W, 38
2026/10/08 04:35:59.682, 2, 120 MHz, 3996 MHz, 182.14 W, 28
2026/10/08 04:35:59.682, 3, 120 MHz, 3996 MHz, 182.09 W, 29
2026/10/08 04:35:59.682, 4, 2032 MHz, 3996 MHz, 253.86 W, 37
2026/10/08 04:35:59.682, 5, 2032 MHz, 3996 MHz, 245.58 W, 35
2026/10/08 04:35:59.682, 6, 2032 MHz, 3996 MHz, 246.40 W, 30
2026/10/08 04:35:59.683, 7, 2032 MHz, 3996 MHz, 240.30 W, 29
2026/10/08 04:36:00.683, 0, 2032 MHz, 3996 MHz, 242.53 W, 35
2026/10/08 04:36:00.683, 1, 2032 MHz, 3996 MHz, 249.85 W, 38
2026/10/08 04:36:00.683, 2, 120 MHz, 3996 MHz, 182.14 W, 28
2026/10/08 04:36:00.683, 3, 120 MHz, 3996 MHz, 182.16 W, 29
2026/10/08 04:36:00.683, 4, 2032 MHz, 3996 MHz, 244.34 W, 37
2026/10/08 04:36:00.683, 5, 2032 MHz, 3996 MHz, 236.59 W, 35
2026/10/08 04:36:00.683, 6, 2032 MHz, 3996 MHz, 246.73 W, 30
2026/10/08 04:36:00.683, 7, 2032 MHz, 3996 MHz, 243.30 W, 29
2026/10/08 04:36:01.683, 0, 2032 MHz, 3996 MHz, 246.80 W, 36
2026/10/08 04:36:01.683, 1, 2032 MHz, 3996 MHz, 256.61 W, 38
2026/10/08 04:36:01.683, 2, 120 MHz, 3996 MHz, 182.19 W, 28
2026/10/08 04:36:01.683, 3, 120 MHz, 3996 MHz, 182.12 W, 28
2026/10/08 04:36:01.683, 4, 2032 MHz, 3996 MHz, 244.37 W, 37
2026/10/08 04:36:01.683, 5, 2032 MHz, 3996 MHz, 239.28 W, 36
2026/10/08 04:36:01.683, 6, 2032 MHz, 3996 MHz, 254.65 W, 30
2026/10/08 04:36:01.683, 7, 2032 MHz, 3996 MHz, 236.71 W, 29
2026/10/08 04:36:02.683, 0, 2032 MHz, 3996 MHz, 244.28 W, 35
2026/10/08 04:36:02.683, 1, 2032 MHz, 3996 MHz, 249.84 W, 38
2026/10/08 04:36:02.683, 2, 120 MHz, 3996 MHz, 182.14 W, 28
2026/10/08 04:36:02.683, 3, 120 MHz, 3996 MHz, 182.11 W, 28
2026/10/08 04:36:02.683, 4, 2032 MHz, 3996 MHz, 244.37 W, 37
2026/10/08 04:36:02.683, 5, 2032 MHz, 3996 MHz, 238.25 W, 35
2026/10/08 04:36:02.683, 6, 2032 MHz, 3996 MHz, 246.46 W, 30
2026/10/08 04:36:02.683, 7, 2032 MHz, 3996 MHz, 236.74 W, 29
2026/10/08 04:36:03.684, 0, 2032 MHz, 3996 MHz, 242.47 W, 35
2026/10/08 04:36:03.684, 1, 2032 MHz, 3996 MHz, 249.85 W, 38
2026/10/08 04:36:03.684, 2, 120 MHz, 3996 MHz, 182.15 W, 28
2026/10/08 04:36:03.684, 3, 120 MHz, 3996 MHz, 182.20 W, 28
2026/10/08 04:36:03.684, 4, 2032 MHz, 3996 MHz, 248.20 W, 37
2026/10/08 04:36:03.684, 5, 2032 MHz, 3996 MHz, 237.07 W, 35
2026/10/08 04:36:03.684, 6, 2032 MHz, 3996 MHz, 246.26 W, 30
2026/10/08 04:36:03.684, 7, 2032 MHz, 3996 MHz, 236.74 W, 29
2026/10/08 04:36:04.684, 0, 2032 MHz, 3996 MHz, 242.34 W, 35
2026/10/08 04:36:04.684, 1, 2032 MHz, 3996 MHz, 249.87 W, 38
2026/10/08 04:36:04.684, 2, 120 MHz, 3996 MHz, 182.15 W, 28
2026/10/08 04:36:04.684, 3, 120 MHz, 3996 MHz, 182.07 W, 29
2026/10/08 04:36:04.684, 4, 2032 MHz, 3996 MHz, 244.34 W, 37
2026/10/08 04:36:04.684, 5, 2032 MHz, 3996 MHz, 236.77 W, 35
2026/10/08 04:36:04.684, 6, 2032 MHz, 3996 MHz, 246.38 W, 30
2026/10/08 04:36:04.684, 7, 2032 MHz, 3996 MHz, 237.01 W, 29
2026/10/08 04:36:05.684, 0, 2032 MHz, 3996 MHz, 242.63 W, 35
2026/10/08 04:36:05.684, 1, 2032 MHz, 3996 MHz, 249.84 W, 38
2026/10/08 04:36:05.684, 2, 120 MHz, 3996 MHz, 182.20 W, 28
2026/10/08 04:36:05.684, 3, 120 MHz, 3996 MHz, 182.05 W, 29
2026/10/08 04:36:05.684, 4, 2032 MHz, 3996 MHz, 244.34 W, 37
2026/10/08 04:36:05.684, 5, 2032 MHz, 3996 MHz, 236.73 W, 35
2026/10/08 04:36:05.684, 6, 2032 MHz, 3996 MHz, 252.26 W, 30
2026/10/08 04:36:05.684, 7, 2032 MHz, 3996 MHz, 249.05 W, 29
2026/10/08 04:36:06.685, 0, 2032 MHz, 3996 MHz, 242.47 W, 35
2026/10/08 04:36:06.685, 1, 2032 MHz, 3996 MHz, 249.85 W, 38
2026/10/08 04:36:06.685, 2, 120 MHz, 3996 MHz, 182.15 W, 28
2026/10/08 04:36:06.685, 3, 120 MHz, 3996 MHz, 182.09 W, 28
2026/10/08 04:36:06.685, 4, 2032 MHz, 3996 MHz, 244.34 W, 37
2026/10/08 04:36:06.685, 5, 2032 MHz, 3996 MHz, 236.74 W, 35
2026/10/08 04:36:06.685, 6, 2032 MHz, 3996 MHz, 246.65 W, 30
2026/10/08 04:36:06.685, 7, 2032 MHz, 3996 MHz, 237.28 W, 29
2026/10/08 04:36:07.685, 0, 2032 MHz, 3996 MHz, 242.34 W, 35
2026/10/08 04:36:07.685, 1, 2032 MHz, 3996 MHz, 249.85 W, 38
2026/10/08 04:36:07.685, 2, 120 MHz, 3996 MHz, 182.15 W, 28
2026/10/08 04:36:07.685, 3, 120 MHz, 3996 MHz, 182.12 W, 29
2026/10/08 04:36:07.685, 4, 2032 MHz, 3996 MHz, 244.73 W, 37
2026/10/08 04:36:07.685, 5, 2032 MHz, 3996 MHz, 517.72 W, 40
2026/10/08 04:36:07.685, 6, 2032 MHz, 3996 MHz, 246.57 W, 30
2026/10/08 04:36:07.685, 7, 2032 MHz, 3996 MHz, 236.74 W, 29
2026/10/08 04:36:08.685, 0, 2032 MHz, 3996 MHz, 242.29 W, 35
2026/10/08 04:36:08.685, 1, 2032 MHz, 3996 MHz, 249.85 W, 38
2026/10/08 04:36:08.685, 2, 120 MHz, 3996 MHz, 182.15 W, 28
2026/10/08 04:36:08.685, 3, 120 MHz, 3996 MHz, 182.19 W, 29
2026/10/08 04:36:08.685, 4, 2032 MHz, 3996 MHz, 244.57 W, 37
2026/10/08 04:36:08.685, 5, 2032 MHz, 3996 MHz, 301.04 W, 36
2026/10/08 04:36:08.685, 6, 2032 MHz, 3996 MHz, 246.61 W, 30
2026/10/08 04:36:08.686, 7, 2032 MHz, 3996 MHz, 236.74 W, 29
2026/10/08 04:36:09.686, 0, 2032 MHz, 3996 MHz, 242.82 W, 35
2026/10/08 04:36:09.686, 1, 2032 MHz, 3996 MHz, 749.28 W, 50
2026/10/08 04:36:09.686, 2, 120 MHz, 3996 MHz, 182.15 W, 28
2026/10/08 04:36:09.686, 3, 120 MHz, 3996 MHz, 182.12 W, 29
2026/10/08 04:36:09.686, 4, 2032 MHz, 3996 MHz, 244.79 W, 37
2026/10/08 04:36:09.686, 5, 1372 MHz, 3996 MHz, 716.03 W, 51
2026/10/08 04:36:09.686, 6, 2032 MHz, 3996 MHz, 246.53 W, 30
2026/10/08 04:36:09.686, 7, 2032 MHz, 3996 MHz, 236.74 W, 29
2026/10/08 04:36:10.686, 0, 2032 MHz, 3996 MHz, 605.57 W, 45
2026/10/08 04:36:10.686, 1, 2032 MHz, 3996 MHz, 255.38 W, 39
2026/10/08 04:36:10.686, 2, 120 MHz, 3996 MHz, 182.15 W, 28
2026/10/08 04:36:10.686, 3, 120 MHz, 3996 MHz, 182.11 W, 29
2026/10/08 04:36:10.686, 4, 2032 MHz, 3996 MHz, 495.26 W, 42
2026/10/08 04:36:10.686, 5, 2032 MHz, 3996 MHz, 779.69 W, 44
2026/10/08 04:36:10.686, 6, 2032 MHz, 3996 MHz, 246.57 W, 30
2026/10/08 04:36:10.686, 7, 2032 MHz, 3996 MHz, 236.74 W, 29
2026/10/08 04:36:11.686, 0, 2032 MHz, 3996 MHz, 391.48 W, 37
2026/10/08 04:36:11.686, 1, 1297 MHz, 3996 MHz, 1011.07 W, 55
2026/10/08 04:36:11.686, 2, 120 MHz, 3996 MHz, 182.15 W, 28
2026/10/08 04:36:11.686, 3, 120 MHz, 3996 MHz, 182.15 W, 29
2026/10/08 04:36:11.686, 4, 2032 MHz, 3996 MHz, 352.60 W, 39
2026/10/08 04:36:11.686, 5, 2032 MHz, 3996 MHz, 789.69 W, 45
2026/10/08 04:36:11.686, 6, 2032 MHz, 3996 MHz, 246.65 W, 30
2026/10/08 04:36:11.686, 7, 2032 MHz, 3996 MHz, 243.51 W, 29
2026/10/08 04:36:12.687, 0, 1320 MHz, 3996 MHz, 761.57 W, 51
2026/10/08 04:36:12.687, 1, 1297 MHz, 3996 MHz, 1087.25 W, 56
2026/10/08 04:36:12.687, 2, 120 MHz, 3996 MHz, 182.13 W, 28
2026/10/08 04:36:12.687, 3, 120 MHz, 3996 MHz, 182.19 W, 29
2026/10/08 04:36:12.687, 4, 2032 MHz, 3996 MHz, 259.39 W, 38
2026/10/08 04:36:12.687, 5, 2032 MHz, 3996 MHz, 794.15 W, 45
2026/10/08 04:36:12.687, 6, 2017 MHz, 3996 MHz, 482.71 W, 36
2026/10/08 04:36:12.687, 7, 2032 MHz, 3996 MHz, 541.40 W, 32
2026/10/08 04:36:13.687, 0, 1320 MHz, 3996 MHz, 1085.92 W, 54
2026/10/08 04:36:13.687, 1, 1297 MHz, 3996 MHz, 1088.99 W, 57
2026/10/08 04:36:13.687, 2, 120 MHz, 3996 MHz, 182.13 W, 28
2026/10/08 04:36:13.687, 3, 120 MHz, 3996 MHz, 182.15 W, 29
2026/10/08 04:36:13.687, 4, 2032 MHz, 3996 MHz, 947.97 W, 46
2026/10/08 04:36:13.687, 5, 1372 MHz, 3996 MHz, 892.41 W, 54
2026/10/08 04:36:13.687, 6, 2032 MHz, 3996 MHz, 367.04 W, 33
2026/10/08 04:36:13.687, 7, 2032 MHz, 3996 MHz, 275.84 W, 30
2026/10/08 04:36:14.687, 0, 1327 MHz, 3996 MHz, 1082.45 W, 54
2026/10/08 04:36:14.687, 1, 1297 MHz, 3996 MHz, 1086.16 W, 57
2026/10/08 04:36:14.687, 2, 120 MHz, 3996 MHz, 182.13 W, 29
2026/10/08 04:36:14.687, 3, 120 MHz, 3996 MHz, 182.01 W, 29
2026/10/08 04:36:14.687, 4, 2032 MHz, 3996 MHz, 801.75 W, 46
2026/10/08 04:36:14.687, 5, 2032 MHz, 3996 MHz, 847.24 W, 46
2026/10/08 04:36:14.687, 6, 2032 MHz, 3996 MHz, 250.25 W, 31
2026/10/08 04:36:14.687, 7, 1312 MHz, 3996 MHz, 761.35 W, 45
2026/10/08 04:36:15.687, 0, 1312 MHz, 3996 MHz, 1082.29 W, 55
2026/10/08 04:36:15.688, 1, 1305 MHz, 3996 MHz, 1084.89 W, 57
2026/10/08 04:36:15.688, 2, 120 MHz, 3996 MHz, 182.13 W, 28
2026/10/08 04:36:15.688, 3, 120 MHz, 3996 MHz, 182.05 W, 29
2026/10/08 04:36:15.688, 4, 2032 MHz, 3996 MHz, 809.35 W, 47
2026/10/08 04:36:15.688, 5, 2032 MHz, 3996 MHz, 792.31 W, 46
2026/10/08 04:36:15.688, 6, 1290 MHz, 3996 MHz, 1036.18 W, 48
2026/10/08 04:36:15.688, 7, 2032 MHz, 3996 MHz, 932.36 W, 39
2026/10/08 04:36:16.688, 0, 1327 MHz, 3996 MHz, 1082.50 W, 55
2026/10/08 04:36:16.688, 1, 1320 MHz, 3996 MHz, 1091.37 W, 57
2026/10/08 04:36:16.688, 2, 120 MHz, 3996 MHz, 182.14 W, 29
2026/10/08 04:36:16.688, 3, 120 MHz, 3996 MHz, 182.03 W, 29
2026/10/08 04:36:16.688, 4, 2032 MHz, 3996 MHz, 810.85 W, 47
2026/10/08 04:36:16.688, 5, 2032 MHz, 3996 MHz, 794.98 W, 47
2026/10/08 04:36:16.688, 6, 2032 MHz, 3996 MHz, 904.42 W, 41
2026/10/08 04:36:16.688, 7, 2032 MHz, 3996 MHz, 856.38 W, 39
2026/10/08 04:36:17.688, 0, 1327 MHz, 3996 MHz, 1085.11 W, 55
2026/10/08 04:36:17.688, 1, 1320 MHz, 3996 MHz, 1087.29 W, 58
2026/10/08 04:36:17.688, 2, 120 MHz, 3996 MHz, 182.14 W, 29
2026/10/08 04:36:17.688, 3, 120 MHz, 3996 MHz, 182.11 W, 29
2026/10/08 04:36:17.688, 4, 2032 MHz, 3996 MHz, 928.96 W, 49
2026/10/08 04:36:17.688, 5, 2032 MHz, 3996 MHz, 788.15 W, 53
2026/10/08 04:36:17.688, 6, 2032 MHz, 3996 MHz, 888.67 W, 42
2026/10/08 04:36:17.688, 7, 2032 MHz, 3996 MHz, 858.49 W, 40
2026/10/08 04:36:18.688, 0, 1327 MHz, 3996 MHz, 1086.48 W, 56
2026/10/08 04:36:18.688, 1, 1327 MHz, 3996 MHz, 1085.24 W, 58
2026/10/08 04:36:18.688, 2, 120 MHz, 3996 MHz, 182.17 W, 29
2026/10/08 04:36:18.688, 3, 120 MHz, 3996 MHz, 182.19 W, 29
2026/10/08 04:36:18.688, 4, 2032 MHz, 3996 MHz, 805.46 W, 48
2026/10/08 04:36:18.688, 5, 2032 MHz, 3996 MHz, 936.97 W, 48
2026/10/08 04:36:18.688, 6, 2032 MHz, 3996 MHz, 891.62 W, 42
2026/10/08 04:36:18.688, 7, 2032 MHz, 3996 MHz, 861.17 W, 40
2026/10/08 04:36:19.689, 0, 1327 MHz, 3996 MHz, 1084.48 W, 56
2026/10/08 04:36:19.689, 1, 1327 MHz, 3996 MHz, 1087.06 W, 58
2026/10/08 04:36:19.689, 2, 120 MHz, 3996 MHz, 182.13 W, 29
2026/10/08 04:36:19.689, 3, 120 MHz, 3996 MHz, 182.19 W, 29
2026/10/08 04:36:19.689, 4, 2032 MHz, 3996 MHz, 810.26 W, 48
2026/10/08 04:36:19.689, 5, 2032 MHz, 3996 MHz, 792.66 W, 47
2026/10/08 04:36:19.689, 6, 2032 MHz, 3996 MHz, 894.14 W, 43
2026/10/08 04:36:19.689, 7, 2032 MHz, 3996 MHz, 867.80 W, 41
2026/10/08 04:36:20.689, 0, 1327 MHz, 3996 MHz, 1084.64 W, 56
2026/10/08 04:36:20.689, 1, 2025 MHz, 3996 MHz, 1070.85 W, 54
2026/10/08 04:36:20.689, 2, 120 MHz, 3996 MHz, 182.13 W, 29
2026/10/08 04:36:20.689, 3, 120 MHz, 3996 MHz, 182.07 W, 29
2026/10/08 04:36:20.689, 4, 2032 MHz, 3996 MHz, 810.44 W, 49
2026/10/08 04:36:20.689, 5, 2032 MHz, 3996 MHz, 795.91 W, 48
2026/10/08 04:36:20.689, 6, 2032 MHz, 3996 MHz, 901.11 W, 43
2026/10/08 04:36:20.689, 7, 1365 MHz, 3996 MHz, 937.18 W, 49
2026/10/08 04:36:21.689, 0, 2032 MHz, 3996 MHz, 1059.45 W, 52
2026/10/08 04:36:21.689, 1, 2025 MHz, 3996 MHz, 1094.34 W, 55
2026/10/08 04:36:21.689, 2, 120 MHz, 3996 MHz, 182.13 W, 29
2026/10/08 04:36:21.689, 3, 120 MHz, 3996 MHz, 182.14 W, 29
2026/10/08 04:36:21.689, 4, 1312 MHz, 3996 MHz, 919.35 W, 58
2026/10/08 04:36:21.692, 5, 2032 MHz, 3996 MHz, 799.75 W, 48
2026/10/08 04:36:21.692, 6, 1275 MHz, 3996 MHz, 995.80 W, 52
2026/10/08 04:36:21.692, 7, 2032 MHz, 3996 MHz, 1033.11 W, 44
2026/10/08 04:36:22.692, 0, 2032 MHz, 3996 MHz, 1083.40 W, 52
2026/10/08 04:36:22.692, 1, 2017 MHz, 3996 MHz, 1093.13 W, 55
2026/10/08 04:36:22.692, 2, 120 MHz, 3996 MHz, 182.13 W, 29
2026/10/08 04:36:22.692, 3, 120 MHz, 3996 MHz, 182.16 W, 29
2026/10/08 04:36:22.692, 4, 2032 MHz, 3996 MHz, 837.52 W, 50
2026/10/08 04:36:22.692, 5, 2032 MHz, 3996 MHz, 945.59 W, 49
2026/10/08 04:36:22.692, 6, 2032 MHz, 3996 MHz, 978.66 W, 44
2026/10/08 04:36:22.692, 7, 2032 MHz, 3996 MHz, 863.61 W, 42
2026/10/08 04:36:23.692, 0, 2032 MHz, 3996 MHz, 1083.97 W, 53
2026/10/08 04:36:23.692, 1, 2025 MHz, 3996 MHz, 1092.75 W, 55
2026/10/08 04:36:23.692, 2, 120 MHz, 3996 MHz, 182.17 W, 29
2026/10/08 04:36:23.692, 3, 120 MHz, 3996 MHz, 182.22 W, 29
2026/10/08 04:36:23.692, 4, 2032 MHz, 3996 MHz, 809.75 W, 50
2026/10/08 04:36:23.692, 5, 2032 MHz, 3996 MHz, 795.05 W, 49
2026/10/08 04:36:23.692, 6, 2032 MHz, 3996 MHz, 892.48 W, 44
2026/10/08 04:36:23.692, 7, 2032 MHz, 3996 MHz, 864.14 W, 42
2026/10/08 04:36:24.692, 0, 2032 MHz, 3996 MHz, 1084.53 W, 53
2026/10/08 04:36:24.692, 1, 2017 MHz, 3996 MHz, 1093.32 W, 56
2026/10/08 04:36:24.692, 2, 120 MHz, 3996 MHz, 182.21 W, 29
2026/10/08 04:36:24.692, 3, 120 MHz, 3996 MHz, 182.20 W, 29
2026/10/08 04:36:24.692, 4, 2032 MHz, 3996 MHz, 811.68 W, 50
2026/10/08 04:36:24.692, 5, 2032 MHz, 3996 MHz, 795.85 W, 49
2026/10/08 04:36:24.692, 6, 2032 MHz, 3996 MHz, 897.68 W, 45
2026/10/08 04:36:24.692, 7, 2032 MHz, 3996 MHz, 866.29 W, 42
2026/10/08 04:36:25.693, 0, 2032 MHz, 3996 MHz, 1085.29 W, 53
2026/10/08 04:36:25.693, 1, 2025 MHz, 3996 MHz, 1093.44 W, 56
2026/10/08 04:36:25.693, 2, 120 MHz, 3996 MHz, 182.17 W, 29
2026/10/08 04:36:25.693, 3, 120 MHz, 3996 MHz, 182.08 W, 29
2026/10/08 04:36:25.693, 4, 2032 MHz, 3996 MHz, 828.59 W, 48
2026/10/08 04:36:25.693, 5, 2032 MHz, 3996 MHz, 800.97 W, 49
2026/10/08 04:36:25.693, 6, 2032 MHz, 3996 MHz, 897.29 W, 45
2026/10/08 04:36:25.693, 7, 2032 MHz, 3996 MHz, 868.47 W, 43
2026/10/08 04:36:26.693, 0, 2032 MHz, 3996 MHz, 1085.77 W, 54
2026/10/08 04:36:26.693, 1, 2017 MHz, 3996 MHz, 1094.34 W, 56
2026/10/08 04:36:26.693, 2, 120 MHz, 3996 MHz, 182.13 W, 29
2026/10/08 04:36:26.693, 3, 120 MHz, 3996 MHz, 182.22 W, 29
2026/10/08 04:36:26.693, 4, 2032 MHz, 3996 MHz, 946.87 W, 51
2026/10/08 04:36:26.693, 5, 1335 MHz, 3996 MHz, 943.83 W, 58
2026/10/08 04:36:26.693, 6, 2032 MHz, 3996 MHz, 903.12 W, 45
2026/10/08 04:36:26.693, 7, 2032 MHz, 3996 MHz, 875.24 W, 43
2026/10/08 04:36:27.693, 0, 2032 MHz, 3996 MHz, 1088.01 W, 54
2026/10/08 04:36:27.693, 1, 2017 MHz, 3996 MHz, 1093.82 W, 56
2026/10/08 04:36:27.693, 2, 120 MHz, 3996 MHz, 182.21 W, 29
2026/10/08 04:36:27.693, 3, 120 MHz, 3996 MHz, 182.15 W, 29
2026/10/08 04:36:27.693, 4, 2032 MHz, 3996 MHz, 809.85 W, 51
2026/10/08 04:36:27.693, 5, 2032 MHz, 3996 MHz, 800.91 W, 50
2026/10/08 04:36:27.693, 6, 1380 MHz, 3996 MHz, 925.26 W, 52
2026/10/08 04:36:27.693, 7, 1312 MHz, 3996 MHz, 1063.93 W, 52
2026/10/08 04:36:28.693, 0, 2032 MHz, 3996 MHz, 1088.71 W, 54
2026/10/08 04:36:28.693, 1, 2025 MHz, 3996 MHz, 1093.99 W, 57
2026/10/08 04:36:28.693, 2, 120 MHz, 3996 MHz, 182.28 W, 29
2026/10/08 04:36:28.693, 3, 120 MHz, 3996 MHz, 182.17 W, 29
2026/10/08 04:36:28.693, 4, 2032 MHz, 3996 MHz, 812.85 W, 51
2026/10/08 04:36:28.693, 5, 2032 MHz, 3996 MHz, 797.37 W, 50
2026/10/08 04:36:28.693, 6, 1987 MHz, 3996 MHz, 1061.29 W, 48
2026/10/08 04:36:28.693, 7, 2032 MHz, 3996 MHz, 900.70 W, 44
2026/10/08 04:36:29.694, 0, 2032 MHz, 3996 MHz, 1089.79 W, 55
2026/10/08 04:36:29.694, 1, 2010 MHz, 3996 MHz, 1094.07 W, 57
2026/10/08 04:36:29.694, 2, 120 MHz, 3996 MHz, 182.29 W, 29
2026/10/08 04:36:29.694, 3, 120 MHz, 3996 MHz, 182.16 W, 29
2026/10/08 04:36:29.694, 4, 2032 MHz, 3996 MHz, 820.31 W, 51
2026/10/08 04:36:29.694, 5, 2032 MHz, 3996 MHz, 799.55 W, 50
2026/10/08 04:36:29.694, 6, 2032 MHz, 3996 MHz, 896.02 W, 46
2026/10/08 04:36:29.694, 7, 2032 MHz, 3996 MHz, 867.01 W, 44
2026/10/08 04:36:30.694, 0, 2032 MHz, 3996 MHz, 1089.77 W, 55
2026/10/08 04:36:30.694, 1, 2010 MHz, 3996 MHz, 1094.27 W, 57
2026/10/08 04:36:30.694, 2, 120 MHz, 3996 MHz, 182.32 W, 29
2026/10/08 04:36:30.694, 3, 120 MHz, 3996 MHz, 182.15 W, 29
2026/10/08 04:36:30.694, 4, 2032 MHz, 3996 MHz, 946.70 W, 54
2026/10/08 04:36:30.694, 5, 1380 MHz, 3996 MHz, 860.74 W, 59
2026/10/08 04:36:30.694, 6, 2032 MHz, 3996 MHz, 899.86 W, 46
2026/10/08 04:36:30.694, 7, 2032 MHz, 3996 MHz, 869.95 W, 44
2026/10/08 04:36:31.694, 0, 2032 MHz, 3996 MHz, 1089.99 W, 55
2026/10/08 04:36:31.694, 1, 2010 MHz, 3996 MHz, 1094.22 W, 58
2026/10/08 04:36:31.694, 2, 120 MHz, 3996 MHz, 182.32 W, 29
2026/10/08 04:36:31.694, 3, 120 MHz, 3996 MHz, 182.18 W, 29
2026/10/08 04:36:31.694, 4, 2032 MHz, 3996 MHz, 813.67 W, 52
2026/10/08 04:36:31.694, 5, 2032 MHz, 3996 MHz, 887.45 W, 51
2026/10/08 04:36:31.694, 6, 2032 MHz, 3996 MHz, 899.63 W, 46
2026/10/08 04:36:31.694, 7, 2032 MHz, 3996 MHz, 870.94 W, 44
2026/10/08 04:36:32.694, 0, 2032 MHz, 3996 MHz, 1089.44 W, 55
2026/10/08 04:36:32.694, 1, 2017 MHz, 3996 MHz, 1094.75 W, 58
2026/10/08 04:36:32.694, 2, 120 MHz, 3996 MHz, 182.37 W, 29
2026/10/08 04:36:32.694, 3, 120 MHz, 3996 MHz, 182.21 W, 29
2026/10/08 04:36:32.694, 4, 2032 MHz, 3996 MHz, 818.64 W, 52
2026/10/08 04:36:32.694, 5, 2032 MHz, 3996 MHz, 797.49 W, 51
2026/10/08 04:36:32.694, 6, 2032 MHz, 3996 MHz, 902.63 W, 47
2026/10/08 04:36:32.694, 7, 2032 MHz, 3996 MHz, 875.20 W, 45
2026/10/08 04:36:33.695, 0, 2032 MHz, 3996 MHz, 1092.31 W, 56
2026/10/08 04:36:33.695, 1, 2017 MHz, 3996 MHz, 1095.20 W, 58
2026/10/08 04:36:33.695, 2, 120 MHz, 3996 MHz, 182.37 W, 29
2026/10/08 04:36:33.695, 3, 120 MHz, 3996 MHz, 182.22 W, 29
2026/10/08 04:36:33.695, 4, 2032 MHz, 3996 MHz, 816.63 W, 52
2026/10/08 04:36:33.695, 5, 2032 MHz, 3996 MHz, 805.88 W, 51
2026/10/08 04:36:33.695, 6, 2032 MHz, 3996 MHz, 906.88 W, 47
2026/10/08 04:36:33.695, 7, 1290 MHz, 3996 MHz, 993.60 W, 53
2026/10/08 04:36:34.695, 0, 2032 MHz, 3996 MHz, 1092.87 W, 56
2026/10/08 04:36:34.695, 1, 2002 MHz, 3996 MHz, 1094.39 W, 58
2026/10/08 04:36:34.695, 2, 120 MHz, 3996 MHz, 182.56 W, 29
2026/10/08 04:36:34.695, 3, 120 MHz, 3996 MHz, 182.19 W, 29
2026/10/08 04:36:34.695, 4, 1342 MHz, 3996 MHz, 903.69 W, 61
2026/10/08 04:36:34.695, 5, 2032 MHz, 3996 MHz, 803.65 W, 51
2026/10/08 04:36:34.695, 6, 1305 MHz, 3996 MHz, 1037.54 W, 56
2026/10/08 04:36:34.695, 7, 2032 MHz, 3996 MHz, 976.90 W, 46
2026/10/08 04:36:35.695, 0, 2032 MHz, 3996 MHz, 1093.04 W, 56
2026/10/08 04:36:35.695, 1, 2010 MHz, 3996 MHz, 1094.85 W, 58
2026/10/08 04:36:35.695, 2, 120 MHz, 3996 MHz, 182.68 W, 29
2026/10/08 04:36:35.695, 3, 120 MHz, 3996 MHz, 182.18 W, 29
2026/10/08 04:36:35.695, 4, 2032 MHz, 3996 MHz, 858.30 W, 53
2026/10/08 04:36:35.695, 5, 2032 MHz, 3996 MHz, 951.69 W, 52
2026/10/08 04:36:35.695, 6, 2032 MHz, 3996 MHz, 935.12 W, 48
2026/10/08 04:36:35.695, 7, 2032 MHz, 3996 MHz, 868.92 W, 45
2026/10/08 04:36:36.695, 0, 2032 MHz, 3996 MHz, 1092.77 W, 56
2026/10/08 04:36:36.696, 1, 2010 MHz, 3996 MHz, 1093.83 W, 59
2026/10/08 04:36:36.696, 2, 120 MHz, 3996 MHz, 182.55 W, 29
2026/10/08 04:36:36.696, 3, 120 MHz, 3996 MHz, 182.21 W, 29
2026/10/08 04:36:36.696, 4, 2032 MHz, 3996 MHz, 811.59 W, 53
2026/10/08 04:36:36.696, 5, 2032 MHz, 3996 MHz, 798.22 W, 52
2026/10/08 04:36:36.696, 6, 2032 MHz, 3996 MHz, 902.42 W, 48
2026/10/08 04:36:36.696, 7, 2032 MHz, 3996 MHz, 870.73 W, 45
2026/10/08 04:36:37.696, 0, 2032 MHz, 3996 MHz, 1093.14 W, 57
2026/10/08 04:36:37.696, 1, 2010 MHz, 3996 MHz, 1094.38 W, 59
2026/10/08 04:36:37.696, 2, 120 MHz, 3996 MHz, 182.86 W, 29
2026/10/08 04:36:37.696, 3, 120 MHz, 3996 MHz, 182.19 W, 29
2026/10/08 04:36:37.696, 4, 2032 MHz, 3996 MHz, 817.37 W, 53
2026/10/08 04:36:37.696, 5, 2032 MHz, 3996 MHz, 800.98 W, 52
2026/10/08 04:36:37.696, 6, 2032 MHz, 3996 MHz, 901.84 W, 48
2026/10/08 04:36:37.696, 7, 2032 MHz, 3996 MHz, 871.66 W, 46
2026/10/08 04:36:38.696, 0, 2032 MHz, 3996 MHz, 1092.41 W, 57
2026/10/08 04:36:38.696, 1, 2002 MHz, 3996 MHz, 1092.80 W, 59
2026/10/08 04:36:38.696, 2, 120 MHz, 3996 MHz, 182.88 W, 29
2026/10/08 04:36:38.696, 3, 120 MHz, 3996 MHz, 182.16 W, 29
2026/10/08 04:36:38.696, 4, 2032 MHz, 3996 MHz, 819.62 W, 54
2026/10/08 04:36:38.696, 5, 2032 MHz, 3996 MHz, 804.46 W, 52
2026/10/08 04:36:38.696, 6, 2032 MHz, 3996 MHz, 904.29 W, 48
2026/10/08 04:36:38.696, 7, 2032 MHz, 3996 MHz, 874.30 W, 46
2026/10/08 04:36:39.696, 0, 2025 MHz, 3996 MHz, 1093.02 W, 57
2026/10/08 04:36:39.696, 1, 2002 MHz, 3996 MHz, 1091.83 W, 59
2026/10/08 04:36:39.696, 2, 120 MHz, 3996 MHz, 182.87 W, 29
2026/10/08 04:36:39.696, 3, 120 MHz, 3996 MHz, 182.19 W, 29
2026/10/08 04:36:39.696, 4, 2032 MHz, 3996 MHz, 945.53 W, 55
2026/10/08 04:36:39.696, 5, 2025 MHz, 3996 MHz, 943.48 W, 55
2026/10/08 04:36:39.696, 6, 2032 MHz, 3996 MHz, 907.22 W, 48
2026/10/08 04:36:39.696, 7, 1365 MHz, 3996 MHz, 929.87 W, 53
2026/10/08 04:36:40.697, 0, 2017 MHz, 3996 MHz, 1093.28 W, 57
2026/10/08 04:36:40.697, 1, 2002 MHz, 3996 MHz, 1091.09 W, 59
2026/10/08 04:36:40.697, 2, 120 MHz, 3996 MHz, 182.90 W, 29
2026/10/08 04:36:40.697, 3, 120 MHz, 3996 MHz, 182.19 W, 29
2026/10/08 04:36:40.697, 4, 2032 MHz, 3996 MHz, 813.76 W, 54
2026/10/08 04:36:40.697, 5, 2032 MHz, 3996 MHz, 800.21 W, 53
2026/10/08 04:36:40.697, 6, 1282 MHz, 3996 MHz, 986.10 W, 57
2026/10/08 04:36:40.697, 7, 1987 MHz, 3996 MHz, 1048.50 W, 49
2026/10/08 04:36:41.697, 0, 2025 MHz, 3996 MHz, 1093.93 W, 57
2026/10/08 04:36:41.697, 1, 2002 MHz, 3996 MHz, 1091.78 W, 59
2026/10/08 04:36:41.697, 2, 120 MHz, 3996 MHz, 183.02 W, 29
2026/10/08 04:36:41.697, 3, 120 MHz, 3996 MHz, 182.19 W, 29
2026/10/08 04:36:41.697, 4, 2032 MHz, 3996 MHz, 817.92 W, 55
2026/10/08 04:36:41.697, 5, 2032 MHz, 3996 MHz, 801.74 W, 53
2026/10/08 04:36:41.697, 6, 2032 MHz, 3996 MHz, 990.60 W, 50
2026/10/08 04:36:41.697, 7, 2032 MHz, 3996 MHz, 872.06 W, 47
2026/10/08 04:36:42.697, 0, 2025 MHz, 3996 MHz, 1093.20 W, 57
2026/10/08 04:36:42.697, 1, 2002 MHz, 3996 MHz, 1091.95 W, 60
2026/10/08 04:36:42.697, 2, 120 MHz, 3996 MHz, 182.87 W, 29
2026/10/08 04:36:42.697, 3, 120 MHz, 3996 MHz, 182.20 W, 29
2026/10/08 04:36:42.697, 4, 2032 MHz, 3996 MHz, 818.84 W, 55
2026/10/08 04:36:42.697, 5, 2032 MHz, 3996 MHz, 805.26 W, 53
2026/10/08 04:36:42.697, 6, 2032 MHz, 3996 MHz, 900.30 W, 49
2026/10/08 04:36:42.697, 7, 2032 MHz, 3996 MHz, 878.26 W, 47
2026/10/08 04:36:43.698, 0, 2025 MHz, 3996 MHz, 1093.04 W, 58
2026/10/08 04:36:43.698, 1, 2010 MHz, 3996 MHz, 1092.53 W, 60
2026/10/08 04:36:43.698, 2, 120 MHz, 3996 MHz, 183.20 W, 29
2026/10/08 04:36:43.698, 3, 120 MHz, 3996 MHz, 182.18 W, 29
2026/10/08 04:36:43.698, 4, 2032 MHz, 3996 MHz, 942.56 W, 57
2026/10/08 04:36:43.698, 5, 1350 MHz, 3996 MHz, 924.46 W, 63
2026/10/08 04:36:43.698, 6, 2032 MHz, 3996 MHz, 907.18 W, 49
2026/10/08 04:36:43.698, 7, 2032 MHz, 3996 MHz, 879.16 W, 47
2026/10/08 04:36:44.698, 0, 2025 MHz, 3996 MHz, 1093.87 W, 58
2026/10/08 04:36:44.698, 1, 1335 MHz, 3996 MHz, 1102.19 W, 64
2026/10/08 04:36:44.698, 2, 120 MHz, 3996 MHz, 183.47 W, 29
2026/10/08 04:36:44.698, 3, 120 MHz, 3996 MHz, 182.18 W, 30
2026/10/08 04:36:44.698, 4, 2032 MHz, 3996 MHz, 818.55 W, 55
2026/10/08 04:36:44.698, 5, 2032 MHz, 3996 MHz, 829.25 W, 54
2026/10/08 04:36:44.698, 6, 2032 MHz, 3996 MHz, 905.06 W, 49
2026/10/08 04:36:44.698, 7, 2032 MHz, 3996 MHz, 876.29 W, 47
2026/10/08 04:36:45.698, 0, 1305 MHz, 3996 MHz, 1100.46 W, 62
2026/10/08 04:36:45.698, 1, 1320 MHz, 3996 MHz, 1091.25 W, 65
2026/10/08 04:36:45.698, 2, 120 MHz, 3996 MHz, 183.35 W, 29
2026/10/08 04:36:45.698, 3, 120 MHz, 3996 MHz, 182.17 W, 30
2026/10/08 04:36:45.698, 4, 2032 MHz, 3996 MHz, 817.98 W, 56
2026/10/08 04:36:45.698, 5, 2032 MHz, 3996 MHz, 801.46 W, 54
2026/10/08 04:36:45.698, 6, 2032 MHz, 3996 MHz, 908.78 W, 50
2026/10/08 04:36:45.698, 7, 2032 MHz, 3996 MHz, 879.08 W, 47
2026/10/08 04:36:46.698, 0, 1320 MHz, 3996 MHz, 1085.97 W, 63
2026/10/08 04:36:46.699, 1, 1312 MHz, 3996 MHz, 1091.19 W, 65
2026/10/08 04:36:46.699, 2, 120 MHz, 3996 MHz, 183.23 W, 30
2026/10/08 04:36:46.699, 3, 120 MHz, 3996 MHz, 182.18 W, 30
2026/10/08 04:36:46.699, 4, 2032 MHz, 3996 MHz, 820.98 W, 56
2026/10/08 04:36:46.699, 5, 2032 MHz, 3996 MHz, 805.22 W, 54
2026/10/08 04:36:46.699, 6, 2032 MHz, 3996 MHz, 909.48 W, 50
2026/10/08 04:36:46.699, 7, 2032 MHz, 3996 MHz, 359.02 W, 40
2026/10/08 04:36:47.699, 0, 1327 MHz, 3996 MHz, 1085.47 W, 63
2026/10/08 04:36:47.699, 1, 1320 MHz, 3996 MHz, 1076.59 W, 65
2026/10/08 04:36:47.699, 2, 120 MHz, 3996 MHz, 183.67 W, 30
2026/10/08 04:36:47.699, 3, 120 MHz, 3996 MHz, 182.17 W, 30
2026/10/08 04:36:47.699, 4, 1327 MHz, 3996 MHz, 936.18 W, 65
2026/10/08 04:36:47.699, 5, 1702 MHz, 3996 MHz, 827.45 W, 63
2026/10/08 04:36:47.699, 6, 2032 MHz, 3996 MHz, 261.12 W, 41
2026/10/08 04:36:47.699, 7, 2032 MHz, 3996 MHz, 255.75 W, 38
2026/10/08 04:36:48.699, 0, 1297 MHz, 3996 MHz, 1087.29 W, 63
2026/10/08 04:36:48.699, 1, 1320 MHz, 3996 MHz, 1090.00 W, 65
2026/10/08 04:36:48.699, 2, 120 MHz, 3996 MHz, 183.78 W, 30
2026/10/08 04:36:48.699, 3, 120 MHz, 3996 MHz, 182.15 W, 30
2026/10/08 04:36:48.699, 4, 2032 MHz, 3996 MHz, 836.18 W, 56
2026/10/08 04:36:48.699, 5, 2032 MHz, 3996 MHz, 926.81 W, 55
2026/10/08 04:36:48.699, 6, 2032 MHz, 3996 MHz, 266.58 W, 40
2026/10/08 04:36:48.699, 7, 2032 MHz, 3996 MHz, 242.85 W, 38
2026/10/08 04:36:49.699, 0, 1327 MHz, 3996 MHz, 1086.74 W, 63
2026/10/08 04:36:49.700, 1, 1312 MHz, 3996 MHz, 1090.16 W, 65
2026/10/08 04:36:49.700, 2, 120 MHz, 3996 MHz, 183.63 W, 30
2026/10/08 04:36:49.700, 3, 120 MHz, 3996 MHz, 182.15 W, 30
2026/10/08 04:36:49.700, 4, 2032 MHz, 3996 MHz, 818.51 W, 56
2026/10/08 04:36:49.700, 5, 2032 MHz, 3996 MHz, 804.09 W, 55
2026/10/08 04:36:49.700, 6, 2032 MHz, 3996 MHz, 253.27 W, 39
2026/10/08 04:36:49.700, 7, 2032 MHz, 3996 MHz, 242.87 W, 37
2026/10/08 04:36:50.700, 0, 1320 MHz, 3996 MHz, 1084.10 W, 63
2026/10/08 04:36:50.700, 1, 1327 MHz, 3996 MHz, 1088.71 W, 65
2026/10/08 04:36:50.700, 2, 120 MHz, 3996 MHz, 183.97 W, 30
2026/10/08 04:36:50.700, 3, 120 MHz, 3996 MHz, 182.15 W, 30
2026/10/08 04:36:50.700, 4, 2032 MHz, 3996 MHz, 821.50 W, 57
2026/10/08 04:36:50.700, 5, 2032 MHz, 3996 MHz, 809.08 W, 55
2026/10/08 04:36:50.700, 6, 2032 MHz, 3996 MHz, 252.53 W, 39
2026/10/08 04:36:50.700, 7, 540 MHz, 3996 MHz, 240.31 W, 37
2026/10/08 04:36:51.700, 0, 1320 MHz, 3996 MHz, 1084.97 W, 63
2026/10/08 04:36:51.700, 1, 1320 MHz, 3996 MHz, 1089.31 W, 65
2026/10/08 04:36:51.700, 2, 120 MHz, 3996 MHz, 183.93 W, 30
2026/10/08 04:36:51.700, 3, 120 MHz, 3996 MHz, 182.16 W, 30
2026/10/08 04:36:51.700, 4, 1462 MHz, 3996 MHz, 842.78 W, 55
2026/10/08 04:36:51.700, 5, 2032 MHz, 3996 MHz, 809.03 W, 55
2026/10/08 04:36:51.700, 6, 2032 MHz, 3996 MHz, 252.60 W, 38
2026/10/08 04:36:51.700, 7, 345 MHz, 3996 MHz, 192.24 W, 36
2026/10/08 04:36:52.700, 0, 1320 MHz, 3996 MHz, 1086.58 W, 64
2026/10/08 04:36:52.700, 1, 1305 MHz, 3996 MHz, 1091.05 W, 66
2026/10/08 04:36:52.700, 2, 120 MHz, 3996 MHz, 183.82 W, 30
2026/10/08 04:36:52.700, 3, 120 MHz, 3996 MHz, 182.15 W, 30
2026/10/08 04:36:52.700, 4, 2032 MHz, 3996 MHz, 937.10 W, 58
2026/10/08 04:36:52.700, 5, 2032 MHz, 3996 MHz, 375.34 W, 48
2026/10/08 04:36:52.700, 6, 2032 MHz, 3996 MHz, 252.67 W, 38
2026/10/08 04:36:52.700, 7, 217 MHz, 3996 MHz, 190.22 W, 36
2026/10/08 04:36:53.701, 0, 1342 MHz, 3996 MHz, 1085.26 W, 64
2026/10/08 04:36:53.701, 1, 1305 MHz, 3996 MHz, 1086.82 W, 66
2026/10/08 04:36:53.701, 2, 120 MHz, 3996 MHz, 183.93 W, 30
2026/10/08 04:36:53.701, 3, 120 MHz, 3996 MHz, 182.16 W, 30
2026/10/08 04:36:53.701, 4, 2032 MHz, 3996 MHz, 820.39 W, 57
2026/10/08 04:36:53.701, 5, 2032 MHz, 3996 MHz, 257.82 W, 47
2026/10/08 04:36:53.701, 6, 2032 MHz, 3996 MHz, 252.89 W, 38
2026/10/08 04:36:53.701, 7, 142 MHz, 3996 MHz, 189.18 W, 35
2026/10/08 04:36:54.701, 0, 1327 MHz, 3996 MHz, 1085.32 W, 64
2026/10/08 04:36:54.701, 1, 1995 MHz, 3996 MHz, 1071.58 W, 61
2026/10/08 04:36:54.701, 2, 120 MHz, 3996 MHz, 183.97 W, 30
2026/10/08 04:36:54.701, 3, 120 MHz, 3996 MHz, 182.16 W, 30
2026/10/08 04:36:54.701, 4, 2032 MHz, 3996 MHz, 823.73 W, 57
2026/10/08 04:36:54.701, 5, 2032 MHz, 3996 MHz, 244.89 W, 47
2026/10/08 04:36:54.701, 6, 2032 MHz, 3996 MHz, 252.66 W, 38
2026/10/08 04:36:54.701, 7, 120 MHz, 3996 MHz, 188.43 W, 35
2026/10/08 04:36:55.701, 0, 2032 MHz, 3996 MHz, 1067.93 W, 59
2026/10/08 04:36:55.701, 1, 2002 MHz, 3996 MHz, 1090.14 W, 61
2026/10/08 04:36:55.701, 2, 120 MHz, 3996 MHz, 184.05 W, 30
2026/10/08 04:36:55.701, 3, 120 MHz, 3996 MHz, 182.15 W, 30
2026/10/08 04:36:55.701, 4, 2032 MHz, 3996 MHz, 825.73 W, 58
2026/10/08 04:36:55.701, 5, 2032 MHz, 3996 MHz, 244.60 W, 46
2026/10/08 04:36:55.701, 6, 420 MHz, 3996 MHz, 237.37 W, 37
2026/10/08 04:36:55.701, 7, 120 MHz, 3996 MHz, 188.37 W, 35
2026/10/08 04:36:56.702, 0, 2032 MHz, 3996 MHz, 1093.35 W, 60
2026/10/08 04:36:56.702, 1, 2002 MHz, 3996 MHz, 1090.02 W, 61
2026/10/08 04:36:56.702, 2, 120 MHz, 3996 MHz, 184.05 W, 30
2026/10/08 04:36:56.702, 3, 120 MHz, 3996 MHz, 182.19 W, 30
2026/10/08 04:36:56.702, 4, 2032 MHz, 3996 MHz, 395.27 W, 51
2026/10/08 04:36:56.702, 5, 2032 MHz, 3996 MHz, 245.79 W, 46
2026/10/08 04:36:56.702, 6, 615 MHz, 3996 MHz, 193.99 W, 36
2026/10/08 04:36:56.702, 7, 120 MHz, 3996 MHz, 188.51 W, 35
2026/10/08 04:36:57.702, 0, 2017 MHz, 3996 MHz, 1093.22 W, 60
2026/10/08 04:36:57.702, 1, 2002 MHz, 3996 MHz, 1092.10 W, 62
2026/10/08 04:36:57.702, 2, 120 MHz, 3996 MHz, 183.98 W, 30
2026/10/08 04:36:57.702, 3, 120 MHz, 3996 MHz, 182.20 W, 30
2026/10/08 04:36:57.702, 4, 2032 MHz, 3996 MHz, 256.08 W, 49
2026/10/08 04:36:57.702, 5, 2032 MHz, 3996 MHz, 245.75 W, 46
2026/10/08 04:36:57.702, 6, 615 MHz, 3996 MHz, 194.75 W, 36
2026/10/08 04:36:57.702, 7, 120 MHz, 3996 MHz, 188.63 W, 35
2026/10/08 04:36:58.702, 0, 2017 MHz, 3996 MHz, 1094.54 W, 60
2026/10/08 04:36:58.702, 1, 2002 MHz, 3996 MHz, 1091.30 W, 62
2026/10/08 04:36:58.702, 2, 120 MHz, 3996 MHz, 184.09 W, 30
2026/10/08 04:36:58.702, 3, 120 MHz, 3996 MHz, 182.24 W, 30
2026/10/08 04:36:58.702, 4, 2032 MHz, 3996 MHz, 267.02 W, 49
2026/10/08 04:36:58.702, 5, 2032 MHz, 3996 MHz, 245.11 W, 46
2026/10/08 04:36:58.702, 6, 150 MHz, 3996 MHz, 191.72 W, 36
2026/10/08 04:36:58.702, 7, 120 MHz, 3996 MHz, 188.48 W, 34
2026/10/08 04:36:59.702, 0, 2032 MHz, 3996 MHz, 1093.21 W, 60
2026/10/08 04:36:59.702, 1, 1995 MHz, 3996 MHz, 1091.08 W, 62
2026/10/08 04:36:59.703, 2, 120 MHz, 3996 MHz, 184.05 W, 30
2026/10/08 04:36:59.703, 3, 120 MHz, 3996 MHz, 182.18 W, 30
2026/10/08 04:36:59.703, 4, 2032 MHz, 3996 MHz, 254.04 W, 48
2026/10/08 04:36:59.703, 5, 2032 MHz, 3996 MHz, 244.46 W, 45
2026/10/08 04:36:59.703, 6, 120 MHz, 3996 MHz, 189.67 W, 36
2026/10/08 04:36:59.703, 7, 120 MHz, 3996 MHz, 188.48 W, 34
2026/10/08 04:37:00.703, 0, 2025 MHz, 3996 MHz, 1094.34 W, 60
2026/10/08 04:37:00.703, 1, 1995 MHz, 3996 MHz, 1089.15 W, 62
2026/10/08 04:37:00.703, 2, 120 MHz, 3996 MHz, 184.09 W, 30
2026/10/08 04:37:00.703, 3, 120 MHz, 3996 MHz, 182.19 W, 30
2026/10/08 04:37:00.703, 4, 2032 MHz, 3996 MHz, 254.15 W, 48
2026/10/08 04:37:00.703, 5, 315 MHz, 3996 MHz, 202.86 W, 44
2026/10/08 04:37:00.703, 6, 120 MHz, 3996 MHz, 188.76 W, 35
2026/10/08 04:37:00.703, 7, 120 MHz, 3996 MHz, 188.48 W, 34
2026/10/08 04:37:01.703, 0, 2025 MHz, 3996 MHz, 1094.95 W, 60
2026/10/08 04:37:01.703, 1, 1995 MHz, 3996 MHz, 1089.86 W, 62
2026/10/08 04:37:01.703, 2, 120 MHz, 3996 MHz, 184.05 W, 30
2026/10/08 04:37:01.703, 3, 120 MHz, 3996 MHz, 182.21 W, 30
2026/10/08 04:37:01.703, 4, 2032 MHz, 3996 MHz, 253.74 W, 48
2026/10/08 04:37:01.703, 5, 195 MHz, 3996 MHz, 188.62 W, 44
2026/10/08 04:37:01.703, 6, 120 MHz, 3996 MHz, 188.76 W, 35
2026/10/08 04:37:01.703, 7, 120 MHz, 3996 MHz, 188.47 W, 34
2026/10/08 04:37:02.703, 0, 2017 MHz, 3996 MHz, 1093.38 W, 60
2026/10/08 04:37:02.703, 1, 2002 MHz, 3996 MHz, 1088.80 W, 62
2026/10/08 04:37:02.703, 2, 120 MHz, 3996 MHz, 184.09 W, 30
2026/10/08 04:37:02.703, 3, 120 MHz, 3996 MHz, 182.19 W, 30
2026/10/08 04:37:02.703, 4, 2032 MHz, 3996 MHz, 252.60 W, 48
2026/10/08 04:37:02.703, 5, 127 MHz, 3996 MHz, 188.35 W, 44
2026/10/08 04:37:02.704, 6, 120 MHz, 3996 MHz, 188.72 W, 35
2026/10/08 04:37:02.704, 7, 120 MHz, 3996 MHz, 188.48 W, 34
2026/10/08 04:37:03.704, 0, 2025 MHz, 3996 MHz, 1095.12 W, 60
2026/10/08 04:37:03.704, 1, 1995 MHz, 3996 MHz, 1089.77 W, 62
2026/10/08 04:37:03.704, 2, 120 MHz, 3996 MHz, 184.09 W, 30
2026/10/08 04:37:03.704, 3, 120 MHz, 3996 MHz, 182.24 W, 30
2026/10/08 04:37:03.704, 4, 2032 MHz, 3996 MHz, 253.18 W, 47
2026/10/08 04:37:03.704, 5, 120 MHz, 3996 MHz, 188.20 W, 44
2026/10/08 04:37:03.704, 6, 120 MHz, 3996 MHz, 188.72 W, 35
2026/10/08 04:37:03.704, 7, 120 MHz, 3996 MHz, 188.48 W, 34
2026/10/08 04:37:04.704, 0, 2025 MHz, 3996 MHz, 1094.55 W, 60
2026/10/08 04:37:04.704, 1, 2002 MHz, 3996 MHz, 1089.85 W, 62
2026/10/08 04:37:04.704, 2, 120 MHz, 3996 MHz, 184.09 W, 30
2026/10/08 04:37:04.704, 3, 120 MHz, 3996 MHz, 182.25 W, 30
2026/10/08 04:37:04.704, 4, 2032 MHz, 3996 MHz, 252.34 W, 47
2026/10/08 04:37:04.704, 5, 120 MHz, 3996 MHz, 188.23 W, 43
2026/10/08 04:37:04.704, 6, 120 MHz, 3996 MHz, 188.72 W, 35
2026/10/08 04:37:04.704, 7, 120 MHz, 3996 MHz, 188.47 W, 34
2026/10/08 04:37:05.704, 0, 2025 MHz, 3996 MHz, 1094.22 W, 60
2026/10/08 04:37:05.704, 1, 1995 MHz, 3996 MHz, 1090.37 W, 62
2026/10/08 04:37:05.704, 2, 120 MHz, 3996 MHz, 184.09 W, 30
2026/10/08 04:37:05.704, 3, 120 MHz, 3996 MHz, 182.21 W, 30
2026/10/08 04:37:05.704, 4, 382 MHz, 3996 MHz, 234.05 W, 46
2026/10/08 04:37:05.704, 5, 120 MHz, 3996 MHz, 187.86 W, 43
2026/10/08 04:37:05.704, 6, 120 MHz, 3996 MHz, 188.72 W, 35
2026/10/08 04:37:05.704, 7, 120 MHz, 3996 MHz, 188.47 W, 33
2026/10/08 04:37:06.705, 0, 2017 MHz, 3996 MHz, 1094.31 W, 60
2026/10/08 04:37:06.705, 1, 1995 MHz, 3996 MHz, 1090.25 W, 62
2026/10/08 04:37:06.705, 2, 120 MHz, 3996 MHz, 184.09 W, 30
2026/10/08 04:37:06.705, 3, 120 MHz, 3996 MHz, 182.24 W, 30
2026/10/08 04:37:06.705, 4, 240 MHz, 3996 MHz, 191.94 W, 45
2026/10/08 04:37:06.705, 5, 120 MHz, 3996 MHz, 188.19 W, 43
2026/10/08 04:37:06.705, 6, 120 MHz, 3996 MHz, 188.72 W, 34
2026/10/08 04:37:06.705, 7, 120 MHz, 3996 MHz, 188.48 W, 33
2026/10/08 04:37:07.705, 0, 2017 MHz, 3996 MHz, 1095.15 W, 60
2026/10/08 04:37:07.705, 1, 2010 MHz, 3996 MHz, 1087.90 W, 62
2026/10/08 04:37:07.705, 2, 120 MHz, 3996 MHz, 184.09 W, 30
2026/10/08 04:37:07.705, 3, 120 MHz, 3996 MHz, 182.19 W, 30
2026/10/08 04:37:07.705, 4, 217 MHz, 3996 MHz, 190.46 W, 45
2026/10/08 04:37:07.705, 5, 120 MHz, 3996 MHz, 188.39 W, 43
2026/10/08 04:37:07.705, 6, 120 MHz, 3996 MHz, 188.72 W, 34
2026/10/08 04:37:07.705, 7, 120 MHz, 3996 MHz, 188.32 W, 33
2026/10/08 04:37:08.705, 0, 2010 MHz, 3996 MHz, 1092.57 W, 60
2026/10/08 04:37:08.705, 1, 1995 MHz, 3996 MHz, 1090.15 W, 62
2026/10/08 04:37:08.705, 2, 120 MHz, 3996 MHz, 184.10 W, 30
2026/10/08 04:37:08.705, 3, 120 MHz, 3996 MHz, 182.22 W, 30
2026/10/08 04:37:08.705, 4, 120 MHz, 3996 MHz, 190.33 W, 45
2026/10/08 04:37:08.705, 5, 120 MHz, 3996 MHz, 187.99 W, 42
2026/10/08 04:37:08.705, 6, 120 MHz, 3996 MHz, 188.72 W, 34
2026/10/08 04:37:08.705, 7, 120 MHz, 3996 MHz, 187.97 W, 33
2026/10/08 04:37:09.706, 0, 2017 MHz, 3996 MHz, 1093.31 W, 60
2026/10/08 04:37:09.706, 1, 2002 MHz, 3996 MHz, 1089.81 W, 62
2026/10/08 04:37:09.706, 2, 120 MHz, 3996 MHz, 184.06 W, 30
2026/10/08 04:37:09.706, 3, 120 MHz, 3996 MHz, 183.74 W, 31
2026/10/08 04:37:09.706, 4, 120 MHz, 3996 MHz, 189.79 W, 44
2026/10/08 04:37:09.706, 5, 120 MHz, 3996 MHz, 187.70 W, 42
2026/10/08 04:37:09.706, 6, 120 MHz, 3996 MHz, 188.72 W, 34
2026/10/08 04:37:09.706, 7, 120 MHz, 3996 MHz, 187.76 W, 33
2026/10/08 04:37:10.706, 0, 2025 MHz, 3996 MHz, 1093.05 W, 60
2026/10/08 04:37:10.706, 1, 1995 MHz, 3996 MHz, 1090.91 W, 62
2026/10/08 04:37:10.706, 2, 120 MHz, 3996 MHz, 184.05 W, 30
2026/10/08 04:37:10.706, 3, 120 MHz, 3996 MHz, 184.00 W, 31
2026/10/08 04:37:10.706, 4, 120 MHz, 3996 MHz, 188.52 W, 44
2026/10/08 04:37:10.706, 5, 120 MHz, 3996 MHz, 187.12 W, 42
2026/10/08 04:37:10.706, 6, 120 MHz, 3996 MHz, 188.72 W, 34
2026/10/08 04:37:10.706, 7, 120 MHz, 3996 MHz, 187.19 W, 33
2026/10/08 04:37:11.706, 0, 2017 MHz, 3996 MHz, 1094.55 W, 60
2026/10/08 04:37:11.706, 1, 1995 MHz, 3996 MHz, 1090.14 W, 62
2026/10/08 04:37:11.706, 2, 120 MHz, 3996 MHz, 184.05 W, 30
2026/10/08 04:37:11.706, 3, 120 MHz, 3996 MHz, 183.29 W, 31
2026/10/08 04:37:11.706, 4, 120 MHz, 3996 MHz, 188.46 W, 44
2026/10/08 04:37:11.706, 5, 120 MHz, 3996 MHz, 187.21 W, 42
2026/10/08 04:37:11.706, 6, 120 MHz, 3996 MHz, 188.72 W, 34
2026/10/08 04:37:11.706, 7, 120 MHz, 3996 MHz, 187.07 W, 33
2026/10/08 04:37:12.707, 0, 2025 MHz, 3996 MHz, 1093.49 W, 60
2026/10/08 04:37:12.707, 1, 1995 MHz, 3996 MHz, 1089.82 W, 62
2026/10/08 04:37:12.707, 2, 120 MHz, 3996 MHz, 184.09 W, 31
2026/10/08 04:37:12.707, 3, 120 MHz, 3996 MHz, 183.41 W, 31
2026/10/08 04:37:12.707, 4, 120 MHz, 3996 MHz, 188.45 W, 44
2026/10/08 04:37:12.707, 5, 120 MHz, 3996 MHz, 187.13 W, 41
2026/10/08 04:37:12.707, 6, 120 MHz, 3996 MHz, 188.72 W, 34
2026/10/08 04:37:12.707, 7, 120 MHz, 3996 MHz, 188.06 W, 33
2026/10/08 04:37:13.707, 0, 2010 MHz, 3996 MHz, 1093.63 W, 60
2026/10/08 04:37:13.707, 1, 2002 MHz, 3996 MHz, 1089.69 W, 62
2026/10/08 04:37:13.707, 2, 120 MHz, 3996 MHz, 184.11 W, 31
2026/10/08 04:37:13.707, 3, 120 MHz, 3996 MHz, 182.85 W, 31
2026/10/08 04:37:13.707, 4, 120 MHz, 3996 MHz, 188.39 W, 43
2026/10/08 04:37:13.707, 5, 120 MHz, 3996 MHz, 186.74 W, 41
2026/10/08 04:37:13.707, 6, 120 MHz, 3996 MHz, 188.72 W, 34
2026/10/08 04:37:13.707, 7, 120 MHz, 3996 MHz, 187.98 W, 32
2026/10/08 04:37:14.707, 0, 2010 MHz, 3996 MHz, 1092.78 W, 60
2026/10/08 04:37:14.707, 1, 1995 MHz, 3996 MHz, 1089.29 W, 62
2026/10/08 04:37:14.707, 2, 120 MHz, 3996 MHz, 184.09 W, 31
2026/10/08 04:37:14.707, 3, 120 MHz, 3996 MHz, 182.32 W, 31
2026/10/08 04:37:14.707, 4, 120 MHz, 3996 MHz, 188.43 W, 43
2026/10/08 04:37:14.707, 5, 120 MHz, 3996 MHz, 186.75 W, 41
2026/10/08 04:37:14.707, 6, 120 MHz, 3996 MHz, 188.72 W, 33
2026/10/08 04:37:14.707, 7, 120 MHz, 3996 MHz, 187.27 W, 32
2026/10/08 04:37:15.708, 0, 2017 MHz, 3996 MHz, 1092.55 W, 60
2026/10/08 04:37:15.708, 1, 2002 MHz, 3996 MHz, 1090.17 W, 62
2026/10/08 04:37:15.708, 2, 120 MHz, 3996 MHz, 184.09 W, 31
2026/10/08 04:37:15.708, 3, 120 MHz, 3996 MHz, 182.20 W, 31
2026/10/08 04:37:15.708, 4, 120 MHz, 3996 MHz, 188.40 W, 43
2026/10/08 04:37:15.708, 5, 120 MHz, 3996 MHz, 186.76 W, 41
2026/10/08 04:37:15.708, 6, 120 MHz, 3996 MHz, 188.72 W, 33
2026/10/08 04:37:15.708, 7, 120 MHz, 3996 MHz, 187.19 W, 32
2026/10/08 04:37:16.708, 0, 2017 MHz, 3996 MHz, 1092.34 W, 60
2026/10/08 04:37:16.708, 1, 1995 MHz, 3996 MHz, 1089.40 W, 62
2026/10/08 04:37:16.708, 2, 120 MHz, 3996 MHz, 184.09 W, 31
2026/10/08 04:37:16.708, 3, 120 MHz, 3996 MHz, 182.24 W, 31
2026/10/08 04:37:16.708, 4, 120 MHz, 3996 MHz, 188.40 W, 43
2026/10/08 04:37:16.708, 5, 120 MHz, 3996 MHz, 186.55 W, 41
2026/10/08 04:37:16.708, 6, 120 MHz, 3996 MHz, 188.68 W, 33
2026/10/08 04:37:16.708, 7, 120 MHz, 3996 MHz, 187.64 W, 32
2026/10/08 04:37:17.708, 0, 2017 MHz, 3996 MHz, 1094.18 W, 60
2026/10/08 04:37:17.708, 1, 1995 MHz, 3996 MHz, 1089.48 W, 62
2026/10/08 04:37:17.708, 2, 120 MHz, 3996 MHz, 184.09 W, 31
2026/10/08 04:37:17.708, 3, 120 MHz, 3996 MHz, 182.26 W, 31
2026/10/08 04:37:17.708, 4, 120 MHz, 3996 MHz, 188.40 W, 42
2026/10/08 04:37:17.708, 5, 120 MHz, 3996 MHz, 186.55 W, 41
2026/10/08 04:37:17.709, 6, 120 MHz, 3996 MHz, 188.72 W, 33
2026/10/08 04:37:17.709, 7, 120 MHz, 3996 MHz, 187.07 W, 32
2026/10/08 04:37:18.709, 0, 2017 MHz, 3996 MHz, 1093.37 W, 60
2026/10/08 04:37:18.709, 1, 1290 MHz, 3996 MHz, 1101.97 W, 66
2026/10/08 04:37:18.709, 2, 120 MHz, 3996 MHz, 184.09 W, 31
2026/10/08 04:37:18.709, 3, 120 MHz, 3996 MHz, 182.16 W, 31
2026/10/08 04:37:18.709, 4, 120 MHz, 3996 MHz, 188.40 W, 42
2026/10/08 04:37:18.709, 5, 120 MHz, 3996 MHz, 186.57 W, 40
2026/10/08 04:37:18.709, 6, 120 MHz, 3996 MHz, 188.59 W, 33
2026/10/08 04:37:18.709, 7, 2032 MHz, 3996 MHz, 225.47 W, 33
2026/10/08 04:37:19.709, 0, 1350 MHz, 3996 MHz, 1104.17 W, 64
2026/10/08 04:37:19.709, 1, 1320 MHz, 3996 MHz, 1088.50 W, 66
2026/10/08 04:37:19.709, 2, 120 MHz, 3996 MHz, 184.09 W, 31
2026/10/08 04:37:19.709, 3, 120 MHz, 3996 MHz, 182.26 W, 31
2026/10/08 04:37:19.709, 4, 120 MHz, 3996 MHz, 188.43 W, 42
2026/10/08 04:37:19.709, 5, 120 MHz, 3996 MHz, 186.56 W, 40
2026/10/08 04:37:19.709, 6, 120 MHz, 3996 MHz, 188.60 W, 33
2026/10/08 04:37:19.709, 7, 2032 MHz, 3996 MHz, 238.84 W, 33
2026/10/08 04:37:20.709, 0, 1327 MHz, 3996 MHz, 1084.47 W, 64
2026/10/08 04:37:20.709, 1, 1312 MHz, 3996 MHz, 1090.73 W, 66
2026/10/08 04:37:20.709, 2, 120 MHz, 3996 MHz, 184.09 W, 31
2026/10/08 04:37:20.709, 3, 120 MHz, 3996 MHz, 182.36 W, 31
2026/10/08 04:37:20.709, 4, 120 MHz, 3996 MHz, 188.40 W, 42
2026/10/08 04:37:20.709, 5, 120 MHz, 3996 MHz, 186.56 W, 40
2026/10/08 04:37:20.709, 6, 120 MHz, 3996 MHz, 188.60 W, 33
2026/10/08 04:37:20.710, 7, 2032 MHz, 3996 MHz, 238.84 W, 33
2026/10/08 04:37:21.710, 0, 1335 MHz, 3996 MHz, 1087.71 W, 65
2026/10/08 04:37:21.710, 1, 1312 MHz, 3996 MHz, 1090.54 W, 67
2026/10/08 04:37:21.710, 2, 120 MHz, 3996 MHz, 184.09 W, 31
2026/10/08 04:37:21.710, 3, 120 MHz, 3996 MHz, 182.35 W, 31
2026/10/08 04:37:21.710, 4, 120 MHz, 3996 MHz, 188.29 W, 42
2026/10/08 04:37:21.710, 5, 120 MHz, 3996 MHz, 186.39 W, 40
2026/10/08 04:37:21.710, 6, 120 MHz, 3996 MHz, 188.60 W, 33
2026/10/08 04:37:21.710, 7, 2032 MHz, 3996 MHz, 239.34 W, 33
2026/10/08 04:37:22.710, 0, 1320 MHz, 3996 MHz, 1089.52 W, 65
2026/10/08 04:37:22.710, 1, 1320 MHz, 3996 MHz, 1089.44 W, 67
2026/10/08 04:37:22.710, 2, 120 MHz, 3996 MHz, 184.09 W, 31
2026/10/08 04:37:22.710, 3, 120 MHz, 3996 MHz, 182.30 W, 31
2026/10/08 04:37:22.710, 4, 120 MHz, 3996 MHz, 187.71 W, 42
2026/10/08 04:37:22.710, 5, 120 MHz, 3996 MHz, 186.41 W, 40
2026/10/08 04:37:22.710, 6, 120 MHz, 3996 MHz, 188.56 W, 33
2026/10/08 04:37:22.710, 7, 2032 MHz, 3996 MHz, 240.70 W, 33
2026/10/08 04:37:23.710, 0, 1327 MHz, 3996 MHz, 1087.70 W, 65
2026/10/08 04:37:23.710, 1, 1305 MHz, 3996 MHz, 1086.51 W, 66
2026/10/08 04:37:23.710, 2, 120 MHz, 3996 MHz, 184.09 W, 31
2026/10/08 04:37:23.710, 3, 120 MHz, 3996 MHz, 182.35 W, 31
2026/10/08 04:37:23.710, 4, 120 MHz, 3996 MHz, 187.16 W, 41
2026/10/08 04:37:23.710, 5, 120 MHz, 3996 MHz, 186.20 W, 40
2026/10/08 04:37:23.710, 6, 120 MHz, 3996 MHz, 188.52 W, 33
2026/10/08 04:37:23.711, 7, 2032 MHz, 3996 MHz, 240.40 W, 33
2026/10/08 04:37:24.711, 0, 1342 MHz, 3996 MHz, 1084.74 W, 65
2026/10/08 04:37:24.711, 1, 1320 MHz, 3996 MHz, 1090.96 W, 66
2026/10/08 04:37:24.711, 2, 120 MHz, 3996 MHz, 184.09 W, 31
2026/10/08 04:37:24.711, 3, 120 MHz, 3996 MHz, 182.16 W, 31
2026/10/08 04:37:24.711, 4, 120 MHz, 3996 MHz, 187.09 W, 41
2026/10/08 04:37:24.711, 5, 120 MHz, 3996 MHz, 186.06 W, 39
2026/10/08 04:37:24.711, 6, 2032 MHz, 3996 MHz, 223.76 W, 34
2026/10/08 04:37:24.711, 7, 2032 MHz, 3996 MHz, 257.62 W, 33
2026/10/08 04:37:25.711, 0, 1350 MHz, 3996 MHz, 1087.68 W, 65
2026/10/08 04:37:25.711, 1, 1327 MHz, 3996 MHz, 1090.93 W, 67
2026/10/08 04:37:25.711, 2, 120 MHz, 3996 MHz, 184.09 W, 31
2026/10/08 04:37:25.711, 3, 120 MHz, 3996 MHz, 182.20 W, 31
2026/10/08 04:37:25.711, 4, 120 MHz, 3996 MHz, 186.82 W, 41
2026/10/08 04:37:25.711, 5, 120 MHz, 3996 MHz, 185.83 W, 39
2026/10/08 04:37:25.711, 6, 2032 MHz, 3996 MHz, 248.70 W, 34
2026/10/08 04:37:25.711, 7, 2032 MHz, 3996 MHz, 239.22 W, 33
2026/10/08 04:37:26.711, 0, 1327 MHz, 3996 MHz, 1086.86 W, 65
2026/10/08 04:37:26.711, 1, 1320 MHz, 3996 MHz, 1087.72 W, 66
2026/10/08 04:37:26.711, 2, 120 MHz, 3996 MHz, 184.09 W, 31
2026/10/08 04:37:26.711, 3, 120 MHz, 3996 MHz, 182.16 W, 31
2026/10/08 04:37:26.711, 4, 120 MHz, 3996 MHz, 186.74 W, 41
2026/10/08 04:37:26.712, 5, 120 MHz, 3996 MHz, 185.74 W, 39
2026/10/08 04:37:26.712, 6, 2032 MHz, 3996 MHz, 248.74 W, 34
2026/10/08 04:37:26.712, 7, 2032 MHz, 3996 MHz, 277.24 W, 33
2026/10/08 04:37:27.712, 0, 1327 MHz, 3996 MHz, 1085.69 W, 65
2026/10/08 04:37:27.712, 1, 1305 MHz, 3996 MHz, 1089.56 W, 66
2026/10/08 04:37:27.712, 2, 120 MHz, 3996 MHz, 184.09 W, 31
2026/10/08 04:37:27.712, 3, 120 MHz, 3996 MHz, 182.17 W, 31
2026/10/08 04:37:27.712, 4, 120 MHz, 3996 MHz, 186.63 W, 41
2026/10/08 04:37:27.712, 5, 120 MHz, 3996 MHz, 185.53 W, 39
2026/10/08 04:37:27.712, 6, 2032 MHz, 3996 MHz, 249.98 W, 34
2026/10/08 04:37:27.712, 7, 2032 MHz, 3996 MHz, 256.34 W, 34
2026/10/08 04:37:28.712, 0, 1327 MHz, 3996 MHz, 1081.85 W, 65
2026/10/08 04:37:28.712, 1, 1995 MHz, 3996 MHz, 1074.46 W, 62
2026/10/08 04:37:28.712, 2, 120 MHz, 3996 MHz, 184.09 W, 31
2026/10/08 04:37:28.712, 3, 120 MHz, 3996 MHz, 182.17 W, 31
2026/10/08 04:37:28.712, 4, 120 MHz, 3996 MHz, 186.56 W, 41
2026/10/08 04:37:28.712, 5, 120 MHz, 3996 MHz, 185.37 W, 39
2026/10/08 04:37:28.712, 6, 2032 MHz, 3996 MHz, 250.21 W, 34
2026/10/08 04:37:28.712, 7, 2032 MHz, 3996 MHz, 239.97 W, 33
2026/10/08 04:37:29.712, 0, 2032 MHz, 3996 MHz, 1067.33 W, 60
2026/10/08 04:37:29.712, 1, 2002 MHz, 3996 MHz, 1091.18 W, 62
2026/10/08 04:37:29.712, 2, 120 MHz, 3996 MHz, 184.09 W, 31
2026/10/08 04:37:29.712, 3, 120 MHz, 3996 MHz, 182.17 W, 31
2026/10/08 04:37:29.712, 4, 120 MHz, 3996 MHz, 186.51 W, 41
2026/10/08 04:37:29.712, 5, 120 MHz, 3996 MHz, 185.55 W, 39
2026/10/08 04:37:29.713, 6, 2032 MHz, 3996 MHz, 249.19 W, 34
2026/10/08 04:37:29.713, 7, 2032 MHz, 3996 MHz, 242.66 W, 33
2026/10/08 04:37:30.713, 0, 2025 MHz, 3996 MHz, 1094.24 W, 60
2026/10/08 04:37:30.713, 1, 2017 MHz, 3996 MHz, 1089.71 W, 62
2026/10/08 04:37:30.713, 2, 120 MHz, 3996 MHz, 184.09 W, 31
2026/10/08 04:37:30.713, 3, 120 MHz, 3996 MHz, 182.19 W, 31
2026/10/08 04:37:30.713, 4, 120 MHz, 3996 MHz, 186.45 W, 40
2026/10/08 04:37:30.713, 5, 2032 MHz, 3996 MHz, 221.59 W, 40
2026/10/08 04:37:30.713, 6, 2032 MHz, 3996 MHz, 268.41 W, 34
2026/10/08 04:37:30.713, 7, 2032 MHz, 3996 MHz, 244.31 W, 33
2026/10/08 04:37:31.713, 0, 2032 MHz, 3996 MHz, 1094.54 W, 60
2026/10/08 04:37:31.713, 1, 2010 MHz, 3996 MHz, 1091.98 W, 62
2026/10/08 04:37:31.713, 2, 120 MHz, 3996 MHz, 184.09 W, 31
2026/10/08 04:37:31.713, 3, 120 MHz, 3996 MHz, 182.24 W, 31
2026/10/08 04:37:31.713, 4, 2032 MHz, 3996 MHz, 230.82 W, 41
2026/10/08 04:37:31.713, 5, 2032 MHz, 3996 MHz, 240.01 W, 40
2026/10/08 04:37:31.713, 6, 2032 MHz, 3996 MHz, 269.43 W, 36
2026/10/08 04:37:31.713, 7, 2032 MHz, 3996 MHz, 240.98 W, 33
2026/10/08 04:37:32.713, 0, 2017 MHz, 3996 MHz, 1093.58 W, 60
2026/10/08 04:37:32.713, 1, 2002 MHz, 3996 MHz, 1090.37 W, 62
2026/10/08 04:37:32.713, 2, 120 MHz, 3996 MHz, 184.09 W, 31
2026/10/08 04:37:32.713, 3, 120 MHz, 3996 MHz, 182.18 W, 31
2026/10/08 04:37:32.713, 4, 2032 MHz, 3996 MHz, 248.06 W, 41
2026/10/08 04:37:32.713, 5, 2032 MHz, 3996 MHz, 239.83 W, 40
2026/10/08 04:37:32.713, 6, 2032 MHz, 3996 MHz, 274.30 W, 34
2026/10/08 04:37:32.713, 7, 2032 MHz, 3996 MHz, 238.70 W, 33
2026/10/08 04:37:33.714, 0, 2032 MHz, 3996 MHz, 1094.13 W, 61
2026/10/08 04:37:33.714, 1, 1995 MHz, 3996 MHz, 1090.72 W, 62
2026/10/08 04:37:33.714, 2, 120 MHz, 3996 MHz, 184.09 W, 31
2026/10/08 04:37:33.714, 3, 120 MHz, 3996 MHz, 182.19 W, 31
2026/10/08 04:37:33.714, 4, 2032 MHz, 3996 MHz, 248.14 W, 41
2026/10/08 04:37:33.714, 5, 2032 MHz, 3996 MHz, 240.67 W, 40
2026/10/08 04:37:33.714, 6, 2032 MHz, 3996 MHz, 265.96 W, 34
2026/10/08 04:37:33.714, 7, 2032 MHz, 3996 MHz, 239.28 W, 33
2026/10/08 04:37:34.714, 0, 2025 MHz, 3996 MHz, 1093.66 W, 60
2026/10/08 04:37:34.714, 1, 2002 MHz, 3996 MHz, 1089.88 W, 62
2026/10/08 04:37:34.714, 2, 120 MHz, 3996 MHz, 184.09 W, 31
2026/10/08 04:37:34.714, 3, 120 MHz, 3996 MHz, 182.18 W, 31
2026/10/08 04:37:34.714, 4, 2032 MHz, 3996 MHz, 249.36 W, 41
2026/10/08 04:37:34.714, 5, 2032 MHz, 3996 MHz, 240.76 W, 40
2026/10/08 04:37:34.714, 6, 2032 MHz, 3996 MHz, 248.91 W, 34
2026/10/08 04:37:34.714, 7, 2032 MHz, 3996 MHz, 239.40 W, 33
2026/10/08 04:37:35.714, 0, 2025 MHz, 3996 MHz, 1094.01 W, 61
2026/10/08 04:37:35.714, 1, 2002 MHz, 3996 MHz, 1090.38 W, 62
2026/10/08 04:37:35.714, 2, 120 MHz, 3996 MHz, 184.09 W, 31
2026/10/08 04:37:35.714, 3, 120 MHz, 3996 MHz, 182.18 W, 32
2026/10/08 04:37:35.714, 4, 2032 MHz, 3996 MHz, 248.22 W, 41
2026/10/08 04:37:35.714, 5, 2032 MHz, 3996 MHz, 240.47 W, 40
2026/10/08 04:37:35.714, 6, 2032 MHz, 3996 MHz, 252.84 W, 34
2026/10/08 04:37:35.714, 7, 2032 MHz, 3996 MHz, 247.91 W, 33
2026/10/08 04:37:36.714, 0, 2025 MHz, 3996 MHz, 1093.92 W, 61
2026/10/08 04:37:36.715, 1, 2002 MHz, 3996 MHz, 1091.61 W, 62
2026/10/08 04:37:36.715, 2, 120 MHz, 3996 MHz, 184.09 W, 31
2026/10/08 04:37:36.715, 3, 120 MHz, 3996 MHz, 182.24 W, 32
2026/10/08 04:37:36.715, 4, 2032 MHz, 3996 MHz, 248.19 W, 41
2026/10/08 04:37:36.715, 5, 2032 MHz, 3996 MHz, 258.86 W, 40
2026/10/08 04:37:36.715, 6, 2032 MHz, 3996 MHz, 255.76 W, 34
2026/10/08 04:37:36.715, 7, 2032 MHz, 3996 MHz, 240.37 W, 33
2026/10/08 04:37:37.715, 0, 2025 MHz, 3996 MHz, 1095.22 W, 61
2026/10/08 04:37:37.715, 1, 1995 MHz, 3996 MHz, 1090.35 W, 62
2026/10/08 04:37:37.715, 2, 120 MHz, 3996 MHz, 184.09 W, 31
2026/10/08 04:37:37.715, 3, 120 MHz, 3996 MHz, 182.22 W, 32
2026/10/08 04:37:37.715, 4, 2032 MHz, 3996 MHz, 267.25 W, 41
2026/10/08 04:37:37.715, 5, 2032 MHz, 3996 MHz, 275.51 W, 41
2026/10/08 04:37:37.715, 6, 2032 MHz, 3996 MHz, 248.73 W, 34
2026/10/08 04:37:37.715, 7, 2032 MHz, 3996 MHz, 240.46 W, 33
2026/10/08 04:37:38.715, 0, 2017 MHz, 3996 MHz, 1093.59 W, 61
2026/10/08 04:37:38.715, 1, 2002 MHz, 3996 MHz, 1090.24 W, 62
2026/10/08 04:37:38.715, 2, 120 MHz, 3996 MHz, 184.09 W, 32
2026/10/08 04:37:38.715, 3, 120 MHz, 3996 MHz, 182.38 W, 32
2026/10/08 04:37:38.715, 4, 2032 MHz, 3996 MHz, 284.30 W, 41
2026/10/08 04:37:38.715, 5, 2032 MHz, 3996 MHz, 240.90 W, 40
2026/10/08 04:37:38.715, 6, 2032 MHz, 3996 MHz, 248.85 W, 34
2026/10/08 04:37:38.715, 7, 2032 MHz, 3996 MHz, 240.31 W, 33
2026/10/08 04:37:39.715, 0, 2025 MHz, 3996 MHz, 1094.65 W, 61
2026/10/08 04:37:39.715, 1, 2002 MHz, 3996 MHz, 1090.23 W, 62
2026/10/08 04:37:39.715, 2, 120 MHz, 3996 MHz, 184.09 W, 32
2026/10/08 04:37:39.715, 3, 120 MHz, 3996 MHz, 182.28 W, 32
2026/10/08 04:37:39.715, 4, 2032 MHz, 3996 MHz, 248.43 W, 41
2026/10/08 04:37:39.715, 5, 2032 MHz, 3996 MHz, 253.36 W, 40
2026/10/08 04:37:39.715, 6, 2032 MHz, 3996 MHz, 248.86 W, 34
2026/10/08 04:37:39.715, 7, 2032 MHz, 3996 MHz, 240.50 W, 33
2026/10/08 04:37:40.716, 0, 2025 MHz, 3996 MHz, 1094.54 W, 61
2026/10/08 04:37:40.716, 1, 2002 MHz, 3996 MHz, 1089.45 W, 62
2026/10/08 04:37:40.716, 2, 120 MHz, 3996 MHz, 184.09 W, 32
2026/10/08 04:37:40.716, 3, 120 MHz, 3996 MHz, 182.30 W, 32
2026/10/08 04:37:40.716, 4, 2032 MHz, 3996 MHz, 264.76 W, 41
2026/10/08 04:37:40.716, 5, 2032 MHz, 3996 MHz, 240.39 W, 39
2026/10/08 04:37:40.716, 6, 2032 MHz, 3996 MHz, 249.01 W, 34
2026/10/08 04:37:40.716, 7, 2032 MHz, 3996 MHz, 246.70 W, 33
2026/10/08 04:37:41.716, 0, 2025 MHz, 3996 MHz, 1094.56 W, 61
2026/10/08 04:37:41.716, 1, 2002 MHz, 3996 MHz, 1089.61 W, 62
2026/10/08 04:37:41.716, 2, 120 MHz, 3996 MHz, 184.09 W, 32
2026/10/08 04:37:41.716, 3, 120 MHz, 3996 MHz, 182.26 W, 32
2026/10/08 04:37:41.716, 4, 2032 MHz, 3996 MHz, 251.44 W, 41
2026/10/08 04:37:41.716, 5, 2032 MHz, 3996 MHz, 246.42 W, 39
2026/10/08 04:37:41.716, 6, 2032 MHz, 3996 MHz, 263.59 W, 34
2026/10/08 04:37:41.716, 7, 2032 MHz, 3996 MHz, 240.00 W, 33
2026/10/08 04:37:42.716, 0, 2017 MHz, 3996 MHz, 1094.42 W, 61
2026/10/08 04:37:42.716, 1, 2002 MHz, 3996 MHz, 1091.27 W, 62
2026/10/08 04:37:42.716, 2, 120 MHz, 3996 MHz, 184.09 W, 32
2026/10/08 04:37:42.716, 3, 120 MHz, 3996 MHz, 182.49 W, 32
2026/10/08 04:37:42.716, 4, 2032 MHz, 3996 MHz, 251.51 W, 41
2026/10/08 04:37:42.716, 5, 2032 MHz, 3996 MHz, 240.35 W, 39
2026/10/08 04:37:42.716, 6, 2032 MHz, 3996 MHz, 248.82 W, 34
2026/10/08 04:37:42.716, 7, 2032 MHz, 3996 MHz, 239.46 W, 33
2026/10/08 04:37:43.717, 0, 2025 MHz, 3996 MHz, 1095.10 W, 61
2026/10/08 04:37:43.717, 1, 2002 MHz, 3996 MHz, 1090.53 W, 62
2026/10/08 04:37:43.717, 2, 120 MHz, 3996 MHz, 184.09 W, 32
2026/10/08 04:37:43.717, 3, 120 MHz, 3996 MHz, 182.42 W, 32
2026/10/08 04:37:43.717, 4, 2032 MHz, 3996 MHz, 248.22 W, 41
2026/10/08 04:37:43.717, 5, 2032 MHz, 3996 MHz, 240.22 W, 39
2026/10/08 04:37:43.717, 6, 2032 MHz, 3996 MHz, 248.69 W, 34
2026/10/08 04:37:43.717, 7, 2032 MHz, 3996 MHz, 238.87 W, 33
2026/10/08 04:37:44.717, 0, 2025 MHz, 3996 MHz, 1094.37 W, 61
2026/10/08 04:37:44.717, 1, 2002 MHz, 3996 MHz, 1090.23 W, 62
2026/10/08 04:37:44.717, 2, 120 MHz, 3996 MHz, 184.09 W, 32
2026/10/08 04:37:44.717, 3, 120 MHz, 3996 MHz, 182.30 W, 32
2026/10/08 04:37:44.717, 4, 2032 MHz, 3996 MHz, 248.18 W, 41
2026/10/08 04:37:44.717, 5, 2032 MHz, 3996 MHz, 240.01 W, 39
2026/10/08 04:37:44.717, 6, 2032 MHz, 3996 MHz, 248.71 W, 34
2026/10/08 04:37:44.717, 7, 2032 MHz, 3996 MHz, 239.15 W, 33
2026/10/08 04:37:45.717, 0, 2017 MHz, 3996 MHz, 1093.06 W, 61
2026/10/08 04:37:45.717, 1, 2002 MHz, 3996 MHz, 1091.43 W, 62
2026/10/08 04:37:45.717, 2, 120 MHz, 3996 MHz, 184.09 W, 32
2026/10/08 04:37:45.717, 3, 120 MHz, 3996 MHz, 182.36 W, 32
2026/10/08 04:37:45.717, 4, 2032 MHz, 3996 MHz, 247.95 W, 41
2026/10/08 04:37:45.717, 5, 2032 MHz, 3996 MHz, 240.64 W, 39
2026/10/08 04:37:45.717, 6, 2032 MHz, 3996 MHz, 248.70 W, 34
2026/10/08 04:37:45.717, 7, 2032 MHz, 3996 MHz, 238.79 W, 33
2026/10/08 04:37:46.718, 0, 2017 MHz, 3996 MHz, 1094.36 W, 61
2026/10/08 04:37:46.718, 1, 2002 MHz, 3996 MHz, 1090.61 W, 62
2026/10/08 04:37:46.718, 2, 120 MHz, 3996 MHz, 184.09 W, 32
2026/10/08 04:37:46.718, 3, 120 MHz, 3996 MHz, 182.46 W, 32
2026/10/08 04:37:46.718, 4, 2032 MHz, 3996 MHz, 248.50 W, 41
2026/10/08 04:37:46.718, 5, 2032 MHz, 3996 MHz, 241.52 W, 39
2026/10/08 04:37:46.718, 6, 2032 MHz, 3996 MHz, 248.67 W, 34
2026/10/08 04:37:46.718, 7, 2032 MHz, 3996 MHz, 239.10 W, 33
2026/10/08 04:37:47.718, 0, 2017 MHz, 3996 MHz, 1093.28 W, 61
2026/10/08 04:37:47.718, 1, 1995 MHz, 3996 MHz, 1089.28 W, 62
2026/10/08 04:37:47.718, 2, 120 MHz, 3996 MHz, 184.09 W, 32
2026/10/08 04:37:47.718, 3, 120 MHz, 3996 MHz, 182.50 W, 32
2026/10/08 04:37:47.718, 4, 2032 MHz, 3996 MHz, 256.77 W, 41
2026/10/08 04:37:47.718, 5, 2032 MHz, 3996 MHz, 247.08 W, 39
2026/10/08 04:37:47.718, 6, 2032 MHz, 3996 MHz, 249.33 W, 34
2026/10/08 04:37:47.718, 7, 2032 MHz, 3996 MHz, 508.13 W, 37
2026/10/08 04:37:48.718, 0, 2010 MHz, 3996 MHz, 1094.28 W, 61
2026/10/08 04:37:48.718, 1, 1995 MHz, 3996 MHz, 1090.55 W, 62
2026/10/08 04:37:48.718, 2, 120 MHz, 3996 MHz, 184.09 W, 32
2026/10/08 04:37:48.718, 3, 120 MHz, 3996 MHz, 182.60 W, 32
2026/10/08 04:37:48.718, 4, 2032 MHz, 3996 MHz, 252.56 W, 41
2026/10/08 04:37:48.718, 5, 2032 MHz, 3996 MHz, 245.07 W, 39
2026/10/08 04:37:48.718, 6, 2032 MHz, 3996 MHz, 496.50 W, 39
2026/10/08 04:37:48.718, 7, 2032 MHz, 3996 MHz, 321.24 W, 34
2026/10/08 04:37:49.719, 0, 2010 MHz, 3996 MHz, 1093.94 W, 61
2026/10/08 04:37:49.719, 1, 1995 MHz, 3996 MHz, 1090.98 W, 62
2026/10/08 04:37:49.719, 2, 120 MHz, 3996 MHz, 184.09 W, 32
2026/10/08 04:37:49.719, 3, 120 MHz, 3996 MHz, 182.48 W, 32
2026/10/08 04:37:49.719, 4, 2032 MHz, 3996 MHz, 248.02 W, 41
2026/10/08 04:37:49.719, 5, 2032 MHz, 3996 MHz, 239.96 W, 39
2026/10/08 04:37:49.719, 6, 2032 MHz, 3996 MHz, 361.43 W, 36
2026/10/08 04:37:49.719, 7, 1365 MHz, 3996 MHz, 441.81 W, 47
2026/10/08 04:37:50.719, 0, 2017 MHz, 3996 MHz, 1093.70 W, 61
2026/10/08 04:37:50.719, 1, 1995 MHz, 3996 MHz, 1088.94 W, 62
2026/10/08 04:37:50.719, 2, 120 MHz, 3996 MHz, 184.09 W, 32
2026/10/08 04:37:50.719, 3, 120 MHz, 3996 MHz, 182.76 W, 32
2026/10/08 04:37:50.719, 4, 2032 MHz, 3996 MHz, 247.91 W, 41
2026/10/08 04:37:50.719, 5, 2032 MHz, 3996 MHz, 239.79 W, 39
2026/10/08 04:37:50.719, 6, 2032 MHz, 3996 MHz, 249.73 W, 35
2026/10/08 04:37:50.719, 7, 2032 MHz, 3996 MHz, 1032.76 W, 44
2026/10/08 04:37:51.719, 0, 2025 MHz, 3996 MHz, 1093.64 W, 61
2026/10/08 04:37:51.719, 1, 2002 MHz, 3996 MHz, 1091.54 W, 62
2026/10/08 04:37:51.719, 2, 120 MHz, 3996 MHz, 184.09 W, 32
2026/10/08 04:37:51.719, 3, 120 MHz, 3996 MHz, 182.59 W, 32
2026/10/08 04:37:51.719, 4, 2032 MHz, 3996 MHz, 247.76 W, 41
2026/10/08 04:37:51.719, 5, 2032 MHz, 3996 MHz, 240.16 W, 39
2026/10/08 04:37:51.719, 6, 1297 MHz, 3996 MHz, 1086.57 W, 53
2026/10/08 04:37:51.719, 7, 2032 MHz, 3996 MHz, 864.10 W, 44
2026/10/08 04:37:52.720, 0, 2010 MHz, 3996 MHz, 1094.26 W, 61
2026/10/08 04:37:52.720, 1, 1312 MHz, 3996 MHz, 1094.81 W, 67
2026/10/08 04:37:52.720, 2, 120 MHz, 3996 MHz, 184.09 W, 32
2026/10/08 04:37:52.720, 3, 120 MHz, 3996 MHz, 182.62 W, 32
2026/10/08 04:37:52.720, 4, 2032 MHz, 3996 MHz, 248.10 W, 41
2026/10/08 04:37:52.720, 5, 2032 MHz, 3996 MHz, 239.60 W, 39
2026/10/08 04:37:52.720, 6, 2032 MHz, 3996 MHz, 897.80 W, 45
2026/10/08 04:37:52.720, 7, 2032 MHz, 3996 MHz, 868.33 W, 44
2026/10/08 04:37:53.720, 0, 1365 MHz, 3996 MHz, 1109.23 W, 65
2026/10/08 04:37:53.720, 1, 1320 MHz, 3996 MHz, 1087.26 W, 67
2026/10/08 04:37:53.720, 2, 120 MHz, 3996 MHz, 184.09 W, 32
2026/10/08 04:37:53.720, 3, 120 MHz, 3996 MHz, 183.00 W, 32
2026/10/08 04:37:53.720, 4, 2032 MHz, 3996 MHz, 247.87 W, 41
2026/10/08 04:37:53.720, 5, 2032 MHz, 3996 MHz, 239.71 W, 39
2026/10/08 04:37:53.720, 6, 2032 MHz, 3996 MHz, 895.78 W, 46
2026/10/08 04:37:53.720, 7, 2032 MHz, 3996 MHz, 871.82 W, 45
2026/10/08 04:37:54.720, 0, 1365 MHz, 3996 MHz, 1080.75 W, 65
2026/10/08 04:37:54.720, 1, 1312 MHz, 3996 MHz, 1091.36 W, 67
2026/10/08 04:37:54.720, 2, 120 MHz, 3996 MHz, 184.09 W, 32
2026/10/08 04:37:54.720, 3, 120 MHz, 3996 MHz, 182.78 W, 32
2026/10/08 04:37:54.720, 4, 2032 MHz, 3996 MHz, 247.62 W, 41
2026/10/08 04:37:54.720, 5, 2032 MHz, 3996 MHz, 540.70 W, 42
2026/10/08 04:37:54.720, 6, 2032 MHz, 3996 MHz, 898.20 W, 46
2026/10/08 04:37:54.720, 7, 2032 MHz, 3996 MHz, 871.47 W, 45
2026/10/08 04:37:55.721, 0, 1327 MHz, 3996 MHz, 1088.73 W, 66
2026/10/08 04:37:55.721, 1, 1312 MHz, 3996 MHz, 1090.85 W, 67
2026/10/08 04:37:55.721, 2, 120 MHz, 3996 MHz, 184.09 W, 32
2026/10/08 04:37:55.721, 3, 120 MHz, 3996 MHz, 182.93 W, 32
2026/10/08 04:37:55.721, 4, 2032 MHz, 3996 MHz, 514.49 W, 45
2026/10/08 04:37:55.721, 5, 2032 MHz, 3996 MHz, 294.19 W, 40
2026/10/08 04:37:55.721, 6, 2032 MHz, 3996 MHz, 906.61 W, 47
2026/10/08 04:37:55.721, 7, 2032 MHz, 3996 MHz, 874.78 W, 45
2026/10/08 04:37:56.721, 0, 1327 MHz, 3996 MHz, 1086.67 W, 66
2026/10/08 04:37:56.721, 1, 1320 MHz, 3996 MHz, 1089.55 W, 67
2026/10/08 04:37:56.721, 2, 120 MHz, 3996 MHz, 184.09 W, 32
2026/10/08 04:37:56.721, 3, 120 MHz, 3996 MHz, 183.13 W, 32
2026/10/08 04:37:56.721, 4, 2032 MHz, 3996 MHz, 346.08 W, 42
2026/10/08 04:37:56.721, 5, 1342 MHz, 3996 MHz, 659.46 W, 55
2026/10/08 04:37:56.721, 6, 2032 MHz, 3996 MHz, 907.08 W, 47
2026/10/08 04:37:56.721, 7, 1312 MHz, 3996 MHz, 1035.44 W, 54
2026/10/08 04:37:57.721, 0, 1342 MHz, 3996 MHz, 1086.66 W, 66
2026/10/08 04:37:57.721, 1, 1312 MHz, 3996 MHz, 1090.83 W, 67
2026/10/08 04:37:57.721, 2, 120 MHz, 3996 MHz, 184.09 W, 32
2026/10/08 04:37:57.721, 3, 120 MHz, 3996 MHz, 182.77 W, 32
2026/10/08 04:37:57.721, 4, 1365 MHz, 3996 MHz, 336.92 W, 52
2026/10/08 04:37:57.721, 5, 2032 MHz, 3996 MHz, 793.35 W, 48
2026/10/08 04:37:57.721, 6, 1297 MHz, 3996 MHz, 1028.39 W, 56
2026/10/08 04:37:57.721, 7, 2032 MHz, 3996 MHz, 901.30 W, 46
2026/10/08 04:37:58.722, 0, 1335 MHz, 3996 MHz, 1089.39 W, 66
2026/10/08 04:37:58.722, 1, 1320 MHz, 3996 MHz, 1089.85 W, 67
2026/10/08 04:37:58.722, 2, 120 MHz, 3996 MHz, 184.09 W, 32
2026/10/08 04:37:58.722, 3, 120 MHz, 3996 MHz, 182.96 W, 32
2026/10/08 04:37:58.722, 4, 2032 MHz, 3996 MHz, 917.10 W, 50
2026/10/08 04:37:58.722, 5, 2032 MHz, 3996 MHz, 792.71 W, 48
2026/10/08 04:37:58.722, 6, 2032 MHz, 3996 MHz, 967.89 W, 49
2026/10/08 04:37:58.722, 7, 2032 MHz, 3996 MHz, 869.92 W, 46
2026/10/08 04:37:59.722, 0, 1335 MHz, 3996 MHz, 1085.41 W, 66
2026/10/08 04:37:59.722, 1, 1297 MHz, 3996 MHz, 1091.00 W, 67
2026/10/08 04:37:59.722, 2, 120 MHz, 3996 MHz, 184.09 W, 32
2026/10/08 04:37:59.722, 3, 120 MHz, 3996 MHz, 183.22 W, 33
2026/10/08 04:37:59.722, 4, 2032 MHz, 3996 MHz, 806.05 W, 50
2026/10/08 04:37:59.722, 5, 2032 MHz, 3996 MHz, 797.10 W, 49
2026/10/08 04:37:59.722, 6, 2032 MHz, 3996 MHz, 899.96 W, 48
2026/10/08 04:37:59.722, 7, 2032 MHz, 3996 MHz, 871.48 W, 46
2026/10/08 04:38:00.722, 0, 1327 MHz, 3996 MHz, 1084.94 W, 66
2026/10/08 04:38:00.722, 1, 1305 MHz, 3996 MHz, 1088.80 W, 67
2026/10/08 04:38:00.722, 2, 120 MHz, 3996 MHz, 184.09 W, 32
2026/10/08 04:38:00.722, 3, 120 MHz, 3996 MHz, 183.46 W, 33
2026/10/08 04:38:00.722, 4, 2032 MHz, 3996 MHz, 810.24 W, 51
2026/10/08 04:38:00.722, 5, 1380 MHz, 3996 MHz, 844.70 W, 58
2026/10/08 04:38:00.722, 6, 2032 MHz, 3996 MHz, 902.87 W, 49
2026/10/08 04:38:00.722, 7, 2032 MHz, 3996 MHz, 879.47 W, 47
2026/10/08 04:38:01.722, 0, 1327 MHz, 3996 MHz, 1085.97 W, 66
2026/10/08 04:38:01.722, 1, 1320 MHz, 3996 MHz, 1091.24 W, 67
2026/10/08 04:38:01.722, 2, 120 MHz, 3996 MHz, 184.09 W, 32
2026/10/08 04:38:01.722, 3, 120 MHz, 3996 MHz, 183.24 W, 33
2026/10/08 04:38:01.723, 4, 2032 MHz, 3996 MHz, 814.95 W, 51
2026/10/08 04:38:01.723, 5, 2032 MHz, 3996 MHz, 882.28 W, 50
2026/10/08 04:38:01.723, 6, 2032 MHz, 3996 MHz, 904.76 W, 49
2026/10/08 04:38:01.723, 7, 2032 MHz, 3996 MHz, 877.40 W, 47
2026/10/08 04:38:02.723, 0, 1327 MHz, 3996 MHz, 1085.06 W, 66
2026/10/08 04:38:02.723, 1, 1995 MHz, 3996 MHz, 1074.77 W, 63
2026/10/08 04:38:02.723, 2, 120 MHz, 3996 MHz, 184.09 W, 33
2026/10/08 04:38:02.723, 3, 120 MHz, 3996 MHz, 183.38 W, 33
2026/10/08 04:38:02.723, 4, 2032 MHz, 3996 MHz, 935.02 W, 53
2026/10/08 04:38:02.723, 5, 2032 MHz, 3996 MHz, 795.61 W, 50
2026/10/08 04:38:02.723, 6, 2032 MHz, 3996 MHz, 908.85 W, 49
2026/10/08 04:38:02.723, 7, 1260 MHz, 3996 MHz, 972.99 W, 55
2026/10/08 04:38:03.723, 0, 2032 MHz, 3996 MHz, 1069.78 W, 61
2026/10/08 04:38:03.723, 1, 1995 MHz, 3996 MHz, 1090.47 W, 63
2026/10/08 04:38:03.723, 2, 120 MHz, 3996 MHz, 184.09 W, 33
2026/10/08 04:38:03.723, 3, 120 MHz, 3996 MHz, 183.42 W, 33
2026/10/08 04:38:03.723, 4, 2032 MHz, 3996 MHz, 808.78 W, 52
2026/10/08 04:38:03.723, 5, 2032 MHz, 3996 MHz, 798.67 W, 50
2026/10/08 04:38:03.723, 6, 1305 MHz, 3996 MHz, 983.44 W, 58
2026/10/08 04:38:03.723, 7, 2032 MHz, 3996 MHz, 980.10 W, 48
2026/10/08 04:38:04.723, 0, 2010 MHz, 3996 MHz, 1091.92 W, 62
2026/10/08 04:38:04.723, 1, 1995 MHz, 3996 MHz, 1089.43 W, 63
2026/10/08 04:38:04.723, 2, 120 MHz, 3996 MHz, 184.09 W, 33
2026/10/08 04:38:04.723, 3, 120 MHz, 3996 MHz, 183.30 W, 33
2026/10/08 04:38:04.723, 4, 2032 MHz, 3996 MHz, 810.20 W, 52
2026/10/08 04:38:04.723, 5, 2032 MHz, 3996 MHz, 804.81 W, 51
2026/10/08 04:38:04.723, 6, 2032 MHz, 3996 MHz, 1029.83 W, 51
2026/10/08 04:38:04.723, 7, 2032 MHz, 3996 MHz, 871.84 W, 48
2026/10/08 04:38:05.724, 0, 2025 MHz, 3996 MHz, 1092.72 W, 62
2026/10/08 04:38:05.724, 1, 2002 MHz, 3996 MHz, 1088.84 W, 63
2026/10/08 04:38:05.724, 2, 120 MHz, 3996 MHz, 184.09 W, 33
2026/10/08 04:38:05.724, 3, 120 MHz, 3996 MHz, 183.54 W, 33
2026/10/08 04:38:05.724, 4, 2032 MHz, 3996 MHz, 814.21 W, 53
2026/10/08 04:38:05.724, 5, 2032 MHz, 3996 MHz, 930.33 W, 52
2026/10/08 04:38:05.724, 6, 2032 MHz, 3996 MHz, 902.25 W, 50
2026/10/08 04:38:05.724, 7, 2032 MHz, 3996 MHz, 874.03 W, 48
2026/10/08 04:38:06.724, 0, 2017 MHz, 3996 MHz, 1092.20 W, 62
2026/10/08 04:38:06.724, 1, 1995 MHz, 3996 MHz, 1089.48 W, 63
2026/10/08 04:38:06.724, 2, 120 MHz, 3996 MHz, 184.09 W, 33
2026/10/08 04:38:06.724, 3, 120 MHz, 3996 MHz, 183.55 W, 33
2026/10/08 04:38:06.724, 4, 1267 MHz, 3996 MHz, 943.47 W, 62
2026/10/08 04:38:06.724, 5, 2032 MHz, 3996 MHz, 797.34 W, 51
2026/10/08 04:38:06.724, 6, 2032 MHz, 3996 MHz, 904.33 W, 50
2026/10/08 04:38:06.724, 7, 2032 MHz, 3996 MHz, 875.41 W, 48
2026/10/08 04:38:07.724, 0, 2017 MHz, 3996 MHz, 1093.67 W, 62
2026/10/08 04:38:07.724, 1, 2002 MHz, 3996 MHz, 1089.15 W, 63
2026/10/08 04:38:07.724, 2, 120 MHz, 3996 MHz, 184.09 W, 33
2026/10/08 04:38:07.724, 3, 120 MHz, 3996 MHz, 183.84 W, 33
2026/10/08 04:38:07.724, 4, 2032 MHz, 3996 MHz, 809.46 W, 53
2026/10/08 04:38:07.724, 5, 2032 MHz, 3996 MHz, 799.27 W, 52
2026/10/08 04:38:07.724, 6, 2032 MHz, 3996 MHz, 911.22 W, 51
2026/10/08 04:38:07.724, 7, 2032 MHz, 3996 MHz, 879.61 W, 48
2026/10/08 04:38:08.725, 0, 2025 MHz, 3996 MHz, 1093.90 W, 62
2026/10/08 04:38:08.725, 1, 1995 MHz, 3996 MHz, 1089.61 W, 63
2026/10/08 04:38:08.725, 2, 120 MHz, 3996 MHz, 184.09 W, 33
2026/10/08 04:38:08.725, 3, 120 MHz, 3996 MHz, 183.51 W, 33
2026/10/08 04:38:08.725, 4, 2032 MHz, 3996 MHz, 811.77 W, 54
2026/10/08 04:38:08.725, 5, 2032 MHz, 3996 MHz, 804.73 W, 52
2026/10/08 04:38:08.725, 6, 2032 MHz, 3996 MHz, 914.83 W, 51
2026/10/08 04:38:08.725, 7, 1492 MHz, 3996 MHz, 876.92 W, 55
2026/10/08 04:38:09.725, 0, 2017 MHz, 3996 MHz, 1092.01 W, 62
2026/10/08 04:38:09.725, 1, 2002 MHz, 3996 MHz, 1088.71 W, 63
2026/10/08 04:38:09.725, 2, 120 MHz, 3996 MHz, 184.09 W, 33
2026/10/08 04:38:09.725, 3, 120 MHz, 3996 MHz, 183.79 W, 33
2026/10/08 04:38:09.725, 4, 2032 MHz, 3996 MHz, 815.71 W, 54
2026/10/08 04:38:09.725, 5, 1515 MHz, 3996 MHz, 936.41 W, 55
2026/10/08 04:38:09.725, 6, 2032 MHz, 3996 MHz, 915.84 W, 51
2026/10/08 04:38:09.725, 7, 1357 MHz, 3996 MHz, 1080.59 W, 53
2026/10/08 04:38:10.725, 0, 2025 MHz, 3996 MHz, 1092.40 W, 62
2026/10/08 04:38:10.725, 1, 2002 MHz, 3996 MHz, 1089.85 W, 63
2026/10/08 04:38:10.725, 2, 120 MHz, 3996 MHz, 184.09 W, 33
2026/10/08 04:38:10.725, 3, 120 MHz, 3996 MHz, 183.66 W, 33
2026/10/08 04:38:10.725, 4, 1410 MHz, 3996 MHz, 849.76 W, 59
2026/10/08 04:38:10.725, 5, 2032 MHz, 3996 MHz, 792.88 W, 53
2026/10/08 04:38:10.725, 6, 1282 MHz, 3996 MHz, 1096.54 W, 60
2026/10/08 04:38:10.725, 7, 2032 MHz, 3996 MHz, 865.22 W, 49
2026/10/08 04:38:11.725, 0, 2025 MHz, 3996 MHz, 1091.77 W, 62
2026/10/08 04:38:11.726, 1, 1995 MHz, 3996 MHz, 1088.81 W, 63
2026/10/08 04:38:11.726, 2, 120 MHz, 3996 MHz, 184.13 W, 33
2026/10/08 04:38:11.726, 3, 120 MHz, 3996 MHz, 183.72 W, 33
2026/10/08 04:38:11.726, 4, 2032 MHz, 3996 MHz, 913.03 W, 55
2026/10/08 04:38:11.726, 5, 2032 MHz, 3996 MHz, 802.89 W, 53
2026/10/08 04:38:11.726, 6, 2032 MHz, 3996 MHz, 912.82 W, 52
2026/10/08 04:38:11.726, 7, 2032 MHz, 3996 MHz, 875.34 W, 49
2026/10/08 04:38:12.726, 0, 2017 MHz, 3996 MHz, 1092.31 W, 62
2026/10/08 04:38:12.726, 1, 1995 MHz, 3996 MHz, 1089.49 W, 63
2026/10/08 04:38:12.726, 2, 120 MHz, 3996 MHz, 184.09 W, 33
2026/10/08 04:38:12.726, 3, 120 MHz, 3996 MHz, 183.56 W, 33
2026/10/08 04:38:12.726, 4, 2032 MHz, 3996 MHz, 814.24 W, 55
2026/10/08 04:38:12.726, 5, 2032 MHz, 3996 MHz, 802.66 W, 53
2026/10/08 04:38:12.726, 6, 2032 MHz, 3996 MHz, 909.99 W, 52
2026/10/08 04:38:12.726, 7, 2032 MHz, 3996 MHz, 878.32 W, 49
2026/10/08 04:38:13.726, 0, 2002 MHz, 3996 MHz, 1094.50 W, 62
2026/10/08 04:38:13.726, 1, 2002 MHz, 3996 MHz, 1090.07 W, 63
2026/10/08 04:38:13.726, 2, 120 MHz, 3996 MHz, 184.13 W, 33
2026/10/08 04:38:13.726, 3, 120 MHz, 3996 MHz, 183.95 W, 33
2026/10/08 04:38:13.726, 4, 2032 MHz, 3996 MHz, 816.91 W, 55
2026/10/08 04:38:13.726, 5, 1380 MHz, 3996 MHz, 879.43 W, 62
2026/10/08 04:38:13.726, 6, 2032 MHz, 3996 MHz, 909.35 W, 52
2026/10/08 04:38:13.726, 7, 2032 MHz, 3996 MHz, 879.86 W, 50
2026/10/08 04:38:14.726, 0, 2010 MHz, 3996 MHz, 1092.46 W, 62
2026/10/08 04:38:14.726, 1, 2002 MHz, 3996 MHz, 1089.27 W, 63
2026/10/08 04:38:14.726, 2, 120 MHz, 3996 MHz, 184.13 W, 33
2026/10/08 04:38:14.726, 3, 120 MHz, 3996 MHz, 183.95 W, 33
2026/10/08 04:38:14.726, 4, 2032 MHz, 3996 MHz, 823.98 W, 55
2026/10/08 04:38:14.726, 5, 2032 MHz, 3996 MHz, 870.41 W, 54
2026/10/08 04:38:14.726, 6, 2032 MHz, 3996 MHz, 911.68 W, 52
2026/10/08 04:38:14.726, 7, 2032 MHz, 3996 MHz, 883.57 W, 50
2026/10/08 04:38:15.727, 0, 2017 MHz, 3996 MHz, 1092.35 W, 62
2026/10/08 04:38:15.727, 1, 1995 MHz, 3996 MHz, 1089.50 W, 63
2026/10/08 04:38:15.727, 2, 120 MHz, 3996 MHz, 184.09 W, 33
2026/10/08 04:38:15.727, 3, 120 MHz, 3996 MHz, 183.87 W, 33
2026/10/08 04:38:15.727, 4, 2032 MHz, 3996 MHz, 953.00 W, 57
2026/10/08 04:38:15.727, 5, 2032 MHz, 3996 MHz, 807.21 W, 54
2026/10/08 04:38:15.727, 6, 2032 MHz, 3996 MHz, 916.22 W, 52
2026/10/08 04:38:15.727, 7, 1312 MHz, 3996 MHz, 1011.95 W, 58
2026/10/08 04:38:16.727, 0, 2010 MHz, 3996 MHz, 1092.02 W, 62
2026/10/08 04:38:16.727, 1, 1995 MHz, 3996 MHz, 1089.96 W, 63
2026/10/08 04:38:16.727, 2, 120 MHz, 3996 MHz, 184.21 W, 33
2026/10/08 04:38:16.727, 3, 120 MHz, 3996 MHz, 184.00 W, 33
2026/10/08 04:38:16.727, 4, 2032 MHz, 3996 MHz, 816.40 W, 56
2026/10/08 04:38:16.727, 5, 2032 MHz, 3996 MHz, 805.71 W, 54
2026/10/08 04:38:16.727, 6, 1282 MHz, 3996 MHz, 1029.99 W, 60
2026/10/08 04:38:16.727, 7, 2032 MHz, 3996 MHz, 939.21 W, 50
2026/10/08 04:38:17.727, 0, 2010 MHz, 3996 MHz, 1090.58 W, 62
2026/10/08 04:38:17.727, 1, 2002 MHz, 3996 MHz, 1087.87 W, 63
2026/10/08 04:38:17.727, 2, 120 MHz, 3996 MHz, 185.55 W, 33
2026/10/08 04:38:17.727, 3, 120 MHz, 3996 MHz, 183.93 W, 33
2026/10/08 04:38:17.727, 4, 2032 MHz, 3996 MHz, 819.34 W, 56
2026/10/08 04:38:17.727, 5, 2032 MHz, 3996 MHz, 810.49 W, 55
2026/10/08 04:38:17.727, 6, 2032 MHz, 3996 MHz, 978.06 W, 53
2026/10/08 04:38:17.727, 7, 2032 MHz, 3996 MHz, 877.45 W, 50
2026/10/08 04:38:18.728, 0, 2010 MHz, 3996 MHz, 1092.03 W, 62
2026/10/08 04:38:18.728, 1, 1995 MHz, 3996 MHz, 1090.46 W, 63
2026/10/08 04:38:18.728, 2, 120 MHz, 3996 MHz, 186.05 W, 33
2026/10/08 04:38:18.728, 3, 120 MHz, 3996 MHz, 184.14 W, 33
2026/10/08 04:38:18.728, 4, 2032 MHz, 3996 MHz, 821.26 W, 56
2026/10/08 04:38:18.728, 5, 2032 MHz, 3996 MHz, 926.02 W, 56
2026/10/08 04:38:18.728, 6, 2032 MHz, 3996 MHz, 908.39 W, 53
2026/10/08 04:38:18.728, 7, 2032 MHz, 3996 MHz, 882.60 W, 50
2026/10/08 04:38:19.728, 0, 2002 MHz, 3996 MHz, 1090.53 W, 62
2026/10/08 04:38:19.728, 1, 2002 MHz, 3996 MHz, 1089.46 W, 63
2026/10/08 04:38:19.728, 2, 120 MHz, 3996 MHz, 186.05 W, 33
2026/10/08 04:38:19.728, 3, 120 MHz, 3996 MHz, 184.33 W, 33
2026/10/08 04:38:19.728, 4, 1297 MHz, 3996 MHz, 951.03 W, 65
2026/10/08 04:38:19.728, 5, 2032 MHz, 3996 MHz, 807.12 W, 55
2026/10/08 04:38:19.728, 6, 2032 MHz, 3996 MHz, 909.23 W, 53
2026/10/08 04:38:19.728, 7, 2032 MHz, 3996 MHz, 883.15 W, 50
2026/10/08 04:38:20.728, 0, 2017 MHz, 3996 MHz, 1093.24 W, 62
2026/10/08 04:38:20.728, 1, 1995 MHz, 3996 MHz, 1089.20 W, 63
2026/10/08 04:38:20.728, 2, 120 MHz, 3996 MHz, 186.05 W, 33
2026/10/08 04:38:20.728, 3, 120 MHz, 3996 MHz, 184.25 W, 33
2026/10/08 04:38:20.728, 4, 2032 MHz, 3996 MHz, 829.36 W, 57
2026/10/08 04:38:20.728, 5, 2032 MHz, 3996 MHz, 805.87 W, 55
2026/10/08 04:38:20.728, 6, 2032 MHz, 3996 MHz, 914.05 W, 53
2026/10/08 04:38:20.728, 7, 2032 MHz, 3996 MHz, 884.38 W, 51
2026/10/08 04:38:21.729, 0, 2010 MHz, 3996 MHz, 1092.30 W, 62
2026/10/08 04:38:21.729, 1, 1995 MHz, 3996 MHz, 1089.18 W, 63
2026/10/08 04:38:21.729, 2, 120 MHz, 3996 MHz, 186.05 W, 33
2026/10/08 04:38:21.729, 3, 120 MHz, 3996 MHz, 184.22 W, 33
2026/10/08 04:38:21.729, 4, 2032 MHz, 3996 MHz, 819.02 W, 57
2026/10/08 04:38:21.729, 5, 2032 MHz, 3996 MHz, 811.56 W, 56
2026/10/08 04:38:21.729, 6, 2032 MHz, 3996 MHz, 915.49 W, 53
2026/10/08 04:38:21.729, 7, 2032 MHz, 3996 MHz, 670.10 W, 45
2026/10/08 04:38:22.729, 0, 2017 MHz, 3996 MHz, 1093.00 W, 62
2026/10/08 04:38:22.729, 1, 1995 MHz, 3996 MHz, 1089.63 W, 64
2026/10/08 04:38:22.729, 2, 120 MHz, 3996 MHz, 186.05 W, 33
2026/10/08 04:38:22.729, 3, 120 MHz, 3996 MHz, 184.17 W, 33
2026/10/08 04:38:22.729, 4, 2032 MHz, 3996 MHz, 822.27 W, 57
2026/10/08 04:38:22.729, 5, 2017 MHz, 3996 MHz, 941.97 W, 58
2026/10/08 04:38:22.729, 6, 2032 MHz, 3996 MHz, 748.51 W, 48
2026/10/08 04:38:22.729, 7, 2032 MHz, 3996 MHz, 259.72 W, 42
2026/10/08 04:38:23.729, 0, 2010 MHz, 3996 MHz, 1091.96 W, 62
2026/10/08 04:38:23.729, 1, 1995 MHz, 3996 MHz, 1089.19 W, 63
2026/10/08 04:38:23.729, 2, 120 MHz, 3996 MHz, 186.05 W, 33
2026/10/08 04:38:23.729, 3, 120 MHz, 3996 MHz, 184.26 W, 33
2026/10/08 04:38:23.729, 4, 1312 MHz, 3996 MHz, 863.37 W, 66
2026/10/08 04:38:23.729, 5, 2032 MHz, 3996 MHz, 804.66 W, 56
2026/10/08 04:38:23.729, 6, 2032 MHz, 3996 MHz, 267.88 W, 44
2026/10/08 04:38:23.729, 7, 2032 MHz, 3996 MHz, 246.79 W, 41
2026/10/08 04:38:24.729, 0, 2010 MHz, 3996 MHz, 1091.30 W, 62
2026/10/08 04:38:24.730, 1, 1995 MHz, 3996 MHz, 1089.59 W, 64
2026/10/08 04:38:24.730, 2, 120 MHz, 3996 MHz, 186.05 W, 33
2026/10/08 04:38:24.730, 3, 120 MHz, 3996 MHz, 184.14 W, 33
2026/10/08 04:38:24.730, 4, 2032 MHz, 3996 MHz, 912.21 W, 58
2026/10/08 04:38:24.730, 5, 2032 MHz, 3996 MHz, 806.46 W, 56
2026/10/08 04:38:24.730, 6, 2032 MHz, 3996 MHz, 269.88 W, 43
2026/10/08 04:38:24.730, 7, 2032 MHz, 3996 MHz, 246.45 W, 41
2026/10/08 04:38:25.730, 0, 2010 MHz, 3996 MHz, 1092.97 W, 62
2026/10/08 04:38:25.730, 1, 2002 MHz, 3996 MHz, 1089.13 W, 64
2026/10/08 04:38:25.730, 2, 120 MHz, 3996 MHz, 186.05 W, 33
2026/10/08 04:38:25.730, 3, 120 MHz, 3996 MHz, 184.20 W, 33
2026/10/08 04:38:25.730, 4, 2032 MHz, 3996 MHz, 823.07 W, 58
2026/10/08 04:38:25.730, 5, 2032 MHz, 3996 MHz, 810.28 W, 56
2026/10/08 04:38:25.730, 6, 2032 MHz, 3996 MHz, 256.33 W, 42
2026/10/08 04:38:25.730, 7, 600 MHz, 3996 MHz, 242.16 W, 40
2026/10/08 04:38:26.730, 0, 2010 MHz, 3996 MHz, 1092.88 W, 62
2026/10/08 04:38:26.730, 1, 1335 MHz, 3996 MHz, 1094.69 W, 68
2026/10/08 04:38:26.730, 2, 120 MHz, 3996 MHz, 186.05 W, 33
2026/10/08 04:38:26.730, 3, 120 MHz, 3996 MHz, 184.16 W, 33
2026/10/08 04:38:26.730, 4, 2032 MHz, 3996 MHz, 824.77 W, 58
2026/10/08 04:38:26.730, 5, 1357 MHz, 3996 MHz, 915.05 W, 66
2026/10/08 04:38:26.730, 6, 2032 MHz, 3996 MHz, 255.94 W, 42
2026/10/08 04:38:26.730, 7, 382 MHz, 3996 MHz, 194.82 W, 39
2026/10/08 04:38:27.730, 0, 1365 MHz, 3996 MHz, 1103.28 W, 67
2026/10/08 04:38:27.730, 1, 1320 MHz, 3996 MHz, 1089.18 W, 68
2026/10/08 04:38:27.730, 2, 120 MHz, 3996 MHz, 186.05 W, 33
2026/10/08 04:38:27.730, 3, 120 MHz, 3996 MHz, 184.29 W, 33
2026/10/08 04:38:27.730, 4, 2032 MHz, 3996 MHz, 828.34 W, 58
2026/10/08 04:38:27.730, 5, 2032 MHz, 3996 MHz, 822.30 W, 57
2026/10/08 04:38:27.731, 6, 2032 MHz, 3996 MHz, 254.93 W, 41
2026/10/08 04:38:27.731, 7, 240 MHz, 3996 MHz, 192.62 W, 39
2026/10/08 04:38:28.731, 0, 1327 MHz, 3996 MHz, 1085.58 W, 67
2026/10/08 04:38:28.731, 1, 1320 MHz, 3996 MHz, 1090.98 W, 68
2026/10/08 04:38:28.731, 2, 120 MHz, 3996 MHz, 186.05 W, 33
2026/10/08 04:38:28.731, 3, 120 MHz, 3996 MHz, 184.19 W, 33
2026/10/08 04:38:28.731, 4, 2032 MHz, 3996 MHz, 956.31 W, 59
2026/10/08 04:38:28.731, 5, 2032 MHz, 3996 MHz, 806.18 W, 57
2026/10/08 04:38:28.731, 6, 2032 MHz, 3996 MHz, 254.60 W, 41
2026/10/08 04:38:28.731, 7, 157 MHz, 3996 MHz, 191.88 W, 38
2026/10/08 04:38:29.731, 0, 1350 MHz, 3996 MHz, 1085.96 W, 67
2026/10/08 04:38:29.731, 1, 1312 MHz, 3996 MHz, 1091.27 W, 68
2026/10/08 04:38:29.731, 2, 120 MHz, 3996 MHz, 186.05 W, 33
2026/10/08 04:38:29.731, 3, 120 MHz, 3996 MHz, 184.13 W, 33
2026/10/08 04:38:29.731, 4, 2032 MHz, 3996 MHz, 821.52 W, 58
2026/10/08 04:38:29.739, 5, 2032 MHz, 3996 MHz, 809.14 W, 57
2026/10/08 04:38:29.739, 6, 2032 MHz, 3996 MHz, 255.12 W, 41
2026/10/08 04:38:29.739, 7, 120 MHz, 3996 MHz, 190.68 W, 38
2026/10/08 04:38:30.739, 0, 1327 MHz, 3996 MHz, 1084.82 W, 67
2026/10/08 04:38:30.740, 1, 1312 MHz, 3996 MHz, 1090.32 W, 68
2026/10/08 04:38:30.740, 2, 120 MHz, 3996 MHz, 186.05 W, 33
2026/10/08 04:38:30.740, 3, 120 MHz, 3996 MHz, 184.13 W, 33
2026/10/08 04:38:30.740, 4, 2032 MHz, 3996 MHz, 822.77 W, 59
2026/10/08 04:38:30.740, 5, 2032 MHz, 3996 MHz, 783.16 W, 55
2026/10/08 04:38:30.740, 6, 2032 MHz, 3996 MHz, 254.95 W, 40
2026/10/08 04:38:30.740, 7, 120 MHz, 3996 MHz, 190.29 W, 38
2026/10/08 04:38:31.740, 0, 1327 MHz, 3996 MHz, 1086.82 W, 66
2026/10/08 04:38:31.740, 1, 1297 MHz, 3996 MHz, 1090.34 W, 68
2026/10/08 04:38:31.740, 2, 120 MHz, 3996 MHz, 186.05 W, 33
2026/10/08 04:38:31.740, 3, 120 MHz, 3996 MHz, 184.21 W, 33
2026/10/08 04:38:31.740, 4, 2032 MHz, 3996 MHz, 826.71 W, 59
2026/10/08 04:38:31.740, 5, 2032 MHz, 3996 MHz, 946.01 W, 58
2026/10/08 04:38:31.740, 6, 2032 MHz, 3996 MHz, 254.58 W, 40
2026/10/08 04:38:31.740, 7, 120 MHz, 3996 MHz, 190.29 W, 38
2026/10/08 04:38:32.740, 0, 1342 MHz, 3996 MHz, 1087.04 W, 67
2026/10/08 04:38:32.740, 1, 1312 MHz, 3996 MHz, 1090.01 W, 68
2026/10/08 04:38:32.740, 2, 120 MHz, 3996 MHz, 186.05 W, 33
2026/10/08 04:38:32.740, 3, 120 MHz, 3996 MHz, 184.33 W, 33
2026/10/08 04:38:32.740, 4, 1267 MHz, 3996 MHz, 956.04 W, 68
2026/10/08 04:38:32.740, 5, 2032 MHz, 3996 MHz, 807.42 W, 58
2026/10/08 04:38:32.740, 6, 315 MHz, 3996 MHz, 205.01 W, 39
2026/10/08 04:38:32.740, 7, 120 MHz, 3996 MHz, 190.40 W, 37
2026/10/08 04:38:33.741, 0, 1327 MHz, 3996 MHz, 1087.02 W, 67
2026/10/08 04:38:33.741, 1, 1312 MHz, 3996 MHz, 1090.84 W, 68
2026/10/08 04:38:33.741, 2, 120 MHz, 3996 MHz, 186.05 W, 33
2026/10/08 04:38:33.741, 3, 120 MHz, 3996 MHz, 184.17 W, 33
2026/10/08 04:38:33.741, 4, 2032 MHz, 3996 MHz, 833.43 W, 59
2026/10/08 04:38:33.741, 5, 2032 MHz, 3996 MHz, 810.52 W, 58
2026/10/08 04:38:33.741, 6, 195 MHz, 3996 MHz, 191.43 W, 38
2026/10/08 04:38:33.741, 7, 120 MHz, 3996 MHz, 188.86 W, 37
2026/10/08 04:38:34.741, 0, 1327 MHz, 3996 MHz, 1087.19 W, 67
2026/10/08 04:38:34.741, 1, 1297 MHz, 3996 MHz, 1091.59 W, 68
2026/10/08 04:38:34.741, 2, 120 MHz, 3996 MHz, 186.05 W, 33
2026/10/08 04:38:34.741, 3, 120 MHz, 3996 MHz, 184.09 W, 33
2026/10/08 04:38:34.741, 4, 2032 MHz, 3996 MHz, 823.88 W, 59
2026/10/08 04:38:34.741, 5, 2032 MHz, 3996 MHz, 814.42 W, 58
2026/10/08 04:38:34.741, 6, 127 MHz, 3996 MHz, 190.67 W, 38
2026/10/08 04:38:34.741, 7, 120 MHz, 3996 MHz, 188.48 W, 37
2026/10/08 04:38:35.741, 0, 1350 MHz, 3996 MHz, 1087.74 W, 67
2026/10/08 04:38:35.741, 1, 1312 MHz, 3996 MHz, 1089.36 W, 68
2026/10/08 04:38:35.742, 2, 120 MHz, 3996 MHz, 186.05 W, 33
2026/10/08 04:38:35.742, 3, 120 MHz, 3996 MHz, 184.09 W, 33
2026/10/08 04:38:35.742, 4, 2032 MHz, 3996 MHz, 827.68 W, 59
2026/10/08 04:38:35.742, 5, 2032 MHz, 3996 MHz, 944.73 W, 59
2026/10/08 04:38:35.742, 6, 120 MHz, 3996 MHz, 190.48 W, 38
2026/10/08 04:38:35.742, 7, 120 MHz, 3996 MHz, 188.48 W, 37
2026/10/08 04:38:36.742, 0, 1327 MHz, 3996 MHz, 1086.81 W, 67
2026/10/08 04:38:36.742, 1, 1987 MHz, 3996 MHz, 1075.10 W, 64
2026/10/08 04:38:36.742, 2, 120 MHz, 3996 MHz, 186.05 W, 33
2026/10/08 04:38:36.742, 3, 120 MHz, 3996 MHz, 184.10 W, 33
2026/10/08 04:38:36.742, 4, 1357 MHz, 3996 MHz, 885.06 W, 67
2026/10/08 04:38:36.742, 5, 2032 MHz, 3996 MHz, 813.66 W, 58
2026/10/08 04:38:36.742, 6, 120 MHz, 3996 MHz, 190.20 W, 38
2026/10/08 04:38:36.742, 7, 120 MHz, 3996 MHz, 188.48 W, 36
2026/10/08 04:38:37.742, 0, 2032 MHz, 3996 MHz, 1065.67 W, 62
2026/10/08 04:38:37.742, 1, 1995 MHz, 3996 MHz, 1088.93 W, 64
2026/10/08 04:38:37.742, 2, 120 MHz, 3996 MHz, 186.05 W, 33
2026/10/08 04:38:37.742, 3, 120 MHz, 3996 MHz, 184.10 W, 33
2026/10/08 04:38:37.742, 4, 2032 MHz, 3996 MHz, 906.78 W, 60
2026/10/08 04:38:37.742, 5, 2032 MHz, 3996 MHz, 814.03 W, 58
2026/10/08 04:38:37.742, 6, 120 MHz, 3996 MHz, 189.37 W, 37
2026/10/08 04:38:37.742, 7, 120 MHz, 3996 MHz, 188.47 W, 36
2026/10/08 04:38:38.744, 0, 2017 MHz, 3996 MHz, 1094.01 W, 62
2026/10/08 04:38:38.744, 1, 2002 MHz, 3996 MHz, 1089.86 W, 64
2026/10/08 04:38:38.744, 2, 120 MHz, 3996 MHz, 186.05 W, 33
2026/10/08 04:38:38.744, 3, 120 MHz, 3996 MHz, 184.13 W, 33
2026/10/08 04:38:38.744, 4, 2032 MHz, 3996 MHz, 823.67 W, 60
2026/10/08 04:38:38.744, 5, 2032 MHz, 3996 MHz, 815.13 W, 58
2026/10/08 04:38:38.745, 6, 120 MHz, 3996 MHz, 188.76 W, 37
2026/10/08 04:38:38.745, 7, 120 MHz, 3996 MHz, 188.47 W, 36
2026/10/08 04:38:39.745, 0, 2032 MHz, 3996 MHz, 1094.98 W, 62
2026/10/08 04:38:39.745, 1, 2002 MHz, 3996 MHz, 1089.46 W, 64
2026/10/08 04:38:39.745, 2, 120 MHz, 3996 MHz, 186.05 W, 33
2026/10/08 04:38:39.745, 3, 120 MHz, 3996 MHz, 184.10 W, 33
2026/10/08 04:38:39.745, 4, 2032 MHz, 3996 MHz, 829.16 W, 60
2026/10/08 04:38:39.745, 5, 2032 MHz, 3996 MHz, 564.88 W, 52
2026/10/08 04:38:39.745, 6, 120 MHz, 3996 MHz, 189.33 W, 37
2026/10/08 04:38:39.745, 7, 120 MHz, 3996 MHz, 188.48 W, 36
2026/10/08 04:38:40.745, 0, 2017 MHz, 3996 MHz, 1094.17 W, 62
2026/10/08 04:38:40.745, 1, 1995 MHz, 3996 MHz, 1089.99 W, 64
2026/10/08 04:38:40.745, 2, 2032 MHz, 3996 MHz, 207.71 W, 33
2026/10/08 04:38:40.745, 3, 120 MHz, 3996 MHz, 184.05 W, 33
2026/10/08 04:38:40.745, 4, 2032 MHz, 3996 MHz, 828.85 W, 60
2026/10/08 04:38:40.745, 5, 2032 MHz, 3996 MHz, 252.85 W, 50
2026/10/08 04:38:40.745, 6, 120 MHz, 3996 MHz, 189.54 W, 37
2026/10/08 04:38:40.745, 7, 120 MHz, 3996 MHz, 188.51 W, 35
2026/10/08 04:38:41.745, 0, 2017 MHz, 3996 MHz, 1094.64 W, 63
2026/10/08 04:38:41.745, 1, 2002 MHz, 3996 MHz, 1090.74 W, 64
2026/10/08 04:38:41.745, 2, 2032 MHz, 3996 MHz, 237.16 W, 34
2026/10/08 04:38:41.746, 3, 120 MHz, 3996 MHz, 184.01 W, 33
2026/10/08 04:38:41.746, 4, 2032 MHz, 3996 MHz, 334.04 W, 52
2026/10/08 04:38:41.746, 5, 2032 MHz, 3996 MHz, 258.05 W, 49
2026/10/08 04:38:41.746, 6, 120 MHz, 3996 MHz, 189.83 W, 36
2026/10/08 04:38:41.746, 7, 120 MHz, 3996 MHz, 188.48 W, 35
2026/10/08 04:38:42.746, 0, 2025 MHz, 3996 MHz, 1094.48 W, 62
2026/10/08 04:38:42.746, 1, 2002 MHz, 3996 MHz, 1089.02 W, 64
2026/10/08 04:38:42.746, 2, 2032 MHz, 3996 MHz, 236.81 W, 34
2026/10/08 04:38:42.746, 3, 120 MHz, 3996 MHz, 183.97 W, 33
2026/10/08 04:38:42.746, 4, 2032 MHz, 3996 MHz, 268.76 W, 51
2026/10/08 04:38:42.746, 5, 2032 MHz, 3996 MHz, 248.19 W, 49
2026/10/08 04:38:42.746, 6, 120 MHz, 3996 MHz, 190.04 W, 36
2026/10/08 04:38:42.746, 7, 120 MHz, 3996 MHz, 188.48 W, 35
2026/10/08 04:38:43.746, 0, 2025 MHz, 3996 MHz, 1094.06 W, 63
2026/10/08 04:38:43.746, 1, 2010 MHz, 3996 MHz, 1089.54 W, 64
2026/10/08 04:38:43.746, 2, 2032 MHz, 3996 MHz, 237.20 W, 34
2026/10/08 04:38:43.746, 3, 2032 MHz, 3996 MHz, 195.44 W, 33
2026/10/08 04:38:43.746, 4, 2032 MHz, 3996 MHz, 255.97 W, 50
2026/10/08 04:38:43.746, 5, 2032 MHz, 3996 MHz, 247.95 W, 48
2026/10/08 04:38:43.746, 6, 120 MHz, 3996 MHz, 189.38 W, 36
2026/10/08 04:38:43.746, 7, 120 MHz, 3996 MHz, 188.48 W, 35
2026/10/08 04:38:44.746, 0, 2025 MHz, 3996 MHz, 1094.43 W, 62
2026/10/08 04:38:44.746, 1, 2002 MHz, 3996 MHz, 1090.51 W, 64
2026/10/08 04:38:44.746, 2, 2032 MHz, 3996 MHz, 238.61 W, 34
2026/10/08 04:38:44.746, 3, 2032 MHz, 3996 MHz, 237.09 W, 34
2026/10/08 04:38:44.746, 4, 2032 MHz, 3996 MHz, 255.74 W, 50
2026/10/08 04:38:44.746, 5, 2032 MHz, 3996 MHz, 247.84 W, 48
2026/10/08 04:38:44.746, 6, 120 MHz, 3996 MHz, 189.25 W, 36
2026/10/08 04:38:44.746, 7, 120 MHz, 3996 MHz, 188.48 W, 35
2026/10/08 04:38:45.747, 0, 2010 MHz, 3996 MHz, 1094.74 W, 62
2026/10/08 04:38:45.747, 1, 1995 MHz, 3996 MHz, 1089.40 W, 64
2026/10/08 04:38:45.747, 2, 2032 MHz, 3996 MHz, 238.46 W, 34
2026/10/08 04:38:45.747, 3, 2032 MHz, 3996 MHz, 236.70 W, 34
2026/10/08 04:38:45.747, 4, 2032 MHz, 3996 MHz, 254.69 W, 49
2026/10/08 04:38:45.747, 5, 2032 MHz, 3996 MHz, 246.99 W, 47
2026/10/08 04:38:45.747, 6, 120 MHz, 3996 MHz, 188.84 W, 36
2026/10/08 04:38:45.747, 7, 120 MHz, 3996 MHz, 188.47 W, 34
2026/10/08 04:38:46.747, 0, 2017 MHz, 3996 MHz, 1093.89 W, 62
2026/10/08 04:38:46.747, 1, 2002 MHz, 3996 MHz, 1090.36 W, 64
2026/10/08 04:38:46.747, 2, 2032 MHz, 3996 MHz, 255.36 W, 35
2026/10/08 04:38:46.747, 3, 2032 MHz, 3996 MHz, 238.01 W, 33
2026/10/08 04:38:46.747, 4, 2032 MHz, 3996 MHz, 255.10 W, 49
2026/10/08 04:38:46.747, 5, 2032 MHz, 3996 MHz, 247.07 W, 47
2026/10/08 04:38:46.747, 6, 120 MHz, 3996 MHz, 188.75 W, 35
2026/10/08 04:38:46.747, 7, 120 MHz, 3996 MHz, 188.47 W, 34
2026/10/08 04:38:47.747, 0, 2010 MHz, 3996 MHz, 1093.61 W, 62
2026/10/08 04:38:47.747, 1, 2002 MHz, 3996 MHz, 1091.64 W, 64
2026/10/08 04:38:47.747, 2, 2032 MHz, 3996 MHz, 237.68 W, 33
2026/10/08 04:38:47.747, 3, 2032 MHz, 3996 MHz, 238.46 W, 33
2026/10/08 04:38:47.747, 4, 2032 MHz, 3996 MHz, 254.31 W, 49
2026/10/08 04:38:47.747, 5, 2032 MHz, 3996 MHz, 246.29 W, 47
2026/10/08 04:38:47.747, 6, 120 MHz, 3996 MHz, 188.72 W, 35
2026/10/08 04:38:47.747, 7, 120 MHz, 3996 MHz, 188.48 W, 34
2026/10/08 04:38:48.747, 0, 2025 MHz, 3996 MHz, 1094.67 W, 62
2026/10/08 04:38:48.748, 1, 2002 MHz, 3996 MHz, 1090.22 W, 64
2026/10/08 04:38:48.748, 2, 2032 MHz, 3996 MHz, 274.82 W, 34
2026/10/08 04:38:48.748, 3, 2032 MHz, 3996 MHz, 238.43 W, 33
2026/10/08 04:38:48.748, 4, 2032 MHz, 3996 MHz, 254.35 W, 48
2026/10/08 04:38:48.748, 5, 322 MHz, 3996 MHz, 203.23 W, 46
2026/10/08 04:38:48.748, 6, 120 MHz, 3996 MHz, 188.72 W, 35
2026/10/08 04:38:48.748, 7, 120 MHz, 3996 MHz, 188.48 W, 34
2026/10/08 04:38:49.748, 0, 2017 MHz, 3996 MHz, 1093.92 W, 62
2026/10/08 04:38:49.748, 1, 2002 MHz, 3996 MHz, 1090.17 W, 64
2026/10/08 04:38:49.748, 2, 2032 MHz, 3996 MHz, 255.52 W, 35
2026/10/08 04:38:49.748, 3, 2032 MHz, 3996 MHz, 255.26 W, 34
2026/10/08 04:38:49.748, 4, 367 MHz, 3996 MHz, 233.67 W, 47
2026/10/08 04:38:49.748, 5, 202 MHz, 3996 MHz, 189.82 W, 45
2026/10/08 04:38:49.748, 6, 120 MHz, 3996 MHz, 188.72 W, 35
2026/10/08 04:38:49.748, 7, 120 MHz, 3996 MHz, 188.48 W, 34
2026/10/08 04:38:50.748, 0, 2010 MHz, 3996 MHz, 1093.83 W, 62
2026/10/08 04:38:50.748, 1, 2002 MHz, 3996 MHz, 1090.21 W, 64
2026/10/08 04:38:50.748, 2, 2032 MHz, 3996 MHz, 241.37 W, 34
2026/10/08 04:38:50.748, 3, 2032 MHz, 3996 MHz, 275.97 W, 34
2026/10/08 04:38:50.748, 4, 232 MHz, 3996 MHz, 191.59 W, 47
2026/10/08 04:38:50.748, 5, 135 MHz, 3996 MHz, 188.66 W, 45
2026/10/08 04:38:50.748, 6, 120 MHz, 3996 MHz, 188.72 W, 35
2026/10/08 04:38:50.748, 7, 120 MHz, 3996 MHz, 188.48 W, 33
2026/10/08 04:38:51.748, 0, 2017 MHz, 3996 MHz, 1091.40 W, 62
2026/10/08 04:38:51.748, 1, 2002 MHz, 3996 MHz, 1090.61 W, 64
2026/10/08 04:38:51.748, 2, 2032 MHz, 3996 MHz, 257.88 W, 33
2026/10/08 04:38:51.748, 3, 2032 MHz, 3996 MHz, 238.36 W, 33
2026/10/08 04:38:51.748, 4, 150 MHz, 3996 MHz, 190.33 W, 46
2026/10/08 04:38:51.748, 5, 120 MHz, 3996 MHz, 188.52 W, 44
2026/10/08 04:38:51.748, 6, 120 MHz, 3996 MHz, 188.72 W, 34
2026/10/08 04:38:51.748, 7, 120 MHz, 3996 MHz, 188.48 W, 33
2026/10/08 04:38:52.749, 0, 2010 MHz, 3996 MHz, 1093.52 W, 62
2026/10/08 04:38:52.749, 1, 2002 MHz, 3996 MHz, 1092.39 W, 64
2026/10/08 04:38:52.749, 2, 2032 MHz, 3996 MHz, 252.10 W, 33
2026/10/08 04:38:52.749, 3, 2032 MHz, 3996 MHz, 254.14 W, 33
2026/10/08 04:38:52.749, 4, 120 MHz, 3996 MHz, 189.45 W, 46
2026/10/08 04:38:52.749, 5, 120 MHz, 3996 MHz, 188.49 W, 44
2026/10/08 04:38:52.749, 6, 120 MHz, 3996 MHz, 188.72 W, 34
2026/10/08 04:38:52.749, 7, 120 MHz, 3996 MHz, 188.47 W, 33
2026/10/08 04:38:53.749, 0, 2017 MHz, 3996 MHz, 1093.95 W, 62
2026/10/08 04:38:53.749, 1, 2002 MHz, 3996 MHz, 1090.52 W, 64
2026/10/08 04:38:53.749, 2, 2032 MHz, 3996 MHz, 241.05 W, 33
2026/10/08 04:38:53.749, 3, 2032 MHz, 3996 MHz, 249.67 W, 33
2026/10/08 04:38:53.749, 4, 120 MHz, 3996 MHz, 188.48 W, 45
2026/10/08 04:38:53.749, 5, 120 MHz, 3996 MHz, 188.46 W, 44
2026/10/08 04:38:53.749, 6, 120 MHz, 3996 MHz, 188.72 W, 34
2026/10/08 04:38:53.749, 7, 120 MHz, 3996 MHz, 188.48 W, 33
2026/10/08 04:38:54.749, 0, 2017 MHz, 3996 MHz, 1093.74 W, 62
2026/10/08 04:38:54.749, 1, 2002 MHz, 3996 MHz, 1092.14 W, 64
2026/10/08 04:38:54.749, 2, 2032 MHz, 3996 MHz, 242.38 W, 33
2026/10/08 04:38:54.749, 3, 2032 MHz, 3996 MHz, 253.70 W, 33
2026/10/08 04:38:54.749, 4, 120 MHz, 3996 MHz, 189.86 W, 45
2026/10/08 04:38:54.749, 5, 120 MHz, 3996 MHz, 188.18 W, 44
2026/10/08 04:38:54.749, 6, 120 MHz, 3996 MHz, 188.72 W, 34
2026/10/08 04:38:54.749, 7, 120 MHz, 3996 MHz, 188.48 W, 33
2026/10/08 04:38:55.750, 0, 2010 MHz, 3996 MHz, 1094.13 W, 62
2026/10/08 04:38:55.750, 1, 2010 MHz, 3996 MHz, 1090.81 W, 64
2026/10/08 04:38:55.750, 2, 2032 MHz, 3996 MHz, 238.58 W, 33
2026/10/08 04:38:55.750, 3, 2032 MHz, 3996 MHz, 246.51 W, 33
2026/10/08 04:38:55.750, 4, 120 MHz, 3996 MHz, 190.30 W, 45
2026/10/08 04:38:55.750, 5, 120 MHz, 3996 MHz, 188.10 W, 43
2026/10/08 04:38:55.750, 6, 120 MHz, 3996 MHz, 188.72 W, 34
2026/10/08 04:38:55.750, 7, 120 MHz, 3996 MHz, 188.47 W, 33
2026/10/08 04:38:56.750, 0, 2010 MHz, 3996 MHz, 1094.57 W, 62
2026/10/08 04:38:56.750, 1, 2002 MHz, 3996 MHz, 1090.81 W, 64
2026/10/08 04:38:56.750, 2, 2032 MHz, 3996 MHz, 236.71 W, 33
2026/10/08 04:38:56.750, 3, 2032 MHz, 3996 MHz, 241.41 W, 33
2026/10/08 04:38:56.750, 4, 120 MHz, 3996 MHz, 189.93 W, 45
2026/10/08 04:38:56.750, 5, 120 MHz, 3996 MHz, 187.64 W, 43
2026/10/08 04:38:56.750, 6, 120 MHz, 3996 MHz, 188.72 W, 34
2026/10/08 04:38:56.750, 7, 120 MHz, 3996 MHz, 188.40 W, 32
2026/10/08 04:38:57.750, 0, 2017 MHz, 3996 MHz, 1093.15 W, 62
2026/10/08 04:38:57.750, 1, 2002 MHz, 3996 MHz, 1091.25 W, 64
2026/10/08 04:38:57.750, 2, 2032 MHz, 3996 MHz, 236.93 W, 33
2026/10/08 04:38:57.750, 3, 2032 MHz, 3996 MHz, 243.87 W, 33
2026/10/08 04:38:57.750, 4, 120 MHz, 3996 MHz, 189.13 W, 44
2026/10/08 04:38:57.750, 5, 120 MHz, 3996 MHz, 187.60 W, 43
2026/10/08 04:38:57.750, 6, 120 MHz, 3996 MHz, 188.72 W, 33
2026/10/08 04:38:57.750, 7, 120 MHz, 3996 MHz, 188.20 W, 32
2026/10/08 04:38:58.751, 0, 2010 MHz, 3996 MHz, 1093.95 W, 62
2026/10/08 04:38:58.751, 1, 2002 MHz, 3996 MHz, 1091.27 W, 64
2026/10/08 04:38:58.751, 2, 2032 MHz, 3996 MHz, 237.12 W, 33
2026/10/08 04:38:58.751, 3, 2032 MHz, 3996 MHz, 237.24 W, 33
2026/10/08 04:38:58.751, 4, 120 MHz, 3996 MHz, 188.71 W, 44
2026/10/08 04:38:58.751, 5, 120 MHz, 3996 MHz, 187.80 W, 43
2026/10/08 04:38:58.751, 6, 120 MHz, 3996 MHz, 188.72 W, 33
2026/10/08 04:38:58.751, 7, 120 MHz, 3996 MHz, 187.79 W, 32
2026/10/08 04:38:59.751, 0, 2010 MHz, 3996 MHz, 1092.82 W, 62
2026/10/08 04:38:59.751, 1, 2002 MHz, 3996 MHz, 1090.21 W, 63
2026/10/08 04:38:59.751, 2, 2032 MHz, 3996 MHz, 245.13 W, 33
2026/10/08 04:38:59.751, 3, 2032 MHz, 3996 MHz, 237.46 W, 33
2026/10/08 04:38:59.751, 4, 120 MHz, 3996 MHz, 188.40 W, 44
2026/10/08 04:38:59.751, 5, 120 MHz, 3996 MHz, 187.34 W, 42
2026/10/08 04:38:59.751, 6, 120 MHz, 3996 MHz, 188.68 W, 33
2026/10/08 04:38:59.751, 7, 120 MHz, 3996 MHz, 187.18 W, 32
2026/10/08 04:39:00.751, 0, 2017 MHz, 3996 MHz, 1094.01 W, 62
2026/10/08 04:39:00.751, 1, 2010 MHz, 3996 MHz, 1091.83 W, 63
2026/10/08 04:39:00.751, 2, 2032 MHz, 3996 MHz, 236.70 W, 33
2026/10/08 04:39:00.751, 3, 2032 MHz, 3996 MHz, 237.00 W, 33
2026/10/08 04:39:00.751, 4, 120 MHz, 3996 MHz, 188.52 W, 44
2026/10/08 04:39:00.751, 5, 120 MHz, 3996 MHz, 187.69 W, 42
2026/10/08 04:39:00.751, 6, 120 MHz, 3996 MHz, 188.07 W, 33
2026/10/08 04:39:00.751, 7, 120 MHz, 3996 MHz, 187.12 W, 32
2026/10/08 04:39:01.752, 0, 2025 MHz, 3996 MHz, 1093.44 W, 62
2026/10/08 04:39:01.752, 1, 2032 MHz, 3996 MHz, 1025.80 W, 62
2026/10/08 04:39:01.752, 2, 2032 MHz, 3996 MHz, 242.34 W, 32
2026/10/08 04:39:01.752, 3, 2032 MHz, 3996 MHz, 237.49 W, 33
2026/10/08 04:39:01.752, 4, 120 MHz, 3996 MHz, 188.39 W, 43
2026/10/08 04:39:01.752, 5, 120 MHz, 3996 MHz, 187.35 W, 42
2026/10/08 04:39:01.752, 6, 120 MHz, 3996 MHz, 187.17 W, 33
2026/10/08 04:39:01.752, 7, 120 MHz, 3996 MHz, 186.53 W, 32
2026/10/08 04:39:02.752, 0, 2032 MHz, 3996 MHz, 1086.90 W, 62
2026/10/08 04:39:02.752, 1, 2032 MHz, 3996 MHz, 266.18 W, 53
2026/10/08 04:39:02.752, 2, 2032 MHz, 3996 MHz, 236.61 W, 32
2026/10/08 04:39:02.752, 3, 2032 MHz, 3996 MHz, 251.88 W, 33
2026/10/08 04:39:02.752, 4, 120 MHz, 3996 MHz, 188.42 W, 43
2026/10/08 04:39:02.752, 5, 120 MHz, 3996 MHz, 187.27 W, 42
2026/10/08 04:39:02.752, 6, 120 MHz, 3996 MHz, 186.89 W, 33
2026/10/08 04:39:02.752, 7, 120 MHz, 3996 MHz, 186.57 W, 31
2026/10/08 04:39:03.752, 0, 2032 MHz, 3996 MHz, 439.37 W, 52
2026/10/08 04:39:03.752, 1, 2032 MHz, 3996 MHz, 263.42 W, 52
2026/10/08 04:39:03.752, 2, 2032 MHz, 3996 MHz, 236.66 W, 32
2026/10/08 04:39:03.752, 3, 2032 MHz, 3996 MHz, 236.89 W, 32
2026/10/08 04:39:03.752, 4, 120 MHz, 3996 MHz, 188.42 W, 43
2026/10/08 04:39:03.752, 5, 120 MHz, 3996 MHz, 186.72 W, 41
2026/10/08 04:39:03.752, 6, 120 MHz, 3996 MHz, 186.85 W, 33
2026/10/08 04:39:03.752, 7, 120 MHz, 3996 MHz, 186.53 W, 31
2026/10/08 04:39:04.753, 0, 2032 MHz, 3996 MHz, 258.09 W, 50
2026/10/08 04:39:04.753, 1, 2032 MHz, 3996 MHz, 262.67 W, 51
2026/10/08 04:39:04.753, 2, 2032 MHz, 3996 MHz, 236.66 W, 32
2026/10/08 04:39:04.753, 3, 2032 MHz, 3996 MHz, 236.66 W, 32
2026/10/08 04:39:04.753, 4, 120 MHz, 3996 MHz, 188.45 W, 43
2026/10/08 04:39:04.753, 5, 120 MHz, 3996 MHz, 186.60 W, 41
2026/10/08 04:39:04.753, 6, 120 MHz, 3996 MHz, 186.82 W, 32
2026/10/08 04:39:04.753, 7, 120 MHz, 3996 MHz, 186.53 W, 31
2026/10/08 04:39:05.753, 0, 2032 MHz, 3996 MHz, 257.02 W, 49
2026/10/08 04:39:05.753, 1, 2032 MHz, 3996 MHz, 273.38 W, 50
2026/10/08 04:39:05.753, 2, 2032 MHz, 3996 MHz, 236.66 W, 32
2026/10/08 04:39:05.753, 3, 2032 MHz, 3996 MHz, 236.66 W, 32
2026/10/08 04:39:05.753, 4, 120 MHz, 3996 MHz, 188.46 W, 42
2026/10/08 04:39:05.753, 5, 120 MHz, 3996 MHz, 186.73 W, 41
2026/10/08 04:39:05.753, 6, 120 MHz, 3996 MHz, 186.78 W, 32
2026/10/08 04:39:05.753, 7, 120 MHz, 3996 MHz, 186.53 W, 31
2026/10/08 04:39:06.753, 0, 2032 MHz, 3996 MHz, 266.93 W, 48
2026/10/08 04:39:06.753, 1, 2032 MHz, 3996 MHz, 259.84 W, 50
2026/10/08 04:39:06.753, 2, 2032 MHz, 3996 MHz, 236.66 W, 32
2026/10/08 04:39:06.753, 3, 2032 MHz, 3996 MHz, 236.70 W, 32
2026/10/08 04:39:06.753, 4, 120 MHz, 3996 MHz, 188.42 W, 42
2026/10/08 04:39:06.753, 5, 120 MHz, 3996 MHz, 186.62 W, 41
2026/10/08 04:39:06.753, 6, 120 MHz, 3996 MHz, 186.78 W, 32
2026/10/08 04:39:06.753, 7, 120 MHz, 3996 MHz, 186.53 W, 31
2026/10/08 04:39:07.754, 0, 2032 MHz, 3996 MHz, 254.65 W, 48
2026/10/08 04:39:07.754, 1, 2032 MHz, 3996 MHz, 259.51 W, 49
2026/10/08 04:39:07.754, 2, 2025 MHz, 3996 MHz, 519.93 W, 41
2026/10/08 04:39:07.754, 3, 1342 MHz, 3996 MHz, 416.05 W, 44
2026/10/08 04:39:07.754, 4, 120 MHz, 3996 MHz, 188.43 W, 42
2026/10/08 04:39:07.754, 5, 120 MHz, 3996 MHz, 186.65 W, 40
2026/10/08 04:39:07.754, 6, 120 MHz, 3996 MHz, 186.78 W, 32
2026/10/08 04:39:07.754, 7, 120 MHz, 3996 MHz, 186.57 W, 31
2026/10/08 04:39:08.754, 0, 2032 MHz, 3996 MHz, 253.85 W, 47
2026/10/08 04:39:08.754, 1, 2032 MHz, 3996 MHz, 259.28 W, 48
2026/10/08 04:39:08.754, 2, 2032 MHz, 3996 MHz, 312.75 W, 33
2026/10/08 04:39:08.754, 3, 2032 MHz, 3996 MHz, 417.88 W, 33
2026/10/08 04:39:08.754, 4, 120 MHz, 3996 MHz, 188.43 W, 42
2026/10/08 04:39:08.754, 5, 120 MHz, 3996 MHz, 186.57 W, 40
2026/10/08 04:39:08.754, 6, 120 MHz, 3996 MHz, 186.78 W, 32
2026/10/08 04:39:08.754, 7, 120 MHz, 3996 MHz, 186.53 W, 31
2026/10/08 04:39:09.754, 0, 2032 MHz, 3996 MHz, 253.64 W, 47
2026/10/08 04:39:09.754, 1, 2032 MHz, 3996 MHz, 258.00 W, 48
2026/10/08 04:39:09.754, 2, 1320 MHz, 3996 MHz, 912.50 W, 50
2026/10/08 04:39:09.754, 3, 1327 MHz, 3996 MHz, 767.77 W, 48
2026/10/08 04:39:09.754, 4, 120 MHz, 3996 MHz, 188.43 W, 42
2026/10/08 04:39:09.754, 5, 120 MHz, 3996 MHz, 186.56 W, 40
2026/10/08 04:39:09.754, 6, 120 MHz, 3996 MHz, 186.78 W, 32
2026/10/08 04:39:09.754, 7, 120 MHz, 3996 MHz, 186.53 W, 31
2026/10/08 04:39:10.755, 0, 2032 MHz, 3996 MHz, 252.04 W, 46
2026/10/08 04:39:10.755, 1, 2032 MHz, 3996 MHz, 257.72 W, 47
2026/10/08 04:39:10.755, 2, 1312 MHz, 3996 MHz, 1087.86 W, 51
2026/10/08 04:39:10.755, 3, 1350 MHz, 3996 MHz, 1085.17 W, 51
2026/10/08 04:39:10.755, 4, 120 MHz, 3996 MHz, 188.33 W, 41
2026/10/08 04:39:10.755, 5, 120 MHz, 3996 MHz, 186.57 W, 40
2026/10/08 04:39:10.755, 6, 120 MHz, 3996 MHz, 186.78 W, 32
2026/10/08 04:39:10.755, 7, 120 MHz, 3996 MHz, 186.53 W, 30
2026/10/08 04:39:11.755, 0, 2032 MHz, 3996 MHz, 252.27 W, 46
2026/10/08 04:39:11.755, 1, 2032 MHz, 3996 MHz, 258.07 W, 47
2026/10/08 04:39:11.755, 2, 1312 MHz, 3996 MHz, 1086.39 W, 52
2026/10/08 04:39:11.755, 3, 1335 MHz, 3996 MHz, 1084.43 W, 52
2026/10/08 04:39:11.755, 4, 120 MHz, 3996 MHz, 188.27 W, 41
2026/10/08 04:39:11.755, 5, 120 MHz, 3996 MHz, 186.56 W, 40
2026/10/08 04:39:11.755, 6, 120 MHz, 3996 MHz, 186.78 W, 32
2026/10/08 04:39:11.755, 7, 120 MHz, 3996 MHz, 186.53 W, 30
2026/10/08 04:39:12.755, 0, 2032 MHz, 3996 MHz, 252.35 W, 45
2026/10/08 04:39:12.755, 1, 2025 MHz, 3996 MHz, 257.19 W, 47
2026/10/08 04:39:12.755, 2, 1312 MHz, 3996 MHz, 1085.65 W, 52
2026/10/08 04:39:12.755, 3, 1342 MHz, 3996 MHz, 1084.60 W, 52
2026/10/08 04:39:12.755, 4, 120 MHz, 3996 MHz, 187.75 W, 41
2026/10/08 04:39:12.756, 5, 120 MHz, 3996 MHz, 186.56 W, 40
2026/10/08 04:39:12.756, 6, 120 MHz, 3996 MHz, 186.78 W, 32
2026/10/08 04:39:12.756, 7, 120 MHz, 3996 MHz, 186.53 W, 30
2026/10/08 04:39:13.756, 0, 2025 MHz, 3996 MHz, 250.53 W, 45
2026/10/08 04:39:13.756, 1, 292 MHz, 3996 MHz, 200.29 W, 45
2026/10/08 04:39:13.756, 2, 1312 MHz, 3996 MHz, 1082.94 W, 53
2026/10/08 04:39:13.756, 3, 1335 MHz, 3996 MHz, 1080.90 W, 52
2026/10/08 04:39:13.756, 4, 120 MHz, 3996 MHz, 187.41 W, 41
2026/10/08 04:39:13.756, 5, 120 MHz, 3996 MHz, 186.48 W, 39
2026/10/08 04:39:13.756, 6, 120 MHz, 3996 MHz, 186.78 W, 31
2026/10/08 04:39:13.756, 7, 120 MHz, 3996 MHz, 186.53 W, 30
2026/10/08 04:39:14.756, 0, 315 MHz, 3996 MHz, 213.93 W, 44
2026/10/08 04:39:14.756, 1, 195 MHz, 3996 MHz, 194.49 W, 45
2026/10/08 04:39:14.756, 2, 1327 MHz, 3996 MHz, 1084.25 W, 53
2026/10/08 04:39:14.756, 3, 1342 MHz, 3996 MHz, 1086.30 W, 47
2026/10/08 04:39:14.756, 4, 120 MHz, 3996 MHz, 186.69 W, 41
2026/10/08 04:39:14.756, 5, 120 MHz, 3996 MHz, 186.39 W, 39
2026/10/08 04:39:14.756, 6, 120 MHz, 3996 MHz, 186.78 W, 31
2026/10/08 04:39:14.756, 7, 120 MHz, 3996 MHz, 186.53 W, 30
2026/10/08 04:39:15.756, 0, 772 MHz, 3996 MHz, 195.21 W, 43
2026/10/08 04:39:15.756, 1, 120 MHz, 3996 MHz, 193.96 W, 44
2026/10/08 04:39:15.756, 2, 1320 MHz, 3996 MHz, 1084.32 W, 53
2026/10/08 04:39:15.756, 3, 1357 MHz, 3996 MHz, 1079.06 W, 53
2026/10/08 04:39:15.756, 4, 120 MHz, 3996 MHz, 186.51 W, 40
2026/10/08 04:39:15.756, 5, 120 MHz, 3996 MHz, 186.10 W, 39
2026/10/08 04:39:15.756, 6, 120 MHz, 3996 MHz, 186.78 W, 31
2026/10/08 04:39:15.756, 7, 120 MHz, 3996 MHz, 186.53 W, 30
2026/10/08 04:39:16.757, 0, 772 MHz, 3996 MHz, 197.94 W, 43
2026/10/08 04:39:16.757, 1, 120 MHz, 3996 MHz, 193.74 W, 44
2026/10/08 04:39:16.757, 2, 1335 MHz, 3996 MHz, 1086.55 W, 54
2026/10/08 04:39:16.757, 3, 1357 MHz, 3996 MHz, 1086.10 W, 53
2026/10/08 04:39:16.757, 4, 120 MHz, 3996 MHz, 186.51 W, 40
2026/10/08 04:39:16.757, 5, 120 MHz, 3996 MHz, 186.15 W, 39
2026/10/08 04:39:16.757, 6, 120 MHz, 3996 MHz, 186.78 W, 31
2026/10/08 04:39:16.757, 7, 120 MHz, 3996 MHz, 186.53 W, 30
2026/10/08 04:39:17.757, 0, 142 MHz, 3996 MHz, 193.35 W, 42
2026/10/08 04:39:17.757, 1, 120 MHz, 3996 MHz, 192.38 W, 44
2026/10/08 04:39:17.757, 2, 1342 MHz, 3996 MHz, 1087.91 W, 54
2026/10/08 04:39:17.757, 3, 1365 MHz, 3996 MHz, 1084.03 W, 54
2026/10/08 04:39:17.757, 4, 120 MHz, 3996 MHz, 186.51 W, 40
2026/10/08 04:39:17.757, 5, 120 MHz, 3996 MHz, 185.82 W, 39
2026/10/08 04:39:17.757, 6, 120 MHz, 3996 MHz, 186.78 W, 31
2026/10/08 04:39:17.757, 7, 120 MHz, 3996 MHz, 186.53 W, 30
2026/10/08 04:39:18.757, 0, 120 MHz, 3996 MHz, 190.51 W, 42
2026/10/08 04:39:18.757, 1, 120 MHz, 3996 MHz, 192.11 W, 43
2026/10/08 04:39:18.757, 2, 2032 MHz, 3996 MHz, 1053.19 W, 48
2026/10/08 04:39:18.757, 3, 2032 MHz, 3996 MHz, 1047.18 W, 49
2026/10/08 04:39:18.757, 4, 120 MHz, 3996 MHz, 186.52 W, 40
2026/10/08 04:39:18.757, 5, 120 MHz, 3996 MHz, 185.48 W, 39
2026/10/08 04:39:18.757, 6, 120 MHz, 3996 MHz, 186.78 W, 31
2026/10/08 04:39:18.757, 7, 120 MHz, 3996 MHz, 186.53 W, 30
2026/10/08 04:39:19.757, 0, 120 MHz, 3996 MHz, 190.28 W, 42
2026/10/08 04:39:19.758, 1, 120 MHz, 3996 MHz, 192.10 W, 43
2026/10/08 04:39:19.758, 2, 2032 MHz, 3996 MHz, 1070.06 W, 49
2026/10/08 04:39:19.758, 3, 2032 MHz, 3996 MHz, 1055.20 W, 49
2026/10/08 04:39:19.758, 4, 120 MHz, 3996 MHz, 186.52 W, 40
2026/10/08 04:39:19.758, 5, 120 MHz, 3996 MHz, 185.43 W, 38
2026/10/08 04:39:19.758, 6, 120 MHz, 3996 MHz, 186.78 W, 31
2026/10/08 04:39:19.758, 7, 120 MHz, 3996 MHz, 186.53 W, 29
2026/10/08 04:39:20.758, 0, 120 MHz, 3996 MHz, 190.28 W, 42
2026/10/08 04:39:20.758, 1, 120 MHz, 3996 MHz, 192.11 W, 43
2026/10/08 04:39:20.758, 2, 2032 MHz, 3996 MHz, 1070.52 W, 49
2026/10/08 04:39:20.758, 3, 2032 MHz, 3996 MHz, 1055.29 W, 49
2026/10/08 04:39:20.758, 4, 120 MHz, 3996 MHz, 186.52 W, 40
2026/10/08 04:39:20.758, 5, 120 MHz, 3996 MHz, 185.10 W, 38
2026/10/08 04:39:20.758, 6, 120 MHz, 3996 MHz, 186.78 W, 31
2026/10/08 04:39:20.758, 7, 120 MHz, 3996 MHz, 186.53 W, 29
2026/10/08 04:39:21.758, 0, 120 MHz, 3996 MHz, 190.29 W, 42
2026/10/08 04:39:21.758, 1, 120 MHz, 3996 MHz, 192.10 W, 43
2026/10/08 04:39:21.758, 2, 2032 MHz, 3996 MHz, 1069.64 W, 49
2026/10/08 04:39:21.758, 3, 2032 MHz, 3996 MHz, 1056.06 W, 49
2026/10/08 04:39:21.758, 4, 120 MHz, 3996 MHz, 186.51 W, 40
2026/10/08 04:39:21.758, 5, 120 MHz, 3996 MHz, 184.85 W, 38
2026/10/08 04:39:21.758, 6, 120 MHz, 3996 MHz, 186.78 W, 31
2026/10/08 04:39:21.758, 7, 120 MHz, 3996 MHz, 186.53 W, 29
2026/10/08 04:39:22.758, 0, 120 MHz, 3996 MHz, 190.28 W, 41
2026/10/08 04:39:22.758, 1, 120 MHz, 3996 MHz, 192.10 W, 43
2026/10/08 04:39:22.758, 2, 2032 MHz, 3996 MHz, 1068.66 W, 50
2026/10/08 04:39:22.758, 3, 2032 MHz, 3996 MHz, 1055.57 W, 50
2026/10/08 04:39:22.758, 4, 120 MHz, 3996 MHz, 186.49 W, 39
2026/10/08 04:39:22.758, 5, 120 MHz, 3996 MHz, 184.94 W, 38
2026/10/08 04:39:22.758, 6, 120 MHz, 3996 MHz, 186.78 W, 31
2026/10/08 04:39:22.758, 7, 120 MHz, 3996 MHz, 186.53 W, 29
2026/10/08 04:39:23.759, 0, 120 MHz, 3996 MHz, 190.28 W, 41
2026/10/08 04:39:23.759, 1, 120 MHz, 3996 MHz, 192.11 W, 43
2026/10/08 04:39:23.759, 2, 2032 MHz, 3996 MHz, 1069.49 W, 50
2026/10/08 04:39:23.759, 3, 2032 MHz, 3996 MHz, 1054.99 W, 50
2026/10/08 04:39:23.759, 4, 120 MHz, 3996 MHz, 186.51 W, 39
2026/10/08 04:39:23.759, 5, 120 MHz, 3996 MHz, 184.75 W, 38
2026/10/08 04:39:23.759, 6, 120 MHz, 3996 MHz, 186.78 W, 31
2026/10/08 04:39:23.759, 7, 120 MHz, 3996 MHz, 186.53 W, 29
2026/10/08 04:39:24.759, 0, 120 MHz, 3996 MHz, 190.29 W, 41
2026/10/08 04:39:24.759, 1, 120 MHz, 3996 MHz, 192.11 W, 42
2026/10/08 04:39:24.759, 2, 2032 MHz, 3996 MHz, 1072.02 W, 50
2026/10/08 04:39:24.759, 3, 2032 MHz, 3996 MHz, 1058.11 W, 50
2026/10/08 04:39:24.759, 4, 120 MHz, 3996 MHz, 186.51 W, 39
2026/10/08 04:39:24.759, 5, 120 MHz, 3996 MHz, 184.76 W, 38
2026/10/08 04:39:24.759, 6, 120 MHz, 3996 MHz, 186.78 W, 31
2026/10/08 04:39:24.759, 7, 120 MHz, 3996 MHz, 186.53 W, 29
2026/10/08 04:39:25.759, 0, 120 MHz, 3996 MHz, 190.28 W, 41
2026/10/08 04:39:25.759, 1, 120 MHz, 3996 MHz, 192.11 W, 42
2026/10/08 04:39:25.759, 2, 2032 MHz, 3996 MHz, 1073.07 W, 50
2026/10/08 04:39:25.759, 3, 2032 MHz, 3996 MHz, 1060.42 W, 50
2026/10/08 04:39:25.759, 4, 120 MHz, 3996 MHz, 186.51 W, 39
2026/10/08 04:39:25.759, 5, 120 MHz, 3996 MHz, 184.65 W, 38
2026/10/08 04:39:25.759, 6, 120 MHz, 3996 MHz, 186.78 W, 31
2026/10/08 04:39:25.759, 7, 120 MHz, 3996 MHz, 186.53 W, 29
2026/10/08 04:39:26.760, 0, 120 MHz, 3996 MHz, 190.28 W, 41
2026/10/08 04:39:26.760, 1, 120 MHz, 3996 MHz, 192.11 W, 42
2026/10/08 04:39:26.760, 2, 2032 MHz, 3996 MHz, 1072.94 W, 51
2026/10/08 04:39:26.760, 3, 2032 MHz, 3996 MHz, 1061.15 W, 51
2026/10/08 04:39:26.760, 4, 120 MHz, 3996 MHz, 186.52 W, 39
2026/10/08 04:39:26.760, 5, 120 MHz, 3996 MHz, 184.67 W, 38
2026/10/08 04:39:26.760, 6, 120 MHz, 3996 MHz, 186.78 W, 31
2026/10/08 04:39:26.760, 7, 120 MHz, 3996 MHz, 186.53 W, 29
2026/10/08 04:39:27.760, 0, 120 MHz, 3996 MHz, 190.27 W, 41
2026/10/08 04:39:27.760, 1, 120 MHz, 3996 MHz, 192.10 W, 42
2026/10/08 04:39:27.760, 2, 2032 MHz, 3996 MHz, 1072.92 W, 51
2026/10/08 04:39:27.760, 3, 2032 MHz, 3996 MHz, 1060.72 W, 51
2026/10/08 04:39:27.760, 4, 120 MHz, 3996 MHz, 186.52 W, 39
2026/10/08 04:39:27.760, 5, 120 MHz, 3996 MHz, 184.65 W, 38
2026/10/08 04:39:27.760, 6, 120 MHz, 3996 MHz, 186.78 W, 30
2026/10/08 04:39:27.760, 7, 120 MHz, 3996 MHz, 186.53 W, 29
2026/10/08 04:39:28.760, 0, 120 MHz, 3996 MHz, 190.26 W, 41
2026/10/08 04:39:28.760, 1, 120 MHz, 3996 MHz, 192.11 W, 42
2026/10/08 04:39:28.760, 2, 2032 MHz, 3996 MHz, 1072.99 W, 51
2026/10/08 04:39:28.760, 3, 2032 MHz, 3996 MHz, 1061.07 W, 51
2026/10/08 04:39:28.760, 4, 120 MHz, 3996 MHz, 185.27 W, 39
2026/10/08 04:39:28.760, 5, 120 MHz, 3996 MHz, 184.07 W, 37
2026/10/08 04:39:28.760, 6, 120 MHz, 3996 MHz, 185.67 W, 30
2026/10/08 04:39:28.760, 7, 120 MHz, 3996 MHz, 185.39 W, 29
2026/10/08 04:39:29.761, 0, 120 MHz, 3996 MHz, 190.27 W, 41
2026/10/08 04:39:29.761, 1, 120 MHz, 3996 MHz, 192.10 W, 42
2026/10/08 04:39:29.761, 2, 2032 MHz, 3996 MHz, 1073.23 W, 51
2026/10/08 04:39:29.761, 3, 2032 MHz, 3996 MHz, 1060.47 W, 51
2026/10/08 04:39:29.761, 4, 120 MHz, 3996 MHz, 184.59 W, 39
2026/10/08 04:39:29.761, 5, 120 MHz, 3996 MHz, 184.29 W, 37
2026/10/08 04:39:29.761, 6, 120 MHz, 3996 MHz, 185.84 W, 30
2026/10/08 04:39:29.761, 7, 120 MHz, 3996 MHz, 184.60 W, 29
2026/10/08 04:39:30.761, 0, 120 MHz, 3996 MHz, 190.29 W, 41
2026/10/08 04:39:30.761, 1, 120 MHz, 3996 MHz, 192.11 W, 42
2026/10/08 04:39:30.761, 2, 2032 MHz, 3996 MHz, 1075.29 W, 51
2026/10/08 04:39:30.761, 3, 2032 MHz, 3996 MHz, 1059.92 W, 52
2026/10/08 04:39:30.761, 4, 120 MHz, 3996 MHz, 184.59 W, 39
2026/10/08 04:39:30.761, 5, 120 MHz, 3996 MHz, 183.85 W, 37
2026/10/08 04:39:30.761, 6, 120 MHz, 3996 MHz, 185.21 W, 30
2026/10/08 04:39:30.761, 7, 120 MHz, 3996 MHz, 184.59 W, 29
2026/10/08 04:39:31.761, 0, 120 MHz, 3996 MHz, 190.29 W, 40
2026/10/08 04:39:31.761, 1, 120 MHz, 3996 MHz, 192.11 W, 42
2026/10/08 04:39:31.761, 2, 2032 MHz, 3996 MHz, 1076.15 W, 52
2026/10/08 04:39:31.761, 3, 2032 MHz, 3996 MHz, 1062.84 W, 52
2026/10/08 04:39:31.761, 4, 120 MHz, 3996 MHz, 184.58 W, 39
2026/10/08 04:39:31.761, 5, 120 MHz, 3996 MHz, 183.77 W, 37
2026/10/08 04:39:31.761, 6, 120 MHz, 3996 MHz, 184.95 W, 30
2026/10/08 04:39:31.761, 7, 120 MHz, 3996 MHz, 184.67 W, 29
2026/10/08 04:39:32.762, 0, 120 MHz, 3996 MHz, 190.14 W, 40
2026/10/08 04:39:32.762, 1, 120 MHz, 3996 MHz, 192.11 W, 42
2026/10/08 04:39:32.762, 2, 2032 MHz, 3996 MHz, 1076.38 W, 52
2026/10/08 04:39:32.762, 3, 2032 MHz, 3996 MHz, 1063.09 W, 52
2026/10/08 04:39:32.762, 4, 120 MHz, 3996 MHz, 184.58 W, 38
2026/10/08 04:39:32.762, 5, 120 MHz, 3996 MHz, 183.34 W, 37
2026/10/08 04:39:32.762, 6, 120 MHz, 3996 MHz, 184.87 W, 30
2026/10/08 04:39:32.762, 7, 120 MHz, 3996 MHz, 184.59 W, 29
2026/10/08 04:39:33.762, 0, 120 MHz, 3996 MHz, 190.29 W, 40
2026/10/08 04:39:33.762, 1, 120 MHz, 3996 MHz, 192.11 W, 42
2026/10/08 04:39:33.762, 2, 2032 MHz, 3996 MHz, 1076.01 W, 52
2026/10/08 04:39:33.762, 3, 2032 MHz, 3996 MHz, 1062.96 W, 52
2026/10/08 04:39:33.767, 4, 120 MHz, 3996 MHz, 184.58 W, 38
2026/10/08 04:39:33.767, 5, 120 MHz, 3996 MHz, 183.15 W, 37
2026/10/08 04:39:33.767, 6, 120 MHz, 3996 MHz, 184.83 W, 30
2026/10/08 04:39:33.767, 7, 120 MHz, 3996 MHz, 184.59 W, 29
2026/10/08 04:39:34.767, 0, 2032 MHz, 3996 MHz, 192.60 W, 40
2026/10/08 04:39:34.767, 1, 120 MHz, 3996 MHz, 192.10 W, 42
2026/10/08 04:39:34.767, 2, 2032 MHz, 3996 MHz, 1076.30 W, 52
2026/10/08 04:39:34.767, 3, 2032 MHz, 3996 MHz, 1063.34 W, 52
2026/10/08 04:39:34.767, 4, 120 MHz, 3996 MHz, 184.59 W, 38
2026/10/08 04:39:34.767, 5, 120 MHz, 3996 MHz, 183.58 W, 37
2026/10/08 04:39:34.767, 6, 120 MHz, 3996 MHz, 184.83 W, 30
2026/10/08 04:39:34.767, 7, 120 MHz, 3996 MHz, 184.59 W, 29
2026/10/08 04:39:35.767, 0, 2032 MHz, 3996 MHz, 247.21 W, 41
2026/10/08 04:39:35.767, 1, 120 MHz, 3996 MHz, 191.97 W, 42
2026/10/08 04:39:35.767, 2, 2032 MHz, 3996 MHz, 1075.31 W, 52
2026/10/08 04:39:35.767, 3, 2032 MHz, 3996 MHz, 1063.04 W, 52
2026/10/08 04:39:35.767, 4, 120 MHz, 3996 MHz, 184.59 W, 38
2026/10/08 04:39:35.767, 5, 120 MHz, 3996 MHz, 183.23 W, 37
2026/10/08 04:39:35.767, 6, 120 MHz, 3996 MHz, 184.83 W, 30
2026/10/08 04:39:35.767, 7, 120 MHz, 3996 MHz, 184.60 W, 29
2026/10/08 04:39:36.768, 0, 2032 MHz, 3996 MHz, 247.30 W, 42
2026/10/08 04:39:36.768, 1, 120 MHz, 3996 MHz, 191.98 W, 42
2026/10/08 04:39:36.768, 2, 2032 MHz, 3996 MHz, 1076.94 W, 53
2026/10/08 04:39:36.768, 3, 2032 MHz, 3996 MHz, 1063.44 W, 53
2026/10/08 04:39:36.768, 4, 120 MHz, 3996 MHz, 184.59 W, 38
2026/10/08 04:39:36.768, 5, 120 MHz, 3996 MHz, 183.24 W, 37
2026/10/08 04:39:36.768, 6, 120 MHz, 3996 MHz, 184.83 W, 30
2026/10/08 04:39:36.768, 7, 120 MHz, 3996 MHz, 184.59 W, 29
2026/10/08 04:39:37.768, 0, 2032 MHz, 3996 MHz, 248.30 W, 42
2026/10/08 04:39:37.768, 1, 120 MHz, 3996 MHz, 191.98 W, 42
2026/10/08 04:39:37.768, 2, 2032 MHz, 3996 MHz, 1080.99 W, 53
2026/10/08 04:39:37.768, 3, 2032 MHz, 3996 MHz, 1066.08 W, 53
2026/10/08 04:39:37.768, 4, 120 MHz, 3996 MHz, 184.59 W, 38
2026/10/08 04:39:37.768, 5, 120 MHz, 3996 MHz, 183.11 W, 37
2026/10/08 04:39:37.768, 6, 120 MHz, 3996 MHz, 184.83 W, 30
2026/10/08 04:39:37.768, 7, 120 MHz, 3996 MHz, 184.59 W, 29
2026/10/08 04:39:38.768, 0, 2032 MHz, 3996 MHz, 248.68 W, 42
2026/10/08 04:39:38.768, 1, 120 MHz, 3996 MHz, 191.97 W, 42
2026/10/08 04:39:38.768, 2, 2032 MHz, 3996 MHz, 1079.72 W, 53
2026/10/08 04:39:38.768, 3, 2032 MHz, 3996 MHz, 1067.57 W, 53
2026/10/08 04:39:38.768, 4, 120 MHz, 3996 MHz, 184.59 W, 38
2026/10/08 04:39:38.768, 5, 120 MHz, 3996 MHz, 183.16 W, 37
2026/10/08 04:39:38.768, 6, 120 MHz, 3996 MHz, 184.83 W, 30
2026/10/08 04:39:38.768, 7, 120 MHz, 3996 MHz, 184.59 W, 29
2026/10/08 04:39:39.768, 0, 2032 MHz, 3996 MHz, 266.44 W, 42
2026/10/08 04:39:39.769, 1, 120 MHz, 3996 MHz, 191.90 W, 42
2026/10/08 04:39:39.769, 2, 2032 MHz, 3996 MHz, 1079.18 W, 53
2026/10/08 04:39:39.769, 3, 2032 MHz, 3996 MHz, 1066.91 W, 53
2026/10/08 04:39:39.769, 4, 120 MHz, 3996 MHz, 184.59 W, 38
2026/10/08 04:39:39.769, 5, 120 MHz, 3996 MHz, 183.03 W, 37
2026/10/08 04:39:39.769, 6, 120 MHz, 3996 MHz, 184.83 W, 30
2026/10/08 04:39:39.769, 7, 120 MHz, 3996 MHz, 184.59 W, 29
2026/10/08 04:39:40.769, 0, 2032 MHz, 3996 MHz, 247.69 W, 42
2026/10/08 04:39:40.769, 1, 2032 MHz, 3996 MHz, 212.99 W, 43
2026/10/08 04:39:40.769, 2, 2032 MHz, 3996 MHz, 1079.08 W, 53
2026/10/08 04:39:40.769, 3, 2032 MHz, 3996 MHz, 1065.88 W, 53
2026/10/08 04:39:40.769, 4, 120 MHz, 3996 MHz, 184.59 W, 38
2026/10/08 04:39:40.769, 5, 120 MHz, 3996 MHz, 182.95 W, 36
2026/10/08 04:39:40.769, 6, 120 MHz, 3996 MHz, 184.83 W, 30
2026/10/08 04:39:40.769, 7, 120 MHz, 3996 MHz, 184.59 W, 28
2026/10/08 04:39:41.769, 0, 2032 MHz, 3996 MHz, 252.75 W, 42
2026/10/08 04:39:41.769, 1, 2032 MHz, 3996 MHz, 253.65 W, 43
2026/10/08 04:39:41.769, 2, 2032 MHz, 3996 MHz, 1079.03 W, 53
2026/10/08 04:39:41.769, 3, 2032 MHz, 3996 MHz, 1066.22 W, 53
2026/10/08 04:39:41.769, 4, 120 MHz, 3996 MHz, 184.59 W, 38
2026/10/08 04:39:41.769, 5, 120 MHz, 3996 MHz, 182.98 W, 36
2026/10/08 04:39:41.769, 6, 120 MHz, 3996 MHz, 184.83 W, 30
2026/10/08 04:39:41.769, 7, 120 MHz, 3996 MHz, 184.59 W, 28
2026/10/08 04:39:42.769, 0, 2032 MHz, 3996 MHz, 279.90 W, 42
2026/10/08 04:39:42.770, 1, 2032 MHz, 3996 MHz, 253.54 W, 43
2026/10/08 04:39:42.770, 2, 2032 MHz, 3996 MHz, 1070.96 W, 53
2026/10/08 04:39:42.770, 3, 2032 MHz, 3996 MHz, 1063.11 W, 53
2026/10/08 04:39:42.770, 4, 120 MHz, 3996 MHz, 184.58 W, 38
2026/10/08 04:39:42.770, 5, 120 MHz, 3996 MHz, 182.96 W, 36
2026/10/08 04:39:42.770, 6, 120 MHz, 3996 MHz, 184.83 W, 30
2026/10/08 04:39:42.770, 7, 120 MHz, 3996 MHz, 184.59 W, 28
2026/10/08 04:39:43.770, 0, 2032 MHz, 3996 MHz, 257.28 W, 42
2026/10/08 04:39:43.770, 1, 2032 MHz, 3996 MHz, 254.52 W, 43
2026/10/08 04:39:43.770, 2, 2032 MHz, 3996 MHz, 529.35 W, 43
2026/10/08 04:39:43.770, 3, 2032 MHz, 3996 MHz, 790.39 W, 45
2026/10/08 04:39:43.770, 4, 120 MHz, 3996 MHz, 184.59 W, 38
2026/10/08 04:39:43.770, 5, 120 MHz, 3996 MHz, 182.90 W, 36
2026/10/08 04:39:43.770, 6, 120 MHz, 3996 MHz, 184.83 W, 30
2026/10/08 04:39:43.770, 7, 120 MHz, 3996 MHz, 184.59 W, 28
2026/10/08 04:39:44.770, 0, 2032 MHz, 3996 MHz, 254.61 W, 42
2026/10/08 04:39:44.770, 1, 2032 MHz, 3996 MHz, 255.01 W, 43
2026/10/08 04:39:44.770, 2, 2032 MHz, 3996 MHz, 256.30 W, 41
2026/10/08 04:39:44.770, 3, 2032 MHz, 3996 MHz, 247.02 W, 42
2026/10/08 04:39:44.770, 4, 120 MHz, 3996 MHz, 184.59 W, 38
2026/10/08 04:39:44.770, 5, 120 MHz, 3996 MHz, 183.61 W, 36
2026/10/08 04:39:44.770, 6, 120 MHz, 3996 MHz, 184.83 W, 30
2026/10/08 04:39:44.770, 7, 120 MHz, 3996 MHz, 184.59 W, 28
2026/10/08 04:39:45.770, 0, 2032 MHz, 3996 MHz, 248.05 W, 42
2026/10/08 04:39:45.770, 1, 2032 MHz, 3996 MHz, 254.88 W, 43
2026/10/08 04:39:45.770, 2, 2032 MHz, 3996 MHz, 242.50 W, 40
2026/10/08 04:39:45.770, 3, 2032 MHz, 3996 MHz, 256.37 W, 41
2026/10/08 04:39:45.770, 4, 120 MHz, 3996 MHz, 184.58 W, 37
2026/10/08 04:39:45.770, 5, 120 MHz, 3996 MHz, 183.96 W, 36
2026/10/08 04:39:45.770, 6, 120 MHz, 3996 MHz, 184.83 W, 30
2026/10/08 04:39:45.770, 7, 120 MHz, 3996 MHz, 184.60 W, 28
2026/10/08 04:39:46.771, 0, 2032 MHz, 3996 MHz, 248.22 W, 42
2026/10/08 04:39:46.771, 1, 2032 MHz, 3996 MHz, 272.53 W, 43
2026/10/08 04:39:46.771, 2, 2032 MHz, 3996 MHz, 242.37 W, 40
2026/10/08 04:39:46.771, 3, 2032 MHz, 3996 MHz, 243.82 W, 40
2026/10/08 04:39:46.771, 4, 120 MHz, 3996 MHz, 184.59 W, 37
2026/10/08 04:39:46.771, 5, 120 MHz, 3996 MHz, 184.24 W, 36
2026/10/08 04:39:46.771, 6, 120 MHz, 3996 MHz, 184.83 W, 30
2026/10/08 04:39:46.771, 7, 120 MHz, 3996 MHz, 184.59 W, 28
2026/10/08 04:39:47.771, 0, 2032 MHz, 3996 MHz, 257.05 W, 42
2026/10/08 04:39:47.771, 1, 2032 MHz, 3996 MHz, 254.06 W, 43
2026/10/08 04:39:47.771, 2, 2032 MHz, 3996 MHz, 242.10 W, 39
2026/10/08 04:39:47.771, 3, 2032 MHz, 3996 MHz, 242.99 W, 39
2026/10/08 04:39:47.771, 4, 120 MHz, 3996 MHz, 184.59 W, 37
2026/10/08 04:39:47.771, 5, 120 MHz, 3996 MHz, 184.10 W, 36
2026/10/08 04:39:47.771, 6, 120 MHz, 3996 MHz, 184.83 W, 30
2026/10/08 04:39:47.771, 7, 120 MHz, 3996 MHz, 184.60 W, 28
2026/10/08 04:39:48.771, 0, 2032 MHz, 3996 MHz, 248.05 W, 42
2026/10/08 04:39:48.771, 1, 2032 MHz, 3996 MHz, 253.78 W, 43
2026/10/08 04:39:48.771, 2, 2032 MHz, 3996 MHz, 240.83 W, 39
2026/10/08 04:39:48.771, 3, 2032 MHz, 3996 MHz, 242.52 W, 39
2026/10/08 04:39:48.771, 4, 120 MHz, 3996 MHz, 184.59 W, 37
2026/10/08 04:39:48.771, 5, 120 MHz, 3996 MHz, 184.37 W, 36
2026/10/08 04:39:48.771, 6, 120 MHz, 3996 MHz, 184.83 W, 30
2026/10/08 04:39:48.771, 7, 120 MHz, 3996 MHz, 184.90 W, 28
2026/10/08 04:39:49.772, 0, 2032 MHz, 3996 MHz, 248.05 W, 42
2026/10/08 04:39:49.772, 1, 2032 MHz, 3996 MHz, 254.98 W, 43
2026/10/08 04:39:49.772, 2, 2032 MHz, 3996 MHz, 241.62 W, 39
2026/10/08 04:39:49.772, 3, 2032 MHz, 3996 MHz, 242.71 W, 39
2026/10/08 04:39:49.772, 4, 120 MHz, 3996 MHz, 184.59 W, 37
2026/10/08 04:39:49.772, 5, 120 MHz, 3996 MHz, 183.77 W, 36
2026/10/08 04:39:49.772, 6, 120 MHz, 3996 MHz, 184.83 W, 30
2026/10/08 04:39:49.772, 7, 120 MHz, 3996 MHz, 184.68 W, 28
2026/10/08 04:39:50.772, 0, 2032 MHz, 3996 MHz, 248.01 W, 42
2026/10/08 04:39:50.772, 1, 2032 MHz, 3996 MHz, 267.20 W, 44
2026/10/08 04:39:50.772, 2, 2032 MHz, 3996 MHz, 241.16 W, 38
2026/10/08 04:39:50.772, 3, 2032 MHz, 3996 MHz, 242.45 W, 38
2026/10/08 04:39:50.772, 4, 120 MHz, 3996 MHz, 184.58 W, 37
2026/10/08 04:39:50.772, 5, 120 MHz, 3996 MHz, 184.44 W, 36
2026/10/08 04:39:50.772, 6, 120 MHz, 3996 MHz, 184.87 W, 30
2026/10/08 04:39:50.772, 7, 120 MHz, 3996 MHz, 184.64 W, 28
2026/10/08 04:39:51.772, 0, 2032 MHz, 3996 MHz, 248.01 W, 42
2026/10/08 04:39:51.772, 1, 2032 MHz, 3996 MHz, 272.04 W, 44
2026/10/08 04:39:51.772, 2, 2032 MHz, 3996 MHz, 240.57 W, 38
2026/10/08 04:39:51.772, 3, 427 MHz, 3996 MHz, 237.16 W, 38
2026/10/08 04:39:51.772, 4, 120 MHz, 3996 MHz, 184.59 W, 37
2026/10/08 04:39:51.772, 5, 120 MHz, 3996 MHz, 184.59 W, 36
2026/10/08 04:39:51.772, 6, 120 MHz, 3996 MHz, 184.83 W, 30
2026/10/08 04:39:51.772, 7, 120 MHz, 3996 MHz, 184.71 W, 28
2026/10/08 04:39:52.773, 0, 2032 MHz, 3996 MHz, 248.04 W, 42
2026/10/08 04:39:52.773, 1, 2032 MHz, 3996 MHz, 263.32 W, 44
2026/10/08 04:39:52.773, 2, 315 MHz, 3996 MHz, 211.45 W, 37
2026/10/08 04:39:52.773, 3, 270 MHz, 3996 MHz, 188.26 W, 37
2026/10/08 04:39:52.773, 4, 120 MHz, 3996 MHz, 184.59 W, 37
2026/10/08 04:39:52.773, 5, 120 MHz, 3996 MHz, 184.59 W, 36
2026/10/08 04:39:52.773, 6, 120 MHz, 3996 MHz, 184.83 W, 30
2026/10/08 04:39:52.773, 7, 120 MHz, 3996 MHz, 184.63 W, 28
2026/10/08 04:39:53.773, 0, 2032 MHz, 3996 MHz, 248.05 W, 42
2026/10/08 04:39:53.773, 1, 2032 MHz, 3996 MHz, 257.87 W, 44
2026/10/08 04:39:53.773, 2, 217 MHz, 3996 MHz, 188.28 W, 36
2026/10/08 04:39:53.773, 3, 172 MHz, 3996 MHz, 187.50 W, 36
2026/10/08 04:39:53.773, 4, 120 MHz, 3996 MHz, 184.59 W, 37
2026/10/08 04:39:53.773, 5, 120 MHz, 3996 MHz, 184.59 W, 36
2026/10/08 04:39:53.773, 6, 120 MHz, 3996 MHz, 184.87 W, 30
2026/10/08 04:39:53.773, 7, 120 MHz, 3996 MHz, 184.59 W, 28
2026/10/08 04:39:54.773, 0, 2032 MHz, 3996 MHz, 248.05 W, 42
2026/10/08 04:39:54.773, 1, 2032 MHz, 3996 MHz, 255.32 W, 43
2026/10/08 04:39:54.773, 2, 757 MHz, 3996 MHz, 193.57 W, 36
2026/10/08 04:39:54.773, 3, 120 MHz, 3996 MHz, 186.47 W, 36
2026/10/08 04:39:54.773, 4, 120 MHz, 3996 MHz, 184.59 W, 37
2026/10/08 04:39:54.773, 5, 120 MHz, 3996 MHz, 184.47 W, 36
2026/10/08 04:39:54.773, 6, 120 MHz, 3996 MHz, 184.83 W, 30
2026/10/08 04:39:54.773, 7, 120 MHz, 3996 MHz, 184.59 W, 28
2026/10/08 04:39:55.773, 0, 2032 MHz, 3996 MHz, 248.05 W, 42
2026/10/08 04:39:55.774, 1, 2032 MHz, 3996 MHz, 259.57 W, 43
2026/10/08 04:39:55.774, 2, 172 MHz, 3996 MHz, 193.02 W, 36
2026/10/08 04:39:55.774, 3, 120 MHz, 3996 MHz, 186.12 W, 36
2026/10/08 04:39:55.774, 4, 120 MHz, 3996 MHz, 184.59 W, 37
2026/10/08 04:39:55.774, 5, 120 MHz, 3996 MHz, 184.40 W, 36
2026/10/08 04:39:55.774, 6, 120 MHz, 3996 MHz, 184.83 W, 30
2026/10/08 04:39:55.774, 7, 120 MHz, 3996 MHz, 184.59 W, 28
2026/10/08 04:39:56.774, 0, 2032 MHz, 3996 MHz, 248.05 W, 42
2026/10/08 04:39:56.774, 1, 2032 MHz, 3996 MHz, 253.70 W, 43
2026/10/08 04:39:56.774, 2, 120 MHz, 3996 MHz, 188.01 W, 35
2026/10/08 04:39:56.774, 3, 120 MHz, 3996 MHz, 186.05 W, 35
2026/10/08 04:39:56.774, 4, 120 MHz, 3996 MHz, 184.58 W, 37
2026/10/08 04:39:56.774, 5, 120 MHz, 3996 MHz, 184.39 W, 35
2026/10/08 04:39:56.774, 6, 120 MHz, 3996 MHz, 184.83 W, 30
2026/10/08 04:39:56.774, 7, 120 MHz, 3996 MHz, 184.59 W, 28
2026/10/08 04:39:57.774, 0, 2032 MHz, 3996 MHz, 248.05 W, 42
2026/10/08 04:39:57.774, 1, 2032 MHz, 3996 MHz, 253.89 W, 43
2026/10/08 04:39:57.774, 2, 120 MHz, 3996 MHz, 188.01 W, 35
2026/10/08 04:39:57.774, 3, 120 MHz, 3996 MHz, 186.05 W, 35
2026/10/08 04:39:57.774, 4, 120 MHz, 3996 MHz, 184.59 W, 37
2026/10/08 04:39:57.774, 5, 120 MHz, 3996 MHz, 184.40 W, 35
2026/10/08 04:39:57.774, 6, 120 MHz, 3996 MHz, 184.83 W, 30
2026/10/08 04:39:57.774, 7, 120 MHz, 3996 MHz, 184.59 W, 28
2026/10/08 04:39:58.774, 0, 2032 MHz, 3996 MHz, 254.76 W, 42
2026/10/08 04:39:58.774, 1, 2032 MHz, 3996 MHz, 253.76 W, 43
2026/10/08 04:39:58.774, 2, 120 MHz, 3996 MHz, 188.01 W, 35
2026/10/08 04:39:58.774, 3, 120 MHz, 3996 MHz, 186.05 W, 35
2026/10/08 04:39:58.774, 4, 120 MHz, 3996 MHz, 184.59 W, 37
2026/10/08 04:39:58.774, 5, 120 MHz, 3996 MHz, 184.48 W, 35
2026/10/08 04:39:58.774, 6, 120 MHz, 3996 MHz, 184.83 W, 30
2026/10/08 04:39:58.774, 7, 120 MHz, 3996 MHz, 184.63 W, 28
2026/10/08 04:39:59.775, 0, 2032 MHz, 3996 MHz, 248.05 W, 42
2026/10/08 04:39:59.775, 1, 2032 MHz, 3996 MHz, 255.59 W, 43
2026/10/08 04:39:59.775, 2, 120 MHz, 3996 MHz, 187.62 W, 35
2026/10/08 04:39:59.775, 3, 120 MHz, 3996 MHz, 186.05 W, 35
2026/10/08 04:39:59.775, 4, 120 MHz, 3996 MHz, 184.59 W, 37
2026/10/08 04:39:59.775, 5, 120 MHz, 3996 MHz, 184.20 W, 35
2026/10/08 04:39:59.775, 6, 120 MHz, 3996 MHz, 184.83 W, 30
2026/10/08 04:39:59.775, 7, 120 MHz, 3996 MHz, 184.59 W, 28
2026/10/08 04:40:00.775, 0, 2032 MHz, 3996 MHz, 248.02 W, 42
2026/10/08 04:40:00.775, 1, 2032 MHz, 3996 MHz, 269.48 W, 43
2026/10/08 04:40:00.775, 2, 120 MHz, 3996 MHz, 187.93 W, 34
2026/10/08 04:40:00.775, 3, 120 MHz, 3996 MHz, 186.05 W, 34
2026/10/08 04:40:00.775, 4, 120 MHz, 3996 MHz, 184.59 W, 37
2026/10/08 04:40:00.775, 5, 120 MHz, 3996 MHz, 184.44 W, 35
2026/10/08 04:40:00.775, 6, 120 MHz, 3996 MHz, 184.83 W, 30
2026/10/08 04:40:00.775, 7, 120 MHz, 3996 MHz, 184.59 W, 28
2026/10/08 04:40:01.775, 0, 2032 MHz, 3996 MHz, 248.05 W, 42
2026/10/08 04:40:01.775, 1, 2032 MHz, 3996 MHz, 253.70 W, 43
2026/10/08 04:40:01.775, 2, 120 MHz, 3996 MHz, 187.11 W, 34
2026/10/08 04:40:01.775, 3, 120 MHz, 3996 MHz, 186.06 W, 34
2026/10/08 04:40:01.775, 4, 120 MHz, 3996 MHz, 184.58 W, 37
2026/10/08 04:40:01.775, 5, 120 MHz, 3996 MHz, 184.24 W, 35
2026/10/08 04:40:01.775, 6, 120 MHz, 3996 MHz, 184.83 W, 30
2026/10/08 04:40:01.775, 7, 120 MHz, 3996 MHz, 184.59 W, 28
2026/10/08 04:40:02.776, 0, 2032 MHz, 3996 MHz, 248.05 W, 41
2026/10/08 04:40:02.776, 1, 2032 MHz, 3996 MHz, 253.70 W, 43
2026/10/08 04:40:02.776, 2, 120 MHz, 3996 MHz, 186.47 W, 34
2026/10/08 04:40:02.776, 3, 120 MHz, 3996 MHz, 186.05 W, 34
2026/10/08 04:40:02.776, 4, 120 MHz, 3996 MHz, 184.59 W, 36
2026/10/08 04:40:02.776, 5, 120 MHz, 3996 MHz, 184.44 W, 35
2026/10/08 04:40:02.776, 6, 120 MHz, 3996 MHz, 184.83 W, 30
2026/10/08 04:40:02.776, 7, 120 MHz, 3996 MHz, 184.59 W, 28
2026/10/08 04:40:03.776, 0, 2032 MHz, 3996 MHz, 248.05 W, 41
2026/10/08 04:40:03.776, 1, 2032 MHz, 3996 MHz, 253.70 W, 43
2026/10/08 04:40:03.776, 2, 120 MHz, 3996 MHz, 186.36 W, 34
2026/10/08 04:40:03.776, 3, 120 MHz, 3996 MHz, 185.81 W, 34
2026/10/08 04:40:03.776, 4, 120 MHz, 3996 MHz, 184.58 W, 36
2026/10/08 04:40:03.776, 5, 120 MHz, 3996 MHz, 184.28 W, 35
2026/10/08 04:40:03.776, 6, 120 MHz, 3996 MHz, 184.83 W, 30
2026/10/08 04:40:03.776, 7, 120 MHz, 3996 MHz, 184.63 W, 28
2026/10/08 04:40:04.776, 0, 2032 MHz, 3996 MHz, 248.05 W, 41
2026/10/08 04:40:04.776, 1, 2032 MHz, 3996 MHz, 253.70 W, 43
2026/10/08 04:40:04.776, 2, 120 MHz, 3996 MHz, 186.09 W, 34
2026/10/08 04:40:04.776, 3, 120 MHz, 3996 MHz, 185.82 W, 34
2026/10/08 04:40:04.776, 4, 120 MHz, 3996 MHz, 184.58 W, 36
2026/10/08 04:40:04.776, 5, 120 MHz, 3996 MHz, 184.21 W, 35
2026/10/08 04:40:04.776, 6, 120 MHz, 3996 MHz, 184.83 W, 30
2026/10/08 04:40:04.776, 7, 120 MHz, 3996 MHz, 184.63 W, 28
2026/10/08 04:40:05.776, 0, 2032 MHz, 3996 MHz, 247.94 W, 41
2026/10/08 04:40:05.776, 1, 2032 MHz, 3996 MHz, 253.70 W, 43
2026/10/08 04:40:05.777, 2, 120 MHz, 3996 MHz, 186.05 W, 34
2026/10/08 04:40:05.777, 3, 120 MHz, 3996 MHz, 185.10 W, 33
2026/10/08 04:40:05.777, 4, 120 MHz, 3996 MHz, 184.59 W, 36
2026/10/08 04:40:05.777, 5, 120 MHz, 3996 MHz, 184.28 W, 35
2026/10/08 04:40:05.777, 6, 120 MHz, 3996 MHz, 184.83 W, 30
2026/10/08 04:40:05.777, 7, 120 MHz, 3996 MHz, 184.63 W, 28
2026/10/08 04:40:06.777, 0, 2032 MHz, 3996 MHz, 514.19 W, 57
2026/10/08 04:40:06.777, 1, 2032 MHz, 3996 MHz, 253.64 W, 43
2026/10/08 04:40:06.777, 2, 120 MHz, 3996 MHz, 186.05 W, 33
2026/10/08 04:40:06.777, 3, 120 MHz, 3996 MHz, 185.36 W, 33
2026/10/08 04:40:06.777, 4, 120 MHz, 3996 MHz, 184.59 W, 36
2026/10/08 04:40:06.777, 5, 120 MHz, 3996 MHz, 184.01 W, 35
2026/10/08 04:40:06.777, 6, 120 MHz, 3996 MHz, 184.83 W, 30
2026/10/08 04:40:06.777, 7, 120 MHz, 3996 MHz, 184.60 W, 28
2026/10/08 04:40:07.777, 0, 2032 MHz, 3996 MHz, 514.27 W, 43
2026/10/08 04:40:07.777, 1, 2032 MHz, 3996 MHz, 253.62 W, 43
2026/10/08 04:40:07.777, 2, 120 MHz, 3996 MHz, 186.05 W, 33
2026/10/08 04:40:07.777, 3, 120 MHz, 3996 MHz, 184.93 W, 33
2026/10/08 04:40:07.777, 4, 120 MHz, 3996 MHz, 184.59 W, 36
2026/10/08 04:40:07.777, 5, 120 MHz, 3996 MHz, 184.04 W, 35
2026/10/08 04:40:07.777, 6, 120 MHz, 3996 MHz, 184.83 W, 29
2026/10/08 04:40:07.777, 7, 120 MHz, 3996 MHz, 184.59 W, 28
2026/10/08 04:40:08.777, 0, 2032 MHz, 3996 MHz, 462.22 W, 54
2026/10/08 04:40:08.778, 1, 2032 MHz, 3996 MHz, 321.92 W, 45
2026/10/08 04:40:08.778, 2, 120 MHz, 3996 MHz, 186.05 W, 33
2026/10/08 04:40:08.778, 3, 120 MHz, 3996 MHz, 185.06 W, 33
2026/10/08 04:40:08.778, 4, 120 MHz, 3996 MHz, 184.59 W, 36
2026/10/08 04:40:08.778, 5, 120 MHz, 3996 MHz, 184.47 W, 35
2026/10/08 04:40:08.778, 6, 120 MHz, 3996 MHz, 184.87 W, 29
2026/10/08 04:40:08.778, 7, 120 MHz, 3996 MHz, 184.63 W, 28
2026/10/08 04:40:09.778, 0, 1312 MHz, 3996 MHz, 1092.24 W, 59
2026/10/08 04:40:09.778, 1, 2032 MHz, 3996 MHz, 714.45 W, 47
2026/10/08 04:40:09.778, 2, 120 MHz, 3996 MHz, 186.05 W, 33
2026/10/08 04:40:09.778, 3, 120 MHz, 3996 MHz, 184.59 W, 33
2026/10/08 04:40:09.778, 4, 120 MHz, 3996 MHz, 183.85 W, 36
2026/10/08 04:40:09.778, 5, 120 MHz, 3996 MHz, 183.10 W, 35
2026/10/08 04:40:09.778, 6, 120 MHz, 3996 MHz, 184.83 W, 29
2026/10/08 04:40:09.778, 7, 120 MHz, 3996 MHz, 184.64 W, 28
2026/10/08 04:40:10.778, 0, 1297 MHz, 3996 MHz, 1086.71 W, 60
2026/10/08 04:40:10.778, 1, 1387 MHz, 3996 MHz, 338.08 W, 46
2026/10/08 04:40:10.778, 2, 120 MHz, 3996 MHz, 186.05 W, 33
2026/10/08 04:40:10.778, 3, 120 MHz, 3996 MHz, 184.25 W, 33
2026/10/08 04:40:10.778, 4, 120 MHz, 3996 MHz, 183.77 W, 36
2026/10/08 04:40:10.778, 5, 120 MHz, 3996 MHz, 182.65 W, 35
2026/10/08 04:40:10.778, 6, 120 MHz, 3996 MHz, 184.83 W, 29
2026/10/08 04:40:10.778, 7, 120 MHz, 3996 MHz, 184.60 W, 28
2026/10/08 04:40:11.779, 0, 1312 MHz, 3996 MHz, 1084.78 W, 60
2026/10/08 04:40:11.779, 1, 1290 MHz, 3996 MHz, 1094.69 W, 60
2026/10/08 04:40:11.779, 2, 120 MHz, 3996 MHz, 186.05 W, 33
2026/10/08 04:40:11.779, 3, 120 MHz, 3996 MHz, 184.09 W, 33
2026/10/08 04:40:11.779, 4, 120 MHz, 3996 MHz, 183.50 W, 36
2026/10/08 04:40:11.779, 5, 120 MHz, 3996 MHz, 182.69 W, 35
2026/10/08 04:40:11.779, 6, 120 MHz, 3996 MHz, 184.83 W, 29
2026/10/08 04:40:11.779, 7, 120 MHz, 3996 MHz, 184.60 W, 28
2026/10/08 04:40:12.779, 0, 1320 MHz, 3996 MHz, 1086.81 W, 60
2026/10/08 04:40:12.779, 1, 1297 MHz, 3996 MHz, 1086.53 W, 61
2026/10/08 04:40:12.779, 2, 120 MHz, 3996 MHz, 186.05 W, 32
2026/10/08 04:40:12.779, 3, 120 MHz, 3996 MHz, 184.17 W, 32
2026/10/08 04:40:12.779, 4, 120 MHz, 3996 MHz, 183.29 W, 36
2026/10/08 04:40:12.779, 5, 120 MHz, 3996 MHz, 182.80 W, 35
2026/10/08 04:40:12.779, 6, 120 MHz, 3996 MHz, 184.83 W, 29
2026/10/08 04:40:12.779, 7, 120 MHz, 3996 MHz, 184.62 W, 28
2026/10/08 04:40:13.779, 0, 1305 MHz, 3996 MHz, 1085.27 W, 60
2026/10/08 04:40:13.779, 1, 1305 MHz, 3996 MHz, 1090.45 W, 61
2026/10/08 04:40:13.779, 2, 120 MHz, 3996 MHz, 186.05 W, 32
2026/10/08 04:40:13.780, 3, 120 MHz, 3996 MHz, 184.09 W, 32
2026/10/08 04:40:13.780, 4, 120 MHz, 3996 MHz, 183.29 W, 36
2026/10/08 04:40:13.780, 5, 120 MHz, 3996 MHz, 182.84 W, 35
2026/10/08 04:40:13.780, 6, 120 MHz, 3996 MHz, 184.83 W, 29
2026/10/08 04:40:13.780, 7, 120 MHz, 3996 MHz, 184.60 W, 28
2026/10/08 04:40:14.780, 0, 1320 MHz, 3996 MHz, 1084.94 W, 61
2026/10/08 04:40:14.780, 1, 1312 MHz, 3996 MHz, 1085.27 W, 62
2026/10/08 04:40:14.780, 2, 120 MHz, 3996 MHz, 186.05 W, 32
2026/10/08 04:40:14.780, 3, 120 MHz, 3996 MHz, 184.13 W, 32
2026/10/08 04:40:14.780, 4, 120 MHz, 3996 MHz, 183.03 W, 36
2026/10/08 04:40:14.780, 5, 120 MHz, 3996 MHz, 182.76 W, 35
2026/10/08 04:40:14.780, 6, 120 MHz, 3996 MHz, 184.83 W, 29
2026/10/08 04:40:14.780, 7, 120 MHz, 3996 MHz, 184.59 W, 28
2026/10/08 04:40:15.780, 0, 1320 MHz, 3996 MHz, 1085.47 W, 61
2026/10/08 04:40:15.780, 1, 1297 MHz, 3996 MHz, 1088.99 W, 62
2026/10/08 04:40:15.780, 2, 120 MHz, 3996 MHz, 186.05 W, 32
2026/10/08 04:40:15.780, 3, 120 MHz, 3996 MHz, 184.09 W, 32
2026/10/08 04:40:15.780, 4, 120 MHz, 3996 MHz, 183.11 W, 36
2026/10/08 04:40:15.780, 5, 120 MHz, 3996 MHz, 182.80 W, 35
2026/10/08 04:40:15.780, 6, 120 MHz, 3996 MHz, 184.83 W, 29
2026/10/08 04:40:15.780, 7, 120 MHz, 3996 MHz, 184.60 W, 28
2026/10/08 04:40:16.780, 0, 1335 MHz, 3996 MHz, 1084.15 W, 61
2026/10/08 04:40:16.780, 1, 1297 MHz, 3996 MHz, 1083.39 W, 62
2026/10/08 04:40:16.780, 2, 120 MHz, 3996 MHz, 186.05 W, 32
2026/10/08 04:40:16.780, 3, 120 MHz, 3996 MHz, 184.09 W, 32
2026/10/08 04:40:16.780, 4, 120 MHz, 3996 MHz, 182.97 W, 36
2026/10/08 04:40:16.780, 5, 120 MHz, 3996 MHz, 182.72 W, 35
2026/10/08 04:40:16.781, 6, 120 MHz, 3996 MHz, 184.83 W, 29
2026/10/08 04:40:16.781, 7, 120 MHz, 3996 MHz, 184.62 W, 28
2026/10/08 04:40:17.781, 0, 1980 MHz, 3996 MHz, 1063.44 W, 57
2026/10/08 04:40:17.781, 1, 1275 MHz, 3996 MHz, 1087.46 W, 62
2026/10/08 04:40:17.781, 2, 120 MHz, 3996 MHz, 186.05 W, 32
2026/10/08 04:40:17.781, 3, 120 MHz, 3996 MHz, 184.10 W, 32
2026/10/08 04:40:17.781, 4, 120 MHz, 3996 MHz, 182.91 W, 36
2026/10/08 04:40:17.781, 5, 120 MHz, 3996 MHz, 182.69 W, 35
2026/10/08 04:40:17.781, 6, 120 MHz, 3996 MHz, 184.83 W, 29
2026/10/08 04:40:17.781, 7, 120 MHz, 3996 MHz, 184.63 W, 28
2026/10/08 04:40:18.781, 0, 2025 MHz, 3996 MHz, 1092.51 W, 57
2026/10/08 04:40:18.781, 1, 1312 MHz, 3996 MHz, 1081.58 W, 62
2026/10/08 04:40:18.781, 2, 2032 MHz, 3996 MHz, 224.98 W, 33
2026/10/08 04:40:18.781, 3, 120 MHz, 3996 MHz, 183.99 W, 32
2026/10/08 04:40:18.781, 4, 120 MHz, 3996 MHz, 183.19 W, 36
2026/10/08 04:40:18.781, 5, 120 MHz, 3996 MHz, 182.72 W, 35
2026/10/08 04:40:18.781, 6, 120 MHz, 3996 MHz, 184.83 W, 29
2026/10/08 04:40:18.781, 7, 120 MHz, 3996 MHz, 184.61 W, 28
2026/10/08 04:40:19.781, 0, 2032 MHz, 3996 MHz, 1094.17 W, 57
2026/10/08 04:40:19.782, 1, 1432 MHz, 3996 MHz, 1073.86 W, 63
2026/10/08 04:40:19.782, 2, 2032 MHz, 3996 MHz, 236.81 W, 33
2026/10/08 04:40:19.782, 3, 120 MHz, 3996 MHz, 183.97 W, 32
2026/10/08 04:40:19.782, 4, 120 MHz, 3996 MHz, 183.17 W, 36
2026/10/08 04:40:19.782, 5, 120 MHz, 3996 MHz, 182.88 W, 35
2026/10/08 04:40:19.782, 6, 120 MHz, 3996 MHz, 184.83 W, 29
2026/10/08 04:40:19.782, 7, 120 MHz, 3996 MHz, 184.60 W, 28
2026/10/08 04:40:20.782, 0, 2032 MHz, 3996 MHz, 1093.07 W, 58
2026/10/08 04:40:20.782, 1, 2017 MHz, 3996 MHz, 1078.18 W, 59
2026/10/08 04:40:20.782, 2, 2032 MHz, 3996 MHz, 236.68 W, 33
2026/10/08 04:40:20.782, 3, 2032 MHz, 3996 MHz, 231.15 W, 32
2026/10/08 04:40:20.782, 4, 120 MHz, 3996 MHz, 182.68 W, 36
2026/10/08 04:40:20.782, 5, 120 MHz, 3996 MHz, 182.80 W, 34
2026/10/08 04:40:20.782, 6, 120 MHz, 3996 MHz, 184.83 W, 29
2026/10/08 04:40:20.782, 7, 120 MHz, 3996 MHz, 184.63 W, 28
2026/10/08 04:40:21.782, 0, 2025 MHz, 3996 MHz, 1092.90 W, 58
2026/10/08 04:40:21.782, 1, 2010 MHz, 3996 MHz, 1093.27 W, 59
2026/10/08 04:40:21.782, 2, 2032 MHz, 3996 MHz, 237.67 W, 33
2026/10/08 04:40:21.782, 3, 2032 MHz, 3996 MHz, 236.66 W, 32
2026/10/08 04:40:21.782, 4, 120 MHz, 3996 MHz, 182.68 W, 36
2026/10/08 04:40:21.782, 5, 120 MHz, 3996 MHz, 182.72 W, 34
2026/10/08 04:40:21.782, 6, 120 MHz, 3996 MHz, 184.83 W, 29
2026/10/08 04:40:21.782, 7, 120 MHz, 3996 MHz, 184.60 W, 28
2026/10/08 04:40:22.782, 0, 2025 MHz, 3996 MHz, 1092.57 W, 58
2026/10/08 04:40:22.782, 1, 2010 MHz, 3996 MHz, 1094.39 W, 59
2026/10/08 04:40:22.782, 2, 2032 MHz, 3996 MHz, 237.85 W, 33
2026/10/08 04:40:22.782, 3, 2032 MHz, 3996 MHz, 237.28 W, 32
2026/10/08 04:40:22.782, 4, 120 MHz, 3996 MHz, 184.20 W, 36
2026/10/08 04:40:22.782, 5, 120 MHz, 3996 MHz, 182.68 W, 34
2026/10/08 04:40:22.782, 6, 120 MHz, 3996 MHz, 184.83 W, 29
2026/10/08 04:40:22.783, 7, 120 MHz, 3996 MHz, 184.60 W, 28
2026/10/08 04:40:23.783, 0, 2017 MHz, 3996 MHz, 1093.86 W, 58
2026/10/08 04:40:23.783, 1, 2010 MHz, 3996 MHz, 1095.27 W, 59
2026/10/08 04:40:23.783, 2, 2032 MHz, 3996 MHz, 237.01 W, 32
2026/10/08 04:40:23.783, 3, 2032 MHz, 3996 MHz, 238.33 W, 32
2026/10/08 04:40:23.783, 4, 120 MHz, 3996 MHz, 184.51 W, 36
2026/10/08 04:40:23.783, 5, 120 MHz, 3996 MHz, 182.65 W, 34
2026/10/08 04:40:23.783, 6, 120 MHz, 3996 MHz, 184.83 W, 29
2026/10/08 04:40:23.783, 7, 120 MHz, 3996 MHz, 184.61 W, 28
2026/10/08 04:40:24.783, 0, 2017 MHz, 3996 MHz, 1094.10 W, 58
2026/10/08 04:40:24.783, 1, 2010 MHz, 3996 MHz, 1093.09 W, 59
2026/10/08 04:40:24.783, 2, 2032 MHz, 3996 MHz, 256.22 W, 32
2026/10/08 04:40:24.783, 3, 2032 MHz, 3996 MHz, 237.98 W, 32
2026/10/08 04:40:24.783, 4, 120 MHz, 3996 MHz, 184.40 W, 36
2026/10/08 04:40:24.783, 5, 120 MHz, 3996 MHz, 182.65 W, 34
2026/10/08 04:40:24.783, 6, 120 MHz, 3996 MHz, 184.83 W, 29
2026/10/08 04:40:24.783, 7, 120 MHz, 3996 MHz, 184.60 W, 28
2026/10/08 04:40:25.783, 0, 2025 MHz, 3996 MHz, 1094.08 W, 59
2026/10/08 04:40:25.783, 1, 2002 MHz, 3996 MHz, 1092.19 W, 60
2026/10/08 04:40:25.783, 2, 2032 MHz, 3996 MHz, 273.70 W, 32
2026/10/08 04:40:25.783, 3, 2032 MHz, 3996 MHz, 255.01 W, 32
2026/10/08 04:40:25.783, 4, 120 MHz, 3996 MHz, 184.43 W, 36
2026/10/08 04:40:25.783, 5, 120 MHz, 3996 MHz, 182.65 W, 34
2026/10/08 04:40:25.784, 6, 120 MHz, 3996 MHz, 184.83 W, 29
2026/10/08 04:40:25.784, 7, 120 MHz, 3996 MHz, 184.62 W, 28
2026/10/08 04:40:26.784, 0, 2025 MHz, 3996 MHz, 1093.86 W, 59
2026/10/08 04:40:26.784, 1, 2010 MHz, 3996 MHz, 1091.11 W, 60
2026/10/08 04:40:26.784, 2, 2032 MHz, 3996 MHz, 236.88 W, 32
2026/10/08 04:40:26.784, 3, 2032 MHz, 3996 MHz, 245.44 W, 33
2026/10/08 04:40:26.784, 4, 120 MHz, 3996 MHz, 184.36 W, 35
2026/10/08 04:40:26.784, 5, 120 MHz, 3996 MHz, 182.68 W, 34
2026/10/08 04:40:26.784, 6, 120 MHz, 3996 MHz, 184.83 W, 29
2026/10/08 04:40:26.784, 7, 120 MHz, 3996 MHz, 184.60 W, 28
2026/10/08 04:40:27.784, 0, 2032 MHz, 3996 MHz, 1094.08 W, 59
2026/10/08 04:40:27.784, 1, 1995 MHz, 3996 MHz, 1092.96 W, 60
2026/10/08 04:40:27.784, 2, 2032 MHz, 3996 MHz, 258.05 W, 32
2026/10/08 04:40:27.784, 3, 2032 MHz, 3996 MHz, 268.20 W, 32
2026/10/08 04:40:27.784, 4, 120 MHz, 3996 MHz, 184.19 W, 35
2026/10/08 04:40:27.784, 5, 120 MHz, 3996 MHz, 182.72 W, 34
2026/10/08 04:40:27.784, 6, 120 MHz, 3996 MHz, 184.83 W, 29
2026/10/08 04:40:27.784, 7, 120 MHz, 3996 MHz, 184.61 W, 28
2026/10/08 04:40:28.784, 0, 2017 MHz, 3996 MHz, 1093.62 W, 59
2026/10/08 04:40:28.784, 1, 2002 MHz, 3996 MHz, 1092.02 W, 60
2026/10/08 04:40:28.784, 2, 2032 MHz, 3996 MHz, 257.14 W, 33
2026/10/08 04:40:28.784, 3, 2032 MHz, 3996 MHz, 255.05 W, 32
2026/10/08 04:40:28.784, 4, 120 MHz, 3996 MHz, 184.59 W, 35
2026/10/08 04:40:28.784, 5, 120 MHz, 3996 MHz, 182.73 W, 34
2026/10/08 04:40:28.784, 6, 120 MHz, 3996 MHz, 184.83 W, 29
2026/10/08 04:40:28.784, 7, 120 MHz, 3996 MHz, 184.62 W, 28
2026/10/08 04:40:29.785, 0, 2025 MHz, 3996 MHz, 1094.16 W, 59
2026/10/08 04:40:29.785, 1, 2002 MHz, 3996 MHz, 1091.54 W, 60
2026/10/08 04:40:29.785, 2, 2032 MHz, 3996 MHz, 253.29 W, 32
2026/10/08 04:40:29.785, 3, 2032 MHz, 3996 MHz, 244.59 W, 32
2026/10/08 04:40:29.785, 4, 120 MHz, 3996 MHz, 184.59 W, 35
2026/10/08 04:40:29.785, 5, 120 MHz, 3996 MHz, 182.65 W, 34
2026/10/08 04:40:29.785, 6, 120 MHz, 3996 MHz, 184.83 W, 29
2026/10/08 04:40:29.785, 7, 120 MHz, 3996 MHz, 184.62 W, 28
2026/10/08 04:40:30.785, 0, 2017 MHz, 3996 MHz, 1094.90 W, 59
2026/10/08 04:40:30.785, 1, 2010 MHz, 3996 MHz, 1092.68 W, 60
2026/10/08 04:40:30.785, 2, 2032 MHz, 3996 MHz, 240.43 W, 32
2026/10/08 04:40:30.785, 3, 2032 MHz, 3996 MHz, 256.05 W, 32
2026/10/08 04:40:30.785, 4, 120 MHz, 3996 MHz, 184.58 W, 35
2026/10/08 04:40:30.785, 5, 120 MHz, 3996 MHz, 182.65 W, 34
2026/10/08 04:40:30.785, 6, 120 MHz, 3996 MHz, 184.83 W, 29
2026/10/08 04:40:30.785, 7, 120 MHz, 3996 MHz, 184.61 W, 28
2026/10/08 04:40:31.785, 0, 2010 MHz, 3996 MHz, 1094.52 W, 59
2026/10/08 04:40:31.785, 1, 2002 MHz, 3996 MHz, 1093.67 W, 60
2026/10/08 04:40:31.785, 2, 2032 MHz, 3996 MHz, 241.90 W, 32
2026/10/08 04:40:31.785, 3, 2032 MHz, 3996 MHz, 248.59 W, 32
2026/10/08 04:40:31.785, 4, 120 MHz, 3996 MHz, 184.58 W, 35
2026/10/08 04:40:31.785, 5, 120 MHz, 3996 MHz, 182.65 W, 34
2026/10/08 04:40:31.785, 6, 120 MHz, 3996 MHz, 184.83 W, 29
2026/10/08 04:40:31.785, 7, 120 MHz, 3996 MHz, 184.60 W, 28
2026/10/08 04:40:32.785, 0, 2025 MHz, 3996 MHz, 1093.46 W, 59
2026/10/08 04:40:32.786, 1, 2002 MHz, 3996 MHz, 1091.73 W, 61
2026/10/08 04:40:32.786, 2, 2032 MHz, 3996 MHz, 238.24 W, 32
2026/10/08 04:40:32.786, 3, 2032 MHz, 3996 MHz, 240.56 W, 32
2026/10/08 04:40:32.786, 4, 120 MHz, 3996 MHz, 184.58 W, 35
2026/10/08 04:40:32.786, 5, 120 MHz, 3996 MHz, 182.69 W, 34
2026/10/08 04:40:32.786, 6, 120 MHz, 3996 MHz, 184.83 W, 29
2026/10/08 04:40:32.786, 7, 120 MHz, 3996 MHz, 184.60 W, 28
2026/10/08 04:40:33.786, 0, 2017 MHz, 3996 MHz, 1094.63 W, 59
2026/10/08 04:40:33.786, 1, 1995 MHz, 3996 MHz, 1091.95 W, 61
2026/10/08 04:40:33.786, 2, 2032 MHz, 3996 MHz, 236.63 W, 32
2026/10/08 04:40:33.786, 3, 2032 MHz, 3996 MHz, 242.86 W, 32
2026/10/08 04:40:33.786, 4, 120 MHz, 3996 MHz, 184.58 W, 35
2026/10/08 04:40:33.786, 5, 120 MHz, 3996 MHz, 182.68 W, 34
2026/10/08 04:40:33.786, 6, 120 MHz, 3996 MHz, 184.83 W, 29
2026/10/08 04:40:33.786, 7, 120 MHz, 3996 MHz, 184.60 W, 28
2026/10/08 04:40:34.786, 0, 2017 MHz, 3996 MHz, 1095.45 W, 59
2026/10/08 04:40:34.786, 1, 2002 MHz, 3996 MHz, 1091.88 W, 61
2026/10/08 04:40:34.786, 2, 2032 MHz, 3996 MHz, 236.65 W, 32
2026/10/08 04:40:34.786, 3, 2032 MHz, 3996 MHz, 237.13 W, 32
2026/10/08 04:40:34.786, 4, 120 MHz, 3996 MHz, 184.54 W, 35
2026/10/08 04:40:34.786, 5, 120 MHz, 3996 MHz, 182.65 W, 34
2026/10/08 04:40:34.786, 6, 120 MHz, 3996 MHz, 184.83 W, 29
2026/10/08 04:40:34.786, 7, 120 MHz, 3996 MHz, 184.60 W, 27
2026/10/08 04:40:35.786, 0, 2017 MHz, 3996 MHz, 1094.13 W, 60
2026/10/08 04:40:35.787, 1, 1995 MHz, 3996 MHz, 1090.78 W, 61
2026/10/08 04:40:35.787, 2, 2032 MHz, 3996 MHz, 236.97 W, 32
2026/10/08 04:40:35.787, 3, 2032 MHz, 3996 MHz, 236.66 W, 32
2026/10/08 04:40:35.787, 4, 120 MHz, 3996 MHz, 184.58 W, 35
2026/10/08 04:40:35.787, 5, 120 MHz, 3996 MHz, 182.69 W, 34
2026/10/08 04:40:35.787, 6, 120 MHz, 3996 MHz, 184.83 W, 29
2026/10/08 04:40:35.787, 7, 120 MHz, 3996 MHz, 184.60 W, 27
2026/10/08 04:40:36.787, 0, 2025 MHz, 3996 MHz, 1093.67 W, 60
2026/10/08 04:40:36.787, 1, 2002 MHz, 3996 MHz, 1091.06 W, 61
2026/10/08 04:40:36.787, 2, 2032 MHz, 3996 MHz, 245.22 W, 32
2026/10/08 04:40:36.787, 3, 2032 MHz, 3996 MHz, 236.71 W, 32
2026/10/08 04:40:36.787, 4, 120 MHz, 3996 MHz, 184.50 W, 35
2026/10/08 04:40:36.787, 5, 120 MHz, 3996 MHz, 182.65 W, 34
2026/10/08 04:40:36.787, 6, 120 MHz, 3996 MHz, 184.83 W, 29
2026/10/08 04:40:36.787, 7, 120 MHz, 3996 MHz, 184.59 W, 27
2026/10/08 04:40:37.787, 0, 2017 MHz, 3996 MHz, 1092.42 W, 60
2026/10/08 04:40:37.787, 1, 2002 MHz, 3996 MHz, 1091.04 W, 61
2026/10/08 04:40:37.787, 2, 2032 MHz, 3996 MHz, 236.66 W, 32
2026/10/08 04:40:37.787, 3, 2032 MHz, 3996 MHz, 237.00 W, 32
2026/10/08 04:40:37.787, 4, 120 MHz, 3996 MHz, 184.09 W, 35
2026/10/08 04:40:37.787, 5, 120 MHz, 3996 MHz, 182.65 W, 34
2026/10/08 04:40:37.787, 6, 120 MHz, 3996 MHz, 184.83 W, 29
2026/10/08 04:40:37.787, 7, 120 MHz, 3996 MHz, 184.60 W, 27
2026/10/08 04:40:38.788, 0, 2017 MHz, 3996 MHz, 1094.23 W, 60
2026/10/08 04:40:38.788, 1, 2002 MHz, 3996 MHz, 1090.41 W, 61
2026/10/08 04:40:38.788, 2, 2032 MHz, 3996 MHz, 236.63 W, 32
2026/10/08 04:40:38.788, 3, 2032 MHz, 3996 MHz, 244.92 W, 32
2026/10/08 04:40:38.788, 4, 120 MHz, 3996 MHz, 183.58 W, 35
2026/10/08 04:40:38.788, 5, 120 MHz, 3996 MHz, 182.65 W, 34
2026/10/08 04:40:38.788, 6, 120 MHz, 3996 MHz, 184.83 W, 29
2026/10/08 04:40:38.788, 7, 120 MHz, 3996 MHz, 184.60 W, 27
2026/10/08 04:40:39.788, 0, 2017 MHz, 3996 MHz, 1093.18 W, 60
2026/10/08 04:40:39.788, 1, 1995 MHz, 3996 MHz, 1090.35 W, 61
2026/10/08 04:40:39.788, 2, 2032 MHz, 3996 MHz, 243.83 W, 32
2026/10/08 04:40:39.788, 3, 2032 MHz, 3996 MHz, 242.43 W, 32
2026/10/08 04:40:39.788, 4, 120 MHz, 3996 MHz, 183.53 W, 35
2026/10/08 04:40:39.788, 5, 120 MHz, 3996 MHz, 182.65 W, 34
2026/10/08 04:40:39.788, 6, 120 MHz, 3996 MHz, 184.83 W, 29
2026/10/08 04:40:39.788, 7, 120 MHz, 3996 MHz, 184.60 W, 27
2026/10/08 04:40:40.788, 0, 2017 MHz, 3996 MHz, 1094.39 W, 60
2026/10/08 04:40:40.788, 1, 2002 MHz, 3996 MHz, 1090.43 W, 61
2026/10/08 04:40:40.788, 2, 2032 MHz, 3996 MHz, 236.35 W, 31
2026/10/08 04:40:40.788, 3, 2032 MHz, 3996 MHz, 236.66 W, 31
2026/10/08 04:40:40.788, 4, 120 MHz, 3996 MHz, 183.41 W, 35
2026/10/08 04:40:40.788, 5, 120 MHz, 3996 MHz, 182.65 W, 34
2026/10/08 04:40:40.788, 6, 120 MHz, 3996 MHz, 184.83 W, 29
2026/10/08 04:40:40.788, 7, 120 MHz, 3996 MHz, 184.61 W, 27
2026/10/08 04:40:41.789, 0, 2025 MHz, 3996 MHz, 1093.48 W, 60
2026/10/08 04:40:41.789, 1, 2002 MHz, 3996 MHz, 1091.42 W, 61
2026/10/08 04:40:41.789, 2, 2032 MHz, 3996 MHz, 235.95 W, 31
2026/10/08 04:40:41.789, 3, 2032 MHz, 3996 MHz, 236.50 W, 31
2026/10/08 04:40:41.789, 4, 120 MHz, 3996 MHz, 183.50 W, 35
2026/10/08 04:40:41.789, 5, 120 MHz, 3996 MHz, 182.65 W, 34
2026/10/08 04:40:41.789, 6, 120 MHz, 3996 MHz, 184.83 W, 29
2026/10/08 04:40:41.789, 7, 120 MHz, 3996 MHz, 184.60 W, 27
2026/10/08 04:40:42.790, 0, 1312 MHz, 3996 MHz, 1097.93 W, 64
2026/10/08 04:40:42.790, 1, 1995 MHz, 3996 MHz, 1092.80 W, 61
2026/10/08 04:40:42.790, 2, 2032 MHz, 3996 MHz, 235.56 W, 31
2026/10/08 04:40:42.790, 3, 2032 MHz, 3996 MHz, 235.99 W, 31
2026/10/08 04:40:42.790, 4, 120 MHz, 3996 MHz, 183.07 W, 35
2026/10/08 04:40:42.791, 5, 120 MHz, 3996 MHz, 182.65 W, 34
2026/10/08 04:40:42.791, 6, 120 MHz, 3996 MHz, 184.83 W, 29
2026/10/08 04:40:42.791, 7, 120 MHz, 3996 MHz, 184.59 W, 27
2026/10/08 04:40:43.791, 0, 1327 MHz, 3996 MHz, 1083.79 W, 64
2026/10/08 04:40:43.791, 1, 2002 MHz, 3996 MHz, 1091.62 W, 61
2026/10/08 04:40:43.791, 2, 2032 MHz, 3996 MHz, 235.21 W, 31
2026/10/08 04:40:43.791, 3, 2032 MHz, 3996 MHz, 236.20 W, 31
2026/10/08 04:40:43.791, 4, 120 MHz, 3996 MHz, 183.22 W, 35
2026/10/08 04:40:43.791, 5, 120 MHz, 3996 MHz, 182.65 W, 34
2026/10/08 04:40:43.791, 6, 120 MHz, 3996 MHz, 184.83 W, 29
2026/10/08 04:40:43.791, 7, 120 MHz, 3996 MHz, 184.60 W, 27
2026/10/08 04:40:44.791, 0, 1342 MHz, 3996 MHz, 1087.49 W, 64
2026/10/08 04:40:44.791, 1, 1297 MHz, 3996 MHz, 1103.10 W, 66
2026/10/08 04:40:44.791, 2, 2032 MHz, 3996 MHz, 235.16 W, 31
2026/10/08 04:40:44.791, 3, 2032 MHz, 3996 MHz, 235.91 W, 31
2026/10/08 04:40:44.791, 4, 120 MHz, 3996 MHz, 183.06 W, 35
2026/10/08 04:40:44.791, 5, 120 MHz, 3996 MHz, 182.65 W, 33
2026/10/08 04:40:44.791, 6, 120 MHz, 3996 MHz, 184.83 W, 29
2026/10/08 04:40:44.791, 7, 120 MHz, 3996 MHz, 184.60 W, 27
2026/10/08 04:40:45.791, 0, 1320 MHz, 3996 MHz, 1085.24 W, 64
2026/10/08 04:40:45.791, 1, 1305 MHz, 3996 MHz, 1089.25 W, 66
2026/10/08 04:40:45.791, 2, 2032 MHz, 3996 MHz, 581.76 W, 36
2026/10/08 04:40:45.791, 3, 2032 MHz, 3996 MHz, 235.68 W, 31
2026/10/08 04:40:45.792, 4, 120 MHz, 3996 MHz, 183.10 W, 35
2026/10/08 04:40:45.792, 5, 120 MHz, 3996 MHz, 182.65 W, 33
2026/10/08 04:40:45.792, 6, 120 MHz, 3996 MHz, 184.83 W, 29
2026/10/08 04:40:45.792, 7, 120 MHz, 3996 MHz, 184.60 W, 27
2026/10/08 04:40:46.792, 0, 1320 MHz, 3996 MHz, 1086.99 W, 65
2026/10/08 04:40:46.792, 1, 1320 MHz, 3996 MHz, 1090.03 W, 66
2026/10/08 04:40:46.792, 2, 2032 MHz, 3996 MHz, 252.43 W, 32
2026/10/08 04:40:46.792, 3, 2032 MHz, 3996 MHz, 583.56 W, 34
2026/10/08 04:40:46.792, 4, 120 MHz, 3996 MHz, 183.09 W, 35
2026/10/08 04:40:46.792, 5, 120 MHz, 3996 MHz, 182.65 W, 33
2026/10/08 04:40:46.792, 6, 120 MHz, 3996 MHz, 184.83 W, 29
2026/10/08 04:40:46.792, 7, 120 MHz, 3996 MHz, 184.60 W, 27
2026/10/08 04:40:47.792, 0, 1335 MHz, 3996 MHz, 1087.76 W, 64
2026/10/08 04:40:47.792, 1, 1297 MHz, 3996 MHz, 1089.22 W, 66
2026/10/08 04:40:47.792, 2, 1320 MHz, 3996 MHz, 1099.61 W, 49
2026/10/08 04:40:47.792, 3, 1357 MHz, 3996 MHz, 386.06 W, 44
2026/10/08 04:40:47.792, 4, 120 MHz, 3996 MHz, 183.08 W, 35
2026/10/08 04:40:47.792, 5, 120 MHz, 3996 MHz, 182.64 W, 33
2026/10/08 04:40:47.792, 6, 120 MHz, 3996 MHz, 184.83 W, 29
2026/10/08 04:40:47.792, 7, 120 MHz, 3996 MHz, 184.60 W, 27
2026/10/08 04:40:48.792, 0, 1320 MHz, 3996 MHz, 1087.15 W, 65
2026/10/08 04:40:48.792, 1, 1327 MHz, 3996 MHz, 1089.60 W, 66
2026/10/08 04:40:48.792, 2, 1320 MHz, 3996 MHz, 1087.27 W, 51
2026/10/08 04:40:48.792, 3, 1327 MHz, 3996 MHz, 1087.45 W, 50
2026/10/08 04:40:48.793, 4, 120 MHz, 3996 MHz, 182.90 W, 35
2026/10/08 04:40:48.793, 5, 120 MHz, 3996 MHz, 182.64 W, 33
2026/10/08 04:40:48.793, 6, 120 MHz, 3996 MHz, 184.83 W, 29
2026/10/08 04:40:48.793, 7, 120 MHz, 3996 MHz, 184.60 W, 27
2026/10/08 04:40:49.793, 0, 1327 MHz, 3996 MHz, 1086.85 W, 65
2026/10/08 04:40:49.793, 1, 1320 MHz, 3996 MHz, 1090.24 W, 66
2026/10/08 04:40:49.793, 2, 1312 MHz, 3996 MHz, 1087.47 W, 51
2026/10/08 04:40:49.793, 3, 1320 MHz, 3996 MHz, 1088.56 W, 51
2026/10/08 04:40:49.793, 4, 120 MHz, 3996 MHz, 182.78 W, 35
2026/10/08 04:40:49.793, 5, 120 MHz, 3996 MHz, 182.64 W, 33
2026/10/08 04:40:49.793, 6, 120 MHz, 3996 MHz, 184.83 W, 29
2026/10/08 04:40:49.793, 7, 120 MHz, 3996 MHz, 184.60 W, 27
2026/10/08 04:40:50.793, 0, 1350 MHz, 3996 MHz, 1086.82 W, 64
2026/10/08 04:40:50.793, 1, 1312 MHz, 3996 MHz, 1089.40 W, 66
2026/10/08 04:40:50.793, 2, 1350 MHz, 3996 MHz, 1086.45 W, 52
2026/10/08 04:40:50.793, 3, 1342 MHz, 3996 MHz, 1088.25 W, 51
2026/10/08 04:40:50.793, 4, 120 MHz, 3996 MHz, 182.94 W, 35
2026/10/08 04:40:50.793, 5, 120 MHz, 3996 MHz, 182.65 W, 33
2026/10/08 04:40:50.793, 6, 120 MHz, 3996 MHz, 184.83 W, 29
2026/10/08 04:40:50.793, 7, 120 MHz, 3996 MHz, 184.59 W, 27
2026/10/08 04:40:51.793, 0, 1837 MHz, 3996 MHz, 1066.48 W, 60
2026/10/08 04:40:51.793, 1, 1320 MHz, 3996 MHz, 1087.99 W, 66
2026/10/08 04:40:51.793, 2, 1342 MHz, 3996 MHz, 1085.23 W, 52
2026/10/08 04:40:51.793, 3, 1342 MHz, 3996 MHz, 1088.81 W, 52
2026/10/08 04:40:51.793, 4, 120 MHz, 3996 MHz, 182.78 W, 35
2026/10/08 04:40:51.793, 5, 120 MHz, 3996 MHz, 182.65 W, 33
2026/10/08 04:40:51.793, 6, 120 MHz, 3996 MHz, 184.83 W, 29
2026/10/08 04:40:51.793, 7, 120 MHz, 3996 MHz, 184.59 W, 27
2026/10/08 04:40:52.794, 0, 2017 MHz, 3996 MHz, 1090.17 W, 60
2026/10/08 04:40:52.794, 1, 1312 MHz, 3996 MHz, 1087.86 W, 66
2026/10/08 04:40:52.794, 2, 1312 MHz, 3996 MHz, 1091.10 W, 53
2026/10/08 04:40:52.794, 3, 1335 MHz, 3996 MHz, 1085.13 W, 52
2026/10/08 04:40:52.794, 4, 120 MHz, 3996 MHz, 182.75 W, 35
2026/10/08 04:40:52.794, 5, 120 MHz, 3996 MHz, 182.65 W, 33
2026/10/08 04:40:52.794, 6, 120 MHz, 3996 MHz, 184.83 W, 29
2026/10/08 04:40:52.794, 7, 120 MHz, 3996 MHz, 184.62 W, 27
2026/10/08 04:40:53.794, 0, 2010 MHz, 3996 MHz, 1091.14 W, 60
2026/10/08 04:40:53.794, 1, 1402 MHz, 3996 MHz, 1084.06 W, 66
2026/10/08 04:40:53.794, 2, 1350 MHz, 3996 MHz, 1086.34 W, 53
2026/10/08 04:40:53.794, 3, 1342 MHz, 3996 MHz, 1085.54 W, 52
2026/10/08 04:40:53.794, 4, 120 MHz, 3996 MHz, 182.82 W, 34
2026/10/08 04:40:53.794, 5, 120 MHz, 3996 MHz, 182.60 W, 33
2026/10/08 04:40:53.794, 6, 120 MHz, 3996 MHz, 184.83 W, 29
2026/10/08 04:40:53.794, 7, 120 MHz, 3996 MHz, 184.61 W, 27
2026/10/08 04:40:54.794, 0, 2017 MHz, 3996 MHz, 1093.28 W, 60
2026/10/08 04:40:54.794, 1, 1995 MHz, 3996 MHz, 1075.59 W, 62
2026/10/08 04:40:54.794, 2, 1357 MHz, 3996 MHz, 1084.44 W, 53
2026/10/08 04:40:54.794, 3, 1350 MHz, 3996 MHz, 1085.71 W, 53
2026/10/08 04:40:54.794, 4, 120 MHz, 3996 MHz, 182.76 W, 34
2026/10/08 04:40:54.794, 5, 120 MHz, 3996 MHz, 182.65 W, 33
2026/10/08 04:40:54.794, 6, 120 MHz, 3996 MHz, 184.83 W, 29
2026/10/08 04:40:54.794, 7, 120 MHz, 3996 MHz, 184.61 W, 27
2026/10/08 04:40:55.794, 0, 2017 MHz, 3996 MHz, 1093.49 W, 61
2026/10/08 04:40:55.794, 1, 1995 MHz, 3996 MHz, 1088.93 W, 62
2026/10/08 04:40:55.794, 2, 1372 MHz, 3996 MHz, 1083.79 W, 53
2026/10/08 04:40:55.795, 3, 1342 MHz, 3996 MHz, 1086.55 W, 53
2026/10/08 04:40:55.795, 4, 120 MHz, 3996 MHz, 182.75 W, 34
2026/10/08 04:40:55.795, 5, 120 MHz, 3996 MHz, 182.65 W, 33
2026/10/08 04:40:55.795, 6, 120 MHz, 3996 MHz, 184.83 W, 29
2026/10/08 04:40:55.795, 7, 120 MHz, 3996 MHz, 184.62 W, 27
2026/10/08 04:40:56.795, 0, 2025 MHz, 3996 MHz, 1094.50 W, 61
2026/10/08 04:40:56.795, 1, 2002 MHz, 3996 MHz, 1090.31 W, 62
2026/10/08 04:40:56.795, 2, 2032 MHz, 3996 MHz, 1053.24 W, 48
2026/10/08 04:40:56.795, 3, 2032 MHz, 3996 MHz, 1058.45 W, 48
2026/10/08 04:40:56.795, 4, 120 MHz, 3996 MHz, 182.67 W, 34
2026/10/08 04:40:56.795, 5, 120 MHz, 3996 MHz, 182.64 W, 33
2026/10/08 04:40:56.795, 6, 120 MHz, 3996 MHz, 184.83 W, 29
2026/10/08 04:40:56.795, 7, 120 MHz, 3996 MHz, 184.60 W, 27
2026/10/08 04:40:57.795, 0, 2010 MHz, 3996 MHz, 1092.30 W, 61
2026/10/08 04:40:57.795, 1, 1995 MHz, 3996 MHz, 1089.45 W, 62
2026/10/08 04:40:57.795, 2, 2032 MHz, 3996 MHz, 1068.73 W, 48
2026/10/08 04:40:57.795, 3, 2032 MHz, 3996 MHz, 1057.48 W, 48
2026/10/08 04:40:57.795, 4, 120 MHz, 3996 MHz, 182.76 W, 34
2026/10/08 04:40:57.795, 5, 120 MHz, 3996 MHz, 182.65 W, 33
2026/10/08 04:40:57.795, 6, 120 MHz, 3996 MHz, 184.83 W, 29
2026/10/08 04:40:57.795, 7, 120 MHz, 3996 MHz, 184.62 W, 27
2026/10/08 04:40:58.795, 0, 2010 MHz, 3996 MHz, 1091.78 W, 61
2026/10/08 04:40:58.795, 1, 2010 MHz, 3996 MHz, 1090.05 W, 62
2026/10/08 04:40:58.795, 2, 2032 MHz, 3996 MHz, 1070.14 W, 49
2026/10/08 04:40:58.795, 3, 2032 MHz, 3996 MHz, 1057.16 W, 49
2026/10/08 04:40:58.795, 4, 120 MHz, 3996 MHz, 182.75 W, 34
2026/10/08 04:40:58.795, 5, 120 MHz, 3996 MHz, 182.61 W, 33
2026/10/08 04:40:58.795, 6, 120 MHz, 3996 MHz, 184.83 W, 29
2026/10/08 04:40:58.795, 7, 120 MHz, 3996 MHz, 184.60 W, 27
2026/10/08 04:40:59.796, 0, 2010 MHz, 3996 MHz, 1091.28 W, 61
2026/10/08 04:40:59.796, 1, 2002 MHz, 3996 MHz, 1090.19 W, 62
2026/10/08 04:40:59.796, 2, 2032 MHz, 3996 MHz, 1068.84 W, 49
2026/10/08 04:40:59.796, 3, 2032 MHz, 3996 MHz, 1056.97 W, 49
2026/10/08 04:40:59.796, 4, 120 MHz, 3996 MHz, 182.67 W, 34
2026/10/08 04:40:59.796, 5, 120 MHz, 3996 MHz, 182.64 W, 33
2026/10/08 04:40:59.796, 6, 120 MHz, 3996 MHz, 184.83 W, 29
2026/10/08 04:40:59.796, 7, 120 MHz, 3996 MHz, 184.62 W, 27
2026/10/08 04:41:00.796, 0, 2010 MHz, 3996 MHz, 1093.15 W, 61
2026/10/08 04:41:00.796, 1, 1995 MHz, 3996 MHz, 1090.10 W, 62
2026/10/08 04:41:00.796, 2, 2032 MHz, 3996 MHz, 1068.43 W, 49
2026/10/08 04:41:00.796, 3, 2032 MHz, 3996 MHz, 1056.97 W, 49
2026/10/08 04:41:00.796, 4, 120 MHz, 3996 MHz, 182.71 W, 34
2026/10/08 04:41:00.796, 5, 120 MHz, 3996 MHz, 182.65 W, 33
2026/10/08 04:41:00.796, 6, 120 MHz, 3996 MHz, 184.83 W, 29
2026/10/08 04:41:00.796, 7, 120 MHz, 3996 MHz, 184.60 W, 27
2026/10/08 04:41:01.796, 0, 2010 MHz, 3996 MHz, 1093.52 W, 61
2026/10/08 04:41:01.796, 1, 1995 MHz, 3996 MHz, 1089.73 W, 62
2026/10/08 04:41:01.796, 2, 2032 MHz, 3996 MHz, 1069.61 W, 50
2026/10/08 04:41:01.796, 3, 2032 MHz, 3996 MHz, 1055.49 W, 49
2026/10/08 04:41:01.796, 4, 120 MHz, 3996 MHz, 182.64 W, 34
2026/10/08 04:41:01.796, 5, 120 MHz, 3996 MHz, 182.60 W, 33
2026/10/08 04:41:01.796, 6, 120 MHz, 3996 MHz, 184.83 W, 29
2026/10/08 04:41:01.796, 7, 120 MHz, 3996 MHz, 184.61 W, 27
2026/10/08 04:41:02.796, 0, 2025 MHz, 3996 MHz, 1093.79 W, 61
2026/10/08 04:41:02.796, 1, 1995 MHz, 3996 MHz, 1088.49 W, 62
2026/10/08 04:41:02.796, 2, 2032 MHz, 3996 MHz, 1071.63 W, 50
2026/10/08 04:41:02.796, 3, 2032 MHz, 3996 MHz, 1059.78 W, 50
2026/10/08 04:41:02.796, 4, 120 MHz, 3996 MHz, 182.64 W, 34
2026/10/08 04:41:02.796, 5, 120 MHz, 3996 MHz, 182.64 W, 33
2026/10/08 04:41:02.796, 6, 120 MHz, 3996 MHz, 184.83 W, 29
2026/10/08 04:41:02.796, 7, 120 MHz, 3996 MHz, 184.60 W, 27
2026/10/08 04:41:03.797, 0, 2010 MHz, 3996 MHz, 1093.10 W, 61
2026/10/08 04:41:03.797, 1, 2002 MHz, 3996 MHz, 1089.68 W, 62
2026/10/08 04:41:03.797, 2, 2032 MHz, 3996 MHz, 1071.92 W, 50
2026/10/08 04:41:03.797, 3, 2032 MHz, 3996 MHz, 1062.96 W, 50
2026/10/08 04:41:03.797, 4, 120 MHz, 3996 MHz, 182.68 W, 34
2026/10/08 04:41:03.797, 5, 120 MHz, 3996 MHz, 182.65 W, 33
2026/10/08 04:41:03.797, 6, 120 MHz, 3996 MHz, 184.83 W, 29
2026/10/08 04:41:03.797, 7, 120 MHz, 3996 MHz, 184.60 W, 27
2026/10/08 04:41:04.797, 0, 2017 MHz, 3996 MHz, 1092.17 W, 61
2026/10/08 04:41:04.797, 1, 2002 MHz, 3996 MHz, 1089.84 W, 62
2026/10/08 04:41:04.797, 2, 2032 MHz, 3996 MHz, 1072.31 W, 50
2026/10/08 04:41:04.797, 3, 2032 MHz, 3996 MHz, 1060.63 W, 50
2026/10/08 04:41:04.797, 4, 120 MHz, 3996 MHz, 182.72 W, 34
2026/10/08 04:41:04.797, 5, 120 MHz, 3996 MHz, 182.61 W, 33
2026/10/08 04:41:04.797, 6, 120 MHz, 3996 MHz, 184.83 W, 29
2026/10/08 04:41:04.797, 7, 120 MHz, 3996 MHz, 184.60 W, 27
2026/10/08 04:41:05.797, 0, 2010 MHz, 3996 MHz, 1091.53 W, 61
2026/10/08 04:41:05.797, 1, 2010 MHz, 3996 MHz, 1091.38 W, 62
2026/10/08 04:41:05.797, 2, 2032 MHz, 3996 MHz, 1072.24 W, 50
2026/10/08 04:41:05.797, 3, 2032 MHz, 3996 MHz, 1060.18 W, 50
2026/10/08 04:41:05.797, 4, 120 MHz, 3996 MHz, 182.64 W, 34
2026/10/08 04:41:05.797, 5, 120 MHz, 3996 MHz, 182.65 W, 33
2026/10/08 04:41:05.797, 6, 120 MHz, 3996 MHz, 184.83 W, 29
2026/10/08 04:41:05.797, 7, 120 MHz, 3996 MHz, 184.60 W, 27
2026/10/08 04:41:06.797, 0, 2010 MHz, 3996 MHz, 1091.10 W, 61
2026/10/08 04:41:06.798, 1, 2002 MHz, 3996 MHz, 1089.31 W, 62
2026/10/08 04:41:06.798, 2, 2032 MHz, 3996 MHz, 1071.89 W, 50
2026/10/08 04:41:06.798, 3, 2032 MHz, 3996 MHz, 1060.50 W, 50
2026/10/08 04:41:06.798, 4, 120 MHz, 3996 MHz, 182.68 W, 34
2026/10/08 04:41:06.798, 5, 120 MHz, 3996 MHz, 182.65 W, 33
2026/10/08 04:41:06.798, 6, 120 MHz, 3996 MHz, 184.83 W, 29
2026/10/08 04:41:06.798, 7, 120 MHz, 3996 MHz, 184.61 W, 27
2026/10/08 04:41:07.798, 0, 2017 MHz, 3996 MHz, 1091.81 W, 61
2026/10/08 04:41:07.798, 1, 1995 MHz, 3996 MHz, 1089.65 W, 62
2026/10/08 04:41:07.798, 2, 2032 MHz, 3996 MHz, 1071.54 W, 51
2026/10/08 04:41:07.798, 3, 2032 MHz, 3996 MHz, 1060.73 W, 51
2026/10/08 04:41:07.798, 4, 120 MHz, 3996 MHz, 182.68 W, 34
2026/10/08 04:41:07.798, 5, 120 MHz, 3996 MHz, 182.53 W, 33
2026/10/08 04:41:07.798, 6, 120 MHz, 3996 MHz, 184.83 W, 29
2026/10/08 04:41:07.798, 7, 120 MHz, 3996 MHz, 184.65 W, 27
2026/10/08 04:41:08.798, 0, 2017 MHz, 3996 MHz, 1092.56 W, 61
2026/10/08 04:41:08.798, 1, 2002 MHz, 3996 MHz, 1090.14 W, 62
2026/10/08 04:41:08.798, 2, 2032 MHz, 3996 MHz, 1075.24 W, 51
2026/10/08 04:41:08.798, 3, 2032 MHz, 3996 MHz, 1061.43 W, 51
2026/10/08 04:41:08.798, 4, 120 MHz, 3996 MHz, 182.64 W, 34
2026/10/08 04:41:08.798, 5, 120 MHz, 3996 MHz, 182.61 W, 33
2026/10/08 04:41:08.798, 6, 120 MHz, 3996 MHz, 184.83 W, 29
2026/10/08 04:41:08.798, 7, 120 MHz, 3996 MHz, 184.64 W, 27
2026/10/08 04:41:09.798, 0, 2017 MHz, 3996 MHz, 1092.95 W, 61
2026/10/08 04:41:09.798, 1, 1987 MHz, 3996 MHz, 1090.62 W, 62
2026/10/08 04:41:09.798, 2, 2032 MHz, 3996 MHz, 1075.47 W, 51
2026/10/08 04:41:09.798, 3, 2032 MHz, 3996 MHz, 1063.19 W, 51
2026/10/08 04:41:09.798, 4, 120 MHz, 3996 MHz, 182.68 W, 34
2026/10/08 04:41:09.798, 5, 120 MHz, 3996 MHz, 182.65 W, 33
2026/10/08 04:41:09.798, 6, 120 MHz, 3996 MHz, 184.83 W, 29
2026/10/08 04:41:09.798, 7, 120 MHz, 3996 MHz, 184.63 W, 27
2026/10/08 04:41:10.799, 0, 2002 MHz, 3996 MHz, 1092.17 W, 61
2026/10/08 04:41:10.799, 1, 2002 MHz, 3996 MHz, 1090.60 W, 62
2026/10/08 04:41:10.799, 2, 2032 MHz, 3996 MHz, 1074.86 W, 51
2026/10/08 04:41:10.799, 3, 2032 MHz, 3996 MHz, 1063.97 W, 51
2026/10/08 04:41:10.799, 4, 120 MHz, 3996 MHz, 182.64 W, 34
2026/10/08 04:41:10.799, 5, 120 MHz, 3996 MHz, 182.35 W, 32
2026/10/08 04:41:10.799, 6, 120 MHz, 3996 MHz, 184.83 W, 29
2026/10/08 04:41:10.799, 7, 120 MHz, 3996 MHz, 184.62 W, 27
2026/10/08 04:41:11.799, 0, 2010 MHz, 3996 MHz, 1090.90 W, 61
2026/10/08 04:41:11.799, 1, 2002 MHz, 3996 MHz, 1091.01 W, 62
2026/10/08 04:41:11.799, 2, 2032 MHz, 3996 MHz, 1074.87 W, 51
2026/10/08 04:41:11.799, 3, 2032 MHz, 3996 MHz, 1064.07 W, 51
2026/10/08 04:41:11.799, 4, 120 MHz, 3996 MHz, 182.64 W, 34
2026/10/08 04:41:11.799, 5, 120 MHz, 3996 MHz, 182.54 W, 32
2026/10/08 04:41:11.799, 6, 120 MHz, 3996 MHz, 184.83 W, 29
2026/10/08 04:41:11.799, 7, 120 MHz, 3996 MHz, 184.62 W, 27
2026/10/08 04:41:12.799, 0, 2017 MHz, 3996 MHz, 1090.48 W, 61
2026/10/08 04:41:12.799, 1, 1995 MHz, 3996 MHz, 1090.27 W, 62
2026/10/08 04:41:12.799, 2, 2032 MHz, 3996 MHz, 1074.95 W, 51
2026/10/08 04:41:12.799, 3, 2032 MHz, 3996 MHz, 1063.76 W, 51
2026/10/08 04:41:12.799, 4, 120 MHz, 3996 MHz, 183.68 W, 34
2026/10/08 04:41:12.799, 5, 120 MHz, 3996 MHz, 182.54 W, 32
2026/10/08 04:41:12.799, 6, 120 MHz, 3996 MHz, 184.83 W, 29
2026/10/08 04:41:12.799, 7, 120 MHz, 3996 MHz, 184.63 W, 27
2026/10/08 04:41:13.799, 0, 2017 MHz, 3996 MHz, 1091.63 W, 61
2026/10/08 04:41:13.799, 1, 1995 MHz, 3996 MHz, 1088.77 W, 62
2026/10/08 04:41:13.799, 2, 2032 MHz, 3996 MHz, 1071.99 W, 52
2026/10/08 04:41:13.799, 3, 2032 MHz, 3996 MHz, 1062.96 W, 52
2026/10/08 04:41:13.799, 4, 120 MHz, 3996 MHz, 184.57 W, 34
2026/10/08 04:41:13.799, 5, 120 MHz, 3996 MHz, 182.73 W, 32
2026/10/08 04:41:13.799, 6, 120 MHz, 3996 MHz, 184.91 W, 29
2026/10/08 04:41:13.799, 7, 120 MHz, 3996 MHz, 184.65 W, 27
2026/10/08 04:41:14.800, 0, 2010 MHz, 3996 MHz, 1091.16 W, 61
2026/10/08 04:41:14.800, 1, 1995 MHz, 3996 MHz, 1089.83 W, 62
2026/10/08 04:41:14.800, 2, 2032 MHz, 3996 MHz, 1074.72 W, 52
2026/10/08 04:41:14.800, 3, 2032 MHz, 3996 MHz, 1063.79 W, 52
2026/10/08 04:41:14.800, 4, 120 MHz, 3996 MHz, 184.56 W, 33
2026/10/08 04:41:14.800, 5, 120 MHz, 3996 MHz, 182.73 W, 32
2026/10/08 04:41:14.800, 6, 120 MHz, 3996 MHz, 186.62 W, 29
2026/10/08 04:41:14.800, 7, 120 MHz, 3996 MHz, 184.92 W, 27
2026/10/08 04:41:15.800, 0, 2002 MHz, 3996 MHz, 1090.68 W, 61
2026/10/08 04:41:15.800, 1, 1995 MHz, 3996 MHz, 1089.34 W, 62
2026/10/08 04:41:15.800, 2, 2032 MHz, 3996 MHz, 1076.90 W, 52
2026/10/08 04:41:15.800, 3, 2032 MHz, 3996 MHz, 1065.08 W, 52
2026/10/08 04:41:15.800, 4, 120 MHz, 3996 MHz, 184.55 W, 33
2026/10/08 04:41:15.800, 5, 120 MHz, 3996 MHz, 182.72 W, 32
2026/10/08 04:41:15.800, 6, 120 MHz, 3996 MHz, 186.62 W, 29
2026/10/08 04:41:15.800, 7, 120 MHz, 3996 MHz, 186.35 W, 27
2026/10/08 04:41:16.800, 0, 2032 MHz, 3996 MHz, 1039.25 W, 62
2026/10/08 04:41:16.800, 1, 1987 MHz, 3996 MHz, 1086.78 W, 62
2026/10/08 04:41:16.800, 2, 2032 MHz, 3996 MHz, 1077.66 W, 52
2026/10/08 04:41:16.800, 3, 2032 MHz, 3996 MHz, 1068.85 W, 52
2026/10/08 04:41:16.800, 4, 120 MHz, 3996 MHz, 184.52 W, 33
2026/10/08 04:41:16.800, 5, 120 MHz, 3996 MHz, 182.84 W, 32
2026/10/08 04:41:16.800, 6, 120 MHz, 3996 MHz, 186.08 W, 29
2026/10/08 04:41:16.800, 7, 120 MHz, 3996 MHz, 186.28 W, 27
2026/10/08 04:41:17.800, 0, 1335 MHz, 3996 MHz, 1107.54 W, 66
2026/10/08 04:41:17.801, 1, 1995 MHz, 3996 MHz, 1091.13 W, 62
2026/10/08 04:41:17.801, 2, 2032 MHz, 3996 MHz, 1076.88 W, 52
2026/10/08 04:41:17.801, 3, 2032 MHz, 3996 MHz, 1068.39 W, 52
2026/10/08 04:41:17.801, 4, 120 MHz, 3996 MHz, 183.05 W, 33
2026/10/08 04:41:17.801, 5, 120 MHz, 3996 MHz, 182.65 W, 32
2026/10/08 04:41:17.801, 6, 120 MHz, 3996 MHz, 185.69 W, 29
2026/10/08 04:41:17.801, 7, 120 MHz, 3996 MHz, 185.39 W, 27
2026/10/08 04:41:18.801, 0, 1342 MHz, 3996 MHz, 1083.11 W, 66
2026/10/08 04:41:18.801, 1, 1327 MHz, 3996 MHz, 1096.10 W, 67
2026/10/08 04:41:18.801, 2, 2032 MHz, 3996 MHz, 1077.46 W, 52
2026/10/08 04:41:18.801, 3, 2032 MHz, 3996 MHz, 1067.50 W, 52
2026/10/08 04:41:18.801, 4, 120 MHz, 3996 MHz, 182.80 W, 33
2026/10/08 04:41:18.801, 5, 120 MHz, 3996 MHz, 181.95 W, 32
2026/10/08 04:41:18.801, 6, 120 MHz, 3996 MHz, 184.83 W, 29
2026/10/08 04:41:18.801, 7, 120 MHz, 3996 MHz, 184.62 W, 27
2026/10/08 04:41:19.801, 0, 1327 MHz, 3996 MHz, 1085.56 W, 66
2026/10/08 04:41:19.801, 1, 1320 MHz, 3996 MHz, 1089.35 W, 67
2026/10/08 04:41:19.801, 2, 2032 MHz, 3996 MHz, 1075.15 W, 52
2026/10/08 04:41:19.801, 3, 2032 MHz, 3996 MHz, 1064.12 W, 52
2026/10/08 04:41:19.801, 4, 120 MHz, 3996 MHz, 182.93 W, 33
2026/10/08 04:41:19.801, 5, 120 MHz, 3996 MHz, 182.49 W, 32
2026/10/08 04:41:19.801, 6, 120 MHz, 3996 MHz, 184.83 W, 29
2026/10/08 04:41:19.801, 7, 120 MHz, 3996 MHz, 184.62 W, 27
2026/10/08 04:41:20.801, 0, 1365 MHz, 3996 MHz, 1083.20 W, 66
2026/10/08 04:41:20.801, 1, 1327 MHz, 3996 MHz, 1087.73 W, 66
2026/10/08 04:41:20.801, 2, 2032 MHz, 3996 MHz, 932.08 W, 47
2026/10/08 04:41:20.801, 3, 2032 MHz, 3996 MHz, 1067.09 W, 53
2026/10/08 04:41:20.801, 4, 120 MHz, 3996 MHz, 182.78 W, 33
2026/10/08 04:41:20.802, 5, 120 MHz, 3996 MHz, 182.65 W, 32
2026/10/08 04:41:20.802, 6, 120 MHz, 3996 MHz, 184.99 W, 29
2026/10/08 04:41:20.802, 7, 120 MHz, 3996 MHz, 184.62 W, 28
2026/10/08 04:41:21.802, 0, 1327 MHz, 3996 MHz, 1087.21 W, 66
2026/10/08 04:41:21.802, 1, 1297 MHz, 3996 MHz, 1092.84 W, 67
2026/10/08 04:41:21.802, 2, 2032 MHz, 3996 MHz, 497.70 W, 42
2026/10/08 04:41:21.802, 3, 2032 MHz, 3996 MHz, 983.20 W, 52
2026/10/08 04:41:21.802, 4, 120 MHz, 3996 MHz, 182.64 W, 33
2026/10/08 04:41:21.802, 5, 120 MHz, 3996 MHz, 182.45 W, 32
2026/10/08 04:41:21.802, 6, 120 MHz, 3996 MHz, 184.87 W, 29
2026/10/08 04:41:21.802, 7, 120 MHz, 3996 MHz, 184.62 W, 28
2026/10/08 04:41:22.802, 0, 1327 MHz, 3996 MHz, 1084.06 W, 66
2026/10/08 04:41:22.802, 1, 1297 MHz, 3996 MHz, 1089.86 W, 67
2026/10/08 04:41:22.802, 2, 2032 MHz, 3996 MHz, 254.57 W, 40
2026/10/08 04:41:22.802, 3, 2032 MHz, 3996 MHz, 317.80 W, 41
2026/10/08 04:41:22.802, 4, 120 MHz, 3996 MHz, 182.65 W, 33
2026/10/08 04:41:22.802, 5, 120 MHz, 3996 MHz, 181.99 W, 32
2026/10/08 04:41:22.802, 6, 120 MHz, 3996 MHz, 184.83 W, 29
2026/10/08 04:41:22.802, 7, 120 MHz, 3996 MHz, 184.62 W, 28
2026/10/08 04:41:23.802, 0, 1335 MHz, 3996 MHz, 1086.08 W, 66
2026/10/08 04:41:23.802, 1, 1312 MHz, 3996 MHz, 1050.75 W, 67
2026/10/08 04:41:23.802, 2, 2032 MHz, 3996 MHz, 243.51 W, 39
2026/10/08 04:41:23.802, 3, 2032 MHz, 3996 MHz, 255.84 W, 40
2026/10/08 04:41:23.802, 4, 120 MHz, 3996 MHz, 182.64 W, 33
2026/10/08 04:41:23.802, 5, 120 MHz, 3996 MHz, 182.42 W, 32
2026/10/08 04:41:23.802, 6, 120 MHz, 3996 MHz, 184.83 W, 29
2026/10/08 04:41:23.802, 7, 120 MHz, 3996 MHz, 184.61 W, 28
2026/10/08 04:41:24.803, 0, 1335 MHz, 3996 MHz, 1087.12 W, 66
2026/10/08 04:41:24.803, 1, 1297 MHz, 3996 MHz, 1089.96 W, 67
2026/10/08 04:41:24.803, 2, 2032 MHz, 3996 MHz, 241.10 W, 38
2026/10/08 04:41:24.803, 3, 2032 MHz, 3996 MHz, 242.95 W, 39
2026/10/08 04:41:24.803, 4, 120 MHz, 3996 MHz, 182.64 W, 33
2026/10/08 04:41:24.803, 5, 120 MHz, 3996 MHz, 181.79 W, 32
2026/10/08 04:41:24.803, 6, 120 MHz, 3996 MHz, 184.83 W, 29
2026/10/08 04:41:24.803, 7, 120 MHz, 3996 MHz, 184.62 W, 28
2026/10/08 04:41:25.803, 0, 1372 MHz, 3996 MHz, 1077.75 W, 64
2026/10/08 04:41:25.803, 1, 1372 MHz, 3996 MHz, 1086.81 W, 67
2026/10/08 04:41:25.803, 2, 2032 MHz, 3996 MHz, 240.82 W, 38
2026/10/08 04:41:25.803, 3, 2032 MHz, 3996 MHz, 242.60 W, 39
2026/10/08 04:41:25.803, 4, 120 MHz, 3996 MHz, 182.80 W, 33
2026/10/08 04:41:25.803, 5, 120 MHz, 3996 MHz, 181.91 W, 32
2026/10/08 04:41:25.803, 6, 120 MHz, 3996 MHz, 184.83 W, 29
2026/10/08 04:41:25.803, 7, 120 MHz, 3996 MHz, 184.63 W, 28
2026/10/08 04:41:26.803, 0, 2017 MHz, 3996 MHz, 1076.09 W, 62
2026/10/08 04:41:26.803, 1, 1335 MHz, 3996 MHz, 1086.22 W, 67
2026/10/08 04:41:26.803, 2, 2032 MHz, 3996 MHz, 240.60 W, 38
2026/10/08 04:41:26.803, 3, 2032 MHz, 3996 MHz, 242.45 W, 38
2026/10/08 04:41:26.803, 4, 120 MHz, 3996 MHz, 182.72 W, 33
2026/10/08 04:41:26.803, 5, 120 MHz, 3996 MHz, 182.53 W, 32
2026/10/08 04:41:26.803, 6, 120 MHz, 3996 MHz, 184.83 W, 29
2026/10/08 04:41:26.803, 7, 120 MHz, 3996 MHz, 184.63 W, 28
2026/10/08 04:41:27.803, 0, 2002 MHz, 3996 MHz, 1092.30 W, 62
2026/10/08 04:41:27.804, 1, 1305 MHz, 3996 MHz, 1088.47 W, 67
2026/10/08 04:41:27.804, 2, 2032 MHz, 3996 MHz, 240.53 W, 37
2026/10/08 04:41:27.804, 3, 2032 MHz, 3996 MHz, 241.80 W, 38
2026/10/08 04:41:27.804, 4, 120 MHz, 3996 MHz, 182.64 W, 33
2026/10/08 04:41:27.804, 5, 120 MHz, 3996 MHz, 182.57 W, 32
2026/10/08 04:41:27.804, 6, 120 MHz, 3996 MHz, 184.83 W, 29
2026/10/08 04:41:27.804, 7, 120 MHz, 3996 MHz, 184.64 W, 28
2026/10/08 04:41:28.804, 0, 2010 MHz, 3996 MHz, 1091.12 W, 62
2026/10/08 04:41:28.804, 1, 2032 MHz, 3996 MHz, 1063.69 W, 62
2026/10/08 04:41:28.804, 2, 2032 MHz, 3996 MHz, 240.51 W, 37
2026/10/08 04:41:28.804, 3, 2032 MHz, 3996 MHz, 241.65 W, 37
2026/10/08 04:41:28.804, 4, 120 MHz, 3996 MHz, 182.65 W, 33
2026/10/08 04:41:28.804, 5, 120 MHz, 3996 MHz, 182.13 W, 32
2026/10/08 04:41:28.804, 6, 120 MHz, 3996 MHz, 184.83 W, 29
2026/10/08 04:41:28.804, 7, 120 MHz, 3996 MHz, 184.64 W, 28
2026/10/08 04:41:29.804, 0, 2032 MHz, 3996 MHz, 850.11 W, 57
2026/10/08 04:41:29.804, 1, 2002 MHz, 3996 MHz, 1094.77 W, 63
2026/10/08 04:41:29.804, 2, 2032 MHz, 3996 MHz, 239.03 W, 37
2026/10/08 04:41:29.804, 3, 2032 MHz, 3996 MHz, 240.61 W, 37
2026/10/08 04:41:29.804, 4, 120 MHz, 3996 MHz, 182.65 W, 33
2026/10/08 04:41:29.804, 5, 120 MHz, 3996 MHz, 182.31 W, 32
2026/10/08 04:41:29.804, 6, 120 MHz, 3996 MHz, 184.83 W, 29
2026/10/08 04:41:29.804, 7, 120 MHz, 3996 MHz, 184.66 W, 28
2026/10/08 04:41:30.804, 0, 2017 MHz, 3996 MHz, 1051.33 W, 61
2026/10/08 04:41:30.804, 1, 2002 MHz, 3996 MHz, 1089.88 W, 63
2026/10/08 04:41:30.804, 2, 292 MHz, 3996 MHz, 194.76 W, 36
2026/10/08 04:41:30.804, 3, 345 MHz, 3996 MHz, 214.02 W, 36
2026/10/08 04:41:30.804, 4, 120 MHz, 3996 MHz, 182.64 W, 33
2026/10/08 04:41:30.804, 5, 120 MHz, 3996 MHz, 182.32 W, 32
2026/10/08 04:41:30.804, 6, 120 MHz, 3996 MHz, 184.83 W, 29
2026/10/08 04:41:30.804, 7, 120 MHz, 3996 MHz, 184.61 W, 28
2026/10/08 04:41:31.805, 0, 2010 MHz, 3996 MHz, 1092.94 W, 62
2026/10/08 04:41:31.805, 1, 2002 MHz, 3996 MHz, 1090.20 W, 63
2026/10/08 04:41:31.805, 2, 180 MHz, 3996 MHz, 187.89 W, 35
2026/10/08 04:41:31.805, 3, 217 MHz, 3996 MHz, 187.22 W, 36
2026/10/08 04:41:31.805, 4, 120 MHz, 3996 MHz, 182.65 W, 33
2026/10/08 04:41:31.805, 5, 120 MHz, 3996 MHz, 182.59 W, 32
2026/10/08 04:41:31.805, 6, 120 MHz, 3996 MHz, 184.83 W, 29
2026/10/08 04:41:31.805, 7, 120 MHz, 3996 MHz, 184.65 W, 28
2026/10/08 04:41:32.805, 0, 2017 MHz, 3996 MHz, 1091.39 W, 62
2026/10/08 04:41:32.805, 1, 2002 MHz, 3996 MHz, 1089.64 W, 63
2026/10/08 04:41:32.805, 2, 967 MHz, 3996 MHz, 191.46 W, 35
2026/10/08 04:41:32.805, 3, 450 MHz, 3996 MHz, 186.77 W, 35
2026/10/08 04:41:32.805, 4, 120 MHz, 3996 MHz, 182.65 W, 33
2026/10/08 04:41:32.805, 5, 120 MHz, 3996 MHz, 182.58 W, 32
2026/10/08 04:41:32.805, 6, 120 MHz, 3996 MHz, 184.83 W, 29
2026/10/08 04:41:32.805, 7, 120 MHz, 3996 MHz, 184.64 W, 28
2026/10/08 04:41:33.805, 0, 2010 MHz, 3996 MHz, 1092.35 W, 62
2026/10/08 04:41:33.805, 1, 2002 MHz, 3996 MHz, 1092.50 W, 63
2026/10/08 04:41:33.805, 2, 960 MHz, 3996 MHz, 196.43 W, 35
2026/10/08 04:41:33.805, 3, 502 MHz, 3996 MHz, 189.85 W, 35
2026/10/08 04:41:33.805, 4, 120 MHz, 3996 MHz, 182.68 W, 33
2026/10/08 04:41:33.805, 5, 120 MHz, 3996 MHz, 181.89 W, 32
2026/10/08 04:41:33.805, 6, 120 MHz, 3996 MHz, 184.83 W, 29
2026/10/08 04:41:33.805, 7, 120 MHz, 3996 MHz, 184.67 W, 28
2026/10/08 04:41:34.805, 0, 2017 MHz, 3996 MHz, 1090.48 W, 62
2026/10/08 04:41:34.806, 1, 1995 MHz, 3996 MHz, 1089.54 W, 62
2026/10/08 04:41:34.806, 2, 150 MHz, 3996 MHz, 191.12 W, 34
2026/10/08 04:41:34.806, 3, 120 MHz, 3996 MHz, 188.20 W, 35
2026/10/08 04:41:34.806, 4, 120 MHz, 3996 MHz, 182.65 W, 33
2026/10/08 04:41:34.806, 5, 120 MHz, 3996 MHz, 182.57 W, 32
2026/10/08 04:41:34.806, 6, 120 MHz, 3996 MHz, 184.91 W, 29
2026/10/08 04:41:34.806, 7, 120 MHz, 3996 MHz, 184.64 W, 28
2026/10/08 04:41:35.806, 0, 2017 MHz, 3996 MHz, 1093.76 W, 62
2026/10/08 04:41:35.806, 1, 2002 MHz, 3996 MHz, 1090.43 W, 62
2026/10/08 04:41:35.806, 2, 120 MHz, 3996 MHz, 186.43 W, 34
2026/10/08 04:41:35.806, 3, 120 MHz, 3996 MHz, 186.05 W, 34
2026/10/08 04:41:35.806, 4, 120 MHz, 3996 MHz, 182.65 W, 33
2026/10/08 04:41:35.806, 5, 120 MHz, 3996 MHz, 182.45 W, 32
2026/10/08 04:41:35.806, 6, 120 MHz, 3996 MHz, 184.99 W, 29
2026/10/08 04:41:35.806, 7, 120 MHz, 3996 MHz, 184.62 W, 28
2026/10/08 04:41:36.806, 0, 2032 MHz, 3996 MHz, 1082.83 W, 61
2026/10/08 04:41:36.806, 1, 1995 MHz, 3996 MHz, 1090.20 W, 62
2026/10/08 04:41:36.806, 2, 120 MHz, 3996 MHz, 186.05 W, 34
2026/10/08 04:41:36.806, 3, 120 MHz, 3996 MHz, 185.97 W, 34
2026/10/08 04:41:36.806, 4, 120 MHz, 3996 MHz, 182.65 W, 33
2026/10/08 04:41:36.806, 5, 120 MHz, 3996 MHz, 181.77 W, 32
2026/10/08 04:41:36.806, 6, 120 MHz, 3996 MHz, 184.91 W, 29
2026/10/08 04:41:36.806, 7, 120 MHz, 3996 MHz, 184.63 W, 28
2026/10/08 04:41:37.806, 0, 2010 MHz, 3996 MHz, 1093.60 W, 61
2026/10/08 04:41:37.806, 1, 2032 MHz, 3996 MHz, 796.96 W, 57
2026/10/08 04:41:37.806, 2, 120 MHz, 3996 MHz, 186.05 W, 34
2026/10/08 04:41:37.806, 3, 120 MHz, 3996 MHz, 185.42 W, 34
2026/10/08 04:41:37.806, 4, 120 MHz, 3996 MHz, 182.65 W, 33
2026/10/08 04:41:37.806, 5, 120 MHz, 3996 MHz, 181.43 W, 32
2026/10/08 04:41:37.806, 6, 120 MHz, 3996 MHz, 184.83 W, 29
2026/10/08 04:41:37.806, 7, 120 MHz, 3996 MHz, 184.66 W, 28
2026/10/08 04:41:38.807, 0, 2010 MHz, 3996 MHz, 1091.72 W, 61
2026/10/08 04:41:38.807, 1, 2010 MHz, 3996 MHz, 1096.29 W, 62
2026/10/08 04:41:38.807, 2, 120 MHz, 3996 MHz, 186.05 W, 34
2026/10/08 04:41:38.807, 3, 120 MHz, 3996 MHz, 184.61 W, 34
2026/10/08 04:41:38.807, 4, 120 MHz, 3996 MHz, 182.65 W, 33
2026/10/08 04:41:38.807, 5, 120 MHz, 3996 MHz, 181.72 W, 32
2026/10/08 04:41:38.807, 6, 120 MHz, 3996 MHz, 184.83 W, 29
2026/10/08 04:41:38.807, 7, 120 MHz, 3996 MHz, 184.63 W, 28
2026/10/08 04:41:39.807, 0, 2010 MHz, 3996 MHz, 1091.40 W, 61
2026/10/08 04:41:39.807, 1, 2002 MHz, 3996 MHz, 1092.52 W, 62
2026/10/08 04:41:39.807, 2, 120 MHz, 3996 MHz, 186.05 W, 33
2026/10/08 04:41:39.807, 3, 120 MHz, 3996 MHz, 184.10 W, 34
2026/10/08 04:41:39.807, 4, 120 MHz, 3996 MHz, 182.64 W, 33
2026/10/08 04:41:39.807, 5, 120 MHz, 3996 MHz, 181.74 W, 32
2026/10/08 04:41:39.807, 6, 120 MHz, 3996 MHz, 184.83 W, 29
2026/10/08 04:41:39.807, 7, 120 MHz, 3996 MHz, 184.64 W, 28
2026/10/08 04:41:40.807, 0, 2010 MHz, 3996 MHz, 1091.80 W, 61
2026/10/08 04:41:40.807, 1, 2010 MHz, 3996 MHz, 1091.59 W, 62
2026/10/08 04:41:40.807, 2, 120 MHz, 3996 MHz, 186.05 W, 33
2026/10/08 04:41:40.807, 3, 120 MHz, 3996 MHz, 184.40 W, 34
2026/10/08 04:41:40.807, 4, 120 MHz, 3996 MHz, 182.65 W, 33
2026/10/08 04:41:40.807, 5, 120 MHz, 3996 MHz, 181.49 W, 32
2026/10/08 04:41:40.807, 6, 120 MHz, 3996 MHz, 184.83 W, 29
2026/10/08 04:41:40.807, 7, 120 MHz, 3996 MHz, 184.64 W, 28
2026/10/08 04:41:41.807, 0, 2025 MHz, 3996 MHz, 1090.32 W, 61
2026/10/08 04:41:41.808, 1, 2002 MHz, 3996 MHz, 1093.29 W, 62
2026/10/08 04:41:41.808, 2, 120 MHz, 3996 MHz, 186.05 W, 33
2026/10/08 04:41:41.808, 3, 120 MHz, 3996 MHz, 185.42 W, 33
2026/10/08 04:41:41.808, 4, 120 MHz, 3996 MHz, 182.65 W, 33
2026/10/08 04:41:41.808, 5, 120 MHz, 3996 MHz, 181.68 W, 32
2026/10/08 04:41:41.808, 6, 120 MHz, 3996 MHz, 184.83 W, 29
2026/10/08 04:41:41.808, 7, 120 MHz, 3996 MHz, 184.65 W, 28
2026/10/08 04:41:42.808, 0, 2025 MHz, 3996 MHz, 1091.94 W, 61
2026/10/08 04:41:42.808, 1, 2010 MHz, 3996 MHz, 1090.47 W, 62
2026/10/08 04:41:42.808, 2, 120 MHz, 3996 MHz, 186.05 W, 33
2026/10/08 04:41:42.808, 3, 120 MHz, 3996 MHz, 185.24 W, 33
2026/10/08 04:41:42.808, 4, 120 MHz, 3996 MHz, 182.64 W, 33
2026/10/08 04:41:42.808, 5, 120 MHz, 3996 MHz, 182.23 W, 32
2026/10/08 04:41:42.808, 6, 120 MHz, 3996 MHz, 184.91 W, 29
2026/10/08 04:41:42.808, 7, 120 MHz, 3996 MHz, 184.64 W, 28
2026/10/08 04:41:43.808, 0, 2025 MHz, 3996 MHz, 1093.42 W, 61
2026/10/08 04:41:43.808, 1, 2002 MHz, 3996 MHz, 1090.54 W, 62
2026/10/08 04:41:43.808, 2, 120 MHz, 3996 MHz, 186.05 W, 33
2026/10/08 04:41:43.808, 3, 120 MHz, 3996 MHz, 184.40 W, 33
2026/10/08 04:41:43.808, 4, 120 MHz, 3996 MHz, 182.65 W, 33
2026/10/08 04:41:43.808, 5, 120 MHz, 3996 MHz, 181.95 W, 32
2026/10/08 04:41:43.808, 6, 120 MHz, 3996 MHz, 184.83 W, 29
2026/10/08 04:41:43.808, 7, 120 MHz, 3996 MHz, 184.65 W, 28
2026/10/08 04:41:44.808, 0, 2010 MHz, 3996 MHz, 1093.64 W, 61
2026/10/08 04:41:44.808, 1, 2017 MHz, 3996 MHz, 1087.19 W, 62
2026/10/08 04:41:44.808, 2, 120 MHz, 3996 MHz, 186.05 W, 33
2026/10/08 04:41:44.808, 3, 120 MHz, 3996 MHz, 184.40 W, 33
2026/10/08 04:41:44.808, 4, 120 MHz, 3996 MHz, 182.65 W, 33
2026/10/08 04:41:44.808, 5, 120 MHz, 3996 MHz, 181.84 W, 32
2026/10/08 04:41:44.808, 6, 120 MHz, 3996 MHz, 184.91 W, 29
2026/10/08 04:41:44.808, 7, 120 MHz, 3996 MHz, 184.65 W, 28
2026/10/08 04:41:45.809, 0, 2032 MHz, 3996 MHz, 721.57 W, 55
2026/10/08 04:41:45.809, 1, 2010 MHz, 3996 MHz, 1090.61 W, 62
2026/10/08 04:41:45.809, 2, 120 MHz, 3996 MHz, 186.05 W, 33
2026/10/08 04:41:45.809, 3, 120 MHz, 3996 MHz, 184.13 W, 33
2026/10/08 04:41:45.809, 4, 120 MHz, 3996 MHz, 182.65 W, 33
2026/10/08 04:41:45.809, 5, 120 MHz, 3996 MHz, 181.85 W, 32
2026/10/08 04:41:45.809, 6, 120 MHz, 3996 MHz, 184.83 W, 29
2026/10/08 04:41:45.809, 7, 120 MHz, 3996 MHz, 184.60 W, 28
2026/10/08 04:41:46.809, 0, 2032 MHz, 3996 MHz, 617.93 W, 54
2026/10/08 04:41:46.809, 1, 2010 MHz, 3996 MHz, 1092.46 W, 62
2026/10/08 04:41:46.809, 2, 120 MHz, 3996 MHz, 186.05 W, 32
2026/10/08 04:41:46.809, 3, 120 MHz, 3996 MHz, 184.13 W, 33
2026/10/08 04:41:46.809, 4, 120 MHz, 3996 MHz, 182.64 W, 33
2026/10/08 04:41:46.809, 5, 120 MHz, 3996 MHz, 181.95 W, 32
2026/10/08 04:41:46.809, 6, 120 MHz, 3996 MHz, 184.83 W, 29
2026/10/08 04:41:46.809, 7, 120 MHz, 3996 MHz, 184.62 W, 28
2026/10/08 04:41:47.809, 0, 2017 MHz, 3996 MHz, 871.54 W, 59
2026/10/08 04:41:47.809, 1, 2002 MHz, 3996 MHz, 1092.70 W, 61
2026/10/08 04:41:47.809, 2, 120 MHz, 3996 MHz, 185.58 W, 32
2026/10/08 04:41:47.809, 3, 120 MHz, 3996 MHz, 184.09 W, 33
2026/10/08 04:41:47.809, 4, 120 MHz, 3996 MHz, 182.65 W, 33
2026/10/08 04:41:47.809, 5, 120 MHz, 3996 MHz, 181.84 W, 32
2026/10/08 04:41:47.809, 6, 120 MHz, 3996 MHz, 184.83 W, 29
2026/10/08 04:41:47.809, 7, 120 MHz, 3996 MHz, 184.62 W, 28
2026/10/08 04:41:48.809, 0, 2025 MHz, 3996 MHz, 1094.52 W, 60
2026/10/08 04:41:48.810, 1, 2010 MHz, 3996 MHz, 1090.48 W, 61
2026/10/08 04:41:48.810, 2, 120 MHz, 3996 MHz, 184.17 W, 32
2026/10/08 04:41:48.810, 3, 120 MHz, 3996 MHz, 184.09 W, 33
2026/10/08 04:41:48.810, 4, 120 MHz, 3996 MHz, 182.65 W, 33
2026/10/08 04:41:48.810, 5, 120 MHz, 3996 MHz, 181.72 W, 32
2026/10/08 04:41:48.810, 6, 120 MHz, 3996 MHz, 184.83 W, 29
2026/10/08 04:41:48.810, 7, 120 MHz, 3996 MHz, 184.62 W, 28
2026/10/08 04:41:49.810, 0, 2017 MHz, 3996 MHz, 1094.17 W, 60
2026/10/08 04:41:49.810, 1, 2025 MHz, 3996 MHz, 1090.70 W, 61
2026/10/08 04:41:49.810, 2, 120 MHz, 3996 MHz, 184.90 W, 32
2026/10/08 04:41:49.810, 3, 120 MHz, 3996 MHz, 183.94 W, 33
2026/10/08 04:41:49.810, 4, 120 MHz, 3996 MHz, 182.65 W, 33
2026/10/08 04:41:49.810, 5, 120 MHz, 3996 MHz, 182.22 W, 32
2026/10/08 04:41:49.810, 6, 120 MHz, 3996 MHz, 184.83 W, 29
2026/10/08 04:41:49.810, 7, 120 MHz, 3996 MHz, 184.62 W, 28
2026/10/08 04:41:50.811, 0, 2017 MHz, 3996 MHz, 1093.34 W, 60
2026/10/08 04:41:50.811, 1, 2002 MHz, 3996 MHz, 1091.80 W, 61
2026/10/08 04:41:50.811, 2, 120 MHz, 3996 MHz, 185.39 W, 32
2026/10/08 04:41:50.811, 3, 120 MHz, 3996 MHz, 184.10 W, 33
2026/10/08 04:41:50.811, 4, 120 MHz, 3996 MHz, 182.65 W, 33
2026/10/08 04:41:50.811, 5, 120 MHz, 3996 MHz, 182.08 W, 32
2026/10/08 04:41:50.811, 6, 120 MHz, 3996 MHz, 184.83 W, 29
2026/10/08 04:41:50.811, 7, 120 MHz, 3996 MHz, 184.62 W, 28
2026/10/08 04:41:51.811, 0, 2032 MHz, 3996 MHz, 1092.15 W, 60
2026/10/08 04:41:51.811, 1, 2002 MHz, 3996 MHz, 1090.07 W, 61
2026/10/08 04:41:51.811, 2, 120 MHz, 3996 MHz, 184.72 W, 32
2026/10/08 04:41:51.811, 3, 120 MHz, 3996 MHz, 183.98 W, 32
2026/10/08 04:41:51.811, 4, 120 MHz, 3996 MHz, 182.65 W, 33
2026/10/08 04:41:51.811, 5, 120 MHz, 3996 MHz, 182.29 W, 32
2026/10/08 04:41:51.811, 6, 120 MHz, 3996 MHz, 184.95 W, 30
2026/10/08 04:41:51.811, 7, 120 MHz, 3996 MHz, 184.62 W, 28
2026/10/08 04:41:52.811, 0, 1327 MHz, 3996 MHz, 1095.06 W, 65
2026/10/08 04:41:52.811, 1, 2010 MHz, 3996 MHz, 1102.03 W, 65
2026/10/08 04:41:52.811, 2, 120 MHz, 3996 MHz, 184.17 W, 32
2026/10/08 04:41:52.811, 3, 120 MHz, 3996 MHz, 183.92 W, 32
2026/10/08 04:41:52.811, 4, 120 MHz, 3996 MHz, 182.65 W, 33
2026/10/08 04:41:52.811, 5, 120 MHz, 3996 MHz, 182.26 W, 32
2026/10/08 04:41:52.811, 6, 120 MHz, 3996 MHz, 184.99 W, 30
2026/10/08 04:41:52.811, 7, 120 MHz, 3996 MHz, 184.67 W, 29
2026/10/08 04:41:53.811, 0, 1342 MHz, 3996 MHz, 1084.39 W, 65
2026/10/08 04:41:53.811, 1, 1350 MHz, 3996 MHz, 1088.30 W, 66
2026/10/08 04:41:53.811, 2, 120 MHz, 3996 MHz, 184.09 W, 32
2026/10/08 04:41:53.811, 3, 120 MHz, 3996 MHz, 183.87 W, 32
2026/10/08 04:41:53.811, 4, 120 MHz, 3996 MHz, 182.65 W, 33
2026/10/08 04:41:53.811, 5, 120 MHz, 3996 MHz, 182.08 W, 32
2026/10/08 04:41:53.811, 6, 120 MHz, 3996 MHz, 184.91 W, 30
2026/10/08 04:41:53.811, 7, 120 MHz, 3996 MHz, 184.84 W, 29
2026/10/08 04:41:54.812, 0, 1320 MHz, 3996 MHz, 1085.42 W, 64
2026/10/08 04:41:54.812, 1, 2032 MHz, 3996 MHz, 838.31 W, 60
2026/10/08 04:41:54.812, 2, 120 MHz, 3996 MHz, 184.09 W, 32
2026/10/08 04:41:54.812, 3, 120 MHz, 3996 MHz, 183.95 W, 32
2026/10/08 04:41:54.812, 4, 120 MHz, 3996 MHz, 182.65 W, 33
2026/10/08 04:41:54.812, 5, 120 MHz, 3996 MHz, 181.89 W, 32
2026/10/08 04:41:54.812, 6, 120 MHz, 3996 MHz, 184.83 W, 30
2026/10/08 04:41:54.812, 7, 120 MHz, 3996 MHz, 184.61 W, 29
2026/10/08 04:41:55.812, 0, 1335 MHz, 3996 MHz, 1085.11 W, 64
2026/10/08 04:41:55.812, 1, 2032 MHz, 3996 MHz, 810.33 W, 60
2026/10/08 04:41:55.812, 2, 120 MHz, 3996 MHz, 184.09 W, 32
2026/10/08 04:41:55.812, 3, 120 MHz, 3996 MHz, 183.75 W, 32
2026/10/08 04:41:55.812, 4, 120 MHz, 3996 MHz, 182.64 W, 33
2026/10/08 04:41:55.812, 5, 120 MHz, 3996 MHz, 181.99 W, 32
2026/10/08 04:41:55.812, 6, 120 MHz, 3996 MHz, 184.83 W, 30
2026/10/08 04:41:55.812, 7, 120 MHz, 3996 MHz, 184.64 W, 29
2026/10/08 04:41:56.812, 0, 1327 MHz, 3996 MHz, 1087.48 W, 64
2026/10/08 04:41:56.812, 1, 1282 MHz, 3996 MHz, 965.38 W, 64
2026/10/08 04:41:56.812, 2, 120 MHz, 3996 MHz, 184.09 W, 32
2026/10/08 04:41:56.812, 3, 120 MHz, 3996 MHz, 183.68 W, 32
2026/10/08 04:41:56.812, 4, 120 MHz, 3996 MHz, 182.64 W, 33
2026/10/08 04:41:56.812, 5, 120 MHz, 3996 MHz, 182.00 W, 32
2026/10/08 04:41:56.812, 6, 120 MHz, 3996 MHz, 184.83 W, 30
2026/10/08 04:41:56.812, 7, 120 MHz, 3996 MHz, 184.62 W, 29
2026/10/08 04:41:57.812, 0, 1320 MHz, 3996 MHz, 1086.17 W, 64
2026/10/08 04:41:57.812, 1, 1320 MHz, 3996 MHz, 1089.22 W, 65
2026/10/08 04:41:57.812, 2, 120 MHz, 3996 MHz, 184.09 W, 32
2026/10/08 04:41:57.812, 3, 120 MHz, 3996 MHz, 183.28 W, 32
2026/10/08 04:41:57.812, 4, 120 MHz, 3996 MHz, 182.65 W, 33
2026/10/08 04:41:57.812, 5, 120 MHz, 3996 MHz, 181.95 W, 32
2026/10/08 04:41:57.812, 6, 120 MHz, 3996 MHz, 184.83 W, 30
2026/10/08 04:41:57.812, 7, 120 MHz, 3996 MHz, 184.63 W, 29
2026/10/08 04:41:58.813, 0, 1327 MHz, 3996 MHz, 1086.74 W, 64
2026/10/08 04:41:58.813, 1, 1365 MHz, 3996 MHz, 1087.43 W, 64
2026/10/08 04:41:58.813, 2, 120 MHz, 3996 MHz, 184.09 W, 32
2026/10/08 04:41:58.813, 3, 120 MHz, 3996 MHz, 183.33 W, 32
2026/10/08 04:41:58.813, 4, 120 MHz, 3996 MHz, 182.65 W, 33
2026/10/08 04:41:58.813, 5, 120 MHz, 3996 MHz, 181.75 W, 32
2026/10/08 04:41:58.813, 6, 120 MHz, 3996 MHz, 184.83 W, 30
2026/10/08 04:41:58.813, 7, 120 MHz, 3996 MHz, 184.65 W, 29
2026/10/08 04:41:59.813, 0, 1320 MHz, 3996 MHz, 1087.76 W, 64
2026/10/08 04:41:59.813, 1, 1305 MHz, 3996 MHz, 1090.65 W, 65
2026/10/08 04:41:59.813, 2, 120 MHz, 3996 MHz, 186.01 W, 32
2026/10/08 04:41:59.813, 3, 120 MHz, 3996 MHz, 183.94 W, 32
2026/10/08 04:41:59.813, 4, 120 MHz, 3996 MHz, 183.54 W, 33
2026/10/08 04:41:59.813, 5, 120 MHz, 3996 MHz, 182.35 W, 32
2026/10/08 04:41:59.813, 6, 120 MHz, 3996 MHz, 185.48 W, 30
2026/10/08 04:41:59.813, 7, 120 MHz, 3996 MHz, 185.12 W, 29
2026/10/08 04:42:00.813, 0, 1327 MHz, 3996 MHz, 1087.78 W, 64
2026/10/08 04:42:00.813, 1, 1305 MHz, 3996 MHz, 1090.05 W, 65
2026/10/08 04:42:00.813, 2, 120 MHz, 3996 MHz, 186.05 W, 32
2026/10/08 04:42:00.813, 3, 120 MHz, 3996 MHz, 184.10 W, 32
2026/10/08 04:42:00.813, 4, 120 MHz, 3996 MHz, 183.94 W, 33
2026/10/08 04:42:00.813, 5, 120 MHz, 3996 MHz, 182.77 W, 32
2026/10/08 04:42:00.813, 6, 120 MHz, 3996 MHz, 186.78 W, 30
2026/10/08 04:42:00.813, 7, 120 MHz, 3996 MHz, 186.55 W, 29
2026/10/08 04:42:01.813, 0, 2032 MHz, 3996 MHz, 1065.83 W, 59
2026/10/08 04:42:01.814, 1, 1305 MHz, 3996 MHz, 1088.76 W, 65
2026/10/08 04:42:01.814, 2, 120 MHz, 3996 MHz, 186.05 W, 32
2026/10/08 04:42:01.814, 3, 120 MHz, 3996 MHz, 184.09 W, 32
2026/10/08 04:42:01.814, 4, 120 MHz, 3996 MHz, 183.77 W, 33
2026/10/08 04:42:01.814, 5, 120 MHz, 3996 MHz, 182.81 W, 32
2026/10/08 04:42:01.814, 6, 120 MHz, 3996 MHz, 186.78 W, 30
2026/10/08 04:42:01.814, 7, 120 MHz, 3996 MHz, 186.54 W, 29
2026/10/08 04:42:02.814, 0, 2017 MHz, 3996 MHz, 1095.67 W, 60
2026/10/08 04:42:02.814, 1, 1312 MHz, 3996 MHz, 1086.12 W, 65
2026/10/08 04:42:02.814, 2, 120 MHz, 3996 MHz, 186.05 W, 32
2026/10/08 04:42:02.814, 3, 120 MHz, 3996 MHz, 184.09 W, 32
2026/10/08 04:42:02.814, 4, 120 MHz, 3996 MHz, 183.81 W, 33
2026/10/08 04:42:02.814, 5, 120 MHz, 3996 MHz, 182.65 W, 32
2026/10/08 04:42:02.814, 6, 120 MHz, 3996 MHz, 186.78 W, 30
2026/10/08 04:42:02.814, 7, 120 MHz, 3996 MHz, 186.55 W, 29
2026/10/08 04:42:03.814, 0, 2017 MHz, 3996 MHz, 1095.08 W, 60
2026/10/08 04:42:03.814, 1, 1927 MHz, 3996 MHz, 1066.07 W, 60
2026/10/08 04:42:03.814, 2, 120 MHz, 3996 MHz, 186.05 W, 32
2026/10/08 04:42:03.814, 3, 120 MHz, 3996 MHz, 184.09 W, 32
2026/10/08 04:42:03.814, 4, 120 MHz, 3996 MHz, 183.80 W, 33
2026/10/08 04:42:03.814, 5, 120 MHz, 3996 MHz, 182.72 W, 32
2026/10/08 04:42:03.814, 6, 120 MHz, 3996 MHz, 186.78 W, 30
2026/10/08 04:42:03.814, 7, 120 MHz, 3996 MHz, 186.54 W, 29
2026/10/08 04:42:04.814, 0, 2025 MHz, 3996 MHz, 1094.53 W, 60
2026/10/08 04:42:04.814, 1, 2002 MHz, 3996 MHz, 1091.14 W, 60
2026/10/08 04:42:04.814, 2, 120 MHz, 3996 MHz, 186.05 W, 32
2026/10/08 04:42:04.814, 3, 120 MHz, 3996 MHz, 184.11 W, 32
2026/10/08 04:42:04.814, 4, 120 MHz, 3996 MHz, 183.82 W, 33
2026/10/08 04:42:04.814, 5, 120 MHz, 3996 MHz, 182.64 W, 32
2026/10/08 04:42:04.814, 6, 120 MHz, 3996 MHz, 186.78 W, 30
2026/10/08 04:42:04.814, 7, 120 MHz, 3996 MHz, 186.53 W, 29
2026/10/08 04:42:05.815, 0, 2017 MHz, 3996 MHz, 1094.58 W, 60
2026/10/08 04:42:05.815, 1, 2010 MHz, 3996 MHz, 1090.75 W, 60
2026/10/08 04:42:05.815, 2, 120 MHz, 3996 MHz, 186.05 W, 32
2026/10/08 04:42:05.815, 3, 120 MHz, 3996 MHz, 184.10 W, 32
2026/10/08 04:42:05.815, 4, 120 MHz, 3996 MHz, 184.27 W, 33
2026/10/08 04:42:05.815, 5, 120 MHz, 3996 MHz, 182.68 W, 32
2026/10/08 04:42:05.815, 6, 120 MHz, 3996 MHz, 186.78 W, 30
2026/10/08 04:42:05.815, 7, 120 MHz, 3996 MHz, 186.53 W, 29
2026/10/08 04:42:06.815, 0, 2017 MHz, 3996 MHz, 1094.43 W, 59
2026/10/08 04:42:06.815, 1, 2010 MHz, 3996 MHz, 1090.50 W, 60
2026/10/08 04:42:06.815, 2, 120 MHz, 3996 MHz, 186.05 W, 32
2026/10/08 04:42:06.815, 3, 120 MHz, 3996 MHz, 184.09 W, 32
2026/10/08 04:42:06.815, 4, 120 MHz, 3996 MHz, 183.79 W, 33
2026/10/08 04:42:06.815, 5, 120 MHz, 3996 MHz, 182.68 W, 32
2026/10/08 04:42:06.815, 6, 120 MHz, 3996 MHz, 186.78 W, 30
2026/10/08 04:42:06.815, 7, 120 MHz, 3996 MHz, 186.54 W, 29
2026/10/08 04:42:07.815, 0, 2017 MHz, 3996 MHz, 1094.13 W, 59
2026/10/08 04:42:07.815, 1, 2017 MHz, 3996 MHz, 1092.14 W, 60
2026/10/08 04:42:07.815, 2, 120 MHz, 3996 MHz, 186.05 W, 32
2026/10/08 04:42:07.815, 3, 120 MHz, 3996 MHz, 184.09 W, 32
2026/10/08 04:42:07.815, 4, 120 MHz, 3996 MHz, 184.12 W, 33
2026/10/08 04:42:07.815, 5, 120 MHz, 3996 MHz, 182.77 W, 32
2026/10/08 04:42:07.815, 6, 120 MHz, 3996 MHz, 186.78 W, 30
2026/10/08 04:42:07.815, 7, 120 MHz, 3996 MHz, 186.53 W, 29
2026/10/08 04:42:08.815, 0, 2025 MHz, 3996 MHz, 1095.33 W, 59
2026/10/08 04:42:08.816, 1, 2010 MHz, 3996 MHz, 1092.61 W, 60
2026/10/08 04:42:08.816, 2, 120 MHz, 3996 MHz, 186.05 W, 32
2026/10/08 04:42:08.816, 3, 120 MHz, 3996 MHz, 184.09 W, 32
2026/10/08 04:42:08.816, 4, 120 MHz, 3996 MHz, 183.97 W, 33
2026/10/08 04:42:08.816, 5, 120 MHz, 3996 MHz, 182.76 W, 32
2026/10/08 04:42:08.816, 6, 120 MHz, 3996 MHz, 186.78 W, 30
2026/10/08 04:42:08.816, 7, 120 MHz, 3996 MHz, 186.54 W, 29
2026/10/08 04:42:09.816, 0, 2025 MHz, 3996 MHz, 1094.54 W, 59
2026/10/08 04:42:09.816, 1, 2010 MHz, 3996 MHz, 1093.68 W, 60
2026/10/08 04:42:09.816, 2, 120 MHz, 3996 MHz, 186.05 W, 32
2026/10/08 04:42:09.816, 3, 120 MHz, 3996 MHz, 184.13 W, 32
2026/10/08 04:42:09.816, 4, 120 MHz, 3996 MHz, 183.84 W, 33
2026/10/08 04:42:09.816, 5, 120 MHz, 3996 MHz, 182.64 W, 32
2026/10/08 04:42:09.816, 6, 120 MHz, 3996 MHz, 186.78 W, 30
2026/10/08 04:42:09.816, 7, 120 MHz, 3996 MHz, 186.53 W, 29
2026/10/08 04:42:10.816, 0, 2025 MHz, 3996 MHz, 1095.11 W, 59
2026/10/08 04:42:10.816, 1, 2002 MHz, 3996 MHz, 1091.39 W, 60
2026/10/08 04:42:10.816, 2, 120 MHz, 3996 MHz, 186.01 W, 32
2026/10/08 04:42:10.816, 3, 120 MHz, 3996 MHz, 184.09 W, 32
2026/10/08 04:42:10.816, 4, 120 MHz, 3996 MHz, 184.09 W, 33
2026/10/08 04:42:10.816, 5, 120 MHz, 3996 MHz, 182.68 W, 32
2026/10/08 04:42:10.816, 6, 120 MHz, 3996 MHz, 186.78 W, 30
2026/10/08 04:42:10.816, 7, 120 MHz, 3996 MHz, 186.54 W, 29
2026/10/08 04:42:11.816, 0, 2025 MHz, 3996 MHz, 1093.96 W, 59
2026/10/08 04:42:11.816, 1, 2010 MHz, 3996 MHz, 1091.30 W, 60
2026/10/08 04:42:11.816, 2, 120 MHz, 3996 MHz, 186.05 W, 32
2026/10/08 04:42:11.816, 3, 120 MHz, 3996 MHz, 184.09 W, 32
2026/10/08 04:42:11.816, 4, 120 MHz, 3996 MHz, 184.01 W, 33
2026/10/08 04:42:11.816, 5, 120 MHz, 3996 MHz, 182.68 W, 32
2026/10/08 04:42:11.816, 6, 120 MHz, 3996 MHz, 186.78 W, 30
2026/10/08 04:42:11.816, 7, 120 MHz, 3996 MHz, 186.53 W, 29
2026/10/08 04:42:12.817, 0, 2025 MHz, 3996 MHz, 1094.31 W, 59
2026/10/08 04:42:12.817, 1, 2010 MHz, 3996 MHz, 1093.82 W, 60
2026/10/08 04:42:12.817, 2, 120 MHz, 3996 MHz, 186.05 W, 32
2026/10/08 04:42:12.817, 3, 120 MHz, 3996 MHz, 184.09 W, 32
2026/10/08 04:42:12.817, 4, 120 MHz, 3996 MHz, 184.19 W, 33
2026/10/08 04:42:12.817, 5, 120 MHz, 3996 MHz, 182.69 W, 32
2026/10/08 04:42:12.817, 6, 120 MHz, 3996 MHz, 186.78 W, 30
2026/10/08 04:42:12.817, 7, 120 MHz, 3996 MHz, 186.53 W, 29
2026/10/08 04:42:13.817, 0, 2017 MHz, 3996 MHz, 1094.53 W, 59
2026/10/08 04:42:13.817, 1, 2010 MHz, 3996 MHz, 1092.28 W, 60
2026/10/08 04:42:13.817, 2, 120 MHz, 3996 MHz, 186.05 W, 31
2026/10/08 04:42:13.817, 3, 120 MHz, 3996 MHz, 184.09 W, 32
2026/10/08 04:42:13.817, 4, 120 MHz, 3996 MHz, 184.16 W, 33
2026/10/08 04:42:13.817, 5, 120 MHz, 3996 MHz, 182.76 W, 32
2026/10/08 04:42:13.817, 6, 120 MHz, 3996 MHz, 186.78 W, 30
2026/10/08 04:42:13.817, 7, 120 MHz, 3996 MHz, 186.54 W, 29
2026/10/08 04:42:14.817, 0, 2032 MHz, 3996 MHz, 1094.94 W, 59
2026/10/08 04:42:14.817, 1, 2010 MHz, 3996 MHz, 1091.93 W, 60
2026/10/08 04:42:14.817, 2, 120 MHz, 3996 MHz, 186.05 W, 32
2026/10/08 04:42:14.817, 3, 120 MHz, 3996 MHz, 184.09 W, 32
2026/10/08 04:42:14.817, 4, 120 MHz, 3996 MHz, 184.12 W, 33
2026/10/08 04:42:14.817, 5, 120 MHz, 3996 MHz, 182.69 W, 32
2026/10/08 04:42:14.817, 6, 120 MHz, 3996 MHz, 186.78 W, 30
2026/10/08 04:42:14.817, 7, 120 MHz, 3996 MHz, 186.53 W, 29
2026/10/08 04:42:15.817, 0, 2017 MHz, 3996 MHz, 1095.16 W, 59
2026/10/08 04:42:15.817, 1, 2010 MHz, 3996 MHz, 1094.08 W, 60
2026/10/08 04:42:15.817, 2, 120 MHz, 3996 MHz, 186.05 W, 32
2026/10/08 04:42:15.817, 3, 120 MHz, 3996 MHz, 184.09 W, 32
2026/10/08 04:42:15.817, 4, 120 MHz, 3996 MHz, 184.25 W, 33
2026/10/08 04:42:15.817, 5, 120 MHz, 3996 MHz, 182.72 W, 32
2026/10/08 04:42:15.818, 6, 120 MHz, 3996 MHz, 186.78 W, 30
2026/10/08 04:42:15.818, 7, 120 MHz, 3996 MHz, 186.53 W, 29
2026/10/08 04:42:16.818, 0, 2025 MHz, 3996 MHz, 1095.13 W, 59
2026/10/08 04:42:16.818, 1, 2002 MHz, 3996 MHz, 1092.72 W, 60
2026/10/08 04:42:16.818, 2, 120 MHz, 3996 MHz, 186.01 W, 32
2026/10/08 04:42:16.818, 3, 120 MHz, 3996 MHz, 184.09 W, 32
2026/10/08 04:42:16.818, 4, 120 MHz, 3996 MHz, 184.42 W, 33
2026/10/08 04:42:16.818, 5, 120 MHz, 3996 MHz, 182.65 W, 32
2026/10/08 04:42:16.818, 6, 120 MHz, 3996 MHz, 186.78 W, 30
2026/10/08 04:42:16.818, 7, 120 MHz, 3996 MHz, 186.53 W, 29
2026/10/08 04:42:17.818, 0, 2025 MHz, 3996 MHz, 1094.99 W, 59
2026/10/08 04:42:17.818, 1, 2002 MHz, 3996 MHz, 1092.08 W, 60
2026/10/08 04:42:17.818, 2, 120 MHz, 3996 MHz, 186.05 W, 32
2026/10/08 04:42:17.818, 3, 120 MHz, 3996 MHz, 184.09 W, 32
2026/10/08 04:42:17.818, 4, 120 MHz, 3996 MHz, 184.28 W, 33
2026/10/08 04:42:17.818, 5, 120 MHz, 3996 MHz, 182.72 W, 32
2026/10/08 04:42:17.818, 6, 120 MHz, 3996 MHz, 186.78 W, 30
2026/10/08 04:42:17.818, 7, 120 MHz, 3996 MHz, 186.54 W, 29
2026/10/08 04:42:18.818, 0, 2025 MHz, 3996 MHz, 1095.60 W, 59
2026/10/08 04:42:18.818, 1, 2002 MHz, 3996 MHz, 1092.31 W, 60
2026/10/08 04:42:18.818, 2, 120 MHz, 3996 MHz, 186.05 W, 32
2026/10/08 04:42:18.818, 3, 120 MHz, 3996 MHz, 184.09 W, 32
2026/10/08 04:42:18.818, 4, 120 MHz, 3996 MHz, 184.15 W, 33
2026/10/08 04:42:18.818, 5, 120 MHz, 3996 MHz, 182.68 W, 32
2026/10/08 04:42:18.818, 6, 120 MHz, 3996 MHz, 186.78 W, 30
2026/10/08 04:42:18.818, 7, 120 MHz, 3996 MHz, 186.53 W, 29
2026/10/08 04:42:19.818, 0, 2017 MHz, 3996 MHz, 1094.47 W, 59
2026/10/08 04:42:19.819, 1, 2002 MHz, 3996 MHz, 1092.57 W, 60
2026/10/08 04:42:19.819, 2, 120 MHz, 3996 MHz, 186.05 W, 32
2026/10/08 04:42:19.819, 3, 120 MHz, 3996 MHz, 184.09 W, 32
2026/10/08 04:42:19.819, 4, 120 MHz, 3996 MHz, 184.47 W, 33
2026/10/08 04:42:19.819, 5, 120 MHz, 3996 MHz, 182.63 W, 32
2026/10/08 04:42:19.819, 6, 120 MHz, 3996 MHz, 186.78 W, 30
2026/10/08 04:42:19.819, 7, 120 MHz, 3996 MHz, 186.54 W, 29
2026/10/08 04:42:20.819, 0, 2017 MHz, 3996 MHz, 1094.10 W, 59
2026/10/08 04:42:20.819, 1, 2002 MHz, 3996 MHz, 1093.67 W, 60
2026/10/08 04:42:20.819, 2, 120 MHz, 3996 MHz, 186.05 W, 32
2026/10/08 04:42:20.819, 3, 120 MHz, 3996 MHz, 184.09 W, 32
2026/10/08 04:42:20.819, 4, 120 MHz, 3996 MHz, 184.35 W, 33
2026/10/08 04:42:20.819, 5, 120 MHz, 3996 MHz, 182.68 W, 32
2026/10/08 04:42:20.819, 6, 120 MHz, 3996 MHz, 186.78 W, 30
2026/10/08 04:42:20.819, 7, 120 MHz, 3996 MHz, 186.53 W, 29
2026/10/08 04:42:21.819, 0, 2017 MHz, 3996 MHz, 1093.75 W, 59
2026/10/08 04:42:21.819, 1, 2010 MHz, 3996 MHz, 1094.16 W, 60
2026/10/08 04:42:21.819, 2, 120 MHz, 3996 MHz, 186.05 W, 32
2026/10/08 04:42:21.819, 3, 120 MHz, 3996 MHz, 184.09 W, 32
2026/10/08 04:42:21.819, 4, 120 MHz, 3996 MHz, 184.44 W, 33
2026/10/08 04:42:21.819, 5, 120 MHz, 3996 MHz, 182.80 W, 32
2026/10/08 04:42:21.819, 6, 120 MHz, 3996 MHz, 186.78 W, 30
2026/10/08 04:42:21.819, 7, 120 MHz, 3996 MHz, 186.56 W, 30
2026/10/08 04:42:22.819, 0, 2025 MHz, 3996 MHz, 1094.86 W, 59
2026/10/08 04:42:22.819, 1, 2002 MHz, 3996 MHz, 1092.49 W, 60
2026/10/08 04:42:22.819, 2, 120 MHz, 3996 MHz, 186.05 W, 32
2026/10/08 04:42:22.819, 3, 120 MHz, 3996 MHz, 184.09 W, 32
2026/10/08 04:42:22.819, 4, 120 MHz, 3996 MHz, 184.49 W, 33
2026/10/08 04:42:22.819, 5, 120 MHz, 3996 MHz, 182.72 W, 32
2026/10/08 04:42:22.819, 6, 120 MHz, 3996 MHz, 186.78 W, 30
2026/10/08 04:42:22.819, 7, 120 MHz, 3996 MHz, 186.54 W, 30
2026/10/08 04:42:23.820, 0, 2017 MHz, 3996 MHz, 1094.98 W, 59
2026/10/08 04:42:23.820, 1, 2002 MHz, 3996 MHz, 1093.02 W, 60
2026/10/08 04:42:23.820, 2, 120 MHz, 3996 MHz, 186.05 W, 32
2026/10/08 04:42:23.820, 3, 120 MHz, 3996 MHz, 184.09 W, 32
2026/10/08 04:42:23.820, 4, 120 MHz, 3996 MHz, 184.50 W, 34
2026/10/08 04:42:23.820, 5, 120 MHz, 3996 MHz, 182.84 W, 33
2026/10/08 04:42:23.820, 6, 120 MHz, 3996 MHz, 186.78 W, 31
2026/10/08 04:42:23.820, 7, 120 MHz, 3996 MHz, 186.55 W, 30
2026/10/08 04:42:24.820, 0, 2025 MHz, 3996 MHz, 1092.98 W, 59
2026/10/08 04:42:24.820, 1, 2010 MHz, 3996 MHz, 1094.28 W, 60
2026/10/08 04:42:24.820, 2, 120 MHz, 3996 MHz, 186.05 W, 32
2026/10/08 04:42:24.820, 3, 120 MHz, 3996 MHz, 184.09 W, 32
2026/10/08 04:42:24.820, 4, 120 MHz, 3996 MHz, 184.43 W, 34
2026/10/08 04:42:24.820, 5, 120 MHz, 3996 MHz, 182.80 W, 33
2026/10/08 04:42:24.820, 6, 120 MHz, 3996 MHz, 186.78 W, 31
2026/10/08 04:42:24.820, 7, 120 MHz, 3996 MHz, 186.55 W, 30
2026/10/08 04:42:25.820, 0, 2017 MHz, 3996 MHz, 1094.09 W, 60
2026/10/08 04:42:25.820, 1, 2002 MHz, 3996 MHz, 1092.34 W, 60
2026/10/08 04:42:25.820, 2, 120 MHz, 3996 MHz, 186.05 W, 32
2026/10/08 04:42:25.820, 3, 120 MHz, 3996 MHz, 184.09 W, 32
2026/10/08 04:42:25.820, 4, 120 MHz, 3996 MHz, 184.54 W, 34
2026/10/08 04:42:25.820, 5, 120 MHz, 3996 MHz, 182.92 W, 33
2026/10/08 04:42:25.820, 6, 120 MHz, 3996 MHz, 186.78 W, 31
2026/10/08 04:42:25.820, 7, 120 MHz, 3996 MHz, 186.56 W, 30
2026/10/08 04:42:26.820, 0, 1327 MHz, 3996 MHz, 1092.45 W, 64
2026/10/08 04:42:26.820, 1, 2002 MHz, 3996 MHz, 1092.31 W, 60
2026/10/08 04:42:26.821, 2, 120 MHz, 3996 MHz, 186.05 W, 32
2026/10/08 04:42:26.821, 3, 120 MHz, 3996 MHz, 184.09 W, 32
2026/10/08 04:42:26.821, 4, 120 MHz, 3996 MHz, 184.54 W, 34
2026/10/08 04:42:26.821, 5, 120 MHz, 3996 MHz, 182.91 W, 33
2026/10/08 04:42:26.821, 6, 120 MHz, 3996 MHz, 186.78 W, 31
2026/10/08 04:42:26.821, 7, 120 MHz, 3996 MHz, 186.55 W, 30
2026/10/08 04:42:27.821, 0, 1320 MHz, 3996 MHz, 1084.82 W, 64
2026/10/08 04:42:27.821, 1, 2002 MHz, 3996 MHz, 1092.21 W, 60
2026/10/08 04:42:27.821, 2, 120 MHz, 3996 MHz, 186.05 W, 32
2026/10/08 04:42:27.821, 3, 120 MHz, 3996 MHz, 184.09 W, 32
2026/10/08 04:42:27.821, 4, 120 MHz, 3996 MHz, 184.50 W, 34
2026/10/08 04:42:27.821, 5, 120 MHz, 3996 MHz, 182.83 W, 33
2026/10/08 04:42:27.821, 6, 120 MHz, 3996 MHz, 186.78 W, 31
2026/10/08 04:42:27.821, 7, 120 MHz, 3996 MHz, 186.56 W, 30
2026/10/08 04:42:28.821, 0, 1320 MHz, 3996 MHz, 1086.45 W, 64
2026/10/08 04:42:28.821, 1, 1305 MHz, 3996 MHz, 1098.23 W, 65
2026/10/08 04:42:28.821, 2, 120 MHz, 3996 MHz, 186.05 W, 32
2026/10/08 04:42:28.821, 3, 120 MHz, 3996 MHz, 184.09 W, 32
2026/10/08 04:42:28.821, 4, 120 MHz, 3996 MHz, 184.57 W, 34
2026/10/08 04:42:28.821, 5, 120 MHz, 3996 MHz, 183.03 W, 33
2026/10/08 04:42:28.821, 6, 120 MHz, 3996 MHz, 186.78 W, 31
2026/10/08 04:42:28.821, 7, 120 MHz, 3996 MHz, 186.55 W, 30
2026/10/08 04:42:29.821, 0, 1327 MHz, 3996 MHz, 1085.46 W, 64
2026/10/08 04:42:29.821, 1, 1320 MHz, 3996 MHz, 1090.30 W, 65
2026/10/08 04:42:29.821, 2, 120 MHz, 3996 MHz, 186.05 W, 32
2026/10/08 04:42:29.821, 3, 120 MHz, 3996 MHz, 184.09 W, 32
2026/10/08 04:42:29.821, 4, 120 MHz, 3996 MHz, 184.58 W, 34
2026/10/08 04:42:29.821, 5, 120 MHz, 3996 MHz, 182.79 W, 33
2026/10/08 04:42:29.821, 6, 120 MHz, 3996 MHz, 186.78 W, 31
2026/10/08 04:42:29.821, 7, 120 MHz, 3996 MHz, 186.54 W, 30
2026/10/08 04:42:30.822, 0, 1320 MHz, 3996 MHz, 1086.00 W, 64
2026/10/08 04:42:30.822, 1, 1297 MHz, 3996 MHz, 1089.68 W, 65
2026/10/08 04:42:30.822, 2, 120 MHz, 3996 MHz, 186.05 W, 32
2026/10/08 04:42:30.822, 3, 120 MHz, 3996 MHz, 184.09 W, 32
2026/10/08 04:42:30.822, 4, 120 MHz, 3996 MHz, 184.57 W, 34
2026/10/08 04:42:30.822, 5, 120 MHz, 3996 MHz, 182.95 W, 33
2026/10/08 04:42:30.822, 6, 120 MHz, 3996 MHz, 186.78 W, 31
2026/10/08 04:42:30.822, 7, 120 MHz, 3996 MHz, 186.54 W, 30
2026/10/08 04:42:31.822, 0, 1320 MHz, 3996 MHz, 1086.19 W, 64
2026/10/08 04:42:31.822, 1, 1305 MHz, 3996 MHz, 1089.04 W, 65
2026/10/08 04:42:31.822, 2, 120 MHz, 3996 MHz, 186.05 W, 32
2026/10/08 04:42:31.822, 3, 120 MHz, 3996 MHz, 184.09 W, 32
2026/10/08 04:42:31.822, 4, 120 MHz, 3996 MHz, 184.58 W, 34
2026/10/08 04:42:31.822, 5, 120 MHz, 3996 MHz, 183.00 W, 33
2026/10/08 04:42:31.822, 6, 120 MHz, 3996 MHz, 186.78 W, 31
2026/10/08 04:42:31.822, 7, 120 MHz, 3996 MHz, 186.54 W, 30
2026/10/08 04:42:32.822, 0, 1327 MHz, 3996 MHz, 1084.55 W, 64
2026/10/08 04:42:32.822, 1, 1312 MHz, 3996 MHz, 1088.66 W, 65
2026/10/08 04:42:32.822, 2, 120 MHz, 3996 MHz, 186.05 W, 32
2026/10/08 04:42:32.822, 3, 120 MHz, 3996 MHz, 184.09 W, 32
2026/10/08 04:42:32.822, 4, 120 MHz, 3996 MHz, 184.58 W, 34
2026/10/08 04:42:32.822, 5, 120 MHz, 3996 MHz, 182.92 W, 33
2026/10/08 04:42:32.822, 6, 120 MHz, 3996 MHz, 186.78 W, 31
2026/10/08 04:42:32.822, 7, 120 MHz, 3996 MHz, 186.56 W, 30
2026/10/08 04:42:33.823, 0, 1320 MHz, 3996 MHz, 1086.03 W, 64
2026/10/08 04:42:33.823, 1, 1312 MHz, 3996 MHz, 1090.29 W, 65
2026/10/08 04:42:33.823, 2, 120 MHz, 3996 MHz, 186.05 W, 32
2026/10/08 04:42:33.823, 3, 120 MHz, 3996 MHz, 184.09 W, 32
2026/10/08 04:42:33.823, 4, 120 MHz, 3996 MHz, 184.59 W, 34
2026/10/08 04:42:33.823, 5, 120 MHz, 3996 MHz, 183.04 W, 33
2026/10/08 04:42:33.823, 6, 120 MHz, 3996 MHz, 186.78 W, 31
2026/10/08 04:42:33.823, 7, 120 MHz, 3996 MHz, 186.54 W, 30
2026/10/08 04:42:34.823, 0, 1327 MHz, 3996 MHz, 1083.76 W, 64
2026/10/08 04:42:34.823, 1, 1312 MHz, 3996 MHz, 1088.61 W, 65
2026/10/08 04:42:34.823, 2, 120 MHz, 3996 MHz, 186.05 W, 32
2026/10/08 04:42:34.823, 3, 120 MHz, 3996 MHz, 184.09 W, 32
2026/10/08 04:42:34.823, 4, 120 MHz, 3996 MHz, 184.58 W, 34
2026/10/08 04:42:34.823, 5, 120 MHz, 3996 MHz, 183.03 W, 33
2026/10/08 04:42:34.823, 6, 120 MHz, 3996 MHz, 186.78 W, 31
2026/10/08 04:42:34.823, 7, 120 MHz, 3996 MHz, 186.54 W, 30
2026/10/08 04:42:35.823, 0, 1890 MHz, 3996 MHz, 1065.32 W, 59
2026/10/08 04:42:35.823, 1, 1297 MHz, 3996 MHz, 1089.28 W, 65
2026/10/08 04:42:35.823, 2, 120 MHz, 3996 MHz, 186.05 W, 32
2026/10/08 04:42:35.823, 3, 120 MHz, 3996 MHz, 184.09 W, 32
2026/10/08 04:42:35.823, 4, 120 MHz, 3996 MHz, 184.57 W, 34
2026/10/08 04:42:35.823, 5, 120 MHz, 3996 MHz, 182.87 W, 33
2026/10/08 04:42:35.823, 6, 120 MHz, 3996 MHz, 186.78 W, 31
2026/10/08 04:42:35.823, 7, 120 MHz, 3996 MHz, 186.56 W, 30
2026/10/08 04:42:36.823, 0, 2032 MHz, 3996 MHz, 1092.47 W, 60
2026/10/08 04:42:36.823, 1, 1312 MHz, 3996 MHz, 1086.66 W, 65
2026/10/08 04:42:36.823, 2, 120 MHz, 3996 MHz, 186.05 W, 32
2026/10/08 04:42:36.824, 3, 120 MHz, 3996 MHz, 184.09 W, 32
2026/10/08 04:42:36.824, 4, 120 MHz, 3996 MHz, 184.53 W, 34
2026/10/08 04:42:36.824, 5, 120 MHz, 3996 MHz, 183.31 W, 33
2026/10/08 04:42:36.824, 6, 120 MHz, 3996 MHz, 186.78 W, 31
2026/10/08 04:42:36.824, 7, 120 MHz, 3996 MHz, 186.54 W, 30
2026/10/08 04:42:37.824, 0, 2032 MHz, 3996 MHz, 1094.02 W, 60
2026/10/08 04:42:37.824, 1, 1372 MHz, 3996 MHz, 1080.15 W, 65
2026/10/08 04:42:37.824, 2, 120 MHz, 3996 MHz, 186.05 W, 32
2026/10/08 04:42:37.824, 3, 120 MHz, 3996 MHz, 184.09 W, 32
2026/10/08 04:42:37.824, 4, 120 MHz, 3996 MHz, 184.56 W, 34
2026/10/08 04:42:37.824, 5, 120 MHz, 3996 MHz, 183.18 W, 33
2026/10/08 04:42:37.824, 6, 120 MHz, 3996 MHz, 186.78 W, 31
2026/10/08 04:42:37.824, 7, 120 MHz, 3996 MHz, 186.57 W, 30
2026/10/08 04:42:38.824, 0, 2032 MHz, 3996 MHz, 1093.17 W, 60
2026/10/08 04:42:38.824, 1, 2010 MHz, 3996 MHz, 1074.51 W, 61
2026/10/08 04:42:38.824, 2, 120 MHz, 3996 MHz, 186.05 W, 32
2026/10/08 04:42:38.824, 3, 120 MHz, 3996 MHz, 184.09 W, 32
2026/10/08 04:42:38.824, 4, 120 MHz, 3996 MHz, 184.56 W, 34
2026/10/08 04:42:38.824, 5, 120 MHz, 3996 MHz, 182.96 W, 33
2026/10/08 04:42:38.824, 6, 120 MHz, 3996 MHz, 186.78 W, 31
2026/10/08 04:42:38.824, 7, 120 MHz, 3996 MHz, 186.56 W, 30
2026/10/08 04:42:39.824, 0, 2032 MHz, 3996 MHz, 1092.73 W, 60
2026/10/08 04:42:39.824, 1, 2017 MHz, 3996 MHz, 1093.39 W, 61
2026/10/08 04:42:39.824, 2, 120 MHz, 3996 MHz, 186.05 W, 32
2026/10/08 04:42:39.824, 3, 120 MHz, 3996 MHz, 184.09 W, 33
2026/10/08 04:42:39.824, 4, 120 MHz, 3996 MHz, 184.57 W, 34
2026/10/08 04:42:39.824, 5, 120 MHz, 3996 MHz, 183.10 W, 33
2026/10/08 04:42:39.824, 6, 120 MHz, 3996 MHz, 186.78 W, 31
2026/10/08 04:42:39.824, 7, 120 MHz, 3996 MHz, 186.53 W, 30
2026/10/08 04:42:40.825, 0, 2025 MHz, 3996 MHz, 1093.05 W, 60
2026/10/08 04:42:40.825, 1, 2017 MHz, 3996 MHz, 1094.85 W, 61
2026/10/08 04:42:40.825, 2, 120 MHz, 3996 MHz, 186.05 W, 32
2026/10/08 04:42:40.825, 3, 120 MHz, 3996 MHz, 184.09 W, 33
2026/10/08 04:42:40.825, 4, 120 MHz, 3996 MHz, 184.54 W, 34
2026/10/08 04:42:40.825, 5, 120 MHz, 3996 MHz, 183.44 W, 33
2026/10/08 04:42:40.825, 6, 120 MHz, 3996 MHz, 186.78 W, 31
2026/10/08 04:42:40.825, 7, 120 MHz, 3996 MHz, 186.54 W, 30
2026/10/08 04:42:41.825, 0, 2032 MHz, 3996 MHz, 1093.75 W, 60
2026/10/08 04:42:41.825, 1, 2017 MHz, 3996 MHz, 1094.59 W, 61
2026/10/08 04:42:41.825, 2, 120 MHz, 3996 MHz, 186.05 W, 32
2026/10/08 04:42:41.825, 3, 120 MHz, 3996 MHz, 184.13 W, 33
2026/10/08 04:42:41.825, 4, 120 MHz, 3996 MHz, 184.56 W, 34
2026/10/08 04:42:41.825, 5, 120 MHz, 3996 MHz, 183.23 W, 33
2026/10/08 04:42:41.825, 6, 120 MHz, 3996 MHz, 186.78 W, 31
2026/10/08 04:42:41.825, 7, 120 MHz, 3996 MHz, 186.54 W, 30
2026/10/08 04:42:42.825, 0, 2025 MHz, 3996 MHz, 1093.69 W, 60
2026/10/08 04:42:42.825, 1, 2017 MHz, 3996 MHz, 1093.19 W, 61
2026/10/08 04:42:42.825, 2, 120 MHz, 3996 MHz, 186.05 W, 32
2026/10/08 04:42:42.825, 3, 120 MHz, 3996 MHz, 184.09 W, 33
2026/10/08 04:42:42.825, 4, 120 MHz, 3996 MHz, 184.57 W, 34
2026/10/08 04:42:42.825, 5, 120 MHz, 3996 MHz, 183.48 W, 33
2026/10/08 04:42:42.825, 6, 120 MHz, 3996 MHz, 186.78 W, 31
2026/10/08 04:42:42.825, 7, 120 MHz, 3996 MHz, 186.54 W, 30
2026/10/08 04:42:43.825, 0, 2032 MHz, 3996 MHz, 1094.85 W, 60
2026/10/08 04:42:43.826, 1, 2010 MHz, 3996 MHz, 1093.99 W, 61
2026/10/08 04:42:43.826, 2, 120 MHz, 3996 MHz, 186.05 W, 32
2026/10/08 04:42:43.826, 3, 120 MHz, 3996 MHz, 184.09 W, 33
2026/10/08 04:42:43.826, 4, 120 MHz, 3996 MHz, 184.57 W, 34
2026/10/08 04:42:43.826, 5, 120 MHz, 3996 MHz, 183.48 W, 33
2026/10/08 04:42:43.826, 6, 120 MHz, 3996 MHz, 186.78 W, 31
2026/10/08 04:42:43.826, 7, 120 MHz, 3996 MHz, 186.54 W, 30
2026/10/08 04:42:44.826, 0, 2032 MHz, 3996 MHz, 1093.94 W, 60
2026/10/08 04:42:44.826, 1, 2017 MHz, 3996 MHz, 1093.75 W, 61
2026/10/08 04:42:44.826, 2, 120 MHz, 3996 MHz, 186.05 W, 32
2026/10/08 04:42:44.826, 3, 120 MHz, 3996 MHz, 184.09 W, 33
2026/10/08 04:42:44.826, 4, 120 MHz, 3996 MHz, 184.58 W, 34
2026/10/08 04:42:44.826, 5, 120 MHz, 3996 MHz, 183.46 W, 33
2026/10/08 04:42:44.826, 6, 120 MHz, 3996 MHz, 186.78 W, 31
2026/10/08 04:42:44.826, 7, 120 MHz, 3996 MHz, 186.56 W, 30
2026/10/08 04:42:45.826, 0, 2032 MHz, 3996 MHz, 1093.26 W, 60
2026/10/08 04:42:45.826, 1, 2010 MHz, 3996 MHz, 1093.71 W, 61
2026/10/08 04:42:45.826, 2, 120 MHz, 3996 MHz, 186.05 W, 32
2026/10/08 04:42:45.826, 3, 120 MHz, 3996 MHz, 184.09 W, 33
2026/10/08 04:42:45.826, 4, 120 MHz, 3996 MHz, 184.55 W, 34
2026/10/08 04:42:45.826, 5, 120 MHz, 3996 MHz, 183.23 W, 33
2026/10/08 04:42:45.826, 6, 120 MHz, 3996 MHz, 186.78 W, 31
2026/10/08 04:42:45.826, 7, 120 MHz, 3996 MHz, 186.54 W, 30
2026/10/08 04:42:46.826, 0, 2032 MHz, 3996 MHz, 1093.25 W, 60
2026/10/08 04:42:46.826, 1, 2025 MHz, 3996 MHz, 1093.52 W, 61
2026/10/08 04:42:46.826, 2, 120 MHz, 3996 MHz, 186.05 W, 32
2026/10/08 04:42:46.826, 3, 120 MHz, 3996 MHz, 184.09 W, 33
2026/10/08 04:42:46.826, 4, 120 MHz, 3996 MHz, 184.56 W, 34
2026/10/08 04:42:46.826, 5, 120 MHz, 3996 MHz, 183.02 W, 33
2026/10/08 04:42:46.826, 6, 120 MHz, 3996 MHz, 186.78 W, 31
2026/10/08 04:42:46.826, 7, 120 MHz, 3996 MHz, 186.54 W, 30
2026/10/08 04:42:47.827, 0, 2025 MHz, 3996 MHz, 1093.39 W, 60
2026/10/08 04:42:47.827, 1, 2017 MHz, 3996 MHz, 1095.49 W, 61
2026/10/08 04:42:47.827, 2, 120 MHz, 3996 MHz, 186.05 W, 32
2026/10/08 04:42:47.827, 3, 120 MHz, 3996 MHz, 184.09 W, 33
2026/10/08 04:42:47.827, 4, 120 MHz, 3996 MHz, 184.57 W, 34
2026/10/08 04:42:47.827, 5, 120 MHz, 3996 MHz, 183.29 W, 33
2026/10/08 04:42:47.827, 6, 120 MHz, 3996 MHz, 186.78 W, 31
2026/10/08 04:42:47.827, 7, 120 MHz, 3996 MHz, 186.54 W, 30
2026/10/08 04:42:48.827, 0, 2032 MHz, 3996 MHz, 1094.59 W, 60
2026/10/08 04:42:48.827, 1, 2017 MHz, 3996 MHz, 1093.47 W, 61
2026/10/08 04:42:48.827, 2, 120 MHz, 3996 MHz, 186.05 W, 32
2026/10/08 04:42:48.827, 3, 120 MHz, 3996 MHz, 184.09 W, 33
2026/10/08 04:42:48.827, 4, 120 MHz, 3996 MHz, 184.57 W, 34
2026/10/08 04:42:48.827, 5, 120 MHz, 3996 MHz, 183.34 W, 33
2026/10/08 04:42:48.827, 6, 120 MHz, 3996 MHz, 186.78 W, 31
2026/10/08 04:42:48.827, 7, 120 MHz, 3996 MHz, 186.54 W, 30
2026/10/08 04:42:49.827, 0, 2025 MHz, 3996 MHz, 1095.23 W, 60
2026/10/08 04:42:49.827, 1, 2025 MHz, 3996 MHz, 1094.22 W, 61
2026/10/08 04:42:49.827, 2, 120 MHz, 3996 MHz, 186.05 W, 32
2026/10/08 04:42:49.827, 3, 120 MHz, 3996 MHz, 184.09 W, 33
2026/10/08 04:42:49.827, 4, 120 MHz, 3996 MHz, 184.57 W, 34
2026/10/08 04:42:49.827, 5, 120 MHz, 3996 MHz, 183.44 W, 33
2026/10/08 04:42:49.827, 6, 120 MHz, 3996 MHz, 186.78 W, 31
2026/10/08 04:42:49.827, 7, 120 MHz, 3996 MHz, 186.54 W, 30
2026/10/08 04:42:50.828, 0, 2025 MHz, 3996 MHz, 1093.20 W, 60
2026/10/08 04:42:50.828, 1, 2002 MHz, 3996 MHz, 1093.42 W, 61
2026/10/08 04:42:50.828, 2, 120 MHz, 3996 MHz, 186.05 W, 32
2026/10/08 04:42:50.828, 3, 120 MHz, 3996 MHz, 184.09 W, 33
2026/10/08 04:42:50.828, 4, 120 MHz, 3996 MHz, 184.57 W, 34
2026/10/08 04:42:50.828, 5, 120 MHz, 3996 MHz, 183.50 W, 33
2026/10/08 04:42:50.828, 6, 120 MHz, 3996 MHz, 186.78 W, 31
2026/10/08 04:42:50.828, 7, 120 MHz, 3996 MHz, 186.56 W, 30
2026/10/08 04:42:51.828, 0, 2025 MHz, 3996 MHz, 1094.06 W, 61
2026/10/08 04:42:51.828, 1, 2010 MHz, 3996 MHz, 1094.51 W, 61
2026/10/08 04:42:51.828, 2, 120 MHz, 3996 MHz, 186.05 W, 32
2026/10/08 04:42:51.828, 3, 120 MHz, 3996 MHz, 184.09 W, 33
2026/10/08 04:42:51.828, 4, 120 MHz, 3996 MHz, 184.58 W, 35
2026/10/08 04:42:51.828, 5, 120 MHz, 3996 MHz, 183.63 W, 33
2026/10/08 04:42:51.828, 6, 120 MHz, 3996 MHz, 186.78 W, 31
2026/10/08 04:42:51.828, 7, 120 MHz, 3996 MHz, 186.54 W, 30
2026/10/08 04:42:52.828, 0, 2010 MHz, 3996 MHz, 1093.36 W, 60
2026/10/08 04:42:52.828, 1, 2010 MHz, 3996 MHz, 1094.02 W, 61
2026/10/08 04:42:52.828, 2, 120 MHz, 3996 MHz, 186.05 W, 32
2026/10/08 04:42:52.828, 3, 120 MHz, 3996 MHz, 184.09 W, 33
2026/10/08 04:42:52.828, 4, 120 MHz, 3996 MHz, 184.58 W, 35
2026/10/08 04:42:52.828, 5, 120 MHz, 3996 MHz, 183.25 W, 33
2026/10/08 04:42:52.828, 6, 120 MHz, 3996 MHz, 186.78 W, 31
2026/10/08 04:42:52.828, 7, 120 MHz, 3996 MHz, 186.54 W, 31
2026/10/08 04:42:53.828, 0, 2032 MHz, 3996 MHz, 1093.41 W, 61
2026/10/08 04:42:53.828, 1, 2017 MHz, 3996 MHz, 1094.31 W, 61
2026/10/08 04:42:53.828, 2, 120 MHz, 3996 MHz, 186.05 W, 32
2026/10/08 04:42:53.828, 3, 120 MHz, 3996 MHz, 184.09 W, 33
2026/10/08 04:42:53.828, 4, 120 MHz, 3996 MHz, 184.58 W, 35
2026/10/08 04:42:53.828, 5, 120 MHz, 3996 MHz, 183.42 W, 33
2026/10/08 04:42:53.828, 6, 120 MHz, 3996 MHz, 186.78 W, 31
2026/10/08 04:42:53.828, 7, 120 MHz, 3996 MHz, 186.53 W, 31
2026/10/08 04:42:54.829, 0, 2025 MHz, 3996 MHz, 1093.59 W, 61
2026/10/08 04:42:54.829, 1, 2010 MHz, 3996 MHz, 1094.59 W, 61
2026/10/08 04:42:54.829, 2, 120 MHz, 3996 MHz, 186.05 W, 32
2026/10/08 04:42:54.829, 3, 120 MHz, 3996 MHz, 184.09 W, 33
2026/10/08 04:42:54.829, 4, 120 MHz, 3996 MHz, 184.56 W, 35
2026/10/08 04:42:54.829, 5, 120 MHz, 3996 MHz, 183.22 W, 33
2026/10/08 04:42:54.829, 6, 120 MHz, 3996 MHz, 186.78 W, 31
2026/10/08 04:42:54.829, 7, 120 MHz, 3996 MHz, 186.56 W, 31
2026/10/08 04:42:55.829, 0, 2017 MHz, 3996 MHz, 1094.06 W, 61
2026/10/08 04:42:55.829, 1, 2010 MHz, 3996 MHz, 1094.22 W, 61
2026/10/08 04:42:55.829, 2, 120 MHz, 3996 MHz, 186.05 W, 32
2026/10/08 04:42:55.829, 3, 120 MHz, 3996 MHz, 184.09 W, 33
2026/10/08 04:42:55.829, 4, 120 MHz, 3996 MHz, 184.56 W, 35
2026/10/08 04:42:55.829, 5, 120 MHz, 3996 MHz, 183.43 W, 34
2026/10/08 04:42:55.829, 6, 120 MHz, 3996 MHz, 186.78 W, 31
2026/10/08 04:42:55.829, 7, 120 MHz, 3996 MHz, 186.53 W, 31
2026/10/08 04:42:56.829, 0, 2025 MHz, 3996 MHz, 1094.28 W, 61
2026/10/08 04:42:56.829, 1, 2025 MHz, 3996 MHz, 1093.66 W, 61
2026/10/08 04:42:56.829, 2, 120 MHz, 3996 MHz, 186.05 W, 32
2026/10/08 04:42:56.829, 3, 120 MHz, 3996 MHz, 184.09 W, 33
2026/10/08 04:42:56.829, 4, 120 MHz, 3996 MHz, 184.57 W, 35
2026/10/08 04:42:56.829, 5, 120 MHz, 3996 MHz, 183.56 W, 34
2026/10/08 04:42:56.829, 6, 120 MHz, 3996 MHz, 186.78 W, 31
2026/10/08 04:42:56.829, 7, 120 MHz, 3996 MHz, 186.55 W, 31
2026/10/08 04:42:57.829, 0, 2032 MHz, 3996 MHz, 1093.62 W, 61
2026/10/08 04:42:57.830, 1, 2010 MHz, 3996 MHz, 1093.86 W, 61
2026/10/08 04:42:57.830, 2, 120 MHz, 3996 MHz, 186.05 W, 32
2026/10/08 04:42:57.830, 3, 120 MHz, 3996 MHz, 184.09 W, 33
2026/10/08 04:42:57.830, 4, 120 MHz, 3996 MHz, 184.55 W, 35
2026/10/08 04:42:57.830, 5, 120 MHz, 3996 MHz, 183.69 W, 34
2026/10/08 04:42:57.830, 6, 120 MHz, 3996 MHz, 186.78 W, 31
2026/10/08 04:42:57.830, 7, 120 MHz, 3996 MHz, 186.53 W, 31
2026/10/08 04:42:58.830, 0, 2025 MHz, 3996 MHz, 1094.57 W, 61
2026/10/08 04:42:58.830, 1, 2002 MHz, 3996 MHz, 1093.67 W, 61
2026/10/08 04:42:58.830, 2, 120 MHz, 3996 MHz, 186.05 W, 32
2026/10/08 04:42:58.830, 3, 120 MHz, 3996 MHz, 184.09 W, 33
2026/10/08 04:42:58.830, 4, 120 MHz, 3996 MHz, 184.55 W, 35
2026/10/08 04:42:58.830, 5, 120 MHz, 3996 MHz, 183.65 W, 34
2026/10/08 04:42:58.830, 6, 120 MHz, 3996 MHz, 186.78 W, 31
2026/10/08 04:42:58.830, 7, 120 MHz, 3996 MHz, 186.55 W, 31
2026/10/08 04:42:59.831, 0, 2032 MHz, 3996 MHz, 1094.20 W, 61
2026/10/08 04:42:59.831, 1, 2010 MHz, 3996 MHz, 1093.54 W, 61
2026/10/08 04:42:59.831, 2, 120 MHz, 3996 MHz, 186.05 W, 32
2026/10/08 04:42:59.831, 3, 120 MHz, 3996 MHz, 184.09 W, 33
2026/10/08 04:42:59.831, 4, 120 MHz, 3996 MHz, 184.55 W, 35
2026/10/08 04:42:59.831, 5, 120 MHz, 3996 MHz, 183.52 W, 34
2026/10/08 04:42:59.831, 6, 120 MHz, 3996 MHz, 186.78 W, 31
2026/10/08 04:42:59.831, 7, 120 MHz, 3996 MHz, 186.54 W, 31
2026/10/08 04:43:00.831, 0, 2032 MHz, 3996 MHz, 1083.54 W, 60
2026/10/08 04:43:00.831, 1, 2010 MHz, 3996 MHz, 1094.85 W, 62
2026/10/08 04:43:00.831, 2, 120 MHz, 3996 MHz, 186.05 W, 32
2026/10/08 04:43:00.831, 3, 120 MHz, 3996 MHz, 184.09 W, 33
2026/10/08 04:43:00.831, 4, 120 MHz, 3996 MHz, 184.55 W, 35
2026/10/08 04:43:00.831, 5, 120 MHz, 3996 MHz, 183.52 W, 34
2026/10/08 04:43:00.831, 6, 120 MHz, 3996 MHz, 186.78 W, 31
2026/10/08 04:43:00.831, 7, 120 MHz, 3996 MHz, 186.54 W, 31
2026/10/08 04:43:01.831, 0, 2032 MHz, 3996 MHz, 589.26 W, 51
2026/10/08 04:43:01.831, 1, 2017 MHz, 3996 MHz, 1093.51 W, 61
2026/10/08 04:43:01.831, 2, 120 MHz, 3996 MHz, 186.05 W, 32
2026/10/08 04:43:01.831, 3, 120 MHz, 3996 MHz, 184.09 W, 33
2026/10/08 04:43:01.831, 4, 120 MHz, 3996 MHz, 184.57 W, 35
2026/10/08 04:43:01.831, 5, 120 MHz, 3996 MHz, 183.31 W, 34
2026/10/08 04:43:01.831, 6, 120 MHz, 3996 MHz, 186.78 W, 31
2026/10/08 04:43:01.831, 7, 120 MHz, 3996 MHz, 186.54 W, 31
2026/10/08 04:43:02.831, 0, 2032 MHz, 3996 MHz, 256.99 W, 49
2026/10/08 04:43:02.831, 1, 2032 MHz, 3996 MHz, 1093.34 W, 62
2026/10/08 04:43:02.831, 2, 120 MHz, 3996 MHz, 186.05 W, 32
2026/10/08 04:43:02.831, 3, 120 MHz, 3996 MHz, 184.09 W, 33
2026/10/08 04:43:02.831, 4, 120 MHz, 3996 MHz, 184.58 W, 35
2026/10/08 04:43:02.831, 5, 120 MHz, 3996 MHz, 183.50 W, 34
2026/10/08 04:43:02.831, 6, 120 MHz, 3996 MHz, 186.78 W, 31
2026/10/08 04:43:02.831, 7, 120 MHz, 3996 MHz, 186.55 W, 31
2026/10/08 04:43:03.832, 0, 2032 MHz, 3996 MHz, 255.51 W, 48
2026/10/08 04:43:03.832, 1, 2032 MHz, 3996 MHz, 755.57 W, 54
2026/10/08 04:43:03.832, 2, 120 MHz, 3996 MHz, 186.05 W, 32
2026/10/08 04:43:03.832, 3, 120 MHz, 3996 MHz, 184.13 W, 33
2026/10/08 04:43:03.832, 4, 120 MHz, 3996 MHz, 184.57 W, 35
2026/10/08 04:43:03.832, 5, 120 MHz, 3996 MHz, 183.75 W, 34
2026/10/08 04:43:03.832, 6, 120 MHz, 3996 MHz, 186.78 W, 31
2026/10/08 04:43:03.832, 7, 120 MHz, 3996 MHz, 186.54 W, 31
2026/10/08 04:43:04.832, 0, 2032 MHz, 3996 MHz, 265.93 W, 47
2026/10/08 04:43:04.832, 1, 2032 MHz, 3996 MHz, 262.60 W, 50
2026/10/08 04:43:04.832, 2, 120 MHz, 3996 MHz, 186.05 W, 32
2026/10/08 04:43:04.832, 3, 120 MHz, 3996 MHz, 184.13 W, 33
2026/10/08 04:43:04.832, 4, 120 MHz, 3996 MHz, 184.58 W, 35
2026/10/08 04:43:04.832, 5, 120 MHz, 3996 MHz, 183.86 W, 34
2026/10/08 04:43:04.832, 6, 120 MHz, 3996 MHz, 186.78 W, 31
2026/10/08 04:43:04.832, 7, 120 MHz, 3996 MHz, 186.54 W, 31
2026/10/08 04:43:05.832, 0, 2032 MHz, 3996 MHz, 253.79 W, 47
2026/10/08 04:43:05.832, 1, 2032 MHz, 3996 MHz, 261.36 W, 49
2026/10/08 04:43:05.832, 2, 120 MHz, 3996 MHz, 186.05 W, 32
2026/10/08 04:43:05.832, 3, 120 MHz, 3996 MHz, 184.09 W, 33
2026/10/08 04:43:05.832, 4, 120 MHz, 3996 MHz, 184.58 W, 35
2026/10/08 04:43:05.832, 5, 120 MHz, 3996 MHz, 183.81 W, 34
2026/10/08 04:43:05.832, 6, 120 MHz, 3996 MHz, 186.78 W, 31
2026/10/08 04:43:05.832, 7, 120 MHz, 3996 MHz, 186.54 W, 31
2026/10/08 04:43:06.833, 0, 2032 MHz, 3996 MHz, 252.50 W, 46
2026/10/08 04:43:06.833, 1, 2032 MHz, 3996 MHz, 271.70 W, 49
2026/10/08 04:43:06.833, 2, 120 MHz, 3996 MHz, 186.05 W, 32
2026/10/08 04:43:06.833, 3, 120 MHz, 3996 MHz, 184.09 W, 33
2026/10/08 04:43:06.833, 4, 120 MHz, 3996 MHz, 184.57 W, 35
2026/10/08 04:43:06.833, 5, 120 MHz, 3996 MHz, 183.52 W, 34
2026/10/08 04:43:06.833, 6, 120 MHz, 3996 MHz, 186.78 W, 31
2026/10/08 04:43:06.833, 7, 120 MHz, 3996 MHz, 186.55 W, 31
2026/10/08 04:43:07.833, 0, 2032 MHz, 3996 MHz, 251.96 W, 46
2026/10/08 04:43:07.833, 1, 2032 MHz, 3996 MHz, 258.92 W, 48
2026/10/08 04:43:07.833, 2, 120 MHz, 3996 MHz, 186.05 W, 32
2026/10/08 04:43:07.833, 3, 120 MHz, 3996 MHz, 184.09 W, 33
2026/10/08 04:43:07.833, 4, 120 MHz, 3996 MHz, 184.59 W, 35
2026/10/08 04:43:07.833, 5, 120 MHz, 3996 MHz, 183.50 W, 34
2026/10/08 04:43:07.833, 6, 120 MHz, 3996 MHz, 186.78 W, 31
2026/10/08 04:43:07.833, 7, 120 MHz, 3996 MHz, 186.55 W, 31
2026/10/08 04:43:08.833, 0, 2032 MHz, 3996 MHz, 251.92 W, 45
2026/10/08 04:43:08.833, 1, 2032 MHz, 3996 MHz, 257.66 W, 47
2026/10/08 04:43:08.833, 2, 120 MHz, 3996 MHz, 186.05 W, 32
2026/10/08 04:43:08.833, 3, 120 MHz, 3996 MHz, 184.09 W, 33
2026/10/08 04:43:08.833, 4, 120 MHz, 3996 MHz, 184.59 W, 35
2026/10/08 04:43:08.833, 5, 120 MHz, 3996 MHz, 183.77 W, 34
2026/10/08 04:43:08.833, 6, 120 MHz, 3996 MHz, 186.78 W, 31
2026/10/08 04:43:08.833, 7, 120 MHz, 3996 MHz, 186.53 W, 31
2026/10/08 04:43:09.833, 0, 2032 MHz, 3996 MHz, 251.73 W, 45
2026/10/08 04:43:09.833, 1, 2032 MHz, 3996 MHz, 257.65 W, 47
2026/10/08 04:43:09.833, 2, 120 MHz, 3996 MHz, 186.05 W, 32
2026/10/08 04:43:09.833, 3, 120 MHz, 3996 MHz, 184.13 W, 33
2026/10/08 04:43:09.833, 4, 120 MHz, 3996 MHz, 184.58 W, 35
2026/10/08 04:43:09.833, 5, 120 MHz, 3996 MHz, 183.94 W, 34
2026/10/08 04:43:09.833, 6, 120 MHz, 3996 MHz, 186.78 W, 31
2026/10/08 04:43:09.834, 7, 120 MHz, 3996 MHz, 186.53 W, 31
2026/10/08 04:43:10.834, 0, 2025 MHz, 3996 MHz, 249.99 W, 44
2026/10/08 04:43:10.834, 1, 2032 MHz, 3996 MHz, 257.57 W, 47
2026/10/08 04:43:10.834, 2, 120 MHz, 3996 MHz, 186.05 W, 32
2026/10/08 04:43:10.834, 3, 120 MHz, 3996 MHz, 184.09 W, 33
2026/10/08 04:43:10.834, 4, 120 MHz, 3996 MHz, 184.58 W, 35
2026/10/08 04:43:10.834, 5, 120 MHz, 3996 MHz, 183.63 W, 34
2026/10/08 04:43:10.834, 6, 120 MHz, 3996 MHz, 186.78 W, 31
2026/10/08 04:43:10.834, 7, 120 MHz, 3996 MHz, 186.54 W, 31
2026/10/08 04:43:11.834, 0, 352 MHz, 3996 MHz, 216.97 W, 43
2026/10/08 04:43:11.834, 1, 2032 MHz, 3996 MHz, 257.59 W, 46
2026/10/08 04:43:11.834, 2, 120 MHz, 3996 MHz, 186.05 W, 32
2026/10/08 04:43:11.834, 3, 120 MHz, 3996 MHz, 184.09 W, 33
2026/10/08 04:43:11.834, 4, 120 MHz, 3996 MHz, 184.57 W, 35
2026/10/08 04:43:11.834, 5, 120 MHz, 3996 MHz, 183.77 W, 34
2026/10/08 04:43:11.834, 6, 120 MHz, 3996 MHz, 186.78 W, 31
2026/10/08 04:43:11.834, 7, 120 MHz, 3996 MHz, 186.53 W, 31
